Starting ExactEntanglement.jl main script...
Loading benchmark data from: state_13.jl
Loaded data:
  T = Float64
  N = 5
  dims = (2, 2, 2, 2, 2)
  ρ size = (32, 32)
Parameters:
  algorithm = CP
  solver = MSK
  time_limit = -1.0
  log_level = 1
  maxrounds = 100
Root relaxation: 1140 vars, 13638 constraints, 65574 nonzeros, 1.35 MiB as CBF (measured in 23.2 s)
1106 pure states
LP relaxation created--
solve--
end solve-- RelaxOptimal OPTIMAL
 weights_sum: 1.0000000373771052
itereffortlevel: 0
--separating...
--find a better primal bound 18.50203785115195 by Alternative descent Eigen
--found a cut state by heuristic 18.50203785115195 0.0 
iteration: 0,  #states: 1106, valueb: 0.0, activeness: 18.50203785115195, primalobj: 1.0000000000000009, dualobj: -Inf
solve--
end solve-- RelaxOptimal OPTIMAL
 weights_sum: 1.0000000173052592
itereffortlevel: 0
--separating...
--find a better primal bound 10.570316044187688 by Alternative descent Eigen
--found a cut state by heuristic 10.570316044187688 0.0 
iteration: 1,  #states: 1107, valueb: 0.0, activeness: 10.570316044187688, primalobj: 1.0000000000000044, dualobj: -Inf
solve--
end solve-- RelaxOptimal OPTIMAL
 weights_sum: 1.0000000293095324
itereffortlevel: 0
--separating...
--find a better primal bound 9.050665261409907 by Alternative descent Eigen
--found a cut state by heuristic 9.050665261409907 0.0 
iteration: 2,  #states: 1108, valueb: 0.0, activeness: 9.050665261409907, primalobj: 1.0, dualobj: -Inf
solve--
end solve-- RelaxOptimal OPTIMAL
 weights_sum: 1.000000001553223
itereffortlevel: 0
--separating...
--find a better primal bound 3.446150306633977 by Alternative descent Eigen
--found a cut state by heuristic 3.446150306633977 0.0 
iteration: 3,  #states: 1109, valueb: 0.0, activeness: 3.446150306633977, primalobj: 1.0000000000000018, dualobj: -Inf
solve--
end solve-- RelaxOptimal OPTIMAL
 weights_sum: 1.0000000078828224
itereffortlevel: 0
--separating...
--find a better primal bound 5.0389034416144 by Alternative descent Eigen
--found a cut state by heuristic 5.0389034416144 0.0 
iteration: 4,  #states: 1110, valueb: 0.0, activeness: 5.0389034416144, primalobj: 1.0, dualobj: -Inf
solve--
end solve-- RelaxOptimal OPTIMAL
 weights_sum: 1.000000078022805
itereffortlevel: 0
--separating...
--find a better primal bound 11.172651513532697 by Alternative descent Eigen
--found a cut state by heuristic 11.172651513532697 0.0 
iteration: 5,  #states: 1111, valueb: 0.0, activeness: 11.172651513532697, primalobj: 1.0000000000000004, dualobj: -Inf
solve--
end solve-- RelaxOptimal OPTIMAL
 weights_sum: 1.0000000071055726
itereffortlevel: 0
--separating...
--find a better primal bound 8.490673389349048 by Alternative descent Eigen
--found a cut state by heuristic 8.490673389349048 0.0 
iteration: 6,  #states: 1112, valueb: 0.0, activeness: 8.490673389349048, primalobj: 1.0000000000000036, dualobj: -Inf
solve--
end solve-- RelaxOptimal OPTIMAL
 weights_sum: 1.0000000014329558
itereffortlevel: 0
--separating...
--find a better primal bound 5.052281135598376 by Alternative descent Eigen
--found a cut state by heuristic 5.052281135598376 0.0 
iteration: 7,  #states: 1113, valueb: 0.0, activeness: 5.052281135598376, primalobj: 0.9999999999999998, dualobj: -Inf
solve--
end solve-- RelaxOptimal OPTIMAL
 weights_sum: 1.0000000093275347
itereffortlevel: 0
--separating...
--find a better primal bound 15.37905947655237 by Alternative descent Eigen
--found a cut state by heuristic 15.37905947655237 0.0 
iteration: 8,  #states: 1114, valueb: 0.0, activeness: 15.37905947655237, primalobj: 1.0000000000000009, dualobj: -Inf
solve--
end solve-- RelaxOptimal OPTIMAL
 weights_sum: 1.000000130153941
itereffortlevel: 0
--separating...
--find a better primal bound 10.132850467178068 by Alternative descent Eigen
--found a cut state by heuristic 10.132850467178068 0.0 
iteration: 9,  #states: 1115, valueb: 0.0, activeness: 10.132850467178068, primalobj: 1.0000000000000004, dualobj: -Inf
solve--
end solve-- RelaxOptimal OPTIMAL
 weights_sum: 1.00000016499306
itereffortlevel: 0
--separating...
--find a better primal bound 10.893101006913529 by Alternative descent Eigen
--found a cut state by heuristic 10.893101006913529 0.0 
iteration: 10,  #states: 1116, valueb: 0.0, activeness: 10.893101006913529, primalobj: 0.9999999999999982, dualobj: -Inf
solve--
end solve-- RelaxOptimal OPTIMAL
 weights_sum: 1.0000002685390925
itereffortlevel: 0
--separating...
--find a better primal bound 8.296606353572976 by Alternative descent Eigen
--found a cut state by heuristic 8.296606353572976 0.0 
iteration: 11,  #states: 1117, valueb: 0.0, activeness: 8.296606353572976, primalobj: 0.9999999999999993, dualobj: -Inf
solve--
end solve-- RelaxOptimal OPTIMAL
 weights_sum: 1.0000000481408857
itereffortlevel: 0
--separating...
--find a better primal bound 3.9223325481715494 by Alternative descent Eigen
--found a cut state by heuristic 3.9223325481715494 0.0 
iteration: 12,  #states: 1118, valueb: 0.0, activeness: 3.9223325481715494, primalobj: 0.9999999999999998, dualobj: -Inf
solve--
end solve-- RelaxOptimal OPTIMAL
 weights_sum: 1.000000006016986
itereffortlevel: 0
--separating...
--find a better primal bound 5.807251708009602 by Alternative descent Eigen
--found a cut state by heuristic 5.807251708009602 0.0 
iteration: 13,  #states: 1119, valueb: 0.0, activeness: 5.807251708009602, primalobj: 0.9999999999999994, dualobj: -Inf
solve--
end solve-- RelaxOptimal OPTIMAL
 weights_sum: 1.0000000003006908
itereffortlevel: 0
--separating...
--find a better primal bound 5.7880969689301 by Alternative descent Eigen
--found a cut state by heuristic 5.7880969689301 0.0 
iteration: 14,  #states: 1120, valueb: 0.0, activeness: 5.7880969689301, primalobj: 0.9999999999999993, dualobj: -Inf
solve--
end solve-- RelaxOptimal OPTIMAL
 weights_sum: 1.0000000093267665
itereffortlevel: 0
--separating...
--find a better primal bound 12.274321027344175 by Alternative descent Eigen
--found a cut state by heuristic 12.274321027344175 0.0 
iteration: 15,  #states: 1121, valueb: 0.0, activeness: 12.274321027344175, primalobj: 0.9999999999999982, dualobj: -Inf
solve--
end solve-- RelaxOptimal OPTIMAL
 weights_sum: 1.0000000002046099
itereffortlevel: 0
--separating...
--find a better primal bound 44.99789588890023 by Alternative descent Eigen
--found a cut state by heuristic 44.99789588890023 0.0 
iteration: 16,  #states: 1122, valueb: 0.0, activeness: 44.99789588890023, primalobj: 0.9999999999999895, dualobj: -Inf
solve--
end solve-- RelaxOptimal OPTIMAL
 weights_sum: 1.0000000009957342
itereffortlevel: 0
--separating...
--find a better primal bound 4.222941343972176 by Alternative descent Eigen
--found a cut state by heuristic 4.222941343972176 0.0 
iteration: 17,  #states: 1123, valueb: 0.0, activeness: 4.222941343972176, primalobj: 1.0, dualobj: -Inf
solve--
end solve-- RelaxOptimal OPTIMAL
 weights_sum: 1.000000028445585
itereffortlevel: 0
--separating...
--find a better primal bound 6.486662520248046 by Alternative descent Eigen
--found a cut state by heuristic 6.486662520248046 0.0 
iteration: 18,  #states: 1124, valueb: 0.0, activeness: 6.486662520248046, primalobj: 1.0, dualobj: -Inf
solve--
end solve-- RelaxOptimal OPTIMAL
 weights_sum: 1.0000000012072148
itereffortlevel: 0
--separating...
--find a better primal bound 13.329730094235302 by Alternative descent Eigen
--found a cut state by heuristic 13.329730094235302 0.0 
iteration: 19,  #states: 1125, valueb: 0.0, activeness: 13.329730094235302, primalobj: 1.0, dualobj: -Inf
solve--
end solve-- RelaxOptimal OPTIMAL
 weights_sum: 1.0000002699528991
itereffortlevel: 0
--separating...
--find a better primal bound 5.15000694304145 by Alternative descent Eigen
--found a cut state by heuristic 5.15000694304145 0.0 
iteration: 20,  #states: 1126, valueb: 0.0, activeness: 5.15000694304145, primalobj: 0.9999999999999996, dualobj: -Inf
solve--
end solve-- RelaxOptimal OPTIMAL
 weights_sum: 1.000000028716357
itereffortlevel: 0
--separating...
--find a better primal bound 4.204154197729681 by Alternative descent Eigen
--found a cut state by heuristic 4.204154197729681 0.0 
iteration: 21,  #states: 1127, valueb: 0.0, activeness: 4.204154197729681, primalobj: 1.0000000000000013, dualobj: -Inf
solve--
end solve-- RelaxOptimal OPTIMAL
 weights_sum: 1.000000004819544
itereffortlevel: 0
--separating...
--find a better primal bound 4.165945390797601 by Alternative descent Eigen
--found a cut state by heuristic 4.165945390797601 0.0 
iteration: 22,  #states: 1128, valueb: 0.0, activeness: 4.165945390797601, primalobj: 0.9999999999999996, dualobj: -Inf
solve--
end solve-- RelaxOptimal OPTIMAL
 weights_sum: 1.0000000086267884
itereffortlevel: 0
--separating...
--find a better primal bound 7.940599011527067 by Alternative descent Eigen
--found a cut state by heuristic 7.940599011527067 0.0 
iteration: 23,  #states: 1129, valueb: 0.0, activeness: 7.940599011527067, primalobj: 1.000000000000001, dualobj: -Inf
solve--
end solve-- RelaxOptimal OPTIMAL
 weights_sum: 1.0000000264505586
itereffortlevel: 0
--separating...
--find a better primal bound 2.791219264962201 by Alternative descent Eigen
--found a cut state by heuristic 2.791219264962201 0.0 
iteration: 24,  #states: 1130, valueb: 0.0, activeness: 2.791219264962201, primalobj: 0.9999999999999989, dualobj: -Inf
solve--
end solve-- RelaxOptimal OPTIMAL
 weights_sum: 1.000000000090397
itereffortlevel: 0
--separating...
--find a better primal bound 4.419471978054612 by Alternative descent Eigen
--found a cut state by heuristic 4.419471978054612 0.0 
iteration: 25,  #states: 1131, valueb: 0.0, activeness: 4.419471978054612, primalobj: 1.0000000000000013, dualobj: -Inf
solve--
end solve-- RelaxOptimal OPTIMAL
 weights_sum: 1.0000000026575884
itereffortlevel: 0
--separating...
--find a better primal bound 6.238085683130633 by Alternative descent Eigen
--found a cut state by heuristic 6.238085683130633 0.0 
iteration: 26,  #states: 1132, valueb: 0.0, activeness: 6.238085683130633, primalobj: 1.0, dualobj: -Inf
solve--
end solve-- RelaxOptimal OPTIMAL
 weights_sum: 1.000000001238115
itereffortlevel: 0
--separating...
--find a better primal bound 4.860408183720105 by Alternative descent Eigen
--found a cut state by heuristic 4.860408183720105 0.0 
iteration: 27,  #states: 1133, valueb: 0.0, activeness: 4.860408183720105, primalobj: 0.9999999999999996, dualobj: -Inf
solve--
end solve-- RelaxOptimal OPTIMAL
 weights_sum: 1.0000000002021512
itereffortlevel: 0
--separating...
--find a better primal bound 10.016007256239151 by Alternative descent Eigen
--found a cut state by heuristic 10.016007256239151 0.0 
iteration: 28,  #states: 1134, valueb: 0.0, activeness: 10.016007256239151, primalobj: 0.999999999999998, dualobj: -Inf
solve--
end solve-- RelaxOptimal OPTIMAL
 weights_sum: 1.000000026597246
itereffortlevel: 0
--separating...
--find a better primal bound 10.629791367370068 by Alternative descent Eigen
--found a cut state by heuristic 10.629791367370068 0.0 
iteration: 29,  #states: 1135, valueb: 0.0, activeness: 10.629791367370068, primalobj: 0.9999999999999967, dualobj: -Inf
solve--
end solve-- RelaxOptimal OPTIMAL
 weights_sum: 1.0000000001669642
itereffortlevel: 0
--separating...
--find a better primal bound 6.601421895301489 by Alternative descent Eigen
--found a cut state by heuristic 6.601421895301489 0.0 
iteration: 30,  #states: 1136, valueb: 0.0, activeness: 6.601421895301489, primalobj: 1.0000000000000009, dualobj: -Inf
solve--
end solve-- RelaxOptimal OPTIMAL
 weights_sum: 1.000000002073982
itereffortlevel: 0
--separating...
--find a better primal bound 6.526886636547023 by Alternative descent Eigen
--found a cut state by heuristic 6.526886636547023 0.0 
iteration: 31,  #states: 1137, valueb: 0.0, activeness: 6.526886636547023, primalobj: 0.9999999999999993, dualobj: -Inf
solve--
end solve-- RelaxOptimal OPTIMAL
 weights_sum: 1.0000002073608674
itereffortlevel: 0
--separating...
--find a better primal bound 10.653966963304736 by Alternative descent Eigen
--found a cut state by heuristic 10.653966963304736 0.0 
iteration: 32,  #states: 1138, valueb: 0.0, activeness: 10.653966963304736, primalobj: 1.0000000000000004, dualobj: -Inf
solve--
end solve-- RelaxOptimal OPTIMAL
 weights_sum: 1.0000000058092038
itereffortlevel: 0
--separating...
--find a better primal bound 6.157937087617333 by Alternative descent Eigen
--found a cut state by heuristic 6.157937087617333 0.0 
iteration: 33,  #states: 1139, valueb: 0.0, activeness: 6.157937087617333, primalobj: 1.0000000000000002, dualobj: -Inf
solve--
end solve-- RelaxOptimal OPTIMAL
 weights_sum: 1.000000000000114
itereffortlevel: 0
--separating...
--find a better primal bound 6.232890967300595 by Alternative descent Eigen
--found a cut state by heuristic 6.232890967300595 -1.262295268311675e-10 
iteration: 34,  #states: 1140, valueb: -1.262295268311675e-10, activeness: 6.232890967300595, primalobj: 1.0000000001209095, dualobj: -Inf
solve--
end solve-- RelaxOptimal OPTIMAL
 weights_sum: 1.000000000000056
itereffortlevel: 0
--separating...
--find a better primal bound 3.2634017811047835 by Alternative descent Eigen
--found a cut state by heuristic 3.2634017811047835 -1.0830358831981357e-10 
iteration: 35,  #states: 1141, valueb: -1.0830358831981357e-10, activeness: 3.2634017811047835, primalobj: 1.0000000000902527, dualobj: -Inf
solve--
end solve-- RelaxOptimal OPTIMAL
 weights_sum: 1.000000000000063
itereffortlevel: 0
--separating...
--find a better primal bound 1.392223389423547 by Alternative descent Eigen
--found a cut state by heuristic 1.392223389423547 -2.5974729311872835e-11 
iteration: 36,  #states: 1142, valueb: -2.5974729311872835e-11, activeness: 1.392223389423547, primalobj: 1.0000000000156584, dualobj: -Inf
solve--
end solve-- RelaxOptimal OPTIMAL
 weights_sum: 1.0000000000000417
itereffortlevel: 0
--separating...
--find a better primal bound 3.560602472595494 by Alternative descent Eigen
--found a cut state by heuristic 3.560602472595494 -9.991186350477577e-11 
iteration: 37,  #states: 1143, valueb: -9.991186350477577e-11, activeness: 3.560602472595494, primalobj: 1.000000000215582, dualobj: -Inf
solve--
end solve-- RelaxOptimal OPTIMAL
 weights_sum: 1.0000000000000564
itereffortlevel: 0
--separating...
--find a better primal bound 2.6735375405478523 by Alternative descent Eigen
--found a cut state by heuristic 2.6735375405478523 1.0912354353465048e-11 
iteration: 38,  #states: 1144, valueb: 1.0912354353465048e-11, activeness: 2.6735375405478523, primalobj: 1.0000000003056324, dualobj: -Inf
solve--
end solve-- RelaxOptimal OPTIMAL
 weights_sum: 1.0000000000001894
itereffortlevel: 0
--separating...
--find a better primal bound 5.225018479393995 by Alternative descent Eigen
--found a cut state by heuristic 5.225018479393995 1.3234817686225142e-9 
iteration: 39,  #states: 1145, valueb: 1.3234817686225142e-9, activeness: 5.225018479393995, primalobj: 1.000000000304215, dualobj: -Inf
solve--
end solve-- RelaxOptimal OPTIMAL
 weights_sum: 1.0000000000000602
itereffortlevel: 0
--separating...
--find a better primal bound 4.426963889059795 by Alternative descent Eigen
--found a cut state by heuristic 4.426963889059795 9.437291226266353e-10 
iteration: 40,  #states: 1146, valueb: 9.437291226266353e-10, activeness: 4.426963889059795, primalobj: 1.0000000004560134, dualobj: -Inf
solve--
end solve-- RelaxOptimal OPTIMAL
 weights_sum: 1.0000000000002187
itereffortlevel: 0
--separating...
--find a better primal bound 7.832400613228845 by Alternative descent Eigen
--found a cut state by heuristic 7.832400613228845 3.707431250887794e-9 
iteration: 41,  #states: 1147, valueb: 3.707431250887794e-9, activeness: 7.832400613228845, primalobj: 0.9999999985220593, dualobj: -Inf
solve--
end solve-- RelaxOptimal OPTIMAL
 weights_sum: 1.0000000000001792
itereffortlevel: 0
--separating...
--find a better primal bound 4.44942405887817 by Alternative descent Eigen
--found a cut state by heuristic 4.44942405887817 1.7958967646336532e-12 
iteration: 42,  #states: 1148, valueb: 1.7958967646336532e-12, activeness: 4.44942405887817, primalobj: 0.9999999999984732, dualobj: -Inf
solve--
end solve-- RelaxOptimal OPTIMAL
 weights_sum: 1.0000000000000395
itereffortlevel: 0
--separating...
--find a better primal bound 1.5704153840555242 by Alternative descent Eigen
--found a cut state by heuristic 1.5704153840555242 -3.3598004933743653e-10 
iteration: 43,  #states: 1149, valueb: -3.3598004933743653e-10, activeness: 1.5704153840555242, primalobj: 0.9999999999880794, dualobj: -Inf
solve--
end solve-- RelaxOptimal OPTIMAL
 weights_sum: 1.0000000000000695
itereffortlevel: 0
--separating...
--find a better primal bound 3.6944152004620747 by Alternative descent Eigen
--found a cut state by heuristic 3.6944152004620747 1.6157519766579753e-11 
iteration: 44,  #states: 1150, valueb: 1.6157519766579753e-11, activeness: 3.6944152004620747, primalobj: 0.999999999994767, dualobj: -Inf
solve--
end solve-- RelaxOptimal OPTIMAL
 weights_sum: 1.0000000000000342
itereffortlevel: 0
--separating...
--find a better primal bound 5.420876967821803 by Alternative descent Eigen
--found a cut state by heuristic 5.420876967821803 4.37338165681922e-9 
iteration: 45,  #states: 1151, valueb: 4.37338165681922e-9, activeness: 5.420876967821803, primalobj: 0.9999999986321337, dualobj: -Inf
solve--
end solve-- RelaxOptimal OPTIMAL
 weights_sum: 1.0000000000000457
itereffortlevel: 0
--separating...
--find a better primal bound 4.733941577073003 by Alternative descent Eigen
--found a cut state by heuristic 4.733941577073003 4.583888824072346e-12 
iteration: 46,  #states: 1152, valueb: 4.583888824072346e-12, activeness: 4.733941577073003, primalobj: 0.9999999999695524, dualobj: -Inf
solve--
end solve-- RelaxOptimal OPTIMAL
 weights_sum: 1.000000000000049
itereffortlevel: 0
--separating...
--find a better primal bound 4.303704821021756 by Alternative descent Eigen
--found a cut state by heuristic 4.303704821021756 1.606648147856049e-11 
iteration: 47,  #states: 1153, valueb: 1.606648147856049e-11, activeness: 4.303704821021756, primalobj: 0.9999999999760494, dualobj: -Inf
solve--
end solve-- RelaxOptimal OPTIMAL
 weights_sum: 1.000000000000073
itereffortlevel: 0
--separating...
--find a better primal bound 2.147272500013419 by Alternative descent Eigen
--found a cut state by heuristic 2.147272500013419 1.2971170665343479e-9 
iteration: 48,  #states: 1154, valueb: 1.2971170665343479e-9, activeness: 2.147272500013419, primalobj: 0.9999999991147543, dualobj: -Inf
solve--
end solve-- RelaxOptimal OPTIMAL
 weights_sum: 1.0000000000001241
itereffortlevel: 0
--separating...
--find a better primal bound 3.3831939124323753 by Alternative descent Eigen
--found a cut state by heuristic 3.3831939124323753 -5.363620658727086e-11 
iteration: 49,  #states: 1155, valueb: -5.363620658727086e-11, activeness: 3.3831939124323753, primalobj: 1.0000000001011784, dualobj: -Inf
solve--
end solve-- RelaxOptimal OPTIMAL
 weights_sum: 1.0000000000000362
itereffortlevel: 0
--separating...
--find a better primal bound 1.211654061311275 by Alternative descent Eigen
--found a cut state by heuristic 1.211654061311275 -1.0173165782001448e-10 
iteration: 50,  #states: 1156, valueb: -1.0173165782001448e-10, activeness: 1.211654061311275, primalobj: 1.0000000000470735, dualobj: -Inf
solve--
end solve-- RelaxOptimal OPTIMAL
 weights_sum: 1.0000000000000422
itereffortlevel: 0
--separating...
--find a better primal bound 0.9131807036023692 by Alternative descent Eigen
--found a cut state by heuristic 0.9131807036023692 -2.395517534337088e-10 
iteration: 51,  #states: 1157, valueb: -2.395517534337088e-10, activeness: 0.9131807036023692, primalobj: 1.0000000001859268, dualobj: -Inf
solve--
end solve-- RelaxOptimal OPTIMAL
 weights_sum: 1.0000000000002967
itereffortlevel: 0
--separating...
--find a better primal bound 5.515021870767422 by Alternative descent Eigen
--found a cut state by heuristic 5.515021870767422 8.904432746703606e-12 
iteration: 52,  #states: 1158, valueb: 8.904432746703606e-12, activeness: 5.515021870767422, primalobj: 0.9999999999939464, dualobj: -Inf
solve--
end solve-- RelaxOptimal OPTIMAL
 weights_sum: 1.000000000000031
itereffortlevel: 0
--separating...
--find a better primal bound 1.6413905238206472 by Alternative descent Eigen
--found a cut state by heuristic 1.6413905238206472 -1.115924436190241e-10 
iteration: 53,  #states: 1159, valueb: -1.115924436190241e-10, activeness: 1.6413905238206472, primalobj: 0.9999999998908654, dualobj: -Inf
solve--
end solve-- RelaxOptimal OPTIMAL
 weights_sum: 1.0000000000000693
itereffortlevel: 0
--separating...
--find a better primal bound 4.685198907918011 by Alternative descent Eigen
--found a cut state by heuristic 4.685198907918011 -1.4388490399142029e-12 
iteration: 54,  #states: 1160, valueb: -1.4388490399142029e-12, activeness: 4.685198907918011, primalobj: 0.9999999999944404, dualobj: -Inf
solve--
end solve-- RelaxOptimal OPTIMAL
 weights_sum: 1.000000000000099
itereffortlevel: 0
--separating...
--find a better primal bound 0.9437878019417176 by Alternative descent Eigen
--found a cut state by heuristic 0.9437878019417176 -5.0941389995173836e-11 
iteration: 55,  #states: 1161, valueb: -5.0941389995173836e-11, activeness: 0.9437878019417176, primalobj: 0.9999999999069633, dualobj: -Inf
solve--
end solve-- RelaxOptimal OPTIMAL
 weights_sum: 1.0000000000002465
itereffortlevel: 0
--separating...
--find a better primal bound 6.10535425810863 by Alternative descent Eigen
--found a cut state by heuristic 6.10535425810863 2.396467399523594e-11 
iteration: 56,  #states: 1162, valueb: 2.396467399523594e-11, activeness: 6.10535425810863, primalobj: 0.9999999999631346, dualobj: -Inf
solve--
end solve-- RelaxOptimal OPTIMAL
 weights_sum: 1.0000000000000844
itereffortlevel: 0
--separating...
--find a better primal bound 5.113233618466 by Alternative descent Eigen
--found a cut state by heuristic 5.113233618466 7.7736983516985e-12 
iteration: 57,  #states: 1163, valueb: 7.7736983516985e-12, activeness: 5.113233618466, primalobj: 0.9999999998005529, dualobj: -Inf
solve--
end solve-- RelaxOptimal OPTIMAL
 weights_sum: 1.0000000000000642
itereffortlevel: 0
--separating...
--find a better primal bound 3.722593915974456 by Alternative descent Eigen
--found a cut state by heuristic 3.722593915974456 -3.3507224772577615e-12 
iteration: 58,  #states: 1164, valueb: -3.3507224772577615e-12, activeness: 3.722593915974456, primalobj: 0.9999999999602889, dualobj: -Inf
solve--
end solve-- RelaxOptimal OPTIMAL
 weights_sum: 1.0000000000000449
itereffortlevel: 0
--separating...
--find a better primal bound 1.5818981361365476 by Alternative descent Eigen
--found a cut state by heuristic 1.5818981361365476 1.853743492041815e-9 
iteration: 59,  #states: 1165, valueb: 1.853743492041815e-9, activeness: 1.5818981361365476, primalobj: 0.9999999981403855, dualobj: -Inf
solve--
end solve-- RelaxOptimal OPTIMAL
 weights_sum: 1.0000000000001832
itereffortlevel: 0
--separating...
--find a better primal bound 4.015463412671226 by Alternative descent Eigen
--found a cut state by heuristic 4.015463412671226 -1.035260766002466e-11 
iteration: 60,  #states: 1166, valueb: -1.035260766002466e-11, activeness: 4.015463412671226, primalobj: 0.9999999999332327, dualobj: -Inf
solve--
end solve-- RelaxOptimal OPTIMAL
 weights_sum: 1.0000000000000364
itereffortlevel: 0
--separating...
--find a better primal bound 3.1194457279229093 by Alternative descent Eigen
--found a cut state by heuristic 3.1194457279229093 6.74162947689183e-11 
iteration: 61,  #states: 1167, valueb: 6.74162947689183e-11, activeness: 3.1194457279229093, primalobj: 0.9999999997408124, dualobj: -Inf
solve--
end solve-- RelaxOptimal OPTIMAL
 weights_sum: 1.0000000000001554
itereffortlevel: 0
--separating...
--find a better primal bound 2.7324303415443723 by Alternative descent Eigen
--found a cut state by heuristic 2.7324303415443723 2.8997826362342494e-10 
iteration: 62,  #states: 1168, valueb: 2.8997826362342494e-10, activeness: 2.7324303415443723, primalobj: 0.9999999998627278, dualobj: -Inf
solve--
end solve-- RelaxOptimal OPTIMAL
 weights_sum: 1.000000000000071
itereffortlevel: 0
--separating...
--find a better primal bound 5.033754618789439 by Alternative descent Eigen
--found a cut state by heuristic 5.033754618789439 3.355333788590542e-10 
iteration: 63,  #states: 1169, valueb: 3.355333788590542e-10, activeness: 5.033754618789439, primalobj: 0.999999999857606, dualobj: -Inf
solve--
end solve-- RelaxOptimal OPTIMAL
 weights_sum: 1.0000000000000366
itereffortlevel: 0
--separating...
--find a better primal bound 4.034299649984849 by Alternative descent Eigen
--found a cut state by heuristic 4.034299649984849 2.567910328821199e-10 
iteration: 64,  #states: 1170, valueb: 2.567910328821199e-10, activeness: 4.034299649984849, primalobj: 0.9999999998944689, dualobj: -Inf
solve--
end solve-- RelaxOptimal OPTIMAL
 weights_sum: 1.000000000000055
itereffortlevel: 0
--separating...
--find a better primal bound 5.158047478724187 by Alternative descent Eigen
--found a cut state by heuristic 5.158047478724187 5.724497986747679e-9 
iteration: 65,  #states: 1171, valueb: 5.724497986747679e-9, activeness: 5.158047478724187, primalobj: 0.9999999976568892, dualobj: -Inf
solve--
end solve-- RelaxOptimal OPTIMAL
 weights_sum: 1.000000000000071
itereffortlevel: 0
--separating...
--find a better primal bound 1.0543126059243932 by Alternative descent Eigen
--found a cut state by heuristic 1.0543126059243932 -2.6200768638018346e-10 
iteration: 66,  #states: 1172, valueb: -2.6200768638018346e-10, activeness: 1.0543126059243932, primalobj: 0.99999999859926, dualobj: -Inf
solve--
end solve-- RelaxOptimal OPTIMAL
 weights_sum: 1.0000000000003757
itereffortlevel: 0
--separating...
--find a better primal bound 8.511294485797888 by Alternative descent Eigen
--found a cut state by heuristic 8.511294485797888 1.4157350847199268e-9 
iteration: 67,  #states: 1173, valueb: 1.4157350847199268e-9, activeness: 8.511294485797888, primalobj: 0.9999999993640412, dualobj: -Inf
solve--
end solve-- RelaxOptimal OPTIMAL
 weights_sum: 1.0000000000000506
itereffortlevel: 0
--separating...
--find a better primal bound 0.8554619024319439 by Alternative descent Eigen
--found a cut state by heuristic 0.8554619024319439 1.129496877971814e-10 
iteration: 68,  #states: 1174, valueb: 1.129496877971814e-10, activeness: 0.8554619024319439, primalobj: 0.9999999991763749, dualobj: -Inf
solve--
end solve-- RelaxOptimal OPTIMAL
 weights_sum: 1.0000000000001052
itereffortlevel: 0
--separating...
--find a better primal bound 1.9639933867767887 by Alternative descent Eigen
--found a cut state by heuristic 1.9639933867767887 1.267524751824567e-9 
iteration: 69,  #states: 1175, valueb: 1.267524751824567e-9, activeness: 1.9639933867767887, primalobj: 0.9999999993685259, dualobj: -Inf
solve--
end solve-- RelaxOptimal OPTIMAL
 weights_sum: 1.000000000000067
itereffortlevel: 0
--separating...
--find a better primal bound 6.144742785447917 by Alternative descent Eigen
--found a cut state by heuristic 6.144742785447917 1.4943221261082273e-9 
iteration: 70,  #states: 1176, valueb: 1.4943221261082273e-9, activeness: 6.144742785447917, primalobj: 0.9999999992146049, dualobj: -Inf
solve--
end solve-- RelaxOptimal OPTIMAL
 weights_sum: 1.0000000000000393
itereffortlevel: 0
--separating...
--find a better primal bound 1.3885152988648284 by Alternative descent Eigen
--found a cut state by heuristic 1.3885152988648284 -1.410262392975703e-10 
iteration: 71,  #states: 1177, valueb: -1.410262392975703e-10, activeness: 1.3885152988648284, primalobj: 1.00000000002334, dualobj: -Inf
solve--
end solve-- RelaxOptimal OPTIMAL
 weights_sum: 1.0000000000002072
itereffortlevel: 0
--separating...
--find a better primal bound 5.4085808006502685 by Alternative descent Eigen
--found a cut state by heuristic 5.4085808006502685 1.853197151291397e-9 
iteration: 72,  #states: 1178, valueb: 1.853197151291397e-9, activeness: 5.4085808006502685, primalobj: 0.9999999988928405, dualobj: -Inf
solve--
end solve-- RelaxOptimal OPTIMAL
 weights_sum: 1.0000000000000984
itereffortlevel: 0
--separating...
--find a better primal bound 0.9711947491312871 by Alternative descent Eigen
--found a cut state by heuristic 0.9711947491312871 7.942652369141712e-10 
iteration: 73,  #states: 1179, valueb: 7.942652369141712e-10, activeness: 0.9711947491312871, primalobj: 0.9999999983453425, dualobj: -Inf
solve--
end solve-- RelaxOptimal OPTIMAL
 weights_sum: 1.0000000000000304
itereffortlevel: 0
--separating...
--find a better primal bound 2.201520704998828 by Alternative descent Eigen
--found a cut state by heuristic 2.201520704998828 5.682752879376807e-12 
iteration: 74,  #states: 1180, valueb: 5.682752879376807e-12, activeness: 2.201520704998828, primalobj: 0.9999999999930113, dualobj: -Inf
solve--
end solve-- RelaxOptimal OPTIMAL
 weights_sum: 1.0000000000000748
itereffortlevel: 0
--separating...
--find a better primal bound 5.450588239058229 by Alternative descent Eigen
--found a cut state by heuristic 5.450588239058229 1.2344111893682758e-9 
iteration: 75,  #states: 1181, valueb: 1.2344111893682758e-9, activeness: 5.450588239058229, primalobj: 0.9999999991077557, dualobj: -Inf
solve--
end solve-- RelaxOptimal OPTIMAL
 weights_sum: 1.0000000000000604
itereffortlevel: 0
--separating...
--find a better primal bound 1.842522258395452 by Alternative descent Eigen
--found a cut state by heuristic 1.842522258395452 2.127050119371532e-9 
iteration: 76,  #states: 1182, valueb: 2.127050119371532e-9, activeness: 1.842522258395452, primalobj: 0.9999999985755109, dualobj: -Inf
solve--
end solve-- RelaxOptimal OPTIMAL
 weights_sum: 1.0000000000001281
itereffortlevel: 0
--separating...
--find a better primal bound 4.77983832117706 by Alternative descent Eigen
--found a cut state by heuristic 4.77983832117706 2.3410784699695597e-9 
iteration: 77,  #states: 1183, valueb: 2.3410784699695597e-9, activeness: 4.77983832117706, primalobj: 0.9999999986177486, dualobj: -Inf
solve--
end solve-- RelaxOptimal OPTIMAL
 weights_sum: 1.00000000000004
itereffortlevel: 0
--separating...
--find a better primal bound 4.192167427484258 by Alternative descent Eigen
--found a cut state by heuristic 4.192167427484258 2.5247464952027343e-9 
iteration: 78,  #states: 1184, valueb: 2.5247464952027343e-9, activeness: 4.192167427484258, primalobj: 0.9999999982870476, dualobj: -Inf
solve--
end solve-- RelaxOptimal OPTIMAL
 weights_sum: 1.0000000000001066
itereffortlevel: 0
--separating...
--find a better primal bound 2.8731608626691627 by Alternative descent Eigen
--found a cut state by heuristic 2.8731608626691627 3.178540375348149e-9 
iteration: 79,  #states: 1185, valueb: 3.178540375348149e-9, activeness: 2.8731608626691627, primalobj: 0.9999999977674814, dualobj: -Inf
solve--
end solve-- RelaxOptimal OPTIMAL
 weights_sum: 1.0000000000000437
itereffortlevel: 0
--separating...
--find a better primal bound 2.593812436834399 by Alternative descent Eigen
--found a cut state by heuristic 2.593812436834399 2.9888473918049385e-9 
iteration: 80,  #states: 1186, valueb: 2.9888473918049385e-9, activeness: 2.593812436834399, primalobj: 0.9999999977639185, dualobj: -Inf
solve--
end solve-- RelaxOptimal OPTIMAL
 weights_sum: 1.000000000000233
itereffortlevel: 0
--separating...
--find a better primal bound 4.647708163480521 by Alternative descent Eigen
--found a cut state by heuristic 4.647708163480521 3.2623141549281698e-9 
iteration: 81,  #states: 1187, valueb: 3.2623141549281698e-9, activeness: 4.647708163480521, primalobj: 0.9999999974463587, dualobj: -Inf
solve--
end solve-- RelaxOptimal OPTIMAL
 weights_sum: 1.0000000000000395
itereffortlevel: 0
--separating...
--find a better primal bound 2.1346492598745215 by Alternative descent Eigen
--found a cut state by heuristic 2.1346492598745215 3.855139985020628e-9 
iteration: 82,  #states: 1188, valueb: 3.855139985020628e-9, activeness: 2.1346492598745215, primalobj: 0.9999999968674104, dualobj: -Inf
solve--
end solve-- RelaxOptimal OPTIMAL
 weights_sum: 1.000000000000102
itereffortlevel: 0
--separating...
--find a better primal bound 4.297493773031498 by Alternative descent Eigen
--found a cut state by heuristic 4.297493773031498 4.613535432157478e-9 
iteration: 83,  #states: 1189, valueb: 4.613535432157478e-9, activeness: 4.297493773031498, primalobj: 0.999999996609239, dualobj: -Inf
solve--
end solve-- RelaxOptimal OPTIMAL
 weights_sum: 1.0000000000001197
itereffortlevel: 0
--separating...
--find a better primal bound 3.890720013344824 by Alternative descent Eigen
--found a cut state by heuristic 3.890720013344824 4.646009120826133e-9 
iteration: 84,  #states: 1190, valueb: 4.646009120826133e-9, activeness: 3.890720013344824, primalobj: 0.9999999967115285, dualobj: -Inf
solve--
end solve-- RelaxOptimal OPTIMAL
 weights_sum: 1.0000000000000555
itereffortlevel: 0
--separating...
--find a better primal bound 3.101008905018089 by Alternative descent Eigen
--found a cut state by heuristic 3.101008905018089 8.615330671091215e-13 
iteration: 85,  #states: 1191, valueb: 8.615330671091215e-13, activeness: 3.101008905018089, primalobj: 0.9999999999989929, dualobj: -Inf
solve--
end solve-- RelaxOptimal OPTIMAL
 weights_sum: 1.0000000000000595
itereffortlevel: 0
--separating...
--find a better primal bound 1.071112899060216 by Alternative descent Eigen
--found a cut state by heuristic 1.071112899060216 1.095672164108663e-12 
iteration: 86,  #states: 1192, valueb: 1.095672164108663e-12, activeness: 1.071112899060216, primalobj: 0.9999999999984627, dualobj: -Inf
solve--
end solve-- RelaxOptimal OPTIMAL
 weights_sum: 1.0000000000000726
itereffortlevel: 0
--separating...
--find a better primal bound 1.3151118194092808 by Alternative descent Eigen
--found a cut state by heuristic 1.3151118194092808 6.030435959619718e-9 
iteration: 87,  #states: 1193, valueb: 6.030435959619718e-9, activeness: 1.3151118194092808, primalobj: 0.9999999956244318, dualobj: -Inf
solve--
end solve-- RelaxOptimal OPTIMAL
 weights_sum: 1.0000000000000617
itereffortlevel: 0
--separating...
--find a better primal bound 1.0163015485895421 by Alternative descent Eigen
--found a cut state by heuristic 1.0163015485895421 1.807333172010317e-9 
iteration: 88,  #states: 1194, valueb: 1.807333172010317e-9, activeness: 1.0163015485895421, primalobj: 0.9999999953445892, dualobj: -Inf
solve--
end solve-- RelaxOptimal OPTIMAL
 weights_sum: 1.0000000000000622
itereffortlevel: 0
--separating...
--find a better primal bound 4.069710038032824 by Alternative descent Eigen
--found a cut state by heuristic 4.069710038032824 5.227808750349686e-9 
iteration: 89,  #states: 1195, valueb: 5.227808750349686e-9, activeness: 4.069710038032824, primalobj: 0.9999999973215211, dualobj: -Inf
solve--
end solve-- RelaxOptimal OPTIMAL
 weights_sum: 1.0000000000000513
itereffortlevel: 0
--separating...
--find a better primal bound 1.163357959829042 by Alternative descent Eigen
--found a cut state by heuristic 1.163357959829042 2.4143619742345024e-10 
iteration: 90,  #states: 1196, valueb: 2.4143619742345024e-10, activeness: 1.163357959829042, primalobj: 0.9999999996730876, dualobj: -Inf
solve--
end solve-- RelaxOptimal OPTIMAL
 weights_sum: 1.0000000000000364
itereffortlevel: 0
--separating...
--find a better primal bound 3.913293393416112 by Alternative descent Eigen
--found a cut state by heuristic 3.913293393416112 3.7453373735729656e-12 
iteration: 91,  #states: 1197, valueb: 3.7453373735729656e-12, activeness: 3.913293393416112, primalobj: 0.9999999999979983, dualobj: -Inf
solve--
end solve-- RelaxOptimal OPTIMAL
 weights_sum: 1.0000000000000495
itereffortlevel: 0
--separating...
--find a better primal bound 2.5172433565382186 by Alternative descent Eigen
--found a cut state by heuristic 2.5172433565382186 3.994804487206238e-12 
iteration: 92,  #states: 1198, valueb: 3.994804487206238e-12, activeness: 2.5172433565382186, primalobj: 0.9999999999962749, dualobj: -Inf
solve--
end solve-- RelaxOptimal OPTIMAL
 weights_sum: 1.0000000000000562
itereffortlevel: 0
--separating...
--find a better primal bound 1.6020853835405156 by Alternative descent Eigen
--found a cut state by heuristic 1.6020853835405156 -4.876599332681586e-10 
iteration: 93,  #states: 1199, valueb: -4.876599332681586e-10, activeness: 1.6020853835405156, primalobj: 1.0000000001984166, dualobj: -Inf
solve--
end solve-- RelaxOptimal OPTIMAL
 weights_sum: 1.0000000000002305
itereffortlevel: 0
--separating...
--find a better primal bound 2.492920826100092 by Alternative descent Eigen
--found a cut state by heuristic 2.492920826100092 1.7265633367458122e-12 
iteration: 94,  #states: 1200, valueb: 1.7265633367458122e-12, activeness: 2.492920826100092, primalobj: 0.9999999999627136, dualobj: -Inf
solve--
end solve-- RelaxOptimal OPTIMAL
 weights_sum: 1.0000000000000604
itereffortlevel: 0
--separating...
--find a better primal bound 1.051888238262284 by Alternative descent Eigen
--found a cut state by heuristic 1.051888238262284 1.7535128904455632e-10 
iteration: 95,  #states: 1201, valueb: 1.7535128904455632e-10, activeness: 1.051888238262284, primalobj: 0.9999999996733682, dualobj: -Inf
solve--
end solve-- RelaxOptimal OPTIMAL
 weights_sum: 1.000000000000103
itereffortlevel: 0
--separating...
--find a better primal bound 2.298235313228285 by Alternative descent Eigen
--found a cut state by heuristic 2.298235313228285 1.1963319224150837e-10 
iteration: 96,  #states: 1202, valueb: 1.1963319224150837e-10, activeness: 2.298235313228285, primalobj: 0.9999999999243097, dualobj: -Inf
solve--
end solve-- RelaxOptimal OPTIMAL
 weights_sum: 1.0000000000000622
itereffortlevel: 0
--separating...
--find a better primal bound 0.9798412342605518 by Alternative descent Eigen
--found a cut state by heuristic 0.9798412342605518 5.891680199265892e-11 
iteration: 97,  #states: 1203, valueb: 5.891680199265892e-11, activeness: 0.9798412342605518, primalobj: 0.9999999999195821, dualobj: -Inf
solve--
end solve-- RelaxOptimal OPTIMAL
 weights_sum: 1.0000000000000338
itereffortlevel: 0
--separating...
--find a better primal bound 1.188501031842542 by Alternative descent Eigen
--found a cut state by heuristic 1.188501031842542 1.2538740878920152e-10 
iteration: 98,  #states: 1204, valueb: 1.2538740878920152e-10, activeness: 1.188501031842542, primalobj: 0.9999999997899813, dualobj: -Inf
solve--
end solve-- RelaxOptimal OPTIMAL
 weights_sum: 1.0000000000000508
itereffortlevel: 0
--separating...
--find a better primal bound 1.7532575622497137 by Alternative descent Eigen
--found a cut state by heuristic 1.7532575622497137 1.576031388728083e-10 
iteration: 99,  #states: 1205, valueb: 1.576031388728083e-10, activeness: 1.7532575622497137, primalobj: 0.9999999996394182, dualobj: -Inf
solve--
end solve-- RelaxOptimal OPTIMAL
 weights_sum: 1.0000000000000542
itereffortlevel: 0
--separating...
--find a better primal bound 1.8736789165148315 by Alternative descent Eigen
--found a cut state by heuristic 1.8736789165148315 8.952628222091974e-11 
iteration: 100,  #states: 1206, valueb: 8.952628222091974e-11, activeness: 1.8736789165148315, primalobj: 0.9999999998115665, dualobj: -Inf
solve--
end solve-- RelaxOptimal OPTIMAL
 weights_sum: 1.0000000000000797
itereffortlevel: 0
--separating...
--find a better primal bound 2.6284415966010704 by Alternative descent Eigen
--found a cut state by heuristic 2.6284415966010704 -2.414235478198634e-12 
iteration: 101,  #states: 1207, valueb: -2.414235478198634e-12, activeness: 2.6284415966010704, primalobj: 0.9999999999684647, dualobj: -Inf
solve--
end solve-- RelaxOptimal OPTIMAL
 weights_sum: 1.0000000000000386
itereffortlevel: 0
--separating...
--find a better primal bound 2.72218915881317 by Alternative descent Eigen
--found a cut state by heuristic 2.72218915881317 3.838334095007667e-10 
iteration: 102,  #states: 1208, valueb: 3.838334095007667e-10, activeness: 2.72218915881317, primalobj: 0.9999999997097998, dualobj: -Inf
solve--
end solve-- RelaxOptimal OPTIMAL
 weights_sum: 1.0000000000000482
itereffortlevel: 0
--separating...
--find a better primal bound 2.154994870785599 by Alternative descent Eigen
--found a cut state by heuristic 2.154994870785599 1.9567131179232256e-9 
iteration: 103,  #states: 1209, valueb: 1.9567131179232256e-9, activeness: 2.154994870785599, primalobj: 0.9999999973598679, dualobj: -Inf
solve--
end solve-- RelaxOptimal OPTIMAL
 weights_sum: 1.0000000000000628
itereffortlevel: 0
--separating...
--find a better primal bound 0.9672006553489327 by Alternative descent Eigen
--found a cut state by heuristic 0.9672006553489327 -2.990691028159631e-12 
iteration: 104,  #states: 1210, valueb: -2.990691028159631e-12, activeness: 0.9672006553489327, primalobj: 0.9999999999995954, dualobj: -Inf
solve--
end solve-- RelaxOptimal OPTIMAL
 weights_sum: 1.0000000000000644
itereffortlevel: 0
--separating...
--find a better primal bound 1.1550772388404336 by Alternative descent Eigen
--found a cut state by heuristic 1.1550772388404336 5.545577330678952e-10 
iteration: 105,  #states: 1211, valueb: 5.545577330678952e-10, activeness: 1.1550772388404336, primalobj: 0.9999999983098725, dualobj: -Inf
solve--
end solve-- RelaxOptimal OPTIMAL
 weights_sum: 1.0000000000000382
itereffortlevel: 0
--separating...
--find a better primal bound 1.7696709582219425 by Alternative descent Eigen
--found a cut state by heuristic 1.7696709582219425 7.452844869026976e-10 
iteration: 106,  #states: 1212, valueb: 7.452844869026976e-10, activeness: 1.7696709582219425, primalobj: 0.9999999980350399, dualobj: -Inf
solve--
end solve-- RelaxOptimal OPTIMAL
 weights_sum: 1.0000000000000455
itereffortlevel: 0
--separating...
--find a better primal bound 2.8641888558432838 by Alternative descent Eigen
--found a cut state by heuristic 2.8641888558432838 5.431211036466266e-13 
iteration: 107,  #states: 1213, valueb: 5.431211036466266e-13, activeness: 2.8641888558432838, primalobj: 0.9999999999607305, dualobj: -Inf
solve--
end solve-- RelaxOptimal OPTIMAL
 weights_sum: 1.0000000000001867
itereffortlevel: 0
--separating...
--find a better primal bound 1.7663544364199808 by Alternative descent Eigen
--found a cut state by heuristic 1.7663544364199808 2.1366736158157096e-10 
iteration: 108,  #states: 1214, valueb: 2.1366736158157096e-10, activeness: 1.7663544364199808, primalobj: 0.9999999998305027, dualobj: -Inf
solve--
end solve-- RelaxOptimal OPTIMAL
 weights_sum: 1.0000000000002778
itereffortlevel: 0
--separating...
--find a better primal bound 5.838950612627647 by Alternative descent Eigen
--found a cut state by heuristic 5.838950612627647 3.3885350081419574e-10 
iteration: 109,  #states: 1215, valueb: 3.3885350081419574e-10, activeness: 5.838950612627647, primalobj: 0.9999999997549507, dualobj: -Inf
solve--
end solve-- RelaxOptimal OPTIMAL
 weights_sum: 1.0000000000000442
itereffortlevel: 0
--separating...
--find a better primal bound 2.8346128925908354 by Alternative descent Eigen
--found a cut state by heuristic 2.8346128925908354 1.0575558206937785e-9 
iteration: 110,  #states: 1216, valueb: 1.0575558206937785e-9, activeness: 2.8346128925908354, primalobj: 0.9999999989837605, dualobj: -Inf
solve--
end solve-- RelaxOptimal OPTIMAL
 weights_sum: 1.0000000000000615
itereffortlevel: 0
--separating...
--find a better primal bound 2.7220629811621677 by Alternative descent Eigen
--found a cut state by heuristic 2.7220629811621677 1.8093686549036647e-9 
iteration: 111,  #states: 1217, valueb: 1.8093686549036647e-9, activeness: 2.7220629811621677, primalobj: 0.9999999975226006, dualobj: -Inf
solve--
end solve-- RelaxOptimal OPTIMAL
 weights_sum: 1.0000000000000926
itereffortlevel: 0
--separating...
--find a better primal bound 2.3624196351026785 by Alternative descent Eigen
--found a cut state by heuristic 2.3624196351026785 2.099869611527083e-9 
iteration: 112,  #states: 1218, valueb: 2.099869611527083e-9, activeness: 2.3624196351026785, primalobj: 0.999999997310559, dualobj: -Inf
solve--
end solve-- RelaxOptimal OPTIMAL
 weights_sum: 1.0000000000000626
itereffortlevel: 0
--separating...
--find a better primal bound 3.5633584043143163 by Alternative descent Eigen
--found a cut state by heuristic 3.5633584043143163 2.5400981318313143e-10 
iteration: 113,  #states: 1219, valueb: 2.5400981318313143e-10, activeness: 3.5633584043143163, primalobj: 0.9999999997654766, dualobj: -Inf
solve--
end solve-- RelaxOptimal OPTIMAL
 weights_sum: 1.0000000000000768
itereffortlevel: 0
--separating...
--find a better primal bound 0.9750101642736883 by Alternative descent Eigen
--found a cut state by heuristic 0.9750101642736883 4.172949763514566e-10 
iteration: 114,  #states: 1220, valueb: 4.172949763514566e-10, activeness: 0.9750101642736883, primalobj: 0.9999999975457935, dualobj: -Inf
solve--
end solve-- RelaxOptimal OPTIMAL
 weights_sum: 1.0000000000001217
itereffortlevel: 0
--separating...
--find a better primal bound 1.910390841137567 by Alternative descent Eigen
--found a cut state by heuristic 1.910390841137567 1.1731881577325964e-9 
iteration: 115,  #states: 1221, valueb: 1.1731881577325964e-9, activeness: 1.910390841137567, primalobj: 0.9999999972963638, dualobj: -Inf
solve--
end solve-- RelaxOptimal OPTIMAL
 weights_sum: 1.0000000000000238
itereffortlevel: 0
--separating...
--find a better primal bound 2.7027162814363077 by Alternative descent Eigen
--found a cut state by heuristic 2.7027162814363077 5.009314074655435e-10 
iteration: 116,  #states: 1222, valueb: 5.009314074655435e-10, activeness: 2.7027162814363077, primalobj: 0.9999999992130564, dualobj: -Inf
solve--
end solve-- RelaxOptimal OPTIMAL
 weights_sum: 1.0000000000000455
itereffortlevel: 0
--separating...
--find a better primal bound 1.9610482137375103 by Alternative descent Eigen
--found a cut state by heuristic 1.9610482137375103 9.415668383860876e-10 
iteration: 117,  #states: 1223, valueb: 9.415668383860876e-10, activeness: 1.9610482137375103, primalobj: 0.9999999957577119, dualobj: -Inf
solve--
end solve-- RelaxOptimal OPTIMAL
 weights_sum: 1.0000000000000855
itereffortlevel: 0
--separating...
--find a better primal bound 2.3423170710625367 by Alternative descent Eigen
--found a cut state by heuristic 2.3423170710625367 4.502925810001557e-13 
iteration: 118,  #states: 1224, valueb: 4.502925810001557e-13, activeness: 2.3423170710625367, primalobj: 0.9999999999985519, dualobj: -Inf
solve--
end solve-- RelaxOptimal OPTIMAL
 weights_sum: 1.0000000000000504
itereffortlevel: 0
--separating...
--find a better primal bound 1.9671509965229677 by Alternative descent Eigen
--found a cut state by heuristic 1.9671509965229677 4.197930669747052e-9 
iteration: 119,  #states: 1225, valueb: 4.197930669747052e-9, activeness: 1.9671509965229677, primalobj: 0.9999999917883741, dualobj: -Inf
solve--
end solve-- RelaxOptimal OPTIMAL
 weights_sum: 1.0000000000000364
itereffortlevel: 0
--separating...
--find a better primal bound 2.196468413498204 by Alternative descent Eigen
--found a cut state by heuristic 2.196468413498204 -1.199367480331226e-10 
iteration: 120,  #states: 1226, valueb: -1.199367480331226e-10, activeness: 2.196468413498204, primalobj: 0.9999999981040695, dualobj: -Inf
solve--
end solve-- RelaxOptimal OPTIMAL
 weights_sum: 1.0000000000000409
itereffortlevel: 0
--separating...
--find a better primal bound 4.532858129397708 by Alternative descent Eigen
--found a cut state by heuristic 4.532858129397708 -2.8636093496459125e-10 
iteration: 121,  #states: 1227, valueb: -2.8636093496459125e-10, activeness: 4.532858129397708, primalobj: 0.9999999979834677, dualobj: -Inf
solve--
end solve-- RelaxOptimal OPTIMAL
 weights_sum: 1.0000000000000442
itereffortlevel: 0
--separating...
--find a better primal bound 1.2807699467613602 by Alternative descent Eigen
--found a cut state by heuristic 1.2807699467613602 7.882799968328413e-11 
iteration: 122,  #states: 1228, valueb: 7.882799968328413e-11, activeness: 1.2807699467613602, primalobj: 0.9999999992102674, dualobj: -Inf
solve--
end solve-- RelaxOptimal OPTIMAL
 weights_sum: 1.0000000000000508
itereffortlevel: 0
--separating...
--find a better primal bound 1.4072950394622359 by Alternative descent Eigen
--found a cut state by heuristic 1.4072950394622359 2.2926105458509483e-13 
iteration: 123,  #states: 1229, valueb: 2.2926105458509483e-13, activeness: 1.4072950394622359, primalobj: 0.9999999999983837, dualobj: -Inf
solve--
end solve-- RelaxOptimal OPTIMAL
 weights_sum: 1.000000000000075
itereffortlevel: 0
--separating...
--find a better primal bound 2.490351671620107 by Alternative descent Eigen
--found a cut state by heuristic 2.490351671620107 3.723019781354253e-9 
iteration: 124,  #states: 1230, valueb: 3.723019781354253e-9, activeness: 2.490351671620107, primalobj: 0.9999999935313022, dualobj: -Inf
solve--
end solve-- RelaxOptimal OPTIMAL
 weights_sum: 1.0000000000000588
itereffortlevel: 0
--separating...
--find a better primal bound 1.7759881108250668 by Alternative descent Eigen
--found a cut state by heuristic 1.7759881108250668 4.684598542414875e-11 
iteration: 125,  #states: 1231, valueb: 4.684598542414875e-11, activeness: 1.7759881108250668, primalobj: 0.99999999996891, dualobj: -Inf
solve--
end solve-- RelaxOptimal OPTIMAL
 weights_sum: 1.0000000000000713
itereffortlevel: 0
--separating...
--find a better primal bound 2.839114649502929 by Alternative descent Eigen
--found a cut state by heuristic 2.839114649502929 4.564494560099774e-9 
iteration: 126,  #states: 1232, valueb: 4.564494560099774e-9, activeness: 2.839114649502929, primalobj: 0.9999999919772744, dualobj: -Inf
solve--
end solve-- RelaxOptimal OPTIMAL
 weights_sum: 1.00000000000006
itereffortlevel: 0
--separating...
--find a better primal bound 3.180610603178798 by Alternative descent Eigen
--found a cut state by heuristic 3.180610603178798 2.809397596503782e-9 
iteration: 127,  #states: 1233, valueb: 2.809397596503782e-9, activeness: 3.180610603178798, primalobj: 0.9999999944349212, dualobj: -Inf
solve--
end solve-- RelaxOptimal OPTIMAL
 weights_sum: 1.000000000000054
itereffortlevel: 0
--separating...
--find a better primal bound 2.8721458468969905 by Alternative descent Eigen
--found a cut state by heuristic 2.8721458468969905 4.57534854447772e-9 
iteration: 128,  #states: 1234, valueb: 4.57534854447772e-9, activeness: 2.8721458468969905, primalobj: 0.9999999915468369, dualobj: -Inf
solve--
end solve-- RelaxOptimal OPTIMAL
 weights_sum: 1.000000000000048
itereffortlevel: 0
--separating...
--find a better primal bound 3.074792962477349 by Alternative descent Eigen
--found a cut state by heuristic 3.074792962477349 1.4685058724595024e-12 
iteration: 129,  #states: 1235, valueb: 1.4685058724595024e-12, activeness: 3.074792962477349, primalobj: 0.999999999998062, dualobj: -Inf
solve--
end solve-- RelaxOptimal OPTIMAL
 weights_sum: 1.000000000000105
itereffortlevel: 0
--separating...
--find a better primal bound 1.8009467041784872 by Alternative descent Eigen
--found a cut state by heuristic 1.8009467041784872 4.856992585899889e-10 
iteration: 130,  #states: 1236, valueb: 4.856992585899889e-10, activeness: 1.8009467041784872, primalobj: 0.9999999941964739, dualobj: -Inf
solve--
end solve-- RelaxOptimal OPTIMAL
 weights_sum: 1.000000000000107
itereffortlevel: 0
--separating...
--find a better primal bound 3.0755054012601066 by Alternative descent Eigen
--found a cut state by heuristic 3.0755054012601066 5.6985527407960035e-12 
iteration: 131,  #states: 1237, valueb: 5.6985527407960035e-12, activeness: 3.0755054012601066, primalobj: 0.9999999999929148, dualobj: -Inf
solve--
end solve-- RelaxOptimal OPTIMAL
 weights_sum: 1.0000000000001406
itereffortlevel: 0
--separating...
--find a better primal bound 2.770088576383278 by Alternative descent Eigen
--found a cut state by heuristic 2.770088576383278 -2.460742720700182e-11 
iteration: 132,  #states: 1238, valueb: -2.460742720700182e-11, activeness: 2.770088576383278, primalobj: 0.9999999997826271, dualobj: -Inf
solve--
end solve-- RelaxOptimal OPTIMAL
 weights_sum: 1.000000000000073
itereffortlevel: 0
--separating...
--find a better primal bound 0.9768513467956085 by Alternative descent Eigen
--found a cut state by heuristic 0.9768513467956085 5.828569571431075e-11 
iteration: 133,  #states: 1239, valueb: 5.828569571431075e-11, activeness: 0.9768513467956085, primalobj: 0.9999999998463283, dualobj: -Inf
solve--
end solve-- RelaxOptimal OPTIMAL
 weights_sum: 1.000000000000036
itereffortlevel: 0
--separating...
--find a better primal bound 1.1572365742098398 by Alternative descent Eigen
--found a cut state by heuristic 1.1572365742098398 -4.3202671995423714e-10 
iteration: 134,  #states: 1240, valueb: -4.3202671995423714e-10, activeness: 1.1572365742098398, primalobj: 1.0000000001645528, dualobj: -Inf
solve--
end solve-- RelaxOptimal OPTIMAL
 weights_sum: 1.0000000000000406
itereffortlevel: 0
--separating...
--find a better primal bound 0.9265107359564675 by Alternative descent Eigen
--found a cut state by heuristic 0.9265107359564675 1.3764192841048128e-9 
iteration: 135,  #states: 1241, valueb: 1.3764192841048128e-9, activeness: 0.9265107359564675, primalobj: 0.9999999964776215, dualobj: -Inf
solve--
end solve-- RelaxOptimal OPTIMAL
 weights_sum: 1.0000000000000593
itereffortlevel: 0
--separating...
--find a better primal bound 1.4094819366239255 by Alternative descent Eigen
--found a cut state by heuristic 1.4094819366239255 -7.412580271815017e-11 
iteration: 136,  #states: 1242, valueb: -7.412580271815017e-11, activeness: 1.4094819366239255, primalobj: 0.9999999999677103, dualobj: -Inf
solve--
end solve-- RelaxOptimal OPTIMAL
 weights_sum: 1.0000000000000984
itereffortlevel: 0
--separating...
--find a better primal bound 1.654047968930119 by Alternative descent Eigen
--found a cut state by heuristic 1.654047968930119 -1.4767646133728718e-10 
iteration: 137,  #states: 1243, valueb: -1.4767646133728718e-10, activeness: 1.654047968930119, primalobj: 1.0000000000434, dualobj: -Inf
solve--
end solve-- RelaxOptimal OPTIMAL
 weights_sum: 1.0000000000000524
itereffortlevel: 0
--separating...
--find a better primal bound 1.3978861475045647 by Alternative descent Eigen
--found a cut state by heuristic 1.3978861475045647 -1.9250320781871721e-10 
iteration: 138,  #states: 1244, valueb: -1.9250320781871721e-10, activeness: 1.3978861475045647, primalobj: 1.000000000106741, dualobj: -Inf
solve--
end solve-- RelaxOptimal OPTIMAL
 weights_sum: 1.0000000000000646
itereffortlevel: 0
--separating...
--find a better primal bound 4.081335807124657 by Alternative descent Eigen
--found a cut state by heuristic 4.081335807124657 2.317431135878678e-9 
iteration: 139,  #states: 1245, valueb: 2.317431135878678e-9, activeness: 4.081335807124657, primalobj: 0.9999999960325174, dualobj: -Inf
solve--
end solve-- RelaxOptimal OPTIMAL
 weights_sum: 1.000000000000118
itereffortlevel: 0
--separating...
--find a better primal bound 3.1556843610032104 by Alternative descent Eigen
--found a cut state by heuristic 3.1556843610032104 2.492313022628423e-9 
iteration: 140,  #states: 1246, valueb: 2.492313022628423e-9, activeness: 3.1556843610032104, primalobj: 0.9999999957584826, dualobj: -Inf
solve--
end solve-- RelaxOptimal OPTIMAL
 weights_sum: 1.0000000000000269
itereffortlevel: 0
--separating...
--find a better primal bound 1.0957097449680577 by Alternative descent Eigen
--found a cut state by heuristic 1.0957097449680577 -4.891073518420441e-10 
iteration: 141,  #states: 1247, valueb: -4.891073518420441e-10, activeness: 1.0957097449680577, primalobj: 1.000000000051374, dualobj: -Inf
solve--
end solve-- RelaxOptimal OPTIMAL
 weights_sum: 1.0000000000000913
itereffortlevel: 0
--separating...
--find a better primal bound 0.8686540941845899 by Alternative descent Eigen
--found a cut state by heuristic 0.8686540941845899 -1.5279139758961335e-10 
iteration: 142,  #states: 1248, valueb: -1.5279139758961335e-10, activeness: 0.8686540941845899, primalobj: 1.0000000000850728, dualobj: -Inf
solve--
end solve-- RelaxOptimal OPTIMAL
 weights_sum: 1.0000000000000717
itereffortlevel: 0
--separating...
--find a better primal bound 2.1573117876546415 by Alternative descent Eigen
--found a cut state by heuristic 2.1573117876546415 -3.618216837253385e-11 
iteration: 143,  #states: 1249, valueb: -3.618216837253385e-11, activeness: 2.1573117876546415, primalobj: 0.9999999997543867, dualobj: -Inf
solve--
end solve-- RelaxOptimal OPTIMAL
 weights_sum: 1.0000000000000822
itereffortlevel: 0
--separating...
--find a better primal bound 1.6502628946670568 by Alternative descent Eigen
--found a cut state by heuristic 1.6502628946670568 6.941777819235995e-9 
iteration: 144,  #states: 1250, valueb: 6.941777819235995e-9, activeness: 1.6502628946670568, primalobj: 0.9999999919995923, dualobj: -Inf
solve--
end solve-- RelaxOptimal OPTIMAL
 weights_sum: 1.0000000000000673
itereffortlevel: 0
--separating...
--find a better primal bound 2.3921436465695076 by Alternative descent Eigen
--found a cut state by heuristic 2.3921436465695076 2.5365237688035336e-11 
iteration: 145,  #states: 1251, valueb: 2.5365237688035336e-11, activeness: 2.3921436465695076, primalobj: 0.9999999998749466, dualobj: -Inf
solve--
end solve-- RelaxOptimal OPTIMAL
 weights_sum: 1.0000000000001918
itereffortlevel: 0
--separating...
--find a better primal bound 4.627636774282987 by Alternative descent Eigen
--found a cut state by heuristic 4.627636774282987 -2.205613469641321e-11 
iteration: 146,  #states: 1252, valueb: -2.205613469641321e-11, activeness: 4.627636774282987, primalobj: 0.9999999998256285, dualobj: -Inf
solve--
end solve-- RelaxOptimal OPTIMAL
 weights_sum: 1.0000000000000375
itereffortlevel: 0
--separating...
--find a better primal bound 1.5819488239567239 by Alternative descent Eigen
--found a cut state by heuristic 1.5819488239567239 9.54319956392169e-13 
iteration: 147,  #states: 1253, valueb: 9.54319956392169e-13, activeness: 1.5819488239567239, primalobj: 0.9999999999971296, dualobj: -Inf
solve--
end solve-- RelaxOptimal OPTIMAL
 weights_sum: 1.0000000000000553
itereffortlevel: 0
--separating...
--find a better primal bound 1.015665760655076 by Alternative descent Eigen
--found a cut state by heuristic 1.015665760655076 -5.536821001683734e-13 
iteration: 148,  #states: 1254, valueb: -5.536821001683734e-13, activeness: 1.015665760655076, primalobj: 0.9999999999983662, dualobj: -Inf
solve--
end solve-- RelaxOptimal OPTIMAL
 weights_sum: 1.0000000000001354
itereffortlevel: 0
--separating...
--find a better primal bound 1.0483258908068602 by Alternative descent Eigen
--found a cut state by heuristic 1.0483258908068602 -6.263580210053021e-10 
iteration: 149,  #states: 1255, valueb: -6.263580210053021e-10, activeness: 1.0483258908068602, primalobj: 1.0000000002656044, dualobj: -Inf
solve--
end solve-- RelaxOptimal OPTIMAL
 weights_sum: 1.000000000000103
itereffortlevel: 0
--separating...
--find a better primal bound 3.4876965104419986 by Alternative descent Eigen
--found a cut state by heuristic 3.4876965104419986 6.293854326600012e-13 
iteration: 150,  #states: 1256, valueb: 6.293854326600012e-13, activeness: 3.4876965104419986, primalobj: 0.9999999999939153, dualobj: -Inf
solve--
end solve-- RelaxOptimal OPTIMAL
 weights_sum: 1.0000000000001514
itereffortlevel: 0
--separating...
--find a better primal bound 2.7126133649241604 by Alternative descent Eigen
--found a cut state by heuristic 2.7126133649241604 -1.1263323607124676e-11 
iteration: 151,  #states: 1257, valueb: -1.1263323607124676e-11, activeness: 2.7126133649241604, primalobj: 0.9999999997879088, dualobj: -Inf
solve--
end solve-- RelaxOptimal OPTIMAL
 weights_sum: 1.000000000000077
itereffortlevel: 0
--separating...
--find a better primal bound 0.9486904888566515 by Alternative descent Eigen
--found a cut state by heuristic 0.9486904888566515 -1.0778106879216764e-10 
iteration: 152,  #states: 1258, valueb: -1.0778106879216764e-10, activeness: 0.9486904888566515, primalobj: 0.9999999999626851, dualobj: -Inf
solve--
end solve-- RelaxOptimal OPTIMAL
 weights_sum: 1.0000000000000797
itereffortlevel: 0
--separating...
--find a better primal bound 1.8769946218020872 by Alternative descent Eigen
--found a cut state by heuristic 1.8769946218020872 -9.05290703512307e-11 
iteration: 153,  #states: 1259, valueb: -9.05290703512307e-11, activeness: 1.8769946218020872, primalobj: 1.0000000000049307, dualobj: -Inf
solve--
end solve-- RelaxOptimal OPTIMAL
 weights_sum: 1.0000000000001228
itereffortlevel: 0
--separating...
--find a better primal bound 2.5714062761804186 by Alternative descent Eigen
--found a cut state by heuristic 2.5714062761804186 1.0906608949312613e-11 
iteration: 154,  #states: 1260, valueb: 1.0906608949312613e-11, activeness: 2.5714062761804186, primalobj: 0.999999999908797, dualobj: -Inf
solve--
end solve-- RelaxOptimal OPTIMAL
 weights_sum: 1.0000000000000708
itereffortlevel: 0
--separating...
--find a better primal bound 2.3354852982707777 by Alternative descent Eigen
--found a cut state by heuristic 2.3354852982707777 1.149436101854917e-11 
iteration: 155,  #states: 1261, valueb: 1.149436101854917e-11, activeness: 2.3354852982707777, primalobj: 0.9999999998318728, dualobj: -Inf
solve--
end solve-- RelaxOptimal OPTIMAL
 weights_sum: 1.0000000000001605
itereffortlevel: 0
--separating...
--find a better primal bound 3.277699951927887 by Alternative descent Eigen
--found a cut state by heuristic 3.277699951927887 -1.1653789044885343e-11 
iteration: 156,  #states: 1262, valueb: -1.1653789044885343e-11, activeness: 3.277699951927887, primalobj: 0.9999999998168706, dualobj: -Inf
solve--
end solve-- RelaxOptimal OPTIMAL
 weights_sum: 1.0000000000000437
itereffortlevel: 0
--separating...
--find a better primal bound 2.272514102867886 by Alternative descent Eigen
--found a cut state by heuristic 2.272514102867886 -2.7746693831431912e-12 
iteration: 157,  #states: 1263, valueb: -2.7746693831431912e-12, activeness: 2.272514102867886, primalobj: 0.9999999998924058, dualobj: -Inf
solve--
end solve-- RelaxOptimal OPTIMAL
 weights_sum: 1.0000000000000526
itereffortlevel: 0
--separating...
--find a better primal bound 2.036753073490631 by Alternative descent Eigen
--found a cut state by heuristic 2.036753073490631 -9.886277907433794e-10 
iteration: 158,  #states: 1264, valueb: -9.886277907433794e-10, activeness: 2.036753073490631, primalobj: 1.0000000000120923, dualobj: -Inf
solve--
end solve-- RelaxOptimal OPTIMAL
 weights_sum: 1.0000000000000666
itereffortlevel: 0
--separating...
--find a better primal bound 2.3079051121733922 by Alternative descent Eigen
--found a cut state by heuristic 2.3079051121733922 -6.948352171409766e-10 
iteration: 159,  #states: 1265, valueb: -6.948352171409766e-10, activeness: 2.3079051121733922, primalobj: 0.9999999999283219, dualobj: -Inf
solve--
end solve-- RelaxOptimal OPTIMAL
 weights_sum: 1.0000000000001108
itereffortlevel: 0
--separating...
--find a better primal bound 2.6859335649927596 by Alternative descent Eigen
--found a cut state by heuristic 2.6859335649927596 -1.6949774916952265e-11 
iteration: 160,  #states: 1266, valueb: -1.6949774916952265e-11, activeness: 2.6859335649927596, primalobj: 0.9999999997931794, dualobj: -Inf
solve--
end solve-- RelaxOptimal OPTIMAL
 weights_sum: 1.0000000000000793
itereffortlevel: 0
--separating...
--find a better primal bound 2.3518854069478383 by Alternative descent Eigen
--found a cut state by heuristic 2.3518854069478383 -3.2697212992705005e-12 
iteration: 161,  #states: 1267, valueb: -3.2697212992705005e-12, activeness: 2.3518854069478383, primalobj: 0.9999999999512318, dualobj: -Inf
solve--
end solve-- RelaxOptimal OPTIMAL
 weights_sum: 1.0000000000000704
itereffortlevel: 0
--separating...
--find a better primal bound 1.2096295172472606 by Alternative descent Eigen
--found a cut state by heuristic 1.2096295172472606 -8.891944194844292e-10 
iteration: 162,  #states: 1268, valueb: -8.891944194844292e-10, activeness: 1.2096295172472606, primalobj: 1.0000000000132347, dualobj: -Inf
solve--
end solve-- RelaxOptimal OPTIMAL
 weights_sum: 1.0000000000001215
itereffortlevel: 0
--separating...
--find a better primal bound 2.147895432095 by Alternative descent Eigen
--found a cut state by heuristic 2.147895432095 4.6588288782345444e-11 
iteration: 163,  #states: 1269, valueb: 4.6588288782345444e-11, activeness: 2.147895432095, primalobj: 0.9999999998043745, dualobj: -Inf
solve--
end solve-- RelaxOptimal OPTIMAL
 weights_sum: 1.0000000000000624
itereffortlevel: 0
--separating...
--find a better primal bound 1.9237095795906645 by Alternative descent Eigen
--found a cut state by heuristic 1.9237095795906645 -6.6847360979949144e-12 
iteration: 164,  #states: 1270, valueb: -6.6847360979949144e-12, activeness: 1.9237095795906645, primalobj: 0.9999999997474212, dualobj: -Inf
solve--
end solve-- RelaxOptimal OPTIMAL
 weights_sum: 1.0000000000000961
itereffortlevel: 0
--separating...
--find a better primal bound 1.1641650104700294 by Alternative descent Eigen
--found a cut state by heuristic 1.1641650104700294 1.1429850121924545e-11 
iteration: 165,  #states: 1271, valueb: 1.1429850121924545e-11, activeness: 1.1641650104700294, primalobj: 0.9999999996456495, dualobj: -Inf
solve--
end solve-- RelaxOptimal OPTIMAL
 weights_sum: 1.0000000000000915
itereffortlevel: 0
--separating...
--find a better primal bound 1.8740397584609025 by Alternative descent Eigen
--found a cut state by heuristic 1.8740397584609025 -3.4038261098601197e-10 
iteration: 166,  #states: 1272, valueb: -3.4038261098601197e-10, activeness: 1.8740397584609025, primalobj: 0.9999999969322578, dualobj: -Inf
solve--
end solve-- RelaxOptimal OPTIMAL
 weights_sum: 1.0000000000001643
itereffortlevel: 0
--separating...
--find a better primal bound 2.4001460242646386 by Alternative descent Eigen
--found a cut state by heuristic 2.4001460242646386 3.0165314690577816e-11 
iteration: 167,  #states: 1273, valueb: 3.0165314690577816e-11, activeness: 2.4001460242646386, primalobj: 0.9999999996414571, dualobj: -Inf
solve--
end solve-- RelaxOptimal OPTIMAL
 weights_sum: 1.0000000000001397
itereffortlevel: 0
--separating...
--find a better primal bound 2.4024665572252415 by Alternative descent Eigen
--found a cut state by heuristic 2.4024665572252415 -5.362013055787429e-10 
iteration: 168,  #states: 1274, valueb: -5.362013055787429e-10, activeness: 2.4024665572252415, primalobj: 0.9999999927276946, dualobj: -Inf
solve--
end solve-- RelaxOptimal OPTIMAL
 weights_sum: 1.0000000000000566
itereffortlevel: 0
--separating...
--find a better primal bound 2.5311168449674493 by Alternative descent Eigen
--found a cut state by heuristic 2.5311168449674493 1.1176077840957532e-9 
iteration: 169,  #states: 1275, valueb: 1.1176077840957532e-9, activeness: 2.5311168449674493, primalobj: 0.9999999991719483, dualobj: -Inf
solve--
end solve-- RelaxOptimal OPTIMAL
 weights_sum: 1.0000000000000948
itereffortlevel: 0
--separating...
--find a better primal bound 3.0864863232870006 by Alternative descent Eigen
--found a cut state by heuristic 3.0864863232870006 3.443410782205669e-10 
iteration: 170,  #states: 1276, valueb: 3.443410782205669e-10, activeness: 3.0864863232870006, primalobj: 0.999999998403297, dualobj: -Inf
solve--
end solve-- RelaxOptimal OPTIMAL
 weights_sum: 1.0000000000000586
itereffortlevel: 0
--separating...
--find a better primal bound 1.3543059127988002 by Alternative descent Eigen
--found a cut state by heuristic 1.3543059127988002 -5.191269636384277e-10 
iteration: 171,  #states: 1277, valueb: -5.191269636384277e-10, activeness: 1.3543059127988002, primalobj: 0.9999999933940109, dualobj: -Inf
solve--
end solve-- RelaxOptimal OPTIMAL
 weights_sum: 1.000000000000264
itereffortlevel: 0
--separating...
--find a better primal bound 4.420498056514051 by Alternative descent Eigen
--found a cut state by heuristic 4.420498056514051 1.3990142377906523e-11 
iteration: 172,  #states: 1278, valueb: 1.3990142377906523e-11, activeness: 4.420498056514051, primalobj: 0.9999999999842395, dualobj: -Inf
solve--
end solve-- RelaxOptimal OPTIMAL
 weights_sum: 1.0000000000000697
itereffortlevel: 0
--separating...
--find a better primal bound 2.1815852738526895 by Alternative descent Eigen
--found a cut state by heuristic 2.1815852738526895 -1.0548700801749078e-11 
iteration: 173,  #states: 1279, valueb: -1.0548700801749078e-11, activeness: 2.1815852738526895, primalobj: 0.9999999999115537, dualobj: -Inf
solve--
end solve-- RelaxOptimal OPTIMAL
 weights_sum: 1.0000000000000604
itereffortlevel: 0
--separating...
--find a better primal bound 2.5094363002434523 by Alternative descent Eigen
--found a cut state by heuristic 2.5094363002434523 -1.7338130930966145e-11 
iteration: 174,  #states: 1280, valueb: -1.7338130930966145e-11, activeness: 2.5094363002434523, primalobj: 0.9999999998497852, dualobj: -Inf
solve--
end solve-- RelaxOptimal OPTIMAL
 weights_sum: 1.0000000000001033
itereffortlevel: 0
--separating...
--find a better primal bound 1.3788841166173578 by Alternative descent Eigen
--found a cut state by heuristic 1.3788841166173578 1.5199116271125135e-11 
iteration: 175,  #states: 1281, valueb: 1.5199116271125135e-11, activeness: 1.3788841166173578, primalobj: 0.9999999998131797, dualobj: -Inf
solve--
end solve-- RelaxOptimal OPTIMAL
 weights_sum: 1.0000000000000675
itereffortlevel: 0
--separating...
--find a better primal bound 2.591273925746431 by Alternative descent Eigen
--found a cut state by heuristic 2.591273925746431 -3.28814364625174e-10 
iteration: 176,  #states: 1282, valueb: -3.28814364625174e-10, activeness: 2.591273925746431, primalobj: 0.9999999999760045, dualobj: -Inf
solve--
end solve-- RelaxOptimal OPTIMAL
 weights_sum: 1.000000000000049
itereffortlevel: 0
--separating...
--find a better primal bound 1.4472387388128136 by Alternative descent Eigen
--found a cut state by heuristic 1.4472387388128136 1.5640111428183445e-10 
iteration: 177,  #states: 1283, valueb: 1.5640111428183445e-10, activeness: 1.4472387388128136, primalobj: 0.9999999990785664, dualobj: -Inf
solve--
end solve-- RelaxOptimal OPTIMAL
 weights_sum: 1.0000000000000473
itereffortlevel: 0
--separating...
--find a better primal bound 2.5108327801969677 by Alternative descent Eigen
--found a cut state by heuristic 2.5108327801969677 -6.849809053299794e-10 
iteration: 178,  #states: 1284, valueb: -6.849809053299794e-10, activeness: 2.5108327801969677, primalobj: 0.9999999917548537, dualobj: -Inf
solve--
end solve-- RelaxOptimal OPTIMAL
 weights_sum: 1.0000000000001523
itereffortlevel: 0
--separating...
--find a better primal bound 2.4226040675161062 by Alternative descent Eigen
--found a cut state by heuristic 2.4226040675161062 1.8421958403180838e-11 
iteration: 179,  #states: 1285, valueb: 1.8421958403180838e-11, activeness: 2.4226040675161062, primalobj: 0.9999999987986554, dualobj: -Inf
solve--
end solve-- RelaxOptimal OPTIMAL
 weights_sum: 1.0000000000000806
itereffortlevel: 0
--separating...
--find a better primal bound 2.711154576155425 by Alternative descent Eigen
--found a cut state by heuristic 2.711154576155425 -5.863514118686908e-10 
iteration: 180,  #states: 1286, valueb: -5.863514118686908e-10, activeness: 2.711154576155425, primalobj: 0.9999999935654648, dualobj: -Inf
solve--
end solve-- RelaxOptimal OPTIMAL
 weights_sum: 1.000000000000064
itereffortlevel: 0
--separating...
--find a better primal bound 3.0582198396620273 by Alternative descent Eigen
--found a cut state by heuristic 3.0582198396620273 2.8916909422527226e-9 
iteration: 181,  #states: 1287, valueb: 2.8916909422527226e-9, activeness: 3.0582198396620273, primalobj: 0.9999999906617569, dualobj: -Inf
solve--
end solve-- RelaxOptimal OPTIMAL
 weights_sum: 1.0000000000000522
itereffortlevel: 0
--separating...
--find a better primal bound 2.8453417012688904 by Alternative descent Eigen
--found a cut state by heuristic 2.8453417012688904 -4.968051803277973e-10 
iteration: 182,  #states: 1288, valueb: -4.968051803277973e-10, activeness: 2.8453417012688904, primalobj: 0.9999999996635799, dualobj: -Inf
solve--
end solve-- RelaxOptimal OPTIMAL
 weights_sum: 1.0000000000001381
itereffortlevel: 0
--separating...
--find a better primal bound 3.025135060083771 by Alternative descent Eigen
--found a cut state by heuristic 3.025135060083771 5.24460613826605e-11 
iteration: 183,  #states: 1289, valueb: 5.24460613826605e-11, activeness: 3.025135060083771, primalobj: 0.9999999997479834, dualobj: -Inf
solve--
end solve-- RelaxOptimal OPTIMAL
 weights_sum: 1.0000000000001357
itereffortlevel: 0
--separating...
--find a better primal bound 1.9689996363014401 by Alternative descent Eigen
--found a cut state by heuristic 1.9689996363014401 -6.089340143233812e-10 
iteration: 184,  #states: 1290, valueb: -6.089340143233812e-10, activeness: 1.9689996363014401, primalobj: 0.9999999993567954, dualobj: -Inf
solve--
end solve-- RelaxOptimal OPTIMAL
 weights_sum: 1.0000000000000733
itereffortlevel: 0
--separating...
--find a better primal bound 1.0793455780031593 by Alternative descent Eigen
--found a cut state by heuristic 1.0793455780031593 -7.807810092907985e-10 
iteration: 185,  #states: 1291, valueb: -7.807810092907985e-10, activeness: 1.0793455780031593, primalobj: 0.9999999987391388, dualobj: -Inf
solve--
end solve-- RelaxOptimal OPTIMAL
 weights_sum: 1.0000000000000742
itereffortlevel: 0
--separating...
--find a better primal bound 3.1997051152237854 by Alternative descent Eigen
--found a cut state by heuristic 3.1997051152237854 -6.499383670144354e-10 
iteration: 186,  #states: 1292, valueb: -6.499383670144354e-10, activeness: 3.1997051152237854, primalobj: 0.9999999993272429, dualobj: -Inf
solve--
end solve-- RelaxOptimal OPTIMAL
 weights_sum: 1.000000000000091
itereffortlevel: 0
--separating...
--find a better primal bound 1.8791046743589694 by Alternative descent Eigen
--found a cut state by heuristic 1.8791046743589694 5.251691581609208e-10 
iteration: 187,  #states: 1293, valueb: 5.251691581609208e-10, activeness: 1.8791046743589694, primalobj: 0.9999999980304408, dualobj: -Inf
solve--
end solve-- RelaxOptimal OPTIMAL
 weights_sum: 1.0000000000000413
itereffortlevel: 0
--separating...
--find a better primal bound 2.4906815902097215 by Alternative descent Eigen
--found a cut state by heuristic 2.4906815902097215 1.9443030518928595e-10 
iteration: 188,  #states: 1294, valueb: 1.9443030518928595e-10, activeness: 2.4906815902097215, primalobj: 0.9999999993846713, dualobj: -Inf
solve--
end solve-- RelaxOptimal OPTIMAL
 weights_sum: 1.0000000000001426
itereffortlevel: 0
--separating...
--find a better primal bound 7.528844802176384 by Alternative descent Eigen
--found a cut state by heuristic 7.528844802176384 4.466249592383065e-11 
iteration: 189,  #states: 1295, valueb: 4.466249592383065e-11, activeness: 7.528844802176384, primalobj: 0.9999999999589326, dualobj: -Inf
solve--
end solve-- RelaxOptimal OPTIMAL
 weights_sum: 1.0000000000000884
itereffortlevel: 0
--separating...
--find a better primal bound 1.6580617991876698 by Alternative descent Eigen
--found a cut state by heuristic 1.6580617991876698 4.4708542423776976e-11 
iteration: 190,  #states: 1296, valueb: 4.4708542423776976e-11, activeness: 1.6580617991876698, primalobj: 0.9999999995818747, dualobj: -Inf
solve--
end solve-- RelaxOptimal OPTIMAL
 weights_sum: 1.0000000000000389
itereffortlevel: 0
--separating...
--find a better primal bound 2.507611752724688 by Alternative descent Eigen
--found a cut state by heuristic 2.507611752724688 4.1746162082745286e-11 
iteration: 191,  #states: 1297, valueb: 4.1746162082745286e-11, activeness: 2.507611752724688, primalobj: 0.9999999997830761, dualobj: -Inf
solve--
end solve-- RelaxOptimal OPTIMAL
 weights_sum: 1.0000000000000653
itereffortlevel: 0
--separating...
--find a better primal bound 6.159896042421942 by Alternative descent Eigen
--found a cut state by heuristic 6.159896042421942 2.6245947637448808e-9 
iteration: 192,  #states: 1298, valueb: 2.6245947637448808e-9, activeness: 6.159896042421942, primalobj: 0.999999993184721, dualobj: -Inf
solve--
end solve-- RelaxOptimal OPTIMAL
 weights_sum: 1.00000000000006
itereffortlevel: 0
--separating...
--find a better primal bound 2.746553944077127 by Alternative descent Eigen
--found a cut state by heuristic 2.746553944077127 1.4629275568722733e-10 
iteration: 193,  #states: 1299, valueb: 1.4629275568722733e-10, activeness: 2.746553944077127, primalobj: 0.9999999936333738, dualobj: -Inf
solve--
end solve-- RelaxOptimal OPTIMAL
 weights_sum: 1.0000000000003686
itereffortlevel: 0
--separating...
--find a better primal bound 10.918163952031684 by Alternative descent Eigen
--found a cut state by heuristic 10.918163952031684 7.21940285330902e-11 
iteration: 194,  #states: 1300, valueb: 7.21940285330902e-11, activeness: 10.918163952031684, primalobj: 0.9999999998020783, dualobj: -Inf
solve--
end solve-- RelaxOptimal OPTIMAL
 weights_sum: 1.000000000000086
itereffortlevel: 0
--separating...
--find a better primal bound 1.8371935772570274 by Alternative descent Eigen
--found a cut state by heuristic 1.8371935772570274 6.019051229655403e-10 
iteration: 195,  #states: 1301, valueb: 6.019051229655403e-10, activeness: 1.8371935772570274, primalobj: 0.999999996377318, dualobj: -Inf
solve--
end solve-- RelaxOptimal OPTIMAL
 weights_sum: 1.0000000000000577
itereffortlevel: 0
--separating...
--find a better primal bound 3.6025459134867237 by Alternative descent Eigen
--found a cut state by heuristic 3.6025459134867237 2.965128143017637e-12 
iteration: 196,  #states: 1302, valueb: 2.965128143017637e-12, activeness: 3.6025459134867237, primalobj: 0.9999999999941815, dualobj: -Inf
solve--
end solve-- RelaxOptimal OPTIMAL
 weights_sum: 1.0000000000000613
itereffortlevel: 0
--separating...
--find a better primal bound 2.6150012164467915 by Alternative descent Eigen
--found a cut state by heuristic 2.6150012164467915 -5.049118068090053e-11 
iteration: 197,  #states: 1303, valueb: -5.049118068090053e-11, activeness: 2.6150012164467915, primalobj: 0.9999999998530915, dualobj: -Inf
solve--
end solve-- RelaxOptimal OPTIMAL
 weights_sum: 1.0000000000001903
itereffortlevel: 0
--separating...
--find a better primal bound 3.693268960142207 by Alternative descent Eigen
--found a cut state by heuristic 3.693268960142207 3.863512176849326e-9 
iteration: 198,  #states: 1304, valueb: 3.863512176849326e-9, activeness: 3.693268960142207, primalobj: 0.9999999961822952, dualobj: -Inf
solve--
end solve-- RelaxOptimal OPTIMAL
 weights_sum: 1.000000000000198
itereffortlevel: 0
--separating...
--find a better primal bound 3.6625332029698203 by Alternative descent Eigen
--found a cut state by heuristic 3.6625332029698203 6.273759289854297e-12 
iteration: 199,  #states: 1305, valueb: 6.273759289854297e-12, activeness: 3.6625332029698203, primalobj: 0.9999999995272849, dualobj: -Inf
solve--
end solve-- RelaxOptimal OPTIMAL
 weights_sum: 1.0000000000001916
itereffortlevel: 0
--separating...
--find a better primal bound 4.10671960943477 by Alternative descent Eigen
--found a cut state by heuristic 4.10671960943477 1.8572392790350278e-9 
iteration: 200,  #states: 1306, valueb: 1.8572392790350278e-9, activeness: 4.10671960943477, primalobj: 0.9999999935586983, dualobj: -Inf
solve--
end solve-- RelaxOptimal OPTIMAL
 weights_sum: 1.0000000000000744
itereffortlevel: 0
--separating...
--find a better primal bound 8.260819997944711 by Alternative descent Eigen
--found a cut state by heuristic 8.260819997944711 2.7422359938356067e-9 
iteration: 201,  #states: 1307, valueb: 2.7422359938356067e-9, activeness: 8.260819997944711, primalobj: 0.999999994620671, dualobj: -Inf
solve--
end solve-- RelaxOptimal OPTIMAL
 weights_sum: 1.0000000000000853
itereffortlevel: 0
--separating...
--find a better primal bound 4.681806208776178 by Alternative descent Eigen
--found a cut state by heuristic 4.681806208776178 8.469787093901004e-10 
iteration: 202,  #states: 1308, valueb: 8.469787093901004e-10, activeness: 4.681806208776178, primalobj: 0.9999999977632833, dualobj: -Inf
solve--
end solve-- RelaxOptimal OPTIMAL
 weights_sum: 1.0000000000001998
itereffortlevel: 0
--separating...
--find a better primal bound 5.950956869451251 by Alternative descent Eigen
--found a cut state by heuristic 5.950956869451251 -2.4891755323608322e-12 
iteration: 203,  #states: 1309, valueb: -2.4891755323608322e-12, activeness: 5.950956869451251, primalobj: 0.9999999980646848, dualobj: -Inf
solve--
end solve-- RelaxOptimal OPTIMAL
 weights_sum: 1.0000000000000795
itereffortlevel: 0
--separating...
--find a better primal bound 9.130344403393174 by Alternative descent Eigen
--found a cut state by heuristic 9.130344403393174 3.5670746356686323e-9 
iteration: 204,  #states: 1310, valueb: 3.5670746356686323e-9, activeness: 9.130344403393174, primalobj: 0.9999999926002452, dualobj: -Inf
solve--
end solve-- RelaxOptimal OPTIMAL
 weights_sum: 1.0000000000000746
itereffortlevel: 0
--separating...
--find a better primal bound 4.702824137873487 by Alternative descent Eigen
--found a cut state by heuristic 4.702824137873487 6.805109808993848e-9 
iteration: 205,  #states: 1311, valueb: 6.805109808993848e-9, activeness: 4.702824137873487, primalobj: 0.9999999844961676, dualobj: -Inf
solve--
end solve-- RelaxOptimal OPTIMAL
 weights_sum: 1.0000000000000318
itereffortlevel: 0
--separating...
--find a better primal bound 23.80854199195307 by Alternative descent Eigen
--found a cut state by heuristic 23.80854199195307 4.5643933077599286e-11 
iteration: 206,  #states: 1312, valueb: 4.5643933077599286e-11, activeness: 23.80854199195307, primalobj: 0.999999999652113, dualobj: -Inf
solve--
end solve-- RelaxOptimal OPTIMAL
 weights_sum: 1.0000000000001292
itereffortlevel: 0
--separating...
--find a better primal bound 6.786633843020587 by Alternative descent Eigen
--found a cut state by heuristic 6.786633843020587 2.9594104944408173e-12 
iteration: 207,  #states: 1313, valueb: 2.9594104944408173e-12, activeness: 6.786633843020587, primalobj: 0.9999999999630041, dualobj: -Inf
solve--
end solve-- RelaxOptimal OPTIMAL
 weights_sum: 1.000000000000404
itereffortlevel: 0
--separating...
--find a better primal bound 5.83591163639303 by Alternative descent Eigen
--found a cut state by heuristic 5.83591163639303 1.8265944312645388e-13 
iteration: 208,  #states: 1314, valueb: 1.8265944312645388e-13, activeness: 5.83591163639303, primalobj: 0.999999999998072, dualobj: -Inf
solve--
end solve-- RelaxOptimal OPTIMAL
 weights_sum: 1.0000000000001312
itereffortlevel: 0
--separating...
--find a better primal bound 17.621146313804182 by Alternative descent Eigen
--found a cut state by heuristic 17.621146313804182 3.299582829185965e-13 
iteration: 209,  #states: 1315, valueb: 3.299582829185965e-13, activeness: 17.621146313804182, primalobj: 0.9999999999979985, dualobj: -Inf
solve--
end solve-- RelaxOptimal OPTIMAL
 weights_sum: 1.0000000000001614
itereffortlevel: 0
--separating...
--find a better primal bound 7.613120841939132 by Alternative descent Eigen
--found a cut state by heuristic 7.613120841939132 1.907807245515869e-12 
iteration: 210,  #states: 1316, valueb: 1.907807245515869e-12, activeness: 7.613120841939132, primalobj: 0.9999999999924085, dualobj: -Inf
solve--
end solve-- RelaxOptimal OPTIMAL
 weights_sum: 1.0000000000000597
itereffortlevel: 0
--separating...
--find a better primal bound 8.033627772042923 by Alternative descent Eigen
--found a cut state by heuristic 8.033627772042923 6.911511363227874e-10 
iteration: 211,  #states: 1317, valueb: 6.911511363227874e-10, activeness: 8.033627772042923, primalobj: 0.9999999938811293, dualobj: -Inf
solve--
end solve-- RelaxOptimal OPTIMAL
 weights_sum: 1.0000000000001472
itereffortlevel: 0
--separating...
--find a better primal bound 15.828147422136574 by Alternative descent Eigen
--found a cut state by heuristic 15.828147422136574 -1.4956924587750109e-12 
iteration: 212,  #states: 1318, valueb: -1.4956924587750109e-12, activeness: 15.828147422136574, primalobj: 0.9999999999759281, dualobj: -Inf
solve--
end solve-- RelaxOptimal OPTIMAL
 weights_sum: 1.0000000000000613
itereffortlevel: 0
--separating...
--find a better primal bound 5.973113552604204 by Alternative descent Eigen
--found a cut state by heuristic 5.973113552604204 1.3263575238120495e-9 
iteration: 213,  #states: 1319, valueb: 1.3263575238120495e-9, activeness: 5.973113552604204, primalobj: 0.9999999900798517, dualobj: -Inf
solve--
end solve-- RelaxOptimal OPTIMAL
 weights_sum: 1.0000000000000553
itereffortlevel: 0
--separating...
--find a better primal bound 4.787448295593172 by Alternative descent Eigen
--found a cut state by heuristic 4.787448295593172 2.0439205883349132e-13 
iteration: 214,  #states: 1320, valueb: 2.0439205883349132e-13, activeness: 4.787448295593172, primalobj: 0.9999999999932714, dualobj: -Inf
solve--
end solve-- RelaxOptimal OPTIMAL
 weights_sum: 1.0000000000000504
itereffortlevel: 0
--separating...
--find a better primal bound 9.119212104491648 by Alternative descent Eigen
--found a cut state by heuristic 9.119212104491648 2.2746200478707124e-9 
iteration: 215,  #states: 1321, valueb: 2.2746200478707124e-9, activeness: 9.119212104491648, primalobj: 0.9999999935842564, dualobj: -Inf
solve--
end solve-- RelaxOptimal OPTIMAL
 weights_sum: 1.0000000000001363
itereffortlevel: 0
--separating...
--find a better primal bound 20.93751242616958 by Alternative descent Eigen
--found a cut state by heuristic 20.93751242616958 5.773159728050814e-15 
iteration: 216,  #states: 1322, valueb: 5.773159728050814e-15, activeness: 20.93751242616958, primalobj: 0.9999999999985638, dualobj: -Inf
solve--
end solve-- RelaxOptimal OPTIMAL
 weights_sum: 1.0000000000001161
itereffortlevel: 0
--separating...
--find a better primal bound 6.765545004230715 by Alternative descent Eigen
--found a cut state by heuristic 6.765545004230715 2.6766966421121197e-10 
iteration: 217,  #states: 1323, valueb: 2.6766966421121197e-10, activeness: 6.765545004230715, primalobj: 0.9999999970974703, dualobj: -Inf
solve--
end solve-- RelaxOptimal OPTIMAL
 weights_sum: 1.0000000000000708
itereffortlevel: 0
--separating...
--find a better primal bound 4.799008248076861 by Alternative descent Eigen
--found a cut state by heuristic 4.799008248076861 1.1546319456101628e-14 
iteration: 218,  #states: 1324, valueb: 1.1546319456101628e-14, activeness: 4.799008248076861, primalobj: 0.9999999999990776, dualobj: -Inf
solve--
end solve-- RelaxOptimal OPTIMAL
 weights_sum: 1.0000000000000593
itereffortlevel: 0
--separating...
--find a better primal bound 6.771731064107371 by Alternative descent Eigen
--found a cut state by heuristic 6.771731064107371 1.373540170490628e-11 
iteration: 219,  #states: 1325, valueb: 1.373540170490628e-11, activeness: 6.771731064107371, primalobj: 0.9999999989278132, dualobj: -Inf
solve--
end solve-- RelaxOptimal OPTIMAL
 weights_sum: 1.000000000000151
itereffortlevel: 0
--separating...
--find a better primal bound 19.08366160715632 by Alternative descent Eigen
--found a cut state by heuristic 19.08366160715632 6.24146778704926e-9 
iteration: 220,  #states: 1326, valueb: 6.24146778704926e-9, activeness: 19.08366160715632, primalobj: 0.9999999851274115, dualobj: -Inf
solve--
end solve-- RelaxOptimal OPTIMAL
 weights_sum: 1.0000000000000464
itereffortlevel: 0
--separating...
--find a better primal bound 15.751679030237668 by Alternative descent Eigen
--found a cut state by heuristic 15.751679030237668 4.899192163065891e-11 
iteration: 221,  #states: 1327, valueb: 4.899192163065891e-11, activeness: 15.751679030237668, primalobj: 0.9999999997795079, dualobj: -Inf
solve--
end solve-- RelaxOptimal OPTIMAL
 weights_sum: 1.0000000000001583
itereffortlevel: 0
--separating...
--find a better primal bound 7.250352027293957 by Alternative descent Eigen
--found a cut state by heuristic 7.250352027293957 5.904166044956582e-13 
iteration: 222,  #states: 1328, valueb: 5.904166044956582e-13, activeness: 7.250352027293957, primalobj: 0.9999999999952927, dualobj: -Inf
solve--
end solve-- RelaxOptimal OPTIMAL
 weights_sum: 1.0000000000001585
itereffortlevel: 0
--separating...
--find a better primal bound 15.39108851993155 by Alternative descent Eigen
--found a cut state by heuristic 15.39108851993155 9.700329428596888e-11 
iteration: 223,  #states: 1329, valueb: 9.700329428596888e-11, activeness: 15.39108851993155, primalobj: 0.9999999919363223, dualobj: -Inf
solve--
end solve-- RelaxOptimal OPTIMAL
 weights_sum: 1.0000000000003368
itereffortlevel: 0
--separating...
--find a better primal bound 30.76925642525862 by Alternative descent Eigen
--found a cut state by heuristic 30.76925642525862 1.3880452343073557e-10 
iteration: 224,  #states: 1330, valueb: 1.3880452343073557e-10, activeness: 30.76925642525862, primalobj: 0.9999999980672065, dualobj: -Inf
solve--
end solve-- RelaxOptimal OPTIMAL
 weights_sum: 1.0000000000002887
itereffortlevel: 0
--separating...
--find a better primal bound 25.481074441676988 by Alternative descent Eigen
--found a cut state by heuristic 25.481074441676988 1.9665984396510794e-9 
iteration: 225,  #states: 1331, valueb: 1.9665984396510794e-9, activeness: 25.481074441676988, primalobj: 0.9999999915587425, dualobj: -Inf
solve--
end solve-- RelaxOptimal OPTIMAL
 weights_sum: 1.0000000000001559
itereffortlevel: 0
--separating...
--find a better primal bound 23.986390748622796 by Alternative descent Eigen
--found a cut state by heuristic 23.986390748622796 9.344747198269943e-13 
iteration: 226,  #states: 1332, valueb: 9.344747198269943e-13, activeness: 23.986390748622796, primalobj: 0.9999999999949143, dualobj: -Inf
solve--
end solve-- RelaxOptimal OPTIMAL
 weights_sum: 1.000000000000047
itereffortlevel: 0
--separating...
--find a better primal bound 31.251924232074693 by Alternative descent Eigen
--found a cut state by heuristic 31.251924232074693 1.1008722822225536e-9 
iteration: 227,  #states: 1333, valueb: 1.1008722822225536e-9, activeness: 31.251924232074693, primalobj: 0.9999999934493147, dualobj: -Inf
solve--
end solve-- RelaxOptimal OPTIMAL
 weights_sum: 1.0000000000000326
itereffortlevel: 0
--separating...
--find a better primal bound 15.65549370355641 by Alternative descent Eigen
--found a cut state by heuristic 15.65549370355641 2.061531612085332e-9 
iteration: 228,  #states: 1334, valueb: 2.061531612085332e-9, activeness: 15.65549370355641, primalobj: 0.9999999968075963, dualobj: -Inf
solve--
end solve-- RelaxOptimal OPTIMAL
 weights_sum: 1.0000000000000806
itereffortlevel: 0
--separating...
--find a better primal bound 170.2332643337325 by Alternative descent Eigen
--found a cut state by heuristic 170.2332643337325 3.381472879482317e-10 
iteration: 229,  #states: 1335, valueb: 3.381472879482317e-10, activeness: 170.2332643337325, primalobj: 0.9999999957349104, dualobj: -Inf
solve--
end solve-- RelaxOptimal OPTIMAL
 weights_sum: 1.0000000000001616
itereffortlevel: 0
--separating...
--find a better primal bound 177.39511811130757 by Alternative descent Eigen
--found a cut state by heuristic 177.39511811130757 2.220446049250313e-13 
iteration: 230,  #states: 1336, valueb: 2.220446049250313e-13, activeness: 177.39511811130757, primalobj: 0.9999999999931575, dualobj: -Inf
solve--
end solve-- RelaxOptimal OPTIMAL
 weights_sum: 1.0000000000005393
itereffortlevel: 0
--separating...
--find a better primal bound 252.42995713048475 by Alternative descent Eigen
--found a cut state by heuristic 252.42995713048475 1.0501185698785775e-8 
iteration: 231,  #states: 1337, valueb: 1.0501185698785775e-8, activeness: 252.42995713048475, primalobj: 0.99999995851514, dualobj: -Inf
solve--
end solve-- RelaxOptimal OPTIMAL
 weights_sum: 0.9999999999999996
itereffortlevel: 0
--separating...
--find a better primal bound 0.9036527351378104 by Alternative descent Eigen
--found a cut state by heuristic 0.9036527351378104 0.11963933751091325 
iteration: 232,  #states: 1338, valueb: 0.11963933751091325, activeness: 0.9036527351378104, primalobj: 0.9962612707005242, dualobj: -Inf
solve--
end solve-- RelaxOptimal OPTIMAL
 weights_sum: 1.0000000000000004
itereffortlevel: 0
--separating...
--find a better primal bound 0.9314777940237742 by Alternative descent Eigen
--found a cut state by heuristic 0.9314777940237742 0.12615137371745333 
iteration: 233,  #states: 1339, valueb: 0.12615137371745333, activeness: 0.9314777940237742, primalobj: 0.9960577695713535, dualobj: -Inf
solve--
end solve-- RelaxOptimal OPTIMAL
 weights_sum: 1.0000000000000004
itereffortlevel: 0
--separating...
--find a better primal bound 1.0524440334151985 by Alternative descent Eigen
--found a cut state by heuristic 1.0524440334151985 0.016314080462773682 
iteration: 234,  #states: 1340, valueb: 0.016314080462773682, activeness: 1.0524440334151985, primalobj: 0.9958701612769565, dualobj: -Inf
solve--
end solve-- RelaxOptimal OPTIMAL
 weights_sum: 1.0000000000000002
itereffortlevel: 0
--separating...
--find a better primal bound 0.525264815149338 by Alternative descent Eigen
--found a cut state by heuristic 0.525264815149338 0.018212147385032667 
iteration: 235,  #states: 1341, valueb: 0.018212147385032667, activeness: 0.525264815149338, primalobj: 0.995466987933097, dualobj: -Inf
solve--
end solve-- RelaxOptimal OPTIMAL
 weights_sum: 0.9999999999999994
itereffortlevel: 0
--separating...
--find a better primal bound 0.33039045992929206 by Alternative descent Eigen
--found a cut state by heuristic 0.33039045992929206 0.044626009772395704 
iteration: 236,  #states: 1342, valueb: 0.044626009772395704, activeness: 0.33039045992929206, primalobj: 0.9953016303345226, dualobj: -Inf
solve--
end solve-- RelaxOptimal OPTIMAL
 weights_sum: 1.0000000000000016
itereffortlevel: 0
--separating...
--find a better primal bound 0.5289592525239153 by Alternative descent Eigen
--found a cut state by heuristic 0.5289592525239153 0.030086203788262367 
iteration: 237,  #states: 1343, valueb: 0.030086203788262367, activeness: 0.5289592525239153, primalobj: 0.9951449822895138, dualobj: -Inf
solve--
end solve-- RelaxOptimal OPTIMAL
 weights_sum: 1.0000000000000004
itereffortlevel: 0
--separating...
--find a better primal bound 0.4896458536868864 by Alternative descent Eigen
--found a cut state by heuristic 0.4896458536868864 0.003117958937741909 
iteration: 238,  #states: 1344, valueb: 0.003117958937741909, activeness: 0.4896458536868864, primalobj: 0.9950427909998373, dualobj: -Inf
solve--
end solve-- RelaxOptimal OPTIMAL
 weights_sum: 1.0000000000000013
itereffortlevel: 0
--separating...
--find a better primal bound 0.6747648303707663 by Alternative descent Eigen
--found a cut state by heuristic 0.6747648303707663 0.05207394126995148 
iteration: 239,  #states: 1345, valueb: 0.05207394126995148, activeness: 0.6747648303707663, primalobj: 0.994838222675706, dualobj: -Inf
solve--
end solve-- RelaxOptimal OPTIMAL
 weights_sum: 0.9999999999999988
itereffortlevel: 0
--separating...
--find a better primal bound 0.3675321029658854 by Alternative descent Eigen
--found a cut state by heuristic 0.3675321029658854 0.043905049967019105 
iteration: 240,  #states: 1346, valueb: 0.043905049967019105, activeness: 0.3675321029658854, primalobj: 0.9946402558685059, dualobj: -Inf
solve--
end solve-- RelaxOptimal OPTIMAL
 weights_sum: 0.9999999999999998
itereffortlevel: 0
--separating...
--find a better primal bound 0.35624014475304133 by Alternative descent Eigen
--found a cut state by heuristic 0.35624014475304133 0.03554507850207038 
iteration: 241,  #states: 1347, valueb: 0.03554507850207038, activeness: 0.35624014475304133, primalobj: 0.994543559000771, dualobj: -Inf
solve--
end solve-- RelaxOptimal OPTIMAL
 weights_sum: 1.0
itereffortlevel: 0
--separating...
--find a better primal bound 0.4065215111308731 by Alternative descent Eigen
--found a cut state by heuristic 0.4065215111308731 0.04622021470544736 
iteration: 242,  #states: 1348, valueb: 0.04622021470544736, activeness: 0.4065215111308731, primalobj: 0.9944433843241549, dualobj: -Inf
solve--
end solve-- RelaxOptimal OPTIMAL
 weights_sum: 0.9999999999999998
itereffortlevel: 0
--separating...
--find a better primal bound 0.41228827390015 by Alternative descent Eigen
--found a cut state by heuristic 0.41228827390015 0.0016973023634467774 
iteration: 243,  #states: 1349, valueb: 0.0016973023634467774, activeness: 0.41228827390015, primalobj: 0.9943105245751958, dualobj: -Inf
solve--
end solve-- RelaxOptimal OPTIMAL
 weights_sum: 0.9999999999999994
itereffortlevel: 0
--separating...
--find a better primal bound 0.3766229339525444 by Alternative descent Eigen
--found a cut state by heuristic 0.3766229339525444 0.0244604115741735 
iteration: 244,  #states: 1350, valueb: 0.0244604115741735, activeness: 0.3766229339525444, primalobj: 0.9942034744419472, dualobj: -Inf
solve--
end solve-- RelaxOptimal OPTIMAL
 weights_sum: 0.9999999999999987
itereffortlevel: 0
--separating...
--find a better primal bound 0.4405161275211862 by Alternative descent Eigen
--found a cut state by heuristic 0.4405161275211862 0.011566008773898016 
iteration: 245,  #states: 1351, valueb: 0.011566008773898016, activeness: 0.4405161275211862, primalobj: 0.9941206247957588, dualobj: -Inf
solve--
end solve-- RelaxOptimal OPTIMAL
 weights_sum: 1.0000000000000016
itereffortlevel: 0
--separating...
--find a better primal bound 0.3250286678231028 by Alternative descent Eigen
--found a cut state by heuristic 0.3250286678231028 0.028632180456239723 
iteration: 246,  #states: 1352, valueb: 0.028632180456239723, activeness: 0.3250286678231028, primalobj: 0.9939699732949837, dualobj: -Inf
solve--
end solve-- RelaxOptimal OPTIMAL
 weights_sum: 0.9999999999999996
itereffortlevel: 0
--separating...
--find a better primal bound 0.2948410058489937 by Alternative descent Eigen
--found a cut state by heuristic 0.2948410058489937 -0.0 
iteration: 247,  #states: 1353, valueb: -0.0, activeness: 0.2948410058489937, primalobj: 0.9938307804496997, dualobj: -Inf
solve--
end solve-- RelaxOptimal OPTIMAL
 weights_sum: 1.0000000000000007
itereffortlevel: 0
--separating...
--find a better primal bound 0.31407132109532815 by Alternative descent Eigen
--found a cut state by heuristic 0.31407132109532815 0.03644349146029561 
iteration: 248,  #states: 1354, valueb: 0.03644349146029561, activeness: 0.31407132109532815, primalobj: 0.993709343930891, dualobj: -Inf
solve--
end solve-- RelaxOptimal OPTIMAL
 weights_sum: 1.0
itereffortlevel: 0
--separating...
--find a better primal bound 0.22978663084847967 by Alternative descent Eigen
--found a cut state by heuristic 0.22978663084847967 0.022314579002101917 
iteration: 249,  #states: 1355, valueb: 0.022314579002101917, activeness: 0.22978663084847967, primalobj: 0.9936453433398147, dualobj: -Inf
solve--
end solve-- RelaxOptimal OPTIMAL
 weights_sum: 0.9999999999999999
itereffortlevel: 0
--separating...
--find a better primal bound 0.31646956948459254 by Alternative descent Eigen
--found a cut state by heuristic 0.31646956948459254 0.0235813624737183 
iteration: 250,  #states: 1356, valueb: 0.0235813624737183, activeness: 0.31646956948459254, primalobj: 0.9935812671346638, dualobj: -Inf
solve--
end solve-- RelaxOptimal OPTIMAL
 weights_sum: 1.0000000000000004
itereffortlevel: 0
--separating...
--find a better primal bound 0.3990208790154811 by Alternative descent Eigen
--found a cut state by heuristic 0.3990208790154811 0.04142505592791589 
iteration: 251,  #states: 1357, valueb: 0.04142505592791589, activeness: 0.3990208790154811, primalobj: 0.9934859935859004, dualobj: -Inf
solve--
end solve-- RelaxOptimal OPTIMAL
 weights_sum: 1.0000000000000009
itereffortlevel: 0
--separating...
--find a better primal bound 0.2772424588930644 by Alternative descent Eigen
--found a cut state by heuristic 0.2772424588930644 0.0020316962242925805 
iteration: 252,  #states: 1358, valueb: 0.0020316962242925805, activeness: 0.2772424588930644, primalobj: 0.9933793760777561, dualobj: -Inf
solve--
end solve-- RelaxOptimal OPTIMAL
 weights_sum: 1.0000000000000002
itereffortlevel: 0
--separating...
--find a better primal bound 0.4782785984328536 by Alternative descent Eigen
--found a cut state by heuristic 0.4782785984328536 0.007531030396475078 
iteration: 253,  #states: 1359, valueb: 0.007531030396475078, activeness: 0.4782785984328536, primalobj: 0.9932970012463106, dualobj: -Inf
solve--
end solve-- RelaxOptimal OPTIMAL
 weights_sum: 1.0000000000000009
itereffortlevel: 0
--separating...
--find a better primal bound 0.3900908940229505 by Alternative descent Eigen
--found a cut state by heuristic 0.3900908940229505 0.04988417520704541 
iteration: 254,  #states: 1360, valueb: 0.04988417520704541, activeness: 0.3900908940229505, primalobj: 0.9931793916969418, dualobj: -Inf
solve--
end solve-- RelaxOptimal OPTIMAL
 weights_sum: 1.0000000000000009
itereffortlevel: 0
--separating...
--find a better primal bound 0.2888046720810198 by Alternative descent Eigen
--found a cut state by heuristic 0.2888046720810198 0.010741023073644846 
iteration: 255,  #states: 1361, valueb: 0.010741023073644846, activeness: 0.2888046720810198, primalobj: 0.9930817294595571, dualobj: -Inf
solve--
end solve-- RelaxOptimal OPTIMAL
 weights_sum: 1.0000000000000002
itereffortlevel: 0
--separating...
--find a better primal bound 0.3733066483245906 by Alternative descent Eigen
--found a cut state by heuristic 0.3733066483245906 0.019365024515363823 
iteration: 256,  #states: 1362, valueb: 0.019365024515363823, activeness: 0.3733066483245906, primalobj: 0.9930395118431052, dualobj: -Inf
solve--
end solve-- RelaxOptimal OPTIMAL
 weights_sum: 1.0000001882377219
itereffortlevel: 0
--separating...
--find a better primal bound 0.37432846121620006 by Alternative descent Eigen
--found a cut state by heuristic 0.37432846121620006 0.033272104367684685 
iteration: 257,  #states: 1363, valueb: 0.033272104367684685, activeness: 0.37432846121620006, primalobj: 0.9929361028928154, dualobj: -Inf
solve--
end solve-- RelaxOptimal OPTIMAL
 weights_sum: 0.9999999999999991
itereffortlevel: 0
--separating...
--find a better primal bound 0.41599804411586694 by Alternative descent Eigen
--found a cut state by heuristic 0.41599804411586694 0.013674464144662231 
iteration: 258,  #states: 1364, valueb: 0.013674464144662231, activeness: 0.41599804411586694, primalobj: 0.9928484594818974, dualobj: -Inf
solve--
end solve-- RelaxOptimal OPTIMAL
 weights_sum: 1.0000001264637863
itereffortlevel: 0
--separating...
--find a better primal bound 0.28423550963111965 by Alternative descent Eigen
--found a cut state by heuristic 0.28423550963111965 0.05058211941773856 
iteration: 259,  #states: 1365, valueb: 0.05058211941773856, activeness: 0.28423550963111965, primalobj: 0.9927531559106484, dualobj: -Inf
solve--
end solve-- RelaxOptimal OPTIMAL
 weights_sum: 1.0000000000000009
itereffortlevel: 0
--separating...
--find a better primal bound 0.22473265932993863 by Alternative descent Eigen
--found a cut state by heuristic 0.22473265932993863 0.04774441532807433 
iteration: 260,  #states: 1366, valueb: 0.04774441532807433, activeness: 0.22473265932993863, primalobj: 0.9926459467724471, dualobj: -Inf
solve--
end solve-- RelaxOptimal OPTIMAL
 weights_sum: 0.9999999999999982
itereffortlevel: 0
--separating...
--find a better primal bound 0.2864836222414968 by Alternative descent Eigen
--found a cut state by heuristic 0.2864836222414968 0.040021329703334774 
iteration: 261,  #states: 1367, valueb: 0.040021329703334774, activeness: 0.2864836222414968, primalobj: 0.9925752350702869, dualobj: -Inf
solve--
end solve-- RelaxOptimal OPTIMAL
 weights_sum: 1.0000000000000009
itereffortlevel: 0
--separating...
--find a better primal bound 0.5230108656058705 by Alternative descent Eigen
--found a cut state by heuristic 0.5230108656058705 0.030696950114589727 
iteration: 262,  #states: 1368, valueb: 0.030696950114589727, activeness: 0.5230108656058705, primalobj: 0.9925307828301426, dualobj: -Inf
solve--
end solve-- RelaxOptimal OPTIMAL
 weights_sum: 1.0000000000000007
itereffortlevel: 0
--separating...
--find a better primal bound 0.4490487161528506 by Alternative descent Eigen
--found a cut state by heuristic 0.4490487161528506 0.032701510737625936 
iteration: 263,  #states: 1369, valueb: 0.032701510737625936, activeness: 0.4490487161528506, primalobj: 0.9923292273001527, dualobj: -Inf
solve--
end solve-- RelaxOptimal OPTIMAL
 weights_sum: 0.9999999999999999
itereffortlevel: 0
--separating...
--find a better primal bound 0.3178029777043834 by Alternative descent Eigen
--found a cut state by heuristic 0.3178029777043834 0.013112173864655071 
iteration: 264,  #states: 1370, valueb: 0.013112173864655071, activeness: 0.3178029777043834, primalobj: 0.9921565427885535, dualobj: -Inf
solve--
end solve-- RelaxOptimal OPTIMAL
 weights_sum: 1.0
itereffortlevel: 0
--separating...
--find a better primal bound 0.3199071304597386 by Alternative descent Eigen
--found a cut state by heuristic 0.3199071304597386 0.024947565748055477 
iteration: 265,  #states: 1371, valueb: 0.024947565748055477, activeness: 0.3199071304597386, primalobj: 0.9920617967512991, dualobj: -Inf
solve--
end solve-- RelaxOptimal OPTIMAL
 weights_sum: 1.0000000000000009
itereffortlevel: 0
--separating...
--find a better primal bound 0.3395600404791157 by Alternative descent Eigen
--found a cut state by heuristic 0.3395600404791157 0.013115831700067488 
iteration: 266,  #states: 1372, valueb: 0.013115831700067488, activeness: 0.3395600404791157, primalobj: 0.9919618983048218, dualobj: -Inf
solve--
end solve-- RelaxOptimal OPTIMAL
 weights_sum: 1.0000000000000002
itereffortlevel: 0
--separating...
--find a better primal bound 0.44130617424771623 by Alternative descent Eigen
--found a cut state by heuristic 0.44130617424771623 0.029794541578496543 
iteration: 267,  #states: 1373, valueb: 0.029794541578496543, activeness: 0.44130617424771623, primalobj: 0.9918438289886313, dualobj: -Inf
solve--
end solve-- RelaxOptimal OPTIMAL
 weights_sum: 1.0000000000000004
itereffortlevel: 0
--separating...
--find a better primal bound 0.31902091684478884 by Alternative descent Eigen
--found a cut state by heuristic 0.31902091684478884 0.014527677683679132 
iteration: 268,  #states: 1374, valueb: 0.014527677683679132, activeness: 0.31902091684478884, primalobj: 0.9917572004264509, dualobj: -Inf
solve--
end solve-- RelaxOptimal OPTIMAL
 weights_sum: 0.9999999999999991
itereffortlevel: 0
--separating...
--find a better primal bound 0.26948092268447915 by Alternative descent Eigen
--found a cut state by heuristic 0.26948092268447915 0.0028090896158244226 
iteration: 269,  #states: 1375, valueb: 0.0028090896158244226, activeness: 0.26948092268447915, primalobj: 0.991661605842937, dualobj: -Inf
solve--
end solve-- RelaxOptimal OPTIMAL
 weights_sum: 1.0000000000000007
itereffortlevel: 0
--separating...
--find a better primal bound 0.4293409018621595 by Alternative descent Eigen
--found a cut state by heuristic 0.4293409018621595 0.05563251069270459 
iteration: 270,  #states: 1376, valueb: 0.05563251069270459, activeness: 0.4293409018621595, primalobj: 0.9915712917767534, dualobj: -Inf
solve--
end solve-- RelaxOptimal OPTIMAL
 weights_sum: 1.0000000000000016
itereffortlevel: 0
--separating...
--find a better primal bound 0.37453374361037184 by Alternative descent Eigen
--found a cut state by heuristic 0.37453374361037184 0.017591418568422057 
iteration: 271,  #states: 1377, valueb: 0.017591418568422057, activeness: 0.37453374361037184, primalobj: 0.9914049866027281, dualobj: -Inf
solve--
end solve-- RelaxOptimal OPTIMAL
 weights_sum: 1.0
itereffortlevel: 0
--separating...
--find a better primal bound 0.2533838364456068 by Alternative descent Eigen
--found a cut state by heuristic 0.2533838364456068 0.03231868603719844 
iteration: 272,  #states: 1378, valueb: 0.03231868603719844, activeness: 0.2533838364456068, primalobj: 0.9912985956410459, dualobj: -Inf
solve--
end solve-- RelaxOptimal OPTIMAL
 weights_sum: 0.9999999999999998
itereffortlevel: 0
--separating...
--find a better primal bound 0.21158764953014897 by Alternative descent Eigen
--found a cut state by heuristic 0.21158764953014897 -0.0 
iteration: 273,  #states: 1379, valueb: -0.0, activeness: 0.21158764953014897, primalobj: 0.9911925405245174, dualobj: -Inf
solve--
end solve-- RelaxOptimal OPTIMAL
 weights_sum: 1.0000000000000007
itereffortlevel: 0
--separating...
--find a better primal bound 0.2766236211549615 by Alternative descent Eigen
--found a cut state by heuristic 0.2766236211549615 0.0505074318997673 
iteration: 274,  #states: 1380, valueb: 0.0505074318997673, activeness: 0.2766236211549615, primalobj: 0.9911486687068132, dualobj: -Inf
solve--
end solve-- RelaxOptimal OPTIMAL
 weights_sum: 1.0000000000000002
itereffortlevel: 0
--separating...
--find a better primal bound 0.23906058896605273 by Alternative descent Eigen
--found a cut state by heuristic 0.23906058896605273 0.029868515320833455 
iteration: 275,  #states: 1381, valueb: 0.029868515320833455, activeness: 0.23906058896605273, primalobj: 0.9911080600745186, dualobj: -Inf
solve--
end solve-- RelaxOptimal OPTIMAL
 weights_sum: 0.9999999999999988
itereffortlevel: 0
--separating...
--find a better primal bound 0.19433511976504042 by Alternative descent Eigen
--found a cut state by heuristic 0.19433511976504042 0.01849541281505015 
iteration: 276,  #states: 1382, valueb: 0.01849541281505015, activeness: 0.19433511976504042, primalobj: 0.9910762225542928, dualobj: -Inf
solve--
end solve-- RelaxOptimal OPTIMAL
 weights_sum: 0.9999999999999996
itereffortlevel: 0
--separating...
--find a better primal bound 0.37796058483992023 by Alternative descent Eigen
--found a cut state by heuristic 0.37796058483992023 0.04460390815617073 
iteration: 277,  #states: 1383, valueb: 0.04460390815617073, activeness: 0.37796058483992023, primalobj: 0.991044006328395, dualobj: -Inf
solve--
end solve-- RelaxOptimal OPTIMAL
 weights_sum: 0.9999999999999996
itereffortlevel: 0
--separating...
--find a better primal bound 0.3937038168526103 by Alternative descent Eigen
--found a cut state by heuristic 0.3937038168526103 0.05253499766555307 
iteration: 278,  #states: 1384, valueb: 0.05253499766555307, activeness: 0.3937038168526103, primalobj: 0.9909180972373789, dualobj: -Inf
solve--
end solve-- RelaxOptimal OPTIMAL
 weights_sum: 1.0000004544927632
itereffortlevel: 0
--separating...
--find a better primal bound 0.38081787321658406 by Alternative descent Eigen
--found a cut state by heuristic 0.38081787321658406 -0.0 
iteration: 279,  #states: 1385, valueb: -0.0, activeness: 0.38081787321658406, primalobj: 0.9907953195597818, dualobj: -Inf
solve--
end solve-- RelaxOptimal OPTIMAL
 weights_sum: 0.9999999999999994
itereffortlevel: 0
--separating...
--find a better primal bound 0.3863511500729352 by Alternative descent Eigen
--found a cut state by heuristic 0.3863511500729352 0.049254757948230976 
iteration: 280,  #states: 1386, valueb: 0.049254757948230976, activeness: 0.3863511500729352, primalobj: 0.9906714930771088, dualobj: -Inf
solve--
end solve-- RelaxOptimal OPTIMAL
 weights_sum: 0.9999999999999993
itereffortlevel: 0
--separating...
--find a better primal bound 0.2264885751545776 by Alternative descent Eigen
--found a cut state by heuristic 0.2264885751545776 -0.0 
iteration: 281,  #states: 1387, valueb: -0.0, activeness: 0.2264885751545776, primalobj: 0.9905318410558197, dualobj: -Inf
solve--
end solve-- RelaxOptimal OPTIMAL
 weights_sum: 1.0000000561954483
itereffortlevel: 0
--separating...
--find a better primal bound 0.2684162452397379 by Alternative descent Eigen
--found a cut state by heuristic 0.2684162452397379 0.020030043799277735 
iteration: 282,  #states: 1388, valueb: 0.020030043799277735, activeness: 0.2684162452397379, primalobj: 0.9904298933305018, dualobj: -Inf
solve--
end solve-- RelaxOptimal OPTIMAL
 weights_sum: 0.9999999999999998
itereffortlevel: 0
--separating...
--find a better primal bound 0.2856259240863281 by Alternative descent Eigen
--found a cut state by heuristic 0.2856259240863281 0.03781615649436177 
iteration: 283,  #states: 1389, valueb: 0.03781615649436177, activeness: 0.2856259240863281, primalobj: 0.9903487200947161, dualobj: -Inf
solve--
end solve-- RelaxOptimal OPTIMAL
 weights_sum: 1.0000000000000004
itereffortlevel: 0
--separating...
--find a better primal bound 0.2809615255620895 by Alternative descent Eigen
--found a cut state by heuristic 0.2809615255620895 0.03645896197000942 
iteration: 284,  #states: 1390, valueb: 0.03645896197000942, activeness: 0.2809615255620895, primalobj: 0.9902963217852307, dualobj: -Inf
solve--
end solve-- RelaxOptimal OPTIMAL
 weights_sum: 0.9999999999999994
itereffortlevel: 0
--separating...
--find a better primal bound 0.3033841365320856 by Alternative descent Eigen
--found a cut state by heuristic 0.3033841365320856 0.03677748017692603 
iteration: 285,  #states: 1391, valueb: 0.03677748017692603, activeness: 0.3033841365320856, primalobj: 0.9902212984976055, dualobj: -Inf
solve--
end solve-- RelaxOptimal OPTIMAL
 weights_sum: 0.9999999999999991
itereffortlevel: 0
--separating...
--find a better primal bound 0.18002287684650298 by Alternative descent Eigen
--found a cut state by heuristic 0.18002287684650298 0.04523171960269445 
iteration: 286,  #states: 1392, valueb: 0.04523171960269445, activeness: 0.18002287684650298, primalobj: 0.9901475783097611, dualobj: -Inf
solve--
end solve-- RelaxOptimal OPTIMAL
 weights_sum: 1.0000000000000004
itereffortlevel: 0
--separating...
--find a better primal bound 0.35787950500930177 by Alternative descent Eigen
--found a cut state by heuristic 0.35787950500930177 0.013920543515212231 
iteration: 287,  #states: 1393, valueb: 0.013920543515212231, activeness: 0.35787950500930177, primalobj: 0.9900953623643025, dualobj: -Inf
solve--
end solve-- RelaxOptimal OPTIMAL
 weights_sum: 0.9999999999999996
itereffortlevel: 0
--separating...
--find a better primal bound 0.542715227782287 by Alternative descent Eigen
--found a cut state by heuristic 0.542715227782287 0.05461723829070284 
iteration: 288,  #states: 1394, valueb: 0.05461723829070284, activeness: 0.542715227782287, primalobj: 0.9899593688412732, dualobj: -Inf
solve--
end solve-- RelaxOptimal OPTIMAL
 weights_sum: 0.9999999999999989
itereffortlevel: 0
--separating...
--find a better primal bound 0.4147028472029625 by Alternative descent Eigen
--found a cut state by heuristic 0.4147028472029625 0.016383176547697692 
iteration: 289,  #states: 1395, valueb: 0.016383176547697692, activeness: 0.4147028472029625, primalobj: 0.9897900520896861, dualobj: -Inf
solve--
end solve-- RelaxOptimal OPTIMAL
 weights_sum: 1.0000000000000004
itereffortlevel: 0
--separating...
--find a better primal bound 0.36138227758220914 by Alternative descent Eigen
--found a cut state by heuristic 0.36138227758220914 0.05540744641261154 
iteration: 290,  #states: 1396, valueb: 0.05540744641261154, activeness: 0.36138227758220914, primalobj: 0.9896113011888554, dualobj: -Inf
solve--
end solve-- RelaxOptimal OPTIMAL
 weights_sum: 1.0000000116592023
itereffortlevel: 0
--separating...
--find a better primal bound 0.5284337466629057 by Alternative descent Eigen
--found a cut state by heuristic 0.5284337466629057 0.05053413440586997 
iteration: 291,  #states: 1397, valueb: 0.05053413440586997, activeness: 0.5284337466629057, primalobj: 0.9895302326412739, dualobj: -Inf
solve--
end solve-- RelaxOptimal OPTIMAL
 weights_sum: 0.9999999999999993
itereffortlevel: 0
--separating...
--find a better primal bound 0.3010855749535888 by Alternative descent Eigen
--found a cut state by heuristic 0.3010855749535888 0.05866994659633908 
iteration: 292,  #states: 1398, valueb: 0.05866994659633908, activeness: 0.3010855749535888, primalobj: 0.98932396524424, dualobj: -Inf
solve--
end solve-- RelaxOptimal OPTIMAL
 weights_sum: 0.9999999999999991
itereffortlevel: 0
--separating...
--find a better primal bound 0.44417867782541254 by Alternative descent Eigen
--found a cut state by heuristic 0.44417867782541254 0.07991360235597815 
iteration: 293,  #states: 1399, valueb: 0.07991360235597815, activeness: 0.44417867782541254, primalobj: 0.989212300534358, dualobj: -Inf
solve--
end solve-- RelaxOptimal OPTIMAL
 weights_sum: 1.0000000000000007
itereffortlevel: 0
--separating...
--find a better primal bound 0.32441009254902126 by Alternative descent Eigen
--found a cut state by heuristic 0.32441009254902126 0.03555414729320522 
iteration: 294,  #states: 1400, valueb: 0.03555414729320522, activeness: 0.32441009254902126, primalobj: 0.9890338340876939, dualobj: -Inf
solve--
end solve-- RelaxOptimal OPTIMAL
 weights_sum: 0.9999999999999991
itereffortlevel: 0
--separating...
--find a better primal bound 0.32478298118455573 by Alternative descent Eigen
--found a cut state by heuristic 0.32478298118455573 0.07374760990606936 
iteration: 295,  #states: 1401, valueb: 0.07374760990606936, activeness: 0.32478298118455573, primalobj: 0.9889366162299298, dualobj: -Inf
solve--
end solve-- RelaxOptimal OPTIMAL
 weights_sum: 0.9999999999999991
itereffortlevel: 0
--separating...
--find a better primal bound 0.4090787430573629 by Alternative descent Eigen
--found a cut state by heuristic 0.4090787430573629 0.08342684726190674 
iteration: 296,  #states: 1402, valueb: 0.08342684726190674, activeness: 0.4090787430573629, primalobj: 0.988887505592391, dualobj: -Inf
solve--
end solve-- RelaxOptimal OPTIMAL
 weights_sum: 1.0000000000000004
itereffortlevel: 0
--separating...
--find a better primal bound 0.3286169132259266 by Alternative descent Eigen
--found a cut state by heuristic 0.3286169132259266 0.005964114429002462 
iteration: 297,  #states: 1403, valueb: 0.005964114429002462, activeness: 0.3286169132259266, primalobj: 0.9887695826961114, dualobj: -Inf
solve--
end solve-- RelaxOptimal OPTIMAL
 weights_sum: 1.0000000000000004
itereffortlevel: 0
--separating...
--find a better primal bound 0.3255841744264623 by Alternative descent Eigen
--found a cut state by heuristic 0.3255841744264623 0.0485480556542956 
iteration: 298,  #states: 1404, valueb: 0.0485480556542956, activeness: 0.3255841744264623, primalobj: 0.9886548918389766, dualobj: -Inf
solve--
end solve-- RelaxOptimal OPTIMAL
 weights_sum: 0.9999999999999997
itereffortlevel: 0
--separating...
--find a better primal bound 0.38952410341081245 by Alternative descent Eigen
--found a cut state by heuristic 0.38952410341081245 0.046440916404750246 
iteration: 299,  #states: 1405, valueb: 0.046440916404750246, activeness: 0.38952410341081245, primalobj: 0.9885742715227197, dualobj: -Inf
solve--
end solve-- RelaxOptimal OPTIMAL
 weights_sum: 1.0000000000000004
itereffortlevel: 0
--separating...
--find a better primal bound 0.23366430317598022 by Alternative descent Eigen
--found a cut state by heuristic 0.23366430317598022 0.04524339418825005 
iteration: 300,  #states: 1406, valueb: 0.04524339418825005, activeness: 0.23366430317598022, primalobj: 0.9884476306068234, dualobj: -Inf
solve--
end solve-- RelaxOptimal OPTIMAL
 weights_sum: 0.9999999999999993
itereffortlevel: 0
--separating...
--find a better primal bound 0.4017122406700119 by Alternative descent Eigen
--found a cut state by heuristic 0.4017122406700119 0.0360296374446146 
iteration: 301,  #states: 1407, valueb: 0.0360296374446146, activeness: 0.4017122406700119, primalobj: 0.9883619640322017, dualobj: -Inf
solve--
end solve-- RelaxOptimal OPTIMAL
 weights_sum: 0.9999999999999997
itereffortlevel: 0
--separating...
--find a better primal bound 0.3121306760633026 by Alternative descent Eigen
--found a cut state by heuristic 0.3121306760633026 0.03965761598533648 
iteration: 302,  #states: 1408, valueb: 0.03965761598533648, activeness: 0.3121306760633026, primalobj: 0.9883054214577667, dualobj: -Inf
solve--
end solve-- RelaxOptimal OPTIMAL
 weights_sum: 0.9999999999999998
itereffortlevel: 0
--separating...
--find a better primal bound 0.30833223552952915 by Alternative descent Eigen
--found a cut state by heuristic 0.30833223552952915 0.056145559013903085 
iteration: 303,  #states: 1409, valueb: 0.056145559013903085, activeness: 0.30833223552952915, primalobj: 0.9882456822409759, dualobj: -Inf
solve--
end solve-- RelaxOptimal OPTIMAL
 weights_sum: 1.0000000000000004
itereffortlevel: 0
--separating...
--find a better primal bound 0.23424978633059135 by Alternative descent Eigen
--found a cut state by heuristic 0.23424978633059135 0.07438415803292509 
iteration: 304,  #states: 1410, valueb: 0.07438415803292509, activeness: 0.23424978633059135, primalobj: 0.9881709175965983, dualobj: -Inf
solve--
end solve-- RelaxOptimal OPTIMAL
 weights_sum: 0.9999999999999999
itereffortlevel: 0
--separating...
--find a better primal bound 0.3062554959063886 by Alternative descent Eigen
--found a cut state by heuristic 0.3062554959063886 0.06034153076114798 
iteration: 305,  #states: 1411, valueb: 0.06034153076114798, activeness: 0.3062554959063886, primalobj: 0.9881469983073025, dualobj: -Inf
solve--
end solve-- RelaxOptimal OPTIMAL
 weights_sum: 0.9999999999999998
itereffortlevel: 0
--separating...
--find a better primal bound 0.5521018678949593 by Alternative descent Eigen
--found a cut state by heuristic 0.5521018678949593 0.0412729602967935 
iteration: 306,  #states: 1412, valueb: 0.0412729602967935, activeness: 0.5521018678949593, primalobj: 0.9880940233241973, dualobj: -Inf
solve--
end solve-- RelaxOptimal OPTIMAL
 weights_sum: 0.9999999999999989
itereffortlevel: 0
--separating...
--find a better primal bound 0.226027972222353 by Alternative descent Eigen
--found a cut state by heuristic 0.226027972222353 0.04899606949945989 
iteration: 307,  #states: 1413, valueb: 0.04899606949945989, activeness: 0.226027972222353, primalobj: 0.987959749605383, dualobj: -Inf
solve--
end solve-- RelaxOptimal OPTIMAL
 weights_sum: 0.9999999999999998
itereffortlevel: 0
--separating...
--find a better primal bound 0.2424346634577117 by Alternative descent Eigen
--found a cut state by heuristic 0.2424346634577117 0.008133708571733778 
iteration: 308,  #states: 1414, valueb: 0.008133708571733778, activeness: 0.2424346634577117, primalobj: 0.9879189254783599, dualobj: -Inf
solve--
end solve-- RelaxOptimal OPTIMAL
 weights_sum: 1.0
itereffortlevel: 0
--separating...
--find a better primal bound 0.22614938314601715 by Alternative descent Eigen
--found a cut state by heuristic 0.22614938314601715 0.01002766497856733 
iteration: 309,  #states: 1415, valueb: 0.01002766497856733, activeness: 0.22614938314601715, primalobj: 0.9878360926755888, dualobj: -Inf
solve--
end solve-- RelaxOptimal OPTIMAL
 weights_sum: 0.9999999999999989
itereffortlevel: 0
--separating...
--find a better primal bound 0.31854940340084015 by Alternative descent Eigen
--found a cut state by heuristic 0.31854940340084015 0.030485508199665154 
iteration: 310,  #states: 1416, valueb: 0.030485508199665154, activeness: 0.31854940340084015, primalobj: 0.9877859077131339, dualobj: -Inf
solve--
end solve-- RelaxOptimal OPTIMAL
 weights_sum: 1.0
itereffortlevel: 0
--separating...
--find a better primal bound 0.28766662881101795 by Alternative descent Eigen
--found a cut state by heuristic 0.28766662881101795 0.02789371156596215 
iteration: 311,  #states: 1417, valueb: 0.02789371156596215, activeness: 0.28766662881101795, primalobj: 0.987716155034112, dualobj: -Inf
solve--
end solve-- RelaxOptimal OPTIMAL
 weights_sum: 1.0000009760080657
itereffortlevel: 0
--separating...
--find a better primal bound 0.2845843021152045 by Alternative descent Eigen
--found a cut state by heuristic 0.2845843021152045 0.03746900166962855 
iteration: 312,  #states: 1418, valueb: 0.03746900166962855, activeness: 0.2845843021152045, primalobj: 0.9876565087350329, dualobj: -Inf
solve--
end solve-- RelaxOptimal OPTIMAL
 weights_sum: 1.0
itereffortlevel: 0
--separating...
--find a better primal bound 0.2672735740377135 by Alternative descent Eigen
--found a cut state by heuristic 0.2672735740377135 0.028467992512388213 
iteration: 313,  #states: 1419, valueb: 0.028467992512388213, activeness: 0.2672735740377135, primalobj: 0.9875814647443035, dualobj: -Inf
solve--
end solve-- RelaxOptimal OPTIMAL
 weights_sum: 0.9999999999999993
itereffortlevel: 0
--separating...
--find a better primal bound 0.31893159742753574 by Alternative descent Eigen
--found a cut state by heuristic 0.31893159742753574 0.040992791716992556 
iteration: 314,  #states: 1420, valueb: 0.040992791716992556, activeness: 0.31893159742753574, primalobj: 0.9875054152911298, dualobj: -Inf
solve--
end solve-- RelaxOptimal OPTIMAL
 weights_sum: 0.9999999999999993
itereffortlevel: 0
--separating...
--find a better primal bound 0.31326466311903123 by Alternative descent Eigen
--found a cut state by heuristic 0.31326466311903123 0.04556084850678635 
iteration: 315,  #states: 1421, valueb: 0.04556084850678635, activeness: 0.31326466311903123, primalobj: 0.9874203174382347, dualobj: -Inf
solve--
end solve-- RelaxOptimal OPTIMAL
 weights_sum: 1.0000000000000004
itereffortlevel: 0
--separating...
--find a better primal bound 0.2546779498332017 by Alternative descent Eigen
--found a cut state by heuristic 0.2546779498332017 0.027117694957084066 
iteration: 316,  #states: 1422, valueb: 0.027117694957084066, activeness: 0.2546779498332017, primalobj: 0.987334744560477, dualobj: -Inf
solve--
end solve-- RelaxOptimal OPTIMAL
 weights_sum: 0.9999999999999982
itereffortlevel: 0
--separating...
--find a better primal bound 0.2803498942349786 by Alternative descent Eigen
--found a cut state by heuristic 0.2803498942349786 0.04593239333225591 
iteration: 317,  #states: 1423, valueb: 0.04593239333225591, activeness: 0.2803498942349786, primalobj: 0.9872612241291266, dualobj: -Inf
solve--
end solve-- RelaxOptimal OPTIMAL
 weights_sum: 1.000000000000001
itereffortlevel: 0
--separating...
--find a better primal bound 0.263655629521307 by Alternative descent Eigen
--found a cut state by heuristic 0.263655629521307 0.058450161163238284 
iteration: 318,  #states: 1424, valueb: 0.058450161163238284, activeness: 0.263655629521307, primalobj: 0.9871969953799238, dualobj: -Inf
solve--
end solve-- RelaxOptimal OPTIMAL
 weights_sum: 1.0000000000000004
itereffortlevel: 0
--separating...
--find a better primal bound 0.3310318253207775 by Alternative descent Eigen
--found a cut state by heuristic 0.3310318253207775 0.04231952318332671 
iteration: 319,  #states: 1425, valueb: 0.04231952318332671, activeness: 0.3310318253207775, primalobj: 0.9871347054733803, dualobj: -Inf
solve--
end solve-- RelaxOptimal OPTIMAL
 weights_sum: 0.9999999999999991
itereffortlevel: 0
--separating...
--find a better primal bound 0.24590508611061335 by Alternative descent Eigen
--found a cut state by heuristic 0.24590508611061335 0.008230941648958412 
iteration: 320,  #states: 1426, valueb: 0.008230941648958412, activeness: 0.24590508611061335, primalobj: 0.987039388102652, dualobj: -Inf
solve--
end solve-- RelaxOptimal OPTIMAL
 weights_sum: 1.0000021141833098
itereffortlevel: 0
--separating...
--find a better primal bound 0.19738214576573113 by Alternative descent Eigen
--found a cut state by heuristic 0.19738214576573113 0.04523714148302477 
iteration: 321,  #states: 1427, valueb: 0.04523714148302477, activeness: 0.19738214576573113, primalobj: 0.9869338893983484, dualobj: -Inf
solve--
end solve-- RelaxOptimal OPTIMAL
 weights_sum: 0.9999999999999996
itereffortlevel: 0
--separating...
--find a better primal bound 0.17692381477726554 by Alternative descent Eigen
--found a cut state by heuristic 0.17692381477726554 0.030371546807487423 
iteration: 322,  #states: 1428, valueb: 0.030371546807487423, activeness: 0.17692381477726554, primalobj: 0.9869098207517097, dualobj: -Inf
solve--
end solve-- RelaxOptimal OPTIMAL
 weights_sum: 1.0
itereffortlevel: 0
--separating...
--find a better primal bound 0.28570110844646157 by Alternative descent Eigen
--found a cut state by heuristic 0.28570110844646157 0.01899882487714471 
iteration: 323,  #states: 1429, valueb: 0.01899882487714471, activeness: 0.28570110844646157, primalobj: 0.9868724588460689, dualobj: -Inf
solve--
end solve-- RelaxOptimal OPTIMAL
 weights_sum: 1.0000000000000004
itereffortlevel: 0
--separating...
--find a better primal bound 0.3520386857839203 by Alternative descent Eigen
--found a cut state by heuristic 0.3520386857839203 0.017025129854173815 
iteration: 324,  #states: 1430, valueb: 0.017025129854173815, activeness: 0.3520386857839203, primalobj: 0.986801646605328, dualobj: -Inf
solve--
end solve-- RelaxOptimal OPTIMAL
 weights_sum: 0.9999999999999989
itereffortlevel: 0
--separating...
--find a better primal bound 0.298291663303495 by Alternative descent Eigen
--found a cut state by heuristic 0.298291663303495 0.03972361903922834 
iteration: 325,  #states: 1431, valueb: 0.03972361903922834, activeness: 0.298291663303495, primalobj: 0.9866623695648449, dualobj: -Inf
solve--
end solve-- RelaxOptimal OPTIMAL
 weights_sum: 1.0000000000000004
itereffortlevel: 0
--separating...
--find a better primal bound 0.27951769747221944 by Alternative descent Eigen
--found a cut state by heuristic 0.27951769747221944 0.06649777117982478 
iteration: 326,  #states: 1432, valueb: 0.06649777117982478, activeness: 0.27951769747221944, primalobj: 0.9866013854054126, dualobj: -Inf
solve--
end solve-- RelaxOptimal OPTIMAL
 weights_sum: 1.0000000000000009
itereffortlevel: 0
--separating...
--find a better primal bound 0.2832383804575682 by Alternative descent Eigen
--found a cut state by heuristic 0.2832383804575682 0.052169232228463695 
iteration: 327,  #states: 1433, valueb: 0.052169232228463695, activeness: 0.2832383804575682, primalobj: 0.986542880596895, dualobj: -Inf
solve--
end solve-- RelaxOptimal OPTIMAL
 weights_sum: 0.9999999999999998
itereffortlevel: 0
--separating...
--find a better primal bound 0.12788189332820102 by Alternative descent Eigen
--found a cut state by heuristic 0.12788189332820102 0.002149305054570033 
iteration: 328,  #states: 1434, valueb: 0.002149305054570033, activeness: 0.12788189332820102, primalobj: 0.9865023595902787, dualobj: -Inf
solve--
end solve-- RelaxOptimal OPTIMAL
 weights_sum: 0.9999999999999987
itereffortlevel: 0
--separating...
--find a better primal bound 0.27025848732836333 by Alternative descent Eigen
--found a cut state by heuristic 0.27025848732836333 0.06481977574145936 
iteration: 329,  #states: 1435, valueb: 0.06481977574145936, activeness: 0.27025848732836333, primalobj: 0.9864624974519263, dualobj: -Inf
solve--
end solve-- RelaxOptimal OPTIMAL
 weights_sum: 1.0000000000000004
itereffortlevel: 0
--separating...
--find a better primal bound 0.3169551828855274 by Alternative descent Eigen
--found a cut state by heuristic 0.3169551828855274 0.05085309971532333 
iteration: 330,  #states: 1436, valueb: 0.05085309971532333, activeness: 0.3169551828855274, primalobj: 0.9864170691624727, dualobj: -Inf
solve--
end solve-- RelaxOptimal OPTIMAL
 weights_sum: 1.0
itereffortlevel: 0
--separating...
--find a better primal bound 0.25541590654170643 by Alternative descent Eigen
--found a cut state by heuristic 0.25541590654170643 0.013650788006441325 
iteration: 331,  #states: 1437, valueb: 0.013650788006441325, activeness: 0.25541590654170643, primalobj: 0.9863581101155942, dualobj: -Inf
solve--
end solve-- RelaxOptimal OPTIMAL
 weights_sum: 1.0000000000000004
itereffortlevel: 0
--separating...
--find a better primal bound 0.24696343777126242 by Alternative descent Eigen
--found a cut state by heuristic 0.24696343777126242 0.0440973048744011 
iteration: 332,  #states: 1438, valueb: 0.0440973048744011, activeness: 0.24696343777126242, primalobj: 0.9862869584551166, dualobj: -Inf
solve--
end solve-- RelaxOptimal OPTIMAL
 weights_sum: 1.0000000000000009
itereffortlevel: 0
--separating...
--find a better primal bound 0.23597670807721335 by Alternative descent Eigen
--found a cut state by heuristic 0.23597670807721335 0.0004383906759397316 
iteration: 333,  #states: 1439, valueb: 0.0004383906759397316, activeness: 0.23597670807721335, primalobj: 0.9862321576855697, dualobj: -Inf
solve--
end solve-- RelaxOptimal OPTIMAL
 weights_sum: 1.0000002431073651
itereffortlevel: 0
--separating...
--find a better primal bound 0.32074152580614457 by Alternative descent Eigen
--found a cut state by heuristic 0.32074152580614457 0.0020702504113778884 
iteration: 334,  #states: 1440, valueb: 0.0020702504113778884, activeness: 0.32074152580614457, primalobj: 0.9861911719549613, dualobj: -Inf
solve--
end solve-- RelaxOptimal OPTIMAL
 weights_sum: 1.0000000000000007
itereffortlevel: 0
--separating...
--find a better primal bound 0.31077983821498895 by Alternative descent Eigen
--found a cut state by heuristic 0.31077983821498895 0.03686653880858436 
iteration: 335,  #states: 1441, valueb: 0.03686653880858436, activeness: 0.31077983821498895, primalobj: 0.9860993581124922, dualobj: -Inf
solve--
end solve-- RelaxOptimal OPTIMAL
 weights_sum: 1.0000000000000004
itereffortlevel: 0
--separating...
--find a better primal bound 0.18036129559688754 by Alternative descent Eigen
--found a cut state by heuristic 0.18036129559688754 0.024632975147835925 
iteration: 336,  #states: 1442, valueb: 0.024632975147835925, activeness: 0.18036129559688754, primalobj: 0.986035892430112, dualobj: -Inf
solve--
end solve-- RelaxOptimal OPTIMAL
 weights_sum: 0.9999999999999982
itereffortlevel: 0
--separating...
--find a better primal bound 0.22636316585010718 by Alternative descent Eigen
--found a cut state by heuristic 0.22636316585010718 0.010703597949267583 
iteration: 337,  #states: 1443, valueb: 0.010703597949267583, activeness: 0.22636316585010718, primalobj: 0.9859937055130494, dualobj: -Inf
solve--
end solve-- RelaxOptimal OPTIMAL
 weights_sum: 1.0000000394010122
itereffortlevel: 0
--separating...
--find a better primal bound 0.23353759597319132 by Alternative descent Eigen
--found a cut state by heuristic 0.23353759597319132 0.018823238302507643 
iteration: 338,  #states: 1444, valueb: 0.018823238302507643, activeness: 0.23353759597319132, primalobj: 0.9859388135441138, dualobj: -Inf
solve--
end solve-- RelaxOptimal OPTIMAL
 weights_sum: 1.0000000000000013
itereffortlevel: 0
--separating...
--find a better primal bound 0.324274682105416 by Alternative descent Eigen
--found a cut state by heuristic 0.324274682105416 0.057955422185056005 
iteration: 339,  #states: 1445, valueb: 0.057955422185056005, activeness: 0.324274682105416, primalobj: 0.9858773668508016, dualobj: -Inf
solve--
end solve-- RelaxOptimal OPTIMAL
 weights_sum: 1.000000755392831
itereffortlevel: 0
--separating...
--find a better primal bound 0.3428822715775893 by Alternative descent Eigen
--found a cut state by heuristic 0.3428822715775893 0.036211326351519794 
iteration: 340,  #states: 1446, valueb: 0.036211326351519794, activeness: 0.3428822715775893, primalobj: 0.9858178528512044, dualobj: -Inf
solve--
end solve-- RelaxOptimal OPTIMAL
 weights_sum: 0.9999999999999996
itereffortlevel: 0
--separating...
--find a better primal bound 0.2099854985372539 by Alternative descent Eigen
--found a cut state by heuristic 0.2099854985372539 -0.0 
iteration: 341,  #states: 1447, valueb: -0.0, activeness: 0.2099854985372539, primalobj: 0.9856702737483161, dualobj: -Inf
solve--
end solve-- RelaxOptimal OPTIMAL
 weights_sum: 0.9999999999999999
itereffortlevel: 0
--separating...
--find a better primal bound 0.26331564919882733 by Alternative descent Eigen
--found a cut state by heuristic 0.26331564919882733 0.07024495380193002 
iteration: 342,  #states: 1448, valueb: 0.07024495380193002, activeness: 0.26331564919882733, primalobj: 0.9856242117313042, dualobj: -Inf
solve--
end solve-- RelaxOptimal OPTIMAL
 weights_sum: 1.0
itereffortlevel: 0
--separating...
--find a better primal bound 0.16595593718767382 by Alternative descent Eigen
--found a cut state by heuristic 0.16595593718767382 0.0773694134896391 
iteration: 343,  #states: 1449, valueb: 0.0773694134896391, activeness: 0.16595593718767382, primalobj: 0.9855921967529081, dualobj: -Inf
solve--
end solve-- RelaxOptimal OPTIMAL
 weights_sum: 0.9999999999999998
itereffortlevel: 0
--separating...
--find a better primal bound 0.2914103958632838 by Alternative descent Eigen
--found a cut state by heuristic 0.2914103958632838 0.06271005158940872 
iteration: 344,  #states: 1450, valueb: 0.06271005158940872, activeness: 0.2914103958632838, primalobj: 0.9855733414112564, dualobj: -Inf
solve--
end solve-- RelaxOptimal OPTIMAL
 weights_sum: 1.0000000000000002
itereffortlevel: 0
--separating...
--find a better primal bound 0.17604021038241102 by Alternative descent Eigen
--found a cut state by heuristic 0.17604021038241102 0.04482315467404843 
iteration: 345,  #states: 1451, valueb: 0.04482315467404843, activeness: 0.17604021038241102, primalobj: 0.9854998230087185, dualobj: -Inf
solve--
end solve-- RelaxOptimal OPTIMAL
 weights_sum: 0.999999999999999
itereffortlevel: 0
--separating...
--find a better primal bound 0.20947273133914443 by Alternative descent Eigen
--found a cut state by heuristic 0.20947273133914443 0.038089237205790244 
iteration: 346,  #states: 1452, valueb: 0.038089237205790244, activeness: 0.20947273133914443, primalobj: 0.9854641286573922, dualobj: -Inf
solve--
end solve-- RelaxOptimal OPTIMAL
 weights_sum: 1.0000000000000007
itereffortlevel: 0
--separating...
--find a better primal bound 0.2320817538694806 by Alternative descent Eigen
--found a cut state by heuristic 0.2320817538694806 0.030939522977361134 
iteration: 347,  #states: 1453, valueb: 0.030939522977361134, activeness: 0.2320817538694806, primalobj: 0.9854276366432683, dualobj: -Inf
solve--
end solve-- RelaxOptimal OPTIMAL
 weights_sum: 0.9999999999999999
itereffortlevel: 0
--separating...
--find a better primal bound 0.2723363434660274 by Alternative descent Eigen
--found a cut state by heuristic 0.2723363434660274 0.0543892477451373 
iteration: 348,  #states: 1454, valueb: 0.0543892477451373, activeness: 0.2723363434660274, primalobj: 0.9853850945933549, dualobj: -Inf
solve--
end solve-- RelaxOptimal OPTIMAL
 weights_sum: 1.0
itereffortlevel: 0
--separating...
--find a better primal bound 0.28849344730463006 by Alternative descent Eigen
--found a cut state by heuristic 0.28849344730463006 0.029234010430158726 
iteration: 349,  #states: 1455, valueb: 0.029234010430158726, activeness: 0.28849344730463006, primalobj: 0.9853119199456145, dualobj: -Inf
solve--
end solve-- RelaxOptimal OPTIMAL
 weights_sum: 1.0000000000000002
itereffortlevel: 0
--separating...
--find a better primal bound 0.3552271690592341 by Alternative descent Eigen
--found a cut state by heuristic 0.3552271690592341 0.08653779693953384 
iteration: 350,  #states: 1456, valueb: 0.08653779693953384, activeness: 0.3552271690592341, primalobj: 0.985198332588695, dualobj: -Inf
solve--
end solve-- RelaxOptimal OPTIMAL
 weights_sum: 0.9999999999999996
itereffortlevel: 0
--separating...
--find a better primal bound 0.33303564435812866 by Alternative descent Eigen
--found a cut state by heuristic 0.33303564435812866 0.030750740805570113 
iteration: 351,  #states: 1457, valueb: 0.030750740805570113, activeness: 0.33303564435812866, primalobj: 0.9851378509747499, dualobj: -Inf
solve--
end solve-- RelaxOptimal OPTIMAL
 weights_sum: 0.999999999999999
itereffortlevel: 0
--separating...
--find a better primal bound 0.2899627310966354 by Alternative descent Eigen
--found a cut state by heuristic 0.2899627310966354 0.05180343239802168 
iteration: 352,  #states: 1458, valueb: 0.05180343239802168, activeness: 0.2899627310966354, primalobj: 0.9851044935398005, dualobj: -Inf
solve--
end solve-- RelaxOptimal OPTIMAL
 weights_sum: 1.0000000000000007
itereffortlevel: 0
--separating...
--find a better primal bound 0.27466729827107805 by Alternative descent Eigen
--found a cut state by heuristic 0.27466729827107805 0.05783221520292131 
iteration: 353,  #states: 1459, valueb: 0.05783221520292131, activeness: 0.27466729827107805, primalobj: 0.9850629197782843, dualobj: -Inf
solve--
end solve-- RelaxOptimal OPTIMAL
 weights_sum: 1.0
itereffortlevel: 0
--separating...
--find a better primal bound 0.29067327389888437 by Alternative descent Eigen
--found a cut state by heuristic 0.29067327389888437 0.05626385661146953 
iteration: 354,  #states: 1460, valueb: 0.05626385661146953, activeness: 0.29067327389888437, primalobj: 0.9849632399508325, dualobj: -Inf
solve--
end solve-- RelaxOptimal OPTIMAL
 weights_sum: 1.0000000000000007
itereffortlevel: 0
--separating...
--find a better primal bound 0.2231487045798508 by Alternative descent Eigen
--found a cut state by heuristic 0.2231487045798508 0.0030953589847168973 
iteration: 355,  #states: 1461, valueb: 0.0030953589847168973, activeness: 0.2231487045798508, primalobj: 0.9848538649577707, dualobj: -Inf
solve--
end solve-- RelaxOptimal OPTIMAL
 weights_sum: 0.9999999999999987
itereffortlevel: 0
--separating...
--find a better primal bound 0.23662350816812722 by Alternative descent Eigen
--found a cut state by heuristic 0.23662350816812722 0.07100073205512825 
iteration: 356,  #states: 1462, valueb: 0.07100073205512825, activeness: 0.23662350816812722, primalobj: 0.9848085939507674, dualobj: -Inf
solve--
end solve-- RelaxOptimal OPTIMAL
 weights_sum: 0.9999999999999986
itereffortlevel: 0
--separating...
--find a better primal bound 0.14923784802347262 by Alternative descent Eigen
--found a cut state by heuristic 0.14923784802347262 0.02548826602467054 
iteration: 357,  #states: 1463, valueb: 0.02548826602467054, activeness: 0.14923784802347262, primalobj: 0.9847751742502521, dualobj: -Inf
solve--
end solve-- RelaxOptimal OPTIMAL
 weights_sum: 1.0000000000000009
itereffortlevel: 0
--separating...
--find a better primal bound 0.18012144412210795 by Alternative descent Eigen
--found a cut state by heuristic 0.18012144412210795 0.00854526437033915 
iteration: 358,  #states: 1464, valueb: 0.00854526437033915, activeness: 0.18012144412210795, primalobj: 0.9847269151657088, dualobj: -Inf
solve--
end solve-- RelaxOptimal OPTIMAL
 weights_sum: 0.9999999999999998
itereffortlevel: 0
--separating...
--find a better primal bound 0.22532275902448812 by Alternative descent Eigen
--found a cut state by heuristic 0.22532275902448812 0.015406998622892168 
iteration: 359,  #states: 1465, valueb: 0.015406998622892168, activeness: 0.22532275902448812, primalobj: 0.9846743889732872, dualobj: -Inf
solve--
end solve-- RelaxOptimal OPTIMAL
 weights_sum: 0.9999999999999996
itereffortlevel: 0
--separating...
--find a better primal bound 0.4219110064447823 by Alternative descent Eigen
--found a cut state by heuristic 0.4219110064447823 0.04564983302236958 
iteration: 360,  #states: 1466, valueb: 0.04564983302236958, activeness: 0.4219110064447823, primalobj: 0.9846055220145806, dualobj: -Inf
solve--
end solve-- RelaxOptimal OPTIMAL
 weights_sum: 1.0000000000000009
itereffortlevel: 0
--separating...
--find a better primal bound 0.3879715303937006 by Alternative descent Eigen
--found a cut state by heuristic 0.3879715303937006 0.02915122229581051 
iteration: 361,  #states: 1467, valueb: 0.02915122229581051, activeness: 0.3879715303937006, primalobj: 0.984499277961173, dualobj: -Inf
solve--
end solve-- RelaxOptimal OPTIMAL
 weights_sum: 1.0000000000000013
itereffortlevel: 0
--separating...
--find a better primal bound 0.3018918999326265 by Alternative descent Eigen
--found a cut state by heuristic 0.3018918999326265 0.02693595806874934 
iteration: 362,  #states: 1468, valueb: 0.02693595806874934, activeness: 0.3018918999326265, primalobj: 0.9844033316713671, dualobj: -Inf
solve--
end solve-- RelaxOptimal OPTIMAL
 weights_sum: 0.9999999999999993
itereffortlevel: 0
--separating...
--find a better primal bound 0.3742780683352386 by Alternative descent Eigen
--found a cut state by heuristic 0.3742780683352386 0.0416425952956001 
iteration: 363,  #states: 1469, valueb: 0.0416425952956001, activeness: 0.3742780683352386, primalobj: 0.9843610337326294, dualobj: -Inf
solve--
end solve-- RelaxOptimal OPTIMAL
 weights_sum: 0.9999999999999998
itereffortlevel: 0
--separating...
--find a better primal bound 0.29148950291794584 by Alternative descent Eigen
--found a cut state by heuristic 0.29148950291794584 0.03866053358565169 
iteration: 364,  #states: 1470, valueb: 0.03866053358565169, activeness: 0.29148950291794584, primalobj: 0.9842927062002991, dualobj: -Inf
solve--
end solve-- RelaxOptimal OPTIMAL
 weights_sum: 1.000000000000001
itereffortlevel: 0
--separating...
--find a better primal bound 0.22867995884339615 by Alternative descent Eigen
--found a cut state by heuristic 0.22867995884339615 0.011172398983872399 
iteration: 365,  #states: 1471, valueb: 0.011172398983872399, activeness: 0.22867995884339615, primalobj: 0.9842128321373708, dualobj: -Inf
solve--
end solve-- RelaxOptimal OPTIMAL
 weights_sum: 1.0000000000000007
itereffortlevel: 0
--separating...
--find a better primal bound 0.21450237738758543 by Alternative descent Eigen
--found a cut state by heuristic 0.21450237738758543 0.0012850216650201899 
iteration: 366,  #states: 1472, valueb: 0.0012850216650201899, activeness: 0.21450237738758543, primalobj: 0.9841677401882852, dualobj: -Inf
solve--
end solve-- RelaxOptimal OPTIMAL
 weights_sum: 1.0000000000000004
itereffortlevel: 0
--separating...
--find a better primal bound 0.26752092960976914 by Alternative descent Eigen
--found a cut state by heuristic 0.26752092960976914 0.07417125798186949 
iteration: 367,  #states: 1473, valueb: 0.07417125798186949, activeness: 0.26752092960976914, primalobj: 0.9840738294454849, dualobj: -Inf
solve--
end solve-- RelaxOptimal OPTIMAL
 weights_sum: 0.9999999999999984
itereffortlevel: 0
--separating...
--find a better primal bound 0.38025614698531207 by Alternative descent Eigen
--found a cut state by heuristic 0.38025614698531207 0.09762064560306705 
iteration: 368,  #states: 1474, valueb: 0.09762064560306705, activeness: 0.38025614698531207, primalobj: 0.984013301967301, dualobj: -Inf
solve--
end solve-- RelaxOptimal OPTIMAL
 weights_sum: 0.9999999999999992
itereffortlevel: 0
--separating...
--find a better primal bound 0.1997484101692611 by Alternative descent Eigen
--found a cut state by heuristic 0.1997484101692611 0.00011336635165004605 
iteration: 369,  #states: 1475, valueb: 0.00011336635165004605, activeness: 0.1997484101692611, primalobj: 0.9839446222280048, dualobj: -Inf
solve--
end solve-- RelaxOptimal OPTIMAL
 weights_sum: 0.9999999999999991
itereffortlevel: 0
--separating...
--find a better primal bound 0.32648242112834686 by Alternative descent Eigen
--found a cut state by heuristic 0.32648242112834686 0.06594669130102136 
iteration: 370,  #states: 1476, valueb: 0.06594669130102136, activeness: 0.32648242112834686, primalobj: 0.9838809075677518, dualobj: -Inf
solve--
end solve-- RelaxOptimal OPTIMAL
 weights_sum: 1.0000000000000007
itereffortlevel: 0
--separating...
--find a better primal bound 0.3416400581139065 by Alternative descent Eigen
--found a cut state by heuristic 0.3416400581139065 0.03578712273996876 
iteration: 371,  #states: 1477, valueb: 0.03578712273996876, activeness: 0.3416400581139065, primalobj: 0.9837784568737054, dualobj: -Inf
solve--
end solve-- RelaxOptimal OPTIMAL
 weights_sum: 0.9999999999999994
itereffortlevel: 0
--separating...
--find a better primal bound 0.17432636160688333 by Alternative descent Eigen
--found a cut state by heuristic 0.17432636160688333 0.0019111471360598003 
iteration: 372,  #states: 1478, valueb: 0.0019111471360598003, activeness: 0.17432636160688333, primalobj: 0.9836767148618846, dualobj: -Inf
solve--
end solve-- RelaxOptimal OPTIMAL
 weights_sum: 1.0000000000000009
itereffortlevel: 0
--separating...
--find a better primal bound 0.21221679609311356 by Alternative descent Eigen
--found a cut state by heuristic 0.21221679609311356 0.006082637136894574 
iteration: 373,  #states: 1479, valueb: 0.006082637136894574, activeness: 0.21221679609311356, primalobj: 0.9836414368975335, dualobj: -Inf
solve--
end solve-- RelaxOptimal OPTIMAL
 weights_sum: 1.0000000000000007
itereffortlevel: 0
--separating...
--find a better primal bound 0.30402494591360624 by Alternative descent Eigen
--found a cut state by heuristic 0.30402494591360624 0.06315735040997261 
iteration: 374,  #states: 1480, valueb: 0.06315735040997261, activeness: 0.30402494591360624, primalobj: 0.9835498397947033, dualobj: -Inf
solve--
end solve-- RelaxOptimal OPTIMAL
 weights_sum: 0.9999999999999998
itereffortlevel: 0
--separating...
--find a better primal bound 0.2329757373881125 by Alternative descent Eigen
--found a cut state by heuristic 0.2329757373881125 0.001973173527990542 
iteration: 375,  #states: 1481, valueb: 0.001973173527990542, activeness: 0.2329757373881125, primalobj: 0.9835001883429095, dualobj: -Inf
solve--
end solve-- RelaxOptimal OPTIMAL
 weights_sum: 0.9999999999999987
itereffortlevel: 0
--separating...
--find a better primal bound 0.26033488841610053 by Alternative descent Eigen
--found a cut state by heuristic 0.26033488841610053 0.014661071999832919 
iteration: 376,  #states: 1482, valueb: 0.014661071999832919, activeness: 0.26033488841610053, primalobj: 0.9834467324718885, dualobj: -Inf
solve--
end solve-- RelaxOptimal OPTIMAL
 weights_sum: 0.9999999999999999
itereffortlevel: 0
--separating...
--find a better primal bound 0.18717346032655302 by Alternative descent Eigen
--found a cut state by heuristic 0.18717346032655302 0.007116815792304612 
iteration: 377,  #states: 1483, valueb: 0.007116815792304612, activeness: 0.18717346032655302, primalobj: 0.9833782989553115, dualobj: -Inf
solve--
end solve-- RelaxOptimal OPTIMAL
 weights_sum: 0.9999999999999999
itereffortlevel: 0
--separating...
--find a better primal bound 0.27020318164177065 by Alternative descent Eigen
--found a cut state by heuristic 0.27020318164177065 0.013964650425605714 
iteration: 378,  #states: 1484, valueb: 0.013964650425605714, activeness: 0.27020318164177065, primalobj: 0.9833349039777128, dualobj: -Inf
solve--
end solve-- RelaxOptimal OPTIMAL
 weights_sum: 1.0000000000000004
itereffortlevel: 0
--separating...
--find a better primal bound 0.29554267923431843 by Alternative descent Eigen
--found a cut state by heuristic 0.29554267923431843 0.024784419086830753 
iteration: 379,  #states: 1485, valueb: 0.024784419086830753, activeness: 0.29554267923431843, primalobj: 0.9832638821908233, dualobj: -Inf
solve--
end solve-- RelaxOptimal OPTIMAL
 weights_sum: 1.0000000000000018
itereffortlevel: 0
--separating...
--find a better primal bound 0.23014382765686997 by Alternative descent Eigen
--found a cut state by heuristic 0.23014382765686997 0.04593111707688295 
iteration: 380,  #states: 1486, valueb: 0.04593111707688295, activeness: 0.23014382765686997, primalobj: 0.9832087641163337, dualobj: -Inf
solve--
end solve-- RelaxOptimal OPTIMAL
 weights_sum: 1.0000000000000004
itereffortlevel: 0
--separating...
--find a better primal bound 0.27977958896433175 by Alternative descent Eigen
--found a cut state by heuristic 0.27977958896433175 0.042496332000195924 
iteration: 381,  #states: 1487, valueb: 0.042496332000195924, activeness: 0.27977958896433175, primalobj: 0.9831688169093329, dualobj: -Inf
solve--
end solve-- RelaxOptimal OPTIMAL
 weights_sum: 1.0000000000000009
itereffortlevel: 0
--separating...
--find a better primal bound 0.38214669974326804 by Alternative descent Eigen
--found a cut state by heuristic 0.38214669974326804 0.038854521387335625 
iteration: 382,  #states: 1488, valueb: 0.038854521387335625, activeness: 0.38214669974326804, primalobj: 0.9831268376762902, dualobj: -Inf
solve--
end solve-- RelaxOptimal OPTIMAL
 weights_sum: 1.0000016456766507
itereffortlevel: 0
--separating...
--find a better primal bound 0.3122281720053869 by Alternative descent Eigen
--found a cut state by heuristic 0.3122281720053869 0.10347403968590227 
iteration: 383,  #states: 1489, valueb: 0.10347403968590227, activeness: 0.3122281720053869, primalobj: 0.9830856508174186, dualobj: -Inf
solve--
end solve-- RelaxOptimal OPTIMAL
 weights_sum: 0.9999999999999996
itereffortlevel: 0
--separating...
--find a better primal bound 0.28764959922526967 by Alternative descent Eigen
--found a cut state by heuristic 0.28764959922526967 0.036790390585973706 
iteration: 384,  #states: 1490, valueb: 0.036790390585973706, activeness: 0.28764959922526967, primalobj: 0.983047961982523, dualobj: -Inf
solve--
end solve-- RelaxOptimal OPTIMAL
 weights_sum: 1.0
itereffortlevel: 0
--separating...
--find a better primal bound 0.21120173169887374 by Alternative descent Eigen
--found a cut state by heuristic 0.21120173169887374 0.0015255804113959077 
iteration: 385,  #states: 1491, valueb: 0.0015255804113959077, activeness: 0.21120173169887374, primalobj: 0.9830029697889556, dualobj: -Inf
solve--
end solve-- RelaxOptimal OPTIMAL
 weights_sum: 1.0000000000000004
itereffortlevel: 0
--separating...
--find a better primal bound 0.20121781568010527 by Alternative descent Eigen
--found a cut state by heuristic 0.20121781568010527 0.029360774896084248 
iteration: 386,  #states: 1492, valueb: 0.029360774896084248, activeness: 0.20121781568010527, primalobj: 0.9829372617810394, dualobj: -Inf
solve--
end solve-- RelaxOptimal OPTIMAL
 weights_sum: 1.000000885208715
itereffortlevel: 0
--separating...
--find a better primal bound 0.3701102854854239 by Alternative descent Eigen
--found a cut state by heuristic 0.3701102854854239 0.04412539646681131 
iteration: 387,  #states: 1493, valueb: 0.04412539646681131, activeness: 0.3701102854854239, primalobj: 0.9828990051246909, dualobj: -Inf
solve--
end solve-- RelaxOptimal OPTIMAL
 weights_sum: 0.9999999999999994
itereffortlevel: 0
--separating...
--find a better primal bound 0.2759642763386533 by Alternative descent Eigen
--found a cut state by heuristic 0.2759642763386533 0.01592941746311937 
iteration: 388,  #states: 1494, valueb: 0.01592941746311937, activeness: 0.2759642763386533, primalobj: 0.9828509746578898, dualobj: -Inf
solve--
end solve-- RelaxOptimal OPTIMAL
 weights_sum: 0.9999999999999998
itereffortlevel: 0
--separating...
--find a better primal bound 0.1972593332470126 by Alternative descent Eigen
--found a cut state by heuristic 0.1972593332470126 0.01821941032967346 
iteration: 389,  #states: 1495, valueb: 0.01821941032967346, activeness: 0.1972593332470126, primalobj: 0.9827949162902148, dualobj: -Inf
solve--
end solve-- RelaxOptimal OPTIMAL
 weights_sum: 1.0000000000000016
itereffortlevel: 0
--separating...
--find a better primal bound 0.27359630547755687 by Alternative descent Eigen
--found a cut state by heuristic 0.27359630547755687 0.029539223132442772 
iteration: 390,  #states: 1496, valueb: 0.029539223132442772, activeness: 0.27359630547755687, primalobj: 0.9827485976129965, dualobj: -Inf
solve--
end solve-- RelaxOptimal OPTIMAL
 weights_sum: 1.0000000000000013
itereffortlevel: 0
--separating...
--find a better primal bound 0.27179630529499893 by Alternative descent Eigen
--found a cut state by heuristic 0.27179630529499893 0.03577781370254886 
iteration: 391,  #states: 1497, valueb: 0.03577781370254886, activeness: 0.27179630529499893, primalobj: 0.9827071805640826, dualobj: -Inf
solve--
end solve-- RelaxOptimal OPTIMAL
 weights_sum: 1.0000000832349856
itereffortlevel: 0
--separating...
--find a better primal bound 0.20605184117137088 by Alternative descent Eigen
--found a cut state by heuristic 0.20605184117137088 0.04878991554143427 
iteration: 392,  #states: 1498, valueb: 0.04878991554143427, activeness: 0.20605184117137088, primalobj: 0.9826677496270514, dualobj: -Inf
solve--
end solve-- RelaxOptimal OPTIMAL
 weights_sum: 1.0000000527051023
itereffortlevel: 0
--separating...
--find a better primal bound 0.2827201613079104 by Alternative descent Eigen
--found a cut state by heuristic 0.2827201613079104 0.05985218436074473 
iteration: 393,  #states: 1499, valueb: 0.05985218436074473, activeness: 0.2827201613079104, primalobj: 0.9826422738839113, dualobj: -Inf
solve--
end solve-- RelaxOptimal OPTIMAL
 weights_sum: 1.0000000000000009
itereffortlevel: 0
--separating...
--find a better primal bound 0.2177173446699966 by Alternative descent Eigen
--found a cut state by heuristic 0.2177173446699966 0.05666876520704679 
iteration: 394,  #states: 1500, valueb: 0.05666876520704679, activeness: 0.2177173446699966, primalobj: 0.9826013852500931, dualobj: -Inf
solve--
end solve-- RelaxOptimal OPTIMAL
 weights_sum: 0.9999999999999993
itereffortlevel: 0
--separating...
--find a better primal bound 0.2894651207205511 by Alternative descent Eigen
--found a cut state by heuristic 0.2894651207205511 0.05806546821376113 
iteration: 395,  #states: 1501, valueb: 0.05806546821376113, activeness: 0.2894651207205511, primalobj: 0.9825697963595541, dualobj: -Inf
solve--
end solve-- RelaxOptimal OPTIMAL
 weights_sum: 1.0000000000000002
itereffortlevel: 0
--separating...
--find a better primal bound 0.19039536097618787 by Alternative descent Eigen
--found a cut state by heuristic 0.19039536097618787 0.061169759169097365 
iteration: 396,  #states: 1502, valueb: 0.061169759169097365, activeness: 0.19039536097618787, primalobj: 0.9825479301209973, dualobj: -Inf
solve--
end solve-- RelaxOptimal OPTIMAL
 weights_sum: 0.9999999999999993
itereffortlevel: 0
--separating...
--find a better primal bound 0.3303423029353604 by Alternative descent Eigen
--found a cut state by heuristic 0.3303423029353604 0.06420761081068381 
iteration: 397,  #states: 1503, valueb: 0.06420761081068381, activeness: 0.3303423029353604, primalobj: 0.9825397124195119, dualobj: -Inf
solve--
end solve-- RelaxOptimal OPTIMAL
 weights_sum: 1.0000000000000013
itereffortlevel: 0
--separating...
--find a better primal bound 0.2230507543110648 by Alternative descent Eigen
--found a cut state by heuristic 0.2230507543110648 0.05262059453699413 
iteration: 398,  #states: 1504, valueb: 0.05262059453699413, activeness: 0.2230507543110648, primalobj: 0.9824907309247323, dualobj: -Inf
solve--
end solve-- RelaxOptimal OPTIMAL
 weights_sum: 1.0000000000000004
itereffortlevel: 0
--separating...
--find a better primal bound 0.21732279421065548 by Alternative descent Eigen
--found a cut state by heuristic 0.21732279421065548 0.03906977775812982 
iteration: 399,  #states: 1505, valueb: 0.03906977775812982, activeness: 0.21732279421065548, primalobj: 0.9824666609078049, dualobj: -Inf
solve--
end solve-- RelaxOptimal OPTIMAL
 weights_sum: 0.9999999999999991
itereffortlevel: 0
--separating...
--find a better primal bound 0.22214094200758086 by Alternative descent Eigen
--found a cut state by heuristic 0.22214094200758086 0.028092667442145985 
iteration: 400,  #states: 1506, valueb: 0.028092667442145985, activeness: 0.22214094200758086, primalobj: 0.9824432965987753, dualobj: -Inf
solve--
end solve-- RelaxOptimal OPTIMAL
 weights_sum: 1.0000000723063476
itereffortlevel: 0
--separating...
--find a better primal bound 0.3070111839495537 by Alternative descent Eigen
--found a cut state by heuristic 0.3070111839495537 0.04515471990160212 
iteration: 401,  #states: 1507, valueb: 0.04515471990160212, activeness: 0.3070111839495537, primalobj: 0.9824080007564684, dualobj: -Inf
solve--
end solve-- RelaxOptimal OPTIMAL
 weights_sum: 1.0000000000000007
itereffortlevel: 0
--separating...
--find a better primal bound 0.20361735805669745 by Alternative descent Eigen
--found a cut state by heuristic 0.20361735805669745 0.03120727844931542 
iteration: 402,  #states: 1508, valueb: 0.03120727844931542, activeness: 0.20361735805669745, primalobj: 0.9823626494247422, dualobj: -Inf
solve--
end solve-- RelaxOptimal OPTIMAL
 weights_sum: 1.0000000000000016
itereffortlevel: 0
--separating...
--find a better primal bound 0.3103073029915093 by Alternative descent Eigen
--found a cut state by heuristic 0.3103073029915093 0.027298637372972535 
iteration: 403,  #states: 1509, valueb: 0.027298637372972535, activeness: 0.3103073029915093, primalobj: 0.9823433366301352, dualobj: -Inf
solve--
end solve-- RelaxOptimal OPTIMAL
 weights_sum: 1.0000002068980554
itereffortlevel: 0
--separating...
--find a better primal bound 0.22049850318171488 by Alternative descent Eigen
--found a cut state by heuristic 0.22049850318171488 0.04106673340903596 
iteration: 404,  #states: 1510, valueb: 0.04106673340903596, activeness: 0.22049850318171488, primalobj: 0.9822975331444241, dualobj: -Inf
solve--
end solve-- RelaxOptimal OPTIMAL
 weights_sum: 1.0000004569663252
itereffortlevel: 0
--separating...
--find a better primal bound 0.1643038485729318 by Alternative descent Eigen
--found a cut state by heuristic 0.1643038485729318 0.02586459036118467 
iteration: 405,  #states: 1511, valueb: 0.02586459036118467, activeness: 0.1643038485729318, primalobj: 0.9822553191297476, dualobj: -Inf
solve--
end solve-- RelaxOptimal OPTIMAL
 weights_sum: 0.999999999999999
itereffortlevel: 0
--separating...
--find a better primal bound 0.36500062346233386 by Alternative descent Eigen
--found a cut state by heuristic 0.36500062346233386 0.057008935004164075 
iteration: 406,  #states: 1512, valueb: 0.057008935004164075, activeness: 0.36500062346233386, primalobj: 0.9822295401536457, dualobj: -Inf
solve--
end solve-- RelaxOptimal OPTIMAL
 weights_sum: 1.0000000001338316
itereffortlevel: 0
--separating...
--find a better primal bound 0.21417269642109565 by Alternative descent Eigen
--found a cut state by heuristic 0.21417269642109565 0.047328966915767615 
iteration: 407,  #states: 1513, valueb: 0.047328966915767615, activeness: 0.21417269642109565, primalobj: 0.982167113179312, dualobj: -Inf
solve--
end solve-- RelaxOptimal OPTIMAL
 weights_sum: 0.9999999999999998
itereffortlevel: 0
--separating...
--find a better primal bound 0.23101530347852112 by Alternative descent Eigen
--found a cut state by heuristic 0.23101530347852112 0.035802584704432254 
iteration: 408,  #states: 1514, valueb: 0.035802584704432254, activeness: 0.23101530347852112, primalobj: 0.9821282777618597, dualobj: -Inf
solve--
end solve-- RelaxOptimal OPTIMAL
 weights_sum: 1.0000018246662254
itereffortlevel: 0
--separating...
--find a better primal bound 0.3068843480534102 by Alternative descent Eigen
--found a cut state by heuristic 0.3068843480534102 0.04957415683427762 
iteration: 409,  #states: 1515, valueb: 0.04957415683427762, activeness: 0.3068843480534102, primalobj: 0.982065326912, dualobj: -Inf
solve--
end solve-- RelaxOptimal OPTIMAL
 weights_sum: 1.0000000163931486
itereffortlevel: 0
--separating...
--find a better primal bound 0.366707395960526 by Alternative descent Eigen
--found a cut state by heuristic 0.366707395960526 0.04364359411162271 
iteration: 410,  #states: 1516, valueb: 0.04364359411162271, activeness: 0.366707395960526, primalobj: 0.9820088349657095, dualobj: -Inf
solve--
end solve-- RelaxOptimal OPTIMAL
 weights_sum: 1.0000000000000007
itereffortlevel: 0
--separating...
--find a better primal bound 0.22615590584159204 by Alternative descent Eigen
--found a cut state by heuristic 0.22615590584159204 0.016546488082855134 
iteration: 411,  #states: 1517, valueb: 0.016546488082855134, activeness: 0.22615590584159204, primalobj: 0.9819089145053597, dualobj: -Inf
solve--
end solve-- RelaxOptimal OPTIMAL
 weights_sum: 0.999999999999999
itereffortlevel: 0
--separating...
--find a better primal bound 0.5004932309819201 by Alternative descent Eigen
--found a cut state by heuristic 0.5004932309819201 0.03990800960373316 
iteration: 412,  #states: 1518, valueb: 0.03990800960373316, activeness: 0.5004932309819201, primalobj: 0.981845764043016, dualobj: -Inf
solve--
end solve-- RelaxOptimal OPTIMAL
 weights_sum: 0.9999999999999994
itereffortlevel: 0
--separating...
--find a better primal bound 0.26368796511995934 by Alternative descent Eigen
--found a cut state by heuristic 0.26368796511995934 0.040876268763000066 
iteration: 413,  #states: 1519, valueb: 0.040876268763000066, activeness: 0.26368796511995934, primalobj: 0.9817246011507551, dualobj: -Inf
solve--
end solve-- RelaxOptimal OPTIMAL
 weights_sum: 0.9999999999999988
itereffortlevel: 0
--separating...
--find a better primal bound 0.15685091580822524 by Alternative descent Eigen
--found a cut state by heuristic 0.15685091580822524 0.05163678285296458 
iteration: 414,  #states: 1520, valueb: 0.05163678285296458, activeness: 0.15685091580822524, primalobj: 0.9816884107236061, dualobj: -Inf
solve--
end solve-- RelaxOptimal OPTIMAL
 weights_sum: 1.0000000000000004
itereffortlevel: 0
--separating...
--find a better primal bound 0.2974949520343313 by Alternative descent Eigen
--found a cut state by heuristic 0.2974949520343313 0.04813372025723303 
iteration: 415,  #states: 1521, valueb: 0.04813372025723303, activeness: 0.2974949520343313, primalobj: 0.9816715457913814, dualobj: -Inf
solve--
end solve-- RelaxOptimal OPTIMAL
 weights_sum: 0.9999999999999994
itereffortlevel: 0
--separating...
--find a better primal bound 0.34616416634359415 by Alternative descent Eigen
--found a cut state by heuristic 0.34616416634359415 0.06854501731063854 
iteration: 416,  #states: 1522, valueb: 0.06854501731063854, activeness: 0.34616416634359415, primalobj: 0.9816212310650372, dualobj: -Inf
solve--
end solve-- RelaxOptimal OPTIMAL
 weights_sum: 0.9999999999999991
itereffortlevel: 0
--separating...
--find a better primal bound 0.31063469769976315 by Alternative descent Eigen
--found a cut state by heuristic 0.31063469769976315 0.0619465910714237 
iteration: 417,  #states: 1523, valueb: 0.0619465910714237, activeness: 0.31063469769976315, primalobj: 0.981540860525512, dualobj: -Inf
solve--
end solve-- RelaxOptimal OPTIMAL
 weights_sum: 1.0000000000000004
itereffortlevel: 0
--separating...
--find a better primal bound 0.2252625987407852 by Alternative descent Eigen
--found a cut state by heuristic 0.2252625987407852 0.041419074619415214 
iteration: 418,  #states: 1524, valueb: 0.041419074619415214, activeness: 0.2252625987407852, primalobj: 0.9814829094184545, dualobj: -Inf
solve--
end solve-- RelaxOptimal OPTIMAL
 weights_sum: 1.0000000000000004
itereffortlevel: 0
--separating...
--find a better primal bound 0.20072260030196787 by Alternative descent Eigen
--found a cut state by heuristic 0.20072260030196787 0.03906124460911187 
iteration: 419,  #states: 1525, valueb: 0.03906124460911187, activeness: 0.20072260030196787, primalobj: 0.9814304118510577, dualobj: -Inf
solve--
end solve-- RelaxOptimal OPTIMAL
 weights_sum: 1.0000000000000004
itereffortlevel: 0
--separating...
--find a better primal bound 0.22425569626388503 by Alternative descent Eigen
--found a cut state by heuristic 0.22425569626388503 0.02857596163102605 
iteration: 420,  #states: 1526, valueb: 0.02857596163102605, activeness: 0.22425569626388503, primalobj: 0.9813961531601747, dualobj: -Inf
solve--
end solve-- RelaxOptimal OPTIMAL
 weights_sum: 1.0000000000000009
itereffortlevel: 0
--separating...
--find a better primal bound 0.24964768032941592 by Alternative descent Eigen
--found a cut state by heuristic 0.24964768032941592 0.0578757972349508 
iteration: 421,  #states: 1527, valueb: 0.0578757972349508, activeness: 0.24964768032941592, primalobj: 0.9813505175909326, dualobj: -Inf
solve--
end solve-- RelaxOptimal OPTIMAL
 weights_sum: 0.9999999999999994
itereffortlevel: 0
--separating...
--find a better primal bound 0.2119115712657381 by Alternative descent Eigen
--found a cut state by heuristic 0.2119115712657381 0.04868090062796168 
iteration: 422,  #states: 1528, valueb: 0.04868090062796168, activeness: 0.2119115712657381, primalobj: 0.9813233001575207, dualobj: -Inf
solve--
end solve-- RelaxOptimal OPTIMAL
 weights_sum: 1.000000000000001
itereffortlevel: 0
--separating...
--find a better primal bound 0.17707042679442403 by Alternative descent Eigen
--found a cut state by heuristic 0.17707042679442403 0.031914501320324556 
iteration: 423,  #states: 1529, valueb: 0.031914501320324556, activeness: 0.17707042679442403, primalobj: 0.9812944931448876, dualobj: -Inf
solve--
end solve-- RelaxOptimal OPTIMAL
 weights_sum: 1.000001983806228
itereffortlevel: 0
--separating...
--find a better primal bound 0.3052168476984036 by Alternative descent Eigen
--found a cut state by heuristic 0.3052168476984036 0.0326564031817864 
iteration: 424,  #states: 1530, valueb: 0.0326564031817864, activeness: 0.3052168476984036, primalobj: 0.9812677869237547, dualobj: -Inf
solve--
end solve-- RelaxOptimal OPTIMAL
 weights_sum: 1.0000000000000007
itereffortlevel: 0
--separating...
--find a better primal bound 0.2466429895418761 by Alternative descent Eigen
--found a cut state by heuristic 0.2466429895418761 0.03244635019532294 
iteration: 425,  #states: 1531, valueb: 0.03244635019532294, activeness: 0.2466429895418761, primalobj: 0.9812058811697264, dualobj: -Inf
solve--
end solve-- RelaxOptimal OPTIMAL
 weights_sum: 1.0
itereffortlevel: 0
--separating...
--find a better primal bound 0.2952155837294911 by Alternative descent Eigen
--found a cut state by heuristic 0.2952155837294911 0.03577495065323534 
iteration: 426,  #states: 1532, valueb: 0.03577495065323534, activeness: 0.2952155837294911, primalobj: 0.9811665926711517, dualobj: -Inf
solve--
end solve-- RelaxOptimal OPTIMAL
 weights_sum: 1.0000000000000009
itereffortlevel: 0
--separating...
--find a better primal bound 0.31299808049681943 by Alternative descent Eigen
--found a cut state by heuristic 0.31299808049681943 0.039789648904333216 
iteration: 427,  #states: 1533, valueb: 0.039789648904333216, activeness: 0.31299808049681943, primalobj: 0.9811088347058656, dualobj: -Inf
solve--
end solve-- RelaxOptimal OPTIMAL
 weights_sum: 1.0000000000000002
itereffortlevel: 0
--separating...
--find a better primal bound 0.2005492182738785 by Alternative descent Eigen
--found a cut state by heuristic 0.2005492182738785 0.03244794280644105 
iteration: 428,  #states: 1534, valueb: 0.03244794280644105, activeness: 0.2005492182738785, primalobj: 0.9810283762344858, dualobj: -Inf
solve--
end solve-- RelaxOptimal OPTIMAL
 weights_sum: 0.9999999999999989
itereffortlevel: 0
--separating...
--find a better primal bound 0.20680776054549488 by Alternative descent Eigen
--found a cut state by heuristic 0.20680776054549488 0.016234494573481584 
iteration: 429,  #states: 1535, valueb: 0.016234494573481584, activeness: 0.20680776054549488, primalobj: 0.9809683705240018, dualobj: -Inf
solve--
end solve-- RelaxOptimal OPTIMAL
 weights_sum: 0.9999999999999996
itereffortlevel: 0
--separating...
--find a better primal bound 0.2627846644210001 by Alternative descent Eigen
--found a cut state by heuristic 0.2627846644210001 0.02190199119790073 
iteration: 430,  #states: 1536, valueb: 0.02190199119790073, activeness: 0.2627846644210001, primalobj: 0.9809401779058573, dualobj: -Inf
solve--
end solve-- RelaxOptimal OPTIMAL
 weights_sum: 1.0000000000000007
itereffortlevel: 0
--separating...
--find a better primal bound 0.2248852621723716 by Alternative descent Eigen
--found a cut state by heuristic 0.2248852621723716 0.01774724304259758 
iteration: 431,  #states: 1537, valueb: 0.01774724304259758, activeness: 0.2248852621723716, primalobj: 0.9808879297657578, dualobj: -Inf
solve--
end solve-- RelaxOptimal OPTIMAL
 weights_sum: 1.0000000000000018
itereffortlevel: 0
--separating...
--find a better primal bound 0.1141427084479576 by Alternative descent Eigen
--found a cut state by heuristic 0.1141427084479576 0.020401897548019635 
iteration: 432,  #states: 1538, valueb: 0.020401897548019635, activeness: 0.1141427084479576, primalobj: 0.98084615900546, dualobj: -Inf
solve--
end solve-- RelaxOptimal OPTIMAL
 weights_sum: 0.9999999999999994
itereffortlevel: 0
--separating...
--find a better primal bound 0.2137096968669143 by Alternative descent Eigen
--found a cut state by heuristic 0.2137096968669143 0.016899341374036154 
iteration: 433,  #states: 1539, valueb: 0.016899341374036154, activeness: 0.2137096968669143, primalobj: 0.9808316273668488, dualobj: -Inf
solve--
end solve-- RelaxOptimal OPTIMAL
 weights_sum: 0.9999999999999993
itereffortlevel: 0
--separating...
--find a better primal bound 0.31013299192798405 by Alternative descent Eigen
--found a cut state by heuristic 0.31013299192798405 0.03212634924258925 
iteration: 434,  #states: 1540, valueb: 0.03212634924258925, activeness: 0.31013299192798405, primalobj: 0.980757040106552, dualobj: -Inf
solve--
end solve-- RelaxOptimal OPTIMAL
 weights_sum: 1.0000000000000004
itereffortlevel: 0
--separating...
--find a better primal bound 0.25719052502817175 by Alternative descent Eigen
--found a cut state by heuristic 0.25719052502817175 0.035603643372657215 
iteration: 435,  #states: 1541, valueb: 0.035603643372657215, activeness: 0.25719052502817175, primalobj: 0.980636598589943, dualobj: -Inf
solve--
end solve-- RelaxOptimal OPTIMAL
 weights_sum: 1.0000000000000004
itereffortlevel: 0
--separating...
--find a better primal bound 0.22525017382826212 by Alternative descent Eigen
--found a cut state by heuristic 0.22525017382826212 0.04947474699113142 
iteration: 436,  #states: 1542, valueb: 0.04947474699113142, activeness: 0.22525017382826212, primalobj: 0.9805759093274129, dualobj: -Inf
solve--
end solve-- RelaxOptimal OPTIMAL
 weights_sum: 1.0000000000000004
itereffortlevel: 0
--separating...
--find a better primal bound 0.21549120215119144 by Alternative descent Eigen
--found a cut state by heuristic 0.21549120215119144 0.02577687590242257 
iteration: 437,  #states: 1543, valueb: 0.02577687590242257, activeness: 0.21549120215119144, primalobj: 0.9805355434069694, dualobj: -Inf
solve--
end solve-- RelaxOptimal OPTIMAL
 weights_sum: 1.0000000000000007
itereffortlevel: 0
--separating...
--find a better primal bound 0.2292586217339619 by Alternative descent Eigen
--found a cut state by heuristic 0.2292586217339619 0.0437156077249468 
iteration: 438,  #states: 1544, valueb: 0.0437156077249468, activeness: 0.2292586217339619, primalobj: 0.9805099172530369, dualobj: -Inf
solve--
end solve-- RelaxOptimal OPTIMAL
 weights_sum: 1.0000000000000009
itereffortlevel: 0
--separating...
--find a better primal bound 0.2460121011527777 by Alternative descent Eigen
--found a cut state by heuristic 0.2460121011527777 0.04954747959939653 
iteration: 439,  #states: 1545, valueb: 0.04954747959939653, activeness: 0.2460121011527777, primalobj: 0.9804706038678945, dualobj: -Inf
solve--
end solve-- RelaxOptimal OPTIMAL
 weights_sum: 0.9999999999999987
itereffortlevel: 0
--separating...
--find a better primal bound 0.2115655423613796 by Alternative descent Eigen
--found a cut state by heuristic 0.2115655423613796 0.05839391339174744 
iteration: 440,  #states: 1546, valueb: 0.05839391339174744, activeness: 0.2115655423613796, primalobj: 0.980432566534877, dualobj: -Inf
solve--
end solve-- RelaxOptimal OPTIMAL
 weights_sum: 1.000000042081595
itereffortlevel: 0
--separating...
--find a better primal bound 0.24721576407050116 by Alternative descent Eigen
--found a cut state by heuristic 0.24721576407050116 0.040795039420275264 
iteration: 441,  #states: 1547, valueb: 0.040795039420275264, activeness: 0.24721576407050116, primalobj: 0.9804043771395624, dualobj: -Inf
solve--
end solve-- RelaxOptimal OPTIMAL
 weights_sum: 1.0
itereffortlevel: 0
--separating...
--find a better primal bound 0.12802254718460468 by Alternative descent Eigen
--found a cut state by heuristic 0.12802254718460468 0.022072869505908282 
iteration: 442,  #states: 1548, valueb: 0.022072869505908282, activeness: 0.12802254718460468, primalobj: 0.980360042161227, dualobj: -Inf
solve--
end solve-- RelaxOptimal OPTIMAL
 weights_sum: 1.0000000000000004
itereffortlevel: 0
--separating...
--find a better primal bound 0.1935619843379136 by Alternative descent Eigen
--found a cut state by heuristic 0.1935619843379136 0.02791356921314056 
iteration: 443,  #states: 1549, valueb: 0.02791356921314056, activeness: 0.1935619843379136, primalobj: 0.9803447659564604, dualobj: -Inf
solve--
end solve-- RelaxOptimal OPTIMAL
 weights_sum: 0.9999999999999989
itereffortlevel: 0
--separating...
--find a better primal bound 0.1990728325259005 by Alternative descent Eigen
--found a cut state by heuristic 0.1990728325259005 0.010984471265061427 
iteration: 444,  #states: 1550, valueb: 0.010984471265061427, activeness: 0.1990728325259005, primalobj: 0.9803033189499917, dualobj: -Inf
solve--
end solve-- RelaxOptimal OPTIMAL
 weights_sum: 1.0000000000000004
itereffortlevel: 0
--separating...
--find a better primal bound 0.22525399558045753 by Alternative descent Eigen
--found a cut state by heuristic 0.22525399558045753 0.04129825150934036 
iteration: 445,  #states: 1551, valueb: 0.04129825150934036, activeness: 0.22525399558045753, primalobj: 0.9802535908211996, dualobj: -Inf
solve--
end solve-- RelaxOptimal OPTIMAL
 weights_sum: 1.0000000731660657
itereffortlevel: 0
--separating...
--find a better primal bound 0.1885191075575546 by Alternative descent Eigen
--found a cut state by heuristic 0.1885191075575546 0.03089126102787918 
iteration: 446,  #states: 1552, valueb: 0.03089126102787918, activeness: 0.1885191075575546, primalobj: 0.9802335271252756, dualobj: -Inf
solve--
end solve-- RelaxOptimal OPTIMAL
 weights_sum: 1.0000000000000009
itereffortlevel: 0
--separating...
--find a better primal bound 0.24485934856564337 by Alternative descent Eigen
--found a cut state by heuristic 0.24485934856564337 0.03776662246184964 
iteration: 447,  #states: 1553, valueb: 0.03776662246184964, activeness: 0.24485934856564337, primalobj: 0.9801880371897866, dualobj: -Inf
solve--
end solve-- RelaxOptimal OPTIMAL
 weights_sum: 0.9999999999999991
itereffortlevel: 0
--separating...
--find a better primal bound 0.19899288828324851 by Alternative descent Eigen
--found a cut state by heuristic 0.19899288828324851 0.020461566013865812 
iteration: 448,  #states: 1554, valueb: 0.020461566013865812, activeness: 0.19899288828324851, primalobj: 0.9801439462171622, dualobj: -Inf
solve--
end solve-- RelaxOptimal OPTIMAL
 weights_sum: 1.000000000000001
itereffortlevel: 0
--separating...
--find a better primal bound 0.19317867068541678 by Alternative descent Eigen
--found a cut state by heuristic 0.19317867068541678 0.027036729876396465 
iteration: 449,  #states: 1555, valueb: 0.027036729876396465, activeness: 0.19317867068541678, primalobj: 0.9801164231192582, dualobj: -Inf
solve--
end solve-- RelaxOptimal OPTIMAL
 weights_sum: 1.0
itereffortlevel: 0
--separating...
--find a better primal bound 0.2187062164210985 by Alternative descent Eigen
--found a cut state by heuristic 0.2187062164210985 0.0074410216553989095 
iteration: 450,  #states: 1556, valueb: 0.0074410216553989095, activeness: 0.2187062164210985, primalobj: 0.9800948814099861, dualobj: -Inf
solve--
end solve-- RelaxOptimal OPTIMAL
 weights_sum: 1.0000007442306824
itereffortlevel: 0
--separating...
--find a better primal bound 0.24433787216378006 by Alternative descent Eigen
--found a cut state by heuristic 0.24433787216378006 0.059518785644302796 
iteration: 451,  #states: 1557, valueb: 0.059518785644302796, activeness: 0.24433787216378006, primalobj: 0.9800473456987356, dualobj: -Inf
solve--
end solve-- RelaxOptimal OPTIMAL
 weights_sum: 1.0000000000000009
itereffortlevel: 0
--separating...
--find a better primal bound 0.23594525781972547 by Alternative descent Eigen
--found a cut state by heuristic 0.23594525781972547 0.05031645664870257 
iteration: 452,  #states: 1558, valueb: 0.05031645664870257, activeness: 0.23594525781972547, primalobj: 0.9799960806270185, dualobj: -Inf
solve--
end solve-- RelaxOptimal OPTIMAL
 weights_sum: 1.0000000490171166
itereffortlevel: 0
--separating...
--find a better primal bound 0.21599067672929617 by Alternative descent Eigen
--found a cut state by heuristic 0.21599067672929617 0.004143910153958899 
iteration: 453,  #states: 1559, valueb: 0.004143910153958899, activeness: 0.21599067672929617, primalobj: 0.979960468928406, dualobj: -Inf
solve--
end solve-- RelaxOptimal OPTIMAL
 weights_sum: 1.0000000000000009
itereffortlevel: 0
--separating...
--find a better primal bound 0.2812040143957921 by Alternative descent Eigen
--found a cut state by heuristic 0.2812040143957921 0.008675566361652409 
iteration: 454,  #states: 1560, valueb: 0.008675566361652409, activeness: 0.2812040143957921, primalobj: 0.9799040625705795, dualobj: -Inf
solve--
end solve-- RelaxOptimal OPTIMAL
 weights_sum: 0.9999999999999991
itereffortlevel: 0
--separating...
--find a better primal bound 0.214827303744067 by Alternative descent Eigen
--found a cut state by heuristic 0.214827303744067 0.02157310805155251 
iteration: 455,  #states: 1561, valueb: 0.02157310805155251, activeness: 0.214827303744067, primalobj: 0.9798556399169522, dualobj: -Inf
solve--
end solve-- RelaxOptimal OPTIMAL
 weights_sum: 0.9999999999999994
itereffortlevel: 0
--separating...
--find a better primal bound 0.2669503011457983 by Alternative descent Eigen
--found a cut state by heuristic 0.2669503011457983 0.028310900159698296 
iteration: 456,  #states: 1562, valueb: 0.028310900159698296, activeness: 0.2669503011457983, primalobj: 0.9797926643940641, dualobj: -Inf
solve--
end solve-- RelaxOptimal OPTIMAL
 weights_sum: 1.0
itereffortlevel: 0
--separating...
--find a better primal bound 0.2462888206562247 by Alternative descent Eigen
--found a cut state by heuristic 0.2462888206562247 0.040666521020168725 
iteration: 457,  #states: 1563, valueb: 0.040666521020168725, activeness: 0.2462888206562247, primalobj: 0.9797536531004953, dualobj: -Inf
solve--
end solve-- RelaxOptimal OPTIMAL
 weights_sum: 1.0000000000000004
itereffortlevel: 0
--separating...
--find a better primal bound 0.24734906349394453 by Alternative descent Eigen
--found a cut state by heuristic 0.24734906349394453 0.03284170086764096 
iteration: 458,  #states: 1564, valueb: 0.03284170086764096, activeness: 0.24734906349394453, primalobj: 0.9797059485618869, dualobj: -Inf
solve--
end solve-- RelaxOptimal OPTIMAL
 weights_sum: 0.999999999999999
itereffortlevel: 0
--separating...
--find a better primal bound 0.1715101114417109 by Alternative descent Eigen
--found a cut state by heuristic 0.1715101114417109 0.03928839053740443 
iteration: 459,  #states: 1565, valueb: 0.03928839053740443, activeness: 0.1715101114417109, primalobj: 0.9796691258472174, dualobj: -Inf
solve--
end solve-- RelaxOptimal OPTIMAL
 weights_sum: 1.0000000000000009
itereffortlevel: 0
--separating...
--find a better primal bound 0.16006611886464922 by Alternative descent Eigen
--found a cut state by heuristic 0.16006611886464922 0.04121818810051378 
iteration: 460,  #states: 1566, valueb: 0.04121818810051378, activeness: 0.16006611886464922, primalobj: 0.9796319073643251, dualobj: -Inf
solve--
end solve-- RelaxOptimal OPTIMAL
 weights_sum: 1.0000000000000002
itereffortlevel: 0
--separating...
--find a better primal bound 0.20195535651672095 by Alternative descent Eigen
--found a cut state by heuristic 0.20195535651672095 0.021937992677968143 
iteration: 461,  #states: 1567, valueb: 0.021937992677968143, activeness: 0.20195535651672095, primalobj: 0.9796002798944972, dualobj: -Inf
solve--
end solve-- RelaxOptimal OPTIMAL
 weights_sum: 1.0000000000000002
itereffortlevel: 0
--separating...
--find a better primal bound 0.15343134488440752 by Alternative descent Eigen
--found a cut state by heuristic 0.15343134488440752 0.012420349282351409 
iteration: 462,  #states: 1568, valueb: 0.012420349282351409, activeness: 0.15343134488440752, primalobj: 0.979572655548239, dualobj: -Inf
solve--
end solve-- RelaxOptimal OPTIMAL
 weights_sum: 1.000000000000001
itereffortlevel: 0
--separating...
--find a better primal bound 0.22505851913503977 by Alternative descent Eigen
--found a cut state by heuristic 0.22505851913503977 0.01598479289403673 
iteration: 463,  #states: 1569, valueb: 0.01598479289403673, activeness: 0.22505851913503977, primalobj: 0.9795592645065687, dualobj: -Inf
solve--
end solve-- RelaxOptimal OPTIMAL
 weights_sum: 1.0000000000000009
itereffortlevel: 0
--separating...
--find a better primal bound 0.19294070492083748 by Alternative descent Eigen
--found a cut state by heuristic 0.19294070492083748 0.026538737654337452 
iteration: 464,  #states: 1570, valueb: 0.026538737654337452, activeness: 0.19294070492083748, primalobj: 0.9795139236838386, dualobj: -Inf
solve--
end solve-- RelaxOptimal OPTIMAL
 weights_sum: 1.0
itereffortlevel: 0
--separating...
--find a better primal bound 0.15532134946448042 by Alternative descent Eigen
--found a cut state by heuristic 0.15532134946448042 0.0013593499584104718 
iteration: 465,  #states: 1571, valueb: 0.0013593499584104718, activeness: 0.15532134946448042, primalobj: 0.9794762570238678, dualobj: -Inf
solve--
end solve-- RelaxOptimal OPTIMAL
 weights_sum: 0.9999999999999991
itereffortlevel: 0
--separating...
--find a better primal bound 0.18428126675960643 by Alternative descent Eigen
--found a cut state by heuristic 0.18428126675960643 0.066918114520744 
iteration: 466,  #states: 1572, valueb: 0.066918114520744, activeness: 0.18428126675960643, primalobj: 0.9794443650650856, dualobj: -Inf
solve--
end solve-- RelaxOptimal OPTIMAL
 weights_sum: 0.9999999999999988
itereffortlevel: 0
--separating...
--find a better primal bound 0.16775357469400007 by Alternative descent Eigen
--found a cut state by heuristic 0.16775357469400007 0.06954329776749972 
iteration: 467,  #states: 1573, valueb: 0.06954329776749972, activeness: 0.16775357469400007, primalobj: 0.9794180092033171, dualobj: -Inf
solve--
end solve-- RelaxOptimal OPTIMAL
 weights_sum: 1.0000000000000004
itereffortlevel: 0
--separating...
--find a better primal bound 0.2214099499884684 by Alternative descent Eigen
--found a cut state by heuristic 0.2214099499884684 0.08020340211291785 
iteration: 468,  #states: 1574, valueb: 0.08020340211291785, activeness: 0.2214099499884684, primalobj: 0.9793838675980195, dualobj: -Inf
solve--
end solve-- RelaxOptimal OPTIMAL
 weights_sum: 1.0000000000000016
itereffortlevel: 0
--separating...
--find a better primal bound 0.20253044666304673 by Alternative descent Eigen
--found a cut state by heuristic 0.20253044666304673 0.06115916700322626 
iteration: 469,  #states: 1575, valueb: 0.06115916700322626, activeness: 0.20253044666304673, primalobj: 0.9793545513792188, dualobj: -Inf
solve--
end solve-- RelaxOptimal OPTIMAL
 weights_sum: 0.9999999999999991
itereffortlevel: 0
--separating...
--find a better primal bound 0.24429167510086314 by Alternative descent Eigen
--found a cut state by heuristic 0.24429167510086314 0.058449114978058506 
iteration: 470,  #states: 1576, valueb: 0.058449114978058506, activeness: 0.24429167510086314, primalobj: 0.9793274795125538, dualobj: -Inf
solve--
end solve-- RelaxOptimal OPTIMAL
 weights_sum: 0.9999999999999998
itereffortlevel: 0
--separating...
--find a better primal bound 0.17938561999083708 by Alternative descent Eigen
--found a cut state by heuristic 0.17938561999083708 0.062003906225580496 
iteration: 471,  #states: 1577, valueb: 0.062003906225580496, activeness: 0.17938561999083708, primalobj: 0.9792960918726185, dualobj: -Inf
solve--
end solve-- RelaxOptimal OPTIMAL
 weights_sum: 1.0000000000000004
itereffortlevel: 0
--separating...
--find a better primal bound 0.16516065161568233 by Alternative descent Eigen
--found a cut state by heuristic 0.16516065161568233 0.005376318711205147 
iteration: 472,  #states: 1578, valueb: 0.005376318711205147, activeness: 0.16516065161568233, primalobj: 0.9792507323000845, dualobj: -Inf
solve--
end solve-- RelaxOptimal OPTIMAL
 weights_sum: 0.9999999999999996
itereffortlevel: 0
--separating...
--find a better primal bound 0.19930781857110402 by Alternative descent Eigen
--found a cut state by heuristic 0.19930781857110402 0.04923967186780376 
iteration: 473,  #states: 1579, valueb: 0.04923967186780376, activeness: 0.19930781857110402, primalobj: 0.9792156840732517, dualobj: -Inf
solve--
end solve-- RelaxOptimal OPTIMAL
 weights_sum: 1.0000000000000004
itereffortlevel: 0
--separating...
--find a better primal bound 0.22379383122208701 by Alternative descent Eigen
--found a cut state by heuristic 0.22379383122208701 0.025918483561797243 
iteration: 474,  #states: 1580, valueb: 0.025918483561797243, activeness: 0.22379383122208701, primalobj: 0.9791914179878153, dualobj: -Inf
solve--
end solve-- RelaxOptimal OPTIMAL
 weights_sum: 1.0
itereffortlevel: 0
--separating...
--find a better primal bound 0.18663580294124105 by Alternative descent Eigen
--found a cut state by heuristic 0.18663580294124105 0.005501268115874633 
iteration: 475,  #states: 1581, valueb: 0.005501268115874633, activeness: 0.18663580294124105, primalobj: 0.9791505777017864, dualobj: -Inf
solve--
end solve-- RelaxOptimal OPTIMAL
 weights_sum: 0.9999999999999976
itereffortlevel: 0
--separating...
--find a better primal bound 0.24497336944994738 by Alternative descent Eigen
--found a cut state by heuristic 0.24497336944994738 0.016547600540269207 
iteration: 476,  #states: 1582, valueb: 0.016547600540269207, activeness: 0.24497336944994738, primalobj: 0.9791294889779614, dualobj: -Inf
solve--
end solve-- RelaxOptimal OPTIMAL
 weights_sum: 1.0000000308894248
itereffortlevel: 0
--separating...
--find a better primal bound 0.1696022601509295 by Alternative descent Eigen
--found a cut state by heuristic 0.1696022601509295 0.004074926232314307 
iteration: 477,  #states: 1583, valueb: 0.004074926232314307, activeness: 0.1696022601509295, primalobj: 0.9790866072346802, dualobj: -Inf
solve--
end solve-- RelaxOptimal OPTIMAL
 weights_sum: 1.000000274050329
itereffortlevel: 0
--separating...
--find a better primal bound 0.13556123163460335 by Alternative descent Eigen
--found a cut state by heuristic 0.13556123163460335 0.011830845039873823 
iteration: 478,  #states: 1584, valueb: 0.011830845039873823, activeness: 0.13556123163460335, primalobj: 0.979067229033854, dualobj: -Inf
solve--
end solve-- RelaxOptimal OPTIMAL
 weights_sum: 0.999999999999998
itereffortlevel: 0
--separating...
--find a better primal bound 0.15528427591586277 by Alternative descent Eigen
--found a cut state by heuristic 0.15528427591586277 0.019816425826314404 
iteration: 479,  #states: 1585, valueb: 0.019816425826314404, activeness: 0.15528427591586277, primalobj: 0.9790392499534051, dualobj: -Inf
solve--
end solve-- RelaxOptimal OPTIMAL
 weights_sum: 1.0000000000000002
itereffortlevel: 0
--separating...
--find a better primal bound 0.1525774245808939 by Alternative descent Eigen
--found a cut state by heuristic 0.1525774245808939 0.04586050804591547 
iteration: 480,  #states: 1586, valueb: 0.04586050804591547, activeness: 0.1525774245808939, primalobj: 0.9790108586056561, dualobj: -Inf
solve--
end solve-- RelaxOptimal OPTIMAL
 weights_sum: 0.9999999999999998
itereffortlevel: 0
--separating...
--find a better primal bound 0.13249204761868616 by Alternative descent Eigen
--found a cut state by heuristic 0.13249204761868616 0.003846898953792974 
iteration: 481,  #states: 1587, valueb: 0.003846898953792974, activeness: 0.13249204761868616, primalobj: 0.9789946177956994, dualobj: -Inf
solve--
end solve-- RelaxOptimal OPTIMAL
 weights_sum: 1.0000000000000004
itereffortlevel: 0
--separating...
--find a better primal bound 0.16441574657166846 by Alternative descent Eigen
--found a cut state by heuristic 0.16441574657166846 0.018347063348628626 
iteration: 482,  #states: 1588, valueb: 0.018347063348628626, activeness: 0.16441574657166846, primalobj: 0.9789638013716331, dualobj: -Inf
solve--
end solve-- RelaxOptimal OPTIMAL
 weights_sum: 1.0000000000000004
itereffortlevel: 0
--separating...
--find a better primal bound 0.1798620936343822 by Alternative descent Eigen
--found a cut state by heuristic 0.1798620936343822 0.009552224393856055 
iteration: 483,  #states: 1589, valueb: 0.009552224393856055, activeness: 0.1798620936343822, primalobj: 0.9789412929265154, dualobj: -Inf
solve--
end solve-- RelaxOptimal OPTIMAL
 weights_sum: 1.0000008966402396
itereffortlevel: 0
--separating...
--find a better primal bound 0.16513484697164205 by Alternative descent Eigen
--found a cut state by heuristic 0.16513484697164205 0.02143185716145545 
iteration: 484,  #states: 1590, valueb: 0.02143185716145545, activeness: 0.16513484697164205, primalobj: 0.9789161477550632, dualobj: -Inf
solve--
end solve-- RelaxOptimal OPTIMAL
 weights_sum: 0.9999999999999998
itereffortlevel: 0
--separating...
--find a better primal bound 0.11983911267588282 by Alternative descent Eigen
--found a cut state by heuristic 0.11983911267588282 0.007572171755365337 
iteration: 485,  #states: 1591, valueb: 0.007572171755365337, activeness: 0.11983911267588282, primalobj: 0.978900813302489, dualobj: -Inf
solve--
end solve-- RelaxOptimal OPTIMAL
 weights_sum: 1.0000001323216694
itereffortlevel: 0
--separating...
--find a better primal bound 0.19071252895960675 by Alternative descent Eigen
--found a cut state by heuristic 0.19071252895960675 0.02956679354728426 
iteration: 486,  #states: 1592, valueb: 0.02956679354728426, activeness: 0.19071252895960675, primalobj: 0.9788766083232083, dualobj: -Inf
solve--
end solve-- RelaxOptimal OPTIMAL
 weights_sum: 1.0000000000000004
itereffortlevel: 0
--separating...
--find a better primal bound 0.14279433979011738 by Alternative descent Eigen
--found a cut state by heuristic 0.14279433979011738 0.038537528181381286 
iteration: 487,  #states: 1593, valueb: 0.038537528181381286, activeness: 0.14279433979011738, primalobj: 0.9788498658868906, dualobj: -Inf
solve--
end solve-- RelaxOptimal OPTIMAL
 weights_sum: 1.0
itereffortlevel: 0
--separating...
--find a better primal bound 0.15160288148312245 by Alternative descent Eigen
--found a cut state by heuristic 0.15160288148312245 0.02219805154285584 
iteration: 488,  #states: 1594, valueb: 0.02219805154285584, activeness: 0.15160288148312245, primalobj: 0.9788214892803626, dualobj: -Inf
solve--
end solve-- RelaxOptimal OPTIMAL
 weights_sum: 0.9999999999999982
itereffortlevel: 0
--separating...
--find a better primal bound 0.2228034042267652 by Alternative descent Eigen
--found a cut state by heuristic 0.2228034042267652 0.04701103876283039 
iteration: 489,  #states: 1595, valueb: 0.04701103876283039, activeness: 0.2228034042267652, primalobj: 0.978798553517986, dualobj: -Inf
solve--
end solve-- RelaxOptimal OPTIMAL
 weights_sum: 1.0000000000000009
itereffortlevel: 0
--separating...
--find a better primal bound 0.2709500833480269 by Alternative descent Eigen
--found a cut state by heuristic 0.2709500833480269 0.02930750366907353 
iteration: 490,  #states: 1596, valueb: 0.02930750366907353, activeness: 0.2709500833480269, primalobj: 0.9787771492749864, dualobj: -Inf
solve--
end solve-- RelaxOptimal OPTIMAL
 weights_sum: 1.000000000000001
itereffortlevel: 0
--separating...
--find a better primal bound 0.2041188873537783 by Alternative descent Eigen
--found a cut state by heuristic 0.2041188873537783 0.03759818211837923 
iteration: 491,  #states: 1597, valueb: 0.03759818211837923, activeness: 0.2041188873537783, primalobj: 0.9787265345770471, dualobj: -Inf
solve--
end solve-- RelaxOptimal OPTIMAL
 weights_sum: 1.0000000000000004
itereffortlevel: 0
--separating...
--find a better primal bound 0.17338346095755872 by Alternative descent Eigen
--found a cut state by heuristic 0.17338346095755872 0.03581183214025395 
iteration: 492,  #states: 1598, valueb: 0.03581183214025395, activeness: 0.17338346095755872, primalobj: 0.9786884602151521, dualobj: -Inf
solve--
end solve-- RelaxOptimal OPTIMAL
 weights_sum: 0.9999999999999989
itereffortlevel: 0
--separating...
--find a better primal bound 0.24296376245590606 by Alternative descent Eigen
--found a cut state by heuristic 0.24296376245590606 0.007435956196514418 
iteration: 493,  #states: 1599, valueb: 0.007435956196514418, activeness: 0.24296376245590606, primalobj: 0.9786616703955573, dualobj: -Inf
solve--
end solve-- RelaxOptimal OPTIMAL
 weights_sum: 1.0000000000000004
itereffortlevel: 0
--separating...
--find a better primal bound 0.18809396147767693 by Alternative descent Eigen
--found a cut state by heuristic 0.18809396147767693 0.03209528402232542 
iteration: 494,  #states: 1600, valueb: 0.03209528402232542, activeness: 0.18809396147767693, primalobj: 0.9786254951945443, dualobj: -Inf
solve--
end solve-- RelaxOptimal OPTIMAL
 weights_sum: 0.9999999999999997
itereffortlevel: 0
--separating...
--find a better primal bound 0.2029789374426224 by Alternative descent Eigen
--found a cut state by heuristic 0.2029789374426224 0.017713260191626556 
iteration: 495,  #states: 1601, valueb: 0.017713260191626556, activeness: 0.2029789374426224, primalobj: 0.9786035085099318, dualobj: -Inf
solve--
end solve-- RelaxOptimal OPTIMAL
 weights_sum: 1.0000000000000018
itereffortlevel: 0
--separating...
--find a better primal bound 0.1639770009380948 by Alternative descent Eigen
--found a cut state by heuristic 0.1639770009380948 0.02715555893228601 
iteration: 496,  #states: 1602, valueb: 0.02715555893228601, activeness: 0.1639770009380948, primalobj: 0.9785661133863223, dualobj: -Inf
solve--
end solve-- RelaxOptimal OPTIMAL
 weights_sum: 1.0
itereffortlevel: 0
--separating...
--find a better primal bound 0.1890201654414104 by Alternative descent Eigen
--found a cut state by heuristic 0.1890201654414104 0.0747294221353203 
iteration: 497,  #states: 1603, valueb: 0.0747294221353203, activeness: 0.1890201654414104, primalobj: 0.9785357612960756, dualobj: -Inf
solve--
end solve-- RelaxOptimal OPTIMAL
 weights_sum: 0.9999999999999991
itereffortlevel: 0
--separating...
--find a better primal bound 0.16913862160297308 by Alternative descent Eigen
--found a cut state by heuristic 0.16913862160297308 0.003481318582241177 
iteration: 498,  #states: 1604, valueb: 0.003481318582241177, activeness: 0.16913862160297308, primalobj: 0.9785035130326776, dualobj: -Inf
solve--
end solve-- RelaxOptimal OPTIMAL
 weights_sum: 1.0000000000000004
itereffortlevel: 0
--separating...
--find a better primal bound 0.25460214599759157 by Alternative descent Eigen
--found a cut state by heuristic 0.25460214599759157 0.020818813506318923 
iteration: 499,  #states: 1605, valueb: 0.020818813506318923, activeness: 0.25460214599759157, primalobj: 0.9784502075570212, dualobj: -Inf
solve--
end solve-- RelaxOptimal OPTIMAL
 weights_sum: 1.0000000000000007
itereffortlevel: 0
--separating...
--find a better primal bound 0.2003111028484627 by Alternative descent Eigen
--found a cut state by heuristic 0.2003111028484627 0.027157965292846604 
iteration: 500,  #states: 1606, valueb: 0.027157965292846604, activeness: 0.2003111028484627, primalobj: 0.9783644335158215, dualobj: -Inf
solve--
end solve-- RelaxOptimal OPTIMAL
 weights_sum: 1.000000000000001
itereffortlevel: 0
--separating...
--find a better primal bound 0.1730227215123174 by Alternative descent Eigen
--found a cut state by heuristic 0.1730227215123174 0.03929713752755963 
iteration: 501,  #states: 1607, valueb: 0.03929713752755963, activeness: 0.1730227215123174, primalobj: 0.97834914839607, dualobj: -Inf
solve--
end solve-- RelaxOptimal OPTIMAL
 weights_sum: 1.0000000616196245
itereffortlevel: 0
--separating...
--find a better primal bound 0.20083156408279293 by Alternative descent Eigen
--found a cut state by heuristic 0.20083156408279293 0.04071032989538914 
iteration: 502,  #states: 1608, valueb: 0.04071032989538914, activeness: 0.20083156408279293, primalobj: 0.9783229954716444, dualobj: -Inf
solve--
end solve-- RelaxOptimal OPTIMAL
 weights_sum: 0.9999999999999988
itereffortlevel: 0
--separating...
--find a better primal bound 0.21606031313234977 by Alternative descent Eigen
--found a cut state by heuristic 0.21606031313234977 0.06518454640237388 
iteration: 503,  #states: 1609, valueb: 0.06518454640237388, activeness: 0.21606031313234977, primalobj: 0.9782766456213575, dualobj: -Inf
solve--
end solve-- RelaxOptimal OPTIMAL
 weights_sum: 1.0000000000000013
itereffortlevel: 0
--separating...
--find a better primal bound 0.18201708088769875 by Alternative descent Eigen
--found a cut state by heuristic 0.18201708088769875 0.051459253254628336 
iteration: 504,  #states: 1610, valueb: 0.051459253254628336, activeness: 0.18201708088769875, primalobj: 0.9782558899445635, dualobj: -Inf
solve--
end solve-- RelaxOptimal OPTIMAL
 weights_sum: 1.0000000000000013
itereffortlevel: 0
--separating...
--find a better primal bound 0.2125094858282243 by Alternative descent Eigen
--found a cut state by heuristic 0.2125094858282243 0.029704090090968596 
iteration: 505,  #states: 1611, valueb: 0.029704090090968596, activeness: 0.2125094858282243, primalobj: 0.9782175311870637, dualobj: -Inf
solve--
end solve-- RelaxOptimal OPTIMAL
 weights_sum: 1.0000000000000009
itereffortlevel: 0
--separating...
--find a better primal bound 0.1314942383839846 by Alternative descent Eigen
--found a cut state by heuristic 0.1314942383839846 0.01848187582151769 
iteration: 506,  #states: 1612, valueb: 0.01848187582151769, activeness: 0.1314942383839846, primalobj: 0.978176962538701, dualobj: -Inf
solve--
end solve-- RelaxOptimal OPTIMAL
 weights_sum: 1.0000000734916108
itereffortlevel: 0
--separating...
--find a better primal bound 0.12434741429154018 by Alternative descent Eigen
--found a cut state by heuristic 0.12434741429154018 0.01602208785804236 
iteration: 507,  #states: 1613, valueb: 0.01602208785804236, activeness: 0.12434741429154018, primalobj: 0.9781591162491967, dualobj: -Inf
solve--
end solve-- RelaxOptimal OPTIMAL
 weights_sum: 0.9999999999999997
itereffortlevel: 0
--separating...
--find a better primal bound 0.22749676174644035 by Alternative descent Eigen
--found a cut state by heuristic 0.22749676174644035 0.013207984384166196 
iteration: 508,  #states: 1614, valueb: 0.013207984384166196, activeness: 0.22749676174644035, primalobj: 0.9781437833290946, dualobj: -Inf
solve--
end solve-- RelaxOptimal OPTIMAL
 weights_sum: 0.9999999999999996
itereffortlevel: 0
--separating...
--find a better primal bound 0.2981133893543719 by Alternative descent Eigen
--found a cut state by heuristic 0.2981133893543719 0.012946215502252155 
iteration: 509,  #states: 1615, valueb: 0.012946215502252155, activeness: 0.2981133893543719, primalobj: 0.9780712984482605, dualobj: -Inf
solve--
end solve-- RelaxOptimal OPTIMAL
 weights_sum: 1.000000000000001
itereffortlevel: 0
--separating...
--find a better primal bound 0.20344209192198448 by Alternative descent Eigen
--found a cut state by heuristic 0.20344209192198448 0.03643987591672595 
iteration: 510,  #states: 1616, valueb: 0.03643987591672595, activeness: 0.20344209192198448, primalobj: 0.9780052590955643, dualobj: -Inf
solve--
end solve-- RelaxOptimal OPTIMAL
 weights_sum: 1.000000000000001
itereffortlevel: 0
--separating...
--find a better primal bound 0.21651163126074335 by Alternative descent Eigen
--found a cut state by heuristic 0.21651163126074335 0.022127521509036185 
iteration: 511,  #states: 1617, valueb: 0.022127521509036185, activeness: 0.21651163126074335, primalobj: 0.9779556534102658, dualobj: -Inf
solve--
end solve-- RelaxOptimal OPTIMAL
 weights_sum: 0.9999999999999991
itereffortlevel: 0
--separating...
--find a better primal bound 0.18546698041438997 by Alternative descent Eigen
--found a cut state by heuristic 0.18546698041438997 0.0271504881462893 
iteration: 512,  #states: 1618, valueb: 0.0271504881462893, activeness: 0.18546698041438997, primalobj: 0.9779061882231281, dualobj: -Inf
solve--
end solve-- RelaxOptimal OPTIMAL
 weights_sum: 1.0000000000000009
itereffortlevel: 0
--separating...
--find a better primal bound 0.26128182171691233 by Alternative descent Eigen
--found a cut state by heuristic 0.26128182171691233 0.024595970602729007 
iteration: 513,  #states: 1619, valueb: 0.024595970602729007, activeness: 0.26128182171691233, primalobj: 0.9778633537031205, dualobj: -Inf
solve--
end solve-- RelaxOptimal OPTIMAL
 weights_sum: 1.000000000000002
itereffortlevel: 0
--separating...
--find a better primal bound 0.2552645190734347 by Alternative descent Eigen
--found a cut state by heuristic 0.2552645190734347 0.04854744459831644 
iteration: 514,  #states: 1620, valueb: 0.04854744459831644, activeness: 0.2552645190734347, primalobj: 0.9778079391641451, dualobj: -Inf
solve--
end solve-- RelaxOptimal OPTIMAL
 weights_sum: 0.9999999999999996
itereffortlevel: 0
--separating...
--find a better primal bound 0.24861963577440413 by Alternative descent Eigen
--found a cut state by heuristic 0.24861963577440413 0.0483774565804978 
iteration: 515,  #states: 1621, valueb: 0.0483774565804978, activeness: 0.24861963577440413, primalobj: 0.977767275559816, dualobj: -Inf
solve--
end solve-- RelaxOptimal OPTIMAL
 weights_sum: 0.9999999999999998
itereffortlevel: 0
--separating...
--find a better primal bound 0.1760792153297031 by Alternative descent Eigen
--found a cut state by heuristic 0.1760792153297031 0.04453177698937532 
iteration: 516,  #states: 1622, valueb: 0.04453177698937532, activeness: 0.1760792153297031, primalobj: 0.9777122007746725, dualobj: -Inf
solve--
end solve-- RelaxOptimal OPTIMAL
 weights_sum: 1.0
itereffortlevel: 0
--separating...
--find a better primal bound 0.16861190814028004 by Alternative descent Eigen
--found a cut state by heuristic 0.16861190814028004 0.024633186803103196 
iteration: 517,  #states: 1623, valueb: 0.024633186803103196, activeness: 0.16861190814028004, primalobj: 0.9776810534140778, dualobj: -Inf
solve--
end solve-- RelaxOptimal OPTIMAL
 weights_sum: 0.9999999999999993
itereffortlevel: 0
--separating...
--find a better primal bound 0.1567266163534706 by Alternative descent Eigen
--found a cut state by heuristic 0.1567266163534706 0.02404902066540159 
iteration: 518,  #states: 1624, valueb: 0.02404902066540159, activeness: 0.1567266163534706, primalobj: 0.9776576949974601, dualobj: -Inf
solve--
end solve-- RelaxOptimal OPTIMAL
 weights_sum: 1.0000000000000004
itereffortlevel: 0
--separating...
--find a better primal bound 0.3555438895184768 by Alternative descent Eigen
--found a cut state by heuristic 0.3555438895184768 0.028987478817523993 
iteration: 519,  #states: 1625, valueb: 0.028987478817523993, activeness: 0.3555438895184768, primalobj: 0.9776443042583272, dualobj: -Inf
solve--
end solve-- RelaxOptimal OPTIMAL
 weights_sum: 1.0000001954566398
itereffortlevel: 0
--separating...
--find a better primal bound 0.25520145276379946 by Alternative descent Eigen
--found a cut state by heuristic 0.25520145276379946 0.05779123472905676 
iteration: 520,  #states: 1626, valueb: 0.05779123472905676, activeness: 0.25520145276379946, primalobj: 0.9775989724890088, dualobj: -Inf
solve--
end solve-- RelaxOptimal OPTIMAL
 weights_sum: 1.0000000000000009
itereffortlevel: 0
--separating...
--find a better primal bound 0.42413404231365504 by Alternative descent Eigen
--found a cut state by heuristic 0.42413404231365504 0.04542165727450753 
iteration: 521,  #states: 1627, valueb: 0.04542165727450753, activeness: 0.42413404231365504, primalobj: 0.9775546790600163, dualobj: -Inf
solve--
end solve-- RelaxOptimal OPTIMAL
 weights_sum: 1.0
itereffortlevel: 0
--separating...
--find a better primal bound 0.21934074306352042 by Alternative descent Eigen
--found a cut state by heuristic 0.21934074306352042 0.05533025765744515 
iteration: 522,  #states: 1628, valueb: 0.05533025765744515, activeness: 0.21934074306352042, primalobj: 0.9774614022335373, dualobj: -Inf
solve--
end solve-- RelaxOptimal OPTIMAL
 weights_sum: 1.0000000000000016
itereffortlevel: 0
--separating...
--find a better primal bound 0.2799980868610849 by Alternative descent Eigen
--found a cut state by heuristic 0.2799980868610849 0.06508077662590497 
iteration: 523,  #states: 1629, valueb: 0.06508077662590497, activeness: 0.2799980868610849, primalobj: 0.9774320814762636, dualobj: -Inf
solve--
end solve-- RelaxOptimal OPTIMAL
 weights_sum: 1.0
itereffortlevel: 0
--separating...
--find a better primal bound 0.1810258217539089 by Alternative descent Eigen
--found a cut state by heuristic 0.1810258217539089 0.03863981956744434 
iteration: 524,  #states: 1630, valueb: 0.03863981956744434, activeness: 0.1810258217539089, primalobj: 0.9774081463440567, dualobj: -Inf
solve--
end solve-- RelaxOptimal OPTIMAL
 weights_sum: 1.0000005815500117
itereffortlevel: 0
--separating...
--find a better primal bound 0.27607314484974976 by Alternative descent Eigen
--found a cut state by heuristic 0.27607314484974976 0.0529843429022283 
iteration: 525,  #states: 1631, valueb: 0.0529843429022283, activeness: 0.27607314484974976, primalobj: 0.9773828502004499, dualobj: -Inf
solve--
end solve-- RelaxOptimal OPTIMAL
 weights_sum: 0.9999999999999991
itereffortlevel: 0
--separating...
--find a better primal bound 0.2406580697798385 by Alternative descent Eigen
--found a cut state by heuristic 0.2406580697798385 0.048052338898811775 
iteration: 526,  #states: 1632, valueb: 0.048052338898811775, activeness: 0.2406580697798385, primalobj: 0.9773384380514165, dualobj: -Inf
solve--
end solve-- RelaxOptimal OPTIMAL
 weights_sum: 1.0
itereffortlevel: 0
--separating...
--find a better primal bound 0.19965775641044076 by Alternative descent Eigen
--found a cut state by heuristic 0.19965775641044076 0.03595871934434256 
iteration: 527,  #states: 1633, valueb: 0.03595871934434256, activeness: 0.19965775641044076, primalobj: 0.9773129849439232, dualobj: -Inf
solve--
end solve-- RelaxOptimal OPTIMAL
 weights_sum: 1.0000000000000022
itereffortlevel: 0
--separating...
--find a better primal bound 0.16755689057257056 by Alternative descent Eigen
--found a cut state by heuristic 0.16755689057257056 0.017866632150253598 
iteration: 528,  #states: 1634, valueb: 0.017866632150253598, activeness: 0.16755689057257056, primalobj: 0.9772815129996848, dualobj: -Inf
solve--
end solve-- RelaxOptimal OPTIMAL
 weights_sum: 0.9999999999999994
itereffortlevel: 0
--separating...
--find a better primal bound 0.2244297045383742 by Alternative descent Eigen
--found a cut state by heuristic 0.2244297045383742 0.030350036705243062 
iteration: 529,  #states: 1635, valueb: 0.030350036705243062, activeness: 0.2244297045383742, primalobj: 0.9772558772341579, dualobj: -Inf
solve--
end solve-- RelaxOptimal OPTIMAL
 weights_sum: 1.0000000000000004
itereffortlevel: 0
--separating...
--find a better primal bound 0.28432729299963705 by Alternative descent Eigen
--found a cut state by heuristic 0.28432729299963705 0.028170769789107798 
iteration: 530,  #states: 1636, valueb: 0.028170769789107798, activeness: 0.28432729299963705, primalobj: 0.9772229586992376, dualobj: -Inf
solve--
end solve-- RelaxOptimal OPTIMAL
 weights_sum: 0.9999999999999991
itereffortlevel: 0
--separating...
--find a better primal bound 0.23846668482193714 by Alternative descent Eigen
--found a cut state by heuristic 0.23846668482193714 0.005310481945741796 
iteration: 531,  #states: 1637, valueb: 0.005310481945741796, activeness: 0.23846668482193714, primalobj: 0.9771760850057643, dualobj: -Inf
solve--
end solve-- RelaxOptimal OPTIMAL
 weights_sum: 1.0000000000000004
itereffortlevel: 0
--separating...
--find a better primal bound 0.1757998316313506 by Alternative descent Eigen
--found a cut state by heuristic 0.1757998316313506 0.03407711103577679 
iteration: 532,  #states: 1638, valueb: 0.03407711103577679, activeness: 0.1757998316313506, primalobj: 0.9771420830309336, dualobj: -Inf
solve--
end solve-- RelaxOptimal OPTIMAL
 weights_sum: 1.000000083310742
itereffortlevel: 0
--separating...
--find a better primal bound 0.2092526290281338 by Alternative descent Eigen
--found a cut state by heuristic 0.2092526290281338 0.03310346186516481 
iteration: 533,  #states: 1639, valueb: 0.03310346186516481, activeness: 0.2092526290281338, primalobj: 0.9771143832528455, dualobj: -Inf
solve--
end solve-- RelaxOptimal OPTIMAL
 weights_sum: 0.9999999999999998
itereffortlevel: 0
--separating...
--find a better primal bound 0.31358714572840585 by Alternative descent Eigen
--found a cut state by heuristic 0.31358714572840585 0.06371012455705824 
iteration: 534,  #states: 1640, valueb: 0.06371012455705824, activeness: 0.31358714572840585, primalobj: 0.9770532599513985, dualobj: -Inf
solve--
end solve-- RelaxOptimal OPTIMAL
 weights_sum: 0.9999999999999991
itereffortlevel: 0
--separating...
--find a better primal bound 0.19499306805908742 by Alternative descent Eigen
--found a cut state by heuristic 0.19499306805908742 0.05997719224733669 
iteration: 535,  #states: 1641, valueb: 0.05997719224733669, activeness: 0.19499306805908742, primalobj: 0.9769934206066039, dualobj: -Inf
solve--
end solve-- RelaxOptimal OPTIMAL
 weights_sum: 1.0000000000000002
itereffortlevel: 0
--separating...
--find a better primal bound 0.2434749693696428 by Alternative descent Eigen
--found a cut state by heuristic 0.2434749693696428 0.06009655003412871 
iteration: 536,  #states: 1642, valueb: 0.06009655003412871, activeness: 0.2434749693696428, primalobj: 0.976963119951267, dualobj: -Inf
solve--
end solve-- RelaxOptimal OPTIMAL
 weights_sum: 0.9999999999999996
itereffortlevel: 0
--separating...
--find a better primal bound 0.21448488622499487 by Alternative descent Eigen
--found a cut state by heuristic 0.21448488622499487 0.06402591468320717 
iteration: 537,  #states: 1643, valueb: 0.06402591468320717, activeness: 0.21448488622499487, primalobj: 0.9769335566928374, dualobj: -Inf
solve--
end solve-- RelaxOptimal OPTIMAL
 weights_sum: 0.9999999999999998
itereffortlevel: 0
--separating...
--find a better primal bound 0.159950515467373 by Alternative descent Eigen
--found a cut state by heuristic 0.159950515467373 0.04176624139156993 
iteration: 538,  #states: 1644, valueb: 0.04176624139156993, activeness: 0.159950515467373, primalobj: 0.9769069546382442, dualobj: -Inf
solve--
end solve-- RelaxOptimal OPTIMAL
 weights_sum: 1.0000000000000016
itereffortlevel: 0
--separating...
--find a better primal bound 0.23921398973510988 by Alternative descent Eigen
--found a cut state by heuristic 0.23921398973510988 0.029574529599039025 
iteration: 539,  #states: 1645, valueb: 0.029574529599039025, activeness: 0.23921398973510988, primalobj: 0.9768772971725402, dualobj: -Inf
solve--
end solve-- RelaxOptimal OPTIMAL
 weights_sum: 0.9999999999999993
itereffortlevel: 0
--separating...
--find a better primal bound 0.2398656807481802 by Alternative descent Eigen
--found a cut state by heuristic 0.2398656807481802 0.031255713204196206 
iteration: 540,  #states: 1646, valueb: 0.031255713204196206, activeness: 0.2398656807481802, primalobj: 0.9768403805507289, dualobj: -Inf
solve--
end solve-- RelaxOptimal OPTIMAL
 weights_sum: 1.0000000000000007
itereffortlevel: 0
--separating...
--find a better primal bound 0.2110871306021344 by Alternative descent Eigen
--found a cut state by heuristic 0.2110871306021344 0.050587175870288784 
iteration: 541,  #states: 1647, valueb: 0.050587175870288784, activeness: 0.2110871306021344, primalobj: 0.9767989507340219, dualobj: -Inf
solve--
end solve-- RelaxOptimal OPTIMAL
 weights_sum: 0.9999999999999997
itereffortlevel: 0
--separating...
--find a better primal bound 0.2322673449825803 by Alternative descent Eigen
--found a cut state by heuristic 0.2322673449825803 0.057662525427274444 
iteration: 542,  #states: 1648, valueb: 0.057662525427274444, activeness: 0.2322673449825803, primalobj: 0.9767712242329689, dualobj: -Inf
solve--
end solve-- RelaxOptimal OPTIMAL
 weights_sum: 0.9999999999999998
itereffortlevel: 0
--separating...
--find a better primal bound 0.2665948946168793 by Alternative descent Eigen
--found a cut state by heuristic 0.2665948946168793 0.06438157155014967 
iteration: 543,  #states: 1649, valueb: 0.06438157155014967, activeness: 0.2665948946168793, primalobj: 0.9767406558342645, dualobj: -Inf
solve--
end solve-- RelaxOptimal OPTIMAL
 weights_sum: 1.0000018250666893
itereffortlevel: 0
--separating...
--find a better primal bound 0.2028106013889992 by Alternative descent Eigen
--found a cut state by heuristic 0.2028106013889992 0.07015211226331625 
iteration: 544,  #states: 1650, valueb: 0.07015211226331625, activeness: 0.2028106013889992, primalobj: 0.9767085411373773, dualobj: -Inf
solve--
end solve-- RelaxOptimal OPTIMAL
 weights_sum: 1.0
itereffortlevel: 0
--separating...
--find a better primal bound 0.19875199716201206 by Alternative descent Eigen
--found a cut state by heuristic 0.19875199716201206 0.04326493529394165 
iteration: 545,  #states: 1651, valueb: 0.04326493529394165, activeness: 0.19875199716201206, primalobj: 0.9766720697763547, dualobj: -Inf
solve--
end solve-- RelaxOptimal OPTIMAL
 weights_sum: 0.9999999999999996
itereffortlevel: 0
--separating...
--find a better primal bound 0.1621797703887041 by Alternative descent Eigen
--found a cut state by heuristic 0.1621797703887041 0.010985991539004616 
iteration: 546,  #states: 1652, valueb: 0.010985991539004616, activeness: 0.1621797703887041, primalobj: 0.9766430741391262, dualobj: -Inf
solve--
end solve-- RelaxOptimal OPTIMAL
 weights_sum: 0.9999999999999998
itereffortlevel: 0
--separating...
--find a better primal bound 0.20089416295670326 by Alternative descent Eigen
--found a cut state by heuristic 0.20089416295670326 0.036512659523211366 
iteration: 547,  #states: 1653, valueb: 0.036512659523211366, activeness: 0.20089416295670326, primalobj: 0.9766205329944911, dualobj: -Inf
solve--
end solve-- RelaxOptimal OPTIMAL
 weights_sum: 1.0000000000000013
itereffortlevel: 0
--separating...
--find a better primal bound 0.20893396896531352 by Alternative descent Eigen
--found a cut state by heuristic 0.20893396896531352 0.02627365318315071 
iteration: 548,  #states: 1654, valueb: 0.02627365318315071, activeness: 0.20893396896531352, primalobj: 0.9765891534955868, dualobj: -Inf
solve--
end solve-- RelaxOptimal OPTIMAL
 weights_sum: 0.9999999999999998
itereffortlevel: 0
--separating...
--find a better primal bound 0.22135500771565714 by Alternative descent Eigen
--found a cut state by heuristic 0.22135500771565714 0.04351912212132251 
iteration: 549,  #states: 1655, valueb: 0.04351912212132251, activeness: 0.22135500771565714, primalobj: 0.9765620898307038, dualobj: -Inf
solve--
end solve-- RelaxOptimal OPTIMAL
 weights_sum: 1.0000000000000009
itereffortlevel: 0
--separating...
--find a better primal bound 0.14612729811040936 by Alternative descent Eigen
--found a cut state by heuristic 0.14612729811040936 0.046554638682923484 
iteration: 550,  #states: 1656, valueb: 0.046554638682923484, activeness: 0.14612729811040936, primalobj: 0.9765356733598918, dualobj: -Inf
solve--
end solve-- RelaxOptimal OPTIMAL
 weights_sum: 0.9999999999999991
itereffortlevel: 0
--separating...
--find a better primal bound 0.2050782638241221 by Alternative descent Eigen
--found a cut state by heuristic 0.2050782638241221 0.03855876222205698 
iteration: 551,  #states: 1657, valueb: 0.03855876222205698, activeness: 0.2050782638241221, primalobj: 0.976518729563831, dualobj: -Inf
solve--
end solve-- RelaxOptimal OPTIMAL
 weights_sum: 1.0000000000000009
itereffortlevel: 0
--separating...
--find a better primal bound 0.15604509917812287 by Alternative descent Eigen
--found a cut state by heuristic 0.15604509917812287 0.010728625102196281 
iteration: 552,  #states: 1658, valueb: 0.010728625102196281, activeness: 0.15604509917812287, primalobj: 0.9764927740067679, dualobj: -Inf
solve--
end solve-- RelaxOptimal OPTIMAL
 weights_sum: 0.9999999999999993
itereffortlevel: 0
--separating...
--find a better primal bound 0.27029369709962764 by Alternative descent Eigen
--found a cut state by heuristic 0.27029369709962764 0.008483746013544508 
iteration: 553,  #states: 1659, valueb: 0.008483746013544508, activeness: 0.27029369709962764, primalobj: 0.9764772960161727, dualobj: -Inf
solve--
end solve-- RelaxOptimal OPTIMAL
 weights_sum: 0.9999999999999989
itereffortlevel: 0
--separating...
--find a better primal bound 0.1883578752253025 by Alternative descent Eigen
--found a cut state by heuristic 0.1883578752253025 0.014290129596488257 
iteration: 554,  #states: 1660, valueb: 0.014290129596488257, activeness: 0.1883578752253025, primalobj: 0.9764122024884049, dualobj: -Inf
solve--
end solve-- RelaxOptimal OPTIMAL
 weights_sum: 0.9999999999999998
itereffortlevel: 0
--separating...
--find a better primal bound 0.18992591332946526 by Alternative descent Eigen
--found a cut state by heuristic 0.18992591332946526 0.006400920760484791 
iteration: 555,  #states: 1661, valueb: 0.006400920760484791, activeness: 0.18992591332946526, primalobj: 0.9763883302548071, dualobj: -Inf
solve--
end solve-- RelaxOptimal OPTIMAL
 weights_sum: 1.0000000000000004
itereffortlevel: 0
--separating...
--find a better primal bound 0.20658493131955696 by Alternative descent Eigen
--found a cut state by heuristic 0.20658493131955696 0.05521241903644425 
iteration: 556,  #states: 1662, valueb: 0.05521241903644425, activeness: 0.20658493131955696, primalobj: 0.9763496527962399, dualobj: -Inf
solve--
end solve-- RelaxOptimal OPTIMAL
 weights_sum: 0.9999999999999993
itereffortlevel: 0
--separating...
--find a better primal bound 0.2134098963948894 by Alternative descent Eigen
--found a cut state by heuristic 0.2134098963948894 0.04303272415353533 
iteration: 557,  #states: 1663, valueb: 0.04303272415353533, activeness: 0.2134098963948894, primalobj: 0.976331051126437, dualobj: -Inf
solve--
end solve-- RelaxOptimal OPTIMAL
 weights_sum: 0.9999999999999989
itereffortlevel: 0
--separating...
--find a better primal bound 0.1927000802885997 by Alternative descent Eigen
--found a cut state by heuristic 0.1927000802885997 0.0317427584188479 
iteration: 558,  #states: 1664, valueb: 0.0317427584188479, activeness: 0.1927000802885997, primalobj: 0.97631637201487, dualobj: -Inf
solve--
end solve-- RelaxOptimal OPTIMAL
 weights_sum: 1.0000000000000009
itereffortlevel: 0
--separating...
--find a better primal bound 0.11607643040153773 by Alternative descent Eigen
--found a cut state by heuristic 0.11607643040153773 0.013210803968807153 
iteration: 559,  #states: 1665, valueb: 0.013210803968807153, activeness: 0.11607643040153773, primalobj: 0.9762908307650252, dualobj: -Inf
solve--
end solve-- RelaxOptimal OPTIMAL
 weights_sum: 1.0000000000000002
itereffortlevel: 0
--separating...
--find a better primal bound 0.24603012239499536 by Alternative descent Eigen
--found a cut state by heuristic 0.24603012239499536 0.007970592209588135 
iteration: 560,  #states: 1666, valueb: 0.007970592209588135, activeness: 0.24603012239499536, primalobj: 0.9762655311996438, dualobj: -Inf
solve--
end solve-- RelaxOptimal OPTIMAL
 weights_sum: 1.0000000000000004
itereffortlevel: 0
--separating...
--find a better primal bound 0.34125986280496257 by Alternative descent Eigen
--found a cut state by heuristic 0.34125986280496257 0.04379975208806936 
iteration: 561,  #states: 1667, valueb: 0.04379975208806936, activeness: 0.34125986280496257, primalobj: 0.9762306843632025, dualobj: -Inf
solve--
end solve-- RelaxOptimal OPTIMAL
 weights_sum: 1.0000000000000004
itereffortlevel: 0
--separating...
--find a better primal bound 0.23175267865225618 by Alternative descent Eigen
--found a cut state by heuristic 0.23175267865225618 0.056588677370454456 
iteration: 562,  #states: 1668, valueb: 0.056588677370454456, activeness: 0.23175267865225618, primalobj: 0.9761707525350387, dualobj: -Inf
solve--
end solve-- RelaxOptimal OPTIMAL
 weights_sum: 1.0000000847222676
itereffortlevel: 0
--separating...
--find a better primal bound 0.1582712412611485 by Alternative descent Eigen
--found a cut state by heuristic 0.1582712412611485 0.06135389936804235 
iteration: 563,  #states: 1669, valueb: 0.06135389936804235, activeness: 0.1582712412611485, primalobj: 0.9761182126974439, dualobj: -Inf
solve--
end solve-- RelaxOptimal OPTIMAL
 weights_sum: 1.0000000000000013
itereffortlevel: 0
--separating...
--find a better primal bound 0.24000991500310542 by Alternative descent Eigen
--found a cut state by heuristic 0.24000991500310542 0.07139884826325114 
iteration: 564,  #states: 1670, valueb: 0.07139884826325114, activeness: 0.24000991500310542, primalobj: 0.9761088776312229, dualobj: -Inf
solve--
end solve-- RelaxOptimal OPTIMAL
 weights_sum: 0.9999999999999999
itereffortlevel: 0
--separating...
--find a better primal bound 0.24296231626134365 by Alternative descent Eigen
--found a cut state by heuristic 0.24296231626134365 0.06970503655338592 
iteration: 565,  #states: 1671, valueb: 0.06970503655338592, activeness: 0.24296231626134365, primalobj: 0.9760640708979114, dualobj: -Inf
solve--
end solve-- RelaxOptimal OPTIMAL
 weights_sum: 0.9999999999999998
itereffortlevel: 0
--separating...
--find a better primal bound 0.2470193135379149 by Alternative descent Eigen
--found a cut state by heuristic 0.2470193135379149 0.0772962671101856 
iteration: 566,  #states: 1672, valueb: 0.0772962671101856, activeness: 0.2470193135379149, primalobj: 0.9760409331525123, dualobj: -Inf
solve--
end solve-- RelaxOptimal OPTIMAL
 weights_sum: 0.9999999999999998
itereffortlevel: 0
--separating...
--find a better primal bound 0.2394079742670538 by Alternative descent Eigen
--found a cut state by heuristic 0.2394079742670538 0.06257763455806055 
iteration: 567,  #states: 1673, valueb: 0.06257763455806055, activeness: 0.2394079742670538, primalobj: 0.976005859060874, dualobj: -Inf
solve--
end solve-- RelaxOptimal OPTIMAL
 weights_sum: 1.0
itereffortlevel: 0
--separating...
--find a better primal bound 0.18285728940295148 by Alternative descent Eigen
--found a cut state by heuristic 0.18285728940295148 0.07179189880656021 
iteration: 568,  #states: 1674, valueb: 0.07179189880656021, activeness: 0.18285728940295148, primalobj: 0.9759485299179165, dualobj: -Inf
solve--
end solve-- RelaxOptimal OPTIMAL
 weights_sum: 1.0000000000000013
itereffortlevel: 0
--separating...
--find a better primal bound 0.2377262639661026 by Alternative descent Eigen
--found a cut state by heuristic 0.2377262639661026 0.06098865225735641 
iteration: 569,  #states: 1675, valueb: 0.06098865225735641, activeness: 0.2377262639661026, primalobj: 0.9759317404968353, dualobj: -Inf
solve--
end solve-- RelaxOptimal OPTIMAL
 weights_sum: 1.0000000000000004
itereffortlevel: 0
--separating...
--find a better primal bound 0.18829399644606165 by Alternative descent Eigen
--found a cut state by heuristic 0.18829399644606165 0.07300792419930013 
iteration: 570,  #states: 1676, valueb: 0.07300792419930013, activeness: 0.18829399644606165, primalobj: 0.9758897704124191, dualobj: -Inf
solve--
end solve-- RelaxOptimal OPTIMAL
 weights_sum: 1.0000000000000013
itereffortlevel: 0
--separating...
--find a better primal bound 0.22167797775623838 by Alternative descent Eigen
--found a cut state by heuristic 0.22167797775623838 0.05795457637318231 
iteration: 571,  #states: 1677, valueb: 0.05795457637318231, activeness: 0.22167797775623838, primalobj: 0.9758738501059268, dualobj: -Inf
solve--
end solve-- RelaxOptimal OPTIMAL
 weights_sum: 1.0000000000000007
itereffortlevel: 0
--separating...
--find a better primal bound 0.26576797302097666 by Alternative descent Eigen
--found a cut state by heuristic 0.26576797302097666 0.04966968048110007 
iteration: 572,  #states: 1678, valueb: 0.04966968048110007, activeness: 0.26576797302097666, primalobj: 0.9758548927151967, dualobj: -Inf
solve--
end solve-- RelaxOptimal OPTIMAL
 weights_sum: 1.0
itereffortlevel: 0
--separating...
--find a better primal bound 0.25844413652899434 by Alternative descent Eigen
--found a cut state by heuristic 0.25844413652899434 0.055264126204002575 
iteration: 573,  #states: 1679, valueb: 0.055264126204002575, activeness: 0.25844413652899434, primalobj: 0.9758080787341217, dualobj: -Inf
solve--
end solve-- RelaxOptimal OPTIMAL
 weights_sum: 1.0000000000000007
itereffortlevel: 0
--separating...
--find a better primal bound 0.16996243614903883 by Alternative descent Eigen
--found a cut state by heuristic 0.16996243614903883 0.027992724594018942 
iteration: 574,  #states: 1680, valueb: 0.027992724594018942, activeness: 0.16996243614903883, primalobj: 0.9757634154743079, dualobj: -Inf
solve--
end solve-- RelaxOptimal OPTIMAL
 weights_sum: 0.9999999999999998
itereffortlevel: 0
--separating...
--find a better primal bound 0.24889433257027294 by Alternative descent Eigen
--found a cut state by heuristic 0.24889433257027294 0.035305438879472587 
iteration: 575,  #states: 1681, valueb: 0.035305438879472587, activeness: 0.24889433257027294, primalobj: 0.9757220651044572, dualobj: -Inf
solve--
end solve-- RelaxOptimal OPTIMAL
 weights_sum: 0.9999999999999997
itereffortlevel: 0
--separating...
--find a better primal bound 0.2280063021422887 by Alternative descent Eigen
--found a cut state by heuristic 0.2280063021422887 0.032308431112678615 
iteration: 576,  #states: 1682, valueb: 0.032308431112678615, activeness: 0.2280063021422887, primalobj: 0.9756433750588669, dualobj: -Inf
solve--
end solve-- RelaxOptimal OPTIMAL
 weights_sum: 0.9999999999999993
itereffortlevel: 0
--separating...
--find a better primal bound 0.1687306374218357 by Alternative descent Eigen
--found a cut state by heuristic 0.1687306374218357 0.038526883818592116 
iteration: 577,  #states: 1683, valueb: 0.038526883818592116, activeness: 0.1687306374218357, primalobj: 0.9756168196491544, dualobj: -Inf
solve--
end solve-- RelaxOptimal OPTIMAL
 weights_sum: 0.9999999999999987
itereffortlevel: 0
--separating...
--find a better primal bound 0.2157970728881508 by Alternative descent Eigen
--found a cut state by heuristic 0.2157970728881508 0.03428611099445304 
iteration: 578,  #states: 1684, valueb: 0.03428611099445304, activeness: 0.2157970728881508, primalobj: 0.9755866581220813, dualobj: -Inf
solve--
end solve-- RelaxOptimal OPTIMAL
 weights_sum: 1.0000000000000004
itereffortlevel: 0
--separating...
--find a better primal bound 0.2333838523740197 by Alternative descent Eigen
--found a cut state by heuristic 0.2333838523740197 0.0457070655659397 
iteration: 579,  #states: 1685, valueb: 0.0457070655659397, activeness: 0.2333838523740197, primalobj: 0.9755444229403301, dualobj: -Inf
solve--
end solve-- RelaxOptimal OPTIMAL
 weights_sum: 1.0000000000000004
itereffortlevel: 0
--separating...
--find a better primal bound 0.20474877198306135 by Alternative descent Eigen
--found a cut state by heuristic 0.20474877198306135 0.03375167341074235 
iteration: 580,  #states: 1686, valueb: 0.03375167341074235, activeness: 0.20474877198306135, primalobj: 0.9755222039280842, dualobj: -Inf
solve--
end solve-- RelaxOptimal OPTIMAL
 weights_sum: 1.0000000000000002
itereffortlevel: 0
--separating...
--find a better primal bound 0.1398220773171333 by Alternative descent Eigen
--found a cut state by heuristic 0.1398220773171333 0.026176748688710946 
iteration: 581,  #states: 1687, valueb: 0.026176748688710946, activeness: 0.1398220773171333, primalobj: 0.9754942870431722, dualobj: -Inf
solve--
end solve-- RelaxOptimal OPTIMAL
 weights_sum: 1.0000000000000002
itereffortlevel: 0
--separating...
--find a better primal bound 0.17279093860384392 by Alternative descent Eigen
--found a cut state by heuristic 0.17279093860384392 0.018966247918114756 
iteration: 582,  #states: 1688, valueb: 0.018966247918114756, activeness: 0.17279093860384392, primalobj: 0.9754792403261587, dualobj: -Inf
solve--
end solve-- RelaxOptimal OPTIMAL
 weights_sum: 0.9999999999999987
itereffortlevel: 0
--separating...
--find a better primal bound 0.22259316276963942 by Alternative descent Eigen
--found a cut state by heuristic 0.22259316276963942 0.007696778442137477 
iteration: 583,  #states: 1689, valueb: 0.007696778442137477, activeness: 0.22259316276963942, primalobj: 0.9754518756203734, dualobj: -Inf
solve--
end solve-- RelaxOptimal OPTIMAL
 weights_sum: 1.0000000000000007
itereffortlevel: 0
--separating...
--find a better primal bound 0.17621500073871132 by Alternative descent Eigen
--found a cut state by heuristic 0.17621500073871132 0.02520366891826427 
iteration: 584,  #states: 1690, valueb: 0.02520366891826427, activeness: 0.17621500073871132, primalobj: 0.9754101729969464, dualobj: -Inf
solve--
end solve-- RelaxOptimal OPTIMAL
 weights_sum: 0.9999999999999998
itereffortlevel: 0
--separating...
--find a better primal bound 0.16857409370664792 by Alternative descent Eigen
--found a cut state by heuristic 0.16857409370664792 0.04801001605850458 
iteration: 585,  #states: 1691, valueb: 0.04801001605850458, activeness: 0.16857409370664792, primalobj: 0.975374752428535, dualobj: -Inf
solve--
end solve-- RelaxOptimal OPTIMAL
 weights_sum: 0.9999999999999996
itereffortlevel: 0
--separating...
--find a better primal bound 0.18622463964762825 by Alternative descent Eigen
--found a cut state by heuristic 0.18622463964762825 0.06327718730867855 
iteration: 586,  #states: 1692, valueb: 0.06327718730867855, activeness: 0.18622463964762825, primalobj: 0.9753606948537034, dualobj: -Inf
solve--
end solve-- RelaxOptimal OPTIMAL
 weights_sum: 1.0000000000000009
itereffortlevel: 0
--separating...
--find a better primal bound 0.3521057714537906 by Alternative descent Eigen
--found a cut state by heuristic 0.3521057714537906 0.06031599784276273 
iteration: 587,  #states: 1693, valueb: 0.06031599784276273, activeness: 0.3521057714537906, primalobj: 0.9753322935298033, dualobj: -Inf
solve--
end solve-- RelaxOptimal OPTIMAL
 weights_sum: 1.0000010446982872
itereffortlevel: 0
--separating...
--find a better primal bound 0.22693844101987282 by Alternative descent Eigen
--found a cut state by heuristic 0.22693844101987282 0.07186390478990085 
iteration: 588,  #states: 1694, valueb: 0.07186390478990085, activeness: 0.22693844101987282, primalobj: 0.9752567267150756, dualobj: -Inf
solve--
end solve-- RelaxOptimal OPTIMAL
 weights_sum: 1.0000000000000004
itereffortlevel: 0
--separating...
--find a better primal bound 0.26404204397980996 by Alternative descent Eigen
--found a cut state by heuristic 0.26404204397980996 0.07560872302743171 
iteration: 589,  #states: 1695, valueb: 0.07560872302743171, activeness: 0.26404204397980996, primalobj: 0.9752264352827987, dualobj: -Inf
solve--
end solve-- RelaxOptimal OPTIMAL
 weights_sum: 1.0000000000000018
itereffortlevel: 0
--separating...
--find a better primal bound 0.18744088245243884 by Alternative descent Eigen
--found a cut state by heuristic 0.18744088245243884 0.07044748254893574 
iteration: 590,  #states: 1696, valueb: 0.07044748254893574, activeness: 0.18744088245243884, primalobj: 0.9751719852141683, dualobj: -Inf
solve--
end solve-- RelaxOptimal OPTIMAL
 weights_sum: 1.0
itereffortlevel: 0
--separating...
--find a better primal bound 0.2586268948373031 by Alternative descent Eigen
--found a cut state by heuristic 0.2586268948373031 0.04990700003092189 
iteration: 591,  #states: 1697, valueb: 0.04990700003092189, activeness: 0.2586268948373031, primalobj: 0.9751503697863508, dualobj: -Inf
solve--
end solve-- RelaxOptimal OPTIMAL
 weights_sum: 1.0000005862696522
itereffortlevel: 0
--separating...
--find a better primal bound 0.18011179639013442 by Alternative descent Eigen
--found a cut state by heuristic 0.18011179639013442 0.05240131420486506 
iteration: 592,  #states: 1698, valueb: 0.05240131420486506, activeness: 0.18011179639013442, primalobj: 0.9750945616340401, dualobj: -Inf
solve--
end solve-- RelaxOptimal OPTIMAL
 weights_sum: 1.0000000000000013
itereffortlevel: 0
--separating...
--find a better primal bound 0.15152428084125935 by Alternative descent Eigen
--found a cut state by heuristic 0.15152428084125935 0.034871657398904785 
iteration: 593,  #states: 1699, valueb: 0.034871657398904785, activeness: 0.15152428084125935, primalobj: 0.975051971304058, dualobj: -Inf
solve--
end solve-- RelaxOptimal OPTIMAL
 weights_sum: 1.0000000000000004
itereffortlevel: 0
--separating...
--find a better primal bound 0.1711624491034725 by Alternative descent Eigen
--found a cut state by heuristic 0.1711624491034725 0.048791246590115356 
iteration: 594,  #states: 1700, valueb: 0.048791246590115356, activeness: 0.1711624491034725, primalobj: 0.9750298407174175, dualobj: -Inf
solve--
end solve-- RelaxOptimal OPTIMAL
 weights_sum: 0.9999999999999998
itereffortlevel: 0
--separating...
--find a better primal bound 0.20164853007069936 by Alternative descent Eigen
--found a cut state by heuristic 0.20164853007069936 0.030884833656468658 
iteration: 595,  #states: 1701, valueb: 0.030884833656468658, activeness: 0.20164853007069936, primalobj: 0.9750049697828186, dualobj: -Inf
solve--
end solve-- RelaxOptimal OPTIMAL
 weights_sum: 1.0000000000000007
itereffortlevel: 0
--separating...
--find a better primal bound 0.2720838149273109 by Alternative descent Eigen
--found a cut state by heuristic 0.2720838149273109 0.03133170089300944 
iteration: 596,  #states: 1702, valueb: 0.03133170089300944, activeness: 0.2720838149273109, primalobj: 0.9749410520856505, dualobj: -Inf
solve--
end solve-- RelaxOptimal OPTIMAL
 weights_sum: 1.0000000000000002
itereffortlevel: 0
--separating...
--find a better primal bound 0.15017853485097976 by Alternative descent Eigen
--found a cut state by heuristic 0.15017853485097976 0.03515583806915383 
iteration: 597,  #states: 1703, valueb: 0.03515583806915383, activeness: 0.15017853485097976, primalobj: 0.9748944724516888, dualobj: -Inf
solve--
end solve-- RelaxOptimal OPTIMAL
 weights_sum: 0.9999999999999998
itereffortlevel: 0
--separating...
--find a better primal bound 0.2688800445553968 by Alternative descent Eigen
--found a cut state by heuristic 0.2688800445553968 0.039371250292873576 
iteration: 598,  #states: 1704, valueb: 0.039371250292873576, activeness: 0.2688800445553968, primalobj: 0.974866551793374, dualobj: -Inf
solve--
end solve-- RelaxOptimal OPTIMAL
 weights_sum: 1.0
itereffortlevel: 0
--separating...
--find a better primal bound 0.1343263359370087 by Alternative descent Eigen
--found a cut state by heuristic 0.1343263359370087 0.027609448400132908 
iteration: 599,  #states: 1705, valueb: 0.027609448400132908, activeness: 0.1343263359370087, primalobj: 0.9747936304873062, dualobj: -Inf
solve--
end solve-- RelaxOptimal OPTIMAL
 weights_sum: 1.0000000000000009
itereffortlevel: 0
--separating...
--find a better primal bound 0.17963735751280863 by Alternative descent Eigen
--found a cut state by heuristic 0.17963735751280863 0.029584760370274438 
iteration: 600,  #states: 1706, valueb: 0.029584760370274438, activeness: 0.17963735751280863, primalobj: 0.9747796495541369, dualobj: -Inf
solve--
end solve-- RelaxOptimal OPTIMAL
 weights_sum: 0.9999999999999993
itereffortlevel: 0
--separating...
--find a better primal bound 0.19830959319872493 by Alternative descent Eigen
--found a cut state by heuristic 0.19830959319872493 0.041532911632618214 
iteration: 601,  #states: 1707, valueb: 0.041532911632618214, activeness: 0.19830959319872493, primalobj: 0.9747514221824133, dualobj: -Inf
solve--
end solve-- RelaxOptimal OPTIMAL
 weights_sum: 1.0
itereffortlevel: 0
--separating...
--find a better primal bound 0.15502768322660596 by Alternative descent Eigen
--found a cut state by heuristic 0.15502768322660596 0.04582099762045038 
iteration: 602,  #states: 1708, valueb: 0.04582099762045038, activeness: 0.15502768322660596, primalobj: 0.9746963051260731, dualobj: -Inf
solve--
end solve-- RelaxOptimal OPTIMAL
 weights_sum: 1.0000000000000007
itereffortlevel: 0
--separating...
--find a better primal bound 0.12644220382791088 by Alternative descent Eigen
--found a cut state by heuristic 0.12644220382791088 0.03376446233813546 
iteration: 603,  #states: 1709, valueb: 0.03376446233813546, activeness: 0.12644220382791088, primalobj: 0.9746612196809591, dualobj: -Inf
solve--
end solve-- RelaxOptimal OPTIMAL
 weights_sum: 1.0
itereffortlevel: 0
--separating...
--find a better primal bound 0.26850933518332987 by Alternative descent Eigen
--found a cut state by heuristic 0.26850933518332987 0.021040071959223357 
iteration: 604,  #states: 1710, valueb: 0.021040071959223357, activeness: 0.26850933518332987, primalobj: 0.9746446600294092, dualobj: -Inf
solve--
end solve-- RelaxOptimal OPTIMAL
 weights_sum: 0.9999999999999993
itereffortlevel: 0
--separating...
--find a better primal bound 0.21327407140464938 by Alternative descent Eigen
--found a cut state by heuristic 0.21327407140464938 0.041560384063101585 
iteration: 605,  #states: 1711, valueb: 0.041560384063101585, activeness: 0.21327407140464938, primalobj: 0.9746024339661445, dualobj: -Inf
solve--
end solve-- RelaxOptimal OPTIMAL
 weights_sum: 1.0
itereffortlevel: 0
--separating...
--find a better primal bound 0.22803525562796934 by Alternative descent Eigen
--found a cut state by heuristic 0.22803525562796934 0.0410605466647744 
iteration: 606,  #states: 1712, valueb: 0.0410605466647744, activeness: 0.22803525562796934, primalobj: 0.9745816812975675, dualobj: -Inf
solve--
end solve-- RelaxOptimal OPTIMAL
 weights_sum: 1.0000007838020468
itereffortlevel: 0
--separating...
--find a better primal bound 0.22796594269633821 by Alternative descent Eigen
--found a cut state by heuristic 0.22796594269633821 0.039013391752805396 
iteration: 607,  #states: 1713, valueb: 0.039013391752805396, activeness: 0.22796594269633821, primalobj: 0.9745543797006316, dualobj: -Inf
solve--
end solve-- RelaxOptimal OPTIMAL
 weights_sum: 1.0000000000000002
itereffortlevel: 0
--separating...
--find a better primal bound 0.17219478191711277 by Alternative descent Eigen
--found a cut state by heuristic 0.17219478191711277 0.020237439776574235 
iteration: 608,  #states: 1714, valueb: 0.020237439776574235, activeness: 0.17219478191711277, primalobj: 0.9745206942113184, dualobj: -Inf
solve--
end solve-- RelaxOptimal OPTIMAL
 weights_sum: 0.9999999999999984
itereffortlevel: 0
--separating...
--find a better primal bound 0.2046286476029375 by Alternative descent Eigen
--found a cut state by heuristic 0.2046286476029375 0.04466495098773643 
iteration: 609,  #states: 1715, valueb: 0.04466495098773643, activeness: 0.2046286476029375, primalobj: 0.9745009721817212, dualobj: -Inf
solve--
end solve-- RelaxOptimal OPTIMAL
 weights_sum: 0.9999999999999998
itereffortlevel: 0
--separating...
--find a better primal bound 0.17422815258803512 by Alternative descent Eigen
--found a cut state by heuristic 0.17422815258803512 0.03029727005145377 
iteration: 610,  #states: 1716, valueb: 0.03029727005145377, activeness: 0.17422815258803512, primalobj: 0.974474919374879, dualobj: -Inf
solve--
end solve-- RelaxOptimal OPTIMAL
 weights_sum: 0.9999999999999993
itereffortlevel: 0
--separating...
--find a better primal bound 0.19332594398008598 by Alternative descent Eigen
--found a cut state by heuristic 0.19332594398008598 0.030118180367713816 
iteration: 611,  #states: 1717, valueb: 0.030118180367713816, activeness: 0.19332594398008598, primalobj: 0.9744459797378342, dualobj: -Inf
solve--
end solve-- RelaxOptimal OPTIMAL
 weights_sum: 1.0000010859188015
itereffortlevel: 0
--separating...
--find a better primal bound 0.1925991856190955 by Alternative descent Eigen
--found a cut state by heuristic 0.1925991856190955 0.054081220593591356 
iteration: 612,  #states: 1718, valueb: 0.054081220593591356, activeness: 0.1925991856190955, primalobj: 0.9744171407438823, dualobj: -Inf
solve--
end solve-- RelaxOptimal OPTIMAL
 weights_sum: 1.0000000000000018
itereffortlevel: 0
--separating...
--find a better primal bound 0.226111424812888 by Alternative descent Eigen
--found a cut state by heuristic 0.226111424812888 0.07791887854593779 
iteration: 613,  #states: 1719, valueb: 0.07791887854593779, activeness: 0.226111424812888, primalobj: 0.9743847421281298, dualobj: -Inf
solve--
end solve-- RelaxOptimal OPTIMAL
 weights_sum: 0.9999999999999998
itereffortlevel: 0
--separating...
--find a better primal bound 0.1807074881336168 by Alternative descent Eigen
--found a cut state by heuristic 0.1807074881336168 0.044083733162981954 
iteration: 614,  #states: 1720, valueb: 0.044083733162981954, activeness: 0.1807074881336168, primalobj: 0.9743486776675987, dualobj: -Inf
solve--
end solve-- RelaxOptimal OPTIMAL
 weights_sum: 1.0000001186668
itereffortlevel: 0
--separating...
--find a better primal bound 0.10766039675876377 by Alternative descent Eigen
--found a cut state by heuristic 0.10766039675876377 0.029745013642495703 
iteration: 615,  #states: 1721, valueb: 0.029745013642495703, activeness: 0.10766039675876377, primalobj: 0.974325244221484, dualobj: -Inf
solve--
end solve-- RelaxOptimal OPTIMAL
 weights_sum: 0.9999999999999993
itereffortlevel: 0
--separating...
--find a better primal bound 0.18689410673883555 by Alternative descent Eigen
--found a cut state by heuristic 0.18689410673883555 0.045422542611614165 
iteration: 616,  #states: 1722, valueb: 0.045422542611614165, activeness: 0.18689410673883555, primalobj: 0.9743156392168839, dualobj: -Inf
solve--
end solve-- RelaxOptimal OPTIMAL
 weights_sum: 1.0000000000000004
itereffortlevel: 0
--separating...
--find a better primal bound 0.1776518080048022 by Alternative descent Eigen
--found a cut state by heuristic 0.1776518080048022 0.032599542890925544 
iteration: 617,  #states: 1723, valueb: 0.032599542890925544, activeness: 0.1776518080048022, primalobj: 0.9743018768317018, dualobj: -Inf
solve--
end solve-- RelaxOptimal OPTIMAL
 weights_sum: 0.9999999999999989
itereffortlevel: 0
--separating...
--find a better primal bound 0.16077003056195543 by Alternative descent Eigen
--found a cut state by heuristic 0.16077003056195543 0.028114438781216156 
iteration: 618,  #states: 1724, valueb: 0.028114438781216156, activeness: 0.16077003056195543, primalobj: 0.9742920994342595, dualobj: -Inf
solve--
end solve-- RelaxOptimal OPTIMAL
 weights_sum: 0.9999999999999996
itereffortlevel: 0
--separating...
--find a better primal bound 0.15825425253645758 by Alternative descent Eigen
--found a cut state by heuristic 0.15825425253645758 0.025785340262319077 
iteration: 619,  #states: 1725, valueb: 0.025785340262319077, activeness: 0.15825425253645758, primalobj: 0.9742804962847587, dualobj: -Inf
solve--
end solve-- RelaxOptimal OPTIMAL
 weights_sum: 1.0000000000000007
itereffortlevel: 0
--separating...
--find a better primal bound 0.15617915190289333 by Alternative descent Eigen
--found a cut state by heuristic 0.15617915190289333 0.03505684129846953 
iteration: 620,  #states: 1726, valueb: 0.03505684129846953, activeness: 0.15617915190289333, primalobj: 0.9742673236457001, dualobj: -Inf
solve--
end solve-- RelaxOptimal OPTIMAL
 weights_sum: 0.9999999999999991
itereffortlevel: 0
--separating...
--find a better primal bound 0.20358693804838862 by Alternative descent Eigen
--found a cut state by heuristic 0.20358693804838862 0.017184906292519037 
iteration: 621,  #states: 1727, valueb: 0.017184906292519037, activeness: 0.20358693804838862, primalobj: 0.9742556709485117, dualobj: -Inf
solve--
end solve-- RelaxOptimal OPTIMAL
 weights_sum: 1.0000000685743866
itereffortlevel: 0
--separating...
--find a better primal bound 0.22091008155269037 by Alternative descent Eigen
--found a cut state by heuristic 0.22091008155269037 0.055377459625654206 
iteration: 622,  #states: 1728, valueb: 0.055377459625654206, activeness: 0.22091008155269037, primalobj: 0.9742344296750193, dualobj: -Inf
solve--
end solve-- RelaxOptimal OPTIMAL
 weights_sum: 1.0000000000000004
itereffortlevel: 0
--separating...
--find a better primal bound 0.21938154794433407 by Alternative descent Eigen
--found a cut state by heuristic 0.21938154794433407 0.058609025654787913 
iteration: 623,  #states: 1729, valueb: 0.058609025654787913, activeness: 0.21938154794433407, primalobj: 0.9742108047712719, dualobj: -Inf
solve--
end solve-- RelaxOptimal OPTIMAL
 weights_sum: 1.0000000000000004
itereffortlevel: 0
--separating...
--find a better primal bound 0.15336511400970845 by Alternative descent Eigen
--found a cut state by heuristic 0.15336511400970845 0.03282493198609339 
iteration: 624,  #states: 1730, valueb: 0.03282493198609339, activeness: 0.15336511400970845, primalobj: 0.9741903877428869, dualobj: -Inf
solve--
end solve-- RelaxOptimal OPTIMAL
 weights_sum: 1.0000002441415947
itereffortlevel: 0
--separating...
--find a better primal bound 0.24080314615754994 by Alternative descent Eigen
--found a cut state by heuristic 0.24080314615754994 0.032978997216002025 
iteration: 625,  #states: 1731, valueb: 0.032978997216002025, activeness: 0.24080314615754994, primalobj: 0.9741717615403684, dualobj: -Inf
solve--
end solve-- RelaxOptimal OPTIMAL
 weights_sum: 1.0000016636598628
itereffortlevel: 0
--separating...
--find a better primal bound 0.2059271724917461 by Alternative descent Eigen
--found a cut state by heuristic 0.2059271724917461 0.09334094710441529 
iteration: 626,  #states: 1732, valueb: 0.09334094710441529, activeness: 0.2059271724917461, primalobj: 0.9741506160549138, dualobj: -Inf
solve--
end solve-- RelaxOptimal OPTIMAL
 weights_sum: 1.000000000000001
itereffortlevel: 0
--separating...
--find a better primal bound 0.1998838558855196 by Alternative descent Eigen
--found a cut state by heuristic 0.1998838558855196 0.06488044941976655 
iteration: 627,  #states: 1733, valueb: 0.06488044941976655, activeness: 0.1998838558855196, primalobj: 0.9741369805172369, dualobj: -Inf
solve--
end solve-- RelaxOptimal OPTIMAL
 weights_sum: 0.9999999999999993
itereffortlevel: 0
--separating...
--find a better primal bound 0.24853627850525029 by Alternative descent Eigen
--found a cut state by heuristic 0.24853627850525029 0.07017421999665764 
iteration: 628,  #states: 1734, valueb: 0.07017421999665764, activeness: 0.24853627850525029, primalobj: 0.9741088691431201, dualobj: -Inf
solve--
end solve-- RelaxOptimal OPTIMAL
 weights_sum: 1.000002148442895
itereffortlevel: 0
--separating...
--find a better primal bound 0.2578951765326471 by Alternative descent Eigen
--found a cut state by heuristic 0.2578951765326471 0.05780549892723727 
iteration: 629,  #states: 1735, valueb: 0.05780549892723727, activeness: 0.2578951765326471, primalobj: 0.9740741596574456, dualobj: -Inf
solve--
end solve-- RelaxOptimal OPTIMAL
 weights_sum: 1.000000141971349
itereffortlevel: 0
--separating...
--find a better primal bound 0.23453621552644932 by Alternative descent Eigen
--found a cut state by heuristic 0.23453621552644932 0.07285042823906679 
iteration: 630,  #states: 1736, valueb: 0.07285042823906679, activeness: 0.23453621552644932, primalobj: 0.9740516066394234, dualobj: -Inf
solve--
end solve-- RelaxOptimal OPTIMAL
 weights_sum: 1.0000000000000007
itereffortlevel: 0
--separating...
--find a better primal bound 0.22200218246823875 by Alternative descent Eigen
--found a cut state by heuristic 0.22200218246823875 0.04763973018019201 
iteration: 631,  #states: 1737, valueb: 0.04763973018019201, activeness: 0.22200218246823875, primalobj: 0.9740283043379401, dualobj: -Inf
solve--
end solve-- RelaxOptimal OPTIMAL
 weights_sum: 0.9999999999999993
itereffortlevel: 0
--separating...
--find a better primal bound 0.1711909996720271 by Alternative descent Eigen
--found a cut state by heuristic 0.1711909996720271 0.032174528815407506 
iteration: 632,  #states: 1738, valueb: 0.032174528815407506, activeness: 0.1711909996720271, primalobj: 0.9740014157283597, dualobj: -Inf
solve--
end solve-- RelaxOptimal OPTIMAL
 weights_sum: 0.9999999999999996
itereffortlevel: 0
--separating...
--find a better primal bound 0.18456603003843633 by Alternative descent Eigen
--found a cut state by heuristic 0.18456603003843633 0.043251342776107524 
iteration: 633,  #states: 1739, valueb: 0.043251342776107524, activeness: 0.18456603003843633, primalobj: 0.9739788343889585, dualobj: -Inf
solve--
end solve-- RelaxOptimal OPTIMAL
 weights_sum: 1.0000000000000009
itereffortlevel: 0
--separating...
--find a better primal bound 0.24492787696038398 by Alternative descent Eigen
--found a cut state by heuristic 0.24492787696038398 0.05693510388338933 
iteration: 634,  #states: 1740, valueb: 0.05693510388338933, activeness: 0.24492787696038398, primalobj: 0.9739681628983264, dualobj: -Inf
solve--
end solve-- RelaxOptimal OPTIMAL
 weights_sum: 0.9999999999999992
itereffortlevel: 0
--separating...
--find a better primal bound 0.25671801502981 by Alternative descent Eigen
--found a cut state by heuristic 0.25671801502981 0.06935072469226748 
iteration: 635,  #states: 1741, valueb: 0.06935072469226748, activeness: 0.25671801502981, primalobj: 0.9739319191805896, dualobj: -Inf
solve--
end solve-- RelaxOptimal OPTIMAL
 weights_sum: 1.0000000000000013
itereffortlevel: 0
--separating...
--find a better primal bound 0.26826513452595496 by Alternative descent Eigen
--found a cut state by heuristic 0.26826513452595496 0.041865930955592934 
iteration: 636,  #states: 1742, valueb: 0.041865930955592934, activeness: 0.26826513452595496, primalobj: 0.9739130358931308, dualobj: -Inf
solve--
end solve-- RelaxOptimal OPTIMAL
 weights_sum: 0.9999999999999998
itereffortlevel: 0
--separating...
--find a better primal bound 0.21969809506016383 by Alternative descent Eigen
--found a cut state by heuristic 0.21969809506016383 0.0373773842275152 
iteration: 637,  #states: 1743, valueb: 0.0373773842275152, activeness: 0.21969809506016383, primalobj: 0.973886878411791, dualobj: -Inf
solve--
end solve-- RelaxOptimal OPTIMAL
 weights_sum: 0.9999999999999991
itereffortlevel: 0
--separating...
--find a better primal bound 0.1844321909079359 by Alternative descent Eigen
--found a cut state by heuristic 0.1844321909079359 0.04453975598273078 
iteration: 638,  #states: 1744, valueb: 0.04453975598273078, activeness: 0.1844321909079359, primalobj: 0.9738513832860243, dualobj: -Inf
solve--
end solve-- RelaxOptimal OPTIMAL
 weights_sum: 0.9999999999999991
itereffortlevel: 0
--separating...
--find a better primal bound 0.1628826564905606 by Alternative descent Eigen
--found a cut state by heuristic 0.1628826564905606 0.029839240164065736 
iteration: 639,  #states: 1745, valueb: 0.029839240164065736, activeness: 0.1628826564905606, primalobj: 0.9738324791425176, dualobj: -Inf
solve--
end solve-- RelaxOptimal OPTIMAL
 weights_sum: 1.0000000000000002
itereffortlevel: 0
--separating...
--find a better primal bound 0.13788498342957767 by Alternative descent Eigen
--found a cut state by heuristic 0.13788498342957767 0.04944819347824979 
iteration: 640,  #states: 1746, valueb: 0.04944819347824979, activeness: 0.13788498342957767, primalobj: 0.9738111945280029, dualobj: -Inf
solve--
end solve-- RelaxOptimal OPTIMAL
 weights_sum: 1.0000003943703895
itereffortlevel: 0
--separating...
--find a better primal bound 0.12162042777126436 by Alternative descent Eigen
--found a cut state by heuristic 0.12162042777126436 0.039110741109922145 
iteration: 641,  #states: 1747, valueb: 0.039110741109922145, activeness: 0.12162042777126436, primalobj: 0.9737993343696929, dualobj: -Inf
solve--
end solve-- RelaxOptimal OPTIMAL
 weights_sum: 0.9999999999999998
itereffortlevel: 0
--separating...
--find a better primal bound 0.1419512155205921 by Alternative descent Eigen
--found a cut state by heuristic 0.1419512155205921 0.03999234515763672 
iteration: 642,  #states: 1748, valueb: 0.03999234515763672, activeness: 0.1419512155205921, primalobj: 0.9737840827395172, dualobj: -Inf
solve--
end solve-- RelaxOptimal OPTIMAL
 weights_sum: 1.0000001523274036
itereffortlevel: 0
--separating...
--find a better primal bound 0.1324786910639644 by Alternative descent Eigen
--found a cut state by heuristic 0.1324786910639644 0.06329276946133137 
iteration: 643,  #states: 1749, valueb: 0.06329276946133137, activeness: 0.1324786910639644, primalobj: 0.973770083758091, dualobj: -Inf
solve--
end solve-- RelaxOptimal OPTIMAL
 weights_sum: 0.9999999999999996
itereffortlevel: 0
--separating...
--find a better primal bound 0.21710200868751767 by Alternative descent Eigen
--found a cut state by heuristic 0.21710200868751767 0.048397267032116054 
iteration: 644,  #states: 1750, valueb: 0.048397267032116054, activeness: 0.21710200868751767, primalobj: 0.9737632513824237, dualobj: -Inf
solve--
end solve-- RelaxOptimal OPTIMAL
 weights_sum: 0.9999999999999998
itereffortlevel: 0
--separating...
--find a better primal bound 0.17566945799349165 by Alternative descent Eigen
--found a cut state by heuristic 0.17566945799349165 0.057958796320344855 
iteration: 645,  #states: 1751, valueb: 0.057958796320344855, activeness: 0.17566945799349165, primalobj: 0.9737409669795124, dualobj: -Inf
solve--
end solve-- RelaxOptimal OPTIMAL
 weights_sum: 0.9999999999999987
itereffortlevel: 0
--separating...
--find a better primal bound 0.18273186616668274 by Alternative descent Eigen
--found a cut state by heuristic 0.18273186616668274 0.03849459305076148 
iteration: 646,  #states: 1752, valueb: 0.03849459305076148, activeness: 0.18273186616668274, primalobj: 0.9737242044553818, dualobj: -Inf
solve--
end solve-- RelaxOptimal OPTIMAL
 weights_sum: 0.9999999999999991
itereffortlevel: 0
--separating...
--find a better primal bound 0.1273625958155221 by Alternative descent Eigen
--found a cut state by heuristic 0.1273625958155221 0.03320189260325335 
iteration: 647,  #states: 1753, valueb: 0.03320189260325335, activeness: 0.1273625958155221, primalobj: 0.9737053080344794, dualobj: -Inf
solve--
end solve-- RelaxOptimal OPTIMAL
 weights_sum: 1.0000000000000002
itereffortlevel: 0
--separating...
--find a better primal bound 0.2160984886853065 by Alternative descent Eigen
--found a cut state by heuristic 0.2160984886853065 0.029196896985976724 
iteration: 648,  #states: 1754, valueb: 0.029196896985976724, activeness: 0.2160984886853065, primalobj: 0.9736853957990572, dualobj: -Inf
solve--
end solve-- RelaxOptimal OPTIMAL
 weights_sum: 1.0000000000000004
itereffortlevel: 0
--separating...
--find a better primal bound 0.0967238686105972 by Alternative descent Eigen
--found a cut state by heuristic 0.0967238686105972 0.021804002427998053 
iteration: 649,  #states: 1755, valueb: 0.021804002427998053, activeness: 0.0967238686105972, primalobj: 0.9736585235889033, dualobj: -Inf
solve--
end solve-- RelaxOptimal OPTIMAL
 weights_sum: 0.9999999999999991
itereffortlevel: 0
--separating...
--find a better primal bound 0.15782123538836557 by Alternative descent Eigen
--found a cut state by heuristic 0.15782123538836557 0.02904523566440452 
iteration: 650,  #states: 1756, valueb: 0.02904523566440452, activeness: 0.15782123538836557, primalobj: 0.9736488819876548, dualobj: -Inf
solve--
end solve-- RelaxOptimal OPTIMAL
 weights_sum: 0.9999999999999998
itereffortlevel: 0
--separating...
--find a better primal bound 0.209759973543646 by Alternative descent Eigen
--found a cut state by heuristic 0.209759973543646 0.043841147104086084 
iteration: 651,  #states: 1757, valueb: 0.043841147104086084, activeness: 0.209759973543646, primalobj: 0.973628469434349, dualobj: -Inf
solve--
end solve-- RelaxOptimal OPTIMAL
 weights_sum: 0.9999999999999993
itereffortlevel: 0
--separating...
--find a better primal bound 0.2346802783824094 by Alternative descent Eigen
--found a cut state by heuristic 0.2346802783824094 0.06787218117541474 
iteration: 652,  #states: 1758, valueb: 0.06787218117541474, activeness: 0.2346802783824094, primalobj: 0.9735977245511691, dualobj: -Inf
solve--
end solve-- RelaxOptimal OPTIMAL
 weights_sum: 0.9999999999999998
itereffortlevel: 0
--separating...
--find a better primal bound 0.16734835535362702 by Alternative descent Eigen
--found a cut state by heuristic 0.16734835535362702 0.08071548098316217 
iteration: 653,  #states: 1759, valueb: 0.08071548098316217, activeness: 0.16734835535362702, primalobj: 0.9735640941270368, dualobj: -Inf
solve--
end solve-- RelaxOptimal OPTIMAL
 weights_sum: 1.0000000000000009
itereffortlevel: 0
--separating...
--find a better primal bound 0.21286522660130164 by Alternative descent Eigen
--found a cut state by heuristic 0.21286522660130164 0.06688845384753057 
iteration: 654,  #states: 1760, valueb: 0.06688845384753057, activeness: 0.21286522660130164, primalobj: 0.9735516289632374, dualobj: -Inf
solve--
end solve-- RelaxOptimal OPTIMAL
 weights_sum: 1.0000000127943018
itereffortlevel: 0
--separating...
--find a better primal bound 0.2790321017529833 by Alternative descent Eigen
--found a cut state by heuristic 0.2790321017529833 0.07578644967211755 
iteration: 655,  #states: 1761, valueb: 0.07578644967211755, activeness: 0.2790321017529833, primalobj: 0.9735215827842341, dualobj: -Inf
solve--
end solve-- RelaxOptimal OPTIMAL
 weights_sum: 0.9999999999999993
itereffortlevel: 0
--separating...
--find a better primal bound 0.1564034015400452 by Alternative descent Eigen
--found a cut state by heuristic 0.1564034015400452 0.04764229141124824 
iteration: 656,  #states: 1762, valueb: 0.04764229141124824, activeness: 0.1564034015400452, primalobj: 0.9734874100746087, dualobj: -Inf
solve--
end solve-- RelaxOptimal OPTIMAL
 weights_sum: 1.000000029755066
itereffortlevel: 0
--separating...
--find a better primal bound 0.14872767679201931 by Alternative descent Eigen
--found a cut state by heuristic 0.14872767679201931 0.04535070616153274 
iteration: 657,  #states: 1763, valueb: 0.04535070616153274, activeness: 0.14872767679201931, primalobj: 0.9734705849290621, dualobj: -Inf
solve--
end solve-- RelaxOptimal OPTIMAL
 weights_sum: 0.9999999999999999
itereffortlevel: 0
--separating...
--find a better primal bound 0.16507531329513173 by Alternative descent Eigen
--found a cut state by heuristic 0.16507531329513173 0.03624869155655499 
iteration: 658,  #states: 1764, valueb: 0.03624869155655499, activeness: 0.16507531329513173, primalobj: 0.9734361637852753, dualobj: -Inf
solve--
end solve-- RelaxOptimal OPTIMAL
 weights_sum: 0.9999999999999996
itereffortlevel: 0
--separating...
--find a better primal bound 0.2528115168711569 by Alternative descent Eigen
--found a cut state by heuristic 0.2528115168711569 0.053946845959546574 
iteration: 659,  #states: 1765, valueb: 0.053946845959546574, activeness: 0.2528115168711569, primalobj: 0.9734124907833629, dualobj: -Inf
solve--
end solve-- RelaxOptimal OPTIMAL
 weights_sum: 0.9999999999999998
itereffortlevel: 0
--separating...
--find a better primal bound 0.27357784903997373 by Alternative descent Eigen
--found a cut state by heuristic 0.27357784903997373 0.060080310257118685 
iteration: 660,  #states: 1766, valueb: 0.060080310257118685, activeness: 0.27357784903997373, primalobj: 0.9733731457484941, dualobj: -Inf
solve--
end solve-- RelaxOptimal OPTIMAL
 weights_sum: 0.9999999999999992
itereffortlevel: 0
--separating...
--find a better primal bound 0.2099271760689534 by Alternative descent Eigen
--found a cut state by heuristic 0.2099271760689534 0.04629759809794862 
iteration: 661,  #states: 1767, valueb: 0.04629759809794862, activeness: 0.2099271760689534, primalobj: 0.9733296608440641, dualobj: -Inf
solve--
end solve-- RelaxOptimal OPTIMAL
 weights_sum: 1.0
itereffortlevel: 0
--separating...
--find a better primal bound 0.14577713417808938 by Alternative descent Eigen
--found a cut state by heuristic 0.14577713417808938 0.023953987653670884 
iteration: 662,  #states: 1768, valueb: 0.023953987653670884, activeness: 0.14577713417808938, primalobj: 0.9732867635726816, dualobj: -Inf
solve--
end solve-- RelaxOptimal OPTIMAL
 weights_sum: 0.9999999999999984
itereffortlevel: 0
--separating...
--find a better primal bound 0.21647212338351043 by Alternative descent Eigen
--found a cut state by heuristic 0.21647212338351043 0.08298961226567132 
iteration: 663,  #states: 1769, valueb: 0.08298961226567132, activeness: 0.21647212338351043, primalobj: 0.9732491502414036, dualobj: -Inf
solve--
end solve-- RelaxOptimal OPTIMAL
 weights_sum: 0.9999999999999987
itereffortlevel: 0
--separating...
--find a better primal bound 0.11219006913296921 by Alternative descent Eigen
--found a cut state by heuristic 0.11219006913296921 0.036725067533483174 
iteration: 664,  #states: 1770, valueb: 0.036725067533483174, activeness: 0.11219006913296921, primalobj: 0.9732370354116002, dualobj: -Inf
solve--
end solve-- RelaxOptimal OPTIMAL
 weights_sum: 0.9999999999999998
itereffortlevel: 0
--separating...
--find a better primal bound 0.1726764894849116 by Alternative descent Eigen
--found a cut state by heuristic 0.1726764894849116 0.04836216784967577 
iteration: 665,  #states: 1771, valueb: 0.04836216784967577, activeness: 0.1726764894849116, primalobj: 0.9732177110785964, dualobj: -Inf
solve--
end solve-- RelaxOptimal OPTIMAL
 weights_sum: 1.0000000000000004
itereffortlevel: 0
--separating...
--find a better primal bound 0.24799737821777929 by Alternative descent Eigen
--found a cut state by heuristic 0.24799737821777929 0.04666421500463565 
iteration: 666,  #states: 1772, valueb: 0.04666421500463565, activeness: 0.24799737821777929, primalobj: 0.9732002766406909, dualobj: -Inf
solve--
end solve-- RelaxOptimal OPTIMAL
 weights_sum: 0.999999999999999
itereffortlevel: 0
--separating...
--find a better primal bound 0.1401558017489088 by Alternative descent Eigen
--found a cut state by heuristic 0.1401558017489088 0.041888175656358564 
iteration: 667,  #states: 1773, valueb: 0.041888175656358564, activeness: 0.1401558017489088, primalobj: 0.9731332330892823, dualobj: -Inf
solve--
end solve-- RelaxOptimal OPTIMAL
 weights_sum: 0.9999999999999987
itereffortlevel: 0
--separating...
--find a better primal bound 0.21596667103197528 by Alternative descent Eigen
--found a cut state by heuristic 0.21596667103197528 0.047270368388605155 
iteration: 668,  #states: 1774, valueb: 0.047270368388605155, activeness: 0.21596667103197528, primalobj: 0.9731164927269762, dualobj: -Inf
solve--
end solve-- RelaxOptimal OPTIMAL
 weights_sum: 0.9999999999999989
itereffortlevel: 0
--separating...
--find a better primal bound 0.23540147126253064 by Alternative descent Eigen
--found a cut state by heuristic 0.23540147126253064 0.05541675792576647 
iteration: 669,  #states: 1775, valueb: 0.05541675792576647, activeness: 0.23540147126253064, primalobj: 0.9730929268323121, dualobj: -Inf
solve--
end solve-- RelaxOptimal OPTIMAL
 weights_sum: 1.0
itereffortlevel: 0
--separating...
--find a better primal bound 0.18734379886800595 by Alternative descent Eigen
--found a cut state by heuristic 0.18734379886800595 0.05711485796434983 
iteration: 670,  #states: 1776, valueb: 0.05711485796434983, activeness: 0.18734379886800595, primalobj: 0.9730533092568815, dualobj: -Inf
solve--
end solve-- RelaxOptimal OPTIMAL
 weights_sum: 0.9999999999999993
itereffortlevel: 0
--separating...
--find a better primal bound 0.18573695831353407 by Alternative descent Eigen
--found a cut state by heuristic 0.18573695831353407 0.035880050098619234 
iteration: 671,  #states: 1777, valueb: 0.035880050098619234, activeness: 0.18573695831353407, primalobj: 0.9730310052563409, dualobj: -Inf
solve--
end solve-- RelaxOptimal OPTIMAL
 weights_sum: 0.9999999999999986
itereffortlevel: 0
--separating...
--find a better primal bound 0.21391492333043965 by Alternative descent Eigen
--found a cut state by heuristic 0.21391492333043965 0.048503557482766683 
iteration: 672,  #states: 1778, valueb: 0.048503557482766683, activeness: 0.21391492333043965, primalobj: 0.973008926057252, dualobj: -Inf
solve--
end solve-- RelaxOptimal OPTIMAL
 weights_sum: 1.0
itereffortlevel: 0
--separating...
--find a better primal bound 0.17446346848656868 by Alternative descent Eigen
--found a cut state by heuristic 0.17446346848656868 0.022674262842618993 
iteration: 673,  #states: 1779, valueb: 0.022674262842618993, activeness: 0.17446346848656868, primalobj: 0.9729578204902988, dualobj: -Inf
solve--
end solve-- RelaxOptimal OPTIMAL
 weights_sum: 0.9999999999999996
itereffortlevel: 0
--separating...
--find a better primal bound 0.21558051607282003 by Alternative descent Eigen
--found a cut state by heuristic 0.21558051607282003 0.027551729879372322 
iteration: 674,  #states: 1780, valueb: 0.027551729879372322, activeness: 0.21558051607282003, primalobj: 0.9729332621234349, dualobj: -Inf
solve--
end solve-- RelaxOptimal OPTIMAL
 weights_sum: 0.9999999999999988
itereffortlevel: 0
--separating...
--find a better primal bound 0.10720279913500431 by Alternative descent Eigen
--found a cut state by heuristic 0.10720279913500431 0.026484151471874055 
iteration: 675,  #states: 1781, valueb: 0.026484151471874055, activeness: 0.10720279913500431, primalobj: 0.9729031315660459, dualobj: -Inf
solve--
end solve-- RelaxOptimal OPTIMAL
 weights_sum: 0.9999999999999982
itereffortlevel: 0
--separating...
--find a better primal bound 0.16675112729037142 by Alternative descent Eigen
--found a cut state by heuristic 0.16675112729037142 0.046556169040427475 
iteration: 676,  #states: 1782, valueb: 0.046556169040427475, activeness: 0.16675112729037142, primalobj: 0.9728924935974083, dualobj: -Inf
solve--
end solve-- RelaxOptimal OPTIMAL
 weights_sum: 0.9999999999999994
itereffortlevel: 0
--separating...
--find a better primal bound 0.23577577418924076 by Alternative descent Eigen
--found a cut state by heuristic 0.23577577418924076 0.05405758219259464 
iteration: 677,  #states: 1783, valueb: 0.05405758219259464, activeness: 0.23577577418924076, primalobj: 0.9728697004762041, dualobj: -Inf
solve--
end solve-- RelaxOptimal OPTIMAL
 weights_sum: 1.0
itereffortlevel: 0
--separating...
--find a better primal bound 0.20228097769829298 by Alternative descent Eigen
--found a cut state by heuristic 0.20228097769829298 0.034617306613632604 
iteration: 678,  #states: 1784, valueb: 0.034617306613632604, activeness: 0.20228097769829298, primalobj: 0.9728423887382225, dualobj: -Inf
solve--
end solve-- RelaxOptimal OPTIMAL
 weights_sum: 0.9999999999999991
itereffortlevel: 0
--separating...
--find a better primal bound 0.12610448847905115 by Alternative descent Eigen
--found a cut state by heuristic 0.12610448847905115 0.043238688638120595 
iteration: 679,  #states: 1785, valueb: 0.043238688638120595, activeness: 0.12610448847905115, primalobj: 0.972790523092914, dualobj: -Inf
solve--
end solve-- RelaxOptimal OPTIMAL
 weights_sum: 0.9999999999999986
itereffortlevel: 0
--separating...
--find a better primal bound 0.16181406780478008 by Alternative descent Eigen
--found a cut state by heuristic 0.16181406780478008 0.046413838266657015 
iteration: 680,  #states: 1786, valueb: 0.046413838266657015, activeness: 0.16181406780478008, primalobj: 0.972782669786594, dualobj: -Inf
solve--
end solve-- RelaxOptimal OPTIMAL
 weights_sum: 0.9999999999999998
itereffortlevel: 0
--separating...
--find a better primal bound 0.3053876646831656 by Alternative descent Eigen
--found a cut state by heuristic 0.3053876646831656 0.07460086136601185 
iteration: 681,  #states: 1787, valueb: 0.07460086136601185, activeness: 0.3053876646831656, primalobj: 0.972770563837522, dualobj: -Inf
solve--
end solve-- RelaxOptimal OPTIMAL
 weights_sum: 1.0000000000000004
itereffortlevel: 0
--separating...
--find a better primal bound 0.16426897335950397 by Alternative descent Eigen
--found a cut state by heuristic 0.16426897335950397 0.051933461407112066 
iteration: 682,  #states: 1788, valueb: 0.051933461407112066, activeness: 0.16426897335950397, primalobj: 0.9727292856203733, dualobj: -Inf
solve--
end solve-- RelaxOptimal OPTIMAL
 weights_sum: 1.0
itereffortlevel: 0
--separating...
--find a better primal bound 0.1965114302785074 by Alternative descent Eigen
--found a cut state by heuristic 0.1965114302785074 0.03073037096426498 
iteration: 683,  #states: 1789, valueb: 0.03073037096426498, activeness: 0.1965114302785074, primalobj: 0.9727104320303661, dualobj: -Inf
solve--
end solve-- RelaxOptimal OPTIMAL
 weights_sum: 1.0
itereffortlevel: 0
--separating...
--find a better primal bound 0.2154000238089543 by Alternative descent Eigen
--found a cut state by heuristic 0.2154000238089543 0.03180438826740443 
iteration: 684,  #states: 1790, valueb: 0.03180438826740443, activeness: 0.2154000238089543, primalobj: 0.9726758868128502, dualobj: -Inf
solve--
end solve-- RelaxOptimal OPTIMAL
 weights_sum: 1.0000000000000009
itereffortlevel: 0
--separating...
--find a better primal bound 0.16782468518696694 by Alternative descent Eigen
--found a cut state by heuristic 0.16782468518696694 0.02060778369993589 
iteration: 685,  #states: 1791, valueb: 0.02060778369993589, activeness: 0.16782468518696694, primalobj: 0.972636444269613, dualobj: -Inf
solve--
end solve-- RelaxOptimal OPTIMAL
 weights_sum: 0.9999999999999989
itereffortlevel: 0
--separating...
--find a better primal bound 0.1278925728941215 by Alternative descent Eigen
--found a cut state by heuristic 0.1278925728941215 0.024069987101538584 
iteration: 686,  #states: 1792, valueb: 0.024069987101538584, activeness: 0.1278925728941215, primalobj: 0.9726150985089901, dualobj: -Inf
solve--
end solve-- RelaxOptimal OPTIMAL
 weights_sum: 1.0000000000000002
itereffortlevel: 0
--separating...
--find a better primal bound 0.19417253117240518 by Alternative descent Eigen
--found a cut state by heuristic 0.19417253117240518 0.03567159535445403 
iteration: 687,  #states: 1793, valueb: 0.03567159535445403, activeness: 0.19417253117240518, primalobj: 0.9725988411686544, dualobj: -Inf
solve--
end solve-- RelaxOptimal OPTIMAL
 weights_sum: 1.0
itereffortlevel: 0
--separating...
--find a better primal bound 0.1579437571357653 by Alternative descent Eigen
--found a cut state by heuristic 0.1579437571357653 0.01070276178795129 
iteration: 688,  #states: 1794, valueb: 0.01070276178795129, activeness: 0.1579437571357653, primalobj: 0.9725797175255368, dualobj: -Inf
solve--
end solve-- RelaxOptimal OPTIMAL
 weights_sum: 1.0
itereffortlevel: 0
--separating...
--find a better primal bound 0.13884284584240736 by Alternative descent Eigen
--found a cut state by heuristic 0.13884284584240736 0.05975821616572891 
iteration: 689,  #states: 1795, valueb: 0.05975821616572891, activeness: 0.13884284584240736, primalobj: 0.9725468600944938, dualobj: -Inf
solve--
end solve-- RelaxOptimal OPTIMAL
 weights_sum: 1.0000000000000004
itereffortlevel: 0
--separating...
--find a better primal bound 0.2300526303232463 by Alternative descent Eigen
--found a cut state by heuristic 0.2300526303232463 0.024700364537930505 
iteration: 690,  #states: 1796, valueb: 0.024700364537930505, activeness: 0.2300526303232463, primalobj: 0.9725283778032466, dualobj: -Inf
solve--
end solve-- RelaxOptimal OPTIMAL
 weights_sum: 1.0000032331448707
itereffortlevel: 0
--separating...
--find a better primal bound 0.19897438434537063 by Alternative descent Eigen
--found a cut state by heuristic 0.19897438434537063 0.05747037140622906 
iteration: 691,  #states: 1797, valueb: 0.05747037140622906, activeness: 0.19897438434537063, primalobj: 0.9724893309807584, dualobj: -Inf
solve--
end solve-- RelaxOptimal OPTIMAL
 weights_sum: 1.0
itereffortlevel: 0
--separating...
--find a better primal bound 0.18441869885990939 by Alternative descent Eigen
--found a cut state by heuristic 0.18441869885990939 0.014544923288912381 
iteration: 692,  #states: 1798, valueb: 0.014544923288912381, activeness: 0.18441869885990939, primalobj: 0.9724665456159487, dualobj: -Inf
solve--
end solve-- RelaxOptimal OPTIMAL
 weights_sum: 0.9999999999999996
itereffortlevel: 0
--separating...
--find a better primal bound 0.26745953127758415 by Alternative descent Eigen
--found a cut state by heuristic 0.26745953127758415 0.09973693611706508 
iteration: 693,  #states: 1799, valueb: 0.09973693611706508, activeness: 0.26745953127758415, primalobj: 0.9724347587565829, dualobj: -Inf
solve--
end solve-- RelaxOptimal OPTIMAL
 weights_sum: 1.0000000000000009
itereffortlevel: 0
--separating...
--find a better primal bound 0.20616581618079696 by Alternative descent Eigen
--found a cut state by heuristic 0.20616581618079696 0.09696300899598305 
iteration: 694,  #states: 1800, valueb: 0.09696300899598305, activeness: 0.20616581618079696, primalobj: 0.9724189885806176, dualobj: -Inf
solve--
end solve-- RelaxOptimal OPTIMAL
 weights_sum: 0.9999999999999994
itereffortlevel: 0
--separating...
--find a better primal bound 0.20230768468168212 by Alternative descent Eigen
--found a cut state by heuristic 0.20230768468168212 0.08936482863810373 
iteration: 695,  #states: 1801, valueb: 0.08936482863810373, activeness: 0.20230768468168212, primalobj: 0.9723936051710561, dualobj: -Inf
solve--
end solve-- RelaxOptimal OPTIMAL
 weights_sum: 1.0000000000000004
itereffortlevel: 0
--separating...
--find a better primal bound 0.1294265830987455 by Alternative descent Eigen
--found a cut state by heuristic 0.1294265830987455 0.006783943422902325 
iteration: 696,  #states: 1802, valueb: 0.006783943422902325, activeness: 0.1294265830987455, primalobj: 0.9723735562813056, dualobj: -Inf
solve--
end solve-- RelaxOptimal OPTIMAL
 weights_sum: 1.0000000000000002
itereffortlevel: 0
--separating...
--find a better primal bound 0.18198650889104137 by Alternative descent Eigen
--found a cut state by heuristic 0.18198650889104137 0.08832286115744772 
iteration: 697,  #states: 1803, valueb: 0.08832286115744772, activeness: 0.18198650889104137, primalobj: 0.9723505924836784, dualobj: -Inf
solve--
end solve-- RelaxOptimal OPTIMAL
 weights_sum: 1.0
itereffortlevel: 0
--separating...
--find a better primal bound 0.22030121515802936 by Alternative descent Eigen
--found a cut state by heuristic 0.22030121515802936 0.06021386257300993 
iteration: 698,  #states: 1804, valueb: 0.06021386257300993, activeness: 0.22030121515802936, primalobj: 0.9723370771849233, dualobj: -Inf
solve--
end solve-- RelaxOptimal OPTIMAL
 weights_sum: 0.9999999999999991
itereffortlevel: 0
--separating...
--find a better primal bound 0.2419747069120612 by Alternative descent Eigen
--found a cut state by heuristic 0.2419747069120612 0.056379662341545275 
iteration: 699,  #states: 1805, valueb: 0.056379662341545275, activeness: 0.2419747069120612, primalobj: 0.9723096542938624, dualobj: -Inf
solve--
end solve-- RelaxOptimal OPTIMAL
 weights_sum: 0.9999999999999996
itereffortlevel: 0
--separating...
--find a better primal bound 0.18042716156329686 by Alternative descent Eigen
--found a cut state by heuristic 0.18042716156329686 0.0036416978201671037 
iteration: 700,  #states: 1806, valueb: 0.0036416978201671037, activeness: 0.18042716156329686, primalobj: 0.9722808126537437, dualobj: -Inf
solve--
end solve-- RelaxOptimal OPTIMAL
 weights_sum: 1.0000000000000004
itereffortlevel: 0
--separating...
--find a better primal bound 0.20336400706181412 by Alternative descent Eigen
--found a cut state by heuristic 0.20336400706181412 0.02467750240791744 
iteration: 701,  #states: 1807, valueb: 0.02467750240791744, activeness: 0.20336400706181412, primalobj: 0.972241521681571, dualobj: -Inf
solve--
end solve-- RelaxOptimal OPTIMAL
 weights_sum: 1.0000003717768435
itereffortlevel: 0
--separating...
--find a better primal bound 0.09682069152303152 by Alternative descent Eigen
--found a cut state by heuristic 0.09682069152303152 0.010846664499635908 
iteration: 702,  #states: 1808, valueb: 0.010846664499635908, activeness: 0.09682069152303152, primalobj: 0.9722164442867813, dualobj: -Inf
solve--
end solve-- RelaxOptimal OPTIMAL
 weights_sum: 1.0000000000000004
itereffortlevel: 0
--separating...
--find a better primal bound 0.16290769286361864 by Alternative descent Eigen
--found a cut state by heuristic 0.16290769286361864 0.0349135059214937 
iteration: 703,  #states: 1809, valueb: 0.0349135059214937, activeness: 0.16290769286361864, primalobj: 0.9721959534128938, dualobj: -Inf
solve--
end solve-- RelaxOptimal OPTIMAL
 weights_sum: 1.0000000000000004
itereffortlevel: 0
--separating...
--find a better primal bound 0.12728563693418662 by Alternative descent Eigen
--found a cut state by heuristic 0.12728563693418662 0.011195080326664272 
iteration: 704,  #states: 1810, valueb: 0.011195080326664272, activeness: 0.12728563693418662, primalobj: 0.9721715977775286, dualobj: -Inf
solve--
end solve-- RelaxOptimal OPTIMAL
 weights_sum: 0.9999999999999996
itereffortlevel: 0
--separating...
--find a better primal bound 0.18397768348069465 by Alternative descent Eigen
--found a cut state by heuristic 0.18397768348069465 0.02618808708736355 
iteration: 705,  #states: 1811, valueb: 0.02618808708736355, activeness: 0.18397768348069465, primalobj: 0.9721524619614983, dualobj: -Inf
solve--
end solve-- RelaxOptimal OPTIMAL
 weights_sum: 1.0
itereffortlevel: 0
--separating...
--find a better primal bound 0.16776885278797007 by Alternative descent Eigen
--found a cut state by heuristic 0.16776885278797007 0.039495050195254615 
iteration: 706,  #states: 1812, valueb: 0.039495050195254615, activeness: 0.16776885278797007, primalobj: 0.9721206071821682, dualobj: -Inf
solve--
end solve-- RelaxOptimal OPTIMAL
 weights_sum: 1.0
itereffortlevel: 0
--separating...
--find a better primal bound 0.13051407665607295 by Alternative descent Eigen
--found a cut state by heuristic 0.13051407665607295 0.0406677465755767 
iteration: 707,  #states: 1813, valueb: 0.0406677465755767, activeness: 0.13051407665607295, primalobj: 0.972101720936936, dualobj: -Inf
solve--
end solve-- RelaxOptimal OPTIMAL
 weights_sum: 1.0000000000000018
itereffortlevel: 0
--separating...
--find a better primal bound 0.13763335882736788 by Alternative descent Eigen
--found a cut state by heuristic 0.13763335882736788 0.04359421615676203 
iteration: 708,  #states: 1814, valueb: 0.04359421615676203, activeness: 0.13763335882736788, primalobj: 0.9720822776765818, dualobj: -Inf
solve--
end solve-- RelaxOptimal OPTIMAL
 weights_sum: 0.9999999999999997
itereffortlevel: 0
--separating...
--find a better primal bound 0.2611214376613069 by Alternative descent Eigen
--found a cut state by heuristic 0.2611214376613069 0.024564037432210147 
iteration: 709,  #states: 1815, valueb: 0.024564037432210147, activeness: 0.2611214376613069, primalobj: 0.9720689548507043, dualobj: -Inf
solve--
end solve-- RelaxOptimal OPTIMAL
 weights_sum: 1.0000000000000009
itereffortlevel: 0
--separating...
--find a better primal bound 0.19758171009603384 by Alternative descent Eigen
--found a cut state by heuristic 0.19758171009603384 0.019072780665903556 
iteration: 710,  #states: 1816, valueb: 0.019072780665903556, activeness: 0.19758171009603384, primalobj: 0.9720040059124858, dualobj: -Inf
solve--
end solve-- RelaxOptimal OPTIMAL
 weights_sum: 1.0000000000000004
itereffortlevel: 0
--separating...
--find a better primal bound 0.19435694985331653 by Alternative descent Eigen
--found a cut state by heuristic 0.19435694985331653 0.0202055104883008 
iteration: 711,  #states: 1817, valueb: 0.0202055104883008, activeness: 0.19435694985331653, primalobj: 0.9719810479670794, dualobj: -Inf
solve--
end solve-- RelaxOptimal OPTIMAL
 weights_sum: 1.0000000000000004
itereffortlevel: 0
--separating...
--find a better primal bound 0.10873124703770415 by Alternative descent Eigen
--found a cut state by heuristic 0.10873124703770415 0.003627571355540924 
iteration: 712,  #states: 1818, valueb: 0.003627571355540924, activeness: 0.10873124703770415, primalobj: 0.971950206356422, dualobj: -Inf
solve--
end solve-- RelaxOptimal OPTIMAL
 weights_sum: 1.0000008753753118
itereffortlevel: 0
--separating...
--find a better primal bound 0.09768031498102565 by Alternative descent Eigen
--found a cut state by heuristic 0.09768031498102565 0.015595457220922851 
iteration: 713,  #states: 1819, valueb: 0.015595457220922851, activeness: 0.09768031498102565, primalobj: 0.9719331963084495, dualobj: -Inf
solve--
end solve-- RelaxOptimal OPTIMAL
 weights_sum: 1.000000000000001
itereffortlevel: 0
--separating...
--find a better primal bound 0.1357883842836577 by Alternative descent Eigen
--found a cut state by heuristic 0.1357883842836577 0.0012225890235746245 
iteration: 714,  #states: 1820, valueb: 0.0012225890235746245, activeness: 0.1357883842836577, primalobj: 0.9719217442244007, dualobj: -Inf
solve--
end solve-- RelaxOptimal OPTIMAL
 weights_sum: 1.0000000000000013
itereffortlevel: 0
--separating...
--find a better primal bound 0.17096114860037392 by Alternative descent Eigen
--found a cut state by heuristic 0.17096114860037392 0.018788608621492064 
iteration: 715,  #states: 1821, valueb: 0.018788608621492064, activeness: 0.17096114860037392, primalobj: 0.9718971078067766, dualobj: -Inf
solve--
end solve-- RelaxOptimal OPTIMAL
 weights_sum: 1.00000261394394
itereffortlevel: 0
--separating...
--find a better primal bound 0.18246339485018853 by Alternative descent Eigen
--found a cut state by heuristic 0.18246339485018853 0.019490629862642737 
iteration: 716,  #states: 1822, valueb: 0.019490629862642737, activeness: 0.18246339485018853, primalobj: 0.9718714334236607, dualobj: -Inf
solve--
end solve-- RelaxOptimal OPTIMAL
 weights_sum: 1.0000000000000007
itereffortlevel: 0
--separating...
--find a better primal bound 0.1554636555875441 by Alternative descent Eigen
--found a cut state by heuristic 0.1554636555875441 0.021276947846193217 
iteration: 717,  #states: 1823, valueb: 0.021276947846193217, activeness: 0.1554636555875441, primalobj: 0.9718459463892619, dualobj: -Inf
solve--
end solve-- RelaxOptimal OPTIMAL
 weights_sum: 1.0000002020115009
itereffortlevel: 0
--separating...
--find a better primal bound 0.19083471763980692 by Alternative descent Eigen
--found a cut state by heuristic 0.19083471763980692 0.03945090582905895 
iteration: 718,  #states: 1824, valueb: 0.03945090582905895, activeness: 0.19083471763980692, primalobj: 0.9718332268482702, dualobj: -Inf
solve--
end solve-- RelaxOptimal OPTIMAL
 weights_sum: 1.0
itereffortlevel: 0
--separating...
--find a better primal bound 0.20167157980372521 by Alternative descent Eigen
--found a cut state by heuristic 0.20167157980372521 0.047702122478897144 
iteration: 719,  #states: 1825, valueb: 0.047702122478897144, activeness: 0.20167157980372521, primalobj: 0.9718207022271378, dualobj: -Inf
solve--
end solve-- RelaxOptimal OPTIMAL
 weights_sum: 1.0000000000000013
itereffortlevel: 0
--separating...
--find a better primal bound 0.12528467852156905 by Alternative descent Eigen
--found a cut state by heuristic 0.12528467852156905 0.0587527647261912 
iteration: 720,  #states: 1826, valueb: 0.0587527647261912, activeness: 0.12528467852156905, primalobj: 0.971802403801699, dualobj: -Inf
solve--
end solve-- RelaxOptimal OPTIMAL
 weights_sum: 0.9999999999999984
itereffortlevel: 0
--separating...
--find a better primal bound 0.17617477585246188 by Alternative descent Eigen
--found a cut state by heuristic 0.17617477585246188 0.03731302744170345 
iteration: 721,  #states: 1827, valueb: 0.03731302744170345, activeness: 0.17617477585246188, primalobj: 0.9717943500198476, dualobj: -Inf
solve--
end solve-- RelaxOptimal OPTIMAL
 weights_sum: 1.0000000000000002
itereffortlevel: 0
--separating...
--find a better primal bound 0.1826811007269168 by Alternative descent Eigen
--found a cut state by heuristic 0.1826811007269168 0.048903494493340936 
iteration: 722,  #states: 1828, valueb: 0.048903494493340936, activeness: 0.1826811007269168, primalobj: 0.971770662374539, dualobj: -Inf
solve--
end solve-- RelaxOptimal OPTIMAL
 weights_sum: 1.000000000000001
itereffortlevel: 0
--separating...
--find a better primal bound 0.19772843273583157 by Alternative descent Eigen
--found a cut state by heuristic 0.19772843273583157 0.04768336751041373 
iteration: 723,  #states: 1829, valueb: 0.04768336751041373, activeness: 0.19772843273583157, primalobj: 0.9717494100602666, dualobj: -Inf
solve--
end solve-- RelaxOptimal OPTIMAL
 weights_sum: 0.999999999999999
itereffortlevel: 0
--separating...
--find a better primal bound 0.18869807726129656 by Alternative descent Eigen
--found a cut state by heuristic 0.18869807726129656 0.03559653680176274 
iteration: 724,  #states: 1830, valueb: 0.03559653680176274, activeness: 0.18869807726129656, primalobj: 0.9717274694607498, dualobj: -Inf
solve--
end solve-- RelaxOptimal OPTIMAL
 weights_sum: 0.9999999999999992
itereffortlevel: 0
--separating...
--find a better primal bound 0.1501005730184503 by Alternative descent Eigen
--found a cut state by heuristic 0.1501005730184503 0.00585688993803167 
iteration: 725,  #states: 1831, valueb: 0.00585688993803167, activeness: 0.1501005730184503, primalobj: 0.9716980334628317, dualobj: -Inf
solve--
end solve-- RelaxOptimal OPTIMAL
 weights_sum: 1.0000000000000004
itereffortlevel: 0
--separating...
--find a better primal bound 0.1354772405937932 by Alternative descent Eigen
--found a cut state by heuristic 0.1354772405937932 0.01987635408874605 
iteration: 726,  #states: 1832, valueb: 0.01987635408874605, activeness: 0.1354772405937932, primalobj: 0.9716798411973844, dualobj: -Inf
solve--
end solve-- RelaxOptimal OPTIMAL
 weights_sum: 0.9999999999999998
itereffortlevel: 0
--separating...
--find a better primal bound 0.14300459680089972 by Alternative descent Eigen
--found a cut state by heuristic 0.14300459680089972 0.028330509156551602 
iteration: 727,  #states: 1833, valueb: 0.028330509156551602, activeness: 0.14300459680089972, primalobj: 0.9716605075787766, dualobj: -Inf
solve--
end solve-- RelaxOptimal OPTIMAL
 weights_sum: 1.0000000000000016
itereffortlevel: 0
--separating...
--find a better primal bound 0.16234371176085535 by Alternative descent Eigen
--found a cut state by heuristic 0.16234371176085535 0.0334703758868634 
iteration: 728,  #states: 1834, valueb: 0.0334703758868634, activeness: 0.16234371176085535, primalobj: 0.9716452909607884, dualobj: -Inf
solve--
end solve-- RelaxOptimal OPTIMAL
 weights_sum: 0.9999999999999998
itereffortlevel: 0
--separating...
--find a better primal bound 0.21381718607171885 by Alternative descent Eigen
--found a cut state by heuristic 0.21381718607171885 0.027701927256332262 
iteration: 729,  #states: 1835, valueb: 0.027701927256332262, activeness: 0.21381718607171885, primalobj: 0.9716167677137025, dualobj: -Inf
solve--
end solve-- RelaxOptimal OPTIMAL
 weights_sum: 0.9999999999999997
itereffortlevel: 0
--separating...
--find a better primal bound 0.1730778489182253 by Alternative descent Eigen
--found a cut state by heuristic 0.1730778489182253 -0.0 
iteration: 730,  #states: 1836, valueb: -0.0, activeness: 0.1730778489182253, primalobj: 0.9715949878989263, dualobj: -Inf
solve--
end solve-- RelaxOptimal OPTIMAL
 weights_sum: 0.9999999999999998
itereffortlevel: 0
--separating...
--find a better primal bound 0.1970053801313343 by Alternative descent Eigen
--found a cut state by heuristic 0.1970053801313343 0.04886344461146988 
iteration: 731,  #states: 1837, valueb: 0.04886344461146988, activeness: 0.1970053801313343, primalobj: 0.971569458078392, dualobj: -Inf
solve--
end solve-- RelaxOptimal OPTIMAL
 weights_sum: 1.0000005446925258
itereffortlevel: 0
--separating...
--find a better primal bound 0.11760445277607155 by Alternative descent Eigen
--found a cut state by heuristic 0.11760445277607155 0.04631137717575786 
iteration: 732,  #states: 1838, valueb: 0.04631137717575786, activeness: 0.11760445277607155, primalobj: 0.9715564416204765, dualobj: -Inf
solve--
end solve-- RelaxOptimal OPTIMAL
 weights_sum: 1.0000000000000002
itereffortlevel: 0
--separating...
--find a better primal bound 0.2542237586570141 by Alternative descent Eigen
--found a cut state by heuristic 0.2542237586570141 0.03885052045785575 
iteration: 733,  #states: 1839, valueb: 0.03885052045785575, activeness: 0.2542237586570141, primalobj: 0.9715472121757, dualobj: -Inf
solve--
end solve-- RelaxOptimal OPTIMAL
 weights_sum: 1.0000002502097542
itereffortlevel: 0
--separating...
--find a better primal bound 0.15161821465370148 by Alternative descent Eigen
--found a cut state by heuristic 0.15161821465370148 0.04085817777270855 
iteration: 734,  #states: 1840, valueb: 0.04085817777270855, activeness: 0.15161821465370148, primalobj: 0.9715156023751643, dualobj: -Inf
solve--
end solve-- RelaxOptimal OPTIMAL
 weights_sum: 1.0000000000000004
itereffortlevel: 0
--separating...
--find a better primal bound 0.17759169623250037 by Alternative descent Eigen
--found a cut state by heuristic 0.17759169623250037 0.034616912086905316 
iteration: 735,  #states: 1841, valueb: 0.034616912086905316, activeness: 0.17759169623250037, primalobj: 0.9715037727979758, dualobj: -Inf
solve--
end solve-- RelaxOptimal OPTIMAL
 weights_sum: 0.9999999999999993
itereffortlevel: 0
--separating...
--find a better primal bound 0.1845823362570801 by Alternative descent Eigen
--found a cut state by heuristic 0.1845823362570801 0.06552796103610908 
iteration: 736,  #states: 1842, valueb: 0.06552796103610908, activeness: 0.1845823362570801, primalobj: 0.9714753878021932, dualobj: -Inf
solve--
end solve-- RelaxOptimal OPTIMAL
 weights_sum: 1.0
itereffortlevel: 0
--separating...
--find a better primal bound 0.14787745935719787 by Alternative descent Eigen
--found a cut state by heuristic 0.14787745935719787 0.051094611101574094 
iteration: 737,  #states: 1843, valueb: 0.051094611101574094, activeness: 0.14787745935719787, primalobj: 0.9714391051113521, dualobj: -Inf
solve--
end solve-- RelaxOptimal OPTIMAL
 weights_sum: 1.0000000000000004
itereffortlevel: 0
--separating...
--find a better primal bound 0.17537370473830857 by Alternative descent Eigen
--found a cut state by heuristic 0.17537370473830857 0.05230697278365293 
iteration: 738,  #states: 1844, valueb: 0.05230697278365293, activeness: 0.17537370473830857, primalobj: 0.9714206258802075, dualobj: -Inf
solve--
end solve-- RelaxOptimal OPTIMAL
 weights_sum: 1.0000006352428081
itereffortlevel: 0
--separating...
--find a better primal bound 0.16156931474993952 by Alternative descent Eigen
--found a cut state by heuristic 0.16156931474993952 0.0551900559847387 
iteration: 739,  #states: 1845, valueb: 0.0551900559847387, activeness: 0.16156931474993952, primalobj: 0.9713999231288599, dualobj: -Inf
solve--
end solve-- RelaxOptimal OPTIMAL
 weights_sum: 1.0
itereffortlevel: 0
--separating...
--find a better primal bound 0.22069131118541874 by Alternative descent Eigen
--found a cut state by heuristic 0.22069131118541874 0.07038149432145512 
iteration: 740,  #states: 1846, valueb: 0.07038149432145512, activeness: 0.22069131118541874, primalobj: 0.9713838166677096, dualobj: -Inf
solve--
end solve-- RelaxOptimal OPTIMAL
 weights_sum: 1.0000000000000007
itereffortlevel: 0
--separating...
--find a better primal bound 0.17829087608324157 by Alternative descent Eigen
--found a cut state by heuristic 0.17829087608324157 0.05856983199484667 
iteration: 741,  #states: 1847, valueb: 0.05856983199484667, activeness: 0.17829087608324157, primalobj: 0.9713536947306014, dualobj: -Inf
solve--
end solve-- RelaxOptimal OPTIMAL
 weights_sum: 0.9999999999999993
itereffortlevel: 0
--separating...
--find a better primal bound 0.05429660008959997 by Alternative descent Eigen
--found a cut state by heuristic 0.05429660008959997 0.0009594997728488083 
iteration: 742,  #states: 1848, valueb: 0.0009594997728488083, activeness: 0.05429660008959997, primalobj: 0.9713338742872626, dualobj: -Inf
solve--
end solve-- RelaxOptimal OPTIMAL
 weights_sum: 0.9999999999999994
itereffortlevel: 0
--separating...
--find a better primal bound 0.08105718142302276 by Alternative descent Eigen
--found a cut state by heuristic 0.08105718142302276 0.03310086371336238 
iteration: 743,  #states: 1849, valueb: 0.03310086371336238, activeness: 0.08105718142302276, primalobj: 0.9713278216751617, dualobj: -Inf
solve--
end solve-- RelaxOptimal OPTIMAL
 weights_sum: 1.0
itereffortlevel: 0
--separating...
--find a better primal bound 0.16781870206908045 by Alternative descent Eigen
--found a cut state by heuristic 0.16781870206908045 0.04658580776626678 
iteration: 744,  #states: 1850, valueb: 0.04658580776626678, activeness: 0.16781870206908045, primalobj: 0.971321258490387, dualobj: -Inf
solve--
end solve-- RelaxOptimal OPTIMAL
 weights_sum: 1.0
itereffortlevel: 0
--separating...
--find a better primal bound 0.10245798427212283 by Alternative descent Eigen
--found a cut state by heuristic 0.10245798427212283 0.028928145650966828 
iteration: 745,  #states: 1851, valueb: 0.028928145650966828, activeness: 0.10245798427212283, primalobj: 0.9712910682555409, dualobj: -Inf
solve--
end solve-- RelaxOptimal OPTIMAL
 weights_sum: 1.0000000000000007
itereffortlevel: 0
--separating...
--find a better primal bound 0.2617188810184746 by Alternative descent Eigen
--found a cut state by heuristic 0.2617188810184746 0.045898829230241696 
iteration: 746,  #states: 1852, valueb: 0.045898829230241696, activeness: 0.2617188810184746, primalobj: 0.9712829199685289, dualobj: -Inf
solve--
end solve-- RelaxOptimal OPTIMAL
 weights_sum: 0.9999999999999993
itereffortlevel: 0
--separating...
--find a better primal bound 0.12879107369091886 by Alternative descent Eigen
--found a cut state by heuristic 0.12879107369091886 0.005691962860651027 
iteration: 747,  #states: 1853, valueb: 0.005691962860651027, activeness: 0.12879107369091886, primalobj: 0.971237687135988, dualobj: -Inf
solve--
end solve-- RelaxOptimal OPTIMAL
 weights_sum: 1.0000000000000007
itereffortlevel: 0
--separating...
--find a better primal bound 0.18371597919525798 by Alternative descent Eigen
--found a cut state by heuristic 0.18371597919525798 0.06998651301669095 
iteration: 748,  #states: 1854, valueb: 0.06998651301669095, activeness: 0.18371597919525798, primalobj: 0.9712056300759959, dualobj: -Inf
solve--
end solve-- RelaxOptimal OPTIMAL
 weights_sum: 1.0000000000000002
itereffortlevel: 0
--separating...
--find a better primal bound 0.15819642909605627 by Alternative descent Eigen
--found a cut state by heuristic 0.15819642909605627 0.02081362693944686 
iteration: 749,  #states: 1855, valueb: 0.02081362693944686, activeness: 0.15819642909605627, primalobj: 0.9711858069837027, dualobj: -Inf
solve--
end solve-- RelaxOptimal OPTIMAL
 weights_sum: 0.9999999999999991
itereffortlevel: 0
--separating...
--find a better primal bound 0.19246404483072746 by Alternative descent Eigen
--found a cut state by heuristic 0.19246404483072746 0.042317152990229784 
iteration: 750,  #states: 1856, valueb: 0.042317152990229784, activeness: 0.19246404483072746, primalobj: 0.9711616688759402, dualobj: -Inf
solve--
end solve-- RelaxOptimal OPTIMAL
 weights_sum: 1.0000000056260654
itereffortlevel: 0
--separating...
--find a better primal bound 0.13041132495263805 by Alternative descent Eigen
--found a cut state by heuristic 0.13041132495263805 0.027875033264066807 
iteration: 751,  #states: 1857, valueb: 0.027875033264066807, activeness: 0.13041132495263805, primalobj: 0.9711339608516645, dualobj: -Inf
solve--
end solve-- RelaxOptimal OPTIMAL
 weights_sum: 1.000000792663895
itereffortlevel: 0
--separating...
--find a better primal bound 0.16428400371459653 by Alternative descent Eigen
--found a cut state by heuristic 0.16428400371459653 0.03801137646585565 
iteration: 752,  #states: 1858, valueb: 0.03801137646585565, activeness: 0.16428400371459653, primalobj: 0.9711214923499869, dualobj: -Inf
solve--
end solve-- RelaxOptimal OPTIMAL
 weights_sum: 0.9999999999999998
itereffortlevel: 0
--separating...
--find a better primal bound 0.12896702527665543 by Alternative descent Eigen
--found a cut state by heuristic 0.12896702527665543 0.07827192170665008 
iteration: 753,  #states: 1859, valueb: 0.07827192170665008, activeness: 0.12896702527665543, primalobj: 0.971097230289237, dualobj: -Inf
solve--
end solve-- RelaxOptimal OPTIMAL
 weights_sum: 0.9999999999999997
itereffortlevel: 0
--separating...
--find a better primal bound 0.24690804135601196 by Alternative descent Eigen
--found a cut state by heuristic 0.24690804135601196 0.07987070162061803 
iteration: 754,  #states: 1860, valueb: 0.07987070162061803, activeness: 0.24690804135601196, primalobj: 0.9710893217768735, dualobj: -Inf
solve--
end solve-- RelaxOptimal OPTIMAL
 weights_sum: 0.9999999999999996
itereffortlevel: 0
--separating...
--find a better primal bound 0.21910204370343883 by Alternative descent Eigen
--found a cut state by heuristic 0.21910204370343883 0.07177769794522844 
iteration: 755,  #states: 1861, valueb: 0.07177769794522844, activeness: 0.21910204370343883, primalobj: 0.9710674717917593, dualobj: -Inf
solve--
end solve-- RelaxOptimal OPTIMAL
 weights_sum: 1.0000000000000009
itereffortlevel: 0
--separating...
--find a better primal bound 0.0879578524478763 by Alternative descent Eigen
--found a cut state by heuristic 0.0879578524478763 0.011195871361632782 
iteration: 756,  #states: 1862, valueb: 0.011195871361632782, activeness: 0.0879578524478763, primalobj: 0.9710285979810777, dualobj: -Inf
solve--
end solve-- RelaxOptimal OPTIMAL
 weights_sum: 1.0000000000000009
itereffortlevel: 0
--separating...
--find a better primal bound 0.10970059903958626 by Alternative descent Eigen
--found a cut state by heuristic 0.10970059903958626 0.019612611815898934 
iteration: 757,  #states: 1863, valueb: 0.019612611815898934, activeness: 0.10970059903958626, primalobj: 0.9710148471471733, dualobj: -Inf
solve--
end solve-- RelaxOptimal OPTIMAL
 weights_sum: 1.0000000000000016
itereffortlevel: 0
--separating...
--find a better primal bound 0.1344039517056171 by Alternative descent Eigen
--found a cut state by heuristic 0.1344039517056171 0.017558582432967554 
iteration: 758,  #states: 1864, valueb: 0.017558582432967554, activeness: 0.1344039517056171, primalobj: 0.97100669849594, dualobj: -Inf
solve--
end solve-- RelaxOptimal OPTIMAL
 weights_sum: 0.9999999999999993
itereffortlevel: 0
--separating...
--find a better primal bound 0.23549388047369735 by Alternative descent Eigen
--found a cut state by heuristic 0.23549388047369735 0.08171399812839822 
iteration: 759,  #states: 1865, valueb: 0.08171399812839822, activeness: 0.23549388047369735, primalobj: 0.9709783978117482, dualobj: -Inf
solve--
end solve-- RelaxOptimal OPTIMAL
 weights_sum: 0.9999999999999993
itereffortlevel: 0
--separating...
--find a better primal bound 0.10622832866385573 by Alternative descent Eigen
--found a cut state by heuristic 0.10622832866385573 0.041177909494204794 
iteration: 760,  #states: 1866, valueb: 0.041177909494204794, activeness: 0.10622832866385573, primalobj: 0.9709471715675699, dualobj: -Inf
solve--
end solve-- RelaxOptimal OPTIMAL
 weights_sum: 0.9999999999999996
itereffortlevel: 0
--separating...
--find a better primal bound 0.18627530578513668 by Alternative descent Eigen
--found a cut state by heuristic 0.18627530578513668 0.05839345120308753 
iteration: 761,  #states: 1867, valueb: 0.05839345120308753, activeness: 0.18627530578513668, primalobj: 0.9709376106190405, dualobj: -Inf
solve--
end solve-- RelaxOptimal OPTIMAL
 weights_sum: 0.9999999999999989
itereffortlevel: 0
--separating...
--find a better primal bound 0.1610038745794089 by Alternative descent Eigen
--found a cut state by heuristic 0.1610038745794089 0.016754115918408998 
iteration: 762,  #states: 1868, valueb: 0.016754115918408998, activeness: 0.1610038745794089, primalobj: 0.9709072339233217, dualobj: -Inf
solve--
end solve-- RelaxOptimal OPTIMAL
 weights_sum: 1.0000008065286972
itereffortlevel: 0
--separating...
--find a better primal bound 0.130255904950688 by Alternative descent Eigen
--found a cut state by heuristic 0.130255904950688 0.031102895029722404 
iteration: 763,  #states: 1869, valueb: 0.031102895029722404, activeness: 0.130255904950688, primalobj: 0.9708844412943669, dualobj: -Inf
solve--
end solve-- RelaxOptimal OPTIMAL
 weights_sum: 0.9999999999999982
itereffortlevel: 0
--separating...
--find a better primal bound 0.16797812955727204 by Alternative descent Eigen
--found a cut state by heuristic 0.16797812955727204 0.02785037181890544 
iteration: 764,  #states: 1870, valueb: 0.02785037181890544, activeness: 0.16797812955727204, primalobj: 0.9708697889220491, dualobj: -Inf
solve--
end solve-- RelaxOptimal OPTIMAL
 weights_sum: 0.9999999999999991
itereffortlevel: 0
--separating...
--find a better primal bound 0.12453923766447639 by Alternative descent Eigen
--found a cut state by heuristic 0.12453923766447639 -0.0 
iteration: 765,  #states: 1871, valueb: -0.0, activeness: 0.12453923766447639, primalobj: 0.9708463811333321, dualobj: -Inf
solve--
end solve-- RelaxOptimal OPTIMAL
 weights_sum: 0.9999999999999997
itereffortlevel: 0
--separating...
--find a better primal bound 0.17783327707342617 by Alternative descent Eigen
--found a cut state by heuristic 0.17783327707342617 0.08686926465870222 
iteration: 766,  #states: 1872, valueb: 0.08686926465870222, activeness: 0.17783327707342617, primalobj: 0.9708302685851299, dualobj: -Inf
solve--
end solve-- RelaxOptimal OPTIMAL
 weights_sum: 1.0000000021940183
itereffortlevel: 0
--separating...
--find a better primal bound 0.2059728935813512 by Alternative descent Eigen
--found a cut state by heuristic 0.2059728935813512 0.08563067618286431 
iteration: 767,  #states: 1873, valueb: 0.08563067618286431, activeness: 0.2059728935813512, primalobj: 0.9708164701854065, dualobj: -Inf
solve--
end solve-- RelaxOptimal OPTIMAL
 weights_sum: 1.000000000000001
itereffortlevel: 0
--separating...
--find a better primal bound 0.21725684196343087 by Alternative descent Eigen
--found a cut state by heuristic 0.21725684196343087 0.08983284095425614 
iteration: 768,  #states: 1874, valueb: 0.08983284095425614, activeness: 0.21725684196343087, primalobj: 0.9707985972252784, dualobj: -Inf
solve--
end solve-- RelaxOptimal OPTIMAL
 weights_sum: 1.0000000000000016
itereffortlevel: 0
--separating...
--find a better primal bound 0.16989959410573263 by Alternative descent Eigen
--found a cut state by heuristic 0.16989959410573263 0.08407217646071914 
iteration: 769,  #states: 1875, valueb: 0.08407217646071914, activeness: 0.16989959410573263, primalobj: 0.9707764228517209, dualobj: -Inf
solve--
end solve-- RelaxOptimal OPTIMAL
 weights_sum: 1.0
itereffortlevel: 0
--separating...
--find a better primal bound 0.25140276517722027 by Alternative descent Eigen
--found a cut state by heuristic 0.25140276517722027 0.07155421895425476 
iteration: 770,  #states: 1876, valueb: 0.07155421895425476, activeness: 0.25140276517722027, primalobj: 0.9707680949642349, dualobj: -Inf
solve--
end solve-- RelaxOptimal OPTIMAL
 weights_sum: 1.0000000357880168
itereffortlevel: 0
--separating...
--find a better primal bound 0.07632906180820594 by Alternative descent Eigen
--found a cut state by heuristic 0.07632906180820594 -0.0 
iteration: 771,  #states: 1877, valueb: -0.0, activeness: 0.07632906180820594, primalobj: 0.9706964873555768, dualobj: -Inf
solve--
end solve-- RelaxOptimal OPTIMAL
 weights_sum: 0.9999999999999984
itereffortlevel: 0
--separating...
--find a better primal bound 0.14204485575618897 by Alternative descent Eigen
--found a cut state by heuristic 0.14204485575618897 0.08646837051401396 
iteration: 772,  #states: 1878, valueb: 0.08646837051401396, activeness: 0.14204485575618897, primalobj: 0.9706848844389622, dualobj: -Inf
solve--
end solve-- RelaxOptimal OPTIMAL
 weights_sum: 1.000000848296001
itereffortlevel: 0
--separating...
--find a better primal bound 0.17839812837587798 by Alternative descent Eigen
--found a cut state by heuristic 0.17839812837587798 0.0936849631046313 
iteration: 773,  #states: 1879, valueb: 0.0936849631046313, activeness: 0.17839812837587798, primalobj: 0.970674686125434, dualobj: -Inf
solve--
end solve-- RelaxOptimal OPTIMAL
 weights_sum: 1.0000000743848547
itereffortlevel: 0
--separating...
--find a better primal bound 0.26511270946871873 by Alternative descent Eigen
--found a cut state by heuristic 0.26511270946871873 0.06260329245159892 
iteration: 774,  #states: 1880, valueb: 0.06260329245159892, activeness: 0.26511270946871873, primalobj: 0.9706599593905181, dualobj: -Inf
solve--
end solve-- RelaxOptimal OPTIMAL
 weights_sum: 0.999999999999998
itereffortlevel: 0
--separating...
--find a better primal bound 0.21566204109748952 by Alternative descent Eigen
--found a cut state by heuristic 0.21566204109748952 0.011956268401789899 
iteration: 775,  #states: 1881, valueb: 0.011956268401789899, activeness: 0.21566204109748952, primalobj: 0.9706106176576282, dualobj: -Inf
solve--
end solve-- RelaxOptimal OPTIMAL
 weights_sum: 1.0000000000000018
itereffortlevel: 0
--separating...
--find a better primal bound 0.17507095008816048 by Alternative descent Eigen
--found a cut state by heuristic 0.17507095008816048 0.025108741196981966 
iteration: 776,  #states: 1882, valueb: 0.025108741196981966, activeness: 0.17507095008816048, primalobj: 0.9705650152683465, dualobj: -Inf
solve--
end solve-- RelaxOptimal OPTIMAL
 weights_sum: 0.999999999999998
itereffortlevel: 0
--separating...
--find a better primal bound 0.17240834197777719 by Alternative descent Eigen
--found a cut state by heuristic 0.17240834197777719 0.02561224550888519 
iteration: 777,  #states: 1883, valueb: 0.02561224550888519, activeness: 0.17240834197777719, primalobj: 0.970527858713757, dualobj: -Inf
solve--
end solve-- RelaxOptimal OPTIMAL
 weights_sum: 0.9999999999999989
itereffortlevel: 0
--separating...
--find a better primal bound 0.16095142547585475 by Alternative descent Eigen
--found a cut state by heuristic 0.16095142547585475 0.005678215007991243 
iteration: 778,  #states: 1884, valueb: 0.005678215007991243, activeness: 0.16095142547585475, primalobj: 0.9704924995610761, dualobj: -Inf
solve--
end solve-- RelaxOptimal OPTIMAL
 weights_sum: 0.9999999999999996
itereffortlevel: 0
--separating...
--find a better primal bound 0.09861351780527733 by Alternative descent Eigen
--found a cut state by heuristic 0.09861351780527733 0.002964061684351371 
iteration: 779,  #states: 1885, valueb: 0.002964061684351371, activeness: 0.09861351780527733, primalobj: 0.9704681551220518, dualobj: -Inf
solve--
end solve-- RelaxOptimal OPTIMAL
 weights_sum: 0.9999999999999998
itereffortlevel: 0
--separating...
--find a better primal bound 0.1556882783749607 by Alternative descent Eigen
--found a cut state by heuristic 0.1556882783749607 0.053750022611481305 
iteration: 780,  #states: 1886, valueb: 0.053750022611481305, activeness: 0.1556882783749607, primalobj: 0.9704482754137449, dualobj: -Inf
solve--
end solve-- RelaxOptimal OPTIMAL
 weights_sum: 1.0000000000000009
itereffortlevel: 0
--separating...
--find a better primal bound 0.11451097066948449 by Alternative descent Eigen
--found a cut state by heuristic 0.11451097066948449 0.008080617548522625 
iteration: 781,  #states: 1887, valueb: 0.008080617548522625, activeness: 0.11451097066948449, primalobj: 0.970413965575995, dualobj: -Inf
solve--
end solve-- RelaxOptimal OPTIMAL
 weights_sum: 1.0000000000000007
itereffortlevel: 0
--separating...
--find a better primal bound 0.10275890302460917 by Alternative descent Eigen
--found a cut state by heuristic 0.10275890302460917 0.008747031941077529 
iteration: 782,  #states: 1888, valueb: 0.008747031941077529, activeness: 0.10275890302460917, primalobj: 0.9703919334751407, dualobj: -Inf
solve--
end solve-- RelaxOptimal OPTIMAL
 weights_sum: 0.9999999999999984
itereffortlevel: 0
--separating...
--find a better primal bound 0.18422184090294674 by Alternative descent Eigen
--found a cut state by heuristic 0.18422184090294674 0.0011988251874053694 
iteration: 783,  #states: 1889, valueb: 0.0011988251874053694, activeness: 0.18422184090294674, primalobj: 0.9703704818937887, dualobj: -Inf
solve--
end solve-- RelaxOptimal OPTIMAL
 weights_sum: 0.999999999999999
itereffortlevel: 0
--separating...
--find a better primal bound 0.1425632133281527 by Alternative descent Eigen
--found a cut state by heuristic 0.1425632133281527 0.03289928571418088 
iteration: 784,  #states: 1890, valueb: 0.03289928571418088, activeness: 0.1425632133281527, primalobj: 0.9702915315198535, dualobj: -Inf
solve--
end solve-- RelaxOptimal OPTIMAL
 weights_sum: 0.9999999999999996
itereffortlevel: 0
--separating...
--find a better primal bound 0.17252819029041774 by Alternative descent Eigen
--found a cut state by heuristic 0.17252819029041774 0.03785879973214336 
iteration: 785,  #states: 1891, valueb: 0.03785879973214336, activeness: 0.17252819029041774, primalobj: 0.9702650534358428, dualobj: -Inf
solve--
end solve-- RelaxOptimal OPTIMAL
 weights_sum: 1.0
itereffortlevel: 0
--separating...
--find a better primal bound 0.1671133452982372 by Alternative descent Eigen
--found a cut state by heuristic 0.1671133452982372 0.03831725493282809 
iteration: 786,  #states: 1892, valueb: 0.03831725493282809, activeness: 0.1671133452982372, primalobj: 0.9702423614478216, dualobj: -Inf
solve--
end solve-- RelaxOptimal OPTIMAL
 weights_sum: 0.9999999999999992
itereffortlevel: 0
--separating...
--find a better primal bound 0.22035046109805895 by Alternative descent Eigen
--found a cut state by heuristic 0.22035046109805895 0.037962646140003935 
iteration: 787,  #states: 1893, valueb: 0.037962646140003935, activeness: 0.22035046109805895, primalobj: 0.9702236750877185, dualobj: -Inf
solve--
end solve-- RelaxOptimal OPTIMAL
 weights_sum: 0.9999999999999991
itereffortlevel: 0
--separating...
--find a better primal bound 0.2657824028143091 by Alternative descent Eigen
--found a cut state by heuristic 0.2657824028143091 0.04835659870278238 
iteration: 788,  #states: 1894, valueb: 0.04835659870278238, activeness: 0.2657824028143091, primalobj: 0.970189225144485, dualobj: -Inf
solve--
end solve-- RelaxOptimal OPTIMAL
 weights_sum: 1.0000000000000009
itereffortlevel: 0
--separating...
--find a better primal bound 0.12270611127684382 by Alternative descent Eigen
--found a cut state by heuristic 0.12270611127684382 0.04177721543053941 
iteration: 789,  #states: 1895, valueb: 0.04177721543053941, activeness: 0.12270611127684382, primalobj: 0.9701538140872835, dualobj: -Inf
solve--
end solve-- RelaxOptimal OPTIMAL
 weights_sum: 1.0
itereffortlevel: 0
--separating...
--find a better primal bound 0.18600753296278022 by Alternative descent Eigen
--found a cut state by heuristic 0.18600753296278022 0.03375682510251805 
iteration: 790,  #states: 1896, valueb: 0.03375682510251805, activeness: 0.18600753296278022, primalobj: 0.9701305594582834, dualobj: -Inf
solve--
end solve-- RelaxOptimal OPTIMAL
 weights_sum: 1.0000001596984984
itereffortlevel: 0
--separating...
--find a better primal bound 0.11889245662925782 by Alternative descent Eigen
--found a cut state by heuristic 0.11889245662925782 0.019613715635666454 
iteration: 791,  #states: 1897, valueb: 0.019613715635666454, activeness: 0.11889245662925782, primalobj: 0.9701011827184016, dualobj: -Inf
solve--
end solve-- RelaxOptimal OPTIMAL
 weights_sum: 0.9999999999999984
itereffortlevel: 0
--separating...
--find a better primal bound 0.1321704839464909 by Alternative descent Eigen
--found a cut state by heuristic 0.1321704839464909 0.021510671708788703 
iteration: 792,  #states: 1898, valueb: 0.021510671708788703, activeness: 0.1321704839464909, primalobj: 0.9700817902179789, dualobj: -Inf
solve--
end solve-- RelaxOptimal OPTIMAL
 weights_sum: 1.0000000000000007
itereffortlevel: 0
--separating...
--find a better primal bound 0.1088618132527916 by Alternative descent Eigen
--found a cut state by heuristic 0.1088618132527916 0.03112736780049627 
iteration: 793,  #states: 1899, valueb: 0.03112736780049627, activeness: 0.1088618132527916, primalobj: 0.9700487601741564, dualobj: -Inf
solve--
end solve-- RelaxOptimal OPTIMAL
 weights_sum: 0.9999999999999997
itereffortlevel: 0
--separating...
--find a better primal bound 0.178618007319374 by Alternative descent Eigen
--found a cut state by heuristic 0.178618007319374 0.023215937087396107 
iteration: 794,  #states: 1900, valueb: 0.023215937087396107, activeness: 0.178618007319374, primalobj: 0.9700300733166919, dualobj: -Inf
solve--
end solve-- RelaxOptimal OPTIMAL
 weights_sum: 0.9999999999999998
itereffortlevel: 0
--separating...
--find a better primal bound 0.11960888499396564 by Alternative descent Eigen
--found a cut state by heuristic 0.11960888499396564 0.04970400337236514 
iteration: 795,  #states: 1901, valueb: 0.04970400337236514, activeness: 0.11960888499396564, primalobj: 0.9699900968084881, dualobj: -Inf
solve--
end solve-- RelaxOptimal OPTIMAL
 weights_sum: 1.000000311735292
itereffortlevel: 0
--separating...
--find a better primal bound 0.12326729954366114 by Alternative descent Eigen
--found a cut state by heuristic 0.12326729954366114 0.007309173928110189 
iteration: 796,  #states: 1902, valueb: 0.007309173928110189, activeness: 0.12326729954366114, primalobj: 0.9699816666959532, dualobj: -Inf
solve--
end solve-- RelaxOptimal OPTIMAL
 weights_sum: 1.0000018536079156
itereffortlevel: 0
--separating...
--find a better primal bound 0.19637328482982552 by Alternative descent Eigen
--found a cut state by heuristic 0.19637328482982552 0.017205233588121684 
iteration: 797,  #states: 1903, valueb: 0.017205233588121684, activeness: 0.19637328482982552, primalobj: 0.9699671593848334, dualobj: -Inf
solve--
end solve-- RelaxOptimal OPTIMAL
 weights_sum: 1.000000000000001
itereffortlevel: 0
--separating...
--find a better primal bound 0.12252073998185366 by Alternative descent Eigen
--found a cut state by heuristic 0.12252073998185366 0.022157272659266203 
iteration: 798,  #states: 1904, valueb: 0.022157272659266203, activeness: 0.12252073998185366, primalobj: 0.9699340705456843, dualobj: -Inf
solve--
end solve-- RelaxOptimal OPTIMAL
 weights_sum: 0.9999999999999991
itereffortlevel: 0
--separating...
--find a better primal bound 0.14086043946308466 by Alternative descent Eigen
--found a cut state by heuristic 0.14086043946308466 0.018481265981117965 
iteration: 799,  #states: 1905, valueb: 0.018481265981117965, activeness: 0.14086043946308466, primalobj: 0.9699114878407398, dualobj: -Inf
solve--
end solve-- RelaxOptimal OPTIMAL
 weights_sum: 0.9999999999999993
itereffortlevel: 0
--separating...
--find a better primal bound 0.10737606040606479 by Alternative descent Eigen
--found a cut state by heuristic 0.10737606040606479 0.028544816639685597 
iteration: 800,  #states: 1906, valueb: 0.028544816639685597, activeness: 0.10737606040606479, primalobj: 0.9698925454369061, dualobj: -Inf
solve--
end solve-- RelaxOptimal OPTIMAL
 weights_sum: 1.0
itereffortlevel: 0
--separating...
--find a better primal bound 0.17931799249489774 by Alternative descent Eigen
--found a cut state by heuristic 0.17931799249489774 0.010530857425548712 
iteration: 801,  #states: 1907, valueb: 0.010530857425548712, activeness: 0.17931799249489774, primalobj: 0.9698621654773192, dualobj: -Inf
solve--
end solve-- RelaxOptimal OPTIMAL
 weights_sum: 0.9999999999999998
itereffortlevel: 0
--separating...
--find a better primal bound 0.21105984802048905 by Alternative descent Eigen
--found a cut state by heuristic 0.21105984802048905 0.030208978738192095 
iteration: 802,  #states: 1908, valueb: 0.030208978738192095, activeness: 0.21105984802048905, primalobj: 0.9698364968274642, dualobj: -Inf
solve--
end solve-- RelaxOptimal OPTIMAL
 weights_sum: 1.0000000000000004
itereffortlevel: 0
--separating...
--find a better primal bound 0.13495645128366782 by Alternative descent Eigen
--found a cut state by heuristic 0.13495645128366782 0.008688325001668 
iteration: 803,  #states: 1909, valueb: 0.008688325001668, activeness: 0.13495645128366782, primalobj: 0.9697905908046321, dualobj: -Inf
solve--
end solve-- RelaxOptimal OPTIMAL
 weights_sum: 1.0000011516773335
itereffortlevel: 0
--separating...
--find a better primal bound 0.17196150558264967 by Alternative descent Eigen
--found a cut state by heuristic 0.17196150558264967 0.026858694852921656 
iteration: 804,  #states: 1910, valueb: 0.026858694852921656, activeness: 0.17196150558264967, primalobj: 0.9697692485852375, dualobj: -Inf
solve--
end solve-- RelaxOptimal OPTIMAL
 weights_sum: 1.0000000000000002
itereffortlevel: 0
--separating...
--find a better primal bound 0.15064288585568048 by Alternative descent Eigen
--found a cut state by heuristic 0.15064288585568048 0.02061756510679035 
iteration: 805,  #states: 1911, valueb: 0.02061756510679035, activeness: 0.15064288585568048, primalobj: 0.969730893716177, dualobj: -Inf
solve--
end solve-- RelaxOptimal OPTIMAL
 weights_sum: 0.9999999999999996
itereffortlevel: 0
--separating...
--find a better primal bound 0.10044503247769122 by Alternative descent Eigen
--found a cut state by heuristic 0.10044503247769122 0.04445920330700637 
iteration: 806,  #states: 1912, valueb: 0.04445920330700637, activeness: 0.10044503247769122, primalobj: 0.969700441811393, dualobj: -Inf
solve--
end solve-- RelaxOptimal OPTIMAL
 weights_sum: 1.0000000243569267
itereffortlevel: 0
--separating...
--find a better primal bound 0.1595552966527819 by Alternative descent Eigen
--found a cut state by heuristic 0.1595552966527819 0.05399828404327549 
iteration: 807,  #states: 1913, valueb: 0.05399828404327549, activeness: 0.1595552966527819, primalobj: 0.9696915382278748, dualobj: -Inf
solve--
end solve-- RelaxOptimal OPTIMAL
 weights_sum: 1.0000000000000009
itereffortlevel: 0
--separating...
--find a better primal bound 0.17065721301421277 by Alternative descent Eigen
--found a cut state by heuristic 0.17065721301421277 0.0446921210437485 
iteration: 808,  #states: 1914, valueb: 0.0446921210437485, activeness: 0.17065721301421277, primalobj: 0.9696725316672508, dualobj: -Inf
solve--
end solve-- RelaxOptimal OPTIMAL
 weights_sum: 1.0
itereffortlevel: 0
--separating...
--find a better primal bound 0.10785738637561001 by Alternative descent Eigen
--found a cut state by heuristic 0.10785738637561001 0.04186885746625395 
iteration: 809,  #states: 1915, valueb: 0.04186885746625395, activeness: 0.10785738637561001, primalobj: 0.9696547657767822, dualobj: -Inf
solve--
end solve-- RelaxOptimal OPTIMAL
 weights_sum: 1.0000003578668881
itereffortlevel: 0
--separating...
--find a better primal bound 0.20817853580445367 by Alternative descent Eigen
--found a cut state by heuristic 0.20817853580445367 0.029874406371511113 
iteration: 810,  #states: 1916, valueb: 0.029874406371511113, activeness: 0.20817853580445367, primalobj: 0.9696403529686926, dualobj: -Inf
solve--
end solve-- RelaxOptimal OPTIMAL
 weights_sum: 0.9999999999999994
itereffortlevel: 0
--separating...
--find a better primal bound 0.21025122990216755 by Alternative descent Eigen
--found a cut state by heuristic 0.21025122990216755 0.05537504402621102 
iteration: 811,  #states: 1917, valueb: 0.05537504402621102, activeness: 0.21025122990216755, primalobj: 0.9696130170267903, dualobj: -Inf
solve--
end solve-- RelaxOptimal OPTIMAL
 weights_sum: 1.0000000000000007
itereffortlevel: 0
--separating...
--find a better primal bound 0.14671526762621007 by Alternative descent Eigen
--found a cut state by heuristic 0.14671526762621007 0.027648743754855692 
iteration: 812,  #states: 1918, valueb: 0.027648743754855692, activeness: 0.14671526762621007, primalobj: 0.9695870308457237, dualobj: -Inf
solve--
end solve-- RelaxOptimal OPTIMAL
 weights_sum: 1.0000000000000013
itereffortlevel: 0
--separating...
--find a better primal bound 0.08600704613630789 by Alternative descent Eigen
--found a cut state by heuristic 0.08600704613630789 0.04154771908251095 
iteration: 813,  #states: 1919, valueb: 0.04154771908251095, activeness: 0.08600704613630789, primalobj: 0.9695778967978403, dualobj: -Inf
solve--
end solve-- RelaxOptimal OPTIMAL
 weights_sum: 0.9999999999999989
itereffortlevel: 0
--separating...
--find a better primal bound 0.18600577101009935 by Alternative descent Eigen
--found a cut state by heuristic 0.18600577101009935 0.04813619976618433 
iteration: 814,  #states: 1920, valueb: 0.04813619976618433, activeness: 0.18600577101009935, primalobj: 0.9695744836569549, dualobj: -Inf
solve--
end solve-- RelaxOptimal OPTIMAL
 weights_sum: 1.0000000000000004
itereffortlevel: 0
--separating...
--find a better primal bound 0.11467808330976922 by Alternative descent Eigen
--found a cut state by heuristic 0.11467808330976922 0.01887352043286046 
iteration: 815,  #states: 1921, valueb: 0.01887352043286046, activeness: 0.11467808330976922, primalobj: 0.9695546251099535, dualobj: -Inf
solve--
end solve-- RelaxOptimal OPTIMAL
 weights_sum: 0.9999999999999986
itereffortlevel: 0
--separating...
--find a better primal bound 0.14114462854438353 by Alternative descent Eigen
--found a cut state by heuristic 0.14114462854438353 0.00026932589198651324 
iteration: 816,  #states: 1922, valueb: 0.00026932589198651324, activeness: 0.14114462854438353, primalobj: 0.9695389898972984, dualobj: -Inf
solve--
end solve-- RelaxOptimal OPTIMAL
 weights_sum: 0.9999999999999992
itereffortlevel: 0
--separating...
--find a better primal bound 0.1250093070063041 by Alternative descent Eigen
--found a cut state by heuristic 0.1250093070063041 0.014436756712265 
iteration: 817,  #states: 1923, valueb: 0.014436756712265, activeness: 0.1250093070063041, primalobj: 0.9695257975482333, dualobj: -Inf
solve--
end solve-- RelaxOptimal OPTIMAL
 weights_sum: 1.0000000000000007
itereffortlevel: 0
--separating...
--find a better primal bound 0.17737440560570028 by Alternative descent Eigen
--found a cut state by heuristic 0.17737440560570028 0.014470082852474895 
iteration: 818,  #states: 1924, valueb: 0.014470082852474895, activeness: 0.17737440560570028, primalobj: 0.9694998678173674, dualobj: -Inf
solve--
end solve-- RelaxOptimal OPTIMAL
 weights_sum: 1.0000000000000009
itereffortlevel: 0
--separating...
--find a better primal bound 0.12511345086920994 by Alternative descent Eigen
--found a cut state by heuristic 0.12511345086920994 0.015251959644186072 
iteration: 819,  #states: 1925, valueb: 0.015251959644186072, activeness: 0.12511345086920994, primalobj: 0.9694617377962811, dualobj: -Inf
solve--
end solve-- RelaxOptimal OPTIMAL
 weights_sum: 0.9999999999999984
itereffortlevel: 0
--separating...
--find a better primal bound 0.08235067308272556 by Alternative descent Eigen
--found a cut state by heuristic 0.08235067308272556 0.019511811498334808 
iteration: 820,  #states: 1926, valueb: 0.019511811498334808, activeness: 0.08235067308272556, primalobj: 0.9694482963944799, dualobj: -Inf
solve--
end solve-- RelaxOptimal OPTIMAL
 weights_sum: 1.0000000000000002
itereffortlevel: 0
--separating...
--find a better primal bound 0.17210927815591914 by Alternative descent Eigen
--found a cut state by heuristic 0.17210927815591914 0.04562070648737465 
iteration: 821,  #states: 1927, valueb: 0.04562070648737465, activeness: 0.17210927815591914, primalobj: 0.9694334206413763, dualobj: -Inf
solve--
end solve-- RelaxOptimal OPTIMAL
 weights_sum: 1.0000000000000018
itereffortlevel: 0
--separating...
--find a better primal bound 0.10828905858024186 by Alternative descent Eigen
--found a cut state by heuristic 0.10828905858024186 0.00059477836596801 
iteration: 822,  #states: 1928, valueb: 0.00059477836596801, activeness: 0.10828905858024186, primalobj: 0.9694093171559803, dualobj: -Inf
solve--
end solve-- RelaxOptimal OPTIMAL
 weights_sum: 1.000000144948437
itereffortlevel: 0
--separating...
--find a better primal bound 0.13757114698908882 by Alternative descent Eigen
--found a cut state by heuristic 0.13757114698908882 0.019630416267579668 
iteration: 823,  #states: 1929, valueb: 0.019630416267579668, activeness: 0.13757114698908882, primalobj: 0.9693864853154162, dualobj: -Inf
solve--
end solve-- RelaxOptimal OPTIMAL
 weights_sum: 0.9999999999999996
itereffortlevel: 0
--separating...
--find a better primal bound 0.16286781056501964 by Alternative descent Eigen
--found a cut state by heuristic 0.16286781056501964 0.03552618856488831 
iteration: 824,  #states: 1930, valueb: 0.03552618856488831, activeness: 0.16286781056501964, primalobj: 0.9693568373856836, dualobj: -Inf
solve--
end solve-- RelaxOptimal OPTIMAL
 weights_sum: 1.0000000000000009
itereffortlevel: 0
--separating...
--find a better primal bound 0.12630557655756808 by Alternative descent Eigen
--found a cut state by heuristic 0.12630557655756808 0.024347066985396595 
iteration: 825,  #states: 1931, valueb: 0.024347066985396595, activeness: 0.12630557655756808, primalobj: 0.9693391728491545, dualobj: -Inf
solve--
end solve-- RelaxOptimal OPTIMAL
 weights_sum: 0.9999999999999998
itereffortlevel: 0
--separating...
--find a better primal bound 0.16734640537150258 by Alternative descent Eigen
--found a cut state by heuristic 0.16734640537150258 0.041860552831826416 
iteration: 826,  #states: 1932, valueb: 0.041860552831826416, activeness: 0.16734640537150258, primalobj: 0.969329302007878, dualobj: -Inf
solve--
end solve-- RelaxOptimal OPTIMAL
 weights_sum: 1.0000000000000004
itereffortlevel: 0
--separating...
--find a better primal bound 0.14376275502769098 by Alternative descent Eigen
--found a cut state by heuristic 0.14376275502769098 0.04842686133174035 
iteration: 827,  #states: 1933, valueb: 0.04842686133174035, activeness: 0.14376275502769098, primalobj: 0.9693122822750799, dualobj: -Inf
solve--
end solve-- RelaxOptimal OPTIMAL
 weights_sum: 0.9999999999999996
itereffortlevel: 0
--separating...
--find a better primal bound 0.21345940325593263 by Alternative descent Eigen
--found a cut state by heuristic 0.21345940325593263 0.04297045025792921 
iteration: 828,  #states: 1934, valueb: 0.04297045025792921, activeness: 0.21345940325593263, primalobj: 0.9692928797048314, dualobj: -Inf
solve--
end solve-- RelaxOptimal OPTIMAL
 weights_sum: 0.9999999999999991
itereffortlevel: 0
--separating...
--find a better primal bound 0.17424780691649483 by Alternative descent Eigen
--found a cut state by heuristic 0.17424780691649483 0.05644810145064364 
iteration: 829,  #states: 1935, valueb: 0.05644810145064364, activeness: 0.17424780691649483, primalobj: 0.9692590167339606, dualobj: -Inf
solve--
end solve-- RelaxOptimal OPTIMAL
 weights_sum: 1.0000000000000002
itereffortlevel: 0
--separating...
--find a better primal bound 0.13325664632230386 by Alternative descent Eigen
--found a cut state by heuristic 0.13325664632230386 0.042925433534326256 
iteration: 830,  #states: 1936, valueb: 0.042925433534326256, activeness: 0.13325664632230386, primalobj: 0.9692457102439596, dualobj: -Inf
solve--
end solve-- RelaxOptimal OPTIMAL
 weights_sum: 1.0000000000000018
itereffortlevel: 0
--separating...
--find a better primal bound 0.12241858219868264 by Alternative descent Eigen
--found a cut state by heuristic 0.12241858219868264 0.030161679092009196 
iteration: 831,  #states: 1937, valueb: 0.030161679092009196, activeness: 0.12241858219868264, primalobj: 0.9692349506145466, dualobj: -Inf
solve--
end solve-- RelaxOptimal OPTIMAL
 weights_sum: 1.0
itereffortlevel: 0
--separating...
--find a better primal bound 0.14303264163916352 by Alternative descent Eigen
--found a cut state by heuristic 0.14303264163916352 0.018039320114803845 
iteration: 832,  #states: 1938, valueb: 0.018039320114803845, activeness: 0.14303264163916352, primalobj: 0.9692148903688498, dualobj: -Inf
solve--
end solve-- RelaxOptimal OPTIMAL
 weights_sum: 1.0000000339158261
itereffortlevel: 0
--separating...
--find a better primal bound 0.15703397570957628 by Alternative descent Eigen
--found a cut state by heuristic 0.15703397570957628 0.053285660248681824 
iteration: 833,  #states: 1939, valueb: 0.053285660248681824, activeness: 0.15703397570957628, primalobj: 0.969201548251578, dualobj: -Inf
solve--
end solve-- RelaxOptimal OPTIMAL
 weights_sum: 1.0000000000000022
itereffortlevel: 0
--separating...
--find a better primal bound 0.11457176459275707 by Alternative descent Eigen
--found a cut state by heuristic 0.11457176459275707 0.04799378863872347 
iteration: 834,  #states: 1940, valueb: 0.04799378863872347, activeness: 0.11457176459275707, primalobj: 0.9691924258350907, dualobj: -Inf
solve--
end solve-- RelaxOptimal OPTIMAL
 weights_sum: 1.000000000000001
itereffortlevel: 0
--separating...
--find a better primal bound 0.20227323500359268 by Alternative descent Eigen
--found a cut state by heuristic 0.20227323500359268 0.04543159123429266 
iteration: 835,  #states: 1941, valueb: 0.04543159123429266, activeness: 0.20227323500359268, primalobj: 0.9691838654225106, dualobj: -Inf
solve--
end solve-- RelaxOptimal OPTIMAL
 weights_sum: 0.9999999999999994
itereffortlevel: 0
--separating...
--find a better primal bound 0.15651821692645634 by Alternative descent Eigen
--found a cut state by heuristic 0.15651821692645634 0.04373149391574611 
iteration: 836,  #states: 1942, valueb: 0.04373149391574611, activeness: 0.15651821692645634, primalobj: 0.969157519933548, dualobj: -Inf
solve--
end solve-- RelaxOptimal OPTIMAL
 weights_sum: 1.0000000000000002
itereffortlevel: 0
--separating...
--find a better primal bound 0.2000373196676174 by Alternative descent Eigen
--found a cut state by heuristic 0.2000373196676174 0.05394231857522862 
iteration: 837,  #states: 1943, valueb: 0.05394231857522862, activeness: 0.2000373196676174, primalobj: 0.9691417770326345, dualobj: -Inf
solve--
end solve-- RelaxOptimal OPTIMAL
 weights_sum: 1.0000000000000004
itereffortlevel: 0
--separating...
--find a better primal bound 0.21255687671140777 by Alternative descent Eigen
--found a cut state by heuristic 0.21255687671140777 0.05991937949812658 
iteration: 838,  #states: 1944, valueb: 0.05991937949812658, activeness: 0.21255687671140777, primalobj: 0.9691023985714089, dualobj: -Inf
solve--
end solve-- RelaxOptimal OPTIMAL
 weights_sum: 1.0000000000000004
itereffortlevel: 0
--separating...
--find a better primal bound 0.176263696220551 by Alternative descent Eigen
--found a cut state by heuristic 0.176263696220551 0.04658591269940808 
iteration: 839,  #states: 1945, valueb: 0.04658591269940808, activeness: 0.176263696220551, primalobj: 0.9690606615091724, dualobj: -Inf
solve--
end solve-- RelaxOptimal OPTIMAL
 weights_sum: 0.9999999999999997
itereffortlevel: 0
--separating...
--find a better primal bound 0.12057727682263845 by Alternative descent Eigen
--found a cut state by heuristic 0.12057727682263845 0.03754665507226451 
iteration: 840,  #states: 1946, valueb: 0.03754665507226451, activeness: 0.12057727682263845, primalobj: 0.9690465383294969, dualobj: -Inf
solve--
end solve-- RelaxOptimal OPTIMAL
 weights_sum: 1.0000000000000004
itereffortlevel: 0
--separating...
--find a better primal bound 0.0933439800549814 by Alternative descent Eigen
--found a cut state by heuristic 0.0933439800549814 0.03294233823217764 
iteration: 841,  #states: 1947, valueb: 0.03294233823217764, activeness: 0.0933439800549814, primalobj: 0.9690393556216619, dualobj: -Inf
solve--
end solve-- RelaxOptimal OPTIMAL
 weights_sum: 1.0
itereffortlevel: 0
--separating...
--find a better primal bound 0.10766160396602933 by Alternative descent Eigen
--found a cut state by heuristic 0.10766160396602933 0.01920744662546299 
iteration: 842,  #states: 1948, valueb: 0.01920744662546299, activeness: 0.10766160396602933, primalobj: 0.9690304274698234, dualobj: -Inf
solve--
end solve-- RelaxOptimal OPTIMAL
 weights_sum: 1.0000000611896258
itereffortlevel: 0
--separating...
--find a better primal bound 0.12108373348216242 by Alternative descent Eigen
--found a cut state by heuristic 0.12108373348216242 0.026905147919619822 
iteration: 843,  #states: 1949, valueb: 0.026905147919619822, activeness: 0.12108373348216242, primalobj: 0.9690158498087993, dualobj: -Inf
solve--
end solve-- RelaxOptimal OPTIMAL
 weights_sum: 0.9999999999999994
itereffortlevel: 0
--separating...
--find a better primal bound 0.19509724916157084 by Alternative descent Eigen
--found a cut state by heuristic 0.19509724916157084 0.03770215945003344 
iteration: 844,  #states: 1950, valueb: 0.03770215945003344, activeness: 0.19509724916157084, primalobj: 0.9690031903907208, dualobj: -Inf
solve--
end solve-- RelaxOptimal OPTIMAL
 weights_sum: 0.9999999999999997
itereffortlevel: 0
--separating...
--find a better primal bound 0.08767466290317283 by Alternative descent Eigen
--found a cut state by heuristic 0.08767466290317283 0.02191153166851946 
iteration: 845,  #states: 1951, valueb: 0.02191153166851946, activeness: 0.08767466290317283, primalobj: 0.9689512985670042, dualobj: -Inf
solve--
end solve-- RelaxOptimal OPTIMAL
 weights_sum: 0.9999999999999998
itereffortlevel: 0
--separating...
--find a better primal bound 0.16958425404495392 by Alternative descent Eigen
--found a cut state by heuristic 0.16958425404495392 0.04723151860223206 
iteration: 846,  #states: 1952, valueb: 0.04723151860223206, activeness: 0.16958425404495392, primalobj: 0.9689411005670766, dualobj: -Inf
solve--
end solve-- RelaxOptimal OPTIMAL
 weights_sum: 0.9999999999999999
itereffortlevel: 0
--separating...
--find a better primal bound 0.1639084266388838 by Alternative descent Eigen
--found a cut state by heuristic 0.1639084266388838 0.03321851994083201 
iteration: 847,  #states: 1953, valueb: 0.03321851994083201, activeness: 0.1639084266388838, primalobj: 0.9689303031252285, dualobj: -Inf
solve--
end solve-- RelaxOptimal OPTIMAL
 weights_sum: 1.0000001545975141
itereffortlevel: 0
--separating...
--find a better primal bound 0.18481051534104043 by Alternative descent Eigen
--found a cut state by heuristic 0.18481051534104043 0.030491726095746557 
iteration: 848,  #states: 1954, valueb: 0.030491726095746557, activeness: 0.18481051534104043, primalobj: 0.9689107286178584, dualobj: -Inf
solve--
end solve-- RelaxOptimal OPTIMAL
 weights_sum: 0.9999999999999996
itereffortlevel: 0
--separating...
--find a better primal bound 0.1459709781005323 by Alternative descent Eigen
--found a cut state by heuristic 0.1459709781005323 -0.0 
iteration: 849,  #states: 1955, valueb: -0.0, activeness: 0.1459709781005323, primalobj: 0.9688768722126007, dualobj: -Inf
solve--
end solve-- RelaxOptimal OPTIMAL
 weights_sum: 0.9999999999999998
itereffortlevel: 0
--separating...
--find a better primal bound 0.1580390300252624 by Alternative descent Eigen
--found a cut state by heuristic 0.1580390300252624 0.02658161419575407 
iteration: 850,  #states: 1956, valueb: 0.02658161419575407, activeness: 0.1580390300252624, primalobj: 0.9688534742303763, dualobj: -Inf
solve--
end solve-- RelaxOptimal OPTIMAL
 weights_sum: 1.0000000000000007
itereffortlevel: 0
--separating...
--find a better primal bound 0.1655348266854576 by Alternative descent Eigen
--found a cut state by heuristic 0.1655348266854576 0.031031006963587026 
iteration: 851,  #states: 1957, valueb: 0.031031006963587026, activeness: 0.1655348266854576, primalobj: 0.9688197030818455, dualobj: -Inf
solve--
end solve-- RelaxOptimal OPTIMAL
 weights_sum: 1.0000000000000002
itereffortlevel: 0
--separating...
--find a better primal bound 0.07501108029533049 by Alternative descent Eigen
--found a cut state by heuristic 0.07501108029533049 0.040426880774014434 
iteration: 852,  #states: 1958, valueb: 0.040426880774014434, activeness: 0.07501108029533049, primalobj: 0.9688004719789336, dualobj: -Inf
solve--
end solve-- RelaxOptimal OPTIMAL
 weights_sum: 0.9999999999999982
itereffortlevel: 0
--separating...
--find a better primal bound 0.11511236996138442 by Alternative descent Eigen
--found a cut state by heuristic 0.11511236996138442 0.03754771445781934 
iteration: 853,  #states: 1959, valueb: 0.03754771445781934, activeness: 0.11511236996138442, primalobj: 0.968797415792804, dualobj: -Inf
solve--
end solve-- RelaxOptimal OPTIMAL
 weights_sum: 1.0000007491814102
itereffortlevel: 0
--separating...
--find a better primal bound 0.157668390675337 by Alternative descent Eigen
--found a cut state by heuristic 0.157668390675337 0.02551285353029647 
iteration: 854,  #states: 1960, valueb: 0.02551285353029647, activeness: 0.157668390675337, primalobj: 0.9687817202563161, dualobj: -Inf
solve--
end solve-- RelaxOptimal OPTIMAL
 weights_sum: 1.0000019394152024
itereffortlevel: 0
--separating...
--find a better primal bound 0.13860151927816763 by Alternative descent Eigen
--found a cut state by heuristic 0.13860151927816763 0.03946881644254952 
iteration: 855,  #states: 1961, valueb: 0.03946881644254952, activeness: 0.13860151927816763, primalobj: 0.9687637794143615, dualobj: -Inf
solve--
end solve-- RelaxOptimal OPTIMAL
 weights_sum: 0.9999999999999984
itereffortlevel: 0
--separating...
--find a better primal bound 0.17648832323055522 by Alternative descent Eigen
--found a cut state by heuristic 0.17648832323055522 0.018280199775448258 
iteration: 856,  #states: 1962, valueb: 0.018280199775448258, activeness: 0.17648832323055522, primalobj: 0.9687484650791912, dualobj: -Inf
solve--
end solve-- RelaxOptimal OPTIMAL
 weights_sum: 0.9999999999999988
itereffortlevel: 0
--separating...
--find a better primal bound 0.11614593674946189 by Alternative descent Eigen
--found a cut state by heuristic 0.11614593674946189 0.024930218821891097 
iteration: 857,  #states: 1963, valueb: 0.024930218821891097, activeness: 0.11614593674946189, primalobj: 0.9687058059970164, dualobj: -Inf
solve--
end solve-- RelaxOptimal OPTIMAL
 weights_sum: 1.0000000000000022
itereffortlevel: 0
--separating...
--find a better primal bound 0.12076014561823847 by Alternative descent Eigen
--found a cut state by heuristic 0.12076014561823847 0.04154572272358894 
iteration: 858,  #states: 1964, valueb: 0.04154572272358894, activeness: 0.12076014561823847, primalobj: 0.968692571796236, dualobj: -Inf
solve--
end solve-- RelaxOptimal OPTIMAL
 weights_sum: 1.000000113994355
itereffortlevel: 0
--separating...
--find a better primal bound 0.13157936301371287 by Alternative descent Eigen
--found a cut state by heuristic 0.13157936301371287 0.033347515657957544 
iteration: 859,  #states: 1965, valueb: 0.033347515657957544, activeness: 0.13157936301371287, primalobj: 0.9686707673350605, dualobj: -Inf
solve--
end solve-- RelaxOptimal OPTIMAL
 weights_sum: 1.0000000000000009
itereffortlevel: 0
--separating...
--find a better primal bound 0.1926160454291591 by Alternative descent Eigen
--found a cut state by heuristic 0.1926160454291591 0.00918213789949897 
iteration: 860,  #states: 1966, valueb: 0.00918213789949897, activeness: 0.1926160454291591, primalobj: 0.9686545277226308, dualobj: -Inf
solve--
end solve-- RelaxOptimal OPTIMAL
 weights_sum: 0.9999999999999993
itereffortlevel: 0
--separating...
--find a better primal bound 0.14882553514024677 by Alternative descent Eigen
--found a cut state by heuristic 0.14882553514024677 0.048747719008883784 
iteration: 861,  #states: 1967, valueb: 0.048747719008883784, activeness: 0.14882553514024677, primalobj: 0.9686132413647954, dualobj: -Inf
solve--
end solve-- RelaxOptimal OPTIMAL
 weights_sum: 1.0000003419866343
itereffortlevel: 0
--separating...
--find a better primal bound 0.0977573493046789 by Alternative descent Eigen
--found a cut state by heuristic 0.0977573493046789 0.020546097973902507 
iteration: 862,  #states: 1968, valueb: 0.020546097973902507, activeness: 0.0977573493046789, primalobj: 0.9685968710327593, dualobj: -Inf
solve--
end solve-- RelaxOptimal OPTIMAL
 weights_sum: 0.9999999999999996
itereffortlevel: 0
--separating...
--find a better primal bound 0.13022180037304068 by Alternative descent Eigen
--found a cut state by heuristic 0.13022180037304068 0.020940168653733923 
iteration: 863,  #states: 1969, valueb: 0.020940168653733923, activeness: 0.13022180037304068, primalobj: 0.9685823713456587, dualobj: -Inf
solve--
end solve-- RelaxOptimal OPTIMAL
 weights_sum: 0.9999999999999998
itereffortlevel: 0
--separating...
--find a better primal bound 0.151428527523 by Alternative descent Eigen
--found a cut state by heuristic 0.151428527523 0.0324249769486253 
iteration: 864,  #states: 1970, valueb: 0.0324249769486253, activeness: 0.151428527523, primalobj: 0.9685664281566202, dualobj: -Inf
solve--
end solve-- RelaxOptimal OPTIMAL
 weights_sum: 1.0000000000000018
itereffortlevel: 0
--separating...
--find a better primal bound 0.1425830421378967 by Alternative descent Eigen
--found a cut state by heuristic 0.1425830421378967 0.041202154580954935 
iteration: 865,  #states: 1971, valueb: 0.041202154580954935, activeness: 0.1425830421378967, primalobj: 0.9685368870228719, dualobj: -Inf
solve--
end solve-- RelaxOptimal OPTIMAL
 weights_sum: 1.0
itereffortlevel: 0
--separating...
--find a better primal bound 0.19538959949004106 by Alternative descent Eigen
--found a cut state by heuristic 0.19538959949004106 0.03700447810393895 
iteration: 866,  #states: 1972, valueb: 0.03700447810393895, activeness: 0.19538959949004106, primalobj: 0.9685158053560494, dualobj: -Inf
solve--
end solve-- RelaxOptimal OPTIMAL
 weights_sum: 1.0
itereffortlevel: 0
--separating...
--find a better primal bound 0.2046746637525071 by Alternative descent Eigen
--found a cut state by heuristic 0.2046746637525071 0.04633929685606408 
iteration: 867,  #states: 1973, valueb: 0.04633929685606408, activeness: 0.2046746637525071, primalobj: 0.9684935333948631, dualobj: -Inf
solve--
end solve-- RelaxOptimal OPTIMAL
 weights_sum: 1.0000000000000002
itereffortlevel: 0
--separating...
--find a better primal bound 0.1231072059639778 by Alternative descent Eigen
--found a cut state by heuristic 0.1231072059639778 0.020496073637047574 
iteration: 868,  #states: 1974, valueb: 0.020496073637047574, activeness: 0.1231072059639778, primalobj: 0.9684543108583532, dualobj: -Inf
solve--
end solve-- RelaxOptimal OPTIMAL
 weights_sum: 1.0000000763448114
itereffortlevel: 0
--separating...
--find a better primal bound 0.18715789208308586 by Alternative descent Eigen
--found a cut state by heuristic 0.18715789208308586 0.009709691465474892 
iteration: 869,  #states: 1975, valueb: 0.009709691465474892, activeness: 0.18715789208308586, primalobj: 0.9684403335712467, dualobj: -Inf
solve--
end solve-- RelaxOptimal OPTIMAL
 weights_sum: 1.0
itereffortlevel: 0
--separating...
--find a better primal bound 0.18384952856170278 by Alternative descent Eigen
--found a cut state by heuristic 0.18384952856170278 0.02484557665805057 
iteration: 870,  #states: 1976, valueb: 0.02484557665805057, activeness: 0.18384952856170278, primalobj: 0.9684039025483071, dualobj: -Inf
solve--
end solve-- RelaxOptimal OPTIMAL
 weights_sum: 1.0000000026597422
itereffortlevel: 0
--separating...
--find a better primal bound 0.159164228238096 by Alternative descent Eigen
--found a cut state by heuristic 0.159164228238096 0.07823977902146874 
iteration: 871,  #states: 1977, valueb: 0.07823977902146874, activeness: 0.159164228238096, primalobj: 0.968370047256911, dualobj: -Inf
solve--
end solve-- RelaxOptimal OPTIMAL
 weights_sum: 0.9999999999999996
itereffortlevel: 0
--separating...
--find a better primal bound 0.15654856143030263 by Alternative descent Eigen
--found a cut state by heuristic 0.15654856143030263 0.03662440738789969 
iteration: 872,  #states: 1978, valueb: 0.03662440738789969, activeness: 0.15654856143030263, primalobj: 0.968352051580099, dualobj: -Inf
solve--
end solve-- RelaxOptimal OPTIMAL
 weights_sum: 1.000000504726514
itereffortlevel: 0
--separating...
--find a better primal bound 0.2063855635747487 by Alternative descent Eigen
--found a cut state by heuristic 0.2063855635747487 0.00866088689917747 
iteration: 873,  #states: 1979, valueb: 0.00866088689917747, activeness: 0.2063855635747487, primalobj: 0.968317312218318, dualobj: -Inf
solve--
end solve-- RelaxOptimal OPTIMAL
 weights_sum: 1.0000000000000004
itereffortlevel: 0
--separating...
--find a better primal bound 0.08981249583512141 by Alternative descent Eigen
--found a cut state by heuristic 0.08981249583512141 0.005570830949350908 
iteration: 874,  #states: 1980, valueb: 0.005570830949350908, activeness: 0.08981249583512141, primalobj: 0.9682879557526871, dualobj: -Inf
solve--
end solve-- RelaxOptimal OPTIMAL
 weights_sum: 0.9999999999999996
itereffortlevel: 0
--separating...
--find a better primal bound 0.15026095766388614 by Alternative descent Eigen
--found a cut state by heuristic 0.15026095766388614 0.021080950906437607 
iteration: 875,  #states: 1981, valueb: 0.021080950906437607, activeness: 0.15026095766388614, primalobj: 0.9682699240958192, dualobj: -Inf
solve--
end solve-- RelaxOptimal OPTIMAL
 weights_sum: 1.000000000000001
itereffortlevel: 0
--separating...
--find a better primal bound 0.11605931159373986 by Alternative descent Eigen
--found a cut state by heuristic 0.11605931159373986 0.015905420448210167 
iteration: 876,  #states: 1982, valueb: 0.015905420448210167, activeness: 0.11605931159373986, primalobj: 0.968249428974076, dualobj: -Inf
solve--
end solve-- RelaxOptimal OPTIMAL
 weights_sum: 1.0000000000000016
itereffortlevel: 0
--separating...
--find a better primal bound 0.1216836354688369 by Alternative descent Eigen
--found a cut state by heuristic 0.1216836354688369 0.03482472491445077 
iteration: 877,  #states: 1983, valueb: 0.03482472491445077, activeness: 0.1216836354688369, primalobj: 0.968233052281039, dualobj: -Inf
solve--
end solve-- RelaxOptimal OPTIMAL
 weights_sum: 0.9999999999999992
itereffortlevel: 0
--separating...
--find a better primal bound 0.16454468783045087 by Alternative descent Eigen
--found a cut state by heuristic 0.16454468783045087 0.02235953617121694 
iteration: 878,  #states: 1984, valueb: 0.02235953617121694, activeness: 0.16454468783045087, primalobj: 0.9682224358441033, dualobj: -Inf
solve--
end solve-- RelaxOptimal OPTIMAL
 weights_sum: 1.0
itereffortlevel: 0
--separating...
--find a better primal bound 0.15938718831918952 by Alternative descent Eigen
--found a cut state by heuristic 0.15938718831918952 0.05050810736014583 
iteration: 879,  #states: 1985, valueb: 0.05050810736014583, activeness: 0.15938718831918952, primalobj: 0.968205215547348, dualobj: -Inf
solve--
end solve-- RelaxOptimal OPTIMAL
 weights_sum: 1.0000000000000009
itereffortlevel: 0
--separating...
--find a better primal bound 0.17321320571821378 by Alternative descent Eigen
--found a cut state by heuristic 0.17321320571821378 0.05335063837403797 
iteration: 880,  #states: 1986, valueb: 0.05335063837403797, activeness: 0.17321320571821378, primalobj: 0.9681909583386038, dualobj: -Inf
solve--
end solve-- RelaxOptimal OPTIMAL
 weights_sum: 1.0
itereffortlevel: 0
--separating...
--find a better primal bound 0.200043704519275 by Alternative descent Eigen
--found a cut state by heuristic 0.200043704519275 0.04118444947694877 
iteration: 881,  #states: 1987, valueb: 0.04118444947694877, activeness: 0.200043704519275, primalobj: 0.9681790955606302, dualobj: -Inf
solve--
end solve-- RelaxOptimal OPTIMAL
 weights_sum: 1.0000002431553612
itereffortlevel: 0
--separating...
--find a better primal bound 0.10923368600676976 by Alternative descent Eigen
--found a cut state by heuristic 0.10923368600676976 0.020972926462588325 
iteration: 882,  #states: 1988, valueb: 0.020972926462588325, activeness: 0.10923368600676976, primalobj: 0.9681480456026218, dualobj: -Inf
solve--
end solve-- RelaxOptimal OPTIMAL
 weights_sum: 0.9999999999999989
itereffortlevel: 0
--separating...
--find a better primal bound 0.14075037094039944 by Alternative descent Eigen
--found a cut state by heuristic 0.14075037094039944 0.030927372494471004 
iteration: 883,  #states: 1989, valueb: 0.030927372494471004, activeness: 0.14075037094039944, primalobj: 0.9681294898163305, dualobj: -Inf
solve--
end solve-- RelaxOptimal OPTIMAL
 weights_sum: 0.9999999999999989
itereffortlevel: 0
--separating...
--find a better primal bound 0.130306315135421 by Alternative descent Eigen
--found a cut state by heuristic 0.130306315135421 0.024297614191267483 
iteration: 884,  #states: 1990, valueb: 0.024297614191267483, activeness: 0.130306315135421, primalobj: 0.9681020832848163, dualobj: -Inf
solve--
end solve-- RelaxOptimal OPTIMAL
 weights_sum: 0.9999999999999998
itereffortlevel: 0
--separating...
--find a better primal bound 0.16016782232016014 by Alternative descent Eigen
--found a cut state by heuristic 0.16016782232016014 0.03271531047254864 
iteration: 885,  #states: 1991, valueb: 0.03271531047254864, activeness: 0.16016782232016014, primalobj: 0.9680823183541787, dualobj: -Inf
solve--
end solve-- RelaxOptimal OPTIMAL
 weights_sum: 0.9999999999999999
itereffortlevel: 0
--separating...
--find a better primal bound 0.12445161615880496 by Alternative descent Eigen
--found a cut state by heuristic 0.12445161615880496 0.04203528458476607 
iteration: 886,  #states: 1992, valueb: 0.04203528458476607, activeness: 0.12445161615880496, primalobj: 0.9680352808712852, dualobj: -Inf
solve--
end solve-- RelaxOptimal OPTIMAL
 weights_sum: 1.0000000000000004
itereffortlevel: 0
--separating...
--find a better primal bound 0.17390398454712352 by Alternative descent Eigen
--found a cut state by heuristic 0.17390398454712352 0.02890839751089934 
iteration: 887,  #states: 1993, valueb: 0.02890839751089934, activeness: 0.17390398454712352, primalobj: 0.9680186096331895, dualobj: -Inf
solve--
end solve-- RelaxOptimal OPTIMAL
 weights_sum: 0.9999999999999991
itereffortlevel: 0
--separating...
--find a better primal bound 0.17972723310971747 by Alternative descent Eigen
--found a cut state by heuristic 0.17972723310971747 0.018460455539137884 
iteration: 888,  #states: 1994, valueb: 0.018460455539137884, activeness: 0.17972723310971747, primalobj: 0.9680010049383534, dualobj: -Inf
solve--
end solve-- RelaxOptimal OPTIMAL
 weights_sum: 1.0000011176336019
itereffortlevel: 0
--separating...
--find a better primal bound 0.10488111143690626 by Alternative descent Eigen
--found a cut state by heuristic 0.10488111143690626 0.039501098124932146 
iteration: 889,  #states: 1995, valueb: 0.039501098124932146, activeness: 0.10488111143690626, primalobj: 0.9679583499793201, dualobj: -Inf
solve--
end solve-- RelaxOptimal OPTIMAL
 weights_sum: 1.0000000000000004
itereffortlevel: 0
--separating...
--find a better primal bound 0.13126916674017647 by Alternative descent Eigen
--found a cut state by heuristic 0.13126916674017647 0.0481321200562564 
iteration: 890,  #states: 1996, valueb: 0.0481321200562564, activeness: 0.13126916674017647, primalobj: 0.9679504946534789, dualobj: -Inf
solve--
end solve-- RelaxOptimal OPTIMAL
 weights_sum: 1.0000000000000004
itereffortlevel: 0
--separating...
--find a better primal bound 0.08147448077584807 by Alternative descent Eigen
--found a cut state by heuristic 0.08147448077584807 0.04380759817208991 
iteration: 891,  #states: 1997, valueb: 0.04380759817208991, activeness: 0.08147448077584807, primalobj: 0.9679332539444173, dualobj: -Inf
solve--
end solve-- RelaxOptimal OPTIMAL
 weights_sum: 1.0000000000000007
itereffortlevel: 0
--separating...
--find a better primal bound 0.1996888460886607 by Alternative descent Eigen
--found a cut state by heuristic 0.1996888460886607 0.04353791845899416 
iteration: 892,  #states: 1998, valueb: 0.04353791845899416, activeness: 0.1996888460886607, primalobj: 0.9679287740424327, dualobj: -Inf
solve--
end solve-- RelaxOptimal OPTIMAL
 weights_sum: 1.0000000000000004
itereffortlevel: 0
--separating...
--find a better primal bound 0.14193905656256905 by Alternative descent Eigen
--found a cut state by heuristic 0.14193905656256905 0.03718422102730951 
iteration: 893,  #states: 1999, valueb: 0.03718422102730951, activeness: 0.14193905656256905, primalobj: 0.967902380729863, dualobj: -Inf
solve--
end solve-- RelaxOptimal OPTIMAL
 weights_sum: 1.0
itereffortlevel: 0
--separating...
--find a better primal bound 0.16458078219882208 by Alternative descent Eigen
--found a cut state by heuristic 0.16458078219882208 0.03736996477854142 
iteration: 894,  #states: 2000, valueb: 0.03736996477854142, activeness: 0.16458078219882208, primalobj: 0.9678865937455985, dualobj: -Inf
solve--
end solve-- RelaxOptimal OPTIMAL
 weights_sum: 0.999999999999999
itereffortlevel: 0
--separating...
--find a better primal bound 0.12607212609952348 by Alternative descent Eigen
--found a cut state by heuristic 0.12607212609952348 0.018279653176296772 
iteration: 895,  #states: 2001, valueb: 0.018279653176296772, activeness: 0.12607212609952348, primalobj: 0.9678650108125417, dualobj: -Inf
solve--
end solve-- RelaxOptimal OPTIMAL
 weights_sum: 1.0000000000000002
itereffortlevel: 0
--separating...
--find a better primal bound 0.14722407279807956 by Alternative descent Eigen
--found a cut state by heuristic 0.14722407279807956 0.012979876844012842 
iteration: 896,  #states: 2002, valueb: 0.012979876844012842, activeness: 0.14722407279807956, primalobj: 0.9678461879298543, dualobj: -Inf
solve--
end solve-- RelaxOptimal OPTIMAL
 weights_sum: 1.0
itereffortlevel: 0
--separating...
--find a better primal bound 0.14217454029760979 by Alternative descent Eigen
--found a cut state by heuristic 0.14217454029760979 0.033522375491175524 
iteration: 897,  #states: 2003, valueb: 0.033522375491175524, activeness: 0.14217454029760979, primalobj: 0.9678172186728609, dualobj: -Inf
solve--
end solve-- RelaxOptimal OPTIMAL
 weights_sum: 1.0000000000000004
itereffortlevel: 0
--separating...
--find a better primal bound 0.09328806188085381 by Alternative descent Eigen
--found a cut state by heuristic 0.09328806188085381 0.019941390813554786 
iteration: 898,  #states: 2004, valueb: 0.019941390813554786, activeness: 0.09328806188085381, primalobj: 0.967807882325826, dualobj: -Inf
solve--
end solve-- RelaxOptimal OPTIMAL
 weights_sum: 1.0000000000000009
itereffortlevel: 0
--separating...
--find a better primal bound 0.17074007916997247 by Alternative descent Eigen
--found a cut state by heuristic 0.17074007916997247 0.03325925816709896 
iteration: 899,  #states: 2005, valueb: 0.03325925816709896, activeness: 0.17074007916997247, primalobj: 0.9678004945646852, dualobj: -Inf
solve--
end solve-- RelaxOptimal OPTIMAL
 weights_sum: 0.9999999999999998
itereffortlevel: 0
--separating...
--find a better primal bound 0.13128990173949395 by Alternative descent Eigen
--found a cut state by heuristic 0.13128990173949395 0.039398948382804604 
iteration: 900,  #states: 2006, valueb: 0.039398948382804604, activeness: 0.13128990173949395, primalobj: 0.9677885830724722, dualobj: -Inf
solve--
end solve-- RelaxOptimal OPTIMAL
 weights_sum: 1.000001240588012
itereffortlevel: 0
--separating...
--find a better primal bound 0.12753870435632686 by Alternative descent Eigen
--found a cut state by heuristic 0.12753870435632686 0.016547609731945575 
iteration: 901,  #states: 2007, valueb: 0.016547609731945575, activeness: 0.12753870435632686, primalobj: 0.9677738181073112, dualobj: -Inf
solve--
end solve-- RelaxOptimal OPTIMAL
 weights_sum: 1.000000000000001
itereffortlevel: 0
--separating...
--find a better primal bound 0.1017701170218743 by Alternative descent Eigen
--found a cut state by heuristic 0.1017701170218743 0.025146760831068482 
iteration: 902,  #states: 2008, valueb: 0.025146760831068482, activeness: 0.1017701170218743, primalobj: 0.9677636573090701, dualobj: -Inf
solve--
end solve-- RelaxOptimal OPTIMAL
 weights_sum: 1.0000000000000007
itereffortlevel: 0
--separating...
--find a better primal bound 0.0910591547900248 by Alternative descent Eigen
--found a cut state by heuristic 0.0910591547900248 0.016864947029717747 
iteration: 903,  #states: 2009, valueb: 0.016864947029717747, activeness: 0.0910591547900248, primalobj: 0.9677503350580301, dualobj: -Inf
solve--
end solve-- RelaxOptimal OPTIMAL
 weights_sum: 1.0
itereffortlevel: 0
--separating...
--find a better primal bound 0.07370455829681341 by Alternative descent Eigen
--found a cut state by heuristic 0.07370455829681341 0.029144316833681558 
iteration: 904,  #states: 2010, valueb: 0.029144316833681558, activeness: 0.07370455829681341, primalobj: 0.9677393043048774, dualobj: -Inf
solve--
end solve-- RelaxOptimal OPTIMAL
 weights_sum: 1.000003729427532
itereffortlevel: 0
--separating...
--find a better primal bound 0.11848137519544572 by Alternative descent Eigen
--found a cut state by heuristic 0.11848137519544572 0.017852042102330285 
iteration: 905,  #states: 2011, valueb: 0.017852042102330285, activeness: 0.11848137519544572, primalobj: 0.9677369399732096, dualobj: -Inf
solve--
end solve-- RelaxOptimal OPTIMAL
 weights_sum: 1.0
itereffortlevel: 0
--separating...
--find a better primal bound 0.11902101164806796 by Alternative descent Eigen
--found a cut state by heuristic 0.11902101164806796 0.027495433142759835 
iteration: 906,  #states: 2012, valueb: 0.027495433142759835, activeness: 0.11902101164806796, primalobj: 0.9677231311515007, dualobj: -Inf
solve--
end solve-- RelaxOptimal OPTIMAL
 weights_sum: 1.0000000000000007
itereffortlevel: 0
--separating...
--find a better primal bound 0.16723026505542135 by Alternative descent Eigen
--found a cut state by heuristic 0.16723026505542135 0.02436955805056297 
iteration: 907,  #states: 2013, valueb: 0.02436955805056297, activeness: 0.16723026505542135, primalobj: 0.9677100670923351, dualobj: -Inf
solve--
end solve-- RelaxOptimal OPTIMAL
 weights_sum: 1.0000000000000009
itereffortlevel: 0
--separating...
--find a better primal bound 0.24697671539348381 by Alternative descent Eigen
--found a cut state by heuristic 0.24697671539348381 0.03630389256250281 
iteration: 908,  #states: 2014, valueb: 0.03630389256250281, activeness: 0.24697671539348381, primalobj: 0.9676921891913406, dualobj: -Inf
solve--
end solve-- RelaxOptimal OPTIMAL
 weights_sum: 1.0000000000000007
itereffortlevel: 0
--separating...
--find a better primal bound 0.12470782314991277 by Alternative descent Eigen
--found a cut state by heuristic 0.12470782314991277 0.014409610034842465 
iteration: 909,  #states: 2015, valueb: 0.014409610034842465, activeness: 0.12470782314991277, primalobj: 0.9676554748989261, dualobj: -Inf
solve--
end solve-- RelaxOptimal OPTIMAL
 weights_sum: 1.000000000000001
itereffortlevel: 0
--separating...
--find a better primal bound 0.16684188070342743 by Alternative descent Eigen
--found a cut state by heuristic 0.16684188070342743 0.009189640952997555 
iteration: 910,  #states: 2016, valueb: 0.009189640952997555, activeness: 0.16684188070342743, primalobj: 0.9676353777704736, dualobj: -Inf
solve--
end solve-- RelaxOptimal OPTIMAL
 weights_sum: 1.0000001032504586
itereffortlevel: 0
--separating...
--find a better primal bound 0.09720682426739936 by Alternative descent Eigen
--found a cut state by heuristic 0.09720682426739936 0.012495156821124894 
iteration: 911,  #states: 2017, valueb: 0.012495156821124894, activeness: 0.09720682426739936, primalobj: 0.9676119326804575, dualobj: -Inf
solve--
end solve-- RelaxOptimal OPTIMAL
 weights_sum: 1.000001666590839
itereffortlevel: 0
--separating...
--find a better primal bound 0.12514859234242165 by Alternative descent Eigen
--found a cut state by heuristic 0.12514859234242165 0.034118958466962 
iteration: 912,  #states: 2018, valueb: 0.034118958466962, activeness: 0.12514859234242165, primalobj: 0.9675988281867263, dualobj: -Inf
solve--
end solve-- RelaxOptimal OPTIMAL
 weights_sum: 0.9999999999999991
itereffortlevel: 0
--separating...
--find a better primal bound 0.1907074071720191 by Alternative descent Eigen
--found a cut state by heuristic 0.1907074071720191 0.02581945224450774 
iteration: 913,  #states: 2019, valueb: 0.02581945224450774, activeness: 0.1907074071720191, primalobj: 0.9675894778492886, dualobj: -Inf
solve--
end solve-- RelaxOptimal OPTIMAL
 weights_sum: 0.9999999999999992
itereffortlevel: 0
--separating...
--find a better primal bound 0.15386577623309403 by Alternative descent Eigen
--found a cut state by heuristic 0.15386577623309403 0.02575499694659389 
iteration: 914,  #states: 2020, valueb: 0.02575499694659389, activeness: 0.15386577623309403, primalobj: 0.9675495899844454, dualobj: -Inf
solve--
end solve-- RelaxOptimal OPTIMAL
 weights_sum: 1.0000000000000016
itereffortlevel: 0
--separating...
--find a better primal bound 0.17112438221695436 by Alternative descent Eigen
--found a cut state by heuristic 0.17112438221695436 0.028857909095035744 
iteration: 915,  #states: 2021, valueb: 0.028857909095035744, activeness: 0.17112438221695436, primalobj: 0.9675214521778777, dualobj: -Inf
solve--
end solve-- RelaxOptimal OPTIMAL
 weights_sum: 1.0000000000000004
itereffortlevel: 0
--separating...
--find a better primal bound 0.1705640574420143 by Alternative descent Eigen
--found a cut state by heuristic 0.1705640574420143 0.023229040000797608 
iteration: 916,  #states: 2022, valueb: 0.023229040000797608, activeness: 0.1705640574420143, primalobj: 0.9674880691075811, dualobj: -Inf
solve--
end solve-- RelaxOptimal OPTIMAL
 weights_sum: 1.0000000000000013
itereffortlevel: 0
--separating...
--find a better primal bound 0.1131111367949236 by Alternative descent Eigen
--found a cut state by heuristic 0.1131111367949236 0.023896876528318144 
iteration: 917,  #states: 2023, valueb: 0.023896876528318144, activeness: 0.1131111367949236, primalobj: 0.9674709097060576, dualobj: -Inf
solve--
end solve-- RelaxOptimal OPTIMAL
 weights_sum: 1.0000005799362532
itereffortlevel: 0
--separating...
--find a better primal bound 0.1172773847657893 by Alternative descent Eigen
--found a cut state by heuristic 0.1172773847657893 0.025174080775698507 
iteration: 918,  #states: 2024, valueb: 0.025174080775698507, activeness: 0.1172773847657893, primalobj: 0.9674486471571542, dualobj: -Inf
solve--
end solve-- RelaxOptimal OPTIMAL
 weights_sum: 1.0000000000000002
itereffortlevel: 0
--separating...
--find a better primal bound 0.09906843228595043 by Alternative descent Eigen
--found a cut state by heuristic 0.09906843228595043 0.036878139264698524 
iteration: 919,  #states: 2025, valueb: 0.036878139264698524, activeness: 0.09906843228595043, primalobj: 0.9674360803429394, dualobj: -Inf
solve--
end solve-- RelaxOptimal OPTIMAL
 weights_sum: 1.0000002261470877
itereffortlevel: 0
--separating...
--find a better primal bound 0.2513039324083287 by Alternative descent Eigen
--found a cut state by heuristic 0.2513039324083287 0.03889556795692066 
iteration: 920,  #states: 2026, valueb: 0.03889556795692066, activeness: 0.2513039324083287, primalobj: 0.967427945747956, dualobj: -Inf
solve--
end solve-- RelaxOptimal OPTIMAL
 weights_sum: 0.9999999999999991
itereffortlevel: 0
--separating...
--find a better primal bound 0.1246568578900748 by Alternative descent Eigen
--found a cut state by heuristic 0.1246568578900748 0.02284871928859614 
iteration: 921,  #states: 2027, valueb: 0.02284871928859614, activeness: 0.1246568578900748, primalobj: 0.9673803829558946, dualobj: -Inf
solve--
end solve-- RelaxOptimal OPTIMAL
 weights_sum: 1.0000010427007873
itereffortlevel: 0
--separating...
--find a better primal bound 0.15553102801088223 by Alternative descent Eigen
--found a cut state by heuristic 0.15553102801088223 0.024712245760086345 
iteration: 922,  #states: 2028, valueb: 0.024712245760086345, activeness: 0.15553102801088223, primalobj: 0.9673721802185786, dualobj: -Inf
solve--
end solve-- RelaxOptimal OPTIMAL
 weights_sum: 1.000000000000001
itereffortlevel: 0
--separating...
--find a better primal bound 0.12087882093559668 by Alternative descent Eigen
--found a cut state by heuristic 0.12087882093559668 0.0344398246266171 
iteration: 923,  #states: 2029, valueb: 0.0344398246266171, activeness: 0.12087882093559668, primalobj: 0.9673628136958021, dualobj: -Inf
solve--
end solve-- RelaxOptimal OPTIMAL
 weights_sum: 0.9999999999999986
itereffortlevel: 0
--separating...
--find a better primal bound 0.15289993866472779 by Alternative descent Eigen
--found a cut state by heuristic 0.15289993866472779 0.03281681688253471 
iteration: 924,  #states: 2030, valueb: 0.03281681688253471, activeness: 0.15289993866472779, primalobj: 0.9673464024577818, dualobj: -Inf
solve--
end solve-- RelaxOptimal OPTIMAL
 weights_sum: 1.0000002396584204
itereffortlevel: 0
--separating...
--find a better primal bound 0.12076359498386419 by Alternative descent Eigen
--found a cut state by heuristic 0.12076359498386419 0.06942909919360449 
iteration: 925,  #states: 2031, valueb: 0.06942909919360449, activeness: 0.12076359498386419, primalobj: 0.9673199286390992, dualobj: -Inf
solve--
end solve-- RelaxOptimal OPTIMAL
 weights_sum: 1.0000000000000004
itereffortlevel: 0
--separating...
--find a better primal bound 0.1550900467085123 by Alternative descent Eigen
--found a cut state by heuristic 0.1550900467085123 0.027577500511630212 
iteration: 926,  #states: 2032, valueb: 0.027577500511630212, activeness: 0.1550900467085123, primalobj: 0.9673052990597454, dualobj: -Inf
solve--
end solve-- RelaxOptimal OPTIMAL
 weights_sum: 0.9999999999999999
itereffortlevel: 0
--separating...
--find a better primal bound 0.13329667352247027 by Alternative descent Eigen
--found a cut state by heuristic 0.13329667352247027 0.02873007357504481 
iteration: 927,  #states: 2033, valueb: 0.02873007357504481, activeness: 0.13329667352247027, primalobj: 0.9672819954049003, dualobj: -Inf
solve--
end solve-- RelaxOptimal OPTIMAL
 weights_sum: 1.0000000000000004
itereffortlevel: 0
--separating...
--find a better primal bound 0.15071931411995249 by Alternative descent Eigen
--found a cut state by heuristic 0.15071931411995249 0.03426606894422216 
iteration: 928,  #states: 2034, valueb: 0.03426606894422216, activeness: 0.15071931411995249, primalobj: 0.9672629991174194, dualobj: -Inf
solve--
end solve-- RelaxOptimal OPTIMAL
 weights_sum: 1.0000000000000002
itereffortlevel: 0
--separating...
--find a better primal bound 0.17245085798986318 by Alternative descent Eigen
--found a cut state by heuristic 0.17245085798986318 0.038319263463655 
iteration: 929,  #states: 2035, valueb: 0.038319263463655, activeness: 0.17245085798986318, primalobj: 0.9672464549354951, dualobj: -Inf
solve--
end solve-- RelaxOptimal OPTIMAL
 weights_sum: 0.9999999999999987
itereffortlevel: 0
--separating...
--find a better primal bound 0.19425288708077354 by Alternative descent Eigen
--found a cut state by heuristic 0.19425288708077354 0.04500431854729171 
iteration: 930,  #states: 2036, valueb: 0.04500431854729171, activeness: 0.19425288708077354, primalobj: 0.9672198822311376, dualobj: -Inf
solve--
end solve-- RelaxOptimal OPTIMAL
 weights_sum: 1.0000000002138378
itereffortlevel: 0
--separating...
--find a better primal bound 0.08359208324510933 by Alternative descent Eigen
--found a cut state by heuristic 0.08359208324510933 0.017806340824583197 
iteration: 931,  #states: 2037, valueb: 0.017806340824583197, activeness: 0.08359208324510933, primalobj: 0.9671816931976545, dualobj: -Inf
solve--
end solve-- RelaxOptimal OPTIMAL
 weights_sum: 0.9999999999999992
itereffortlevel: 0
--separating...
--find a better primal bound 0.08788609771994096 by Alternative descent Eigen
--found a cut state by heuristic 0.08788609771994096 0.0188151031038079 
iteration: 932,  #states: 2038, valueb: 0.0188151031038079, activeness: 0.08788609771994096, primalobj: 0.96716377895143, dualobj: -Inf
solve--
end solve-- RelaxOptimal OPTIMAL
 weights_sum: 0.9999999999999996
itereffortlevel: 0
--separating...
--find a better primal bound 0.09462125772210957 by Alternative descent Eigen
--found a cut state by heuristic 0.09462125772210957 0.01909320686431701 
iteration: 933,  #states: 2039, valueb: 0.01909320686431701, activeness: 0.09462125772210957, primalobj: 0.9671506533211116, dualobj: -Inf
solve--
end solve-- RelaxOptimal OPTIMAL
 weights_sum: 1.0000000000000016
itereffortlevel: 0
--separating...
--find a better primal bound 0.13527001943779748 by Alternative descent Eigen
--found a cut state by heuristic 0.13527001943779748 0.026670855992735998 
iteration: 934,  #states: 2040, valueb: 0.026670855992735998, activeness: 0.13527001943779748, primalobj: 0.9671309028486998, dualobj: -Inf
solve--
end solve-- RelaxOptimal OPTIMAL
 weights_sum: 0.9999999999999996
itereffortlevel: 0
--separating...
--find a better primal bound 0.10119590121903262 by Alternative descent Eigen
--found a cut state by heuristic 0.10119590121903262 0.01655857738791124 
iteration: 935,  #states: 2041, valueb: 0.01655857738791124, activeness: 0.10119590121903262, primalobj: 0.9670968705844507, dualobj: -Inf
solve--
end solve-- RelaxOptimal OPTIMAL
 weights_sum: 1.0000011752594782
itereffortlevel: 0
--separating...
--find a better primal bound 0.21566027525439269 by Alternative descent Eigen
--found a cut state by heuristic 0.21566027525439269 0.04051820179853128 
iteration: 936,  #states: 2042, valueb: 0.04051820179853128, activeness: 0.21566027525439269, primalobj: 0.9670809846445478, dualobj: -Inf
solve--
end solve-- RelaxOptimal OPTIMAL
 weights_sum: 0.9999999999999997
itereffortlevel: 0
--separating...
--find a better primal bound 0.12552805877216117 by Alternative descent Eigen
--found a cut state by heuristic 0.12552805877216117 0.023001223970326685 
iteration: 937,  #states: 2043, valueb: 0.023001223970326685, activeness: 0.12552805877216117, primalobj: 0.9670607085292701, dualobj: -Inf
solve--
end solve-- RelaxOptimal OPTIMAL
 weights_sum: 0.9999999999999993
itereffortlevel: 0
--separating...
--find a better primal bound 0.13030783133224672 by Alternative descent Eigen
--found a cut state by heuristic 0.13030783133224672 0.03622133253026626 
iteration: 938,  #states: 2044, valueb: 0.03622133253026626, activeness: 0.13030783133224672, primalobj: 0.9670361657445625, dualobj: -Inf
solve--
end solve-- RelaxOptimal OPTIMAL
 weights_sum: 0.9999999999999984
itereffortlevel: 0
--separating...
--find a better primal bound 0.085118118562529 by Alternative descent Eigen
--found a cut state by heuristic 0.085118118562529 0.023025350377559928 
iteration: 939,  #states: 2045, valueb: 0.023025350377559928, activeness: 0.085118118562529, primalobj: 0.9670214428610131, dualobj: -Inf
solve--
end solve-- RelaxOptimal OPTIMAL
 weights_sum: 1.0000000000000009
itereffortlevel: 0
--separating...
--find a better primal bound 0.10605441360707815 by Alternative descent Eigen
--found a cut state by heuristic 0.10605441360707815 0.0416270647473446 
iteration: 940,  #states: 2046, valueb: 0.0416270647473446, activeness: 0.10605441360707815, primalobj: 0.9670132242563578, dualobj: -Inf
solve--
end solve-- RelaxOptimal OPTIMAL
 weights_sum: 1.0000000000000004
itereffortlevel: 0
--separating...
--find a better primal bound 0.15055843317897066 by Alternative descent Eigen
--found a cut state by heuristic 0.15055843317897066 0.033706728514036235 
iteration: 941,  #states: 2047, valueb: 0.033706728514036235, activeness: 0.15055843317897066, primalobj: 0.967007809663017, dualobj: -Inf
solve--
end solve-- RelaxOptimal OPTIMAL
 weights_sum: 1.0000000000000016
itereffortlevel: 0
--separating...
--find a better primal bound 0.17175192983412907 by Alternative descent Eigen
--found a cut state by heuristic 0.17175192983412907 0.03108929813635885 
iteration: 942,  #states: 2048, valueb: 0.03108929813635885, activeness: 0.17175192983412907, primalobj: 0.9669909675262913, dualobj: -Inf
solve--
end solve-- RelaxOptimal OPTIMAL
 weights_sum: 1.0000000000000002
itereffortlevel: 0
--separating...
--find a better primal bound 0.16276530504791725 by Alternative descent Eigen
--found a cut state by heuristic 0.16276530504791725 0.05595221753548619 
iteration: 943,  #states: 2049, valueb: 0.05595221753548619, activeness: 0.16276530504791725, primalobj: 0.9669661066970232, dualobj: -Inf
solve--
end solve-- RelaxOptimal OPTIMAL
 weights_sum: 0.9999999999999991
itereffortlevel: 0
--separating...
--find a better primal bound 0.13743139900685952 by Alternative descent Eigen
--found a cut state by heuristic 0.13743139900685952 0.04555575204755835 
iteration: 944,  #states: 2050, valueb: 0.04555575204755835, activeness: 0.13743139900685952, primalobj: 0.9669469279280949, dualobj: -Inf
solve--
end solve-- RelaxOptimal OPTIMAL
 weights_sum: 1.0
itereffortlevel: 0
--separating...
--find a better primal bound 0.11106189203203223 by Alternative descent Eigen
--found a cut state by heuristic 0.11106189203203223 0.059142750756834776 
iteration: 945,  #states: 2051, valueb: 0.059142750756834776, activeness: 0.11106189203203223, primalobj: 0.96693468743442, dualobj: -Inf
solve--
end solve-- RelaxOptimal OPTIMAL
 weights_sum: 1.0000000000000009
itereffortlevel: 0
--separating...
--find a better primal bound 0.20859063881640252 by Alternative descent Eigen
--found a cut state by heuristic 0.20859063881640252 0.057648353654581465 
iteration: 946,  #states: 2052, valueb: 0.057648353654581465, activeness: 0.20859063881640252, primalobj: 0.9669255392804239, dualobj: -Inf
solve--
end solve-- RelaxOptimal OPTIMAL
 weights_sum: 0.9999999999999992
itereffortlevel: 0
--separating...
--find a better primal bound 0.13186023732467797 by Alternative descent Eigen
--found a cut state by heuristic 0.13186023732467797 0.05419600951632414 
iteration: 947,  #states: 2053, valueb: 0.05419600951632414, activeness: 0.13186023732467797, primalobj: 0.9668967086738404, dualobj: -Inf
solve--
end solve-- RelaxOptimal OPTIMAL
 weights_sum: 0.9999999999999992
itereffortlevel: 0
--separating...
--find a better primal bound 0.13880344449586968 by Alternative descent Eigen
--found a cut state by heuristic 0.13880344449586968 0.05297341673725573 
iteration: 948,  #states: 2054, valueb: 0.05297341673725573, activeness: 0.13880344449586968, primalobj: 0.9668857148920712, dualobj: -Inf
solve--
end solve-- RelaxOptimal OPTIMAL
 weights_sum: 1.0000000000000009
itereffortlevel: 0
--separating...
--find a better primal bound 0.15186115837807046 by Alternative descent Eigen
--found a cut state by heuristic 0.15186115837807046 0.047908788789129034 
iteration: 949,  #states: 2055, valueb: 0.047908788789129034, activeness: 0.15186115837807046, primalobj: 0.9668739322567073, dualobj: -Inf
solve--
end solve-- RelaxOptimal OPTIMAL
 weights_sum: 1.0000000000000004
itereffortlevel: 0
--separating...
--find a better primal bound 0.143557431640375 by Alternative descent Eigen
--found a cut state by heuristic 0.143557431640375 0.0482885735376144 
iteration: 950,  #states: 2056, valueb: 0.0482885735376144, activeness: 0.143557431640375, primalobj: 0.9668549104874012, dualobj: -Inf
solve--
end solve-- RelaxOptimal OPTIMAL
 weights_sum: 1.0000000000000002
itereffortlevel: 0
--separating...
--find a better primal bound 0.1719900914367289 by Alternative descent Eigen
--found a cut state by heuristic 0.1719900914367289 0.055354291330822904 
iteration: 951,  #states: 2057, valueb: 0.055354291330822904, activeness: 0.1719900914367289, primalobj: 0.966845530645384, dualobj: -Inf
solve--
end solve-- RelaxOptimal OPTIMAL
 weights_sum: 1.0
itereffortlevel: 0
--separating...
--find a better primal bound 0.17161274585189923 by Alternative descent Eigen
--found a cut state by heuristic 0.17161274585189923 0.06064104605907687 
iteration: 952,  #states: 2058, valueb: 0.06064104605907687, activeness: 0.17161274585189923, primalobj: 0.9668188978031957, dualobj: -Inf
solve--
end solve-- RelaxOptimal OPTIMAL
 weights_sum: 1.0
itereffortlevel: 0
--separating...
--find a better primal bound 0.21202500985237485 by Alternative descent Eigen
--found a cut state by heuristic 0.21202500985237485 0.0610837171046006 
iteration: 953,  #states: 2059, valueb: 0.0610837171046006, activeness: 0.21202500985237485, primalobj: 0.9667984272774687, dualobj: -Inf
solve--
end solve-- RelaxOptimal OPTIMAL
 weights_sum: 1.0000000000000016
itereffortlevel: 0
--separating...
--find a better primal bound 0.12550633790492546 by Alternative descent Eigen
--found a cut state by heuristic 0.12550633790492546 0.05540070404170719 
iteration: 954,  #states: 2060, valueb: 0.05540070404170719, activeness: 0.12550633790492546, primalobj: 0.966775634744521, dualobj: -Inf
solve--
end solve-- RelaxOptimal OPTIMAL
 weights_sum: 0.9999999999999997
itereffortlevel: 0
--separating...
--find a better primal bound 0.14766887542535634 by Alternative descent Eigen
--found a cut state by heuristic 0.14766887542535634 0.04694604442620483 
iteration: 955,  #states: 2061, valueb: 0.04694604442620483, activeness: 0.14766887542535634, primalobj: 0.9667653223844557, dualobj: -Inf
solve--
end solve-- RelaxOptimal OPTIMAL
 weights_sum: 1.0000000000000018
itereffortlevel: 0
--separating...
--find a better primal bound 0.1610355976321533 by Alternative descent Eigen
--found a cut state by heuristic 0.1610355976321533 0.025513812932418275 
iteration: 956,  #states: 2062, valueb: 0.025513812932418275, activeness: 0.1610355976321533, primalobj: 0.9667495471635992, dualobj: -Inf
solve--
end solve-- RelaxOptimal OPTIMAL
 weights_sum: 1.0
itereffortlevel: 0
--separating...
--find a better primal bound 0.10136996622838007 by Alternative descent Eigen
--found a cut state by heuristic 0.10136996622838007 0.007077400971765567 
iteration: 957,  #states: 2063, valueb: 0.007077400971765567, activeness: 0.10136996622838007, primalobj: 0.9667211500029884, dualobj: -Inf
solve--
end solve-- RelaxOptimal OPTIMAL
 weights_sum: 0.9999999999999996
itereffortlevel: 0
--separating...
--find a better primal bound 0.12500800720828298 by Alternative descent Eigen
--found a cut state by heuristic 0.12500800720828298 0.02531520475446087 
iteration: 958,  #states: 2064, valueb: 0.02531520475446087, activeness: 0.12500800720828298, primalobj: 0.9667057335585727, dualobj: -Inf
solve--
end solve-- RelaxOptimal OPTIMAL
 weights_sum: 0.9999999999999997
itereffortlevel: 0
--separating...
--find a better primal bound 0.16917495387076742 by Alternative descent Eigen
--found a cut state by heuristic 0.16917495387076742 0.04302543575221383 
iteration: 959,  #states: 2065, valueb: 0.04302543575221383, activeness: 0.16917495387076742, primalobj: 0.9666912355355711, dualobj: -Inf
solve--
end solve-- RelaxOptimal OPTIMAL
 weights_sum: 1.0000000000000002
itereffortlevel: 0
--separating...
--find a better primal bound 0.03543503787598824 by Alternative descent Eigen
--found a cut state by heuristic 0.03543503787598824 0.011848498417389802 
iteration: 960,  #states: 2066, valueb: 0.011848498417389802, activeness: 0.03543503787598824, primalobj: 0.9666760863502587, dualobj: -Inf
solve--
end solve-- RelaxOptimal OPTIMAL
 weights_sum: 0.9999999999999986
itereffortlevel: 0
--separating...
--find a better primal bound 0.132619183257983 by Alternative descent Eigen
--found a cut state by heuristic 0.132619183257983 0.005382984530139009 
iteration: 961,  #states: 2067, valueb: 0.005382984530139009, activeness: 0.132619183257983, primalobj: 0.9666736220206463, dualobj: -Inf
solve--
end solve-- RelaxOptimal OPTIMAL
 weights_sum: 1.0000000000000013
itereffortlevel: 0
--separating...
--find a better primal bound 0.12605847799690764 by Alternative descent Eigen
--found a cut state by heuristic 0.12605847799690764 0.0299940491497475 
iteration: 962,  #states: 2068, valueb: 0.0299940491497475, activeness: 0.12605847799690764, primalobj: 0.9666561382423652, dualobj: -Inf
solve--
end solve-- RelaxOptimal OPTIMAL
 weights_sum: 1.0000000000000004
itereffortlevel: 0
--separating...
--find a better primal bound 0.10449204161501163 by Alternative descent Eigen
--found a cut state by heuristic 0.10449204161501163 0.0030354383088896375 
iteration: 963,  #states: 2069, valueb: 0.0030354383088896375, activeness: 0.10449204161501163, primalobj: 0.9666430128350567, dualobj: -Inf
solve--
end solve-- RelaxOptimal OPTIMAL
 weights_sum: 1.0000000000000004
itereffortlevel: 0
--separating...
--find a better primal bound 0.1072032362050094 by Alternative descent Eigen
--found a cut state by heuristic 0.1072032362050094 0.020408916599649874 
iteration: 964,  #states: 2070, valueb: 0.020408916599649874, activeness: 0.1072032362050094, primalobj: 0.96662456011513, dualobj: -Inf
solve--
end solve-- RelaxOptimal OPTIMAL
 weights_sum: 1.0000000000000004
itereffortlevel: 0
--separating...
--find a better primal bound 0.09553216340288742 by Alternative descent Eigen
--found a cut state by heuristic 0.09553216340288742 0.007564556930357291 
iteration: 965,  #states: 2071, valueb: 0.007564556930357291, activeness: 0.09553216340288742, primalobj: 0.966613991848362, dualobj: -Inf
solve--
end solve-- RelaxOptimal OPTIMAL
 weights_sum: 0.9999999999999996
itereffortlevel: 0
--separating...
--find a better primal bound 0.11831458182672122 by Alternative descent Eigen
--found a cut state by heuristic 0.11831458182672122 0.03944790381444001 
iteration: 966,  #states: 2072, valueb: 0.03944790381444001, activeness: 0.11831458182672122, primalobj: 0.966588897265432, dualobj: -Inf
solve--
end solve-- RelaxOptimal OPTIMAL
 weights_sum: 1.0000000193761684
itereffortlevel: 0
--separating...
--find a better primal bound 0.08906683472240065 by Alternative descent Eigen
--found a cut state by heuristic 0.08906683472240065 0.008639661940558123 
iteration: 967,  #states: 2073, valueb: 0.008639661940558123, activeness: 0.08906683472240065, primalobj: 0.9665782950348872, dualobj: -Inf
solve--
end solve-- RelaxOptimal OPTIMAL
 weights_sum: 0.9999999999999984
itereffortlevel: 0
--separating...
--find a better primal bound 0.11943363045548869 by Alternative descent Eigen
--found a cut state by heuristic 0.11943363045548869 0.004802282058660589 
iteration: 968,  #states: 2074, valueb: 0.004802282058660589, activeness: 0.11943363045548869, primalobj: 0.966571375485973, dualobj: -Inf
solve--
end solve-- RelaxOptimal OPTIMAL
 weights_sum: 1.000000000000001
itereffortlevel: 0
--separating...
--find a better primal bound 0.11313269987926071 by Alternative descent Eigen
--found a cut state by heuristic 0.11313269987926071 0.00805140854588711 
iteration: 969,  #states: 2075, valueb: 0.00805140854588711, activeness: 0.11313269987926071, primalobj: 0.9665633744218346, dualobj: -Inf
solve--
end solve-- RelaxOptimal OPTIMAL
 weights_sum: 1.0000000000000009
itereffortlevel: 0
--separating...
--find a better primal bound 0.1303313959274317 by Alternative descent Eigen
--found a cut state by heuristic 0.1303313959274317 0.016759200861968384 
iteration: 970,  #states: 2076, valueb: 0.016759200861968384, activeness: 0.1303313959274317, primalobj: 0.9665516693885808, dualobj: -Inf
solve--
end solve-- RelaxOptimal OPTIMAL
 weights_sum: 0.9999999999999992
itereffortlevel: 0
--separating...
--find a better primal bound 0.07758612403266482 by Alternative descent Eigen
--found a cut state by heuristic 0.07758612403266482 0.01527667877340334 
iteration: 971,  #states: 2077, valueb: 0.01527667877340334, activeness: 0.07758612403266482, primalobj: 0.9665342799383461, dualobj: -Inf
solve--
end solve-- RelaxOptimal OPTIMAL
 weights_sum: 1.0000028911466627
itereffortlevel: 0
--separating...
--find a better primal bound 0.17709841356104333 by Alternative descent Eigen
--found a cut state by heuristic 0.17709841356104333 0.029733791482773685 
iteration: 972,  #states: 2078, valueb: 0.029733791482773685, activeness: 0.17709841356104333, primalobj: 0.9665253931853348, dualobj: -Inf
solve--
end solve-- RelaxOptimal OPTIMAL
 weights_sum: 1.0000000000000002
itereffortlevel: 0
--separating...
--find a better primal bound 0.12116190756636966 by Alternative descent Eigen
--found a cut state by heuristic 0.12116190756636966 0.03579355423645391 
iteration: 973,  #states: 2079, valueb: 0.03579355423645391, activeness: 0.12116190756636966, primalobj: 0.9665117892027817, dualobj: -Inf
solve--
end solve-- RelaxOptimal OPTIMAL
 weights_sum: 0.9999999999999996
itereffortlevel: 0
--separating...
--find a better primal bound 0.12125122267938956 by Alternative descent Eigen
--found a cut state by heuristic 0.12125122267938956 0.023535059089490454 
iteration: 974,  #states: 2080, valueb: 0.023535059089490454, activeness: 0.12125122267938956, primalobj: 0.9665035476226457, dualobj: -Inf
solve--
end solve-- RelaxOptimal OPTIMAL
 weights_sum: 0.9999999999999992
itereffortlevel: 0
--separating...
--find a better primal bound 0.13739168356338 by Alternative descent Eigen
--found a cut state by heuristic 0.13739168356338 0.04023243850633197 
iteration: 975,  #states: 2081, valueb: 0.04023243850633197, activeness: 0.13739168356338, primalobj: 0.9664847838823469, dualobj: -Inf
solve--
end solve-- RelaxOptimal OPTIMAL
 weights_sum: 1.0000000288808488
itereffortlevel: 0
--separating...
--find a better primal bound 0.20548841194930606 by Alternative descent Eigen
--found a cut state by heuristic 0.20548841194930606 0.07832623773122625 
iteration: 976,  #states: 2082, valueb: 0.07832623773122625, activeness: 0.20548841194930606, primalobj: 0.9664691983593126, dualobj: -Inf
solve--
end solve-- RelaxOptimal OPTIMAL
 weights_sum: 1.0
itereffortlevel: 0
--separating...
--find a better primal bound 0.13127316795930888 by Alternative descent Eigen
--found a cut state by heuristic 0.13127316795930888 0.012184048118916338 
iteration: 977,  #states: 2083, valueb: 0.012184048118916338, activeness: 0.13127316795930888, primalobj: 0.9664427553599475, dualobj: -Inf
solve--
end solve-- RelaxOptimal OPTIMAL
 weights_sum: 0.9999999999999993
itereffortlevel: 0
--separating...
--find a better primal bound 0.18887100505404625 by Alternative descent Eigen
--found a cut state by heuristic 0.18887100505404625 0.06296588109996143 
iteration: 978,  #states: 2084, valueb: 0.06296588109996143, activeness: 0.18887100505404625, primalobj: 0.9664226433323291, dualobj: -Inf
solve--
end solve-- RelaxOptimal OPTIMAL
 weights_sum: 0.9999999999999997
itereffortlevel: 0
--separating...
--find a better primal bound 0.1846945155880048 by Alternative descent Eigen
--found a cut state by heuristic 0.1846945155880048 0.042987363963074496 
iteration: 979,  #states: 2085, valueb: 0.042987363963074496, activeness: 0.1846945155880048, primalobj: 0.9663915724855983, dualobj: -Inf
solve--
end solve-- RelaxOptimal OPTIMAL
 weights_sum: 0.9999999999999999
itereffortlevel: 0
--separating...
--find a better primal bound 0.13366873912962934 by Alternative descent Eigen
--found a cut state by heuristic 0.13366873912962934 0.03654087565148012 
iteration: 980,  #states: 2086, valueb: 0.03654087565148012, activeness: 0.13366873912962934, primalobj: 0.9663694686875302, dualobj: -Inf
solve--
end solve-- RelaxOptimal OPTIMAL
 weights_sum: 0.9999999999999989
itereffortlevel: 0
--separating...
--find a better primal bound 0.15847784202852308 by Alternative descent Eigen
--found a cut state by heuristic 0.15847784202852308 0.025677051026521253 
iteration: 981,  #states: 2087, valueb: 0.025677051026521253, activeness: 0.15847784202852308, primalobj: 0.9663590011365909, dualobj: -Inf
solve--
end solve-- RelaxOptimal OPTIMAL
 weights_sum: 0.9999999999999993
itereffortlevel: 0
--separating...
--find a better primal bound 0.15586813987852216 by Alternative descent Eigen
--found a cut state by heuristic 0.15586813987852216 0.034149013683658795 
iteration: 982,  #states: 2088, valueb: 0.034149013683658795, activeness: 0.15586813987852216, primalobj: 0.9663351548818117, dualobj: -Inf
solve--
end solve-- RelaxOptimal OPTIMAL
 weights_sum: 0.9999999999999991
itereffortlevel: 0
--separating...
--find a better primal bound 0.07451367032651732 by Alternative descent Eigen
--found a cut state by heuristic 0.07451367032651732 0.020794985944375035 
iteration: 983,  #states: 2089, valueb: 0.020794985944375035, activeness: 0.07451367032651732, primalobj: 0.9663035133630591, dualobj: -Inf
solve--
end solve-- RelaxOptimal OPTIMAL
 weights_sum: 1.0000000000000009
itereffortlevel: 0
--separating...
--find a better primal bound 0.14326735233889065 by Alternative descent Eigen
--found a cut state by heuristic 0.14326735233889065 0.02969670607165023 
iteration: 984,  #states: 2090, valueb: 0.02969670607165023, activeness: 0.14326735233889065, primalobj: 0.9662897773317213, dualobj: -Inf
solve--
end solve-- RelaxOptimal OPTIMAL
 weights_sum: 1.0000000000000002
itereffortlevel: 0
--separating...
--find a better primal bound 0.1106628791277782 by Alternative descent Eigen
--found a cut state by heuristic 0.1106628791277782 0.020491741198799096 
iteration: 985,  #states: 2091, valueb: 0.020491741198799096, activeness: 0.1106628791277782, primalobj: 0.9662553162137871, dualobj: -Inf
solve--
end solve-- RelaxOptimal OPTIMAL
 weights_sum: 1.0000000000000022
itereffortlevel: 0
--separating...
--find a better primal bound 0.18045543730359515 by Alternative descent Eigen
--found a cut state by heuristic 0.18045543730359515 0.02456204026741668 
iteration: 986,  #states: 2092, valueb: 0.02456204026741668, activeness: 0.18045543730359515, primalobj: 0.9662356642838336, dualobj: -Inf
solve--
end solve-- RelaxOptimal OPTIMAL
 weights_sum: 1.0000006171793598
itereffortlevel: 0
--separating...
--find a better primal bound 0.1364848150085723 by Alternative descent Eigen
--found a cut state by heuristic 0.1364848150085723 0.007288355021748455 
iteration: 987,  #states: 2093, valueb: 0.007288355021748455, activeness: 0.1364848150085723, primalobj: 0.9661871526594782, dualobj: -Inf
solve--
end solve-- RelaxOptimal OPTIMAL
 weights_sum: 0.9999999999999999
itereffortlevel: 0
--separating...
--find a better primal bound 0.2292863841674299 by Alternative descent Eigen
--found a cut state by heuristic 0.2292863841674299 0.06514120609917666 
iteration: 988,  #states: 2094, valueb: 0.06514120609917666, activeness: 0.2292863841674299, primalobj: 0.9661629554193485, dualobj: -Inf
solve--
end solve-- RelaxOptimal OPTIMAL
 weights_sum: 1.0000001512280285
itereffortlevel: 0
--separating...
--find a better primal bound 0.19261702271146094 by Alternative descent Eigen
--found a cut state by heuristic 0.19261702271146094 0.07062510728047196 
iteration: 989,  #states: 2095, valueb: 0.07062510728047196, activeness: 0.19261702271146094, primalobj: 0.9661246262965879, dualobj: -Inf
solve--
end solve-- RelaxOptimal OPTIMAL
 weights_sum: 1.0
itereffortlevel: 0
--separating...
--find a better primal bound 0.15285708912461088 by Alternative descent Eigen
--found a cut state by heuristic 0.15285708912461088 0.042421425850061686 
iteration: 990,  #states: 2096, valueb: 0.042421425850061686, activeness: 0.15285708912461088, primalobj: 0.9661078256092822, dualobj: -Inf
solve--
end solve-- RelaxOptimal OPTIMAL
 weights_sum: 1.0000000000000009
itereffortlevel: 0
--separating...
--find a better primal bound 0.16506377880817624 by Alternative descent Eigen
--found a cut state by heuristic 0.16506377880817624 0.050792753183222766 
iteration: 991,  #states: 2097, valueb: 0.050792753183222766, activeness: 0.16506377880817624, primalobj: 0.9660772302344309, dualobj: -Inf
solve--
end solve-- RelaxOptimal OPTIMAL
 weights_sum: 0.9999999999999996
itereffortlevel: 0
--separating...
--find a better primal bound 0.07012476264258363 by Alternative descent Eigen
--found a cut state by heuristic 0.07012476264258363 0.0019616624645445576 
iteration: 992,  #states: 2098, valueb: 0.0019616624645445576, activeness: 0.07012476264258363, primalobj: 0.9660418503510048, dualobj: -Inf
solve--
end solve-- RelaxOptimal OPTIMAL
 weights_sum: 1.0000005211019147
itereffortlevel: 0
--separating...
--find a better primal bound 0.11788471929112712 by Alternative descent Eigen
--found a cut state by heuristic 0.11788471929112712 0.01200371872053947 
iteration: 993,  #states: 2099, valueb: 0.01200371872053947, activeness: 0.11788471929112712, primalobj: 0.9660315495055876, dualobj: -Inf
solve--
end solve-- RelaxOptimal OPTIMAL
 weights_sum: 0.9999999999999999
itereffortlevel: 0
--separating...
--find a better primal bound 0.1120736073554513 by Alternative descent Eigen
--found a cut state by heuristic 0.1120736073554513 0.0069626350000846614 
iteration: 994,  #states: 2100, valueb: 0.0069626350000846614, activeness: 0.1120736073554513, primalobj: 0.9660198403411598, dualobj: -Inf
solve--
end solve-- RelaxOptimal OPTIMAL
 weights_sum: 0.9999999999999998
itereffortlevel: 0
--separating...
--find a better primal bound 0.17960667435978697 by Alternative descent Eigen
--found a cut state by heuristic 0.17960667435978697 0.046265753488122494 
iteration: 995,  #states: 2101, valueb: 0.046265753488122494, activeness: 0.17960667435978697, primalobj: 0.9660086727436007, dualobj: -Inf
solve--
end solve-- RelaxOptimal OPTIMAL
 weights_sum: 1.0000000000000004
itereffortlevel: 0
--separating...
--find a better primal bound 0.14256091435611 by Alternative descent Eigen
--found a cut state by heuristic 0.14256091435611 0.036287854260271736 
iteration: 996,  #states: 2102, valueb: 0.036287854260271736, activeness: 0.14256091435611, primalobj: 0.9659891766797322, dualobj: -Inf
solve--
end solve-- RelaxOptimal OPTIMAL
 weights_sum: 1.0000000000000004
itereffortlevel: 0
--separating...
--find a better primal bound 0.13951179917904766 by Alternative descent Eigen
--found a cut state by heuristic 0.13951179917904766 0.04715295539706124 
iteration: 997,  #states: 2103, valueb: 0.04715295539706124, activeness: 0.13951179917904766, primalobj: 0.9659642035845079, dualobj: -Inf
solve--
end solve-- RelaxOptimal OPTIMAL
 weights_sum: 1.0000000000000002
itereffortlevel: 0
--separating...
--find a better primal bound 0.12251065261495689 by Alternative descent Eigen
--found a cut state by heuristic 0.12251065261495689 0.04871418316023382 
iteration: 998,  #states: 2104, valueb: 0.04871418316023382, activeness: 0.12251065261495689, primalobj: 0.965940501847325, dualobj: -Inf
solve--
end solve-- RelaxOptimal OPTIMAL
 weights_sum: 1.0
itereffortlevel: 0
--separating...
--find a better primal bound 0.1815757168695995 by Alternative descent Eigen
--found a cut state by heuristic 0.1815757168695995 0.04243231736435216 
iteration: 999,  #states: 2105, valueb: 0.04243231736435216, activeness: 0.1815757168695995, primalobj: 0.9659320717528941, dualobj: -Inf
solve--
end solve-- RelaxOptimal OPTIMAL
 weights_sum: 1.0000000000000004
itereffortlevel: 0
--separating...
--find a better primal bound 0.13001873743761547 by Alternative descent Eigen
--found a cut state by heuristic 0.13001873743761547 0.03535838348392529 
iteration: 1000,  #states: 2106, valueb: 0.03535838348392529, activeness: 0.13001873743761547, primalobj: 0.9659114786478495, dualobj: -Inf
solve--
end solve-- RelaxOptimal OPTIMAL
 weights_sum: 1.000000000000001
itereffortlevel: 0
--separating...
--find a better primal bound 0.13886614777578718 by Alternative descent Eigen
--found a cut state by heuristic 0.13886614777578718 0.04075172007052559 
iteration: 1001,  #states: 2107, valueb: 0.04075172007052559, activeness: 0.13886614777578718, primalobj: 0.9658907771750642, dualobj: -Inf
solve--
end solve-- RelaxOptimal OPTIMAL
 weights_sum: 0.9999999999999996
itereffortlevel: 0
--separating...
--find a better primal bound 0.12572899978829855 by Alternative descent Eigen
--found a cut state by heuristic 0.12572899978829855 0.05091353828514211 
iteration: 1002,  #states: 2108, valueb: 0.05091353828514211, activeness: 0.12572899978829855, primalobj: 0.9658765349094157, dualobj: -Inf
solve--
end solve-- RelaxOptimal OPTIMAL
 weights_sum: 0.9999999999999998
itereffortlevel: 0
--separating...
--find a better primal bound 0.1348620970214756 by Alternative descent Eigen
--found a cut state by heuristic 0.1348620970214756 0.034848529703102246 
iteration: 1003,  #states: 2109, valueb: 0.034848529703102246, activeness: 0.1348620970214756, primalobj: 0.9658657117509061, dualobj: -Inf
solve--
end solve-- RelaxOptimal OPTIMAL
 weights_sum: 0.9999999999999999
itereffortlevel: 0
--separating...
--find a better primal bound 0.11541462789947868 by Alternative descent Eigen
--found a cut state by heuristic 0.11541462789947868 0.03501894602187953 
iteration: 1004,  #states: 2110, valueb: 0.03501894602187953, activeness: 0.11541462789947868, primalobj: 0.9658548032525373, dualobj: -Inf
solve--
end solve-- RelaxOptimal OPTIMAL
 weights_sum: 1.0000000000000004
itereffortlevel: 0
--separating...
--find a better primal bound 0.10912354097941779 by Alternative descent Eigen
--found a cut state by heuristic 0.10912354097941779 0.0506181709638424 
iteration: 1005,  #states: 2111, valueb: 0.0506181709638424, activeness: 0.10912354097941779, primalobj: 0.965844877414876, dualobj: -Inf
solve--
end solve-- RelaxOptimal OPTIMAL
 weights_sum: 0.999999999999999
itereffortlevel: 0
--separating...
--find a better primal bound 0.14503556751667582 by Alternative descent Eigen
--found a cut state by heuristic 0.14503556751667582 0.038154346265567025 
iteration: 1006,  #states: 2112, valueb: 0.038154346265567025, activeness: 0.14503556751667582, primalobj: 0.9658381092815993, dualobj: -Inf
solve--
end solve-- RelaxOptimal OPTIMAL
 weights_sum: 0.9999999999999993
itereffortlevel: 0
--separating...
--find a better primal bound 0.16463472061435258 by Alternative descent Eigen
--found a cut state by heuristic 0.16463472061435258 0.03209603643626019 
iteration: 1007,  #states: 2113, valueb: 0.03209603643626019, activeness: 0.16463472061435258, primalobj: 0.9658206733988011, dualobj: -Inf
solve--
end solve-- RelaxOptimal OPTIMAL
 weights_sum: 0.9999999999999993
itereffortlevel: 0
--separating...
--find a better primal bound 0.1536814412698503 by Alternative descent Eigen
--found a cut state by heuristic 0.1536814412698503 0.03494224104057615 
iteration: 1008,  #states: 2114, valueb: 0.03494224104057615, activeness: 0.1536814412698503, primalobj: 0.9658084870442263, dualobj: -Inf
solve--
end solve-- RelaxOptimal OPTIMAL
 weights_sum: 1.000000280961122
itereffortlevel: 0
--separating...
--find a better primal bound 0.16976493659776348 by Alternative descent Eigen
--found a cut state by heuristic 0.16976493659776348 0.03533951139501348 
iteration: 1009,  #states: 2115, valueb: 0.03533951139501348, activeness: 0.16976493659776348, primalobj: 0.9657766726114456, dualobj: -Inf
solve--
end solve-- RelaxOptimal OPTIMAL
 weights_sum: 0.9999999999999979
itereffortlevel: 0
--separating...
--find a better primal bound 0.1266718445327178 by Alternative descent Eigen
--found a cut state by heuristic 0.1266718445327178 0.04578104219158053 
iteration: 1010,  #states: 2116, valueb: 0.04578104219158053, activeness: 0.1266718445327178, primalobj: 0.9657561296366183, dualobj: -Inf
solve--
end solve-- RelaxOptimal OPTIMAL
 weights_sum: 0.9999999999999988
itereffortlevel: 0
--separating...
--find a better primal bound 0.201633408534343 by Alternative descent Eigen
--found a cut state by heuristic 0.201633408534343 0.06256597029275389 
iteration: 1011,  #states: 2117, valueb: 0.06256597029275389, activeness: 0.201633408534343, primalobj: 0.9657445170610368, dualobj: -Inf
solve--
end solve-- RelaxOptimal OPTIMAL
 weights_sum: 1.0000000000000007
itereffortlevel: 0
--separating...
--find a better primal bound 0.10758293670709079 by Alternative descent Eigen
--found a cut state by heuristic 0.10758293670709079 0.051731974695811464 
iteration: 1012,  #states: 2118, valueb: 0.051731974695811464, activeness: 0.10758293670709079, primalobj: 0.9657183831327147, dualobj: -Inf
solve--
end solve-- RelaxOptimal OPTIMAL
 weights_sum: 1.0
itereffortlevel: 0
--separating...
--find a better primal bound 0.13585616396430542 by Alternative descent Eigen
--found a cut state by heuristic 0.13585616396430542 0.05000290879202054 
iteration: 1013,  #states: 2119, valueb: 0.05000290879202054, activeness: 0.13585616396430542, primalobj: 0.9657135350477788, dualobj: -Inf
solve--
end solve-- RelaxOptimal OPTIMAL
 weights_sum: 0.9999999999999999
itereffortlevel: 0
--separating...
--find a better primal bound 0.11568976162333797 by Alternative descent Eigen
--found a cut state by heuristic 0.11568976162333797 0.04209694949594184 
iteration: 1014,  #states: 2120, valueb: 0.04209694949594184, activeness: 0.11568976162333797, primalobj: 0.9657034139084382, dualobj: -Inf
solve--
end solve-- RelaxOptimal OPTIMAL
 weights_sum: 0.9999999999999998
itereffortlevel: 0
--separating...
--find a better primal bound 0.16763592826554882 by Alternative descent Eigen
--found a cut state by heuristic 0.16763592826554882 0.04634449249267547 
iteration: 1015,  #states: 2121, valueb: 0.04634449249267547, activeness: 0.16763592826554882, primalobj: 0.965694702459243, dualobj: -Inf
solve--
end solve-- RelaxOptimal OPTIMAL
 weights_sum: 0.9999999999999986
itereffortlevel: 0
--separating...
--find a better primal bound 0.12157659426589917 by Alternative descent Eigen
--found a cut state by heuristic 0.12157659426589917 0.02157840058337519 
iteration: 1016,  #states: 2122, valueb: 0.02157840058337519, activeness: 0.12157659426589917, primalobj: 0.9656794622527329, dualobj: -Inf
solve--
end solve-- RelaxOptimal OPTIMAL
 weights_sum: 0.9999999999999998
itereffortlevel: 0
--separating...
--find a better primal bound 0.08193239227451313 by Alternative descent Eigen
--found a cut state by heuristic 0.08193239227451313 0.02285058542822375 
iteration: 1017,  #states: 2123, valueb: 0.02285058542822375, activeness: 0.08193239227451313, primalobj: 0.9656672715232976, dualobj: -Inf
solve--
end solve-- RelaxOptimal OPTIMAL
 weights_sum: 1.0000018157818804
itereffortlevel: 0
--separating...
--find a better primal bound 0.08899379924169269 by Alternative descent Eigen
--found a cut state by heuristic 0.08899379924169269 0.0636182748032387 
iteration: 1018,  #states: 2124, valueb: 0.0636182748032387, activeness: 0.08899379924169269, primalobj: 0.9656618832482721, dualobj: -Inf
solve--
end solve-- RelaxOptimal OPTIMAL
 weights_sum: 1.0000000000000009
itereffortlevel: 0
--separating...
--find a better primal bound 0.15745850987039348 by Alternative descent Eigen
--found a cut state by heuristic 0.15745850987039348 0.06817389359817723 
iteration: 1019,  #states: 2125, valueb: 0.06817389359817723, activeness: 0.15745850987039348, primalobj: 0.9656595804187914, dualobj: -Inf
solve--
end solve-- RelaxOptimal OPTIMAL
 weights_sum: 1.0000000000000002
itereffortlevel: 0
--separating...
--find a better primal bound 0.16505324225865065 by Alternative descent Eigen
--found a cut state by heuristic 0.16505324225865065 0.013420114153781963 
iteration: 1020,  #states: 2126, valueb: 0.013420114153781963, activeness: 0.16505324225865065, primalobj: 0.9656427312569906, dualobj: -Inf
solve--
end solve-- RelaxOptimal OPTIMAL
 weights_sum: 1.0000000000000007
itereffortlevel: 0
--separating...
--find a better primal bound 0.09889448879106041 by Alternative descent Eigen
--found a cut state by heuristic 0.09889448879106041 0.024297942797229303 
iteration: 1021,  #states: 2127, valueb: 0.024297942797229303, activeness: 0.09889448879106041, primalobj: 0.9656332485421558, dualobj: -Inf
solve--
end solve-- RelaxOptimal OPTIMAL
 weights_sum: 1.0000000000000004
itereffortlevel: 0
--separating...
--find a better primal bound 0.15669500210860643 by Alternative descent Eigen
--found a cut state by heuristic 0.15669500210860643 0.024004198264723865 
iteration: 1022,  #states: 2128, valueb: 0.024004198264723865, activeness: 0.15669500210860643, primalobj: 0.9656239224009422, dualobj: -Inf
solve--
end solve-- RelaxOptimal OPTIMAL
 weights_sum: 0.9999999999999996
itereffortlevel: 0
--separating...
--find a better primal bound 0.14210720834443502 by Alternative descent Eigen
--found a cut state by heuristic 0.14210720834443502 0.014766828489066247 
iteration: 1023,  #states: 2129, valueb: 0.014766828489066247, activeness: 0.14210720834443502, primalobj: 0.9656081084650002, dualobj: -Inf
solve--
end solve-- RelaxOptimal OPTIMAL
 weights_sum: 0.9999999999999998
itereffortlevel: 0
--separating...
--find a better primal bound 0.18144652722657342 by Alternative descent Eigen
--found a cut state by heuristic 0.18144652722657342 0.07484606172706251 
iteration: 1024,  #states: 2130, valueb: 0.07484606172706251, activeness: 0.18144652722657342, primalobj: 0.9655868010855603, dualobj: -Inf
solve--
end solve-- RelaxOptimal OPTIMAL
 weights_sum: 0.9999999999999999
itereffortlevel: 0
--separating...
--find a better primal bound 0.18446286894186023 by Alternative descent Eigen
--found a cut state by heuristic 0.18446286894186023 0.07310054300301899 
iteration: 1025,  #states: 2131, valueb: 0.07310054300301899, activeness: 0.18446286894186023, primalobj: 0.9655701683540352, dualobj: -Inf
solve--
end solve-- RelaxOptimal OPTIMAL
 weights_sum: 1.0000000000000007
itereffortlevel: 0
--separating...
--find a better primal bound 0.20062722141031245 by Alternative descent Eigen
--found a cut state by heuristic 0.20062722141031245 0.0700653226777687 
iteration: 1026,  #states: 2132, valueb: 0.0700653226777687, activeness: 0.20062722141031245, primalobj: 0.9655535936138816, dualobj: -Inf
solve--
end solve-- RelaxOptimal OPTIMAL
 weights_sum: 1.0000000000000007
itereffortlevel: 0
--separating...
--find a better primal bound 0.16126016343009278 by Alternative descent Eigen
--found a cut state by heuristic 0.16126016343009278 0.060529440255247036 
iteration: 1027,  #states: 2133, valueb: 0.060529440255247036, activeness: 0.16126016343009278, primalobj: 0.9655419282017651, dualobj: -Inf
solve--
end solve-- RelaxOptimal OPTIMAL
 weights_sum: 0.9999999999999996
itereffortlevel: 0
--separating...
--find a better primal bound 0.13873500290718033 by Alternative descent Eigen
--found a cut state by heuristic 0.13873500290718033 0.06219638806781248 
iteration: 1028,  #states: 2134, valueb: 0.06219638806781248, activeness: 0.13873500290718033, primalobj: 0.9655266659531082, dualobj: -Inf
solve--
end solve-- RelaxOptimal OPTIMAL
 weights_sum: 1.0000000167785217
itereffortlevel: 0
--separating...
--find a better primal bound 0.1371265661228562 by Alternative descent Eigen
--found a cut state by heuristic 0.1371265661228562 0.04990608431460951 
iteration: 1029,  #states: 2135, valueb: 0.04990608431460951, activeness: 0.1371265661228562, primalobj: 0.9655207029114606, dualobj: -Inf
solve--
end solve-- RelaxOptimal OPTIMAL
 weights_sum: 1.0000000000000009
itereffortlevel: 0
--separating...
--find a better primal bound 0.12923468348171357 by Alternative descent Eigen
--found a cut state by heuristic 0.12923468348171357 0.06370685437058883 
iteration: 1030,  #states: 2136, valueb: 0.06370685437058883, activeness: 0.12923468348171357, primalobj: 0.965504953442566, dualobj: -Inf
solve--
end solve-- RelaxOptimal OPTIMAL
 weights_sum: 1.0
itereffortlevel: 0
--separating...
--find a better primal bound 0.0898671901144498 by Alternative descent Eigen
--found a cut state by heuristic 0.0898671901144498 0.01393567064688511 
iteration: 1031,  #states: 2137, valueb: 0.01393567064688511, activeness: 0.0898671901144498, primalobj: 0.9654897415731348, dualobj: -Inf
solve--
end solve-- RelaxOptimal OPTIMAL
 weights_sum: 1.0000000000000004
itereffortlevel: 0
--separating...
--find a better primal bound 0.17695562275125443 by Alternative descent Eigen
--found a cut state by heuristic 0.17695562275125443 0.06310809775862118 
iteration: 1032,  #states: 2138, valueb: 0.06310809775862118, activeness: 0.17695562275125443, primalobj: 0.9654831700606993, dualobj: -Inf
solve--
end solve-- RelaxOptimal OPTIMAL
 weights_sum: 0.9999999999999999
itereffortlevel: 0
--separating...
--find a better primal bound 0.17614903684177177 by Alternative descent Eigen
--found a cut state by heuristic 0.17614903684177177 0.06471488884547663 
iteration: 1033,  #states: 2139, valueb: 0.06471488884547663, activeness: 0.17614903684177177, primalobj: 0.9654760565549289, dualobj: -Inf
solve--
end solve-- RelaxOptimal OPTIMAL
 weights_sum: 0.9999999999999997
itereffortlevel: 0
--separating...
--find a better primal bound 0.14911799952650415 by Alternative descent Eigen
--found a cut state by heuristic 0.14911799952650415 0.05158319568252078 
iteration: 1034,  #states: 2140, valueb: 0.05158319568252078, activeness: 0.14911799952650415, primalobj: 0.9654634321601248, dualobj: -Inf
solve--
end solve-- RelaxOptimal OPTIMAL
 weights_sum: 1.0000000801332285
itereffortlevel: 0
--separating...
--find a better primal bound 0.14714525314309895 by Alternative descent Eigen
--found a cut state by heuristic 0.14714525314309895 0.06904726119252905 
iteration: 1035,  #states: 2141, valueb: 0.06904726119252905, activeness: 0.14714525314309895, primalobj: 0.9654561020585217, dualobj: -Inf
solve--
end solve-- RelaxOptimal OPTIMAL
 weights_sum: 1.0
itereffortlevel: 0
--separating...
--find a better primal bound 0.18245483964187606 by Alternative descent Eigen
--found a cut state by heuristic 0.18245483964187606 0.09537016046951136 
iteration: 1036,  #states: 2142, valueb: 0.09537016046951136, activeness: 0.18245483964187606, primalobj: 0.9654463851318357, dualobj: -Inf
solve--
end solve-- RelaxOptimal OPTIMAL
 weights_sum: 1.0000000000000002
itereffortlevel: 0
--separating...
--find a better primal bound 0.13222908929213073 by Alternative descent Eigen
--found a cut state by heuristic 0.13222908929213073 0.0332743292855947 
iteration: 1037,  #states: 2143, valueb: 0.0332743292855947, activeness: 0.13222908929213073, primalobj: 0.9654364498065618, dualobj: -Inf
solve--
end solve-- RelaxOptimal OPTIMAL
 weights_sum: 0.9999999999999999
itereffortlevel: 0
--separating...
--find a better primal bound 0.17997608537580315 by Alternative descent Eigen
--found a cut state by heuristic 0.17997608537580315 0.09052133112054674 
iteration: 1038,  #states: 2144, valueb: 0.09052133112054674, activeness: 0.17997608537580315, primalobj: 0.9654233582428697, dualobj: -Inf
solve--
end solve-- RelaxOptimal OPTIMAL
 weights_sum: 0.9999999999999994
itereffortlevel: 0
--separating...
--find a better primal bound 0.18783377304919457 by Alternative descent Eigen
--found a cut state by heuristic 0.18783377304919457 0.08316850346159392 
iteration: 1039,  #states: 2145, valueb: 0.08316850346159392, activeness: 0.18783377304919457, primalobj: 0.9654121473557843, dualobj: -Inf
solve--
end solve-- RelaxOptimal OPTIMAL
 weights_sum: 1.0
itereffortlevel: 0
--separating...
--find a better primal bound 0.14874391366070916 by Alternative descent Eigen
--found a cut state by heuristic 0.14874391366070916 0.08667550328923701 
iteration: 1040,  #states: 2146, valueb: 0.08667550328923701, activeness: 0.14874391366070916, primalobj: 0.9653952577206484, dualobj: -Inf
solve--
end solve-- RelaxOptimal OPTIMAL
 weights_sum: 1.0000000000000004
itereffortlevel: 0
--separating...
--find a better primal bound 0.1647533678120287 by Alternative descent Eigen
--found a cut state by heuristic 0.1647533678120287 0.08336865030593366 
iteration: 1041,  #states: 2147, valueb: 0.08336865030593366, activeness: 0.1647533678120287, primalobj: 0.96538834624595, dualobj: -Inf
solve--
end solve-- RelaxOptimal OPTIMAL
 weights_sum: 1.0000000000000013
itereffortlevel: 0
--separating...
--find a better primal bound 0.20530176613044296 by Alternative descent Eigen
--found a cut state by heuristic 0.20530176613044296 0.07450538677792001 
iteration: 1042,  #states: 2148, valueb: 0.07450538677792001, activeness: 0.20530176613044296, primalobj: 0.9653782331251277, dualobj: -Inf
solve--
end solve-- RelaxOptimal OPTIMAL
 weights_sum: 1.0000000000000004
itereffortlevel: 0
--separating...
--find a better primal bound 0.19661333824270422 by Alternative descent Eigen
--found a cut state by heuristic 0.19661333824270422 0.08251875310464524 
iteration: 1043,  #states: 2149, valueb: 0.08251875310464524, activeness: 0.19661333824270422, primalobj: 0.9653680985478542, dualobj: -Inf
solve--
end solve-- RelaxOptimal OPTIMAL
 weights_sum: 1.0000000000000009
itereffortlevel: 0
--separating...
--find a better primal bound 0.15067234598568485 by Alternative descent Eigen
--found a cut state by heuristic 0.15067234598568485 0.025903360755767962 
iteration: 1044,  #states: 2150, valueb: 0.025903360755767962, activeness: 0.15067234598568485, primalobj: 0.9653517611364246, dualobj: -Inf
solve--
end solve-- RelaxOptimal OPTIMAL
 weights_sum: 0.9999999999999996
itereffortlevel: 0
--separating...
--find a better primal bound 0.18232325157563922 by Alternative descent Eigen
--found a cut state by heuristic 0.18232325157563922 0.06840142900307257 
iteration: 1045,  #states: 2151, valueb: 0.06840142900307257, activeness: 0.18232325157563922, primalobj: 0.9653235280574949, dualobj: -Inf
solve--
end solve-- RelaxOptimal OPTIMAL
 weights_sum: 0.9999999999999984
itereffortlevel: 0
--separating...
--find a better primal bound 0.16510105938136438 by Alternative descent Eigen
--found a cut state by heuristic 0.16510105938136438 0.08318762220290898 
iteration: 1046,  #states: 2152, valueb: 0.08318762220290898, activeness: 0.16510105938136438, primalobj: 0.9653152367672667, dualobj: -Inf
solve--
end solve-- RelaxOptimal OPTIMAL
 weights_sum: 1.0000010659476568
itereffortlevel: 0
--separating...
--find a better primal bound 0.2147444387684294 by Alternative descent Eigen
--found a cut state by heuristic 0.2147444387684294 0.09945014039892053 
iteration: 1047,  #states: 2153, valueb: 0.09945014039892053, activeness: 0.2147444387684294, primalobj: 0.9653076111002271, dualobj: -Inf
solve--
end solve-- RelaxOptimal OPTIMAL
 weights_sum: 0.9999999999999996
itereffortlevel: 0
--separating...
--find a better primal bound 0.12483023354037244 by Alternative descent Eigen
--found a cut state by heuristic 0.12483023354037244 0.07680138721016211 
iteration: 1048,  #states: 2154, valueb: 0.07680138721016211, activeness: 0.12483023354037244, primalobj: 0.9652805649542102, dualobj: -Inf
solve--
end solve-- RelaxOptimal OPTIMAL
 weights_sum: 1.0000000000000007
itereffortlevel: 0
--separating...
--find a better primal bound 0.2017113203131728 by Alternative descent Eigen
--found a cut state by heuristic 0.2017113203131728 0.09058456555761613 
iteration: 1049,  #states: 2155, valueb: 0.09058456555761613, activeness: 0.2017113203131728, primalobj: 0.9652777544226909, dualobj: -Inf
solve--
end solve-- RelaxOptimal OPTIMAL
 weights_sum: 1.0
itereffortlevel: 0
--separating...
--find a better primal bound 0.13980605357492426 by Alternative descent Eigen
--found a cut state by heuristic 0.13980605357492426 0.05781593352000834 
iteration: 1050,  #states: 2156, valueb: 0.05781593352000834, activeness: 0.13980605357492426, primalobj: 0.9652598950803549, dualobj: -Inf
solve--
end solve-- RelaxOptimal OPTIMAL
 weights_sum: 0.999999999999999
itereffortlevel: 0
--separating...
--find a better primal bound 0.18932338316573333 by Alternative descent Eigen
--found a cut state by heuristic 0.18932338316573333 0.04326117253823114 
iteration: 1051,  #states: 2157, valueb: 0.04326117253823114, activeness: 0.18932338316573333, primalobj: 0.9652429776044957, dualobj: -Inf
solve--
end solve-- RelaxOptimal OPTIMAL
 weights_sum: 0.9999999999999993
itereffortlevel: 0
--separating...
--find a better primal bound 0.16001712214445651 by Alternative descent Eigen
--found a cut state by heuristic 0.16001712214445651 0.06748719648975482 
iteration: 1052,  #states: 2158, valueb: 0.06748719648975482, activeness: 0.16001712214445651, primalobj: 0.9652250089113827, dualobj: -Inf
solve--
end solve-- RelaxOptimal OPTIMAL
 weights_sum: 1.0000000000000007
itereffortlevel: 0
--separating...
--find a better primal bound 0.12543281055950767 by Alternative descent Eigen
--found a cut state by heuristic 0.12543281055950767 0.05499555290038814 
iteration: 1053,  #states: 2159, valueb: 0.05499555290038814, activeness: 0.12543281055950767, primalobj: 0.9652119370722145, dualobj: -Inf
solve--
end solve-- RelaxOptimal OPTIMAL
 weights_sum: 1.0000000000000007
itereffortlevel: 0
--separating...
--find a better primal bound 0.11972706034686201 by Alternative descent Eigen
--found a cut state by heuristic 0.11972706034686201 0.05475619969535195 
iteration: 1054,  #states: 2160, valueb: 0.05475619969535195, activeness: 0.11972706034686201, primalobj: 0.9652018405201711, dualobj: -Inf
solve--
end solve-- RelaxOptimal OPTIMAL
 weights_sum: 0.9999999999999996
itereffortlevel: 0
--separating...
--find a better primal bound 0.1405077267624189 by Alternative descent Eigen
--found a cut state by heuristic 0.1405077267624189 0.06010558262132716 
iteration: 1055,  #states: 2161, valueb: 0.06010558262132716, activeness: 0.1405077267624189, primalobj: 0.9651905107323553, dualobj: -Inf
solve--
end solve-- RelaxOptimal OPTIMAL
 weights_sum: 0.9999999999999993
itereffortlevel: 0
--separating...
--find a better primal bound 0.19370627549559832 by Alternative descent Eigen
--found a cut state by heuristic 0.19370627549559832 0.06204944782236901 
iteration: 1056,  #states: 2162, valueb: 0.06204944782236901, activeness: 0.19370627549559832, primalobj: 0.9651593859103806, dualobj: -Inf
solve--
end solve-- RelaxOptimal OPTIMAL
 weights_sum: 1.0000000000000002
itereffortlevel: 0
--separating...
--find a better primal bound 0.18484231438761045 by Alternative descent Eigen
--found a cut state by heuristic 0.18484231438761045 0.026815280456102968 
iteration: 1057,  #states: 2163, valueb: 0.026815280456102968, activeness: 0.18484231438761045, primalobj: 0.9651413825898494, dualobj: -Inf
solve--
end solve-- RelaxOptimal OPTIMAL
 weights_sum: 1.0
itereffortlevel: 0
--separating...
--find a better primal bound 0.12947685393940345 by Alternative descent Eigen
--found a cut state by heuristic 0.12947685393940345 0.026738810747906145 
iteration: 1058,  #states: 2164, valueb: 0.026738810747906145, activeness: 0.12947685393940345, primalobj: 0.9651181197496741, dualobj: -Inf
solve--
end solve-- RelaxOptimal OPTIMAL
 weights_sum: 1.0000000000000016
itereffortlevel: 0
--separating...
--find a better primal bound 0.13009038545989549 by Alternative descent Eigen
--found a cut state by heuristic 0.13009038545989549 0.034323237459612216 
iteration: 1059,  #states: 2165, valueb: 0.034323237459612216, activeness: 0.13009038545989549, primalobj: 0.9650964677790319, dualobj: -Inf
solve--
end solve-- RelaxOptimal OPTIMAL
 weights_sum: 0.9999999999999998
itereffortlevel: 0
--separating...
--find a better primal bound 0.1139976812432054 by Alternative descent Eigen
--found a cut state by heuristic 0.1139976812432054 0.03723199083368421 
iteration: 1060,  #states: 2166, valueb: 0.03723199083368421, activeness: 0.1139976812432054, primalobj: 0.9650759501442789, dualobj: -Inf
solve--
end solve-- RelaxOptimal OPTIMAL
 weights_sum: 1.0000001186662646
itereffortlevel: 0
--separating...
--find a better primal bound 0.13412092022020358 by Alternative descent Eigen
--found a cut state by heuristic 0.13412092022020358 0.022539280011690793 
iteration: 1061,  #states: 2167, valueb: 0.022539280011690793, activeness: 0.13412092022020358, primalobj: 0.96505242686921, dualobj: -Inf
solve--
end solve-- RelaxOptimal OPTIMAL
 weights_sum: 1.0000006635847478
itereffortlevel: 0
--separating...
--find a better primal bound 0.13396415257616057 by Alternative descent Eigen
--found a cut state by heuristic 0.13396415257616057 0.021018072276931594 
iteration: 1062,  #states: 2168, valueb: 0.021018072276931594, activeness: 0.13396415257616057, primalobj: 0.9650264392328701, dualobj: -Inf
solve--
end solve-- RelaxOptimal OPTIMAL
 weights_sum: 0.9999999999999992
itereffortlevel: 0
--separating...
--find a better primal bound 0.0894771303910858 by Alternative descent Eigen
--found a cut state by heuristic 0.0894771303910858 0.02006974702904389 
iteration: 1063,  #states: 2169, valueb: 0.02006974702904389, activeness: 0.0894771303910858, primalobj: 0.9650053833324793, dualobj: -Inf
solve--
end solve-- RelaxOptimal OPTIMAL
 weights_sum: 1.0000001678894066
itereffortlevel: 0
--separating...
--find a better primal bound 0.1292068031034865 by Alternative descent Eigen
--found a cut state by heuristic 0.1292068031034865 0.01936735219691959 
iteration: 1064,  #states: 2170, valueb: 0.01936735219691959, activeness: 0.1292068031034865, primalobj: 0.9649927155142255, dualobj: -Inf
solve--
end solve-- RelaxOptimal OPTIMAL
 weights_sum: 0.9999999999999996
itereffortlevel: 0
--separating...
--find a better primal bound 0.1088177841919234 by Alternative descent Eigen
--found a cut state by heuristic 0.1088177841919234 0.02139818451880019 
iteration: 1065,  #states: 2171, valueb: 0.02139818451880019, activeness: 0.1088177841919234, primalobj: 0.9649727484754607, dualobj: -Inf
solve--
end solve-- RelaxOptimal OPTIMAL
 weights_sum: 0.9999999999999997
itereffortlevel: 0
--separating...
--find a better primal bound 0.11014952039060337 by Alternative descent Eigen
--found a cut state by heuristic 0.11014952039060337 0.02914723861131574 
iteration: 1066,  #states: 2172, valueb: 0.02914723861131574, activeness: 0.11014952039060337, primalobj: 0.9649589555498055, dualobj: -Inf
solve--
end solve-- RelaxOptimal OPTIMAL
 weights_sum: 0.9999999999999989
itereffortlevel: 0
--separating...
--find a better primal bound 0.07662305015767679 by Alternative descent Eigen
--found a cut state by heuristic 0.07662305015767679 0.017425166947329422 
iteration: 1067,  #states: 2173, valueb: 0.017425166947329422, activeness: 0.07662305015767679, primalobj: 0.9649416273976044, dualobj: -Inf
solve--
end solve-- RelaxOptimal OPTIMAL
 weights_sum: 1.000000000000001
itereffortlevel: 0
--separating...
--find a better primal bound 0.12759397481818524 by Alternative descent Eigen
--found a cut state by heuristic 0.12759397481818524 0.026747829800813954 
iteration: 1068,  #states: 2174, valueb: 0.026747829800813954, activeness: 0.12759397481818524, primalobj: 0.9649320116740636, dualobj: -Inf
solve--
end solve-- RelaxOptimal OPTIMAL
 weights_sum: 0.9999999999999977
itereffortlevel: 0
--separating...
--find a better primal bound 0.07872920150439316 by Alternative descent Eigen
--found a cut state by heuristic 0.07872920150439316 0.01092128664124023 
iteration: 1069,  #states: 2175, valueb: 0.01092128664124023, activeness: 0.07872920150439316, primalobj: 0.9649166703642029, dualobj: -Inf
solve--
end solve-- RelaxOptimal OPTIMAL
 weights_sum: 0.999999999999999
itereffortlevel: 0
--separating...
--find a better primal bound 0.07449214807231924 by Alternative descent Eigen
--found a cut state by heuristic 0.07449214807231924 0.0027265238311065254 
iteration: 1070,  #states: 2176, valueb: 0.0027265238311065254, activeness: 0.07449214807231924, primalobj: 0.9649133063250808, dualobj: -Inf
solve--
end solve-- RelaxOptimal OPTIMAL
 weights_sum: 1.0000000000000004
itereffortlevel: 0
--separating...
--find a better primal bound 0.11370394548134988 by Alternative descent Eigen
--found a cut state by heuristic 0.11370394548134988 0.02665559565658822 
iteration: 1071,  #states: 2177, valueb: 0.02665559565658822, activeness: 0.11370394548134988, primalobj: 0.9648977117148021, dualobj: -Inf
solve--
end solve-- RelaxOptimal OPTIMAL
 weights_sum: 1.0000000000000009
itereffortlevel: 0
--separating...
--find a better primal bound 0.12886161218688863 by Alternative descent Eigen
--found a cut state by heuristic 0.12886161218688863 0.023880419008694982 
iteration: 1072,  #states: 2178, valueb: 0.023880419008694982, activeness: 0.12886161218688863, primalobj: 0.9648759429966202, dualobj: -Inf
solve--
end solve-- RelaxOptimal OPTIMAL
 weights_sum: 0.9999999999999999
itereffortlevel: 0
--separating...
--find a better primal bound 0.1322614395308955 by Alternative descent Eigen
--found a cut state by heuristic 0.1322614395308955 0.022993552340217785 
iteration: 1073,  #states: 2179, valueb: 0.022993552340217785, activeness: 0.1322614395308955, primalobj: 0.9648607398618351, dualobj: -Inf
solve--
end solve-- RelaxOptimal OPTIMAL
 weights_sum: 1.0000002945848911
itereffortlevel: 0
--separating...
--find a better primal bound 0.17365747367798728 by Alternative descent Eigen
--found a cut state by heuristic 0.17365747367798728 0.07783622446506522 
iteration: 1074,  #states: 2180, valueb: 0.07783622446506522, activeness: 0.17365747367798728, primalobj: 0.9648316165890124, dualobj: -Inf
solve--
end solve-- RelaxOptimal OPTIMAL
 weights_sum: 1.0000000000000002
itereffortlevel: 0
--separating...
--find a better primal bound 0.11703263758489224 by Alternative descent Eigen
--found a cut state by heuristic 0.11703263758489224 0.017479892136537604 
iteration: 1075,  #states: 2181, valueb: 0.017479892136537604, activeness: 0.11703263758489224, primalobj: 0.9648226302166838, dualobj: -Inf
solve--
end solve-- RelaxOptimal OPTIMAL
 weights_sum: 0.9999999999999991
itereffortlevel: 0
--separating...
--find a better primal bound 0.1100890441716293 by Alternative descent Eigen
--found a cut state by heuristic 0.1100890441716293 0.033520336266743 
iteration: 1076,  #states: 2182, valueb: 0.033520336266743, activeness: 0.1100890441716293, primalobj: 0.9648055603438312, dualobj: -Inf
solve--
end solve-- RelaxOptimal OPTIMAL
 weights_sum: 0.9999999999999991
itereffortlevel: 0
--separating...
--find a better primal bound 0.12012855374734975 by Alternative descent Eigen
--found a cut state by heuristic 0.12012855374734975 0.04545400121113511 
iteration: 1077,  #states: 2183, valueb: 0.04545400121113511, activeness: 0.12012855374734975, primalobj: 0.9647981763001451, dualobj: -Inf
solve--
end solve-- RelaxOptimal OPTIMAL
 weights_sum: 1.0000000000000013
itereffortlevel: 0
--separating...
--find a better primal bound 0.1032585221612318 by Alternative descent Eigen
--found a cut state by heuristic 0.1032585221612318 0.01980430964896455 
iteration: 1078,  #states: 2184, valueb: 0.01980430964896455, activeness: 0.1032585221612318, primalobj: 0.9647801199685779, dualobj: -Inf
solve--
end solve-- RelaxOptimal OPTIMAL
 weights_sum: 0.9999999999999999
itereffortlevel: 0
--separating...
--find a better primal bound 0.10478046243654655 by Alternative descent Eigen
--found a cut state by heuristic 0.10478046243654655 0.036592285569867045 
iteration: 1079,  #states: 2185, valueb: 0.036592285569867045, activeness: 0.10478046243654655, primalobj: 0.9647597601588598, dualobj: -Inf
solve--
end solve-- RelaxOptimal OPTIMAL
 weights_sum: 0.9999999999999978
itereffortlevel: 0
--separating...
--find a better primal bound 0.09330607694281255 by Alternative descent Eigen
--found a cut state by heuristic 0.09330607694281255 0.029063639759052514 
iteration: 1080,  #states: 2186, valueb: 0.029063639759052514, activeness: 0.09330607694281255, primalobj: 0.9647479264114796, dualobj: -Inf
solve--
end solve-- RelaxOptimal OPTIMAL
 weights_sum: 0.9999999999999996
itereffortlevel: 0
--separating...
--find a better primal bound 0.14748546391506673 by Alternative descent Eigen
--found a cut state by heuristic 0.14748546391506673 0.04608138649669376 
iteration: 1081,  #states: 2187, valueb: 0.04608138649669376, activeness: 0.14748546391506673, primalobj: 0.9647364745240546, dualobj: -Inf
solve--
end solve-- RelaxOptimal OPTIMAL
 weights_sum: 1.0000000000000002
itereffortlevel: 0
--separating...
--find a better primal bound 0.10855130529525342 by Alternative descent Eigen
--found a cut state by heuristic 0.10855130529525342 0.012372437146069058 
iteration: 1082,  #states: 2188, valueb: 0.012372437146069058, activeness: 0.10855130529525342, primalobj: 0.9647207740261674, dualobj: -Inf
solve--
end solve-- RelaxOptimal OPTIMAL
 weights_sum: 0.9999999999999993
itereffortlevel: 0
--separating...
--find a better primal bound 0.09687295801762727 by Alternative descent Eigen
--found a cut state by heuristic 0.09687295801762727 0.009238688829522872 
iteration: 1083,  #states: 2189, valueb: 0.009238688829522872, activeness: 0.09687295801762727, primalobj: 0.964708869244075, dualobj: -Inf
solve--
end solve-- RelaxOptimal OPTIMAL
 weights_sum: 1.0000005732579305
itereffortlevel: 0
--separating...
--find a better primal bound 0.12320778449824311 by Alternative descent Eigen
--found a cut state by heuristic 0.12320778449824311 0.009565851425603152 
iteration: 1084,  #states: 2190, valueb: 0.009565851425603152, activeness: 0.12320778449824311, primalobj: 0.9646937365896994, dualobj: -Inf
solve--
end solve-- RelaxOptimal OPTIMAL
 weights_sum: 1.0
itereffortlevel: 0
--separating...
--find a better primal bound 0.08906411964126937 by Alternative descent Eigen
--found a cut state by heuristic 0.08906411964126937 0.005348529352820584 
iteration: 1085,  #states: 2191, valueb: 0.005348529352820584, activeness: 0.08906411964126937, primalobj: 0.9646861281108265, dualobj: -Inf
solve--
end solve-- RelaxOptimal OPTIMAL
 weights_sum: 1.0000008874752826
itereffortlevel: 0
--separating...
--find a better primal bound 0.07080202397862832 by Alternative descent Eigen
--found a cut state by heuristic 0.07080202397862832 0.027273227828061943 
iteration: 1086,  #states: 2192, valueb: 0.027273227828061943, activeness: 0.07080202397862832, primalobj: 0.9646777226153008, dualobj: -Inf
solve--
end solve-- RelaxOptimal OPTIMAL
 weights_sum: 0.9999999999999994
itereffortlevel: 0
--separating...
--find a better primal bound 0.16342372261239793 by Alternative descent Eigen
--found a cut state by heuristic 0.16342372261239793 0.0387619048703981 
iteration: 1087,  #states: 2193, valueb: 0.0387619048703981, activeness: 0.16342372261239793, primalobj: 0.9646692286744204, dualobj: -Inf
solve--
end solve-- RelaxOptimal OPTIMAL
 weights_sum: 0.9999999999999998
itereffortlevel: 0
--separating...
--find a better primal bound 0.06906055155299348 by Alternative descent Eigen
--found a cut state by heuristic 0.06906055155299348 0.02113587297297781 
iteration: 1088,  #states: 2194, valueb: 0.02113587297297781, activeness: 0.06906055155299348, primalobj: 0.964654235923641, dualobj: -Inf
solve--
end solve-- RelaxOptimal OPTIMAL
 weights_sum: 1.0000000039630315
itereffortlevel: 0
--separating...
--find a better primal bound 0.15250908268664345 by Alternative descent Eigen
--found a cut state by heuristic 0.15250908268664345 0.009008076145295037 
iteration: 1089,  #states: 2195, valueb: 0.009008076145295037, activeness: 0.15250908268664345, primalobj: 0.9646503145562989, dualobj: -Inf
solve--
end solve-- RelaxOptimal OPTIMAL
 weights_sum: 1.0000009489561577
itereffortlevel: 0
--separating...
--find a better primal bound 0.1297009661621171 by Alternative descent Eigen
--found a cut state by heuristic 0.1297009661621171 0.03940167017700053 
iteration: 1090,  #states: 2196, valueb: 0.03940167017700053, activeness: 0.1297009661621171, primalobj: 0.9646301993158617, dualobj: -Inf
solve--
end solve-- RelaxOptimal OPTIMAL
 weights_sum: 1.0000000000000007
itereffortlevel: 0
--separating...
--find a better primal bound 0.17370029735010872 by Alternative descent Eigen
--found a cut state by heuristic 0.17370029735010872 0.026621386000619716 
iteration: 1091,  #states: 2197, valueb: 0.026621386000619716, activeness: 0.17370029735010872, primalobj: 0.9646196325753222, dualobj: -Inf
solve--
end solve-- RelaxOptimal OPTIMAL
 weights_sum: 1.0000000000000004
itereffortlevel: 0
--separating...
--find a better primal bound 0.1526095774488895 by Alternative descent Eigen
--found a cut state by heuristic 0.1526095774488895 0.04050970485725081 
iteration: 1092,  #states: 2198, valueb: 0.04050970485725081, activeness: 0.1526095774488895, primalobj: 0.9645913055433888, dualobj: -Inf
solve--
end solve-- RelaxOptimal OPTIMAL
 weights_sum: 1.0
itereffortlevel: 0
--separating...
--find a better primal bound 0.10738956281010976 by Alternative descent Eigen
--found a cut state by heuristic 0.10738956281010976 0.03241275878889957 
iteration: 1093,  #states: 2199, valueb: 0.03241275878889957, activeness: 0.10738956281010976, primalobj: 0.9645698767433699, dualobj: -Inf
solve--
end solve-- RelaxOptimal OPTIMAL
 weights_sum: 0.9999999999999991
itereffortlevel: 0
--separating...
--find a better primal bound 0.08773592227072022 by Alternative descent Eigen
--found a cut state by heuristic 0.08773592227072022 0.02006400181224642 
iteration: 1094,  #states: 2200, valueb: 0.02006400181224642, activeness: 0.08773592227072022, primalobj: 0.9645610480067138, dualobj: -Inf
solve--
end solve-- RelaxOptimal OPTIMAL
 weights_sum: 0.9999999999999989
itereffortlevel: 0
--separating...
--find a better primal bound 0.06922713799343663 by Alternative descent Eigen
--found a cut state by heuristic 0.06922713799343663 0.017458460024064506 
iteration: 1095,  #states: 2201, valueb: 0.017458460024064506, activeness: 0.06922713799343663, primalobj: 0.9645484735247368, dualobj: -Inf
solve--
end solve-- RelaxOptimal OPTIMAL
 weights_sum: 1.000000281634095
itereffortlevel: 0
--separating...
--find a better primal bound 0.07148335319746024 by Alternative descent Eigen
--found a cut state by heuristic 0.07148335319746024 0.027677358234436067 
iteration: 1096,  #states: 2202, valueb: 0.027677358234436067, activeness: 0.07148335319746024, primalobj: 0.964543745749525, dualobj: -Inf
solve--
end solve-- RelaxOptimal OPTIMAL
 weights_sum: 0.9999999999999994
itereffortlevel: 0
--separating...
--find a better primal bound 0.09576358555675382 by Alternative descent Eigen
--found a cut state by heuristic 0.09576358555675382 0.06081964700683688 
iteration: 1097,  #states: 2203, valueb: 0.06081964700683688, activeness: 0.09576358555675382, primalobj: 0.9645330703459725, dualobj: -Inf
solve--
end solve-- RelaxOptimal OPTIMAL
 weights_sum: 1.0000011665143904
itereffortlevel: 0
--separating...
--find a better primal bound 0.12325515366720494 by Alternative descent Eigen
--found a cut state by heuristic 0.12325515366720494 0.017427110411178438 
iteration: 1098,  #states: 2204, valueb: 0.017427110411178438, activeness: 0.12325515366720494, primalobj: 0.964528950138498, dualobj: -Inf
solve--
end solve-- RelaxOptimal OPTIMAL
 weights_sum: 1.0000011453774504
itereffortlevel: 0
--separating...
--find a better primal bound 0.12718611352167117 by Alternative descent Eigen
--found a cut state by heuristic 0.12718611352167117 0.0606730973800739 
iteration: 1099,  #states: 2205, valueb: 0.0606730973800739, activeness: 0.12718611352167117, primalobj: 0.964510365361265, dualobj: -Inf
solve--
end solve-- RelaxOptimal OPTIMAL
 weights_sum: 1.000000978996172
itereffortlevel: 0
--separating...
--find a better primal bound 0.14593676596187377 by Alternative descent Eigen
--found a cut state by heuristic 0.14593676596187377 0.07053758910738668 
iteration: 1100,  #states: 2206, valueb: 0.07053758910738668, activeness: 0.14593676596187377, primalobj: 0.9645003953559459, dualobj: -Inf
solve--
end solve-- RelaxOptimal OPTIMAL
 weights_sum: 0.9999999999999984
itereffortlevel: 0
--separating...
--find a better primal bound 0.17095457293850358 by Alternative descent Eigen
--found a cut state by heuristic 0.17095457293850358 0.07231791441588586 
iteration: 1101,  #states: 2207, valueb: 0.07231791441588586, activeness: 0.17095457293850358, primalobj: 0.9644807626135866, dualobj: -Inf
solve--
end solve-- RelaxOptimal OPTIMAL
 weights_sum: 1.000000000000001
itereffortlevel: 0
--separating...
--find a better primal bound 0.12914353818560653 by Alternative descent Eigen
--found a cut state by heuristic 0.12914353818560653 0.015926580928612814 
iteration: 1102,  #states: 2208, valueb: 0.015926580928612814, activeness: 0.12914353818560653, primalobj: 0.9644485839609979, dualobj: -Inf
solve--
end solve-- RelaxOptimal OPTIMAL
 weights_sum: 0.9999999999999989
itereffortlevel: 0
--separating...
--find a better primal bound 0.10909115625137462 by Alternative descent Eigen
--found a cut state by heuristic 0.10909115625137462 0.006270347539415189 
iteration: 1103,  #states: 2209, valueb: 0.006270347539415189, activeness: 0.10909115625137462, primalobj: 0.9644232753279491, dualobj: -Inf
solve--
end solve-- RelaxOptimal OPTIMAL
 weights_sum: 1.0000000000000002
itereffortlevel: 0
--separating...
--find a better primal bound 0.0730027958042011 by Alternative descent Eigen
--found a cut state by heuristic 0.0730027958042011 0.012013891588207759 
iteration: 1104,  #states: 2210, valueb: 0.012013891588207759, activeness: 0.0730027958042011, primalobj: 0.9643988482456798, dualobj: -Inf
solve--
end solve-- RelaxOptimal OPTIMAL
 weights_sum: 1.000000024026068
itereffortlevel: 0
--separating...
--find a better primal bound 0.05860278227899961 by Alternative descent Eigen
--found a cut state by heuristic 0.05860278227899961 0.008812415857340768 
iteration: 1105,  #states: 2211, valueb: 0.008812415857340768, activeness: 0.05860278227899961, primalobj: 0.9643929868779729, dualobj: -Inf
solve--
end solve-- RelaxOptimal OPTIMAL
 weights_sum: 0.9999999999999998
itereffortlevel: 0
--separating...
--find a better primal bound 0.08724116316311409 by Alternative descent Eigen
--found a cut state by heuristic 0.08724116316311409 0.010398745947751739 
iteration: 1106,  #states: 2212, valueb: 0.010398745947751739, activeness: 0.08724116316311409, primalobj: 0.964389519898649, dualobj: -Inf
solve--
end solve-- RelaxOptimal OPTIMAL
 weights_sum: 1.0
itereffortlevel: 0
--separating...
--find a better primal bound 0.1016786646027232 by Alternative descent Eigen
--found a cut state by heuristic 0.1016786646027232 0.027456994725219452 
iteration: 1107,  #states: 2213, valueb: 0.027456994725219452, activeness: 0.1016786646027232, primalobj: 0.9643801566872466, dualobj: -Inf
solve--
end solve-- RelaxOptimal OPTIMAL
 weights_sum: 0.9999999999999992
itereffortlevel: 0
--separating...
--find a better primal bound 0.09178542937983725 by Alternative descent Eigen
--found a cut state by heuristic 0.09178542937983725 0.025182792626612993 
iteration: 1108,  #states: 2214, valueb: 0.025182792626612993, activeness: 0.09178542937983725, primalobj: 0.9643747956989133, dualobj: -Inf
solve--
end solve-- RelaxOptimal OPTIMAL
 weights_sum: 0.9999999999999989
itereffortlevel: 0
--separating...
--find a better primal bound 0.06385175051097311 by Alternative descent Eigen
--found a cut state by heuristic 0.06385175051097311 0.02542578879349211 
iteration: 1109,  #states: 2215, valueb: 0.02542578879349211, activeness: 0.06385175051097311, primalobj: 0.964369306597493, dualobj: -Inf
solve--
end solve-- RelaxOptimal OPTIMAL
 weights_sum: 0.9999999999999998
itereffortlevel: 0
--separating...
--find a better primal bound 0.16693892913461494 by Alternative descent Eigen
--found a cut state by heuristic 0.16693892913461494 0.029495476945584076 
iteration: 1110,  #states: 2216, valueb: 0.029495476945584076, activeness: 0.16693892913461494, primalobj: 0.9643651446913332, dualobj: -Inf
solve--
end solve-- RelaxOptimal OPTIMAL
 weights_sum: 1.0000001145723294
itereffortlevel: 0
--separating...
--find a better primal bound 0.0700307734888251 by Alternative descent Eigen
--found a cut state by heuristic 0.0700307734888251 0.030857098008371397 
iteration: 1111,  #states: 2217, valueb: 0.030857098008371397, activeness: 0.0700307734888251, primalobj: 0.964347700793813, dualobj: -Inf
solve--
end solve-- RelaxOptimal OPTIMAL
 weights_sum: 0.9999999999999989
itereffortlevel: 0
--separating...
--find a better primal bound 0.03141456274791595 by Alternative descent Eigen
--found a cut state by heuristic 0.03141456274791595 0.007956674302772209 
iteration: 1112,  #states: 2218, valueb: 0.007956674302772209, activeness: 0.03141456274791595, primalobj: 0.9643464856228312, dualobj: -Inf
solve--
end solve-- RelaxOptimal OPTIMAL
 weights_sum: 1.000000000000002
itereffortlevel: 0
--separating...
--find a better primal bound 0.08877214149357462 by Alternative descent Eigen
--found a cut state by heuristic 0.08877214149357462 0.012727246127814954 
iteration: 1113,  #states: 2219, valueb: 0.012727246127814954, activeness: 0.08877214149357462, primalobj: 0.9643434281493004, dualobj: -Inf
solve--
end solve-- RelaxOptimal OPTIMAL
 weights_sum: 1.000000009401266
itereffortlevel: 0
--separating...
--find a better primal bound 0.07685591962998595 by Alternative descent Eigen
--found a cut state by heuristic 0.07685591962998595 0.010120797216154775 
iteration: 1114,  #states: 2220, valueb: 0.010120797216154775, activeness: 0.07685591962998595, primalobj: 0.9643373491743059, dualobj: -Inf
solve--
end solve-- RelaxOptimal OPTIMAL
 weights_sum: 1.0000000000000009
itereffortlevel: 0
--separating...
--find a better primal bound 0.11351530433544599 by Alternative descent Eigen
--found a cut state by heuristic 0.11351530433544599 0.013096894546543836 
iteration: 1115,  #states: 2221, valueb: 0.013096894546543836, activeness: 0.11351530433544599, primalobj: 0.9643300196127672, dualobj: -Inf
solve--
end solve-- RelaxOptimal OPTIMAL
 weights_sum: 1.0000000000000002
itereffortlevel: 0
--separating...
--find a better primal bound 0.09879015586295528 by Alternative descent Eigen
--found a cut state by heuristic 0.09879015586295528 0.025836862013944018 
iteration: 1116,  #states: 2222, valueb: 0.025836862013944018, activeness: 0.09879015586295528, primalobj: 0.9643211836243888, dualobj: -Inf
solve--
end solve-- RelaxOptimal OPTIMAL
 weights_sum: 0.9999999999999991
itereffortlevel: 0
--separating...
--find a better primal bound 0.11172145071723277 by Alternative descent Eigen
--found a cut state by heuristic 0.11172145071723277 0.012541814123070719 
iteration: 1117,  #states: 2223, valueb: 0.012541814123070719, activeness: 0.11172145071723277, primalobj: 0.9643124654749149, dualobj: -Inf
solve--
end solve-- RelaxOptimal OPTIMAL
 weights_sum: 1.0000002778148853
itereffortlevel: 0
--separating...
--find a better primal bound 0.09606251008599813 by Alternative descent Eigen
--found a cut state by heuristic 0.09606251008599813 0.011203283401451285 
iteration: 1118,  #states: 2224, valueb: 0.011203283401451285, activeness: 0.09606251008599813, primalobj: 0.9643044274780603, dualobj: -Inf
solve--
end solve-- RelaxOptimal OPTIMAL
 weights_sum: 0.9999999999999993
itereffortlevel: 0
--separating...
--find a better primal bound 0.0979104610580526 by Alternative descent Eigen
--found a cut state by heuristic 0.0979104610580526 0.05945396517280543 
iteration: 1119,  #states: 2225, valueb: 0.05945396517280543, activeness: 0.0979104610580526, primalobj: 0.9642937040043337, dualobj: -Inf
solve--
end solve-- RelaxOptimal OPTIMAL
 weights_sum: 1.0000000000000004
itereffortlevel: 0
--separating...
--find a better primal bound 0.13998246134661368 by Alternative descent Eigen
--found a cut state by heuristic 0.13998246134661368 0.0026466593972756442 
iteration: 1120,  #states: 2226, valueb: 0.0026466593972756442, activeness: 0.13998246134661368, primalobj: 0.9642873869469307, dualobj: -Inf
solve--
end solve-- RelaxOptimal OPTIMAL
 weights_sum: 0.9999999999999996
itereffortlevel: 0
--separating...
--find a better primal bound 0.10138497418975617 by Alternative descent Eigen
--found a cut state by heuristic 0.10138497418975617 0.0012775039610210264 
iteration: 1121,  #states: 2227, valueb: 0.0012775039610210264, activeness: 0.10138497418975617, primalobj: 0.9642769746368444, dualobj: -Inf
solve--
end solve-- RelaxOptimal OPTIMAL
 weights_sum: 0.9999999999999999
itereffortlevel: 0
--separating...
--find a better primal bound 0.12280755029639326 by Alternative descent Eigen
--found a cut state by heuristic 0.12280755029639326 0.05492350086355717 
iteration: 1122,  #states: 2228, valueb: 0.05492350086355717, activeness: 0.12280755029639326, primalobj: 0.9642599718357445, dualobj: -Inf
solve--
end solve-- RelaxOptimal OPTIMAL
 weights_sum: 0.9999999999999998
itereffortlevel: 0
--separating...
--find a better primal bound 0.10755975202122889 by Alternative descent Eigen
--found a cut state by heuristic 0.10755975202122889 0.00247442380901505 
iteration: 1123,  #states: 2229, valueb: 0.00247442380901505, activeness: 0.10755975202122889, primalobj: 0.9642526070598467, dualobj: -Inf
solve--
end solve-- RelaxOptimal OPTIMAL
 weights_sum: 0.9999999999999991
itereffortlevel: 0
--separating...
--find a better primal bound 0.09407203829881519 by Alternative descent Eigen
--found a cut state by heuristic 0.09407203829881519 0.00038440865114164335 
iteration: 1124,  #states: 2230, valueb: 0.00038440865114164335, activeness: 0.09407203829881519, primalobj: 0.964234321608145, dualobj: -Inf
solve--
end solve-- RelaxOptimal OPTIMAL
 weights_sum: 1.0000000000000002
itereffortlevel: 0
--separating...
--find a better primal bound 0.05837357698883524 by Alternative descent Eigen
--found a cut state by heuristic 0.05837357698883524 0.004052877510975363 
iteration: 1125,  #states: 2231, valueb: 0.004052877510975363, activeness: 0.05837357698883524, primalobj: 0.9642107829103667, dualobj: -Inf
solve--
end solve-- RelaxOptimal OPTIMAL
 weights_sum: 1.0000000000000004
itereffortlevel: 0
--separating...
--find a better primal bound 0.11042262731124429 by Alternative descent Eigen
--found a cut state by heuristic 0.11042262731124429 0.007017139493007907 
iteration: 1126,  #states: 2232, valueb: 0.007017139493007907, activeness: 0.11042262731124429, primalobj: 0.9642016632929181, dualobj: -Inf
solve--
end solve-- RelaxOptimal OPTIMAL
 weights_sum: 1.0000006328942275
itereffortlevel: 0
--separating...
--find a better primal bound 0.09146698140795156 by Alternative descent Eigen
--found a cut state by heuristic 0.09146698140795156 0.004932565990260099 
iteration: 1127,  #states: 2233, valueb: 0.004932565990260099, activeness: 0.09146698140795156, primalobj: 0.9641863956640921, dualobj: -Inf
solve--
end solve-- RelaxOptimal OPTIMAL
 weights_sum: 1.0000000000000004
itereffortlevel: 0
--separating...
--find a better primal bound 0.1347831507886524 by Alternative descent Eigen
--found a cut state by heuristic 0.1347831507886524 0.02925110167396801 
iteration: 1128,  #states: 2234, valueb: 0.02925110167396801, activeness: 0.1347831507886524, primalobj: 0.9641729879316205, dualobj: -Inf
solve--
end solve-- RelaxOptimal OPTIMAL
 weights_sum: 1.0000000000000004
itereffortlevel: 0
--separating...
--find a better primal bound 0.13270759322917686 by Alternative descent Eigen
--found a cut state by heuristic 0.13270759322917686 0.03563317656696441 
iteration: 1129,  #states: 2235, valueb: 0.03563317656696441, activeness: 0.13270759322917686, primalobj: 0.9641567755334408, dualobj: -Inf
solve--
end solve-- RelaxOptimal OPTIMAL
 weights_sum: 1.000000000000001
itereffortlevel: 0
--separating...
--find a better primal bound 0.09152953851712345 by Alternative descent Eigen
--found a cut state by heuristic 0.09152953851712345 0.008566826915749948 
iteration: 1130,  #states: 2236, valueb: 0.008566826915749948, activeness: 0.09152953851712345, primalobj: 0.9641448684534129, dualobj: -Inf
solve--
end solve-- RelaxOptimal OPTIMAL
 weights_sum: 0.999999999999999
itereffortlevel: 0
--separating...
--find a better primal bound 0.12167065982038641 by Alternative descent Eigen
--found a cut state by heuristic 0.12167065982038641 0.003949096919534291 
iteration: 1131,  #states: 2237, valueb: 0.003949096919534291, activeness: 0.12167065982038641, primalobj: 0.9641220698163746, dualobj: -Inf
solve--
end solve-- RelaxOptimal OPTIMAL
 weights_sum: 1.0000000000000007
itereffortlevel: 0
--separating...
--find a better primal bound 0.11098741595495598 by Alternative descent Eigen
--found a cut state by heuristic 0.11098741595495598 0.026089277779269567 
iteration: 1132,  #states: 2238, valueb: 0.026089277779269567, activeness: 0.11098741595495598, primalobj: 0.9641081732652392, dualobj: -Inf
solve--
end solve-- RelaxOptimal OPTIMAL
 weights_sum: 0.9999999999999998
itereffortlevel: 0
--separating...
--find a better primal bound 0.14447027530214576 by Alternative descent Eigen
--found a cut state by heuristic 0.14447027530214576 0.03804137595615342 
iteration: 1133,  #states: 2239, valueb: 0.03804137595615342, activeness: 0.14447027530214576, primalobj: 0.9640951879538122, dualobj: -Inf
solve--
end solve-- RelaxOptimal OPTIMAL
 weights_sum: 1.0000000000000004
itereffortlevel: 0
--separating...
--find a better primal bound 0.09706570076731555 by Alternative descent Eigen
--found a cut state by heuristic 0.09706570076731555 0.035523321749915446 
iteration: 1134,  #states: 2240, valueb: 0.035523321749915446, activeness: 0.09706570076731555, primalobj: 0.9640794467674054, dualobj: -Inf
solve--
end solve-- RelaxOptimal OPTIMAL
 weights_sum: 1.0000000000000007
itereffortlevel: 0
--separating...
--find a better primal bound 0.0844005669689179 by Alternative descent Eigen
--found a cut state by heuristic 0.0844005669689179 0.03228971437357274 
iteration: 1135,  #states: 2241, valueb: 0.03228971437357274, activeness: 0.0844005669689179, primalobj: 0.9640751586173472, dualobj: -Inf
solve--
end solve-- RelaxOptimal OPTIMAL
 weights_sum: 0.9999999999999998
itereffortlevel: 0
--separating...
--find a better primal bound 0.11308532887663703 by Alternative descent Eigen
--found a cut state by heuristic 0.11308532887663703 0.032433327242420304 
iteration: 1136,  #states: 2242, valueb: 0.032433327242420304, activeness: 0.11308532887663703, primalobj: 0.9640655033516138, dualobj: -Inf
solve--
end solve-- RelaxOptimal OPTIMAL
 weights_sum: 0.9999999999999993
itereffortlevel: 0
--separating...
--find a better primal bound 0.09821333893266579 by Alternative descent Eigen
--found a cut state by heuristic 0.09821333893266579 0.022977401591155928 
iteration: 1137,  #states: 2243, valueb: 0.022977401591155928, activeness: 0.09821333893266579, primalobj: 0.9640551428157318, dualobj: -Inf
solve--
end solve-- RelaxOptimal OPTIMAL
 weights_sum: 1.0000000000000002
itereffortlevel: 0
--separating...
--find a better primal bound 0.06404055231745555 by Alternative descent Eigen
--found a cut state by heuristic 0.06404055231745555 0.002985647313295984 
iteration: 1138,  #states: 2244, valueb: 0.002985647313295984, activeness: 0.06404055231745555, primalobj: 0.9640383128615352, dualobj: -Inf
solve--
end solve-- RelaxOptimal OPTIMAL
 weights_sum: 1.0000000000000007
itereffortlevel: 0
--separating...
--find a better primal bound 0.09643193445254195 by Alternative descent Eigen
--found a cut state by heuristic 0.09643193445254195 0.010603084019557002 
iteration: 1139,  #states: 2245, valueb: 0.010603084019557002, activeness: 0.09643193445254195, primalobj: 0.9640294506090014, dualobj: -Inf
solve--
end solve-- RelaxOptimal OPTIMAL
 weights_sum: 0.9999999999999996
itereffortlevel: 0
--separating...
--find a better primal bound 0.13159714191520347 by Alternative descent Eigen
--found a cut state by heuristic 0.13159714191520347 0.01740240231843515 
iteration: 1140,  #states: 2246, valueb: 0.01740240231843515, activeness: 0.13159714191520347, primalobj: 0.9640168137429087, dualobj: -Inf
solve--
end solve-- RelaxOptimal OPTIMAL
 weights_sum: 1.0
itereffortlevel: 0
--separating...
--find a better primal bound 0.06910854939729974 by Alternative descent Eigen
--found a cut state by heuristic 0.06910854939729974 0.017544293649614406 
iteration: 1141,  #states: 2247, valueb: 0.017544293649614406, activeness: 0.06910854939729974, primalobj: 0.9639958573597134, dualobj: -Inf
solve--
end solve-- RelaxOptimal OPTIMAL
 weights_sum: 0.9999999999999996
itereffortlevel: 0
--separating...
--find a better primal bound 0.09622705646671226 by Alternative descent Eigen
--found a cut state by heuristic 0.09622705646671226 0.008508698266824622 
iteration: 1142,  #states: 2248, valueb: 0.008508698266824622, activeness: 0.09622705646671226, primalobj: 0.9639896200044998, dualobj: -Inf
solve--
end solve-- RelaxOptimal OPTIMAL
 weights_sum: 0.9999999999999993
itereffortlevel: 0
--separating...
--find a better primal bound 0.11611672049297583 by Alternative descent Eigen
--found a cut state by heuristic 0.11611672049297583 0.011981369947156262 
iteration: 1143,  #states: 2249, valueb: 0.011981369947156262, activeness: 0.11611672049297583, primalobj: 0.9639781170068829, dualobj: -Inf
solve--
end solve-- RelaxOptimal OPTIMAL
 weights_sum: 1.0000006210245642
itereffortlevel: 0
--separating...
--find a better primal bound 0.08982975297450435 by Alternative descent Eigen
--found a cut state by heuristic 0.08982975297450435 0.020516166971179382 
iteration: 1144,  #states: 2250, valueb: 0.020516166971179382, activeness: 0.08982975297450435, primalobj: 0.9639591784509036, dualobj: -Inf
solve--
end solve-- RelaxOptimal OPTIMAL
 weights_sum: 0.9999999999999996
itereffortlevel: 0
--separating...
--find a better primal bound 0.12429788754144126 by Alternative descent Eigen
--found a cut state by heuristic 0.12429788754144126 0.028660421432509825 
iteration: 1145,  #states: 2251, valueb: 0.028660421432509825, activeness: 0.12429788754144126, primalobj: 0.963948351538424, dualobj: -Inf
solve--
end solve-- RelaxOptimal OPTIMAL
 weights_sum: 0.9999999999999996
itereffortlevel: 0
--separating...
--find a better primal bound 0.07648343553669258 by Alternative descent Eigen
--found a cut state by heuristic 0.07648343553669258 0.022159171213426088 
iteration: 1146,  #states: 2252, valueb: 0.022159171213426088, activeness: 0.07648343553669258, primalobj: 0.9639375934495833, dualobj: -Inf
solve--
end solve-- RelaxOptimal OPTIMAL
 weights_sum: 0.9999999999999984
itereffortlevel: 0
--separating...
--find a better primal bound 0.05974909826737221 by Alternative descent Eigen
--found a cut state by heuristic 0.05974909826737221 0.013833657303392458 
iteration: 1147,  #states: 2253, valueb: 0.013833657303392458, activeness: 0.05974909826737221, primalobj: 0.9639274326438869, dualobj: -Inf
solve--
end solve-- RelaxOptimal OPTIMAL
 weights_sum: 0.9999999999999998
itereffortlevel: 0
--separating...
--find a better primal bound 0.1467571936120988 by Alternative descent Eigen
--found a cut state by heuristic 0.1467571936120988 0.03569054831060825 
iteration: 1148,  #states: 2254, valueb: 0.03569054831060825, activeness: 0.1467571936120988, primalobj: 0.9639197584326575, dualobj: -Inf
solve--
end solve-- RelaxOptimal OPTIMAL
 weights_sum: 1.0
itereffortlevel: 0
--separating...
--find a better primal bound 0.14302772178577663 by Alternative descent Eigen
--found a cut state by heuristic 0.14302772178577663 0.03652969347549248 
iteration: 1149,  #states: 2255, valueb: 0.03652969347549248, activeness: 0.14302772178577663, primalobj: 0.9639082734211996, dualobj: -Inf
solve--
end solve-- RelaxOptimal OPTIMAL
 weights_sum: 1.0
itereffortlevel: 0
--separating...
--find a better primal bound 0.11569254618527192 by Alternative descent Eigen
--found a cut state by heuristic 0.11569254618527192 0.025926406715404852 
iteration: 1150,  #states: 2256, valueb: 0.025926406715404852, activeness: 0.11569254618527192, primalobj: 0.9638898554928594, dualobj: -Inf
solve--
end solve-- RelaxOptimal OPTIMAL
 weights_sum: 1.0000000015635904
itereffortlevel: 0
--separating...
--find a better primal bound 0.07902819123742849 by Alternative descent Eigen
--found a cut state by heuristic 0.07902819123742849 0.03789835120926858 
iteration: 1151,  #states: 2257, valueb: 0.03789835120926858, activeness: 0.07902819123742849, primalobj: 0.9638804431339183, dualobj: -Inf
solve--
end solve-- RelaxOptimal OPTIMAL
 weights_sum: 1.0000000000000007
itereffortlevel: 0
--separating...
--find a better primal bound 0.05739073909439516 by Alternative descent Eigen
--found a cut state by heuristic 0.05739073909439516 0.0495293920999651 
iteration: 1152,  #states: 2258, valueb: 0.0495293920999651, activeness: 0.05739073909439516, primalobj: 0.963876180540791, dualobj: -Inf
solve--
end solve-- RelaxOptimal OPTIMAL
 weights_sum: 1.0000000000000007
itereffortlevel: 0
--separating...
--find a better primal bound 0.12136385479277993 by Alternative descent Eigen
--found a cut state by heuristic 0.12136385479277993 0.04625844977126763 
iteration: 1153,  #states: 2259, valueb: 0.04625844977126763, activeness: 0.12136385479277993, primalobj: 0.9638759573235367, dualobj: -Inf
solve--
end solve-- RelaxOptimal OPTIMAL
 weights_sum: 1.0000000000000004
itereffortlevel: 0
--separating...
--find a better primal bound 0.048010358277273006 by Alternative descent Eigen
--found a cut state by heuristic 0.048010358277273006 0.008598408618288393 
iteration: 1154,  #states: 2260, valueb: 0.008598408618288393, activeness: 0.048010358277273006, primalobj: 0.9638586443102048, dualobj: -Inf
solve--
end solve-- RelaxOptimal OPTIMAL
 weights_sum: 0.9999999999999997
itereffortlevel: 0
--separating...
--find a better primal bound 0.1172846974588987 by Alternative descent Eigen
--found a cut state by heuristic 0.1172846974588987 0.011833348506488622 
iteration: 1155,  #states: 2261, valueb: 0.011833348506488622, activeness: 0.1172846974588987, primalobj: 0.9638534753819032, dualobj: -Inf
solve--
end solve-- RelaxOptimal OPTIMAL
 weights_sum: 1.0000000000000002
itereffortlevel: 0
--separating...
--find a better primal bound 0.0578520498987744 by Alternative descent Eigen
--found a cut state by heuristic 0.0578520498987744 0.004173155083977753 
iteration: 1156,  #states: 2262, valueb: 0.004173155083977753, activeness: 0.0578520498987744, primalobj: 0.9638409255339406, dualobj: -Inf
solve--
end solve-- RelaxOptimal OPTIMAL
 weights_sum: 1.0000000000000002
itereffortlevel: 0
--separating...
--find a better primal bound 0.09982865585548441 by Alternative descent Eigen
--found a cut state by heuristic 0.09982865585548441 0.05341049352453272 
iteration: 1157,  #states: 2263, valueb: 0.05341049352453272, activeness: 0.09982865585548441, primalobj: 0.963838109645578, dualobj: -Inf
solve--
end solve-- RelaxOptimal OPTIMAL
 weights_sum: 1.0
itereffortlevel: 0
--separating...
--find a better primal bound 0.0634534634992972 by Alternative descent Eigen
--found a cut state by heuristic 0.0634534634992972 0.014681126007402678 
iteration: 1158,  #states: 2264, valueb: 0.014681126007402678, activeness: 0.0634534634992972, primalobj: 0.9638339806760614, dualobj: -Inf
solve--
end solve-- RelaxOptimal OPTIMAL
 weights_sum: 0.9999999999999999
itereffortlevel: 0
--separating...
--find a better primal bound 0.0474288122178863 by Alternative descent Eigen
--found a cut state by heuristic 0.0474288122178863 0.006170274740559531 
iteration: 1159,  #states: 2265, valueb: 0.006170274740559531, activeness: 0.0474288122178863, primalobj: 0.9638221025141378, dualobj: -Inf
solve--
end solve-- RelaxOptimal OPTIMAL
 weights_sum: 0.9999999999999989
itereffortlevel: 0
--separating...
--find a better primal bound 0.08529604334477953 by Alternative descent Eigen
--found a cut state by heuristic 0.08529604334477953 0.0038877609173135763 
iteration: 1160,  #states: 2266, valueb: 0.0038877609173135763, activeness: 0.08529604334477953, primalobj: 0.963817186098733, dualobj: -Inf
solve--
end solve-- RelaxOptimal OPTIMAL
 weights_sum: 1.0000000000000004
itereffortlevel: 0
--separating...
--find a better primal bound 0.13214563346230473 by Alternative descent Eigen
--found a cut state by heuristic 0.13214563346230473 0.023357952221579242 
iteration: 1161,  #states: 2267, valueb: 0.023357952221579242, activeness: 0.13214563346230473, primalobj: 0.9638080279110796, dualobj: -Inf
solve--
end solve-- RelaxOptimal OPTIMAL
 weights_sum: 0.9999999999999996
itereffortlevel: 0
--separating...
--find a better primal bound 0.09918628883456654 by Alternative descent Eigen
--found a cut state by heuristic 0.09918628883456654 0.013346330861330531 
iteration: 1162,  #states: 2268, valueb: 0.013346330861330531, activeness: 0.09918628883456654, primalobj: 0.9637898152573577, dualobj: -Inf
solve--
end solve-- RelaxOptimal OPTIMAL
 weights_sum: 0.9999999999999994
itereffortlevel: 0
--separating...
--find a better primal bound 0.11840442708729151 by Alternative descent Eigen
--found a cut state by heuristic 0.11840442708729151 0.07456333195952738 
iteration: 1163,  #states: 2269, valueb: 0.07456333195952738, activeness: 0.11840442708729151, primalobj: 0.9637776737683605, dualobj: -Inf
solve--
end solve-- RelaxOptimal OPTIMAL
 weights_sum: 1.0000000000000016
itereffortlevel: 0
--separating...
--find a better primal bound 0.11037587512269473 by Alternative descent Eigen
--found a cut state by heuristic 0.11037587512269473 0.0018329114448096817 
iteration: 1164,  #states: 2270, valueb: 0.0018329114448096817, activeness: 0.11037587512269473, primalobj: 0.963774286339226, dualobj: -Inf
solve--
end solve-- RelaxOptimal OPTIMAL
 weights_sum: 1.0000000496169774
itereffortlevel: 0
--separating...
--find a better primal bound 0.10731740056474103 by Alternative descent Eigen
--found a cut state by heuristic 0.10731740056474103 0.06435362315146906 
iteration: 1165,  #states: 2271, valueb: 0.06435362315146906, activeness: 0.10731740056474103, primalobj: 0.9637555830395554, dualobj: -Inf
solve--
end solve-- RelaxOptimal OPTIMAL
 weights_sum: 1.0000000000000007
itereffortlevel: 0
--separating...
--find a better primal bound 0.09517937733756585 by Alternative descent Eigen
--found a cut state by heuristic 0.09517937733756585 0.07259769592923873 
iteration: 1166,  #states: 2272, valueb: 0.07259769592923873, activeness: 0.09517937733756585, primalobj: 0.9637492064656935, dualobj: -Inf
solve--
end solve-- RelaxOptimal OPTIMAL
 weights_sum: 1.0000000000000004
itereffortlevel: 0
--separating...
--find a better primal bound 0.16982296266899138 by Alternative descent Eigen
--found a cut state by heuristic 0.16982296266899138 0.08529179970848123 
iteration: 1167,  #states: 2273, valueb: 0.08529179970848123, activeness: 0.16982296266899138, primalobj: 0.9637460856598445, dualobj: -Inf
solve--
end solve-- RelaxOptimal OPTIMAL
 weights_sum: 1.0000000000000009
itereffortlevel: 0
--separating...
--find a better primal bound 0.14555511195646828 by Alternative descent Eigen
--found a cut state by heuristic 0.14555511195646828 0.07851928473519086 
iteration: 1168,  #states: 2274, valueb: 0.07851928473519086, activeness: 0.14555511195646828, primalobj: 0.9637356474472036, dualobj: -Inf
solve--
end solve-- RelaxOptimal OPTIMAL
 weights_sum: 1.0000000000000004
itereffortlevel: 0
--separating...
--find a better primal bound 0.13129822947892364 by Alternative descent Eigen
--found a cut state by heuristic 0.13129822947892364 0.06914237881786892 
iteration: 1169,  #states: 2275, valueb: 0.06914237881786892, activeness: 0.13129822947892364, primalobj: 0.9637282615209151, dualobj: -Inf
solve--
end solve-- RelaxOptimal OPTIMAL
 weights_sum: 0.9999999999999997
itereffortlevel: 0
--separating...
--find a better primal bound 0.07801325568111123 by Alternative descent Eigen
--found a cut state by heuristic 0.07801325568111123 0.01225515589660689 
iteration: 1170,  #states: 2276, valueb: 0.01225515589660689, activeness: 0.07801325568111123, primalobj: 0.9637212657170633, dualobj: -Inf
solve--
end solve-- RelaxOptimal OPTIMAL
 weights_sum: 1.0000000000000002
itereffortlevel: 0
--separating...
--find a better primal bound 0.1334002195559005 by Alternative descent Eigen
--found a cut state by heuristic 0.1334002195559005 0.07191298085675357 
iteration: 1171,  #states: 2277, valueb: 0.07191298085675357, activeness: 0.1334002195559005, primalobj: 0.9637172436485472, dualobj: -Inf
solve--
end solve-- RelaxOptimal OPTIMAL
 weights_sum: 0.9999999999999999
itereffortlevel: 0
--separating...
--find a better primal bound 0.1753343210971317 by Alternative descent Eigen
--found a cut state by heuristic 0.1753343210971317 0.0796341824354273 
iteration: 1172,  #states: 2278, valueb: 0.0796341824354273, activeness: 0.1753343210971317, primalobj: 0.9637128228533174, dualobj: -Inf
solve--
end solve-- RelaxOptimal OPTIMAL
 weights_sum: 0.9999999999999991
itereffortlevel: 0
--separating...
--find a better primal bound 0.17349690756830827 by Alternative descent Eigen
--found a cut state by heuristic 0.17349690756830827 0.08634589122998604 
iteration: 1173,  #states: 2279, valueb: 0.08634589122998604, activeness: 0.17349690756830827, primalobj: 0.963691775775263, dualobj: -Inf
solve--
end solve-- RelaxOptimal OPTIMAL
 weights_sum: 1.0
itereffortlevel: 0
--separating...
--find a better primal bound 0.14766922347979883 by Alternative descent Eigen
--found a cut state by heuristic 0.14766922347979883 0.08342070727394625 
iteration: 1174,  #states: 2280, valueb: 0.08342070727394625, activeness: 0.14766922347979883, primalobj: 0.963680988163429, dualobj: -Inf
solve--
end solve-- RelaxOptimal OPTIMAL
 weights_sum: 1.0000000000000002
itereffortlevel: 0
--separating...
--find a better primal bound 0.127965195595293 by Alternative descent Eigen
--found a cut state by heuristic 0.127965195595293 0.08795244513089256 
iteration: 1175,  #states: 2281, valueb: 0.08795244513089256, activeness: 0.127965195595293, primalobj: 0.9636722031796324, dualobj: -Inf
solve--
end solve-- RelaxOptimal OPTIMAL
 weights_sum: 0.9999999999999981
itereffortlevel: 0
--separating...
--find a better primal bound 0.17349686129846126 by Alternative descent Eigen
--found a cut state by heuristic 0.17349686129846126 0.0982541876046741 
iteration: 1176,  #states: 2282, valueb: 0.0982541876046741, activeness: 0.17349686129846126, primalobj: 0.9636695615103876, dualobj: -Inf
solve--
end solve-- RelaxOptimal OPTIMAL
 weights_sum: 1.0000000000000002
itereffortlevel: 0
--separating...
--find a better primal bound 0.10450975103362004 by Alternative descent Eigen
--found a cut state by heuristic 0.10450975103362004 0.0160006639232953 
iteration: 1177,  #states: 2283, valueb: 0.0160006639232953, activeness: 0.10450975103362004, primalobj: 0.9636594301372297, dualobj: -Inf
solve--
end solve-- RelaxOptimal OPTIMAL
 weights_sum: 0.9999999999999991
itereffortlevel: 0
--separating...
--find a better primal bound 0.08062474176958681 by Alternative descent Eigen
--found a cut state by heuristic 0.08062474176958681 0.019710754486090453 
iteration: 1178,  #states: 2284, valueb: 0.019710754486090453, activeness: 0.08062474176958681, primalobj: 0.9636509764209032, dualobj: -Inf
solve--
end solve-- RelaxOptimal OPTIMAL
 weights_sum: 1.0000000000000007
itereffortlevel: 0
--separating...
--find a better primal bound 0.10413000870671987 by Alternative descent Eigen
--found a cut state by heuristic 0.10413000870671987 0.027011574853590754 
iteration: 1179,  #states: 2285, valueb: 0.027011574853590754, activeness: 0.10413000870671987, primalobj: 0.9636384020937689, dualobj: -Inf
solve--
end solve-- RelaxOptimal OPTIMAL
 weights_sum: 1.0
itereffortlevel: 0
--separating...
--find a better primal bound 0.09942534703235495 by Alternative descent Eigen
--found a cut state by heuristic 0.09942534703235495 0.03864278114758418 
iteration: 1180,  #states: 2286, valueb: 0.03864278114758418, activeness: 0.09942534703235495, primalobj: 0.9636127675168445, dualobj: -Inf
solve--
end solve-- RelaxOptimal OPTIMAL
 weights_sum: 1.0000000000000007
itereffortlevel: 0
--separating...
--find a better primal bound 0.1354255958317398 by Alternative descent Eigen
--found a cut state by heuristic 0.1354255958317398 0.059582799333165584 
iteration: 1181,  #states: 2287, valueb: 0.059582799333165584, activeness: 0.1354255958317398, primalobj: 0.9636006659314363, dualobj: -Inf
solve--
end solve-- RelaxOptimal OPTIMAL
 weights_sum: 0.9999999999999997
itereffortlevel: 0
--separating...
--find a better primal bound 0.13670409234944533 by Alternative descent Eigen
--found a cut state by heuristic 0.13670409234944533 0.016827164293782757 
iteration: 1182,  #states: 2288, valueb: 0.016827164293782757, activeness: 0.13670409234944533, primalobj: 0.9635747071178218, dualobj: -Inf
solve--
end solve-- RelaxOptimal OPTIMAL
 weights_sum: 0.9999999999999991
itereffortlevel: 0
--separating...
--find a better primal bound 0.17146254970274585 by Alternative descent Eigen
--found a cut state by heuristic 0.17146254970274585 0.061954502755009064 
iteration: 1183,  #states: 2289, valueb: 0.061954502755009064, activeness: 0.17146254970274585, primalobj: 0.9635444400809258, dualobj: -Inf
solve--
end solve-- RelaxOptimal OPTIMAL
 weights_sum: 0.9999999999999999
itereffortlevel: 0
--separating...
--find a better primal bound 0.07563594785493521 by Alternative descent Eigen
--found a cut state by heuristic 0.07563594785493521 0.03455434250633432 
iteration: 1184,  #states: 2290, valueb: 0.03455434250633432, activeness: 0.07563594785493521, primalobj: 0.9635230468787179, dualobj: -Inf
solve--
end solve-- RelaxOptimal OPTIMAL
 weights_sum: 1.0000008164293852
itereffortlevel: 0
--separating...
--find a better primal bound 0.13724965197018538 by Alternative descent Eigen
--found a cut state by heuristic 0.13724965197018538 0.05802751567457138 
iteration: 1185,  #states: 2291, valueb: 0.05802751567457138, activeness: 0.13724965197018538, primalobj: 0.9635147512956647, dualobj: -Inf
solve--
end solve-- RelaxOptimal OPTIMAL
 weights_sum: 0.9999999999999989
itereffortlevel: 0
--separating...
--find a better primal bound 0.14004905561155495 by Alternative descent Eigen
--found a cut state by heuristic 0.14004905561155495 0.05010486623140037 
iteration: 1186,  #states: 2292, valueb: 0.05010486623140037, activeness: 0.14004905561155495, primalobj: 0.9634903471008682, dualobj: -Inf
solve--
end solve-- RelaxOptimal OPTIMAL
 weights_sum: 0.9999999999999996
itereffortlevel: 0
--separating...
--find a better primal bound 0.08315332145541335 by Alternative descent Eigen
--found a cut state by heuristic 0.08315332145541335 0.020034350237164825 
iteration: 1187,  #states: 2293, valueb: 0.020034350237164825, activeness: 0.08315332145541335, primalobj: 0.9634818583451297, dualobj: -Inf
solve--
end solve-- RelaxOptimal OPTIMAL
 weights_sum: 0.9999999999999991
itereffortlevel: 0
--separating...
--find a better primal bound 0.07122862417585793 by Alternative descent Eigen
--found a cut state by heuristic 0.07122862417585793 0.015201770678824672 
iteration: 1188,  #states: 2294, valueb: 0.015201770678824672, activeness: 0.07122862417585793, primalobj: 0.9634755031673168, dualobj: -Inf
solve--
end solve-- RelaxOptimal OPTIMAL
 weights_sum: 0.9999999999999988
itereffortlevel: 0
--separating...
--find a better primal bound 0.07612751456255887 by Alternative descent Eigen
--found a cut state by heuristic 0.07612751456255887 0.031001303780519712 
iteration: 1189,  #states: 2295, valueb: 0.031001303780519712, activeness: 0.07612751456255887, primalobj: 0.9634709216321706, dualobj: -Inf
solve--
end solve-- RelaxOptimal OPTIMAL
 weights_sum: 1.0000000000000009
itereffortlevel: 0
--separating...
--find a better primal bound 0.09140716248593017 by Alternative descent Eigen
--found a cut state by heuristic 0.09140716248593017 0.015491673336338718 
iteration: 1190,  #states: 2296, valueb: 0.015491673336338718, activeness: 0.09140716248593017, primalobj: 0.9634630900977985, dualobj: -Inf
solve--
end solve-- RelaxOptimal OPTIMAL
 weights_sum: 1.0000003623316966
itereffortlevel: 0
--separating...
--find a better primal bound 0.11353553235942487 by Alternative descent Eigen
--found a cut state by heuristic 0.11353553235942487 0.0240667682763793 
iteration: 1191,  #states: 2297, valueb: 0.0240667682763793, activeness: 0.11353553235942487, primalobj: 0.963447156232801, dualobj: -Inf
solve--
end solve-- RelaxOptimal OPTIMAL
 weights_sum: 1.0000000000000013
itereffortlevel: 0
--separating...
--find a better primal bound 0.10825939634666432 by Alternative descent Eigen
--found a cut state by heuristic 0.10825939634666432 0.03203395684067997 
iteration: 1192,  #states: 2298, valueb: 0.03203395684067997, activeness: 0.10825939634666432, primalobj: 0.96343355034515, dualobj: -Inf
solve--
end solve-- RelaxOptimal OPTIMAL
 weights_sum: 1.0
itereffortlevel: 0
--separating...
--find a better primal bound 0.09008954870003569 by Alternative descent Eigen
--found a cut state by heuristic 0.09008954870003569 0.012422843213736656 
iteration: 1193,  #states: 2299, valueb: 0.012422843213736656, activeness: 0.09008954870003569, primalobj: 0.9634188609304106, dualobj: -Inf
solve--
end solve-- RelaxOptimal OPTIMAL
 weights_sum: 0.9999999999999993
itereffortlevel: 0
--separating...
--find a better primal bound 0.07162145151047508 by Alternative descent Eigen
--found a cut state by heuristic 0.07162145151047508 0.02504615371249224 
iteration: 1194,  #states: 2300, valueb: 0.02504615371249224, activeness: 0.07162145151047508, primalobj: 0.963399511488849, dualobj: -Inf
solve--
end solve-- RelaxOptimal OPTIMAL
 weights_sum: 1.0000000000000013
itereffortlevel: 0
--separating...
--find a better primal bound 0.2044269629773701 by Alternative descent Eigen
--found a cut state by heuristic 0.2044269629773701 0.06246376275729192 
iteration: 1195,  #states: 2301, valueb: 0.06246376275729192, activeness: 0.2044269629773701, primalobj: 0.9633908610852293, dualobj: -Inf
solve--
end solve-- RelaxOptimal OPTIMAL
 weights_sum: 1.0000021264204604
itereffortlevel: 0
--separating...
--find a better primal bound 0.13006911190662335 by Alternative descent Eigen
--found a cut state by heuristic 0.13006911190662335 0.06136624538554142 
iteration: 1196,  #states: 2302, valueb: 0.06136624538554142, activeness: 0.13006911190662335, primalobj: 0.963365921841239, dualobj: -Inf
solve--
end solve-- RelaxOptimal OPTIMAL
 weights_sum: 1.0
itereffortlevel: 0
--separating...
--find a better primal bound 0.08935376630761319 by Alternative descent Eigen
--found a cut state by heuristic 0.08935376630761319 0.015659472452198592 
iteration: 1197,  #states: 2303, valueb: 0.015659472452198592, activeness: 0.08935376630761319, primalobj: 0.9633515700403513, dualobj: -Inf
solve--
end solve-- RelaxOptimal OPTIMAL
 weights_sum: 1.0000001656994826
itereffortlevel: 0
--separating...
--find a better primal bound 0.09112098327535176 by Alternative descent Eigen
--found a cut state by heuristic 0.09112098327535176 0.020311149886323158 
iteration: 1198,  #states: 2304, valueb: 0.020311149886323158, activeness: 0.09112098327535176, primalobj: 0.9633415086324812, dualobj: -Inf
solve--
end solve-- RelaxOptimal OPTIMAL
 weights_sum: 1.0000000000000004
itereffortlevel: 0
--separating...
--find a better primal bound 0.08707392648848736 by Alternative descent Eigen
--found a cut state by heuristic 0.08707392648848736 0.01104912182841744 
iteration: 1199,  #states: 2305, valueb: 0.01104912182841744, activeness: 0.08707392648848736, primalobj: 0.9633324605684449, dualobj: -Inf
solve--
end solve-- RelaxOptimal OPTIMAL
 weights_sum: 1.0000000004869825
itereffortlevel: 0
--separating...
--find a better primal bound 0.11795023368851582 by Alternative descent Eigen
--found a cut state by heuristic 0.11795023368851582 0.04792268336624564 
iteration: 1200,  #states: 2306, valueb: 0.04792268336624564, activeness: 0.11795023368851582, primalobj: 0.9633197547641754, dualobj: -Inf
solve--
end solve-- RelaxOptimal OPTIMAL
 weights_sum: 1.0000000000000004
itereffortlevel: 0
--separating...
--find a better primal bound 0.10224538422951338 by Alternative descent Eigen
--found a cut state by heuristic 0.10224538422951338 0.038194106249597626 
iteration: 1201,  #states: 2307, valueb: 0.038194106249597626, activeness: 0.10224538422951338, primalobj: 0.9633135019423784, dualobj: -Inf
solve--
end solve-- RelaxOptimal OPTIMAL
 weights_sum: 0.9999999999999993
itereffortlevel: 0
--separating...
--find a better primal bound 0.1055182843267241 by Alternative descent Eigen
--found a cut state by heuristic 0.1055182843267241 0.038375217209257045 
iteration: 1202,  #states: 2308, valueb: 0.038375217209257045, activeness: 0.1055182843267241, primalobj: 0.9633028114231195, dualobj: -Inf
solve--
end solve-- RelaxOptimal OPTIMAL
 weights_sum: 0.9999999999999993
itereffortlevel: 0
--separating...
--find a better primal bound 0.07449118154512085 by Alternative descent Eigen
--found a cut state by heuristic 0.07449118154512085 0.024323742106231245 
iteration: 1203,  #states: 2309, valueb: 0.024323742106231245, activeness: 0.07449118154512085, primalobj: 0.9632951528532346, dualobj: -Inf
solve--
end solve-- RelaxOptimal OPTIMAL
 weights_sum: 1.000000000000002
itereffortlevel: 0
--separating...
--find a better primal bound 0.088594126593789 by Alternative descent Eigen
--found a cut state by heuristic 0.088594126593789 0.021420318702685015 
iteration: 1204,  #states: 2310, valueb: 0.021420318702685015, activeness: 0.088594126593789, primalobj: 0.9632846003577968, dualobj: -Inf
solve--
end solve-- RelaxOptimal OPTIMAL
 weights_sum: 0.9999999999999988
itereffortlevel: 0
--separating...
--find a better primal bound 0.07878974128337325 by Alternative descent Eigen
--found a cut state by heuristic 0.07878974128337325 0.040812664852210696 
iteration: 1205,  #states: 2311, valueb: 0.040812664852210696, activeness: 0.07878974128337325, primalobj: 0.9632738008760711, dualobj: -Inf
solve--
end solve-- RelaxOptimal OPTIMAL
 weights_sum: 0.9999999999999993
itereffortlevel: 0
--separating...
--find a better primal bound 0.10136954491146988 by Alternative descent Eigen
--found a cut state by heuristic 0.10136954491146988 0.036326633852835855 
iteration: 1206,  #states: 2312, valueb: 0.036326633852835855, activeness: 0.10136954491146988, primalobj: 0.9632709182704847, dualobj: -Inf
solve--
end solve-- RelaxOptimal OPTIMAL
 weights_sum: 0.9999999999999999
itereffortlevel: 0
--separating...
--find a better primal bound 0.14127875581606816 by Alternative descent Eigen
--found a cut state by heuristic 0.14127875581606816 0.055143031500309636 
iteration: 1207,  #states: 2313, valueb: 0.055143031500309636, activeness: 0.14127875581606816, primalobj: 0.9632640377522423, dualobj: -Inf
solve--
end solve-- RelaxOptimal OPTIMAL
 weights_sum: 1.0000000000000007
itereffortlevel: 0
--separating...
--find a better primal bound 0.06844778115081124 by Alternative descent Eigen
--found a cut state by heuristic 0.06844778115081124 0.029642254803057145 
iteration: 1208,  #states: 2314, valueb: 0.029642254803057145, activeness: 0.06844778115081124, primalobj: 0.9632521504207872, dualobj: -Inf
solve--
end solve-- RelaxOptimal OPTIMAL
 weights_sum: 1.0000000000000004
itereffortlevel: 0
--separating...
--find a better primal bound 0.1169722772401724 by Alternative descent Eigen
--found a cut state by heuristic 0.1169722772401724 0.03457922063379996 
iteration: 1209,  #states: 2315, valueb: 0.03457922063379996, activeness: 0.1169722772401724, primalobj: 0.9632476521609934, dualobj: -Inf
solve--
end solve-- RelaxOptimal OPTIMAL
 weights_sum: 1.0000000000000009
itereffortlevel: 0
--separating...
--find a better primal bound 0.053824373551865146 by Alternative descent Eigen
--found a cut state by heuristic 0.053824373551865146 0.031926673734133854 
iteration: 1210,  #states: 2316, valueb: 0.031926673734133854, activeness: 0.053824373551865146, primalobj: 0.9632386359872973, dualobj: -Inf
solve--
end solve-- RelaxOptimal OPTIMAL
 weights_sum: 1.0000000000000002
itereffortlevel: 0
--separating...
--find a better primal bound 0.07908024687230888 by Alternative descent Eigen
--found a cut state by heuristic 0.07908024687230888 0.038450070043854076 
iteration: 1211,  #states: 2317, valueb: 0.038450070043854076, activeness: 0.07908024687230888, primalobj: 0.9632341016378934, dualobj: -Inf
solve--
end solve-- RelaxOptimal OPTIMAL
 weights_sum: 1.000000293520732
itereffortlevel: 0
--separating...
--find a better primal bound 0.17335720347576777 by Alternative descent Eigen
--found a cut state by heuristic 0.17335720347576777 0.06750233431144734 
iteration: 1212,  #states: 2318, valueb: 0.06750233431144734, activeness: 0.17335720347576777, primalobj: 0.9632216868987968, dualobj: -Inf
solve--
end solve-- RelaxOptimal OPTIMAL
 weights_sum: 1.0
itereffortlevel: 0
--separating...
--find a better primal bound 0.13327323531733687 by Alternative descent Eigen
--found a cut state by heuristic 0.13327323531733687 0.03788518533394178 
iteration: 1213,  #states: 2319, valueb: 0.03788518533394178, activeness: 0.13327323531733687, primalobj: 0.9632051130564763, dualobj: -Inf
solve--
end solve-- RelaxOptimal OPTIMAL
 weights_sum: 0.9999999999999999
itereffortlevel: 0
--separating...
--find a better primal bound 0.15499519059278383 by Alternative descent Eigen
--found a cut state by heuristic 0.15499519059278383 0.037234058603178966 
iteration: 1214,  #states: 2320, valueb: 0.037234058603178966, activeness: 0.15499519059278383, primalobj: 0.9631841557673757, dualobj: -Inf
solve--
end solve-- RelaxOptimal OPTIMAL
 weights_sum: 0.9999999999999999
itereffortlevel: 0
--separating...
--find a better primal bound 0.12292269323205479 by Alternative descent Eigen
--found a cut state by heuristic 0.12292269323205479 0.05966564453786627 
iteration: 1215,  #states: 2321, valueb: 0.05966564453786627, activeness: 0.12292269323205479, primalobj: 0.9631667241521977, dualobj: -Inf
solve--
end solve-- RelaxOptimal OPTIMAL
 weights_sum: 0.9999999999999996
itereffortlevel: 0
--separating...
--find a better primal bound 0.18095064141242834 by Alternative descent Eigen
--found a cut state by heuristic 0.18095064141242834 0.05542121250374281 
iteration: 1216,  #states: 2322, valueb: 0.05542121250374281, activeness: 0.18095064141242834, primalobj: 0.9631405959226056, dualobj: -Inf
solve--
end solve-- RelaxOptimal OPTIMAL
 weights_sum: 0.9999999999999983
itereffortlevel: 0
--separating...
--find a better primal bound 0.16475554127683267 by Alternative descent Eigen
--found a cut state by heuristic 0.16475554127683267 0.05805822452542174 
iteration: 1217,  #states: 2323, valueb: 0.05805822452542174, activeness: 0.16475554127683267, primalobj: 0.9631103228102785, dualobj: -Inf
solve--
end solve-- RelaxOptimal OPTIMAL
 weights_sum: 1.0000000000000002
itereffortlevel: 0
--separating...
--find a better primal bound 0.16460976132714017 by Alternative descent Eigen
--found a cut state by heuristic 0.16460976132714017 0.06227605506962875 
iteration: 1218,  #states: 2324, valueb: 0.06227605506962875, activeness: 0.16460976132714017, primalobj: 0.963094537367052, dualobj: -Inf
solve--
end solve-- RelaxOptimal OPTIMAL
 weights_sum: 1.0000009016849205
itereffortlevel: 0
--separating...
--find a better primal bound 0.13561324564481547 by Alternative descent Eigen
--found a cut state by heuristic 0.13561324564481547 0.04377249814213397 
iteration: 1219,  #states: 2325, valueb: 0.04377249814213397, activeness: 0.13561324564481547, primalobj: 0.9630591751384157, dualobj: -Inf
solve--
end solve-- RelaxOptimal OPTIMAL
 weights_sum: 1.0000011704360126
itereffortlevel: 0
--separating...
--find a better primal bound 0.09737025293171589 by Alternative descent Eigen
--found a cut state by heuristic 0.09737025293171589 0.03515068327992337 
iteration: 1220,  #states: 2326, valueb: 0.03515068327992337, activeness: 0.09737025293171589, primalobj: 0.9630355500672129, dualobj: -Inf
solve--
end solve-- RelaxOptimal OPTIMAL
 weights_sum: 0.9999999999999996
itereffortlevel: 0
--separating...
--find a better primal bound 0.08473501307616706 by Alternative descent Eigen
--found a cut state by heuristic 0.08473501307616706 0.027879398073901128 
iteration: 1221,  #states: 2327, valueb: 0.027879398073901128, activeness: 0.08473501307616706, primalobj: 0.9630238430849601, dualobj: -Inf
solve--
end solve-- RelaxOptimal OPTIMAL
 weights_sum: 0.9999999999999996
itereffortlevel: 0
--separating...
--find a better primal bound 0.07989188009552683 by Alternative descent Eigen
--found a cut state by heuristic 0.07989188009552683 0.03302152839034092 
iteration: 1222,  #states: 2328, valueb: 0.03302152839034092, activeness: 0.07989188009552683, primalobj: 0.9630177903432737, dualobj: -Inf
solve--
end solve-- RelaxOptimal OPTIMAL
 weights_sum: 1.000000000000001
itereffortlevel: 0
--separating...
--find a better primal bound 0.1603590252436477 by Alternative descent Eigen
--found a cut state by heuristic 0.1603590252436477 0.022175396842362024 
iteration: 1223,  #states: 2329, valueb: 0.022175396842362024, activeness: 0.1603590252436477, primalobj: 0.9630085969944147, dualobj: -Inf
solve--
end solve-- RelaxOptimal OPTIMAL
 weights_sum: 1.0000000000000004
itereffortlevel: 0
--separating...
--find a better primal bound 0.14509762326240805 by Alternative descent Eigen
--found a cut state by heuristic 0.14509762326240805 0.015202821517401958 
iteration: 1224,  #states: 2330, valueb: 0.015202821517401958, activeness: 0.14509762326240805, primalobj: 0.9629810048598941, dualobj: -Inf
solve--
end solve-- RelaxOptimal OPTIMAL
 weights_sum: 1.0000000203336232
itereffortlevel: 0
--separating...
--find a better primal bound 0.07487064476647005 by Alternative descent Eigen
--found a cut state by heuristic 0.07487064476647005 0.007761753525228274 
iteration: 1225,  #states: 2331, valueb: 0.007761753525228274, activeness: 0.07487064476647005, primalobj: 0.9629632363844972, dualobj: -Inf
solve--
end solve-- RelaxOptimal OPTIMAL
 weights_sum: 1.000000499812883
itereffortlevel: 0
--separating...
--find a better primal bound 0.10133159781892129 by Alternative descent Eigen
--found a cut state by heuristic 0.10133159781892129 0.01053324416835426 
iteration: 1226,  #states: 2332, valueb: 0.01053324416835426, activeness: 0.10133159781892129, primalobj: 0.9629558151422817, dualobj: -Inf
solve--
end solve-- RelaxOptimal OPTIMAL
 weights_sum: 1.0000000000000002
itereffortlevel: 0
--separating...
--find a better primal bound 0.0975442246321753 by Alternative descent Eigen
--found a cut state by heuristic 0.0975442246321753 0.01769550044339965 
iteration: 1227,  #states: 2333, valueb: 0.01769550044339965, activeness: 0.0975442246321753, primalobj: 0.9629395048478671, dualobj: -Inf
solve--
end solve-- RelaxOptimal OPTIMAL
 weights_sum: 1.0000000000000004
itereffortlevel: 0
--separating...
--find a better primal bound 0.0696747422377349 by Alternative descent Eigen
--found a cut state by heuristic 0.0696747422377349 0.0176435153321702 
iteration: 1228,  #states: 2334, valueb: 0.0176435153321702, activeness: 0.0696747422377349, primalobj: 0.9629305249363662, dualobj: -Inf
solve--
end solve-- RelaxOptimal OPTIMAL
 weights_sum: 1.0000008616741376
itereffortlevel: 0
--separating...
--find a better primal bound 0.14741190363377027 by Alternative descent Eigen
--found a cut state by heuristic 0.14741190363377027 0.008001754250533984 
iteration: 1229,  #states: 2335, valueb: 0.008001754250533984, activeness: 0.14741190363377027, primalobj: 0.9629182735857371, dualobj: -Inf
solve--
end solve-- RelaxOptimal OPTIMAL
 weights_sum: 1.0000000239875677
itereffortlevel: 0
--separating...
--find a better primal bound 0.09367354757181516 by Alternative descent Eigen
--found a cut state by heuristic 0.09367354757181516 0.0014279558633936854 
iteration: 1230,  #states: 2336, valueb: 0.0014279558633936854, activeness: 0.09367354757181516, primalobj: 0.962891778203697, dualobj: -Inf
solve--
end solve-- RelaxOptimal OPTIMAL
 weights_sum: 1.0000000000000009
itereffortlevel: 0
--separating...
--find a better primal bound 0.0678232515401971 by Alternative descent Eigen
--found a cut state by heuristic 0.0678232515401971 0.016658432729638295 
iteration: 1231,  #states: 2337, valueb: 0.016658432729638295, activeness: 0.0678232515401971, primalobj: 0.9628542692516412, dualobj: -Inf
solve--
end solve-- RelaxOptimal OPTIMAL
 weights_sum: 1.0
itereffortlevel: 0
--separating...
--find a better primal bound 0.12259210236149369 by Alternative descent Eigen
--found a cut state by heuristic 0.12259210236149369 0.024704377197756422 
iteration: 1232,  #states: 2338, valueb: 0.024704377197756422, activeness: 0.12259210236149369, primalobj: 0.962847044067571, dualobj: -Inf
solve--
end solve-- RelaxOptimal OPTIMAL
 weights_sum: 1.0000000000000009
itereffortlevel: 0
--separating...
--find a better primal bound 0.07905081260927849 by Alternative descent Eigen
--found a cut state by heuristic 0.07905081260927849 0.00859086795031986 
iteration: 1233,  #states: 2339, valueb: 0.00859086795031986, activeness: 0.07905081260927849, primalobj: 0.9628298466542822, dualobj: -Inf
solve--
end solve-- RelaxOptimal OPTIMAL
 weights_sum: 1.0
itereffortlevel: 0
--separating...
--find a better primal bound 0.09167201096402205 by Alternative descent Eigen
--found a cut state by heuristic 0.09167201096402205 0.03402807598708672 
iteration: 1234,  #states: 2340, valueb: 0.03402807598708672, activeness: 0.09167201096402205, primalobj: 0.9628137837146575, dualobj: -Inf
solve--
end solve-- RelaxOptimal OPTIMAL
 weights_sum: 0.9999999999999991
itereffortlevel: 0
--separating...
--find a better primal bound 0.07678979920034985 by Alternative descent Eigen
--found a cut state by heuristic 0.07678979920034985 0.003448214216805301 
iteration: 1235,  #states: 2341, valueb: 0.003448214216805301, activeness: 0.07678979920034985, primalobj: 0.9628039328461242, dualobj: -Inf
solve--
end solve-- RelaxOptimal OPTIMAL
 weights_sum: 1.0000000000000007
itereffortlevel: 0
--separating...
--find a better primal bound 0.08995172782525279 by Alternative descent Eigen
--found a cut state by heuristic 0.08995172782525279 0.006311523221049886 
iteration: 1236,  #states: 2342, valueb: 0.006311523221049886, activeness: 0.08995172782525279, primalobj: 0.9627991666867337, dualobj: -Inf
solve--
end solve-- RelaxOptimal OPTIMAL
 weights_sum: 1.0
itereffortlevel: 0
--separating...
--find a better primal bound 0.11443872258534413 by Alternative descent Eigen
--found a cut state by heuristic 0.11443872258534413 0.01838710105292683 
iteration: 1237,  #states: 2343, valueb: 0.01838710105292683, activeness: 0.11443872258534413, primalobj: 0.9627906279940158, dualobj: -Inf
solve--
end solve-- RelaxOptimal OPTIMAL
 weights_sum: 1.0000000000000004
itereffortlevel: 0
--separating...
--find a better primal bound 0.13974282173314842 by Alternative descent Eigen
--found a cut state by heuristic 0.13974282173314842 0.016553161329094047 
iteration: 1238,  #states: 2344, valueb: 0.016553161329094047, activeness: 0.13974282173314842, primalobj: 0.9627760481755014, dualobj: -Inf
solve--
end solve-- RelaxOptimal OPTIMAL
 weights_sum: 1.0
itereffortlevel: 0
--separating...
--find a better primal bound 0.11917616373474166 by Alternative descent Eigen
--found a cut state by heuristic 0.11917616373474166 0.03605323216024159 
iteration: 1239,  #states: 2345, valueb: 0.03605323216024159, activeness: 0.11917616373474166, primalobj: 0.9627412259098278, dualobj: -Inf
solve--
end solve-- RelaxOptimal OPTIMAL
 weights_sum: 0.9999999999999987
itereffortlevel: 0
--separating...
--find a better primal bound 0.09032414991387264 by Alternative descent Eigen
--found a cut state by heuristic 0.09032414991387264 0.03026918001919556 
iteration: 1240,  #states: 2346, valueb: 0.03026918001919556, activeness: 0.09032414991387264, primalobj: 0.9627315160579825, dualobj: -Inf
solve--
end solve-- RelaxOptimal OPTIMAL
 weights_sum: 1.0
itereffortlevel: 0
--separating...
--find a better primal bound 0.1165806201262096 by Alternative descent Eigen
--found a cut state by heuristic 0.1165806201262096 0.018141910258949345 
iteration: 1241,  #states: 2347, valueb: 0.018141910258949345, activeness: 0.1165806201262096, primalobj: 0.9627201430574731, dualobj: -Inf
solve--
end solve-- RelaxOptimal OPTIMAL
 weights_sum: 1.0000000000000018
itereffortlevel: 0
--separating...
--find a better primal bound 0.10778218319597915 by Alternative descent Eigen
--found a cut state by heuristic 0.10778218319597915 0.01178863137504685 
iteration: 1242,  #states: 2348, valueb: 0.01178863137504685, activeness: 0.10778218319597915, primalobj: 0.9626917045253721, dualobj: -Inf
solve--
end solve-- RelaxOptimal OPTIMAL
 weights_sum: 0.999999999999998
itereffortlevel: 0
--separating...
--find a better primal bound 0.1228478016032427 by Alternative descent Eigen
--found a cut state by heuristic 0.1228478016032427 0.0009132313801453771 
iteration: 1243,  #states: 2349, valueb: 0.0009132313801453771, activeness: 0.1228478016032427, primalobj: 0.9626805117776538, dualobj: -Inf
solve--
end solve-- RelaxOptimal OPTIMAL
 weights_sum: 1.0000000000000009
itereffortlevel: 0
--separating...
--find a better primal bound 0.025005905775958855 by Alternative descent Eigen
--found a cut state by heuristic 0.025005905775958855 0.0012632330452593118 
iteration: 1244,  #states: 2350, valueb: 0.0012632330452593118, activeness: 0.025005905775958855, primalobj: 0.9626588912920149, dualobj: -Inf
solve--
end solve-- RelaxOptimal OPTIMAL
 weights_sum: 1.0000000000000009
itereffortlevel: 0
--separating...
--find a better primal bound 0.08149176447002958 by Alternative descent Eigen
--found a cut state by heuristic 0.08149176447002958 0.0033644621094137683 
iteration: 1245,  #states: 2351, valueb: 0.0033644621094137683, activeness: 0.08149176447002958, primalobj: 0.9626572426366029, dualobj: -Inf
solve--
end solve-- RelaxOptimal OPTIMAL
 weights_sum: 0.9999999999999988
itereffortlevel: 0
--separating...
--find a better primal bound 0.04239779679298966 by Alternative descent Eigen
--found a cut state by heuristic 0.04239779679298966 0.008625943707257453 
iteration: 1246,  #states: 2352, valueb: 0.008625943707257453, activeness: 0.04239779679298966, primalobj: 0.9626415330711977, dualobj: -Inf
solve--
end solve-- RelaxOptimal OPTIMAL
 weights_sum: 1.0000019097955888
itereffortlevel: 0
--separating...
--find a better primal bound 0.08769112896903723 by Alternative descent Eigen
--found a cut state by heuristic 0.08769112896903723 0.012485740284696668 
iteration: 1247,  #states: 2353, valueb: 0.012485740284696668, activeness: 0.08769112896903723, primalobj: 0.9626381791535843, dualobj: -Inf
solve--
end solve-- RelaxOptimal OPTIMAL
 weights_sum: 0.9999999999999998
itereffortlevel: 0
--separating...
--find a better primal bound 0.07650568782318469 by Alternative descent Eigen
--found a cut state by heuristic 0.07650568782318469 0.016094254948472855 
iteration: 1248,  #states: 2354, valueb: 0.016094254948472855, activeness: 0.07650568782318469, primalobj: 0.9626316034894387, dualobj: -Inf
solve--
end solve-- RelaxOptimal OPTIMAL
 weights_sum: 0.999999999999999
itereffortlevel: 0
--separating...
--find a better primal bound 0.06221300968133769 by Alternative descent Eigen
--found a cut state by heuristic 0.06221300968133769 0.015457804470809466 
iteration: 1249,  #states: 2355, valueb: 0.015457804470809466, activeness: 0.06221300968133769, primalobj: 0.9626271063047789, dualobj: -Inf
solve--
end solve-- RelaxOptimal OPTIMAL
 weights_sum: 1.0000000000000004
itereffortlevel: 0
--separating...
--find a better primal bound 0.0605349171419981 by Alternative descent Eigen
--found a cut state by heuristic 0.0605349171419981 0.019325008954087952 
iteration: 1250,  #states: 2356, valueb: 0.019325008954087952, activeness: 0.0605349171419981, primalobj: 0.9626193430020749, dualobj: -Inf
solve--
end solve-- RelaxOptimal OPTIMAL
 weights_sum: 1.000000000000002
itereffortlevel: 0
--separating...
--find a better primal bound 0.06830129494349738 by Alternative descent Eigen
--found a cut state by heuristic 0.06830129494349738 0.03323380637506568 
iteration: 1251,  #states: 2357, valueb: 0.03323380637506568, activeness: 0.06830129494349738, primalobj: 0.9626108189514213, dualobj: -Inf
solve--
end solve-- RelaxOptimal OPTIMAL
 weights_sum: 1.000000000000001
itereffortlevel: 0
--separating...
--find a better primal bound 0.11681499047019736 by Alternative descent Eigen
--found a cut state by heuristic 0.11681499047019736 0.02662136583978739 
iteration: 1252,  #states: 2358, valueb: 0.02662136583978739, activeness: 0.11681499047019736, primalobj: 0.962608542474015, dualobj: -Inf
solve--
end solve-- RelaxOptimal OPTIMAL
 weights_sum: 0.9999999999999987
itereffortlevel: 0
--separating...
--find a better primal bound 0.14015343558981141 by Alternative descent Eigen
--found a cut state by heuristic 0.14015343558981141 0.005522484383025996 
iteration: 1253,  #states: 2359, valueb: 0.005522484383025996, activeness: 0.14015343558981141, primalobj: 0.962591737994599, dualobj: -Inf
solve--
end solve-- RelaxOptimal OPTIMAL
 weights_sum: 1.000000050360244
itereffortlevel: 0
--separating...
--find a better primal bound 0.14613790259366882 by Alternative descent Eigen
--found a cut state by heuristic 0.14613790259366882 0.03689012158023926 
iteration: 1254,  #states: 2360, valueb: 0.03689012158023926, activeness: 0.14613790259366882, primalobj: 0.9625681727861888, dualobj: -Inf
solve--
end solve-- RelaxOptimal OPTIMAL
 weights_sum: 0.9999999999999991
itereffortlevel: 0
--separating...
--find a better primal bound 0.0796717699397669 by Alternative descent Eigen
--found a cut state by heuristic 0.0796717699397669 0.03449282234171657 
iteration: 1255,  #states: 2361, valueb: 0.03449282234171657, activeness: 0.0796717699397669, primalobj: 0.9625514141691134, dualobj: -Inf
solve--
end solve-- RelaxOptimal OPTIMAL
 weights_sum: 1.0000001272286974
itereffortlevel: 0
--separating...
--find a better primal bound 0.06667314058335794 by Alternative descent Eigen
--found a cut state by heuristic 0.06667314058335794 0.03507153718633584 
iteration: 1256,  #states: 2362, valueb: 0.03507153718633584, activeness: 0.06667314058335794, primalobj: 0.9625404374938318, dualobj: -Inf
solve--
end solve-- RelaxOptimal OPTIMAL
 weights_sum: 0.9999999999999993
itereffortlevel: 0
--separating...
--find a better primal bound 0.11082575848607834 by Alternative descent Eigen
--found a cut state by heuristic 0.11082575848607834 0.02677042240627092 
iteration: 1257,  #states: 2363, valueb: 0.02677042240627092, activeness: 0.11082575848607834, primalobj: 0.9625366284958733, dualobj: -Inf
solve--
end solve-- RelaxOptimal OPTIMAL
 weights_sum: 0.9999999999999998
itereffortlevel: 0
--separating...
--find a better primal bound 0.16320228984056037 by Alternative descent Eigen
--found a cut state by heuristic 0.16320228984056037 0.0417174552431713 
iteration: 1258,  #states: 2364, valueb: 0.0417174552431713, activeness: 0.16320228984056037, primalobj: 0.962525540038786, dualobj: -Inf
solve--
end solve-- RelaxOptimal OPTIMAL
 weights_sum: 0.9999999999999992
itereffortlevel: 0
--separating...
--find a better primal bound 0.11403426417238664 by Alternative descent Eigen
--found a cut state by heuristic 0.11403426417238664 0.01959294183104232 
iteration: 1259,  #states: 2365, valueb: 0.01959294183104232, activeness: 0.11403426417238664, primalobj: 0.9625051789134796, dualobj: -Inf
solve--
end solve-- RelaxOptimal OPTIMAL
 weights_sum: 0.9999999999999996
itereffortlevel: 0
--separating...
--find a better primal bound 0.12613828207521452 by Alternative descent Eigen
--found a cut state by heuristic 0.12613828207521452 0.03329649966831837 
iteration: 1260,  #states: 2366, valueb: 0.03329649966831837, activeness: 0.12613828207521452, primalobj: 0.9624856281546992, dualobj: -Inf
solve--
end solve-- RelaxOptimal OPTIMAL
 weights_sum: 1.0000000965189262
itereffortlevel: 0
--separating...
--find a better primal bound 0.0871214779582823 by Alternative descent Eigen
--found a cut state by heuristic 0.0871214779582823 0.010478665157120013 
iteration: 1261,  #states: 2367, valueb: 0.010478665157120013, activeness: 0.0871214779582823, primalobj: 0.9624740796766129, dualobj: -Inf
solve--
end solve-- RelaxOptimal OPTIMAL
 weights_sum: 1.0000000000000016
itereffortlevel: 0
--separating...
--find a better primal bound 0.06591896571704947 by Alternative descent Eigen
--found a cut state by heuristic 0.06591896571704947 0.015137941945769638 
iteration: 1262,  #states: 2368, valueb: 0.015137941945769638, activeness: 0.06591896571704947, primalobj: 0.9624679586083426, dualobj: -Inf
solve--
end solve-- RelaxOptimal OPTIMAL
 weights_sum: 1.0
itereffortlevel: 0
--separating...
--find a better primal bound 0.0875250147633076 by Alternative descent Eigen
--found a cut state by heuristic 0.0875250147633076 0.024338675059175863 
iteration: 1263,  #states: 2369, valueb: 0.024338675059175863, activeness: 0.0875250147633076, primalobj: 0.9624618162881041, dualobj: -Inf
solve--
end solve-- RelaxOptimal OPTIMAL
 weights_sum: 1.0000000282491106
itereffortlevel: 0
--separating...
--find a better primal bound 0.11400525261457173 by Alternative descent Eigen
--found a cut state by heuristic 0.11400525261457173 0.01785377229536364 
iteration: 1264,  #states: 2370, valueb: 0.01785377229536364, activeness: 0.11400525261457173, primalobj: 0.9624525805723184, dualobj: -Inf
solve--
end solve-- RelaxOptimal OPTIMAL
 weights_sum: 0.9999999999999991
itereffortlevel: 0
--separating...
--find a better primal bound 0.10152143318159125 by Alternative descent Eigen
--found a cut state by heuristic 0.10152143318159125 0.022858323023010052 
iteration: 1265,  #states: 2371, valueb: 0.022858323023010052, activeness: 0.10152143318159125, primalobj: 0.9624373170609817, dualobj: -Inf
solve--
end solve-- RelaxOptimal OPTIMAL
 weights_sum: 0.9999999999999992
itereffortlevel: 0
--separating...
--find a better primal bound 0.14935420455607445 by Alternative descent Eigen
--found a cut state by heuristic 0.14935420455607445 0.05308846496650139 
iteration: 1266,  #states: 2372, valueb: 0.05308846496650139, activeness: 0.14935420455607445, primalobj: 0.9624269907872719, dualobj: -Inf
solve--
end solve-- RelaxOptimal OPTIMAL
 weights_sum: 1.0000001719192373
itereffortlevel: 0
--separating...
--find a better primal bound 0.09786608931133621 by Alternative descent Eigen
--found a cut state by heuristic 0.09786608931133621 0.02412408351206833 
iteration: 1267,  #states: 2373, valueb: 0.02412408351206833, activeness: 0.09786608931133621, primalobj: 0.962409654524583, dualobj: -Inf
solve--
end solve-- RelaxOptimal OPTIMAL
 weights_sum: 0.9999999999999994
itereffortlevel: 0
--separating...
--find a better primal bound 0.14089088948036588 by Alternative descent Eigen
--found a cut state by heuristic 0.14089088948036588 0.02658701498119037 
iteration: 1268,  #states: 2374, valueb: 0.02658701498119037, activeness: 0.14089088948036588, primalobj: 0.9623962053125807, dualobj: -Inf
solve--
end solve-- RelaxOptimal OPTIMAL
 weights_sum: 1.0000001130333003
itereffortlevel: 0
--separating...
--find a better primal bound 0.08022105482787946 by Alternative descent Eigen
--found a cut state by heuristic 0.08022105482787946 0.029299243910297392 
iteration: 1269,  #states: 2375, valueb: 0.029299243910297392, activeness: 0.08022105482787946, primalobj: 0.9623686712235231, dualobj: -Inf
solve--
end solve-- RelaxOptimal OPTIMAL
 weights_sum: 1.0000000000000009
itereffortlevel: 0
--separating...
--find a better primal bound 0.12162952074748465 by Alternative descent Eigen
--found a cut state by heuristic 0.12162952074748465 0.02358273112623932 
iteration: 1270,  #states: 2376, valueb: 0.02358273112623932, activeness: 0.12162952074748465, primalobj: 0.9623603361839426, dualobj: -Inf
solve--
end solve-- RelaxOptimal OPTIMAL
 weights_sum: 0.9999999999999996
itereffortlevel: 0
--separating...
--find a better primal bound 0.0938297787763703 by Alternative descent Eigen
--found a cut state by heuristic 0.0938297787763703 0.01887260744351929 
iteration: 1271,  #states: 2377, valueb: 0.01887260744351929, activeness: 0.0938297787763703, primalobj: 0.9623471662678057, dualobj: -Inf
solve--
end solve-- RelaxOptimal OPTIMAL
 weights_sum: 0.9999999999999991
itereffortlevel: 0
--separating...
--find a better primal bound 0.16472267646513186 by Alternative descent Eigen
--found a cut state by heuristic 0.16472267646513186 0.01983880761844663 
iteration: 1272,  #states: 2378, valueb: 0.01983880761844663, activeness: 0.16472267646513186, primalobj: 0.9623347782509851, dualobj: -Inf
solve--
end solve-- RelaxOptimal OPTIMAL
 weights_sum: 1.0000000000000002
itereffortlevel: 0
--separating...
--find a better primal bound 0.0974619008197988 by Alternative descent Eigen
--found a cut state by heuristic 0.0974619008197988 0.043882439170901275 
iteration: 1273,  #states: 2379, valueb: 0.043882439170901275, activeness: 0.0974619008197988, primalobj: 0.9622998896365216, dualobj: -Inf
solve--
end solve-- RelaxOptimal OPTIMAL
 weights_sum: 0.9999999999999998
itereffortlevel: 0
--separating...
--find a better primal bound 0.1574309615577889 by Alternative descent Eigen
--found a cut state by heuristic 0.1574309615577889 0.04075248327303115 
iteration: 1274,  #states: 2380, valueb: 0.04075248327303115, activeness: 0.1574309615577889, primalobj: 0.9622876122907876, dualobj: -Inf
solve--
end solve-- RelaxOptimal OPTIMAL
 weights_sum: 0.9999999999999996
itereffortlevel: 0
--separating...
--find a better primal bound 0.09630171132173151 by Alternative descent Eigen
--found a cut state by heuristic 0.09630171132173151 0.02578119172161386 
iteration: 1275,  #states: 2381, valueb: 0.02578119172161386, activeness: 0.09630171132173151, primalobj: 0.9622672475525211, dualobj: -Inf
solve--
end solve-- RelaxOptimal OPTIMAL
 weights_sum: 1.0000004085255512
itereffortlevel: 0
--separating...
--find a better primal bound 0.07734868716308835 by Alternative descent Eigen
--found a cut state by heuristic 0.07734868716308835 0.015580055773765176 
iteration: 1276,  #states: 2382, valueb: 0.015580055773765176, activeness: 0.07734868716308835, primalobj: 0.9622627258958276, dualobj: -Inf
solve--
end solve-- RelaxOptimal OPTIMAL
 weights_sum: 1.0000000000000002
itereffortlevel: 0
--separating...
--find a better primal bound 0.12312680134230969 by Alternative descent Eigen
--found a cut state by heuristic 0.12312680134230969 0.030356621746663343 
iteration: 1277,  #states: 2383, valueb: 0.030356621746663343, activeness: 0.12312680134230969, primalobj: 0.9622504345281676, dualobj: -Inf
solve--
end solve-- RelaxOptimal OPTIMAL
 weights_sum: 1.0000000005901144
itereffortlevel: 0
--separating...
--find a better primal bound 0.08647924642511803 by Alternative descent Eigen
--found a cut state by heuristic 0.08647924642511803 0.010387892886771917 
iteration: 1278,  #states: 2384, valueb: 0.010387892886771917, activeness: 0.08647924642511803, primalobj: 0.9622330833620913, dualobj: -Inf
solve--
end solve-- RelaxOptimal OPTIMAL
 weights_sum: 1.000000000000001
itereffortlevel: 0
--separating...
--find a better primal bound 0.06644576910130597 by Alternative descent Eigen
--found a cut state by heuristic 0.06644576910130597 0.03123207748247705 
iteration: 1279,  #states: 2385, valueb: 0.03123207748247705, activeness: 0.06644576910130597, primalobj: 0.9622177697164227, dualobj: -Inf
solve--
end solve-- RelaxOptimal OPTIMAL
 weights_sum: 1.0000000000000002
itereffortlevel: 0
--separating...
--find a better primal bound 0.13534589483685747 by Alternative descent Eigen
--found a cut state by heuristic 0.13534589483685747 0.02892412785381441 
iteration: 1280,  #states: 2386, valueb: 0.02892412785381441, activeness: 0.13534589483685747, primalobj: 0.9622055078773768, dualobj: -Inf
solve--
end solve-- RelaxOptimal OPTIMAL
 weights_sum: 1.000000113268475
itereffortlevel: 0
--separating...
--find a better primal bound 0.07375101747180508 by Alternative descent Eigen
--found a cut state by heuristic 0.07375101747180508 0.017746839966426026 
iteration: 1281,  #states: 2387, valueb: 0.017746839966426026, activeness: 0.07375101747180508, primalobj: 0.9621877901184073, dualobj: -Inf
solve--
end solve-- RelaxOptimal OPTIMAL
 weights_sum: 0.9999999999999997
itereffortlevel: 0
--separating...
--find a better primal bound 0.1407766038701341 by Alternative descent Eigen
--found a cut state by heuristic 0.1407766038701341 0.06388238945280345 
iteration: 1282,  #states: 2388, valueb: 0.06388238945280345, activeness: 0.1407766038701341, primalobj: 0.9621708289907414, dualobj: -Inf
solve--
end solve-- RelaxOptimal OPTIMAL
 weights_sum: 1.0
itereffortlevel: 0
--separating...
--find a better primal bound 0.0583578951549299 by Alternative descent Eigen
--found a cut state by heuristic 0.0583578951549299 0.021263977505031117 
iteration: 1283,  #states: 2389, valueb: 0.021263977505031117, activeness: 0.0583578951549299, primalobj: 0.9621617388190283, dualobj: -Inf
solve--
end solve-- RelaxOptimal OPTIMAL
 weights_sum: 1.0000000000000009
itereffortlevel: 0
--separating...
--find a better primal bound 0.07998599436405884 by Alternative descent Eigen
--found a cut state by heuristic 0.07998599436405884 0.015923506343335503 
iteration: 1284,  #states: 2390, valueb: 0.015923506343335503, activeness: 0.07998599436405884, primalobj: 0.962157388614624, dualobj: -Inf
solve--
end solve-- RelaxOptimal OPTIMAL
 weights_sum: 1.000000000000002
itereffortlevel: 0
--separating...
--find a better primal bound 0.11377128285713321 by Alternative descent Eigen
--found a cut state by heuristic 0.11377128285713321 0.04647827630031118 
iteration: 1285,  #states: 2391, valueb: 0.04647827630031118, activeness: 0.11377128285713321, primalobj: 0.9621462955776414, dualobj: -Inf
solve--
end solve-- RelaxOptimal OPTIMAL
 weights_sum: 1.0
itereffortlevel: 0
--separating...
--find a better primal bound 0.06277891458202481 by Alternative descent Eigen
--found a cut state by heuristic 0.06277891458202481 0.022388796595457255 
iteration: 1286,  #states: 2392, valueb: 0.022388796595457255, activeness: 0.06277891458202481, primalobj: 0.9621345245101892, dualobj: -Inf
solve--
end solve-- RelaxOptimal OPTIMAL
 weights_sum: 0.9999999999999991
itereffortlevel: 0
--separating...
--find a better primal bound 0.10327279366797619 by Alternative descent Eigen
--found a cut state by heuristic 0.10327279366797619 0.0160301122021099 
iteration: 1287,  #states: 2393, valueb: 0.0160301122021099, activeness: 0.10327279366797619, primalobj: 0.9621260978276038, dualobj: -Inf
solve--
end solve-- RelaxOptimal OPTIMAL
 weights_sum: 0.9999999999999996
itereffortlevel: 0
--separating...
--find a better primal bound 0.1072387351394327 by Alternative descent Eigen
--found a cut state by heuristic 0.1072387351394327 0.024390621731982413 
iteration: 1288,  #states: 2394, valueb: 0.024390621731982413, activeness: 0.1072387351394327, primalobj: 0.9621064504765503, dualobj: -Inf
solve--
end solve-- RelaxOptimal OPTIMAL
 weights_sum: 1.0000000000000004
itereffortlevel: 0
--separating...
--find a better primal bound 0.12041173349061679 by Alternative descent Eigen
--found a cut state by heuristic 0.12041173349061679 0.02787333628417893 
iteration: 1289,  #states: 2395, valueb: 0.02787333628417893, activeness: 0.12041173349061679, primalobj: 0.9620793946131492, dualobj: -Inf
solve--
end solve-- RelaxOptimal OPTIMAL
 weights_sum: 1.0000000000000004
itereffortlevel: 0
--separating...
--find a better primal bound 0.13967690541531608 by Alternative descent Eigen
--found a cut state by heuristic 0.13967690541531608 0.046095059304726876 
iteration: 1290,  #states: 2396, valueb: 0.046095059304726876, activeness: 0.13967690541531608, primalobj: 0.9620615214730369, dualobj: -Inf
solve--
end solve-- RelaxOptimal OPTIMAL
 weights_sum: 1.000000237636714
itereffortlevel: 0
--separating...
--find a better primal bound 0.05466452412306967 by Alternative descent Eigen
--found a cut state by heuristic 0.05466452412306967 0.020435801158006302 
iteration: 1291,  #states: 2397, valueb: 0.020435801158006302, activeness: 0.05466452412306967, primalobj: 0.9620451943869154, dualobj: -Inf
solve--
end solve-- RelaxOptimal OPTIMAL
 weights_sum: 1.0000000000000016
itereffortlevel: 0
--separating...
--find a better primal bound 0.09761915900837267 by Alternative descent Eigen
--found a cut state by heuristic 0.09761915900837267 0.025446034392608126 
iteration: 1292,  #states: 2398, valueb: 0.025446034392608126, activeness: 0.09761915900837267, primalobj: 0.9620428096479137, dualobj: -Inf
solve--
end solve-- RelaxOptimal OPTIMAL
 weights_sum: 0.9999999999999996
itereffortlevel: 0
--separating...
--find a better primal bound 0.08892204137714797 by Alternative descent Eigen
--found a cut state by heuristic 0.08892204137714797 0.024305318413026866 
iteration: 1293,  #states: 2399, valueb: 0.024305318413026866, activeness: 0.08892204137714797, primalobj: 0.9620224020034109, dualobj: -Inf
solve--
end solve-- RelaxOptimal OPTIMAL
 weights_sum: 1.0000000000000009
itereffortlevel: 0
--separating...
--find a better primal bound 0.1686939246203192 by Alternative descent Eigen
--found a cut state by heuristic 0.1686939246203192 0.052526698294966534 
iteration: 1294,  #states: 2400, valueb: 0.052526698294966534, activeness: 0.1686939246203192, primalobj: 0.9620066182352423, dualobj: -Inf
solve--
end solve-- RelaxOptimal OPTIMAL
 weights_sum: 0.9999999999999994
itereffortlevel: 0
--separating...
--find a better primal bound 0.10390784481653474 by Alternative descent Eigen
--found a cut state by heuristic 0.10390784481653474 0.03316483579694955 
iteration: 1295,  #states: 2401, valueb: 0.03316483579694955, activeness: 0.10390784481653474, primalobj: 0.9619852540247489, dualobj: -Inf
solve--
end solve-- RelaxOptimal OPTIMAL
 weights_sum: 1.0000000000000002
itereffortlevel: 0
--separating...
--find a better primal bound 0.08432059189978111 by Alternative descent Eigen
--found a cut state by heuristic 0.08432059189978111 0.014472748570394876 
iteration: 1296,  #states: 2402, valueb: 0.014472748570394876, activeness: 0.08432059189978111, primalobj: 0.9619757450927315, dualobj: -Inf
solve--
end solve-- RelaxOptimal OPTIMAL
 weights_sum: 1.0000000000000009
itereffortlevel: 0
--separating...
--find a better primal bound 0.07882523889360998 by Alternative descent Eigen
--found a cut state by heuristic 0.07882523889360998 0.01979182793467084 
iteration: 1297,  #states: 2403, valueb: 0.01979182793467084, activeness: 0.07882523889360998, primalobj: 0.9619675537486275, dualobj: -Inf
solve--
end solve-- RelaxOptimal OPTIMAL
 weights_sum: 1.0
itereffortlevel: 0
--separating...
--find a better primal bound 0.05393050627551041 by Alternative descent Eigen
--found a cut state by heuristic 0.05393050627551041 0.022636794190675102 
iteration: 1298,  #states: 2404, valueb: 0.022636794190675102, activeness: 0.05393050627551041, primalobj: 0.9619608533372574, dualobj: -Inf
solve--
end solve-- RelaxOptimal OPTIMAL
 weights_sum: 1.0000000000000002
itereffortlevel: 0
--separating...
--find a better primal bound 0.11852043999597338 by Alternative descent Eigen
--found a cut state by heuristic 0.11852043999597338 0.02525696310990666 
iteration: 1299,  #states: 2405, valueb: 0.02525696310990666, activeness: 0.11852043999597338, primalobj: 0.9619564280497108, dualobj: -Inf
solve--
end solve-- RelaxOptimal OPTIMAL
 weights_sum: 0.9999999999999991
itereffortlevel: 0
--separating...
--find a better primal bound 0.13465447908443196 by Alternative descent Eigen
--found a cut state by heuristic 0.13465447908443196 0.022900843581080636 
iteration: 1300,  #states: 2406, valueb: 0.022900843581080636, activeness: 0.13465447908443196, primalobj: 0.9619419170806656, dualobj: -Inf
solve--
end solve-- RelaxOptimal OPTIMAL
 weights_sum: 1.0000000000000007
itereffortlevel: 0
--separating...
--find a better primal bound 0.17261076704212258 by Alternative descent Eigen
--found a cut state by heuristic 0.17261076704212258 0.08676992373666455 
iteration: 1301,  #states: 2407, valueb: 0.08676992373666455, activeness: 0.17261076704212258, primalobj: 0.9619255559887493, dualobj: -Inf
solve--
end solve-- RelaxOptimal OPTIMAL
 weights_sum: 1.0000007154477484
itereffortlevel: 0
--separating...
--find a better primal bound 0.10828524339460963 by Alternative descent Eigen
--found a cut state by heuristic 0.10828524339460963 0.04312314224972096 
iteration: 1302,  #states: 2408, valueb: 0.04312314224972096, activeness: 0.10828524339460963, primalobj: 0.961914925175366, dualobj: -Inf
solve--
end solve-- RelaxOptimal OPTIMAL
 weights_sum: 1.0
itereffortlevel: 0
--separating...
--find a better primal bound 0.12536348335136732 by Alternative descent Eigen
--found a cut state by heuristic 0.12536348335136732 0.043139249120795406 
iteration: 1303,  #states: 2409, valueb: 0.043139249120795406, activeness: 0.12536348335136732, primalobj: 0.9619031628356696, dualobj: -Inf
solve--
end solve-- RelaxOptimal OPTIMAL
 weights_sum: 1.0000000000000004
itereffortlevel: 0
--separating...
--find a better primal bound 0.12823758477134606 by Alternative descent Eigen
--found a cut state by heuristic 0.12823758477134606 0.055847780391838096 
iteration: 1304,  #states: 2410, valueb: 0.055847780391838096, activeness: 0.12823758477134606, primalobj: 0.9618861827415557, dualobj: -Inf
solve--
end solve-- RelaxOptimal OPTIMAL
 weights_sum: 0.9999999999999994
itereffortlevel: 0
--separating...
--find a better primal bound 0.06982778221885053 by Alternative descent Eigen
--found a cut state by heuristic 0.06982778221885053 0.01385067770449117 
iteration: 1305,  #states: 2411, valueb: 0.01385067770449117, activeness: 0.06982778221885053, primalobj: 0.9618756287305896, dualobj: -Inf
solve--
end solve-- RelaxOptimal OPTIMAL
 weights_sum: 1.0000001206441638
itereffortlevel: 0
--separating...
--find a better primal bound 0.17822866441110355 by Alternative descent Eigen
--found a cut state by heuristic 0.17822866441110355 0.024878386594003234 
iteration: 1306,  #states: 2412, valueb: 0.024878386594003234, activeness: 0.17822866441110355, primalobj: 0.9618631489703525, dualobj: -Inf
solve--
end solve-- RelaxOptimal OPTIMAL
 weights_sum: 1.0000000000000004
itereffortlevel: 0
--separating...
--find a better primal bound 0.04766231876443645 by Alternative descent Eigen
--found a cut state by heuristic 0.04766231876443645 0.013716072443182542 
iteration: 1307,  #states: 2413, valueb: 0.013716072443182542, activeness: 0.04766231876443645, primalobj: 0.9618410532681962, dualobj: -Inf
solve--
end solve-- RelaxOptimal OPTIMAL
 weights_sum: 1.0000000000000004
itereffortlevel: 0
--separating...
--find a better primal bound 0.10764327260528493 by Alternative descent Eigen
--found a cut state by heuristic 0.10764327260528493 0.0294390776182054 
iteration: 1308,  #states: 2414, valueb: 0.0294390776182054, activeness: 0.10764327260528493, primalobj: 0.9618345230716694, dualobj: -Inf
solve--
end solve-- RelaxOptimal OPTIMAL
 weights_sum: 0.9999999999999998
itereffortlevel: 0
--separating...
--find a better primal bound 0.09093315963671053 by Alternative descent Eigen
--found a cut state by heuristic 0.09093315963671053 0.014384019055510788 
iteration: 1309,  #states: 2415, valueb: 0.014384019055510788, activeness: 0.09093315963671053, primalobj: 0.961819921752505, dualobj: -Inf
solve--
end solve-- RelaxOptimal OPTIMAL
 weights_sum: 1.0000000000000009
itereffortlevel: 0
--separating...
--find a better primal bound 0.04134041731101365 by Alternative descent Eigen
--found a cut state by heuristic 0.04134041731101365 0.0058755307784049415 
iteration: 1310,  #states: 2416, valueb: 0.0058755307784049415, activeness: 0.04134041731101365, primalobj: 0.9617985332176407, dualobj: -Inf
solve--
end solve-- RelaxOptimal OPTIMAL
 weights_sum: 1.0000002588598629
itereffortlevel: 0
--separating...
--find a better primal bound 0.12339420173957438 by Alternative descent Eigen
--found a cut state by heuristic 0.12339420173957438 0.028985625541839543 
iteration: 1311,  #states: 2417, valueb: 0.028985625541839543, activeness: 0.12339420173957438, primalobj: 0.96179442544078, dualobj: -Inf
solve--
end solve-- RelaxOptimal OPTIMAL
 weights_sum: 0.9999999999999989
itereffortlevel: 0
--separating...
--find a better primal bound 0.1130834929972304 by Alternative descent Eigen
--found a cut state by heuristic 0.1130834929972304 0.03831559599551715 
iteration: 1312,  #states: 2418, valueb: 0.03831559599551715, activeness: 0.1130834929972304, primalobj: 0.9617792102971716, dualobj: -Inf
solve--
end solve-- RelaxOptimal OPTIMAL
 weights_sum: 1.0
itereffortlevel: 0
--separating...
--find a better primal bound 0.07667488839333979 by Alternative descent Eigen
--found a cut state by heuristic 0.07667488839333979 0.016660242921132138 
iteration: 1313,  #states: 2419, valueb: 0.016660242921132138, activeness: 0.07667488839333979, primalobj: 0.9617715784850824, dualobj: -Inf
solve--
end solve-- RelaxOptimal OPTIMAL
 weights_sum: 1.0000000000000004
itereffortlevel: 0
--separating...
--find a better primal bound 0.0990169751224432 by Alternative descent Eigen
--found a cut state by heuristic 0.0990169751224432 0.002065671441464899 
iteration: 1314,  #states: 2420, valueb: 0.002065671441464899, activeness: 0.0990169751224432, primalobj: 0.9617674129250828, dualobj: -Inf
solve--
end solve-- RelaxOptimal OPTIMAL
 weights_sum: 1.0
itereffortlevel: 0
--separating...
--find a better primal bound 0.11450684128400976 by Alternative descent Eigen
--found a cut state by heuristic 0.11450684128400976 0.06359414551999265 
iteration: 1315,  #states: 2421, valueb: 0.06359414551999265, activeness: 0.11450684128400976, primalobj: 0.9617573346264578, dualobj: -Inf
solve--
end solve-- RelaxOptimal OPTIMAL
 weights_sum: 1.000000000000001
itereffortlevel: 0
--separating...
--find a better primal bound 0.12272667673989665 by Alternative descent Eigen
--found a cut state by heuristic 0.12272667673989665 0.0500896698755912 
iteration: 1316,  #states: 2422, valueb: 0.0500896698755912, activeness: 0.12272667673989665, primalobj: 0.9617498370604866, dualobj: -Inf
solve--
end solve-- RelaxOptimal OPTIMAL
 weights_sum: 1.0000000000000002
itereffortlevel: 0
--separating...
--find a better primal bound 0.12126776620158136 by Alternative descent Eigen
--found a cut state by heuristic 0.12126776620158136 0.03822855502995885 
iteration: 1317,  #states: 2423, valueb: 0.03822855502995885, activeness: 0.12126776620158136, primalobj: 0.9617377704292738, dualobj: -Inf
solve--
end solve-- RelaxOptimal OPTIMAL
 weights_sum: 1.0000000000000004
itereffortlevel: 0
--separating...
--find a better primal bound 0.1383628351749075 by Alternative descent Eigen
--found a cut state by heuristic 0.1383628351749075 0.03800002145952891 
iteration: 1318,  #states: 2424, valueb: 0.03800002145952891, activeness: 0.1383628351749075, primalobj: 0.9617257002262327, dualobj: -Inf
solve--
end solve-- RelaxOptimal OPTIMAL
 weights_sum: 1.0000000000000004
itereffortlevel: 0
--separating...
--find a better primal bound 0.09284126921609069 by Alternative descent Eigen
--found a cut state by heuristic 0.09284126921609069 0.04567604489324713 
iteration: 1319,  #states: 2425, valueb: 0.04567604489324713, activeness: 0.09284126921609069, primalobj: 0.9617156625346784, dualobj: -Inf
solve--
end solve-- RelaxOptimal OPTIMAL
 weights_sum: 1.0000000745324444
itereffortlevel: 0
--separating...
--find a better primal bound 0.11658340318797297 by Alternative descent Eigen
--found a cut state by heuristic 0.11658340318797297 0.05897550386401298 
iteration: 1320,  #states: 2426, valueb: 0.05897550386401298, activeness: 0.11658340318797297, primalobj: 0.961704605380247, dualobj: -Inf
solve--
end solve-- RelaxOptimal OPTIMAL
 weights_sum: 1.0000000000000009
itereffortlevel: 0
--separating...
--find a better primal bound 0.13262375386445321 by Alternative descent Eigen
--found a cut state by heuristic 0.13262375386445321 0.06348093543360811 
iteration: 1321,  #states: 2427, valueb: 0.06348093543360811, activeness: 0.13262375386445321, primalobj: 0.9616981520892045, dualobj: -Inf
solve--
end solve-- RelaxOptimal OPTIMAL
 weights_sum: 0.9999999999999996
itereffortlevel: 0
--separating...
--find a better primal bound 0.14147871016304608 by Alternative descent Eigen
--found a cut state by heuristic 0.14147871016304608 0.046164858999178174 
iteration: 1322,  #states: 2428, valueb: 0.046164858999178174, activeness: 0.14147871016304608, primalobj: 0.9616888936008194, dualobj: -Inf
solve--
end solve-- RelaxOptimal OPTIMAL
 weights_sum: 0.9999999999999996
itereffortlevel: 0
--separating...
--find a better primal bound 0.12602007488868347 by Alternative descent Eigen
--found a cut state by heuristic 0.12602007488868347 0.055782121746610874 
iteration: 1323,  #states: 2429, valueb: 0.055782121746610874, activeness: 0.12602007488868347, primalobj: 0.9616643301745852, dualobj: -Inf
solve--
end solve-- RelaxOptimal OPTIMAL
 weights_sum: 0.9999999999999998
itereffortlevel: 0
--separating...
--find a better primal bound 0.10192648291368486 by Alternative descent Eigen
--found a cut state by heuristic 0.10192648291368486 0.05016711000818302 
iteration: 1324,  #states: 2430, valueb: 0.05016711000818302, activeness: 0.10192648291368486, primalobj: 0.9616559700866341, dualobj: -Inf
solve--
end solve-- RelaxOptimal OPTIMAL
 weights_sum: 0.9999999999999996
itereffortlevel: 0
--separating...
--find a better primal bound 0.1448995901684853 by Alternative descent Eigen
--found a cut state by heuristic 0.1448995901684853 0.05373000064871509 
iteration: 1325,  #states: 2431, valueb: 0.05373000064871509, activeness: 0.1448995901684853, primalobj: 0.9616507562255378, dualobj: -Inf
solve--
end solve-- RelaxOptimal OPTIMAL
 weights_sum: 0.9999999999999998
itereffortlevel: 0
--separating...
--find a better primal bound 0.1950175719763837 by Alternative descent Eigen
--found a cut state by heuristic 0.1950175719763837 0.049575578311795473 
iteration: 1326,  #states: 2432, valueb: 0.049575578311795473, activeness: 0.1950175719763837, primalobj: 0.9616344808690481, dualobj: -Inf
solve--
end solve-- RelaxOptimal OPTIMAL
 weights_sum: 1.0000000000000004
itereffortlevel: 0
--separating...
--find a better primal bound 0.1093066407396324 by Alternative descent Eigen
--found a cut state by heuristic 0.1093066407396324 0.033143441821582076 
iteration: 1327,  #states: 2433, valueb: 0.033143441821582076, activeness: 0.1093066407396324, primalobj: 0.9616139543079315, dualobj: -Inf
solve--
end solve-- RelaxOptimal OPTIMAL
 weights_sum: 1.0000000000000002
itereffortlevel: 0
--separating...
--find a better primal bound 0.0767895418018705 by Alternative descent Eigen
--found a cut state by heuristic 0.0767895418018705 0.0467176251060093 
iteration: 1328,  #states: 2434, valueb: 0.0467176251060093, activeness: 0.0767895418018705, primalobj: 0.9615977733158084, dualobj: -Inf
solve--
end solve-- RelaxOptimal OPTIMAL
 weights_sum: 1.0000003016921852
itereffortlevel: 0
--separating...
--find a better primal bound 0.10516102507754901 by Alternative descent Eigen
--found a cut state by heuristic 0.10516102507754901 0.05136194292458654 
iteration: 1329,  #states: 2435, valueb: 0.05136194292458654, activeness: 0.10516102507754901, primalobj: 0.9615933640936125, dualobj: -Inf
solve--
end solve-- RelaxOptimal OPTIMAL
 weights_sum: 1.0
itereffortlevel: 0
--separating...
--find a better primal bound 0.10658700905475207 by Alternative descent Eigen
--found a cut state by heuristic 0.10658700905475207 0.032883902064005266 
iteration: 1330,  #states: 2436, valueb: 0.032883902064005266, activeness: 0.10658700905475207, primalobj: 0.9615865072702918, dualobj: -Inf
solve--
end solve-- RelaxOptimal OPTIMAL
 weights_sum: 0.9999999999999993
itereffortlevel: 0
--separating...
--find a better primal bound 0.07441673514806688 by Alternative descent Eigen
--found a cut state by heuristic 0.07441673514806688 0.014826866787011525 
iteration: 1331,  #states: 2437, valueb: 0.014826866787011525, activeness: 0.07441673514806688, primalobj: 0.9615737389573163, dualobj: -Inf
solve--
end solve-- RelaxOptimal OPTIMAL
 weights_sum: 0.9999999999999989
itereffortlevel: 0
--separating...
--find a better primal bound 0.0969409016133938 by Alternative descent Eigen
--found a cut state by heuristic 0.0969409016133938 0.019039398010507358 
iteration: 1332,  #states: 2438, valueb: 0.019039398010507358, activeness: 0.0969409016133938, primalobj: 0.9615683914141671, dualobj: -Inf
solve--
end solve-- RelaxOptimal OPTIMAL
 weights_sum: 0.9999999999999998
itereffortlevel: 0
--separating...
--find a better primal bound 0.04111843739599932 by Alternative descent Eigen
--found a cut state by heuristic 0.04111843739599932 0.01098532168597649 
iteration: 1333,  #states: 2439, valueb: 0.01098532168597649, activeness: 0.04111843739599932, primalobj: 0.9615529240824621, dualobj: -Inf
solve--
end solve-- RelaxOptimal OPTIMAL
 weights_sum: 0.9999999999999998
itereffortlevel: 0
--separating...
--find a better primal bound 0.06772140441744381 by Alternative descent Eigen
--found a cut state by heuristic 0.06772140441744381 0.03146476270733875 
iteration: 1334,  #states: 2440, valueb: 0.03146476270733875, activeness: 0.06772140441744381, primalobj: 0.9615494410647866, dualobj: -Inf
solve--
end solve-- RelaxOptimal OPTIMAL
 weights_sum: 1.0000000000000009
itereffortlevel: 0
--separating...
--find a better primal bound 0.06209443354528138 by Alternative descent Eigen
--found a cut state by heuristic 0.06209443354528138 0.02100711742012873 
iteration: 1335,  #states: 2441, valueb: 0.02100711742012873, activeness: 0.06209443354528138, primalobj: 0.9615442259024722, dualobj: -Inf
solve--
end solve-- RelaxOptimal OPTIMAL
 weights_sum: 1.0000003068482985
itereffortlevel: 0
--separating...
--find a better primal bound 0.14985090308668375 by Alternative descent Eigen
--found a cut state by heuristic 0.14985090308668375 0.0349130151027323 
iteration: 1336,  #states: 2442, valueb: 0.0349130151027323, activeness: 0.14985090308668375, primalobj: 0.9615387647805306, dualobj: -Inf
solve--
end solve-- RelaxOptimal OPTIMAL
 weights_sum: 0.9999999999999991
itereffortlevel: 0
--separating...
--find a better primal bound 0.09499634227605487 by Alternative descent Eigen
--found a cut state by heuristic 0.09499634227605487 0.03257310742902689 
iteration: 1337,  #states: 2443, valueb: 0.03257310742902689, activeness: 0.09499634227605487, primalobj: 0.9615180641335377, dualobj: -Inf
solve--
end solve-- RelaxOptimal OPTIMAL
 weights_sum: 1.0000000000000004
itereffortlevel: 0
--separating...
--find a better primal bound 0.10801713004226099 by Alternative descent Eigen
--found a cut state by heuristic 0.10801713004226099 0.030476704180242842 
iteration: 1338,  #states: 2444, valueb: 0.030476704180242842, activeness: 0.10801713004226099, primalobj: 0.961512106519055, dualobj: -Inf
solve--
end solve-- RelaxOptimal OPTIMAL
 weights_sum: 1.0000000000000002
itereffortlevel: 0
--separating...
--find a better primal bound 0.09873733165018476 by Alternative descent Eigen
--found a cut state by heuristic 0.09873733165018476 0.04228553948091439 
iteration: 1339,  #states: 2445, valueb: 0.04228553948091439, activeness: 0.09873733165018476, primalobj: 0.961504809724399, dualobj: -Inf
solve--
end solve-- RelaxOptimal OPTIMAL
 weights_sum: 1.0000006902210492
itereffortlevel: 0
--separating...
--find a better primal bound 0.14382409152524855 by Alternative descent Eigen
--found a cut state by heuristic 0.14382409152524855 0.04420566868732442 
iteration: 1340,  #states: 2446, valueb: 0.04420566868732442, activeness: 0.14382409152524855, primalobj: 0.9614998480671145, dualobj: -Inf
solve--
end solve-- RelaxOptimal OPTIMAL
 weights_sum: 0.9999999999999996
itereffortlevel: 0
--separating...
--find a better primal bound 0.12233400237749412 by Alternative descent Eigen
--found a cut state by heuristic 0.12233400237749412 0.030027613600810688 
iteration: 1341,  #states: 2447, valueb: 0.030027613600810688, activeness: 0.12233400237749412, primalobj: 0.9614876519435551, dualobj: -Inf
solve--
end solve-- RelaxOptimal OPTIMAL
 weights_sum: 1.0000000000000007
itereffortlevel: 0
--separating...
--find a better primal bound 0.10808234136056952 by Alternative descent Eigen
--found a cut state by heuristic 0.10808234136056952 0.035435364822400096 
iteration: 1342,  #states: 2448, valueb: 0.035435364822400096, activeness: 0.10808234136056952, primalobj: 0.9614677612270368, dualobj: -Inf
solve--
end solve-- RelaxOptimal OPTIMAL
 weights_sum: 1.0000000000000002
itereffortlevel: 0
--separating...
--find a better primal bound 0.06287176225499955 by Alternative descent Eigen
--found a cut state by heuristic 0.06287176225499955 0.03409145990446194 
iteration: 1343,  #states: 2449, valueb: 0.03409145990446194, activeness: 0.06287176225499955, primalobj: 0.9614570604021533, dualobj: -Inf
solve--
end solve-- RelaxOptimal OPTIMAL
 weights_sum: 1.000000000000001
itereffortlevel: 0
--separating...
--find a better primal bound 0.06657175183670874 by Alternative descent Eigen
--found a cut state by heuristic 0.06657175183670874 0.03920874309881611 
iteration: 1344,  #states: 2450, valueb: 0.03920874309881611, activeness: 0.06657175183670874, primalobj: 0.9614524306369131, dualobj: -Inf
solve--
end solve-- RelaxOptimal OPTIMAL
 weights_sum: 1.0000000000000002
itereffortlevel: 0
--separating...
--find a better primal bound 0.11998410454633464 by Alternative descent Eigen
--found a cut state by heuristic 0.11998410454633464 0.06075685143618453 
iteration: 1345,  #states: 2451, valueb: 0.06075685143618453, activeness: 0.11998410454633464, primalobj: 0.9614476838080508, dualobj: -Inf
solve--
end solve-- RelaxOptimal OPTIMAL
 weights_sum: 0.9999999999999992
itereffortlevel: 0
--separating...
--find a better primal bound 0.11695921388609401 by Alternative descent Eigen
--found a cut state by heuristic 0.11695921388609401 0.04040289520062615 
iteration: 1346,  #states: 2452, valueb: 0.04040289520062615, activeness: 0.11695921388609401, primalobj: 0.9614349818295379, dualobj: -Inf
solve--
end solve-- RelaxOptimal OPTIMAL
 weights_sum: 1.0000000135139273
itereffortlevel: 0
--separating...
--find a better primal bound 0.13237792174117105 by Alternative descent Eigen
--found a cut state by heuristic 0.13237792174117105 0.05390382988301754 
iteration: 1347,  #states: 2453, valueb: 0.05390382988301754, activeness: 0.13237792174117105, primalobj: 0.961422917041385, dualobj: -Inf
solve--
end solve-- RelaxOptimal OPTIMAL
 weights_sum: 1.0000001339405156
itereffortlevel: 0
--separating...
--find a better primal bound 0.12681839772170853 by Alternative descent Eigen
--found a cut state by heuristic 0.12681839772170853 0.01656201094385047 
iteration: 1348,  #states: 2454, valueb: 0.01656201094385047, activeness: 0.12681839772170853, primalobj: 0.9614089858715056, dualobj: -Inf
solve--
end solve-- RelaxOptimal OPTIMAL
 weights_sum: 1.0000000000000009
itereffortlevel: 0
--separating...
--find a better primal bound 0.09896993314401098 by Alternative descent Eigen
--found a cut state by heuristic 0.09896993314401098 0.02294237786049294 
iteration: 1349,  #states: 2455, valueb: 0.02294237786049294, activeness: 0.09896993314401098, primalobj: 0.9613975603567178, dualobj: -Inf
solve--
end solve-- RelaxOptimal OPTIMAL
 weights_sum: 1.0000000000000016
itereffortlevel: 0
--separating...
--find a better primal bound 0.07129299967111002 by Alternative descent Eigen
--found a cut state by heuristic 0.07129299967111002 0.01695635129783815 
iteration: 1350,  #states: 2456, valueb: 0.01695635129783815, activeness: 0.07129299967111002, primalobj: 0.9613866130228392, dualobj: -Inf
solve--
end solve-- RelaxOptimal OPTIMAL
 weights_sum: 1.000000000000001
itereffortlevel: 0
--separating...
--find a better primal bound 0.08874427459834458 by Alternative descent Eigen
--found a cut state by heuristic 0.08874427459834458 0.011941207985573965 
iteration: 1351,  #states: 2457, valueb: 0.011941207985573965, activeness: 0.08874427459834458, primalobj: 0.961378835935005, dualobj: -Inf
solve--
end solve-- RelaxOptimal OPTIMAL
 weights_sum: 0.9999999999999996
itereffortlevel: 0
--separating...
--find a better primal bound 0.1211743557124968 by Alternative descent Eigen
--found a cut state by heuristic 0.1211743557124968 0.042863113359925986 
iteration: 1352,  #states: 2458, valueb: 0.042863113359925986, activeness: 0.1211743557124968, primalobj: 0.961369868989661, dualobj: -Inf
solve--
end solve-- RelaxOptimal OPTIMAL
 weights_sum: 1.000000340853516
itereffortlevel: 0
--separating...
--find a better primal bound 0.07734895912378077 by Alternative descent Eigen
--found a cut state by heuristic 0.07734895912378077 0.000522371043381092 
iteration: 1353,  #states: 2459, valueb: 0.000522371043381092, activeness: 0.07734895912378077, primalobj: 0.9613424236544563, dualobj: -Inf
solve--
end solve-- RelaxOptimal OPTIMAL
 weights_sum: 1.0000000000000016
itereffortlevel: 0
--separating...
--find a better primal bound 0.08182924005166792 by Alternative descent Eigen
--found a cut state by heuristic 0.08182924005166792 0.015603014903708239 
iteration: 1354,  #states: 2460, valueb: 0.015603014903708239, activeness: 0.08182924005166792, primalobj: 0.9613272947583169, dualobj: -Inf
solve--
end solve-- RelaxOptimal OPTIMAL
 weights_sum: 0.9999999999999993
itereffortlevel: 0
--separating...
--find a better primal bound 0.1255556355824578 by Alternative descent Eigen
--found a cut state by heuristic 0.1255556355824578 0.08603129571087613 
iteration: 1355,  #states: 2461, valueb: 0.08603129571087613, activeness: 0.1255556355824578, primalobj: 0.9613186651040211, dualobj: -Inf
solve--
end solve-- RelaxOptimal OPTIMAL
 weights_sum: 0.9999999999999994
itereffortlevel: 0
--separating...
--find a better primal bound 0.07579056144116623 by Alternative descent Eigen
--found a cut state by heuristic 0.07579056144116623 0.02521470406277468 
iteration: 1356,  #states: 2462, valueb: 0.02521470406277468, activeness: 0.07579056144116623, primalobj: 0.9613147592080908, dualobj: -Inf
solve--
end solve-- RelaxOptimal OPTIMAL
 weights_sum: 1.000000000000001
itereffortlevel: 0
--separating...
--find a better primal bound 0.06331640582415293 by Alternative descent Eigen
--found a cut state by heuristic 0.06331640582415293 0.02137557957891434 
iteration: 1357,  #states: 2463, valueb: 0.02137557957891434, activeness: 0.06331640582415293, primalobj: 0.9613127492506718, dualobj: -Inf
solve--
end solve-- RelaxOptimal OPTIMAL
 weights_sum: 1.000000348587332
itereffortlevel: 0
--separating...
--find a better primal bound 0.04490833976616106 by Alternative descent Eigen
--found a cut state by heuristic 0.04490833976616106 0.022293584417159316 
iteration: 1358,  #states: 2464, valueb: 0.022293584417159316, activeness: 0.04490833976616106, primalobj: 0.9613118027580803, dualobj: -Inf
solve--
end solve-- RelaxOptimal OPTIMAL
 weights_sum: 1.0000001337237256
itereffortlevel: 0
--separating...
--find a better primal bound 0.0813787597038582 by Alternative descent Eigen
--found a cut state by heuristic 0.0813787597038582 0.0140369580445416 
iteration: 1359,  #states: 2465, valueb: 0.0140369580445416, activeness: 0.0813787597038582, primalobj: 0.9613105716921541, dualobj: -Inf
solve--
end solve-- RelaxOptimal OPTIMAL
 weights_sum: 0.9999999999999997
itereffortlevel: 0
--separating...
--find a better primal bound 0.06947351976183086 by Alternative descent Eigen
--found a cut state by heuristic 0.06947351976183086 0.028268835900505763 
iteration: 1360,  #states: 2466, valueb: 0.028268835900505763, activeness: 0.06947351976183086, primalobj: 0.9613025089923144, dualobj: -Inf
solve--
end solve-- RelaxOptimal OPTIMAL
 weights_sum: 1.0000000000000009
itereffortlevel: 0
--separating...
--find a better primal bound 0.09145393288355613 by Alternative descent Eigen
--found a cut state by heuristic 0.09145393288355613 0.01723653708532409 
iteration: 1361,  #states: 2467, valueb: 0.01723653708532409, activeness: 0.09145393288355613, primalobj: 0.9612998052987525, dualobj: -Inf
solve--
end solve-- RelaxOptimal OPTIMAL
 weights_sum: 0.9999999999999994
itereffortlevel: 0
--separating...
--find a better primal bound 0.11816251035296238 by Alternative descent Eigen
--found a cut state by heuristic 0.11816251035296238 0.01945871224409393 
iteration: 1362,  #states: 2468, valueb: 0.01945871224409393, activeness: 0.11816251035296238, primalobj: 0.9612845562419391, dualobj: -Inf
solve--
end solve-- RelaxOptimal OPTIMAL
 weights_sum: 1.0000000000000016
itereffortlevel: 0
--separating...
--find a better primal bound 0.10087141767282004 by Alternative descent Eigen
--found a cut state by heuristic 0.10087141767282004 0.019191522513759544 
iteration: 1363,  #states: 2469, valueb: 0.019191522513759544, activeness: 0.10087141767282004, primalobj: 0.9612702837076172, dualobj: -Inf
solve--
end solve-- RelaxOptimal OPTIMAL
 weights_sum: 1.0
itereffortlevel: 0
--separating...
--find a better primal bound 0.11279623847171388 by Alternative descent Eigen
--found a cut state by heuristic 0.11279623847171388 0.026883563097494644 
iteration: 1364,  #states: 2470, valueb: 0.026883563097494644, activeness: 0.11279623847171388, primalobj: 0.9612556173388755, dualobj: -Inf
solve--
end solve-- RelaxOptimal OPTIMAL
 weights_sum: 0.9999999999999999
itereffortlevel: 0
--separating...
--find a better primal bound 0.0683937418517156 by Alternative descent Eigen
--found a cut state by heuristic 0.0683937418517156 0.01570149062143386 
iteration: 1365,  #states: 2471, valueb: 0.01570149062143386, activeness: 0.0683937418517156, primalobj: 0.9612396078067743, dualobj: -Inf
solve--
end solve-- RelaxOptimal OPTIMAL
 weights_sum: 1.0000007445655117
itereffortlevel: 0
--separating...
--find a better primal bound 0.08050488751542886 by Alternative descent Eigen
--found a cut state by heuristic 0.08050488751542886 0.016633110844033586 
iteration: 1366,  #states: 2472, valueb: 0.016633110844033586, activeness: 0.08050488751542886, primalobj: 0.9612339201815869, dualobj: -Inf
solve--
end solve-- RelaxOptimal OPTIMAL
 weights_sum: 0.9999999999999991
itereffortlevel: 0
--separating...
--find a better primal bound 0.18302206528682785 by Alternative descent Eigen
--found a cut state by heuristic 0.18302206528682785 0.02153408306211134 
iteration: 1367,  #states: 2473, valueb: 0.02153408306211134, activeness: 0.18302206528682785, primalobj: 0.9612276684319518, dualobj: -Inf
solve--
end solve-- RelaxOptimal OPTIMAL
 weights_sum: 0.9999999999999997
itereffortlevel: 0
--separating...
--find a better primal bound 0.13952812553225208 by Alternative descent Eigen
--found a cut state by heuristic 0.13952812553225208 0.044965373611975445 
iteration: 1368,  #states: 2474, valueb: 0.044965373611975445, activeness: 0.13952812553225208, primalobj: 0.961200206861413, dualobj: -Inf
solve--
end solve-- RelaxOptimal OPTIMAL
 weights_sum: 0.9999999999999993
itereffortlevel: 0
--separating...
--find a better primal bound 0.06090158967323227 by Alternative descent Eigen
--found a cut state by heuristic 0.06090158967323227 -0.0 
iteration: 1369,  #states: 2475, valueb: -0.0, activeness: 0.06090158967323227, primalobj: 0.9611857317416101, dualobj: -Inf
solve--
end solve-- RelaxOptimal OPTIMAL
 weights_sum: 0.9999999999999991
itereffortlevel: 0
--separating...
--find a better primal bound 0.08893715647595991 by Alternative descent Eigen
--found a cut state by heuristic 0.08893715647595991 0.04436676007801543 
iteration: 1370,  #states: 2476, valueb: 0.04436676007801543, activeness: 0.08893715647595991, primalobj: 0.9611748740692343, dualobj: -Inf
solve--
end solve-- RelaxOptimal OPTIMAL
 weights_sum: 0.9999999999999998
itereffortlevel: 0
--separating...
--find a better primal bound 0.12332080140301044 by Alternative descent Eigen
--found a cut state by heuristic 0.12332080140301044 0.04603817101825311 
iteration: 1371,  #states: 2477, valueb: 0.04603817101825311, activeness: 0.12332080140301044, primalobj: 0.9611660795928472, dualobj: -Inf
solve--
end solve-- RelaxOptimal OPTIMAL
 weights_sum: 0.9999999999999994
itereffortlevel: 0
--separating...
--find a better primal bound 0.08124821502867158 by Alternative descent Eigen
--found a cut state by heuristic 0.08124821502867158 0.058235779550787174 
iteration: 1372,  #states: 2478, valueb: 0.058235779550787174, activeness: 0.08124821502867158, primalobj: 0.9611568112932501, dualobj: -Inf
solve--
end solve-- RelaxOptimal OPTIMAL
 weights_sum: 0.9999999999999989
itereffortlevel: 0
--separating...
--find a better primal bound 0.09042603838589913 by Alternative descent Eigen
--found a cut state by heuristic 0.09042603838589913 0.05779429540487491 
iteration: 1373,  #states: 2479, valueb: 0.05779429540487491, activeness: 0.09042603838589913, primalobj: 0.9611534112407155, dualobj: -Inf
solve--
end solve-- RelaxOptimal OPTIMAL
 weights_sum: 1.000000639727371
itereffortlevel: 0
--separating...
--find a better primal bound 0.09381498251062896 by Alternative descent Eigen
--found a cut state by heuristic 0.09381498251062896 0.042874559604677315 
iteration: 1374,  #states: 2480, valueb: 0.042874559604677315, activeness: 0.09381498251062896, primalobj: 0.9611515959360722, dualobj: -Inf
solve--
end solve-- RelaxOptimal OPTIMAL
 weights_sum: 0.9999999999999997
itereffortlevel: 0
--separating...
--find a better primal bound 0.020858539023825933 by Alternative descent Eigen
--found a cut state by heuristic 0.020858539023825933 -0.0 
iteration: 1375,  #states: 2481, valueb: -0.0, activeness: 0.020858539023825933, primalobj: 0.9611474151603274, dualobj: -Inf
solve--
end solve-- RelaxOptimal OPTIMAL
 weights_sum: 0.9999999999999993
itereffortlevel: 0
--separating...
--find a better primal bound 0.10983112430676109 by Alternative descent Eigen
--found a cut state by heuristic 0.10983112430676109 -0.0 
iteration: 1376,  #states: 2482, valueb: -0.0, activeness: 0.10983112430676109, primalobj: 0.9611459337484942, dualobj: -Inf
solve--
end solve-- RelaxOptimal OPTIMAL
 weights_sum: 0.9999999999999989
itereffortlevel: 0
--separating...
--find a better primal bound 0.1344575487734239 by Alternative descent Eigen
--found a cut state by heuristic 0.1344575487734239 0.057709523447837086 
iteration: 1377,  #states: 2483, valueb: 0.057709523447837086, activeness: 0.1344575487734239, primalobj: 0.9611281212809711, dualobj: -Inf
solve--
end solve-- RelaxOptimal OPTIMAL
 weights_sum: 1.0000000000000004
itereffortlevel: 0
--separating...
--find a better primal bound 0.11712622020681437 by Alternative descent Eigen
--found a cut state by heuristic 0.11712622020681437 0.06468729977923685 
iteration: 1378,  #states: 2484, valueb: 0.06468729977923685, activeness: 0.11712622020681437, primalobj: 0.9611096775659997, dualobj: -Inf
solve--
end solve-- RelaxOptimal OPTIMAL
 weights_sum: 1.0000000000000004
itereffortlevel: 0
--separating...
--find a better primal bound 0.12656785572546872 by Alternative descent Eigen
--found a cut state by heuristic 0.12656785572546872 0.049503294380569926 
iteration: 1379,  #states: 2485, valueb: 0.049503294380569926, activeness: 0.12656785572546872, primalobj: 0.9611011435333798, dualobj: -Inf
solve--
end solve-- RelaxOptimal OPTIMAL
 weights_sum: 0.9999999999999997
itereffortlevel: 0
--separating...
--find a better primal bound 0.12258430709012888 by Alternative descent Eigen
--found a cut state by heuristic 0.12258430709012888 0.035581178086507154 
iteration: 1380,  #states: 2486, valueb: 0.035581178086507154, activeness: 0.12258430709012888, primalobj: 0.9610925096244831, dualobj: -Inf
solve--
end solve-- RelaxOptimal OPTIMAL
 weights_sum: 1.000000035858918
itereffortlevel: 0
--separating...
--find a better primal bound 0.058835270736199125 by Alternative descent Eigen
--found a cut state by heuristic 0.058835270736199125 -0.0 
iteration: 1381,  #states: 2487, valueb: -0.0, activeness: 0.058835270736199125, primalobj: 0.961075062746516, dualobj: -Inf
solve--
end solve-- RelaxOptimal OPTIMAL
 weights_sum: 1.0000009921231536
itereffortlevel: 0
--separating...
--find a better primal bound 0.1250881389815567 by Alternative descent Eigen
--found a cut state by heuristic 0.1250881389815567 0.04615126706610671 
iteration: 1382,  #states: 2488, valueb: 0.04615126706610671, activeness: 0.1250881389815567, primalobj: 0.9610684036235873, dualobj: -Inf
solve--
end solve-- RelaxOptimal OPTIMAL
 weights_sum: 0.9999999999999981
itereffortlevel: 0
--separating...
--find a better primal bound 0.13063370047470743 by Alternative descent Eigen
--found a cut state by heuristic 0.13063370047470743 0.051805728428137576 
iteration: 1383,  #states: 2489, valueb: 0.051805728428137576, activeness: 0.13063370047470743, primalobj: 0.9610609984208217, dualobj: -Inf
solve--
end solve-- RelaxOptimal OPTIMAL
 weights_sum: 1.0
itereffortlevel: 0
--separating...
--find a better primal bound 0.10174065308083582 by Alternative descent Eigen
--found a cut state by heuristic 0.10174065308083582 0.03213580012572643 
iteration: 1384,  #states: 2490, valueb: 0.03213580012572643, activeness: 0.10174065308083582, primalobj: 0.9610459522342095, dualobj: -Inf
solve--
end solve-- RelaxOptimal OPTIMAL
 weights_sum: 0.9999999999999987
itereffortlevel: 0
--separating...
--find a better primal bound 0.056729794992571476 by Alternative descent Eigen
--found a cut state by heuristic 0.056729794992571476 0.0526491788609835 
iteration: 1385,  #states: 2491, valueb: 0.0526491788609835, activeness: 0.056729794992571476, primalobj: 0.961037145202192, dualobj: -Inf
solve--
end solve-- RelaxOptimal OPTIMAL
 weights_sum: 1.0000000000000007
itereffortlevel: 0
--separating...
--find a better primal bound 0.0897608888964671 by Alternative descent Eigen
--found a cut state by heuristic 0.0897608888964671 0.008852801062039922 
iteration: 1386,  #states: 2492, valueb: 0.008852801062039922, activeness: 0.0897608888964671, primalobj: 0.9610371036565706, dualobj: -Inf
solve--
end solve-- RelaxOptimal OPTIMAL
 weights_sum: 0.9999999999999992
itereffortlevel: 0
--separating...
--find a better primal bound 0.05188058793511122 by Alternative descent Eigen
--found a cut state by heuristic 0.05188058793511122 0.0011462036050414845 
iteration: 1387,  #states: 2493, valueb: 0.0011462036050414845, activeness: 0.05188058793511122, primalobj: 0.9610307673548608, dualobj: -Inf
solve--
end solve-- RelaxOptimal OPTIMAL
 weights_sum: 1.0000000000000007
itereffortlevel: 0
--separating...
--find a better primal bound 0.09335206908228683 by Alternative descent Eigen
--found a cut state by heuristic 0.09335206908228683 0.018409508421443954 
iteration: 1388,  #states: 2494, valueb: 0.018409508421443954, activeness: 0.09335206908228683, primalobj: 0.9610204125260697, dualobj: -Inf
solve--
end solve-- RelaxOptimal OPTIMAL
 weights_sum: 0.9999999999999998
itereffortlevel: 0
--separating...
--find a better primal bound 0.027435569586951068 by Alternative descent Eigen
--found a cut state by heuristic 0.027435569586951068 0.008805050917909804 
iteration: 1389,  #states: 2495, valueb: 0.008805050917909804, activeness: 0.027435569586951068, primalobj: 0.96101225448659, dualobj: -Inf
solve--
end solve-- RelaxOptimal OPTIMAL
 weights_sum: 1.0000004944668162
itereffortlevel: 0
--separating...
--find a better primal bound 0.06036690748966275 by Alternative descent Eigen
--found a cut state by heuristic 0.06036690748966275 0.015400462549944247 
iteration: 1390,  #states: 2496, valueb: 0.015400462549944247, activeness: 0.06036690748966275, primalobj: 0.961010797572943, dualobj: -Inf
solve--
end solve-- RelaxOptimal OPTIMAL
 weights_sum: 0.9999999999999982
itereffortlevel: 0
--separating...
--find a better primal bound 0.08217981366281185 by Alternative descent Eigen
--found a cut state by heuristic 0.08217981366281185 0.05850189178095239 
iteration: 1391,  #states: 2497, valueb: 0.05850189178095239, activeness: 0.08217981366281185, primalobj: 0.9610053977084237, dualobj: -Inf
solve--
end solve-- RelaxOptimal OPTIMAL
 weights_sum: 1.0
itereffortlevel: 0
--separating...
--find a better primal bound 0.11044283601051215 by Alternative descent Eigen
--found a cut state by heuristic 0.11044283601051215 0.031286690292505394 
iteration: 1392,  #states: 2498, valueb: 0.031286690292505394, activeness: 0.11044283601051215, primalobj: 0.9610047735760966, dualobj: -Inf
solve--
end solve-- RelaxOptimal OPTIMAL
 weights_sum: 0.9999999999999987
itereffortlevel: 0
--separating...
--find a better primal bound 0.04979135282130037 by Alternative descent Eigen
--found a cut state by heuristic 0.04979135282130037 0.030610051891649448 
iteration: 1393,  #states: 2499, valueb: 0.030610051891649448, activeness: 0.04979135282130037, primalobj: 0.9609985279065909, dualobj: -Inf
solve--
end solve-- RelaxOptimal OPTIMAL
 weights_sum: 1.000002322055833
itereffortlevel: 0
--separating...
--find a better primal bound 0.10894502793007341 by Alternative descent Eigen
--found a cut state by heuristic 0.10894502793007341 0.031059554864370065 
iteration: 1394,  #states: 2500, valueb: 0.031059554864370065, activeness: 0.10894502793007341, primalobj: 0.9609960082727114, dualobj: -Inf
solve--
end solve-- RelaxOptimal OPTIMAL
 weights_sum: 0.9999999999999991
itereffortlevel: 0
--separating...
--find a better primal bound 0.03858738718510481 by Alternative descent Eigen
--found a cut state by heuristic 0.03858738718510481 0.01808836107798162 
iteration: 1395,  #states: 2501, valueb: 0.01808836107798162, activeness: 0.03858738718510481, primalobj: 0.9609803205500672, dualobj: -Inf
solve--
end solve-- RelaxOptimal OPTIMAL
 weights_sum: 1.0000011479473436
itereffortlevel: 0
--separating...
--find a better primal bound 0.026763965835704593 by Alternative descent Eigen
--found a cut state by heuristic 0.026763965835704593 0.008361438309655314 
iteration: 1396,  #states: 2502, valueb: 0.008361438309655314, activeness: 0.026763965835704593, primalobj: 0.9609790454769461, dualobj: -Inf
solve--
end solve-- RelaxOptimal OPTIMAL
 weights_sum: 0.9999999999999993
itereffortlevel: 0
--separating...
--find a better primal bound 0.06305376990864718 by Alternative descent Eigen
--found a cut state by heuristic 0.06305376990864718 0.018859564385582457 
iteration: 1397,  #states: 2503, valueb: 0.018859564385582457, activeness: 0.06305376990864718, primalobj: 0.9609778974736982, dualobj: -Inf
solve--
end solve-- RelaxOptimal OPTIMAL
 weights_sum: 1.0
itereffortlevel: 0
--separating...
--find a better primal bound 0.06812173333535952 by Alternative descent Eigen
--found a cut state by heuristic 0.06812173333535952 0.007346229813756951 
iteration: 1398,  #states: 2504, valueb: 0.007346229813756951, activeness: 0.06812173333535952, primalobj: 0.9609750213246369, dualobj: -Inf
solve--
end solve-- RelaxOptimal OPTIMAL
 weights_sum: 1.0000000000000002
itereffortlevel: 0
--separating...
--find a better primal bound 0.09865330084822121 by Alternative descent Eigen
--found a cut state by heuristic 0.09865330084822121 0.014849186264443376 
iteration: 1399,  #states: 2505, valueb: 0.014849186264443376, activeness: 0.09865330084822121, primalobj: 0.9609690755283855, dualobj: -Inf
solve--
end solve-- RelaxOptimal OPTIMAL
 weights_sum: 0.9999999999999993
itereffortlevel: 0
--separating...
--find a better primal bound 0.10802787753980718 by Alternative descent Eigen
--found a cut state by heuristic 0.10802787753980718 0.02983036430943432 
iteration: 1400,  #states: 2506, valueb: 0.02983036430943432, activeness: 0.10802787753980718, primalobj: 0.9609511506513696, dualobj: -Inf
solve--
end solve-- RelaxOptimal OPTIMAL
 weights_sum: 1.000001465871905
itereffortlevel: 0
--separating...
--find a better primal bound 0.10176459274234893 by Alternative descent Eigen
--found a cut state by heuristic 0.10176459274234893 0.03645368680494609 
iteration: 1401,  #states: 2507, valueb: 0.03645368680494609, activeness: 0.10176459274234893, primalobj: 0.9609325427637971, dualobj: -Inf
solve--
end solve-- RelaxOptimal OPTIMAL
 weights_sum: 0.9999999999999989
itereffortlevel: 0
--separating...
--find a better primal bound 0.09356494008220922 by Alternative descent Eigen
--found a cut state by heuristic 0.09356494008220922 0.04844718064345942 
iteration: 1402,  #states: 2508, valueb: 0.04844718064345942, activeness: 0.09356494008220922, primalobj: 0.9609210852271481, dualobj: -Inf
solve--
end solve-- RelaxOptimal OPTIMAL
 weights_sum: 1.0000007917377134
itereffortlevel: 0
--separating...
--find a better primal bound 0.11543550436762162 by Alternative descent Eigen
--found a cut state by heuristic 0.11543550436762162 0.07493554960528273 
iteration: 1403,  #states: 2509, valueb: 0.07493554960528273, activeness: 0.11543550436762162, primalobj: 0.9609161196626543, dualobj: -Inf
solve--
end solve-- RelaxOptimal OPTIMAL
 weights_sum: 1.0000000000000002
itereffortlevel: 0
--separating...
--find a better primal bound 0.11290062245534396 by Alternative descent Eigen
--found a cut state by heuristic 0.11290062245534396 0.027819011956210237 
iteration: 1404,  #states: 2510, valueb: 0.027819011956210237, activeness: 0.11290062245534396, primalobj: 0.960909911617412, dualobj: -Inf
solve--
end solve-- RelaxOptimal OPTIMAL
 weights_sum: 1.0000000000000002
itereffortlevel: 0
--separating...
--find a better primal bound 0.08862912639412537 by Alternative descent Eigen
--found a cut state by heuristic 0.08862912639412537 0.018656462258602763 
iteration: 1405,  #states: 2511, valueb: 0.018656462258602763, activeness: 0.08862912639412537, primalobj: 0.9608844176514747, dualobj: -Inf
solve--
end solve-- RelaxOptimal OPTIMAL
 weights_sum: 1.0000000000000013
itereffortlevel: 0
--separating...
--find a better primal bound 0.06165557531867493 by Alternative descent Eigen
--found a cut state by heuristic 0.06165557531867493 0.0299855875578098 
iteration: 1406,  #states: 2512, valueb: 0.0299855875578098, activeness: 0.06165557531867493, primalobj: 0.9608706309705073, dualobj: -Inf
solve--
end solve-- RelaxOptimal OPTIMAL
 weights_sum: 0.9999999999999991
itereffortlevel: 0
--separating...
--find a better primal bound 0.09320512699623236 by Alternative descent Eigen
--found a cut state by heuristic 0.09320512699623236 0.03150664078965815 
iteration: 1407,  #states: 2513, valueb: 0.03150664078965815, activeness: 0.09320512699623236, primalobj: 0.9608673868630863, dualobj: -Inf
solve--
end solve-- RelaxOptimal OPTIMAL
 weights_sum: 1.0000000000000013
itereffortlevel: 0
--separating...
--find a better primal bound 0.09069371127198755 by Alternative descent Eigen
--found a cut state by heuristic 0.09069371127198755 0.028972670553187745 
iteration: 1408,  #states: 2514, valueb: 0.028972670553187745, activeness: 0.09069371127198755, primalobj: 0.9608507773461081, dualobj: -Inf
solve--
end solve-- RelaxOptimal OPTIMAL
 weights_sum: 1.0
itereffortlevel: 0
--separating...
--find a better primal bound 0.12309437567462118 by Alternative descent Eigen
--found a cut state by heuristic 0.12309437567462118 0.05124610098272653 
iteration: 1409,  #states: 2515, valueb: 0.05124610098272653, activeness: 0.12309437567462118, primalobj: 0.9608435639116422, dualobj: -Inf
solve--
end solve-- RelaxOptimal OPTIMAL
 weights_sum: 1.0000000000000004
itereffortlevel: 0
--separating...
--find a better primal bound 0.10271953137962926 by Alternative descent Eigen
--found a cut state by heuristic 0.10271953137962926 0.06070897168262179 
iteration: 1410,  #states: 2516, valueb: 0.06070897168262179, activeness: 0.10271953137962926, primalobj: 0.9608292842499353, dualobj: -Inf
solve--
end solve-- RelaxOptimal OPTIMAL
 weights_sum: 0.9999999999999996
itereffortlevel: 0
--separating...
--find a better primal bound 0.10719518585239439 by Alternative descent Eigen
--found a cut state by heuristic 0.10719518585239439 0.06791813114916226 
iteration: 1411,  #states: 2517, valueb: 0.06791813114916226, activeness: 0.10719518585239439, primalobj: 0.9608227293682947, dualobj: -Inf
solve--
end solve-- RelaxOptimal OPTIMAL
 weights_sum: 1.0000003281485677
itereffortlevel: 0
--separating...
--find a better primal bound 0.1137398907036669 by Alternative descent Eigen
--found a cut state by heuristic 0.1137398907036669 0.037606524523166894 
iteration: 1412,  #states: 2518, valueb: 0.037606524523166894, activeness: 0.1137398907036669, primalobj: 0.9608154085078903, dualobj: -Inf
solve--
end solve-- RelaxOptimal OPTIMAL
 weights_sum: 0.9999999999999998
itereffortlevel: 0
--separating...
--find a better primal bound 0.10080723432389918 by Alternative descent Eigen
--found a cut state by heuristic 0.10080723432389918 0.04007534397343691 
iteration: 1413,  #states: 2519, valueb: 0.04007534397343691, activeness: 0.10080723432389918, primalobj: 0.9608058780492269, dualobj: -Inf
solve--
end solve-- RelaxOptimal OPTIMAL
 weights_sum: 1.0000000000000004
itereffortlevel: 0
--separating...
--find a better primal bound 0.1168973258740939 by Alternative descent Eigen
--found a cut state by heuristic 0.1168973258740939 0.04031103228166444 
iteration: 1414,  #states: 2520, valueb: 0.04031103228166444, activeness: 0.1168973258740939, primalobj: 0.9607954265077343, dualobj: -Inf
solve--
end solve-- RelaxOptimal OPTIMAL
 weights_sum: 1.0000000617919538
itereffortlevel: 0
--separating...
--find a better primal bound 0.09671855978047822 by Alternative descent Eigen
--found a cut state by heuristic 0.09671855978047822 0.01839893763412988 
iteration: 1415,  #states: 2521, valueb: 0.01839893763412988, activeness: 0.09671855978047822, primalobj: 0.9607830439141822, dualobj: -Inf
solve--
end solve-- RelaxOptimal OPTIMAL
 weights_sum: 0.9999999999999983
itereffortlevel: 0
--separating...
--find a better primal bound 0.11179659504559888 by Alternative descent Eigen
--found a cut state by heuristic 0.11179659504559888 0.04979289142024684 
iteration: 1416,  #states: 2522, valueb: 0.04979289142024684, activeness: 0.11179659504559888, primalobj: 0.9607748745644403, dualobj: -Inf
solve--
end solve-- RelaxOptimal OPTIMAL
 weights_sum: 0.9999999999999976
itereffortlevel: 0
--separating...
--find a better primal bound 0.09925690122091073 by Alternative descent Eigen
--found a cut state by heuristic 0.09925690122091073 0.05574523132601078 
iteration: 1417,  #states: 2523, valueb: 0.05574523132601078, activeness: 0.09925690122091073, primalobj: 0.9607635361936521, dualobj: -Inf
solve--
end solve-- RelaxOptimal OPTIMAL
 weights_sum: 1.0000000000000007
itereffortlevel: 0
--separating...
--find a better primal bound 0.1443130669407662 by Alternative descent Eigen
--found a cut state by heuristic 0.1443130669407662 0.0642428795680314 
iteration: 1418,  #states: 2524, valueb: 0.0642428795680314, activeness: 0.1443130669407662, primalobj: 0.960758304206341, dualobj: -Inf
solve--
end solve-- RelaxOptimal OPTIMAL
 weights_sum: 0.999999999999998
itereffortlevel: 0
--separating...
--find a better primal bound 0.11327266682021413 by Alternative descent Eigen
--found a cut state by heuristic 0.11327266682021413 0.05322886038702558 
iteration: 1419,  #states: 2525, valueb: 0.05322886038702558, activeness: 0.11327266682021413, primalobj: 0.9607483671308863, dualobj: -Inf
solve--
end solve-- RelaxOptimal OPTIMAL
 weights_sum: 0.9999999999999994
itereffortlevel: 0
--separating...
--find a better primal bound 0.14240527086307936 by Alternative descent Eigen
--found a cut state by heuristic 0.14240527086307936 0.057790505064699266 
iteration: 1420,  #states: 2526, valueb: 0.057790505064699266, activeness: 0.14240527086307936, primalobj: 0.9607433071114355, dualobj: -Inf
solve--
end solve-- RelaxOptimal OPTIMAL
 weights_sum: 1.0
itereffortlevel: 0
--separating...
--find a better primal bound 0.09791508104230863 by Alternative descent Eigen
--found a cut state by heuristic 0.09791508104230863 0.05865234944139619 
iteration: 1421,  #states: 2527, valueb: 0.05865234944139619, activeness: 0.09791508104230863, primalobj: 0.9607350198546116, dualobj: -Inf
solve--
end solve-- RelaxOptimal OPTIMAL
 weights_sum: 1.0000003851192276
itereffortlevel: 0
--separating...
--find a better primal bound 0.07018596739506659 by Alternative descent Eigen
--found a cut state by heuristic 0.07018596739506659 0.04658685369786956 
iteration: 1422,  #states: 2528, valueb: 0.04658685369786956, activeness: 0.07018596739506659, primalobj: 0.960730384788932, dualobj: -Inf
solve--
end solve-- RelaxOptimal OPTIMAL
 weights_sum: 1.0000000000000002
itereffortlevel: 0
--separating...
--find a better primal bound 0.12336750854470917 by Alternative descent Eigen
--found a cut state by heuristic 0.12336750854470917 0.050345740736670724 
iteration: 1423,  #states: 2529, valueb: 0.050345740736670724, activeness: 0.12336750854470917, primalobj: 0.9607285657689321, dualobj: -Inf
solve--
end solve-- RelaxOptimal OPTIMAL
 weights_sum: 0.9999999999999996
itereffortlevel: 0
--separating...
--find a better primal bound 0.0973108434762845 by Alternative descent Eigen
--found a cut state by heuristic 0.0973108434762845 0.03767501427369402 
iteration: 1424,  #states: 2530, valueb: 0.03767501427369402, activeness: 0.0973108434762845, primalobj: 0.9607185713988162, dualobj: -Inf
solve--
end solve-- RelaxOptimal OPTIMAL
 weights_sum: 1.0000000000000002
itereffortlevel: 0
--separating...
--find a better primal bound 0.07296707093989142 by Alternative descent Eigen
--found a cut state by heuristic 0.07296707093989142 0.04091889824335382 
iteration: 1425,  #states: 2531, valueb: 0.04091889824335382, activeness: 0.07296707093989142, primalobj: 0.9607114192370698, dualobj: -Inf
solve--
end solve-- RelaxOptimal OPTIMAL
 weights_sum: 1.0000015084753988
itereffortlevel: 0
--separating...
--find a better primal bound 0.08260101420421759 by Alternative descent Eigen
--found a cut state by heuristic 0.08260101420421759 0.03677919193616182 
iteration: 1426,  #states: 2532, valueb: 0.03677919193616182, activeness: 0.08260101420421759, primalobj: 0.9607069613074359, dualobj: -Inf
solve--
end solve-- RelaxOptimal OPTIMAL
 weights_sum: 1.000000000000001
itereffortlevel: 0
--separating...
--find a better primal bound 0.0772324191621698 by Alternative descent Eigen
--found a cut state by heuristic 0.0772324191621698 0.03710046618124982 
iteration: 1427,  #states: 2533, valueb: 0.03710046618124982, activeness: 0.0772324191621698, primalobj: 0.9606985683933649, dualobj: -Inf
solve--
end solve-- RelaxOptimal OPTIMAL
 weights_sum: 0.9999999999999987
itereffortlevel: 0
--separating...
--find a better primal bound 0.054566268682583664 by Alternative descent Eigen
--found a cut state by heuristic 0.054566268682583664 0.03246237847090563 
iteration: 1428,  #states: 2534, valueb: 0.03246237847090563, activeness: 0.054566268682583664, primalobj: 0.9606928558896011, dualobj: -Inf
solve--
end solve-- RelaxOptimal OPTIMAL
 weights_sum: 1.0000000000000007
itereffortlevel: 0
--separating...
--find a better primal bound 0.11566285148037042 by Alternative descent Eigen
--found a cut state by heuristic 0.11566285148037042 0.042684458845823975 
iteration: 1429,  #states: 2535, valueb: 0.042684458845823975, activeness: 0.11566285148037042, primalobj: 0.9606912146884623, dualobj: -Inf
solve--
end solve-- RelaxOptimal OPTIMAL
 weights_sum: 0.9999999999999988
itereffortlevel: 0
--separating...
--find a better primal bound 0.09009088156357589 by Alternative descent Eigen
--found a cut state by heuristic 0.09009088156357589 0.028332338385188154 
iteration: 1430,  #states: 2536, valueb: 0.028332338385188154, activeness: 0.09009088156357589, primalobj: 0.9606848550534264, dualobj: -Inf
solve--
end solve-- RelaxOptimal OPTIMAL
 weights_sum: 0.9999999999999993
itereffortlevel: 0
--separating...
--find a better primal bound 0.12003871945461908 by Alternative descent Eigen
--found a cut state by heuristic 0.12003871945461908 0.03310900446059396 
iteration: 1431,  #states: 2537, valueb: 0.03310900446059396, activeness: 0.12003871945461908, primalobj: 0.9606761886847677, dualobj: -Inf
solve--
end solve-- RelaxOptimal OPTIMAL
 weights_sum: 1.0000000000000004
itereffortlevel: 0
--separating...
--find a better primal bound 0.0903115120425764 by Alternative descent Eigen
--found a cut state by heuristic 0.0903115120425764 0.04037006243466301 
iteration: 1432,  #states: 2538, valueb: 0.04037006243466301, activeness: 0.0903115120425764, primalobj: 0.9606648504496409, dualobj: -Inf
solve--
end solve-- RelaxOptimal OPTIMAL
 weights_sum: 1.0000000000000009
itereffortlevel: 0
--separating...
--find a better primal bound 0.10110140869498926 by Alternative descent Eigen
--found a cut state by heuristic 0.10110140869498926 0.029114838326681935 
iteration: 1433,  #states: 2539, valueb: 0.029114838326681935, activeness: 0.10110140869498926, primalobj: 0.9606620375771004, dualobj: -Inf
solve--
end solve-- RelaxOptimal OPTIMAL
 weights_sum: 1.0
itereffortlevel: 0
--separating...
--find a better primal bound 0.11317085780229588 by Alternative descent Eigen
--found a cut state by heuristic 0.11317085780229588 0.035535899255242254 
iteration: 1434,  #states: 2540, valueb: 0.035535899255242254, activeness: 0.11317085780229588, primalobj: 0.9606574357768791, dualobj: -Inf
solve--
end solve-- RelaxOptimal OPTIMAL
 weights_sum: 1.0000026605276144
itereffortlevel: 0
--separating...
--find a better primal bound 0.09890124525660325 by Alternative descent Eigen
--found a cut state by heuristic 0.09890124525660325 0.010666528077275247 
iteration: 1435,  #states: 2541, valueb: 0.010666528077275247, activeness: 0.09890124525660325, primalobj: 0.960644340700307, dualobj: -Inf
solve--
end solve-- RelaxOptimal OPTIMAL
 weights_sum: 1.0000003183564745
itereffortlevel: 0
--separating...
--find a better primal bound 0.09502368256333739 by Alternative descent Eigen
--found a cut state by heuristic 0.09502368256333739 0.002940083598632334 
iteration: 1436,  #states: 2542, valueb: 0.002940083598632334, activeness: 0.09502368256333739, primalobj: 0.960629925005835, dualobj: -Inf
solve--
end solve-- RelaxOptimal OPTIMAL
 weights_sum: 0.9999999999999998
itereffortlevel: 0
--separating...
--find a better primal bound 0.07323387937325293 by Alternative descent Eigen
--found a cut state by heuristic 0.07323387937325293 0.010658699668172122 
iteration: 1437,  #states: 2543, valueb: 0.010658699668172122, activeness: 0.07323387937325293, primalobj: 0.9606153729210838, dualobj: -Inf
solve--
end solve-- RelaxOptimal OPTIMAL
 weights_sum: 0.9999999999999998
itereffortlevel: 0
--separating...
--find a better primal bound 0.10237870887783843 by Alternative descent Eigen
--found a cut state by heuristic 0.10237870887783843 0.023033695367639995 
iteration: 1438,  #states: 2544, valueb: 0.023033695367639995, activeness: 0.10237870887783843, primalobj: 0.960605620282169, dualobj: -Inf
solve--
end solve-- RelaxOptimal OPTIMAL
 weights_sum: 1.0000000000000004
itereffortlevel: 0
--separating...
--find a better primal bound 0.07230287797496478 by Alternative descent Eigen
--found a cut state by heuristic 0.07230287797496478 0.017995458532046538 
iteration: 1439,  #states: 2545, valueb: 0.017995458532046538, activeness: 0.07230287797496478, primalobj: 0.9605982161996316, dualobj: -Inf
solve--
end solve-- RelaxOptimal OPTIMAL
 weights_sum: 1.0000000217874432
itereffortlevel: 0
--separating...
--find a better primal bound 0.0735829843354318 by Alternative descent Eigen
--found a cut state by heuristic 0.0735829843354318 0.02528778826178571 
iteration: 1440,  #states: 2546, valueb: 0.02528778826178571, activeness: 0.0735829843354318, primalobj: 0.9605942255274805, dualobj: -Inf
solve--
end solve-- RelaxOptimal OPTIMAL
 weights_sum: 1.000000000000001
itereffortlevel: 0
--separating...
--find a better primal bound 0.080322075925156 by Alternative descent Eigen
--found a cut state by heuristic 0.080322075925156 0.03177332285158856 
iteration: 1441,  #states: 2547, valueb: 0.03177332285158856, activeness: 0.080322075925156, primalobj: 0.9605897193211155, dualobj: -Inf
solve--
end solve-- RelaxOptimal OPTIMAL
 weights_sum: 1.000000231022647
itereffortlevel: 0
--separating...
--find a better primal bound 0.14512892856600357 by Alternative descent Eigen
--found a cut state by heuristic 0.14512892856600357 0.028872263748237405 
iteration: 1442,  #states: 2548, valueb: 0.028872263748237405, activeness: 0.14512892856600357, primalobj: 0.9605837422157731, dualobj: -Inf
solve--
end solve-- RelaxOptimal OPTIMAL
 weights_sum: 0.9999999999999997
itereffortlevel: 0
--separating...
--find a better primal bound 0.05930569015924041 by Alternative descent Eigen
--found a cut state by heuristic 0.05930569015924041 0.029304196031574914 
iteration: 1443,  #states: 2549, valueb: 0.029304196031574914, activeness: 0.05930569015924041, primalobj: 0.9605727531649114, dualobj: -Inf
solve--
end solve-- RelaxOptimal OPTIMAL
 weights_sum: 1.0000001173435011
itereffortlevel: 0
--separating...
--find a better primal bound 0.02557585044455256 by Alternative descent Eigen
--found a cut state by heuristic 0.02557585044455256 -0.0 
iteration: 1444,  #states: 2550, valueb: -0.0, activeness: 0.02557585044455256, primalobj: 0.9605706177450499, dualobj: -Inf
solve--
end solve-- RelaxOptimal OPTIMAL
 weights_sum: 0.9999999999999989
itereffortlevel: 0
--separating...
--find a better primal bound 0.07277433282543186 by Alternative descent Eigen
--found a cut state by heuristic 0.07277433282543186 0.021175513253946288 
iteration: 1445,  #states: 2551, valueb: 0.021175513253946288, activeness: 0.07277433282543186, primalobj: 0.9605642778841312, dualobj: -Inf
solve--
end solve-- RelaxOptimal OPTIMAL
 weights_sum: 1.000000000000001
itereffortlevel: 0
--separating...
--find a better primal bound 0.027673733833208987 by Alternative descent Eigen
--found a cut state by heuristic 0.027673733833208987 0.010867936850439684 
iteration: 1446,  #states: 2552, valueb: 0.010867936850439684, activeness: 0.027673733833208987, primalobj: 0.9605590931664563, dualobj: -Inf
solve--
end solve-- RelaxOptimal OPTIMAL
 weights_sum: 0.9999999999999993
itereffortlevel: 0
--separating...
--find a better primal bound 0.0812054250850988 by Alternative descent Eigen
--found a cut state by heuristic 0.0812054250850988 0.009417411025293967 
iteration: 1447,  #states: 2553, valueb: 0.009417411025293967, activeness: 0.0812054250850988, primalobj: 0.9605577985288507, dualobj: -Inf
solve--
end solve-- RelaxOptimal OPTIMAL
 weights_sum: 1.0000000000000004
itereffortlevel: 0
--separating...
--find a better primal bound 0.06562641385531273 by Alternative descent Eigen
--found a cut state by heuristic 0.06562641385531273 0.027450488737199723 
iteration: 1448,  #states: 2554, valueb: 0.027450488737199723, activeness: 0.06562641385531273, primalobj: 0.9605515585986488, dualobj: -Inf
solve--
end solve-- RelaxOptimal OPTIMAL
 weights_sum: 1.0000000004062701
itereffortlevel: 0
--separating...
--find a better primal bound 0.06497748962295309 by Alternative descent Eigen
--found a cut state by heuristic 0.06497748962295309 0.0012484769846559626 
iteration: 1449,  #states: 2555, valueb: 0.0012484769846559626, activeness: 0.06497748962295309, primalobj: 0.9605478638976389, dualobj: -Inf
solve--
end solve-- RelaxOptimal OPTIMAL
 weights_sum: 0.9999999999999994
itereffortlevel: 0
--separating...
--find a better primal bound 0.09131095398972498 by Alternative descent Eigen
--found a cut state by heuristic 0.09131095398972498 0.024699316372420205 
iteration: 1450,  #states: 2556, valueb: 0.024699316372420205, activeness: 0.09131095398972498, primalobj: 0.9605434706751174, dualobj: -Inf
solve--
end solve-- RelaxOptimal OPTIMAL
 weights_sum: 1.0000000000000007
itereffortlevel: 0
--separating...
--find a better primal bound 0.05308043447787714 by Alternative descent Eigen
--found a cut state by heuristic 0.05308043447787714 0.008827556720740093 
iteration: 1451,  #states: 2557, valueb: 0.008827556720740093, activeness: 0.05308043447787714, primalobj: 0.9605354907556565, dualobj: -Inf
solve--
end solve-- RelaxOptimal OPTIMAL
 weights_sum: 0.9999999999999992
itereffortlevel: 0
--separating...
--find a better primal bound 0.07060320158169245 by Alternative descent Eigen
--found a cut state by heuristic 0.07060320158169245 0.025575800263669096 
iteration: 1452,  #states: 2558, valueb: 0.025575800263669096, activeness: 0.07060320158169245, primalobj: 0.9605320486333404, dualobj: -Inf
solve--
end solve-- RelaxOptimal OPTIMAL
 weights_sum: 1.000000000000001
itereffortlevel: 0
--separating...
--find a better primal bound 0.04498267945339836 by Alternative descent Eigen
--found a cut state by heuristic 0.04498267945339836 0.022507612745208783 
iteration: 1453,  #states: 2559, valueb: 0.022507612745208783, activeness: 0.04498267945339836, primalobj: 0.960526411963183, dualobj: -Inf
solve--
end solve-- RelaxOptimal OPTIMAL
 weights_sum: 1.0000001014725368
itereffortlevel: 0
--separating...
--find a better primal bound 0.11912407943717376 by Alternative descent Eigen
--found a cut state by heuristic 0.11912407943717376 0.034465936193164806 
iteration: 1454,  #states: 2560, valueb: 0.034465936193164806, activeness: 0.11912407943717376, primalobj: 0.9605224591039638, dualobj: -Inf
solve--
end solve-- RelaxOptimal OPTIMAL
 weights_sum: 1.0000000000000009
itereffortlevel: 0
--separating...
--find a better primal bound 0.0735858088307462 by Alternative descent Eigen
--found a cut state by heuristic 0.0735858088307462 0.018570770822649775 
iteration: 1455,  #states: 2561, valueb: 0.018570770822649775, activeness: 0.0735858088307462, primalobj: 0.960512339502865, dualobj: -Inf
solve--
end solve-- RelaxOptimal OPTIMAL
 weights_sum: 1.0000000000000002
itereffortlevel: 0
--separating...
--find a better primal bound 0.08471155058303223 by Alternative descent Eigen
--found a cut state by heuristic 0.08471155058303223 0.02861115703255951 
iteration: 1456,  #states: 2562, valueb: 0.02861115703255951, activeness: 0.08471155058303223, primalobj: 0.9605053581798734, dualobj: -Inf
solve--
end solve-- RelaxOptimal OPTIMAL
 weights_sum: 0.9999999999999996
itereffortlevel: 0
--separating...
--find a better primal bound 0.09974626317525026 by Alternative descent Eigen
--found a cut state by heuristic 0.09974626317525026 0.05953367002947572 
iteration: 1457,  #states: 2563, valueb: 0.05953367002947572, activeness: 0.09974626317525026, primalobj: 0.960498476046182, dualobj: -Inf
solve--
end solve-- RelaxOptimal OPTIMAL
 weights_sum: 1.0000000000000009
itereffortlevel: 0
--separating...
--find a better primal bound 0.07085819073535206 by Alternative descent Eigen
--found a cut state by heuristic 0.07085819073535206 0.006848268704422692 
iteration: 1458,  #states: 2564, valueb: 0.006848268704422692, activeness: 0.07085819073535206, primalobj: 0.9604942548809977, dualobj: -Inf
solve--
end solve-- RelaxOptimal OPTIMAL
 weights_sum: 0.9999999999999996
itereffortlevel: 0
--separating...
--find a better primal bound 0.06860899981352087 by Alternative descent Eigen
--found a cut state by heuristic 0.06860899981352087 0.00369851045329941 
iteration: 1459,  #states: 2565, valueb: 0.00369851045329941, activeness: 0.06860899981352087, primalobj: 0.9604852971413342, dualobj: -Inf
solve--
end solve-- RelaxOptimal OPTIMAL
 weights_sum: 0.9999999999999999
itereffortlevel: 0
--separating...
--find a better primal bound 0.11544098488403731 by Alternative descent Eigen
--found a cut state by heuristic 0.11544098488403731 0.01687077729175085 
iteration: 1460,  #states: 2566, valueb: 0.01687077729175085, activeness: 0.11544098488403731, primalobj: 0.9604810236529007, dualobj: -Inf
solve--
end solve-- RelaxOptimal OPTIMAL
 weights_sum: 1.0000000000000009
itereffortlevel: 0
--separating...
--find a better primal bound 0.1030692040372263 by Alternative descent Eigen
--found a cut state by heuristic 0.1030692040372263 0.011003856911853446 
iteration: 1461,  #states: 2567, valueb: 0.011003856911853446, activeness: 0.1030692040372263, primalobj: 0.9604708376870067, dualobj: -Inf
solve--
end solve-- RelaxOptimal OPTIMAL
 weights_sum: 1.0
itereffortlevel: 0
--separating...
--find a better primal bound 0.14789116971930732 by Alternative descent Eigen
--found a cut state by heuristic 0.14789116971930732 0.03445279047600058 
iteration: 1462,  #states: 2568, valueb: 0.03445279047600058, activeness: 0.14789116971930732, primalobj: 0.9604565844400266, dualobj: -Inf
solve--
end solve-- RelaxOptimal OPTIMAL
 weights_sum: 0.9999999999999996
itereffortlevel: 0
--separating...
--find a better primal bound 0.06809112629150205 by Alternative descent Eigen
--found a cut state by heuristic 0.06809112629150205 -0.0 
iteration: 1463,  #states: 2569, valueb: -0.0, activeness: 0.06809112629150205, primalobj: 0.9604445885701232, dualobj: -Inf
solve--
end solve-- RelaxOptimal OPTIMAL
 weights_sum: 0.9999999999999996
itereffortlevel: 0
--separating...
--find a better primal bound 0.061915176770753234 by Alternative descent Eigen
--found a cut state by heuristic 0.061915176770753234 -0.0 
iteration: 1464,  #states: 2570, valueb: -0.0, activeness: 0.061915176770753234, primalobj: 0.9604362467035694, dualobj: -Inf
solve--
end solve-- RelaxOptimal OPTIMAL
 weights_sum: 0.9999999999999989
itereffortlevel: 0
--separating...
--find a better primal bound 0.09767575917619675 by Alternative descent Eigen
--found a cut state by heuristic 0.09767575917619675 0.002880864803157148 
iteration: 1465,  #states: 2571, valueb: 0.002880864803157148, activeness: 0.09767575917619675, primalobj: 0.9604232865562149, dualobj: -Inf
solve--
end solve-- RelaxOptimal OPTIMAL
 weights_sum: 0.9999999999999991
itereffortlevel: 0
--separating...
--find a better primal bound 0.0990686960838684 by Alternative descent Eigen
--found a cut state by heuristic 0.0990686960838684 0.032480378944131555 
iteration: 1466,  #states: 2572, valueb: 0.032480378944131555, activeness: 0.0990686960838684, primalobj: 0.9604107381014918, dualobj: -Inf
solve--
end solve-- RelaxOptimal OPTIMAL
 weights_sum: 1.0000000000000004
itereffortlevel: 0
--separating...
--find a better primal bound 0.07897667804119315 by Alternative descent Eigen
--found a cut state by heuristic 0.07897667804119315 0.035308993163237 
iteration: 1467,  #states: 2573, valueb: 0.035308993163237, activeness: 0.07897667804119315, primalobj: 0.9604025408042248, dualobj: -Inf
solve--
end solve-- RelaxOptimal OPTIMAL
 weights_sum: 1.0
itereffortlevel: 0
--separating...
--find a better primal bound 0.07143192394448639 by Alternative descent Eigen
--found a cut state by heuristic 0.07143192394448639 0.013449914394939286 
iteration: 1468,  #states: 2574, valueb: 0.013449914394939286, activeness: 0.07143192394448639, primalobj: 0.9603989510664475, dualobj: -Inf
solve--
end solve-- RelaxOptimal OPTIMAL
 weights_sum: 1.0000000000000004
itereffortlevel: 0
--separating...
--find a better primal bound 0.03157737039262159 by Alternative descent Eigen
--found a cut state by heuristic 0.03157737039262159 0.0026741391865048314 
iteration: 1469,  #states: 2575, valueb: 0.0026741391865048314, activeness: 0.03157737039262159, primalobj: 0.9603915232988987, dualobj: -Inf
solve--
end solve-- RelaxOptimal OPTIMAL
 weights_sum: 0.9999999999999996
itereffortlevel: 0
--separating...
--find a better primal bound 0.0645788412864867 by Alternative descent Eigen
--found a cut state by heuristic 0.0645788412864867 -0.0 
iteration: 1470,  #states: 2576, valueb: -0.0, activeness: 0.0645788412864867, primalobj: 0.9603895300630562, dualobj: -Inf
solve--
end solve-- RelaxOptimal OPTIMAL
 weights_sum: 1.000000037581668
itereffortlevel: 0
--separating...
--find a better primal bound 0.028614784127050985 by Alternative descent Eigen
--found a cut state by heuristic 0.028614784127050985 -0.0 
iteration: 1471,  #states: 2577, valueb: -0.0, activeness: 0.028614784127050985, primalobj: 0.9603838318726291, dualobj: -Inf
solve--
end solve-- RelaxOptimal OPTIMAL
 weights_sum: 0.9999999999999989
itereffortlevel: 0
--separating...
--find a better primal bound 0.037905561605278706 by Alternative descent Eigen
--found a cut state by heuristic 0.037905561605278706 0.017150984039116024 
iteration: 1472,  #states: 2578, valueb: 0.017150984039116024, activeness: 0.037905561605278706, primalobj: 0.960380957152171, dualobj: -Inf
solve--
end solve-- RelaxOptimal OPTIMAL
 weights_sum: 1.0000000000000002
itereffortlevel: 0
--separating...
--find a better primal bound 0.16122635468254193 by Alternative descent Eigen
--found a cut state by heuristic 0.16122635468254193 0.06880522425999479 
iteration: 1473,  #states: 2579, valueb: 0.06880522425999479, activeness: 0.16122635468254193, primalobj: 0.9603793955887825, dualobj: -Inf
solve--
end solve-- RelaxOptimal OPTIMAL
 weights_sum: 1.0000013201630367
itereffortlevel: 0
--separating...
--find a better primal bound 0.0990953299660783 by Alternative descent Eigen
--found a cut state by heuristic 0.0990953299660783 0.055931150747481145 
iteration: 1474,  #states: 2580, valueb: 0.055931150747481145, activeness: 0.0990953299660783, primalobj: 0.9603632899366126, dualobj: -Inf
solve--
end solve-- RelaxOptimal OPTIMAL
 weights_sum: 1.0000000000000016
itereffortlevel: 0
--separating...
--find a better primal bound 0.062156588462601234 by Alternative descent Eigen
--found a cut state by heuristic 0.062156588462601234 0.003928307871352388 
iteration: 1475,  #states: 2581, valueb: 0.003928307871352388, activeness: 0.062156588462601234, primalobj: 0.9603598733337624, dualobj: -Inf
solve--
end solve-- RelaxOptimal OPTIMAL
 weights_sum: 0.9999999999999991
itereffortlevel: 0
--separating...
--find a better primal bound 0.06581541438268151 by Alternative descent Eigen
--found a cut state by heuristic 0.06581541438268151 -0.0 
iteration: 1476,  #states: 2582, valueb: -0.0, activeness: 0.06581541438268151, primalobj: 0.960352437000089, dualobj: -Inf
solve--
end solve-- RelaxOptimal OPTIMAL
 weights_sum: 0.9999999999999994
itereffortlevel: 0
--separating...
--find a better primal bound 0.03221116138938969 by Alternative descent Eigen
--found a cut state by heuristic 0.03221116138938969 -0.0 
iteration: 1477,  #states: 2583, valueb: -0.0, activeness: 0.03221116138938969, primalobj: 0.9603411055642572, dualobj: -Inf
solve--
end solve-- RelaxOptimal OPTIMAL
 weights_sum: 0.9999999999999993
itereffortlevel: 0
--separating...
--find a better primal bound 0.09049372107874891 by Alternative descent Eigen
--found a cut state by heuristic 0.09049372107874891 -0.0 
iteration: 1478,  #states: 2584, valueb: -0.0, activeness: 0.09049372107874891, primalobj: 0.9603360101297276, dualobj: -Inf
solve--
end solve-- RelaxOptimal OPTIMAL
 weights_sum: 0.9999999999999993
itereffortlevel: 0
--separating...
--find a better primal bound 0.07631213731290351 by Alternative descent Eigen
--found a cut state by heuristic 0.07631213731290351 -0.0 
iteration: 1479,  #states: 2585, valueb: -0.0, activeness: 0.07631213731290351, primalobj: 0.9603264440447751, dualobj: -Inf
solve--
end solve-- RelaxOptimal OPTIMAL
 weights_sum: 0.9999999999999992
itereffortlevel: 0
--separating...
--find a better primal bound 0.07894251501010977 by Alternative descent Eigen
--found a cut state by heuristic 0.07894251501010977 -0.0 
iteration: 1480,  #states: 2586, valueb: -0.0, activeness: 0.07894251501010977, primalobj: 0.9603199512468735, dualobj: -Inf
solve--
end solve-- RelaxOptimal OPTIMAL
 weights_sum: 1.0000000000000004
itereffortlevel: 0
--separating...
--find a better primal bound 0.04243239930461723 by Alternative descent Eigen
--found a cut state by heuristic 0.04243239930461723 0.0038121186548261132 
iteration: 1481,  #states: 2587, valueb: 0.0038121186548261132, activeness: 0.04243239930461723, primalobj: 0.960305082347312, dualobj: -Inf
solve--
end solve-- RelaxOptimal OPTIMAL
 weights_sum: 0.9999999999999988
itereffortlevel: 0
--separating...
--find a better primal bound 0.15385258386245237 by Alternative descent Eigen
--found a cut state by heuristic 0.15385258386245237 0.07881358869352385 
iteration: 1482,  #states: 2588, valueb: 0.07881358869352385, activeness: 0.15385258386245237, primalobj: 0.9603018432379512, dualobj: -Inf
solve--
end solve-- RelaxOptimal OPTIMAL
 weights_sum: 0.9999999999999998
itereffortlevel: 0
--separating...
--find a better primal bound 0.07142665325179438 by Alternative descent Eigen
--found a cut state by heuristic 0.07142665325179438 0.030392694690937357 
iteration: 1483,  #states: 2589, valueb: 0.030392694690937357, activeness: 0.07142665325179438, primalobj: 0.9602809525499627, dualobj: -Inf
solve--
end solve-- RelaxOptimal OPTIMAL
 weights_sum: 0.9999999999999993
itereffortlevel: 0
--separating...
--find a better primal bound 0.02175670479546169 by Alternative descent Eigen
--found a cut state by heuristic 0.02175670479546169 -0.0 
iteration: 1484,  #states: 2590, valueb: -0.0, activeness: 0.02175670479546169, primalobj: 0.9602770185513835, dualobj: -Inf
solve--
end solve-- RelaxOptimal OPTIMAL
 weights_sum: 0.9999999999999991
itereffortlevel: 0
--separating...
--find a better primal bound 0.09104778847138106 by Alternative descent Eigen
--found a cut state by heuristic 0.09104778847138106 0.040549306026857995 
iteration: 1485,  #states: 2591, valueb: 0.040549306026857995, activeness: 0.09104778847138106, primalobj: 0.9602748660608428, dualobj: -Inf
solve--
end solve-- RelaxOptimal OPTIMAL
 weights_sum: 0.9999999999999993
itereffortlevel: 0
--separating...
--find a better primal bound 0.02641977135558799 by Alternative descent Eigen
--found a cut state by heuristic 0.02641977135558799 -0.0 
iteration: 1486,  #states: 2592, valueb: -0.0, activeness: 0.02641977135558799, primalobj: 0.9602697908489031, dualobj: -Inf
solve--
end solve-- RelaxOptimal OPTIMAL
 weights_sum: 1.0000000000000007
itereffortlevel: 0
--separating...
--find a better primal bound 0.06714661961932439 by Alternative descent Eigen
--found a cut state by heuristic 0.06714661961932439 0.027549470512188538 
iteration: 1487,  #states: 2593, valueb: 0.027549470512188538, activeness: 0.06714661961932439, primalobj: 0.9602663300752211, dualobj: -Inf
solve--
end solve-- RelaxOptimal OPTIMAL
 weights_sum: 1.0000016575976656
itereffortlevel: 0
--separating...
--find a better primal bound 0.030797393038023882 by Alternative descent Eigen
--found a cut state by heuristic 0.030797393038023882 0.001420175724499406 
iteration: 1488,  #states: 2594, valueb: 0.001420175724499406, activeness: 0.030797393038023882, primalobj: 0.9602610481433123, dualobj: -Inf
solve--
end solve-- RelaxOptimal OPTIMAL
 weights_sum: 0.9999999999999988
itereffortlevel: 0
--separating...
--find a better primal bound 0.02630276191663758 by Alternative descent Eigen
--found a cut state by heuristic 0.02630276191663758 0.0065281306679519655 
iteration: 1489,  #states: 2595, valueb: 0.0065281306679519655, activeness: 0.02630276191663758, primalobj: 0.9602591257717679, dualobj: -Inf
solve--
end solve-- RelaxOptimal OPTIMAL
 weights_sum: 1.000000000000001
itereffortlevel: 0
--separating...
--find a better primal bound 0.05051104707973697 by Alternative descent Eigen
--found a cut state by heuristic 0.05051104707973697 0.011733603235627799 
iteration: 1490,  #states: 2596, valueb: 0.011733603235627799, activeness: 0.05051104707973697, primalobj: 0.9602574549614035, dualobj: -Inf
solve--
end solve-- RelaxOptimal OPTIMAL
 weights_sum: 1.000000099080609
itereffortlevel: 0
--separating...
--find a better primal bound 0.1127200700736023 by Alternative descent Eigen
--found a cut state by heuristic 0.1127200700736023 0.02425919905613107 
iteration: 1491,  #states: 2597, valueb: 0.02425919905613107, activeness: 0.1127200700736023, primalobj: 0.960253795827251, dualobj: -Inf
solve--
end solve-- RelaxOptimal OPTIMAL
 weights_sum: 1.0000000000000002
itereffortlevel: 0
--separating...
--find a better primal bound 0.11020369722137617 by Alternative descent Eigen
--found a cut state by heuristic 0.11020369722137617 0.04079342126290503 
iteration: 1492,  #states: 2598, valueb: 0.04079342126290503, activeness: 0.11020369722137617, primalobj: 0.9602455212811424, dualobj: -Inf
solve--
end solve-- RelaxOptimal OPTIMAL
 weights_sum: 1.0000000000000007
itereffortlevel: 0
--separating...
--find a better primal bound 0.07562471240745294 by Alternative descent Eigen
--found a cut state by heuristic 0.07562471240745294 0.03243779142983311 
iteration: 1493,  #states: 2599, valueb: 0.03243779142983311, activeness: 0.07562471240745294, primalobj: 0.9602392308551759, dualobj: -Inf
solve--
end solve-- RelaxOptimal OPTIMAL
 weights_sum: 0.9999999999999988
itereffortlevel: 0
--separating...
--find a better primal bound 0.09973265825948706 by Alternative descent Eigen
--found a cut state by heuristic 0.09973265825948706 0.025841356663707588 
iteration: 1494,  #states: 2600, valueb: 0.025841356663707588, activeness: 0.09973265825948706, primalobj: 0.9602353553789489, dualobj: -Inf
solve--
end solve-- RelaxOptimal OPTIMAL
 weights_sum: 1.000000009219242
itereffortlevel: 0
--separating...
--find a better primal bound 0.11434260722776274 by Alternative descent Eigen
--found a cut state by heuristic 0.11434260722776274 0.027157200288081194 
iteration: 1495,  #states: 2601, valueb: 0.027157200288081194, activeness: 0.11434260722776274, primalobj: 0.9602233603752701, dualobj: -Inf
solve--
end solve-- RelaxOptimal OPTIMAL
 weights_sum: 1.0000000001445013
itereffortlevel: 0
--separating...
--find a better primal bound 0.06934588092442684 by Alternative descent Eigen
--found a cut state by heuristic 0.06934588092442684 0.009270708766442926 
iteration: 1496,  #states: 2602, valueb: 0.009270708766442926, activeness: 0.06934588092442684, primalobj: 0.960212206675931, dualobj: -Inf
solve--
end solve-- RelaxOptimal OPTIMAL
 weights_sum: 0.9999999999999996
itereffortlevel: 0
--separating...
--find a better primal bound 0.06568922177561884 by Alternative descent Eigen
--found a cut state by heuristic 0.06568922177561884 0.012601680965988404 
iteration: 1497,  #states: 2603, valueb: 0.012601680965988404, activeness: 0.06568922177561884, primalobj: 0.9602065181785175, dualobj: -Inf
solve--
end solve-- RelaxOptimal OPTIMAL
 weights_sum: 1.0000000000000004
itereffortlevel: 0
--separating...
--find a better primal bound 0.07263895645845607 by Alternative descent Eigen
--found a cut state by heuristic 0.07263895645845607 0.00957065271881996 
iteration: 1498,  #states: 2604, valueb: 0.00957065271881996, activeness: 0.07263895645845607, primalobj: 0.9601985569245206, dualobj: -Inf
solve--
end solve-- RelaxOptimal OPTIMAL
 weights_sum: 1.000000061238501
itereffortlevel: 0
--separating...
--find a better primal bound 0.08652310204478977 by Alternative descent Eigen
--found a cut state by heuristic 0.08652310204478977 0.016980434839498005 
iteration: 1499,  #states: 2605, valueb: 0.016980434839498005, activeness: 0.08652310204478977, primalobj: 0.9601876206237775, dualobj: -Inf
solve--
end solve-- RelaxOptimal OPTIMAL
 weights_sum: 1.0000000000000004
itereffortlevel: 0
--separating...
--find a better primal bound 0.08025191225320978 by Alternative descent Eigen
--found a cut state by heuristic 0.08025191225320978 0.02491895304077815 
iteration: 1500,  #states: 2606, valueb: 0.02491895304077815, activeness: 0.08025191225320978, primalobj: 0.9601708827923332, dualobj: -Inf
solve--
end solve-- RelaxOptimal OPTIMAL
 weights_sum: 1.0000000000000002
itereffortlevel: 0
--separating...
--find a better primal bound 0.11771863862692425 by Alternative descent Eigen
--found a cut state by heuristic 0.11771863862692425 0.023230007751746395 
iteration: 1501,  #states: 2607, valueb: 0.023230007751746395, activeness: 0.11771863862692425, primalobj: 0.9601594118178209, dualobj: -Inf
solve--
end solve-- RelaxOptimal OPTIMAL
 weights_sum: 1.0000002096305822
itereffortlevel: 0
--separating...
--find a better primal bound 0.06969601389376762 by Alternative descent Eigen
--found a cut state by heuristic 0.06969601389376762 0.021123972094356937 
iteration: 1502,  #states: 2608, valueb: 0.021123972094356937, activeness: 0.06969601389376762, primalobj: 0.9601526491498282, dualobj: -Inf
solve--
end solve-- RelaxOptimal OPTIMAL
 weights_sum: 1.0000000000000007
itereffortlevel: 0
--separating...
--find a better primal bound 0.07082492513905599 by Alternative descent Eigen
--found a cut state by heuristic 0.07082492513905599 0.02512472718379119 
iteration: 1503,  #states: 2609, valueb: 0.02512472718379119, activeness: 0.07082492513905599, primalobj: 0.960146915129709, dualobj: -Inf
solve--
end solve-- RelaxOptimal OPTIMAL
 weights_sum: 1.0000000000000009
itereffortlevel: 0
--separating...
--find a better primal bound 0.0851996372334346 by Alternative descent Eigen
--found a cut state by heuristic 0.0851996372334346 0.015880047792074387 
iteration: 1504,  #states: 2610, valueb: 0.015880047792074387, activeness: 0.0851996372334346, primalobj: 0.9601398622503869, dualobj: -Inf
solve--
end solve-- RelaxOptimal OPTIMAL
 weights_sum: 1.0000014820621366
itereffortlevel: 0
--separating...
--find a better primal bound 0.12352540998080476 by Alternative descent Eigen
--found a cut state by heuristic 0.12352540998080476 0.0393883457627687 
iteration: 1505,  #states: 2611, valueb: 0.0393883457627687, activeness: 0.12352540998080476, primalobj: 0.9601366301297287, dualobj: -Inf
solve--
end solve-- RelaxOptimal OPTIMAL
 weights_sum: 1.0000000000000009
itereffortlevel: 0
--separating...
--find a better primal bound 0.055552474179816444 by Alternative descent Eigen
--found a cut state by heuristic 0.055552474179816444 0.030566481386091873 
iteration: 1506,  #states: 2612, valueb: 0.030566481386091873, activeness: 0.055552474179816444, primalobj: 0.9601238377103554, dualobj: -Inf
solve--
end solve-- RelaxOptimal OPTIMAL
 weights_sum: 0.9999999999999999
itereffortlevel: 0
--separating...
--find a better primal bound 0.06358562584324355 by Alternative descent Eigen
--found a cut state by heuristic 0.06358562584324355 0.034471238950371574 
iteration: 1507,  #states: 2613, valueb: 0.034471238950371574, activeness: 0.06358562584324355, primalobj: 0.9601159686559368, dualobj: -Inf
solve--
end solve-- RelaxOptimal OPTIMAL
 weights_sum: 1.0000005181113265
itereffortlevel: 0
--separating...
--find a better primal bound 0.08190924867902878 by Alternative descent Eigen
--found a cut state by heuristic 0.08190924867902878 0.03221669057926161 
iteration: 1508,  #states: 2614, valueb: 0.03221669057926161, activeness: 0.08190924867902878, primalobj: 0.9601104120051815, dualobj: -Inf
solve--
end solve-- RelaxOptimal OPTIMAL
 weights_sum: 1.0000014619957462
itereffortlevel: 0
--separating...
--find a better primal bound 0.061953795699588816 by Alternative descent Eigen
--found a cut state by heuristic 0.061953795699588816 0.022875575674365118 
iteration: 1509,  #states: 2615, valueb: 0.022875575674365118, activeness: 0.061953795699588816, primalobj: 0.9601014165765838, dualobj: -Inf
solve--
end solve-- RelaxOptimal OPTIMAL
 weights_sum: 0.9999999999999998
itereffortlevel: 0
--separating...
--find a better primal bound 0.06865875288968365 by Alternative descent Eigen
--found a cut state by heuristic 0.06865875288968365 0.02521832361204777 
iteration: 1510,  #states: 2616, valueb: 0.02521832361204777, activeness: 0.06865875288968365, primalobj: 0.9600991976447896, dualobj: -Inf
solve--
end solve-- RelaxOptimal OPTIMAL
 weights_sum: 1.0000000000000002
itereffortlevel: 0
--separating...
--find a better primal bound 0.07805812275191623 by Alternative descent Eigen
--found a cut state by heuristic 0.07805812275191623 0.03891118214982314 
iteration: 1511,  #states: 2617, valueb: 0.03891118214982314, activeness: 0.07805812275191623, primalobj: 0.9600943944914044, dualobj: -Inf
solve--
end solve-- RelaxOptimal OPTIMAL
 weights_sum: 1.000000000000001
itereffortlevel: 0
--separating...
--find a better primal bound 0.056673275953350255 by Alternative descent Eigen
--found a cut state by heuristic 0.056673275953350255 0.03314349086859428 
iteration: 1512,  #states: 2618, valueb: 0.03314349086859428, activeness: 0.056673275953350255, primalobj: 0.960090262808145, dualobj: -Inf
solve--
end solve-- RelaxOptimal OPTIMAL
 weights_sum: 0.9999999999999996
itereffortlevel: 0
--separating...
--find a better primal bound 0.13471990544780857 by Alternative descent Eigen
--found a cut state by heuristic 0.13471990544780857 0.03718899078014448 
iteration: 1513,  #states: 2619, valueb: 0.03718899078014448, activeness: 0.13471990544780857, primalobj: 0.9600883275952499, dualobj: -Inf
solve--
end solve-- RelaxOptimal OPTIMAL
 weights_sum: 0.999999999999999
itereffortlevel: 0
--separating...
--find a better primal bound 0.05480644487496507 by Alternative descent Eigen
--found a cut state by heuristic 0.05480644487496507 0.021150605939179484 
iteration: 1514,  #states: 2620, valueb: 0.021150605939179484, activeness: 0.05480644487496507, primalobj: 0.9600765171885979, dualobj: -Inf
solve--
end solve-- RelaxOptimal OPTIMAL
 weights_sum: 0.9999999999999992
itereffortlevel: 0
--separating...
--find a better primal bound 0.09043277459715379 by Alternative descent Eigen
--found a cut state by heuristic 0.09043277459715379 0.02072320055989252 
iteration: 1515,  #states: 2621, valueb: 0.02072320055989252, activeness: 0.09043277459715379, primalobj: 0.9600717886293422, dualobj: -Inf
solve--
end solve-- RelaxOptimal OPTIMAL
 weights_sum: 0.9999999999999998
itereffortlevel: 0
--separating...
--find a better primal bound 0.03190547120393619 by Alternative descent Eigen
--found a cut state by heuristic 0.03190547120393619 0.005234408373325009 
iteration: 1516,  #states: 2622, valueb: 0.005234408373325009, activeness: 0.03190547120393619, primalobj: 0.9600622725815322, dualobj: -Inf
solve--
end solve-- RelaxOptimal OPTIMAL
 weights_sum: 0.9999999999999999
itereffortlevel: 0
--separating...
--find a better primal bound 0.04843323338109631 by Alternative descent Eigen
--found a cut state by heuristic 0.04843323338109631 0.005324147823803946 
iteration: 1517,  #states: 2623, valueb: 0.005324147823803946, activeness: 0.04843323338109631, primalobj: 0.960055220638669, dualobj: -Inf
solve--
end solve-- RelaxOptimal OPTIMAL
 weights_sum: 1.0000002527977183
itereffortlevel: 0
--separating...
--find a better primal bound 0.08859044869977611 by Alternative descent Eigen
--found a cut state by heuristic 0.08859044869977611 0.015508979348665372 
iteration: 1518,  #states: 2624, valueb: 0.015508979348665372, activeness: 0.08859044869977611, primalobj: 0.9600524134279149, dualobj: -Inf
solve--
end solve-- RelaxOptimal OPTIMAL
 weights_sum: 0.9999999999999984
itereffortlevel: 0
--separating...
--find a better primal bound 0.08287164994051593 by Alternative descent Eigen
--found a cut state by heuristic 0.08287164994051593 0.014069154858298826 
iteration: 1519,  #states: 2625, valueb: 0.014069154858298826, activeness: 0.08287164994051593, primalobj: 0.9600401746489792, dualobj: -Inf
solve--
end solve-- RelaxOptimal OPTIMAL
 weights_sum: 1.0000000000000009
itereffortlevel: 0
--separating...
--find a better primal bound 0.08265927962655081 by Alternative descent Eigen
--found a cut state by heuristic 0.08265927962655081 0.023418532018430558 
iteration: 1520,  #states: 2626, valueb: 0.023418532018430558, activeness: 0.08265927962655081, primalobj: 0.9600299287883045, dualobj: -Inf
solve--
end solve-- RelaxOptimal OPTIMAL
 weights_sum: 0.9999999999999993
itereffortlevel: 0
--separating...
--find a better primal bound 0.08302393394679174 by Alternative descent Eigen
--found a cut state by heuristic 0.08302393394679174 0.03851831892713906 
iteration: 1521,  #states: 2627, valueb: 0.03851831892713906, activeness: 0.08302393394679174, primalobj: 0.960017595572265, dualobj: -Inf
solve--
end solve-- RelaxOptimal OPTIMAL
 weights_sum: 0.9999999999999999
itereffortlevel: 0
--separating...
--find a better primal bound 0.061177358634690926 by Alternative descent Eigen
--found a cut state by heuristic 0.061177358634690926 0.020689179353411514 
iteration: 1522,  #states: 2628, valueb: 0.020689179353411514, activeness: 0.061177358634690926, primalobj: 0.9600064234837138, dualobj: -Inf
solve--
end solve-- RelaxOptimal OPTIMAL
 weights_sum: 0.9999999999999984
itereffortlevel: 0
--separating...
--find a better primal bound 0.132992920507984 by Alternative descent Eigen
--found a cut state by heuristic 0.132992920507984 0.033271611401528074 
iteration: 1523,  #states: 2629, valueb: 0.033271611401528074, activeness: 0.132992920507984, primalobj: 0.9599972111875261, dualobj: -Inf
solve--
end solve-- RelaxOptimal OPTIMAL
 weights_sum: 0.9999999999999998
itereffortlevel: 0
--separating...
--find a better primal bound 0.09163685753524675 by Alternative descent Eigen
--found a cut state by heuristic 0.09163685753524675 0.02352320421741219 
iteration: 1524,  #states: 2630, valueb: 0.02352320421741219, activeness: 0.09163685753524675, primalobj: 0.9599894047376147, dualobj: -Inf
solve--
end solve-- RelaxOptimal OPTIMAL
 weights_sum: 1.0000000000000007
itereffortlevel: 0
--separating...
--find a better primal bound 0.041775550391949995 by Alternative descent Eigen
--found a cut state by heuristic 0.041775550391949995 0.0004916547248754455 
iteration: 1525,  #states: 2631, valueb: 0.0004916547248754455, activeness: 0.041775550391949995, primalobj: 0.9599776872082827, dualobj: -Inf
solve--
end solve-- RelaxOptimal OPTIMAL
 weights_sum: 0.9999999999999987
itereffortlevel: 0
--separating...
--find a better primal bound 0.04890589003947092 by Alternative descent Eigen
--found a cut state by heuristic 0.04890589003947092 0.020518591631800278 
iteration: 1526,  #states: 2632, valueb: 0.020518591631800278, activeness: 0.04890589003947092, primalobj: 0.959968210122514, dualobj: -Inf
solve--
end solve-- RelaxOptimal OPTIMAL
 weights_sum: 1.0000000000000013
itereffortlevel: 0
--separating...
--find a better primal bound 0.06791012558376025 by Alternative descent Eigen
--found a cut state by heuristic 0.06791012558376025 0.023557734452240114 
iteration: 1527,  #states: 2633, valueb: 0.023557734452240114, activeness: 0.06791012558376025, primalobj: 0.9599623990487269, dualobj: -Inf
solve--
end solve-- RelaxOptimal OPTIMAL
 weights_sum: 0.9999999999999989
itereffortlevel: 0
--separating...
--find a better primal bound 0.07493065301047273 by Alternative descent Eigen
--found a cut state by heuristic 0.07493065301047273 0.027252273713908044 
iteration: 1528,  #states: 2634, valueb: 0.027252273713908044, activeness: 0.07493065301047273, primalobj: 0.9599572139193171, dualobj: -Inf
solve--
end solve-- RelaxOptimal OPTIMAL
 weights_sum: 0.9999999999999994
itereffortlevel: 0
--separating...
--find a better primal bound 0.08271502366969166 by Alternative descent Eigen
--found a cut state by heuristic 0.08271502366969166 0.02318890768798232 
iteration: 1529,  #states: 2635, valueb: 0.02318890768798232, activeness: 0.08271502366969166, primalobj: 0.9599493537969487, dualobj: -Inf
solve--
end solve-- RelaxOptimal OPTIMAL
 weights_sum: 0.9999999999999996
itereffortlevel: 0
--separating...
--find a better primal bound 0.05902585243425856 by Alternative descent Eigen
--found a cut state by heuristic 0.05902585243425856 0.015315289475231515 
iteration: 1530,  #states: 2636, valueb: 0.015315289475231515, activeness: 0.05902585243425856, primalobj: 0.9599414353566555, dualobj: -Inf
solve--
end solve-- RelaxOptimal OPTIMAL
 weights_sum: 1.0
itereffortlevel: 0
--separating...
--find a better primal bound 0.09343779895442052 by Alternative descent Eigen
--found a cut state by heuristic 0.09343779895442052 0.02586017865130455 
iteration: 1531,  #states: 2637, valueb: 0.02586017865130455, activeness: 0.09343779895442052, primalobj: 0.9599362069865478, dualobj: -Inf
solve--
end solve-- RelaxOptimal OPTIMAL
 weights_sum: 1.0000000000000004
itereffortlevel: 0
--separating...
--find a better primal bound 0.09453242083027355 by Alternative descent Eigen
--found a cut state by heuristic 0.09453242083027355 0.04008690013028279 
iteration: 1532,  #states: 2638, valueb: 0.04008690013028279, activeness: 0.09453242083027355, primalobj: 0.959930233333032, dualobj: -Inf
solve--
end solve-- RelaxOptimal OPTIMAL
 weights_sum: 1.0000000000000002
itereffortlevel: 0
--separating...
--find a better primal bound 0.05278094431777404 by Alternative descent Eigen
--found a cut state by heuristic 0.05278094431777404 0.03290179907066039 
iteration: 1533,  #states: 2639, valueb: 0.03290179907066039, activeness: 0.05278094431777404, primalobj: 0.9599219322842802, dualobj: -Inf
solve--
end solve-- RelaxOptimal OPTIMAL
 weights_sum: 1.0000000000000004
itereffortlevel: 0
--separating...
--find a better primal bound 0.10205795946013872 by Alternative descent Eigen
--found a cut state by heuristic 0.10205795946013872 0.036346180976564 
iteration: 1534,  #states: 2640, valueb: 0.036346180976564, activeness: 0.10205795946013872, primalobj: 0.9599193677957254, dualobj: -Inf
solve--
end solve-- RelaxOptimal OPTIMAL
 weights_sum: 1.0000000000000002
itereffortlevel: 0
--separating...
--find a better primal bound 0.07584913340928785 by Alternative descent Eigen
--found a cut state by heuristic 0.07584913340928785 0.049353647827469725 
iteration: 1535,  #states: 2641, valueb: 0.049353647827469725, activeness: 0.07584913340928785, primalobj: 0.9599132113099238, dualobj: -Inf
solve--
end solve-- RelaxOptimal OPTIMAL
 weights_sum: 1.0000000000000004
itereffortlevel: 0
--separating...
--find a better primal bound 0.09772118196016549 by Alternative descent Eigen
--found a cut state by heuristic 0.09772118196016549 0.028276819756028814 
iteration: 1536,  #states: 2642, valueb: 0.028276819756028814, activeness: 0.09772118196016549, primalobj: 0.9599102497890879, dualobj: -Inf
solve--
end solve-- RelaxOptimal OPTIMAL
 weights_sum: 1.0000000000000002
itereffortlevel: 0
--separating...
--find a better primal bound 0.05281910980697282 by Alternative descent Eigen
--found a cut state by heuristic 0.05281910980697282 0.026306327249764602 
iteration: 1537,  #states: 2643, valueb: 0.026306327249764602, activeness: 0.05281910980697282, primalobj: 0.9599035339612403, dualobj: -Inf
solve--
end solve-- RelaxOptimal OPTIMAL
 weights_sum: 1.0000000000000004
itereffortlevel: 0
--separating...
--find a better primal bound 0.14102967029032804 by Alternative descent Eigen
--found a cut state by heuristic 0.14102967029032804 0.039318319716711854 
iteration: 1538,  #states: 2644, valueb: 0.039318319716711854, activeness: 0.14102967029032804, primalobj: 0.9599023265543505, dualobj: -Inf
solve--
end solve-- RelaxOptimal OPTIMAL
 weights_sum: 1.0
itereffortlevel: 0
--separating...
--find a better primal bound 0.07029042914702333 by Alternative descent Eigen
--found a cut state by heuristic 0.07029042914702333 0.05003905683007989 
iteration: 1539,  #states: 2645, valueb: 0.05003905683007989, activeness: 0.07029042914702333, primalobj: 0.9598947466305774, dualobj: -Inf
solve--
end solve-- RelaxOptimal OPTIMAL
 weights_sum: 0.9999999999999996
itereffortlevel: 0
--separating...
--find a better primal bound 0.07667712240192895 by Alternative descent Eigen
--found a cut state by heuristic 0.07667712240192895 0.032281513366731546 
iteration: 1540,  #states: 2646, valueb: 0.032281513366731546, activeness: 0.07667712240192895, primalobj: 0.9598912951855687, dualobj: -Inf
solve--
end solve-- RelaxOptimal OPTIMAL
 weights_sum: 1.0000000000000002
itereffortlevel: 0
--separating...
--find a better primal bound 0.11970697399691604 by Alternative descent Eigen
--found a cut state by heuristic 0.11970697399691604 0.04706983400652165 
iteration: 1541,  #states: 2647, valueb: 0.04706983400652165, activeness: 0.11970697399691604, primalobj: 0.9598866586820937, dualobj: -Inf
solve--
end solve-- RelaxOptimal OPTIMAL
 weights_sum: 1.0000002600332858
itereffortlevel: 0
--separating...
--find a better primal bound 0.11139506548997696 by Alternative descent Eigen
--found a cut state by heuristic 0.11139506548997696 0.056073817800260044 
iteration: 1542,  #states: 2648, valueb: 0.056073817800260044, activeness: 0.11139506548997696, primalobj: 0.9598803406491121, dualobj: -Inf
solve--
end solve-- RelaxOptimal OPTIMAL
 weights_sum: 0.9999999999999998
itereffortlevel: 0
--separating...
--find a better primal bound 0.04635439580694641 by Alternative descent Eigen
--found a cut state by heuristic 0.04635439580694641 0.03302952757862778 
iteration: 1543,  #states: 2649, valueb: 0.03302952757862778, activeness: 0.04635439580694641, primalobj: 0.9598756941022837, dualobj: -Inf
solve--
end solve-- RelaxOptimal OPTIMAL
 weights_sum: 1.0000000000000002
itereffortlevel: 0
--separating...
--find a better primal bound 0.05003207518669661 by Alternative descent Eigen
--found a cut state by heuristic 0.05003207518669661 0.0347421766609839 
iteration: 1544,  #states: 2650, valueb: 0.0347421766609839, activeness: 0.05003207518669661, primalobj: 0.9598738534559508, dualobj: -Inf
solve--
end solve-- RelaxOptimal OPTIMAL
 weights_sum: 1.0000000000000004
itereffortlevel: 0
--separating...
--find a better primal bound 0.07737177161551954 by Alternative descent Eigen
--found a cut state by heuristic 0.07737177161551954 0.03952655925842996 
iteration: 1545,  #states: 2651, valueb: 0.03952655925842996, activeness: 0.07737177161551954, primalobj: 0.9598718400374731, dualobj: -Inf
solve--
end solve-- RelaxOptimal OPTIMAL
 weights_sum: 1.0000000000000007
itereffortlevel: 0
--separating...
--find a better primal bound 0.1155081301123782 by Alternative descent Eigen
--found a cut state by heuristic 0.1155081301123782 0.02517217963780996 
iteration: 1546,  #states: 2652, valueb: 0.02517217963780996, activeness: 0.1155081301123782, primalobj: 0.9598635867214775, dualobj: -Inf
solve--
end solve-- RelaxOptimal OPTIMAL
 weights_sum: 0.9999999999999989
itereffortlevel: 0
--separating...
--find a better primal bound 0.10727398139857203 by Alternative descent Eigen
--found a cut state by heuristic 0.10727398139857203 0.039605312140629685 
iteration: 1547,  #states: 2653, valueb: 0.039605312140629685, activeness: 0.10727398139857203, primalobj: 0.9598511286927203, dualobj: -Inf
solve--
end solve-- RelaxOptimal OPTIMAL
 weights_sum: 1.0000000683380217
itereffortlevel: 0
--separating...
--find a better primal bound 0.0749128591031609 by Alternative descent Eigen
--found a cut state by heuristic 0.0749128591031609 0.04001566380599778 
iteration: 1548,  #states: 2654, valueb: 0.04001566380599778, activeness: 0.0749128591031609, primalobj: 0.9598448761357696, dualobj: -Inf
solve--
end solve-- RelaxOptimal OPTIMAL
 weights_sum: 1.0000001890864387
itereffortlevel: 0
--separating...
--find a better primal bound 0.08401261706883768 by Alternative descent Eigen
--found a cut state by heuristic 0.08401261706883768 0.03338539775592531 
iteration: 1549,  #states: 2655, valueb: 0.03338539775592531, activeness: 0.08401261706883768, primalobj: 0.9598410938998078, dualobj: -Inf
solve--
end solve-- RelaxOptimal OPTIMAL
 weights_sum: 1.000000000000001
itereffortlevel: 0
--separating...
--find a better primal bound 0.06995686581014221 by Alternative descent Eigen
--found a cut state by heuristic 0.06995686581014221 0.034329618101752335 
iteration: 1550,  #states: 2656, valueb: 0.034329618101752335, activeness: 0.06995686581014221, primalobj: 0.95983568730147, dualobj: -Inf
solve--
end solve-- RelaxOptimal OPTIMAL
 weights_sum: 1.0000000000000002
itereffortlevel: 0
--separating...
--find a better primal bound 0.11443236504367235 by Alternative descent Eigen
--found a cut state by heuristic 0.11443236504367235 0.04761644092026399 
iteration: 1551,  #states: 2657, valueb: 0.04761644092026399, activeness: 0.11443236504367235, primalobj: 0.9598317331669951, dualobj: -Inf
solve--
end solve-- RelaxOptimal OPTIMAL
 weights_sum: 0.9999999999999993
itereffortlevel: 0
--separating...
--find a better primal bound 0.0865914304542113 by Alternative descent Eigen
--found a cut state by heuristic 0.0865914304542113 0.023437966012196554 
iteration: 1552,  #states: 2658, valueb: 0.023437966012196554, activeness: 0.0865914304542113, primalobj: 0.959820514166764, dualobj: -Inf
solve--
end solve-- RelaxOptimal OPTIMAL
 weights_sum: 1.0000000000000002
itereffortlevel: 0
--separating...
--find a better primal bound 0.09811654488123289 by Alternative descent Eigen
--found a cut state by heuristic 0.09811654488123289 0.049686957195800296 
iteration: 1553,  #states: 2659, valueb: 0.049686957195800296, activeness: 0.09811654488123289, primalobj: 0.9598162995183543, dualobj: -Inf
solve--
end solve-- RelaxOptimal OPTIMAL
 weights_sum: 1.0000000436401322
itereffortlevel: 0
--separating...
--find a better primal bound 0.12026990194868675 by Alternative descent Eigen
--found a cut state by heuristic 0.12026990194868675 0.03643019278209214 
iteration: 1554,  #states: 2660, valueb: 0.03643019278209214, activeness: 0.12026990194868675, primalobj: 0.9598094570784649, dualobj: -Inf
solve--
end solve-- RelaxOptimal OPTIMAL
 weights_sum: 0.9999999999999998
itereffortlevel: 0
--separating...
--find a better primal bound 0.08104344483846967 by Alternative descent Eigen
--found a cut state by heuristic 0.08104344483846967 0.015110834985789755 
iteration: 1555,  #states: 2661, valueb: 0.015110834985789755, activeness: 0.08104344483846967, primalobj: 0.9597991661497028, dualobj: -Inf
solve--
end solve-- RelaxOptimal OPTIMAL
 weights_sum: 1.0000000000000007
itereffortlevel: 0
--separating...
--find a better primal bound 0.057695997398216216 by Alternative descent Eigen
--found a cut state by heuristic 0.057695997398216216 0.040222702824718196 
iteration: 1556,  #states: 2662, valueb: 0.040222702824718196, activeness: 0.057695997398216216, primalobj: 0.9597922627283864, dualobj: -Inf
solve--
end solve-- RelaxOptimal OPTIMAL
 weights_sum: 0.9999999999999993
itereffortlevel: 0
--separating...
--find a better primal bound 0.10906831187097102 by Alternative descent Eigen
--found a cut state by heuristic 0.10906831187097102 0.03528079361043823 
iteration: 1557,  #states: 2663, valueb: 0.03528079361043823, activeness: 0.10906831187097102, primalobj: 0.9597905941158373, dualobj: -Inf
solve--
end solve-- RelaxOptimal OPTIMAL
 weights_sum: 0.9999999999999987
itereffortlevel: 0
--separating...
--find a better primal bound 0.08257749051712732 by Alternative descent Eigen
--found a cut state by heuristic 0.08257749051712732 0.039251203433946794 
iteration: 1558,  #states: 2664, valueb: 0.039251203433946794, activeness: 0.08257749051712732, primalobj: 0.9597861115467429, dualobj: -Inf
solve--
end solve-- RelaxOptimal OPTIMAL
 weights_sum: 1.0000000000000007
itereffortlevel: 0
--separating...
--find a better primal bound 0.06149850565511456 by Alternative descent Eigen
--found a cut state by heuristic 0.06149850565511456 0.0436888304070472 
iteration: 1559,  #states: 2665, valueb: 0.0436888304070472, activeness: 0.06149850565511456, primalobj: 0.959774699053575, dualobj: -Inf
solve--
end solve-- RelaxOptimal OPTIMAL
 weights_sum: 1.0000000000000002
itereffortlevel: 0
--separating...
--find a better primal bound 0.09444768553941016 by Alternative descent Eigen
--found a cut state by heuristic 0.09444768553941016 0.012381935628221985 
iteration: 1560,  #states: 2666, valueb: 0.012381935628221985, activeness: 0.09444768553941016, primalobj: 0.9597720943416604, dualobj: -Inf
solve--
end solve-- RelaxOptimal OPTIMAL
 weights_sum: 1.000003119115401
itereffortlevel: 0
--separating...
--find a better primal bound 0.06971135524501113 by Alternative descent Eigen
--found a cut state by heuristic 0.06971135524501113 0.022813295169582876 
iteration: 1561,  #states: 2667, valueb: 0.022813295169582876, activeness: 0.06971135524501113, primalobj: 0.959762892782549, dualobj: -Inf
solve--
end solve-- RelaxOptimal OPTIMAL
 weights_sum: 0.9999999999999988
itereffortlevel: 0
--separating...
--find a better primal bound 0.05548318099077857 by Alternative descent Eigen
--found a cut state by heuristic 0.05548318099077857 0.02988339164787024 
iteration: 1562,  #states: 2668, valueb: 0.02988339164787024, activeness: 0.05548318099077857, primalobj: 0.9597513488300989, dualobj: -Inf
solve--
end solve-- RelaxOptimal OPTIMAL
 weights_sum: 0.9999999999999994
itereffortlevel: 0
--separating...
--find a better primal bound 0.1098359233048788 by Alternative descent Eigen
--found a cut state by heuristic 0.1098359233048788 0.027529002091230992 
iteration: 1563,  #states: 2669, valueb: 0.027529002091230992, activeness: 0.1098359233048788, primalobj: 0.9597451924081427, dualobj: -Inf
solve--
end solve-- RelaxOptimal OPTIMAL
 weights_sum: 0.9999999999999989
itereffortlevel: 0
--separating...
--find a better primal bound 0.04524483608571646 by Alternative descent Eigen
--found a cut state by heuristic 0.04524483608571646 0.03772903392419451 
iteration: 1564,  #states: 2670, valueb: 0.03772903392419451, activeness: 0.04524483608571646, primalobj: 0.9597380769304341, dualobj: -Inf
solve--
end solve-- RelaxOptimal OPTIMAL
 weights_sum: 1.0000000000000016
itereffortlevel: 0
--separating...
--find a better primal bound 0.09428259482178217 by Alternative descent Eigen
--found a cut state by heuristic 0.09428259482178217 0.03061004828159118 
iteration: 1565,  #states: 2671, valueb: 0.03061004828159118, activeness: 0.09428259482178217, primalobj: 0.9597366807046518, dualobj: -Inf
solve--
end solve-- RelaxOptimal OPTIMAL
 weights_sum: 1.0
itereffortlevel: 0
--separating...
--find a better primal bound 0.10528617770859662 by Alternative descent Eigen
--found a cut state by heuristic 0.10528617770859662 0.040935172770509294 
iteration: 1566,  #states: 2672, valueb: 0.040935172770509294, activeness: 0.10528617770859662, primalobj: 0.9597301730784451, dualobj: -Inf
solve--
end solve-- RelaxOptimal OPTIMAL
 weights_sum: 1.0000000000000009
itereffortlevel: 0
--separating...
--find a better primal bound 0.08215278980813565 by Alternative descent Eigen
--found a cut state by heuristic 0.08215278980813565 0.038425905870095034 
iteration: 1567,  #states: 2673, valueb: 0.038425905870095034, activeness: 0.08215278980813565, primalobj: 0.959722236415077, dualobj: -Inf
solve--
end solve-- RelaxOptimal OPTIMAL
 weights_sum: 1.0
itereffortlevel: 0
--separating...
--find a better primal bound 0.05684141793610964 by Alternative descent Eigen
--found a cut state by heuristic 0.05684141793610964 0.0375781628086031 
iteration: 1568,  #states: 2674, valueb: 0.0375781628086031, activeness: 0.05684141793610964, primalobj: 0.9597176655940975, dualobj: -Inf
solve--
end solve-- RelaxOptimal OPTIMAL
 weights_sum: 1.0000000747615767
itereffortlevel: 0
--separating...
--find a better primal bound 0.10995970335200929 by Alternative descent Eigen
--found a cut state by heuristic 0.10995970335200929 0.04173507695482738 
iteration: 1569,  #states: 2675, valueb: 0.04173507695482738, activeness: 0.10995970335200929, primalobj: 0.959716721646184, dualobj: -Inf
solve--
end solve-- RelaxOptimal OPTIMAL
 weights_sum: 1.0000000000000009
itereffortlevel: 0
--separating...
--find a better primal bound 0.10564880870044488 by Alternative descent Eigen
--found a cut state by heuristic 0.10564880870044488 0.03619280987647934 
iteration: 1570,  #states: 2676, valueb: 0.03619280987647934, activeness: 0.10564880870044488, primalobj: 0.9597026791805995, dualobj: -Inf
solve--
end solve-- RelaxOptimal OPTIMAL
 weights_sum: 1.0000000000000009
itereffortlevel: 0
--separating...
--find a better primal bound 0.0864821316471053 by Alternative descent Eigen
--found a cut state by heuristic 0.0864821316471053 0.0382635730378983 
iteration: 1571,  #states: 2677, valueb: 0.0382635730378983, activeness: 0.0864821316471053, primalobj: 0.9596918236895036, dualobj: -Inf
solve--
end solve-- RelaxOptimal OPTIMAL
 weights_sum: 1.0000011796564592
itereffortlevel: 0
--separating...
--find a better primal bound 0.14099487378285458 by Alternative descent Eigen
--found a cut state by heuristic 0.14099487378285458 0.05367542392717602 
iteration: 1572,  #states: 2678, valueb: 0.05367542392717602, activeness: 0.14099487378285458, primalobj: 0.9596870617284277, dualobj: -Inf
solve--
end solve-- RelaxOptimal OPTIMAL
 weights_sum: 0.9999999999999994
itereffortlevel: 0
--separating...
--find a better primal bound 0.06278896599127588 by Alternative descent Eigen
--found a cut state by heuristic 0.06278896599127588 0.043052700492414164 
iteration: 1573,  #states: 2679, valueb: 0.043052700492414164, activeness: 0.06278896599127588, primalobj: 0.9596803421734079, dualobj: -Inf
solve--
end solve-- RelaxOptimal OPTIMAL
 weights_sum: 1.0
itereffortlevel: 0
--separating...
--find a better primal bound 0.13002626910743714 by Alternative descent Eigen
--found a cut state by heuristic 0.13002626910743714 0.050938771554261186 
iteration: 1574,  #states: 2680, valueb: 0.050938771554261186, activeness: 0.13002626910743714, primalobj: 0.9596793684609002, dualobj: -Inf
solve--
end solve-- RelaxOptimal OPTIMAL
 weights_sum: 1.0000000000000004
itereffortlevel: 0
--separating...
--find a better primal bound 0.05970748231433312 by Alternative descent Eigen
--found a cut state by heuristic 0.05970748231433312 0.051969729624287364 
iteration: 1575,  #states: 2681, valueb: 0.051969729624287364, activeness: 0.05970748231433312, primalobj: 0.9596727544308232, dualobj: -Inf
solve--
end solve-- RelaxOptimal OPTIMAL
 weights_sum: 1.0000000857304179
itereffortlevel: 0
--separating...
--find a better primal bound 0.08460563421991928 by Alternative descent Eigen
--found a cut state by heuristic 0.08460563421991928 0.04591771977962388 
iteration: 1576,  #states: 2682, valueb: 0.04591771977962388, activeness: 0.08460563421991928, primalobj: 0.9596721429641487, dualobj: -Inf
solve--
end solve-- RelaxOptimal OPTIMAL
 weights_sum: 1.0000000000000004
itereffortlevel: 0
--separating...
--find a better primal bound 0.10838832283718047 by Alternative descent Eigen
--found a cut state by heuristic 0.10838832283718047 0.05769769019993387 
iteration: 1577,  #states: 2683, valueb: 0.05769769019993387, activeness: 0.10838832283718047, primalobj: 0.9596687268384936, dualobj: -Inf
solve--
end solve-- RelaxOptimal OPTIMAL
 weights_sum: 1.0000000000000016
itereffortlevel: 0
--separating...
--find a better primal bound 0.09264608630824771 by Alternative descent Eigen
--found a cut state by heuristic 0.09264608630824771 0.06555614256767628 
iteration: 1578,  #states: 2684, valueb: 0.06555614256767628, activeness: 0.09264608630824771, primalobj: 0.9596627319663841, dualobj: -Inf
solve--
end solve-- RelaxOptimal OPTIMAL
 weights_sum: 1.0000000000000016
itereffortlevel: 0
--separating...
--find a better primal bound 0.09496875585707934 by Alternative descent Eigen
--found a cut state by heuristic 0.09496875585707934 0.05975302458281648 
iteration: 1579,  #states: 2685, valueb: 0.05975302458281648, activeness: 0.09496875585707934, primalobj: 0.9596577683102671, dualobj: -Inf
solve--
end solve-- RelaxOptimal OPTIMAL
 weights_sum: 0.9999999999999998
itereffortlevel: 0
--separating...
--find a better primal bound 0.09716605424340197 by Alternative descent Eigen
--found a cut state by heuristic 0.09716605424340197 0.06317097484453393 
iteration: 1580,  #states: 2686, valueb: 0.06317097484453393, activeness: 0.09716605424340197, primalobj: 0.9596521893664751, dualobj: -Inf
solve--
end solve-- RelaxOptimal OPTIMAL
 weights_sum: 1.0000026352736273
itereffortlevel: 0
--separating...
--find a better primal bound 0.08308123399937153 by Alternative descent Eigen
--found a cut state by heuristic 0.08308123399937153 0.06546002824055895 
iteration: 1581,  #states: 2687, valueb: 0.06546002824055895, activeness: 0.08308123399937153, primalobj: 0.9596503626545709, dualobj: -Inf
solve--
end solve-- RelaxOptimal OPTIMAL
 weights_sum: 0.9999999999999989
itereffortlevel: 0
--separating...
--find a better primal bound 0.07505799601443512 by Alternative descent Eigen
--found a cut state by heuristic 0.07505799601443512 0.06493960979602928 
iteration: 1582,  #states: 2688, valueb: 0.06493960979602928, activeness: 0.07505799601443512, primalobj: 0.9596491582568052, dualobj: -Inf
solve--
end solve-- RelaxOptimal OPTIMAL
 weights_sum: 1.0
itereffortlevel: 0
--separating...
--find a better primal bound 0.14965313358039642 by Alternative descent Eigen
--found a cut state by heuristic 0.14965313358039642 0.07142787648479233 
iteration: 1583,  #states: 2689, valueb: 0.07142787648479233, activeness: 0.14965313358039642, primalobj: 0.959648570240953, dualobj: -Inf
solve--
end solve-- RelaxOptimal OPTIMAL
 weights_sum: 1.0000000000000002
itereffortlevel: 0
--separating...
--find a better primal bound 0.13759456942229498 by Alternative descent Eigen
--found a cut state by heuristic 0.13759456942229498 0.06909402156588396 
iteration: 1584,  #states: 2690, valueb: 0.06909402156588396, activeness: 0.13759456942229498, primalobj: 0.959630741911847, dualobj: -Inf
solve--
end solve-- RelaxOptimal OPTIMAL
 weights_sum: 1.0000000000000002
itereffortlevel: 0
--separating...
--find a better primal bound 0.09963636612024153 by Alternative descent Eigen
--found a cut state by heuristic 0.09963636612024153 0.062385304047005714 
iteration: 1585,  #states: 2691, valueb: 0.062385304047005714, activeness: 0.09963636612024153, primalobj: 0.959623814629875, dualobj: -Inf
solve--
end solve-- RelaxOptimal OPTIMAL
 weights_sum: 1.0000000000000009
itereffortlevel: 0
--separating...
--find a better primal bound 0.11767675238348442 by Alternative descent Eigen
--found a cut state by heuristic 0.11767675238348442 0.059293867346602025 
iteration: 1586,  #states: 2692, valueb: 0.059293867346602025, activeness: 0.11767675238348442, primalobj: 0.9596204121578934, dualobj: -Inf
solve--
end solve-- RelaxOptimal OPTIMAL
 weights_sum: 1.0000020178317564
itereffortlevel: 0
--separating...
--find a better primal bound 0.16179250686408114 by Alternative descent Eigen
--found a cut state by heuristic 0.16179250686408114 0.06988201936240973 
iteration: 1587,  #states: 2693, valueb: 0.06988201936240973, activeness: 0.16179250686408114, primalobj: 0.9596112215147412, dualobj: -Inf
solve--
end solve-- RelaxOptimal OPTIMAL
 weights_sum: 1.0000000000000004
itereffortlevel: 0
--separating...
--find a better primal bound 0.07868989994583642 by Alternative descent Eigen
--found a cut state by heuristic 0.07868989994583642 0.05262683139130252 
iteration: 1588,  #states: 2694, valueb: 0.05262683139130252, activeness: 0.07868989994583642, primalobj: 0.9595954629520933, dualobj: -Inf
solve--
end solve-- RelaxOptimal OPTIMAL
 weights_sum: 0.9999999999999999
itereffortlevel: 0
--separating...
--find a better primal bound 0.11314559906979912 by Alternative descent Eigen
--found a cut state by heuristic 0.11314559906979912 0.056077183443839926 
iteration: 1589,  #states: 2695, valueb: 0.056077183443839926, activeness: 0.11314559906979912, primalobj: 0.9595927394902437, dualobj: -Inf
solve--
end solve-- RelaxOptimal OPTIMAL
 weights_sum: 0.9999999999999987
itereffortlevel: 0
--separating...
--find a better primal bound 0.12443222837343611 by Alternative descent Eigen
--found a cut state by heuristic 0.12443222837343611 0.052711030721879826 
iteration: 1590,  #states: 2696, valueb: 0.052711030721879826, activeness: 0.12443222837343611, primalobj: 0.9595822982499557, dualobj: -Inf
solve--
end solve-- RelaxOptimal OPTIMAL
 weights_sum: 1.0000000000000013
itereffortlevel: 0
--separating...
--find a better primal bound 0.10607328276660169 by Alternative descent Eigen
--found a cut state by heuristic 0.10607328276660169 0.03744370371799034 
iteration: 1591,  #states: 2697, valueb: 0.03744370371799034, activeness: 0.10607328276660169, primalobj: 0.9595636672113661, dualobj: -Inf
solve--
end solve-- RelaxOptimal OPTIMAL
 weights_sum: 0.9999999999999991
itereffortlevel: 0
--separating...
--find a better primal bound 0.061264157457282295 by Alternative descent Eigen
--found a cut state by heuristic 0.061264157457282295 0.0425584411249293 
iteration: 1592,  #states: 2698, valueb: 0.0425584411249293, activeness: 0.061264157457282295, primalobj: 0.9595551235114277, dualobj: -Inf
solve--
end solve-- RelaxOptimal OPTIMAL
 weights_sum: 1.0000000000000007
itereffortlevel: 0
--separating...
--find a better primal bound 0.1202808489628741 by Alternative descent Eigen
--found a cut state by heuristic 0.1202808489628741 0.05043368161550246 
iteration: 1593,  #states: 2699, valueb: 0.05043368161550246, activeness: 0.1202808489628741, primalobj: 0.9595517357114065, dualobj: -Inf
solve--
end solve-- RelaxOptimal OPTIMAL
 weights_sum: 1.0000000000000004
itereffortlevel: 0
--separating...
--find a better primal bound 0.057409904180913414 by Alternative descent Eigen
--found a cut state by heuristic 0.057409904180913414 0.04746956566308233 
iteration: 1594,  #states: 2700, valueb: 0.04746956566308233, activeness: 0.057409904180913414, primalobj: 0.9595384732532142, dualobj: -Inf
solve--
end solve-- RelaxOptimal OPTIMAL
 weights_sum: 0.9999999999999998
itereffortlevel: 0
--separating...
--find a better primal bound 0.107935411575079 by Alternative descent Eigen
--found a cut state by heuristic 0.107935411575079 0.040806788496840746 
iteration: 1595,  #states: 2701, valueb: 0.040806788496840746, activeness: 0.107935411575079, primalobj: 0.9595369696279976, dualobj: -Inf
solve--
end solve-- RelaxOptimal OPTIMAL
 weights_sum: 1.0000000000000007
itereffortlevel: 0
--separating...
--find a better primal bound 0.1070600133672675 by Alternative descent Eigen
--found a cut state by heuristic 0.1070600133672675 0.05894629476195237 
iteration: 1596,  #states: 2702, valueb: 0.05894629476195237, activeness: 0.1070600133672675, primalobj: 0.9595293277958326, dualobj: -Inf
solve--
end solve-- RelaxOptimal OPTIMAL
 weights_sum: 0.9999999999999998
itereffortlevel: 0
--separating...
--find a better primal bound 0.08745315040066134 by Alternative descent Eigen
--found a cut state by heuristic 0.08745315040066134 0.04873257654091012 
iteration: 1597,  #states: 2703, valueb: 0.04873257654091012, activeness: 0.08745315040066134, primalobj: 0.9595230582816365, dualobj: -Inf
solve--
end solve-- RelaxOptimal OPTIMAL
 weights_sum: 1.0000000000000002
itereffortlevel: 0
--separating...
--find a better primal bound 0.10017907149951616 by Alternative descent Eigen
--found a cut state by heuristic 0.10017907149951616 0.04369879237371176 
iteration: 1598,  #states: 2704, valueb: 0.04369879237371176, activeness: 0.10017907149951616, primalobj: 0.9595120124486856, dualobj: -Inf
solve--
end solve-- RelaxOptimal OPTIMAL
 weights_sum: 0.9999999999999996
itereffortlevel: 0
--separating...
--find a better primal bound 0.10340303769982273 by Alternative descent Eigen
--found a cut state by heuristic 0.10340303769982273 0.034136629834123515 
iteration: 1599,  #states: 2705, valueb: 0.034136629834123515, activeness: 0.10340303769982273, primalobj: 0.9595057447624817, dualobj: -Inf
solve--
end solve-- RelaxOptimal OPTIMAL
 weights_sum: 0.9999999999999996
itereffortlevel: 0
--separating...
--find a better primal bound 0.06598044530651763 by Alternative descent Eigen
--found a cut state by heuristic 0.06598044530651763 0.02127421165242449 
iteration: 1600,  #states: 2706, valueb: 0.02127421165242449, activeness: 0.06598044530651763, primalobj: 0.9594992952446892, dualobj: -Inf
solve--
end solve-- RelaxOptimal OPTIMAL
 weights_sum: 0.9999999999999991
itereffortlevel: 0
--separating...
--find a better primal bound 0.08450529459856373 by Alternative descent Eigen
--found a cut state by heuristic 0.08450529459856373 0.029927596819938663 
iteration: 1601,  #states: 2707, valueb: 0.029927596819938663, activeness: 0.08450529459856373, primalobj: 0.9594898757309149, dualobj: -Inf
solve--
end solve-- RelaxOptimal OPTIMAL
 weights_sum: 1.0000000000000007
itereffortlevel: 0
--separating...
--find a better primal bound 0.12015684782907589 by Alternative descent Eigen
--found a cut state by heuristic 0.12015684782907589 0.03810978871626685 
iteration: 1602,  #states: 2708, valueb: 0.03810978871626685, activeness: 0.12015684782907589, primalobj: 0.9594855343329614, dualobj: -Inf
solve--
end solve-- RelaxOptimal OPTIMAL
 weights_sum: 1.0
itereffortlevel: 0
--separating...
--find a better primal bound 0.1239570529965498 by Alternative descent Eigen
--found a cut state by heuristic 0.1239570529965498 0.04420366256539431 
iteration: 1603,  #states: 2709, valueb: 0.04420366256539431, activeness: 0.1239570529965498, primalobj: 0.959468689047507, dualobj: -Inf
solve--
end solve-- RelaxOptimal OPTIMAL
 weights_sum: 0.9999999999999991
itereffortlevel: 0
--separating...
--find a better primal bound 0.10061173062232316 by Alternative descent Eigen
--found a cut state by heuristic 0.10061173062232316 0.037883043332993194 
iteration: 1604,  #states: 2710, valueb: 0.037883043332993194, activeness: 0.10061173062232316, primalobj: 0.9594604380873928, dualobj: -Inf
solve--
end solve-- RelaxOptimal OPTIMAL
 weights_sum: 0.9999999999999993
itereffortlevel: 0
--separating...
--find a better primal bound 0.11426075040275428 by Alternative descent Eigen
--found a cut state by heuristic 0.11426075040275428 0.0279306601783421 
iteration: 1605,  #states: 2711, valueb: 0.0279306601783421, activeness: 0.11426075040275428, primalobj: 0.9594483238257876, dualobj: -Inf
solve--
end solve-- RelaxOptimal OPTIMAL
 weights_sum: 1.0000000000000009
itereffortlevel: 0
--separating...
--find a better primal bound 0.11106950417366529 by Alternative descent Eigen
--found a cut state by heuristic 0.11106950417366529 0.036915914045708466 
iteration: 1606,  #states: 2712, valueb: 0.036915914045708466, activeness: 0.11106950417366529, primalobj: 0.9594403979785714, dualobj: -Inf
solve--
end solve-- RelaxOptimal OPTIMAL
 weights_sum: 1.0
itereffortlevel: 0
--separating...
--find a better primal bound 0.06823991537258936 by Alternative descent Eigen
--found a cut state by heuristic 0.06823991537258936 0.033359224044135494 
iteration: 1607,  #states: 2713, valueb: 0.033359224044135494, activeness: 0.06823991537258936, primalobj: 0.9594275721393596, dualobj: -Inf
solve--
end solve-- RelaxOptimal OPTIMAL
 weights_sum: 1.0000000240151994
itereffortlevel: 0
--separating...
--find a better primal bound 0.11508272767406347 by Alternative descent Eigen
--found a cut state by heuristic 0.11508272767406347 0.036998181719967285 
iteration: 1608,  #states: 2714, valueb: 0.036998181719967285, activeness: 0.11508272767406347, primalobj: 0.9594244737553914, dualobj: -Inf
solve--
end solve-- RelaxOptimal OPTIMAL
 weights_sum: 1.0000000000000002
itereffortlevel: 0
--separating...
--find a better primal bound 0.0962632655893445 by Alternative descent Eigen
--found a cut state by heuristic 0.0962632655893445 0.03434088456530447 
iteration: 1609,  #states: 2715, valueb: 0.03434088456530447, activeness: 0.0962632655893445, primalobj: 0.9594159295606843, dualobj: -Inf
solve--
end solve-- RelaxOptimal OPTIMAL
 weights_sum: 1.0000005967314598
itereffortlevel: 0
--separating...
--find a better primal bound 0.11340743884414395 by Alternative descent Eigen
--found a cut state by heuristic 0.11340743884414395 0.04444449320097769 
iteration: 1610,  #states: 2716, valueb: 0.04444449320097769, activeness: 0.11340743884414395, primalobj: 0.9594119463210711, dualobj: -Inf
solve--
end solve-- RelaxOptimal OPTIMAL
 weights_sum: 1.0000000000000013
itereffortlevel: 0
--separating...
--find a better primal bound 0.13542686185113978 by Alternative descent Eigen
--found a cut state by heuristic 0.13542686185113978 0.08495998955225349 
iteration: 1611,  #states: 2717, valueb: 0.08495998955225349, activeness: 0.13542686185113978, primalobj: 0.9594028375426767, dualobj: -Inf
solve--
end solve-- RelaxOptimal OPTIMAL
 weights_sum: 1.0000000000000004
itereffortlevel: 0
--separating...
--find a better primal bound 0.10826987033072386 by Alternative descent Eigen
--found a cut state by heuristic 0.10826987033072386 0.025036498015448383 
iteration: 1612,  #states: 2718, valueb: 0.025036498015448383, activeness: 0.10826987033072386, primalobj: 0.9593924104095982, dualobj: -Inf
solve--
end solve-- RelaxOptimal OPTIMAL
 weights_sum: 1.0000000000000004
itereffortlevel: 0
--separating...
--find a better primal bound 0.07459779905504857 by Alternative descent Eigen
--found a cut state by heuristic 0.07459779905504857 0.010996203438475686 
iteration: 1613,  #states: 2719, valueb: 0.010996203438475686, activeness: 0.07459779905504857, primalobj: 0.9593769288241751, dualobj: -Inf
solve--
end solve-- RelaxOptimal OPTIMAL
 weights_sum: 1.0000011490278475
itereffortlevel: 0
--separating...
--find a better primal bound 0.08409461520663293 by Alternative descent Eigen
--found a cut state by heuristic 0.08409461520663293 0.014701862512610915 
iteration: 1614,  #states: 2720, valueb: 0.014701862512610915, activeness: 0.08409461520663293, primalobj: 0.959372143266532, dualobj: -Inf
solve--
end solve-- RelaxOptimal OPTIMAL
 weights_sum: 1.000000210941532
itereffortlevel: 0
--separating...
--find a better primal bound 0.08740830540393456 by Alternative descent Eigen
--found a cut state by heuristic 0.08740830540393456 0.005339741594022268 
iteration: 1615,  #states: 2721, valueb: 0.005339741594022268, activeness: 0.08740830540393456, primalobj: 0.9593643138267096, dualobj: -Inf
solve--
end solve-- RelaxOptimal OPTIMAL
 weights_sum: 0.9999999999999983
itereffortlevel: 0
--separating...
--find a better primal bound 0.06771331802921933 by Alternative descent Eigen
--found a cut state by heuristic 0.06771331802921933 0.003746815409310378 
iteration: 1616,  #states: 2722, valueb: 0.003746815409310378, activeness: 0.06771331802921933, primalobj: 0.9593497209409658, dualobj: -Inf
solve--
end solve-- RelaxOptimal OPTIMAL
 weights_sum: 1.0000000000000002
itereffortlevel: 0
--separating...
--find a better primal bound 0.06740314994313863 by Alternative descent Eigen
--found a cut state by heuristic 0.06740314994313863 0.012082681866064341 
iteration: 1617,  #states: 2723, valueb: 0.012082681866064341, activeness: 0.06740314994313863, primalobj: 0.959337559555691, dualobj: -Inf
solve--
end solve-- RelaxOptimal OPTIMAL
 weights_sum: 0.9999999999999989
itereffortlevel: 0
--separating...
--find a better primal bound 0.03812617837420203 by Alternative descent Eigen
--found a cut state by heuristic 0.03812617837420203 0.000752133672846933 
iteration: 1618,  #states: 2724, valueb: 0.000752133672846933, activeness: 0.03812617837420203, primalobj: 0.9593320495935761, dualobj: -Inf
solve--
end solve-- RelaxOptimal OPTIMAL
 weights_sum: 0.9999999999999996
itereffortlevel: 0
--separating...
--find a better primal bound 0.06081764400370088 by Alternative descent Eigen
--found a cut state by heuristic 0.06081764400370088 -0.0 
iteration: 1619,  #states: 2725, valueb: -0.0, activeness: 0.06081764400370088, primalobj: 0.959322934916353, dualobj: -Inf
solve--
end solve-- RelaxOptimal OPTIMAL
 weights_sum: 0.9999999999999997
itereffortlevel: 0
--separating...
--find a better primal bound 0.08938932748162208 by Alternative descent Eigen
--found a cut state by heuristic 0.08938932748162208 0.05087927775301706 
iteration: 1620,  #states: 2726, valueb: 0.05087927775301706, activeness: 0.08938932748162208, primalobj: 0.9593118811064678, dualobj: -Inf
solve--
end solve-- RelaxOptimal OPTIMAL
 weights_sum: 1.000000000000002
itereffortlevel: 0
--separating...
--find a better primal bound 0.09144337867756272 by Alternative descent Eigen
--found a cut state by heuristic 0.09144337867756272 0.048259420527635245 
iteration: 1621,  #states: 2727, valueb: 0.048259420527635245, activeness: 0.09144337867756272, primalobj: 0.959304517395968, dualobj: -Inf
solve--
end solve-- RelaxOptimal OPTIMAL
 weights_sum: 1.0000000000000002
itereffortlevel: 0
--separating...
--find a better primal bound 0.12575677610087513 by Alternative descent Eigen
--found a cut state by heuristic 0.12575677610087513 0.04202114831824999 
iteration: 1622,  #states: 2728, valueb: 0.04202114831824999, activeness: 0.12575677610087513, primalobj: 0.9593021523441929, dualobj: -Inf
solve--
end solve-- RelaxOptimal OPTIMAL
 weights_sum: 1.0000000000000009
itereffortlevel: 0
--separating...
--find a better primal bound 0.09043308990648746 by Alternative descent Eigen
--found a cut state by heuristic 0.09043308990648746 0.03680251434892914 
iteration: 1623,  #states: 2729, valueb: 0.03680251434892914, activeness: 0.09043308990648746, primalobj: 0.9592847691726893, dualobj: -Inf
solve--
end solve-- RelaxOptimal OPTIMAL
 weights_sum: 1.000000499289272
itereffortlevel: 0
--separating...
--find a better primal bound 0.10865184530403654 by Alternative descent Eigen
--found a cut state by heuristic 0.10865184530403654 0.03140942139431471 
iteration: 1624,  #states: 2730, valueb: 0.03140942139431471, activeness: 0.10865184530403654, primalobj: 0.9592798727657343, dualobj: -Inf
solve--
end solve-- RelaxOptimal OPTIMAL
 weights_sum: 1.0
itereffortlevel: 0
--separating...
--find a better primal bound 0.07726645088988829 by Alternative descent Eigen
--found a cut state by heuristic 0.07726645088988829 0.02773256059639362 
iteration: 1625,  #states: 2731, valueb: 0.02773256059639362, activeness: 0.07726645088988829, primalobj: 0.9592713673224407, dualobj: -Inf
solve--
end solve-- RelaxOptimal OPTIMAL
 weights_sum: 0.9999999999999994
itereffortlevel: 0
--separating...
--find a better primal bound 0.16185154142115246 by Alternative descent Eigen
--found a cut state by heuristic 0.16185154142115246 0.0932466012316905 
iteration: 1626,  #states: 2732, valueb: 0.0932466012316905, activeness: 0.16185154142115246, primalobj: 0.959268725073632, dualobj: -Inf
solve--
end solve-- RelaxOptimal OPTIMAL
 weights_sum: 1.0000000000000007
itereffortlevel: 0
--separating...
--find a better primal bound 0.07487214172092113 by Alternative descent Eigen
--found a cut state by heuristic 0.07487214172092113 0.015896524267149097 
iteration: 1627,  #states: 2733, valueb: 0.015896524267149097, activeness: 0.07487214172092113, primalobj: 0.9592572992652274, dualobj: -Inf
solve--
end solve-- RelaxOptimal OPTIMAL
 weights_sum: 0.999999999999999
itereffortlevel: 0
--separating...
--find a better primal bound 0.08654488247701388 by Alternative descent Eigen
--found a cut state by heuristic 0.08654488247701388 0.029737055886902262 
iteration: 1628,  #states: 2734, valueb: 0.029737055886902262, activeness: 0.08654488247701388, primalobj: 0.9592454881459659, dualobj: -Inf
solve--
end solve-- RelaxOptimal OPTIMAL
 weights_sum: 1.0
itereffortlevel: 0
--separating...
--find a better primal bound 0.06547279077738986 by Alternative descent Eigen
--found a cut state by heuristic 0.06547279077738986 0.014504096513207068 
iteration: 1629,  #states: 2735, valueb: 0.014504096513207068, activeness: 0.06547279077738986, primalobj: 0.9592381154323282, dualobj: -Inf
solve--
end solve-- RelaxOptimal OPTIMAL
 weights_sum: 1.0000000000000004
itereffortlevel: 0
--separating...
--find a better primal bound 0.09626653089781004 by Alternative descent Eigen
--found a cut state by heuristic 0.09626653089781004 0.04707848144356869 
iteration: 1630,  #states: 2736, valueb: 0.04707848144356869, activeness: 0.09626653089781004, primalobj: 0.9592302246519837, dualobj: -Inf
solve--
end solve-- RelaxOptimal OPTIMAL
 weights_sum: 1.0000024685538496
itereffortlevel: 0
--separating...
--find a better primal bound 0.09219119552778546 by Alternative descent Eigen
--found a cut state by heuristic 0.09219119552778546 0.04614602795357516 
iteration: 1631,  #states: 2737, valueb: 0.04614602795357516, activeness: 0.09219119552778546, primalobj: 0.9592228874412513, dualobj: -Inf
solve--
end solve-- RelaxOptimal OPTIMAL
 weights_sum: 0.9999999999999994
itereffortlevel: 0
--separating...
--find a better primal bound 0.11483288650176583 by Alternative descent Eigen
--found a cut state by heuristic 0.11483288650176583 0.05115273980172322 
iteration: 1632,  #states: 2738, valueb: 0.05115273980172322, activeness: 0.11483288650176583, primalobj: 0.9592163538367365, dualobj: -Inf
solve--
end solve-- RelaxOptimal OPTIMAL
 weights_sum: 1.0
itereffortlevel: 0
--separating...
--find a better primal bound 0.09488555919662717 by Alternative descent Eigen
--found a cut state by heuristic 0.09488555919662717 0.04228346063043161 
iteration: 1633,  #states: 2739, valueb: 0.04228346063043161, activeness: 0.09488555919662717, primalobj: 0.959208959787873, dualobj: -Inf
solve--
end solve-- RelaxOptimal OPTIMAL
 weights_sum: 1.0000000000000009
itereffortlevel: 0
--separating...
--find a better primal bound 0.08669932694013285 by Alternative descent Eigen
--found a cut state by heuristic 0.08669932694013285 0.031952634766116414 
iteration: 1634,  #states: 2740, valueb: 0.031952634766116414, activeness: 0.08669932694013285, primalobj: 0.9592029328693558, dualobj: -Inf
solve--
end solve-- RelaxOptimal OPTIMAL
 weights_sum: 0.9999999999999999
itereffortlevel: 0
--separating...
--find a better primal bound 0.07776172504973078 by Alternative descent Eigen
--found a cut state by heuristic 0.07776172504973078 0.029440908962949687 
iteration: 1635,  #states: 2741, valueb: 0.029440908962949687, activeness: 0.07776172504973078, primalobj: 0.9591959595840536, dualobj: -Inf
solve--
end solve-- RelaxOptimal OPTIMAL
 weights_sum: 1.0000000000000004
itereffortlevel: 0
--separating...
--find a better primal bound 0.09395290939869028 by Alternative descent Eigen
--found a cut state by heuristic 0.09395290939869028 0.04751052467612732 
iteration: 1636,  #states: 2742, valueb: 0.04751052467612732, activeness: 0.09395290939869028, primalobj: 0.9591878530370856, dualobj: -Inf
solve--
end solve-- RelaxOptimal OPTIMAL
 weights_sum: 1.0
itereffortlevel: 0
--separating...
--find a better primal bound 0.10755925746714298 by Alternative descent Eigen
--found a cut state by heuristic 0.10755925746714298 0.04715744939369415 
iteration: 1637,  #states: 2743, valueb: 0.04715744939369415, activeness: 0.10755925746714298, primalobj: 0.9591831397468608, dualobj: -Inf
solve--
end solve-- RelaxOptimal OPTIMAL
 weights_sum: 0.9999999999999989
itereffortlevel: 0
--separating...
--find a better primal bound 0.11559653207335505 by Alternative descent Eigen
--found a cut state by heuristic 0.11559653207335505 0.047313695433754 
iteration: 1638,  #states: 2744, valueb: 0.047313695433754, activeness: 0.11559653207335505, primalobj: 0.9591738411123172, dualobj: -Inf
solve--
end solve-- RelaxOptimal OPTIMAL
 weights_sum: 1.0000000000000002
itereffortlevel: 0
--separating...
--find a better primal bound 0.09165737589011677 by Alternative descent Eigen
--found a cut state by heuristic 0.09165737589011677 0.04401425446529185 
iteration: 1639,  #states: 2745, valueb: 0.04401425446529185, activeness: 0.09165737589011677, primalobj: 0.9591606650639537, dualobj: -Inf
solve--
end solve-- RelaxOptimal OPTIMAL
 weights_sum: 1.0000000000000002
itereffortlevel: 0
--separating...
--find a better primal bound 0.13336716490001876 by Alternative descent Eigen
--found a cut state by heuristic 0.13336716490001876 0.0456814977982567 
iteration: 1640,  #states: 2746, valueb: 0.0456814977982567, activeness: 0.13336716490001876, primalobj: 0.9591526033387242, dualobj: -Inf
solve--
end solve-- RelaxOptimal OPTIMAL
 weights_sum: 1.0000000000000004
itereffortlevel: 0
--separating...
--find a better primal bound 0.12845716658251063 by Alternative descent Eigen
--found a cut state by heuristic 0.12845716658251063 0.06242218539752775 
iteration: 1641,  #states: 2747, valueb: 0.06242218539752775, activeness: 0.12845716658251063, primalobj: 0.9591261183305394, dualobj: -Inf
solve--
end solve-- RelaxOptimal OPTIMAL
 weights_sum: 1.0000008856482536
itereffortlevel: 0
--separating...
--find a better primal bound 0.13357986041218609 by Alternative descent Eigen
--found a cut state by heuristic 0.13357986041218609 0.04036227686016795 
iteration: 1642,  #states: 2748, valueb: 0.04036227686016795, activeness: 0.13357986041218609, primalobj: 0.9591103674277601, dualobj: -Inf
solve--
end solve-- RelaxOptimal OPTIMAL
 weights_sum: 0.9999999999999993
itereffortlevel: 0
--separating...
--find a better primal bound 0.09905149719110283 by Alternative descent Eigen
--found a cut state by heuristic 0.09905149719110283 0.040248265324582755 
iteration: 1643,  #states: 2749, valueb: 0.040248265324582755, activeness: 0.09905149719110283, primalobj: 0.9590988553952338, dualobj: -Inf
solve--
end solve-- RelaxOptimal OPTIMAL
 weights_sum: 0.9999999999999994
itereffortlevel: 0
--separating...
--find a better primal bound 0.11582485463614552 by Alternative descent Eigen
--found a cut state by heuristic 0.11582485463614552 0.053647730821493184 
iteration: 1644,  #states: 2750, valueb: 0.053647730821493184, activeness: 0.11582485463614552, primalobj: 0.9590924231447593, dualobj: -Inf
solve--
end solve-- RelaxOptimal OPTIMAL
 weights_sum: 1.0000000000000004
itereffortlevel: 0
--separating...
--find a better primal bound 0.0673619496834768 by Alternative descent Eigen
--found a cut state by heuristic 0.0673619496834768 0.0396976852147412 
iteration: 1645,  #states: 2751, valueb: 0.0396976852147412, activeness: 0.0673619496834768, primalobj: 0.9590747428900399, dualobj: -Inf
solve--
end solve-- RelaxOptimal OPTIMAL
 weights_sum: 1.0000000448580677
itereffortlevel: 0
--separating...
--find a better primal bound 0.06174558168783998 by Alternative descent Eigen
--found a cut state by heuristic 0.06174558168783998 0.04335174120454224 
iteration: 1646,  #states: 2752, valueb: 0.04335174120454224, activeness: 0.06174558168783998, primalobj: 0.9590704952952193, dualobj: -Inf
solve--
end solve-- RelaxOptimal OPTIMAL
 weights_sum: 1.0000009082659012
itereffortlevel: 0
--separating...
--find a better primal bound 0.04766920344501949 by Alternative descent Eigen
--found a cut state by heuristic 0.04766920344501949 0.030707291209849937 
iteration: 1647,  #states: 2753, valueb: 0.030707291209849937, activeness: 0.04766920344501949, primalobj: 0.9590679908965672, dualobj: -Inf
solve--
end solve-- RelaxOptimal OPTIMAL
 weights_sum: 1.000000023483733
itereffortlevel: 0
--separating...
--find a better primal bound 0.12191078183224273 by Alternative descent Eigen
--found a cut state by heuristic 0.12191078183224273 0.0527946569690932 
iteration: 1648,  #states: 2754, valueb: 0.0527946569690932, activeness: 0.12191078183224273, primalobj: 0.9590661777638496, dualobj: -Inf
solve--
end solve-- RelaxOptimal OPTIMAL
 weights_sum: 1.0000000000000002
itereffortlevel: 0
--separating...
--find a better primal bound 0.07883988511676238 by Alternative descent Eigen
--found a cut state by heuristic 0.07883988511676238 0.044142033062627026 
iteration: 1649,  #states: 2755, valueb: 0.044142033062627026, activeness: 0.07883988511676238, primalobj: 0.9590568381164088, dualobj: -Inf
solve--
end solve-- RelaxOptimal OPTIMAL
 weights_sum: 1.0000000000000004
itereffortlevel: 0
--separating...
--find a better primal bound 0.04987233776294557 by Alternative descent Eigen
--found a cut state by heuristic 0.04987233776294557 0.03121985591314544 
iteration: 1650,  #states: 2756, valueb: 0.03121985591314544, activeness: 0.04987233776294557, primalobj: 0.959053065958658, dualobj: -Inf
solve--
end solve-- RelaxOptimal OPTIMAL
 weights_sum: 0.9999999999999994
itereffortlevel: 0
--separating...
--find a better primal bound 0.08497217425782777 by Alternative descent Eigen
--found a cut state by heuristic 0.08497217425782777 0.03893779537115938 
iteration: 1651,  #states: 2757, valueb: 0.03893779537115938, activeness: 0.08497217425782777, primalobj: 0.959050693640118, dualobj: -Inf
solve--
end solve-- RelaxOptimal OPTIMAL
 weights_sum: 1.0000001980853976
itereffortlevel: 0
--separating...
--find a better primal bound 0.10246180982558327 by Alternative descent Eigen
--found a cut state by heuristic 0.10246180982558327 0.03875778448337568 
iteration: 1652,  #states: 2758, valueb: 0.03875778448337568, activeness: 0.10246180982558327, primalobj: 0.9590480775680064, dualobj: -Inf
solve--
end solve-- RelaxOptimal OPTIMAL
 weights_sum: 1.0
itereffortlevel: 0
--separating...
--find a better primal bound 0.07215410405845576 by Alternative descent Eigen
--found a cut state by heuristic 0.07215410405845576 0.03481576436294226 
iteration: 1653,  #states: 2759, valueb: 0.03481576436294226, activeness: 0.07215410405845576, primalobj: 0.9590402221962939, dualobj: -Inf
solve--
end solve-- RelaxOptimal OPTIMAL
 weights_sum: 1.0000000000000002
itereffortlevel: 0
--separating...
--find a better primal bound 0.0885292180401626 by Alternative descent Eigen
--found a cut state by heuristic 0.0885292180401626 0.04239642897116036 
iteration: 1654,  #states: 2760, valueb: 0.04239642897116036, activeness: 0.0885292180401626, primalobj: 0.9590339230629323, dualobj: -Inf
solve--
end solve-- RelaxOptimal OPTIMAL
 weights_sum: 1.0000000000000004
itereffortlevel: 0
--separating...
--find a better primal bound 0.08024836065421809 by Alternative descent Eigen
--found a cut state by heuristic 0.08024836065421809 0.059658089925438196 
iteration: 1655,  #states: 2761, valueb: 0.059658089925438196, activeness: 0.08024836065421809, primalobj: 0.9590268577232011, dualobj: -Inf
solve--
end solve-- RelaxOptimal OPTIMAL
 weights_sum: 1.0
itereffortlevel: 0
--separating...
--find a better primal bound 0.11521291527569695 by Alternative descent Eigen
--found a cut state by heuristic 0.11521291527569695 0.049562270547350185 
iteration: 1656,  #states: 2762, valueb: 0.049562270547350185, activeness: 0.11521291527569695, primalobj: 0.9590242995638836, dualobj: -Inf
solve--
end solve-- RelaxOptimal OPTIMAL
 weights_sum: 0.9999999999999981
itereffortlevel: 0
--separating...
--find a better primal bound 0.13214103482560363 by Alternative descent Eigen
--found a cut state by heuristic 0.13214103482560363 0.059571474298286776 
iteration: 1657,  #states: 2763, valueb: 0.059571474298286776, activeness: 0.13214103482560363, primalobj: 0.9590134347152849, dualobj: -Inf
solve--
end solve-- RelaxOptimal OPTIMAL
 weights_sum: 0.9999999999999991
itereffortlevel: 0
--separating...
--find a better primal bound 0.10934638432079755 by Alternative descent Eigen
--found a cut state by heuristic 0.10934638432079755 0.04296494899379533 
iteration: 1658,  #states: 2764, valueb: 0.04296494899379533, activeness: 0.10934638432079755, primalobj: 0.9589925152267775, dualobj: -Inf
solve--
end solve-- RelaxOptimal OPTIMAL
 weights_sum: 1.0000000000000013
itereffortlevel: 0
--separating...
--find a better primal bound 0.10567149342230255 by Alternative descent Eigen
--found a cut state by heuristic 0.10567149342230255 0.03395137006217838 
iteration: 1659,  #states: 2765, valueb: 0.03395137006217838, activeness: 0.10567149342230255, primalobj: 0.9589830443490504, dualobj: -Inf
solve--
end solve-- RelaxOptimal OPTIMAL
 weights_sum: 1.0000000151605324
itereffortlevel: 0
--separating...
--find a better primal bound 0.10296473401700185 by Alternative descent Eigen
--found a cut state by heuristic 0.10296473401700185 0.039719351698013494 
iteration: 1660,  #states: 2766, valueb: 0.039719351698013494, activeness: 0.10296473401700185, primalobj: 0.9589661794893465, dualobj: -Inf
solve--
end solve-- RelaxOptimal OPTIMAL
 weights_sum: 1.0000000000000004
itereffortlevel: 0
--separating...
--find a better primal bound 0.05162764101862891 by Alternative descent Eigen
--found a cut state by heuristic 0.05162764101862891 0.02963048729162404 
iteration: 1661,  #states: 2767, valueb: 0.02963048729162404, activeness: 0.05162764101862891, primalobj: 0.9589558081063494, dualobj: -Inf
solve--
end solve-- RelaxOptimal OPTIMAL
 weights_sum: 1.0000000000000009
itereffortlevel: 0
--separating...
--find a better primal bound 0.1340837522267955 by Alternative descent Eigen
--found a cut state by heuristic 0.1340837522267955 0.03314346975628049 
iteration: 1662,  #states: 2768, valueb: 0.03314346975628049, activeness: 0.1340837522267955, primalobj: 0.9589517099686445, dualobj: -Inf
solve--
end solve-- RelaxOptimal OPTIMAL
 weights_sum: 1.0000002885574903
itereffortlevel: 0
--separating...
--find a better primal bound 0.08396000362517816 by Alternative descent Eigen
--found a cut state by heuristic 0.08396000362517816 0.044590672047913935 
iteration: 1663,  #states: 2769, valueb: 0.044590672047913935, activeness: 0.08396000362517816, primalobj: 0.9589303622537788, dualobj: -Inf
solve--
end solve-- RelaxOptimal OPTIMAL
 weights_sum: 0.9999999999999999
itereffortlevel: 0
--separating...
--find a better primal bound 0.07438896197601241 by Alternative descent Eigen
--found a cut state by heuristic 0.07438896197601241 0.045924138907118994 
iteration: 1664,  #states: 2770, valueb: 0.045924138907118994, activeness: 0.07438896197601241, primalobj: 0.9589248795685793, dualobj: -Inf
solve--
end solve-- RelaxOptimal OPTIMAL
 weights_sum: 1.0
itereffortlevel: 0
--separating...
--find a better primal bound 0.08022384536028482 by Alternative descent Eigen
--found a cut state by heuristic 0.08022384536028482 0.04824555932271867 
iteration: 1665,  #states: 2771, valueb: 0.04824555932271867, activeness: 0.08022384536028482, primalobj: 0.9589207702943112, dualobj: -Inf
solve--
end solve-- RelaxOptimal OPTIMAL
 weights_sum: 1.0000021145175122
itereffortlevel: 0
--separating...
--find a better primal bound 0.08243619587675147 by Alternative descent Eigen
--found a cut state by heuristic 0.08243619587675147 0.040352392552534755 
iteration: 1666,  #states: 2772, valueb: 0.040352392552534755, activeness: 0.08243619587675147, primalobj: 0.9589158444824168, dualobj: -Inf
solve--
end solve-- RelaxOptimal OPTIMAL
 weights_sum: 0.9999999999999997
itereffortlevel: 0
--separating...
--find a better primal bound 0.07544130090769177 by Alternative descent Eigen
--found a cut state by heuristic 0.07544130090769177 0.03190801140576355 
iteration: 1667,  #states: 2773, valueb: 0.03190801140576355, activeness: 0.07544130090769177, primalobj: 0.9589097417948163, dualobj: -Inf
solve--
end solve-- RelaxOptimal OPTIMAL
 weights_sum: 1.0
itereffortlevel: 0
--separating...
--find a better primal bound 0.09825245864944951 by Alternative descent Eigen
--found a cut state by heuristic 0.09825245864944951 0.04464641683775108 
iteration: 1668,  #states: 2774, valueb: 0.04464641683775108, activeness: 0.09825245864944951, primalobj: 0.9589052896106973, dualobj: -Inf
solve--
end solve-- RelaxOptimal OPTIMAL
 weights_sum: 0.9999999999999993
itereffortlevel: 0
--separating...
--find a better primal bound 0.06864692906435314 by Alternative descent Eigen
--found a cut state by heuristic 0.06864692906435314 0.047021264619185626 
iteration: 1669,  #states: 2775, valueb: 0.047021264619185626, activeness: 0.06864692906435314, primalobj: 0.9588986415741756, dualobj: -Inf
solve--
end solve-- RelaxOptimal OPTIMAL
 weights_sum: 1.0000007936514679
itereffortlevel: 0
--separating...
--find a better primal bound 0.1116204609020716 by Alternative descent Eigen
--found a cut state by heuristic 0.1116204609020716 0.048872492025555304 
iteration: 1670,  #states: 2776, valueb: 0.048872492025555304, activeness: 0.1116204609020716, primalobj: 0.9588940847510778, dualobj: -Inf
solve--
end solve-- RelaxOptimal OPTIMAL
 weights_sum: 1.0000000000000009
itereffortlevel: 0
--separating...
--find a better primal bound 0.08606940161294119 by Alternative descent Eigen
--found a cut state by heuristic 0.08606940161294119 0.05301780313687889 
iteration: 1671,  #states: 2777, valueb: 0.05301780313687889, activeness: 0.08606940161294119, primalobj: 0.9588895318510325, dualobj: -Inf
solve--
end solve-- RelaxOptimal OPTIMAL
 weights_sum: 0.9999999999999999
itereffortlevel: 0
--separating...
--find a better primal bound 0.0929894853380014 by Alternative descent Eigen
--found a cut state by heuristic 0.0929894853380014 0.042734517535326234 
iteration: 1672,  #states: 2778, valueb: 0.042734517535326234, activeness: 0.0929894853380014, primalobj: 0.958884804684768, dualobj: -Inf
solve--
end solve-- RelaxOptimal OPTIMAL
 weights_sum: 1.0000000000000009
itereffortlevel: 0
--separating...
--find a better primal bound 0.0807165765125642 by Alternative descent Eigen
--found a cut state by heuristic 0.0807165765125642 0.028783740032023056 
iteration: 1673,  #states: 2779, valueb: 0.028783740032023056, activeness: 0.0807165765125642, primalobj: 0.9588748165695515, dualobj: -Inf
solve--
end solve-- RelaxOptimal OPTIMAL
 weights_sum: 0.9999999999999998
itereffortlevel: 0
--separating...
--find a better primal bound 0.05944785373472022 by Alternative descent Eigen
--found a cut state by heuristic 0.05944785373472022 0.04472519017678441 
iteration: 1674,  #states: 2780, valueb: 0.04472519017678441, activeness: 0.05944785373472022, primalobj: 0.9588710234796081, dualobj: -Inf
solve--
end solve-- RelaxOptimal OPTIMAL
 weights_sum: 1.0000000000000007
itereffortlevel: 0
--separating...
--find a better primal bound 0.10047763570652629 by Alternative descent Eigen
--found a cut state by heuristic 0.10047763570652629 0.03193647011755925 
iteration: 1675,  #states: 2781, valueb: 0.03193647011755925, activeness: 0.10047763570652629, primalobj: 0.9588700166480233, dualobj: -Inf
solve--
end solve-- RelaxOptimal OPTIMAL
 weights_sum: 1.0000040116874187
itereffortlevel: 0
--separating...
--find a better primal bound 0.12624417057792497 by Alternative descent Eigen
--found a cut state by heuristic 0.12624417057792497 0.04934161022337313 
iteration: 1676,  #states: 2782, valueb: 0.04934161022337313, activeness: 0.12624417057792497, primalobj: 0.9588551189124155, dualobj: -Inf
solve--
end solve-- RelaxOptimal OPTIMAL
 weights_sum: 1.0
itereffortlevel: 0
--separating...
--find a better primal bound 0.09456785388147573 by Alternative descent Eigen
--found a cut state by heuristic 0.09456785388147573 0.04430455858965068 
iteration: 1677,  #states: 2783, valueb: 0.04430455858965068, activeness: 0.09456785388147573, primalobj: 0.9588418993034981, dualobj: -Inf
solve--
end solve-- RelaxOptimal OPTIMAL
 weights_sum: 1.0000000000000009
itereffortlevel: 0
--separating...
--find a better primal bound 0.08501791792165458 by Alternative descent Eigen
--found a cut state by heuristic 0.08501791792165458 0.05769700569990022 
iteration: 1678,  #states: 2784, valueb: 0.05769700569990022, activeness: 0.08501791792165458, primalobj: 0.958833037549762, dualobj: -Inf
solve--
end solve-- RelaxOptimal OPTIMAL
 weights_sum: 0.9999999999999999
itereffortlevel: 0
--separating...
--find a better primal bound 0.0734820886606067 by Alternative descent Eigen
--found a cut state by heuristic 0.0734820886606067 0.04621405574194701 
iteration: 1679,  #states: 2785, valueb: 0.04621405574194701, activeness: 0.0734820886606067, primalobj: 0.9588299688120361, dualobj: -Inf
solve--
end solve-- RelaxOptimal OPTIMAL
 weights_sum: 0.9999999999999983
itereffortlevel: 0
--separating...
--find a better primal bound 0.12266581784159827 by Alternative descent Eigen
--found a cut state by heuristic 0.12266581784159827 0.04370992941000768 
iteration: 1680,  #states: 2786, valueb: 0.04370992941000768, activeness: 0.12266581784159827, primalobj: 0.9588248714559958, dualobj: -Inf
solve--
end solve-- RelaxOptimal OPTIMAL
 weights_sum: 1.0000000000000013
itereffortlevel: 0
--separating...
--find a better primal bound 0.1017732800535947 by Alternative descent Eigen
--found a cut state by heuristic 0.1017732800535947 0.045350523293055306 
iteration: 1681,  #states: 2787, valueb: 0.045350523293055306, activeness: 0.1017732800535947, primalobj: 0.9588139034030897, dualobj: -Inf
solve--
end solve-- RelaxOptimal OPTIMAL
 weights_sum: 1.0000000000000002
itereffortlevel: 0
--separating...
--find a better primal bound 0.07140401792297318 by Alternative descent Eigen
--found a cut state by heuristic 0.07140401792297318 0.0436873433369307 
iteration: 1682,  #states: 2788, valueb: 0.0436873433369307, activeness: 0.07140401792297318, primalobj: 0.9588076327854296, dualobj: -Inf
solve--
end solve-- RelaxOptimal OPTIMAL
 weights_sum: 1.0
itereffortlevel: 0
--separating...
--find a better primal bound 0.11364608407739932 by Alternative descent Eigen
--found a cut state by heuristic 0.11364608407739932 0.047372807486623536 
iteration: 1683,  #states: 2789, valueb: 0.047372807486623536, activeness: 0.11364608407739932, primalobj: 0.9588043827948083, dualobj: -Inf
solve--
end solve-- RelaxOptimal OPTIMAL
 weights_sum: 1.0
itereffortlevel: 0
--separating...
--find a better primal bound 0.06246518688425719 by Alternative descent Eigen
--found a cut state by heuristic 0.06246518688425719 0.04197354713031286 
iteration: 1684,  #states: 2790, valueb: 0.04197354713031286, activeness: 0.06246518688425719, primalobj: 0.9587928888763391, dualobj: -Inf
solve--
end solve-- RelaxOptimal OPTIMAL
 weights_sum: 0.9999999999999999
itereffortlevel: 0
--separating...
--find a better primal bound 0.08657349229679188 by Alternative descent Eigen
--found a cut state by heuristic 0.08657349229679188 0.044978660833365436 
iteration: 1685,  #states: 2791, valueb: 0.044978660833365436, activeness: 0.08657349229679188, primalobj: 0.9587906293584436, dualobj: -Inf
solve--
end solve-- RelaxOptimal OPTIMAL
 weights_sum: 0.9999999999999992
itereffortlevel: 0
--separating...
--find a better primal bound 0.11498796150147023 by Alternative descent Eigen
--found a cut state by heuristic 0.11498796150147023 0.052980399953899804 
iteration: 1686,  #states: 2792, valueb: 0.052980399953899804, activeness: 0.11498796150147023, primalobj: 0.9587808700770383, dualobj: -Inf
solve--
end solve-- RelaxOptimal OPTIMAL
 weights_sum: 1.0000000000000004
itereffortlevel: 0
--separating...
--find a better primal bound 0.07110393907270143 by Alternative descent Eigen
--found a cut state by heuristic 0.07110393907270143 0.0545829017676244 
iteration: 1687,  #states: 2793, valueb: 0.0545829017676244, activeness: 0.07110393907270143, primalobj: 0.9587682085940963, dualobj: -Inf
solve--
end solve-- RelaxOptimal OPTIMAL
 weights_sum: 0.9999999999999998
itereffortlevel: 0
--separating...
--find a better primal bound 0.12735067777047607 by Alternative descent Eigen
--found a cut state by heuristic 0.12735067777047607 0.050282882370266874 
iteration: 1688,  #states: 2794, valueb: 0.050282882370266874, activeness: 0.12735067777047607, primalobj: 0.9587669356666692, dualobj: -Inf
solve--
end solve-- RelaxOptimal OPTIMAL
 weights_sum: 0.9999999999999999
itereffortlevel: 0
--separating...
--find a better primal bound 0.0468191090243016 by Alternative descent Eigen
--found a cut state by heuristic 0.0468191090243016 0.03655102732635554 
iteration: 1689,  #states: 2795, valueb: 0.03655102732635554, activeness: 0.0468191090243016, primalobj: 0.9587630518242989, dualobj: -Inf
solve--
end solve-- RelaxOptimal OPTIMAL
 weights_sum: 0.9999999999999996
itereffortlevel: 0
--separating...
--find a better primal bound 0.12142870472647974 by Alternative descent Eigen
--found a cut state by heuristic 0.12142870472647974 0.045816581185709415 
iteration: 1690,  #states: 2796, valueb: 0.045816581185709415, activeness: 0.12142870472647974, primalobj: 0.958761983824131, dualobj: -Inf
solve--
end solve-- RelaxOptimal OPTIMAL
 weights_sum: 0.9999999999999987
itereffortlevel: 0
--separating...
--find a better primal bound 0.09612662266880587 by Alternative descent Eigen
--found a cut state by heuristic 0.09612662266880587 0.04100987529471975 
iteration: 1691,  #states: 2797, valueb: 0.04100987529471975, activeness: 0.09612662266880587, primalobj: 0.9587572428210824, dualobj: -Inf
solve--
end solve-- RelaxOptimal OPTIMAL
 weights_sum: 1.0
itereffortlevel: 0
--separating...
--find a better primal bound 0.05405221569853248 by Alternative descent Eigen
--found a cut state by heuristic 0.05405221569853248 0.04137505805717355 
iteration: 1692,  #states: 2798, valueb: 0.04137505805717355, activeness: 0.05405221569853248, primalobj: 0.958749466318414, dualobj: -Inf
solve--
end solve-- RelaxOptimal OPTIMAL
 weights_sum: 1.0
itereffortlevel: 0
--separating...
--find a better primal bound 0.0579714698927365 by Alternative descent Eigen
--found a cut state by heuristic 0.0579714698927365 0.05310732056605055 
iteration: 1693,  #states: 2799, valueb: 0.05310732056605055, activeness: 0.0579714698927365, primalobj: 0.9587477727415554, dualobj: -Inf
solve--
end solve-- RelaxOptimal OPTIMAL
 weights_sum: 0.9999999999999996
itereffortlevel: 0
--separating...
--find a better primal bound 0.0820384030025916 by Alternative descent Eigen
--found a cut state by heuristic 0.0820384030025916 0.036107249004705674 
iteration: 1694,  #states: 2800, valueb: 0.036107249004705674, activeness: 0.0820384030025916, primalobj: 0.9587474689133988, dualobj: -Inf
solve--
end solve-- RelaxOptimal OPTIMAL
 weights_sum: 1.0000011682459053
itereffortlevel: 0
--separating...
--find a better primal bound 0.1031073488697629 by Alternative descent Eigen
--found a cut state by heuristic 0.1031073488697629 0.03439871719973233 
iteration: 1695,  #states: 2801, valueb: 0.03439871719973233, activeness: 0.1031073488697629, primalobj: 0.958742661580267, dualobj: -Inf
solve--
end solve-- RelaxOptimal OPTIMAL
 weights_sum: 1.0000000000000002
itereffortlevel: 0
--separating...
--find a better primal bound 0.03881107221614379 by Alternative descent Eigen
--found a cut state by heuristic 0.03881107221614379 0.03276350704426753 
iteration: 1696,  #states: 2802, valueb: 0.03276350704426753, activeness: 0.03881107221614379, primalobj: 0.9587349781709534, dualobj: -Inf
solve--
end solve-- RelaxOptimal OPTIMAL
 weights_sum: 0.9999999999999993
itereffortlevel: 0
--separating...
--find a better primal bound 0.10988380604024278 by Alternative descent Eigen
--found a cut state by heuristic 0.10988380604024278 0.057219637963669696 
iteration: 1697,  #states: 2803, valueb: 0.057219637963669696, activeness: 0.10988380604024278, primalobj: 0.9587342912867526, dualobj: -Inf
solve--
end solve-- RelaxOptimal OPTIMAL
 weights_sum: 0.9999999999999997
itereffortlevel: 0
--separating...
--find a better primal bound 0.08665409694534808 by Alternative descent Eigen
--found a cut state by heuristic 0.08665409694534808 0.03242856713627208 
iteration: 1698,  #states: 2804, valueb: 0.03242856713627208, activeness: 0.08665409694534808, primalobj: 0.9587253365440203, dualobj: -Inf
solve--
end solve-- RelaxOptimal OPTIMAL
 weights_sum: 1.0000000200212988
itereffortlevel: 0
--separating...
--find a better primal bound 0.06575875889354224 by Alternative descent Eigen
--found a cut state by heuristic 0.06575875889354224 0.03940344914967429 
iteration: 1699,  #states: 2805, valueb: 0.03940344914967429, activeness: 0.06575875889354224, primalobj: 0.9587201017677802, dualobj: -Inf
solve--
end solve-- RelaxOptimal OPTIMAL
 weights_sum: 0.9999999999999996
itereffortlevel: 0
--separating...
--find a better primal bound 0.07318860234486776 by Alternative descent Eigen
--found a cut state by heuristic 0.07318860234486776 0.041699807479371236 
iteration: 1700,  #states: 2806, valueb: 0.041699807479371236, activeness: 0.07318860234486776, primalobj: 0.9587163672955463, dualobj: -Inf
solve--
end solve-- RelaxOptimal OPTIMAL
 weights_sum: 0.9999999999999988
itereffortlevel: 0
--separating...
--find a better primal bound 0.08829044589037766 by Alternative descent Eigen
--found a cut state by heuristic 0.08829044589037766 0.04039003765418299 
iteration: 1701,  #states: 2807, valueb: 0.04039003765418299, activeness: 0.08829044589037766, primalobj: 0.9587142933274012, dualobj: -Inf
solve--
end solve-- RelaxOptimal OPTIMAL
 weights_sum: 0.9999999999999996
itereffortlevel: 0
--separating...
--find a better primal bound 0.09497884876844856 by Alternative descent Eigen
--found a cut state by heuristic 0.09497884876844856 0.03685928892116153 
iteration: 1702,  #states: 2808, valueb: 0.03685928892116153, activeness: 0.09497884876844856, primalobj: 0.9587064777128281, dualobj: -Inf
solve--
end solve-- RelaxOptimal OPTIMAL
 weights_sum: 1.0000000000000009
itereffortlevel: 0
--separating...
--find a better primal bound 0.07665166070392507 by Alternative descent Eigen
--found a cut state by heuristic 0.07665166070392507 0.0376064906861413 
iteration: 1703,  #states: 2809, valueb: 0.0376064906861413, activeness: 0.07665166070392507, primalobj: 0.9586980496873179, dualobj: -Inf
solve--
end solve-- RelaxOptimal OPTIMAL
 weights_sum: 1.0000000000000013
itereffortlevel: 0
--separating...
--find a better primal bound 0.0789480063187031 by Alternative descent Eigen
--found a cut state by heuristic 0.0789480063187031 0.03965975636178086 
iteration: 1704,  #states: 2810, valueb: 0.03965975636178086, activeness: 0.0789480063187031, primalobj: 0.958689131260247, dualobj: -Inf
solve--
end solve-- RelaxOptimal OPTIMAL
 weights_sum: 1.0000009881377872
itereffortlevel: 0
--separating...
--find a better primal bound 0.07739906868192256 by Alternative descent Eigen
--found a cut state by heuristic 0.07739906868192256 0.051536385554660495 
iteration: 1705,  #states: 2811, valueb: 0.051536385554660495, activeness: 0.07739906868192256, primalobj: 0.9586847611375995, dualobj: -Inf
solve--
end solve-- RelaxOptimal OPTIMAL
 weights_sum: 1.000000000000001
itereffortlevel: 0
--separating...
--find a better primal bound 0.10756503064627587 by Alternative descent Eigen
--found a cut state by heuristic 0.10756503064627587 0.042084013481680276 
iteration: 1706,  #states: 2812, valueb: 0.042084013481680276, activeness: 0.10756503064627587, primalobj: 0.9586790328681684, dualobj: -Inf
solve--
end solve-- RelaxOptimal OPTIMAL
 weights_sum: 1.0000000000000007
itereffortlevel: 0
--separating...
--find a better primal bound 0.10967328346013959 by Alternative descent Eigen
--found a cut state by heuristic 0.10967328346013959 0.04827307051703217 
iteration: 1707,  #states: 2813, valueb: 0.04827307051703217, activeness: 0.10967328346013959, primalobj: 0.9586679834311006, dualobj: -Inf
solve--
end solve-- RelaxOptimal OPTIMAL
 weights_sum: 1.0000000000000016
itereffortlevel: 0
--separating...
--find a better primal bound 0.11166048636427392 by Alternative descent Eigen
--found a cut state by heuristic 0.11166048636427392 0.04391110228817244 
iteration: 1708,  #states: 2814, valueb: 0.04391110228817244, activeness: 0.11166048636427392, primalobj: 0.9586440376588499, dualobj: -Inf
solve--
end solve-- RelaxOptimal OPTIMAL
 weights_sum: 1.0000000000000004
itereffortlevel: 0
--separating...
--find a better primal bound 0.07415510989247695 by Alternative descent Eigen
--found a cut state by heuristic 0.07415510989247695 0.03799815706557112 
iteration: 1709,  #states: 2815, valueb: 0.03799815706557112, activeness: 0.07415510989247695, primalobj: 0.958632569446642, dualobj: -Inf
solve--
end solve-- RelaxOptimal OPTIMAL
 weights_sum: 1.0
itereffortlevel: 0
--separating...
--find a better primal bound 0.13714145110761744 by Alternative descent Eigen
--found a cut state by heuristic 0.13714145110761744 0.04505418720220631 
iteration: 1710,  #states: 2816, valueb: 0.04505418720220631, activeness: 0.13714145110761744, primalobj: 0.9586269879877561, dualobj: -Inf
solve--
end solve-- RelaxOptimal OPTIMAL
 weights_sum: 0.9999999999999996
itereffortlevel: 0
--separating...
--find a better primal bound 0.0783522400922873 by Alternative descent Eigen
--found a cut state by heuristic 0.0783522400922873 0.04181404526467516 
iteration: 1711,  #states: 2817, valueb: 0.04181404526467516, activeness: 0.0783522400922873, primalobj: 0.95860918179333, dualobj: -Inf
solve--
end solve-- RelaxOptimal OPTIMAL
 weights_sum: 0.9999999999999992
itereffortlevel: 0
--separating...
--find a better primal bound 0.0825897974492628 by Alternative descent Eigen
--found a cut state by heuristic 0.0825897974492628 0.047404649378167685 
iteration: 1712,  #states: 2818, valueb: 0.047404649378167685, activeness: 0.0825897974492628, primalobj: 0.9586038173088147, dualobj: -Inf
solve--
end solve-- RelaxOptimal OPTIMAL
 weights_sum: 0.9999999999999999
itereffortlevel: 0
--separating...
--find a better primal bound 0.05236677643434882 by Alternative descent Eigen
--found a cut state by heuristic 0.05236677643434882 0.036658906876594656 
iteration: 1713,  #states: 2819, valueb: 0.036658906876594656, activeness: 0.05236677643434882, primalobj: 0.9585949466801926, dualobj: -Inf
solve--
end solve-- RelaxOptimal OPTIMAL
 weights_sum: 0.9999999999999997
itereffortlevel: 0
--separating...
--find a better primal bound 0.14649533225448988 by Alternative descent Eigen
--found a cut state by heuristic 0.14649533225448988 0.03751447906172368 
iteration: 1714,  #states: 2820, valueb: 0.03751447906172368, activeness: 0.14649533225448988, primalobj: 0.9585919599211983, dualobj: -Inf
solve--
end solve-- RelaxOptimal OPTIMAL
 weights_sum: 1.000000000000001
itereffortlevel: 0
--separating...
--find a better primal bound 0.09149351018570528 by Alternative descent Eigen
--found a cut state by heuristic 0.09149351018570528 0.03052742100394551 
iteration: 1715,  #states: 2821, valueb: 0.03052742100394551, activeness: 0.09149351018570528, primalobj: 0.9585756037382278, dualobj: -Inf
solve--
end solve-- RelaxOptimal OPTIMAL
 weights_sum: 0.9999999999999993
itereffortlevel: 0
--separating...
--find a better primal bound 0.1101269252208742 by Alternative descent Eigen
--found a cut state by heuristic 0.1101269252208742 0.02533119844504581 
iteration: 1716,  #states: 2822, valueb: 0.02533119844504581, activeness: 0.1101269252208742, primalobj: 0.958566392758066, dualobj: -Inf
solve--
end solve-- RelaxOptimal OPTIMAL
 weights_sum: 1.0000000000000002
itereffortlevel: 0
--separating...
--find a better primal bound 0.09933270847203465 by Alternative descent Eigen
--found a cut state by heuristic 0.09933270847203465 0.028407104959907628 
iteration: 1717,  #states: 2823, valueb: 0.028407104959907628, activeness: 0.09933270847203465, primalobj: 0.9585552954020112, dualobj: -Inf
solve--
end solve-- RelaxOptimal OPTIMAL
 weights_sum: 1.0000000000000007
itereffortlevel: 0
--separating...
--find a better primal bound 0.1375254654528337 by Alternative descent Eigen
--found a cut state by heuristic 0.1375254654528337 0.07952573631141097 
iteration: 1718,  #states: 2824, valueb: 0.07952573631141097, activeness: 0.1375254654528337, primalobj: 0.9585418928250043, dualobj: -Inf
solve--
end solve-- RelaxOptimal OPTIMAL
 weights_sum: 1.0000000000000009
itereffortlevel: 0
--separating...
--find a better primal bound 0.12953970969439124 by Alternative descent Eigen
--found a cut state by heuristic 0.12953970969439124 0.04557991502875597 
iteration: 1719,  #states: 2825, valueb: 0.04557991502875597, activeness: 0.12953970969439124, primalobj: 0.9585335666651991, dualobj: -Inf
solve--
end solve-- RelaxOptimal OPTIMAL
 weights_sum: 0.9999999999999998
itereffortlevel: 0
--separating...
--find a better primal bound 0.08253115314898536 by Alternative descent Eigen
--found a cut state by heuristic 0.08253115314898536 0.03999173973809683 
iteration: 1720,  #states: 2826, valueb: 0.03999173973809683, activeness: 0.08253115314898536, primalobj: 0.9585183145805678, dualobj: -Inf
solve--
end solve-- RelaxOptimal OPTIMAL
 weights_sum: 0.9999999999999998
itereffortlevel: 0
--separating...
--find a better primal bound 0.06534840577034554 by Alternative descent Eigen
--found a cut state by heuristic 0.06534840577034554 0.040021529956270785 
iteration: 1721,  #states: 2827, valueb: 0.040021529956270785, activeness: 0.06534840577034554, primalobj: 0.9585154501227011, dualobj: -Inf
solve--
end solve-- RelaxOptimal OPTIMAL
 weights_sum: 0.9999999999999994
itereffortlevel: 0
--separating...
--find a better primal bound 0.07685522560793756 by Alternative descent Eigen
--found a cut state by heuristic 0.07685522560793756 0.0496494929322819 
iteration: 1722,  #states: 2828, valueb: 0.0496494929322819, activeness: 0.07685522560793756, primalobj: 0.9585129225862298, dualobj: -Inf
solve--
end solve-- RelaxOptimal OPTIMAL
 weights_sum: 1.0000000000000002
itereffortlevel: 0
--separating...
--find a better primal bound 0.08317306263014776 by Alternative descent Eigen
--found a cut state by heuristic 0.08317306263014776 0.03859387184763517 
iteration: 1723,  #states: 2829, valueb: 0.03859387184763517, activeness: 0.08317306263014776, primalobj: 0.9585112037819414, dualobj: -Inf
solve--
end solve-- RelaxOptimal OPTIMAL
 weights_sum: 1.0000000000000002
itereffortlevel: 0
--separating...
--find a better primal bound 0.10103935699189331 by Alternative descent Eigen
--found a cut state by heuristic 0.10103935699189331 0.03911237954514257 
iteration: 1724,  #states: 2830, valueb: 0.03911237954514257, activeness: 0.10103935699189331, primalobj: 0.9585074042348922, dualobj: -Inf
solve--
end solve-- RelaxOptimal OPTIMAL
 weights_sum: 1.0000000000000004
itereffortlevel: 0
--separating...
--find a better primal bound 0.04896714123605567 by Alternative descent Eigen
--found a cut state by heuristic 0.04896714123605567 0.025079453349991843 
iteration: 1725,  #states: 2831, valueb: 0.025079453349991843, activeness: 0.04896714123605567, primalobj: 0.9585018122451303, dualobj: -Inf
solve--
end solve-- RelaxOptimal OPTIMAL
 weights_sum: 1.0000000680507943
itereffortlevel: 0
--separating...
--find a better primal bound 0.06182161043254288 by Alternative descent Eigen
--found a cut state by heuristic 0.06182161043254288 0.042490649241924056 
iteration: 1726,  #states: 2832, valueb: 0.042490649241924056, activeness: 0.06182161043254288, primalobj: 0.958499542294859, dualobj: -Inf
solve--
end solve-- RelaxOptimal OPTIMAL
 weights_sum: 1.0000000000000004
itereffortlevel: 0
--separating...
--find a better primal bound 0.055221297597653866 by Alternative descent Eigen
--found a cut state by heuristic 0.055221297597653866 0.03199227618991214 
iteration: 1727,  #states: 2833, valueb: 0.03199227618991214, activeness: 0.055221297597653866, primalobj: 0.9584986983854655, dualobj: -Inf
solve--
end solve-- RelaxOptimal OPTIMAL
 weights_sum: 1.0000000000000004
itereffortlevel: 0
--separating...
--find a better primal bound 0.044721714549425653 by Alternative descent Eigen
--found a cut state by heuristic 0.044721714549425653 0.03419415454590896 
iteration: 1728,  #states: 2834, valueb: 0.03419415454590896, activeness: 0.044721714549425653, primalobj: 0.9584973473055305, dualobj: -Inf
solve--
end solve-- RelaxOptimal OPTIMAL
 weights_sum: 1.0
itereffortlevel: 0
--separating...
--find a better primal bound 0.04753909255409247 by Alternative descent Eigen
--found a cut state by heuristic 0.04753909255409247 0.03488862642808828 
iteration: 1729,  #states: 2835, valueb: 0.03488862642808828, activeness: 0.04753909255409247, primalobj: 0.9584966967065877, dualobj: -Inf
solve--
end solve-- RelaxOptimal OPTIMAL
 weights_sum: 0.9999999999999981
itereffortlevel: 0
--separating...
--find a better primal bound 0.08131205717393082 by Alternative descent Eigen
--found a cut state by heuristic 0.08131205717393082 0.036867740774909744 
iteration: 1730,  #states: 2836, valueb: 0.036867740774909744, activeness: 0.08131205717393082, primalobj: 0.9584961339107432, dualobj: -Inf
solve--
end solve-- RelaxOptimal OPTIMAL
 weights_sum: 1.0000000000000002
itereffortlevel: 0
--separating...
--find a better primal bound 0.07944725598107694 by Alternative descent Eigen
--found a cut state by heuristic 0.07944725598107694 0.021677167341144717 
iteration: 1731,  #states: 2837, valueb: 0.021677167341144717, activeness: 0.07944725598107694, primalobj: 0.9584890045777225, dualobj: -Inf
solve--
end solve-- RelaxOptimal OPTIMAL
 weights_sum: 1.0000000000000013
itereffortlevel: 0
--separating...
--find a better primal bound 0.04640396481843242 by Alternative descent Eigen
--found a cut state by heuristic 0.04640396481843242 0.03245166843732065 
iteration: 1732,  #states: 2838, valueb: 0.03245166843732065, activeness: 0.04640396481843242, primalobj: 0.9584838610547604, dualobj: -Inf
solve--
end solve-- RelaxOptimal OPTIMAL
 weights_sum: 1.0000000000000004
itereffortlevel: 0
--separating...
--find a better primal bound 0.05170161148117676 by Alternative descent Eigen
--found a cut state by heuristic 0.05170161148117676 0.036738385847967125 
iteration: 1733,  #states: 2839, valueb: 0.036738385847967125, activeness: 0.05170161148117676, primalobj: 0.9584833176555921, dualobj: -Inf
solve--
end solve-- RelaxOptimal OPTIMAL
 weights_sum: 0.9999999999999994
itereffortlevel: 0
--separating...
--find a better primal bound 0.05611660543861122 by Alternative descent Eigen
--found a cut state by heuristic 0.05611660543861122 0.029301584188261565 
iteration: 1734,  #states: 2840, valueb: 0.029301584188261565, activeness: 0.05611660543861122, primalobj: 0.958482137421605, dualobj: -Inf
solve--
end solve-- RelaxOptimal OPTIMAL
 weights_sum: 1.0000000000000002
itereffortlevel: 0
--separating...
--find a better primal bound 0.08208831076948472 by Alternative descent Eigen
--found a cut state by heuristic 0.08208831076948472 0.02475904909238344 
iteration: 1735,  #states: 2841, valueb: 0.02475904909238344, activeness: 0.08208831076948472, primalobj: 0.9584779086818812, dualobj: -Inf
solve--
end solve-- RelaxOptimal OPTIMAL
 weights_sum: 1.0000000000000002
itereffortlevel: 0
--separating...
--find a better primal bound 0.048439496797066474 by Alternative descent Eigen
--found a cut state by heuristic 0.048439496797066474 0.025778611399158526 
iteration: 1736,  #states: 2842, valueb: 0.025778611399158526, activeness: 0.048439496797066474, primalobj: 0.9584723070785179, dualobj: -Inf
solve--
end solve-- RelaxOptimal OPTIMAL
 weights_sum: 0.9999999999999988
itereffortlevel: 0
--separating...
--find a better primal bound 0.06904030082063145 by Alternative descent Eigen
--found a cut state by heuristic 0.06904030082063145 0.03689083465556422 
iteration: 1737,  #states: 2843, valueb: 0.03689083465556422, activeness: 0.06904030082063145, primalobj: 0.9584689256452357, dualobj: -Inf
solve--
end solve-- RelaxOptimal OPTIMAL
 weights_sum: 1.0
itereffortlevel: 0
--separating...
--find a better primal bound 0.07069095494763038 by Alternative descent Eigen
--found a cut state by heuristic 0.07069095494763038 0.042596500944551516 
iteration: 1738,  #states: 2844, valueb: 0.042596500944551516, activeness: 0.07069095494763038, primalobj: 0.9584667058244968, dualobj: -Inf
solve--
end solve-- RelaxOptimal OPTIMAL
 weights_sum: 1.0000000000000007
itereffortlevel: 0
--separating...
--find a better primal bound 0.07734449530122282 by Alternative descent Eigen
--found a cut state by heuristic 0.07734449530122282 0.04479843731608479 
iteration: 1739,  #states: 2845, valueb: 0.04479843731608479, activeness: 0.07734449530122282, primalobj: 0.9584630357910553, dualobj: -Inf
solve--
end solve-- RelaxOptimal OPTIMAL
 weights_sum: 0.9999999999999998
itereffortlevel: 0
--separating...
--find a better primal bound 0.12193713835810269 by Alternative descent Eigen
--found a cut state by heuristic 0.12193713835810269 0.049780764641633196 
iteration: 1740,  #states: 2846, valueb: 0.049780764641633196, activeness: 0.12193713835810269, primalobj: 0.9584591527458741, dualobj: -Inf
solve--
end solve-- RelaxOptimal OPTIMAL
 weights_sum: 0.9999999999999998
itereffortlevel: 0
--separating...
--find a better primal bound 0.10634906660902865 by Alternative descent Eigen
--found a cut state by heuristic 0.10634906660902865 0.08056911004939929 
iteration: 1741,  #states: 2847, valueb: 0.08056911004939929, activeness: 0.10634906660902865, primalobj: 0.9584486742330814, dualobj: -Inf
solve--
end solve-- RelaxOptimal OPTIMAL
 weights_sum: 0.9999999999999998
itereffortlevel: 0
--separating...
--find a better primal bound 0.10286579727510616 by Alternative descent Eigen
--found a cut state by heuristic 0.10286579727510616 0.05069547418498599 
iteration: 1742,  #states: 2848, valueb: 0.05069547418498599, activeness: 0.10286579727510616, primalobj: 0.9584459697638644, dualobj: -Inf
solve--
end solve-- RelaxOptimal OPTIMAL
 weights_sum: 0.999999999999999
itereffortlevel: 0
--separating...
--find a better primal bound 0.07040077264861269 by Alternative descent Eigen
--found a cut state by heuristic 0.07040077264861269 0.02830797138417651 
iteration: 1743,  #states: 2849, valueb: 0.02830797138417651, activeness: 0.07040077264861269, primalobj: 0.9584379753680197, dualobj: -Inf
solve--
end solve-- RelaxOptimal OPTIMAL
 weights_sum: 0.9999999999999991
itereffortlevel: 0
--separating...
--find a better primal bound 0.11210493840874608 by Alternative descent Eigen
--found a cut state by heuristic 0.11210493840874608 0.036013212707839845 
iteration: 1744,  #states: 2850, valueb: 0.036013212707839845, activeness: 0.11210493840874608, primalobj: 0.9584329953121546, dualobj: -Inf
solve--
end solve-- RelaxOptimal OPTIMAL
 weights_sum: 1.0000000000000009
itereffortlevel: 0
--separating...
--find a better primal bound 0.1057648792959655 by Alternative descent Eigen
--found a cut state by heuristic 0.1057648792959655 0.053489806192823335 
iteration: 1745,  #states: 2851, valueb: 0.053489806192823335, activeness: 0.1057648792959655, primalobj: 0.9584141114532052, dualobj: -Inf
solve--
end solve-- RelaxOptimal OPTIMAL
 weights_sum: 1.0000000000000016
itereffortlevel: 0
--separating...
--find a better primal bound 0.13229879078254525 by Alternative descent Eigen
--found a cut state by heuristic 0.13229879078254525 0.051907930168150124 
iteration: 1746,  #states: 2852, valueb: 0.051907930168150124, activeness: 0.13229879078254525, primalobj: 0.958406912799571, dualobj: -Inf
solve--
end solve-- RelaxOptimal OPTIMAL
 weights_sum: 1.0000003943043339
itereffortlevel: 0
--separating...
--find a better primal bound 0.09688586955388387 by Alternative descent Eigen
--found a cut state by heuristic 0.09688586955388387 0.057246343986043696 
iteration: 1747,  #states: 2853, valueb: 0.057246343986043696, activeness: 0.09688586955388387, primalobj: 0.958399138023265, dualobj: -Inf
solve--
end solve-- RelaxOptimal OPTIMAL
 weights_sum: 1.0000000000000002
itereffortlevel: 0
--separating...
--find a better primal bound 0.08245999498880763 by Alternative descent Eigen
--found a cut state by heuristic 0.08245999498880763 0.053853237619320225 
iteration: 1748,  #states: 2854, valueb: 0.053853237619320225, activeness: 0.08245999498880763, primalobj: 0.9583964195960237, dualobj: -Inf
solve--
end solve-- RelaxOptimal OPTIMAL
 weights_sum: 0.9999999999999999
itereffortlevel: 0
--separating...
--find a better primal bound 0.12667771101923853 by Alternative descent Eigen
--found a cut state by heuristic 0.12667771101923853 0.05782860593941491 
iteration: 1749,  #states: 2855, valueb: 0.05782860593941491, activeness: 0.12667771101923853, primalobj: 0.958388449343288, dualobj: -Inf
solve--
end solve-- RelaxOptimal OPTIMAL
 weights_sum: 1.0000000977225856
itereffortlevel: 0
--separating...
--find a better primal bound 0.1224308826191028 by Alternative descent Eigen
--found a cut state by heuristic 0.1224308826191028 0.06044972352095901 
iteration: 1750,  #states: 2856, valueb: 0.06044972352095901, activeness: 0.1224308826191028, primalobj: 0.9583848856700031, dualobj: -Inf
solve--
end solve-- RelaxOptimal OPTIMAL
 weights_sum: 1.0000000000000007
itereffortlevel: 0
--separating...
--find a better primal bound 0.08400184446990912 by Alternative descent Eigen
--found a cut state by heuristic 0.08400184446990912 0.04330098282105091 
iteration: 1751,  #states: 2857, valueb: 0.04330098282105091, activeness: 0.08400184446990912, primalobj: 0.9583793409468532, dualobj: -Inf
solve--
end solve-- RelaxOptimal OPTIMAL
 weights_sum: 1.000000000000001
itereffortlevel: 0
--separating...
--find a better primal bound 0.11898971049860821 by Alternative descent Eigen
--found a cut state by heuristic 0.11898971049860821 0.05929062715215557 
iteration: 1752,  #states: 2858, valueb: 0.05929062715215557, activeness: 0.11898971049860821, primalobj: 0.9583741264861065, dualobj: -Inf
solve--
end solve-- RelaxOptimal OPTIMAL
 weights_sum: 1.0000000000000002
itereffortlevel: 0
--separating...
--find a better primal bound 0.08058340506142787 by Alternative descent Eigen
--found a cut state by heuristic 0.08058340506142787 0.05831325719938016 
iteration: 1753,  #states: 2859, valueb: 0.05831325719938016, activeness: 0.08058340506142787, primalobj: 0.9583649742822231, dualobj: -Inf
solve--
end solve-- RelaxOptimal OPTIMAL
 weights_sum: 1.0000000000000007
itereffortlevel: 0
--separating...
--find a better primal bound 0.12639980602819573 by Alternative descent Eigen
--found a cut state by heuristic 0.12639980602819573 0.06502629236668866 
iteration: 1754,  #states: 2860, valueb: 0.06502629236668866, activeness: 0.12639980602819573, primalobj: 0.9583625334381285, dualobj: -Inf
solve--
end solve-- RelaxOptimal OPTIMAL
 weights_sum: 0.9999999999999993
itereffortlevel: 0
--separating...
--find a better primal bound 0.09181633099302977 by Alternative descent Eigen
--found a cut state by heuristic 0.09181633099302977 0.05391264868592682 
iteration: 1755,  #states: 2861, valueb: 0.05391264868592682, activeness: 0.09181633099302977, primalobj: 0.9583524623692551, dualobj: -Inf
solve--
end solve-- RelaxOptimal OPTIMAL
 weights_sum: 1.000000029720382
itereffortlevel: 0
--separating...
--find a better primal bound 0.15605994173873275 by Alternative descent Eigen
--found a cut state by heuristic 0.15605994173873275 0.06991269216978638 
iteration: 1756,  #states: 2862, valueb: 0.06991269216978638, activeness: 0.15605994173873275, primalobj: 0.9583455695258289, dualobj: -Inf
solve--
end solve-- RelaxOptimal OPTIMAL
 weights_sum: 1.0000000000000018
itereffortlevel: 0
--separating...
--find a better primal bound 0.10848006263946533 by Alternative descent Eigen
--found a cut state by heuristic 0.10848006263946533 0.06984518315058741 
iteration: 1757,  #states: 2863, valueb: 0.06984518315058741, activeness: 0.10848006263946533, primalobj: 0.9583303340494185, dualobj: -Inf
solve--
end solve-- RelaxOptimal OPTIMAL
 weights_sum: 1.0000000000000004
itereffortlevel: 0
--separating...
--find a better primal bound 0.08290418632962063 by Alternative descent Eigen
--found a cut state by heuristic 0.08290418632962063 0.06130048121362802 
iteration: 1758,  #states: 2864, valueb: 0.06130048121362802, activeness: 0.08290418632962063, primalobj: 0.958319096989336, dualobj: -Inf
solve--
end solve-- RelaxOptimal OPTIMAL
 weights_sum: 1.0
itereffortlevel: 0
--separating...
--find a better primal bound 0.11752865019001103 by Alternative descent Eigen
--found a cut state by heuristic 0.11752865019001103 0.05819663290866911 
iteration: 1759,  #states: 2865, valueb: 0.05819663290866911, activeness: 0.11752865019001103, primalobj: 0.9583181086643109, dualobj: -Inf
solve--
end solve-- RelaxOptimal OPTIMAL
 weights_sum: 1.0000000000000004
itereffortlevel: 0
--separating...
--find a better primal bound 0.08584386630760034 by Alternative descent Eigen
--found a cut state by heuristic 0.08584386630760034 0.044599510715093084 
iteration: 1760,  #states: 2866, valueb: 0.044599510715093084, activeness: 0.08584386630760034, primalobj: 0.9583072727798272, dualobj: -Inf
solve--
end solve-- RelaxOptimal OPTIMAL
 weights_sum: 1.0
itereffortlevel: 0
--separating...
--find a better primal bound 0.059492519756013704 by Alternative descent Eigen
--found a cut state by heuristic 0.059492519756013704 0.03689603136083441 
iteration: 1761,  #states: 2867, valueb: 0.03689603136083441, activeness: 0.059492519756013704, primalobj: 0.9583017186795613, dualobj: -Inf
solve--
end solve-- RelaxOptimal OPTIMAL
 weights_sum: 1.0000000404694924
itereffortlevel: 0
--separating...
--find a better primal bound 0.10728735154766193 by Alternative descent Eigen
--found a cut state by heuristic 0.10728735154766193 0.08741998123102519 
iteration: 1762,  #states: 2868, valueb: 0.08741998123102519, activeness: 0.10728735154766193, primalobj: 0.9582992241498888, dualobj: -Inf
solve--
end solve-- RelaxOptimal OPTIMAL
 weights_sum: 0.9999999999999989
itereffortlevel: 0
--separating...
--find a better primal bound 0.07311303570571667 by Alternative descent Eigen
--found a cut state by heuristic 0.07311303570571667 0.03895889878122451 
iteration: 1763,  #states: 2869, valueb: 0.03895889878122451, activeness: 0.07311303570571667, primalobj: 0.9582951851692354, dualobj: -Inf
solve--
end solve-- RelaxOptimal OPTIMAL
 weights_sum: 1.0000000000000004
itereffortlevel: 0
--separating...
--find a better primal bound 0.07841183431201 by Alternative descent Eigen
--found a cut state by heuristic 0.07841183431201 0.0326338706022972 
iteration: 1764,  #states: 2870, valueb: 0.0326338706022972, activeness: 0.07841183431201, primalobj: 0.9582921980428818, dualobj: -Inf
solve--
end solve-- RelaxOptimal OPTIMAL
 weights_sum: 0.9999999999999992
itereffortlevel: 0
--separating...
--find a better primal bound 0.0261285384305927 by Alternative descent Eigen
--found a cut state by heuristic 0.0261285384305927 -0.0 
iteration: 1765,  #states: 2871, valueb: -0.0, activeness: 0.0261285384305927, primalobj: 0.9582860682525347, dualobj: -Inf
solve--
end solve-- RelaxOptimal OPTIMAL
 weights_sum: 0.9999999999999998
itereffortlevel: 0
--separating...
--find a better primal bound 0.09412547563272049 by Alternative descent Eigen
--found a cut state by heuristic 0.09412547563272049 0.042245505947124826 
iteration: 1766,  #states: 2872, valueb: 0.042245505947124826, activeness: 0.09412547563272049, primalobj: 0.9582845489101932, dualobj: -Inf
solve--
end solve-- RelaxOptimal OPTIMAL
 weights_sum: 1.0000000000000016
itereffortlevel: 0
--separating...
--find a better primal bound 0.11809442907436132 by Alternative descent Eigen
--found a cut state by heuristic 0.11809442907436132 0.041675665697924774 
iteration: 1767,  #states: 2873, valueb: 0.041675665697924774, activeness: 0.11809442907436132, primalobj: 0.9582743843009953, dualobj: -Inf
solve--
end solve-- RelaxOptimal OPTIMAL
 weights_sum: 1.0000000000000002
itereffortlevel: 0
--separating...
--find a better primal bound 0.0954828825593981 by Alternative descent Eigen
--found a cut state by heuristic 0.0954828825593981 0.045122641432978394 
iteration: 1768,  #states: 2874, valueb: 0.045122641432978394, activeness: 0.0954828825593981, primalobj: 0.9582621131277668, dualobj: -Inf
solve--
end solve-- RelaxOptimal OPTIMAL
 weights_sum: 1.0
itereffortlevel: 0
--separating...
--find a better primal bound 0.09332833310842517 by Alternative descent Eigen
--found a cut state by heuristic 0.09332833310842517 0.05220579743437998 
iteration: 1769,  #states: 2875, valueb: 0.05220579743437998, activeness: 0.09332833310842517, primalobj: 0.9582588069883852, dualobj: -Inf
solve--
end solve-- RelaxOptimal OPTIMAL
 weights_sum: 1.0000005960926746
itereffortlevel: 0
--separating...
--find a better primal bound 0.07875417293384564 by Alternative descent Eigen
--found a cut state by heuristic 0.07875417293384564 0.05422492062943405 
iteration: 1770,  #states: 2876, valueb: 0.05422492062943405, activeness: 0.07875417293384564, primalobj: 0.9582551444210021, dualobj: -Inf
solve--
end solve-- RelaxOptimal OPTIMAL
 weights_sum: 0.9999999999999989
itereffortlevel: 0
--separating...
--find a better primal bound 0.10793203633799686 by Alternative descent Eigen
--found a cut state by heuristic 0.10793203633799686 0.04045769455215863 
iteration: 1771,  #states: 2877, valueb: 0.04045769455215863, activeness: 0.10793203633799686, primalobj: 0.9582528800348707, dualobj: -Inf
solve--
end solve-- RelaxOptimal OPTIMAL
 weights_sum: 1.0
itereffortlevel: 0
--separating...
--find a better primal bound 0.1103504371363575 by Alternative descent Eigen
--found a cut state by heuristic 0.1103504371363575 0.05581662323475123 
iteration: 1772,  #states: 2878, valueb: 0.05581662323475123, activeness: 0.1103504371363575, primalobj: 0.9582452754375836, dualobj: -Inf
solve--
end solve-- RelaxOptimal OPTIMAL
 weights_sum: 1.0000000187299007
itereffortlevel: 0
--separating...
--find a better primal bound 0.10086450219424054 by Alternative descent Eigen
--found a cut state by heuristic 0.10086450219424054 0.056480579386131276 
iteration: 1773,  #states: 2879, valueb: 0.056480579386131276, activeness: 0.10086450219424054, primalobj: 0.9582391630031732, dualobj: -Inf
solve--
end solve-- RelaxOptimal OPTIMAL
 weights_sum: 0.9999999999999994
itereffortlevel: 0
--separating...
--find a better primal bound 0.004367835242602673 by Alternative descent Eigen
--found a cut state by heuristic 0.004367835242602673 -0.0 
iteration: 1774,  #states: 2880, valueb: -0.0, activeness: 0.004367835242602673, primalobj: 0.9582329085419306, dualobj: -Inf
solve--
end solve-- RelaxOptimal OPTIMAL
 weights_sum: 0.9999999999999994
itereffortlevel: 0
--separating...
--find a better primal bound 0.1176920388522665 by Alternative descent Eigen
--found a cut state by heuristic 0.1176920388522665 0.047084719538365336 
iteration: 1775,  #states: 2881, valueb: 0.047084719538365336, activeness: 0.1176920388522665, primalobj: 0.9582326548921829, dualobj: -Inf
solve--
end solve-- RelaxOptimal OPTIMAL
 weights_sum: 1.0000000964470523
itereffortlevel: 0
--separating...
--find a better primal bound 0.07265433741004011 by Alternative descent Eigen
--found a cut state by heuristic 0.07265433741004011 0.038330940754781266 
iteration: 1776,  #states: 2882, valueb: 0.038330940754781266, activeness: 0.07265433741004011, primalobj: 0.9582223595441222, dualobj: -Inf
solve--
end solve-- RelaxOptimal OPTIMAL
 weights_sum: 1.0000003089461384
itereffortlevel: 0
--separating...
--find a better primal bound 0.06362293733430445 by Alternative descent Eigen
--found a cut state by heuristic 0.06362293733430445 0.03552061865066293 
iteration: 1777,  #states: 2883, valueb: 0.03552061865066293, activeness: 0.06362293733430445, primalobj: 0.9582193846488425, dualobj: -Inf
solve--
end solve-- RelaxOptimal OPTIMAL
 weights_sum: 1.0000000000000004
itereffortlevel: 0
--separating...
--find a better primal bound 0.07803296487232575 by Alternative descent Eigen
--found a cut state by heuristic 0.07803296487232575 0.03830519698816641 
iteration: 1778,  #states: 2884, valueb: 0.03830519698816641, activeness: 0.07803296487232575, primalobj: 0.9582125181726125, dualobj: -Inf
solve--
end solve-- RelaxOptimal OPTIMAL
 weights_sum: 0.9999999999999999
itereffortlevel: 0
--separating...
--find a better primal bound 0.11839322889485335 by Alternative descent Eigen
--found a cut state by heuristic 0.11839322889485335 0.059295146345615335 
iteration: 1779,  #states: 2885, valueb: 0.059295146345615335, activeness: 0.11839322889485335, primalobj: 0.9582005591930778, dualobj: -Inf
solve--
end solve-- RelaxOptimal OPTIMAL
 weights_sum: 1.0000000000000002
itereffortlevel: 0
--separating...
--find a better primal bound 0.051332390431431604 by Alternative descent Eigen
--found a cut state by heuristic 0.051332390431431604 0.028068275356577313 
iteration: 1780,  #states: 2886, valueb: 0.028068275356577313, activeness: 0.051332390431431604, primalobj: 0.9581924317507391, dualobj: -Inf
solve--
end solve-- RelaxOptimal OPTIMAL
 weights_sum: 1.0000000000000002
itereffortlevel: 0
--separating...
--find a better primal bound 0.11817235663502927 by Alternative descent Eigen
--found a cut state by heuristic 0.11817235663502927 0.06362947245597268 
iteration: 1781,  #states: 2887, valueb: 0.06362947245597268, activeness: 0.11817235663502927, primalobj: 0.9581863451299064, dualobj: -Inf
solve--
end solve-- RelaxOptimal OPTIMAL
 weights_sum: 0.9999999999999993
itereffortlevel: 0
--separating...
--find a better primal bound 0.08438691250708083 by Alternative descent Eigen
--found a cut state by heuristic 0.08438691250708083 0.023467862415851 
iteration: 1782,  #states: 2888, valueb: 0.023467862415851, activeness: 0.08438691250708083, primalobj: 0.9581795306447715, dualobj: -Inf
solve--
end solve-- RelaxOptimal OPTIMAL
 weights_sum: 1.0000003691612225
itereffortlevel: 0
--separating...
--find a better primal bound 0.02530683404633459 by Alternative descent Eigen
--found a cut state by heuristic 0.02530683404633459 0.011738647828735453 
iteration: 1783,  #states: 2889, valueb: 0.011738647828735453, activeness: 0.02530683404633459, primalobj: 0.9581743278143894, dualobj: -Inf
solve--
end solve-- RelaxOptimal OPTIMAL
 weights_sum: 0.9999999999999987
itereffortlevel: 0
--separating...
--find a better primal bound 0.10783794388630122 by Alternative descent Eigen
--found a cut state by heuristic 0.10783794388630122 0.025151629879373142 
iteration: 1784,  #states: 2890, valueb: 0.025151629879373142, activeness: 0.10783794388630122, primalobj: 0.9581726497951497, dualobj: -Inf
solve--
end solve-- RelaxOptimal OPTIMAL
 weights_sum: 0.9999999999999987
itereffortlevel: 0
--separating...
--find a better primal bound 0.10993821540880581 by Alternative descent Eigen
--found a cut state by heuristic 0.10993821540880581 0.03323645126827972 
iteration: 1785,  #states: 2891, valueb: 0.03323645126827972, activeness: 0.10993821540880581, primalobj: 0.9581655477534923, dualobj: -Inf
solve--
end solve-- RelaxOptimal OPTIMAL
 weights_sum: 1.0000000000000004
itereffortlevel: 0
--separating...
--find a better primal bound 0.0968856891841032 by Alternative descent Eigen
--found a cut state by heuristic 0.0968856891841032 0.03139698735027192 
iteration: 1786,  #states: 2892, valueb: 0.03139698735027192, activeness: 0.0968856891841032, primalobj: 0.9581542482496238, dualobj: -Inf
solve--
end solve-- RelaxOptimal OPTIMAL
 weights_sum: 1.0000005021095137
itereffortlevel: 0
--separating...
--find a better primal bound 0.06778806876694429 by Alternative descent Eigen
--found a cut state by heuristic 0.06778806876694429 0.025288637324571896 
iteration: 1787,  #states: 2893, valueb: 0.025288637324571896, activeness: 0.06778806876694429, primalobj: 0.9581425708753488, dualobj: -Inf
solve--
end solve-- RelaxOptimal OPTIMAL
 weights_sum: 0.9999999999999993
itereffortlevel: 0
--separating...
--find a better primal bound 0.08446725615511388 by Alternative descent Eigen
--found a cut state by heuristic 0.08446725615511388 0.022309285019351876 
iteration: 1788,  #states: 2894, valueb: 0.022309285019351876, activeness: 0.08446725615511388, primalobj: 0.9581362424065849, dualobj: -Inf
solve--
end solve-- RelaxOptimal OPTIMAL
 weights_sum: 0.9999999999999993
itereffortlevel: 0
--separating...
--find a better primal bound 0.0851736582870361 by Alternative descent Eigen
--found a cut state by heuristic 0.0851736582870361 0.020152019978741515 
iteration: 1789,  #states: 2895, valueb: 0.020152019978741515, activeness: 0.0851736582870361, primalobj: 0.9581265253549949, dualobj: -Inf
solve--
end solve-- RelaxOptimal OPTIMAL
 weights_sum: 0.9999999999999987
itereffortlevel: 0
--separating...
--find a better primal bound 0.06616515685103838 by Alternative descent Eigen
--found a cut state by heuristic 0.06616515685103838 0.007250029715561131 
iteration: 1790,  #states: 2896, valueb: 0.007250029715561131, activeness: 0.06616515685103838, primalobj: 0.9581123344189755, dualobj: -Inf
solve--
end solve-- RelaxOptimal OPTIMAL
 weights_sum: 1.0000000000000009
itereffortlevel: 0
--separating...
--find a better primal bound 0.04820848391111263 by Alternative descent Eigen
--found a cut state by heuristic 0.04820848391111263 0.028459523364402186 
iteration: 1791,  #states: 2897, valueb: 0.028459523364402186, activeness: 0.04820848391111263, primalobj: 0.9581026228446532, dualobj: -Inf
solve--
end solve-- RelaxOptimal OPTIMAL
 weights_sum: 0.9999999999999986
itereffortlevel: 0
--separating...
--find a better primal bound 0.08434212071039253 by Alternative descent Eigen
--found a cut state by heuristic 0.08434212071039253 0.029327803347621917 
iteration: 1792,  #states: 2898, valueb: 0.029327803347621917, activeness: 0.08434212071039253, primalobj: 0.9581019410767092, dualobj: -Inf
solve--
end solve-- RelaxOptimal OPTIMAL
 weights_sum: 1.0000000645425131
itereffortlevel: 0
--separating...
--find a better primal bound 0.04083206450080938 by Alternative descent Eigen
--found a cut state by heuristic 0.04083206450080938 0.0069104816283321845 
iteration: 1793,  #states: 2899, valueb: 0.0069104816283321845, activeness: 0.04083206450080938, primalobj: 0.9580893611735475, dualobj: -Inf
Time limit is almost reached
solve--
end solve-- RelaxOptimal OPTIMAL
entering gap-closing phase: time limit 10800.0 -> 10807.965074062347 s
 weights_sum: 0.9999999999999999
itereffortlevel: 2
--separating...
--find a better primal bound 0.05788092715261275 by Alternative descent Eigen
--find a better primal bound 0.08606628006270595 by Alternative descent Eigen
--node number: 1, dual bound: 0.48916946525040084, branchnode bound: 0.48916946525040084,
         primal out bound: 0.08606628006270595, primal bound: 0.08606628006270595, cutoff bound: 0.012549861661544058,  gap: 0.4031031851876949,
         rel_gap: 0.8240563114080526, nleaves: 1,
         Zdepth: 2, bbounddistance: 0.4984260203363283, branchscore: 1.125750191585227, maxdepth: 0, focusdepth: 0
--node number: 3, dual bound: 0.47112149156304955, branchnode bound: 0.47112149156304955,
         primal out bound: 0.08606628006270595, primal bound: 0.08606628006270595, cutoff bound: 0.012549861661544058,  gap: 0.3850552115003436,
         rel_gap: 0.8173161666279285, nleaves: 2,
         Zdepth: 2, bbounddistance: 0.10268666534097248, branchscore: 0.9351834240375994, maxdepth: 1, focusdepth: 1
--find a better primal bound 0.09359572799350062 by Alternative descent Eigen
--node number: 5, dual bound: 0.464653649276635, branchnode bound: 0.464653649276635,
         primal out bound: 0.09359572799350062, primal bound: 0.09359572799350062, cutoff bound: 0.012549861661544058,  gap: 0.37105792128313436,
         rel_gap: 0.7985688304843642, nleaves: 3,
         Zdepth: 2, bbounddistance: 0.10294664489472055, branchscore: 0.9309179586347145, maxdepth: 2, focusdepth: 1
--node number: 7, dual bound: 0.44918981713960393, branchnode bound: 0.44918981713960393,
         primal out bound: 0.09359572799350062, primal bound: 0.09359572799350062, cutoff bound: 0.012549861661544058,  gap: 0.3555940891461033,
         rel_gap: 0.791634350507968, nleaves: 4,
         Zdepth: 2, bbounddistance: 0.31296872779142015, branchscore: 0.7879486401137156, maxdepth: 2, focusdepth: 2
--node number: 9, dual bound: 0.4380185999286698, branchnode bound: 0.4380185999286698,
         primal out bound: 0.09359572799350062, primal bound: 0.09359572799350062, cutoff bound: 0.012549861661544058,  gap: 0.3444228719351692,
         rel_gap: 0.7863201973415228, nleaves: 5,
         Zdepth: 2, bbounddistance: 0.0836663507864861, branchscore: 0.7785912126341484, maxdepth: 3, focusdepth: 2
--find a better primal bound 0.10902739709959877 by Alternative descent Eigen
--node number: 11, dual bound: 0.42710507266935877, branchnode bound: 0.42710507266935877,
         primal out bound: 0.10902739709959877, primal bound: 0.10902739709959877, cutoff bound: 0.012549861661544058,  gap: 0.31807767556975997,
         rel_gap: 0.7447293322502826, nleaves: 6,
         Zdepth: 2, bbounddistance: 0.0664144008436576, branchscore: 0.6502905590867242, maxdepth: 3, focusdepth: 3
--node number: 13, dual bound: 0.4252100291791465, branchnode bound: 0.4252100291791465,
         primal out bound: 0.10902739709959877, primal bound: 0.10902739709959877, cutoff bound: 0.012549861661544058,  gap: 0.3161826320795478,
         rel_gap: 0.7435916614900349, nleaves: 7,
         Zdepth: 2, bbounddistance: 0.4458990564686525, branchscore: 0.5802179058057435, maxdepth: 4, focusdepth: 2
--max node number reached: 15, terminated
--node number: 15, dual bound: 0.42056827335906055, branchnode bound: 0.42056827335906055,
         primal out bound: 0.10902739709959877, primal bound: 0.10902739709959877, cutoff bound: 0.012549861661544058,  gap: 0.3115408762594618,
         rel_gap: 0.7407617169293308, nleaves: 8,
         Zdepth: 2, bbounddistance: 0.4505258382025412, branchscore: 0.5740455184107932, maxdepth: 4, focusdepth: 2
iteration: 1794,  #states: 2900, valueb: 0.012549861661544058, activeness: 0.10902739709959877, primalobj: 0.9580827770369702, dualobj: 0.5500643653394537
solve--
end solve-- RelaxOptimal OPTIMAL
 weights_sum: 0.9999999999999993
itereffortlevel: 2
--separating...
--find a better primal bound 0.027931621045135125 by Alternative descent Eigen
--find a better primal bound 0.07505629646640989 by Alternative descent Eigen
--node number: 1, dual bound: 0.45998013869260773, branchnode bound: 0.45998013869260773,
         primal out bound: 0.07505629646640989, primal bound: 0.07505629646640989, cutoff bound: -0.0,  gap: 0.38492384222619785,
         rel_gap: 0.8368270928398325, nleaves: 1,
         Zdepth: 2, bbounddistance: 0.48410920140651575, branchscore: 1.135123933212817, maxdepth: 0, focusdepth: 0
--find a better primal bound 0.07962460084078837 by Alternative descent Eigen
--node number: 3, dual bound: 0.4473490969185502, branchnode bound: 0.4473490969185502,
         primal out bound: 0.07962460084078837, primal bound: 0.07962460084078837, cutoff bound: -0.0,  gap: 0.3677244960777618,
         rel_gap: 0.8220079097303156, nleaves: 2,
         Zdepth: 2, bbounddistance: 0.10150635725106233, branchscore: 0.9393022154622315, maxdepth: 1, focusdepth: 1
--find a better primal bound 0.07962502091857723 by Alternative descent Eigen
--node number: 5, dual bound: 0.4449785675315595, branchnode bound: 0.4449785675315595,
         primal out bound: 0.07962502091857723, primal bound: 0.07962502091857723, cutoff bound: -0.0,  gap: 0.36535354661298225,
         rel_gap: 0.8210587504016584, nleaves: 3,
         Zdepth: 2, bbounddistance: 0.4117109908647964, branchscore: 0.9993335530535647, maxdepth: 2, focusdepth: 1
--node number: 7, dual bound: 0.4281918278435427, branchnode bound: 0.4281918278435427,
         primal out bound: 0.07962502091857723, primal bound: 0.07962502091857723, cutoff bound: -0.0,  gap: 0.34856680692496544,
         rel_gap: 0.8140435764045654, nleaves: 4,
         Zdepth: 2, bbounddistance: 0.0813478980997912, branchscore: 0.7757891830031406, maxdepth: 2, focusdepth: 2
--node number: 9, dual bound: 0.42116881055550437, branchnode bound: 0.42116881055550437,
         primal out bound: 0.07962502091857723, primal bound: 0.07962502091857723, cutoff bound: -0.0,  gap: 0.3415437896369271,
         rel_gap: 0.8109427409556867, nleaves: 5,
         Zdepth: 2, bbounddistance: 0.18992239009429673, branchscore: 0.8381338258664763, maxdepth: 3, focusdepth: 2
--node number: 11, dual bound: 0.4094031606467854, branchnode bound: 0.4094031606467854,
         primal out bound: 0.07962502091857723, primal bound: 0.07962502091857723, cutoff bound: -0.0,  gap: 0.32977813972820813,
         rel_gap: 0.8055095109847622, nleaves: 6,
         Zdepth: 2, bbounddistance: 0.04899497647759371, branchscore: 0.5898024308113908, maxdepth: 3, focusdepth: 2
--node number: 13, dual bound: 0.4081904519635339, branchnode bound: 0.4081904519635339,
         primal out bound: 0.07962502091857723, primal bound: 0.07962502091857723, cutoff bound: -0.0,  gap: 0.3285654310449566,
         rel_gap: 0.8049316917248945, nleaves: 7,
         Zdepth: 2, bbounddistance: 0.0653819604359133, branchscore: 0.6342529950536661, maxdepth: 3, focusdepth: 3
--max node number reached: 15, terminated
--node number: 15, dual bound: 0.4059396549869302, branchnode bound: 0.4059396549869302,
         primal out bound: 0.07962502091857723, primal bound: 0.07962502091857723, cutoff bound: -0.0,  gap: 0.3263146340683529,
         rel_gap: 0.8038501044665348, nleaves: 8,
         Zdepth: 2, bbounddistance: 0.05291208612993775, branchscore: 0.5943687128125477, maxdepth: 4, focusdepth: 2
iteration: 1795,  #states: 2901, valueb: -0.0, activeness: 0.07962502091857723, primalobj: 0.9580614581932716, dualobj: 0.5521218032063414
solve--
end solve-- RelaxOptimal OPTIMAL
 weights_sum: 0.9999999999999993
itereffortlevel: 2
--separating...
--find a better primal bound 0.09523652297904231 by Alternative descent Eigen
--find a better primal bound 0.12316819370400998 by Alternative descent Eigen
--node number: 1, dual bound: 0.5078178710558199, branchnode bound: 0.5078178710558199,
         primal out bound: 0.12316819370400998, primal bound: 0.12316819370400998, cutoff bound: 0.04634146877673434,  gap: 0.3846496773518099,
         rel_gap: 0.7574559685189354, nleaves: 1,
         Zdepth: 2, bbounddistance: 0.4894430431157938, branchscore: 1.104498644692359, maxdepth: 0, focusdepth: 0
--find a better primal bound 0.12861887494737165 by Alternative descent Eigen
--node number: 3, dual bound: 0.49536724085989914, branchnode bound: 0.49536724085989914,
         primal out bound: 0.12861887494737165, primal bound: 0.12861887494737165, cutoff bound: 0.04634146877673434,  gap: 0.36674836591252746,
         rel_gap: 0.7403565186827767, nleaves: 2,
         Zdepth: 2, bbounddistance: 0.1036829205579527, branchscore: 0.9695443282059898, maxdepth: 1, focusdepth: 1
--node number: 5, dual bound: 0.4919500892933247, branchnode bound: 0.4919500892933247,
         primal out bound: 0.12861887494737165, primal bound: 0.12861887494737165, cutoff bound: 0.04634146877673434,  gap: 0.36333121434595306,
         rel_gap: 0.7385530000977746, nleaves: 3,
         Zdepth: 2, bbounddistance: 0.38918340570963095, branchscore: 0.9375146980872342, maxdepth: 2, focusdepth: 1
--find a better primal bound 0.13715104380009752 by Alternative descent Eigen
--node number: 7, dual bound: 0.4740575393705653, branchnode bound: 0.4740575393705653,
         primal out bound: 0.13715104380009752, primal bound: 0.13715104380009752, cutoff bound: 0.04634146877673434,  gap: 0.33690649557046776,
         rel_gap: 0.7106869263545492, nleaves: 4,
         Zdepth: 2, bbounddistance: 0.32233658073210836, branchscore: 0.8113227266218808, maxdepth: 2, focusdepth: 2
--node number: 9, dual bound: 0.46994536943625087, branchnode bound: 0.46994536943625087,
         primal out bound: 0.13715104380009752, primal bound: 0.13715104380009752, cutoff bound: 0.04634146877673434,  gap: 0.33279432563615335,
         rel_gap: 0.7081553458764267, nleaves: 5,
         Zdepth: 2, bbounddistance: 0.08263462510643366, branchscore: 0.8007709676970145, maxdepth: 3, focusdepth: 2
--node number: 11, dual bound: 0.453466572913389, branchnode bound: 0.453466572913389,
         primal out bound: 0.13715104380009752, primal bound: 0.13715104380009752, cutoff bound: 0.04634146877673434,  gap: 0.31631552911329147,
         rel_gap: 0.6975498261780521, nleaves: 6,
         Zdepth: 1, bbounddistance: 0.25264615378866667, branchscore: 0.5751146969444394, maxdepth: 3, focusdepth: 2
--node number: 13, dual bound: 0.45282539525890764, branchnode bound: 0.45282539525890764,
         primal out bound: 0.13715104380009752, primal bound: 0.13715104380009752, cutoff bound: 0.04634146877673434,  gap: 0.3156743514588101,
         rel_gap: 0.6971215721642997, nleaves: 7,
         Zdepth: 2, bbounddistance: 0.05127817893678366, branchscore: 0.5536228609875473, maxdepth: 3, focusdepth: 3
--max node number reached: 15, terminated
--node number: 15, dual bound: 0.45253157730132587, branchnode bound: 0.45253157730132587,
         primal out bound: 0.13715104380009752, primal bound: 0.13715104380009752, cutoff bound: 0.04634146877673434,  gap: 0.31538053350122836,
         rel_gap: 0.6969249204265514, nleaves: 8,
         Zdepth: 2, bbounddistance: 0.45831584465234043, branchscore: 0.5377516657289948, maxdepth: 4, focusdepth: 3
iteration: 1796,  #states: 2902, valueb: 0.04634146877673434, activeness: 0.13715104380009752, primalobj: 0.9580509714957658, dualobj: 0.5521218032063414
solve--
end solve-- RelaxOptimal OPTIMAL
 weights_sum: 0.9999999999999999
itereffortlevel: 2
--separating...
--find a better primal bound 0.054994346789451636 by Alternative descent Eigen
--find a better primal bound 0.07360354352095975 by Alternative descent Eigen
--node number: 1, dual bound: 0.46819253304717795, branchnode bound: 0.46819253304717795,
         primal out bound: 0.07360354352095975, primal bound: 0.07360354352095975, cutoff bound: 0.010912814229333313,  gap: 0.3945889895262182,
         rel_gap: 0.842792145697157, nleaves: 1,
         Zdepth: 2, bbounddistance: 0.4937168338297411, branchscore: 1.1315770437503334, maxdepth: 0, focusdepth: 0
--find a better primal bound 0.0905850026525922 by Alternative descent Eigen
--node number: 3, dual bound: 0.4528489396444704, branchnode bound: 0.4528489396444704,
         primal out bound: 0.0905850026525922, primal bound: 0.0905850026525922, cutoff bound: 0.010912814229333313,  gap: 0.3622639369918782,
         rel_gap: 0.79996640220973, nleaves: 2,
         Zdepth: 2, bbounddistance: 0.391080684638464, branchscore: 0.9601043761162839, maxdepth: 1, focusdepth: 1
--find a better primal bound 0.1098878130422172 by Alternative descent Eigen
--find a better primal bound 0.1098885208871314 by Alternative descent Eigen
--node number: 5, dual bound: 0.4518882980861644, branchnode bound: 0.4518882980861644,
         primal out bound: 0.1098885208871314, primal bound: 0.1098885208871314, cutoff bound: 0.010912814229333313,  gap: 0.34199977719903296,
         rel_gap: 0.7568237076451617, nleaves: 3,
         Zdepth: 2, bbounddistance: 0.10198922998510035, branchscore: 0.969077621597867, maxdepth: 2, focusdepth: 1
--node number: 7, dual bound: 0.43181208061710646, branchnode bound: 0.43181208061710646,
         primal out bound: 0.1098885208871314, primal bound: 0.1098885208871314, cutoff bound: 0.010912814229333313,  gap: 0.32192355972997505,
         rel_gap: 0.7455177244460397, nleaves: 4,
         Zdepth: 2, bbounddistance: 0.08492961903399432, branchscore: 0.8100333879704235, maxdepth: 2, focusdepth: 2
--node number: 9, dual bound: 0.43070475631926497, branchnode bound: 0.43070475631926497,
         primal out bound: 0.1098885208871314, primal bound: 0.1098885208871314, cutoff bound: 0.010912814229333313,  gap: 0.32081623543213356,
         rel_gap: 0.7448634609326783, nleaves: 5,
         Zdepth: 2, bbounddistance: 0.08229688892072523, branchscore: 0.8107991268881971, maxdepth: 3, focusdepth: 2
--node number: 11, dual bound: 0.4112734077422614, branchnode bound: 0.4112734077422614,
         primal out bound: 0.1098885208871314, primal bound: 0.1098885208871314, cutoff bound: 0.010912814229333313,  gap: 0.30138488685513,
         rel_gap: 0.7328090782956801, nleaves: 6,
         Zdepth: 2, bbounddistance: 0.05273049939559493, branchscore: 0.5604919567717375, maxdepth: 3, focusdepth: 2
--find a better primal bound 0.10988891359754571 by Alternative descent Eigen
--node number: 13, dual bound: 0.41049288420430274, branchnode bound: 0.41049288420430274,
         primal out bound: 0.10988891359754571, primal bound: 0.10988891359754571, cutoff bound: 0.010912814229333313,  gap: 0.30060397060675703,
         rel_gap: 0.7323000767466316, nleaves: 7,
         Zdepth: 2, bbounddistance: 0.05065550665577223, branchscore: 0.5705766920916614, maxdepth: 3, focusdepth: 2
--max node number reached: 15, terminated
--find a better primal bound 0.10988899615175948 by Alternative descent Eigen
--find a better primal bound 0.10988910451132752 by Alternative descent Eigen
--node number: 15, dual bound: 0.4100496203336443, branchnode bound: 0.4100496203336443,
         primal out bound: 0.10988910451132752, primal bound: 0.10988910451132752, cutoff bound: 0.010912814229333313,  gap: 0.30016051582231673,
         rel_gap: 0.7320102273917135, nleaves: 8,
         Zdepth: 2, bbounddistance: 0.06555256437314794, branchscore: 0.6639080491158813, maxdepth: 3, focusdepth: 3
iteration: 1797,  #states: 2903, valueb: 0.010912814229333313, activeness: 0.10988910451132752, primalobj: 0.9580324955028745, dualobj: 0.5588956893985635
solve--
end solve-- RelaxOptimal OPTIMAL
 weights_sum: 0.9999999999999993
itereffortlevel: 2
--separating...
--find a better primal bound 0.06885996412706788 by Alternative descent Eigen
--find a better primal bound 0.10679580163951435 by Alternative descent Eigen
--node number: 1, dual bound: 0.47351657526862534, branchnode bound: 0.47351657526862534,
         primal out bound: 0.10679580163951435, primal bound: 0.10679580163951435, cutoff bound: 0.01578138544370189,  gap: 0.366720773629111,
         rel_gap: 0.7744623795293137, nleaves: 1,
         Zdepth: 2, bbounddistance: 0.46963289348059656, branchscore: 0.9835733236601016, maxdepth: 0, focusdepth: 0
--node number: 3, dual bound: 0.46694975061931293, branchnode bound: 0.46694975061931293,
         primal out bound: 0.10679580163951435, primal bound: 0.10679580163951435, cutoff bound: 0.01578138544370189,  gap: 0.3601539489797986,
         rel_gap: 0.7712905906944555, nleaves: 2,
         Zdepth: 2, bbounddistance: 0.425502914246131, branchscore: 0.9686741870114063, maxdepth: 1, focusdepth: 1
--node number: 5, dual bound: 0.4663663610449922, branchnode bound: 0.4663663610449922,
         primal out bound: 0.10679580163951435, primal bound: 0.10679580163951435, cutoff bound: 0.01578138544370189,  gap: 0.35957055940547783,
         rel_gap: 0.7710044922618007, nleaves: 3,
         Zdepth: 2, bbounddistance: 0.37475007322791654, branchscore: 0.8872797434737082, maxdepth: 2, focusdepth: 1
--node number: 7, dual bound: 0.4506701683595072, branchnode bound: 0.4506701683595072,
         primal out bound: 0.10679580163951435, primal bound: 0.10679580163951435, cutoff bound: 0.01578138544370189,  gap: 0.34387436671999283,
         rel_gap: 0.7630289086400732, nleaves: 4,
         Zdepth: 2, bbounddistance: 0.17253740616904267, branchscore: 0.7587479844615331, maxdepth: 2, focusdepth: 2
--node number: 9, dual bound: 0.4490939244330165, branchnode bound: 0.4490939244330165,
         primal out bound: 0.10679580163951435, primal bound: 0.10679580163951435, cutoff bound: 0.01578138544370189,  gap: 0.34229812279350214,
         rel_gap: 0.7621971800791012, nleaves: 5,
         Zdepth: 2, bbounddistance: 0.08753889453750208, branchscore: 0.8251468757327919, maxdepth: 3, focusdepth: 2
--node number: 11, dual bound: 0.433039146161857, branchnode bound: 0.433039146161857,
         primal out bound: 0.10679580163951435, primal bound: 0.10679580163951435, cutoff bound: 0.01578138544370189,  gap: 0.32624334452234266,
         rel_gap: 0.7533807218444928, nleaves: 6,
         Zdepth: 2, bbounddistance: 0.06188018556332367, branchscore: 0.6221902475064727, maxdepth: 3, focusdepth: 3
--node number: 13, dual bound: 0.43255379266670146, branchnode bound: 0.43255379266670146,
         primal out bound: 0.10679580163951435, primal bound: 0.10679580163951435, cutoff bound: 0.01578138544370189,  gap: 0.3257579910271871,
         rel_gap: 0.7531039989705871, nleaves: 7,
         Zdepth: 2, bbounddistance: 0.05161148466593912, branchscore: 0.536409788672208, maxdepth: 4, focusdepth: 2
--max node number reached: 15, terminated
--node number: 15, dual bound: 0.4318220033413594, branchnode bound: 0.4318220033413594,
         primal out bound: 0.10679580163951435, primal bound: 0.10679580163951435, cutoff bound: 0.01578138544370189,  gap: 0.32502620170184504,
         rel_gap: 0.7526855954232344, nleaves: 8,
         Zdepth: 2, bbounddistance: 0.04939187699387365, branchscore: 0.49451647812763316, maxdepth: 4, focusdepth: 2
iteration: 1798,  #states: 2904, valueb: 0.01578138544370189, activeness: 0.10679580163951435, primalobj: 0.958016794101588, dualobj: 0.5588956893985635
solve--
end solve-- RelaxOptimal OPTIMAL
 weights_sum: 1.0000000000000002
itereffortlevel: 2
--separating...
--find a better primal bound 0.05021282070114434 by Alternative descent Eigen
--find a better primal bound 0.09559863224688112 by Alternative descent Eigen
--node number: 1, dual bound: 0.4618848848308496, branchnode bound: 0.4618848848308496,
         primal out bound: 0.09559863224688112, primal bound: 0.09559863224688112, cutoff bound: 0.01018520638265982,  gap: 0.3662862525839685,
         rel_gap: 0.7930249822271387, nleaves: 1,
         Zdepth: 2, bbounddistance: 0.49797396659113735, branchscore: 1.0647762408925627, maxdepth: 0, focusdepth: 0
--node number: 3, dual bound: 0.4522416087048208, branchnode bound: 0.4522416087048208,
         primal out bound: 0.09559863224688112, primal bound: 0.09559863224688112, cutoff bound: 0.01018520638265982,  gap: 0.35664297645793963,
         rel_gap: 0.7886115952031326, nleaves: 2,
         Zdepth: 2, bbounddistance: 0.10365096685258024, branchscore: 0.9021968059761578, maxdepth: 1, focusdepth: 1
--find a better primal bound 0.095600999295196 by Alternative descent Eigen
--node number: 5, dual bound: 0.44728732083127887, branchnode bound: 0.44728732083127887,
         primal out bound: 0.095600999295196, primal bound: 0.095600999295196, cutoff bound: 0.01018520638265982,  gap: 0.35168632153608287,
         rel_gap: 0.7862649021270656, nleaves: 3,
         Zdepth: 2, bbounddistance: 0.394254360379719, branchscore: 0.9314923950033807, maxdepth: 2, focusdepth: 1
--node number: 7, dual bound: 0.4343391329286703, branchnode bound: 0.4343391329286703,
         primal out bound: 0.095600999295196, primal bound: 0.095600999295196, cutoff bound: 0.01018520638265982,  gap: 0.3387381336334743,
         rel_gap: 0.7798931939413892, nleaves: 4,
         Zdepth: 2, bbounddistance: 0.08358096434364143, branchscore: 0.7612670720739102, maxdepth: 2, focusdepth: 2
--node number: 9, dual bound: 0.42488165009308204, branchnode bound: 0.42488165009308204,
         primal out bound: 0.095600999295196, primal bound: 0.095600999295196, cutoff bound: 0.01018520638265982,  gap: 0.32928065079788604,
         rel_gap: 0.7749938146910982, nleaves: 5,
         Zdepth: 2, bbounddistance: 0.18751169473730078, branchscore: 0.7877190298220086, maxdepth: 3, focusdepth: 2
--node number: 11, dual bound: 0.4152363139466645, branchnode bound: 0.4152363139466645,
         primal out bound: 0.095600999295196, primal bound: 0.095600999295196, cutoff bound: 0.01018520638265982,  gap: 0.3196353146514685,
         rel_gap: 0.7697672479881527, nleaves: 6,
         Zdepth: 2, bbounddistance: 0.04999247450938993, branchscore: 0.5248403198192666, maxdepth: 3, focusdepth: 2
--node number: 13, dual bound: 0.4147777722685148, branchnode bound: 0.4147777722685148,
         primal out bound: 0.095600999295196, primal bound: 0.095600999295196, cutoff bound: 0.01018520638265982,  gap: 0.3191767729733188,
         rel_gap: 0.7695127229881866, nleaves: 7,
         Zdepth: 2, bbounddistance: 0.0666180825013438, branchscore: 0.6197796328008716, maxdepth: 3, focusdepth: 3
--max node number reached: 15, terminated
--node number: 15, dual bound: 0.4112801755554103, branchnode bound: 0.4112801755554103,
         primal out bound: 0.095600999295196, primal bound: 0.095600999295196, cutoff bound: 0.01018520638265982,  gap: 0.3156791762602143,
         rel_gap: 0.7675526198993367, nleaves: 8,
         Zdepth: 2, bbounddistance: 0.05256291795782564, branchscore: 0.5427735295770368, maxdepth: 4, focusdepth: 2
iteration: 1799,  #states: 2905, valueb: 0.01018520638265982, activeness: 0.095600999295196, primalobj: 0.9580049109162397, dualobj: 0.5588956893985635
solve--
end solve-- RelaxOptimal OPTIMAL
 weights_sum: 1.0000000000000013
itereffortlevel: 2
--separating...
--find a better primal bound 0.06665183015075293 by Alternative descent Eigen
--find a better primal bound 0.08137529799678611 by Alternative descent Eigen
--node number: 1, dual bound: 0.48067956699391307, branchnode bound: 0.48067956699391307,
         primal out bound: 0.08137529799678611, primal bound: 0.08137529799678611, cutoff bound: 0.016283536212487293,  gap: 0.39930426899712695,
         rel_gap: 0.8307078070622116, nleaves: 1,
         Zdepth: 2, bbounddistance: 0.4986368066992592, branchscore: 1.166510025800849, maxdepth: 0, focusdepth: 0
--find a better primal bound 0.08193416681824223 by Alternative descent Eigen
--node number: 3, dual bound: 0.4607115858722296, branchnode bound: 0.4607115858722296,
         primal out bound: 0.08193416681824223, primal bound: 0.08193416681824223, cutoff bound: 0.016283536212487293,  gap: 0.3787774190539874,
         rel_gap: 0.8221573554241693, nleaves: 2,
         Zdepth: 2, bbounddistance: 0.3994864967058119, branchscore: 0.9861395069791078, maxdepth: 1, focusdepth: 1
--node number: 5, dual bound: 0.45994622419561687, branchnode bound: 0.45994622419561687,
         primal out bound: 0.08193416681824223, primal bound: 0.08193416681824223, cutoff bound: 0.016283536212487293,  gap: 0.37801205737737464,
         rel_gap: 0.821861420948647, nleaves: 3,
         Zdepth: 2, bbounddistance: 0.10239923396195627, branchscore: 0.986213091603475, maxdepth: 2, focusdepth: 1
--node number: 7, dual bound: 0.43740328130959294, branchnode bound: 0.43740328130959294,
         primal out bound: 0.08193416681824223, primal bound: 0.08193416681824223, cutoff bound: 0.016283536212487293,  gap: 0.3554691144913507,
         rel_gap: 0.8126804934500493, nleaves: 4,
         Zdepth: 2, bbounddistance: 0.08305220352935916, branchscore: 0.8195724121373817, maxdepth: 2, focusdepth: 2
--find a better primal bound 0.08193686900442693 by Alternative descent Eigen
--find a better primal bound 0.0875514065486652 by Alternative descent Eigen
--node number: 9, dual bound: 0.4358471205457075, branchnode bound: 0.4358471205457075,
         primal out bound: 0.0875514065486652, primal bound: 0.0875514065486652, cutoff bound: 0.016283536212487293,  gap: 0.3482957139970423,
         rel_gap: 0.7991235861807565, nleaves: 5,
         Zdepth: 2, bbounddistance: 0.08351002420695874, branchscore: 0.8214582260130129, maxdepth: 3, focusdepth: 2
--node number: 11, dual bound: 0.41858986534386533, branchnode bound: 0.41858986534386533,
         primal out bound: 0.0875514065486652, primal bound: 0.0875514065486652, cutoff bound: 0.016283536212487293,  gap: 0.3310384587952001,
         rel_gap: 0.7908420298787142, nleaves: 6,
         Zdepth: 2, bbounddistance: 0.04995871388800188, branchscore: 0.5988028511535292, maxdepth: 3, focusdepth: 2
--node number: 13, dual bound: 0.41708847561947393, branchnode bound: 0.41708847561947393,
         primal out bound: 0.0875514065486652, primal bound: 0.0875514065486652, cutoff bound: 0.016283536212487293,  gap: 0.3295370690708087,
         rel_gap: 0.7900891257697041, nleaves: 7,
         Zdepth: 2, bbounddistance: 0.050697491731410194, branchscore: 0.5831096946927786, maxdepth: 3, focusdepth: 2
--max node number reached: 15, terminated
--node number: 15, dual bound: 0.4140696603823482, branchnode bound: 0.4140696603823482,
         primal out bound: 0.0875514065486652, primal bound: 0.0875514065486652, cutoff bound: 0.016283536212487293,  gap: 0.32651825383368305,
         rel_gap: 0.788558750071616, nleaves: 8,
         Zdepth: 2, bbounddistance: 0.06647485359514199, branchscore: 0.667327472744397, maxdepth: 3, focusdepth: 3
iteration: 1800,  #states: 2906, valueb: 0.016283536212487293, activeness: 0.0875514065486652, primalobj: 0.9579837686339348, dualobj: 0.5601976444640739
solve--
end solve-- RelaxOptimal OPTIMAL
 weights_sum: 1.000000000000001
itereffortlevel: 2
--separating...
--find a better primal bound 0.05396672945678757 by Alternative descent Eigen
--find a better primal bound 0.09176674195438266 by Alternative descent Eigen
--node number: 1, dual bound: 0.4745276181787571, branchnode bound: 0.4745276181787571,
         primal out bound: 0.09176674195438266, primal bound: 0.09176674195438266, cutoff bound: 0.01590816820936305,  gap: 0.38276087622437444,
         rel_gap: 0.8066145395149295, nleaves: 1,
         Zdepth: 2, bbounddistance: 0.49062351066956666, branchscore: 1.11503590029229, maxdepth: 0, focusdepth: 0
--find a better primal bound 0.09360089508172062 by Alternative descent Eigen
--node number: 3, dual bound: 0.4621797416823654, branchnode bound: 0.4621797416823654,
         primal out bound: 0.09360089508172062, primal bound: 0.09360089508172062, cutoff bound: 0.01590816820936305,  gap: 0.36857884660064477,
         rel_gap: 0.7974794508711976, nleaves: 2,
         Zdepth: 2, bbounddistance: 0.09972918237860928, branchscore: 0.9472438039845844, maxdepth: 1, focusdepth: 1
--find a better primal bound 0.0941832489041465 by Alternative descent Eigen
--node number: 5, dual bound: 0.4618034217591834, branchnode bound: 0.4618034217591834,
         primal out bound: 0.0941832489041465, primal bound: 0.0941832489041465, cutoff bound: 0.01590816820936305,  gap: 0.3676201728550369,
         rel_gap: 0.7960533758165608, nleaves: 3,
         Zdepth: 2, bbounddistance: 0.40365140233486585, branchscore: 0.9898588215604558, maxdepth: 2, focusdepth: 1
--node number: 7, dual bound: 0.4425942205909596, branchnode bound: 0.4425942205909596,
         primal out bound: 0.0941832489041465, primal bound: 0.0941832489041465, cutoff bound: 0.01590816820936305,  gap: 0.3484109716868131,
         rel_gap: 0.7872018103209948, nleaves: 4,
         Zdepth: 2, bbounddistance: 0.08237701394403624, branchscore: 0.8178567410944211, maxdepth: 2, focusdepth: 2
--find a better primal bound 0.09424524998795875 by Alternative descent Eigen
--node number: 9, dual bound: 0.44120955956524927, branchnode bound: 0.44120955956524927,
         primal out bound: 0.09424524998795875, primal bound: 0.09424524998795875, cutoff bound: 0.01590816820936305,  gap: 0.3469643095772905,
         rel_gap: 0.7863934542106832, nleaves: 5,
         Zdepth: 2, bbounddistance: 0.19371108034648654, branchscore: 0.8414798809387293, maxdepth: 3, focusdepth: 2
--find a better primal bound 0.10243383461049337 by Alternative descent Eigen
--node number: 11, dual bound: 0.4240198296527975, branchnode bound: 0.4240198296527975,
         primal out bound: 0.10243383461049337, primal bound: 0.10243383461049337, cutoff bound: 0.01590816820936305,  gap: 0.3215859950423041,
         rel_gap: 0.7584220655567693, nleaves: 6,
         Zdepth: 2, bbounddistance: 0.05317898951300709, branchscore: 0.57775722805162, maxdepth: 3, focusdepth: 2
--node number: 13, dual bound: 0.4239211126312532, branchnode bound: 0.4239211126312532,
         primal out bound: 0.10243383461049337, primal bound: 0.10243383461049337, cutoff bound: 0.01590816820936305,  gap: 0.3214872780207598,
         rel_gap: 0.7583658101511089, nleaves: 7,
         Zdepth: 2, bbounddistance: 0.43923090442642876, branchscore: 0.5589510072579581, maxdepth: 3, focusdepth: 2
--max node number reached: 15, terminated
--node number: 15, dual bound: 0.42160736195174553, branchnode bound: 0.42160736195174553,
         primal out bound: 0.10243383461049337, primal bound: 0.10243383461049337, cutoff bound: 0.01590816820936305,  gap: 0.31917352734125215,
         rel_gap: 0.7570397392106799, nleaves: 8,
         Zdepth: 2, bbounddistance: 0.06618454576265576, branchscore: 0.6795599555365099, maxdepth: 3, focusdepth: 3
iteration: 1801,  #states: 2907, valueb: 0.01590816820936305, activeness: 0.10243383461049337, primalobj: 0.9579703457996634, dualobj: 0.5601976444640739
solve--
end solve-- RelaxOptimal OPTIMAL
 weights_sum: 1.0000000000000004
itereffortlevel: 2
--separating...
--find a better primal bound 0.08470194143093468 by Alternative descent Eigen
--node number: 1, dual bound: 0.4847763318740984, branchnode bound: 0.4847763318740984,
         primal out bound: 0.08470194143093468, primal bound: 0.08470194143093468, cutoff bound: 0.015991854186755087,  gap: 0.40007439044316373,
         rel_gap: 0.8252762441939251, nleaves: 1,
         Zdepth: 2, bbounddistance: 0.49511562493175126, branchscore: 1.1146260916441915, maxdepth: 0, focusdepth: 0
--find a better primal bound 0.09200184655026841 by Alternative descent Eigen
--node number: 3, dual bound: 0.46769234466709464, branchnode bound: 0.46769234466709464,
         primal out bound: 0.09200184655026841, primal bound: 0.09200184655026841, cutoff bound: 0.015991854186755087,  gap: 0.3756904981168262,
         rel_gap: 0.8032855410200145, nleaves: 2,
         Zdepth: 2, bbounddistance: 0.3980567141722474, branchscore: 0.9436618006411887, maxdepth: 1, focusdepth: 1
--find a better primal bound 0.0920583824121825 by Alternative descent Eigen
--node number: 5, dual bound: 0.46314548882982925, branchnode bound: 0.46314548882982925,
         primal out bound: 0.0920583824121825, primal bound: 0.0920583824121825, cutoff bound: 0.015991854186755087,  gap: 0.37108710641764675,
         rel_gap: 0.8012322593386914, nleaves: 3,
         Zdepth: 2, bbounddistance: 0.3926271686335472, branchscore: 0.9486359892174148, maxdepth: 2, focusdepth: 1
--node number: 7, dual bound: 0.4443618090806215, branchnode bound: 0.4443618090806215,
         primal out bound: 0.0920583824121825, primal bound: 0.0920583824121825, cutoff bound: 0.015991854186755087,  gap: 0.352303426668439,
         rel_gap: 0.792830120566279, nleaves: 4,
         Zdepth: 2, bbounddistance: 0.1938673305603335, branchscore: 0.7767459816407499, maxdepth: 2, focusdepth: 2
--node number: 9, dual bound: 0.437498185599371, branchnode bound: 0.437498185599371,
         primal out bound: 0.0920583824121825, primal bound: 0.0920583824121825, cutoff bound: 0.015991854186755087,  gap: 0.3454398031871885,
         rel_gap: 0.7895799675464645, nleaves: 5,
         Zdepth: 2, bbounddistance: 0.1866275728562235, branchscore: 0.8131066782516945, maxdepth: 3, focusdepth: 2
--node number: 11, dual bound: 0.42388511932597395, branchnode bound: 0.42388511932597395,
         primal out bound: 0.0920583824121825, primal bound: 0.0920583824121825, cutoff bound: 0.015991854186755087,  gap: 0.33182673691379144,
         rel_gap: 0.7828223303555314, nleaves: 6,
         Zdepth: 2, bbounddistance: 0.05297148548192587, branchscore: 0.5498843896842756, maxdepth: 3, focusdepth: 2
--node number: 13, dual bound: 0.42064379639388405, branchnode bound: 0.42064379639388405,
         primal out bound: 0.0920583824121825, primal bound: 0.0920583824121825, cutoff bound: 0.015991854186755087,  gap: 0.32858541398170155,
         rel_gap: 0.7811488408924958, nleaves: 7,
         Zdepth: 2, bbounddistance: 0.052272115618624104, branchscore: 0.5637803903519738, maxdepth: 3, focusdepth: 2
--max node number reached: 15, terminated
--node number: 15, dual bound: 0.4203332896372286, branchnode bound: 0.4203332896372286,
         primal out bound: 0.0920583824121825, primal bound: 0.0920583824121825, cutoff bound: 0.015991854186755087,  gap: 0.3282749072250461,
         rel_gap: 0.7809871721280175, nleaves: 8,
         Zdepth: 2, bbounddistance: 0.15592433110607523, branchscore: 0.6162473537116248, maxdepth: 3, focusdepth: 3
iteration: 1802,  #states: 2908, valueb: 0.015991854186755087, activeness: 0.0920583824121825, primalobj: 0.9579581234865189, dualobj: 0.5601976444640739
solve--
end solve-- RelaxOptimal OPTIMAL
 weights_sum: 0.9999999999999998
itereffortlevel: 2
--separating...
--find a better primal bound 0.042135414898214124 by Alternative descent Eigen
--find a better primal bound 0.08338304760560018 by Alternative descent Eigen
--node number: 1, dual bound: 0.48651717162528174, branchnode bound: 0.48651717162528174,
         primal out bound: 0.08338304760560018, primal bound: 0.08338304760560018, cutoff bound: 0.018955922220241367,  gap: 0.4031341240196816,
         rel_gap: 0.8286123235341377, nleaves: 1,
         Zdepth: 2, bbounddistance: 0.4964178857891444, branchscore: 1.1553420106810934, maxdepth: 0, focusdepth: 0
--find a better primal bound 0.1070915349575455 by Alternative descent Eigen
--node number: 3, dual bound: 0.46497023479341226, branchnode bound: 0.46497023479341226,
         primal out bound: 0.1070915349575455, primal bound: 0.1070915349575455, cutoff bound: 0.018955922220241367,  gap: 0.35787869983586673,
         rel_gap: 0.769680880744707, nleaves: 2,
         Zdepth: 2, bbounddistance: 0.10326846392891903, branchscore: 0.9856055201181979, maxdepth: 1, focusdepth: 1
--node number: 5, dual bound: 0.4641152935612878, branchnode bound: 0.4641152935612878,
         primal out bound: 0.1070915349575455, primal bound: 0.1070915349575455, cutoff bound: 0.018955922220241367,  gap: 0.35702375860374225,
         rel_gap: 0.7692566126494089, nleaves: 3,
         Zdepth: 2, bbounddistance: 0.4004630701712844, branchscore: 0.963683526966595, maxdepth: 2, focusdepth: 1
--node number: 7, dual bound: 0.4401275172945054, branchnode bound: 0.4401275172945054,
         primal out bound: 0.1070915349575455, primal bound: 0.1070915349575455, cutoff bound: 0.018955922220241367,  gap: 0.33303598233695986,
         rel_gap: 0.7566806646949851, nleaves: 4,
         Zdepth: 2, bbounddistance: 0.3084357808281232, branchscore: 0.8263953063742551, maxdepth: 2, focusdepth: 2
--node number: 9, dual bound: 0.4389781885389781, branchnode bound: 0.4389781885389781,
         primal out bound: 0.1070915349575455, primal bound: 0.1070915349575455, cutoff bound: 0.018955922220241367,  gap: 0.33188665358143254,
         rel_gap: 0.7560436081939033, nleaves: 5,
         Zdepth: 2, bbounddistance: 0.08367996992559706, branchscore: 0.7903740303528346, maxdepth: 3, focusdepth: 2
--node number: 11, dual bound: 0.4203642591401748, branchnode bound: 0.4203642591401748,
         primal out bound: 0.1070915349575455, primal bound: 0.1070915349575455, cutoff bound: 0.018955922220241367,  gap: 0.3132727241826293,
         rel_gap: 0.7452411030933181, nleaves: 6,
         Zdepth: 2, bbounddistance: 0.05054250363168411, branchscore: 0.6074979859889253, maxdepth: 3, focusdepth: 2
--node number: 13, dual bound: 0.4187239916270595, branchnode bound: 0.4187239916270595,
         primal out bound: 0.1070915349575455, primal bound: 0.1070915349575455, cutoff bound: 0.018955922220241367,  gap: 0.311632456669514,
         rel_gap: 0.7442431360538625, nleaves: 7,
         Zdepth: 2, bbounddistance: 0.05155580456396397, branchscore: 0.593500568273393, maxdepth: 3, focusdepth: 2
--max node number reached: 15, terminated
--node number: 15, dual bound: 0.41582650807534505, branchnode bound: 0.41582650807534505,
         primal out bound: 0.1070915349575455, primal bound: 0.1070915349575455, cutoff bound: 0.018955922220241367,  gap: 0.3087349731177995,
         rel_gap: 0.742461019492915, nleaves: 8,
         Zdepth: 2, bbounddistance: 0.15252580509189745, branchscore: 0.6781838434652848, maxdepth: 3, focusdepth: 3
iteration: 1803,  #states: 2909, valueb: 0.018955922220241367, activeness: 0.1070915349575455, primalobj: 0.9579473858447273, dualobj: 0.5610767999896236
solve--
end solve-- RelaxOptimal OPTIMAL
 weights_sum: 0.9999999999999999
Results saved to /scratch/opt/lxu/TensorOpt4Entanglement_Debug/ab/20260917-180904/state_13_CP/current/state_13.jl_CP
Processing complete!
