Starting ExactEntanglement.jl main script...
Loading benchmark data from: state_11.jl
Loaded data:
  T = Float64
  N = 5
  dims = (2, 2, 2, 2, 2)
  ρ size = (32, 32)
Parameters:
  algorithm = LDR5
  solver = MSK
  time_limit = -1.0
  log_level = 1
  maxrounds = 100
Lifting-discretization iteration: 1 / -3
Initial  F(x): 1.92300344201 | 
# 1      F(x): 1.90605287889 |  |Df(x)|: 0.17377203862 |  Stepsize: 0.60461504598 | 
# 2      F(x): 1.88821902516 |  |Df(x)|: 0.18298992098 |  Stepsize: 0.57546657554 | 
# 3      F(x): 1.86941023286 |  |Df(x)|: 0.19315023340 |  Stepsize: 0.54647818555 | 
# 4      F(x): 1.84952408222 |  |Df(x)|: 0.20433371836 |  Stepsize: 0.51773170670 | 
# 5      F(x): 1.82845045065 |  |Df(x)|: 0.21656355352 |  Stepsize: 0.48939548888 | 
# 6      F(x): 1.80607903075 |  |Df(x)|: 0.22974895932 |  Stepsize: 0.46175821538 | 
# 7      F(x): 1.78231352341 |  |Df(x)|: 0.24361215504 |  Stepsize: 0.43525768423 | 
# 8      F(x): 1.75709397201 |  |Df(x)|: 0.25762101223 |  Stepsize: 0.41048854873 | 
# 9      F(x): 1.73042556892 |  |Df(x)|: 0.27097742914 |  Stepsize: 0.38816709519 | 
# 10     F(x): 1.70240608531 |  |Df(x)|: 0.28272610320 |  Stepsize: 0.36903442583 | 
# 11     F(x): 1.67323717004 |  |Df(x)|: 0.29201039641 |  Stepsize: 0.35369921223 | 
# 12     F(x): 1.64320378285 |  |Df(x)|: 0.29840248116 |  Stepsize: 0.34245356058 | 
# 13     F(x): 1.61261691397 |  |Df(x)|: 0.30215333579 |  Stepsize: 0.33511785689 | 
# 14     F(x): 1.58173268697 |  |Df(x)|: 0.30424886144 |  Stepsize: 0.33095778908 | 
# 15     F(x): 1.55067091899 |  |Df(x)|: 0.30629425074 |  Stepsize: 0.32867830468 | 
# 16     F(x): 1.51935014628 |  |Df(x)|: 0.31033603107 |  Stepsize: 0.32648343786 | 
# 17     F(x): 1.48744311726 |  |Df(x)|: 0.31868424365 |  Stepsize: 0.32223135558 | 
# 18     F(x): 1.45435476723 |  |Df(x)|: 0.33359183392 |  Stepsize: 0.31379022330 | 
# 19     F(x): 1.41925682791 |  |Df(x)|: 0.35621838338 |  Stepsize: 0.29976752969 | 
# 20     F(x): 1.38130420465 |  |Df(x)|: 0.38394786394 |  Stepsize: 0.28072666836 | 
# 21     F(x): 1.34023586753 |  |Df(x)|: 0.40714538940 |  Stepsize: 0.26045202844 | 
# 22     F(x): 1.29717942983 |  |Df(x)|: 0.41380441216 |  Stepsize: 0.24561250743 | 
# 23     F(x): 1.25429177700 |  |Df(x)|: 0.40664296494 |  Stepsize: 0.24166006224 | 
# 24     F(x): 1.21128456625 |  |Df(x)|: 0.39974768000 |  Stepsize: 0.01594928118 | 
# 25     F(x): 1.16713406816 |  |Df(x)|: 0.40953625295 |  Stepsize: 0.03602814144 | 
# 26     F(x): 1.12186229097 |  |Df(x)|: 0.44692861325 |  Stepsize: 0.03279573865 | 
# 27     F(x): 1.07639025533 |  |Df(x)|: 0.51451524712 |  Stepsize: 0.02054997654 | 
# 28     F(x): 1.03204250476 |  |Df(x)|: 0.60792550035 |  Stepsize: 0.00935530220 | 
# 29     F(x): 0.99060014358 |  |Df(x)|: 0.72020481593 |  Stepsize: 0.00390345166 | 
# 30     F(x): 0.95414024257 |  |Df(x)|: 0.84222933094 |  Stepsize: 0.00422272114 | 
# 31     F(x): 0.92489076578 |  |Df(x)|: 0.96261297845 |  Stepsize: 0.01099050012 | 
# 32     F(x): 0.90496814506 |  |Df(x)|: 1.06884886323 |  Stepsize: 0.02578044310 | 
# 33     F(x): 0.89552101852 |  |Df(x)|: 1.15181414846 |  Stepsize: 0.04610330959 | 
# 34     F(x): 0.89413954480 |  |Df(x)|: 1.18676135278 |  Stepsize: 0.02955791792 | 
# 35     F(x): 0.89390584059 |  |Df(x)|: 1.20369574461 |  Stepsize: 0.01176493537 | 
# 36     F(x): 0.89384739509 |  |Df(x)|: 1.21971399321 |  Stepsize: 0.00741689452 | 
# 37     F(x): 0.89383757281 |  |Df(x)|: 1.22351821215 |  Stepsize: 0.00128455250 | 
# 38     F(x): 0.89378761828 |  |Df(x)|: 1.23081749066 |  Stepsize: 0.00186738349 | 
# 39     F(x): 0.89375864780 |  |Df(x)|: 1.23761755796 |  Stepsize: 0.00140069119 | 
# 40     F(x): 0.89375102314 |  |Df(x)|: 1.24236789581 |  Stepsize: 0.00097409985 | 
# 41     F(x): 0.89374980286 |  |Df(x)|: 1.24626478014 |  Stepsize: 0.00084061262 | 
# 42     F(x): 0.89374957657 |  |Df(x)|: 1.24904722606 |  Stepsize: 0.00063282670 | 
At iteration 42 the algorithm performed a step with an absolute cost change (2.2628322793316613e-7) less than 1.0000000000000002e-6.after: rho = 10.0, f = -0.2778291468795539, pen = 0.06934048086832392, alm = 0.41557566180368527, z = 0.2778291468795539
cur_pen: 0.263325807448347 < 1.0000000000000002e-6, norm_vgl: 0.0<1.0000000000000002e-6
Elapsed time: 279.6675109863281 seconds, Time limit: 10800.0 seconds
Initial  F(x): 2.14908768351 | 
# 1      F(x): 1.95070894437 |  |Df(x)|: 2.31703973968 |  Stepsize: 0.02489859185 | 
# 2      F(x): 1.81839930133 |  |Df(x)|: 2.43482322527 |  Stepsize: 1.00000000000 | 
# 3      F(x): 1.70252217274 |  |Df(x)|: 2.45712143699 |  Stepsize: 0.13256174641 | 
# 4      F(x): 1.60793408183 |  |Df(x)|: 2.45899580522 |  Stepsize: 0.06532813271 | 
# 5      F(x): 1.52367369027 |  |Df(x)|: 2.46496357518 |  Stepsize: 0.03002572734 | 
# 6      F(x): 1.44344499889 |  |Df(x)|: 2.45636128429 |  Stepsize: 0.01763203407 | 
# 7      F(x): 1.36441917651 |  |Df(x)|: 2.41951913652 |  Stepsize: 0.02048809280 | 
# 8      F(x): 1.28232237206 |  |Df(x)|: 2.30030598491 |  Stepsize: 0.03498707572 | 
# 9      F(x): 1.19698752698 |  |Df(x)|: 2.10540666692 |  Stepsize: 0.06311014141 | 
# 10     F(x): 1.11722729643 |  |Df(x)|: 1.76424835184 |  Stepsize: 0.10316664130 | 
# 11     F(x): 1.05199025883 |  |Df(x)|: 1.39951654919 |  Stepsize: 0.17556511113 | 
# 12     F(x): 1.00254944577 |  |Df(x)|: 1.01742047974 |  Stepsize: 0.25381292742 | 
# 13     F(x): 0.97112874946 |  |Df(x)|: 0.69630795159 |  Stepsize: 0.35917505568 | 
# 14     F(x): 0.95096338051 |  |Df(x)|: 0.48809226764 |  Stepsize: 0.47141247408 | 
# 15     F(x): 0.93662110802 |  |Df(x)|: 0.36721413227 |  Stepsize: 0.41782579650 | 
# 16     F(x): 0.92598943137 |  |Df(x)|: 0.31739451125 |  Stepsize: 0.35892335803 | 
# 17     F(x): 0.91641908583 |  |Df(x)|: 0.28753094027 |  Stepsize: 0.26733175660 | 
# 18     F(x): 0.90795561160 |  |Df(x)|: 0.27458914825 |  Stepsize: 0.22266046569 | 
# 19     F(x): 0.90046532126 |  |Df(x)|: 0.27178530990 |  Stepsize: 0.16448760812 | 
# 20     F(x): 0.89422306050 |  |Df(x)|: 0.26843968031 |  Stepsize: 0.13306035454 | 
# 21     F(x): 0.88901423245 |  |Df(x)|: 0.26656366838 |  Stepsize: 0.10363362173 | 
# 22     F(x): 0.88511121826 |  |Df(x)|: 0.26556977422 |  Stepsize: 0.09512908601 | 
# 23     F(x): 0.88245769399 |  |Df(x)|: 0.26667848616 |  Stepsize: 0.06691596668 | 
# 24     F(x): 0.88077553853 |  |Df(x)|: 0.26490795407 |  Stepsize: 0.04811891234 | 
# 25     F(x): 0.87871182045 |  |Df(x)|: 0.26688217668 |  Stepsize: 0.04532740150 | 
# 26     F(x): 0.87833009884 |  |Df(x)|: 0.26137993221 |  Stepsize: 0.03721849855 | 
# 27     F(x): 0.87708697859 |  |Df(x)|: 0.26267680484 |  Stepsize: 0.03509369147 | 
# 28     F(x): 0.87650239652 |  |Df(x)|: 0.25766417528 |  Stepsize: 0.02839889968 | 
# 29     F(x): 0.87649861554 |  |Df(x)|: 0.25669091906 |  Stepsize: 0.00588068778 | 
# 30     F(x): 0.87563481131 |  |Df(x)|: 0.25435547195 |  Stepsize: 0.02201728045 | 
# 31     F(x): 0.87545253846 |  |Df(x)|: 0.24956518901 |  Stepsize: 0.01781135781 | 
# 32     F(x): 0.87486612139 |  |Df(x)|: 0.24622366596 |  Stepsize: 0.01637781457 | 
# 33     F(x): 0.87451100099 |  |Df(x)|: 0.24254389329 |  Stepsize: 0.01500331440 | 
# 34     F(x): 0.87419854932 |  |Df(x)|: 0.23777878866 |  Stepsize: 0.01502411747 | 
# 35     F(x): 0.87389819214 |  |Df(x)|: 0.23424905218 |  Stepsize: 0.01484698878 | 
# 36     F(x): 0.87355486968 |  |Df(x)|: 0.22883822008 |  Stepsize: 0.01418073129 | 
# 37     F(x): 0.87336295315 |  |Df(x)|: 0.22480429155 |  Stepsize: 0.01349514060 | 
# 38     F(x): 0.87316964014 |  |Df(x)|: 0.21963721938 |  Stepsize: 0.01486109293 | 
# 39     F(x): 0.87316703116 |  |Df(x)|: 0.21843462277 |  Stepsize: 0.00618201261 | 
# 40     F(x): 0.87269239967 |  |Df(x)|: 0.21240175533 |  Stepsize: 0.01051612976 | 
# 41     F(x): 0.87264999487 |  |Df(x)|: 0.20938522785 |  Stepsize: 0.01231642916 | 
# 42     F(x): 0.87231558036 |  |Df(x)|: 0.20514253337 |  Stepsize: 0.01243468842 | 
# 43     F(x): 0.87216066698 |  |Df(x)|: 0.20117305032 |  Stepsize: 0.01193170545 | 
# 44     F(x): 0.87201358655 |  |Df(x)|: 0.19929234003 |  Stepsize: 0.01392331176 | 
# 45     F(x): 0.87173117416 |  |Df(x)|: 0.19327464280 |  Stepsize: 0.01407010441 | 
# 46     F(x): 0.87147848649 |  |Df(x)|: 0.19176324221 |  Stepsize: 0.01967723664 | 
# 47     F(x): 0.87104615537 |  |Df(x)|: 0.18236499141 |  Stepsize: 0.01792586216 | 
# 48     F(x): 0.87074015899 |  |Df(x)|: 0.18349803980 |  Stepsize: 0.02572126300 | 
# 49     F(x): 0.87037567202 |  |Df(x)|: 0.17432943078 |  Stepsize: 0.01966214817 | 
# 50     F(x): 0.87022360112 |  |Df(x)|: 0.18061264361 |  Stepsize: 0.02820753355 | 
# 51     F(x): 0.87001558947 |  |Df(x)|: 0.17461758477 |  Stepsize: 0.02163130140 | 
# 52     F(x): 0.86981001975 |  |Df(x)|: 0.17528023990 |  Stepsize: 0.02410493160 | 
# 53     F(x): 0.86952180584 |  |Df(x)|: 0.16794967456 |  Stepsize: 0.02300532709 | 
# 54     F(x): 0.86944002925 |  |Df(x)|: 0.16832027421 |  Stepsize: 0.01804432987 | 
# 55     F(x): 0.86915338501 |  |Df(x)|: 0.16280214805 |  Stepsize: 0.01225686887 | 
# 56     F(x): 0.86899246858 |  |Df(x)|: 0.16074800195 |  Stepsize: 0.01267986125 | 
# 57     F(x): 0.86883542720 |  |Df(x)|: 0.16003134162 |  Stepsize: 0.00869778770 | 
# 58     F(x): 0.86864888646 |  |Df(x)|: 0.15791621083 |  Stepsize: 0.00589694815 | 
# 59     F(x): 0.86839437514 |  |Df(x)|: 0.15704405297 |  Stepsize: 0.00674403917 | 
# 60     F(x): 0.86816039163 |  |Df(x)|: 0.15651485563 |  Stepsize: 0.00361902178 | 
# 61     F(x): 0.86786301004 |  |Df(x)|: 0.15573130954 |  Stepsize: 0.00369238237 | 
# 62     F(x): 0.86755198902 |  |Df(x)|: 0.15583857174 |  Stepsize: 0.00141172897 | 
# 63     F(x): 0.86718895051 |  |Df(x)|: 0.15584879988 |  Stepsize: 0.00159502318 | 
# 64     F(x): 0.86679848227 |  |Df(x)|: 0.15629450964 |  Stepsize: 0.00051346023 | 
# 65     F(x): 0.86637980541 |  |Df(x)|: 0.15696769063 |  Stepsize: 0.00052991049 | 
# 66     F(x): 0.86593639233 |  |Df(x)|: 0.15790427495 |  Stepsize: 0.00054473087 | 
# 67     F(x): 0.86547004230 |  |Df(x)|: 0.15911223507 |  Stepsize: 0.00062093306 | 
# 68     F(x): 0.86498227715 |  |Df(x)|: 0.16058946695 |  Stepsize: 0.00074451970 | 
# 69     F(x): 0.86447418708 |  |Df(x)|: 0.16234737801 |  Stepsize: 0.00089997945 | 
# 70     F(x): 0.86394681776 |  |Df(x)|: 0.16435832655 |  Stepsize: 0.00105160673 | 
# 71     F(x): 0.86340120568 |  |Df(x)|: 0.16665553956 |  Stepsize: 0.00122682268 | 
# 72     F(x): 0.86283825802 |  |Df(x)|: 0.16919176924 |  Stepsize: 0.00136576822 | 
# 73     F(x): 0.86225865971 |  |Df(x)|: 0.17200431685 |  Stepsize: 0.00149589038 | 
# 74     F(x): 0.86166135487 |  |Df(x)|: 0.17503018363 |  Stepsize: 0.00161341825 | 
# 75     F(x): 0.86104782460 |  |Df(x)|: 0.17834959740 |  Stepsize: 0.00171955067 | 
# 76     F(x): 0.86041435557 |  |Df(x)|: 0.18180382909 |  Stepsize: 0.00177715879 | 
# 77     F(x): 0.85976475927 |  |Df(x)|: 0.18563907099 |  Stepsize: 0.00188024967 | 
# 78     F(x): 0.85908945402 |  |Df(x)|: 0.18941488406 |  Stepsize: 0.00185701939 | 
# 79     F(x): 0.85840173358 |  |Df(x)|: 0.19388816952 |  Stepsize: 0.00201562489 | 
# 80     F(x): 0.85767380488 |  |Df(x)|: 0.19764098205 |  Stepsize: 0.00182745502 | 
# 81     F(x): 0.85695267200 |  |Df(x)|: 0.20339771520 |  Stepsize: 0.00229690214 | 
# 82     F(x): 0.85616832022 |  |Df(x)|: 0.20695516610 |  Stepsize: 0.00145369757 | 
# 83     F(x): 0.85540455451 |  |Df(x)|: 0.21378482578 |  Stepsize: 0.00279499099 | 
# 84     F(x): 0.85458148731 |  |Df(x)|: 0.21821937754 |  Stepsize: 0.00138858898 | 
# 85     F(x): 0.85372998390 |  |Df(x)|: 0.22388639887 |  Stepsize: 0.00326896330 | 
# 86     F(x): 0.85285167407 |  |Df(x)|: 0.22852617879 |  Stepsize: 0.00240116728 | 
# 87     F(x): 0.85188128050 |  |Df(x)|: 0.23380612310 |  Stepsize: 0.00366018352 | 
# 88     F(x): 0.85093923789 |  |Df(x)|: 0.23873931833 |  Stepsize: 0.00276094110 | 
# 89     F(x): 0.84988804584 |  |Df(x)|: 0.24286039796 |  Stepsize: 0.00494132308 | 
# 90     F(x): 0.84883472206 |  |Df(x)|: 0.24792727212 |  Stepsize: 0.00451755413 | 
# 91     F(x): 0.84765636491 |  |Df(x)|: 0.25144602706 |  Stepsize: 0.00457574329 | 
# 92     F(x): 0.84645532217 |  |Df(x)|: 0.25459439403 |  Stepsize: 0.00534517978 | 
# 93     F(x): 0.84516092591 |  |Df(x)|: 0.25989589779 |  Stepsize: 0.00651641806 | 
# 94     F(x): 0.84377348049 |  |Df(x)|: 0.26231934866 |  Stepsize: 0.00348305798 | 
# 95     F(x): 0.84219822810 |  |Df(x)|: 0.26446772036 |  Stepsize: 0.00578321805 | 
# 96     F(x): 0.84060584557 |  |Df(x)|: 0.26670381054 |  Stepsize: 0.00100968568 | 
# 97     F(x): 0.83897060591 |  |Df(x)|: 0.26942943999 |  Stepsize: 0.00206333062 | 
# 98     F(x): 0.83726885432 |  |Df(x)|: 0.27179070271 |  Stepsize: 0.00181773393 | 
# 99     F(x): 0.83551435383 |  |Df(x)|: 0.27435752897 |  Stepsize: 0.00119862254 | 
# 100    F(x): 0.83370850559 |  |Df(x)|: 0.27687765908 |  Stepsize: 0.00079516431 | 
# 101    F(x): 0.83185746766 |  |Df(x)|: 0.27940732337 |  Stepsize: 0.00085979960 | 
# 102    F(x): 0.82996703584 |  |Df(x)|: 0.28197989541 |  Stepsize: 0.00110321242 | 
# 103    F(x): 0.82804113488 |  |Df(x)|: 0.28446887110 |  Stepsize: 0.00146035909 | 
# 104    F(x): 0.82608868828 |  |Df(x)|: 0.28710972098 |  Stepsize: 0.00195579496 | 
# 105    F(x): 0.82410163726 |  |Df(x)|: 0.28925071216 |  Stepsize: 0.00239850078 | 
# 106    F(x): 0.82211444608 |  |Df(x)|: 0.29272722794 |  Stepsize: 0.00319285463 | 
# 107    F(x): 0.82003442544 |  |Df(x)|: 0.29226730726 |  Stepsize: 0.00274904996 | 
# 108    F(x): 0.81804029997 |  |Df(x)|: 0.29887075257 |  Stepsize: 0.00470276288 | 
# 109    F(x): 0.81596196450 |  |Df(x)|: 0.30122881116 |  Stepsize: 0.00254581884 | 
# 110    F(x): 0.81365987220 |  |Df(x)|: 0.30173204295 |  Stepsize: 0.00638736211 | 
# 111    F(x): 0.81138070686 |  |Df(x)|: 0.30466410786 |  Stepsize: 0.00414066641 | 
# 112    F(x): 0.80898871071 |  |Df(x)|: 0.30535264643 |  Stepsize: 0.00477979244 | 
# 113    F(x): 0.80646986655 |  |Df(x)|: 0.30607305696 |  Stepsize: 0.00502145294 | 
# 114    F(x): 0.80395132581 |  |Df(x)|: 0.30707286687 |  Stepsize: 0.00183025786 | 
# 115    F(x): 0.80130580344 |  |Df(x)|: 0.30726776328 |  Stepsize: 0.00464405735 | 
# 116    F(x): 0.79868342222 |  |Df(x)|: 0.30958016712 |  Stepsize: 0.00333729821 | 
# 117    F(x): 0.79581757232 |  |Df(x)|: 0.30775687879 |  Stepsize: 0.00540820819 | 
# 118    F(x): 0.79300953545 |  |Df(x)|: 0.30825068854 |  Stepsize: 0.00453553264 | 
# 119    F(x): 0.78966545557 |  |Df(x)|: 0.30488686960 |  Stepsize: 0.00816452626 | 
# 120    F(x): 0.78654020594 |  |Df(x)|: 0.30314994864 |  Stepsize: 0.00850150696 | 
# 121    F(x): 0.78286391431 |  |Df(x)|: 0.30504273630 |  Stepsize: 0.01235130094 | 
# 122    F(x): 0.77906992399 |  |Df(x)|: 0.29788717296 |  Stepsize: 0.00792014921 | 
# 123    F(x): 0.77477278522 |  |Df(x)|: 0.30292349405 |  Stepsize: 0.01884499632 | 
# 124    F(x): 0.77064892968 |  |Df(x)|: 0.30311395617 |  Stepsize: 0.00413356526 | 
# 125    F(x): 0.76629382132 |  |Df(x)|: 0.29859368820 |  Stepsize: 0.01507802473 | 
# 126    F(x): 0.76049430843 |  |Df(x)|: 0.28851472294 |  Stepsize: 0.02534722531 | 
# 127    F(x): 0.75501841070 |  |Df(x)|: 0.27620290663 |  Stepsize: 0.02070408309 | 
# 128    F(x): 0.74913947392 |  |Df(x)|: 0.26183133474 |  Stepsize: 0.03948447978 | 
# 129    F(x): 0.74275506594 |  |Df(x)|: 0.25250081762 |  Stepsize: 0.04724072057 | 
# 130    F(x): 0.73633963822 |  |Df(x)|: 0.21905822856 |  Stepsize: 0.03463352080 | 
# 131    F(x): 0.73038863011 |  |Df(x)|: 0.21157799400 |  Stepsize: 0.06016862355 | 
# 132    F(x): 0.72394594227 |  |Df(x)|: 0.18464274476 |  Stepsize: 0.04798299019 | 
# 133    F(x): 0.71817906602 |  |Df(x)|: 0.17146723092 |  Stepsize: 0.05739364287 | 
# 134    F(x): 0.71252337687 |  |Df(x)|: 0.15903342639 |  Stepsize: 0.05207803241 | 
# 135    F(x): 0.70733774364 |  |Df(x)|: 0.15018975608 |  Stepsize: 0.03264197903 | 
# 136    F(x): 0.70246554232 |  |Df(x)|: 0.14286865393 |  Stepsize: 0.02504573620 | 
# 137    F(x): 0.69757378723 |  |Df(x)|: 0.13504594244 |  Stepsize: 0.02865181290 | 
# 138    F(x): 0.69281364442 |  |Df(x)|: 0.12819993522 |  Stepsize: 0.02259170733 | 
# 139    F(x): 0.68827818798 |  |Df(x)|: 0.12350219299 |  Stepsize: 0.02498778025 | 
# 140    F(x): 0.68384563773 |  |Df(x)|: 0.11897465959 |  Stepsize: 0.01511196528 | 
# 141    F(x): 0.67911503314 |  |Df(x)|: 0.11076689455 |  Stepsize: 0.02594723002 | 
# 142    F(x): 0.67483911973 |  |Df(x)|: 0.10605917425 |  Stepsize: 0.02084787079 | 
# 143    F(x): 0.67041190203 |  |Df(x)|: 0.10075492515 |  Stepsize: 0.03538183322 | 
# 144    F(x): 0.66621168126 |  |Df(x)|: 0.09625743590 |  Stepsize: 0.02436108797 | 
# 145    F(x): 0.66201162596 |  |Df(x)|: 0.09151371919 |  Stepsize: 0.03221514562 | 
# 146    F(x): 0.65787312263 |  |Df(x)|: 0.08691020019 |  Stepsize: 0.04039500714 | 
# 147    F(x): 0.65377311979 |  |Df(x)|: 0.08257530495 |  Stepsize: 0.03601840014 | 
# 148    F(x): 0.64985591935 |  |Df(x)|: 0.07739718273 |  Stepsize: 0.05005293335 | 
# 149    F(x): 0.64587718382 |  |Df(x)|: 0.07706111353 |  Stepsize: 0.05684330186 | 
# 150    F(x): 0.64216446844 |  |Df(x)|: 0.06885483912 |  Stepsize: 0.07612934710 | 
# 151    F(x): 0.63863474752 |  |Df(x)|: 0.06782269879 |  Stepsize: 0.07144666086 | 
# 152    F(x): 0.63531419012 |  |Df(x)|: 0.06868950647 |  Stepsize: 0.09697405789 | 
# 153    F(x): 0.63219242739 |  |Df(x)|: 0.05836166964 |  Stepsize: 0.12610396289 | 
# 154    F(x): 0.62950192640 |  |Df(x)|: 0.05350467620 |  Stepsize: 0.14148856669 | 
# 155    F(x): 0.62684864042 |  |Df(x)|: 0.06339214504 |  Stepsize: 0.21595916603 | 
# 156    F(x): 0.62452034050 |  |Df(x)|: 0.06045721937 |  Stepsize: 0.12206122509 | 
# 157    F(x): 0.62208301399 |  |Df(x)|: 0.05908083141 |  Stepsize: 0.17219574362 | 
# 158    F(x): 0.61988287829 |  |Df(x)|: 0.06183098480 |  Stepsize: 0.10352337615 | 
# 159    F(x): 0.61793760523 |  |Df(x)|: 0.05287483021 |  Stepsize: 0.17334347098 | 
# 160    F(x): 0.61605852713 |  |Df(x)|: 0.05954651232 |  Stepsize: 0.31153674616 | 
# 161    F(x): 0.61491060089 |  |Df(x)|: 0.06253372394 |  Stepsize: 0.14073517890 | 
# 162    F(x): 0.61333878021 |  |Df(x)|: 0.04690502047 |  Stepsize: 0.31411655186 | 
# 163    F(x): 0.61194483922 |  |Df(x)|: 0.03977430297 |  Stepsize: 0.31737639954 | 
# 164    F(x): 0.61055169078 |  |Df(x)|: 0.04679018585 |  Stepsize: 0.23900886389 | 
# 165    F(x): 0.60953370261 |  |Df(x)|: 0.04657159349 |  Stepsize: 0.14412981684 | 
# 166    F(x): 0.60839307316 |  |Df(x)|: 0.04326517738 |  Stepsize: 0.16449132363 | 
# 167    F(x): 0.60728811905 |  |Df(x)|: 0.03830311747 |  Stepsize: 0.10764387832 | 
# 168    F(x): 0.60623929081 |  |Df(x)|: 0.03278923917 |  Stepsize: 0.17063295313 | 
# 169    F(x): 0.60516284499 |  |Df(x)|: 0.03878603307 |  Stepsize: 0.16773573214 | 
# 170    F(x): 0.60419989616 |  |Df(x)|: 0.03083585920 |  Stepsize: 0.26284590887 | 
# 171    F(x): 0.60330460196 |  |Df(x)|: 0.04049937471 |  Stepsize: 0.27701161113 | 
# 172    F(x): 0.60229988497 |  |Df(x)|: 0.03568968596 |  Stepsize: 0.34111330658 | 
# 173    F(x): 0.60142670306 |  |Df(x)|: 0.03373156098 |  Stepsize: 0.44466195885 | 
# 174    F(x): 0.60060858499 |  |Df(x)|: 0.05650696586 |  Stepsize: 0.41332960637 | 
# 175    F(x): 0.59960510731 |  |Df(x)|: 0.04347304011 |  Stepsize: 0.59098810247 | 
# 176    F(x): 0.59851858545 |  |Df(x)|: 0.04280086322 |  Stepsize: 0.50066935313 | 
# 177    F(x): 0.59747946936 |  |Df(x)|: 0.04392448712 |  Stepsize: 0.28382657482 | 
# 178    F(x): 0.59635989081 |  |Df(x)|: 0.03769920251 |  Stepsize: 0.52664747617 | 
# 179    F(x): 0.59519625625 |  |Df(x)|: 0.03852788931 |  Stepsize: 0.52435566119 | 
# 180    F(x): 0.59418805864 |  |Df(x)|: 0.04930757335 |  Stepsize: 0.34385923266 | 
# 181    F(x): 0.59321262605 |  |Df(x)|: 0.04568460951 |  Stepsize: 0.36772251780 | 
# 182    F(x): 0.59225471016 |  |Df(x)|: 0.05648144323 |  Stepsize: 0.40670119036 | 
# 183    F(x): 0.59131583100 |  |Df(x)|: 0.04521426883 |  Stepsize: 0.35438029052 | 
# 184    F(x): 0.59008734881 |  |Df(x)|: 0.03862738793 |  Stepsize: 0.55332231624 | 
# 185    F(x): 0.58935853251 |  |Df(x)|: 0.03050793361 |  Stepsize: 0.32795615674 | 
# 186    F(x): 0.58864186413 |  |Df(x)|: 0.04613619461 |  Stepsize: 0.52839773064 | 
# 187    F(x): 0.58778017255 |  |Df(x)|: 0.04349469475 |  Stepsize: 1.00000000000 | 
# 188    F(x): 0.58714207191 |  |Df(x)|: 0.02465374361 |  Stepsize: 1.00000000000 | 
# 189    F(x): 0.58665860291 |  |Df(x)|: 0.02708499253 |  Stepsize: 1.00000000000 | 
# 190    F(x): 0.58590807160 |  |Df(x)|: 0.03166137132 |  Stepsize: 1.00000000000 | 
# 191    F(x): 0.58536331982 |  |Df(x)|: 0.03085712856 |  Stepsize: 0.44579819952 | 
# 192    F(x): 0.58470537695 |  |Df(x)|: 0.02758545367 |  Stepsize: 0.95598166369 | 
# 193    F(x): 0.58433130189 |  |Df(x)|: 0.05148773786 |  Stepsize: 1.00000000000 | 
# 194    F(x): 0.58386709101 |  |Df(x)|: 0.02956540836 |  Stepsize: 1.00000000000 | 
# 195    F(x): 0.58335339683 |  |Df(x)|: 0.02698521996 |  Stepsize: 1.00000000000 | 
# 196    F(x): 0.58290867745 |  |Df(x)|: 0.02776735623 |  Stepsize: 1.00000000000 | 
# 197    F(x): 0.58248799979 |  |Df(x)|: 0.04503194235 |  Stepsize: 0.63043080344 | 
# 198    F(x): 0.58206493147 |  |Df(x)|: 0.02557187967 |  Stepsize: 1.00000000000 | 
# 199    F(x): 0.58174988829 |  |Df(x)|: 0.02241475042 |  Stepsize: 1.00000000000 | 
# 200    F(x): 0.58131761257 |  |Df(x)|: 0.02613829268 |  Stepsize: 0.68815954456 | 
# 201    F(x): 0.58098355091 |  |Df(x)|: 0.04125946661 |  Stepsize: 0.57701733514 | 
# 202    F(x): 0.58054209423 |  |Df(x)|: 0.03051238528 |  Stepsize: 0.94751824264 | 
# 203    F(x): 0.58011595930 |  |Df(x)|: 0.02510413335 |  Stepsize: 1.00000000000 | 
# 204    F(x): 0.57960844251 |  |Df(x)|: 0.02232175263 |  Stepsize: 1.00000000000 | 
# 205    F(x): 0.57923568933 |  |Df(x)|: 0.03621544605 |  Stepsize: 1.00000000000 | 
# 206    F(x): 0.57890263492 |  |Df(x)|: 0.02358261194 |  Stepsize: 1.00000000000 | 
# 207    F(x): 0.57859176156 |  |Df(x)|: 0.02019244780 |  Stepsize: 1.00000000000 | 
# 208    F(x): 0.57832424712 |  |Df(x)|: 0.02566122648 |  Stepsize: 1.00000000000 | 
# 209    F(x): 0.57812784429 |  |Df(x)|: 0.04125377224 |  Stepsize: 1.00000000000 | 
# 210    F(x): 0.57783081008 |  |Df(x)|: 0.01848765458 |  Stepsize: 1.00000000000 | 
# 211    F(x): 0.57766896935 |  |Df(x)|: 0.02301603757 |  Stepsize: 1.00000000000 | 
# 212    F(x): 0.57746296756 |  |Df(x)|: 0.01961977225 |  Stepsize: 1.00000000000 | 
# 213    F(x): 0.57722332088 |  |Df(x)|: 0.01602400399 |  Stepsize: 1.00000000000 | 
# 214    F(x): 0.57698190107 |  |Df(x)|: 0.01813386054 |  Stepsize: 0.76507218747 | 
# 215    F(x): 0.57681061740 |  |Df(x)|: 0.03026375070 |  Stepsize: 1.00000000000 | 
# 216    F(x): 0.57661575234 |  |Df(x)|: 0.01889618643 |  Stepsize: 1.00000000000 | 
# 217    F(x): 0.57646311123 |  |Df(x)|: 0.01575119026 |  Stepsize: 1.00000000000 | 
# 218    F(x): 0.57627177748 |  |Df(x)|: 0.01942669024 |  Stepsize: 1.00000000000 | 
# 219    F(x): 0.57607660032 |  |Df(x)|: 0.02302521189 |  Stepsize: 1.00000000000 | 
# 220    F(x): 0.57591515068 |  |Df(x)|: 0.01522323417 |  Stepsize: 1.00000000000 | 
# 221    F(x): 0.57580891512 |  |Df(x)|: 0.01812797783 |  Stepsize: 0.80333258657 | 
# 222    F(x): 0.57564520567 |  |Df(x)|: 0.01872554633 |  Stepsize: 1.00000000000 | 
# 223    F(x): 0.57547970685 |  |Df(x)|: 0.01291785742 |  Stepsize: 1.00000000000 | 
# 224    F(x): 0.57537926431 |  |Df(x)|: 0.01495078058 |  Stepsize: 1.00000000000 | 
# 225    F(x): 0.57528086677 |  |Df(x)|: 0.01404987552 |  Stepsize: 1.00000000000 | 
# 226    F(x): 0.57516836291 |  |Df(x)|: 0.01468246812 |  Stepsize: 1.00000000000 | 
# 227    F(x): 0.57505039095 |  |Df(x)|: 0.01276177787 |  Stepsize: 1.00000000000 | 
# 228    F(x): 0.57495479056 |  |Df(x)|: 0.01243261906 |  Stepsize: 1.00000000000 | 
# 229    F(x): 0.57484819759 |  |Df(x)|: 0.01343436583 |  Stepsize: 1.00000000000 | 
# 230    F(x): 0.57476879445 |  |Df(x)|: 0.01671488365 |  Stepsize: 1.00000000000 | 
# 231    F(x): 0.57471609062 |  |Df(x)|: 0.01273534474 |  Stepsize: 1.00000000000 | 
# 232    F(x): 0.57464073790 |  |Df(x)|: 0.01058326109 |  Stepsize: 1.00000000000 | 
# 233    F(x): 0.57455039269 |  |Df(x)|: 0.00918381763 |  Stepsize: 1.00000000000 | 
# 234    F(x): 0.57447004857 |  |Df(x)|: 0.01452550561 |  Stepsize: 1.00000000000 | 
# 235    F(x): 0.57438182704 |  |Df(x)|: 0.01083207089 |  Stepsize: 1.00000000000 | 
# 236    F(x): 0.57428478152 |  |Df(x)|: 0.01027601851 |  Stepsize: 1.00000000000 | 
# 237    F(x): 0.57422063873 |  |Df(x)|: 0.01822427477 |  Stepsize: 1.00000000000 | 
# 238    F(x): 0.57415311487 |  |Df(x)|: 0.01081451394 |  Stepsize: 1.00000000000 | 
# 239    F(x): 0.57408248759 |  |Df(x)|: 0.00946942365 |  Stepsize: 1.00000000000 | 
# 240    F(x): 0.57401447281 |  |Df(x)|: 0.01554184180 |  Stepsize: 1.00000000000 | 
# 241    F(x): 0.57393934087 |  |Df(x)|: 0.01404208554 |  Stepsize: 1.00000000000 | 
# 242    F(x): 0.57386815961 |  |Df(x)|: 0.01039595310 |  Stepsize: 1.00000000000 | 
# 243    F(x): 0.57377070576 |  |Df(x)|: 0.01182087389 |  Stepsize: 1.00000000000 | 
# 244    F(x): 0.57366923011 |  |Df(x)|: 0.01227310770 |  Stepsize: 1.00000000000 | 
# 245    F(x): 0.57356359147 |  |Df(x)|: 0.01187769445 |  Stepsize: 1.00000000000 | 
# 246    F(x): 0.57346671822 |  |Df(x)|: 0.01679039111 |  Stepsize: 1.00000000000 | 
# 247    F(x): 0.57338135540 |  |Df(x)|: 0.01177367536 |  Stepsize: 1.00000000000 | 
# 248    F(x): 0.57331247805 |  |Df(x)|: 0.01192453779 |  Stepsize: 1.00000000000 | 
# 249    F(x): 0.57322134183 |  |Df(x)|: 0.01883852764 |  Stepsize: 0.90953924828 | 
# 250    F(x): 0.57314415556 |  |Df(x)|: 0.02275650361 |  Stepsize: 1.00000000000 | 
# 251    F(x): 0.57306629338 |  |Df(x)|: 0.01220459088 |  Stepsize: 1.00000000000 | 
# 252    F(x): 0.57297846704 |  |Df(x)|: 0.00914433831 |  Stepsize: 1.00000000000 | 
# 253    F(x): 0.57290873255 |  |Df(x)|: 0.01060994090 |  Stepsize: 1.00000000000 | 
# 254    F(x): 0.57277534571 |  |Df(x)|: 0.01759196168 |  Stepsize: 1.00000000000 | 
# 255    F(x): 0.57268195177 |  |Df(x)|: 0.01329344520 |  Stepsize: 0.41747378689 | 
# 256    F(x): 0.57257468046 |  |Df(x)|: 0.01234318018 |  Stepsize: 1.00000000000 | 
# 257    F(x): 0.57246638752 |  |Df(x)|: 0.01562107987 |  Stepsize: 1.00000000000 | 
# 258    F(x): 0.57240231651 |  |Df(x)|: 0.01794103546 |  Stepsize: 1.00000000000 | 
# 259    F(x): 0.57233908327 |  |Df(x)|: 0.01121626074 |  Stepsize: 1.00000000000 | 
# 260    F(x): 0.57226328146 |  |Df(x)|: 0.01080639656 |  Stepsize: 1.00000000000 | 
# 261    F(x): 0.57220384299 |  |Df(x)|: 0.01545170554 |  Stepsize: 1.00000000000 | 
# 262    F(x): 0.57212332153 |  |Df(x)|: 0.01247292145 |  Stepsize: 1.00000000000 | 
# 263    F(x): 0.57205619932 |  |Df(x)|: 0.02332115256 |  Stepsize: 1.00000000000 | 
# 264    F(x): 0.57199774240 |  |Df(x)|: 0.01196152011 |  Stepsize: 1.00000000000 | 
# 265    F(x): 0.57193616399 |  |Df(x)|: 0.01675051987 |  Stepsize: 1.00000000000 | 
# 266    F(x): 0.57188022739 |  |Df(x)|: 0.01348100948 |  Stepsize: 1.00000000000 | 
# 267    F(x): 0.57176824154 |  |Df(x)|: 0.00965442693 |  Stepsize: 1.00000000000 | 
# 268    F(x): 0.57165053318 |  |Df(x)|: 0.01105165683 |  Stepsize: 1.00000000000 | 
# 269    F(x): 0.57157399587 |  |Df(x)|: 0.01331991931 |  Stepsize: 1.00000000000 | 
# 270    F(x): 0.57149460778 |  |Df(x)|: 0.00928020597 |  Stepsize: 1.00000000000 | 
# 271    F(x): 0.57144279994 |  |Df(x)|: 0.01119839611 |  Stepsize: 1.00000000000 | 
# 272    F(x): 0.57138144098 |  |Df(x)|: 0.01601005216 |  Stepsize: 1.00000000000 | 
# 273    F(x): 0.57131644467 |  |Df(x)|: 0.00826023248 |  Stepsize: 1.00000000000 | 
# 274    F(x): 0.57126072836 |  |Df(x)|: 0.00751986336 |  Stepsize: 1.00000000000 | 
# 275    F(x): 0.57119991867 |  |Df(x)|: 0.01069495828 |  Stepsize: 1.00000000000 | 
# 276    F(x): 0.57115470684 |  |Df(x)|: 0.01795732850 |  Stepsize: 1.00000000000 | 
# 277    F(x): 0.57109888556 |  |Df(x)|: 0.00780303601 |  Stepsize: 1.00000000000 | 
# 278    F(x): 0.57106323237 |  |Df(x)|: 0.00680451740 |  Stepsize: 1.00000000000 | 
# 279    F(x): 0.57102287333 |  |Df(x)|: 0.01105982038 |  Stepsize: 1.00000000000 | 
# 280    F(x): 0.57097085154 |  |Df(x)|: 0.01062613561 |  Stepsize: 1.00000000000 | 
# 281    F(x): 0.57089997737 |  |Df(x)|: 0.01059463327 |  Stepsize: 1.00000000000 | 
# 282    F(x): 0.57087475009 |  |Df(x)|: 0.01504793997 |  Stepsize: 1.00000000000 | 
# 283    F(x): 0.57084415174 |  |Df(x)|: 0.00948739615 |  Stepsize: 1.00000000000 | 
# 284    F(x): 0.57079535919 |  |Df(x)|: 0.00711145436 |  Stepsize: 1.00000000000 | 
# 285    F(x): 0.57075604088 |  |Df(x)|: 0.00841963572 |  Stepsize: 1.00000000000 | 
# 286    F(x): 0.57070061932 |  |Df(x)|: 0.01262056435 |  Stepsize: 1.00000000000 | 
# 287    F(x): 0.57065306864 |  |Df(x)|: 0.01357422199 |  Stepsize: 1.00000000000 | 
# 288    F(x): 0.57061629339 |  |Df(x)|: 0.00828527452 |  Stepsize: 1.00000000000 | 
# 289    F(x): 0.57058753329 |  |Df(x)|: 0.01035287842 |  Stepsize: 1.00000000000 | 
# 290    F(x): 0.57053780785 |  |Df(x)|: 0.01298829247 |  Stepsize: 1.00000000000 | 
# 291    F(x): 0.57047180879 |  |Df(x)|: 0.01509034294 |  Stepsize: 1.00000000000 | 
# 292    F(x): 0.57041300037 |  |Df(x)|: 0.01093472687 |  Stepsize: 1.00000000000 | 
# 293    F(x): 0.57037207333 |  |Df(x)|: 0.01005787922 |  Stepsize: 1.00000000000 | 
# 294    F(x): 0.57031671679 |  |Df(x)|: 0.01087937221 |  Stepsize: 1.00000000000 | 
# 295    F(x): 0.57023990431 |  |Df(x)|: 0.01240480554 |  Stepsize: 1.00000000000 | 
# 296    F(x): 0.57016707921 |  |Df(x)|: 0.01906647276 |  Stepsize: 1.00000000000 | 
# 297    F(x): 0.57008844436 |  |Df(x)|: 0.01008393363 |  Stepsize: 1.00000000000 | 
# 298    F(x): 0.57004196340 |  |Df(x)|: 0.00732317573 |  Stepsize: 1.00000000000 | 
# 299    F(x): 0.56999858988 |  |Df(x)|: 0.00943460379 |  Stepsize: 1.00000000000 | 
# 300    F(x): 0.56993326487 |  |Df(x)|: 0.01344764741 |  Stepsize: 1.00000000000 | 
# 301    F(x): 0.56987383548 |  |Df(x)|: 0.01211481874 |  Stepsize: 1.00000000000 | 
# 302    F(x): 0.56981805603 |  |Df(x)|: 0.00796232238 |  Stepsize: 1.00000000000 | 
# 303    F(x): 0.56977263592 |  |Df(x)|: 0.01027689108 |  Stepsize: 1.00000000000 | 
# 304    F(x): 0.56971616166 |  |Df(x)|: 0.01332611877 |  Stepsize: 1.00000000000 | 
# 305    F(x): 0.56966313295 |  |Df(x)|: 0.01141048273 |  Stepsize: 1.00000000000 | 
# 306    F(x): 0.56961624721 |  |Df(x)|: 0.00847441625 |  Stepsize: 1.00000000000 | 
# 307    F(x): 0.56956885856 |  |Df(x)|: 0.01636277057 |  Stepsize: 1.00000000000 | 
# 308    F(x): 0.56953009018 |  |Df(x)|: 0.00989305115 |  Stepsize: 1.00000000000 | 
# 309    F(x): 0.56948946374 |  |Df(x)|: 0.00831352293 |  Stepsize: 1.00000000000 | 
# 310    F(x): 0.56942949677 |  |Df(x)|: 0.00835478169 |  Stepsize: 1.00000000000 | 
# 311    F(x): 0.56940610624 |  |Df(x)|: 0.01975940777 |  Stepsize: 0.50000000000 | 
# 312    F(x): 0.56937002456 |  |Df(x)|: 0.01181158847 |  Stepsize: 1.00000000000 | 
# 313    F(x): 0.56931734647 |  |Df(x)|: 0.00950549278 |  Stepsize: 1.00000000000 | 
# 314    F(x): 0.56928965049 |  |Df(x)|: 0.01001914861 |  Stepsize: 1.00000000000 | 
# 315    F(x): 0.56922074247 |  |Df(x)|: 0.01484390337 |  Stepsize: 1.00000000000 | 
# 316    F(x): 0.56920341209 |  |Df(x)|: 0.01618167756 |  Stepsize: 0.33051516570 | 
# 317    F(x): 0.56917394017 |  |Df(x)|: 0.01999781045 |  Stepsize: 1.00000000000 | 
# 318    F(x): 0.56908072044 |  |Df(x)|: 0.00871328897 |  Stepsize: 1.00000000000 | 
# 319    F(x): 0.56905190114 |  |Df(x)|: 0.00635670448 |  Stepsize: 1.00000000000 | 
# 320    F(x): 0.56902294889 |  |Df(x)|: 0.00758062250 |  Stepsize: 1.00000000000 | 
# 321    F(x): 0.56899729435 |  |Df(x)|: 0.01521053807 |  Stepsize: 1.00000000000 | 
# 322    F(x): 0.56897314319 |  |Df(x)|: 0.01116029543 |  Stepsize: 1.00000000000 | 
# 323    F(x): 0.56890841068 |  |Df(x)|: 0.00679036321 |  Stepsize: 1.00000000000 | 
# 324    F(x): 0.56887112959 |  |Df(x)|: 0.00813311857 |  Stepsize: 1.00000000000 | 
# 325    F(x): 0.56884979279 |  |Df(x)|: 0.00917245706 |  Stepsize: 1.00000000000 | 
# 326    F(x): 0.56881822352 |  |Df(x)|: 0.01099001606 |  Stepsize: 1.00000000000 | 
# 327    F(x): 0.56879960231 |  |Df(x)|: 0.01186575167 |  Stepsize: 0.54346364430 | 
# 328    F(x): 0.56875725343 |  |Df(x)|: 0.01027918479 |  Stepsize: 1.00000000000 | 
# 329    F(x): 0.56872353253 |  |Df(x)|: 0.00788746444 |  Stepsize: 1.00000000000 | 
# 330    F(x): 0.56869754430 |  |Df(x)|: 0.00887220166 |  Stepsize: 1.00000000000 | 
# 331    F(x): 0.56867155770 |  |Df(x)|: 0.01060159398 |  Stepsize: 1.00000000000 | 
# 332    F(x): 0.56864152309 |  |Df(x)|: 0.00747863065 |  Stepsize: 1.00000000000 | 
# 333    F(x): 0.56861910207 |  |Df(x)|: 0.00651031693 |  Stepsize: 1.00000000000 | 
# 334    F(x): 0.56858037083 |  |Df(x)|: 0.00662744951 |  Stepsize: 1.00000000000 | 
# 335    F(x): 0.56854879793 |  |Df(x)|: 0.01039957195 |  Stepsize: 1.00000000000 | 
# 336    F(x): 0.56851820335 |  |Df(x)|: 0.00880779665 |  Stepsize: 1.00000000000 | 
# 337    F(x): 0.56849891246 |  |Df(x)|: 0.01082983673 |  Stepsize: 1.00000000000 | 
# 338    F(x): 0.56847183546 |  |Df(x)|: 0.00687876733 |  Stepsize: 1.00000000000 | 
# 339    F(x): 0.56845078995 |  |Df(x)|: 0.00632782126 |  Stepsize: 1.00000000000 | 
# 340    F(x): 0.56842348404 |  |Df(x)|: 0.00648320350 |  Stepsize: 1.00000000000 | 
# 341    F(x): 0.56836503559 |  |Df(x)|: 0.00723126131 |  Stepsize: 0.90419352385 | 
# 342    F(x): 0.56834652595 |  |Df(x)|: 0.00897766223 |  Stepsize: 0.50000000000 | 
# 343    F(x): 0.56832663271 |  |Df(x)|: 0.00689254495 |  Stepsize: 1.00000000000 | 
# 344    F(x): 0.56828965092 |  |Df(x)|: 0.01247286426 |  Stepsize: 1.00000000000 | 
# 345    F(x): 0.56828625126 |  |Df(x)|: 0.00972997830 |  Stepsize: 0.90965781158 | 
# 346    F(x): 0.56824834211 |  |Df(x)|: 0.01120647835 |  Stepsize: 1.00000000000 | 
# 347    F(x): 0.56820537310 |  |Df(x)|: 0.00458300337 |  Stepsize: 1.00000000000 | 
# 348    F(x): 0.56816868995 |  |Df(x)|: 0.00519286509 |  Stepsize: 1.00000000000 | 
# 349    F(x): 0.56812845553 |  |Df(x)|: 0.00701169410 |  Stepsize: 1.00000000000 | 
# 350    F(x): 0.56808606974 |  |Df(x)|: 0.01114188751 |  Stepsize: 0.63296705777 | 
# 351    F(x): 0.56805386425 |  |Df(x)|: 0.00704514274 |  Stepsize: 0.85874200999 | 
# 352    F(x): 0.56801830650 |  |Df(x)|: 0.00570453854 |  Stepsize: 1.00000000000 | 
# 353    F(x): 0.56797790826 |  |Df(x)|: 0.00763615082 |  Stepsize: 1.00000000000 | 
# 354    F(x): 0.56796515355 |  |Df(x)|: 0.01828970454 |  Stepsize: 1.00000000000 | 
# 355    F(x): 0.56792435184 |  |Df(x)|: 0.00683836113 |  Stepsize: 1.00000000000 | 
# 356    F(x): 0.56790109730 |  |Df(x)|: 0.00606010881 |  Stepsize: 1.00000000000 | 
# 357    F(x): 0.56787544672 |  |Df(x)|: 0.00717551388 |  Stepsize: 1.00000000000 | 
# 358    F(x): 0.56782667731 |  |Df(x)|: 0.00845709183 |  Stepsize: 1.00000000000 | 
# 359    F(x): 0.56779991386 |  |Df(x)|: 0.01522587361 |  Stepsize: 0.64755370105 | 
# 360    F(x): 0.56776001793 |  |Df(x)|: 0.00677805138 |  Stepsize: 1.00000000000 | 
# 361    F(x): 0.56773879259 |  |Df(x)|: 0.00649845368 |  Stepsize: 1.00000000000 | 
# 362    F(x): 0.56770993312 |  |Df(x)|: 0.01217349640 |  Stepsize: 1.00000000000 | 
# 363    F(x): 0.56767191280 |  |Df(x)|: 0.00910555036 |  Stepsize: 1.00000000000 | 
# 364    F(x): 0.56763876776 |  |Df(x)|: 0.00669063031 |  Stepsize: 1.00000000000 | 
# 365    F(x): 0.56759306030 |  |Df(x)|: 0.00866855620 |  Stepsize: 1.00000000000 | 
# 366    F(x): 0.56755715387 |  |Df(x)|: 0.01134118958 |  Stepsize: 1.00000000000 | 
# 367    F(x): 0.56751283372 |  |Df(x)|: 0.00915732094 |  Stepsize: 1.00000000000 | 
# 368    F(x): 0.56747231737 |  |Df(x)|: 0.01658316925 |  Stepsize: 1.00000000000 | 
# 369    F(x): 0.56743968239 |  |Df(x)|: 0.01040431359 |  Stepsize: 1.00000000000 | 
# 370    F(x): 0.56741363030 |  |Df(x)|: 0.01209195802 |  Stepsize: 1.00000000000 | 
# 371    F(x): 0.56738364440 |  |Df(x)|: 0.00705766178 |  Stepsize: 1.00000000000 | 
# 372    F(x): 0.56733874199 |  |Df(x)|: 0.00786152405 |  Stepsize: 1.00000000000 | 
# 373    F(x): 0.56731484976 |  |Df(x)|: 0.01042301465 |  Stepsize: 1.00000000000 | 
# 374    F(x): 0.56727634018 |  |Df(x)|: 0.01707460527 |  Stepsize: 1.00000000000 | 
# 375    F(x): 0.56722214168 |  |Df(x)|: 0.00723586379 |  Stepsize: 1.00000000000 | 
# 376    F(x): 0.56718337948 |  |Df(x)|: 0.00731188646 |  Stepsize: 1.00000000000 | 
# 377    F(x): 0.56714310211 |  |Df(x)|: 0.00719709302 |  Stepsize: 1.00000000000 | 
# 378    F(x): 0.56709363694 |  |Df(x)|: 0.01410378960 |  Stepsize: 1.00000000000 | 
# 379    F(x): 0.56704853670 |  |Df(x)|: 0.00921359222 |  Stepsize: 1.00000000000 | 
# 380    F(x): 0.56702247091 |  |Df(x)|: 0.00695422357 |  Stepsize: 1.00000000000 | 
# 381    F(x): 0.56698863025 |  |Df(x)|: 0.00608936255 |  Stepsize: 1.00000000000 | 
# 382    F(x): 0.56694434336 |  |Df(x)|: 0.01032635508 |  Stepsize: 1.00000000000 | 
# 383    F(x): 0.56691113065 |  |Df(x)|: 0.00697362225 |  Stepsize: 1.00000000000 | 
# 384    F(x): 0.56688165633 |  |Df(x)|: 0.00762926956 |  Stepsize: 1.00000000000 | 
# 385    F(x): 0.56683940330 |  |Df(x)|: 0.00828338273 |  Stepsize: 1.00000000000 | 
# 386    F(x): 0.56680830554 |  |Df(x)|: 0.00882551168 |  Stepsize: 1.00000000000 | 
# 387    F(x): 0.56677446686 |  |Df(x)|: 0.00712287551 |  Stepsize: 1.00000000000 | 
# 388    F(x): 0.56672527602 |  |Df(x)|: 0.00753022222 |  Stepsize: 1.00000000000 | 
# 389    F(x): 0.56670833552 |  |Df(x)|: 0.01539772514 |  Stepsize: 0.98296249827 | 
# 390    F(x): 0.56666213778 |  |Df(x)|: 0.00785082174 |  Stepsize: 1.00000000000 | 
# 391    F(x): 0.56663359010 |  |Df(x)|: 0.00864758054 |  Stepsize: 1.00000000000 | 
# 392    F(x): 0.56660200182 |  |Df(x)|: 0.00781163969 |  Stepsize: 1.00000000000 | 
# 393    F(x): 0.56654197631 |  |Df(x)|: 0.00701548926 |  Stepsize: 1.00000000000 | 
# 394    F(x): 0.56651604779 |  |Df(x)|: 0.01312886941 |  Stepsize: 0.43384055094 | 
# 395    F(x): 0.56648145976 |  |Df(x)|: 0.00655290178 |  Stepsize: 1.00000000000 | 
# 396    F(x): 0.56645495241 |  |Df(x)|: 0.00725816020 |  Stepsize: 1.00000000000 | 
# 397    F(x): 0.56643184260 |  |Df(x)|: 0.00881813103 |  Stepsize: 1.00000000000 | 
# 398    F(x): 0.56638058420 |  |Df(x)|: 0.01036620595 |  Stepsize: 1.00000000000 | 
# 399    F(x): 0.56635118311 |  |Df(x)|: 0.01225967222 |  Stepsize: 0.76723324936 | 
# 400    F(x): 0.56629918445 |  |Df(x)|: 0.00655138896 |  Stepsize: 1.00000000000 | 
At iteration 400 the algorithm reached its maximal number of iterations (400).
after: rho = 25.0, f = -0.16475816020120904, pen = 0.01158719186807307, alm = 0.25666130251561936, z = 0.16475816020120904
cur_pen: 0.10764381946063169 < 1.0000000000000002e-6, norm_vgl: 0.3806132885560099<1.0000000000000002e-6
Elapsed time: 1349.5476868152618 seconds, Time limit: 10800.0 seconds
Initial  F(x): 0.37253322120 | 
# 1      F(x): 0.29703655889 |  |Df(x)|: 0.69876481981 |  Stepsize: 0.11896212842 | 
# 2      F(x): 0.23240354710 |  |Df(x)|: 0.58168578754 |  Stepsize: 0.14365276415 | 
# 3      F(x): 0.18011994612 |  |Df(x)|: 0.46976194957 |  Stepsize: 0.13968574904 | 
# 4      F(x): 0.13985063340 |  |Df(x)|: 0.36133481379 |  Stepsize: 0.17462429450 | 
# 5      F(x): 0.11057341110 |  |Df(x)|: 0.26306954516 |  Stepsize: 0.23127170892 | 
# 6      F(x): 0.09040530287 |  |Df(x)|: 0.18188003176 |  Stepsize: 0.29637267398 | 
# 7      F(x): 0.07705447416 |  |Df(x)|: 0.12103626454 |  Stepsize: 0.35544312018 | 
# 8      F(x): 0.06829061103 |  |Df(x)|: 0.08019711041 |  Stepsize: 0.38869181124 | 
# 9      F(x): 0.06227116559 |  |Df(x)|: 0.05571231725 |  Stepsize: 0.37127134676 | 
# 10     F(x): 0.05779635966 |  |Df(x)|: 0.04155837510 |  Stepsize: 0.31040057265 | 
# 11     F(x): 0.05427634746 |  |Df(x)|: 0.03257208247 |  Stepsize: 0.25030325888 | 
# 12     F(x): 0.05148751293 |  |Df(x)|: 0.02627153990 |  Stepsize: 0.21111429833 | 
# 13     F(x): 0.04940395283 |  |Df(x)|: 0.02473921651 |  Stepsize: 0.15922454611 | 
# 14     F(x): 0.04755373637 |  |Df(x)|: 0.01825534669 |  Stepsize: 0.20403724871 | 
# 15     F(x): 0.04621410748 |  |Df(x)|: 0.01810196871 |  Stepsize: 0.22015233184 | 
# 16     F(x): 0.04507942225 |  |Df(x)|: 0.01210256159 |  Stepsize: 0.21941207964 | 
# 17     F(x): 0.04423894223 |  |Df(x)|: 0.01098459690 |  Stepsize: 0.28189017358 | 
# 18     F(x): 0.04357864631 |  |Df(x)|: 0.01191448677 |  Stepsize: 0.21779637389 | 
# 19     F(x): 0.04299798971 |  |Df(x)|: 0.01021980010 |  Stepsize: 0.28484663724 | 
# 20     F(x): 0.04249882122 |  |Df(x)|: 0.01206807407 |  Stepsize: 0.23441656490 | 
# 21     F(x): 0.04202385147 |  |Df(x)|: 0.01049360593 |  Stepsize: 0.20873535775 | 
# 22     F(x): 0.04158621390 |  |Df(x)|: 0.01119467791 |  Stepsize: 0.18873879836 | 
# 23     F(x): 0.04116239478 |  |Df(x)|: 0.01000512798 |  Stepsize: 0.15133540336 | 
# 24     F(x): 0.04075828699 |  |Df(x)|: 0.01014212077 |  Stepsize: 0.15285548366 | 
# 25     F(x): 0.04037004302 |  |Df(x)|: 0.00920343506 |  Stepsize: 0.12307117476 | 
# 26     F(x): 0.03999782642 |  |Df(x)|: 0.00879939896 |  Stepsize: 0.13764934392 | 
# 27     F(x): 0.03964401528 |  |Df(x)|: 0.00913503361 |  Stepsize: 0.12204718257 | 
# 28     F(x): 0.03929677068 |  |Df(x)|: 0.00835428396 |  Stepsize: 0.12679236162 | 
# 29     F(x): 0.03896288860 |  |Df(x)|: 0.00903131368 |  Stepsize: 0.12432921580 | 
# 30     F(x): 0.03863516076 |  |Df(x)|: 0.00852188858 |  Stepsize: 0.10959479859 | 
# 31     F(x): 0.03831412413 |  |Df(x)|: 0.00882634065 |  Stepsize: 0.11049920302 | 
# 32     F(x): 0.03799969575 |  |Df(x)|: 0.00849068779 |  Stepsize: 0.10918430756 | 
# 33     F(x): 0.03769634931 |  |Df(x)|: 0.00901885551 |  Stepsize: 0.10453059749 | 
# 34     F(x): 0.03738955049 |  |Df(x)|: 0.00865262551 |  Stepsize: 0.11285277835 | 
# 35     F(x): 0.03710070990 |  |Df(x)|: 0.00911504312 |  Stepsize: 0.11056131128 | 
# 36     F(x): 0.03680970718 |  |Df(x)|: 0.00863283465 |  Stepsize: 0.13131884688 | 
# 37     F(x): 0.03653011838 |  |Df(x)|: 0.00914760975 |  Stepsize: 0.14839247263 | 
# 38     F(x): 0.03625236251 |  |Df(x)|: 0.00848468617 |  Stepsize: 0.15479393885 | 
# 39     F(x): 0.03597721796 |  |Df(x)|: 0.00893530890 |  Stepsize: 0.17995411329 | 
# 40     F(x): 0.03570523472 |  |Df(x)|: 0.00801180043 |  Stepsize: 0.17643183258 | 
# 41     F(x): 0.03543737653 |  |Df(x)|: 0.00818983222 |  Stepsize: 0.20100402281 | 
# 42     F(x): 0.03516827732 |  |Df(x)|: 0.00755084663 |  Stepsize: 0.18316888543 | 
# 43     F(x): 0.03490222723 |  |Df(x)|: 0.00707284135 |  Stepsize: 0.22575197182 | 
# 44     F(x): 0.03465375995 |  |Df(x)|: 0.00711371271 |  Stepsize: 0.20662547333 | 
# 45     F(x): 0.03439118079 |  |Df(x)|: 0.00706342239 |  Stepsize: 0.23916502754 | 
# 46     F(x): 0.03413969433 |  |Df(x)|: 0.00670848497 |  Stepsize: 0.23010128085 | 
# 47     F(x): 0.03389072383 |  |Df(x)|: 0.00677445604 |  Stepsize: 0.24805292022 | 
# 48     F(x): 0.03366071212 |  |Df(x)|: 0.00807432269 |  Stepsize: 0.21123043869 | 
# 49     F(x): 0.03340804216 |  |Df(x)|: 0.00742014968 |  Stepsize: 0.27091763030 | 
# 50     F(x): 0.03317720575 |  |Df(x)|: 0.00899025554 |  Stepsize: 0.22051153622 | 
# 51     F(x): 0.03292154268 |  |Df(x)|: 0.00813414354 |  Stepsize: 0.24972460454 | 
# 52     F(x): 0.03268098427 |  |Df(x)|: 0.00937848812 |  Stepsize: 0.20988720561 | 
# 53     F(x): 0.03242767282 |  |Df(x)|: 0.00846902937 |  Stepsize: 0.22722113573 | 
# 54     F(x): 0.03219562473 |  |Df(x)|: 0.00997701640 |  Stepsize: 0.19316688013 | 
# 55     F(x): 0.03192898090 |  |Df(x)|: 0.00867801691 |  Stepsize: 0.24705013443 | 
# 56     F(x): 0.03170507944 |  |Df(x)|: 0.01085967463 |  Stepsize: 0.20475529885 | 
# 57     F(x): 0.03144003903 |  |Df(x)|: 0.00910874613 |  Stepsize: 0.28477768679 | 
# 58     F(x): 0.03120142420 |  |Df(x)|: 0.00990865172 |  Stepsize: 0.28393441620 | 
# 59     F(x): 0.03095241845 |  |Df(x)|: 0.00760496018 |  Stepsize: 0.29479432261 | 
# 60     F(x): 0.03071637048 |  |Df(x)|: 0.00748915539 |  Stepsize: 0.38580186439 | 
# 61     F(x): 0.03051246647 |  |Df(x)|: 0.00647170244 |  Stepsize: 0.30543470955 | 
# 62     F(x): 0.03030237225 |  |Df(x)|: 0.00623143544 |  Stepsize: 0.46502005731 | 
# 63     F(x): 0.03012051135 |  |Df(x)|: 0.00731587906 |  Stepsize: 0.39615929852 | 
# 64     F(x): 0.02993500620 |  |Df(x)|: 0.00648858455 |  Stepsize: 0.46993661642 | 
# 65     F(x): 0.02975415154 |  |Df(x)|: 0.00725499815 |  Stepsize: 0.42060403561 | 
# 66     F(x): 0.02956434310 |  |Df(x)|: 0.00578391447 |  Stepsize: 0.42106618632 | 
# 67     F(x): 0.02940021289 |  |Df(x)|: 0.00555185611 |  Stepsize: 0.39050196344 | 
# 68     F(x): 0.02923731123 |  |Df(x)|: 0.00523701248 |  Stepsize: 0.40740053556 | 
# 69     F(x): 0.02909312801 |  |Df(x)|: 0.00531485057 |  Stepsize: 0.46896137994 | 
# 70     F(x): 0.02895625930 |  |Df(x)|: 0.00547064672 |  Stepsize: 0.46324057810 | 
# 71     F(x): 0.02881250506 |  |Df(x)|: 0.00552853303 |  Stepsize: 0.48830414421 | 
# 72     F(x): 0.02866309061 |  |Df(x)|: 0.00659231323 |  Stepsize: 0.37906528280 | 
# 73     F(x): 0.02851983758 |  |Df(x)|: 0.00605275557 |  Stepsize: 0.34997981445 | 
# 74     F(x): 0.02836669236 |  |Df(x)|: 0.00745780215 |  Stepsize: 0.30150469286 | 
# 75     F(x): 0.02822570717 |  |Df(x)|: 0.00666414994 |  Stepsize: 0.33682651111 | 
# 76     F(x): 0.02808557596 |  |Df(x)|: 0.00865994189 |  Stepsize: 0.30118992420 | 
# 77     F(x): 0.02793285720 |  |Df(x)|: 0.00709462271 |  Stepsize: 0.44605034564 | 
# 78     F(x): 0.02775488054 |  |Df(x)|: 0.00660395646 |  Stepsize: 0.47682839817 | 
# 79     F(x): 0.02759445485 |  |Df(x)|: 0.00489869903 |  Stepsize: 0.36848885716 | 
# 80     F(x): 0.02743772786 |  |Df(x)|: 0.00667628441 |  Stepsize: 0.47067234068 | 
# 81     F(x): 0.02731547921 |  |Df(x)|: 0.00530828842 |  Stepsize: 0.44703828767 | 
# 82     F(x): 0.02719402916 |  |Df(x)|: 0.00749134354 |  Stepsize: 0.65014001927 | 
# 83     F(x): 0.02708783331 |  |Df(x)|: 0.00534891918 |  Stepsize: 0.63969427034 | 
# 84     F(x): 0.02696906601 |  |Df(x)|: 0.00618290549 |  Stepsize: 1.00000000000 | 
# 85     F(x): 0.02686192789 |  |Df(x)|: 0.00509051048 |  Stepsize: 0.95527577665 | 
# 86     F(x): 0.02676434461 |  |Df(x)|: 0.00542378113 |  Stepsize: 1.00000000000 | 
# 87     F(x): 0.02664662900 |  |Df(x)|: 0.00460540021 |  Stepsize: 0.86761599467 | 
# 88     F(x): 0.02653648035 |  |Df(x)|: 0.00464208570 |  Stepsize: 0.78162092288 | 
# 89     F(x): 0.02644648524 |  |Df(x)|: 0.00450356887 |  Stepsize: 0.42992162131 | 
# 90     F(x): 0.02634097029 |  |Df(x)|: 0.00430469048 |  Stepsize: 0.52823996709 | 
# 91     F(x): 0.02624922080 |  |Df(x)|: 0.00449185176 |  Stepsize: 0.38353707339 | 
# 92     F(x): 0.02614706873 |  |Df(x)|: 0.00449452309 |  Stepsize: 0.50461482696 | 
# 93     F(x): 0.02605173870 |  |Df(x)|: 0.00419101446 |  Stepsize: 0.49038953062 | 
# 94     F(x): 0.02595273268 |  |Df(x)|: 0.00407452893 |  Stepsize: 0.61553117894 | 
# 95     F(x): 0.02586547326 |  |Df(x)|: 0.00468042257 |  Stepsize: 0.54971613050 | 
# 96     F(x): 0.02577033382 |  |Df(x)|: 0.00393163776 |  Stepsize: 0.81466826237 | 
# 97     F(x): 0.02568872376 |  |Df(x)|: 0.00543624772 |  Stepsize: 1.00000000000 | 
# 98     F(x): 0.02561289484 |  |Df(x)|: 0.00476431448 |  Stepsize: 1.00000000000 | 
# 99     F(x): 0.02553617657 |  |Df(x)|: 0.00455260301 |  Stepsize: 1.00000000000 | 
# 100    F(x): 0.02545305391 |  |Df(x)|: 0.00479912912 |  Stepsize: 1.00000000000 | 
# 101    F(x): 0.02536233010 |  |Df(x)|: 0.00437380081 |  Stepsize: 0.87834851800 | 
# 102    F(x): 0.02528581411 |  |Df(x)|: 0.00410711241 |  Stepsize: 0.71581771606 | 
# 103    F(x): 0.02519047810 |  |Df(x)|: 0.00451664296 |  Stepsize: 0.70606756602 | 
# 104    F(x): 0.02510723172 |  |Df(x)|: 0.00459248757 |  Stepsize: 0.50852340228 | 
# 105    F(x): 0.02499846687 |  |Df(x)|: 0.00450575398 |  Stepsize: 0.72257360383 | 
# 106    F(x): 0.02491505726 |  |Df(x)|: 0.00519740112 |  Stepsize: 0.51166936278 | 
# 107    F(x): 0.02481970781 |  |Df(x)|: 0.00460770402 |  Stepsize: 1.00000000000 | 
# 108    F(x): 0.02474765248 |  |Df(x)|: 0.00503127804 |  Stepsize: 1.00000000000 | 
# 109    F(x): 0.02467271113 |  |Df(x)|: 0.00433865938 |  Stepsize: 1.00000000000 | 
# 110    F(x): 0.02460185320 |  |Df(x)|: 0.00428793313 |  Stepsize: 0.69649354125 | 
# 111    F(x): 0.02452963959 |  |Df(x)|: 0.00421465929 |  Stepsize: 1.00000000000 | 
# 112    F(x): 0.02446246376 |  |Df(x)|: 0.00417314071 |  Stepsize: 1.00000000000 | 
# 113    F(x): 0.02440338762 |  |Df(x)|: 0.00384158201 |  Stepsize: 1.00000000000 | 
# 114    F(x): 0.02434183393 |  |Df(x)|: 0.00340038983 |  Stepsize: 1.00000000000 | 
# 115    F(x): 0.02427733524 |  |Df(x)|: 0.00437447335 |  Stepsize: 0.71969123214 | 
# 116    F(x): 0.02420523284 |  |Df(x)|: 0.00468497725 |  Stepsize: 1.00000000000 | 
# 117    F(x): 0.02414063954 |  |Df(x)|: 0.00380958465 |  Stepsize: 1.00000000000 | 
# 118    F(x): 0.02407353655 |  |Df(x)|: 0.00354324794 |  Stepsize: 1.00000000000 | 
# 119    F(x): 0.02401360557 |  |Df(x)|: 0.00557680841 |  Stepsize: 0.94346418456 | 
# 120    F(x): 0.02394118479 |  |Df(x)|: 0.00408244736 |  Stepsize: 1.00000000000 | 
# 121    F(x): 0.02388571970 |  |Df(x)|: 0.00488083580 |  Stepsize: 0.77244509026 | 
# 122    F(x): 0.02381965843 |  |Df(x)|: 0.00417775211 |  Stepsize: 1.00000000000 | 
# 123    F(x): 0.02375836124 |  |Df(x)|: 0.00409717313 |  Stepsize: 1.00000000000 | 
# 124    F(x): 0.02369596287 |  |Df(x)|: 0.00348733562 |  Stepsize: 1.00000000000 | 
# 125    F(x): 0.02362971530 |  |Df(x)|: 0.00488638626 |  Stepsize: 1.00000000000 | 
# 126    F(x): 0.02357638288 |  |Df(x)|: 0.00495626551 |  Stepsize: 1.00000000000 | 
# 127    F(x): 0.02352671276 |  |Df(x)|: 0.00376775440 |  Stepsize: 1.00000000000 | 
# 128    F(x): 0.02344111227 |  |Df(x)|: 0.00389655020 |  Stepsize: 0.95472932835 | 
# 129    F(x): 0.02339129371 |  |Df(x)|: 0.00626981133 |  Stepsize: 1.00000000000 | 
# 130    F(x): 0.02332658149 |  |Df(x)|: 0.00496411173 |  Stepsize: 1.00000000000 | 
# 131    F(x): 0.02326971107 |  |Df(x)|: 0.00615971910 |  Stepsize: 1.00000000000 | 
# 132    F(x): 0.02322624223 |  |Df(x)|: 0.00326134587 |  Stepsize: 1.00000000000 | 
# 133    F(x): 0.02319455829 |  |Df(x)|: 0.00299812432 |  Stepsize: 1.00000000000 | 
# 134    F(x): 0.02314920903 |  |Df(x)|: 0.00364790144 |  Stepsize: 1.00000000000 | 
# 135    F(x): 0.02310142210 |  |Df(x)|: 0.00494507639 |  Stepsize: 1.00000000000 | 
# 136    F(x): 0.02305976466 |  |Df(x)|: 0.00401917245 |  Stepsize: 1.00000000000 | 
# 137    F(x): 0.02302813914 |  |Df(x)|: 0.00268872236 |  Stepsize: 1.00000000000 | 
# 138    F(x): 0.02298948627 |  |Df(x)|: 0.00265476789 |  Stepsize: 1.00000000000 | 
# 139    F(x): 0.02294913487 |  |Df(x)|: 0.00359138689 |  Stepsize: 1.00000000000 | 
# 140    F(x): 0.02290852248 |  |Df(x)|: 0.00375020283 |  Stepsize: 0.91972572079 | 
# 141    F(x): 0.02287804532 |  |Df(x)|: 0.00243819111 |  Stepsize: 1.00000000000 | 
# 142    F(x): 0.02285409917 |  |Df(x)|: 0.00271235863 |  Stepsize: 1.00000000000 | 
# 143    F(x): 0.02282591939 |  |Df(x)|: 0.00391124505 |  Stepsize: 1.00000000000 | 
# 144    F(x): 0.02279336309 |  |Df(x)|: 0.00266957815 |  Stepsize: 1.00000000000 | 
# 145    F(x): 0.02276627003 |  |Df(x)|: 0.00236894010 |  Stepsize: 1.00000000000 | 
# 146    F(x): 0.02273967825 |  |Df(x)|: 0.00301900032 |  Stepsize: 1.00000000000 | 
# 147    F(x): 0.02271307001 |  |Df(x)|: 0.00344709151 |  Stepsize: 1.00000000000 | 
# 148    F(x): 0.02268824763 |  |Df(x)|: 0.00232238565 |  Stepsize: 1.00000000000 | 
# 149    F(x): 0.02266050659 |  |Df(x)|: 0.00245203374 |  Stepsize: 1.00000000000 | 
# 150    F(x): 0.02263439538 |  |Df(x)|: 0.00303459077 |  Stepsize: 1.00000000000 | 
# 151    F(x): 0.02260552264 |  |Df(x)|: 0.00409017630 |  Stepsize: 0.94425081789 | 
# 152    F(x): 0.02257535913 |  |Df(x)|: 0.00269972593 |  Stepsize: 1.00000000000 | 
# 153    F(x): 0.02255133944 |  |Df(x)|: 0.00264949770 |  Stepsize: 1.00000000000 | 
# 154    F(x): 0.02252110878 |  |Df(x)|: 0.00297403547 |  Stepsize: 1.00000000000 | 
# 155    F(x): 0.02248835016 |  |Df(x)|: 0.00400365139 |  Stepsize: 0.81370160039 | 
# 156    F(x): 0.02245112491 |  |Df(x)|: 0.00275562105 |  Stepsize: 1.00000000000 | 
# 157    F(x): 0.02241983330 |  |Df(x)|: 0.00267381152 |  Stepsize: 1.00000000000 | 
# 158    F(x): 0.02239069959 |  |Df(x)|: 0.00325685710 |  Stepsize: 1.00000000000 | 
# 159    F(x): 0.02235556723 |  |Df(x)|: 0.00334810131 |  Stepsize: 1.00000000000 | 
# 160    F(x): 0.02232517951 |  |Df(x)|: 0.00300364160 |  Stepsize: 1.00000000000 | 
# 161    F(x): 0.02229822937 |  |Df(x)|: 0.00244296331 |  Stepsize: 1.00000000000 | 
# 162    F(x): 0.02227184069 |  |Df(x)|: 0.00250013429 |  Stepsize: 1.00000000000 | 
# 163    F(x): 0.02225021849 |  |Df(x)|: 0.00364594737 |  Stepsize: 1.00000000000 | 
# 164    F(x): 0.02222880586 |  |Df(x)|: 0.00276949068 |  Stepsize: 1.00000000000 | 
# 165    F(x): 0.02221110101 |  |Df(x)|: 0.00343362466 |  Stepsize: 1.00000000000 | 
# 166    F(x): 0.02219291904 |  |Df(x)|: 0.00193152680 |  Stepsize: 1.00000000000 | 
# 167    F(x): 0.02217520100 |  |Df(x)|: 0.00178149649 |  Stepsize: 1.00000000000 | 
# 168    F(x): 0.02215855987 |  |Df(x)|: 0.00224960357 |  Stepsize: 1.00000000000 | 
# 169    F(x): 0.02214563533 |  |Df(x)|: 0.00411896501 |  Stepsize: 1.00000000000 | 
# 170    F(x): 0.02212599732 |  |Df(x)|: 0.00173323529 |  Stepsize: 1.00000000000 | 
# 171    F(x): 0.02211455059 |  |Df(x)|: 0.00156210044 |  Stepsize: 1.00000000000 | 
# 172    F(x): 0.02210270638 |  |Df(x)|: 0.00186837926 |  Stepsize: 1.00000000000 | 
# 173    F(x): 0.02209585287 |  |Df(x)|: 0.00449002590 |  Stepsize: 1.00000000000 | 
# 174    F(x): 0.02207572953 |  |Df(x)|: 0.00175745143 |  Stepsize: 1.00000000000 | 
# 175    F(x): 0.02206617166 |  |Df(x)|: 0.00135028090 |  Stepsize: 1.00000000000 | 
# 176    F(x): 0.02205489857 |  |Df(x)|: 0.00175016936 |  Stepsize: 1.00000000000 | 
# 177    F(x): 0.02203778329 |  |Df(x)|: 0.00218954922 |  Stepsize: 1.00000000000 | 
# 178    F(x): 0.02202747626 |  |Df(x)|: 0.00296662152 |  Stepsize: 0.39865936430 | 
# 179    F(x): 0.02201200312 |  |Df(x)|: 0.00154814857 |  Stepsize: 1.00000000000 | 
# 180    F(x): 0.02200085589 |  |Df(x)|: 0.00136351135 |  Stepsize: 1.00000000000 | 
# 181    F(x): 0.02198885405 |  |Df(x)|: 0.00211266765 |  Stepsize: 1.00000000000 | 
# 182    F(x): 0.02197541472 |  |Df(x)|: 0.00222454675 |  Stepsize: 1.00000000000 | 
# 183    F(x): 0.02196321023 |  |Df(x)|: 0.00172674500 |  Stepsize: 1.00000000000 | 
# 184    F(x): 0.02195210187 |  |Df(x)|: 0.00152649839 |  Stepsize: 1.00000000000 | 
# 185    F(x): 0.02194268667 |  |Df(x)|: 0.00173037895 |  Stepsize: 1.00000000000 | 
# 186    F(x): 0.02193008529 |  |Df(x)|: 0.00195594316 |  Stepsize: 1.00000000000 | 
# 187    F(x): 0.02191944368 |  |Df(x)|: 0.00213811787 |  Stepsize: 1.00000000000 | 
# 188    F(x): 0.02191000250 |  |Df(x)|: 0.00146396823 |  Stepsize: 1.00000000000 | 
# 189    F(x): 0.02190030408 |  |Df(x)|: 0.00154380585 |  Stepsize: 1.00000000000 | 
# 190    F(x): 0.02189057361 |  |Df(x)|: 0.00189663456 |  Stepsize: 1.00000000000 | 
# 191    F(x): 0.02187996308 |  |Df(x)|: 0.00159106701 |  Stepsize: 1.00000000000 | 
# 192    F(x): 0.02187153699 |  |Df(x)|: 0.00139395740 |  Stepsize: 1.00000000000 | 
# 193    F(x): 0.02186332481 |  |Df(x)|: 0.00151320444 |  Stepsize: 1.00000000000 | 
# 194    F(x): 0.02185563090 |  |Df(x)|: 0.00166991224 |  Stepsize: 1.00000000000 | 
# 195    F(x): 0.02184714332 |  |Df(x)|: 0.00136955503 |  Stepsize: 1.00000000000 | 
# 196    F(x): 0.02184007675 |  |Df(x)|: 0.00126085859 |  Stepsize: 1.00000000000 | 
# 197    F(x): 0.02183399043 |  |Df(x)|: 0.00134470565 |  Stepsize: 1.00000000000 | 
# 198    F(x): 0.02182687396 |  |Df(x)|: 0.00130433545 |  Stepsize: 1.00000000000 | 
# 199    F(x): 0.02181974933 |  |Df(x)|: 0.00153008924 |  Stepsize: 1.00000000000 | 
# 200    F(x): 0.02181290046 |  |Df(x)|: 0.00122931541 |  Stepsize: 1.00000000000 | 
# 201    F(x): 0.02180579441 |  |Df(x)|: 0.00142673911 |  Stepsize: 1.00000000000 | 
# 202    F(x): 0.02179838221 |  |Df(x)|: 0.00144150319 |  Stepsize: 1.00000000000 | 
# 203    F(x): 0.02179035433 |  |Df(x)|: 0.00132873431 |  Stepsize: 1.00000000000 | 
# 204    F(x): 0.02178176534 |  |Df(x)|: 0.00139634603 |  Stepsize: 1.00000000000 | 
# 205    F(x): 0.02177435701 |  |Df(x)|: 0.00151319174 |  Stepsize: 1.00000000000 | 
# 206    F(x): 0.02176636662 |  |Df(x)|: 0.00125350980 |  Stepsize: 1.00000000000 | 
# 207    F(x): 0.02175682558 |  |Df(x)|: 0.00155801439 |  Stepsize: 1.00000000000 | 
# 208    F(x): 0.02175080517 |  |Df(x)|: 0.00206637091 |  Stepsize: 1.00000000000 | 
# 209    F(x): 0.02174456868 |  |Df(x)|: 0.00122388837 |  Stepsize: 1.00000000000 | 
# 210    F(x): 0.02173694580 |  |Df(x)|: 0.00117712594 |  Stepsize: 1.00000000000 | 
# 211    F(x): 0.02173115895 |  |Df(x)|: 0.00144174014 |  Stepsize: 1.00000000000 | 
# 212    F(x): 0.02172165510 |  |Df(x)|: 0.00165688276 |  Stepsize: 1.00000000000 | 
# 213    F(x): 0.02171336874 |  |Df(x)|: 0.00149728377 |  Stepsize: 1.00000000000 | 
# 214    F(x): 0.02170572861 |  |Df(x)|: 0.00142069526 |  Stepsize: 1.00000000000 | 
# 215    F(x): 0.02169845115 |  |Df(x)|: 0.00153646566 |  Stepsize: 1.00000000000 | 
# 216    F(x): 0.02168922752 |  |Df(x)|: 0.00131217796 |  Stepsize: 1.00000000000 | 
# 217    F(x): 0.02168017427 |  |Df(x)|: 0.00176004410 |  Stepsize: 1.00000000000 | 
# 218    F(x): 0.02167168600 |  |Df(x)|: 0.00136417942 |  Stepsize: 1.00000000000 | 
# 219    F(x): 0.02166321627 |  |Df(x)|: 0.00135501376 |  Stepsize: 1.00000000000 | 
# 220    F(x): 0.02165356986 |  |Df(x)|: 0.00201852454 |  Stepsize: 1.00000000000 | 
# 221    F(x): 0.02164441550 |  |Df(x)|: 0.00167179018 |  Stepsize: 1.00000000000 | 
# 222    F(x): 0.02163616105 |  |Df(x)|: 0.00155702958 |  Stepsize: 1.00000000000 | 
# 223    F(x): 0.02162656216 |  |Df(x)|: 0.00167273739 |  Stepsize: 1.00000000000 | 
# 224    F(x): 0.02161927372 |  |Df(x)|: 0.00151465870 |  Stepsize: 1.00000000000 | 
# 225    F(x): 0.02161058130 |  |Df(x)|: 0.00141106196 |  Stepsize: 1.00000000000 | 
# 226    F(x): 0.02160099126 |  |Df(x)|: 0.00235916392 |  Stepsize: 1.00000000000 | 
# 227    F(x): 0.02159249299 |  |Df(x)|: 0.00156301087 |  Stepsize: 1.00000000000 | 
# 228    F(x): 0.02158636318 |  |Df(x)|: 0.00129151471 |  Stepsize: 1.00000000000 | 
# 229    F(x): 0.02157545489 |  |Df(x)|: 0.00148701551 |  Stepsize: 1.00000000000 | 
# 230    F(x): 0.02156729411 |  |Df(x)|: 0.00229782135 |  Stepsize: 1.00000000000 | 
# 231    F(x): 0.02155800908 |  |Df(x)|: 0.00161154103 |  Stepsize: 1.00000000000 | 
# 232    F(x): 0.02154633876 |  |Df(x)|: 0.00157995394 |  Stepsize: 1.00000000000 | 
# 233    F(x): 0.02153893457 |  |Df(x)|: 0.00215506715 |  Stepsize: 0.85902674893 | 
# 234    F(x): 0.02152759982 |  |Df(x)|: 0.00186800868 |  Stepsize: 1.00000000000 | 
# 235    F(x): 0.02151356552 |  |Df(x)|: 0.00144542435 |  Stepsize: 1.00000000000 | 
# 236    F(x): 0.02150226833 |  |Df(x)|: 0.00174932858 |  Stepsize: 1.00000000000 | 
# 237    F(x): 0.02149170402 |  |Df(x)|: 0.00204322211 |  Stepsize: 0.65883694633 | 
# 238    F(x): 0.02147666991 |  |Df(x)|: 0.00190220276 |  Stepsize: 1.00000000000 | 
# 239    F(x): 0.02146348627 |  |Df(x)|: 0.00234673490 |  Stepsize: 1.00000000000 | 
# 240    F(x): 0.02144927471 |  |Df(x)|: 0.00174767704 |  Stepsize: 1.00000000000 | 
# 241    F(x): 0.02143730741 |  |Df(x)|: 0.00151641705 |  Stepsize: 1.00000000000 | 
# 242    F(x): 0.02142239930 |  |Df(x)|: 0.00190489038 |  Stepsize: 1.00000000000 | 
# 243    F(x): 0.02141188426 |  |Df(x)|: 0.00282611020 |  Stepsize: 1.00000000000 | 
# 244    F(x): 0.02139957253 |  |Df(x)|: 0.00152829415 |  Stepsize: 1.00000000000 | 
# 245    F(x): 0.02138921520 |  |Df(x)|: 0.00169760328 |  Stepsize: 1.00000000000 | 
# 246    F(x): 0.02137882731 |  |Df(x)|: 0.00250814050 |  Stepsize: 1.00000000000 | 
# 247    F(x): 0.02136105152 |  |Df(x)|: 0.00246885328 |  Stepsize: 1.00000000000 | 
# 248    F(x): 0.02134199686 |  |Df(x)|: 0.00191985064 |  Stepsize: 1.00000000000 | 
# 249    F(x): 0.02132162888 |  |Df(x)|: 0.00250526875 |  Stepsize: 1.00000000000 | 
# 250    F(x): 0.02130181873 |  |Df(x)|: 0.00218340896 |  Stepsize: 1.00000000000 | 
# 251    F(x): 0.02127559667 |  |Df(x)|: 0.00217571559 |  Stepsize: 1.00000000000 | 
# 252    F(x): 0.02125550006 |  |Df(x)|: 0.00337576629 |  Stepsize: 1.00000000000 | 
# 253    F(x): 0.02123340121 |  |Df(x)|: 0.00217325548 |  Stepsize: 1.00000000000 | 
# 254    F(x): 0.02121434293 |  |Df(x)|: 0.00174683365 |  Stepsize: 1.00000000000 | 
# 255    F(x): 0.02120629303 |  |Df(x)|: 0.00264183785 |  Stepsize: 1.00000000000 | 
# 256    F(x): 0.02118456850 |  |Df(x)|: 0.00261816479 |  Stepsize: 1.00000000000 | 
# 257    F(x): 0.02117004045 |  |Df(x)|: 0.00204697817 |  Stepsize: 1.00000000000 | 
# 258    F(x): 0.02115923833 |  |Df(x)|: 0.00154129941 |  Stepsize: 1.00000000000 | 
# 259    F(x): 0.02114577147 |  |Df(x)|: 0.00176120845 |  Stepsize: 1.00000000000 | 
# 260    F(x): 0.02113607680 |  |Df(x)|: 0.00335368990 |  Stepsize: 1.00000000000 | 
# 261    F(x): 0.02112287910 |  |Df(x)|: 0.00178690758 |  Stepsize: 1.00000000000 | 
# 262    F(x): 0.02110937926 |  |Df(x)|: 0.00152475153 |  Stepsize: 1.00000000000 | 
# 263    F(x): 0.02110009294 |  |Df(x)|: 0.00183309133 |  Stepsize: 1.00000000000 | 
# 264    F(x): 0.02108922709 |  |Df(x)|: 0.00349919048 |  Stepsize: 1.00000000000 | 
# 265    F(x): 0.02106810928 |  |Df(x)|: 0.00184436363 |  Stepsize: 1.00000000000 | 
# 266    F(x): 0.02105822911 |  |Df(x)|: 0.00137544650 |  Stepsize: 1.00000000000 | 
# 267    F(x): 0.02104526271 |  |Df(x)|: 0.00175447157 |  Stepsize: 1.00000000000 | 
# 268    F(x): 0.02103429029 |  |Df(x)|: 0.00278304397 |  Stepsize: 1.00000000000 | 
# 269    F(x): 0.02102209384 |  |Df(x)|: 0.00157616176 |  Stepsize: 1.00000000000 | 
# 270    F(x): 0.02101030028 |  |Df(x)|: 0.00138459079 |  Stepsize: 1.00000000000 | 
# 271    F(x): 0.02100232393 |  |Df(x)|: 0.00149750740 |  Stepsize: 1.00000000000 | 
# 272    F(x): 0.02099254737 |  |Df(x)|: 0.00274493540 |  Stepsize: 1.00000000000 | 
# 273    F(x): 0.02098059132 |  |Df(x)|: 0.00140254801 |  Stepsize: 1.00000000000 | 
# 274    F(x): 0.02097424840 |  |Df(x)|: 0.00118711697 |  Stepsize: 1.00000000000 | 
# 275    F(x): 0.02096416442 |  |Df(x)|: 0.00154353285 |  Stepsize: 1.00000000000 | 
# 276    F(x): 0.02095679281 |  |Df(x)|: 0.00251454748 |  Stepsize: 1.00000000000 | 
# 277    F(x): 0.02094700710 |  |Df(x)|: 0.00144437002 |  Stepsize: 1.00000000000 | 
# 278    F(x): 0.02093814096 |  |Df(x)|: 0.00127310964 |  Stepsize: 1.00000000000 | 
# 279    F(x): 0.02093142415 |  |Df(x)|: 0.00151815991 |  Stepsize: 1.00000000000 | 
# 280    F(x): 0.02092133552 |  |Df(x)|: 0.00285343784 |  Stepsize: 1.00000000000 | 
# 281    F(x): 0.02090787993 |  |Df(x)|: 0.00184188052 |  Stepsize: 1.00000000000 | 
# 282    F(x): 0.02089706946 |  |Df(x)|: 0.00153477076 |  Stepsize: 1.00000000000 | 
# 283    F(x): 0.02088764793 |  |Df(x)|: 0.00160944020 |  Stepsize: 1.00000000000 | 
# 284    F(x): 0.02087952842 |  |Df(x)|: 0.00152876688 |  Stepsize: 1.00000000000 | 
# 285    F(x): 0.02087053918 |  |Df(x)|: 0.00187648998 |  Stepsize: 1.00000000000 | 
# 286    F(x): 0.02086358374 |  |Df(x)|: 0.00113559507 |  Stepsize: 1.00000000000 | 
# 287    F(x): 0.02085891091 |  |Df(x)|: 0.00106839266 |  Stepsize: 1.00000000000 | 
# 288    F(x): 0.02085253129 |  |Df(x)|: 0.00125417671 |  Stepsize: 1.00000000000 | 
# 289    F(x): 0.02084686917 |  |Df(x)|: 0.00213565701 |  Stepsize: 1.00000000000 | 
# 290    F(x): 0.02084019954 |  |Df(x)|: 0.00110622016 |  Stepsize: 1.00000000000 | 
# 291    F(x): 0.02083478233 |  |Df(x)|: 0.00109273448 |  Stepsize: 1.00000000000 | 
# 292    F(x): 0.02082899200 |  |Df(x)|: 0.00129559077 |  Stepsize: 1.00000000000 | 
# 293    F(x): 0.02082216826 |  |Df(x)|: 0.00256043071 |  Stepsize: 1.00000000000 | 
# 294    F(x): 0.02081306127 |  |Df(x)|: 0.00117730361 |  Stepsize: 1.00000000000 | 
# 295    F(x): 0.02080776485 |  |Df(x)|: 0.00093144695 |  Stepsize: 1.00000000000 | 
# 296    F(x): 0.02080174586 |  |Df(x)|: 0.00126343336 |  Stepsize: 1.00000000000 | 
# 297    F(x): 0.02079636491 |  |Df(x)|: 0.00193193124 |  Stepsize: 1.00000000000 | 
# 298    F(x): 0.02078952401 |  |Df(x)|: 0.00122849757 |  Stepsize: 1.00000000000 | 
# 299    F(x): 0.02078236686 |  |Df(x)|: 0.00118368859 |  Stepsize: 1.00000000000 | 
# 300    F(x): 0.02077766984 |  |Df(x)|: 0.00134188875 |  Stepsize: 1.00000000000 | 
# 301    F(x): 0.02077159505 |  |Df(x)|: 0.00131532920 |  Stepsize: 1.00000000000 | 
# 302    F(x): 0.02076347832 |  |Df(x)|: 0.00138334998 |  Stepsize: 1.00000000000 | 
# 303    F(x): 0.02075789267 |  |Df(x)|: 0.00129906013 |  Stepsize: 1.00000000000 | 
# 304    F(x): 0.02075252378 |  |Df(x)|: 0.00113173220 |  Stepsize: 1.00000000000 | 
# 305    F(x): 0.02074509537 |  |Df(x)|: 0.00113497464 |  Stepsize: 1.00000000000 | 
# 306    F(x): 0.02074174277 |  |Df(x)|: 0.00278323348 |  Stepsize: 0.93428523556 | 
# 307    F(x): 0.02073257883 |  |Df(x)|: 0.00120892546 |  Stepsize: 1.00000000000 | 
# 308    F(x): 0.02072674187 |  |Df(x)|: 0.00101529415 |  Stepsize: 1.00000000000 | 
# 309    F(x): 0.02072071553 |  |Df(x)|: 0.00129594525 |  Stepsize: 1.00000000000 | 
# 310    F(x): 0.02071241035 |  |Df(x)|: 0.00182823222 |  Stepsize: 1.00000000000 | 
# 311    F(x): 0.02070464655 |  |Df(x)|: 0.00190942581 |  Stepsize: 1.00000000000 | 
# 312    F(x): 0.02069711222 |  |Df(x)|: 0.00096868468 |  Stepsize: 1.00000000000 | 
# 313    F(x): 0.02069176377 |  |Df(x)|: 0.00103898951 |  Stepsize: 1.00000000000 | 
# 314    F(x): 0.02068559373 |  |Df(x)|: 0.00159858944 |  Stepsize: 1.00000000000 | 
# 315    F(x): 0.02067635368 |  |Df(x)|: 0.00163578921 |  Stepsize: 1.00000000000 | 
# 316    F(x): 0.02066862735 |  |Df(x)|: 0.00132489281 |  Stepsize: 1.00000000000 | 
# 317    F(x): 0.02066174083 |  |Df(x)|: 0.00121580119 |  Stepsize: 1.00000000000 | 
# 318    F(x): 0.02065425135 |  |Df(x)|: 0.00153541339 |  Stepsize: 1.00000000000 | 
# 319    F(x): 0.02064570979 |  |Df(x)|: 0.00180646311 |  Stepsize: 1.00000000000 | 
# 320    F(x): 0.02063781278 |  |Df(x)|: 0.00118436393 |  Stepsize: 1.00000000000 | 
# 321    F(x): 0.02063115800 |  |Df(x)|: 0.00120926854 |  Stepsize: 1.00000000000 | 
# 322    F(x): 0.02062470271 |  |Df(x)|: 0.00162232671 |  Stepsize: 1.00000000000 | 
# 323    F(x): 0.02061668343 |  |Df(x)|: 0.00169977432 |  Stepsize: 1.00000000000 | 
# 324    F(x): 0.02060931199 |  |Df(x)|: 0.00124302898 |  Stepsize: 1.00000000000 | 
# 325    F(x): 0.02060401171 |  |Df(x)|: 0.00117813483 |  Stepsize: 1.00000000000 | 
# 326    F(x): 0.02059788470 |  |Df(x)|: 0.00138414710 |  Stepsize: 1.00000000000 | 
# 327    F(x): 0.02059024953 |  |Df(x)|: 0.00202404948 |  Stepsize: 1.00000000000 | 
# 328    F(x): 0.02058314557 |  |Df(x)|: 0.00116953114 |  Stepsize: 1.00000000000 | 
# 329    F(x): 0.02057909385 |  |Df(x)|: 0.00098455780 |  Stepsize: 1.00000000000 | 
# 330    F(x): 0.02057318491 |  |Df(x)|: 0.00119449338 |  Stepsize: 1.00000000000 | 
# 331    F(x): 0.02056883506 |  |Df(x)|: 0.00174993576 |  Stepsize: 1.00000000000 | 
# 332    F(x): 0.02056398753 |  |Df(x)|: 0.00084233176 |  Stepsize: 1.00000000000 | 
# 333    F(x): 0.02056086049 |  |Df(x)|: 0.00097166125 |  Stepsize: 1.00000000000 | 
# 334    F(x): 0.02055756179 |  |Df(x)|: 0.00098458764 |  Stepsize: 1.00000000000 | 
# 335    F(x): 0.02055351343 |  |Df(x)|: 0.00129844781 |  Stepsize: 1.00000000000 | 
# 336    F(x): 0.02054883401 |  |Df(x)|: 0.00078600295 |  Stepsize: 1.00000000000 | 
# 337    F(x): 0.02054510042 |  |Df(x)|: 0.00082270580 |  Stepsize: 1.00000000000 | 
# 338    F(x): 0.02054022859 |  |Df(x)|: 0.00119593001 |  Stepsize: 1.00000000000 | 
# 339    F(x): 0.02053553127 |  |Df(x)|: 0.00141894523 |  Stepsize: 1.00000000000 | 
# 340    F(x): 0.02053091286 |  |Df(x)|: 0.00094468585 |  Stepsize: 1.00000000000 | 
# 341    F(x): 0.02052585780 |  |Df(x)|: 0.00089159185 |  Stepsize: 1.00000000000 | 
# 342    F(x): 0.02052219450 |  |Df(x)|: 0.00139469738 |  Stepsize: 1.00000000000 | 
# 343    F(x): 0.02051771358 |  |Df(x)|: 0.00097269713 |  Stepsize: 1.00000000000 | 
# 344    F(x): 0.02051344753 |  |Df(x)|: 0.00098273798 |  Stepsize: 1.00000000000 | 
# 345    F(x): 0.02051038849 |  |Df(x)|: 0.00106415011 |  Stepsize: 1.00000000000 | 
# 346    F(x): 0.02050757893 |  |Df(x)|: 0.00089916845 |  Stepsize: 1.00000000000 | 
# 347    F(x): 0.02050258924 |  |Df(x)|: 0.00117045891 |  Stepsize: 1.00000000000 | 
# 348    F(x): 0.02049946664 |  |Df(x)|: 0.00126195835 |  Stepsize: 1.00000000000 | 
# 349    F(x): 0.02049670874 |  |Df(x)|: 0.00084341369 |  Stepsize: 1.00000000000 | 
# 350    F(x): 0.02049163687 |  |Df(x)|: 0.00077032898 |  Stepsize: 1.00000000000 | 
# 351    F(x): 0.02048847829 |  |Df(x)|: 0.00108779766 |  Stepsize: 1.00000000000 | 
# 352    F(x): 0.02048387624 |  |Df(x)|: 0.00090747903 |  Stepsize: 1.00000000000 | 
# 353    F(x): 0.02047950278 |  |Df(x)|: 0.00085486107 |  Stepsize: 1.00000000000 | 
# 354    F(x): 0.02047573918 |  |Df(x)|: 0.00123984537 |  Stepsize: 1.00000000000 | 
# 355    F(x): 0.02047180322 |  |Df(x)|: 0.00090087878 |  Stepsize: 1.00000000000 | 
# 356    F(x): 0.02046747429 |  |Df(x)|: 0.00077986831 |  Stepsize: 1.00000000000 | 
# 357    F(x): 0.02046275274 |  |Df(x)|: 0.00130291000 |  Stepsize: 1.00000000000 | 
# 358    F(x): 0.02045777433 |  |Df(x)|: 0.00116872914 |  Stepsize: 1.00000000000 | 
# 359    F(x): 0.02045360022 |  |Df(x)|: 0.00085862193 |  Stepsize: 1.00000000000 | 
# 360    F(x): 0.02044830621 |  |Df(x)|: 0.00105002259 |  Stepsize: 1.00000000000 | 
# 361    F(x): 0.02044451430 |  |Df(x)|: 0.00139215936 |  Stepsize: 1.00000000000 | 
# 362    F(x): 0.02044013105 |  |Df(x)|: 0.00092345110 |  Stepsize: 1.00000000000 | 
# 363    F(x): 0.02043495812 |  |Df(x)|: 0.00101257668 |  Stepsize: 1.00000000000 | 
# 364    F(x): 0.02043144133 |  |Df(x)|: 0.00132642301 |  Stepsize: 1.00000000000 | 
# 365    F(x): 0.02042686499 |  |Df(x)|: 0.00103428206 |  Stepsize: 1.00000000000 | 
# 366    F(x): 0.02041895416 |  |Df(x)|: 0.00132171450 |  Stepsize: 1.00000000000 | 
# 367    F(x): 0.02041441500 |  |Df(x)|: 0.00167957536 |  Stepsize: 1.00000000000 | 
# 368    F(x): 0.02040937881 |  |Df(x)|: 0.00131117157 |  Stepsize: 1.00000000000 | 
# 369    F(x): 0.02039965829 |  |Df(x)|: 0.00136716407 |  Stepsize: 1.00000000000 | 
# 370    F(x): 0.02039484817 |  |Df(x)|: 0.00163210838 |  Stepsize: 1.00000000000 | 
# 371    F(x): 0.02038750074 |  |Df(x)|: 0.00117378323 |  Stepsize: 1.00000000000 | 
# 372    F(x): 0.02037369046 |  |Df(x)|: 0.00142628406 |  Stepsize: 1.00000000000 | 
# 373    F(x): 0.02036661636 |  |Df(x)|: 0.00180620962 |  Stepsize: 1.00000000000 | 
# 374    F(x): 0.02035794630 |  |Df(x)|: 0.00137598405 |  Stepsize: 1.00000000000 | 
# 375    F(x): 0.02034362878 |  |Df(x)|: 0.00169109018 |  Stepsize: 1.00000000000 | 
# 376    F(x): 0.02033779342 |  |Df(x)|: 0.00221068834 |  Stepsize: 1.00000000000 | 
# 377    F(x): 0.02033127973 |  |Df(x)|: 0.00128604708 |  Stepsize: 1.00000000000 | 
# 378    F(x): 0.02032568893 |  |Df(x)|: 0.00158111856 |  Stepsize: 1.00000000000 | 
# 379    F(x): 0.02032077212 |  |Df(x)|: 0.00193637706 |  Stepsize: 0.87674245233 | 
# 380    F(x): 0.02031062133 |  |Df(x)|: 0.00168855971 |  Stepsize: 1.00000000000 | 
# 381    F(x): 0.02030335507 |  |Df(x)|: 0.00090856462 |  Stepsize: 1.00000000000 | 
# 382    F(x): 0.02029668739 |  |Df(x)|: 0.00106905288 |  Stepsize: 1.00000000000 | 
# 383    F(x): 0.02029082443 |  |Df(x)|: 0.00250086685 |  Stepsize: 1.00000000000 | 
# 384    F(x): 0.02027995697 |  |Df(x)|: 0.00115215765 |  Stepsize: 1.00000000000 | 
# 385    F(x): 0.02027416950 |  |Df(x)|: 0.00105401481 |  Stepsize: 1.00000000000 | 
# 386    F(x): 0.02026172103 |  |Df(x)|: 0.00160698611 |  Stepsize: 1.00000000000 | 
# 387    F(x): 0.02025970775 |  |Df(x)|: 0.00340517072 |  Stepsize: 1.00000000000 | 
# 388    F(x): 0.02024637118 |  |Df(x)|: 0.00123226618 |  Stepsize: 1.00000000000 | 
# 389    F(x): 0.02024085385 |  |Df(x)|: 0.00094297224 |  Stepsize: 1.00000000000 | 
# 390    F(x): 0.02023316987 |  |Df(x)|: 0.00123206531 |  Stepsize: 1.00000000000 | 
# 391    F(x): 0.02022703602 |  |Df(x)|: 0.00272452790 |  Stepsize: 1.00000000000 | 
# 392    F(x): 0.02021547508 |  |Df(x)|: 0.00151561494 |  Stepsize: 1.00000000000 | 
# 393    F(x): 0.02020901126 |  |Df(x)|: 0.00141754498 |  Stepsize: 1.00000000000 | 
# 394    F(x): 0.02020343228 |  |Df(x)|: 0.00111473311 |  Stepsize: 1.00000000000 | 
# 395    F(x): 0.02019795364 |  |Df(x)|: 0.00122599960 |  Stepsize: 1.00000000000 | 
# 396    F(x): 0.02019123830 |  |Df(x)|: 0.00131853795 |  Stepsize: 1.00000000000 | 
# 397    F(x): 0.02018462172 |  |Df(x)|: 0.00102804515 |  Stepsize: 1.00000000000 | 
# 398    F(x): 0.02017871620 |  |Df(x)|: 0.00111101068 |  Stepsize: 1.00000000000 | 
# 399    F(x): 0.02017335117 |  |Df(x)|: 0.00120777443 |  Stepsize: 1.00000000000 | 
# 400    F(x): 0.02016735984 |  |Df(x)|: 0.00102459390 |  Stepsize: 1.00000000000 | 
At iteration 400 the algorithm reached its maximal number of iterations (400).
after: rho = 10.0, f = -0.037095985071287654, pen = 0.0021710526375768157, alm = -0.1377159400789867, z = 0.037095985071287654
cur_pen: 0.046594555879167 < 1.0000000000000002e-6, norm_vgl: 0.24776414891911244<1.0000000000000002e-6
Elapsed time: 2389.2674899101257 seconds, Time limit: 10800.0 seconds
Initial  F(x): -0.12903172953 | 
# 1      F(x): -0.14811703170 |  |Df(x)|: 0.16126148270 |  Stepsize: 0.44204171119 | 
# 2      F(x): -0.16187262146 |  |Df(x)|: 0.12176647829 |  Stepsize: 0.32684139082 | 
# 3      F(x): -0.17199377479 |  |Df(x)|: 0.09506224497 |  Stepsize: 0.25808656624 | 
# 4      F(x): -0.17967519287 |  |Df(x)|: 0.07604024675 |  Stepsize: 0.22483146201 | 
# 5      F(x): -0.18566112850 |  |Df(x)|: 0.06204025459 |  Stepsize: 0.20037460961 | 
# 6      F(x): -0.19043306724 |  |Df(x)|: 0.05138337250 |  Stepsize: 0.18213181547 | 
# 7      F(x): -0.19430236333 |  |Df(x)|: 0.04305522274 |  Stepsize: 0.16853250230 | 
# 8      F(x): -0.19747866515 |  |Df(x)|: 0.03639918189 |  Stepsize: 0.15729372950 | 
# 9      F(x): -0.20011219934 |  |Df(x)|: 0.03101816772 |  Stepsize: 0.14839047747 | 
# 10     F(x): -0.20230868104 |  |Df(x)|: 0.02655194591 |  Stepsize: 0.13836681134 | 
# 11     F(x): -0.20413131937 |  |Df(x)|: 0.02335143614 |  Stepsize: 0.12008696001 | 
# 12     F(x): -0.20577494231 |  |Df(x)|: 0.01964632191 |  Stepsize: 0.10804125649 | 
# 13     F(x): -0.20714955600 |  |Df(x)|: 0.01698915819 |  Stepsize: 0.13166410332 | 
# 14     F(x): -0.20830809019 |  |Df(x)|: 0.01491457250 |  Stepsize: 0.11562697602 | 
# 15     F(x): -0.20935735757 |  |Df(x)|: 0.01229383899 |  Stepsize: 0.11551765217 | 
# 16     F(x): -0.21022609648 |  |Df(x)|: 0.01069829379 |  Stepsize: 0.13600940749 | 
# 17     F(x): -0.21096443245 |  |Df(x)|: 0.00927823650 |  Stepsize: 0.11642631642 | 
# 18     F(x): -0.21161890895 |  |Df(x)|: 0.00742030094 |  Stepsize: 0.14291815771 | 
# 19     F(x): -0.21215203702 |  |Df(x)|: 0.00648617095 |  Stepsize: 0.16293534176 | 
# 20     F(x): -0.21260454049 |  |Df(x)|: 0.00556742698 |  Stepsize: 0.13531172996 | 
# 21     F(x): -0.21298791307 |  |Df(x)|: 0.00433857612 |  Stepsize: 0.17341846776 | 
# 22     F(x): -0.21328417788 |  |Df(x)|: 0.00512935805 |  Stepsize: 0.16864587172 | 
# 23     F(x): -0.21355372766 |  |Df(x)|: 0.00397630010 |  Stepsize: 0.21626834815 | 
# 24     F(x): -0.21377970599 |  |Df(x)|: 0.00403638895 |  Stepsize: 0.20860881860 | 
# 25     F(x): -0.21398375532 |  |Df(x)|: 0.00334195576 |  Stepsize: 0.16539957661 | 
# 26     F(x): -0.21416289405 |  |Df(x)|: 0.00307357517 |  Stepsize: 0.19606592394 | 
# 27     F(x): -0.21431944014 |  |Df(x)|: 0.00362762892 |  Stepsize: 0.15027330689 | 
# 28     F(x): -0.21446822122 |  |Df(x)|: 0.00315150108 |  Stepsize: 0.18837769263 | 
# 29     F(x): -0.21460670048 |  |Df(x)|: 0.00320967720 |  Stepsize: 0.18125019876 | 
# 30     F(x): -0.21473585388 |  |Df(x)|: 0.00267035784 |  Stepsize: 0.13557622580 | 
# 31     F(x): -0.21485216363 |  |Df(x)|: 0.00256051208 |  Stepsize: 0.17357066910 | 
# 32     F(x): -0.21495394098 |  |Df(x)|: 0.00224351778 |  Stepsize: 0.17996012597 | 
# 33     F(x): -0.21504556882 |  |Df(x)|: 0.00205387241 |  Stepsize: 0.23010742107 | 
# 34     F(x): -0.21512609707 |  |Df(x)|: 0.00230366370 |  Stepsize: 0.22996349773 | 
# 35     F(x): -0.21520147787 |  |Df(x)|: 0.00206702784 |  Stepsize: 0.27204222984 | 
# 36     F(x): -0.21526918209 |  |Df(x)|: 0.00240734054 |  Stepsize: 0.26463236037 | 
# 37     F(x): -0.21533775849 |  |Df(x)|: 0.00217731769 |  Stepsize: 0.30996861602 | 
# 38     F(x): -0.21540450573 |  |Df(x)|: 0.00251929555 |  Stepsize: 0.29797128956 | 
# 39     F(x): -0.21547299945 |  |Df(x)|: 0.00218646241 |  Stepsize: 0.28828170938 | 
# 40     F(x): -0.21554099971 |  |Df(x)|: 0.00240923943 |  Stepsize: 0.33313339100 | 
# 41     F(x): -0.21560980728 |  |Df(x)|: 0.00188687767 |  Stepsize: 0.40073167807 | 
# 42     F(x): -0.21567908421 |  |Df(x)|: 0.00216884715 |  Stepsize: 0.57761451978 | 
# 43     F(x): -0.21573265209 |  |Df(x)|: 0.00273882918 |  Stepsize: 0.52427367954 | 
# 44     F(x): -0.21578575539 |  |Df(x)|: 0.00190668996 |  Stepsize: 1.00000000000 | 
# 45     F(x): -0.21583824505 |  |Df(x)|: 0.00194129698 |  Stepsize: 1.00000000000 | 
# 46     F(x): -0.21590103382 |  |Df(x)|: 0.00236269312 |  Stepsize: 0.60626358006 | 
# 47     F(x): -0.21595394416 |  |Df(x)|: 0.00201665245 |  Stepsize: 0.77124440979 | 
# 48     F(x): -0.21599725712 |  |Df(x)|: 0.00224726183 |  Stepsize: 0.76114455319 | 
# 49     F(x): -0.21604293463 |  |Df(x)|: 0.00191794567 |  Stepsize: 0.79419561085 | 
# 50     F(x): -0.21609668075 |  |Df(x)|: 0.00205004007 |  Stepsize: 0.54273474971 | 
# 51     F(x): -0.21614753949 |  |Df(x)|: 0.00184226771 |  Stepsize: 0.34640356060 | 
# 52     F(x): -0.21619986106 |  |Df(x)|: 0.00188062373 |  Stepsize: 0.40226849425 | 
# 53     F(x): -0.21624780816 |  |Df(x)|: 0.00207467700 |  Stepsize: 0.31947713865 | 
# 54     F(x): -0.21629691465 |  |Df(x)|: 0.00182107882 |  Stepsize: 0.42427317033 | 
# 55     F(x): -0.21634420071 |  |Df(x)|: 0.00228232139 |  Stepsize: 0.47635009692 | 
# 56     F(x): -0.21639431866 |  |Df(x)|: 0.00183557054 |  Stepsize: 0.45373380748 | 
# 57     F(x): -0.21644573890 |  |Df(x)|: 0.00193525999 |  Stepsize: 0.68640301421 | 
# 58     F(x): -0.21648810498 |  |Df(x)|: 0.00201037497 |  Stepsize: 0.50269264062 | 
# 59     F(x): -0.21653696104 |  |Df(x)|: 0.00191729531 |  Stepsize: 1.00000000000 | 
# 60     F(x): -0.21657575674 |  |Df(x)|: 0.00185486124 |  Stepsize: 0.50191253052 | 
# 61     F(x): -0.21662942439 |  |Df(x)|: 0.00190452637 |  Stepsize: 0.87172965052 | 
# 62     F(x): -0.21666882675 |  |Df(x)|: 0.00190135282 |  Stepsize: 0.43493578016 | 
# 63     F(x): -0.21671143745 |  |Df(x)|: 0.00164326854 |  Stepsize: 0.77719411467 | 
# 64     F(x): -0.21674749822 |  |Df(x)|: 0.00241404379 |  Stepsize: 0.62021910253 | 
# 65     F(x): -0.21678489442 |  |Df(x)|: 0.00168551924 |  Stepsize: 0.62723145815 | 
# 66     F(x): -0.21682908617 |  |Df(x)|: 0.00173837669 |  Stepsize: 0.90007347474 | 
# 67     F(x): -0.21686163675 |  |Df(x)|: 0.00169551456 |  Stepsize: 0.68283607795 | 
# 68     F(x): -0.21690098148 |  |Df(x)|: 0.00173336922 |  Stepsize: 1.00000000000 | 
# 69     F(x): -0.21693772727 |  |Df(x)|: 0.00176310124 |  Stepsize: 0.72648229973 | 
# 70     F(x): -0.21697921406 |  |Df(x)|: 0.00159653948 |  Stepsize: 0.98672858319 | 
# 71     F(x): -0.21702036407 |  |Df(x)|: 0.00181880644 |  Stepsize: 0.96617710726 | 
# 72     F(x): -0.21705428012 |  |Df(x)|: 0.00181937938 |  Stepsize: 0.64942716373 | 
# 73     F(x): -0.21709675074 |  |Df(x)|: 0.00177106264 |  Stepsize: 1.00000000000 | 
# 74     F(x): -0.21713609152 |  |Df(x)|: 0.00197291793 |  Stepsize: 0.91592483301 | 
# 75     F(x): -0.21717169322 |  |Df(x)|: 0.00152786733 |  Stepsize: 1.00000000000 | 
# 76     F(x): -0.21720654468 |  |Df(x)|: 0.00153420457 |  Stepsize: 1.00000000000 | 
# 77     F(x): -0.21723684406 |  |Df(x)|: 0.00162098610 |  Stepsize: 0.74202523064 | 
# 78     F(x): -0.21727178266 |  |Df(x)|: 0.00144369935 |  Stepsize: 1.00000000000 | 
# 79     F(x): -0.21729716779 |  |Df(x)|: 0.00207625582 |  Stepsize: 1.00000000000 | 
# 80     F(x): -0.21732246116 |  |Df(x)|: 0.00140069813 |  Stepsize: 1.00000000000 | 
# 81     F(x): -0.21734337219 |  |Df(x)|: 0.00172032668 |  Stepsize: 1.00000000000 | 
# 82     F(x): -0.21737098375 |  |Df(x)|: 0.00151587517 |  Stepsize: 0.84364090643 | 
# 83     F(x): -0.21739691903 |  |Df(x)|: 0.00148121605 |  Stepsize: 0.77342202845 | 
# 84     F(x): -0.21742371595 |  |Df(x)|: 0.00132566623 |  Stepsize: 0.83592258114 | 
# 85     F(x): -0.21744811775 |  |Df(x)|: 0.00158623574 |  Stepsize: 1.00000000000 | 
# 86     F(x): -0.21747382803 |  |Df(x)|: 0.00153555508 |  Stepsize: 0.98857453936 | 
# 87     F(x): -0.21749892727 |  |Df(x)|: 0.00144457312 |  Stepsize: 1.00000000000 | 
# 88     F(x): -0.21752026311 |  |Df(x)|: 0.00122317457 |  Stepsize: 1.00000000000 | 
# 89     F(x): -0.21753838669 |  |Df(x)|: 0.00113533266 |  Stepsize: 1.00000000000 | 
# 90     F(x): -0.21755989699 |  |Df(x)|: 0.00140902214 |  Stepsize: 0.88400623562 | 
# 91     F(x): -0.21757995274 |  |Df(x)|: 0.00133878908 |  Stepsize: 1.00000000000 | 
# 92     F(x): -0.21759782852 |  |Df(x)|: 0.00113741332 |  Stepsize: 1.00000000000 | 
# 93     F(x): -0.21761439049 |  |Df(x)|: 0.00120674828 |  Stepsize: 1.00000000000 | 
# 94     F(x): -0.21762644365 |  |Df(x)|: 0.00121931722 |  Stepsize: 0.76048297538 | 
# 95     F(x): -0.21764374665 |  |Df(x)|: 0.00129825078 |  Stepsize: 1.00000000000 | 
# 96     F(x): -0.21766128082 |  |Df(x)|: 0.00103762227 |  Stepsize: 1.00000000000 | 
# 97     F(x): -0.21767693582 |  |Df(x)|: 0.00105924313 |  Stepsize: 1.00000000000 | 
# 98     F(x): -0.21769481081 |  |Df(x)|: 0.00115172884 |  Stepsize: 0.79033836148 | 
# 99     F(x): -0.21771571368 |  |Df(x)|: 0.00116721387 |  Stepsize: 0.84103462233 | 
# 100    F(x): -0.21773493333 |  |Df(x)|: 0.00131447872 |  Stepsize: 0.88649104541 | 
# 101    F(x): -0.21775249977 |  |Df(x)|: 0.00105729320 |  Stepsize: 1.00000000000 | 
# 102    F(x): -0.21776951977 |  |Df(x)|: 0.00099526716 |  Stepsize: 1.00000000000 | 
# 103    F(x): -0.21778513417 |  |Df(x)|: 0.00128467997 |  Stepsize: 0.95978465231 | 
# 104    F(x): -0.21780081459 |  |Df(x)|: 0.00102693358 |  Stepsize: 1.00000000000 | 
# 105    F(x): -0.21781443363 |  |Df(x)|: 0.00113462299 |  Stepsize: 1.00000000000 | 
# 106    F(x): -0.21782818339 |  |Df(x)|: 0.00105432464 |  Stepsize: 1.00000000000 | 
# 107    F(x): -0.21784310603 |  |Df(x)|: 0.00105439818 |  Stepsize: 1.00000000000 | 
# 108    F(x): -0.21785728128 |  |Df(x)|: 0.00088387398 |  Stepsize: 1.00000000000 | 
# 109    F(x): -0.21787042528 |  |Df(x)|: 0.00093367349 |  Stepsize: 1.00000000000 | 
# 110    F(x): -0.21788202674 |  |Df(x)|: 0.00143167502 |  Stepsize: 1.00000000000 | 
# 111    F(x): -0.21789484432 |  |Df(x)|: 0.00084327662 |  Stepsize: 1.00000000000 | 
# 112    F(x): -0.21790419514 |  |Df(x)|: 0.00078145164 |  Stepsize: 1.00000000000 | 
# 113    F(x): -0.21791512077 |  |Df(x)|: 0.00125499210 |  Stepsize: 1.00000000000 | 
# 114    F(x): -0.21792881990 |  |Df(x)|: 0.00091217838 |  Stepsize: 1.00000000000 | 
# 115    F(x): -0.21794049537 |  |Df(x)|: 0.00094275986 |  Stepsize: 1.00000000000 | 
# 116    F(x): -0.21795071964 |  |Df(x)|: 0.00096177120 |  Stepsize: 1.00000000000 | 
# 117    F(x): -0.21795951762 |  |Df(x)|: 0.00079700516 |  Stepsize: 1.00000000000 | 
# 118    F(x): -0.21797304960 |  |Df(x)|: 0.00081530396 |  Stepsize: 1.00000000000 | 
# 119    F(x): -0.21798449034 |  |Df(x)|: 0.00136810819 |  Stepsize: 1.00000000000 | 
# 120    F(x): -0.21799617177 |  |Df(x)|: 0.00084911048 |  Stepsize: 1.00000000000 | 
# 121    F(x): -0.21800583453 |  |Df(x)|: 0.00083015667 |  Stepsize: 1.00000000000 | 
# 122    F(x): -0.21801325621 |  |Df(x)|: 0.00101503288 |  Stepsize: 0.96095898873 | 
# 123    F(x): -0.21802189822 |  |Df(x)|: 0.00121063211 |  Stepsize: 1.00000000000 | 
# 124    F(x): -0.21803081560 |  |Df(x)|: 0.00070617245 |  Stepsize: 1.00000000000 | 
# 125    F(x): -0.21803884684 |  |Df(x)|: 0.00067617094 |  Stepsize: 1.00000000000 | 
# 126    F(x): -0.21804543097 |  |Df(x)|: 0.00082963151 |  Stepsize: 1.00000000000 | 
# 127    F(x): -0.21805428456 |  |Df(x)|: 0.00075187047 |  Stepsize: 1.00000000000 | 
# 128    F(x): -0.21806242498 |  |Df(x)|: 0.00096815142 |  Stepsize: 1.00000000000 | 
# 129    F(x): -0.21807004472 |  |Df(x)|: 0.00067333624 |  Stepsize: 1.00000000000 | 
# 130    F(x): -0.21807600380 |  |Df(x)|: 0.00060400336 |  Stepsize: 1.00000000000 | 
# 131    F(x): -0.21808449510 |  |Df(x)|: 0.00075750957 |  Stepsize: 1.00000000000 | 
# 132    F(x): -0.21809147808 |  |Df(x)|: 0.00089230335 |  Stepsize: 1.00000000000 | 
# 133    F(x): -0.21809728629 |  |Df(x)|: 0.00065125172 |  Stepsize: 1.00000000000 | 
# 134    F(x): -0.21810356862 |  |Df(x)|: 0.00083952981 |  Stepsize: 1.00000000000 | 
# 135    F(x): -0.21810871597 |  |Df(x)|: 0.00062780213 |  Stepsize: 1.00000000000 | 
# 136    F(x): -0.21811546996 |  |Df(x)|: 0.00058789282 |  Stepsize: 1.00000000000 | 
# 137    F(x): -0.21812145371 |  |Df(x)|: 0.00104909544 |  Stepsize: 1.00000000000 | 
# 138    F(x): -0.21812733380 |  |Df(x)|: 0.00062326323 |  Stepsize: 1.00000000000 | 
# 139    F(x): -0.21813265879 |  |Df(x)|: 0.00055127956 |  Stepsize: 1.00000000000 | 
# 140    F(x): -0.21813841777 |  |Df(x)|: 0.00077120172 |  Stepsize: 1.00000000000 | 
# 141    F(x): -0.21814362074 |  |Df(x)|: 0.00104995839 |  Stepsize: 1.00000000000 | 
# 142    F(x): -0.21815005933 |  |Df(x)|: 0.00061960563 |  Stepsize: 1.00000000000 | 
# 143    F(x): -0.21815646513 |  |Df(x)|: 0.00054787062 |  Stepsize: 1.00000000000 | 
# 144    F(x): -0.21816171545 |  |Df(x)|: 0.00064080845 |  Stepsize: 1.00000000000 | 
# 145    F(x): -0.21816814874 |  |Df(x)|: 0.00103797970 |  Stepsize: 0.95633391091 | 
# 146    F(x): -0.21817464365 |  |Df(x)|: 0.00061508965 |  Stepsize: 1.00000000000 | 
# 147    F(x): -0.21817938146 |  |Df(x)|: 0.00065440390 |  Stepsize: 1.00000000000 | 
# 148    F(x): -0.21818444995 |  |Df(x)|: 0.00069897135 |  Stepsize: 1.00000000000 | 
# 149    F(x): -0.21819119831 |  |Df(x)|: 0.00108754445 |  Stepsize: 0.94492058198 | 
# 150    F(x): -0.21820042678 |  |Df(x)|: 0.00067904799 |  Stepsize: 1.00000000000 | 
# 151    F(x): -0.21820930240 |  |Df(x)|: 0.00069778407 |  Stepsize: 1.00000000000 | 
# 152    F(x): -0.21821558623 |  |Df(x)|: 0.00092535412 |  Stepsize: 1.00000000000 | 
# 153    F(x): -0.21822428961 |  |Df(x)|: 0.00070742121 |  Stepsize: 1.00000000000 | 
# 154    F(x): -0.21823280686 |  |Df(x)|: 0.00088969953 |  Stepsize: 1.00000000000 | 
# 155    F(x): -0.21823965390 |  |Df(x)|: 0.00078393104 |  Stepsize: 1.00000000000 | 
# 156    F(x): -0.21824538120 |  |Df(x)|: 0.00068425944 |  Stepsize: 1.00000000000 | 
# 157    F(x): -0.21825402123 |  |Df(x)|: 0.00100804839 |  Stepsize: 1.00000000000 | 
# 158    F(x): -0.21825847542 |  |Df(x)|: 0.00107115048 |  Stepsize: 1.00000000000 | 
# 159    F(x): -0.21826395011 |  |Df(x)|: 0.00062889174 |  Stepsize: 1.00000000000 | 
# 160    F(x): -0.21826822221 |  |Df(x)|: 0.00077484350 |  Stepsize: 1.00000000000 | 
# 161    F(x): -0.21827413128 |  |Df(x)|: 0.00059252614 |  Stepsize: 1.00000000000 | 
# 162    F(x): -0.21828047111 |  |Df(x)|: 0.00093548727 |  Stepsize: 1.00000000000 | 
# 163    F(x): -0.21828757669 |  |Df(x)|: 0.00063452621 |  Stepsize: 1.00000000000 | 
# 164    F(x): -0.21829218578 |  |Df(x)|: 0.00057323372 |  Stepsize: 1.00000000000 | 
# 165    F(x): -0.21829730476 |  |Df(x)|: 0.00057812408 |  Stepsize: 1.00000000000 | 
# 166    F(x): -0.21830432934 |  |Df(x)|: 0.00085955500 |  Stepsize: 1.00000000000 | 
# 167    F(x): -0.21831083915 |  |Df(x)|: 0.00069460064 |  Stepsize: 1.00000000000 | 
# 168    F(x): -0.21831558574 |  |Df(x)|: 0.00053468367 |  Stepsize: 1.00000000000 | 
# 169    F(x): -0.21832149895 |  |Df(x)|: 0.00050393997 |  Stepsize: 1.00000000000 | 
# 170    F(x): -0.21832687776 |  |Df(x)|: 0.00074384652 |  Stepsize: 1.00000000000 | 
# 171    F(x): -0.21833272832 |  |Df(x)|: 0.00055913980 |  Stepsize: 1.00000000000 | 
# 172    F(x): -0.21833711970 |  |Df(x)|: 0.00051042232 |  Stepsize: 1.00000000000 | 
# 173    F(x): -0.21834079841 |  |Df(x)|: 0.00047828366 |  Stepsize: 1.00000000000 | 
# 174    F(x): -0.21834428403 |  |Df(x)|: 0.00072210484 |  Stepsize: 1.00000000000 | 
# 175    F(x): -0.21834866225 |  |Df(x)|: 0.00059895328 |  Stepsize: 1.00000000000 | 
# 176    F(x): -0.21835209646 |  |Df(x)|: 0.00045064664 |  Stepsize: 1.00000000000 | 
# 177    F(x): -0.21835524092 |  |Df(x)|: 0.00042857324 |  Stepsize: 1.00000000000 | 
# 178    F(x): -0.21835909792 |  |Df(x)|: 0.00058476375 |  Stepsize: 1.00000000000 | 
# 179    F(x): -0.21836291302 |  |Df(x)|: 0.00052645105 |  Stepsize: 1.00000000000 | 
# 180    F(x): -0.21836625548 |  |Df(x)|: 0.00042121197 |  Stepsize: 1.00000000000 | 
# 181    F(x): -0.21837047682 |  |Df(x)|: 0.00054578431 |  Stepsize: 1.00000000000 | 
# 182    F(x): -0.21837473056 |  |Df(x)|: 0.00059663829 |  Stepsize: 1.00000000000 | 
# 183    F(x): -0.21837940528 |  |Df(x)|: 0.00052460182 |  Stepsize: 1.00000000000 | 
# 184    F(x): -0.21838439283 |  |Df(x)|: 0.00057961824 |  Stepsize: 1.00000000000 | 
# 185    F(x): -0.21838884421 |  |Df(x)|: 0.00063099174 |  Stepsize: 1.00000000000 | 
# 186    F(x): -0.21839377292 |  |Df(x)|: 0.00062054321 |  Stepsize: 1.00000000000 | 
# 187    F(x): -0.21840057783 |  |Df(x)|: 0.00083944235 |  Stepsize: 1.00000000000 | 
# 188    F(x): -0.21840684850 |  |Df(x)|: 0.00073476040 |  Stepsize: 1.00000000000 | 
# 189    F(x): -0.21841268547 |  |Df(x)|: 0.00059453364 |  Stepsize: 1.00000000000 | 
# 190    F(x): -0.21841970025 |  |Df(x)|: 0.00109248743 |  Stepsize: 1.00000000000 | 
# 191    F(x): -0.21842524633 |  |Df(x)|: 0.00078703454 |  Stepsize: 1.00000000000 | 
# 192    F(x): -0.21842975784 |  |Df(x)|: 0.00070793032 |  Stepsize: 1.00000000000 | 
# 193    F(x): -0.21843240729 |  |Df(x)|: 0.00134482530 |  Stepsize: 1.00000000000 | 
# 194    F(x): -0.21843841536 |  |Df(x)|: 0.00053390056 |  Stepsize: 1.00000000000 | 
# 195    F(x): -0.21844160754 |  |Df(x)|: 0.00038738104 |  Stepsize: 1.00000000000 | 
# 196    F(x): -0.21844512170 |  |Df(x)|: 0.00049423669 |  Stepsize: 1.00000000000 | 
# 197    F(x): -0.21845046279 |  |Df(x)|: 0.00054634344 |  Stepsize: 1.00000000000 | 
# 198    F(x): -0.21845281781 |  |Df(x)|: 0.00099249465 |  Stepsize: 0.50000000000 | 
# 199    F(x): -0.21845759389 |  |Df(x)|: 0.00043000546 |  Stepsize: 1.00000000000 | 
# 200    F(x): -0.21846019667 |  |Df(x)|: 0.00033179906 |  Stepsize: 1.00000000000 | 
# 201    F(x): -0.21846323117 |  |Df(x)|: 0.00043868464 |  Stepsize: 1.00000000000 | 
# 202    F(x): -0.21846592118 |  |Df(x)|: 0.00082998901 |  Stepsize: 1.00000000000 | 
# 203    F(x): -0.21846962387 |  |Df(x)|: 0.00040576618 |  Stepsize: 1.00000000000 | 
# 204    F(x): -0.21847203604 |  |Df(x)|: 0.00032329643 |  Stepsize: 1.00000000000 | 
# 205    F(x): -0.21847447519 |  |Df(x)|: 0.00041491980 |  Stepsize: 1.00000000000 | 
# 206    F(x): -0.21847693285 |  |Df(x)|: 0.00073695995 |  Stepsize: 1.00000000000 | 
# 207    F(x): -0.21847996260 |  |Df(x)|: 0.00041062158 |  Stepsize: 1.00000000000 | 
# 208    F(x): -0.21848248434 |  |Df(x)|: 0.00041402358 |  Stepsize: 1.00000000000 | 
# 209    F(x): -0.21848460140 |  |Df(x)|: 0.00042166321 |  Stepsize: 1.00000000000 | 
# 210    F(x): -0.21848714548 |  |Df(x)|: 0.00051236586 |  Stepsize: 1.00000000000 | 
# 211    F(x): -0.21849020499 |  |Df(x)|: 0.00037573562 |  Stepsize: 1.00000000000 | 
# 212    F(x): -0.21849239993 |  |Df(x)|: 0.00036031590 |  Stepsize: 1.00000000000 | 
# 213    F(x): -0.21849502932 |  |Df(x)|: 0.00042609355 |  Stepsize: 1.00000000000 | 
# 214    F(x): -0.21849727409 |  |Df(x)|: 0.00052739537 |  Stepsize: 1.00000000000 | 
# 215    F(x): -0.21849941056 |  |Df(x)|: 0.00035618656 |  Stepsize: 1.00000000000 | 
# 216    F(x): -0.21850132273 |  |Df(x)|: 0.00036818066 |  Stepsize: 1.00000000000 | 
# 217    F(x): -0.21850309543 |  |Df(x)|: 0.00046975299 |  Stepsize: 1.00000000000 | 
# 218    F(x): -0.21850537621 |  |Df(x)|: 0.00038361094 |  Stepsize: 1.00000000000 | 
# 219    F(x): -0.21850898893 |  |Df(x)|: 0.00043368186 |  Stepsize: 1.00000000000 | 
# 220    F(x): -0.21851108143 |  |Df(x)|: 0.00066800866 |  Stepsize: 1.00000000000 | 
# 221    F(x): -0.21851359398 |  |Df(x)|: 0.00038082999 |  Stepsize: 1.00000000000 | 
# 222    F(x): -0.21851626986 |  |Df(x)|: 0.00036406688 |  Stepsize: 1.00000000000 | 
# 223    F(x): -0.21851858408 |  |Df(x)|: 0.00045688203 |  Stepsize: 1.00000000000 | 
# 224    F(x): -0.21852169139 |  |Df(x)|: 0.00063375145 |  Stepsize: 0.90179038267 | 
# 225    F(x): -0.21852526371 |  |Df(x)|: 0.00041802321 |  Stepsize: 1.00000000000 | 
# 226    F(x): -0.21852794734 |  |Df(x)|: 0.00037159856 |  Stepsize: 1.00000000000 | 
# 227    F(x): -0.21853071499 |  |Df(x)|: 0.00045037580 |  Stepsize: 1.00000000000 | 
# 228    F(x): -0.21853388167 |  |Df(x)|: 0.00069406162 |  Stepsize: 1.00000000000 | 
# 229    F(x): -0.21853736551 |  |Df(x)|: 0.00043128028 |  Stepsize: 1.00000000000 | 
# 230    F(x): -0.21853988914 |  |Df(x)|: 0.00049827357 |  Stepsize: 1.00000000000 | 
# 231    F(x): -0.21854277806 |  |Df(x)|: 0.00043085196 |  Stepsize: 1.00000000000 | 
# 232    F(x): -0.21854598132 |  |Df(x)|: 0.00047270299 |  Stepsize: 1.00000000000 | 
# 233    F(x): -0.21854942047 |  |Df(x)|: 0.00048584788 |  Stepsize: 1.00000000000 | 
# 234    F(x): -0.21855237664 |  |Df(x)|: 0.00045162570 |  Stepsize: 1.00000000000 | 
# 235    F(x): -0.21855594426 |  |Df(x)|: 0.00042593085 |  Stepsize: 1.00000000000 | 
# 236    F(x): -0.21856024002 |  |Df(x)|: 0.00055051502 |  Stepsize: 1.00000000000 | 
# 237    F(x): -0.21856428646 |  |Df(x)|: 0.00065824101 |  Stepsize: 1.00000000000 | 
# 238    F(x): -0.21856819529 |  |Df(x)|: 0.00046967144 |  Stepsize: 1.00000000000 | 
# 239    F(x): -0.21857281866 |  |Df(x)|: 0.00047022189 |  Stepsize: 1.00000000000 | 
# 240    F(x): -0.21857594753 |  |Df(x)|: 0.00075597913 |  Stepsize: 1.00000000000 | 
# 241    F(x): -0.21857996122 |  |Df(x)|: 0.00058795870 |  Stepsize: 1.00000000000 | 
# 242    F(x): -0.21858306105 |  |Df(x)|: 0.00096720369 |  Stepsize: 1.00000000000 | 
# 243    F(x): -0.21858801218 |  |Df(x)|: 0.00048014462 |  Stepsize: 1.00000000000 | 
# 244    F(x): -0.21859127793 |  |Df(x)|: 0.00041194448 |  Stepsize: 1.00000000000 | 
# 245    F(x): -0.21859563326 |  |Df(x)|: 0.00061346287 |  Stepsize: 1.00000000000 | 
# 246    F(x): -0.21859976334 |  |Df(x)|: 0.00107931529 |  Stepsize: 1.00000000000 | 
# 247    F(x): -0.21860522923 |  |Df(x)|: 0.00062633289 |  Stepsize: 1.00000000000 | 
# 248    F(x): -0.21861057490 |  |Df(x)|: 0.00053704026 |  Stepsize: 1.00000000000 | 
# 249    F(x): -0.21861528339 |  |Df(x)|: 0.00061962818 |  Stepsize: 1.00000000000 | 
# 250    F(x): -0.21861960156 |  |Df(x)|: 0.00116944396 |  Stepsize: 1.00000000000 | 
# 251    F(x): -0.21862853734 |  |Df(x)|: 0.00082400154 |  Stepsize: 1.00000000000 | 
# 252    F(x): -0.21863474020 |  |Df(x)|: 0.00054489733 |  Stepsize: 1.00000000000 | 
# 253    F(x): -0.21864072878 |  |Df(x)|: 0.00066150310 |  Stepsize: 1.00000000000 | 
# 254    F(x): -0.21864759647 |  |Df(x)|: 0.00072919957 |  Stepsize: 1.00000000000 | 
# 255    F(x): -0.21865457118 |  |Df(x)|: 0.00089465722 |  Stepsize: 1.00000000000 | 
# 256    F(x): -0.21866172404 |  |Df(x)|: 0.00055776849 |  Stepsize: 1.00000000000 | 
# 257    F(x): -0.21866628182 |  |Df(x)|: 0.00054265588 |  Stepsize: 1.00000000000 | 
# 258    F(x): -0.21867074214 |  |Df(x)|: 0.00061436449 |  Stepsize: 1.00000000000 | 
# 259    F(x): -0.21867502965 |  |Df(x)|: 0.00086625001 |  Stepsize: 0.77512808269 | 
# 260    F(x): -0.21868114424 |  |Df(x)|: 0.00072239104 |  Stepsize: 1.00000000000 | 
# 261    F(x): -0.21868490711 |  |Df(x)|: 0.00043915045 |  Stepsize: 1.00000000000 | 
# 262    F(x): -0.21868858307 |  |Df(x)|: 0.00044847223 |  Stepsize: 1.00000000000 | 
# 263    F(x): -0.21869352276 |  |Df(x)|: 0.00060092718 |  Stepsize: 1.00000000000 | 
# 264    F(x): -0.21869701598 |  |Df(x)|: 0.00094022978 |  Stepsize: 1.00000000000 | 
# 265    F(x): -0.21870176196 |  |Df(x)|: 0.00042490216 |  Stepsize: 1.00000000000 | 
# 266    F(x): -0.21870463396 |  |Df(x)|: 0.00041505811 |  Stepsize: 1.00000000000 | 
# 267    F(x): -0.21870751407 |  |Df(x)|: 0.00048811424 |  Stepsize: 1.00000000000 | 
# 268    F(x): -0.21871038256 |  |Df(x)|: 0.00080261158 |  Stepsize: 1.00000000000 | 
# 269    F(x): -0.21871387723 |  |Df(x)|: 0.00040960631 |  Stepsize: 1.00000000000 | 
# 270    F(x): -0.21871609141 |  |Df(x)|: 0.00037495841 |  Stepsize: 1.00000000000 | 
# 271    F(x): -0.21871843313 |  |Df(x)|: 0.00043806600 |  Stepsize: 1.00000000000 | 
# 272    F(x): -0.21872116184 |  |Df(x)|: 0.00083473118 |  Stepsize: 1.00000000000 | 
# 273    F(x): -0.21872430245 |  |Df(x)|: 0.00039847145 |  Stepsize: 1.00000000000 | 
# 274    F(x): -0.21872598389 |  |Df(x)|: 0.00032462701 |  Stepsize: 1.00000000000 | 
# 275    F(x): -0.21872836145 |  |Df(x)|: 0.00039310725 |  Stepsize: 1.00000000000 | 
# 276    F(x): -0.21873104264 |  |Df(x)|: 0.00064538845 |  Stepsize: 1.00000000000 | 
# 277    F(x): -0.21873390379 |  |Df(x)|: 0.00038715273 |  Stepsize: 1.00000000000 | 
# 278    F(x): -0.21873667321 |  |Df(x)|: 0.00032870863 |  Stepsize: 1.00000000000 | 
# 279    F(x): -0.21873890192 |  |Df(x)|: 0.00043849433 |  Stepsize: 1.00000000000 | 
# 280    F(x): -0.21874152628 |  |Df(x)|: 0.00046979333 |  Stepsize: 1.00000000000 | 
# 281    F(x): -0.21874429234 |  |Df(x)|: 0.00037541170 |  Stepsize: 1.00000000000 | 
# 282    F(x): -0.21874730317 |  |Df(x)|: 0.00041747336 |  Stepsize: 1.00000000000 | 
# 283    F(x): -0.21874953311 |  |Df(x)|: 0.00043338778 |  Stepsize: 1.00000000000 | 
# 284    F(x): -0.21875201473 |  |Df(x)|: 0.00037188281 |  Stepsize: 1.00000000000 | 
# 285    F(x): -0.21875508846 |  |Df(x)|: 0.00051369751 |  Stepsize: 1.00000000000 | 
# 286    F(x): -0.21875777311 |  |Df(x)|: 0.00045501553 |  Stepsize: 1.00000000000 | 
# 287    F(x): -0.21876016315 |  |Df(x)|: 0.00048502255 |  Stepsize: 1.00000000000 | 
# 288    F(x): -0.21876297634 |  |Df(x)|: 0.00056893402 |  Stepsize: 1.00000000000 | 
# 289    F(x): -0.21876598020 |  |Df(x)|: 0.00041858965 |  Stepsize: 1.00000000000 | 
# 290    F(x): -0.21876892795 |  |Df(x)|: 0.00039224879 |  Stepsize: 1.00000000000 | 
# 291    F(x): -0.21877324938 |  |Df(x)|: 0.00051489735 |  Stepsize: 1.00000000000 | 
# 292    F(x): -0.21877633219 |  |Df(x)|: 0.00072313429 |  Stepsize: 1.00000000000 | 
# 293    F(x): -0.21877999634 |  |Df(x)|: 0.00043839906 |  Stepsize: 1.00000000000 | 
# 294    F(x): -0.21878400528 |  |Df(x)|: 0.00054908370 |  Stepsize: 1.00000000000 | 
# 295    F(x): -0.21878672701 |  |Df(x)|: 0.00057380964 |  Stepsize: 1.00000000000 | 
# 296    F(x): -0.21879055856 |  |Df(x)|: 0.00039154089 |  Stepsize: 1.00000000000 | 
# 297    F(x): -0.21879478703 |  |Df(x)|: 0.00050856147 |  Stepsize: 1.00000000000 | 
# 298    F(x): -0.21879529969 |  |Df(x)|: 0.00095097809 |  Stepsize: 1.00000000000 | 
At iteration 298 the algorithm performed a step with an absolute cost change (5.126571572811045e-7) less than 1.0000000000000002e-6.after: rho = 4.0, f = -0.0, pen = 0.00786237146594653, alm = -0.2259210012309936, z = 0.0
cur_pen: 0.08867001446907816 < 1.0000000000000002e-6, norm_vgl: 0.023462767558683126<1.0000000000000002e-6
Elapsed time: 3162.8235058784485 seconds, Time limit: 10800.0 seconds
Initial  F(x): -0.14729728657 | 
# 1      F(x): -0.14879376864 |  |Df(x)|: 0.03597132362 |  Stepsize: 1.00000000000 | 
# 2      F(x): -0.15198175784 |  |Df(x)|: 0.02993473058 |  Stepsize: 0.16808442290 | 
# 3      F(x): -0.15450766527 |  |Df(x)|: 0.02490282569 |  Stepsize: 0.14448833172 | 
# 4      F(x): -0.15664690349 |  |Df(x)|: 0.01944589906 |  Stepsize: 0.15889191767 | 
# 5      F(x): -0.15827170826 |  |Df(x)|: 0.01590599960 |  Stepsize: 0.18681405479 | 
# 6      F(x): -0.15954356759 |  |Df(x)|: 0.01172787977 |  Stepsize: 0.19344193115 | 
# 7      F(x): -0.16048768680 |  |Df(x)|: 0.00818941311 |  Stepsize: 0.25967100003 | 
# 8      F(x): -0.16112718675 |  |Df(x)|: 0.00741488776 |  Stepsize: 0.30887877094 | 
# 9      F(x): -0.16158851627 |  |Df(x)|: 0.00628263779 |  Stepsize: 0.33509394137 | 
# 10     F(x): -0.16191291705 |  |Df(x)|: 0.00630727380 |  Stepsize: 0.46327072438 | 
# 11     F(x): -0.16217247625 |  |Df(x)|: 0.00661496675 |  Stepsize: 0.45040505972 | 
# 12     F(x): -0.16243088315 |  |Df(x)|: 0.00623893816 |  Stepsize: 0.41284500702 | 
# 13     F(x): -0.16267976891 |  |Df(x)|: 0.00621344236 |  Stepsize: 0.29988516759 | 
# 14     F(x): -0.16292247887 |  |Df(x)|: 0.00494050141 |  Stepsize: 0.29407997944 | 
# 15     F(x): -0.16313014672 |  |Df(x)|: 0.00522863400 |  Stepsize: 0.32442537506 | 
# 16     F(x): -0.16331540599 |  |Df(x)|: 0.00374196583 |  Stepsize: 0.37262893529 | 
# 17     F(x): -0.16346233904 |  |Df(x)|: 0.00416839719 |  Stepsize: 0.53653380625 | 
# 18     F(x): -0.16359044154 |  |Df(x)|: 0.00413224025 |  Stepsize: 0.55431327076 | 
# 19     F(x): -0.16371838169 |  |Df(x)|: 0.00414412094 |  Stepsize: 0.71774276831 | 
# 20     F(x): -0.16384331306 |  |Df(x)|: 0.00441298937 |  Stepsize: 0.49081229687 | 
# 21     F(x): -0.16397800305 |  |Df(x)|: 0.00362093758 |  Stepsize: 0.50892932526 | 
# 22     F(x): -0.16410100660 |  |Df(x)|: 0.00427049595 |  Stepsize: 0.41511951930 | 
# 23     F(x): -0.16422116724 |  |Df(x)|: 0.00337818817 |  Stepsize: 0.43296524304 | 
# 24     F(x): -0.16433025273 |  |Df(x)|: 0.00378261164 |  Stepsize: 0.46884764514 | 
# 25     F(x): -0.16443400135 |  |Df(x)|: 0.00346544501 |  Stepsize: 0.39019627600 | 
# 26     F(x): -0.16453684876 |  |Df(x)|: 0.00350726777 |  Stepsize: 0.41770617805 | 
# 27     F(x): -0.16463668258 |  |Df(x)|: 0.00357938412 |  Stepsize: 0.34061352555 | 
# 28     F(x): -0.16473432382 |  |Df(x)|: 0.00335528498 |  Stepsize: 0.37339606743 | 
# 29     F(x): -0.16482754804 |  |Df(x)|: 0.00351474873 |  Stepsize: 0.40169477417 | 
# 30     F(x): -0.16491585551 |  |Df(x)|: 0.00303267322 |  Stepsize: 0.54909355146 | 
# 31     F(x): -0.16499443408 |  |Df(x)|: 0.00390445497 |  Stepsize: 0.71643312450 | 
# 32     F(x): -0.16507612618 |  |Df(x)|: 0.00344437973 |  Stepsize: 0.93885592649 | 
# 33     F(x): -0.16514895515 |  |Df(x)|: 0.00329649563 |  Stepsize: 1.00000000000 | 
# 34     F(x): -0.16523132631 |  |Df(x)|: 0.00327594739 |  Stepsize: 1.00000000000 | 
# 35     F(x): -0.16527850535 |  |Df(x)|: 0.00431175133 |  Stepsize: 1.00000000000 | 
# 36     F(x): -0.16532627545 |  |Df(x)|: 0.00260242149 |  Stepsize: 1.00000000000 | 
# 37     F(x): -0.16538364447 |  |Df(x)|: 0.00216200563 |  Stepsize: 1.00000000000 | 
# 38     F(x): -0.16543185745 |  |Df(x)|: 0.00281488353 |  Stepsize: 1.00000000000 | 
# 39     F(x): -0.16547785937 |  |Df(x)|: 0.00316277821 |  Stepsize: 0.58283452679 | 
# 40     F(x): -0.16552342640 |  |Df(x)|: 0.00216816518 |  Stepsize: 1.00000000000 | 
# 41     F(x): -0.16555921075 |  |Df(x)|: 0.00218564019 |  Stepsize: 1.00000000000 | 
# 42     F(x): -0.16559741807 |  |Df(x)|: 0.00267746172 |  Stepsize: 1.00000000000 | 
# 43     F(x): -0.16563183550 |  |Df(x)|: 0.00265085000 |  Stepsize: 1.00000000000 | 
# 44     F(x): -0.16566690977 |  |Df(x)|: 0.00199996288 |  Stepsize: 1.00000000000 | 
# 45     F(x): -0.16570154106 |  |Df(x)|: 0.00243884605 |  Stepsize: 1.00000000000 | 
# 46     F(x): -0.16573500761 |  |Df(x)|: 0.00269284554 |  Stepsize: 1.00000000000 | 
# 47     F(x): -0.16576542502 |  |Df(x)|: 0.00205893595 |  Stepsize: 1.00000000000 | 
# 48     F(x): -0.16580181347 |  |Df(x)|: 0.00209361703 |  Stepsize: 1.00000000000 | 
# 49     F(x): -0.16584043714 |  |Df(x)|: 0.00284843287 |  Stepsize: 0.97949277902 | 
# 50     F(x): -0.16588092602 |  |Df(x)|: 0.00244944255 |  Stepsize: 0.97423863520 | 
# 51     F(x): -0.16591521528 |  |Df(x)|: 0.00209853595 |  Stepsize: 1.00000000000 | 
# 52     F(x): -0.16594805039 |  |Df(x)|: 0.00238192691 |  Stepsize: 1.00000000000 | 
# 53     F(x): -0.16598000810 |  |Df(x)|: 0.00301086692 |  Stepsize: 1.00000000000 | 
# 54     F(x): -0.16601324750 |  |Df(x)|: 0.00247369125 |  Stepsize: 1.00000000000 | 
# 55     F(x): -0.16604822456 |  |Df(x)|: 0.00246405121 |  Stepsize: 1.00000000000 | 
# 56     F(x): -0.16608070545 |  |Df(x)|: 0.00283132505 |  Stepsize: 1.00000000000 | 
# 57     F(x): -0.16611515646 |  |Df(x)|: 0.00222044273 |  Stepsize: 1.00000000000 | 
# 58     F(x): -0.16615341348 |  |Df(x)|: 0.00253322636 |  Stepsize: 1.00000000000 | 
# 59     F(x): -0.16618316847 |  |Df(x)|: 0.00331249326 |  Stepsize: 0.74557379729 | 
# 60     F(x): -0.16620999937 |  |Df(x)|: 0.00218088848 |  Stepsize: 1.00000000000 | 
# 61     F(x): -0.16623929442 |  |Df(x)|: 0.00248865167 |  Stepsize: 1.00000000000 | 
# 62     F(x): -0.16627065565 |  |Df(x)|: 0.00242796172 |  Stepsize: 0.99767599597 | 
# 63     F(x): -0.16630070156 |  |Df(x)|: 0.00214041817 |  Stepsize: 1.00000000000 | 
# 64     F(x): -0.16632144490 |  |Df(x)|: 0.00480387121 |  Stepsize: 0.92389949173 | 
# 65     F(x): -0.16634931956 |  |Df(x)|: 0.00183894866 |  Stepsize: 1.00000000000 | 
# 66     F(x): -0.16636171932 |  |Df(x)|: 0.00179045427 |  Stepsize: 1.00000000000 | 
# 67     F(x): -0.16639028743 |  |Df(x)|: 0.00201801554 |  Stepsize: 1.00000000000 | 
# 68     F(x): -0.16641678974 |  |Df(x)|: 0.00314579445 |  Stepsize: 1.00000000000 | 
# 69     F(x): -0.16644093158 |  |Df(x)|: 0.00193673666 |  Stepsize: 1.00000000000 | 
# 70     F(x): -0.16645543891 |  |Df(x)|: 0.00138683056 |  Stepsize: 1.00000000000 | 
# 71     F(x): -0.16647403831 |  |Df(x)|: 0.00186605963 |  Stepsize: 1.00000000000 | 
# 72     F(x): -0.16649039633 |  |Df(x)|: 0.00271345482 |  Stepsize: 1.00000000000 | 
# 73     F(x): -0.16651207878 |  |Df(x)|: 0.00180641175 |  Stepsize: 1.00000000000 | 
# 74     F(x): -0.16653655439 |  |Df(x)|: 0.00164871985 |  Stepsize: 1.00000000000 | 
# 75     F(x): -0.16655169938 |  |Df(x)|: 0.00263663172 |  Stepsize: 1.00000000000 | 
# 76     F(x): -0.16656956420 |  |Df(x)|: 0.00191089899 |  Stepsize: 1.00000000000 | 
# 77     F(x): -0.16659181910 |  |Df(x)|: 0.00190556829 |  Stepsize: 1.00000000000 | 
# 78     F(x): -0.16660547973 |  |Df(x)|: 0.00208843999 |  Stepsize: 1.00000000000 | 
# 79     F(x): -0.16661831690 |  |Df(x)|: 0.00166072986 |  Stepsize: 1.00000000000 | 
# 80     F(x): -0.16663929961 |  |Df(x)|: 0.00192476784 |  Stepsize: 0.90326404827 | 
# 81     F(x): -0.16665137147 |  |Df(x)|: 0.00264389651 |  Stepsize: 1.00000000000 | 
# 82     F(x): -0.16666376725 |  |Df(x)|: 0.00182116965 |  Stepsize: 1.00000000000 | 
# 83     F(x): -0.16668271684 |  |Df(x)|: 0.00182957358 |  Stepsize: 1.00000000000 | 
# 84     F(x): -0.16669397085 |  |Df(x)|: 0.00144089836 |  Stepsize: 1.00000000000 | 
# 85     F(x): -0.16670719219 |  |Df(x)|: 0.00142009859 |  Stepsize: 1.00000000000 | 
# 86     F(x): -0.16672257674 |  |Df(x)|: 0.00213764092 |  Stepsize: 1.00000000000 | 
# 87     F(x): -0.16673749466 |  |Df(x)|: 0.00155825089 |  Stepsize: 1.00000000000 | 
# 88     F(x): -0.16675216975 |  |Df(x)|: 0.00158517245 |  Stepsize: 1.00000000000 | 
# 89     F(x): -0.16676909371 |  |Df(x)|: 0.00202501796 |  Stepsize: 1.00000000000 | 
# 90     F(x): -0.16678348731 |  |Df(x)|: 0.00236908934 |  Stepsize: 1.00000000000 | 
# 91     F(x): -0.16679727517 |  |Df(x)|: 0.00148915664 |  Stepsize: 1.00000000000 | 
# 92     F(x): -0.16681114169 |  |Df(x)|: 0.00153740146 |  Stepsize: 1.00000000000 | 
# 93     F(x): -0.16682288548 |  |Df(x)|: 0.00183549297 |  Stepsize: 1.00000000000 | 
# 94     F(x): -0.16683920616 |  |Df(x)|: 0.00172940783 |  Stepsize: 1.00000000000 | 
# 95     F(x): -0.16685263489 |  |Df(x)|: 0.00157769138 |  Stepsize: 0.82109795491 | 
# 96     F(x): -0.16686552227 |  |Df(x)|: 0.00191221436 |  Stepsize: 1.00000000000 | 
# 97     F(x): -0.16688248420 |  |Df(x)|: 0.00175749096 |  Stepsize: 1.00000000000 | 
# 98     F(x): -0.16690224679 |  |Df(x)|: 0.00157496692 |  Stepsize: 1.00000000000 | 
# 99     F(x): -0.16691397632 |  |Df(x)|: 0.00256337959 |  Stepsize: 1.00000000000 | 
# 100    F(x): -0.16692688726 |  |Df(x)|: 0.00149343367 |  Stepsize: 1.00000000000 | 
# 101    F(x): -0.16694103720 |  |Df(x)|: 0.00137583735 |  Stepsize: 1.00000000000 | 
# 102    F(x): -0.16695369112 |  |Df(x)|: 0.00154442078 |  Stepsize: 1.00000000000 | 
# 103    F(x): -0.16695807683 |  |Df(x)|: 0.00395636689 |  Stepsize: 1.00000000000 | 
# 104    F(x): -0.16697811007 |  |Df(x)|: 0.00137441101 |  Stepsize: 1.00000000000 | 
# 105    F(x): -0.16698522641 |  |Df(x)|: 0.00109641979 |  Stepsize: 1.00000000000 | 
# 106    F(x): -0.16699443795 |  |Df(x)|: 0.00169364131 |  Stepsize: 1.00000000000 | 
# 107    F(x): -0.16700767744 |  |Df(x)|: 0.00179871858 |  Stepsize: 1.00000000000 | 
# 108    F(x): -0.16702264719 |  |Df(x)|: 0.00169658133 |  Stepsize: 1.00000000000 | 
# 109    F(x): -0.16703371386 |  |Df(x)|: 0.00140712870 |  Stepsize: 1.00000000000 | 
# 110    F(x): -0.16704231684 |  |Df(x)|: 0.00129139011 |  Stepsize: 1.00000000000 | 
# 111    F(x): -0.16705778802 |  |Df(x)|: 0.00150849742 |  Stepsize: 1.00000000000 | 
# 112    F(x): -0.16706481221 |  |Df(x)|: 0.00257040566 |  Stepsize: 1.00000000000 | 
# 113    F(x): -0.16707654377 |  |Df(x)|: 0.00121221854 |  Stepsize: 1.00000000000 | 
# 114    F(x): -0.16708525035 |  |Df(x)|: 0.00113468497 |  Stepsize: 1.00000000000 | 
# 115    F(x): -0.16709392870 |  |Df(x)|: 0.00133150101 |  Stepsize: 1.00000000000 | 
# 116    F(x): -0.16710553868 |  |Df(x)|: 0.00212278691 |  Stepsize: 0.93948738898 | 
# 117    F(x): -0.16711907461 |  |Df(x)|: 0.00147501056 |  Stepsize: 1.00000000000 | 
# 118    F(x): -0.16712869187 |  |Df(x)|: 0.00111129005 |  Stepsize: 1.00000000000 | 
# 119    F(x): -0.16713712115 |  |Df(x)|: 0.00127909336 |  Stepsize: 1.00000000000 | 
# 120    F(x): -0.16714784143 |  |Df(x)|: 0.00168711503 |  Stepsize: 1.00000000000 | 
# 121    F(x): -0.16715777314 |  |Df(x)|: 0.00153168046 |  Stepsize: 1.00000000000 | 
# 122    F(x): -0.16716621724 |  |Df(x)|: 0.00121179619 |  Stepsize: 1.00000000000 | 
# 123    F(x): -0.16717492985 |  |Df(x)|: 0.00166308808 |  Stepsize: 1.00000000000 | 
# 124    F(x): -0.16718298109 |  |Df(x)|: 0.00142263391 |  Stepsize: 1.00000000000 | 
# 125    F(x): -0.16719065880 |  |Df(x)|: 0.00119188875 |  Stepsize: 1.00000000000 | 
# 126    F(x): -0.16720420456 |  |Df(x)|: 0.00140198434 |  Stepsize: 1.00000000000 | 
# 127    F(x): -0.16720864466 |  |Df(x)|: 0.00235845831 |  Stepsize: 1.00000000000 | 
# 128    F(x): -0.16721761973 |  |Df(x)|: 0.00106529757 |  Stepsize: 1.00000000000 | 
# 129    F(x): -0.16722375569 |  |Df(x)|: 0.00098440468 |  Stepsize: 1.00000000000 | 
# 130    F(x): -0.16723169860 |  |Df(x)|: 0.00130484849 |  Stepsize: 1.00000000000 | 
# 131    F(x): -0.16724300435 |  |Df(x)|: 0.00188487266 |  Stepsize: 1.00000000000 | 
# 132    F(x): -0.16725397033 |  |Df(x)|: 0.00160828626 |  Stepsize: 0.93103496165 | 
# 133    F(x): -0.16726339529 |  |Df(x)|: 0.00109110834 |  Stepsize: 1.00000000000 | 
# 134    F(x): -0.16727257670 |  |Df(x)|: 0.00141012290 |  Stepsize: 1.00000000000 | 
# 135    F(x): -0.16728215778 |  |Df(x)|: 0.00142746806 |  Stepsize: 1.00000000000 | 
# 136    F(x): -0.16729232463 |  |Df(x)|: 0.00290972885 |  Stepsize: 1.00000000000 | 
# 137    F(x): -0.16730558385 |  |Df(x)|: 0.00125071088 |  Stepsize: 1.00000000000 | 
# 138    F(x): -0.16731179079 |  |Df(x)|: 0.00107774684 |  Stepsize: 1.00000000000 | 
# 139    F(x): -0.16731987679 |  |Df(x)|: 0.00135418262 |  Stepsize: 1.00000000000 | 
# 140    F(x): -0.16733403926 |  |Df(x)|: 0.00182064214 |  Stepsize: 1.00000000000 | 
# 141    F(x): -0.16734316312 |  |Df(x)|: 0.00223256795 |  Stepsize: 0.81028562122 | 
# 142    F(x): -0.16735410897 |  |Df(x)|: 0.00111171662 |  Stepsize: 1.00000000000 | 
# 143    F(x): -0.16736230310 |  |Df(x)|: 0.00119324691 |  Stepsize: 1.00000000000 | 
# 144    F(x): -0.16737098280 |  |Df(x)|: 0.00158200292 |  Stepsize: 1.00000000000 | 
# 145    F(x): -0.16738319611 |  |Df(x)|: 0.00232515584 |  Stepsize: 1.00000000000 | 
# 146    F(x): -0.16739735835 |  |Df(x)|: 0.00118691511 |  Stepsize: 1.00000000000 | 
# 147    F(x): -0.16740715836 |  |Df(x)|: 0.00118103989 |  Stepsize: 1.00000000000 | 
# 148    F(x): -0.16741769001 |  |Df(x)|: 0.00161399432 |  Stepsize: 1.00000000000 | 
# 149    F(x): -0.16742707057 |  |Df(x)|: 0.00272574773 |  Stepsize: 1.00000000000 | 
# 150    F(x): -0.16743950272 |  |Df(x)|: 0.00129150260 |  Stepsize: 1.00000000000 | 
# 151    F(x): -0.16744825466 |  |Df(x)|: 0.00128974976 |  Stepsize: 1.00000000000 | 
# 152    F(x): -0.16745690519 |  |Df(x)|: 0.00157440053 |  Stepsize: 1.00000000000 | 
# 153    F(x): -0.16746970352 |  |Df(x)|: 0.00224199031 |  Stepsize: 0.94964468727 | 
# 154    F(x): -0.16748310055 |  |Df(x)|: 0.00166669459 |  Stepsize: 1.00000000000 | 
# 155    F(x): -0.16749251260 |  |Df(x)|: 0.00125634576 |  Stepsize: 1.00000000000 | 
# 156    F(x): -0.16750218880 |  |Df(x)|: 0.00140750229 |  Stepsize: 1.00000000000 | 
# 157    F(x): -0.16751370888 |  |Df(x)|: 0.00160069396 |  Stepsize: 1.00000000000 | 
# 158    F(x): -0.16752405981 |  |Df(x)|: 0.00154040224 |  Stepsize: 1.00000000000 | 
# 159    F(x): -0.16753273668 |  |Df(x)|: 0.00114605071 |  Stepsize: 1.00000000000 | 
# 160    F(x): -0.16754297772 |  |Df(x)|: 0.00140344595 |  Stepsize: 1.00000000000 | 
# 161    F(x): -0.16755011542 |  |Df(x)|: 0.00159763269 |  Stepsize: 1.00000000000 | 
# 162    F(x): -0.16755872911 |  |Df(x)|: 0.00129420708 |  Stepsize: 1.00000000000 | 
# 163    F(x): -0.16756856098 |  |Df(x)|: 0.00138991872 |  Stepsize: 1.00000000000 | 
# 164    F(x): -0.16757594556 |  |Df(x)|: 0.00120837535 |  Stepsize: 1.00000000000 | 
# 165    F(x): -0.16758437597 |  |Df(x)|: 0.00108582438 |  Stepsize: 1.00000000000 | 
# 166    F(x): -0.16759462151 |  |Df(x)|: 0.00157100258 |  Stepsize: 1.00000000000 | 
# 167    F(x): -0.16760393333 |  |Df(x)|: 0.00114796662 |  Stepsize: 1.00000000000 | 
# 168    F(x): -0.16761163003 |  |Df(x)|: 0.00104368105 |  Stepsize: 1.00000000000 | 
# 169    F(x): -0.16762115639 |  |Df(x)|: 0.00170894697 |  Stepsize: 1.00000000000 | 
# 170    F(x): -0.16762839692 |  |Df(x)|: 0.00137568494 |  Stepsize: 1.00000000000 | 
# 171    F(x): -0.16763375661 |  |Df(x)|: 0.00101584493 |  Stepsize: 1.00000000000 | 
# 172    F(x): -0.16764378127 |  |Df(x)|: 0.00109576895 |  Stepsize: 1.00000000000 | 
# 173    F(x): -0.16764694221 |  |Df(x)|: 0.00215131437 |  Stepsize: 1.00000000000 | 
# 174    F(x): -0.16765427254 |  |Df(x)|: 0.00104023343 |  Stepsize: 1.00000000000 | 
# 175    F(x): -0.16766102229 |  |Df(x)|: 0.00083938964 |  Stepsize: 1.00000000000 | 
# 176    F(x): -0.16766703588 |  |Df(x)|: 0.00117159295 |  Stepsize: 1.00000000000 | 
# 177    F(x): -0.16767355812 |  |Df(x)|: 0.00168330293 |  Stepsize: 0.83547501044 | 
# 178    F(x): -0.16768366883 |  |Df(x)|: 0.00155915159 |  Stepsize: 1.00000000000 | 
# 179    F(x): -0.16769110627 |  |Df(x)|: 0.00095583569 |  Stepsize: 1.00000000000 | 
# 180    F(x): -0.16769804961 |  |Df(x)|: 0.00103733532 |  Stepsize: 1.00000000000 | 
# 181    F(x): -0.16770348904 |  |Df(x)|: 0.00137914157 |  Stepsize: 1.00000000000 | 
# 182    F(x): -0.16771114618 |  |Df(x)|: 0.00100718030 |  Stepsize: 1.00000000000 | 
# 183    F(x): -0.16771942070 |  |Df(x)|: 0.00107143755 |  Stepsize: 1.00000000000 | 
# 184    F(x): -0.16772530330 |  |Df(x)|: 0.00165032756 |  Stepsize: 1.00000000000 | 
# 185    F(x): -0.16773122533 |  |Df(x)|: 0.00111771753 |  Stepsize: 1.00000000000 | 
# 186    F(x): -0.16773853535 |  |Df(x)|: 0.00090443074 |  Stepsize: 1.00000000000 | 
# 187    F(x): -0.16774348954 |  |Df(x)|: 0.00133430754 |  Stepsize: 1.00000000000 | 
# 188    F(x): -0.16775012418 |  |Df(x)|: 0.00108577736 |  Stepsize: 1.00000000000 | 
# 189    F(x): -0.16775836270 |  |Df(x)|: 0.00137324748 |  Stepsize: 1.00000000000 | 
# 190    F(x): -0.16776529352 |  |Df(x)|: 0.00097022525 |  Stepsize: 1.00000000000 | 
# 191    F(x): -0.16777150090 |  |Df(x)|: 0.00085310628 |  Stepsize: 1.00000000000 | 
# 192    F(x): -0.16777939831 |  |Df(x)|: 0.00143914179 |  Stepsize: 1.00000000000 | 
# 193    F(x): -0.16778570955 |  |Df(x)|: 0.00105034783 |  Stepsize: 1.00000000000 | 
# 194    F(x): -0.16779006357 |  |Df(x)|: 0.00088471212 |  Stepsize: 1.00000000000 | 
# 195    F(x): -0.16779775730 |  |Df(x)|: 0.00090729108 |  Stepsize: 1.00000000000 | 
# 196    F(x): -0.16780303025 |  |Df(x)|: 0.00123171293 |  Stepsize: 1.00000000000 | 
# 197    F(x): -0.16780837300 |  |Df(x)|: 0.00096305488 |  Stepsize: 1.00000000000 | 
# 198    F(x): -0.16781469657 |  |Df(x)|: 0.00098005304 |  Stepsize: 1.00000000000 | 
# 199    F(x): -0.16781912846 |  |Df(x)|: 0.00103849688 |  Stepsize: 1.00000000000 | 
# 200    F(x): -0.16782408937 |  |Df(x)|: 0.00092305829 |  Stepsize: 1.00000000000 | 
# 201    F(x): -0.16783047944 |  |Df(x)|: 0.00175539974 |  Stepsize: 1.00000000000 | 
# 202    F(x): -0.16783598769 |  |Df(x)|: 0.00101124453 |  Stepsize: 1.00000000000 | 
# 203    F(x): -0.16783869829 |  |Df(x)|: 0.00070312269 |  Stepsize: 1.00000000000 | 
# 204    F(x): -0.16784321593 |  |Df(x)|: 0.00068693869 |  Stepsize: 1.00000000000 | 
# 205    F(x): -0.16784652320 |  |Df(x)|: 0.00128954092 |  Stepsize: 1.00000000000 | 
# 206    F(x): -0.16785056330 |  |Df(x)|: 0.00080910966 |  Stepsize: 1.00000000000 | 
# 207    F(x): -0.16785491953 |  |Df(x)|: 0.00071796319 |  Stepsize: 1.00000000000 | 
# 208    F(x): -0.16785711374 |  |Df(x)|: 0.00114695954 |  Stepsize: 1.00000000000 | 
# 209    F(x): -0.16786134233 |  |Df(x)|: 0.00093794655 |  Stepsize: 1.00000000000 | 
# 210    F(x): -0.16786554266 |  |Df(x)|: 0.00064657889 |  Stepsize: 1.00000000000 | 
# 211    F(x): -0.16786828926 |  |Df(x)|: 0.00091635458 |  Stepsize: 1.00000000000 | 
# 212    F(x): -0.16787161544 |  |Df(x)|: 0.00067290037 |  Stepsize: 1.00000000000 | 
# 213    F(x): -0.16787594668 |  |Df(x)|: 0.00071290213 |  Stepsize: 1.00000000000 | 
# 214    F(x): -0.16787825451 |  |Df(x)|: 0.00124403050 |  Stepsize: 1.00000000000 | 
# 215    F(x): -0.16788143863 |  |Df(x)|: 0.00067193466 |  Stepsize: 1.00000000000 | 
# 216    F(x): -0.16788471861 |  |Df(x)|: 0.00063363604 |  Stepsize: 1.00000000000 | 
# 217    F(x): -0.16788748023 |  |Df(x)|: 0.00073343178 |  Stepsize: 1.00000000000 | 
# 218    F(x): -0.16788929433 |  |Df(x)|: 0.00158039133 |  Stepsize: 1.00000000000 | 
# 219    F(x): -0.16789346297 |  |Df(x)|: 0.00060761818 |  Stepsize: 1.00000000000 | 
# 220    F(x): -0.16789529884 |  |Df(x)|: 0.00051139976 |  Stepsize: 1.00000000000 | 
# 221    F(x): -0.16789765795 |  |Df(x)|: 0.00065720382 |  Stepsize: 1.00000000000 | 
# 222    F(x): -0.16790073230 |  |Df(x)|: 0.00107167442 |  Stepsize: 1.00000000000 | 
# 223    F(x): -0.16790375435 |  |Df(x)|: 0.00069616991 |  Stepsize: 1.00000000000 | 
# 224    F(x): -0.16790559868 |  |Df(x)|: 0.00045526421 |  Stepsize: 1.00000000000 | 
# 225    F(x): -0.16790775243 |  |Df(x)|: 0.00054040255 |  Stepsize: 1.00000000000 | 
# 226    F(x): -0.16790952268 |  |Df(x)|: 0.00081154716 |  Stepsize: 1.00000000000 | 
# 227    F(x): -0.16791178970 |  |Df(x)|: 0.00059314987 |  Stepsize: 1.00000000000 | 
# 228    F(x): -0.16791394915 |  |Df(x)|: 0.00059035970 |  Stepsize: 1.00000000000 | 
# 229    F(x): -0.16791565396 |  |Df(x)|: 0.00065864344 |  Stepsize: 1.00000000000 | 
# 230    F(x): -0.16791741716 |  |Df(x)|: 0.00061459700 |  Stepsize: 1.00000000000 | 
# 231    F(x): -0.16792011242 |  |Df(x)|: 0.00080937155 |  Stepsize: 1.00000000000 | 
# 232    F(x): -0.16792215021 |  |Df(x)|: 0.00079133106 |  Stepsize: 1.00000000000 | 
# 233    F(x): -0.16792362880 |  |Df(x)|: 0.00050779026 |  Stepsize: 1.00000000000 | 
# 234    F(x): -0.16792541436 |  |Df(x)|: 0.00046899865 |  Stepsize: 1.00000000000 | 
# 235    F(x): -0.16792710355 |  |Df(x)|: 0.00066841009 |  Stepsize: 1.00000000000 | 
# 236    F(x): -0.16792911475 |  |Df(x)|: 0.00053744952 |  Stepsize: 1.00000000000 | 
# 237    F(x): -0.16793059971 |  |Df(x)|: 0.00085661523 |  Stepsize: 1.00000000000 | 
# 238    F(x): -0.16793232905 |  |Df(x)|: 0.00049198488 |  Stepsize: 1.00000000000 | 
# 239    F(x): -0.16793384376 |  |Df(x)|: 0.00048334157 |  Stepsize: 1.00000000000 | 
# 240    F(x): -0.16793570284 |  |Df(x)|: 0.00062549459 |  Stepsize: 1.00000000000 | 
# 241    F(x): -0.16793717647 |  |Df(x)|: 0.00087795684 |  Stepsize: 1.00000000000 | 
# 242    F(x): -0.16793883736 |  |Df(x)|: 0.00049000506 |  Stepsize: 1.00000000000 | 
# 243    F(x): -0.16794074293 |  |Df(x)|: 0.00049304929 |  Stepsize: 1.00000000000 | 
# 244    F(x): -0.16794240435 |  |Df(x)|: 0.00056004491 |  Stepsize: 1.00000000000 | 
# 245    F(x): -0.16794557733 |  |Df(x)|: 0.00098804181 |  Stepsize: 1.00000000000 | 
# 246    F(x): -0.16794785213 |  |Df(x)|: 0.00083417773 |  Stepsize: 1.00000000000 | 
# 247    F(x): -0.16794981604 |  |Df(x)|: 0.00045464429 |  Stepsize: 1.00000000000 | 
# 248    F(x): -0.16795160928 |  |Df(x)|: 0.00058220306 |  Stepsize: 1.00000000000 | 
# 249    F(x): -0.16795351598 |  |Df(x)|: 0.00064910879 |  Stepsize: 1.00000000000 | 
# 250    F(x): -0.16795422569 |  |Df(x)|: 0.00164609820 |  Stepsize: 1.00000000000 | 
At iteration 250 the algorithm performed a step with an absolute cost change (7.097129825495152e-7) less than 1.0000000000000002e-6.after: rho = 10.0, f = -0.0, pen = 0.003914486559671804, alm = -0.16795422569065463, z = 0.0
cur_pen: 0.06256585777939758 < 1.0000000000000002e-6, norm_vgl: 0.02915579322226029<1.0000000000000002e-6
Elapsed time: 3810.307499885559 seconds, Time limit: 10800.0 seconds
Initial  F(x): -0.07009206170 | 
# 1      F(x): -0.07306450856 |  |Df(x)|: 0.04634557757 |  Stepsize: 1.00000000000 | 
# 2      F(x): -0.07703421067 |  |Df(x)|: 0.03529071826 |  Stepsize: 0.31681063905 | 
# 3      F(x): -0.08002490640 |  |Df(x)|: 0.03073818287 |  Stepsize: 0.23637986038 | 
# 4      F(x): -0.08242487461 |  |Df(x)|: 0.02379173020 |  Stepsize: 0.23396929009 | 
# 5      F(x): -0.08418456230 |  |Df(x)|: 0.02177221203 |  Stepsize: 0.26878625110 | 
# 6      F(x): -0.08552073467 |  |Df(x)|: 0.01876613551 |  Stepsize: 0.29172002861 | 
# 7      F(x): -0.08651446307 |  |Df(x)|: 0.01664439499 |  Stepsize: 0.39590706412 | 
# 8      F(x): -0.08726117453 |  |Df(x)|: 0.01733363601 |  Stepsize: 0.40685273133 | 
# 9      F(x): -0.08789986193 |  |Df(x)|: 0.01407770223 |  Stepsize: 0.46708585467 | 
# 10     F(x): -0.08844572400 |  |Df(x)|: 0.01316084217 |  Stepsize: 0.52273206376 | 
# 11     F(x): -0.08896847841 |  |Df(x)|: 0.01180001663 |  Stepsize: 0.53137239196 | 
# 12     F(x): -0.08946853402 |  |Df(x)|: 0.01207548555 |  Stepsize: 0.55448872803 | 
# 13     F(x): -0.08989561706 |  |Df(x)|: 0.01320641173 |  Stepsize: 0.43218864096 | 
# 14     F(x): -0.09031825413 |  |Df(x)|: 0.01079183469 |  Stepsize: 0.61501208728 | 
# 15     F(x): -0.09068773606 |  |Df(x)|: 0.01148322862 |  Stepsize: 0.55403705497 | 
# 16     F(x): -0.09105222517 |  |Df(x)|: 0.00928775951 |  Stepsize: 0.45928744160 | 
# 17     F(x): -0.09138831689 |  |Df(x)|: 0.00896232156 |  Stepsize: 0.47214800032 | 
# 18     F(x): -0.09168441195 |  |Df(x)|: 0.00938079029 |  Stepsize: 0.39392146984 | 
# 19     F(x): -0.09195294524 |  |Df(x)|: 0.00816934283 |  Stepsize: 0.52881555355 | 
# 20     F(x): -0.09218218356 |  |Df(x)|: 0.01026094270 |  Stepsize: 0.61080195310 | 
# 21     F(x): -0.09241079187 |  |Df(x)|: 0.00955982990 |  Stepsize: 0.77674245732 | 
# 22     F(x): -0.09263733620 |  |Df(x)|: 0.00980013135 |  Stepsize: 1.00000000000 | 
# 23     F(x): -0.09286155332 |  |Df(x)|: 0.00755750013 |  Stepsize: 1.00000000000 | 
# 24     F(x): -0.09306168771 |  |Df(x)|: 0.00909173285 |  Stepsize: 1.00000000000 | 
# 25     F(x): -0.09323560257 |  |Df(x)|: 0.00913981710 |  Stepsize: 1.00000000000 | 
# 26     F(x): -0.09338472446 |  |Df(x)|: 0.00668237704 |  Stepsize: 1.00000000000 | 
# 27     F(x): -0.09355662801 |  |Df(x)|: 0.00801285194 |  Stepsize: 0.72308358266 | 
# 28     F(x): -0.09370149346 |  |Df(x)|: 0.00908699200 |  Stepsize: 1.00000000000 | 
# 29     F(x): -0.09382645531 |  |Df(x)|: 0.00708540707 |  Stepsize: 1.00000000000 | 
# 30     F(x): -0.09399234368 |  |Df(x)|: 0.00815726002 |  Stepsize: 0.72530629494 | 
# 31     F(x): -0.09411030892 |  |Df(x)|: 0.01158169904 |  Stepsize: 0.96891623690 | 
# 32     F(x): -0.09422173457 |  |Df(x)|: 0.00695124565 |  Stepsize: 1.00000000000 | 
# 33     F(x): -0.09438794624 |  |Df(x)|: 0.00696770750 |  Stepsize: 1.00000000000 | 
# 34     F(x): -0.09450132082 |  |Df(x)|: 0.00752117391 |  Stepsize: 1.00000000000 | 
# 35     F(x): -0.09460125114 |  |Df(x)|: 0.01059516797 |  Stepsize: 0.55543252683 | 
# 36     F(x): -0.09473086715 |  |Df(x)|: 0.00602556314 |  Stepsize: 1.00000000000 | 
# 37     F(x): -0.09485542920 |  |Df(x)|: 0.00624042481 |  Stepsize: 1.00000000000 | 
# 38     F(x): -0.09498077669 |  |Df(x)|: 0.00734549232 |  Stepsize: 1.00000000000 | 
# 39     F(x): -0.09509194421 |  |Df(x)|: 0.00979953275 |  Stepsize: 0.70429249369 | 
# 40     F(x): -0.09522455103 |  |Df(x)|: 0.00582703277 |  Stepsize: 1.00000000000 | 
# 41     F(x): -0.09533608064 |  |Df(x)|: 0.00591155652 |  Stepsize: 1.00000000000 | 
# 42     F(x): -0.09544037005 |  |Df(x)|: 0.00678170488 |  Stepsize: 1.00000000000 | 
# 43     F(x): -0.09555870031 |  |Df(x)|: 0.00657072045 |  Stepsize: 0.94027759691 | 
# 44     F(x): -0.09566337170 |  |Df(x)|: 0.00648607295 |  Stepsize: 1.00000000000 | 
# 45     F(x): -0.09574148466 |  |Df(x)|: 0.00600457891 |  Stepsize: 1.00000000000 | 
# 46     F(x): -0.09581483064 |  |Df(x)|: 0.00507056513 |  Stepsize: 1.00000000000 | 
# 47     F(x): -0.09588605942 |  |Df(x)|: 0.00598296890 |  Stepsize: 1.00000000000 | 
# 48     F(x): -0.09595974414 |  |Df(x)|: 0.00448437275 |  Stepsize: 1.00000000000 | 
# 49     F(x): -0.09602826708 |  |Df(x)|: 0.00469141993 |  Stepsize: 1.00000000000 | 
# 50     F(x): -0.09609049080 |  |Df(x)|: 0.00693185075 |  Stepsize: 0.81595563543 | 
# 51     F(x): -0.09615765521 |  |Df(x)|: 0.00470495807 |  Stepsize: 1.00000000000 | 
# 52     F(x): -0.09620678410 |  |Df(x)|: 0.00404829731 |  Stepsize: 1.00000000000 | 
# 53     F(x): -0.09625530015 |  |Df(x)|: 0.00482802652 |  Stepsize: 1.00000000000 | 
# 54     F(x): -0.09630824858 |  |Df(x)|: 0.00474110423 |  Stepsize: 1.00000000000 | 
# 55     F(x): -0.09636888055 |  |Df(x)|: 0.00405852816 |  Stepsize: 1.00000000000 | 
# 56     F(x): -0.09641601057 |  |Df(x)|: 0.00468545399 |  Stepsize: 1.00000000000 | 
# 57     F(x): -0.09645517803 |  |Df(x)|: 0.00519123678 |  Stepsize: 1.00000000000 | 
# 58     F(x): -0.09649339673 |  |Df(x)|: 0.00356437858 |  Stepsize: 1.00000000000 | 
# 59     F(x): -0.09654464294 |  |Df(x)|: 0.00345470087 |  Stepsize: 1.00000000000 | 
# 60     F(x): -0.09658587729 |  |Df(x)|: 0.00431489915 |  Stepsize: 1.00000000000 | 
# 61     F(x): -0.09663137006 |  |Df(x)|: 0.00412900569 |  Stepsize: 1.00000000000 | 
# 62     F(x): -0.09666739646 |  |Df(x)|: 0.00324999678 |  Stepsize: 1.00000000000 | 
# 63     F(x): -0.09670177166 |  |Df(x)|: 0.00330598328 |  Stepsize: 1.00000000000 | 
# 64     F(x): -0.09673889797 |  |Df(x)|: 0.00420065452 |  Stepsize: 1.00000000000 | 
# 65     F(x): -0.09678489903 |  |Df(x)|: 0.00372062994 |  Stepsize: 1.00000000000 | 
# 66     F(x): -0.09682453358 |  |Df(x)|: 0.00359634311 |  Stepsize: 1.00000000000 | 
# 67     F(x): -0.09686162650 |  |Df(x)|: 0.00334172837 |  Stepsize: 1.00000000000 | 
# 68     F(x): -0.09689730327 |  |Df(x)|: 0.00447943835 |  Stepsize: 1.00000000000 | 
# 69     F(x): -0.09694297828 |  |Df(x)|: 0.00392943071 |  Stepsize: 1.00000000000 | 
# 70     F(x): -0.09698607477 |  |Df(x)|: 0.00350381376 |  Stepsize: 1.00000000000 | 
# 71     F(x): -0.09702754126 |  |Df(x)|: 0.00359106136 |  Stepsize: 1.00000000000 | 
# 72     F(x): -0.09706691154 |  |Df(x)|: 0.00399490809 |  Stepsize: 1.00000000000 | 
# 73     F(x): -0.09711069740 |  |Df(x)|: 0.00317843149 |  Stepsize: 1.00000000000 | 
# 74     F(x): -0.09715253882 |  |Df(x)|: 0.00381683626 |  Stepsize: 1.00000000000 | 
# 75     F(x): -0.09718636400 |  |Df(x)|: 0.00368098982 |  Stepsize: 1.00000000000 | 
# 76     F(x): -0.09722129263 |  |Df(x)|: 0.00313961558 |  Stepsize: 1.00000000000 | 
# 77     F(x): -0.09726549797 |  |Df(x)|: 0.00422998116 |  Stepsize: 0.78717158432 | 
# 78     F(x): -0.09730630336 |  |Df(x)|: 0.00404067781 |  Stepsize: 1.00000000000 | 
# 79     F(x): -0.09734045579 |  |Df(x)|: 0.00370852442 |  Stepsize: 1.00000000000 | 
# 80     F(x): -0.09738088605 |  |Df(x)|: 0.00328838227 |  Stepsize: 1.00000000000 | 
# 81     F(x): -0.09740306678 |  |Df(x)|: 0.00718651955 |  Stepsize: 1.00000000000 | 
# 82     F(x): -0.09744206277 |  |Df(x)|: 0.00355971982 |  Stepsize: 1.00000000000 | 
# 83     F(x): -0.09746784445 |  |Df(x)|: 0.00448289966 |  Stepsize: 1.00000000000 | 
# 84     F(x): -0.09749660131 |  |Df(x)|: 0.00334237612 |  Stepsize: 1.00000000000 | 
# 85     F(x): -0.09753477725 |  |Df(x)|: 0.00328014673 |  Stepsize: 1.00000000000 | 
# 86     F(x): -0.09756582035 |  |Df(x)|: 0.00378720897 |  Stepsize: 1.00000000000 | 
# 87     F(x): -0.09759593572 |  |Df(x)|: 0.00303445491 |  Stepsize: 1.00000000000 | 
# 88     F(x): -0.09763181899 |  |Df(x)|: 0.00374759465 |  Stepsize: 1.00000000000 | 
# 89     F(x): -0.09766048550 |  |Df(x)|: 0.00342999468 |  Stepsize: 1.00000000000 | 
# 90     F(x): -0.09768629362 |  |Df(x)|: 0.00290681741 |  Stepsize: 1.00000000000 | 
# 91     F(x): -0.09771771195 |  |Df(x)|: 0.00399912054 |  Stepsize: 1.00000000000 | 
# 92     F(x): -0.09773974130 |  |Df(x)|: 0.00469912400 |  Stepsize: 1.00000000000 | 
# 93     F(x): -0.09775893671 |  |Df(x)|: 0.00277608725 |  Stepsize: 1.00000000000 | 
# 94     F(x): -0.09778392419 |  |Df(x)|: 0.00219911004 |  Stepsize: 1.00000000000 | 
# 95     F(x): -0.09780174076 |  |Df(x)|: 0.00313103528 |  Stepsize: 1.00000000000 | 
# 96     F(x): -0.09783114474 |  |Df(x)|: 0.00360873460 |  Stepsize: 1.00000000000 | 
# 97     F(x): -0.09785818571 |  |Df(x)|: 0.00290186373 |  Stepsize: 1.00000000000 | 
# 98     F(x): -0.09788251484 |  |Df(x)|: 0.00273700870 |  Stepsize: 1.00000000000 | 
# 99     F(x): -0.09790930456 |  |Df(x)|: 0.00315242173 |  Stepsize: 1.00000000000 | 
# 100    F(x): -0.09794030727 |  |Df(x)|: 0.00367179180 |  Stepsize: 1.00000000000 | 
# 101    F(x): -0.09796885289 |  |Df(x)|: 0.00274835323 |  Stepsize: 1.00000000000 | 
# 102    F(x): -0.09799387326 |  |Df(x)|: 0.00262363237 |  Stepsize: 1.00000000000 | 
# 103    F(x): -0.09802200487 |  |Df(x)|: 0.00316615366 |  Stepsize: 1.00000000000 | 
# 104    F(x): -0.09804846962 |  |Df(x)|: 0.00311502613 |  Stepsize: 1.00000000000 | 
# 105    F(x): -0.09807246314 |  |Df(x)|: 0.00262879744 |  Stepsize: 1.00000000000 | 
# 106    F(x): -0.09809483763 |  |Df(x)|: 0.00325358782 |  Stepsize: 1.00000000000 | 
# 107    F(x): -0.09811433167 |  |Df(x)|: 0.00382669550 |  Stepsize: 1.00000000000 | 
# 108    F(x): -0.09814151089 |  |Df(x)|: 0.00283103258 |  Stepsize: 1.00000000000 | 
# 109    F(x): -0.09816425741 |  |Df(x)|: 0.00228088457 |  Stepsize: 1.00000000000 | 
# 110    F(x): -0.09818252601 |  |Df(x)|: 0.00266087813 |  Stepsize: 1.00000000000 | 
# 111    F(x): -0.09820790792 |  |Df(x)|: 0.00292061505 |  Stepsize: 1.00000000000 | 
# 112    F(x): -0.09822709850 |  |Df(x)|: 0.00314106980 |  Stepsize: 1.00000000000 | 
# 113    F(x): -0.09824341322 |  |Df(x)|: 0.00234010210 |  Stepsize: 1.00000000000 | 
# 114    F(x): -0.09826086669 |  |Df(x)|: 0.00294562062 |  Stepsize: 1.00000000000 | 
# 115    F(x): -0.09827824409 |  |Df(x)|: 0.00237608628 |  Stepsize: 1.00000000000 | 
# 116    F(x): -0.09829605393 |  |Df(x)|: 0.00220227877 |  Stepsize: 1.00000000000 | 
# 117    F(x): -0.09831471430 |  |Df(x)|: 0.00277223186 |  Stepsize: 1.00000000000 | 
# 118    F(x): -0.09833144580 |  |Df(x)|: 0.00265973882 |  Stepsize: 1.00000000000 | 
# 119    F(x): -0.09834863364 |  |Df(x)|: 0.00231888158 |  Stepsize: 1.00000000000 | 
# 120    F(x): -0.09836426789 |  |Df(x)|: 0.00301945301 |  Stepsize: 1.00000000000 | 
# 121    F(x): -0.09838024614 |  |Df(x)|: 0.00229677078 |  Stepsize: 1.00000000000 | 
# 122    F(x): -0.09839461689 |  |Df(x)|: 0.00193605357 |  Stepsize: 1.00000000000 | 
# 123    F(x): -0.09841203139 |  |Df(x)|: 0.00265211717 |  Stepsize: 1.00000000000 | 
# 124    F(x): -0.09842651907 |  |Df(x)|: 0.00262705893 |  Stepsize: 1.00000000000 | 
# 125    F(x): -0.09844011712 |  |Df(x)|: 0.00203509178 |  Stepsize: 1.00000000000 | 
# 126    F(x): -0.09846178774 |  |Df(x)|: 0.00217758169 |  Stepsize: 1.00000000000 | 
# 127    F(x): -0.09847372254 |  |Df(x)|: 0.00345513179 |  Stepsize: 1.00000000000 | 
# 128    F(x): -0.09848850085 |  |Df(x)|: 0.00223710679 |  Stepsize: 1.00000000000 | 
# 129    F(x): -0.09850897891 |  |Df(x)|: 0.00209447405 |  Stepsize: 1.00000000000 | 
# 130    F(x): -0.09851479421 |  |Df(x)|: 0.00300659783 |  Stepsize: 1.00000000000 | 
# 131    F(x): -0.09853178281 |  |Df(x)|: 0.00228911526 |  Stepsize: 1.00000000000 | 
# 132    F(x): -0.09854986320 |  |Df(x)|: 0.00238860888 |  Stepsize: 1.00000000000 | 
# 133    F(x): -0.09856358289 |  |Df(x)|: 0.00211145019 |  Stepsize: 1.00000000000 | 
# 134    F(x): -0.09857941765 |  |Df(x)|: 0.00205367251 |  Stepsize: 1.00000000000 | 
# 135    F(x): -0.09859115225 |  |Df(x)|: 0.00263493273 |  Stepsize: 1.00000000000 | 
# 136    F(x): -0.09860281012 |  |Df(x)|: 0.00178192092 |  Stepsize: 1.00000000000 | 
# 137    F(x): -0.09861564109 |  |Df(x)|: 0.00191602291 |  Stepsize: 1.00000000000 | 
# 138    F(x): -0.09862652329 |  |Df(x)|: 0.00207648577 |  Stepsize: 1.00000000000 | 
# 139    F(x): -0.09863973501 |  |Df(x)|: 0.00236068319 |  Stepsize: 1.00000000000 | 
# 140    F(x): -0.09865073898 |  |Df(x)|: 0.00211979950 |  Stepsize: 1.00000000000 | 
# 141    F(x): -0.09865936414 |  |Df(x)|: 0.00176696232 |  Stepsize: 1.00000000000 | 
# 142    F(x): -0.09866842106 |  |Df(x)|: 0.00172147770 |  Stepsize: 1.00000000000 | 
# 143    F(x): -0.09867969064 |  |Df(x)|: 0.00245940703 |  Stepsize: 1.00000000000 | 
# 144    F(x): -0.09869107600 |  |Df(x)|: 0.00232973885 |  Stepsize: 1.00000000000 | 
# 145    F(x): -0.09870019843 |  |Df(x)|: 0.00163957958 |  Stepsize: 1.00000000000 | 
# 146    F(x): -0.09871172225 |  |Df(x)|: 0.00169141642 |  Stepsize: 1.00000000000 | 
# 147    F(x): -0.09872134924 |  |Df(x)|: 0.00251620291 |  Stepsize: 1.00000000000 | 
# 148    F(x): -0.09873240417 |  |Df(x)|: 0.00176948815 |  Stepsize: 1.00000000000 | 
# 149    F(x): -0.09874441904 |  |Df(x)|: 0.00171317358 |  Stepsize: 1.00000000000 | 
# 150    F(x): -0.09875370822 |  |Df(x)|: 0.00235541114 |  Stepsize: 1.00000000000 | 
# 151    F(x): -0.09876383857 |  |Df(x)|: 0.00186072203 |  Stepsize: 1.00000000000 | 
# 152    F(x): -0.09877638245 |  |Df(x)|: 0.00211828147 |  Stepsize: 1.00000000000 | 
# 153    F(x): -0.09878680385 |  |Df(x)|: 0.00208113414 |  Stepsize: 1.00000000000 | 
# 154    F(x): -0.09879694621 |  |Df(x)|: 0.00178894210 |  Stepsize: 1.00000000000 | 
# 155    F(x): -0.09881012398 |  |Df(x)|: 0.00228265052 |  Stepsize: 1.00000000000 | 
# 156    F(x): -0.09881941888 |  |Df(x)|: 0.00219275854 |  Stepsize: 1.00000000000 | 
# 157    F(x): -0.09882746733 |  |Df(x)|: 0.00166281347 |  Stepsize: 1.00000000000 | 
# 158    F(x): -0.09883879330 |  |Df(x)|: 0.00156065330 |  Stepsize: 1.00000000000 | 
# 159    F(x): -0.09884620942 |  |Df(x)|: 0.00254928061 |  Stepsize: 1.00000000000 | 
# 160    F(x): -0.09885528899 |  |Df(x)|: 0.00165479173 |  Stepsize: 1.00000000000 | 
# 161    F(x): -0.09886661102 |  |Df(x)|: 0.00151229884 |  Stepsize: 1.00000000000 | 
# 162    F(x): -0.09887380778 |  |Df(x)|: 0.00212408976 |  Stepsize: 1.00000000000 | 
# 163    F(x): -0.09888362081 |  |Df(x)|: 0.00176707985 |  Stepsize: 1.00000000000 | 
# 164    F(x): -0.09889320815 |  |Df(x)|: 0.00264921591 |  Stepsize: 1.00000000000 | 
# 165    F(x): -0.09890219035 |  |Df(x)|: 0.00164715225 |  Stepsize: 1.00000000000 | 
# 166    F(x): -0.09890881321 |  |Df(x)|: 0.00157296158 |  Stepsize: 1.00000000000 | 
# 167    F(x): -0.09891861050 |  |Df(x)|: 0.00182130709 |  Stepsize: 1.00000000000 | 
# 168    F(x): -0.09892424493 |  |Df(x)|: 0.00277345404 |  Stepsize: 1.00000000000 | 
# 169    F(x): -0.09893254245 |  |Df(x)|: 0.00144006232 |  Stepsize: 1.00000000000 | 
# 170    F(x): -0.09893892133 |  |Df(x)|: 0.00130651261 |  Stepsize: 1.00000000000 | 
# 171    F(x): -0.09894550368 |  |Df(x)|: 0.00165863684 |  Stepsize: 1.00000000000 | 
# 172    F(x): -0.09895196774 |  |Df(x)|: 0.00294557123 |  Stepsize: 1.00000000000 | 
# 173    F(x): -0.09895986815 |  |Df(x)|: 0.00137154599 |  Stepsize: 1.00000000000 | 
# 174    F(x): -0.09896558001 |  |Df(x)|: 0.00124005341 |  Stepsize: 1.00000000000 | 
# 175    F(x): -0.09897095602 |  |Df(x)|: 0.00150256446 |  Stepsize: 1.00000000000 | 
# 176    F(x): -0.09897932328 |  |Df(x)|: 0.00298699871 |  Stepsize: 1.00000000000 | 
# 177    F(x): -0.09898915228 |  |Df(x)|: 0.00154539458 |  Stepsize: 1.00000000000 | 
# 178    F(x): -0.09899527986 |  |Df(x)|: 0.00123646509 |  Stepsize: 1.00000000000 | 
# 179    F(x): -0.09900264353 |  |Df(x)|: 0.00180486819 |  Stepsize: 1.00000000000 | 
# 180    F(x): -0.09900746881 |  |Df(x)|: 0.00247708117 |  Stepsize: 1.00000000000 | 
# 181    F(x): -0.09901487277 |  |Df(x)|: 0.00163189042 |  Stepsize: 1.00000000000 | 
# 182    F(x): -0.09902372091 |  |Df(x)|: 0.00212648188 |  Stepsize: 1.00000000000 | 
# 183    F(x): -0.09902852799 |  |Df(x)|: 0.00144300171 |  Stepsize: 1.00000000000 | 
# 184    F(x): -0.09903354639 |  |Df(x)|: 0.00132818060 |  Stepsize: 1.00000000000 | 
# 185    F(x): -0.09904238724 |  |Df(x)|: 0.00161424087 |  Stepsize: 1.00000000000 | 
# 186    F(x): -0.09904791080 |  |Df(x)|: 0.00245697350 |  Stepsize: 1.00000000000 | 
# 187    F(x): -0.09905555777 |  |Df(x)|: 0.00149609626 |  Stepsize: 1.00000000000 | 
# 188    F(x): -0.09906297600 |  |Df(x)|: 0.00139037496 |  Stepsize: 1.00000000000 | 
# 189    F(x): -0.09906962936 |  |Df(x)|: 0.00183137053 |  Stepsize: 1.00000000000 | 
# 190    F(x): -0.09907770664 |  |Df(x)|: 0.00181583159 |  Stepsize: 1.00000000000 | 
# 191    F(x): -0.09908644557 |  |Df(x)|: 0.00191677717 |  Stepsize: 1.00000000000 | 
# 192    F(x): -0.09909449400 |  |Df(x)|: 0.00158016725 |  Stepsize: 1.00000000000 | 
# 193    F(x): -0.09910235636 |  |Df(x)|: 0.00170052045 |  Stepsize: 1.00000000000 | 
# 194    F(x): -0.09911111287 |  |Df(x)|: 0.00282784727 |  Stepsize: 1.00000000000 | 
# 195    F(x): -0.09912200273 |  |Df(x)|: 0.00200641380 |  Stepsize: 1.00000000000 | 
# 196    F(x): -0.09913094040 |  |Df(x)|: 0.00162466428 |  Stepsize: 1.00000000000 | 
# 197    F(x): -0.09914096140 |  |Df(x)|: 0.00196618631 |  Stepsize: 1.00000000000 | 
# 198    F(x): -0.09914895046 |  |Df(x)|: 0.00339852690 |  Stepsize: 1.00000000000 | 
# 199    F(x): -0.09916042190 |  |Df(x)|: 0.00199141766 |  Stepsize: 1.00000000000 | 
# 200    F(x): -0.09916863039 |  |Df(x)|: 0.00280058522 |  Stepsize: 1.00000000000 | 
# 201    F(x): -0.09917731355 |  |Df(x)|: 0.00187017053 |  Stepsize: 1.00000000000 | 
# 202    F(x): -0.09918635025 |  |Df(x)|: 0.00154378663 |  Stepsize: 1.00000000000 | 
# 203    F(x): -0.09920025882 |  |Df(x)|: 0.00209646899 |  Stepsize: 1.00000000000 | 
# 204    F(x): -0.09921073075 |  |Df(x)|: 0.00254586107 |  Stepsize: 1.00000000000 | 
# 205    F(x): -0.09922227519 |  |Df(x)|: 0.00165507518 |  Stepsize: 1.00000000000 | 
# 206    F(x): -0.09923286697 |  |Df(x)|: 0.00183223891 |  Stepsize: 1.00000000000 | 
# 207    F(x): -0.09924221081 |  |Df(x)|: 0.00199603857 |  Stepsize: 1.00000000000 | 
# 208    F(x): -0.09925276469 |  |Df(x)|: 0.00193760971 |  Stepsize: 1.00000000000 | 
# 209    F(x): -0.09926259320 |  |Df(x)|: 0.00308383978 |  Stepsize: 1.00000000000 | 
# 210    F(x): -0.09927304058 |  |Df(x)|: 0.00168084995 |  Stepsize: 1.00000000000 | 
# 211    F(x): -0.09927947439 |  |Df(x)|: 0.00168775726 |  Stepsize: 1.00000000000 | 
# 212    F(x): -0.09928909309 |  |Df(x)|: 0.00247474041 |  Stepsize: 1.00000000000 | 
# 213    F(x): -0.09929997491 |  |Df(x)|: 0.00272191416 |  Stepsize: 1.00000000000 | 
# 214    F(x): -0.09931022995 |  |Df(x)|: 0.00160150224 |  Stepsize: 1.00000000000 | 
# 215    F(x): -0.09932007067 |  |Df(x)|: 0.00178669388 |  Stepsize: 1.00000000000 | 
# 216    F(x): -0.09933005555 |  |Df(x)|: 0.00232432324 |  Stepsize: 1.00000000000 | 
# 217    F(x): -0.09934376925 |  |Df(x)|: 0.00214452559 |  Stepsize: 1.00000000000 | 
# 218    F(x): -0.09935390915 |  |Df(x)|: 0.00225404368 |  Stepsize: 1.00000000000 | 
# 219    F(x): -0.09936372748 |  |Df(x)|: 0.00192870310 |  Stepsize: 1.00000000000 | 
# 220    F(x): -0.09937557109 |  |Df(x)|: 0.00210557174 |  Stepsize: 1.00000000000 | 
# 221    F(x): -0.09938648324 |  |Df(x)|: 0.00277368026 |  Stepsize: 1.00000000000 | 
# 222    F(x): -0.09939656070 |  |Df(x)|: 0.00201267955 |  Stepsize: 1.00000000000 | 
# 223    F(x): -0.09940657516 |  |Df(x)|: 0.00206369315 |  Stepsize: 1.00000000000 | 
# 224    F(x): -0.09941680100 |  |Df(x)|: 0.00219671108 |  Stepsize: 1.00000000000 | 
# 225    F(x): -0.09942998663 |  |Df(x)|: 0.00252581403 |  Stepsize: 1.00000000000 | 
# 226    F(x): -0.09944172160 |  |Df(x)|: 0.00174643512 |  Stepsize: 1.00000000000 | 
# 227    F(x): -0.09944972886 |  |Df(x)|: 0.00173797474 |  Stepsize: 1.00000000000 | 
# 228    F(x): -0.09946144842 |  |Df(x)|: 0.00178323497 |  Stepsize: 1.00000000000 | 
# 229    F(x): -0.09947073844 |  |Df(x)|: 0.00381490309 |  Stepsize: 1.00000000000 | 
# 230    F(x): -0.09948403187 |  |Df(x)|: 0.00168613847 |  Stepsize: 1.00000000000 | 
# 231    F(x): -0.09949140181 |  |Df(x)|: 0.00131634930 |  Stepsize: 1.00000000000 | 
# 232    F(x): -0.09949862830 |  |Df(x)|: 0.00166668759 |  Stepsize: 1.00000000000 | 
# 233    F(x): -0.09950757347 |  |Df(x)|: 0.00288038012 |  Stepsize: 1.00000000000 | 
# 234    F(x): -0.09951830168 |  |Df(x)|: 0.00164354849 |  Stepsize: 1.00000000000 | 
# 235    F(x): -0.09952710558 |  |Df(x)|: 0.00140638630 |  Stepsize: 1.00000000000 | 
# 236    F(x): -0.09953557414 |  |Df(x)|: 0.00183978533 |  Stepsize: 1.00000000000 | 
# 237    F(x): -0.09954410468 |  |Df(x)|: 0.00243475077 |  Stepsize: 1.00000000000 | 
# 238    F(x): -0.09955185737 |  |Df(x)|: 0.00166640165 |  Stepsize: 1.00000000000 | 
# 239    F(x): -0.09955932731 |  |Df(x)|: 0.00193186222 |  Stepsize: 1.00000000000 | 
# 240    F(x): -0.09956547647 |  |Df(x)|: 0.00161929769 |  Stepsize: 1.00000000000 | 
# 241    F(x): -0.09957241509 |  |Df(x)|: 0.00141545200 |  Stepsize: 1.00000000000 | 
# 242    F(x): -0.09957878165 |  |Df(x)|: 0.00218346024 |  Stepsize: 1.00000000000 | 
# 243    F(x): -0.09958570197 |  |Df(x)|: 0.00150362133 |  Stepsize: 1.00000000000 | 
# 244    F(x): -0.09959067565 |  |Df(x)|: 0.00130128483 |  Stepsize: 1.00000000000 | 
# 245    F(x): -0.09959707506 |  |Df(x)|: 0.00192798395 |  Stepsize: 1.00000000000 | 
# 246    F(x): -0.09960317050 |  |Df(x)|: 0.00171843094 |  Stepsize: 1.00000000000 | 
# 247    F(x): -0.09960845608 |  |Df(x)|: 0.00132607412 |  Stepsize: 1.00000000000 | 
# 248    F(x): -0.09961562537 |  |Df(x)|: 0.00166056843 |  Stepsize: 1.00000000000 | 
# 249    F(x): -0.09962075868 |  |Df(x)|: 0.00172051637 |  Stepsize: 1.00000000000 | 
# 250    F(x): -0.09962602259 |  |Df(x)|: 0.00134656737 |  Stepsize: 1.00000000000 | 
# 251    F(x): -0.09963274202 |  |Df(x)|: 0.00165908749 |  Stepsize: 1.00000000000 | 
# 252    F(x): -0.09963724842 |  |Df(x)|: 0.00176088658 |  Stepsize: 1.00000000000 | 
# 253    F(x): -0.09964113246 |  |Df(x)|: 0.00129005305 |  Stepsize: 1.00000000000 | 
# 254    F(x): -0.09964916481 |  |Df(x)|: 0.00111304938 |  Stepsize: 1.00000000000 | 
# 255    F(x): -0.09965331773 |  |Df(x)|: 0.00149890520 |  Stepsize: 1.00000000000 | 
# 256    F(x): -0.09965873497 |  |Df(x)|: 0.00113922272 |  Stepsize: 1.00000000000 | 
# 257    F(x): -0.09966277084 |  |Df(x)|: 0.00173969764 |  Stepsize: 1.00000000000 | 
# 258    F(x): -0.09966647472 |  |Df(x)|: 0.00098231650 |  Stepsize: 1.00000000000 | 
# 259    F(x): -0.09966878348 |  |Df(x)|: 0.00091121115 |  Stepsize: 1.00000000000 | 
# 260    F(x): -0.09967348572 |  |Df(x)|: 0.00127323316 |  Stepsize: 1.00000000000 | 
# 261    F(x): -0.09967400788 |  |Df(x)|: 0.00274678671 |  Stepsize: 1.00000000000 | 
At iteration 261 the algorithm performed a step with an absolute cost change (5.221616372202975e-7) less than 1.0000000000000002e-6.after: rho = 25.0, f = -0.0009131619178080379, pen = 0.00180106924682651, alm = -0.09969420304393106, z = 0.0009131619178080379
cur_pen: 0.04243900619508555 < 1.0000000000000002e-6, norm_vgl: 0.04514870077484361<1.0000000000000002e-6
Elapsed time: 4487.735523939133 seconds, Time limit: 10800.0 seconds
Initial  F(x): 0.01287262488 | 
# 1      F(x): 0.00873196812 |  |Df(x)|: 0.07138717148 |  Stepsize: 1.00000000000 | 
# 2      F(x): 0.00671792871 |  |Df(x)|: 0.04704069424 |  Stepsize: 1.00000000000 | 
# 3      F(x): 0.00374100200 |  |Df(x)|: 0.04058909663 |  Stepsize: 0.79319825845 | 
# 4      F(x): 0.00154633284 |  |Df(x)|: 0.04051637081 |  Stepsize: 0.62773969573 | 
# 5      F(x): -0.00006366511 |  |Df(x)|: 0.04341505269 |  Stepsize: 0.42929612451 | 
# 6      F(x): -0.00149414809 |  |Df(x)|: 0.03453614603 |  Stepsize: 0.62058319779 | 
# 7      F(x): -0.00282340663 |  |Df(x)|: 0.03489597181 |  Stepsize: 0.61029140545 | 
# 8      F(x): -0.00420809823 |  |Df(x)|: 0.03096557140 |  Stepsize: 0.56226915374 | 
# 9      F(x): -0.00548079983 |  |Df(x)|: 0.03234543519 |  Stepsize: 0.53342697072 | 
# 10     F(x): -0.00662258297 |  |Df(x)|: 0.03367690860 |  Stepsize: 0.45300002047 | 
# 11     F(x): -0.00772846114 |  |Df(x)|: 0.03140719221 |  Stepsize: 0.48634801504 | 
# 12     F(x): -0.00881534447 |  |Df(x)|: 0.03304423615 |  Stepsize: 0.33987100328 | 
# 13     F(x): -0.00997823531 |  |Df(x)|: 0.03185608309 |  Stepsize: 0.23004626825 | 
# 14     F(x): -0.01119300407 |  |Df(x)|: 0.03269933598 |  Stepsize: 0.18347341139 | 
# 15     F(x): -0.01240975013 |  |Df(x)|: 0.03277019558 |  Stepsize: 0.14495520014 | 
# 16     F(x): -0.01368124982 |  |Df(x)|: 0.03181337100 |  Stepsize: 0.15725852299 | 
# 17     F(x): -0.01491341347 |  |Df(x)|: 0.03234230816 |  Stepsize: 0.15708039156 | 
# 18     F(x): -0.01614486329 |  |Df(x)|: 0.02945966566 |  Stepsize: 0.20377490023 | 
# 19     F(x): -0.01729309485 |  |Df(x)|: 0.03022441428 |  Stepsize: 0.22694265177 | 
# 20     F(x): -0.01839084475 |  |Df(x)|: 0.02575113775 |  Stepsize: 0.25734517580 | 
# 21     F(x): -0.01935521827 |  |Df(x)|: 0.02503606245 |  Stepsize: 0.32970124552 | 
# 22     F(x): -0.02020461441 |  |Df(x)|: 0.02201816498 |  Stepsize: 0.38190604970 | 
# 23     F(x): -0.02092606638 |  |Df(x)|: 0.02184646729 |  Stepsize: 0.54505623398 | 
# 24     F(x): -0.02151610955 |  |Df(x)|: 0.02284543766 |  Stepsize: 0.70026668681 | 
# 25     F(x): -0.02206782023 |  |Df(x)|: 0.01853233856 |  Stepsize: 1.00000000000 | 
# 26     F(x): -0.02253166162 |  |Df(x)|: 0.02317876929 |  Stepsize: 1.00000000000 | 
# 27     F(x): -0.02290001886 |  |Df(x)|: 0.02119002086 |  Stepsize: 1.00000000000 | 
# 28     F(x): -0.02319664210 |  |Df(x)|: 0.01455470144 |  Stepsize: 1.00000000000 | 
# 29     F(x): -0.02353193759 |  |Df(x)|: 0.01371974808 |  Stepsize: 1.00000000000 | 
# 30     F(x): -0.02380398140 |  |Df(x)|: 0.02176836326 |  Stepsize: 0.85828820997 | 
# 31     F(x): -0.02409347870 |  |Df(x)|: 0.01475703832 |  Stepsize: 1.00000000000 | 
# 32     F(x): -0.02427806284 |  |Df(x)|: 0.01282865998 |  Stepsize: 1.00000000000 | 
# 33     F(x): -0.02444845861 |  |Df(x)|: 0.01246957340 |  Stepsize: 1.00000000000 | 
# 34     F(x): -0.02460591227 |  |Df(x)|: 0.01444894552 |  Stepsize: 1.00000000000 | 
# 35     F(x): -0.02477176486 |  |Df(x)|: 0.01029308045 |  Stepsize: 1.00000000000 | 
# 36     F(x): -0.02491573474 |  |Df(x)|: 0.01009238716 |  Stepsize: 1.00000000000 | 
# 37     F(x): -0.02501748693 |  |Df(x)|: 0.01574990859 |  Stepsize: 1.00000000000 | 
# 38     F(x): -0.02512186204 |  |Df(x)|: 0.00881906434 |  Stepsize: 1.00000000000 | 
# 39     F(x): -0.02520655335 |  |Df(x)|: 0.00832623225 |  Stepsize: 1.00000000000 | 
# 40     F(x): -0.02528925701 |  |Df(x)|: 0.00964934175 |  Stepsize: 1.00000000000 | 
# 41     F(x): -0.02535377403 |  |Df(x)|: 0.01652212470 |  Stepsize: 1.00000000000 | 
# 42     F(x): -0.02543437101 |  |Df(x)|: 0.00691293237 |  Stepsize: 1.00000000000 | 
# 43     F(x): -0.02548157937 |  |Df(x)|: 0.00630589936 |  Stepsize: 1.00000000000 | 
# 44     F(x): -0.02553132772 |  |Df(x)|: 0.00710769504 |  Stepsize: 1.00000000000 | 
# 45     F(x): -0.02556920811 |  |Df(x)|: 0.01821616509 |  Stepsize: 1.00000000000 | 
# 46     F(x): -0.02564687328 |  |Df(x)|: 0.00601473739 |  Stepsize: 1.00000000000 | 
# 47     F(x): -0.02567408522 |  |Df(x)|: 0.00470779846 |  Stepsize: 1.00000000000 | 
# 48     F(x): -0.02571143925 |  |Df(x)|: 0.00609887691 |  Stepsize: 1.00000000000 | 
# 49     F(x): -0.02575129390 |  |Df(x)|: 0.01105001498 |  Stepsize: 1.00000000000 | 
# 50     F(x): -0.02580131376 |  |Df(x)|: 0.00644205280 |  Stepsize: 1.00000000000 | 
# 51     F(x): -0.02584044144 |  |Df(x)|: 0.00479185745 |  Stepsize: 1.00000000000 | 
# 52     F(x): -0.02587361745 |  |Df(x)|: 0.00751942447 |  Stepsize: 1.00000000000 | 
# 53     F(x): -0.02590453055 |  |Df(x)|: 0.00620097328 |  Stepsize: 1.00000000000 | 
# 54     F(x): -0.02593644104 |  |Df(x)|: 0.00535563670 |  Stepsize: 1.00000000000 | 
# 55     F(x): -0.02597336202 |  |Df(x)|: 0.00943834097 |  Stepsize: 1.00000000000 | 
# 56     F(x): -0.02600488766 |  |Df(x)|: 0.00650200679 |  Stepsize: 1.00000000000 | 
# 57     F(x): -0.02602525150 |  |Df(x)|: 0.00526486530 |  Stepsize: 1.00000000000 | 
# 58     F(x): -0.02607004676 |  |Df(x)|: 0.00649393529 |  Stepsize: 1.00000000000 | 
# 59     F(x): -0.02608195871 |  |Df(x)|: 0.01116278890 |  Stepsize: 1.00000000000 | 
# 60     F(x): -0.02610776809 |  |Df(x)|: 0.00520704514 |  Stepsize: 1.00000000000 | 
# 61     F(x): -0.02613004667 |  |Df(x)|: 0.00385741869 |  Stepsize: 1.00000000000 | 
# 62     F(x): -0.02615350993 |  |Df(x)|: 0.00521596263 |  Stepsize: 1.00000000000 | 
# 63     F(x): -0.02618713823 |  |Df(x)|: 0.00545846294 |  Stepsize: 1.00000000000 | 
# 64     F(x): -0.02620237490 |  |Df(x)|: 0.01204313191 |  Stepsize: 0.44877942933 | 
# 65     F(x): -0.02624116471 |  |Df(x)|: 0.00491400510 |  Stepsize: 1.00000000000 | 
# 66     F(x): -0.02626120654 |  |Df(x)|: 0.00374812242 |  Stepsize: 1.00000000000 | 
# 67     F(x): -0.02628429427 |  |Df(x)|: 0.00503202063 |  Stepsize: 1.00000000000 | 
# 68     F(x): -0.02629848471 |  |Df(x)|: 0.01107957237 |  Stepsize: 1.00000000000 | 
# 69     F(x): -0.02632633314 |  |Df(x)|: 0.00486566136 |  Stepsize: 1.00000000000 | 
# 70     F(x): -0.02634644313 |  |Df(x)|: 0.00407748553 |  Stepsize: 1.00000000000 | 
# 71     F(x): -0.02636571483 |  |Df(x)|: 0.00493289809 |  Stepsize: 1.00000000000 | 
# 72     F(x): -0.02640198083 |  |Df(x)|: 0.00582386567 |  Stepsize: 1.00000000000 | 
# 73     F(x): -0.02642059460 |  |Df(x)|: 0.00814758905 |  Stepsize: 0.41145952832 | 
# 74     F(x): -0.02644683601 |  |Df(x)|: 0.00373712251 |  Stepsize: 1.00000000000 | 
# 75     F(x): -0.02646285859 |  |Df(x)|: 0.00374025985 |  Stepsize: 1.00000000000 | 
# 76     F(x): -0.02648439663 |  |Df(x)|: 0.00491880784 |  Stepsize: 1.00000000000 | 
# 77     F(x): -0.02650008984 |  |Df(x)|: 0.00959051131 |  Stepsize: 1.00000000000 | 
# 78     F(x): -0.02652642515 |  |Df(x)|: 0.00430053796 |  Stepsize: 1.00000000000 | 
# 79     F(x): -0.02654170695 |  |Df(x)|: 0.00352596605 |  Stepsize: 1.00000000000 | 
# 80     F(x): -0.02655765221 |  |Df(x)|: 0.00418094993 |  Stepsize: 1.00000000000 | 
# 81     F(x): -0.02657788443 |  |Df(x)|: 0.00779716258 |  Stepsize: 1.00000000000 | 
# 82     F(x): -0.02660054223 |  |Df(x)|: 0.00438261699 |  Stepsize: 1.00000000000 | 
# 83     F(x): -0.02661659195 |  |Df(x)|: 0.00379407453 |  Stepsize: 1.00000000000 | 
# 84     F(x): -0.02663640204 |  |Df(x)|: 0.00476138774 |  Stepsize: 1.00000000000 | 
# 85     F(x): -0.02665132250 |  |Df(x)|: 0.00705186634 |  Stepsize: 1.00000000000 | 
# 86     F(x): -0.02667037277 |  |Df(x)|: 0.00442685934 |  Stepsize: 1.00000000000 | 
# 87     F(x): -0.02669169735 |  |Df(x)|: 0.00392295808 |  Stepsize: 1.00000000000 | 
# 88     F(x): -0.02670379804 |  |Df(x)|: 0.00582827971 |  Stepsize: 1.00000000000 | 
# 89     F(x): -0.02671910294 |  |Df(x)|: 0.00442090711 |  Stepsize: 1.00000000000 | 
# 90     F(x): -0.02674341249 |  |Df(x)|: 0.00466250590 |  Stepsize: 1.00000000000 | 
# 91     F(x): -0.02675406481 |  |Df(x)|: 0.00755846992 |  Stepsize: 1.00000000000 | 
# 92     F(x): -0.02676748351 |  |Df(x)|: 0.00435087425 |  Stepsize: 1.00000000000 | 
# 93     F(x): -0.02678429714 |  |Df(x)|: 0.00363156780 |  Stepsize: 1.00000000000 | 
# 94     F(x): -0.02679705290 |  |Df(x)|: 0.00403990719 |  Stepsize: 1.00000000000 | 
# 95     F(x): -0.02681748287 |  |Df(x)|: 0.00785099601 |  Stepsize: 1.00000000000 | 
# 96     F(x): -0.02683835194 |  |Df(x)|: 0.00439610451 |  Stepsize: 1.00000000000 | 
# 97     F(x): -0.02685007028 |  |Df(x)|: 0.00306432074 |  Stepsize: 1.00000000000 | 
# 98     F(x): -0.02686576679 |  |Df(x)|: 0.00415606433 |  Stepsize: 1.00000000000 | 
# 99     F(x): -0.02687831020 |  |Df(x)|: 0.00634285599 |  Stepsize: 1.00000000000 | 
# 100    F(x): -0.02689439748 |  |Df(x)|: 0.00435713582 |  Stepsize: 1.00000000000 | 
# 101    F(x): -0.02691414742 |  |Df(x)|: 0.00427370434 |  Stepsize: 1.00000000000 | 
# 102    F(x): -0.02692575888 |  |Df(x)|: 0.00480777358 |  Stepsize: 1.00000000000 | 
# 103    F(x): -0.02693833530 |  |Df(x)|: 0.00417303980 |  Stepsize: 1.00000000000 | 
# 104    F(x): -0.02696069849 |  |Df(x)|: 0.00705023216 |  Stepsize: 1.00000000000 | 
# 105    F(x): -0.02697474492 |  |Df(x)|: 0.00496736199 |  Stepsize: 1.00000000000 | 
# 106    F(x): -0.02698281287 |  |Df(x)|: 0.00343197913 |  Stepsize: 1.00000000000 | 
# 107    F(x): -0.02700034560 |  |Df(x)|: 0.00272077994 |  Stepsize: 1.00000000000 | 
# 108    F(x): -0.02701275700 |  |Df(x)|: 0.00390444762 |  Stepsize: 1.00000000000 | 
# 109    F(x): -0.02702793291 |  |Df(x)|: 0.00515775686 |  Stepsize: 1.00000000000 | 
# 110    F(x): -0.02704082912 |  |Df(x)|: 0.00376517570 |  Stepsize: 1.00000000000 | 
# 111    F(x): -0.02705175317 |  |Df(x)|: 0.00364929275 |  Stepsize: 1.00000000000 | 
# 112    F(x): -0.02706490687 |  |Df(x)|: 0.00476754269 |  Stepsize: 1.00000000000 | 
# 113    F(x): -0.02707452763 |  |Df(x)|: 0.00669775739 |  Stepsize: 1.00000000000 | 
# 114    F(x): -0.02708730423 |  |Df(x)|: 0.00338463625 |  Stepsize: 1.00000000000 | 
# 115    F(x): -0.02709907412 |  |Df(x)|: 0.00305309053 |  Stepsize: 1.00000000000 | 
# 116    F(x): -0.02710851138 |  |Df(x)|: 0.00342067709 |  Stepsize: 1.00000000000 | 
# 117    F(x): -0.02711887829 |  |Df(x)|: 0.00892213444 |  Stepsize: 1.00000000000 | 
# 118    F(x): -0.02713837252 |  |Df(x)|: 0.00330540591 |  Stepsize: 1.00000000000 | 
# 119    F(x): -0.02714601652 |  |Df(x)|: 0.00256811485 |  Stepsize: 1.00000000000 | 
# 120    F(x): -0.02715614935 |  |Df(x)|: 0.00370429325 |  Stepsize: 1.00000000000 | 
# 121    F(x): -0.02716446470 |  |Df(x)|: 0.00585524486 |  Stepsize: 1.00000000000 | 
# 122    F(x): -0.02717505761 |  |Df(x)|: 0.00325318911 |  Stepsize: 1.00000000000 | 
# 123    F(x): -0.02718461792 |  |Df(x)|: 0.00272545017 |  Stepsize: 1.00000000000 | 
# 124    F(x): -0.02719085267 |  |Df(x)|: 0.00336149786 |  Stepsize: 1.00000000000 | 
# 125    F(x): -0.02720163541 |  |Df(x)|: 0.00346902073 |  Stepsize: 1.00000000000 | 
# 126    F(x): -0.02721013347 |  |Df(x)|: 0.00413754845 |  Stepsize: 1.00000000000 | 
# 127    F(x): -0.02721782983 |  |Df(x)|: 0.00288094624 |  Stepsize: 1.00000000000 | 
# 128    F(x): -0.02722642587 |  |Df(x)|: 0.00274403057 |  Stepsize: 1.00000000000 | 
# 129    F(x): -0.02723407834 |  |Df(x)|: 0.00341373668 |  Stepsize: 1.00000000000 | 
# 130    F(x): -0.02724288739 |  |Df(x)|: 0.00339532291 |  Stepsize: 1.00000000000 | 
# 131    F(x): -0.02725015553 |  |Df(x)|: 0.00261070839 |  Stepsize: 1.00000000000 | 
# 132    F(x): -0.02725770531 |  |Df(x)|: 0.00276490489 |  Stepsize: 1.00000000000 | 
# 133    F(x): -0.02726406119 |  |Df(x)|: 0.00327368004 |  Stepsize: 1.00000000000 | 
# 134    F(x): -0.02727230122 |  |Df(x)|: 0.00286018018 |  Stepsize: 1.00000000000 | 
# 135    F(x): -0.02727840097 |  |Df(x)|: 0.00398143850 |  Stepsize: 1.00000000000 | 
# 136    F(x): -0.02728392706 |  |Df(x)|: 0.00290220924 |  Stepsize: 1.00000000000 | 
# 137    F(x): -0.02729011701 |  |Df(x)|: 0.00329937390 |  Stepsize: 1.00000000000 | 
# 138    F(x): -0.02729565652 |  |Df(x)|: 0.00253982370 |  Stepsize: 1.00000000000 | 
# 139    F(x): -0.02730257177 |  |Df(x)|: 0.00267450897 |  Stepsize: 1.00000000000 | 
# 140    F(x): -0.02730806006 |  |Df(x)|: 0.00291152924 |  Stepsize: 1.00000000000 | 
# 141    F(x): -0.02731426734 |  |Df(x)|: 0.00258529108 |  Stepsize: 1.00000000000 | 
# 142    F(x): -0.02732137632 |  |Df(x)|: 0.00392002664 |  Stepsize: 1.00000000000 | 
# 143    F(x): -0.02732781576 |  |Df(x)|: 0.00234808644 |  Stepsize: 1.00000000000 | 
# 144    F(x): -0.02733234148 |  |Df(x)|: 0.00220812589 |  Stepsize: 1.00000000000 | 
# 145    F(x): -0.02734093890 |  |Df(x)|: 0.00311743005 |  Stepsize: 1.00000000000 | 
# 146    F(x): -0.02734372214 |  |Df(x)|: 0.00473579755 |  Stepsize: 1.00000000000 | 
# 147    F(x): -0.02734923594 |  |Df(x)|: 0.00194800479 |  Stepsize: 1.00000000000 | 
# 148    F(x): -0.02735266579 |  |Df(x)|: 0.00158637800 |  Stepsize: 1.00000000000 | 
# 149    F(x): -0.02735768301 |  |Df(x)|: 0.00246565088 |  Stepsize: 1.00000000000 | 
# 150    F(x): -0.02736311001 |  |Df(x)|: 0.00372193300 |  Stepsize: 1.00000000000 | 
# 151    F(x): -0.02736921594 |  |Df(x)|: 0.00239217766 |  Stepsize: 1.00000000000 | 
# 152    F(x): -0.02737443285 |  |Df(x)|: 0.00188970184 |  Stepsize: 1.00000000000 | 
# 153    F(x): -0.02737955957 |  |Df(x)|: 0.00334197345 |  Stepsize: 1.00000000000 | 
# 154    F(x): -0.02738331320 |  |Df(x)|: 0.00258201131 |  Stepsize: 1.00000000000 | 
# 155    F(x): -0.02738671900 |  |Df(x)|: 0.00211336177 |  Stepsize: 1.00000000000 | 
# 156    F(x): -0.02739224481 |  |Df(x)|: 0.00231395824 |  Stepsize: 1.00000000000 | 
# 157    F(x): -0.02739560154 |  |Df(x)|: 0.00333375523 |  Stepsize: 1.00000000000 | 
# 158    F(x): -0.02739944128 |  |Df(x)|: 0.00233015791 |  Stepsize: 1.00000000000 | 
# 159    F(x): -0.02740499325 |  |Df(x)|: 0.00196275656 |  Stepsize: 1.00000000000 | 
# 160    F(x): -0.02740825535 |  |Df(x)|: 0.00250941295 |  Stepsize: 1.00000000000 | 
# 161    F(x): -0.02741240341 |  |Df(x)|: 0.00216412307 |  Stepsize: 1.00000000000 | 
# 162    F(x): -0.02741564149 |  |Df(x)|: 0.00430689274 |  Stepsize: 1.00000000000 | 
# 163    F(x): -0.02742008711 |  |Df(x)|: 0.00182420562 |  Stepsize: 1.00000000000 | 
# 164    F(x): -0.02742226386 |  |Df(x)|: 0.00170971062 |  Stepsize: 1.00000000000 | 
# 165    F(x): -0.02742620410 |  |Df(x)|: 0.00201310291 |  Stepsize: 1.00000000000 | 
# 166    F(x): -0.02742682379 |  |Df(x)|: 0.00534090976 |  Stepsize: 1.00000000000 | 
At iteration 166 the algorithm performed a step with an absolute cost change (6.196910836107905e-7) less than 1.0000000000000002e-6.after: rho = 62.5, f = -0.009038240754292737, pen = 0.0003549159500368447, alm = -0.03142394114907658, z = 0.009038240754292737
cur_pen: 0.01883921309494759 < 1.0000000000000002e-6, norm_vgl: 0.09819808596570359<1.0000000000000002e-6
Elapsed time: 4914.379504919052 seconds, Time limit: 10800.0 seconds
Initial  F(x): -0.02255104240 | 
# 1      F(x): -0.02425071774 |  |Df(x)|: 0.02872850880 |  Stepsize: 1.00000000000 | 
# 2      F(x): -0.02545011357 |  |Df(x)|: 0.02612941413 |  Stepsize: 1.00000000000 | 
# 3      F(x): -0.02660395009 |  |Df(x)|: 0.02475406581 |  Stepsize: 1.00000000000 | 
# 4      F(x): -0.02719006014 |  |Df(x)|: 0.03163406249 |  Stepsize: 0.79869603898 | 
# 5      F(x): -0.02779776376 |  |Df(x)|: 0.01493669100 |  Stepsize: 1.00000000000 | 
# 6      F(x): -0.02812767576 |  |Df(x)|: 0.01256573388 |  Stepsize: 1.00000000000 | 
# 7      F(x): -0.02852401448 |  |Df(x)|: 0.01394716448 |  Stepsize: 1.00000000000 | 
# 8      F(x): -0.02884541676 |  |Df(x)|: 0.02005144993 |  Stepsize: 0.74814455581 | 
# 9      F(x): -0.02918197437 |  |Df(x)|: 0.01047035587 |  Stepsize: 0.98822220071 | 
# 10     F(x): -0.02936407823 |  |Df(x)|: 0.00825428545 |  Stepsize: 1.00000000000 | 
# 11     F(x): -0.02957927641 |  |Df(x)|: 0.01067030172 |  Stepsize: 1.00000000000 | 
# 12     F(x): -0.02977001259 |  |Df(x)|: 0.01261247465 |  Stepsize: 1.00000000000 | 
# 13     F(x): -0.02998729786 |  |Df(x)|: 0.00913051604 |  Stepsize: 0.95534497748 | 
# 14     F(x): -0.03012954828 |  |Df(x)|: 0.01222816764 |  Stepsize: 1.00000000000 | 
# 15     F(x): -0.03024064776 |  |Df(x)|: 0.00751365478 |  Stepsize: 1.00000000000 | 
# 16     F(x): -0.03032677238 |  |Df(x)|: 0.00664375293 |  Stepsize: 1.00000000000 | 
# 17     F(x): -0.03047270907 |  |Df(x)|: 0.00757587968 |  Stepsize: 1.00000000000 | 
# 18     F(x): -0.03055067971 |  |Df(x)|: 0.01281382387 |  Stepsize: 0.88506531530 | 
# 19     F(x): -0.03065540641 |  |Df(x)|: 0.00590312929 |  Stepsize: 1.00000000000 | 
# 20     F(x): -0.03073169408 |  |Df(x)|: 0.00522942876 |  Stepsize: 1.00000000000 | 
# 21     F(x): -0.03080137636 |  |Df(x)|: 0.00606521654 |  Stepsize: 1.00000000000 | 
# 22     F(x): -0.03090914795 |  |Df(x)|: 0.00612164547 |  Stepsize: 1.00000000000 | 
# 23     F(x): -0.03091681175 |  |Df(x)|: 0.01381784981 |  Stepsize: 0.71423826373 | 
# 24     F(x): -0.03101558293 |  |Df(x)|: 0.00402900115 |  Stepsize: 1.00000000000 | 
# 25     F(x): -0.03104387902 |  |Df(x)|: 0.00350120990 |  Stepsize: 1.00000000000 | 
# 26     F(x): -0.03109591322 |  |Df(x)|: 0.00437830787 |  Stepsize: 1.00000000000 | 
# 27     F(x): -0.03114703574 |  |Df(x)|: 0.00834051669 |  Stepsize: 1.00000000000 | 
# 28     F(x): -0.03120847285 |  |Df(x)|: 0.00413202550 |  Stepsize: 1.00000000000 | 
# 29     F(x): -0.03124691836 |  |Df(x)|: 0.00336499932 |  Stepsize: 1.00000000000 | 
# 30     F(x): -0.03129481711 |  |Df(x)|: 0.00474287062 |  Stepsize: 1.00000000000 | 
# 31     F(x): -0.03132984912 |  |Df(x)|: 0.00750118097 |  Stepsize: 1.00000000000 | 
# 32     F(x): -0.03137460362 |  |Df(x)|: 0.00429691387 |  Stepsize: 1.00000000000 | 
# 33     F(x): -0.03141863326 |  |Df(x)|: 0.00332007933 |  Stepsize: 1.00000000000 | 
# 34     F(x): -0.03144550107 |  |Df(x)|: 0.00414054919 |  Stepsize: 1.00000000000 | 
# 35     F(x): -0.03149093867 |  |Df(x)|: 0.00478447973 |  Stepsize: 1.00000000000 | 
# 36     F(x): -0.03153341825 |  |Df(x)|: 0.00460411539 |  Stepsize: 1.00000000000 | 
# 37     F(x): -0.03157383546 |  |Df(x)|: 0.00378015148 |  Stepsize: 1.00000000000 | 
# 38     F(x): -0.03160892764 |  |Df(x)|: 0.00416381688 |  Stepsize: 1.00000000000 | 
# 39     F(x): -0.03164694663 |  |Df(x)|: 0.00428866195 |  Stepsize: 1.00000000000 | 
# 40     F(x): -0.03169093357 |  |Df(x)|: 0.00420640168 |  Stepsize: 1.00000000000 | 
# 41     F(x): -0.03172982313 |  |Df(x)|: 0.00435892993 |  Stepsize: 1.00000000000 | 
# 42     F(x): -0.03176386477 |  |Df(x)|: 0.00471388476 |  Stepsize: 1.00000000000 | 
# 43     F(x): -0.03179463837 |  |Df(x)|: 0.00330260513 |  Stepsize: 1.00000000000 | 
# 44     F(x): -0.03183488705 |  |Df(x)|: 0.00341407733 |  Stepsize: 1.00000000000 | 
# 45     F(x): -0.03186625984 |  |Df(x)|: 0.00486000541 |  Stepsize: 1.00000000000 | 
# 46     F(x): -0.03189442150 |  |Df(x)|: 0.00382106254 |  Stepsize: 1.00000000000 | 
# 47     F(x): -0.03192368751 |  |Df(x)|: 0.00324322402 |  Stepsize: 1.00000000000 | 
# 48     F(x): -0.03194974439 |  |Df(x)|: 0.00287082655 |  Stepsize: 1.00000000000 | 
# 49     F(x): -0.03197557286 |  |Df(x)|: 0.00381567482 |  Stepsize: 1.00000000000 | 
# 50     F(x): -0.03200329943 |  |Df(x)|: 0.00338270501 |  Stepsize: 1.00000000000 | 
# 51     F(x): -0.03202572390 |  |Df(x)|: 0.00279522353 |  Stepsize: 1.00000000000 | 
# 52     F(x): -0.03205199872 |  |Df(x)|: 0.00312361242 |  Stepsize: 1.00000000000 | 
# 53     F(x): -0.03206892330 |  |Df(x)|: 0.00580988755 |  Stepsize: 1.00000000000 | 
# 54     F(x): -0.03209163592 |  |Df(x)|: 0.00294635363 |  Stepsize: 1.00000000000 | 
# 55     F(x): -0.03211090954 |  |Df(x)|: 0.00251990553 |  Stepsize: 1.00000000000 | 
# 56     F(x): -0.03212513944 |  |Df(x)|: 0.00272687056 |  Stepsize: 1.00000000000 | 
# 57     F(x): -0.03215112517 |  |Df(x)|: 0.00556173871 |  Stepsize: 1.00000000000 | 
# 58     F(x): -0.03217944848 |  |Df(x)|: 0.00327528334 |  Stepsize: 1.00000000000 | 
# 59     F(x): -0.03219569146 |  |Df(x)|: 0.00238149043 |  Stepsize: 1.00000000000 | 
# 60     F(x): -0.03221774420 |  |Df(x)|: 0.00285755825 |  Stepsize: 1.00000000000 | 
# 61     F(x): -0.03223265359 |  |Df(x)|: 0.00513627284 |  Stepsize: 1.00000000000 | 
# 62     F(x): -0.03225334061 |  |Df(x)|: 0.00289609397 |  Stepsize: 1.00000000000 | 
# 63     F(x): -0.03227259525 |  |Df(x)|: 0.00223005603 |  Stepsize: 1.00000000000 | 
# 64     F(x): -0.03228521874 |  |Df(x)|: 0.00263995290 |  Stepsize: 1.00000000000 | 
# 65     F(x): -0.03230610478 |  |Df(x)|: 0.00475245474 |  Stepsize: 1.00000000000 | 
# 66     F(x): -0.03232608428 |  |Df(x)|: 0.00274465517 |  Stepsize: 1.00000000000 | 
# 67     F(x): -0.03233783344 |  |Df(x)|: 0.00219557427 |  Stepsize: 1.00000000000 | 
# 68     F(x): -0.03235304114 |  |Df(x)|: 0.00272931926 |  Stepsize: 1.00000000000 | 
# 69     F(x): -0.03236697609 |  |Df(x)|: 0.00357681720 |  Stepsize: 1.00000000000 | 
# 70     F(x): -0.03238193607 |  |Df(x)|: 0.00228292733 |  Stepsize: 1.00000000000 | 
# 71     F(x): -0.03239862584 |  |Df(x)|: 0.00217419866 |  Stepsize: 1.00000000000 | 
# 72     F(x): -0.03241134864 |  |Df(x)|: 0.00279405773 |  Stepsize: 1.00000000000 | 
# 73     F(x): -0.03242970225 |  |Df(x)|: 0.00257877316 |  Stepsize: 1.00000000000 | 
# 74     F(x): -0.03244336277 |  |Df(x)|: 0.00299792905 |  Stepsize: 1.00000000000 | 
# 75     F(x): -0.03245503866 |  |Df(x)|: 0.00198396769 |  Stepsize: 1.00000000000 | 
# 76     F(x): -0.03246664157 |  |Df(x)|: 0.00195962006 |  Stepsize: 1.00000000000 | 
# 77     F(x): -0.03247828227 |  |Df(x)|: 0.00347250526 |  Stepsize: 1.00000000000 | 
# 78     F(x): -0.03249139959 |  |Df(x)|: 0.00240738407 |  Stepsize: 1.00000000000 | 
# 79     F(x): -0.03250292715 |  |Df(x)|: 0.00213531879 |  Stepsize: 1.00000000000 | 
# 80     F(x): -0.03251767531 |  |Df(x)|: 0.00220987356 |  Stepsize: 1.00000000000 | 
# 81     F(x): -0.03253037419 |  |Df(x)|: 0.00259639715 |  Stepsize: 1.00000000000 | 
# 82     F(x): -0.03254470504 |  |Df(x)|: 0.00205238849 |  Stepsize: 1.00000000000 | 
# 83     F(x): -0.03255653098 |  |Df(x)|: 0.00237242775 |  Stepsize: 1.00000000000 | 
# 84     F(x): -0.03256861843 |  |Df(x)|: 0.00197436686 |  Stepsize: 1.00000000000 | 
# 85     F(x): -0.03258103730 |  |Df(x)|: 0.00214153598 |  Stepsize: 1.00000000000 | 
# 86     F(x): -0.03259210037 |  |Df(x)|: 0.00304066382 |  Stepsize: 1.00000000000 | 
# 87     F(x): -0.03260215810 |  |Df(x)|: 0.00191536144 |  Stepsize: 1.00000000000 | 
# 88     F(x): -0.03261061147 |  |Df(x)|: 0.00168063615 |  Stepsize: 1.00000000000 | 
# 89     F(x): -0.03262100128 |  |Df(x)|: 0.00205304475 |  Stepsize: 1.00000000000 | 
# 90     F(x): -0.03262689647 |  |Df(x)|: 0.00480254924 |  Stepsize: 1.00000000000 | 
# 91     F(x): -0.03264015715 |  |Df(x)|: 0.00203751962 |  Stepsize: 1.00000000000 | 
# 92     F(x): -0.03264772318 |  |Df(x)|: 0.00153830618 |  Stepsize: 1.00000000000 | 
# 93     F(x): -0.03265562996 |  |Df(x)|: 0.00184434837 |  Stepsize: 1.00000000000 | 
# 94     F(x): -0.03266710553 |  |Df(x)|: 0.00334138074 |  Stepsize: 1.00000000000 | 
# 95     F(x): -0.03267870493 |  |Df(x)|: 0.00178092889 |  Stepsize: 1.00000000000 | 
# 96     F(x): -0.03268567450 |  |Df(x)|: 0.00144198961 |  Stepsize: 1.00000000000 | 
# 97     F(x): -0.03269305172 |  |Df(x)|: 0.00218302486 |  Stepsize: 1.00000000000 | 
# 98     F(x): -0.03270018297 |  |Df(x)|: 0.00229156173 |  Stepsize: 1.00000000000 | 
# 99     F(x): -0.03270784140 |  |Df(x)|: 0.00188814387 |  Stepsize: 1.00000000000 | 
# 100    F(x): -0.03271608226 |  |Df(x)|: 0.00328894166 |  Stepsize: 1.00000000000 | 
# 101    F(x): -0.03272328960 |  |Df(x)|: 0.00169935677 |  Stepsize: 1.00000000000 | 
# 102    F(x): -0.03272790906 |  |Df(x)|: 0.00143249305 |  Stepsize: 1.00000000000 | 
# 103    F(x): -0.03273841676 |  |Df(x)|: 0.00184963655 |  Stepsize: 1.00000000000 | 
# 104    F(x): -0.03274572982 |  |Df(x)|: 0.00240538492 |  Stepsize: 1.00000000000 | 
# 105    F(x): -0.03275489244 |  |Df(x)|: 0.00162162134 |  Stepsize: 1.00000000000 | 
# 106    F(x): -0.03276246806 |  |Df(x)|: 0.00164753612 |  Stepsize: 1.00000000000 | 
# 107    F(x): -0.03276987612 |  |Df(x)|: 0.00204072348 |  Stepsize: 1.00000000000 | 
# 108    F(x): -0.03277659904 |  |Df(x)|: 0.00174277876 |  Stepsize: 1.00000000000 | 
# 109    F(x): -0.03278588501 |  |Df(x)|: 0.00180151492 |  Stepsize: 1.00000000000 | 
# 110    F(x): -0.03279184213 |  |Df(x)|: 0.00194866313 |  Stepsize: 1.00000000000 | 
# 111    F(x): -0.03279848846 |  |Df(x)|: 0.00179416759 |  Stepsize: 1.00000000000 | 
# 112    F(x): -0.03280729594 |  |Df(x)|: 0.00260961467 |  Stepsize: 1.00000000000 | 
# 113    F(x): -0.03281560951 |  |Df(x)|: 0.00170412602 |  Stepsize: 1.00000000000 | 
# 114    F(x): -0.03282114683 |  |Df(x)|: 0.00145938403 |  Stepsize: 1.00000000000 | 
# 115    F(x): -0.03283024572 |  |Df(x)|: 0.00176009199 |  Stepsize: 1.00000000000 | 
# 116    F(x): -0.03283365512 |  |Df(x)|: 0.00374660475 |  Stepsize: 1.00000000000 | 
# 117    F(x): -0.03284227291 |  |Df(x)|: 0.00168180449 |  Stepsize: 1.00000000000 | 
# 118    F(x): -0.03284884283 |  |Df(x)|: 0.00130225284 |  Stepsize: 1.00000000000 | 
# 119    F(x): -0.03285518324 |  |Df(x)|: 0.00176856707 |  Stepsize: 1.00000000000 | 
# 120    F(x): -0.03286279091 |  |Df(x)|: 0.00295369081 |  Stepsize: 1.00000000000 | 
# 121    F(x): -0.03287208054 |  |Df(x)|: 0.00177032142 |  Stepsize: 1.00000000000 | 
# 122    F(x): -0.03287859503 |  |Df(x)|: 0.00147522243 |  Stepsize: 1.00000000000 | 
# 123    F(x): -0.03288579913 |  |Df(x)|: 0.00252217863 |  Stepsize: 1.00000000000 | 
# 124    F(x): -0.03289266820 |  |Df(x)|: 0.00200586009 |  Stepsize: 1.00000000000 | 
# 125    F(x): -0.03290056351 |  |Df(x)|: 0.00160084383 |  Stepsize: 1.00000000000 | 
# 126    F(x): -0.03290861991 |  |Df(x)|: 0.00185460571 |  Stepsize: 1.00000000000 | 
# 127    F(x): -0.03291436349 |  |Df(x)|: 0.00280206935 |  Stepsize: 1.00000000000 | 
# 128    F(x): -0.03292113858 |  |Df(x)|: 0.00179413639 |  Stepsize: 1.00000000000 | 
# 129    F(x): -0.03293003328 |  |Df(x)|: 0.00173542125 |  Stepsize: 1.00000000000 | 
# 130    F(x): -0.03293555104 |  |Df(x)|: 0.00193280377 |  Stepsize: 1.00000000000 | 
# 131    F(x): -0.03294244619 |  |Df(x)|: 0.00192964815 |  Stepsize: 1.00000000000 | 
# 132    F(x): -0.03294920267 |  |Df(x)|: 0.00265735805 |  Stepsize: 1.00000000000 | 
# 133    F(x): -0.03295928593 |  |Df(x)|: 0.00183136679 |  Stepsize: 1.00000000000 | 
# 134    F(x): -0.03296597632 |  |Df(x)|: 0.00146375432 |  Stepsize: 1.00000000000 | 
# 135    F(x): -0.03297411369 |  |Df(x)|: 0.00178071433 |  Stepsize: 1.00000000000 | 
# 136    F(x): -0.03298156969 |  |Df(x)|: 0.00261018709 |  Stepsize: 1.00000000000 | 
# 137    F(x): -0.03298865766 |  |Df(x)|: 0.00142127952 |  Stepsize: 1.00000000000 | 
# 138    F(x): -0.03299394659 |  |Df(x)|: 0.00129662380 |  Stepsize: 1.00000000000 | 
# 139    F(x): -0.03300014824 |  |Df(x)|: 0.00171437903 |  Stepsize: 1.00000000000 | 
# 140    F(x): -0.03300573264 |  |Df(x)|: 0.00271500580 |  Stepsize: 1.00000000000 | 
# 141    F(x): -0.03301266599 |  |Df(x)|: 0.00136496921 |  Stepsize: 1.00000000000 | 
# 142    F(x): -0.03301750337 |  |Df(x)|: 0.00129122242 |  Stepsize: 1.00000000000 | 
# 143    F(x): -0.03302256243 |  |Df(x)|: 0.00181592741 |  Stepsize: 1.00000000000 | 
# 144    F(x): -0.03302816003 |  |Df(x)|: 0.00189174620 |  Stepsize: 1.00000000000 | 
# 145    F(x): -0.03303316700 |  |Df(x)|: 0.00132081307 |  Stepsize: 1.00000000000 | 
# 146    F(x): -0.03303838049 |  |Df(x)|: 0.00134760200 |  Stepsize: 1.00000000000 | 
# 147    F(x): -0.03304413098 |  |Df(x)|: 0.00175641437 |  Stepsize: 1.00000000000 | 
# 148    F(x): -0.03305127142 |  |Df(x)|: 0.00182871832 |  Stepsize: 1.00000000000 | 
# 149    F(x): -0.03305743015 |  |Df(x)|: 0.00143186835 |  Stepsize: 1.00000000000 | 
# 150    F(x): -0.03306295702 |  |Df(x)|: 0.00135893226 |  Stepsize: 1.00000000000 | 
# 151    F(x): -0.03306950672 |  |Df(x)|: 0.00202977220 |  Stepsize: 1.00000000000 | 
# 152    F(x): -0.03307578566 |  |Df(x)|: 0.00178753046 |  Stepsize: 1.00000000000 | 
# 153    F(x): -0.03308076992 |  |Df(x)|: 0.00134569457 |  Stepsize: 1.00000000000 | 
# 154    F(x): -0.03308699843 |  |Df(x)|: 0.00163424217 |  Stepsize: 1.00000000000 | 
# 155    F(x): -0.03309138300 |  |Df(x)|: 0.00197351094 |  Stepsize: 1.00000000000 | 
# 156    F(x): -0.03309684129 |  |Df(x)|: 0.00158733503 |  Stepsize: 1.00000000000 | 
# 157    F(x): -0.03310243885 |  |Df(x)|: 0.00282337011 |  Stepsize: 1.00000000000 | 
# 158    F(x): -0.03310829591 |  |Df(x)|: 0.00138525186 |  Stepsize: 1.00000000000 | 
# 159    F(x): -0.03311216777 |  |Df(x)|: 0.00125144625 |  Stepsize: 1.00000000000 | 
# 160    F(x): -0.03311812214 |  |Df(x)|: 0.00160786064 |  Stepsize: 1.00000000000 | 
# 161    F(x): -0.03312448144 |  |Df(x)|: 0.00243236612 |  Stepsize: 1.00000000000 | 
# 162    F(x): -0.03313138822 |  |Df(x)|: 0.00148621987 |  Stepsize: 1.00000000000 | 
# 163    F(x): -0.03313713426 |  |Df(x)|: 0.00125164998 |  Stepsize: 1.00000000000 | 
# 164    F(x): -0.03314440204 |  |Df(x)|: 0.00190003227 |  Stepsize: 1.00000000000 | 
# 165    F(x): -0.03315106838 |  |Df(x)|: 0.00237188110 |  Stepsize: 1.00000000000 | 
# 166    F(x): -0.03315869183 |  |Df(x)|: 0.00174910386 |  Stepsize: 1.00000000000 | 
# 167    F(x): -0.03316743095 |  |Df(x)|: 0.00245312709 |  Stepsize: 1.00000000000 | 
# 168    F(x): -0.03317288486 |  |Df(x)|: 0.00210852894 |  Stepsize: 1.00000000000 | 
# 169    F(x): -0.03317696836 |  |Df(x)|: 0.00173235792 |  Stepsize: 1.00000000000 | 
# 170    F(x): -0.03318625021 |  |Df(x)|: 0.00243242750 |  Stepsize: 1.00000000000 | 
# 171    F(x): -0.03319205327 |  |Df(x)|: 0.00216828044 |  Stepsize: 1.00000000000 | 
# 172    F(x): -0.03319630966 |  |Df(x)|: 0.00166033484 |  Stepsize: 1.00000000000 | 
# 173    F(x): -0.03320725181 |  |Df(x)|: 0.00136395151 |  Stepsize: 1.00000000000 | 
# 174    F(x): -0.03321249767 |  |Df(x)|: 0.00232683171 |  Stepsize: 0.98689118009 | 
# 175    F(x): -0.03321941371 |  |Df(x)|: 0.00161786217 |  Stepsize: 1.00000000000 | 
# 176    F(x): -0.03322487163 |  |Df(x)|: 0.00127898690 |  Stepsize: 1.00000000000 | 
# 177    F(x): -0.03322962262 |  |Df(x)|: 0.00233006486 |  Stepsize: 1.00000000000 | 
# 178    F(x): -0.03323527724 |  |Df(x)|: 0.00143851978 |  Stepsize: 1.00000000000 | 
# 179    F(x): -0.03324074569 |  |Df(x)|: 0.00137677521 |  Stepsize: 1.00000000000 | 
# 180    F(x): -0.03324621553 |  |Df(x)|: 0.00152328093 |  Stepsize: 1.00000000000 | 
# 181    F(x): -0.03325034544 |  |Df(x)|: 0.00296353059 |  Stepsize: 1.00000000000 | 
# 182    F(x): -0.03325645815 |  |Df(x)|: 0.00145064467 |  Stepsize: 1.00000000000 | 
# 183    F(x): -0.03326083101 |  |Df(x)|: 0.00133346704 |  Stepsize: 1.00000000000 | 
# 184    F(x): -0.03326468125 |  |Df(x)|: 0.00130357710 |  Stepsize: 1.00000000000 | 
# 185    F(x): -0.03327118375 |  |Df(x)|: 0.00218093125 |  Stepsize: 1.00000000000 | 
# 186    F(x): -0.03327712270 |  |Df(x)|: 0.00172216428 |  Stepsize: 1.00000000000 | 
# 187    F(x): -0.03328161706 |  |Df(x)|: 0.00128595214 |  Stepsize: 1.00000000000 | 
# 188    F(x): -0.03328726573 |  |Df(x)|: 0.00180306029 |  Stepsize: 1.00000000000 | 
# 189    F(x): -0.03329188340 |  |Df(x)|: 0.00164323499 |  Stepsize: 1.00000000000 | 
# 190    F(x): -0.03329693450 |  |Df(x)|: 0.00132057681 |  Stepsize: 1.00000000000 | 
# 191    F(x): -0.03330341093 |  |Df(x)|: 0.00140457217 |  Stepsize: 1.00000000000 | 
# 192    F(x): -0.03330724197 |  |Df(x)|: 0.00255344990 |  Stepsize: 1.00000000000 | 
# 193    F(x): -0.03331191204 |  |Df(x)|: 0.00126218231 |  Stepsize: 1.00000000000 | 
# 194    F(x): -0.03331530539 |  |Df(x)|: 0.00133438291 |  Stepsize: 1.00000000000 | 
# 195    F(x): -0.03331845917 |  |Df(x)|: 0.00146560785 |  Stepsize: 1.00000000000 | 
# 196    F(x): -0.03332258484 |  |Df(x)|: 0.00249712271 |  Stepsize: 1.00000000000 | 
# 197    F(x): -0.03332755972 |  |Df(x)|: 0.00128397682 |  Stepsize: 1.00000000000 | 
# 198    F(x): -0.03333099189 |  |Df(x)|: 0.00114640749 |  Stepsize: 1.00000000000 | 
# 199    F(x): -0.03333434696 |  |Df(x)|: 0.00118942559 |  Stepsize: 1.00000000000 | 
# 200    F(x): -0.03333816179 |  |Df(x)|: 0.00277171902 |  Stepsize: 1.00000000000 | 
# 201    F(x): -0.03334309791 |  |Df(x)|: 0.00128986763 |  Stepsize: 1.00000000000 | 
# 202    F(x): -0.03334713067 |  |Df(x)|: 0.00126106520 |  Stepsize: 1.00000000000 | 
# 203    F(x): -0.03335072042 |  |Df(x)|: 0.00145264581 |  Stepsize: 1.00000000000 | 
# 204    F(x): -0.03335781251 |  |Df(x)|: 0.00164990956 |  Stepsize: 1.00000000000 | 
# 205    F(x): -0.03335925951 |  |Df(x)|: 0.00312123419 |  Stepsize: 0.64723781233 | 
# 206    F(x): -0.03336697821 |  |Df(x)|: 0.00123744923 |  Stepsize: 1.00000000000 | 
# 207    F(x): -0.03336975925 |  |Df(x)|: 0.00123877350 |  Stepsize: 1.00000000000 | 
# 208    F(x): -0.03337329585 |  |Df(x)|: 0.00127039601 |  Stepsize: 1.00000000000 | 
# 209    F(x): -0.03337907005 |  |Df(x)|: 0.00210580726 |  Stepsize: 1.00000000000 | 
# 210    F(x): -0.03338357765 |  |Df(x)|: 0.00196263374 |  Stepsize: 1.00000000000 | 
# 211    F(x): -0.03338727187 |  |Df(x)|: 0.00127900379 |  Stepsize: 1.00000000000 | 
# 212    F(x): -0.03339067258 |  |Df(x)|: 0.00105900395 |  Stepsize: 1.00000000000 | 
# 213    F(x): -0.03339412221 |  |Df(x)|: 0.00122958585 |  Stepsize: 1.00000000000 | 
# 214    F(x): -0.03339847910 |  |Df(x)|: 0.00247480859 |  Stepsize: 1.00000000000 | 
# 215    F(x): -0.03340359314 |  |Df(x)|: 0.00130702314 |  Stepsize: 1.00000000000 | 
# 216    F(x): -0.03340625635 |  |Df(x)|: 0.00100719225 |  Stepsize: 1.00000000000 | 
# 217    F(x): -0.03341000291 |  |Df(x)|: 0.00113558400 |  Stepsize: 1.00000000000 | 
# 218    F(x): -0.03341318337 |  |Df(x)|: 0.00184095634 |  Stepsize: 1.00000000000 | 
# 219    F(x): -0.03341718767 |  |Df(x)|: 0.00120048567 |  Stepsize: 1.00000000000 | 
# 220    F(x): -0.03342044703 |  |Df(x)|: 0.00120583331 |  Stepsize: 1.00000000000 | 
# 221    F(x): -0.03342299534 |  |Df(x)|: 0.00137317316 |  Stepsize: 1.00000000000 | 
# 222    F(x): -0.03342584896 |  |Df(x)|: 0.00122589782 |  Stepsize: 1.00000000000 | 
# 223    F(x): -0.03343073076 |  |Df(x)|: 0.00207724943 |  Stepsize: 1.00000000000 | 
# 224    F(x): -0.03343441022 |  |Df(x)|: 0.00163979377 |  Stepsize: 1.00000000000 | 
# 225    F(x): -0.03343695196 |  |Df(x)|: 0.00103519555 |  Stepsize: 1.00000000000 | 
# 226    F(x): -0.03343943248 |  |Df(x)|: 0.00091221942 |  Stepsize: 1.00000000000 | 
# 227    F(x): -0.03344191753 |  |Df(x)|: 0.00122430081 |  Stepsize: 1.00000000000 | 
# 228    F(x): -0.03344518308 |  |Df(x)|: 0.00101666148 |  Stepsize: 1.00000000000 | 
# 229    F(x): -0.03344690384 |  |Df(x)|: 0.00199501272 |  Stepsize: 1.00000000000 | 
# 230    F(x): -0.03344960606 |  |Df(x)|: 0.00102225501 |  Stepsize: 1.00000000000 | 
# 231    F(x): -0.03345195351 |  |Df(x)|: 0.00082299150 |  Stepsize: 1.00000000000 | 
# 232    F(x): -0.03345378879 |  |Df(x)|: 0.00088350121 |  Stepsize: 1.00000000000 | 
# 233    F(x): -0.03345824033 |  |Df(x)|: 0.00119094173 |  Stepsize: 1.00000000000 | 
# 234    F(x): -0.03346047444 |  |Df(x)|: 0.00150927799 |  Stepsize: 0.50000000000 | 
# 235    F(x): -0.03346310022 |  |Df(x)|: 0.00081017493 |  Stepsize: 1.00000000000 | 
# 236    F(x): -0.03346521379 |  |Df(x)|: 0.00078380493 |  Stepsize: 1.00000000000 | 
# 237    F(x): -0.03346709083 |  |Df(x)|: 0.00114412056 |  Stepsize: 1.00000000000 | 
# 238    F(x): -0.03346927646 |  |Df(x)|: 0.00103916313 |  Stepsize: 1.00000000000 | 
# 239    F(x): -0.03347121063 |  |Df(x)|: 0.00142094351 |  Stepsize: 1.00000000000 | 
# 240    F(x): -0.03347352220 |  |Df(x)|: 0.00092545170 |  Stepsize: 1.00000000000 | 
# 241    F(x): -0.03347530940 |  |Df(x)|: 0.00086778773 |  Stepsize: 1.00000000000 | 
# 242    F(x): -0.03347698121 |  |Df(x)|: 0.00100630168 |  Stepsize: 1.00000000000 | 
# 243    F(x): -0.03347928796 |  |Df(x)|: 0.00085537148 |  Stepsize: 1.00000000000 | 
# 244    F(x): -0.03348129584 |  |Df(x)|: 0.00138107660 |  Stepsize: 1.00000000000 | 
# 245    F(x): -0.03348328369 |  |Df(x)|: 0.00091299522 |  Stepsize: 1.00000000000 | 
# 246    F(x): -0.03348536596 |  |Df(x)|: 0.00085672645 |  Stepsize: 1.00000000000 | 
# 247    F(x): -0.03348774182 |  |Df(x)|: 0.00101498920 |  Stepsize: 1.00000000000 | 
# 248    F(x): -0.03348974249 |  |Df(x)|: 0.00179909417 |  Stepsize: 1.00000000000 | 
# 249    F(x): -0.03349210751 |  |Df(x)|: 0.00087572156 |  Stepsize: 1.00000000000 | 
# 250    F(x): -0.03349399522 |  |Df(x)|: 0.00089302226 |  Stepsize: 1.00000000000 | 
# 251    F(x): -0.03349596215 |  |Df(x)|: 0.00099295170 |  Stepsize: 1.00000000000 | 
# 252    F(x): -0.03349842156 |  |Df(x)|: 0.00203524184 |  Stepsize: 1.00000000000 | 
# 253    F(x): -0.03350085695 |  |Df(x)|: 0.00104713645 |  Stepsize: 1.00000000000 | 
# 254    F(x): -0.03350266985 |  |Df(x)|: 0.00075827055 |  Stepsize: 1.00000000000 | 
# 255    F(x): -0.03350422897 |  |Df(x)|: 0.00079317443 |  Stepsize: 1.00000000000 | 
# 256    F(x): -0.03350605630 |  |Df(x)|: 0.00126116016 |  Stepsize: 1.00000000000 | 
# 257    F(x): -0.03350824257 |  |Df(x)|: 0.00083416359 |  Stepsize: 1.00000000000 | 
# 258    F(x): -0.03351021954 |  |Df(x)|: 0.00085552148 |  Stepsize: 1.00000000000 | 
# 259    F(x): -0.03351154177 |  |Df(x)|: 0.00078728426 |  Stepsize: 1.00000000000 | 
# 260    F(x): -0.03351313123 |  |Df(x)|: 0.00071852402 |  Stepsize: 1.00000000000 | 
# 261    F(x): -0.03351455376 |  |Df(x)|: 0.00201872876 |  Stepsize: 1.00000000000 | 
# 262    F(x): -0.03351696201 |  |Df(x)|: 0.00079222307 |  Stepsize: 1.00000000000 | 
# 263    F(x): -0.03351798460 |  |Df(x)|: 0.00076648832 |  Stepsize: 1.00000000000 | 
# 264    F(x): -0.03351956679 |  |Df(x)|: 0.00062130676 |  Stepsize: 1.00000000000 | 
# 265    F(x): -0.03352251575 |  |Df(x)|: 0.00116063393 |  Stepsize: 1.00000000000 | 
# 266    F(x): -0.03352277050 |  |Df(x)|: 0.00219353089 |  Stepsize: 1.00000000000 | 
At iteration 266 the algorithm performed a step with an absolute cost change (2.5475291583892945e-7) less than 1.0000000000000002e-6.after: rho = 25.0, f = -0.025539989650998282, pen = 0.00039584759612695, alm = -0.04011772301423442, z = 0.025539989650998282
cur_pen: 0.019895919082237694 < 1.0000000000000002e-6, norm_vgl: 0.013673165790481303<1.0000000000000002e-6
Elapsed time: 5605.0316569805145 seconds, Time limit: 10800.0 seconds
Initial  F(x): -0.01537724826 | 
# 1      F(x): -0.02250492690 |  |Df(x)|: 0.09237721705 |  Stepsize: 0.63287173063 | 
# 2      F(x): -0.02466889607 |  |Df(x)|: 0.05227102969 |  Stepsize: 1.00000000000 | 
# 3      F(x): -0.02679350827 |  |Df(x)|: 0.04115401856 |  Stepsize: 1.00000000000 | 
# 4      F(x): -0.02791072785 |  |Df(x)|: 0.03190723626 |  Stepsize: 1.00000000000 | 
# 5      F(x): -0.02806220192 |  |Df(x)|: 0.04766237140 |  Stepsize: 1.00000000000 | 
# 6      F(x): -0.02844657923 |  |Df(x)|: 0.01742993976 |  Stepsize: 1.00000000000 | 
# 7      F(x): -0.02860166639 |  |Df(x)|: 0.01389309837 |  Stepsize: 1.00000000000 | 
# 8      F(x): -0.02883730990 |  |Df(x)|: 0.01709717199 |  Stepsize: 1.00000000000 | 
# 9      F(x): -0.02908400618 |  |Df(x)|: 0.01981063983 |  Stepsize: 1.00000000000 | 
# 10     F(x): -0.02913459136 |  |Df(x)|: 0.03389227703 |  Stepsize: 1.00000000000 | 
# 11     F(x): -0.02934411974 |  |Df(x)|: 0.01045545052 |  Stepsize: 1.00000000000 | 
# 12     F(x): -0.02940947383 |  |Df(x)|: 0.00971046944 |  Stepsize: 1.00000000000 | 
# 13     F(x): -0.02953745597 |  |Df(x)|: 0.01263872475 |  Stepsize: 1.00000000000 | 
# 14     F(x): -0.02968195597 |  |Df(x)|: 0.01527462363 |  Stepsize: 1.00000000000 | 
# 15     F(x): -0.02977011693 |  |Df(x)|: 0.01990642317 |  Stepsize: 1.00000000000 | 
# 16     F(x): -0.02988220862 |  |Df(x)|: 0.00805440407 |  Stepsize: 1.00000000000 | 
# 17     F(x): -0.02994374739 |  |Df(x)|: 0.00837652292 |  Stepsize: 1.00000000000 | 
# 18     F(x): -0.03002207640 |  |Df(x)|: 0.00969902320 |  Stepsize: 1.00000000000 | 
# 19     F(x): -0.03010759112 |  |Df(x)|: 0.02027658401 |  Stepsize: 1.00000000000 | 
# 20     F(x): -0.03021516462 |  |Df(x)|: 0.00824882411 |  Stepsize: 1.00000000000 | 
# 21     F(x): -0.03027125369 |  |Df(x)|: 0.00693002394 |  Stepsize: 1.00000000000 | 
# 22     F(x): -0.03034975958 |  |Df(x)|: 0.00922875450 |  Stepsize: 1.00000000000 | 
# 23     F(x): -0.03042636552 |  |Df(x)|: 0.01404772161 |  Stepsize: 1.00000000000 | 
# 24     F(x): -0.03051696603 |  |Df(x)|: 0.00897590381 |  Stepsize: 1.00000000000 | 
# 25     F(x): -0.03058358922 |  |Df(x)|: 0.00778496702 |  Stepsize: 1.00000000000 | 
# 26     F(x): -0.03065339584 |  |Df(x)|: 0.00982808880 |  Stepsize: 1.00000000000 | 
# 27     F(x): -0.03071029905 |  |Df(x)|: 0.01030986265 |  Stepsize: 1.00000000000 | 
# 28     F(x): -0.03078995130 |  |Df(x)|: 0.00825774789 |  Stepsize: 1.00000000000 | 
# 29     F(x): -0.03084221164 |  |Df(x)|: 0.01276464626 |  Stepsize: 1.00000000000 | 
# 30     F(x): -0.03089597311 |  |Df(x)|: 0.00833086795 |  Stepsize: 1.00000000000 | 
# 31     F(x): -0.03095797013 |  |Df(x)|: 0.00850987111 |  Stepsize: 1.00000000000 | 
# 32     F(x): -0.03102067100 |  |Df(x)|: 0.01044718839 |  Stepsize: 1.00000000000 | 
# 33     F(x): -0.03107479961 |  |Df(x)|: 0.01161912537 |  Stepsize: 1.00000000000 | 
# 34     F(x): -0.03112643060 |  |Df(x)|: 0.00723835440 |  Stepsize: 1.00000000000 | 
# 35     F(x): -0.03117771643 |  |Df(x)|: 0.00779289244 |  Stepsize: 1.00000000000 | 
# 36     F(x): -0.03122197039 |  |Df(x)|: 0.00853310567 |  Stepsize: 1.00000000000 | 
# 37     F(x): -0.03123884846 |  |Df(x)|: 0.01882655417 |  Stepsize: 1.00000000000 | 
# 38     F(x): -0.03130040834 |  |Df(x)|: 0.00576304231 |  Stepsize: 1.00000000000 | 
# 39     F(x): -0.03132067941 |  |Df(x)|: 0.00494045956 |  Stepsize: 1.00000000000 | 
# 40     F(x): -0.03135293588 |  |Df(x)|: 0.00615460227 |  Stepsize: 1.00000000000 | 
# 41     F(x): -0.03139538941 |  |Df(x)|: 0.00603876641 |  Stepsize: 1.00000000000 | 
# 42     F(x): -0.03140951974 |  |Df(x)|: 0.01346772564 |  Stepsize: 0.50000000000 | 
# 43     F(x): -0.03144848471 |  |Df(x)|: 0.00481949019 |  Stepsize: 1.00000000000 | 
# 44     F(x): -0.03146337248 |  |Df(x)|: 0.00350090785 |  Stepsize: 1.00000000000 | 
# 45     F(x): -0.03148153977 |  |Df(x)|: 0.00414562709 |  Stepsize: 1.00000000000 | 
# 46     F(x): -0.03150434223 |  |Df(x)|: 0.00557639474 |  Stepsize: 1.00000000000 | 
# 47     F(x): -0.03152425050 |  |Df(x)|: 0.00452863476 |  Stepsize: 1.00000000000 | 
# 48     F(x): -0.03153840196 |  |Df(x)|: 0.00315611649 |  Stepsize: 1.00000000000 | 
# 49     F(x): -0.03155294142 |  |Df(x)|: 0.00354459516 |  Stepsize: 1.00000000000 | 
# 50     F(x): -0.03156007156 |  |Df(x)|: 0.00886819273 |  Stepsize: 1.00000000000 | 
# 51     F(x): -0.03157509764 |  |Df(x)|: 0.00381847058 |  Stepsize: 1.00000000000 | 
# 52     F(x): -0.03158467897 |  |Df(x)|: 0.00284257109 |  Stepsize: 1.00000000000 | 
# 53     F(x): -0.03159251950 |  |Df(x)|: 0.00324507444 |  Stepsize: 1.00000000000 | 
# 54     F(x): -0.03160927573 |  |Df(x)|: 0.00366742047 |  Stepsize: 1.00000000000 | 
# 55     F(x): -0.03161452722 |  |Df(x)|: 0.00757778862 |  Stepsize: 0.50000000000 | 
# 56     F(x): -0.03162668026 |  |Df(x)|: 0.00257829429 |  Stepsize: 1.00000000000 | 
# 57     F(x): -0.03163103199 |  |Df(x)|: 0.00227702889 |  Stepsize: 1.00000000000 | 
# 58     F(x): -0.03163764149 |  |Df(x)|: 0.00314839377 |  Stepsize: 1.00000000000 | 
# 59     F(x): -0.03164195436 |  |Df(x)|: 0.00714040722 |  Stepsize: 1.00000000000 | 
# 60     F(x): -0.03165046959 |  |Df(x)|: 0.00292896763 |  Stepsize: 1.00000000000 | 
# 61     F(x): -0.03165555317 |  |Df(x)|: 0.00225411341 |  Stepsize: 1.00000000000 | 
# 62     F(x): -0.03166005571 |  |Df(x)|: 0.00266340637 |  Stepsize: 1.00000000000 | 
# 63     F(x): -0.03166908767 |  |Df(x)|: 0.00287986322 |  Stepsize: 1.00000000000 | 
# 64     F(x): -0.03167444135 |  |Df(x)|: 0.00500825580 |  Stepsize: 0.50000000000 | 
# 65     F(x): -0.03168317549 |  |Df(x)|: 0.00245017618 |  Stepsize: 1.00000000000 | 
# 66     F(x): -0.03168840156 |  |Df(x)|: 0.00191316057 |  Stepsize: 1.00000000000 | 
# 67     F(x): -0.03169365569 |  |Df(x)|: 0.00299310433 |  Stepsize: 1.00000000000 | 
# 68     F(x): -0.03169848568 |  |Df(x)|: 0.00256779949 |  Stepsize: 1.00000000000 | 
# 69     F(x): -0.03170375794 |  |Df(x)|: 0.00216161883 |  Stepsize: 1.00000000000 | 
# 70     F(x): -0.03170864238 |  |Df(x)|: 0.00393093360 |  Stepsize: 1.00000000000 | 
# 71     F(x): -0.03171381184 |  |Df(x)|: 0.00210171876 |  Stepsize: 1.00000000000 | 
# 72     F(x): -0.03171732690 |  |Df(x)|: 0.00189364768 |  Stepsize: 1.00000000000 | 
# 73     F(x): -0.03172162970 |  |Df(x)|: 0.00292003522 |  Stepsize: 1.00000000000 | 
# 74     F(x): -0.03172539459 |  |Df(x)|: 0.00259622768 |  Stepsize: 1.00000000000 | 
# 75     F(x): -0.03172874141 |  |Df(x)|: 0.00207962084 |  Stepsize: 1.00000000000 | 
# 76     F(x): -0.03173499130 |  |Df(x)|: 0.00219752081 |  Stepsize: 1.00000000000 | 
# 77     F(x): -0.03173773209 |  |Df(x)|: 0.00345884136 |  Stepsize: 1.00000000000 | 
# 78     F(x): -0.03174112689 |  |Df(x)|: 0.00204587148 |  Stepsize: 1.00000000000 | 
# 79     F(x): -0.03174574362 |  |Df(x)|: 0.00172104543 |  Stepsize: 1.00000000000 | 
# 80     F(x): -0.03174851611 |  |Df(x)|: 0.00226876129 |  Stepsize: 1.00000000000 | 
# 81     F(x): -0.03175222720 |  |Df(x)|: 0.00287757217 |  Stepsize: 1.00000000000 | 
# 82     F(x): -0.03175536757 |  |Df(x)|: 0.00201093626 |  Stepsize: 1.00000000000 | 
# 83     F(x): -0.03175774109 |  |Df(x)|: 0.00171022486 |  Stepsize: 1.00000000000 | 
# 84     F(x): -0.03176014856 |  |Df(x)|: 0.00191054112 |  Stepsize: 1.00000000000 | 
# 85     F(x): -0.03176254040 |  |Df(x)|: 0.00333995887 |  Stepsize: 1.00000000000 | 
# 86     F(x): -0.03176559222 |  |Df(x)|: 0.00180222293 |  Stepsize: 1.00000000000 | 
# 87     F(x): -0.03176866951 |  |Df(x)|: 0.00164327603 |  Stepsize: 1.00000000000 | 
# 88     F(x): -0.03177095978 |  |Df(x)|: 0.00169470666 |  Stepsize: 1.00000000000 | 
# 89     F(x): -0.03177559006 |  |Df(x)|: 0.00257174206 |  Stepsize: 1.00000000000 | 
# 90     F(x): -0.03177613306 |  |Df(x)|: 0.00422388389 |  Stepsize: 1.00000000000 | 
At iteration 90 the algorithm performed a step with an absolute cost change (5.430051927407531e-7) less than 1.0000000000000002e-6.after: rho = 62.5, f = -0.0337564706738725, pen = 3.5665577079849095e-5, alm = -0.03586368652210216, z = 0.0337564706738725
cur_pen: 0.005972066399484277 < 1.0000000000000002e-6, norm_vgl: 0.03545669221370741<1.0000000000000002e-6
Elapsed time: 5831.263660907745 seconds, Time limit: 10800.0 seconds
Initial  F(x): -0.03497204710 | 
# 1      F(x): -0.03798332647 |  |Df(x)|: 0.03527652856 |  Stepsize: 1.00000000000 | 
# 2      F(x): -0.03870121781 |  |Df(x)|: 0.02114333235 |  Stepsize: 1.00000000000 | 
# 3      F(x): -0.03939106500 |  |Df(x)|: 0.01773789233 |  Stepsize: 1.00000000000 | 
# 4      F(x): -0.03996557278 |  |Df(x)|: 0.01677056622 |  Stepsize: 1.00000000000 | 
# 5      F(x): -0.04022554159 |  |Df(x)|: 0.02635545696 |  Stepsize: 1.00000000000 | 
# 6      F(x): -0.04053582794 |  |Df(x)|: 0.01084819552 |  Stepsize: 1.00000000000 | 
# 7      F(x): -0.04068786592 |  |Df(x)|: 0.00959476618 |  Stepsize: 1.00000000000 | 
# 8      F(x): -0.04091925612 |  |Df(x)|: 0.01134696436 |  Stepsize: 1.00000000000 | 
# 9      F(x): -0.04118373267 |  |Df(x)|: 0.01428297981 |  Stepsize: 1.00000000000 | 
# 10     F(x): -0.04138925249 |  |Df(x)|: 0.01059511990 |  Stepsize: 0.88634725412 | 
# 11     F(x): -0.04151313290 |  |Df(x)|: 0.00632014352 |  Stepsize: 1.00000000000 | 
# 12     F(x): -0.04163555500 |  |Df(x)|: 0.00844248422 |  Stepsize: 1.00000000000 | 
# 13     F(x): -0.04170529046 |  |Df(x)|: 0.01068746307 |  Stepsize: 1.00000000000 | 
# 14     F(x): -0.04179031098 |  |Df(x)|: 0.00630124839 |  Stepsize: 1.00000000000 | 
# 15     F(x): -0.04187067132 |  |Df(x)|: 0.00503201059 |  Stepsize: 1.00000000000 | 
# 16     F(x): -0.04192792240 |  |Df(x)|: 0.00600578945 |  Stepsize: 1.00000000000 | 
# 17     F(x): -0.04198737000 |  |Df(x)|: 0.00680133595 |  Stepsize: 1.00000000000 | 
# 18     F(x): -0.04203757434 |  |Df(x)|: 0.00394827798 |  Stepsize: 1.00000000000 | 
# 19     F(x): -0.04207444709 |  |Df(x)|: 0.00405834873 |  Stepsize: 1.00000000000 | 
# 20     F(x): -0.04211290007 |  |Df(x)|: 0.00497571826 |  Stepsize: 1.00000000000 | 
# 21     F(x): -0.04215204281 |  |Df(x)|: 0.00653109600 |  Stepsize: 1.00000000000 | 
# 22     F(x): -0.04219101940 |  |Df(x)|: 0.00344296701 |  Stepsize: 1.00000000000 | 
# 23     F(x): -0.04221729512 |  |Df(x)|: 0.00305707490 |  Stepsize: 1.00000000000 | 
# 24     F(x): -0.04224347674 |  |Df(x)|: 0.00387524907 |  Stepsize: 1.00000000000 | 
# 25     F(x): -0.04227452026 |  |Df(x)|: 0.00487164000 |  Stepsize: 1.00000000000 | 
# 26     F(x): -0.04230278283 |  |Df(x)|: 0.00329308412 |  Stepsize: 1.00000000000 | 
# 27     F(x): -0.04231956524 |  |Df(x)|: 0.00368979413 |  Stepsize: 1.00000000000 | 
# 28     F(x): -0.04233188962 |  |Df(x)|: 0.00293300096 |  Stepsize: 1.00000000000 | 
# 29     F(x): -0.04234732987 |  |Df(x)|: 0.00303472751 |  Stepsize: 1.00000000000 | 
# 30     F(x): -0.04237226906 |  |Df(x)|: 0.00307843351 |  Stepsize: 1.00000000000 | 
# 31     F(x): -0.04237968652 |  |Df(x)|: 0.00609670831 |  Stepsize: 1.00000000000 | 
# 32     F(x): -0.04240110537 |  |Df(x)|: 0.00219518330 |  Stepsize: 1.00000000000 | 
# 33     F(x): -0.04240940949 |  |Df(x)|: 0.00184746917 |  Stepsize: 1.00000000000 | 
# 34     F(x): -0.04242141661 |  |Df(x)|: 0.00244097708 |  Stepsize: 1.00000000000 | 
# 35     F(x): -0.04242901298 |  |Df(x)|: 0.00517161344 |  Stepsize: 1.00000000000 | 
# 36     F(x): -0.04244187427 |  |Df(x)|: 0.00221153243 |  Stepsize: 1.00000000000 | 
# 37     F(x): -0.04245020270 |  |Df(x)|: 0.00191001287 |  Stepsize: 1.00000000000 | 
# 38     F(x): -0.04245820989 |  |Df(x)|: 0.00232858824 |  Stepsize: 1.00000000000 | 
# 39     F(x): -0.04247311874 |  |Df(x)|: 0.00258957657 |  Stepsize: 1.00000000000 | 
# 40     F(x): -0.04247612684 |  |Df(x)|: 0.00606002143 |  Stepsize: 0.50000000000 | 
# 41     F(x): -0.04249138128 |  |Df(x)|: 0.00206797377 |  Stepsize: 1.00000000000 | 
# 42     F(x): -0.04249725969 |  |Df(x)|: 0.00164715121 |  Stepsize: 1.00000000000 | 
# 43     F(x): -0.04250548708 |  |Df(x)|: 0.00212234965 |  Stepsize: 1.00000000000 | 
# 44     F(x): -0.04251915079 |  |Df(x)|: 0.00238413915 |  Stepsize: 1.00000000000 | 
# 45     F(x): -0.04252658521 |  |Df(x)|: 0.00432462809 |  Stepsize: 0.50000000000 | 
# 46     F(x): -0.04254024579 |  |Df(x)|: 0.00193195100 |  Stepsize: 1.00000000000 | 
# 47     F(x): -0.04254782562 |  |Df(x)|: 0.00162996917 |  Stepsize: 1.00000000000 | 
# 48     F(x): -0.04255639473 |  |Df(x)|: 0.00232531094 |  Stepsize: 1.00000000000 | 
# 49     F(x): -0.04256604570 |  |Df(x)|: 0.00283445737 |  Stepsize: 1.00000000000 | 
# 50     F(x): -0.04257618945 |  |Df(x)|: 0.00205023165 |  Stepsize: 1.00000000000 | 
# 51     F(x): -0.04258420651 |  |Df(x)|: 0.00283635279 |  Stepsize: 1.00000000000 | 
# 52     F(x): -0.04259137551 |  |Df(x)|: 0.00212581710 |  Stepsize: 1.00000000000 | 
# 53     F(x): -0.04259987154 |  |Df(x)|: 0.00174254005 |  Stepsize: 1.00000000000 | 
# 54     F(x): -0.04261098742 |  |Df(x)|: 0.00213129239 |  Stepsize: 1.00000000000 | 
# 55     F(x): -0.04261729180 |  |Df(x)|: 0.00339287168 |  Stepsize: 1.00000000000 | 
# 56     F(x): -0.04262568819 |  |Df(x)|: 0.00181014025 |  Stepsize: 1.00000000000 | 
# 57     F(x): -0.04263386023 |  |Df(x)|: 0.00163431409 |  Stepsize: 1.00000000000 | 
# 58     F(x): -0.04264102856 |  |Df(x)|: 0.00189792626 |  Stepsize: 1.00000000000 | 
# 59     F(x): -0.04264455600 |  |Df(x)|: 0.00474675608 |  Stepsize: 1.00000000000 | 
# 60     F(x): -0.04265522695 |  |Df(x)|: 0.00161445200 |  Stepsize: 1.00000000000 | 
# 61     F(x): -0.04265930398 |  |Df(x)|: 0.00139870110 |  Stepsize: 1.00000000000 | 
# 62     F(x): -0.04266531035 |  |Df(x)|: 0.00172356040 |  Stepsize: 1.00000000000 | 
# 63     F(x): -0.04267355582 |  |Df(x)|: 0.00181356573 |  Stepsize: 1.00000000000 | 
# 64     F(x): -0.04267740855 |  |Df(x)|: 0.00407334448 |  Stepsize: 0.50000000000 | 
# 65     F(x): -0.04268672627 |  |Df(x)|: 0.00155704919 |  Stepsize: 1.00000000000 | 
# 66     F(x): -0.04269091411 |  |Df(x)|: 0.00132025615 |  Stepsize: 1.00000000000 | 
# 67     F(x): -0.04269618188 |  |Df(x)|: 0.00168127966 |  Stepsize: 1.00000000000 | 
# 68     F(x): -0.04270045437 |  |Df(x)|: 0.00296772408 |  Stepsize: 1.00000000000 | 
# 69     F(x): -0.04270668329 |  |Df(x)|: 0.00134261422 |  Stepsize: 1.00000000000 | 
# 70     F(x): -0.04271158903 |  |Df(x)|: 0.00152113248 |  Stepsize: 1.00000000000 | 
# 71     F(x): -0.04271579258 |  |Df(x)|: 0.00170660162 |  Stepsize: 1.00000000000 | 
# 72     F(x): -0.04271906519 |  |Df(x)|: 0.00454138848 |  Stepsize: 1.00000000000 | 
# 73     F(x): -0.04272810097 |  |Df(x)|: 0.00141362709 |  Stepsize: 1.00000000000 | 
# 74     F(x): -0.04273114849 |  |Df(x)|: 0.00109697543 |  Stepsize: 1.00000000000 | 
# 75     F(x): -0.04273536360 |  |Df(x)|: 0.00143561400 |  Stepsize: 1.00000000000 | 
# 76     F(x): -0.04273958909 |  |Df(x)|: 0.00280754683 |  Stepsize: 1.00000000000 | 
# 77     F(x): -0.04274508080 |  |Df(x)|: 0.00151272770 |  Stepsize: 1.00000000000 | 
# 78     F(x): -0.04274977614 |  |Df(x)|: 0.00111004774 |  Stepsize: 1.00000000000 | 
# 79     F(x): -0.04275357871 |  |Df(x)|: 0.00134082636 |  Stepsize: 1.00000000000 | 
# 80     F(x): -0.04275816485 |  |Df(x)|: 0.00243755188 |  Stepsize: 1.00000000000 | 
# 81     F(x): -0.04276401336 |  |Df(x)|: 0.00148375639 |  Stepsize: 1.00000000000 | 
# 82     F(x): -0.04276812595 |  |Df(x)|: 0.00140264344 |  Stepsize: 1.00000000000 | 
# 83     F(x): -0.04277338641 |  |Df(x)|: 0.00149283373 |  Stepsize: 1.00000000000 | 
# 84     F(x): -0.04277703382 |  |Df(x)|: 0.00157888740 |  Stepsize: 1.00000000000 | 
# 85     F(x): -0.04278274438 |  |Df(x)|: 0.00129356912 |  Stepsize: 1.00000000000 | 
# 86     F(x): -0.04278611104 |  |Df(x)|: 0.00245817445 |  Stepsize: 1.00000000000 | 
# 87     F(x): -0.04279000681 |  |Df(x)|: 0.00126998494 |  Stepsize: 1.00000000000 | 
# 88     F(x): -0.04279346165 |  |Df(x)|: 0.00118352420 |  Stepsize: 1.00000000000 | 
# 89     F(x): -0.04279718926 |  |Df(x)|: 0.00136257669 |  Stepsize: 1.00000000000 | 
# 90     F(x): -0.04280017685 |  |Df(x)|: 0.00275279991 |  Stepsize: 1.00000000000 | 
# 91     F(x): -0.04280459275 |  |Df(x)|: 0.00109767689 |  Stepsize: 1.00000000000 | 
# 92     F(x): -0.04280699474 |  |Df(x)|: 0.00092484704 |  Stepsize: 1.00000000000 | 
# 93     F(x): -0.04280970880 |  |Df(x)|: 0.00117173886 |  Stepsize: 1.00000000000 | 
# 94     F(x): -0.04281330018 |  |Df(x)|: 0.00167047078 |  Stepsize: 1.00000000000 | 
# 95     F(x): -0.04281597363 |  |Df(x)|: 0.00192445692 |  Stepsize: 1.00000000000 | 
# 96     F(x): -0.04281810241 |  |Df(x)|: 0.00115769289 |  Stepsize: 1.00000000000 | 
# 97     F(x): -0.04282012871 |  |Df(x)|: 0.00139278004 |  Stepsize: 1.00000000000 | 
# 98     F(x): -0.04282198480 |  |Df(x)|: 0.00094665517 |  Stepsize: 1.00000000000 | 
# 99     F(x): -0.04282519533 |  |Df(x)|: 0.00117045433 |  Stepsize: 1.00000000000 | 
# 100    F(x): -0.04282718157 |  |Df(x)|: 0.00105550354 |  Stepsize: 1.00000000000 | 
# 101    F(x): -0.04282988065 |  |Df(x)|: 0.00093484381 |  Stepsize: 1.00000000000 | 
# 102    F(x): -0.04283203351 |  |Df(x)|: 0.00160534636 |  Stepsize: 1.00000000000 | 
# 103    F(x): -0.04283458258 |  |Df(x)|: 0.00104914113 |  Stepsize: 1.00000000000 | 
# 104    F(x): -0.04283694826 |  |Df(x)|: 0.00087375853 |  Stepsize: 1.00000000000 | 
# 105    F(x): -0.04283882660 |  |Df(x)|: 0.00123643284 |  Stepsize: 1.00000000000 | 
# 106    F(x): -0.04284111334 |  |Df(x)|: 0.00105527764 |  Stepsize: 1.00000000000 | 
# 107    F(x): -0.04284350145 |  |Df(x)|: 0.00099963417 |  Stepsize: 1.00000000000 | 
# 108    F(x): -0.04284567979 |  |Df(x)|: 0.00121898337 |  Stepsize: 1.00000000000 | 
# 109    F(x): -0.04284753178 |  |Df(x)|: 0.00093851183 |  Stepsize: 1.00000000000 | 
# 110    F(x): -0.04285003455 |  |Df(x)|: 0.00133285419 |  Stepsize: 1.00000000000 | 
# 111    F(x): -0.04285225373 |  |Df(x)|: 0.00114089157 |  Stepsize: 1.00000000000 | 
# 112    F(x): -0.04285415203 |  |Df(x)|: 0.00096261829 |  Stepsize: 1.00000000000 | 
# 113    F(x): -0.04285697734 |  |Df(x)|: 0.00130850456 |  Stepsize: 1.00000000000 | 
# 114    F(x): -0.04285897366 |  |Df(x)|: 0.00139523353 |  Stepsize: 1.00000000000 | 
# 115    F(x): -0.04286072518 |  |Df(x)|: 0.00093128445 |  Stepsize: 1.00000000000 | 
# 116    F(x): -0.04286302286 |  |Df(x)|: 0.00086713687 |  Stepsize: 1.00000000000 | 
# 117    F(x): -0.04286495977 |  |Df(x)|: 0.00101187297 |  Stepsize: 1.00000000000 | 
# 118    F(x): -0.04286768906 |  |Df(x)|: 0.00152755752 |  Stepsize: 1.00000000000 | 
# 119    F(x): -0.04286984857 |  |Df(x)|: 0.00126565977 |  Stepsize: 1.00000000000 | 
# 120    F(x): -0.04287160103 |  |Df(x)|: 0.00100741438 |  Stepsize: 1.00000000000 | 
# 121    F(x): -0.04287358976 |  |Df(x)|: 0.00090294061 |  Stepsize: 1.00000000000 | 
# 122    F(x): -0.04287625382 |  |Df(x)|: 0.00112747293 |  Stepsize: 1.00000000000 | 
# 123    F(x): -0.04287846486 |  |Df(x)|: 0.00202989680 |  Stepsize: 1.00000000000 | 
# 124    F(x): -0.04288119153 |  |Df(x)|: 0.00101050004 |  Stepsize: 1.00000000000 | 
# 125    F(x): -0.04288293290 |  |Df(x)|: 0.00083680383 |  Stepsize: 1.00000000000 | 
# 126    F(x): -0.04288509178 |  |Df(x)|: 0.00088235677 |  Stepsize: 1.00000000000 | 
# 127    F(x): -0.04288751598 |  |Df(x)|: 0.00154749984 |  Stepsize: 1.00000000000 | 
# 128    F(x): -0.04288985751 |  |Df(x)|: 0.00098861143 |  Stepsize: 1.00000000000 | 
# 129    F(x): -0.04289154892 |  |Df(x)|: 0.00083243447 |  Stepsize: 1.00000000000 | 
# 130    F(x): -0.04289380788 |  |Df(x)|: 0.00096269493 |  Stepsize: 1.00000000000 | 
# 131    F(x): -0.04289522778 |  |Df(x)|: 0.00195230025 |  Stepsize: 1.00000000000 | 
# 132    F(x): -0.04289750356 |  |Df(x)|: 0.00092342129 |  Stepsize: 1.00000000000 | 
# 133    F(x): -0.04289928442 |  |Df(x)|: 0.00075685052 |  Stepsize: 1.00000000000 | 
# 134    F(x): -0.04290070087 |  |Df(x)|: 0.00087163698 |  Stepsize: 1.00000000000 | 
# 135    F(x): -0.04290248386 |  |Df(x)|: 0.00214231563 |  Stepsize: 1.00000000000 | 
# 136    F(x): -0.04290482488 |  |Df(x)|: 0.00085756030 |  Stepsize: 1.00000000000 | 
# 137    F(x): -0.04290593187 |  |Df(x)|: 0.00075327675 |  Stepsize: 1.00000000000 | 
# 138    F(x): -0.04290711086 |  |Df(x)|: 0.00072332223 |  Stepsize: 1.00000000000 | 
# 139    F(x): -0.04290854641 |  |Df(x)|: 0.00097577436 |  Stepsize: 1.00000000000 | 
# 140    F(x): -0.04291051545 |  |Df(x)|: 0.00101992108 |  Stepsize: 1.00000000000 | 
# 141    F(x): -0.04291207083 |  |Df(x)|: 0.00088883457 |  Stepsize: 1.00000000000 | 
# 142    F(x): -0.04291353343 |  |Df(x)|: 0.00089317872 |  Stepsize: 1.00000000000 | 
# 143    F(x): -0.04291557131 |  |Df(x)|: 0.00130506699 |  Stepsize: 1.00000000000 | 
# 144    F(x): -0.04291769111 |  |Df(x)|: 0.00086591683 |  Stepsize: 1.00000000000 | 
# 145    F(x): -0.04291912951 |  |Df(x)|: 0.00085039781 |  Stepsize: 1.00000000000 | 
# 146    F(x): -0.04292046254 |  |Df(x)|: 0.00092810525 |  Stepsize: 1.00000000000 | 
# 147    F(x): -0.04292238428 |  |Df(x)|: 0.00099350021 |  Stepsize: 1.00000000000 | 
# 148    F(x): -0.04292425871 |  |Df(x)|: 0.00160953514 |  Stepsize: 1.00000000000 | 
# 149    F(x): -0.04292600694 |  |Df(x)|: 0.00105388230 |  Stepsize: 1.00000000000 | 
# 150    F(x): -0.04292725786 |  |Df(x)|: 0.00073054312 |  Stepsize: 1.00000000000 | 
# 151    F(x): -0.04292855648 |  |Df(x)|: 0.00074867316 |  Stepsize: 1.00000000000 | 
# 152    F(x): -0.04293052620 |  |Df(x)|: 0.00095926433 |  Stepsize: 1.00000000000 | 
# 153    F(x): -0.04293101780 |  |Df(x)|: 0.00208009286 |  Stepsize: 1.00000000000 | 
At iteration 153 the algorithm performed a step with an absolute cost change (4.915971027474875e-7) less than 1.0000000000000002e-6.after: rho = 25.0, f = -0.047275040726928404, pen = 7.006364811225924e-6, alm = -0.04735703641497244, z = 0.047275040726928404
cur_pen: 0.002646953874026883 < 1.0000000000000002e-6, norm_vgl: 0.062439406197938585<1.0000000000000002e-6
Elapsed time: 6224.915498971939 seconds, Time limit: 10800.0 seconds
Initial  F(x): -0.04728697277 | 
# 1      F(x): -0.05003029214 |  |Df(x)|: 0.03487096122 |  Stepsize: 1.00000000000 | 
# 2      F(x): -0.05184797822 |  |Df(x)|: 0.01680600438 |  Stepsize: 0.95018231698 | 
# 3      F(x): -0.05220427751 |  |Df(x)|: 0.01154891428 |  Stepsize: 1.00000000000 | 
# 4      F(x): -0.05257476151 |  |Df(x)|: 0.00748606771 |  Stepsize: 1.00000000000 | 
# 5      F(x): -0.05275718810 |  |Df(x)|: 0.00561864860 |  Stepsize: 1.00000000000 | 
# 6      F(x): -0.05281134561 |  |Df(x)|: 0.00492176392 |  Stepsize: 1.00000000000 | 
# 7      F(x): -0.05284213393 |  |Df(x)|: 0.00254620648 |  Stepsize: 1.00000000000 | 
# 8      F(x): -0.05286757087 |  |Df(x)|: 0.00188258083 |  Stepsize: 1.00000000000 | 
# 9      F(x): -0.05288489007 |  |Df(x)|: 0.00195032073 |  Stepsize: 1.00000000000 | 
# 10     F(x): -0.05290343123 |  |Df(x)|: 0.00349390043 |  Stepsize: 1.00000000000 | 
# 11     F(x): -0.05291869274 |  |Df(x)|: 0.00175489175 |  Stepsize: 1.00000000000 | 
# 12     F(x): -0.05292532071 |  |Df(x)|: 0.00111420677 |  Stepsize: 1.00000000000 | 
# 13     F(x): -0.05293424181 |  |Df(x)|: 0.00106759154 |  Stepsize: 1.00000000000 | 
# 14     F(x): -0.05294394243 |  |Df(x)|: 0.00138583113 |  Stepsize: 1.00000000000 | 
# 15     F(x): -0.05294681715 |  |Df(x)|: 0.00252337311 |  Stepsize: 1.00000000000 | 
# 16     F(x): -0.05295528308 |  |Df(x)|: 0.00083421240 |  Stepsize: 1.00000000000 | 
# 17     F(x): -0.05295801445 |  |Df(x)|: 0.00068065453 |  Stepsize: 1.00000000000 | 
# 18     F(x): -0.05296176953 |  |Df(x)|: 0.00084092159 |  Stepsize: 1.00000000000 | 
# 19     F(x): -0.05296542109 |  |Df(x)|: 0.00142167343 |  Stepsize: 1.00000000000 | 
# 20     F(x): -0.05296932857 |  |Df(x)|: 0.00070321131 |  Stepsize: 1.00000000000 | 
# 21     F(x): -0.05297179165 |  |Df(x)|: 0.00056958218 |  Stepsize: 1.00000000000 | 
# 22     F(x): -0.05297445919 |  |Df(x)|: 0.00080080665 |  Stepsize: 1.00000000000 | 
# 23     F(x): -0.05297640409 |  |Df(x)|: 0.00116776677 |  Stepsize: 1.00000000000 | 
# 24     F(x): -0.05297855340 |  |Df(x)|: 0.00062555240 |  Stepsize: 1.00000000000 | 
# 25     F(x): -0.05298071243 |  |Df(x)|: 0.00058475407 |  Stepsize: 1.00000000000 | 
# 26     F(x): -0.05298207821 |  |Df(x)|: 0.00079080365 |  Stepsize: 1.00000000000 | 
# 27     F(x): -0.05298462083 |  |Df(x)|: 0.00080618025 |  Stepsize: 1.00000000000 | 
# 28     F(x): -0.05298710936 |  |Df(x)|: 0.00092764006 |  Stepsize: 1.00000000000 | 
# 29     F(x): -0.05298939250 |  |Df(x)|: 0.00061990282 |  Stepsize: 1.00000000000 | 
# 30     F(x): -0.05299143836 |  |Df(x)|: 0.00064892397 |  Stepsize: 1.00000000000 | 
# 31     F(x): -0.05299344762 |  |Df(x)|: 0.00064943076 |  Stepsize: 1.00000000000 | 
# 32     F(x): -0.05299615182 |  |Df(x)|: 0.00070962509 |  Stepsize: 1.00000000000 | 
# 33     F(x): -0.05299866007 |  |Df(x)|: 0.00095651114 |  Stepsize: 1.00000000000 | 
# 34     F(x): -0.05300122541 |  |Df(x)|: 0.00061462606 |  Stepsize: 1.00000000000 | 
# 35     F(x): -0.05300354839 |  |Df(x)|: 0.00065548547 |  Stepsize: 1.00000000000 | 
# 36     F(x): -0.05300624802 |  |Df(x)|: 0.00086879739 |  Stepsize: 1.00000000000 | 
# 37     F(x): -0.05300922391 |  |Df(x)|: 0.00095962054 |  Stepsize: 1.00000000000 | 
# 38     F(x): -0.05301193777 |  |Df(x)|: 0.00063570671 |  Stepsize: 1.00000000000 | 
# 39     F(x): -0.05301515352 |  |Df(x)|: 0.00070320718 |  Stepsize: 1.00000000000 | 
# 40     F(x): -0.05301798490 |  |Df(x)|: 0.00087328086 |  Stepsize: 1.00000000000 | 
# 41     F(x): -0.05302241659 |  |Df(x)|: 0.00085056881 |  Stepsize: 1.00000000000 | 
# 42     F(x): -0.05302527243 |  |Df(x)|: 0.00116330371 |  Stepsize: 1.00000000000 | 
# 43     F(x): -0.05302820079 |  |Df(x)|: 0.00070072840 |  Stepsize: 1.00000000000 | 
# 44     F(x): -0.05303133189 |  |Df(x)|: 0.00067735896 |  Stepsize: 1.00000000000 | 
# 45     F(x): -0.05303479147 |  |Df(x)|: 0.00084140097 |  Stepsize: 1.00000000000 | 
# 46     F(x): -0.05303835994 |  |Df(x)|: 0.00140933665 |  Stepsize: 1.00000000000 | 
# 47     F(x): -0.05304215166 |  |Df(x)|: 0.00080720300 |  Stepsize: 1.00000000000 | 
# 48     F(x): -0.05304465349 |  |Df(x)|: 0.00071435813 |  Stepsize: 1.00000000000 | 
# 49     F(x): -0.05304788232 |  |Df(x)|: 0.00089377866 |  Stepsize: 1.00000000000 | 
# 50     F(x): -0.05305070781 |  |Df(x)|: 0.00133909002 |  Stepsize: 1.00000000000 | 
# 51     F(x): -0.05305387541 |  |Df(x)|: 0.00078831705 |  Stepsize: 1.00000000000 | 
# 52     F(x): -0.05305658942 |  |Df(x)|: 0.00076482342 |  Stepsize: 1.00000000000 | 
# 53     F(x): -0.05305964214 |  |Df(x)|: 0.00080181937 |  Stepsize: 1.00000000000 | 
# 54     F(x): -0.05306497852 |  |Df(x)|: 0.00102682280 |  Stepsize: 1.00000000000 | 
# 55     F(x): -0.05306854068 |  |Df(x)|: 0.00141095457 |  Stepsize: 1.00000000000 | 
# 56     F(x): -0.05307205125 |  |Df(x)|: 0.00078192143 |  Stepsize: 1.00000000000 | 
# 57     F(x): -0.05307575076 |  |Df(x)|: 0.00070296819 |  Stepsize: 1.00000000000 | 
# 58     F(x): -0.05307885279 |  |Df(x)|: 0.00085035009 |  Stepsize: 1.00000000000 | 
# 59     F(x): -0.05308161962 |  |Df(x)|: 0.00186831408 |  Stepsize: 1.00000000000 | 
# 60     F(x): -0.05308634952 |  |Df(x)|: 0.00077758267 |  Stepsize: 1.00000000000 | 
# 61     F(x): -0.05308888071 |  |Df(x)|: 0.00068945996 |  Stepsize: 1.00000000000 | 
# 62     F(x): -0.05309214441 |  |Df(x)|: 0.00102297732 |  Stepsize: 1.00000000000 | 
# 63     F(x): -0.05309641147 |  |Df(x)|: 0.00116025934 |  Stepsize: 1.00000000000 | 
# 64     F(x): -0.05310079213 |  |Df(x)|: 0.00081755299 |  Stepsize: 1.00000000000 | 
# 65     F(x): -0.05310393275 |  |Df(x)|: 0.00075438976 |  Stepsize: 1.00000000000 | 
# 66     F(x): -0.05310791749 |  |Df(x)|: 0.00094377777 |  Stepsize: 1.00000000000 | 
# 67     F(x): -0.05311222419 |  |Df(x)|: 0.00123006100 |  Stepsize: 1.00000000000 | 
# 68     F(x): -0.05311600377 |  |Df(x)|: 0.00070768052 |  Stepsize: 1.00000000000 | 
# 69     F(x): -0.05311901530 |  |Df(x)|: 0.00078054575 |  Stepsize: 1.00000000000 | 
# 70     F(x): -0.05312243722 |  |Df(x)|: 0.00101459823 |  Stepsize: 1.00000000000 | 
# 71     F(x): -0.05312634921 |  |Df(x)|: 0.00118846168 |  Stepsize: 1.00000000000 | 
# 72     F(x): -0.05313018174 |  |Df(x)|: 0.00067497752 |  Stepsize: 1.00000000000 | 
# 73     F(x): -0.05313323140 |  |Df(x)|: 0.00071035059 |  Stepsize: 1.00000000000 | 
# 74     F(x): -0.05313631222 |  |Df(x)|: 0.00097625719 |  Stepsize: 1.00000000000 | 
# 75     F(x): -0.05313962974 |  |Df(x)|: 0.00102341493 |  Stepsize: 1.00000000000 | 
# 76     F(x): -0.05314193395 |  |Df(x)|: 0.00063405783 |  Stepsize: 1.00000000000 | 
# 77     F(x): -0.05314350355 |  |Df(x)|: 0.00064442248 |  Stepsize: 1.00000000000 | 
# 78     F(x): -0.05314591311 |  |Df(x)|: 0.00073566061 |  Stepsize: 1.00000000000 | 
# 79     F(x): -0.05314871736 |  |Df(x)|: 0.00105096246 |  Stepsize: 1.00000000000 | 
# 80     F(x): -0.05315129806 |  |Df(x)|: 0.00075770185 |  Stepsize: 1.00000000000 | 
# 81     F(x): -0.05315297393 |  |Df(x)|: 0.00059927831 |  Stepsize: 1.00000000000 | 
# 82     F(x): -0.05315501642 |  |Df(x)|: 0.00063473465 |  Stepsize: 1.00000000000 | 
# 83     F(x): -0.05315678369 |  |Df(x)|: 0.00098727332 |  Stepsize: 1.00000000000 | 
# 84     F(x): -0.05315869853 |  |Df(x)|: 0.00059228495 |  Stepsize: 1.00000000000 | 
# 85     F(x): -0.05316059707 |  |Df(x)|: 0.00054306655 |  Stepsize: 1.00000000000 | 
# 86     F(x): -0.05316225561 |  |Df(x)|: 0.00061816205 |  Stepsize: 1.00000000000 | 
# 87     F(x): -0.05316472532 |  |Df(x)|: 0.00110860683 |  Stepsize: 1.00000000000 | 
# 88     F(x): -0.05316702736 |  |Df(x)|: 0.00061725004 |  Stepsize: 1.00000000000 | 
# 89     F(x): -0.05316825111 |  |Df(x)|: 0.00049411927 |  Stepsize: 1.00000000000 | 
# 90     F(x): -0.05317012944 |  |Df(x)|: 0.00051941255 |  Stepsize: 1.00000000000 | 
# 91     F(x): -0.05317191146 |  |Df(x)|: 0.00088859575 |  Stepsize: 1.00000000000 | 
# 92     F(x): -0.05317394090 |  |Df(x)|: 0.00056233728 |  Stepsize: 1.00000000000 | 
# 93     F(x): -0.05317549843 |  |Df(x)|: 0.00046617895 |  Stepsize: 1.00000000000 | 
# 94     F(x): -0.05317673743 |  |Df(x)|: 0.00057597219 |  Stepsize: 1.00000000000 | 
# 95     F(x): -0.05317831605 |  |Df(x)|: 0.00057173996 |  Stepsize: 1.00000000000 | 
# 96     F(x): -0.05317999950 |  |Df(x)|: 0.00065233009 |  Stepsize: 1.00000000000 | 
# 97     F(x): -0.05318129712 |  |Df(x)|: 0.00050729503 |  Stepsize: 1.00000000000 | 
# 98     F(x): -0.05318225327 |  |Df(x)|: 0.00046993078 |  Stepsize: 1.00000000000 | 
At iteration 98 the algorithm performed a step with an absolute cost change (9.561433824689658e-7) less than 1.0000000000000002e-6.after: rho = 10.0, f = -0.06475057790538381, pen = 0.00030861354308927685, alm = -0.056140761512492844, z = 0.06475057790538381
cur_pen: 0.017567400009371816 < 1.0000000000000002e-6, norm_vgl: 0.06957341324435727<1.0000000000000002e-6
Elapsed time: 6472.347491025925 seconds, Time limit: 10800.0 seconds
Initial  F(x): -0.05490630734 | 
# 1      F(x): -0.05626158505 |  |Df(x)|: 0.03128040687 |  Stepsize: 1.00000000000 | 
# 2      F(x): -0.05843647369 |  |Df(x)|: 0.01312853235 |  Stepsize: 0.51702439865 | 
# 3      F(x): -0.05903751599 |  |Df(x)|: 0.00753970689 |  Stepsize: 1.00000000000 | 
# 4      F(x): -0.05919174640 |  |Df(x)|: 0.00561408485 |  Stepsize: 1.00000000000 | 
# 5      F(x): -0.05936565797 |  |Df(x)|: 0.00290046193 |  Stepsize: 1.00000000000 | 
# 6      F(x): -0.05941096478 |  |Df(x)|: 0.00239515991 |  Stepsize: 1.00000000000 | 
# 7      F(x): -0.05943702065 |  |Df(x)|: 0.00146717439 |  Stepsize: 1.00000000000 | 
# 8      F(x): -0.05945611812 |  |Df(x)|: 0.00145549572 |  Stepsize: 1.00000000000 | 
# 9      F(x): -0.05947715640 |  |Df(x)|: 0.00170057798 |  Stepsize: 1.00000000000 | 
# 10     F(x): -0.05948844356 |  |Df(x)|: 0.00176758571 |  Stepsize: 1.00000000000 | 
# 11     F(x): -0.05949740754 |  |Df(x)|: 0.00080149716 |  Stepsize: 1.00000000000 | 
# 12     F(x): -0.05950343677 |  |Df(x)|: 0.00073593842 |  Stepsize: 1.00000000000 | 
# 13     F(x): -0.05950915522 |  |Df(x)|: 0.00085505112 |  Stepsize: 1.00000000000 | 
# 14     F(x): -0.05952157546 |  |Df(x)|: 0.00094605644 |  Stepsize: 1.00000000000 | 
# 15     F(x): -0.05952321186 |  |Df(x)|: 0.00248777342 |  Stepsize: 1.00000000000 | 
# 16     F(x): -0.05953966503 |  |Df(x)|: 0.00078876823 |  Stepsize: 1.00000000000 | 
# 17     F(x): -0.05954514622 |  |Df(x)|: 0.00055725950 |  Stepsize: 1.00000000000 | 
# 18     F(x): -0.05955260391 |  |Df(x)|: 0.00075148309 |  Stepsize: 1.00000000000 | 
# 19     F(x): -0.05956017317 |  |Df(x)|: 0.00125590831 |  Stepsize: 1.00000000000 | 
# 20     F(x): -0.05956926616 |  |Df(x)|: 0.00076169536 |  Stepsize: 1.00000000000 | 
# 21     F(x): -0.05957759471 |  |Df(x)|: 0.00064954795 |  Stepsize: 1.00000000000 | 
# 22     F(x): -0.05958767272 |  |Df(x)|: 0.00110100744 |  Stepsize: 1.00000000000 | 
# 23     F(x): -0.05959768404 |  |Df(x)|: 0.00108443376 |  Stepsize: 1.00000000000 | 
# 24     F(x): -0.05960918204 |  |Df(x)|: 0.00088740616 |  Stepsize: 1.00000000000 | 
# 25     F(x): -0.05962242789 |  |Df(x)|: 0.00153623628 |  Stepsize: 0.77554732245 | 
# 26     F(x): -0.05963471202 |  |Df(x)|: 0.00128613059 |  Stepsize: 1.00000000000 | 
# 27     F(x): -0.05964427646 |  |Df(x)|: 0.00093250010 |  Stepsize: 1.00000000000 | 
# 28     F(x): -0.05966121061 |  |Df(x)|: 0.00101849642 |  Stepsize: 1.00000000000 | 
# 29     F(x): -0.05966591694 |  |Df(x)|: 0.00254221299 |  Stepsize: 1.00000000000 | 
# 30     F(x): -0.05967850482 |  |Df(x)|: 0.00124114145 |  Stepsize: 1.00000000000 | 
# 31     F(x): -0.05968692224 |  |Df(x)|: 0.00122796852 |  Stepsize: 1.00000000000 | 
# 32     F(x): -0.05969273533 |  |Df(x)|: 0.00127250135 |  Stepsize: 1.00000000000 | 
# 33     F(x): -0.05970538971 |  |Df(x)|: 0.00099522866 |  Stepsize: 1.00000000000 | 
# 34     F(x): -0.05971855993 |  |Df(x)|: 0.00089863812 |  Stepsize: 1.00000000000 | 
# 35     F(x): -0.05972754803 |  |Df(x)|: 0.00195803728 |  Stepsize: 1.00000000000 | 
# 36     F(x): -0.05973783828 |  |Df(x)|: 0.00098764510 |  Stepsize: 1.00000000000 | 
# 37     F(x): -0.05974789376 |  |Df(x)|: 0.00085392433 |  Stepsize: 1.00000000000 | 
# 38     F(x): -0.05975403001 |  |Df(x)|: 0.00095504573 |  Stepsize: 1.00000000000 | 
# 39     F(x): -0.05976912492 |  |Df(x)|: 0.00111385646 |  Stepsize: 1.00000000000 | 
# 40     F(x): -0.05977553410 |  |Df(x)|: 0.00143850261 |  Stepsize: 0.72296826394 | 
# 41     F(x): -0.05978563238 |  |Df(x)|: 0.00067325573 |  Stepsize: 1.00000000000 | 
# 42     F(x): -0.05979105256 |  |Df(x)|: 0.00058569045 |  Stepsize: 1.00000000000 | 
# 43     F(x): -0.05979661812 |  |Df(x)|: 0.00072709923 |  Stepsize: 1.00000000000 | 
# 44     F(x): -0.05980058443 |  |Df(x)|: 0.00162322910 |  Stepsize: 1.00000000000 | 
# 45     F(x): -0.05980881426 |  |Df(x)|: 0.00071680345 |  Stepsize: 1.00000000000 | 
# 46     F(x): -0.05981305439 |  |Df(x)|: 0.00062522559 |  Stepsize: 1.00000000000 | 
# 47     F(x): -0.05981749400 |  |Df(x)|: 0.00066715968 |  Stepsize: 1.00000000000 | 
# 48     F(x): -0.05982316773 |  |Df(x)|: 0.00084554023 |  Stepsize: 1.00000000000 | 
# 49     F(x): -0.05982923118 |  |Df(x)|: 0.00080526729 |  Stepsize: 1.00000000000 | 
# 50     F(x): -0.05983394328 |  |Df(x)|: 0.00055994557 |  Stepsize: 1.00000000000 | 
# 51     F(x): -0.05983975146 |  |Df(x)|: 0.00064880827 |  Stepsize: 1.00000000000 | 
# 52     F(x): -0.05984385340 |  |Df(x)|: 0.00100692739 |  Stepsize: 1.00000000000 | 
# 53     F(x): -0.05984936386 |  |Df(x)|: 0.00069748265 |  Stepsize: 1.00000000000 | 
# 54     F(x): -0.05985652910 |  |Df(x)|: 0.00063789145 |  Stepsize: 1.00000000000 | 
# 55     F(x): -0.05986205825 |  |Df(x)|: 0.00079002205 |  Stepsize: 1.00000000000 | 
# 56     F(x): -0.05986996810 |  |Df(x)|: 0.00087358321 |  Stepsize: 1.00000000000 | 
# 57     F(x): -0.05987306064 |  |Df(x)|: 0.00169609006 |  Stepsize: 0.65332630130 | 
# 58     F(x): -0.05988003562 |  |Df(x)|: 0.00066236445 |  Stepsize: 1.00000000000 | 
# 59     F(x): -0.05988341740 |  |Df(x)|: 0.00070318229 |  Stepsize: 1.00000000000 | 
# 60     F(x): -0.05988760927 |  |Df(x)|: 0.00079157276 |  Stepsize: 1.00000000000 | 
# 61     F(x): -0.05989545702 |  |Df(x)|: 0.00077746299 |  Stepsize: 1.00000000000 | 
# 62     F(x): -0.05990413082 |  |Df(x)|: 0.00125063294 |  Stepsize: 0.85322659948 | 
# 63     F(x): -0.05991308990 |  |Df(x)|: 0.00068334458 |  Stepsize: 1.00000000000 | 
# 64     F(x): -0.05991965218 |  |Df(x)|: 0.00068474574 |  Stepsize: 1.00000000000 | 
# 65     F(x): -0.05992802671 |  |Df(x)|: 0.00080455899 |  Stepsize: 1.00000000000 | 
# 66     F(x): -0.05993475634 |  |Df(x)|: 0.00132029709 |  Stepsize: 0.87938694767 | 
# 67     F(x): -0.05994304709 |  |Df(x)|: 0.00076571965 |  Stepsize: 1.00000000000 | 
# 68     F(x): -0.05994977006 |  |Df(x)|: 0.00077184093 |  Stepsize: 1.00000000000 | 
# 69     F(x): -0.05995783344 |  |Df(x)|: 0.00094921567 |  Stepsize: 1.00000000000 | 
# 70     F(x): -0.05996304903 |  |Df(x)|: 0.00177590978 |  Stepsize: 0.87850983503 | 
# 71     F(x): -0.05997379166 |  |Df(x)|: 0.00078872078 |  Stepsize: 1.00000000000 | 
# 72     F(x): -0.05998104732 |  |Df(x)|: 0.00063027374 |  Stepsize: 1.00000000000 | 
# 73     F(x): -0.05998819540 |  |Df(x)|: 0.00071182520 |  Stepsize: 1.00000000000 | 
# 74     F(x): -0.05999854519 |  |Df(x)|: 0.00124981363 |  Stepsize: 1.00000000000 | 
# 75     F(x): -0.06000799555 |  |Df(x)|: 0.00091227083 |  Stepsize: 0.55910066584 | 
# 76     F(x): -0.06001499862 |  |Df(x)|: 0.00061074617 |  Stepsize: 1.00000000000 | 
# 77     F(x): -0.06002170504 |  |Df(x)|: 0.00076612521 |  Stepsize: 1.00000000000 | 
# 78     F(x): -0.06002654898 |  |Df(x)|: 0.00101508070 |  Stepsize: 1.00000000000 | 
# 79     F(x): -0.06003299727 |  |Df(x)|: 0.00076400296 |  Stepsize: 1.00000000000 | 
# 80     F(x): -0.06004024407 |  |Df(x)|: 0.00122885935 |  Stepsize: 1.00000000000 | 
# 81     F(x): -0.06004363675 |  |Df(x)|: 0.00082000299 |  Stepsize: 1.00000000000 | 
# 82     F(x): -0.06004632673 |  |Df(x)|: 0.00066429204 |  Stepsize: 1.00000000000 | 
# 83     F(x): -0.06005610450 |  |Df(x)|: 0.00073196310 |  Stepsize: 1.00000000000 | 
# 84     F(x): -0.06006048923 |  |Df(x)|: 0.00069389265 |  Stepsize: 1.00000000000 | 
# 85     F(x): -0.06006589726 |  |Df(x)|: 0.00063393390 |  Stepsize: 1.00000000000 | 
# 86     F(x): -0.06007555020 |  |Df(x)|: 0.00095265922 |  Stepsize: 0.96141747888 | 
# 87     F(x): -0.06008207493 |  |Df(x)|: 0.00074036924 |  Stepsize: 0.61712497376 | 
# 88     F(x): -0.06008736834 |  |Df(x)|: 0.00062587148 |  Stepsize: 1.00000000000 | 
# 89     F(x): -0.06009254887 |  |Df(x)|: 0.00084793312 |  Stepsize: 1.00000000000 | 
# 90     F(x): -0.06009756929 |  |Df(x)|: 0.00070360583 |  Stepsize: 1.00000000000 | 
# 91     F(x): -0.06010385230 |  |Df(x)|: 0.00067065084 |  Stepsize: 1.00000000000 | 
# 92     F(x): -0.06011077901 |  |Df(x)|: 0.00096918018 |  Stepsize: 1.00000000000 | 
# 93     F(x): -0.06011730107 |  |Df(x)|: 0.00066195425 |  Stepsize: 0.93671748315 | 
# 94     F(x): -0.06012265659 |  |Df(x)|: 0.00061012453 |  Stepsize: 1.00000000000 | 
# 95     F(x): -0.06012959020 |  |Df(x)|: 0.00073405857 |  Stepsize: 1.00000000000 | 
# 96     F(x): -0.06013331696 |  |Df(x)|: 0.00110795234 |  Stepsize: 1.00000000000 | 
# 97     F(x): -0.06013848253 |  |Df(x)|: 0.00064050549 |  Stepsize: 1.00000000000 | 
# 98     F(x): -0.06014372312 |  |Df(x)|: 0.00060071589 |  Stepsize: 1.00000000000 | 
# 99     F(x): -0.06014690119 |  |Df(x)|: 0.00060225917 |  Stepsize: 1.00000000000 | 
# 100    F(x): -0.06015209034 |  |Df(x)|: 0.00069008455 |  Stepsize: 1.00000000000 | 
# 101    F(x): -0.06015808572 |  |Df(x)|: 0.00080453455 |  Stepsize: 1.00000000000 | 
# 102    F(x): -0.06016204935 |  |Df(x)|: 0.00079187095 |  Stepsize: 1.00000000000 | 
# 103    F(x): -0.06016590545 |  |Df(x)|: 0.00064957294 |  Stepsize: 1.00000000000 | 
# 104    F(x): -0.06017036849 |  |Df(x)|: 0.00072701376 |  Stepsize: 1.00000000000 | 
# 105    F(x): -0.06017564270 |  |Df(x)|: 0.00088180386 |  Stepsize: 1.00000000000 | 
# 106    F(x): -0.06018015605 |  |Df(x)|: 0.00061410109 |  Stepsize: 1.00000000000 | 
# 107    F(x): -0.06018444779 |  |Df(x)|: 0.00072575938 |  Stepsize: 1.00000000000 | 
# 108    F(x): -0.06018957755 |  |Df(x)|: 0.00063111073 |  Stepsize: 1.00000000000 | 
# 109    F(x): -0.06019630760 |  |Df(x)|: 0.00077415942 |  Stepsize: 1.00000000000 | 
# 110    F(x): -0.06020257514 |  |Df(x)|: 0.00094543476 |  Stepsize: 1.00000000000 | 
# 111    F(x): -0.06020780457 |  |Df(x)|: 0.00060519321 |  Stepsize: 1.00000000000 | 
# 112    F(x): -0.06021189531 |  |Df(x)|: 0.00059400195 |  Stepsize: 1.00000000000 | 
# 113    F(x): -0.06021569625 |  |Df(x)|: 0.00067224294 |  Stepsize: 1.00000000000 | 
# 114    F(x): -0.06022071805 |  |Df(x)|: 0.00071484266 |  Stepsize: 1.00000000000 | 
# 115    F(x): -0.06022446627 |  |Df(x)|: 0.00073700937 |  Stepsize: 1.00000000000 | 
# 116    F(x): -0.06022797711 |  |Df(x)|: 0.00052774946 |  Stepsize: 1.00000000000 | 
# 117    F(x): -0.06023267277 |  |Df(x)|: 0.00062300745 |  Stepsize: 1.00000000000 | 
# 118    F(x): -0.06023667388 |  |Df(x)|: 0.00063866076 |  Stepsize: 1.00000000000 | 
# 119    F(x): -0.06024078070 |  |Df(x)|: 0.00055108985 |  Stepsize: 1.00000000000 | 
# 120    F(x): -0.06024507389 |  |Df(x)|: 0.00054070407 |  Stepsize: 1.00000000000 | 
# 121    F(x): -0.06024774717 |  |Df(x)|: 0.00127758353 |  Stepsize: 1.00000000000 | 
# 122    F(x): -0.06025265887 |  |Df(x)|: 0.00057381605 |  Stepsize: 1.00000000000 | 
# 123    F(x): -0.06025590399 |  |Df(x)|: 0.00046209976 |  Stepsize: 1.00000000000 | 
# 124    F(x): -0.06025962300 |  |Df(x)|: 0.00059712787 |  Stepsize: 1.00000000000 | 
# 125    F(x): -0.06026495137 |  |Df(x)|: 0.00099101104 |  Stepsize: 1.00000000000 | 
# 126    F(x): -0.06026866154 |  |Df(x)|: 0.00141232365 |  Stepsize: 1.00000000000 | 
# 127    F(x): -0.06027366175 |  |Df(x)|: 0.00052129836 |  Stepsize: 1.00000000000 | 
# 128    F(x): -0.06027621562 |  |Df(x)|: 0.00053829397 |  Stepsize: 1.00000000000 | 
# 129    F(x): -0.06027940744 |  |Df(x)|: 0.00074464288 |  Stepsize: 1.00000000000 | 
# 130    F(x): -0.06028580619 |  |Df(x)|: 0.00082303998 |  Stepsize: 1.00000000000 | 
# 131    F(x): -0.06029052965 |  |Df(x)|: 0.00087385557 |  Stepsize: 0.82775894674 | 
# 132    F(x): -0.06029574326 |  |Df(x)|: 0.00050301863 |  Stepsize: 1.00000000000 | 
# 133    F(x): -0.06030003670 |  |Df(x)|: 0.00056396278 |  Stepsize: 1.00000000000 | 
# 134    F(x): -0.06030566597 |  |Df(x)|: 0.00076239640 |  Stepsize: 1.00000000000 | 
# 135    F(x): -0.06030925032 |  |Df(x)|: 0.00121062619 |  Stepsize: 1.00000000000 | 
# 136    F(x): -0.06031445962 |  |Df(x)|: 0.00056668682 |  Stepsize: 1.00000000000 | 
# 137    F(x): -0.06031727749 |  |Df(x)|: 0.00046827243 |  Stepsize: 1.00000000000 | 
# 138    F(x): -0.06032086289 |  |Df(x)|: 0.00057245635 |  Stepsize: 1.00000000000 | 
# 139    F(x): -0.06032277137 |  |Df(x)|: 0.00143043636 |  Stepsize: 1.00000000000 | 
# 140    F(x): -0.06032907512 |  |Df(x)|: 0.00055586016 |  Stepsize: 1.00000000000 | 
# 141    F(x): -0.06033140804 |  |Df(x)|: 0.00041448672 |  Stepsize: 1.00000000000 | 
# 142    F(x): -0.06033393531 |  |Df(x)|: 0.00068680072 |  Stepsize: 1.00000000000 | 
# 143    F(x): -0.06033718823 |  |Df(x)|: 0.00068317437 |  Stepsize: 1.00000000000 | 
# 144    F(x): -0.06034071305 |  |Df(x)|: 0.00059170930 |  Stepsize: 1.00000000000 | 
# 145    F(x): -0.06034395006 |  |Df(x)|: 0.00043545126 |  Stepsize: 1.00000000000 | 
# 146    F(x): -0.06034663585 |  |Df(x)|: 0.00044725471 |  Stepsize: 1.00000000000 | 
# 147    F(x): -0.06034987353 |  |Df(x)|: 0.00066901922 |  Stepsize: 1.00000000000 | 
# 148    F(x): -0.06035190339 |  |Df(x)|: 0.00077416887 |  Stepsize: 1.00000000000 | 
# 149    F(x): -0.06035385512 |  |Df(x)|: 0.00040224267 |  Stepsize: 1.00000000000 | 
# 150    F(x): -0.06035529510 |  |Df(x)|: 0.00033499695 |  Stepsize: 1.00000000000 | 
# 151    F(x): -0.06035709964 |  |Df(x)|: 0.00039361734 |  Stepsize: 1.00000000000 | 
# 152    F(x): -0.06035835151 |  |Df(x)|: 0.00098567651 |  Stepsize: 1.00000000000 | 
# 153    F(x): -0.06036099743 |  |Df(x)|: 0.00036611061 |  Stepsize: 1.00000000000 | 
# 154    F(x): -0.06036225251 |  |Df(x)|: 0.00031440858 |  Stepsize: 1.00000000000 | 
# 155    F(x): -0.06036383120 |  |Df(x)|: 0.00040204581 |  Stepsize: 1.00000000000 | 
# 156    F(x): -0.06036616109 |  |Df(x)|: 0.00047346117 |  Stepsize: 1.00000000000 | 
# 157    F(x): -0.06036738852 |  |Df(x)|: 0.00066847076 |  Stepsize: 0.50000000000 | 
# 158    F(x): -0.06036962639 |  |Df(x)|: 0.00032626181 |  Stepsize: 1.00000000000 | 
# 159    F(x): -0.06037110082 |  |Df(x)|: 0.00032659479 |  Stepsize: 1.00000000000 | 
# 160    F(x): -0.06037278037 |  |Df(x)|: 0.00050058166 |  Stepsize: 1.00000000000 | 
# 161    F(x): -0.06037445085 |  |Df(x)|: 0.00050037149 |  Stepsize: 1.00000000000 | 
# 162    F(x): -0.06037607386 |  |Df(x)|: 0.00034518112 |  Stepsize: 1.00000000000 | 
# 163    F(x): -0.06037827153 |  |Df(x)|: 0.00035306608 |  Stepsize: 1.00000000000 | 
# 164    F(x): -0.06037990275 |  |Df(x)|: 0.00051998050 |  Stepsize: 1.00000000000 | 
# 165    F(x): -0.06038178392 |  |Df(x)|: 0.00040613088 |  Stepsize: 1.00000000000 | 
# 166    F(x): -0.06038398389 |  |Df(x)|: 0.00036693670 |  Stepsize: 1.00000000000 | 
# 167    F(x): -0.06038548818 |  |Df(x)|: 0.00073688925 |  Stepsize: 1.00000000000 | 
# 168    F(x): -0.06038709757 |  |Df(x)|: 0.00042498971 |  Stepsize: 1.00000000000 | 
# 169    F(x): -0.06038849117 |  |Df(x)|: 0.00035341162 |  Stepsize: 1.00000000000 | 
# 170    F(x): -0.06038989646 |  |Df(x)|: 0.00037390566 |  Stepsize: 1.00000000000 | 
# 171    F(x): -0.06039047172 |  |Df(x)|: 0.00113313429 |  Stepsize: 1.00000000000 | 
At iteration 171 the algorithm performed a step with an absolute cost change (5.752611882403613e-7) less than 1.0000000000000002e-6.after: rho = 4.0, f = -0.09021517089531585, pen = 0.001838630368918472, alm = -0.06290319801693631, z = 0.09021517089531585
cur_pen: 0.04287925336241843 < 1.0000000000000002e-6, norm_vgl: 0.06549414388505095<1.0000000000000002e-6
Elapsed time: 6912.187495946884 seconds, Time limit: 10800.0 seconds
Initial  F(x): -0.05996138943 | 
# 1      F(x): -0.06081333029 |  |Df(x)|: 0.02704814886 |  Stepsize: 1.00000000000 | 
# 2      F(x): -0.06290535957 |  |Df(x)|: 0.01674261921 |  Stepsize: 0.29400935691 | 
# 3      F(x): -0.06391337670 |  |Df(x)|: 0.00597311368 |  Stepsize: 0.50397361807 | 
# 4      F(x): -0.06410481748 |  |Df(x)|: 0.00250647081 |  Stepsize: 1.00000000000 | 
# 5      F(x): -0.06414633905 |  |Df(x)|: 0.00187977890 |  Stepsize: 1.00000000000 | 
# 6      F(x): -0.06419362441 |  |Df(x)|: 0.00261944650 |  Stepsize: 1.00000000000 | 
# 7      F(x): -0.06422582079 |  |Df(x)|: 0.00233481449 |  Stepsize: 1.00000000000 | 
# 8      F(x): -0.06424968598 |  |Df(x)|: 0.00173067043 |  Stepsize: 1.00000000000 | 
# 9      F(x): -0.06428501321 |  |Df(x)|: 0.00135456747 |  Stepsize: 1.00000000000 | 
# 10     F(x): -0.06429075407 |  |Df(x)|: 0.00234425806 |  Stepsize: 1.00000000000 | 
# 11     F(x): -0.06430260702 |  |Df(x)|: 0.00092782799 |  Stepsize: 1.00000000000 | 
# 12     F(x): -0.06430852991 |  |Df(x)|: 0.00065849955 |  Stepsize: 1.00000000000 | 
# 13     F(x): -0.06431456120 |  |Df(x)|: 0.00078015317 |  Stepsize: 1.00000000000 | 
# 14     F(x): -0.06432273000 |  |Df(x)|: 0.00074479314 |  Stepsize: 1.00000000000 | 
# 15     F(x): -0.06433396579 |  |Df(x)|: 0.00084823801 |  Stepsize: 1.00000000000 | 
# 16     F(x): -0.06433788043 |  |Df(x)|: 0.00130121006 |  Stepsize: 1.00000000000 | 
# 17     F(x): -0.06434651477 |  |Df(x)|: 0.00047710190 |  Stepsize: 1.00000000000 | 
# 18     F(x): -0.06435049113 |  |Df(x)|: 0.00044402790 |  Stepsize: 1.00000000000 | 
# 19     F(x): -0.06435605813 |  |Df(x)|: 0.00061037502 |  Stepsize: 1.00000000000 | 
# 20     F(x): -0.06435836848 |  |Df(x)|: 0.00137320676 |  Stepsize: 1.00000000000 | 
# 21     F(x): -0.06436489768 |  |Df(x)|: 0.00048889591 |  Stepsize: 1.00000000000 | 
# 22     F(x): -0.06436763858 |  |Df(x)|: 0.00037700428 |  Stepsize: 1.00000000000 | 
# 23     F(x): -0.06437102836 |  |Df(x)|: 0.00049246803 |  Stepsize: 1.00000000000 | 
# 24     F(x): -0.06437688195 |  |Df(x)|: 0.00057920866 |  Stepsize: 1.00000000000 | 
# 25     F(x): -0.06438463896 |  |Df(x)|: 0.00098254783 |  Stepsize: 0.96919500143 | 
# 26     F(x): -0.06439121965 |  |Df(x)|: 0.00066151544 |  Stepsize: 1.00000000000 | 
# 27     F(x): -0.06439515070 |  |Df(x)|: 0.00036391007 |  Stepsize: 1.00000000000 | 
# 28     F(x): -0.06439902843 |  |Df(x)|: 0.00045040200 |  Stepsize: 1.00000000000 | 
# 29     F(x): -0.06440309507 |  |Df(x)|: 0.00060555500 |  Stepsize: 1.00000000000 | 
# 30     F(x): -0.06440890416 |  |Df(x)|: 0.00086839870 |  Stepsize: 0.91527313990 | 
# 31     F(x): -0.06441327393 |  |Df(x)|: 0.00095000897 |  Stepsize: 1.00000000000 | 
# 32     F(x): -0.06441725197 |  |Df(x)|: 0.00052014777 |  Stepsize: 1.00000000000 | 
# 33     F(x): -0.06442003158 |  |Df(x)|: 0.00051830532 |  Stepsize: 1.00000000000 | 
# 34     F(x): -0.06442576024 |  |Df(x)|: 0.00068918888 |  Stepsize: 1.00000000000 | 
# 35     F(x): -0.06443053486 |  |Df(x)|: 0.00149420899 |  Stepsize: 0.77978480973 | 
# 36     F(x): -0.06443771472 |  |Df(x)|: 0.00066479161 |  Stepsize: 1.00000000000 | 
# 37     F(x): -0.06444125527 |  |Df(x)|: 0.00049828496 |  Stepsize: 1.00000000000 | 
# 38     F(x): -0.06444608673 |  |Df(x)|: 0.00054452633 |  Stepsize: 1.00000000000 | 
# 39     F(x): -0.06445386994 |  |Df(x)|: 0.00085050316 |  Stepsize: 1.00000000000 | 
# 40     F(x): -0.06445955901 |  |Df(x)|: 0.00082995654 |  Stepsize: 0.34326747467 | 
# 41     F(x): -0.06446697853 |  |Df(x)|: 0.00108604935 |  Stepsize: 0.93252309479 | 
# 42     F(x): -0.06447540203 |  |Df(x)|: 0.00058157083 |  Stepsize: 1.00000000000 | 
# 43     F(x): -0.06448156254 |  |Df(x)|: 0.00058235509 |  Stepsize: 1.00000000000 | 
# 44     F(x): -0.06448895001 |  |Df(x)|: 0.00074001938 |  Stepsize: 1.00000000000 | 
# 45     F(x): -0.06449571673 |  |Df(x)|: 0.00093499935 |  Stepsize: 0.67435435534 | 
# 46     F(x): -0.06450397577 |  |Df(x)|: 0.00060505487 |  Stepsize: 1.00000000000 | 
# 47     F(x): -0.06451160438 |  |Df(x)|: 0.00077373388 |  Stepsize: 1.00000000000 | 
# 48     F(x): -0.06451729466 |  |Df(x)|: 0.00082924867 |  Stepsize: 0.92134200220 | 
# 49     F(x): -0.06452698290 |  |Df(x)|: 0.00074891336 |  Stepsize: 1.00000000000 | 
# 50     F(x): -0.06453641179 |  |Df(x)|: 0.00073397694 |  Stepsize: 1.00000000000 | 
# 51     F(x): -0.06454336989 |  |Df(x)|: 0.00066725533 |  Stepsize: 1.00000000000 | 
# 52     F(x): -0.06454902905 |  |Df(x)|: 0.00070644672 |  Stepsize: 1.00000000000 | 
# 53     F(x): -0.06455726216 |  |Df(x)|: 0.00162538867 |  Stepsize: 0.77914816752 | 
# 54     F(x): -0.06456458478 |  |Df(x)|: 0.00100937089 |  Stepsize: 0.71250195280 | 
# 55     F(x): -0.06457280260 |  |Df(x)|: 0.00070474954 |  Stepsize: 1.00000000000 | 
# 56     F(x): -0.06457858505 |  |Df(x)|: 0.00082675267 |  Stepsize: 1.00000000000 | 
# 57     F(x): -0.06458907504 |  |Df(x)|: 0.00108993503 |  Stepsize: 1.00000000000 | 
# 58     F(x): -0.06459804827 |  |Df(x)|: 0.00068705948 |  Stepsize: 1.00000000000 | 
# 59     F(x): -0.06460510338 |  |Df(x)|: 0.00071282802 |  Stepsize: 0.90879816286 | 
# 60     F(x): -0.06460956098 |  |Df(x)|: 0.00101343526 |  Stepsize: 0.75563570878 | 
# 61     F(x): -0.06461575372 |  |Df(x)|: 0.00066654052 |  Stepsize: 1.00000000000 | 
# 62     F(x): -0.06462581723 |  |Df(x)|: 0.00075271297 |  Stepsize: 1.00000000000 | 
# 63     F(x): -0.06463214573 |  |Df(x)|: 0.00072411965 |  Stepsize: 1.00000000000 | 
# 64     F(x): -0.06463944613 |  |Df(x)|: 0.00110769554 |  Stepsize: 0.61084441452 | 
# 65     F(x): -0.06464851618 |  |Df(x)|: 0.00057719464 |  Stepsize: 1.00000000000 | 
# 66     F(x): -0.06465686981 |  |Df(x)|: 0.00066686401 |  Stepsize: 1.00000000000 | 
# 67     F(x): -0.06466358806 |  |Df(x)|: 0.00080861450 |  Stepsize: 1.00000000000 | 
# 68     F(x): -0.06466608049 |  |Df(x)|: 0.00180874945 |  Stepsize: 0.89434535300 | 
# 69     F(x): -0.06467623409 |  |Df(x)|: 0.00072507683 |  Stepsize: 1.00000000000 | 
# 70     F(x): -0.06468070998 |  |Df(x)|: 0.00070163080 |  Stepsize: 1.00000000000 | 
# 71     F(x): -0.06468533342 |  |Df(x)|: 0.00055234549 |  Stepsize: 1.00000000000 | 
# 72     F(x): -0.06469484385 |  |Df(x)|: 0.00063360969 |  Stepsize: 1.00000000000 | 
# 73     F(x): -0.06470172818 |  |Df(x)|: 0.00081524768 |  Stepsize: 0.73258779756 | 
# 74     F(x): -0.06471005478 |  |Df(x)|: 0.00075951499 |  Stepsize: 1.00000000000 | 
# 75     F(x): -0.06471864435 |  |Df(x)|: 0.00054290032 |  Stepsize: 0.61068153381 | 
# 76     F(x): -0.06472610256 |  |Df(x)|: 0.00076347780 |  Stepsize: 1.00000000000 | 
# 77     F(x): -0.06473489115 |  |Df(x)|: 0.00091245358 |  Stepsize: 1.00000000000 | 
# 78     F(x): -0.06474334558 |  |Df(x)|: 0.00076852739 |  Stepsize: 1.00000000000 | 
# 79     F(x): -0.06475083971 |  |Df(x)|: 0.00066016414 |  Stepsize: 0.62941574204 | 
# 80     F(x): -0.06475801765 |  |Df(x)|: 0.00103330471 |  Stepsize: 1.00000000000 | 
# 81     F(x): -0.06476341651 |  |Df(x)|: 0.00128858766 |  Stepsize: 1.00000000000 | 
# 82     F(x): -0.06476896321 |  |Df(x)|: 0.00072145564 |  Stepsize: 1.00000000000 | 
# 83     F(x): -0.06477585766 |  |Df(x)|: 0.00095144633 |  Stepsize: 1.00000000000 | 
# 84     F(x): -0.06478002007 |  |Df(x)|: 0.00103141786 |  Stepsize: 1.00000000000 | 
# 85     F(x): -0.06478968443 |  |Df(x)|: 0.00090128297 |  Stepsize: 1.00000000000 | 
# 86     F(x): -0.06479939734 |  |Df(x)|: 0.00093512579 |  Stepsize: 0.88658448799 | 
# 87     F(x): -0.06480615809 |  |Df(x)|: 0.00080232443 |  Stepsize: 1.00000000000 | 
# 88     F(x): -0.06481187951 |  |Df(x)|: 0.00079956597 |  Stepsize: 1.00000000000 | 
# 89     F(x): -0.06481946668 |  |Df(x)|: 0.00098887660 |  Stepsize: 0.71020121676 | 
# 90     F(x): -0.06482746402 |  |Df(x)|: 0.00082522590 |  Stepsize: 0.62213555928 | 
# 91     F(x): -0.06483474688 |  |Df(x)|: 0.00087620972 |  Stepsize: 0.62243970762 | 
# 92     F(x): -0.06484555425 |  |Df(x)|: 0.00094555668 |  Stepsize: 1.00000000000 | 
# 93     F(x): -0.06485410676 |  |Df(x)|: 0.00072517204 |  Stepsize: 1.00000000000 | 
# 94     F(x): -0.06486542272 |  |Df(x)|: 0.00083906923 |  Stepsize: 1.00000000000 | 
# 95     F(x): -0.06487204082 |  |Df(x)|: 0.00080307517 |  Stepsize: 1.00000000000 | 
# 96     F(x): -0.06488194167 |  |Df(x)|: 0.00085702509 |  Stepsize: 0.89660061739 | 
# 97     F(x): -0.06489186463 |  |Df(x)|: 0.00067936814 |  Stepsize: 0.81228125144 | 
# 98     F(x): -0.06489691174 |  |Df(x)|: 0.00064437489 |  Stepsize: 0.39114561610 | 
# 99     F(x): -0.06490682442 |  |Df(x)|: 0.00093235268 |  Stepsize: 1.00000000000 | 
# 100    F(x): -0.06491736738 |  |Df(x)|: 0.00076214479 |  Stepsize: 1.00000000000 | 
# 101    F(x): -0.06492398001 |  |Df(x)|: 0.00054440034 |  Stepsize: 1.00000000000 | 
# 102    F(x): -0.06493036533 |  |Df(x)|: 0.00079558012 |  Stepsize: 1.00000000000 | 
# 103    F(x): -0.06493614016 |  |Df(x)|: 0.00103148621 |  Stepsize: 1.00000000000 | 
# 104    F(x): -0.06494228950 |  |Df(x)|: 0.00065794635 |  Stepsize: 1.00000000000 | 
# 105    F(x): -0.06494759690 |  |Df(x)|: 0.00058624911 |  Stepsize: 1.00000000000 | 
# 106    F(x): -0.06495106777 |  |Df(x)|: 0.00105294172 |  Stepsize: 0.57907891260 | 
# 107    F(x): -0.06495207163 |  |Df(x)|: 0.00120468422 |  Stepsize: 0.41676522005 | 
# 108    F(x): -0.06495872230 |  |Df(x)|: 0.00098707482 |  Stepsize: 0.55680969865 | 
# 109    F(x): -0.06496917938 |  |Df(x)|: 0.00102711577 |  Stepsize: 1.00000000000 | 
# 110    F(x): -0.06497456393 |  |Df(x)|: 0.00094315635 |  Stepsize: 1.00000000000 | 
# 111    F(x): -0.06497695002 |  |Df(x)|: 0.00065829642 |  Stepsize: 1.00000000000 | 
# 112    F(x): -0.06498086860 |  |Df(x)|: 0.00052364275 |  Stepsize: 1.00000000000 | 
# 113    F(x): -0.06498515033 |  |Df(x)|: 0.00084202131 |  Stepsize: 1.00000000000 | 
# 114    F(x): -0.06498886024 |  |Df(x)|: 0.00105028017 |  Stepsize: 0.41803702776 | 
# 115    F(x): -0.06499416461 |  |Df(x)|: 0.00102501181 |  Stepsize: 0.49677849360 | 
# 116    F(x): -0.06499854251 |  |Df(x)|: 0.00127115927 |  Stepsize: 0.45330163498 | 
# 117    F(x): -0.06500684930 |  |Df(x)|: 0.00058375305 |  Stepsize: 1.00000000000 | 
# 118    F(x): -0.06501202006 |  |Df(x)|: 0.00068329774 |  Stepsize: 1.00000000000 | 
# 119    F(x): -0.06501722816 |  |Df(x)|: 0.00069866941 |  Stepsize: 1.00000000000 | 
# 120    F(x): -0.06502138395 |  |Df(x)|: 0.00050857893 |  Stepsize: 1.00000000000 | 
# 121    F(x): -0.06502686610 |  |Df(x)|: 0.00057430753 |  Stepsize: 1.00000000000 | 
# 122    F(x): -0.06503245322 |  |Df(x)|: 0.00059454975 |  Stepsize: 0.70853791313 | 
# 123    F(x): -0.06503830664 |  |Df(x)|: 0.00103551779 |  Stepsize: 0.76647359143 | 
# 124    F(x): -0.06504509133 |  |Df(x)|: 0.00066277162 |  Stepsize: 0.92287366015 | 
# 125    F(x): -0.06505201749 |  |Df(x)|: 0.00067805732 |  Stepsize: 1.00000000000 | 
# 126    F(x): -0.06505724449 |  |Df(x)|: 0.00087525419 |  Stepsize: 1.00000000000 | 
# 127    F(x): -0.06506122814 |  |Df(x)|: 0.00059495431 |  Stepsize: 1.00000000000 | 
# 128    F(x): -0.06506450599 |  |Df(x)|: 0.00056588088 |  Stepsize: 1.00000000000 | 
# 129    F(x): -0.06507049888 |  |Df(x)|: 0.00056963112 |  Stepsize: 1.00000000000 | 
# 130    F(x): -0.06507796948 |  |Df(x)|: 0.00082456534 |  Stepsize: 1.00000000000 | 
# 131    F(x): -0.06508341221 |  |Df(x)|: 0.00062445481 |  Stepsize: 0.82340503314 | 
# 132    F(x): -0.06508733794 |  |Df(x)|: 0.00084981094 |  Stepsize: 1.00000000000 | 
# 133    F(x): -0.06509138836 |  |Df(x)|: 0.00055678380 |  Stepsize: 1.00000000000 | 
# 134    F(x): -0.06509622080 |  |Df(x)|: 0.00048158850 |  Stepsize: 1.00000000000 | 
# 135    F(x): -0.06510084865 |  |Df(x)|: 0.00098737133 |  Stepsize: 1.00000000000 | 
# 136    F(x): -0.06510614527 |  |Df(x)|: 0.00055254238 |  Stepsize: 1.00000000000 | 
# 137    F(x): -0.06511029924 |  |Df(x)|: 0.00049149393 |  Stepsize: 1.00000000000 | 
# 138    F(x): -0.06511422577 |  |Df(x)|: 0.00065552999 |  Stepsize: 1.00000000000 | 
# 139    F(x): -0.06511968946 |  |Df(x)|: 0.00057688471 |  Stepsize: 1.00000000000 | 
# 140    F(x): -0.06512611579 |  |Df(x)|: 0.00083180534 |  Stepsize: 0.85658574189 | 
# 141    F(x): -0.06513063881 |  |Df(x)|: 0.00046769091 |  Stepsize: 1.00000000000 | 
# 142    F(x): -0.06513339663 |  |Df(x)|: 0.00047291819 |  Stepsize: 1.00000000000 | 
# 143    F(x): -0.06514004337 |  |Df(x)|: 0.00068993417 |  Stepsize: 1.00000000000 | 
# 144    F(x): -0.06514109469 |  |Df(x)|: 0.00126521583 |  Stepsize: 1.00000000000 | 
# 145    F(x): -0.06514604919 |  |Df(x)|: 0.00047135417 |  Stepsize: 1.00000000000 | 
# 146    F(x): -0.06514851656 |  |Df(x)|: 0.00034795533 |  Stepsize: 1.00000000000 | 
# 147    F(x): -0.06515206650 |  |Df(x)|: 0.00053389413 |  Stepsize: 1.00000000000 | 
# 148    F(x): -0.06515623151 |  |Df(x)|: 0.00057965879 |  Stepsize: 1.00000000000 | 
# 149    F(x): -0.06515854818 |  |Df(x)|: 0.00121947248 |  Stepsize: 0.83476495508 | 
# 150    F(x): -0.06516306464 |  |Df(x)|: 0.00045881353 |  Stepsize: 1.00000000000 | 
# 151    F(x): -0.06516467287 |  |Df(x)|: 0.00039911310 |  Stepsize: 1.00000000000 | 
# 152    F(x): -0.06516804793 |  |Df(x)|: 0.00055505419 |  Stepsize: 1.00000000000 | 
# 153    F(x): -0.06516991123 |  |Df(x)|: 0.00110837121 |  Stepsize: 1.00000000000 | 
# 154    F(x): -0.06517396109 |  |Df(x)|: 0.00064354922 |  Stepsize: 1.00000000000 | 
# 155    F(x): -0.06517756106 |  |Df(x)|: 0.00040185385 |  Stepsize: 1.00000000000 | 
# 156    F(x): -0.06517976637 |  |Df(x)|: 0.00038817694 |  Stepsize: 1.00000000000 | 
# 157    F(x): -0.06518462825 |  |Df(x)|: 0.00063812737 |  Stepsize: 1.00000000000 | 
# 158    F(x): -0.06518746458 |  |Df(x)|: 0.00059337998 |  Stepsize: 1.00000000000 | 
# 159    F(x): -0.06518943323 |  |Df(x)|: 0.00048558937 |  Stepsize: 1.00000000000 | 
# 160    F(x): -0.06519257027 |  |Df(x)|: 0.00045319654 |  Stepsize: 1.00000000000 | 
# 161    F(x): -0.06519450261 |  |Df(x)|: 0.00064200486 |  Stepsize: 1.00000000000 | 
# 162    F(x): -0.06519701352 |  |Df(x)|: 0.00035709026 |  Stepsize: 1.00000000000 | 
# 163    F(x): -0.06519932807 |  |Df(x)|: 0.00038945408 |  Stepsize: 1.00000000000 | 
# 164    F(x): -0.06520176700 |  |Df(x)|: 0.00042945081 |  Stepsize: 1.00000000000 | 
# 165    F(x): -0.06520632972 |  |Df(x)|: 0.00064790956 |  Stepsize: 1.00000000000 | 
# 166    F(x): -0.06520992489 |  |Df(x)|: 0.00051128032 |  Stepsize: 0.85269046837 | 
# 167    F(x): -0.06521292113 |  |Df(x)|: 0.00039023314 |  Stepsize: 1.00000000000 | 
# 168    F(x): -0.06521594656 |  |Df(x)|: 0.00041766837 |  Stepsize: 1.00000000000 | 
# 169    F(x): -0.06521875656 |  |Df(x)|: 0.00049619415 |  Stepsize: 1.00000000000 | 
# 170    F(x): -0.06522176889 |  |Df(x)|: 0.00042844238 |  Stepsize: 1.00000000000 | 
# 171    F(x): -0.06522422080 |  |Df(x)|: 0.00036440556 |  Stepsize: 1.00000000000 | 
# 172    F(x): -0.06522662633 |  |Df(x)|: 0.00054137017 |  Stepsize: 1.00000000000 | 
# 173    F(x): -0.06522825365 |  |Df(x)|: 0.00049514936 |  Stepsize: 1.00000000000 | 
# 174    F(x): -0.06522993606 |  |Df(x)|: 0.00037295929 |  Stepsize: 1.00000000000 | 
# 175    F(x): -0.06523333871 |  |Df(x)|: 0.00035350140 |  Stepsize: 1.00000000000 | 
# 176    F(x): -0.06523523283 |  |Df(x)|: 0.00056955197 |  Stepsize: 1.00000000000 | 
# 177    F(x): -0.06523818944 |  |Df(x)|: 0.00037487922 |  Stepsize: 1.00000000000 | 
# 178    F(x): -0.06524148495 |  |Df(x)|: 0.00035118174 |  Stepsize: 1.00000000000 | 
# 179    F(x): -0.06524239758 |  |Df(x)|: 0.00083131397 |  Stepsize: 0.97141681899 | 
At iteration 179 the algorithm performed a step with an absolute cost change (9.12636804642486e-7) less than 1.0000000000000002e-6.after: rho = 1.6, f = -0.12851589103030187, pen = 0.006476168647724841, alm = -0.06751616258640276, z = 0.12851589103030187
cur_pen: 0.08047464599316259 < 1.0000000000000002e-6, norm_vgl: 0.05290082105007208<1.0000000000000002e-6
Elapsed time: 7372.763648986816 seconds, Time limit: 10800.0 seconds
Initial  F(x): -0.04161148800 | 
# 1      F(x): -0.04356385549 |  |Df(x)|: 0.02975164607 |  Stepsize: 1.00000000000 | 
# 2      F(x): -0.04488863153 |  |Df(x)|: 0.00657450154 |  Stepsize: 1.00000000000 | 
# 3      F(x): -0.04500779721 |  |Df(x)|: 0.00553727590 |  Stepsize: 1.00000000000 | 
# 4      F(x): -0.04522360324 |  |Df(x)|: 0.00544695253 |  Stepsize: 1.00000000000 | 
# 5      F(x): -0.04532021917 |  |Df(x)|: 0.01067323926 |  Stepsize: 1.00000000000 | 
# 6      F(x): -0.04546701582 |  |Df(x)|: 0.00492203297 |  Stepsize: 1.00000000000 | 
# 7      F(x): -0.04558371475 |  |Df(x)|: 0.00433664464 |  Stepsize: 1.00000000000 | 
# 8      F(x): -0.04567628381 |  |Df(x)|: 0.00507252655 |  Stepsize: 1.00000000000 | 
# 9      F(x): -0.04580284927 |  |Df(x)|: 0.00566507230 |  Stepsize: 0.81018338530 | 
# 10     F(x): -0.04588646077 |  |Df(x)|: 0.00509657425 |  Stepsize: 0.48737565379 | 
# 11     F(x): -0.04595269354 |  |Df(x)|: 0.00268797962 |  Stepsize: 1.00000000000 | 
# 12     F(x): -0.04599487274 |  |Df(x)|: 0.00286095887 |  Stepsize: 1.00000000000 | 
# 13     F(x): -0.04607006312 |  |Df(x)|: 0.00316857715 |  Stepsize: 1.00000000000 | 
# 14     F(x): -0.04615286154 |  |Df(x)|: 0.00364847801 |  Stepsize: 0.75945120412 | 
# 15     F(x): -0.04622273216 |  |Df(x)|: 0.00230474061 |  Stepsize: 0.58785491791 | 
# 16     F(x): -0.04627658788 |  |Df(x)|: 0.00177860153 |  Stepsize: 0.91011016240 | 
# 17     F(x): -0.04632830022 |  |Df(x)|: 0.00194286609 |  Stepsize: 0.81550733500 | 
# 18     F(x): -0.04636994934 |  |Df(x)|: 0.00213599816 |  Stepsize: 0.61893040561 | 
# 19     F(x): -0.04641050071 |  |Df(x)|: 0.00190609380 |  Stepsize: 0.77327858231 | 
# 20     F(x): -0.04644635194 |  |Df(x)|: 0.00189423320 |  Stepsize: 1.00000000000 | 
# 21     F(x): -0.04648254590 |  |Df(x)|: 0.00168594870 |  Stepsize: 1.00000000000 | 
# 22     F(x): -0.04651213922 |  |Df(x)|: 0.00162286900 |  Stepsize: 1.00000000000 | 
# 23     F(x): -0.04653804649 |  |Df(x)|: 0.00186935308 |  Stepsize: 1.00000000000 | 
# 24     F(x): -0.04656472005 |  |Df(x)|: 0.00169008697 |  Stepsize: 1.00000000000 | 
# 25     F(x): -0.04658776921 |  |Df(x)|: 0.00138630577 |  Stepsize: 1.00000000000 | 
# 26     F(x): -0.04660361534 |  |Df(x)|: 0.00149187167 |  Stepsize: 0.69824397598 | 
# 27     F(x): -0.04661145943 |  |Df(x)|: 0.00380051686 |  Stepsize: 0.87640696495 | 
# 28     F(x): -0.04663242455 |  |Df(x)|: 0.00180065250 |  Stepsize: 1.00000000000 | 
# 29     F(x): -0.04665020515 |  |Df(x)|: 0.00138499190 |  Stepsize: 1.00000000000 | 
# 30     F(x): -0.04666063522 |  |Df(x)|: 0.00148354173 |  Stepsize: 1.00000000000 | 
# 31     F(x): -0.04667193943 |  |Df(x)|: 0.00448628327 |  Stepsize: 0.91767961539 | 
# 32     F(x): -0.04669386686 |  |Df(x)|: 0.00135492695 |  Stepsize: 1.00000000000 | 
# 33     F(x): -0.04670174615 |  |Df(x)|: 0.00098072993 |  Stepsize: 1.00000000000 | 
# 34     F(x): -0.04671008721 |  |Df(x)|: 0.00158532234 |  Stepsize: 1.00000000000 | 
# 35     F(x): -0.04672181447 |  |Df(x)|: 0.00203618383 |  Stepsize: 1.00000000000 | 
# 36     F(x): -0.04673554172 |  |Df(x)|: 0.00130456149 |  Stepsize: 1.00000000000 | 
# 37     F(x): -0.04674525528 |  |Df(x)|: 0.00106849124 |  Stepsize: 1.00000000000 | 
# 38     F(x): -0.04675586551 |  |Df(x)|: 0.00104073988 |  Stepsize: 1.00000000000 | 
# 39     F(x): -0.04676490737 |  |Df(x)|: 0.00153934121 |  Stepsize: 1.00000000000 | 
# 40     F(x): -0.04677510323 |  |Df(x)|: 0.00098606652 |  Stepsize: 1.00000000000 | 
# 41     F(x): -0.04678571869 |  |Df(x)|: 0.00088756244 |  Stepsize: 1.00000000000 | 
# 42     F(x): -0.04679680865 |  |Df(x)|: 0.00098826558 |  Stepsize: 1.00000000000 | 
# 43     F(x): -0.04680887915 |  |Df(x)|: 0.00131633737 |  Stepsize: 1.00000000000 | 
# 44     F(x): -0.04681817731 |  |Df(x)|: 0.00117252509 |  Stepsize: 1.00000000000 | 
# 45     F(x): -0.04682594817 |  |Df(x)|: 0.00072415443 |  Stepsize: 1.00000000000 | 
# 46     F(x): -0.04683392578 |  |Df(x)|: 0.00100745823 |  Stepsize: 1.00000000000 | 
# 47     F(x): -0.04683957020 |  |Df(x)|: 0.00103561307 |  Stepsize: 1.00000000000 | 
# 48     F(x): -0.04684688262 |  |Df(x)|: 0.00084226817 |  Stepsize: 1.00000000000 | 
# 49     F(x): -0.04685447658 |  |Df(x)|: 0.00121086067 |  Stepsize: 1.00000000000 | 
# 50     F(x): -0.04686038638 |  |Df(x)|: 0.00089119538 |  Stepsize: 1.00000000000 | 
# 51     F(x): -0.04686623726 |  |Df(x)|: 0.00079607913 |  Stepsize: 1.00000000000 | 
# 52     F(x): -0.04687501562 |  |Df(x)|: 0.00084015002 |  Stepsize: 1.00000000000 | 
# 53     F(x): -0.04687825569 |  |Df(x)|: 0.00122190639 |  Stepsize: 0.50000000000 | 
# 54     F(x): -0.04688203278 |  |Df(x)|: 0.00106885736 |  Stepsize: 1.00000000000 | 
# 55     F(x): -0.04689009657 |  |Df(x)|: 0.00069784227 |  Stepsize: 1.00000000000 | 
# 56     F(x): -0.04689733541 |  |Df(x)|: 0.00063883923 |  Stepsize: 1.00000000000 | 
# 57     F(x): -0.04690170860 |  |Df(x)|: 0.00151351931 |  Stepsize: 1.00000000000 | 
# 58     F(x): -0.04690561693 |  |Df(x)|: 0.00104197871 |  Stepsize: 1.00000000000 | 
# 59     F(x): -0.04690850297 |  |Df(x)|: 0.00075018087 |  Stepsize: 1.00000000000 | 
# 60     F(x): -0.04691480037 |  |Df(x)|: 0.00066387991 |  Stepsize: 1.00000000000 | 
# 61     F(x): -0.04691849504 |  |Df(x)|: 0.00092510326 |  Stepsize: 1.00000000000 | 
# 62     F(x): -0.04692375742 |  |Df(x)|: 0.00076694325 |  Stepsize: 1.00000000000 | 
# 63     F(x): -0.04692959833 |  |Df(x)|: 0.00087091728 |  Stepsize: 0.83354851159 | 
# 64     F(x): -0.04693601260 |  |Df(x)|: 0.00124098276 |  Stepsize: 1.00000000000 | 
# 65     F(x): -0.04694187630 |  |Df(x)|: 0.00078833829 |  Stepsize: 1.00000000000 | 
# 66     F(x): -0.04694650439 |  |Df(x)|: 0.00063364544 |  Stepsize: 1.00000000000 | 
# 67     F(x): -0.04695106695 |  |Df(x)|: 0.00084484564 |  Stepsize: 1.00000000000 | 
# 68     F(x): -0.04695640826 |  |Df(x)|: 0.00064232266 |  Stepsize: 1.00000000000 | 
# 69     F(x): -0.04696213554 |  |Df(x)|: 0.00068933374 |  Stepsize: 1.00000000000 | 
# 70     F(x): -0.04696711080 |  |Df(x)|: 0.00069369149 |  Stepsize: 1.00000000000 | 
# 71     F(x): -0.04697246313 |  |Df(x)|: 0.00058825351 |  Stepsize: 1.00000000000 | 
# 72     F(x): -0.04697675072 |  |Df(x)|: 0.00064733632 |  Stepsize: 1.00000000000 | 
# 73     F(x): -0.04698016187 |  |Df(x)|: 0.00094718849 |  Stepsize: 1.00000000000 | 
# 74     F(x): -0.04698394045 |  |Df(x)|: 0.00060641402 |  Stepsize: 1.00000000000 | 
# 75     F(x): -0.04698680579 |  |Df(x)|: 0.00050165931 |  Stepsize: 1.00000000000 | 
# 76     F(x): -0.04699037868 |  |Df(x)|: 0.00053735075 |  Stepsize: 1.00000000000 | 
# 77     F(x): -0.04699255531 |  |Df(x)|: 0.00124410110 |  Stepsize: 1.00000000000 | 
# 78     F(x): -0.04699626741 |  |Df(x)|: 0.00057705236 |  Stepsize: 1.00000000000 | 
# 79     F(x): -0.04699789140 |  |Df(x)|: 0.00052598735 |  Stepsize: 1.00000000000 | 
# 80     F(x): -0.04700135086 |  |Df(x)|: 0.00050315781 |  Stepsize: 1.00000000000 | 
# 81     F(x): -0.04700423686 |  |Df(x)|: 0.00089372870 |  Stepsize: 1.00000000000 | 
# 82     F(x): -0.04700671522 |  |Df(x)|: 0.00093056947 |  Stepsize: 1.00000000000 | 
# 83     F(x): -0.04700894906 |  |Df(x)|: 0.00050938632 |  Stepsize: 1.00000000000 | 
# 84     F(x): -0.04701053732 |  |Df(x)|: 0.00045531159 |  Stepsize: 1.00000000000 | 
# 85     F(x): -0.04701225059 |  |Df(x)|: 0.00053440445 |  Stepsize: 1.00000000000 | 
# 86     F(x): -0.04701472234 |  |Df(x)|: 0.00069562171 |  Stepsize: 1.00000000000 | 
# 87     F(x): -0.04701685794 |  |Df(x)|: 0.00046167968 |  Stepsize: 1.00000000000 | 
# 88     F(x): -0.04701843134 |  |Df(x)|: 0.00043610833 |  Stepsize: 1.00000000000 | 
# 89     F(x): -0.04702183592 |  |Df(x)|: 0.00064447580 |  Stepsize: 1.00000000000 | 
# 90     F(x): -0.04702403486 |  |Df(x)|: 0.00067997207 |  Stepsize: 1.00000000000 | 
# 91     F(x): -0.04702606179 |  |Df(x)|: 0.00044116064 |  Stepsize: 1.00000000000 | 
# 92     F(x): -0.04702811614 |  |Df(x)|: 0.00044173940 |  Stepsize: 1.00000000000 | 
# 93     F(x): -0.04703013306 |  |Df(x)|: 0.00044767868 |  Stepsize: 1.00000000000 | 
# 94     F(x): -0.04703291243 |  |Df(x)|: 0.00071441793 |  Stepsize: 1.00000000000 | 
# 95     F(x): -0.04703527463 |  |Df(x)|: 0.00044932309 |  Stepsize: 1.00000000000 | 
# 96     F(x): -0.04703742085 |  |Df(x)|: 0.00041925854 |  Stepsize: 1.00000000000 | 
# 97     F(x): -0.04703987423 |  |Df(x)|: 0.00046564060 |  Stepsize: 1.00000000000 | 
# 98     F(x): -0.04704182430 |  |Df(x)|: 0.00092848436 |  Stepsize: 1.00000000000 | 
# 99     F(x): -0.04704467741 |  |Df(x)|: 0.00043779081 |  Stepsize: 1.00000000000 | 
# 100    F(x): -0.04704664632 |  |Df(x)|: 0.00037417998 |  Stepsize: 1.00000000000 | 
# 101    F(x): -0.04704856313 |  |Df(x)|: 0.00049945542 |  Stepsize: 1.00000000000 | 
# 102    F(x): -0.04705096055 |  |Df(x)|: 0.00070200825 |  Stepsize: 1.00000000000 | 
# 103    F(x): -0.04705334007 |  |Df(x)|: 0.00046696347 |  Stepsize: 1.00000000000 | 
# 104    F(x): -0.04705509567 |  |Df(x)|: 0.00070355290 |  Stepsize: 1.00000000000 | 
# 105    F(x): -0.04705688466 |  |Df(x)|: 0.00051592752 |  Stepsize: 1.00000000000 | 
# 106    F(x): -0.04705851086 |  |Df(x)|: 0.00045198162 |  Stepsize: 1.00000000000 | 
# 107    F(x): -0.04705997462 |  |Df(x)|: 0.00096723725 |  Stepsize: 1.00000000000 | 
# 108    F(x): -0.04706175232 |  |Df(x)|: 0.00050831146 |  Stepsize: 1.00000000000 | 
# 109    F(x): -0.04706306346 |  |Df(x)|: 0.00045803987 |  Stepsize: 1.00000000000 | 
# 110    F(x): -0.04706441131 |  |Df(x)|: 0.00047157548 |  Stepsize: 1.00000000000 | 
# 111    F(x): -0.04706733393 |  |Df(x)|: 0.00069457921 |  Stepsize: 1.00000000000 | 
# 112    F(x): -0.04706908903 |  |Df(x)|: 0.00083534844 |  Stepsize: 1.00000000000 | 
# 113    F(x): -0.04707112517 |  |Df(x)|: 0.00041502288 |  Stepsize: 1.00000000000 | 
# 114    F(x): -0.04707274299 |  |Df(x)|: 0.00047855610 |  Stepsize: 1.00000000000 | 
# 115    F(x): -0.04707458184 |  |Df(x)|: 0.00053607824 |  Stepsize: 1.00000000000 | 
# 116    F(x): -0.04707850133 |  |Df(x)|: 0.00061251782 |  Stepsize: 1.00000000000 | 
# 117    F(x): -0.04708020690 |  |Df(x)|: 0.00095366074 |  Stepsize: 0.95986243498 | 
# 118    F(x): -0.04708315348 |  |Df(x)|: 0.00043186617 |  Stepsize: 1.00000000000 | 
# 119    F(x): -0.04708471073 |  |Df(x)|: 0.00052701338 |  Stepsize: 1.00000000000 | 
# 120    F(x): -0.04708663315 |  |Df(x)|: 0.00049495598 |  Stepsize: 1.00000000000 | 
# 121    F(x): -0.04708971515 |  |Df(x)|: 0.00058995060 |  Stepsize: 1.00000000000 | 
# 122    F(x): -0.04709116743 |  |Df(x)|: 0.00086943267 |  Stepsize: 1.00000000000 | 
# 123    F(x): -0.04709335591 |  |Df(x)|: 0.00040614491 |  Stepsize: 1.00000000000 | 
# 124    F(x): -0.04709492739 |  |Df(x)|: 0.00033809781 |  Stepsize: 1.00000000000 | 
# 125    F(x): -0.04709647110 |  |Df(x)|: 0.00040264991 |  Stepsize: 1.00000000000 | 
# 126    F(x): -0.04709879063 |  |Df(x)|: 0.00075535001 |  Stepsize: 1.00000000000 | 
# 127    F(x): -0.04710019669 |  |Df(x)|: 0.00064690638 |  Stepsize: 0.97425366075 | 
# 128    F(x): -0.04710209015 |  |Df(x)|: 0.00036043854 |  Stepsize: 1.00000000000 | 
# 129    F(x): -0.04710343506 |  |Df(x)|: 0.00034826479 |  Stepsize: 1.00000000000 | 
# 130    F(x): -0.04710492393 |  |Df(x)|: 0.00050047152 |  Stepsize: 1.00000000000 | 
# 131    F(x): -0.04710572727 |  |Df(x)|: 0.00088525722 |  Stepsize: 1.00000000000 | 
At iteration 131 the algorithm performed a step with an absolute cost change (8.033409655203161e-7) less than 1.0000000000000002e-6.after: rho = 4.0, f = -0.10590473260573545, pen = 0.00311908359099517, alm = -0.04908687715019899, z = 0.10590473260573545
cur_pen: 0.05584875639613804 < 1.0000000000000002e-6, norm_vgl: 0.03329149504791176<1.0000000000000002e-6
Elapsed time: 7707.111486911774 seconds, Time limit: 10800.0 seconds
Initial  F(x): -0.01789604124 | 
# 1      F(x): -0.02759730611 |  |Df(x)|: 0.05986701666 |  Stepsize: 0.70691687356 | 
# 2      F(x): -0.03026362748 |  |Df(x)|: 0.01198026385 |  Stepsize: 1.00000000000 | 
# 3      F(x): -0.03045311786 |  |Df(x)|: 0.00832385605 |  Stepsize: 1.00000000000 | 
# 4      F(x): -0.03065652516 |  |Df(x)|: 0.00751170972 |  Stepsize: 1.00000000000 | 
# 5      F(x): -0.03085530479 |  |Df(x)|: 0.00686800152 |  Stepsize: 1.00000000000 | 
# 6      F(x): -0.03095652787 |  |Df(x)|: 0.01069809129 |  Stepsize: 1.00000000000 | 
# 7      F(x): -0.03105410322 |  |Df(x)|: 0.00348783911 |  Stepsize: 1.00000000000 | 
# 8      F(x): -0.03108378359 |  |Df(x)|: 0.00297478936 |  Stepsize: 1.00000000000 | 
# 9      F(x): -0.03113180284 |  |Df(x)|: 0.00352929812 |  Stepsize: 1.00000000000 | 
# 10     F(x): -0.03115366609 |  |Df(x)|: 0.00857105753 |  Stepsize: 1.00000000000 | 
# 11     F(x): -0.03120776364 |  |Df(x)|: 0.00323593814 |  Stepsize: 1.00000000000 | 
# 12     F(x): -0.03123250492 |  |Df(x)|: 0.00231587313 |  Stepsize: 1.00000000000 | 
# 13     F(x): -0.03125702623 |  |Df(x)|: 0.00275761918 |  Stepsize: 1.00000000000 | 
# 14     F(x): -0.03129706427 |  |Df(x)|: 0.00278233582 |  Stepsize: 1.00000000000 | 
# 15     F(x): -0.03135303951 |  |Df(x)|: 0.00304546934 |  Stepsize: 1.00000000000 | 
# 16     F(x): -0.03136156310 |  |Df(x)|: 0.00576412509 |  Stepsize: 0.81053590096 | 
# 17     F(x): -0.03140439073 |  |Df(x)|: 0.00167262770 |  Stepsize: 1.00000000000 | 
# 18     F(x): -0.03141670242 |  |Df(x)|: 0.00153464849 |  Stepsize: 1.00000000000 | 
# 19     F(x): -0.03143919741 |  |Df(x)|: 0.00205680007 |  Stepsize: 1.00000000000 | 
# 20     F(x): -0.03146682910 |  |Df(x)|: 0.00336930759 |  Stepsize: 1.00000000000 | 
# 21     F(x): -0.03149512625 |  |Df(x)|: 0.00209097235 |  Stepsize: 1.00000000000 | 
# 22     F(x): -0.03151434483 |  |Df(x)|: 0.00149167293 |  Stepsize: 1.00000000000 | 
# 23     F(x): -0.03154140461 |  |Df(x)|: 0.00235081464 |  Stepsize: 1.00000000000 | 
# 24     F(x): -0.03155355464 |  |Df(x)|: 0.00367471477 |  Stepsize: 1.00000000000 | 
# 25     F(x): -0.03157171465 |  |Df(x)|: 0.00208254141 |  Stepsize: 1.00000000000 | 
# 26     F(x): -0.03159291801 |  |Df(x)|: 0.00175501435 |  Stepsize: 1.00000000000 | 
# 27     F(x): -0.03160577998 |  |Df(x)|: 0.00198797730 |  Stepsize: 1.00000000000 | 
# 28     F(x): -0.03161931943 |  |Df(x)|: 0.00410881884 |  Stepsize: 0.86291953510 | 
# 29     F(x): -0.03163918683 |  |Df(x)|: 0.00179810955 |  Stepsize: 1.00000000000 | 
# 30     F(x): -0.03165307940 |  |Df(x)|: 0.00154054097 |  Stepsize: 1.00000000000 | 
# 31     F(x): -0.03166579413 |  |Df(x)|: 0.00213927676 |  Stepsize: 1.00000000000 | 
# 32     F(x): -0.03167672927 |  |Df(x)|: 0.00343672622 |  Stepsize: 1.00000000000 | 
# 33     F(x): -0.03169108702 |  |Df(x)|: 0.00173561275 |  Stepsize: 1.00000000000 | 
# 34     F(x): -0.03170507255 |  |Df(x)|: 0.00150452410 |  Stepsize: 1.00000000000 | 
# 35     F(x): -0.03171533847 |  |Df(x)|: 0.00168437002 |  Stepsize: 1.00000000000 | 
# 36     F(x): -0.03172685773 |  |Df(x)|: 0.00379223128 |  Stepsize: 1.00000000000 | 
# 37     F(x): -0.03174452461 |  |Df(x)|: 0.00154180539 |  Stepsize: 1.00000000000 | 
# 38     F(x): -0.03175355417 |  |Df(x)|: 0.00140592733 |  Stepsize: 1.00000000000 | 
# 39     F(x): -0.03176858320 |  |Df(x)|: 0.00152258872 |  Stepsize: 1.00000000000 | 
# 40     F(x): -0.03178747218 |  |Df(x)|: 0.00177406769 |  Stepsize: 1.00000000000 | 
# 41     F(x): -0.03179904866 |  |Df(x)|: 0.00268924988 |  Stepsize: 0.70301807703 | 
# 42     F(x): -0.03181435199 |  |Df(x)|: 0.00118388857 |  Stepsize: 1.00000000000 | 
# 43     F(x): -0.03182337220 |  |Df(x)|: 0.00122406732 |  Stepsize: 1.00000000000 | 
# 44     F(x): -0.03183610581 |  |Df(x)|: 0.00158962027 |  Stepsize: 1.00000000000 | 
# 45     F(x): -0.03184220380 |  |Df(x)|: 0.00332418122 |  Stepsize: 1.00000000000 | 
# 46     F(x): -0.03185787161 |  |Df(x)|: 0.00120567578 |  Stepsize: 1.00000000000 | 
# 47     F(x): -0.03186446108 |  |Df(x)|: 0.00093315496 |  Stepsize: 1.00000000000 | 
# 48     F(x): -0.03187162872 |  |Df(x)|: 0.00133924332 |  Stepsize: 1.00000000000 | 
# 49     F(x): -0.03187669935 |  |Df(x)|: 0.00288168672 |  Stepsize: 1.00000000000 | 
# 50     F(x): -0.03188564914 |  |Df(x)|: 0.00165045641 |  Stepsize: 1.00000000000 | 
# 51     F(x): -0.03189334718 |  |Df(x)|: 0.00111268912 |  Stepsize: 1.00000000000 | 
# 52     F(x): -0.03189887793 |  |Df(x)|: 0.00118582822 |  Stepsize: 1.00000000000 | 
# 53     F(x): -0.03190738424 |  |Df(x)|: 0.00184511345 |  Stepsize: 1.00000000000 | 
# 54     F(x): -0.03191387290 |  |Df(x)|: 0.00145277525 |  Stepsize: 1.00000000000 | 
# 55     F(x): -0.03191902832 |  |Df(x)|: 0.00099625957 |  Stepsize: 1.00000000000 | 
# 56     F(x): -0.03192510535 |  |Df(x)|: 0.00099974939 |  Stepsize: 1.00000000000 | 
# 57     F(x): -0.03193070487 |  |Df(x)|: 0.00114918235 |  Stepsize: 1.00000000000 | 
# 58     F(x): -0.03193625093 |  |Df(x)|: 0.00219087327 |  Stepsize: 1.00000000000 | 
# 59     F(x): -0.03194218222 |  |Df(x)|: 0.00108913192 |  Stepsize: 1.00000000000 | 
# 60     F(x): -0.03194490447 |  |Df(x)|: 0.00090825623 |  Stepsize: 1.00000000000 | 
# 61     F(x): -0.03195081132 |  |Df(x)|: 0.00084356255 |  Stepsize: 1.00000000000 | 
# 62     F(x): -0.03195491610 |  |Df(x)|: 0.00257447775 |  Stepsize: 1.00000000000 | 
# 63     F(x): -0.03196183396 |  |Df(x)|: 0.00094751721 |  Stepsize: 1.00000000000 | 
# 64     F(x): -0.03196502551 |  |Df(x)|: 0.00073007711 |  Stepsize: 1.00000000000 | 
# 65     F(x): -0.03196820116 |  |Df(x)|: 0.00095457217 |  Stepsize: 1.00000000000 | 
# 66     F(x): -0.03197355905 |  |Df(x)|: 0.00100787682 |  Stepsize: 1.00000000000 | 
# 67     F(x): -0.03197701380 |  |Df(x)|: 0.00193071918 |  Stepsize: 0.50000000000 | 
# 68     F(x): -0.03198322945 |  |Df(x)|: 0.00086698069 |  Stepsize: 1.00000000000 | 
# 69     F(x): -0.03198674080 |  |Df(x)|: 0.00061528102 |  Stepsize: 1.00000000000 | 
# 70     F(x): -0.03199095246 |  |Df(x)|: 0.00083043319 |  Stepsize: 1.00000000000 | 
# 71     F(x): -0.03199501071 |  |Df(x)|: 0.00122461161 |  Stepsize: 1.00000000000 | 
# 72     F(x): -0.03199924224 |  |Df(x)|: 0.00094806835 |  Stepsize: 1.00000000000 | 
# 73     F(x): -0.03200247274 |  |Df(x)|: 0.00073994383 |  Stepsize: 1.00000000000 | 
# 74     F(x): -0.03200582174 |  |Df(x)|: 0.00078468592 |  Stepsize: 1.00000000000 | 
# 75     F(x): -0.03200901900 |  |Df(x)|: 0.00096091939 |  Stepsize: 1.00000000000 | 
# 76     F(x): -0.03201172652 |  |Df(x)|: 0.00155975720 |  Stepsize: 1.00000000000 | 
# 77     F(x): -0.03201466273 |  |Df(x)|: 0.00069097224 |  Stepsize: 1.00000000000 | 
# 78     F(x): -0.03201643129 |  |Df(x)|: 0.00067969995 |  Stepsize: 1.00000000000 | 
# 79     F(x): -0.03201906731 |  |Df(x)|: 0.00075396427 |  Stepsize: 1.00000000000 | 
# 80     F(x): -0.03202362891 |  |Df(x)|: 0.00090332232 |  Stepsize: 1.00000000000 | 
# 81     F(x): -0.03202623906 |  |Df(x)|: 0.00114611676 |  Stepsize: 0.47201473259 | 
# 82     F(x): -0.03202952749 |  |Df(x)|: 0.00061092494 |  Stepsize: 1.00000000000 | 
# 83     F(x): -0.03203242592 |  |Df(x)|: 0.00065838905 |  Stepsize: 1.00000000000 | 
# 84     F(x): -0.03203515456 |  |Df(x)|: 0.00101571007 |  Stepsize: 1.00000000000 | 
# 85     F(x): -0.03203817454 |  |Df(x)|: 0.00132094376 |  Stepsize: 1.00000000000 | 
# 86     F(x): -0.03204130992 |  |Df(x)|: 0.00079071138 |  Stepsize: 1.00000000000 | 
# 87     F(x): -0.03204374594 |  |Df(x)|: 0.00064379002 |  Stepsize: 1.00000000000 | 
# 88     F(x): -0.03204668534 |  |Df(x)|: 0.00072244596 |  Stepsize: 1.00000000000 | 
# 89     F(x): -0.03204944434 |  |Df(x)|: 0.00151223781 |  Stepsize: 1.00000000000 | 
# 90     F(x): -0.03205296120 |  |Df(x)|: 0.00069876546 |  Stepsize: 1.00000000000 | 
# 91     F(x): -0.03205510656 |  |Df(x)|: 0.00057895059 |  Stepsize: 1.00000000000 | 
# 92     F(x): -0.03205745374 |  |Df(x)|: 0.00071272908 |  Stepsize: 1.00000000000 | 
# 93     F(x): -0.03206014004 |  |Df(x)|: 0.00131447468 |  Stepsize: 1.00000000000 | 
# 94     F(x): -0.03206321923 |  |Df(x)|: 0.00074175397 |  Stepsize: 1.00000000000 | 
# 95     F(x): -0.03206513252 |  |Df(x)|: 0.00064924425 |  Stepsize: 1.00000000000 | 
# 96     F(x): -0.03206711556 |  |Df(x)|: 0.00065965907 |  Stepsize: 1.00000000000 | 
# 97     F(x): -0.03206920866 |  |Df(x)|: 0.00093663171 |  Stepsize: 1.00000000000 | 
# 98     F(x): -0.03207142646 |  |Df(x)|: 0.00054260268 |  Stepsize: 1.00000000000 | 
# 99     F(x): -0.03207300767 |  |Df(x)|: 0.00060877991 |  Stepsize: 1.00000000000 | 
# 100    F(x): -0.03207418716 |  |Df(x)|: 0.00159149462 |  Stepsize: 1.00000000000 | 
# 101    F(x): -0.03207617063 |  |Df(x)|: 0.00079141249 |  Stepsize: 1.00000000000 | 
# 102    F(x): -0.03207787447 |  |Df(x)|: 0.00053563217 |  Stepsize: 1.00000000000 | 
# 103    F(x): -0.03207911281 |  |Df(x)|: 0.00058988348 |  Stepsize: 1.00000000000 | 
# 104    F(x): -0.03208174365 |  |Df(x)|: 0.00064807929 |  Stepsize: 1.00000000000 | 
# 105    F(x): -0.03208332431 |  |Df(x)|: 0.00111135578 |  Stepsize: 0.50000000000 | 
# 106    F(x): -0.03208563560 |  |Df(x)|: 0.00052755880 |  Stepsize: 1.00000000000 | 
# 107    F(x): -0.03208717576 |  |Df(x)|: 0.00046876879 |  Stepsize: 1.00000000000 | 
# 108    F(x): -0.03208918748 |  |Df(x)|: 0.00064946074 |  Stepsize: 1.00000000000 | 
# 109    F(x): -0.03209053448 |  |Df(x)|: 0.00143128680 |  Stepsize: 1.00000000000 | 
# 110    F(x): -0.03209306101 |  |Df(x)|: 0.00064736673 |  Stepsize: 1.00000000000 | 
# 111    F(x): -0.03209460866 |  |Df(x)|: 0.00052583613 |  Stepsize: 1.00000000000 | 
# 112    F(x): -0.03209621201 |  |Df(x)|: 0.00067504109 |  Stepsize: 1.00000000000 | 
# 113    F(x): -0.03209818757 |  |Df(x)|: 0.00092250806 |  Stepsize: 1.00000000000 | 
# 114    F(x): -0.03210049957 |  |Df(x)|: 0.00065281654 |  Stepsize: 1.00000000000 | 
# 115    F(x): -0.03210318961 |  |Df(x)|: 0.00053089504 |  Stepsize: 1.00000000000 | 
# 116    F(x): -0.03210549404 |  |Df(x)|: 0.00107064092 |  Stepsize: 1.00000000000 | 
# 117    F(x): -0.03210800552 |  |Df(x)|: 0.00071683014 |  Stepsize: 1.00000000000 | 
# 118    F(x): -0.03211008510 |  |Df(x)|: 0.00068646988 |  Stepsize: 1.00000000000 | 
# 119    F(x): -0.03211290002 |  |Df(x)|: 0.00075164878 |  Stepsize: 1.00000000000 | 
# 120    F(x): -0.03211468477 |  |Df(x)|: 0.00102508029 |  Stepsize: 1.00000000000 | 
# 121    F(x): -0.03211662276 |  |Df(x)|: 0.00060888600 |  Stepsize: 1.00000000000 | 
# 122    F(x): -0.03211919512 |  |Df(x)|: 0.00055623345 |  Stepsize: 1.00000000000 | 
# 123    F(x): -0.03212069312 |  |Df(x)|: 0.00065603342 |  Stepsize: 1.00000000000 | 
# 124    F(x): -0.03212306928 |  |Df(x)|: 0.00079293174 |  Stepsize: 1.00000000000 | 
# 125    F(x): -0.03212427491 |  |Df(x)|: 0.00111049193 |  Stepsize: 0.50000000000 | 
# 126    F(x): -0.03212614536 |  |Df(x)|: 0.00064503802 |  Stepsize: 1.00000000000 | 
# 127    F(x): -0.03212807809 |  |Df(x)|: 0.00052594971 |  Stepsize: 1.00000000000 | 
# 128    F(x): -0.03212997515 |  |Df(x)|: 0.00075567873 |  Stepsize: 1.00000000000 | 
# 129    F(x): -0.03213235027 |  |Df(x)|: 0.00067631619 |  Stepsize: 1.00000000000 | 
# 130    F(x): -0.03213424225 |  |Df(x)|: 0.00055025839 |  Stepsize: 1.00000000000 | 
# 131    F(x): -0.03213618259 |  |Df(x)|: 0.00069698686 |  Stepsize: 1.00000000000 | 
# 132    F(x): -0.03213830618 |  |Df(x)|: 0.00072731784 |  Stepsize: 1.00000000000 | 
# 133    F(x): -0.03214002333 |  |Df(x)|: 0.00063148759 |  Stepsize: 1.00000000000 | 
# 134    F(x): -0.03214228646 |  |Df(x)|: 0.00062581866 |  Stepsize: 1.00000000000 | 
# 135    F(x): -0.03214425312 |  |Df(x)|: 0.00072968707 |  Stepsize: 1.00000000000 | 
# 136    F(x): -0.03214664449 |  |Df(x)|: 0.00060144254 |  Stepsize: 1.00000000000 | 
# 137    F(x): -0.03214882713 |  |Df(x)|: 0.00073812144 |  Stepsize: 1.00000000000 | 
# 138    F(x): -0.03215079995 |  |Df(x)|: 0.00062513198 |  Stepsize: 1.00000000000 | 
# 139    F(x): -0.03215274223 |  |Df(x)|: 0.00056067050 |  Stepsize: 1.00000000000 | 
# 140    F(x): -0.03215544011 |  |Df(x)|: 0.00078101302 |  Stepsize: 1.00000000000 | 
# 141    F(x): -0.03215621013 |  |Df(x)|: 0.00117685469 |  Stepsize: 1.00000000000 | 
At iteration 141 the algorithm performed a step with an absolute cost change (7.700158888498954e-7) less than 1.0000000000000002e-6.after: rho = 10.0, f = -0.07911782760437304, pen = 0.0009121203123774584, alm = -0.039107362210335325, z = 0.07911782760437304
cur_pen: 0.030201329645852655 < 1.0000000000000002e-6, norm_vgl: 0.0038481612717424216<1.0000000000000002e-6
Elapsed time: 8067.351495981216 seconds, Time limit: 10800.0 seconds
Initial  F(x): -0.01630435440 | 
# 1      F(x): -0.02805955341 |  |Df(x)|: 0.05128577313 |  Stepsize: 0.49652478863 | 
# 2      F(x): -0.02929192114 |  |Df(x)|: 0.02112157143 |  Stepsize: 1.00000000000 | 
# 3      F(x): -0.02969603720 |  |Df(x)|: 0.01452250696 |  Stepsize: 1.00000000000 | 
# 4      F(x): -0.03002813319 |  |Df(x)|: 0.01139995046 |  Stepsize: 1.00000000000 | 
# 5      F(x): -0.03022691912 |  |Df(x)|: 0.01329508340 |  Stepsize: 1.00000000000 | 
# 6      F(x): -0.03034706065 |  |Df(x)|: 0.00741601891 |  Stepsize: 1.00000000000 | 
# 7      F(x): -0.03039645932 |  |Df(x)|: 0.00477152959 |  Stepsize: 1.00000000000 | 
# 8      F(x): -0.03045263197 |  |Df(x)|: 0.00445710002 |  Stepsize: 1.00000000000 | 
# 9      F(x): -0.03049907058 |  |Df(x)|: 0.00604556651 |  Stepsize: 1.00000000000 | 
# 10     F(x): -0.03054309795 |  |Df(x)|: 0.00442257682 |  Stepsize: 1.00000000000 | 
# 11     F(x): -0.03057131699 |  |Df(x)|: 0.00329100516 |  Stepsize: 1.00000000000 | 
# 12     F(x): -0.03059726702 |  |Df(x)|: 0.00316505693 |  Stepsize: 1.00000000000 | 
# 13     F(x): -0.03062255300 |  |Df(x)|: 0.00357978836 |  Stepsize: 1.00000000000 | 
# 14     F(x): -0.03064412349 |  |Df(x)|: 0.00428771165 |  Stepsize: 1.00000000000 | 
# 15     F(x): -0.03066071226 |  |Df(x)|: 0.00228347888 |  Stepsize: 1.00000000000 | 
# 16     F(x): -0.03067298901 |  |Df(x)|: 0.00249880753 |  Stepsize: 1.00000000000 | 
# 17     F(x): -0.03068780388 |  |Df(x)|: 0.00292684091 |  Stepsize: 1.00000000000 | 
# 18     F(x): -0.03069208745 |  |Df(x)|: 0.00645253668 |  Stepsize: 1.00000000000 | 
# 19     F(x): -0.03071156532 |  |Df(x)|: 0.00201255334 |  Stepsize: 1.00000000000 | 
# 20     F(x): -0.03071792407 |  |Df(x)|: 0.00172309255 |  Stepsize: 1.00000000000 | 
# 21     F(x): -0.03072798494 |  |Df(x)|: 0.00229214438 |  Stepsize: 1.00000000000 | 
# 22     F(x): -0.03074275420 |  |Df(x)|: 0.00247891694 |  Stepsize: 1.00000000000 | 
# 23     F(x): -0.03074947206 |  |Df(x)|: 0.00683711478 |  Stepsize: 1.00000000000 | 
# 24     F(x): -0.03077369643 |  |Df(x)|: 0.00201262283 |  Stepsize: 1.00000000000 | 
# 25     F(x): -0.03078219193 |  |Df(x)|: 0.00149294029 |  Stepsize: 1.00000000000 | 
# 26     F(x): -0.03079275806 |  |Df(x)|: 0.00204283826 |  Stepsize: 1.00000000000 | 
# 27     F(x): -0.03080279011 |  |Df(x)|: 0.00394470926 |  Stepsize: 1.00000000000 | 
# 28     F(x): -0.03081638558 |  |Df(x)|: 0.00210230312 |  Stepsize: 1.00000000000 | 
# 29     F(x): -0.03082722078 |  |Df(x)|: 0.00166103881 |  Stepsize: 1.00000000000 | 
# 30     F(x): -0.03083661684 |  |Df(x)|: 0.00255808598 |  Stepsize: 1.00000000000 | 
# 31     F(x): -0.03084607393 |  |Df(x)|: 0.00264036378 |  Stepsize: 1.00000000000 | 
# 32     F(x): -0.03085522555 |  |Df(x)|: 0.00188557224 |  Stepsize: 1.00000000000 | 
# 33     F(x): -0.03086636058 |  |Df(x)|: 0.00274884858 |  Stepsize: 1.00000000000 | 
# 34     F(x): -0.03087283812 |  |Df(x)|: 0.00263094974 |  Stepsize: 1.00000000000 | 
# 35     F(x): -0.03087810483 |  |Df(x)|: 0.00193627530 |  Stepsize: 1.00000000000 | 
# 36     F(x): -0.03089149321 |  |Df(x)|: 0.00182383495 |  Stepsize: 1.00000000000 | 
# 37     F(x): -0.03089788107 |  |Df(x)|: 0.00249059796 |  Stepsize: 1.00000000000 | 
# 38     F(x): -0.03090664106 |  |Df(x)|: 0.00222594048 |  Stepsize: 1.00000000000 | 
# 39     F(x): -0.03091074718 |  |Df(x)|: 0.00559106894 |  Stepsize: 1.00000000000 | 
# 40     F(x): -0.03092452680 |  |Df(x)|: 0.00169435099 |  Stepsize: 1.00000000000 | 
# 41     F(x): -0.03092872265 |  |Df(x)|: 0.00139102939 |  Stepsize: 1.00000000000 | 
# 42     F(x): -0.03093638457 |  |Df(x)|: 0.00168625367 |  Stepsize: 1.00000000000 | 
# 43     F(x): -0.03094502341 |  |Df(x)|: 0.00297849708 |  Stepsize: 1.00000000000 | 
# 44     F(x): -0.03095359622 |  |Df(x)|: 0.00179713704 |  Stepsize: 1.00000000000 | 
# 45     F(x): -0.03095891476 |  |Df(x)|: 0.00140199847 |  Stepsize: 1.00000000000 | 
# 46     F(x): -0.03096591833 |  |Df(x)|: 0.00193975031 |  Stepsize: 1.00000000000 | 
# 47     F(x): -0.03097207187 |  |Df(x)|: 0.00264527376 |  Stepsize: 1.00000000000 | 
# 48     F(x): -0.03097899734 |  |Df(x)|: 0.00178901542 |  Stepsize: 1.00000000000 | 
# 49     F(x): -0.03098786529 |  |Df(x)|: 0.00163717431 |  Stepsize: 1.00000000000 | 
# 50     F(x): -0.03099297058 |  |Df(x)|: 0.00212877496 |  Stepsize: 1.00000000000 | 
# 51     F(x): -0.03099875436 |  |Df(x)|: 0.00179177637 |  Stepsize: 1.00000000000 | 
# 52     F(x): -0.03100681618 |  |Df(x)|: 0.00297159155 |  Stepsize: 1.00000000000 | 
# 53     F(x): -0.03101354236 |  |Df(x)|: 0.00195338070 |  Stepsize: 1.00000000000 | 
# 54     F(x): -0.03101746807 |  |Df(x)|: 0.00164507201 |  Stepsize: 1.00000000000 | 
# 55     F(x): -0.03102648907 |  |Df(x)|: 0.00213217511 |  Stepsize: 1.00000000000 | 
# 56     F(x): -0.03103039279 |  |Df(x)|: 0.00294881245 |  Stepsize: 1.00000000000 | 
# 57     F(x): -0.03103484236 |  |Df(x)|: 0.00146349112 |  Stepsize: 1.00000000000 | 
# 58     F(x): -0.03103920295 |  |Df(x)|: 0.00110981634 |  Stepsize: 1.00000000000 | 
# 59     F(x): -0.03104338319 |  |Df(x)|: 0.00139979004 |  Stepsize: 1.00000000000 | 
# 60     F(x): -0.03104965544 |  |Df(x)|: 0.00209956225 |  Stepsize: 1.00000000000 | 
# 61     F(x): -0.03105191774 |  |Df(x)|: 0.00326922177 |  Stepsize: 1.00000000000 | 
# 62     F(x): -0.03105841645 |  |Df(x)|: 0.00113652378 |  Stepsize: 1.00000000000 | 
# 63     F(x): -0.03106099838 |  |Df(x)|: 0.00098741978 |  Stepsize: 1.00000000000 | 
# 64     F(x): -0.03106456136 |  |Df(x)|: 0.00120078296 |  Stepsize: 1.00000000000 | 
# 65     F(x): -0.03106814533 |  |Df(x)|: 0.00280019370 |  Stepsize: 1.00000000000 | 
# 66     F(x): -0.03107313655 |  |Df(x)|: 0.00120722629 |  Stepsize: 1.00000000000 | 
# 67     F(x): -0.03107567294 |  |Df(x)|: 0.00096614918 |  Stepsize: 1.00000000000 | 
# 68     F(x): -0.03107906577 |  |Df(x)|: 0.00146400092 |  Stepsize: 1.00000000000 | 
# 69     F(x): -0.03108207755 |  |Df(x)|: 0.00185658348 |  Stepsize: 1.00000000000 | 
# 70     F(x): -0.03108559868 |  |Df(x)|: 0.00126509194 |  Stepsize: 1.00000000000 | 
# 71     F(x): -0.03108954998 |  |Df(x)|: 0.00118450348 |  Stepsize: 1.00000000000 | 
# 72     F(x): -0.03109206629 |  |Df(x)|: 0.00170997234 |  Stepsize: 1.00000000000 | 
# 73     F(x): -0.03109454902 |  |Df(x)|: 0.00120916870 |  Stepsize: 1.00000000000 | 
# 74     F(x): -0.03109865178 |  |Df(x)|: 0.00111826024 |  Stepsize: 1.00000000000 | 
# 75     F(x): -0.03110081499 |  |Df(x)|: 0.00137723471 |  Stepsize: 1.00000000000 | 
# 76     F(x): -0.03110371108 |  |Df(x)|: 0.00128405175 |  Stepsize: 1.00000000000 | 
# 77     F(x): -0.03110659059 |  |Df(x)|: 0.00240929486 |  Stepsize: 1.00000000000 | 
# 78     F(x): -0.03111046564 |  |Df(x)|: 0.00116676811 |  Stepsize: 1.00000000000 | 
# 79     F(x): -0.03111228771 |  |Df(x)|: 0.00096970831 |  Stepsize: 1.00000000000 | 
# 80     F(x): -0.03111599805 |  |Df(x)|: 0.00109452453 |  Stepsize: 1.00000000000 | 
# 81     F(x): -0.03111693935 |  |Df(x)|: 0.00330776431 |  Stepsize: 1.00000000000 | 
At iteration 81 the algorithm performed a step with an absolute cost change (9.412990785682973e-7) less than 1.0000000000000002e-6.after: rho = 25.0, f = -0.06125019886681223, pen = 0.00018718589894994238, alm = -0.0388488275236189, z = 0.06125019886681223
cur_pen: 0.013681589781525477 < 1.0000000000000002e-6, norm_vgl: 0.025928553909795985<1.0000000000000002e-6
Elapsed time: 8270.131510019302 seconds, Time limit: 10800.0 seconds
Initial  F(x): -0.03697696853 | 
# 1      F(x): -0.04197289182 |  |Df(x)|: 0.03978084696 |  Stepsize: 1.00000000000 | 
# 2      F(x): -0.04404960685 |  |Df(x)|: 0.01299425576 |  Stepsize: 1.00000000000 | 
# 3      F(x): -0.04449790776 |  |Df(x)|: 0.00834578985 |  Stepsize: 1.00000000000 | 
# 4      F(x): -0.04485131591 |  |Df(x)|: 0.00739793939 |  Stepsize: 1.00000000000 | 
# 5      F(x): -0.04496114735 |  |Df(x)|: 0.01412520970 |  Stepsize: 1.00000000000 | 
# 6      F(x): -0.04513350109 |  |Df(x)|: 0.00472322164 |  Stepsize: 1.00000000000 | 
# 7      F(x): -0.04517297234 |  |Df(x)|: 0.00304727494 |  Stepsize: 1.00000000000 | 
# 8      F(x): -0.04521796050 |  |Df(x)|: 0.00265162811 |  Stepsize: 1.00000000000 | 
# 9      F(x): -0.04525403233 |  |Df(x)|: 0.00423520450 |  Stepsize: 1.00000000000 | 
# 10     F(x): -0.04528875103 |  |Df(x)|: 0.00255924336 |  Stepsize: 1.00000000000 | 
# 11     F(x): -0.04531166343 |  |Df(x)|: 0.00193689370 |  Stepsize: 1.00000000000 | 
# 12     F(x): -0.04533489902 |  |Df(x)|: 0.00237927080 |  Stepsize: 1.00000000000 | 
# 13     F(x): -0.04535257173 |  |Df(x)|: 0.00276380675 |  Stepsize: 1.00000000000 | 
# 14     F(x): -0.04536747440 |  |Df(x)|: 0.00167770255 |  Stepsize: 1.00000000000 | 
# 15     F(x): -0.04538371140 |  |Df(x)|: 0.00150918164 |  Stepsize: 1.00000000000 | 
# 16     F(x): -0.04539384958 |  |Df(x)|: 0.00168776980 |  Stepsize: 1.00000000000 | 
# 17     F(x): -0.04540957731 |  |Df(x)|: 0.00173369156 |  Stepsize: 1.00000000000 | 
# 18     F(x): -0.04542028283 |  |Df(x)|: 0.00180003999 |  Stepsize: 1.00000000000 | 
# 19     F(x): -0.04542944664 |  |Df(x)|: 0.00129204301 |  Stepsize: 1.00000000000 | 
# 20     F(x): -0.04543902174 |  |Df(x)|: 0.00116638341 |  Stepsize: 1.00000000000 | 
# 21     F(x): -0.04544734978 |  |Df(x)|: 0.00164343931 |  Stepsize: 1.00000000000 | 
# 22     F(x): -0.04545685365 |  |Df(x)|: 0.00122229654 |  Stepsize: 1.00000000000 | 
# 23     F(x): -0.04546576700 |  |Df(x)|: 0.00113096781 |  Stepsize: 1.00000000000 | 
# 24     F(x): -0.04547628613 |  |Df(x)|: 0.00181960630 |  Stepsize: 1.00000000000 | 
# 25     F(x): -0.04548525347 |  |Df(x)|: 0.00178004752 |  Stepsize: 1.00000000000 | 
# 26     F(x): -0.04549411622 |  |Df(x)|: 0.00125449133 |  Stepsize: 1.00000000000 | 
# 27     F(x): -0.04550622121 |  |Df(x)|: 0.00122027925 |  Stepsize: 1.00000000000 | 
# 28     F(x): -0.04551696568 |  |Df(x)|: 0.00185827824 |  Stepsize: 1.00000000000 | 
# 29     F(x): -0.04553089943 |  |Df(x)|: 0.00176331597 |  Stepsize: 1.00000000000 | 
# 30     F(x): -0.04554299134 |  |Df(x)|: 0.00172844745 |  Stepsize: 1.00000000000 | 
# 31     F(x): -0.04555523932 |  |Df(x)|: 0.00142708929 |  Stepsize: 1.00000000000 | 
# 32     F(x): -0.04557235019 |  |Df(x)|: 0.00178776523 |  Stepsize: 1.00000000000 | 
# 33     F(x): -0.04557957061 |  |Df(x)|: 0.00403975639 |  Stepsize: 0.98453125537 | 
# 34     F(x): -0.04559691949 |  |Df(x)|: 0.00169139568 |  Stepsize: 1.00000000000 | 
# 35     F(x): -0.04560814006 |  |Df(x)|: 0.00145836464 |  Stepsize: 1.00000000000 | 
# 36     F(x): -0.04561996169 |  |Df(x)|: 0.00189853487 |  Stepsize: 1.00000000000 | 
# 37     F(x): -0.04564370713 |  |Df(x)|: 0.00228474427 |  Stepsize: 1.00000000000 | 
# 38     F(x): -0.04565946073 |  |Df(x)|: 0.00370812215 |  Stepsize: 0.39621916413 | 
# 39     F(x): -0.04568933821 |  |Df(x)|: 0.00206484746 |  Stepsize: 1.00000000000 | 
# 40     F(x): -0.04571151574 |  |Df(x)|: 0.00167113313 |  Stepsize: 0.89572089270 | 
# 41     F(x): -0.04572899340 |  |Df(x)|: 0.00275869458 |  Stepsize: 1.00000000000 | 
# 42     F(x): -0.04575138056 |  |Df(x)|: 0.00252325658 |  Stepsize: 0.89271256135 | 
# 43     F(x): -0.04577383527 |  |Df(x)|: 0.00170731650 |  Stepsize: 1.00000000000 | 
# 44     F(x): -0.04579487695 |  |Df(x)|: 0.00175811327 |  Stepsize: 1.00000000000 | 
# 45     F(x): -0.04581251452 |  |Df(x)|: 0.00211978972 |  Stepsize: 1.00000000000 | 
# 46     F(x): -0.04583369042 |  |Df(x)|: 0.00190734728 |  Stepsize: 1.00000000000 | 
# 47     F(x): -0.04585100985 |  |Df(x)|: 0.00229148437 |  Stepsize: 1.00000000000 | 
# 48     F(x): -0.04586503666 |  |Df(x)|: 0.00171983218 |  Stepsize: 1.00000000000 | 
# 49     F(x): -0.04587606606 |  |Df(x)|: 0.00160283056 |  Stepsize: 1.00000000000 | 
# 50     F(x): -0.04589104767 |  |Df(x)|: 0.00168657854 |  Stepsize: 1.00000000000 | 
# 51     F(x): -0.04590702868 |  |Df(x)|: 0.00174181982 |  Stepsize: 1.00000000000 | 
# 52     F(x): -0.04591915119 |  |Df(x)|: 0.00169941328 |  Stepsize: 1.00000000000 | 
# 53     F(x): -0.04593008682 |  |Df(x)|: 0.00159437140 |  Stepsize: 1.00000000000 | 
# 54     F(x): -0.04594011251 |  |Df(x)|: 0.00240995028 |  Stepsize: 1.00000000000 | 
# 55     F(x): -0.04595263024 |  |Df(x)|: 0.00130284855 |  Stepsize: 1.00000000000 | 
# 56     F(x): -0.04596212868 |  |Df(x)|: 0.00121296349 |  Stepsize: 1.00000000000 | 
# 57     F(x): -0.04597186665 |  |Df(x)|: 0.00175416080 |  Stepsize: 1.00000000000 | 
# 58     F(x): -0.04598160317 |  |Df(x)|: 0.00202840714 |  Stepsize: 1.00000000000 | 
# 59     F(x): -0.04598989216 |  |Df(x)|: 0.00126774227 |  Stepsize: 1.00000000000 | 
# 60     F(x): -0.04599850205 |  |Df(x)|: 0.00152418623 |  Stepsize: 1.00000000000 | 
# 61     F(x): -0.04600562915 |  |Df(x)|: 0.00135097140 |  Stepsize: 1.00000000000 | 
# 62     F(x): -0.04601583207 |  |Df(x)|: 0.00143512615 |  Stepsize: 1.00000000000 | 
# 63     F(x): -0.04602403196 |  |Df(x)|: 0.00171903600 |  Stepsize: 1.00000000000 | 
# 64     F(x): -0.04603109619 |  |Df(x)|: 0.00113256296 |  Stepsize: 1.00000000000 | 
# 65     F(x): -0.04604093948 |  |Df(x)|: 0.00122868534 |  Stepsize: 1.00000000000 | 
# 66     F(x): -0.04604890730 |  |Df(x)|: 0.00155910312 |  Stepsize: 1.00000000000 | 
# 67     F(x): -0.04605687982 |  |Df(x)|: 0.00211307131 |  Stepsize: 1.00000000000 | 
# 68     F(x): -0.04606518020 |  |Df(x)|: 0.00114265848 |  Stepsize: 1.00000000000 | 
# 69     F(x): -0.04607162917 |  |Df(x)|: 0.00134430889 |  Stepsize: 1.00000000000 | 
# 70     F(x): -0.04607824044 |  |Df(x)|: 0.00117151813 |  Stepsize: 1.00000000000 | 
# 71     F(x): -0.04608768969 |  |Df(x)|: 0.00167612053 |  Stepsize: 1.00000000000 | 
# 72     F(x): -0.04609534628 |  |Df(x)|: 0.00138911022 |  Stepsize: 1.00000000000 | 
# 73     F(x): -0.04610158971 |  |Df(x)|: 0.00102020977 |  Stepsize: 1.00000000000 | 
# 74     F(x): -0.04611220030 |  |Df(x)|: 0.00127200613 |  Stepsize: 1.00000000000 | 
# 75     F(x): -0.04611757795 |  |Df(x)|: 0.00182214558 |  Stepsize: 1.00000000000 | 
# 76     F(x): -0.04612388315 |  |Df(x)|: 0.00098761334 |  Stepsize: 1.00000000000 | 
# 77     F(x): -0.04613016663 |  |Df(x)|: 0.00089927575 |  Stepsize: 1.00000000000 | 
# 78     F(x): -0.04613493588 |  |Df(x)|: 0.00111846825 |  Stepsize: 1.00000000000 | 
# 79     F(x): -0.04613874546 |  |Df(x)|: 0.00223667548 |  Stepsize: 1.00000000000 | 
# 80     F(x): -0.04614520322 |  |Df(x)|: 0.00088095778 |  Stepsize: 1.00000000000 | 
# 81     F(x): -0.04614841906 |  |Df(x)|: 0.00082637469 |  Stepsize: 1.00000000000 | 
# 82     F(x): -0.04615250679 |  |Df(x)|: 0.00099111794 |  Stepsize: 1.00000000000 | 
# 83     F(x): -0.04615836450 |  |Df(x)|: 0.00179291664 |  Stepsize: 1.00000000000 | 
# 84     F(x): -0.04616428463 |  |Df(x)|: 0.00115113948 |  Stepsize: 1.00000000000 | 
# 85     F(x): -0.04616784814 |  |Df(x)|: 0.00085231528 |  Stepsize: 1.00000000000 | 
# 86     F(x): -0.04617310331 |  |Df(x)|: 0.00101681127 |  Stepsize: 1.00000000000 | 
# 87     F(x): -0.04617728119 |  |Df(x)|: 0.00148983317 |  Stepsize: 1.00000000000 | 
# 88     F(x): -0.04618232860 |  |Df(x)|: 0.00105235141 |  Stepsize: 1.00000000000 | 
# 89     F(x): -0.04618873720 |  |Df(x)|: 0.00121037136 |  Stepsize: 1.00000000000 | 
# 90     F(x): -0.04619041136 |  |Df(x)|: 0.00218316655 |  Stepsize: 1.00000000000 | 
# 91     F(x): -0.04619460261 |  |Df(x)|: 0.00100285170 |  Stepsize: 1.00000000000 | 
# 92     F(x): -0.04619775409 |  |Df(x)|: 0.00064649012 |  Stepsize: 1.00000000000 | 
# 93     F(x): -0.04620147820 |  |Df(x)|: 0.00091341509 |  Stepsize: 1.00000000000 | 
# 94     F(x): -0.04620568244 |  |Df(x)|: 0.00097769870 |  Stepsize: 1.00000000000 | 
# 95     F(x): -0.04620661047 |  |Df(x)|: 0.00309945230 |  Stepsize: 1.00000000000 | 
At iteration 95 the algorithm performed a step with an absolute cost change (9.280341775955159e-7) less than 1.0000000000000002e-6.after: rho = 10.0, f = -0.03984891561362004, pen = 7.936963768050777e-5, alm = -0.05064363005781553, z = 0.03984891561362004
cur_pen: 0.00890896389489304 < 1.0000000000000002e-6, norm_vgl: 0.043975196929857546<1.0000000000000002e-6
Elapsed time: 8510.56349492073 seconds, Time limit: 10800.0 seconds
Initial  F(x): -0.05032615151 | 
# 1      F(x): -0.05144243682 |  |Df(x)|: 0.02875634425 |  Stepsize: 1.00000000000 | 
# 2      F(x): -0.05356757523 |  |Df(x)|: 0.01540006982 |  Stepsize: 0.54602592740 | 
# 3      F(x): -0.05465002757 |  |Df(x)|: 0.00764348023 |  Stepsize: 0.69259653262 | 
# 4      F(x): -0.05519916498 |  |Df(x)|: 0.00516831816 |  Stepsize: 0.73168165598 | 
# 5      F(x): -0.05547815991 |  |Df(x)|: 0.00708601674 |  Stepsize: 0.54586867483 | 
# 6      F(x): -0.05570071219 |  |Df(x)|: 0.00414194574 |  Stepsize: 0.87099885047 | 
# 7      F(x): -0.05582984762 |  |Df(x)|: 0.00415054016 |  Stepsize: 1.00000000000 | 
# 8      F(x): -0.05592861049 |  |Df(x)|: 0.00368098619 |  Stepsize: 0.73084030650 | 
# 9      F(x): -0.05599973352 |  |Df(x)|: 0.00215829069 |  Stepsize: 1.00000000000 | 
# 10     F(x): -0.05605232403 |  |Df(x)|: 0.00193162396 |  Stepsize: 1.00000000000 | 
# 11     F(x): -0.05608564973 |  |Df(x)|: 0.00265804764 |  Stepsize: 1.00000000000 | 
# 12     F(x): -0.05611867134 |  |Df(x)|: 0.00163050949 |  Stepsize: 1.00000000000 | 
# 13     F(x): -0.05614448092 |  |Df(x)|: 0.00132821883 |  Stepsize: 1.00000000000 | 
# 14     F(x): -0.05616181431 |  |Df(x)|: 0.00144203941 |  Stepsize: 1.00000000000 | 
# 15     F(x): -0.05618536162 |  |Df(x)|: 0.00143308805 |  Stepsize: 1.00000000000 | 
# 16     F(x): -0.05620749274 |  |Df(x)|: 0.00177182332 |  Stepsize: 1.00000000000 | 
# 17     F(x): -0.05622674083 |  |Df(x)|: 0.00115231250 |  Stepsize: 1.00000000000 | 
# 18     F(x): -0.05624208545 |  |Df(x)|: 0.00105923107 |  Stepsize: 1.00000000000 | 
# 19     F(x): -0.05625962059 |  |Df(x)|: 0.00165951554 |  Stepsize: 1.00000000000 | 
# 20     F(x): -0.05627905370 |  |Df(x)|: 0.00120727241 |  Stepsize: 1.00000000000 | 
# 21     F(x): -0.05629459005 |  |Df(x)|: 0.00105731013 |  Stepsize: 1.00000000000 | 
# 22     F(x): -0.05631684971 |  |Df(x)|: 0.00130364338 |  Stepsize: 0.94367923446 | 
# 23     F(x): -0.05633558906 |  |Df(x)|: 0.00177058106 |  Stepsize: 0.94451662845 | 
# 24     F(x): -0.05635372374 |  |Df(x)|: 0.00124712096 |  Stepsize: 1.00000000000 | 
# 25     F(x): -0.05637313640 |  |Df(x)|: 0.00108109581 |  Stepsize: 1.00000000000 | 
# 26     F(x): -0.05638894169 |  |Df(x)|: 0.00133712719 |  Stepsize: 1.00000000000 | 
# 27     F(x): -0.05641274398 |  |Df(x)|: 0.00118326772 |  Stepsize: 0.95840679026 | 
# 28     F(x): -0.05643597097 |  |Df(x)|: 0.00147248428 |  Stepsize: 0.72147297286 | 
# 29     F(x): -0.05645565613 |  |Df(x)|: 0.00138517601 |  Stepsize: 0.61359656870 | 
# 30     F(x): -0.05647438222 |  |Df(x)|: 0.00129420969 |  Stepsize: 1.00000000000 | 
# 31     F(x): -0.05649118105 |  |Df(x)|: 0.00121208374 |  Stepsize: 1.00000000000 | 
# 32     F(x): -0.05651829393 |  |Df(x)|: 0.00151168599 |  Stepsize: 1.00000000000 | 
# 33     F(x): -0.05654079362 |  |Df(x)|: 0.00169143821 |  Stepsize: 0.59523670115 | 
# 34     F(x): -0.05656055830 |  |Df(x)|: 0.00122834730 |  Stepsize: 1.00000000000 | 
# 35     F(x): -0.05657868420 |  |Df(x)|: 0.00119245526 |  Stepsize: 1.00000000000 | 
# 36     F(x): -0.05660217704 |  |Df(x)|: 0.00148540330 |  Stepsize: 0.65208348648 | 
# 37     F(x): -0.05662503894 |  |Df(x)|: 0.00120298559 |  Stepsize: 0.63378790019 | 
# 38     F(x): -0.05664632593 |  |Df(x)|: 0.00147222637 |  Stepsize: 0.77498622211 | 
# 39     F(x): -0.05666677684 |  |Df(x)|: 0.00122952256 |  Stepsize: 1.00000000000 | 
# 40     F(x): -0.05668565058 |  |Df(x)|: 0.00117796231 |  Stepsize: 1.00000000000 | 
# 41     F(x): -0.05670753142 |  |Df(x)|: 0.00131155679 |  Stepsize: 0.68296621717 | 
# 42     F(x): -0.05672948740 |  |Df(x)|: 0.00137528211 |  Stepsize: 1.00000000000 | 
# 43     F(x): -0.05674569215 |  |Df(x)|: 0.00129769730 |  Stepsize: 1.00000000000 | 
# 44     F(x): -0.05676070146 |  |Df(x)|: 0.00114912929 |  Stepsize: 1.00000000000 | 
# 45     F(x): -0.05677859400 |  |Df(x)|: 0.00173489515 |  Stepsize: 1.00000000000 | 
# 46     F(x): -0.05679620046 |  |Df(x)|: 0.00118586390 |  Stepsize: 1.00000000000 | 
# 47     F(x): -0.05680740823 |  |Df(x)|: 0.00081731667 |  Stepsize: 1.00000000000 | 
# 48     F(x): -0.05682213749 |  |Df(x)|: 0.00088620358 |  Stepsize: 1.00000000000 | 
# 49     F(x): -0.05683225780 |  |Df(x)|: 0.00159335301 |  Stepsize: 0.83475560177 | 
# 50     F(x): -0.05684506546 |  |Df(x)|: 0.00095404837 |  Stepsize: 1.00000000000 | 
# 51     F(x): -0.05685759434 |  |Df(x)|: 0.00077363098 |  Stepsize: 1.00000000000 | 
# 52     F(x): -0.05686552134 |  |Df(x)|: 0.00091556752 |  Stepsize: 1.00000000000 | 
# 53     F(x): -0.05687722197 |  |Df(x)|: 0.00095161301 |  Stepsize: 1.00000000000 | 
# 54     F(x): -0.05688501567 |  |Df(x)|: 0.00118137630 |  Stepsize: 1.00000000000 | 
# 55     F(x): -0.05689252116 |  |Df(x)|: 0.00075659464 |  Stepsize: 1.00000000000 | 
# 56     F(x): -0.05690092016 |  |Df(x)|: 0.00079932112 |  Stepsize: 1.00000000000 | 
# 57     F(x): -0.05690765967 |  |Df(x)|: 0.00097989740 |  Stepsize: 1.00000000000 | 
# 58     F(x): -0.05691465442 |  |Df(x)|: 0.00085496765 |  Stepsize: 1.00000000000 | 
# 59     F(x): -0.05692078884 |  |Df(x)|: 0.00065112328 |  Stepsize: 1.00000000000 | 
# 60     F(x): -0.05692972832 |  |Df(x)|: 0.00075659224 |  Stepsize: 1.00000000000 | 
# 61     F(x): -0.05693753753 |  |Df(x)|: 0.00129952470 |  Stepsize: 1.00000000000 | 
# 62     F(x): -0.05694589081 |  |Df(x)|: 0.00071001077 |  Stepsize: 1.00000000000 | 
# 63     F(x): -0.05695302932 |  |Df(x)|: 0.00066805889 |  Stepsize: 1.00000000000 | 
# 64     F(x): -0.05695972293 |  |Df(x)|: 0.00074674987 |  Stepsize: 1.00000000000 | 
# 65     F(x): -0.05696642326 |  |Df(x)|: 0.00135820043 |  Stepsize: 0.71509074924 | 
# 66     F(x): -0.05697579707 |  |Df(x)|: 0.00066589206 |  Stepsize: 1.00000000000 | 
# 67     F(x): -0.05698209337 |  |Df(x)|: 0.00062564935 |  Stepsize: 1.00000000000 | 
# 68     F(x): -0.05698965596 |  |Df(x)|: 0.00080668422 |  Stepsize: 1.00000000000 | 
# 69     F(x): -0.05699616054 |  |Df(x)|: 0.00150017547 |  Stepsize: 1.00000000000 | 
# 70     F(x): -0.05700497779 |  |Df(x)|: 0.00076218939 |  Stepsize: 1.00000000000 | 
# 71     F(x): -0.05701200596 |  |Df(x)|: 0.00065194848 |  Stepsize: 1.00000000000 | 
# 72     F(x): -0.05701710511 |  |Df(x)|: 0.00075045417 |  Stepsize: 1.00000000000 | 
# 73     F(x): -0.05702452661 |  |Df(x)|: 0.00097382229 |  Stepsize: 1.00000000000 | 
# 74     F(x): -0.05703116748 |  |Df(x)|: 0.00083775071 |  Stepsize: 1.00000000000 | 
# 75     F(x): -0.05703565542 |  |Df(x)|: 0.00059643593 |  Stepsize: 1.00000000000 | 
# 76     F(x): -0.05703959970 |  |Df(x)|: 0.00058705499 |  Stepsize: 1.00000000000 | 
# 77     F(x): -0.05704430449 |  |Df(x)|: 0.00074893713 |  Stepsize: 1.00000000000 | 
# 78     F(x): -0.05705003771 |  |Df(x)|: 0.00070315484 |  Stepsize: 1.00000000000 | 
# 79     F(x): -0.05705442138 |  |Df(x)|: 0.00069894618 |  Stepsize: 1.00000000000 | 
# 80     F(x): -0.05705841976 |  |Df(x)|: 0.00059164348 |  Stepsize: 1.00000000000 | 
# 81     F(x): -0.05706235330 |  |Df(x)|: 0.00066753896 |  Stepsize: 1.00000000000 | 
# 82     F(x): -0.05706717910 |  |Df(x)|: 0.00048074280 |  Stepsize: 1.00000000000 | 
# 83     F(x): -0.05707122396 |  |Df(x)|: 0.00052659773 |  Stepsize: 1.00000000000 | 
# 84     F(x): -0.05707452987 |  |Df(x)|: 0.00078412050 |  Stepsize: 1.00000000000 | 
# 85     F(x): -0.05707803998 |  |Df(x)|: 0.00049138560 |  Stepsize: 1.00000000000 | 
# 86     F(x): -0.05708252684 |  |Df(x)|: 0.00044447216 |  Stepsize: 1.00000000000 | 
# 87     F(x): -0.05708553998 |  |Df(x)|: 0.00048411283 |  Stepsize: 1.00000000000 | 
# 88     F(x): -0.05708934739 |  |Df(x)|: 0.00085746627 |  Stepsize: 1.00000000000 | 
# 89     F(x): -0.05709370878 |  |Df(x)|: 0.00040790044 |  Stepsize: 1.00000000000 | 
# 90     F(x): -0.05709618068 |  |Df(x)|: 0.00039450709 |  Stepsize: 1.00000000000 | 
# 91     F(x): -0.05709938300 |  |Df(x)|: 0.00044854005 |  Stepsize: 1.00000000000 | 
# 92     F(x): -0.05709960028 |  |Df(x)|: 0.00139552256 |  Stepsize: 1.00000000000 | 
At iteration 92 the algorithm performed a step with an absolute cost change (2.1727776325364268e-7) less than 1.0000000000000002e-6.after: rho = 4.0, f = -0.011492889309667267, pen = 0.0012813890883732646, alm = -0.060215349162128035, z = 0.011492889309667267
cur_pen: 0.03579649547613935 < 1.0000000000000002e-6, norm_vgl: 0.02239669912885629<1.0000000000000002e-6
Elapsed time: 8743.511653900146 seconds, Time limit: 10800.0 seconds
Initial  F(x): -0.04740145828 | 
# 1      F(x): -0.04760331753 |  |Df(x)|: 0.01200340858 |  Stepsize: 1.00000000000 | 
# 2      F(x): -0.04815841640 |  |Df(x)|: 0.00783196841 |  Stepsize: 1.00000000000 | 
# 3      F(x): -0.04833890629 |  |Df(x)|: 0.00929384289 |  Stepsize: 1.00000000000 | 
# 4      F(x): -0.04854868607 |  |Df(x)|: 0.00655135087 |  Stepsize: 1.00000000000 | 
# 5      F(x): -0.04873273881 |  |Df(x)|: 0.00728684368 |  Stepsize: 1.00000000000 | 
# 6      F(x): -0.04884668320 |  |Df(x)|: 0.00553182053 |  Stepsize: 1.00000000000 | 
# 7      F(x): -0.04891117953 |  |Df(x)|: 0.00383511269 |  Stepsize: 1.00000000000 | 
# 8      F(x): -0.04898504713 |  |Df(x)|: 0.00400555601 |  Stepsize: 1.00000000000 | 
# 9      F(x): -0.04901802668 |  |Df(x)|: 0.00491239839 |  Stepsize: 1.00000000000 | 
# 10     F(x): -0.04904707940 |  |Df(x)|: 0.00306819604 |  Stepsize: 1.00000000000 | 
# 11     F(x): -0.04909380563 |  |Df(x)|: 0.00259601092 |  Stepsize: 1.00000000000 | 
# 12     F(x): -0.04912401946 |  |Df(x)|: 0.00277154355 |  Stepsize: 1.00000000000 | 
# 13     F(x): -0.04918869759 |  |Df(x)|: 0.00333698073 |  Stepsize: 1.00000000000 | 
# 14     F(x): -0.04920698674 |  |Df(x)|: 0.00382500215 |  Stepsize: 0.41025371315 | 
# 15     F(x): -0.04922905507 |  |Df(x)|: 0.00167581670 |  Stepsize: 1.00000000000 | 
# 16     F(x): -0.04924281502 |  |Df(x)|: 0.00163321552 |  Stepsize: 1.00000000000 | 
# 17     F(x): -0.04925776001 |  |Df(x)|: 0.00198502218 |  Stepsize: 1.00000000000 | 
# 18     F(x): -0.04928114639 |  |Df(x)|: 0.00290467470 |  Stepsize: 1.00000000000 | 
# 19     F(x): -0.04929892690 |  |Df(x)|: 0.00214817567 |  Stepsize: 1.00000000000 | 
# 20     F(x): -0.04931149182 |  |Df(x)|: 0.00120185831 |  Stepsize: 1.00000000000 | 
# 21     F(x): -0.04932358483 |  |Df(x)|: 0.00139634520 |  Stepsize: 1.00000000000 | 
# 22     F(x): -0.04933291650 |  |Df(x)|: 0.00190968535 |  Stepsize: 1.00000000000 | 
# 23     F(x): -0.04934571514 |  |Df(x)|: 0.00132707354 |  Stepsize: 1.00000000000 | 
# 24     F(x): -0.04935719748 |  |Df(x)|: 0.00108034289 |  Stepsize: 1.00000000000 | 
# 25     F(x): -0.04936474593 |  |Df(x)|: 0.00220337479 |  Stepsize: 1.00000000000 | 
# 26     F(x): -0.04937275239 |  |Df(x)|: 0.00127032540 |  Stepsize: 1.00000000000 | 
# 27     F(x): -0.04937758712 |  |Df(x)|: 0.00098047839 |  Stepsize: 1.00000000000 | 
# 28     F(x): -0.04938299493 |  |Df(x)|: 0.00150842427 |  Stepsize: 1.00000000000 | 
# 29     F(x): -0.04938690960 |  |Df(x)|: 0.00139503203 |  Stepsize: 1.00000000000 | 
# 30     F(x): -0.04939021145 |  |Df(x)|: 0.00112472940 |  Stepsize: 1.00000000000 | 
# 31     F(x): -0.04939790841 |  |Df(x)|: 0.00108534977 |  Stepsize: 1.00000000000 | 
# 32     F(x): -0.04940075004 |  |Df(x)|: 0.00173586244 |  Stepsize: 1.00000000000 | 
# 33     F(x): -0.04940419040 |  |Df(x)|: 0.00104899018 |  Stepsize: 1.00000000000 | 
# 34     F(x): -0.04940959645 |  |Df(x)|: 0.00080493289 |  Stepsize: 1.00000000000 | 
# 35     F(x): -0.04941276771 |  |Df(x)|: 0.00090416335 |  Stepsize: 1.00000000000 | 
# 36     F(x): -0.04941987319 |  |Df(x)|: 0.00118211964 |  Stepsize: 1.00000000000 | 
# 37     F(x): -0.04942191095 |  |Df(x)|: 0.00185415586 |  Stepsize: 0.48220261620 | 
# 38     F(x): -0.04942588585 |  |Df(x)|: 0.00064742891 |  Stepsize: 1.00000000000 | 
# 39     F(x): -0.04942758893 |  |Df(x)|: 0.00065226599 |  Stepsize: 1.00000000000 | 
# 40     F(x): -0.04943020064 |  |Df(x)|: 0.00084328704 |  Stepsize: 1.00000000000 | 
# 41     F(x): -0.04943496044 |  |Df(x)|: 0.00094301263 |  Stepsize: 1.00000000000 | 
# 42     F(x): -0.04943688965 |  |Df(x)|: 0.00177946492 |  Stepsize: 0.50000000000 | 
# 43     F(x): -0.04944154976 |  |Df(x)|: 0.00076368962 |  Stepsize: 1.00000000000 | 
# 44     F(x): -0.04944409040 |  |Df(x)|: 0.00053109371 |  Stepsize: 1.00000000000 | 
# 45     F(x): -0.04944671909 |  |Df(x)|: 0.00069646132 |  Stepsize: 1.00000000000 | 
# 46     F(x): -0.04944929467 |  |Df(x)|: 0.00118792478 |  Stepsize: 1.00000000000 | 
# 47     F(x): -0.04945260475 |  |Df(x)|: 0.00067221673 |  Stepsize: 1.00000000000 | 
# 48     F(x): -0.04945537007 |  |Df(x)|: 0.00057826063 |  Stepsize: 1.00000000000 | 
# 49     F(x): -0.04945845172 |  |Df(x)|: 0.00087116211 |  Stepsize: 1.00000000000 | 
# 50     F(x): -0.04946008802 |  |Df(x)|: 0.00132791490 |  Stepsize: 1.00000000000 | 
# 51     F(x): -0.04946264720 |  |Df(x)|: 0.00064361562 |  Stepsize: 1.00000000000 | 
# 52     F(x): -0.04946486459 |  |Df(x)|: 0.00059252706 |  Stepsize: 1.00000000000 | 
# 53     F(x): -0.04946652149 |  |Df(x)|: 0.00080906605 |  Stepsize: 1.00000000000 | 
# 54     F(x): -0.04946880840 |  |Df(x)|: 0.00106177934 |  Stepsize: 1.00000000000 | 
# 55     F(x): -0.04947119039 |  |Df(x)|: 0.00065438020 |  Stepsize: 1.00000000000 | 
# 56     F(x): -0.04947348482 |  |Df(x)|: 0.00069456354 |  Stepsize: 1.00000000000 | 
# 57     F(x): -0.04947566922 |  |Df(x)|: 0.00070120831 |  Stepsize: 1.00000000000 | 
# 58     F(x): -0.04947677316 |  |Df(x)|: 0.00204491006 |  Stepsize: 1.00000000000 | 
# 59     F(x): -0.04948081371 |  |Df(x)|: 0.00070426496 |  Stepsize: 1.00000000000 | 
# 60     F(x): -0.04948218730 |  |Df(x)|: 0.00049222154 |  Stepsize: 1.00000000000 | 
# 61     F(x): -0.04948383353 |  |Df(x)|: 0.00063237914 |  Stepsize: 1.00000000000 | 
# 62     F(x): -0.04948604955 |  |Df(x)|: 0.00095193430 |  Stepsize: 1.00000000000 | 
# 63     F(x): -0.04948877287 |  |Df(x)|: 0.00075662937 |  Stepsize: 1.00000000000 | 
# 64     F(x): -0.04949081364 |  |Df(x)|: 0.00052887366 |  Stepsize: 1.00000000000 | 
# 65     F(x): -0.04949291491 |  |Df(x)|: 0.00059495152 |  Stepsize: 1.00000000000 | 
# 66     F(x): -0.04949506399 |  |Df(x)|: 0.00108013909 |  Stepsize: 1.00000000000 | 
# 67     F(x): -0.04949748027 |  |Df(x)|: 0.00061608084 |  Stepsize: 1.00000000000 | 
# 68     F(x): -0.04949933090 |  |Df(x)|: 0.00050273185 |  Stepsize: 1.00000000000 | 
# 69     F(x): -0.04950138490 |  |Df(x)|: 0.00067796963 |  Stepsize: 1.00000000000 | 
# 70     F(x): -0.04950329307 |  |Df(x)|: 0.00099644952 |  Stepsize: 1.00000000000 | 
# 71     F(x): -0.04950553555 |  |Df(x)|: 0.00062912050 |  Stepsize: 1.00000000000 | 
# 72     F(x): -0.04950817432 |  |Df(x)|: 0.00058466449 |  Stepsize: 1.00000000000 | 
# 73     F(x): -0.04950966105 |  |Df(x)|: 0.00070679467 |  Stepsize: 1.00000000000 | 
# 74     F(x): -0.04951185535 |  |Df(x)|: 0.00065046435 |  Stepsize: 1.00000000000 | 
# 75     F(x): -0.04951397634 |  |Df(x)|: 0.00060587801 |  Stepsize: 1.00000000000 | 
# 76     F(x): -0.04951584704 |  |Df(x)|: 0.00083759869 |  Stepsize: 1.00000000000 | 
# 77     F(x): -0.04951715399 |  |Df(x)|: 0.00071100951 |  Stepsize: 1.00000000000 | 
# 78     F(x): -0.04951824395 |  |Df(x)|: 0.00055885488 |  Stepsize: 1.00000000000 | 
# 79     F(x): -0.04952044406 |  |Df(x)|: 0.00057075562 |  Stepsize: 1.00000000000 | 
# 80     F(x): -0.04952172411 |  |Df(x)|: 0.00083244045 |  Stepsize: 1.00000000000 | 
# 81     F(x): -0.04952306366 |  |Df(x)|: 0.00052322309 |  Stepsize: 1.00000000000 | 
# 82     F(x): -0.04952496562 |  |Df(x)|: 0.00047822670 |  Stepsize: 1.00000000000 | 
# 83     F(x): -0.04952624224 |  |Df(x)|: 0.00059709822 |  Stepsize: 1.00000000000 | 
# 84     F(x): -0.04952820373 |  |Df(x)|: 0.00073232320 |  Stepsize: 1.00000000000 | 
# 85     F(x): -0.04952976706 |  |Df(x)|: 0.00063342445 |  Stepsize: 1.00000000000 | 
# 86     F(x): -0.04953103723 |  |Df(x)|: 0.00050804103 |  Stepsize: 1.00000000000 | 
# 87     F(x): -0.04953279061 |  |Df(x)|: 0.00057857903 |  Stepsize: 1.00000000000 | 
# 88     F(x): -0.04953381102 |  |Df(x)|: 0.00115514175 |  Stepsize: 1.00000000000 | 
# 89     F(x): -0.04953527623 |  |Df(x)|: 0.00063134307 |  Stepsize: 1.00000000000 | 
# 90     F(x): -0.04953653860 |  |Df(x)|: 0.00046575413 |  Stepsize: 1.00000000000 | 
# 91     F(x): -0.04953748443 |  |Df(x)|: 0.00049847680 |  Stepsize: 1.00000000000 | 
At iteration 91 the algorithm performed a step with an absolute cost change (9.458254147179379e-7) less than 1.0000000000000002e-6.after: rho = 10.0, f = -0.019176819325540734, pen = 0.0007077694943984177, alm = -0.0501094613647918, z = 0.019176819325540734
cur_pen: 0.026603937573194267 < 1.0000000000000002e-6, norm_vgl: 0.019586564361942588<1.0000000000000002e-6
Elapsed time: 8972.523648023605 seconds, Time limit: 10800.0 seconds
Initial  F(x): -0.03241522400 | 
# 1      F(x): -0.03515755731 |  |Df(x)|: 0.03386805442 |  Stepsize: 1.00000000000 | 
# 2      F(x): -0.03663919518 |  |Df(x)|: 0.02572812356 |  Stepsize: 1.00000000000 | 
# 3      F(x): -0.03753411738 |  |Df(x)|: 0.02459937177 |  Stepsize: 1.00000000000 | 
# 4      F(x): -0.03820186895 |  |Df(x)|: 0.02397919806 |  Stepsize: 1.00000000000 | 
# 5      F(x): -0.03853076937 |  |Df(x)|: 0.01379178592 |  Stepsize: 1.00000000000 | 
# 6      F(x): -0.03869725240 |  |Df(x)|: 0.01051613456 |  Stepsize: 1.00000000000 | 
# 7      F(x): -0.03890694570 |  |Df(x)|: 0.00984871861 |  Stepsize: 1.00000000000 | 
# 8      F(x): -0.03897880347 |  |Df(x)|: 0.01537505537 |  Stepsize: 1.00000000000 | 
# 9      F(x): -0.03907364940 |  |Df(x)|: 0.00637997003 |  Stepsize: 1.00000000000 | 
# 10     F(x): -0.03912239320 |  |Df(x)|: 0.00468188478 |  Stepsize: 1.00000000000 | 
# 11     F(x): -0.03916312510 |  |Df(x)|: 0.00527364144 |  Stepsize: 1.00000000000 | 
# 12     F(x): -0.03923884681 |  |Df(x)|: 0.00592809674 |  Stepsize: 1.00000000000 | 
# 13     F(x): -0.03926666728 |  |Df(x)|: 0.01047528210 |  Stepsize: 0.50000000000 | 
# 14     F(x): -0.03932099518 |  |Df(x)|: 0.00409951057 |  Stepsize: 1.00000000000 | 
# 15     F(x): -0.03934756845 |  |Df(x)|: 0.00348862956 |  Stepsize: 1.00000000000 | 
# 16     F(x): -0.03938018942 |  |Df(x)|: 0.00405011652 |  Stepsize: 1.00000000000 | 
# 17     F(x): -0.03940816839 |  |Df(x)|: 0.00809639389 |  Stepsize: 1.00000000000 | 
# 18     F(x): -0.03944222538 |  |Df(x)|: 0.00293392878 |  Stepsize: 1.00000000000 | 
# 19     F(x): -0.03945547053 |  |Df(x)|: 0.00235917111 |  Stepsize: 1.00000000000 | 
# 20     F(x): -0.03947372208 |  |Df(x)|: 0.00261183495 |  Stepsize: 1.00000000000 | 
# 21     F(x): -0.03949453821 |  |Df(x)|: 0.00302771670 |  Stepsize: 1.00000000000 | 
# 22     F(x): -0.03949506042 |  |Df(x)|: 0.00679069930 |  Stepsize: 1.00000000000 | 
At iteration 22 the algorithm performed a step with an absolute cost change (5.222107694810574e-7) less than 1.0000000000000002e-6.after: rho = 25.0, f = -0.031184948137639057, pen = 0.00022860032258441843, alm = -0.042987286888627727, z = 0.031184948137639057
cur_pen: 0.015119534469831353 < 1.0000000000000002e-6, norm_vgl: 0.007601355587195283<1.0000000000000002e-6
Elapsed time: 9020.251494884491 seconds, Time limit: 10800.0 seconds
Initial  F(x): -0.02869976673 | 
# 1      F(x): -0.03245015805 |  |Df(x)|: 0.11545007373 |  Stepsize: 0.72846347372 | 
# 2      F(x): -0.03470981348 |  |Df(x)|: 0.03813437428 |  Stepsize: 1.00000000000 | 
# 3      F(x): -0.03529950419 |  |Df(x)|: 0.02917259962 |  Stepsize: 1.00000000000 | 
# 4      F(x): -0.03607559370 |  |Df(x)|: 0.02689129116 |  Stepsize: 1.00000000000 | 
# 5      F(x): -0.03608783832 |  |Df(x)|: 0.05778199014 |  Stepsize: 1.00000000000 | 
# 6      F(x): -0.03652589923 |  |Df(x)|: 0.01457213272 |  Stepsize: 1.00000000000 | 
# 7      F(x): -0.03659381167 |  |Df(x)|: 0.00969649778 |  Stepsize: 1.00000000000 | 
# 8      F(x): -0.03667674676 |  |Df(x)|: 0.01090915280 |  Stepsize: 1.00000000000 | 
# 9      F(x): -0.03676590950 |  |Df(x)|: 0.01054983993 |  Stepsize: 1.00000000000 | 
# 10     F(x): -0.03680058426 |  |Df(x)|: 0.01683595296 |  Stepsize: 0.50000000000 | 
# 11     F(x): -0.03685609856 |  |Df(x)|: 0.00665937382 |  Stepsize: 1.00000000000 | 
# 12     F(x): -0.03688136548 |  |Df(x)|: 0.00587709598 |  Stepsize: 1.00000000000 | 
# 13     F(x): -0.03692114015 |  |Df(x)|: 0.00819541019 |  Stepsize: 1.00000000000 | 
# 14     F(x): -0.03697219142 |  |Df(x)|: 0.01185859821 |  Stepsize: 1.00000000000 | 
# 15     F(x): -0.03703116889 |  |Df(x)|: 0.00965058369 |  Stepsize: 1.00000000000 | 
# 16     F(x): -0.03708186200 |  |Df(x)|: 0.00677521141 |  Stepsize: 1.00000000000 | 
# 17     F(x): -0.03715123762 |  |Df(x)|: 0.00958498446 |  Stepsize: 1.00000000000 | 
# 18     F(x): -0.03719738198 |  |Df(x)|: 0.01107207151 |  Stepsize: 1.00000000000 | 
# 19     F(x): -0.03725105079 |  |Df(x)|: 0.00789954417 |  Stepsize: 1.00000000000 | 
# 20     F(x): -0.03731893238 |  |Df(x)|: 0.00822015816 |  Stepsize: 1.00000000000 | 
# 21     F(x): -0.03734611382 |  |Df(x)|: 0.01200926390 |  Stepsize: 1.00000000000 | 
# 22     F(x): -0.03737841430 |  |Df(x)|: 0.00657126122 |  Stepsize: 1.00000000000 | 
# 23     F(x): -0.03741104131 |  |Df(x)|: 0.00512783182 |  Stepsize: 1.00000000000 | 
# 24     F(x): -0.03743425295 |  |Df(x)|: 0.00562134266 |  Stepsize: 1.00000000000 | 
# 25     F(x): -0.03747808314 |  |Df(x)|: 0.00548258816 |  Stepsize: 1.00000000000 | 
# 26     F(x): -0.03749169264 |  |Df(x)|: 0.01303696958 |  Stepsize: 0.50000000000 | 
# 27     F(x): -0.03752833306 |  |Df(x)|: 0.00549411659 |  Stepsize: 1.00000000000 | 
# 28     F(x): -0.03754717479 |  |Df(x)|: 0.00371215712 |  Stepsize: 1.00000000000 | 
# 29     F(x): -0.03757044854 |  |Df(x)|: 0.00451299274 |  Stepsize: 1.00000000000 | 
# 30     F(x): -0.03759287516 |  |Df(x)|: 0.00750308182 |  Stepsize: 1.00000000000 | 
# 31     F(x): -0.03761746885 |  |Df(x)|: 0.00502564452 |  Stepsize: 1.00000000000 | 
# 32     F(x): -0.03763283004 |  |Df(x)|: 0.00514820319 |  Stepsize: 1.00000000000 | 
# 33     F(x): -0.03764591929 |  |Df(x)|: 0.00388195485 |  Stepsize: 1.00000000000 | 
# 34     F(x): -0.03765832799 |  |Df(x)|: 0.00343531860 |  Stepsize: 1.00000000000 | 
# 35     F(x): -0.03766851365 |  |Df(x)|: 0.00859104734 |  Stepsize: 1.00000000000 | 
# 36     F(x): -0.03768499207 |  |Df(x)|: 0.00325367507 |  Stepsize: 1.00000000000 | 
# 37     F(x): -0.03769168739 |  |Df(x)|: 0.00290214367 |  Stepsize: 1.00000000000 | 
# 38     F(x): -0.03770144654 |  |Df(x)|: 0.00412299810 |  Stepsize: 1.00000000000 | 
# 39     F(x): -0.03770830328 |  |Df(x)|: 0.00730663228 |  Stepsize: 1.00000000000 | 
# 40     F(x): -0.03771777533 |  |Df(x)|: 0.00333001136 |  Stepsize: 1.00000000000 | 
# 41     F(x): -0.03772560887 |  |Df(x)|: 0.00277398580 |  Stepsize: 1.00000000000 | 
# 42     F(x): -0.03773140906 |  |Df(x)|: 0.00325387294 |  Stepsize: 1.00000000000 | 
# 43     F(x): -0.03774484941 |  |Df(x)|: 0.00426260188 |  Stepsize: 1.00000000000 | 
# 44     F(x): -0.03775086607 |  |Df(x)|: 0.00539852515 |  Stepsize: 0.50000000000 | 
# 45     F(x): -0.03775800826 |  |Df(x)|: 0.00248793054 |  Stepsize: 1.00000000000 | 
# 46     F(x): -0.03776287883 |  |Df(x)|: 0.00257334303 |  Stepsize: 1.00000000000 | 
# 47     F(x): -0.03776875659 |  |Df(x)|: 0.00312771839 |  Stepsize: 1.00000000000 | 
# 48     F(x): -0.03777923434 |  |Df(x)|: 0.00398894626 |  Stepsize: 1.00000000000 | 
# 49     F(x): -0.03778217619 |  |Df(x)|: 0.00701828943 |  Stepsize: 1.00000000000 | 
# 50     F(x): -0.03779190838 |  |Df(x)|: 0.00219836612 |  Stepsize: 1.00000000000 | 
# 51     F(x): -0.03779520283 |  |Df(x)|: 0.00211173923 |  Stepsize: 1.00000000000 | 
# 52     F(x): -0.03780030651 |  |Df(x)|: 0.00280159536 |  Stepsize: 1.00000000000 | 
# 53     F(x): -0.03780614551 |  |Df(x)|: 0.00543240511 |  Stepsize: 1.00000000000 | 
# 54     F(x): -0.03781319188 |  |Df(x)|: 0.00275996339 |  Stepsize: 1.00000000000 | 
# 55     F(x): -0.03781749615 |  |Df(x)|: 0.00208595701 |  Stepsize: 1.00000000000 | 
# 56     F(x): -0.03782159953 |  |Df(x)|: 0.00288333930 |  Stepsize: 1.00000000000 | 
# 57     F(x): -0.03782544828 |  |Df(x)|: 0.00332199530 |  Stepsize: 1.00000000000 | 
# 58     F(x): -0.03783061544 |  |Df(x)|: 0.00264693417 |  Stepsize: 1.00000000000 | 
# 59     F(x): -0.03783710357 |  |Df(x)|: 0.00336165806 |  Stepsize: 1.00000000000 | 
# 60     F(x): -0.03784183658 |  |Df(x)|: 0.00290080046 |  Stepsize: 1.00000000000 | 
# 61     F(x): -0.03784500486 |  |Df(x)|: 0.00225088435 |  Stepsize: 1.00000000000 | 
# 62     F(x): -0.03785000246 |  |Df(x)|: 0.00312416494 |  Stepsize: 1.00000000000 | 
# 63     F(x): -0.03785283100 |  |Df(x)|: 0.00349323077 |  Stepsize: 1.00000000000 | 
# 64     F(x): -0.03785509648 |  |Df(x)|: 0.00217828303 |  Stepsize: 1.00000000000 | 
# 65     F(x): -0.03785890800 |  |Df(x)|: 0.00166106688 |  Stepsize: 1.00000000000 | 
# 66     F(x): -0.03786103751 |  |Df(x)|: 0.00189554558 |  Stepsize: 1.00000000000 | 
# 67     F(x): -0.03786577882 |  |Df(x)|: 0.00384997960 |  Stepsize: 1.00000000000 | 
# 68     F(x): -0.03786950054 |  |Df(x)|: 0.00251951341 |  Stepsize: 1.00000000000 | 
# 69     F(x): -0.03787171461 |  |Df(x)|: 0.00147855521 |  Stepsize: 1.00000000000 | 
# 70     F(x): -0.03787403305 |  |Df(x)|: 0.00155201469 |  Stepsize: 1.00000000000 | 
# 71     F(x): -0.03787623707 |  |Df(x)|: 0.00239952276 |  Stepsize: 1.00000000000 | 
# 72     F(x): -0.03787926032 |  |Df(x)|: 0.00186688431 |  Stepsize: 1.00000000000 | 
# 73     F(x): -0.03788168741 |  |Df(x)|: 0.00275824314 |  Stepsize: 1.00000000000 | 
# 74     F(x): -0.03788400684 |  |Df(x)|: 0.00150616328 |  Stepsize: 1.00000000000 | 
# 75     F(x): -0.03788551829 |  |Df(x)|: 0.00136545346 |  Stepsize: 1.00000000000 | 
# 76     F(x): -0.03788798898 |  |Df(x)|: 0.00169601968 |  Stepsize: 1.00000000000 | 
# 77     F(x): -0.03788857380 |  |Df(x)|: 0.00379445047 |  Stepsize: 1.00000000000 | 
At iteration 77 the algorithm performed a step with an absolute cost change (5.848147211773291e-7) less than 1.0000000000000002e-6.after: rho = 62.5, f = -0.03910792092698952, pen = 3.957990683471983e-5, alm = -0.04168931292400364, z = 0.03910792092698952
cur_pen: 0.006291256379668518 < 1.0000000000000002e-6, norm_vgl: 0.020661033129819657<1.0000000000000002e-6
Elapsed time: 9211.967490911484 seconds, Time limit: 10800.0 seconds
Initial  F(x): -0.04069981525 | 
# 1      F(x): -0.04348852821 |  |Df(x)|: 0.02876587868 |  Stepsize: 1.00000000000 | 
# 2      F(x): -0.04404999091 |  |Df(x)|: 0.01759512665 |  Stepsize: 1.00000000000 | 
# 3      F(x): -0.04449875440 |  |Df(x)|: 0.01272743011 |  Stepsize: 1.00000000000 | 
# 4      F(x): -0.04473094895 |  |Df(x)|: 0.01725241134 |  Stepsize: 1.00000000000 | 
# 5      F(x): -0.04488881565 |  |Df(x)|: 0.00818647682 |  Stepsize: 1.00000000000 | 
# 6      F(x): -0.04495060945 |  |Df(x)|: 0.00617614520 |  Stepsize: 1.00000000000 | 
# 7      F(x): -0.04502903691 |  |Df(x)|: 0.00602265736 |  Stepsize: 1.00000000000 | 
# 8      F(x): -0.04506974975 |  |Df(x)|: 0.01128568942 |  Stepsize: 1.00000000000 | 
# 9      F(x): -0.04512402252 |  |Df(x)|: 0.00540039189 |  Stepsize: 1.00000000000 | 
# 10     F(x): -0.04516596823 |  |Df(x)|: 0.00475421628 |  Stepsize: 1.00000000000 | 
# 11     F(x): -0.04520540589 |  |Df(x)|: 0.00581140355 |  Stepsize: 1.00000000000 | 
# 12     F(x): -0.04527883012 |  |Df(x)|: 0.00747578001 |  Stepsize: 1.00000000000 | 
# 13     F(x): -0.04531338936 |  |Df(x)|: 0.00688077013 |  Stepsize: 0.50000000000 | 
# 14     F(x): -0.04534272538 |  |Df(x)|: 0.00325462186 |  Stepsize: 1.00000000000 | 
# 15     F(x): -0.04536188840 |  |Df(x)|: 0.00321406593 |  Stepsize: 1.00000000000 | 
# 16     F(x): -0.04537978707 |  |Df(x)|: 0.00361812397 |  Stepsize: 1.00000000000 | 
# 17     F(x): -0.04541161052 |  |Df(x)|: 0.00400819937 |  Stepsize: 1.00000000000 | 
# 18     F(x): -0.04542349812 |  |Df(x)|: 0.00413765075 |  Stepsize: 0.50000000000 | 
# 19     F(x): -0.04543537153 |  |Df(x)|: 0.00197883281 |  Stepsize: 1.00000000000 | 
# 20     F(x): -0.04544437588 |  |Df(x)|: 0.00225876561 |  Stepsize: 1.00000000000 | 
# 21     F(x): -0.04545447303 |  |Df(x)|: 0.00287450063 |  Stepsize: 1.00000000000 | 
# 22     F(x): -0.04546937008 |  |Df(x)|: 0.00455619392 |  Stepsize: 1.00000000000 | 
# 23     F(x): -0.04548263243 |  |Df(x)|: 0.00286649813 |  Stepsize: 1.00000000000 | 
# 24     F(x): -0.04549080683 |  |Df(x)|: 0.00171963451 |  Stepsize: 1.00000000000 | 
# 25     F(x): -0.04550077423 |  |Df(x)|: 0.00218916287 |  Stepsize: 1.00000000000 | 
# 26     F(x): -0.04550906376 |  |Df(x)|: 0.00251321818 |  Stepsize: 1.00000000000 | 
# 27     F(x): -0.04551581576 |  |Df(x)|: 0.00632678536 |  Stepsize: 1.00000000000 | 
# 28     F(x): -0.04553240743 |  |Df(x)|: 0.00200444715 |  Stepsize: 1.00000000000 | 
# 29     F(x): -0.04553770973 |  |Df(x)|: 0.00142851234 |  Stepsize: 1.00000000000 | 
# 30     F(x): -0.04554435949 |  |Df(x)|: 0.00199623010 |  Stepsize: 1.00000000000 | 
# 31     F(x): -0.04554954140 |  |Df(x)|: 0.00341255648 |  Stepsize: 1.00000000000 | 
# 32     F(x): -0.04555600398 |  |Df(x)|: 0.00179985968 |  Stepsize: 1.00000000000 | 
# 33     F(x): -0.04556124373 |  |Df(x)|: 0.00134938660 |  Stepsize: 1.00000000000 | 
# 34     F(x): -0.04556534199 |  |Df(x)|: 0.00165106801 |  Stepsize: 1.00000000000 | 
# 35     F(x): -0.04557258629 |  |Df(x)|: 0.00207413252 |  Stepsize: 1.00000000000 | 
# 36     F(x): -0.04557335472 |  |Df(x)|: 0.00505568512 |  Stepsize: 1.00000000000 | 
At iteration 36 the algorithm performed a step with an absolute cost change (7.684287506928844e-7) less than 1.0000000000000002e-6.after: rho = 25.0, f = -0.04913504650553725, pen = 9.212367660116943e-6, alm = -0.04800838649336549, z = 0.04913504650553725
cur_pen: 0.003035188241298543 < 1.0000000000000002e-6, norm_vgl: 0.05459735296602889<1.0000000000000002e-6
Elapsed time: 9296.823522806168 seconds, Time limit: 10800.0 seconds
Initial  F(x): -0.04791626282 | 
# 1      F(x): -0.04962720486 |  |Df(x)|: 0.02773920846 |  Stepsize: 1.00000000000 | 
# 2      F(x): -0.05073267078 |  |Df(x)|: 0.01184747253 |  Stepsize: 1.00000000000 | 
# 3      F(x): -0.05091521790 |  |Df(x)|: 0.00739639332 |  Stepsize: 1.00000000000 | 
# 4      F(x): -0.05115300640 |  |Df(x)|: 0.00446313128 |  Stepsize: 1.00000000000 | 
# 5      F(x): -0.05123723268 |  |Df(x)|: 0.00367920611 |  Stepsize: 1.00000000000 | 
# 6      F(x): -0.05125054274 |  |Df(x)|: 0.00560355486 |  Stepsize: 1.00000000000 | 
# 7      F(x): -0.05128287721 |  |Df(x)|: 0.00171462949 |  Stepsize: 1.00000000000 | 
# 8      F(x): -0.05129063591 |  |Df(x)|: 0.00144048566 |  Stepsize: 1.00000000000 | 
# 9      F(x): -0.05130701922 |  |Df(x)|: 0.00170635229 |  Stepsize: 1.00000000000 | 
# 10     F(x): -0.05132314955 |  |Df(x)|: 0.00191162225 |  Stepsize: 1.00000000000 | 
# 11     F(x): -0.05133005611 |  |Df(x)|: 0.00329413173 |  Stepsize: 1.00000000000 | 
# 12     F(x): -0.05134449492 |  |Df(x)|: 0.00117482947 |  Stepsize: 1.00000000000 | 
# 13     F(x): -0.05135066694 |  |Df(x)|: 0.00121694402 |  Stepsize: 1.00000000000 | 
# 14     F(x): -0.05136047948 |  |Df(x)|: 0.00152454567 |  Stepsize: 1.00000000000 | 
# 15     F(x): -0.05137242567 |  |Df(x)|: 0.00254020663 |  Stepsize: 1.00000000000 | 
# 16     F(x): -0.05138436194 |  |Df(x)|: 0.00135445756 |  Stepsize: 1.00000000000 | 
# 17     F(x): -0.05139095687 |  |Df(x)|: 0.00097329121 |  Stepsize: 1.00000000000 | 
# 18     F(x): -0.05140007613 |  |Df(x)|: 0.00138149922 |  Stepsize: 1.00000000000 | 
# 19     F(x): -0.05140713097 |  |Df(x)|: 0.00208260617 |  Stepsize: 1.00000000000 | 
# 20     F(x): -0.05141688351 |  |Df(x)|: 0.00156650557 |  Stepsize: 1.00000000000 | 
# 21     F(x): -0.05143512148 |  |Df(x)|: 0.00151788330 |  Stepsize: 1.00000000000 | 
# 22     F(x): -0.05144467512 |  |Df(x)|: 0.00240348945 |  Stepsize: 1.00000000000 | 
# 23     F(x): -0.05145539915 |  |Df(x)|: 0.00170380287 |  Stepsize: 1.00000000000 | 
# 24     F(x): -0.05147398531 |  |Df(x)|: 0.00144436298 |  Stepsize: 1.00000000000 | 
# 25     F(x): -0.05148582505 |  |Df(x)|: 0.00176890132 |  Stepsize: 1.00000000000 | 
# 26     F(x): -0.05150241032 |  |Df(x)|: 0.00216911503 |  Stepsize: 0.73564782326 | 
# 27     F(x): -0.05151947551 |  |Df(x)|: 0.00194602799 |  Stepsize: 1.00000000000 | 
# 28     F(x): -0.05153383207 |  |Df(x)|: 0.00163525620 |  Stepsize: 1.00000000000 | 
# 29     F(x): -0.05154866761 |  |Df(x)|: 0.00186481776 |  Stepsize: 1.00000000000 | 
# 30     F(x): -0.05156113305 |  |Df(x)|: 0.00199192517 |  Stepsize: 1.00000000000 | 
# 31     F(x): -0.05157389769 |  |Df(x)|: 0.00148908076 |  Stepsize: 1.00000000000 | 
# 32     F(x): -0.05158933920 |  |Df(x)|: 0.00156174623 |  Stepsize: 1.00000000000 | 
# 33     F(x): -0.05159957809 |  |Df(x)|: 0.00268610142 |  Stepsize: 1.00000000000 | 
# 34     F(x): -0.05161222125 |  |Df(x)|: 0.00163996643 |  Stepsize: 1.00000000000 | 
# 35     F(x): -0.05162643406 |  |Df(x)|: 0.00127379267 |  Stepsize: 1.00000000000 | 
# 36     F(x): -0.05163525766 |  |Df(x)|: 0.00154198406 |  Stepsize: 1.00000000000 | 
# 37     F(x): -0.05164784746 |  |Df(x)|: 0.00194773627 |  Stepsize: 0.87013041780 | 
# 38     F(x): -0.05165881007 |  |Df(x)|: 0.00187548035 |  Stepsize: 1.00000000000 | 
# 39     F(x): -0.05166797736 |  |Df(x)|: 0.00121809671 |  Stepsize: 1.00000000000 | 
# 40     F(x): -0.05167791711 |  |Df(x)|: 0.00117197140 |  Stepsize: 1.00000000000 | 
# 41     F(x): -0.05168544211 |  |Df(x)|: 0.00242335029 |  Stepsize: 1.00000000000 | 
# 42     F(x): -0.05169459798 |  |Df(x)|: 0.00126141988 |  Stepsize: 1.00000000000 | 
# 43     F(x): -0.05170087408 |  |Df(x)|: 0.00104325429 |  Stepsize: 1.00000000000 | 
# 44     F(x): -0.05170709900 |  |Df(x)|: 0.00116184520 |  Stepsize: 1.00000000000 | 
# 45     F(x): -0.05171348328 |  |Df(x)|: 0.00213806596 |  Stepsize: 1.00000000000 | 
# 46     F(x): -0.05172173692 |  |Df(x)|: 0.00112908756 |  Stepsize: 1.00000000000 | 
# 47     F(x): -0.05172690267 |  |Df(x)|: 0.00091906588 |  Stepsize: 1.00000000000 | 
# 48     F(x): -0.05173172113 |  |Df(x)|: 0.00112738334 |  Stepsize: 1.00000000000 | 
# 49     F(x): -0.05173746165 |  |Df(x)|: 0.00163621977 |  Stepsize: 1.00000000000 | 
# 50     F(x): -0.05174353764 |  |Df(x)|: 0.00104381017 |  Stepsize: 1.00000000000 | 
# 51     F(x): -0.05174887559 |  |Df(x)|: 0.00094742898 |  Stepsize: 1.00000000000 | 
# 52     F(x): -0.05175316251 |  |Df(x)|: 0.00105650708 |  Stepsize: 1.00000000000 | 
# 53     F(x): -0.05175825218 |  |Df(x)|: 0.00155620173 |  Stepsize: 1.00000000000 | 
# 54     F(x): -0.05176329942 |  |Df(x)|: 0.00089860848 |  Stepsize: 1.00000000000 | 
# 55     F(x): -0.05176736128 |  |Df(x)|: 0.00091543419 |  Stepsize: 1.00000000000 | 
# 56     F(x): -0.05177212130 |  |Df(x)|: 0.00111553258 |  Stepsize: 1.00000000000 | 
# 57     F(x): -0.05177519433 |  |Df(x)|: 0.00185162376 |  Stepsize: 1.00000000000 | 
# 58     F(x): -0.05178025637 |  |Df(x)|: 0.00072101941 |  Stepsize: 1.00000000000 | 
# 59     F(x): -0.05178267384 |  |Df(x)|: 0.00072257145 |  Stepsize: 1.00000000000 | 
# 60     F(x): -0.05178642752 |  |Df(x)|: 0.00089823833 |  Stepsize: 1.00000000000 | 
# 61     F(x): -0.05179084442 |  |Df(x)|: 0.00156723243 |  Stepsize: 1.00000000000 | 
# 62     F(x): -0.05179587450 |  |Df(x)|: 0.00090249978 |  Stepsize: 1.00000000000 | 
# 63     F(x): -0.05179904256 |  |Df(x)|: 0.00068328067 |  Stepsize: 1.00000000000 | 
# 64     F(x): -0.05180336138 |  |Df(x)|: 0.00098763263 |  Stepsize: 1.00000000000 | 
# 65     F(x): -0.05180663023 |  |Df(x)|: 0.00142029340 |  Stepsize: 1.00000000000 | 
# 66     F(x): -0.05181054338 |  |Df(x)|: 0.00102329047 |  Stepsize: 1.00000000000 | 
# 67     F(x): -0.05181578155 |  |Df(x)|: 0.00107671977 |  Stepsize: 1.00000000000 | 
# 68     F(x): -0.05181883542 |  |Df(x)|: 0.00106344287 |  Stepsize: 1.00000000000 | 
# 69     F(x): -0.05182209414 |  |Df(x)|: 0.00098632901 |  Stepsize: 1.00000000000 | 
# 70     F(x): -0.05182984672 |  |Df(x)|: 0.00108217694 |  Stepsize: 1.00000000000 | 
# 71     F(x): -0.05183253193 |  |Df(x)|: 0.00111362193 |  Stepsize: 0.50000000000 | 
# 72     F(x): -0.05183532067 |  |Df(x)|: 0.00080003737 |  Stepsize: 1.00000000000 | 
# 73     F(x): -0.05183970202 |  |Df(x)|: 0.00079590396 |  Stepsize: 1.00000000000 | 
# 74     F(x): -0.05184247774 |  |Df(x)|: 0.00147346653 |  Stepsize: 1.00000000000 | 
# 75     F(x): -0.05184581353 |  |Df(x)|: 0.00080010027 |  Stepsize: 1.00000000000 | 
# 76     F(x): -0.05184880860 |  |Df(x)|: 0.00067703024 |  Stepsize: 1.00000000000 | 
# 77     F(x): -0.05185140619 |  |Df(x)|: 0.00082162109 |  Stepsize: 1.00000000000 | 
# 78     F(x): -0.05185469134 |  |Df(x)|: 0.00149596397 |  Stepsize: 1.00000000000 | 
# 79     F(x): -0.05185828827 |  |Df(x)|: 0.00088475116 |  Stepsize: 1.00000000000 | 
# 80     F(x): -0.05186057268 |  |Df(x)|: 0.00067469022 |  Stepsize: 1.00000000000 | 
# 81     F(x): -0.05186373622 |  |Df(x)|: 0.00087118290 |  Stepsize: 1.00000000000 | 
# 82     F(x): -0.05186660502 |  |Df(x)|: 0.00105371380 |  Stepsize: 1.00000000000 | 
# 83     F(x): -0.05187027170 |  |Df(x)|: 0.00077158636 |  Stepsize: 1.00000000000 | 
# 84     F(x): -0.05187432798 |  |Df(x)|: 0.00094321148 |  Stepsize: 1.00000000000 | 
# 85     F(x): -0.05187689999 |  |Df(x)|: 0.00092035087 |  Stepsize: 1.00000000000 | 
# 86     F(x): -0.05187950625 |  |Df(x)|: 0.00079275544 |  Stepsize: 1.00000000000 | 
# 87     F(x): -0.05188432714 |  |Df(x)|: 0.00129927900 |  Stepsize: 1.00000000000 | 
# 88     F(x): -0.05188760496 |  |Df(x)|: 0.00114528791 |  Stepsize: 1.00000000000 | 
# 89     F(x): -0.05189001695 |  |Df(x)|: 0.00080689263 |  Stepsize: 1.00000000000 | 
# 90     F(x): -0.05189480651 |  |Df(x)|: 0.00066195782 |  Stepsize: 1.00000000000 | 
# 91     F(x): -0.05189783925 |  |Df(x)|: 0.00100285540 |  Stepsize: 1.00000000000 | 
# 92     F(x): -0.05190206892 |  |Df(x)|: 0.00083010177 |  Stepsize: 1.00000000000 | 
# 93     F(x): -0.05190523946 |  |Df(x)|: 0.00154875602 |  Stepsize: 1.00000000000 | 
# 94     F(x): -0.05190947225 |  |Df(x)|: 0.00068151228 |  Stepsize: 1.00000000000 | 
# 95     F(x): -0.05191225498 |  |Df(x)|: 0.00071927440 |  Stepsize: 1.00000000000 | 
# 96     F(x): -0.05191648500 |  |Df(x)|: 0.00092075507 |  Stepsize: 1.00000000000 | 
# 97     F(x): -0.05191754518 |  |Df(x)|: 0.00247255262 |  Stepsize: 1.00000000000 | 
# 98     F(x): -0.05192385556 |  |Df(x)|: 0.00097698934 |  Stepsize: 1.00000000000 | 
# 99     F(x): -0.05192675569 |  |Df(x)|: 0.00068868151 |  Stepsize: 1.00000000000 | 
# 100    F(x): -0.05192956936 |  |Df(x)|: 0.00075989097 |  Stepsize: 1.00000000000 | 
# 101    F(x): -0.05193281425 |  |Df(x)|: 0.00165828393 |  Stepsize: 1.00000000000 | 
# 102    F(x): -0.05193693124 |  |Df(x)|: 0.00080441500 |  Stepsize: 1.00000000000 | 
# 103    F(x): -0.05193936097 |  |Df(x)|: 0.00068048824 |  Stepsize: 1.00000000000 | 
# 104    F(x): -0.05194156174 |  |Df(x)|: 0.00071832514 |  Stepsize: 1.00000000000 | 
# 105    F(x): -0.05194381456 |  |Df(x)|: 0.00140011972 |  Stepsize: 1.00000000000 | 
# 106    F(x): -0.05194681416 |  |Df(x)|: 0.00068817137 |  Stepsize: 1.00000000000 | 
# 107    F(x): -0.05194902016 |  |Df(x)|: 0.00059580716 |  Stepsize: 1.00000000000 | 
# 108    F(x): -0.05195129672 |  |Df(x)|: 0.00065345304 |  Stepsize: 1.00000000000 | 
# 109    F(x): -0.05195357012 |  |Df(x)|: 0.00157806960 |  Stepsize: 1.00000000000 | 
# 110    F(x): -0.05195691317 |  |Df(x)|: 0.00064900216 |  Stepsize: 1.00000000000 | 
# 111    F(x): -0.05195888515 |  |Df(x)|: 0.00059489437 |  Stepsize: 1.00000000000 | 
# 112    F(x): -0.05196109302 |  |Df(x)|: 0.00072872281 |  Stepsize: 1.00000000000 | 
# 113    F(x): -0.05196391621 |  |Df(x)|: 0.00119052618 |  Stepsize: 1.00000000000 | 
# 114    F(x): -0.05196736523 |  |Df(x)|: 0.00069999611 |  Stepsize: 1.00000000000 | 
# 115    F(x): -0.05196982272 |  |Df(x)|: 0.00063063654 |  Stepsize: 1.00000000000 | 
# 116    F(x): -0.05197265950 |  |Df(x)|: 0.00086860187 |  Stepsize: 1.00000000000 | 
# 117    F(x): -0.05197575964 |  |Df(x)|: 0.00089799783 |  Stepsize: 1.00000000000 | 
# 118    F(x): -0.05197858720 |  |Df(x)|: 0.00062868951 |  Stepsize: 1.00000000000 | 
# 119    F(x): -0.05198200470 |  |Df(x)|: 0.00070788396 |  Stepsize: 1.00000000000 | 
# 120    F(x): -0.05198406305 |  |Df(x)|: 0.00116418382 |  Stepsize: 1.00000000000 | 
# 121    F(x): -0.05198675255 |  |Df(x)|: 0.00072422529 |  Stepsize: 1.00000000000 | 
# 122    F(x): -0.05199003906 |  |Df(x)|: 0.00059869219 |  Stepsize: 1.00000000000 | 
# 123    F(x): -0.05199210449 |  |Df(x)|: 0.00070343793 |  Stepsize: 1.00000000000 | 
# 124    F(x): -0.05199471459 |  |Df(x)|: 0.00112832746 |  Stepsize: 1.00000000000 | 
# 125    F(x): -0.05199765901 |  |Df(x)|: 0.00074296188 |  Stepsize: 1.00000000000 | 
# 126    F(x): -0.05199993323 |  |Df(x)|: 0.00076514949 |  Stepsize: 1.00000000000 | 
# 127    F(x): -0.05200252248 |  |Df(x)|: 0.00090042644 |  Stepsize: 1.00000000000 | 
# 128    F(x): -0.05200479878 |  |Df(x)|: 0.00103513291 |  Stepsize: 1.00000000000 | 
# 129    F(x): -0.05200711277 |  |Df(x)|: 0.00061927288 |  Stepsize: 1.00000000000 | 
# 130    F(x): -0.05200961064 |  |Df(x)|: 0.00063134015 |  Stepsize: 1.00000000000 | 
# 131    F(x): -0.05201171842 |  |Df(x)|: 0.00088125553 |  Stepsize: 1.00000000000 | 
# 132    F(x): -0.05201526963 |  |Df(x)|: 0.00076588603 |  Stepsize: 1.00000000000 | 
# 133    F(x): -0.05201768054 |  |Df(x)|: 0.00107697103 |  Stepsize: 1.00000000000 | 
# 134    F(x): -0.05202020997 |  |Df(x)|: 0.00064346117 |  Stepsize: 1.00000000000 | 
# 135    F(x): -0.05202262558 |  |Df(x)|: 0.00068304401 |  Stepsize: 1.00000000000 | 
# 136    F(x): -0.05202475908 |  |Df(x)|: 0.00084269382 |  Stepsize: 1.00000000000 | 
# 137    F(x): -0.05202761679 |  |Df(x)|: 0.00066035830 |  Stepsize: 1.00000000000 | 
# 138    F(x): -0.05203059759 |  |Df(x)|: 0.00062235590 |  Stepsize: 1.00000000000 | 
# 139    F(x): -0.05203274066 |  |Df(x)|: 0.00121142457 |  Stepsize: 1.00000000000 | 
# 140    F(x): -0.05203514207 |  |Df(x)|: 0.00072245406 |  Stepsize: 1.00000000000 | 
# 141    F(x): -0.05203772336 |  |Df(x)|: 0.00061517647 |  Stepsize: 1.00000000000 | 
# 142    F(x): -0.05203953728 |  |Df(x)|: 0.00070281750 |  Stepsize: 1.00000000000 | 
# 143    F(x): -0.05204211976 |  |Df(x)|: 0.00122827631 |  Stepsize: 1.00000000000 | 
# 144    F(x): -0.05204509523 |  |Df(x)|: 0.00061517540 |  Stepsize: 1.00000000000 | 
# 145    F(x): -0.05204689869 |  |Df(x)|: 0.00053662430 |  Stepsize: 1.00000000000 | 
# 146    F(x): -0.05204889826 |  |Df(x)|: 0.00068147651 |  Stepsize: 1.00000000000 | 
# 147    F(x): -0.05205063949 |  |Df(x)|: 0.00113188681 |  Stepsize: 1.00000000000 | 
# 148    F(x): -0.05205281954 |  |Df(x)|: 0.00056452187 |  Stepsize: 1.00000000000 | 
# 149    F(x): -0.05205478030 |  |Df(x)|: 0.00055275300 |  Stepsize: 1.00000000000 | 
# 150    F(x): -0.05205636020 |  |Df(x)|: 0.00062584168 |  Stepsize: 1.00000000000 | 
# 151    F(x): -0.05205797403 |  |Df(x)|: 0.00163277183 |  Stepsize: 1.00000000000 | 
# 152    F(x): -0.05206132249 |  |Df(x)|: 0.00065128082 |  Stepsize: 1.00000000000 | 
# 153    F(x): -0.05206283387 |  |Df(x)|: 0.00061604596 |  Stepsize: 1.00000000000 | 
# 154    F(x): -0.05206466327 |  |Df(x)|: 0.00053570048 |  Stepsize: 1.00000000000 | 
# 155    F(x): -0.05206621585 |  |Df(x)|: 0.00058624314 |  Stepsize: 1.00000000000 | 
# 156    F(x): -0.05206860482 |  |Df(x)|: 0.00060348899 |  Stepsize: 1.00000000000 | 
# 157    F(x): -0.05207031474 |  |Df(x)|: 0.00065135207 |  Stepsize: 1.00000000000 | 
# 158    F(x): -0.05207187672 |  |Df(x)|: 0.00057246520 |  Stepsize: 1.00000000000 | 
# 159    F(x): -0.05207324018 |  |Df(x)|: 0.00050857654 |  Stepsize: 1.00000000000 | 
# 160    F(x): -0.05207472371 |  |Df(x)|: 0.00066596209 |  Stepsize: 1.00000000000 | 
# 161    F(x): -0.05207600871 |  |Df(x)|: 0.00052979235 |  Stepsize: 1.00000000000 | 
# 162    F(x): -0.05207698279 |  |Df(x)|: 0.00044996237 |  Stepsize: 1.00000000000 | 
At iteration 162 the algorithm performed a step with an absolute cost change (9.740779836134306e-7) less than 1.0000000000000002e-6.after: rho = 10.0, f = -0.06253680597312475, pen = 0.0002725445016091239, alm = -0.053816927118211066, z = 0.06253680597312475
cur_pen: 0.0165089218790666 < 1.0000000000000002e-6, norm_vgl: 0.05530266521645124<1.0000000000000002e-6
Elapsed time: 9712.883646011353 seconds, Time limit: 10800.0 seconds
Initial  F(x): -0.05272674911 | 
# 1      F(x): -0.05349669107 |  |Df(x)|: 0.02382085420 |  Stepsize: 1.00000000000 | 
# 2      F(x): -0.05500507638 |  |Df(x)|: 0.00711707904 |  Stepsize: 0.64472600959 | 
# 3      F(x): -0.05522247382 |  |Df(x)|: 0.00468361964 |  Stepsize: 1.00000000000 | 
# 4      F(x): -0.05531084511 |  |Df(x)|: 0.00360867702 |  Stepsize: 1.00000000000 | 
# 5      F(x): -0.05541071706 |  |Df(x)|: 0.00295063472 |  Stepsize: 1.00000000000 | 
# 6      F(x): -0.05541861371 |  |Df(x)|: 0.00340414979 |  Stepsize: 1.00000000000 | 
# 7      F(x): -0.05543994028 |  |Df(x)|: 0.00101265769 |  Stepsize: 1.00000000000 | 
# 8      F(x): -0.05544471884 |  |Df(x)|: 0.00074668859 |  Stepsize: 1.00000000000 | 
# 9      F(x): -0.05545632680 |  |Df(x)|: 0.00093131638 |  Stepsize: 1.00000000000 | 
# 10     F(x): -0.05546460414 |  |Df(x)|: 0.00088897871 |  Stepsize: 1.00000000000 | 
# 11     F(x): -0.05546699431 |  |Df(x)|: 0.00218366828 |  Stepsize: 1.00000000000 | 
# 12     F(x): -0.05547860830 |  |Df(x)|: 0.00071246590 |  Stepsize: 1.00000000000 | 
# 13     F(x): -0.05548090058 |  |Df(x)|: 0.00041402249 |  Stepsize: 1.00000000000 | 
# 14     F(x): -0.05548367717 |  |Df(x)|: 0.00039666673 |  Stepsize: 1.00000000000 | 
# 15     F(x): -0.05548791024 |  |Df(x)|: 0.00057286107 |  Stepsize: 1.00000000000 | 
# 16     F(x): -0.05549083807 |  |Df(x)|: 0.00089943531 |  Stepsize: 1.00000000000 | 
# 17     F(x): -0.05549449055 |  |Df(x)|: 0.00043625803 |  Stepsize: 1.00000000000 | 
# 18     F(x): -0.05549699296 |  |Df(x)|: 0.00039237620 |  Stepsize: 1.00000000000 | 
# 19     F(x): -0.05549981536 |  |Df(x)|: 0.00051999484 |  Stepsize: 1.00000000000 | 
# 20     F(x): -0.05550260186 |  |Df(x)|: 0.00086337774 |  Stepsize: 1.00000000000 | 
# 21     F(x): -0.05550575848 |  |Df(x)|: 0.00041297144 |  Stepsize: 1.00000000000 | 
# 22     F(x): -0.05550826335 |  |Df(x)|: 0.00040001164 |  Stepsize: 1.00000000000 | 
# 23     F(x): -0.05551074160 |  |Df(x)|: 0.00048267111 |  Stepsize: 1.00000000000 | 
# 24     F(x): -0.05551443108 |  |Df(x)|: 0.00086988668 |  Stepsize: 1.00000000000 | 
# 25     F(x): -0.05551826861 |  |Df(x)|: 0.00048546642 |  Stepsize: 1.00000000000 | 
# 26     F(x): -0.05552067746 |  |Df(x)|: 0.00036401952 |  Stepsize: 1.00000000000 | 
# 27     F(x): -0.05552412126 |  |Df(x)|: 0.00058403902 |  Stepsize: 1.00000000000 | 
# 28     F(x): -0.05552575434 |  |Df(x)|: 0.00099739464 |  Stepsize: 1.00000000000 | 
# 29     F(x): -0.05552838902 |  |Df(x)|: 0.00054260714 |  Stepsize: 1.00000000000 | 
# 30     F(x): -0.05553161105 |  |Df(x)|: 0.00042355846 |  Stepsize: 1.00000000000 | 
# 31     F(x): -0.05553355562 |  |Df(x)|: 0.00049790060 |  Stepsize: 1.00000000000 | 
# 32     F(x): -0.05553836696 |  |Df(x)|: 0.00079098633 |  Stepsize: 1.00000000000 | 
# 33     F(x): -0.05554157090 |  |Df(x)|: 0.00104423392 |  Stepsize: 0.87566877942 | 
# 34     F(x): -0.05554617333 |  |Df(x)|: 0.00049296383 |  Stepsize: 1.00000000000 | 
# 35     F(x): -0.05554927107 |  |Df(x)|: 0.00051251084 |  Stepsize: 1.00000000000 | 
# 36     F(x): -0.05555273479 |  |Df(x)|: 0.00070254102 |  Stepsize: 1.00000000000 | 
# 37     F(x): -0.05555735343 |  |Df(x)|: 0.00103949822 |  Stepsize: 1.00000000000 | 
# 38     F(x): -0.05556216316 |  |Df(x)|: 0.00059674457 |  Stepsize: 1.00000000000 | 
# 39     F(x): -0.05556557911 |  |Df(x)|: 0.00058456378 |  Stepsize: 1.00000000000 | 
# 40     F(x): -0.05557058624 |  |Df(x)|: 0.00064338389 |  Stepsize: 1.00000000000 | 
# 41     F(x): -0.05557753403 |  |Df(x)|: 0.00090177399 |  Stepsize: 1.00000000000 | 
# 42     F(x): -0.05558277293 |  |Df(x)|: 0.00077449357 |  Stepsize: 0.61993586679 | 
# 43     F(x): -0.05558841863 |  |Df(x)|: 0.00053092889 |  Stepsize: 1.00000000000 | 
# 44     F(x): -0.05559373775 |  |Df(x)|: 0.00069699695 |  Stepsize: 1.00000000000 | 
# 45     F(x): -0.05559705972 |  |Df(x)|: 0.00072785250 |  Stepsize: 1.00000000000 | 
# 46     F(x): -0.05560161178 |  |Df(x)|: 0.00061868854 |  Stepsize: 1.00000000000 | 
# 47     F(x): -0.05560814500 |  |Df(x)|: 0.00070881199 |  Stepsize: 1.00000000000 | 
# 48     F(x): -0.05561221925 |  |Df(x)|: 0.00065187199 |  Stepsize: 1.00000000000 | 
# 49     F(x): -0.05561722624 |  |Df(x)|: 0.00061533146 |  Stepsize: 1.00000000000 | 
# 50     F(x): -0.05562348912 |  |Df(x)|: 0.00102052711 |  Stepsize: 1.00000000000 | 
# 51     F(x): -0.05562886206 |  |Df(x)|: 0.00090226002 |  Stepsize: 1.00000000000 | 
# 52     F(x): -0.05563318242 |  |Df(x)|: 0.00063271570 |  Stepsize: 1.00000000000 | 
# 53     F(x): -0.05563929306 |  |Df(x)|: 0.00060196234 |  Stepsize: 1.00000000000 | 
# 54     F(x): -0.05564445213 |  |Df(x)|: 0.00064566458 |  Stepsize: 1.00000000000 | 
# 55     F(x): -0.05565069924 |  |Df(x)|: 0.00092617205 |  Stepsize: 1.00000000000 | 
# 56     F(x): -0.05565632127 |  |Df(x)|: 0.00056637611 |  Stepsize: 1.00000000000 | 
# 57     F(x): -0.05566043693 |  |Df(x)|: 0.00059750253 |  Stepsize: 1.00000000000 | 
# 58     F(x): -0.05566540452 |  |Df(x)|: 0.00095531071 |  Stepsize: 1.00000000000 | 
# 59     F(x): -0.05567035881 |  |Df(x)|: 0.00067561417 |  Stepsize: 1.00000000000 | 
# 60     F(x): -0.05567426324 |  |Df(x)|: 0.00058935531 |  Stepsize: 1.00000000000 | 
# 61     F(x): -0.05567988219 |  |Df(x)|: 0.00077671108 |  Stepsize: 1.00000000000 | 
# 62     F(x): -0.05568413556 |  |Df(x)|: 0.00071757327 |  Stepsize: 1.00000000000 | 
# 63     F(x): -0.05568863752 |  |Df(x)|: 0.00058521675 |  Stepsize: 1.00000000000 | 
# 64     F(x): -0.05569345153 |  |Df(x)|: 0.00075218098 |  Stepsize: 1.00000000000 | 
# 65     F(x): -0.05569751291 |  |Df(x)|: 0.00063372965 |  Stepsize: 1.00000000000 | 
# 66     F(x): -0.05570274703 |  |Df(x)|: 0.00062107168 |  Stepsize: 1.00000000000 | 
# 67     F(x): -0.05570839413 |  |Df(x)|: 0.00062513691 |  Stepsize: 1.00000000000 | 
# 68     F(x): -0.05571341198 |  |Df(x)|: 0.00088055364 |  Stepsize: 1.00000000000 | 
# 69     F(x): -0.05571854685 |  |Df(x)|: 0.00056327153 |  Stepsize: 1.00000000000 | 
# 70     F(x): -0.05572317113 |  |Df(x)|: 0.00055257959 |  Stepsize: 1.00000000000 | 
# 71     F(x): -0.05572663975 |  |Df(x)|: 0.00076554146 |  Stepsize: 1.00000000000 | 
# 72     F(x): -0.05573144739 |  |Df(x)|: 0.00060042922 |  Stepsize: 1.00000000000 | 
# 73     F(x): -0.05573640099 |  |Df(x)|: 0.00055196961 |  Stepsize: 1.00000000000 | 
# 74     F(x): -0.05574054072 |  |Df(x)|: 0.00056465778 |  Stepsize: 1.00000000000 | 
# 75     F(x): -0.05574541781 |  |Df(x)|: 0.00077446971 |  Stepsize: 1.00000000000 | 
# 76     F(x): -0.05575057333 |  |Df(x)|: 0.00058579200 |  Stepsize: 1.00000000000 | 
# 77     F(x): -0.05575520688 |  |Df(x)|: 0.00057039265 |  Stepsize: 1.00000000000 | 
# 78     F(x): -0.05575956937 |  |Df(x)|: 0.00076187353 |  Stepsize: 1.00000000000 | 
# 79     F(x): -0.05576421870 |  |Df(x)|: 0.00059975075 |  Stepsize: 1.00000000000 | 
# 80     F(x): -0.05576949235 |  |Df(x)|: 0.00060258845 |  Stepsize: 1.00000000000 | 
# 81     F(x): -0.05577467107 |  |Df(x)|: 0.00102054671 |  Stepsize: 1.00000000000 | 
# 82     F(x): -0.05577933273 |  |Df(x)|: 0.00077005959 |  Stepsize: 1.00000000000 | 
# 83     F(x): -0.05578344773 |  |Df(x)|: 0.00065328251 |  Stepsize: 1.00000000000 | 
# 84     F(x): -0.05578964380 |  |Df(x)|: 0.00077019926 |  Stepsize: 1.00000000000 | 
# 85     F(x): -0.05579566861 |  |Df(x)|: 0.00091355860 |  Stepsize: 1.00000000000 | 
# 86     F(x): -0.05580152435 |  |Df(x)|: 0.00065838212 |  Stepsize: 1.00000000000 | 
# 87     F(x): -0.05580706856 |  |Df(x)|: 0.00061311498 |  Stepsize: 1.00000000000 | 
# 88     F(x): -0.05581153003 |  |Df(x)|: 0.00103470459 |  Stepsize: 1.00000000000 | 
# 89     F(x): -0.05581708876 |  |Df(x)|: 0.00061413890 |  Stepsize: 1.00000000000 | 
# 90     F(x): -0.05582184414 |  |Df(x)|: 0.00056356668 |  Stepsize: 1.00000000000 | 
# 91     F(x): -0.05582785723 |  |Df(x)|: 0.00086596390 |  Stepsize: 1.00000000000 | 
# 92     F(x): -0.05583462702 |  |Df(x)|: 0.00078721872 |  Stepsize: 1.00000000000 | 
# 93     F(x): -0.05584024802 |  |Df(x)|: 0.00057966048 |  Stepsize: 1.00000000000 | 
# 94     F(x): -0.05584552551 |  |Df(x)|: 0.00057641347 |  Stepsize: 1.00000000000 | 
# 95     F(x): -0.05584970023 |  |Df(x)|: 0.00102292584 |  Stepsize: 1.00000000000 | 
# 96     F(x): -0.05585477884 |  |Df(x)|: 0.00051036466 |  Stepsize: 1.00000000000 | 
# 97     F(x): -0.05585875775 |  |Df(x)|: 0.00046360772 |  Stepsize: 1.00000000000 | 
# 98     F(x): -0.05586229839 |  |Df(x)|: 0.00053625095 |  Stepsize: 1.00000000000 | 
# 99     F(x): -0.05586496078 |  |Df(x)|: 0.00116805104 |  Stepsize: 0.94207772029 | 
# 100    F(x): -0.05587028698 |  |Df(x)|: 0.00053002735 |  Stepsize: 1.00000000000 | 
# 101    F(x): -0.05587258976 |  |Df(x)|: 0.00039867839 |  Stepsize: 1.00000000000 | 
# 102    F(x): -0.05587577264 |  |Df(x)|: 0.00047041551 |  Stepsize: 1.00000000000 | 
# 103    F(x): -0.05587883930 |  |Df(x)|: 0.00082373932 |  Stepsize: 1.00000000000 | 
# 104    F(x): -0.05588240753 |  |Df(x)|: 0.00060497267 |  Stepsize: 1.00000000000 | 
# 105    F(x): -0.05588526792 |  |Df(x)|: 0.00049364616 |  Stepsize: 1.00000000000 | 
# 106    F(x): -0.05588715336 |  |Df(x)|: 0.00047168657 |  Stepsize: 1.00000000000 | 
# 107    F(x): -0.05589045195 |  |Df(x)|: 0.00051410960 |  Stepsize: 1.00000000000 | 
# 108    F(x): -0.05589328614 |  |Df(x)|: 0.00087831765 |  Stepsize: 1.00000000000 | 
# 109    F(x): -0.05589630042 |  |Df(x)|: 0.00042294472 |  Stepsize: 1.00000000000 | 
# 110    F(x): -0.05589851048 |  |Df(x)|: 0.00041608683 |  Stepsize: 1.00000000000 | 
# 111    F(x): -0.05590084969 |  |Df(x)|: 0.00051027888 |  Stepsize: 1.00000000000 | 
# 112    F(x): -0.05590339384 |  |Df(x)|: 0.00104568761 |  Stepsize: 1.00000000000 | 
# 113    F(x): -0.05590693735 |  |Df(x)|: 0.00048547681 |  Stepsize: 1.00000000000 | 
# 114    F(x): -0.05590849805 |  |Df(x)|: 0.00032784659 |  Stepsize: 1.00000000000 | 
# 115    F(x): -0.05591051080 |  |Df(x)|: 0.00039240933 |  Stepsize: 1.00000000000 | 
# 116    F(x): -0.05591268301 |  |Df(x)|: 0.00057698381 |  Stepsize: 1.00000000000 | 
# 117    F(x): -0.05591529482 |  |Df(x)|: 0.00046729679 |  Stepsize: 1.00000000000 | 
# 118    F(x): -0.05591762281 |  |Df(x)|: 0.00045562181 |  Stepsize: 1.00000000000 | 
# 119    F(x): -0.05592018341 |  |Df(x)|: 0.00044290993 |  Stepsize: 1.00000000000 | 
# 120    F(x): -0.05592215867 |  |Df(x)|: 0.00037446603 |  Stepsize: 1.00000000000 | 
# 121    F(x): -0.05592473230 |  |Df(x)|: 0.00040698341 |  Stepsize: 1.00000000000 | 
# 122    F(x): -0.05592649262 |  |Df(x)|: 0.00053368807 |  Stepsize: 1.00000000000 | 
# 123    F(x): -0.05592813574 |  |Df(x)|: 0.00037941183 |  Stepsize: 1.00000000000 | 
# 124    F(x): -0.05593031936 |  |Df(x)|: 0.00037102267 |  Stepsize: 1.00000000000 | 
# 125    F(x): -0.05593181831 |  |Df(x)|: 0.00050537507 |  Stepsize: 1.00000000000 | 
# 126    F(x): -0.05593352638 |  |Df(x)|: 0.00036624656 |  Stepsize: 1.00000000000 | 
# 127    F(x): -0.05593571693 |  |Df(x)|: 0.00036694289 |  Stepsize: 1.00000000000 | 
# 128    F(x): -0.05593717130 |  |Df(x)|: 0.00037061658 |  Stepsize: 1.00000000000 | 
# 129    F(x): -0.05593890374 |  |Df(x)|: 0.00033009438 |  Stepsize: 1.00000000000 | 
# 130    F(x): -0.05594073988 |  |Df(x)|: 0.00062648823 |  Stepsize: 1.00000000000 | 
# 131    F(x): -0.05594258002 |  |Df(x)|: 0.00036714169 |  Stepsize: 1.00000000000 | 
# 132    F(x): -0.05594389511 |  |Df(x)|: 0.00032796092 |  Stepsize: 1.00000000000 | 
# 133    F(x): -0.05594570494 |  |Df(x)|: 0.00035214862 |  Stepsize: 1.00000000000 | 
# 134    F(x): -0.05594707755 |  |Df(x)|: 0.00060331520 |  Stepsize: 1.00000000000 | 
# 135    F(x): -0.05594856453 |  |Df(x)|: 0.00034431392 |  Stepsize: 1.00000000000 | 
# 136    F(x): -0.05594998571 |  |Df(x)|: 0.00029249932 |  Stepsize: 1.00000000000 | 
# 137    F(x): -0.05595140715 |  |Df(x)|: 0.00034147709 |  Stepsize: 1.00000000000 | 
# 138    F(x): -0.05595252501 |  |Df(x)|: 0.00075601937 |  Stepsize: 1.00000000000 | 
# 139    F(x): -0.05595465437 |  |Df(x)|: 0.00032123156 |  Stepsize: 1.00000000000 | 
# 140    F(x): -0.05595564607 |  |Df(x)|: 0.00029762980 |  Stepsize: 1.00000000000 | 
At iteration 140 the algorithm performed a step with an absolute cost change (9.917039387810633e-7) less than 1.0000000000000002e-6.after: rho = 4.0, f = -0.0818804013829128, pen = 0.0012690676785297467, alm = -0.05740557296830245, z = 0.0818804013829128
cur_pen: 0.03562397617517936 < 1.0000000000000002e-6, norm_vgl: 0.04739767349824092<1.0000000000000002e-6
Elapsed time: 10070.279489994049 seconds, Time limit: 10800.0 seconds
Initial  F(x): -0.05537506468 | 
# 1      F(x): -0.05579030001 |  |Df(x)|: 0.01901581750 |  Stepsize: 1.00000000000 | 
# 2      F(x): -0.05720913350 |  |Df(x)|: 0.01011354572 |  Stepsize: 0.39548850296 | 
# 3      F(x): -0.05774044480 |  |Df(x)|: 0.00244803817 |  Stepsize: 0.72757913282 | 
# 4      F(x): -0.05779320113 |  |Df(x)|: 0.00179078734 |  Stepsize: 1.00000000000 | 
# 5      F(x): -0.05784141588 |  |Df(x)|: 0.00215829056 |  Stepsize: 1.00000000000 | 
# 6      F(x): -0.05786016809 |  |Df(x)|: 0.00232094202 |  Stepsize: 1.00000000000 | 
# 7      F(x): -0.05787909698 |  |Df(x)|: 0.00104428430 |  Stepsize: 1.00000000000 | 
# 8      F(x): -0.05789038237 |  |Df(x)|: 0.00077857898 |  Stepsize: 1.00000000000 | 
# 9      F(x): -0.05789984052 |  |Df(x)|: 0.00085272308 |  Stepsize: 1.00000000000 | 
# 10     F(x): -0.05791472116 |  |Df(x)|: 0.00074276660 |  Stepsize: 1.00000000000 | 
# 11     F(x): -0.05791663987 |  |Df(x)|: 0.00159158211 |  Stepsize: 1.00000000000 | 
# 12     F(x): -0.05792798479 |  |Df(x)|: 0.00046380168 |  Stepsize: 1.00000000000 | 
# 13     F(x): -0.05793068339 |  |Df(x)|: 0.00035343675 |  Stepsize: 1.00000000000 | 
# 14     F(x): -0.05793534124 |  |Df(x)|: 0.00058110365 |  Stepsize: 1.00000000000 | 
# 15     F(x): -0.05793865876 |  |Df(x)|: 0.00094469169 |  Stepsize: 1.00000000000 | 
# 16     F(x): -0.05794295872 |  |Df(x)|: 0.00052174575 |  Stepsize: 1.00000000000 | 
# 17     F(x): -0.05794861264 |  |Df(x)|: 0.00048252092 |  Stepsize: 1.00000000000 | 
# 18     F(x): -0.05795241370 |  |Df(x)|: 0.00054501249 |  Stepsize: 1.00000000000 | 
# 19     F(x): -0.05796224706 |  |Df(x)|: 0.00064311187 |  Stepsize: 1.00000000000 | 
# 20     F(x): -0.05796289073 |  |Df(x)|: 0.00136209173 |  Stepsize: 0.78431916930 | 
At iteration 20 the algorithm performed a step with an absolute cost change (6.436687310790168e-7) less than 1.0000000000000002e-6.after: rho = 1.6, f = -0.1110898889641071, pen = 0.003922786984096232, alm = -0.05928534168513918, z = 0.1110898889641071
cur_pen: 0.06263215615078434 < 1.0000000000000002e-6, norm_vgl: 0.03701836168350258<1.0000000000000002e-6
Elapsed time: 10113.63149189949 seconds, Time limit: 10800.0 seconds
Initial  F(x): -0.04359419375 | 
# 1      F(x): -0.04473675365 |  |Df(x)|: 0.02549251723 |  Stepsize: 1.00000000000 | 
# 2      F(x): -0.04592567051 |  |Df(x)|: 0.00447662801 |  Stepsize: 1.00000000000 | 
# 3      F(x): -0.04599044824 |  |Df(x)|: 0.00356497959 |  Stepsize: 1.00000000000 | 
# 4      F(x): -0.04611379049 |  |Df(x)|: 0.00350667561 |  Stepsize: 1.00000000000 | 
# 5      F(x): -0.04622211595 |  |Df(x)|: 0.00398934434 |  Stepsize: 1.00000000000 | 
# 6      F(x): -0.04631872517 |  |Df(x)|: 0.00336045989 |  Stepsize: 0.91715161145 | 
# 7      F(x): -0.04637866147 |  |Df(x)|: 0.00216966096 |  Stepsize: 1.00000000000 | 
# 8      F(x): -0.04643265308 |  |Df(x)|: 0.00247933901 |  Stepsize: 1.00000000000 | 
# 9      F(x): -0.04647069239 |  |Df(x)|: 0.00377566272 |  Stepsize: 1.00000000000 | 
# 10     F(x): -0.04651045448 |  |Df(x)|: 0.00182875732 |  Stepsize: 1.00000000000 | 
# 11     F(x): -0.04653845591 |  |Df(x)|: 0.00157154509 |  Stepsize: 1.00000000000 | 
# 12     F(x): -0.04656083604 |  |Df(x)|: 0.00160755896 |  Stepsize: 1.00000000000 | 
# 13     F(x): -0.04660175099 |  |Df(x)|: 0.00165559628 |  Stepsize: 1.00000000000 | 
# 14     F(x): -0.04661636890 |  |Df(x)|: 0.00292672854 |  Stepsize: 0.73184767974 | 
# 15     F(x): -0.04664218133 |  |Df(x)|: 0.00108155651 |  Stepsize: 1.00000000000 | 
# 16     F(x): -0.04665400646 |  |Df(x)|: 0.00095120767 |  Stepsize: 1.00000000000 | 
# 17     F(x): -0.04666864455 |  |Df(x)|: 0.00113341020 |  Stepsize: 1.00000000000 | 
# 18     F(x): -0.04668796656 |  |Df(x)|: 0.00185563654 |  Stepsize: 1.00000000000 | 
# 19     F(x): -0.04670543377 |  |Df(x)|: 0.00110514072 |  Stepsize: 0.97043002958 | 
# 20     F(x): -0.04671644720 |  |Df(x)|: 0.00076453308 |  Stepsize: 1.00000000000 | 
# 21     F(x): -0.04672914713 |  |Df(x)|: 0.00090170230 |  Stepsize: 1.00000000000 | 
# 22     F(x): -0.04673720440 |  |Df(x)|: 0.00137549321 |  Stepsize: 1.00000000000 | 
# 23     F(x): -0.04674557870 |  |Df(x)|: 0.00081073738 |  Stepsize: 1.00000000000 | 
# 24     F(x): -0.04675467170 |  |Df(x)|: 0.00068032105 |  Stepsize: 1.00000000000 | 
# 25     F(x): -0.04675894875 |  |Df(x)|: 0.00096771232 |  Stepsize: 1.00000000000 | 
# 26     F(x): -0.04676554522 |  |Df(x)|: 0.00088768467 |  Stepsize: 1.00000000000 | 
# 27     F(x): -0.04676893225 |  |Df(x)|: 0.00207236914 |  Stepsize: 1.00000000000 | 
# 28     F(x): -0.04678046428 |  |Df(x)|: 0.00066731862 |  Stepsize: 1.00000000000 | 
# 29     F(x): -0.04678425933 |  |Df(x)|: 0.00051917299 |  Stepsize: 1.00000000000 | 
# 30     F(x): -0.04678883947 |  |Df(x)|: 0.00069416896 |  Stepsize: 1.00000000000 | 
# 31     F(x): -0.04679149710 |  |Df(x)|: 0.00162847367 |  Stepsize: 1.00000000000 | 
# 32     F(x): -0.04679744478 |  |Df(x)|: 0.00053968944 |  Stepsize: 1.00000000000 | 
# 33     F(x): -0.04679982589 |  |Df(x)|: 0.00049289386 |  Stepsize: 1.00000000000 | 
# 34     F(x): -0.04680344820 |  |Df(x)|: 0.00060421657 |  Stepsize: 1.00000000000 | 
# 35     F(x): -0.04680946069 |  |Df(x)|: 0.00062319210 |  Stepsize: 1.00000000000 | 
# 36     F(x): -0.04681397294 |  |Df(x)|: 0.00172080441 |  Stepsize: 0.98905273480 | 
# 37     F(x): -0.04682017748 |  |Df(x)|: 0.00067840528 |  Stepsize: 1.00000000000 | 
# 38     F(x): -0.04682287009 |  |Df(x)|: 0.00047329003 |  Stepsize: 1.00000000000 | 
# 39     F(x): -0.04682686827 |  |Df(x)|: 0.00043786653 |  Stepsize: 1.00000000000 | 
# 40     F(x): -0.04683116435 |  |Df(x)|: 0.00061723039 |  Stepsize: 1.00000000000 | 
# 41     F(x): -0.04683533288 |  |Df(x)|: 0.00082109597 |  Stepsize: 1.00000000000 | 
# 42     F(x): -0.04683966194 |  |Df(x)|: 0.00055242272 |  Stepsize: 1.00000000000 | 
# 43     F(x): -0.04684384822 |  |Df(x)|: 0.00052706204 |  Stepsize: 1.00000000000 | 
# 44     F(x): -0.04684715059 |  |Df(x)|: 0.00052818530 |  Stepsize: 1.00000000000 | 
# 45     F(x): -0.04685120886 |  |Df(x)|: 0.00068421389 |  Stepsize: 1.00000000000 | 
# 46     F(x): -0.04685505355 |  |Df(x)|: 0.00048694452 |  Stepsize: 1.00000000000 | 
# 47     F(x): -0.04685744679 |  |Df(x)|: 0.00045755827 |  Stepsize: 1.00000000000 | 
# 48     F(x): -0.04686002098 |  |Df(x)|: 0.00070957926 |  Stepsize: 1.00000000000 | 
# 49     F(x): -0.04686246640 |  |Df(x)|: 0.00046046478 |  Stepsize: 1.00000000000 | 
# 50     F(x): -0.04686490400 |  |Df(x)|: 0.00051779502 |  Stepsize: 1.00000000000 | 
# 51     F(x): -0.04686776630 |  |Df(x)|: 0.00050623713 |  Stepsize: 1.00000000000 | 
# 52     F(x): -0.04686989797 |  |Df(x)|: 0.00085592765 |  Stepsize: 1.00000000000 | 
# 53     F(x): -0.04687304927 |  |Df(x)|: 0.00043517892 |  Stepsize: 1.00000000000 | 
# 54     F(x): -0.04687558714 |  |Df(x)|: 0.00038414090 |  Stepsize: 1.00000000000 | 
# 55     F(x): -0.04687755564 |  |Df(x)|: 0.00067628073 |  Stepsize: 1.00000000000 | 
# 56     F(x): -0.04688018837 |  |Df(x)|: 0.00047352294 |  Stepsize: 1.00000000000 | 
# 57     F(x): -0.04688283254 |  |Df(x)|: 0.00049501265 |  Stepsize: 1.00000000000 | 
# 58     F(x): -0.04688480707 |  |Df(x)|: 0.00080889826 |  Stepsize: 1.00000000000 | 
# 59     F(x): -0.04688723947 |  |Df(x)|: 0.00044756507 |  Stepsize: 1.00000000000 | 
# 60     F(x): -0.04688947288 |  |Df(x)|: 0.00037748672 |  Stepsize: 1.00000000000 | 
# 61     F(x): -0.04689177921 |  |Df(x)|: 0.00056587369 |  Stepsize: 1.00000000000 | 
# 62     F(x): -0.04689369522 |  |Df(x)|: 0.00078910895 |  Stepsize: 1.00000000000 | 
# 63     F(x): -0.04689575498 |  |Df(x)|: 0.00044259689 |  Stepsize: 1.00000000000 | 
# 64     F(x): -0.04689801786 |  |Df(x)|: 0.00048117776 |  Stepsize: 1.00000000000 | 
# 65     F(x): -0.04689986180 |  |Df(x)|: 0.00050782540 |  Stepsize: 1.00000000000 | 
# 66     F(x): -0.04690251794 |  |Df(x)|: 0.00084232395 |  Stepsize: 1.00000000000 | 
# 67     F(x): -0.04690541783 |  |Df(x)|: 0.00060347768 |  Stepsize: 1.00000000000 | 
# 68     F(x): -0.04690733236 |  |Df(x)|: 0.00041104215 |  Stepsize: 1.00000000000 | 
# 69     F(x): -0.04690943649 |  |Df(x)|: 0.00041071024 |  Stepsize: 1.00000000000 | 
# 70     F(x): -0.04691174977 |  |Df(x)|: 0.00045206937 |  Stepsize: 1.00000000000 | 
# 71     F(x): -0.04691328456 |  |Df(x)|: 0.00109859104 |  Stepsize: 1.00000000000 | 
# 72     F(x): -0.04691609814 |  |Df(x)|: 0.00035615604 |  Stepsize: 1.00000000000 | 
# 73     F(x): -0.04691723125 |  |Df(x)|: 0.00036499738 |  Stepsize: 1.00000000000 | 
# 74     F(x): -0.04691888338 |  |Df(x)|: 0.00045953967 |  Stepsize: 1.00000000000 | 
# 75     F(x): -0.04692139184 |  |Df(x)|: 0.00056488306 |  Stepsize: 1.00000000000 | 
# 76     F(x): -0.04692336225 |  |Df(x)|: 0.00063052009 |  Stepsize: 0.50000000000 | 
# 77     F(x): -0.04692554375 |  |Df(x)|: 0.00033485702 |  Stepsize: 1.00000000000 | 
# 78     F(x): -0.04692706100 |  |Df(x)|: 0.00041220258 |  Stepsize: 1.00000000000 | 
# 79     F(x): -0.04692841504 |  |Df(x)|: 0.00049925328 |  Stepsize: 1.00000000000 | 
# 80     F(x): -0.04693008128 |  |Df(x)|: 0.00041106651 |  Stepsize: 1.00000000000 | 
# 81     F(x): -0.04693265000 |  |Df(x)|: 0.00040274843 |  Stepsize: 1.00000000000 | 
# 82     F(x): -0.04693427260 |  |Df(x)|: 0.00049205118 |  Stepsize: 1.00000000000 | 
# 83     F(x): -0.04693578146 |  |Df(x)|: 0.00039412067 |  Stepsize: 1.00000000000 | 
# 84     F(x): -0.04693774561 |  |Df(x)|: 0.00044087840 |  Stepsize: 1.00000000000 | 
# 85     F(x): -0.04693898297 |  |Df(x)|: 0.00054811905 |  Stepsize: 1.00000000000 | 
# 86     F(x): -0.04694023377 |  |Df(x)|: 0.00037055804 |  Stepsize: 1.00000000000 | 
# 87     F(x): -0.04694218336 |  |Df(x)|: 0.00036051178 |  Stepsize: 1.00000000000 | 
# 88     F(x): -0.04694365265 |  |Df(x)|: 0.00039132249 |  Stepsize: 1.00000000000 | 
# 89     F(x): -0.04694568007 |  |Df(x)|: 0.00070609080 |  Stepsize: 1.00000000000 | 
# 90     F(x): -0.04694767782 |  |Df(x)|: 0.00038701077 |  Stepsize: 1.00000000000 | 
# 91     F(x): -0.04694879863 |  |Df(x)|: 0.00034896206 |  Stepsize: 1.00000000000 | 
# 92     F(x): -0.04695074649 |  |Df(x)|: 0.00040946799 |  Stepsize: 1.00000000000 | 
# 93     F(x): -0.04695217356 |  |Df(x)|: 0.00061484161 |  Stepsize: 1.00000000000 | 
# 94     F(x): -0.04695410024 |  |Df(x)|: 0.00040943958 |  Stepsize: 1.00000000000 | 
# 95     F(x): -0.04695589667 |  |Df(x)|: 0.00047476275 |  Stepsize: 1.00000000000 | 
# 96     F(x): -0.04695721166 |  |Df(x)|: 0.00038284004 |  Stepsize: 1.00000000000 | 
# 97     F(x): -0.04695888994 |  |Df(x)|: 0.00036381730 |  Stepsize: 1.00000000000 | 
# 98     F(x): -0.04696110861 |  |Df(x)|: 0.00060537864 |  Stepsize: 1.00000000000 | 
# 99     F(x): -0.04696280671 |  |Df(x)|: 0.00037712696 |  Stepsize: 1.00000000000 | 
# 100    F(x): -0.04696396538 |  |Df(x)|: 0.00030710709 |  Stepsize: 1.00000000000 | 
# 101    F(x): -0.04696582069 |  |Df(x)|: 0.00038194771 |  Stepsize: 1.00000000000 | 
# 102    F(x): -0.04696715361 |  |Df(x)|: 0.00043781576 |  Stepsize: 1.00000000000 | 
# 103    F(x): -0.04696841246 |  |Df(x)|: 0.00035843017 |  Stepsize: 1.00000000000 | 
# 104    F(x): -0.04696985937 |  |Df(x)|: 0.00041300258 |  Stepsize: 1.00000000000 | 
# 105    F(x): -0.04697095527 |  |Df(x)|: 0.00036842274 |  Stepsize: 1.00000000000 | 
# 106    F(x): -0.04697215872 |  |Df(x)|: 0.00032531077 |  Stepsize: 1.00000000000 | 
# 107    F(x): -0.04697385051 |  |Df(x)|: 0.00034117178 |  Stepsize: 1.00000000000 | 
# 108    F(x): -0.04697474580 |  |Df(x)|: 0.00052387320 |  Stepsize: 0.50000000000 | 
At iteration 108 the algorithm performed a step with an absolute cost change (8.952910034790151e-7) less than 1.0000000000000002e-6.after: rho = 4.0, f = -0.09300322896297845, pen = 0.001901919609632666, alm = -0.048242363970347674, z = 0.09300322896297845
cur_pen: 0.04361100330917263 < 1.0000000000000002e-6, norm_vgl: 0.02368183922445269<1.0000000000000002e-6
Elapsed time: 10387.69149684906 seconds, Time limit: 10800.0 seconds
Initial  F(x): -0.02922316787 | 
# 1      F(x): -0.03570806807 |  |Df(x)|: 0.03271933674 |  Stepsize: 0.98185275626 | 
# 2      F(x): -0.03674923571 |  |Df(x)|: 0.01179641979 |  Stepsize: 1.00000000000 | 
# 3      F(x): -0.03701485463 |  |Df(x)|: 0.00842408530 |  Stepsize: 1.00000000000 | 
# 4      F(x): -0.03726407655 |  |Df(x)|: 0.00650306192 |  Stepsize: 1.00000000000 | 
# 5      F(x): -0.03742403471 |  |Df(x)|: 0.00628325579 |  Stepsize: 1.00000000000 | 
# 6      F(x): -0.03745616789 |  |Df(x)|: 0.00726770095 |  Stepsize: 1.00000000000 | 
# 7      F(x): -0.03751266660 |  |Df(x)|: 0.00234883073 |  Stepsize: 1.00000000000 | 
# 8      F(x): -0.03752911597 |  |Df(x)|: 0.00194611636 |  Stepsize: 1.00000000000 | 
# 9      F(x): -0.03755947202 |  |Df(x)|: 0.00229386040 |  Stepsize: 1.00000000000 | 
# 10     F(x): -0.03758588013 |  |Df(x)|: 0.00334512816 |  Stepsize: 1.00000000000 | 
# 11     F(x): -0.03760911906 |  |Df(x)|: 0.00214455840 |  Stepsize: 1.00000000000 | 
# 12     F(x): -0.03762316077 |  |Df(x)|: 0.00151856506 |  Stepsize: 1.00000000000 | 
# 13     F(x): -0.03764358980 |  |Df(x)|: 0.00201983125 |  Stepsize: 1.00000000000 | 
# 14     F(x): -0.03765867011 |  |Df(x)|: 0.00244797468 |  Stepsize: 1.00000000000 | 
# 15     F(x): -0.03767688892 |  |Df(x)|: 0.00170908867 |  Stepsize: 1.00000000000 | 
# 16     F(x): -0.03769535432 |  |Df(x)|: 0.00198753217 |  Stepsize: 1.00000000000 | 
# 17     F(x): -0.03770881635 |  |Df(x)|: 0.00193071702 |  Stepsize: 1.00000000000 | 
# 18     F(x): -0.03771900764 |  |Df(x)|: 0.00145719478 |  Stepsize: 1.00000000000 | 
# 19     F(x): -0.03773350530 |  |Df(x)|: 0.00166725925 |  Stepsize: 1.00000000000 | 
# 20     F(x): -0.03774100970 |  |Df(x)|: 0.00173959151 |  Stepsize: 1.00000000000 | 
# 21     F(x): -0.03774699670 |  |Df(x)|: 0.00127265802 |  Stepsize: 1.00000000000 | 
# 22     F(x): -0.03775811937 |  |Df(x)|: 0.00109339794 |  Stepsize: 1.00000000000 | 
# 23     F(x): -0.03776258089 |  |Df(x)|: 0.00150398753 |  Stepsize: 1.00000000000 | 
# 24     F(x): -0.03776760685 |  |Df(x)|: 0.00114730473 |  Stepsize: 1.00000000000 | 
# 25     F(x): -0.03777720085 |  |Df(x)|: 0.00116138016 |  Stepsize: 1.00000000000 | 
# 26     F(x): -0.03778076177 |  |Df(x)|: 0.00169772888 |  Stepsize: 1.00000000000 | 
# 27     F(x): -0.03778460556 |  |Df(x)|: 0.00106508507 |  Stepsize: 1.00000000000 | 
# 28     F(x): -0.03779142084 |  |Df(x)|: 0.00083968710 |  Stepsize: 1.00000000000 | 
# 29     F(x): -0.03779529254 |  |Df(x)|: 0.00100407895 |  Stepsize: 1.00000000000 | 
# 30     F(x): -0.03779878709 |  |Df(x)|: 0.00230812840 |  Stepsize: 1.00000000000 | 
# 31     F(x): -0.03780532713 |  |Df(x)|: 0.00081088240 |  Stepsize: 1.00000000000 | 
# 32     F(x): -0.03780796265 |  |Df(x)|: 0.00077203705 |  Stepsize: 1.00000000000 | 
# 33     F(x): -0.03781207617 |  |Df(x)|: 0.00090040634 |  Stepsize: 1.00000000000 | 
# 34     F(x): -0.03781518825 |  |Df(x)|: 0.00219095482 |  Stepsize: 1.00000000000 | 
# 35     F(x): -0.03782074234 |  |Df(x)|: 0.00086051389 |  Stepsize: 1.00000000000 | 
# 36     F(x): -0.03782350878 |  |Df(x)|: 0.00065899413 |  Stepsize: 1.00000000000 | 
# 37     F(x): -0.03782660057 |  |Df(x)|: 0.00083156131 |  Stepsize: 1.00000000000 | 
# 38     F(x): -0.03783066186 |  |Df(x)|: 0.00106969803 |  Stepsize: 1.00000000000 | 
# 39     F(x): -0.03783356425 |  |Df(x)|: 0.00129421187 |  Stepsize: 1.00000000000 | 
# 40     F(x): -0.03783649028 |  |Df(x)|: 0.00056461844 |  Stepsize: 1.00000000000 | 
# 41     F(x): -0.03783827208 |  |Df(x)|: 0.00063314271 |  Stepsize: 1.00000000000 | 
# 42     F(x): -0.03784033320 |  |Df(x)|: 0.00072535428 |  Stepsize: 1.00000000000 | 
# 43     F(x): -0.03784364596 |  |Df(x)|: 0.00143682787 |  Stepsize: 1.00000000000 | 
# 44     F(x): -0.03784703368 |  |Df(x)|: 0.00072611102 |  Stepsize: 1.00000000000 | 
# 45     F(x): -0.03784885436 |  |Df(x)|: 0.00051530904 |  Stepsize: 1.00000000000 | 
# 46     F(x): -0.03785139685 |  |Df(x)|: 0.00071718062 |  Stepsize: 1.00000000000 | 
# 47     F(x): -0.03785320214 |  |Df(x)|: 0.00101837368 |  Stepsize: 1.00000000000 | 
# 48     F(x): -0.03785526693 |  |Df(x)|: 0.00070302125 |  Stepsize: 1.00000000000 | 
# 49     F(x): -0.03785771149 |  |Df(x)|: 0.00071264300 |  Stepsize: 1.00000000000 | 
# 50     F(x): -0.03785892005 |  |Df(x)|: 0.00066854613 |  Stepsize: 1.00000000000 | 
# 51     F(x): -0.03786008569 |  |Df(x)|: 0.00059166961 |  Stepsize: 1.00000000000 | 
# 52     F(x): -0.03786237493 |  |Df(x)|: 0.00121618922 |  Stepsize: 1.00000000000 | 
# 53     F(x): -0.03786408971 |  |Df(x)|: 0.00073919242 |  Stepsize: 1.00000000000 | 
# 54     F(x): -0.03786492333 |  |Df(x)|: 0.00047350062 |  Stepsize: 1.00000000000 | 
At iteration 54 the algorithm performed a step with an absolute cost change (8.336259870247997e-7) less than 1.0000000000000002e-6.after: rho = 10.0, f = -0.07166405769460596, pen = 0.0005418221662007272, alm = -0.042276225566952784, z = 0.07166405769460596
cur_pen: 0.023277073832437083 < 1.0000000000000002e-6, norm_vgl: 0.002557033702464037<1.0000000000000002e-6
Elapsed time: 10520.31952381134 seconds, Time limit: 10800.0 seconds
Initial  F(x): -0.02873067141 | 
# 1      F(x): -0.03568865133 |  |Df(x)|: 0.03552597468 |  Stepsize: 0.70442817582 | 
# 2      F(x): -0.03635925980 |  |Df(x)|: 0.02131927860 |  Stepsize: 1.00000000000 | 
# 3      F(x): -0.03696909124 |  |Df(x)|: 0.01282066015 |  Stepsize: 1.00000000000 | 
# 4      F(x): -0.03718821131 |  |Df(x)|: 0.01311367806 |  Stepsize: 1.00000000000 | 
# 5      F(x): -0.03732915461 |  |Df(x)|: 0.00666819606 |  Stepsize: 1.00000000000 | 
# 6      F(x): -0.03737382728 |  |Df(x)|: 0.00460772706 |  Stepsize: 1.00000000000 | 
# 7      F(x): -0.03740642407 |  |Df(x)|: 0.00394155237 |  Stepsize: 1.00000000000 | 
# 8      F(x): -0.03743369676 |  |Df(x)|: 0.00395296060 |  Stepsize: 1.00000000000 | 
# 9      F(x): -0.03745550736 |  |Df(x)|: 0.00397341836 |  Stepsize: 1.00000000000 | 
# 10     F(x): -0.03747089538 |  |Df(x)|: 0.00280900106 |  Stepsize: 1.00000000000 | 
# 11     F(x): -0.03748308009 |  |Df(x)|: 0.00261826523 |  Stepsize: 1.00000000000 | 
# 12     F(x): -0.03749869064 |  |Df(x)|: 0.00400594360 |  Stepsize: 1.00000000000 | 
# 13     F(x): -0.03751101659 |  |Df(x)|: 0.00283977454 |  Stepsize: 1.00000000000 | 
# 14     F(x): -0.03751817635 |  |Df(x)|: 0.00207769458 |  Stepsize: 1.00000000000 | 
# 15     F(x): -0.03753041817 |  |Df(x)|: 0.00235479910 |  Stepsize: 1.00000000000 | 
# 16     F(x): -0.03753800887 |  |Df(x)|: 0.00362372059 |  Stepsize: 1.00000000000 | 
# 17     F(x): -0.03754619803 |  |Df(x)|: 0.00233122652 |  Stepsize: 1.00000000000 | 
# 18     F(x): -0.03755762016 |  |Df(x)|: 0.00179468436 |  Stepsize: 1.00000000000 | 
# 19     F(x): -0.03756395790 |  |Df(x)|: 0.00207961111 |  Stepsize: 1.00000000000 | 
# 20     F(x): -0.03757273165 |  |Df(x)|: 0.00317689181 |  Stepsize: 1.00000000000 | 
# 21     F(x): -0.03758027173 |  |Df(x)|: 0.00185495451 |  Stepsize: 1.00000000000 | 
# 22     F(x): -0.03758426952 |  |Df(x)|: 0.00161934414 |  Stepsize: 1.00000000000 | 
# 23     F(x): -0.03759015678 |  |Df(x)|: 0.00192058351 |  Stepsize: 1.00000000000 | 
# 24     F(x): -0.03759513120 |  |Df(x)|: 0.00272655310 |  Stepsize: 1.00000000000 | 
# 25     F(x): -0.03759976868 |  |Df(x)|: 0.00151735762 |  Stepsize: 1.00000000000 | 
# 26     F(x): -0.03760415452 |  |Df(x)|: 0.00119478512 |  Stepsize: 1.00000000000 | 
# 27     F(x): -0.03760682353 |  |Df(x)|: 0.00136454012 |  Stepsize: 1.00000000000 | 
# 28     F(x): -0.03761007616 |  |Df(x)|: 0.00311011585 |  Stepsize: 1.00000000000 | 
# 29     F(x): -0.03761475555 |  |Df(x)|: 0.00120870409 |  Stepsize: 1.00000000000 | 
# 30     F(x): -0.03761656696 |  |Df(x)|: 0.00110298699 |  Stepsize: 1.00000000000 | 
# 31     F(x): -0.03761985729 |  |Df(x)|: 0.00128343252 |  Stepsize: 1.00000000000 | 
# 32     F(x): -0.03762281924 |  |Df(x)|: 0.00285437591 |  Stepsize: 1.00000000000 | 
# 33     F(x): -0.03762701804 |  |Df(x)|: 0.00142332312 |  Stepsize: 1.00000000000 | 
# 34     F(x): -0.03763013787 |  |Df(x)|: 0.00111410960 |  Stepsize: 1.00000000000 | 
# 35     F(x): -0.03763319370 |  |Df(x)|: 0.00131272101 |  Stepsize: 1.00000000000 | 
# 36     F(x): -0.03763664908 |  |Df(x)|: 0.00244213706 |  Stepsize: 1.00000000000 | 
# 37     F(x): -0.03764083595 |  |Df(x)|: 0.00136863470 |  Stepsize: 1.00000000000 | 
# 38     F(x): -0.03764432588 |  |Df(x)|: 0.00113463857 |  Stepsize: 1.00000000000 | 
# 39     F(x): -0.03764786039 |  |Df(x)|: 0.00169446942 |  Stepsize: 1.00000000000 | 
# 40     F(x): -0.03765098009 |  |Df(x)|: 0.00162989431 |  Stepsize: 1.00000000000 | 
# 41     F(x): -0.03765408408 |  |Df(x)|: 0.00128249139 |  Stepsize: 1.00000000000 | 
# 42     F(x): -0.03765850175 |  |Df(x)|: 0.00174854175 |  Stepsize: 1.00000000000 | 
# 43     F(x): -0.03766176764 |  |Df(x)|: 0.00181815376 |  Stepsize: 1.00000000000 | 
# 44     F(x): -0.03766461547 |  |Df(x)|: 0.00143569061 |  Stepsize: 1.00000000000 | 
# 45     F(x): -0.03766935183 |  |Df(x)|: 0.00210082489 |  Stepsize: 1.00000000000 | 
# 46     F(x): -0.03767238730 |  |Df(x)|: 0.00173461001 |  Stepsize: 1.00000000000 | 
# 47     F(x): -0.03767448331 |  |Df(x)|: 0.00140066203 |  Stepsize: 1.00000000000 | 
# 48     F(x): -0.03768021732 |  |Df(x)|: 0.00132505646 |  Stepsize: 1.00000000000 | 
# 49     F(x): -0.03768153843 |  |Df(x)|: 0.00251937274 |  Stepsize: 1.00000000000 | 
# 50     F(x): -0.03768398927 |  |Df(x)|: 0.00130946393 |  Stepsize: 1.00000000000 | 
# 51     F(x): -0.03768672600 |  |Df(x)|: 0.00096142076 |  Stepsize: 1.00000000000 | 
# 52     F(x): -0.03768886889 |  |Df(x)|: 0.00121408026 |  Stepsize: 1.00000000000 | 
# 53     F(x): -0.03769284944 |  |Df(x)|: 0.00137064263 |  Stepsize: 1.00000000000 | 
# 54     F(x): -0.03769367189 |  |Df(x)|: 0.00307481227 |  Stepsize: 0.50000000000 | 
At iteration 54 the algorithm performed a step with an absolute cost change (8.224427143974089e-7) less than 1.0000000000000002e-6.after: rho = 25.0, f = -0.05783423114228061, pen = 0.00010598606395764293, alm = -0.042325849367022834, z = 0.05783423114228061
cur_pen: 0.010294953324694723 < 1.0000000000000002e-6, norm_vgl: 0.01881516763824878<1.0000000000000002e-6
Elapsed time: 10651.79148888588 seconds, Time limit: 10800.0 seconds
Initial  F(x): -0.04126598873 | 
# 1      F(x): -0.04398083462 |  |Df(x)|: 0.03069425507 |  Stepsize: 1.00000000000 | 
# 2      F(x): -0.04536733840 |  |Df(x)|: 0.01175774886 |  Stepsize: 1.00000000000 | 
# 3      F(x): -0.04575928948 |  |Df(x)|: 0.00833054059 |  Stepsize: 1.00000000000 | 
# 4      F(x): -0.04609438589 |  |Df(x)|: 0.00871430376 |  Stepsize: 1.00000000000 | 
# 5      F(x): -0.04613816749 |  |Df(x)|: 0.01433183946 |  Stepsize: 1.00000000000 | 
# 6      F(x): -0.04630864136 |  |Df(x)|: 0.00371769675 |  Stepsize: 1.00000000000 | 
# 7      F(x): -0.04633489408 |  |Df(x)|: 0.00227056424 |  Stepsize: 1.00000000000 | 
# 8      F(x): -0.04635666744 |  |Df(x)|: 0.00212769437 |  Stepsize: 1.00000000000 | 
# 9      F(x): -0.04636953153 |  |Df(x)|: 0.00396142265 |  Stepsize: 1.00000000000 | 
# 10     F(x): -0.04638456088 |  |Df(x)|: 0.00173884252 |  Stepsize: 1.00000000000 | 
# 11     F(x): -0.04639380385 |  |Df(x)|: 0.00143858293 |  Stepsize: 1.00000000000 | 
# 12     F(x): -0.04640256685 |  |Df(x)|: 0.00164980391 |  Stepsize: 1.00000000000 | 
# 13     F(x): -0.04641628772 |  |Df(x)|: 0.00265128243 |  Stepsize: 1.00000000000 | 
# 14     F(x): -0.04642559242 |  |Df(x)|: 0.00202552112 |  Stepsize: 1.00000000000 | 
# 15     F(x): -0.04643231521 |  |Df(x)|: 0.00108798736 |  Stepsize: 1.00000000000 | 
# 16     F(x): -0.04643884807 |  |Df(x)|: 0.00118547297 |  Stepsize: 1.00000000000 | 
# 17     F(x): -0.04644532598 |  |Df(x)|: 0.00152489204 |  Stepsize: 1.00000000000 | 
# 18     F(x): -0.04645159960 |  |Df(x)|: 0.00253974657 |  Stepsize: 1.00000000000 | 
# 19     F(x): -0.04645938308 |  |Df(x)|: 0.00104138598 |  Stepsize: 1.00000000000 | 
# 20     F(x): -0.04646308478 |  |Df(x)|: 0.00102012947 |  Stepsize: 1.00000000000 | 
# 21     F(x): -0.04646849698 |  |Df(x)|: 0.00125205521 |  Stepsize: 1.00000000000 | 
# 22     F(x): -0.04647480548 |  |Df(x)|: 0.00223267466 |  Stepsize: 1.00000000000 | 
# 23     F(x): -0.04648159663 |  |Df(x)|: 0.00116284640 |  Stepsize: 1.00000000000 | 
# 24     F(x): -0.04648544574 |  |Df(x)|: 0.00084849304 |  Stepsize: 1.00000000000 | 
# 25     F(x): -0.04648997643 |  |Df(x)|: 0.00116822801 |  Stepsize: 1.00000000000 | 
# 26     F(x): -0.04649372606 |  |Df(x)|: 0.00147404332 |  Stepsize: 1.00000000000 | 
# 27     F(x): -0.04649805827 |  |Df(x)|: 0.00108648110 |  Stepsize: 1.00000000000 | 
# 28     F(x): -0.04650276095 |  |Df(x)|: 0.00149485117 |  Stepsize: 1.00000000000 | 
# 29     F(x): -0.04650605787 |  |Df(x)|: 0.00104976428 |  Stepsize: 1.00000000000 | 
# 30     F(x): -0.04650817993 |  |Df(x)|: 0.00093963653 |  Stepsize: 1.00000000000 | 
# 31     F(x): -0.04651668308 |  |Df(x)|: 0.00107711968 |  Stepsize: 1.00000000000 | 
# 32     F(x): -0.04651855221 |  |Df(x)|: 0.00184648281 |  Stepsize: 0.50000000000 | 
# 33     F(x): -0.04652223352 |  |Df(x)|: 0.00097596183 |  Stepsize: 1.00000000000 | 
# 34     F(x): -0.04652617273 |  |Df(x)|: 0.00088804295 |  Stepsize: 1.00000000000 | 
# 35     F(x): -0.04653100195 |  |Df(x)|: 0.00109598810 |  Stepsize: 1.00000000000 | 
# 36     F(x): -0.04653914570 |  |Df(x)|: 0.00125730091 |  Stepsize: 1.00000000000 | 
# 37     F(x): -0.04654286717 |  |Df(x)|: 0.00190373820 |  Stepsize: 0.35014309660 | 
# 38     F(x): -0.04654921198 |  |Df(x)|: 0.00084975945 |  Stepsize: 1.00000000000 | 
# 39     F(x): -0.04655311341 |  |Df(x)|: 0.00086360485 |  Stepsize: 1.00000000000 | 
# 40     F(x): -0.04655730474 |  |Df(x)|: 0.00125188144 |  Stepsize: 1.00000000000 | 
# 41     F(x): -0.04656194170 |  |Df(x)|: 0.00195936549 |  Stepsize: 1.00000000000 | 
# 42     F(x): -0.04656758021 |  |Df(x)|: 0.00108242960 |  Stepsize: 1.00000000000 | 
# 43     F(x): -0.04657281714 |  |Df(x)|: 0.00099053522 |  Stepsize: 1.00000000000 | 
# 44     F(x): -0.04657648762 |  |Df(x)|: 0.00110354489 |  Stepsize: 1.00000000000 | 
# 45     F(x): -0.04658122960 |  |Df(x)|: 0.00170943683 |  Stepsize: 1.00000000000 | 
# 46     F(x): -0.04658577003 |  |Df(x)|: 0.00086577639 |  Stepsize: 1.00000000000 | 
# 47     F(x): -0.04658886441 |  |Df(x)|: 0.00090769164 |  Stepsize: 1.00000000000 | 
# 48     F(x): -0.04659242719 |  |Df(x)|: 0.00110266342 |  Stepsize: 1.00000000000 | 
# 49     F(x): -0.04659453238 |  |Df(x)|: 0.00238530094 |  Stepsize: 1.00000000000 | 
# 50     F(x): -0.04659956744 |  |Df(x)|: 0.00100792370 |  Stepsize: 1.00000000000 | 
# 51     F(x): -0.04660259855 |  |Df(x)|: 0.00079006215 |  Stepsize: 1.00000000000 | 
# 52     F(x): -0.04660540908 |  |Df(x)|: 0.00093955573 |  Stepsize: 1.00000000000 | 
# 53     F(x): -0.04660901128 |  |Df(x)|: 0.00182043913 |  Stepsize: 1.00000000000 | 
# 54     F(x): -0.04661370546 |  |Df(x)|: 0.00097445713 |  Stepsize: 1.00000000000 | 
# 55     F(x): -0.04661628687 |  |Df(x)|: 0.00073313327 |  Stepsize: 1.00000000000 | 
# 56     F(x): -0.04662033245 |  |Df(x)|: 0.00109480252 |  Stepsize: 1.00000000000 | 
# 57     F(x): -0.04662321933 |  |Df(x)|: 0.00141467200 |  Stepsize: 1.00000000000 | 
# 58     F(x): -0.04662697558 |  |Df(x)|: 0.00093806082 |  Stepsize: 1.00000000000 | 
# 59     F(x): -0.04663031599 |  |Df(x)|: 0.00088776605 |  Stepsize: 1.00000000000 | 
# 60     F(x): -0.04663279011 |  |Df(x)|: 0.00104879740 |  Stepsize: 1.00000000000 | 
# 61     F(x): -0.04663518516 |  |Df(x)|: 0.00077554391 |  Stepsize: 1.00000000000 | 
# 62     F(x): -0.04663844842 |  |Df(x)|: 0.00079219447 |  Stepsize: 1.00000000000 | 
# 63     F(x): -0.04664042301 |  |Df(x)|: 0.00092821941 |  Stepsize: 1.00000000000 | 
# 64     F(x): -0.04664257561 |  |Df(x)|: 0.00082718973 |  Stepsize: 1.00000000000 | 
# 65     F(x): -0.04664401946 |  |Df(x)|: 0.00199096669 |  Stepsize: 1.00000000000 | 
# 66     F(x): -0.04664732735 |  |Df(x)|: 0.00063712585 |  Stepsize: 1.00000000000 | 
# 67     F(x): -0.04664829379 |  |Df(x)|: 0.00055742553 |  Stepsize: 1.00000000000 | 
At iteration 67 the algorithm performed a step with an absolute cost change (9.664443691922986e-7) less than 1.0000000000000002e-6.after: rho = 10.0, f = -0.04118219495916934, pen = 3.996003775450888e-5, alm = -0.049334543663609336, z = 0.04118219495916934
cur_pen: 0.0063213952379604366 < 1.0000000000000002e-6, norm_vgl: 0.03469767766074545<1.0000000000000002e-6
Elapsed time: 10817.875494003296 seconds, Time limit: 10800.0 seconds
Time limit exceeded, exiting...
clear non persistent states 32
1139 pure states
LP relaxation created--
Elapsed time: 10822.123656988144 seconds, Time limit: 10800.0 seconds
Elapsed time: 10822.123677968979 seconds, Time limit: 10800.0 seconds false
Time limit is almost reached
solve--
end solve-- RelaxOptimal OPTIMAL
Elapsed time: 10828.024770021439 seconds, Time limit: 10800.0 seconds
increas time limit, Time limit: 10800.0 new time limit: 12448.024787902832 seconds
 weights_sum: 1.0
Terminated at iteration 1 with number of substates: 32, glbub: 0.9999999999861391, glblb: -Inf, approxub: 0.9588178050408307, approxweights: 0.0
Elapsed time: 10828.431634902954 seconds, Time limit: 12448.024787902832 seconds
Loop finished -3
Results saved to /scratch/opt/lxu/legacy-ab/src/../results/state_11.jl_LDR5
Processing complete!
