Starting ExactEntanglement.jl main script...
Loading benchmark data from: state_10.jl
Loaded data:
  T = Float64
  N = 5
  dims = (2, 2, 2, 2, 2)
  ρ size = (32, 32)
Parameters:
  algorithm = IR
  solver = MSK
  time_limit = -1.0
  log_level = 1
  maxrounds = 100
Root relaxation: 1140 vars, 13638 constraints, 64524 nonzeros, 1.3 MiB as CBF (measured in 22.88 s)
Lifting-discretization iteration: 1 / -1
Initial  F(x): 1.91520953296 | 
# 1      F(x): 1.89112339351 |  |Df(x)|: 0.26706031021 |  Stepsize: 0.45590856189 | 
# 2      F(x): 1.86086481930 |  |Df(x)|: 0.34401883208 |  Stepsize: 0.37444725462 | 
# 3      F(x): 1.82083218878 |  |Df(x)|: 0.45958091147 |  Stepsize: 0.29068176114 | 
# 4      F(x): 1.76677563378 |  |Df(x)|: 0.60941639532 |  Stepsize: 0.21758954187 | 
# 5      F(x): 1.69572004869 |  |Df(x)|: 0.76346109473 |  Stepsize: 0.16409141717 | 
# 6      F(x): 1.60881288339 |  |Df(x)|: 0.87557433510 |  Stepsize: 0.13098244382 | 
# 7      F(x): 1.51220284603 |  |Df(x)|: 0.91979660304 |  Stepsize: 0.11421074824 | 
# 8      F(x): 1.41374836358 |  |Df(x)|: 0.90517908098 |  Stepsize: 0.10871968832 | 
# 9      F(x): 1.31622150752 |  |Df(x)|: 0.85228946735 |  Stepsize: 0.01176651206 | 
# 10     F(x): 1.23209179318 |  |Df(x)|: 0.78583097236 |  Stepsize: 0.05571158938 | 
# 11     F(x): 1.16308926746 |  |Df(x)|: 0.72035443871 |  Stepsize: 0.07747151194 | 
# 12     F(x): 1.10659693960 |  |Df(x)|: 0.66078860970 |  Stepsize: 0.08383258602 | 
# 13     F(x): 1.06181170148 |  |Df(x)|: 0.62779954767 |  Stepsize: 0.06953499252 | 
# 14     F(x): 1.01411700670 |  |Df(x)|: 0.56688901236 |  Stepsize: 0.08253282501 | 
# 15     F(x): 0.97488445539 |  |Df(x)|: 0.51468269431 |  Stepsize: 0.09635437225 | 
# 16     F(x): 0.94220419948 |  |Df(x)|: 0.46658891394 |  Stepsize: 0.09630983065 | 
# 17     F(x): 0.91468490459 |  |Df(x)|: 0.42998611733 |  Stepsize: 0.09284415217 | 
# 18     F(x): 0.89114800021 |  |Df(x)|: 0.38008015787 |  Stepsize: 0.09075174921 | 
# 19     F(x): 0.87008929030 |  |Df(x)|: 0.35743610821 |  Stepsize: 0.07961886342 | 
# 20     F(x): 0.85067324600 |  |Df(x)|: 0.31210845816 |  Stepsize: 0.08953335559 | 
# 21     F(x): 0.83322847591 |  |Df(x)|: 0.28618596685 |  Stepsize: 0.09231462974 | 
# 22     F(x): 0.81777019853 |  |Df(x)|: 0.25129071353 |  Stepsize: 0.10535908272 | 
# 23     F(x): 0.80380164629 |  |Df(x)|: 0.22673918413 |  Stepsize: 0.10791451376 | 
# 24     F(x): 0.79163452253 |  |Df(x)|: 0.19686524155 |  Stepsize: 0.11879070117 | 
# 25     F(x): 0.78072211499 |  |Df(x)|: 0.17369030454 |  Stepsize: 0.12113765922 | 
# 26     F(x): 0.77139292991 |  |Df(x)|: 0.14930701849 |  Stepsize: 0.13060768402 | 
# 27     F(x): 0.76317513285 |  |Df(x)|: 0.12658122802 |  Stepsize: 0.12795918496 | 
# 28     F(x): 0.75604287000 |  |Df(x)|: 0.10944204307 |  Stepsize: 0.14212399239 | 
# 29     F(x): 0.75018190791 |  |Df(x)|: 0.08713981848 |  Stepsize: 0.17587827592 | 
# 30     F(x): 0.74505515864 |  |Df(x)|: 0.06973292566 |  Stepsize: 0.19419732910 | 
# 31     F(x): 0.74108483340 |  |Df(x)|: 0.05306584951 |  Stepsize: 0.24562225845 | 
# 32     F(x): 0.73774448267 |  |Df(x)|: 0.03747638806 |  Stepsize: 0.26683634199 | 
# 33     F(x): 0.73525440734 |  |Df(x)|: 0.03827415472 |  Stepsize: 0.32784819969 | 
# 34     F(x): 0.73337528711 |  |Df(x)|: 0.09551868947 |  Stepsize: 0.31503092656 | 
# 35     F(x): 0.73195463553 |  |Df(x)|: 0.03468991429 |  Stepsize: 0.57064002449 | 
# 36     F(x): 0.73097870578 |  |Df(x)|: 0.04382036039 |  Stepsize: 1.00000000000 | 
# 37     F(x): 0.72973418343 |  |Df(x)|: 0.05624825132 |  Stepsize: 0.71507226969 | 
# 38     F(x): 0.72838864559 |  |Df(x)|: 0.07575968769 |  Stepsize: 0.12121459848 | 
# 39     F(x): 0.72769486929 |  |Df(x)|: 0.08514394560 |  Stepsize: 0.01111615668 | 
# 40     F(x): 0.72635246079 |  |Df(x)|: 0.10417538993 |  Stepsize: 0.00070614726 | 
# 41     F(x): 0.72613663940 |  |Df(x)|: 0.10987027672 |  Stepsize: 0.05999497582 | 
# 42     F(x): 0.72593146189 |  |Df(x)|: 0.07972096862 |  Stepsize: 1.00000000000 | 
# 43     F(x): 0.72480877073 |  |Df(x)|: 0.11341885334 |  Stepsize: 1.00000000000 | 
# 44     F(x): 0.72316776420 |  |Df(x)|: 0.22323059122 |  Stepsize: 1.00000000000 | 
# 45     F(x): 0.72072510907 |  |Df(x)|: 0.27453429220 |  Stepsize: 1.00000000000 | 
# 46     F(x): 0.71820929042 |  |Df(x)|: 0.24483559741 |  Stepsize: 0.79870000470 | 
# 47     F(x): 0.71588721363 |  |Df(x)|: 0.05352268362 |  Stepsize: 0.91906831684 | 
# 48     F(x): 0.71521273772 |  |Df(x)|: 0.04924680927 |  Stepsize: 1.00000000000 | 
# 49     F(x): 0.71467343219 |  |Df(x)|: 0.08949634978 |  Stepsize: 1.00000000000 | 
# 50     F(x): 0.71375595294 |  |Df(x)|: 0.13319253821 |  Stepsize: 1.00000000000 | 
# 51     F(x): 0.71189392250 |  |Df(x)|: 0.18375866380 |  Stepsize: 0.62405487218 | 
# 52     F(x): 0.70990756738 |  |Df(x)|: 0.21501994946 |  Stepsize: 0.23403742742 | 
# 53     F(x): 0.70779046072 |  |Df(x)|: 0.23523730092 |  Stepsize: 0.11136660434 | 
# 54     F(x): 0.70556115281 |  |Df(x)|: 0.24836934882 |  Stepsize: 0.07015677421 | 
# 55     F(x): 0.70323735013 |  |Df(x)|: 0.25646778923 |  Stepsize: 0.05343021121 | 
# 56     F(x): 0.70083349223 |  |Df(x)|: 0.26070784396 |  Stepsize: 0.04544593326 | 
# 57     F(x): 0.69836021736 |  |Df(x)|: 0.26167017625 |  Stepsize: 0.04155423438 | 
# 58     F(x): 0.69602077426 |  |Df(x)|: 0.25962558626 |  Stepsize: 0.03674223988 | 
# 59     F(x): 0.69332407318 |  |Df(x)|: 0.25331142918 |  Stepsize: 0.08902246928 | 
# 60     F(x): 0.69064103997 |  |Df(x)|: 0.24473347653 |  Stepsize: 0.05261224590 | 
# 61     F(x): 0.68791099491 |  |Df(x)|: 0.23379213312 |  Stepsize: 0.06568498304 | 
# 62     F(x): 0.68509437996 |  |Df(x)|: 0.21969295502 |  Stepsize: 0.07642597923 | 
# 63     F(x): 0.68226422567 |  |Df(x)|: 0.20644744694 |  Stepsize: 0.05867470116 | 
# 64     F(x): 0.67946635524 |  |Df(x)|: 0.19648047491 |  Stepsize: 0.04738827478 | 
# 65     F(x): 0.67673544565 |  |Df(x)|: 0.18743994860 |  Stepsize: 0.03704305059 | 
# 66     F(x): 0.67402527739 |  |Df(x)|: 0.18420175933 |  Stepsize: 0.04415385937 | 
# 67     F(x): 0.67142084732 |  |Df(x)|: 0.17971584973 |  Stepsize: 0.00064426509 | 
# 68     F(x): 0.66885752030 |  |Df(x)|: 0.09096161357 |  Stepsize: 0.03299718993 | 
# 69     F(x): 0.66641840471 |  |Df(x)|: 0.08535516068 |  Stepsize: 0.03366410733 | 
# 70     F(x): 0.66399078356 |  |Df(x)|: 0.08202386166 |  Stepsize: 0.06950116714 | 
# 71     F(x): 0.66154450449 |  |Df(x)|: 0.07734396758 |  Stepsize: 0.06042479211 | 
# 72     F(x): 0.65914789371 |  |Df(x)|: 0.07449773953 |  Stepsize: 0.04456444290 | 
# 73     F(x): 0.65679277018 |  |Df(x)|: 0.06952271870 |  Stepsize: 0.04407907241 | 
# 74     F(x): 0.65448427902 |  |Df(x)|: 0.06787286473 |  Stepsize: 0.06823008967 | 
# 75     F(x): 0.65204819326 |  |Df(x)|: 0.05256112080 |  Stepsize: 0.03987648574 | 
# 76     F(x): 0.64988124839 |  |Df(x)|: 0.04914259893 |  Stepsize: 0.09196239177 | 
# 77     F(x): 0.64776022886 |  |Df(x)|: 0.04782600419 |  Stepsize: 0.02295296407 | 
# 78     F(x): 0.64556603635 |  |Df(x)|: 0.04627813071 |  Stepsize: 0.06183367163 | 
# 79     F(x): 0.64354472359 |  |Df(x)|: 0.04365033777 |  Stepsize: 0.07745544765 | 
# 80     F(x): 0.64160318277 |  |Df(x)|: 0.04341381433 |  Stepsize: 0.06120869170 | 
# 81     F(x): 0.63965157767 |  |Df(x)|: 0.04039695660 |  Stepsize: 0.03724457074 | 
# 82     F(x): 0.63780661303 |  |Df(x)|: 0.03855247436 |  Stepsize: 0.04521083461 | 
# 83     F(x): 0.63596825642 |  |Df(x)|: 0.03451727014 |  Stepsize: 0.06171601938 | 
# 84     F(x): 0.63421355964 |  |Df(x)|: 0.03235945810 |  Stepsize: 0.02822201301 | 
# 85     F(x): 0.63257041063 |  |Df(x)|: 0.03577961677 |  Stepsize: 0.04632617659 | 
# 86     F(x): 0.63090847263 |  |Df(x)|: 0.03344212667 |  Stepsize: 0.05926098439 | 
# 87     F(x): 0.62924518030 |  |Df(x)|: 0.03130182912 |  Stepsize: 0.06333206807 | 
# 88     F(x): 0.62766673282 |  |Df(x)|: 0.03148471383 |  Stepsize: 0.00106961566 | 
# 89     F(x): 0.62765613265 |  |Df(x)|: 0.06047664456 |  Stepsize: 0.12500000000 | 
# 90     F(x): 0.62760259153 |  |Df(x)|: 0.02640567151 |  Stepsize: 1.00000000000 | 
# 91     F(x): 0.62756185215 |  |Df(x)|: 0.01655666628 |  Stepsize: 1.00000000000 | 
# 92     F(x): 0.62749362745 |  |Df(x)|: 0.02743687442 |  Stepsize: 1.00000000000 | 
# 93     F(x): 0.62742113435 |  |Df(x)|: 0.03175524600 |  Stepsize: 1.00000000000 | 
# 94     F(x): 0.62711180562 |  |Df(x)|: 0.05629800297 |  Stepsize: 1.00000000000 | 
# 95     F(x): 0.62621606819 |  |Df(x)|: 0.09445547970 |  Stepsize: 0.88743393395 | 
# 96     F(x): 0.62531062775 |  |Df(x)|: 0.11607392124 |  Stepsize: 0.38098214409 | 
# 97     F(x): 0.62435778437 |  |Df(x)|: 0.12921515446 |  Stepsize: 0.12821999962 | 
# 98     F(x): 0.62338125261 |  |Df(x)|: 0.13792816053 |  Stepsize: 0.06028088178 | 
# 99     F(x): 0.62239951826 |  |Df(x)|: 0.14382379443 |  Stepsize: 0.03931655229 | 
# 100    F(x): 0.62142397547 |  |Df(x)|: 0.14751160443 |  Stepsize: 0.03509948485 | 
# 101    F(x): 0.62046258933 |  |Df(x)|: 0.14845199676 |  Stepsize: 0.03571092389 | 
# 102    F(x): 0.61953474291 |  |Df(x)|: 0.15540619079 |  Stepsize: 0.02535849056 | 
# 103    F(x): 0.61857943194 |  |Df(x)|: 0.15202159482 |  Stepsize: 0.05777502500 | 
# 104    F(x): 0.61765293740 |  |Df(x)|: 0.15070078528 |  Stepsize: 0.03189047805 | 
# 105    F(x): 0.61675337920 |  |Df(x)|: 0.14645980168 |  Stepsize: 0.04609002675 | 
# 106    F(x): 0.61585326357 |  |Df(x)|: 0.13800537649 |  Stepsize: 0.06914158116 | 
# 107    F(x): 0.61499992562 |  |Df(x)|: 0.13123947532 |  Stepsize: 0.05410153165 | 
# 108    F(x): 0.61416429481 |  |Df(x)|: 0.12315894317 |  Stepsize: 0.08314553665 | 
# 109    F(x): 0.61333111222 |  |Df(x)|: 0.10988707118 |  Stepsize: 0.09324335807 | 
# 110    F(x): 0.61253320373 |  |Df(x)|: 0.09779804782 |  Stepsize: 0.12096229880 | 
# 111    F(x): 0.61174225955 |  |Df(x)|: 0.07808690718 |  Stepsize: 0.15977509373 | 
# 112    F(x): 0.61102397017 |  |Df(x)|: 0.08370315475 |  Stepsize: 0.17732927803 | 
# 113    F(x): 0.61037998217 |  |Df(x)|: 0.04754176825 |  Stepsize: 0.11804381525 | 
# 114    F(x): 0.60977111650 |  |Df(x)|: 0.03145233751 |  Stepsize: 0.38656981551 | 
# 115    F(x): 0.60914159870 |  |Df(x)|: 0.03299197694 |  Stepsize: 0.69691840243 | 
# 116    F(x): 0.60867622857 |  |Df(x)|: 0.03238014788 |  Stepsize: 0.62097755041 | 
# 117    F(x): 0.60811819135 |  |Df(x)|: 0.06074453555 |  Stepsize: 1.00000000000 | 
# 118    F(x): 0.60749359140 |  |Df(x)|: 0.05052501465 |  Stepsize: 0.53306451174 | 
# 119    F(x): 0.60666093387 |  |Df(x)|: 0.03396982290 |  Stepsize: 0.59570981505 | 
# 120    F(x): 0.60597670972 |  |Df(x)|: 0.02182575908 |  Stepsize: 0.51329439749 | 
# 121    F(x): 0.60552876484 |  |Df(x)|: 0.02108743539 |  Stepsize: 0.35335523545 | 
# 122    F(x): 0.60519614082 |  |Df(x)|: 0.02546313234 |  Stepsize: 0.24573678274 | 
# 123    F(x): 0.60488840267 |  |Df(x)|: 0.03078253224 |  Stepsize: 0.23862706799 | 
# 124    F(x): 0.60458619939 |  |Df(x)|: 0.03496950735 |  Stepsize: 0.18199293049 | 
# 125    F(x): 0.60428272069 |  |Df(x)|: 0.03836925412 |  Stepsize: 0.14191349321 | 
# 126    F(x): 0.60396934982 |  |Df(x)|: 0.03987481610 |  Stepsize: 0.14639654951 | 
# 127    F(x): 0.60361551557 |  |Df(x)|: 0.04049496591 |  Stepsize: 0.15873631573 | 
# 128    F(x): 0.60324026034 |  |Df(x)|: 0.04150886990 |  Stepsize: 0.14033023751 | 
# 129    F(x): 0.60281753633 |  |Df(x)|: 0.03845415620 |  Stepsize: 0.16199189050 | 
# 130    F(x): 0.60237330727 |  |Df(x)|: 0.03654020989 |  Stepsize: 0.18230557095 | 
# 131    F(x): 0.60194411392 |  |Df(x)|: 0.03231544288 |  Stepsize: 0.16753397861 | 
# 132    F(x): 0.60144818361 |  |Df(x)|: 0.02647559214 |  Stepsize: 0.24474591697 | 
# 133    F(x): 0.60096368604 |  |Df(x)|: 0.01956014954 |  Stepsize: 0.31475542816 | 
# 134    F(x): 0.60082716715 |  |Df(x)|: 0.11935899022 |  Stepsize: 0.36113511428 | 
# 135    F(x): 0.60031776920 |  |Df(x)|: 0.02319118576 |  Stepsize: 1.00000000000 | 
# 136    F(x): 0.60016200891 |  |Df(x)|: 0.02231320824 |  Stepsize: 1.00000000000 | 
# 137    F(x): 0.59972915116 |  |Df(x)|: 0.04020885296 |  Stepsize: 1.00000000000 | 
# 138    F(x): 0.59971211859 |  |Df(x)|: 0.03906907052 |  Stepsize: 0.14104700169 | 
# 139    F(x): 0.59957874241 |  |Df(x)|: 0.03482129213 |  Stepsize: 0.31835889558 | 
# 140    F(x): 0.59941335307 |  |Df(x)|: 0.01039246928 |  Stepsize: 1.00000000000 | 
# 141    F(x): 0.59917407573 |  |Df(x)|: 0.01679381240 |  Stepsize: 1.00000000000 | 
# 142    F(x): 0.59901818578 |  |Df(x)|: 0.02713357626 |  Stepsize: 0.05274138588 | 
# 143    F(x): 0.59890922551 |  |Df(x)|: 0.03558317754 |  Stepsize: 0.06495058041 | 
# 144    F(x): 0.59883126269 |  |Df(x)|: 0.04233772398 |  Stepsize: 0.07740321842 | 
# 145    F(x): 0.59877481526 |  |Df(x)|: 0.04772223136 |  Stepsize: 0.07805712570 | 
# 146    F(x): 0.59873452515 |  |Df(x)|: 0.05199082733 |  Stepsize: 0.06903397108 | 
# 147    F(x): 0.59870689170 |  |Df(x)|: 0.05531588588 |  Stepsize: 0.06144542273 | 
# 148    F(x): 0.59868759130 |  |Df(x)|: 0.05785630742 |  Stepsize: 0.06071046707 | 
# 149    F(x): 0.59867211072 |  |Df(x)|: 0.05972667899 |  Stepsize: 0.05880439512 | 
# 150    F(x): 0.59865130192 |  |Df(x)|: 0.06145392312 |  Stepsize: 0.06487740289 | 
# 151    F(x): 0.59864377181 |  |Df(x)|: 0.06229189894 |  Stepsize: 0.02557578021 | 
At iteration 151 the algorithm performed a step with an absolute cost change (7.530115430309792e-6) less than 1.0e-5.after: zeta = 10.0, f = -0.29721114707325863, pen = 0.049747276731308354, alm = 0.2002616202398249, z = 0.29721114707325863
cur_pen: 0.22304097545363352 < 1.0e-5, norm_vgl: 0.0<1.0e-5
Initial  F(x): 1.44394353852 | 
# 1      F(x): 1.24388684554 |  |Df(x)|: 1.95315231756 |  Stepsize: 0.04528939122 | 
# 2      F(x): 1.08470640349 |  |Df(x)|: 2.14659096799 |  Stepsize: 0.08545410668 | 
# 3      F(x): 0.95090174633 |  |Df(x)|: 1.44695555010 |  Stepsize: 0.17784096510 | 
# 4      F(x): 0.85986235068 |  |Df(x)|: 0.85355812725 |  Stepsize: 0.34586257653 | 
# 5      F(x): 0.82277583966 |  |Df(x)|: 0.22984825354 |  Stepsize: 0.80575424071 | 
# 6      F(x): 0.82143581199 |  |Df(x)|: 0.12433917652 |  Stepsize: 1.00000000000 | 
# 7      F(x): 0.82025457926 |  |Df(x)|: 0.10543009193 |  Stepsize: 1.00000000000 | 
# 8      F(x): 0.81995614565 |  |Df(x)|: 0.11593182045 |  Stepsize: 1.00000000000 | 
# 9      F(x): 0.81718568678 |  |Df(x)|: 0.12410668033 |  Stepsize: 1.00000000000 | 
# 10     F(x): 0.81578111193 |  |Df(x)|: 0.10534946779 |  Stepsize: 1.00000000000 | 
# 11     F(x): 0.81461545053 |  |Df(x)|: 0.03615216279 |  Stepsize: 1.00000000000 | 
# 12     F(x): 0.81387395565 |  |Df(x)|: 0.08415295889 |  Stepsize: 1.00000000000 | 
# 13     F(x): 0.81294956401 |  |Df(x)|: 0.12209222599 |  Stepsize: 1.00000000000 | 
# 14     F(x): 0.81206790545 |  |Df(x)|: 0.09458683062 |  Stepsize: 1.00000000000 | 
# 15     F(x): 0.81119932556 |  |Df(x)|: 0.03283842349 |  Stepsize: 1.00000000000 | 
# 16     F(x): 0.81065227369 |  |Df(x)|: 0.06075443092 |  Stepsize: 1.00000000000 | 
# 17     F(x): 0.81035210182 |  |Df(x)|: 0.09545622710 |  Stepsize: 1.00000000000 | 
# 18     F(x): 0.81000703327 |  |Df(x)|: 0.09766579771 |  Stepsize: 1.00000000000 | 
# 19     F(x): 0.80931810995 |  |Df(x)|: 0.06519123188 |  Stepsize: 0.78653632589 | 
# 20     F(x): 0.80868450068 |  |Df(x)|: 0.02200392280 |  Stepsize: 0.97459754776 | 
# 21     F(x): 0.80841853046 |  |Df(x)|: 0.03986041671 |  Stepsize: 1.00000000000 | 
# 22     F(x): 0.80823156956 |  |Df(x)|: 0.03097189524 |  Stepsize: 1.00000000000 | 
# 23     F(x): 0.80797095283 |  |Df(x)|: 0.02280341743 |  Stepsize: 1.00000000000 | 
# 24     F(x): 0.80761797242 |  |Df(x)|: 0.02957541437 |  Stepsize: 1.00000000000 | 
# 25     F(x): 0.80738034556 |  |Df(x)|: 0.02497474646 |  Stepsize: 1.00000000000 | 
# 26     F(x): 0.80731561669 |  |Df(x)|: 0.03403995880 |  Stepsize: 0.01363429315 | 
# 27     F(x): 0.80731541058 |  |Df(x)|: 0.03537083213 |  Stepsize: 0.00494279056 | 
At iteration 27 the algorithm performed a step with an absolute cost change (2.0610188655734163e-7) less than 1.0e-5.after: zeta = 25.0, f = -0.1529752099907815, pen = 0.00962460437208579, alm = 0.3034684012647846, z = 0.1529752099907815
cur_pen: 0.09810506802446951 < 1.0e-5, norm_vgl: 0.458183765117331<1.0e-5
Initial  F(x): 0.39971444499 | 
# 1      F(x): 0.26894942017 |  |Df(x)|: 1.25501532362 |  Stepsize: 0.06626251566 | 
# 2      F(x): 0.14830474390 |  |Df(x)|: 0.91392013520 |  Stepsize: 0.15050247166 | 
# 3      F(x): 0.06645624415 |  |Df(x)|: 0.59548481380 |  Stepsize: 0.25394922746 | 
# 4      F(x): 0.01730750612 |  |Df(x)|: 0.36084718602 |  Stepsize: 0.39511872228 | 
# 5      F(x): -0.01103165621 |  |Df(x)|: 0.21182888627 |  Stepsize: 0.53775476940 | 
# 6      F(x): -0.02734451746 |  |Df(x)|: 0.12402303463 |  Stepsize: 0.62932201166 | 
# 7      F(x): -0.03686409535 |  |Df(x)|: 0.07352487313 |  Stepsize: 0.65910795298 | 
# 8      F(x): -0.04251717959 |  |Df(x)|: 0.04436440250 |  Stepsize: 0.64839600764 | 
# 9      F(x): -0.04593618372 |  |Df(x)|: 0.02736235797 |  Stepsize: 0.61577912129 | 
# 10     F(x): -0.04805206607 |  |Df(x)|: 0.01744273034 |  Stepsize: 0.56368910885 | 
# 11     F(x): -0.04940483671 |  |Df(x)|: 0.01180207594 |  Stepsize: 0.48551047405 | 
# 12     F(x): -0.05024191572 |  |Df(x)|: 0.01070262724 |  Stepsize: 0.35319439086 | 
# 13     F(x): -0.05096509017 |  |Df(x)|: 0.00688027336 |  Stepsize: 0.32269971054 | 
# 14     F(x): -0.05146874748 |  |Df(x)|: 0.00543346708 |  Stepsize: 0.33403589167 | 
# 15     F(x): -0.05180006297 |  |Df(x)|: 0.00697245918 |  Stepsize: 0.20471055018 | 
# 16     F(x): -0.05211624918 |  |Df(x)|: 0.00496598431 |  Stepsize: 0.33434957445 | 
# 17     F(x): -0.05232995520 |  |Df(x)|: 0.00554026991 |  Stepsize: 0.29665609901 | 
# 18     F(x): -0.05251269741 |  |Df(x)|: 0.00303713536 |  Stepsize: 0.31683269136 | 
# 19     F(x): -0.05262826039 |  |Df(x)|: 0.00251155684 |  Stepsize: 0.45919889448 | 
# 20     F(x): -0.05270158163 |  |Df(x)|: 0.00325828459 |  Stepsize: 0.38921928469 | 
# 21     F(x): -0.05276568019 |  |Df(x)|: 0.00220273171 |  Stepsize: 0.80165005585 | 
# 22     F(x): -0.05282253764 |  |Df(x)|: 0.00291443758 |  Stepsize: 0.95767892912 | 
# 23     F(x): -0.05288799313 |  |Df(x)|: 0.00247343992 |  Stepsize: 0.66615232915 | 
# 24     F(x): -0.05295892016 |  |Df(x)|: 0.00239398817 |  Stepsize: 0.73081954269 | 
# 25     F(x): -0.05300851201 |  |Df(x)|: 0.00349648648 |  Stepsize: 0.50358241318 | 
# 26     F(x): -0.05306060674 |  |Df(x)|: 0.00195654892 |  Stepsize: 1.00000000000 | 
# 27     F(x): -0.05310214093 |  |Df(x)|: 0.00196375450 |  Stepsize: 1.00000000000 | 
# 28     F(x): -0.05315814457 |  |Df(x)|: 0.00286305429 |  Stepsize: 0.82185919953 | 
# 29     F(x): -0.05321243848 |  |Df(x)|: 0.00228458853 |  Stepsize: 0.67135256483 | 
# 30     F(x): -0.05325852551 |  |Df(x)|: 0.00196065552 |  Stepsize: 0.52718251955 | 
# 31     F(x): -0.05329809608 |  |Df(x)|: 0.00195869376 |  Stepsize: 0.30715271152 | 
# 32     F(x): -0.05333514213 |  |Df(x)|: 0.00165289395 |  Stepsize: 0.35083844148 | 
# 33     F(x): -0.05336940557 |  |Df(x)|: 0.00182654824 |  Stepsize: 0.30123185822 | 
# 34     F(x): -0.05340246704 |  |Df(x)|: 0.00164917637 |  Stepsize: 0.25037105690 | 
# 35     F(x): -0.05343471293 |  |Df(x)|: 0.00182954656 |  Stepsize: 0.22853315065 | 
# 36     F(x): -0.05346701751 |  |Df(x)|: 0.00168165947 |  Stepsize: 0.18685112957 | 
# 37     F(x): -0.05349825655 |  |Df(x)|: 0.00177502523 |  Stepsize: 0.17682783991 | 
# 38     F(x): -0.05352913853 |  |Df(x)|: 0.00161519142 |  Stepsize: 0.16481642677 | 
# 39     F(x): -0.05355856179 |  |Df(x)|: 0.00167593194 |  Stepsize: 0.15762429542 | 
# 40     F(x): -0.05358739831 |  |Df(x)|: 0.00152275296 |  Stepsize: 0.15723256748 | 
# 41     F(x): -0.05361447239 |  |Df(x)|: 0.00149075699 |  Stepsize: 0.14983482895 | 
# 42     F(x): -0.05364042533 |  |Df(x)|: 0.00136915022 |  Stepsize: 0.15859728019 | 
# 43     F(x): -0.05366522442 |  |Df(x)|: 0.00135834190 |  Stepsize: 0.15168065947 | 
# 44     F(x): -0.05368877743 |  |Df(x)|: 0.00126133728 |  Stepsize: 0.14890227319 | 
# 45     F(x): -0.05371103110 |  |Df(x)|: 0.00125651120 |  Stepsize: 0.14137684972 | 
# 46     F(x): -0.05373224560 |  |Df(x)|: 0.00114504808 |  Stepsize: 0.15427864081 | 
# 47     F(x): -0.05375187462 |  |Df(x)|: 0.00121517058 |  Stepsize: 0.15011969103 | 
# 48     F(x): -0.05377042058 |  |Df(x)|: 0.00107278240 |  Stepsize: 0.16337872938 | 
# 49     F(x): -0.05378763592 |  |Df(x)|: 0.00124704066 |  Stepsize: 0.17411527318 | 
# 50     F(x): -0.05380368944 |  |Df(x)|: 0.00105796875 |  Stepsize: 0.18338545481 | 
# 51     F(x): -0.05381809930 |  |Df(x)|: 0.00124399131 |  Stepsize: 0.20045402804 | 
# 52     F(x): -0.05383212530 |  |Df(x)|: 0.00100345541 |  Stepsize: 0.21728991026 | 
# 53     F(x): -0.05384452153 |  |Df(x)|: 0.00119660740 |  Stepsize: 0.24213745486 | 
# 54     F(x): -0.05385703588 |  |Df(x)|: 0.00089491137 |  Stepsize: 0.27575009285 | 
# 55     F(x): -0.05386845504 |  |Df(x)|: 0.00100375746 |  Stepsize: 0.34164214116 | 
# 56     F(x): -0.05387930551 |  |Df(x)|: 0.00077411511 |  Stepsize: 0.32479930440 | 
# 57     F(x): -0.05388949057 |  |Df(x)|: 0.00083173088 |  Stepsize: 0.56184597104 | 
# 58     F(x): -0.05389854735 |  |Df(x)|: 0.00117090065 |  Stepsize: 0.69441733572 | 
At iteration 58 the algorithm performed a step with an absolute cost change (9.05677405232952e-6) less than 1.0e-5.after: zeta = 10.0, f = -0.04514094103516117, pen = 0.0011819560079181436, alm = -0.1665470212200335, z = 0.04514094103516117
cur_pen: 0.03437958708184471 < 1.0e-5, norm_vgl: 0.007464663249586066<1.0e-5
Initial  F(x): -0.13699812102 | 
# 1      F(x): -0.13718591867 |  |Df(x)|: 0.01019656704 |  Stepsize: 1.00000000000 | 
# 2      F(x): -0.13744030867 |  |Df(x)|: 0.00796733484 |  Stepsize: 1.00000000000 | 
# 3      F(x): -0.13761096721 |  |Df(x)|: 0.00817017428 |  Stepsize: 1.00000000000 | 
# 4      F(x): -0.13780326336 |  |Df(x)|: 0.01027645949 |  Stepsize: 1.00000000000 | 
# 5      F(x): -0.13792591890 |  |Df(x)|: 0.00677826086 |  Stepsize: 1.00000000000 | 
# 6      F(x): -0.13798624016 |  |Df(x)|: 0.00457405456 |  Stepsize: 1.00000000000 | 
# 7      F(x): -0.13804599735 |  |Df(x)|: 0.00403194730 |  Stepsize: 1.00000000000 | 
# 8      F(x): -0.13808397931 |  |Df(x)|: 0.00592930350 |  Stepsize: 1.00000000000 | 
# 9      F(x): -0.13812080627 |  |Df(x)|: 0.00339555475 |  Stepsize: 1.00000000000 | 
# 10     F(x): -0.13814886451 |  |Df(x)|: 0.00261132148 |  Stepsize: 1.00000000000 | 
# 11     F(x): -0.13816733724 |  |Df(x)|: 0.00269654440 |  Stepsize: 1.00000000000 | 
# 12     F(x): -0.13818245227 |  |Df(x)|: 0.00372186211 |  Stepsize: 1.00000000000 | 
# 13     F(x): -0.13819480519 |  |Df(x)|: 0.00163930450 |  Stepsize: 1.00000000000 | 
# 14     F(x): -0.13819992943 |  |Df(x)|: 0.00138869307 |  Stepsize: 1.00000000000 | 
At iteration 14 the algorithm performed a step with an absolute cost change (5.124241795773088e-6) less than 1.0e-5.after: zeta = 25.0, f = -0.034817543656179804, pen = 0.0009564854393851558, alm = -0.1407809829780949, z = 0.034817543656179804
cur_pen: 0.0309270987870695 < 1.0e-5, norm_vgl: 0.0038110828471396674<1.0e-5
clear non persistent states 32
1139 pure states
LP relaxation created--
solve--
end solve-- RelaxOptimal OPTIMAL
 weights_sum: 1.0
itereffortlevel: 0
--separating...
--find a better primal bound 95.02403034285487 by Alternative descent Eigen
--found a cut state by heuristic 95.02403034285487 6.796230245242896e-12 
iteration: 0,  #states: 1139, valueb: 6.796230245242896e-12, activeness: 95.02403034285487, primalobj: 0.999999999971768, dualobj: -Inf
solve--
end solve-- RelaxOptimal OPTIMAL
 weights_sum: 1.0
itereffortlevel: 0
--separating...
--find a better primal bound 84.01517697028437 by Alternative descent Eigen
--found a cut state by heuristic 84.01517697028437 1.1808481303887675e-8 
iteration: 1,  #states: 1140, valueb: 1.1808481303887675e-8, activeness: 84.01517697028437, primalobj: 0.9999999977776435, dualobj: -Inf
solve--
end solve-- RelaxOptimal OPTIMAL
 weights_sum: 1.0
itereffortlevel: 0
--separating...
--find a better primal bound 80.26212008382717 by Alternative descent Eigen
--found a cut state by heuristic 80.26212008382717 4.958700117185799e-12 
iteration: 2,  #states: 1141, valueb: 4.958700117185799e-12, activeness: 80.26212008382717, primalobj: 0.9999999999942573, dualobj: -Inf
solve--
end solve-- RelaxOptimal OPTIMAL
 weights_sum: 1.0
itereffortlevel: 0
--separating...
--find a better primal bound 102.8012857443878 by Alternative descent Eigen
--found a cut state by heuristic 102.8012857443878 4.1878944756490455e-10 
iteration: 3,  #states: 1142, valueb: 4.1878944756490455e-10, activeness: 102.8012857443878, primalobj: 0.9999999999102307, dualobj: -Inf
solve--
end solve-- RelaxOptimal OPTIMAL
 weights_sum: 1.0
itereffortlevel: 0
--separating...
--find a better primal bound 127.99175181143742 by Alternative descent Eigen
--found a cut state by heuristic 127.99175181143742 1.9512924609443871e-10 
iteration: 4,  #states: 1143, valueb: 1.9512924609443871e-10, activeness: 127.99175181143742, primalobj: 0.9999999997012758, dualobj: -Inf
solve--
end solve-- RelaxOptimal OPTIMAL
 weights_sum: 1.0
itereffortlevel: 0
--separating...
--find a better primal bound 428.72323546131094 by Alternative descent Eigen
--found a cut state by heuristic 428.72323546131094 4.106937012693379e-12 
iteration: 5,  #states: 1144, valueb: 4.106937012693379e-12, activeness: 428.72323546131094, primalobj: 0.9999999999885757, dualobj: -Inf
solve--
end solve-- RelaxOptimal OPTIMAL
 weights_sum: 1.0
itereffortlevel: 0
--separating...
--find a better primal bound 152.84997391481693 by Alternative descent Eigen
--found a cut state by heuristic 152.84997391481693 5.7902127537090564e-11 
iteration: 6,  #states: 1145, valueb: 5.7902127537090564e-11, activeness: 152.84997391481693, primalobj: 0.9999999999648026, dualobj: -Inf
solve--
end solve-- RelaxOptimal OPTIMAL
 weights_sum: 1.0
itereffortlevel: 0
--separating...
--find a better primal bound 127.75612106795953 by Alternative descent Eigen
--found a cut state by heuristic 127.75612106795953 1.2119760750550768e-10 
iteration: 7,  #states: 1146, valueb: 1.2119760750550768e-10, activeness: 127.75612106795953, primalobj: 0.9999999994635678, dualobj: -Inf
solve--
end solve-- RelaxOptimal OPTIMAL
 weights_sum: 1.0
itereffortlevel: 0
--separating...
--find a better primal bound 234.6883418003024 by Alternative descent Eigen
--found a cut state by heuristic 234.6883418003024 1.9133494788547978e-10 
iteration: 8,  #states: 1147, valueb: 1.9133494788547978e-10, activeness: 234.6883418003024, primalobj: 0.9999999999753135, dualobj: -Inf
solve--
end solve-- RelaxOptimal OPTIMAL
 weights_sum: 1.0
itereffortlevel: 0
--separating...
--find a better primal bound 262.3286743250535 by Alternative descent Eigen
--found a cut state by heuristic 262.3286743250535 1.7116619233092933e-10 
iteration: 9,  #states: 1148, valueb: 1.7116619233092933e-10, activeness: 262.3286743250535, primalobj: 0.9999999999237013, dualobj: -Inf
solve--
end solve-- RelaxOptimal OPTIMAL
 weights_sum: 1.0
itereffortlevel: 0
--separating...
--find a better primal bound 153.28070613620025 by Alternative descent Eigen
--found a cut state by heuristic 153.28070613620025 2.860005565707979e-10 
iteration: 10,  #states: 1149, valueb: 2.860005565707979e-10, activeness: 153.28070613620025, primalobj: 0.9999999997033974, dualobj: -Inf
solve--
end solve-- RelaxOptimal OPTIMAL
 weights_sum: 1.0
itereffortlevel: 0
--separating...
--find a better primal bound 95.85126117384259 by Alternative descent Eigen
--found a cut state by heuristic 95.85126117384259 1.226903023621162e-10 
iteration: 11,  #states: 1150, valueb: 1.226903023621162e-10, activeness: 95.85126117384259, primalobj: 0.9999999999362934, dualobj: -Inf
solve--
end solve-- RelaxOptimal OPTIMAL
 weights_sum: 1.0
itereffortlevel: 0
--separating...
--find a better primal bound 118.03165302558452 by Alternative descent Eigen
--found a cut state by heuristic 118.03165302558452 2.248157215944957e-11 
iteration: 12,  #states: 1151, valueb: 2.248157215944957e-11, activeness: 118.03165302558452, primalobj: 0.9999999999662246, dualobj: -Inf
solve--
end solve-- RelaxOptimal OPTIMAL
 weights_sum: 1.0
itereffortlevel: 0
--separating...
--find a better primal bound 197.19158112332894 by Alternative descent Eigen
--found a cut state by heuristic 197.19158112332894 3.302930373649815e-9 
iteration: 13,  #states: 1152, valueb: 3.302930373649815e-9, activeness: 197.19158112332894, primalobj: 0.9999999537340647, dualobj: -Inf
solve--
end solve-- RelaxOptimal OPTIMAL
 weights_sum: 1.0
itereffortlevel: 0
--separating...
--find a better primal bound 231.8198064896577 by Alternative descent Eigen
--found a cut state by heuristic 231.8198064896577 4.0925769440036674e-9 
iteration: 14,  #states: 1153, valueb: 4.0925769440036674e-9, activeness: 231.8198064896577, primalobj: 0.9999999880197811, dualobj: -Inf
solve--
end solve-- RelaxOptimal OPTIMAL
 weights_sum: 1.0
itereffortlevel: 0
--separating...
--find a better primal bound 105.42423064542686 by Alternative descent Eigen
--found a cut state by heuristic 105.42423064542686 2.298872203709834e-11 
iteration: 15,  #states: 1154, valueb: 2.298872203709834e-11, activeness: 105.42423064542686, primalobj: 0.9999999999868912, dualobj: -Inf
solve--
end solve-- RelaxOptimal OPTIMAL
 weights_sum: 1.0
itereffortlevel: 0
--separating...
--find a better primal bound 101.34665055377619 by Alternative descent Eigen
--found a cut state by heuristic 101.34665055377619 4.6203929571220215e-11 
iteration: 16,  #states: 1155, valueb: 4.6203929571220215e-11, activeness: 101.34665055377619, primalobj: 0.9999999999846252, dualobj: -Inf
solve--
end solve-- RelaxOptimal OPTIMAL
 weights_sum: 1.0
itereffortlevel: 0
--separating...
--find a better primal bound 200.37895255960547 by Alternative descent Eigen
--found a cut state by heuristic 200.37895255960547 4.971578704271451e-12 
iteration: 17,  #states: 1156, valueb: 4.971578704271451e-12, activeness: 200.37895255960547, primalobj: 0.9999999999942752, dualobj: -Inf
solve--
end solve-- RelaxOptimal OPTIMAL
 weights_sum: 1.0
itereffortlevel: 0
--separating...
--find a better primal bound 96.39673738739029 by Alternative descent Eigen
--found a cut state by heuristic 96.39673738739029 1.1534950772329466e-10 
iteration: 18,  #states: 1157, valueb: 1.1534950772329466e-10, activeness: 96.39673738739029, primalobj: 0.999999999974688, dualobj: -Inf
solve--
end solve-- RelaxOptimal OPTIMAL
 weights_sum: 1.0
itereffortlevel: 0
--separating...
--find a better primal bound 72.08616126723243 by Alternative descent Eigen
--found a cut state by heuristic 72.08616126723243 4.1664360850290905e-10 
iteration: 19,  #states: 1158, valueb: 4.1664360850290905e-10, activeness: 72.08616126723243, primalobj: 0.9999999986880369, dualobj: -Inf
solve--
end solve-- RelaxOptimal OPTIMAL
 weights_sum: 1.0
itereffortlevel: 0
--separating...
--find a better primal bound 102.33001362723806 by Alternative descent Eigen
--found a cut state by heuristic 102.33001362723806 1.261923898709938e-10 
iteration: 20,  #states: 1159, valueb: 1.261923898709938e-10, activeness: 102.33001362723806, primalobj: 0.999999999852644, dualobj: -Inf
solve--
end solve-- RelaxOptimal OPTIMAL
 weights_sum: 1.0
itereffortlevel: 0
--separating...
--find a better primal bound 116.98180151068186 by Alternative descent Eigen
--found a cut state by heuristic 116.98180151068186 4.099512396216198e-12 
iteration: 21,  #states: 1160, valueb: 4.099512396216198e-12, activeness: 116.98180151068186, primalobj: 0.9999999999959897, dualobj: -Inf
solve--
end solve-- RelaxOptimal OPTIMAL
 weights_sum: 1.0
itereffortlevel: 0
--separating...
--find a better primal bound 142.867000860767 by Alternative descent Eigen
--found a cut state by heuristic 142.867000860767 1.2506617963481403e-10 
iteration: 22,  #states: 1161, valueb: 1.2506617963481403e-10, activeness: 142.867000860767, primalobj: 0.9999999999766549, dualobj: -Inf
solve--
end solve-- RelaxOptimal OPTIMAL
 weights_sum: 1.0
itereffortlevel: 0
--separating...
--find a better primal bound 102.3009109557295 by Alternative descent Eigen
--found a cut state by heuristic 102.3009109557295 4.65023730633618e-9 
iteration: 23,  #states: 1162, valueb: 4.65023730633618e-9, activeness: 102.3009109557295, primalobj: 0.9999999712365492, dualobj: -Inf
solve--
end solve-- RelaxOptimal OPTIMAL
 weights_sum: 1.0
itereffortlevel: 0
--separating...
--find a better primal bound 131.66992431545876 by Alternative descent Eigen
--found a cut state by heuristic 131.66992431545876 4.68247662865906e-11 
iteration: 24,  #states: 1163, valueb: 4.68247662865906e-11, activeness: 131.66992431545876, primalobj: 0.9999999999856908, dualobj: -Inf
solve--
end solve-- RelaxOptimal OPTIMAL
 weights_sum: 1.0
itereffortlevel: 0
--separating...
--find a better primal bound 98.76545262368742 by Alternative descent Eigen
--found a cut state by heuristic 98.76545262368742 -0.0 
iteration: 25,  #states: 1164, valueb: -0.0, activeness: 98.76545262368742, primalobj: 1.0, dualobj: -Inf
solve--
end solve-- RelaxOptimal OPTIMAL
 weights_sum: 1.0
itereffortlevel: 0
--separating...
--find a better primal bound 113.68271803301002 by Alternative descent Eigen
--found a cut state by heuristic 113.68271803301002 5.589825669005677e-8 
iteration: 26,  #states: 1165, valueb: 5.589825669005677e-8, activeness: 113.68271803301002, primalobj: 0.9999999462322897, dualobj: -Inf
solve--
end solve-- RelaxOptimal OPTIMAL
 weights_sum: 1.0
itereffortlevel: 0
--separating...
--find a better primal bound 246.69546675783707 by Alternative descent Eigen
--found a cut state by heuristic 246.69546675783707 -0.0 
iteration: 27,  #states: 1166, valueb: -0.0, activeness: 246.69546675783707, primalobj: 1.0, dualobj: -Inf
solve--
end solve-- RelaxOptimal OPTIMAL
 weights_sum: 1.0
itereffortlevel: 0
--separating...
--find a better primal bound 107.6824847245771 by Alternative descent Eigen
--found a cut state by heuristic 107.6824847245771 5.441869177502667e-12 
iteration: 28,  #states: 1167, valueb: 5.441869177502667e-12, activeness: 107.6824847245771, primalobj: 0.9999999999778482, dualobj: -Inf
solve--
end solve-- RelaxOptimal OPTIMAL
 weights_sum: 1.0
itereffortlevel: 0
--separating...
--find a better primal bound 134.62482571142644 by Alternative descent Eigen
--found a cut state by heuristic 134.62482571142644 4.878764059412788e-12 
iteration: 29,  #states: 1168, valueb: 4.878764059412788e-12, activeness: 134.62482571142644, primalobj: 0.9999999999883973, dualobj: -Inf
solve--
end solve-- RelaxOptimal OPTIMAL
 weights_sum: 1.0
itereffortlevel: 0
--separating...
--find a better primal bound 120.82882226010156 by Alternative descent Eigen
--found a cut state by heuristic 120.82882226010156 -0.0 
iteration: 30,  #states: 1169, valueb: -0.0, activeness: 120.82882226010156, primalobj: 1.0, dualobj: -Inf
solve--
end solve-- RelaxOptimal OPTIMAL
 weights_sum: 1.0
itereffortlevel: 0
--separating...
--find a better primal bound 320.69367305448037 by Alternative descent Eigen
--found a cut state by heuristic 320.69367305448037 7.105427357601002e-14 
iteration: 31,  #states: 1170, valueb: 7.105427357601002e-14, activeness: 320.69367305448037, primalobj: 0.9999999999378095, dualobj: -Inf
solve--
end solve-- RelaxOptimal OPTIMAL
 weights_sum: 1.0
itereffortlevel: 0
--separating...
--find a better primal bound 151.9283823093715 by Alternative descent Eigen
--found a cut state by heuristic 151.9283823093715 2.5224267119483557e-12 
iteration: 32,  #states: 1171, valueb: 2.5224267119483557e-12, activeness: 151.9283823093715, primalobj: 0.9999999999678755, dualobj: -Inf
solve--
end solve-- RelaxOptimal OPTIMAL
 weights_sum: 1.0
itereffortlevel: 0
--separating...
--find a better primal bound 84.82895113200541 by Alternative descent Eigen
--found a cut state by heuristic 84.82895113200541 -0.0 
iteration: 33,  #states: 1172, valueb: -0.0, activeness: 84.82895113200541, primalobj: 1.0, dualobj: -Inf
solve--
end solve-- RelaxOptimal OPTIMAL
 weights_sum: 1.0
itereffortlevel: 0
--separating...
--find a better primal bound 65.13186657721805 by Alternative descent Eigen
--found a cut state by heuristic 65.13186657721805 1.4055779873345386e-9 
iteration: 34,  #states: 1173, valueb: 1.4055779873345386e-9, activeness: 65.13186657721805, primalobj: 0.9999999946681016, dualobj: -Inf
solve--
end solve-- RelaxOptimal OPTIMAL
 weights_sum: 1.0
itereffortlevel: 0
--separating...
--find a better primal bound 93.2262526060527 by Alternative descent Eigen
--found a cut state by heuristic 93.2262526060527 2.019142186782119e-9 
iteration: 35,  #states: 1174, valueb: 2.019142186782119e-9, activeness: 93.2262526060527, primalobj: 0.9999999191231308, dualobj: -Inf
solve--
end solve-- RelaxOptimal OPTIMAL
 weights_sum: 1.0
itereffortlevel: 0
--separating...
--find a better primal bound 114.25086455644916 by Alternative descent Eigen
--found a cut state by heuristic 114.25086455644916 5.132835267929181e-10 
iteration: 36,  #states: 1175, valueb: 5.132835267929181e-10, activeness: 114.25086455644916, primalobj: 0.9999999977321266, dualobj: -Inf
solve--
end solve-- RelaxOptimal OPTIMAL
 weights_sum: 1.0
itereffortlevel: 0
--separating...
--find a better primal bound 135.95226962015238 by Alternative descent Eigen
--found a cut state by heuristic 135.95226962015238 1.0124345806161728e-11 
iteration: 37,  #states: 1176, valueb: 1.0124345806161728e-11, activeness: 135.95226962015238, primalobj: 0.9999999999924742, dualobj: -Inf
solve--
end solve-- RelaxOptimal OPTIMAL
 weights_sum: 1.0
itereffortlevel: 0
--separating...
--find a better primal bound 94.38785695973083 by Alternative descent Eigen
--found a cut state by heuristic 94.38785695973083 1.426400331183686e-9 
iteration: 38,  #states: 1177, valueb: 1.426400331183686e-9, activeness: 94.38785695973083, primalobj: 0.9999999831194167, dualobj: -Inf
solve--
end solve-- RelaxOptimal OPTIMAL
 weights_sum: 1.0
itereffortlevel: 0
--separating...
--find a better primal bound 130.30177144293964 by Alternative descent Eigen
--found a cut state by heuristic 130.30177144293964 3.6271785575081594e-10 
iteration: 39,  #states: 1178, valueb: 3.6271785575081594e-10, activeness: 130.30177144293964, primalobj: 0.999999998502047, dualobj: -Inf
solve--
end solve-- RelaxOptimal OPTIMAL
 weights_sum: 1.0
itereffortlevel: 0
--separating...
--find a better primal bound 222.80467396203346 by Alternative descent Eigen
--found a cut state by heuristic 222.80467396203346 1.8759038766802405e-10 
iteration: 40,  #states: 1179, valueb: 1.8759038766802405e-10, activeness: 222.80467396203346, primalobj: 0.9999999991758959, dualobj: -Inf
solve--
end solve-- RelaxOptimal OPTIMAL
 weights_sum: 1.0
itereffortlevel: 0
--separating...
--find a better primal bound 85.32471541751445 by Alternative descent Eigen
--found a cut state by heuristic 85.32471541751445 8.961364983406384e-11 
iteration: 41,  #states: 1180, valueb: 8.961364983406384e-11, activeness: 85.32471541751445, primalobj: 0.999999999950151, dualobj: -Inf
solve--
end solve-- RelaxOptimal OPTIMAL
 weights_sum: 1.0
itereffortlevel: 0
--separating...
--find a better primal bound 69.93417329593771 by Alternative descent Eigen
--found a cut state by heuristic 69.93417329593771 1.361222246032412e-11 
iteration: 42,  #states: 1181, valueb: 1.361222246032412e-11, activeness: 69.93417329593771, primalobj: 0.9999999999830257, dualobj: -Inf
solve--
end solve-- RelaxOptimal OPTIMAL
 weights_sum: 1.0
itereffortlevel: 0
--separating...
--find a better primal bound 98.4293726526692 by Alternative descent Eigen
--found a cut state by heuristic 98.4293726526692 3.517408586617421e-12 
iteration: 43,  #states: 1182, valueb: 3.517408586617421e-12, activeness: 98.4293726526692, primalobj: 0.9999999999928496, dualobj: -Inf
solve--
end solve-- RelaxOptimal OPTIMAL
 weights_sum: 1.0
itereffortlevel: 0
--separating...
--find a better primal bound 92.37135229327471 by Alternative descent Eigen
--found a cut state by heuristic 92.37135229327471 1.1400658195270807e-11 
iteration: 44,  #states: 1183, valueb: 1.1400658195270807e-11, activeness: 92.37135229327471, primalobj: 0.9999999999915459, dualobj: -Inf
solve--
end solve-- RelaxOptimal OPTIMAL
 weights_sum: 1.0
itereffortlevel: 0
--separating...
--find a better primal bound 184.46327501902914 by Alternative descent Eigen
--found a cut state by heuristic 184.46327501902914 3.325340003357269e-12 
iteration: 45,  #states: 1184, valueb: 3.325340003357269e-12, activeness: 184.46327501902914, primalobj: 0.9999999999993545, dualobj: -Inf
solve--
end solve-- RelaxOptimal OPTIMAL
 weights_sum: 1.0
itereffortlevel: 0
--separating...
--find a better primal bound 338.77084945151717 by Alternative descent Eigen
--found a cut state by heuristic 338.77084945151717 2.4709123636057484e-11 
iteration: 46,  #states: 1185, valueb: 2.4709123636057484e-11, activeness: 338.77084945151717, primalobj: 0.9999999999780418, dualobj: -Inf
solve--
end solve-- RelaxOptimal OPTIMAL
 weights_sum: 1.0
itereffortlevel: 0
--separating...
--find a better primal bound 388.0473496422926 by Alternative descent Eigen
--found a cut state by heuristic 388.0473496422926 7.150902092689648e-11 
iteration: 47,  #states: 1186, valueb: 7.150902092689648e-11, activeness: 388.0473496422926, primalobj: 0.9999999999296041, dualobj: -Inf
solve--
end solve-- RelaxOptimal OPTIMAL
 weights_sum: 1.0
itereffortlevel: 0
--separating...
--find a better primal bound 247.1951104339397 by Alternative descent Eigen
--found a cut state by heuristic 247.1951104339397 5.0874859880423173e-11 
iteration: 48,  #states: 1187, valueb: 5.0874859880423173e-11, activeness: 247.1951104339397, primalobj: 0.9999999999523494, dualobj: -Inf
solve--
end solve-- RelaxOptimal OPTIMAL
 weights_sum: 1.0
itereffortlevel: 0
--separating...
--find a better primal bound 163.86587190843125 by Alternative descent Eigen
--found a cut state by heuristic 163.86587190843125 1.0382922921436943e-7 
iteration: 49,  #states: 1188, valueb: 1.0382922921436943e-7, activeness: 163.86587190843125, primalobj: 0.9999999938642408, dualobj: -Inf
solve--
end solve-- RelaxOptimal OPTIMAL
 weights_sum: 1.0
itereffortlevel: 0
--separating...
--find a better primal bound 166.52670113981782 by Alternative descent Eigen
--found a cut state by heuristic 166.52670113981782 8.547829111194005e-11 
iteration: 50,  #states: 1189, valueb: 8.547829111194005e-11, activeness: 166.52670113981782, primalobj: 0.999999999006601, dualobj: -Inf
solve--
end solve-- RelaxOptimal OPTIMAL
 weights_sum: 1.0
itereffortlevel: 0
--separating...
--find a better primal bound 480.20597383759434 by Alternative descent Eigen
--found a cut state by heuristic 480.20597383759434 3.737170573003823e-10 
iteration: 51,  #states: 1190, valueb: 3.737170573003823e-10, activeness: 480.20597383759434, primalobj: 0.9999999991870747, dualobj: -Inf
solve--
end solve-- RelaxOptimal OPTIMAL
 weights_sum: 1.0
itereffortlevel: 0
--separating...
--find a better primal bound 153.42936631869594 by Alternative descent Eigen
--found a cut state by heuristic 153.42936631869594 2.439138890864001e-10 
iteration: 52,  #states: 1191, valueb: 2.439138890864001e-10, activeness: 153.42936631869594, primalobj: 0.9999999989249209, dualobj: -Inf
solve--
end solve-- RelaxOptimal OPTIMAL
 weights_sum: 1.0
itereffortlevel: 0
--separating...
--find a better primal bound 206.63065992946903 by Alternative descent Eigen
--found a cut state by heuristic 206.63065992946903 1.4536614134641468e-9 
iteration: 53,  #states: 1192, valueb: 1.4536614134641468e-9, activeness: 206.63065992946903, primalobj: 0.9999999985540913, dualobj: -Inf
solve--
end solve-- RelaxOptimal OPTIMAL
 weights_sum: 1.0
itereffortlevel: 0
--separating...
--find a better primal bound 160.26482215976637 by Alternative descent Eigen
--found a cut state by heuristic 160.26482215976637 2.745537130977027e-11 
iteration: 54,  #states: 1193, valueb: 2.745537130977027e-11, activeness: 160.26482215976637, primalobj: 0.9999999999882774, dualobj: -Inf
solve--
end solve-- RelaxOptimal OPTIMAL
 weights_sum: 1.0
itereffortlevel: 0
--separating...
--find a better primal bound 136.35803544360408 by Alternative descent Eigen
--found a cut state by heuristic 136.35803544360408 6.963318810448982e-12 
iteration: 55,  #states: 1194, valueb: 6.963318810448982e-12, activeness: 136.35803544360408, primalobj: 0.9999999999985452, dualobj: -Inf
solve--
end solve-- RelaxOptimal OPTIMAL
 weights_sum: 1.0
itereffortlevel: 0
--separating...
--find a better primal bound 111.45170829741025 by Alternative descent Eigen
--found a cut state by heuristic 111.45170829741025 8.448353128187591e-12 
iteration: 56,  #states: 1195, valueb: 8.448353128187591e-12, activeness: 111.45170829741025, primalobj: 0.9999999999989588, dualobj: -Inf
solve--
end solve-- RelaxOptimal OPTIMAL
 weights_sum: 1.0
itereffortlevel: 0
--separating...
--find a better primal bound 136.86443612019875 by Alternative descent Eigen
--found a cut state by heuristic 136.86443612019875 1.8118839761882555e-11 
iteration: 57,  #states: 1196, valueb: 1.8118839761882555e-11, activeness: 136.86443612019875, primalobj: 0.9999999999981675, dualobj: -Inf
solve--
end solve-- RelaxOptimal OPTIMAL
 weights_sum: 1.0
itereffortlevel: 0
--separating...
--find a better primal bound 214.44577903314985 by Alternative descent Eigen
--found a cut state by heuristic 214.44577903314985 9.422137736692093e-9 
iteration: 58,  #states: 1197, valueb: 9.422137736692093e-9, activeness: 214.44577903314985, primalobj: 0.9999999990879771, dualobj: -Inf
solve--
end solve-- RelaxOptimal OPTIMAL
 weights_sum: 1.0
itereffortlevel: 0
--separating...
--find a better primal bound 128.96226793783057 by Alternative descent Eigen
--found a cut state by heuristic 128.96226793783057 1.396500692862901e-10 
iteration: 59,  #states: 1198, valueb: 1.396500692862901e-10, activeness: 128.96226793783057, primalobj: 0.9999999999687661, dualobj: -Inf
solve--
end solve-- RelaxOptimal OPTIMAL
 weights_sum: 1.0
itereffortlevel: 0
--separating...
--find a better primal bound 161.2502759543418 by Alternative descent Eigen
--found a cut state by heuristic 161.2502759543418 4.2932387001037853e-7 
iteration: 60,  #states: 1199, valueb: 4.2932387001037853e-7, activeness: 161.2502759543418, primalobj: 0.9999999668702683, dualobj: -Inf
solve--
end solve-- RelaxOptimal OPTIMAL
 weights_sum: 1.0
itereffortlevel: 0
--separating...
--find a better primal bound 143.1412112723229 by Alternative descent Eigen
--found a cut state by heuristic 143.1412112723229 2.006572685786523e-11 
iteration: 61,  #states: 1200, valueb: 2.006572685786523e-11, activeness: 143.1412112723229, primalobj: 0.9999999999978015, dualobj: -Inf
solve--
end solve-- RelaxOptimal OPTIMAL
 weights_sum: 1.0
itereffortlevel: 0
--separating...
--find a better primal bound 243.15005041076358 by Alternative descent Eigen
--found a cut state by heuristic 243.15005041076358 3.54773987965018e-11 
iteration: 62,  #states: 1201, valueb: 3.54773987965018e-11, activeness: 243.15005041076358, primalobj: 0.9999999999851374, dualobj: -Inf
solve--
end solve-- RelaxOptimal OPTIMAL
 weights_sum: 1.0
itereffortlevel: 0
--separating...
--find a better primal bound 90.37257872179396 by Alternative descent Eigen
--found a cut state by heuristic 90.37257872179396 1.834190577199024e-10 
iteration: 63,  #states: 1202, valueb: 1.834190577199024e-10, activeness: 90.37257872179396, primalobj: 0.9999999966118566, dualobj: -Inf
solve--
end solve-- RelaxOptimal OPTIMAL
 weights_sum: 1.0
itereffortlevel: 0
--separating...
--find a better primal bound 227.01557216735833 by Alternative descent Eigen
--found a cut state by heuristic 227.01557216735833 1.4578988327684783e-7 
iteration: 64,  #states: 1203, valueb: 1.4578988327684783e-7, activeness: 227.01557216735833, primalobj: 0.9999999717988661, dualobj: -Inf
solve--
end solve-- RelaxOptimal OPTIMAL
 weights_sum: 1.0
itereffortlevel: 0
--separating...
--find a better primal bound 206.2526847293828 by Alternative descent Eigen
--found a cut state by heuristic 206.2526847293828 1.026576557094927e-8 
iteration: 65,  #states: 1204, valueb: 1.026576557094927e-8, activeness: 206.2526847293828, primalobj: 0.9999999989545625, dualobj: -Inf
solve--
end solve-- RelaxOptimal OPTIMAL
 weights_sum: 1.0
itereffortlevel: 0
--separating...
--find a better primal bound 507.39591608242483 by Alternative descent Eigen
--found a cut state by heuristic 507.39591608242483 1.8474025864634314e-8 
iteration: 66,  #states: 1205, valueb: 1.8474025864634314e-8, activeness: 507.39591608242483, primalobj: 0.9999999973558706, dualobj: -Inf
solve--
end solve-- RelaxOptimal OPTIMAL
 weights_sum: 1.0
itereffortlevel: 0
--separating...
--find a better primal bound 235.0097995437497 by Alternative descent Eigen
--found a cut state by heuristic 235.0097995437497 1.0154638729886756e-7 
iteration: 67,  #states: 1206, valueb: 1.0154638729886756e-7, activeness: 235.0097995437497, primalobj: 0.9999999856624093, dualobj: -Inf
solve--
end solve-- RelaxOptimal OPTIMAL
 weights_sum: 1.0
itereffortlevel: 0
--separating...
--find a better primal bound 459.95337136043474 by Alternative descent Eigen
--found a cut state by heuristic 459.95337136043474 8.550458119316318e-10 
iteration: 68,  #states: 1207, valueb: 8.550458119316318e-10, activeness: 459.95337136043474, primalobj: 0.9999999998903586, dualobj: -Inf
solve--
end solve-- RelaxOptimal OPTIMAL
 weights_sum: 1.0
itereffortlevel: 0
--separating...
--find a better primal bound 251.2103894258507 by Alternative descent Eigen
--found a cut state by heuristic 251.2103894258507 5.99293947800561e-11 
iteration: 69,  #states: 1208, valueb: 5.99293947800561e-11, activeness: 251.2103894258507, primalobj: 0.9999999999880591, dualobj: -Inf
solve--
end solve-- RelaxOptimal OPTIMAL
 weights_sum: 1.0
itereffortlevel: 0
--separating...
--find a better primal bound 1210.7778972233941 by Alternative descent Eigen
--found a cut state by heuristic 1210.7778972233941 5.6835425255030714e-11 
iteration: 70,  #states: 1209, valueb: 5.6835425255030714e-11, activeness: 1210.7778972233941, primalobj: 0.9999999999902176, dualobj: -Inf
solve--
end solve-- RelaxOptimal OPTIMAL
 weights_sum: 1.0
itereffortlevel: 0
--separating...
--find a better primal bound 148.31686381405086 by Alternative descent Eigen
--found a cut state by heuristic 148.31686381405086 5.515614276419001e-8 
iteration: 71,  #states: 1210, valueb: 5.515614276419001e-8, activeness: 148.31686381405086, primalobj: 0.9999999955436392, dualobj: -Inf
solve--
end solve-- RelaxOptimal OPTIMAL
 weights_sum: 1.0
itereffortlevel: 0
--separating...
--find a better primal bound 162.33199169634247 by Alternative descent Eigen
--found a cut state by heuristic 162.33199169634247 5.072902098390841e-9 
iteration: 72,  #states: 1211, valueb: 5.072902098390841e-9, activeness: 162.33199169634247, primalobj: 0.9999999995002138, dualobj: -Inf
solve--
end solve-- RelaxOptimal OPTIMAL
 weights_sum: 1.0
itereffortlevel: 0
--separating...
--find a better primal bound 125.51737811191605 by Alternative descent Eigen
--found a cut state by heuristic 125.51737811191605 1.7950370079233835e-9 
iteration: 73,  #states: 1212, valueb: 1.7950370079233835e-9, activeness: 125.51737811191605, primalobj: 0.999999999821058, dualobj: -Inf
solve--
end solve-- RelaxOptimal OPTIMAL
 weights_sum: 1.0
itereffortlevel: 0
--separating...
--find a better primal bound 222.1731598702143 by Alternative descent Eigen
--found a cut state by heuristic 222.1731598702143 6.159552867757156e-10 
iteration: 74,  #states: 1213, valueb: 6.159552867757156e-10, activeness: 222.1731598702143, primalobj: 0.9999999999303546, dualobj: -Inf
solve--
end solve-- RelaxOptimal OPTIMAL
 weights_sum: 1.0
itereffortlevel: 0
--separating...
--find a better primal bound 889.7246508802605 by Alternative descent Eigen
--found a cut state by heuristic 889.7246508802605 2.3672868110224954e-9 
iteration: 75,  #states: 1214, valueb: 2.3672868110224954e-9, activeness: 889.7246508802605, primalobj: 0.9999999997787421, dualobj: -Inf
solve--
end solve-- RelaxOptimal OPTIMAL
 weights_sum: 1.0
itereffortlevel: 0
--separating...
--find a better primal bound 58.403270216200795 by Alternative descent Eigen
--found a cut state by heuristic 58.403270216200795 7.112782474116841e-9 
iteration: 76,  #states: 1215, valueb: 7.112782474116841e-9, activeness: 58.403270216200795, primalobj: 0.9999999993841088, dualobj: -Inf
solve--
end solve-- RelaxOptimal OPTIMAL
 weights_sum: 1.0
itereffortlevel: 0
--separating...
--find a better primal bound 154.3509554876142 by Alternative descent Eigen
--found a cut state by heuristic 154.3509554876142 9.280944623935028e-9 
iteration: 77,  #states: 1216, valueb: 9.280944623935028e-9, activeness: 154.3509554876142, primalobj: 0.9999999993271194, dualobj: -Inf
solve--
end solve-- RelaxOptimal OPTIMAL
 weights_sum: 1.0
itereffortlevel: 0
--separating...
--find a better primal bound 168.2318836808941 by Alternative descent Eigen
--found a cut state by heuristic 168.2318836808941 9.039558079848575e-8 
iteration: 78,  #states: 1217, valueb: 9.039558079848575e-8, activeness: 168.2318836808941, primalobj: 0.9999999894976179, dualobj: -Inf
solve--
end solve-- RelaxOptimal OPTIMAL
 weights_sum: 1.0
itereffortlevel: 0
--separating...
--find a better primal bound 161.86158712308102 by Alternative descent Eigen
--found a cut state by heuristic 161.86158712308102 1.205648914037738e-10 
iteration: 79,  #states: 1218, valueb: 1.205648914037738e-10, activeness: 161.86158712308102, primalobj: 0.9999999999811549, dualobj: -Inf
solve--
end solve-- RelaxOptimal OPTIMAL
 weights_sum: 1.0
itereffortlevel: 0
--separating...
--find a better primal bound 297.7779582779967 by Alternative descent Eigen
--found a cut state by heuristic 297.7779582779967 4.1438352837985803e-7 
iteration: 80,  #states: 1219, valueb: 4.1438352837985803e-7, activeness: 297.7779582779967, primalobj: 0.9999999384260367, dualobj: -Inf
solve--
end solve-- RelaxOptimal OPTIMAL
 weights_sum: 1.0
itereffortlevel: 0
--separating...
--find a better primal bound 187.43295974554212 by Alternative descent Eigen
--found a cut state by heuristic 187.43295974554212 2.92254856759655e-7 
iteration: 81,  #states: 1220, valueb: 2.92254856759655e-7, activeness: 187.43295974554212, primalobj: 0.9999999499455703, dualobj: -Inf
solve--
end solve-- RelaxOptimal OPTIMAL
 weights_sum: 1.0
itereffortlevel: 0
--separating...
--find a better primal bound 288.7916293836093 by Alternative descent Eigen
--found a cut state by heuristic 288.7916293836093 1.5409199249916128e-8 
iteration: 82,  #states: 1221, valueb: 1.5409199249916128e-8, activeness: 288.7916293836093, primalobj: 0.9999999987710972, dualobj: -Inf
solve--
end solve-- RelaxOptimal OPTIMAL
 weights_sum: 1.0
itereffortlevel: 0
--separating...
--find a better primal bound 168.4535787617722 by Alternative descent Eigen
--found a cut state by heuristic 168.4535787617722 1.4445731721934862e-8 
iteration: 83,  #states: 1222, valueb: 1.4445731721934862e-8, activeness: 168.4535787617722, primalobj: 0.9999999986746717, dualobj: -Inf
solve--
end solve-- RelaxOptimal OPTIMAL
 weights_sum: 1.0
itereffortlevel: 0
--separating...
--find a better primal bound 138.05645570725488 by Alternative descent Eigen
--found a cut state by heuristic 138.05645570725488 3.837996587208181e-10 
iteration: 84,  #states: 1223, valueb: 3.837996587208181e-10, activeness: 138.05645570725488, primalobj: 0.9999999965666442, dualobj: -Inf
solve--
end solve-- RelaxOptimal OPTIMAL
 weights_sum: 1.0
itereffortlevel: 0
--separating...
--find a better primal bound 319.65013904905305 by Alternative descent Eigen
--found a cut state by heuristic 319.65013904905305 2.5776978418434737e-7 
iteration: 85,  #states: 1224, valueb: 2.5776978418434737e-7, activeness: 319.65013904905305, primalobj: 0.9999999786733362, dualobj: -Inf
solve--
end solve-- RelaxOptimal OPTIMAL
 weights_sum: 1.0
itereffortlevel: 0
--separating...
--find a better primal bound 186.2940171703999 by Alternative descent Eigen
--found a cut state by heuristic 186.2940171703999 8.206876600524993e-8 
iteration: 86,  #states: 1225, valueb: 8.206876600524993e-8, activeness: 186.2940171703999, primalobj: 0.9999999937936022, dualobj: -Inf
solve--
end solve-- RelaxOptimal OPTIMAL
 weights_sum: 1.0
itereffortlevel: 0
--separating...
--find a better primal bound 116.34683292223175 by Alternative descent Eigen
--found a cut state by heuristic 116.34683292223175 1.1511056641211326e-7 
iteration: 87,  #states: 1226, valueb: 1.1511056641211326e-7, activeness: 116.34683292223175, primalobj: 0.9999999887754458, dualobj: -Inf
solve--
end solve-- RelaxOptimal OPTIMAL
 weights_sum: 1.0
itereffortlevel: 0
--separating...
--find a better primal bound 183.6732403433451 by Alternative descent Eigen
--found a cut state by heuristic 183.6732403433451 2.69562150378988e-12 
iteration: 88,  #states: 1227, valueb: 2.69562150378988e-12, activeness: 183.6732403433451, primalobj: 0.9999999999895194, dualobj: -Inf
solve--
end solve-- RelaxOptimal OPTIMAL
 weights_sum: 1.0
itereffortlevel: 0
--separating...
--find a better primal bound 220.8201678020758 by Alternative descent Eigen
--found a cut state by heuristic 220.8201678020758 2.8383572825418923e-8 
iteration: 89,  #states: 1228, valueb: 2.8383572825418923e-8, activeness: 220.8201678020758, primalobj: 0.9999999977794956, dualobj: -Inf
solve--
end solve-- RelaxOptimal OPTIMAL
 weights_sum: 1.0
itereffortlevel: 0
--separating...
--find a better primal bound 112.43118680470727 by Alternative descent Eigen
--found a cut state by heuristic 112.43118680470727 5.264032516549833e-7 
iteration: 90,  #states: 1229, valueb: 5.264032516549833e-7, activeness: 112.43118680470727, primalobj: 0.9999999549255525, dualobj: -Inf
solve--
end solve-- RelaxOptimal OPTIMAL
 weights_sum: 1.0
itereffortlevel: 0
--separating...
--find a better primal bound 215.41755904799055 by Alternative descent Eigen
--found a cut state by heuristic 215.41755904799055 3.511857471494295e-12 
iteration: 91,  #states: 1230, valueb: 3.511857471494295e-12, activeness: 215.41755904799055, primalobj: 0.9999999999978015, dualobj: -Inf
solve--
end solve-- RelaxOptimal OPTIMAL
 weights_sum: 1.0
itereffortlevel: 0
--separating...
--find a better primal bound 180.54434394353245 by Alternative descent Eigen
--found a cut state by heuristic 180.54434394353245 1.7441928434891452e-7 
iteration: 92,  #states: 1231, valueb: 1.7441928434891452e-7, activeness: 180.54434394353245, primalobj: 0.9999999866118652, dualobj: -Inf
solve--
end solve-- RelaxOptimal OPTIMAL
 weights_sum: 1.0
itereffortlevel: 0
--separating...
--find a better primal bound 406.14212113092185 by Alternative descent Eigen
--found a cut state by heuristic 406.14212113092185 3.6742989806271e-7 
iteration: 93,  #states: 1232, valueb: 3.6742989806271e-7, activeness: 406.14212113092185, primalobj: 0.9999999179875663, dualobj: -Inf
solve--
end solve-- RelaxOptimal OPTIMAL
 weights_sum: 1.0
itereffortlevel: 0
--separating...
--find a better primal bound 341.04213526064234 by Alternative descent Eigen
--found a cut state by heuristic 341.04213526064234 2.2014427258909564e-7 
iteration: 94,  #states: 1233, valueb: 2.2014427258909564e-7, activeness: 341.04213526064234, primalobj: 0.9999999511812807, dualobj: -Inf
solve--
end solve-- RelaxOptimal OPTIMAL
 weights_sum: 1.0
itereffortlevel: 0
--separating...
--find a better primal bound 116.75720303625789 by Alternative descent Eigen
--found a cut state by heuristic 116.75720303625789 2.344991401059815e-8 
iteration: 95,  #states: 1234, valueb: 2.344991401059815e-8, activeness: 116.75720303625789, primalobj: 0.9999999981975924, dualobj: -Inf
solve--
end solve-- RelaxOptimal OPTIMAL
 weights_sum: 1.0
itereffortlevel: 0
--separating...
--find a better primal bound 165.86743169841253 by Alternative descent Eigen
--found a cut state by heuristic 165.86743169841253 1.7716672573442338e-10 
iteration: 96,  #states: 1235, valueb: 1.7716672573442338e-10, activeness: 165.86743169841253, primalobj: 0.9999999999722302, dualobj: -Inf
solve--
end solve-- RelaxOptimal OPTIMAL
 weights_sum: 1.0
itereffortlevel: 0
--separating...
--find a better primal bound 251.72610851737153 by Alternative descent Eigen
--found a cut state by heuristic 251.72610851737153 3.752670352241694e-8 
iteration: 97,  #states: 1236, valueb: 3.752670352241694e-8, activeness: 251.72610851737153, primalobj: 0.9999999972512728, dualobj: -Inf
solve--
end solve-- RelaxOptimal OPTIMAL
 weights_sum: 1.0
itereffortlevel: 0
--separating...
--find a better primal bound 144.753187804075 by Alternative descent Eigen
--found a cut state by heuristic 144.753187804075 5.801883027345411e-7 
iteration: 98,  #states: 1237, valueb: 5.801883027345411e-7, activeness: 144.753187804075, primalobj: 0.9999999504561217, dualobj: -Inf
solve--
end solve-- RelaxOptimal OPTIMAL
 weights_sum: 1.0
itereffortlevel: 0
--separating...
--find a better primal bound 236.22128780856943 by Alternative descent Eigen
--found a cut state by heuristic 236.22128780856943 3.7976772659931157e-7 
iteration: 99,  #states: 1238, valueb: 3.7976772659931157e-7, activeness: 236.22128780856943, primalobj: 0.9999999669803787, dualobj: -Inf
solve--
end solve-- RelaxOptimal OPTIMAL
 weights_sum: 1.0
itereffortlevel: 0
--separating...
--find a better primal bound 409.4369127923137 by Alternative descent Eigen
--found a cut state by heuristic 409.4369127923137 2.8208646085658984e-8 
iteration: 100,  #states: 1239, valueb: 2.8208646085658984e-8, activeness: 409.4369127923137, primalobj: 0.9999999979747545, dualobj: -Inf
solve--
end solve-- RelaxOptimal OPTIMAL
 weights_sum: 1.0
itereffortlevel: 0
--separating...
--find a better primal bound 122.69912552519301 by Alternative descent Eigen
--found a cut state by heuristic 122.69912552519301 3.8995962015064833e-10 
iteration: 101,  #states: 1240, valueb: 3.8995962015064833e-10, activeness: 122.69912552519301, primalobj: 0.9999999947745909, dualobj: -Inf
solve--
end solve-- RelaxOptimal OPTIMAL
 weights_sum: 1.0
itereffortlevel: 0
--separating...
--find a better primal bound 135.24586466877497 by Alternative descent Eigen
--found a cut state by heuristic 135.24586466877497 3.194929831806803e-8 
iteration: 102,  #states: 1241, valueb: 3.194929831806803e-8, activeness: 135.24586466877497, primalobj: 0.9999999977525968, dualobj: -Inf
solve--
end solve-- RelaxOptimal OPTIMAL
 weights_sum: 1.0
itereffortlevel: 0
--separating...
--find a better primal bound 257.83566814468657 by Alternative descent Eigen
--found a cut state by heuristic 257.83566814468657 4.159693389738095e-8 
iteration: 103,  #states: 1242, valueb: 4.159693389738095e-8, activeness: 257.83566814468657, primalobj: 0.9999999970991618, dualobj: -Inf
solve--
end solve-- RelaxOptimal OPTIMAL
 weights_sum: 1.0
itereffortlevel: 0
--separating...
--find a better primal bound 333.8784266725884 by Alternative descent Eigen
--found a cut state by heuristic 333.8784266725884 6.356140147545375e-8 
iteration: 104,  #states: 1243, valueb: 6.356140147545375e-8, activeness: 333.8784266725884, primalobj: 0.9999999955668659, dualobj: -Inf
solve--
end solve-- RelaxOptimal OPTIMAL
 weights_sum: 1.0
itereffortlevel: 0
--separating...
--find a better primal bound 192.81641291016498 by Alternative descent Eigen
--found a cut state by heuristic 192.81641291016498 2.498666162864538e-8 
iteration: 105,  #states: 1244, valueb: 2.498666162864538e-8, activeness: 192.81641291016498, primalobj: 0.9999999982110144, dualobj: -Inf
solve--
end solve-- RelaxOptimal OPTIMAL
 weights_sum: 1.0
itereffortlevel: 0
--separating...
--find a better primal bound 193.81637702020709 by Alternative descent Eigen
--found a cut state by heuristic 193.81637702020709 2.538629928494629e-8 
iteration: 106,  #states: 1245, valueb: 2.538629928494629e-8, activeness: 193.81637702020709, primalobj: 0.9999999981968706, dualobj: -Inf
solve--
end solve-- RelaxOptimal OPTIMAL
 weights_sum: 1.0
itereffortlevel: 0
--separating...
--find a better primal bound 434.4904092396687 by Alternative descent Eigen
--found a cut state by heuristic 434.4904092396687 1.631486554742878e-7 
iteration: 107,  #states: 1246, valueb: 1.631486554742878e-7, activeness: 434.4904092396687, primalobj: 0.9999999758822071, dualobj: -Inf
solve--
end solve-- RelaxOptimal OPTIMAL
 weights_sum: 1.0
itereffortlevel: 0
--separating...
--find a better primal bound 207.59249520751428 by Alternative descent Eigen
--found a cut state by heuristic 207.59249520751428 2.0770293929217587e-8 
iteration: 108,  #states: 1247, valueb: 2.0770293929217587e-8, activeness: 207.59249520751428, primalobj: 0.9999999984912402, dualobj: -Inf
solve--
end solve-- RelaxOptimal OPTIMAL
 weights_sum: 1.0
itereffortlevel: 0
--separating...
--find a better primal bound 108.28433232229897 by Alternative descent Eigen
--found a cut state by heuristic 108.28433232229897 2.3027268980513327e-8 
iteration: 109,  #states: 1248, valueb: 2.3027268980513327e-8, activeness: 108.28433232229897, primalobj: 0.9999999983278436, dualobj: -Inf
solve--
end solve-- RelaxOptimal OPTIMAL
 weights_sum: 1.0
itereffortlevel: 0
--separating...
--find a better primal bound 204.2976827411297 by Alternative descent Eigen
--found a cut state by heuristic 204.2976827411297 2.9103830456733704e-8 
iteration: 110,  #states: 1249, valueb: 2.9103830456733704e-8, activeness: 204.2976827411297, primalobj: 0.999999997882469, dualobj: -Inf
solve--
end solve-- RelaxOptimal OPTIMAL
 weights_sum: 1.0
itereffortlevel: 0
--separating...
--find a better primal bound 148.81589869421765 by Alternative descent Eigen
--found a cut state by heuristic 148.81589869421765 3.2756588552729227e-8 
iteration: 111,  #states: 1250, valueb: 3.2756588552729227e-8, activeness: 148.81589869421765, primalobj: 0.9999999976490328, dualobj: -Inf
solve--
end solve-- RelaxOptimal OPTIMAL
 weights_sum: 1.0
itereffortlevel: 0
--separating...
--find a better primal bound 162.13968895813892 by Alternative descent Eigen
--found a cut state by heuristic 162.13968895813892 1.8564833226264454e-8 
iteration: 112,  #states: 1251, valueb: 1.8564833226264454e-8, activeness: 162.13968895813892, primalobj: 0.9999999986561814, dualobj: -Inf
solve--
end solve-- RelaxOptimal OPTIMAL
 weights_sum: 1.0
itereffortlevel: 0
--separating...
--find a better primal bound 405.50961010449737 by Alternative descent Eigen
--found a cut state by heuristic 405.50961010449737 2.8347130864858627e-8 
iteration: 113,  #states: 1252, valueb: 2.8347130864858627e-8, activeness: 405.50961010449737, primalobj: 0.999999998050908, dualobj: -Inf
solve--
end solve-- RelaxOptimal OPTIMAL
 weights_sum: 1.0
itereffortlevel: 0
--separating...
--find a better primal bound 184.90894962783835 by Alternative descent Eigen
--found a cut state by heuristic 184.90894962783835 8.034217557906231e-8 
iteration: 114,  #states: 1253, valueb: 8.034217557906231e-8, activeness: 184.90894962783835, primalobj: 0.999999994431255, dualobj: -Inf
solve--
end solve-- RelaxOptimal OPTIMAL
 weights_sum: 1.0
itereffortlevel: 0
--separating...
--find a better primal bound 139.23864621056623 by Alternative descent Eigen
--found a cut state by heuristic 139.23864621056623 6.496588582649565e-7 
iteration: 115,  #states: 1254, valueb: 6.496588582649565e-7, activeness: 139.23864621056623, primalobj: 0.9999999499426877, dualobj: -Inf
solve--
end solve-- RelaxOptimal OPTIMAL
 weights_sum: 1.0
itereffortlevel: 0
--separating...
--find a better primal bound 83.68537301454617 by Alternative descent Eigen
--found a cut state by heuristic 83.68537301454617 2.3972033247332547e-9 
iteration: 116,  #states: 1255, valueb: 2.3972033247332547e-9, activeness: 83.68537301454617, primalobj: 0.9999999987589794, dualobj: -Inf
solve--
end solve-- RelaxOptimal OPTIMAL
 weights_sum: 1.0
itereffortlevel: 0
--separating...
--find a better primal bound 500.48580758016607 by Alternative descent Eigen
--found a cut state by heuristic 500.48580758016607 2.572845403392421e-8 
iteration: 117,  #states: 1256, valueb: 2.572845403392421e-8, activeness: 500.48580758016607, primalobj: 0.9999999982121621, dualobj: -Inf
solve--
end solve-- RelaxOptimal OPTIMAL
 weights_sum: 1.0
itereffortlevel: 0
--separating...
--find a better primal bound 209.0571417375662 by Alternative descent Eigen
--found a cut state by heuristic 209.0571417375662 8.896833048055441e-9 
iteration: 118,  #states: 1257, valueb: 8.896833048055441e-9, activeness: 209.0571417375662, primalobj: 0.9999999992415072, dualobj: -Inf
solve--
end solve-- RelaxOptimal OPTIMAL
 weights_sum: 1.0
itereffortlevel: 0
--separating...
--find a better primal bound 236.2492940960604 by Alternative descent Eigen
--found a cut state by heuristic 236.2492940960604 4.5629718670170405e-8 
iteration: 119,  #states: 1258, valueb: 4.5629718670170405e-8, activeness: 236.2492940960604, primalobj: 0.9999999964544728, dualobj: -Inf
solve--
end solve-- RelaxOptimal OPTIMAL
 weights_sum: 1.0
itereffortlevel: 0
--separating...
--find a better primal bound 148.41864965280826 by Alternative descent Eigen
--found a cut state by heuristic 148.41864965280826 2.6451147050465806e-8 
iteration: 120,  #states: 1259, valueb: 2.6451147050465806e-8, activeness: 148.41864965280826, primalobj: 0.9999999981444043, dualobj: -Inf
solve--
end solve-- RelaxOptimal OPTIMAL
 weights_sum: 1.0
itereffortlevel: 0
--separating...
--find a better primal bound 509.37330045467604 by Alternative descent Eigen
--found a cut state by heuristic 509.37330045467604 8.734076573091443e-8 
iteration: 121,  #states: 1260, valueb: 8.734076573091443e-8, activeness: 509.37330045467604, primalobj: 0.9999999938056066, dualobj: -Inf
solve--
end solve-- RelaxOptimal OPTIMAL
 weights_sum: 1.0
itereffortlevel: 0
--separating...
--find a better primal bound 130.90307085545894 by Alternative descent Eigen
--found a cut state by heuristic 130.90307085545894 9.308187998158246e-7 
iteration: 122,  #states: 1261, valueb: 9.308187998158246e-7, activeness: 130.90307085545894, primalobj: 0.9999998475632073, dualobj: -Inf
solve--
end solve-- RelaxOptimal OPTIMAL
 weights_sum: 1.0
itereffortlevel: 0
--separating...
--find a better primal bound 195.55302553506675 by Alternative descent Eigen
--found a cut state by heuristic 195.55302553506675 1.8826987080444724e-8 
iteration: 123,  #states: 1262, valueb: 1.8826987080444724e-8, activeness: 195.55302553506675, primalobj: 0.9999999986783361, dualobj: -Inf
solve--
end solve-- RelaxOptimal OPTIMAL
 weights_sum: 1.0
itereffortlevel: 0
--separating...
--find a better primal bound 100.53316979876621 by Alternative descent Eigen
--found a cut state by heuristic 100.53316979876621 5.7560896493669134e-8 
iteration: 124,  #states: 1263, valueb: 5.7560896493669134e-8, activeness: 100.53316979876621, primalobj: 0.9999999945810736, dualobj: -Inf
solve--
end solve-- RelaxOptimal OPTIMAL
 weights_sum: 1.0
itereffortlevel: 0
--separating...
--find a better primal bound 377.76146653721514 by Alternative descent Eigen
--found a cut state by heuristic 377.76146653721514 5.75365277200035e-7 
iteration: 125,  #states: 1264, valueb: 5.75365277200035e-7, activeness: 377.76146653721514, primalobj: 0.9999999410040841, dualobj: -Inf
solve--
end solve-- RelaxOptimal OPTIMAL
 weights_sum: 1.0
itereffortlevel: 0
--separating...
--find a better primal bound 192.78521788815303 by Alternative descent Eigen
--found a cut state by heuristic 192.78521788815303 2.63438266756566e-7 
iteration: 126,  #states: 1265, valueb: 2.63438266756566e-7, activeness: 192.78521788815303, primalobj: 0.9999999801450217, dualobj: -Inf
solve--
end solve-- RelaxOptimal OPTIMAL
 weights_sum: 1.0
itereffortlevel: 0
--separating...
--find a better primal bound 128.36263552442915 by Alternative descent Eigen
--found a cut state by heuristic 128.36263552442915 4.548041943053249e-9 
iteration: 127,  #states: 1266, valueb: 4.548041943053249e-9, activeness: 128.36263552442915, primalobj: 0.9999999996243996, dualobj: -Inf
solve--
end solve-- RelaxOptimal OPTIMAL
 weights_sum: 1.0
itereffortlevel: 0
--separating...
--find a better primal bound 278.14450885939823 by Alternative descent Eigen
--found a cut state by heuristic 278.14450885939823 6.431826093944437e-8 
iteration: 128,  #states: 1267, valueb: 6.431826093944437e-8, activeness: 278.14450885939823, primalobj: 0.9999999955817358, dualobj: -Inf
solve--
end solve-- RelaxOptimal OPTIMAL
 weights_sum: 1.0
itereffortlevel: 0
--separating...
--find a better primal bound 168.03187146014858 by Alternative descent Eigen
--found a cut state by heuristic 168.03187146014858 5.632537778410551e-7 
iteration: 129,  #states: 1268, valueb: 5.632537778410551e-7, activeness: 168.03187146014858, primalobj: 0.9999999597042353, dualobj: -Inf
solve--
end solve-- RelaxOptimal OPTIMAL
 weights_sum: 1.0
itereffortlevel: 0
--separating...
--find a better primal bound 129.15822245163866 by Alternative descent Eigen
--found a cut state by heuristic 129.15822245163866 5.841376093940198e-8 
iteration: 130,  #states: 1269, valueb: 5.841376093940198e-8, activeness: 129.15822245163866, primalobj: 0.9999999876878722, dualobj: -Inf
solve--
end solve-- RelaxOptimal OPTIMAL
 weights_sum: 1.0
itereffortlevel: 0
--separating...
--find a better primal bound 210.36041567251718 by Alternative descent Eigen
--found a cut state by heuristic 210.36041567251718 9.3384983301803e-8 
iteration: 131,  #states: 1270, valueb: 9.3384983301803e-8, activeness: 210.36041567251718, primalobj: 0.9999999934650812, dualobj: -Inf
solve--
end solve-- RelaxOptimal OPTIMAL
 weights_sum: 1.0
itereffortlevel: 0
--separating...
--find a better primal bound 127.83547177820643 by Alternative descent Eigen
--found a cut state by heuristic 127.83547177820643 1.3088881090084215e-9 
iteration: 132,  #states: 1271, valueb: 1.3088881090084215e-9, activeness: 127.83547177820643, primalobj: 0.9999999962231302, dualobj: -Inf
solve--
end solve-- RelaxOptimal OPTIMAL
 weights_sum: 1.0
itereffortlevel: 0
--separating...
--find a better primal bound 132.07382267317834 by Alternative descent Eigen
--found a cut state by heuristic 132.07382267317834 1.1971224012086168e-10 
iteration: 133,  #states: 1272, valueb: 1.1971224012086168e-10, activeness: 132.07382267317834, primalobj: 0.9999999999754312, dualobj: -Inf
solve--
end solve-- RelaxOptimal OPTIMAL
 weights_sum: 1.0
itereffortlevel: 0
--separating...
--find a better primal bound 200.09225509822494 by Alternative descent Eigen
--found a cut state by heuristic 200.09225509822494 1.074493027886092e-7 
iteration: 134,  #states: 1273, valueb: 1.074493027886092e-7, activeness: 200.09225509822494, primalobj: 0.9999999926420591, dualobj: -Inf
solve--
end solve-- RelaxOptimal OPTIMAL
 weights_sum: 1.0
itereffortlevel: 0
--separating...
--find a better primal bound 358.79027705279213 by Alternative descent Eigen
--found a cut state by heuristic 358.79027705279213 1.3166720691515366e-7 
iteration: 135,  #states: 1274, valueb: 1.3166720691515366e-7, activeness: 358.79027705279213, primalobj: 0.9999999911156374, dualobj: -Inf
solve--
end solve-- RelaxOptimal OPTIMAL
 weights_sum: 1.0
itereffortlevel: 0
--separating...
--find a better primal bound 264.14123015080344 by Alternative descent Eigen
--found a cut state by heuristic 264.14123015080344 1.519608883171486e-9 
iteration: 136,  #states: 1275, valueb: 1.519608883171486e-9, activeness: 264.14123015080344, primalobj: 0.9999999846302228, dualobj: -Inf
solve--
end solve-- RelaxOptimal OPTIMAL
 weights_sum: 1.0
itereffortlevel: 0
--separating...
--find a better primal bound 242.2333074051677 by Alternative descent Eigen
--found a cut state by heuristic 242.2333074051677 6.615916277041833e-7 
iteration: 137,  #states: 1276, valueb: 6.615916277041833e-7, activeness: 242.2333074051677, primalobj: 0.9999999388525633, dualobj: -Inf
solve--
end solve-- RelaxOptimal OPTIMAL
 weights_sum: 1.0
itereffortlevel: 0
--separating...
--find a better primal bound 459.951079410335 by Alternative descent Eigen
--found a cut state by heuristic 459.951079410335 9.14266308882361e-7 
iteration: 138,  #states: 1277, valueb: 9.14266308882361e-7, activeness: 459.951079410335, primalobj: 0.9999998703532371, dualobj: -Inf
solve--
end solve-- RelaxOptimal OPTIMAL
 weights_sum: 1.0
itereffortlevel: 0
--separating...
--find a better primal bound 151.87310884384723 by Alternative descent Eigen
--found a cut state by heuristic 151.87310884384723 6.356515314109856e-9 
iteration: 139,  #states: 1278, valueb: 6.356515314109856e-9, activeness: 151.87310884384723, primalobj: 0.9999999992728859, dualobj: -Inf
solve--
end solve-- RelaxOptimal OPTIMAL
 weights_sum: 1.0
itereffortlevel: 0
--separating...
--find a better primal bound 347.33609183217266 by Alternative descent Eigen
--found a cut state by heuristic 347.33609183217266 -0.0 
iteration: 140,  #states: 1279, valueb: -0.0, activeness: 347.33609183217266, primalobj: 0.9999999999999998, dualobj: -Inf
solve--
end solve-- RelaxOptimal OPTIMAL
 weights_sum: 1.0
itereffortlevel: 0
--separating...
--find a better primal bound 187.67734450775856 by Alternative descent Eigen
--found a cut state by heuristic 187.67734450775856 1.1289102985756472e-10 
iteration: 141,  #states: 1280, valueb: 1.1289102985756472e-10, activeness: 187.67734450775856, primalobj: 0.9999999999813722, dualobj: -Inf
solve--
end solve-- RelaxOptimal OPTIMAL
 weights_sum: 1.0
itereffortlevel: 0
--separating...
--find a better primal bound 149.87840310936207 by Alternative descent Eigen
--found a cut state by heuristic 149.87840310936207 3.398170633772679e-12 
iteration: 142,  #states: 1281, valueb: 3.398170633772679e-12, activeness: 149.87840310936207, primalobj: 0.999999999997657, dualobj: -Inf
solve--
end solve-- RelaxOptimal OPTIMAL
 weights_sum: 1.0
itereffortlevel: 0
--separating...
--find a better primal bound 376.72724774045787 by Alternative descent Eigen
--found a cut state by heuristic 376.72724774045787 -0.0 
iteration: 143,  #states: 1282, valueb: -0.0, activeness: 376.72724774045787, primalobj: 0.9999999999999998, dualobj: -Inf
solve--
end solve-- RelaxOptimal OPTIMAL
 weights_sum: 1.0
itereffortlevel: 0
--separating...
--find a better primal bound 77.37756171629252 by Alternative descent Eigen
--found a cut state by heuristic 77.37756171629252 3.8831160509289475e-12 
iteration: 144,  #states: 1283, valueb: 3.8831160509289475e-12, activeness: 77.37756171629252, primalobj: 0.9999999999860539, dualobj: -Inf
solve--
end solve-- RelaxOptimal OPTIMAL
 weights_sum: 1.0
itereffortlevel: 0
--separating...
--find a better primal bound 274.4639703063943 by Alternative descent Eigen
--found a cut state by heuristic 274.4639703063943 9.510381957511527e-7 
iteration: 145,  #states: 1284, valueb: 9.510381957511527e-7, activeness: 274.4639703063943, primalobj: 0.9999999133891659, dualobj: -Inf
solve--
end solve-- RelaxOptimal OPTIMAL
 weights_sum: 1.0
itereffortlevel: 0
--separating...
--find a better primal bound 420.43503875473664 by Alternative descent Eigen
--found a cut state by heuristic 420.43503875473664 2.1432839503177092e-8 
iteration: 146,  #states: 1285, valueb: 2.1432839503177092e-8, activeness: 420.43503875473664, primalobj: 0.9999999984975594, dualobj: -Inf
solve--
end solve-- RelaxOptimal OPTIMAL
 weights_sum: 1.0
itereffortlevel: 0
--separating...
--find a better primal bound 147.676373504561 by Alternative descent Eigen
--found a cut state by heuristic 147.676373504561 1.3855014913133346e-9 
iteration: 147,  #states: 1286, valueb: 1.3855014913133346e-9, activeness: 147.676373504561, primalobj: 0.9999999998718923, dualobj: -Inf
solve--
end solve-- RelaxOptimal OPTIMAL
 weights_sum: 1.0
itereffortlevel: 0
--separating...
--find a better primal bound 299.8673885606281 by Alternative descent Eigen
--found a cut state by heuristic 299.8673885606281 4.511662154982332e-10 
iteration: 148,  #states: 1287, valueb: 4.511662154982332e-10, activeness: 299.8673885606281, primalobj: 0.9999999999483042, dualobj: -Inf
solve--
end solve-- RelaxOptimal OPTIMAL
 weights_sum: 1.0
itereffortlevel: 0
--separating...
--find a better primal bound 283.7660957173179 by Alternative descent Eigen
--found a cut state by heuristic 283.7660957173179 1.485100931120087e-11 
iteration: 149,  #states: 1288, valueb: 1.485100931120087e-11, activeness: 283.7660957173179, primalobj: 0.9999999999747254, dualobj: -Inf
solve--
end solve-- RelaxOptimal OPTIMAL
 weights_sum: 1.0
itereffortlevel: 0
--separating...
--find a better primal bound 158.52840753713957 by Alternative descent Eigen
--found a cut state by heuristic 158.52840753713957 1.921819148265058e-9 
iteration: 150,  #states: 1289, valueb: 1.921819148265058e-9, activeness: 158.52840753713957, primalobj: 0.9999999998228459, dualobj: -Inf
solve--
end solve-- RelaxOptimal OPTIMAL
 weights_sum: 1.0
itereffortlevel: 0
--separating...
--find a better primal bound 146.77338365476987 by Alternative descent Eigen
--found a cut state by heuristic 146.77338365476987 -0.0 
iteration: 151,  #states: 1290, valueb: -0.0, activeness: 146.77338365476987, primalobj: 1.0, dualobj: -Inf
solve--
end solve-- RelaxOptimal OPTIMAL
 weights_sum: 1.0
itereffortlevel: 0
--separating...
--find a better primal bound 284.1951905796108 by Alternative descent Eigen
--found a cut state by heuristic 284.1951905796108 -0.0 
iteration: 152,  #states: 1291, valueb: -0.0, activeness: 284.1951905796108, primalobj: 1.0, dualobj: -Inf
solve--
end solve-- RelaxOptimal OPTIMAL
 weights_sum: 1.0
itereffortlevel: 0
--separating...
--find a better primal bound 254.56541708726252 by Alternative descent Eigen
--found a cut state by heuristic 254.56541708726252 1.9038282061956124e-10 
iteration: 153,  #states: 1292, valueb: 1.9038282061956124e-10, activeness: 254.56541708726252, primalobj: 0.9999999999774478, dualobj: -Inf
solve--
end solve-- RelaxOptimal OPTIMAL
 weights_sum: 1.0
itereffortlevel: 0
--separating...
--find a better primal bound 675.0611875304113 by Alternative descent Eigen
--found a cut state by heuristic 675.0611875304113 2.9689914526898065e-8 
iteration: 154,  #states: 1293, valueb: 2.9689914526898065e-8, activeness: 675.0611875304113, primalobj: 0.9999999974000053, dualobj: -Inf
solve--
end solve-- RelaxOptimal OPTIMAL
 weights_sum: 1.0
itereffortlevel: 0
--separating...
--find a better primal bound 276.3792096906005 by Alternative descent Eigen
--found a cut state by heuristic 276.3792096906005 4.0259351408167277e-11 
iteration: 155,  #states: 1294, valueb: 4.0259351408167277e-11, activeness: 276.3792096906005, primalobj: 0.9999999999882545, dualobj: -Inf
solve--
end solve-- RelaxOptimal OPTIMAL
 weights_sum: 1.0
itereffortlevel: 0
--separating...
--find a better primal bound 184.1150161732089 by Alternative descent Eigen
--found a cut state by heuristic 184.1150161732089 2.269517906938745e-10 
iteration: 156,  #states: 1295, valueb: 2.269517906938745e-10, activeness: 184.1150161732089, primalobj: 0.9999999981267048, dualobj: -Inf
solve--
end solve-- RelaxOptimal OPTIMAL
 weights_sum: 1.0
itereffortlevel: 0
--separating...
--find a better primal bound 302.4829262078557 by Alternative descent Eigen
--found a cut state by heuristic 302.4829262078557 4.04961610911414e-8 
iteration: 157,  #states: 1296, valueb: 4.04961610911414e-8, activeness: 302.4829262078557, primalobj: 0.9999999909701462, dualobj: -Inf
solve--
end solve-- RelaxOptimal OPTIMAL
 weights_sum: 1.0
itereffortlevel: 0
--separating...
--find a better primal bound 181.97026491115753 by Alternative descent Eigen
--found a cut state by heuristic 181.97026491115753 6.411397635019966e-8 
iteration: 158,  #states: 1297, valueb: 6.411397635019966e-8, activeness: 181.97026491115753, primalobj: 0.9999999863203046, dualobj: -Inf
solve--
end solve-- RelaxOptimal OPTIMAL
 weights_sum: 1.0
itereffortlevel: 0
--separating...
--find a better primal bound 212.3720950835529 by Alternative descent Eigen
--found a cut state by heuristic 212.3720950835529 4.0975379533847445e-8 
iteration: 159,  #states: 1298, valueb: 4.0975379533847445e-8, activeness: 212.3720950835529, primalobj: 0.9999999909451156, dualobj: -Inf
solve--
end solve-- RelaxOptimal OPTIMAL
 weights_sum: 1.0
itereffortlevel: 0
--separating...
--find a better primal bound 859.1279820205946 by Alternative descent Eigen
--found a cut state by heuristic 859.1279820205946 5.4871577503945446e-8 
iteration: 160,  #states: 1299, valueb: 5.4871577503945446e-8, activeness: 859.1279820205946, primalobj: 0.9999999833629749, dualobj: -Inf
solve--
end solve-- RelaxOptimal OPTIMAL
 weights_sum: 1.0
itereffortlevel: 0
--separating...
--find a better primal bound 584.1231355806285 by Alternative descent Eigen
--found a cut state by heuristic 584.1231355806285 3.9250380723387934e-10 
iteration: 161,  #states: 1300, valueb: 3.9250380723387934e-10, activeness: 584.1231355806285, primalobj: 0.9999999999351665, dualobj: -Inf
solve--
end solve-- RelaxOptimal OPTIMAL
 weights_sum: 1.0
itereffortlevel: 0
--separating...
--find a better primal bound 499.3004802303843 by Alternative descent Eigen
--found a cut state by heuristic 499.3004802303843 4.8046899792097975e-11 
iteration: 162,  #states: 1301, valueb: 4.8046899792097975e-11, activeness: 499.3004802303843, primalobj: 0.9999999999844165, dualobj: -Inf
solve--
end solve-- RelaxOptimal OPTIMAL
 weights_sum: 1.0
itereffortlevel: 0
--separating...
--find a better primal bound 726.426337935497 by Alternative descent Eigen
--found a cut state by heuristic 726.426337935497 8.425899977737572e-10 
iteration: 163,  #states: 1302, valueb: 8.425899977737572e-10, activeness: 726.426337935497, primalobj: 0.9999999998958626, dualobj: -Inf
solve--
end solve-- RelaxOptimal OPTIMAL
 weights_sum: 1.0
itereffortlevel: 0
--separating...
--find a better primal bound 595.6822107311802 by Alternative descent Eigen
--found a cut state by heuristic 595.6822107311802 7.544133495684946e-8 
iteration: 164,  #states: 1303, valueb: 7.544133495684946e-8, activeness: 595.6822107311802, primalobj: 0.999999993128083, dualobj: -Inf
solve--
end solve-- RelaxOptimal OPTIMAL
 weights_sum: 1.0
itereffortlevel: 0
--separating...
--find a better primal bound 286.0325036537532 by Alternative descent Eigen
--found a cut state by heuristic 286.0325036537532 8.241062232627883e-8 
iteration: 165,  #states: 1304, valueb: 8.241062232627883e-8, activeness: 286.0325036537532, primalobj: 0.9999999931986012, dualobj: -Inf
solve--
end solve-- RelaxOptimal OPTIMAL
 weights_sum: 1.0
itereffortlevel: 0
--separating...
--find a better primal bound 186.65694664478752 by Alternative descent Eigen
--found a cut state by heuristic 186.65694664478752 4.896455152447743e-8 
iteration: 166,  #states: 1305, valueb: 4.896455152447743e-8, activeness: 186.65694664478752, primalobj: 0.9999999955336834, dualobj: -Inf
solve--
end solve-- RelaxOptimal OPTIMAL
 weights_sum: 1.0
itereffortlevel: 0
--separating...
--find a better primal bound 4106.429204120304 by Alternative descent Eigen
--found a cut state by heuristic 4106.429204120304 7.16116801413591e-8 
iteration: 167,  #states: 1306, valueb: 7.16116801413591e-8, activeness: 4106.429204120304, primalobj: 0.9999999940587734, dualobj: -Inf
solve--
end solve-- RelaxOptimal OPTIMAL
 weights_sum: 1.0
itereffortlevel: 0
--separating...
--find a better primal bound 447.23811959512005 by Alternative descent Eigen
--found a cut state by heuristic 447.23811959512005 4.446221169018827e-12 
iteration: 168,  #states: 1307, valueb: 4.446221169018827e-12, activeness: 447.23811959512005, primalobj: 0.9999999999992211, dualobj: -Inf
solve--
end solve-- RelaxOptimal OPTIMAL
 weights_sum: 1.0
itereffortlevel: 0
--separating...
--find a better primal bound 342.99227250431363 by Alternative descent Eigen
--found a cut state by heuristic 342.99227250431363 -0.0 
iteration: 169,  #states: 1308, valueb: -0.0, activeness: 342.99227250431363, primalobj: 1.0, dualobj: -Inf
solve--
end solve-- RelaxOptimal OPTIMAL
 weights_sum: 1.0
itereffortlevel: 0
--separating...
--find a better primal bound 625.3266053682553 by Alternative descent Eigen
--found a cut state by heuristic 625.3266053682553 1.577354851178825e-7 
iteration: 170,  #states: 1309, valueb: 1.577354851178825e-7, activeness: 625.3266053682553, primalobj: 0.9999999863440383, dualobj: -Inf
solve--
end solve-- RelaxOptimal OPTIMAL
 weights_sum: 1.0
itereffortlevel: 0
--separating...
--find a better primal bound 547.7506485677117 by Alternative descent Eigen
--found a cut state by heuristic 547.7506485677117 1.0207224931946257e-7 
iteration: 171,  #states: 1310, valueb: 1.0207224931946257e-7, activeness: 547.7506485677117, primalobj: 0.9999999818495413, dualobj: -Inf
solve--
end solve-- RelaxOptimal OPTIMAL
 weights_sum: 1.0
itereffortlevel: 0
--separating...
--find a better primal bound 507.0903713441166 by Alternative descent Eigen
--found a cut state by heuristic 507.0903713441166 1.2014103845103818e-7 
iteration: 172,  #states: 1311, valueb: 1.2014103845103818e-7, activeness: 507.0903713441166, primalobj: 0.9999999757770937, dualobj: -Inf
solve--
end solve-- RelaxOptimal OPTIMAL
 weights_sum: 1.0
itereffortlevel: 0
--separating...
--find a better primal bound 526.5264043761591 by Alternative descent Eigen
--found a cut state by heuristic 526.5264043761591 5.403353497968055e-8 
iteration: 173,  #states: 1312, valueb: 5.403353497968055e-8, activeness: 526.5264043761591, primalobj: 0.9999999938236361, dualobj: -Inf
solve--
end solve-- RelaxOptimal OPTIMAL
 weights_sum: 1.0
itereffortlevel: 0
--separating...
--find a better primal bound 987.4557253064213 by Alternative descent Eigen
--found a cut state by heuristic 987.4557253064213 1.793005139916204e-7 
iteration: 174,  #states: 1313, valueb: 1.793005139916204e-7, activeness: 987.4557253064213, primalobj: 0.9999999641354966, dualobj: -Inf
solve--
end solve-- RelaxOptimal OPTIMAL
 weights_sum: 1.0
itereffortlevel: 0
--separating...
--find a better primal bound 515.7370951542961 by Alternative descent Eigen
--found a cut state by heuristic 515.7370951542961 3.728928277269006e-11 
iteration: 175,  #states: 1314, valueb: 3.728928277269006e-11, activeness: 515.7370951542961, primalobj: 0.9999999999852403, dualobj: -Inf
solve--
end solve-- RelaxOptimal OPTIMAL
 weights_sum: 1.0
itereffortlevel: 0
--separating...
--find a better primal bound 660.0568928204199 by Alternative descent Eigen
--found a cut state by heuristic 660.0568928204199 1.4365957667905604e-7 
iteration: 176,  #states: 1315, valueb: 1.4365957667905604e-7, activeness: 660.0568928204199, primalobj: 0.9999999800370198, dualobj: -Inf
solve--
end solve-- RelaxOptimal OPTIMAL
 weights_sum: 1.0
itereffortlevel: 0
--separating...
--find a better primal bound 449.87533847696614 by Alternative descent Eigen
--found a cut state by heuristic 449.87533847696614 1.071054356316381e-11 
iteration: 177,  #states: 1316, valueb: 1.071054356316381e-11, activeness: 449.87533847696614, primalobj: 0.999999999996851, dualobj: -Inf
solve--
end solve-- RelaxOptimal OPTIMAL
 weights_sum: 1.0
itereffortlevel: 0
--separating...
--find a better primal bound 600.4186499870877 by Alternative descent Eigen
--found a cut state by heuristic 600.4186499870877 4.013170951111533e-8 
iteration: 178,  #states: 1317, valueb: 4.013170951111533e-8, activeness: 600.4186499870877, primalobj: 0.9999999932735377, dualobj: -Inf
solve--
end solve-- RelaxOptimal OPTIMAL
 weights_sum: 1.0
itereffortlevel: 0
--separating...
--find a better primal bound 523.5594951403821 by Alternative descent Eigen
--found a cut state by heuristic 523.5594951403821 4.113053364562802e-8 
iteration: 179,  #states: 1318, valueb: 4.113053364562802e-8, activeness: 523.5594951403821, primalobj: 0.9999999952750753, dualobj: -Inf
solve--
end solve-- RelaxOptimal OPTIMAL
 weights_sum: 1.0
itereffortlevel: 0
--separating...
--find a better primal bound 572.5843128516699 by Alternative descent Eigen
--found a cut state by heuristic 572.5843128516699 4.364508754406415e-12 
iteration: 180,  #states: 1319, valueb: 4.364508754406415e-12, activeness: 572.5843128516699, primalobj: 0.9999999999947381, dualobj: -Inf
solve--
end solve-- RelaxOptimal OPTIMAL
 weights_sum: 1.0
itereffortlevel: 0
--separating...
--find a better primal bound 580.1323564270068 by Alternative descent Eigen
--found a cut state by heuristic 580.1323564270068 2.6350335247116163e-8 
iteration: 181,  #states: 1320, valueb: 2.6350335247116163e-8, activeness: 580.1323564270068, primalobj: 0.9999999977880856, dualobj: -Inf
solve--
end solve-- RelaxOptimal OPTIMAL
 weights_sum: 1.0
itereffortlevel: 0
--separating...
--find a better primal bound 1242.3605867320239 by Alternative descent Eigen
--found a cut state by heuristic 1242.3605867320239 3.21074367093388e-9 
iteration: 182,  #states: 1321, valueb: 3.21074367093388e-9, activeness: 1242.3605867320239, primalobj: 0.9999999996989837, dualobj: -Inf
solve--
end solve-- RelaxOptimal OPTIMAL
 weights_sum: 1.0
itereffortlevel: 0
--separating...
--find a better primal bound 1201.26788769213 by Alternative descent Eigen
--found a cut state by heuristic 1201.26788769213 1.48929757415317e-11 
iteration: 183,  #states: 1322, valueb: 1.48929757415317e-11, activeness: 1201.26788769213, primalobj: 0.9999999999970417, dualobj: -Inf
solve--
end solve-- RelaxOptimal OPTIMAL
 weights_sum: 1.0
itereffortlevel: 0
--separating...
--find a better primal bound 3461.799716403547 by Alternative descent Eigen
--found a cut state by heuristic 3461.799716403547 4.0586201066616923e-10 
iteration: 184,  #states: 1323, valueb: 4.0586201066616923e-10, activeness: 3461.799716403547, primalobj: 0.9999999999347058, dualobj: -Inf
solve--
end solve-- RelaxOptimal OPTIMAL
 weights_sum: 1.0
itereffortlevel: 0
--separating...
--find a better primal bound 61990.73949385802 by Alternative descent Eigen
--found a cut state by heuristic 61990.73949385802 -0.0 
iteration: 185,  #states: 1324, valueb: -0.0, activeness: 61990.73949385802, primalobj: 0.9999999999999766, dualobj: -Inf
solve--
end solve-- RelaxOptimal OPTIMAL
 weights_sum: 1.0000000000000435
itereffortlevel: 0
--separating...
--find a better primal bound 32.402967268736035 by Alternative descent Eigen
--found a cut state by heuristic 32.402967268736035 -0.0 
iteration: 186,  #states: 1325, valueb: -0.0, activeness: 32.402967268736035, primalobj: 0.9563279447544044, dualobj: -Inf
solve--
end solve-- RelaxOptimal OPTIMAL
 weights_sum: 0.9999999999999994
itereffortlevel: 0
--separating...
--find a better primal bound 23.00995395705869 by Alternative descent Eigen
--found a cut state by heuristic 23.00995395705869 0.2958858585636664 
iteration: 187,  #states: 1326, valueb: 0.2958858585636664, activeness: 23.00995395705869, primalobj: 0.9544306348401843, dualobj: -Inf
solve--
end solve-- RelaxOptimal OPTIMAL
 weights_sum: 0.9999999999999997
itereffortlevel: 0
--separating...
--find a better primal bound 11.94839002438289 by Alternative descent Eigen
--found a cut state by heuristic 11.94839002438289 0.28064079828555566 
iteration: 188,  #states: 1327, valueb: 0.28064079828555566, activeness: 11.94839002438289, primalobj: 0.953383690011585, dualobj: -Inf
solve--
end solve-- RelaxOptimal OPTIMAL
 weights_sum: 0.9999999999999994
itereffortlevel: 0
--separating...
--find a better primal bound 10.706124527819869 by Alternative descent Eigen
--found a cut state by heuristic 10.706124527819869 0.041359510413543674 
iteration: 189,  #states: 1328, valueb: 0.041359510413543674, activeness: 10.706124527819869, primalobj: 0.9527652865370301, dualobj: -Inf
solve--
end solve-- RelaxOptimal OPTIMAL
 weights_sum: 0.9999999999999997
itereffortlevel: 0
--separating...
--find a better primal bound 13.45851253481269 by Alternative descent Eigen
--found a cut state by heuristic 13.45851253481269 0.04047577598876802 
iteration: 190,  #states: 1329, valueb: 0.04047577598876802, activeness: 13.45851253481269, primalobj: 0.9522759019706031, dualobj: -Inf
solve--
end solve-- RelaxOptimal OPTIMAL
 weights_sum: 1.0000000000000007
itereffortlevel: 0
--separating...
--find a better primal bound 9.848552091534252 by Alternative descent Eigen
--found a cut state by heuristic 9.848552091534252 0.10215597084835087 
iteration: 191,  #states: 1330, valueb: 0.10215597084835087, activeness: 9.848552091534252, primalobj: 0.9515670416064792, dualobj: -Inf
solve--
end solve-- RelaxOptimal OPTIMAL
 weights_sum: 0.9999999999999993
itereffortlevel: 0
--separating...
--find a better primal bound 8.110371793533254 by Alternative descent Eigen
--found a cut state by heuristic 8.110371793533254 0.2387860442656826 
iteration: 192,  #states: 1331, valueb: 0.2387860442656826, activeness: 8.110371793533254, primalobj: 0.9510829661065527, dualobj: -Inf
solve--
end solve-- RelaxOptimal OPTIMAL
 weights_sum: 0.9999999999999997
itereffortlevel: 0
--separating...
--find a better primal bound 5.393621637312947 by Alternative descent Eigen
--found a cut state by heuristic 5.393621637312947 0.3251885516042171 
iteration: 193,  #states: 1332, valueb: 0.3251885516042171, activeness: 5.393621637312947, primalobj: 0.9507067013729782, dualobj: -Inf
solve--
end solve-- RelaxOptimal OPTIMAL
 weights_sum: 1.0000000000000009
itereffortlevel: 0
--separating...
--find a better primal bound 13.456271956909575 by Alternative descent Eigen
--found a cut state by heuristic 13.456271956909575 0.05543071223097044 
iteration: 194,  #states: 1333, valueb: 0.05543071223097044, activeness: 13.456271956909575, primalobj: 0.950524048332295, dualobj: -Inf
solve--
end solve-- RelaxOptimal OPTIMAL
 weights_sum: 1.0000000172713974
itereffortlevel: 0
--separating...
--find a better primal bound 4.513015673487771 by Alternative descent Eigen
--found a cut state by heuristic 4.513015673487771 0.09498283421570175 
iteration: 195,  #states: 1334, valueb: 0.09498283421570175, activeness: 4.513015673487771, primalobj: 0.9498288900446696, dualobj: -Inf
solve--
end solve-- RelaxOptimal OPTIMAL
 weights_sum: 0.9999999999999998
itereffortlevel: 0
--separating...
--find a better primal bound 5.886719007544128 by Alternative descent Eigen
--found a cut state by heuristic 5.886719007544128 0.10250068839719617 
iteration: 196,  #states: 1335, valueb: 0.10250068839719617, activeness: 5.886719007544128, primalobj: 0.9495480699048859, dualobj: -Inf
solve--
end solve-- RelaxOptimal OPTIMAL
 weights_sum: 1.0000000000000002
itereffortlevel: 0
--separating...
--find a better primal bound 5.784639287736309 by Alternative descent Eigen
--found a cut state by heuristic 5.784639287736309 0.12692216140829463 
iteration: 197,  #states: 1336, valueb: 0.12692216140829463, activeness: 5.784639287736309, primalobj: 0.9493197544651863, dualobj: -Inf
solve--
end solve-- RelaxOptimal OPTIMAL
 weights_sum: 0.9999999999999993
itereffortlevel: 0
--separating...
--find a better primal bound 7.988511585192617 by Alternative descent Eigen
--found a cut state by heuristic 7.988511585192617 0.13592853092961585 
iteration: 198,  #states: 1337, valueb: 0.13592853092961585, activeness: 7.988511585192617, primalobj: 0.9490803944274125, dualobj: -Inf
solve--
end solve-- RelaxOptimal OPTIMAL
 weights_sum: 1.0000000000000009
itereffortlevel: 0
--separating...
--find a better primal bound 5.112046356708896 by Alternative descent Eigen
--found a cut state by heuristic 5.112046356708896 0.06714686404207526 
iteration: 199,  #states: 1338, valueb: 0.06714686404207526, activeness: 5.112046356708896, primalobj: 0.9486765748848969, dualobj: -Inf
solve--
end solve-- RelaxOptimal OPTIMAL
 weights_sum: 1.0000000000000004
itereffortlevel: 0
--separating...
--find a better primal bound 5.661436976664404 by Alternative descent Eigen
--found a cut state by heuristic 5.661436976664404 0.055513957084399324 
iteration: 200,  #states: 1339, valueb: 0.055513957084399324, activeness: 5.661436976664404, primalobj: 0.9484789515917785, dualobj: -Inf
solve--
end solve-- RelaxOptimal OPTIMAL
 weights_sum: 0.9999999999999999
itereffortlevel: 0
--separating...
--find a better primal bound 4.134444889426574 by Alternative descent Eigen
--found a cut state by heuristic 4.134444889426574 0.058616667507930806 
iteration: 201,  #states: 1340, valueb: 0.058616667507930806, activeness: 4.134444889426574, primalobj: 0.9481910674202195, dualobj: -Inf
solve--
end solve-- RelaxOptimal OPTIMAL
 weights_sum: 0.9999999999999991
itereffortlevel: 0
--separating...
--find a better primal bound 2.6889545732399704 by Alternative descent Eigen
--found a cut state by heuristic 2.6889545732399704 0.10487263305412345 
iteration: 202,  #states: 1341, valueb: 0.10487263305412345, activeness: 2.6889545732399704, primalobj: 0.9479853935781796, dualobj: -Inf
solve--
end solve-- RelaxOptimal OPTIMAL
 weights_sum: 1.0000000000000002
itereffortlevel: 0
--separating...
--find a better primal bound 3.692435505998201 by Alternative descent Eigen
--found a cut state by heuristic 3.692435505998201 0.06643770670015339 
iteration: 203,  #states: 1342, valueb: 0.06643770670015339, activeness: 3.692435505998201, primalobj: 0.9479242680200846, dualobj: -Inf
solve--
end solve-- RelaxOptimal OPTIMAL
 weights_sum: 1.0000000000000004
itereffortlevel: 0
--separating...
--find a better primal bound 4.272130403571552 by Alternative descent Eigen
--found a cut state by heuristic 4.272130403571552 0.11375046728272582 
iteration: 204,  #states: 1343, valueb: 0.11375046728272582, activeness: 4.272130403571552, primalobj: 0.9477889935105972, dualobj: -Inf
solve--
end solve-- RelaxOptimal OPTIMAL
 weights_sum: 1.0000000000000004
itereffortlevel: 0
--separating...
--find a better primal bound 3.298559873800154 by Alternative descent Eigen
--found a cut state by heuristic 3.298559873800154 0.11727622731412761 
iteration: 205,  #states: 1344, valueb: 0.11727622731412761, activeness: 3.298559873800154, primalobj: 0.9476260126227953, dualobj: -Inf
solve--
end solve-- RelaxOptimal OPTIMAL
 weights_sum: 1.0000000000000007
itereffortlevel: 0
--separating...
--find a better primal bound 2.385658040394199 by Alternative descent Eigen
--found a cut state by heuristic 2.385658040394199 0.0384640740129279 
iteration: 206,  #states: 1345, valueb: 0.0384640740129279, activeness: 2.385658040394199, primalobj: 0.9474867222902519, dualobj: -Inf
solve--
end solve-- RelaxOptimal OPTIMAL
 weights_sum: 1.0000000000000002
itereffortlevel: 0
--separating...
--find a better primal bound 3.605921096440938 by Alternative descent Eigen
--found a cut state by heuristic 3.605921096440938 0.005927142207064027 
iteration: 207,  #states: 1346, valueb: 0.005927142207064027, activeness: 3.605921096440938, primalobj: 0.9474392590643053, dualobj: -Inf
solve--
end solve-- RelaxOptimal OPTIMAL
 weights_sum: 1.0000000057760507
itereffortlevel: 0
--separating...
--find a better primal bound 3.3203133918204855 by Alternative descent Eigen
--found a cut state by heuristic 3.3203133918204855 0.0824653123674462 
iteration: 208,  #states: 1347, valueb: 0.0824653123674462, activeness: 3.3203133918204855, primalobj: 0.947352012512994, dualobj: -Inf
solve--
end solve-- RelaxOptimal OPTIMAL
 weights_sum: 1.0000000631199386
itereffortlevel: 0
--separating...
--find a better primal bound 2.2776469224136004 by Alternative descent Eigen
--found a cut state by heuristic 2.2776469224136004 0.01621035401765098 
iteration: 209,  #states: 1348, valueb: 0.01621035401765098, activeness: 2.2776469224136004, primalobj: 0.9472380230126033, dualobj: -Inf
solve--
end solve-- RelaxOptimal OPTIMAL
 weights_sum: 1.0000000000000007
itereffortlevel: 0
--separating...
--find a better primal bound 2.1161020932503316 by Alternative descent Eigen
--found a cut state by heuristic 2.1161020932503316 0.03109657357752038 
iteration: 210,  #states: 1349, valueb: 0.03109657357752038, activeness: 2.1161020932503316, primalobj: 0.9471876547937198, dualobj: -Inf
solve--
end solve-- RelaxOptimal OPTIMAL
 weights_sum: 1.0
itereffortlevel: 0
--separating...
--find a better primal bound 3.0273160985614402 by Alternative descent Eigen
--found a cut state by heuristic 3.0273160985614402 0.011634255274411984 
iteration: 211,  #states: 1350, valueb: 0.011634255274411984, activeness: 3.0273160985614402, primalobj: 0.9471181196894906, dualobj: -Inf
solve--
end solve-- RelaxOptimal OPTIMAL
 weights_sum: 1.0000000000000002
itereffortlevel: 0
--separating...
--find a better primal bound 2.978636996945304 by Alternative descent Eigen
--found a cut state by heuristic 2.978636996945304 0.04716184617920183 
iteration: 212,  #states: 1351, valueb: 0.04716184617920183, activeness: 2.978636996945304, primalobj: 0.9469948045962492, dualobj: -Inf
solve--
end solve-- RelaxOptimal OPTIMAL
 weights_sum: 0.9999999999999996
itereffortlevel: 0
--separating...
--find a better primal bound 4.076679946875896 by Alternative descent Eigen
--found a cut state by heuristic 4.076679946875896 0.003495821319243095 
iteration: 213,  #states: 1352, valueb: 0.003495821319243095, activeness: 4.076679946875896, primalobj: 0.9469095761906793, dualobj: -Inf
solve--
end solve-- RelaxOptimal OPTIMAL
 weights_sum: 1.000000000000001
itereffortlevel: 0
--separating...
--find a better primal bound 2.4825136990007333 by Alternative descent Eigen
--found a cut state by heuristic 2.4825136990007333 0.07298080519754668 
iteration: 214,  #states: 1353, valueb: 0.07298080519754668, activeness: 2.4825136990007333, primalobj: 0.9466831557911574, dualobj: -Inf
solve--
end solve-- RelaxOptimal OPTIMAL
 weights_sum: 1.0
itereffortlevel: 0
--separating...
--find a better primal bound 3.1366598705472226 by Alternative descent Eigen
--found a cut state by heuristic 3.1366598705472226 0.07075470946032043 
iteration: 215,  #states: 1354, valueb: 0.07075470946032043, activeness: 3.1366598705472226, primalobj: 0.9466241824296723, dualobj: -Inf
solve--
end solve-- RelaxOptimal OPTIMAL
 weights_sum: 0.9999999999999996
itereffortlevel: 0
--separating...
--find a better primal bound 1.635339425441922 by Alternative descent Eigen
--found a cut state by heuristic 1.635339425441922 0.06676675017012626 
iteration: 216,  #states: 1355, valueb: 0.06676675017012626, activeness: 1.635339425441922, primalobj: 0.946459396674695, dualobj: -Inf
solve--
end solve-- RelaxOptimal OPTIMAL
 weights_sum: 1.0000004620098972
itereffortlevel: 0
--separating...
--find a better primal bound 2.5940390997707796 by Alternative descent Eigen
--found a cut state by heuristic 2.5940390997707796 0.025489140233891962 
iteration: 217,  #states: 1356, valueb: 0.025489140233891962, activeness: 2.5940390997707796, primalobj: 0.9463627318881985, dualobj: -Inf
solve--
end solve-- RelaxOptimal OPTIMAL
 weights_sum: 0.9999999999999997
itereffortlevel: 0
--separating...
--find a better primal bound 2.85760119764027 by Alternative descent Eigen
--found a cut state by heuristic 2.85760119764027 0.01689660854938315 
iteration: 218,  #states: 1357, valueb: 0.01689660854938315, activeness: 2.85760119764027, primalobj: 0.9462519368105021, dualobj: -Inf
solve--
end solve-- RelaxOptimal OPTIMAL
 weights_sum: 0.9999999999999997
itereffortlevel: 0
--separating...
--find a better primal bound 2.8293742753375364 by Alternative descent Eigen
--found a cut state by heuristic 2.8293742753375364 0.010700281992553018 
iteration: 219,  #states: 1358, valueb: 0.010700281992553018, activeness: 2.8293742753375364, primalobj: 0.9461591496142886, dualobj: -Inf
solve--
end solve-- RelaxOptimal OPTIMAL
 weights_sum: 1.000000209106206
itereffortlevel: 0
--separating...
--find a better primal bound 2.5113878923514084 by Alternative descent Eigen
--found a cut state by heuristic 2.5113878923514084 -0.0 
iteration: 220,  #states: 1359, valueb: -0.0, activeness: 2.5113878923514084, primalobj: 0.9460692491165581, dualobj: -Inf
solve--
end solve-- RelaxOptimal OPTIMAL
 weights_sum: 1.000000000000005
itereffortlevel: 0
--separating...
--find a better primal bound 2.431809781124498 by Alternative descent Eigen
--found a cut state by heuristic 2.431809781124498 -0.0 
iteration: 221,  #states: 1360, valueb: -0.0, activeness: 2.431809781124498, primalobj: 0.9460034973626811, dualobj: -Inf
solve--
end solve-- RelaxOptimal OPTIMAL
 weights_sum: 1.000000000000005
itereffortlevel: 0
--separating...
--find a better primal bound 3.44202669636909 by Alternative descent Eigen
--found a cut state by heuristic 3.44202669636909 -0.0 
iteration: 222,  #states: 1361, valueb: -0.0, activeness: 3.44202669636909, primalobj: 0.9459372751744038, dualobj: -Inf
solve--
end solve-- RelaxOptimal OPTIMAL
 weights_sum: 0.9999999999999991
itereffortlevel: 0
--separating...
--find a better primal bound 2.1240332695073025 by Alternative descent Eigen
--found a cut state by heuristic 2.1240332695073025 0.03749345811430474 
iteration: 223,  #states: 1362, valueb: 0.03749345811430474, activeness: 2.1240332695073025, primalobj: 0.9458640621264537, dualobj: -Inf
solve--
end solve-- RelaxOptimal OPTIMAL
 weights_sum: 1.0000000444632104
itereffortlevel: 0
--separating...
--find a better primal bound 1.8608489813885192 by Alternative descent Eigen
--found a cut state by heuristic 1.8608489813885192 0.04992807522367364 
iteration: 224,  #states: 1363, valueb: 0.04992807522367364, activeness: 1.8608489813885192, primalobj: 0.9457781473110152, dualobj: -Inf
solve--
end solve-- RelaxOptimal OPTIMAL
 weights_sum: 1.0000000000000047
itereffortlevel: 0
--separating...
--find a better primal bound 1.3861211887990854 by Alternative descent Eigen
--found a cut state by heuristic 1.3861211887990854 -0.0 
iteration: 225,  #states: 1364, valueb: -0.0, activeness: 1.3861211887990854, primalobj: 0.9457082700219, dualobj: -Inf
solve--
end solve-- RelaxOptimal OPTIMAL
 weights_sum: 0.9999999999999996
itereffortlevel: 0
--separating...
--find a better primal bound 2.2622843438747626 by Alternative descent Eigen
--found a cut state by heuristic 2.2622843438747626 0.538383651040137 
iteration: 226,  #states: 1365, valueb: 0.538383651040137, activeness: 2.2622843438747626, primalobj: 0.9456603673506758, dualobj: -Inf
solve--
end solve-- RelaxOptimal OPTIMAL
 weights_sum: 0.9999999999999997
itereffortlevel: 0
--separating...
--find a better primal bound 1.6895978130838178 by Alternative descent Eigen
--found a cut state by heuristic 1.6895978130838178 0.06972848527186098 
iteration: 227,  #states: 1366, valueb: 0.06972848527186098, activeness: 1.6895978130838178, primalobj: 0.945610184555536, dualobj: -Inf
solve--
end solve-- RelaxOptimal OPTIMAL
 weights_sum: 0.9999999999999999
itereffortlevel: 0
--separating...
--find a better primal bound 1.87068731511725 by Alternative descent Eigen
--found a cut state by heuristic 1.87068731511725 0.049623699809963374 
iteration: 228,  #states: 1367, valueb: 0.049623699809963374, activeness: 1.87068731511725, primalobj: 0.9455732146208109, dualobj: -Inf
solve--
end solve-- RelaxOptimal OPTIMAL
 weights_sum: 1.0000000000000042
itereffortlevel: 0
--separating...
--find a better primal bound 1.759260768966409 by Alternative descent Eigen
--found a cut state by heuristic 1.759260768966409 -0.0 
iteration: 229,  #states: 1368, valueb: -0.0, activeness: 1.759260768966409, primalobj: 0.9455446562640424, dualobj: -Inf
solve--
end solve-- RelaxOptimal OPTIMAL
 weights_sum: 1.0
itereffortlevel: 0
--separating...
--find a better primal bound 2.05387121067389 by Alternative descent Eigen
--found a cut state by heuristic 2.05387121067389 0.0037337316658957774 
iteration: 230,  #states: 1369, valueb: 0.0037337316658957774, activeness: 2.05387121067389, primalobj: 0.9454922713431817, dualobj: -Inf
solve--
end solve-- RelaxOptimal OPTIMAL
 weights_sum: 0.9999999999999992
itereffortlevel: 0
--separating...
--find a better primal bound 1.7132584741516634 by Alternative descent Eigen
--found a cut state by heuristic 1.7132584741516634 0.030112296162854452 
iteration: 231,  #states: 1370, valueb: 0.030112296162854452, activeness: 1.7132584741516634, primalobj: 0.9454423239969866, dualobj: -Inf
solve--
end solve-- RelaxOptimal OPTIMAL
 weights_sum: 1.000000128217144
itereffortlevel: 0
--separating...
--find a better primal bound 1.4885234447249633 by Alternative descent Eigen
--found a cut state by heuristic 1.4885234447249633 -0.0 
iteration: 232,  #states: 1371, valueb: -0.0, activeness: 1.4885234447249633, primalobj: 0.9453765155554227, dualobj: -Inf
solve--
end solve-- RelaxOptimal OPTIMAL
 weights_sum: 1.0000000344436693
itereffortlevel: 0
--separating...
--find a better primal bound 1.5298091673089238 by Alternative descent Eigen
--found a cut state by heuristic 1.5298091673089238 -0.0 
iteration: 233,  #states: 1372, valueb: -0.0, activeness: 1.5298091673089238, primalobj: 0.9453340486564826, dualobj: -Inf
solve--
end solve-- RelaxOptimal OPTIMAL
 weights_sum: 1.0000000000000004
itereffortlevel: 0
--separating...
--find a better primal bound 1.9114896211718768 by Alternative descent Eigen
--found a cut state by heuristic 1.9114896211718768 0.007743973245441196 
iteration: 234,  #states: 1373, valueb: 0.007743973245441196, activeness: 1.9114896211718768, primalobj: 0.9453097982768799, dualobj: -Inf
solve--
end solve-- RelaxOptimal OPTIMAL
 weights_sum: 1.000000146680845
itereffortlevel: 0
--separating...
--find a better primal bound 1.8747195175249871 by Alternative descent Eigen
--found a cut state by heuristic 1.8747195175249871 0.006850308057199341 
iteration: 235,  #states: 1374, valueb: 0.006850308057199341, activeness: 1.8747195175249871, primalobj: 0.9452371315565504, dualobj: -Inf
solve--
end solve-- RelaxOptimal OPTIMAL
 weights_sum: 0.9999999999999991
itereffortlevel: 0
--separating...
--find a better primal bound 1.282166163824073 by Alternative descent Eigen
--found a cut state by heuristic 1.282166163824073 0.04781001018437099 
iteration: 236,  #states: 1375, valueb: 0.04781001018437099, activeness: 1.282166163824073, primalobj: 0.9451983523463814, dualobj: -Inf
solve--
end solve-- RelaxOptimal OPTIMAL
 weights_sum: 1.0000000000000002
itereffortlevel: 0
--separating...
--find a better primal bound 1.3663447343406694 by Alternative descent Eigen
--found a cut state by heuristic 1.3663447343406694 0.003509877329847548 
iteration: 237,  #states: 1376, valueb: 0.003509877329847548, activeness: 1.3663447343406694, primalobj: 0.9451490566117702, dualobj: -Inf
solve--
end solve-- RelaxOptimal OPTIMAL
 weights_sum: 1.0000000000000004
itereffortlevel: 0
--separating...
--find a better primal bound 2.1140750959898953 by Alternative descent Eigen
--found a cut state by heuristic 2.1140750959898953 0.009274258247338385 
iteration: 238,  #states: 1377, valueb: 0.009274258247338385, activeness: 2.1140750959898953, primalobj: 0.9451153648798022, dualobj: -Inf
solve--
end solve-- RelaxOptimal OPTIMAL
 weights_sum: 1.0
itereffortlevel: 0
--separating...
--find a better primal bound 1.9771382306662324 by Alternative descent Eigen
--found a cut state by heuristic 1.9771382306662324 0.035013165027225485 
iteration: 239,  #states: 1378, valueb: 0.035013165027225485, activeness: 1.9771382306662324, primalobj: 0.9450779430520322, dualobj: -Inf
solve--
end solve-- RelaxOptimal OPTIMAL
 weights_sum: 0.9999999999999996
itereffortlevel: 0
--separating...
--find a better primal bound 1.61534632572135 by Alternative descent Eigen
--found a cut state by heuristic 1.61534632572135 0.0122384697768432 
iteration: 240,  #states: 1379, valueb: 0.0122384697768432, activeness: 1.61534632572135, primalobj: 0.9450398603518664, dualobj: -Inf
solve--
end solve-- RelaxOptimal OPTIMAL
 weights_sum: 0.9999999999999992
itereffortlevel: 0
--separating...
--find a better primal bound 1.806261399753562 by Alternative descent Eigen
--found a cut state by heuristic 1.806261399753562 0.024365863390680174 
iteration: 241,  #states: 1380, valueb: 0.024365863390680174, activeness: 1.806261399753562, primalobj: 0.9450129213755764, dualobj: -Inf
solve--
end solve-- RelaxOptimal OPTIMAL
 weights_sum: 1.0000000000000002
itereffortlevel: 0
--separating...
--find a better primal bound 0.9786320984687245 by Alternative descent Eigen
--found a cut state by heuristic 0.9786320984687245 0.04041864838126462 
iteration: 242,  #states: 1381, valueb: 0.04041864838126462, activeness: 0.9786320984687245, primalobj: 0.9449743315763317, dualobj: -Inf
solve--
end solve-- RelaxOptimal OPTIMAL
 weights_sum: 0.9999999999999996
itereffortlevel: 0
--separating...
--find a better primal bound 1.4665157317775197 by Alternative descent Eigen
--found a cut state by heuristic 1.4665157317775197 0.035672884656277576 
iteration: 243,  #states: 1382, valueb: 0.035672884656277576, activeness: 1.4665157317775197, primalobj: 0.9449514422956423, dualobj: -Inf
solve--
end solve-- RelaxOptimal OPTIMAL
 weights_sum: 1.0000000000000009
itereffortlevel: 0
--separating...
--find a better primal bound 1.4929312100413181 by Alternative descent Eigen
--found a cut state by heuristic 1.4929312100413181 0.17167718767291956 
iteration: 244,  #states: 1383, valueb: 0.17167718767291956, activeness: 1.4929312100413181, primalobj: 0.9449376875870217, dualobj: -Inf
solve--
end solve-- RelaxOptimal OPTIMAL
 weights_sum: 0.9999999999999998
itereffortlevel: 0
--separating...
--find a better primal bound 1.2603619025228192 by Alternative descent Eigen
--found a cut state by heuristic 1.2603619025228192 0.03146806124586399 
iteration: 245,  #states: 1384, valueb: 0.03146806124586399, activeness: 1.2603619025228192, primalobj: 0.9449056108887199, dualobj: -Inf
solve--
end solve-- RelaxOptimal OPTIMAL
 weights_sum: 1.0000010602244136
itereffortlevel: 0
--separating...
--find a better primal bound 1.1338418758604767 by Alternative descent Eigen
--found a cut state by heuristic 1.1338418758604767 0.006272998868394452 
iteration: 246,  #states: 1385, valueb: 0.006272998868394452, activeness: 1.1338418758604767, primalobj: 0.9448835933242035, dualobj: -Inf
solve--
end solve-- RelaxOptimal OPTIMAL
 weights_sum: 1.0000000000000009
itereffortlevel: 0
--separating...
--find a better primal bound 1.7139154024510896 by Alternative descent Eigen
--found a cut state by heuristic 1.7139154024510896 0.01814815422408504 
iteration: 247,  #states: 1386, valueb: 0.01814815422408504, activeness: 1.7139154024510896, primalobj: 0.9448662608560082, dualobj: -Inf
solve--
end solve-- RelaxOptimal OPTIMAL
 weights_sum: 1.0000000000000007
itereffortlevel: 0
--separating...
--find a better primal bound 1.1857242327747113 by Alternative descent Eigen
--found a cut state by heuristic 1.1857242327747113 0.0098983744283265 
iteration: 248,  #states: 1387, valueb: 0.0098983744283265, activeness: 1.1857242327747113, primalobj: 0.9448386304293884, dualobj: -Inf
solve--
end solve-- RelaxOptimal OPTIMAL
 weights_sum: 0.9999999999999997
itereffortlevel: 0
--separating...
--find a better primal bound 1.394677534752835 by Alternative descent Eigen
--found a cut state by heuristic 1.394677534752835 0.024037788999045642 
iteration: 249,  #states: 1388, valueb: 0.024037788999045642, activeness: 1.394677534752835, primalobj: 0.9448129080732983, dualobj: -Inf
solve--
end solve-- RelaxOptimal OPTIMAL
 weights_sum: 1.0000000116406678
itereffortlevel: 0
--separating...
--find a better primal bound 1.38604029532581 by Alternative descent Eigen
--found a cut state by heuristic 1.38604029532581 0.0023998601151845617 
iteration: 250,  #states: 1389, valueb: 0.0023998601151845617, activeness: 1.38604029532581, primalobj: 0.9447992494060927, dualobj: -Inf
solve--
end solve-- RelaxOptimal OPTIMAL
 weights_sum: 1.0000000000000002
itereffortlevel: 0
--separating...
--find a better primal bound 1.6604703640029577 by Alternative descent Eigen
--found a cut state by heuristic 1.6604703640029577 0.026001940414434446 
iteration: 251,  #states: 1390, valueb: 0.026001940414434446, activeness: 1.6604703640029577, primalobj: 0.9447673004072281, dualobj: -Inf
solve--
end solve-- RelaxOptimal OPTIMAL
 weights_sum: 1.0000000468844024
itereffortlevel: 0
--separating...
--find a better primal bound 1.0945410451864492 by Alternative descent Eigen
--found a cut state by heuristic 1.0945410451864492 0.028103689942713932 
iteration: 252,  #states: 1391, valueb: 0.028103689942713932, activeness: 1.0945410451864492, primalobj: 0.944733244415366, dualobj: -Inf
solve--
end solve-- RelaxOptimal OPTIMAL
 weights_sum: 1.0000000301295597
itereffortlevel: 0
--separating...
--find a better primal bound 1.3018842847178957 by Alternative descent Eigen
--found a cut state by heuristic 1.3018842847178957 0.017139275984043127 
iteration: 253,  #states: 1392, valueb: 0.017139275984043127, activeness: 1.3018842847178957, primalobj: 0.9447040428395472, dualobj: -Inf
solve--
end solve-- RelaxOptimal OPTIMAL
 weights_sum: 1.0000000029206855
itereffortlevel: 0
--separating...
--find a better primal bound 1.094903826157952 by Alternative descent Eigen
--found a cut state by heuristic 1.094903826157952 0.016119818032185138 
iteration: 254,  #states: 1393, valueb: 0.016119818032185138, activeness: 1.094903826157952, primalobj: 0.9446774651140444, dualobj: -Inf
solve--
end solve-- RelaxOptimal OPTIMAL
 weights_sum: 1.0000000578006578
itereffortlevel: 0
--separating...
--find a better primal bound 1.472971866521715 by Alternative descent Eigen
--found a cut state by heuristic 1.472971866521715 0.02414383407159047 
iteration: 255,  #states: 1394, valueb: 0.02414383407159047, activeness: 1.472971866521715, primalobj: 0.9446577966013779, dualobj: -Inf
solve--
end solve-- RelaxOptimal OPTIMAL
 weights_sum: 0.9999999999999999
itereffortlevel: 0
--separating...
--find a better primal bound 0.9592440942442038 by Alternative descent Eigen
--found a cut state by heuristic 0.9592440942442038 0.020362340481245633 
iteration: 256,  #states: 1395, valueb: 0.020362340481245633, activeness: 0.9592440942442038, primalobj: 0.9446338195448793, dualobj: -Inf
solve--
end solve-- RelaxOptimal OPTIMAL
 weights_sum: 1.0000000089729981
itereffortlevel: 0
--separating...
--find a better primal bound 1.0016872541115753 by Alternative descent Eigen
--found a cut state by heuristic 1.0016872541115753 0.053188087613444394 
iteration: 257,  #states: 1396, valueb: 0.053188087613444394, activeness: 1.0016872541115753, primalobj: 0.9446162730323276, dualobj: -Inf
solve--
end solve-- RelaxOptimal OPTIMAL
 weights_sum: 1.0000000000000002
itereffortlevel: 0
--separating...
--find a better primal bound 1.2243554375008379 by Alternative descent Eigen
--found a cut state by heuristic 1.2243554375008379 0.0908839445875051 
iteration: 258,  #states: 1397, valueb: 0.0908839445875051, activeness: 1.2243554375008379, primalobj: 0.944593921985454, dualobj: -Inf
solve--
end solve-- RelaxOptimal OPTIMAL
 weights_sum: 0.9999999999999999
itereffortlevel: 0
--separating...
--find a better primal bound 1.5553300557492364 by Alternative descent Eigen
--found a cut state by heuristic 1.5553300557492364 0.010338874572986882 
iteration: 259,  #states: 1398, valueb: 0.010338874572986882, activeness: 1.5553300557492364, primalobj: 0.9445601335834449, dualobj: -Inf
solve--
end solve-- RelaxOptimal OPTIMAL
 weights_sum: 0.9999999999999996
itereffortlevel: 0
--separating...
--find a better primal bound 1.2079937185658913 by Alternative descent Eigen
--found a cut state by heuristic 1.2079937185658913 0.0035280270715809057 
iteration: 260,  #states: 1399, valueb: 0.0035280270715809057, activeness: 1.2079937185658913, primalobj: 0.9445361778438398, dualobj: -Inf
solve--
end solve-- RelaxOptimal OPTIMAL
 weights_sum: 0.9999999999999999
itereffortlevel: 0
--separating...
--find a better primal bound 1.1342612562453165 by Alternative descent Eigen
--found a cut state by heuristic 1.1342612562453165 0.0734457423754541 
iteration: 261,  #states: 1400, valueb: 0.0734457423754541, activeness: 1.1342612562453165, primalobj: 0.9445001758124372, dualobj: -Inf
solve--
end solve-- RelaxOptimal OPTIMAL
 weights_sum: 1.0000000000000007
itereffortlevel: 0
--separating...
--find a better primal bound 1.5551702216565597 by Alternative descent Eigen
--found a cut state by heuristic 1.5551702216565597 0.2946030359456171 
iteration: 262,  #states: 1401, valueb: 0.2946030359456171, activeness: 1.5551702216565597, primalobj: 0.9444839439326539, dualobj: -Inf
solve--
end solve-- RelaxOptimal OPTIMAL
 weights_sum: 1.0000000000000004
itereffortlevel: 0
--separating...
--find a better primal bound 1.4253613733208552 by Alternative descent Eigen
--found a cut state by heuristic 1.4253613733208552 0.01650994872505242 
iteration: 263,  #states: 1402, valueb: 0.01650994872505242, activeness: 1.4253613733208552, primalobj: 0.94445397271555, dualobj: -Inf
solve--
end solve-- RelaxOptimal OPTIMAL
 weights_sum: 1.0
itereffortlevel: 0
--separating...
--find a better primal bound 0.8483960057565088 by Alternative descent Eigen
--found a cut state by heuristic 0.8483960057565088 0.005753250816902455 
iteration: 264,  #states: 1403, valueb: 0.005753250816902455, activeness: 0.8483960057565088, primalobj: 0.9444331575687853, dualobj: -Inf
solve--
end solve-- RelaxOptimal OPTIMAL
 weights_sum: 1.0000000000000018
itereffortlevel: 0
--separating...
--find a better primal bound 1.015276096231678 by Alternative descent Eigen
--found a cut state by heuristic 1.015276096231678 0.002519380619874362 
iteration: 265,  #states: 1404, valueb: 0.002519380619874362, activeness: 1.015276096231678, primalobj: 0.9444066930815835, dualobj: -Inf
solve--
end solve-- RelaxOptimal OPTIMAL
 weights_sum: 1.000000134082559
itereffortlevel: 0
--separating...
--find a better primal bound 0.9310016928068366 by Alternative descent Eigen
--found a cut state by heuristic 0.9310016928068366 0.011251118482589705 
iteration: 266,  #states: 1405, valueb: 0.011251118482589705, activeness: 0.9310016928068366, primalobj: 0.9443922470690526, dualobj: -Inf
solve--
end solve-- RelaxOptimal OPTIMAL
 weights_sum: 1.0000000000000004
itereffortlevel: 0
--separating...
--find a better primal bound 0.996717292950303 by Alternative descent Eigen
--found a cut state by heuristic 0.996717292950303 0.03629936376954818 
iteration: 267,  #states: 1406, valueb: 0.03629936376954818, activeness: 0.996717292950303, primalobj: 0.9443739326868047, dualobj: -Inf
solve--
end solve-- RelaxOptimal OPTIMAL
 weights_sum: 1.0000004160079043
itereffortlevel: 0
--separating...
--find a better primal bound 0.5819634157611717 by Alternative descent Eigen
--found a cut state by heuristic 0.5819634157611717 -0.0 
iteration: 268,  #states: 1407, valueb: -0.0, activeness: 0.5819634157611717, primalobj: 0.9443553246393348, dualobj: -Inf
solve--
end solve-- RelaxOptimal OPTIMAL
 weights_sum: 1.0000000321798008
itereffortlevel: 0
--separating...
--find a better primal bound 0.6723954328581409 by Alternative descent Eigen
--found a cut state by heuristic 0.6723954328581409 -0.0 
iteration: 269,  #states: 1408, valueb: -0.0, activeness: 0.6723954328581409, primalobj: 0.9443488073987714, dualobj: -Inf
solve--
end solve-- RelaxOptimal OPTIMAL
 weights_sum: 0.9999999999999996
itereffortlevel: 0
--separating...
--find a better primal bound 0.87784553852716 by Alternative descent Eigen
--found a cut state by heuristic 0.87784553852716 0.013778056905271903 
iteration: 270,  #states: 1409, valueb: 0.013778056905271903, activeness: 0.87784553852716, primalobj: 0.9443413544758142, dualobj: -Inf
solve--
end solve-- RelaxOptimal OPTIMAL
 weights_sum: 1.0000000000000016
itereffortlevel: 0
--separating...
--find a better primal bound 1.1161209821439781 by Alternative descent Eigen
--found a cut state by heuristic 1.1161209821439781 0.0271100181822399 
iteration: 271,  #states: 1410, valueb: 0.0271100181822399, activeness: 1.1161209821439781, primalobj: 0.9443233626241121, dualobj: -Inf
solve--
end solve-- RelaxOptimal OPTIMAL
 weights_sum: 0.9999999999999999
itereffortlevel: 0
--separating...
--find a better primal bound 0.8540684895423217 by Alternative descent Eigen
--found a cut state by heuristic 0.8540684895423217 0.12663079661152568 
iteration: 272,  #states: 1411, valueb: 0.12663079661152568, activeness: 0.8540684895423217, primalobj: 0.9443087597105855, dualobj: -Inf
solve--
end solve-- RelaxOptimal OPTIMAL
 weights_sum: 1.0000000528120057
itereffortlevel: 0
--separating...
--find a better primal bound 1.2371993673563537 by Alternative descent Eigen
--found a cut state by heuristic 1.2371993673563537 0.0713815866158488 
iteration: 273,  #states: 1412, valueb: 0.0713815866158488, activeness: 1.2371993673563537, primalobj: 0.9442974965037104, dualobj: -Inf
solve--
end solve-- RelaxOptimal OPTIMAL
 weights_sum: 1.0000000000000009
itereffortlevel: 0
--separating...
--find a better primal bound 1.2875777843940175 by Alternative descent Eigen
--found a cut state by heuristic 1.2875777843940175 0.1423525972467653 
iteration: 274,  #states: 1413, valueb: 0.1423525972467653, activeness: 1.2875777843940175, primalobj: 0.9442787279330996, dualobj: -Inf
solve--
end solve-- RelaxOptimal OPTIMAL
 weights_sum: 1.0000000000000009
itereffortlevel: 0
--separating...
--find a better primal bound 0.9738084602038595 by Alternative descent Eigen
--found a cut state by heuristic 0.9738084602038595 0.09681389099144799 
iteration: 275,  #states: 1414, valueb: 0.09681389099144799, activeness: 0.9738084602038595, primalobj: 0.9442453750041375, dualobj: -Inf
solve--
end solve-- RelaxOptimal OPTIMAL
 weights_sum: 1.000000003706689
itereffortlevel: 0
--separating...
--find a better primal bound 1.0570412993323806 by Alternative descent Eigen
--found a cut state by heuristic 1.0570412993323806 0.1593430342739142 
iteration: 276,  #states: 1415, valueb: 0.1593430342739142, activeness: 1.0570412993323806, primalobj: 0.9442184095629321, dualobj: -Inf
solve--
end solve-- RelaxOptimal OPTIMAL
 weights_sum: 1.0000000499991295
itereffortlevel: 0
--separating...
--find a better primal bound 0.8441060745495811 by Alternative descent Eigen
--found a cut state by heuristic 0.8441060745495811 0.14404417346828627 
iteration: 277,  #states: 1416, valueb: 0.14404417346828627, activeness: 0.8441060745495811, primalobj: 0.9441989900664146, dualobj: -Inf
solve--
end solve-- RelaxOptimal OPTIMAL
 weights_sum: 0.9999999999999988
itereffortlevel: 0
--separating...
--find a better primal bound 1.1531876382122666 by Alternative descent Eigen
--found a cut state by heuristic 1.1531876382122666 0.04677237140592768 
iteration: 278,  #states: 1417, valueb: 0.04677237140592768, activeness: 1.1531876382122666, primalobj: 0.9441786156460839, dualobj: -Inf
solve--
end solve-- RelaxOptimal OPTIMAL
 weights_sum: 0.9999999999999998
itereffortlevel: 0
--separating...
--find a better primal bound 0.8363840597648353 by Alternative descent Eigen
--found a cut state by heuristic 0.8363840597648353 0.08150111910103545 
iteration: 279,  #states: 1418, valueb: 0.08150111910103545, activeness: 0.8363840597648353, primalobj: 0.9441486360918464, dualobj: -Inf
solve--
end solve-- RelaxOptimal OPTIMAL
 weights_sum: 1.0000000000000016
itereffortlevel: 0
--separating...
--find a better primal bound 1.0704014966932958 by Alternative descent Eigen
--found a cut state by heuristic 1.0704014966932958 -0.0 
iteration: 280,  #states: 1419, valueb: -0.0, activeness: 1.0704014966932958, primalobj: 0.9441255573810258, dualobj: -Inf
solve--
end solve-- RelaxOptimal OPTIMAL
 weights_sum: 1.0000000000000007
itereffortlevel: 0
--separating...
--find a better primal bound 1.0219098289078175 by Alternative descent Eigen
--found a cut state by heuristic 1.0219098289078175 0.21257893435035022 
iteration: 281,  #states: 1420, valueb: 0.21257893435035022, activeness: 1.0219098289078175, primalobj: 0.9441042429972175, dualobj: -Inf
solve--
end solve-- RelaxOptimal OPTIMAL
 weights_sum: 0.9999999999999996
itereffortlevel: 0
--separating...
--find a better primal bound 1.062241260392718 by Alternative descent Eigen
--found a cut state by heuristic 1.062241260392718 0.055665408270280735 
iteration: 282,  #states: 1421, valueb: 0.055665408270280735, activeness: 1.062241260392718, primalobj: 0.944091134581584, dualobj: -Inf
solve--
end solve-- RelaxOptimal OPTIMAL
 weights_sum: 1.0000000000000013
itereffortlevel: 0
--separating...
--find a better primal bound 1.050565517321221 by Alternative descent Eigen
--found a cut state by heuristic 1.050565517321221 0.10590613774015142 
iteration: 283,  #states: 1422, valueb: 0.10590613774015142, activeness: 1.050565517321221, primalobj: 0.9440598285672741, dualobj: -Inf
solve--
end solve-- RelaxOptimal OPTIMAL
 weights_sum: 1.0
itereffortlevel: 0
--separating...
--find a better primal bound 1.2406167552774767 by Alternative descent Eigen
--found a cut state by heuristic 1.2406167552774767 0.010846813324407997 
iteration: 284,  #states: 1423, valueb: 0.010846813324407997, activeness: 1.2406167552774767, primalobj: 0.9440387227252353, dualobj: -Inf
solve--
end solve-- RelaxOptimal OPTIMAL
 weights_sum: 1.0000000184473832
itereffortlevel: 0
--separating...
--find a better primal bound 1.2609095238452288 by Alternative descent Eigen
--found a cut state by heuristic 1.2609095238452288 0.0034871882841212296 
iteration: 285,  #states: 1424, valueb: 0.0034871882841212296, activeness: 1.2609095238452288, primalobj: 0.9440133541761634, dualobj: -Inf
solve--
end solve-- RelaxOptimal OPTIMAL
 weights_sum: 1.0000000159492224
itereffortlevel: 0
--separating...
--find a better primal bound 0.5869435073788655 by Alternative descent Eigen
--found a cut state by heuristic 0.5869435073788655 -0.0 
iteration: 286,  #states: 1425, valueb: -0.0, activeness: 0.5869435073788655, primalobj: 0.9439869629299434, dualobj: -Inf
solve--
end solve-- RelaxOptimal OPTIMAL
 weights_sum: 1.000000000000001
itereffortlevel: 0
--separating...
--find a better primal bound 1.2514296095929662 by Alternative descent Eigen
--found a cut state by heuristic 1.2514296095929662 -0.0 
iteration: 287,  #states: 1426, valueb: -0.0, activeness: 1.2514296095929662, primalobj: 0.943974840667949, dualobj: -Inf
solve--
end solve-- RelaxOptimal OPTIMAL
 weights_sum: 1.0000000000000013
itereffortlevel: 0
--separating...
--find a better primal bound 1.042783186088368 by Alternative descent Eigen
--found a cut state by heuristic 1.042783186088368 -0.0 
iteration: 288,  #states: 1427, valueb: -0.0, activeness: 1.042783186088368, primalobj: 0.9439590046234144, dualobj: -Inf
solve--
end solve-- RelaxOptimal OPTIMAL
 weights_sum: 1.000000078813684
itereffortlevel: 0
--separating...
--find a better primal bound 0.8303240626838841 by Alternative descent Eigen
--found a cut state by heuristic 0.8303240626838841 0.015981158100242955 
iteration: 289,  #states: 1428, valueb: 0.015981158100242955, activeness: 0.8303240626838841, primalobj: 0.9439350422467873, dualobj: -Inf
solve--
end solve-- RelaxOptimal OPTIMAL
 weights_sum: 0.9999999999999993
itereffortlevel: 0
--separating...
--find a better primal bound 0.98581020647395 by Alternative descent Eigen
--found a cut state by heuristic 0.98581020647395 0.014110717003117253 
iteration: 290,  #states: 1429, valueb: 0.014110717003117253, activeness: 0.98581020647395, primalobj: 0.9439220696646161, dualobj: -Inf
solve--
end solve-- RelaxOptimal OPTIMAL
 weights_sum: 0.9999999999999996
itereffortlevel: 0
--separating...
--find a better primal bound 0.4847297014635047 by Alternative descent Eigen
--found a cut state by heuristic 0.4847297014635047 0.0019616224027604228 
iteration: 291,  #states: 1430, valueb: 0.0019616224027604228, activeness: 0.4847297014635047, primalobj: 0.9439096134528195, dualobj: -Inf
solve--
end solve-- RelaxOptimal OPTIMAL
 weights_sum: 1.000000000000001
itereffortlevel: 0
--separating...
--find a better primal bound 0.6013108945785768 by Alternative descent Eigen
--found a cut state by heuristic 0.6013108945785768 -0.0 
iteration: 292,  #states: 1431, valueb: -0.0, activeness: 0.6013108945785768, primalobj: 0.9439008654737656, dualobj: -Inf
solve--
end solve-- RelaxOptimal OPTIMAL
 weights_sum: 1.0000000000000013
itereffortlevel: 0
--separating...
--find a better primal bound 0.7969591401244772 by Alternative descent Eigen
--found a cut state by heuristic 0.7969591401244772 -0.0 
iteration: 293,  #states: 1432, valueb: -0.0, activeness: 0.7969591401244772, primalobj: 0.9438940024989783, dualobj: -Inf
solve--
end solve-- RelaxOptimal OPTIMAL
 weights_sum: 1.000000000000001
itereffortlevel: 0
--separating...
--find a better primal bound 0.7551456822025889 by Alternative descent Eigen
--found a cut state by heuristic 0.7551456822025889 -0.0 
iteration: 294,  #states: 1433, valueb: -0.0, activeness: 0.7551456822025889, primalobj: 0.9438862964847076, dualobj: -Inf
solve--
end solve-- RelaxOptimal OPTIMAL
 weights_sum: 0.9999999999999996
itereffortlevel: 0
--separating...
--find a better primal bound 0.9287872378099239 by Alternative descent Eigen
--found a cut state by heuristic 0.9287872378099239 0.005167541365506027 
iteration: 295,  #states: 1434, valueb: 0.005167541365506027, activeness: 0.9287872378099239, primalobj: 0.9438697212937734, dualobj: -Inf
solve--
end solve-- RelaxOptimal OPTIMAL
 weights_sum: 1.0000000000000009
itereffortlevel: 0
--separating...
--find a better primal bound 0.99939874839572 by Alternative descent Eigen
--found a cut state by heuristic 0.99939874839572 -0.0 
iteration: 296,  #states: 1435, valueb: -0.0, activeness: 0.99939874839572, primalobj: 0.9438525242858485, dualobj: -Inf
solve--
end solve-- RelaxOptimal OPTIMAL
 weights_sum: 1.0000000829681965
itereffortlevel: 0
--separating...
--find a better primal bound 0.8189990408910277 by Alternative descent Eigen
--found a cut state by heuristic 0.8189990408910277 -0.0 
iteration: 297,  #states: 1436, valueb: -0.0, activeness: 0.8189990408910277, primalobj: 0.9438276782740888, dualobj: -Inf
solve--
end solve-- RelaxOptimal OPTIMAL
 weights_sum: 0.9999999999999998
itereffortlevel: 0
--separating...
--find a better primal bound 0.7182175137848107 by Alternative descent Eigen
--found a cut state by heuristic 0.7182175137848107 0.1335769835075668 
iteration: 298,  #states: 1437, valueb: 0.1335769835075668, activeness: 0.7182175137848107, primalobj: 0.9438097553474825, dualobj: -Inf
solve--
end solve-- RelaxOptimal OPTIMAL
 weights_sum: 1.0000004549387613
itereffortlevel: 0
--separating...
--find a better primal bound 1.0842067365227694 by Alternative descent Eigen
--found a cut state by heuristic 1.0842067365227694 -0.0 
iteration: 299,  #states: 1438, valueb: -0.0, activeness: 1.0842067365227694, primalobj: 0.9437937145469585, dualobj: -Inf
solve--
end solve-- RelaxOptimal OPTIMAL
 weights_sum: 1.0000000634765682
itereffortlevel: 0
--separating...
--find a better primal bound 1.0563537174231914 by Alternative descent Eigen
--found a cut state by heuristic 1.0563537174231914 -0.0 
iteration: 300,  #states: 1439, valueb: -0.0, activeness: 1.0563537174231914, primalobj: 0.9437675408673968, dualobj: -Inf
solve--
end solve-- RelaxOptimal OPTIMAL
 weights_sum: 1.0000000930271902
itereffortlevel: 0
--separating...
--find a better primal bound 0.7159781527609388 by Alternative descent Eigen
--found a cut state by heuristic 0.7159781527609388 -0.0 
iteration: 301,  #states: 1440, valueb: -0.0, activeness: 0.7159781527609388, primalobj: 0.9437511872879282, dualobj: -Inf
solve--
end solve-- RelaxOptimal OPTIMAL
 weights_sum: 0.9999999999999993
itereffortlevel: 0
--separating...
--find a better primal bound 1.054322515297896 by Alternative descent Eigen
--found a cut state by heuristic 1.054322515297896 0.25392468376427424 
iteration: 302,  #states: 1441, valueb: 0.25392468376427424, activeness: 1.054322515297896, primalobj: 0.9437399955394453, dualobj: -Inf
solve--
end solve-- RelaxOptimal OPTIMAL
 weights_sum: 1.0000000000000004
itereffortlevel: 0
--separating...
--find a better primal bound 0.9583029666733778 by Alternative descent Eigen
--found a cut state by heuristic 0.9583029666733778 -0.0 
iteration: 303,  #states: 1442, valueb: -0.0, activeness: 0.9583029666733778, primalobj: 0.9437319521960232, dualobj: -Inf
solve--
end solve-- RelaxOptimal OPTIMAL
 weights_sum: 1.0000003118045184
itereffortlevel: 0
--separating...
--find a better primal bound 0.6503440786750319 by Alternative descent Eigen
--found a cut state by heuristic 0.6503440786750319 0.0012840101673727738 
iteration: 304,  #states: 1443, valueb: 0.0012840101673727738, activeness: 0.6503440786750319, primalobj: 0.9437214713846015, dualobj: -Inf
solve--
end solve-- RelaxOptimal OPTIMAL
 weights_sum: 1.0000004842214867
itereffortlevel: 0
--separating...
--find a better primal bound 0.6248069036018755 by Alternative descent Eigen
--found a cut state by heuristic 0.6248069036018755 0.13390868031412334 
iteration: 305,  #states: 1444, valueb: 0.13390868031412334, activeness: 0.6248069036018755, primalobj: 0.9437058924020547, dualobj: -Inf
solve--
end solve-- RelaxOptimal OPTIMAL
 weights_sum: 1.0000000619594553
itereffortlevel: 0
--separating...
--find a better primal bound 0.7764438162031763 by Alternative descent Eigen
--found a cut state by heuristic 0.7764438162031763 0.007438686542209011 
iteration: 306,  #states: 1445, valueb: 0.007438686542209011, activeness: 0.7764438162031763, primalobj: 0.9436951379398474, dualobj: -Inf
solve--
end solve-- RelaxOptimal OPTIMAL
 weights_sum: 1.0000000111178093
itereffortlevel: 0
--separating...
--find a better primal bound 0.8069651003054576 by Alternative descent Eigen
--found a cut state by heuristic 0.8069651003054576 0.0009857983646892818 
iteration: 307,  #states: 1446, valueb: 0.0009857983646892818, activeness: 0.8069651003054576, primalobj: 0.9436809941940686, dualobj: -Inf
solve--
end solve-- RelaxOptimal OPTIMAL
 weights_sum: 0.9999999999999994
itereffortlevel: 0
--separating...
--find a better primal bound 0.8715201213012026 by Alternative descent Eigen
--found a cut state by heuristic 0.8715201213012026 0.0022201241296540878 
iteration: 308,  #states: 1447, valueb: 0.0022201241296540878, activeness: 0.8715201213012026, primalobj: 0.9436683881464158, dualobj: -Inf
solve--
end solve-- RelaxOptimal OPTIMAL
 weights_sum: 1.0000000000000002
itereffortlevel: 0
--separating...
--find a better primal bound 0.7004719115655632 by Alternative descent Eigen
--found a cut state by heuristic 0.7004719115655632 0.0056284007567532005 
iteration: 309,  #states: 1448, valueb: 0.0056284007567532005, activeness: 0.7004719115655632, primalobj: 0.9436579202149563, dualobj: -Inf
solve--
end solve-- RelaxOptimal OPTIMAL
 weights_sum: 1.0000000000000009
itereffortlevel: 0
--separating...
--find a better primal bound 0.579418496097482 by Alternative descent Eigen
--found a cut state by heuristic 0.579418496097482 0.0680334618908437 
iteration: 310,  #states: 1449, valueb: 0.0680334618908437, activeness: 0.579418496097482, primalobj: 0.9436489231548186, dualobj: -Inf
solve--
end solve-- RelaxOptimal OPTIMAL
 weights_sum: 1.0000000000000007
itereffortlevel: 0
--separating...
--find a better primal bound 0.6867396655969211 by Alternative descent Eigen
--found a cut state by heuristic 0.6867396655969211 0.002462826646521442 
iteration: 311,  #states: 1450, valueb: 0.002462826646521442, activeness: 0.6867396655969211, primalobj: 0.9436388762881047, dualobj: -Inf
solve--
end solve-- RelaxOptimal OPTIMAL
 weights_sum: 1.0000000055528095
itereffortlevel: 0
--separating...
--find a better primal bound 0.6558851348672372 by Alternative descent Eigen
--found a cut state by heuristic 0.6558851348672372 -0.0 
iteration: 312,  #states: 1451, valueb: -0.0, activeness: 0.6558851348672372, primalobj: 0.943625071453514, dualobj: -Inf
solve--
end solve-- RelaxOptimal OPTIMAL
 weights_sum: 1.0000000000000004
itereffortlevel: 0
--separating...
--find a better primal bound 0.6803629970667762 by Alternative descent Eigen
--found a cut state by heuristic 0.6803629970667762 -0.0 
iteration: 313,  #states: 1452, valueb: -0.0, activeness: 0.6803629970667762, primalobj: 0.9436150953695635, dualobj: -Inf
solve--
end solve-- RelaxOptimal OPTIMAL
 weights_sum: 0.9999999999999998
itereffortlevel: 0
--separating...
--find a better primal bound 0.8788612659331481 by Alternative descent Eigen
--found a cut state by heuristic 0.8788612659331481 0.00028782460221677065 
iteration: 314,  #states: 1453, valueb: 0.00028782460221677065, activeness: 0.8788612659331481, primalobj: 0.9435972416844813, dualobj: -Inf
solve--
end solve-- RelaxOptimal OPTIMAL
 weights_sum: 1.0000000000000007
itereffortlevel: 0
--separating...
--find a better primal bound 0.5839660955719458 by Alternative descent Eigen
--found a cut state by heuristic 0.5839660955719458 -0.0 
iteration: 315,  #states: 1454, valueb: -0.0, activeness: 0.5839660955719458, primalobj: 0.9435805420991958, dualobj: -Inf
solve--
end solve-- RelaxOptimal OPTIMAL
 weights_sum: 1.0000000192719964
itereffortlevel: 0
--separating...
--find a better primal bound 0.8956104808694714 by Alternative descent Eigen
--found a cut state by heuristic 0.8956104808694714 -0.0 
iteration: 316,  #states: 1455, valueb: -0.0, activeness: 0.8956104808694714, primalobj: 0.9435721238010253, dualobj: -Inf
solve--
end solve-- RelaxOptimal OPTIMAL
 weights_sum: 1.0000000744399165
itereffortlevel: 0
--separating...
--find a better primal bound 0.7520058610348853 by Alternative descent Eigen
--found a cut state by heuristic 0.7520058610348853 -0.0 
iteration: 317,  #states: 1456, valueb: -0.0, activeness: 0.7520058610348853, primalobj: 0.9435508884268742, dualobj: -Inf
solve--
end solve-- RelaxOptimal OPTIMAL
 weights_sum: 0.9999999999999994
itereffortlevel: 0
--separating...
--find a better primal bound 0.5635252045774719 by Alternative descent Eigen
--found a cut state by heuristic 0.5635252045774719 0.0024320554756619103 
iteration: 318,  #states: 1457, valueb: 0.0024320554756619103, activeness: 0.5635252045774719, primalobj: 0.943542765572176, dualobj: -Inf
solve--
end solve-- RelaxOptimal OPTIMAL
 weights_sum: 0.9999999999999999
itereffortlevel: 0
--separating...
--find a better primal bound 0.6948254954731116 by Alternative descent Eigen
--found a cut state by heuristic 0.6948254954731116 0.005017297909521022 
iteration: 319,  #states: 1458, valueb: 0.005017297909521022, activeness: 0.6948254954731116, primalobj: 0.9435286481894178, dualobj: -Inf
solve--
end solve-- RelaxOptimal OPTIMAL
 weights_sum: 0.9999999999999998
itereffortlevel: 0
--separating...
--find a better primal bound 0.6742885316984633 by Alternative descent Eigen
--found a cut state by heuristic 0.6742885316984633 0.00028856731697156585 
iteration: 320,  #states: 1459, valueb: 0.00028856731697156585, activeness: 0.6742885316984633, primalobj: 0.9435133474343625, dualobj: -Inf
solve--
end solve-- RelaxOptimal OPTIMAL
 weights_sum: 1.0000004963380882
itereffortlevel: 0
--separating...
--find a better primal bound 0.9552775595622561 by Alternative descent Eigen
--found a cut state by heuristic 0.9552775595622561 0.005875570036796884 
iteration: 321,  #states: 1460, valueb: 0.005875570036796884, activeness: 0.9552775595622561, primalobj: 0.9434982868209837, dualobj: -Inf
solve--
end solve-- RelaxOptimal OPTIMAL
 weights_sum: 1.0000000000000004
itereffortlevel: 0
--separating...
--find a better primal bound 0.913449106808367 by Alternative descent Eigen
--found a cut state by heuristic 0.913449106808367 -0.0 
iteration: 322,  #states: 1461, valueb: -0.0, activeness: 0.913449106808367, primalobj: 0.9434911851546477, dualobj: -Inf
solve--
end solve-- RelaxOptimal OPTIMAL
 weights_sum: 0.9999999999999992
itereffortlevel: 0
--separating...
--find a better primal bound 0.6042346468582792 by Alternative descent Eigen
--found a cut state by heuristic 0.6042346468582792 0.07922410842558751 
iteration: 323,  #states: 1462, valueb: 0.07922410842558751, activeness: 0.6042346468582792, primalobj: 0.9434777156248458, dualobj: -Inf
solve--
end solve-- RelaxOptimal OPTIMAL
 weights_sum: 1.0000000000000004
itereffortlevel: 0
--separating...
--find a better primal bound 0.5668068145286757 by Alternative descent Eigen
--found a cut state by heuristic 0.5668068145286757 -0.0 
iteration: 324,  #states: 1463, valueb: -0.0, activeness: 0.5668068145286757, primalobj: 0.943472092841598, dualobj: -Inf
solve--
end solve-- RelaxOptimal OPTIMAL
 weights_sum: 1.0000000000000002
itereffortlevel: 0
--separating...
--find a better primal bound 0.9189216733121419 by Alternative descent Eigen
--found a cut state by heuristic 0.9189216733121419 0.003995311304118201 
iteration: 325,  #states: 1464, valueb: 0.003995311304118201, activeness: 0.9189216733121419, primalobj: 0.94346692729582, dualobj: -Inf
solve--
end solve-- RelaxOptimal OPTIMAL
 weights_sum: 1.0000000000000007
itereffortlevel: 0
--separating...
--find a better primal bound 0.46945929392001523 by Alternative descent Eigen
--found a cut state by heuristic 0.46945929392001523 -0.0 
iteration: 326,  #states: 1465, valueb: -0.0, activeness: 0.46945929392001523, primalobj: 0.9434501823942352, dualobj: -Inf
solve--
end solve-- RelaxOptimal OPTIMAL
 weights_sum: 1.0000000057177778
itereffortlevel: 0
--separating...
--find a better primal bound 0.4950501428299807 by Alternative descent Eigen
--found a cut state by heuristic 0.4950501428299807 -0.0 
iteration: 327,  #states: 1466, valueb: -0.0, activeness: 0.4950501428299807, primalobj: 0.9434472775487076, dualobj: -Inf
solve--
end solve-- RelaxOptimal OPTIMAL
 weights_sum: 1.0000000000000009
itereffortlevel: 0
--separating...
--find a better primal bound 1.2098857834814254 by Alternative descent Eigen
--found a cut state by heuristic 1.2098857834814254 0.19780529241678035 
iteration: 328,  #states: 1467, valueb: 0.19780529241678035, activeness: 1.2098857834814254, primalobj: 0.9434412562986636, dualobj: -Inf
solve--
end solve-- RelaxOptimal OPTIMAL
 weights_sum: 1.000000032256177
itereffortlevel: 0
--separating...
--find a better primal bound 0.6149775964912271 by Alternative descent Eigen
--found a cut state by heuristic 0.6149775964912271 0.14712900297621034 
iteration: 329,  #states: 1468, valueb: 0.14712900297621034, activeness: 0.6149775964912271, primalobj: 0.9434332006654454, dualobj: -Inf
solve--
end solve-- RelaxOptimal OPTIMAL
 weights_sum: 1.0000000000000002
itereffortlevel: 0
--separating...
--find a better primal bound 0.5352029598523602 by Alternative descent Eigen
--found a cut state by heuristic 0.5352029598523602 -0.0 
iteration: 330,  #states: 1469, valueb: -0.0, activeness: 0.5352029598523602, primalobj: 0.9434273600224667, dualobj: -Inf
solve--
end solve-- RelaxOptimal OPTIMAL
 weights_sum: 1.0000001319037244
itereffortlevel: 0
--separating...
--find a better primal bound 0.595203635236107 by Alternative descent Eigen
--found a cut state by heuristic 0.595203635236107 -0.0 
iteration: 331,  #states: 1470, valueb: -0.0, activeness: 0.595203635236107, primalobj: 0.9434217151715412, dualobj: -Inf
solve--
end solve-- RelaxOptimal OPTIMAL
 weights_sum: 1.0
itereffortlevel: 0
--separating...
--find a better primal bound 0.4799996425202693 by Alternative descent Eigen
--found a cut state by heuristic 0.4799996425202693 0.11167173111647807 
iteration: 332,  #states: 1471, valueb: 0.11167173111647807, activeness: 0.4799996425202693, primalobj: 0.9434156021110572, dualobj: -Inf
solve--
end solve-- RelaxOptimal OPTIMAL
 weights_sum: 0.9999999999999996
itereffortlevel: 0
--separating...
--find a better primal bound 0.5488532863102201 by Alternative descent Eigen
--found a cut state by heuristic 0.5488532863102201 0.0316680649923402 
iteration: 333,  #states: 1472, valueb: 0.0316680649923402, activeness: 0.5488532863102201, primalobj: 0.9434067759802367, dualobj: -Inf
solve--
end solve-- RelaxOptimal OPTIMAL
 weights_sum: 1.0
itereffortlevel: 0
--separating...
--find a better primal bound 0.8868547705686669 by Alternative descent Eigen
--found a cut state by heuristic 0.8868547705686669 -0.0 
iteration: 334,  #states: 1473, valueb: -0.0, activeness: 0.8868547705686669, primalobj: 0.9433984863413674, dualobj: -Inf
solve--
end solve-- RelaxOptimal OPTIMAL
 weights_sum: 1.0
itereffortlevel: 0
--separating...
--find a better primal bound 0.7632803654250562 by Alternative descent Eigen
--found a cut state by heuristic 0.7632803654250562 0.07058623901619177 
iteration: 335,  #states: 1474, valueb: 0.07058623901619177, activeness: 0.7632803654250562, primalobj: 0.943378428860104, dualobj: -Inf
solve--
end solve-- RelaxOptimal OPTIMAL
 weights_sum: 1.0000000074020836
itereffortlevel: 0
--separating...
--find a better primal bound 0.6691663911152324 by Alternative descent Eigen
--found a cut state by heuristic 0.6691663911152324 -0.0 
iteration: 336,  #states: 1475, valueb: -0.0, activeness: 0.6691663911152324, primalobj: 0.9433659927360378, dualobj: -Inf
solve--
end solve-- RelaxOptimal OPTIMAL
 weights_sum: 0.999999999999999
itereffortlevel: 0
--separating...
--find a better primal bound 1.00158876300759 by Alternative descent Eigen
--found a cut state by heuristic 1.00158876300759 0.1330825228365478 
iteration: 337,  #states: 1476, valueb: 0.1330825228365478, activeness: 1.00158876300759, primalobj: 0.9433589774033762, dualobj: -Inf
solve--
end solve-- RelaxOptimal OPTIMAL
 weights_sum: 0.9999999999999996
itereffortlevel: 0
--separating...
--find a better primal bound 0.677023366245806 by Alternative descent Eigen
--found a cut state by heuristic 0.677023366245806 0.1007313090436095 
iteration: 338,  #states: 1477, valueb: 0.1007313090436095, activeness: 0.677023366245806, primalobj: 0.9433425132125208, dualobj: -Inf
solve--
end solve-- RelaxOptimal OPTIMAL
 weights_sum: 1.0000000000000002
itereffortlevel: 0
--separating...
--find a better primal bound 0.6229338437879026 by Alternative descent Eigen
--found a cut state by heuristic 0.6229338437879026 0.08051474825171699 
iteration: 339,  #states: 1478, valueb: 0.08051474825171699, activeness: 0.6229338437879026, primalobj: 0.9433372211021842, dualobj: -Inf
solve--
end solve-- RelaxOptimal OPTIMAL
 weights_sum: 0.9999999999999999
itereffortlevel: 0
--separating...
--find a better primal bound 0.7443351046383175 by Alternative descent Eigen
--found a cut state by heuristic 0.7443351046383175 0.14283912668872084 
iteration: 340,  #states: 1479, valueb: 0.14283912668872084, activeness: 0.7443351046383175, primalobj: 0.9433255459947947, dualobj: -Inf
solve--
end solve-- RelaxOptimal OPTIMAL
 weights_sum: 1.0000002423013075
itereffortlevel: 0
--separating...
--find a better primal bound 0.9946287602575852 by Alternative descent Eigen
--found a cut state by heuristic 0.9946287602575852 0.08384416670226844 
iteration: 341,  #states: 1480, valueb: 0.08384416670226844, activeness: 0.9946287602575852, primalobj: 0.9433191274658872, dualobj: -Inf
solve--
end solve-- RelaxOptimal OPTIMAL
 weights_sum: 1.0
itereffortlevel: 0
--separating...
--find a better primal bound 0.6368297657829816 by Alternative descent Eigen
--found a cut state by heuristic 0.6368297657829816 0.12315865160467071 
iteration: 342,  #states: 1481, valueb: 0.12315865160467071, activeness: 0.6368297657829816, primalobj: 0.9433109672848929, dualobj: -Inf
solve--
end solve-- RelaxOptimal OPTIMAL
 weights_sum: 1.0000000000000004
itereffortlevel: 0
--separating...
--find a better primal bound 0.736644901595835 by Alternative descent Eigen
--found a cut state by heuristic 0.736644901595835 -0.0 
iteration: 343,  #states: 1482, valueb: -0.0, activeness: 0.736644901595835, primalobj: 0.9433060918370403, dualobj: -Inf
solve--
end solve-- RelaxOptimal OPTIMAL
 weights_sum: 1.0000000000000002
itereffortlevel: 0
--separating...
--find a better primal bound 0.6263671509892899 by Alternative descent Eigen
--found a cut state by heuristic 0.6263671509892899 -0.0 
iteration: 344,  #states: 1483, valueb: -0.0, activeness: 0.6263671509892899, primalobj: 0.9432979909124949, dualobj: -Inf
solve--
end solve-- RelaxOptimal OPTIMAL
 weights_sum: 1.0000000000000002
itereffortlevel: 0
--separating...
--find a better primal bound 0.5313983879474582 by Alternative descent Eigen
--found a cut state by heuristic 0.5313983879474582 0.10674166410034612 
iteration: 345,  #states: 1484, valueb: 0.10674166410034612, activeness: 0.5313983879474582, primalobj: 0.9432933412226027, dualobj: -Inf
solve--
end solve-- RelaxOptimal OPTIMAL
 weights_sum: 1.0000000159585924
itereffortlevel: 0
--separating...
--find a better primal bound 0.599108338860026 by Alternative descent Eigen
--found a cut state by heuristic 0.599108338860026 0.10799400650314146 
iteration: 346,  #states: 1485, valueb: 0.10799400650314146, activeness: 0.599108338860026, primalobj: 0.9432865283118622, dualobj: -Inf
solve--
end solve-- RelaxOptimal OPTIMAL
 weights_sum: 1.0000000000000009
itereffortlevel: 0
--separating...
--find a better primal bound 0.47661339329873825 by Alternative descent Eigen
--found a cut state by heuristic 0.47661339329873825 0.026506676472932904 
iteration: 347,  #states: 1486, valueb: 0.026506676472932904, activeness: 0.47661339329873825, primalobj: 0.9432816554453356, dualobj: -Inf
solve--
end solve-- RelaxOptimal OPTIMAL
 weights_sum: 1.0000002220264177
itereffortlevel: 0
--separating...
--find a better primal bound 0.37903147143998595 by Alternative descent Eigen
--found a cut state by heuristic 0.37903147143998595 -0.0 
iteration: 348,  #states: 1487, valueb: -0.0, activeness: 0.37903147143998595, primalobj: 0.9432786199830437, dualobj: -Inf
solve--
end solve-- RelaxOptimal OPTIMAL
 weights_sum: 1.0000000000000002
itereffortlevel: 0
--separating...
--find a better primal bound 0.6560667583912727 by Alternative descent Eigen
--found a cut state by heuristic 0.6560667583912727 -0.0 
iteration: 349,  #states: 1488, valueb: -0.0, activeness: 0.6560667583912727, primalobj: 0.9432760328767152, dualobj: -Inf
solve--
end solve-- RelaxOptimal OPTIMAL
 weights_sum: 1.0000000000000004
itereffortlevel: 0
--separating...
--find a better primal bound 0.7173854464472731 by Alternative descent Eigen
--found a cut state by heuristic 0.7173854464472731 0.10150744500546653 
iteration: 350,  #states: 1489, valueb: 0.10150744500546653, activeness: 0.7173854464472731, primalobj: 0.9432653408144699, dualobj: -Inf
solve--
end solve-- RelaxOptimal OPTIMAL
 weights_sum: 0.9999999999999992
itereffortlevel: 0
--separating...
--find a better primal bound 0.5356675348073248 by Alternative descent Eigen
--found a cut state by heuristic 0.5356675348073248 0.1449925074945444 
iteration: 351,  #states: 1490, valueb: 0.1449925074945444, activeness: 0.5356675348073248, primalobj: 0.9432584889020713, dualobj: -Inf
solve--
end solve-- RelaxOptimal OPTIMAL
 weights_sum: 1.0000000445880517
itereffortlevel: 0
--separating...
--find a better primal bound 0.6836574667924672 by Alternative descent Eigen
--found a cut state by heuristic 0.6836574667924672 0.11661488084978193 
iteration: 352,  #states: 1491, valueb: 0.11661488084978193, activeness: 0.6836574667924672, primalobj: 0.9432525490242556, dualobj: -Inf
solve--
end solve-- RelaxOptimal OPTIMAL
 weights_sum: 0.9999999999999997
itereffortlevel: 0
--separating...
--find a better primal bound 0.9194368376897077 by Alternative descent Eigen
--found a cut state by heuristic 0.9194368376897077 0.1942508116117885 
iteration: 353,  #states: 1492, valueb: 0.1942508116117885, activeness: 0.9194368376897077, primalobj: 0.9432460251528543, dualobj: -Inf
solve--
end solve-- RelaxOptimal OPTIMAL
 weights_sum: 1.000000243603973
itereffortlevel: 0
--separating...
--find a better primal bound 0.8891184709907602 by Alternative descent Eigen
--found a cut state by heuristic 0.8891184709907602 0.19709516177049008 
iteration: 354,  #states: 1493, valueb: 0.19709516177049008, activeness: 0.8891184709907602, primalobj: 0.9432392811382331, dualobj: -Inf
solve--
end solve-- RelaxOptimal OPTIMAL
 weights_sum: 1.0
itereffortlevel: 0
--separating...
--find a better primal bound 0.8480121226475675 by Alternative descent Eigen
--found a cut state by heuristic 0.8480121226475675 0.22390337067437308 
iteration: 355,  #states: 1494, valueb: 0.22390337067437308, activeness: 0.8480121226475675, primalobj: 0.9432279965968193, dualobj: -Inf
solve--
end solve-- RelaxOptimal OPTIMAL
 weights_sum: 1.000000119734251
itereffortlevel: 0
--separating...
--find a better primal bound 0.6709479944973078 by Alternative descent Eigen
--found a cut state by heuristic 0.6709479944973078 0.14450244354462852 
iteration: 356,  #states: 1495, valueb: 0.14450244354462852, activeness: 0.6709479944973078, primalobj: 0.9432154920616502, dualobj: -Inf
solve--
end solve-- RelaxOptimal OPTIMAL
 weights_sum: 0.9999999999999999
itereffortlevel: 0
--separating...
--find a better primal bound 0.9484752647803834 by Alternative descent Eigen
--found a cut state by heuristic 0.9484752647803834 0.1409972021292806 
iteration: 357,  #states: 1496, valueb: 0.1409972021292806, activeness: 0.9484752647803834, primalobj: 0.9432069266958691, dualobj: -Inf
solve--
end solve-- RelaxOptimal OPTIMAL
 weights_sum: 1.000000030440063
itereffortlevel: 0
--separating...
--find a better primal bound 0.6811164999161128 by Alternative descent Eigen
--found a cut state by heuristic 0.6811164999161128 0.1259265674647674 
iteration: 358,  #states: 1497, valueb: 0.1259265674647674, activeness: 0.6811164999161128, primalobj: 0.9431995817520364, dualobj: -Inf
solve--
end solve-- RelaxOptimal OPTIMAL
 weights_sum: 1.0000000000000009
itereffortlevel: 0
--separating...
--find a better primal bound 0.6815937846377439 by Alternative descent Eigen
--found a cut state by heuristic 0.6815937846377439 0.11627974616416835 
iteration: 359,  #states: 1498, valueb: 0.11627974616416835, activeness: 0.6815937846377439, primalobj: 0.9431927743103566, dualobj: -Inf
solve--
end solve-- RelaxOptimal OPTIMAL
 weights_sum: 1.0000000000000007
itereffortlevel: 0
--separating...
--find a better primal bound 0.6731193041483704 by Alternative descent Eigen
--found a cut state by heuristic 0.6731193041483704 0.18065891991907024 
iteration: 360,  #states: 1499, valueb: 0.18065891991907024, activeness: 0.6731193041483704, primalobj: 0.9431859929907679, dualobj: -Inf
solve--
end solve-- RelaxOptimal OPTIMAL
 weights_sum: 1.0000000299407297
itereffortlevel: 0
--separating...
--find a better primal bound 0.85443026448074 by Alternative descent Eigen
--found a cut state by heuristic 0.85443026448074 0.23322066030041017 
iteration: 361,  #states: 1500, valueb: 0.23322066030041017, activeness: 0.85443026448074, primalobj: 0.9431806236317641, dualobj: -Inf
solve--
end solve-- RelaxOptimal OPTIMAL
 weights_sum: 0.9999999999999989
itereffortlevel: 0
--separating...
--find a better primal bound 0.7886199618574601 by Alternative descent Eigen
--found a cut state by heuristic 0.7886199618574601 0.16015927538191554 
iteration: 362,  #states: 1501, valueb: 0.16015927538191554, activeness: 0.7886199618574601, primalobj: 0.9431687471340819, dualobj: -Inf
solve--
end solve-- RelaxOptimal OPTIMAL
 weights_sum: 1.0000000000000002
itereffortlevel: 0
--separating...
--find a better primal bound 1.0641720488328976 by Alternative descent Eigen
--found a cut state by heuristic 1.0641720488328976 0.26621419863244467 
iteration: 363,  #states: 1502, valueb: 0.26621419863244467, activeness: 1.0641720488328976, primalobj: 0.9431596292804436, dualobj: -Inf
solve--
end solve-- RelaxOptimal OPTIMAL
 weights_sum: 1.0000000000000002
itereffortlevel: 0
--separating...
--find a better primal bound 0.6684239767290596 by Alternative descent Eigen
--found a cut state by heuristic 0.6684239767290596 0.26890165831474927 
iteration: 364,  #states: 1503, valueb: 0.26890165831474927, activeness: 0.6684239767290596, primalobj: 0.9431516123306924, dualobj: -Inf
solve--
end solve-- RelaxOptimal OPTIMAL
 weights_sum: 1.0
itereffortlevel: 0
--separating...
--find a better primal bound 1.0071447768411679 by Alternative descent Eigen
--found a cut state by heuristic 1.0071447768411679 0.23783407254669228 
iteration: 365,  #states: 1504, valueb: 0.23783407254669228, activeness: 1.0071447768411679, primalobj: 0.9431471532890455, dualobj: -Inf
solve--
end solve-- RelaxOptimal OPTIMAL
 weights_sum: 0.9999999999999997
itereffortlevel: 0
--separating...
--find a better primal bound 0.2948671259234842 by Alternative descent Eigen
--found a cut state by heuristic 0.2948671259234842 0.01402782932050787 
iteration: 366,  #states: 1505, valueb: 0.01402782932050787, activeness: 0.2948671259234842, primalobj: 0.9431364889918241, dualobj: -Inf
solve--
end solve-- RelaxOptimal OPTIMAL
 weights_sum: 1.0000000727937153
itereffortlevel: 0
--separating...
--find a better primal bound 0.6537254335781104 by Alternative descent Eigen
--found a cut state by heuristic 0.6537254335781104 0.018385289706302006 
iteration: 367,  #states: 1506, valueb: 0.018385289706302006, activeness: 0.6537254335781104, primalobj: 0.9431308702997304, dualobj: -Inf
solve--
end solve-- RelaxOptimal OPTIMAL
 weights_sum: 0.9999999999999996
itereffortlevel: 0
--separating...
--find a better primal bound 0.6307806435882103 by Alternative descent Eigen
--found a cut state by heuristic 0.6307806435882103 0.0768264021256042 
iteration: 368,  #states: 1507, valueb: 0.0768264021256042, activeness: 0.6307806435882103, primalobj: 0.9431245055346277, dualobj: -Inf
solve--
end solve-- RelaxOptimal OPTIMAL
 weights_sum: 0.9999999999999998
itereffortlevel: 0
--separating...
--find a better primal bound 0.43846739468655893 by Alternative descent Eigen
--found a cut state by heuristic 0.43846739468655893 0.020021006330369646 
iteration: 369,  #states: 1508, valueb: 0.020021006330369646, activeness: 0.43846739468655893, primalobj: 0.943117721039374, dualobj: -Inf
solve--
end solve-- RelaxOptimal OPTIMAL
 weights_sum: 1.0000000000000004
itereffortlevel: 0
--separating...
--find a better primal bound 0.6342045474355362 by Alternative descent Eigen
--found a cut state by heuristic 0.6342045474355362 0.002542945510325627 
iteration: 370,  #states: 1509, valueb: 0.002542945510325627, activeness: 0.6342045474355362, primalobj: 0.9431116056040283, dualobj: -Inf
solve--
end solve-- RelaxOptimal OPTIMAL
 weights_sum: 1.0000000000000002
itereffortlevel: 0
--separating...
--find a better primal bound 0.611912136089218 by Alternative descent Eigen
--found a cut state by heuristic 0.611912136089218 0.009214928235889217 
iteration: 371,  #states: 1510, valueb: 0.009214928235889217, activeness: 0.611912136089218, primalobj: 0.9431065307682045, dualobj: -Inf
solve--
end solve-- RelaxOptimal OPTIMAL
 weights_sum: 1.0000000000000002
itereffortlevel: 0
--separating...
--find a better primal bound 0.6390085560774045 by Alternative descent Eigen
--found a cut state by heuristic 0.6390085560774045 0.007684113637475484 
iteration: 372,  #states: 1511, valueb: 0.007684113637475484, activeness: 0.6390085560774045, primalobj: 0.9431007153562735, dualobj: -Inf
solve--
end solve-- RelaxOptimal OPTIMAL
 weights_sum: 1.0000000000000004
itereffortlevel: 0
--separating...
--find a better primal bound 0.41247021668052974 by Alternative descent Eigen
--found a cut state by heuristic 0.41247021668052974 -0.0 
iteration: 373,  #states: 1512, valueb: -0.0, activeness: 0.41247021668052974, primalobj: 0.9430959813155259, dualobj: -Inf
solve--
end solve-- RelaxOptimal OPTIMAL
 weights_sum: 1.0000000000000009
itereffortlevel: 0
--separating...
--find a better primal bound 0.6478242016189415 by Alternative descent Eigen
--found a cut state by heuristic 0.6478242016189415 0.0013690413866619267 
iteration: 374,  #states: 1513, valueb: 0.0013690413866619267, activeness: 0.6478242016189415, primalobj: 0.9430906794125039, dualobj: -Inf
solve--
end solve-- RelaxOptimal OPTIMAL
 weights_sum: 1.0000009165066996
itereffortlevel: 0
--separating...
--find a better primal bound 0.6733746811750458 by Alternative descent Eigen
--found a cut state by heuristic 0.6733746811750458 0.0879509181430802 
iteration: 375,  #states: 1514, valueb: 0.0879509181430802, activeness: 0.6733746811750458, primalobj: 0.9430830728102775, dualobj: -Inf
solve--
end solve-- RelaxOptimal OPTIMAL
 weights_sum: 1.0000000171558632
itereffortlevel: 0
--separating...
--find a better primal bound 0.6054116779117427 by Alternative descent Eigen
--found a cut state by heuristic 0.6054116779117427 0.010986375073066374 
iteration: 376,  #states: 1515, valueb: 0.010986375073066374, activeness: 0.6054116779117427, primalobj: 0.9430759795765756, dualobj: -Inf
solve--
end solve-- RelaxOptimal OPTIMAL
 weights_sum: 1.0000000272754355
itereffortlevel: 0
--separating...
--find a better primal bound 0.9359950803190633 by Alternative descent Eigen
--found a cut state by heuristic 0.9359950803190633 0.053413290423051915 
iteration: 377,  #states: 1516, valueb: 0.053413290423051915, activeness: 0.9359950803190633, primalobj: 0.9430655872856741, dualobj: -Inf
solve--
end solve-- RelaxOptimal OPTIMAL
 weights_sum: 1.0000000000000002
itereffortlevel: 0
--separating...
--find a better primal bound 0.5606277919687366 by Alternative descent Eigen
--found a cut state by heuristic 0.5606277919687366 0.05630027176773191 
iteration: 378,  #states: 1517, valueb: 0.05630027176773191, activeness: 0.5606277919687366, primalobj: 0.9430572631557672, dualobj: -Inf
solve--
end solve-- RelaxOptimal OPTIMAL
 weights_sum: 0.9999999999999996
itereffortlevel: 0
--separating...
--find a better primal bound 0.6351831764624417 by Alternative descent Eigen
--found a cut state by heuristic 0.6351831764624417 0.1072273099195645 
iteration: 379,  #states: 1518, valueb: 0.1072273099195645, activeness: 0.6351831764624417, primalobj: 0.9430486458064175, dualobj: -Inf
solve--
end solve-- RelaxOptimal OPTIMAL
 weights_sum: 0.9999999999999993
itereffortlevel: 0
--separating...
--find a better primal bound 0.517382369806576 by Alternative descent Eigen
--found a cut state by heuristic 0.517382369806576 0.12025785007518705 
iteration: 380,  #states: 1519, valueb: 0.12025785007518705, activeness: 0.517382369806576, primalobj: 0.9430425947004499, dualobj: -Inf
solve--
end solve-- RelaxOptimal OPTIMAL
 weights_sum: 1.0000000000000002
itereffortlevel: 0
--separating...
--find a better primal bound 0.6785768818206321 by Alternative descent Eigen
--found a cut state by heuristic 0.6785768818206321 -0.0 
iteration: 381,  #states: 1520, valueb: -0.0, activeness: 0.6785768818206321, primalobj: 0.9430376060970646, dualobj: -Inf
solve--
end solve-- RelaxOptimal OPTIMAL
 weights_sum: 1.0000000000000004
itereffortlevel: 0
--separating...
--find a better primal bound 0.44814834342803295 by Alternative descent Eigen
--found a cut state by heuristic 0.44814834342803295 0.0065409361671315445 
iteration: 382,  #states: 1521, valueb: 0.0065409361671315445, activeness: 0.44814834342803295, primalobj: 0.9430297780785761, dualobj: -Inf
solve--
end solve-- RelaxOptimal OPTIMAL
 weights_sum: 1.000000028463801
itereffortlevel: 0
--separating...
--find a better primal bound 0.7430475427953275 by Alternative descent Eigen
--found a cut state by heuristic 0.7430475427953275 0.0060019974720634485 
iteration: 383,  #states: 1522, valueb: 0.0060019974720634485, activeness: 0.7430475427953275, primalobj: 0.9430215208604328, dualobj: -Inf
solve--
end solve-- RelaxOptimal OPTIMAL
 weights_sum: 1.0000000780998919
itereffortlevel: 0
--separating...
--find a better primal bound 0.6828663932625024 by Alternative descent Eigen
--found a cut state by heuristic 0.6828663932625024 0.045824077147485064 
iteration: 384,  #states: 1523, valueb: 0.045824077147485064, activeness: 0.6828663932625024, primalobj: 0.9430144040406316, dualobj: -Inf
solve--
end solve-- RelaxOptimal OPTIMAL
 weights_sum: 1.0000000000000002
itereffortlevel: 0
--separating...
--find a better primal bound 0.4500706954252357 by Alternative descent Eigen
--found a cut state by heuristic 0.4500706954252357 -0.0 
iteration: 385,  #states: 1524, valueb: -0.0, activeness: 0.4500706954252357, primalobj: 0.9430067820983059, dualobj: -Inf
solve--
end solve-- RelaxOptimal OPTIMAL
 weights_sum: 1.0000000693350335
itereffortlevel: 0
--separating...
--find a better primal bound 0.8234732754751566 by Alternative descent Eigen
--found a cut state by heuristic 0.8234732754751566 0.00934320935333331 
iteration: 386,  #states: 1525, valueb: 0.00934320935333331, activeness: 0.8234732754751566, primalobj: 0.9429982505071478, dualobj: -Inf
solve--
end solve-- RelaxOptimal OPTIMAL
 weights_sum: 1.0000000144532621
itereffortlevel: 0
--separating...
--find a better primal bound 0.5652458097068668 by Alternative descent Eigen
--found a cut state by heuristic 0.5652458097068668 0.09396303081440582 
iteration: 387,  #states: 1526, valueb: 0.09396303081440582, activeness: 0.5652458097068668, primalobj: 0.9429857818222209, dualobj: -Inf
solve--
end solve-- RelaxOptimal OPTIMAL
 weights_sum: 0.9999999999999996
itereffortlevel: 0
--separating...
--find a better primal bound 0.5362933324588492 by Alternative descent Eigen
--found a cut state by heuristic 0.5362933324588492 0.1103169418285348 
iteration: 388,  #states: 1527, valueb: 0.1103169418285348, activeness: 0.5362933324588492, primalobj: 0.9429795623101056, dualobj: -Inf
solve--
end solve-- RelaxOptimal OPTIMAL
 weights_sum: 0.9999999999999998
itereffortlevel: 0
--separating...
--find a better primal bound 0.6435824836198626 by Alternative descent Eigen
--found a cut state by heuristic 0.6435824836198626 0.11682279788407801 
iteration: 389,  #states: 1528, valueb: 0.11682279788407801, activeness: 0.6435824836198626, primalobj: 0.9429748731981054, dualobj: -Inf
solve--
end solve-- RelaxOptimal OPTIMAL
 weights_sum: 1.0
itereffortlevel: 0
--separating...
--find a better primal bound 0.5723390631791256 by Alternative descent Eigen
--found a cut state by heuristic 0.5723390631791256 0.11492328166930216 
iteration: 390,  #states: 1529, valueb: 0.11492328166930216, activeness: 0.5723390631791256, primalobj: 0.9429664773934802, dualobj: -Inf
solve--
end solve-- RelaxOptimal OPTIMAL
 weights_sum: 1.0000000000000007
itereffortlevel: 0
--separating...
--find a better primal bound 0.5590514289994575 by Alternative descent Eigen
--found a cut state by heuristic 0.5590514289994575 0.18873844167603554 
iteration: 391,  #states: 1530, valueb: 0.18873844167603554, activeness: 0.5590514289994575, primalobj: 0.9429597401972882, dualobj: -Inf
solve--
end solve-- RelaxOptimal OPTIMAL
 weights_sum: 1.0000000000000002
itereffortlevel: 0
--separating...
--find a better primal bound 0.8881979402404085 by Alternative descent Eigen
--found a cut state by heuristic 0.8881979402404085 0.17404402880990003 
iteration: 392,  #states: 1531, valueb: 0.17404402880990003, activeness: 0.8881979402404085, primalobj: 0.9429563458755337, dualobj: -Inf
solve--
end solve-- RelaxOptimal OPTIMAL
 weights_sum: 0.9999999999999988
itereffortlevel: 0
--separating...
--find a better primal bound 0.5475172431921224 by Alternative descent Eigen
--found a cut state by heuristic 0.5475172431921224 0.15082734859335215 
iteration: 393,  #states: 1532, valueb: 0.15082734859335215, activeness: 0.5475172431921224, primalobj: 0.942951131849777, dualobj: -Inf
solve--
end solve-- RelaxOptimal OPTIMAL
 weights_sum: 1.0000000000000002
itereffortlevel: 0
--separating...
--find a better primal bound 0.8567277397378895 by Alternative descent Eigen
--found a cut state by heuristic 0.8567277397378895 0.20418134770982224 
iteration: 394,  #states: 1533, valueb: 0.20418134770982224, activeness: 0.8567277397378895, primalobj: 0.9429464236001062, dualobj: -Inf
solve--
end solve-- RelaxOptimal OPTIMAL
 weights_sum: 1.0000000000000002
itereffortlevel: 0
--separating...
--find a better primal bound 0.8051861919797434 by Alternative descent Eigen
--found a cut state by heuristic 0.8051861919797434 0.1458319572117873 
iteration: 395,  #states: 1534, valueb: 0.1458319572117873, activeness: 0.8051861919797434, primalobj: 0.9429393078769017, dualobj: -Inf
solve--
end solve-- RelaxOptimal OPTIMAL
 weights_sum: 1.0000000000000002
itereffortlevel: 0
--separating...
--find a better primal bound 0.3501594408246436 by Alternative descent Eigen
--found a cut state by heuristic 0.3501594408246436 0.06869418911956275 
iteration: 396,  #states: 1535, valueb: 0.06869418911956275, activeness: 0.3501594408246436, primalobj: 0.9429337402111035, dualobj: -Inf
solve--
end solve-- RelaxOptimal OPTIMAL
 weights_sum: 1.0
itereffortlevel: 0
--separating...
--find a better primal bound 0.32490304180768853 by Alternative descent Eigen
--found a cut state by heuristic 0.32490304180768853 0.011314396730278634 
iteration: 397,  #states: 1536, valueb: 0.011314396730278634, activeness: 0.32490304180768853, primalobj: 0.942930818102087, dualobj: -Inf
solve--
end solve-- RelaxOptimal OPTIMAL
 weights_sum: 1.0
itereffortlevel: 0
--separating...
--find a better primal bound 0.5772353302082522 by Alternative descent Eigen
--found a cut state by heuristic 0.5772353302082522 0.27372021403863495 
iteration: 398,  #states: 1537, valueb: 0.27372021403863495, activeness: 0.5772353302082522, primalobj: 0.9429280498668198, dualobj: -Inf
solve--
end solve-- RelaxOptimal OPTIMAL
 weights_sum: 1.0000000000000009
itereffortlevel: 0
--separating...
--find a better primal bound 0.7493258029448192 by Alternative descent Eigen
--found a cut state by heuristic 0.7493258029448192 0.23438957612441333 
iteration: 399,  #states: 1538, valueb: 0.23438957612441333, activeness: 0.7493258029448192, primalobj: 0.9429258407087544, dualobj: -Inf
solve--
end solve-- RelaxOptimal OPTIMAL
 weights_sum: 1.0
itereffortlevel: 0
--separating...
--find a better primal bound 0.6997273858881727 by Alternative descent Eigen
--found a cut state by heuristic 0.6997273858881727 0.18224466506426218 
iteration: 400,  #states: 1539, valueb: 0.18224466506426218, activeness: 0.6997273858881727, primalobj: 0.9429220570183352, dualobj: -Inf
solve--
end solve-- RelaxOptimal OPTIMAL
 weights_sum: 1.0
itereffortlevel: 0
--separating...
--find a better primal bound 0.5594489997287815 by Alternative descent Eigen
--found a cut state by heuristic 0.5594489997287815 0.15876557575840622 
iteration: 401,  #states: 1540, valueb: 0.15876557575840622, activeness: 0.5594489997287815, primalobj: 0.942917958582247, dualobj: -Inf
solve--
end solve-- RelaxOptimal OPTIMAL
 weights_sum: 1.0000000394291089
itereffortlevel: 0
--separating...
--find a better primal bound 0.5475647299113575 by Alternative descent Eigen
--found a cut state by heuristic 0.5475647299113575 0.12441385391617692 
iteration: 402,  #states: 1541, valueb: 0.12441385391617692, activeness: 0.5475647299113575, primalobj: 0.9429104234116291, dualobj: -Inf
solve--
end solve-- RelaxOptimal OPTIMAL
 weights_sum: 1.0000000000000002
itereffortlevel: 0
--separating...
--find a better primal bound 0.8067843221072484 by Alternative descent Eigen
--found a cut state by heuristic 0.8067843221072484 -0.0 
iteration: 403,  #states: 1542, valueb: -0.0, activeness: 0.8067843221072484, primalobj: 0.9429077176304806, dualobj: -Inf
solve--
end solve-- RelaxOptimal OPTIMAL
 weights_sum: 1.0000000000000002
itereffortlevel: 0
--separating...
--find a better primal bound 0.5201366091930324 by Alternative descent Eigen
--found a cut state by heuristic 0.5201366091930324 -0.0 
iteration: 404,  #states: 1543, valueb: -0.0, activeness: 0.5201366091930324, primalobj: 0.9428997611450957, dualobj: -Inf
solve--
end solve-- RelaxOptimal OPTIMAL
 weights_sum: 1.0000000193825742
itereffortlevel: 0
--separating...
--find a better primal bound 0.36668012809522726 by Alternative descent Eigen
--found a cut state by heuristic 0.36668012809522726 -0.0 
iteration: 405,  #states: 1544, valueb: -0.0, activeness: 0.36668012809522726, primalobj: 0.9428967707935155, dualobj: -Inf
solve--
end solve-- RelaxOptimal OPTIMAL
 weights_sum: 1.0
itereffortlevel: 0
--separating...
--find a better primal bound 0.643275379372158 by Alternative descent Eigen
--found a cut state by heuristic 0.643275379372158 -0.0 
iteration: 406,  #states: 1545, valueb: -0.0, activeness: 0.643275379372158, primalobj: 0.9428926590131708, dualobj: -Inf
solve--
end solve-- RelaxOptimal OPTIMAL
 weights_sum: 1.0000000891927419
itereffortlevel: 0
--separating...
--find a better primal bound 0.29695488060695857 by Alternative descent Eigen
--found a cut state by heuristic 0.29695488060695857 0.03712041885946851 
iteration: 407,  #states: 1546, valueb: 0.03712041885946851, activeness: 0.29695488060695857, primalobj: 0.9428855102868532, dualobj: -Inf
solve--
end solve-- RelaxOptimal OPTIMAL
 weights_sum: 1.0000000234987911
itereffortlevel: 0
--separating...
--find a better primal bound 0.4618322970281529 by Alternative descent Eigen
--found a cut state by heuristic 0.4618322970281529 -0.0 
iteration: 408,  #states: 1547, valueb: -0.0, activeness: 0.4618322970281529, primalobj: 0.9428818867867619, dualobj: -Inf
solve--
end solve-- RelaxOptimal OPTIMAL
 weights_sum: 1.0000000099002144
itereffortlevel: 0
--separating...
--find a better primal bound 0.48064891940411103 by Alternative descent Eigen
--found a cut state by heuristic 0.48064891940411103 0.009398039046818178 
iteration: 409,  #states: 1548, valueb: 0.009398039046818178, activeness: 0.48064891940411103, primalobj: 0.9428765633351269, dualobj: -Inf
solve--
end solve-- RelaxOptimal OPTIMAL
 weights_sum: 1.0000056243011703
itereffortlevel: 0
--separating...
--find a better primal bound 0.5637188119491444 by Alternative descent Eigen
--found a cut state by heuristic 0.5637188119491444 0.1791412681187024 
iteration: 410,  #states: 1549, valueb: 0.1791412681187024, activeness: 0.5637188119491444, primalobj: 0.9428712491742821, dualobj: -Inf
solve--
end solve-- RelaxOptimal OPTIMAL
 weights_sum: 1.0000000568540064
itereffortlevel: 0
--separating...
--find a better primal bound 0.4367530010897832 by Alternative descent Eigen
--found a cut state by heuristic 0.4367530010897832 -0.0 
iteration: 411,  #states: 1550, valueb: -0.0, activeness: 0.4367530010897832, primalobj: 0.9428673806410646, dualobj: -Inf
solve--
end solve-- RelaxOptimal OPTIMAL
 weights_sum: 1.0
itereffortlevel: 0
--separating...
--find a better primal bound 0.43757726947694675 by Alternative descent Eigen
--found a cut state by heuristic 0.43757726947694675 0.012654962419166494 
iteration: 412,  #states: 1551, valueb: 0.012654962419166494, activeness: 0.43757726947694675, primalobj: 0.9428614001958088, dualobj: -Inf
solve--
end solve-- RelaxOptimal OPTIMAL
 weights_sum: 1.000000077576776
itereffortlevel: 0
--separating...
--find a better primal bound 0.5137021787367265 by Alternative descent Eigen
--found a cut state by heuristic 0.5137021787367265 0.0060700518587040704 
iteration: 413,  #states: 1552, valueb: 0.0060700518587040704, activeness: 0.5137021787367265, primalobj: 0.942852453179322, dualobj: -Inf
solve--
end solve-- RelaxOptimal OPTIMAL
 weights_sum: 1.0000000020193736
itereffortlevel: 0
--separating...
--find a better primal bound 0.3227215673323194 by Alternative descent Eigen
--found a cut state by heuristic 0.3227215673323194 0.04964243301055441 
iteration: 414,  #states: 1553, valueb: 0.04964243301055441, activeness: 0.3227215673323194, primalobj: 0.9428455109943168, dualobj: -Inf
solve--
end solve-- RelaxOptimal OPTIMAL
 weights_sum: 1.0000018715086951
itereffortlevel: 0
--separating...
--find a better primal bound 0.6860026152169565 by Alternative descent Eigen
--found a cut state by heuristic 0.6860026152169565 0.017207651234471006 
iteration: 415,  #states: 1554, valueb: 0.017207651234471006, activeness: 0.6860026152169565, primalobj: 0.9428428098025687, dualobj: -Inf
solve--
end solve-- RelaxOptimal OPTIMAL
 weights_sum: 1.0000000000000007
itereffortlevel: 0
--separating...
--find a better primal bound 0.5306177132338887 by Alternative descent Eigen
--found a cut state by heuristic 0.5306177132338887 0.11640884493739836 
iteration: 416,  #states: 1555, valueb: 0.11640884493739836, activeness: 0.5306177132338887, primalobj: 0.9428368944823553, dualobj: -Inf
solve--
end solve-- RelaxOptimal OPTIMAL
 weights_sum: 1.0000000261477413
itereffortlevel: 0
--separating...
--find a better primal bound 0.61709234577169 by Alternative descent Eigen
--found a cut state by heuristic 0.61709234577169 0.16765527460690996 
iteration: 417,  #states: 1556, valueb: 0.16765527460690996, activeness: 0.61709234577169, primalobj: 0.9428286694350524, dualobj: -Inf
solve--
end solve-- RelaxOptimal OPTIMAL
 weights_sum: 0.9999999999999999
itereffortlevel: 0
--separating...
--find a better primal bound 0.284839228127872 by Alternative descent Eigen
--found a cut state by heuristic 0.284839228127872 -0.0 
iteration: 418,  #states: 1557, valueb: -0.0, activeness: 0.284839228127872, primalobj: 0.9428244764629856, dualobj: -Inf
solve--
end solve-- RelaxOptimal OPTIMAL
 weights_sum: 1.0000000000000002
itereffortlevel: 0
--separating...
--find a better primal bound 0.5800322481193758 by Alternative descent Eigen
--found a cut state by heuristic 0.5800322481193758 0.18113855297252338 
iteration: 419,  #states: 1558, valueb: 0.18113855297252338, activeness: 0.5800322481193758, primalobj: 0.9428158513865422, dualobj: -Inf
solve--
end solve-- RelaxOptimal OPTIMAL
 weights_sum: 1.0000000153978006
itereffortlevel: 0
--separating...
--find a better primal bound 0.6864191907536739 by Alternative descent Eigen
--found a cut state by heuristic 0.6864191907536739 0.2096798933543209 
iteration: 420,  #states: 1559, valueb: 0.2096798933543209, activeness: 0.6864191907536739, primalobj: 0.9428129998545869, dualobj: -Inf
solve--
end solve-- RelaxOptimal OPTIMAL
 weights_sum: 1.0000000000000002
itereffortlevel: 0
--separating...
--find a better primal bound 0.5517069469795552 by Alternative descent Eigen
--found a cut state by heuristic 0.5517069469795552 0.1833948669084938 
iteration: 421,  #states: 1560, valueb: 0.1833948669084938, activeness: 0.5517069469795552, primalobj: 0.9428098716904537, dualobj: -Inf
solve--
end solve-- RelaxOptimal OPTIMAL
 weights_sum: 1.000000000000001
itereffortlevel: 0
--separating...
--find a better primal bound 0.4949317732861473 by Alternative descent Eigen
--found a cut state by heuristic 0.4949317732861473 0.1576807250289842 
iteration: 422,  #states: 1561, valueb: 0.1576807250289842, activeness: 0.4949317732861473, primalobj: 0.9428081446461096, dualobj: -Inf
solve--
end solve-- RelaxOptimal OPTIMAL
 weights_sum: 1.0
itereffortlevel: 0
--separating...
--find a better primal bound 0.3884690608063436 by Alternative descent Eigen
--found a cut state by heuristic 0.3884690608063436 -0.0 
iteration: 423,  #states: 1562, valueb: -0.0, activeness: 0.3884690608063436, primalobj: 0.9428052054031816, dualobj: -Inf
solve--
end solve-- RelaxOptimal OPTIMAL
 weights_sum: 1.0
itereffortlevel: 0
--separating...
--find a better primal bound 0.7870631888179656 by Alternative descent Eigen
--found a cut state by heuristic 0.7870631888179656 0.18411317533347352 
iteration: 424,  #states: 1563, valueb: 0.18411317533347352, activeness: 0.7870631888179656, primalobj: 0.9428025515687628, dualobj: -Inf
solve--
end solve-- RelaxOptimal OPTIMAL
 weights_sum: 1.0000006557317171
itereffortlevel: 0
--separating...
--find a better primal bound 0.5438088362903327 by Alternative descent Eigen
--found a cut state by heuristic 0.5438088362903327 -0.0 
iteration: 425,  #states: 1564, valueb: -0.0, activeness: 0.5438088362903327, primalobj: 0.9427935084145092, dualobj: -Inf
solve--
end solve-- RelaxOptimal OPTIMAL
 weights_sum: 0.9999999999999992
itereffortlevel: 0
--separating...
--find a better primal bound 0.4674438934306647 by Alternative descent Eigen
--found a cut state by heuristic 0.4674438934306647 0.04325984158357659 
iteration: 426,  #states: 1565, valueb: 0.04325984158357659, activeness: 0.4674438934306647, primalobj: 0.9427904437984651, dualobj: -Inf
solve--
end solve-- RelaxOptimal OPTIMAL
 weights_sum: 1.000000038335044
itereffortlevel: 0
--separating...
--find a better primal bound 0.4430604062572102 by Alternative descent Eigen
--found a cut state by heuristic 0.4430604062572102 -0.0 
iteration: 427,  #states: 1566, valueb: -0.0, activeness: 0.4430604062572102, primalobj: 0.9427885811722033, dualobj: -Inf
solve--
end solve-- RelaxOptimal OPTIMAL
 weights_sum: 1.0000000000000002
itereffortlevel: 0
--separating...
--find a better primal bound 0.3589068062726629 by Alternative descent Eigen
--found a cut state by heuristic 0.3589068062726629 -0.0 
iteration: 428,  #states: 1567, valueb: -0.0, activeness: 0.3589068062726629, primalobj: 0.9427841933990817, dualobj: -Inf
solve--
end solve-- RelaxOptimal OPTIMAL
 weights_sum: 0.9999999999999996
itereffortlevel: 0
--separating...
--find a better primal bound 0.42719794505507164 by Alternative descent Eigen
--found a cut state by heuristic 0.42719794505507164 0.11727853070209052 
iteration: 429,  #states: 1568, valueb: 0.11727853070209052, activeness: 0.42719794505507164, primalobj: 0.9427809463649162, dualobj: -Inf
solve--
end solve-- RelaxOptimal OPTIMAL
 weights_sum: 1.0000005894103838
itereffortlevel: 0
--separating...
--find a better primal bound 0.2917588402589974 by Alternative descent Eigen
--found a cut state by heuristic 0.2917588402589974 -0.0 
iteration: 430,  #states: 1569, valueb: -0.0, activeness: 0.2917588402589974, primalobj: 0.9427772008398153, dualobj: -Inf
solve--
end solve-- RelaxOptimal OPTIMAL
 weights_sum: 1.0
itereffortlevel: 0
--separating...
--find a better primal bound 0.2661555678312255 by Alternative descent Eigen
--found a cut state by heuristic 0.2661555678312255 -0.0 
iteration: 431,  #states: 1570, valueb: -0.0, activeness: 0.2661555678312255, primalobj: 0.9427747353552199, dualobj: -Inf
solve--
end solve-- RelaxOptimal OPTIMAL
 weights_sum: 1.0000000000000009
itereffortlevel: 0
--separating...
--find a better primal bound 0.46277931206993356 by Alternative descent Eigen
--found a cut state by heuristic 0.46277931206993356 0.09731763294346066 
iteration: 432,  #states: 1571, valueb: 0.09731763294346066, activeness: 0.46277931206993356, primalobj: 0.9427727915319439, dualobj: -Inf
solve--
end solve-- RelaxOptimal OPTIMAL
 weights_sum: 1.0
itereffortlevel: 0
--separating...
--find a better primal bound 0.34345607639296283 by Alternative descent Eigen
--found a cut state by heuristic 0.34345607639296283 -0.0 
iteration: 433,  #states: 1572, valueb: -0.0, activeness: 0.34345607639296283, primalobj: 0.942769796645346, dualobj: -Inf
solve--
end solve-- RelaxOptimal OPTIMAL
 weights_sum: 0.9999999999999999
itereffortlevel: 0
--separating...
--find a better primal bound 0.38952083626839284 by Alternative descent Eigen
--found a cut state by heuristic 0.38952083626839284 0.06145285714182309 
iteration: 434,  #states: 1573, valueb: 0.06145285714182309, activeness: 0.38952083626839284, primalobj: 0.9427673328453106, dualobj: -Inf
solve--
end solve-- RelaxOptimal OPTIMAL
 weights_sum: 1.0000001654847523
itereffortlevel: 0
--separating...
--find a better primal bound 0.8722640353394563 by Alternative descent Eigen
--found a cut state by heuristic 0.8722640353394563 0.2941965389200278 
iteration: 435,  #states: 1574, valueb: 0.2941965389200278, activeness: 0.8722640353394563, primalobj: 0.942764831093736, dualobj: -Inf
solve--
end solve-- RelaxOptimal OPTIMAL
 weights_sum: 0.9999999999999996
itereffortlevel: 0
--separating...
--find a better primal bound 0.6217304144904426 by Alternative descent Eigen
--found a cut state by heuristic 0.6217304144904426 0.1934455703459748 
iteration: 436,  #states: 1575, valueb: 0.1934455703459748, activeness: 0.6217304144904426, primalobj: 0.9427603099252106, dualobj: -Inf
solve--
end solve-- RelaxOptimal OPTIMAL
 weights_sum: 0.9999999999999998
itereffortlevel: 0
--separating...
--find a better primal bound 0.7008562987049664 by Alternative descent Eigen
--found a cut state by heuristic 0.7008562987049664 0.24725812205640332 
iteration: 437,  #states: 1576, valueb: 0.24725812205640332, activeness: 0.7008562987049664, primalobj: 0.9427554814769076, dualobj: -Inf
solve--
end solve-- RelaxOptimal OPTIMAL
 weights_sum: 0.9999999999999991
itereffortlevel: 0
--separating...
--find a better primal bound 0.517249484750332 by Alternative descent Eigen
--found a cut state by heuristic 0.517249484750332 0.09159591009675974 
iteration: 438,  #states: 1577, valueb: 0.09159591009675974, activeness: 0.517249484750332, primalobj: 0.9427508691947835, dualobj: -Inf
solve--
end solve-- RelaxOptimal OPTIMAL
 weights_sum: 1.0000000380726373
itereffortlevel: 0
--separating...
--find a better primal bound 0.7735097451099403 by Alternative descent Eigen
--found a cut state by heuristic 0.7735097451099403 0.24406484777814266 
iteration: 439,  #states: 1578, valueb: 0.24406484777814266, activeness: 0.7735097451099403, primalobj: 0.942747403563748, dualobj: -Inf
solve--
end solve-- RelaxOptimal OPTIMAL
 weights_sum: 1.0000000020480597
itereffortlevel: 0
--separating...
--find a better primal bound 0.644882918641736 by Alternative descent Eigen
--found a cut state by heuristic 0.644882918641736 0.21542732870388495 
iteration: 440,  #states: 1579, valueb: 0.21542732870388495, activeness: 0.644882918641736, primalobj: 0.9427430859863234, dualobj: -Inf
solve--
end solve-- RelaxOptimal OPTIMAL
 weights_sum: 0.9999999999999994
itereffortlevel: 0
--separating...
--find a better primal bound 0.6039647849247098 by Alternative descent Eigen
--found a cut state by heuristic 0.6039647849247098 0.2132959639386833 
iteration: 441,  #states: 1580, valueb: 0.2132959639386833, activeness: 0.6039647849247098, primalobj: 0.942739828987616, dualobj: -Inf
solve--
end solve-- RelaxOptimal OPTIMAL
 weights_sum: 0.9999999999999993
itereffortlevel: 0
--separating...
--find a better primal bound 0.6203679987625319 by Alternative descent Eigen
--found a cut state by heuristic 0.6203679987625319 0.23173664757118143 
iteration: 442,  #states: 1581, valueb: 0.23173664757118143, activeness: 0.6203679987625319, primalobj: 0.9427370813351035, dualobj: -Inf
solve--
end solve-- RelaxOptimal OPTIMAL
 weights_sum: 1.0000000282059152
itereffortlevel: 0
--separating...
--find a better primal bound 0.5032787357250988 by Alternative descent Eigen
--found a cut state by heuristic 0.5032787357250988 0.22487672428415814 
iteration: 443,  #states: 1582, valueb: 0.22487672428415814, activeness: 0.5032787357250988, primalobj: 0.9427336282385396, dualobj: -Inf
solve--
end solve-- RelaxOptimal OPTIMAL
 weights_sum: 0.9999999999999994
itereffortlevel: 0
--separating...
--find a better primal bound 0.5598041513293571 by Alternative descent Eigen
--found a cut state by heuristic 0.5598041513293571 0.20151608172428678 
iteration: 444,  #states: 1583, valueb: 0.20151608172428678, activeness: 0.5598041513293571, primalobj: 0.9427285381651345, dualobj: -Inf
solve--
end solve-- RelaxOptimal OPTIMAL
 weights_sum: 1.0000000009134795
itereffortlevel: 0
--separating...
--find a better primal bound 0.45066920198513094 by Alternative descent Eigen
--found a cut state by heuristic 0.45066920198513094 0.22200034891397083 
iteration: 445,  #states: 1584, valueb: 0.22200034891397083, activeness: 0.45066920198513094, primalobj: 0.9427254743313065, dualobj: -Inf
solve--
end solve-- RelaxOptimal OPTIMAL
 weights_sum: 1.0000000000000004
itereffortlevel: 0
--separating...
--find a better primal bound 0.5259698527624881 by Alternative descent Eigen
--found a cut state by heuristic 0.5259698527624881 0.2346561068096156 
iteration: 446,  #states: 1585, valueb: 0.2346561068096156, activeness: 0.5259698527624881, primalobj: 0.9427232392623501, dualobj: -Inf
solve--
end solve-- RelaxOptimal OPTIMAL
 weights_sum: 1.0000004285207864
itereffortlevel: 0
--separating...
--find a better primal bound 0.5491535095021279 by Alternative descent Eigen
--found a cut state by heuristic 0.5491535095021279 0.21007380168544562 
iteration: 447,  #states: 1586, valueb: 0.21007380168544562, activeness: 0.5491535095021279, primalobj: 0.9427194673931647, dualobj: -Inf
solve--
end solve-- RelaxOptimal OPTIMAL
 weights_sum: 0.9999999999999999
itereffortlevel: 0
--separating...
--find a better primal bound 0.4353082185408617 by Alternative descent Eigen
--found a cut state by heuristic 0.4353082185408617 0.15486855459891344 
iteration: 448,  #states: 1587, valueb: 0.15486855459891344, activeness: 0.4353082185408617, primalobj: 0.9427155019214656, dualobj: -Inf
solve--
end solve-- RelaxOptimal OPTIMAL
 weights_sum: 0.9999999999999993
itereffortlevel: 0
--separating...
--find a better primal bound 0.38653742707595773 by Alternative descent Eigen
--found a cut state by heuristic 0.38653742707595773 0.1834476333459335 
iteration: 449,  #states: 1588, valueb: 0.1834476333459335, activeness: 0.38653742707595773, primalobj: 0.9427140977543527, dualobj: -Inf
solve--
end solve-- RelaxOptimal OPTIMAL
 weights_sum: 1.0000000000000002
itereffortlevel: 0
--separating...
--find a better primal bound 0.5341095875603304 by Alternative descent Eigen
--found a cut state by heuristic 0.5341095875603304 -0.0 
iteration: 450,  #states: 1589, valueb: -0.0, activeness: 0.5341095875603304, primalobj: 0.9427122733131188, dualobj: -Inf
solve--
end solve-- RelaxOptimal OPTIMAL
 weights_sum: 1.0000000000000002
itereffortlevel: 0
--separating...
--find a better primal bound 0.37118913099491935 by Alternative descent Eigen
--found a cut state by heuristic 0.37118913099491935 -0.0 
iteration: 451,  #states: 1590, valueb: -0.0, activeness: 0.37118913099491935, primalobj: 0.9427079643579382, dualobj: -Inf
solve--
end solve-- RelaxOptimal OPTIMAL
 weights_sum: 1.0000057305593946
itereffortlevel: 0
--separating...
--find a better primal bound 0.6467254495229601 by Alternative descent Eigen
--found a cut state by heuristic 0.6467254495229601 0.25386367438608537 
iteration: 452,  #states: 1591, valueb: 0.25386367438608537, activeness: 0.6467254495229601, primalobj: 0.94270415945236, dualobj: -Inf
solve--
end solve-- RelaxOptimal OPTIMAL
 weights_sum: 1.0000000000000002
itereffortlevel: 0
--separating...
--find a better primal bound 0.1973160380758252 by Alternative descent Eigen
--found a cut state by heuristic 0.1973160380758252 -0.0 
iteration: 453,  #states: 1592, valueb: -0.0, activeness: 0.1973160380758252, primalobj: 0.9427022723694071, dualobj: -Inf
solve--
end solve-- RelaxOptimal OPTIMAL
 weights_sum: 1.0000000052766627
itereffortlevel: 0
--separating...
--find a better primal bound 0.6070843532843301 by Alternative descent Eigen
--found a cut state by heuristic 0.6070843532843301 0.26034906881777387 
iteration: 454,  #states: 1593, valueb: 0.26034906881777387, activeness: 0.6070843532843301, primalobj: 0.9427003984019462, dualobj: -Inf
solve--
end solve-- RelaxOptimal OPTIMAL
 weights_sum: 1.0000001308249142
itereffortlevel: 0
--separating...
--find a better primal bound 0.5988839771346898 by Alternative descent Eigen
--found a cut state by heuristic 0.5988839771346898 0.21616734741216448 
iteration: 455,  #states: 1594, valueb: 0.21616734741216448, activeness: 0.5988839771346898, primalobj: 0.9426983012409063, dualobj: -Inf
solve--
end solve-- RelaxOptimal OPTIMAL
 weights_sum: 1.0
itereffortlevel: 0
--separating...
--find a better primal bound 0.5927273289897332 by Alternative descent Eigen
--found a cut state by heuristic 0.5927273289897332 0.3106096195163249 
iteration: 456,  #states: 1595, valueb: 0.3106096195163249, activeness: 0.5927273289897332, primalobj: 0.94269664223, dualobj: -Inf
solve--
end solve-- RelaxOptimal OPTIMAL
 weights_sum: 0.9999999999999994
itereffortlevel: 0
--separating...
--find a better primal bound 0.7464152143947969 by Alternative descent Eigen
--found a cut state by heuristic 0.7464152143947969 0.23479343879822465 
iteration: 457,  #states: 1596, valueb: 0.23479343879822465, activeness: 0.7464152143947969, primalobj: 0.9426945227975002, dualobj: -Inf
solve--
end solve-- RelaxOptimal OPTIMAL
 weights_sum: 1.0000000510595668
itereffortlevel: 0
--separating...
--find a better primal bound 0.2746722001184261 by Alternative descent Eigen
--found a cut state by heuristic 0.2746722001184261 -0.0 
iteration: 458,  #states: 1597, valueb: -0.0, activeness: 0.2746722001184261, primalobj: 0.942690747358335, dualobj: -Inf
solve--
end solve-- RelaxOptimal OPTIMAL
 weights_sum: 0.9999999999999999
itereffortlevel: 0
--separating...
--find a better primal bound 0.4905793488001343 by Alternative descent Eigen
--found a cut state by heuristic 0.4905793488001343 0.028994331454506014 
iteration: 459,  #states: 1598, valueb: 0.028994331454506014, activeness: 0.4905793488001343, primalobj: 0.9426776957500935, dualobj: -Inf
solve--
end solve-- RelaxOptimal OPTIMAL
 weights_sum: 1.0000000032676521
itereffortlevel: 0
--separating...
--find a better primal bound 0.6191578830169728 by Alternative descent Eigen
--found a cut state by heuristic 0.6191578830169728 0.28301953798894186 
iteration: 460,  #states: 1599, valueb: 0.28301953798894186, activeness: 0.6191578830169728, primalobj: 0.9426722688569319, dualobj: -Inf
solve--
end solve-- RelaxOptimal OPTIMAL
 weights_sum: 0.9999999999999996
itereffortlevel: 0
--separating...
--find a better primal bound 0.3062430200990701 by Alternative descent Eigen
--found a cut state by heuristic 0.3062430200990701 0.00982094269809142 
iteration: 461,  #states: 1600, valueb: 0.00982094269809142, activeness: 0.3062430200990701, primalobj: 0.9426691712691554, dualobj: -Inf
solve--
end solve-- RelaxOptimal OPTIMAL
 weights_sum: 0.9999999999999997
itereffortlevel: 0
--separating...
--find a better primal bound 1.000891557371762 by Alternative descent Eigen
--found a cut state by heuristic 1.000891557371762 0.28950431701948265 
iteration: 462,  #states: 1601, valueb: 0.28950431701948265, activeness: 1.000891557371762, primalobj: 0.942661186735855, dualobj: -Inf
solve--
end solve-- RelaxOptimal OPTIMAL
 weights_sum: 1.000005644523969
itereffortlevel: 0
--separating...
--find a better primal bound 0.3212459038939388 by Alternative descent Eigen
--found a cut state by heuristic 0.3212459038939388 0.0038059518069459013 
iteration: 463,  #states: 1602, valueb: 0.0038059518069459013, activeness: 0.3212459038939388, primalobj: 0.9426527284589111, dualobj: -Inf
solve--
end solve-- RelaxOptimal OPTIMAL
 weights_sum: 1.0000000000000002
itereffortlevel: 0
--separating...
--find a better primal bound 0.7388845009537178 by Alternative descent Eigen
--found a cut state by heuristic 0.7388845009537178 0.14215720031165863 
iteration: 464,  #states: 1603, valueb: 0.14215720031165863, activeness: 0.7388845009537178, primalobj: 0.9426476494298619, dualobj: -Inf
solve--
end solve-- RelaxOptimal OPTIMAL
 weights_sum: 1.0
itereffortlevel: 0
--separating...
--find a better primal bound 0.3128506013229678 by Alternative descent Eigen
--found a cut state by heuristic 0.3128506013229678 -0.0 
iteration: 465,  #states: 1604, valueb: -0.0, activeness: 0.3128506013229678, primalobj: 0.9426423599178603, dualobj: -Inf
solve--
end solve-- RelaxOptimal OPTIMAL
 weights_sum: 1.000000252852569
itereffortlevel: 0
--separating...
--find a better primal bound 0.3323465264651205 by Alternative descent Eigen
--found a cut state by heuristic 0.3323465264651205 -0.0 
iteration: 466,  #states: 1605, valueb: -0.0, activeness: 0.3323465264651205, primalobj: 0.9426390681518326, dualobj: -Inf
solve--
end solve-- RelaxOptimal OPTIMAL
 weights_sum: 0.9999999999999989
itereffortlevel: 0
--separating...
--find a better primal bound 0.5069460294886324 by Alternative descent Eigen
--found a cut state by heuristic 0.5069460294886324 0.0013987693285907286 
iteration: 467,  #states: 1606, valueb: 0.0013987693285907286, activeness: 0.5069460294886324, primalobj: 0.9426360338024369, dualobj: -Inf
solve--
end solve-- RelaxOptimal OPTIMAL
 weights_sum: 1.0000000000000002
itereffortlevel: 0
--separating...
--find a better primal bound 0.5802239616296182 by Alternative descent Eigen
--found a cut state by heuristic 0.5802239616296182 -0.0 
iteration: 468,  #states: 1607, valueb: -0.0, activeness: 0.5802239616296182, primalobj: 0.9426311016696298, dualobj: -Inf
solve--
end solve-- RelaxOptimal OPTIMAL
 weights_sum: 1.0000000000000002
itereffortlevel: 0
--separating...
--find a better primal bound 0.38921742813399685 by Alternative descent Eigen
--found a cut state by heuristic 0.38921742813399685 -0.0 
iteration: 469,  #states: 1608, valueb: -0.0, activeness: 0.38921742813399685, primalobj: 0.9426195303427901, dualobj: -Inf
solve--
end solve-- RelaxOptimal OPTIMAL
 weights_sum: 0.9999999999999994
itereffortlevel: 0
--separating...
--find a better primal bound 0.5036601120385839 by Alternative descent Eigen
--found a cut state by heuristic 0.5036601120385839 0.10102022644239224 
iteration: 470,  #states: 1609, valueb: 0.10102022644239224, activeness: 0.5036601120385839, primalobj: 0.9426150033861136, dualobj: -Inf
solve--
end solve-- RelaxOptimal OPTIMAL
 weights_sum: 0.9999999999999997
itereffortlevel: 0
--separating...
--find a better primal bound 0.4011195588596975 by Alternative descent Eigen
--found a cut state by heuristic 0.4011195588596975 0.07867733183254878 
iteration: 471,  #states: 1610, valueb: 0.07867733183254878, activeness: 0.4011195588596975, primalobj: 0.9426121339838203, dualobj: -Inf
solve--
end solve-- RelaxOptimal OPTIMAL
 weights_sum: 0.9999999999999993
itereffortlevel: 0
--separating...
--find a better primal bound 0.5311400543963092 by Alternative descent Eigen
--found a cut state by heuristic 0.5311400543963092 0.18220903264944638 
iteration: 472,  #states: 1611, valueb: 0.18220903264944638, activeness: 0.5311400543963092, primalobj: 0.9426082024947853, dualobj: -Inf
solve--
end solve-- RelaxOptimal OPTIMAL
 weights_sum: 0.9999999999999996
itereffortlevel: 0
--separating...
--find a better primal bound 0.46832578263156344 by Alternative descent Eigen
--found a cut state by heuristic 0.46832578263156344 0.18394017714570646 
iteration: 473,  #states: 1612, valueb: 0.18394017714570646, activeness: 0.46832578263156344, primalobj: 0.942604963933553, dualobj: -Inf
solve--
end solve-- RelaxOptimal OPTIMAL
 weights_sum: 1.0000000000000004
itereffortlevel: 0
--separating...
--find a better primal bound 0.5455414078066748 by Alternative descent Eigen
--found a cut state by heuristic 0.5455414078066748 0.14616923246975205 
iteration: 474,  #states: 1613, valueb: 0.14616923246975205, activeness: 0.5455414078066748, primalobj: 0.9426035254309275, dualobj: -Inf
solve--
end solve-- RelaxOptimal OPTIMAL
 weights_sum: 0.9999999999999999
itereffortlevel: 0
--separating...
--find a better primal bound 0.3096176917466288 by Alternative descent Eigen
--found a cut state by heuristic 0.3096176917466288 -0.0 
iteration: 475,  #states: 1614, valueb: -0.0, activeness: 0.3096176917466288, primalobj: 0.9426000537373802, dualobj: -Inf
solve--
end solve-- RelaxOptimal OPTIMAL
 weights_sum: 1.0000000000000007
itereffortlevel: 0
--separating...
--find a better primal bound 0.4859298249795783 by Alternative descent Eigen
--found a cut state by heuristic 0.4859298249795783 0.24784472472893654 
iteration: 476,  #states: 1615, valueb: 0.24784472472893654, activeness: 0.4859298249795783, primalobj: 0.9425957719087854, dualobj: -Inf
solve--
end solve-- RelaxOptimal OPTIMAL
 weights_sum: 1.000000010041238
itereffortlevel: 0
--separating...
--find a better primal bound 0.3849516746568078 by Alternative descent Eigen
--found a cut state by heuristic 0.3849516746568078 -0.0 
iteration: 477,  #states: 1616, valueb: -0.0, activeness: 0.3849516746568078, primalobj: 0.9425938533399871, dualobj: -Inf
solve--
end solve-- RelaxOptimal OPTIMAL
 weights_sum: 1.0
itereffortlevel: 0
--separating...
--find a better primal bound 0.6140723773216685 by Alternative descent Eigen
--found a cut state by heuristic 0.6140723773216685 -0.0 
iteration: 478,  #states: 1617, valueb: -0.0, activeness: 0.6140723773216685, primalobj: 0.9425918843780167, dualobj: -Inf
solve--
end solve-- RelaxOptimal OPTIMAL
 weights_sum: 1.0000000000000002
itereffortlevel: 0
--separating...
--find a better primal bound 0.45881562656125585 by Alternative descent Eigen
--found a cut state by heuristic 0.45881562656125585 0.24447908127901755 
iteration: 479,  #states: 1618, valueb: 0.24447908127901755, activeness: 0.45881562656125585, primalobj: 0.9425860508314308, dualobj: -Inf
solve--
end solve-- RelaxOptimal OPTIMAL
 weights_sum: 1.0000000000000002
itereffortlevel: 0
--separating...
--find a better primal bound 0.2690551619741933 by Alternative descent Eigen
--found a cut state by heuristic 0.2690551619741933 -0.0 
iteration: 480,  #states: 1619, valueb: -0.0, activeness: 0.2690551619741933, primalobj: 0.9425816995166154, dualobj: -Inf
solve--
end solve-- RelaxOptimal OPTIMAL
 weights_sum: 1.0000000032328316
itereffortlevel: 0
--separating...
--find a better primal bound 0.397379347204966 by Alternative descent Eigen
--found a cut state by heuristic 0.397379347204966 -0.0 
iteration: 481,  #states: 1620, valueb: -0.0, activeness: 0.397379347204966, primalobj: 0.9425794343701867, dualobj: -Inf
solve--
end solve-- RelaxOptimal OPTIMAL
 weights_sum: 1.000000101863459
itereffortlevel: 0
--separating...
--find a better primal bound 0.5434756306653608 by Alternative descent Eigen
--found a cut state by heuristic 0.5434756306653608 0.26036170513681356 
iteration: 482,  #states: 1621, valueb: 0.26036170513681356, activeness: 0.5434756306653608, primalobj: 0.9425768829677504, dualobj: -Inf
solve--
end solve-- RelaxOptimal OPTIMAL
 weights_sum: 1.0
itereffortlevel: 0
--separating...
--find a better primal bound 0.6727589745903451 by Alternative descent Eigen
--found a cut state by heuristic 0.6727589745903451 0.35237781772968413 
iteration: 483,  #states: 1622, valueb: 0.35237781772968413, activeness: 0.6727589745903451, primalobj: 0.9425756143732901, dualobj: -Inf
solve--
end solve-- RelaxOptimal OPTIMAL
 weights_sum: 1.0000000000000004
itereffortlevel: 0
--separating...
--find a better primal bound 0.5044474490062407 by Alternative descent Eigen
--found a cut state by heuristic 0.5044474490062407 0.2517433339948541 
iteration: 484,  #states: 1623, valueb: 0.2517433339948541, activeness: 0.5044474490062407, primalobj: 0.9425745725590484, dualobj: -Inf
solve--
end solve-- RelaxOptimal OPTIMAL
 weights_sum: 1.0000000000000004
itereffortlevel: 0
--separating...
--find a better primal bound 0.5306888400940362 by Alternative descent Eigen
--found a cut state by heuristic 0.5306888400940362 -0.0 
iteration: 485,  #states: 1624, valueb: -0.0, activeness: 0.5306888400940362, primalobj: 0.9425725813966785, dualobj: -Inf
solve--
end solve-- RelaxOptimal OPTIMAL
 weights_sum: 1.0000000292643663
itereffortlevel: 0
--separating...
--find a better primal bound 0.33333815291643076 by Alternative descent Eigen
--found a cut state by heuristic 0.33333815291643076 0.038718016345803186 
iteration: 486,  #states: 1625, valueb: 0.038718016345803186, activeness: 0.33333815291643076, primalobj: 0.9425657627588148, dualobj: -Inf
solve--
end solve-- RelaxOptimal OPTIMAL
 weights_sum: 0.9999999999999994
itereffortlevel: 0
--separating...
--find a better primal bound 0.44913350863361357 by Alternative descent Eigen
--found a cut state by heuristic 0.44913350863361357 0.2279242486508198 
iteration: 487,  #states: 1626, valueb: 0.2279242486508198, activeness: 0.44913350863361357, primalobj: 0.9425636889030758, dualobj: -Inf
solve--
end solve-- RelaxOptimal OPTIMAL
 weights_sum: 0.9999999999999997
itereffortlevel: 0
--separating...
--find a better primal bound 0.43333766895081005 by Alternative descent Eigen
--found a cut state by heuristic 0.43333766895081005 0.09298738932122974 
iteration: 488,  #states: 1627, valueb: 0.09298738932122974, activeness: 0.43333766895081005, primalobj: 0.9425580767509899, dualobj: -Inf
solve--
end solve-- RelaxOptimal OPTIMAL
 weights_sum: 1.0000003346772461
itereffortlevel: 0
--separating...
--find a better primal bound 0.5723256887582555 by Alternative descent Eigen
--found a cut state by heuristic 0.5723256887582555 0.1544271179768021 
iteration: 489,  #states: 1628, valueb: 0.1544271179768021, activeness: 0.5723256887582555, primalobj: 0.9425550013902652, dualobj: -Inf
solve--
end solve-- RelaxOptimal OPTIMAL
 weights_sum: 1.0000022492207286
itereffortlevel: 0
--separating...
--find a better primal bound 0.4787022470496384 by Alternative descent Eigen
--found a cut state by heuristic 0.4787022470496384 0.013070382247798624 
iteration: 490,  #states: 1629, valueb: 0.013070382247798624, activeness: 0.4787022470496384, primalobj: 0.9425521662600711, dualobj: -Inf
solve--
end solve-- RelaxOptimal OPTIMAL
 weights_sum: 0.9999999999999988
itereffortlevel: 0
--separating...
--find a better primal bound 0.7322446806771432 by Alternative descent Eigen
--found a cut state by heuristic 0.7322446806771432 0.1584823071998597 
iteration: 491,  #states: 1630, valueb: 0.1584823071998597, activeness: 0.7322446806771432, primalobj: 0.9425479759331596, dualobj: -Inf
solve--
end solve-- RelaxOptimal OPTIMAL
 weights_sum: 0.9999999999999999
itereffortlevel: 0
--separating...
--find a better primal bound 0.2183582057595658 by Alternative descent Eigen
--found a cut state by heuristic 0.2183582057595658 -0.0 
iteration: 492,  #states: 1631, valueb: -0.0, activeness: 0.2183582057595658, primalobj: 0.9425441097591041, dualobj: -Inf
solve--
end solve-- RelaxOptimal OPTIMAL
 weights_sum: 0.9999999999999994
itereffortlevel: 0
--separating...
--find a better primal bound 0.3163332058941106 by Alternative descent Eigen
--found a cut state by heuristic 0.3163332058941106 0.002160533092954149 
iteration: 493,  #states: 1632, valueb: 0.002160533092954149, activeness: 0.3163332058941106, primalobj: 0.9425415891441591, dualobj: -Inf
solve--
end solve-- RelaxOptimal OPTIMAL
 weights_sum: 1.0000006935174788
itereffortlevel: 0
--separating...
--find a better primal bound 0.4034092925332765 by Alternative descent Eigen
--found a cut state by heuristic 0.4034092925332765 -0.0 
iteration: 494,  #states: 1633, valueb: -0.0, activeness: 0.4034092925332765, primalobj: 0.942539391866591, dualobj: -Inf
solve--
end solve-- RelaxOptimal OPTIMAL
 weights_sum: 1.0
itereffortlevel: 0
--separating...
--find a better primal bound 0.14535812497900852 by Alternative descent Eigen
--found a cut state by heuristic 0.14535812497900852 -0.0 
iteration: 495,  #states: 1634, valueb: -0.0, activeness: 0.14535812497900852, primalobj: 0.9425351116194217, dualobj: -Inf
solve--
end solve-- RelaxOptimal OPTIMAL
 weights_sum: 1.0000000000000002
itereffortlevel: 0
--separating...
--find a better primal bound 0.1424705859257862 by Alternative descent Eigen
--found a cut state by heuristic 0.1424705859257862 -0.0 
iteration: 496,  #states: 1635, valueb: -0.0, activeness: 0.1424705859257862, primalobj: 0.9425333619774822, dualobj: -Inf
solve--
end solve-- RelaxOptimal OPTIMAL
 weights_sum: 0.9999999999999997
itereffortlevel: 0
--separating...
--find a better primal bound 0.6123176256877854 by Alternative descent Eigen
--found a cut state by heuristic 0.6123176256877854 0.11768596083030153 
iteration: 497,  #states: 1636, valueb: 0.11768596083030153, activeness: 0.6123176256877854, primalobj: 0.9425327485848738, dualobj: -Inf
solve--
end solve-- RelaxOptimal OPTIMAL
 weights_sum: 1.0000000000000013
itereffortlevel: 0
--separating...
--find a better primal bound 0.5232993109397021 by Alternative descent Eigen
--found a cut state by heuristic 0.5232993109397021 0.183955089580153 
iteration: 498,  #states: 1637, valueb: 0.183955089580153, activeness: 0.5232993109397021, primalobj: 0.9425302113042717, dualobj: -Inf
solve--
end solve-- RelaxOptimal OPTIMAL
 weights_sum: 1.0000000913720255
itereffortlevel: 0
--separating...
--find a better primal bound 0.5889497161628179 by Alternative descent Eigen
--found a cut state by heuristic 0.5889497161628179 0.14860568219088569 
iteration: 499,  #states: 1638, valueb: 0.14860568219088569, activeness: 0.5889497161628179, primalobj: 0.942527911080937, dualobj: -Inf
solve--
end solve-- RelaxOptimal OPTIMAL
 weights_sum: 0.9999999999999992
itereffortlevel: 0
--separating...
--find a better primal bound 0.25769573523965517 by Alternative descent Eigen
--found a cut state by heuristic 0.25769573523965517 0.09477811342479435 
iteration: 500,  #states: 1639, valueb: 0.09477811342479435, activeness: 0.25769573523965517, primalobj: 0.9425212626113904, dualobj: -Inf
solve--
end solve-- RelaxOptimal OPTIMAL
 weights_sum: 1.0000005011060868
itereffortlevel: 0
--separating...
--find a better primal bound 0.28484735715987797 by Alternative descent Eigen
--found a cut state by heuristic 0.28484735715987797 0.00010678198494070581 
iteration: 501,  #states: 1640, valueb: 0.00010678198494070581, activeness: 0.28484735715987797, primalobj: 0.9425187236837913, dualobj: -Inf
solve--
end solve-- RelaxOptimal OPTIMAL
 weights_sum: 1.0000005932026734
itereffortlevel: 0
--separating...
--find a better primal bound 0.4701991260197922 by Alternative descent Eigen
--found a cut state by heuristic 0.4701991260197922 0.07083465081133407 
iteration: 502,  #states: 1641, valueb: 0.07083465081133407, activeness: 0.4701991260197922, primalobj: 0.9425160976840673, dualobj: -Inf
solve--
end solve-- RelaxOptimal OPTIMAL
 weights_sum: 1.0000000487437564
itereffortlevel: 0
--separating...
--find a better primal bound 0.6807284509848276 by Alternative descent Eigen
--found a cut state by heuristic 0.6807284509848276 0.06315499630851396 
iteration: 503,  #states: 1642, valueb: 0.06315499630851396, activeness: 0.6807284509848276, primalobj: 0.9425128878304884, dualobj: -Inf
solve--
end solve-- RelaxOptimal OPTIMAL
 weights_sum: 1.0
itereffortlevel: 0
--separating...
--find a better primal bound 0.5104367931098166 by Alternative descent Eigen
--found a cut state by heuristic 0.5104367931098166 0.07123802554930951 
iteration: 504,  #states: 1643, valueb: 0.07123802554930951, activeness: 0.5104367931098166, primalobj: 0.9425085327412688, dualobj: -Inf
solve--
end solve-- RelaxOptimal OPTIMAL
 weights_sum: 1.0000000000000009
itereffortlevel: 0
--separating...
--find a better primal bound 0.5090653223829392 by Alternative descent Eigen
--found a cut state by heuristic 0.5090653223829392 0.20271780318013632 
iteration: 505,  #states: 1644, valueb: 0.20271780318013632, activeness: 0.5090653223829392, primalobj: 0.9425021549591729, dualobj: -Inf
solve--
end solve-- RelaxOptimal OPTIMAL
 weights_sum: 1.000002804890512
itereffortlevel: 0
--separating...
--find a better primal bound 0.44056671073091624 by Alternative descent Eigen
--found a cut state by heuristic 0.44056671073091624 0.06815851013047418 
iteration: 506,  #states: 1645, valueb: 0.06815851013047418, activeness: 0.44056671073091624, primalobj: 0.942498263030281, dualobj: -Inf
solve--
end solve-- RelaxOptimal OPTIMAL
 weights_sum: 0.9999999999999997
itereffortlevel: 0
--separating...
--find a better primal bound 0.5530590755876961 by Alternative descent Eigen
--found a cut state by heuristic 0.5530590755876961 0.12728877621549034 
iteration: 507,  #states: 1646, valueb: 0.12728877621549034, activeness: 0.5530590755876961, primalobj: 0.9424954286547709, dualobj: -Inf
solve--
end solve-- RelaxOptimal OPTIMAL
 weights_sum: 0.9999999999999116
itereffortlevel: 0
--separating...
--find a better primal bound 0.4633983824157759 by Alternative descent Eigen
--found a cut state by heuristic 0.4633983824157759 0.06188156770827581 
iteration: 508,  #states: 1647, valueb: 0.06188156770827581, activeness: 0.4633983824157759, primalobj: 0.9424898975937289, dualobj: -Inf
solve--
end solve-- RelaxOptimal OPTIMAL
 weights_sum: 1.0000000261394821
itereffortlevel: 0
--separating...
--find a better primal bound 0.6618918082983369 by Alternative descent Eigen
--found a cut state by heuristic 0.6618918082983369 0.12733973197349913 
iteration: 509,  #states: 1648, valueb: 0.12733973197349913, activeness: 0.6618918082983369, primalobj: 0.9424862311109635, dualobj: -Inf
solve--
end solve-- RelaxOptimal OPTIMAL
 weights_sum: 1.0000013564004562
itereffortlevel: 0
--separating...
--find a better primal bound 0.3829643542206471 by Alternative descent Eigen
--found a cut state by heuristic 0.3829643542206471 -3.190828906314711e-8 
iteration: 510,  #states: 1649, valueb: -3.190828906314711e-8, activeness: 0.3829643542206471, primalobj: 0.9424827067742557, dualobj: -Inf
solve--
end solve-- RelaxOptimal OPTIMAL
 weights_sum: 1.0
itereffortlevel: 0
--separating...
--find a better primal bound 0.32992956894080694 by Alternative descent Eigen
--found a cut state by heuristic 0.32992956894080694 0.13574132145425022 
iteration: 511,  #states: 1650, valueb: 0.13574132145425022, activeness: 0.32992956894080694, primalobj: 0.9424797064934858, dualobj: -Inf
solve--
end solve-- RelaxOptimal OPTIMAL
 weights_sum: 1.0000000000000004
itereffortlevel: 0
--separating...
--find a better primal bound 0.4763973050411286 by Alternative descent Eigen
--found a cut state by heuristic 0.4763973050411286 0.181428969704572 
iteration: 512,  #states: 1651, valueb: 0.181428969704572, activeness: 0.4763973050411286, primalobj: 0.9424782745757355, dualobj: -Inf
solve--
end solve-- RelaxOptimal OPTIMAL
 weights_sum: 0.9999999999999997
itereffortlevel: 0
--separating...
--find a better primal bound 0.4365170077660233 by Alternative descent Eigen
--found a cut state by heuristic 0.4365170077660233 0.1370106269337505 
iteration: 513,  #states: 1652, valueb: 0.1370106269337505, activeness: 0.4365170077660233, primalobj: 0.9424752946739596, dualobj: -Inf
solve--
end solve-- RelaxOptimal OPTIMAL
 weights_sum: 1.0000000000000002
itereffortlevel: 0
--separating...
--find a better primal bound 0.437328421675245 by Alternative descent Eigen
--found a cut state by heuristic 0.437328421675245 0.11224601338865152 
iteration: 514,  #states: 1653, valueb: 0.11224601338865152, activeness: 0.437328421675245, primalobj: 0.9424736282334413, dualobj: -Inf
solve--
end solve-- RelaxOptimal OPTIMAL
 weights_sum: 1.0000000000000002
itereffortlevel: 0
--separating...
--find a better primal bound 0.4576199799031924 by Alternative descent Eigen
--found a cut state by heuristic 0.4576199799031924 0.14999554211886998 
iteration: 515,  #states: 1654, valueb: 0.14999554211886998, activeness: 0.4576199799031924, primalobj: 0.9424720163561533, dualobj: -Inf
solve--
end solve-- RelaxOptimal OPTIMAL
 weights_sum: 1.0000000000000009
itereffortlevel: 0
--separating...
--find a better primal bound 0.4744843917220581 by Alternative descent Eigen
--found a cut state by heuristic 0.4744843917220581 0.09842868248469941 
iteration: 516,  #states: 1655, valueb: 0.09842868248469941, activeness: 0.4744843917220581, primalobj: 0.9424674085006559, dualobj: -Inf
solve--
end solve-- RelaxOptimal OPTIMAL
 weights_sum: 1.000001879028776
itereffortlevel: 0
--separating...
--find a better primal bound 0.5388894614801978 by Alternative descent Eigen
--found a cut state by heuristic 0.5388894614801978 0.10953330448315672 
iteration: 517,  #states: 1656, valueb: 0.10953330448315672, activeness: 0.5388894614801978, primalobj: 0.94246450296626, dualobj: -Inf
solve--
end solve-- RelaxOptimal OPTIMAL
 weights_sum: 0.9999999999999997
itereffortlevel: 0
--separating...
--find a better primal bound 0.48011250052156995 by Alternative descent Eigen
--found a cut state by heuristic 0.48011250052156995 0.006747753450832723 
iteration: 518,  #states: 1657, valueb: 0.006747753450832723, activeness: 0.48011250052156995, primalobj: 0.9424611393364705, dualobj: -Inf
solve--
end solve-- RelaxOptimal OPTIMAL
 weights_sum: 1.0000000272864902
itereffortlevel: 0
--separating...
--find a better primal bound 0.31056287203807004 by Alternative descent Eigen
--found a cut state by heuristic 0.31056287203807004 0.07396647239291812 
iteration: 519,  #states: 1658, valueb: 0.07396647239291812, activeness: 0.31056287203807004, primalobj: 0.9424575544135203, dualobj: -Inf
solve--
end solve-- RelaxOptimal OPTIMAL
 weights_sum: 0.9999999999999998
itereffortlevel: 0
--separating...
--find a better primal bound 0.3996206619404063 by Alternative descent Eigen
--found a cut state by heuristic 0.3996206619404063 0.10465375265826439 
iteration: 520,  #states: 1659, valueb: 0.10465375265826439, activeness: 0.3996206619404063, primalobj: 0.9424565346281036, dualobj: -Inf
solve--
end solve-- RelaxOptimal OPTIMAL
 weights_sum: 1.0000000000000004
itereffortlevel: 0
--separating...
--find a better primal bound 0.3853373839230729 by Alternative descent Eigen
--found a cut state by heuristic 0.3853373839230729 0.11029061226297383 
iteration: 521,  #states: 1660, valueb: 0.11029061226297383, activeness: 0.3853373839230729, primalobj: 0.9424552836348306, dualobj: -Inf
solve--
end solve-- RelaxOptimal OPTIMAL
 weights_sum: 0.9999999999999994
itereffortlevel: 0
--separating...
--find a better primal bound 0.4458888370232382 by Alternative descent Eigen
--found a cut state by heuristic 0.4458888370232382 0.1588253376232652 
iteration: 522,  #states: 1661, valueb: 0.1588253376232652, activeness: 0.4458888370232382, primalobj: 0.9424527736243157, dualobj: -Inf
solve--
end solve-- RelaxOptimal OPTIMAL
 weights_sum: 0.9999999999999994
itereffortlevel: 0
--separating...
--find a better primal bound 0.45606883559923356 by Alternative descent Eigen
--found a cut state by heuristic 0.45606883559923356 0.17326667290284065 
iteration: 523,  #states: 1662, valueb: 0.17326667290284065, activeness: 0.45606883559923356, primalobj: 0.9424517662445824, dualobj: -Inf
solve--
end solve-- RelaxOptimal OPTIMAL
 weights_sum: 1.0000000000000002
itereffortlevel: 0
--separating...
--find a better primal bound 0.35921534820149537 by Alternative descent Eigen
--found a cut state by heuristic 0.35921534820149537 0.10003309959581715 
iteration: 524,  #states: 1663, valueb: 0.10003309959581715, activeness: 0.35921534820149537, primalobj: 0.9424490166417083, dualobj: -Inf
solve--
end solve-- RelaxOptimal OPTIMAL
 weights_sum: 0.9999999999999996
itereffortlevel: 0
--separating...
--find a better primal bound 0.2795851884367737 by Alternative descent Eigen
--found a cut state by heuristic 0.2795851884367737 0.14030116875265497 
iteration: 525,  #states: 1664, valueb: 0.14030116875265497, activeness: 0.2795851884367737, primalobj: 0.9424474004669213, dualobj: -Inf
solve--
end solve-- RelaxOptimal OPTIMAL
 weights_sum: 0.9999999999999996
itereffortlevel: 0
--separating...
--find a better primal bound 0.5940743579478548 by Alternative descent Eigen
--found a cut state by heuristic 0.5940743579478548 0.10164987663870755 
iteration: 526,  #states: 1665, valueb: 0.10164987663870755, activeness: 0.5940743579478548, primalobj: 0.9424454961271554, dualobj: -Inf
solve--
end solve-- RelaxOptimal OPTIMAL
 weights_sum: 1.000000018499546
itereffortlevel: 0
--separating...
--find a better primal bound 0.34211433722273066 by Alternative descent Eigen
--found a cut state by heuristic 0.34211433722273066 0.10723434895370658 
iteration: 527,  #states: 1666, valueb: 0.10723434895370658, activeness: 0.34211433722273066, primalobj: 0.9424405976653353, dualobj: -Inf
solve--
end solve-- RelaxOptimal OPTIMAL
 weights_sum: 1.000000000000001
itereffortlevel: 0
--separating...
--find a better primal bound 0.4580906892737914 by Alternative descent Eigen
--found a cut state by heuristic 0.4580906892737914 0.13375093134448507 
iteration: 528,  #states: 1667, valueb: 0.13375093134448507, activeness: 0.4580906892737914, primalobj: 0.9424389753905378, dualobj: -Inf
solve--
end solve-- RelaxOptimal OPTIMAL
 weights_sum: 0.9999999999999993
itereffortlevel: 0
--separating...
--find a better primal bound 0.3700554449959075 by Alternative descent Eigen
--found a cut state by heuristic 0.3700554449959075 0.13957505928304015 
iteration: 529,  #states: 1668, valueb: 0.13957505928304015, activeness: 0.3700554449959075, primalobj: 0.9424364189492873, dualobj: -Inf
solve--
end solve-- RelaxOptimal OPTIMAL
 weights_sum: 1.0000000000000016
itereffortlevel: 0
--separating...
--find a better primal bound 0.3201454726067773 by Alternative descent Eigen
--found a cut state by heuristic 0.3201454726067773 0.017458427904418854 
iteration: 530,  #states: 1669, valueb: 0.017458427904418854, activeness: 0.3201454726067773, primalobj: 0.9424351692573806, dualobj: -Inf
solve--
end solve-- RelaxOptimal OPTIMAL
 weights_sum: 0.9999999999999999
itereffortlevel: 0
--separating...
--find a better primal bound 0.35779625575004537 by Alternative descent Eigen
--found a cut state by heuristic 0.35779625575004537 0.09134588463841702 
iteration: 531,  #states: 1670, valueb: 0.09134588463841702, activeness: 0.35779625575004537, primalobj: 0.9424335655696743, dualobj: -Inf
solve--
end solve-- RelaxOptimal OPTIMAL
 weights_sum: 0.9999999999999988
itereffortlevel: 0
--separating...
--find a better primal bound 0.3689370710499612 by Alternative descent Eigen
--found a cut state by heuristic 0.3689370710499612 0.07389094203793461 
iteration: 532,  #states: 1671, valueb: 0.07389094203793461, activeness: 0.3689370710499612, primalobj: 0.9424314649619812, dualobj: -Inf
solve--
end solve-- RelaxOptimal OPTIMAL
 weights_sum: 1.0
itereffortlevel: 0
--separating...
--find a better primal bound 0.369700075222923 by Alternative descent Eigen
--found a cut state by heuristic 0.369700075222923 0.07640813600301313 
iteration: 533,  #states: 1672, valueb: 0.07640813600301313, activeness: 0.369700075222923, primalobj: 0.9424292949614221, dualobj: -Inf
solve--
end solve-- RelaxOptimal OPTIMAL
 weights_sum: 1.0000020498172266
itereffortlevel: 0
--separating...
--find a better primal bound 0.40553025175536417 by Alternative descent Eigen
--found a cut state by heuristic 0.40553025175536417 0.060427210897682604 
iteration: 534,  #states: 1673, valueb: 0.060427210897682604, activeness: 0.40553025175536417, primalobj: 0.9424273998415791, dualobj: -Inf
solve--
end solve-- RelaxOptimal OPTIMAL
 weights_sum: 1.0000000433165668
itereffortlevel: 0
--separating...
--find a better primal bound 0.4063622249078297 by Alternative descent Eigen
--found a cut state by heuristic 0.4063622249078297 0.004939131928713857 
iteration: 535,  #states: 1674, valueb: 0.004939131928713857, activeness: 0.4063622249078297, primalobj: 0.9424247804052504, dualobj: -Inf
solve--
end solve-- RelaxOptimal OPTIMAL
 weights_sum: 0.9999999999999993
itereffortlevel: 0
--separating...
--find a better primal bound 0.43812280091910333 by Alternative descent Eigen
--found a cut state by heuristic 0.43812280091910333 0.1364484339218831 
iteration: 536,  #states: 1675, valueb: 0.1364484339218831, activeness: 0.43812280091910333, primalobj: 0.9424201781850736, dualobj: -Inf
solve--
end solve-- RelaxOptimal OPTIMAL
 weights_sum: 0.9999999999999996
itereffortlevel: 0
--separating...
--find a better primal bound 0.5248032290316891 by Alternative descent Eigen
--found a cut state by heuristic 0.5248032290316891 0.08456466057560445 
iteration: 537,  #states: 1676, valueb: 0.08456466057560445, activeness: 0.5248032290316891, primalobj: 0.9424185799747895, dualobj: -Inf
solve--
end solve-- RelaxOptimal OPTIMAL
 weights_sum: 1.000000017751976
itereffortlevel: 0
--separating...
--find a better primal bound 0.4566371661151252 by Alternative descent Eigen
--found a cut state by heuristic 0.4566371661151252 0.10442027851776321 
iteration: 538,  #states: 1677, valueb: 0.10442027851776321, activeness: 0.4566371661151252, primalobj: 0.9424155337786067, dualobj: -Inf
solve--
end solve-- RelaxOptimal OPTIMAL
 weights_sum: 1.0
itereffortlevel: 0
--separating...
--find a better primal bound 0.6610698793062415 by Alternative descent Eigen
--found a cut state by heuristic 0.6610698793062415 0.15944916643253618 
iteration: 539,  #states: 1678, valueb: 0.15944916643253618, activeness: 0.6610698793062415, primalobj: 0.9424133741839306, dualobj: -Inf
solve--
end solve-- RelaxOptimal OPTIMAL
 weights_sum: 1.0
itereffortlevel: 0
--separating...
--find a better primal bound 0.43903337825946975 by Alternative descent Eigen
--found a cut state by heuristic 0.43903337825946975 0.13160721100901496 
iteration: 540,  #states: 1679, valueb: 0.13160721100901496, activeness: 0.43903337825946975, primalobj: 0.942409599870834, dualobj: -Inf
solve--
end solve-- RelaxOptimal OPTIMAL
 weights_sum: 1.0000000000000004
itereffortlevel: 0
--separating...
--find a better primal bound 0.4479816013376017 by Alternative descent Eigen
--found a cut state by heuristic 0.4479816013376017 0.10062334152292716 
iteration: 541,  #states: 1680, valueb: 0.10062334152292716, activeness: 0.4479816013376017, primalobj: 0.9424081205025988, dualobj: -Inf
solve--
end solve-- RelaxOptimal OPTIMAL
 weights_sum: 1.0000001375657048
itereffortlevel: 0
--separating...
--find a better primal bound 0.38045768421782994 by Alternative descent Eigen
--found a cut state by heuristic 0.38045768421782994 0.1138363864760389 
iteration: 542,  #states: 1681, valueb: 0.1138363864760389, activeness: 0.38045768421782994, primalobj: 0.942405351500521, dualobj: -Inf
solve--
end solve-- RelaxOptimal OPTIMAL
 weights_sum: 1.000000000000001
itereffortlevel: 0
--separating...
--find a better primal bound 0.32688836646675923 by Alternative descent Eigen
--found a cut state by heuristic 0.32688836646675923 0.11751466825459848 
iteration: 543,  #states: 1682, valueb: 0.11751466825459848, activeness: 0.32688836646675923, primalobj: 0.942401885559758, dualobj: -Inf
solve--
end solve-- RelaxOptimal OPTIMAL
 weights_sum: 0.9999999999999996
itereffortlevel: 0
--separating...
--find a better primal bound 0.4730000998560958 by Alternative descent Eigen
--found a cut state by heuristic 0.4730000998560958 0.11063841518957027 
iteration: 544,  #states: 1683, valueb: 0.11063841518957027, activeness: 0.4730000998560958, primalobj: 0.9424005742665964, dualobj: -Inf
solve--
end solve-- RelaxOptimal OPTIMAL
 weights_sum: 1.0000000000000002
itereffortlevel: 0
--separating...
--find a better primal bound 0.5197797260757031 by Alternative descent Eigen
--found a cut state by heuristic 0.5197797260757031 0.08057882798700006 
iteration: 545,  #states: 1684, valueb: 0.08057882798700006, activeness: 0.5197797260757031, primalobj: 0.9423975608149311, dualobj: -Inf
solve--
end solve-- RelaxOptimal OPTIMAL
 weights_sum: 1.0000000000000004
itereffortlevel: 0
--separating...
--find a better primal bound 0.287551401867458 by Alternative descent Eigen
--found a cut state by heuristic 0.287551401867458 0.08400385895089688 
iteration: 546,  #states: 1685, valueb: 0.08400385895089688, activeness: 0.287551401867458, primalobj: 0.9423940996070829, dualobj: -Inf
solve--
end solve-- RelaxOptimal OPTIMAL
 weights_sum: 1.0000002775270342
itereffortlevel: 0
--separating...
--find a better primal bound 0.3836238753428663 by Alternative descent Eigen
--found a cut state by heuristic 0.3836238753428663 0.05214724373164846 
iteration: 547,  #states: 1686, valueb: 0.05214724373164846, activeness: 0.3836238753428663, primalobj: 0.9423929681493484, dualobj: -Inf
solve--
end solve-- RelaxOptimal OPTIMAL
 weights_sum: 1.0
itereffortlevel: 0
--separating...
--find a better primal bound 0.24734731541876886 by Alternative descent Eigen
--found a cut state by heuristic 0.24734731541876886 0.03266321590703583 
iteration: 548,  #states: 1687, valueb: 0.03266321590703583, activeness: 0.24734731541876886, primalobj: 0.9423903856313756, dualobj: -Inf
solve--
end solve-- RelaxOptimal OPTIMAL
 weights_sum: 0.9999999999999998
itereffortlevel: 0
--separating...
--find a better primal bound 0.2246201240223809 by Alternative descent Eigen
--found a cut state by heuristic 0.2246201240223809 0.009044659415285643 
iteration: 549,  #states: 1688, valueb: 0.009044659415285643, activeness: 0.2246201240223809, primalobj: 0.9423888854675643, dualobj: -Inf
solve--
end solve-- RelaxOptimal OPTIMAL
 weights_sum: 1.0000000333901005
itereffortlevel: 0
--separating...
--find a better primal bound 0.42515938723054736 by Alternative descent Eigen
--found a cut state by heuristic 0.42515938723054736 0.11323247680521133 
iteration: 550,  #states: 1689, valueb: 0.11323247680521133, activeness: 0.42515938723054736, primalobj: 0.942387818615019, dualobj: -Inf
solve--
end solve-- RelaxOptimal OPTIMAL
 weights_sum: 1.0000005360400346
itereffortlevel: 0
--separating...
--find a better primal bound 0.34929351004700504 by Alternative descent Eigen
--found a cut state by heuristic 0.34929351004700504 0.11752460228126002 
iteration: 551,  #states: 1690, valueb: 0.11752460228126002, activeness: 0.34929351004700504, primalobj: 0.9423855212255889, dualobj: -Inf
solve--
end solve-- RelaxOptimal OPTIMAL
 weights_sum: 1.0000000000000004
itereffortlevel: 0
--separating...
--find a better primal bound 0.4004102819985082 by Alternative descent Eigen
--found a cut state by heuristic 0.4004102819985082 0.10323978717486104 
iteration: 552,  #states: 1691, valueb: 0.10323978717486104, activeness: 0.4004102819985082, primalobj: 0.9423846319552769, dualobj: -Inf
solve--
end solve-- RelaxOptimal OPTIMAL
 weights_sum: 1.0000000000000002
itereffortlevel: 0
--separating...
--find a better primal bound 0.21676528262253741 by Alternative descent Eigen
--found a cut state by heuristic 0.21676528262253741 0.04408141905770628 
iteration: 553,  #states: 1692, valueb: 0.04408141905770628, activeness: 0.21676528262253741, primalobj: 0.9423817147559272, dualobj: -Inf
solve--
end solve-- RelaxOptimal OPTIMAL
 weights_sum: 1.0
itereffortlevel: 0
--separating...
--find a better primal bound 0.37771869390977886 by Alternative descent Eigen
--found a cut state by heuristic 0.37771869390977886 0.1485677538756578 
iteration: 554,  #states: 1693, valueb: 0.1485677538756578, activeness: 0.37771869390977886, primalobj: 0.9423803279364653, dualobj: -Inf
solve--
end solve-- RelaxOptimal OPTIMAL
 weights_sum: 0.9999999999999998
itereffortlevel: 0
--separating...
--find a better primal bound 0.3260200790865605 by Alternative descent Eigen
--found a cut state by heuristic 0.3260200790865605 0.0016712790443646618 
iteration: 555,  #states: 1694, valueb: 0.0016712790443646618, activeness: 0.3260200790865605, primalobj: 0.9423787555313811, dualobj: -Inf
solve--
end solve-- RelaxOptimal OPTIMAL
 weights_sum: 1.0000001875311928
itereffortlevel: 0
--separating...
--find a better primal bound 0.34211792995080925 by Alternative descent Eigen
--found a cut state by heuristic 0.34211792995080925 0.02761800511347424 
iteration: 556,  #states: 1695, valueb: 0.02761800511347424, activeness: 0.34211792995080925, primalobj: 0.9423750411694812, dualobj: -Inf
solve--
end solve-- RelaxOptimal OPTIMAL
 weights_sum: 1.0000000143093792
itereffortlevel: 0
--separating...
--find a better primal bound 0.34038891244975056 by Alternative descent Eigen
--found a cut state by heuristic 0.34038891244975056 0.11331013605896653 
iteration: 557,  #states: 1696, valueb: 0.11331013605896653, activeness: 0.34038891244975056, primalobj: 0.9423722001795973, dualobj: -Inf
solve--
end solve-- RelaxOptimal OPTIMAL
 weights_sum: 0.9999999999999999
itereffortlevel: 0
--separating...
--find a better primal bound 0.505536493839617 by Alternative descent Eigen
--found a cut state by heuristic 0.505536493839617 0.07027400777774223 
iteration: 558,  #states: 1697, valueb: 0.07027400777774223, activeness: 0.505536493839617, primalobj: 0.942366917407861, dualobj: -Inf
solve--
end solve-- RelaxOptimal OPTIMAL
 weights_sum: 1.0000016535890874
itereffortlevel: 0
--separating...
--find a better primal bound 0.47199388320336355 by Alternative descent Eigen
--found a cut state by heuristic 0.47199388320336355 0.17325228313025992 
iteration: 559,  #states: 1698, valueb: 0.17325228313025992, activeness: 0.47199388320336355, primalobj: 0.9423640035265262, dualobj: -Inf
solve--
end solve-- RelaxOptimal OPTIMAL
 weights_sum: 1.00000025680972
itereffortlevel: 0
--separating...
--find a better primal bound 0.44760864321173033 by Alternative descent Eigen
--found a cut state by heuristic 0.44760864321173033 0.15400418585713058 
iteration: 560,  #states: 1699, valueb: 0.15400418585713058, activeness: 0.44760864321173033, primalobj: 0.9423621322762749, dualobj: -Inf
solve--
end solve-- RelaxOptimal OPTIMAL
 weights_sum: 0.9999999999999999
itereffortlevel: 0
--separating...
--find a better primal bound 0.43748401624933864 by Alternative descent Eigen
--found a cut state by heuristic 0.43748401624933864 0.10087430693199412 
iteration: 561,  #states: 1700, valueb: 0.10087430693199412, activeness: 0.43748401624933864, primalobj: 0.9423604208447236, dualobj: -Inf
solve--
end solve-- RelaxOptimal OPTIMAL
 weights_sum: 1.0000000391249706
itereffortlevel: 0
--separating...
--find a better primal bound 0.4773880325203119 by Alternative descent Eigen
--found a cut state by heuristic 0.4773880325203119 0.162564466502401 
iteration: 562,  #states: 1701, valueb: 0.162564466502401, activeness: 0.4773880325203119, primalobj: 0.9423569314408513, dualobj: -Inf
solve--
end solve-- RelaxOptimal OPTIMAL
 weights_sum: 1.0000000000000013
itereffortlevel: 0
--separating...
--find a better primal bound 0.3636249093411341 by Alternative descent Eigen
--found a cut state by heuristic 0.3636249093411341 0.17902902634568116 
iteration: 563,  #states: 1702, valueb: 0.17902902634568116, activeness: 0.3636249093411341, primalobj: 0.9423547067169075, dualobj: -Inf
solve--
end solve-- RelaxOptimal OPTIMAL
 weights_sum: 1.0000003788605096
itereffortlevel: 0
--separating...
--find a better primal bound 0.4335810898346845 by Alternative descent Eigen
--found a cut state by heuristic 0.4335810898346845 0.18754457070460095 
iteration: 564,  #states: 1703, valueb: 0.18754457070460095, activeness: 0.4335810898346845, primalobj: 0.9423529753361104, dualobj: -Inf
solve--
end solve-- RelaxOptimal OPTIMAL
 weights_sum: 0.9999999999999999
itereffortlevel: 0
--separating...
--find a better primal bound 0.4456282102991119 by Alternative descent Eigen
--found a cut state by heuristic 0.4456282102991119 0.1358045980825462 
iteration: 565,  #states: 1704, valueb: 0.1358045980825462, activeness: 0.4456282102991119, primalobj: 0.9423499562759304, dualobj: -Inf
solve--
end solve-- RelaxOptimal OPTIMAL
 weights_sum: 0.9999999999999993
itereffortlevel: 0
--separating...
--find a better primal bound 0.3482173857189975 by Alternative descent Eigen
--found a cut state by heuristic 0.3482173857189975 0.08683331711260106 
iteration: 566,  #states: 1705, valueb: 0.08683331711260106, activeness: 0.3482173857189975, primalobj: 0.9423472507716719, dualobj: -Inf
solve--
end solve-- RelaxOptimal OPTIMAL
 weights_sum: 0.9999999999999996
itereffortlevel: 0
--separating...
--find a better primal bound 0.29721073523384367 by Alternative descent Eigen
--found a cut state by heuristic 0.29721073523384367 0.0010473102181126903 
iteration: 567,  #states: 1706, valueb: 0.0010473102181126903, activeness: 0.29721073523384367, primalobj: 0.9423454379066283, dualobj: -Inf
solve--
end solve-- RelaxOptimal OPTIMAL
 weights_sum: 1.0000000430950944
itereffortlevel: 0
--separating...
--find a better primal bound 0.5052142765474663 by Alternative descent Eigen
--found a cut state by heuristic 0.5052142765474663 0.11246129832089999 
iteration: 568,  #states: 1707, valueb: 0.11246129832089999, activeness: 0.5052142765474663, primalobj: 0.9423440157802507, dualobj: -Inf
solve--
end solve-- RelaxOptimal OPTIMAL
 weights_sum: 1.0
itereffortlevel: 0
--separating...
--find a better primal bound 0.4299937099493589 by Alternative descent Eigen
--found a cut state by heuristic 0.4299937099493589 0.0035648208665176252 
iteration: 569,  #states: 1708, valueb: 0.0035648208665176252, activeness: 0.4299937099493589, primalobj: 0.9423415019924721, dualobj: -Inf
solve--
end solve-- RelaxOptimal OPTIMAL
 weights_sum: 1.0000000000000002
itereffortlevel: 0
--separating...
--find a better primal bound 0.5229069464026957 by Alternative descent Eigen
--found a cut state by heuristic 0.5229069464026957 0.14854640326281274 
iteration: 570,  #states: 1709, valueb: 0.14854640326281274, activeness: 0.5229069464026957, primalobj: 0.9423382237020027, dualobj: -Inf
solve--
end solve-- RelaxOptimal OPTIMAL
 weights_sum: 1.0000002364999858
itereffortlevel: 0
--separating...
--find a better primal bound 0.2697669925311132 by Alternative descent Eigen
--found a cut state by heuristic 0.2697669925311132 0.053846893505837747 
iteration: 571,  #states: 1710, valueb: 0.053846893505837747, activeness: 0.2697669925311132, primalobj: 0.9423368683521504, dualobj: -Inf
solve--
end solve-- RelaxOptimal OPTIMAL
 weights_sum: 1.000000038335225
itereffortlevel: 0
--separating...
--find a better primal bound 0.4324429824824384 by Alternative descent Eigen
--found a cut state by heuristic 0.4324429824824384 0.02101997266634339 
iteration: 572,  #states: 1711, valueb: 0.02101997266634339, activeness: 0.4324429824824384, primalobj: 0.9423348928733458, dualobj: -Inf
solve--
end solve-- RelaxOptimal OPTIMAL
 weights_sum: 1.000000042634535
itereffortlevel: 0
--separating...
--find a better primal bound 0.4365485117196656 by Alternative descent Eigen
--found a cut state by heuristic 0.4365485117196656 0.10682237952210225 
iteration: 573,  #states: 1712, valueb: 0.10682237952210225, activeness: 0.4365485117196656, primalobj: 0.942331811183716, dualobj: -Inf
solve--
end solve-- RelaxOptimal OPTIMAL
 weights_sum: 1.0000003776540434
itereffortlevel: 0
--separating...
--find a better primal bound 0.21058869421228976 by Alternative descent Eigen
--found a cut state by heuristic 0.21058869421228976 0.0004346909917914924 
iteration: 574,  #states: 1713, valueb: 0.0004346909917914924, activeness: 0.21058869421228976, primalobj: 0.9423296803567223, dualobj: -Inf
solve--
end solve-- RelaxOptimal OPTIMAL
 weights_sum: 1.000000002017405
itereffortlevel: 0
--separating...
--find a better primal bound 0.43530644400091245 by Alternative descent Eigen
--found a cut state by heuristic 0.43530644400091245 0.1768430128178317 
iteration: 575,  #states: 1714, valueb: 0.1768430128178317, activeness: 0.43530644400091245, primalobj: 0.9423282371792634, dualobj: -Inf
solve--
end solve-- RelaxOptimal OPTIMAL
 weights_sum: 0.9999999999999994
itereffortlevel: 0
--separating...
--find a better primal bound 0.4594399535876784 by Alternative descent Eigen
--found a cut state by heuristic 0.4594399535876784 0.0982665646535895 
iteration: 576,  #states: 1715, valueb: 0.0982665646535895, activeness: 0.4594399535876784, primalobj: 0.9423265371494747, dualobj: -Inf
solve--
end solve-- RelaxOptimal OPTIMAL
 weights_sum: 1.0000006043376504
itereffortlevel: 0
--separating...
--find a better primal bound 0.5497414665855893 by Alternative descent Eigen
--found a cut state by heuristic 0.5497414665855893 0.1901445825710651 
iteration: 577,  #states: 1716, valueb: 0.1901445825710651, activeness: 0.5497414665855893, primalobj: 0.942324414951192, dualobj: -Inf
solve--
end solve-- RelaxOptimal OPTIMAL
 weights_sum: 1.0000000038108272
itereffortlevel: 0
--separating...
--find a better primal bound 0.3290761898000063 by Alternative descent Eigen
--found a cut state by heuristic 0.3290761898000063 0.093301378827865 
iteration: 578,  #states: 1717, valueb: 0.093301378827865, activeness: 0.3290761898000063, primalobj: 0.9423222711592667, dualobj: -Inf
solve--
end solve-- RelaxOptimal OPTIMAL
 weights_sum: 0.9999999999999994
itereffortlevel: 0
--separating...
--find a better primal bound 0.32022823875112255 by Alternative descent Eigen
--found a cut state by heuristic 0.32022823875112255 0.14009729488812953 
iteration: 579,  #states: 1718, valueb: 0.14009729488812953, activeness: 0.32022823875112255, primalobj: 0.9423199603432226, dualobj: -Inf
solve--
end solve-- RelaxOptimal OPTIMAL
 weights_sum: 1.0000010842172693
itereffortlevel: 0
--separating...
--find a better primal bound 0.3215333034192125 by Alternative descent Eigen
--found a cut state by heuristic 0.3215333034192125 0.00905379535696676 
iteration: 580,  #states: 1719, valueb: 0.00905379535696676, activeness: 0.3215333034192125, primalobj: 0.9423192973035889, dualobj: -Inf
solve--
end solve-- RelaxOptimal OPTIMAL
 weights_sum: 1.000000028324494
itereffortlevel: 0
--separating...
--find a better primal bound 0.37967729795319294 by Alternative descent Eigen
--found a cut state by heuristic 0.37967729795319294 0.13782013269468044 
iteration: 581,  #states: 1720, valueb: 0.13782013269468044, activeness: 0.37967729795319294, primalobj: 0.9423171175925734, dualobj: -Inf
solve--
end solve-- RelaxOptimal OPTIMAL
 weights_sum: 1.0000000093771515
itereffortlevel: 0
--separating...
--find a better primal bound 0.3207978312115656 by Alternative descent Eigen
--found a cut state by heuristic 0.3207978312115656 0.1698683589922481 
iteration: 582,  #states: 1721, valueb: 0.1698683589922481, activeness: 0.3207978312115656, primalobj: 0.9423161741842194, dualobj: -Inf
solve--
end solve-- RelaxOptimal OPTIMAL
 weights_sum: 1.0000001721696945
itereffortlevel: 0
--separating...
--find a better primal bound 0.3685948749726524 by Alternative descent Eigen
--found a cut state by heuristic 0.3685948749726524 0.1309528509899392 
iteration: 583,  #states: 1722, valueb: 0.1309528509899392, activeness: 0.3685948749726524, primalobj: 0.9423155479551479, dualobj: -Inf
solve--
end solve-- RelaxOptimal OPTIMAL
 weights_sum: 1.0000000586413897
itereffortlevel: 0
--separating...
--find a better primal bound 0.2554389802948148 by Alternative descent Eigen
--found a cut state by heuristic 0.2554389802948148 0.11994125935656484 
iteration: 584,  #states: 1723, valueb: 0.11994125935656484, activeness: 0.2554389802948148, primalobj: 0.9423142119962257, dualobj: -Inf
solve--
end solve-- RelaxOptimal OPTIMAL
 weights_sum: 1.0000000076583784
itereffortlevel: 0
--separating...
--find a better primal bound 0.25332229279082136 by Alternative descent Eigen
--found a cut state by heuristic 0.25332229279082136 0.08035610282646742 
iteration: 585,  #states: 1724, valueb: 0.08035610282646742, activeness: 0.25332229279082136, primalobj: 0.9423131326676647, dualobj: -Inf
solve--
end solve-- RelaxOptimal OPTIMAL
 weights_sum: 1.0000000457888591
itereffortlevel: 0
--separating...
--find a better primal bound 0.3011121873005082 by Alternative descent Eigen
--found a cut state by heuristic 0.3011121873005082 0.09287862088709016 
iteration: 586,  #states: 1725, valueb: 0.09287862088709016, activeness: 0.3011121873005082, primalobj: 0.9423122014567639, dualobj: -Inf
solve--
end solve-- RelaxOptimal OPTIMAL
 weights_sum: 1.0000000000000007
itereffortlevel: 0
--separating...
--find a better primal bound 0.24018109373972912 by Alternative descent Eigen
--found a cut state by heuristic 0.24018109373972912 0.10014587392721559 
iteration: 587,  #states: 1726, valueb: 0.10014587392721559, activeness: 0.24018109373972912, primalobj: 0.9423114206868958, dualobj: -Inf
solve--
end solve-- RelaxOptimal OPTIMAL
 weights_sum: 0.9999999999999997
itereffortlevel: 0
--separating...
--find a better primal bound 0.3435317794955812 by Alternative descent Eigen
--found a cut state by heuristic 0.3435317794955812 0.23090251823730232 
iteration: 588,  #states: 1727, valueb: 0.23090251823730232, activeness: 0.3435317794955812, primalobj: 0.9423096184714878, dualobj: -Inf
solve--
end solve-- RelaxOptimal OPTIMAL
 weights_sum: 0.9999999999999998
itereffortlevel: 0
--separating...
--find a better primal bound 0.4324870048610331 by Alternative descent Eigen
--found a cut state by heuristic 0.4324870048610331 0.13414956859808802 
iteration: 589,  #states: 1728, valueb: 0.13414956859808802, activeness: 0.4324870048610331, primalobj: 0.9423083116778754, dualobj: -Inf
solve--
end solve-- RelaxOptimal OPTIMAL
 weights_sum: 1.0000000176254389
itereffortlevel: 0
--separating...
--find a better primal bound 0.3805301845649015 by Alternative descent Eigen
--found a cut state by heuristic 0.3805301845649015 0.1463483619664422 
iteration: 590,  #states: 1729, valueb: 0.1463483619664422, activeness: 0.3805301845649015, primalobj: 0.9423065537066807, dualobj: -Inf
solve--
end solve-- RelaxOptimal OPTIMAL
 weights_sum: 0.9999999999999998
itereffortlevel: 0
--separating...
--find a better primal bound 0.4095400987830007 by Alternative descent Eigen
--found a cut state by heuristic 0.4095400987830007 0.10592158869363111 
iteration: 591,  #states: 1730, valueb: 0.10592158869363111, activeness: 0.4095400987830007, primalobj: 0.9423052657341789, dualobj: -Inf
solve--
end solve-- RelaxOptimal OPTIMAL
 weights_sum: 1.0000000272163876
itereffortlevel: 0
--separating...
--find a better primal bound 0.42295355738335627 by Alternative descent Eigen
--found a cut state by heuristic 0.42295355738335627 0.17069757408059794 
iteration: 592,  #states: 1731, valueb: 0.17069757408059794, activeness: 0.42295355738335627, primalobj: 0.9423032238646258, dualobj: -Inf
solve--
end solve-- RelaxOptimal OPTIMAL
 weights_sum: 1.0
itereffortlevel: 0
--separating...
--find a better primal bound 0.3683387611968493 by Alternative descent Eigen
--found a cut state by heuristic 0.3683387611968493 0.10780382904883956 
iteration: 593,  #states: 1732, valueb: 0.10780382904883956, activeness: 0.3683387611968493, primalobj: 0.9423010724127255, dualobj: -Inf
solve--
end solve-- RelaxOptimal OPTIMAL
 weights_sum: 0.999999999999999
itereffortlevel: 0
--separating...
--find a better primal bound 0.40665208482607146 by Alternative descent Eigen
--found a cut state by heuristic 0.40665208482607146 0.1072423948468099 
iteration: 594,  #states: 1733, valueb: 0.1072423948468099, activeness: 0.40665208482607146, primalobj: 0.9423002966732337, dualobj: -Inf
solve--
end solve-- RelaxOptimal OPTIMAL
 weights_sum: 1.0000000289210593
itereffortlevel: 0
--separating...
--find a better primal bound 0.46978901357192604 by Alternative descent Eigen
--found a cut state by heuristic 0.46978901357192604 0.14117112881111177 
iteration: 595,  #states: 1734, valueb: 0.14117112881111177, activeness: 0.46978901357192604, primalobj: 0.9422991381383325, dualobj: -Inf
solve--
end solve-- RelaxOptimal OPTIMAL
 weights_sum: 1.0000000023473925
itereffortlevel: 0
--separating...
--find a better primal bound 0.35210759706543787 by Alternative descent Eigen
--found a cut state by heuristic 0.35210759706543787 0.10836161037471231 
iteration: 596,  #states: 1735, valueb: 0.10836161037471231, activeness: 0.35210759706543787, primalobj: 0.9422972016494653, dualobj: -Inf
solve--
end solve-- RelaxOptimal OPTIMAL
 weights_sum: 1.0000000000000004
itereffortlevel: 0
--separating...
--find a better primal bound 0.42334463269296296 by Alternative descent Eigen
--found a cut state by heuristic 0.42334463269296296 0.1251574781619563 
iteration: 597,  #states: 1736, valueb: 0.1251574781619563, activeness: 0.42334463269296296, primalobj: 0.9422962371825846, dualobj: -Inf
solve--
end solve-- RelaxOptimal OPTIMAL
 weights_sum: 1.0
itereffortlevel: 0
--separating...
--find a better primal bound 0.26073770435918275 by Alternative descent Eigen
--found a cut state by heuristic 0.26073770435918275 0.10706470182158075 
iteration: 598,  #states: 1737, valueb: 0.10706470182158075, activeness: 0.26073770435918275, primalobj: 0.942294227104626, dualobj: -Inf
solve--
end solve-- RelaxOptimal OPTIMAL
 weights_sum: 1.0000000000000004
itereffortlevel: 0
--separating...
--find a better primal bound 0.3305383576385823 by Alternative descent Eigen
--found a cut state by heuristic 0.3305383576385823 0.028283378767125507 
iteration: 599,  #states: 1738, valueb: 0.028283378767125507, activeness: 0.3305383576385823, primalobj: 0.94229317539279, dualobj: -Inf
solve--
end solve-- RelaxOptimal OPTIMAL
 weights_sum: 1.0000000000000007
itereffortlevel: 0
--separating...
--find a better primal bound 0.5567077697214501 by Alternative descent Eigen
--found a cut state by heuristic 0.5567077697214501 0.1488803931929944 
iteration: 600,  #states: 1739, valueb: 0.1488803931929944, activeness: 0.5567077697214501, primalobj: 0.94229091985613, dualobj: -Inf
solve--
end solve-- RelaxOptimal OPTIMAL
 weights_sum: 1.0000004886619354
itereffortlevel: 0
--separating...
--find a better primal bound 0.2999031595551978 by Alternative descent Eigen
--found a cut state by heuristic 0.2999031595551978 0.08975787384666037 
iteration: 601,  #states: 1740, valueb: 0.08975787384666037, activeness: 0.2999031595551978, primalobj: 0.9422879892414703, dualobj: -Inf
solve--
end solve-- RelaxOptimal OPTIMAL
 weights_sum: 0.9999999999999994
itereffortlevel: 0
--separating...
--find a better primal bound 0.36197761393740413 by Alternative descent Eigen
--found a cut state by heuristic 0.36197761393740413 0.08565557202955995 
iteration: 602,  #states: 1741, valueb: 0.08565557202955995, activeness: 0.36197761393740413, primalobj: 0.9422869461051285, dualobj: -Inf
solve--
end solve-- RelaxOptimal OPTIMAL
 weights_sum: 1.0000000000000004
itereffortlevel: 0
--separating...
--find a better primal bound 0.3471508598160406 by Alternative descent Eigen
--found a cut state by heuristic 0.3471508598160406 0.04132601940023876 
iteration: 603,  #states: 1742, valueb: 0.04132601940023876, activeness: 0.3471508598160406, primalobj: 0.9422856761769443, dualobj: -Inf
solve--
end solve-- RelaxOptimal OPTIMAL
 weights_sum: 1.0000000000000002
itereffortlevel: 0
--separating...
--find a better primal bound 0.2793926706528589 by Alternative descent Eigen
--found a cut state by heuristic 0.2793926706528589 0.04172189895912087 
iteration: 604,  #states: 1743, valueb: 0.04172189895912087, activeness: 0.2793926706528589, primalobj: 0.9422844595950901, dualobj: -Inf
solve--
end solve-- RelaxOptimal OPTIMAL
 weights_sum: 1.0000000140247398
itereffortlevel: 0
--separating...
--find a better primal bound 0.22743215389412463 by Alternative descent Eigen
--found a cut state by heuristic 0.22743215389412463 0.06660494763500699 
iteration: 605,  #states: 1744, valueb: 0.06660494763500699, activeness: 0.22743215389412463, primalobj: 0.9422838279511786, dualobj: -Inf
solve--
end solve-- RelaxOptimal OPTIMAL
 weights_sum: 1.0000000000000004
itereffortlevel: 0
--separating...
--find a better primal bound 0.2166582020116595 by Alternative descent Eigen
--found a cut state by heuristic 0.2166582020116595 0.06267931701687382 
iteration: 606,  #states: 1745, valueb: 0.06267931701687382, activeness: 0.2166582020116595, primalobj: 0.942282925781069, dualobj: -Inf
solve--
end solve-- RelaxOptimal OPTIMAL
 weights_sum: 1.0000000000000007
itereffortlevel: 0
--separating...
--find a better primal bound 0.36662101255222423 by Alternative descent Eigen
--found a cut state by heuristic 0.36662101255222423 0.0385428268262997 
iteration: 607,  #states: 1746, valueb: 0.0385428268262997, activeness: 0.36662101255222423, primalobj: 0.9422825003288907, dualobj: -Inf
solve--
end solve-- RelaxOptimal OPTIMAL
 weights_sum: 0.9999999999999997
itereffortlevel: 0
--separating...
--find a better primal bound 0.4436001752464642 by Alternative descent Eigen
--found a cut state by heuristic 0.4436001752464642 0.06510719239286603 
iteration: 608,  #states: 1747, valueb: 0.06510719239286603, activeness: 0.4436001752464642, primalobj: 0.942280109252418, dualobj: -Inf
solve--
end solve-- RelaxOptimal OPTIMAL
 weights_sum: 1.0000000000000002
itereffortlevel: 0
--separating...
--find a better primal bound 0.4620926304948076 by Alternative descent Eigen
--found a cut state by heuristic 0.4620926304948076 0.13439292374428227 
iteration: 609,  #states: 1748, valueb: 0.13439292374428227, activeness: 0.4620926304948076, primalobj: 0.9422775319498045, dualobj: -Inf
solve--
end solve-- RelaxOptimal OPTIMAL
 weights_sum: 1.0000000001095186
itereffortlevel: 0
--separating...
--find a better primal bound 0.4089045283290749 by Alternative descent Eigen
--found a cut state by heuristic 0.4089045283290749 0.1075462553811414 
iteration: 610,  #states: 1749, valueb: 0.1075462553811414, activeness: 0.4089045283290749, primalobj: 0.9422755631061797, dualobj: -Inf
solve--
end solve-- RelaxOptimal OPTIMAL
 weights_sum: 1.0000002518147242
itereffortlevel: 0
--separating...
--find a better primal bound 0.22734078987043121 by Alternative descent Eigen
--found a cut state by heuristic 0.22734078987043121 0.09270826133787817 
iteration: 611,  #states: 1750, valueb: 0.09270826133787817, activeness: 0.22734078987043121, primalobj: 0.9422740894562702, dualobj: -Inf
solve--
end solve-- RelaxOptimal OPTIMAL
 weights_sum: 1.000000160205528
itereffortlevel: 0
--separating...
--find a better primal bound 0.277346859481741 by Alternative descent Eigen
--found a cut state by heuristic 0.277346859481741 0.06033150777437104 
iteration: 612,  #states: 1751, valueb: 0.06033150777437104, activeness: 0.277346859481741, primalobj: 0.9422736554251416, dualobj: -Inf
solve--
end solve-- RelaxOptimal OPTIMAL
 weights_sum: 1.000000054886079
itereffortlevel: 0
--separating...
--find a better primal bound 0.37725189023856937 by Alternative descent Eigen
--found a cut state by heuristic 0.37725189023856937 0.12099487995401216 
iteration: 613,  #states: 1752, valueb: 0.12099487995401216, activeness: 0.37725189023856937, primalobj: 0.9422719927141053, dualobj: -Inf
solve--
end solve-- RelaxOptimal OPTIMAL
 weights_sum: 1.0000000132419977
itereffortlevel: 0
--separating...
--find a better primal bound 0.3181019594841757 by Alternative descent Eigen
--found a cut state by heuristic 0.3181019594841757 0.025983835369743156 
iteration: 614,  #states: 1753, valueb: 0.025983835369743156, activeness: 0.3181019594841757, primalobj: 0.942270735095589, dualobj: -Inf
solve--
end solve-- RelaxOptimal OPTIMAL
 weights_sum: 1.0000000000000009
itereffortlevel: 0
--separating...
--find a better primal bound 0.4290858025745786 by Alternative descent Eigen
--found a cut state by heuristic 0.4290858025745786 0.20542535576508866 
iteration: 615,  #states: 1754, valueb: 0.20542535576508866, activeness: 0.4290858025745786, primalobj: 0.9422685626864411, dualobj: -Inf
solve--
end solve-- RelaxOptimal OPTIMAL
 weights_sum: 1.0000000602898345
itereffortlevel: 0
--separating...
--find a better primal bound 0.592938527818532 by Alternative descent Eigen
--found a cut state by heuristic 0.592938527818532 0.18592538550970006 
iteration: 616,  #states: 1755, valueb: 0.18592538550970006, activeness: 0.592938527818532, primalobj: 0.9422676231669231, dualobj: -Inf
solve--
end solve-- RelaxOptimal OPTIMAL
 weights_sum: 1.0000000326439555
itereffortlevel: 0
--separating...
--find a better primal bound 0.3771683645971511 by Alternative descent Eigen
--found a cut state by heuristic 0.3771683645971511 0.16569872381650919 
iteration: 617,  #states: 1756, valueb: 0.16569872381650919, activeness: 0.3771683645971511, primalobj: 0.9422646519993418, dualobj: -Inf
solve--
end solve-- RelaxOptimal OPTIMAL
 weights_sum: 0.9999999999999997
itereffortlevel: 0
--separating...
--find a better primal bound 0.3545751106868483 by Alternative descent Eigen
--found a cut state by heuristic 0.3545751106868483 0.09264959699952466 
iteration: 618,  #states: 1757, valueb: 0.09264959699952466, activeness: 0.3545751106868483, primalobj: 0.9422627097872229, dualobj: -Inf
solve--
end solve-- RelaxOptimal OPTIMAL
 weights_sum: 1.0000000258101502
itereffortlevel: 0
--separating...
--find a better primal bound 0.3916703525508221 by Alternative descent Eigen
--found a cut state by heuristic 0.3916703525508221 0.15785856924056285 
iteration: 619,  #states: 1758, valueb: 0.15785856924056285, activeness: 0.3916703525508221, primalobj: 0.9422616284865246, dualobj: -Inf
solve--
end solve-- RelaxOptimal OPTIMAL
 weights_sum: 1.0
itereffortlevel: 0
--separating...
--find a better primal bound 0.5487631081793649 by Alternative descent Eigen
--found a cut state by heuristic 0.5487631081793649 0.11759481136697224 
iteration: 620,  #states: 1759, valueb: 0.11759481136697224, activeness: 0.5487631081793649, primalobj: 0.9422603098839202, dualobj: -Inf
solve--
end solve-- RelaxOptimal OPTIMAL
 weights_sum: 1.0000000065653318
itereffortlevel: 0
--separating...
--find a better primal bound 0.49531757777839136 by Alternative descent Eigen
--found a cut state by heuristic 0.49531757777839136 0.11223593607199432 
iteration: 621,  #states: 1760, valueb: 0.11223593607199432, activeness: 0.49531757777839136, primalobj: 0.9422589600205221, dualobj: -Inf
solve--
end solve-- RelaxOptimal OPTIMAL
 weights_sum: 1.0000000369547242
itereffortlevel: 0
--separating...
--find a better primal bound 0.43596643537975177 by Alternative descent Eigen
--found a cut state by heuristic 0.43596643537975177 0.1465056581629055 
iteration: 622,  #states: 1761, valueb: 0.1465056581629055, activeness: 0.43596643537975177, primalobj: 0.9422571359195303, dualobj: -Inf
solve--
end solve-- RelaxOptimal OPTIMAL
 weights_sum: 1.0000000153758979
itereffortlevel: 0
--separating...
--find a better primal bound 0.33078884095615385 by Alternative descent Eigen
--found a cut state by heuristic 0.33078884095615385 0.10992632891353372 
iteration: 623,  #states: 1762, valueb: 0.10992632891353372, activeness: 0.33078884095615385, primalobj: 0.9422552483572055, dualobj: -Inf
solve--
end solve-- RelaxOptimal OPTIMAL
 weights_sum: 1.0000022353126312
itereffortlevel: 0
--separating...
--find a better primal bound 0.46444600162730987 by Alternative descent Eigen
--found a cut state by heuristic 0.46444600162730987 0.08723854736873121 
iteration: 624,  #states: 1763, valueb: 0.08723854736873121, activeness: 0.46444600162730987, primalobj: 0.9422538177935622, dualobj: -Inf
solve--
end solve-- RelaxOptimal OPTIMAL
 weights_sum: 1.0000000566848697
itereffortlevel: 0
--separating...
--find a better primal bound 0.3203807691330602 by Alternative descent Eigen
--found a cut state by heuristic 0.3203807691330602 0.10938977507095812 
iteration: 625,  #states: 1764, valueb: 0.10938977507095812, activeness: 0.3203807691330602, primalobj: 0.9422517690917387, dualobj: -Inf
solve--
end solve-- RelaxOptimal OPTIMAL
 weights_sum: 1.0
itereffortlevel: 0
--separating...
--find a better primal bound 0.4282418166910009 by Alternative descent Eigen
--found a cut state by heuristic 0.4282418166910009 0.09999091204433375 
iteration: 626,  #states: 1765, valueb: 0.09999091204433375, activeness: 0.4282418166910009, primalobj: 0.942250423743225, dualobj: -Inf
solve--
end solve-- RelaxOptimal OPTIMAL
 weights_sum: 1.0000009482233778
itereffortlevel: 0
--separating...
--find a better primal bound 0.3376981772701226 by Alternative descent Eigen
--found a cut state by heuristic 0.3376981772701226 0.11858288794126064 
iteration: 627,  #states: 1766, valueb: 0.11858288794126064, activeness: 0.3376981772701226, primalobj: 0.942248231206419, dualobj: -Inf
solve--
end solve-- RelaxOptimal OPTIMAL
 weights_sum: 1.0000000853433042
itereffortlevel: 0
--separating...
--find a better primal bound 0.38155766349095166 by Alternative descent Eigen
--found a cut state by heuristic 0.38155766349095166 0.11468653722226857 
iteration: 628,  #states: 1767, valueb: 0.11468653722226857, activeness: 0.38155766349095166, primalobj: 0.9422474726891485, dualobj: -Inf
solve--
end solve-- RelaxOptimal OPTIMAL
 weights_sum: 1.000000262291393
itereffortlevel: 0
--separating...
--find a better primal bound 0.26697887542991744 by Alternative descent Eigen
--found a cut state by heuristic 0.26697887542991744 0.07202819979348186 
iteration: 629,  #states: 1768, valueb: 0.07202819979348186, activeness: 0.26697887542991744, primalobj: 0.9422466276753929, dualobj: -Inf
solve--
end solve-- RelaxOptimal OPTIMAL
 weights_sum: 1.000007287100021
itereffortlevel: 0
--separating...
--find a better primal bound 0.27840217264220896 by Alternative descent Eigen
--found a cut state by heuristic 0.27840217264220896 0.12128486489536604 
iteration: 630,  #states: 1769, valueb: 0.12128486489536604, activeness: 0.27840217264220896, primalobj: 0.9422456422719799, dualobj: -Inf
solve--
end solve-- RelaxOptimal OPTIMAL
 weights_sum: 1.0000000000000007
itereffortlevel: 0
--separating...
--find a better primal bound 0.5303279071911066 by Alternative descent Eigen
--found a cut state by heuristic 0.5303279071911066 0.09697756460180419 
iteration: 631,  #states: 1770, valueb: 0.09697756460180419, activeness: 0.5303279071911066, primalobj: 0.9422448218046537, dualobj: -Inf
solve--
end solve-- RelaxOptimal OPTIMAL
 weights_sum: 1.0000000159360365
itereffortlevel: 0
--separating...
--find a better primal bound 0.2532865966997294 by Alternative descent Eigen
--found a cut state by heuristic 0.2532865966997294 0.08467407084415828 
iteration: 632,  #states: 1771, valueb: 0.08467407084415828, activeness: 0.2532865966997294, primalobj: 0.9422423472016145, dualobj: -Inf
solve--
end solve-- RelaxOptimal OPTIMAL
 weights_sum: 0.9999999999999997
itereffortlevel: 0
--separating...
--find a better primal bound 0.3299128591273195 by Alternative descent Eigen
--found a cut state by heuristic 0.3299128591273195 0.053683174853402287 
iteration: 633,  #states: 1772, valueb: 0.053683174853402287, activeness: 0.3299128591273195, primalobj: 0.9422413348367099, dualobj: -Inf
solve--
end solve-- RelaxOptimal OPTIMAL
 weights_sum: 1.0000001114537456
itereffortlevel: 0
--separating...
--find a better primal bound 0.39963200322960046 by Alternative descent Eigen
--found a cut state by heuristic 0.39963200322960046 0.1036555391959916 
iteration: 634,  #states: 1773, valueb: 0.1036555391959916, activeness: 0.39963200322960046, primalobj: 0.9422397774717128, dualobj: -Inf
solve--
end solve-- RelaxOptimal OPTIMAL
 weights_sum: 1.0000000000000002
itereffortlevel: 0
--separating...
--find a better primal bound 0.28985895807079415 by Alternative descent Eigen
--found a cut state by heuristic 0.28985895807079415 0.004461840947825491 
iteration: 635,  #states: 1774, valueb: 0.004461840947825491, activeness: 0.28985895807079415, primalobj: 0.9422378117651935, dualobj: -Inf
solve--
end solve-- RelaxOptimal OPTIMAL
 weights_sum: 1.0000001783588626
itereffortlevel: 0
--separating...
--find a better primal bound 0.2909047517830198 by Alternative descent Eigen
--found a cut state by heuristic 0.2909047517830198 0.07922614377941174 
iteration: 636,  #states: 1775, valueb: 0.07922614377941174, activeness: 0.2909047517830198, primalobj: 0.9422349411901291, dualobj: -Inf
solve--
end solve-- RelaxOptimal OPTIMAL
 weights_sum: 0.9999999999999992
itereffortlevel: 0
--separating...
--find a better primal bound 0.19893584462757077 by Alternative descent Eigen
--found a cut state by heuristic 0.19893584462757077 0.0903086955292681 
iteration: 637,  #states: 1776, valueb: 0.0903086955292681, activeness: 0.19893584462757077, primalobj: 0.9422337938277349, dualobj: -Inf
solve--
end solve-- RelaxOptimal OPTIMAL
 weights_sum: 1.0000000185246496
itereffortlevel: 0
--separating...
--find a better primal bound 0.25953410772576846 by Alternative descent Eigen
--found a cut state by heuristic 0.25953410772576846 0.1043895363401089 
iteration: 638,  #states: 1777, valueb: 0.1043895363401089, activeness: 0.25953410772576846, primalobj: 0.9422326438698101, dualobj: -Inf
solve--
end solve-- RelaxOptimal OPTIMAL
 weights_sum: 1.0000000000000007
itereffortlevel: 0
--separating...
--find a better primal bound 0.24683790659078475 by Alternative descent Eigen
--found a cut state by heuristic 0.24683790659078475 0.07602539827451038 
iteration: 639,  #states: 1778, valueb: 0.07602539827451038, activeness: 0.24683790659078475, primalobj: 0.9422321737610548, dualobj: -Inf
solve--
end solve-- RelaxOptimal OPTIMAL
 weights_sum: 1.0000001960241143
itereffortlevel: 0
--separating...
--find a better primal bound 0.2311213755975399 by Alternative descent Eigen
--found a cut state by heuristic 0.2311213755975399 0.06479682412579173 
iteration: 640,  #states: 1779, valueb: 0.06479682412579173, activeness: 0.2311213755975399, primalobj: 0.9422311262107573, dualobj: -Inf
solve--
end solve-- RelaxOptimal OPTIMAL
 weights_sum: 1.0000000000000004
itereffortlevel: 0
--separating...
--find a better primal bound 0.13188385144212955 by Alternative descent Eigen
--found a cut state by heuristic 0.13188385144212955 0.03462890855355307 
iteration: 641,  #states: 1780, valueb: 0.03462890855355307, activeness: 0.13188385144212955, primalobj: 0.9422303752578434, dualobj: -Inf
solve--
end solve-- RelaxOptimal OPTIMAL
 weights_sum: 1.0000000201848247
itereffortlevel: 0
--separating...
--find a better primal bound 0.24525944863066518 by Alternative descent Eigen
--found a cut state by heuristic 0.24525944863066518 0.055843723493819365 
iteration: 642,  #states: 1781, valueb: 0.055843723493819365, activeness: 0.24525944863066518, primalobj: 0.9422273983073677, dualobj: -Inf
solve--
end solve-- RelaxOptimal OPTIMAL
 weights_sum: 1.0000000340848065
itereffortlevel: 0
--separating...
--find a better primal bound 0.25608012583283385 by Alternative descent Eigen
--found a cut state by heuristic 0.25608012583283385 -0.0 
iteration: 643,  #states: 1782, valueb: -0.0, activeness: 0.25608012583283385, primalobj: 0.9422262232978068, dualobj: -Inf
solve--
end solve-- RelaxOptimal OPTIMAL
 weights_sum: 0.9999999999999997
itereffortlevel: 0
--separating...
--find a better primal bound 0.21578315710187457 by Alternative descent Eigen
--found a cut state by heuristic 0.21578315710187457 0.048317669197595135 
iteration: 644,  #states: 1783, valueb: 0.048317669197595135, activeness: 0.21578315710187457, primalobj: 0.9422242968224792, dualobj: -Inf
solve--
end solve-- RelaxOptimal OPTIMAL
 weights_sum: 1.0000005442039823
itereffortlevel: 0
--separating...
--find a better primal bound 0.4208202245582232 by Alternative descent Eigen
--found a cut state by heuristic 0.4208202245582232 0.11780000618141145 
iteration: 645,  #states: 1784, valueb: 0.11780000618141145, activeness: 0.4208202245582232, primalobj: 0.9422239973283966, dualobj: -Inf
solve--
end solve-- RelaxOptimal OPTIMAL
 weights_sum: 1.000000008909425
itereffortlevel: 0
--separating...
--find a better primal bound 0.412064931945199 by Alternative descent Eigen
--found a cut state by heuristic 0.412064931945199 0.09532845906212196 
iteration: 646,  #states: 1785, valueb: 0.09532845906212196, activeness: 0.412064931945199, primalobj: 0.9422222295717055, dualobj: -Inf
solve--
end solve-- RelaxOptimal OPTIMAL
 weights_sum: 1.0000002815973301
itereffortlevel: 0
--separating...
--find a better primal bound 0.3710832636916612 by Alternative descent Eigen
--found a cut state by heuristic 0.3710832636916612 0.11728316383433512 
iteration: 647,  #states: 1786, valueb: 0.11728316383433512, activeness: 0.3710832636916612, primalobj: 0.9422206245810651, dualobj: -Inf
solve--
end solve-- RelaxOptimal OPTIMAL
 weights_sum: 1.0
itereffortlevel: 0
--separating...
--find a better primal bound 0.19099191713232555 by Alternative descent Eigen
--found a cut state by heuristic 0.19099191713232555 -0.0 
iteration: 648,  #states: 1787, valueb: -0.0, activeness: 0.19099191713232555, primalobj: 0.9422184476590405, dualobj: -Inf
solve--
end solve-- RelaxOptimal OPTIMAL
 weights_sum: 0.9999999999999994
itereffortlevel: 0
--separating...
--find a better primal bound 0.31572847637632756 by Alternative descent Eigen
--found a cut state by heuristic 0.31572847637632756 0.07870181441285319 
iteration: 649,  #states: 1788, valueb: 0.07870181441285319, activeness: 0.31572847637632756, primalobj: 0.9422173370267704, dualobj: -Inf
solve--
end solve-- RelaxOptimal OPTIMAL
 weights_sum: 1.0000016740288968
itereffortlevel: 0
--separating...
--find a better primal bound 0.25484732799246285 by Alternative descent Eigen
--found a cut state by heuristic 0.25484732799246285 0.08484027234440253 
iteration: 650,  #states: 1789, valueb: 0.08484027234440253, activeness: 0.25484732799246285, primalobj: 0.9422165474893922, dualobj: -Inf
solve--
end solve-- RelaxOptimal OPTIMAL
 weights_sum: 0.9999999999999999
itereffortlevel: 0
--separating...
--find a better primal bound 0.3713496924006409 by Alternative descent Eigen
--found a cut state by heuristic 0.3713496924006409 0.1102553391594245 
iteration: 651,  #states: 1790, valueb: 0.1102553391594245, activeness: 0.3713496924006409, primalobj: 0.9422159866062182, dualobj: -Inf
solve--
end solve-- RelaxOptimal OPTIMAL
 weights_sum: 1.0000000002135963
itereffortlevel: 0
--separating...
--find a better primal bound 0.29705577475500133 by Alternative descent Eigen
--found a cut state by heuristic 0.29705577475500133 0.059785640110818224 
iteration: 652,  #states: 1791, valueb: 0.059785640110818224, activeness: 0.29705577475500133, primalobj: 0.9422139348931277, dualobj: -Inf
solve--
end solve-- RelaxOptimal OPTIMAL
 weights_sum: 1.0000000805737959
itereffortlevel: 0
--separating...
--find a better primal bound 0.3975643653172717 by Alternative descent Eigen
--found a cut state by heuristic 0.3975643653172717 0.11441420633200121 
iteration: 653,  #states: 1792, valueb: 0.11441420633200121, activeness: 0.3975643653172717, primalobj: 0.9422121041805434, dualobj: -Inf
solve--
end solve-- RelaxOptimal OPTIMAL
 weights_sum: 1.0000000147189532
itereffortlevel: 0
--separating...
--find a better primal bound 0.2680475022316003 by Alternative descent Eigen
--found a cut state by heuristic 0.2680475022316003 0.06888386331316591 
iteration: 654,  #states: 1793, valueb: 0.06888386331316591, activeness: 0.2680475022316003, primalobj: 0.9422098324297085, dualobj: -Inf
solve--
end solve-- RelaxOptimal OPTIMAL
 weights_sum: 0.9999999999999998
itereffortlevel: 0
--separating...
--find a better primal bound 0.34309408496708016 by Alternative descent Eigen
--found a cut state by heuristic 0.34309408496708016 0.08255917114536904 
iteration: 655,  #states: 1794, valueb: 0.08255917114536904, activeness: 0.34309408496708016, primalobj: 0.9422082823699427, dualobj: -Inf
solve--
end solve-- RelaxOptimal OPTIMAL
 weights_sum: 1.0000000000000004
itereffortlevel: 0
--separating...
--find a better primal bound 0.361863265938357 by Alternative descent Eigen
--found a cut state by heuristic 0.361863265938357 0.0938931032728805 
iteration: 656,  #states: 1795, valueb: 0.0938931032728805, activeness: 0.361863265938357, primalobj: 0.9422070904398993, dualobj: -Inf
solve--
end solve-- RelaxOptimal OPTIMAL
 weights_sum: 1.0000000275747531
itereffortlevel: 0
--separating...
--find a better primal bound 0.2658219981154182 by Alternative descent Eigen
--found a cut state by heuristic 0.2658219981154182 0.07616713073038459 
iteration: 657,  #states: 1796, valueb: 0.07616713073038459, activeness: 0.2658219981154182, primalobj: 0.9422056217714084, dualobj: -Inf
solve--
end solve-- RelaxOptimal OPTIMAL
 weights_sum: 1.000000125615256
itereffortlevel: 0
--separating...
--find a better primal bound 0.25406814138963696 by Alternative descent Eigen
--found a cut state by heuristic 0.25406814138963696 0.06955834336417217 
iteration: 658,  #states: 1797, valueb: 0.06955834336417217, activeness: 0.25406814138963696, primalobj: 0.9422044544141789, dualobj: -Inf
solve--
end solve-- RelaxOptimal OPTIMAL
 weights_sum: 1.0000000000000007
itereffortlevel: 0
--separating...
--find a better primal bound 0.2769197812690693 by Alternative descent Eigen
--found a cut state by heuristic 0.2769197812690693 0.07734906695620596 
iteration: 659,  #states: 1798, valueb: 0.07734906695620596, activeness: 0.2769197812690693, primalobj: 0.9422035387015743, dualobj: -Inf
solve--
end solve-- RelaxOptimal OPTIMAL
 weights_sum: 1.0000000000000004
itereffortlevel: 0
--separating...
--find a better primal bound 0.31855460517528306 by Alternative descent Eigen
--found a cut state by heuristic 0.31855460517528306 0.08578176706650395 
iteration: 660,  #states: 1799, valueb: 0.08578176706650395, activeness: 0.31855460517528306, primalobj: 0.9422025446173247, dualobj: -Inf
solve--
end solve-- RelaxOptimal OPTIMAL
 weights_sum: 1.0000000569810281
itereffortlevel: 0
--separating...
--find a better primal bound 0.2486600830457759 by Alternative descent Eigen
--found a cut state by heuristic 0.2486600830457759 0.0940251561790869 
iteration: 661,  #states: 1800, valueb: 0.0940251561790869, activeness: 0.2486600830457759, primalobj: 0.942201760320817, dualobj: -Inf
max rounds reached and not in last state generation
Terminated at iteration 1 with number of substates: 1018, glbub: 0.942201760320817, glblb: -Inf, approxub: 0.9651824563438202, approxweights: 1.0000000569810281
Lifting-discretization iteration: 2 / -1
Initial  F(x): 0.08904773815 | 
# 1      F(x): 0.07265815346 |  |Df(x)|: 0.14917859705 |  Stepsize: 0.54465066676 | 
# 2      F(x): 0.05885462882 |  |Df(x)|: 0.12801138303 |  Stepsize: 0.15900725019 | 
# 3      F(x): 0.04683844492 |  |Df(x)|: 0.11496077816 |  Stepsize: 0.10322529270 | 
# 4      F(x): 0.03602362341 |  |Df(x)|: 0.10503693370 |  Stepsize: 0.07121415982 | 
# 5      F(x): 0.02608231930 |  |Df(x)|: 0.09782644814 |  Stepsize: 0.05430643259 | 
# 6      F(x): 0.01691062945 |  |Df(x)|: 0.09136632676 |  Stepsize: 0.04061113365 | 
# 7      F(x): 0.00822582966 |  |Df(x)|: 0.08562435618 |  Stepsize: 0.04337050900 | 
# 8      F(x): 0.00014596146 |  |Df(x)|: 0.08125221382 |  Stepsize: 0.03750677659 | 
# 9      F(x): -0.00751589661 |  |Df(x)|: 0.07706869571 |  Stepsize: 0.03497348270 | 
# 10     F(x): -0.01473385110 |  |Df(x)|: 0.07388917412 |  Stepsize: 0.02932450085 | 
# 11     F(x): -0.02162014928 |  |Df(x)|: 0.07061465559 |  Stepsize: 0.02686070218 | 
# 12     F(x): -0.02816711525 |  |Df(x)|: 0.06809876181 |  Stepsize: 0.02313913400 | 
# 13     F(x): -0.03444356746 |  |Df(x)|: 0.06542262080 |  Stepsize: 0.02110047507 | 
# 14     F(x): -0.04045796407 |  |Df(x)|: 0.06328671695 |  Stepsize: 0.01870679273 | 
# 15     F(x): -0.04624967969 |  |Df(x)|: 0.06099806285 |  Stepsize: 0.01739051089 | 
# 16     F(x): -0.05183064667 |  |Df(x)|: 0.05905422816 |  Stepsize: 0.01649439690 | 
# 17     F(x): -0.05721593503 |  |Df(x)|: 0.05695506113 |  Stepsize: 0.01644652186 | 
# 18     F(x): -0.06241102358 |  |Df(x)|: 0.05506130238 |  Stepsize: 0.01711419743 | 
# 19     F(x): -0.06740831379 |  |Df(x)|: 0.05304572247 |  Stepsize: 0.01788470740 | 
# 20     F(x): -0.07222388745 |  |Df(x)|: 0.05107818397 |  Stepsize: 0.01866471882 | 
# 21     F(x): -0.07684611069 |  |Df(x)|: 0.04922689573 |  Stepsize: 0.01923212118 | 
# 22     F(x): -0.08128918012 |  |Df(x)|: 0.04721952552 |  Stepsize: 0.02056569262 | 
# 23     F(x): -0.08554671928 |  |Df(x)|: 0.04553987602 |  Stepsize: 0.02113386891 | 
# 24     F(x): -0.08962032010 |  |Df(x)|: 0.04365379752 |  Stepsize: 0.02034642903 | 
# 25     F(x): -0.09353761272 |  |Df(x)|: 0.04209072000 |  Stepsize: 0.02007712347 | 
# 26     F(x): -0.09729257749 |  |Df(x)|: 0.04037109491 |  Stepsize: 0.01964653161 | 
# 27     F(x): -0.10090999954 |  |Df(x)|: 0.03894089999 |  Stepsize: 0.02069372203 | 
# 28     F(x): -0.10437634686 |  |Df(x)|: 0.03715449053 |  Stepsize: 0.01983494284 | 
# 29     F(x): -0.10772596533 |  |Df(x)|: 0.03590792910 |  Stepsize: 0.02217683860 | 
# 30     F(x): -0.11095217221 |  |Df(x)|: 0.03421477593 |  Stepsize: 0.02089111497 | 
# 31     F(x): -0.11405585822 |  |Df(x)|: 0.03276383384 |  Stepsize: 0.02890976531 | 
# 32     F(x): -0.11702525392 |  |Df(x)|: 0.03141671568 |  Stepsize: 0.02824468262 | 
# 33     F(x): -0.11987429162 |  |Df(x)|: 0.03001965261 |  Stepsize: 0.03069914950 | 
# 34     F(x): -0.12259094891 |  |Df(x)|: 0.02879013169 |  Stepsize: 0.02816073031 | 
# 35     F(x): -0.12520529067 |  |Df(x)|: 0.02753117144 |  Stepsize: 0.02841670430 | 
# 36     F(x): -0.12770134337 |  |Df(x)|: 0.02625202626 |  Stepsize: 0.03074637093 | 
# 37     F(x): -0.13008741388 |  |Df(x)|: 0.02511123252 |  Stepsize: 0.02968681799 | 
# 38     F(x): -0.13237910749 |  |Df(x)|: 0.02396909625 |  Stepsize: 0.03129037726 | 
# 39     F(x): -0.13455602682 |  |Df(x)|: 0.02291000370 |  Stepsize: 0.03227664430 | 
# 40     F(x): -0.13665092809 |  |Df(x)|: 0.02185784512 |  Stepsize: 0.03066488601 | 
# 41     F(x): -0.13864810811 |  |Df(x)|: 0.02098138492 |  Stepsize: 0.03131542930 | 
# 42     F(x): -0.14055654687 |  |Df(x)|: 0.02000848678 |  Stepsize: 0.03230654601 | 
# 43     F(x): -0.14238743685 |  |Df(x)|: 0.01905928430 |  Stepsize: 0.03261950179 | 
# 44     F(x): -0.14412014470 |  |Df(x)|: 0.01842962985 |  Stepsize: 0.03530631948 | 
# 45     F(x): -0.14578560205 |  |Df(x)|: 0.01729733563 |  Stepsize: 0.03691365918 | 
# 46     F(x): -0.14735600564 |  |Df(x)|: 0.01667956506 |  Stepsize: 0.04050883903 | 
# 47     F(x): -0.14885238437 |  |Df(x)|: 0.01583794105 |  Stepsize: 0.03883530153 | 
# 48     F(x): -0.15027309511 |  |Df(x)|: 0.01495670255 |  Stepsize: 0.04077679120 | 
# 49     F(x): -0.15161864055 |  |Df(x)|: 0.01437895685 |  Stepsize: 0.04218822032 | 
# 50     F(x): -0.15289920387 |  |Df(x)|: 0.01344187544 |  Stepsize: 0.04169458260 | 
# 51     F(x): -0.15410148776 |  |Df(x)|: 0.01371561580 |  Stepsize: 0.04135595431 | 
# 52     F(x): -0.15527072329 |  |Df(x)|: 0.01196315969 |  Stepsize: 0.04265896069 | 
# 53     F(x): -0.15636124919 |  |Df(x)|: 0.01149458285 |  Stepsize: 0.04197029286 | 
# 54     F(x): -0.15738256692 |  |Df(x)|: 0.01224029559 |  Stepsize: 0.05034471899 | 
# 55     F(x): -0.15836301790 |  |Df(x)|: 0.01195491897 |  Stepsize: 0.04471178822 | 
# 56     F(x): -0.15931330713 |  |Df(x)|: 0.01158512983 |  Stepsize: 0.04683317888 | 
# 57     F(x): -0.16023195030 |  |Df(x)|: 0.01108988402 |  Stepsize: 0.03853696092 | 
# 58     F(x): -0.16110007898 |  |Df(x)|: 0.01154713497 |  Stepsize: 0.03422417726 | 
# 59     F(x): -0.16195712208 |  |Df(x)|: 0.01118004081 |  Stepsize: 0.03425839888 | 
# 60     F(x): -0.16277514157 |  |Df(x)|: 0.01134587510 |  Stepsize: 0.03299281901 | 
# 61     F(x): -0.16357928579 |  |Df(x)|: 0.01103920509 |  Stepsize: 0.03622464007 | 
# 62     F(x): -0.16434990583 |  |Df(x)|: 0.01122191812 |  Stepsize: 0.03379767424 | 
# 63     F(x): -0.16510804816 |  |Df(x)|: 0.01092985440 |  Stepsize: 0.03364561110 | 
# 64     F(x): -0.16583361749 |  |Df(x)|: 0.01111732246 |  Stepsize: 0.03417537911 | 
# 65     F(x): -0.16654700045 |  |Df(x)|: 0.01082399974 |  Stepsize: 0.03694043517 | 
# 66     F(x): -0.16722572456 |  |Df(x)|: 0.01117410339 |  Stepsize: 0.03679355133 | 
# 67     F(x): -0.16789565186 |  |Df(x)|: 0.01085049555 |  Stepsize: 0.03870803258 | 
# 68     F(x): -0.16854125951 |  |Df(x)|: 0.01086733319 |  Stepsize: 0.04164893764 | 
# 69     F(x): -0.16917499137 |  |Df(x)|: 0.01047817928 |  Stepsize: 0.03858982550 | 
# 70     F(x): -0.16978856461 |  |Df(x)|: 0.01033195460 |  Stepsize: 0.04432726634 | 
# 71     F(x): -0.17038658420 |  |Df(x)|: 0.00993223203 |  Stepsize: 0.03861141374 | 
# 72     F(x): -0.17096241538 |  |Df(x)|: 0.00963162389 |  Stepsize: 0.04548213796 | 
# 73     F(x): -0.17151846158 |  |Df(x)|: 0.00925679505 |  Stepsize: 0.04891696424 | 
# 74     F(x): -0.17204786897 |  |Df(x)|: 0.00890826243 |  Stepsize: 0.05918902821 | 
# 75     F(x): -0.17254759550 |  |Df(x)|: 0.00948535335 |  Stepsize: 0.05120002188 | 
# 76     F(x): -0.17302522825 |  |Df(x)|: 0.00817829737 |  Stepsize: 0.10558959982 | 
# 77     F(x): -0.17346836618 |  |Df(x)|: 0.00828109013 |  Stepsize: 0.08380318732 | 
# 78     F(x): -0.17390144242 |  |Df(x)|: 0.00720211125 |  Stepsize: 0.11204284565 | 
# 79     F(x): -0.17430604308 |  |Df(x)|: 0.00689896821 |  Stepsize: 0.08582837694 | 
# 80     F(x): -0.17469881101 |  |Df(x)|: 0.00688652184 |  Stepsize: 0.09889968106 | 
# 81     F(x): -0.17508720996 |  |Df(x)|: 0.00645042847 |  Stepsize: 0.07289488388 | 
# 82     F(x): -0.17545010256 |  |Df(x)|: 0.00653219053 |  Stepsize: 0.08097623712 | 
# 83     F(x): -0.17581162053 |  |Df(x)|: 0.00627688774 |  Stepsize: 0.06883058521 | 
# 84     F(x): -0.17615435848 |  |Df(x)|: 0.00606127367 |  Stepsize: 0.07773733391 | 
# 85     F(x): -0.17649062885 |  |Df(x)|: 0.00608099331 |  Stepsize: 0.07076499826 | 
# 86     F(x): -0.17681045554 |  |Df(x)|: 0.00586993981 |  Stepsize: 0.07208936888 | 
# 87     F(x): -0.17712076751 |  |Df(x)|: 0.00623935807 |  Stepsize: 0.07645180969 | 
# 88     F(x): -0.17741861194 |  |Df(x)|: 0.00607034265 |  Stepsize: 0.07533167538 | 
# 89     F(x): -0.17770913895 |  |Df(x)|: 0.00697160464 |  Stepsize: 0.07875314429 | 
# 90     F(x): -0.17799078792 |  |Df(x)|: 0.00679861825 |  Stepsize: 0.08048888996 | 
# 91     F(x): -0.17825840712 |  |Df(x)|: 0.00879214800 |  Stepsize: 0.07109654470 | 
# 92     F(x): -0.17852129581 |  |Df(x)|: 0.00870358942 |  Stepsize: 0.09334925240 | 
# 93     F(x): -0.17880688706 |  |Df(x)|: 0.00815036449 |  Stepsize: 0.08067083407 | 
# 94     F(x): -0.17907604983 |  |Df(x)|: 0.00780300316 |  Stepsize: 0.06833791203 | 
# 95     F(x): -0.17933107900 |  |Df(x)|: 0.00791714179 |  Stepsize: 0.05804668719 | 
# 96     F(x): -0.17959421565 |  |Df(x)|: 0.00764088499 |  Stepsize: 0.08982352215 | 
# 97     F(x): -0.17983678817 |  |Df(x)|: 0.00695734951 |  Stepsize: 0.06240968893 | 
# 98     F(x): -0.18008781521 |  |Df(x)|: 0.00624829246 |  Stepsize: 0.14937943439 | 
# 99     F(x): -0.18031395573 |  |Df(x)|: 0.00563851084 |  Stepsize: 0.11252792100 | 
# 100    F(x): -0.18052426715 |  |Df(x)|: 0.00563490602 |  Stepsize: 0.16717215478 | 
# 101    F(x): -0.18071175609 |  |Df(x)|: 0.00500411363 |  Stepsize: 0.15060122611 | 
# 102    F(x): -0.18091031293 |  |Df(x)|: 0.00449473515 |  Stepsize: 0.22476909724 | 
# 103    F(x): -0.18109680704 |  |Df(x)|: 0.00404930718 |  Stepsize: 0.15887008484 | 
# 104    F(x): -0.18126689993 |  |Df(x)|: 0.00362693525 |  Stepsize: 0.20627145362 | 
# 105    F(x): -0.18142893505 |  |Df(x)|: 0.00451992335 |  Stepsize: 0.20662491239 | 
# 106    F(x): -0.18157594986 |  |Df(x)|: 0.00403305586 |  Stepsize: 0.23464980965 | 
# 107    F(x): -0.18170352654 |  |Df(x)|: 0.00439225341 |  Stepsize: 0.24903040981 | 
# 108    F(x): -0.18183340263 |  |Df(x)|: 0.00395410583 |  Stepsize: 0.31070781449 | 
# 109    F(x): -0.18194807491 |  |Df(x)|: 0.00393292161 |  Stepsize: 0.33235563977 | 
# 110    F(x): -0.18205539401 |  |Df(x)|: 0.00339244118 |  Stepsize: 0.35105519603 | 
# 111    F(x): -0.18216439974 |  |Df(x)|: 0.00390755360 |  Stepsize: 0.35936167366 | 
# 112    F(x): -0.18228100305 |  |Df(x)|: 0.00343968517 |  Stepsize: 0.29883439324 | 
# 113    F(x): -0.18238253063 |  |Df(x)|: 0.00461088579 |  Stepsize: 0.22655245003 | 
# 114    F(x): -0.18250057499 |  |Df(x)|: 0.00404607883 |  Stepsize: 0.32041970181 | 
# 115    F(x): -0.18260476912 |  |Df(x)|: 0.00496897738 |  Stepsize: 0.25843182817 | 
# 116    F(x): -0.18271815894 |  |Df(x)|: 0.00420819381 |  Stepsize: 0.32093854245 | 
# 117    F(x): -0.18282367034 |  |Df(x)|: 0.00444912654 |  Stepsize: 0.31957609409 | 
# 118    F(x): -0.18293482951 |  |Df(x)|: 0.00337300769 |  Stepsize: 0.33646565760 | 
# 119    F(x): -0.18303557595 |  |Df(x)|: 0.00448244646 |  Stepsize: 0.35666946701 | 
# 120    F(x): -0.18313823691 |  |Df(x)|: 0.00343363022 |  Stepsize: 0.46259182653 | 
# 121    F(x): -0.18321474728 |  |Df(x)|: 0.00319623521 |  Stepsize: 0.37788799269 | 
# 122    F(x): -0.18330644099 |  |Df(x)|: 0.00392594687 |  Stepsize: 0.65591835301 | 
# 123    F(x): -0.18338919917 |  |Df(x)|: 0.00339693922 |  Stepsize: 0.39534211584 | 
# 124    F(x): -0.18348776393 |  |Df(x)|: 0.00394091606 |  Stepsize: 0.53199876711 | 
# 125    F(x): -0.18359643932 |  |Df(x)|: 0.00312865821 |  Stepsize: 0.37134324811 | 
# 126    F(x): -0.18370035074 |  |Df(x)|: 0.00293063341 |  Stepsize: 0.51305872226 | 
# 127    F(x): -0.18379559401 |  |Df(x)|: 0.00356283668 |  Stepsize: 0.46254403284 | 
# 128    F(x): -0.18389066581 |  |Df(x)|: 0.00287791047 |  Stepsize: 0.69350846825 | 
# 129    F(x): -0.18396578659 |  |Df(x)|: 0.00464537955 |  Stepsize: 0.60566280726 | 
# 130    F(x): -0.18405404635 |  |Df(x)|: 0.00308528173 |  Stepsize: 0.88511969290 | 
# 131    F(x): -0.18414532844 |  |Df(x)|: 0.00329100417 |  Stepsize: 0.89846682823 | 
# 132    F(x): -0.18422404427 |  |Df(x)|: 0.00315798686 |  Stepsize: 0.61475773087 | 
# 133    F(x): -0.18429341371 |  |Df(x)|: 0.00309885485 |  Stepsize: 0.66890500725 | 
# 134    F(x): -0.18437103736 |  |Df(x)|: 0.00381280190 |  Stepsize: 0.52034847574 | 
# 135    F(x): -0.18443925689 |  |Df(x)|: 0.00321843586 |  Stepsize: 0.42706414116 | 
# 136    F(x): -0.18451123872 |  |Df(x)|: 0.00293982068 |  Stepsize: 0.44366634249 | 
# 137    F(x): -0.18459541278 |  |Df(x)|: 0.00304702117 |  Stepsize: 0.82252195411 | 
# 138    F(x): -0.18466480188 |  |Df(x)|: 0.00297479956 |  Stepsize: 0.86326199254 | 
# 139    F(x): -0.18473972964 |  |Df(x)|: 0.00408262104 |  Stepsize: 0.71710545169 | 
# 140    F(x): -0.18482611880 |  |Df(x)|: 0.00284563797 |  Stepsize: 0.81166034574 | 
# 141    F(x): -0.18489423936 |  |Df(x)|: 0.00329632529 |  Stepsize: 0.96243111150 | 
# 142    F(x): -0.18493764276 |  |Df(x)|: 0.00445762304 |  Stepsize: 0.78787371392 | 
# 143    F(x): -0.18497890804 |  |Df(x)|: 0.00285561696 |  Stepsize: 1.00000000000 | 
# 144    F(x): -0.18501811158 |  |Df(x)|: 0.00295622762 |  Stepsize: 1.00000000000 | 
# 145    F(x): -0.18505536518 |  |Df(x)|: 0.00255685692 |  Stepsize: 1.00000000000 | 
# 146    F(x): -0.18508904117 |  |Df(x)|: 0.00233974103 |  Stepsize: 1.00000000000 | 
# 147    F(x): -0.18512178963 |  |Df(x)|: 0.00189510220 |  Stepsize: 1.00000000000 | 
# 148    F(x): -0.18515030897 |  |Df(x)|: 0.00245239619 |  Stepsize: 1.00000000000 | 
# 149    F(x): -0.18518227760 |  |Df(x)|: 0.00170411075 |  Stepsize: 1.00000000000 | 
# 150    F(x): -0.18521034263 |  |Df(x)|: 0.00180288021 |  Stepsize: 1.00000000000 | 
At iteration 150 the algorithm reached its maximal number of iterations (150).
after: zeta = 10.0, f = -0.03664944588966771, pen = 0.0054765994015370766, alm = -0.18954328507881266, z = 0.03664944588966771
cur_pen: 0.07400404989956344 < 1.0e-5, norm_vgl: 0.04928583756887821<1.0e-5
Initial  F(x): -0.05262830004 | 
# 1      F(x): -0.06097022519 |  |Df(x)|: 0.07650997082 |  Stepsize: 0.70443668678 | 
# 2      F(x): -0.06639431263 |  |Df(x)|: 0.05763733592 |  Stepsize: 0.99978465675 | 
# 3      F(x): -0.07064277467 |  |Df(x)|: 0.05142074152 |  Stepsize: 0.44899724556 | 
# 4      F(x): -0.07436581618 |  |Df(x)|: 0.04710271627 |  Stepsize: 0.23028544747 | 
# 5      F(x): -0.07770265877 |  |Df(x)|: 0.04357855732 |  Stepsize: 0.14232538493 | 
# 6      F(x): -0.08071463134 |  |Df(x)|: 0.03953756950 |  Stepsize: 0.10763995679 | 
# 7      F(x): -0.08343093089 |  |Df(x)|: 0.03612482005 |  Stepsize: 0.10153480603 | 
# 8      F(x): -0.08586438250 |  |Df(x)|: 0.03272965258 |  Stepsize: 0.09626980642 | 
# 9      F(x): -0.08807173599 |  |Df(x)|: 0.02950610537 |  Stepsize: 0.09636920563 | 
# 10     F(x): -0.09003322814 |  |Df(x)|: 0.02662733232 |  Stepsize: 0.09686546950 | 
# 11     F(x): -0.09181546586 |  |Df(x)|: 0.02367751788 |  Stepsize: 0.09706709051 | 
# 12     F(x): -0.09339539850 |  |Df(x)|: 0.02134244792 |  Stepsize: 0.10470826715 | 
# 13     F(x): -0.09481859433 |  |Df(x)|: 0.01891055793 |  Stepsize: 0.10386199685 | 
# 14     F(x): -0.09608698041 |  |Df(x)|: 0.01694381462 |  Stepsize: 0.10777830516 | 
# 15     F(x): -0.09721671984 |  |Df(x)|: 0.01510041459 |  Stepsize: 0.11707487639 | 
# 16     F(x): -0.09821969738 |  |Df(x)|: 0.01381247166 |  Stepsize: 0.12157678808 | 
# 17     F(x): -0.09911174068 |  |Df(x)|: 0.01248431082 |  Stepsize: 0.12791779003 | 
# 18     F(x): -0.09989784849 |  |Df(x)|: 0.01176424603 |  Stepsize: 0.13908276708 | 
# 19     F(x): -0.10059372859 |  |Df(x)|: 0.01124446935 |  Stepsize: 0.14561337829 | 
# 20     F(x): -0.10120691778 |  |Df(x)|: 0.01075693464 |  Stepsize: 0.16264279382 | 
# 21     F(x): -0.10174484188 |  |Df(x)|: 0.01068756268 |  Stepsize: 0.16695593029 | 
# 22     F(x): -0.10222670129 |  |Df(x)|: 0.01068124737 |  Stepsize: 0.19516055545 | 
# 23     F(x): -0.10264373614 |  |Df(x)|: 0.00963820733 |  Stepsize: 0.19948166816 | 
# 24     F(x): -0.10303305509 |  |Df(x)|: 0.01258602228 |  Stepsize: 0.22322287779 | 
# 25     F(x): -0.10337142639 |  |Df(x)|: 0.01017573178 |  Stepsize: 0.24024362548 | 
# 26     F(x): -0.10369670108 |  |Df(x)|: 0.01195504680 |  Stepsize: 0.30879673140 | 
# 27     F(x): -0.10402906810 |  |Df(x)|: 0.00960179345 |  Stepsize: 0.27795571426 | 
# 28     F(x): -0.10435455027 |  |Df(x)|: 0.00790044495 |  Stepsize: 0.35848916051 | 
# 29     F(x): -0.10467040562 |  |Df(x)|: 0.00734918406 |  Stepsize: 0.35408277687 | 
# 30     F(x): -0.10495489847 |  |Df(x)|: 0.00624494813 |  Stepsize: 0.44258245398 | 
# 31     F(x): -0.10519228375 |  |Df(x)|: 0.00666318553 |  Stepsize: 0.55330012830 | 
# 32     F(x): -0.10539185001 |  |Df(x)|: 0.00708605337 |  Stepsize: 0.71124682223 | 
# 33     F(x): -0.10556629546 |  |Df(x)|: 0.00699337505 |  Stepsize: 0.88211300312 | 
# 34     F(x): -0.10576292748 |  |Df(x)|: 0.00556593749 |  Stepsize: 1.00000000000 | 
# 35     F(x): -0.10595752586 |  |Df(x)|: 0.00616152227 |  Stepsize: 0.90230169941 | 
# 36     F(x): -0.10610774715 |  |Df(x)|: 0.00632308944 |  Stepsize: 0.74918454030 | 
# 37     F(x): -0.10624497370 |  |Df(x)|: 0.00518241125 |  Stepsize: 1.00000000000 | 
# 38     F(x): -0.10639548986 |  |Df(x)|: 0.00535902347 |  Stepsize: 0.71339455566 | 
# 39     F(x): -0.10654127346 |  |Df(x)|: 0.00515250332 |  Stepsize: 0.63237940529 | 
# 40     F(x): -0.10667478343 |  |Df(x)|: 0.00523876809 |  Stepsize: 0.70031613850 | 
# 41     F(x): -0.10679869461 |  |Df(x)|: 0.00491583823 |  Stepsize: 0.64122794731 | 
# 42     F(x): -0.10691596068 |  |Df(x)|: 0.00486898113 |  Stepsize: 0.66846155641 | 
# 43     F(x): -0.10703736053 |  |Df(x)|: 0.00463919227 |  Stepsize: 0.74108556394 | 
# 44     F(x): -0.10715404823 |  |Df(x)|: 0.00493129414 |  Stepsize: 0.87906386307 | 
# 45     F(x): -0.10726912725 |  |Df(x)|: 0.00586431669 |  Stepsize: 0.90380400903 | 
# 46     F(x): -0.10737834462 |  |Df(x)|: 0.00587809803 |  Stepsize: 1.00000000000 | 
# 47     F(x): -0.10747077796 |  |Df(x)|: 0.00621725874 |  Stepsize: 1.00000000000 | 
# 48     F(x): -0.10755583525 |  |Df(x)|: 0.00443884549 |  Stepsize: 1.00000000000 | 
# 49     F(x): -0.10765681250 |  |Df(x)|: 0.00465021162 |  Stepsize: 0.90018456489 | 
# 50     F(x): -0.10775282777 |  |Df(x)|: 0.00563378406 |  Stepsize: 0.74066256087 | 
# 51     F(x): -0.10784780630 |  |Df(x)|: 0.00431954459 |  Stepsize: 1.00000000000 | 
# 52     F(x): -0.10794054060 |  |Df(x)|: 0.00458375154 |  Stepsize: 1.00000000000 | 
# 53     F(x): -0.10802159584 |  |Df(x)|: 0.00588801523 |  Stepsize: 1.00000000000 | 
# 54     F(x): -0.10809503405 |  |Df(x)|: 0.00406845760 |  Stepsize: 1.00000000000 | 
# 55     F(x): -0.10816266898 |  |Df(x)|: 0.00532504506 |  Stepsize: 1.00000000000 | 
# 56     F(x): -0.10823141591 |  |Df(x)|: 0.00475110697 |  Stepsize: 1.00000000000 | 
# 57     F(x): -0.10830259911 |  |Df(x)|: 0.00400691578 |  Stepsize: 1.00000000000 | 
# 58     F(x): -0.10837765076 |  |Df(x)|: 0.00360272400 |  Stepsize: 1.00000000000 | 
# 59     F(x): -0.10843678708 |  |Df(x)|: 0.00507046728 |  Stepsize: 1.00000000000 | 
# 60     F(x): -0.10849878555 |  |Df(x)|: 0.00322456285 |  Stepsize: 1.00000000000 | 
# 61     F(x): -0.10854833108 |  |Df(x)|: 0.00316661476 |  Stepsize: 1.00000000000 | 
# 62     F(x): -0.10860066873 |  |Df(x)|: 0.00396788062 |  Stepsize: 1.00000000000 | 
# 63     F(x): -0.10865092271 |  |Df(x)|: 0.00455168527 |  Stepsize: 1.00000000000 | 
# 64     F(x): -0.10870239042 |  |Df(x)|: 0.00298220279 |  Stepsize: 1.00000000000 | 
# 65     F(x): -0.10875723865 |  |Df(x)|: 0.00339324041 |  Stepsize: 1.00000000000 | 
# 66     F(x): -0.10879949471 |  |Df(x)|: 0.00506697798 |  Stepsize: 1.00000000000 | 
# 67     F(x): -0.10885146866 |  |Df(x)|: 0.00318794047 |  Stepsize: 1.00000000000 | 
# 68     F(x): -0.10890797483 |  |Df(x)|: 0.00300398833 |  Stepsize: 1.00000000000 | 
# 69     F(x): -0.10894151177 |  |Df(x)|: 0.00404335513 |  Stepsize: 1.00000000000 | 
# 70     F(x): -0.10898355224 |  |Df(x)|: 0.00309210734 |  Stepsize: 1.00000000000 | 
# 71     F(x): -0.10902799466 |  |Df(x)|: 0.00485036152 |  Stepsize: 0.98735050299 | 
# 72     F(x): -0.10905904550 |  |Df(x)|: 0.00433238686 |  Stepsize: 1.00000000000 | 
# 73     F(x): -0.10908344319 |  |Df(x)|: 0.00302648069 |  Stepsize: 1.00000000000 | 
# 74     F(x): -0.10912463690 |  |Df(x)|: 0.00270358369 |  Stepsize: 1.00000000000 | 
# 75     F(x): -0.10915415763 |  |Df(x)|: 0.00278494401 |  Stepsize: 1.00000000000 | 
# 76     F(x): -0.10918237644 |  |Df(x)|: 0.00484365655 |  Stepsize: 0.86744461070 | 
# 77     F(x): -0.10921682194 |  |Df(x)|: 0.00248454387 |  Stepsize: 1.00000000000 | 
# 78     F(x): -0.10924143792 |  |Df(x)|: 0.00254338751 |  Stepsize: 1.00000000000 | 
# 79     F(x): -0.10926749347 |  |Df(x)|: 0.00276005175 |  Stepsize: 1.00000000000 | 
# 80     F(x): -0.10929768442 |  |Df(x)|: 0.00524425758 |  Stepsize: 0.89059748716 | 
# 81     F(x): -0.10933339333 |  |Df(x)|: 0.00254808972 |  Stepsize: 1.00000000000 | 
# 82     F(x): -0.10935143270 |  |Df(x)|: 0.00190589381 |  Stepsize: 1.00000000000 | 
# 83     F(x): -0.10937410358 |  |Df(x)|: 0.00240075601 |  Stepsize: 1.00000000000 | 
# 84     F(x): -0.10939358369 |  |Df(x)|: 0.00423434884 |  Stepsize: 1.00000000000 | 
# 85     F(x): -0.10941965435 |  |Df(x)|: 0.00226717935 |  Stepsize: 1.00000000000 | 
# 86     F(x): -0.10944230196 |  |Df(x)|: 0.00198734215 |  Stepsize: 1.00000000000 | 
# 87     F(x): -0.10945918604 |  |Df(x)|: 0.00223918527 |  Stepsize: 1.00000000000 | 
# 88     F(x): -0.10947951506 |  |Df(x)|: 0.00507460566 |  Stepsize: 0.98734257706 | 
# 89     F(x): -0.10951033717 |  |Df(x)|: 0.00209629961 |  Stepsize: 1.00000000000 | 
# 90     F(x): -0.10952523630 |  |Df(x)|: 0.00179531733 |  Stepsize: 1.00000000000 | 
# 91     F(x): -0.10954856452 |  |Df(x)|: 0.00232897096 |  Stepsize: 1.00000000000 | 
# 92     F(x): -0.10957012056 |  |Df(x)|: 0.00399784942 |  Stepsize: 1.00000000000 | 
# 93     F(x): -0.10959705694 |  |Df(x)|: 0.00258547526 |  Stepsize: 1.00000000000 | 
# 94     F(x): -0.10962172126 |  |Df(x)|: 0.00227616623 |  Stepsize: 1.00000000000 | 
# 95     F(x): -0.10963753834 |  |Df(x)|: 0.00281409925 |  Stepsize: 1.00000000000 | 
# 96     F(x): -0.10965921926 |  |Df(x)|: 0.00359734644 |  Stepsize: 1.00000000000 | 
# 97     F(x): -0.10968284857 |  |Df(x)|: 0.00324279546 |  Stepsize: 1.00000000000 | 
# 98     F(x): -0.10969818965 |  |Df(x)|: 0.00192505221 |  Stepsize: 1.00000000000 | 
# 99     F(x): -0.10971292293 |  |Df(x)|: 0.00200569318 |  Stepsize: 1.00000000000 | 
# 100    F(x): -0.10973329472 |  |Df(x)|: 0.00279979434 |  Stepsize: 1.00000000000 | 
# 101    F(x): -0.10975700285 |  |Df(x)|: 0.00364983086 |  Stepsize: 1.00000000000 | 
# 102    F(x): -0.10978047257 |  |Df(x)|: 0.00230006432 |  Stepsize: 1.00000000000 | 
# 103    F(x): -0.10979838833 |  |Df(x)|: 0.00229692221 |  Stepsize: 1.00000000000 | 
# 104    F(x): -0.10982072542 |  |Df(x)|: 0.00330807395 |  Stepsize: 1.00000000000 | 
# 105    F(x): -0.10984553413 |  |Df(x)|: 0.00229686335 |  Stepsize: 1.00000000000 | 
# 106    F(x): -0.10987403421 |  |Df(x)|: 0.00210738414 |  Stepsize: 1.00000000000 | 
# 107    F(x): -0.10989146339 |  |Df(x)|: 0.00247223090 |  Stepsize: 1.00000000000 | 
# 108    F(x): -0.10992143026 |  |Df(x)|: 0.00263083826 |  Stepsize: 1.00000000000 | 
# 109    F(x): -0.10993912330 |  |Df(x)|: 0.00504276514 |  Stepsize: 1.00000000000 | 
# 110    F(x): -0.10996742489 |  |Df(x)|: 0.00241407328 |  Stepsize: 1.00000000000 | 
# 111    F(x): -0.10998522678 |  |Df(x)|: 0.00252743048 |  Stepsize: 1.00000000000 | 
# 112    F(x): -0.11000582259 |  |Df(x)|: 0.00284204954 |  Stepsize: 1.00000000000 | 
# 113    F(x): -0.11003416691 |  |Df(x)|: 0.00324658822 |  Stepsize: 1.00000000000 | 
# 114    F(x): -0.11006547067 |  |Df(x)|: 0.00207503745 |  Stepsize: 1.00000000000 | 
# 115    F(x): -0.11008535977 |  |Df(x)|: 0.00252053841 |  Stepsize: 1.00000000000 | 
# 116    F(x): -0.11010939341 |  |Df(x)|: 0.00243812121 |  Stepsize: 1.00000000000 | 
# 117    F(x): -0.11013369664 |  |Df(x)|: 0.00236427117 |  Stepsize: 1.00000000000 | 
# 118    F(x): -0.11015553091 |  |Df(x)|: 0.00247405780 |  Stepsize: 1.00000000000 | 
# 119    F(x): -0.11017571997 |  |Df(x)|: 0.00224231932 |  Stepsize: 1.00000000000 | 
# 120    F(x): -0.11019858130 |  |Df(x)|: 0.00218317751 |  Stepsize: 1.00000000000 | 
# 121    F(x): -0.11021855246 |  |Df(x)|: 0.00395528971 |  Stepsize: 1.00000000000 | 
# 122    F(x): -0.11023724206 |  |Df(x)|: 0.00252722298 |  Stepsize: 1.00000000000 | 
# 123    F(x): -0.11024961613 |  |Df(x)|: 0.00411800956 |  Stepsize: 1.00000000000 | 
# 124    F(x): -0.11027256378 |  |Df(x)|: 0.00252498049 |  Stepsize: 1.00000000000 | 
# 125    F(x): -0.11029145009 |  |Df(x)|: 0.00192178403 |  Stepsize: 1.00000000000 | 
# 126    F(x): -0.11031237161 |  |Df(x)|: 0.00239923458 |  Stepsize: 1.00000000000 | 
# 127    F(x): -0.11034283949 |  |Df(x)|: 0.00311995740 |  Stepsize: 1.00000000000 | 
# 128    F(x): -0.11036646524 |  |Df(x)|: 0.00323865195 |  Stepsize: 0.76154228774 | 
# 129    F(x): -0.11038923081 |  |Df(x)|: 0.00206949019 |  Stepsize: 1.00000000000 | 
# 130    F(x): -0.11041480742 |  |Df(x)|: 0.00255968580 |  Stepsize: 1.00000000000 | 
# 131    F(x): -0.11043686421 |  |Df(x)|: 0.00256963123 |  Stepsize: 1.00000000000 | 
# 132    F(x): -0.11046623328 |  |Df(x)|: 0.00340080203 |  Stepsize: 0.81920788950 | 
# 133    F(x): -0.11049307560 |  |Df(x)|: 0.00243747856 |  Stepsize: 1.00000000000 | 
# 134    F(x): -0.11051089812 |  |Df(x)|: 0.00215004433 |  Stepsize: 1.00000000000 | 
# 135    F(x): -0.11053458416 |  |Df(x)|: 0.00248556098 |  Stepsize: 1.00000000000 | 
# 136    F(x): -0.11055060870 |  |Df(x)|: 0.00451659359 |  Stepsize: 1.00000000000 | 
# 137    F(x): -0.11057875694 |  |Df(x)|: 0.00187475139 |  Stepsize: 1.00000000000 | 
# 138    F(x): -0.11059588088 |  |Df(x)|: 0.00177839528 |  Stepsize: 1.00000000000 | 
# 139    F(x): -0.11061155109 |  |Df(x)|: 0.00246862269 |  Stepsize: 1.00000000000 | 
# 140    F(x): -0.11062903674 |  |Df(x)|: 0.00280043626 |  Stepsize: 0.61559181843 | 
# 141    F(x): -0.11065299490 |  |Df(x)|: 0.00247437496 |  Stepsize: 1.00000000000 | 
# 142    F(x): -0.11067240466 |  |Df(x)|: 0.00204179674 |  Stepsize: 1.00000000000 | 
# 143    F(x): -0.11068641779 |  |Df(x)|: 0.00210312226 |  Stepsize: 1.00000000000 | 
# 144    F(x): -0.11070298700 |  |Df(x)|: 0.00213107500 |  Stepsize: 1.00000000000 | 
# 145    F(x): -0.11072360234 |  |Df(x)|: 0.00291035419 |  Stepsize: 1.00000000000 | 
# 146    F(x): -0.11074006684 |  |Df(x)|: 0.00257584594 |  Stepsize: 1.00000000000 | 
# 147    F(x): -0.11075239054 |  |Df(x)|: 0.00184745964 |  Stepsize: 1.00000000000 | 
# 148    F(x): -0.11076452498 |  |Df(x)|: 0.00180695795 |  Stepsize: 1.00000000000 | 
# 149    F(x): -0.11078301247 |  |Df(x)|: 0.00225652719 |  Stepsize: 1.00000000000 | 
# 150    F(x): -0.11079794291 |  |Df(x)|: 0.00252711577 |  Stepsize: 1.00000000000 | 
At iteration 150 the algorithm reached its maximal number of iterations (150).
after: zeta = 25.0, f = -0.034460390725529144, pen = 0.001491101906853685, alm = -0.11091399824989057, z = 0.034460390725529144
cur_pen: 0.03861478870657827 < 1.0e-5, norm_vgl: 0.040114085056456784<1.0e-5
Initial  F(x): -0.01772012907 | 
# 1      F(x): -0.02280149321 |  |Df(x)|: 0.06317936250 |  Stepsize: 1.00000000000 | 
# 2      F(x): -0.02849878541 |  |Df(x)|: 0.05468681049 |  Stepsize: 0.22116200262 | 
# 3      F(x): -0.03335722011 |  |Df(x)|: 0.05218863742 |  Stepsize: 0.12775243231 | 
# 4      F(x): -0.03777820756 |  |Df(x)|: 0.04407812477 |  Stepsize: 0.12047630482 | 
# 5      F(x): -0.04150420867 |  |Df(x)|: 0.04167265119 |  Stepsize: 0.12616504464 | 
# 6      F(x): -0.04479491409 |  |Df(x)|: 0.03558623937 |  Stepsize: 0.12343154619 | 
# 7      F(x): -0.04756254072 |  |Df(x)|: 0.03250883136 |  Stepsize: 0.14573316832 | 
# 8      F(x): -0.04991472323 |  |Df(x)|: 0.02790605039 |  Stepsize: 0.15548020652 | 
# 9      F(x): -0.05185823447 |  |Df(x)|: 0.02516809426 |  Stepsize: 0.18324159087 | 
# 10     F(x): -0.05344380128 |  |Df(x)|: 0.02395635990 |  Stepsize: 0.19662282756 | 
# 11     F(x): -0.05475344592 |  |Df(x)|: 0.02010910840 |  Stepsize: 0.23687527805 | 
# 12     F(x): -0.05576563598 |  |Df(x)|: 0.02272842034 |  Stepsize: 0.26652521861 | 
# 13     F(x): -0.05663479484 |  |Df(x)|: 0.01763516680 |  Stepsize: 0.32257678096 | 
# 14     F(x): -0.05733671592 |  |Df(x)|: 0.01960666965 |  Stepsize: 0.39419937829 | 
# 15     F(x): -0.05796124278 |  |Df(x)|: 0.01497888276 |  Stepsize: 0.37582996126 | 
# 16     F(x): -0.05848992700 |  |Df(x)|: 0.01407216727 |  Stepsize: 0.55692993503 | 
# 17     F(x): -0.05891173176 |  |Df(x)|: 0.01496825793 |  Stepsize: 0.63846136464 | 
# 18     F(x): -0.05923508097 |  |Df(x)|: 0.01415658221 |  Stepsize: 1.00000000000 | 
# 19     F(x): -0.05946205795 |  |Df(x)|: 0.01044414815 |  Stepsize: 1.00000000000 | 
# 20     F(x): -0.05963353419 |  |Df(x)|: 0.00797349100 |  Stepsize: 1.00000000000 | 
# 21     F(x): -0.05977191240 |  |Df(x)|: 0.01346568526 |  Stepsize: 1.00000000000 | 
# 22     F(x): -0.05992921162 |  |Df(x)|: 0.00680036064 |  Stepsize: 1.00000000000 | 
# 23     F(x): -0.06002714183 |  |Df(x)|: 0.00629022332 |  Stepsize: 1.00000000000 | 
# 24     F(x): -0.06010137330 |  |Df(x)|: 0.01187120023 |  Stepsize: 1.00000000000 | 
# 25     F(x): -0.06019497532 |  |Df(x)|: 0.00589009727 |  Stepsize: 1.00000000000 | 
# 26     F(x): -0.06027672597 |  |Df(x)|: 0.00592076464 |  Stepsize: 1.00000000000 | 
# 27     F(x): -0.06034864617 |  |Df(x)|: 0.00853822368 |  Stepsize: 1.00000000000 | 
# 28     F(x): -0.06042343671 |  |Df(x)|: 0.00864724507 |  Stepsize: 1.00000000000 | 
# 29     F(x): -0.06048817952 |  |Df(x)|: 0.00630084540 |  Stepsize: 1.00000000000 | 
# 30     F(x): -0.06054523490 |  |Df(x)|: 0.00592974936 |  Stepsize: 1.00000000000 | 
# 31     F(x): -0.06061123678 |  |Df(x)|: 0.00772109063 |  Stepsize: 1.00000000000 | 
# 32     F(x): -0.06068112869 |  |Df(x)|: 0.00853345967 |  Stepsize: 1.00000000000 | 
# 33     F(x): -0.06073820276 |  |Df(x)|: 0.00576743960 |  Stepsize: 1.00000000000 | 
# 34     F(x): -0.06079541235 |  |Df(x)|: 0.00593885478 |  Stepsize: 1.00000000000 | 
# 35     F(x): -0.06084516799 |  |Df(x)|: 0.00840355384 |  Stepsize: 1.00000000000 | 
# 36     F(x): -0.06090737192 |  |Df(x)|: 0.00561788396 |  Stepsize: 1.00000000000 | 
# 37     F(x): -0.06095658200 |  |Df(x)|: 0.00611822498 |  Stepsize: 1.00000000000 | 
# 38     F(x): -0.06100439413 |  |Df(x)|: 0.00595066286 |  Stepsize: 1.00000000000 | 
# 39     F(x): -0.06104813776 |  |Df(x)|: 0.00560965817 |  Stepsize: 1.00000000000 | 
# 40     F(x): -0.06109567372 |  |Df(x)|: 0.00636810064 |  Stepsize: 1.00000000000 | 
# 41     F(x): -0.06113330716 |  |Df(x)|: 0.00474590177 |  Stepsize: 1.00000000000 | 
# 42     F(x): -0.06116596762 |  |Df(x)|: 0.00483120909 |  Stepsize: 1.00000000000 | 
# 43     F(x): -0.06120237330 |  |Df(x)|: 0.00788595083 |  Stepsize: 1.00000000000 | 
# 44     F(x): -0.06123865032 |  |Df(x)|: 0.00488880180 |  Stepsize: 1.00000000000 | 
# 45     F(x): -0.06126337470 |  |Df(x)|: 0.00408795427 |  Stepsize: 1.00000000000 | 
# 46     F(x): -0.06130455897 |  |Df(x)|: 0.00497934578 |  Stepsize: 1.00000000000 | 
# 47     F(x): -0.06132164459 |  |Df(x)|: 0.00959490279 |  Stepsize: 1.00000000000 | 
# 48     F(x): -0.06135286443 |  |Df(x)|: 0.00428836736 |  Stepsize: 1.00000000000 | 
# 49     F(x): -0.06137643048 |  |Df(x)|: 0.00342508359 |  Stepsize: 1.00000000000 | 
# 50     F(x): -0.06139583070 |  |Df(x)|: 0.00402855603 |  Stepsize: 1.00000000000 | 
# 51     F(x): -0.06143368926 |  |Df(x)|: 0.00439144674 |  Stepsize: 1.00000000000 | 
# 52     F(x): -0.06144028647 |  |Df(x)|: 0.01002709803 |  Stepsize: 0.50000000000 | 
At iteration 52 the algorithm performed a step with an absolute cost change (6.597204554877056e-6) less than 1.0e-5.after: zeta = 62.5, f = -0.04019142194275411, pen = 0.0002815829818659606, alm = -0.06342893155098443, z = 0.04019142194275411
cur_pen: 0.01678043449574416 < 1.0e-5, norm_vgl: 0.032790132070508654<1.0e-5
Initial  F(x): -0.05638935700 | 
# 1      F(x): -0.05766039486 |  |Df(x)|: 0.01992054129 |  Stepsize: 1.00000000000 | 
# 2      F(x): -0.05800844678 |  |Df(x)|: 0.01280913870 |  Stepsize: 1.00000000000 | 
# 3      F(x): -0.05811443647 |  |Df(x)|: 0.00610348760 |  Stepsize: 1.00000000000 | 
# 4      F(x): -0.05820518609 |  |Df(x)|: 0.00540667059 |  Stepsize: 1.00000000000 | 
# 5      F(x): -0.05836306138 |  |Df(x)|: 0.00646513756 |  Stepsize: 1.00000000000 | 
# 6      F(x): -0.05851760623 |  |Df(x)|: 0.01032886634 |  Stepsize: 1.00000000000 | 
# 7      F(x): -0.05868166537 |  |Df(x)|: 0.00728838112 |  Stepsize: 1.00000000000 | 
# 8      F(x): -0.05880433294 |  |Df(x)|: 0.00509397337 |  Stepsize: 1.00000000000 | 
# 9      F(x): -0.05895733612 |  |Df(x)|: 0.00698018020 |  Stepsize: 1.00000000000 | 
# 10     F(x): -0.05903076520 |  |Df(x)|: 0.00876430088 |  Stepsize: 1.00000000000 | 
# 11     F(x): -0.05910349697 |  |Df(x)|: 0.00473777282 |  Stepsize: 1.00000000000 | 
# 12     F(x): -0.05916211734 |  |Df(x)|: 0.00344405508 |  Stepsize: 1.00000000000 | 
# 13     F(x): -0.05919171484 |  |Df(x)|: 0.00386872629 |  Stepsize: 1.00000000000 | 
# 14     F(x): -0.05924795897 |  |Df(x)|: 0.00649608720 |  Stepsize: 1.00000000000 | 
# 15     F(x): -0.05929076138 |  |Df(x)|: 0.00435985634 |  Stepsize: 1.00000000000 | 
# 16     F(x): -0.05931313051 |  |Df(x)|: 0.00267056983 |  Stepsize: 1.00000000000 | 
# 17     F(x): -0.05933700123 |  |Df(x)|: 0.00259487398 |  Stepsize: 1.00000000000 | 
# 18     F(x): -0.05936273688 |  |Df(x)|: 0.00330019077 |  Stepsize: 1.00000000000 | 
# 19     F(x): -0.05939514786 |  |Df(x)|: 0.00533461731 |  Stepsize: 1.00000000000 | 
# 20     F(x): -0.05942549980 |  |Df(x)|: 0.00321778757 |  Stepsize: 1.00000000000 | 
# 21     F(x): -0.05944432681 |  |Df(x)|: 0.00234379039 |  Stepsize: 1.00000000000 | 
# 22     F(x): -0.05946919832 |  |Df(x)|: 0.00266796923 |  Stepsize: 1.00000000000 | 
# 23     F(x): -0.05949260001 |  |Df(x)|: 0.00392972201 |  Stepsize: 1.00000000000 | 
# 24     F(x): -0.05951982348 |  |Df(x)|: 0.00294493890 |  Stepsize: 1.00000000000 | 
# 25     F(x): -0.05954544806 |  |Df(x)|: 0.00254546464 |  Stepsize: 1.00000000000 | 
# 26     F(x): -0.05956748129 |  |Df(x)|: 0.00282187295 |  Stepsize: 1.00000000000 | 
# 27     F(x): -0.05959150740 |  |Df(x)|: 0.00321836970 |  Stepsize: 1.00000000000 | 
# 28     F(x): -0.05961527437 |  |Df(x)|: 0.00338779524 |  Stepsize: 1.00000000000 | 
# 29     F(x): -0.05963504245 |  |Df(x)|: 0.00244007437 |  Stepsize: 1.00000000000 | 
# 30     F(x): -0.05965325270 |  |Df(x)|: 0.00316631227 |  Stepsize: 1.00000000000 | 
# 31     F(x): -0.05967274202 |  |Df(x)|: 0.00375747081 |  Stepsize: 1.00000000000 | 
# 32     F(x): -0.05969761027 |  |Df(x)|: 0.00265712467 |  Stepsize: 1.00000000000 | 
# 33     F(x): -0.05972486559 |  |Df(x)|: 0.00263630940 |  Stepsize: 1.00000000000 | 
# 34     F(x): -0.05974034368 |  |Df(x)|: 0.00344377907 |  Stepsize: 1.00000000000 | 
# 35     F(x): -0.05975882024 |  |Df(x)|: 0.00268647771 |  Stepsize: 1.00000000000 | 
# 36     F(x): -0.05979002081 |  |Df(x)|: 0.00315081691 |  Stepsize: 1.00000000000 | 
# 37     F(x): -0.05980674497 |  |Df(x)|: 0.00429199154 |  Stepsize: 1.00000000000 | 
# 38     F(x): -0.05982477999 |  |Df(x)|: 0.00280710083 |  Stepsize: 1.00000000000 | 
# 39     F(x): -0.05985788467 |  |Df(x)|: 0.00223261959 |  Stepsize: 1.00000000000 | 
# 40     F(x): -0.05987688102 |  |Df(x)|: 0.00252930930 |  Stepsize: 1.00000000000 | 
# 41     F(x): -0.05990105465 |  |Df(x)|: 0.00545956062 |  Stepsize: 0.70112777916 | 
# 42     F(x): -0.05993415763 |  |Df(x)|: 0.00230537254 |  Stepsize: 1.00000000000 | 
# 43     F(x): -0.05995005187 |  |Df(x)|: 0.00241159587 |  Stepsize: 1.00000000000 | 
# 44     F(x): -0.05997055584 |  |Df(x)|: 0.00306724292 |  Stepsize: 1.00000000000 | 
# 45     F(x): -0.05999481319 |  |Df(x)|: 0.00280680355 |  Stepsize: 1.00000000000 | 
# 46     F(x): -0.06002159359 |  |Df(x)|: 0.00229258197 |  Stepsize: 1.00000000000 | 
# 47     F(x): -0.06004193465 |  |Df(x)|: 0.00306277061 |  Stepsize: 1.00000000000 | 
# 48     F(x): -0.06006282056 |  |Df(x)|: 0.00248299362 |  Stepsize: 1.00000000000 | 
# 49     F(x): -0.06008506044 |  |Df(x)|: 0.00232673774 |  Stepsize: 1.00000000000 | 
# 50     F(x): -0.06010657327 |  |Df(x)|: 0.00343988426 |  Stepsize: 1.00000000000 | 
# 51     F(x): -0.06012663728 |  |Df(x)|: 0.00236665143 |  Stepsize: 1.00000000000 | 
# 52     F(x): -0.06014326596 |  |Df(x)|: 0.00215639763 |  Stepsize: 1.00000000000 | 
# 53     F(x): -0.06016761767 |  |Df(x)|: 0.00320891877 |  Stepsize: 1.00000000000 | 
# 54     F(x): -0.06018436060 |  |Df(x)|: 0.00312218060 |  Stepsize: 0.73696795674 | 
# 55     F(x): -0.06020031859 |  |Df(x)|: 0.00204009636 |  Stepsize: 1.00000000000 | 
# 56     F(x): -0.06022128611 |  |Df(x)|: 0.00211851745 |  Stepsize: 1.00000000000 | 
# 57     F(x): -0.06023491864 |  |Df(x)|: 0.00278929805 |  Stepsize: 1.00000000000 | 
# 58     F(x): -0.06025549455 |  |Df(x)|: 0.00232311777 |  Stepsize: 1.00000000000 | 
# 59     F(x): -0.06027067126 |  |Df(x)|: 0.00325831980 |  Stepsize: 1.00000000000 | 
# 60     F(x): -0.06028703497 |  |Df(x)|: 0.00202409372 |  Stepsize: 1.00000000000 | 
# 61     F(x): -0.06030119153 |  |Df(x)|: 0.00205731006 |  Stepsize: 1.00000000000 | 
# 62     F(x): -0.06032158488 |  |Df(x)|: 0.00242505594 |  Stepsize: 1.00000000000 | 
# 63     F(x): -0.06033572854 |  |Df(x)|: 0.00418465491 |  Stepsize: 0.81309174944 | 
# 64     F(x): -0.06035645427 |  |Df(x)|: 0.00211222265 |  Stepsize: 1.00000000000 | 
# 65     F(x): -0.06037293550 |  |Df(x)|: 0.00192927366 |  Stepsize: 1.00000000000 | 
# 66     F(x): -0.06038697304 |  |Df(x)|: 0.00229680762 |  Stepsize: 1.00000000000 | 
# 67     F(x): -0.06039964996 |  |Df(x)|: 0.00492741941 |  Stepsize: 0.91897685251 | 
# 68     F(x): -0.06042133721 |  |Df(x)|: 0.00197811442 |  Stepsize: 1.00000000000 | 
# 69     F(x): -0.06043351347 |  |Df(x)|: 0.00183782952 |  Stepsize: 1.00000000000 | 
# 70     F(x): -0.06044820979 |  |Df(x)|: 0.00234575505 |  Stepsize: 1.00000000000 | 
# 71     F(x): -0.06046929391 |  |Df(x)|: 0.00307541418 |  Stepsize: 1.00000000000 | 
# 72     F(x): -0.06048856938 |  |Df(x)|: 0.00263984391 |  Stepsize: 0.64134483429 | 
# 73     F(x): -0.06050675275 |  |Df(x)|: 0.00182650056 |  Stepsize: 1.00000000000 | 
# 74     F(x): -0.06052636504 |  |Df(x)|: 0.00243947752 |  Stepsize: 1.00000000000 | 
# 75     F(x): -0.06053921074 |  |Df(x)|: 0.00290836059 |  Stepsize: 1.00000000000 | 
# 76     F(x): -0.06055533019 |  |Df(x)|: 0.00222928307 |  Stepsize: 1.00000000000 | 
# 77     F(x): -0.06057270985 |  |Df(x)|: 0.00330989195 |  Stepsize: 0.96275837202 | 
# 78     F(x): -0.06058675554 |  |Df(x)|: 0.00225426090 |  Stepsize: 1.00000000000 | 
# 79     F(x): -0.06059633076 |  |Df(x)|: 0.00196463101 |  Stepsize: 1.00000000000 | 
At iteration 79 the algorithm performed a step with an absolute cost change (9.575216776816498e-6) less than 1.0e-5.after: zeta = 25.0, f = -0.04777857553807856, pen = 0.0002461172127087598, alm = -0.061990480669815405, z = 0.04777857553807856
cur_pen: 0.015688123301044004 < 1.0e-5, norm_vgl: 0.02666395220515268<1.0e-5
Initial  F(x): -0.05952930854 | 
# 1      F(x): -0.06013444337 |  |Df(x)|: 0.02038065851 |  Stepsize: 1.00000000000 | 
# 2      F(x): -0.06060350500 |  |Df(x)|: 0.01857978252 |  Stepsize: 0.96002712983 | 
# 3      F(x): -0.06087638978 |  |Df(x)|: 0.00450310510 |  Stepsize: 1.00000000000 | 
# 4      F(x): -0.06091059815 |  |Df(x)|: 0.00272653140 |  Stepsize: 1.00000000000 | 
# 5      F(x): -0.06094562957 |  |Df(x)|: 0.00296583224 |  Stepsize: 1.00000000000 | 
# 6      F(x): -0.06098218910 |  |Df(x)|: 0.00321256113 |  Stepsize: 1.00000000000 | 
# 7      F(x): -0.06104530658 |  |Df(x)|: 0.00326044172 |  Stepsize: 1.00000000000 | 
# 8      F(x): -0.06105192944 |  |Df(x)|: 0.00803743384 |  Stepsize: 0.80857861197 | 
At iteration 8 the algorithm performed a step with an absolute cost change (6.6228606547744096e-6) less than 1.0e-5.after: zeta = 10.0, f = -0.055914868680852645, pen = 0.0002947730338659793, alm = -0.061693234831574156, z = 0.055914868680852645
cur_pen: 0.01716895552635568 < 1.0e-5, norm_vgl: 0.031086307001760294<1.0e-5
Initial  F(x): -0.06051414270 | 
# 1      F(x): -0.06086535533 |  |Df(x)|: 0.01698080287 |  Stepsize: 1.00000000000 | 
# 2      F(x): -0.06152750065 |  |Df(x)|: 0.01024620759 |  Stepsize: 0.65110416599 | 
# 3      F(x): -0.06162512092 |  |Df(x)|: 0.00379281465 |  Stepsize: 1.00000000000 | 
# 4      F(x): -0.06164830713 |  |Df(x)|: 0.00183421038 |  Stepsize: 1.00000000000 | 
# 5      F(x): -0.06166278396 |  |Df(x)|: 0.00185532044 |  Stepsize: 1.00000000000 | 
# 6      F(x): -0.06168915990 |  |Df(x)|: 0.00280627189 |  Stepsize: 1.00000000000 | 
# 7      F(x): -0.06173509765 |  |Df(x)|: 0.00350475189 |  Stepsize: 1.00000000000 | 
# 8      F(x): -0.06181486926 |  |Df(x)|: 0.00412100865 |  Stepsize: 0.90448320076 | 
# 9      F(x): -0.06188625353 |  |Df(x)|: 0.00402321955 |  Stepsize: 0.35156796277 | 
# 10     F(x): -0.06195814301 |  |Df(x)|: 0.00299893603 |  Stepsize: 0.34007719871 | 
# 11     F(x): -0.06202443768 |  |Df(x)|: 0.00242534799 |  Stepsize: 0.30677602893 | 
# 12     F(x): -0.06208542988 |  |Df(x)|: 0.00177014636 |  Stepsize: 0.35363512406 | 
# 13     F(x): -0.06213532783 |  |Df(x)|: 0.00146553397 |  Stepsize: 0.40863379113 | 
# 14     F(x): -0.06217894991 |  |Df(x)|: 0.00151960029 |  Stepsize: 0.51078386983 | 
# 15     F(x): -0.06221394223 |  |Df(x)|: 0.00154817043 |  Stepsize: 0.43850232115 | 
# 16     F(x): -0.06224384687 |  |Df(x)|: 0.00119263528 |  Stepsize: 0.51800387229 | 
# 17     F(x): -0.06226804993 |  |Df(x)|: 0.00108518376 |  Stepsize: 0.67965552723 | 
# 18     F(x): -0.06228813584 |  |Df(x)|: 0.00095829261 |  Stepsize: 0.50052140991 | 
# 19     F(x): -0.06230854220 |  |Df(x)|: 0.00098695800 |  Stepsize: 0.58506795580 | 
# 20     F(x): -0.06233003796 |  |Df(x)|: 0.00101893030 |  Stepsize: 0.47237004289 | 
# 21     F(x): -0.06235095442 |  |Df(x)|: 0.00112062181 |  Stepsize: 0.34653975779 | 
# 22     F(x): -0.06237241395 |  |Df(x)|: 0.00113248378 |  Stepsize: 0.31474254810 | 
# 23     F(x): -0.06239535648 |  |Df(x)|: 0.00109321496 |  Stepsize: 0.36572459684 | 
# 24     F(x): -0.06241768830 |  |Df(x)|: 0.00115864151 |  Stepsize: 0.34169844878 | 
# 25     F(x): -0.06244087178 |  |Df(x)|: 0.00106070294 |  Stepsize: 0.34490566200 | 
# 26     F(x): -0.06246745702 |  |Df(x)|: 0.00115390658 |  Stepsize: 0.37044497890 | 
# 27     F(x): -0.06249523188 |  |Df(x)|: 0.00133336630 |  Stepsize: 0.28239065863 | 
# 28     F(x): -0.06252471767 |  |Df(x)|: 0.00115671012 |  Stepsize: 0.33998450430 | 
# 29     F(x): -0.06255022199 |  |Df(x)|: 0.00142982225 |  Stepsize: 0.20788967706 | 
# 30     F(x): -0.06258242961 |  |Df(x)|: 0.00137111609 |  Stepsize: 0.48891235355 | 
# 31     F(x): -0.06260601946 |  |Df(x)|: 0.00144636776 |  Stepsize: 0.23393377089 | 
# 32     F(x): -0.06263861777 |  |Df(x)|: 0.00127425249 |  Stepsize: 0.50609707161 | 
# 33     F(x): -0.06266861013 |  |Df(x)|: 0.00133475960 |  Stepsize: 0.34828618565 | 
# 34     F(x): -0.06269883568 |  |Df(x)|: 0.00119713001 |  Stepsize: 0.32136173405 | 
# 35     F(x): -0.06273125338 |  |Df(x)|: 0.00141821885 |  Stepsize: 0.27228202047 | 
# 36     F(x): -0.06276300793 |  |Df(x)|: 0.00124580123 |  Stepsize: 0.24259121989 | 
# 37     F(x): -0.06279403493 |  |Df(x)|: 0.00131149535 |  Stepsize: 0.21547437798 | 
# 38     F(x): -0.06282600652 |  |Df(x)|: 0.00116173370 |  Stepsize: 0.21105540506 | 
# 39     F(x): -0.06285731649 |  |Df(x)|: 0.00128365344 |  Stepsize: 0.23597503500 | 
# 40     F(x): -0.06288458499 |  |Df(x)|: 0.00116905573 |  Stepsize: 0.17968205742 | 
# 41     F(x): -0.06291322085 |  |Df(x)|: 0.00153385312 |  Stepsize: 0.21107270263 | 
# 42     F(x): -0.06294225478 |  |Df(x)|: 0.00123811537 |  Stepsize: 0.33074608911 | 
# 43     F(x): -0.06297126785 |  |Df(x)|: 0.00118427476 |  Stepsize: 0.26854861311 | 
# 44     F(x): -0.06299972799 |  |Df(x)|: 0.00119153987 |  Stepsize: 0.25326906403 | 
# 45     F(x): -0.06303322181 |  |Df(x)|: 0.00108106916 |  Stepsize: 0.31997825715 | 
# 46     F(x): -0.06305996967 |  |Df(x)|: 0.00115152314 |  Stepsize: 0.24135632310 | 
# 47     F(x): -0.06309627936 |  |Df(x)|: 0.00121817434 |  Stepsize: 0.29897495062 | 
# 48     F(x): -0.06312661044 |  |Df(x)|: 0.00120971203 |  Stepsize: 0.24693081325 | 
# 49     F(x): -0.06315907747 |  |Df(x)|: 0.00142079521 |  Stepsize: 0.25969045119 | 
# 50     F(x): -0.06319179238 |  |Df(x)|: 0.00140173151 |  Stepsize: 0.26685819075 | 
# 51     F(x): -0.06322919432 |  |Df(x)|: 0.00147156135 |  Stepsize: 0.33124196152 | 
# 52     F(x): -0.06325783452 |  |Df(x)|: 0.00143165708 |  Stepsize: 0.28183056543 | 
# 53     F(x): -0.06328842095 |  |Df(x)|: 0.00193915957 |  Stepsize: 0.31989363307 | 
# 54     F(x): -0.06332150395 |  |Df(x)|: 0.00172728301 |  Stepsize: 0.39724271918 | 
# 55     F(x): -0.06336433962 |  |Df(x)|: 0.00178586189 |  Stepsize: 0.37096945434 | 
# 56     F(x): -0.06341032930 |  |Df(x)|: 0.00155136958 |  Stepsize: 0.27226748014 | 
# 57     F(x): -0.06346488033 |  |Df(x)|: 0.00144039642 |  Stepsize: 0.36625396223 | 
# 58     F(x): -0.06351067023 |  |Df(x)|: 0.00182143659 |  Stepsize: 0.30443777948 | 
# 59     F(x): -0.06356533948 |  |Df(x)|: 0.00160251994 |  Stepsize: 0.39196577973 | 
# 60     F(x): -0.06360429118 |  |Df(x)|: 0.00212578731 |  Stepsize: 0.43331222196 | 
# 61     F(x): -0.06364065398 |  |Df(x)|: 0.00161067457 |  Stepsize: 0.57026613107 | 
# 62     F(x): -0.06367013321 |  |Df(x)|: 0.00162802711 |  Stepsize: 0.63020227489 | 
# 63     F(x): -0.06370636891 |  |Df(x)|: 0.00115778923 |  Stepsize: 0.52966178594 | 
# 64     F(x): -0.06374317015 |  |Df(x)|: 0.00114058315 |  Stepsize: 0.74148469202 | 
# 65     F(x): -0.06377659080 |  |Df(x)|: 0.00136710113 |  Stepsize: 0.64747021848 | 
# 66     F(x): -0.06380857568 |  |Df(x)|: 0.00138401234 |  Stepsize: 0.55921573504 | 
# 67     F(x): -0.06384137221 |  |Df(x)|: 0.00136979069 |  Stepsize: 0.55263145916 | 
# 68     F(x): -0.06386811218 |  |Df(x)|: 0.00120566827 |  Stepsize: 0.36788582849 | 
# 69     F(x): -0.06390001019 |  |Df(x)|: 0.00133906392 |  Stepsize: 0.48795656710 | 
# 70     F(x): -0.06392886111 |  |Df(x)|: 0.00115225109 |  Stepsize: 0.43248548934 | 
# 71     F(x): -0.06396023766 |  |Df(x)|: 0.00151835318 |  Stepsize: 0.53974587612 | 
# 72     F(x): -0.06399161407 |  |Df(x)|: 0.00132749257 |  Stepsize: 0.44686185087 | 
# 73     F(x): -0.06402286654 |  |Df(x)|: 0.00136782129 |  Stepsize: 0.78833482975 | 
# 74     F(x): -0.06404552317 |  |Df(x)|: 0.00110793842 |  Stepsize: 0.64774496211 | 
# 75     F(x): -0.06407139180 |  |Df(x)|: 0.00151339665 |  Stepsize: 1.00000000000 | 
# 76     F(x): -0.06409951014 |  |Df(x)|: 0.00191534609 |  Stepsize: 1.00000000000 | 
# 77     F(x): -0.06411841934 |  |Df(x)|: 0.00139142145 |  Stepsize: 1.00000000000 | 
# 78     F(x): -0.06413449876 |  |Df(x)|: 0.00095759096 |  Stepsize: 1.00000000000 | 
# 79     F(x): -0.06415219889 |  |Df(x)|: 0.00095759233 |  Stepsize: 1.00000000000 | 
# 80     F(x): -0.06417349444 |  |Df(x)|: 0.00122801362 |  Stepsize: 0.80320155072 | 
# 81     F(x): -0.06419526503 |  |Df(x)|: 0.00100337998 |  Stepsize: 1.00000000000 | 
# 82     F(x): -0.06421441640 |  |Df(x)|: 0.00100672726 |  Stepsize: 1.00000000000 | 
# 83     F(x): -0.06424057679 |  |Df(x)|: 0.00116577486 |  Stepsize: 0.91836071772 | 
# 84     F(x): -0.06426422408 |  |Df(x)|: 0.00114838435 |  Stepsize: 0.69957695477 | 
# 85     F(x): -0.06429296316 |  |Df(x)|: 0.00110360982 |  Stepsize: 0.55871988934 | 
# 86     F(x): -0.06431946458 |  |Df(x)|: 0.00121970670 |  Stepsize: 0.30777422302 | 
# 87     F(x): -0.06434447863 |  |Df(x)|: 0.00106283438 |  Stepsize: 0.35553672225 | 
# 88     F(x): -0.06436598878 |  |Df(x)|: 0.00181733042 |  Stepsize: 0.63531410197 | 
# 89     F(x): -0.06438700465 |  |Df(x)|: 0.00114938910 |  Stepsize: 1.00000000000 | 
# 90     F(x): -0.06440000987 |  |Df(x)|: 0.00097447878 |  Stepsize: 1.00000000000 | 
# 91     F(x): -0.06441432642 |  |Df(x)|: 0.00107874043 |  Stepsize: 1.00000000000 | 
# 92     F(x): -0.06442452363 |  |Df(x)|: 0.00076990284 |  Stepsize: 1.00000000000 | 
# 93     F(x): -0.06443268758 |  |Df(x)|: 0.00063491470 |  Stepsize: 1.00000000000 | 
At iteration 93 the algorithm performed a step with an absolute cost change (8.163957451096104e-6) less than 1.0e-5.after: zeta = 4.0, f = -0.06645694979242214, pen = 0.0009052317479551798, alm = -0.06486333754634781, z = 0.06645694979242214
cur_pen: 0.03008706944777407 < 1.0e-5, norm_vgl: 0.03041001849943363<1.0e-5
Initial  F(x): -0.05581102007 | 
# 1      F(x): -0.05660044395 |  |Df(x)|: 0.01624279533 |  Stepsize: 1.00000000000 | 
# 2      F(x): -0.05702179262 |  |Df(x)|: 0.01285825153 |  Stepsize: 1.00000000000 | 
# 3      F(x): -0.05767333538 |  |Df(x)|: 0.01414753705 |  Stepsize: 1.00000000000 | 
# 4      F(x): -0.05836232698 |  |Df(x)|: 0.01385413317 |  Stepsize: 0.78928415629 | 
# 5      F(x): -0.05894654255 |  |Df(x)|: 0.01115429558 |  Stepsize: 0.42094471879 | 
# 6      F(x): -0.05939854637 |  |Df(x)|: 0.00741105144 |  Stepsize: 0.31136283422 | 
# 7      F(x): -0.05969603742 |  |Df(x)|: 0.00377332751 |  Stepsize: 0.47462813034 | 
# 8      F(x): -0.05986850429 |  |Df(x)|: 0.00366239546 |  Stepsize: 0.64923841767 | 
# 9      F(x): -0.05997015031 |  |Df(x)|: 0.00436910920 |  Stepsize: 0.75445221270 | 
# 10     F(x): -0.06005887182 |  |Df(x)|: 0.00507584638 |  Stepsize: 1.00000000000 | 
# 11     F(x): -0.06013859804 |  |Df(x)|: 0.00301302809 |  Stepsize: 1.00000000000 | 
# 12     F(x): -0.06020816462 |  |Df(x)|: 0.00269406547 |  Stepsize: 1.00000000000 | 
# 13     F(x): -0.06024200284 |  |Df(x)|: 0.00389661373 |  Stepsize: 1.00000000000 | 
# 14     F(x): -0.06027262671 |  |Df(x)|: 0.00237802777 |  Stepsize: 1.00000000000 | 
# 15     F(x): -0.06031622164 |  |Df(x)|: 0.00170536420 |  Stepsize: 1.00000000000 | 
# 16     F(x): -0.06033743613 |  |Df(x)|: 0.00183487996 |  Stepsize: 1.00000000000 | 
# 17     F(x): -0.06036456262 |  |Df(x)|: 0.00393983303 |  Stepsize: 0.85063538666 | 
# 18     F(x): -0.06039633705 |  |Df(x)|: 0.00129014778 |  Stepsize: 1.00000000000 | 
# 19     F(x): -0.06040561307 |  |Df(x)|: 0.00099996433 |  Stepsize: 1.00000000000 | 
At iteration 19 the algorithm performed a step with an absolute cost change (9.276019962867199e-6) less than 1.0e-5.after: zeta = 10.0, f = -0.06445669532715288, pen = 0.00014311116689721064, alm = -0.06044437293038539, z = 0.06445669532715288
cur_pen: 0.011962907961579018 < 1.0e-5, norm_vgl: 0.01911254706369641<1.0e-5
Initial  F(x): -0.05987192826 | 
# 1      F(x): -0.05987674609 |  |Df(x)|: 0.00188802173 |  Stepsize: 1.00000000000 | 
At iteration 1 the algorithm performed a step with an absolute cost change (4.817824099299928e-6) less than 1.0e-5.after: zeta = 4.0, f = -0.06423298352400458, pen = 0.00013886647775516363, alm = -0.05987694001890796, z = 0.06423298352400458
cur_pen: 0.01178416215753855 < 1.0e-5, norm_vgl: 0.007515810393398878<1.0e-5
clear non persistent states 32
1712 pure states
LP relaxation created--
solve--
end solve-- RelaxOptimal OPTIMAL
 weights_sum: 0.9999999999999991
itereffortlevel: 0
--separating...
--find a better primal bound 0.8800092043340824 by Alternative descent Eigen
--found a cut state by heuristic 0.8800092043340824 0.19222280401664746 
iteration: 0,  #states: 1712, valueb: 0.19222280401664746, activeness: 0.8800092043340824, primalobj: 0.9421357171730796, dualobj: -Inf
solve--
end solve-- RelaxOptimal OPTIMAL
 weights_sum: 0.9999999999999989
itereffortlevel: 0
--separating...
--find a better primal bound 0.9631969356375948 by Alternative descent Eigen
--found a cut state by heuristic 0.9631969356375948 0.08579852234340803 
iteration: 1,  #states: 1713, valueb: 0.08579852234340803, activeness: 0.9631969356375948, primalobj: 0.942123927498103, dualobj: -Inf
solve--
end solve-- RelaxOptimal OPTIMAL
 weights_sum: 1.000000690310705
itereffortlevel: 0
--separating...
--find a better primal bound 1.1942184152198752 by Alternative descent Eigen
--found a cut state by heuristic 1.1942184152198752 0.14864932104655135 
iteration: 2,  #states: 1714, valueb: 0.14864932104655135, activeness: 1.1942184152198752, primalobj: 0.9421148482302202, dualobj: -Inf
solve--
end solve-- RelaxOptimal OPTIMAL
 weights_sum: 1.0000004872546564
itereffortlevel: 0
--separating...
--find a better primal bound 0.6721232151969408 by Alternative descent Eigen
--found a cut state by heuristic 0.6721232151969408 0.10287371529541794 
iteration: 3,  #states: 1715, valueb: 0.10287371529541794, activeness: 0.6721232151969408, primalobj: 0.9421041944510442, dualobj: -Inf
solve--
end solve-- RelaxOptimal OPTIMAL
 weights_sum: 0.9999999999999994
itereffortlevel: 0
--separating...
--find a better primal bound 0.6935130937888156 by Alternative descent Eigen
--found a cut state by heuristic 0.6935130937888156 0.12065199776159274 
iteration: 4,  #states: 1716, valueb: 0.12065199776159274, activeness: 0.6935130937888156, primalobj: 0.9420977507160395, dualobj: -Inf
solve--
end solve-- RelaxOptimal OPTIMAL
 weights_sum: 0.9999999999999999
itereffortlevel: 0
--separating...
--find a better primal bound 0.5934588090557146 by Alternative descent Eigen
--found a cut state by heuristic 0.5934588090557146 0.14163603002099293 
iteration: 5,  #states: 1717, valueb: 0.14163603002099293, activeness: 0.5934588090557146, primalobj: 0.9420906365111171, dualobj: -Inf
solve--
end solve-- RelaxOptimal OPTIMAL
 weights_sum: 1.0
itereffortlevel: 0
--separating...
--find a better primal bound 0.7090381911595285 by Alternative descent Eigen
--found a cut state by heuristic 0.7090381911595285 0.053451402966780526 
iteration: 6,  #states: 1718, valueb: 0.053451402966780526, activeness: 0.7090381911595285, primalobj: 0.9420863563255665, dualobj: -Inf
solve--
end solve-- RelaxOptimal OPTIMAL
 weights_sum: 1.0000000000000002
itereffortlevel: 0
--separating...
--find a better primal bound 0.6645140976961456 by Alternative descent Eigen
--found a cut state by heuristic 0.6645140976961456 0.1745329223586851 
iteration: 7,  #states: 1719, valueb: 0.1745329223586851, activeness: 0.6645140976961456, primalobj: 0.942080829716897, dualobj: -Inf
solve--
end solve-- RelaxOptimal OPTIMAL
 weights_sum: 1.0000000033178962
itereffortlevel: 0
--separating...
--find a better primal bound 0.6119836723380485 by Alternative descent Eigen
--found a cut state by heuristic 0.6119836723380485 0.21166303984435925 
iteration: 8,  #states: 1720, valueb: 0.21166303984435925, activeness: 0.6119836723380485, primalobj: 0.9420759924541169, dualobj: -Inf
solve--
end solve-- RelaxOptimal OPTIMAL
 weights_sum: 1.0000000430488547
itereffortlevel: 0
--separating...
--find a better primal bound 0.644892770740725 by Alternative descent Eigen
--found a cut state by heuristic 0.644892770740725 0.19570370848609614 
iteration: 9,  #states: 1721, valueb: 0.19570370848609614, activeness: 0.644892770740725, primalobj: 0.9420740555302412, dualobj: -Inf
solve--
end solve-- RelaxOptimal OPTIMAL
 weights_sum: 0.9999999999999996
itereffortlevel: 0
--separating...
--find a better primal bound 0.5220853303765004 by Alternative descent Eigen
--found a cut state by heuristic 0.5220853303765004 0.17692408756941916 
iteration: 10,  #states: 1722, valueb: 0.17692408756941916, activeness: 0.5220853303765004, primalobj: 0.9420682517692901, dualobj: -Inf
solve--
end solve-- RelaxOptimal OPTIMAL
 weights_sum: 1.0000000000000007
itereffortlevel: 0
--separating...
--find a better primal bound 0.6260087555409489 by Alternative descent Eigen
--found a cut state by heuristic 0.6260087555409489 0.1709918957121653 
iteration: 11,  #states: 1723, valueb: 0.1709918957121653, activeness: 0.6260087555409489, primalobj: 0.9420667399304048, dualobj: -Inf
solve--
end solve-- RelaxOptimal OPTIMAL
 weights_sum: 1.0000000211184474
itereffortlevel: 0
--separating...
--find a better primal bound 0.7158605755573213 by Alternative descent Eigen
--found a cut state by heuristic 0.7158605755573213 0.04004101908164938 
iteration: 12,  #states: 1724, valueb: 0.04004101908164938, activeness: 0.7158605755573213, primalobj: 0.9420636772930581, dualobj: -Inf
solve--
end solve-- RelaxOptimal OPTIMAL
 weights_sum: 0.9999999999999994
itereffortlevel: 0
--separating...
--find a better primal bound 0.6669082599155856 by Alternative descent Eigen
--found a cut state by heuristic 0.6669082599155856 0.07694104677409365 
iteration: 13,  #states: 1725, valueb: 0.07694104677409365, activeness: 0.6669082599155856, primalobj: 0.9420582392568739, dualobj: -Inf
solve--
end solve-- RelaxOptimal OPTIMAL
 weights_sum: 1.00000001958143
itereffortlevel: 0
--separating...
--find a better primal bound 0.9604052752783627 by Alternative descent Eigen
--found a cut state by heuristic 0.9604052752783627 0.3021986060556932 
iteration: 14,  #states: 1726, valueb: 0.3021986060556932, activeness: 0.9604052752783627, primalobj: 0.9420524818637832, dualobj: -Inf
solve--
end solve-- RelaxOptimal OPTIMAL
 weights_sum: 0.9999999999999994
itereffortlevel: 0
--separating...
--find a better primal bound 0.47453542971480833 by Alternative descent Eigen
--found a cut state by heuristic 0.47453542971480833 0.056985998534244686 
iteration: 15,  #states: 1727, valueb: 0.056985998534244686, activeness: 0.47453542971480833, primalobj: 0.9420500707401644, dualobj: -Inf
solve--
end solve-- RelaxOptimal OPTIMAL
 weights_sum: 1.0000000338720372
itereffortlevel: 0
--separating...
--find a better primal bound 0.516471752729738 by Alternative descent Eigen
--found a cut state by heuristic 0.516471752729738 0.05046338312046107 
iteration: 16,  #states: 1728, valueb: 0.05046338312046107, activeness: 0.516471752729738, primalobj: 0.9420472116252794, dualobj: -Inf
solve--
end solve-- RelaxOptimal OPTIMAL
 weights_sum: 1.0000000060884326
itereffortlevel: 0
--separating...
--find a better primal bound 0.5495418993164228 by Alternative descent Eigen
--found a cut state by heuristic 0.5495418993164228 0.10184891191979568 
iteration: 17,  #states: 1729, valueb: 0.10184891191979568, activeness: 0.5495418993164228, primalobj: 0.9420454413400754, dualobj: -Inf
solve--
end solve-- RelaxOptimal OPTIMAL
 weights_sum: 0.9999999999999994
itereffortlevel: 0
--separating...
--find a better primal bound 0.5105210953692482 by Alternative descent Eigen
--found a cut state by heuristic 0.5105210953692482 0.1804423332040345 
iteration: 18,  #states: 1730, valueb: 0.1804423332040345, activeness: 0.5105210953692482, primalobj: 0.942041503935835, dualobj: -Inf
solve--
end solve-- RelaxOptimal OPTIMAL
 weights_sum: 1.0000000330392533
itereffortlevel: 0
--separating...
--find a better primal bound 0.3413771182981197 by Alternative descent Eigen
--found a cut state by heuristic 0.3413771182981197 0.00844316027965634 
iteration: 19,  #states: 1731, valueb: 0.00844316027965634, activeness: 0.3413771182981197, primalobj: 0.9420369617203654, dualobj: -Inf
solve--
end solve-- RelaxOptimal OPTIMAL
 weights_sum: 1.0000000456007119
itereffortlevel: 0
--separating...
--find a better primal bound 0.3027029969256579 by Alternative descent Eigen
--found a cut state by heuristic 0.3027029969256579 0.013640454647294666 
iteration: 20,  #states: 1732, valueb: 0.013640454647294666, activeness: 0.3027029969256579, primalobj: 0.9420342347231185, dualobj: -Inf
solve--
end solve-- RelaxOptimal OPTIMAL
 weights_sum: 1.0000000560548747
itereffortlevel: 0
--separating...
--find a better primal bound 0.6531239220625871 by Alternative descent Eigen
--found a cut state by heuristic 0.6531239220625871 0.02399291584211499 
iteration: 21,  #states: 1733, valueb: 0.02399291584211499, activeness: 0.6531239220625871, primalobj: 0.9420329014995835, dualobj: -Inf
solve--
end solve-- RelaxOptimal OPTIMAL
 weights_sum: 1.0000001188872356
itereffortlevel: 0
--separating...
--find a better primal bound 0.2068483295871245 by Alternative descent Eigen
--found a cut state by heuristic 0.2068483295871245 0.025640067094915866 
iteration: 22,  #states: 1734, valueb: 0.025640067094915866, activeness: 0.2068483295871245, primalobj: 0.9420270189909732, dualobj: -Inf
solve--
end solve-- RelaxOptimal OPTIMAL
 weights_sum: 1.0000000009739463
itereffortlevel: 0
--separating...
--find a better primal bound 0.3267690637941614 by Alternative descent Eigen
--found a cut state by heuristic 0.3267690637941614 0.027862490026954095 
iteration: 23,  #states: 1735, valueb: 0.027862490026954095, activeness: 0.3267690637941614, primalobj: 0.9420251208446707, dualobj: -Inf
solve--
end solve-- RelaxOptimal OPTIMAL
 weights_sum: 1.0000000000000002
itereffortlevel: 0
--separating...
--find a better primal bound 0.44457323376672686 by Alternative descent Eigen
--found a cut state by heuristic 0.44457323376672686 0.05859225002143045 
iteration: 24,  #states: 1736, valueb: 0.05859225002143045, activeness: 0.44457323376672686, primalobj: 0.9420229786815517, dualobj: -Inf
solve--
end solve-- RelaxOptimal OPTIMAL
 weights_sum: 1.0000000260386495
itereffortlevel: 0
--separating...
--find a better primal bound 0.5446022703025776 by Alternative descent Eigen
--found a cut state by heuristic 0.5446022703025776 0.09626095085191064 
iteration: 25,  #states: 1737, valueb: 0.09626095085191064, activeness: 0.5446022703025776, primalobj: 0.9420202474547473, dualobj: -Inf
solve--
end solve-- RelaxOptimal OPTIMAL
 weights_sum: 1.0
itereffortlevel: 0
--separating...
--find a better primal bound 0.3012676305443585 by Alternative descent Eigen
--found a cut state by heuristic 0.3012676305443585 0.002839011881604339 
iteration: 26,  #states: 1738, valueb: 0.002839011881604339, activeness: 0.3012676305443585, primalobj: 0.9420162141035279, dualobj: -Inf
solve--
end solve-- RelaxOptimal OPTIMAL
 weights_sum: 1.0
itereffortlevel: 0
--separating...
--find a better primal bound 0.4499025612442287 by Alternative descent Eigen
--found a cut state by heuristic 0.4499025612442287 0.03635750509030711 
iteration: 27,  #states: 1739, valueb: 0.03635750509030711, activeness: 0.4499025612442287, primalobj: 0.9420139065668482, dualobj: -Inf
solve--
end solve-- RelaxOptimal OPTIMAL
 weights_sum: 1.0000002816451992
itereffortlevel: 0
--separating...
--find a better primal bound 0.4153697589923213 by Alternative descent Eigen
--found a cut state by heuristic 0.4153697589923213 0.005390184231101349 
iteration: 28,  #states: 1740, valueb: 0.005390184231101349, activeness: 0.4153697589923213, primalobj: 0.9420069530783586, dualobj: -Inf
solve--
end solve-- RelaxOptimal OPTIMAL
 weights_sum: 1.0
itereffortlevel: 0
--separating...
--find a better primal bound 0.511655089155648 by Alternative descent Eigen
--found a cut state by heuristic 0.511655089155648 0.01381059895699484 
iteration: 29,  #states: 1741, valueb: 0.01381059895699484, activeness: 0.511655089155648, primalobj: 0.9420041844270436, dualobj: -Inf
solve--
end solve-- RelaxOptimal OPTIMAL
 weights_sum: 1.000000002219448
itereffortlevel: 0
--separating...
--find a better primal bound 0.34156495637677675 by Alternative descent Eigen
--found a cut state by heuristic 0.34156495637677675 0.012885469351148107 
iteration: 30,  #states: 1742, valueb: 0.012885469351148107, activeness: 0.34156495637677675, primalobj: 0.942000122879325, dualobj: -Inf
solve--
end solve-- RelaxOptimal OPTIMAL
 weights_sum: 1.000000040914101
itereffortlevel: 0
--separating...
--find a better primal bound 0.336694680628594 by Alternative descent Eigen
--found a cut state by heuristic 0.336694680628594 0.010461620520238921 
iteration: 31,  #states: 1743, valueb: 0.010461620520238921, activeness: 0.336694680628594, primalobj: 0.9419979841352368, dualobj: -Inf
solve--
end solve-- RelaxOptimal OPTIMAL
 weights_sum: 1.0000000850537827
itereffortlevel: 0
--separating...
--find a better primal bound 0.5030919626573982 by Alternative descent Eigen
--found a cut state by heuristic 0.5030919626573982 0.09716421533785809 
iteration: 32,  #states: 1744, valueb: 0.09716421533785809, activeness: 0.5030919626573982, primalobj: 0.9419964492418563, dualobj: -Inf
solve--
end solve-- RelaxOptimal OPTIMAL
 weights_sum: 1.0000000589544216
itereffortlevel: 0
--separating...
--find a better primal bound 0.30038333718974086 by Alternative descent Eigen
--found a cut state by heuristic 0.30038333718974086 0.030484998778256722 
iteration: 33,  #states: 1745, valueb: 0.030484998778256722, activeness: 0.30038333718974086, primalobj: 0.9419940932009769, dualobj: -Inf
solve--
end solve-- RelaxOptimal OPTIMAL
 weights_sum: 0.9999999999999989
itereffortlevel: 0
--separating...
--find a better primal bound 0.4679015160794317 by Alternative descent Eigen
--found a cut state by heuristic 0.4679015160794317 0.032874374820186035 
iteration: 34,  #states: 1746, valueb: 0.032874374820186035, activeness: 0.4679015160794317, primalobj: 0.9419923976780475, dualobj: -Inf
solve--
end solve-- RelaxOptimal OPTIMAL
 weights_sum: 0.9999999999999993
itereffortlevel: 0
--separating...
--find a better primal bound 0.5590489342977085 by Alternative descent Eigen
--found a cut state by heuristic 0.5590489342977085 0.022167035205654072 
iteration: 35,  #states: 1747, valueb: 0.022167035205654072, activeness: 0.5590489342977085, primalobj: 0.9419894250134704, dualobj: -Inf
solve--
end solve-- RelaxOptimal OPTIMAL
 weights_sum: 1.0000000991440459
itereffortlevel: 0
--separating...
--find a better primal bound 0.6556675252108808 by Alternative descent Eigen
--found a cut state by heuristic 0.6556675252108808 0.08735354675222023 
iteration: 36,  #states: 1748, valueb: 0.08735354675222023, activeness: 0.6556675252108808, primalobj: 0.9419825484651265, dualobj: -Inf
solve--
end solve-- RelaxOptimal OPTIMAL
 weights_sum: 1.0000000990096536
itereffortlevel: 0
--separating...
--find a better primal bound 0.42156924811266255 by Alternative descent Eigen
--found a cut state by heuristic 0.42156924811266255 0.0576483545872417 
iteration: 37,  #states: 1749, valueb: 0.0576483545872417, activeness: 0.42156924811266255, primalobj: 0.9419777419377282, dualobj: -Inf
solve--
end solve-- RelaxOptimal OPTIMAL
 weights_sum: 1.0000000078440274
itereffortlevel: 0
--separating...
--find a better primal bound 0.564669592691796 by Alternative descent Eigen
--found a cut state by heuristic 0.564669592691796 0.11585285628986085 
iteration: 38,  #states: 1750, valueb: 0.11585285628986085, activeness: 0.564669592691796, primalobj: 0.9419748424798745, dualobj: -Inf
solve--
end solve-- RelaxOptimal OPTIMAL
 weights_sum: 1.0000007415838692
itereffortlevel: 0
--separating...
--find a better primal bound 0.38968597838186714 by Alternative descent Eigen
--found a cut state by heuristic 0.38968597838186714 -0.0 
iteration: 39,  #states: 1751, valueb: -0.0, activeness: 0.38968597838186714, primalobj: 0.9419706560707539, dualobj: -Inf
solve--
end solve-- RelaxOptimal OPTIMAL
 weights_sum: 0.9999999999999997
itereffortlevel: 0
--separating...
--find a better primal bound 0.48755100074363317 by Alternative descent Eigen
--found a cut state by heuristic 0.48755100074363317 -0.0 
iteration: 40,  #states: 1752, valueb: -0.0, activeness: 0.48755100074363317, primalobj: 0.9419677360382522, dualobj: -Inf
solve--
end solve-- RelaxOptimal OPTIMAL
 weights_sum: 1.0000000000000004
itereffortlevel: 0
--separating...
--find a better primal bound 0.6182153280400333 by Alternative descent Eigen
--found a cut state by heuristic 0.6182153280400333 0.15586446438740525 
iteration: 41,  #states: 1753, valueb: 0.15586446438740525, activeness: 0.6182153280400333, primalobj: 0.941963372191003, dualobj: -Inf
solve--
end solve-- RelaxOptimal OPTIMAL
 weights_sum: 0.9999999999999999
itereffortlevel: 0
--separating...
--find a better primal bound 0.4594480951565484 by Alternative descent Eigen
--found a cut state by heuristic 0.4594480951565484 0.15740540903949973 
iteration: 42,  #states: 1754, valueb: 0.15740540903949973, activeness: 0.4594480951565484, primalobj: 0.9419613582963261, dualobj: -Inf
solve--
end solve-- RelaxOptimal OPTIMAL
 weights_sum: 1.0000000373145521
itereffortlevel: 0
--separating...
--find a better primal bound 0.46357961056525887 by Alternative descent Eigen
--found a cut state by heuristic 0.46357961056525887 0.09561803748984961 
iteration: 43,  #states: 1755, valueb: 0.09561803748984961, activeness: 0.46357961056525887, primalobj: 0.9419601957935152, dualobj: -Inf
solve--
end solve-- RelaxOptimal OPTIMAL
 weights_sum: 0.9999999999999993
itereffortlevel: 0
--separating...
--find a better primal bound 0.41525682097744526 by Alternative descent Eigen
--found a cut state by heuristic 0.41525682097744526 0.10878632959962756 
iteration: 44,  #states: 1756, valueb: 0.10878632959962756, activeness: 0.41525682097744526, primalobj: 0.9419580328729196, dualobj: -Inf
solve--
end solve-- RelaxOptimal OPTIMAL
 weights_sum: 1.0000000242366514
itereffortlevel: 0
--separating...
--find a better primal bound 0.3482720189210638 by Alternative descent Eigen
--found a cut state by heuristic 0.3482720189210638 0.04106873288581415 
iteration: 45,  #states: 1757, valueb: 0.04106873288581415, activeness: 0.3482720189210638, primalobj: 0.941956355312415, dualobj: -Inf
solve--
end solve-- RelaxOptimal OPTIMAL
 weights_sum: 1.000000071136531
itereffortlevel: 0
--separating...
--find a better primal bound 0.24727607911418809 by Alternative descent Eigen
--found a cut state by heuristic 0.24727607911418809 0.07229747228332445 
iteration: 46,  #states: 1758, valueb: 0.07229747228332445, activeness: 0.24727607911418809, primalobj: 0.9419540831399362, dualobj: -Inf
solve--
end solve-- RelaxOptimal OPTIMAL
 weights_sum: 1.000000127582921
itereffortlevel: 0
--separating...
--find a better primal bound 0.3274671796756857 by Alternative descent Eigen
--found a cut state by heuristic 0.3274671796756857 0.14740763381267907 
iteration: 47,  #states: 1759, valueb: 0.14740763381267907, activeness: 0.3274671796756857, primalobj: 0.9419533316271235, dualobj: -Inf
solve--
end solve-- RelaxOptimal OPTIMAL
 weights_sum: 1.0000000133243772
itereffortlevel: 0
--separating...
--find a better primal bound 0.5582831337046784 by Alternative descent Eigen
--found a cut state by heuristic 0.5582831337046784 0.13501398860925923 
iteration: 48,  #states: 1760, valueb: 0.13501398860925923, activeness: 0.5582831337046784, primalobj: 0.9419518039239569, dualobj: -Inf
solve--
end solve-- RelaxOptimal OPTIMAL
 weights_sum: 1.0000008780528085
itereffortlevel: 0
--separating...
--find a better primal bound 0.6029608403743284 by Alternative descent Eigen
--found a cut state by heuristic 0.6029608403743284 0.12913163545119782 
iteration: 49,  #states: 1761, valueb: 0.12913163545119782, activeness: 0.6029608403743284, primalobj: 0.9419494899322887, dualobj: -Inf
solve--
end solve-- RelaxOptimal OPTIMAL
 weights_sum: 1.0000000000000007
itereffortlevel: 0
--separating...
--find a better primal bound 0.5149767569278522 by Alternative descent Eigen
--found a cut state by heuristic 0.5149767569278522 0.16237025469006308 
iteration: 50,  #states: 1762, valueb: 0.16237025469006308, activeness: 0.5149767569278522, primalobj: 0.941945731093649, dualobj: -Inf
solve--
end solve-- RelaxOptimal OPTIMAL
 weights_sum: 1.000003264865242
itereffortlevel: 0
--separating...
--find a better primal bound 0.6309260234213601 by Alternative descent Eigen
--found a cut state by heuristic 0.6309260234213601 0.12501090981864388 
iteration: 51,  #states: 1763, valueb: 0.12501090981864388, activeness: 0.6309260234213601, primalobj: 0.9419432106644146, dualobj: -Inf
solve--
end solve-- RelaxOptimal OPTIMAL
 weights_sum: 1.0000002092534874
itereffortlevel: 0
--separating...
--find a better primal bound 0.5482976868979406 by Alternative descent Eigen
--found a cut state by heuristic 0.5482976868979406 0.11355596535637122 
iteration: 52,  #states: 1764, valueb: 0.11355596535637122, activeness: 0.5482976868979406, primalobj: 0.9419367030166919, dualobj: -Inf
solve--
end solve-- RelaxOptimal OPTIMAL
 weights_sum: 0.9999999999999996
itereffortlevel: 0
--separating...
--find a better primal bound 0.41537759962768095 by Alternative descent Eigen
--found a cut state by heuristic 0.41537759962768095 0.06943303004607701 
iteration: 53,  #states: 1765, valueb: 0.06943303004607701, activeness: 0.41537759962768095, primalobj: 0.9419348516304007, dualobj: -Inf
solve--
end solve-- RelaxOptimal OPTIMAL
 weights_sum: 1.000002048285757
itereffortlevel: 0
--separating...
--find a better primal bound 0.356911123755277 by Alternative descent Eigen
--found a cut state by heuristic 0.356911123755277 0.09225048998639142 
iteration: 54,  #states: 1766, valueb: 0.09225048998639142, activeness: 0.356911123755277, primalobj: 0.9419318387686364, dualobj: -Inf
solve--
end solve-- RelaxOptimal OPTIMAL
 weights_sum: 1.000000039429671
itereffortlevel: 0
--separating...
--find a better primal bound 0.4255073428657932 by Alternative descent Eigen
--found a cut state by heuristic 0.4255073428657932 0.10973449670286917 
iteration: 55,  #states: 1767, valueb: 0.10973449670286917, activeness: 0.4255073428657932, primalobj: 0.9419303832972825, dualobj: -Inf
solve--
end solve-- RelaxOptimal OPTIMAL
 weights_sum: 0.9999999999999998
itereffortlevel: 0
--separating...
--find a better primal bound 0.3810827225214588 by Alternative descent Eigen
--found a cut state by heuristic 0.3810827225214588 0.07294433287671019 
iteration: 56,  #states: 1768, valueb: 0.07294433287671019, activeness: 0.3810827225214588, primalobj: 0.9419289826001082, dualobj: -Inf
solve--
end solve-- RelaxOptimal OPTIMAL
 weights_sum: 1.0
itereffortlevel: 0
--separating...
--find a better primal bound 0.41936797131381764 by Alternative descent Eigen
--found a cut state by heuristic 0.41936797131381764 0.025920628244904088 
iteration: 57,  #states: 1769, valueb: 0.025920628244904088, activeness: 0.41936797131381764, primalobj: 0.941927006031644, dualobj: -Inf
solve--
end solve-- RelaxOptimal OPTIMAL
 weights_sum: 1.0000000177905708
itereffortlevel: 0
--separating...
--find a better primal bound 0.549360056492475 by Alternative descent Eigen
--found a cut state by heuristic 0.549360056492475 0.13582747880011498 
iteration: 58,  #states: 1770, valueb: 0.13582747880011498, activeness: 0.549360056492475, primalobj: 0.9419243962231525, dualobj: -Inf
solve--
end solve-- RelaxOptimal OPTIMAL
 weights_sum: 1.0000001943153656
itereffortlevel: 0
--separating...
--find a better primal bound 0.5141845956047124 by Alternative descent Eigen
--found a cut state by heuristic 0.5141845956047124 0.14879161580684644 
iteration: 59,  #states: 1771, valueb: 0.14879161580684644, activeness: 0.5141845956047124, primalobj: 0.9419232002573146, dualobj: -Inf
solve--
end solve-- RelaxOptimal OPTIMAL
 weights_sum: 1.000000000000001
itereffortlevel: 0
--separating...
--find a better primal bound 0.4950483228999072 by Alternative descent Eigen
--found a cut state by heuristic 0.4950483228999072 0.14976082318758774 
iteration: 60,  #states: 1772, valueb: 0.14976082318758774, activeness: 0.4950483228999072, primalobj: 0.941921511224148, dualobj: -Inf
solve--
end solve-- RelaxOptimal OPTIMAL
 weights_sum: 1.0000000168096994
itereffortlevel: 0
--separating...
--find a better primal bound 0.23588229528578664 by Alternative descent Eigen
--found a cut state by heuristic 0.23588229528578664 0.03694375804599598 
iteration: 61,  #states: 1773, valueb: 0.03694375804599598, activeness: 0.23588229528578664, primalobj: 0.9419195131120068, dualobj: -Inf
solve--
end solve-- RelaxOptimal OPTIMAL
 weights_sum: 0.9999999999999991
itereffortlevel: 0
--separating...
--find a better primal bound 0.3444719228868287 by Alternative descent Eigen
--found a cut state by heuristic 0.3444719228868287 0.05016033210856864 
iteration: 62,  #states: 1774, valueb: 0.05016033210856864, activeness: 0.3444719228868287, primalobj: 0.9419183437263048, dualobj: -Inf
solve--
end solve-- RelaxOptimal OPTIMAL
 weights_sum: 1.0000000000000009
itereffortlevel: 0
--separating...
--find a better primal bound 0.43088551576254724 by Alternative descent Eigen
--found a cut state by heuristic 0.43088551576254724 0.08518922021346362 
iteration: 63,  #states: 1775, valueb: 0.08518922021346362, activeness: 0.43088551576254724, primalobj: 0.9419173562978094, dualobj: -Inf
solve--
end solve-- RelaxOptimal OPTIMAL
 weights_sum: 1.0
itereffortlevel: 0
--separating...
--find a better primal bound 0.6969606838352991 by Alternative descent Eigen
--found a cut state by heuristic 0.6969606838352991 0.2540395776719221 
iteration: 64,  #states: 1776, valueb: 0.2540395776719221, activeness: 0.6969606838352991, primalobj: 0.9419161970123493, dualobj: -Inf
solve--
end solve-- RelaxOptimal OPTIMAL
 weights_sum: 0.9999999999999991
itereffortlevel: 0
--separating...
--find a better primal bound 0.30934141187410014 by Alternative descent Eigen
--found a cut state by heuristic 0.30934141187410014 0.03215661952028356 
iteration: 65,  #states: 1777, valueb: 0.03215661952028356, activeness: 0.30934141187410014, primalobj: 0.9419139788618284, dualobj: -Inf
solve--
end solve-- RelaxOptimal OPTIMAL
 weights_sum: 0.9999999999999993
itereffortlevel: 0
--separating...
--find a better primal bound 0.52978684750899 by Alternative descent Eigen
--found a cut state by heuristic 0.52978684750899 0.17921154103693754 
iteration: 66,  #states: 1778, valueb: 0.17921154103693754, activeness: 0.52978684750899, primalobj: 0.9419124058366724, dualobj: -Inf
solve--
end solve-- RelaxOptimal OPTIMAL
 weights_sum: 0.999999999999999
itereffortlevel: 0
--separating...
--find a better primal bound 0.4873016363951239 by Alternative descent Eigen
--found a cut state by heuristic 0.4873016363951239 0.20906084009782394 
iteration: 67,  #states: 1779, valueb: 0.20906084009782394, activeness: 0.4873016363951239, primalobj: 0.9419104499365707, dualobj: -Inf
solve--
end solve-- RelaxOptimal OPTIMAL
 weights_sum: 1.000000000000001
itereffortlevel: 0
--separating...
--find a better primal bound 0.3940926017774412 by Alternative descent Eigen
--found a cut state by heuristic 0.3940926017774412 0.1884020136651116 
iteration: 68,  #states: 1780, valueb: 0.1884020136651116, activeness: 0.3940926017774412, primalobj: 0.9419096383918548, dualobj: -Inf
solve--
end solve-- RelaxOptimal OPTIMAL
 weights_sum: 0.9999999999999994
itereffortlevel: 0
--separating...
--find a better primal bound 0.33967948348055643 by Alternative descent Eigen
--found a cut state by heuristic 0.33967948348055643 0.011112790208368424 
iteration: 69,  #states: 1781, valueb: 0.011112790208368424, activeness: 0.33967948348055643, primalobj: 0.9419091488887549, dualobj: -Inf
solve--
end solve-- RelaxOptimal OPTIMAL
 weights_sum: 0.9999999999999994
itereffortlevel: 0
--separating...
--find a better primal bound 0.3554698409341503 by Alternative descent Eigen
--found a cut state by heuristic 0.3554698409341503 0.13238814612698788 
iteration: 70,  #states: 1782, valueb: 0.13238814612698788, activeness: 0.3554698409341503, primalobj: 0.9419074922095816, dualobj: -Inf
solve--
end solve-- RelaxOptimal OPTIMAL
 weights_sum: 1.0000001342751412
itereffortlevel: 0
--separating...
--find a better primal bound 0.5081061797648664 by Alternative descent Eigen
--found a cut state by heuristic 0.5081061797648664 0.249772100355125 
iteration: 71,  #states: 1783, valueb: 0.249772100355125, activeness: 0.5081061797648664, primalobj: 0.9419067870172134, dualobj: -Inf
solve--
end solve-- RelaxOptimal OPTIMAL
 weights_sum: 0.9999999999999989
itereffortlevel: 0
--separating...
--find a better primal bound 0.3240478493542767 by Alternative descent Eigen
--found a cut state by heuristic 0.3240478493542767 0.15522602442260028 
iteration: 72,  #states: 1784, valueb: 0.15522602442260028, activeness: 0.3240478493542767, primalobj: 0.9419056846354484, dualobj: -Inf
solve--
end solve-- RelaxOptimal OPTIMAL
 weights_sum: 1.00000054034145
itereffortlevel: 0
--separating...
--find a better primal bound 0.3304944517108108 by Alternative descent Eigen
--found a cut state by heuristic 0.3304944517108108 -0.0 
iteration: 73,  #states: 1785, valueb: -0.0, activeness: 0.3304944517108108, primalobj: 0.9419047766900942, dualobj: -Inf
solve--
end solve-- RelaxOptimal OPTIMAL
 weights_sum: 0.9999999999999998
itereffortlevel: 0
--separating...
--find a better primal bound 0.41799474301682255 by Alternative descent Eigen
--found a cut state by heuristic 0.41799474301682255 0.12688549315106945 
iteration: 74,  #states: 1786, valueb: 0.12688549315106945, activeness: 0.41799474301682255, primalobj: 0.941902377945783, dualobj: -Inf
solve--
end solve-- RelaxOptimal OPTIMAL
 weights_sum: 1.0000000304926744
itereffortlevel: 0
--separating...
--find a better primal bound 0.2329620870786987 by Alternative descent Eigen
--found a cut state by heuristic 0.2329620870786987 0.049372980722813375 
iteration: 75,  #states: 1787, valueb: 0.049372980722813375, activeness: 0.2329620870786987, primalobj: 0.9419016817436806, dualobj: -Inf
solve--
end solve-- RelaxOptimal OPTIMAL
 weights_sum: 1.0000000076995823
itereffortlevel: 0
--separating...
--find a better primal bound 0.42691123530428704 by Alternative descent Eigen
--found a cut state by heuristic 0.42691123530428704 0.18690696704859042 
iteration: 76,  #states: 1788, valueb: 0.18690696704859042, activeness: 0.42691123530428704, primalobj: 0.941901176637753, dualobj: -Inf
solve--
end solve-- RelaxOptimal OPTIMAL
 weights_sum: 1.0000001970413481
itereffortlevel: 0
--separating...
--find a better primal bound 0.5242840252820756 by Alternative descent Eigen
--found a cut state by heuristic 0.5242840252820756 0.18564911793217298 
iteration: 77,  #states: 1789, valueb: 0.18564911793217298, activeness: 0.5242840252820756, primalobj: 0.9419006131159655, dualobj: -Inf
solve--
end solve-- RelaxOptimal OPTIMAL
 weights_sum: 1.0
itereffortlevel: 0
--separating...
--find a better primal bound 0.2986226755061351 by Alternative descent Eigen
--found a cut state by heuristic 0.2986226755061351 0.1392152785932103 
iteration: 78,  #states: 1790, valueb: 0.1392152785932103, activeness: 0.2986226755061351, primalobj: 0.9418990331208155, dualobj: -Inf
solve--
end solve-- RelaxOptimal OPTIMAL
 weights_sum: 1.0000033986629975
itereffortlevel: 0
--separating...
--find a better primal bound 0.25232732913391176 by Alternative descent Eigen
--found a cut state by heuristic 0.25232732913391176 0.019095702713358975 
iteration: 79,  #states: 1791, valueb: 0.019095702713358975, activeness: 0.25232732913391176, primalobj: 0.9418984072008898, dualobj: -Inf
solve--
end solve-- RelaxOptimal OPTIMAL
 weights_sum: 1.000000202380253
itereffortlevel: 0
--separating...
--find a better primal bound 0.31586675853770996 by Alternative descent Eigen
--found a cut state by heuristic 0.31586675853770996 0.15583323217550807 
iteration: 80,  #states: 1792, valueb: 0.15583323217550807, activeness: 0.31586675853770996, primalobj: 0.9418971449416677, dualobj: -Inf
solve--
end solve-- RelaxOptimal OPTIMAL
 weights_sum: 0.9999999999999998
itereffortlevel: 0
--separating...
--find a better primal bound 0.44647491685293217 by Alternative descent Eigen
--found a cut state by heuristic 0.44647491685293217 0.1615275156384664 
iteration: 81,  #states: 1793, valueb: 0.1615275156384664, activeness: 0.44647491685293217, primalobj: 0.9418968062112294, dualobj: -Inf
solve--
end solve-- RelaxOptimal OPTIMAL
 weights_sum: 1.0000000000000002
itereffortlevel: 0
--separating...
--find a better primal bound 0.34672740535258095 by Alternative descent Eigen
--found a cut state by heuristic 0.34672740535258095 0.13166363867410386 
iteration: 82,  #states: 1794, valueb: 0.13166363867410386, activeness: 0.34672740535258095, primalobj: 0.9418949715717917, dualobj: -Inf
solve--
end solve-- RelaxOptimal OPTIMAL
 weights_sum: 1.0000000280364167
itereffortlevel: 0
--separating...
--find a better primal bound 0.5462375160282417 by Alternative descent Eigen
--found a cut state by heuristic 0.5462375160282417 0.15926624934202227 
iteration: 83,  #states: 1795, valueb: 0.15926624934202227, activeness: 0.5462375160282417, primalobj: 0.9418942845257504, dualobj: -Inf
solve--
end solve-- RelaxOptimal OPTIMAL
 weights_sum: 1.000000100769423
itereffortlevel: 0
--separating...
--find a better primal bound 0.37739540873505123 by Alternative descent Eigen
--found a cut state by heuristic 0.37739540873505123 0.12249307638183286 
iteration: 84,  #states: 1796, valueb: 0.12249307638183286, activeness: 0.37739540873505123, primalobj: 0.9418923204686234, dualobj: -Inf
solve--
end solve-- RelaxOptimal OPTIMAL
 weights_sum: 1.000003928518855
itereffortlevel: 0
--separating...
--find a better primal bound 0.14538975322196176 by Alternative descent Eigen
--found a cut state by heuristic 0.14538975322196176 0.003087177789545304 
iteration: 85,  #states: 1797, valueb: 0.003087177789545304, activeness: 0.14538975322196176, primalobj: 0.9418901577701538, dualobj: -Inf
solve--
end solve-- RelaxOptimal OPTIMAL
 weights_sum: 1.0000000000000002
itereffortlevel: 0
--separating...
--find a better primal bound 0.3335352540569905 by Alternative descent Eigen
--found a cut state by heuristic 0.3335352540569905 -0.0 
iteration: 86,  #states: 1798, valueb: -0.0, activeness: 0.3335352540569905, primalobj: 0.9418891991971905, dualobj: -Inf
solve--
end solve-- RelaxOptimal OPTIMAL
 weights_sum: 1.0000001186282734
itereffortlevel: 0
--separating...
--find a better primal bound 0.31714759445812424 by Alternative descent Eigen
--found a cut state by heuristic 0.31714759445812424 0.10843812264295541 
iteration: 87,  #states: 1799, valueb: 0.10843812264295541, activeness: 0.31714759445812424, primalobj: 0.9418873724534468, dualobj: -Inf
solve--
end solve-- RelaxOptimal OPTIMAL
 weights_sum: 0.9999999999999997
itereffortlevel: 0
--separating...
--find a better primal bound 0.28024077079205445 by Alternative descent Eigen
--found a cut state by heuristic 0.28024077079205445 0.09231883103737099 
iteration: 88,  #states: 1800, valueb: 0.09231883103737099, activeness: 0.28024077079205445, primalobj: 0.9418863724683577, dualobj: -Inf
solve--
end solve-- RelaxOptimal OPTIMAL
 weights_sum: 0.9999999999999998
itereffortlevel: 0
--separating...
--find a better primal bound 0.4547883381185611 by Alternative descent Eigen
--found a cut state by heuristic 0.4547883381185611 0.12146904433850002 
iteration: 89,  #states: 1801, valueb: 0.12146904433850002, activeness: 0.4547883381185611, primalobj: 0.9418853180636648, dualobj: -Inf
solve--
end solve-- RelaxOptimal OPTIMAL
 weights_sum: 1.0000000317592872
itereffortlevel: 0
--separating...
--find a better primal bound 0.39531129095017137 by Alternative descent Eigen
--found a cut state by heuristic 0.39531129095017137 0.12014569597725648 
iteration: 90,  #states: 1802, valueb: 0.12014569597725648, activeness: 0.39531129095017137, primalobj: 0.9418831395128334, dualobj: -Inf
solve--
end solve-- RelaxOptimal OPTIMAL
 weights_sum: 0.9999999999999998
itereffortlevel: 0
--separating...
--find a better primal bound 0.26752864285118905 by Alternative descent Eigen
--found a cut state by heuristic 0.26752864285118905 0.09418994787826221 
iteration: 91,  #states: 1803, valueb: 0.09418994787826221, activeness: 0.26752864285118905, primalobj: 0.9418821243092226, dualobj: -Inf
solve--
end solve-- RelaxOptimal OPTIMAL
 weights_sum: 0.9999999999999989
itereffortlevel: 0
--separating...
--find a better primal bound 0.46726197627738986 by Alternative descent Eigen
--found a cut state by heuristic 0.46726197627738986 0.11079117816240037 
iteration: 92,  #states: 1804, valueb: 0.11079117816240037, activeness: 0.46726197627738986, primalobj: 0.9418818740610472, dualobj: -Inf
solve--
end solve-- RelaxOptimal OPTIMAL
 weights_sum: 1.000000019745957
itereffortlevel: 0
--separating...
--find a better primal bound 0.5423976775274632 by Alternative descent Eigen
--found a cut state by heuristic 0.5423976775274632 0.15688895772483988 
iteration: 93,  #states: 1805, valueb: 0.15688895772483988, activeness: 0.5423976775274632, primalobj: 0.9418797237133316, dualobj: -Inf
solve--
end solve-- RelaxOptimal OPTIMAL
 weights_sum: 1.0000000000000002
itereffortlevel: 0
--separating...
--find a better primal bound 0.23860023028291333 by Alternative descent Eigen
--found a cut state by heuristic 0.23860023028291333 -0.0 
iteration: 94,  #states: 1806, valueb: -0.0, activeness: 0.23860023028291333, primalobj: 0.9418786055928159, dualobj: -Inf
solve--
end solve-- RelaxOptimal OPTIMAL
 weights_sum: 1.0000028609036482
itereffortlevel: 0
--separating...
--find a better primal bound 0.3854677771434859 by Alternative descent Eigen
--found a cut state by heuristic 0.3854677771434859 0.07009995335530345 
iteration: 95,  #states: 1807, valueb: 0.07009995335530345, activeness: 0.3854677771434859, primalobj: 0.94187792192329, dualobj: -Inf
solve--
end solve-- RelaxOptimal OPTIMAL
 weights_sum: 0.9999999999999991
itereffortlevel: 0
--separating...
--find a better primal bound 0.2333084877028079 by Alternative descent Eigen
--found a cut state by heuristic 0.2333084877028079 0.11509288247068301 
iteration: 96,  #states: 1808, valueb: 0.11509288247068301, activeness: 0.2333084877028079, primalobj: 0.9418766803767777, dualobj: -Inf
solve--
end solve-- RelaxOptimal OPTIMAL
 weights_sum: 1.0
itereffortlevel: 0
--separating...
--find a better primal bound 0.38795727932304136 by Alternative descent Eigen
--found a cut state by heuristic 0.38795727932304136 0.09283541204061616 
iteration: 97,  #states: 1809, valueb: 0.09283541204061616, activeness: 0.38795727932304136, primalobj: 0.941876090524261, dualobj: -Inf
solve--
end solve-- RelaxOptimal OPTIMAL
 weights_sum: 1.0000000000000013
itereffortlevel: 0
--separating...
--find a better primal bound 0.3746318496096625 by Alternative descent Eigen
--found a cut state by heuristic 0.3746318496096625 0.08881762412964973 
iteration: 98,  #states: 1810, valueb: 0.08881762412964973, activeness: 0.3746318496096625, primalobj: 0.941875183602333, dualobj: -Inf
solve--
end solve-- RelaxOptimal OPTIMAL
 weights_sum: 0.9999999999999996
itereffortlevel: 0
--separating...
--find a better primal bound 0.3762078263157874 by Alternative descent Eigen
--found a cut state by heuristic 0.3762078263157874 0.12998733042991367 
iteration: 99,  #states: 1811, valueb: 0.12998733042991367, activeness: 0.3762078263157874, primalobj: 0.9418737280188589, dualobj: -Inf
solve--
end solve-- RelaxOptimal OPTIMAL
 weights_sum: 1.0
itereffortlevel: 0
--separating...
--find a better primal bound 0.3016668064339249 by Alternative descent Eigen
--found a cut state by heuristic 0.3016668064339249 0.12404965158958063 
iteration: 100,  #states: 1812, valueb: 0.12404965158958063, activeness: 0.3016668064339249, primalobj: 0.9418725481423111, dualobj: -Inf
solve--
end solve-- RelaxOptimal OPTIMAL
 weights_sum: 1.0000012106938176
itereffortlevel: 0
--separating...
--find a better primal bound 0.4511285576453114 by Alternative descent Eigen
--found a cut state by heuristic 0.4511285576453114 0.0647822375444185 
iteration: 101,  #states: 1813, valueb: 0.0647822375444185, activeness: 0.4511285576453114, primalobj: 0.9418712736855263, dualobj: -Inf
solve--
end solve-- RelaxOptimal OPTIMAL
 weights_sum: 1.0000001260134044
itereffortlevel: 0
--separating...
--find a better primal bound 0.5435238500615998 by Alternative descent Eigen
--found a cut state by heuristic 0.5435238500615998 0.13329785044171982 
iteration: 102,  #states: 1814, valueb: 0.13329785044171982, activeness: 0.5435238500615998, primalobj: 0.9418693569254947, dualobj: -Inf
solve--
end solve-- RelaxOptimal OPTIMAL
 weights_sum: 1.0000000000000013
itereffortlevel: 0
--separating...
--find a better primal bound 0.2627816463449295 by Alternative descent Eigen
--found a cut state by heuristic 0.2627816463449295 0.12258509416005087 
iteration: 103,  #states: 1815, valueb: 0.12258509416005087, activeness: 0.2627816463449295, primalobj: 0.9418662347640905, dualobj: -Inf
solve--
end solve-- RelaxOptimal OPTIMAL
 weights_sum: 0.9999999999999989
itereffortlevel: 0
--separating...
--find a better primal bound 0.4032442733432784 by Alternative descent Eigen
--found a cut state by heuristic 0.4032442733432784 0.15311555492697357 
iteration: 104,  #states: 1816, valueb: 0.15311555492697357, activeness: 0.4032442733432784, primalobj: 0.9418655913352704, dualobj: -Inf
solve--
end solve-- RelaxOptimal OPTIMAL
 weights_sum: 1.0000009938285723
itereffortlevel: 0
--separating...
--find a better primal bound 0.33856264333999614 by Alternative descent Eigen
--found a cut state by heuristic 0.33856264333999614 -0.0 
iteration: 105,  #states: 1817, valueb: -0.0, activeness: 0.33856264333999614, primalobj: 0.9418645053926221, dualobj: -Inf
solve--
end solve-- RelaxOptimal OPTIMAL
 weights_sum: 1.0000007661903767
itereffortlevel: 0
--separating...
--find a better primal bound 0.3849652164923694 by Alternative descent Eigen
--found a cut state by heuristic 0.3849652164923694 0.11205653723948808 
iteration: 106,  #states: 1818, valueb: 0.11205653723948808, activeness: 0.3849652164923694, primalobj: 0.9418624779154934, dualobj: -Inf
solve--
end solve-- RelaxOptimal OPTIMAL
 weights_sum: 1.0000001748370482
itereffortlevel: 0
--separating...
--find a better primal bound 0.30872193094794714 by Alternative descent Eigen
--found a cut state by heuristic 0.30872193094794714 0.16093437921199946 
iteration: 107,  #states: 1819, valueb: 0.16093437921199946, activeness: 0.30872193094794714, primalobj: 0.9418603933878776, dualobj: -Inf
solve--
end solve-- RelaxOptimal OPTIMAL
 weights_sum: 1.0000000000000004
itereffortlevel: 0
--separating...
--find a better primal bound 0.28869564605234166 by Alternative descent Eigen
--found a cut state by heuristic 0.28869564605234166 0.13860554944569944 
iteration: 108,  #states: 1820, valueb: 0.13860554944569944, activeness: 0.28869564605234166, primalobj: 0.9418597744008609, dualobj: -Inf
solve--
end solve-- RelaxOptimal OPTIMAL
 weights_sum: 1.0
itereffortlevel: 0
--separating...
--find a better primal bound 0.3638069139605816 by Alternative descent Eigen
--found a cut state by heuristic 0.3638069139605816 0.16475191232004316 
iteration: 109,  #states: 1821, valueb: 0.16475191232004316, activeness: 0.3638069139605816, primalobj: 0.9418584655003366, dualobj: -Inf
solve--
end solve-- RelaxOptimal OPTIMAL
 weights_sum: 1.0000000012686425
itereffortlevel: 0
--separating...
--find a better primal bound 0.5109411163846675 by Alternative descent Eigen
--found a cut state by heuristic 0.5109411163846675 0.1125284950152241 
iteration: 110,  #states: 1822, valueb: 0.1125284950152241, activeness: 0.5109411163846675, primalobj: 0.9418578704541171, dualobj: -Inf
solve--
end solve-- RelaxOptimal OPTIMAL
 weights_sum: 1.0000001059713002
itereffortlevel: 0
--separating...
--find a better primal bound 0.4213061428193383 by Alternative descent Eigen
--found a cut state by heuristic 0.4213061428193383 0.16770499499428973 
iteration: 111,  #states: 1823, valueb: 0.16770499499428973, activeness: 0.4213061428193383, primalobj: 0.9418549013547044, dualobj: -Inf
solve--
end solve-- RelaxOptimal OPTIMAL
 weights_sum: 1.0
itereffortlevel: 0
--separating...
--find a better primal bound 0.4283597394390992 by Alternative descent Eigen
--found a cut state by heuristic 0.4283597394390992 0.18809576997664465 
iteration: 112,  #states: 1824, valueb: 0.18809576997664465, activeness: 0.4283597394390992, primalobj: 0.9418539827929484, dualobj: -Inf
solve--
end solve-- RelaxOptimal OPTIMAL
 weights_sum: 1.0000002398792969
itereffortlevel: 0
--separating...
--find a better primal bound 0.41465921334191674 by Alternative descent Eigen
--found a cut state by heuristic 0.41465921334191674 0.16022940823547185 
iteration: 113,  #states: 1825, valueb: 0.16022940823547185, activeness: 0.41465921334191674, primalobj: 0.9418529403375034, dualobj: -Inf
solve--
end solve-- RelaxOptimal OPTIMAL
 weights_sum: 0.9999999999999998
itereffortlevel: 0
--separating...
--find a better primal bound 0.34685711126586644 by Alternative descent Eigen
--found a cut state by heuristic 0.34685711126586644 0.13832651954578679 
iteration: 114,  #states: 1826, valueb: 0.13832651954578679, activeness: 0.34685711126586644, primalobj: 0.9418518784098818, dualobj: -Inf
solve--
end solve-- RelaxOptimal OPTIMAL
 weights_sum: 1.000000022193685
itereffortlevel: 0
--separating...
--find a better primal bound 0.32710259358859417 by Alternative descent Eigen
--found a cut state by heuristic 0.32710259358859417 0.09568312347563493 
iteration: 115,  #states: 1827, valueb: 0.09568312347563493, activeness: 0.32710259358859417, primalobj: 0.941850691709968, dualobj: -Inf
solve--
end solve-- RelaxOptimal OPTIMAL
 weights_sum: 1.0000000000000007
itereffortlevel: 0
--separating...
--find a better primal bound 0.36305592561935507 by Alternative descent Eigen
--found a cut state by heuristic 0.36305592561935507 0.15053118168293303 
iteration: 116,  #states: 1828, valueb: 0.15053118168293303, activeness: 0.36305592561935507, primalobj: 0.9418495309469823, dualobj: -Inf
solve--
end solve-- RelaxOptimal OPTIMAL
 weights_sum: 0.9999999999999988
itereffortlevel: 0
--separating...
--find a better primal bound 0.5230047847030285 by Alternative descent Eigen
--found a cut state by heuristic 0.5230047847030285 0.1557212441868182 
iteration: 117,  #states: 1829, valueb: 0.1557212441868182, activeness: 0.5230047847030285, primalobj: 0.9418482636092664, dualobj: -Inf
solve--
end solve-- RelaxOptimal OPTIMAL
 weights_sum: 1.0000000000000013
itereffortlevel: 0
--separating...
--find a better primal bound 0.48003755307302237 by Alternative descent Eigen
--found a cut state by heuristic 0.48003755307302237 0.13503554154318348 
iteration: 118,  #states: 1830, valueb: 0.13503554154318348, activeness: 0.48003755307302237, primalobj: 0.9418462268433789, dualobj: -Inf
solve--
end solve-- RelaxOptimal OPTIMAL
 weights_sum: 1.000000000000001
itereffortlevel: 0
--separating...
--find a better primal bound 0.38450808840778794 by Alternative descent Eigen
--found a cut state by heuristic 0.38450808840778794 0.1184432669048487 
iteration: 119,  #states: 1831, valueb: 0.1184432669048487, activeness: 0.38450808840778794, primalobj: 0.9418451381910252, dualobj: -Inf
solve--
end solve-- RelaxOptimal OPTIMAL
 weights_sum: 1.0
itereffortlevel: 0
--separating...
--find a better primal bound 0.3383104516026515 by Alternative descent Eigen
--found a cut state by heuristic 0.3383104516026515 0.15706354835334127 
iteration: 120,  #states: 1832, valueb: 0.15706354835334127, activeness: 0.3383104516026515, primalobj: 0.9418439673033439, dualobj: -Inf
solve--
end solve-- RelaxOptimal OPTIMAL
 weights_sum: 0.9999999999999994
itereffortlevel: 0
--separating...
--find a better primal bound 0.4009354842262111 by Alternative descent Eigen
--found a cut state by heuristic 0.4009354842262111 0.1338224221380914 
iteration: 121,  #states: 1833, valueb: 0.1338224221380914, activeness: 0.4009354842262111, primalobj: 0.9418433593370681, dualobj: -Inf
solve--
end solve-- RelaxOptimal OPTIMAL
 weights_sum: 0.9999999999999996
itereffortlevel: 0
--separating...
--find a better primal bound 0.4096112348599383 by Alternative descent Eigen
--found a cut state by heuristic 0.4096112348599383 0.1400821278215403 
iteration: 122,  #states: 1834, valueb: 0.1400821278215403, activeness: 0.4096112348599383, primalobj: 0.9418427832576559, dualobj: -Inf
solve--
end solve-- RelaxOptimal OPTIMAL
 weights_sum: 0.9999999999999999
itereffortlevel: 0
--separating...
--find a better primal bound 0.37463995130464023 by Alternative descent Eigen
--found a cut state by heuristic 0.37463995130464023 0.10631487600848667 
iteration: 123,  #states: 1835, valueb: 0.10631487600848667, activeness: 0.37463995130464023, primalobj: 0.9418408706470085, dualobj: -Inf
solve--
end solve-- RelaxOptimal OPTIMAL
 weights_sum: 1.0000000000000004
itereffortlevel: 0
--separating...
--find a better primal bound 0.3997893105735564 by Alternative descent Eigen
--found a cut state by heuristic 0.3997893105735564 0.11205424645086202 
iteration: 124,  #states: 1836, valueb: 0.11205424645086202, activeness: 0.3997893105735564, primalobj: 0.941840009689796, dualobj: -Inf
solve--
end solve-- RelaxOptimal OPTIMAL
 weights_sum: 1.0000000411579544
itereffortlevel: 0
--separating...
--find a better primal bound 0.3617037957749302 by Alternative descent Eigen
--found a cut state by heuristic 0.3617037957749302 0.08046558993136595 
iteration: 125,  #states: 1837, valueb: 0.08046558993136595, activeness: 0.3617037957749302, primalobj: 0.9418382519886374, dualobj: -Inf
solve--
end solve-- RelaxOptimal OPTIMAL
 weights_sum: 1.0000009991771188
itereffortlevel: 0
--separating...
--find a better primal bound 0.25315072561358043 by Alternative descent Eigen
--found a cut state by heuristic 0.25315072561358043 0.11496722768745726 
iteration: 126,  #states: 1838, valueb: 0.11496722768745726, activeness: 0.25315072561358043, primalobj: 0.941836603520616, dualobj: -Inf
solve--
end solve-- RelaxOptimal OPTIMAL
 weights_sum: 1.000000154285437
itereffortlevel: 0
--separating...
--find a better primal bound 0.27718275176971935 by Alternative descent Eigen
--found a cut state by heuristic 0.27718275176971935 0.06446607821314555 
iteration: 127,  #states: 1839, valueb: 0.06446607821314555, activeness: 0.27718275176971935, primalobj: 0.9418357862126847, dualobj: -Inf
solve--
end solve-- RelaxOptimal OPTIMAL
 weights_sum: 1.0000000000000004
itereffortlevel: 0
--separating...
--find a better primal bound 0.21691342024252766 by Alternative descent Eigen
--found a cut state by heuristic 0.21691342024252766 0.048647121149880394 
iteration: 128,  #states: 1840, valueb: 0.048647121149880394, activeness: 0.21691342024252766, primalobj: 0.9418348491138762, dualobj: -Inf
solve--
end solve-- RelaxOptimal OPTIMAL
 weights_sum: 1.0000000000000016
itereffortlevel: 0
--separating...
--find a better primal bound 0.25272347369656967 by Alternative descent Eigen
--found a cut state by heuristic 0.25272347369656967 0.057213103838248985 
iteration: 129,  #states: 1841, valueb: 0.057213103838248985, activeness: 0.25272347369656967, primalobj: 0.94183328465135, dualobj: -Inf
solve--
end solve-- RelaxOptimal OPTIMAL
 weights_sum: 1.0000000000000009
itereffortlevel: 0
--separating...
--find a better primal bound 0.33031752925020097 by Alternative descent Eigen
--found a cut state by heuristic 0.33031752925020097 0.05088864756356509 
iteration: 130,  #states: 1842, valueb: 0.05088864756356509, activeness: 0.33031752925020097, primalobj: 0.941832206725279, dualobj: -Inf
solve--
end solve-- RelaxOptimal OPTIMAL
 weights_sum: 1.0000033835956486
itereffortlevel: 0
--separating...
--find a better primal bound 0.14022803444020723 by Alternative descent Eigen
--found a cut state by heuristic 0.14022803444020723 0.0037330598907749798 
iteration: 131,  #states: 1843, valueb: 0.0037330598907749798, activeness: 0.14022803444020723, primalobj: 0.9418299242373739, dualobj: -Inf
solve--
end solve-- RelaxOptimal OPTIMAL
 weights_sum: 1.0000000611074695
itereffortlevel: 0
--separating...
--find a better primal bound 0.20119486724768304 by Alternative descent Eigen
--found a cut state by heuristic 0.20119486724768304 0.009238382580899972 
iteration: 132,  #states: 1844, valueb: 0.009238382580899972, activeness: 0.20119486724768304, primalobj: 0.9418281566686222, dualobj: -Inf
solve--
end solve-- RelaxOptimal OPTIMAL
 weights_sum: 1.000000000000001
itereffortlevel: 0
--separating...
--find a better primal bound 0.44744940863029753 by Alternative descent Eigen
--found a cut state by heuristic 0.44744940863029753 0.12948802870266135 
iteration: 133,  #states: 1845, valueb: 0.12948802870266135, activeness: 0.44744940863029753, primalobj: 0.9418271798756803, dualobj: -Inf
solve--
end solve-- RelaxOptimal OPTIMAL
 weights_sum: 1.0000023509167428
itereffortlevel: 0
--separating...
--find a better primal bound 0.3070917062325639 by Alternative descent Eigen
--found a cut state by heuristic 0.3070917062325639 0.07808364041957383 
iteration: 134,  #states: 1846, valueb: 0.07808364041957383, activeness: 0.3070917062325639, primalobj: 0.9418261504914979, dualobj: -Inf
solve--
end solve-- RelaxOptimal OPTIMAL
 weights_sum: 0.9999999999999996
itereffortlevel: 0
--separating...
--find a better primal bound 0.290636125212474 by Alternative descent Eigen
--found a cut state by heuristic 0.290636125212474 0.10094915895018144 
iteration: 135,  #states: 1847, valueb: 0.10094915895018144, activeness: 0.290636125212474, primalobj: 0.9418249692483202, dualobj: -Inf
solve--
end solve-- RelaxOptimal OPTIMAL
 weights_sum: 1.0000000607705122
itereffortlevel: 0
--separating...
--find a better primal bound 0.3463744468094027 by Alternative descent Eigen
--found a cut state by heuristic 0.3463744468094027 0.10342724427834496 
iteration: 136,  #states: 1848, valueb: 0.10342724427834496, activeness: 0.3463744468094027, primalobj: 0.9418241338453781, dualobj: -Inf
solve--
end solve-- RelaxOptimal OPTIMAL
 weights_sum: 1.0000001262296925
itereffortlevel: 0
--separating...
--find a better primal bound 0.3429169891205037 by Alternative descent Eigen
--found a cut state by heuristic 0.3429169891205037 0.009642360874014048 
iteration: 137,  #states: 1849, valueb: 0.009642360874014048, activeness: 0.3429169891205037, primalobj: 0.9418231110142194, dualobj: -Inf
solve--
end solve-- RelaxOptimal OPTIMAL
 weights_sum: 1.0
itereffortlevel: 0
--separating...
--find a better primal bound 0.18922658142159193 by Alternative descent Eigen
--found a cut state by heuristic 0.18922658142159193 -0.0 
iteration: 138,  #states: 1850, valueb: -0.0, activeness: 0.18922658142159193, primalobj: 0.9418215089179581, dualobj: -Inf
solve--
end solve-- RelaxOptimal OPTIMAL
 weights_sum: 1.000000005650216
itereffortlevel: 0
--separating...
--find a better primal bound 0.3577400548156515 by Alternative descent Eigen
--found a cut state by heuristic 0.3577400548156515 0.06698429729418406 
iteration: 139,  #states: 1851, valueb: 0.06698429729418406, activeness: 0.3577400548156515, primalobj: 0.9418208319367567, dualobj: -Inf
solve--
end solve-- RelaxOptimal OPTIMAL
 weights_sum: 1.0000000217850114
itereffortlevel: 0
--separating...
--find a better primal bound 0.37882088917255563 by Alternative descent Eigen
--found a cut state by heuristic 0.37882088917255563 0.10098941336364195 
iteration: 140,  #states: 1852, valueb: 0.10098941336364195, activeness: 0.37882088917255563, primalobj: 0.941820228342608, dualobj: -Inf
solve--
end solve-- RelaxOptimal OPTIMAL
 weights_sum: 1.0
itereffortlevel: 0
--separating...
--find a better primal bound 0.24517151940778364 by Alternative descent Eigen
--found a cut state by heuristic 0.24517151940778364 0.0021284389908552675 
iteration: 141,  #states: 1853, valueb: 0.0021284389908552675, activeness: 0.24517151940778364, primalobj: 0.9418195766067489, dualobj: -Inf
solve--
end solve-- RelaxOptimal OPTIMAL
 weights_sum: 1.000000009362802
itereffortlevel: 0
--separating...
--find a better primal bound 0.4654144415240883 by Alternative descent Eigen
--found a cut state by heuristic 0.4654144415240883 0.17823897971281627 
iteration: 142,  #states: 1854, valueb: 0.17823897971281627, activeness: 0.4654144415240883, primalobj: 0.9418189606426173, dualobj: -Inf
solve--
end solve-- RelaxOptimal OPTIMAL
 weights_sum: 1.0000010090494011
itereffortlevel: 0
--separating...
--find a better primal bound 0.31910606288428267 by Alternative descent Eigen
--found a cut state by heuristic 0.31910606288428267 0.10976764690711863 
iteration: 143,  #states: 1855, valueb: 0.10976764690711863, activeness: 0.31910606288428267, primalobj: 0.9418177809301198, dualobj: -Inf
solve--
end solve-- RelaxOptimal OPTIMAL
 weights_sum: 1.0000000171220265
itereffortlevel: 0
--separating...
--find a better primal bound 0.3055717976219965 by Alternative descent Eigen
--found a cut state by heuristic 0.3055717976219965 0.09820974553848819 
iteration: 144,  #states: 1856, valueb: 0.09820974553848819, activeness: 0.3055717976219965, primalobj: 0.941816981330978, dualobj: -Inf
solve--
end solve-- RelaxOptimal OPTIMAL
 weights_sum: 1.0000000000000002
itereffortlevel: 0
--separating...
--find a better primal bound 0.32513432994121194 by Alternative descent Eigen
--found a cut state by heuristic 0.32513432994121194 0.08913252236661848 
iteration: 145,  #states: 1857, valueb: 0.08913252236661848, activeness: 0.32513432994121194, primalobj: 0.9418163724519514, dualobj: -Inf
solve--
end solve-- RelaxOptimal OPTIMAL
 weights_sum: 0.9999999999999992
itereffortlevel: 0
--separating...
--find a better primal bound 0.27633288618251606 by Alternative descent Eigen
--found a cut state by heuristic 0.27633288618251606 0.05984581648965336 
iteration: 146,  #states: 1858, valueb: 0.05984581648965336, activeness: 0.27633288618251606, primalobj: 0.9418149519171796, dualobj: -Inf
solve--
end solve-- RelaxOptimal OPTIMAL
 weights_sum: 1.0000000518962864
itereffortlevel: 0
--separating...
--find a better primal bound 0.2833636521146346 by Alternative descent Eigen
--found a cut state by heuristic 0.2833636521146346 0.07765662442398634 
iteration: 147,  #states: 1859, valueb: 0.07765662442398634, activeness: 0.2833636521146346, primalobj: 0.9418136523286074, dualobj: -Inf
solve--
end solve-- RelaxOptimal OPTIMAL
 weights_sum: 1.0000000134142888
itereffortlevel: 0
--separating...
--find a better primal bound 0.2427955140851548 by Alternative descent Eigen
--found a cut state by heuristic 0.2427955140851548 0.061633446731956705 
iteration: 148,  #states: 1860, valueb: 0.061633446731956705, activeness: 0.2427955140851548, primalobj: 0.9418131485913197, dualobj: -Inf
solve--
end solve-- RelaxOptimal OPTIMAL
 weights_sum: 1.0000000156171442
itereffortlevel: 0
--separating...
--find a better primal bound 0.29407547415954854 by Alternative descent Eigen
--found a cut state by heuristic 0.29407547415954854 0.0526661533061298 
iteration: 149,  #states: 1861, valueb: 0.0526661533061298, activeness: 0.29407547415954854, primalobj: 0.9418127682420503, dualobj: -Inf
solve--
end solve-- RelaxOptimal OPTIMAL
 weights_sum: 1.0000000611107343
itereffortlevel: 0
--separating...
--find a better primal bound 0.17403555510298865 by Alternative descent Eigen
--found a cut state by heuristic 0.17403555510298865 0.02819080850029249 
iteration: 150,  #states: 1862, valueb: 0.02819080850029249, activeness: 0.17403555510298865, primalobj: 0.941811817856388, dualobj: -Inf
solve--
end solve-- RelaxOptimal OPTIMAL
 weights_sum: 1.000000352513025
itereffortlevel: 0
--separating...
--find a better primal bound 0.2952491280446875 by Alternative descent Eigen
--found a cut state by heuristic 0.2952491280446875 0.0305720561008891 
iteration: 151,  #states: 1863, valueb: 0.0305720561008891, activeness: 0.2952491280446875, primalobj: 0.9418109065641713, dualobj: -Inf
solve--
end solve-- RelaxOptimal OPTIMAL
 weights_sum: 1.0000000000000009
itereffortlevel: 0
--separating...
--find a better primal bound 0.3355236494461488 by Alternative descent Eigen
--found a cut state by heuristic 0.3355236494461488 0.06620620967646594 
iteration: 152,  #states: 1864, valueb: 0.06620620967646594, activeness: 0.3355236494461488, primalobj: 0.9418101325881573, dualobj: -Inf
solve--
end solve-- RelaxOptimal OPTIMAL
 weights_sum: 1.0000000000000002
itereffortlevel: 0
--separating...
--find a better primal bound 0.1726257888053384 by Alternative descent Eigen
--found a cut state by heuristic 0.1726257888053384 0.040852694379116795 
iteration: 153,  #states: 1865, valueb: 0.040852694379116795, activeness: 0.1726257888053384, primalobj: 0.9418076883301375, dualobj: -Inf
solve--
end solve-- RelaxOptimal OPTIMAL
 weights_sum: 0.9999999999999993
itereffortlevel: 0
--separating...
--find a better primal bound 0.30159885007051995 by Alternative descent Eigen
--found a cut state by heuristic 0.30159885007051995 0.018917254118984168 
iteration: 154,  #states: 1866, valueb: 0.018917254118984168, activeness: 0.30159885007051995, primalobj: 0.9418074668001473, dualobj: -Inf
solve--
end solve-- RelaxOptimal OPTIMAL
 weights_sum: 1.0000000000000009
itereffortlevel: 0
--separating...
--find a better primal bound 0.3580294107932026 by Alternative descent Eigen
--found a cut state by heuristic 0.3580294107932026 0.09813587459422222 
iteration: 155,  #states: 1867, valueb: 0.09813587459422222, activeness: 0.3580294107932026, primalobj: 0.9418064454090767, dualobj: -Inf
solve--
end solve-- RelaxOptimal OPTIMAL
 weights_sum: 1.0000002574247997
itereffortlevel: 0
--separating...
--find a better primal bound 0.2359613703029134 by Alternative descent Eigen
--found a cut state by heuristic 0.2359613703029134 0.10992295598748296 
iteration: 156,  #states: 1868, valueb: 0.10992295598748296, activeness: 0.2359613703029134, primalobj: 0.9418051377347539, dualobj: -Inf
solve--
end solve-- RelaxOptimal OPTIMAL
 weights_sum: 1.0
itereffortlevel: 0
--separating...
--find a better primal bound 0.33032691186572904 by Alternative descent Eigen
--found a cut state by heuristic 0.33032691186572904 0.0936170988081916 
iteration: 157,  #states: 1869, valueb: 0.0936170988081916, activeness: 0.33032691186572904, primalobj: 0.9418044121701573, dualobj: -Inf
solve--
end solve-- RelaxOptimal OPTIMAL
 weights_sum: 0.9999999999999993
itereffortlevel: 0
--separating...
--find a better primal bound 0.3406591044810446 by Alternative descent Eigen
--found a cut state by heuristic 0.3406591044810446 0.132502974859046 
iteration: 158,  #states: 1870, valueb: 0.132502974859046, activeness: 0.3406591044810446, primalobj: 0.9418036861695254, dualobj: -Inf
solve--
end solve-- RelaxOptimal OPTIMAL
 weights_sum: 1.0000000000000013
itereffortlevel: 0
--separating...
--find a better primal bound 0.24582534730336178 by Alternative descent Eigen
--found a cut state by heuristic 0.24582534730336178 0.14012364821107254 
iteration: 159,  #states: 1871, valueb: 0.14012364821107254, activeness: 0.24582534730336178, primalobj: 0.9418029940637858, dualobj: -Inf
solve--
end solve-- RelaxOptimal OPTIMAL
 weights_sum: 0.9999999999999989
itereffortlevel: 0
--separating...
--find a better primal bound 0.21644179392142057 by Alternative descent Eigen
--found a cut state by heuristic 0.21644179392142057 0.0023203154486118975 
iteration: 160,  #states: 1872, valueb: 0.0023203154486118975, activeness: 0.21644179392142057, primalobj: 0.9418027168652882, dualobj: -Inf
solve--
end solve-- RelaxOptimal OPTIMAL
 weights_sum: 1.0000000422416884
itereffortlevel: 0
--separating...
--find a better primal bound 0.38907588662775844 by Alternative descent Eigen
--found a cut state by heuristic 0.38907588662775844 0.12926910803571046 
iteration: 161,  #states: 1873, valueb: 0.12926910803571046, activeness: 0.38907588662775844, primalobj: 0.9418017395173268, dualobj: -Inf
solve--
end solve-- RelaxOptimal OPTIMAL
 weights_sum: 1.0000000000000004
itereffortlevel: 0
--separating...
--find a better primal bound 0.23708986519271275 by Alternative descent Eigen
--found a cut state by heuristic 0.23708986519271275 0.015921527124640376 
iteration: 162,  #states: 1874, valueb: 0.015921527124640376, activeness: 0.23708986519271275, primalobj: 0.9418007632070078, dualobj: -Inf
solve--
end solve-- RelaxOptimal OPTIMAL
 weights_sum: 1.0000000038328987
itereffortlevel: 0
--separating...
--find a better primal bound 0.3222826360590161 by Alternative descent Eigen
--found a cut state by heuristic 0.3222826360590161 0.10577408717475047 
iteration: 163,  #states: 1875, valueb: 0.10577408717475047, activeness: 0.3222826360590161, primalobj: 0.9418002015235916, dualobj: -Inf
solve--
end solve-- RelaxOptimal OPTIMAL
 weights_sum: 1.0000000147392945
itereffortlevel: 0
--separating...
--find a better primal bound 0.3115104308998317 by Alternative descent Eigen
--found a cut state by heuristic 0.3115104308998317 0.008417870405832771 
iteration: 164,  #states: 1876, valueb: 0.008417870405832771, activeness: 0.3115104308998317, primalobj: 0.941798942294638, dualobj: -Inf
solve--
end solve-- RelaxOptimal OPTIMAL
 weights_sum: 1.0000002329934599
itereffortlevel: 0
--separating...
--find a better primal bound 0.09486588846075844 by Alternative descent Eigen
--found a cut state by heuristic 0.09486588846075844 0.009116380982883525 
iteration: 165,  #states: 1877, valueb: 0.009116380982883525, activeness: 0.09486588846075844, primalobj: 0.9417982028996975, dualobj: -Inf
solve--
end solve-- RelaxOptimal OPTIMAL
 weights_sum: 0.9999999999999993
itereffortlevel: 0
--separating...
--find a better primal bound 0.11748046386657561 by Alternative descent Eigen
--found a cut state by heuristic 0.11748046386657561 0.041603149536850924 
iteration: 166,  #states: 1878, valueb: 0.041603149536850924, activeness: 0.11748046386657561, primalobj: 0.9417977331537691, dualobj: -Inf
solve--
end solve-- RelaxOptimal OPTIMAL
 weights_sum: 1.0000000342803848
itereffortlevel: 0
--separating...
--find a better primal bound 0.34799859218488405 by Alternative descent Eigen
--found a cut state by heuristic 0.34799859218488405 0.046141028960885136 
iteration: 167,  #states: 1879, valueb: 0.046141028960885136, activeness: 0.34799859218488405, primalobj: 0.9417976336654676, dualobj: -Inf
solve--
end solve-- RelaxOptimal OPTIMAL
 weights_sum: 1.000000070239913
itereffortlevel: 0
--separating...
--find a better primal bound 0.21936829448149822 by Alternative descent Eigen
--found a cut state by heuristic 0.21936829448149822 0.011326179806508949 
iteration: 168,  #states: 1880, valueb: 0.011326179806508949, activeness: 0.21936829448149822, primalobj: 0.9417964177426237, dualobj: -Inf
solve--
end solve-- RelaxOptimal OPTIMAL
 weights_sum: 0.9999999999999998
itereffortlevel: 0
--separating...
--find a better primal bound 0.22900736955424447 by Alternative descent Eigen
--found a cut state by heuristic 0.22900736955424447 0.004026261620567931 
iteration: 169,  #states: 1881, valueb: 0.004026261620567931, activeness: 0.22900736955424447, primalobj: 0.9417960787468396, dualobj: -Inf
solve--
end solve-- RelaxOptimal OPTIMAL
 weights_sum: 1.0000008445029218
itereffortlevel: 0
--separating...
--find a better primal bound 0.2535273390795925 by Alternative descent Eigen
--found a cut state by heuristic 0.2535273390795925 0.08691656397255113 
iteration: 170,  #states: 1882, valueb: 0.08691656397255113, activeness: 0.2535273390795925, primalobj: 0.941795409045714, dualobj: -Inf
solve--
end solve-- RelaxOptimal OPTIMAL
 weights_sum: 1.000000000000001
itereffortlevel: 0
--separating...
--find a better primal bound 0.19830767770286553 by Alternative descent Eigen
--found a cut state by heuristic 0.19830767770286553 0.050103901535101115 
iteration: 171,  #states: 1883, valueb: 0.050103901535101115, activeness: 0.19830767770286553, primalobj: 0.9417946373326465, dualobj: -Inf
solve--
end solve-- RelaxOptimal OPTIMAL
 weights_sum: 1.000000263916652
itereffortlevel: 0
--separating...
--find a better primal bound 0.23046551235167062 by Alternative descent Eigen
--found a cut state by heuristic 0.23046551235167062 0.02482020746229197 
iteration: 172,  #states: 1884, valueb: 0.02482020746229197, activeness: 0.23046551235167062, primalobj: 0.9417937525862925, dualobj: -Inf
solve--
end solve-- RelaxOptimal OPTIMAL
 weights_sum: 1.0000001030324028
itereffortlevel: 0
--separating...
--find a better primal bound 0.26735938887111294 by Alternative descent Eigen
--found a cut state by heuristic 0.26735938887111294 0.09517546687288155 
iteration: 173,  #states: 1885, valueb: 0.09517546687288155, activeness: 0.26735938887111294, primalobj: 0.9417932272369945, dualobj: -Inf
solve--
end solve-- RelaxOptimal OPTIMAL
 weights_sum: 1.0000000000000007
itereffortlevel: 0
--separating...
--find a better primal bound 0.44190899369407316 by Alternative descent Eigen
--found a cut state by heuristic 0.44190899369407316 0.10366231129965943 
iteration: 174,  #states: 1886, valueb: 0.10366231129965943, activeness: 0.44190899369407316, primalobj: 0.9417929193308318, dualobj: -Inf
solve--
end solve-- RelaxOptimal OPTIMAL
 weights_sum: 1.0000000000000009
itereffortlevel: 0
--separating...
--find a better primal bound 0.3287198415153235 by Alternative descent Eigen
--found a cut state by heuristic 0.3287198415153235 0.06756894149336574 
iteration: 175,  #states: 1887, valueb: 0.06756894149336574, activeness: 0.3287198415153235, primalobj: 0.9417916098526199, dualobj: -Inf
solve--
end solve-- RelaxOptimal OPTIMAL
 weights_sum: 0.9999999999999989
itereffortlevel: 0
--separating...
--find a better primal bound 0.2592610364687255 by Alternative descent Eigen
--found a cut state by heuristic 0.2592610364687255 0.09915154010108333 
iteration: 176,  #states: 1888, valueb: 0.09915154010108333, activeness: 0.2592610364687255, primalobj: 0.9417911764540793, dualobj: -Inf
solve--
end solve-- RelaxOptimal OPTIMAL
 weights_sum: 1.0000000223127106
itereffortlevel: 0
--separating...
--find a better primal bound 0.2611773372476136 by Alternative descent Eigen
--found a cut state by heuristic 0.2611773372476136 0.08026762454303907 
iteration: 177,  #states: 1889, valueb: 0.08026762454303907, activeness: 0.2611773372476136, primalobj: 0.9417909099081523, dualobj: -Inf
solve--
end solve-- RelaxOptimal OPTIMAL
 weights_sum: 1.0000000000000009
itereffortlevel: 0
--separating...
--find a better primal bound 0.2315573564274627 by Alternative descent Eigen
--found a cut state by heuristic 0.2315573564274627 0.08485916058910781 
iteration: 178,  #states: 1890, valueb: 0.08485916058910781, activeness: 0.2315573564274627, primalobj: 0.9417903494432825, dualobj: -Inf
solve--
end solve-- RelaxOptimal OPTIMAL
 weights_sum: 1.0000001491661425
itereffortlevel: 0
--separating...
--find a better primal bound 0.20430937066171934 by Alternative descent Eigen
--found a cut state by heuristic 0.20430937066171934 0.08610735210095066 
iteration: 179,  #states: 1891, valueb: 0.08610735210095066, activeness: 0.20430937066171934, primalobj: 0.941789920186157, dualobj: -Inf
solve--
end solve-- RelaxOptimal OPTIMAL
 weights_sum: 1.0000000648109575
itereffortlevel: 0
--separating...
--find a better primal bound 0.2013211816660822 by Alternative descent Eigen
--found a cut state by heuristic 0.2013211816660822 0.0980069600567298 
iteration: 180,  #states: 1892, valueb: 0.0980069600567298, activeness: 0.2013211816660822, primalobj: 0.9417896194812567, dualobj: -Inf
solve--
end solve-- RelaxOptimal OPTIMAL
 weights_sum: 0.9999999999999989
itereffortlevel: 0
--separating...
--find a better primal bound 0.27779443645761503 by Alternative descent Eigen
--found a cut state by heuristic 0.27779443645761503 0.09562626251056636 
iteration: 181,  #states: 1893, valueb: 0.09562626251056636, activeness: 0.27779443645761503, primalobj: 0.9417888173064959, dualobj: -Inf
solve--
end solve-- RelaxOptimal OPTIMAL
 weights_sum: 1.0000000000000004
itereffortlevel: 0
--separating...
--find a better primal bound 0.28263869749966886 by Alternative descent Eigen
--found a cut state by heuristic 0.28263869749966886 0.0815836736074639 
iteration: 182,  #states: 1894, valueb: 0.0815836736074639, activeness: 0.28263869749966886, primalobj: 0.9417885005807389, dualobj: -Inf
solve--
end solve-- RelaxOptimal OPTIMAL
 weights_sum: 1.0000000311529416
itereffortlevel: 0
--separating...
--find a better primal bound 0.26108300242219107 by Alternative descent Eigen
--found a cut state by heuristic 0.26108300242219107 0.07577759214295275 
iteration: 183,  #states: 1895, valueb: 0.07577759214295275, activeness: 0.26108300242219107, primalobj: 0.9417882103088712, dualobj: -Inf
solve--
end solve-- RelaxOptimal OPTIMAL
 weights_sum: 0.9999999999999991
itereffortlevel: 0
--separating...
--find a better primal bound 0.2099179376360778 by Alternative descent Eigen
--found a cut state by heuristic 0.2099179376360778 0.07069970096437249 
iteration: 184,  #states: 1896, valueb: 0.07069970096437249, activeness: 0.2099179376360778, primalobj: 0.9417876806659324, dualobj: -Inf
solve--
end solve-- RelaxOptimal OPTIMAL
 weights_sum: 1.0000003880703086
itereffortlevel: 0
--separating...
--find a better primal bound 0.2333413896287161 by Alternative descent Eigen
--found a cut state by heuristic 0.2333413896287161 0.09691560213861691 
iteration: 185,  #states: 1897, valueb: 0.09691560213861691, activeness: 0.2333413896287161, primalobj: 0.9417874077149452, dualobj: -Inf
solve--
end solve-- RelaxOptimal OPTIMAL
 weights_sum: 1.0000000000000007
itereffortlevel: 0
--separating...
--find a better primal bound 0.22696707666094182 by Alternative descent Eigen
--found a cut state by heuristic 0.22696707666094182 0.09258497485864522 
iteration: 186,  #states: 1898, valueb: 0.09258497485864522, activeness: 0.22696707666094182, primalobj: 0.9417871158244423, dualobj: -Inf
solve--
end solve-- RelaxOptimal OPTIMAL
 weights_sum: 0.9999999999999998
itereffortlevel: 0
--separating...
--find a better primal bound 0.13436656859808882 by Alternative descent Eigen
--found a cut state by heuristic 0.13436656859808882 0.032351968222664326 
iteration: 187,  #states: 1899, valueb: 0.032351968222664326, activeness: 0.13436656859808882, primalobj: 0.9417868059075248, dualobj: -Inf
solve--
end solve-- RelaxOptimal OPTIMAL
 weights_sum: 1.0000000813759766
itereffortlevel: 0
--separating...
--find a better primal bound 0.22616689696122882 by Alternative descent Eigen
--found a cut state by heuristic 0.22616689696122882 0.04695590653159414 
iteration: 188,  #states: 1900, valueb: 0.04695590653159414, activeness: 0.22616689696122882, primalobj: 0.9417862871019841, dualobj: -Inf
solve--
end solve-- RelaxOptimal OPTIMAL
 weights_sum: 1.000000020327103
itereffortlevel: 0
--separating...
--find a better primal bound 0.19311819982835976 by Alternative descent Eigen
--found a cut state by heuristic 0.19311819982835976 0.06565267314179372 
iteration: 189,  #states: 1901, valueb: 0.06565267314179372, activeness: 0.19311819982835976, primalobj: 0.9417858105698281, dualobj: -Inf
solve--
end solve-- RelaxOptimal OPTIMAL
 weights_sum: 1.0
itereffortlevel: 0
--separating...
--find a better primal bound 0.1791387651389551 by Alternative descent Eigen
--found a cut state by heuristic 0.1791387651389551 0.035051260186746064 
iteration: 190,  #states: 1902, valueb: 0.035051260186746064, activeness: 0.1791387651389551, primalobj: 0.9417853899142498, dualobj: -Inf
solve--
end solve-- RelaxOptimal OPTIMAL
 weights_sum: 1.0000000000000002
itereffortlevel: 0
--separating...
--find a better primal bound 0.08556781854483261 by Alternative descent Eigen
--found a cut state by heuristic 0.08556781854483261 -0.0 
iteration: 191,  #states: 1903, valueb: -0.0, activeness: 0.08556781854483261, primalobj: 0.9417850160485698, dualobj: -Inf
solve--
end solve-- RelaxOptimal OPTIMAL
 weights_sum: 1.0000000045873665
itereffortlevel: 0
--separating...
--find a better primal bound 0.1077227364775809 by Alternative descent Eigen
--found a cut state by heuristic 0.1077227364775809 0.006897421321492925 
iteration: 192,  #states: 1904, valueb: 0.006897421321492925, activeness: 0.1077227364775809, primalobj: 0.9417845155103468, dualobj: -Inf
solve--
end solve-- RelaxOptimal OPTIMAL
 weights_sum: 1.0000004041513217
itereffortlevel: 0
--separating...
--find a better primal bound 0.4001274560454239 by Alternative descent Eigen
--found a cut state by heuristic 0.4001274560454239 0.16665516041850117 
iteration: 193,  #states: 1905, valueb: 0.16665516041850117, activeness: 0.4001274560454239, primalobj: 0.9417836377331558, dualobj: -Inf
solve--
end solve-- RelaxOptimal OPTIMAL
 weights_sum: 1.0
itereffortlevel: 0
--separating...
--find a better primal bound 0.261026717791551 by Alternative descent Eigen
--found a cut state by heuristic 0.261026717791551 0.08081834090414536 
iteration: 194,  #states: 1906, valueb: 0.08081834090414536, activeness: 0.261026717791551, primalobj: 0.9417826604914001, dualobj: -Inf
solve--
end solve-- RelaxOptimal OPTIMAL
 weights_sum: 1.0000022733966265
itereffortlevel: 0
--separating...
--find a better primal bound 0.16398826403280398 by Alternative descent Eigen
--found a cut state by heuristic 0.16398826403280398 0.043490727601490246 
iteration: 195,  #states: 1907, valueb: 0.043490727601490246, activeness: 0.16398826403280398, primalobj: 0.9417817462622639, dualobj: -Inf
solve--
end solve-- RelaxOptimal OPTIMAL
 weights_sum: 0.9999999999999996
itereffortlevel: 0
--separating...
--find a better primal bound 0.2642362626191498 by Alternative descent Eigen
--found a cut state by heuristic 0.2642362626191498 0.0403803694782722 
iteration: 196,  #states: 1908, valueb: 0.0403803694782722, activeness: 0.2642362626191498, primalobj: 0.9417813830350112, dualobj: -Inf
solve--
end solve-- RelaxOptimal OPTIMAL
 weights_sum: 0.9999999999999998
itereffortlevel: 0
--separating...
--find a better primal bound 0.27869506981043074 by Alternative descent Eigen
--found a cut state by heuristic 0.27869506981043074 0.08155016726988543 
iteration: 197,  #states: 1909, valueb: 0.08155016726988543, activeness: 0.27869506981043074, primalobj: 0.9417802175096899, dualobj: -Inf
solve--
end solve-- RelaxOptimal OPTIMAL
 weights_sum: 1.0000000001806904
itereffortlevel: 0
--separating...
--find a better primal bound 0.2494221628786379 by Alternative descent Eigen
--found a cut state by heuristic 0.2494221628786379 0.09296081169184733 
iteration: 198,  #states: 1910, valueb: 0.09296081169184733, activeness: 0.2494221628786379, primalobj: 0.9417787416799124, dualobj: -Inf
solve--
end solve-- RelaxOptimal OPTIMAL
 weights_sum: 0.9999999999999998
itereffortlevel: 0
--separating...
--find a better primal bound 0.28832367950632243 by Alternative descent Eigen
--found a cut state by heuristic 0.28832367950632243 0.03756194289402491 
iteration: 199,  #states: 1911, valueb: 0.03756194289402491, activeness: 0.28832367950632243, primalobj: 0.941778397652722, dualobj: -Inf
solve--
end solve-- RelaxOptimal OPTIMAL
 weights_sum: 1.0000003014364065
itereffortlevel: 0
--separating...
--find a better primal bound 0.37203851229648227 by Alternative descent Eigen
--found a cut state by heuristic 0.37203851229648227 0.12096132478399212 
iteration: 200,  #states: 1912, valueb: 0.12096132478399212, activeness: 0.37203851229648227, primalobj: 0.941777041171982, dualobj: -Inf
solve--
end solve-- RelaxOptimal OPTIMAL
 weights_sum: 1.0
itereffortlevel: 0
--separating...
--find a better primal bound 0.21655786123430779 by Alternative descent Eigen
--found a cut state by heuristic 0.21655786123430779 0.06417936578595573 
iteration: 201,  #states: 1913, valueb: 0.06417936578595573, activeness: 0.21655786123430779, primalobj: 0.9417763177338466, dualobj: -Inf
solve--
end solve-- RelaxOptimal OPTIMAL
 weights_sum: 1.0000000182566704
itereffortlevel: 0
--separating...
--find a better primal bound 0.18072328177894464 by Alternative descent Eigen
--found a cut state by heuristic 0.18072328177894464 0.06832981270718899 
iteration: 202,  #states: 1914, valueb: 0.06832981270718899, activeness: 0.18072328177894464, primalobj: 0.9417758036133123, dualobj: -Inf
solve--
end solve-- RelaxOptimal OPTIMAL
 weights_sum: 0.9999999999999989
itereffortlevel: 0
--separating...
--find a better primal bound 0.22445979727882492 by Alternative descent Eigen
--found a cut state by heuristic 0.22445979727882492 0.0629463794678015 
iteration: 203,  #states: 1915, valueb: 0.0629463794678015, activeness: 0.22445979727882492, primalobj: 0.9417756478257379, dualobj: -Inf
solve--
end solve-- RelaxOptimal OPTIMAL
 weights_sum: 1.0000000000000002
itereffortlevel: 0
--separating...
--find a better primal bound 0.20777302300859601 by Alternative descent Eigen
--found a cut state by heuristic 0.20777302300859601 0.043339381927669035 
iteration: 204,  #states: 1916, valueb: 0.043339381927669035, activeness: 0.20777302300859601, primalobj: 0.9417751573063223, dualobj: -Inf
solve--
end solve-- RelaxOptimal OPTIMAL
 weights_sum: 1.0000000000000004
itereffortlevel: 0
--separating...
--find a better primal bound 0.17298371080232341 by Alternative descent Eigen
--found a cut state by heuristic 0.17298371080232341 -0.0 
iteration: 205,  #states: 1917, valueb: -0.0, activeness: 0.17298371080232341, primalobj: 0.9417745128946166, dualobj: -Inf
solve--
end solve-- RelaxOptimal OPTIMAL
 weights_sum: 1.0000000133891291
itereffortlevel: 0
--separating...
--find a better primal bound 0.43154031002692306 by Alternative descent Eigen
--found a cut state by heuristic 0.43154031002692306 0.11598718511906468 
iteration: 206,  #states: 1918, valueb: 0.11598718511906468, activeness: 0.43154031002692306, primalobj: 0.9417737778502945, dualobj: -Inf
solve--
end solve-- RelaxOptimal OPTIMAL
 weights_sum: 1.0000000060562626
itereffortlevel: 0
--separating...
--find a better primal bound 0.19713185016746215 by Alternative descent Eigen
--found a cut state by heuristic 0.19713185016746215 0.07354731580869428 
iteration: 207,  #states: 1919, valueb: 0.07354731580869428, activeness: 0.19713185016746215, primalobj: 0.9417728430681456, dualobj: -Inf
solve--
end solve-- RelaxOptimal OPTIMAL
 weights_sum: 1.0000000000000004
itereffortlevel: 0
--separating...
--find a better primal bound 0.17594938850058595 by Alternative descent Eigen
--found a cut state by heuristic 0.17594938850058595 0.024543365844244033 
iteration: 208,  #states: 1920, valueb: 0.024543365844244033, activeness: 0.17594938850058595, primalobj: 0.9417724487703547, dualobj: -Inf
solve--
end solve-- RelaxOptimal OPTIMAL
 weights_sum: 1.0000000125073267
itereffortlevel: 0
--separating...
--find a better primal bound 0.16721736163323117 by Alternative descent Eigen
--found a cut state by heuristic 0.16721736163323117 0.08778751418177605 
iteration: 209,  #states: 1921, valueb: 0.08778751418177605, activeness: 0.16721736163323117, primalobj: 0.9417719052019846, dualobj: -Inf
solve--
end solve-- RelaxOptimal OPTIMAL
 weights_sum: 0.9999999999999998
itereffortlevel: 0
--separating...
--find a better primal bound 0.2214943659904286 by Alternative descent Eigen
--found a cut state by heuristic 0.2214943659904286 -0.0 
iteration: 210,  #states: 1922, valueb: -0.0, activeness: 0.2214943659904286, primalobj: 0.9417699933460123, dualobj: -Inf
solve--
end solve-- RelaxOptimal OPTIMAL
 weights_sum: 1.0000000612312803
itereffortlevel: 0
--separating...
--find a better primal bound 0.12346170784770438 by Alternative descent Eigen
--found a cut state by heuristic 0.12346170784770438 -0.0 
iteration: 211,  #states: 1923, valueb: -0.0, activeness: 0.12346170784770438, primalobj: 0.9417684902313027, dualobj: -Inf
solve--
end solve-- RelaxOptimal OPTIMAL
 weights_sum: 0.9999999999999991
itereffortlevel: 0
--separating...
--find a better primal bound 0.2931413742569753 by Alternative descent Eigen
--found a cut state by heuristic 0.2931413742569753 0.06176497292668023 
iteration: 212,  #states: 1924, valueb: 0.06176497292668023, activeness: 0.2931413742569753, primalobj: 0.9417681724437195, dualobj: -Inf
solve--
end solve-- RelaxOptimal OPTIMAL
 weights_sum: 1.0000000066026469
itereffortlevel: 0
--separating...
--find a better primal bound 0.2944464622064109 by Alternative descent Eigen
--found a cut state by heuristic 0.2944464622064109 0.04870027156540087 
iteration: 213,  #states: 1925, valueb: 0.04870027156540087, activeness: 0.2944464622064109, primalobj: 0.9417675412418057, dualobj: -Inf
solve--
end solve-- RelaxOptimal OPTIMAL
 weights_sum: 1.0000000000000007
itereffortlevel: 0
--separating...
--find a better primal bound 0.13319419143344793 by Alternative descent Eigen
--found a cut state by heuristic 0.13319419143344793 0.04979203325277934 
iteration: 214,  #states: 1926, valueb: 0.04979203325277934, activeness: 0.13319419143344793, primalobj: 0.9417670226810441, dualobj: -Inf
solve--
end solve-- RelaxOptimal OPTIMAL
 weights_sum: 1.0000000373208613
itereffortlevel: 0
--separating...
--find a better primal bound 0.18602164366561907 by Alternative descent Eigen
--found a cut state by heuristic 0.18602164366561907 0.06025357474806746 
iteration: 215,  #states: 1927, valueb: 0.06025357474806746, activeness: 0.18602164366561907, primalobj: 0.9417667760194717, dualobj: -Inf
solve--
end solve-- RelaxOptimal OPTIMAL
 weights_sum: 0.9999999999999996
itereffortlevel: 0
--separating...
--find a better primal bound 0.2134348177990616 by Alternative descent Eigen
--found a cut state by heuristic 0.2134348177990616 0.05290347393164889 
iteration: 216,  #states: 1928, valueb: 0.05290347393164889, activeness: 0.2134348177990616, primalobj: 0.9417665055945517, dualobj: -Inf
solve--
end solve-- RelaxOptimal OPTIMAL
 weights_sum: 1.0000000669069504
itereffortlevel: 0
--separating...
--find a better primal bound 0.19442879910389527 by Alternative descent Eigen
--found a cut state by heuristic 0.19442879910389527 0.061065628928782284 
iteration: 217,  #states: 1929, valueb: 0.061065628928782284, activeness: 0.19442879910389527, primalobj: 0.9417662132157774, dualobj: -Inf
solve--
end solve-- RelaxOptimal OPTIMAL
 weights_sum: 1.0000000385019778
itereffortlevel: 0
--separating...
--find a better primal bound 0.16880145824212334 by Alternative descent Eigen
--found a cut state by heuristic 0.16880145824212334 -0.0 
iteration: 218,  #states: 1930, valueb: -0.0, activeness: 0.16880145824212334, primalobj: 0.9417658559066246, dualobj: -Inf
solve--
end solve-- RelaxOptimal OPTIMAL
 weights_sum: 1.0
itereffortlevel: 0
--separating...
--find a better primal bound 0.1328140280893626 by Alternative descent Eigen
--found a cut state by heuristic 0.1328140280893626 0.03934972468365341 
iteration: 219,  #states: 1931, valueb: 0.03934972468365341, activeness: 0.1328140280893626, primalobj: 0.9417651868469485, dualobj: -Inf
solve--
end solve-- RelaxOptimal OPTIMAL
 weights_sum: 1.0
itereffortlevel: 0
--separating...
--find a better primal bound 0.1543126795566069 by Alternative descent Eigen
--found a cut state by heuristic 0.1543126795566069 -0.0 
iteration: 220,  #states: 1932, valueb: -0.0, activeness: 0.1543126795566069, primalobj: 0.9417648847483772, dualobj: -Inf
solve--
end solve-- RelaxOptimal OPTIMAL
 weights_sum: 1.0000000315688082
itereffortlevel: 0
--separating...
--find a better primal bound 0.05441635086290549 by Alternative descent Eigen
--found a cut state by heuristic 0.05441635086290549 -0.0 
iteration: 221,  #states: 1933, valueb: -0.0, activeness: 0.05441635086290549, primalobj: 0.9417645240139428, dualobj: -Inf
solve--
end solve-- RelaxOptimal OPTIMAL
 weights_sum: 1.0000000000000002
itereffortlevel: 0
--separating...
--find a better primal bound 0.29073045062508057 by Alternative descent Eigen
--found a cut state by heuristic 0.29073045062508057 0.06619023362461324 
iteration: 222,  #states: 1934, valueb: 0.06619023362461324, activeness: 0.29073045062508057, primalobj: 0.941764161810972, dualobj: -Inf
solve--
end solve-- RelaxOptimal OPTIMAL
 weights_sum: 1.0000000170165542
itereffortlevel: 0
--separating...
--find a better primal bound 0.14321412561234304 by Alternative descent Eigen
--found a cut state by heuristic 0.14321412561234304 -0.0 
iteration: 223,  #states: 1935, valueb: -0.0, activeness: 0.14321412561234304, primalobj: 0.941763395580241, dualobj: -Inf
solve--
end solve-- RelaxOptimal OPTIMAL
 weights_sum: 1.0000019165328546
itereffortlevel: 0
--separating...
--find a better primal bound 0.25254479252754486 by Alternative descent Eigen
--found a cut state by heuristic 0.25254479252754486 0.07234327814117056 
iteration: 224,  #states: 1936, valueb: 0.07234327814117056, activeness: 0.25254479252754486, primalobj: 0.9417629647414434, dualobj: -Inf
solve--
end solve-- RelaxOptimal OPTIMAL
 weights_sum: 0.9999999999999993
itereffortlevel: 0
--separating...
--find a better primal bound 0.22183897489743531 by Alternative descent Eigen
--found a cut state by heuristic 0.22183897489743531 0.053076300339755876 
iteration: 225,  #states: 1937, valueb: 0.053076300339755876, activeness: 0.22183897489743531, primalobj: 0.9417622065422679, dualobj: -Inf
solve--
end solve-- RelaxOptimal OPTIMAL
 weights_sum: 1.0000000000000004
itereffortlevel: 0
--separating...
--find a better primal bound 0.297078236914433 by Alternative descent Eigen
--found a cut state by heuristic 0.297078236914433 0.0073615100399634205 
iteration: 226,  #states: 1938, valueb: 0.0073615100399634205, activeness: 0.297078236914433, primalobj: 0.9417616720126404, dualobj: -Inf
solve--
end solve-- RelaxOptimal OPTIMAL
 weights_sum: 1.0000002763952263
itereffortlevel: 0
--separating...
--find a better primal bound 0.12145429938291476 by Alternative descent Eigen
--found a cut state by heuristic 0.12145429938291476 -0.0 
iteration: 227,  #states: 1939, valueb: -0.0, activeness: 0.12145429938291476, primalobj: 0.941760748949228, dualobj: -Inf
solve--
end solve-- RelaxOptimal OPTIMAL
 weights_sum: 1.000000222267189
itereffortlevel: 0
--separating...
--find a better primal bound 0.2948443673941454 by Alternative descent Eigen
--found a cut state by heuristic 0.2948443673941454 0.09045715772861307 
iteration: 228,  #states: 1940, valueb: 0.09045715772861307, activeness: 0.2948443673941454, primalobj: 0.9417604522053878, dualobj: -Inf
solve--
end solve-- RelaxOptimal OPTIMAL
 weights_sum: 0.9999999999999988
itereffortlevel: 0
--separating...
--find a better primal bound 0.2693791515371299 by Alternative descent Eigen
--found a cut state by heuristic 0.2693791515371299 0.12624291593080306 
iteration: 229,  #states: 1941, valueb: 0.12624291593080306, activeness: 0.2693791515371299, primalobj: 0.94175983852143, dualobj: -Inf
solve--
end solve-- RelaxOptimal OPTIMAL
 weights_sum: 1.0000000724514089
itereffortlevel: 0
--separating...
--find a better primal bound 0.3363878125223829 by Alternative descent Eigen
--found a cut state by heuristic 0.3363878125223829 0.130809566023558 
iteration: 230,  #states: 1942, valueb: 0.130809566023558, activeness: 0.3363878125223829, primalobj: 0.9417594779788436, dualobj: -Inf
solve--
end solve-- RelaxOptimal OPTIMAL
 weights_sum: 1.0000003282416925
itereffortlevel: 0
--separating...
--find a better primal bound 0.2680312268905436 by Alternative descent Eigen
--found a cut state by heuristic 0.2680312268905436 0.05106395798472356 
iteration: 231,  #states: 1943, valueb: 0.05106395798472356, activeness: 0.2680312268905436, primalobj: 0.9417582750977125, dualobj: -Inf
solve--
end solve-- RelaxOptimal OPTIMAL
 weights_sum: 0.9999999999999991
itereffortlevel: 0
--separating...
--find a better primal bound 0.2044140055992394 by Alternative descent Eigen
--found a cut state by heuristic 0.2044140055992394 0.07437855628762163 
iteration: 232,  #states: 1944, valueb: 0.07437855628762163, activeness: 0.2044140055992394, primalobj: 0.9417577175010756, dualobj: -Inf
solve--
end solve-- RelaxOptimal OPTIMAL
 weights_sum: 0.9999999999999999
itereffortlevel: 0
--separating...
--find a better primal bound 0.11018440794350579 by Alternative descent Eigen
--found a cut state by heuristic 0.11018440794350579 -0.0 
iteration: 233,  #states: 1945, valueb: -0.0, activeness: 0.11018440794350579, primalobj: 0.9417575888893062, dualobj: -Inf
solve--
end solve-- RelaxOptimal OPTIMAL
 weights_sum: 1.0000000000000004
itereffortlevel: 0
--separating...
--find a better primal bound 0.0654379894156882 by Alternative descent Eigen
--found a cut state by heuristic 0.0654379894156882 -0.0 
iteration: 234,  #states: 1946, valueb: -0.0, activeness: 0.0654379894156882, primalobj: 0.9417571756400864, dualobj: -Inf
solve--
end solve-- RelaxOptimal OPTIMAL
 weights_sum: 1.0000001465198705
itereffortlevel: 0
--separating...
--find a better primal bound 0.15129915476718095 by Alternative descent Eigen
--found a cut state by heuristic 0.15129915476718095 -0.0 
iteration: 235,  #states: 1947, valueb: -0.0, activeness: 0.15129915476718095, primalobj: 0.9417569863622263, dualobj: -Inf
solve--
end solve-- RelaxOptimal OPTIMAL
 weights_sum: 0.9999999999999998
itereffortlevel: 0
--separating...
--find a better primal bound 0.2387252895386224 by Alternative descent Eigen
--found a cut state by heuristic 0.2387252895386224 -0.0 
iteration: 236,  #states: 1948, valueb: -0.0, activeness: 0.2387252895386224, primalobj: 0.9417568135701925, dualobj: -Inf
solve--
end solve-- RelaxOptimal OPTIMAL
 weights_sum: 1.0000000353649687
itereffortlevel: 0
--separating...
--find a better primal bound 0.1823817195390108 by Alternative descent Eigen
--found a cut state by heuristic 0.1823817195390108 -0.0 
iteration: 237,  #states: 1949, valueb: -0.0, activeness: 0.1823817195390108, primalobj: 0.9417557079563709, dualobj: -Inf
solve--
end solve-- RelaxOptimal OPTIMAL
 weights_sum: 0.9999999999999997
itereffortlevel: 0
--separating...
--find a better primal bound 0.21336682784051808 by Alternative descent Eigen
--found a cut state by heuristic 0.21336682784051808 0.04593808881719874 
iteration: 238,  #states: 1950, valueb: 0.04593808881719874, activeness: 0.21336682784051808, primalobj: 0.9417549552935188, dualobj: -Inf
solve--
end solve-- RelaxOptimal OPTIMAL
 weights_sum: 1.0000000000000002
itereffortlevel: 0
--separating...
--find a better primal bound 0.16242312628061947 by Alternative descent Eigen
--found a cut state by heuristic 0.16242312628061947 0.04303476290496641 
iteration: 239,  #states: 1951, valueb: 0.04303476290496641, activeness: 0.16242312628061947, primalobj: 0.9417538465333373, dualobj: -Inf
solve--
end solve-- RelaxOptimal OPTIMAL
 weights_sum: 1.000000629363951
itereffortlevel: 0
--separating...
--find a better primal bound 0.28743630769787326 by Alternative descent Eigen
--found a cut state by heuristic 0.28743630769787326 0.0480444866493642 
iteration: 240,  #states: 1952, valueb: 0.0480444866493642, activeness: 0.28743630769787326, primalobj: 0.9417534445110546, dualobj: -Inf
solve--
end solve-- RelaxOptimal OPTIMAL
 weights_sum: 1.000000000000001
itereffortlevel: 0
--separating...
--find a better primal bound 0.1907998000193911 by Alternative descent Eigen
--found a cut state by heuristic 0.1907998000193911 0.042291118516910926 
iteration: 241,  #states: 1953, valueb: 0.042291118516910926, activeness: 0.1907998000193911, primalobj: 0.9417523542716135, dualobj: -Inf
solve--
end solve-- RelaxOptimal OPTIMAL
 weights_sum: 1.000000185906246
itereffortlevel: 0
--separating...
--find a better primal bound 0.17763200955409592 by Alternative descent Eigen
--found a cut state by heuristic 0.17763200955409592 0.08000817288973869 
iteration: 242,  #states: 1954, valueb: 0.08000817288973869, activeness: 0.17763200955409592, primalobj: 0.9417516923068058, dualobj: -Inf
solve--
end solve-- RelaxOptimal OPTIMAL
 weights_sum: 1.0000005578350843
itereffortlevel: 0
--separating...
--find a better primal bound 0.30957985705532787 by Alternative descent Eigen
--found a cut state by heuristic 0.30957985705532787 0.06400273144468616 
iteration: 243,  #states: 1955, valueb: 0.06400273144468616, activeness: 0.30957985705532787, primalobj: 0.9417514770826186, dualobj: -Inf
solve--
end solve-- RelaxOptimal OPTIMAL
 weights_sum: 1.0000000000000009
itereffortlevel: 0
--separating...
--find a better primal bound 0.2306255643871409 by Alternative descent Eigen
--found a cut state by heuristic 0.2306255643871409 0.0607977370201861 
iteration: 244,  #states: 1956, valueb: 0.0607977370201861, activeness: 0.2306255643871409, primalobj: 0.9417503317839558, dualobj: -Inf
solve--
end solve-- RelaxOptimal OPTIMAL
 weights_sum: 1.0000000772782127
itereffortlevel: 0
--separating...
--find a better primal bound 0.16327527161083766 by Alternative descent Eigen
--found a cut state by heuristic 0.16327527161083766 0.08724827392943352 
iteration: 245,  #states: 1957, valueb: 0.08724827392943352, activeness: 0.16327527161083766, primalobj: 0.9417499599750612, dualobj: -Inf
solve--
end solve-- RelaxOptimal OPTIMAL
 weights_sum: 1.0000000095659862
itereffortlevel: 0
--separating...
--find a better primal bound 0.15668816581109019 by Alternative descent Eigen
--found a cut state by heuristic 0.15668816581109019 0.01639993657386496 
iteration: 246,  #states: 1958, valueb: 0.01639993657386496, activeness: 0.15668816581109019, primalobj: 0.9417476341571422, dualobj: -Inf
solve--
end solve-- RelaxOptimal OPTIMAL
 weights_sum: 1.000000009540951
itereffortlevel: 0
--separating...
--find a better primal bound 0.3332283810136045 by Alternative descent Eigen
--found a cut state by heuristic 0.3332283810136045 0.06269722827717683 
iteration: 247,  #states: 1959, valueb: 0.06269722827717683, activeness: 0.3332283810136045, primalobj: 0.9417471245156154, dualobj: -Inf
solve--
end solve-- RelaxOptimal OPTIMAL
 weights_sum: 1.0000004022031868
itereffortlevel: 0
--separating...
--find a better primal bound 0.23272774351152856 by Alternative descent Eigen
--found a cut state by heuristic 0.23272774351152856 -0.0 
iteration: 248,  #states: 1960, valueb: -0.0, activeness: 0.23272774351152856, primalobj: 0.9417458584112915, dualobj: -Inf
solve--
end solve-- RelaxOptimal OPTIMAL
 weights_sum: 0.9999999999999988
itereffortlevel: 0
--separating...
--find a better primal bound 0.23782598663496413 by Alternative descent Eigen
--found a cut state by heuristic 0.23782598663496413 0.09812390107255214 
iteration: 249,  #states: 1961, valueb: 0.09812390107255214, activeness: 0.23782598663496413, primalobj: 0.941744628619062, dualobj: -Inf
solve--
end solve-- RelaxOptimal OPTIMAL
 weights_sum: 0.9999999999999998
itereffortlevel: 0
--separating...
--find a better primal bound 0.22076791026580583 by Alternative descent Eigen
--found a cut state by heuristic 0.22076791026580583 -0.0 
iteration: 250,  #states: 1962, valueb: -0.0, activeness: 0.22076791026580583, primalobj: 0.9417440271213621, dualobj: -Inf
solve--
end solve-- RelaxOptimal OPTIMAL
 weights_sum: 1.000000017489099
itereffortlevel: 0
--separating...
--find a better primal bound 0.23155846437648697 by Alternative descent Eigen
--found a cut state by heuristic 0.23155846437648697 0.04602513895519708 
iteration: 251,  #states: 1963, valueb: 0.04602513895519708, activeness: 0.23155846437648697, primalobj: 0.941743298225261, dualobj: -Inf
solve--
end solve-- RelaxOptimal OPTIMAL
 weights_sum: 1.0
itereffortlevel: 0
--separating...
--find a better primal bound 0.08920397334152358 by Alternative descent Eigen
--found a cut state by heuristic 0.08920397334152358 -0.0 
iteration: 252,  #states: 1964, valueb: -0.0, activeness: 0.08920397334152358, primalobj: 0.9417427653427862, dualobj: -Inf
solve--
end solve-- RelaxOptimal OPTIMAL
 weights_sum: 1.0000000000000004
itereffortlevel: 0
--separating...
--find a better primal bound 0.21825923041084597 by Alternative descent Eigen
--found a cut state by heuristic 0.21825923041084597 0.03629853401743466 
iteration: 253,  #states: 1965, valueb: 0.03629853401743466, activeness: 0.21825923041084597, primalobj: 0.941742332999249, dualobj: -Inf
solve--
end solve-- RelaxOptimal OPTIMAL
 weights_sum: 1.000000094186068
itereffortlevel: 0
--separating...
--find a better primal bound 0.2636977466996898 by Alternative descent Eigen
--found a cut state by heuristic 0.2636977466996898 0.038740808177163424 
iteration: 254,  #states: 1966, valueb: 0.038740808177163424, activeness: 0.2636977466996898, primalobj: 0.9417405885650456, dualobj: -Inf
solve--
end solve-- RelaxOptimal OPTIMAL
 weights_sum: 1.0000000466989327
itereffortlevel: 0
--separating...
--find a better primal bound 0.08659259198120395 by Alternative descent Eigen
--found a cut state by heuristic 0.08659259198120395 -0.0 
iteration: 255,  #states: 1967, valueb: -0.0, activeness: 0.08659259198120395, primalobj: 0.9417395822343644, dualobj: -Inf
solve--
end solve-- RelaxOptimal OPTIMAL
 weights_sum: 1.0000000000000004
itereffortlevel: 0
--separating...
--find a better primal bound 0.3472439164089442 by Alternative descent Eigen
--found a cut state by heuristic 0.3472439164089442 0.033670804532180736 
iteration: 256,  #states: 1968, valueb: 0.033670804532180736, activeness: 0.3472439164089442, primalobj: 0.941739229069435, dualobj: -Inf
solve--
end solve-- RelaxOptimal OPTIMAL
 weights_sum: 1.0000000000000009
itereffortlevel: 0
--separating...
--find a better primal bound 0.2958482095682751 by Alternative descent Eigen
--found a cut state by heuristic 0.2958482095682751 0.049148171065249505 
iteration: 257,  #states: 1969, valueb: 0.049148171065249505, activeness: 0.2958482095682751, primalobj: 0.9417374621533342, dualobj: -Inf
solve--
end solve-- RelaxOptimal OPTIMAL
 weights_sum: 1.0000000095710289
itereffortlevel: 0
--separating...
--find a better primal bound 0.14795950948180064 by Alternative descent Eigen
--found a cut state by heuristic 0.14795950948180064 0.04339032214521252 
iteration: 258,  #states: 1970, valueb: 0.04339032214521252, activeness: 0.14795950948180064, primalobj: 0.9417369127470321, dualobj: -Inf
solve--
end solve-- RelaxOptimal OPTIMAL
 weights_sum: 1.000000000000001
itereffortlevel: 0
--separating...
--find a better primal bound 0.23695935458837863 by Alternative descent Eigen
--found a cut state by heuristic 0.23695935458837863 0.15848855391307043 
iteration: 259,  #states: 1971, valueb: 0.15848855391307043, activeness: 0.23695935458837863, primalobj: 0.9417365522201093, dualobj: -Inf
solve--
end solve-- RelaxOptimal OPTIMAL
 weights_sum: 1.0000000000000002
itereffortlevel: 0
--separating...
--find a better primal bound 0.2440701704722602 by Alternative descent Eigen
--found a cut state by heuristic 0.2440701704722602 0.0678026913541865 
iteration: 260,  #states: 1972, valueb: 0.0678026913541865, activeness: 0.2440701704722602, primalobj: 0.94173640799883, dualobj: -Inf
solve--
end solve-- RelaxOptimal OPTIMAL
 weights_sum: 1.0000000209253255
itereffortlevel: 0
--separating...
--find a better primal bound 0.17683743663389645 by Alternative descent Eigen
--found a cut state by heuristic 0.17683743663389645 0.08962123084384797 
iteration: 261,  #states: 1973, valueb: 0.08962123084384797, activeness: 0.17683743663389645, primalobj: 0.9417359878141096, dualobj: -Inf
solve--
end solve-- RelaxOptimal OPTIMAL
 weights_sum: 1.0000000233381572
itereffortlevel: 0
--separating...
--find a better primal bound 0.21829193761206184 by Alternative descent Eigen
--found a cut state by heuristic 0.21829193761206184 0.08858299114920248 
iteration: 262,  #states: 1974, valueb: 0.08858299114920248, activeness: 0.21829193761206184, primalobj: 0.9417354937503444, dualobj: -Inf
solve--
end solve-- RelaxOptimal OPTIMAL
 weights_sum: 1.000000757714343
itereffortlevel: 0
--separating...
--find a better primal bound 0.23809496090318907 by Alternative descent Eigen
--found a cut state by heuristic 0.23809496090318907 0.06296008645788398 
iteration: 263,  #states: 1975, valueb: 0.06296008645788398, activeness: 0.23809496090318907, primalobj: 0.941735075073921, dualobj: -Inf
solve--
end solve-- RelaxOptimal OPTIMAL
 weights_sum: 1.0000000075673559
itereffortlevel: 0
--separating...
--find a better primal bound 0.2453797305239308 by Alternative descent Eigen
--found a cut state by heuristic 0.2453797305239308 0.08143712720431236 
iteration: 264,  #states: 1976, valueb: 0.08143712720431236, activeness: 0.2453797305239308, primalobj: 0.9417343674697529, dualobj: -Inf
solve--
end solve-- RelaxOptimal OPTIMAL
 weights_sum: 1.000000190378512
itereffortlevel: 0
--separating...
--find a better primal bound 0.27915829252222596 by Alternative descent Eigen
--found a cut state by heuristic 0.27915829252222596 0.10033886738486487 
iteration: 265,  #states: 1977, valueb: 0.10033886738486487, activeness: 0.27915829252222596, primalobj: 0.9417335230530804, dualobj: -Inf
solve--
end solve-- RelaxOptimal OPTIMAL
 weights_sum: 1.000000004517572
itereffortlevel: 0
--separating...
--find a better primal bound 0.08387080651885322 by Alternative descent Eigen
--found a cut state by heuristic 0.08387080651885322 -0.0 
iteration: 266,  #states: 1978, valueb: -0.0, activeness: 0.08387080651885322, primalobj: 0.9417329813229945, dualobj: -Inf
solve--
end solve-- RelaxOptimal OPTIMAL
 weights_sum: 1.0000000321236167
itereffortlevel: 0
--separating...
--find a better primal bound 0.3522062597007473 by Alternative descent Eigen
--found a cut state by heuristic 0.3522062597007473 0.08698996911396775 
iteration: 267,  #states: 1979, valueb: 0.08698996911396775, activeness: 0.3522062597007473, primalobj: 0.9417326486659806, dualobj: -Inf
solve--
end solve-- RelaxOptimal OPTIMAL
 weights_sum: 1.0000000000000004
itereffortlevel: 0
--separating...
--find a better primal bound 0.26954788600386614 by Alternative descent Eigen
--found a cut state by heuristic 0.26954788600386614 0.002538578675375966 
iteration: 268,  #states: 1980, valueb: 0.002538578675375966, activeness: 0.26954788600386614, primalobj: 0.9417310564819749, dualobj: -Inf
solve--
end solve-- RelaxOptimal OPTIMAL
 weights_sum: 1.0000000450447015
itereffortlevel: 0
--separating...
--find a better primal bound 0.1256477231792455 by Alternative descent Eigen
--found a cut state by heuristic 0.1256477231792455 -0.0 
iteration: 269,  #states: 1981, valueb: -0.0, activeness: 0.1256477231792455, primalobj: 0.9417306831330865, dualobj: -Inf
solve--
end solve-- RelaxOptimal OPTIMAL
 weights_sum: 1.0000000000000002
itereffortlevel: 0
--separating...
--find a better primal bound 0.15243583423350365 by Alternative descent Eigen
--found a cut state by heuristic 0.15243583423350365 0.08167046661669175 
iteration: 270,  #states: 1982, valueb: 0.08167046661669175, activeness: 0.15243583423350365, primalobj: 0.941729525780315, dualobj: -Inf
solve--
end solve-- RelaxOptimal OPTIMAL
 weights_sum: 1.0000000000000004
itereffortlevel: 0
--separating...
--find a better primal bound 0.17229599777665178 by Alternative descent Eigen
--found a cut state by heuristic 0.17229599777665178 0.12325274608854393 
iteration: 271,  #states: 1983, valueb: 0.12325274608854393, activeness: 0.17229599777665178, primalobj: 0.9417290802967972, dualobj: -Inf
solve--
end solve-- RelaxOptimal OPTIMAL
 weights_sum: 1.0000003261110304
itereffortlevel: 0
--separating...
--find a better primal bound 0.18685827780371717 by Alternative descent Eigen
--found a cut state by heuristic 0.18685827780371717 -0.0 
iteration: 272,  #states: 1984, valueb: -0.0, activeness: 0.18685827780371717, primalobj: 0.9417288870158272, dualobj: -Inf
solve--
end solve-- RelaxOptimal OPTIMAL
 weights_sum: 1.0000000000000002
itereffortlevel: 0
--separating...
--find a better primal bound 0.13323754415341477 by Alternative descent Eigen
--found a cut state by heuristic 0.13323754415341477 -0.0 
iteration: 273,  #states: 1985, valueb: -0.0, activeness: 0.13323754415341477, primalobj: 0.9417281661152533, dualobj: -Inf
solve--
end solve-- RelaxOptimal OPTIMAL
 weights_sum: 0.9999999999999993
itereffortlevel: 0
--separating...
--find a better primal bound 0.26397116564448864 by Alternative descent Eigen
--found a cut state by heuristic 0.26397116564448864 0.12041981376452165 
iteration: 274,  #states: 1986, valueb: 0.12041981376452165, activeness: 0.26397116564448864, primalobj: 0.9417277987931529, dualobj: -Inf
solve--
end solve-- RelaxOptimal OPTIMAL
 weights_sum: 1.0000000000000007
itereffortlevel: 0
--separating...
--find a better primal bound 0.14075127130400747 by Alternative descent Eigen
--found a cut state by heuristic 0.14075127130400747 0.08329769737516654 
iteration: 275,  #states: 1987, valueb: 0.08329769737516654, activeness: 0.14075127130400747, primalobj: 0.9417270375779441, dualobj: -Inf
solve--
end solve-- RelaxOptimal OPTIMAL
 weights_sum: 1.0000001126646374
itereffortlevel: 0
--separating...
--find a better primal bound 0.18181115088279967 by Alternative descent Eigen
--found a cut state by heuristic 0.18181115088279967 0.013570077673465658 
iteration: 276,  #states: 1988, valueb: 0.013570077673465658, activeness: 0.18181115088279967, primalobj: 0.9417264195407756, dualobj: -Inf
solve--
end solve-- RelaxOptimal OPTIMAL
 weights_sum: 1.0000002828425743
itereffortlevel: 0
--separating...
--find a better primal bound 0.24415864864259973 by Alternative descent Eigen
--found a cut state by heuristic 0.24415864864259973 0.15196803290337071 
iteration: 277,  #states: 1989, valueb: 0.15196803290337071, activeness: 0.24415864864259973, primalobj: 0.9417256950030506, dualobj: -Inf
solve--
end solve-- RelaxOptimal OPTIMAL
 weights_sum: 1.0000000012585704
itereffortlevel: 0
--separating...
--find a better primal bound 0.23125004943830396 by Alternative descent Eigen
--found a cut state by heuristic 0.23125004943830396 0.034522342688933824 
iteration: 278,  #states: 1990, valueb: 0.034522342688933824, activeness: 0.23125004943830396, primalobj: 0.9417254226221112, dualobj: -Inf
solve--
end solve-- RelaxOptimal OPTIMAL
 weights_sum: 0.9999999999999993
itereffortlevel: 0
--separating...
--find a better primal bound 0.299111490029055 by Alternative descent Eigen
--found a cut state by heuristic 0.299111490029055 0.1539013800881034 
iteration: 279,  #states: 1991, valueb: 0.1539013800881034, activeness: 0.299111490029055, primalobj: 0.941723760781975, dualobj: -Inf
solve--
end solve-- RelaxOptimal OPTIMAL
 weights_sum: 1.0000001618108272
itereffortlevel: 0
--separating...
--find a better primal bound 0.2817284417674067 by Alternative descent Eigen
--found a cut state by heuristic 0.2817284417674067 0.15088172895664184 
iteration: 280,  #states: 1992, valueb: 0.15088172895664184, activeness: 0.2817284417674067, primalobj: 0.9417231011771259, dualobj: -Inf
solve--
end solve-- RelaxOptimal OPTIMAL
 weights_sum: 1.0000000000000007
itereffortlevel: 0
--separating...
--find a better primal bound 0.3392932742288287 by Alternative descent Eigen
--found a cut state by heuristic 0.3392932742288287 0.14666884945525802 
iteration: 281,  #states: 1993, valueb: 0.14666884945525802, activeness: 0.3392932742288287, primalobj: 0.9417228042985047, dualobj: -Inf
solve--
end solve-- RelaxOptimal OPTIMAL
 weights_sum: 0.9999999999999998
itereffortlevel: 0
--separating...
--find a better primal bound 0.23970507666138363 by Alternative descent Eigen
--found a cut state by heuristic 0.23970507666138363 0.13017480445293717 
iteration: 282,  #states: 1994, valueb: 0.13017480445293717, activeness: 0.23970507666138363, primalobj: 0.941722335260283, dualobj: -Inf
solve--
end solve-- RelaxOptimal OPTIMAL
 weights_sum: 1.000000023017563
itereffortlevel: 0
--separating...
--find a better primal bound 0.2502140228052483 by Alternative descent Eigen
--found a cut state by heuristic 0.2502140228052483 0.10915152924755944 
iteration: 283,  #states: 1995, valueb: 0.10915152924755944, activeness: 0.2502140228052483, primalobj: 0.9417218377660104, dualobj: -Inf
solve--
end solve-- RelaxOptimal OPTIMAL
 weights_sum: 0.9999999999999992
itereffortlevel: 0
--separating...
--find a better primal bound 0.2764739983550407 by Alternative descent Eigen
--found a cut state by heuristic 0.2764739983550407 0.14508117333054713 
iteration: 284,  #states: 1996, valueb: 0.14508117333054713, activeness: 0.2764739983550407, primalobj: 0.9417212779147692, dualobj: -Inf
solve--
end solve-- RelaxOptimal OPTIMAL
 weights_sum: 1.00000017617293
itereffortlevel: 0
--separating...
--find a better primal bound 0.28701542173446204 by Alternative descent Eigen
--found a cut state by heuristic 0.28701542173446204 0.1324103527932899 
iteration: 285,  #states: 1997, valueb: 0.1324103527932899, activeness: 0.28701542173446204, primalobj: 0.9417209558155515, dualobj: -Inf
solve--
end solve-- RelaxOptimal OPTIMAL
 weights_sum: 0.9999999999999998
itereffortlevel: 0
--separating...
--find a better primal bound 0.19003939168060358 by Alternative descent Eigen
--found a cut state by heuristic 0.19003939168060358 0.11256652904365742 
iteration: 286,  #states: 1998, valueb: 0.11256652904365742, activeness: 0.19003939168060358, primalobj: 0.9417204832809867, dualobj: -Inf
solve--
end solve-- RelaxOptimal OPTIMAL
 weights_sum: 1.0000002462330486
itereffortlevel: 0
--separating...
--find a better primal bound 0.2751006338604489 by Alternative descent Eigen
--found a cut state by heuristic 0.2751006338604489 0.09505015244368041 
iteration: 287,  #states: 1999, valueb: 0.09505015244368041, activeness: 0.2751006338604489, primalobj: 0.9417203016108484, dualobj: -Inf
solve--
end solve-- RelaxOptimal OPTIMAL
 weights_sum: 1.0000007275869671
itereffortlevel: 0
--separating...
--find a better primal bound 0.38217205047413183 by Alternative descent Eigen
--found a cut state by heuristic 0.38217205047413183 0.10866597508018938 
iteration: 288,  #states: 2000, valueb: 0.10866597508018938, activeness: 0.38217205047413183, primalobj: 0.9417194807448158, dualobj: -Inf
solve--
end solve-- RelaxOptimal OPTIMAL
 weights_sum: 1.0000000109457041
itereffortlevel: 0
--separating...
--find a better primal bound 0.22842882477986093 by Alternative descent Eigen
--found a cut state by heuristic 0.22842882477986093 0.05410754589254537 
iteration: 289,  #states: 2001, valueb: 0.05410754589254537, activeness: 0.22842882477986093, primalobj: 0.9417185187355785, dualobj: -Inf
solve--
end solve-- RelaxOptimal OPTIMAL
 weights_sum: 1.0000012378748624
itereffortlevel: 0
--separating...
--find a better primal bound 0.32194641504553756 by Alternative descent Eigen
--found a cut state by heuristic 0.32194641504553756 0.08226420739853958 
iteration: 290,  #states: 2002, valueb: 0.08226420739853958, activeness: 0.32194641504553756, primalobj: 0.9417181950912378, dualobj: -Inf
solve--
end solve-- RelaxOptimal OPTIMAL
 weights_sum: 0.9999999999999998
itereffortlevel: 0
--separating...
--find a better primal bound 0.30069458509824465 by Alternative descent Eigen
--found a cut state by heuristic 0.30069458509824465 0.08343650175788721 
iteration: 291,  #states: 2003, valueb: 0.08343650175788721, activeness: 0.30069458509824465, primalobj: 0.9417174988054093, dualobj: -Inf
solve--
end solve-- RelaxOptimal OPTIMAL
 weights_sum: 1.0000004518618466
itereffortlevel: 0
--separating...
--find a better primal bound 0.14963199928031493 by Alternative descent Eigen
--found a cut state by heuristic 0.14963199928031493 -0.0 
iteration: 292,  #states: 2004, valueb: -0.0, activeness: 0.14963199928031493, primalobj: 0.9417167267099142, dualobj: -Inf
solve--
end solve-- RelaxOptimal OPTIMAL
 weights_sum: 1.0000053415828802
itereffortlevel: 0
--separating...
--find a better primal bound 0.24340996005256127 by Alternative descent Eigen
--found a cut state by heuristic 0.24340996005256127 0.07114612857472023 
iteration: 293,  #states: 2005, valueb: 0.07114612857472023, activeness: 0.24340996005256127, primalobj: 0.9417163462609164, dualobj: -Inf
solve--
end solve-- RelaxOptimal OPTIMAL
 weights_sum: 1.0
itereffortlevel: 0
--separating...
--find a better primal bound 0.20515698001573185 by Alternative descent Eigen
--found a cut state by heuristic 0.20515698001573185 0.009191978294099892 
iteration: 294,  #states: 2006, valueb: 0.009191978294099892, activeness: 0.20515698001573185, primalobj: 0.9417157226847706, dualobj: -Inf
solve--
end solve-- RelaxOptimal OPTIMAL
 weights_sum: 1.0000005667811795
itereffortlevel: 0
--separating...
--find a better primal bound 0.09263934016650406 by Alternative descent Eigen
--found a cut state by heuristic 0.09263934016650406 -0.0 
iteration: 295,  #states: 2007, valueb: -0.0, activeness: 0.09263934016650406, primalobj: 0.9417141756831071, dualobj: -Inf
solve--
end solve-- RelaxOptimal OPTIMAL
 weights_sum: 0.9999999999999993
itereffortlevel: 0
--separating...
--find a better primal bound 0.3468931229932682 by Alternative descent Eigen
--found a cut state by heuristic 0.3468931229932682 0.11965930389916175 
iteration: 296,  #states: 2008, valueb: 0.11965930389916175, activeness: 0.3468931229932682, primalobj: 0.9417140347070052, dualobj: -Inf
solve--
end solve-- RelaxOptimal OPTIMAL
 weights_sum: 1.0000000000000002
itereffortlevel: 0
--separating...
--find a better primal bound 0.33641845069278387 by Alternative descent Eigen
--found a cut state by heuristic 0.33641845069278387 0.1469667571445078 
iteration: 297,  #states: 2009, valueb: 0.1469667571445078, activeness: 0.33641845069278387, primalobj: 0.9417133760462024, dualobj: -Inf
solve--
end solve-- RelaxOptimal OPTIMAL
 weights_sum: 1.000000031331272
itereffortlevel: 0
--separating...
--find a better primal bound 0.20234534337308074 by Alternative descent Eigen
--found a cut state by heuristic 0.20234534337308074 0.04263159852880112 
iteration: 298,  #states: 2010, valueb: 0.04263159852880112, activeness: 0.20234534337308074, primalobj: 0.941712987660162, dualobj: -Inf
solve--
end solve-- RelaxOptimal OPTIMAL
 weights_sum: 1.0000015039719774
itereffortlevel: 0
--separating...
--find a better primal bound 0.13902494109549082 by Alternative descent Eigen
--found a cut state by heuristic 0.13902494109549082 0.07862306341851676 
iteration: 299,  #states: 2011, valueb: 0.07862306341851676, activeness: 0.13902494109549082, primalobj: 0.9417119746800329, dualobj: -Inf
solve--
end solve-- RelaxOptimal OPTIMAL
 weights_sum: 1.0000000522671484
itereffortlevel: 0
--separating...
--find a better primal bound 0.17751173762708078 by Alternative descent Eigen
--found a cut state by heuristic 0.17751173762708078 0.03745834782650248 
iteration: 300,  #states: 2012, valueb: 0.03745834782650248, activeness: 0.17751173762708078, primalobj: 0.9417115327612974, dualobj: -Inf
solve--
end solve-- RelaxOptimal OPTIMAL
 weights_sum: 1.0000000039297015
itereffortlevel: 0
--separating...
--find a better primal bound 0.07584913884214561 by Alternative descent Eigen
--found a cut state by heuristic 0.07584913884214561 0.03116733312390969 
iteration: 301,  #states: 2013, valueb: 0.03116733312390969, activeness: 0.07584913884214561, primalobj: 0.9417110308979442, dualobj: -Inf
solve--
end solve-- RelaxOptimal OPTIMAL
 weights_sum: 1.0000013966827055
itereffortlevel: 0
--separating...
--find a better primal bound 0.14883375614394373 by Alternative descent Eigen
--found a cut state by heuristic 0.14883375614394373 0.011733890017753495 
iteration: 302,  #states: 2014, valueb: 0.011733890017753495, activeness: 0.14883375614394373, primalobj: 0.941710523036304, dualobj: -Inf
solve--
end solve-- RelaxOptimal OPTIMAL
 weights_sum: 1.0000002166057211
itereffortlevel: 0
--separating...
--find a better primal bound 0.10151594011505209 by Alternative descent Eigen
--found a cut state by heuristic 0.10151594011505209 0.051742278991420705 
iteration: 303,  #states: 2015, valueb: 0.051742278991420705, activeness: 0.10151594011505209, primalobj: 0.941710261565756, dualobj: -Inf
solve--
end solve-- RelaxOptimal OPTIMAL
 weights_sum: 1.0000000000000004
itereffortlevel: 0
--separating...
--find a better primal bound 0.27880381976334645 by Alternative descent Eigen
--found a cut state by heuristic 0.27880381976334645 0.051595273722787036 
iteration: 304,  #states: 2016, valueb: 0.051595273722787036, activeness: 0.27880381976334645, primalobj: 0.9417101583125005, dualobj: -Inf
solve--
end solve-- RelaxOptimal OPTIMAL
 weights_sum: 1.0000001101119784
itereffortlevel: 0
--separating...
--find a better primal bound 0.29926410956231403 by Alternative descent Eigen
--found a cut state by heuristic 0.29926410956231403 0.07655870676346373 
iteration: 305,  #states: 2017, valueb: 0.07655870676346373, activeness: 0.29926410956231403, primalobj: 0.941709748980373, dualobj: -Inf
solve--
end solve-- RelaxOptimal OPTIMAL
 weights_sum: 0.9999999999999994
itereffortlevel: 0
--separating...
--find a better primal bound 0.3218894425709923 by Alternative descent Eigen
--found a cut state by heuristic 0.3218894425709923 0.10219548086981242 
iteration: 306,  #states: 2018, valueb: 0.10219548086981242, activeness: 0.3218894425709923, primalobj: 0.9417089390649344, dualobj: -Inf
solve--
end solve-- RelaxOptimal OPTIMAL
 weights_sum: 1.0000000000000007
itereffortlevel: 0
--separating...
--find a better primal bound 0.3282838500263351 by Alternative descent Eigen
--found a cut state by heuristic 0.3282838500263351 0.12168477990224746 
iteration: 307,  #states: 2019, valueb: 0.12168477990224746, activeness: 0.3282838500263351, primalobj: 0.9417079327557143, dualobj: -Inf
solve--
end solve-- RelaxOptimal OPTIMAL
 weights_sum: 1.0000004928318953
itereffortlevel: 0
--separating...
--find a better primal bound 0.15724223154812073 by Alternative descent Eigen
--found a cut state by heuristic 0.15724223154812073 0.08144410964539546 
iteration: 308,  #states: 2020, valueb: 0.08144410964539546, activeness: 0.15724223154812073, primalobj: 0.9417072851272763, dualobj: -Inf
solve--
end solve-- RelaxOptimal OPTIMAL
 weights_sum: 1.0
itereffortlevel: 0
--separating...
--find a better primal bound 0.2503947427861974 by Alternative descent Eigen
--found a cut state by heuristic 0.2503947427861974 0.08875581131576718 
iteration: 309,  #states: 2021, valueb: 0.08875581131576718, activeness: 0.2503947427861974, primalobj: 0.9417069478090647, dualobj: -Inf
solve--
end solve-- RelaxOptimal OPTIMAL
 weights_sum: 1.000000007652563
itereffortlevel: 0
--separating...
--find a better primal bound 0.29348166358312433 by Alternative descent Eigen
--found a cut state by heuristic 0.29348166358312433 0.06780155490776639 
iteration: 310,  #states: 2022, valueb: 0.06780155490776639, activeness: 0.29348166358312433, primalobj: 0.9417067209746357, dualobj: -Inf
solve--
end solve-- RelaxOptimal OPTIMAL
 weights_sum: 1.0000004552014015
itereffortlevel: 0
--separating...
--find a better primal bound 0.2914818881150032 by Alternative descent Eigen
--found a cut state by heuristic 0.2914818881150032 0.05893285287130312 
iteration: 311,  #states: 2023, valueb: 0.05893285287130312, activeness: 0.2914818881150032, primalobj: 0.9417057173953358, dualobj: -Inf
solve--
end solve-- RelaxOptimal OPTIMAL
 weights_sum: 1.0000000078325693
itereffortlevel: 0
--separating...
--find a better primal bound 0.29186180506307224 by Alternative descent Eigen
--found a cut state by heuristic 0.29186180506307224 0.04374044818108291 
iteration: 312,  #states: 2024, valueb: 0.04374044818108291, activeness: 0.29186180506307224, primalobj: 0.9417051520622333, dualobj: -Inf
solve--
end solve-- RelaxOptimal OPTIMAL
 weights_sum: 1.0
itereffortlevel: 0
--separating...
--find a better primal bound 0.2201907138054537 by Alternative descent Eigen
--found a cut state by heuristic 0.2201907138054537 0.060247971430957115 
iteration: 313,  #states: 2025, valueb: 0.060247971430957115, activeness: 0.2201907138054537, primalobj: 0.9417045527832104, dualobj: -Inf
solve--
end solve-- RelaxOptimal OPTIMAL
 weights_sum: 0.9999999999999998
itereffortlevel: 0
--separating...
--find a better primal bound 0.2094467296444243 by Alternative descent Eigen
--found a cut state by heuristic 0.2094467296444243 0.05852724801488674 
iteration: 314,  #states: 2026, valueb: 0.05852724801488674, activeness: 0.2094467296444243, primalobj: 0.9417039200636627, dualobj: -Inf
solve--
end solve-- RelaxOptimal OPTIMAL
 weights_sum: 1.0000001058243007
itereffortlevel: 0
--separating...
--find a better primal bound 0.0880168163312113 by Alternative descent Eigen
--found a cut state by heuristic 0.0880168163312113 -0.0 
iteration: 315,  #states: 2027, valueb: -0.0, activeness: 0.0880168163312113, primalobj: 0.9417035397907169, dualobj: -Inf
solve--
end solve-- RelaxOptimal OPTIMAL
 weights_sum: 1.0000001276783599
itereffortlevel: 0
--separating...
--find a better primal bound 0.31837128816986326 by Alternative descent Eigen
--found a cut state by heuristic 0.31837128816986326 0.09472737602521467 
iteration: 316,  #states: 2028, valueb: 0.09472737602521467, activeness: 0.31837128816986326, primalobj: 0.9417029935106613, dualobj: -Inf
solve--
end solve-- RelaxOptimal OPTIMAL
 weights_sum: 1.0000001720050649
itereffortlevel: 0
--separating...
--find a better primal bound 0.18531029051689854 by Alternative descent Eigen
--found a cut state by heuristic 0.18531029051689854 -0.0 
iteration: 317,  #states: 2029, valueb: -0.0, activeness: 0.18531029051689854, primalobj: 0.9417022059982643, dualobj: -Inf
solve--
end solve-- RelaxOptimal OPTIMAL
 weights_sum: 1.0000000000000002
itereffortlevel: 0
--separating...
--find a better primal bound 0.23606475055205467 by Alternative descent Eigen
--found a cut state by heuristic 0.23606475055205467 0.08307735971401217 
iteration: 318,  #states: 2030, valueb: 0.08307735971401217, activeness: 0.23606475055205467, primalobj: 0.9417013185923088, dualobj: -Inf
solve--
end solve-- RelaxOptimal OPTIMAL
 weights_sum: 0.9999999999999992
itereffortlevel: 0
--separating...
--find a better primal bound 0.27852790179203113 by Alternative descent Eigen
--found a cut state by heuristic 0.27852790179203113 0.15953838033680318 
iteration: 319,  #states: 2031, valueb: 0.15953838033680318, activeness: 0.27852790179203113, primalobj: 0.9417008314869182, dualobj: -Inf
solve--
end solve-- RelaxOptimal OPTIMAL
 weights_sum: 0.9999999999999989
itereffortlevel: 0
--separating...
--find a better primal bound 0.19348505658959353 by Alternative descent Eigen
--found a cut state by heuristic 0.19348505658959353 0.09384190525350124 
iteration: 320,  #states: 2032, valueb: 0.09384190525350124, activeness: 0.19348505658959353, primalobj: 0.9417004242405882, dualobj: -Inf
solve--
end solve-- RelaxOptimal OPTIMAL
 weights_sum: 0.9999999999999991
itereffortlevel: 0
--separating...
--find a better primal bound 0.22512991303163626 by Alternative descent Eigen
--found a cut state by heuristic 0.22512991303163626 0.04468078362373978 
iteration: 321,  #states: 2033, valueb: 0.04468078362373978, activeness: 0.22512991303163626, primalobj: 0.9416999549641486, dualobj: -Inf
solve--
end solve-- RelaxOptimal OPTIMAL
 weights_sum: 1.0000001636783211
itereffortlevel: 0
--separating...
--find a better primal bound 0.2032032117212873 by Alternative descent Eigen
--found a cut state by heuristic 0.2032032117212873 0.11253584619139959 
iteration: 322,  #states: 2034, valueb: 0.11253584619139959, activeness: 0.2032032117212873, primalobj: 0.9416996334558001, dualobj: -Inf
solve--
end solve-- RelaxOptimal OPTIMAL
 weights_sum: 0.9999999999999991
itereffortlevel: 0
--separating...
--find a better primal bound 0.24346037905773082 by Alternative descent Eigen
--found a cut state by heuristic 0.24346037905773082 0.07202431791099495 
iteration: 323,  #states: 2035, valueb: 0.07202431791099495, activeness: 0.24346037905773082, primalobj: 0.941699367258683, dualobj: -Inf
solve--
end solve-- RelaxOptimal OPTIMAL
 weights_sum: 1.000000169958077
itereffortlevel: 0
--separating...
--find a better primal bound 0.25718125134634817 by Alternative descent Eigen
--found a cut state by heuristic 0.25718125134634817 0.1262160306043464 
iteration: 324,  #states: 2036, valueb: 0.1262160306043464, activeness: 0.25718125134634817, primalobj: 0.941698792914313, dualobj: -Inf
solve--
end solve-- RelaxOptimal OPTIMAL
 weights_sum: 1.0000000000000007
itereffortlevel: 0
--separating...
--find a better primal bound 0.12565933215600641 by Alternative descent Eigen
--found a cut state by heuristic 0.12565933215600641 0.020494151601258215 
iteration: 325,  #states: 2037, valueb: 0.020494151601258215, activeness: 0.12565933215600641, primalobj: 0.941698494442082, dualobj: -Inf
solve--
end solve-- RelaxOptimal OPTIMAL
 weights_sum: 1.0000000000000007
itereffortlevel: 0
--separating...
--find a better primal bound 0.19798736571242362 by Alternative descent Eigen
--found a cut state by heuristic 0.19798736571242362 0.1069411456839645 
iteration: 326,  #states: 2038, valueb: 0.1069411456839645, activeness: 0.19798736571242362, primalobj: 0.9416982209441876, dualobj: -Inf
solve--
end solve-- RelaxOptimal OPTIMAL
 weights_sum: 1.0000000123934476
itereffortlevel: 0
--separating...
--find a better primal bound 0.34900784669280305 by Alternative descent Eigen
--found a cut state by heuristic 0.34900784669280305 0.10460978920772074 
iteration: 327,  #states: 2039, valueb: 0.10460978920772074, activeness: 0.34900784669280305, primalobj: 0.9416978620340419, dualobj: -Inf
solve--
end solve-- RelaxOptimal OPTIMAL
 weights_sum: 1.0000001518792494
itereffortlevel: 0
--separating...
--find a better primal bound 0.20789402569303653 by Alternative descent Eigen
--found a cut state by heuristic 0.20789402569303653 0.13162959055896786 
iteration: 328,  #states: 2040, valueb: 0.13162959055896786, activeness: 0.20789402569303653, primalobj: 0.9416973498591783, dualobj: -Inf
solve--
end solve-- RelaxOptimal OPTIMAL
 weights_sum: 1.0000001978945507
itereffortlevel: 0
--separating...
--find a better primal bound 0.14302741647289297 by Alternative descent Eigen
--found a cut state by heuristic 0.14302741647289297 0.09243036962644208 
iteration: 329,  #states: 2041, valueb: 0.09243036962644208, activeness: 0.14302741647289297, primalobj: 0.9416971974483266, dualobj: -Inf
solve--
end solve-- RelaxOptimal OPTIMAL
 weights_sum: 1.0000000085989842
itereffortlevel: 0
--separating...
--find a better primal bound 0.2906815385378522 by Alternative descent Eigen
--found a cut state by heuristic 0.2906815385378522 0.13919822429731712 
iteration: 330,  #states: 2042, valueb: 0.13919822429731712, activeness: 0.2906815385378522, primalobj: 0.9416971084544196, dualobj: -Inf
solve--
end solve-- RelaxOptimal OPTIMAL
 weights_sum: 1.000000015942799
itereffortlevel: 0
--separating...
--find a better primal bound 0.2958707670275953 by Alternative descent Eigen
--found a cut state by heuristic 0.2958707670275953 0.12481853232137559 
iteration: 331,  #states: 2043, valueb: 0.12481853232137559, activeness: 0.2958707670275953, primalobj: 0.9416968894584479, dualobj: -Inf
solve--
end solve-- RelaxOptimal OPTIMAL
 weights_sum: 1.0000001274723196
itereffortlevel: 0
--separating...
--find a better primal bound 0.30372370506652846 by Alternative descent Eigen
--found a cut state by heuristic 0.30372370506652846 0.14570017020051781 
iteration: 332,  #states: 2044, valueb: 0.14570017020051781, activeness: 0.30372370506652846, primalobj: 0.9416964421842101, dualobj: -Inf
solve--
end solve-- RelaxOptimal OPTIMAL
 weights_sum: 1.0
itereffortlevel: 0
--separating...
--find a better primal bound 0.25567009285583236 by Alternative descent Eigen
--found a cut state by heuristic 0.25567009285583236 0.10182072622561426 
iteration: 333,  #states: 2045, valueb: 0.10182072622561426, activeness: 0.25567009285583236, primalobj: 0.9416961661012059, dualobj: -Inf
solve--
end solve-- RelaxOptimal OPTIMAL
 weights_sum: 1.0000000778679183
itereffortlevel: 0
--separating...
--find a better primal bound 0.24911717712365417 by Alternative descent Eigen
--found a cut state by heuristic 0.24911717712365417 0.1106794087545877 
iteration: 334,  #states: 2046, valueb: 0.1106794087545877, activeness: 0.24911717712365417, primalobj: 0.9416959324992392, dualobj: -Inf
solve--
end solve-- RelaxOptimal OPTIMAL
 weights_sum: 1.000007021243337
itereffortlevel: 0
--separating...
--find a better primal bound 0.2727856522683378 by Alternative descent Eigen
--found a cut state by heuristic 0.2727856522683378 0.1351032368054451 
iteration: 335,  #states: 2047, valueb: 0.1351032368054451, activeness: 0.2727856522683378, primalobj: 0.9416956664385664, dualobj: -Inf
solve--
end solve-- RelaxOptimal OPTIMAL
 weights_sum: 1.0000000893817549
itereffortlevel: 0
--separating...
--find a better primal bound 0.3196311731911795 by Alternative descent Eigen
--found a cut state by heuristic 0.3196311731911795 0.11187769391983673 
iteration: 336,  #states: 2048, valueb: 0.11187769391983673, activeness: 0.3196311731911795, primalobj: 0.9416953018396775, dualobj: -Inf
solve--
end solve-- RelaxOptimal OPTIMAL
 weights_sum: 1.0000000286224802
itereffortlevel: 0
--separating...
--find a better primal bound 0.24588975606554392 by Alternative descent Eigen
--found a cut state by heuristic 0.24588975606554392 0.1265127038808845 
iteration: 337,  #states: 2049, valueb: 0.1265127038808845, activeness: 0.24588975606554392, primalobj: 0.9416948114515479, dualobj: -Inf
solve--
end solve-- RelaxOptimal OPTIMAL
 weights_sum: 0.9999999999999999
itereffortlevel: 0
--separating...
--find a better primal bound 0.33259324669720747 by Alternative descent Eigen
--found a cut state by heuristic 0.33259324669720747 0.10370354733372317 
iteration: 338,  #states: 2050, valueb: 0.10370354733372317, activeness: 0.33259324669720747, primalobj: 0.9416944901922855, dualobj: -Inf
solve--
end solve-- RelaxOptimal OPTIMAL
 weights_sum: 1.0000000000000004
itereffortlevel: 0
--separating...
--find a better primal bound 0.28457704775452775 by Alternative descent Eigen
--found a cut state by heuristic 0.28457704775452775 0.14419092119830268 
iteration: 339,  #states: 2051, valueb: 0.14419092119830268, activeness: 0.28457704775452775, primalobj: 0.941693816076613, dualobj: -Inf
solve--
end solve-- RelaxOptimal OPTIMAL
 weights_sum: 1.0000001828591936
itereffortlevel: 0
--separating...
--find a better primal bound 0.23517139894517444 by Alternative descent Eigen
--found a cut state by heuristic 0.23517139894517444 0.12742336080584257 
iteration: 340,  #states: 2052, valueb: 0.12742336080584257, activeness: 0.23517139894517444, primalobj: 0.9416933662933874, dualobj: -Inf
solve--
end solve-- RelaxOptimal OPTIMAL
 weights_sum: 1.0000005522948219
itereffortlevel: 0
--separating...
--find a better primal bound 0.28052090142918307 by Alternative descent Eigen
--found a cut state by heuristic 0.28052090142918307 0.1349642808828033 
iteration: 341,  #states: 2053, valueb: 0.1349642808828033, activeness: 0.28052090142918307, primalobj: 0.9416932507828715, dualobj: -Inf
solve--
end solve-- RelaxOptimal OPTIMAL
 weights_sum: 1.0000002297888133
itereffortlevel: 0
--separating...
--find a better primal bound 0.375196471762402 by Alternative descent Eigen
--found a cut state by heuristic 0.375196471762402 0.14024071546115782 
iteration: 342,  #states: 2054, valueb: 0.14024071546115782, activeness: 0.375196471762402, primalobj: 0.9416929067493548, dualobj: -Inf
solve--
end solve-- RelaxOptimal OPTIMAL
 weights_sum: 1.000000021260802
itereffortlevel: 0
--separating...
--find a better primal bound 0.2339333597927858 by Alternative descent Eigen
--found a cut state by heuristic 0.2339333597927858 0.09971562125701901 
iteration: 343,  #states: 2055, valueb: 0.09971562125701901, activeness: 0.2339333597927858, primalobj: 0.941692097289177, dualobj: -Inf
solve--
end solve-- RelaxOptimal OPTIMAL
 weights_sum: 1.0
itereffortlevel: 0
--separating...
--find a better primal bound 0.33378996306584063 by Alternative descent Eigen
--found a cut state by heuristic 0.33378996306584063 0.1072684284369434 
iteration: 344,  #states: 2056, valueb: 0.1072684284369434, activeness: 0.33378996306584063, primalobj: 0.941691295525786, dualobj: -Inf
solve--
end solve-- RelaxOptimal OPTIMAL
 weights_sum: 1.0000002231920089
itereffortlevel: 0
--separating...
--find a better primal bound 0.209921940792471 by Alternative descent Eigen
--found a cut state by heuristic 0.209921940792471 0.12718727316996545 
iteration: 345,  #states: 2057, valueb: 0.12718727316996545, activeness: 0.209921940792471, primalobj: 0.9416902248947897, dualobj: -Inf
solve--
end solve-- RelaxOptimal OPTIMAL
 weights_sum: 1.000000250227807
itereffortlevel: 0
--separating...
--find a better primal bound 0.2571788859994427 by Alternative descent Eigen
--found a cut state by heuristic 0.2571788859994427 0.07696219778462755 
iteration: 346,  #states: 2058, valueb: 0.07696219778462755, activeness: 0.2571788859994427, primalobj: 0.9416898479012195, dualobj: -Inf
solve--
end solve-- RelaxOptimal OPTIMAL
 weights_sum: 1.000000616076281
itereffortlevel: 0
--separating...
--find a better primal bound 0.17318487474878305 by Alternative descent Eigen
--found a cut state by heuristic 0.17318487474878305 0.07289877285069181 
iteration: 347,  #states: 2059, valueb: 0.07289877285069181, activeness: 0.17318487474878305, primalobj: 0.9416894669962065, dualobj: -Inf
solve--
end solve-- RelaxOptimal OPTIMAL
 weights_sum: 1.000000283548381
itereffortlevel: 0
--separating...
--find a better primal bound 0.21397302285665706 by Alternative descent Eigen
--found a cut state by heuristic 0.21397302285665706 0.08425483179734206 
iteration: 348,  #states: 2060, valueb: 0.08425483179734206, activeness: 0.21397302285665706, primalobj: 0.9416892601495908, dualobj: -Inf
solve--
end solve-- RelaxOptimal OPTIMAL
 weights_sum: 1.0000015516637282
itereffortlevel: 0
--separating...
--find a better primal bound 0.2714959805454743 by Alternative descent Eigen
--found a cut state by heuristic 0.2714959805454743 0.10363722929292161 
iteration: 349,  #states: 2061, valueb: 0.10363722929292161, activeness: 0.2714959805454743, primalobj: 0.9416890413219916, dualobj: -Inf
solve--
end solve-- RelaxOptimal OPTIMAL
 weights_sum: 1.0000000605633734
itereffortlevel: 0
--separating...
--find a better primal bound 0.18243473120631143 by Alternative descent Eigen
--found a cut state by heuristic 0.18243473120631143 0.09032003038114973 
iteration: 350,  #states: 2062, valueb: 0.09032003038114973, activeness: 0.18243473120631143, primalobj: 0.9416886593524139, dualobj: -Inf
solve--
end solve-- RelaxOptimal OPTIMAL
 weights_sum: 1.0000000000000007
itereffortlevel: 0
--separating...
--find a better primal bound 0.24187595599391332 by Alternative descent Eigen
--found a cut state by heuristic 0.24187595599391332 0.15083902547032418 
iteration: 351,  #states: 2063, valueb: 0.15083902547032418, activeness: 0.24187595599391332, primalobj: 0.9416883220344459, dualobj: -Inf
solve--
end solve-- RelaxOptimal OPTIMAL
 weights_sum: 1.0000009983658606
itereffortlevel: 0
--separating...
--find a better primal bound 0.20129300443380457 by Alternative descent Eigen
--found a cut state by heuristic 0.20129300443380457 0.046841026999539626 
iteration: 352,  #states: 2064, valueb: 0.046841026999539626, activeness: 0.20129300443380457, primalobj: 0.9416880837602973, dualobj: -Inf
solve--
end solve-- RelaxOptimal OPTIMAL
 weights_sum: 1.0000000326232523
itereffortlevel: 0
--separating...
--find a better primal bound 0.20254493466501008 by Alternative descent Eigen
--found a cut state by heuristic 0.20254493466501008 0.15136540181411604 
iteration: 353,  #states: 2065, valueb: 0.15136540181411604, activeness: 0.20254493466501008, primalobj: 0.9416875545150813, dualobj: -Inf
solve--
end solve-- RelaxOptimal OPTIMAL
 weights_sum: 1.0000002467844917
itereffortlevel: 0
--separating...
--find a better primal bound 0.2759391648620464 by Alternative descent Eigen
--found a cut state by heuristic 0.2759391648620464 0.1022540651857915 
iteration: 354,  #states: 2066, valueb: 0.1022540651857915, activeness: 0.2759391648620464, primalobj: 0.9416873801711826, dualobj: -Inf
solve--
end solve-- RelaxOptimal OPTIMAL
 weights_sum: 1.0000000000000002
itereffortlevel: 0
--separating...
--find a better primal bound 0.15601657832430077 by Alternative descent Eigen
--found a cut state by heuristic 0.15601657832430077 0.08664397352087291 
iteration: 355,  #states: 2067, valueb: 0.08664397352087291, activeness: 0.15601657832430077, primalobj: 0.9416868199901103, dualobj: -Inf
solve--
end solve-- RelaxOptimal OPTIMAL
 weights_sum: 1.0000000000000007
itereffortlevel: 0
--separating...
--find a better primal bound 0.3004341526370262 by Alternative descent Eigen
--found a cut state by heuristic 0.3004341526370262 0.11352372663771718 
iteration: 356,  #states: 2068, valueb: 0.11352372663771718, activeness: 0.3004341526370262, primalobj: 0.941686577107447, dualobj: -Inf
solve--
end solve-- RelaxOptimal OPTIMAL
 weights_sum: 1.000000005472998
itereffortlevel: 0
--separating...
--find a better primal bound 0.12419093651237773 by Alternative descent Eigen
--found a cut state by heuristic 0.12419093651237773 0.08121078102944981 
iteration: 357,  #states: 2069, valueb: 0.08121078102944981, activeness: 0.12419093651237773, primalobj: 0.9416858872256786, dualobj: -Inf
solve--
end solve-- RelaxOptimal OPTIMAL
 weights_sum: 1.000000093465188
itereffortlevel: 0
--separating...
--find a better primal bound 0.20188112936697253 by Alternative descent Eigen
--found a cut state by heuristic 0.20188112936697253 0.09547558212834319 
iteration: 358,  #states: 2070, valueb: 0.09547558212834319, activeness: 0.20188112936697253, primalobj: 0.941685739348824, dualobj: -Inf
solve--
end solve-- RelaxOptimal OPTIMAL
 weights_sum: 1.0000002684306377
itereffortlevel: 0
--separating...
--find a better primal bound 0.15927163563367755 by Alternative descent Eigen
--found a cut state by heuristic 0.15927163563367755 0.042393385208092375 
iteration: 359,  #states: 2071, valueb: 0.042393385208092375, activeness: 0.15927163563367755, primalobj: 0.9416855390927107, dualobj: -Inf
solve--
end solve-- RelaxOptimal OPTIMAL
 weights_sum: 0.9999999999999998
itereffortlevel: 0
--separating...
--find a better primal bound 0.191039901991653 by Alternative descent Eigen
--found a cut state by heuristic 0.191039901991653 0.047070474444768556 
iteration: 360,  #states: 2072, valueb: 0.047070474444768556, activeness: 0.191039901991653, primalobj: 0.941685025213799, dualobj: -Inf
solve--
end solve-- RelaxOptimal OPTIMAL
 weights_sum: 1.0000001742798488
itereffortlevel: 0
--separating...
--find a better primal bound 0.2250437657883846 by Alternative descent Eigen
--found a cut state by heuristic 0.2250437657883846 0.035972878208025 
iteration: 361,  #states: 2073, valueb: 0.035972878208025, activeness: 0.2250437657883846, primalobj: 0.9416847692286164, dualobj: -Inf
solve--
end solve-- RelaxOptimal OPTIMAL
 weights_sum: 1.0000001305737067
itereffortlevel: 0
--separating...
--find a better primal bound 0.2070671315736971 by Alternative descent Eigen
--found a cut state by heuristic 0.2070671315736971 0.038409631306086524 
iteration: 362,  #states: 2074, valueb: 0.038409631306086524, activeness: 0.2070671315736971, primalobj: 0.9416838473620585, dualobj: -Inf
solve--
end solve-- RelaxOptimal OPTIMAL
 weights_sum: 1.0000000380238865
itereffortlevel: 0
--separating...
--find a better primal bound 0.11132741948839871 by Alternative descent Eigen
--found a cut state by heuristic 0.11132741948839871 0.04001496842660136 
iteration: 363,  #states: 2075, valueb: 0.04001496842660136, activeness: 0.11132741948839871, primalobj: 0.9416835409727626, dualobj: -Inf
solve--
end solve-- RelaxOptimal OPTIMAL
 weights_sum: 0.9999999999999994
itereffortlevel: 0
--separating...
--find a better primal bound 0.1741865819063604 by Alternative descent Eigen
--found a cut state by heuristic 0.1741865819063604 0.044875828704396936 
iteration: 364,  #states: 2076, valueb: 0.044875828704396936, activeness: 0.1741865819063604, primalobj: 0.9416834143503254, dualobj: -Inf
solve--
end solve-- RelaxOptimal OPTIMAL
 weights_sum: 1.0000033898003893
itereffortlevel: 0
--separating...
--find a better primal bound 0.16651856289408132 by Alternative descent Eigen
--found a cut state by heuristic 0.16651856289408132 0.060057065802623814 
iteration: 365,  #states: 2077, valueb: 0.060057065802623814, activeness: 0.16651856289408132, primalobj: 0.9416830840725459, dualobj: -Inf
solve--
end solve-- RelaxOptimal OPTIMAL
 weights_sum: 1.000000033078197
itereffortlevel: 0
--separating...
--find a better primal bound 0.19590933500921243 by Alternative descent Eigen
--found a cut state by heuristic 0.19590933500921243 0.06853423230261547 
iteration: 366,  #states: 2078, valueb: 0.06853423230261547, activeness: 0.19590933500921243, primalobj: 0.9416829096431705, dualobj: -Inf
solve--
end solve-- RelaxOptimal OPTIMAL
 weights_sum: 1.000000660286581
itereffortlevel: 0
--separating...
--find a better primal bound 0.17584953929476413 by Alternative descent Eigen
--found a cut state by heuristic 0.17584953929476413 0.0389247356126717 
iteration: 367,  #states: 2079, valueb: 0.0389247356126717, activeness: 0.17584953929476413, primalobj: 0.9416821264580356, dualobj: -Inf
solve--
end solve-- RelaxOptimal OPTIMAL
 weights_sum: 1.0000014575852942
itereffortlevel: 0
--separating...
--find a better primal bound 0.2055902956843273 by Alternative descent Eigen
--found a cut state by heuristic 0.2055902956843273 0.06054600759985415 
iteration: 368,  #states: 2080, valueb: 0.06054600759985415, activeness: 0.2055902956843273, primalobj: 0.9416817505453838, dualobj: -Inf
solve--
end solve-- RelaxOptimal OPTIMAL
 weights_sum: 1.0000000000000009
itereffortlevel: 0
--separating...
--find a better primal bound 0.18203825681141922 by Alternative descent Eigen
--found a cut state by heuristic 0.18203825681141922 0.04659335560593805 
iteration: 369,  #states: 2081, valueb: 0.04659335560593805, activeness: 0.18203825681141922, primalobj: 0.9416812958529802, dualobj: -Inf
solve--
end solve-- RelaxOptimal OPTIMAL
 weights_sum: 0.9999999999999996
itereffortlevel: 0
--separating...
--find a better primal bound 0.4049863810459115 by Alternative descent Eigen
--found a cut state by heuristic 0.4049863810459115 0.2031518748273874 
iteration: 370,  #states: 2082, valueb: 0.2031518748273874, activeness: 0.4049863810459115, primalobj: 0.9416811279560748, dualobj: -Inf
solve--
end solve-- RelaxOptimal OPTIMAL
 weights_sum: 1.00000245895365
itereffortlevel: 0
--separating...
--find a better primal bound 0.19703580445031332 by Alternative descent Eigen
--found a cut state by heuristic 0.19703580445031332 0.03680315998869855 
iteration: 371,  #states: 2083, valueb: 0.03680315998869855, activeness: 0.19703580445031332, primalobj: 0.9416804932597236, dualobj: -Inf
solve--
end solve-- RelaxOptimal OPTIMAL
 weights_sum: 0.9999999999999997
itereffortlevel: 0
--separating...
--find a better primal bound 0.1789165680246606 by Alternative descent Eigen
--found a cut state by heuristic 0.1789165680246606 0.050628542903365645 
iteration: 372,  #states: 2084, valueb: 0.050628542903365645, activeness: 0.1789165680246606, primalobj: 0.9416802077311026, dualobj: -Inf
solve--
end solve-- RelaxOptimal OPTIMAL
 weights_sum: 1.0000000000000009
itereffortlevel: 0
--separating...
--find a better primal bound 0.2034903189145105 by Alternative descent Eigen
--found a cut state by heuristic 0.2034903189145105 0.04818289781841851 
iteration: 373,  #states: 2085, valueb: 0.04818289781841851, activeness: 0.2034903189145105, primalobj: 0.9416797385273985, dualobj: -Inf
solve--
end solve-- RelaxOptimal OPTIMAL
 weights_sum: 1.0000000294450457
itereffortlevel: 0
--separating...
--find a better primal bound 0.16616194376059995 by Alternative descent Eigen
--found a cut state by heuristic 0.16616194376059995 0.07377811796865975 
iteration: 374,  #states: 2086, valueb: 0.07377811796865975, activeness: 0.16616194376059995, primalobj: 0.9416793895380429, dualobj: -Inf
solve--
end solve-- RelaxOptimal OPTIMAL
 weights_sum: 1.0000000259474489
itereffortlevel: 0
--separating...
--find a better primal bound 0.14642605857474592 by Alternative descent Eigen
--found a cut state by heuristic 0.14642605857474592 0.05384886019708023 
iteration: 375,  #states: 2087, valueb: 0.05384886019708023, activeness: 0.14642605857474592, primalobj: 0.9416790336218639, dualobj: -Inf
solve--
end solve-- RelaxOptimal OPTIMAL
 weights_sum: 0.9999999999999989
itereffortlevel: 0
--separating...
--find a better primal bound 0.29149471180888875 by Alternative descent Eigen
--found a cut state by heuristic 0.29149471180888875 0.10764834943319965 
iteration: 376,  #states: 2088, valueb: 0.10764834943319965, activeness: 0.29149471180888875, primalobj: 0.9416789602567581, dualobj: -Inf
solve--
end solve-- RelaxOptimal OPTIMAL
 weights_sum: 1.0000000129051407
itereffortlevel: 0
--separating...
--find a better primal bound 0.13037294922049542 by Alternative descent Eigen
--found a cut state by heuristic 0.13037294922049542 0.07480952301527355 
iteration: 377,  #states: 2089, valueb: 0.07480952301527355, activeness: 0.13037294922049542, primalobj: 0.9416785938296658, dualobj: -Inf
solve--
end solve-- RelaxOptimal OPTIMAL
 weights_sum: 1.0000004531894078
itereffortlevel: 0
--separating...
--find a better primal bound 0.21135654527736347 by Alternative descent Eigen
--found a cut state by heuristic 0.21135654527736347 0.0635022411809791 
iteration: 378,  #states: 2090, valueb: 0.0635022411809791, activeness: 0.21135654527736347, primalobj: 0.9416784212465921, dualobj: -Inf
solve--
end solve-- RelaxOptimal OPTIMAL
 weights_sum: 1.0000000089868881
itereffortlevel: 0
--separating...
--find a better primal bound 0.12918219004026624 by Alternative descent Eigen
--found a cut state by heuristic 0.12918219004026624 0.05323739998691943 
iteration: 379,  #states: 2091, valueb: 0.05323739998691943, activeness: 0.12918219004026624, primalobj: 0.9416782561276756, dualobj: -Inf
solve--
end solve-- RelaxOptimal OPTIMAL
 weights_sum: 1.000001195460333
itereffortlevel: 0
--separating...
--find a better primal bound 0.1468764667348819 by Alternative descent Eigen
--found a cut state by heuristic 0.1468764667348819 0.016390770164332054 
iteration: 380,  #states: 2092, valueb: 0.016390770164332054, activeness: 0.1468764667348819, primalobj: 0.9416778813477121, dualobj: -Inf
solve--
end solve-- RelaxOptimal OPTIMAL
 weights_sum: 0.9999999999999993
itereffortlevel: 0
--separating...
--find a better primal bound 0.1709920349025156 by Alternative descent Eigen
--found a cut state by heuristic 0.1709920349025156 0.07888254508378872 
iteration: 381,  #states: 2093, valueb: 0.07888254508378872, activeness: 0.1709920349025156, primalobj: 0.9416774583686247, dualobj: -Inf
solve--
end solve-- RelaxOptimal OPTIMAL
 weights_sum: 1.0000000176260746
itereffortlevel: 0
--separating...
--find a better primal bound 0.11654174501420697 by Alternative descent Eigen
--found a cut state by heuristic 0.11654174501420697 0.07028842227828866 
iteration: 382,  #states: 2094, valueb: 0.07028842227828866, activeness: 0.11654174501420697, primalobj: 0.941677255012744, dualobj: -Inf
solve--
end solve-- RelaxOptimal OPTIMAL
 weights_sum: 1.0000000000000004
itereffortlevel: 0
--separating...
--find a better primal bound 0.15640443079091593 by Alternative descent Eigen
--found a cut state by heuristic 0.15640443079091593 0.06800872098628226 
iteration: 383,  #states: 2095, valueb: 0.06800872098628226, activeness: 0.15640443079091593, primalobj: 0.9416771399666259, dualobj: -Inf
solve--
end solve-- RelaxOptimal OPTIMAL
 weights_sum: 1.0000008547638257
itereffortlevel: 0
--separating...
--find a better primal bound 0.2225904964437429 by Alternative descent Eigen
--found a cut state by heuristic 0.2225904964437429 0.08878697770844383 
iteration: 384,  #states: 2096, valueb: 0.08878697770844383, activeness: 0.2225904964437429, primalobj: 0.9416769976317731, dualobj: -Inf
solve--
end solve-- RelaxOptimal OPTIMAL
 weights_sum: 0.9999999999999997
itereffortlevel: 0
--separating...
--find a better primal bound 0.14468403658171583 by Alternative descent Eigen
--found a cut state by heuristic 0.14468403658171583 0.04238829114424424 
iteration: 385,  #states: 2097, valueb: 0.04238829114424424, activeness: 0.14468403658171583, primalobj: 0.9416765918706479, dualobj: -Inf
solve--
end solve-- RelaxOptimal OPTIMAL
 weights_sum: 1.000008219934367
itereffortlevel: 0
--separating...
--find a better primal bound 0.17663993916013115 by Alternative descent Eigen
--found a cut state by heuristic 0.17663993916013115 0.05034354776699091 
iteration: 386,  #states: 2098, valueb: 0.05034354776699091, activeness: 0.17663993916013115, primalobj: 0.9416763979210139, dualobj: -Inf
solve--
end solve-- RelaxOptimal OPTIMAL
 weights_sum: 1.000000009493401
itereffortlevel: 0
--separating...
--find a better primal bound 0.16308983813669328 by Alternative descent Eigen
--found a cut state by heuristic 0.16308983813669328 0.01636315867496873 
iteration: 387,  #states: 2099, valueb: 0.01636315867496873, activeness: 0.16308983813669328, primalobj: 0.9416760864590156, dualobj: -Inf
solve--
end solve-- RelaxOptimal OPTIMAL
 weights_sum: 1.0000000000000002
itereffortlevel: 0
--separating...
--find a better primal bound 0.09751166342097217 by Alternative descent Eigen
--found a cut state by heuristic 0.09751166342097217 0.013834679840640858 
iteration: 388,  #states: 2100, valueb: 0.013834679840640858, activeness: 0.09751166342097217, primalobj: 0.9416759762851442, dualobj: -Inf
solve--
end solve-- RelaxOptimal OPTIMAL
 weights_sum: 1.0000066667598744
itereffortlevel: 0
--separating...
--find a better primal bound 0.12675349638934 by Alternative descent Eigen
--found a cut state by heuristic 0.12675349638934 0.01182123709463618 
iteration: 389,  #states: 2101, valueb: 0.01182123709463618, activeness: 0.12675349638934, primalobj: 0.941675899205049, dualobj: -Inf
solve--
end solve-- RelaxOptimal OPTIMAL
 weights_sum: 1.0000020421489226
itereffortlevel: 0
--separating...
--find a better primal bound 0.07527463513964094 by Alternative descent Eigen
--found a cut state by heuristic 0.07527463513964094 0.03017065598578623 
iteration: 390,  #states: 2102, valueb: 0.03017065598578623, activeness: 0.07527463513964094, primalobj: 0.9416758232031419, dualobj: -Inf
solve--
end solve-- RelaxOptimal OPTIMAL
 weights_sum: 1.0000000000000009
itereffortlevel: 0
--separating...
--find a better primal bound 0.0913330351547478 by Alternative descent Eigen
--found a cut state by heuristic 0.0913330351547478 0.04583825922968949 
iteration: 391,  #states: 2103, valueb: 0.04583825922968949, activeness: 0.0913330351547478, primalobj: 0.941675689815177, dualobj: -Inf
solve--
end solve-- RelaxOptimal OPTIMAL
 weights_sum: 1.0000000213069242
itereffortlevel: 0
--separating...
--find a better primal bound 0.24791733682751982 by Alternative descent Eigen
--found a cut state by heuristic 0.24791733682751982 0.02143623212412525 
iteration: 392,  #states: 2104, valueb: 0.02143623212412525, activeness: 0.24791733682751982, primalobj: 0.9416755060697778, dualobj: -Inf
solve--
end solve-- RelaxOptimal OPTIMAL
 weights_sum: 0.9999999999999998
itereffortlevel: 0
--separating...
--find a better primal bound 0.10913036891455664 by Alternative descent Eigen
--found a cut state by heuristic 0.10913036891455664 0.020920611049379843 
iteration: 393,  #states: 2105, valueb: 0.020920611049379843, activeness: 0.10913036891455664, primalobj: 0.9416749359042126, dualobj: -Inf
solve--
end solve-- RelaxOptimal OPTIMAL
 weights_sum: 1.0000112218038002
itereffortlevel: 0
--separating...
--find a better primal bound 0.17174525426313036 by Alternative descent Eigen
--found a cut state by heuristic 0.17174525426313036 0.030743955102720877 
iteration: 394,  #states: 2106, valueb: 0.030743955102720877, activeness: 0.17174525426313036, primalobj: 0.941674765682477, dualobj: -Inf
solve--
end solve-- RelaxOptimal OPTIMAL
 weights_sum: 1.0000000215614622
itereffortlevel: 0
--separating...
--find a better primal bound 0.13654977636983434 by Alternative descent Eigen
--found a cut state by heuristic 0.13654977636983434 0.06001012730063192 
iteration: 395,  #states: 2107, valueb: 0.06001012730063192, activeness: 0.13654977636983434, primalobj: 0.9416744328295075, dualobj: -Inf
solve--
end solve-- RelaxOptimal OPTIMAL
 weights_sum: 1.0000004852760322
itereffortlevel: 0
--separating...
--find a better primal bound 0.13047324664105173 by Alternative descent Eigen
--found a cut state by heuristic 0.13047324664105173 0.08335940766248355 
iteration: 396,  #states: 2108, valueb: 0.08335940766248355, activeness: 0.13047324664105173, primalobj: 0.941674279694423, dualobj: -Inf
solve--
end solve-- RelaxOptimal OPTIMAL
 weights_sum: 1.0000000413366232
itereffortlevel: 0
--separating...
--find a better primal bound 0.25662432259542567 by Alternative descent Eigen
--found a cut state by heuristic 0.25662432259542567 0.04472050163409416 
iteration: 397,  #states: 2109, valueb: 0.04472050163409416, activeness: 0.25662432259542567, primalobj: 0.9416738188667352, dualobj: -Inf
solve--
end solve-- RelaxOptimal OPTIMAL
 weights_sum: 1.0000000239434557
itereffortlevel: 0
--separating...
--find a better primal bound 0.2152453505141044 by Alternative descent Eigen
--found a cut state by heuristic 0.2152453505141044 0.10793723542953983 
iteration: 398,  #states: 2110, valueb: 0.10793723542953983, activeness: 0.2152453505141044, primalobj: 0.9416733148847345, dualobj: -Inf
solve--
end solve-- RelaxOptimal OPTIMAL
 weights_sum: 0.9999999999999997
itereffortlevel: 0
--separating...
--find a better primal bound 0.18054722507988727 by Alternative descent Eigen
--found a cut state by heuristic 0.18054722507988727 0.09083887540773228 
iteration: 399,  #states: 2111, valueb: 0.09083887540773228, activeness: 0.18054722507988727, primalobj: 0.9416727885411407, dualobj: -Inf
solve--
end solve-- RelaxOptimal OPTIMAL
 weights_sum: 1.0000000157654365
itereffortlevel: 0
--separating...
--find a better primal bound 0.290619442632306 by Alternative descent Eigen
--found a cut state by heuristic 0.290619442632306 0.09114377775901211 
iteration: 400,  #states: 2112, valueb: 0.09114377775901211, activeness: 0.290619442632306, primalobj: 0.9416725707501796, dualobj: -Inf
solve--
end solve-- RelaxOptimal OPTIMAL
 weights_sum: 1.0000000662341657
itereffortlevel: 0
--separating...
--find a better primal bound 0.2078380732120455 by Alternative descent Eigen
--found a cut state by heuristic 0.2078380732120455 0.08749335223795292 
iteration: 401,  #states: 2113, valueb: 0.08749335223795292, activeness: 0.2078380732120455, primalobj: 0.9416720915172263, dualobj: -Inf
solve--
end solve-- RelaxOptimal OPTIMAL
 weights_sum: 1.0000000000000004
itereffortlevel: 0
--separating...
--find a better primal bound 0.27929265576859735 by Alternative descent Eigen
--found a cut state by heuristic 0.27929265576859735 0.1523198391545128 
iteration: 402,  #states: 2114, valueb: 0.1523198391545128, activeness: 0.27929265576859735, primalobj: 0.9416712685644208, dualobj: -Inf
solve--
end solve-- RelaxOptimal OPTIMAL
 weights_sum: 1.000001563122161
itereffortlevel: 0
--separating...
--find a better primal bound 0.12327419995239891 by Alternative descent Eigen
--found a cut state by heuristic 0.12327419995239891 0.001541005390325607 
iteration: 403,  #states: 2115, valueb: 0.001541005390325607, activeness: 0.12327419995239891, primalobj: 0.941670963988975, dualobj: -Inf
solve--
end solve-- RelaxOptimal OPTIMAL
 weights_sum: 0.9999999999999994
itereffortlevel: 0
--separating...
--find a better primal bound 0.37852049223847134 by Alternative descent Eigen
--found a cut state by heuristic 0.37852049223847134 0.1600715850357972 
iteration: 404,  #states: 2116, valueb: 0.1600715850357972, activeness: 0.37852049223847134, primalobj: 0.94167053417824, dualobj: -Inf
solve--
end solve-- RelaxOptimal OPTIMAL
 weights_sum: 1.0000000043407935
itereffortlevel: 0
--separating...
--find a better primal bound 0.13254743954377493 by Alternative descent Eigen
--found a cut state by heuristic 0.13254743954377493 0.027684995320142756 
iteration: 405,  #states: 2117, valueb: 0.027684995320142756, activeness: 0.13254743954377493, primalobj: 0.9416697196516827, dualobj: -Inf
solve--
end solve-- RelaxOptimal OPTIMAL
 weights_sum: 1.0
itereffortlevel: 0
--separating...
--find a better primal bound 0.19032311300079446 by Alternative descent Eigen
--found a cut state by heuristic 0.19032311300079446 0.04352913584311569 
iteration: 406,  #states: 2118, valueb: 0.04352913584311569, activeness: 0.19032311300079446, primalobj: 0.9416691826546102, dualobj: -Inf
solve--
end solve-- RelaxOptimal OPTIMAL
 weights_sum: 0.9999999999999998
itereffortlevel: 0
--separating...
--find a better primal bound 0.10284880367766863 by Alternative descent Eigen
--found a cut state by heuristic 0.10284880367766863 -0.0 
iteration: 407,  #states: 2119, valueb: -0.0, activeness: 0.10284880367766863, primalobj: 0.9416689173036527, dualobj: -Inf
solve--
end solve-- RelaxOptimal OPTIMAL
 weights_sum: 1.0000000241016689
itereffortlevel: 0
--separating...
--find a better primal bound 0.17884120627978206 by Alternative descent Eigen
--found a cut state by heuristic 0.17884120627978206 0.051010664992850924 
iteration: 408,  #states: 2120, valueb: 0.051010664992850924, activeness: 0.17884120627978206, primalobj: 0.9416686359953594, dualobj: -Inf
solve--
end solve-- RelaxOptimal OPTIMAL
 weights_sum: 1.0000000161556692
itereffortlevel: 0
--separating...
--find a better primal bound 0.28033204841912096 by Alternative descent Eigen
--found a cut state by heuristic 0.28033204841912096 0.12660658363094757 
iteration: 409,  #states: 2121, valueb: 0.12660658363094757, activeness: 0.28033204841912096, primalobj: 0.9416683431039005, dualobj: -Inf
solve--
end solve-- RelaxOptimal OPTIMAL
 weights_sum: 1.0000000546231251
itereffortlevel: 0
--separating...
--find a better primal bound 0.1816253810886847 by Alternative descent Eigen
--found a cut state by heuristic 0.1816253810886847 0.05164131934024938 
iteration: 410,  #states: 2122, valueb: 0.05164131934024938, activeness: 0.1816253810886847, primalobj: 0.941668167145192, dualobj: -Inf
solve--
end solve-- RelaxOptimal OPTIMAL
 weights_sum: 1.0000000110438736
itereffortlevel: 0
--separating...
--find a better primal bound 0.14939185063048427 by Alternative descent Eigen
--found a cut state by heuristic 0.14939185063048427 0.008610285659271414 
iteration: 411,  #states: 2123, valueb: 0.008610285659271414, activeness: 0.14939185063048427, primalobj: 0.9416678261040438, dualobj: -Inf
solve--
end solve-- RelaxOptimal OPTIMAL
 weights_sum: 1.0000011348891313
itereffortlevel: 0
--separating...
--find a better primal bound 0.05891941456856285 by Alternative descent Eigen
--found a cut state by heuristic 0.05891941456856285 -0.0 
iteration: 412,  #states: 2124, valueb: -0.0, activeness: 0.05891941456856285, primalobj: 0.9416674433494739, dualobj: -Inf
solve--
end solve-- RelaxOptimal OPTIMAL
 weights_sum: 1.0000012169476051
itereffortlevel: 0
--separating...
--find a better primal bound 0.10081795894651199 by Alternative descent Eigen
--found a cut state by heuristic 0.10081795894651199 0.04576964093648729 
iteration: 413,  #states: 2125, valueb: 0.04576964093648729, activeness: 0.10081795894651199, primalobj: 0.9416673805644361, dualobj: -Inf
solve--
end solve-- RelaxOptimal OPTIMAL
 weights_sum: 1.0000000000000002
itereffortlevel: 0
--separating...
--find a better primal bound 0.16885464792858038 by Alternative descent Eigen
--found a cut state by heuristic 0.16885464792858038 0.03843560801414104 
iteration: 414,  #states: 2126, valueb: 0.03843560801414104, activeness: 0.16885464792858038, primalobj: 0.9416671992852538, dualobj: -Inf
solve--
end solve-- RelaxOptimal OPTIMAL
 weights_sum: 1.0000036496954006
itereffortlevel: 0
--separating...
--find a better primal bound 0.11865413908638778 by Alternative descent Eigen
--found a cut state by heuristic 0.11865413908638778 0.015683759595436605 
iteration: 415,  #states: 2127, valueb: 0.015683759595436605, activeness: 0.11865413908638778, primalobj: 0.9416667339487874, dualobj: -Inf
solve--
end solve-- RelaxOptimal OPTIMAL
 weights_sum: 0.9999999999999998
itereffortlevel: 0
--separating...
--find a better primal bound 0.14941935751773167 by Alternative descent Eigen
--found a cut state by heuristic 0.14941935751773167 0.036105200226744745 
iteration: 416,  #states: 2128, valueb: 0.036105200226744745, activeness: 0.14941935751773167, primalobj: 0.9416657810904404, dualobj: -Inf
solve--
end solve-- RelaxOptimal OPTIMAL
 weights_sum: 0.9999999999999988
itereffortlevel: 0
--separating...
--find a better primal bound 0.23172830353713372 by Alternative descent Eigen
--found a cut state by heuristic 0.23172830353713372 0.05946499064608666 
iteration: 417,  #states: 2129, valueb: 0.05946499064608666, activeness: 0.23172830353713372, primalobj: 0.9416654353594298, dualobj: -Inf
solve--
end solve-- RelaxOptimal OPTIMAL
 weights_sum: 1.0000000474599602
itereffortlevel: 0
--separating...
--find a better primal bound 0.06836596882516738 by Alternative descent Eigen
--found a cut state by heuristic 0.06836596882516738 -0.0 
iteration: 418,  #states: 2130, valueb: -0.0, activeness: 0.06836596882516738, primalobj: 0.9416650943274786, dualobj: -Inf
solve--
end solve-- RelaxOptimal OPTIMAL
 weights_sum: 1.0000000079627236
itereffortlevel: 0
--separating...
--find a better primal bound 0.24159107640679464 by Alternative descent Eigen
--found a cut state by heuristic 0.24159107640679464 0.05138169921186585 
iteration: 419,  #states: 2131, valueb: 0.05138169921186585, activeness: 0.24159107640679464, primalobj: 0.9416643655448944, dualobj: -Inf
solve--
end solve-- RelaxOptimal OPTIMAL
 weights_sum: 1.0000006165643573
itereffortlevel: 0
--separating...
--find a better primal bound 0.2645256130338951 by Alternative descent Eigen
--found a cut state by heuristic 0.2645256130338951 0.09466117158121987 
iteration: 420,  #states: 2132, valueb: 0.09466117158121987, activeness: 0.2645256130338951, primalobj: 0.9416635220109655, dualobj: -Inf
solve--
end solve-- RelaxOptimal OPTIMAL
 weights_sum: 0.9999999999999992
itereffortlevel: 0
--separating...
--find a better primal bound 0.20110426007630142 by Alternative descent Eigen
--found a cut state by heuristic 0.20110426007630142 0.020093479733978507 
iteration: 421,  #states: 2133, valueb: 0.020093479733978507, activeness: 0.20110426007630142, primalobj: 0.9416627356079769, dualobj: -Inf
solve--
end solve-- RelaxOptimal OPTIMAL
 weights_sum: 1.000000022998465
itereffortlevel: 0
--separating...
--find a better primal bound 0.279152741148462 by Alternative descent Eigen
--found a cut state by heuristic 0.279152741148462 0.08828717628383997 
iteration: 422,  #states: 2134, valueb: 0.08828717628383997, activeness: 0.279152741148462, primalobj: 0.9416622646228815, dualobj: -Inf
solve--
end solve-- RelaxOptimal OPTIMAL
 weights_sum: 1.0000000874367418
itereffortlevel: 0
--separating...
--find a better primal bound 0.2147484185412985 by Alternative descent Eigen
--found a cut state by heuristic 0.2147484185412985 0.06448025954897285 
iteration: 423,  #states: 2135, valueb: 0.06448025954897285, activeness: 0.2147484185412985, primalobj: 0.9416615900785191, dualobj: -Inf
solve--
end solve-- RelaxOptimal OPTIMAL
 weights_sum: 1.0000001815267732
itereffortlevel: 0
--separating...
--find a better primal bound 0.1803886290739929 by Alternative descent Eigen
--found a cut state by heuristic 0.1803886290739929 0.059157028183172665 
iteration: 424,  #states: 2136, valueb: 0.059157028183172665, activeness: 0.1803886290739929, primalobj: 0.9416612999568457, dualobj: -Inf
solve--
end solve-- RelaxOptimal OPTIMAL
 weights_sum: 1.0000000389255508
itereffortlevel: 0
--separating...
--find a better primal bound 0.18898273305687358 by Alternative descent Eigen
--found a cut state by heuristic 0.18898273305687358 0.07039367672554915 
iteration: 425,  #states: 2137, valueb: 0.07039367672554915, activeness: 0.18898273305687358, primalobj: 0.9416612162421946, dualobj: -Inf
solve--
end solve-- RelaxOptimal OPTIMAL
 weights_sum: 0.9999999999999993
itereffortlevel: 0
--separating...
--find a better primal bound 0.1642538931594359 by Alternative descent Eigen
--found a cut state by heuristic 0.1642538931594359 0.06305017036448382 
iteration: 426,  #states: 2138, valueb: 0.06305017036448382, activeness: 0.1642538931594359, primalobj: 0.9416609734587421, dualobj: -Inf
solve--
end solve-- RelaxOptimal OPTIMAL
 weights_sum: 0.9999999999999996
itereffortlevel: 0
--separating...
--find a better primal bound 0.2784174411208145 by Alternative descent Eigen
--found a cut state by heuristic 0.2784174411208145 0.17279847119205627 
iteration: 427,  #states: 2139, valueb: 0.17279847119205627, activeness: 0.2784174411208145, primalobj: 0.9416604464387035, dualobj: -Inf
solve--
end solve-- RelaxOptimal OPTIMAL
 weights_sum: 1.0000000000000002
itereffortlevel: 0
--separating...
--find a better primal bound 0.11457784672175304 by Alternative descent Eigen
--found a cut state by heuristic 0.11457784672175304 -0.0 
iteration: 428,  #states: 2140, valueb: -0.0, activeness: 0.11457784672175304, primalobj: 0.9416602358902229, dualobj: -Inf
solve--
end solve-- RelaxOptimal OPTIMAL
 weights_sum: 1.0000000275613976
itereffortlevel: 0
--separating...
--find a better primal bound 0.0740526279307555 by Alternative descent Eigen
--found a cut state by heuristic 0.0740526279307555 -0.0 
iteration: 429,  #states: 2141, valueb: -0.0, activeness: 0.0740526279307555, primalobj: 0.941660057155221, dualobj: -Inf
solve--
end solve-- RelaxOptimal OPTIMAL
 weights_sum: 1.000000005276975
itereffortlevel: 0
--separating...
--find a better primal bound 0.21420347293566455 by Alternative descent Eigen
--found a cut state by heuristic 0.21420347293566455 0.1354251071963731 
iteration: 430,  #states: 2142, valueb: 0.1354251071963731, activeness: 0.21420347293566455, primalobj: 0.9416598201594649, dualobj: -Inf
solve--
end solve-- RelaxOptimal OPTIMAL
 weights_sum: 0.9999999999999993
itereffortlevel: 0
--separating...
--find a better primal bound 0.22780689887936018 by Alternative descent Eigen
--found a cut state by heuristic 0.22780689887936018 0.15501971582664353 
iteration: 431,  #states: 2143, valueb: 0.15501971582664353, activeness: 0.22780689887936018, primalobj: 0.9416594652468466, dualobj: -Inf
solve--
end solve-- RelaxOptimal OPTIMAL
 weights_sum: 1.000000006368589
itereffortlevel: 0
--separating...
--find a better primal bound 0.27893805929896553 by Alternative descent Eigen
--found a cut state by heuristic 0.27893805929896553 0.1442302429446408 
iteration: 432,  #states: 2144, valueb: 0.1442302429446408, activeness: 0.27893805929896553, primalobj: 0.9416591780830075, dualobj: -Inf
solve--
end solve-- RelaxOptimal OPTIMAL
 weights_sum: 1.0000000194453447
itereffortlevel: 0
--separating...
--find a better primal bound 0.19145082220130874 by Alternative descent Eigen
--found a cut state by heuristic 0.19145082220130874 0.08322377504821724 
iteration: 433,  #states: 2145, valueb: 0.08322377504821724, activeness: 0.19145082220130874, primalobj: 0.9416585164138708, dualobj: -Inf
solve--
end solve-- RelaxOptimal OPTIMAL
 weights_sum: 1.0000000297882699
itereffortlevel: 0
--separating...
--find a better primal bound 0.13749679201107395 by Alternative descent Eigen
--found a cut state by heuristic 0.13749679201107395 0.06919061024931246 
iteration: 434,  #states: 2146, valueb: 0.06919061024931246, activeness: 0.13749679201107395, primalobj: 0.9416583512219254, dualobj: -Inf
solve--
end solve-- RelaxOptimal OPTIMAL
 weights_sum: 1.0000000000000009
itereffortlevel: 0
--separating...
--find a better primal bound 0.254197163673914 by Alternative descent Eigen
--found a cut state by heuristic 0.254197163673914 0.14750938433310393 
iteration: 435,  #states: 2147, valueb: 0.14750938433310393, activeness: 0.254197163673914, primalobj: 0.941658161258118, dualobj: -Inf
solve--
end solve-- RelaxOptimal OPTIMAL
 weights_sum: 1.0000000056133038
itereffortlevel: 0
--separating...
--find a better primal bound 0.21110379239590543 by Alternative descent Eigen
--found a cut state by heuristic 0.21110379239590543 0.11664168878723442 
iteration: 436,  #states: 2148, valueb: 0.11664168878723442, activeness: 0.21110379239590543, primalobj: 0.9416579553525712, dualobj: -Inf
solve--
end solve-- RelaxOptimal OPTIMAL
 weights_sum: 1.0000000000000004
itereffortlevel: 0
--separating...
--find a better primal bound 0.19595735382035473 by Alternative descent Eigen
--found a cut state by heuristic 0.19595735382035473 0.06345593474001299 
iteration: 437,  #states: 2149, valueb: 0.06345593474001299, activeness: 0.19595735382035473, primalobj: 0.9416577886133289, dualobj: -Inf
solve--
end solve-- RelaxOptimal OPTIMAL
 weights_sum: 1.0000070164355905
itereffortlevel: 0
--separating...
--find a better primal bound 0.20088823998594857 by Alternative descent Eigen
--found a cut state by heuristic 0.20088823998594857 0.10017314481295224 
iteration: 438,  #states: 2150, valueb: 0.10017314481295224, activeness: 0.20088823998594857, primalobj: 0.9416574677840404, dualobj: -Inf
solve--
end solve-- RelaxOptimal OPTIMAL
 weights_sum: 1.0000000000000009
itereffortlevel: 0
--separating...
--find a better primal bound 0.16709615814835468 by Alternative descent Eigen
--found a cut state by heuristic 0.16709615814835468 0.07107679949766053 
iteration: 439,  #states: 2151, valueb: 0.07107679949766053, activeness: 0.16709615814835468, primalobj: 0.9416570029204072, dualobj: -Inf
solve--
end solve-- RelaxOptimal OPTIMAL
 weights_sum: 1.0000000000000002
itereffortlevel: 0
--separating...
--find a better primal bound 0.1880263028124909 by Alternative descent Eigen
--found a cut state by heuristic 0.1880263028124909 0.09387883686514463 
iteration: 440,  #states: 2152, valueb: 0.09387883686514463, activeness: 0.1880263028124909, primalobj: 0.9416568039129871, dualobj: -Inf
solve--
end solve-- RelaxOptimal OPTIMAL
 weights_sum: 1.0000000129670148
itereffortlevel: 0
--separating...
--find a better primal bound 0.19292824477823817 by Alternative descent Eigen
--found a cut state by heuristic 0.19292824477823817 0.08053026077273022 
iteration: 441,  #states: 2153, valueb: 0.08053026077273022, activeness: 0.19292824477823817, primalobj: 0.941656674671818, dualobj: -Inf
solve--
end solve-- RelaxOptimal OPTIMAL
 weights_sum: 1.0000000080803233
itereffortlevel: 0
--separating...
--find a better primal bound 0.24648833837686762 by Alternative descent Eigen
--found a cut state by heuristic 0.24648833837686762 0.08772938258266547 
iteration: 442,  #states: 2154, valueb: 0.08772938258266547, activeness: 0.24648833837686762, primalobj: 0.9416565032232243, dualobj: -Inf
solve--
end solve-- RelaxOptimal OPTIMAL
 weights_sum: 1.0000000205201756
itereffortlevel: 0
--separating...
--find a better primal bound 0.1306967691548661 by Alternative descent Eigen
--found a cut state by heuristic 0.1306967691548661 0.07089926972251422 
iteration: 443,  #states: 2155, valueb: 0.07089926972251422, activeness: 0.1306967691548661, primalobj: 0.9416562242771149, dualobj: -Inf
solve--
end solve-- RelaxOptimal OPTIMAL
 weights_sum: 1.000000069135501
itereffortlevel: 0
--separating...
--find a better primal bound 0.06046089761702985 by Alternative descent Eigen
--found a cut state by heuristic 0.06046089761702985 0.014883854863813216 
iteration: 444,  #states: 2156, valueb: 0.014883854863813216, activeness: 0.06046089761702985, primalobj: 0.9416560393202333, dualobj: -Inf
solve--
end solve-- RelaxOptimal OPTIMAL
 weights_sum: 1.000000018127658
itereffortlevel: 0
--separating...
--find a better primal bound 0.14099640623532128 by Alternative descent Eigen
--found a cut state by heuristic 0.14099640623532128 -0.0 
iteration: 445,  #states: 2157, valueb: -0.0, activeness: 0.14099640623532128, primalobj: 0.9416559089853666, dualobj: -Inf
solve--
end solve-- RelaxOptimal OPTIMAL
 weights_sum: 1.0000010096184
itereffortlevel: 0
--separating...
--find a better primal bound 0.17945738377228762 by Alternative descent Eigen
--found a cut state by heuristic 0.17945738377228762 0.09375805256868884 
iteration: 446,  #states: 2158, valueb: 0.09375805256868884, activeness: 0.17945738377228762, primalobj: 0.941655742163398, dualobj: -Inf
solve--
end solve-- RelaxOptimal OPTIMAL
 weights_sum: 1.0
itereffortlevel: 0
--separating...
--find a better primal bound 0.1910837453671956 by Alternative descent Eigen
--found a cut state by heuristic 0.1910837453671956 0.09225341193957967 
iteration: 447,  #states: 2159, valueb: 0.09225341193957967, activeness: 0.1910837453671956, primalobj: 0.9416556082820876, dualobj: -Inf
solve--
end solve-- RelaxOptimal OPTIMAL
 weights_sum: 1.0
itereffortlevel: 0
--separating...
--find a better primal bound 0.09024565216698484 by Alternative descent Eigen
--found a cut state by heuristic 0.09024565216698484 -0.0 
iteration: 448,  #states: 2160, valueb: -0.0, activeness: 0.09024565216698484, primalobj: 0.941655339879897, dualobj: -Inf
solve--
end solve-- RelaxOptimal OPTIMAL
 weights_sum: 0.9999999999999994
itereffortlevel: 0
--separating...
--find a better primal bound 0.21090373025740972 by Alternative descent Eigen
--found a cut state by heuristic 0.21090373025740972 0.11173738391776447 
iteration: 449,  #states: 2161, valueb: 0.11173738391776447, activeness: 0.21090373025740972, primalobj: 0.9416552386413618, dualobj: -Inf
solve--
end solve-- RelaxOptimal OPTIMAL
 weights_sum: 1.0000001561564609
itereffortlevel: 0
--separating...
--find a better primal bound 0.19949758866456024 by Alternative descent Eigen
--found a cut state by heuristic 0.19949758866456024 0.1504706286806927 
iteration: 450,  #states: 2162, valueb: 0.1504706286806927, activeness: 0.19949758866456024, primalobj: 0.9416550647891235, dualobj: -Inf
solve--
end solve-- RelaxOptimal OPTIMAL
 weights_sum: 0.9999999999999999
itereffortlevel: 0
--separating...
--find a better primal bound 0.08750716728753076 by Alternative descent Eigen
--found a cut state by heuristic 0.08750716728753076 -0.0 
iteration: 451,  #states: 2163, valueb: -0.0, activeness: 0.08750716728753076, primalobj: 0.9416549115032926, dualobj: -Inf
solve--
end solve-- RelaxOptimal OPTIMAL
 weights_sum: 1.0
itereffortlevel: 0
--separating...
--find a better primal bound 0.02884348160126527 by Alternative descent Eigen
--found a cut state by heuristic 0.02884348160126527 -0.0 
iteration: 452,  #states: 2164, valueb: -0.0, activeness: 0.02884348160126527, primalobj: 0.9416544263731427, dualobj: -Inf
solve--
end solve-- RelaxOptimal OPTIMAL
 weights_sum: 1.0000000000000002
itereffortlevel: 0
--separating...
--find a better primal bound 0.1808224102710444 by Alternative descent Eigen
--found a cut state by heuristic 0.1808224102710444 -0.0 
iteration: 453,  #states: 2165, valueb: -0.0, activeness: 0.1808224102710444, primalobj: 0.9416542905248246, dualobj: -Inf
solve--
end solve-- RelaxOptimal OPTIMAL
 weights_sum: 1.0000000919537528
itereffortlevel: 0
--separating...
--find a better primal bound 0.26054049919351596 by Alternative descent Eigen
--found a cut state by heuristic 0.26054049919351596 0.1077502698187908 
iteration: 454,  #states: 2166, valueb: 0.1077502698187908, activeness: 0.26054049919351596, primalobj: 0.9416537349705996, dualobj: -Inf
solve--
end solve-- RelaxOptimal OPTIMAL
 weights_sum: 1.0000000000000002
itereffortlevel: 0
--separating...
--find a better primal bound 0.20608702647236843 by Alternative descent Eigen
--found a cut state by heuristic 0.20608702647236843 0.12180752389531475 
iteration: 455,  #states: 2167, valueb: 0.12180752389531475, activeness: 0.20608702647236843, primalobj: 0.9416533726502105, dualobj: -Inf
solve--
end solve-- RelaxOptimal OPTIMAL
 weights_sum: 1.0
itereffortlevel: 0
--separating...
--find a better primal bound 0.23804964050119293 by Alternative descent Eigen
--found a cut state by heuristic 0.23804964050119293 0.11497231555403734 
iteration: 456,  #states: 2168, valueb: 0.11497231555403734, activeness: 0.23804964050119293, primalobj: 0.9416531329240234, dualobj: -Inf
solve--
end solve-- RelaxOptimal OPTIMAL
 weights_sum: 1.0000004112176573
itereffortlevel: 0
--separating...
--find a better primal bound 0.2025724947324458 by Alternative descent Eigen
--found a cut state by heuristic 0.2025724947324458 0.11138879788237613 
iteration: 457,  #states: 2169, valueb: 0.11138879788237613, activeness: 0.2025724947324458, primalobj: 0.941652936845121, dualobj: -Inf
solve--
end solve-- RelaxOptimal OPTIMAL
 weights_sum: 1.0000000019384276
itereffortlevel: 0
--separating...
--find a better primal bound 0.2878236210115936 by Alternative descent Eigen
--found a cut state by heuristic 0.2878236210115936 0.120370055331694 
iteration: 458,  #states: 2170, valueb: 0.120370055331694, activeness: 0.2878236210115936, primalobj: 0.941652732750044, dualobj: -Inf
solve--
end solve-- RelaxOptimal OPTIMAL
 weights_sum: 0.9999999999999999
itereffortlevel: 0
--separating...
--find a better primal bound 0.08335874673111421 by Alternative descent Eigen
--found a cut state by heuristic 0.08335874673111421 -0.0 
iteration: 459,  #states: 2171, valueb: -0.0, activeness: 0.08335874673111421, primalobj: 0.9416523307043383, dualobj: -Inf
solve--
end solve-- RelaxOptimal OPTIMAL
 weights_sum: 1.0000000068915886
itereffortlevel: 0
--separating...
--find a better primal bound 0.20652084293728307 by Alternative descent Eigen
--found a cut state by heuristic 0.20652084293728307 0.07586711205776339 
iteration: 460,  #states: 2172, valueb: 0.07586711205776339, activeness: 0.20652084293728307, primalobj: 0.94165215016938, dualobj: -Inf
solve--
end solve-- RelaxOptimal OPTIMAL
 weights_sum: 1.0000012968035512
itereffortlevel: 0
--separating...
--find a better primal bound 0.1967282846158684 by Alternative descent Eigen
--found a cut state by heuristic 0.1967282846158684 0.1540236581449942 
iteration: 461,  #states: 2173, valueb: 0.1540236581449942, activeness: 0.1967282846158684, primalobj: 0.9416518308591186, dualobj: -Inf
solve--
end solve-- RelaxOptimal OPTIMAL
 weights_sum: 1.0000002294026789
itereffortlevel: 0
--separating...
--find a better primal bound 0.16203386682146148 by Alternative descent Eigen
--found a cut state by heuristic 0.16203386682146148 0.06176183669104968 
iteration: 462,  #states: 2174, valueb: 0.06176183669104968, activeness: 0.16203386682146148, primalobj: 0.9416517457008937, dualobj: -Inf
solve--
end solve-- RelaxOptimal OPTIMAL
 weights_sum: 1.0000001176120457
itereffortlevel: 0
--separating...
--find a better primal bound 0.31749592269067967 by Alternative descent Eigen
--found a cut state by heuristic 0.31749592269067967 0.18568280447486227 
iteration: 463,  #states: 2175, valueb: 0.18568280447486227, activeness: 0.31749592269067967, primalobj: 0.9416515053940626, dualobj: -Inf
solve--
end solve-- RelaxOptimal OPTIMAL
 weights_sum: 1.0000000032023717
itereffortlevel: 0
--separating...
--find a better primal bound 0.27910278861483967 by Alternative descent Eigen
--found a cut state by heuristic 0.27910278861483967 0.16836597549094506 
iteration: 464,  #states: 2176, valueb: 0.16836597549094506, activeness: 0.27910278861483967, primalobj: 0.941651297873239, dualobj: -Inf
solve--
end solve-- RelaxOptimal OPTIMAL
 weights_sum: 0.9999999999999999
itereffortlevel: 0
--separating...
--find a better primal bound 0.2734661663257963 by Alternative descent Eigen
--found a cut state by heuristic 0.2734661663257963 0.1593399970960325 
iteration: 465,  #states: 2177, valueb: 0.1593399970960325, activeness: 0.2734661663257963, primalobj: 0.9416511431055681, dualobj: -Inf
solve--
end solve-- RelaxOptimal OPTIMAL
 weights_sum: 1.0000000296115823
itereffortlevel: 0
--separating...
--find a better primal bound 0.3012777296775198 by Alternative descent Eigen
--found a cut state by heuristic 0.3012777296775198 0.17661971246031288 
iteration: 466,  #states: 2178, valueb: 0.17661971246031288, activeness: 0.3012777296775198, primalobj: 0.9416508266907198, dualobj: -Inf
solve--
end solve-- RelaxOptimal OPTIMAL
 weights_sum: 0.9999999999999996
itereffortlevel: 0
--separating...
--find a better primal bound 0.26811423515471844 by Alternative descent Eigen
--found a cut state by heuristic 0.26811423515471844 0.15185923948272326 
iteration: 467,  #states: 2179, valueb: 0.15185923948272326, activeness: 0.26811423515471844, primalobj: 0.9416504211122448, dualobj: -Inf
solve--
end solve-- RelaxOptimal OPTIMAL
 weights_sum: 0.9999999999999994
itereffortlevel: 0
--separating...
--find a better primal bound 0.16304068974748392 by Alternative descent Eigen
--found a cut state by heuristic 0.16304068974748392 0.013470639277803252 
iteration: 468,  #states: 2180, valueb: 0.013470639277803252, activeness: 0.16304068974748392, primalobj: 0.9416502020706439, dualobj: -Inf
solve--
end solve-- RelaxOptimal OPTIMAL
 weights_sum: 1.0000000000000002
itereffortlevel: 0
--separating...
--find a better primal bound 0.28436946726219337 by Alternative descent Eigen
--found a cut state by heuristic 0.28436946726219337 0.14092793910832066 
iteration: 469,  #states: 2181, valueb: 0.14092793910832066, activeness: 0.28436946726219337, primalobj: 0.9416499910606649, dualobj: -Inf
solve--
end solve-- RelaxOptimal OPTIMAL
 weights_sum: 1.000000278987408
itereffortlevel: 0
--separating...
--find a better primal bound 0.2977334730946351 by Alternative descent Eigen
--found a cut state by heuristic 0.2977334730946351 0.16357478846586526 
iteration: 470,  #states: 2182, valueb: 0.16357478846586526, activeness: 0.2977334730946351, primalobj: 0.9416497611794628, dualobj: -Inf
solve--
end solve-- RelaxOptimal OPTIMAL
 weights_sum: 1.0
itereffortlevel: 0
--separating...
--find a better primal bound 0.20722873357833124 by Alternative descent Eigen
--found a cut state by heuristic 0.20722873357833124 0.13960824577141645 
iteration: 471,  #states: 2183, valueb: 0.13960824577141645, activeness: 0.20722873357833124, primalobj: 0.9416495817367385, dualobj: -Inf
solve--
end solve-- RelaxOptimal OPTIMAL
 weights_sum: 1.0000004769180901
itereffortlevel: 0
--separating...
--find a better primal bound 0.08620165221562157 by Alternative descent Eigen
--found a cut state by heuristic 0.08620165221562157 -0.0 
iteration: 472,  #states: 2184, valueb: -0.0, activeness: 0.08620165221562157, primalobj: 0.9416494580976204, dualobj: -Inf
solve--
end solve-- RelaxOptimal OPTIMAL
 weights_sum: 1.000000051634555
itereffortlevel: 0
--separating...
--find a better primal bound 0.20470452245140497 by Alternative descent Eigen
--found a cut state by heuristic 0.20470452245140497 0.05165879442304558 
iteration: 473,  #states: 2185, valueb: 0.05165879442304558, activeness: 0.20470452245140497, primalobj: 0.9416493061684618, dualobj: -Inf
solve--
end solve-- RelaxOptimal OPTIMAL
 weights_sum: 1.0
itereffortlevel: 0
--separating...
--find a better primal bound 0.045731347054019024 by Alternative descent Eigen
--found a cut state by heuristic 0.045731347054019024 -0.0 
iteration: 474,  #states: 2186, valueb: -0.0, activeness: 0.045731347054019024, primalobj: 0.9416487909369569, dualobj: -Inf
solve--
end solve-- RelaxOptimal OPTIMAL
 weights_sum: 1.0000000004650251
itereffortlevel: 0
--separating...
--find a better primal bound 0.26809887184070386 by Alternative descent Eigen
--found a cut state by heuristic 0.26809887184070386 0.14475912262545582 
iteration: 475,  #states: 2187, valueb: 0.14475912262545582, activeness: 0.26809887184070386, primalobj: 0.9416486780439808, dualobj: -Inf
solve--
end solve-- RelaxOptimal OPTIMAL
 weights_sum: 0.9999999999999993
itereffortlevel: 0
--separating...
--find a better primal bound 0.3497120829339734 by Alternative descent Eigen
--found a cut state by heuristic 0.3497120829339734 0.12945033149934312 
iteration: 476,  #states: 2188, valueb: 0.12945033149934312, activeness: 0.3497120829339734, primalobj: 0.9416483220369453, dualobj: -Inf
solve--
end solve-- RelaxOptimal OPTIMAL
 weights_sum: 0.9999999999999997
itereffortlevel: 0
--separating...
--find a better primal bound 0.19045678961835075 by Alternative descent Eigen
--found a cut state by heuristic 0.19045678961835075 0.036675422396588435 
iteration: 477,  #states: 2189, valueb: 0.036675422396588435, activeness: 0.19045678961835075, primalobj: 0.9416475656999977, dualobj: -Inf
solve--
end solve-- RelaxOptimal OPTIMAL
 weights_sum: 0.999999999999999
itereffortlevel: 0
--separating...
--find a better primal bound 0.11032298247515807 by Alternative descent Eigen
--found a cut state by heuristic 0.11032298247515807 0.0294501484975602 
iteration: 478,  #states: 2190, valueb: 0.0294501484975602, activeness: 0.11032298247515807, primalobj: 0.9416470198665394, dualobj: -Inf
solve--
end solve-- RelaxOptimal OPTIMAL
 weights_sum: 1.0
itereffortlevel: 0
--separating...
--find a better primal bound 0.17263227490078115 by Alternative descent Eigen
--found a cut state by heuristic 0.17263227490078115 0.019324213079968205 
iteration: 479,  #states: 2191, valueb: 0.019324213079968205, activeness: 0.17263227490078115, primalobj: 0.9416468844990012, dualobj: -Inf
solve--
end solve-- RelaxOptimal OPTIMAL
 weights_sum: 1.0000000000000002
itereffortlevel: 0
--separating...
--find a better primal bound 0.10603691573553443 by Alternative descent Eigen
--found a cut state by heuristic 0.10603691573553443 0.01491777204446457 
iteration: 480,  #states: 2192, valueb: 0.01491777204446457, activeness: 0.10603691573553443, primalobj: 0.9416465109686526, dualobj: -Inf
solve--
end solve-- RelaxOptimal OPTIMAL
 weights_sum: 1.0000000000000002
itereffortlevel: 0
--separating...
--find a better primal bound 0.1295950968845952 by Alternative descent Eigen
--found a cut state by heuristic 0.1295950968845952 0.024678725063883866 
iteration: 481,  #states: 2193, valueb: 0.024678725063883866, activeness: 0.1295950968845952, primalobj: 0.9416463331767342, dualobj: -Inf
solve--
end solve-- RelaxOptimal OPTIMAL
 weights_sum: 1.000000001068458
itereffortlevel: 0
--separating...
--find a better primal bound 0.11062228319317471 by Alternative descent Eigen
--found a cut state by heuristic 0.11062228319317471 0.03976169468469625 
iteration: 482,  #states: 2194, valueb: 0.03976169468469625, activeness: 0.11062228319317471, primalobj: 0.9416461236136137, dualobj: -Inf
solve--
end solve-- RelaxOptimal OPTIMAL
 weights_sum: 1.0000002204590728
itereffortlevel: 0
--separating...
--find a better primal bound 0.2578289500054689 by Alternative descent Eigen
--found a cut state by heuristic 0.2578289500054689 0.11501666433145491 
iteration: 483,  #states: 2195, valueb: 0.11501666433145491, activeness: 0.2578289500054689, primalobj: 0.9416460454231466, dualobj: -Inf
solve--
end solve-- RelaxOptimal OPTIMAL
 weights_sum: 1.000001889561415
itereffortlevel: 0
--separating...
--find a better primal bound 0.12622831212808772 by Alternative descent Eigen
--found a cut state by heuristic 0.12622831212808772 0.021940939564069704 
iteration: 484,  #states: 2196, valueb: 0.021940939564069704, activeness: 0.12622831212808772, primalobj: 0.9416455249293424, dualobj: -Inf
solve--
end solve-- RelaxOptimal OPTIMAL
 weights_sum: 1.0000000081599658
itereffortlevel: 0
--separating...
--find a better primal bound 0.21324107628155875 by Alternative descent Eigen
--found a cut state by heuristic 0.21324107628155875 0.0963982880952344 
iteration: 485,  #states: 2197, valueb: 0.0963982880952344, activeness: 0.21324107628155875, primalobj: 0.9416453030412636, dualobj: -Inf
solve--
end solve-- RelaxOptimal OPTIMAL
 weights_sum: 1.0000000090514736
itereffortlevel: 0
--separating...
--find a better primal bound 0.1941168106583908 by Alternative descent Eigen
--found a cut state by heuristic 0.1941168106583908 0.11422793526782232 
iteration: 486,  #states: 2198, valueb: 0.11422793526782232, activeness: 0.1941168106583908, primalobj: 0.941645066172845, dualobj: -Inf
solve--
end solve-- RelaxOptimal OPTIMAL
 weights_sum: 1.0000000000000013
itereffortlevel: 0
--separating...
--find a better primal bound 0.20248999739087742 by Alternative descent Eigen
--found a cut state by heuristic 0.20248999739087742 0.1105527201116905 
iteration: 487,  #states: 2199, valueb: 0.1105527201116905, activeness: 0.20248999739087742, primalobj: 0.941644850366968, dualobj: -Inf
solve--
end solve-- RelaxOptimal OPTIMAL
 weights_sum: 1.0000000011267394
itereffortlevel: 0
--separating...
--find a better primal bound 0.11010864226134356 by Alternative descent Eigen
--found a cut state by heuristic 0.11010864226134356 -0.0 
iteration: 488,  #states: 2200, valueb: -0.0, activeness: 0.11010864226134356, primalobj: 0.9416446390348481, dualobj: -Inf
solve--
end solve-- RelaxOptimal OPTIMAL
 weights_sum: 0.9999999999999999
itereffortlevel: 0
--separating...
--find a better primal bound 0.16954946916993463 by Alternative descent Eigen
--found a cut state by heuristic 0.16954946916993463 0.01600037051890933 
iteration: 489,  #states: 2201, valueb: 0.01600037051890933, activeness: 0.16954946916993463, primalobj: 0.941644331568749, dualobj: -Inf
solve--
end solve-- RelaxOptimal OPTIMAL
 weights_sum: 1.0000013957499527
itereffortlevel: 0
--separating...
--find a better primal bound 0.11507136958892437 by Alternative descent Eigen
--found a cut state by heuristic 0.11507136958892437 -0.0 
iteration: 490,  #states: 2202, valueb: -0.0, activeness: 0.11507136958892437, primalobj: 0.941643962920065, dualobj: -Inf
solve--
end solve-- RelaxOptimal OPTIMAL
 weights_sum: 1.000000828884287
itereffortlevel: 0
--separating...
--find a better primal bound 0.07691060305823352 by Alternative descent Eigen
--found a cut state by heuristic 0.07691060305823352 -0.0 
iteration: 491,  #states: 2203, valueb: -0.0, activeness: 0.07691060305823352, primalobj: 0.9416437498392608, dualobj: -Inf
solve--
end solve-- RelaxOptimal OPTIMAL
 weights_sum: 1.0000000008755894
itereffortlevel: 0
--separating...
--find a better primal bound 0.24564215521743393 by Alternative descent Eigen
--found a cut state by heuristic 0.24564215521743393 0.09791201560141241 
iteration: 492,  #states: 2204, valueb: 0.09791201560141241, activeness: 0.24564215521743393, primalobj: 0.9416435820335077, dualobj: -Inf
solve--
end solve-- RelaxOptimal OPTIMAL
 weights_sum: 1.0000000004977747
itereffortlevel: 0
--separating...
--find a better primal bound 0.25559755840181647 by Alternative descent Eigen
--found a cut state by heuristic 0.25559755840181647 0.10352392447040065 
iteration: 493,  #states: 2205, valueb: 0.10352392447040065, activeness: 0.25559755840181647, primalobj: 0.9416433925592416, dualobj: -Inf
solve--
end solve-- RelaxOptimal OPTIMAL
 weights_sum: 1.0000046711855133
itereffortlevel: 0
--separating...
--find a better primal bound 0.17791294167877786 by Alternative descent Eigen
--found a cut state by heuristic 0.17791294167877786 -0.0 
iteration: 494,  #states: 2206, valueb: -0.0, activeness: 0.17791294167877786, primalobj: 0.9416430586009404, dualobj: -Inf
solve--
end solve-- RelaxOptimal OPTIMAL
 weights_sum: 1.0
itereffortlevel: 0
--separating...
--find a better primal bound 0.1710139123522878 by Alternative descent Eigen
--found a cut state by heuristic 0.1710139123522878 -0.0 
iteration: 495,  #states: 2207, valueb: -0.0, activeness: 0.1710139123522878, primalobj: 0.9416426154709706, dualobj: -Inf
solve--
end solve-- RelaxOptimal OPTIMAL
 weights_sum: 0.9999999999997206
itereffortlevel: 0
--separating...
--find a better primal bound 0.2611709399080338 by Alternative descent Eigen
--found a cut state by heuristic 0.2611709399080338 0.08847563939533462 
iteration: 496,  #states: 2208, valueb: 0.08847563939533462, activeness: 0.2611709399080338, primalobj: 0.9416421626066636, dualobj: -Inf
solve--
end solve-- RelaxOptimal OPTIMAL
 weights_sum: 1.0000000000000002
itereffortlevel: 0
--separating...
--find a better primal bound 0.08859344558861408 by Alternative descent Eigen
--found a cut state by heuristic 0.08859344558861408 -0.0 
iteration: 497,  #states: 2209, valueb: -0.0, activeness: 0.08859344558861408, primalobj: 0.9416416092703014, dualobj: -Inf
solve--
end solve-- RelaxOptimal OPTIMAL
 weights_sum: 0.9999999999999998
itereffortlevel: 0
--separating...
--find a better primal bound 0.10751543150807547 by Alternative descent Eigen
--found a cut state by heuristic 0.10751543150807547 -0.0 
iteration: 498,  #states: 2210, valueb: -0.0, activeness: 0.10751543150807547, primalobj: 0.9416413656978286, dualobj: -Inf
solve--
end solve-- RelaxOptimal OPTIMAL
 weights_sum: 1.000000022191236
itereffortlevel: 0
--separating...
--find a better primal bound 0.18170676767876487 by Alternative descent Eigen
--found a cut state by heuristic 0.18170676767876487 0.06321342992993524 
iteration: 499,  #states: 2211, valueb: 0.06321342992993524, activeness: 0.18170676767876487, primalobj: 0.9416409542788535, dualobj: -Inf
solve--
end solve-- RelaxOptimal OPTIMAL
 weights_sum: 1.0
itereffortlevel: 0
--separating...
--find a better primal bound 0.11507358308591907 by Alternative descent Eigen
--found a cut state by heuristic 0.11507358308591907 -0.0 
iteration: 500,  #states: 2212, valueb: -0.0, activeness: 0.11507358308591907, primalobj: 0.9416406771119252, dualobj: -Inf
solve--
end solve-- RelaxOptimal OPTIMAL
 weights_sum: 1.0000000081303237
itereffortlevel: 0
--separating...
--find a better primal bound 0.24746761220239982 by Alternative descent Eigen
--found a cut state by heuristic 0.24746761220239982 0.08911514858818105 
iteration: 501,  #states: 2213, valueb: 0.08911514858818105, activeness: 0.24746761220239982, primalobj: 0.9416400420841384, dualobj: -Inf
solve--
end solve-- RelaxOptimal OPTIMAL
 weights_sum: 1.0000000489309748
itereffortlevel: 0
--separating...
--find a better primal bound 0.12342240320830031 by Alternative descent Eigen
--found a cut state by heuristic 0.12342240320830031 -0.0 
iteration: 502,  #states: 2214, valueb: -0.0, activeness: 0.12342240320830031, primalobj: 0.9416397455051851, dualobj: -Inf
solve--
end solve-- RelaxOptimal OPTIMAL
 weights_sum: 1.0000003104336483
itereffortlevel: 0
--separating...
--find a better primal bound 0.06699966288098093 by Alternative descent Eigen
--found a cut state by heuristic 0.06699966288098093 -0.0 
iteration: 503,  #states: 2215, valueb: -0.0, activeness: 0.06699966288098093, primalobj: 0.9416394902368703, dualobj: -Inf
solve--
end solve-- RelaxOptimal OPTIMAL
 weights_sum: 1.000000143237685
itereffortlevel: 0
--separating...
--find a better primal bound 0.08745839989941921 by Alternative descent Eigen
--found a cut state by heuristic 0.08745839989941921 -0.0 
iteration: 504,  #states: 2216, valueb: -0.0, activeness: 0.08745839989941921, primalobj: 0.9416393465027507, dualobj: -Inf
solve--
end solve-- RelaxOptimal OPTIMAL
 weights_sum: 1.0000053286050032
itereffortlevel: 0
--separating...
--find a better primal bound 0.17235417541268414 by Alternative descent Eigen
--found a cut state by heuristic 0.17235417541268414 -0.0 
iteration: 505,  #states: 2217, valueb: -0.0, activeness: 0.17235417541268414, primalobj: 0.9416389045281841, dualobj: -Inf
solve--
end solve-- RelaxOptimal OPTIMAL
 weights_sum: 1.0000000000000002
itereffortlevel: 0
--separating...
--find a better primal bound 0.15563143731431417 by Alternative descent Eigen
--found a cut state by heuristic 0.15563143731431417 0.042701252407974254 
iteration: 506,  #states: 2218, valueb: 0.042701252407974254, activeness: 0.15563143731431417, primalobj: 0.9416384204562274, dualobj: -Inf
solve--
end solve-- RelaxOptimal OPTIMAL
 weights_sum: 1.0000019665437696
itereffortlevel: 0
--separating...
--find a better primal bound 0.2046688430730248 by Alternative descent Eigen
--found a cut state by heuristic 0.2046688430730248 -0.0 
iteration: 507,  #states: 2219, valueb: -0.0, activeness: 0.2046688430730248, primalobj: 0.9416380927642217, dualobj: -Inf
solve--
end solve-- RelaxOptimal OPTIMAL
 weights_sum: 1.0000000000000004
itereffortlevel: 0
--separating...
--find a better primal bound 0.2064900061319784 by Alternative descent Eigen
--found a cut state by heuristic 0.2064900061319784 0.11899155997086631 
iteration: 508,  #states: 2220, valueb: 0.11899155997086631, activeness: 0.2064900061319784, primalobj: 0.9416375999636565, dualobj: -Inf
solve--
end solve-- RelaxOptimal OPTIMAL
 weights_sum: 1.0000000000000002
itereffortlevel: 0
--separating...
--find a better primal bound 0.12851395637747193 by Alternative descent Eigen
--found a cut state by heuristic 0.12851395637747193 -0.0 
iteration: 509,  #states: 2221, valueb: -0.0, activeness: 0.12851395637747193, primalobj: 0.94163742087982, dualobj: -Inf
solve--
end solve-- RelaxOptimal OPTIMAL
 weights_sum: 1.0000000000000007
itereffortlevel: 0
--separating...
--find a better primal bound 0.1406068261596983 by Alternative descent Eigen
--found a cut state by heuristic 0.1406068261596983 0.005871573617055002 
iteration: 510,  #states: 2222, valueb: 0.005871573617055002, activeness: 0.1406068261596983, primalobj: 0.941637135745904, dualobj: -Inf
solve--
end solve-- RelaxOptimal OPTIMAL
 weights_sum: 0.9999999999999994
itereffortlevel: 0
--separating...
--find a better primal bound 0.11175355011054722 by Alternative descent Eigen
--found a cut state by heuristic 0.11175355011054722 0.00785368232679954 
iteration: 511,  #states: 2223, valueb: 0.00785368232679954, activeness: 0.11175355011054722, primalobj: 0.9416368814271339, dualobj: -Inf
solve--
end solve-- RelaxOptimal OPTIMAL
 weights_sum: 1.000000136230621
itereffortlevel: 0
--separating...
--find a better primal bound 0.27122253669970375 by Alternative descent Eigen
--found a cut state by heuristic 0.27122253669970375 0.12142601894576507 
iteration: 512,  #states: 2224, valueb: 0.12142601894576507, activeness: 0.27122253669970375, primalobj: 0.9416365557530926, dualobj: -Inf
solve--
end solve-- RelaxOptimal OPTIMAL
 weights_sum: 1.0
itereffortlevel: 0
--separating...
--find a better primal bound 0.11971835662672067 by Alternative descent Eigen
--found a cut state by heuristic 0.11971835662672067 0.01806508738094498 
iteration: 513,  #states: 2225, valueb: 0.01806508738094498, activeness: 0.11971835662672067, primalobj: 0.9416361542384813, dualobj: -Inf
solve--
end solve-- RelaxOptimal OPTIMAL
 weights_sum: 1.0000000220764336
itereffortlevel: 0
--separating...
--find a better primal bound 0.16662022399860643 by Alternative descent Eigen
--found a cut state by heuristic 0.16662022399860643 0.12832979813086942 
iteration: 514,  #states: 2226, valueb: 0.12832979813086942, activeness: 0.16662022399860643, primalobj: 0.9416359256029815, dualobj: -Inf
solve--
end solve-- RelaxOptimal OPTIMAL
 weights_sum: 1.0000013359045703
itereffortlevel: 0
--separating...
--find a better primal bound 0.15186268813968604 by Alternative descent Eigen
--found a cut state by heuristic 0.15186268813968604 0.05300767819103855 
iteration: 515,  #states: 2227, valueb: 0.05300767819103855, activeness: 0.15186268813968604, primalobj: 0.9416358302742456, dualobj: -Inf
solve--
end solve-- RelaxOptimal OPTIMAL
 weights_sum: 1.0000000000000009
itereffortlevel: 0
--separating...
--find a better primal bound 0.19929594200842102 by Alternative descent Eigen
--found a cut state by heuristic 0.19929594200842102 0.11688375785533711 
iteration: 516,  #states: 2228, valueb: 0.11688375785533711, activeness: 0.19929594200842102, primalobj: 0.9416353704448607, dualobj: -Inf
solve--
end solve-- RelaxOptimal OPTIMAL
 weights_sum: 1.0000000000000004
itereffortlevel: 0
--separating...
--find a better primal bound 0.1638936700517457 by Alternative descent Eigen
--found a cut state by heuristic 0.1638936700517457 -0.0 
iteration: 517,  #states: 2229, valueb: -0.0, activeness: 0.1638936700517457, primalobj: 0.9416339338963788, dualobj: -Inf
solve--
end solve-- RelaxOptimal OPTIMAL
 weights_sum: 1.0000000000000004
itereffortlevel: 0
--separating...
--find a better primal bound 0.19846878678192298 by Alternative descent Eigen
--found a cut state by heuristic 0.19846878678192298 0.10836490807467651 
iteration: 518,  #states: 2230, valueb: 0.10836490807467651, activeness: 0.19846878678192298, primalobj: 0.9416334226998991, dualobj: -Inf
solve--
end solve-- RelaxOptimal OPTIMAL
 weights_sum: 1.0000002417850349
itereffortlevel: 0
--separating...
--find a better primal bound 0.15231350051253456 by Alternative descent Eigen
--found a cut state by heuristic 0.15231350051253456 0.0957192129595854 
iteration: 519,  #states: 2231, valueb: 0.0957192129595854, activeness: 0.15231350051253456, primalobj: 0.9416331139854373, dualobj: -Inf
solve--
end solve-- RelaxOptimal OPTIMAL
 weights_sum: 1.0000000000000004
itereffortlevel: 0
--separating...
--find a better primal bound 0.19950943946736965 by Alternative descent Eigen
--found a cut state by heuristic 0.19950943946736965 0.09962719545768291 
iteration: 520,  #states: 2232, valueb: 0.09962719545768291, activeness: 0.19950943946736965, primalobj: 0.9416328747935299, dualobj: -Inf
solve--
end solve-- RelaxOptimal OPTIMAL
 weights_sum: 1.0000000025346931
itereffortlevel: 0
--separating...
--find a better primal bound 0.12653945364758878 by Alternative descent Eigen
--found a cut state by heuristic 0.12653945364758878 0.008732488660216992 
iteration: 521,  #states: 2233, valueb: 0.008732488660216992, activeness: 0.12653945364758878, primalobj: 0.9416325422888249, dualobj: -Inf
solve--
end solve-- RelaxOptimal OPTIMAL
 weights_sum: 1.0000000081534282
itereffortlevel: 0
--separating...
--find a better primal bound 0.1523937458493552 by Alternative descent Eigen
--found a cut state by heuristic 0.1523937458493552 0.11929984059530817 
iteration: 522,  #states: 2234, valueb: 0.11929984059530817, activeness: 0.1523937458493552, primalobj: 0.941631909465152, dualobj: -Inf
solve--
end solve-- RelaxOptimal OPTIMAL
 weights_sum: 1.000000001306047
itereffortlevel: 0
--separating...
--find a better primal bound 0.12692450197436936 by Alternative descent Eigen
--found a cut state by heuristic 0.12692450197436936 0.0004558968682841408 
iteration: 523,  #states: 2235, valueb: 0.0004558968682841408, activeness: 0.12692450197436936, primalobj: 0.9416318667691245, dualobj: -Inf
solve--
end solve-- RelaxOptimal OPTIMAL
 weights_sum: 1.0000003395800285
itereffortlevel: 0
--separating...
--find a better primal bound 0.15088037421412648 by Alternative descent Eigen
--found a cut state by heuristic 0.15088037421412648 0.020302719343997723 
iteration: 524,  #states: 2236, valueb: 0.020302719343997723, activeness: 0.15088037421412648, primalobj: 0.9416313239167414, dualobj: -Inf
solve--
end solve-- RelaxOptimal OPTIMAL
 weights_sum: 1.0000000176877413
itereffortlevel: 0
--separating...
--find a better primal bound 0.2809817971031742 by Alternative descent Eigen
--found a cut state by heuristic 0.2809817971031742 0.1301991510164398 
iteration: 525,  #states: 2237, valueb: 0.1301991510164398, activeness: 0.2809817971031742, primalobj: 0.9416309814862565, dualobj: -Inf
solve--
end solve-- RelaxOptimal OPTIMAL
 weights_sum: 0.999999999999999
itereffortlevel: 0
--separating...
--find a better primal bound 0.2308216756155992 by Alternative descent Eigen
--found a cut state by heuristic 0.2308216756155992 0.0701368492261898 
iteration: 526,  #states: 2238, valueb: 0.0701368492261898, activeness: 0.2308216756155992, primalobj: 0.9416306552028748, dualobj: -Inf
solve--
end solve-- RelaxOptimal OPTIMAL
 weights_sum: 1.0000001563583525
itereffortlevel: 0
--separating...
--find a better primal bound 0.23797851641854076 by Alternative descent Eigen
--found a cut state by heuristic 0.23797851641854076 0.12567584356721165 
iteration: 527,  #states: 2239, valueb: 0.12567584356721165, activeness: 0.23797851641854076, primalobj: 0.941630262197728, dualobj: -Inf
solve--
end solve-- RelaxOptimal OPTIMAL
 weights_sum: 1.000000001708177
itereffortlevel: 0
--separating...
--find a better primal bound 0.14424524092234725 by Alternative descent Eigen
--found a cut state by heuristic 0.14424524092234725 0.004624984645324037 
iteration: 528,  #states: 2240, valueb: 0.004624984645324037, activeness: 0.14424524092234725, primalobj: 0.9416297002404419, dualobj: -Inf
solve--
end solve-- RelaxOptimal OPTIMAL
 weights_sum: 1.0000012548201727
itereffortlevel: 0
--separating...
--find a better primal bound 0.0787836198526386 by Alternative descent Eigen
--found a cut state by heuristic 0.0787836198526386 0.02382157965991697 
iteration: 529,  #states: 2241, valueb: 0.02382157965991697, activeness: 0.0787836198526386, primalobj: 0.9416291264678686, dualobj: -Inf
solve--
end solve-- RelaxOptimal OPTIMAL
 weights_sum: 1.000000047766739
itereffortlevel: 0
--separating...
--find a better primal bound 0.22164903703387717 by Alternative descent Eigen
--found a cut state by heuristic 0.22164903703387717 0.05798228680429251 
iteration: 530,  #states: 2242, valueb: 0.05798228680429251, activeness: 0.22164903703387717, primalobj: 0.9416289116607189, dualobj: -Inf
solve--
end solve-- RelaxOptimal OPTIMAL
 weights_sum: 1.0000002456226278
itereffortlevel: 0
--separating...
--find a better primal bound 0.19416173185284338 by Alternative descent Eigen
--found a cut state by heuristic 0.19416173185284338 0.03259947737316421 
iteration: 531,  #states: 2243, valueb: 0.03259947737316421, activeness: 0.19416173185284338, primalobj: 0.941628512351266, dualobj: -Inf
solve--
end solve-- RelaxOptimal OPTIMAL
 weights_sum: 1.0000000533130962
itereffortlevel: 0
--separating...
--find a better primal bound 0.11298460813040428 by Alternative descent Eigen
--found a cut state by heuristic 0.11298460813040428 0.025509553867103272 
iteration: 532,  #states: 2244, valueb: 0.025509553867103272, activeness: 0.11298460813040428, primalobj: 0.9416282170380949, dualobj: -Inf
solve--
end solve-- RelaxOptimal OPTIMAL
 weights_sum: 1.0000000000000009
itereffortlevel: 0
--separating...
--find a better primal bound 0.07460280528566994 by Alternative descent Eigen
--found a cut state by heuristic 0.07460280528566994 0.010976656196799498 
iteration: 533,  #states: 2245, valueb: 0.010976656196799498, activeness: 0.07460280528566994, primalobj: 0.9416279696750229, dualobj: -Inf
solve--
end solve-- RelaxOptimal OPTIMAL
 weights_sum: 1.0000000009551016
itereffortlevel: 0
--separating...
--find a better primal bound 0.12920557622290238 by Alternative descent Eigen
--found a cut state by heuristic 0.12920557622290238 -0.0 
iteration: 534,  #states: 2246, valueb: -0.0, activeness: 0.12920557622290238, primalobj: 0.9416278421214949, dualobj: -Inf
solve--
end solve-- RelaxOptimal OPTIMAL
 weights_sum: 1.0
itereffortlevel: 0
--separating...
--find a better primal bound 0.043635160424545454 by Alternative descent Eigen
--found a cut state by heuristic 0.043635160424545454 0.007647428903217728 
iteration: 535,  #states: 2247, valueb: 0.007647428903217728, activeness: 0.043635160424545454, primalobj: 0.9416276504616156, dualobj: -Inf
solve--
end solve-- RelaxOptimal OPTIMAL
 weights_sum: 0.9999999999999999
itereffortlevel: 0
--separating...
--find a better primal bound 0.24620905548491526 by Alternative descent Eigen
--found a cut state by heuristic 0.24620905548491526 0.1358302859830745 
iteration: 536,  #states: 2248, valueb: 0.1358302859830745, activeness: 0.24620905548491526, primalobj: 0.9416275700278476, dualobj: -Inf
solve--
end solve-- RelaxOptimal OPTIMAL
 weights_sum: 0.9999999999999998
itereffortlevel: 0
--separating...
--find a better primal bound 0.1525000674933774 by Alternative descent Eigen
--found a cut state by heuristic 0.1525000674933774 -0.0 
iteration: 537,  #states: 2249, valueb: -0.0, activeness: 0.1525000674933774, primalobj: 0.9416273440886718, dualobj: -Inf
solve--
end solve-- RelaxOptimal OPTIMAL
 weights_sum: 1.0000000160215385
itereffortlevel: 0
--separating...
--find a better primal bound 0.1314223716216907 by Alternative descent Eigen
--found a cut state by heuristic 0.1314223716216907 -0.0 
iteration: 538,  #states: 2250, valueb: -0.0, activeness: 0.1314223716216907, primalobj: 0.9416270352571192, dualobj: -Inf
solve--
end solve-- RelaxOptimal OPTIMAL
 weights_sum: 1.0000005127830893
itereffortlevel: 0
--separating...
--find a better primal bound 0.13200626594148865 by Alternative descent Eigen
--found a cut state by heuristic 0.13200626594148865 0.03240282134523856 
iteration: 539,  #states: 2251, valueb: 0.03240282134523856, activeness: 0.13200626594148865, primalobj: 0.9416266545775516, dualobj: -Inf
solve--
end solve-- RelaxOptimal OPTIMAL
 weights_sum: 1.0000000857307092
itereffortlevel: 0
--separating...
--find a better primal bound 0.26583290292808737 by Alternative descent Eigen
--found a cut state by heuristic 0.26583290292808737 0.1843562507880054 
iteration: 540,  #states: 2252, valueb: 0.1843562507880054, activeness: 0.26583290292808737, primalobj: 0.9416260615449156, dualobj: -Inf
solve--
end solve-- RelaxOptimal OPTIMAL
 weights_sum: 1.0000000205681132
itereffortlevel: 0
--separating...
--find a better primal bound 0.08066429007086201 by Alternative descent Eigen
--found a cut state by heuristic 0.08066429007086201 0.054723463555403334 
iteration: 541,  #states: 2253, valueb: 0.054723463555403334, activeness: 0.08066429007086201, primalobj: 0.9416258214178861, dualobj: -Inf
solve--
end solve-- RelaxOptimal OPTIMAL
 weights_sum: 1.0000000055189704
itereffortlevel: 0
--separating...
--find a better primal bound 0.15508263788551002 by Alternative descent Eigen
--found a cut state by heuristic 0.15508263788551002 0.05495445108197353 
iteration: 542,  #states: 2254, valueb: 0.05495445108197353, activeness: 0.15508263788551002, primalobj: 0.9416257564148799, dualobj: -Inf
solve--
end solve-- RelaxOptimal OPTIMAL
 weights_sum: 1.000000026782061
itereffortlevel: 0
--separating...
--find a better primal bound 0.037634489849965744 by Alternative descent Eigen
--found a cut state by heuristic 0.037634489849965744 -0.0 
iteration: 543,  #states: 2255, valueb: -0.0, activeness: 0.037634489849965744, primalobj: 0.941625640983987, dualobj: -Inf
solve--
end solve-- RelaxOptimal OPTIMAL
 weights_sum: 0.9999999999999999
itereffortlevel: 0
--separating...
--find a better primal bound 0.1922076198433264 by Alternative descent Eigen
--found a cut state by heuristic 0.1922076198433264 0.05101782017742607 
iteration: 544,  #states: 2256, valueb: 0.05101782017742607, activeness: 0.1922076198433264, primalobj: 0.9416254862497278, dualobj: -Inf
solve--
end solve-- RelaxOptimal OPTIMAL
 weights_sum: 0.9999999999999999
itereffortlevel: 0
--separating...
--find a better primal bound 0.1264801298318753 by Alternative descent Eigen
--found a cut state by heuristic 0.1264801298318753 -0.0 
iteration: 545,  #states: 2257, valueb: -0.0, activeness: 0.1264801298318753, primalobj: 0.9416250936065711, dualobj: -Inf
solve--
end solve-- RelaxOptimal OPTIMAL
 weights_sum: 1.0000027421438482
itereffortlevel: 0
--separating...
--find a better primal bound 0.2597616089877767 by Alternative descent Eigen
--found a cut state by heuristic 0.2597616089877767 0.12404160980829951 
iteration: 546,  #states: 2258, valueb: 0.12404160980829951, activeness: 0.2597616089877767, primalobj: 0.9416246834336527, dualobj: -Inf
solve--
end solve-- RelaxOptimal OPTIMAL
 weights_sum: 1.0000000771098887
itereffortlevel: 0
--separating...
--find a better primal bound 0.15102364321766465 by Alternative descent Eigen
--found a cut state by heuristic 0.15102364321766465 0.11169514542211378 
iteration: 547,  #states: 2259, valueb: 0.11169514542211378, activeness: 0.15102364321766465, primalobj: 0.9416244346093612, dualobj: -Inf
solve--
end solve-- RelaxOptimal OPTIMAL
 weights_sum: 0.9999999999999993
itereffortlevel: 0
--separating...
--find a better primal bound 0.1391520392491354 by Alternative descent Eigen
--found a cut state by heuristic 0.1391520392491354 0.11091882979969281 
iteration: 548,  #states: 2260, valueb: 0.11091882979969281, activeness: 0.1391520392491354, primalobj: 0.9416243787761971, dualobj: -Inf
solve--
end solve-- RelaxOptimal OPTIMAL
 weights_sum: 1.0000000000000002
itereffortlevel: 0
--separating...
--find a better primal bound 0.12817646140242858 by Alternative descent Eigen
--found a cut state by heuristic 0.12817646140242858 0.1083541199066976 
iteration: 549,  #states: 2261, valueb: 0.1083541199066976, activeness: 0.12817646140242858, primalobj: 0.9416243120644154, dualobj: -Inf
solve--
end solve-- RelaxOptimal OPTIMAL
 weights_sum: 1.0
itereffortlevel: 0
--separating...
--find a better primal bound 0.21969065588618297 by Alternative descent Eigen
--found a cut state by heuristic 0.21969065588618297 0.0909210575559818 
iteration: 550,  #states: 2262, valueb: 0.0909210575559818, activeness: 0.21969065588618297, primalobj: 0.9416242086788074, dualobj: -Inf
solve--
end solve-- RelaxOptimal OPTIMAL
 weights_sum: 1.0000000000000007
itereffortlevel: 0
--separating...
--find a better primal bound 0.18746885604653465 by Alternative descent Eigen
--found a cut state by heuristic 0.18746885604653465 0.0893303241714044 
iteration: 551,  #states: 2263, valueb: 0.0893303241714044, activeness: 0.18746885604653465, primalobj: 0.9416237338451182, dualobj: -Inf
solve--
end solve-- RelaxOptimal OPTIMAL
 weights_sum: 1.0000000107027833
itereffortlevel: 0
--separating...
--find a better primal bound 0.21105166112108692 by Alternative descent Eigen
--found a cut state by heuristic 0.21105166112108692 0.1095504105845219 
iteration: 552,  #states: 2264, valueb: 0.1095504105845219, activeness: 0.21105166112108692, primalobj: 0.9416236078796496, dualobj: -Inf
solve--
end solve-- RelaxOptimal OPTIMAL
 weights_sum: 1.0
itereffortlevel: 0
--separating...
--find a better primal bound 0.09430780432113664 by Alternative descent Eigen
--found a cut state by heuristic 0.09430780432113664 -0.0 
iteration: 553,  #states: 2265, valueb: -0.0, activeness: 0.09430780432113664, primalobj: 0.9416233091044718, dualobj: -Inf
solve--
end solve-- RelaxOptimal OPTIMAL
 weights_sum: 0.9999999999999997
itereffortlevel: 0
--separating...
--find a better primal bound 0.2154823336891292 by Alternative descent Eigen
--found a cut state by heuristic 0.2154823336891292 0.09677777834056954 
iteration: 554,  #states: 2266, valueb: 0.09677777834056954, activeness: 0.2154823336891292, primalobj: 0.9416231196317234, dualobj: -Inf
solve--
end solve-- RelaxOptimal OPTIMAL
 weights_sum: 0.9999999999999999
itereffortlevel: 0
--separating...
--find a better primal bound 0.13363057811914553 by Alternative descent Eigen
--found a cut state by heuristic 0.13363057811914553 -0.0 
iteration: 555,  #states: 2267, valueb: -0.0, activeness: 0.13363057811914553, primalobj: 0.9416229197177659, dualobj: -Inf
solve--
end solve-- RelaxOptimal OPTIMAL
 weights_sum: 1.0000000000000013
itereffortlevel: 0
--separating...
--find a better primal bound 0.24968025989077347 by Alternative descent Eigen
--found a cut state by heuristic 0.24968025989077347 0.0807578251263385 
iteration: 556,  #states: 2268, valueb: 0.0807578251263385, activeness: 0.24968025989077347, primalobj: 0.9416224813017597, dualobj: -Inf
solve--
end solve-- RelaxOptimal OPTIMAL
 weights_sum: 1.0000008186333011
itereffortlevel: 0
--separating...
--find a better primal bound 0.2679299555247244 by Alternative descent Eigen
--found a cut state by heuristic 0.2679299555247244 0.16929492479723077 
iteration: 557,  #states: 2269, valueb: 0.16929492479723077, activeness: 0.2679299555247244, primalobj: 0.941622050172948, dualobj: -Inf
solve--
end solve-- RelaxOptimal OPTIMAL
 weights_sum: 1.0000000000000004
itereffortlevel: 0
--separating...
--find a better primal bound 0.26474793952445197 by Alternative descent Eigen
--found a cut state by heuristic 0.26474793952445197 0.16399089321177546 
iteration: 558,  #states: 2270, valueb: 0.16399089321177546, activeness: 0.26474793952445197, primalobj: 0.9416216727554345, dualobj: -Inf
solve--
end solve-- RelaxOptimal OPTIMAL
 weights_sum: 1.0000000003082519
itereffortlevel: 0
--separating...
--find a better primal bound 0.06759496692964001 by Alternative descent Eigen
--found a cut state by heuristic 0.06759496692964001 0.011732412391568555 
iteration: 559,  #states: 2271, valueb: 0.011732412391568555, activeness: 0.06759496692964001, primalobj: 0.9416213633302342, dualobj: -Inf
solve--
end solve-- RelaxOptimal OPTIMAL
 weights_sum: 1.0000000534685964
itereffortlevel: 0
--separating...
--find a better primal bound 0.11194941997046357 by Alternative descent Eigen
--found a cut state by heuristic 0.11194941997046357 -0.0 
iteration: 560,  #states: 2272, valueb: -0.0, activeness: 0.11194941997046357, primalobj: 0.9416211651468759, dualobj: -Inf
solve--
end solve-- RelaxOptimal OPTIMAL
 weights_sum: 0.9999999999999998
itereffortlevel: 0
--separating...
--find a better primal bound 0.105813521820081 by Alternative descent Eigen
--found a cut state by heuristic 0.105813521820081 -0.0 
iteration: 561,  #states: 2273, valueb: -0.0, activeness: 0.105813521820081, primalobj: 0.9416205345403946, dualobj: -Inf
solve--
end solve-- RelaxOptimal OPTIMAL
 weights_sum: 0.9999999999999999
itereffortlevel: 0
--separating...
--find a better primal bound 0.09338879965610418 by Alternative descent Eigen
--found a cut state by heuristic 0.09338879965610418 -0.0 
iteration: 562,  #states: 2274, valueb: -0.0, activeness: 0.09338879965610418, primalobj: 0.9416202536165226, dualobj: -Inf
solve--
end solve-- RelaxOptimal OPTIMAL
 weights_sum: 1.0000000000000004
itereffortlevel: 0
--separating...
--find a better primal bound 0.13775704738344396 by Alternative descent Eigen
--found a cut state by heuristic 0.13775704738344396 0.0718216426109029 
iteration: 563,  #states: 2275, valueb: 0.0718216426109029, activeness: 0.13775704738344396, primalobj: 0.9416198665917328, dualobj: -Inf
solve--
end solve-- RelaxOptimal OPTIMAL
 weights_sum: 1.0000002643676564
itereffortlevel: 0
--separating...
--find a better primal bound 0.10400393927975471 by Alternative descent Eigen
--found a cut state by heuristic 0.10400393927975471 0.032081153405486146 
iteration: 564,  #states: 2276, valueb: 0.032081153405486146, activeness: 0.10400393927975471, primalobj: 0.9416197608095489, dualobj: -Inf
solve--
end solve-- RelaxOptimal OPTIMAL
 weights_sum: 1.0000000259883757
itereffortlevel: 0
--separating...
--find a better primal bound 0.13889857483307846 by Alternative descent Eigen
--found a cut state by heuristic 0.13889857483307846 0.04363471672786316 
iteration: 565,  #states: 2277, valueb: 0.04363471672786316, activeness: 0.13889857483307846, primalobj: 0.9416194402243806, dualobj: -Inf
solve--
end solve-- RelaxOptimal OPTIMAL
 weights_sum: 1.0000000000000002
itereffortlevel: 0
--separating...
--find a better primal bound 0.2195865932516175 by Alternative descent Eigen
--found a cut state by heuristic 0.2195865932516175 0.1193654737491783 
iteration: 566,  #states: 2278, valueb: 0.1193654737491783, activeness: 0.2195865932516175, primalobj: 0.9416193015307408, dualobj: -Inf
solve--
end solve-- RelaxOptimal OPTIMAL
 weights_sum: 0.9999999999999998
itereffortlevel: 0
--separating...
--find a better primal bound 0.09792747880604982 by Alternative descent Eigen
--found a cut state by heuristic 0.09792747880604982 0.05110990851071895 
iteration: 567,  #states: 2279, valueb: 0.05110990851071895, activeness: 0.09792747880604982, primalobj: 0.9416191101253667, dualobj: -Inf
solve--
end solve-- RelaxOptimal OPTIMAL
 weights_sum: 0.9999999999999988
itereffortlevel: 0
--separating...
--find a better primal bound 0.17502781774053494 by Alternative descent Eigen
--found a cut state by heuristic 0.17502781774053494 0.04226377002242637 
iteration: 568,  #states: 2280, valueb: 0.04226377002242637, activeness: 0.17502781774053494, primalobj: 0.9416190916862006, dualobj: -Inf
solve--
end solve-- RelaxOptimal OPTIMAL
 weights_sum: 1.000000085312694
itereffortlevel: 0
--separating...
--find a better primal bound 0.21065029868132787 by Alternative descent Eigen
--found a cut state by heuristic 0.21065029868132787 0.06984743386611918 
iteration: 569,  #states: 2281, valueb: 0.06984743386611918, activeness: 0.21065029868132787, primalobj: 0.9416187177557097, dualobj: -Inf
solve--
end solve-- RelaxOptimal OPTIMAL
 weights_sum: 1.0000000000000004
itereffortlevel: 0
--separating...
--find a better primal bound 0.2076548580074946 by Alternative descent Eigen
--found a cut state by heuristic 0.2076548580074946 0.07228237139364756 
iteration: 570,  #states: 2282, valueb: 0.07228237139364756, activeness: 0.2076548580074946, primalobj: 0.9416184606429705, dualobj: -Inf
solve--
end solve-- RelaxOptimal OPTIMAL
 weights_sum: 1.0000026433210893
itereffortlevel: 0
--separating...
--find a better primal bound 0.09485774094715366 by Alternative descent Eigen
--found a cut state by heuristic 0.09485774094715366 0.03589684960965167 
iteration: 571,  #states: 2283, valueb: 0.03589684960965167, activeness: 0.09485774094715366, primalobj: 0.9416179836362807, dualobj: -Inf
solve--
end solve-- RelaxOptimal OPTIMAL
 weights_sum: 1.0000000284223547
itereffortlevel: 0
--separating...
--find a better primal bound 0.17735963716513692 by Alternative descent Eigen
--found a cut state by heuristic 0.17735963716513692 0.08396355162724278 
iteration: 572,  #states: 2284, valueb: 0.08396355162724278, activeness: 0.17735963716513692, primalobj: 0.9416178725397312, dualobj: -Inf
solve--
end solve-- RelaxOptimal OPTIMAL
 weights_sum: 1.0000000000000004
itereffortlevel: 0
--separating...
--find a better primal bound 0.1337043003679252 by Alternative descent Eigen
--found a cut state by heuristic 0.1337043003679252 0.07836367204169936 
iteration: 573,  #states: 2285, valueb: 0.07836367204169936, activeness: 0.1337043003679252, primalobj: 0.9416174584066781, dualobj: -Inf
solve--
end solve-- RelaxOptimal OPTIMAL
 weights_sum: 0.9999999999999994
itereffortlevel: 0
--separating...
--find a better primal bound 0.2063816862974739 by Alternative descent Eigen
--found a cut state by heuristic 0.2063816862974739 0.08543811047763902 
iteration: 574,  #states: 2286, valueb: 0.08543811047763902, activeness: 0.2063816862974739, primalobj: 0.9416170307666196, dualobj: -Inf
solve--
end solve-- RelaxOptimal OPTIMAL
 weights_sum: 1.0000028673506025
itereffortlevel: 0
--separating...
--find a better primal bound 0.27271227662920305 by Alternative descent Eigen
--found a cut state by heuristic 0.27271227662920305 0.14123484261553568 
iteration: 575,  #states: 2287, valueb: 0.14123484261553568, activeness: 0.27271227662920305, primalobj: 0.9416164557905182, dualobj: -Inf
solve--
end solve-- RelaxOptimal OPTIMAL
 weights_sum: 1.0000000213720355
itereffortlevel: 0
--separating...
--find a better primal bound 0.02666292925070822 by Alternative descent Eigen
--found a cut state by heuristic 0.02666292925070822 0.01724301710979742 
iteration: 576,  #states: 2288, valueb: 0.01724301710979742, activeness: 0.02666292925070822, primalobj: 0.9416163400659201, dualobj: -Inf
solve--
end solve-- RelaxOptimal OPTIMAL
 weights_sum: 1.0000001736548247
itereffortlevel: 0
--separating...
--find a better primal bound 0.1335670944559035 by Alternative descent Eigen
--found a cut state by heuristic 0.1335670944559035 0.0835984238523904 
iteration: 577,  #states: 2289, valueb: 0.0835984238523904, activeness: 0.1335670944559035, primalobj: 0.9416163262633434, dualobj: -Inf
solve--
end solve-- RelaxOptimal OPTIMAL
 weights_sum: 0.9999999999999994
itereffortlevel: 0
--separating...
--find a better primal bound 0.03708776128542147 by Alternative descent Eigen
--found a cut state by heuristic 0.03708776128542147 0.028640207728868883 
iteration: 578,  #states: 2290, valueb: 0.028640207728868883, activeness: 0.03708776128542147, primalobj: 0.9416160369402911, dualobj: -Inf
solve--
end solve-- RelaxOptimal OPTIMAL
 weights_sum: 1.0000001637207063
itereffortlevel: 0
--separating...
--find a better primal bound 0.1707739889979269 by Alternative descent Eigen
--found a cut state by heuristic 0.1707739889979269 0.026186118621765165 
iteration: 579,  #states: 2291, valueb: 0.026186118621765165, activeness: 0.1707739889979269, primalobj: 0.9416160265357125, dualobj: -Inf
solve--
end solve-- RelaxOptimal OPTIMAL
 weights_sum: 0.9999999999999989
itereffortlevel: 0
--separating...
--find a better primal bound 0.18077140289445304 by Alternative descent Eigen
--found a cut state by heuristic 0.18077140289445304 0.06183650493625075 
iteration: 580,  #states: 2292, valueb: 0.06183650493625075, activeness: 0.18077140289445304, primalobj: 0.9416156459081477, dualobj: -Inf
solve--
end solve-- RelaxOptimal OPTIMAL
 weights_sum: 1.0000000000000007
itereffortlevel: 0
--separating...
--find a better primal bound 0.1591019183013066 by Alternative descent Eigen
--found a cut state by heuristic 0.1591019183013066 0.058077187796214354 
iteration: 581,  #states: 2293, valueb: 0.058077187796214354, activeness: 0.1591019183013066, primalobj: 0.9416152654710095, dualobj: -Inf
solve--
end solve-- RelaxOptimal OPTIMAL
 weights_sum: 1.0
itereffortlevel: 0
--separating...
--find a better primal bound 0.18426442348836078 by Alternative descent Eigen
--found a cut state by heuristic 0.18426442348836078 0.004038199172872226 
iteration: 582,  #states: 2294, valueb: 0.004038199172872226, activeness: 0.18426442348836078, primalobj: 0.9416148910333864, dualobj: -Inf
solve--
end solve-- RelaxOptimal OPTIMAL
 weights_sum: 1.0
itereffortlevel: 0
--separating...
--find a better primal bound 0.16580439066031172 by Alternative descent Eigen
--found a cut state by heuristic 0.16580439066031172 0.04968893758776791 
iteration: 583,  #states: 2295, valueb: 0.04968893758776791, activeness: 0.16580439066031172, primalobj: 0.941614256496021, dualobj: -Inf
solve--
end solve-- RelaxOptimal OPTIMAL
 weights_sum: 1.0000000548519654
itereffortlevel: 0
--separating...
--find a better primal bound 0.152752492922489 by Alternative descent Eigen
--found a cut state by heuristic 0.152752492922489 -0.0 
iteration: 584,  #states: 2296, valueb: -0.0, activeness: 0.152752492922489, primalobj: 0.9416138236189019, dualobj: -Inf
solve--
end solve-- RelaxOptimal OPTIMAL
 weights_sum: 1.0000000355173162
itereffortlevel: 0
--separating...
--find a better primal bound 0.07137464787683515 by Alternative descent Eigen
--found a cut state by heuristic 0.07137464787683515 -0.0 
iteration: 585,  #states: 2297, valueb: -0.0, activeness: 0.07137464787683515, primalobj: 0.941613440004107, dualobj: -Inf
solve--
end solve-- RelaxOptimal OPTIMAL
 weights_sum: 0.9999999999999998
itereffortlevel: 0
--separating...
--find a better primal bound 0.08894802887846268 by Alternative descent Eigen
--found a cut state by heuristic 0.08894802887846268 0.04480825324690807 
iteration: 586,  #states: 2298, valueb: 0.04480825324690807, activeness: 0.08894802887846268, primalobj: 0.9416133433131617, dualobj: -Inf
solve--
end solve-- RelaxOptimal OPTIMAL
 weights_sum: 1.0000000691290771
itereffortlevel: 0
--separating...
--find a better primal bound 0.08704165027280678 by Alternative descent Eigen
--found a cut state by heuristic 0.08704165027280678 -0.0 
iteration: 587,  #states: 2299, valueb: -0.0, activeness: 0.08704165027280678, primalobj: 0.9416131998703392, dualobj: -Inf
solve--
end solve-- RelaxOptimal OPTIMAL
 weights_sum: 1.000000003942585
itereffortlevel: 0
--separating...
--find a better primal bound 0.09944435362912965 by Alternative descent Eigen
--found a cut state by heuristic 0.09944435362912965 0.062064539839731696 
iteration: 588,  #states: 2300, valueb: 0.062064539839731696, activeness: 0.09944435362912965, primalobj: 0.9416129843668891, dualobj: -Inf
solve--
end solve-- RelaxOptimal OPTIMAL
 weights_sum: 1.0000000000000002
itereffortlevel: 0
--separating...
--find a better primal bound 0.0848820718248685 by Alternative descent Eigen
--found a cut state by heuristic 0.0848820718248685 0.019921970147638027 
iteration: 589,  #states: 2301, valueb: 0.019921970147638027, activeness: 0.0848820718248685, primalobj: 0.9416128726261267, dualobj: -Inf
solve--
end solve-- RelaxOptimal OPTIMAL
 weights_sum: 0.9999999999999997
itereffortlevel: 0
--separating...
--find a better primal bound 0.197126390208104 by Alternative descent Eigen
--found a cut state by heuristic 0.197126390208104 0.1687553675800692 
iteration: 590,  #states: 2302, valueb: 0.1687553675800692, activeness: 0.197126390208104, primalobj: 0.9416123969340531, dualobj: -Inf
solve--
end solve-- RelaxOptimal OPTIMAL
 weights_sum: 0.9999999999999999
itereffortlevel: 0
--separating...
--find a better primal bound 0.09381079583568185 by Alternative descent Eigen
--found a cut state by heuristic 0.09381079583568185 0.03706902458624703 
iteration: 591,  #states: 2303, valueb: 0.03706902458624703, activeness: 0.09381079583568185, primalobj: 0.9416120975611622, dualobj: -Inf
solve--
end solve-- RelaxOptimal OPTIMAL
 weights_sum: 1.0000000626696792
itereffortlevel: 0
--separating...
--find a better primal bound 0.10857093402342193 by Alternative descent Eigen
--found a cut state by heuristic 0.10857093402342193 0.05116023859641177 
iteration: 592,  #states: 2304, valueb: 0.05116023859641177, activeness: 0.10857093402342193, primalobj: 0.9416119303997362, dualobj: -Inf
solve--
end solve-- RelaxOptimal OPTIMAL
 weights_sum: 1.0000006013497895
itereffortlevel: 0
--separating...
--find a better primal bound 0.1599890268722246 by Alternative descent Eigen
--found a cut state by heuristic 0.1599890268722246 0.07127513934316868 
iteration: 593,  #states: 2305, valueb: 0.07127513934316868, activeness: 0.1599890268722246, primalobj: 0.9416116333715709, dualobj: -Inf
solve--
end solve-- RelaxOptimal OPTIMAL
 weights_sum: 1.0000011453268334
itereffortlevel: 0
--separating...
--find a better primal bound 0.13086352346965663 by Alternative descent Eigen
--found a cut state by heuristic 0.13086352346965663 0.07164194682208806 
iteration: 594,  #states: 2306, valueb: 0.07164194682208806, activeness: 0.13086352346965663, primalobj: 0.9416113154241842, dualobj: -Inf
solve--
end solve-- RelaxOptimal OPTIMAL
 weights_sum: 0.9999999999999999
itereffortlevel: 0
--separating...
--find a better primal bound 0.1777370063242621 by Alternative descent Eigen
--found a cut state by heuristic 0.1777370063242621 0.09780962627453113 
iteration: 595,  #states: 2307, valueb: 0.09780962627453113, activeness: 0.1777370063242621, primalobj: 0.9416111976297947, dualobj: -Inf
solve--
end solve-- RelaxOptimal OPTIMAL
 weights_sum: 1.0
itereffortlevel: 0
--separating...
--find a better primal bound 0.06451007745242268 by Alternative descent Eigen
--found a cut state by heuristic 0.06451007745242268 -0.0 
iteration: 596,  #states: 2308, valueb: -0.0, activeness: 0.06451007745242268, primalobj: 0.9416110360965859, dualobj: -Inf
solve--
end solve-- RelaxOptimal OPTIMAL
 weights_sum: 1.0000013529896847
itereffortlevel: 0
--separating...
--find a better primal bound 0.13978482222465463 by Alternative descent Eigen
--found a cut state by heuristic 0.13978482222465463 0.057241771259812786 
iteration: 597,  #states: 2309, valueb: 0.057241771259812786, activeness: 0.13978482222465463, primalobj: 0.9416106369309061, dualobj: -Inf
solve--
end solve-- RelaxOptimal OPTIMAL
 weights_sum: 1.0
itereffortlevel: 0
--separating...
--find a better primal bound 0.10387696110114746 by Alternative descent Eigen
--found a cut state by heuristic 0.10387696110114746 -0.0 
iteration: 598,  #states: 2310, valueb: -0.0, activeness: 0.10387696110114746, primalobj: 0.9416101539219575, dualobj: -Inf
solve--
end solve-- RelaxOptimal OPTIMAL
 weights_sum: 1.000000015164733
itereffortlevel: 0
--separating...
--find a better primal bound 0.12595257062963444 by Alternative descent Eigen
--found a cut state by heuristic 0.12595257062963444 -0.0 
iteration: 599,  #states: 2311, valueb: -0.0, activeness: 0.12595257062963444, primalobj: 0.9416098221545451, dualobj: -Inf
solve--
end solve-- RelaxOptimal OPTIMAL
 weights_sum: 1.0000003404958637
itereffortlevel: 0
--separating...
--find a better primal bound 0.0749292977116472 by Alternative descent Eigen
--found a cut state by heuristic 0.0749292977116472 -0.0 
iteration: 600,  #states: 2312, valueb: -0.0, activeness: 0.0749292977116472, primalobj: 0.9416095378755995, dualobj: -Inf
solve--
end solve-- RelaxOptimal OPTIMAL
 weights_sum: 1.0000000905892026
itereffortlevel: 0
--separating...
--find a better primal bound 0.12125640275073322 by Alternative descent Eigen
--found a cut state by heuristic 0.12125640275073322 0.07916465300150405 
iteration: 601,  #states: 2313, valueb: 0.07916465300150405, activeness: 0.12125640275073322, primalobj: 0.9416094315666339, dualobj: -Inf
solve--
end solve-- RelaxOptimal OPTIMAL
 weights_sum: 1.0000000061473102
itereffortlevel: 0
--separating...
--find a better primal bound 0.2042605541221266 by Alternative descent Eigen
--found a cut state by heuristic 0.2042605541221266 0.08508730143505938 
iteration: 602,  #states: 2314, valueb: 0.08508730143505938, activeness: 0.2042605541221266, primalobj: 0.9416093921480188, dualobj: -Inf
solve--
end solve-- RelaxOptimal OPTIMAL
 weights_sum: 1.0
itereffortlevel: 0
--separating...
--find a better primal bound 0.0425618823616456 by Alternative descent Eigen
--found a cut state by heuristic 0.0425618823616456 -0.0 
iteration: 603,  #states: 2315, valueb: -0.0, activeness: 0.0425618823616456, primalobj: 0.941609274924125, dualobj: -Inf
solve--
end solve-- RelaxOptimal OPTIMAL
 weights_sum: 1.0000000285409059
itereffortlevel: 0
--separating...
--find a better primal bound 0.16204994681760065 by Alternative descent Eigen
--found a cut state by heuristic 0.16204994681760065 -0.0 
iteration: 604,  #states: 2316, valueb: -0.0, activeness: 0.16204994681760065, primalobj: 0.941609193672802, dualobj: -Inf
solve--
end solve-- RelaxOptimal OPTIMAL
 weights_sum: 1.0
itereffortlevel: 0
--separating...
--find a better primal bound 0.1195038835093081 by Alternative descent Eigen
--found a cut state by heuristic 0.1195038835093081 -0.0 
iteration: 605,  #states: 2317, valueb: -0.0, activeness: 0.1195038835093081, primalobj: 0.9416086723791345, dualobj: -Inf
solve--
end solve-- RelaxOptimal OPTIMAL
 weights_sum: 1.000000079511091
itereffortlevel: 0
--separating...
--find a better primal bound 0.1267856996406389 by Alternative descent Eigen
--found a cut state by heuristic 0.1267856996406389 -0.0 
iteration: 606,  #states: 2318, valueb: -0.0, activeness: 0.1267856996406389, primalobj: 0.9416083659262621, dualobj: -Inf
solve--
end solve-- RelaxOptimal OPTIMAL
 weights_sum: 1.000000017928779
itereffortlevel: 0
--separating...
--find a better primal bound 0.12871310712862652 by Alternative descent Eigen
--found a cut state by heuristic 0.12871310712862652 0.04650833464500922 
iteration: 607,  #states: 2319, valueb: 0.04650833464500922, activeness: 0.12871310712862652, primalobj: 0.9416081893784136, dualobj: -Inf
solve--
end solve-- RelaxOptimal OPTIMAL
 weights_sum: 1.000000037188168
itereffortlevel: 0
--separating...
--find a better primal bound 0.116919894995352 by Alternative descent Eigen
--found a cut state by heuristic 0.116919894995352 0.06408305209894531 
iteration: 608,  #states: 2320, valueb: 0.06408305209894531, activeness: 0.116919894995352, primalobj: 0.9416078719986852, dualobj: -Inf
solve--
end solve-- RelaxOptimal OPTIMAL
 weights_sum: 0.9999999999999994
itereffortlevel: 0
--separating...
--find a better primal bound 0.16029097242996543 by Alternative descent Eigen
--found a cut state by heuristic 0.16029097242996543 0.0685179994384152 
iteration: 609,  #states: 2321, valueb: 0.0685179994384152, activeness: 0.16029097242996543, primalobj: 0.9416077417357966, dualobj: -Inf
solve--
end solve-- RelaxOptimal OPTIMAL
 weights_sum: 1.0000001582490923
itereffortlevel: 0
--separating...
--find a better primal bound 0.16952345658302115 by Alternative descent Eigen
--found a cut state by heuristic 0.16952345658302115 0.07958115071841644 
iteration: 610,  #states: 2322, valueb: 0.07958115071841644, activeness: 0.16952345658302115, primalobj: 0.941607572601955, dualobj: -Inf
solve--
end solve-- RelaxOptimal OPTIMAL
 weights_sum: 1.0000004801118054
itereffortlevel: 0
--separating...
--find a better primal bound 0.23869183251832263 by Alternative descent Eigen
--found a cut state by heuristic 0.23869183251832263 0.07861468514860177 
iteration: 611,  #states: 2323, valueb: 0.07861468514860177, activeness: 0.23869183251832263, primalobj: 0.9416073302712983, dualobj: -Inf
solve--
end solve-- RelaxOptimal OPTIMAL
 weights_sum: 1.0000000121399857
itereffortlevel: 0
--separating...
--find a better primal bound 0.20452356755783288 by Alternative descent Eigen
--found a cut state by heuristic 0.20452356755783288 0.053085170157966974 
iteration: 612,  #states: 2324, valueb: 0.053085170157966974, activeness: 0.20452356755783288, primalobj: 0.9416067976979707, dualobj: -Inf
solve--
end solve-- RelaxOptimal OPTIMAL
 weights_sum: 1.000000056907208
itereffortlevel: 0
--separating...
--find a better primal bound 0.157326947255906 by Alternative descent Eigen
--found a cut state by heuristic 0.157326947255906 0.04468629380215831 
iteration: 613,  #states: 2325, valueb: 0.04468629380215831, activeness: 0.157326947255906, primalobj: 0.9416064822440736, dualobj: -Inf
solve--
end solve-- RelaxOptimal OPTIMAL
 weights_sum: 1.0000000000000002
itereffortlevel: 0
--separating...
--find a better primal bound 0.09490566840006057 by Alternative descent Eigen
--found a cut state by heuristic 0.09490566840006057 0.034723615311636986 
iteration: 614,  #states: 2326, valueb: 0.034723615311636986, activeness: 0.09490566840006057, primalobj: 0.9416063498641128, dualobj: -Inf
solve--
end solve-- RelaxOptimal OPTIMAL
 weights_sum: 1.0000000029791016
itereffortlevel: 0
--separating...
--find a better primal bound 0.19226453653044534 by Alternative descent Eigen
--found a cut state by heuristic 0.19226453653044534 0.05350840444476282 
iteration: 615,  #states: 2327, valueb: 0.05350840444476282, activeness: 0.19226453653044534, primalobj: 0.94160604077164, dualobj: -Inf
solve--
end solve-- RelaxOptimal OPTIMAL
 weights_sum: 1.0000156838586989
itereffortlevel: 0
--separating...
--find a better primal bound 0.16956913355519498 by Alternative descent Eigen
--found a cut state by heuristic 0.16956913355519498 0.05227548482900879 
iteration: 616,  #states: 2328, valueb: 0.05227548482900879, activeness: 0.16956913355519498, primalobj: 0.9416057174645407, dualobj: -Inf
solve--
end solve-- RelaxOptimal OPTIMAL
 weights_sum: 0.9999999999999997
itereffortlevel: 0
--separating...
--find a better primal bound 0.08599713428579969 by Alternative descent Eigen
--found a cut state by heuristic 0.08599713428579969 0.03460822126064951 
iteration: 617,  #states: 2329, valueb: 0.03460822126064951, activeness: 0.08599713428579969, primalobj: 0.941605534401965, dualobj: -Inf
solve--
end solve-- RelaxOptimal OPTIMAL
 weights_sum: 1.0000000000000007
itereffortlevel: 0
--separating...
--find a better primal bound 0.18111127956537798 by Alternative descent Eigen
--found a cut state by heuristic 0.18111127956537798 0.03742415003131095 
iteration: 618,  #states: 2330, valueb: 0.03742415003131095, activeness: 0.18111127956537798, primalobj: 0.9416052536651338, dualobj: -Inf
solve--
end solve-- RelaxOptimal OPTIMAL
 weights_sum: 1.0000000167692515
itereffortlevel: 0
--separating...
--find a better primal bound 0.1894444706930043 by Alternative descent Eigen
--found a cut state by heuristic 0.1894444706930043 0.08889453632728199 
iteration: 619,  #states: 2331, valueb: 0.08889453632728199, activeness: 0.1894444706930043, primalobj: 0.9416049142687972, dualobj: -Inf
solve--
end solve-- RelaxOptimal OPTIMAL
 weights_sum: 1.0000002344537586
itereffortlevel: 0
--separating...
--find a better primal bound 0.19054296182063513 by Alternative descent Eigen
--found a cut state by heuristic 0.19054296182063513 0.1199164224218242 
iteration: 620,  #states: 2332, valueb: 0.1199164224218242, activeness: 0.19054296182063513, primalobj: 0.9416045787981522, dualobj: -Inf
solve--
end solve-- RelaxOptimal OPTIMAL
 weights_sum: 1.0000000000000004
itereffortlevel: 0
--separating...
--find a better primal bound 0.0699879476429037 by Alternative descent Eigen
--found a cut state by heuristic 0.0699879476429037 0.033422650689975186 
iteration: 621,  #states: 2333, valueb: 0.033422650689975186, activeness: 0.0699879476429037, primalobj: 0.941604483872299, dualobj: -Inf
solve--
end solve-- RelaxOptimal OPTIMAL
 weights_sum: 1.0000002795299767
itereffortlevel: 0
--separating...
--find a better primal bound 0.133058565555878 by Alternative descent Eigen
--found a cut state by heuristic 0.133058565555878 0.1003845830364978 
iteration: 622,  #states: 2334, valueb: 0.1003845830364978, activeness: 0.133058565555878, primalobj: 0.9416044435740469, dualobj: -Inf
solve--
end solve-- RelaxOptimal OPTIMAL
 weights_sum: 1.000002363058844
itereffortlevel: 0
--separating...
--find a better primal bound 0.06501748150324207 by Alternative descent Eigen
--found a cut state by heuristic 0.06501748150324207 0.038600628028045536 
iteration: 623,  #states: 2335, valueb: 0.038600628028045536, activeness: 0.06501748150324207, primalobj: 0.9416042420100436, dualobj: -Inf
solve--
end solve-- RelaxOptimal OPTIMAL
 weights_sum: 1.0000000000000002
itereffortlevel: 0
--separating...
--find a better primal bound 0.17475597642221913 by Alternative descent Eigen
--found a cut state by heuristic 0.17475597642221913 0.09298247910352583 
iteration: 624,  #states: 2336, valueb: 0.09298247910352583, activeness: 0.17475597642221913, primalobj: 0.9416041668529022, dualobj: -Inf
solve--
end solve-- RelaxOptimal OPTIMAL
 weights_sum: 1.00000004257802
itereffortlevel: 0
--separating...
--find a better primal bound 0.2968509047625912 by Alternative descent Eigen
--found a cut state by heuristic 0.2968509047625912 0.2231897280305611 
iteration: 625,  #states: 2337, valueb: 0.2231897280305611, activeness: 0.2968509047625912, primalobj: 0.9416040462839567, dualobj: -Inf
solve--
end solve-- RelaxOptimal OPTIMAL
 weights_sum: 1.0000000521449093
itereffortlevel: 0
--separating...
--find a better primal bound 0.14499410612492794 by Alternative descent Eigen
--found a cut state by heuristic 0.14499410612492794 0.01243266180138284 
iteration: 626,  #states: 2338, valueb: 0.01243266180138284, activeness: 0.14499410612492794, primalobj: 0.9416034067226154, dualobj: -Inf
solve--
end solve-- RelaxOptimal OPTIMAL
 weights_sum: 1.0000000000000004
itereffortlevel: 0
--separating...
--find a better primal bound 0.13362229090440075 by Alternative descent Eigen
--found a cut state by heuristic 0.13362229090440075 0.0344891635272441 
iteration: 627,  #states: 2339, valueb: 0.0344891635272441, activeness: 0.13362229090440075, primalobj: 0.9416030359101609, dualobj: -Inf
solve--
end solve-- RelaxOptimal OPTIMAL
 weights_sum: 1.0
itereffortlevel: 0
--separating...
--find a better primal bound 0.07970303001064877 by Alternative descent Eigen
--found a cut state by heuristic 0.07970303001064877 0.026953953679543414 
iteration: 628,  #states: 2340, valueb: 0.026953953679543414, activeness: 0.07970303001064877, primalobj: 0.941602890405515, dualobj: -Inf
solve--
end solve-- RelaxOptimal OPTIMAL
 weights_sum: 1.0000000043562065
itereffortlevel: 0
--separating...
--find a better primal bound 0.07909920689902405 by Alternative descent Eigen
--found a cut state by heuristic 0.07909920689902405 0.008007155004998615 
iteration: 629,  #states: 2341, valueb: 0.008007155004998615, activeness: 0.07909920689902405, primalobj: 0.9416028318946239, dualobj: -Inf
solve--
end solve-- RelaxOptimal OPTIMAL
 weights_sum: 0.9999999999999996
itereffortlevel: 0
--separating...
--find a better primal bound 0.1467922810758098 by Alternative descent Eigen
--found a cut state by heuristic 0.1467922810758098 0.01881884220555927 
iteration: 630,  #states: 2342, valueb: 0.01881884220555927, activeness: 0.1467922810758098, primalobj: 0.9416024968518477, dualobj: -Inf
solve--
end solve-- RelaxOptimal OPTIMAL
 weights_sum: 1.0000000000000004
itereffortlevel: 0
--separating...
--find a better primal bound 0.2019789481431035 by Alternative descent Eigen
--found a cut state by heuristic 0.2019789481431035 0.10306745852046675 
iteration: 631,  #states: 2343, valueb: 0.10306745852046675, activeness: 0.2019789481431035, primalobj: 0.9416019555353671, dualobj: -Inf
solve--
end solve-- RelaxOptimal OPTIMAL
 weights_sum: 0.9999999999999994
itereffortlevel: 0
--separating...
--find a better primal bound 0.10337170788939334 by Alternative descent Eigen
--found a cut state by heuristic 0.10337170788939334 0.06349515693634789 
iteration: 632,  #states: 2344, valueb: 0.06349515693634789, activeness: 0.10337170788939334, primalobj: 0.9416016545413959, dualobj: -Inf
solve--
end solve-- RelaxOptimal OPTIMAL
 weights_sum: 1.000000015316959
itereffortlevel: 0
--separating...
--find a better primal bound 0.20797973124131502 by Alternative descent Eigen
--found a cut state by heuristic 0.20797973124131502 0.056279922521002786 
iteration: 633,  #states: 2345, valueb: 0.056279922521002786, activeness: 0.20797973124131502, primalobj: 0.9416013614793859, dualobj: -Inf
solve--
end solve-- RelaxOptimal OPTIMAL
 weights_sum: 1.000000041818849
itereffortlevel: 0
--separating...
--find a better primal bound 0.18540972290293273 by Alternative descent Eigen
--found a cut state by heuristic 0.18540972290293273 0.08448903758621562 
iteration: 634,  #states: 2346, valueb: 0.08448903758621562, activeness: 0.18540972290293273, primalobj: 0.9416008849904203, dualobj: -Inf
solve--
end solve-- RelaxOptimal OPTIMAL
 weights_sum: 1.0000000000000002
itereffortlevel: 0
--separating...
--find a better primal bound 0.28581146440366223 by Alternative descent Eigen
--found a cut state by heuristic 0.28581146440366223 0.08384255286064274 
iteration: 635,  #states: 2347, valueb: 0.08384255286064274, activeness: 0.28581146440366223, primalobj: 0.9416006303463829, dualobj: -Inf
solve--
end solve-- RelaxOptimal OPTIMAL
 weights_sum: 0.9999999999999997
itereffortlevel: 0
--separating...
--find a better primal bound 0.16028569602542758 by Alternative descent Eigen
--found a cut state by heuristic 0.16028569602542758 0.07753277982527429 
iteration: 636,  #states: 2348, valueb: 0.07753277982527429, activeness: 0.16028569602542758, primalobj: 0.9415998184101578, dualobj: -Inf
solve--
end solve-- RelaxOptimal OPTIMAL
 weights_sum: 1.0000000877997808
itereffortlevel: 0
--separating...
--find a better primal bound 0.11973551762929534 by Alternative descent Eigen
--found a cut state by heuristic 0.11973551762929534 0.08944771883021506 
iteration: 637,  #states: 2349, valueb: 0.08944771883021506, activeness: 0.11973551762929534, primalobj: 0.941599528132662, dualobj: -Inf
solve--
end solve-- RelaxOptimal OPTIMAL
 weights_sum: 1.0000002723237393
itereffortlevel: 0
--separating...
--find a better primal bound 0.2112130441847261 by Alternative descent Eigen
--found a cut state by heuristic 0.2112130441847261 0.0979207956397657 
iteration: 638,  #states: 2350, valueb: 0.0979207956397657, activeness: 0.2112130441847261, primalobj: 0.9415993861475982, dualobj: -Inf
solve--
end solve-- RelaxOptimal OPTIMAL
 weights_sum: 1.0000003750158342
itereffortlevel: 0
--separating...
--find a better primal bound 0.16230915921069175 by Alternative descent Eigen
--found a cut state by heuristic 0.16230915921069175 0.028838835590311352 
iteration: 639,  #states: 2351, valueb: 0.028838835590311352, activeness: 0.16230915921069175, primalobj: 0.9415992097294108, dualobj: -Inf
solve--
end solve-- RelaxOptimal OPTIMAL
 weights_sum: 0.999999999999999
itereffortlevel: 0
--separating...
--find a better primal bound 0.2585611563362625 by Alternative descent Eigen
--found a cut state by heuristic 0.2585611563362625 0.10547323018059296 
iteration: 640,  #states: 2352, valueb: 0.10547323018059296, activeness: 0.2585611563362625, primalobj: 0.9415984708381038, dualobj: -Inf
solve--
end solve-- RelaxOptimal OPTIMAL
 weights_sum: 1.0000000549460464
itereffortlevel: 0
--separating...
--find a better primal bound 0.25381072928024345 by Alternative descent Eigen
--found a cut state by heuristic 0.25381072928024345 0.07837266847170009 
iteration: 641,  #states: 2353, valueb: 0.07837266847170009, activeness: 0.25381072928024345, primalobj: 0.9415982429678623, dualobj: -Inf
solve--
end solve-- RelaxOptimal OPTIMAL
 weights_sum: 1.0000000000000007
itereffortlevel: 0
--separating...
--find a better primal bound 0.16972691506014337 by Alternative descent Eigen
--found a cut state by heuristic 0.16972691506014337 0.0838095414580336 
iteration: 642,  #states: 2354, valueb: 0.0838095414580336, activeness: 0.16972691506014337, primalobj: 0.9415979765629965, dualobj: -Inf
solve--
end solve-- RelaxOptimal OPTIMAL
 weights_sum: 1.0000002223234747
itereffortlevel: 0
--separating...
--find a better primal bound 0.18623301981506163 by Alternative descent Eigen
--found a cut state by heuristic 0.18623301981506163 0.11661524176472185 
iteration: 643,  #states: 2355, valueb: 0.11661524176472185, activeness: 0.18623301981506163, primalobj: 0.9415977274016925, dualobj: -Inf
solve--
end solve-- RelaxOptimal OPTIMAL
 weights_sum: 1.0000024799190759
itereffortlevel: 0
--separating...
--find a better primal bound 0.2217919038128197 by Alternative descent Eigen
--found a cut state by heuristic 0.2217919038128197 0.17633370887656233 
iteration: 644,  #states: 2356, valueb: 0.17633370887656233, activeness: 0.2217919038128197, primalobj: 0.9415975900196616, dualobj: -Inf
solve--
end solve-- RelaxOptimal OPTIMAL
 weights_sum: 1.000000002081872
itereffortlevel: 0
--separating...
--find a better primal bound 0.2182192375864238 by Alternative descent Eigen
--found a cut state by heuristic 0.2182192375864238 0.10518228156096024 
iteration: 645,  #states: 2357, valueb: 0.10518228156096024, activeness: 0.2182192375864238, primalobj: 0.941597354045189, dualobj: -Inf
solve--
end solve-- RelaxOptimal OPTIMAL
 weights_sum: 1.000000068552631
itereffortlevel: 0
--separating...
--find a better primal bound 0.08099516184610811 by Alternative descent Eigen
--found a cut state by heuristic 0.08099516184610811 0.05420033211253468 
iteration: 646,  #states: 2358, valueb: 0.05420033211253468, activeness: 0.08099516184610811, primalobj: 0.9415971378600619, dualobj: -Inf
solve--
end solve-- RelaxOptimal OPTIMAL
 weights_sum: 1.000000005890053
itereffortlevel: 0
--separating...
--find a better primal bound 0.24313079328242157 by Alternative descent Eigen
--found a cut state by heuristic 0.24313079328242157 0.11952319574268352 
iteration: 647,  #states: 2359, valueb: 0.11952319574268352, activeness: 0.24313079328242157, primalobj: 0.9415968937321251, dualobj: -Inf
solve--
end solve-- RelaxOptimal OPTIMAL
 weights_sum: 1.0000011183045656
itereffortlevel: 0
--separating...
--find a better primal bound 0.14406809900431847 by Alternative descent Eigen
--found a cut state by heuristic 0.14406809900431847 0.0493347827344658 
iteration: 648,  #states: 2360, valueb: 0.0493347827344658, activeness: 0.14406809900431847, primalobj: 0.941596696536634, dualobj: -Inf
solve--
end solve-- RelaxOptimal OPTIMAL
 weights_sum: 1.0000000000000007
itereffortlevel: 0
--separating...
--find a better primal bound 0.22327497907461455 by Alternative descent Eigen
--found a cut state by heuristic 0.22327497907461455 0.09062186040272596 
iteration: 649,  #states: 2361, valueb: 0.09062186040272596, activeness: 0.22327497907461455, primalobj: 0.9415965751150028, dualobj: -Inf
solve--
end solve-- RelaxOptimal OPTIMAL
 weights_sum: 1.0000000000000002
itereffortlevel: 0
--separating...
--find a better primal bound 0.24287127571629755 by Alternative descent Eigen
--found a cut state by heuristic 0.24287127571629755 0.14516951176954968 
iteration: 650,  #states: 2362, valueb: 0.14516951176954968, activeness: 0.24287127571629755, primalobj: 0.9415960504953318, dualobj: -Inf
solve--
end solve-- RelaxOptimal OPTIMAL
 weights_sum: 0.9999999999999994
itereffortlevel: 0
--separating...
--find a better primal bound 0.20792166234589932 by Alternative descent Eigen
--found a cut state by heuristic 0.20792166234589932 0.11512733894389769 
iteration: 651,  #states: 2363, valueb: 0.11512733894389769, activeness: 0.20792166234589932, primalobj: 0.9415958320116058, dualobj: -Inf
solve--
end solve-- RelaxOptimal OPTIMAL
 weights_sum: 1.0000003718115091
itereffortlevel: 0
--separating...
--find a better primal bound 0.13155925211871985 by Alternative descent Eigen
--found a cut state by heuristic 0.13155925211871985 -0.0 
iteration: 652,  #states: 2364, valueb: -0.0, activeness: 0.13155925211871985, primalobj: 0.9415957071974353, dualobj: -Inf
solve--
end solve-- RelaxOptimal OPTIMAL
 weights_sum: 1.0000000388094412
itereffortlevel: 0
--separating...
--find a better primal bound 0.26774483197816185 by Alternative descent Eigen
--found a cut state by heuristic 0.26774483197816185 0.11930440376740194 
iteration: 653,  #states: 2365, valueb: 0.11930440376740194, activeness: 0.26774483197816185, primalobj: 0.9415953945254842, dualobj: -Inf
solve--
end solve-- RelaxOptimal OPTIMAL
 weights_sum: 1.00000000826173
itereffortlevel: 0
--separating...
--find a better primal bound 0.07745186277204076 by Alternative descent Eigen
--found a cut state by heuristic 0.07745186277204076 -0.0 
iteration: 654,  #states: 2366, valueb: -0.0, activeness: 0.07745186277204076, primalobj: 0.9415951143702712, dualobj: -Inf
solve--
end solve-- RelaxOptimal OPTIMAL
 weights_sum: 1.0000000400511873
itereffortlevel: 0
--separating...
--find a better primal bound 0.13267926905137595 by Alternative descent Eigen
--found a cut state by heuristic 0.13267926905137595 -0.0 
iteration: 655,  #states: 2367, valueb: -0.0, activeness: 0.13267926905137595, primalobj: 0.9415949956818073, dualobj: -Inf
solve--
end solve-- RelaxOptimal OPTIMAL
 weights_sum: 1.0000000211621591
itereffortlevel: 0
--separating...
--find a better primal bound 0.12166615798339565 by Alternative descent Eigen
--found a cut state by heuristic 0.12166615798339565 -0.0 
iteration: 656,  #states: 2368, valueb: -0.0, activeness: 0.12166615798339565, primalobj: 0.9415943908175436, dualobj: -Inf
solve--
end solve-- RelaxOptimal OPTIMAL
 weights_sum: 1.0000000259233706
itereffortlevel: 0
--separating...
--find a better primal bound 0.1981759790567701 by Alternative descent Eigen
--found a cut state by heuristic 0.1981759790567701 0.06504285371481129 
iteration: 657,  #states: 2369, valueb: 0.06504285371481129, activeness: 0.1981759790567701, primalobj: 0.9415941260195845, dualobj: -Inf
solve--
end solve-- RelaxOptimal OPTIMAL
 weights_sum: 1.0000000274105656
itereffortlevel: 0
--separating...
--find a better primal bound 0.14658431814178163 by Alternative descent Eigen
--found a cut state by heuristic 0.14658431814178163 0.08115039951362527 
iteration: 658,  #states: 2370, valueb: 0.08115039951362527, activeness: 0.14658431814178163, primalobj: 0.9415938720939775, dualobj: -Inf
solve--
end solve-- RelaxOptimal OPTIMAL
 weights_sum: 1.000000032230841
itereffortlevel: 0
--separating...
--find a better primal bound 0.19355880881010978 by Alternative descent Eigen
--found a cut state by heuristic 0.19355880881010978 -0.0 
iteration: 659,  #states: 2371, valueb: -0.0, activeness: 0.19355880881010978, primalobj: 0.9415935649027174, dualobj: -Inf
solve--
end solve-- RelaxOptimal OPTIMAL
 weights_sum: 1.0000000170829078
itereffortlevel: 0
--separating...
--find a better primal bound 0.1964350258401123 by Alternative descent Eigen
--found a cut state by heuristic 0.1964350258401123 0.0927288614980167 
iteration: 660,  #states: 2372, valueb: 0.0927288614980167, activeness: 0.1964350258401123, primalobj: 0.941593115014137, dualobj: -Inf
solve--
end solve-- RelaxOptimal OPTIMAL
 weights_sum: 1.0000000499244455
itereffortlevel: 0
--separating...
--find a better primal bound 0.24517039260140389 by Alternative descent Eigen
--found a cut state by heuristic 0.24517039260140389 0.09898252566933505 
iteration: 661,  #states: 2373, valueb: 0.09898252566933505, activeness: 0.24517039260140389, primalobj: 0.9415926924460208, dualobj: -Inf
max rounds reached and not in last state generation
Terminated at iteration 2 with number of substates: 1008, glbub: 0.9415926924460208, glblb: -Inf, approxub: 0.9357670164759955, approxweights: 1.0000000499244455
Lifting-discretization iteration: 3 / -1
Initial  F(x): 0.12111980925 | 
# 1      F(x): 0.10917237695 |  |Df(x)|: 0.11127494480 |  Stepsize: 0.74698494043 | 
# 2      F(x): 0.09868916935 |  |Df(x)|: 0.09917038551 |  Stepsize: 0.13676656814 | 
# 3      F(x): 0.08922804129 |  |Df(x)|: 0.09123794875 |  Stepsize: 0.08051320096 | 
# 4      F(x): 0.08051263012 |  |Df(x)|: 0.08546999341 |  Stepsize: 0.05332541370 | 
# 5      F(x): 0.07235144936 |  |Df(x)|: 0.08118156716 |  Stepsize: 0.03630616447 | 
# 6      F(x): 0.06455337195 |  |Df(x)|: 0.07794382811 |  Stepsize: 0.02367882042 | 
# 7      F(x): 0.05698801718 |  |Df(x)|: 0.07559807214 |  Stepsize: 0.01406552760 | 
# 8      F(x): 0.04960285099 |  |Df(x)|: 0.07370386159 |  Stepsize: 0.01151005415 | 
# 9      F(x): 0.04242846975 |  |Df(x)|: 0.07133334817 |  Stepsize: 0.01724999890 | 
# 10     F(x): 0.03556682622 |  |Df(x)|: 0.06738625398 |  Stepsize: 0.03079976135 | 
# 11     F(x): 0.02918773916 |  |Df(x)|: 0.06270031157 |  Stepsize: 0.04428394365 | 
# 12     F(x): 0.02331023714 |  |Df(x)|: 0.05880323251 |  Stepsize: 0.04516231044 | 
# 13     F(x): 0.01782488569 |  |Df(x)|: 0.05595292872 |  Stepsize: 0.03752211116 | 
# 14     F(x): 0.01265692677 |  |Df(x)|: 0.05357581688 |  Stepsize: 0.03006128543 | 
# 15     F(x): 0.00776602695 |  |Df(x)|: 0.05199375561 |  Stepsize: 0.02414332144 | 
# 16     F(x): 0.00304543282 |  |Df(x)|: 0.04964790464 |  Stepsize: 0.02041064845 | 
# 17     F(x): -0.00144031280 |  |Df(x)|: 0.04777782439 |  Stepsize: 0.02468687710 | 
# 18     F(x): -0.00574866856 |  |Df(x)|: 0.04571513295 |  Stepsize: 0.02788531537 | 
# 19     F(x): -0.00981115828 |  |Df(x)|: 0.04359255804 |  Stepsize: 0.02777949386 | 
# 20     F(x): -0.01372291943 |  |Df(x)|: 0.04189693856 |  Stepsize: 0.02753121700 | 
# 21     F(x): -0.01741652088 |  |Df(x)|: 0.03987936650 |  Stepsize: 0.02711462297 | 
# 22     F(x): -0.02096862166 |  |Df(x)|: 0.03842636926 |  Stepsize: 0.02675030735 | 
# 23     F(x): -0.02433393622 |  |Df(x)|: 0.03668415828 |  Stepsize: 0.02537987855 | 
# 24     F(x): -0.02757428560 |  |Df(x)|: 0.03517753081 |  Stepsize: 0.02434766576 | 
# 25     F(x): -0.03065117706 |  |Df(x)|: 0.03387647292 |  Stepsize: 0.02443213666 | 
# 26     F(x): -0.03361386505 |  |Df(x)|: 0.03227120035 |  Stepsize: 0.02383571321 | 
# 27     F(x): -0.03643576978 |  |Df(x)|: 0.03114341199 |  Stepsize: 0.02390816563 | 
# 28     F(x): -0.03914777360 |  |Df(x)|: 0.02966770123 |  Stepsize: 0.02306478253 | 
# 29     F(x): -0.04175320323 |  |Df(x)|: 0.02835992468 |  Stepsize: 0.02331031040 | 
# 30     F(x): -0.04424590697 |  |Df(x)|: 0.02711443816 |  Stepsize: 0.02398294987 | 
# 31     F(x): -0.04663517067 |  |Df(x)|: 0.02588595163 |  Stepsize: 0.02587203492 | 
# 32     F(x): -0.04893513350 |  |Df(x)|: 0.02442059699 |  Stepsize: 0.02724458317 | 
# 33     F(x): -0.05112532449 |  |Df(x)|: 0.02332700973 |  Stepsize: 0.02722879985 | 
# 34     F(x): -0.05322818960 |  |Df(x)|: 0.02194289274 |  Stepsize: 0.03306901192 | 
# 35     F(x): -0.05522272497 |  |Df(x)|: 0.02073924541 |  Stepsize: 0.03562091198 | 
# 36     F(x): -0.05711734951 |  |Df(x)|: 0.01957646990 |  Stepsize: 0.04037627636 | 
# 37     F(x): -0.05891334166 |  |Df(x)|: 0.01851193279 |  Stepsize: 0.03818350997 | 
# 38     F(x): -0.06061073970 |  |Df(x)|: 0.01750751141 |  Stepsize: 0.03752284804 | 
# 39     F(x): -0.06223209344 |  |Df(x)|: 0.01649762342 |  Stepsize: 0.04055137138 | 
# 40     F(x): -0.06376269543 |  |Df(x)|: 0.01558399769 |  Stepsize: 0.03850341318 | 
# 41     F(x): -0.06521582471 |  |Df(x)|: 0.01462444728 |  Stepsize: 0.04916352123 | 
# 42     F(x): -0.06658116979 |  |Df(x)|: 0.01405719500 |  Stepsize: 0.04512307375 | 
# 43     F(x): -0.06788536742 |  |Df(x)|: 0.01328324644 |  Stepsize: 0.04912891740 | 
# 44     F(x): -0.06911326663 |  |Df(x)|: 0.01272237864 |  Stepsize: 0.04508898232 | 
# 45     F(x): -0.07028044494 |  |Df(x)|: 0.01209970971 |  Stepsize: 0.05185656142 | 
# 46     F(x): -0.07138328509 |  |Df(x)|: 0.01164319653 |  Stepsize: 0.04799230044 | 
# 47     F(x): -0.07242889260 |  |Df(x)|: 0.01116778656 |  Stepsize: 0.05068393729 | 
# 48     F(x): -0.07342223002 |  |Df(x)|: 0.01076631822 |  Stepsize: 0.05006714902 | 
# 49     F(x): -0.07436365461 |  |Df(x)|: 0.01044351470 |  Stepsize: 0.04818412864 | 
# 50     F(x): -0.07525659090 |  |Df(x)|: 0.01026522393 |  Stepsize: 0.04991116080 | 
# 51     F(x): -0.07610984450 |  |Df(x)|: 0.00980347617 |  Stepsize: 0.04853828337 | 
# 52     F(x): -0.07690480201 |  |Df(x)|: 0.01028533767 |  Stepsize: 0.05043375535 | 
# 53     F(x): -0.07767748984 |  |Df(x)|: 0.00983476366 |  Stepsize: 0.04938362309 | 
# 54     F(x): -0.07838430386 |  |Df(x)|: 0.01152937974 |  Stepsize: 0.05236776046 | 
# 55     F(x): -0.07906958532 |  |Df(x)|: 0.01140795233 |  Stepsize: 0.04880386954 | 
# 56     F(x): -0.07972039953 |  |Df(x)|: 0.01347920892 |  Stepsize: 0.04968457146 | 
# 57     F(x): -0.08034488455 |  |Df(x)|: 0.01328240419 |  Stepsize: 0.04718634204 | 
# 58     F(x): -0.08099419951 |  |Df(x)|: 0.01184813021 |  Stepsize: 0.05126902706 | 
# 59     F(x): -0.08160516589 |  |Df(x)|: 0.01102405406 |  Stepsize: 0.05021389604 | 
# 60     F(x): -0.08218439328 |  |Df(x)|: 0.01177351981 |  Stepsize: 0.03735839249 | 
# 61     F(x): -0.08276577603 |  |Df(x)|: 0.01067465350 |  Stepsize: 0.03779903307 | 
# 62     F(x): -0.08331645218 |  |Df(x)|: 0.01033751212 |  Stepsize: 0.04295931301 | 
# 63     F(x): -0.08385864047 |  |Df(x)|: 0.00989715820 |  Stepsize: 0.04360890145 | 
# 64     F(x): -0.08437673529 |  |Df(x)|: 0.00896241585 |  Stepsize: 0.03923318062 | 
# 65     F(x): -0.08486920204 |  |Df(x)|: 0.00938977199 |  Stepsize: 0.05961670862 | 
# 66     F(x): -0.08534887494 |  |Df(x)|: 0.00804349655 |  Stepsize: 0.03984007494 | 
# 67     F(x): -0.08580089541 |  |Df(x)|: 0.00803055643 |  Stepsize: 0.07588601608 | 
# 68     F(x): -0.08622837393 |  |Df(x)|: 0.00694514326 |  Stepsize: 0.04864566014 | 
# 69     F(x): -0.08663492342 |  |Df(x)|: 0.00632580814 |  Stepsize: 0.09236381522 | 
# 70     F(x): -0.08701913059 |  |Df(x)|: 0.00626973437 |  Stepsize: 0.08678171339 | 
# 71     F(x): -0.08739042746 |  |Df(x)|: 0.00549720508 |  Stepsize: 0.06985527644 | 
# 72     F(x): -0.08773575928 |  |Df(x)|: 0.00524438233 |  Stepsize: 0.09500304709 | 
# 73     F(x): -0.08805837034 |  |Df(x)|: 0.00596030684 |  Stepsize: 0.07473886345 | 
# 74     F(x): -0.08836627319 |  |Df(x)|: 0.00534705324 |  Stepsize: 0.11477960045 | 
# 75     F(x): -0.08864758317 |  |Df(x)|: 0.00765486201 |  Stepsize: 0.08854027127 | 
# 76     F(x): -0.08892282322 |  |Df(x)|: 0.00664889229 |  Stepsize: 0.14227758510 | 
# 77     F(x): -0.08917900352 |  |Df(x)|: 0.00755432703 |  Stepsize: 0.09931276744 | 
# 78     F(x): -0.08942741510 |  |Df(x)|: 0.00637925507 |  Stepsize: 0.12877059454 | 
# 79     F(x): -0.08965918517 |  |Df(x)|: 0.00649061372 |  Stepsize: 0.09451331186 | 
# 80     F(x): -0.08987505354 |  |Df(x)|: 0.00574524419 |  Stepsize: 0.10419701763 | 
# 81     F(x): -0.09007771250 |  |Df(x)|: 0.00572323185 |  Stepsize: 0.10311801243 | 
# 82     F(x): -0.09030420196 |  |Df(x)|: 0.00496312525 |  Stepsize: 0.10039104893 | 
# 83     F(x): -0.09051167124 |  |Df(x)|: 0.00475614318 |  Stepsize: 0.09079561519 | 
# 84     F(x): -0.09073240589 |  |Df(x)|: 0.00444988739 |  Stepsize: 0.09080503969 | 
# 85     F(x): -0.09094610164 |  |Df(x)|: 0.00429937847 |  Stepsize: 0.06783103947 | 
# 86     F(x): -0.09115373402 |  |Df(x)|: 0.00493277789 |  Stepsize: 0.05346202637 | 
# 87     F(x): -0.09136385420 |  |Df(x)|: 0.00468671425 |  Stepsize: 0.07043108663 | 
# 88     F(x): -0.09156277605 |  |Df(x)|: 0.00537357019 |  Stepsize: 0.06321903562 | 
# 89     F(x): -0.09175935264 |  |Df(x)|: 0.00524303564 |  Stepsize: 0.06796660608 | 
# 90     F(x): -0.09194467866 |  |Df(x)|: 0.00641843880 |  Stepsize: 0.07750761839 | 
# 91     F(x): -0.09211464307 |  |Df(x)|: 0.00667195778 |  Stepsize: 0.06328679366 | 
# 92     F(x): -0.09229528209 |  |Df(x)|: 0.00647386237 |  Stepsize: 0.08699548112 | 
# 93     F(x): -0.09246158904 |  |Df(x)|: 0.00585466242 |  Stepsize: 0.07153703582 | 
# 94     F(x): -0.09262873336 |  |Df(x)|: 0.00561761400 |  Stepsize: 0.11526213246 | 
# 95     F(x): -0.09278816507 |  |Df(x)|: 0.00504803136 |  Stepsize: 0.09851483353 | 
# 96     F(x): -0.09294311498 |  |Df(x)|: 0.00479191060 |  Stepsize: 0.13914089962 | 
# 97     F(x): -0.09308061945 |  |Df(x)|: 0.00385006786 |  Stepsize: 0.12058936387 | 
# 98     F(x): -0.09322307360 |  |Df(x)|: 0.00356389081 |  Stepsize: 0.18332085615 | 
# 99     F(x): -0.09334642409 |  |Df(x)|: 0.00366460758 |  Stepsize: 0.17494936188 | 
# 100    F(x): -0.09347670601 |  |Df(x)|: 0.00308400143 |  Stepsize: 0.28191714880 | 
# 101    F(x): -0.09359054403 |  |Df(x)|: 0.00445049761 |  Stepsize: 0.24282958847 | 
# 102    F(x): -0.09370691685 |  |Df(x)|: 0.00313503895 |  Stepsize: 0.28971848381 | 
# 103    F(x): -0.09380644625 |  |Df(x)|: 0.00335606125 |  Stepsize: 0.29147426439 | 
# 104    F(x): -0.09389001507 |  |Df(x)|: 0.00486989384 |  Stepsize: 0.21502760487 | 
# 105    F(x): -0.09397352592 |  |Df(x)|: 0.00516378493 |  Stepsize: 0.29414664833 | 
# 106    F(x): -0.09406918841 |  |Df(x)|: 0.00573105373 |  Stepsize: 0.15809086429 | 
# 107    F(x): -0.09416397249 |  |Df(x)|: 0.00547172906 |  Stepsize: 0.20858028467 | 
# 108    F(x): -0.09427580772 |  |Df(x)|: 0.00501930865 |  Stepsize: 0.18722036538 | 
# 109    F(x): -0.09439029334 |  |Df(x)|: 0.00464359850 |  Stepsize: 0.13185329979 | 
# 110    F(x): -0.09449822544 |  |Df(x)|: 0.00391955873 |  Stepsize: 0.15534646027 | 
# 111    F(x): -0.09460463128 |  |Df(x)|: 0.00399972382 |  Stepsize: 0.15523731540 | 
# 112    F(x): -0.09470477462 |  |Df(x)|: 0.00304592754 |  Stepsize: 0.17656278045 | 
# 113    F(x): -0.09479581029 |  |Df(x)|: 0.00268329384 |  Stepsize: 0.20776436988 | 
# 114    F(x): -0.09488029747 |  |Df(x)|: 0.00332727671 |  Stepsize: 0.24212992638 | 
# 115    F(x): -0.09495341854 |  |Df(x)|: 0.00321030538 |  Stepsize: 0.20177366453 | 
# 116    F(x): -0.09502955433 |  |Df(x)|: 0.00429498509 |  Stepsize: 0.22972161076 | 
# 117    F(x): -0.09510812996 |  |Df(x)|: 0.00364738413 |  Stepsize: 0.33016978449 | 
# 118    F(x): -0.09518892476 |  |Df(x)|: 0.00382875116 |  Stepsize: 0.25941919686 | 
# 119    F(x): -0.09527672086 |  |Df(x)|: 0.00301255237 |  Stepsize: 0.19910003920 | 
# 120    F(x): -0.09536606198 |  |Df(x)|: 0.00283997551 |  Stepsize: 0.25743118047 | 
# 121    F(x): -0.09544429774 |  |Df(x)|: 0.00286570974 |  Stepsize: 0.20043711924 | 
# 122    F(x): -0.09553089467 |  |Df(x)|: 0.00230559566 |  Stepsize: 0.33821971093 | 
# 123    F(x): -0.09560270884 |  |Df(x)|: 0.00299062048 |  Stepsize: 0.31840238675 | 
# 124    F(x): -0.09567624248 |  |Df(x)|: 0.00225982102 |  Stepsize: 0.36357092223 | 
# 125    F(x): -0.09574024264 |  |Df(x)|: 0.00247229768 |  Stepsize: 0.44282284266 | 
# 126    F(x): -0.09579614123 |  |Df(x)|: 0.00330703649 |  Stepsize: 0.40769764122 | 
# 127    F(x): -0.09584635262 |  |Df(x)|: 0.00263169097 |  Stepsize: 0.55252219494 | 
# 128    F(x): -0.09589592011 |  |Df(x)|: 0.00460780557 |  Stepsize: 0.53928375915 | 
# 129    F(x): -0.09595874549 |  |Df(x)|: 0.00300429385 |  Stepsize: 0.71916250388 | 
# 130    F(x): -0.09604206436 |  |Df(x)|: 0.00232191671 |  Stepsize: 1.00000000000 | 
# 131    F(x): -0.09611781604 |  |Df(x)|: 0.00273528192 |  Stepsize: 1.00000000000 | 
# 132    F(x): -0.09617315019 |  |Df(x)|: 0.00273921267 |  Stepsize: 0.55562952229 | 
# 133    F(x): -0.09624688761 |  |Df(x)|: 0.00273787305 |  Stepsize: 0.97505958606 | 
# 134    F(x): -0.09629520543 |  |Df(x)|: 0.00270284841 |  Stepsize: 0.38529619707 | 
# 135    F(x): -0.09636798238 |  |Df(x)|: 0.00226344964 |  Stepsize: 0.86744104345 | 
# 136    F(x): -0.09642441569 |  |Df(x)|: 0.00305339665 |  Stepsize: 0.50621610136 | 
# 137    F(x): -0.09648351641 |  |Df(x)|: 0.00245025318 |  Stepsize: 0.48937393763 | 
# 138    F(x): -0.09654437476 |  |Df(x)|: 0.00276847797 |  Stepsize: 0.39193640894 | 
# 139    F(x): -0.09660248688 |  |Df(x)|: 0.00230994699 |  Stepsize: 0.38833646507 | 
# 140    F(x): -0.09666536923 |  |Df(x)|: 0.00221859630 |  Stepsize: 0.55393577796 | 
# 141    F(x): -0.09672444072 |  |Df(x)|: 0.00284361435 |  Stepsize: 0.40666253285 | 
# 142    F(x): -0.09679661612 |  |Df(x)|: 0.00245048264 |  Stepsize: 0.48792367964 | 
# 143    F(x): -0.09685171789 |  |Df(x)|: 0.00272087396 |  Stepsize: 0.32912646183 | 
# 144    F(x): -0.09692071369 |  |Df(x)|: 0.00263609228 |  Stepsize: 0.40260862821 | 
# 145    F(x): -0.09696162956 |  |Df(x)|: 0.00267063973 |  Stepsize: 0.21168212774 | 
# 146    F(x): -0.09702972783 |  |Df(x)|: 0.00213333152 |  Stepsize: 0.97316468867 | 
# 147    F(x): -0.09708609597 |  |Df(x)|: 0.00368487535 |  Stepsize: 0.85007768854 | 
# 148    F(x): -0.09713466848 |  |Df(x)|: 0.00271841860 |  Stepsize: 0.57621487642 | 
# 149    F(x): -0.09719409049 |  |Df(x)|: 0.00238866468 |  Stepsize: 1.00000000000 | 
# 150    F(x): -0.09724172845 |  |Df(x)|: 0.00245094067 |  Stepsize: 0.94005552368 | 
At iteration 150 the algorithm reached its maximal number of iterations (150).
after: zeta = 10.0, f = -0.04690229304876518, pen = 0.0024182467211718295, alm = -0.09852401785820417, z = 0.04690229304876518
cur_pen: 0.04917567204596018 < 1.0e-5, norm_vgl: 0.03371269059696191<1.0e-5
Initial  F(x): -0.03806784983 | 
# 1      F(x): -0.04279291438 |  |Df(x)|: 0.04745511141 |  Stepsize: 1.00000000000 | 
# 2      F(x): -0.04636535285 |  |Df(x)|: 0.04036872924 |  Stepsize: 0.90005256857 | 
# 3      F(x): -0.04938805085 |  |Df(x)|: 0.04018790241 |  Stepsize: 0.38566470824 | 
# 4      F(x): -0.05216965948 |  |Df(x)|: 0.03838319579 |  Stepsize: 0.17788986260 | 
# 5      F(x): -0.05472981435 |  |Df(x)|: 0.03604443189 |  Stepsize: 0.12560735134 | 
# 6      F(x): -0.05704589127 |  |Df(x)|: 0.03292807896 |  Stepsize: 0.12509369336 | 
# 7      F(x): -0.05909315380 |  |Df(x)|: 0.02990172012 |  Stepsize: 0.11564959611 | 
# 8      F(x): -0.06092510605 |  |Df(x)|: 0.02610248329 |  Stepsize: 0.11951526320 | 
# 9      F(x): -0.06248380512 |  |Df(x)|: 0.02294465692 |  Stepsize: 0.13919505941 | 
# 10     F(x): -0.06381983396 |  |Df(x)|: 0.01884854241 |  Stepsize: 0.14483065236 | 
# 11     F(x): -0.06492176722 |  |Df(x)|: 0.01533535670 |  Stepsize: 0.18896511350 | 
# 12     F(x): -0.06578546945 |  |Df(x)|: 0.01296140864 |  Stepsize: 0.20957769209 | 
# 13     F(x): -0.06648884620 |  |Df(x)|: 0.00938683843 |  Stepsize: 0.25015042308 | 
# 14     F(x): -0.06699607828 |  |Df(x)|: 0.00853943371 |  Stepsize: 0.32088429041 | 
# 15     F(x): -0.06736492082 |  |Df(x)|: 0.00776547738 |  Stepsize: 0.35761298263 | 
# 16     F(x): -0.06763012882 |  |Df(x)|: 0.00662922959 |  Stepsize: 0.54827360820 | 
# 17     F(x): -0.06780547326 |  |Df(x)|: 0.00934092773 |  Stepsize: 0.73171898472 | 
# 18     F(x): -0.06800523634 |  |Df(x)|: 0.00629195299 |  Stepsize: 1.00000000000 | 
# 19     F(x): -0.06818291656 |  |Df(x)|: 0.00525310860 |  Stepsize: 1.00000000000 | 
# 20     F(x): -0.06827324641 |  |Df(x)|: 0.01012499907 |  Stepsize: 1.00000000000 | 
# 21     F(x): -0.06837321960 |  |Df(x)|: 0.00494340279 |  Stepsize: 1.00000000000 | 
# 22     F(x): -0.06841838086 |  |Df(x)|: 0.00366846577 |  Stepsize: 1.00000000000 | 
# 23     F(x): -0.06850081335 |  |Df(x)|: 0.00338386100 |  Stepsize: 1.00000000000 | 
# 24     F(x): -0.06852243274 |  |Df(x)|: 0.00918905167 |  Stepsize: 1.00000000000 | 
# 25     F(x): -0.06858294738 |  |Df(x)|: 0.00346484463 |  Stepsize: 1.00000000000 | 
# 26     F(x): -0.06861005484 |  |Df(x)|: 0.00240701109 |  Stepsize: 1.00000000000 | 
# 27     F(x): -0.06863932854 |  |Df(x)|: 0.00296976017 |  Stepsize: 1.00000000000 | 
# 28     F(x): -0.06867772179 |  |Df(x)|: 0.00415853220 |  Stepsize: 1.00000000000 | 
# 29     F(x): -0.06870544141 |  |Df(x)|: 0.00475438503 |  Stepsize: 1.00000000000 | 
# 30     F(x): -0.06873285765 |  |Df(x)|: 0.00222428317 |  Stepsize: 1.00000000000 | 
# 31     F(x): -0.06875179870 |  |Df(x)|: 0.00252264056 |  Stepsize: 1.00000000000 | 
# 32     F(x): -0.06877476526 |  |Df(x)|: 0.00286606935 |  Stepsize: 1.00000000000 | 
# 33     F(x): -0.06880157483 |  |Df(x)|: 0.00645162240 |  Stepsize: 1.00000000000 | 
# 34     F(x): -0.06883739393 |  |Df(x)|: 0.00249208591 |  Stepsize: 1.00000000000 | 
# 35     F(x): -0.06885255810 |  |Df(x)|: 0.00187979358 |  Stepsize: 1.00000000000 | 
# 36     F(x): -0.06887495293 |  |Df(x)|: 0.00250972829 |  Stepsize: 1.00000000000 | 
# 37     F(x): -0.06889662859 |  |Df(x)|: 0.00405190663 |  Stepsize: 1.00000000000 | 
# 38     F(x): -0.06892353933 |  |Df(x)|: 0.00272350264 |  Stepsize: 1.00000000000 | 
# 39     F(x): -0.06895527642 |  |Df(x)|: 0.00234553236 |  Stepsize: 1.00000000000 | 
# 40     F(x): -0.06897588088 |  |Df(x)|: 0.00382068577 |  Stepsize: 1.00000000000 | 
# 41     F(x): -0.06899820247 |  |Df(x)|: 0.00290196281 |  Stepsize: 1.00000000000 | 
# 42     F(x): -0.06903036216 |  |Df(x)|: 0.00259408849 |  Stepsize: 1.00000000000 | 
# 43     F(x): -0.06905233577 |  |Df(x)|: 0.00402948277 |  Stepsize: 1.00000000000 | 
# 44     F(x): -0.06907486657 |  |Df(x)|: 0.00273800603 |  Stepsize: 1.00000000000 | 
# 45     F(x): -0.06910124444 |  |Df(x)|: 0.00238591747 |  Stepsize: 1.00000000000 | 
# 46     F(x): -0.06912219719 |  |Df(x)|: 0.00296103656 |  Stepsize: 1.00000000000 | 
# 47     F(x): -0.06914392725 |  |Df(x)|: 0.00322774173 |  Stepsize: 1.00000000000 | 
# 48     F(x): -0.06916285813 |  |Df(x)|: 0.00215776844 |  Stepsize: 1.00000000000 | 
# 49     F(x): -0.06918365081 |  |Df(x)|: 0.00212010041 |  Stepsize: 1.00000000000 | 
# 50     F(x): -0.06920172420 |  |Df(x)|: 0.00251451601 |  Stepsize: 1.00000000000 | 
# 51     F(x): -0.06922159237 |  |Df(x)|: 0.00325568944 |  Stepsize: 1.00000000000 | 
# 52     F(x): -0.06923726863 |  |Df(x)|: 0.00218891703 |  Stepsize: 1.00000000000 | 
# 53     F(x): -0.06924985038 |  |Df(x)|: 0.00194115637 |  Stepsize: 1.00000000000 | 
# 54     F(x): -0.06926438839 |  |Df(x)|: 0.00203256694 |  Stepsize: 1.00000000000 | 
# 55     F(x): -0.06928096688 |  |Df(x)|: 0.00310588890 |  Stepsize: 1.00000000000 | 
# 56     F(x): -0.06929539333 |  |Df(x)|: 0.00182175524 |  Stepsize: 1.00000000000 | 
# 57     F(x): -0.06930471767 |  |Df(x)|: 0.00174301883 |  Stepsize: 1.00000000000 | 
At iteration 57 the algorithm performed a step with an absolute cost change (9.324337297264562e-6) less than 1.0e-5.after: zeta = 25.0, f = -0.04818609158826539, pen = 0.00037733041575069125, alm = -0.06934463352949301, z = 0.04818609158826539
cur_pen: 0.01942499461391666 < 1.0e-5, norm_vgl: 0.02368291117358774<1.0e-5
Initial  F(x): -0.04576148255 | 
# 1      F(x): -0.04750981315 |  |Df(x)|: 0.06027359029 |  Stepsize: 1.00000000000 | 
# 2      F(x): -0.04924689436 |  |Df(x)|: 0.05152963038 |  Stepsize: 1.00000000000 | 
# 3      F(x): -0.05174313608 |  |Df(x)|: 0.03927336605 |  Stepsize: 0.50789934441 | 
# 4      F(x): -0.05342467017 |  |Df(x)|: 0.03803473316 |  Stepsize: 0.43190210580 | 
# 5      F(x): -0.05467251729 |  |Df(x)|: 0.02199924500 |  Stepsize: 0.55653992256 | 
# 6      F(x): -0.05539982677 |  |Df(x)|: 0.02293868263 |  Stepsize: 0.96707635366 | 
# 7      F(x): -0.05596731810 |  |Df(x)|: 0.02238614608 |  Stepsize: 1.00000000000 | 
# 8      F(x): -0.05649226288 |  |Df(x)|: 0.01763052646 |  Stepsize: 1.00000000000 | 
# 9      F(x): -0.05679096326 |  |Df(x)|: 0.02041840016 |  Stepsize: 1.00000000000 | 
# 10     F(x): -0.05701568820 |  |Df(x)|: 0.01223985912 |  Stepsize: 1.00000000000 | 
# 11     F(x): -0.05721850362 |  |Df(x)|: 0.01179603023 |  Stepsize: 1.00000000000 | 
# 12     F(x): -0.05741332694 |  |Df(x)|: 0.01153093166 |  Stepsize: 1.00000000000 | 
# 13     F(x): -0.05751130666 |  |Df(x)|: 0.01506666902 |  Stepsize: 0.50000000000 | 
# 14     F(x): -0.05762764448 |  |Df(x)|: 0.00783089505 |  Stepsize: 1.00000000000 | 
# 15     F(x): -0.05770995449 |  |Df(x)|: 0.00663159256 |  Stepsize: 1.00000000000 | 
# 16     F(x): -0.05778137558 |  |Df(x)|: 0.00758726820 |  Stepsize: 1.00000000000 | 
# 17     F(x): -0.05780121874 |  |Df(x)|: 0.01447610510 |  Stepsize: 1.00000000000 | 
# 18     F(x): -0.05786167322 |  |Df(x)|: 0.00457507136 |  Stepsize: 1.00000000000 | 
# 19     F(x): -0.05788090678 |  |Df(x)|: 0.00381810566 |  Stepsize: 1.00000000000 | 
# 20     F(x): -0.05790765051 |  |Df(x)|: 0.00434412104 |  Stepsize: 1.00000000000 | 
# 21     F(x): -0.05793066193 |  |Df(x)|: 0.00746456253 |  Stepsize: 1.00000000000 | 
# 22     F(x): -0.05795378171 |  |Df(x)|: 0.00309046025 |  Stepsize: 1.00000000000 | 
# 23     F(x): -0.05796366572 |  |Df(x)|: 0.00246750228 |  Stepsize: 1.00000000000 | 
At iteration 23 the algorithm performed a step with an absolute cost change (9.884016722444544e-6) less than 1.0e-5.after: zeta = 62.5, f = -0.05238293656631745, pen = 5.8337468112769116e-5, alm = -0.059030108576074616, z = 0.05238293656631745
cur_pen: 0.007637896838316757 < 1.0e-5, norm_vgl: 0.01552632585705604<1.0e-5
Initial  F(x): -0.05757167187 | 
# 1      F(x): -0.05840648679 |  |Df(x)|: 0.01173520143 |  Stepsize: 1.00000000000 | 
# 2      F(x): -0.05847803455 |  |Df(x)|: 0.00326652128 |  Stepsize: 1.00000000000 | 
# 3      F(x): -0.05848695076 |  |Df(x)|: 0.00275715715 |  Stepsize: 1.00000000000 | 
At iteration 3 the algorithm performed a step with an absolute cost change (8.916208817141835e-6) less than 1.0e-5.after: zeta = 25.0, f = -0.056335057704314774, pen = 4.638673285546036e-5, alm = -0.05886522974697049, z = 0.056335057704314774
cur_pen: 0.006810780634806876 < 1.0e-5, norm_vgl: 0.024895861967743946<1.0e-5
Initial  F(x): -0.05840136242 | 
# 1      F(x): -0.05869084087 |  |Df(x)|: 0.01092174689 |  Stepsize: 1.00000000000 | 
# 2      F(x): -0.05883739523 |  |Df(x)|: 0.00439940410 |  Stepsize: 1.00000000000 | 
# 3      F(x): -0.05886059963 |  |Df(x)|: 0.00296207835 |  Stepsize: 1.00000000000 | 
# 4      F(x): -0.05892130331 |  |Df(x)|: 0.00342390722 |  Stepsize: 1.00000000000 | 
# 5      F(x): -0.05898588404 |  |Df(x)|: 0.00419198889 |  Stepsize: 1.00000000000 | 
# 6      F(x): -0.05907367676 |  |Df(x)|: 0.00623836861 |  Stepsize: 1.00000000000 | 
# 7      F(x): -0.05915360802 |  |Df(x)|: 0.00473872335 |  Stepsize: 0.88631772906 | 
# 8      F(x): -0.05921274236 |  |Df(x)|: 0.00278597399 |  Stepsize: 1.00000000000 | 
# 9      F(x): -0.05927054788 |  |Df(x)|: 0.00325616154 |  Stepsize: 1.00000000000 | 
# 10     F(x): -0.05931658097 |  |Df(x)|: 0.00331945083 |  Stepsize: 1.00000000000 | 
# 11     F(x): -0.05939567429 |  |Df(x)|: 0.00327854516 |  Stepsize: 0.60121525487 | 
# 12     F(x): -0.05944778872 |  |Df(x)|: 0.00359599661 |  Stepsize: 0.32143085841 | 
# 13     F(x): -0.05950004584 |  |Df(x)|: 0.00165712639 |  Stepsize: 0.93716130999 | 
# 14     F(x): -0.05952377913 |  |Df(x)|: 0.00165228142 |  Stepsize: 1.00000000000 | 
# 15     F(x): -0.05956231837 |  |Df(x)|: 0.00271945363 |  Stepsize: 1.00000000000 | 
# 16     F(x): -0.05959123665 |  |Df(x)|: 0.00295548772 |  Stepsize: 1.00000000000 | 
# 17     F(x): -0.05961633580 |  |Df(x)|: 0.00177378948 |  Stepsize: 1.00000000000 | 
# 18     F(x): -0.05964594162 |  |Df(x)|: 0.00163820343 |  Stepsize: 1.00000000000 | 
# 19     F(x): -0.05966084698 |  |Df(x)|: 0.00182707848 |  Stepsize: 1.00000000000 | 
# 20     F(x): -0.05968204103 |  |Df(x)|: 0.00151922867 |  Stepsize: 0.95884302146 | 
# 21     F(x): -0.05969446027 |  |Df(x)|: 0.00174349097 |  Stepsize: 1.00000000000 | 
# 22     F(x): -0.05970379144 |  |Df(x)|: 0.00109995037 |  Stepsize: 1.00000000000 | 
At iteration 22 the algorithm performed a step with an absolute cost change (9.331175006885295e-6) less than 1.0e-5.after: zeta = 10.0, f = -0.061814432368162135, pen = 6.675806617393587e-5, alm = -0.059994644549598686, z = 0.061814432368162135
cur_pen: 0.008170560946100082 < 1.0e-5, norm_vgl: 0.024915802598618524<1.0e-5
Initial  F(x): -0.05972761228 | 
# 1      F(x): -0.05989369134 |  |Df(x)|: 0.01059301093 |  Stepsize: 1.00000000000 | 
# 2      F(x): -0.06010308850 |  |Df(x)|: 0.00426186116 |  Stepsize: 1.00000000000 | 
# 3      F(x): -0.06012834575 |  |Df(x)|: 0.00098904320 |  Stepsize: 1.00000000000 | 
# 4      F(x): -0.06013075638 |  |Df(x)|: 0.00077061418 |  Stepsize: 1.00000000000 | 
At iteration 4 the algorithm performed a step with an absolute cost change (2.4106319685898714e-6) less than 1.0e-5.after: zeta = 4.0, f = -0.06829010723274183, pen = 0.00019265213401542985, alm = -0.06029325204224174, z = 0.06829010723274183
cur_pen: 0.01387991837207373 < 1.0e-5, norm_vgl: 0.021756272633085758<1.0e-5
Initial  F(x): -0.05998500863 | 
# 1      F(x): -0.06004970002 |  |Df(x)|: 0.00729415359 |  Stepsize: 1.00000000000 | 
# 2      F(x): -0.06023115636 |  |Df(x)|: 0.00316903249 |  Stepsize: 1.00000000000 | 
# 3      F(x): -0.06025631750 |  |Df(x)|: 0.00083279146 |  Stepsize: 1.00000000000 | 
# 4      F(x): -0.06025978672 |  |Df(x)|: 0.00069749410 |  Stepsize: 1.00000000000 | 
At iteration 4 the algorithm performed a step with an absolute cost change (3.4692180783738036e-6) less than 1.0e-5.after: zeta = 1.6, f = -0.07661545733192753, pen = 0.0005211067137249414, alm = -0.06036721947708204, z = 0.07661545733192753
cur_pen: 0.02282776190792565 < 1.0e-5, norm_vgl: 0.016616532964078275<1.0e-5
Initial  F(x): -0.05828279262 | 
# 1      F(x): -0.05861122312 |  |Df(x)|: 0.01109888107 |  Stepsize: 1.00000000000 | 
# 2      F(x): -0.05878052427 |  |Df(x)|: 0.00208188505 |  Stepsize: 1.00000000000 | 
# 3      F(x): -0.05879082691 |  |Df(x)|: 0.00130911015 |  Stepsize: 1.00000000000 | 
# 4      F(x): -0.05880069616 |  |Df(x)|: 0.00150507160 |  Stepsize: 1.00000000000 | 
At iteration 4 the algorithm performed a step with an absolute cost change (9.869245577116825e-6) less than 1.0e-5.after: zeta = 4.0, f = -0.06895303474689608, pen = 0.0002049435015594787, alm = -0.05902820794724908, z = 0.06895303474689608
cur_pen: 0.0143158479161899 < 1.0e-5, norm_vgl: 0.009018143445949292<1.0e-5
clear non persistent states 32
1702 pure states
LP relaxation created--
solve--
end solve-- RelaxOptimal OPTIMAL
 weights_sum: 1.0000000551909891
itereffortlevel: 0
--separating...
--find a better primal bound 0.5718813189107138 by Alternative descent Eigen
--found a cut state by heuristic 0.5718813189107138 0.13860856863248597 
iteration: 0,  #states: 1702, valueb: 0.13860856863248597, activeness: 0.5718813189107138, primalobj: 0.9415508153426546, dualobj: -Inf
solve--
end solve-- RelaxOptimal OPTIMAL
 weights_sum: 0.9999999999999991
itereffortlevel: 0
--separating...
--find a better primal bound 0.5394519202928897 by Alternative descent Eigen
--found a cut state by heuristic 0.5394519202928897 0.02035297655787682 
iteration: 1,  #states: 1703, valueb: 0.02035297655787682, activeness: 0.5394519202928897, primalobj: 0.9415477714228615, dualobj: -Inf
solve--
end solve-- RelaxOptimal OPTIMAL
 weights_sum: 1.0
itereffortlevel: 0
--separating...
--find a better primal bound 0.7251431789684248 by Alternative descent Eigen
--found a cut state by heuristic 0.7251431789684248 0.060228421977226686 
iteration: 2,  #states: 1704, valueb: 0.060228421977226686, activeness: 0.7251431789684248, primalobj: 0.9415440630988107, dualobj: -Inf
solve--
end solve-- RelaxOptimal OPTIMAL
 weights_sum: 1.0000000000000013
itereffortlevel: 0
--separating...
--find a better primal bound 0.49452730468237166 by Alternative descent Eigen
--found a cut state by heuristic 0.49452730468237166 0.0521247257781926 
iteration: 3,  #states: 1705, valueb: 0.0521247257781926, activeness: 0.49452730468237166, primalobj: 0.9415417946986541, dualobj: -Inf
solve--
end solve-- RelaxOptimal OPTIMAL
 weights_sum: 1.0000036671613917
itereffortlevel: 0
--separating...
--find a better primal bound 0.843073550803096 by Alternative descent Eigen
--found a cut state by heuristic 0.843073550803096 0.11999669451413283 
iteration: 4,  #states: 1706, valueb: 0.11999669451413283, activeness: 0.843073550803096, primalobj: 0.9415407558227745, dualobj: -Inf
solve--
end solve-- RelaxOptimal OPTIMAL
 weights_sum: 0.9999999999999994
itereffortlevel: 0
--separating...
--find a better primal bound 0.6453366881441274 by Alternative descent Eigen
--found a cut state by heuristic 0.6453366881441274 0.07537313780743571 
iteration: 5,  #states: 1707, valueb: 0.07537313780743571, activeness: 0.6453366881441274, primalobj: 0.9415377819569953, dualobj: -Inf
solve--
end solve-- RelaxOptimal OPTIMAL
 weights_sum: 1.0000000000000004
itereffortlevel: 0
--separating...
--find a better primal bound 0.5391676414455979 by Alternative descent Eigen
--found a cut state by heuristic 0.5391676414455979 0.15049861390542857 
iteration: 6,  #states: 1708, valueb: 0.15049861390542857, activeness: 0.5391676414455979, primalobj: 0.9415352178543464, dualobj: -Inf
solve--
end solve-- RelaxOptimal OPTIMAL
 weights_sum: 1.0000002267869286
itereffortlevel: 0
--separating...
--find a better primal bound 0.4350464424989474 by Alternative descent Eigen
--found a cut state by heuristic 0.4350464424989474 0.07418871063734477 
iteration: 7,  #states: 1709, valueb: 0.07418871063734477, activeness: 0.4350464424989474, primalobj: 0.9415335903280554, dualobj: -Inf
solve--
end solve-- RelaxOptimal OPTIMAL
 weights_sum: 1.0000034629164214
itereffortlevel: 0
--separating...
--find a better primal bound 0.36082447917597893 by Alternative descent Eigen
--found a cut state by heuristic 0.36082447917597893 0.0809862778357751 
iteration: 8,  #states: 1710, valueb: 0.0809862778357751, activeness: 0.36082447917597893, primalobj: 0.9415325353374596, dualobj: -Inf
solve--
end solve-- RelaxOptimal OPTIMAL
 weights_sum: 1.0000000893910734
itereffortlevel: 0
--separating...
--find a better primal bound 0.33951054259923663 by Alternative descent Eigen
--found a cut state by heuristic 0.33951054259923663 0.06297116859353223 
iteration: 9,  #states: 1711, valueb: 0.06297116859353223, activeness: 0.33951054259923663, primalobj: 0.9415314481829078, dualobj: -Inf
solve--
end solve-- RelaxOptimal OPTIMAL
 weights_sum: 1.0000005016896516
itereffortlevel: 0
--separating...
--find a better primal bound 0.6152513600670566 by Alternative descent Eigen
--found a cut state by heuristic 0.6152513600670566 0.10970341398618162 
iteration: 10,  #states: 1712, valueb: 0.10970341398618162, activeness: 0.6152513600670566, primalobj: 0.9415302044758649, dualobj: -Inf
solve--
end solve-- RelaxOptimal OPTIMAL
 weights_sum: 1.0000000000000007
itereffortlevel: 0
--separating...
--find a better primal bound 0.3738604674006868 by Alternative descent Eigen
--found a cut state by heuristic 0.3738604674006868 0.09593262295622655 
iteration: 11,  #states: 1713, valueb: 0.09593262295622655, activeness: 0.3738604674006868, primalobj: 0.9415280396687044, dualobj: -Inf
solve--
end solve-- RelaxOptimal OPTIMAL
 weights_sum: 0.9999999999999992
itereffortlevel: 0
--separating...
--find a better primal bound 0.3326616948868716 by Alternative descent Eigen
--found a cut state by heuristic 0.3326616948868716 0.03765356606181183 
iteration: 12,  #states: 1714, valueb: 0.03765356606181183, activeness: 0.3326616948868716, primalobj: 0.9415270030855082, dualobj: -Inf
solve--
end solve-- RelaxOptimal OPTIMAL
 weights_sum: 1.0000000408135
itereffortlevel: 0
--separating...
--find a better primal bound 0.39943503169175454 by Alternative descent Eigen
--found a cut state by heuristic 0.39943503169175454 0.08101077735325447 
iteration: 13,  #states: 1715, valueb: 0.08101077735325447, activeness: 0.39943503169175454, primalobj: 0.9415262698772123, dualobj: -Inf
solve--
end solve-- RelaxOptimal OPTIMAL
 weights_sum: 1.0000000124636959
itereffortlevel: 0
--separating...
--find a better primal bound 0.4381525640619138 by Alternative descent Eigen
--found a cut state by heuristic 0.4381525640619138 0.08962954667881572 
iteration: 14,  #states: 1716, valueb: 0.08962954667881572, activeness: 0.4381525640619138, primalobj: 0.9415252933885487, dualobj: -Inf
solve--
end solve-- RelaxOptimal OPTIMAL
 weights_sum: 1.0000000601221417
itereffortlevel: 0
--separating...
--find a better primal bound 0.2738403931111595 by Alternative descent Eigen
--found a cut state by heuristic 0.2738403931111595 0.04949836204832955 
iteration: 15,  #states: 1717, valueb: 0.04949836204832955, activeness: 0.2738403931111595, primalobj: 0.9415232968267644, dualobj: -Inf
solve--
end solve-- RelaxOptimal OPTIMAL
 weights_sum: 1.0
itereffortlevel: 0
--separating...
--find a better primal bound 0.23660047196842504 by Alternative descent Eigen
--found a cut state by heuristic 0.23660047196842504 0.06018718416662999 
iteration: 16,  #states: 1718, valueb: 0.06018718416662999, activeness: 0.23660047196842504, primalobj: 0.9415226261304779, dualobj: -Inf
solve--
end solve-- RelaxOptimal OPTIMAL
 weights_sum: 0.9999999999999992
itereffortlevel: 0
--separating...
--find a better primal bound 0.39246291853478754 by Alternative descent Eigen
--found a cut state by heuristic 0.39246291853478754 0.09291866701758435 
iteration: 17,  #states: 1719, valueb: 0.09291866701758435, activeness: 0.39246291853478754, primalobj: 0.9415223573162158, dualobj: -Inf
solve--
end solve-- RelaxOptimal OPTIMAL
 weights_sum: 1.0000007536441369
itereffortlevel: 0
--separating...
--find a better primal bound 0.53626630890345 by Alternative descent Eigen
--found a cut state by heuristic 0.53626630890345 0.0716387028563985 
iteration: 18,  #states: 1720, valueb: 0.0716387028563985, activeness: 0.53626630890345, primalobj: 0.9415216496819844, dualobj: -Inf
solve--
end solve-- RelaxOptimal OPTIMAL
 weights_sum: 1.000000002095129
itereffortlevel: 0
--separating...
--find a better primal bound 0.21281579728233935 by Alternative descent Eigen
--found a cut state by heuristic 0.21281579728233935 0.009265562912645377 
iteration: 19,  #states: 1721, valueb: 0.009265562912645377, activeness: 0.21281579728233935, primalobj: 0.9415195270462265, dualobj: -Inf
solve--
end solve-- RelaxOptimal OPTIMAL
 weights_sum: 1.0000000319573152
itereffortlevel: 0
--separating...
--find a better primal bound 0.4047037886495626 by Alternative descent Eigen
--found a cut state by heuristic 0.4047037886495626 0.06337485500960695 
iteration: 20,  #states: 1722, valueb: 0.06337485500960695, activeness: 0.4047037886495626, primalobj: 0.9415191772717356, dualobj: -Inf
solve--
end solve-- RelaxOptimal OPTIMAL
 weights_sum: 1.0000000000000002
itereffortlevel: 0
--separating...
--find a better primal bound 0.5669672250112158 by Alternative descent Eigen
--found a cut state by heuristic 0.5669672250112158 0.0975290019429009 
iteration: 21,  #states: 1723, valueb: 0.0975290019429009, activeness: 0.5669672250112158, primalobj: 0.9415179589777032, dualobj: -Inf
solve--
end solve-- RelaxOptimal OPTIMAL
 weights_sum: 1.000000033793411
itereffortlevel: 0
--separating...
--find a better primal bound 0.4119768238975823 by Alternative descent Eigen
--found a cut state by heuristic 0.4119768238975823 0.11081201026431077 
iteration: 22,  #states: 1724, valueb: 0.11081201026431077, activeness: 0.4119768238975823, primalobj: 0.9415165088031536, dualobj: -Inf
solve--
end solve-- RelaxOptimal OPTIMAL
 weights_sum: 1.0
itereffortlevel: 0
--separating...
--find a better primal bound 0.46539958091785444 by Alternative descent Eigen
--found a cut state by heuristic 0.46539958091785444 0.14967556262579465 
iteration: 23,  #states: 1725, valueb: 0.14967556262579465, activeness: 0.46539958091785444, primalobj: 0.9415161025922657, dualobj: -Inf
solve--
end solve-- RelaxOptimal OPTIMAL
 weights_sum: 1.0000000321713443
itereffortlevel: 0
--separating...
--find a better primal bound 0.5204939984334401 by Alternative descent Eigen
--found a cut state by heuristic 0.5204939984334401 0.2019430012604467 
iteration: 24,  #states: 1726, valueb: 0.2019430012604467, activeness: 0.5204939984334401, primalobj: 0.9415143299732799, dualobj: -Inf
solve--
end solve-- RelaxOptimal OPTIMAL
 weights_sum: 1.0000000984532005
itereffortlevel: 0
--separating...
--find a better primal bound 0.5237069469528064 by Alternative descent Eigen
--found a cut state by heuristic 0.5237069469528064 0.12003222856242639 
iteration: 25,  #states: 1727, valueb: 0.12003222856242639, activeness: 0.5237069469528064, primalobj: 0.9415122945770946, dualobj: -Inf
solve--
end solve-- RelaxOptimal OPTIMAL
 weights_sum: 1.0000023413735906
itereffortlevel: 0
--separating...
--find a better primal bound 0.41551817571854305 by Alternative descent Eigen
--found a cut state by heuristic 0.41551817571854305 0.07968914689191943 
iteration: 26,  #states: 1728, valueb: 0.07968914689191943, activeness: 0.41551817571854305, primalobj: 0.9415109400043352, dualobj: -Inf
solve--
end solve-- RelaxOptimal OPTIMAL
 weights_sum: 1.000000000000001
itereffortlevel: 0
--separating...
--find a better primal bound 0.4309979452716045 by Alternative descent Eigen
--found a cut state by heuristic 0.4309979452716045 0.21254201860907027 
iteration: 27,  #states: 1729, valueb: 0.21254201860907027, activeness: 0.4309979452716045, primalobj: 0.9415094693415269, dualobj: -Inf
solve--
end solve-- RelaxOptimal OPTIMAL
 weights_sum: 1.0000000080629599
itereffortlevel: 0
--separating...
--find a better primal bound 0.5443756067153677 by Alternative descent Eigen
--found a cut state by heuristic 0.5443756067153677 0.17743142788466557 
iteration: 28,  #states: 1730, valueb: 0.17743142788466557, activeness: 0.5443756067153677, primalobj: 0.9415086103863068, dualobj: -Inf
solve--
end solve-- RelaxOptimal OPTIMAL
 weights_sum: 1.0000046196056394
itereffortlevel: 0
--separating...
--find a better primal bound 0.4156414047111452 by Alternative descent Eigen
--found a cut state by heuristic 0.4156414047111452 0.05460507545448669 
iteration: 29,  #states: 1731, valueb: 0.05460507545448669, activeness: 0.4156414047111452, primalobj: 0.9415069529614333, dualobj: -Inf
solve--
end solve-- RelaxOptimal OPTIMAL
 weights_sum: 0.9999999999999988
itereffortlevel: 0
--separating...
--find a better primal bound 0.1985193167413965 by Alternative descent Eigen
--found a cut state by heuristic 0.1985193167413965 0.035113666202110934 
iteration: 30,  #states: 1732, valueb: 0.035113666202110934, activeness: 0.1985193167413965, primalobj: 0.9415061669472063, dualobj: -Inf
solve--
end solve-- RelaxOptimal OPTIMAL
 weights_sum: 1.0000000405820608
itereffortlevel: 0
--separating...
--find a better primal bound 0.2907059863160305 by Alternative descent Eigen
--found a cut state by heuristic 0.2907059863160305 0.0800075802247608 
iteration: 31,  #states: 1733, valueb: 0.0800075802247608, activeness: 0.2907059863160305, primalobj: 0.9415053362435414, dualobj: -Inf
solve--
end solve-- RelaxOptimal OPTIMAL
 weights_sum: 1.000000003736191
itereffortlevel: 0
--separating...
--find a better primal bound 0.4268305432527453 by Alternative descent Eigen
--found a cut state by heuristic 0.4268305432527453 0.07058976825276471 
iteration: 32,  #states: 1734, valueb: 0.07058976825276471, activeness: 0.4268305432527453, primalobj: 0.9415050265727853, dualobj: -Inf
solve--
end solve-- RelaxOptimal OPTIMAL
 weights_sum: 0.9999999999999994
itereffortlevel: 0
--separating...
--find a better primal bound 0.3416380617831227 by Alternative descent Eigen
--found a cut state by heuristic 0.3416380617831227 0.10322723523936361 
iteration: 33,  #states: 1735, valueb: 0.10322723523936361, activeness: 0.3416380617831227, primalobj: 0.9415041804897009, dualobj: -Inf
solve--
end solve-- RelaxOptimal OPTIMAL
 weights_sum: 1.000000000000001
itereffortlevel: 0
--separating...
--find a better primal bound 0.25326177805100186 by Alternative descent Eigen
--found a cut state by heuristic 0.25326177805100186 0.08550689463858428 
iteration: 34,  #states: 1736, valueb: 0.08550689463858428, activeness: 0.25326177805100186, primalobj: 0.9415037204519174, dualobj: -Inf
solve--
end solve-- RelaxOptimal OPTIMAL
 weights_sum: 0.9999999999999993
itereffortlevel: 0
--separating...
--find a better primal bound 0.2437680552271433 by Alternative descent Eigen
--found a cut state by heuristic 0.2437680552271433 0.06894262330091687 
iteration: 35,  #states: 1737, valueb: 0.06894262330091687, activeness: 0.2437680552271433, primalobj: 0.9415033622983332, dualobj: -Inf
solve--
end solve-- RelaxOptimal OPTIMAL
 weights_sum: 0.9999999999999993
itereffortlevel: 0
--separating...
--find a better primal bound 0.3497679272220019 by Alternative descent Eigen
--found a cut state by heuristic 0.3497679272220019 0.06923470259451056 
iteration: 36,  #states: 1738, valueb: 0.06923470259451056, activeness: 0.3497679272220019, primalobj: 0.9415030543958606, dualobj: -Inf
solve--
end solve-- RelaxOptimal OPTIMAL
 weights_sum: 1.0000000814264232
itereffortlevel: 0
--separating...
--find a better primal bound 0.45007737081815546 by Alternative descent Eigen
--found a cut state by heuristic 0.45007737081815546 0.09204784399758717 
iteration: 37,  #states: 1739, valueb: 0.09204784399758717, activeness: 0.45007737081815546, primalobj: 0.9415021502437801, dualobj: -Inf
solve--
end solve-- RelaxOptimal OPTIMAL
 weights_sum: 0.9999999999999997
itereffortlevel: 0
--separating...
--find a better primal bound 0.4121808890251546 by Alternative descent Eigen
--found a cut state by heuristic 0.4121808890251546 0.08654305101286042 
iteration: 38,  #states: 1740, valueb: 0.08654305101286042, activeness: 0.4121808890251546, primalobj: 0.9415008532817887, dualobj: -Inf
solve--
end solve-- RelaxOptimal OPTIMAL
 weights_sum: 1.0000003781765823
itereffortlevel: 0
--separating...
--find a better primal bound 0.3078177234040213 by Alternative descent Eigen
--found a cut state by heuristic 0.3078177234040213 0.12107347809849324 
iteration: 39,  #states: 1741, valueb: 0.12107347809849324, activeness: 0.3078177234040213, primalobj: 0.9415002105734968, dualobj: -Inf
solve--
end solve-- RelaxOptimal OPTIMAL
 weights_sum: 1.0000003104509825
itereffortlevel: 0
--separating...
--find a better primal bound 0.32196587319100606 by Alternative descent Eigen
--found a cut state by heuristic 0.32196587319100606 0.16676942147272272 
iteration: 40,  #states: 1742, valueb: 0.16676942147272272, activeness: 0.32196587319100606, primalobj: 0.9414998137639914, dualobj: -Inf
solve--
end solve-- RelaxOptimal OPTIMAL
 weights_sum: 1.0
itereffortlevel: 0
--separating...
--find a better primal bound 0.4998530637481264 by Alternative descent Eigen
--found a cut state by heuristic 0.4998530637481264 0.1270098940890395 
iteration: 41,  #states: 1743, valueb: 0.1270098940890395, activeness: 0.4998530637481264, primalobj: 0.9414995944942591, dualobj: -Inf
solve--
end solve-- RelaxOptimal OPTIMAL
 weights_sum: 1.0000000000000009
itereffortlevel: 0
--separating...
--find a better primal bound 0.48531613091532366 by Alternative descent Eigen
--found a cut state by heuristic 0.48531613091532366 0.15536067968159964 
iteration: 42,  #states: 1744, valueb: 0.15536067968159964, activeness: 0.48531613091532366, primalobj: 0.9414989617455404, dualobj: -Inf
solve--
end solve-- RelaxOptimal OPTIMAL
 weights_sum: 0.9999999999999999
itereffortlevel: 0
--separating...
--find a better primal bound 0.5491673399385769 by Alternative descent Eigen
--found a cut state by heuristic 0.5491673399385769 0.12335489277796492 
iteration: 43,  #states: 1745, valueb: 0.12335489277796492, activeness: 0.5491673399385769, primalobj: 0.9414979587565144, dualobj: -Inf
solve--
end solve-- RelaxOptimal OPTIMAL
 weights_sum: 1.0000000224892185
itereffortlevel: 0
--separating...
--find a better primal bound 0.2230901398233292 by Alternative descent Eigen
--found a cut state by heuristic 0.2230901398233292 0.08956303628724471 
iteration: 44,  #states: 1746, valueb: 0.08956303628724471, activeness: 0.2230901398233292, primalobj: 0.9414971192926784, dualobj: -Inf
solve--
end solve-- RelaxOptimal OPTIMAL
 weights_sum: 0.9999999999999992
itereffortlevel: 0
--separating...
--find a better primal bound 0.36372094786207476 by Alternative descent Eigen
--found a cut state by heuristic 0.36372094786207476 0.10866490635821012 
iteration: 45,  #states: 1747, valueb: 0.10866490635821012, activeness: 0.36372094786207476, primalobj: 0.9414966448492982, dualobj: -Inf
solve--
end solve-- RelaxOptimal OPTIMAL
 weights_sum: 1.000000340783317
itereffortlevel: 0
--separating...
--find a better primal bound 0.4663517601026419 by Alternative descent Eigen
--found a cut state by heuristic 0.4663517601026419 0.10234872344525475 
iteration: 46,  #states: 1748, valueb: 0.10234872344525475, activeness: 0.4663517601026419, primalobj: 0.9414958825812447, dualobj: -Inf
solve--
end solve-- RelaxOptimal OPTIMAL
 weights_sum: 1.0000007231319337
itereffortlevel: 0
--separating...
--find a better primal bound 0.2821389901821587 by Alternative descent Eigen
--found a cut state by heuristic 0.2821389901821587 0.00992047075549094 
iteration: 47,  #states: 1749, valueb: 0.00992047075549094, activeness: 0.2821389901821587, primalobj: 0.9414955225457219, dualobj: -Inf
solve--
end solve-- RelaxOptimal OPTIMAL
 weights_sum: 1.0000002734360107
itereffortlevel: 0
--separating...
--find a better primal bound 0.3211271726481314 by Alternative descent Eigen
--found a cut state by heuristic 0.3211271726481314 0.11135621576175511 
iteration: 48,  #states: 1750, valueb: 0.11135621576175511, activeness: 0.3211271726481314, primalobj: 0.9414949919632425, dualobj: -Inf
solve--
end solve-- RelaxOptimal OPTIMAL
 weights_sum: 1.0
itereffortlevel: 0
--separating...
--find a better primal bound 0.23204382472463655 by Alternative descent Eigen
--found a cut state by heuristic 0.23204382472463655 0.13922384363201257 
iteration: 49,  #states: 1751, valueb: 0.13922384363201257, activeness: 0.23204382472463655, primalobj: 0.9414944917958544, dualobj: -Inf
solve--
end solve-- RelaxOptimal OPTIMAL
 weights_sum: 0.9999999999999994
itereffortlevel: 0
--separating...
--find a better primal bound 0.5098519300163956 by Alternative descent Eigen
--found a cut state by heuristic 0.5098519300163956 0.049126658598808874 
iteration: 50,  #states: 1752, valueb: 0.049126658598808874, activeness: 0.5098519300163956, primalobj: 0.9414942635896337, dualobj: -Inf
solve--
end solve-- RelaxOptimal OPTIMAL
 weights_sum: 1.0000000000000002
itereffortlevel: 0
--separating...
--find a better primal bound 0.3891542752036845 by Alternative descent Eigen
--found a cut state by heuristic 0.3891542752036845 0.08380175203699321 
iteration: 51,  #states: 1753, valueb: 0.08380175203699321, activeness: 0.3891542752036845, primalobj: 0.9414922934239165, dualobj: -Inf
solve--
end solve-- RelaxOptimal OPTIMAL
 weights_sum: 1.0000000000000007
itereffortlevel: 0
--separating...
--find a better primal bound 0.4497666182521116 by Alternative descent Eigen
--found a cut state by heuristic 0.4497666182521116 0.10272969506947324 
iteration: 52,  #states: 1754, valueb: 0.10272969506947324, activeness: 0.4497666182521116, primalobj: 0.9414914504800794, dualobj: -Inf
solve--
end solve-- RelaxOptimal OPTIMAL
 weights_sum: 1.0000000000000002
itereffortlevel: 0
--separating...
--find a better primal bound 0.30976962348279785 by Alternative descent Eigen
--found a cut state by heuristic 0.30976962348279785 0.08043815189718034 
iteration: 53,  #states: 1755, valueb: 0.08043815189718034, activeness: 0.30976962348279785, primalobj: 0.9414901075519533, dualobj: -Inf
solve--
end solve-- RelaxOptimal OPTIMAL
 weights_sum: 1.000000017207921
itereffortlevel: 0
--separating...
--find a better primal bound 0.3643149216639095 by Alternative descent Eigen
--found a cut state by heuristic 0.3643149216639095 0.08204688845131608 
iteration: 54,  #states: 1756, valueb: 0.08204688845131608, activeness: 0.3643149216639095, primalobj: 0.9414894581211273, dualobj: -Inf
solve--
end solve-- RelaxOptimal OPTIMAL
 weights_sum: 1.0000000000000002
itereffortlevel: 0
--separating...
--find a better primal bound 0.37974099380296067 by Alternative descent Eigen
--found a cut state by heuristic 0.37974099380296067 0.14164934049339478 
iteration: 55,  #states: 1757, valueb: 0.14164934049339478, activeness: 0.37974099380296067, primalobj: 0.9414889530657504, dualobj: -Inf
solve--
end solve-- RelaxOptimal OPTIMAL
 weights_sum: 1.0000000000000002
itereffortlevel: 0
--separating...
--find a better primal bound 0.23253493317940943 by Alternative descent Eigen
--found a cut state by heuristic 0.23253493317940943 0.07970634773198826 
iteration: 56,  #states: 1758, valueb: 0.07970634773198826, activeness: 0.23253493317940943, primalobj: 0.9414885829872572, dualobj: -Inf
solve--
end solve-- RelaxOptimal OPTIMAL
 weights_sum: 1.0000000383965535
itereffortlevel: 0
--separating...
--find a better primal bound 0.20598694630920777 by Alternative descent Eigen
--found a cut state by heuristic 0.20598694630920777 0.07998703862755956 
iteration: 57,  #states: 1759, valueb: 0.07998703862755956, activeness: 0.20598694630920777, primalobj: 0.9414883526053184, dualobj: -Inf
solve--
end solve-- RelaxOptimal OPTIMAL
 weights_sum: 1.0000000000000002
itereffortlevel: 0
--separating...
--find a better primal bound 0.23617158424648843 by Alternative descent Eigen
--found a cut state by heuristic 0.23617158424648843 0.05526367324014995 
iteration: 58,  #states: 1760, valueb: 0.05526367324014995, activeness: 0.23617158424648843, primalobj: 0.9414882453859826, dualobj: -Inf
solve--
end solve-- RelaxOptimal OPTIMAL
 weights_sum: 1.0000000000000007
itereffortlevel: 0
--separating...
--find a better primal bound 0.14837575526338193 by Alternative descent Eigen
--found a cut state by heuristic 0.14837575526338193 0.03623942192710803 
iteration: 59,  #states: 1761, valueb: 0.03623942192710803, activeness: 0.14837575526338193, primalobj: 0.9414880091847282, dualobj: -Inf
solve--
end solve-- RelaxOptimal OPTIMAL
 weights_sum: 0.9999999999999993
itereffortlevel: 0
--separating...
--find a better primal bound 0.17944425944621475 by Alternative descent Eigen
--found a cut state by heuristic 0.17944425944621475 0.014483758247350658 
iteration: 60,  #states: 1762, valueb: 0.014483758247350658, activeness: 0.17944425944621475, primalobj: 0.941487692345674, dualobj: -Inf
Time limit is almost reached
solve--
end solve-- RelaxOptimal OPTIMAL
entering gap-closing phase: time limit 10800.0 -> 10808.577440977097 s
 weights_sum: 0.999999999999999
itereffortlevel: 2
--separating...
--find a better primal bound 0.32988946830733673 by Alternative descent Eigen
--find a better primal bound 0.3514292879502359 by Alternative descent Eigen
--node number: 1, dual bound: 0.9268802901837588, branchnode bound: 0.9268802901837588,
         primal out bound: 0.3514292879502359, primal bound: 0.3514292879502359, cutoff bound: 0.07907337118189503,  gap: 0.5754510022335229,
         rel_gap: 0.6208471669188658, nleaves: 1,
         Zdepth: 1, bbounddistance: 0.33362654576010914, branchscore: 0.6520599260738615, maxdepth: 0, focusdepth: 0
--node number: 3, dual bound: 0.9221537454032018, branchnode bound: 0.9221537454032018,
         primal out bound: 0.3514292879502359, primal bound: 0.3514292879502359, cutoff bound: 0.07907337118189503,  gap: 0.570724457452966,
         rel_gap: 0.6189038002588416, nleaves: 2,
         Zdepth: 1, bbounddistance: 0.04844586112337407, branchscore: 0.6519009864005554, maxdepth: 1, focusdepth: 1
--node number: 5, dual bound: 0.9158476752892305, branchnode bound: 0.9158476752892305,
         primal out bound: 0.3514292879502359, primal bound: 0.3514292879502359, cutoff bound: 0.07907337118189503,  gap: 0.5644183873389945,
         rel_gap: 0.6162797619819776, nleaves: 3,
         Zdepth: 1, bbounddistance: 0.036664657095335895, branchscore: 0.6453018517777828, maxdepth: 2, focusdepth: 2
--node number: 7, dual bound: 0.9152877861991187, branchnode bound: 0.9152877861991187,
         primal out bound: 0.3514292879502359, primal bound: 0.3514292879502359, cutoff bound: 0.07907337118189503,  gap: 0.5638584982488828,
         rel_gap: 0.6160450371466191, nleaves: 4,
         Zdepth: 1, bbounddistance: 0.19424723286949594, branchscore: 0.6599704098564765, maxdepth: 3, focusdepth: 1
--node number: 9, dual bound: 0.9144392994889963, branchnode bound: 0.9144392994889963,
         primal out bound: 0.3514292879502359, primal bound: 0.3514292879502359, cutoff bound: 0.07907337118189503,  gap: 0.5630100115387604,
         rel_gap: 0.6156887743706768, nleaves: 5,
         Zdepth: 1, bbounddistance: 0.018365231749917388, branchscore: 0.5818085421553433, maxdepth: 3, focusdepth: 2
--node number: 11, dual bound: 0.9126355286180114, branchnode bound: 0.9126355286180114,
         primal out bound: 0.3514292879502359, primal bound: 0.3514292879502359, cutoff bound: 0.07907337118189503,  gap: 0.5612062406677756,
         rel_gap: 0.6149292056573786, nleaves: 6,
         Zdepth: 1, bbounddistance: 0.04080405565598341, branchscore: 0.7437436240105765, maxdepth: 3, focusdepth: 2
--node number: 13, dual bound: 0.9113715243693962, branchnode bound: 0.9113715243693962,
         primal out bound: 0.3514292879502359, primal bound: 0.3514292879502359, cutoff bound: 0.07907337118189503,  gap: 0.5599422364191602,
         rel_gap: 0.6143951412203713, nleaves: 7,
         Zdepth: 1, bbounddistance: 0.20786147072257147, branchscore: 0.5870905914699831, maxdepth: 3, focusdepth: 2
--max node number reached: 15, terminated
--node number: 15, dual bound: 0.9107908560081057, branchnode bound: 0.9107908560081057,
         primal out bound: 0.3514292879502359, primal bound: 0.3514292879502359, cutoff bound: 0.07907337118189503,  gap: 0.5593615680578699,
         rel_gap: 0.6141493015306378, nleaves: 8,
         Zdepth: 1, bbounddistance: 0.014862918476170661, branchscore: 0.5646319890724482, maxdepth: 3, focusdepth: 3
iteration: 61,  #states: 2425, valueb: 0.07907337118189503, activeness: 0.3514292879502359, primalobj: 0.9414873768437676, dualobj: 0.10976989201755694
solve--
end solve-- RelaxOptimal OPTIMAL
 weights_sum: 0.9999999999999998
itereffortlevel: 2
--separating...
--find a better primal bound 0.22977734682673812 by Alternative descent Eigen
--find a better primal bound 0.3628921126915926 by Alternative descent Eigen
--node number: 1, dual bound: 0.9259599818024353, branchnode bound: 0.9259599818024353,
         primal out bound: 0.3628921126915926, primal bound: 0.3628921126915926, cutoff bound: 0.07454501955964135,  gap: 0.5630678691108427,
         rel_gap: 0.6080909328444175, nleaves: 1,
         Zdepth: 1, bbounddistance: 0.20660427111079066, branchscore: 0.6288369526273392, maxdepth: 0, focusdepth: 0
--find a better primal bound 0.36445018270660207 by Alternative descent Eigen
--node number: 3, dual bound: 0.9226283225152103, branchnode bound: 0.9226283225152103,
         primal out bound: 0.36445018270660207, primal bound: 0.36445018270660207, cutoff bound: 0.07454501955964135,  gap: 0.5581781398086083,
         rel_gap: 0.6049869987590872, nleaves: 2,
         Zdepth: 1, bbounddistance: 0.04287819347703631, branchscore: 0.7153232818205457, maxdepth: 1, focusdepth: 1
--find a better primal bound 0.3661084262814548 by Alternative descent Eigen
--node number: 5, dual bound: 0.92149565786928, branchnode bound: 0.92149565786928,
         primal out bound: 0.3661084262814548, primal bound: 0.3661084262814548, cutoff bound: 0.07454501955964135,  gap: 0.5553872315878252,
         rel_gap: 0.6027019518160447, nleaves: 3,
         Zdepth: 1, bbounddistance: 0.32188635029900176, branchscore: 0.5764931215211528, maxdepth: 2, focusdepth: 1
--node number: 7, dual bound: 0.9162348371586911, branchnode bound: 0.9162348371586911,
         primal out bound: 0.3661084262814548, primal bound: 0.3661084262814548, cutoff bound: 0.07454501955964135,  gap: 0.5501264108772363,
         rel_gap: 0.6004207530279215, nleaves: 4,
         Zdepth: 1, bbounddistance: 0.052305990567702354, branchscore: 0.5719171568735898, maxdepth: 2, focusdepth: 2
--node number: 9, dual bound: 0.91546682909782, branchnode bound: 0.91546682909782,
         primal out bound: 0.3661084262814548, primal bound: 0.3661084262814548, cutoff bound: 0.07454501955964135,  gap: 0.5493584028163652,
         rel_gap: 0.6000855359857772, nleaves: 5,
         Zdepth: 1, bbounddistance: 0.04260815713261806, branchscore: 0.7691192000058161, maxdepth: 3, focusdepth: 2
--node number: 11, dual bound: 0.913079918903563, branchnode bound: 0.913079918903563,
         primal out bound: 0.3661084262814548, primal bound: 0.3661084262814548, cutoff bound: 0.07454501955964135,  gap: 0.5469714926221082,
         rel_gap: 0.5990401073313691, nleaves: 6,
         Zdepth: 1, bbounddistance: 0.29109283225687405, branchscore: 0.5543772351238153, maxdepth: 3, focusdepth: 2
--node number: 13, dual bound: 0.9092950710790647, branchnode bound: 0.9092950710790647,
         primal out bound: 0.3661084262814548, primal bound: 0.3661084262814548, cutoff bound: 0.07454501955964135,  gap: 0.5431866447976099,
         rel_gap: 0.5973711527469381, nleaves: 7,
         Zdepth: 1, bbounddistance: 0.22921780185382393, branchscore: 0.646893774998243, maxdepth: 3, focusdepth: 2
--max node number reached: 15, terminated
--node number: 15, dual bound: 0.9090113260636101, branchnode bound: 0.9090113260636101,
         primal out bound: 0.3661084262814548, primal bound: 0.3661084262814548, cutoff bound: 0.07454501955964135,  gap: 0.5429028997821553,
         rel_gap: 0.5972454734234681, nleaves: 8,
         Zdepth: 1, bbounddistance: 0.03897003946415578, branchscore: 0.5554179569272626, maxdepth: 3, focusdepth: 3
iteration: 62,  #states: 2426, valueb: 0.07454501955964135, activeness: 0.3661084262814548, primalobj: 0.9414869970162641, dualobj: 0.10976989201755694
solve--
end solve-- RelaxOptimal OPTIMAL
 weights_sum: 1.000000072394306
itereffortlevel: 2
--separating...
--find a better primal bound 0.3048595144809275 by Alternative descent Eigen
--node number: 1, dual bound: 0.9379774502934736, branchnode bound: 0.9379774502934736,
         primal out bound: 0.3048595144809275, primal bound: 0.3048595144809275, cutoff bound: 0.06350672540539717,  gap: 0.633117935812546,
         rel_gap: 0.6749820431338266, nleaves: 1,
         Zdepth: 1, bbounddistance: 0.30924599785653356, branchscore: 0.5798981735798536, maxdepth: 0, focusdepth: 0
--find a better primal bound 0.32247617461327394 by Alternative descent Eigen
--node number: 3, dual bound: 0.935178709876439, branchnode bound: 0.935178709876439,
         primal out bound: 0.32247617461327394, primal bound: 0.32247617461327394, cutoff bound: 0.06350672540539717,  gap: 0.6127025352631651,
         rel_gap: 0.6551716038789193, nleaves: 2,
         Zdepth: 1, bbounddistance: 0.038826771433081164, branchscore: 0.5497768687639003, maxdepth: 1, focusdepth: 1
--find a better primal bound 0.32248259904856214 by Alternative descent Eigen
--node number: 5, dual bound: 0.9304390539094146, branchnode bound: 0.9304390539094146,
         primal out bound: 0.32248259904856214, primal bound: 0.32248259904856214, cutoff bound: 0.06350672540539717,  gap: 0.6079564548608525,
         rel_gap: 0.6534081435064545, nleaves: 3,
         Zdepth: 1, bbounddistance: 0.031222509392272446, branchscore: 0.5189754139885054, maxdepth: 2, focusdepth: 2
--find a better primal bound 0.3224940922684909 by Alternative descent Eigen
--node number: 7, dual bound: 0.9256809635848893, branchnode bound: 0.9256809635848893,
         primal out bound: 0.3224940922684909, primal bound: 0.3224940922684909, cutoff bound: 0.06350672540539717,  gap: 0.6031868713163984,
         rel_gap: 0.6516142116398652, nleaves: 4,
         Zdepth: 1, bbounddistance: 0.211782955163339, branchscore: 0.5813823489798853, maxdepth: 3, focusdepth: 1
--node number: 9, dual bound: 0.9254276696962557, branchnode bound: 0.9254276696962557,
         primal out bound: 0.3224940922684909, primal bound: 0.3224940922684909, cutoff bound: 0.06350672540539717,  gap: 0.6029335774277648,
         rel_gap: 0.6515188568174755, nleaves: 5,
         Zdepth: 1, bbounddistance: 0.3356679034985814, branchscore: 0.4998215494932773, maxdepth: 3, focusdepth: 2
--node number: 11, dual bound: 0.924832527508892, branchnode bound: 0.924832527508892,
         primal out bound: 0.3224940922684909, primal bound: 0.3224940922684909, cutoff bound: 0.06350672540539717,  gap: 0.6023384352404011,
         rel_gap: 0.6512946045083928, nleaves: 6,
         Zdepth: 1, bbounddistance: 0.0267620250868002, branchscore: 0.4918870333292158, maxdepth: 3, focusdepth: 3
--find a better primal bound 0.3225003624486288 by Alternative descent Eigen
--find a better primal bound 0.3225254351525362 by Alternative descent Eigen
--node number: 13, dual bound: 0.9232612513902059, branchnode bound: 0.9232612513902059,
         primal out bound: 0.3225254351525362, primal bound: 0.3225254351525362, cutoff bound: 0.06350672540539717,  gap: 0.6007358162376697,
         rel_gap: 0.6506672031704009, nleaves: 7,
         Zdepth: 1, bbounddistance: 0.36382209032019847, branchscore: 0.5440878403419709, maxdepth: 4, focusdepth: 2
--max node number reached: 15, terminated
--node number: 15, dual bound: 0.922840509572577, branchnode bound: 0.922840509572577,
         primal out bound: 0.3225254351525362, primal bound: 0.3225254351525362, cutoff bound: 0.06350672540539717,  gap: 0.6003150744200408,
         rel_gap: 0.6505079352206622, nleaves: 8,
         Zdepth: 1, bbounddistance: 0.3241792127949918, branchscore: 0.47442758202112567, maxdepth: 4, focusdepth: 3
iteration: 63,  #states: 2427, valueb: 0.06350672540539717, activeness: 0.3225254351525362, primalobj: 0.9414860703733754, dualobj: 0.10976989201755694
solve--
end solve-- RelaxOptimal OPTIMAL
 weights_sum: 1.0000000100311188
itereffortlevel: 2
--separating...
--find a better primal bound 0.41728021937256965 by Alternative descent Eigen
--node number: 1, dual bound: 0.9274759168512132, branchnode bound: 0.9274759168512132,
         primal out bound: 0.41728021937256965, primal bound: 0.41728021937256965, cutoff bound: 0.11607585729007273,  gap: 0.5101956974786436,
         rel_gap: 0.5500905071592169, nleaves: 1,
         Zdepth: 1, bbounddistance: 0.18929286029942277, branchscore: 0.6077025680010347, maxdepth: 0, focusdepth: 0
--node number: 3, dual bound: 0.9262422605902026, branchnode bound: 0.9262422605902026,
         primal out bound: 0.41728021937256965, primal bound: 0.41728021937256965, cutoff bound: 0.11607585729007273,  gap: 0.508962041217633,
         rel_gap: 0.5494912755258239, nleaves: 2,
         Zdepth: 1, bbounddistance: 0.02895567363265336, branchscore: 0.6472520509111002, maxdepth: 1, focusdepth: 1
--node number: 5, dual bound: 0.9256722201774212, branchnode bound: 0.9256722201774212,
         primal out bound: 0.41728021937256965, primal bound: 0.41728021937256965, cutoff bound: 0.11607585729007273,  gap: 0.5083920008048516,
         rel_gap: 0.5492138466761046, nleaves: 3,
         Zdepth: 1, bbounddistance: 0.18941851759543393, branchscore: 0.5369919519000123, maxdepth: 2, focusdepth: 1
--node number: 7, dual bound: 0.9230773490337931, branchnode bound: 0.9230773490337931,
         primal out bound: 0.41728021937256965, primal bound: 0.41728021937256965, cutoff bound: 0.11607585729007273,  gap: 0.5057971296612235,
         rel_gap: 0.5479466376145545, nleaves: 4,
         Zdepth: 1, bbounddistance: 0.029707600465975842, branchscore: 0.6905410373741718, maxdepth: 2, focusdepth: 2
--node number: 9, dual bound: 0.9213272760813389, branchnode bound: 0.9213272760813389,
         primal out bound: 0.41728021937256965, primal bound: 0.41728021937256965, cutoff bound: 0.11607585729007273,  gap: 0.5040470567087693,
         rel_gap: 0.5470879564671325, nleaves: 5,
         Zdepth: 1, bbounddistance: 0.026945077947767515, branchscore: 0.5040289293912427, maxdepth: 3, focusdepth: 2
--node number: 11, dual bound: 0.9201578752770886, branchnode bound: 0.9201578752770886,
         primal out bound: 0.41728021937256965, primal bound: 0.41728021937256965, cutoff bound: 0.11607585729007273,  gap: 0.5028776559045189,
         rel_gap: 0.5465123642538913, nleaves: 6,
         Zdepth: 1, bbounddistance: 0.29279058140951114, branchscore: 0.5556568061892417, maxdepth: 3, focusdepth: 2
--node number: 13, dual bound: 0.9198945763667628, branchnode bound: 0.9198945763667628,
         primal out bound: 0.41728021937256965, primal bound: 0.41728021937256965, cutoff bound: 0.11607585729007273,  gap: 0.5026143569941931,
         rel_gap: 0.5463825637273899, nleaves: 7,
         Zdepth: 1, bbounddistance: 0.2933807701024653, branchscore: 0.5763077236584878, maxdepth: 3, focusdepth: 2
--max node number reached: 15, terminated
--node number: 15, dual bound: 0.9181754980874498, branchnode bound: 0.9181754980874498,
         primal out bound: 0.41728021937256965, primal bound: 0.41728021937256965, cutoff bound: 0.11607585729007273,  gap: 0.5008952787148802,
         rel_gap: 0.5455332665250161, nleaves: 8,
         Zdepth: 1, bbounddistance: 0.37167974995914393, branchscore: 0.47336527621887653, maxdepth: 3, focusdepth: 3
iteration: 64,  #states: 2428, valueb: 0.11607585729007273, activeness: 0.41728021937256965, primalobj: 0.9414856537195294, dualobj: 0.13938601292215236
solve--
end solve-- RelaxOptimal OPTIMAL
 weights_sum: 1.000000020461197
itereffortlevel: 2
--separating...
--find a better primal bound 0.3910075234366648 by Alternative descent Eigen
--find a better primal bound 0.41614804080898987 by Alternative descent Eigen
--node number: 1, dual bound: 0.9682714567575589, branchnode bound: 0.9682714567575589,
         primal out bound: 0.41614804080898987, primal bound: 0.41614804080898987, cutoff bound: 0.13126349050695751,  gap: 0.5521234159485691,
         rel_gap: 0.5702155238547043, nleaves: 1,
         Zdepth: 1, bbounddistance: 0.21020192757408138, branchscore: 0.6000375788067985, maxdepth: 0, focusdepth: 0
--find a better primal bound 0.4294923872769945 by Alternative descent Eigen
--node number: 3, dual bound: 0.9666542452538931, branchnode bound: 0.9666542452538931,
         primal out bound: 0.4294923872769945, primal bound: 0.4294923872769945, cutoff bound: 0.13126349050695751,  gap: 0.5371618579768986,
         rel_gap: 0.5556918211597077, nleaves: 2,
         Zdepth: 1, bbounddistance: 0.030340646818499795, branchscore: 0.6308778321217453, maxdepth: 1, focusdepth: 1
--node number: 5, dual bound: 0.9644047058988832, branchnode bound: 0.9644047058988832,
         primal out bound: 0.4294923872769945, primal bound: 0.4294923872769945, cutoff bound: 0.13126349050695751,  gap: 0.5349123186218887,
         rel_gap: 0.5546554422122176, nleaves: 3,
         Zdepth: 1, bbounddistance: 0.33440952208663055, branchscore: 0.5344842635262358, maxdepth: 2, focusdepth: 1
--node number: 7, dual bound: 0.9631038877746665, branchnode bound: 0.9631038877746665,
         primal out bound: 0.4294923872769945, primal bound: 0.4294923872769945, cutoff bound: 0.13126349050695751,  gap: 0.533611500497672,
         rel_gap: 0.5540539367260024, nleaves: 4,
         Zdepth: 1, bbounddistance: 0.029942540773082033, branchscore: 0.656802970524972, maxdepth: 2, focusdepth: 2
--node number: 9, dual bound: 0.961207338791463, branchnode bound: 0.961207338791463,
         primal out bound: 0.4294923872769945, primal bound: 0.4294923872769945, cutoff bound: 0.13126349050695751,  gap: 0.5317149515144686,
         rel_gap: 0.5531740448247096, nleaves: 5,
         Zdepth: 1, bbounddistance: 0.01477190012596763, branchscore: 0.5374748764013811, maxdepth: 3, focusdepth: 2
--node number: 11, dual bound: 0.9611146250483131, branchnode bound: 0.9611146250483131,
         primal out bound: 0.4294923872769945, primal bound: 0.4294923872769945, cutoff bound: 0.13126349050695751,  gap: 0.5316222377713187,
         rel_gap: 0.5531309418422337, nleaves: 6,
         Zdepth: 1, bbounddistance: 0.04690068066091291, branchscore: 0.5040205907656721, maxdepth: 3, focusdepth: 2
--node number: 13, dual bound: 0.9580212177271228, branchnode bound: 0.9580212177271228,
         primal out bound: 0.4294923872769945, primal bound: 0.4294923872769945, cutoff bound: 0.13126349050695751,  gap: 0.5285288304501283,
         rel_gap: 0.5516880217998172, nleaves: 7,
         Zdepth: 1, bbounddistance: 0.01465526354534022, branchscore: 0.5602170799349928, maxdepth: 3, focusdepth: 3
--max node number reached: 15, terminated
--node number: 15, dual bound: 0.9576596822144339, branchnode bound: 0.9576596822144339,
         primal out bound: 0.4294923872769945, primal bound: 0.4294923872769945, cutoff bound: 0.13126349050695751,  gap: 0.5281672949374394,
         rel_gap: 0.5515187751416427, nleaves: 8,
         Zdepth: 1, bbounddistance: 0.028975248393209474, branchscore: 0.6696585718264277, maxdepth: 4, focusdepth: 3
iteration: 65,  #states: 2429, valueb: 0.13126349050695751, activeness: 0.4294923872769945, primalobj: 0.9414848026995377, dualobj: 0.13938601292215236
solve--
end solve-- RelaxOptimal OPTIMAL
 weights_sum: 1.0000000000000002
itereffortlevel: 2
--separating...
--find a better primal bound 0.3732371998602759 by Alternative descent Eigen
--find a better primal bound 0.39869740571463114 by Alternative descent Eigen
--node number: 1, dual bound: 0.9140431432350399, branchnode bound: 0.9140431432350399,
         primal out bound: 0.39869740571463114, primal bound: 0.39869740571463114, cutoff bound: 0.0962128622318897,  gap: 0.5153457375204087,
         rel_gap: 0.5638089857514429, nleaves: 1,
         Zdepth: 1, bbounddistance: 0.2181379968049433, branchscore: 0.6023696975018027, maxdepth: 0, focusdepth: 0
--node number: 3, dual bound: 0.9116761058619955, branchnode bound: 0.9116761058619955,
         primal out bound: 0.39869740571463114, primal bound: 0.39869740571463114, cutoff bound: 0.0962128622318897,  gap: 0.5129787001473645,
         rel_gap: 0.5626764778071482, nleaves: 2,
         Zdepth: 1, bbounddistance: 0.028250358577808388, branchscore: 0.6196667378897737, maxdepth: 1, focusdepth: 1
--node number: 5, dual bound: 0.9104842371680714, branchnode bound: 0.9104842371680714,
         primal out bound: 0.39869740571463114, primal bound: 0.39869740571463114, cutoff bound: 0.0962128622318897,  gap: 0.5117868314534402,
         rel_gap: 0.5621039997850799, nleaves: 3,
         Zdepth: 1, bbounddistance: 0.31520739328695463, branchscore: 0.5616997312525558, maxdepth: 2, focusdepth: 1
--node number: 7, dual bound: 0.9083972280276471, branchnode bound: 0.9083972280276471,
         primal out bound: 0.39869740571463114, primal bound: 0.39869740571463114, cutoff bound: 0.0962128622318897,  gap: 0.509699822313016,
         rel_gap: 0.5610979498690228, nleaves: 4,
         Zdepth: 1, bbounddistance: 0.027100923150073147, branchscore: 0.6401392003658675, maxdepth: 2, focusdepth: 2
--node number: 9, dual bound: 0.9067403358634749, branchnode bound: 0.9067403358634749,
         primal out bound: 0.39869740571463114, primal bound: 0.39869740571463114, cutoff bound: 0.0962128622318897,  gap: 0.5080429301488438,
         rel_gap: 0.5602959414671261, nleaves: 5,
         Zdepth: 1, bbounddistance: 0.013752892790851012, branchscore: 0.5290959827274205, maxdepth: 3, focusdepth: 2
--node number: 11, dual bound: 0.9053604342456943, branchnode bound: 0.9053604342456943,
         primal out bound: 0.39869740571463114, primal bound: 0.39869740571463114, cutoff bound: 0.0962128622318897,  gap: 0.5066630285310632,
         rel_gap: 0.5596257682203575, nleaves: 6,
         Zdepth: 1, bbounddistance: 0.05554859849635119, branchscore: 0.5422228138131119, maxdepth: 3, focusdepth: 2
--node number: 13, dual bound: 0.9036025888224486, branchnode bound: 0.9036025888224486,
         primal out bound: 0.39869740571463114, primal bound: 0.39869740571463114, cutoff bound: 0.0962128622318897,  gap: 0.5049051831078175,
         rel_gap: 0.5587690754248467, nleaves: 7,
         Zdepth: 1, bbounddistance: 0.025814332519410066, branchscore: 0.6545403963809124, maxdepth: 3, focusdepth: 3
--max node number reached: 15, terminated
--node number: 15, dual bound: 0.9034579193416418, branchnode bound: 0.9034579193416418,
         primal out bound: 0.39869740571463114, primal bound: 0.39869740571463114, cutoff bound: 0.0962128622318897,  gap: 0.5047605136270106,
         rel_gap: 0.558698421720443, nleaves: 8,
         Zdepth: 1, bbounddistance: 0.013241555013549205, branchscore: 0.5491195020105517, maxdepth: 4, focusdepth: 3
iteration: 66,  #states: 2430, valueb: 0.0962128622318897, activeness: 0.39869740571463114, primalobj: 0.9414840861775754, dualobj: 0.13938601292215236
solve--
end solve-- RelaxOptimal OPTIMAL
 weights_sum: 1.0000007028310716
itereffortlevel: 2
--separating...
--find a better primal bound 0.2140538285564492 by Alternative descent Eigen
--find a better primal bound 0.2506207211772773 by Alternative descent Eigen
--node number: 1, dual bound: 0.8432229766346513, branchnode bound: 0.8432229766346513,
         primal out bound: 0.2506207211772773, primal bound: 0.2506207211772773, cutoff bound: -0.0,  gap: 0.592602255457374,
         rel_gap: 0.7027823860095485, nleaves: 1,
         Zdepth: 1, bbounddistance: 0.30492283532440034, branchscore: 0.6656107390068987, maxdepth: 0, focusdepth: 0
--find a better primal bound 0.2593742298850864 by Alternative descent Eigen
--node number: 3, dual bound: 0.8395231352713772, branchnode bound: 0.8395231352713772,
         primal out bound: 0.2593742298850864, primal bound: 0.2593742298850864, cutoff bound: -0.0,  gap: 0.5801489053862908,
         rel_gap: 0.6910457627814589, nleaves: 2,
         Zdepth: 1, bbounddistance: 0.0414349364542162, branchscore: 0.6481106579532978, maxdepth: 1, focusdepth: 1
--find a better primal bound 0.25937489784282763 by Alternative descent Eigen
--node number: 5, dual bound: 0.8343383852334088, branchnode bound: 0.8343383852334088,
         primal out bound: 0.25937489784282763, primal bound: 0.25937489784282763, cutoff bound: -0.0,  gap: 0.5749634873905811,
         rel_gap: 0.6891250571310265, nleaves: 3,
         Zdepth: 1, bbounddistance: 0.03332914460339009, branchscore: 0.6264286777963853, maxdepth: 2, focusdepth: 2
--find a better primal bound 0.2593753433757071 by Alternative descent Eigen
--node number: 7, dual bound: 0.8313687956502107, branchnode bound: 0.8313687956502107,
         primal out bound: 0.2593753433757071, primal bound: 0.2593753433757071, cutoff bound: -0.0,  gap: 0.5719934522745036,
         rel_gap: 0.688014098276505, nleaves: 4,
         Zdepth: 1, bbounddistance: 0.013172289955776073, branchscore: 0.5769564258423487, maxdepth: 3, focusdepth: 2
--find a better primal bound 0.2593780302556086 by Alternative descent Eigen
--node number: 9, dual bound: 0.8305133892992091, branchnode bound: 0.8305133892992091,
         primal out bound: 0.2593780302556086, primal bound: 0.2593780302556086, cutoff bound: -0.0,  gap: 0.5711353590436006,
         rel_gap: 0.6876895260238093, nleaves: 5,
         Zdepth: 1, bbounddistance: 0.19715757922446295, branchscore: 0.6298522935454568, maxdepth: 3, focusdepth: 1
--find a better primal bound 0.2901459101507753 by Alternative descent Eigen
--node number: 11, dual bound: 0.8291198331218715, branchnode bound: 0.8291198331218715,
         primal out bound: 0.2901459101507753, primal bound: 0.2901459101507753, cutoff bound: -0.0,  gap: 0.5389739229710963,
         rel_gap: 0.6500555184426193, nleaves: 6,
         Zdepth: 1, bbounddistance: 0.012825956866329258, branchscore: 0.5697723887409817, maxdepth: 3, focusdepth: 3
--node number: 13, dual bound: 0.828843362188666, branchnode bound: 0.828843362188666,
         primal out bound: 0.2901459101507753, primal bound: 0.2901459101507753, cutoff bound: -0.0,  gap: 0.5386974520378908,
         rel_gap: 0.6499387901417124, nleaves: 7,
         Zdepth: 1, bbounddistance: 0.012423554525441083, branchscore: 0.5645166543117749, maxdepth: 4, focusdepth: 3
--max node number reached: 15, terminated
--node number: 15, dual bound: 0.8284431699036645, branchnode bound: 0.8284431699036645,
         primal out bound: 0.2901459101507753, primal bound: 0.2901459101507753, cutoff bound: -0.0,  gap: 0.5382972597528892,
         rel_gap: 0.6497696876606335, nleaves: 8,
         Zdepth: 1, bbounddistance: 0.026629070186032555, branchscore: 0.6007402765737444, maxdepth: 4, focusdepth: 3
iteration: 67,  #states: 2431, valueb: -0.0, activeness: 0.2901459101507753, primalobj: 0.9414828699324742, dualobj: 0.13938601292215236
solve--
end solve-- RelaxOptimal OPTIMAL
 weights_sum: 0.9999999999999999
itereffortlevel: 2
--separating...
--find a better primal bound 0.3974611212697245 by Alternative descent Eigen
--find a better primal bound 0.4349234448016652 by Alternative descent Eigen
--node number: 1, dual bound: 0.9829959576331374, branchnode bound: 0.9829959576331374,
         primal out bound: 0.4349234448016652, primal bound: 0.4349234448016652, cutoff bound: 0.16026264058347284,  gap: 0.5480725128314722,
         rel_gap: 0.5575531705655473, nleaves: 1,
         Zdepth: 1, bbounddistance: 0.3089413406177023, branchscore: 0.6036001540353072, maxdepth: 0, focusdepth: 0
--find a better primal bound 0.4349597493077949 by Alternative descent Eigen
--node number: 3, dual bound: 0.9794951406156838, branchnode bound: 0.9794951406156838,
         primal out bound: 0.4349597493077949, primal bound: 0.4349597493077949, cutoff bound: 0.16026264058347284,  gap: 0.5445353913078889,
         rel_gap: 0.5559347552920056, nleaves: 2,
         Zdepth: 1, bbounddistance: 0.03969958887658087, branchscore: 0.5632744490287905, maxdepth: 1, focusdepth: 1
--find a better primal bound 0.43497376490640155 by Alternative descent Eigen
--node number: 5, dual bound: 0.9749244631976423, branchnode bound: 0.9749244631976423,
         primal out bound: 0.43497376490640155, primal bound: 0.43497376490640155, cutoff bound: 0.16026264058347284,  gap: 0.5399506982912408,
         rel_gap: 0.5538384958771713, nleaves: 3,
         Zdepth: 1, bbounddistance: 0.032584349220754316, branchscore: 0.5371319052498268, maxdepth: 2, focusdepth: 2
--find a better primal bound 0.43501910030244706 by Alternative descent Eigen
--node number: 7, dual bound: 0.9731327670924366, branchnode bound: 0.9731327670924366,
         primal out bound: 0.43501910030244706, primal bound: 0.43501910030244706, cutoff bound: 0.16026264058347284,  gap: 0.5381136667899895,
         rel_gap: 0.5529704527346111, nleaves: 4,
         Zdepth: 1, bbounddistance: 0.345369132217941, branchscore: 0.633924843043001, maxdepth: 3, focusdepth: 1
--node number: 9, dual bound: 0.9720033508903494, branchnode bound: 0.9720033508903494,
         primal out bound: 0.43501910030244706, primal bound: 0.43501910030244706, cutoff bound: 0.16026264058347284,  gap: 0.5369842505879023,
         rel_gap: 0.5524510281739542, nleaves: 5,
         Zdepth: 1, bbounddistance: 0.3300735449455544, branchscore: 0.589306400773166, maxdepth: 3, focusdepth: 2
--node number: 11, dual bound: 0.9696324817914574, branchnode bound: 0.9696324817914574,
         primal out bound: 0.43501910030244706, primal bound: 0.43501910030244706, cutoff bound: 0.16026264058347284,  gap: 0.5346133814890104,
         rel_gap: 0.5513567166203821, nleaves: 6,
         Zdepth: 1, bbounddistance: 0.32066305706649073, branchscore: 0.5614650710817123, maxdepth: 3, focusdepth: 3
--find a better primal bound 0.4350350941805641 by Alternative descent Eigen
--node number: 13, dual bound: 0.9694907124748627, branchnode bound: 0.9694907124748627,
         primal out bound: 0.4350350941805641, primal bound: 0.4350350941805641, cutoff bound: 0.16026264058347284,  gap: 0.5344556182942987,
         rel_gap: 0.551274613998075, nleaves: 7,
         Zdepth: 1, bbounddistance: 0.026791088933967866, branchscore: 0.5095693864643914, maxdepth: 4, focusdepth: 3
--max node number reached: 15, terminated
--node number: 15, dual bound: 0.9681102653850782, branchnode bound: 0.9681102653850782,
         primal out bound: 0.4350350941805641, primal bound: 0.4350350941805641, cutoff bound: 0.16026264058347284,  gap: 0.5330751712045141,
         rel_gap: 0.5506347678200444, nleaves: 8,
         Zdepth: 1, bbounddistance: 0.05370690244866122, branchscore: 0.5979504703083751, maxdepth: 4, focusdepth: 2
iteration: 68,  #states: 2432, valueb: 0.16026264058347284, activeness: 0.4350350941805641, primalobj: 0.9414824094620239, dualobj: 0.13938601292215236
solve--
end solve-- RelaxOptimal OPTIMAL
 weights_sum: 1.0000004004538308
itereffortlevel: 2
--separating...
--find a better primal bound 0.43520170844405215 by Alternative descent Eigen
--node number: 1, dual bound: 0.9890536500537341, branchnode bound: 0.9890536500537341,
         primal out bound: 0.43520170844405215, primal bound: 0.43520170844405215, cutoff bound: 0.15306063190167726,  gap: 0.553851941609682,
         rel_gap: 0.5599816972310773, nleaves: 1,
         Zdepth: 1, bbounddistance: 0.18338753628237606, branchscore: 0.6402754124963249, maxdepth: 0, focusdepth: 0
--node number: 3, dual bound: 0.9870497843621147, branchnode bound: 0.9870497843621147,
         primal out bound: 0.43520170844405215, primal bound: 0.43520170844405215, cutoff bound: 0.15306063190167726,  gap: 0.5518480759180625,
         rel_gap: 0.5590883911440159, nleaves: 2,
         Zdepth: 1, bbounddistance: 0.030488682688675495, branchscore: 0.6716312242811104, maxdepth: 1, focusdepth: 1
--node number: 5, dual bound: 0.9864248352294309, branchnode bound: 0.9864248352294309,
         primal out bound: 0.43520170844405215, primal bound: 0.43520170844405215, cutoff bound: 0.15306063190167726,  gap: 0.5512231267853788,
         rel_gap: 0.5588090517380077, nleaves: 3,
         Zdepth: 1, bbounddistance: 0.026794172090959995, branchscore: 0.5456509101566904, maxdepth: 2, focusdepth: 1
--node number: 7, dual bound: 0.9834956877862646, branchnode bound: 0.9834956877862646,
         primal out bound: 0.43520170844405215, primal bound: 0.43520170844405215, cutoff bound: 0.15306063190167726,  gap: 0.5482939793422125,
         rel_gap: 0.557495051733637, nleaves: 4,
         Zdepth: 1, bbounddistance: 0.31572194539148113, branchscore: 0.5317874246777542, maxdepth: 2, focusdepth: 2
--node number: 9, dual bound: 0.9833998825481459, branchnode bound: 0.9833998825481459,
         primal out bound: 0.43520170844405215, primal bound: 0.43520170844405215, cutoff bound: 0.15306063190167726,  gap: 0.5481981741040938,
         rel_gap: 0.557451941811936, nleaves: 5,
         Zdepth: 1, bbounddistance: 0.029038408494528045, branchscore: 0.6899806156983893, maxdepth: 3, focusdepth: 2
--node number: 11, dual bound: 0.9818576000863791, branchnode bound: 0.9818576000863791,
         primal out bound: 0.43520170844405215, primal bound: 0.43520170844405215, cutoff bound: 0.15306063190167726,  gap: 0.546655891642327,
         rel_gap: 0.556756796091648, nleaves: 6,
         Zdepth: 1, bbounddistance: 0.2937578841652904, branchscore: 0.5752625323595737, maxdepth: 3, focusdepth: 2
--node number: 13, dual bound: 0.9815051884440466, branchnode bound: 0.9815051884440466,
         primal out bound: 0.43520170844405215, primal bound: 0.43520170844405215, cutoff bound: 0.15306063190167726,  gap: 0.5463034799999944,
         rel_gap: 0.5565976486237779, nleaves: 7,
         Zdepth: 1, bbounddistance: 0.30319779683051606, branchscore: 0.560690290380677, maxdepth: 3, focusdepth: 2
--max node number reached: 15, terminated
--find a better primal bound 0.5151268133241992 by Alternative descent Eigen
--node number: 15, dual bound: 0.9785514291990138, branchnode bound: 0.9785514291990138,
         primal out bound: 0.5151268133241992, primal bound: 0.5151268133241992, cutoff bound: 0.15306063190167726,  gap: 0.46342461587481465,
         rel_gap: 0.4735822789141982, nleaves: 8,
         Zdepth: 1, bbounddistance: 0.342260744496634, branchscore: 0.5073743786346221, maxdepth: 3, focusdepth: 3
iteration: 69,  #states: 2433, valueb: 0.15306063190167726, activeness: 0.5151268133241992, primalobj: 0.9414817706368864, dualobj: 0.13938601292215236
solve--
end solve-- RelaxOptimal OPTIMAL
 weights_sum: 1.0000000000000007
itereffortlevel: 2
--separating...
--find a better primal bound 0.28581492815440285 by Alternative descent Eigen
--find a better primal bound 0.31290057190162013 by Alternative descent Eigen
--node number: 1, dual bound: 0.9521165297956489, branchnode bound: 0.9521165297956489,
         primal out bound: 0.31290057190162013, primal bound: 0.31290057190162013, cutoff bound: 0.05957594899062902,  gap: 0.6392159578940287,
         rel_gap: 0.6713631555490613, nleaves: 1,
         Zdepth: 1, bbounddistance: 0.3277951614656786, branchscore: 0.8789650464688876, maxdepth: 0, focusdepth: 0
--find a better primal bound 0.3133275646778443 by Alternative descent Eigen
--find a better primal bound 0.3498555758888321 by Alternative descent Eigen
--node number: 3, dual bound: 0.9428485527825883, branchnode bound: 0.9428485527825883,
         primal out bound: 0.3498555758888321, primal bound: 0.3498555758888321, cutoff bound: 0.05957594899062902,  gap: 0.5929929768937562,
         rel_gap: 0.6289376752434753, nleaves: 2,
         Zdepth: 1, bbounddistance: 0.06487144478595241, branchscore: 0.8299925613454365, maxdepth: 1, focusdepth: 1
--node number: 5, dual bound: 0.9312795058833123, branchnode bound: 0.9312795058833123,
         primal out bound: 0.3498555758888321, primal bound: 0.3498555758888321, cutoff bound: 0.05957594899062902,  gap: 0.5814239299944802,
         rel_gap: 0.6243280629728919, nleaves: 3,
         Zdepth: 1, bbounddistance: 0.043795631782672984, branchscore: 0.7891577176441557, maxdepth: 2, focusdepth: 2
--node number: 7, dual bound: 0.9303248640130558, branchnode bound: 0.9303248640130558,
         primal out bound: 0.3498555758888321, primal bound: 0.3498555758888321, cutoff bound: 0.05957594899062902,  gap: 0.5804692881242237,
         rel_gap: 0.6239425716521295, nleaves: 4,
         Zdepth: 1, bbounddistance: 0.027341691153156045, branchscore: 0.7377175829865443, maxdepth: 3, focusdepth: 2
--node number: 9, dual bound: 0.930274426490165, branchnode bound: 0.930274426490165,
         primal out bound: 0.3498555758888321, primal bound: 0.3498555758888321, cutoff bound: 0.05957594899062902,  gap: 0.5804188506013329,
         rel_gap: 0.6239221826092725, nleaves: 5,
         Zdepth: 1, bbounddistance: 0.0670711807978916, branchscore: 0.7152304002134174, maxdepth: 3, focusdepth: 1
--find a better primal bound 0.3498559690418949 by Alternative descent Eigen
--node number: 11, dual bound: 0.9261746027452042, branchnode bound: 0.9261746027452042,
         primal out bound: 0.3498559690418949, primal bound: 0.3498559690418949, cutoff bound: 0.05957594899062902,  gap: 0.5763186337033093,
         rel_gap: 0.6222570042355801, nleaves: 6,
         Zdepth: 1, bbounddistance: 0.03193800440264133, branchscore: 0.7138880671776061, maxdepth: 3, focusdepth: 2
--node number: 13, dual bound: 0.9228641697856048, branchnode bound: 0.9228641697856048,
         primal out bound: 0.3498559690418949, primal bound: 0.3498559690418949, cutoff bound: 0.05957594899062902,  gap: 0.5730082007437098,
         rel_gap: 0.6209019913264465, nleaves: 7,
         Zdepth: 1, bbounddistance: 0.01856210076281012, branchscore: 0.6568327558674147, maxdepth: 3, focusdepth: 3
--max node number reached: 15, terminated
--node number: 15, dual bound: 0.921724909024058, branchnode bound: 0.921724909024058,
         primal out bound: 0.3498559690418949, primal bound: 0.3498559690418949, cutoff bound: 0.05957594899062902,  gap: 0.571868939982163,
         rel_gap: 0.6204334225790535, nleaves: 8,
         Zdepth: 1, bbounddistance: 0.021541504343703, branchscore: 0.6847163529435031, maxdepth: 4, focusdepth: 3
iteration: 70,  #states: 2434, valueb: 0.05957594899062902, activeness: 0.3498559690418949, primalobj: 0.9414801243254004, dualobj: 0.13938601292215236
solve--
end solve-- RelaxOptimal OPTIMAL
 weights_sum: 1.000000559418463
Terminated at iteration 3 with number of substates: 1017, glbub: 0.9414789897020479, glblb: 0.13938601292215236, approxub: 0.9310469652531039, approxweights: 1.000000559418463
Time limit exceeded, exiting...
Loop finished -1
Results saved to /scratch/opt/lxu/TensorOpt4Entanglement_Debug/ab/20260917-180904/state_10_IR/current/state_10.jl_IR
Processing complete!
