Starting ExactEntanglement.jl main script...
Loading benchmark data from: state_10.jl
Loaded data:
  T = Float64
  N = 5
  dims = (2, 2, 2, 2, 2)
  ρ size = (32, 32)
Parameters:
  algorithm = CP
  solver = MSK
  time_limit = -1.0
  log_level = 1
  maxrounds = 100
Root relaxation: 1140 vars, 13638 constraints, 64524 nonzeros, 1.3 MiB as CBF (measured in 23.45 s)
1106 pure states
LP relaxation created--
solve--
end solve-- RelaxOptimal OPTIMAL
 weights_sum: 1.0000000016421924
itereffortlevel: 0
--separating...
--find a better primal bound 2.5468583569543317 by Alternative descent Eigen
--found a cut state by heuristic 2.5468583569543317 0.0 
iteration: 0,  #states: 1106, valueb: 0.0, activeness: 2.5468583569543317, primalobj: 1.0, dualobj: -Inf
solve--
end solve-- RelaxOptimal OPTIMAL
 weights_sum: 1.0000007361881662
itereffortlevel: 0
--separating...
--find a better primal bound 2.15562721467123 by Alternative descent Eigen
--found a cut state by heuristic 2.15562721467123 0.0 
iteration: 1,  #states: 1107, valueb: 0.0, activeness: 2.15562721467123, primalobj: 1.0, dualobj: -Inf
solve--
end solve-- RelaxOptimal OPTIMAL
 weights_sum: 1.0000000041240036
itereffortlevel: 0
--separating...
--find a better primal bound 2.9007404146900524 by Alternative descent Eigen
--found a cut state by heuristic 2.9007404146900524 0.0 
iteration: 2,  #states: 1108, valueb: 0.0, activeness: 2.9007404146900524, primalobj: 1.0, dualobj: -Inf
solve--
end solve-- RelaxOptimal OPTIMAL
 weights_sum: 1.0000000149029287
itereffortlevel: 0
--separating...
--find a better primal bound 1.1657688682754537 by Alternative descent Eigen
--found a cut state by heuristic 1.1657688682754537 0.0 
iteration: 3,  #states: 1109, valueb: 0.0, activeness: 1.1657688682754537, primalobj: 1.0, dualobj: -Inf
solve--
end solve-- RelaxOptimal OPTIMAL
 weights_sum: 1.0000000000902622
itereffortlevel: 0
--separating...
--find a better primal bound 4.74846536622734 by Alternative descent Eigen
--found a cut state by heuristic 4.74846536622734 0.0 
iteration: 4,  #states: 1110, valueb: 0.0, activeness: 4.74846536622734, primalobj: 1.0, dualobj: -Inf
solve--
end solve-- RelaxOptimal OPTIMAL
 weights_sum: 1.0000003642056607
itereffortlevel: 0
--separating...
--find a better primal bound 1.9616464034269538 by Alternative descent Eigen
--found a cut state by heuristic 1.9616464034269538 0.0 
iteration: 5,  #states: 1111, valueb: 0.0, activeness: 1.9616464034269538, primalobj: 1.0, dualobj: -Inf
solve--
end solve-- RelaxOptimal OPTIMAL
 weights_sum: 1.0000001574675612
itereffortlevel: 0
--separating...
--find a better primal bound 4.588662802217727 by Alternative descent Eigen
--found a cut state by heuristic 4.588662802217727 0.0 
iteration: 6,  #states: 1112, valueb: 0.0, activeness: 4.588662802217727, primalobj: 1.0, dualobj: -Inf
solve--
end solve-- RelaxOptimal OPTIMAL
 weights_sum: 1.0000000001794405
itereffortlevel: 0
--separating...
--find a better primal bound 1.1698458896204684 by Alternative descent Eigen
--found a cut state by heuristic 1.1698458896204684 0.0 
iteration: 7,  #states: 1113, valueb: 0.0, activeness: 1.1698458896204684, primalobj: 1.0, dualobj: -Inf
solve--
end solve-- RelaxOptimal OPTIMAL
 weights_sum: 1.0000001490245227
itereffortlevel: 0
--separating...
--find a better primal bound 3.711962309355523 by Alternative descent Eigen
--found a cut state by heuristic 3.711962309355523 0.0 
iteration: 8,  #states: 1114, valueb: 0.0, activeness: 3.711962309355523, primalobj: 1.0, dualobj: -Inf
solve--
end solve-- RelaxOptimal OPTIMAL
 weights_sum: 1.0000008156953424
itereffortlevel: 0
--separating...
--find a better primal bound 1.7497489512360558 by Alternative descent Eigen
--found a cut state by heuristic 1.7497489512360558 0.0 
iteration: 9,  #states: 1115, valueb: 0.0, activeness: 1.7497489512360558, primalobj: 1.0, dualobj: -Inf
solve--
end solve-- RelaxOptimal OPTIMAL
 weights_sum: 1.0000000124220385
itereffortlevel: 0
--separating...
--find a better primal bound 2.3590893216859508 by Alternative descent Eigen
--found a cut state by heuristic 2.3590893216859508 0.0 
iteration: 10,  #states: 1116, valueb: 0.0, activeness: 2.3590893216859508, primalobj: 1.0, dualobj: -Inf
solve--
end solve-- RelaxOptimal OPTIMAL
 weights_sum: 1.000000000132798
itereffortlevel: 0
--separating...
--find a better primal bound 1.6289537847349669 by Alternative descent Eigen
--found a cut state by heuristic 1.6289537847349669 0.0 
iteration: 11,  #states: 1117, valueb: 0.0, activeness: 1.6289537847349669, primalobj: 1.0, dualobj: -Inf
solve--
end solve-- RelaxOptimal OPTIMAL
 weights_sum: 1.0000007722502027
itereffortlevel: 0
--separating...
--find a better primal bound 1.5330482219090622 by Alternative descent Eigen
--found a cut state by heuristic 1.5330482219090622 0.0 
iteration: 12,  #states: 1118, valueb: 0.0, activeness: 1.5330482219090622, primalobj: 1.0, dualobj: -Inf
solve--
end solve-- RelaxOptimal OPTIMAL
 weights_sum: 1.0000000008344605
itereffortlevel: 0
--separating...
--find a better primal bound 1.88028136972436 by Alternative descent Eigen
--found a cut state by heuristic 1.88028136972436 0.0 
iteration: 13,  #states: 1119, valueb: 0.0, activeness: 1.88028136972436, primalobj: 1.0, dualobj: -Inf
solve--
end solve-- RelaxOptimal OPTIMAL
 weights_sum: 1.0000000548912786
itereffortlevel: 0
--separating...
--find a better primal bound 2.920710460997115 by Alternative descent Eigen
--found a cut state by heuristic 2.920710460997115 0.0 
iteration: 14,  #states: 1120, valueb: 0.0, activeness: 2.920710460997115, primalobj: 1.0, dualobj: -Inf
solve--
end solve-- RelaxOptimal OPTIMAL
 weights_sum: 1.0000000001756726
itereffortlevel: 0
--separating...
--find a better primal bound 1.3395276371834495 by Alternative descent Eigen
--found a cut state by heuristic 1.3395276371834495 0.0 
iteration: 15,  #states: 1121, valueb: 0.0, activeness: 1.3395276371834495, primalobj: 1.0, dualobj: -Inf
solve--
end solve-- RelaxOptimal OPTIMAL
 weights_sum: 1.0000000010676353
itereffortlevel: 0
--separating...
--find a better primal bound 3.8020366340786977 by Alternative descent Eigen
--found a cut state by heuristic 3.8020366340786977 0.0 
iteration: 16,  #states: 1122, valueb: 0.0, activeness: 3.8020366340786977, primalobj: 1.0, dualobj: -Inf
solve--
end solve-- RelaxOptimal OPTIMAL
 weights_sum: 1.0000000002287543
itereffortlevel: 0
--separating...
--find a better primal bound 3.6335880969349104 by Alternative descent Eigen
--found a cut state by heuristic 3.6335880969349104 0.0 
iteration: 17,  #states: 1123, valueb: 0.0, activeness: 3.6335880969349104, primalobj: 1.0, dualobj: -Inf
solve--
end solve-- RelaxOptimal OPTIMAL
 weights_sum: 1.0000000025639508
itereffortlevel: 0
--separating...
--find a better primal bound 2.4000120170717336 by Alternative descent Eigen
--found a cut state by heuristic 2.4000120170717336 0.0 
iteration: 18,  #states: 1124, valueb: 0.0, activeness: 2.4000120170717336, primalobj: 1.0, dualobj: -Inf
solve--
end solve-- RelaxOptimal OPTIMAL
 weights_sum: 1.0000000311188157
itereffortlevel: 0
--separating...
--find a better primal bound 1.9242542846819488 by Alternative descent Eigen
--found a cut state by heuristic 1.9242542846819488 0.0 
iteration: 19,  #states: 1125, valueb: 0.0, activeness: 1.9242542846819488, primalobj: 1.0, dualobj: -Inf
solve--
end solve-- RelaxOptimal OPTIMAL
 weights_sum: 1.0000000023436584
itereffortlevel: 0
--separating...
--find a better primal bound 3.7104383953082136 by Alternative descent Eigen
--found a cut state by heuristic 3.7104383953082136 0.0 
iteration: 20,  #states: 1126, valueb: 0.0, activeness: 3.7104383953082136, primalobj: 1.0, dualobj: -Inf
solve--
end solve-- RelaxOptimal OPTIMAL
 weights_sum: 1.00000000080691
itereffortlevel: 0
--separating...
--find a better primal bound 3.0815355367115633 by Alternative descent Eigen
--found a cut state by heuristic 3.0815355367115633 0.0 
iteration: 21,  #states: 1127, valueb: 0.0, activeness: 3.0815355367115633, primalobj: 1.0, dualobj: -Inf
solve--
end solve-- RelaxOptimal OPTIMAL
 weights_sum: 1.0000000091230463
itereffortlevel: 0
--separating...
--find a better primal bound 2.888789640605155 by Alternative descent Eigen
--found a cut state by heuristic 2.888789640605155 0.0 
iteration: 22,  #states: 1128, valueb: 0.0, activeness: 2.888789640605155, primalobj: 1.0, dualobj: -Inf
solve--
end solve-- RelaxOptimal OPTIMAL
 weights_sum: 1.000000006294241
itereffortlevel: 0
--separating...
--find a better primal bound 3.427950025583833 by Alternative descent Eigen
--found a cut state by heuristic 3.427950025583833 0.0 
iteration: 23,  #states: 1129, valueb: 0.0, activeness: 3.427950025583833, primalobj: 1.0, dualobj: -Inf
solve--
end solve-- RelaxOptimal OPTIMAL
 weights_sum: 1.0000000010716197
itereffortlevel: 0
--separating...
--find a better primal bound 2.027316854936571 by Alternative descent Eigen
--found a cut state by heuristic 2.027316854936571 0.0 
iteration: 24,  #states: 1130, valueb: 0.0, activeness: 2.027316854936571, primalobj: 1.0, dualobj: -Inf
solve--
end solve-- RelaxOptimal OPTIMAL
 weights_sum: 1.0000000666940272
itereffortlevel: 0
--separating...
--find a better primal bound 1.941030742322148 by Alternative descent Eigen
--found a cut state by heuristic 1.941030742322148 0.0 
iteration: 25,  #states: 1131, valueb: 0.0, activeness: 1.941030742322148, primalobj: 1.0, dualobj: -Inf
solve--
end solve-- RelaxOptimal OPTIMAL
 weights_sum: 1.0000026769771189
itereffortlevel: 0
--separating...
--find a better primal bound 2.171160216871611 by Alternative descent Eigen
--found a cut state by heuristic 2.171160216871611 0.0 
iteration: 26,  #states: 1132, valueb: 0.0, activeness: 2.171160216871611, primalobj: 1.0, dualobj: -Inf
solve--
end solve-- RelaxOptimal OPTIMAL
 weights_sum: 1.0000002914292825
itereffortlevel: 0
--separating...
--find a better primal bound 7.4739895556000455 by Alternative descent Eigen
--found a cut state by heuristic 7.4739895556000455 0.0 
iteration: 27,  #states: 1133, valueb: 0.0, activeness: 7.4739895556000455, primalobj: 1.0, dualobj: -Inf
solve--
end solve-- RelaxOptimal OPTIMAL
 weights_sum: 1.000000017320067
itereffortlevel: 0
--separating...
--find a better primal bound 2.7754719547025237 by Alternative descent Eigen
--found a cut state by heuristic 2.7754719547025237 0.0 
iteration: 28,  #states: 1134, valueb: 0.0, activeness: 2.7754719547025237, primalobj: 1.0, dualobj: -Inf
solve--
end solve-- RelaxOptimal OPTIMAL
 weights_sum: 1.00000001060255
itereffortlevel: 0
--separating...
--find a better primal bound 2.6140029739709965 by Alternative descent Eigen
--found a cut state by heuristic 2.6140029739709965 0.0 
iteration: 29,  #states: 1135, valueb: 0.0, activeness: 2.6140029739709965, primalobj: 1.0, dualobj: -Inf
solve--
end solve-- RelaxOptimal OPTIMAL
 weights_sum: 1.000000020605106
itereffortlevel: 0
--separating...
--find a better primal bound 2.549085082223391 by Alternative descent Eigen
--found a cut state by heuristic 2.549085082223391 0.0 
iteration: 30,  #states: 1136, valueb: 0.0, activeness: 2.549085082223391, primalobj: 1.0, dualobj: -Inf
solve--
end solve-- RelaxOptimal OPTIMAL
 weights_sum: 1.0
itereffortlevel: 0
--separating...
--find a better primal bound 1.162415492245797 by Alternative descent Eigen
--found a cut state by heuristic 1.162415492245797 9.285419655391536e-13 
iteration: 31,  #states: 1137, valueb: 9.285419655391536e-13, activeness: 1.162415492245797, primalobj: 0.999999999987447, dualobj: -Inf
solve--
end solve-- RelaxOptimal OPTIMAL
 weights_sum: 1.0
itereffortlevel: 0
--separating...
--find a better primal bound 5.143684215177784 by Alternative descent Eigen
--found a cut state by heuristic 5.143684215177784 -2.579178814965388e-10 
iteration: 32,  #states: 1138, valueb: -2.579178814965388e-10, activeness: 5.143684215177784, primalobj: 0.9999999996951877, dualobj: -Inf
solve--
end solve-- RelaxOptimal OPTIMAL
 weights_sum: 1.0
itereffortlevel: 0
--separating...
--find a better primal bound 0.9012985841507655 by Alternative descent Eigen
--found a cut state by heuristic 0.9012985841507655 1.5001819231308389e-12 
iteration: 33,  #states: 1139, valueb: 1.5001819231308389e-12, activeness: 0.9012985841507655, primalobj: 0.9999999999799333, dualobj: -Inf
solve--
end solve-- RelaxOptimal OPTIMAL
 weights_sum: 1.0
itereffortlevel: 0
--separating...
--find a better primal bound 2.6233406062862894 by Alternative descent Eigen
--found a cut state by heuristic 2.6233406062862894 6.441069899665308e-12 
iteration: 34,  #states: 1140, valueb: 6.441069899665308e-12, activeness: 2.6233406062862894, primalobj: 1.0000000000420055, dualobj: -Inf
solve--
end solve-- RelaxOptimal OPTIMAL
 weights_sum: 1.0
itereffortlevel: 0
--separating...
--find a better primal bound 1.7120688515452929 by Alternative descent Eigen
--found a cut state by heuristic 1.7120688515452929 1.6013978337836576e-12 
iteration: 35,  #states: 1141, valueb: 1.6013978337836576e-12, activeness: 1.7120688515452929, primalobj: 0.9999999999780327, dualobj: -Inf
solve--
end solve-- RelaxOptimal OPTIMAL
 weights_sum: 1.0
itereffortlevel: 0
--separating...
--find a better primal bound 1.4699068862272073 by Alternative descent Eigen
--found a cut state by heuristic 1.4699068862272073 1.1200491922824796e-11 
iteration: 36,  #states: 1142, valueb: 1.1200491922824796e-11, activeness: 1.4699068862272073, primalobj: 0.9999999999484909, dualobj: -Inf
solve--
end solve-- RelaxOptimal OPTIMAL
 weights_sum: 1.0
itereffortlevel: 0
--separating...
--find a better primal bound 0.9628604948416561 by Alternative descent Eigen
--found a cut state by heuristic 0.9628604948416561 -1.2432242735282983e-12 
iteration: 37,  #states: 1143, valueb: -1.2432242735282983e-12, activeness: 0.9628604948416561, primalobj: 0.9999999999606675, dualobj: -Inf
solve--
end solve-- RelaxOptimal OPTIMAL
 weights_sum: 1.0
itereffortlevel: 0
--separating...
--find a better primal bound 1.6815428922072386 by Alternative descent Eigen
--found a cut state by heuristic 1.6815428922072386 -3.886491128923808e-11 
iteration: 38,  #states: 1144, valueb: -3.886491128923808e-11, activeness: 1.6815428922072386, primalobj: 1.0000000000290195, dualobj: -Inf
solve--
end solve-- RelaxOptimal OPTIMAL
 weights_sum: 1.0
itereffortlevel: 0
--separating...
--find a better primal bound 1.6097645955267215 by Alternative descent Eigen
--found a cut state by heuristic 1.6097645955267215 -5.457370666483996e-13 
iteration: 39,  #states: 1145, valueb: -5.457370666483996e-13, activeness: 1.6097645955267215, primalobj: 0.999999999977575, dualobj: -Inf
solve--
end solve-- RelaxOptimal OPTIMAL
 weights_sum: 1.0
itereffortlevel: 0
--separating...
--find a better primal bound 2.0325719487816043 by Alternative descent Eigen
--found a cut state by heuristic 2.0325719487816043 -3.941801746121243e-12 
iteration: 40,  #states: 1146, valueb: -3.941801746121243e-12, activeness: 2.0325719487816043, primalobj: 0.9999999999676514, dualobj: -Inf
solve--
end solve-- RelaxOptimal OPTIMAL
 weights_sum: 1.0
itereffortlevel: 0
--separating...
--find a better primal bound 3.819370791590438 by Alternative descent Eigen
--found a cut state by heuristic 3.819370791590438 1.7255397111171078e-10 
iteration: 41,  #states: 1147, valueb: 1.7255397111171078e-10, activeness: 3.819370791590438, primalobj: 0.9999999997323028, dualobj: -Inf
solve--
end solve-- RelaxOptimal OPTIMAL
 weights_sum: 1.0
itereffortlevel: 0
--separating...
--find a better primal bound 1.5398487066234792 by Alternative descent Eigen
--found a cut state by heuristic 1.5398487066234792 2.4675331222745456e-12 
iteration: 42,  #states: 1148, valueb: 2.4675331222745456e-12, activeness: 1.5398487066234792, primalobj: 0.9999999999623943, dualobj: -Inf
solve--
end solve-- RelaxOptimal OPTIMAL
 weights_sum: 1.0
itereffortlevel: 0
--separating...
--find a better primal bound 0.7084378990366804 by Alternative descent Eigen
--found a cut state by heuristic 0.7084378990366804 -1.0313522605387426e-10 
iteration: 43,  #states: 1149, valueb: -1.0313522605387426e-10, activeness: 0.7084378990366804, primalobj: 1.0000000001026514, dualobj: -Inf
solve--
end solve-- RelaxOptimal OPTIMAL
 weights_sum: 1.0
itereffortlevel: 0
--separating...
--find a better primal bound 2.7758276449703043 by Alternative descent Eigen
--found a cut state by heuristic 2.7758276449703043 -3.4328495601698705e-10 
iteration: 44,  #states: 1150, valueb: -3.4328495601698705e-10, activeness: 2.7758276449703043, primalobj: 1.0000000027052165, dualobj: -Inf
solve--
end solve-- RelaxOptimal OPTIMAL
 weights_sum: 1.0
itereffortlevel: 0
--separating...
--find a better primal bound 1.283560437391683 by Alternative descent Eigen
--found a cut state by heuristic 1.283560437391683 -5.550146106592102e-11 
iteration: 45,  #states: 1151, valueb: -5.550146106592102e-11, activeness: 1.283560437391683, primalobj: 0.9999999999462439, dualobj: -Inf
solve--
end solve-- RelaxOptimal OPTIMAL
 weights_sum: 1.0
itereffortlevel: 0
--separating...
--find a better primal bound 4.090493396635647 by Alternative descent Eigen
--found a cut state by heuristic 4.090493396635647 8.05218114408035e-10 
iteration: 46,  #states: 1152, valueb: 8.05218114408035e-10, activeness: 4.090493396635647, primalobj: 1.0000000000231781, dualobj: -Inf
solve--
end solve-- RelaxOptimal OPTIMAL
 weights_sum: 1.0
itereffortlevel: 0
--separating...
--find a better primal bound 1.5477814946274158 by Alternative descent Eigen
--found a cut state by heuristic 1.5477814946274158 -9.42285659222275e-11 
iteration: 47,  #states: 1153, valueb: -9.42285659222275e-11, activeness: 1.5477814946274158, primalobj: 1.000000000050723, dualobj: -Inf
solve--
end solve-- RelaxOptimal OPTIMAL
 weights_sum: 1.0
itereffortlevel: 0
--separating...
--find a better primal bound 11.878165362859104 by Alternative descent Eigen
--found a cut state by heuristic 11.878165362859104 -1.4637180356658064e-12 
iteration: 48,  #states: 1154, valueb: -1.4637180356658064e-12, activeness: 11.878165362859104, primalobj: 0.999999999993837, dualobj: -Inf
solve--
end solve-- RelaxOptimal OPTIMAL
 weights_sum: 1.0
itereffortlevel: 0
--separating...
--find a better primal bound 1.0140673052885811 by Alternative descent Eigen
--found a cut state by heuristic 1.0140673052885811 -6.987617429121684e-11 
iteration: 49,  #states: 1155, valueb: -6.987617429121684e-11, activeness: 1.0140673052885811, primalobj: 1.0000000000138225, dualobj: -Inf
solve--
end solve-- RelaxOptimal OPTIMAL
 weights_sum: 1.0
itereffortlevel: 0
--separating...
--find a better primal bound 1.2349570242251062 by Alternative descent Eigen
--found a cut state by heuristic 1.2349570242251062 -8.010572240257918e-11 
iteration: 50,  #states: 1156, valueb: -8.010572240257918e-11, activeness: 1.2349570242251062, primalobj: 1.000000000041585, dualobj: -Inf
solve--
end solve-- RelaxOptimal OPTIMAL
 weights_sum: 1.0
itereffortlevel: 0
--separating...
--find a better primal bound 12.32587670496239 by Alternative descent Eigen
--found a cut state by heuristic 12.32587670496239 4.085443094936636e-11 
iteration: 51,  #states: 1157, valueb: 4.085443094936636e-11, activeness: 12.32587670496239, primalobj: 0.9999999999609857, dualobj: -Inf
solve--
end solve-- RelaxOptimal OPTIMAL
 weights_sum: 1.0
itereffortlevel: 0
--separating...
--find a better primal bound 3.4542915789750257 by Alternative descent Eigen
--found a cut state by heuristic 3.4542915789750257 3.120387837007854e-10 
iteration: 52,  #states: 1158, valueb: 3.120387837007854e-10, activeness: 3.4542915789750257, primalobj: 0.9999999998386889, dualobj: -Inf
solve--
end solve-- RelaxOptimal OPTIMAL
 weights_sum: 1.0
itereffortlevel: 0
--separating...
--find a better primal bound 2.3129693037601404 by Alternative descent Eigen
--found a cut state by heuristic 2.3129693037601404 1.6128171020923787e-10 
iteration: 53,  #states: 1159, valueb: 1.6128171020923787e-10, activeness: 2.3129693037601404, primalobj: 0.9999999999078508, dualobj: -Inf
solve--
end solve-- RelaxOptimal OPTIMAL
 weights_sum: 1.0
itereffortlevel: 0
--separating...
--find a better primal bound 1.1363737976718906 by Alternative descent Eigen
--found a cut state by heuristic 1.1363737976718906 -1.6346634462705012e-10 
iteration: 54,  #states: 1160, valueb: -1.6346634462705012e-10, activeness: 1.1363737976718906, primalobj: 1.0000000000977942, dualobj: -Inf
solve--
end solve-- RelaxOptimal OPTIMAL
 weights_sum: 1.0
itereffortlevel: 0
--separating...
--find a better primal bound 3.2006766063151595 by Alternative descent Eigen
--found a cut state by heuristic 3.2006766063151595 1.0767281510837279e-10 
iteration: 55,  #states: 1161, valueb: 1.0767281510837279e-10, activeness: 3.2006766063151595, primalobj: 0.9999999999347685, dualobj: -Inf
solve--
end solve-- RelaxOptimal OPTIMAL
 weights_sum: 1.0
itereffortlevel: 0
--separating...
--find a better primal bound 3.1542093541021625 by Alternative descent Eigen
--found a cut state by heuristic 3.1542093541021625 1.5712764422914915e-11 
iteration: 56,  #states: 1162, valueb: 1.5712764422914915e-11, activeness: 3.1542093541021625, primalobj: 0.9999999999677563, dualobj: -Inf
solve--
end solve-- RelaxOptimal OPTIMAL
 weights_sum: 1.0
itereffortlevel: 0
--separating...
--find a better primal bound 1.740964446523427 by Alternative descent Eigen
--found a cut state by heuristic 1.740964446523427 3.0744295997919835e-11 
iteration: 57,  #states: 1163, valueb: 3.0744295997919835e-11, activeness: 1.740964446523427, primalobj: 0.9999999999463955, dualobj: -Inf
solve--
end solve-- RelaxOptimal OPTIMAL
 weights_sum: 1.0
itereffortlevel: 0
--separating...
--find a better primal bound 4.122244881494495 by Alternative descent Eigen
--found a cut state by heuristic 4.122244881494495 7.354117315117037e-12 
iteration: 58,  #states: 1164, valueb: 7.354117315117037e-12, activeness: 4.122244881494495, primalobj: 0.9999999999837623, dualobj: -Inf
solve--
end solve-- RelaxOptimal OPTIMAL
 weights_sum: 1.0
itereffortlevel: 0
--separating...
--find a better primal bound 5.143476359144667 by Alternative descent Eigen
--found a cut state by heuristic 5.143476359144667 7.94324606090413e-11 
iteration: 59,  #states: 1165, valueb: 7.94324606090413e-11, activeness: 5.143476359144667, primalobj: 0.999999999933303, dualobj: -Inf
solve--
end solve-- RelaxOptimal OPTIMAL
 weights_sum: 1.0
itereffortlevel: 0
--separating...
--find a better primal bound 1.876421357136814 by Alternative descent Eigen
--found a cut state by heuristic 1.876421357136814 -4.243434666151291e-10 
iteration: 60,  #states: 1166, valueb: -4.243434666151291e-10, activeness: 1.876421357136814, primalobj: 1.0000000003617728, dualobj: -Inf
solve--
end solve-- RelaxOptimal OPTIMAL
 weights_sum: 1.0
itereffortlevel: 0
--separating...
--find a better primal bound 2.769041200592138 by Alternative descent Eigen
--found a cut state by heuristic 2.769041200592138 1.4390932889796204e-11 
iteration: 61,  #states: 1167, valueb: 1.4390932889796204e-11, activeness: 2.769041200592138, primalobj: 0.9999999999658392, dualobj: -Inf
solve--
end solve-- RelaxOptimal OPTIMAL
 weights_sum: 1.0
itereffortlevel: 0
--separating...
--find a better primal bound 1.2114489377063946 by Alternative descent Eigen
--found a cut state by heuristic 1.2114489377063946 -1.1020301685094047e-10 
iteration: 62,  #states: 1168, valueb: -1.1020301685094047e-10, activeness: 1.2114489377063946, primalobj: 1.0000000001153875, dualobj: -Inf
solve--
end solve-- RelaxOptimal OPTIMAL
 weights_sum: 1.0
itereffortlevel: 0
--separating...
--find a better primal bound 2.666859069443637 by Alternative descent Eigen
--found a cut state by heuristic 2.666859069443637 4.454959179334139e-10 
iteration: 63,  #states: 1169, valueb: 4.454959179334139e-10, activeness: 2.666859069443637, primalobj: 0.9999999979567004, dualobj: -Inf
solve--
end solve-- RelaxOptimal OPTIMAL
 weights_sum: 1.0
itereffortlevel: 0
--separating...
--find a better primal bound 1.0999999514598793 by Alternative descent Eigen
--found a cut state by heuristic 1.0999999514598793 4.831363989432624e-10 
iteration: 64,  #states: 1170, valueb: 4.831363989432624e-10, activeness: 1.0999999514598793, primalobj: 0.9999999966741773, dualobj: -Inf
solve--
end solve-- RelaxOptimal OPTIMAL
 weights_sum: 1.0
itereffortlevel: 0
--separating...
--find a better primal bound 2.074769607943673 by Alternative descent Eigen
--found a cut state by heuristic 2.074769607943673 3.66004435092826e-10 
iteration: 65,  #states: 1171, valueb: 3.66004435092826e-10, activeness: 2.074769607943673, primalobj: 0.9999999987646786, dualobj: -Inf
solve--
end solve-- RelaxOptimal OPTIMAL
 weights_sum: 1.0
itereffortlevel: 0
--separating...
--find a better primal bound 1.4534490598237786 by Alternative descent Eigen
--found a cut state by heuristic 1.4534490598237786 5.0815587848696e-11 
iteration: 66,  #states: 1172, valueb: 5.0815587848696e-11, activeness: 1.4534490598237786, primalobj: 0.9999999996300138, dualobj: -Inf
solve--
end solve-- RelaxOptimal OPTIMAL
 weights_sum: 1.0
itereffortlevel: 0
--separating...
--find a better primal bound 3.4286623588147713 by Alternative descent Eigen
--found a cut state by heuristic 3.4286623588147713 5.809241976351132e-14 
iteration: 67,  #states: 1173, valueb: 5.809241976351132e-14, activeness: 3.4286623588147713, primalobj: 0.9999999999988678, dualobj: -Inf
solve--
end solve-- RelaxOptimal OPTIMAL
 weights_sum: 1.0
itereffortlevel: 0
--separating...
--find a better primal bound 1.3252583896352634 by Alternative descent Eigen
--found a cut state by heuristic 1.3252583896352634 2.080186890796032e-11 
iteration: 68,  #states: 1174, valueb: 2.080186890796032e-11, activeness: 1.3252583896352634, primalobj: 0.999999999165642, dualobj: -Inf
solve--
end solve-- RelaxOptimal OPTIMAL
 weights_sum: 1.0
itereffortlevel: 0
--separating...
--find a better primal bound 1.5463526048395604 by Alternative descent Eigen
--found a cut state by heuristic 1.5463526048395604 6.967063939655738e-10 
iteration: 69,  #states: 1175, valueb: 6.967063939655738e-10, activeness: 1.5463526048395604, primalobj: 0.9999999950666411, dualobj: -Inf
solve--
end solve-- RelaxOptimal OPTIMAL
 weights_sum: 1.0
itereffortlevel: 0
--separating...
--find a better primal bound 1.6694485846904201 by Alternative descent Eigen
--found a cut state by heuristic 1.6694485846904201 -0.0 
iteration: 70,  #states: 1176, valueb: -0.0, activeness: 1.6694485846904201, primalobj: 1.0, dualobj: -Inf
solve--
end solve-- RelaxOptimal OPTIMAL
 weights_sum: 1.0
itereffortlevel: 0
--separating...
--find a better primal bound 2.358603864484331 by Alternative descent Eigen
--found a cut state by heuristic 2.358603864484331 9.694469914334203e-10 
iteration: 71,  #states: 1177, valueb: 9.694469914334203e-10, activeness: 2.358603864484331, primalobj: 0.9999999993290729, dualobj: -Inf
solve--
end solve-- RelaxOptimal OPTIMAL
 weights_sum: 1.0
itereffortlevel: 0
--separating...
--find a better primal bound 5.080387653842541 by Alternative descent Eigen
--found a cut state by heuristic 5.080387653842541 6.02461164289636e-10 
iteration: 72,  #states: 1178, valueb: 6.02461164289636e-10, activeness: 5.080387653842541, primalobj: 0.9999999995956191, dualobj: -Inf
solve--
end solve-- RelaxOptimal OPTIMAL
 weights_sum: 1.0
itereffortlevel: 0
--separating...
--find a better primal bound 1.8676498955685727 by Alternative descent Eigen
--found a cut state by heuristic 1.8676498955685727 1.0044463039093898e-9 
iteration: 73,  #states: 1179, valueb: 1.0044463039093898e-9, activeness: 1.8676498955685727, primalobj: 0.9999999992884286, dualobj: -Inf
solve--
end solve-- RelaxOptimal OPTIMAL
 weights_sum: 1.0
itereffortlevel: 0
--separating...
--find a better primal bound 1.1442485628231438 by Alternative descent Eigen
--found a cut state by heuristic 1.1442485628231438 -1.627101231527206e-13 
iteration: 74,  #states: 1180, valueb: -1.627101231527206e-13, activeness: 1.1442485628231438, primalobj: 0.9999999999986017, dualobj: -Inf
solve--
end solve-- RelaxOptimal OPTIMAL
 weights_sum: 1.0
itereffortlevel: 0
--separating...
--find a better primal bound 2.015068089648029 by Alternative descent Eigen
--found a cut state by heuristic 2.015068089648029 -1.015112126301343e-11 
iteration: 75,  #states: 1181, valueb: -1.015112126301343e-11, activeness: 2.015068089648029, primalobj: 0.9999999999644665, dualobj: -Inf
solve--
end solve-- RelaxOptimal OPTIMAL
 weights_sum: 1.0
itereffortlevel: 0
--separating...
--find a better primal bound 4.822752882469459 by Alternative descent Eigen
--found a cut state by heuristic 4.822752882469459 4.284661514475374e-9 
iteration: 76,  #states: 1182, valueb: 4.284661514475374e-9, activeness: 4.822752882469459, primalobj: 0.9999999950562783, dualobj: -Inf
solve--
end solve-- RelaxOptimal OPTIMAL
 weights_sum: 1.0
itereffortlevel: 0
--separating...
--find a better primal bound 2.6049941393315925 by Alternative descent Eigen
--found a cut state by heuristic 2.6049941393315925 2.2827406631620306e-10 
iteration: 77,  #states: 1183, valueb: 2.2827406631620306e-10, activeness: 2.6049941393315925, primalobj: 0.9999999997809396, dualobj: -Inf
solve--
end solve-- RelaxOptimal OPTIMAL
 weights_sum: 1.0
itereffortlevel: 0
--separating...
--find a better primal bound 1.0245719176167525 by Alternative descent Eigen
--found a cut state by heuristic 1.0245719176167525 -3.514428331685693e-13 
iteration: 78,  #states: 1184, valueb: -3.514428331685693e-13, activeness: 1.0245719176167525, primalobj: 0.9999999999982775, dualobj: -Inf
solve--
end solve-- RelaxOptimal OPTIMAL
 weights_sum: 1.0
itereffortlevel: 0
--separating...
--find a better primal bound 0.7818111918187473 by Alternative descent Eigen
--found a cut state by heuristic 0.7818111918187473 -4.885872956217341e-12 
iteration: 79,  #states: 1185, valueb: -4.885872956217341e-12, activeness: 0.7818111918187473, primalobj: 1.0000000000018048, dualobj: -Inf
solve--
end solve-- RelaxOptimal OPTIMAL
 weights_sum: 1.0
itereffortlevel: 0
--separating...
--find a better primal bound 2.899208790530163 by Alternative descent Eigen
--found a cut state by heuristic 2.899208790530163 5.063283126105489e-12 
iteration: 80,  #states: 1186, valueb: 5.063283126105489e-12, activeness: 2.899208790530163, primalobj: 0.9999999999956676, dualobj: -Inf
solve--
end solve-- RelaxOptimal OPTIMAL
 weights_sum: 1.0
itereffortlevel: 0
--separating...
--find a better primal bound 0.8161926042368476 by Alternative descent Eigen
--found a cut state by heuristic 0.8161926042368476 -7.299258419912746e-12 
iteration: 81,  #states: 1187, valueb: -7.299258419912746e-12, activeness: 0.8161926042368476, primalobj: 0.9999999999815072, dualobj: -Inf
solve--
end solve-- RelaxOptimal OPTIMAL
 weights_sum: 1.0
itereffortlevel: 0
--separating...
--find a better primal bound 1.600524366604001 by Alternative descent Eigen
--found a cut state by heuristic 1.600524366604001 -1.565045662510478e-11 
iteration: 82,  #states: 1188, valueb: -1.565045662510478e-11, activeness: 1.600524366604001, primalobj: 0.9999999999511607, dualobj: -Inf
solve--
end solve-- RelaxOptimal OPTIMAL
 weights_sum: 1.0
itereffortlevel: 0
--separating...
--find a better primal bound 4.745793089184515 by Alternative descent Eigen
--found a cut state by heuristic 4.745793089184515 6.3506977454608204e-12 
iteration: 83,  #states: 1189, valueb: 6.3506977454608204e-12, activeness: 4.745793089184515, primalobj: 0.9999999999941821, dualobj: -Inf
solve--
end solve-- RelaxOptimal OPTIMAL
 weights_sum: 1.0
itereffortlevel: 0
--separating...
--find a better primal bound 2.022418154482531 by Alternative descent Eigen
--found a cut state by heuristic 2.022418154482531 6.675215935558754e-13 
iteration: 84,  #states: 1190, valueb: 6.675215935558754e-13, activeness: 2.022418154482531, primalobj: 0.9999999999969539, dualobj: -Inf
solve--
end solve-- RelaxOptimal OPTIMAL
 weights_sum: 1.0
itereffortlevel: 0
--separating...
--find a better primal bound 1.532121719632907 by Alternative descent Eigen
--found a cut state by heuristic 1.532121719632907 1.2537748617091893e-12 
iteration: 85,  #states: 1191, valueb: 1.2537748617091893e-12, activeness: 1.532121719632907, primalobj: 0.9999999999989523, dualobj: -Inf
solve--
end solve-- RelaxOptimal OPTIMAL
 weights_sum: 1.0
itereffortlevel: 0
--separating...
--find a better primal bound 0.9239871053233504 by Alternative descent Eigen
--found a cut state by heuristic 0.9239871053233504 -2.218742550796904e-11 
iteration: 86,  #states: 1192, valueb: -2.218742550796904e-11, activeness: 0.9239871053233504, primalobj: 1.0000000000002338, dualobj: -Inf
solve--
end solve-- RelaxOptimal OPTIMAL
 weights_sum: 1.0
itereffortlevel: 0
--separating...
--find a better primal bound 0.7633924093769227 by Alternative descent Eigen
--found a cut state by heuristic 0.7633924093769227 -7.042510810628677e-10 
iteration: 87,  #states: 1193, valueb: -7.042510810628677e-10, activeness: 0.7633924093769227, primalobj: 1.000000000358729, dualobj: -Inf
solve--
end solve-- RelaxOptimal OPTIMAL
 weights_sum: 1.0
itereffortlevel: 0
--separating...
--find a better primal bound 1.3817269765952522 by Alternative descent Eigen
--found a cut state by heuristic 1.3817269765952522 -5.177348792739789e-10 
iteration: 88,  #states: 1194, valueb: -5.177348792739789e-10, activeness: 1.3817269765952522, primalobj: 1.000000000131928, dualobj: -Inf
solve--
end solve-- RelaxOptimal OPTIMAL
 weights_sum: 1.0
itereffortlevel: 0
--separating...
--find a better primal bound 1.7860461280633837 by Alternative descent Eigen
--found a cut state by heuristic 1.7860461280633837 -2.861990783253887e-10 
iteration: 89,  #states: 1195, valueb: -2.861990783253887e-10, activeness: 1.7860461280633837, primalobj: 1.000000000211869, dualobj: -Inf
solve--
end solve-- RelaxOptimal OPTIMAL
 weights_sum: 1.0
itereffortlevel: 0
--separating...
--find a better primal bound 1.1455861486730095 by Alternative descent Eigen
--found a cut state by heuristic 1.1455861486730095 1.524208537162508e-11 
iteration: 90,  #states: 1196, valueb: 1.524208537162508e-11, activeness: 1.1455861486730095, primalobj: 0.9999999995691915, dualobj: -Inf
solve--
end solve-- RelaxOptimal OPTIMAL
 weights_sum: 1.0
itereffortlevel: 0
--separating...
--find a better primal bound 1.2884981865522551 by Alternative descent Eigen
--found a cut state by heuristic 1.2884981865522551 9.280820903456721e-11 
iteration: 91,  #states: 1197, valueb: 9.280820903456721e-11, activeness: 1.2884981865522551, primalobj: 0.9999999993096085, dualobj: -Inf
solve--
end solve-- RelaxOptimal OPTIMAL
 weights_sum: 1.0
itereffortlevel: 0
--separating...
--find a better primal bound 1.3072758403647236 by Alternative descent Eigen
--found a cut state by heuristic 1.3072758403647236 -3.1275135259356546e-11 
iteration: 92,  #states: 1198, valueb: -3.1275135259356546e-11, activeness: 1.3072758403647236, primalobj: 1.000000000015008, dualobj: -Inf
solve--
end solve-- RelaxOptimal OPTIMAL
 weights_sum: 1.0
itereffortlevel: 0
--separating...
--find a better primal bound 1.184074838750107 by Alternative descent Eigen
--found a cut state by heuristic 1.184074838750107 1.4224246780436545e-11 
iteration: 93,  #states: 1199, valueb: 1.4224246780436545e-11, activeness: 1.184074838750107, primalobj: 0.9999999998276725, dualobj: -Inf
solve--
end solve-- RelaxOptimal OPTIMAL
 weights_sum: 1.0
itereffortlevel: 0
--separating...
--find a better primal bound 1.328081973131407 by Alternative descent Eigen
--found a cut state by heuristic 1.328081973131407 -1.062350485359076e-10 
iteration: 94,  #states: 1200, valueb: -1.062350485359076e-10, activeness: 1.328081973131407, primalobj: 0.9999999996171538, dualobj: -Inf
solve--
end solve-- RelaxOptimal OPTIMAL
 weights_sum: 1.0
itereffortlevel: 0
--separating...
--find a better primal bound 1.5738288362455304 by Alternative descent Eigen
--found a cut state by heuristic 1.5738288362455304 1.4942952430985201e-10 
iteration: 95,  #states: 1201, valueb: 1.4942952430985201e-10, activeness: 1.5738288362455304, primalobj: 0.99999999905828, dualobj: -Inf
solve--
end solve-- RelaxOptimal OPTIMAL
 weights_sum: 1.0
itereffortlevel: 0
--separating...
--find a better primal bound 2.464043759816 by Alternative descent Eigen
--found a cut state by heuristic 2.464043759816 3.2862601528904634e-12 
iteration: 96,  #states: 1202, valueb: 3.2862601528904634e-12, activeness: 2.464043759816, primalobj: 0.9999999999970555, dualobj: -Inf
solve--
end solve-- RelaxOptimal OPTIMAL
 weights_sum: 1.0
itereffortlevel: 0
--separating...
--find a better primal bound 3.2938349425955185 by Alternative descent Eigen
--found a cut state by heuristic 3.2938349425955185 2.7599811325274004e-11 
iteration: 97,  #states: 1203, valueb: 2.7599811325274004e-11, activeness: 3.2938349425955185, primalobj: 0.9999999999855301, dualobj: -Inf
solve--
end solve-- RelaxOptimal OPTIMAL
 weights_sum: 1.0
itereffortlevel: 0
--separating...
--find a better primal bound 0.8700923907852016 by Alternative descent Eigen
--found a cut state by heuristic 0.8700923907852016 2.9701729270525945e-10 
iteration: 98,  #states: 1204, valueb: 2.9701729270525945e-10, activeness: 0.8700923907852016, primalobj: 0.9999999974054965, dualobj: -Inf
solve--
end solve-- RelaxOptimal OPTIMAL
 weights_sum: 1.0
itereffortlevel: 0
--separating...
--find a better primal bound 1.12382952574169 by Alternative descent Eigen
--found a cut state by heuristic 1.12382952574169 5.540779918211669e-10 
iteration: 99,  #states: 1205, valueb: 5.540779918211669e-10, activeness: 1.12382952574169, primalobj: 0.999999994860481, dualobj: -Inf
solve--
end solve-- RelaxOptimal OPTIMAL
 weights_sum: 1.0
itereffortlevel: 0
--separating...
--find a better primal bound 2.2979682619752095 by Alternative descent Eigen
--found a cut state by heuristic 2.2979682619752095 1.6353030041216243e-12 
iteration: 100,  #states: 1206, valueb: 1.6353030041216243e-12, activeness: 2.2979682619752095, primalobj: 0.999999999996639, dualobj: -Inf
solve--
end solve-- RelaxOptimal OPTIMAL
 weights_sum: 1.0
itereffortlevel: 0
--separating...
--find a better primal bound 1.0468679000240497 by Alternative descent Eigen
--found a cut state by heuristic 1.0468679000240497 -2.1017784734844724e-11 
iteration: 101,  #states: 1207, valueb: -2.1017784734844724e-11, activeness: 1.0468679000240497, primalobj: 0.9999999999973859, dualobj: -Inf
solve--
end solve-- RelaxOptimal OPTIMAL
 weights_sum: 1.0
itereffortlevel: 0
--separating...
--find a better primal bound 0.8988488064560423 by Alternative descent Eigen
--found a cut state by heuristic 0.8988488064560423 5.361749932930593e-11 
iteration: 102,  #states: 1208, valueb: 5.361749932930593e-11, activeness: 0.8988488064560423, primalobj: 0.9999999997752718, dualobj: -Inf
solve--
end solve-- RelaxOptimal OPTIMAL
 weights_sum: 1.0
itereffortlevel: 0
--separating...
--find a better primal bound 1.4822521878962085 by Alternative descent Eigen
--found a cut state by heuristic 1.4822521878962085 7.499056930981851e-12 
iteration: 103,  #states: 1209, valueb: 7.499056930981851e-12, activeness: 1.4822521878962085, primalobj: 0.9999999999950598, dualobj: -Inf
solve--
end solve-- RelaxOptimal OPTIMAL
 weights_sum: 1.0
itereffortlevel: 0
--separating...
--find a better primal bound 2.317729481246244 by Alternative descent Eigen
--found a cut state by heuristic 2.317729481246244 6.580264111377687e-12 
iteration: 104,  #states: 1210, valueb: 6.580264111377687e-12, activeness: 2.317729481246244, primalobj: 0.9999999999930379, dualobj: -Inf
solve--
end solve-- RelaxOptimal OPTIMAL
 weights_sum: 1.0
itereffortlevel: 0
--separating...
--find a better primal bound 5.285452546081879 by Alternative descent Eigen
--found a cut state by heuristic 5.285452546081879 7.946940813741143e-10 
iteration: 105,  #states: 1211, valueb: 7.946940813741143e-10, activeness: 5.285452546081879, primalobj: 0.9999999990017491, dualobj: -Inf
solve--
end solve-- RelaxOptimal OPTIMAL
 weights_sum: 1.0
itereffortlevel: 0
--separating...
--find a better primal bound 1.3291830619781215 by Alternative descent Eigen
--found a cut state by heuristic 1.3291830619781215 5.15008709289777e-10 
iteration: 106,  #states: 1212, valueb: 5.15008709289777e-10, activeness: 1.3291830619781215, primalobj: 0.9999999948961814, dualobj: -Inf
solve--
end solve-- RelaxOptimal OPTIMAL
 weights_sum: 1.0
itereffortlevel: 0
--separating...
--find a better primal bound 2.0262743893914337 by Alternative descent Eigen
--found a cut state by heuristic 2.0262743893914337 -1.9251267247000214e-11 
iteration: 107,  #states: 1213, valueb: -1.9251267247000214e-11, activeness: 2.0262743893914337, primalobj: 0.9999999998989652, dualobj: -Inf
solve--
end solve-- RelaxOptimal OPTIMAL
 weights_sum: 1.0
itereffortlevel: 0
--separating...
--find a better primal bound 1.6224414409151362 by Alternative descent Eigen
--found a cut state by heuristic 1.6224414409151362 4.893317001597453e-10 
iteration: 108,  #states: 1214, valueb: 4.893317001597453e-10, activeness: 1.6224414409151362, primalobj: 0.9999999941376828, dualobj: -Inf
solve--
end solve-- RelaxOptimal OPTIMAL
 weights_sum: 1.0
itereffortlevel: 0
--separating...
--find a better primal bound 2.669838233908946 by Alternative descent Eigen
--found a cut state by heuristic 2.669838233908946 -5.928806057209357e-12 
iteration: 109,  #states: 1215, valueb: -5.928806057209357e-12, activeness: 2.669838233908946, primalobj: 0.9999999999403013, dualobj: -Inf
solve--
end solve-- RelaxOptimal OPTIMAL
 weights_sum: 1.0
itereffortlevel: 0
--separating...
--find a better primal bound 1.228347950301043 by Alternative descent Eigen
--found a cut state by heuristic 1.228347950301043 4.832384492559072e-13 
iteration: 110,  #states: 1216, valueb: 4.832384492559072e-13, activeness: 1.228347950301043, primalobj: 0.9999999999974475, dualobj: -Inf
solve--
end solve-- RelaxOptimal OPTIMAL
 weights_sum: 1.0
itereffortlevel: 0
--separating...
--find a better primal bound 7.81860228810581 by Alternative descent Eigen
--found a cut state by heuristic 7.81860228810581 -2.4877877535800508e-12 
iteration: 111,  #states: 1217, valueb: -2.4877877535800508e-12, activeness: 7.81860228810581, primalobj: 0.9999999999752798, dualobj: -Inf
solve--
end solve-- RelaxOptimal OPTIMAL
 weights_sum: 1.0
itereffortlevel: 0
--separating...
--find a better primal bound 1.681686162000668 by Alternative descent Eigen
--found a cut state by heuristic 1.681686162000668 3.3905170337966695e-13 
iteration: 112,  #states: 1218, valueb: 3.3905170337966695e-13, activeness: 1.681686162000668, primalobj: 0.9999999999986902, dualobj: -Inf
solve--
end solve-- RelaxOptimal OPTIMAL
 weights_sum: 1.0
itereffortlevel: 0
--separating...
--find a better primal bound 1.0437643372685548 by Alternative descent Eigen
--found a cut state by heuristic 1.0437643372685548 3.771843948285891e-13 
iteration: 113,  #states: 1219, valueb: 3.771843948285891e-13, activeness: 1.0437643372685548, primalobj: 0.9999999999981753, dualobj: -Inf
solve--
end solve-- RelaxOptimal OPTIMAL
 weights_sum: 1.0
itereffortlevel: 0
--separating...
--find a better primal bound 1.9573701649146389 by Alternative descent Eigen
--found a cut state by heuristic 1.9573701649146389 2.389709402583762e-10 
iteration: 114,  #states: 1220, valueb: 2.389709402583762e-10, activeness: 1.9573701649146389, primalobj: 0.9999999982223028, dualobj: -Inf
solve--
end solve-- RelaxOptimal OPTIMAL
 weights_sum: 1.0
itereffortlevel: 0
--separating...
--find a better primal bound 1.766762598890589 by Alternative descent Eigen
--found a cut state by heuristic 1.766762598890589 2.3704815887981567e-11 
iteration: 115,  #states: 1221, valueb: 2.3704815887981567e-11, activeness: 1.766762598890589, primalobj: 0.9999999998020859, dualobj: -Inf
solve--
end solve-- RelaxOptimal OPTIMAL
 weights_sum: 1.0
itereffortlevel: 0
--separating...
--find a better primal bound 1.0915557155221975 by Alternative descent Eigen
--found a cut state by heuristic 1.0915557155221975 6.464759283453247e-13 
iteration: 116,  #states: 1222, valueb: 6.464759283453247e-13, activeness: 1.0915557155221975, primalobj: 0.9999999999976734, dualobj: -Inf
solve--
end solve-- RelaxOptimal OPTIMAL
 weights_sum: 1.0
itereffortlevel: 0
--separating...
--find a better primal bound 0.9558328022428464 by Alternative descent Eigen
--found a cut state by heuristic 0.9558328022428464 -2.399282161835714e-12 
iteration: 117,  #states: 1223, valueb: -2.399282161835714e-12, activeness: 0.9558328022428464, primalobj: 0.9999999999918975, dualobj: -Inf
solve--
end solve-- RelaxOptimal OPTIMAL
 weights_sum: 1.0
itereffortlevel: 0
--separating...
--find a better primal bound 2.917139601186478 by Alternative descent Eigen
--found a cut state by heuristic 2.917139601186478 1.3479978244745894e-10 
iteration: 118,  #states: 1224, valueb: 1.3479978244745894e-10, activeness: 2.917139601186478, primalobj: 0.999999999727732, dualobj: -Inf
solve--
end solve-- RelaxOptimal OPTIMAL
 weights_sum: 1.0
itereffortlevel: 0
--separating...
--find a better primal bound 1.630936700851243 by Alternative descent Eigen
--found a cut state by heuristic 1.630936700851243 4.822851146224494e-10 
iteration: 119,  #states: 1225, valueb: 4.822851146224494e-10, activeness: 1.630936700851243, primalobj: 0.9999999980687075, dualobj: -Inf
solve--
end solve-- RelaxOptimal OPTIMAL
 weights_sum: 1.0
itereffortlevel: 0
--separating...
--find a better primal bound 2.5437364931065023 by Alternative descent Eigen
--found a cut state by heuristic 2.5437364931065023 -1.181343911582644e-11 
iteration: 120,  #states: 1226, valueb: -1.181343911582644e-11, activeness: 2.5437364931065023, primalobj: 0.9999999996705331, dualobj: -Inf
solve--
end solve-- RelaxOptimal OPTIMAL
 weights_sum: 1.0
itereffortlevel: 0
--separating...
--find a better primal bound 3.0570789184120795 by Alternative descent Eigen
--found a cut state by heuristic 3.0570789184120795 4.723181845633917e-10 
iteration: 121,  #states: 1227, valueb: 4.723181845633917e-10, activeness: 3.0570789184120795, primalobj: 0.9999999981506278, dualobj: -Inf
solve--
end solve-- RelaxOptimal OPTIMAL
 weights_sum: 1.0
itereffortlevel: 0
--separating...
--find a better primal bound 1.0840562754104806 by Alternative descent Eigen
--found a cut state by heuristic 1.0840562754104806 2.6070839931335854e-10 
iteration: 122,  #states: 1228, valueb: 2.6070839931335854e-10, activeness: 1.0840562754104806, primalobj: 0.9999999973736159, dualobj: -Inf
solve--
end solve-- RelaxOptimal OPTIMAL
 weights_sum: 1.0
itereffortlevel: 0
--separating...
--find a better primal bound 2.3080290987687286 by Alternative descent Eigen
--found a cut state by heuristic 2.3080290987687286 2.5637714173853965e-11 
iteration: 123,  #states: 1229, valueb: 2.5637714173853965e-11, activeness: 2.3080290987687286, primalobj: 0.9999999997944501, dualobj: -Inf
solve--
end solve-- RelaxOptimal OPTIMAL
 weights_sum: 1.0
itereffortlevel: 0
--separating...
--find a better primal bound 1.9968677399033823 by Alternative descent Eigen
--found a cut state by heuristic 1.9968677399033823 7.618794484187674e-12 
iteration: 124,  #states: 1230, valueb: 7.618794484187674e-12, activeness: 1.9968677399033823, primalobj: 0.9999999999968717, dualobj: -Inf
solve--
end solve-- RelaxOptimal OPTIMAL
 weights_sum: 1.0
itereffortlevel: 0
--separating...
--find a better primal bound 3.010315602670473 by Alternative descent Eigen
--found a cut state by heuristic 3.010315602670473 1.6166845639986605e-11 
iteration: 125,  #states: 1231, valueb: 1.6166845639986605e-11, activeness: 3.010315602670473, primalobj: 0.9999999999959673, dualobj: -Inf
solve--
end solve-- RelaxOptimal OPTIMAL
 weights_sum: 1.0
itereffortlevel: 0
--separating...
--find a better primal bound 3.937358611359945 by Alternative descent Eigen
--found a cut state by heuristic 3.937358611359945 -4.527089814132523e-11 
iteration: 126,  #states: 1232, valueb: -4.527089814132523e-11, activeness: 3.937358611359945, primalobj: 0.999999999409682, dualobj: -Inf
solve--
end solve-- RelaxOptimal OPTIMAL
 weights_sum: 1.0
itereffortlevel: 0
--separating...
--find a better primal bound 0.8011853295420502 by Alternative descent Eigen
--found a cut state by heuristic 0.8011853295420502 -5.218095304806991e-10 
iteration: 127,  #states: 1233, valueb: -5.218095304806991e-10, activeness: 0.8011853295420502, primalobj: 1.0000000002374194, dualobj: -Inf
solve--
end solve-- RelaxOptimal OPTIMAL
 weights_sum: 1.0
itereffortlevel: 0
--separating...
--find a better primal bound 2.2672125547347273 by Alternative descent Eigen
--found a cut state by heuristic 2.2672125547347273 -2.8266278206956486e-13 
iteration: 128,  #states: 1234, valueb: -2.8266278206956486e-13, activeness: 2.2672125547347273, primalobj: 0.9999999999984677, dualobj: -Inf
solve--
end solve-- RelaxOptimal OPTIMAL
 weights_sum: 1.0
itereffortlevel: 0
--separating...
--find a better primal bound 1.8667091974674364 by Alternative descent Eigen
--found a cut state by heuristic 1.8667091974674364 -1.5485235316248236e-10 
iteration: 129,  #states: 1235, valueb: -1.5485235316248236e-10, activeness: 1.8667091974674364, primalobj: 0.9999999916670794, dualobj: -Inf
solve--
end solve-- RelaxOptimal OPTIMAL
 weights_sum: 1.0
itereffortlevel: 0
--separating...
--find a better primal bound 1.2224760980228142 by Alternative descent Eigen
--found a cut state by heuristic 1.2224760980228142 2.5243568901878177e-9 
iteration: 130,  #states: 1236, valueb: 2.5243568901878177e-9, activeness: 1.2224760980228142, primalobj: 0.9999999925140804, dualobj: -Inf
solve--
end solve-- RelaxOptimal OPTIMAL
 weights_sum: 1.0
itereffortlevel: 0
--separating...
--find a better primal bound 1.0754173172268944 by Alternative descent Eigen
--found a cut state by heuristic 1.0754173172268944 -2.0241447407087776e-13 
iteration: 131,  #states: 1237, valueb: -2.0241447407087776e-13, activeness: 1.0754173172268944, primalobj: 0.9999999999973058, dualobj: -Inf
solve--
end solve-- RelaxOptimal OPTIMAL
 weights_sum: 1.0
itereffortlevel: 0
--separating...
--find a better primal bound 0.6093569383538056 by Alternative descent Eigen
--found a cut state by heuristic 0.6093569383538056 2.652204690676424e-10 
iteration: 132,  #states: 1238, valueb: 2.652204690676424e-10, activeness: 0.6093569383538056, primalobj: 0.9999999991515586, dualobj: -Inf
solve--
end solve-- RelaxOptimal OPTIMAL
 weights_sum: 1.0
itereffortlevel: 0
--separating...
--find a better primal bound 1.066210811310596 by Alternative descent Eigen
--found a cut state by heuristic 1.066210811310596 1.1611545058798356e-13 
iteration: 133,  #states: 1239, valueb: 1.1611545058798356e-13, activeness: 1.066210811310596, primalobj: 0.9999999999989676, dualobj: -Inf
solve--
end solve-- RelaxOptimal OPTIMAL
 weights_sum: 1.0
itereffortlevel: 0
--separating...
--find a better primal bound 0.7530826181504873 by Alternative descent Eigen
--found a cut state by heuristic 0.7530826181504873 -3.8458159226650857e-10 
iteration: 134,  #states: 1240, valueb: -3.8458159226650857e-10, activeness: 0.7530826181504873, primalobj: 0.9999999963534855, dualobj: -Inf
solve--
end solve-- RelaxOptimal OPTIMAL
 weights_sum: 1.0
itereffortlevel: 0
--separating...
--find a better primal bound 1.4844923003664303 by Alternative descent Eigen
--found a cut state by heuristic 1.4844923003664303 -4.0870778983403966e-13 
iteration: 135,  #states: 1241, valueb: -4.0870778983403966e-13, activeness: 1.4844923003664303, primalobj: 0.9999999999999594, dualobj: -Inf
solve--
end solve-- RelaxOptimal OPTIMAL
 weights_sum: 1.0
itereffortlevel: 0
--separating...
--find a better primal bound 1.0745783270069063 by Alternative descent Eigen
--found a cut state by heuristic 1.0745783270069063 2.531308496145357e-14 
iteration: 136,  #states: 1242, valueb: 2.531308496145357e-14, activeness: 1.0745783270069063, primalobj: 0.999999999998705, dualobj: -Inf
solve--
end solve-- RelaxOptimal OPTIMAL
 weights_sum: 1.0
itereffortlevel: 0
--separating...
--find a better primal bound 1.1383061606853881 by Alternative descent Eigen
--found a cut state by heuristic 1.1383061606853881 2.0727863869751673e-13 
iteration: 137,  #states: 1243, valueb: 2.0727863869751673e-13, activeness: 1.1383061606853881, primalobj: 0.9999999999975362, dualobj: -Inf
solve--
end solve-- RelaxOptimal OPTIMAL
 weights_sum: 1.0
itereffortlevel: 0
--separating...
--find a better primal bound 1.9133338737480794 by Alternative descent Eigen
--found a cut state by heuristic 1.9133338737480794 1.909128188870568e-9 
iteration: 138,  #states: 1244, valueb: 1.909128188870568e-9, activeness: 1.9133338737480794, primalobj: 0.9999999961693559, dualobj: -Inf
solve--
end solve-- RelaxOptimal OPTIMAL
 weights_sum: 1.0
itereffortlevel: 0
--separating...
--find a better primal bound 2.296245262839104 by Alternative descent Eigen
--found a cut state by heuristic 2.296245262839104 1.4165994766113243e-12 
iteration: 139,  #states: 1245, valueb: 1.4165994766113243e-12, activeness: 2.296245262839104, primalobj: 0.9999999999970823, dualobj: -Inf
solve--
end solve-- RelaxOptimal OPTIMAL
 weights_sum: 1.0
itereffortlevel: 0
--separating...
--find a better primal bound 2.100403417880896 by Alternative descent Eigen
--found a cut state by heuristic 2.100403417880896 -1.0096385533175933e-11 
iteration: 140,  #states: 1246, valueb: -1.0096385533175933e-11, activeness: 2.100403417880896, primalobj: 0.9999999999994196, dualobj: -Inf
solve--
end solve-- RelaxOptimal OPTIMAL
 weights_sum: 1.0
itereffortlevel: 0
--separating...
--find a better primal bound 0.9640027634010756 by Alternative descent Eigen
--found a cut state by heuristic 0.9640027634010756 -9.572263814927595e-11 
iteration: 141,  #states: 1247, valueb: -9.572263814927595e-11, activeness: 0.9640027634010756, primalobj: 0.9999999998167237, dualobj: -Inf
solve--
end solve-- RelaxOptimal OPTIMAL
 weights_sum: 1.0
itereffortlevel: 0
--separating...
--find a better primal bound 0.9822948151551548 by Alternative descent Eigen
--found a cut state by heuristic 0.9822948151551548 1.4217457072751571e-11 
iteration: 142,  #states: 1248, valueb: 1.4217457072751571e-11, activeness: 0.9822948151551548, primalobj: 0.9999999999887565, dualobj: -Inf
solve--
end solve-- RelaxOptimal OPTIMAL
 weights_sum: 1.0
itereffortlevel: 0
--separating...
--find a better primal bound 1.2705184254770674 by Alternative descent Eigen
--found a cut state by heuristic 1.2705184254770674 7.614797681299024e-12 
iteration: 143,  #states: 1249, valueb: 7.614797681299024e-12, activeness: 1.2705184254770674, primalobj: 0.9999999999936832, dualobj: -Inf
solve--
end solve-- RelaxOptimal OPTIMAL
 weights_sum: 1.0
itereffortlevel: 0
--separating...
--find a better primal bound 0.7516067115710894 by Alternative descent Eigen
--found a cut state by heuristic 0.7516067115710894 -5.294112370712867e-12 
iteration: 144,  #states: 1250, valueb: -5.294112370712867e-12, activeness: 0.7516067115710894, primalobj: 0.9999999999985186, dualobj: -Inf
solve--
end solve-- RelaxOptimal OPTIMAL
 weights_sum: 1.0
itereffortlevel: 0
--separating...
--find a better primal bound 2.2492688243361445 by Alternative descent Eigen
--found a cut state by heuristic 2.2492688243361445 5.2691462304466086e-12 
iteration: 145,  #states: 1251, valueb: 5.2691462304466086e-12, activeness: 2.2492688243361445, primalobj: 0.9999999999889836, dualobj: -Inf
solve--
end solve-- RelaxOptimal OPTIMAL
 weights_sum: 1.0
itereffortlevel: 0
--separating...
--find a better primal bound 1.5723325942800042 by Alternative descent Eigen
--found a cut state by heuristic 1.5723325942800042 -2.0052307037055073e-11 
iteration: 146,  #states: 1252, valueb: -2.0052307037055073e-11, activeness: 1.5723325942800042, primalobj: 1.0000000000040228, dualobj: -Inf
solve--
end solve-- RelaxOptimal OPTIMAL
 weights_sum: 1.0
itereffortlevel: 0
--separating...
--find a better primal bound 1.2204379645800234 by Alternative descent Eigen
--found a cut state by heuristic 1.2204379645800234 -2.5194057950983506e-10 
iteration: 147,  #states: 1253, valueb: -2.5194057950983506e-10, activeness: 1.2204379645800234, primalobj: 0.9999999969407564, dualobj: -Inf
solve--
end solve-- RelaxOptimal OPTIMAL
 weights_sum: 1.0
itereffortlevel: 0
--separating...
--find a better primal bound 1.0302454186161296 by Alternative descent Eigen
--found a cut state by heuristic 1.0302454186161296 -2.0050627824730327e-13 
iteration: 148,  #states: 1254, valueb: -2.0050627824730327e-13, activeness: 1.0302454186161296, primalobj: 0.9999999999999181, dualobj: -Inf
solve--
end solve-- RelaxOptimal OPTIMAL
 weights_sum: 1.0
itereffortlevel: 0
--separating...
--find a better primal bound 1.4385823143094674 by Alternative descent Eigen
--found a cut state by heuristic 1.4385823143094674 -1.0786482818048171e-11 
iteration: 149,  #states: 1255, valueb: -1.0786482818048171e-11, activeness: 1.4385823143094674, primalobj: 0.9999999998613658, dualobj: -Inf
solve--
end solve-- RelaxOptimal OPTIMAL
 weights_sum: 1.0
itereffortlevel: 0
--separating...
--find a better primal bound 1.3349763513153114 by Alternative descent Eigen
--found a cut state by heuristic 1.3349763513153114 1.7626913817458956e-11 
iteration: 150,  #states: 1256, valueb: 1.7626913817458956e-11, activeness: 1.3349763513153114, primalobj: 0.999999999709799, dualobj: -Inf
solve--
end solve-- RelaxOptimal OPTIMAL
 weights_sum: 1.0
itereffortlevel: 0
--separating...
--find a better primal bound 2.039416999062988 by Alternative descent Eigen
--found a cut state by heuristic 2.039416999062988 -4.2191791727042016e-11 
iteration: 151,  #states: 1257, valueb: -4.2191791727042016e-11, activeness: 2.039416999062988, primalobj: 1.0000000000018765, dualobj: -Inf
solve--
end solve-- RelaxOptimal OPTIMAL
 weights_sum: 1.0
itereffortlevel: 0
--separating...
--find a better primal bound 0.9486480691920894 by Alternative descent Eigen
--found a cut state by heuristic 0.9486480691920894 1.1436349089954945e-10 
iteration: 152,  #states: 1258, valueb: 1.1436349089954945e-10, activeness: 0.9486480691920894, primalobj: 0.9999999992525523, dualobj: -Inf
solve--
end solve-- RelaxOptimal OPTIMAL
 weights_sum: 1.0
itereffortlevel: 0
--separating...
--find a better primal bound 0.9030868483354506 by Alternative descent Eigen
--found a cut state by heuristic 0.9030868483354506 -2.80112807948818e-11 
iteration: 153,  #states: 1259, valueb: -2.80112807948818e-11, activeness: 0.9030868483354506, primalobj: 0.9999999999357494, dualobj: -Inf
solve--
end solve-- RelaxOptimal OPTIMAL
 weights_sum: 1.0
itereffortlevel: 0
--separating...
--find a better primal bound 0.7837232210327506 by Alternative descent Eigen
--found a cut state by heuristic 0.7837232210327506 -1.229558121984553e-12 
iteration: 154,  #states: 1260, valueb: -1.229558121984553e-12, activeness: 0.7837232210327506, primalobj: 0.9999999999930927, dualobj: -Inf
solve--
end solve-- RelaxOptimal OPTIMAL
 weights_sum: 1.0
itereffortlevel: 0
--separating...
--find a better primal bound 1.4671740151977737 by Alternative descent Eigen
--found a cut state by heuristic 1.4671740151977737 -1.4894155353495364e-11 
iteration: 155,  #states: 1261, valueb: -1.4894155353495364e-11, activeness: 1.4671740151977737, primalobj: 0.9999999998912183, dualobj: -Inf
solve--
end solve-- RelaxOptimal OPTIMAL
 weights_sum: 1.0
itereffortlevel: 0
--separating...
--find a better primal bound 1.1201007687014957 by Alternative descent Eigen
--found a cut state by heuristic 1.1201007687014957 -3.818403926381109e-11 
iteration: 156,  #states: 1262, valueb: -3.818403926381109e-11, activeness: 1.1201007687014957, primalobj: 0.9999999996729597, dualobj: -Inf
solve--
end solve-- RelaxOptimal OPTIMAL
 weights_sum: 1.0
itereffortlevel: 0
--separating...
--find a better primal bound 1.394501032041071 by Alternative descent Eigen
--found a cut state by heuristic 1.394501032041071 -4.175618878443643e-11 
iteration: 157,  #states: 1263, valueb: -4.175618878443643e-11, activeness: 1.394501032041071, primalobj: 0.9999999999938812, dualobj: -Inf
solve--
end solve-- RelaxOptimal OPTIMAL
 weights_sum: 1.0
itereffortlevel: 0
--separating...
--find a better primal bound 1.1857140675322047 by Alternative descent Eigen
--found a cut state by heuristic 1.1857140675322047 -3.983206126045857e-12 
iteration: 158,  #states: 1264, valueb: -3.983206126045857e-12, activeness: 1.1857140675322047, primalobj: 0.9999999998265549, dualobj: -Inf
solve--
end solve-- RelaxOptimal OPTIMAL
 weights_sum: 1.0
itereffortlevel: 0
--separating...
--find a better primal bound 0.980901670347478 by Alternative descent Eigen
--found a cut state by heuristic 0.980901670347478 -3.156086503253164e-13 
iteration: 159,  #states: 1265, valueb: -3.156086503253164e-13, activeness: 0.980901670347478, primalobj: 0.999999999997788, dualobj: -Inf
solve--
end solve-- RelaxOptimal OPTIMAL
 weights_sum: 1.0
itereffortlevel: 0
--separating...
--find a better primal bound 0.657990619170862 by Alternative descent Eigen
--found a cut state by heuristic 0.657990619170862 -3.7254416218601705e-10 
iteration: 160,  #states: 1266, valueb: -3.7254416218601705e-10, activeness: 0.657990619170862, primalobj: 0.9999999993300561, dualobj: -Inf
solve--
end solve-- RelaxOptimal OPTIMAL
 weights_sum: 1.0
itereffortlevel: 0
--separating...
--find a better primal bound 2.4336450156001455 by Alternative descent Eigen
--found a cut state by heuristic 2.4336450156001455 7.749911823395905e-12 
iteration: 161,  #states: 1267, valueb: 7.749911823395905e-12, activeness: 2.4336450156001455, primalobj: 0.9999999999939835, dualobj: -Inf
solve--
end solve-- RelaxOptimal OPTIMAL
 weights_sum: 1.0
itereffortlevel: 0
--separating...
--find a better primal bound 1.3063173998010011 by Alternative descent Eigen
--found a cut state by heuristic 1.3063173998010011 9.355016761247725e-14 
iteration: 162,  #states: 1268, valueb: 9.355016761247725e-14, activeness: 1.3063173998010011, primalobj: 0.9999999999995746, dualobj: -Inf
solve--
end solve-- RelaxOptimal OPTIMAL
 weights_sum: 1.0
itereffortlevel: 0
--separating...
--find a better primal bound 1.1315630710935904 by Alternative descent Eigen
--found a cut state by heuristic 1.1315630710935904 1.1069097027860408e-11 
iteration: 163,  #states: 1269, valueb: 1.1069097027860408e-11, activeness: 1.1315630710935904, primalobj: 0.9999999999264821, dualobj: -Inf
solve--
end solve-- RelaxOptimal OPTIMAL
 weights_sum: 1.0
itereffortlevel: 0
--separating...
--find a better primal bound 1.1010067477204966 by Alternative descent Eigen
--found a cut state by heuristic 1.1010067477204966 2.7119356066362954e-10 
iteration: 164,  #states: 1270, valueb: 2.7119356066362954e-10, activeness: 1.1010067477204966, primalobj: 0.9999999968385913, dualobj: -Inf
solve--
end solve-- RelaxOptimal OPTIMAL
 weights_sum: 1.0
itereffortlevel: 0
--separating...
--find a better primal bound 1.5333905708193438 by Alternative descent Eigen
--found a cut state by heuristic 1.5333905708193438 3.891691413571152e-10 
iteration: 165,  #states: 1271, valueb: 3.891691413571152e-10, activeness: 1.5333905708193438, primalobj: 0.9999999999562394, dualobj: -Inf
solve--
end solve-- RelaxOptimal OPTIMAL
 weights_sum: 1.0
itereffortlevel: 0
--separating...
--find a better primal bound 0.819602991911542 by Alternative descent Eigen
--found a cut state by heuristic 0.819602991911542 2.975598933918633e-12 
iteration: 166,  #states: 1272, valueb: 2.975598933918633e-12, activeness: 0.819602991911542, primalobj: 0.999999996832354, dualobj: -Inf
solve--
end solve-- RelaxOptimal OPTIMAL
 weights_sum: 1.0
itereffortlevel: 0
--separating...
--find a better primal bound 1.7014874883921234 by Alternative descent Eigen
--found a cut state by heuristic 1.7014874883921234 -2.543329991055998e-10 
iteration: 167,  #states: 1273, valueb: -2.543329991055998e-10, activeness: 1.7014874883921234, primalobj: 0.9999999971774176, dualobj: -Inf
solve--
end solve-- RelaxOptimal OPTIMAL
 weights_sum: 1.0
itereffortlevel: 0
--separating...
--find a better primal bound 2.0849252816660995 by Alternative descent Eigen
--found a cut state by heuristic 2.0849252816660995 -9.856169214117472e-10 
iteration: 168,  #states: 1274, valueb: -9.856169214117472e-10, activeness: 2.0849252816660995, primalobj: 0.9999999906638176, dualobj: -Inf
solve--
end solve-- RelaxOptimal OPTIMAL
 weights_sum: 1.0
itereffortlevel: 0
--separating...
--find a better primal bound 1.3248038019141806 by Alternative descent Eigen
--found a cut state by heuristic 1.3248038019141806 -7.026046411340303e-13 
iteration: 169,  #states: 1275, valueb: -7.026046411340303e-13, activeness: 1.3248038019141806, primalobj: 0.9999999999968381, dualobj: -Inf
solve--
end solve-- RelaxOptimal OPTIMAL
 weights_sum: 1.0
itereffortlevel: 0
--separating...
--find a better primal bound 1.0289610721493236 by Alternative descent Eigen
--found a cut state by heuristic 1.0289610721493236 -6.404442948193534e-13 
iteration: 170,  #states: 1276, valueb: -6.404442948193534e-13, activeness: 1.0289610721493236, primalobj: 0.9999999999967192, dualobj: -Inf
solve--
end solve-- RelaxOptimal OPTIMAL
 weights_sum: 1.0
itereffortlevel: 0
--separating...
--find a better primal bound 2.361423438980621 by Alternative descent Eigen
--found a cut state by heuristic 2.361423438980621 5.00441355022474e-12 
iteration: 171,  #states: 1277, valueb: 5.00441355022474e-12, activeness: 2.361423438980621, primalobj: 0.9999999999536078, dualobj: -Inf
solve--
end solve-- RelaxOptimal OPTIMAL
 weights_sum: 1.0
itereffortlevel: 0
--separating...
--find a better primal bound 1.2960283354690378 by Alternative descent Eigen
--found a cut state by heuristic 1.2960283354690378 -6.341455138780816e-13 
iteration: 172,  #states: 1278, valueb: -6.341455138780816e-13, activeness: 1.2960283354690378, primalobj: 0.9999999999986112, dualobj: -Inf
solve--
end solve-- RelaxOptimal OPTIMAL
 weights_sum: 1.0
itereffortlevel: 0
--separating...
--find a better primal bound 2.0393815377074853 by Alternative descent Eigen
--found a cut state by heuristic 2.0393815377074853 1.3034847238038716e-9 
iteration: 173,  #states: 1279, valueb: 1.3034847238038716e-9, activeness: 2.0393815377074853, primalobj: 0.9999999944139054, dualobj: -Inf
solve--
end solve-- RelaxOptimal OPTIMAL
 weights_sum: 1.0
itereffortlevel: 0
--separating...
--find a better primal bound 1.3164516663133488 by Alternative descent Eigen
--found a cut state by heuristic 1.3164516663133488 2.599068738007304e-10 
iteration: 174,  #states: 1280, valueb: 2.599068738007304e-10, activeness: 1.3164516663133488, primalobj: 0.9999999985138662, dualobj: -Inf
solve--
end solve-- RelaxOptimal OPTIMAL
 weights_sum: 1.0
itereffortlevel: 0
--separating...
--find a better primal bound 1.8717201366332583 by Alternative descent Eigen
--found a cut state by heuristic 1.8717201366332583 -7.213500630154357e-13 
iteration: 175,  #states: 1281, valueb: -7.213500630154357e-13, activeness: 1.8717201366332583, primalobj: 0.9999999999966955, dualobj: -Inf
solve--
end solve-- RelaxOptimal OPTIMAL
 weights_sum: 1.0
itereffortlevel: 0
--separating...
--find a better primal bound 1.0919293282113889 by Alternative descent Eigen
--found a cut state by heuristic 1.0919293282113889 -5.2499449232357165e-11 
iteration: 176,  #states: 1282, valueb: -5.2499449232357165e-11, activeness: 1.0919293282113889, primalobj: 0.9999999985222868, dualobj: -Inf
solve--
end solve-- RelaxOptimal OPTIMAL
 weights_sum: 1.0
itereffortlevel: 0
--separating...
--find a better primal bound 1.5624028579815523 by Alternative descent Eigen
--found a cut state by heuristic 1.5624028579815523 1.420585871159119e-12 
iteration: 177,  #states: 1283, valueb: 1.420585871159119e-12, activeness: 1.5624028579815523, primalobj: 0.9999999999954801, dualobj: -Inf
solve--
end solve-- RelaxOptimal OPTIMAL
 weights_sum: 1.0
itereffortlevel: 0
--separating...
--find a better primal bound 0.8743256486598806 by Alternative descent Eigen
--found a cut state by heuristic 0.8743256486598806 1.9828065578320064e-10 
iteration: 178,  #states: 1284, valueb: 1.9828065578320064e-10, activeness: 0.8743256486598806, primalobj: 0.9999999997942949, dualobj: -Inf
solve--
end solve-- RelaxOptimal OPTIMAL
 weights_sum: 1.0
itereffortlevel: 0
--separating...
--find a better primal bound 1.2935741936778768 by Alternative descent Eigen
--found a cut state by heuristic 1.2935741936778768 -2.603792181865572e-12 
iteration: 179,  #states: 1285, valueb: -2.603792181865572e-12, activeness: 1.2935741936778768, primalobj: 0.9999999999905655, dualobj: -Inf
solve--
end solve-- RelaxOptimal OPTIMAL
 weights_sum: 1.0
itereffortlevel: 0
--separating...
--find a better primal bound 1.9883313956489297 by Alternative descent Eigen
--found a cut state by heuristic 1.9883313956489297 8.103517856739018e-13 
iteration: 180,  #states: 1286, valueb: 8.103517856739018e-13, activeness: 1.9883313956489297, primalobj: 0.9999999999904873, dualobj: -Inf
solve--
end solve-- RelaxOptimal OPTIMAL
 weights_sum: 1.0
itereffortlevel: 0
--separating...
--find a better primal bound 1.0718808802148634 by Alternative descent Eigen
--found a cut state by heuristic 1.0718808802148634 1.7048251699236516e-10 
iteration: 181,  #states: 1287, valueb: 1.7048251699236516e-10, activeness: 1.0718808802148634, primalobj: 0.9999999999524763, dualobj: -Inf
solve--
end solve-- RelaxOptimal OPTIMAL
 weights_sum: 1.0
itereffortlevel: 0
--separating...
--find a better primal bound 1.1672925374189784 by Alternative descent Eigen
--found a cut state by heuristic 1.1672925374189784 3.025300288062027e-10 
iteration: 182,  #states: 1288, valueb: 3.025300288062027e-10, activeness: 1.1672925374189784, primalobj: 0.9999999944494177, dualobj: -Inf
solve--
end solve-- RelaxOptimal OPTIMAL
 weights_sum: 1.0
itereffortlevel: 0
--separating...
--find a better primal bound 1.1494042787133099 by Alternative descent Eigen
--found a cut state by heuristic 1.1494042787133099 1.4551221338976461e-11 
iteration: 183,  #states: 1289, valueb: 1.4551221338976461e-11, activeness: 1.1494042787133099, primalobj: 0.9999999999175136, dualobj: -Inf
solve--
end solve-- RelaxOptimal OPTIMAL
 weights_sum: 1.0
itereffortlevel: 0
--separating...
--find a better primal bound 1.5394928557926135 by Alternative descent Eigen
--found a cut state by heuristic 1.5394928557926135 -4.097837416616734e-10 
iteration: 184,  #states: 1290, valueb: -4.097837416616734e-10, activeness: 1.5394928557926135, primalobj: 0.9999999994517277, dualobj: -Inf
solve--
end solve-- RelaxOptimal OPTIMAL
 weights_sum: 1.0
itereffortlevel: 0
--separating...
--find a better primal bound 2.175806086517891 by Alternative descent Eigen
--found a cut state by heuristic 2.175806086517891 -2.06705846883537e-10 
iteration: 185,  #states: 1291, valueb: -2.06705846883537e-10, activeness: 2.175806086517891, primalobj: 0.9999999984276471, dualobj: -Inf
solve--
end solve-- RelaxOptimal OPTIMAL
 weights_sum: 1.0
itereffortlevel: 0
--separating...
--find a better primal bound 2.1016119768704193 by Alternative descent Eigen
--found a cut state by heuristic 2.1016119768704193 -2.7815236225414708e-11 
iteration: 186,  #states: 1292, valueb: -2.7815236225414708e-11, activeness: 2.1016119768704193, primalobj: 0.9999999995301831, dualobj: -Inf
solve--
end solve-- RelaxOptimal OPTIMAL
 weights_sum: 1.0
itereffortlevel: 0
--separating...
--find a better primal bound 2.827901213465458 by Alternative descent Eigen
--found a cut state by heuristic 2.827901213465458 2.7913784131361474e-10 
iteration: 187,  #states: 1293, valueb: 2.7913784131361474e-10, activeness: 2.827901213465458, primalobj: 0.9999999930561353, dualobj: -Inf
solve--
end solve-- RelaxOptimal OPTIMAL
 weights_sum: 1.0
itereffortlevel: 0
--separating...
--find a better primal bound 1.7196113308111545 by Alternative descent Eigen
--found a cut state by heuristic 1.7196113308111545 -3.642225410160904e-13 
iteration: 188,  #states: 1294, valueb: -3.642225410160904e-13, activeness: 1.7196113308111545, primalobj: 0.9999999999975583, dualobj: -Inf
solve--
end solve-- RelaxOptimal OPTIMAL
 weights_sum: 1.0
itereffortlevel: 0
--separating...
--find a better primal bound 2.2379407568590337 by Alternative descent Eigen
--found a cut state by heuristic 2.2379407568590337 6.420394771389226e-11 
iteration: 189,  #states: 1295, valueb: 6.420394771389226e-11, activeness: 2.2379407568590337, primalobj: 0.9999999991493181, dualobj: -Inf
solve--
end solve-- RelaxOptimal OPTIMAL
 weights_sum: 1.0
itereffortlevel: 0
--separating...
--find a better primal bound 1.5842499348702757 by Alternative descent Eigen
--found a cut state by heuristic 1.5842499348702757 5.352240178835288e-11 
iteration: 190,  #states: 1296, valueb: 5.352240178835288e-11, activeness: 1.5842499348702757, primalobj: 0.9999999995874433, dualobj: -Inf
solve--
end solve-- RelaxOptimal OPTIMAL
 weights_sum: 1.0
itereffortlevel: 0
--separating...
--find a better primal bound 2.0828743438703823 by Alternative descent Eigen
--found a cut state by heuristic 2.0828743438703823 1.1547228728758796e-9 
iteration: 191,  #states: 1297, valueb: 1.1547228728758796e-9, activeness: 2.0828743438703823, primalobj: 0.9999999989545971, dualobj: -Inf
solve--
end solve-- RelaxOptimal OPTIMAL
 weights_sum: 1.0
itereffortlevel: 0
--separating...
--find a better primal bound 1.4762724004143077 by Alternative descent Eigen
--found a cut state by heuristic 1.4762724004143077 -2.4875240756117023e-13 
iteration: 192,  #states: 1298, valueb: -2.4875240756117023e-13, activeness: 1.4762724004143077, primalobj: 0.9999999999986363, dualobj: -Inf
solve--
end solve-- RelaxOptimal OPTIMAL
 weights_sum: 1.0
itereffortlevel: 0
--separating...
--find a better primal bound 1.389506654114966 by Alternative descent Eigen
--found a cut state by heuristic 1.389506654114966 4.086238292178024e-12 
iteration: 193,  #states: 1299, valueb: 4.086238292178024e-12, activeness: 1.389506654114966, primalobj: 0.9999999999937957, dualobj: -Inf
solve--
end solve-- RelaxOptimal OPTIMAL
 weights_sum: 1.0
itereffortlevel: 0
--separating...
--find a better primal bound 2.5241411730451997 by Alternative descent Eigen
--found a cut state by heuristic 2.5241411730451997 -1.0638191022538379e-10 
iteration: 194,  #states: 1300, valueb: -1.0638191022538379e-10, activeness: 2.5241411730451997, primalobj: 0.9999999970285406, dualobj: -Inf
solve--
end solve-- RelaxOptimal OPTIMAL
 weights_sum: 1.0
itereffortlevel: 0
--separating...
--find a better primal bound 1.7388023783032127 by Alternative descent Eigen
--found a cut state by heuristic 1.7388023783032127 -5.681538572943623e-11 
iteration: 195,  #states: 1301, valueb: -5.681538572943623e-11, activeness: 1.7388023783032127, primalobj: 0.9999999993997174, dualobj: -Inf
solve--
end solve-- RelaxOptimal OPTIMAL
 weights_sum: 1.0
itereffortlevel: 0
--separating...
--find a better primal bound 2.116046206608194 by Alternative descent Eigen
--found a cut state by heuristic 2.116046206608194 -4.607342285467553e-12 
iteration: 196,  #states: 1302, valueb: -4.607342285467553e-12, activeness: 2.116046206608194, primalobj: 0.9999999999720554, dualobj: -Inf
solve--
end solve-- RelaxOptimal OPTIMAL
 weights_sum: 1.0
itereffortlevel: 0
--separating...
--find a better primal bound 2.658270404296826 by Alternative descent Eigen
--found a cut state by heuristic 2.658270404296826 2.451322506091813e-9 
iteration: 197,  #states: 1303, valueb: 2.451322506091813e-9, activeness: 2.658270404296826, primalobj: 0.999999993608158, dualobj: -Inf
solve--
end solve-- RelaxOptimal OPTIMAL
 weights_sum: 1.0
itereffortlevel: 0
--separating...
--find a better primal bound 2.3910440562299877 by Alternative descent Eigen
--found a cut state by heuristic 2.3910440562299877 -2.2243144826017414e-10 
iteration: 198,  #states: 1304, valueb: -2.2243144826017414e-10, activeness: 2.3910440562299877, primalobj: 0.9999999967540482, dualobj: -Inf
solve--
end solve-- RelaxOptimal OPTIMAL
 weights_sum: 1.0
itereffortlevel: 0
--separating...
--find a better primal bound 2.1425537794355156 by Alternative descent Eigen
--found a cut state by heuristic 2.1425537794355156 -8.780098870175834e-11 
iteration: 199,  #states: 1305, valueb: -8.780098870175834e-11, activeness: 2.1425537794355156, primalobj: 0.9999999989937165, dualobj: -Inf
solve--
end solve-- RelaxOptimal OPTIMAL
 weights_sum: 1.0
itereffortlevel: 0
--separating...
--find a better primal bound 1.9452911397042603 by Alternative descent Eigen
--found a cut state by heuristic 1.9452911397042603 8.443065691032814e-12 
iteration: 200,  #states: 1306, valueb: 8.443065691032814e-12, activeness: 1.9452911397042603, primalobj: 0.9999999999762504, dualobj: -Inf
solve--
end solve-- RelaxOptimal OPTIMAL
 weights_sum: 1.0
itereffortlevel: 0
--separating...
--find a better primal bound 2.199393523378921 by Alternative descent Eigen
--found a cut state by heuristic 2.199393523378921 -1.7588680512048427e-11 
iteration: 201,  #states: 1307, valueb: -1.7588680512048427e-11, activeness: 2.199393523378921, primalobj: 0.9999999999600304, dualobj: -Inf
solve--
end solve-- RelaxOptimal OPTIMAL
 weights_sum: 1.0
itereffortlevel: 0
--separating...
--find a better primal bound 2.2630146313538284 by Alternative descent Eigen
--found a cut state by heuristic 2.2630146313538284 4.3502146329643665e-12 
iteration: 202,  #states: 1308, valueb: 4.3502146329643665e-12, activeness: 2.2630146313538284, primalobj: 0.9999999969467268, dualobj: -Inf
solve--
end solve-- RelaxOptimal OPTIMAL
 weights_sum: 1.0
itereffortlevel: 0
--separating...
--find a better primal bound 3.8400291446787564 by Alternative descent Eigen
--found a cut state by heuristic 3.8400291446787564 9.327399963510175e-11 
iteration: 203,  #states: 1309, valueb: 9.327399963510175e-11, activeness: 3.8400291446787564, primalobj: 0.9999999999337326, dualobj: -Inf
solve--
end solve-- RelaxOptimal OPTIMAL
 weights_sum: 1.0
itereffortlevel: 0
--separating...
--find a better primal bound 4.580224733103241 by Alternative descent Eigen
--found a cut state by heuristic 4.580224733103241 6.3724581167434735e-12 
iteration: 204,  #states: 1310, valueb: 6.3724581167434735e-12, activeness: 4.580224733103241, primalobj: 0.9999999999883534, dualobj: -Inf
solve--
end solve-- RelaxOptimal OPTIMAL
 weights_sum: 1.0
itereffortlevel: 0
--separating...
--find a better primal bound 2.96511126648236 by Alternative descent Eigen
--found a cut state by heuristic 2.96511126648236 1.3329010117857365e-10 
iteration: 205,  #states: 1311, valueb: 1.3329010117857365e-10, activeness: 2.96511126648236, primalobj: 0.9999999995045812, dualobj: -Inf
solve--
end solve-- RelaxOptimal OPTIMAL
 weights_sum: 1.0
itereffortlevel: 0
--separating...
--find a better primal bound 1.8354127527848736 by Alternative descent Eigen
--found a cut state by heuristic 1.8354127527848736 4.279399057338651e-11 
iteration: 206,  #states: 1312, valueb: 4.279399057338651e-11, activeness: 1.8354127527848736, primalobj: 0.9999999995596837, dualobj: -Inf
solve--
end solve-- RelaxOptimal OPTIMAL
 weights_sum: 1.0
itereffortlevel: 0
--separating...
--find a better primal bound 2.0028664902987208 by Alternative descent Eigen
--found a cut state by heuristic 2.0028664902987208 -3.560788885970112e-10 
iteration: 207,  #states: 1313, valueb: -3.560788885970112e-10, activeness: 2.0028664902987208, primalobj: 0.9999999954025749, dualobj: -Inf
solve--
end solve-- RelaxOptimal OPTIMAL
 weights_sum: 1.0
itereffortlevel: 0
--separating...
--find a better primal bound 2.0651517443335563 by Alternative descent Eigen
--found a cut state by heuristic 2.0651517443335563 9.501704978376324e-13 
iteration: 208,  #states: 1314, valueb: 9.501704978376324e-13, activeness: 2.0651517443335563, primalobj: 0.9999999999962301, dualobj: -Inf
solve--
end solve-- RelaxOptimal OPTIMAL
 weights_sum: 1.0
itereffortlevel: 0
--separating...
--find a better primal bound 2.926395940977062 by Alternative descent Eigen
--found a cut state by heuristic 2.926395940977062 1.8903026366423603e-10 
iteration: 209,  #states: 1315, valueb: 1.8903026366423603e-10, activeness: 2.926395940977062, primalobj: 0.9999999987794357, dualobj: -Inf
solve--
end solve-- RelaxOptimal OPTIMAL
 weights_sum: 1.0
itereffortlevel: 0
--separating...
--find a better primal bound 2.491170484301862 by Alternative descent Eigen
--found a cut state by heuristic 2.491170484301862 -0.0 
iteration: 210,  #states: 1316, valueb: -0.0, activeness: 2.491170484301862, primalobj: 1.0, dualobj: -Inf
solve--
end solve-- RelaxOptimal OPTIMAL
 weights_sum: 1.0
itereffortlevel: 0
--separating...
--find a better primal bound 4.67568544945476 by Alternative descent Eigen
--found a cut state by heuristic 4.67568544945476 -1.9758150671123076e-10 
iteration: 211,  #states: 1317, valueb: -1.9758150671123076e-10, activeness: 4.67568544945476, primalobj: 0.9999999950681344, dualobj: -Inf
solve--
end solve-- RelaxOptimal OPTIMAL
 weights_sum: 1.0
itereffortlevel: 0
--separating...
--find a better primal bound 12.623304304449388 by Alternative descent Eigen
--found a cut state by heuristic 12.623304304449388 2.1661339388856504e-10 
iteration: 212,  #states: 1318, valueb: 2.1661339388856504e-10, activeness: 12.623304304449388, primalobj: 0.9999999986119293, dualobj: -Inf
solve--
end solve-- RelaxOptimal OPTIMAL
 weights_sum: 1.0
itereffortlevel: 0
--separating...
--find a better primal bound 11.853484322407176 by Alternative descent Eigen
--found a cut state by heuristic 11.853484322407176 4.503455941495815e-11 
iteration: 213,  #states: 1319, valueb: 4.503455941495815e-11, activeness: 11.853484322407176, primalobj: 0.9999999994740493, dualobj: -Inf
solve--
end solve-- RelaxOptimal OPTIMAL
 weights_sum: 1.0
itereffortlevel: 0
--separating...
--find a better primal bound 13.522095320639771 by Alternative descent Eigen
--found a cut state by heuristic 13.522095320639771 2.8969632248632138e-11 
iteration: 214,  #states: 1320, valueb: 2.8969632248632138e-11, activeness: 13.522095320639771, primalobj: 0.9999999997065654, dualobj: -Inf
solve--
end solve-- RelaxOptimal OPTIMAL
 weights_sum: 1.0
itereffortlevel: 0
--separating...
--find a better primal bound 16.49962698186735 by Alternative descent Eigen
--found a cut state by heuristic 16.49962698186735 -7.538414337204813e-14 
iteration: 215,  #states: 1321, valueb: -7.538414337204813e-14, activeness: 16.49962698186735, primalobj: 0.9999999999996451, dualobj: -Inf
solve--
end solve-- RelaxOptimal OPTIMAL
 weights_sum: 1.0
itereffortlevel: 0
--separating...
--find a better primal bound 75.90825708938577 by Alternative descent Eigen
--found a cut state by heuristic 75.90825708938577 1.8118839761882555e-13 
iteration: 216,  #states: 1322, valueb: 1.8118839761882555e-13, activeness: 75.90825708938577, primalobj: 0.9999999999970207, dualobj: -Inf
solve--
end solve-- RelaxOptimal OPTIMAL
 weights_sum: 1.0
itereffortlevel: 0
--separating...
--find a better primal bound 2.394249438059532 by Alternative descent Eigen
--found a cut state by heuristic 2.394249438059532 0.027998476716312552 
iteration: 217,  #states: 1323, valueb: 0.027998476716312552, activeness: 2.394249438059532, primalobj: 0.9991250476026128, dualobj: -Inf
solve--
end solve-- RelaxOptimal OPTIMAL
 weights_sum: 0.9999999999999993
itereffortlevel: 0
--separating...
--find a better primal bound 0.9224398104622473 by Alternative descent Eigen
--found a cut state by heuristic 0.9224398104622473 0.038477053537078046 
iteration: 218,  #states: 1324, valueb: 0.038477053537078046, activeness: 0.9224398104622473, primalobj: 0.9987975920765518, dualobj: -Inf
solve--
end solve-- RelaxOptimal OPTIMAL
 weights_sum: 0.9999999999999987
itereffortlevel: 0
--separating...
--find a better primal bound 0.669197007567135 by Alternative descent Eigen
--found a cut state by heuristic 0.669197007567135 0.025915086027521027 
iteration: 219,  #states: 1325, valueb: 0.025915086027521027, activeness: 0.669197007567135, primalobj: 0.9985088896378799, dualobj: -Inf
solve--
end solve-- RelaxOptimal OPTIMAL
 weights_sum: 1.0000000000000004
itereffortlevel: 0
--separating...
--find a better primal bound 0.8446505988723827 by Alternative descent Eigen
--found a cut state by heuristic 0.8446505988723827 0.038359460735856214 
iteration: 220,  #states: 1326, valueb: 0.038359460735856214, activeness: 0.8446505988723827, primalobj: 0.9983720762837442, dualobj: -Inf
solve--
end solve-- RelaxOptimal OPTIMAL
 weights_sum: 1.0000000000000004
itereffortlevel: 0
--separating...
--find a better primal bound 0.5465043767678173 by Alternative descent Eigen
--found a cut state by heuristic 0.5465043767678173 0.020586274265135606 
iteration: 221,  #states: 1327, valueb: 0.020586274265135606, activeness: 0.5465043767678173, primalobj: 0.998186937564667, dualobj: -Inf
solve--
end solve-- RelaxOptimal OPTIMAL
 weights_sum: 1.0000000000000009
itereffortlevel: 0
--separating...
--find a better primal bound 0.3999979849605605 by Alternative descent Eigen
--found a cut state by heuristic 0.3999979849605605 0.04160787070853514 
iteration: 222,  #states: 1328, valueb: 0.04160787070853514, activeness: 0.3999979849605605, primalobj: 0.998059235154155, dualobj: -Inf
solve--
end solve-- RelaxOptimal OPTIMAL
 weights_sum: 0.999999999999998
itereffortlevel: 0
--separating...
--find a better primal bound 0.755945248851351 by Alternative descent Eigen
--found a cut state by heuristic 0.755945248851351 0.0498075083579182 
iteration: 223,  #states: 1329, valueb: 0.0498075083579182, activeness: 0.755945248851351, primalobj: 0.9979763854773493, dualobj: -Inf
solve--
end solve-- RelaxOptimal OPTIMAL
 weights_sum: 1.0000000000000004
itereffortlevel: 0
--separating...
--find a better primal bound 0.31660641039305953 by Alternative descent Eigen
--found a cut state by heuristic 0.31660641039305953 0.025162575843712218 
iteration: 224,  #states: 1330, valueb: 0.025162575843712218, activeness: 0.31660641039305953, primalobj: 0.9975385140563883, dualobj: -Inf
solve--
end solve-- RelaxOptimal OPTIMAL
 weights_sum: 1.0000000000000007
itereffortlevel: 0
--separating...
--find a better primal bound 0.4045307290952304 by Alternative descent Eigen
--found a cut state by heuristic 0.4045307290952304 0.030158350772497528 
iteration: 225,  #states: 1331, valueb: 0.030158350772497528, activeness: 0.4045307290952304, primalobj: 0.9973892152987544, dualobj: -Inf
solve--
end solve-- RelaxOptimal OPTIMAL
 weights_sum: 0.9999999999999993
itereffortlevel: 0
--separating...
--find a better primal bound 0.49077940171827067 by Alternative descent Eigen
--found a cut state by heuristic 0.49077940171827067 0.025835822615408306 
iteration: 226,  #states: 1332, valueb: 0.025835822615408306, activeness: 0.49077940171827067, primalobj: 0.9972128220192226, dualobj: -Inf
solve--
end solve-- RelaxOptimal OPTIMAL
 weights_sum: 1.0000000000000007
itereffortlevel: 0
--separating...
--find a better primal bound 0.4075840691890642 by Alternative descent Eigen
--found a cut state by heuristic 0.4075840691890642 0.01527318518169193 
iteration: 227,  #states: 1333, valueb: 0.01527318518169193, activeness: 0.4075840691890642, primalobj: 0.997067066351158, dualobj: -Inf
solve--
end solve-- RelaxOptimal OPTIMAL
 weights_sum: 1.0
itereffortlevel: 0
--separating...
--find a better primal bound 0.5755661559301577 by Alternative descent Eigen
--found a cut state by heuristic 0.5755661559301577 0.01831411636127542 
iteration: 228,  #states: 1334, valueb: 0.01831411636127542, activeness: 0.5755661559301577, primalobj: 0.9969464611077504, dualobj: -Inf
solve--
end solve-- RelaxOptimal OPTIMAL
 weights_sum: 1.0000000000000002
itereffortlevel: 0
--separating...
--find a better primal bound 0.3606134489968036 by Alternative descent Eigen
--found a cut state by heuristic 0.3606134489968036 0.036458959512515814 
iteration: 229,  #states: 1335, valueb: 0.036458959512515814, activeness: 0.3606134489968036, primalobj: 0.9968071030669644, dualobj: -Inf
solve--
end solve-- RelaxOptimal OPTIMAL
 weights_sum: 1.0000000000000009
itereffortlevel: 0
--separating...
--find a better primal bound 0.3047677940096132 by Alternative descent Eigen
--found a cut state by heuristic 0.3047677940096132 0.016957430660534404 
iteration: 230,  #states: 1336, valueb: 0.016957430660534404, activeness: 0.3047677940096132, primalobj: 0.9967306274036073, dualobj: -Inf
solve--
end solve-- RelaxOptimal OPTIMAL
 weights_sum: 0.9999999999999991
itereffortlevel: 0
--separating...
--find a better primal bound 0.6865373283638607 by Alternative descent Eigen
--found a cut state by heuristic 0.6865373283638607 0.02448850954754958 
iteration: 231,  #states: 1337, valueb: 0.02448850954754958, activeness: 0.6865373283638607, primalobj: 0.9966182328871006, dualobj: -Inf
solve--
end solve-- RelaxOptimal OPTIMAL
 weights_sum: 1.0
itereffortlevel: 0
--separating...
--find a better primal bound 0.638902961356266 by Alternative descent Eigen
--found a cut state by heuristic 0.638902961356266 0.01615916651136252 
iteration: 232,  #states: 1338, valueb: 0.01615916651136252, activeness: 0.638902961356266, primalobj: 0.996364690162732, dualobj: -Inf
solve--
end solve-- RelaxOptimal OPTIMAL
 weights_sum: 0.9999999999999991
itereffortlevel: 0
--separating...
--find a better primal bound 0.5233232598619124 by Alternative descent Eigen
--found a cut state by heuristic 0.5233232598619124 0.020489738085901398 
iteration: 233,  #states: 1339, valueb: 0.020489738085901398, activeness: 0.5233232598619124, primalobj: 0.9962157968672264, dualobj: -Inf
solve--
end solve-- RelaxOptimal OPTIMAL
 weights_sum: 1.0000000000000004
itereffortlevel: 0
--separating...
--find a better primal bound 0.5071577295894523 by Alternative descent Eigen
--found a cut state by heuristic 0.5071577295894523 0.03341710330009332 
iteration: 234,  #states: 1340, valueb: 0.03341710330009332, activeness: 0.5071577295894523, primalobj: 0.9960574413738698, dualobj: -Inf
solve--
end solve-- RelaxOptimal OPTIMAL
 weights_sum: 0.9999999999999996
itereffortlevel: 0
--separating...
--find a better primal bound 0.3617307732611692 by Alternative descent Eigen
--found a cut state by heuristic 0.3617307732611692 0.03189261740666336 
iteration: 235,  #states: 1341, valueb: 0.03189261740666336, activeness: 0.3617307732611692, primalobj: 0.9959173819279421, dualobj: -Inf
solve--
end solve-- RelaxOptimal OPTIMAL
 weights_sum: 1.0000000000000004
itereffortlevel: 0
--separating...
--find a better primal bound 0.3614744698860774 by Alternative descent Eigen
--found a cut state by heuristic 0.3614744698860774 0.018277378475729612 
iteration: 236,  #states: 1342, valueb: 0.018277378475729612, activeness: 0.3614744698860774, primalobj: 0.9958292717751536, dualobj: -Inf
solve--
end solve-- RelaxOptimal OPTIMAL
 weights_sum: 1.0000000000000009
itereffortlevel: 0
--separating...
--find a better primal bound 0.5561855407944063 by Alternative descent Eigen
--found a cut state by heuristic 0.5561855407944063 0.02506810422745511 
iteration: 237,  #states: 1343, valueb: 0.02506810422745511, activeness: 0.5561855407944063, primalobj: 0.9957343275621031, dualobj: -Inf
solve--
end solve-- RelaxOptimal OPTIMAL
 weights_sum: 0.9999999999999986
itereffortlevel: 0
--separating...
--find a better primal bound 0.40463279226340315 by Alternative descent Eigen
--found a cut state by heuristic 0.40463279226340315 0.05711177323302459 
iteration: 238,  #states: 1344, valueb: 0.05711177323302459, activeness: 0.40463279226340315, primalobj: 0.9956108675186089, dualobj: -Inf
solve--
end solve-- RelaxOptimal OPTIMAL
 weights_sum: 1.000000000000001
itereffortlevel: 0
--separating...
--find a better primal bound 0.3574827300904026 by Alternative descent Eigen
--found a cut state by heuristic 0.3574827300904026 0.08494407938447655 
iteration: 239,  #states: 1345, valueb: 0.08494407938447655, activeness: 0.3574827300904026, primalobj: 0.9954469015220373, dualobj: -Inf
solve--
end solve-- RelaxOptimal OPTIMAL
 weights_sum: 1.0000000000000007
itereffortlevel: 0
--separating...
--find a better primal bound 0.4326791162901499 by Alternative descent Eigen
--found a cut state by heuristic 0.4326791162901499 0.07714350565870676 
iteration: 240,  #states: 1346, valueb: 0.07714350565870676, activeness: 0.4326791162901499, primalobj: 0.9953425390156272, dualobj: -Inf
solve--
end solve-- RelaxOptimal OPTIMAL
 weights_sum: 1.0
itereffortlevel: 0
--separating...
--find a better primal bound 0.4117585456972044 by Alternative descent Eigen
--found a cut state by heuristic 0.4117585456972044 0.058765283069992506 
iteration: 241,  #states: 1347, valueb: 0.058765283069992506, activeness: 0.4117585456972044, primalobj: 0.9952497908705761, dualobj: -Inf
solve--
end solve-- RelaxOptimal OPTIMAL
 weights_sum: 1.0000000000000004
itereffortlevel: 0
--separating...
--find a better primal bound 0.4792058993578223 by Alternative descent Eigen
--found a cut state by heuristic 0.4792058993578223 0.04998432814971273 
iteration: 242,  #states: 1348, valueb: 0.04998432814971273, activeness: 0.4792058993578223, primalobj: 0.9951640002794995, dualobj: -Inf
solve--
end solve-- RelaxOptimal OPTIMAL
 weights_sum: 1.0
itereffortlevel: 0
--separating...
--find a better primal bound 0.29904809707931745 by Alternative descent Eigen
--found a cut state by heuristic 0.29904809707931745 0.06592356782864149 
iteration: 243,  #states: 1349, valueb: 0.06592356782864149, activeness: 0.29904809707931745, primalobj: 0.99500243428195, dualobj: -Inf
solve--
end solve-- RelaxOptimal OPTIMAL
 weights_sum: 1.0000000000000007
itereffortlevel: 0
--separating...
--find a better primal bound 0.5040052885896845 by Alternative descent Eigen
--found a cut state by heuristic 0.5040052885896845 0.039823657134063654 
iteration: 244,  #states: 1350, valueb: 0.039823657134063654, activeness: 0.5040052885896845, primalobj: 0.9949493179301667, dualobj: -Inf
solve--
end solve-- RelaxOptimal OPTIMAL
 weights_sum: 1.0000000000000004
itereffortlevel: 0
--separating...
--find a better primal bound 0.44642687398964903 by Alternative descent Eigen
--found a cut state by heuristic 0.44642687398964903 0.06683516715371415 
iteration: 245,  #states: 1351, valueb: 0.06683516715371415, activeness: 0.44642687398964903, primalobj: 0.9947577698768985, dualobj: -Inf
solve--
end solve-- RelaxOptimal OPTIMAL
 weights_sum: 0.9999999999999993
itereffortlevel: 0
--separating...
--find a better primal bound 0.40066654740008645 by Alternative descent Eigen
--found a cut state by heuristic 0.40066654740008645 0.044933699074506436 
iteration: 246,  #states: 1352, valueb: 0.044933699074506436, activeness: 0.40066654740008645, primalobj: 0.9946787903309448, dualobj: -Inf
solve--
end solve-- RelaxOptimal OPTIMAL
 weights_sum: 0.9999999999999991
itereffortlevel: 0
--separating...
--find a better primal bound 0.33199548916519606 by Alternative descent Eigen
--found a cut state by heuristic 0.33199548916519606 0.07587438654336534 
iteration: 247,  #states: 1353, valueb: 0.07587438654336534, activeness: 0.33199548916519606, primalobj: 0.9945454095043144, dualobj: -Inf
solve--
end solve-- RelaxOptimal OPTIMAL
 weights_sum: 0.9999999999999984
itereffortlevel: 0
--separating...
--find a better primal bound 0.4493724234098023 by Alternative descent Eigen
--found a cut state by heuristic 0.4493724234098023 0.07073983172537651 
iteration: 248,  #states: 1354, valueb: 0.07073983172537651, activeness: 0.4493724234098023, primalobj: 0.9945049919148556, dualobj: -Inf
solve--
end solve-- RelaxOptimal OPTIMAL
 weights_sum: 0.9999999999999989
itereffortlevel: 0
--separating...
--find a better primal bound 0.2690748422107714 by Alternative descent Eigen
--found a cut state by heuristic 0.2690748422107714 0.051176613427874315 
iteration: 249,  #states: 1355, valueb: 0.051176613427874315, activeness: 0.2690748422107714, primalobj: 0.9943909021536922, dualobj: -Inf
solve--
end solve-- RelaxOptimal OPTIMAL
 weights_sum: 0.9999999999999996
itereffortlevel: 0
--separating...
--find a better primal bound 0.29723890756320537 by Alternative descent Eigen
--found a cut state by heuristic 0.29723890756320537 0.030804224880799442 
iteration: 250,  #states: 1356, valueb: 0.030804224880799442, activeness: 0.29723890756320537, primalobj: 0.9943074481723422, dualobj: -Inf
solve--
end solve-- RelaxOptimal OPTIMAL
 weights_sum: 0.9999999999999986
itereffortlevel: 0
--separating...
--find a better primal bound 0.33422125768179456 by Alternative descent Eigen
--found a cut state by heuristic 0.33422125768179456 0.018278695379672007 
iteration: 251,  #states: 1357, valueb: 0.018278695379672007, activeness: 0.33422125768179456, primalobj: 0.9942297705308986, dualobj: -Inf
solve--
end solve-- RelaxOptimal OPTIMAL
 weights_sum: 0.9999999999999996
itereffortlevel: 0
--separating...
--find a better primal bound 0.48744236164815685 by Alternative descent Eigen
--found a cut state by heuristic 0.48744236164815685 0.00101365476896734 
iteration: 252,  #states: 1358, valueb: 0.00101365476896734, activeness: 0.48744236164815685, primalobj: 0.9941386635576442, dualobj: -Inf
solve--
end solve-- RelaxOptimal OPTIMAL
 weights_sum: 0.9999999999999991
itereffortlevel: 0
--separating...
--find a better primal bound 0.4589963965728465 by Alternative descent Eigen
--found a cut state by heuristic 0.4589963965728465 0.008964700994001928 
iteration: 253,  #states: 1359, valueb: 0.008964700994001928, activeness: 0.4589963965728465, primalobj: 0.9940515541290279, dualobj: -Inf
solve--
end solve-- RelaxOptimal OPTIMAL
 weights_sum: 0.9999999999999998
itereffortlevel: 0
--separating...
--find a better primal bound 0.21436222862526 by Alternative descent Eigen
--found a cut state by heuristic 0.21436222862526 0.022633434044493195 
iteration: 254,  #states: 1360, valueb: 0.022633434044493195, activeness: 0.21436222862526, primalobj: 0.9939282821593886, dualobj: -Inf
solve--
end solve-- RelaxOptimal OPTIMAL
 weights_sum: 1.0000000000000002
itereffortlevel: 0
--separating...
--find a better primal bound 0.26707081475141115 by Alternative descent Eigen
--found a cut state by heuristic 0.26707081475141115 0.0003549693140095211 
iteration: 255,  #states: 1361, valueb: 0.0003549693140095211, activeness: 0.26707081475141115, primalobj: 0.9938828092987392, dualobj: -Inf
solve--
end solve-- RelaxOptimal OPTIMAL
 weights_sum: 1.0000000000000009
itereffortlevel: 0
--separating...
--find a better primal bound 0.376259618511086 by Alternative descent Eigen
--found a cut state by heuristic 0.376259618511086 0.045911676223691966 
iteration: 256,  #states: 1362, valueb: 0.045911676223691966, activeness: 0.376259618511086, primalobj: 0.9938117287934773, dualobj: -Inf
solve--
end solve-- RelaxOptimal OPTIMAL
 weights_sum: 0.9999999999999982
itereffortlevel: 0
--separating...
--find a better primal bound 0.29354910066335504 by Alternative descent Eigen
--found a cut state by heuristic 0.29354910066335504 0.015444516234781255 
iteration: 257,  #states: 1363, valueb: 0.015444516234781255, activeness: 0.29354910066335504, primalobj: 0.9937248907776463, dualobj: -Inf
solve--
end solve-- RelaxOptimal OPTIMAL
 weights_sum: 0.9999999999999988
itereffortlevel: 0
--separating...
--find a better primal bound 0.2910367083261335 by Alternative descent Eigen
--found a cut state by heuristic 0.2910367083261335 0.019057697763991698 
iteration: 258,  #states: 1364, valueb: 0.019057697763991698, activeness: 0.2910367083261335, primalobj: 0.993656862685256, dualobj: -Inf
solve--
end solve-- RelaxOptimal OPTIMAL
 weights_sum: 1.0000000000000009
itereffortlevel: 0
--separating...
--find a better primal bound 0.4608039949517123 by Alternative descent Eigen
--found a cut state by heuristic 0.4608039949517123 0.06919636199347373 
iteration: 259,  #states: 1365, valueb: 0.06919636199347373, activeness: 0.4608039949517123, primalobj: 0.9935796719786378, dualobj: -Inf
solve--
end solve-- RelaxOptimal OPTIMAL
 weights_sum: 1.0000000000000002
itereffortlevel: 0
--separating...
--find a better primal bound 0.26446582721067236 by Alternative descent Eigen
--found a cut state by heuristic 0.26446582721067236 0.005122140295314104 
iteration: 260,  #states: 1366, valueb: 0.005122140295314104, activeness: 0.26446582721067236, primalobj: 0.9934710675291684, dualobj: -Inf
solve--
end solve-- RelaxOptimal OPTIMAL
 weights_sum: 1.0000000000000004
itereffortlevel: 0
--separating...
--find a better primal bound 0.30779174869912357 by Alternative descent Eigen
--found a cut state by heuristic 0.30779174869912357 0.009438775283275488 
iteration: 261,  #states: 1367, valueb: 0.009438775283275488, activeness: 0.30779174869912357, primalobj: 0.9934000315827802, dualobj: -Inf
solve--
end solve-- RelaxOptimal OPTIMAL
 weights_sum: 1.0000000000000004
itereffortlevel: 0
--separating...
--find a better primal bound 0.32831677150478317 by Alternative descent Eigen
--found a cut state by heuristic 0.32831677150478317 0.018532019573484583 
iteration: 262,  #states: 1368, valueb: 0.018532019573484583, activeness: 0.32831677150478317, primalobj: 0.9932816380559952, dualobj: -Inf
solve--
end solve-- RelaxOptimal OPTIMAL
 weights_sum: 0.9999999999999982
itereffortlevel: 0
--separating...
--find a better primal bound 0.28211426818445 by Alternative descent Eigen
--found a cut state by heuristic 0.28211426818445 0.0036426000363417727 
iteration: 263,  #states: 1369, valueb: 0.0036426000363417727, activeness: 0.28211426818445, primalobj: 0.9931650807500599, dualobj: -Inf
solve--
end solve-- RelaxOptimal OPTIMAL
 weights_sum: 1.0
itereffortlevel: 0
--separating...
--find a better primal bound 0.325234187111201 by Alternative descent Eigen
--found a cut state by heuristic 0.325234187111201 0.03538002853869485 
iteration: 264,  #states: 1370, valueb: 0.03538002853869485, activeness: 0.325234187111201, primalobj: 0.9930151486805342, dualobj: -Inf
solve--
end solve-- RelaxOptimal OPTIMAL
 weights_sum: 0.9999999999999996
itereffortlevel: 0
--separating...
--find a better primal bound 0.28040984590231177 by Alternative descent Eigen
--found a cut state by heuristic 0.28040984590231177 0.029427947013673652 
iteration: 265,  #states: 1371, valueb: 0.029427947013673652, activeness: 0.28040984590231177, primalobj: 0.9929253950606233, dualobj: -Inf
solve--
end solve-- RelaxOptimal OPTIMAL
 weights_sum: 1.000000000000001
itereffortlevel: 0
--separating...
--find a better primal bound 0.398713594014922 by Alternative descent Eigen
--found a cut state by heuristic 0.398713594014922 0.05633167752770851 
iteration: 266,  #states: 1372, valueb: 0.05633167752770851, activeness: 0.398713594014922, primalobj: 0.9928480698048522, dualobj: -Inf
solve--
end solve-- RelaxOptimal OPTIMAL
 weights_sum: 0.9999999999999987
itereffortlevel: 0
--separating...
--find a better primal bound 0.2619062910917927 by Alternative descent Eigen
--found a cut state by heuristic 0.2619062910917927 0.07333505497991746 
iteration: 267,  #states: 1373, valueb: 0.07333505497991746, activeness: 0.2619062910917927, primalobj: 0.9927483927542715, dualobj: -Inf
solve--
end solve-- RelaxOptimal OPTIMAL
 weights_sum: 0.9999999999999996
itereffortlevel: 0
--separating...
--find a better primal bound 0.24576838735557882 by Alternative descent Eigen
--found a cut state by heuristic 0.24576838735557882 0.003408975433063625 
iteration: 268,  #states: 1374, valueb: 0.003408975433063625, activeness: 0.24576838735557882, primalobj: 0.9926720188860415, dualobj: -Inf
solve--
end solve-- RelaxOptimal OPTIMAL
 weights_sum: 1.0000000000000004
itereffortlevel: 0
--separating...
--find a better primal bound 0.34590792856023334 by Alternative descent Eigen
--found a cut state by heuristic 0.34590792856023334 0.03415473284398824 
iteration: 269,  #states: 1375, valueb: 0.03415473284398824, activeness: 0.34590792856023334, primalobj: 0.9926085093120255, dualobj: -Inf
solve--
end solve-- RelaxOptimal OPTIMAL
 weights_sum: 1.0000000000000004
itereffortlevel: 0
--separating...
--find a better primal bound 0.2787214924591593 by Alternative descent Eigen
--found a cut state by heuristic 0.2787214924591593 0.028498684987816058 
iteration: 270,  #states: 1376, valueb: 0.028498684987816058, activeness: 0.2787214924591593, primalobj: 0.9925514836394598, dualobj: -Inf
solve--
end solve-- RelaxOptimal OPTIMAL
 weights_sum: 0.9999999999999999
itereffortlevel: 0
--separating...
--find a better primal bound 0.3724209282268496 by Alternative descent Eigen
--found a cut state by heuristic 0.3724209282268496 0.04613053246107622 
iteration: 271,  #states: 1377, valueb: 0.04613053246107622, activeness: 0.3724209282268496, primalobj: 0.992487445736156, dualobj: -Inf
solve--
end solve-- RelaxOptimal OPTIMAL
 weights_sum: 1.0000000000000007
itereffortlevel: 0
--separating...
--find a better primal bound 0.23475907385345318 by Alternative descent Eigen
--found a cut state by heuristic 0.23475907385345318 0.015317139848063837 
iteration: 272,  #states: 1378, valueb: 0.015317139848063837, activeness: 0.23475907385345318, primalobj: 0.9923604737451676, dualobj: -Inf
solve--
end solve-- RelaxOptimal OPTIMAL
 weights_sum: 1.0000000000000009
itereffortlevel: 0
--separating...
--find a better primal bound 0.29295430305379994 by Alternative descent Eigen
--found a cut state by heuristic 0.29295430305379994 0.0034042855536399307 
iteration: 273,  #states: 1379, valueb: 0.0034042855536399307, activeness: 0.29295430305379994, primalobj: 0.9923069144600051, dualobj: -Inf
solve--
end solve-- RelaxOptimal OPTIMAL
 weights_sum: 0.9999999999999987
itereffortlevel: 0
--separating...
--find a better primal bound 0.21510998650427127 by Alternative descent Eigen
--found a cut state by heuristic 0.21510998650427127 0.04113859955469099 
iteration: 274,  #states: 1380, valueb: 0.04113859955469099, activeness: 0.21510998650427127, primalobj: 0.9922772354620791, dualobj: -Inf
solve--
end solve-- RelaxOptimal OPTIMAL
 weights_sum: 0.9999999999999996
itereffortlevel: 0
--separating...
--find a better primal bound 0.22474569319112353 by Alternative descent Eigen
--found a cut state by heuristic 0.22474569319112353 0.016919581837854945 
iteration: 275,  #states: 1381, valueb: 0.016919581837854945, activeness: 0.22474569319112353, primalobj: 0.9922503384857366, dualobj: -Inf
solve--
end solve-- RelaxOptimal OPTIMAL
 weights_sum: 1.0
itereffortlevel: 0
--separating...
--find a better primal bound 0.33430053671117355 by Alternative descent Eigen
--found a cut state by heuristic 0.33430053671117355 0.034149507285833824 
iteration: 276,  #states: 1382, valueb: 0.034149507285833824, activeness: 0.33430053671117355, primalobj: 0.9922177595589771, dualobj: -Inf
solve--
end solve-- RelaxOptimal OPTIMAL
 weights_sum: 0.999999999999999
itereffortlevel: 0
--separating...
--find a better primal bound 0.2469150552435926 by Alternative descent Eigen
--found a cut state by heuristic 0.2469150552435926 0.01917626227871498 
iteration: 277,  #states: 1383, valueb: 0.01917626227871498, activeness: 0.2469150552435926, primalobj: 0.9921579339808458, dualobj: -Inf
solve--
end solve-- RelaxOptimal OPTIMAL
 weights_sum: 1.0000000000000016
itereffortlevel: 0
--separating...
--find a better primal bound 0.25101526689617404 by Alternative descent Eigen
--found a cut state by heuristic 0.25101526689617404 0.013377967227342592 
iteration: 278,  #states: 1384, valueb: 0.013377967227342592, activeness: 0.25101526689617404, primalobj: 0.9920836745284982, dualobj: -Inf
solve--
end solve-- RelaxOptimal OPTIMAL
 weights_sum: 1.0000000000000018
itereffortlevel: 0
--separating...
--find a better primal bound 0.3573464783311472 by Alternative descent Eigen
--found a cut state by heuristic 0.3573464783311472 0.02512982927402293 
iteration: 279,  #states: 1385, valueb: 0.02512982927402293, activeness: 0.3573464783311472, primalobj: 0.992032994749131, dualobj: -Inf
solve--
end solve-- RelaxOptimal OPTIMAL
 weights_sum: 1.0
itereffortlevel: 0
--separating...
--find a better primal bound 0.3044972445366593 by Alternative descent Eigen
--found a cut state by heuristic 0.3044972445366593 0.018843950776164648 
iteration: 280,  #states: 1386, valueb: 0.018843950776164648, activeness: 0.3044972445366593, primalobj: 0.9918876397817054, dualobj: -Inf
solve--
end solve-- RelaxOptimal OPTIMAL
 weights_sum: 0.9999999999999989
itereffortlevel: 0
--separating...
--find a better primal bound 0.30618487611481726 by Alternative descent Eigen
--found a cut state by heuristic 0.30618487611481726 0.01110990094378261 
iteration: 281,  #states: 1387, valueb: 0.01110990094378261, activeness: 0.30618487611481726, primalobj: 0.9917626930690215, dualobj: -Inf
solve--
end solve-- RelaxOptimal OPTIMAL
 weights_sum: 1.0000000000000013
itereffortlevel: 0
--separating...
--find a better primal bound 0.33121724570193045 by Alternative descent Eigen
--found a cut state by heuristic 0.33121724570193045 0.015152564447886485 
iteration: 282,  #states: 1388, valueb: 0.015152564447886485, activeness: 0.33121724570193045, primalobj: 0.9917099377849614, dualobj: -Inf
solve--
end solve-- RelaxOptimal OPTIMAL
 weights_sum: 0.999999999999998
itereffortlevel: 0
--separating...
--find a better primal bound 0.3194687438315137 by Alternative descent Eigen
--found a cut state by heuristic 0.3194687438315137 0.019210796293652736 
iteration: 283,  #states: 1389, valueb: 0.019210796293652736, activeness: 0.3194687438315137, primalobj: 0.9915806424152764, dualobj: -Inf
solve--
end solve-- RelaxOptimal OPTIMAL
 weights_sum: 0.9999999999999991
itereffortlevel: 0
--separating...
--find a better primal bound 0.30844865261939935 by Alternative descent Eigen
--found a cut state by heuristic 0.30844865261939935 0.037040036722953334 
iteration: 284,  #states: 1390, valueb: 0.037040036722953334, activeness: 0.30844865261939935, primalobj: 0.9915253418582587, dualobj: -Inf
solve--
end solve-- RelaxOptimal OPTIMAL
 weights_sum: 0.9999999999999994
itereffortlevel: 0
--separating...
--find a better primal bound 0.31975566588015514 by Alternative descent Eigen
--found a cut state by heuristic 0.31975566588015514 0.06459070969923902 
iteration: 285,  #states: 1391, valueb: 0.06459070969923902, activeness: 0.31975566588015514, primalobj: 0.99145147880686, dualobj: -Inf
solve--
end solve-- RelaxOptimal OPTIMAL
 weights_sum: 1.0000000000000004
itereffortlevel: 0
--separating...
--find a better primal bound 0.27120747919530286 by Alternative descent Eigen
--found a cut state by heuristic 0.27120747919530286 0.03766754408498993 
iteration: 286,  #states: 1392, valueb: 0.03766754408498993, activeness: 0.27120747919530286, primalobj: 0.9913736587249503, dualobj: -Inf
solve--
end solve-- RelaxOptimal OPTIMAL
 weights_sum: 1.0000000000000004
itereffortlevel: 0
--separating...
--find a better primal bound 0.20227100024626024 by Alternative descent Eigen
--found a cut state by heuristic 0.20227100024626024 0.009191437915468746 
iteration: 287,  #states: 1393, valueb: 0.009191437915468746, activeness: 0.20227100024626024, primalobj: 0.9913237297058202, dualobj: -Inf
solve--
end solve-- RelaxOptimal OPTIMAL
 weights_sum: 1.0000000000000004
itereffortlevel: 0
--separating...
--find a better primal bound 0.4579129377850627 by Alternative descent Eigen
--found a cut state by heuristic 0.4579129377850627 0.007700796208142374 
iteration: 288,  #states: 1394, valueb: 0.007700796208142374, activeness: 0.4579129377850627, primalobj: 0.9912417535008234, dualobj: -Inf
solve--
end solve-- RelaxOptimal OPTIMAL
 weights_sum: 1.0000000000000002
itereffortlevel: 0
--separating...
--find a better primal bound 0.3141996337242628 by Alternative descent Eigen
--found a cut state by heuristic 0.3141996337242628 0.04068767247047811 
iteration: 289,  #states: 1395, valueb: 0.04068767247047811, activeness: 0.3141996337242628, primalobj: 0.9911406195773989, dualobj: -Inf
solve--
end solve-- RelaxOptimal OPTIMAL
 weights_sum: 1.000000000000001
itereffortlevel: 0
--separating...
--find a better primal bound 0.23052026596696445 by Alternative descent Eigen
--found a cut state by heuristic 0.23052026596696445 0.04521000541704909 
iteration: 290,  #states: 1396, valueb: 0.04521000541704909, activeness: 0.23052026596696445, primalobj: 0.9910670873015283, dualobj: -Inf
solve--
end solve-- RelaxOptimal OPTIMAL
 weights_sum: 0.9999999999999999
itereffortlevel: 0
--separating...
--find a better primal bound 0.2571881547344126 by Alternative descent Eigen
--found a cut state by heuristic 0.2571881547344126 0.04870748524972955 
iteration: 291,  #states: 1397, valueb: 0.04870748524972955, activeness: 0.2571881547344126, primalobj: 0.9910100032525582, dualobj: -Inf
solve--
end solve-- RelaxOptimal OPTIMAL
 weights_sum: 1.0000000000000004
itereffortlevel: 0
--separating...
--find a better primal bound 0.28702331204416054 by Alternative descent Eigen
--found a cut state by heuristic 0.28702331204416054 0.047073087893667015 
iteration: 292,  #states: 1398, valueb: 0.047073087893667015, activeness: 0.28702331204416054, primalobj: 0.9909443993010524, dualobj: -Inf
solve--
end solve-- RelaxOptimal OPTIMAL
 weights_sum: 1.0
itereffortlevel: 0
--separating...
--find a better primal bound 0.20658576514788712 by Alternative descent Eigen
--found a cut state by heuristic 0.20658576514788712 0.019675493025836474 
iteration: 293,  #states: 1399, valueb: 0.019675493025836474, activeness: 0.20658576514788712, primalobj: 0.9908854590250599, dualobj: -Inf
solve--
end solve-- RelaxOptimal OPTIMAL
 weights_sum: 1.0000000000000013
itereffortlevel: 0
--separating...
--find a better primal bound 0.34905335877470356 by Alternative descent Eigen
--found a cut state by heuristic 0.34905335877470356 0.0379704711629984 
iteration: 294,  #states: 1400, valueb: 0.0379704711629984, activeness: 0.34905335877470356, primalobj: 0.9908500949377016, dualobj: -Inf
solve--
end solve-- RelaxOptimal OPTIMAL
 weights_sum: 1.0
itereffortlevel: 0
--separating...
--find a better primal bound 0.39426363587302365 by Alternative descent Eigen
--found a cut state by heuristic 0.39426363587302365 0.010590229268993822 
iteration: 295,  #states: 1401, valueb: 0.010590229268993822, activeness: 0.39426363587302365, primalobj: 0.990721927276849, dualobj: -Inf
solve--
end solve-- RelaxOptimal OPTIMAL
 weights_sum: 1.0
itereffortlevel: 0
--separating...
--find a better primal bound 0.215655894911116 by Alternative descent Eigen
--found a cut state by heuristic 0.215655894911116 0.008276287575978829 
iteration: 296,  #states: 1402, valueb: 0.008276287575978829, activeness: 0.215655894911116, primalobj: 0.990603169958257, dualobj: -Inf
solve--
end solve-- RelaxOptimal OPTIMAL
 weights_sum: 1.0000000000000004
itereffortlevel: 0
--separating...
--find a better primal bound 0.19492470424737268 by Alternative descent Eigen
--found a cut state by heuristic 0.19492470424737268 0.022534082411274584 
iteration: 297,  #states: 1403, valueb: 0.022534082411274584, activeness: 0.19492470424737268, primalobj: 0.9905352582033932, dualobj: -Inf
solve--
end solve-- RelaxOptimal OPTIMAL
 weights_sum: 1.0000000000000004
itereffortlevel: 0
--separating...
--find a better primal bound 0.3285638788836118 by Alternative descent Eigen
--found a cut state by heuristic 0.3285638788836118 0.031404249933849174 
iteration: 298,  #states: 1404, valueb: 0.031404249933849174, activeness: 0.3285638788836118, primalobj: 0.9905119796324504, dualobj: -Inf
solve--
end solve-- RelaxOptimal OPTIMAL
 weights_sum: 1.0000000000000007
itereffortlevel: 0
--separating...
--find a better primal bound 0.28326828144750027 by Alternative descent Eigen
--found a cut state by heuristic 0.28326828144750027 0.023455665525377905 
iteration: 299,  #states: 1405, valueb: 0.023455665525377905, activeness: 0.28326828144750027, primalobj: 0.9904553048043188, dualobj: -Inf
solve--
end solve-- RelaxOptimal OPTIMAL
 weights_sum: 1.0000000000000013
itereffortlevel: 0
--separating...
--find a better primal bound 0.25252604002607365 by Alternative descent Eigen
--found a cut state by heuristic 0.25252604002607365 0.02591499591027458 
iteration: 300,  #states: 1406, valueb: 0.02591499591027458, activeness: 0.25252604002607365, primalobj: 0.9903819378410066, dualobj: -Inf
solve--
end solve-- RelaxOptimal OPTIMAL
 weights_sum: 1.0
itereffortlevel: 0
--separating...
--find a better primal bound 0.2808218565267787 by Alternative descent Eigen
--found a cut state by heuristic 0.2808218565267787 0.01068550368078761 
iteration: 301,  #states: 1407, valueb: 0.01068550368078761, activeness: 0.2808218565267787, primalobj: 0.9903104398951663, dualobj: -Inf
solve--
end solve-- RelaxOptimal OPTIMAL
 weights_sum: 1.0000000000000004
itereffortlevel: 0
--separating...
--find a better primal bound 0.22300116037289794 by Alternative descent Eigen
--found a cut state by heuristic 0.22300116037289794 0.00839552416760913 
iteration: 302,  #states: 1408, valueb: 0.00839552416760913, activeness: 0.22300116037289794, primalobj: 0.9902298098350406, dualobj: -Inf
solve--
end solve-- RelaxOptimal OPTIMAL
 weights_sum: 1.0000016471110582
itereffortlevel: 0
--separating...
--find a better primal bound 0.24847799898405487 by Alternative descent Eigen
--found a cut state by heuristic 0.24847799898405487 0.008469309739256253 
iteration: 303,  #states: 1409, valueb: 0.008469309739256253, activeness: 0.24847799898405487, primalobj: 0.9901489211223756, dualobj: -Inf
solve--
end solve-- RelaxOptimal OPTIMAL
 weights_sum: 0.9999999999999993
itereffortlevel: 0
--separating...
--find a better primal bound 0.3207327976218378 by Alternative descent Eigen
--found a cut state by heuristic 0.3207327976218378 0.009224434137877668 
iteration: 304,  #states: 1410, valueb: 0.009224434137877668, activeness: 0.3207327976218378, primalobj: 0.9900498609357901, dualobj: -Inf
solve--
end solve-- RelaxOptimal OPTIMAL
 weights_sum: 0.9999999999999988
itereffortlevel: 0
--separating...
--find a better primal bound 0.20792748527987487 by Alternative descent Eigen
--found a cut state by heuristic 0.20792748527987487 0.0023250530109349375 
iteration: 305,  #states: 1411, valueb: 0.0023250530109349375, activeness: 0.20792748527987487, primalobj: 0.9899168562088394, dualobj: -Inf
solve--
end solve-- RelaxOptimal OPTIMAL
 weights_sum: 0.9999999999999996
itereffortlevel: 0
--separating...
--find a better primal bound 0.2585801766894715 by Alternative descent Eigen
--found a cut state by heuristic 0.2585801766894715 0.014224703155336383 
iteration: 306,  #states: 1412, valueb: 0.014224703155336383, activeness: 0.2585801766894715, primalobj: 0.9898867481781501, dualobj: -Inf
solve--
end solve-- RelaxOptimal OPTIMAL
 weights_sum: 0.9999999999999994
itereffortlevel: 0
--separating...
--find a better primal bound 0.1924634275643011 by Alternative descent Eigen
--found a cut state by heuristic 0.1924634275643011 0.00923217621544628 
iteration: 307,  #states: 1413, valueb: 0.00923217621544628, activeness: 0.1924634275643011, primalobj: 0.9897963678219558, dualobj: -Inf
solve--
end solve-- RelaxOptimal OPTIMAL
 weights_sum: 0.9999999999999989
itereffortlevel: 0
--separating...
--find a better primal bound 0.196123791469048 by Alternative descent Eigen
--found a cut state by heuristic 0.196123791469048 0.01377785969220957 
iteration: 308,  #states: 1414, valueb: 0.01377785969220957, activeness: 0.196123791469048, primalobj: 0.9897415144939408, dualobj: -Inf
solve--
end solve-- RelaxOptimal OPTIMAL
 weights_sum: 0.9999999999999998
itereffortlevel: 0
--separating...
--find a better primal bound 0.29211184962757686 by Alternative descent Eigen
--found a cut state by heuristic 0.29211184962757686 0.03132895987879986 
iteration: 309,  #states: 1415, valueb: 0.03132895987879986, activeness: 0.29211184962757686, primalobj: 0.9897002782928112, dualobj: -Inf
solve--
end solve-- RelaxOptimal OPTIMAL
 weights_sum: 1.0000000000000009
itereffortlevel: 0
--separating...
--find a better primal bound 0.2069933631086577 by Alternative descent Eigen
--found a cut state by heuristic 0.2069933631086577 0.03624494010653218 
iteration: 310,  #states: 1416, valueb: 0.03624494010653218, activeness: 0.2069933631086577, primalobj: 0.9895776964550651, dualobj: -Inf
solve--
end solve-- RelaxOptimal OPTIMAL
 weights_sum: 0.9999999999999993
itereffortlevel: 0
--separating...
--find a better primal bound 0.2908462854356376 by Alternative descent Eigen
--found a cut state by heuristic 0.2908462854356376 0.03886567880918943 
iteration: 311,  #states: 1417, valueb: 0.03886567880918943, activeness: 0.2908462854356376, primalobj: 0.9895219569426753, dualobj: -Inf
solve--
end solve-- RelaxOptimal OPTIMAL
 weights_sum: 0.9999999999999987
itereffortlevel: 0
--separating...
--find a better primal bound 0.20668325417962838 by Alternative descent Eigen
--found a cut state by heuristic 0.20668325417962838 0.03754317989510447 
iteration: 312,  #states: 1418, valueb: 0.03754317989510447, activeness: 0.20668325417962838, primalobj: 0.9894236386549229, dualobj: -Inf
solve--
end solve-- RelaxOptimal OPTIMAL
 weights_sum: 0.9999999999999987
itereffortlevel: 0
--separating...
--find a better primal bound 0.29361161958325244 by Alternative descent Eigen
--found a cut state by heuristic 0.29361161958325244 0.03669849314925988 
iteration: 313,  #states: 1419, valueb: 0.03669849314925988, activeness: 0.29361161958325244, primalobj: 0.9893733464207782, dualobj: -Inf
solve--
end solve-- RelaxOptimal OPTIMAL
 weights_sum: 0.9999999999999997
itereffortlevel: 0
--separating...
--find a better primal bound 0.1893336181035704 by Alternative descent Eigen
--found a cut state by heuristic 0.1893336181035704 0.025401990307969875 
iteration: 314,  #states: 1420, valueb: 0.025401990307969875, activeness: 0.1893336181035704, primalobj: 0.9892627562689986, dualobj: -Inf
solve--
end solve-- RelaxOptimal OPTIMAL
 weights_sum: 1.0000000000000009
itereffortlevel: 0
--separating...
--find a better primal bound 0.17747885844816846 by Alternative descent Eigen
--found a cut state by heuristic 0.17747885844816846 0.03855166644106168 
iteration: 315,  #states: 1421, valueb: 0.03855166644106168, activeness: 0.17747885844816846, primalobj: 0.9892179182320161, dualobj: -Inf
solve--
end solve-- RelaxOptimal OPTIMAL
 weights_sum: 1.0000000000000007
itereffortlevel: 0
--separating...
--find a better primal bound 0.2742913779016704 by Alternative descent Eigen
--found a cut state by heuristic 0.2742913779016704 0.012125021270011565 
iteration: 316,  #states: 1422, valueb: 0.012125021270011565, activeness: 0.2742913779016704, primalobj: 0.9891639266925695, dualobj: -Inf
solve--
end solve-- RelaxOptimal OPTIMAL
 weights_sum: 0.9999999999999998
itereffortlevel: 0
--separating...
--find a better primal bound 0.21162396033671227 by Alternative descent Eigen
--found a cut state by heuristic 0.21162396033671227 0.00729521854633721 
iteration: 317,  #states: 1423, valueb: 0.00729521854633721, activeness: 0.21162396033671227, primalobj: 0.9891190829745693, dualobj: -Inf
solve--
end solve-- RelaxOptimal OPTIMAL
 weights_sum: 0.9999999999999998
itereffortlevel: 0
--separating...
--find a better primal bound 0.3352720442761249 by Alternative descent Eigen
--found a cut state by heuristic 0.3352720442761249 0.0316725502367826 
iteration: 318,  #states: 1424, valueb: 0.0316725502367826, activeness: 0.3352720442761249, primalobj: 0.9890715739163194, dualobj: -Inf
solve--
end solve-- RelaxOptimal OPTIMAL
 weights_sum: 1.0000000000000004
itereffortlevel: 0
--separating...
--find a better primal bound 0.18879523871389148 by Alternative descent Eigen
--found a cut state by heuristic 0.18879523871389148 0.04963211080881753 
iteration: 319,  #states: 1425, valueb: 0.04963211080881753, activeness: 0.18879523871389148, primalobj: 0.9890042059410754, dualobj: -Inf
solve--
end solve-- RelaxOptimal OPTIMAL
 weights_sum: 1.0000000000000009
itereffortlevel: 0
--separating...
--find a better primal bound 0.4039152159124256 by Alternative descent Eigen
--found a cut state by heuristic 0.4039152159124256 0.05247885710654084 
iteration: 320,  #states: 1426, valueb: 0.05247885710654084, activeness: 0.4039152159124256, primalobj: 0.9889742363445932, dualobj: -Inf
solve--
end solve-- RelaxOptimal OPTIMAL
 weights_sum: 0.9999999999999986
itereffortlevel: 0
--separating...
--find a better primal bound 0.20927907171716414 by Alternative descent Eigen
--found a cut state by heuristic 0.20927907171716414 0.026099433404877585 
iteration: 321,  #states: 1427, valueb: 0.026099433404877585, activeness: 0.20927907171716414, primalobj: 0.9888820311021773, dualobj: -Inf
solve--
end solve-- RelaxOptimal OPTIMAL
 weights_sum: 0.9999999999999991
itereffortlevel: 0
--separating...
--find a better primal bound 0.2362465355876344 by Alternative descent Eigen
--found a cut state by heuristic 0.2362465355876344 0.027220182116620847 
iteration: 322,  #states: 1428, valueb: 0.027220182116620847, activeness: 0.2362465355876344, primalobj: 0.9888324226835941, dualobj: -Inf
solve--
end solve-- RelaxOptimal OPTIMAL
 weights_sum: 0.9999999999999999
itereffortlevel: 0
--separating...
--find a better primal bound 0.35307175217011877 by Alternative descent Eigen
--found a cut state by heuristic 0.35307175217011877 0.03846713816122676 
iteration: 323,  #states: 1429, valueb: 0.03846713816122676, activeness: 0.35307175217011877, primalobj: 0.988764346215761, dualobj: -Inf
solve--
end solve-- RelaxOptimal OPTIMAL
 weights_sum: 0.9999999999999994
itereffortlevel: 0
--separating...
--find a better primal bound 0.23782930183209233 by Alternative descent Eigen
--found a cut state by heuristic 0.23782930183209233 0.027900404078862705 
iteration: 324,  #states: 1430, valueb: 0.027900404078862705, activeness: 0.23782930183209233, primalobj: 0.9886818091765711, dualobj: -Inf
solve--
end solve-- RelaxOptimal OPTIMAL
 weights_sum: 0.9999999999999991
itereffortlevel: 0
--separating...
--find a better primal bound 0.2597043231661951 by Alternative descent Eigen
--found a cut state by heuristic 0.2597043231661951 0.026716351604684954 
iteration: 325,  #states: 1431, valueb: 0.026716351604684954, activeness: 0.2597043231661951, primalobj: 0.9886401180213588, dualobj: -Inf
solve--
end solve-- RelaxOptimal OPTIMAL
 weights_sum: 0.9999999999999996
itereffortlevel: 0
--separating...
--find a better primal bound 0.30616005846812117 by Alternative descent Eigen
--found a cut state by heuristic 0.30616005846812117 0.03999310727906935 
iteration: 326,  #states: 1432, valueb: 0.03999310727906935, activeness: 0.30616005846812117, primalobj: 0.9885821347014937, dualobj: -Inf
solve--
end solve-- RelaxOptimal OPTIMAL
 weights_sum: 1.0000000000000009
itereffortlevel: 0
--separating...
--find a better primal bound 0.2804024089609395 by Alternative descent Eigen
--found a cut state by heuristic 0.2804024089609395 0.041684297421704986 
iteration: 327,  #states: 1433, valueb: 0.041684297421704986, activeness: 0.2804024089609395, primalobj: 0.9884825258596217, dualobj: -Inf
solve--
end solve-- RelaxOptimal OPTIMAL
 weights_sum: 1.0000000000000002
itereffortlevel: 0
--separating...
--find a better primal bound 0.16453924004171777 by Alternative descent Eigen
--found a cut state by heuristic 0.16453924004171777 0.01496380817305258 
iteration: 328,  #states: 1434, valueb: 0.01496380817305258, activeness: 0.16453924004171777, primalobj: 0.9883610328653606, dualobj: -Inf
solve--
end solve-- RelaxOptimal OPTIMAL
 weights_sum: 1.0000000000000002
itereffortlevel: 0
--separating...
--find a better primal bound 0.32454676982171454 by Alternative descent Eigen
--found a cut state by heuristic 0.32454676982171454 0.006323614807386642 
iteration: 329,  #states: 1435, valueb: 0.006323614807386642, activeness: 0.32454676982171454, primalobj: 0.9883030466206337, dualobj: -Inf
solve--
end solve-- RelaxOptimal OPTIMAL
 weights_sum: 1.0000000000000004
itereffortlevel: 0
--separating...
--find a better primal bound 0.3009528673279521 by Alternative descent Eigen
--found a cut state by heuristic 0.3009528673279521 0.0055581342048029725 
iteration: 330,  #states: 1436, valueb: 0.0055581342048029725, activeness: 0.3009528673279521, primalobj: 0.9881906662582504, dualobj: -Inf
solve--
end solve-- RelaxOptimal OPTIMAL
 weights_sum: 1.0000000000000007
itereffortlevel: 0
--separating...
--find a better primal bound 0.3872790550176369 by Alternative descent Eigen
--found a cut state by heuristic 0.3872790550176369 0.01852196688432159 
iteration: 331,  #states: 1437, valueb: 0.01852196688432159, activeness: 0.3872790550176369, primalobj: 0.9880784527012125, dualobj: -Inf
solve--
end solve-- RelaxOptimal OPTIMAL
 weights_sum: 1.0000000000000004
itereffortlevel: 0
--separating...
--find a better primal bound 0.2648311791564363 by Alternative descent Eigen
--found a cut state by heuristic 0.2648311791564363 0.02890185562902587 
iteration: 332,  #states: 1438, valueb: 0.02890185562902587, activeness: 0.2648311791564363, primalobj: 0.9879620688446901, dualobj: -Inf
solve--
end solve-- RelaxOptimal OPTIMAL
 weights_sum: 0.9999999999999987
itereffortlevel: 0
--separating...
--find a better primal bound 0.24376843536007295 by Alternative descent Eigen
--found a cut state by heuristic 0.24376843536007295 0.0380899906990923 
iteration: 333,  #states: 1439, valueb: 0.0380899906990923, activeness: 0.24376843536007295, primalobj: 0.987903851990124, dualobj: -Inf
solve--
end solve-- RelaxOptimal OPTIMAL
 weights_sum: 1.0000000000000002
itereffortlevel: 0
--separating...
--find a better primal bound 0.35501077525069547 by Alternative descent Eigen
--found a cut state by heuristic 0.35501077525069547 0.03350382110428296 
iteration: 334,  #states: 1440, valueb: 0.03350382110428296, activeness: 0.35501077525069547, primalobj: 0.9878357608494963, dualobj: -Inf
solve--
end solve-- RelaxOptimal OPTIMAL
 weights_sum: 1.0000000000000007
itereffortlevel: 0
--separating...
--find a better primal bound 0.40710966237861973 by Alternative descent Eigen
--found a cut state by heuristic 0.40710966237861973 0.038711853862884865 
iteration: 335,  #states: 1441, valueb: 0.038711853862884865, activeness: 0.40710966237861973, primalobj: 0.9877337782639813, dualobj: -Inf
solve--
end solve-- RelaxOptimal OPTIMAL
 weights_sum: 1.0
itereffortlevel: 0
--separating...
--find a better primal bound 0.2946581650220609 by Alternative descent Eigen
--found a cut state by heuristic 0.2946581650220609 0.04665394715297385 
iteration: 336,  #states: 1442, valueb: 0.04665394715297385, activeness: 0.2946581650220609, primalobj: 0.9876379260716694, dualobj: -Inf
solve--
end solve-- RelaxOptimal OPTIMAL
 weights_sum: 1.0000000000000002
itereffortlevel: 0
--separating...
--find a better primal bound 0.26083097712335424 by Alternative descent Eigen
--found a cut state by heuristic 0.26083097712335424 0.072231500821935 
iteration: 337,  #states: 1443, valueb: 0.072231500821935, activeness: 0.26083097712335424, primalobj: 0.9875659152886667, dualobj: -Inf
solve--
end solve-- RelaxOptimal OPTIMAL
 weights_sum: 0.9999999999999998
itereffortlevel: 0
--separating...
--find a better primal bound 0.23821710931670853 by Alternative descent Eigen
--found a cut state by heuristic 0.23821710931670853 0.03693879999074326 
iteration: 338,  #states: 1444, valueb: 0.03693879999074326, activeness: 0.23821710931670853, primalobj: 0.9875215630991493, dualobj: -Inf
solve--
end solve-- RelaxOptimal OPTIMAL
 weights_sum: 1.0000000000000009
itereffortlevel: 0
--separating...
--find a better primal bound 0.2660098969249296 by Alternative descent Eigen
--found a cut state by heuristic 0.2660098969249296 0.03954460543118339 
iteration: 339,  #states: 1445, valueb: 0.03954460543118339, activeness: 0.2660098969249296, primalobj: 0.987461109346673, dualobj: -Inf
solve--
end solve-- RelaxOptimal OPTIMAL
 weights_sum: 1.0000000000000002
itereffortlevel: 0
--separating...
--find a better primal bound 0.3323920171360867 by Alternative descent Eigen
--found a cut state by heuristic 0.3323920171360867 0.02790446936121152 
iteration: 340,  #states: 1446, valueb: 0.02790446936121152, activeness: 0.3323920171360867, primalobj: 0.9874096881396076, dualobj: -Inf
solve--
end solve-- RelaxOptimal OPTIMAL
 weights_sum: 0.9999999999999987
itereffortlevel: 0
--separating...
--find a better primal bound 0.25349983276711313 by Alternative descent Eigen
--found a cut state by heuristic 0.25349983276711313 0.010371072526197409 
iteration: 341,  #states: 1447, valueb: 0.010371072526197409, activeness: 0.25349983276711313, primalobj: 0.9872630156144611, dualobj: -Inf
solve--
end solve-- RelaxOptimal OPTIMAL
 weights_sum: 1.0
itereffortlevel: 0
--separating...
--find a better primal bound 0.25439716889832953 by Alternative descent Eigen
--found a cut state by heuristic 0.25439716889832953 0.020203372742515213 
iteration: 342,  #states: 1448, valueb: 0.020203372742515213, activeness: 0.25439716889832953, primalobj: 0.9871476630442239, dualobj: -Inf
solve--
end solve-- RelaxOptimal OPTIMAL
 weights_sum: 0.9999999999999996
itereffortlevel: 0
--separating...
--find a better primal bound 0.24946532524685158 by Alternative descent Eigen
--found a cut state by heuristic 0.24946532524685158 0.0656927401403799 
iteration: 343,  #states: 1449, valueb: 0.0656927401403799, activeness: 0.24946532524685158, primalobj: 0.9870982922390406, dualobj: -Inf
solve--
end solve-- RelaxOptimal OPTIMAL
 weights_sum: 0.9999999999999999
itereffortlevel: 0
--separating...
--find a better primal bound 0.2543278960810559 by Alternative descent Eigen
--found a cut state by heuristic 0.2543278960810559 0.08661193755859502 
iteration: 344,  #states: 1450, valueb: 0.08661193755859502, activeness: 0.2543278960810559, primalobj: 0.987038164696412, dualobj: -Inf
solve--
end solve-- RelaxOptimal OPTIMAL
 weights_sum: 1.0000000000000004
itereffortlevel: 0
--separating...
--find a better primal bound 0.3025779015761906 by Alternative descent Eigen
--found a cut state by heuristic 0.3025779015761906 0.08835457311312209 
iteration: 345,  #states: 1451, valueb: 0.08835457311312209, activeness: 0.3025779015761906, primalobj: 0.9869822623348802, dualobj: -Inf
solve--
end solve-- RelaxOptimal OPTIMAL
 weights_sum: 1.000000000000001
itereffortlevel: 0
--separating...
--find a better primal bound 0.18420795305154375 by Alternative descent Eigen
--found a cut state by heuristic 0.18420795305154375 0.03853729050703321 
iteration: 346,  #states: 1452, valueb: 0.03853729050703321, activeness: 0.18420795305154375, primalobj: 0.9868753310344754, dualobj: -Inf
solve--
end solve-- RelaxOptimal OPTIMAL
 weights_sum: 0.9999999999999991
itereffortlevel: 0
--separating...
--find a better primal bound 0.28854749941219143 by Alternative descent Eigen
--found a cut state by heuristic 0.28854749941219143 0.02438516535191239 
iteration: 347,  #states: 1453, valueb: 0.02438516535191239, activeness: 0.28854749941219143, primalobj: 0.9868267937663637, dualobj: -Inf
solve--
end solve-- RelaxOptimal OPTIMAL
 weights_sum: 1.0000000000000007
itereffortlevel: 0
--separating...
--find a better primal bound 0.22302195822145637 by Alternative descent Eigen
--found a cut state by heuristic 0.22302195822145637 0.012059962488864883 
iteration: 348,  #states: 1454, valueb: 0.012059962488864883, activeness: 0.22302195822145637, primalobj: 0.9867495199194305, dualobj: -Inf
solve--
end solve-- RelaxOptimal OPTIMAL
 weights_sum: 0.9999999999999998
itereffortlevel: 0
--separating...
--find a better primal bound 0.2569880881997638 by Alternative descent Eigen
--found a cut state by heuristic 0.2569880881997638 0.01208413657591782 
iteration: 349,  #states: 1455, valueb: 0.01208413657591782, activeness: 0.2569880881997638, primalobj: 0.9866993687919716, dualobj: -Inf
solve--
end solve-- RelaxOptimal OPTIMAL
 weights_sum: 1.0000000000000007
itereffortlevel: 0
--separating...
--find a better primal bound 0.25398852303895386 by Alternative descent Eigen
--found a cut state by heuristic 0.25398852303895386 0.059595711398380234 
iteration: 350,  #states: 1456, valueb: 0.059595711398380234, activeness: 0.25398852303895386, primalobj: 0.9866239814551137, dualobj: -Inf
solve--
end solve-- RelaxOptimal OPTIMAL
 weights_sum: 0.9999999999999996
itereffortlevel: 0
--separating...
--find a better primal bound 0.3665820711070677 by Alternative descent Eigen
--found a cut state by heuristic 0.3665820711070677 0.06708236813472684 
iteration: 351,  #states: 1457, valueb: 0.06708236813472684, activeness: 0.3665820711070677, primalobj: 0.9865827637016409, dualobj: -Inf
solve--
end solve-- RelaxOptimal OPTIMAL
 weights_sum: 1.0
itereffortlevel: 0
--separating...
--find a better primal bound 0.333441105139537 by Alternative descent Eigen
--found a cut state by heuristic 0.333441105139537 0.08143167166601796 
iteration: 352,  #states: 1458, valueb: 0.08143167166601796, activeness: 0.333441105139537, primalobj: 0.9865235511677458, dualobj: -Inf
solve--
end solve-- RelaxOptimal OPTIMAL
 weights_sum: 1.0000000000000009
itereffortlevel: 0
--separating...
--find a better primal bound 0.25499220758786567 by Alternative descent Eigen
--found a cut state by heuristic 0.25499220758786567 0.03397429577578154 
iteration: 353,  #states: 1459, valueb: 0.03397429577578154, activeness: 0.25499220758786567, primalobj: 0.9864440867337213, dualobj: -Inf
solve--
end solve-- RelaxOptimal OPTIMAL
 weights_sum: 1.000000000000001
itereffortlevel: 0
--separating...
--find a better primal bound 0.22604913662739293 by Alternative descent Eigen
--found a cut state by heuristic 0.22604913662739293 0.04528040942960224 
iteration: 354,  #states: 1460, valueb: 0.04528040942960224, activeness: 0.22604913662739293, primalobj: 0.9863699084397768, dualobj: -Inf
solve--
end solve-- RelaxOptimal OPTIMAL
 weights_sum: 1.0000002945929438
itereffortlevel: 0
--separating...
--find a better primal bound 0.31145337265769846 by Alternative descent Eigen
--found a cut state by heuristic 0.31145337265769846 0.03836535972487263 
iteration: 355,  #states: 1461, valueb: 0.03836535972487263, activeness: 0.31145337265769846, primalobj: 0.9863344449443494, dualobj: -Inf
solve--
end solve-- RelaxOptimal OPTIMAL
 weights_sum: 1.0
itereffortlevel: 0
--separating...
--find a better primal bound 0.3525734651645333 by Alternative descent Eigen
--found a cut state by heuristic 0.3525734651645333 0.060657675235090205 
iteration: 356,  #states: 1462, valueb: 0.060657675235090205, activeness: 0.3525734651645333, primalobj: 0.9862533182834506, dualobj: -Inf
solve--
end solve-- RelaxOptimal OPTIMAL
 weights_sum: 0.9999999999999987
itereffortlevel: 0
--separating...
--find a better primal bound 0.27920303600459523 by Alternative descent Eigen
--found a cut state by heuristic 0.27920303600459523 0.040291541199823803 
iteration: 357,  #states: 1463, valueb: 0.040291541199823803, activeness: 0.27920303600459523, primalobj: 0.9861432948267074, dualobj: -Inf
solve--
end solve-- RelaxOptimal OPTIMAL
 weights_sum: 1.0000000000000013
itereffortlevel: 0
--separating...
--find a better primal bound 0.2866944075963462 by Alternative descent Eigen
--found a cut state by heuristic 0.2866944075963462 0.04946188058984091 
iteration: 358,  #states: 1464, valueb: 0.04946188058984091, activeness: 0.2866944075963462, primalobj: 0.9860969034757465, dualobj: -Inf
solve--
end solve-- RelaxOptimal OPTIMAL
 weights_sum: 1.0000000000000007
itereffortlevel: 0
--separating...
--find a better primal bound 0.1961182580193561 by Alternative descent Eigen
--found a cut state by heuristic 0.1961182580193561 0.03869128151231743 
iteration: 359,  #states: 1465, valueb: 0.03869128151231743, activeness: 0.1961182580193561, primalobj: 0.9860420898420036, dualobj: -Inf
solve--
end solve-- RelaxOptimal OPTIMAL
 weights_sum: 1.0000000000000004
itereffortlevel: 0
--separating...
--find a better primal bound 0.28657112113863115 by Alternative descent Eigen
--found a cut state by heuristic 0.28657112113863115 0.04615757301870735 
iteration: 360,  #states: 1466, valueb: 0.04615757301870735, activeness: 0.28657112113863115, primalobj: 0.9860183656755627, dualobj: -Inf
solve--
end solve-- RelaxOptimal OPTIMAL
 weights_sum: 0.9999999999999987
itereffortlevel: 0
--separating...
--find a better primal bound 0.2526017184313126 by Alternative descent Eigen
--found a cut state by heuristic 0.2526017184313126 0.034767173425996674 
iteration: 361,  #states: 1467, valueb: 0.034767173425996674, activeness: 0.2526017184313126, primalobj: 0.9859628775736942, dualobj: -Inf
solve--
end solve-- RelaxOptimal OPTIMAL
 weights_sum: 0.9999999999999993
itereffortlevel: 0
--separating...
--find a better primal bound 0.23134113803651657 by Alternative descent Eigen
--found a cut state by heuristic 0.23134113803651657 0.05538166563749356 
iteration: 362,  #states: 1468, valueb: 0.05538166563749356, activeness: 0.23134113803651657, primalobj: 0.9859109928611449, dualobj: -Inf
solve--
end solve-- RelaxOptimal OPTIMAL
 weights_sum: 1.0000000000000009
itereffortlevel: 0
--separating...
--find a better primal bound 0.18917569566255704 by Alternative descent Eigen
--found a cut state by heuristic 0.18917569566255704 0.05040762606938111 
iteration: 363,  #states: 1469, valueb: 0.05040762606938111, activeness: 0.18917569566255704, primalobj: 0.9858905038540569, dualobj: -Inf
solve--
end solve-- RelaxOptimal OPTIMAL
 weights_sum: 1.0000000000000007
itereffortlevel: 0
--separating...
--find a better primal bound 0.24011637360825422 by Alternative descent Eigen
--found a cut state by heuristic 0.24011637360825422 0.05212306794023969 
iteration: 364,  #states: 1470, valueb: 0.05212306794023969, activeness: 0.24011637360825422, primalobj: 0.9858375963428584, dualobj: -Inf
solve--
end solve-- RelaxOptimal OPTIMAL
 weights_sum: 0.9999999999999996
itereffortlevel: 0
--separating...
--find a better primal bound 0.15757716162123758 by Alternative descent Eigen
--found a cut state by heuristic 0.15757716162123758 0.04345247958280434 
iteration: 365,  #states: 1471, valueb: 0.04345247958280434, activeness: 0.15757716162123758, primalobj: 0.9857882348406763, dualobj: -Inf
solve--
end solve-- RelaxOptimal OPTIMAL
 weights_sum: 1.0000000000000007
itereffortlevel: 0
--separating...
--find a better primal bound 0.15966759913659578 by Alternative descent Eigen
--found a cut state by heuristic 0.15966759913659578 0.01884132189523302 
iteration: 366,  #states: 1472, valueb: 0.01884132189523302, activeness: 0.15966759913659578, primalobj: 0.985774246550983, dualobj: -Inf
solve--
end solve-- RelaxOptimal OPTIMAL
 weights_sum: 0.9999999999999992
itereffortlevel: 0
--separating...
--find a better primal bound 0.3608128940196147 by Alternative descent Eigen
--found a cut state by heuristic 0.3608128940196147 0.044854389954738394 
iteration: 367,  #states: 1473, valueb: 0.044854389954738394, activeness: 0.3608128940196147, primalobj: 0.985741920733512, dualobj: -Inf
solve--
end solve-- RelaxOptimal OPTIMAL
 weights_sum: 1.0000000000000018
itereffortlevel: 0
--separating...
--find a better primal bound 0.20159183546276213 by Alternative descent Eigen
--found a cut state by heuristic 0.20159183546276213 0.0070265170500709104 
iteration: 368,  #states: 1474, valueb: 0.0070265170500709104, activeness: 0.20159183546276213, primalobj: 0.9856055034393734, dualobj: -Inf
solve--
end solve-- RelaxOptimal OPTIMAL
 weights_sum: 0.9999999999999991
itereffortlevel: 0
--separating...
--find a better primal bound 0.19940057017128493 by Alternative descent Eigen
--found a cut state by heuristic 0.19940057017128493 0.015808472226100868 
iteration: 369,  #states: 1475, valueb: 0.015808472226100868, activeness: 0.19940057017128493, primalobj: 0.9855741774396849, dualobj: -Inf
solve--
end solve-- RelaxOptimal OPTIMAL
 weights_sum: 0.999999999999999
itereffortlevel: 0
--separating...
--find a better primal bound 0.2048937571411223 by Alternative descent Eigen
--found a cut state by heuristic 0.2048937571411223 0.027115052698916148 
iteration: 370,  #states: 1476, valueb: 0.027115052698916148, activeness: 0.2048937571411223, primalobj: 0.9855337370304277, dualobj: -Inf
solve--
end solve-- RelaxOptimal OPTIMAL
 weights_sum: 1.000000000000001
itereffortlevel: 0
--separating...
--find a better primal bound 0.3650817654590611 by Alternative descent Eigen
--found a cut state by heuristic 0.3650817654590611 0.0261722738086443 
iteration: 371,  #states: 1477, valueb: 0.0261722738086443, activeness: 0.3650817654590611, primalobj: 0.9855017277938884, dualobj: -Inf
solve--
end solve-- RelaxOptimal OPTIMAL
 weights_sum: 1.0000013884707364
itereffortlevel: 0
--separating...
--find a better primal bound 0.24382791446675772 by Alternative descent Eigen
--found a cut state by heuristic 0.24382791446675772 0.02346770367044498 
iteration: 372,  #states: 1478, valueb: 0.02346770367044498, activeness: 0.24382791446675772, primalobj: 0.9853714582665873, dualobj: -Inf
solve--
end solve-- RelaxOptimal OPTIMAL
 weights_sum: 1.0000000000000004
itereffortlevel: 0
--separating...
--find a better primal bound 0.20035228310188874 by Alternative descent Eigen
--found a cut state by heuristic 0.20035228310188874 0.01613281868179826 
iteration: 373,  #states: 1479, valueb: 0.01613281868179826, activeness: 0.20035228310188874, primalobj: 0.98533836028838, dualobj: -Inf
solve--
end solve-- RelaxOptimal OPTIMAL
 weights_sum: 0.9999999999999997
itereffortlevel: 0
--separating...
--find a better primal bound 0.27760887486488317 by Alternative descent Eigen
--found a cut state by heuristic 0.27760887486488317 0.0040874291487857164 
iteration: 374,  #states: 1480, valueb: 0.0040874291487857164, activeness: 0.27760887486488317, primalobj: 0.985299999014621, dualobj: -Inf
solve--
end solve-- RelaxOptimal OPTIMAL
 weights_sum: 0.9999999999999996
itereffortlevel: 0
--separating...
--find a better primal bound 0.20738105786579797 by Alternative descent Eigen
--found a cut state by heuristic 0.20738105786579797 0.0058081989228586095 
iteration: 375,  #states: 1481, valueb: 0.0058081989228586095, activeness: 0.20738105786579797, primalobj: 0.9852287086944452, dualobj: -Inf
solve--
end solve-- RelaxOptimal OPTIMAL
 weights_sum: 0.9999999999999996
itereffortlevel: 0
--separating...
--find a better primal bound 0.24694378583744242 by Alternative descent Eigen
--found a cut state by heuristic 0.24694378583744242 0.017596178310295026 
iteration: 376,  #states: 1482, valueb: 0.017596178310295026, activeness: 0.24694378583744242, primalobj: 0.9851996648214828, dualobj: -Inf
solve--
end solve-- RelaxOptimal OPTIMAL
 weights_sum: 1.0
itereffortlevel: 0
--separating...
--find a better primal bound 0.2581071904633696 by Alternative descent Eigen
--found a cut state by heuristic 0.2581071904633696 0.04837957232523091 
iteration: 377,  #states: 1483, valueb: 0.04837957232523091, activeness: 0.2581071904633696, primalobj: 0.9851407889543029, dualobj: -Inf
solve--
end solve-- RelaxOptimal OPTIMAL
 weights_sum: 0.9999999999999989
itereffortlevel: 0
--separating...
--find a better primal bound 0.3021665700490812 by Alternative descent Eigen
--found a cut state by heuristic 0.3021665700490812 0.00129596954631858 
iteration: 378,  #states: 1484, valueb: 0.00129596954631858, activeness: 0.3021665700490812, primalobj: 0.985074370269714, dualobj: -Inf
solve--
end solve-- RelaxOptimal OPTIMAL
 weights_sum: 0.9999999999999994
itereffortlevel: 0
--separating...
--find a better primal bound 0.26635292735277705 by Alternative descent Eigen
--found a cut state by heuristic 0.26635292735277705 0.03205098596899055 
iteration: 379,  #states: 1485, valueb: 0.03205098596899055, activeness: 0.26635292735277705, primalobj: 0.9849661920857546, dualobj: -Inf
solve--
end solve-- RelaxOptimal OPTIMAL
 weights_sum: 1.0
itereffortlevel: 0
--separating...
--find a better primal bound 0.33212348702589034 by Alternative descent Eigen
--found a cut state by heuristic 0.33212348702589034 0.048624449744938056 
iteration: 380,  #states: 1486, valueb: 0.048624449744938056, activeness: 0.33212348702589034, primalobj: 0.9849311461551182, dualobj: -Inf
solve--
end solve-- RelaxOptimal OPTIMAL
 weights_sum: 0.9999999999999998
itereffortlevel: 0
--separating...
--find a better primal bound 0.2226052343898345 by Alternative descent Eigen
--found a cut state by heuristic 0.2226052343898345 0.034936200011690156 
iteration: 381,  #states: 1487, valueb: 0.034936200011690156, activeness: 0.2226052343898345, primalobj: 0.9848478971422874, dualobj: -Inf
solve--
end solve-- RelaxOptimal OPTIMAL
 weights_sum: 0.9999999999999986
itereffortlevel: 0
--separating...
--find a better primal bound 0.33684807048694165 by Alternative descent Eigen
--found a cut state by heuristic 0.33684807048694165 0.044874133496116644 
iteration: 382,  #states: 1488, valueb: 0.044874133496116644, activeness: 0.33684807048694165, primalobj: 0.9847991758544145, dualobj: -Inf
solve--
end solve-- RelaxOptimal OPTIMAL
 weights_sum: 1.0
itereffortlevel: 0
--separating...
--find a better primal bound 0.23089496554244288 by Alternative descent Eigen
--found a cut state by heuristic 0.23089496554244288 0.02068949220818487 
iteration: 383,  #states: 1489, valueb: 0.02068949220818487, activeness: 0.23089496554244288, primalobj: 0.9847001898236196, dualobj: -Inf
solve--
end solve-- RelaxOptimal OPTIMAL
 weights_sum: 1.0000000000000009
itereffortlevel: 0
--separating...
--find a better primal bound 0.19337178589823165 by Alternative descent Eigen
--found a cut state by heuristic 0.19337178589823165 0.0507454765528557 
iteration: 384,  #states: 1490, valueb: 0.0507454765528557, activeness: 0.19337178589823165, primalobj: 0.9846523328424304, dualobj: -Inf
solve--
end solve-- RelaxOptimal OPTIMAL
 weights_sum: 0.9999999999999998
itereffortlevel: 0
--separating...
--find a better primal bound 0.3907034489693141 by Alternative descent Eigen
--found a cut state by heuristic 0.3907034489693141 0.060164183312657424 
iteration: 385,  #states: 1491, valueb: 0.060164183312657424, activeness: 0.3907034489693141, primalobj: 0.9846364102629256, dualobj: -Inf
solve--
end solve-- RelaxOptimal OPTIMAL
 weights_sum: 1.0000000000000009
itereffortlevel: 0
--separating...
--find a better primal bound 0.2775943158655786 by Alternative descent Eigen
--found a cut state by heuristic 0.2775943158655786 0.05958210398338905 
iteration: 386,  #states: 1492, valueb: 0.05958210398338905, activeness: 0.2775943158655786, primalobj: 0.9845687443694809, dualobj: -Inf
solve--
end solve-- RelaxOptimal OPTIMAL
 weights_sum: 0.9999999999999998
itereffortlevel: 0
--separating...
--find a better primal bound 0.3286439180942124 by Alternative descent Eigen
--found a cut state by heuristic 0.3286439180942124 0.04127211636211283 
iteration: 387,  #states: 1493, valueb: 0.04127211636211283, activeness: 0.3286439180942124, primalobj: 0.9845044477116922, dualobj: -Inf
solve--
end solve-- RelaxOptimal OPTIMAL
 weights_sum: 0.9999999999999976
itereffortlevel: 0
--separating...
--find a better primal bound 0.29040733380675937 by Alternative descent Eigen
--found a cut state by heuristic 0.29040733380675937 0.0823366702562784 
iteration: 388,  #states: 1494, valueb: 0.0823366702562784, activeness: 0.29040733380675937, primalobj: 0.9844081792660901, dualobj: -Inf
solve--
end solve-- RelaxOptimal OPTIMAL
 weights_sum: 1.0000009823023697
itereffortlevel: 0
--separating...
--find a better primal bound 0.24914829899760754 by Alternative descent Eigen
--found a cut state by heuristic 0.24914829899760754 0.05675206698638308 
iteration: 389,  #states: 1495, valueb: 0.05675206698638308, activeness: 0.24914829899760754, primalobj: 0.984368066150026, dualobj: -Inf
solve--
end solve-- RelaxOptimal OPTIMAL
 weights_sum: 1.0000000000000002
itereffortlevel: 0
--separating...
--find a better primal bound 0.32836492218579827 by Alternative descent Eigen
--found a cut state by heuristic 0.32836492218579827 0.0943451485821317 
iteration: 390,  #states: 1496, valueb: 0.0943451485821317, activeness: 0.32836492218579827, primalobj: 0.9843364233587004, dualobj: -Inf
solve--
end solve-- RelaxOptimal OPTIMAL
 weights_sum: 1.0000000000000004
itereffortlevel: 0
--separating...
--find a better primal bound 0.2911513358815126 by Alternative descent Eigen
--found a cut state by heuristic 0.2911513358815126 0.07273896352654007 
iteration: 391,  #states: 1497, valueb: 0.07273896352654007, activeness: 0.2911513358815126, primalobj: 0.9842880525858045, dualobj: -Inf
solve--
end solve-- RelaxOptimal OPTIMAL
 weights_sum: 0.9999999999999998
itereffortlevel: 0
--separating...
--find a better primal bound 0.23453561392159777 by Alternative descent Eigen
--found a cut state by heuristic 0.23453561392159777 0.07437796002425545 
iteration: 392,  #states: 1498, valueb: 0.07437796002425545, activeness: 0.23453561392159777, primalobj: 0.9842256695119467, dualobj: -Inf
solve--
end solve-- RelaxOptimal OPTIMAL
 weights_sum: 1.0
itereffortlevel: 0
--separating...
--find a better primal bound 0.23655301277756663 by Alternative descent Eigen
--found a cut state by heuristic 0.23655301277756663 0.02215590057573792 
iteration: 393,  #states: 1499, valueb: 0.02215590057573792, activeness: 0.23655301277756663, primalobj: 0.9841867233367112, dualobj: -Inf
solve--
end solve-- RelaxOptimal OPTIMAL
 weights_sum: 1.0000000000000002
itereffortlevel: 0
--separating...
--find a better primal bound 0.15187064963572822 by Alternative descent Eigen
--found a cut state by heuristic 0.15187064963572822 0.019379778228302617 
iteration: 394,  #states: 1500, valueb: 0.019379778228302617, activeness: 0.15187064963572822, primalobj: 0.9841450764329234, dualobj: -Inf
solve--
end solve-- RelaxOptimal OPTIMAL
 weights_sum: 0.9999999999999997
itereffortlevel: 0
--separating...
--find a better primal bound 0.22053392681346587 by Alternative descent Eigen
--found a cut state by heuristic 0.22053392681346587 0.02181945138209912 
iteration: 395,  #states: 1501, valueb: 0.02181945138209912, activeness: 0.22053392681346587, primalobj: 0.9841066647298724, dualobj: -Inf
solve--
end solve-- RelaxOptimal OPTIMAL
 weights_sum: 0.9999999999999999
itereffortlevel: 0
--separating...
--find a better primal bound 0.18494845602152 by Alternative descent Eigen
--found a cut state by heuristic 0.18494845602152 0.03631235595893243 
iteration: 396,  #states: 1502, valueb: 0.03631235595893243, activeness: 0.18494845602152, primalobj: 0.9840631519175227, dualobj: -Inf
solve--
end solve-- RelaxOptimal OPTIMAL
 weights_sum: 1.0000000000000004
itereffortlevel: 0
--separating...
--find a better primal bound 0.2855682344381568 by Alternative descent Eigen
--found a cut state by heuristic 0.2855682344381568 0.054722205924011516 
iteration: 397,  #states: 1503, valueb: 0.054722205924011516, activeness: 0.2855682344381568, primalobj: 0.9840366079926532, dualobj: -Inf
solve--
end solve-- RelaxOptimal OPTIMAL
 weights_sum: 0.9999999999999994
itereffortlevel: 0
--separating...
--find a better primal bound 0.2007825384017221 by Alternative descent Eigen
--found a cut state by heuristic 0.2007825384017221 0.01008857203492648 
iteration: 398,  #states: 1504, valueb: 0.01008857203492648, activeness: 0.2007825384017221, primalobj: 0.9839758873318244, dualobj: -Inf
solve--
end solve-- RelaxOptimal OPTIMAL
 weights_sum: 1.0000000000000013
itereffortlevel: 0
--separating...
--find a better primal bound 0.2461271645956429 by Alternative descent Eigen
--found a cut state by heuristic 0.2461271645956429 0.014264549058268466 
iteration: 399,  #states: 1505, valueb: 0.014264549058268466, activeness: 0.2461271645956429, primalobj: 0.9839482314216114, dualobj: -Inf
solve--
end solve-- RelaxOptimal OPTIMAL
 weights_sum: 0.9999999999999987
itereffortlevel: 0
--separating...
--find a better primal bound 0.20590310576071783 by Alternative descent Eigen
--found a cut state by heuristic 0.20590310576071783 0.01653246675838372 
iteration: 400,  #states: 1506, valueb: 0.01653246675838372, activeness: 0.20590310576071783, primalobj: 0.9839009764054049, dualobj: -Inf
solve--
end solve-- RelaxOptimal OPTIMAL
 weights_sum: 1.0000000000000009
itereffortlevel: 0
--separating...
--find a better primal bound 0.2101357849524428 by Alternative descent Eigen
--found a cut state by heuristic 0.2101357849524428 0.006101826157378273 
iteration: 401,  #states: 1507, valueb: 0.006101826157378273, activeness: 0.2101357849524428, primalobj: 0.9838251139518521, dualobj: -Inf
solve--
end solve-- RelaxOptimal OPTIMAL
 weights_sum: 1.0000000000000007
itereffortlevel: 0
--separating...
--find a better primal bound 0.21128448556145496 by Alternative descent Eigen
--found a cut state by heuristic 0.21128448556145496 0.018051921298097382 
iteration: 402,  #states: 1508, valueb: 0.018051921298097382, activeness: 0.21128448556145496, primalobj: 0.9837426569986394, dualobj: -Inf
solve--
end solve-- RelaxOptimal OPTIMAL
 weights_sum: 1.0000000000000009
itereffortlevel: 0
--separating...
--find a better primal bound 0.1566481914362921 by Alternative descent Eigen
--found a cut state by heuristic 0.1566481914362921 0.013138950196125947 
iteration: 403,  #states: 1509, valueb: 0.013138950196125947, activeness: 0.1566481914362921, primalobj: 0.9837092729610353, dualobj: -Inf
solve--
end solve-- RelaxOptimal OPTIMAL
 weights_sum: 1.0
itereffortlevel: 0
--separating...
--find a better primal bound 0.19984871772267182 by Alternative descent Eigen
--found a cut state by heuristic 0.19984871772267182 0.014029946732397349 
iteration: 404,  #states: 1510, valueb: 0.014029946732397349, activeness: 0.19984871772267182, primalobj: 0.9836851859227659, dualobj: -Inf
solve--
end solve-- RelaxOptimal OPTIMAL
 weights_sum: 1.0000000000000004
itereffortlevel: 0
--separating...
--find a better primal bound 0.2732017359385012 by Alternative descent Eigen
--found a cut state by heuristic 0.2732017359385012 0.00023974470902413808 
iteration: 405,  #states: 1511, valueb: 0.00023974470902413808, activeness: 0.2732017359385012, primalobj: 0.9836638801006268, dualobj: -Inf
solve--
end solve-- RelaxOptimal OPTIMAL
 weights_sum: 1.0000000000000007
itereffortlevel: 0
--separating...
--find a better primal bound 0.1752221808659205 by Alternative descent Eigen
--found a cut state by heuristic 0.1752221808659205 0.020529554879295996 
iteration: 406,  #states: 1512, valueb: 0.020529554879295996, activeness: 0.1752221808659205, primalobj: 0.9835980916646181, dualobj: -Inf
solve--
end solve-- RelaxOptimal OPTIMAL
 weights_sum: 1.0000000000000004
itereffortlevel: 0
--separating...
--find a better primal bound 0.25465851332775025 by Alternative descent Eigen
--found a cut state by heuristic 0.25465851332775025 0.0035558466209814387 
iteration: 407,  #states: 1513, valueb: 0.0035558466209814387, activeness: 0.25465851332775025, primalobj: 0.9835582543009171, dualobj: -Inf
solve--
end solve-- RelaxOptimal OPTIMAL
 weights_sum: 1.0
itereffortlevel: 0
--separating...
--find a better primal bound 0.3004971045328822 by Alternative descent Eigen
--found a cut state by heuristic 0.3004971045328822 0.013078644413394387 
iteration: 408,  #states: 1514, valueb: 0.013078644413394387, activeness: 0.3004971045328822, primalobj: 0.9835156616342484, dualobj: -Inf
solve--
end solve-- RelaxOptimal OPTIMAL
 weights_sum: 1.0000000000000002
itereffortlevel: 0
--separating...
--find a better primal bound 0.21778782764283827 by Alternative descent Eigen
--found a cut state by heuristic 0.21778782764283827 0.009607658908685982 
iteration: 409,  #states: 1515, valueb: 0.009607658908685982, activeness: 0.21778782764283827, primalobj: 0.9834628520208452, dualobj: -Inf
solve--
end solve-- RelaxOptimal OPTIMAL
 weights_sum: 0.9999999999999991
itereffortlevel: 0
--separating...
--find a better primal bound 0.15274509519484403 by Alternative descent Eigen
--found a cut state by heuristic 0.15274509519484403 0.018044973394094024 
iteration: 410,  #states: 1516, valueb: 0.018044973394094024, activeness: 0.15274509519484403, primalobj: 0.9834115405562361, dualobj: -Inf
solve--
end solve-- RelaxOptimal OPTIMAL
 weights_sum: 1.0
itereffortlevel: 0
--separating...
--find a better primal bound 0.16963399010241104 by Alternative descent Eigen
--found a cut state by heuristic 0.16963399010241104 0.0023999040400951585 
iteration: 411,  #states: 1517, valueb: 0.0023999040400951585, activeness: 0.16963399010241104, primalobj: 0.9833982991168488, dualobj: -Inf
solve--
end solve-- RelaxOptimal OPTIMAL
 weights_sum: 1.0
itereffortlevel: 0
--separating...
--find a better primal bound 0.25784031368779436 by Alternative descent Eigen
--found a cut state by heuristic 0.25784031368779436 0.011448089781376231 
iteration: 412,  #states: 1518, valueb: 0.011448089781376231, activeness: 0.25784031368779436, primalobj: 0.9833587569866066, dualobj: -Inf
solve--
end solve-- RelaxOptimal OPTIMAL
 weights_sum: 0.9999999999999976
itereffortlevel: 0
--separating...
--find a better primal bound 0.21056685516471305 by Alternative descent Eigen
--found a cut state by heuristic 0.21056685516471305 0.037373152037430725 
iteration: 413,  #states: 1519, valueb: 0.037373152037430725, activeness: 0.21056685516471305, primalobj: 0.9832740485153333, dualobj: -Inf
solve--
end solve-- RelaxOptimal OPTIMAL
 weights_sum: 0.9999999999999989
itereffortlevel: 0
--separating...
--find a better primal bound 0.22900181287974453 by Alternative descent Eigen
--found a cut state by heuristic 0.22900181287974453 0.040913072529903644 
iteration: 414,  #states: 1520, valueb: 0.040913072529903644, activeness: 0.22900181287974453, primalobj: 0.9832383954627409, dualobj: -Inf
solve--
end solve-- RelaxOptimal OPTIMAL
 weights_sum: 0.9999999999999994
itereffortlevel: 0
--separating...
--find a better primal bound 0.2041982384052688 by Alternative descent Eigen
--found a cut state by heuristic 0.2041982384052688 0.056121040120619324 
iteration: 415,  #states: 1521, valueb: 0.056121040120619324, activeness: 0.2041982384052688, primalobj: 0.9831933498383486, dualobj: -Inf
solve--
end solve-- RelaxOptimal OPTIMAL
 weights_sum: 1.0000000000000007
itereffortlevel: 0
--separating...
--find a better primal bound 0.32059772227994127 by Alternative descent Eigen
--found a cut state by heuristic 0.32059772227994127 0.07182106598386254 
iteration: 416,  #states: 1522, valueb: 0.07182106598386254, activeness: 0.32059772227994127, primalobj: 0.9831637184657936, dualobj: -Inf
solve--
end solve-- RelaxOptimal OPTIMAL
 weights_sum: 1.0000000000000004
itereffortlevel: 0
--separating...
--find a better primal bound 0.179135791638045 by Alternative descent Eigen
--found a cut state by heuristic 0.179135791638045 0.010847200012374153 
iteration: 417,  #states: 1523, valueb: 0.010847200012374153, activeness: 0.179135791638045, primalobj: 0.9831169599589568, dualobj: -Inf
solve--
end solve-- RelaxOptimal OPTIMAL
 weights_sum: 1.0000000000000004
itereffortlevel: 0
--separating...
--find a better primal bound 0.27696117489800093 by Alternative descent Eigen
--found a cut state by heuristic 0.27696117489800093 0.05077551476367525 
iteration: 418,  #states: 1524, valueb: 0.05077551476367525, activeness: 0.27696117489800093, primalobj: 0.9830623973393829, dualobj: -Inf
solve--
end solve-- RelaxOptimal OPTIMAL
 weights_sum: 1.0000000000000009
itereffortlevel: 0
--separating...
--find a better primal bound 0.19185670582712328 by Alternative descent Eigen
--found a cut state by heuristic 0.19185670582712328 0.006107016342437346 
iteration: 419,  #states: 1525, valueb: 0.006107016342437346, activeness: 0.19185670582712328, primalobj: 0.9830159271977046, dualobj: -Inf
solve--
end solve-- RelaxOptimal OPTIMAL
 weights_sum: 0.9999999999999987
itereffortlevel: 0
--separating...
--find a better primal bound 0.12539559923629123 by Alternative descent Eigen
--found a cut state by heuristic 0.12539559923629123 0.022955915593247403 
iteration: 420,  #states: 1526, valueb: 0.022955915593247403, activeness: 0.12539559923629123, primalobj: 0.9829916006824478, dualobj: -Inf
solve--
end solve-- RelaxOptimal OPTIMAL
 weights_sum: 0.9999999999999993
itereffortlevel: 0
--separating...
--find a better primal bound 0.16739253403330323 by Alternative descent Eigen
--found a cut state by heuristic 0.16739253403330323 0.04433622193467041 
iteration: 421,  #states: 1527, valueb: 0.04433622193467041, activeness: 0.16739253403330323, primalobj: 0.9829752489707739, dualobj: -Inf
solve--
end solve-- RelaxOptimal OPTIMAL
 weights_sum: 1.0
itereffortlevel: 0
--separating...
--find a better primal bound 0.30257070143918796 by Alternative descent Eigen
--found a cut state by heuristic 0.30257070143918796 0.02711563680936254 
iteration: 422,  #states: 1528, valueb: 0.02711563680936254, activeness: 0.30257070143918796, primalobj: 0.9829540136683955, dualobj: -Inf
solve--
end solve-- RelaxOptimal OPTIMAL
 weights_sum: 1.0000000000000007
itereffortlevel: 0
--separating...
--find a better primal bound 0.1919294535737927 by Alternative descent Eigen
--found a cut state by heuristic 0.1919294535737927 0.0037068563404673016 
iteration: 423,  #states: 1529, valueb: 0.0037068563404673016, activeness: 0.1919294535737927, primalobj: 0.9829011702921011, dualobj: -Inf
solve--
end solve-- RelaxOptimal OPTIMAL
 weights_sum: 0.9999999999999996
itereffortlevel: 0
--separating...
--find a better primal bound 0.2596186980440407 by Alternative descent Eigen
--found a cut state by heuristic 0.2596186980440407 0.054541076328162394 
iteration: 424,  #states: 1530, valueb: 0.054541076328162394, activeness: 0.2596186980440407, primalobj: 0.9828659525067402, dualobj: -Inf
solve--
end solve-- RelaxOptimal OPTIMAL
 weights_sum: 0.9999999999999987
itereffortlevel: 0
--separating...
--find a better primal bound 0.222634126653032 by Alternative descent Eigen
--found a cut state by heuristic 0.222634126653032 0.04883619260028952 
iteration: 425,  #states: 1531, valueb: 0.04883619260028952, activeness: 0.222634126653032, primalobj: 0.9828159062696005, dualobj: -Inf
solve--
end solve-- RelaxOptimal OPTIMAL
 weights_sum: 0.9999999999999997
itereffortlevel: 0
--separating...
--find a better primal bound 0.2343915807679121 by Alternative descent Eigen
--found a cut state by heuristic 0.2343915807679121 0.02743031568530276 
iteration: 426,  #states: 1532, valueb: 0.02743031568530276, activeness: 0.2343915807679121, primalobj: 0.9827837295559894, dualobj: -Inf
solve--
end solve-- RelaxOptimal OPTIMAL
 weights_sum: 1.0000000000000004
itereffortlevel: 0
--separating...
--find a better primal bound 0.11125887978888777 by Alternative descent Eigen
--found a cut state by heuristic 0.11125887978888777 0.0001545850622857597 
iteration: 427,  #states: 1533, valueb: 0.0001545850622857597, activeness: 0.11125887978888777, primalobj: 0.9827270507363468, dualobj: -Inf
solve--
end solve-- RelaxOptimal OPTIMAL
 weights_sum: 1.0000014897937264
itereffortlevel: 0
--separating...
--find a better primal bound 0.18882172720102838 by Alternative descent Eigen
--found a cut state by heuristic 0.18882172720102838 0.015547764701816937 
iteration: 428,  #states: 1534, valueb: 0.015547764701816937, activeness: 0.18882172720102838, primalobj: 0.9827056360991955, dualobj: -Inf
solve--
end solve-- RelaxOptimal OPTIMAL
 weights_sum: 1.0000000000000013
itereffortlevel: 0
--separating...
--find a better primal bound 0.24713016548917144 by Alternative descent Eigen
--found a cut state by heuristic 0.24713016548917144 0.020465710640934505 
iteration: 429,  #states: 1535, valueb: 0.020465710640934505, activeness: 0.24713016548917144, primalobj: 0.9826829170476372, dualobj: -Inf
solve--
end solve-- RelaxOptimal OPTIMAL
 weights_sum: 1.0000015957065163
itereffortlevel: 0
--separating...
--find a better primal bound 0.2723243421491378 by Alternative descent Eigen
--found a cut state by heuristic 0.2723243421491378 0.020574346753442784 
iteration: 430,  #states: 1536, valueb: 0.020574346753442784, activeness: 0.2723243421491378, primalobj: 0.9826515727590868, dualobj: -Inf
solve--
end solve-- RelaxOptimal OPTIMAL
 weights_sum: 0.9999999999999998
itereffortlevel: 0
--separating...
--find a better primal bound 0.14376746220507916 by Alternative descent Eigen
--found a cut state by heuristic 0.14376746220507916 0.008357404009093366 
iteration: 431,  #states: 1537, valueb: 0.008357404009093366, activeness: 0.14376746220507916, primalobj: 0.982605734735869, dualobj: -Inf
solve--
end solve-- RelaxOptimal OPTIMAL
 weights_sum: 1.0000000000000009
itereffortlevel: 0
--separating...
--find a better primal bound 0.18809401830504358 by Alternative descent Eigen
--found a cut state by heuristic 0.18809401830504358 0.03486859966079799 
iteration: 432,  #states: 1538, valueb: 0.03486859966079799, activeness: 0.18809401830504358, primalobj: 0.9825714505472801, dualobj: -Inf
solve--
end solve-- RelaxOptimal OPTIMAL
 weights_sum: 0.9999999999999998
itereffortlevel: 0
--separating...
--find a better primal bound 0.24950880669763642 by Alternative descent Eigen
--found a cut state by heuristic 0.24950880669763642 0.009463633767730777 
iteration: 433,  #states: 1539, valueb: 0.009463633767730777, activeness: 0.24950880669763642, primalobj: 0.9825436810902208, dualobj: -Inf
solve--
end solve-- RelaxOptimal OPTIMAL
 weights_sum: 0.9999999999999997
itereffortlevel: 0
--separating...
--find a better primal bound 0.2052995865482075 by Alternative descent Eigen
--found a cut state by heuristic 0.2052995865482075 0.016426423233796145 
iteration: 434,  #states: 1540, valueb: 0.016426423233796145, activeness: 0.2052995865482075, primalobj: 0.9824978340752106, dualobj: -Inf
solve--
end solve-- RelaxOptimal OPTIMAL
 weights_sum: 1.0000000000000009
itereffortlevel: 0
--separating...
--find a better primal bound 0.21699489653846604 by Alternative descent Eigen
--found a cut state by heuristic 0.21699489653846604 0.031023095821360654 
iteration: 435,  #states: 1541, valueb: 0.031023095821360654, activeness: 0.21699489653846604, primalobj: 0.9824452094204591, dualobj: -Inf
solve--
end solve-- RelaxOptimal OPTIMAL
 weights_sum: 1.0000000000000007
itereffortlevel: 0
--separating...
--find a better primal bound 0.22798798951102425 by Alternative descent Eigen
--found a cut state by heuristic 0.22798798951102425 0.018375809851994607 
iteration: 436,  #states: 1542, valueb: 0.018375809851994607, activeness: 0.22798798951102425, primalobj: 0.982407464026104, dualobj: -Inf
solve--
end solve-- RelaxOptimal OPTIMAL
 weights_sum: 1.0000007817767589
itereffortlevel: 0
--separating...
--find a better primal bound 0.22542614830684674 by Alternative descent Eigen
--found a cut state by heuristic 0.22542614830684674 0.02877769429726116 
iteration: 437,  #states: 1543, valueb: 0.02877769429726116, activeness: 0.22542614830684674, primalobj: 0.9823654589153964, dualobj: -Inf
solve--
end solve-- RelaxOptimal OPTIMAL
 weights_sum: 1.0000001313480824
itereffortlevel: 0
--separating...
--find a better primal bound 0.27652841721090277 by Alternative descent Eigen
--found a cut state by heuristic 0.27652841721090277 0.05694043474878379 
iteration: 438,  #states: 1544, valueb: 0.05694043474878379, activeness: 0.27652841721090277, primalobj: 0.9823332982764593, dualobj: -Inf
solve--
end solve-- RelaxOptimal OPTIMAL
 weights_sum: 1.0000000000000002
itereffortlevel: 0
--separating...
--find a better primal bound 0.23493874662486355 by Alternative descent Eigen
--found a cut state by heuristic 0.23493874662486355 0.0408654071719926 
iteration: 439,  #states: 1545, valueb: 0.0408654071719926, activeness: 0.23493874662486355, primalobj: 0.9822778318478457, dualobj: -Inf
solve--
end solve-- RelaxOptimal OPTIMAL
 weights_sum: 1.0000000000000002
itereffortlevel: 0
--separating...
--find a better primal bound 0.23216089607381213 by Alternative descent Eigen
--found a cut state by heuristic 0.23216089607381213 0.05016631108367862 
iteration: 440,  #states: 1546, valueb: 0.05016631108367862, activeness: 0.23216089607381213, primalobj: 0.9822162461961504, dualobj: -Inf
solve--
end solve-- RelaxOptimal OPTIMAL
 weights_sum: 0.9999999999999993
itereffortlevel: 0
--separating...
--find a better primal bound 0.299612418642914 by Alternative descent Eigen
--found a cut state by heuristic 0.299612418642914 0.07561379027260617 
iteration: 441,  #states: 1547, valueb: 0.07561379027260617, activeness: 0.299612418642914, primalobj: 0.982176203022836, dualobj: -Inf
solve--
end solve-- RelaxOptimal OPTIMAL
 weights_sum: 1.000000000000002
itereffortlevel: 0
--separating...
--find a better primal bound 0.168881669537348 by Alternative descent Eigen
--found a cut state by heuristic 0.168881669537348 0.004849770448048329 
iteration: 442,  #states: 1548, valueb: 0.004849770448048329, activeness: 0.168881669537348, primalobj: 0.9821024662823873, dualobj: -Inf
solve--
end solve-- RelaxOptimal OPTIMAL
 weights_sum: 0.9999999999999989
itereffortlevel: 0
--separating...
--find a better primal bound 0.16286624761393792 by Alternative descent Eigen
--found a cut state by heuristic 0.16286624761393792 0.009197128541131321 
iteration: 443,  #states: 1549, valueb: 0.009197128541131321, activeness: 0.16286624761393792, primalobj: 0.9820582256802214, dualobj: -Inf
solve--
end solve-- RelaxOptimal OPTIMAL
 weights_sum: 0.9999999999999984
itereffortlevel: 0
--separating...
--find a better primal bound 0.1834238582859589 by Alternative descent Eigen
--found a cut state by heuristic 0.1834238582859589 0.03108589474898315 
iteration: 444,  #states: 1550, valueb: 0.03108589474898315, activeness: 0.1834238582859589, primalobj: 0.9820194247871173, dualobj: -Inf
solve--
end solve-- RelaxOptimal OPTIMAL
 weights_sum: 0.9999999999999987
itereffortlevel: 0
--separating...
--find a better primal bound 0.22357880253725282 by Alternative descent Eigen
--found a cut state by heuristic 0.22357880253725282 0.03145907777164428 
iteration: 445,  #states: 1551, valueb: 0.03145907777164428, activeness: 0.22357880253725282, primalobj: 0.9819794370896865, dualobj: -Inf
solve--
end solve-- RelaxOptimal OPTIMAL
 weights_sum: 1.0000000000000004
itereffortlevel: 0
--separating...
--find a better primal bound 0.15270838099306364 by Alternative descent Eigen
--found a cut state by heuristic 0.15270838099306364 0.014821465615241947 
iteration: 446,  #states: 1552, valueb: 0.014821465615241947, activeness: 0.15270838099306364, primalobj: 0.9819357317904565, dualobj: -Inf
solve--
end solve-- RelaxOptimal OPTIMAL
 weights_sum: 0.9999999999999998
itereffortlevel: 0
--separating...
--find a better primal bound 0.18261875897204194 by Alternative descent Eigen
--found a cut state by heuristic 0.18261875897204194 0.012531758048170152 
iteration: 447,  #states: 1553, valueb: 0.012531758048170152, activeness: 0.18261875897204194, primalobj: 0.9819106594135897, dualobj: -Inf
solve--
end solve-- RelaxOptimal OPTIMAL
 weights_sum: 0.9999999999999996
itereffortlevel: 0
--separating...
--find a better primal bound 0.2510510487837898 by Alternative descent Eigen
--found a cut state by heuristic 0.2510510487837898 0.012049418034722715 
iteration: 448,  #states: 1554, valueb: 0.012049418034722715, activeness: 0.2510510487837898, primalobj: 0.9818619963272908, dualobj: -Inf
solve--
end solve-- RelaxOptimal OPTIMAL
 weights_sum: 1.0000002783235016
itereffortlevel: 0
--separating...
--find a better primal bound 0.3362333243926875 by Alternative descent Eigen
--found a cut state by heuristic 0.3362333243926875 0.0632277866367826 
iteration: 449,  #states: 1555, valueb: 0.0632277866367826, activeness: 0.3362333243926875, primalobj: 0.9818012204289545, dualobj: -Inf
solve--
end solve-- RelaxOptimal OPTIMAL
 weights_sum: 1.0
itereffortlevel: 0
--separating...
--find a better primal bound 0.23983228732046769 by Alternative descent Eigen
--found a cut state by heuristic 0.23983228732046769 0.06422720038914478 
iteration: 450,  #states: 1556, valueb: 0.06422720038914478, activeness: 0.23983228732046769, primalobj: 0.9817280004718928, dualobj: -Inf
solve--
end solve-- RelaxOptimal OPTIMAL
 weights_sum: 0.9999999999999989
itereffortlevel: 0
--separating...
--find a better primal bound 0.17464385105288532 by Alternative descent Eigen
--found a cut state by heuristic 0.17464385105288532 0.07689713466933673 
iteration: 451,  #states: 1557, valueb: 0.07689713466933673, activeness: 0.17464385105288532, primalobj: 0.9816973740940382, dualobj: -Inf
solve--
end solve-- RelaxOptimal OPTIMAL
 weights_sum: 0.9999999999999989
itereffortlevel: 0
--separating...
--find a better primal bound 0.2774254883686713 by Alternative descent Eigen
--found a cut state by heuristic 0.2774254883686713 0.08593874050602486 
iteration: 452,  #states: 1558, valueb: 0.08593874050602486, activeness: 0.2774254883686713, primalobj: 0.9816544738831973, dualobj: -Inf
solve--
end solve-- RelaxOptimal OPTIMAL
 weights_sum: 0.9999999999999991
itereffortlevel: 0
--separating...
--find a better primal bound 0.31303984891255776 by Alternative descent Eigen
--found a cut state by heuristic 0.31303984891255776 0.05893580433447974 
iteration: 453,  #states: 1559, valueb: 0.05893580433447974, activeness: 0.31303984891255776, primalobj: 0.9816121441129503, dualobj: -Inf
solve--
end solve-- RelaxOptimal OPTIMAL
 weights_sum: 0.9999999999999987
itereffortlevel: 0
--separating...
--find a better primal bound 0.27570530992640513 by Alternative descent Eigen
--found a cut state by heuristic 0.27570530992640513 0.04556575296354682 
iteration: 454,  #states: 1560, valueb: 0.04556575296354682, activeness: 0.27570530992640513, primalobj: 0.9815767511148143, dualobj: -Inf
solve--
end solve-- RelaxOptimal OPTIMAL
 weights_sum: 1.000000028682641
itereffortlevel: 0
--separating...
--find a better primal bound 0.21719466135472842 by Alternative descent Eigen
--found a cut state by heuristic 0.21719466135472842 0.05716497891433595 
iteration: 455,  #states: 1561, valueb: 0.05716497891433595, activeness: 0.21719466135472842, primalobj: 0.9815321677311518, dualobj: -Inf
solve--
end solve-- RelaxOptimal OPTIMAL
 weights_sum: 1.000000242326416
itereffortlevel: 0
--separating...
--find a better primal bound 0.3474333204868765 by Alternative descent Eigen
--found a cut state by heuristic 0.3474333204868765 0.048179251325548296 
iteration: 456,  #states: 1562, valueb: 0.048179251325548296, activeness: 0.3474333204868765, primalobj: 0.98151521805553, dualobj: -Inf
solve--
end solve-- RelaxOptimal OPTIMAL
 weights_sum: 1.0000000000000004
itereffortlevel: 0
--separating...
--find a better primal bound 0.21225577086309708 by Alternative descent Eigen
--found a cut state by heuristic 0.21225577086309708 0.010751131500155907 
iteration: 457,  #states: 1563, valueb: 0.010751131500155907, activeness: 0.21225577086309708, primalobj: 0.9814339325716009, dualobj: -Inf
solve--
end solve-- RelaxOptimal OPTIMAL
 weights_sum: 1.0
itereffortlevel: 0
--separating...
--find a better primal bound 0.2646894268141852 by Alternative descent Eigen
--found a cut state by heuristic 0.2646894268141852 0.026080379298925063 
iteration: 458,  #states: 1564, valueb: 0.026080379298925063, activeness: 0.2646894268141852, primalobj: 0.9813832213635613, dualobj: -Inf
solve--
end solve-- RelaxOptimal OPTIMAL
 weights_sum: 0.9999999999999998
itereffortlevel: 0
--separating...
--find a better primal bound 0.22682939454405726 by Alternative descent Eigen
--found a cut state by heuristic 0.22682939454405726 0.01891283606906536 
iteration: 459,  #states: 1565, valueb: 0.01891283606906536, activeness: 0.22682939454405726, primalobj: 0.9813210151199194, dualobj: -Inf
solve--
end solve-- RelaxOptimal OPTIMAL
 weights_sum: 1.0000006570902904
itereffortlevel: 0
--separating...
--find a better primal bound 0.1680212938530493 by Alternative descent Eigen
--found a cut state by heuristic 0.1680212938530493 0.009174468853532408 
iteration: 460,  #states: 1566, valueb: 0.009174468853532408, activeness: 0.1680212938530493, primalobj: 0.9812723179141978, dualobj: -Inf
solve--
end solve-- RelaxOptimal OPTIMAL
 weights_sum: 1.0000000000000002
itereffortlevel: 0
--separating...
--find a better primal bound 0.2682054985071795 by Alternative descent Eigen
--found a cut state by heuristic 0.2682054985071795 0.012632926502160653 
iteration: 461,  #states: 1567, valueb: 0.012632926502160653, activeness: 0.2682054985071795, primalobj: 0.981240152034957, dualobj: -Inf
solve--
end solve-- RelaxOptimal OPTIMAL
 weights_sum: 1.0000000000000009
itereffortlevel: 0
--separating...
--find a better primal bound 0.21334685858074687 by Alternative descent Eigen
--found a cut state by heuristic 0.21334685858074687 0.014914670372386788 
iteration: 462,  #states: 1568, valueb: 0.014914670372386788, activeness: 0.21334685858074687, primalobj: 0.9811769910257263, dualobj: -Inf
solve--
end solve-- RelaxOptimal OPTIMAL
 weights_sum: 0.9999999999999993
itereffortlevel: 0
--separating...
--find a better primal bound 0.26000587887178506 by Alternative descent Eigen
--found a cut state by heuristic 0.26000587887178506 0.014486302178089694 
iteration: 463,  #states: 1569, valueb: 0.014486302178089694, activeness: 0.26000587887178506, primalobj: 0.9811303232554038, dualobj: -Inf
solve--
end solve-- RelaxOptimal OPTIMAL
 weights_sum: 0.9999999999999996
itereffortlevel: 0
--separating...
--find a better primal bound 0.19864899507598405 by Alternative descent Eigen
--found a cut state by heuristic 0.19864899507598405 0.03993744994632291 
iteration: 464,  #states: 1570, valueb: 0.03993744994632291, activeness: 0.19864899507598405, primalobj: 0.9810571605206564, dualobj: -Inf
solve--
end solve-- RelaxOptimal OPTIMAL
 weights_sum: 0.9999999999999998
itereffortlevel: 0
--separating...
--find a better primal bound 0.20846587101773328 by Alternative descent Eigen
--found a cut state by heuristic 0.20846587101773328 0.0328036088473798 
iteration: 465,  #states: 1571, valueb: 0.0328036088473798, activeness: 0.20846587101773328, primalobj: 0.9810371328097769, dualobj: -Inf
solve--
end solve-- RelaxOptimal OPTIMAL
 weights_sum: 0.9999999999999983
itereffortlevel: 0
--separating...
--find a better primal bound 0.24903062004750598 by Alternative descent Eigen
--found a cut state by heuristic 0.24903062004750598 0.006799307244576513 
iteration: 466,  #states: 1572, valueb: 0.006799307244576513, activeness: 0.24903062004750598, primalobj: 0.9809797882058507, dualobj: -Inf
solve--
end solve-- RelaxOptimal OPTIMAL
 weights_sum: 0.9999999999999989
itereffortlevel: 0
--separating...
--find a better primal bound 0.17994917079348924 by Alternative descent Eigen
--found a cut state by heuristic 0.17994917079348924 0.02336458553643353 
iteration: 467,  #states: 1573, valueb: 0.02336458553643353, activeness: 0.17994917079348924, primalobj: 0.9809126182084114, dualobj: -Inf
solve--
end solve-- RelaxOptimal OPTIMAL
 weights_sum: 1.0000000000000002
itereffortlevel: 0
--separating...
--find a better primal bound 0.1534516649019083 by Alternative descent Eigen
--found a cut state by heuristic 0.1534516649019083 0.013577280346940609 
iteration: 468,  #states: 1574, valueb: 0.013577280346940609, activeness: 0.1534516649019083, primalobj: 0.9808842525290861, dualobj: -Inf
solve--
end solve-- RelaxOptimal OPTIMAL
 weights_sum: 1.000000000000001
itereffortlevel: 0
--separating...
--find a better primal bound 0.07585935627013482 by Alternative descent Eigen
--found a cut state by heuristic 0.07585935627013482 0.00343895443073358 
iteration: 469,  #states: 1575, valueb: 0.00343895443073358, activeness: 0.07585935627013482, primalobj: 0.9808646316351569, dualobj: -Inf
solve--
end solve-- RelaxOptimal OPTIMAL
 weights_sum: 1.0000002462364745
itereffortlevel: 0
--separating...
--find a better primal bound 0.35787852863493397 by Alternative descent Eigen
--found a cut state by heuristic 0.35787852863493397 0.02838658167267214 
iteration: 470,  #states: 1576, valueb: 0.02838658167267214, activeness: 0.35787852863493397, primalobj: 0.980856333876287, dualobj: -Inf
solve--
end solve-- RelaxOptimal OPTIMAL
 weights_sum: 0.9999999999999999
itereffortlevel: 0
--separating...
--find a better primal bound 0.24188754597508574 by Alternative descent Eigen
--found a cut state by heuristic 0.24188754597508574 0.04834974515832314 
iteration: 471,  #states: 1577, valueb: 0.04834974515832314, activeness: 0.24188754597508574, primalobj: 0.9807575045976281, dualobj: -Inf
solve--
end solve-- RelaxOptimal OPTIMAL
 weights_sum: 1.0000000000000004
itereffortlevel: 0
--separating...
--find a better primal bound 0.2073585294690062 by Alternative descent Eigen
--found a cut state by heuristic 0.2073585294690062 0.020466849717972746 
iteration: 472,  #states: 1578, valueb: 0.020466849717972746, activeness: 0.2073585294690062, primalobj: 0.9807333822401991, dualobj: -Inf
solve--
end solve-- RelaxOptimal OPTIMAL
 weights_sum: 1.0000000000000002
itereffortlevel: 0
--separating...
--find a better primal bound 0.25435055280607566 by Alternative descent Eigen
--found a cut state by heuristic 0.25435055280607566 0.061680101805588014 
iteration: 473,  #states: 1579, valueb: 0.061680101805588014, activeness: 0.25435055280607566, primalobj: 0.9806788971287647, dualobj: -Inf
solve--
end solve-- RelaxOptimal OPTIMAL
 weights_sum: 1.0000000000000004
itereffortlevel: 0
--separating...
--find a better primal bound 0.2928340419926168 by Alternative descent Eigen
--found a cut state by heuristic 0.2928340419926168 0.056294509183315716 
iteration: 474,  #states: 1580, valueb: 0.056294509183315716, activeness: 0.2928340419926168, primalobj: 0.9806606937074273, dualobj: -Inf
solve--
end solve-- RelaxOptimal OPTIMAL
 weights_sum: 0.9999999999999998
itereffortlevel: 0
--separating...
--find a better primal bound 0.2617951711618448 by Alternative descent Eigen
--found a cut state by heuristic 0.2617951711618448 0.06367149059138381 
iteration: 475,  #states: 1581, valueb: 0.06367149059138381, activeness: 0.2617951711618448, primalobj: 0.9806090093643095, dualobj: -Inf
solve--
end solve-- RelaxOptimal OPTIMAL
 weights_sum: 1.000000000000001
itereffortlevel: 0
--separating...
--find a better primal bound 0.16153465065866446 by Alternative descent Eigen
--found a cut state by heuristic 0.16153465065866446 0.014520231930980693 
iteration: 476,  #states: 1582, valueb: 0.014520231930980693, activeness: 0.16153465065866446, primalobj: 0.9805623336640554, dualobj: -Inf
solve--
end solve-- RelaxOptimal OPTIMAL
 weights_sum: 1.0000000000000009
itereffortlevel: 0
--separating...
--find a better primal bound 0.3406723657885228 by Alternative descent Eigen
--found a cut state by heuristic 0.3406723657885228 0.02879425282799489 
iteration: 477,  #states: 1583, valueb: 0.02879425282799489, activeness: 0.3406723657885228, primalobj: 0.9805321498067867, dualobj: -Inf
solve--
end solve-- RelaxOptimal OPTIMAL
 weights_sum: 1.0000000000000016
itereffortlevel: 0
--separating...
--find a better primal bound 0.32350568280999936 by Alternative descent Eigen
--found a cut state by heuristic 0.32350568280999936 0.012737775509151044 
iteration: 478,  #states: 1584, valueb: 0.012737775509151044, activeness: 0.32350568280999936, primalobj: 0.9804325301380842, dualobj: -Inf
solve--
end solve-- RelaxOptimal OPTIMAL
 weights_sum: 1.0000000918380243
itereffortlevel: 0
--separating...
--find a better primal bound 0.23608969624719198 by Alternative descent Eigen
--found a cut state by heuristic 0.23608969624719198 0.015086327989088825 
iteration: 479,  #states: 1585, valueb: 0.015086327989088825, activeness: 0.23608969624719198, primalobj: 0.9803408880653839, dualobj: -Inf
solve--
end solve-- RelaxOptimal OPTIMAL
 weights_sum: 1.0000000000000007
itereffortlevel: 0
--separating...
--find a better primal bound 0.22407339007417917 by Alternative descent Eigen
--found a cut state by heuristic 0.22407339007417917 0.06374050194106494 
iteration: 480,  #states: 1586, valueb: 0.06374050194106494, activeness: 0.22407339007417917, primalobj: 0.9802573698663022, dualobj: -Inf
solve--
end solve-- RelaxOptimal OPTIMAL
 weights_sum: 0.9999999999999998
itereffortlevel: 0
--separating...
--find a better primal bound 0.3121464639039324 by Alternative descent Eigen
--found a cut state by heuristic 0.3121464639039324 0.040382591823412695 
iteration: 481,  #states: 1587, valueb: 0.040382591823412695, activeness: 0.3121464639039324, primalobj: 0.9802105405071411, dualobj: -Inf
solve--
end solve-- RelaxOptimal OPTIMAL
 weights_sum: 1.0000000000000004
itereffortlevel: 0
--separating...
--find a better primal bound 0.2012864185254598 by Alternative descent Eigen
--found a cut state by heuristic 0.2012864185254598 0.055755967163677755 
iteration: 482,  #states: 1588, valueb: 0.055755967163677755, activeness: 0.2012864185254598, primalobj: 0.9801353879269812, dualobj: -Inf
solve--
end solve-- RelaxOptimal OPTIMAL
 weights_sum: 1.0000000000000007
itereffortlevel: 0
--separating...
--find a better primal bound 0.18642906370557916 by Alternative descent Eigen
--found a cut state by heuristic 0.18642906370557916 0.051315681573573975 
iteration: 483,  #states: 1589, valueb: 0.051315681573573975, activeness: 0.18642906370557916, primalobj: 0.9801092221508496, dualobj: -Inf
solve--
end solve-- RelaxOptimal OPTIMAL
 weights_sum: 1.0000000000000013
itereffortlevel: 0
--separating...
--find a better primal bound 0.24167274713814757 by Alternative descent Eigen
--found a cut state by heuristic 0.24167274713814757 0.03452159301010288 
iteration: 484,  #states: 1590, valueb: 0.03452159301010288, activeness: 0.24167274713814757, primalobj: 0.9800742189806864, dualobj: -Inf
solve--
end solve-- RelaxOptimal OPTIMAL
 weights_sum: 1.0000000000000016
itereffortlevel: 0
--separating...
--find a better primal bound 0.11655783533954583 by Alternative descent Eigen
--found a cut state by heuristic 0.11655783533954583 0.011639989302436421 
iteration: 485,  #states: 1591, valueb: 0.011639989302436421, activeness: 0.11655783533954583, primalobj: 0.9800009160826408, dualobj: -Inf
solve--
end solve-- RelaxOptimal OPTIMAL
 weights_sum: 1.0000000000000007
itereffortlevel: 0
--separating...
--find a better primal bound 0.26368979035796025 by Alternative descent Eigen
--found a cut state by heuristic 0.26368979035796025 0.056326742505625325 
iteration: 486,  #states: 1592, valueb: 0.056326742505625325, activeness: 0.26368979035796025, primalobj: 0.9799765297657016, dualobj: -Inf
solve--
end solve-- RelaxOptimal OPTIMAL
 weights_sum: 0.9999999999999989
itereffortlevel: 0
--separating...
--find a better primal bound 0.17921912765926915 by Alternative descent Eigen
--found a cut state by heuristic 0.17921912765926915 0.012000102545467932 
iteration: 487,  #states: 1593, valueb: 0.012000102545467932, activeness: 0.17921912765926915, primalobj: 0.9799227069437628, dualobj: -Inf
solve--
end solve-- RelaxOptimal OPTIMAL
 weights_sum: 0.9999999999999983
itereffortlevel: 0
--separating...
--find a better primal bound 0.2984774641703025 by Alternative descent Eigen
--found a cut state by heuristic 0.2984774641703025 0.019310118759935407 
iteration: 488,  #states: 1594, valueb: 0.019310118759935407, activeness: 0.2984774641703025, primalobj: 0.9798899208878287, dualobj: -Inf
solve--
end solve-- RelaxOptimal OPTIMAL
 weights_sum: 0.9999999999999993
itereffortlevel: 0
--separating...
--find a better primal bound 0.1953929775363531 by Alternative descent Eigen
--found a cut state by heuristic 0.1953929775363531 0.0027595228027829815 
iteration: 489,  #states: 1595, valueb: 0.0027595228027829815, activeness: 0.1953929775363531, primalobj: 0.9798073235730034, dualobj: -Inf
solve--
end solve-- RelaxOptimal OPTIMAL
 weights_sum: 1.0
itereffortlevel: 0
--separating...
--find a better primal bound 0.28554576385320013 by Alternative descent Eigen
--found a cut state by heuristic 0.28554576385320013 0.014353242154180722 
iteration: 490,  #states: 1596, valueb: 0.014353242154180722, activeness: 0.28554576385320013, primalobj: 0.9797687544031598, dualobj: -Inf
solve--
end solve-- RelaxOptimal OPTIMAL
 weights_sum: 0.9999999999999996
itereffortlevel: 0
--separating...
--find a better primal bound 0.30542824618865905 by Alternative descent Eigen
--found a cut state by heuristic 0.30542824618865905 0.009612996889160286 
iteration: 491,  #states: 1597, valueb: 0.009612996889160286, activeness: 0.30542824618865905, primalobj: 0.9797094972643825, dualobj: -Inf
solve--
end solve-- RelaxOptimal OPTIMAL
 weights_sum: 1.000000478033841
itereffortlevel: 0
--separating...
--find a better primal bound 0.09260615263779598 by Alternative descent Eigen
--found a cut state by heuristic 0.09260615263779598 0.004436042404120004 
iteration: 492,  #states: 1598, valueb: 0.004436042404120004, activeness: 0.09260615263779598, primalobj: 0.9796212887226893, dualobj: -Inf
solve--
end solve-- RelaxOptimal OPTIMAL
 weights_sum: 1.0000000000000007
itereffortlevel: 0
--separating...
--find a better primal bound 0.27615261071707997 by Alternative descent Eigen
--found a cut state by heuristic 0.27615261071707997 0.06413848127673127 
iteration: 493,  #states: 1599, valueb: 0.06413848127673127, activeness: 0.27615261071707997, primalobj: 0.9795908616239407, dualobj: -Inf
solve--
end solve-- RelaxOptimal OPTIMAL
 weights_sum: 0.9999999999999987
itereffortlevel: 0
--separating...
--find a better primal bound 0.2945983554168582 by Alternative descent Eigen
--found a cut state by heuristic 0.2945983554168582 0.07836893769821929 
iteration: 494,  #states: 1600, valueb: 0.07836893769821929, activeness: 0.2945983554168582, primalobj: 0.9795548905895778, dualobj: -Inf
solve--
end solve-- RelaxOptimal OPTIMAL
 weights_sum: 0.9999999999999999
itereffortlevel: 0
--separating...
--find a better primal bound 0.28245435970175364 by Alternative descent Eigen
--found a cut state by heuristic 0.28245435970175364 0.06509965338781779 
iteration: 495,  #states: 1601, valueb: 0.06509965338781779, activeness: 0.28245435970175364, primalobj: 0.9795274039756641, dualobj: -Inf
solve--
end solve-- RelaxOptimal OPTIMAL
 weights_sum: 1.0000000000000013
itereffortlevel: 0
--separating...
--find a better primal bound 0.24842563489886355 by Alternative descent Eigen
--found a cut state by heuristic 0.24842563489886355 0.061454181182238 
iteration: 496,  #states: 1602, valueb: 0.061454181182238, activeness: 0.24842563489886355, primalobj: 0.9794905323144613, dualobj: -Inf
solve--
end solve-- RelaxOptimal OPTIMAL
 weights_sum: 0.9999999999999998
itereffortlevel: 0
--separating...
--find a better primal bound 0.21620298354595419 by Alternative descent Eigen
--found a cut state by heuristic 0.21620298354595419 0.061574997681690544 
iteration: 497,  #states: 1603, valueb: 0.061574997681690544, activeness: 0.21620298354595419, primalobj: 0.9794577536586784, dualobj: -Inf
solve--
end solve-- RelaxOptimal OPTIMAL
 weights_sum: 1.0000000000000009
itereffortlevel: 0
--separating...
--find a better primal bound 0.28653963564236873 by Alternative descent Eigen
--found a cut state by heuristic 0.28653963564236873 0.02911935932218054 
iteration: 498,  #states: 1604, valueb: 0.02911935932218054, activeness: 0.28653963564236873, primalobj: 0.9794278540087972, dualobj: -Inf
solve--
end solve-- RelaxOptimal OPTIMAL
 weights_sum: 0.9999999999999988
itereffortlevel: 0
--separating...
--find a better primal bound 0.22488013094350157 by Alternative descent Eigen
--found a cut state by heuristic 0.22488013094350157 0.028611388204720558 
iteration: 499,  #states: 1605, valueb: 0.028611388204720558, activeness: 0.22488013094350157, primalobj: 0.979371056616658, dualobj: -Inf
solve--
end solve-- RelaxOptimal OPTIMAL
 weights_sum: 0.9999999999999999
itereffortlevel: 0
--separating...
--find a better primal bound 0.26328416124848675 by Alternative descent Eigen
--found a cut state by heuristic 0.26328416124848675 0.023405610089744858 
iteration: 500,  #states: 1606, valueb: 0.023405610089744858, activeness: 0.26328416124848675, primalobj: 0.9793415993294899, dualobj: -Inf
solve--
end solve-- RelaxOptimal OPTIMAL
 weights_sum: 1.0000000000000007
itereffortlevel: 0
--separating...
--find a better primal bound 0.23042679625771834 by Alternative descent Eigen
--found a cut state by heuristic 0.23042679625771834 0.04498939763726318 
iteration: 501,  #states: 1607, valueb: 0.04498939763726318, activeness: 0.23042679625771834, primalobj: 0.9792886689134613, dualobj: -Inf
solve--
end solve-- RelaxOptimal OPTIMAL
 weights_sum: 0.9999999999999991
itereffortlevel: 0
--separating...
--find a better primal bound 0.3809236859669588 by Alternative descent Eigen
--found a cut state by heuristic 0.3809236859669588 0.03811750445027238 
iteration: 502,  #states: 1608, valueb: 0.03811750445027238, activeness: 0.3809236859669588, primalobj: 0.9792516644047763, dualobj: -Inf
solve--
end solve-- RelaxOptimal OPTIMAL
 weights_sum: 0.9999999999999996
itereffortlevel: 0
--separating...
--find a better primal bound 0.19223611796336781 by Alternative descent Eigen
--found a cut state by heuristic 0.19223611796336781 0.012452873733155144 
iteration: 503,  #states: 1609, valueb: 0.012452873733155144, activeness: 0.19223611796336781, primalobj: 0.979180877902508, dualobj: -Inf
solve--
end solve-- RelaxOptimal OPTIMAL
 weights_sum: 0.9999999999999981
itereffortlevel: 0
--separating...
--find a better primal bound 0.2138563394052168 by Alternative descent Eigen
--found a cut state by heuristic 0.2138563394052168 0.01603213601283793 
iteration: 504,  #states: 1610, valueb: 0.01603213601283793, activeness: 0.2138563394052168, primalobj: 0.9791462405138143, dualobj: -Inf
solve--
end solve-- RelaxOptimal OPTIMAL
 weights_sum: 0.9999999999999993
itereffortlevel: 0
--separating...
--find a better primal bound 0.1287470982770063 by Alternative descent Eigen
--found a cut state by heuristic 0.1287470982770063 0.01694519683821509 
iteration: 505,  #states: 1611, valueb: 0.01694519683821509, activeness: 0.1287470982770063, primalobj: 0.9791126944218747, dualobj: -Inf
solve--
end solve-- RelaxOptimal OPTIMAL
 weights_sum: 1.0000022392866446
itereffortlevel: 0
--separating...
--find a better primal bound 0.2770786935341033 by Alternative descent Eigen
--found a cut state by heuristic 0.2770786935341033 0.01708329563643661 
iteration: 506,  #states: 1612, valueb: 0.01708329563643661, activeness: 0.2770786935341033, primalobj: 0.9790993694244108, dualobj: -Inf
solve--
end solve-- RelaxOptimal OPTIMAL
 weights_sum: 1.0000000000000004
itereffortlevel: 0
--separating...
--find a better primal bound 0.23578579492210877 by Alternative descent Eigen
--found a cut state by heuristic 0.23578579492210877 0.04533726511103264 
iteration: 507,  #states: 1613, valueb: 0.04533726511103264, activeness: 0.23578579492210877, primalobj: 0.9790208231708022, dualobj: -Inf
solve--
end solve-- RelaxOptimal OPTIMAL
 weights_sum: 1.0000000000000002
itereffortlevel: 0
--separating...
--find a better primal bound 0.20221053761189695 by Alternative descent Eigen
--found a cut state by heuristic 0.20221053761189695 0.05501517688735533 
iteration: 508,  #states: 1614, valueb: 0.05501517688735533, activeness: 0.20221053761189695, primalobj: 0.9789445261099847, dualobj: -Inf
solve--
end solve-- RelaxOptimal OPTIMAL
 weights_sum: 0.9999999999999998
itereffortlevel: 0
--separating...
--find a better primal bound 0.15719813983801728 by Alternative descent Eigen
--found a cut state by heuristic 0.15719813983801728 0.06428508352068552 
iteration: 509,  #states: 1615, valueb: 0.06428508352068552, activeness: 0.15719813983801728, primalobj: 0.9789108829786737, dualobj: -Inf
solve--
end solve-- RelaxOptimal OPTIMAL
 weights_sum: 1.0000000000000004
itereffortlevel: 0
--separating...
--find a better primal bound 0.17333645242622714 by Alternative descent Eigen
--found a cut state by heuristic 0.17333645242622714 0.044015557863534754 
iteration: 510,  #states: 1616, valueb: 0.044015557863534754, activeness: 0.17333645242622714, primalobj: 0.9788987598055221, dualobj: -Inf
solve--
end solve-- RelaxOptimal OPTIMAL
 weights_sum: 1.0000000000000009
itereffortlevel: 0
--separating...
--find a better primal bound 0.1461908474010723 by Alternative descent Eigen
--found a cut state by heuristic 0.1461908474010723 0.028874291574405044 
iteration: 511,  #states: 1617, valueb: 0.028874291574405044, activeness: 0.1461908474010723, primalobj: 0.9788699860644015, dualobj: -Inf
solve--
end solve-- RelaxOptimal OPTIMAL
 weights_sum: 0.9999999999999998
itereffortlevel: 0
--separating...
--find a better primal bound 0.27012267732241396 by Alternative descent Eigen
--found a cut state by heuristic 0.27012267732241396 0.055369374872196675 
iteration: 512,  #states: 1618, valueb: 0.055369374872196675, activeness: 0.27012267732241396, primalobj: 0.9788344776183515, dualobj: -Inf
solve--
end solve-- RelaxOptimal OPTIMAL
 weights_sum: 0.9999999999999991
itereffortlevel: 0
--separating...
--find a better primal bound 0.28175900751240096 by Alternative descent Eigen
--found a cut state by heuristic 0.28175900751240096 0.04083498981970845 
iteration: 513,  #states: 1619, valueb: 0.04083498981970845, activeness: 0.28175900751240096, primalobj: 0.9787715185097126, dualobj: -Inf
solve--
end solve-- RelaxOptimal OPTIMAL
 weights_sum: 0.9999999999999989
itereffortlevel: 0
--separating...
--find a better primal bound 0.2453986856259091 by Alternative descent Eigen
--found a cut state by heuristic 0.2453986856259091 0.044606329042664455 
iteration: 514,  #states: 1620, valueb: 0.044606329042664455, activeness: 0.2453986856259091, primalobj: 0.9787271806607524, dualobj: -Inf
solve--
end solve-- RelaxOptimal OPTIMAL
 weights_sum: 0.9999999999999998
itereffortlevel: 0
--separating...
--find a better primal bound 0.1890620774449419 by Alternative descent Eigen
--found a cut state by heuristic 0.1890620774449419 0.005938882268506729 
iteration: 515,  #states: 1621, valueb: 0.005938882268506729, activeness: 0.1890620774449419, primalobj: 0.9786811925918601, dualobj: -Inf
solve--
end solve-- RelaxOptimal OPTIMAL
 weights_sum: 1.0
itereffortlevel: 0
--separating...
--find a better primal bound 0.28988652994872105 by Alternative descent Eigen
--found a cut state by heuristic 0.28988652994872105 0.01690711745147781 
iteration: 516,  #states: 1622, valueb: 0.01690711745147781, activeness: 0.28988652994872105, primalobj: 0.9786400876197064, dualobj: -Inf
solve--
end solve-- RelaxOptimal OPTIMAL
 weights_sum: 1.0
itereffortlevel: 0
--separating...
--find a better primal bound 0.24823663005343055 by Alternative descent Eigen
--found a cut state by heuristic 0.24823663005343055 0.07914414668956746 
iteration: 517,  #states: 1623, valueb: 0.07914414668956746, activeness: 0.24823663005343055, primalobj: 0.9785797991831778, dualobj: -Inf
solve--
end solve-- RelaxOptimal OPTIMAL
 weights_sum: 1.0000000000000002
itereffortlevel: 0
--separating...
--find a better primal bound 0.14493749766922992 by Alternative descent Eigen
--found a cut state by heuristic 0.14493749766922992 0.014477297198202795 
iteration: 518,  #states: 1624, valueb: 0.014477297198202795, activeness: 0.14493749766922992, primalobj: 0.9785357715951485, dualobj: -Inf
solve--
end solve-- RelaxOptimal OPTIMAL
 weights_sum: 1.0000000000000007
itereffortlevel: 0
--separating...
--find a better primal bound 0.25383095819519674 by Alternative descent Eigen
--found a cut state by heuristic 0.25383095819519674 0.014725521513897149 
iteration: 519,  #states: 1625, valueb: 0.014725521513897149, activeness: 0.25383095819519674, primalobj: 0.9785025982980867, dualobj: -Inf
solve--
end solve-- RelaxOptimal OPTIMAL
 weights_sum: 0.9999999999999998
itereffortlevel: 0
--separating...
--find a better primal bound 0.23687021445502177 by Alternative descent Eigen
--found a cut state by heuristic 0.23687021445502177 0.03329141956450576 
iteration: 520,  #states: 1626, valueb: 0.03329141956450576, activeness: 0.23687021445502177, primalobj: 0.978440293382209, dualobj: -Inf
solve--
end solve-- RelaxOptimal OPTIMAL
 weights_sum: 1.0000000000000007
itereffortlevel: 0
--separating...
--find a better primal bound 0.18614722206740308 by Alternative descent Eigen
--found a cut state by heuristic 0.18614722206740308 0.043218628856256304 
iteration: 521,  #states: 1627, valueb: 0.043218628856256304, activeness: 0.18614722206740308, primalobj: 0.9783909621933014, dualobj: -Inf
solve--
end solve-- RelaxOptimal OPTIMAL
 weights_sum: 0.9999999999999991
itereffortlevel: 0
--separating...
--find a better primal bound 0.26863591685712385 by Alternative descent Eigen
--found a cut state by heuristic 0.26863591685712385 0.04650108399105013 
iteration: 522,  #states: 1628, valueb: 0.04650108399105013, activeness: 0.26863591685712385, primalobj: 0.9783723455733352, dualobj: -Inf
solve--
end solve-- RelaxOptimal OPTIMAL
 weights_sum: 0.9999999999999992
itereffortlevel: 0
--separating...
--find a better primal bound 0.25668889003355555 by Alternative descent Eigen
--found a cut state by heuristic 0.25668889003355555 0.07010457873241716 
iteration: 523,  #states: 1629, valueb: 0.07010457873241716, activeness: 0.25668889003355555, primalobj: 0.9782964920631712, dualobj: -Inf
solve--
end solve-- RelaxOptimal OPTIMAL
 weights_sum: 1.0000000000000009
itereffortlevel: 0
--separating...
--find a better primal bound 0.15056051052350383 by Alternative descent Eigen
--found a cut state by heuristic 0.15056051052350383 0.017955583107402903 
iteration: 524,  #states: 1630, valueb: 0.017955583107402903, activeness: 0.15056051052350383, primalobj: 0.9782541792527367, dualobj: -Inf
solve--
end solve-- RelaxOptimal OPTIMAL
 weights_sum: 1.0000000000000016
itereffortlevel: 0
--separating...
--find a better primal bound 0.18639934352104653 by Alternative descent Eigen
--found a cut state by heuristic 0.18639934352104653 0.009888591509810488 
iteration: 525,  #states: 1631, valueb: 0.009888591509810488, activeness: 0.18639934352104653, primalobj: 0.9782006907247177, dualobj: -Inf
solve--
end solve-- RelaxOptimal OPTIMAL
 weights_sum: 1.0000000000000004
itereffortlevel: 0
--separating...
--find a better primal bound 0.24099829982791987 by Alternative descent Eigen
--found a cut state by heuristic 0.24099829982791987 0.0011562057595895735 
iteration: 526,  #states: 1632, valueb: 0.0011562057595895735, activeness: 0.24099829982791987, primalobj: 0.9781310679604277, dualobj: -Inf
solve--
end solve-- RelaxOptimal OPTIMAL
 weights_sum: 1.0000000000000009
itereffortlevel: 0
--separating...
--find a better primal bound 0.14120601757339019 by Alternative descent Eigen
--found a cut state by heuristic 0.14120601757339019 0.008317517459202159 
iteration: 527,  #states: 1633, valueb: 0.008317517459202159, activeness: 0.14120601757339019, primalobj: 0.9780411118049861, dualobj: -Inf
solve--
end solve-- RelaxOptimal OPTIMAL
 weights_sum: 1.0000000302314032
itereffortlevel: 0
--separating...
--find a better primal bound 0.28891051511306637 by Alternative descent Eigen
--found a cut state by heuristic 0.28891051511306637 0.05739486340401637 
iteration: 528,  #states: 1634, valueb: 0.05739486340401637, activeness: 0.28891051511306637, primalobj: 0.9780080307203404, dualobj: -Inf
solve--
end solve-- RelaxOptimal OPTIMAL
 weights_sum: 1.0
itereffortlevel: 0
--separating...
--find a better primal bound 0.3344194521325635 by Alternative descent Eigen
--found a cut state by heuristic 0.3344194521325635 0.08329737163822254 
iteration: 529,  #states: 1635, valueb: 0.08329737163822254, activeness: 0.3344194521325635, primalobj: 0.9779535290553614, dualobj: -Inf
solve--
end solve-- RelaxOptimal OPTIMAL
 weights_sum: 1.0000000000000018
itereffortlevel: 0
--separating...
--find a better primal bound 0.2168892762914426 by Alternative descent Eigen
--found a cut state by heuristic 0.2168892762914426 0.06679838142703255 
iteration: 530,  #states: 1636, valueb: 0.06679838142703255, activeness: 0.2168892762914426, primalobj: 0.9778848313441458, dualobj: -Inf
solve--
end solve-- RelaxOptimal OPTIMAL
 weights_sum: 0.9999999999999983
itereffortlevel: 0
--separating...
--find a better primal bound 0.18341998645873622 by Alternative descent Eigen
--found a cut state by heuristic 0.18341998645873622 0.031425412564489 
iteration: 531,  #states: 1637, valueb: 0.031425412564489, activeness: 0.18341998645873622, primalobj: 0.9778508767331024, dualobj: -Inf
solve--
end solve-- RelaxOptimal OPTIMAL
 weights_sum: 0.9999999999999984
itereffortlevel: 0
--separating...
--find a better primal bound 0.23225656073906203 by Alternative descent Eigen
--found a cut state by heuristic 0.23225656073906203 0.015102329090370181 
iteration: 532,  #states: 1638, valueb: 0.015102329090370181, activeness: 0.23225656073906203, primalobj: 0.9777987951213135, dualobj: -Inf
solve--
end solve-- RelaxOptimal OPTIMAL
 weights_sum: 1.0000002379291693
itereffortlevel: 0
--separating...
--find a better primal bound 0.27571170346754986 by Alternative descent Eigen
--found a cut state by heuristic 0.27571170346754986 0.04324666691137671 
iteration: 533,  #states: 1639, valueb: 0.04324666691137671, activeness: 0.27571170346754986, primalobj: 0.9777275921559434, dualobj: -Inf
solve--
end solve-- RelaxOptimal OPTIMAL
 weights_sum: 1.0000000000000002
itereffortlevel: 0
--separating...
--find a better primal bound 0.28046705960610907 by Alternative descent Eigen
--found a cut state by heuristic 0.28046705960610907 0.029200684021275014 
iteration: 534,  #states: 1640, valueb: 0.029200684021275014, activeness: 0.28046705960610907, primalobj: 0.9776854808529558, dualobj: -Inf
solve--
end solve-- RelaxOptimal OPTIMAL
 weights_sum: 0.9999999999999987
itereffortlevel: 0
--separating...
--find a better primal bound 0.17258335780382256 by Alternative descent Eigen
--found a cut state by heuristic 0.17258335780382256 0.024733724724727568 
iteration: 535,  #states: 1641, valueb: 0.024733724724727568, activeness: 0.17258335780382256, primalobj: 0.9776374262212177, dualobj: -Inf
solve--
end solve-- RelaxOptimal OPTIMAL
 weights_sum: 0.9999999999999992
itereffortlevel: 0
--separating...
--find a better primal bound 0.11674924250212716 by Alternative descent Eigen
--found a cut state by heuristic 0.11674924250212716 0.02326095470888376 
iteration: 536,  #states: 1642, valueb: 0.02326095470888376, activeness: 0.11674924250212716, primalobj: 0.977611220115088, dualobj: -Inf
solve--
end solve-- RelaxOptimal OPTIMAL
 weights_sum: 1.0000000000000013
itereffortlevel: 0
--separating...
--find a better primal bound 0.21109218170465954 by Alternative descent Eigen
--found a cut state by heuristic 0.21109218170465954 0.007966559495529593 
iteration: 537,  #states: 1643, valueb: 0.007966559495529593, activeness: 0.21109218170465954, primalobj: 0.9775966125835379, dualobj: -Inf
solve--
end solve-- RelaxOptimal OPTIMAL
 weights_sum: 0.9999999999999994
itereffortlevel: 0
--separating...
--find a better primal bound 0.19358803162879865 by Alternative descent Eigen
--found a cut state by heuristic 0.19358803162879865 0.008625485031784012 
iteration: 538,  #states: 1644, valueb: 0.008625485031784012, activeness: 0.19358803162879865, primalobj: 0.9775566844250607, dualobj: -Inf
solve--
end solve-- RelaxOptimal OPTIMAL
 weights_sum: 1.0000000000000002
itereffortlevel: 0
--separating...
--find a better primal bound 0.21461426390341742 by Alternative descent Eigen
--found a cut state by heuristic 0.21461426390341742 0.031581229026803825 
iteration: 539,  #states: 1645, valueb: 0.031581229026803825, activeness: 0.21461426390341742, primalobj: 0.9775151415081811, dualobj: -Inf
solve--
end solve-- RelaxOptimal OPTIMAL
 weights_sum: 1.0000000000000004
itereffortlevel: 0
--separating...
--find a better primal bound 0.26391379877258386 by Alternative descent Eigen
--found a cut state by heuristic 0.26391379877258386 0.024528535335363394 
iteration: 540,  #states: 1646, valueb: 0.024528535335363394, activeness: 0.26391379877258386, primalobj: 0.9774714219926781, dualobj: -Inf
solve--
end solve-- RelaxOptimal OPTIMAL
 weights_sum: 1.000000000000001
itereffortlevel: 0
--separating...
--find a better primal bound 0.2894699293380011 by Alternative descent Eigen
--found a cut state by heuristic 0.2894699293380011 0.017944396322352812 
iteration: 541,  #states: 1647, valueb: 0.017944396322352812, activeness: 0.2894699293380011, primalobj: 0.977393709736726, dualobj: -Inf
solve--
end solve-- RelaxOptimal OPTIMAL
 weights_sum: 0.999999999999999
itereffortlevel: 0
--separating...
--find a better primal bound 0.24903193683422523 by Alternative descent Eigen
--found a cut state by heuristic 0.24903193683422523 0.02984759758583391 
iteration: 542,  #states: 1648, valueb: 0.02984759758583391, activeness: 0.24903193683422523, primalobj: 0.9772924897009571, dualobj: -Inf
solve--
end solve-- RelaxOptimal OPTIMAL
 weights_sum: 1.000000000000001
itereffortlevel: 0
--separating...
--find a better primal bound 0.18931916150465056 by Alternative descent Eigen
--found a cut state by heuristic 0.18931916150465056 0.03241663725287125 
iteration: 543,  #states: 1649, valueb: 0.03241663725287125, activeness: 0.18931916150465056, primalobj: 0.9772000858851873, dualobj: -Inf
solve--
end solve-- RelaxOptimal OPTIMAL
 weights_sum: 1.0000000000000002
itereffortlevel: 0
--separating...
--find a better primal bound 0.17636355306225138 by Alternative descent Eigen
--found a cut state by heuristic 0.17636355306225138 0.00946670557365556 
iteration: 544,  #states: 1650, valueb: 0.00946670557365556, activeness: 0.17636355306225138, primalobj: 0.977180154724543, dualobj: -Inf
solve--
end solve-- RelaxOptimal OPTIMAL
 weights_sum: 0.9999999999999991
itereffortlevel: 0
--separating...
--find a better primal bound 0.2814531381498325 by Alternative descent Eigen
--found a cut state by heuristic 0.2814531381498325 0.017809678109628673 
iteration: 545,  #states: 1651, valueb: 0.017809678109628673, activeness: 0.2814531381498325, primalobj: 0.9771508737154698, dualobj: -Inf
solve--
end solve-- RelaxOptimal OPTIMAL
 weights_sum: 1.0
itereffortlevel: 0
--separating...
--find a better primal bound 0.2748766653780431 by Alternative descent Eigen
--found a cut state by heuristic 0.2748766653780431 0.047484528143454566 
iteration: 546,  #states: 1652, valueb: 0.047484528143454566, activeness: 0.2748766653780431, primalobj: 0.9771003205681337, dualobj: -Inf
solve--
end solve-- RelaxOptimal OPTIMAL
 weights_sum: 1.0000000000000013
itereffortlevel: 0
--separating...
--find a better primal bound 0.16477441171988344 by Alternative descent Eigen
--found a cut state by heuristic 0.16477441171988344 0.02208950734742736 
iteration: 547,  #states: 1653, valueb: 0.02208950734742736, activeness: 0.16477441171988344, primalobj: 0.977006417577618, dualobj: -Inf
solve--
end solve-- RelaxOptimal OPTIMAL
 weights_sum: 1.0
itereffortlevel: 0
--separating...
--find a better primal bound 0.29966863081366313 by Alternative descent Eigen
--found a cut state by heuristic 0.29966863081366313 0.02032454619960205 
iteration: 548,  #states: 1654, valueb: 0.02032454619960205, activeness: 0.29966863081366313, primalobj: 0.97698506466154, dualobj: -Inf
solve--
end solve-- RelaxOptimal OPTIMAL
 weights_sum: 0.9999999999999977
itereffortlevel: 0
--separating...
--find a better primal bound 0.23340638204498135 by Alternative descent Eigen
--found a cut state by heuristic 0.23340638204498135 0.03240108950969668 
iteration: 549,  #states: 1655, valueb: 0.03240108950969668, activeness: 0.23340638204498135, primalobj: 0.9769096715751998, dualobj: -Inf
solve--
end solve-- RelaxOptimal OPTIMAL
 weights_sum: 0.9999999999999992
itereffortlevel: 0
--separating...
--find a better primal bound 0.30294818382565575 by Alternative descent Eigen
--found a cut state by heuristic 0.30294818382565575 0.029469701347258716 
iteration: 550,  #states: 1656, valueb: 0.029469701347258716, activeness: 0.30294818382565575, primalobj: 0.9768632937270793, dualobj: -Inf
solve--
end solve-- RelaxOptimal OPTIMAL
 weights_sum: 1.0000000000000002
itereffortlevel: 0
--separating...
--find a better primal bound 0.1778594157295187 by Alternative descent Eigen
--found a cut state by heuristic 0.1778594157295187 0.040532052401632865 
iteration: 551,  #states: 1657, valueb: 0.040532052401632865, activeness: 0.1778594157295187, primalobj: 0.9768002344052561, dualobj: -Inf
solve--
end solve-- RelaxOptimal OPTIMAL
 weights_sum: 1.000000033991895
itereffortlevel: 0
--separating...
--find a better primal bound 0.22223339719792945 by Alternative descent Eigen
--found a cut state by heuristic 0.22223339719792945 0.04529792397326272 
iteration: 552,  #states: 1658, valueb: 0.04529792397326272, activeness: 0.22223339719792945, primalobj: 0.9767775616995121, dualobj: -Inf
solve--
end solve-- RelaxOptimal OPTIMAL
 weights_sum: 0.9999999999999993
itereffortlevel: 0
--separating...
--find a better primal bound 0.2304458067243903 by Alternative descent Eigen
--found a cut state by heuristic 0.2304458067243903 0.03510371876166131 
iteration: 553,  #states: 1659, valueb: 0.03510371876166131, activeness: 0.2304458067243903, primalobj: 0.9767429827423072, dualobj: -Inf
solve--
end solve-- RelaxOptimal OPTIMAL
 weights_sum: 0.9999999999999996
itereffortlevel: 0
--separating...
--find a better primal bound 0.18699849576534797 by Alternative descent Eigen
--found a cut state by heuristic 0.18699849576534797 0.04931806762216946 
iteration: 554,  #states: 1660, valueb: 0.04931806762216946, activeness: 0.18699849576534797, primalobj: 0.9767090475547403, dualobj: -Inf
solve--
end solve-- RelaxOptimal OPTIMAL
 weights_sum: 1.0000000000000004
itereffortlevel: 0
--separating...
--find a better primal bound 0.17230183303302543 by Alternative descent Eigen
--found a cut state by heuristic 0.17230183303302543 0.013133170845686557 
iteration: 555,  #states: 1661, valueb: 0.013133170845686557, activeness: 0.17230183303302543, primalobj: 0.9766953404964406, dualobj: -Inf
solve--
end solve-- RelaxOptimal OPTIMAL
 weights_sum: 1.0000000000000013
itereffortlevel: 0
--separating...
--find a better primal bound 0.12677080525258325 by Alternative descent Eigen
--found a cut state by heuristic 0.12677080525258325 0.00916034769113895 
iteration: 556,  #states: 1662, valueb: 0.00916034769113895, activeness: 0.12677080525258325, primalobj: 0.9766657353798106, dualobj: -Inf
solve--
end solve-- RelaxOptimal OPTIMAL
 weights_sum: 1.0
itereffortlevel: 0
--separating...
--find a better primal bound 0.1594926354025787 by Alternative descent Eigen
--found a cut state by heuristic 0.1594926354025787 0.0071101223424852355 
iteration: 557,  #states: 1663, valueb: 0.0071101223424852355, activeness: 0.1594926354025787, primalobj: 0.9766424097970994, dualobj: -Inf
solve--
end solve-- RelaxOptimal OPTIMAL
 weights_sum: 0.9999999999999988
itereffortlevel: 0
--separating...
--find a better primal bound 0.258777552768634 by Alternative descent Eigen
--found a cut state by heuristic 0.258777552768634 0.054031466210072356 
iteration: 558,  #states: 1664, valueb: 0.054031466210072356, activeness: 0.258777552768634, primalobj: 0.9766017584036071, dualobj: -Inf
solve--
end solve-- RelaxOptimal OPTIMAL
 weights_sum: 1.0
itereffortlevel: 0
--separating...
--find a better primal bound 0.095997304887763 by Alternative descent Eigen
--found a cut state by heuristic 0.095997304887763 0.009829291241738647 
iteration: 559,  #states: 1665, valueb: 0.009829291241738647, activeness: 0.095997304887763, primalobj: 0.9765423264658463, dualobj: -Inf
solve--
end solve-- RelaxOptimal OPTIMAL
 weights_sum: 1.0000000000000007
itereffortlevel: 0
--separating...
--find a better primal bound 0.1271866890723335 by Alternative descent Eigen
--found a cut state by heuristic 0.1271866890723335 0.011432145336994375 
iteration: 560,  #states: 1666, valueb: 0.011432145336994375, activeness: 0.1271866890723335, primalobj: 0.9765228583775342, dualobj: -Inf
solve--
end solve-- RelaxOptimal OPTIMAL
 weights_sum: 0.9999999999999996
itereffortlevel: 0
--separating...
--find a better primal bound 0.2411714300688024 by Alternative descent Eigen
--found a cut state by heuristic 0.2411714300688024 0.048042473494959825 
iteration: 561,  #states: 1667, valueb: 0.048042473494959825, activeness: 0.2411714300688024, primalobj: 0.9765087689645984, dualobj: -Inf
solve--
end solve-- RelaxOptimal OPTIMAL
 weights_sum: 0.9999999999999989
itereffortlevel: 0
--separating...
--find a better primal bound 0.2631481608043507 by Alternative descent Eigen
--found a cut state by heuristic 0.2631481608043507 0.08011839015465441 
iteration: 562,  #states: 1668, valueb: 0.08011839015465441, activeness: 0.2631481608043507, primalobj: 0.976477843106985, dualobj: -Inf
solve--
end solve-- RelaxOptimal OPTIMAL
 weights_sum: 1.0
itereffortlevel: 0
--separating...
--find a better primal bound 0.2838971493806407 by Alternative descent Eigen
--found a cut state by heuristic 0.2838971493806407 0.07074470021300928 
iteration: 563,  #states: 1669, valueb: 0.07074470021300928, activeness: 0.2838971493806407, primalobj: 0.9764257518725536, dualobj: -Inf
solve--
end solve-- RelaxOptimal OPTIMAL
 weights_sum: 1.0000000000000004
itereffortlevel: 0
--separating...
--find a better primal bound 0.3010564273153543 by Alternative descent Eigen
--found a cut state by heuristic 0.3010564273153543 0.10252452968960332 
iteration: 564,  #states: 1670, valueb: 0.10252452968960332, activeness: 0.3010564273153543, primalobj: 0.9763986417523774, dualobj: -Inf
solve--
end solve-- RelaxOptimal OPTIMAL
 weights_sum: 1.0000000000000004
itereffortlevel: 0
--separating...
--find a better primal bound 0.23997254297559908 by Alternative descent Eigen
--found a cut state by heuristic 0.23997254297559908 0.03901375846132771 
iteration: 565,  #states: 1671, valueb: 0.03901375846132771, activeness: 0.23997254297559908, primalobj: 0.9763646625549853, dualobj: -Inf
solve--
end solve-- RelaxOptimal OPTIMAL
 weights_sum: 1.0
itereffortlevel: 0
--separating...
--find a better primal bound 0.184936047304122 by Alternative descent Eigen
--found a cut state by heuristic 0.184936047304122 0.05777171041186438 
iteration: 566,  #states: 1672, valueb: 0.05777171041186438, activeness: 0.184936047304122, primalobj: 0.9763125440644421, dualobj: -Inf
solve--
end solve-- RelaxOptimal OPTIMAL
 weights_sum: 0.9999999999999991
itereffortlevel: 0
--separating...
--find a better primal bound 0.2633808150019855 by Alternative descent Eigen
--found a cut state by heuristic 0.2633808150019855 0.07342254684041662 
iteration: 567,  #states: 1673, valueb: 0.07342254684041662, activeness: 0.2633808150019855, primalobj: 0.9762903936876739, dualobj: -Inf
solve--
end solve-- RelaxOptimal OPTIMAL
 weights_sum: 0.9999999999999987
itereffortlevel: 0
--separating...
--find a better primal bound 0.23599217073908052 by Alternative descent Eigen
--found a cut state by heuristic 0.23599217073908052 0.04009938177064888 
iteration: 568,  #states: 1674, valueb: 0.04009938177064888, activeness: 0.23599217073908052, primalobj: 0.9762496855166156, dualobj: -Inf
solve--
end solve-- RelaxOptimal OPTIMAL
 weights_sum: 0.9999999999999993
itereffortlevel: 0
--separating...
--find a better primal bound 0.15545998117126097 by Alternative descent Eigen
--found a cut state by heuristic 0.15545998117126097 0.05586814677469141 
iteration: 569,  #states: 1675, valueb: 0.05586814677469141, activeness: 0.15545998117126097, primalobj: 0.9762128085455632, dualobj: -Inf
solve--
end solve-- RelaxOptimal OPTIMAL
 weights_sum: 0.9999999999999998
itereffortlevel: 0
--separating...
--find a better primal bound 0.13734130659619792 by Alternative descent Eigen
--found a cut state by heuristic 0.13734130659619792 0.020678671861723504 
iteration: 570,  #states: 1676, valueb: 0.020678671861723504, activeness: 0.13734130659619792, primalobj: 0.976192762237495, dualobj: -Inf
solve--
end solve-- RelaxOptimal OPTIMAL
 weights_sum: 0.9999999999999998
itereffortlevel: 0
--separating...
--find a better primal bound 0.1192744520806846 by Alternative descent Eigen
--found a cut state by heuristic 0.1192744520806846 0.004960829321292623 
iteration: 571,  #states: 1677, valueb: 0.004960829321292623, activeness: 0.1192744520806846, primalobj: 0.9761535124451232, dualobj: -Inf
solve--
end solve-- RelaxOptimal OPTIMAL
 weights_sum: 1.0000000000000016
itereffortlevel: 0
--separating...
--find a better primal bound 0.24172433620978334 by Alternative descent Eigen
--found a cut state by heuristic 0.24172433620978334 0.017634228377276854 
iteration: 572,  #states: 1678, valueb: 0.017634228377276854, activeness: 0.24172433620978334, primalobj: 0.9761148656055701, dualobj: -Inf
solve--
end solve-- RelaxOptimal OPTIMAL
 weights_sum: 1.0000000000000004
itereffortlevel: 0
--separating...
--find a better primal bound 0.2189738650657538 by Alternative descent Eigen
--found a cut state by heuristic 0.2189738650657538 0.012332256357433513 
iteration: 573,  #states: 1679, valueb: 0.012332256357433513, activeness: 0.2189738650657538, primalobj: 0.9760694668131985, dualobj: -Inf
solve--
end solve-- RelaxOptimal OPTIMAL
 weights_sum: 1.0000000000000002
itereffortlevel: 0
--separating...
--find a better primal bound 0.2024623304011452 by Alternative descent Eigen
--found a cut state by heuristic 0.2024623304011452 0.022928475063124693 
iteration: 574,  #states: 1680, valueb: 0.022928475063124693, activeness: 0.2024623304011452, primalobj: 0.9760358717850098, dualobj: -Inf
solve--
end solve-- RelaxOptimal OPTIMAL
 weights_sum: 1.0
itereffortlevel: 0
--separating...
--find a better primal bound 0.13254934208689095 by Alternative descent Eigen
--found a cut state by heuristic 0.13254934208689095 0.029576019422117614 
iteration: 575,  #states: 1681, valueb: 0.029576019422117614, activeness: 0.13254934208689095, primalobj: 0.9759937453198078, dualobj: -Inf
solve--
end solve-- RelaxOptimal OPTIMAL
 weights_sum: 1.0000000000000004
itereffortlevel: 0
--separating...
--find a better primal bound 0.150318153145934 by Alternative descent Eigen
--found a cut state by heuristic 0.150318153145934 0.039823141020724234 
iteration: 576,  #states: 1682, valueb: 0.039823141020724234, activeness: 0.150318153145934, primalobj: 0.9759782007086755, dualobj: -Inf
solve--
end solve-- RelaxOptimal OPTIMAL
 weights_sum: 0.9999999999999994
itereffortlevel: 0
--separating...
--find a better primal bound 0.23602648225934764 by Alternative descent Eigen
--found a cut state by heuristic 0.23602648225934764 0.026192189605326762 
iteration: 577,  #states: 1683, valueb: 0.026192189605326762, activeness: 0.23602648225934764, primalobj: 0.9759517421012102, dualobj: -Inf
solve--
end solve-- RelaxOptimal OPTIMAL
 weights_sum: 1.0000000000000018
itereffortlevel: 0
--separating...
--find a better primal bound 0.23849862244339134 by Alternative descent Eigen
--found a cut state by heuristic 0.23849862244339134 0.011515368804975903 
iteration: 578,  #states: 1684, valueb: 0.011515368804975903, activeness: 0.23849862244339134, primalobj: 0.975906184160049, dualobj: -Inf
solve--
end solve-- RelaxOptimal OPTIMAL
 weights_sum: 1.000000000000001
itereffortlevel: 0
--separating...
--find a better primal bound 0.18733099094844347 by Alternative descent Eigen
--found a cut state by heuristic 0.18733099094844347 0.027458905586647216 
iteration: 579,  #states: 1685, valueb: 0.027458905586647216, activeness: 0.18733099094844347, primalobj: 0.9758272070828194, dualobj: -Inf
solve--
end solve-- RelaxOptimal OPTIMAL
 weights_sum: 1.0000000000000007
itereffortlevel: 0
--separating...
--find a better primal bound 0.17406050251496674 by Alternative descent Eigen
--found a cut state by heuristic 0.17406050251496674 0.03720222690443757 
iteration: 580,  #states: 1686, valueb: 0.03720222690443757, activeness: 0.17406050251496674, primalobj: 0.9757953414655525, dualobj: -Inf
solve--
end solve-- RelaxOptimal OPTIMAL
 weights_sum: 1.0000015088851661
itereffortlevel: 0
--separating...
--find a better primal bound 0.22936894467727495 by Alternative descent Eigen
--found a cut state by heuristic 0.22936894467727495 0.052154198517118854 
iteration: 581,  #states: 1687, valueb: 0.052154198517118854, activeness: 0.22936894467727495, primalobj: 0.975779091392457, dualobj: -Inf
solve--
end solve-- RelaxOptimal OPTIMAL
 weights_sum: 1.0000000000000016
itereffortlevel: 0
--separating...
--find a better primal bound 0.16695484514722836 by Alternative descent Eigen
--found a cut state by heuristic 0.16695484514722836 0.02765550499110081 
iteration: 582,  #states: 1688, valueb: 0.02765550499110081, activeness: 0.16695484514722836, primalobj: 0.975752703089255, dualobj: -Inf
solve--
end solve-- RelaxOptimal OPTIMAL
 weights_sum: 1.0000000000000013
itereffortlevel: 0
--separating...
--find a better primal bound 0.2528777152346875 by Alternative descent Eigen
--found a cut state by heuristic 0.2528777152346875 0.03572123430865396 
iteration: 583,  #states: 1689, valueb: 0.03572123430865396, activeness: 0.2528777152346875, primalobj: 0.9757260780746587, dualobj: -Inf
solve--
end solve-- RelaxOptimal OPTIMAL
 weights_sum: 1.0000000000000009
itereffortlevel: 0
--separating...
--find a better primal bound 0.26609255640799 by Alternative descent Eigen
--found a cut state by heuristic 0.26609255640799 0.04938072454929668 
iteration: 584,  #states: 1690, valueb: 0.04938072454929668, activeness: 0.26609255640799, primalobj: 0.9756901152289729, dualobj: -Inf
solve--
end solve-- RelaxOptimal OPTIMAL
 weights_sum: 0.9999999999999996
itereffortlevel: 0
--separating...
--find a better primal bound 0.32083486717148313 by Alternative descent Eigen
--found a cut state by heuristic 0.32083486717148313 0.057313603266352695 
iteration: 585,  #states: 1691, valueb: 0.057313603266352695, activeness: 0.32083486717148313, primalobj: 0.9756628435714187, dualobj: -Inf
solve--
end solve-- RelaxOptimal OPTIMAL
 weights_sum: 1.0000000000000004
itereffortlevel: 0
--separating...
--find a better primal bound 0.20049093257414582 by Alternative descent Eigen
--found a cut state by heuristic 0.20049093257414582 0.05729120816611456 
iteration: 586,  #states: 1692, valueb: 0.05729120816611456, activeness: 0.20049093257414582, primalobj: 0.9756107489987977, dualobj: -Inf
solve--
end solve-- RelaxOptimal OPTIMAL
 weights_sum: 1.0000000000000002
itereffortlevel: 0
--separating...
--find a better primal bound 0.1507670713974738 by Alternative descent Eigen
--found a cut state by heuristic 0.1507670713974738 0.06400682545295147 
iteration: 587,  #states: 1693, valueb: 0.06400682545295147, activeness: 0.1507670713974738, primalobj: 0.9755933071609869, dualobj: -Inf
solve--
end solve-- RelaxOptimal OPTIMAL
 weights_sum: 0.9999999999999987
itereffortlevel: 0
--separating...
--find a better primal bound 0.2176847108389593 by Alternative descent Eigen
--found a cut state by heuristic 0.2176847108389593 0.06767585737159892 
iteration: 588,  #states: 1694, valueb: 0.06767585737159892, activeness: 0.2176847108389593, primalobj: 0.9755789804878627, dualobj: -Inf
solve--
end solve-- RelaxOptimal OPTIMAL
 weights_sum: 1.0000000000000013
itereffortlevel: 0
--separating...
--find a better primal bound 0.19577137541463352 by Alternative descent Eigen
--found a cut state by heuristic 0.19577137541463352 0.08008867791670192 
iteration: 589,  #states: 1695, valueb: 0.08008867791670192, activeness: 0.19577137541463352, primalobj: 0.9755584939201399, dualobj: -Inf
solve--
end solve-- RelaxOptimal OPTIMAL
 weights_sum: 0.9999999999999998
itereffortlevel: 0
--separating...
--find a better primal bound 0.2090786165124751 by Alternative descent Eigen
--found a cut state by heuristic 0.2090786165124751 0.06832746547228827 
iteration: 590,  #states: 1696, valueb: 0.06832746547228827, activeness: 0.2090786165124751, primalobj: 0.9755438042281374, dualobj: -Inf
solve--
end solve-- RelaxOptimal OPTIMAL
 weights_sum: 1.000000659136046
itereffortlevel: 0
--separating...
--find a better primal bound 0.35829486755169865 by Alternative descent Eigen
--found a cut state by heuristic 0.35829486755169865 0.09944660326597303 
iteration: 591,  #states: 1697, valueb: 0.09944660326597303, activeness: 0.35829486755169865, primalobj: 0.9755069280823554, dualobj: -Inf
solve--
end solve-- RelaxOptimal OPTIMAL
 weights_sum: 0.9999999999999992
itereffortlevel: 0
--separating...
--find a better primal bound 0.2963248362351685 by Alternative descent Eigen
--found a cut state by heuristic 0.2963248362351685 0.07166646553084467 
iteration: 592,  #states: 1698, valueb: 0.07166646553084467, activeness: 0.2963248362351685, primalobj: 0.9754600626017988, dualobj: -Inf
solve--
end solve-- RelaxOptimal OPTIMAL
 weights_sum: 0.9999999999999993
itereffortlevel: 0
--separating...
--find a better primal bound 0.2808727038618544 by Alternative descent Eigen
--found a cut state by heuristic 0.2808727038618544 0.04107784726159631 
iteration: 593,  #states: 1699, valueb: 0.04107784726159631, activeness: 0.2808727038618544, primalobj: 0.9754006680651276, dualobj: -Inf
solve--
end solve-- RelaxOptimal OPTIMAL
 weights_sum: 0.9999999999999982
itereffortlevel: 0
--separating...
--find a better primal bound 0.20899116902147435 by Alternative descent Eigen
--found a cut state by heuristic 0.20899116902147435 0.062145860726171245 
iteration: 594,  #states: 1700, valueb: 0.062145860726171245, activeness: 0.20899116902147435, primalobj: 0.9753725896983538, dualobj: -Inf
solve--
end solve-- RelaxOptimal OPTIMAL
 weights_sum: 0.9999999999999984
itereffortlevel: 0
--separating...
--find a better primal bound 0.30409215361226505 by Alternative descent Eigen
--found a cut state by heuristic 0.30409215361226505 0.051628392434019704 
iteration: 595,  #states: 1701, valueb: 0.051628392434019704, activeness: 0.30409215361226505, primalobj: 0.9753436213882912, dualobj: -Inf
solve--
end solve-- RelaxOptimal OPTIMAL
 weights_sum: 1.000000000000002
itereffortlevel: 0
--separating...
--find a better primal bound 0.23203686662021844 by Alternative descent Eigen
--found a cut state by heuristic 0.23203686662021844 0.044790452983095176 
iteration: 596,  #states: 1702, valueb: 0.044790452983095176, activeness: 0.23203686662021844, primalobj: 0.9752668282291828, dualobj: -Inf
solve--
end solve-- RelaxOptimal OPTIMAL
 weights_sum: 1.0000000000000002
itereffortlevel: 0
--separating...
--find a better primal bound 0.22420521646918262 by Alternative descent Eigen
--found a cut state by heuristic 0.22420521646918262 0.05161358420270439 
iteration: 597,  #states: 1703, valueb: 0.05161358420270439, activeness: 0.22420521646918262, primalobj: 0.975224632017369, dualobj: -Inf
solve--
end solve-- RelaxOptimal OPTIMAL
 weights_sum: 0.9999999999999998
itereffortlevel: 0
--separating...
--find a better primal bound 0.26649873231298155 by Alternative descent Eigen
--found a cut state by heuristic 0.26649873231298155 0.05371026147658262 
iteration: 598,  #states: 1704, valueb: 0.05371026147658262, activeness: 0.26649873231298155, primalobj: 0.9751967373533553, dualobj: -Inf
solve--
end solve-- RelaxOptimal OPTIMAL
 weights_sum: 1.0
itereffortlevel: 0
--separating...
--find a better primal bound 0.2186580563896259 by Alternative descent Eigen
--found a cut state by heuristic 0.2186580563896259 0.07454321017096649 
iteration: 599,  #states: 1705, valueb: 0.07454321017096649, activeness: 0.2186580563896259, primalobj: 0.9751681386714393, dualobj: -Inf
solve--
end solve-- RelaxOptimal OPTIMAL
 weights_sum: 1.0000000000000016
itereffortlevel: 0
--separating...
--find a better primal bound 0.23650594883922646 by Alternative descent Eigen
--found a cut state by heuristic 0.23650594883922646 0.06762667039945378 
iteration: 600,  #states: 1706, valueb: 0.06762667039945378, activeness: 0.23650594883922646, primalobj: 0.9751386013889065, dualobj: -Inf
solve--
end solve-- RelaxOptimal OPTIMAL
 weights_sum: 1.0000000000000007
itereffortlevel: 0
--separating...
--find a better primal bound 0.18118127712217735 by Alternative descent Eigen
--found a cut state by heuristic 0.18118127712217735 0.0555632499248945 
iteration: 601,  #states: 1707, valueb: 0.0555632499248945, activeness: 0.18118127712217735, primalobj: 0.9751143174831951, dualobj: -Inf
solve--
end solve-- RelaxOptimal OPTIMAL
 weights_sum: 1.0000002703566162
itereffortlevel: 0
--separating...
--find a better primal bound 0.17513395277442584 by Alternative descent Eigen
--found a cut state by heuristic 0.17513395277442584 0.0373369399346438 
iteration: 602,  #states: 1708, valueb: 0.0373369399346438, activeness: 0.17513395277442584, primalobj: 0.9750734525286452, dualobj: -Inf
solve--
end solve-- RelaxOptimal OPTIMAL
 weights_sum: 1.0
itereffortlevel: 0
--separating...
--find a better primal bound 0.1516898497124065 by Alternative descent Eigen
--found a cut state by heuristic 0.1516898497124065 0.04041859141377266 
iteration: 603,  #states: 1709, valueb: 0.04041859141377266, activeness: 0.1516898497124065, primalobj: 0.9750613982117808, dualobj: -Inf
solve--
end solve-- RelaxOptimal OPTIMAL
 weights_sum: 0.9999999999999982
itereffortlevel: 0
--separating...
--find a better primal bound 0.21320135748282 by Alternative descent Eigen
--found a cut state by heuristic 0.21320135748282 0.023324352818768105 
iteration: 604,  #states: 1710, valueb: 0.023324352818768105, activeness: 0.21320135748282, primalobj: 0.9750507517834773, dualobj: -Inf
solve--
end solve-- RelaxOptimal OPTIMAL
 weights_sum: 1.0000000000000013
itereffortlevel: 0
--separating...
--find a better primal bound 0.2452949280881999 by Alternative descent Eigen
--found a cut state by heuristic 0.2452949280881999 0.043832186789017714 
iteration: 605,  #states: 1711, valueb: 0.043832186789017714, activeness: 0.2452949280881999, primalobj: 0.9750270012381003, dualobj: -Inf
solve--
end solve-- RelaxOptimal OPTIMAL
 weights_sum: 0.9999999999999996
itereffortlevel: 0
--separating...
--find a better primal bound 0.23499233998676936 by Alternative descent Eigen
--found a cut state by heuristic 0.23499233998676936 0.04233541163690105 
iteration: 606,  #states: 1712, valueb: 0.04233541163690105, activeness: 0.23499233998676936, primalobj: 0.9750086345634551, dualobj: -Inf
solve--
end solve-- RelaxOptimal OPTIMAL
 weights_sum: 1.0000000000000007
itereffortlevel: 0
--separating...
--find a better primal bound 0.18452052223472468 by Alternative descent Eigen
--found a cut state by heuristic 0.18452052223472468 0.024679129185108162 
iteration: 607,  #states: 1713, valueb: 0.024679129185108162, activeness: 0.18452052223472468, primalobj: 0.9749655435815174, dualobj: -Inf
solve--
end solve-- RelaxOptimal OPTIMAL
 weights_sum: 0.9999999999999998
itereffortlevel: 0
--separating...
--find a better primal bound 0.22161503599360777 by Alternative descent Eigen
--found a cut state by heuristic 0.22161503599360777 0.04329556653749971 
iteration: 608,  #states: 1714, valueb: 0.04329556653749971, activeness: 0.22161503599360777, primalobj: 0.974951054793317, dualobj: -Inf
solve--
end solve-- RelaxOptimal OPTIMAL
 weights_sum: 0.9999999999999981
itereffortlevel: 0
--separating...
--find a better primal bound 0.22560801153175475 by Alternative descent Eigen
--found a cut state by heuristic 0.22560801153175475 0.03210136145889852 
iteration: 609,  #states: 1715, valueb: 0.03210136145889852, activeness: 0.22560801153175475, primalobj: 0.974920603821883, dualobj: -Inf
solve--
end solve-- RelaxOptimal OPTIMAL
 weights_sum: 0.9999999999999994
itereffortlevel: 0
--separating...
--find a better primal bound 0.1355874108545889 by Alternative descent Eigen
--found a cut state by heuristic 0.1355874108545889 0.000744985366951445 
iteration: 610,  #states: 1716, valueb: 0.000744985366951445, activeness: 0.1355874108545889, primalobj: 0.9748710543812292, dualobj: -Inf
solve--
end solve-- RelaxOptimal OPTIMAL
 weights_sum: 1.0000000023132989
itereffortlevel: 0
--separating...
--find a better primal bound 0.20068771649018374 by Alternative descent Eigen
--found a cut state by heuristic 0.20068771649018374 0.027386487316565823 
iteration: 611,  #states: 1717, valueb: 0.027386487316565823, activeness: 0.20068771649018374, primalobj: 0.9748462476916984, dualobj: -Inf
solve--
end solve-- RelaxOptimal OPTIMAL
 weights_sum: 1.0000000000000009
itereffortlevel: 0
--separating...
--find a better primal bound 0.1428058449870085 by Alternative descent Eigen
--found a cut state by heuristic 0.1428058449870085 0.02204422900279908 
iteration: 612,  #states: 1718, valueb: 0.02204422900279908, activeness: 0.1428058449870085, primalobj: 0.9748226540183857, dualobj: -Inf
solve--
end solve-- RelaxOptimal OPTIMAL
 weights_sum: 1.0000000000000007
itereffortlevel: 0
--separating...
--find a better primal bound 0.4007625261707154 by Alternative descent Eigen
--found a cut state by heuristic 0.4007625261707154 0.023471306664144667 
iteration: 613,  #states: 1719, valueb: 0.023471306664144667, activeness: 0.4007625261707154, primalobj: 0.9748092672986074, dualobj: -Inf
solve--
end solve-- RelaxOptimal OPTIMAL
 weights_sum: 1.0000000000000002
itereffortlevel: 0
--separating...
--find a better primal bound 0.15223753718220875 by Alternative descent Eigen
--found a cut state by heuristic 0.15223753718220875 0.008025803229776654 
iteration: 614,  #states: 1720, valueb: 0.008025803229776654, activeness: 0.15223753718220875, primalobj: 0.9747547012680031, dualobj: -Inf
solve--
end solve-- RelaxOptimal OPTIMAL
 weights_sum: 1.0
itereffortlevel: 0
--separating...
--find a better primal bound 0.15916071147245672 by Alternative descent Eigen
--found a cut state by heuristic 0.15916071147245672 0.002529846034133117 
iteration: 615,  #states: 1721, valueb: 0.002529846034133117, activeness: 0.15916071147245672, primalobj: 0.9747324060423818, dualobj: -Inf
solve--
end solve-- RelaxOptimal OPTIMAL
 weights_sum: 0.9999999999999998
itereffortlevel: 0
--separating...
--find a better primal bound 0.29784998895032233 by Alternative descent Eigen
--found a cut state by heuristic 0.29784998895032233 0.010503740129133627 
iteration: 616,  #states: 1722, valueb: 0.010503740129133627, activeness: 0.29784998895032233, primalobj: 0.9747006943414258, dualobj: -Inf
solve--
end solve-- RelaxOptimal OPTIMAL
 weights_sum: 0.9999999999999999
itereffortlevel: 0
--separating...
--find a better primal bound 0.13152766640827554 by Alternative descent Eigen
--found a cut state by heuristic 0.13152766640827554 0.019835566040773623 
iteration: 617,  #states: 1723, valueb: 0.019835566040773623, activeness: 0.13152766640827554, primalobj: 0.9746271300686906, dualobj: -Inf
solve--
end solve-- RelaxOptimal OPTIMAL
 weights_sum: 0.9999999999999987
itereffortlevel: 0
--separating...
--find a better primal bound 0.2569596787107812 by Alternative descent Eigen
--found a cut state by heuristic 0.2569596787107812 0.016924655712854553 
iteration: 618,  #states: 1724, valueb: 0.016924655712854553, activeness: 0.2569596787107812, primalobj: 0.9746129159683816, dualobj: -Inf
solve--
end solve-- RelaxOptimal OPTIMAL
 weights_sum: 1.0000000908649913
itereffortlevel: 0
--separating...
--find a better primal bound 0.13386848521402417 by Alternative descent Eigen
--found a cut state by heuristic 0.13386848521402417 0.017007918404256427 
iteration: 619,  #states: 1725, valueb: 0.017007918404256427, activeness: 0.13386848521402417, primalobj: 0.9745703237493168, dualobj: -Inf
solve--
end solve-- RelaxOptimal OPTIMAL
 weights_sum: 0.9999999999999996
itereffortlevel: 0
--separating...
--find a better primal bound 0.24080737908253885 by Alternative descent Eigen
--found a cut state by heuristic 0.24080737908253885 0.0059557489166076885 
iteration: 620,  #states: 1726, valueb: 0.0059557489166076885, activeness: 0.24080737908253885, primalobj: 0.9745532075516152, dualobj: -Inf
solve--
end solve-- RelaxOptimal OPTIMAL
 weights_sum: 1.0000000000000002
itereffortlevel: 0
--separating...
--find a better primal bound 0.11759828565181592 by Alternative descent Eigen
--found a cut state by heuristic 0.11759828565181592 0.008998137491494824 
iteration: 621,  #states: 1727, valueb: 0.008998137491494824, activeness: 0.11759828565181592, primalobj: 0.9745206437447104, dualobj: -Inf
solve--
end solve-- RelaxOptimal OPTIMAL
 weights_sum: 0.9999999999999998
itereffortlevel: 0
--separating...
--find a better primal bound 0.21595029315020814 by Alternative descent Eigen
--found a cut state by heuristic 0.21595029315020814 0.033601953448748764 
iteration: 622,  #states: 1728, valueb: 0.033601953448748764, activeness: 0.21595029315020814, primalobj: 0.974502157799217, dualobj: -Inf
solve--
end solve-- RelaxOptimal OPTIMAL
 weights_sum: 0.999999999999999
itereffortlevel: 0
--separating...
--find a better primal bound 0.1789446495649754 by Alternative descent Eigen
--found a cut state by heuristic 0.1789446495649754 0.04636816127053184 
iteration: 623,  #states: 1729, valueb: 0.04636816127053184, activeness: 0.1789446495649754, primalobj: 0.9744799014073454, dualobj: -Inf
solve--
end solve-- RelaxOptimal OPTIMAL
 weights_sum: 0.9999999999999992
itereffortlevel: 0
--separating...
--find a better primal bound 0.21310607659896907 by Alternative descent Eigen
--found a cut state by heuristic 0.21310607659896907 0.018457620759267452 
iteration: 624,  #states: 1730, valueb: 0.018457620759267452, activeness: 0.21310607659896907, primalobj: 0.9744591191985508, dualobj: -Inf
solve--
end solve-- RelaxOptimal OPTIMAL
 weights_sum: 1.0000000000000002
itereffortlevel: 0
--separating...
--find a better primal bound 0.19702903721360004 by Alternative descent Eigen
--found a cut state by heuristic 0.19702903721360004 0.028822450493159218 
iteration: 625,  #states: 1731, valueb: 0.028822450493159218, activeness: 0.19702903721360004, primalobj: 0.9744291635895241, dualobj: -Inf
solve--
end solve-- RelaxOptimal OPTIMAL
 weights_sum: 0.9999999999999998
itereffortlevel: 0
--separating...
--find a better primal bound 0.10338070487688061 by Alternative descent Eigen
--found a cut state by heuristic 0.10338070487688061 0.020999503322712977 
iteration: 626,  #states: 1732, valueb: 0.020999503322712977, activeness: 0.10338070487688061, primalobj: 0.974402615654577, dualobj: -Inf
solve--
end solve-- RelaxOptimal OPTIMAL
 weights_sum: 0.9999999999999993
itereffortlevel: 0
--separating...
--find a better primal bound 0.24778916962808198 by Alternative descent Eigen
--found a cut state by heuristic 0.24778916962808198 0.0463793004248942 
iteration: 627,  #states: 1733, valueb: 0.0463793004248942, activeness: 0.24778916962808198, primalobj: 0.9743891699505167, dualobj: -Inf
solve--
end solve-- RelaxOptimal OPTIMAL
 weights_sum: 1.0000000000000002
itereffortlevel: 0
--separating...
--find a better primal bound 0.2539147732082529 by Alternative descent Eigen
--found a cut state by heuristic 0.2539147732082529 0.0584725504762945 
iteration: 628,  #states: 1734, valueb: 0.0584725504762945, activeness: 0.2539147732082529, primalobj: 0.9743611580874849, dualobj: -Inf
solve--
end solve-- RelaxOptimal OPTIMAL
 weights_sum: 0.9999999999999994
itereffortlevel: 0
--separating...
--find a better primal bound 0.1424931789750665 by Alternative descent Eigen
--found a cut state by heuristic 0.1424931789750665 0.024601745641860337 
iteration: 629,  #states: 1735, valueb: 0.024601745641860337, activeness: 0.1424931789750665, primalobj: 0.9743370354917061, dualobj: -Inf
solve--
end solve-- RelaxOptimal OPTIMAL
 weights_sum: 1.0000000000000002
itereffortlevel: 0
--separating...
--find a better primal bound 0.2652316458487963 by Alternative descent Eigen
--found a cut state by heuristic 0.2652316458487963 0.03832076351603134 
iteration: 630,  #states: 1736, valueb: 0.03832076351603134, activeness: 0.2652316458487963, primalobj: 0.9743247038234234, dualobj: -Inf
solve--
end solve-- RelaxOptimal OPTIMAL
 weights_sum: 0.9999999999999989
itereffortlevel: 0
--separating...
--find a better primal bound 0.2046697754524776 by Alternative descent Eigen
--found a cut state by heuristic 0.2046697754524776 0.013346008887432793 
iteration: 631,  #states: 1737, valueb: 0.013346008887432793, activeness: 0.2046697754524776, primalobj: 0.9742740122476999, dualobj: -Inf
solve--
end solve-- RelaxOptimal OPTIMAL
 weights_sum: 1.0000000000000022
itereffortlevel: 0
--separating...
--find a better primal bound 0.1809153698575303 by Alternative descent Eigen
--found a cut state by heuristic 0.1809153698575303 0.029578611703344117 
iteration: 632,  #states: 1738, valueb: 0.029578611703344117, activeness: 0.1809153698575303, primalobj: 0.9742454070571761, dualobj: -Inf
solve--
end solve-- RelaxOptimal OPTIMAL
 weights_sum: 1.0000000000000002
itereffortlevel: 0
--separating...
--find a better primal bound 0.21166699979361198 by Alternative descent Eigen
--found a cut state by heuristic 0.21166699979361198 0.03739134514912693 
iteration: 633,  #states: 1739, valueb: 0.03739134514912693, activeness: 0.21166699979361198, primalobj: 0.974211582239963, dualobj: -Inf
solve--
end solve-- RelaxOptimal OPTIMAL
 weights_sum: 1.000000000000002
itereffortlevel: 0
--separating...
--find a better primal bound 0.19295944631295425 by Alternative descent Eigen
--found a cut state by heuristic 0.19295944631295425 0.03273731458210011 
iteration: 634,  #states: 1740, valueb: 0.03273731458210011, activeness: 0.19295944631295425, primalobj: 0.9741855803933896, dualobj: -Inf
solve--
end solve-- RelaxOptimal OPTIMAL
 weights_sum: 0.9999999999999992
itereffortlevel: 0
--separating...
--find a better primal bound 0.24471241977263813 by Alternative descent Eigen
--found a cut state by heuristic 0.24471241977263813 0.00860374630164002 
iteration: 635,  #states: 1741, valueb: 0.00860374630164002, activeness: 0.24471241977263813, primalobj: 0.9741595583095585, dualobj: -Inf
solve--
end solve-- RelaxOptimal OPTIMAL
 weights_sum: 0.9999999999999991
itereffortlevel: 0
--separating...
--find a better primal bound 0.1868609900115065 by Alternative descent Eigen
--found a cut state by heuristic 0.1868609900115065 0.029063454815589303 
iteration: 636,  #states: 1742, valueb: 0.029063454815589303, activeness: 0.1868609900115065, primalobj: 0.9741272962125019, dualobj: -Inf
solve--
end solve-- RelaxOptimal OPTIMAL
 weights_sum: 0.999999999999998
itereffortlevel: 0
--separating...
--find a better primal bound 0.22997345087998045 by Alternative descent Eigen
--found a cut state by heuristic 0.22997345087998045 0.03525639905477581 
iteration: 637,  #states: 1743, valueb: 0.03525639905477581, activeness: 0.22997345087998045, primalobj: 0.9741120651085796, dualobj: -Inf
solve--
end solve-- RelaxOptimal OPTIMAL
 weights_sum: 1.0000000000000004
itereffortlevel: 0
--separating...
--find a better primal bound 0.18519282064410547 by Alternative descent Eigen
--found a cut state by heuristic 0.18519282064410547 0.030467095904536008 
iteration: 638,  #states: 1744, valueb: 0.030467095904536008, activeness: 0.18519282064410547, primalobj: 0.9740692738484646, dualobj: -Inf
solve--
end solve-- RelaxOptimal OPTIMAL
 weights_sum: 1.0
itereffortlevel: 0
--separating...
--find a better primal bound 0.3427400352543302 by Alternative descent Eigen
--found a cut state by heuristic 0.3427400352543302 0.055788452091464706 
iteration: 639,  #states: 1745, valueb: 0.055788452091464706, activeness: 0.3427400352543302, primalobj: 0.974057493710314, dualobj: -Inf
solve--
end solve-- RelaxOptimal OPTIMAL
 weights_sum: 0.9999999999999998
itereffortlevel: 0
--separating...
--find a better primal bound 0.16919182588533643 by Alternative descent Eigen
--found a cut state by heuristic 0.16919182588533643 0.04494651944473862 
iteration: 640,  #states: 1746, valueb: 0.04494651944473862, activeness: 0.16919182588533643, primalobj: 0.9739923489836314, dualobj: -Inf
solve--
end solve-- RelaxOptimal OPTIMAL
 weights_sum: 1.0000000000000007
itereffortlevel: 0
--separating...
--find a better primal bound 0.21199987588262006 by Alternative descent Eigen
--found a cut state by heuristic 0.21199987588262006 0.07407426339521786 
iteration: 641,  #states: 1747, valueb: 0.07407426339521786, activeness: 0.21199987588262006, primalobj: 0.9739670213875465, dualobj: -Inf
solve--
end solve-- RelaxOptimal OPTIMAL
 weights_sum: 0.9999999999999987
itereffortlevel: 0
--separating...
--find a better primal bound 0.23164186207968618 by Alternative descent Eigen
--found a cut state by heuristic 0.23164186207968618 0.050664158623632646 
iteration: 642,  #states: 1748, valueb: 0.050664158623632646, activeness: 0.23164186207968618, primalobj: 0.97394862261952, dualobj: -Inf
solve--
end solve-- RelaxOptimal OPTIMAL
 weights_sum: 1.0000011486640141
itereffortlevel: 0
--separating...
--find a better primal bound 0.3013964089546832 by Alternative descent Eigen
--found a cut state by heuristic 0.3013964089546832 0.06863395822690767 
iteration: 643,  #states: 1749, valueb: 0.06863395822690767, activeness: 0.3013964089546832, primalobj: 0.9739201031055154, dualobj: -Inf
solve--
end solve-- RelaxOptimal OPTIMAL
 weights_sum: 0.9999999999999996
itereffortlevel: 0
--separating...
--find a better primal bound 0.22356191323805405 by Alternative descent Eigen
--found a cut state by heuristic 0.22356191323805405 0.045712814941945144 
iteration: 644,  #states: 1750, valueb: 0.045712814941945144, activeness: 0.22356191323805405, primalobj: 0.9738687628470878, dualobj: -Inf
solve--
end solve-- RelaxOptimal OPTIMAL
 weights_sum: 1.0000000000000004
itereffortlevel: 0
--separating...
--find a better primal bound 0.20970820128535747 by Alternative descent Eigen
--found a cut state by heuristic 0.20970820128535747 0.0397330382065458 
iteration: 645,  #states: 1751, valueb: 0.0397330382065458, activeness: 0.20970820128535747, primalobj: 0.9738569290208344, dualobj: -Inf
solve--
end solve-- RelaxOptimal OPTIMAL
 weights_sum: 0.9999999999999998
itereffortlevel: 0
--separating...
--find a better primal bound 0.2377868426772296 by Alternative descent Eigen
--found a cut state by heuristic 0.2377868426772296 0.06197050009965586 
iteration: 646,  #states: 1752, valueb: 0.06197050009965586, activeness: 0.2377868426772296, primalobj: 0.9738342183073116, dualobj: -Inf
solve--
end solve-- RelaxOptimal OPTIMAL
 weights_sum: 1.0000000000000004
itereffortlevel: 0
--separating...
--find a better primal bound 0.25397077437893023 by Alternative descent Eigen
--found a cut state by heuristic 0.25397077437893023 0.060363108695349846 
iteration: 647,  #states: 1753, valueb: 0.060363108695349846, activeness: 0.25397077437893023, primalobj: 0.9738193858715464, dualobj: -Inf
solve--
end solve-- RelaxOptimal OPTIMAL
 weights_sum: 0.9999999999999984
itereffortlevel: 0
--separating...
--find a better primal bound 0.23390215298814626 by Alternative descent Eigen
--found a cut state by heuristic 0.23390215298814626 0.06964224351498091 
iteration: 648,  #states: 1754, valueb: 0.06964224351498091, activeness: 0.23390215298814626, primalobj: 0.9737913200702225, dualobj: -Inf
solve--
end solve-- RelaxOptimal OPTIMAL
 weights_sum: 1.0000000000000018
itereffortlevel: 0
--separating...
--find a better primal bound 0.21777511848078454 by Alternative descent Eigen
--found a cut state by heuristic 0.21777511848078454 0.047006494709640995 
iteration: 649,  #states: 1755, valueb: 0.047006494709640995, activeness: 0.21777511848078454, primalobj: 0.9737623226175327, dualobj: -Inf
solve--
end solve-- RelaxOptimal OPTIMAL
 weights_sum: 0.9999999999999994
itereffortlevel: 0
--separating...
--find a better primal bound 0.1841438675122704 by Alternative descent Eigen
--found a cut state by heuristic 0.1841438675122704 0.037277296636423714 
iteration: 650,  #states: 1756, valueb: 0.037277296636423714, activeness: 0.1841438675122704, primalobj: 0.9737357897832669, dualobj: -Inf
solve--
end solve-- RelaxOptimal OPTIMAL
 weights_sum: 1.0000001090981467
itereffortlevel: 0
--separating...
--find a better primal bound 0.2325159038639501 by Alternative descent Eigen
--found a cut state by heuristic 0.2325159038639501 0.06489536717109719 
iteration: 651,  #states: 1757, valueb: 0.06489536717109719, activeness: 0.2325159038639501, primalobj: 0.9737173389292658, dualobj: -Inf
solve--
end solve-- RelaxOptimal OPTIMAL
 weights_sum: 1.0000000000000009
itereffortlevel: 0
--separating...
--find a better primal bound 0.23409418170842863 by Alternative descent Eigen
--found a cut state by heuristic 0.23409418170842863 0.06000225787461286 
iteration: 652,  #states: 1758, valueb: 0.06000225787461286, activeness: 0.23409418170842863, primalobj: 0.9736875968113127, dualobj: -Inf
solve--
end solve-- RelaxOptimal OPTIMAL
 weights_sum: 0.9999999999999991
itereffortlevel: 0
--separating...
--find a better primal bound 0.1821338978462763 by Alternative descent Eigen
--found a cut state by heuristic 0.1821338978462763 0.043865857702934025 
iteration: 653,  #states: 1759, valueb: 0.043865857702934025, activeness: 0.1821338978462763, primalobj: 0.9736516369053032, dualobj: -Inf
solve--
end solve-- RelaxOptimal OPTIMAL
 weights_sum: 1.0000000000000002
itereffortlevel: 0
--separating...
--find a better primal bound 0.19361014471307525 by Alternative descent Eigen
--found a cut state by heuristic 0.19361014471307525 0.01961150837625591 
iteration: 654,  #states: 1760, valueb: 0.01961150837625591, activeness: 0.19361014471307525, primalobj: 0.9736312091064848, dualobj: -Inf
solve--
end solve-- RelaxOptimal OPTIMAL
 weights_sum: 1.0000000000000004
itereffortlevel: 0
--separating...
--find a better primal bound 0.17594087473087267 by Alternative descent Eigen
--found a cut state by heuristic 0.17594087473087267 0.050981160983552744 
iteration: 655,  #states: 1761, valueb: 0.050981160983552744, activeness: 0.17594087473087267, primalobj: 0.973599963623629, dualobj: -Inf
solve--
end solve-- RelaxOptimal OPTIMAL
 weights_sum: 1.000000316536634
itereffortlevel: 0
--separating...
--find a better primal bound 0.24348239328904905 by Alternative descent Eigen
--found a cut state by heuristic 0.24348239328904905 0.04349551609312271 
iteration: 656,  #states: 1762, valueb: 0.04349551609312271, activeness: 0.24348239328904905, primalobj: 0.9735833685214129, dualobj: -Inf
solve--
end solve-- RelaxOptimal OPTIMAL
 weights_sum: 1.0000002507391395
itereffortlevel: 0
--separating...
--find a better primal bound 0.15586794801803272 by Alternative descent Eigen
--found a cut state by heuristic 0.15586794801803272 0.013742044954994403 
iteration: 657,  #states: 1763, valueb: 0.013742044954994403, activeness: 0.15586794801803272, primalobj: 0.9735509326508289, dualobj: -Inf
solve--
end solve-- RelaxOptimal OPTIMAL
 weights_sum: 1.0000000000000018
itereffortlevel: 0
--separating...
--find a better primal bound 0.2017974928796193 by Alternative descent Eigen
--found a cut state by heuristic 0.2017974928796193 0.028903325216572996 
iteration: 658,  #states: 1764, valueb: 0.028903325216572996, activeness: 0.2017974928796193, primalobj: 0.9735226358703033, dualobj: -Inf
solve--
end solve-- RelaxOptimal OPTIMAL
 weights_sum: 0.9999999999999989
itereffortlevel: 0
--separating...
--find a better primal bound 0.11943728928432401 by Alternative descent Eigen
--found a cut state by heuristic 0.11943728928432401 0.015643225251154635 
iteration: 659,  #states: 1765, valueb: 0.015643225251154635, activeness: 0.11943728928432401, primalobj: 0.9734815169284725, dualobj: -Inf
solve--
end solve-- RelaxOptimal OPTIMAL
 weights_sum: 1.0000000493803085
itereffortlevel: 0
--separating...
--find a better primal bound 0.1822822409185551 by Alternative descent Eigen
--found a cut state by heuristic 0.1822822409185551 0.032088046816865175 
iteration: 660,  #states: 1766, valueb: 0.032088046816865175, activeness: 0.1822822409185551, primalobj: 0.9734667220736093, dualobj: -Inf
solve--
end solve-- RelaxOptimal OPTIMAL
 weights_sum: 1.000000000000001
itereffortlevel: 0
--separating...
--find a better primal bound 0.18234231485354607 by Alternative descent Eigen
--found a cut state by heuristic 0.18234231485354607 0.026158836423968684 
iteration: 661,  #states: 1767, valueb: 0.026158836423968684, activeness: 0.18234231485354607, primalobj: 0.9734480016776064, dualobj: -Inf
solve--
end solve-- RelaxOptimal OPTIMAL
 weights_sum: 0.9999999999999998
itereffortlevel: 0
--separating...
--find a better primal bound 0.16627963409131696 by Alternative descent Eigen
--found a cut state by heuristic 0.16627963409131696 0.025163535900368454 
iteration: 662,  #states: 1768, valueb: 0.025163535900368454, activeness: 0.16627963409131696, primalobj: 0.9734336588637792, dualobj: -Inf
solve--
end solve-- RelaxOptimal OPTIMAL
 weights_sum: 1.0000000000000004
itereffortlevel: 0
--separating...
--find a better primal bound 0.2112080180105191 by Alternative descent Eigen
--found a cut state by heuristic 0.2112080180105191 0.027657200138176442 
iteration: 663,  #states: 1769, valueb: 0.027657200138176442, activeness: 0.2112080180105191, primalobj: 0.9734005179066041, dualobj: -Inf
solve--
end solve-- RelaxOptimal OPTIMAL
 weights_sum: 1.0
itereffortlevel: 0
--separating...
--find a better primal bound 0.17112133790904288 by Alternative descent Eigen
--found a cut state by heuristic 0.17112133790904288 0.045212702998034114 
iteration: 664,  #states: 1770, valueb: 0.045212702998034114, activeness: 0.17112133790904288, primalobj: 0.9733630499546625, dualobj: -Inf
solve--
end solve-- RelaxOptimal OPTIMAL
 weights_sum: 1.0000000000000004
itereffortlevel: 0
--separating...
--find a better primal bound 0.20395666143904212 by Alternative descent Eigen
--found a cut state by heuristic 0.20395666143904212 0.05939632775922946 
iteration: 665,  #states: 1771, valueb: 0.05939632775922946, activeness: 0.20395666143904212, primalobj: 0.9733356840484817, dualobj: -Inf
solve--
end solve-- RelaxOptimal OPTIMAL
 weights_sum: 1.0
itereffortlevel: 0
--separating...
--find a better primal bound 0.2179274734318078 by Alternative descent Eigen
--found a cut state by heuristic 0.2179274734318078 0.051310156247473905 
iteration: 666,  #states: 1772, valueb: 0.051310156247473905, activeness: 0.2179274734318078, primalobj: 0.9733017513207733, dualobj: -Inf
solve--
end solve-- RelaxOptimal OPTIMAL
 weights_sum: 1.0000004322139922
itereffortlevel: 0
--separating...
--find a better primal bound 0.2592616980748816 by Alternative descent Eigen
--found a cut state by heuristic 0.2592616980748816 0.08403977454088198 
iteration: 667,  #states: 1773, valueb: 0.08403977454088198, activeness: 0.2592616980748816, primalobj: 0.9732802541735086, dualobj: -Inf
solve--
end solve-- RelaxOptimal OPTIMAL
 weights_sum: 1.0000000000000007
itereffortlevel: 0
--separating...
--find a better primal bound 0.17120801184772538 by Alternative descent Eigen
--found a cut state by heuristic 0.17120801184772538 0.05402286773426801 
iteration: 668,  #states: 1774, valueb: 0.05402286773426801, activeness: 0.17120801184772538, primalobj: 0.9732449876302854, dualobj: -Inf
solve--
end solve-- RelaxOptimal OPTIMAL
 weights_sum: 1.0000000000000004
itereffortlevel: 0
--separating...
--find a better primal bound 0.26686655673114346 by Alternative descent Eigen
--found a cut state by heuristic 0.26686655673114346 0.052109212738976333 
iteration: 669,  #states: 1775, valueb: 0.052109212738976333, activeness: 0.26686655673114346, primalobj: 0.9732307794037173, dualobj: -Inf
solve--
end solve-- RelaxOptimal OPTIMAL
 weights_sum: 0.9999999999999998
itereffortlevel: 0
--separating...
--find a better primal bound 0.13061409193814982 by Alternative descent Eigen
--found a cut state by heuristic 0.13061409193814982 0.04867675056444817 
iteration: 670,  #states: 1776, valueb: 0.04867675056444817, activeness: 0.13061409193814982, primalobj: 0.9731940381794705, dualobj: -Inf
solve--
end solve-- RelaxOptimal OPTIMAL
 weights_sum: 0.9999999999999992
itereffortlevel: 0
--separating...
--find a better primal bound 0.24541259251901004 by Alternative descent Eigen
--found a cut state by heuristic 0.24541259251901004 0.06215230419357074 
iteration: 671,  #states: 1777, valueb: 0.06215230419357074, activeness: 0.24541259251901004, primalobj: 0.973175513253797, dualobj: -Inf
solve--
end solve-- RelaxOptimal OPTIMAL
 weights_sum: 0.9999999999999987
itereffortlevel: 0
--separating...
--find a better primal bound 0.19386793619427278 by Alternative descent Eigen
--found a cut state by heuristic 0.19386793619427278 0.06141655865082774 
iteration: 672,  #states: 1778, valueb: 0.06141655865082774, activeness: 0.19386793619427278, primalobj: 0.9731539053885254, dualobj: -Inf
solve--
end solve-- RelaxOptimal OPTIMAL
 weights_sum: 1.0
itereffortlevel: 0
--separating...
--find a better primal bound 0.20088456715439895 by Alternative descent Eigen
--found a cut state by heuristic 0.20088456715439895 0.06084823088045928 
iteration: 673,  #states: 1779, valueb: 0.06084823088045928, activeness: 0.20088456715439895, primalobj: 0.9731321707505128, dualobj: -Inf
solve--
end solve-- RelaxOptimal OPTIMAL
 weights_sum: 1.0
itereffortlevel: 0
--separating...
--find a better primal bound 0.1422284075598091 by Alternative descent Eigen
--found a cut state by heuristic 0.1422284075598091 0.0069332695143355435 
iteration: 674,  #states: 1780, valueb: 0.0069332695143355435, activeness: 0.1422284075598091, primalobj: 0.9731085150627485, dualobj: -Inf
solve--
end solve-- RelaxOptimal OPTIMAL
 weights_sum: 1.0000000000000002
itereffortlevel: 0
--separating...
--find a better primal bound 0.1771155710287555 by Alternative descent Eigen
--found a cut state by heuristic 0.1771155710287555 0.017204811673464368 
iteration: 675,  #states: 1781, valueb: 0.017204811673464368, activeness: 0.1771155710287555, primalobj: 0.9730881344980497, dualobj: -Inf
solve--
end solve-- RelaxOptimal OPTIMAL
 weights_sum: 1.0
itereffortlevel: 0
--separating...
--find a better primal bound 0.2104222655658447 by Alternative descent Eigen
--found a cut state by heuristic 0.2104222655658447 0.011997953564901248 
iteration: 676,  #states: 1782, valueb: 0.011997953564901248, activeness: 0.2104222655658447, primalobj: 0.9730636921076494, dualobj: -Inf
solve--
end solve-- RelaxOptimal OPTIMAL
 weights_sum: 1.0000000000000004
itereffortlevel: 0
--separating...
--find a better primal bound 0.20890064378001388 by Alternative descent Eigen
--found a cut state by heuristic 0.20890064378001388 0.08486795747227144 
iteration: 677,  #states: 1783, valueb: 0.08486795747227144, activeness: 0.20890064378001388, primalobj: 0.9730381301032276, dualobj: -Inf
solve--
end solve-- RelaxOptimal OPTIMAL
 weights_sum: 1.0000000852683573
itereffortlevel: 0
--separating...
--find a better primal bound 0.17176361980019805 by Alternative descent Eigen
--found a cut state by heuristic 0.17176361980019805 0.0035009950580971666 
iteration: 678,  #states: 1784, valueb: 0.0035009950580971666, activeness: 0.17176361980019805, primalobj: 0.9730119730314304, dualobj: -Inf
solve--
end solve-- RelaxOptimal OPTIMAL
 weights_sum: 0.9999999999999998
itereffortlevel: 0
--separating...
--find a better primal bound 0.18653411209204737 by Alternative descent Eigen
--found a cut state by heuristic 0.18653411209204737 0.003825926519933437 
iteration: 679,  #states: 1785, valueb: 0.003825926519933437, activeness: 0.18653411209204737, primalobj: 0.9729631591631562, dualobj: -Inf
solve--
end solve-- RelaxOptimal OPTIMAL
 weights_sum: 1.0000000001835345
itereffortlevel: 0
--separating...
--find a better primal bound 0.1349372941544102 by Alternative descent Eigen
--found a cut state by heuristic 0.1349372941544102 0.006839914481387342 
iteration: 680,  #states: 1786, valueb: 0.006839914481387342, activeness: 0.1349372941544102, primalobj: 0.9729185606423991, dualobj: -Inf
solve--
end solve-- RelaxOptimal OPTIMAL
 weights_sum: 0.9999999999999998
itereffortlevel: 0
--separating...
--find a better primal bound 0.18150429703045795 by Alternative descent Eigen
--found a cut state by heuristic 0.18150429703045795 0.06959291601130145 
iteration: 681,  #states: 1787, valueb: 0.06959291601130145, activeness: 0.18150429703045795, primalobj: 0.9728993844178461, dualobj: -Inf
solve--
end solve-- RelaxOptimal OPTIMAL
 weights_sum: 1.0
itereffortlevel: 0
--separating...
--find a better primal bound 0.2033961843877976 by Alternative descent Eigen
--found a cut state by heuristic 0.2033961843877976 0.07003331280259059 
iteration: 682,  #states: 1788, valueb: 0.07003331280259059, activeness: 0.2033961843877976, primalobj: 0.9728831057301531, dualobj: -Inf
solve--
end solve-- RelaxOptimal OPTIMAL
 weights_sum: 1.0000000148221742
itereffortlevel: 0
--separating...
--find a better primal bound 0.19865807688328255 by Alternative descent Eigen
--found a cut state by heuristic 0.19865807688328255 0.10528897289698126 
iteration: 683,  #states: 1789, valueb: 0.10528897289698126, activeness: 0.19865807688328255, primalobj: 0.9728695319589009, dualobj: -Inf
solve--
end solve-- RelaxOptimal OPTIMAL
 weights_sum: 0.9999999999999998
itereffortlevel: 0
--separating...
--find a better primal bound 0.21614322748050435 by Alternative descent Eigen
--found a cut state by heuristic 0.21614322748050435 0.08687466155326275 
iteration: 684,  #states: 1790, valueb: 0.08687466155326275, activeness: 0.21614322748050435, primalobj: 0.9728609502047166, dualobj: -Inf
solve--
end solve-- RelaxOptimal OPTIMAL
 weights_sum: 0.9999999999999998
itereffortlevel: 0
--separating...
--find a better primal bound 0.3299797815119553 by Alternative descent Eigen
--found a cut state by heuristic 0.3299797815119553 0.09456215197102262 
iteration: 685,  #states: 1791, valueb: 0.09456215197102262, activeness: 0.3299797815119553, primalobj: 0.9728367408867844, dualobj: -Inf
solve--
end solve-- RelaxOptimal OPTIMAL
 weights_sum: 1.0000000000000002
itereffortlevel: 0
--separating...
--find a better primal bound 0.3342589850908876 by Alternative descent Eigen
--found a cut state by heuristic 0.3342589850908876 0.12372331705172253 
iteration: 686,  #states: 1792, valueb: 0.12372331705172253, activeness: 0.3342589850908876, primalobj: 0.9728089092220469, dualobj: -Inf
solve--
end solve-- RelaxOptimal OPTIMAL
 weights_sum: 0.9999999999999989
itereffortlevel: 0
--separating...
--find a better primal bound 0.29771270315010656 by Alternative descent Eigen
--found a cut state by heuristic 0.29771270315010656 0.1159343999749452 
iteration: 687,  #states: 1793, valueb: 0.1159343999749452, activeness: 0.29771270315010656, primalobj: 0.972781151572579, dualobj: -Inf
solve--
end solve-- RelaxOptimal OPTIMAL
 weights_sum: 0.9999999999999989
itereffortlevel: 0
--separating...
--find a better primal bound 0.21237032170296175 by Alternative descent Eigen
--found a cut state by heuristic 0.21237032170296175 0.05530239620870851 
iteration: 688,  #states: 1794, valueb: 0.05530239620870851, activeness: 0.21237032170296175, primalobj: 0.9727390447694322, dualobj: -Inf
solve--
end solve-- RelaxOptimal OPTIMAL
 weights_sum: 0.9999999999999994
itereffortlevel: 0
--separating...
--find a better primal bound 0.23156167919547171 by Alternative descent Eigen
--found a cut state by heuristic 0.23156167919547171 0.07748570633307938 
iteration: 689,  #states: 1795, valueb: 0.07748570633307938, activeness: 0.23156167919547171, primalobj: 0.972725855857663, dualobj: -Inf
solve--
end solve-- RelaxOptimal OPTIMAL
 weights_sum: 0.9999999999999998
itereffortlevel: 0
--separating...
--find a better primal bound 0.18308028280697058 by Alternative descent Eigen
--found a cut state by heuristic 0.18308028280697058 0.07941845318575677 
iteration: 690,  #states: 1796, valueb: 0.07941845318575677, activeness: 0.18308028280697058, primalobj: 0.9726992768357308, dualobj: -Inf
solve--
end solve-- RelaxOptimal OPTIMAL
 weights_sum: 1.0000000000000009
itereffortlevel: 0
--separating...
--find a better primal bound 0.20662037475116696 by Alternative descent Eigen
--found a cut state by heuristic 0.20662037475116696 0.07362675304852025 
iteration: 691,  #states: 1797, valueb: 0.07362675304852025, activeness: 0.20662037475116696, primalobj: 0.9726877590075874, dualobj: -Inf
solve--
end solve-- RelaxOptimal OPTIMAL
 weights_sum: 1.0000000000000002
itereffortlevel: 0
--separating...
--find a better primal bound 0.18439173293026226 by Alternative descent Eigen
--found a cut state by heuristic 0.18439173293026226 0.10715472921602756 
iteration: 692,  #states: 1798, valueb: 0.10715472921602756, activeness: 0.18439173293026226, primalobj: 0.9726704269137829, dualobj: -Inf
solve--
end solve-- RelaxOptimal OPTIMAL
 weights_sum: 1.0000000000000009
itereffortlevel: 0
--separating...
--find a better primal bound 0.2115890122197089 by Alternative descent Eigen
--found a cut state by heuristic 0.2115890122197089 0.002706962241685969 
iteration: 693,  #states: 1799, valueb: 0.002706962241685969, activeness: 0.2115890122197089, primalobj: 0.9726619855001758, dualobj: -Inf
solve--
end solve-- RelaxOptimal OPTIMAL
 weights_sum: 1.0000012975255879
itereffortlevel: 0
--separating...
--find a better primal bound 0.2481231833027162 by Alternative descent Eigen
--found a cut state by heuristic 0.2481231833027162 0.08265816894632848 
iteration: 694,  #states: 1800, valueb: 0.08265816894632848, activeness: 0.2481231833027162, primalobj: 0.9726337910694983, dualobj: -Inf
solve--
end solve-- RelaxOptimal OPTIMAL
 weights_sum: 1.0000000000000002
itereffortlevel: 0
--separating...
--find a better primal bound 0.23073983338086818 by Alternative descent Eigen
--found a cut state by heuristic 0.23073983338086818 0.08288649369716125 
iteration: 695,  #states: 1801, valueb: 0.08288649369716125, activeness: 0.23073983338086818, primalobj: 0.9725969984562549, dualobj: -Inf
solve--
end solve-- RelaxOptimal OPTIMAL
 weights_sum: 1.0000000000000009
itereffortlevel: 0
--separating...
--find a better primal bound 0.20470049059155343 by Alternative descent Eigen
--found a cut state by heuristic 0.20470049059155343 0.062268990704537716 
iteration: 696,  #states: 1802, valueb: 0.062268990704537716, activeness: 0.20470049059155343, primalobj: 0.9725710475834334, dualobj: -Inf
solve--
end solve-- RelaxOptimal OPTIMAL
 weights_sum: 1.000001888405684
itereffortlevel: 0
--separating...
--find a better primal bound 0.25776178687458706 by Alternative descent Eigen
--found a cut state by heuristic 0.25776178687458706 0.06963801119374251 
iteration: 697,  #states: 1803, valueb: 0.06963801119374251, activeness: 0.25776178687458706, primalobj: 0.9725555004367049, dualobj: -Inf
solve--
end solve-- RelaxOptimal OPTIMAL
 weights_sum: 1.0000000000000004
itereffortlevel: 0
--separating...
--find a better primal bound 0.13270138876419577 by Alternative descent Eigen
--found a cut state by heuristic 0.13270138876419577 0.055113184946138816 
iteration: 698,  #states: 1804, valueb: 0.055113184946138816, activeness: 0.13270138876419577, primalobj: 0.9725126242879772, dualobj: -Inf
solve--
end solve-- RelaxOptimal OPTIMAL
 weights_sum: 0.999999999999999
itereffortlevel: 0
--separating...
--find a better primal bound 0.24326085807050557 by Alternative descent Eigen
--found a cut state by heuristic 0.24326085807050557 0.07503195786050162 
iteration: 699,  #states: 1805, valueb: 0.07503195786050162, activeness: 0.24326085807050557, primalobj: 0.9724972354488521, dualobj: -Inf
solve--
end solve-- RelaxOptimal OPTIMAL
 weights_sum: 1.0000000000000002
itereffortlevel: 0
--separating...
--find a better primal bound 0.23613324802151991 by Alternative descent Eigen
--found a cut state by heuristic 0.23613324802151991 0.07894600862582962 
iteration: 700,  #states: 1806, valueb: 0.07894600862582962, activeness: 0.23613324802151991, primalobj: 0.9724762409119375, dualobj: -Inf
solve--
end solve-- RelaxOptimal OPTIMAL
 weights_sum: 1.0000000000000013
itereffortlevel: 0
--separating...
--find a better primal bound 0.21788792391664263 by Alternative descent Eigen
--found a cut state by heuristic 0.21788792391664263 0.058599357391798695 
iteration: 701,  #states: 1807, valueb: 0.058599357391798695, activeness: 0.21788792391664263, primalobj: 0.9724471826731702, dualobj: -Inf
solve--
end solve-- RelaxOptimal OPTIMAL
 weights_sum: 1.0000000000000002
itereffortlevel: 0
--separating...
--find a better primal bound 0.22713657650766156 by Alternative descent Eigen
--found a cut state by heuristic 0.22713657650766156 0.066212549006293 
iteration: 702,  #states: 1808, valueb: 0.066212549006293, activeness: 0.22713657650766156, primalobj: 0.9723920358129957, dualobj: -Inf
solve--
end solve-- RelaxOptimal OPTIMAL
 weights_sum: 0.9999999999999987
itereffortlevel: 0
--separating...
--find a better primal bound 0.19543833299675406 by Alternative descent Eigen
--found a cut state by heuristic 0.19543833299675406 0.05613802655328784 
iteration: 703,  #states: 1809, valueb: 0.05613802655328784, activeness: 0.19543833299675406, primalobj: 0.9723681624720694, dualobj: -Inf
solve--
end solve-- RelaxOptimal OPTIMAL
 weights_sum: 1.0000000000000002
itereffortlevel: 0
--separating...
--find a better primal bound 0.2229757757651406 by Alternative descent Eigen
--found a cut state by heuristic 0.2229757757651406 0.09026717298269929 
iteration: 704,  #states: 1810, valueb: 0.09026717298269929, activeness: 0.2229757757651406, primalobj: 0.9723474903627027, dualobj: -Inf
solve--
end solve-- RelaxOptimal OPTIMAL
 weights_sum: 1.0000000022187492
itereffortlevel: 0
--separating...
--find a better primal bound 0.21663421451419598 by Alternative descent Eigen
--found a cut state by heuristic 0.21663421451419598 0.059885435492543576 
iteration: 705,  #states: 1811, valueb: 0.059885435492543576, activeness: 0.21663421451419598, primalobj: 0.9723262357527312, dualobj: -Inf
solve--
end solve-- RelaxOptimal OPTIMAL
 weights_sum: 1.0000000000000018
itereffortlevel: 0
--separating...
--find a better primal bound 0.17348018215046324 by Alternative descent Eigen
--found a cut state by heuristic 0.17348018215046324 0.04661936973277954 
iteration: 706,  #states: 1812, valueb: 0.04661936973277954, activeness: 0.17348018215046324, primalobj: 0.9722868126972148, dualobj: -Inf
solve--
end solve-- RelaxOptimal OPTIMAL
 weights_sum: 1.0000000000000009
itereffortlevel: 0
--separating...
--find a better primal bound 0.16524103264428608 by Alternative descent Eigen
--found a cut state by heuristic 0.16524103264428608 0.03656998876931414 
iteration: 707,  #states: 1813, valueb: 0.03656998876931414, activeness: 0.16524103264428608, primalobj: 0.9722517309709017, dualobj: -Inf
solve--
end solve-- RelaxOptimal OPTIMAL
 weights_sum: 0.9999999999999991
itereffortlevel: 0
--separating...
--find a better primal bound 0.13684470665538753 by Alternative descent Eigen
--found a cut state by heuristic 0.13684470665538753 0.03864717718633517 
iteration: 708,  #states: 1814, valueb: 0.03864717718633517, activeness: 0.13684470665538753, primalobj: 0.9722378770657156, dualobj: -Inf
solve--
end solve-- RelaxOptimal OPTIMAL
 weights_sum: 0.9999999999999984
itereffortlevel: 0
--separating...
--find a better primal bound 0.24470507806872877 by Alternative descent Eigen
--found a cut state by heuristic 0.24470507806872877 0.0814981160771776 
iteration: 709,  #states: 1815, valueb: 0.0814981160771776, activeness: 0.24470507806872877, primalobj: 0.9722271197435625, dualobj: -Inf
solve--
end solve-- RelaxOptimal OPTIMAL
 weights_sum: 0.9999999999999996
itereffortlevel: 0
--separating...
--find a better primal bound 0.2588034088205599 by Alternative descent Eigen
--found a cut state by heuristic 0.2588034088205599 0.1045872505434709 
iteration: 710,  #states: 1816, valueb: 0.1045872505434709, activeness: 0.2588034088205599, primalobj: 0.9722067795283873, dualobj: -Inf
solve--
end solve-- RelaxOptimal OPTIMAL
 weights_sum: 0.9999999999999999
itereffortlevel: 0
--separating...
--find a better primal bound 0.20822172665714272 by Alternative descent Eigen
--found a cut state by heuristic 0.20822172665714272 0.07464442372999985 
iteration: 711,  #states: 1817, valueb: 0.07464442372999985, activeness: 0.20822172665714272, primalobj: 0.9721746531545601, dualobj: -Inf
solve--
end solve-- RelaxOptimal OPTIMAL
 weights_sum: 1.0000001378121204
itereffortlevel: 0
--separating...
--find a better primal bound 0.2820677023799419 by Alternative descent Eigen
--found a cut state by heuristic 0.2820677023799419 0.07483355845684257 
iteration: 712,  #states: 1818, valueb: 0.07483355845684257, activeness: 0.2820677023799419, primalobj: 0.9721616584959765, dualobj: -Inf
solve--
end solve-- RelaxOptimal OPTIMAL
 weights_sum: 1.0000000000000009
itereffortlevel: 0
--separating...
--find a better primal bound 0.15505860793976778 by Alternative descent Eigen
--found a cut state by heuristic 0.15505860793976778 0.04625363192104886 
iteration: 713,  #states: 1819, valueb: 0.04625363192104886, activeness: 0.15505860793976778, primalobj: 0.9721333078507396, dualobj: -Inf
solve--
end solve-- RelaxOptimal OPTIMAL
 weights_sum: 1.0000036154188754
itereffortlevel: 0
--separating...
--find a better primal bound 0.13541777960239487 by Alternative descent Eigen
--found a cut state by heuristic 0.13541777960239487 0.05619974467562077 
iteration: 714,  #states: 1820, valueb: 0.05619974467562077, activeness: 0.13541777960239487, primalobj: 0.972122488917154, dualobj: -Inf
solve--
end solve-- RelaxOptimal OPTIMAL
 weights_sum: 1.0000000000000004
itereffortlevel: 0
--separating...
--find a better primal bound 0.3009009552740386 by Alternative descent Eigen
--found a cut state by heuristic 0.3009009552740386 0.05497447977957862 
iteration: 715,  #states: 1821, valueb: 0.05497447977957862, activeness: 0.3009009552740386, primalobj: 0.9721129910648755, dualobj: -Inf
solve--
end solve-- RelaxOptimal OPTIMAL
 weights_sum: 1.0000018950769856
itereffortlevel: 0
--separating...
--find a better primal bound 0.12551842833971838 by Alternative descent Eigen
--found a cut state by heuristic 0.12551842833971838 0.027597272665486932 
iteration: 716,  #states: 1822, valueb: 0.027597272665486932, activeness: 0.12551842833971838, primalobj: 0.9720806116592657, dualobj: -Inf
solve--
end solve-- RelaxOptimal OPTIMAL
 weights_sum: 0.9999999999999999
itereffortlevel: 0
--separating...
--find a better primal bound 0.20352241342729635 by Alternative descent Eigen
--found a cut state by heuristic 0.20352241342729635 0.05767628033313969 
iteration: 717,  #states: 1823, valueb: 0.05767628033313969, activeness: 0.20352241342729635, primalobj: 0.9720651309433425, dualobj: -Inf
solve--
end solve-- RelaxOptimal OPTIMAL
 weights_sum: 1.0000000000000004
itereffortlevel: 0
--separating...
--find a better primal bound 0.19450858806617463 by Alternative descent Eigen
--found a cut state by heuristic 0.19450858806617463 0.058117554226303075 
iteration: 718,  #states: 1824, valueb: 0.058117554226303075, activeness: 0.19450858806617463, primalobj: 0.9720412228999534, dualobj: -Inf
solve--
end solve-- RelaxOptimal OPTIMAL
 weights_sum: 0.9999999999999998
itereffortlevel: 0
--separating...
--find a better primal bound 0.2823238735492574 by Alternative descent Eigen
--found a cut state by heuristic 0.2823238735492574 0.10275991606508882 
iteration: 719,  #states: 1825, valueb: 0.10275991606508882, activeness: 0.2823238735492574, primalobj: 0.9720271379712767, dualobj: -Inf
solve--
end solve-- RelaxOptimal OPTIMAL
 weights_sum: 1.0000030452593127
itereffortlevel: 0
--separating...
--find a better primal bound 0.18467024898993634 by Alternative descent Eigen
--found a cut state by heuristic 0.18467024898993634 0.08764764529445906 
iteration: 720,  #states: 1826, valueb: 0.08764764529445906, activeness: 0.18467024898993634, primalobj: 0.9719957824928884, dualobj: -Inf
solve--
end solve-- RelaxOptimal OPTIMAL
 weights_sum: 1.0000000000000002
itereffortlevel: 0
--separating...
--find a better primal bound 0.1581140619491036 by Alternative descent Eigen
--found a cut state by heuristic 0.1581140619491036 0.08479611023696011 
iteration: 721,  #states: 1827, valueb: 0.08479611023696011, activeness: 0.1581140619491036, primalobj: 0.9719842631901164, dualobj: -Inf
solve--
end solve-- RelaxOptimal OPTIMAL
 weights_sum: 1.0
itereffortlevel: 0
--separating...
--find a better primal bound 0.23352494984736588 by Alternative descent Eigen
--found a cut state by heuristic 0.23352494984736588 0.06286532384967028 
iteration: 722,  #states: 1828, valueb: 0.06286532384967028, activeness: 0.23352494984736588, primalobj: 0.9719614699051746, dualobj: -Inf
solve--
end solve-- RelaxOptimal OPTIMAL
 weights_sum: 0.9999999999999997
itereffortlevel: 0
--separating...
--find a better primal bound 0.32873204570417697 by Alternative descent Eigen
--found a cut state by heuristic 0.32873204570417697 0.09533580062986456 
iteration: 723,  #states: 1829, valueb: 0.09533580062986456, activeness: 0.32873204570417697, primalobj: 0.971935797367526, dualobj: -Inf
solve--
end solve-- RelaxOptimal OPTIMAL
 weights_sum: 1.0
itereffortlevel: 0
--separating...
--find a better primal bound 0.2916836385028206 by Alternative descent Eigen
--found a cut state by heuristic 0.2916836385028206 0.10484142222134046 
iteration: 724,  #states: 1830, valueb: 0.10484142222134046, activeness: 0.2916836385028206, primalobj: 0.9718652675391355, dualobj: -Inf
solve--
end solve-- RelaxOptimal OPTIMAL
 weights_sum: 1.0000000000000004
itereffortlevel: 0
--separating...
--find a better primal bound 0.23893840734355176 by Alternative descent Eigen
--found a cut state by heuristic 0.23893840734355176 0.09844370269168752 
iteration: 725,  #states: 1831, valueb: 0.09844370269168752, activeness: 0.23893840734355176, primalobj: 0.9718301383216253, dualobj: -Inf
solve--
end solve-- RelaxOptimal OPTIMAL
 weights_sum: 0.9999999999999993
itereffortlevel: 0
--separating...
--find a better primal bound 0.19677448417286977 by Alternative descent Eigen
--found a cut state by heuristic 0.19677448417286977 0.08672696808774581 
iteration: 726,  #states: 1832, valueb: 0.08672696808774581, activeness: 0.19677448417286977, primalobj: 0.9717977404293908, dualobj: -Inf
solve--
end solve-- RelaxOptimal OPTIMAL
 weights_sum: 0.9999999999999981
itereffortlevel: 0
--separating...
--find a better primal bound 0.21163179953133923 by Alternative descent Eigen
--found a cut state by heuristic 0.21163179953133923 0.0972332778813767 
iteration: 727,  #states: 1833, valueb: 0.0972332778813767, activeness: 0.21163179953133923, primalobj: 0.9717717287462337, dualobj: -Inf
solve--
end solve-- RelaxOptimal OPTIMAL
 weights_sum: 1.0000007496385113
itereffortlevel: 0
--separating...
--find a better primal bound 0.34433643802506425 by Alternative descent Eigen
--found a cut state by heuristic 0.34433643802506425 0.08524721057088401 
iteration: 728,  #states: 1834, valueb: 0.08524721057088401, activeness: 0.34433643802506425, primalobj: 0.9717542303796192, dualobj: -Inf
solve--
end solve-- RelaxOptimal OPTIMAL
 weights_sum: 0.9999999999999997
itereffortlevel: 0
--separating...
--find a better primal bound 0.1877093034470415 by Alternative descent Eigen
--found a cut state by heuristic 0.1877093034470415 0.07449649720984523 
iteration: 729,  #states: 1835, valueb: 0.07449649720984523, activeness: 0.1877093034470415, primalobj: 0.9717097166829841, dualobj: -Inf
solve--
end solve-- RelaxOptimal OPTIMAL
 weights_sum: 0.9999999999999987
itereffortlevel: 0
--separating...
--find a better primal bound 0.23807062420506384 by Alternative descent Eigen
--found a cut state by heuristic 0.23807062420506384 0.0861566924150319 
iteration: 730,  #states: 1836, valueb: 0.0861566924150319, activeness: 0.23807062420506384, primalobj: 0.971687257359292, dualobj: -Inf
solve--
end solve-- RelaxOptimal OPTIMAL
 weights_sum: 1.0000000000000004
itereffortlevel: 0
--separating...
--find a better primal bound 0.2386641488942189 by Alternative descent Eigen
--found a cut state by heuristic 0.2386641488942189 0.11071654313149282 
iteration: 731,  #states: 1837, valueb: 0.11071654313149282, activeness: 0.2386641488942189, primalobj: 0.9716530632243736, dualobj: -Inf
solve--
end solve-- RelaxOptimal OPTIMAL
 weights_sum: 1.0
itereffortlevel: 0
--separating...
--find a better primal bound 0.3053794681345557 by Alternative descent Eigen
--found a cut state by heuristic 0.3053794681345557 0.09507870767976702 
iteration: 732,  #states: 1838, valueb: 0.09507870767976702, activeness: 0.3053794681345557, primalobj: 0.9716380465763684, dualobj: -Inf
solve--
end solve-- RelaxOptimal OPTIMAL
 weights_sum: 0.9999999999999987
itereffortlevel: 0
--separating...
--find a better primal bound 0.2015806362672088 by Alternative descent Eigen
--found a cut state by heuristic 0.2015806362672088 0.06403245824341086 
iteration: 733,  #states: 1839, valueb: 0.06403245824341086, activeness: 0.2015806362672088, primalobj: 0.971599201236127, dualobj: -Inf
solve--
end solve-- RelaxOptimal OPTIMAL
 weights_sum: 0.9999999999999996
itereffortlevel: 0
--separating...
--find a better primal bound 0.27873819438682773 by Alternative descent Eigen
--found a cut state by heuristic 0.27873819438682773 0.06825307025341337 
iteration: 734,  #states: 1840, valueb: 0.06825307025341337, activeness: 0.27873819438682773, primalobj: 0.9715808171183109, dualobj: -Inf
solve--
end solve-- RelaxOptimal OPTIMAL
 weights_sum: 0.9999999999999999
itereffortlevel: 0
--separating...
--find a better primal bound 0.22864592524107102 by Alternative descent Eigen
--found a cut state by heuristic 0.22864592524107102 0.07813228323277555 
iteration: 735,  #states: 1841, valueb: 0.07813228323277555, activeness: 0.22864592524107102, primalobj: 0.9715489169690803, dualobj: -Inf
solve--
end solve-- RelaxOptimal OPTIMAL
 weights_sum: 0.9999999999999987
itereffortlevel: 0
--separating...
--find a better primal bound 0.2115150542319302 by Alternative descent Eigen
--found a cut state by heuristic 0.2115150542319302 0.08571389085322081 
iteration: 736,  #states: 1842, valueb: 0.08571389085322081, activeness: 0.2115150542319302, primalobj: 0.9715289693568002, dualobj: -Inf
solve--
end solve-- RelaxOptimal OPTIMAL
 weights_sum: 1.0000000000000002
itereffortlevel: 0
--separating...
--find a better primal bound 0.1778891434664086 by Alternative descent Eigen
--found a cut state by heuristic 0.1778891434664086 0.06252989738789158 
iteration: 737,  #states: 1843, valueb: 0.06252989738789158, activeness: 0.1778891434664086, primalobj: 0.9715126879493994, dualobj: -Inf
solve--
end solve-- RelaxOptimal OPTIMAL
 weights_sum: 1.0
itereffortlevel: 0
--separating...
--find a better primal bound 0.16521029535914 by Alternative descent Eigen
--found a cut state by heuristic 0.16521029535914 0.060982898314979384 
iteration: 738,  #states: 1844, valueb: 0.060982898314979384, activeness: 0.16521029535914, primalobj: 0.9714868634652529, dualobj: -Inf
solve--
end solve-- RelaxOptimal OPTIMAL
 weights_sum: 0.9999999999999998
itereffortlevel: 0
--separating...
--find a better primal bound 0.12014702405768643 by Alternative descent Eigen
--found a cut state by heuristic 0.12014702405768643 0.007028033569827226 
iteration: 739,  #states: 1845, valueb: 0.007028033569827226, activeness: 0.12014702405768643, primalobj: 0.9714727798016967, dualobj: -Inf
solve--
end solve-- RelaxOptimal OPTIMAL
 weights_sum: 1.0000000000000009
itereffortlevel: 0
--separating...
--find a better primal bound 0.11386926534724333 by Alternative descent Eigen
--found a cut state by heuristic 0.11386926534724333 0.029179435522049865 
iteration: 740,  #states: 1846, valueb: 0.029179435522049865, activeness: 0.11386926534724333, primalobj: 0.971449365260449, dualobj: -Inf
solve--
end solve-- RelaxOptimal OPTIMAL
 weights_sum: 0.9999999999999999
itereffortlevel: 0
--separating...
--find a better primal bound 0.22902996877064377 by Alternative descent Eigen
--found a cut state by heuristic 0.22902996877064377 0.03531476228657231 
iteration: 741,  #states: 1847, valueb: 0.03531476228657231, activeness: 0.22902996877064377, primalobj: 0.9714399686687313, dualobj: -Inf
solve--
end solve-- RelaxOptimal OPTIMAL
 weights_sum: 1.000000000000001
itereffortlevel: 0
--separating...
--find a better primal bound 0.23856873750926968 by Alternative descent Eigen
--found a cut state by heuristic 0.23856873750926968 0.032652649090154647 
iteration: 742,  #states: 1848, valueb: 0.032652649090154647, activeness: 0.23856873750926968, primalobj: 0.971398237818661, dualobj: -Inf
solve--
end solve-- RelaxOptimal OPTIMAL
 weights_sum: 0.9999999999999986
itereffortlevel: 0
--separating...
--find a better primal bound 0.1230867200572893 by Alternative descent Eigen
--found a cut state by heuristic 0.1230867200572893 0.04438774185878287 
iteration: 743,  #states: 1849, valueb: 0.04438774185878287, activeness: 0.1230867200572893, primalobj: 0.9713601197511991, dualobj: -Inf
solve--
end solve-- RelaxOptimal OPTIMAL
 weights_sum: 0.9999999999999991
itereffortlevel: 0
--separating...
--find a better primal bound 0.1525698353201453 by Alternative descent Eigen
--found a cut state by heuristic 0.1525698353201453 0.036763520113366366 
iteration: 744,  #states: 1850, valueb: 0.036763520113366366, activeness: 0.1525698353201453, primalobj: 0.971344775906219, dualobj: -Inf
solve--
end solve-- RelaxOptimal OPTIMAL
 weights_sum: 1.0000000000000004
itereffortlevel: 0
--separating...
--find a better primal bound 0.15073627882492202 by Alternative descent Eigen
--found a cut state by heuristic 0.15073627882492202 0.02364511103502977 
iteration: 745,  #states: 1851, valueb: 0.02364511103502977, activeness: 0.15073627882492202, primalobj: 0.97132334746825, dualobj: -Inf
solve--
end solve-- RelaxOptimal OPTIMAL
 weights_sum: 1.0000000000000013
itereffortlevel: 0
--separating...
--find a better primal bound 0.211643292094793 by Alternative descent Eigen
--found a cut state by heuristic 0.211643292094793 0.030696143362911044 
iteration: 746,  #states: 1852, valueb: 0.030696143362911044, activeness: 0.211643292094793, primalobj: 0.9713031999760773, dualobj: -Inf
solve--
end solve-- RelaxOptimal OPTIMAL
 weights_sum: 1.0000000423332636
itereffortlevel: 0
--separating...
--find a better primal bound 0.2036415156033766 by Alternative descent Eigen
--found a cut state by heuristic 0.2036415156033766 0.014887677107468307 
iteration: 747,  #states: 1853, valueb: 0.014887677107468307, activeness: 0.2036415156033766, primalobj: 0.971273331917563, dualobj: -Inf
solve--
end solve-- RelaxOptimal OPTIMAL
 weights_sum: 0.9999999999999996
itereffortlevel: 0
--separating...
--find a better primal bound 0.19953495572829805 by Alternative descent Eigen
--found a cut state by heuristic 0.19953495572829805 0.046520366951197975 
iteration: 748,  #states: 1854, valueb: 0.046520366951197975, activeness: 0.19953495572829805, primalobj: 0.9712307945394838, dualobj: -Inf
solve--
end solve-- RelaxOptimal OPTIMAL
 weights_sum: 0.9999999999999997
itereffortlevel: 0
--separating...
--find a better primal bound 0.23515134084383352 by Alternative descent Eigen
--found a cut state by heuristic 0.23515134084383352 0.04232684946133536 
iteration: 749,  #states: 1855, valueb: 0.04232684946133536, activeness: 0.23515134084383352, primalobj: 0.9712013107970658, dualobj: -Inf
solve--
end solve-- RelaxOptimal OPTIMAL
 weights_sum: 0.9999999999999993
itereffortlevel: 0
--separating...
--find a better primal bound 0.2065629455916847 by Alternative descent Eigen
--found a cut state by heuristic 0.2065629455916847 0.05023787385297056 
iteration: 750,  #states: 1856, valueb: 0.05023787385297056, activeness: 0.2065629455916847, primalobj: 0.9711742569134459, dualobj: -Inf
solve--
end solve-- RelaxOptimal OPTIMAL
 weights_sum: 0.9999999999999989
itereffortlevel: 0
--separating...
--find a better primal bound 0.18233825736366943 by Alternative descent Eigen
--found a cut state by heuristic 0.18233825736366943 0.047683501875118106 
iteration: 751,  #states: 1857, valueb: 0.047683501875118106, activeness: 0.18233825736366943, primalobj: 0.9711469193705791, dualobj: -Inf
solve--
end solve-- RelaxOptimal OPTIMAL
 weights_sum: 0.9999999999999996
itereffortlevel: 0
--separating...
--find a better primal bound 0.12466320288359456 by Alternative descent Eigen
--found a cut state by heuristic 0.12466320288359456 0.03269978850793719 
iteration: 752,  #states: 1858, valueb: 0.03269978850793719, activeness: 0.12466320288359456, primalobj: 0.9711331555147469, dualobj: -Inf
solve--
end solve-- RelaxOptimal OPTIMAL
 weights_sum: 0.9999999999999991
itereffortlevel: 0
--separating...
--find a better primal bound 0.17320834205003094 by Alternative descent Eigen
--found a cut state by heuristic 0.17320834205003094 0.047306307893930956 
iteration: 753,  #states: 1859, valueb: 0.047306307893930956, activeness: 0.17320834205003094, primalobj: 0.9711199169102606, dualobj: -Inf
solve--
end solve-- RelaxOptimal OPTIMAL
 weights_sum: 1.0000002444583473
itereffortlevel: 0
--separating...
--find a better primal bound 0.20343100380301465 by Alternative descent Eigen
--found a cut state by heuristic 0.20343100380301465 0.050137498380593254 
iteration: 754,  #states: 1860, valueb: 0.050137498380593254, activeness: 0.20343100380301465, primalobj: 0.9711066533683657, dualobj: -Inf
solve--
end solve-- RelaxOptimal OPTIMAL
 weights_sum: 1.0000000000000004
itereffortlevel: 0
--separating...
--find a better primal bound 0.14241706295978615 by Alternative descent Eigen
--found a cut state by heuristic 0.14241706295978615 0.051484810609118206 
iteration: 755,  #states: 1861, valueb: 0.051484810609118206, activeness: 0.14241706295978615, primalobj: 0.9710732056066406, dualobj: -Inf
solve--
end solve-- RelaxOptimal OPTIMAL
 weights_sum: 1.0000000000000002
itereffortlevel: 0
--separating...
--find a better primal bound 0.1643756928872237 by Alternative descent Eigen
--found a cut state by heuristic 0.1643756928872237 0.042446965752366055 
iteration: 756,  #states: 1862, valueb: 0.042446965752366055, activeness: 0.1643756928872237, primalobj: 0.9710487751836964, dualobj: -Inf
solve--
end solve-- RelaxOptimal OPTIMAL
 weights_sum: 0.9999999999999998
itereffortlevel: 0
--separating...
--find a better primal bound 0.19147305929561453 by Alternative descent Eigen
--found a cut state by heuristic 0.19147305929561453 0.022006019140432532 
iteration: 757,  #states: 1863, valueb: 0.022006019140432532, activeness: 0.19147305929561453, primalobj: 0.9710329335414568, dualobj: -Inf
solve--
end solve-- RelaxOptimal OPTIMAL
 weights_sum: 1.0000000000000007
itereffortlevel: 0
--separating...
--find a better primal bound 0.13202506854753537 by Alternative descent Eigen
--found a cut state by heuristic 0.13202506854753537 0.020387150567972287 
iteration: 758,  #states: 1864, valueb: 0.020387150567972287, activeness: 0.13202506854753537, primalobj: 0.9710196848403349, dualobj: -Inf
solve--
end solve-- RelaxOptimal OPTIMAL
 weights_sum: 0.9999999999999988
itereffortlevel: 0
--separating...
--find a better primal bound 0.1201907180765549 by Alternative descent Eigen
--found a cut state by heuristic 0.1201907180765549 0.02881389686860336 
iteration: 759,  #states: 1865, valueb: 0.02881389686860336, activeness: 0.1201907180765549, primalobj: 0.9709865102513137, dualobj: -Inf
solve--
end solve-- RelaxOptimal OPTIMAL
 weights_sum: 0.9999999999999992
itereffortlevel: 0
--separating...
--find a better primal bound 0.10011075095122927 by Alternative descent Eigen
--found a cut state by heuristic 0.10011075095122927 0.03937196406207655 
iteration: 760,  #states: 1866, valueb: 0.03937196406207655, activeness: 0.10011075095122927, primalobj: 0.970978686781286, dualobj: -Inf
solve--
end solve-- RelaxOptimal OPTIMAL
 weights_sum: 1.0000000000000004
itereffortlevel: 0
--separating...
--find a better primal bound 0.07906767284359584 by Alternative descent Eigen
--found a cut state by heuristic 0.07906767284359584 0.028354977984197616 
iteration: 761,  #states: 1867, valueb: 0.028354977984197616, activeness: 0.07906767284359584, primalobj: 0.9709720286238663, dualobj: -Inf
solve--
end solve-- RelaxOptimal OPTIMAL
 weights_sum: 0.9999999999999991
itereffortlevel: 0
--separating...
--find a better primal bound 0.21781062113451824 by Alternative descent Eigen
--found a cut state by heuristic 0.21781062113451824 0.03915518376936346 
iteration: 762,  #states: 1868, valueb: 0.03915518376936346, activeness: 0.21781062113451824, primalobj: 0.9709606721603917, dualobj: -Inf
solve--
end solve-- RelaxOptimal OPTIMAL
 weights_sum: 0.9999999999999998
itereffortlevel: 0
--separating...
--find a better primal bound 0.31804545857642985 by Alternative descent Eigen
--found a cut state by heuristic 0.31804545857642985 0.04278178817618551 
iteration: 763,  #states: 1869, valueb: 0.04278178817618551, activeness: 0.31804545857642985, primalobj: 0.9709332090863474, dualobj: -Inf
solve--
end solve-- RelaxOptimal OPTIMAL
 weights_sum: 0.9999999999999991
itereffortlevel: 0
--separating...
--find a better primal bound 0.0680691394395069 by Alternative descent Eigen
--found a cut state by heuristic 0.0680691394395069 0.04099291738302391 
iteration: 764,  #states: 1870, valueb: 0.04099291738302391, activeness: 0.0680691394395069, primalobj: 0.970898514183185, dualobj: -Inf
solve--
end solve-- RelaxOptimal OPTIMAL
 weights_sum: 0.9999999999999994
itereffortlevel: 0
--separating...
--find a better primal bound 0.2324271325557597 by Alternative descent Eigen
--found a cut state by heuristic 0.2324271325557597 0.033816855089083726 
iteration: 765,  #states: 1871, valueb: 0.033816855089083726, activeness: 0.2324271325557597, primalobj: 0.9708913412366512, dualobj: -Inf
solve--
end solve-- RelaxOptimal OPTIMAL
 weights_sum: 1.0000019990908195
itereffortlevel: 0
--separating...
--find a better primal bound 0.17183001923453228 by Alternative descent Eigen
--found a cut state by heuristic 0.17183001923453228 0.03147713347580807 
iteration: 766,  #states: 1872, valueb: 0.03147713347580807, activeness: 0.17183001923453228, primalobj: 0.9708696166732826, dualobj: -Inf
solve--
end solve-- RelaxOptimal OPTIMAL
 weights_sum: 1.0000000000000009
itereffortlevel: 0
--separating...
--find a better primal bound 0.12063348684985431 by Alternative descent Eigen
--found a cut state by heuristic 0.12063348684985431 0.0019557397758395018 
iteration: 767,  #states: 1873, valueb: 0.0019557397758395018, activeness: 0.12063348684985431, primalobj: 0.9708503243057133, dualobj: -Inf
solve--
end solve-- RelaxOptimal OPTIMAL
 weights_sum: 0.9999999999999991
itereffortlevel: 0
--separating...
--find a better primal bound 0.19458986312111537 by Alternative descent Eigen
--found a cut state by heuristic 0.19458986312111537 0.00697660883251737 
iteration: 768,  #states: 1874, valueb: 0.00697660883251737, activeness: 0.19458986312111537, primalobj: 0.9708324642182711, dualobj: -Inf
solve--
end solve-- RelaxOptimal OPTIMAL
 weights_sum: 0.9999999999999996
itereffortlevel: 0
--separating...
--find a better primal bound 0.10082823355799615 by Alternative descent Eigen
--found a cut state by heuristic 0.10082823355799615 0.021087605604063836 
iteration: 769,  #states: 1875, valueb: 0.021087605604063836, activeness: 0.10082823355799615, primalobj: 0.9708032177076731, dualobj: -Inf
solve--
end solve-- RelaxOptimal OPTIMAL
 weights_sum: 0.9999999999999996
itereffortlevel: 0
--separating...
--find a better primal bound 0.16738920608697616 by Alternative descent Eigen
--found a cut state by heuristic 0.16738920608697616 0.03936852584924552 
iteration: 770,  #states: 1876, valueb: 0.03936852584924552, activeness: 0.16738920608697616, primalobj: 0.970783881951097, dualobj: -Inf
solve--
end solve-- RelaxOptimal OPTIMAL
 weights_sum: 0.9999999999999997
itereffortlevel: 0
--separating...
--find a better primal bound 0.1724043408855015 by Alternative descent Eigen
--found a cut state by heuristic 0.1724043408855015 0.014313454160499662 
iteration: 771,  #states: 1877, valueb: 0.014313454160499662, activeness: 0.1724043408855015, primalobj: 0.9707622910706895, dualobj: -Inf
solve--
end solve-- RelaxOptimal OPTIMAL
 weights_sum: 0.9999999999999989
itereffortlevel: 0
--separating...
--find a better primal bound 0.18777823068724248 by Alternative descent Eigen
--found a cut state by heuristic 0.18777823068724248 0.0348492737596743 
iteration: 772,  #states: 1878, valueb: 0.0348492737596743, activeness: 0.18777823068724248, primalobj: 0.9707381352031138, dualobj: -Inf
solve--
end solve-- RelaxOptimal OPTIMAL
 weights_sum: 1.0
itereffortlevel: 0
--separating...
--find a better primal bound 0.209894871877147 by Alternative descent Eigen
--found a cut state by heuristic 0.209894871877147 0.04377515616323402 
iteration: 773,  #states: 1879, valueb: 0.04377515616323402, activeness: 0.209894871877147, primalobj: 0.9707241854465261, dualobj: -Inf
solve--
end solve-- RelaxOptimal OPTIMAL
 weights_sum: 1.0000000000000007
itereffortlevel: 0
--separating...
--find a better primal bound 0.17052052616123356 by Alternative descent Eigen
--found a cut state by heuristic 0.17052052616123356 0.03690500578411788 
iteration: 774,  #states: 1880, valueb: 0.03690500578411788, activeness: 0.17052052616123356, primalobj: 0.9707060707081671, dualobj: -Inf
solve--
end solve-- RelaxOptimal OPTIMAL
 weights_sum: 1.0000000000000004
itereffortlevel: 0
--separating...
--find a better primal bound 0.21875358480638937 by Alternative descent Eigen
--found a cut state by heuristic 0.21875358480638937 0.04883437787222944 
iteration: 775,  #states: 1881, valueb: 0.04883437787222944, activeness: 0.21875358480638937, primalobj: 0.9706931925470447, dualobj: -Inf
solve--
end solve-- RelaxOptimal OPTIMAL
 weights_sum: 0.9999999999999998
itereffortlevel: 0
--separating...
--find a better primal bound 0.18491773706043102 by Alternative descent Eigen
--found a cut state by heuristic 0.18491773706043102 0.022097482107268585 
iteration: 776,  #states: 1882, valueb: 0.022097482107268585, activeness: 0.18491773706043102, primalobj: 0.9706716883691748, dualobj: -Inf
solve--
end solve-- RelaxOptimal OPTIMAL
 weights_sum: 1.0
itereffortlevel: 0
--separating...
--find a better primal bound 0.17067314648694587 by Alternative descent Eigen
--found a cut state by heuristic 0.17067314648694587 0.037221645248658335 
iteration: 777,  #states: 1883, valueb: 0.037221645248658335, activeness: 0.17067314648694587, primalobj: 0.9706460491782668, dualobj: -Inf
solve--
end solve-- RelaxOptimal OPTIMAL
 weights_sum: 1.0000000000000009
itereffortlevel: 0
--separating...
--find a better primal bound 0.16143060644325452 by Alternative descent Eigen
--found a cut state by heuristic 0.16143060644325452 0.06282542920785818 
iteration: 778,  #states: 1884, valueb: 0.06282542920785818, activeness: 0.16143060644325452, primalobj: 0.9706217092717773, dualobj: -Inf
solve--
end solve-- RelaxOptimal OPTIMAL
 weights_sum: 1.0000008979250197
itereffortlevel: 0
--separating...
--find a better primal bound 0.2015300722025557 by Alternative descent Eigen
--found a cut state by heuristic 0.2015300722025557 0.054839279459236126 
iteration: 779,  #states: 1885, valueb: 0.054839279459236126, activeness: 0.2015300722025557, primalobj: 0.9706013342651123, dualobj: -Inf
solve--
end solve-- RelaxOptimal OPTIMAL
 weights_sum: 0.9999999999999996
itereffortlevel: 0
--separating...
--find a better primal bound 0.2201930925023164 by Alternative descent Eigen
--found a cut state by heuristic 0.2201930925023164 0.055485436139716876 
iteration: 780,  #states: 1886, valueb: 0.055485436139716876, activeness: 0.2201930925023164, primalobj: 0.9705724428068553, dualobj: -Inf
solve--
end solve-- RelaxOptimal OPTIMAL
 weights_sum: 1.000000000000001
itereffortlevel: 0
--separating...
--find a better primal bound 0.1935887742635355 by Alternative descent Eigen
--found a cut state by heuristic 0.1935887742635355 0.026763450871627122 
iteration: 781,  #states: 1887, valueb: 0.026763450871627122, activeness: 0.1935887742635355, primalobj: 0.9705505835346164, dualobj: -Inf
solve--
end solve-- RelaxOptimal OPTIMAL
 weights_sum: 1.0000000000000004
itereffortlevel: 0
--separating...
--find a better primal bound 0.13337981263487592 by Alternative descent Eigen
--found a cut state by heuristic 0.13337981263487592 0.03371451008795008 
iteration: 782,  #states: 1888, valueb: 0.03371451008795008, activeness: 0.13337981263487592, primalobj: 0.9705299128248279, dualobj: -Inf
solve--
end solve-- RelaxOptimal OPTIMAL
 weights_sum: 1.0000000000000016
itereffortlevel: 0
--separating...
--find a better primal bound 0.16368785654009252 by Alternative descent Eigen
--found a cut state by heuristic 0.16368785654009252 0.049870122123274796 
iteration: 783,  #states: 1889, valueb: 0.049870122123274796, activeness: 0.16368785654009252, primalobj: 0.9705191786749134, dualobj: -Inf
solve--
end solve-- RelaxOptimal OPTIMAL
 weights_sum: 0.9999999999999993
itereffortlevel: 0
--separating...
--find a better primal bound 0.2041088028884484 by Alternative descent Eigen
--found a cut state by heuristic 0.2041088028884484 0.05137661883453456 
iteration: 784,  #states: 1890, valueb: 0.05137661883453456, activeness: 0.2041088028884484, primalobj: 0.970494759728976, dualobj: -Inf
solve--
end solve-- RelaxOptimal OPTIMAL
 weights_sum: 1.0000000000000009
itereffortlevel: 0
--separating...
--find a better primal bound 0.19100195291982186 by Alternative descent Eigen
--found a cut state by heuristic 0.19100195291982186 0.03940781887719849 
iteration: 785,  #states: 1891, valueb: 0.03940781887719849, activeness: 0.19100195291982186, primalobj: 0.9704752968690286, dualobj: -Inf
solve--
end solve-- RelaxOptimal OPTIMAL
 weights_sum: 1.0
itereffortlevel: 0
--separating...
--find a better primal bound 0.19010661146513363 by Alternative descent Eigen
--found a cut state by heuristic 0.19010661146513363 0.034647630694318 
iteration: 786,  #states: 1892, valueb: 0.034647630694318, activeness: 0.19010661146513363, primalobj: 0.9704503503617319, dualobj: -Inf
solve--
end solve-- RelaxOptimal OPTIMAL
 weights_sum: 1.0000000000000002
itereffortlevel: 0
--separating...
--find a better primal bound 0.20614232371492885 by Alternative descent Eigen
--found a cut state by heuristic 0.20614232371492885 0.05042479054467141 
iteration: 787,  #states: 1893, valueb: 0.05042479054467141, activeness: 0.20614232371492885, primalobj: 0.970424305283412, dualobj: -Inf
solve--
end solve-- RelaxOptimal OPTIMAL
 weights_sum: 1.0000000000000004
itereffortlevel: 0
--separating...
--find a better primal bound 0.2244308978202528 by Alternative descent Eigen
--found a cut state by heuristic 0.2244308978202528 0.048357058764338975 
iteration: 788,  #states: 1894, valueb: 0.048357058764338975, activeness: 0.2244308978202528, primalobj: 0.970404113632088, dualobj: -Inf
solve--
end solve-- RelaxOptimal OPTIMAL
 weights_sum: 0.9999999999999998
itereffortlevel: 0
--separating...
--find a better primal bound 0.19091250693517337 by Alternative descent Eigen
--found a cut state by heuristic 0.19091250693517337 0.0505766632940828 
iteration: 789,  #states: 1895, valueb: 0.0505766632940828, activeness: 0.19091250693517337, primalobj: 0.9703708509487776, dualobj: -Inf
solve--
end solve-- RelaxOptimal OPTIMAL
 weights_sum: 0.9999999999999998
itereffortlevel: 0
--separating...
--find a better primal bound 0.13597800528800652 by Alternative descent Eigen
--found a cut state by heuristic 0.13597800528800652 0.03949704795184859 
iteration: 790,  #states: 1896, valueb: 0.03949704795184859, activeness: 0.13597800528800652, primalobj: 0.9703451938785635, dualobj: -Inf
solve--
end solve-- RelaxOptimal OPTIMAL
 weights_sum: 1.0000000000000002
itereffortlevel: 0
--separating...
--find a better primal bound 0.1890167790055382 by Alternative descent Eigen
--found a cut state by heuristic 0.1890167790055382 0.03218209109502507 
iteration: 791,  #states: 1897, valueb: 0.03218209109502507, activeness: 0.1890167790055382, primalobj: 0.970334521085604, dualobj: -Inf
solve--
end solve-- RelaxOptimal OPTIMAL
 weights_sum: 1.0000000000000002
itereffortlevel: 0
--separating...
--find a better primal bound 0.13005402613683975 by Alternative descent Eigen
--found a cut state by heuristic 0.13005402613683975 0.03418983081562466 
iteration: 792,  #states: 1898, valueb: 0.03418983081562466, activeness: 0.13005402613683975, primalobj: 0.970310949945314, dualobj: -Inf
solve--
end solve-- RelaxOptimal OPTIMAL
 weights_sum: 0.9999999999999991
itereffortlevel: 0
--separating...
--find a better primal bound 0.18543728873857196 by Alternative descent Eigen
--found a cut state by heuristic 0.18543728873857196 0.022672833934697545 
iteration: 793,  #states: 1899, valueb: 0.022672833934697545, activeness: 0.18543728873857196, primalobj: 0.9703001696876491, dualobj: -Inf
solve--
end solve-- RelaxOptimal OPTIMAL
 weights_sum: 0.9999999999999998
itereffortlevel: 0
--separating...
--find a better primal bound 0.159957472432683 by Alternative descent Eigen
--found a cut state by heuristic 0.159957472432683 0.039638503445378656 
iteration: 794,  #states: 1900, valueb: 0.039638503445378656, activeness: 0.159957472432683, primalobj: 0.9702492580241661, dualobj: -Inf
solve--
end solve-- RelaxOptimal OPTIMAL
 weights_sum: 0.9999999999999998
itereffortlevel: 0
--separating...
--find a better primal bound 0.21412143185037735 by Alternative descent Eigen
--found a cut state by heuristic 0.21412143185037735 0.03748808034771796 
iteration: 795,  #states: 1901, valueb: 0.03748808034771796, activeness: 0.21412143185037735, primalobj: 0.970238437695112, dualobj: -Inf
solve--
end solve-- RelaxOptimal OPTIMAL
 weights_sum: 0.9999999999999991
itereffortlevel: 0
--separating...
--find a better primal bound 0.11450992881462213 by Alternative descent Eigen
--found a cut state by heuristic 0.11450992881462213 0.0188471925241349 
iteration: 796,  #states: 1902, valueb: 0.0188471925241349, activeness: 0.11450992881462213, primalobj: 0.9702092633782904, dualobj: -Inf
solve--
end solve-- RelaxOptimal OPTIMAL
 weights_sum: 1.0
itereffortlevel: 0
--separating...
--find a better primal bound 0.22523747956451046 by Alternative descent Eigen
--found a cut state by heuristic 0.22523747956451046 0.036277562312168825 
iteration: 797,  #states: 1903, valueb: 0.036277562312168825, activeness: 0.22523747956451046, primalobj: 0.9702013324901135, dualobj: -Inf
solve--
end solve-- RelaxOptimal OPTIMAL
 weights_sum: 0.9999999999999984
itereffortlevel: 0
--separating...
--find a better primal bound 0.23628274224597542 by Alternative descent Eigen
--found a cut state by heuristic 0.23628274224597542 0.036583410859786995 
iteration: 798,  #states: 1904, valueb: 0.036583410859786995, activeness: 0.23628274224597542, primalobj: 0.970168000348904, dualobj: -Inf
solve--
end solve-- RelaxOptimal OPTIMAL
 weights_sum: 1.0000000000000004
itereffortlevel: 0
--separating...
--find a better primal bound 0.21839114886868607 by Alternative descent Eigen
--found a cut state by heuristic 0.21839114886868607 0.039182922204209325 
iteration: 799,  #states: 1905, valueb: 0.039182922204209325, activeness: 0.21839114886868607, primalobj: 0.9701347574341685, dualobj: -Inf
solve--
end solve-- RelaxOptimal OPTIMAL
 weights_sum: 0.9999999999999981
itereffortlevel: 0
--separating...
--find a better primal bound 0.141687062198029 by Alternative descent Eigen
--found a cut state by heuristic 0.141687062198029 0.048478396345275204 
iteration: 800,  #states: 1906, valueb: 0.048478396345275204, activeness: 0.141687062198029, primalobj: 0.9701106702193667, dualobj: -Inf
solve--
end solve-- RelaxOptimal OPTIMAL
 weights_sum: 1.0000000000000004
itereffortlevel: 0
--separating...
--find a better primal bound 0.2043718758691546 by Alternative descent Eigen
--found a cut state by heuristic 0.2043718758691546 0.032291278584916025 
iteration: 801,  #states: 1907, valueb: 0.032291278584916025, activeness: 0.2043718758691546, primalobj: 0.9701040925693647, dualobj: -Inf
solve--
end solve-- RelaxOptimal OPTIMAL
 weights_sum: 1.0000000000000007
itereffortlevel: 0
--separating...
--find a better primal bound 0.12776122765111625 by Alternative descent Eigen
--found a cut state by heuristic 0.12776122765111625 0.05374480717538721 
iteration: 802,  #states: 1908, valueb: 0.05374480717538721, activeness: 0.12776122765111625, primalobj: 0.9700679879991703, dualobj: -Inf
solve--
end solve-- RelaxOptimal OPTIMAL
 weights_sum: 1.0
itereffortlevel: 0
--separating...
--find a better primal bound 0.23230524818123754 by Alternative descent Eigen
--found a cut state by heuristic 0.23230524818123754 0.04634495992870649 
iteration: 803,  #states: 1909, valueb: 0.04634495992870649, activeness: 0.23230524818123754, primalobj: 0.9700333441571266, dualobj: -Inf
solve--
end solve-- RelaxOptimal OPTIMAL
 weights_sum: 1.0000001456924883
itereffortlevel: 0
--separating...
--find a better primal bound 0.23372904556565632 by Alternative descent Eigen
--found a cut state by heuristic 0.23372904556565632 0.04471195720429378 
iteration: 804,  #states: 1910, valueb: 0.04471195720429378, activeness: 0.23372904556565632, primalobj: 0.9699963539595741, dualobj: -Inf
solve--
end solve-- RelaxOptimal OPTIMAL
 weights_sum: 0.9999999999999991
itereffortlevel: 0
--separating...
--find a better primal bound 0.17500402457563485 by Alternative descent Eigen
--found a cut state by heuristic 0.17500402457563485 0.04643820152136453 
iteration: 805,  #states: 1911, valueb: 0.04643820152136453, activeness: 0.17500402457563485, primalobj: 0.9699457929402672, dualobj: -Inf
solve--
end solve-- RelaxOptimal OPTIMAL
 weights_sum: 1.0000000000000002
itereffortlevel: 0
--separating...
--find a better primal bound 0.16597403391139431 by Alternative descent Eigen
--found a cut state by heuristic 0.16597403391139431 0.0436469885287022 
iteration: 806,  #states: 1912, valueb: 0.0436469885287022, activeness: 0.16597403391139431, primalobj: 0.9699230727561912, dualobj: -Inf
solve--
end solve-- RelaxOptimal OPTIMAL
 weights_sum: 1.0000000000000002
itereffortlevel: 0
--separating...
--find a better primal bound 0.16450837468303545 by Alternative descent Eigen
--found a cut state by heuristic 0.16450837468303545 0.01748019578903755 
iteration: 807,  #states: 1913, valueb: 0.01748019578903755, activeness: 0.16450837468303545, primalobj: 0.9699127071400044, dualobj: -Inf
solve--
end solve-- RelaxOptimal OPTIMAL
 weights_sum: 1.0000000000000004
itereffortlevel: 0
--separating...
--find a better primal bound 0.14779592752111614 by Alternative descent Eigen
--found a cut state by heuristic 0.14779592752111614 0.022807635460387544 
iteration: 808,  #states: 1914, valueb: 0.022807635460387544, activeness: 0.14779592752111614, primalobj: 0.9698956410291747, dualobj: -Inf
solve--
end solve-- RelaxOptimal OPTIMAL
 weights_sum: 1.000000000000002
itereffortlevel: 0
--separating...
--find a better primal bound 0.1902284044133497 by Alternative descent Eigen
--found a cut state by heuristic 0.1902284044133497 0.0169744957058827 
iteration: 809,  #states: 1915, valueb: 0.0169744957058827, activeness: 0.1902284044133497, primalobj: 0.9698877249938141, dualobj: -Inf
solve--
end solve-- RelaxOptimal OPTIMAL
 weights_sum: 0.9999999999999993
itereffortlevel: 0
--separating...
--find a better primal bound 0.18927119883773996 by Alternative descent Eigen
--found a cut state by heuristic 0.18927119883773996 0.016556872145990015 
iteration: 810,  #states: 1916, valueb: 0.016556872145990015, activeness: 0.18927119883773996, primalobj: 0.9698518425394672, dualobj: -Inf
solve--
end solve-- RelaxOptimal OPTIMAL
 weights_sum: 1.0000000000000007
itereffortlevel: 0
--separating...
--find a better primal bound 0.1473767300493546 by Alternative descent Eigen
--found a cut state by heuristic 0.1473767300493546 0.03270718318196947 
iteration: 811,  #states: 1917, valueb: 0.03270718318196947, activeness: 0.1473767300493546, primalobj: 0.9698048445842359, dualobj: -Inf
solve--
end solve-- RelaxOptimal OPTIMAL
 weights_sum: 1.0000000000000002
itereffortlevel: 0
--separating...
--find a better primal bound 0.22231994526395496 by Alternative descent Eigen
--found a cut state by heuristic 0.22231994526395496 0.02649657311949524 
iteration: 812,  #states: 1918, valueb: 0.02649657311949524, activeness: 0.22231994526395496, primalobj: 0.9697755662720086, dualobj: -Inf
solve--
end solve-- RelaxOptimal OPTIMAL
 weights_sum: 1.0000001416881812
itereffortlevel: 0
--separating...
--find a better primal bound 0.2032317892807703 by Alternative descent Eigen
--found a cut state by heuristic 0.2032317892807703 0.023786377147951714 
iteration: 813,  #states: 1919, valueb: 0.023786377147951714, activeness: 0.2032317892807703, primalobj: 0.9697400292832673, dualobj: -Inf
solve--
end solve-- RelaxOptimal OPTIMAL
 weights_sum: 0.9999999999999996
itereffortlevel: 0
--separating...
--find a better primal bound 0.19387810075979597 by Alternative descent Eigen
--found a cut state by heuristic 0.19387810075979597 0.038031599824378086 
iteration: 814,  #states: 1920, valueb: 0.038031599824378086, activeness: 0.19387810075979597, primalobj: 0.9697174751831505, dualobj: -Inf
solve--
end solve-- RelaxOptimal OPTIMAL
 weights_sum: 1.0000000000000004
itereffortlevel: 0
--separating...
--find a better primal bound 0.20478115939352512 by Alternative descent Eigen
--found a cut state by heuristic 0.20478115939352512 0.042561404164460345 
iteration: 815,  #states: 1921, valueb: 0.042561404164460345, activeness: 0.20478115939352512, primalobj: 0.9696885925010461, dualobj: -Inf
solve--
end solve-- RelaxOptimal OPTIMAL
 weights_sum: 1.0000016197503006
itereffortlevel: 0
--separating...
--find a better primal bound 0.13426140094011899 by Alternative descent Eigen
--found a cut state by heuristic 0.13426140094011899 0.029411820336735728 
iteration: 816,  #states: 1922, valueb: 0.029411820336735728, activeness: 0.13426140094011899, primalobj: 0.9696575064393744, dualobj: -Inf
solve--
end solve-- RelaxOptimal OPTIMAL
 weights_sum: 1.0
itereffortlevel: 0
--separating...
--find a better primal bound 0.10863214155166839 by Alternative descent Eigen
--found a cut state by heuristic 0.10863214155166839 0.03453869531091371 
iteration: 817,  #states: 1923, valueb: 0.03453869531091371, activeness: 0.10863214155166839, primalobj: 0.9696378423597525, dualobj: -Inf
solve--
end solve-- RelaxOptimal OPTIMAL
 weights_sum: 1.000000440901837
itereffortlevel: 0
--separating...
--find a better primal bound 0.11230249088425116 by Alternative descent Eigen
--found a cut state by heuristic 0.11230249088425116 0.015934690034752015 
iteration: 818,  #states: 1924, valueb: 0.015934690034752015, activeness: 0.11230249088425116, primalobj: 0.9696219117640285, dualobj: -Inf
solve--
end solve-- RelaxOptimal OPTIMAL
 weights_sum: 1.0
itereffortlevel: 0
--separating...
--find a better primal bound 0.1398736752002338 by Alternative descent Eigen
--found a cut state by heuristic 0.1398736752002338 0.018292043755417556 
iteration: 819,  #states: 1925, valueb: 0.018292043755417556, activeness: 0.1398736752002338, primalobj: 0.9696073255778062, dualobj: -Inf
solve--
end solve-- RelaxOptimal OPTIMAL
 weights_sum: 0.9999999999999999
itereffortlevel: 0
--separating...
--find a better primal bound 0.18888296559423157 by Alternative descent Eigen
--found a cut state by heuristic 0.18888296559423157 0.016752580385473753 
iteration: 820,  #states: 1926, valueb: 0.016752580385473753, activeness: 0.18888296559423157, primalobj: 0.9695944498331616, dualobj: -Inf
solve--
end solve-- RelaxOptimal OPTIMAL
 weights_sum: 0.9999999999999996
itereffortlevel: 0
--separating...
--find a better primal bound 0.16788240670795007 by Alternative descent Eigen
--found a cut state by heuristic 0.16788240670795007 0.03005811044864368 
iteration: 821,  #states: 1927, valueb: 0.03005811044864368, activeness: 0.16788240670795007, primalobj: 0.9695611266699812, dualobj: -Inf
solve--
end solve-- RelaxOptimal OPTIMAL
 weights_sum: 1.000000000000001
itereffortlevel: 0
--separating...
--find a better primal bound 0.16902686614417406 by Alternative descent Eigen
--found a cut state by heuristic 0.16902686614417406 0.05184564240843792 
iteration: 822,  #states: 1928, valueb: 0.05184564240843792, activeness: 0.16902686614417406, primalobj: 0.9695248133366954, dualobj: -Inf
solve--
end solve-- RelaxOptimal OPTIMAL
 weights_sum: 0.9999999999999998
itereffortlevel: 0
--separating...
--find a better primal bound 0.1435310111953919 by Alternative descent Eigen
--found a cut state by heuristic 0.1435310111953919 0.03795269210967883 
iteration: 823,  #states: 1929, valueb: 0.03795269210967883, activeness: 0.1435310111953919, primalobj: 0.9695101785075724, dualobj: -Inf
solve--
end solve-- RelaxOptimal OPTIMAL
 weights_sum: 1.0000000000000002
itereffortlevel: 0
--separating...
--find a better primal bound 0.18523733431240047 by Alternative descent Eigen
--found a cut state by heuristic 0.18523733431240047 0.08029615596571686 
iteration: 824,  #states: 1930, valueb: 0.08029615596571686, activeness: 0.18523733431240047, primalobj: 0.9694899577063661, dualobj: -Inf
solve--
end solve-- RelaxOptimal OPTIMAL
 weights_sum: 0.9999999999999999
itereffortlevel: 0
--separating...
--find a better primal bound 0.2072090652515272 by Alternative descent Eigen
--found a cut state by heuristic 0.2072090652515272 0.05970302106893926 
iteration: 825,  #states: 1931, valueb: 0.05970302106893926, activeness: 0.2072090652515272, primalobj: 0.9694718027791364, dualobj: -Inf
solve--
end solve-- RelaxOptimal OPTIMAL
 weights_sum: 1.0000009184154741
itereffortlevel: 0
--separating...
--find a better primal bound 0.2205427130507702 by Alternative descent Eigen
--found a cut state by heuristic 0.2205427130507702 0.06299255650078979 
iteration: 826,  #states: 1932, valueb: 0.06299255650078979, activeness: 0.2205427130507702, primalobj: 0.9694579377214455, dualobj: -Inf
solve--
end solve-- RelaxOptimal OPTIMAL
 weights_sum: 0.9999999999999994
itereffortlevel: 0
--separating...
--find a better primal bound 0.1754482455860622 by Alternative descent Eigen
--found a cut state by heuristic 0.1754482455860622 0.03017420490268803 
iteration: 827,  #states: 1933, valueb: 0.03017420490268803, activeness: 0.1754482455860622, primalobj: 0.9694141179641236, dualobj: -Inf
solve--
end solve-- RelaxOptimal OPTIMAL
 weights_sum: 0.9999999999999998
itereffortlevel: 0
--separating...
--find a better primal bound 0.17027944206310594 by Alternative descent Eigen
--found a cut state by heuristic 0.17027944206310594 0.04261968504399359 
iteration: 828,  #states: 1934, valueb: 0.04261968504399359, activeness: 0.17027944206310594, primalobj: 0.9693833395399536, dualobj: -Inf
solve--
end solve-- RelaxOptimal OPTIMAL
 weights_sum: 0.9999999999999997
itereffortlevel: 0
--separating...
--find a better primal bound 0.16213630875262577 by Alternative descent Eigen
--found a cut state by heuristic 0.16213630875262577 0.047099714114565275 
iteration: 829,  #states: 1935, valueb: 0.047099714114565275, activeness: 0.16213630875262577, primalobj: 0.969371478390589, dualobj: -Inf
solve--
end solve-- RelaxOptimal OPTIMAL
 weights_sum: 0.9999999999999992
itereffortlevel: 0
--separating...
--find a better primal bound 0.15845747892214157 by Alternative descent Eigen
--found a cut state by heuristic 0.15845747892214157 0.012948665911623318 
iteration: 830,  #states: 1936, valueb: 0.012948665911623318, activeness: 0.15845747892214157, primalobj: 0.9693616224071919, dualobj: -Inf
solve--
end solve-- RelaxOptimal OPTIMAL
 weights_sum: 1.0000000000000018
itereffortlevel: 0
--separating...
--find a better primal bound 0.20293347001121442 by Alternative descent Eigen
--found a cut state by heuristic 0.20293347001121442 0.04319535416600374 
iteration: 831,  #states: 1937, valueb: 0.04319535416600374, activeness: 0.20293347001121442, primalobj: 0.9693303260301244, dualobj: -Inf
solve--
end solve-- RelaxOptimal OPTIMAL
 weights_sum: 1.0
itereffortlevel: 0
--separating...
--find a better primal bound 0.11081207323127487 by Alternative descent Eigen
--found a cut state by heuristic 0.11081207323127487 0.026651049428987106 
iteration: 832,  #states: 1938, valueb: 0.026651049428987106, activeness: 0.11081207323127487, primalobj: 0.9693164978142687, dualobj: -Inf
solve--
end solve-- RelaxOptimal OPTIMAL
 weights_sum: 0.9999999999999989
itereffortlevel: 0
--separating...
--find a better primal bound 0.20528849239466934 by Alternative descent Eigen
--found a cut state by heuristic 0.20528849239466934 0.055588889394387095 
iteration: 833,  #states: 1939, valueb: 0.055588889394387095, activeness: 0.20528849239466934, primalobj: 0.9693045174011984, dualobj: -Inf
solve--
end solve-- RelaxOptimal OPTIMAL
 weights_sum: 1.0000000000000016
itereffortlevel: 0
--separating...
--find a better primal bound 0.19794392691473728 by Alternative descent Eigen
--found a cut state by heuristic 0.19794392691473728 0.018510110305736335 
iteration: 834,  #states: 1940, valueb: 0.018510110305736335, activeness: 0.19794392691473728, primalobj: 0.9692801392734556, dualobj: -Inf
solve--
end solve-- RelaxOptimal OPTIMAL
 weights_sum: 1.0000000000000007
itereffortlevel: 0
--separating...
--find a better primal bound 0.21053506731081417 by Alternative descent Eigen
--found a cut state by heuristic 0.21053506731081417 0.04244621140524858 
iteration: 835,  #states: 1941, valueb: 0.04244621140524858, activeness: 0.21053506731081417, primalobj: 0.9692534157350642, dualobj: -Inf
solve--
end solve-- RelaxOptimal OPTIMAL
 weights_sum: 1.0000000000000004
itereffortlevel: 0
--separating...
--find a better primal bound 0.10318894296159659 by Alternative descent Eigen
--found a cut state by heuristic 0.10318894296159659 0.02334425004374157 
iteration: 836,  #states: 1942, valueb: 0.02334425004374157, activeness: 0.10318894296159659, primalobj: 0.9692300208301867, dualobj: -Inf
solve--
end solve-- RelaxOptimal OPTIMAL
 weights_sum: 1.0000000000000013
itereffortlevel: 0
--separating...
--find a better primal bound 0.10428915665579475 by Alternative descent Eigen
--found a cut state by heuristic 0.10428915665579475 0.031056975225176586 
iteration: 837,  #states: 1943, valueb: 0.031056975225176586, activeness: 0.10428915665579475, primalobj: 0.9692138389168203, dualobj: -Inf
solve--
end solve-- RelaxOptimal OPTIMAL
 weights_sum: 0.9999999999999993
itereffortlevel: 0
--separating...
--find a better primal bound 0.14259670463507096 by Alternative descent Eigen
--found a cut state by heuristic 0.14259670463507096 0.029421540692614528 
iteration: 838,  #states: 1944, valueb: 0.029421540692614528, activeness: 0.14259670463507096, primalobj: 0.9691990404082561, dualobj: -Inf
solve--
end solve-- RelaxOptimal OPTIMAL
 weights_sum: 1.0000000000000002
itereffortlevel: 0
--separating...
--find a better primal bound 0.11837998237852827 by Alternative descent Eigen
--found a cut state by heuristic 0.11837998237852827 0.023578589392904692 
iteration: 839,  #states: 1945, valueb: 0.023578589392904692, activeness: 0.11837998237852827, primalobj: 0.9691895425651357, dualobj: -Inf
solve--
end solve-- RelaxOptimal OPTIMAL
 weights_sum: 1.0000000000000004
itereffortlevel: 0
--separating...
--find a better primal bound 0.11562541653345254 by Alternative descent Eigen
--found a cut state by heuristic 0.11562541653345254 0.022462695794803735 
iteration: 840,  #states: 1946, valueb: 0.022462695794803735, activeness: 0.11562541653345254, primalobj: 0.9691771425694695, dualobj: -Inf
solve--
end solve-- RelaxOptimal OPTIMAL
 weights_sum: 1.0000000000000002
itereffortlevel: 0
--separating...
--find a better primal bound 0.1616962444705456 by Alternative descent Eigen
--found a cut state by heuristic 0.1616962444705456 0.015788036772746213 
iteration: 841,  #states: 1947, valueb: 0.015788036772746213, activeness: 0.1616962444705456, primalobj: 0.9691628311961276, dualobj: -Inf
solve--
end solve-- RelaxOptimal OPTIMAL
 weights_sum: 0.999999999999999
itereffortlevel: 0
--separating...
--find a better primal bound 0.1407093588817961 by Alternative descent Eigen
--found a cut state by heuristic 0.1407093588817961 0.015055725853072861 
iteration: 842,  #states: 1948, valueb: 0.015055725853072861, activeness: 0.1407093588817961, primalobj: 0.9691358699736567, dualobj: -Inf
solve--
end solve-- RelaxOptimal OPTIMAL
 weights_sum: 0.9999999999999999
itereffortlevel: 0
--separating...
--find a better primal bound 0.22255997912092323 by Alternative descent Eigen
--found a cut state by heuristic 0.22255997912092323 0.03785145984130521 
iteration: 843,  #states: 1949, valueb: 0.03785145984130521, activeness: 0.22255997912092323, primalobj: 0.969108171435195, dualobj: -Inf
solve--
end solve-- RelaxOptimal OPTIMAL
 weights_sum: 0.9999999999999997
itereffortlevel: 0
--separating...
--find a better primal bound 0.14517946847095467 by Alternative descent Eigen
--found a cut state by heuristic 0.14517946847095467 0.04395696558217716 
iteration: 844,  #states: 1950, valueb: 0.04395696558217716, activeness: 0.14517946847095467, primalobj: 0.9690814589959013, dualobj: -Inf
solve--
end solve-- RelaxOptimal OPTIMAL
 weights_sum: 1.0000000000000002
itereffortlevel: 0
--separating...
--find a better primal bound 0.14936949636034763 by Alternative descent Eigen
--found a cut state by heuristic 0.14936949636034763 0.04637548432595739 
iteration: 845,  #states: 1951, valueb: 0.04637548432595739, activeness: 0.14936949636034763, primalobj: 0.9690605793283076, dualobj: -Inf
solve--
end solve-- RelaxOptimal OPTIMAL
 weights_sum: 1.0000000000000009
itereffortlevel: 0
--separating...
--find a better primal bound 0.1731481262801868 by Alternative descent Eigen
--found a cut state by heuristic 0.1731481262801868 0.02243477692231756 
iteration: 846,  #states: 1952, valueb: 0.02243477692231756, activeness: 0.1731481262801868, primalobj: 0.9690476698209168, dualobj: -Inf
solve--
end solve-- RelaxOptimal OPTIMAL
 weights_sum: 0.9999999999999998
itereffortlevel: 0
--separating...
--find a better primal bound 0.1608530504197137 by Alternative descent Eigen
--found a cut state by heuristic 0.1608530504197137 0.04559434253858294 
iteration: 847,  #states: 1953, valueb: 0.04559434253858294, activeness: 0.1608530504197137, primalobj: 0.969029083703436, dualobj: -Inf
solve--
end solve-- RelaxOptimal OPTIMAL
 weights_sum: 1.0000004990868006
itereffortlevel: 0
--separating...
--find a better primal bound 0.19371762990039143 by Alternative descent Eigen
--found a cut state by heuristic 0.19371762990039143 0.04462723107491251 
iteration: 848,  #states: 1954, valueb: 0.04462723107491251, activeness: 0.19371762990039143, primalobj: 0.9690209798242032, dualobj: -Inf
solve--
end solve-- RelaxOptimal OPTIMAL
 weights_sum: 1.0000000000000002
itereffortlevel: 0
--separating...
--find a better primal bound 0.1270906596561054 by Alternative descent Eigen
--found a cut state by heuristic 0.1270906596561054 0.036586768953597144 
iteration: 849,  #states: 1955, valueb: 0.036586768953597144, activeness: 0.1270906596561054, primalobj: 0.9689869902208132, dualobj: -Inf
solve--
end solve-- RelaxOptimal OPTIMAL
 weights_sum: 0.9999999999999992
itereffortlevel: 0
--separating...
--find a better primal bound 0.08211956555253208 by Alternative descent Eigen
--found a cut state by heuristic 0.08211956555253208 0.03690377248441323 
iteration: 850,  #states: 1956, valueb: 0.03690377248441323, activeness: 0.08211956555253208, primalobj: 0.9689648927936435, dualobj: -Inf
solve--
end solve-- RelaxOptimal OPTIMAL
 weights_sum: 0.9999999999999996
itereffortlevel: 0
--separating...
--find a better primal bound 0.16843436062714756 by Alternative descent Eigen
--found a cut state by heuristic 0.16843436062714756 0.04502272226976785 
iteration: 851,  #states: 1957, valueb: 0.04502272226976785, activeness: 0.16843436062714756, primalobj: 0.9689612774871221, dualobj: -Inf
solve--
end solve-- RelaxOptimal OPTIMAL
 weights_sum: 0.9999999999999987
itereffortlevel: 0
--separating...
--find a better primal bound 0.10785827693419531 by Alternative descent Eigen
--found a cut state by heuristic 0.10785827693419531 0.03198509814321812 
iteration: 852,  #states: 1958, valueb: 0.03198509814321812, activeness: 0.10785827693419531, primalobj: 0.9689470745783055, dualobj: -Inf
solve--
end solve-- RelaxOptimal OPTIMAL
 weights_sum: 1.0000003098479966
itereffortlevel: 0
--separating...
--find a better primal bound 0.14661948283177234 by Alternative descent Eigen
--found a cut state by heuristic 0.14661948283177234 0.02679896471217103 
iteration: 853,  #states: 1959, valueb: 0.02679896471217103, activeness: 0.14661948283177234, primalobj: 0.9689407071353021, dualobj: -Inf
solve--
end solve-- RelaxOptimal OPTIMAL
 weights_sum: 1.0
itereffortlevel: 0
--separating...
--find a better primal bound 0.1815651686886429 by Alternative descent Eigen
--found a cut state by heuristic 0.1815651686886429 0.03949243254249116 
iteration: 854,  #states: 1960, valueb: 0.03949243254249116, activeness: 0.1815651686886429, primalobj: 0.9689140514318647, dualobj: -Inf
solve--
end solve-- RelaxOptimal OPTIMAL
 weights_sum: 1.0000000020616377
itereffortlevel: 0
--separating...
--find a better primal bound 0.19427660188139986 by Alternative descent Eigen
--found a cut state by heuristic 0.19427660188139986 0.06161811787296017 
iteration: 855,  #states: 1961, valueb: 0.06161811787296017, activeness: 0.19427660188139986, primalobj: 0.9688672385130078, dualobj: -Inf
solve--
end solve-- RelaxOptimal OPTIMAL
 weights_sum: 1.0
itereffortlevel: 0
--separating...
--find a better primal bound 0.10367168992454662 by Alternative descent Eigen
--found a cut state by heuristic 0.10367168992454662 0.026074672980931444 
iteration: 856,  #states: 1962, valueb: 0.026074672980931444, activeness: 0.10367168992454662, primalobj: 0.9688442231188729, dualobj: -Inf
solve--
end solve-- RelaxOptimal OPTIMAL
 weights_sum: 1.000000000000001
itereffortlevel: 0
--separating...
--find a better primal bound 0.15141267143686316 by Alternative descent Eigen
--found a cut state by heuristic 0.15141267143686316 0.020861725251636477 
iteration: 857,  #states: 1963, valueb: 0.020861725251636477, activeness: 0.15141267143686316, primalobj: 0.9688291311088113, dualobj: -Inf
solve--
end solve-- RelaxOptimal OPTIMAL
 weights_sum: 0.9999999999999999
itereffortlevel: 0
--separating...
--find a better primal bound 0.1615873100808059 by Alternative descent Eigen
--found a cut state by heuristic 0.1615873100808059 0.029861445815555485 
iteration: 858,  #states: 1964, valueb: 0.029861445815555485, activeness: 0.1615873100808059, primalobj: 0.9688088029967309, dualobj: -Inf
solve--
end solve-- RelaxOptimal OPTIMAL
 weights_sum: 1.0000000000000007
itereffortlevel: 0
--separating...
--find a better primal bound 0.16098830707115075 by Alternative descent Eigen
--found a cut state by heuristic 0.16098830707115075 0.022099952710079196 
iteration: 859,  #states: 1965, valueb: 0.022099952710079196, activeness: 0.16098830707115075, primalobj: 0.9687894433958403, dualobj: -Inf
solve--
end solve-- RelaxOptimal OPTIMAL
 weights_sum: 1.0000000000000007
itereffortlevel: 0
--separating...
--find a better primal bound 0.12088457120244928 by Alternative descent Eigen
--found a cut state by heuristic 0.12088457120244928 0.019380403698453244 
iteration: 860,  #states: 1966, valueb: 0.019380403698453244, activeness: 0.12088457120244928, primalobj: 0.9687607620723772, dualobj: -Inf
solve--
end solve-- RelaxOptimal OPTIMAL
 weights_sum: 1.0000000000000009
itereffortlevel: 0
--separating...
--find a better primal bound 0.18133643910995506 by Alternative descent Eigen
--found a cut state by heuristic 0.18133643910995506 0.02269948806361118 
iteration: 861,  #states: 1967, valueb: 0.02269948806361118, activeness: 0.18133643910995506, primalobj: 0.968745399397991, dualobj: -Inf
solve--
end solve-- RelaxOptimal OPTIMAL
 weights_sum: 1.0000000000000009
itereffortlevel: 0
--separating...
--find a better primal bound 0.14755814888234886 by Alternative descent Eigen
--found a cut state by heuristic 0.14755814888234886 0.016975783161873956 
iteration: 862,  #states: 1968, valueb: 0.016975783161873956, activeness: 0.14755814888234886, primalobj: 0.9687260859774541, dualobj: -Inf
solve--
end solve-- RelaxOptimal OPTIMAL
 weights_sum: 0.999999999999999
itereffortlevel: 0
--separating...
--find a better primal bound 0.09905969543293794 by Alternative descent Eigen
--found a cut state by heuristic 0.09905969543293794 0.025023355979759465 
iteration: 863,  #states: 1969, valueb: 0.025023355979759465, activeness: 0.09905969543293794, primalobj: 0.968713527610277, dualobj: -Inf
solve--
end solve-- RelaxOptimal OPTIMAL
 weights_sum: 0.9999999999999996
itereffortlevel: 0
--separating...
--find a better primal bound 0.0977284596183274 by Alternative descent Eigen
--found a cut state by heuristic 0.0977284596183274 0.010710085484387052 
iteration: 864,  #states: 1970, valueb: 0.010710085484387052, activeness: 0.0977284596183274, primalobj: 0.9687061355121572, dualobj: -Inf
solve--
end solve-- RelaxOptimal OPTIMAL
 weights_sum: 1.0
itereffortlevel: 0
--separating...
--find a better primal bound 0.13754849909035682 by Alternative descent Eigen
--found a cut state by heuristic 0.13754849909035682 0.030694774206455232 
iteration: 865,  #states: 1971, valueb: 0.030694774206455232, activeness: 0.13754849909035682, primalobj: 0.9686923277313255, dualobj: -Inf
solve--
end solve-- RelaxOptimal OPTIMAL
 weights_sum: 1.0
itereffortlevel: 0
--separating...
--find a better primal bound 0.20929705369690482 by Alternative descent Eigen
--found a cut state by heuristic 0.20929705369690482 0.023494536547780887 
iteration: 866,  #states: 1972, valueb: 0.023494536547780887, activeness: 0.20929705369690482, primalobj: 0.9686804912293466, dualobj: -Inf
solve--
end solve-- RelaxOptimal OPTIMAL
 weights_sum: 1.0000000000000002
itereffortlevel: 0
--separating...
--find a better primal bound 0.15889225518981337 by Alternative descent Eigen
--found a cut state by heuristic 0.15889225518981337 0.015477771139457877 
iteration: 867,  #states: 1973, valueb: 0.015477771139457877, activeness: 0.15889225518981337, primalobj: 0.9686452186119751, dualobj: -Inf
solve--
end solve-- RelaxOptimal OPTIMAL
 weights_sum: 1.0000006361143896
itereffortlevel: 0
--separating...
--find a better primal bound 0.12852883991991365 by Alternative descent Eigen
--found a cut state by heuristic 0.12852883991991365 0.005003690882461509 
iteration: 868,  #states: 1974, valueb: 0.005003690882461509, activeness: 0.12852883991991365, primalobj: 0.9686285410566254, dualobj: -Inf
solve--
end solve-- RelaxOptimal OPTIMAL
 weights_sum: 1.0000000000000009
itereffortlevel: 0
--separating...
--find a better primal bound 0.23388832284498523 by Alternative descent Eigen
--found a cut state by heuristic 0.23388832284498523 0.016915564383993262 
iteration: 869,  #states: 1975, valueb: 0.016915564383993262, activeness: 0.23388832284498523, primalobj: 0.9686140903537758, dualobj: -Inf
solve--
end solve-- RelaxOptimal OPTIMAL
 weights_sum: 0.9999999999999998
itereffortlevel: 0
--separating...
--find a better primal bound 0.21527026798571408 by Alternative descent Eigen
--found a cut state by heuristic 0.21527026798571408 0.04678999137763416 
iteration: 870,  #states: 1976, valueb: 0.04678999137763416, activeness: 0.21527026798571408, primalobj: 0.9685822178026396, dualobj: -Inf
solve--
end solve-- RelaxOptimal OPTIMAL
 weights_sum: 1.0000000000000002
itereffortlevel: 0
--separating...
--find a better primal bound 0.1629109352530984 by Alternative descent Eigen
--found a cut state by heuristic 0.1629109352530984 0.05146249912226146 
iteration: 871,  #states: 1977, valueb: 0.05146249912226146, activeness: 0.1629109352530984, primalobj: 0.9685624470029407, dualobj: -Inf
solve--
end solve-- RelaxOptimal OPTIMAL
 weights_sum: 0.9999999999999997
itereffortlevel: 0
--separating...
--find a better primal bound 0.2565708446021762 by Alternative descent Eigen
--found a cut state by heuristic 0.2565708446021762 0.07042166843864084 
iteration: 872,  #states: 1978, valueb: 0.07042166843864084, activeness: 0.2565708446021762, primalobj: 0.9685515743515686, dualobj: -Inf
solve--
end solve-- RelaxOptimal OPTIMAL
 weights_sum: 0.9999999999999997
itereffortlevel: 0
--separating...
--find a better primal bound 0.14945991485537113 by Alternative descent Eigen
--found a cut state by heuristic 0.14945991485537113 0.04595359457761797 
iteration: 873,  #states: 1979, valueb: 0.04595359457761797, activeness: 0.14945991485537113, primalobj: 0.9685336382878234, dualobj: -Inf
solve--
end solve-- RelaxOptimal OPTIMAL
 weights_sum: 0.9999999999999987
itereffortlevel: 0
--separating...
--find a better primal bound 0.1308927609122939 by Alternative descent Eigen
--found a cut state by heuristic 0.1308927609122939 0.0363760855311198 
iteration: 874,  #states: 1980, valueb: 0.0363760855311198, activeness: 0.1308927609122939, primalobj: 0.9685276507590386, dualobj: -Inf
solve--
end solve-- RelaxOptimal OPTIMAL
 weights_sum: 1.0000000000000002
itereffortlevel: 0
--separating...
--find a better primal bound 0.2024020107505211 by Alternative descent Eigen
--found a cut state by heuristic 0.2024020107505211 0.03903092485585989 
iteration: 875,  #states: 1981, valueb: 0.03903092485585989, activeness: 0.2024020107505211, primalobj: 0.9685116346319119, dualobj: -Inf
solve--
end solve-- RelaxOptimal OPTIMAL
 weights_sum: 0.9999999999999991
itereffortlevel: 0
--separating...
--find a better primal bound 0.14069454040608 by Alternative descent Eigen
--found a cut state by heuristic 0.14069454040608 0.03643640365919936 
iteration: 876,  #states: 1982, valueb: 0.03643640365919936, activeness: 0.14069454040608, primalobj: 0.9684794532076254, dualobj: -Inf
solve--
end solve-- RelaxOptimal OPTIMAL
 weights_sum: 0.9999999999999998
itereffortlevel: 0
--separating...
--find a better primal bound 0.15429126815331703 by Alternative descent Eigen
--found a cut state by heuristic 0.15429126815331703 0.020893494501287052 
iteration: 877,  #states: 1983, valueb: 0.020893494501287052, activeness: 0.15429126815331703, primalobj: 0.9684660393749612, dualobj: -Inf
solve--
end solve-- RelaxOptimal OPTIMAL
 weights_sum: 0.9999999999999992
itereffortlevel: 0
--separating...
--find a better primal bound 0.1183656432811897 by Alternative descent Eigen
--found a cut state by heuristic 0.1183656432811897 0.009454456105511717 
iteration: 878,  #states: 1984, valueb: 0.009454456105511717, activeness: 0.1183656432811897, primalobj: 0.9684560952724021, dualobj: -Inf
solve--
end solve-- RelaxOptimal OPTIMAL
 weights_sum: 1.0000000000000013
itereffortlevel: 0
--separating...
--find a better primal bound 0.1501124535712856 by Alternative descent Eigen
--found a cut state by heuristic 0.1501124535712856 0.03697218857230496 
iteration: 879,  #states: 1985, valueb: 0.03697218857230496, activeness: 0.1501124535712856, primalobj: 0.9684464336462058, dualobj: -Inf
solve--
end solve-- RelaxOptimal OPTIMAL
 weights_sum: 0.9999999999999982
itereffortlevel: 0
--separating...
--find a better primal bound 0.20732880476658433 by Alternative descent Eigen
--found a cut state by heuristic 0.20732880476658433 0.05405654433244885 
iteration: 880,  #states: 1986, valueb: 0.05405654433244885, activeness: 0.20732880476658433, primalobj: 0.9684304371731027, dualobj: -Inf
solve--
end solve-- RelaxOptimal OPTIMAL
 weights_sum: 0.9999999999999996
itereffortlevel: 0
--separating...
--find a better primal bound 0.17235849688573837 by Alternative descent Eigen
--found a cut state by heuristic 0.17235849688573837 0.05808147358621646 
iteration: 881,  #states: 1987, valueb: 0.05808147358621646, activeness: 0.17235849688573837, primalobj: 0.968406485046289, dualobj: -Inf
solve--
end solve-- RelaxOptimal OPTIMAL
 weights_sum: 0.9999999999999991
itereffortlevel: 0
--separating...
--find a better primal bound 0.16935594159397693 by Alternative descent Eigen
--found a cut state by heuristic 0.16935594159397693 0.04350738657784717 
iteration: 882,  #states: 1988, valueb: 0.04350738657784717, activeness: 0.16935594159397693, primalobj: 0.968394283875478, dualobj: -Inf
solve--
end solve-- RelaxOptimal OPTIMAL
 weights_sum: 0.9999999999999991
itereffortlevel: 0
--separating...
--find a better primal bound 0.24421902766735654 by Alternative descent Eigen
--found a cut state by heuristic 0.24421902766735654 0.041014194088929035 
iteration: 883,  #states: 1989, valueb: 0.041014194088929035, activeness: 0.24421902766735654, primalobj: 0.9683657241124181, dualobj: -Inf
solve--
end solve-- RelaxOptimal OPTIMAL
 weights_sum: 1.0000000000000004
itereffortlevel: 0
--separating...
--find a better primal bound 0.07929979816273444 by Alternative descent Eigen
--found a cut state by heuristic 0.07929979816273444 0.035336912319457084 
iteration: 884,  #states: 1990, valueb: 0.035336912319457084, activeness: 0.07929979816273444, primalobj: 0.9683126773698825, dualobj: -Inf
solve--
end solve-- RelaxOptimal OPTIMAL
 weights_sum: 0.9999999999999993
itereffortlevel: 0
--separating...
--find a better primal bound 0.20117725110748047 by Alternative descent Eigen
--found a cut state by heuristic 0.20117725110748047 0.034185168715556595 
iteration: 885,  #states: 1991, valueb: 0.034185168715556595, activeness: 0.20117725110748047, primalobj: 0.9683030339047364, dualobj: -Inf
solve--
end solve-- RelaxOptimal OPTIMAL
 weights_sum: 1.0000000000000007
itereffortlevel: 0
--separating...
--find a better primal bound 0.13861371979673653 by Alternative descent Eigen
--found a cut state by heuristic 0.13861371979673653 0.03610186018536554 
iteration: 886,  #states: 1992, valueb: 0.03610186018536554, activeness: 0.13861371979673653, primalobj: 0.9682838410486725, dualobj: -Inf
solve--
end solve-- RelaxOptimal OPTIMAL
 weights_sum: 1.0
itereffortlevel: 0
--separating...
--find a better primal bound 0.18852595268614714 by Alternative descent Eigen
--found a cut state by heuristic 0.18852595268614714 0.04305835515343112 
iteration: 887,  #states: 1993, valueb: 0.04305835515343112, activeness: 0.18852595268614714, primalobj: 0.9682760243932221, dualobj: -Inf
solve--
end solve-- RelaxOptimal OPTIMAL
 weights_sum: 1.0000000000000013
itereffortlevel: 0
--separating...
--find a better primal bound 0.15679303961486177 by Alternative descent Eigen
--found a cut state by heuristic 0.15679303961486177 0.03382393729414754 
iteration: 888,  #states: 1994, valueb: 0.03382393729414754, activeness: 0.15679303961486177, primalobj: 0.9682347649509628, dualobj: -Inf
solve--
end solve-- RelaxOptimal OPTIMAL
 weights_sum: 1.0
itereffortlevel: 0
--separating...
--find a better primal bound 0.1270612157155456 by Alternative descent Eigen
--found a cut state by heuristic 0.1270612157155456 0.053300213571336075 
iteration: 889,  #states: 1995, valueb: 0.053300213571336075, activeness: 0.1270612157155456, primalobj: 0.9682220643190526, dualobj: -Inf
solve--
end solve-- RelaxOptimal OPTIMAL
 weights_sum: 1.0
itereffortlevel: 0
--separating...
--find a better primal bound 0.23408987155790936 by Alternative descent Eigen
--found a cut state by heuristic 0.23408987155790936 0.044719172706782606 
iteration: 890,  #states: 1996, valueb: 0.044719172706782606, activeness: 0.23408987155790936, primalobj: 0.9681963123577577, dualobj: -Inf
solve--
end solve-- RelaxOptimal OPTIMAL
 weights_sum: 1.0000000000000002
itereffortlevel: 0
--separating...
--find a better primal bound 0.13048341043831943 by Alternative descent Eigen
--found a cut state by heuristic 0.13048341043831943 0.04711821037102378 
iteration: 891,  #states: 1997, valueb: 0.04711821037102378, activeness: 0.13048341043831943, primalobj: 0.9681622056088568, dualobj: -Inf
solve--
end solve-- RelaxOptimal OPTIMAL
 weights_sum: 0.999999999999999
itereffortlevel: 0
--separating...
--find a better primal bound 0.14892076226062612 by Alternative descent Eigen
--found a cut state by heuristic 0.14892076226062612 0.03899822979259007 
iteration: 892,  #states: 1998, valueb: 0.03899822979259007, activeness: 0.14892076226062612, primalobj: 0.9681482855606631, dualobj: -Inf
solve--
end solve-- RelaxOptimal OPTIMAL
 weights_sum: 1.0000000000000004
itereffortlevel: 0
--separating...
--find a better primal bound 0.2199213431442525 by Alternative descent Eigen
--found a cut state by heuristic 0.2199213431442525 0.03576455476190978 
iteration: 893,  #states: 1999, valueb: 0.03576455476190978, activeness: 0.2199213431442525, primalobj: 0.9681349610348868, dualobj: -Inf
solve--
end solve-- RelaxOptimal OPTIMAL
 weights_sum: 1.0000000000000002
itereffortlevel: 0
--separating...
--find a better primal bound 0.08862952768118863 by Alternative descent Eigen
--found a cut state by heuristic 0.08862952768118863 0.007908095208678315 
iteration: 894,  #states: 2000, valueb: 0.007908095208678315, activeness: 0.08862952768118863, primalobj: 0.9681101186625284, dualobj: -Inf
solve--
end solve-- RelaxOptimal OPTIMAL
 weights_sum: 0.9999999999999993
itereffortlevel: 0
--separating...
--find a better primal bound 0.17186409804424022 by Alternative descent Eigen
--found a cut state by heuristic 0.17186409804424022 0.004698079965027369 
iteration: 895,  #states: 2001, valueb: 0.004698079965027369, activeness: 0.17186409804424022, primalobj: 0.9680999660922868, dualobj: -Inf
solve--
end solve-- RelaxOptimal OPTIMAL
 weights_sum: 1.0000000000000016
itereffortlevel: 0
--separating...
--find a better primal bound 0.08436885167592201 by Alternative descent Eigen
--found a cut state by heuristic 0.08436885167592201 0.0002988959488111773 
iteration: 896,  #states: 2002, valueb: 0.0002988959488111773, activeness: 0.08436885167592201, primalobj: 0.9680775358628525, dualobj: -Inf
solve--
end solve-- RelaxOptimal OPTIMAL
 weights_sum: 0.9999999999999984
itereffortlevel: 0
--separating...
--find a better primal bound 0.15038900415517886 by Alternative descent Eigen
--found a cut state by heuristic 0.15038900415517886 0.07035227803608746 
iteration: 897,  #states: 2003, valueb: 0.07035227803608746, activeness: 0.15038900415517886, primalobj: 0.9680623522799039, dualobj: -Inf
solve--
end solve-- RelaxOptimal OPTIMAL
 weights_sum: 1.0
itereffortlevel: 0
--separating...
--find a better primal bound 0.13225844683858162 by Alternative descent Eigen
--found a cut state by heuristic 0.13225844683858162 0.011069608348711532 
iteration: 898,  #states: 2004, valueb: 0.011069608348711532, activeness: 0.13225844683858162, primalobj: 0.9680527279486701, dualobj: -Inf
solve--
end solve-- RelaxOptimal OPTIMAL
 weights_sum: 0.9999999999999991
itereffortlevel: 0
--separating...
--find a better primal bound 0.2413661963533319 by Alternative descent Eigen
--found a cut state by heuristic 0.2413661963533319 0.09168236049314107 
iteration: 899,  #states: 2005, valueb: 0.09168236049314107, activeness: 0.2413661963533319, primalobj: 0.968039864285515, dualobj: -Inf
solve--
end solve-- RelaxOptimal OPTIMAL
 weights_sum: 0.9999999999999992
itereffortlevel: 0
--separating...
--find a better primal bound 0.19104206015957093 by Alternative descent Eigen
--found a cut state by heuristic 0.19104206015957093 0.051853324796907733 
iteration: 900,  #states: 2006, valueb: 0.051853324796907733, activeness: 0.19104206015957093, primalobj: 0.9680033828259076, dualobj: -Inf
solve--
end solve-- RelaxOptimal OPTIMAL
 weights_sum: 1.0000000000000002
itereffortlevel: 0
--separating...
--find a better primal bound 0.20874664963304984 by Alternative descent Eigen
--found a cut state by heuristic 0.20874664963304984 0.04744123811950943 
iteration: 901,  #states: 2007, valueb: 0.04744123811950943, activeness: 0.20874664963304984, primalobj: 0.9679859865880394, dualobj: -Inf
solve--
end solve-- RelaxOptimal OPTIMAL
 weights_sum: 0.9999999999999993
itereffortlevel: 0
--separating...
--find a better primal bound 0.1060860209724781 by Alternative descent Eigen
--found a cut state by heuristic 0.1060860209724781 7.516062853241168e-5 
iteration: 902,  #states: 2008, valueb: 7.516062853241168e-5, activeness: 0.1060860209724781, primalobj: 0.9679679203194995, dualobj: -Inf
solve--
end solve-- RelaxOptimal OPTIMAL
 weights_sum: 1.000000000000001
itereffortlevel: 0
--separating...
--find a better primal bound 0.0698484090571845 by Alternative descent Eigen
--found a cut state by heuristic 0.0698484090571845 0.0009056935808050782 
iteration: 903,  #states: 2009, valueb: 0.0009056935808050782, activeness: 0.0698484090571845, primalobj: 0.9679577510466303, dualobj: -Inf
solve--
end solve-- RelaxOptimal OPTIMAL
 weights_sum: 0.9999999999999989
itereffortlevel: 0
--separating...
--find a better primal bound 0.19897892703640713 by Alternative descent Eigen
--found a cut state by heuristic 0.19897892703640713 0.043489217126642395 
iteration: 904,  #states: 2010, valueb: 0.043489217126642395, activeness: 0.19897892703640713, primalobj: 0.9679517326795262, dualobj: -Inf
solve--
end solve-- RelaxOptimal OPTIMAL
 weights_sum: 1.0000000000000004
itereffortlevel: 0
--separating...
--find a better primal bound 0.11410644404466047 by Alternative descent Eigen
--found a cut state by heuristic 0.11410644404466047 0.06835858013497667 
iteration: 905,  #states: 2011, valueb: 0.06835858013497667, activeness: 0.11410644404466047, primalobj: 0.9679378805910653, dualobj: -Inf
solve--
end solve-- RelaxOptimal OPTIMAL
 weights_sum: 1.000000000000001
itereffortlevel: 0
--separating...
--find a better primal bound 0.15039121372582648 by Alternative descent Eigen
--found a cut state by heuristic 0.15039121372582648 0.006853562867145519 
iteration: 906,  #states: 2012, valueb: 0.006853562867145519, activeness: 0.15039121372582648, primalobj: 0.9679300968469399, dualobj: -Inf
solve--
end solve-- RelaxOptimal OPTIMAL
 weights_sum: 1.0
itereffortlevel: 0
--separating...
--find a better primal bound 0.10293274244994885 by Alternative descent Eigen
--found a cut state by heuristic 0.10293274244994885 0.01854054878388349 
iteration: 907,  #states: 2013, valueb: 0.01854054878388349, activeness: 0.10293274244994885, primalobj: 0.9679171979160037, dualobj: -Inf
solve--
end solve-- RelaxOptimal OPTIMAL
 weights_sum: 0.9999999999999989
itereffortlevel: 0
--separating...
--find a better primal bound 0.10276621678434182 by Alternative descent Eigen
--found a cut state by heuristic 0.10276621678434182 0.03561516987833151 
iteration: 908,  #states: 2014, valueb: 0.03561516987833151, activeness: 0.10276621678434182, primalobj: 0.9679050381970712, dualobj: -Inf
solve--
end solve-- RelaxOptimal OPTIMAL
 weights_sum: 0.9999999999999994
itereffortlevel: 0
--separating...
--find a better primal bound 0.1508560989669497 by Alternative descent Eigen
--found a cut state by heuristic 0.1508560989669497 0.04852502927451728 
iteration: 909,  #states: 2015, valueb: 0.04852502927451728, activeness: 0.1508560989669497, primalobj: 0.9678936626179089, dualobj: -Inf
solve--
end solve-- RelaxOptimal OPTIMAL
 weights_sum: 1.0000007831804463
itereffortlevel: 0
--separating...
--find a better primal bound 0.1313008055905389 by Alternative descent Eigen
--found a cut state by heuristic 0.1313008055905389 0.03268616418249912 
iteration: 910,  #states: 2016, valueb: 0.03268616418249912, activeness: 0.1313008055905389, primalobj: 0.9678783392820235, dualobj: -Inf
solve--
end solve-- RelaxOptimal OPTIMAL
 weights_sum: 1.0000000000000004
itereffortlevel: 0
--separating...
--find a better primal bound 0.12392152468943429 by Alternative descent Eigen
--found a cut state by heuristic 0.12392152468943429 0.010475226035864782 
iteration: 911,  #states: 2017, valueb: 0.010475226035864782, activeness: 0.12392152468943429, primalobj: 0.9678728944058493, dualobj: -Inf
solve--
end solve-- RelaxOptimal OPTIMAL
 weights_sum: 1.000001405188725
itereffortlevel: 0
--separating...
--find a better primal bound 0.16459751379302817 by Alternative descent Eigen
--found a cut state by heuristic 0.16459751379302817 0.009346217286035125 
iteration: 912,  #states: 2018, valueb: 0.009346217286035125, activeness: 0.16459751379302817, primalobj: 0.96783899696479, dualobj: -Inf
solve--
end solve-- RelaxOptimal OPTIMAL
 weights_sum: 0.9999999999999992
itereffortlevel: 0
--separating...
--find a better primal bound 0.1584380899152002 by Alternative descent Eigen
--found a cut state by heuristic 0.1584380899152002 0.0256595362595501 
iteration: 913,  #states: 2019, valueb: 0.0256595362595501, activeness: 0.1584380899152002, primalobj: 0.9678199885159207, dualobj: -Inf
solve--
end solve-- RelaxOptimal OPTIMAL
 weights_sum: 0.9999999999999992
itereffortlevel: 0
--separating...
--find a better primal bound 0.1878835946641766 by Alternative descent Eigen
--found a cut state by heuristic 0.1878835946641766 0.020891030879988157 
iteration: 914,  #states: 2020, valueb: 0.020891030879988157, activeness: 0.1878835946641766, primalobj: 0.9678042991705074, dualobj: -Inf
solve--
end solve-- RelaxOptimal OPTIMAL
 weights_sum: 0.9999999999999993
itereffortlevel: 0
--separating...
--find a better primal bound 0.10872719844445597 by Alternative descent Eigen
--found a cut state by heuristic 0.10872719844445597 0.006071290769548349 
iteration: 915,  #states: 2021, valueb: 0.006071290769548349, activeness: 0.10872719844445597, primalobj: 0.9677590229579254, dualobj: -Inf
solve--
end solve-- RelaxOptimal OPTIMAL
 weights_sum: 1.0
itereffortlevel: 0
--separating...
--find a better primal bound 0.1190051551803116 by Alternative descent Eigen
--found a cut state by heuristic 0.1190051551803116 0.02677946724311553 
iteration: 916,  #states: 2022, valueb: 0.02677946724311553, activeness: 0.1190051551803116, primalobj: 0.9677441020570532, dualobj: -Inf
solve--
end solve-- RelaxOptimal OPTIMAL
 weights_sum: 0.9999999999999987
itereffortlevel: 0
--separating...
--find a better primal bound 0.15518088657174917 by Alternative descent Eigen
--found a cut state by heuristic 0.15518088657174917 0.021391049424635628 
iteration: 917,  #states: 2023, valueb: 0.021391049424635628, activeness: 0.15518088657174917, primalobj: 0.9677145138275648, dualobj: -Inf
solve--
end solve-- RelaxOptimal OPTIMAL
 weights_sum: 0.9999999999999998
itereffortlevel: 0
--separating...
--find a better primal bound 0.08279480470003708 by Alternative descent Eigen
--found a cut state by heuristic 0.08279480470003708 0.012883025071787627 
iteration: 918,  #states: 2024, valueb: 0.012883025071787627, activeness: 0.08279480470003708, primalobj: 0.9676975087647453, dualobj: -Inf
solve--
end solve-- RelaxOptimal OPTIMAL
 weights_sum: 0.9999999999999994
itereffortlevel: 0
--separating...
--find a better primal bound 0.11316716615816971 by Alternative descent Eigen
--found a cut state by heuristic 0.11316716615816971 0.02444775696659534 
iteration: 919,  #states: 2025, valueb: 0.02444775696659534, activeness: 0.11316716615816971, primalobj: 0.967692109407907, dualobj: -Inf
solve--
end solve-- RelaxOptimal OPTIMAL
 weights_sum: 0.9999999999999997
itereffortlevel: 0
--separating...
--find a better primal bound 0.17801304982688937 by Alternative descent Eigen
--found a cut state by heuristic 0.17801304982688937 0.028044431845953312 
iteration: 920,  #states: 2026, valueb: 0.028044431845953312, activeness: 0.17801304982688937, primalobj: 0.9676813370155468, dualobj: -Inf
solve--
end solve-- RelaxOptimal OPTIMAL
 weights_sum: 0.9999999999999996
itereffortlevel: 0
--separating...
--find a better primal bound 0.13153821020037226 by Alternative descent Eigen
--found a cut state by heuristic 0.13153821020037226 0.03141832700427585 
iteration: 921,  #states: 2027, valueb: 0.03141832700427585, activeness: 0.13153821020037226, primalobj: 0.9676612694267043, dualobj: -Inf
solve--
end solve-- RelaxOptimal OPTIMAL
 weights_sum: 1.0000000000000009
itereffortlevel: 0
--separating...
--find a better primal bound 0.18913730585358202 by Alternative descent Eigen
--found a cut state by heuristic 0.18913730585358202 0.027910661355892315 
iteration: 922,  #states: 2028, valueb: 0.027910661355892315, activeness: 0.18913730585358202, primalobj: 0.9676457222482141, dualobj: -Inf
solve--
end solve-- RelaxOptimal OPTIMAL
 weights_sum: 0.9999999999999996
itereffortlevel: 0
--separating...
--find a better primal bound 0.10702917046847188 by Alternative descent Eigen
--found a cut state by heuristic 0.10702917046847188 0.026033572019176734 
iteration: 923,  #states: 2029, valueb: 0.026033572019176734, activeness: 0.10702917046847188, primalobj: 0.9676125806059767, dualobj: -Inf
solve--
end solve-- RelaxOptimal OPTIMAL
 weights_sum: 0.9999999999999997
itereffortlevel: 0
--separating...
--find a better primal bound 0.15413606496954288 by Alternative descent Eigen
--found a cut state by heuristic 0.15413606496954288 0.036870066889006015 
iteration: 924,  #states: 2030, valueb: 0.036870066889006015, activeness: 0.15413606496954288, primalobj: 0.9675921878679681, dualobj: -Inf
solve--
end solve-- RelaxOptimal OPTIMAL
 weights_sum: 1.0000000000000027
itereffortlevel: 0
--separating...
--find a better primal bound 0.14467848893110832 by Alternative descent Eigen
--found a cut state by heuristic 0.14467848893110832 0.028417552147500937 
iteration: 925,  #states: 2031, valueb: 0.028417552147500937, activeness: 0.14467848893110832, primalobj: 0.9675802112317872, dualobj: -Inf
solve--
end solve-- RelaxOptimal OPTIMAL
 weights_sum: 0.9999999999999996
itereffortlevel: 0
--separating...
--find a better primal bound 0.163854139612975 by Alternative descent Eigen
--found a cut state by heuristic 0.163854139612975 0.011096480360069992 
iteration: 926,  #states: 2032, valueb: 0.011096480360069992, activeness: 0.163854139612975, primalobj: 0.9675581175088767, dualobj: -Inf
solve--
end solve-- RelaxOptimal OPTIMAL
 weights_sum: 0.9999999999999992
itereffortlevel: 0
--separating...
--find a better primal bound 0.14243589419481226 by Alternative descent Eigen
--found a cut state by heuristic 0.14243589419481226 0.007246581896381611 
iteration: 927,  #states: 2033, valueb: 0.007246581896381611, activeness: 0.14243589419481226, primalobj: 0.9675373763013903, dualobj: -Inf
solve--
end solve-- RelaxOptimal OPTIMAL
 weights_sum: 1.0000000000000018
itereffortlevel: 0
--separating...
--find a better primal bound 0.18215790013258276 by Alternative descent Eigen
--found a cut state by heuristic 0.18215790013258276 0.011385409356039036 
iteration: 928,  #states: 2034, valueb: 0.011385409356039036, activeness: 0.18215790013258276, primalobj: 0.9675122513133335, dualobj: -Inf
solve--
end solve-- RelaxOptimal OPTIMAL
 weights_sum: 1.0000000000000002
itereffortlevel: 0
--separating...
--find a better primal bound 0.12871564365655455 by Alternative descent Eigen
--found a cut state by heuristic 0.12871564365655455 0.05278721673101722 
iteration: 929,  #states: 2035, valueb: 0.05278721673101722, activeness: 0.12871564365655455, primalobj: 0.9674974215895615, dualobj: -Inf
solve--
end solve-- RelaxOptimal OPTIMAL
 weights_sum: 1.0
itereffortlevel: 0
--separating...
--find a better primal bound 0.17842210008058842 by Alternative descent Eigen
--found a cut state by heuristic 0.17842210008058842 0.035385659513668316 
iteration: 930,  #states: 2036, valueb: 0.035385659513668316, activeness: 0.17842210008058842, primalobj: 0.9674893936789212, dualobj: -Inf
solve--
end solve-- RelaxOptimal OPTIMAL
 weights_sum: 1.0000004743719142
itereffortlevel: 0
--separating...
--find a better primal bound 0.172073419637735 by Alternative descent Eigen
--found a cut state by heuristic 0.172073419637735 0.014543185106653414 
iteration: 931,  #states: 2037, valueb: 0.014543185106653414, activeness: 0.172073419637735, primalobj: 0.9674696083642761, dualobj: -Inf
solve--
end solve-- RelaxOptimal OPTIMAL
 weights_sum: 1.0000000000000002
itereffortlevel: 0
--separating...
--find a better primal bound 0.2067602451251112 by Alternative descent Eigen
--found a cut state by heuristic 0.2067602451251112 0.06379283817075193 
iteration: 932,  #states: 2038, valueb: 0.06379283817075193, activeness: 0.2067602451251112, primalobj: 0.9674338640498918, dualobj: -Inf
solve--
end solve-- RelaxOptimal OPTIMAL
 weights_sum: 1.0000000000000009
itereffortlevel: 0
--separating...
--find a better primal bound 0.1656028809057105 by Alternative descent Eigen
--found a cut state by heuristic 0.1656028809057105 0.0011966952588795753 
iteration: 933,  #states: 2039, valueb: 0.0011966952588795753, activeness: 0.1656028809057105, primalobj: 0.9674231369319484, dualobj: -Inf
solve--
end solve-- RelaxOptimal OPTIMAL
 weights_sum: 0.9999999999999993
itereffortlevel: 0
--separating...
--find a better primal bound 0.17275356334638894 by Alternative descent Eigen
--found a cut state by heuristic 0.17275356334638894 0.012215471998623382 
iteration: 934,  #states: 2040, valueb: 0.012215471998623382, activeness: 0.17275356334638894, primalobj: 0.9674066957550036, dualobj: -Inf
solve--
end solve-- RelaxOptimal OPTIMAL
 weights_sum: 0.9999999999999997
itereffortlevel: 0
--separating...
--find a better primal bound 0.1695079220562548 by Alternative descent Eigen
--found a cut state by heuristic 0.1695079220562548 0.0040018887413324055 
iteration: 935,  #states: 2041, valueb: 0.0040018887413324055, activeness: 0.1695079220562548, primalobj: 0.9673930503306194, dualobj: -Inf
solve--
end solve-- RelaxOptimal OPTIMAL
 weights_sum: 0.9999999999999991
itereffortlevel: 0
--separating...
--find a better primal bound 0.12846105185691817 by Alternative descent Eigen
--found a cut state by heuristic 0.12846105185691817 0.007481878570214496 
iteration: 936,  #states: 2042, valueb: 0.007481878570214496, activeness: 0.12846105185691817, primalobj: 0.9673719453497309, dualobj: -Inf
solve--
end solve-- RelaxOptimal OPTIMAL
 weights_sum: 1.0
itereffortlevel: 0
--separating...
--find a better primal bound 0.13004879210512918 by Alternative descent Eigen
--found a cut state by heuristic 0.13004879210512918 0.06518880628177619 
iteration: 937,  #states: 2043, valueb: 0.06518880628177619, activeness: 0.13004879210512918, primalobj: 0.9673388805926949, dualobj: -Inf
solve--
end solve-- RelaxOptimal OPTIMAL
 weights_sum: 0.9999999999999989
itereffortlevel: 0
--separating...
--find a better primal bound 0.1250501140292309 by Alternative descent Eigen
--found a cut state by heuristic 0.1250501140292309 0.003927312759835072 
iteration: 938,  #states: 2044, valueb: 0.003927312759835072, activeness: 0.1250501140292309, primalobj: 0.9673345934491963, dualobj: -Inf
solve--
end solve-- RelaxOptimal OPTIMAL
 weights_sum: 1.0000000000000007
itereffortlevel: 0
--separating...
--find a better primal bound 0.1725226806956987 by Alternative descent Eigen
--found a cut state by heuristic 0.1725226806956987 0.007587113095924925 
iteration: 939,  #states: 2045, valueb: 0.007587113095924925, activeness: 0.1725226806956987, primalobj: 0.9673154001752262, dualobj: -Inf
solve--
end solve-- RelaxOptimal OPTIMAL
 weights_sum: 0.9999999999999989
itereffortlevel: 0
--separating...
--find a better primal bound 0.19246211242297695 by Alternative descent Eigen
--found a cut state by heuristic 0.19246211242297695 0.0393160171679508 
iteration: 940,  #states: 2046, valueb: 0.0393160171679508, activeness: 0.19246211242297695, primalobj: 0.9672943109896721, dualobj: -Inf
solve--
end solve-- RelaxOptimal OPTIMAL
 weights_sum: 1.000000000000001
itereffortlevel: 0
--separating...
--find a better primal bound 0.16589576287391739 by Alternative descent Eigen
--found a cut state by heuristic 0.16589576287391739 0.03125320813146526 
iteration: 941,  #states: 2047, valueb: 0.03125320813146526, activeness: 0.16589576287391739, primalobj: 0.9672692428327908, dualobj: -Inf
solve--
end solve-- RelaxOptimal OPTIMAL
 weights_sum: 0.9999999999999998
itereffortlevel: 0
--separating...
--find a better primal bound 0.13208071942772254 by Alternative descent Eigen
--found a cut state by heuristic 0.13208071942772254 0.050990735567714815 
iteration: 942,  #states: 2048, valueb: 0.050990735567714815, activeness: 0.13208071942772254, primalobj: 0.9672504515729611, dualobj: -Inf
solve--
end solve-- RelaxOptimal OPTIMAL
 weights_sum: 1.00000006077781
itereffortlevel: 0
--separating...
--find a better primal bound 0.1793668132897497 by Alternative descent Eigen
--found a cut state by heuristic 0.1793668132897497 0.032773062874730655 
iteration: 943,  #states: 2049, valueb: 0.032773062874730655, activeness: 0.1793668132897497, primalobj: 0.9672416287278185, dualobj: -Inf
solve--
end solve-- RelaxOptimal OPTIMAL
 weights_sum: 1.0000014129720391
itereffortlevel: 0
--separating...
--find a better primal bound 0.11850448626915175 by Alternative descent Eigen
--found a cut state by heuristic 0.11850448626915175 0.003232371940076133 
iteration: 944,  #states: 2050, valueb: 0.003232371940076133, activeness: 0.11850448626915175, primalobj: 0.9672225574924174, dualobj: -Inf
solve--
end solve-- RelaxOptimal OPTIMAL
 weights_sum: 1.0000000000000007
itereffortlevel: 0
--separating...
--find a better primal bound 0.22872260637719238 by Alternative descent Eigen
--found a cut state by heuristic 0.22872260637719238 0.036005956759968205 
iteration: 945,  #states: 2051, valueb: 0.036005956759968205, activeness: 0.22872260637719238, primalobj: 0.9671947036180863, dualobj: -Inf
solve--
end solve-- RelaxOptimal OPTIMAL
 weights_sum: 1.000000000000001
itereffortlevel: 0
--separating...
--find a better primal bound 0.1261792949135298 by Alternative descent Eigen
--found a cut state by heuristic 0.1261792949135298 0.03914668327429241 
iteration: 946,  #states: 2052, valueb: 0.03914668327429241, activeness: 0.1261792949135298, primalobj: 0.9671653168125179, dualobj: -Inf
solve--
end solve-- RelaxOptimal OPTIMAL
 weights_sum: 1.0000015186698519
itereffortlevel: 0
--separating...
--find a better primal bound 0.19569342308908594 by Alternative descent Eigen
--found a cut state by heuristic 0.19569342308908594 0.0793605833504385 
iteration: 947,  #states: 2053, valueb: 0.0793605833504385, activeness: 0.19569342308908594, primalobj: 0.967153922948955, dualobj: -Inf
solve--
end solve-- RelaxOptimal OPTIMAL
 weights_sum: 1.0000000748045699
itereffortlevel: 0
--separating...
--find a better primal bound 0.12713667221075614 by Alternative descent Eigen
--found a cut state by heuristic 0.12713667221075614 0.011306817579987664 
iteration: 948,  #states: 2054, valueb: 0.011306817579987664, activeness: 0.12713667221075614, primalobj: 0.9671405867249473, dualobj: -Inf
solve--
end solve-- RelaxOptimal OPTIMAL
 weights_sum: 0.9999999999999999
itereffortlevel: 0
--separating...
--find a better primal bound 0.14040845463362234 by Alternative descent Eigen
--found a cut state by heuristic 0.14040845463362234 0.025280989453280965 
iteration: 949,  #states: 2055, valueb: 0.025280989453280965, activeness: 0.14040845463362234, primalobj: 0.9671256924074181, dualobj: -Inf
solve--
end solve-- RelaxOptimal OPTIMAL
 weights_sum: 0.9999999999999998
itereffortlevel: 0
--separating...
--find a better primal bound 0.15993574616386 by Alternative descent Eigen
--found a cut state by heuristic 0.15993574616386 0.03243995595233963 
iteration: 950,  #states: 2056, valueb: 0.03243995595233963, activeness: 0.15993574616386, primalobj: 0.9671133279289016, dualobj: -Inf
solve--
end solve-- RelaxOptimal OPTIMAL
 weights_sum: 0.9999999999999991
itereffortlevel: 0
--separating...
--find a better primal bound 0.08460110940299959 by Alternative descent Eigen
--found a cut state by heuristic 0.08460110940299959 0.004818669071046929 
iteration: 951,  #states: 2057, valueb: 0.004818669071046929, activeness: 0.08460110940299959, primalobj: 0.9670979737909099, dualobj: -Inf
solve--
end solve-- RelaxOptimal OPTIMAL
 weights_sum: 1.0
itereffortlevel: 0
--separating...
--find a better primal bound 0.18207115448959782 by Alternative descent Eigen
--found a cut state by heuristic 0.18207115448959782 0.029610086404981195 
iteration: 952,  #states: 2058, valueb: 0.029610086404981195, activeness: 0.18207115448959782, primalobj: 0.9670912152032639, dualobj: -Inf
solve--
end solve-- RelaxOptimal OPTIMAL
 weights_sum: 0.9999999999999993
itereffortlevel: 0
--separating...
--find a better primal bound 0.20304046784854551 by Alternative descent Eigen
--found a cut state by heuristic 0.20304046784854551 0.029448931851209545 
iteration: 953,  #states: 2059, valueb: 0.029448931851209545, activeness: 0.20304046784854551, primalobj: 0.9670741883431543, dualobj: -Inf
solve--
end solve-- RelaxOptimal OPTIMAL
 weights_sum: 0.9999999999999996
itereffortlevel: 0
--separating...
--find a better primal bound 0.09245079614734793 by Alternative descent Eigen
--found a cut state by heuristic 0.09245079614734793 0.033305139436235615 
iteration: 954,  #states: 2060, valueb: 0.033305139436235615, activeness: 0.09245079614734793, primalobj: 0.9670559071462408, dualobj: -Inf
solve--
end solve-- RelaxOptimal OPTIMAL
 weights_sum: 1.0000000242011204
itereffortlevel: 0
--separating...
--find a better primal bound 0.13116913832196317 by Alternative descent Eigen
--found a cut state by heuristic 0.13116913832196317 0.008638353997101366 
iteration: 955,  #states: 2061, valueb: 0.008638353997101366, activeness: 0.13116913832196317, primalobj: 0.9670443638182433, dualobj: -Inf
solve--
end solve-- RelaxOptimal OPTIMAL
 weights_sum: 0.9999999999999994
itereffortlevel: 0
--separating...
--find a better primal bound 0.14058875711248653 by Alternative descent Eigen
--found a cut state by heuristic 0.14058875711248653 0.006696506099461947 
iteration: 956,  #states: 2062, valueb: 0.006696506099461947, activeness: 0.14058875711248653, primalobj: 0.9670349208005135, dualobj: -Inf
solve--
end solve-- RelaxOptimal OPTIMAL
 weights_sum: 1.0000005866727104
itereffortlevel: 0
--separating...
--find a better primal bound 0.07249969841768855 by Alternative descent Eigen
--found a cut state by heuristic 0.07249969841768855 0.045899579032321114 
iteration: 957,  #states: 2063, valueb: 0.045899579032321114, activeness: 0.07249969841768855, primalobj: 0.9670247006336321, dualobj: -Inf
solve--
end solve-- RelaxOptimal OPTIMAL
 weights_sum: 0.9999999999999986
itereffortlevel: 0
--separating...
--find a better primal bound 0.15861890592826672 by Alternative descent Eigen
--found a cut state by heuristic 0.15861890592826672 0.04103297087846298 
iteration: 958,  #states: 2064, valueb: 0.04103297087846298, activeness: 0.15861890592826672, primalobj: 0.9670216699870231, dualobj: -Inf
solve--
end solve-- RelaxOptimal OPTIMAL
 weights_sum: 1.0000000000000007
itereffortlevel: 0
--separating...
--find a better primal bound 0.1823664710568757 by Alternative descent Eigen
--found a cut state by heuristic 0.1823664710568757 0.04036532809176969 
iteration: 959,  #states: 2065, valueb: 0.04036532809176969, activeness: 0.1823664710568757, primalobj: 0.9670166305992768, dualobj: -Inf
solve--
end solve-- RelaxOptimal OPTIMAL
 weights_sum: 1.000000945688646
itereffortlevel: 0
--separating...
--find a better primal bound 0.14469366147048124 by Alternative descent Eigen
--found a cut state by heuristic 0.14469366147048124 0.034726818737545885 
iteration: 960,  #states: 2066, valueb: 0.034726818737545885, activeness: 0.14469366147048124, primalobj: 0.966999801894227, dualobj: -Inf
solve--
end solve-- RelaxOptimal OPTIMAL
 weights_sum: 1.0000000000000002
itereffortlevel: 0
--separating...
--find a better primal bound 0.1721846856565657 by Alternative descent Eigen
--found a cut state by heuristic 0.1721846856565657 0.05345322412684575 
iteration: 961,  #states: 2067, valueb: 0.05345322412684575, activeness: 0.1721846856565657, primalobj: 0.9669820185549531, dualobj: -Inf
solve--
end solve-- RelaxOptimal OPTIMAL
 weights_sum: 1.0000000000000013
itereffortlevel: 0
--separating...
--find a better primal bound 0.11316457092194468 by Alternative descent Eigen
--found a cut state by heuristic 0.11316457092194468 0.050947153228757334 
iteration: 962,  #states: 2068, valueb: 0.050947153228757334, activeness: 0.11316457092194468, primalobj: 0.9669756873330643, dualobj: -Inf
solve--
end solve-- RelaxOptimal OPTIMAL
 weights_sum: 1.0000000000000007
itereffortlevel: 0
--separating...
--find a better primal bound 0.17795284104765396 by Alternative descent Eigen
--found a cut state by heuristic 0.17795284104765396 0.05982981360940848 
iteration: 963,  #states: 2069, valueb: 0.05982981360940848, activeness: 0.17795284104765396, primalobj: 0.9669708724011048, dualobj: -Inf
solve--
end solve-- RelaxOptimal OPTIMAL
 weights_sum: 1.0
itereffortlevel: 0
--separating...
--find a better primal bound 0.17801918809681946 by Alternative descent Eigen
--found a cut state by heuristic 0.17801918809681946 0.03499880258457222 
iteration: 964,  #states: 2070, valueb: 0.03499880258457222, activeness: 0.17801918809681946, primalobj: 0.9669511952993656, dualobj: -Inf
solve--
end solve-- RelaxOptimal OPTIMAL
 weights_sum: 0.9999999999999993
itereffortlevel: 0
--separating...
--find a better primal bound 0.14870081034117621 by Alternative descent Eigen
--found a cut state by heuristic 0.14870081034117621 0.05223765009755352 
iteration: 965,  #states: 2071, valueb: 0.05223765009755352, activeness: 0.14870081034117621, primalobj: 0.9669329920009654, dualobj: -Inf
solve--
end solve-- RelaxOptimal OPTIMAL
 weights_sum: 1.0000000000000009
itereffortlevel: 0
--separating...
--find a better primal bound 0.15908592779933273 by Alternative descent Eigen
--found a cut state by heuristic 0.15908592779933273 0.059398883930610505 
iteration: 966,  #states: 2072, valueb: 0.059398883930610505, activeness: 0.15908592779933273, primalobj: 0.9669212133971089, dualobj: -Inf
solve--
end solve-- RelaxOptimal OPTIMAL
 weights_sum: 1.000000213760576
itereffortlevel: 0
--separating...
--find a better primal bound 0.16334398896758895 by Alternative descent Eigen
--found a cut state by heuristic 0.16334398896758895 0.027933640817633786 
iteration: 967,  #states: 2073, valueb: 0.027933640817633786, activeness: 0.16334398896758895, primalobj: 0.96690758012595, dualobj: -Inf
solve--
end solve-- RelaxOptimal OPTIMAL
 weights_sum: 0.9999999999999994
itereffortlevel: 0
--separating...
--find a better primal bound 0.18344571244362823 by Alternative descent Eigen
--found a cut state by heuristic 0.18344571244362823 0.06330445726008443 
iteration: 968,  #states: 2074, valueb: 0.06330445726008443, activeness: 0.18344571244362823, primalobj: 0.9668869284254689, dualobj: -Inf
solve--
end solve-- RelaxOptimal OPTIMAL
 weights_sum: 1.0000000022454567
itereffortlevel: 0
--separating...
--find a better primal bound 0.15563240770849066 by Alternative descent Eigen
--found a cut state by heuristic 0.15563240770849066 0.05528277700682126 
iteration: 969,  #states: 2075, valueb: 0.05528277700682126, activeness: 0.15563240770849066, primalobj: 0.9668730855704311, dualobj: -Inf
solve--
end solve-- RelaxOptimal OPTIMAL
 weights_sum: 0.9999999999999996
itereffortlevel: 0
--separating...
--find a better primal bound 0.13715246934883332 by Alternative descent Eigen
--found a cut state by heuristic 0.13715246934883332 0.04333982957020751 
iteration: 970,  #states: 2076, valueb: 0.04333982957020751, activeness: 0.13715246934883332, primalobj: 0.9668549491059225, dualobj: -Inf
solve--
end solve-- RelaxOptimal OPTIMAL
 weights_sum: 0.9999999999999998
itereffortlevel: 0
--separating...
--find a better primal bound 0.07755344534820399 by Alternative descent Eigen
--found a cut state by heuristic 0.07755344534820399 0.013917306519922928 
iteration: 971,  #states: 2077, valueb: 0.013917306519922928, activeness: 0.07755344534820399, primalobj: 0.9668463045132544, dualobj: -Inf
solve--
end solve-- RelaxOptimal OPTIMAL
 weights_sum: 1.0000000000000009
itereffortlevel: 0
--separating...
--find a better primal bound 0.12864619909431552 by Alternative descent Eigen
--found a cut state by heuristic 0.12864619909431552 0.024479723770208277 
iteration: 972,  #states: 2078, valueb: 0.024479723770208277, activeness: 0.12864619909431552, primalobj: 0.9668383431645985, dualobj: -Inf
solve--
end solve-- RelaxOptimal OPTIMAL
 weights_sum: 1.0000000969217364
itereffortlevel: 0
--separating...
--find a better primal bound 0.11493380762984524 by Alternative descent Eigen
--found a cut state by heuristic 0.11493380762984524 0.024267023211522645 
iteration: 973,  #states: 2079, valueb: 0.024267023211522645, activeness: 0.11493380762984524, primalobj: 0.9668255036257125, dualobj: -Inf
solve--
end solve-- RelaxOptimal OPTIMAL
 weights_sum: 0.9999999999999991
itereffortlevel: 0
--separating...
--find a better primal bound 0.13946840589011472 by Alternative descent Eigen
--found a cut state by heuristic 0.13946840589011472 0.028195159899762557 
iteration: 974,  #states: 2080, valueb: 0.028195159899762557, activeness: 0.13946840589011472, primalobj: 0.9668159935418178, dualobj: -Inf
solve--
end solve-- RelaxOptimal OPTIMAL
 weights_sum: 1.0000000000000002
itereffortlevel: 0
--separating...
--find a better primal bound 0.10991074511667101 by Alternative descent Eigen
--found a cut state by heuristic 0.10991074511667101 0.03768186353618193 
iteration: 975,  #states: 2081, valueb: 0.03768186353618193, activeness: 0.10991074511667101, primalobj: 0.9668013158608715, dualobj: -Inf
solve--
end solve-- RelaxOptimal OPTIMAL
 weights_sum: 1.0000000000000004
itereffortlevel: 0
--separating...
--find a better primal bound 0.17076031013844623 by Alternative descent Eigen
--found a cut state by heuristic 0.17076031013844623 0.051443459125001395 
iteration: 976,  #states: 2082, valueb: 0.051443459125001395, activeness: 0.17076031013844623, primalobj: 0.9667869520421408, dualobj: -Inf
solve--
end solve-- RelaxOptimal OPTIMAL
 weights_sum: 1.0000000000000002
itereffortlevel: 0
--separating...
--find a better primal bound 0.13364834168931722 by Alternative descent Eigen
--found a cut state by heuristic 0.13364834168931722 0.004704675672782098 
iteration: 977,  #states: 2083, valueb: 0.004704675672782098, activeness: 0.13364834168931722, primalobj: 0.9667748560670407, dualobj: -Inf
solve--
end solve-- RelaxOptimal OPTIMAL
 weights_sum: 0.9999999999999996
itereffortlevel: 0
--separating...
--find a better primal bound 0.12297214844750168 by Alternative descent Eigen
--found a cut state by heuristic 0.12297214844750168 0.025586912159341092 
iteration: 978,  #states: 2084, valueb: 0.025586912159341092, activeness: 0.12297214844750168, primalobj: 0.966763702281343, dualobj: -Inf
solve--
end solve-- RelaxOptimal OPTIMAL
 weights_sum: 1.0000000000000002
itereffortlevel: 0
--separating...
--find a better primal bound 0.20012452064793762 by Alternative descent Eigen
--found a cut state by heuristic 0.20012452064793762 0.04122189879357517 
iteration: 979,  #states: 2085, valueb: 0.04122189879357517, activeness: 0.20012452064793762, primalobj: 0.9667589654325549, dualobj: -Inf
solve--
end solve-- RelaxOptimal OPTIMAL
 weights_sum: 1.0000000880840152
itereffortlevel: 0
--separating...
--find a better primal bound 0.094297532984427 by Alternative descent Eigen
--found a cut state by heuristic 0.094297532984427 0.014641521086908004 
iteration: 980,  #states: 2086, valueb: 0.014641521086908004, activeness: 0.094297532984427, primalobj: 0.9667396679045415, dualobj: -Inf
solve--
end solve-- RelaxOptimal OPTIMAL
 weights_sum: 1.0000000000000007
itereffortlevel: 0
--separating...
--find a better primal bound 0.14422582053486355 by Alternative descent Eigen
--found a cut state by heuristic 0.14422582053486355 0.03921009075887391 
iteration: 981,  #states: 2087, valueb: 0.03921009075887391, activeness: 0.14422582053486355, primalobj: 0.9667325146958513, dualobj: -Inf
solve--
end solve-- RelaxOptimal OPTIMAL
 weights_sum: 0.9999999999999999
itereffortlevel: 0
--separating...
--find a better primal bound 0.11335109614177957 by Alternative descent Eigen
--found a cut state by heuristic 0.11335109614177957 0.020558295481289197 
iteration: 982,  #states: 2088, valueb: 0.020558295481289197, activeness: 0.11335109614177957, primalobj: 0.9667237948733072, dualobj: -Inf
solve--
end solve-- RelaxOptimal OPTIMAL
 weights_sum: 0.9999999999999996
itereffortlevel: 0
--separating...
--find a better primal bound 0.1280155763732378 by Alternative descent Eigen
--found a cut state by heuristic 0.1280155763732378 0.034601984668171305 
iteration: 983,  #states: 2089, valueb: 0.034601984668171305, activeness: 0.1280155763732378, primalobj: 0.9667158506655179, dualobj: -Inf
solve--
end solve-- RelaxOptimal OPTIMAL
 weights_sum: 0.9999999999999996
itereffortlevel: 0
--separating...
--find a better primal bound 0.09901825683528988 by Alternative descent Eigen
--found a cut state by heuristic 0.09901825683528988 0.03704469718046234 
iteration: 984,  #states: 2090, valueb: 0.03704469718046234, activeness: 0.09901825683528988, primalobj: 0.9667029847882861, dualobj: -Inf
solve--
end solve-- RelaxOptimal OPTIMAL
 weights_sum: 1.0000000000000007
itereffortlevel: 0
--separating...
--find a better primal bound 0.10697745625725748 by Alternative descent Eigen
--found a cut state by heuristic 0.10697745625725748 0.044123844270385154 
iteration: 985,  #states: 2091, valueb: 0.044123844270385154, activeness: 0.10697745625725748, primalobj: 0.9666972565378107, dualobj: -Inf
solve--
end solve-- RelaxOptimal OPTIMAL
 weights_sum: 0.9999999999999991
itereffortlevel: 0
--separating...
--find a better primal bound 0.11240581153307044 by Alternative descent Eigen
--found a cut state by heuristic 0.11240581153307044 0.03867477845892699 
iteration: 986,  #states: 2092, valueb: 0.03867477845892699, activeness: 0.11240581153307044, primalobj: 0.9666867064185224, dualobj: -Inf
solve--
end solve-- RelaxOptimal OPTIMAL
 weights_sum: 0.9999999999999994
itereffortlevel: 0
--separating...
--find a better primal bound 0.12123055000861929 by Alternative descent Eigen
--found a cut state by heuristic 0.12123055000861929 0.03263754663084157 
iteration: 987,  #states: 2093, valueb: 0.03263754663084157, activeness: 0.12123055000861929, primalobj: 0.9666784394592879, dualobj: -Inf
solve--
end solve-- RelaxOptimal OPTIMAL
 weights_sum: 1.0000000000000009
itereffortlevel: 0
--separating...
--find a better primal bound 0.11246918351786286 by Alternative descent Eigen
--found a cut state by heuristic 0.11246918351786286 0.020431519478774418 
iteration: 988,  #states: 2094, valueb: 0.020431519478774418, activeness: 0.11246918351786286, primalobj: 0.9666681697134454, dualobj: -Inf
solve--
end solve-- RelaxOptimal OPTIMAL
 weights_sum: 1.0000000000000009
itereffortlevel: 0
--separating...
--find a better primal bound 0.13497297541238734 by Alternative descent Eigen
--found a cut state by heuristic 0.13497297541238734 0.027187907316956965 
iteration: 989,  #states: 2095, valueb: 0.027187907316956965, activeness: 0.13497297541238734, primalobj: 0.966657447489561, dualobj: -Inf
solve--
end solve-- RelaxOptimal OPTIMAL
 weights_sum: 0.9999999999999998
itereffortlevel: 0
--separating...
--find a better primal bound 0.0958092722456647 by Alternative descent Eigen
--found a cut state by heuristic 0.0958092722456647 0.019870594501749467 
iteration: 990,  #states: 2096, valueb: 0.019870594501749467, activeness: 0.0958092722456647, primalobj: 0.9666428997100035, dualobj: -Inf
solve--
end solve-- RelaxOptimal OPTIMAL
 weights_sum: 1.0000000000000007
itereffortlevel: 0
--separating...
--find a better primal bound 0.15154729575356324 by Alternative descent Eigen
--found a cut state by heuristic 0.15154729575356324 0.04383607397770108 
iteration: 991,  #states: 2097, valueb: 0.04383607397770108, activeness: 0.15154729575356324, primalobj: 0.9666385812791953, dualobj: -Inf
solve--
end solve-- RelaxOptimal OPTIMAL
 weights_sum: 1.0000000000000004
itereffortlevel: 0
--separating...
--find a better primal bound 0.10277161682412611 by Alternative descent Eigen
--found a cut state by heuristic 0.10277161682412611 0.024874337282567948 
iteration: 992,  #states: 2098, valueb: 0.024874337282567948, activeness: 0.10277161682412611, primalobj: 0.9666304616249158, dualobj: -Inf
solve--
end solve-- RelaxOptimal OPTIMAL
 weights_sum: 1.000000051882753
itereffortlevel: 0
--separating...
--find a better primal bound 0.15048447139585563 by Alternative descent Eigen
--found a cut state by heuristic 0.15048447139585563 0.0587158489066911 
iteration: 993,  #states: 2099, valueb: 0.0587158489066911, activeness: 0.15048447139585563, primalobj: 0.9666179112430432, dualobj: -Inf
solve--
end solve-- RelaxOptimal OPTIMAL
 weights_sum: 0.9999999999999999
itereffortlevel: 0
--separating...
--find a better primal bound 0.11822851546494084 by Alternative descent Eigen
--found a cut state by heuristic 0.11822851546494084 0.01996139997122899 
iteration: 994,  #states: 2100, valueb: 0.01996139997122899, activeness: 0.11822851546494084, primalobj: 0.9666103278361183, dualobj: -Inf
solve--
end solve-- RelaxOptimal OPTIMAL
 weights_sum: 0.9999999999999999
itereffortlevel: 0
--separating...
--find a better primal bound 0.2181166792355187 by Alternative descent Eigen
--found a cut state by heuristic 0.2181166792355187 0.08016154724831331 
iteration: 995,  #states: 2101, valueb: 0.08016154724831331, activeness: 0.2181166792355187, primalobj: 0.9665967341542501, dualobj: -Inf
solve--
end solve-- RelaxOptimal OPTIMAL
 weights_sum: 1.0
itereffortlevel: 0
--separating...
--find a better primal bound 0.19489742047680164 by Alternative descent Eigen
--found a cut state by heuristic 0.19489742047680164 0.09277725626779461 
iteration: 996,  #states: 2102, valueb: 0.09277725626779461, activeness: 0.19489742047680164, primalobj: 0.9665856348862736, dualobj: -Inf
solve--
end solve-- RelaxOptimal OPTIMAL
 weights_sum: 0.9999999999999994
itereffortlevel: 0
--separating...
--find a better primal bound 0.2429300244472556 by Alternative descent Eigen
--found a cut state by heuristic 0.2429300244472556 0.10867489811993333 
iteration: 997,  #states: 2103, valueb: 0.10867489811993333, activeness: 0.2429300244472556, primalobj: 0.9665805443928928, dualobj: -Inf
solve--
end solve-- RelaxOptimal OPTIMAL
 weights_sum: 1.0
itereffortlevel: 0
--separating...
--find a better primal bound 0.26834116901765015 by Alternative descent Eigen
--found a cut state by heuristic 0.26834116901765015 0.1122617791999013 
iteration: 998,  #states: 2104, valueb: 0.1122617791999013, activeness: 0.26834116901765015, primalobj: 0.9665712877935517, dualobj: -Inf
solve--
end solve-- RelaxOptimal OPTIMAL
 weights_sum: 0.9999999999999999
itereffortlevel: 0
--separating...
--find a better primal bound 0.1728053772997842 by Alternative descent Eigen
--found a cut state by heuristic 0.1728053772997842 0.09614720532323391 
iteration: 999,  #states: 2105, valueb: 0.09614720532323391, activeness: 0.1728053772997842, primalobj: 0.9665580251012152, dualobj: -Inf
solve--
end solve-- RelaxOptimal OPTIMAL
 weights_sum: 1.000000000000001
itereffortlevel: 0
--separating...
--find a better primal bound 0.22458343014294108 by Alternative descent Eigen
--found a cut state by heuristic 0.22458343014294108 0.06741797717925127 
iteration: 1000,  #states: 2106, valueb: 0.06741797717925127, activeness: 0.22458343014294108, primalobj: 0.9665525362985493, dualobj: -Inf
solve--
end solve-- RelaxOptimal OPTIMAL
 weights_sum: 1.0000019652444994
itereffortlevel: 0
--separating...
--find a better primal bound 0.12796403062759865 by Alternative descent Eigen
--found a cut state by heuristic 0.12796403062759865 0.013620354073960875 
iteration: 1001,  #states: 2107, valueb: 0.013620354073960875, activeness: 0.12796403062759865, primalobj: 0.9665250220466128, dualobj: -Inf
solve--
end solve-- RelaxOptimal OPTIMAL
 weights_sum: 1.0000000000000009
itereffortlevel: 0
--separating...
--find a better primal bound 0.14108498535006392 by Alternative descent Eigen
--found a cut state by heuristic 0.14108498535006392 0.029583019447151363 
iteration: 1002,  #states: 2108, valueb: 0.029583019447151363, activeness: 0.14108498535006392, primalobj: 0.9665127011298031, dualobj: -Inf
solve--
end solve-- RelaxOptimal OPTIMAL
 weights_sum: 0.9999999999999991
itereffortlevel: 0
--separating...
--find a better primal bound 0.12128558900940542 by Alternative descent Eigen
--found a cut state by heuristic 0.12128558900940542 0.012465123627615315 
iteration: 1003,  #states: 2109, valueb: 0.012465123627615315, activeness: 0.12128558900940542, primalobj: 0.9665033387023202, dualobj: -Inf
solve--
end solve-- RelaxOptimal OPTIMAL
 weights_sum: 0.9999999999999996
itereffortlevel: 0
--separating...
--find a better primal bound 0.13223343429053852 by Alternative descent Eigen
--found a cut state by heuristic 0.13223343429053852 0.0045709453503785065 
iteration: 1004,  #states: 2110, valueb: 0.0045709453503785065, activeness: 0.13223343429053852, primalobj: 0.9664931977477349, dualobj: -Inf
solve--
end solve-- RelaxOptimal OPTIMAL
 weights_sum: 1.0000000000000007
itereffortlevel: 0
--separating...
--find a better primal bound 0.12373788791884828 by Alternative descent Eigen
--found a cut state by heuristic 0.12373788791884828 0.023108498675110983 
iteration: 1005,  #states: 2111, valueb: 0.023108498675110983, activeness: 0.12373788791884828, primalobj: 0.9664853946831514, dualobj: -Inf
solve--
end solve-- RelaxOptimal OPTIMAL
 weights_sum: 0.9999999999999998
itereffortlevel: 0
--separating...
--find a better primal bound 0.06800178217445585 by Alternative descent Eigen
--found a cut state by heuristic 0.06800178217445585 0.035174215989725276 
iteration: 1006,  #states: 2112, valueb: 0.035174215989725276, activeness: 0.06800178217445585, primalobj: 0.9664701274064585, dualobj: -Inf
solve--
end solve-- RelaxOptimal OPTIMAL
 weights_sum: 1.000000000000001
itereffortlevel: 0
--separating...
--find a better primal bound 0.13525628133548098 by Alternative descent Eigen
--found a cut state by heuristic 0.13525628133548098 0.024474579706456737 
iteration: 1007,  #states: 2113, valueb: 0.024474579706456737, activeness: 0.13525628133548098, primalobj: 0.9664662826415393, dualobj: -Inf
solve--
end solve-- RelaxOptimal OPTIMAL
 weights_sum: 1.0
itereffortlevel: 0
--separating...
--find a better primal bound 0.07583305442075831 by Alternative descent Eigen
--found a cut state by heuristic 0.07583305442075831 0.01580545900609966 
iteration: 1008,  #states: 2114, valueb: 0.01580545900609966, activeness: 0.07583305442075831, primalobj: 0.9664553953778108, dualobj: -Inf
solve--
end solve-- RelaxOptimal OPTIMAL
 weights_sum: 1.0
itereffortlevel: 0
--separating...
--find a better primal bound 0.15300440023519307 by Alternative descent Eigen
--found a cut state by heuristic 0.15300440023519307 0.0052203133524064554 
iteration: 1009,  #states: 2115, valueb: 0.0052203133524064554, activeness: 0.15300440023519307, primalobj: 0.966448096998246, dualobj: -Inf
solve--
end solve-- RelaxOptimal OPTIMAL
 weights_sum: 1.0
itereffortlevel: 0
--separating...
--find a better primal bound 0.16884144034185172 by Alternative descent Eigen
--found a cut state by heuristic 0.16884144034185172 0.03803663269660038 
iteration: 1010,  #states: 2116, valueb: 0.03803663269660038, activeness: 0.16884144034185172, primalobj: 0.9664315899749994, dualobj: -Inf
solve--
end solve-- RelaxOptimal OPTIMAL
 weights_sum: 1.0000006737608365
itereffortlevel: 0
--separating...
--find a better primal bound 0.15480463761540106 by Alternative descent Eigen
--found a cut state by heuristic 0.15480463761540106 0.011415258357006325 
iteration: 1011,  #states: 2117, valueb: 0.011415258357006325, activeness: 0.15480463761540106, primalobj: 0.9664102472809869, dualobj: -Inf
solve--
end solve-- RelaxOptimal OPTIMAL
 weights_sum: 0.9999999999999997
itereffortlevel: 0
--separating...
--find a better primal bound 0.10230205180749048 by Alternative descent Eigen
--found a cut state by heuristic 0.10230205180749048 0.02160705094925918 
iteration: 1012,  #states: 2118, valueb: 0.02160705094925918, activeness: 0.10230205180749048, primalobj: 0.9663998290221726, dualobj: -Inf
solve--
end solve-- RelaxOptimal OPTIMAL
 weights_sum: 0.9999999999999996
itereffortlevel: 0
--separating...
--find a better primal bound 0.15271062661022775 by Alternative descent Eigen
--found a cut state by heuristic 0.15271062661022775 0.027026951903305285 
iteration: 1013,  #states: 2119, valueb: 0.027026951903305285, activeness: 0.15271062661022775, primalobj: 0.9663890940449743, dualobj: -Inf
solve--
end solve-- RelaxOptimal OPTIMAL
 weights_sum: 0.9999999999999991
itereffortlevel: 0
--separating...
--find a better primal bound 0.09881416210250482 by Alternative descent Eigen
--found a cut state by heuristic 0.09881416210250482 0.030516352060219666 
iteration: 1014,  #states: 2120, valueb: 0.030516352060219666, activeness: 0.09881416210250482, primalobj: 0.9663670301231576, dualobj: -Inf
solve--
end solve-- RelaxOptimal OPTIMAL
 weights_sum: 0.9999999999999991
itereffortlevel: 0
--separating...
--find a better primal bound 0.12425032486674586 by Alternative descent Eigen
--found a cut state by heuristic 0.12425032486674586 0.04883501198528864 
iteration: 1015,  #states: 2121, valueb: 0.04883501198528864, activeness: 0.12425032486674586, primalobj: 0.9663590434212821, dualobj: -Inf
solve--
end solve-- RelaxOptimal OPTIMAL
 weights_sum: 0.9999999999999989
itereffortlevel: 0
--separating...
--find a better primal bound 0.16015366611248796 by Alternative descent Eigen
--found a cut state by heuristic 0.16015366611248796 0.03494909713718092 
iteration: 1016,  #states: 2122, valueb: 0.03494909713718092, activeness: 0.16015366611248796, primalobj: 0.966353399161942, dualobj: -Inf
solve--
end solve-- RelaxOptimal OPTIMAL
 weights_sum: 1.000000124998921
itereffortlevel: 0
--separating...
--find a better primal bound 0.08650604703895011 by Alternative descent Eigen
--found a cut state by heuristic 0.08650604703895011 0.003934999252412526 
iteration: 1017,  #states: 2123, valueb: 0.003934999252412526, activeness: 0.08650604703895011, primalobj: 0.9663311762890031, dualobj: -Inf
solve--
end solve-- RelaxOptimal OPTIMAL
 weights_sum: 0.9999999999999991
itereffortlevel: 0
--separating...
--find a better primal bound 0.1616411074956292 by Alternative descent Eigen
--found a cut state by heuristic 0.1616411074956292 0.020908769021441426 
iteration: 1018,  #states: 2124, valueb: 0.020908769021441426, activeness: 0.1616411074956292, primalobj: 0.9663222764762666, dualobj: -Inf
solve--
end solve-- RelaxOptimal OPTIMAL
 weights_sum: 1.0000000000000004
itereffortlevel: 0
--separating...
--find a better primal bound 0.11318319043743341 by Alternative descent Eigen
--found a cut state by heuristic 0.11318319043743341 0.027267602111553324 
iteration: 1019,  #states: 2125, valueb: 0.027267602111553324, activeness: 0.11318319043743341, primalobj: 0.9663003889865572, dualobj: -Inf
solve--
end solve-- RelaxOptimal OPTIMAL
 weights_sum: 1.0
itereffortlevel: 0
--separating...
--find a better primal bound 0.140765841568384 by Alternative descent Eigen
--found a cut state by heuristic 0.140765841568384 0.02100734054395925 
iteration: 1020,  #states: 2126, valueb: 0.02100734054395925, activeness: 0.140765841568384, primalobj: 0.966287248909485, dualobj: -Inf
solve--
end solve-- RelaxOptimal OPTIMAL
 weights_sum: 1.0000000000000002
itereffortlevel: 0
--separating...
--find a better primal bound 0.14399711393788536 by Alternative descent Eigen
--found a cut state by heuristic 0.14399711393788536 0.019792905221800907 
iteration: 1021,  #states: 2127, valueb: 0.019792905221800907, activeness: 0.14399711393788536, primalobj: 0.9662717949991898, dualobj: -Inf
solve--
end solve-- RelaxOptimal OPTIMAL
 weights_sum: 0.9999999999999996
itereffortlevel: 0
--separating...
--find a better primal bound 0.17421705226261963 by Alternative descent Eigen
--found a cut state by heuristic 0.17421705226261963 0.021409119219872416 
iteration: 1022,  #states: 2128, valueb: 0.021409119219872416, activeness: 0.17421705226261963, primalobj: 0.9662575066810267, dualobj: -Inf
solve--
end solve-- RelaxOptimal OPTIMAL
 weights_sum: 0.9999999999999997
itereffortlevel: 0
--separating...
--find a better primal bound 0.2174482028942899 by Alternative descent Eigen
--found a cut state by heuristic 0.2174482028942899 0.04245631284653861 
iteration: 1023,  #states: 2129, valueb: 0.04245631284653861, activeness: 0.2174482028942899, primalobj: 0.966240574506699, dualobj: -Inf
solve--
end solve-- RelaxOptimal OPTIMAL
 weights_sum: 1.0
itereffortlevel: 0
--separating...
--find a better primal bound 0.2028278571708827 by Alternative descent Eigen
--found a cut state by heuristic 0.2028278571708827 0.09130808386098489 
iteration: 1024,  #states: 2130, valueb: 0.09130808386098489, activeness: 0.2028278571708827, primalobj: 0.9662195547892027, dualobj: -Inf
solve--
end solve-- RelaxOptimal OPTIMAL
 weights_sum: 1.0000000694688624
itereffortlevel: 0
--separating...
--find a better primal bound 0.22379411157345303 by Alternative descent Eigen
--found a cut state by heuristic 0.22379411157345303 0.0762211849163758 
iteration: 1025,  #states: 2131, valueb: 0.0762211849163758, activeness: 0.22379411157345303, primalobj: 0.9662002990340186, dualobj: -Inf
solve--
end solve-- RelaxOptimal OPTIMAL
 weights_sum: 0.9999999999999991
itereffortlevel: 0
--separating...
--find a better primal bound 0.16504951483573652 by Alternative descent Eigen
--found a cut state by heuristic 0.16504951483573652 0.04856655330371251 
iteration: 1026,  #states: 2132, valueb: 0.04856655330371251, activeness: 0.16504951483573652, primalobj: 0.9661416996444392, dualobj: -Inf
solve--
end solve-- RelaxOptimal OPTIMAL
 weights_sum: 0.9999999999999996
itereffortlevel: 0
--separating...
--find a better primal bound 0.20098042819620146 by Alternative descent Eigen
--found a cut state by heuristic 0.20098042819620146 0.07477330528273282 
iteration: 1027,  #states: 2133, valueb: 0.07477330528273282, activeness: 0.20098042819620146, primalobj: 0.9661081334918584, dualobj: -Inf
solve--
end solve-- RelaxOptimal OPTIMAL
 weights_sum: 1.0
itereffortlevel: 0
--separating...
--find a better primal bound 0.23806801144280038 by Alternative descent Eigen
--found a cut state by heuristic 0.23806801144280038 0.08938581656460926 
iteration: 1028,  #states: 2134, valueb: 0.08938581656460926, activeness: 0.23806801144280038, primalobj: 0.9660966424070829, dualobj: -Inf
solve--
end solve-- RelaxOptimal OPTIMAL
 weights_sum: 0.9999999999999987
itereffortlevel: 0
--separating...
--find a better primal bound 0.1888975061102175 by Alternative descent Eigen
--found a cut state by heuristic 0.1888975061102175 0.07835591840479858 
iteration: 1029,  #states: 2135, valueb: 0.07835591840479858, activeness: 0.1888975061102175, primalobj: 0.9660776495195229, dualobj: -Inf
solve--
end solve-- RelaxOptimal OPTIMAL
 weights_sum: 0.9999999999999993
itereffortlevel: 0
--separating...
--find a better primal bound 0.19719783761089826 by Alternative descent Eigen
--found a cut state by heuristic 0.19719783761089826 0.07362100565952287 
iteration: 1030,  #states: 2136, valueb: 0.07362100565952287, activeness: 0.19719783761089826, primalobj: 0.9660683070440393, dualobj: -Inf
solve--
end solve-- RelaxOptimal OPTIMAL
 weights_sum: 0.9999999999999998
itereffortlevel: 0
--separating...
--find a better primal bound 0.15494691109410152 by Alternative descent Eigen
--found a cut state by heuristic 0.15494691109410152 0.024014508103993828 
iteration: 1031,  #states: 2137, valueb: 0.024014508103993828, activeness: 0.15494691109410152, primalobj: 0.9660512699039757, dualobj: -Inf
solve--
end solve-- RelaxOptimal OPTIMAL
 weights_sum: 0.9999999999999996
itereffortlevel: 0
--separating...
--find a better primal bound 0.1458178385182485 by Alternative descent Eigen
--found a cut state by heuristic 0.1458178385182485 0.0690251814548561 
iteration: 1032,  #states: 2138, valueb: 0.0690251814548561, activeness: 0.1458178385182485, primalobj: 0.966024650261709, dualobj: -Inf
solve--
end solve-- RelaxOptimal OPTIMAL
 weights_sum: 1.0
itereffortlevel: 0
--separating...
--find a better primal bound 0.22874787601611796 by Alternative descent Eigen
--found a cut state by heuristic 0.22874787601611796 0.09382138412525418 
iteration: 1033,  #states: 2139, valueb: 0.09382138412525418, activeness: 0.22874787601611796, primalobj: 0.9660129644457981, dualobj: -Inf
solve--
end solve-- RelaxOptimal OPTIMAL
 weights_sum: 0.9999999999999999
itereffortlevel: 0
--separating...
--find a better primal bound 0.23670374167769656 by Alternative descent Eigen
--found a cut state by heuristic 0.23670374167769656 0.09796220423524614 
iteration: 1034,  #states: 2140, valueb: 0.09796220423524614, activeness: 0.23670374167769656, primalobj: 0.9659937908052079, dualobj: -Inf
solve--
end solve-- RelaxOptimal OPTIMAL
 weights_sum: 1.0000000000000009
itereffortlevel: 0
--separating...
--find a better primal bound 0.13030903624333884 by Alternative descent Eigen
--found a cut state by heuristic 0.13030903624333884 0.07272067611951949 
iteration: 1035,  #states: 2141, valueb: 0.07272067611951949, activeness: 0.13030903624333884, primalobj: 0.9659704841861652, dualobj: -Inf
solve--
end solve-- RelaxOptimal OPTIMAL
 weights_sum: 0.9999999999999997
itereffortlevel: 0
--separating...
--find a better primal bound 0.198604181123462 by Alternative descent Eigen
--found a cut state by heuristic 0.198604181123462 0.07723589109430515 
iteration: 1036,  #states: 2142, valueb: 0.07723589109430515, activeness: 0.198604181123462, primalobj: 0.9659621292134939, dualobj: -Inf
solve--
end solve-- RelaxOptimal OPTIMAL
 weights_sum: 0.9999999999999996
itereffortlevel: 0
--separating...
--find a better primal bound 0.18058871580963926 by Alternative descent Eigen
--found a cut state by heuristic 0.18058871580963926 0.07503506624365783 
iteration: 1037,  #states: 2143, valueb: 0.07503506624365783, activeness: 0.18058871580963926, primalobj: 0.9659450442065362, dualobj: -Inf
solve--
end solve-- RelaxOptimal OPTIMAL
 weights_sum: 0.9999999999999992
itereffortlevel: 0
--separating...
--find a better primal bound 0.08181946491340053 by Alternative descent Eigen
--found a cut state by heuristic 0.08181946491340053 0.016174683395424813 
iteration: 1038,  #states: 2144, valueb: 0.016174683395424813, activeness: 0.08181946491340053, primalobj: 0.9659342259789616, dualobj: -Inf
solve--
end solve-- RelaxOptimal OPTIMAL
 weights_sum: 1.000000000000001
itereffortlevel: 0
--separating...
--find a better primal bound 0.10675321209926947 by Alternative descent Eigen
--found a cut state by heuristic 0.10675321209926947 0.06698730249285212 
iteration: 1039,  #states: 2145, valueb: 0.06698730249285212, activeness: 0.10675321209926947, primalobj: 0.9659262273892507, dualobj: -Inf
solve--
end solve-- RelaxOptimal OPTIMAL
 weights_sum: 1.000000000000001
itereffortlevel: 0
--separating...
--find a better primal bound 0.14928673126100145 by Alternative descent Eigen
--found a cut state by heuristic 0.14928673126100145 0.07432609092347793 
iteration: 1040,  #states: 2146, valueb: 0.07432609092347793, activeness: 0.14928673126100145, primalobj: 0.9659219003326578, dualobj: -Inf
solve--
end solve-- RelaxOptimal OPTIMAL
 weights_sum: 0.9999999999999998
itereffortlevel: 0
--separating...
--find a better primal bound 0.1334766633501534 by Alternative descent Eigen
--found a cut state by heuristic 0.1334766633501534 0.0533311086990178 
iteration: 1041,  #states: 2147, valueb: 0.0533311086990178, activeness: 0.1334766633501534, primalobj: 0.9659082171788236, dualobj: -Inf
solve--
end solve-- RelaxOptimal OPTIMAL
 weights_sum: 1.0000000000000004
itereffortlevel: 0
--separating...
--find a better primal bound 0.1717117810758585 by Alternative descent Eigen
--found a cut state by heuristic 0.1717117810758585 0.054531047236226586 
iteration: 1042,  #states: 2148, valueb: 0.054531047236226586, activeness: 0.1717117810758585, primalobj: 0.9659008432835434, dualobj: -Inf
solve--
end solve-- RelaxOptimal OPTIMAL
 weights_sum: 1.0000004843648607
itereffortlevel: 0
--separating...
--find a better primal bound 0.09247172600387694 by Alternative descent Eigen
--found a cut state by heuristic 0.09247172600387694 0.01176537673234762 
iteration: 1043,  #states: 2149, valueb: 0.01176537673234762, activeness: 0.09247172600387694, primalobj: 0.9658916436276049, dualobj: -Inf
solve--
end solve-- RelaxOptimal OPTIMAL
 weights_sum: 0.9999999999999982
itereffortlevel: 0
--separating...
--find a better primal bound 0.08587352567629808 by Alternative descent Eigen
--found a cut state by heuristic 0.08587352567629808 0.020854882673372002 
iteration: 1044,  #states: 2150, valueb: 0.020854882673372002, activeness: 0.08587352567629808, primalobj: 0.9658793441948368, dualobj: -Inf
solve--
end solve-- RelaxOptimal OPTIMAL
 weights_sum: 1.0000000000000009
itereffortlevel: 0
--separating...
--find a better primal bound 0.1764911240793878 by Alternative descent Eigen
--found a cut state by heuristic 0.1764911240793878 0.04106310575645375 
iteration: 1045,  #states: 2151, valueb: 0.04106310575645375, activeness: 0.1764911240793878, primalobj: 0.9658763236286447, dualobj: -Inf
solve--
end solve-- RelaxOptimal OPTIMAL
 weights_sum: 1.0000000000000009
itereffortlevel: 0
--separating...
--find a better primal bound 0.15726138065204273 by Alternative descent Eigen
--found a cut state by heuristic 0.15726138065204273 0.027424563603322683 
iteration: 1046,  #states: 2152, valueb: 0.027424563603322683, activeness: 0.15726138065204273, primalobj: 0.9658635766847324, dualobj: -Inf
solve--
end solve-- RelaxOptimal OPTIMAL
 weights_sum: 1.0000000000000002
itereffortlevel: 0
--separating...
--find a better primal bound 0.1974844132539484 by Alternative descent Eigen
--found a cut state by heuristic 0.1974844132539484 0.08023504844873103 
iteration: 1047,  #states: 2153, valueb: 0.08023504844873103, activeness: 0.1974844132539484, primalobj: 0.9658425902246006, dualobj: -Inf
solve--
end solve-- RelaxOptimal OPTIMAL
 weights_sum: 0.9999999999999987
itereffortlevel: 0
--separating...
--find a better primal bound 0.1569631368334964 by Alternative descent Eigen
--found a cut state by heuristic 0.1569631368334964 0.049958885331415584 
iteration: 1048,  #states: 2154, valueb: 0.049958885331415584, activeness: 0.1569631368334964, primalobj: 0.9658319971121994, dualobj: -Inf
solve--
end solve-- RelaxOptimal OPTIMAL
 weights_sum: 1.000000000000001
itereffortlevel: 0
--separating...
--find a better primal bound 0.17667916919444207 by Alternative descent Eigen
--found a cut state by heuristic 0.17667916919444207 0.026255921937836973 
iteration: 1049,  #states: 2155, valueb: 0.026255921937836973, activeness: 0.17667916919444207, primalobj: 0.9658157137753003, dualobj: -Inf
solve--
end solve-- RelaxOptimal OPTIMAL
 weights_sum: 1.0
itereffortlevel: 0
--separating...
--find a better primal bound 0.15914830763255738 by Alternative descent Eigen
--found a cut state by heuristic 0.15914830763255738 0.06159285813305315 
iteration: 1050,  #states: 2156, valueb: 0.06159285813305315, activeness: 0.15914830763255738, primalobj: 0.9657976632187925, dualobj: -Inf
solve--
end solve-- RelaxOptimal OPTIMAL
 weights_sum: 0.9999999999999996
itereffortlevel: 0
--separating...
--find a better primal bound 0.12224261173788814 by Alternative descent Eigen
--found a cut state by heuristic 0.12224261173788814 0.03421773082584775 
iteration: 1051,  #states: 2157, valueb: 0.03421773082584775, activeness: 0.12224261173788814, primalobj: 0.9657840557492464, dualobj: -Inf
solve--
end solve-- RelaxOptimal OPTIMAL
 weights_sum: 1.0000000000000004
itereffortlevel: 0
--separating...
--find a better primal bound 0.14995142451616783 by Alternative descent Eigen
--found a cut state by heuristic 0.14995142451616783 0.04641677121667242 
iteration: 1052,  #states: 2158, valueb: 0.04641677121667242, activeness: 0.14995142451616783, primalobj: 0.965769464057992, dualobj: -Inf
solve--
end solve-- RelaxOptimal OPTIMAL
 weights_sum: 1.0000000111645786
itereffortlevel: 0
--separating...
--find a better primal bound 0.16936765185468122 by Alternative descent Eigen
--found a cut state by heuristic 0.16936765185468122 0.03676905061750874 
iteration: 1053,  #states: 2159, valueb: 0.03676905061750874, activeness: 0.16936765185468122, primalobj: 0.9657597269808283, dualobj: -Inf
solve--
end solve-- RelaxOptimal OPTIMAL
 weights_sum: 1.0000000447094797
itereffortlevel: 0
--separating...
--find a better primal bound 0.18828649207544368 by Alternative descent Eigen
--found a cut state by heuristic 0.18828649207544368 0.0687717453183988 
iteration: 1054,  #states: 2160, valueb: 0.0687717453183988, activeness: 0.18828649207544368, primalobj: 0.9657443614073464, dualobj: -Inf
solve--
end solve-- RelaxOptimal OPTIMAL
 weights_sum: 1.0
itereffortlevel: 0
--separating...
--find a better primal bound 0.13837986768751287 by Alternative descent Eigen
--found a cut state by heuristic 0.13837986768751287 0.00764844890003083 
iteration: 1055,  #states: 2161, valueb: 0.00764844890003083, activeness: 0.13837986768751287, primalobj: 0.9657313473149797, dualobj: -Inf
solve--
end solve-- RelaxOptimal OPTIMAL
 weights_sum: 1.0
itereffortlevel: 0
--separating...
--find a better primal bound 0.1712732229849701 by Alternative descent Eigen
--found a cut state by heuristic 0.1712732229849701 0.0987140800201495 
iteration: 1056,  #states: 2162, valueb: 0.0987140800201495, activeness: 0.1712732229849701, primalobj: 0.9657086096432399, dualobj: -Inf
solve--
end solve-- RelaxOptimal OPTIMAL
 weights_sum: 1.0000000000000004
itereffortlevel: 0
--separating...
--find a better primal bound 0.1707984560914441 by Alternative descent Eigen
--found a cut state by heuristic 0.1707984560914441 0.07420731484433833 
iteration: 1057,  #states: 2163, valueb: 0.07420731484433833, activeness: 0.1707984560914441, primalobj: 0.9657023060972008, dualobj: -Inf
solve--
end solve-- RelaxOptimal OPTIMAL
 weights_sum: 1.0000000000000004
itereffortlevel: 0
--separating...
--find a better primal bound 0.14507129172500605 by Alternative descent Eigen
--found a cut state by heuristic 0.14507129172500605 0.09264993224863036 
iteration: 1058,  #states: 2164, valueb: 0.09264993224863036, activeness: 0.14507129172500605, primalobj: 0.9656860097458214, dualobj: -Inf
solve--
end solve-- RelaxOptimal OPTIMAL
 weights_sum: 1.0000000000000004
itereffortlevel: 0
--separating...
--find a better primal bound 0.17176595399583158 by Alternative descent Eigen
--found a cut state by heuristic 0.17176595399583158 0.08557150767544713 
iteration: 1059,  #states: 2165, valueb: 0.08557150767544713, activeness: 0.17176595399583158, primalobj: 0.9656807127790763, dualobj: -Inf
solve--
end solve-- RelaxOptimal OPTIMAL
 weights_sum: 1.0000000000000009
itereffortlevel: 0
--separating...
--find a better primal bound 0.12236018320539967 by Alternative descent Eigen
--found a cut state by heuristic 0.12236018320539967 0.060458716601437555 
iteration: 1060,  #states: 2166, valueb: 0.060458716601437555, activeness: 0.12236018320539967, primalobj: 0.9656669138940357, dualobj: -Inf
solve--
end solve-- RelaxOptimal OPTIMAL
 weights_sum: 0.9999999999999993
itereffortlevel: 0
--separating...
--find a better primal bound 0.08478251796024622 by Alternative descent Eigen
--found a cut state by heuristic 0.08478251796024622 0.002533611432614241 
iteration: 1061,  #states: 2167, valueb: 0.002533611432614241, activeness: 0.08478251796024622, primalobj: 0.9656581207428111, dualobj: -Inf
solve--
end solve-- RelaxOptimal OPTIMAL
 weights_sum: 0.9999999999999999
itereffortlevel: 0
--separating...
--find a better primal bound 0.1918443977075872 by Alternative descent Eigen
--found a cut state by heuristic 0.1918443977075872 0.03482732756887715 
iteration: 1062,  #states: 2168, valueb: 0.03482732756887715, activeness: 0.1918443977075872, primalobj: 0.9656512503301463, dualobj: -Inf
solve--
end solve-- RelaxOptimal OPTIMAL
 weights_sum: 0.9999999999999993
itereffortlevel: 0
--separating...
--find a better primal bound 0.13905670474991483 by Alternative descent Eigen
--found a cut state by heuristic 0.13905670474991483 0.08058414378085371 
iteration: 1063,  #states: 2169, valueb: 0.08058414378085371, activeness: 0.13905670474991483, primalobj: 0.965638993011058, dualobj: -Inf
solve--
end solve-- RelaxOptimal OPTIMAL
 weights_sum: 0.9999999999999998
itereffortlevel: 0
--separating...
--find a better primal bound 0.1897127297032699 by Alternative descent Eigen
--found a cut state by heuristic 0.1897127297032699 0.06751199838172237 
iteration: 1064,  #states: 2170, valueb: 0.06751199838172237, activeness: 0.1897127297032699, primalobj: 0.9656331312972379, dualobj: -Inf
solve--
end solve-- RelaxOptimal OPTIMAL
 weights_sum: 1.0000000961421267
itereffortlevel: 0
--separating...
--find a better primal bound 0.146907769281105 by Alternative descent Eigen
--found a cut state by heuristic 0.146907769281105 0.05750444352581991 
iteration: 1065,  #states: 2171, valueb: 0.05750444352581991, activeness: 0.146907769281105, primalobj: 0.9656226143107106, dualobj: -Inf
solve--
end solve-- RelaxOptimal OPTIMAL
 weights_sum: 1.0000011880128155
itereffortlevel: 0
--separating...
--find a better primal bound 0.12470260638955988 by Alternative descent Eigen
--found a cut state by heuristic 0.12470260638955988 0.03436956533718678 
iteration: 1066,  #states: 2172, valueb: 0.03436956533718678, activeness: 0.12470260638955988, primalobj: 0.9656174261567, dualobj: -Inf
solve--
end solve-- RelaxOptimal OPTIMAL
 weights_sum: 1.0000000000000004
itereffortlevel: 0
--separating...
--find a better primal bound 0.18413721436394756 by Alternative descent Eigen
--found a cut state by heuristic 0.18413721436394756 0.03711513524301479 
iteration: 1067,  #states: 2173, valueb: 0.03711513524301479, activeness: 0.18413721436394756, primalobj: 0.9656131335411591, dualobj: -Inf
solve--
end solve-- RelaxOptimal OPTIMAL
 weights_sum: 1.0
itereffortlevel: 0
--separating...
--find a better primal bound 0.16210768620513438 by Alternative descent Eigen
--found a cut state by heuristic 0.16210768620513438 0.030030003626042686 
iteration: 1068,  #states: 2174, valueb: 0.030030003626042686, activeness: 0.16210768620513438, primalobj: 0.9655957318874379, dualobj: -Inf
solve--
end solve-- RelaxOptimal OPTIMAL
 weights_sum: 1.000001346507577
itereffortlevel: 0
--separating...
--find a better primal bound 0.125649404204226 by Alternative descent Eigen
--found a cut state by heuristic 0.125649404204226 0.06009708959750845 
iteration: 1069,  #states: 2175, valueb: 0.06009708959750845, activeness: 0.125649404204226, primalobj: 0.9655861818628825, dualobj: -Inf
solve--
end solve-- RelaxOptimal OPTIMAL
 weights_sum: 1.0000000000000004
itereffortlevel: 0
--separating...
--find a better primal bound 0.16334825814745407 by Alternative descent Eigen
--found a cut state by heuristic 0.16334825814745407 0.06828472823359605 
iteration: 1070,  #states: 2176, valueb: 0.06828472823359605, activeness: 0.16334825814745407, primalobj: 0.9655762205107681, dualobj: -Inf
solve--
end solve-- RelaxOptimal OPTIMAL
 weights_sum: 0.9999999999999994
itereffortlevel: 0
--separating...
--find a better primal bound 0.10544147859264522 by Alternative descent Eigen
--found a cut state by heuristic 0.10544147859264522 0.06534964955382538 
iteration: 1071,  #states: 2177, valueb: 0.06534964955382538, activeness: 0.10544147859264522, primalobj: 0.9655683079053676, dualobj: -Inf
solve--
end solve-- RelaxOptimal OPTIMAL
 weights_sum: 0.9999999999999984
itereffortlevel: 0
--separating...
--find a better primal bound 0.17080497503582293 by Alternative descent Eigen
--found a cut state by heuristic 0.17080497503582293 0.06702778422226262 
iteration: 1072,  #states: 2178, valueb: 0.06702778422226262, activeness: 0.17080497503582293, primalobj: 0.9655644266878638, dualobj: -Inf
solve--
end solve-- RelaxOptimal OPTIMAL
 weights_sum: 1.0
itereffortlevel: 0
--separating...
--find a better primal bound 0.18156997825866336 by Alternative descent Eigen
--found a cut state by heuristic 0.18156997825866336 0.06434730976994245 
iteration: 1073,  #states: 2179, valueb: 0.06434730976994245, activeness: 0.18156997825866336, primalobj: 0.9655569179343984, dualobj: -Inf
solve--
end solve-- RelaxOptimal OPTIMAL
 weights_sum: 0.9999999999999982
itereffortlevel: 0
--separating...
--find a better primal bound 0.11684838151595858 by Alternative descent Eigen
--found a cut state by heuristic 0.11684838151595858 0.053288752662867436 
iteration: 1074,  #states: 2180, valueb: 0.053288752662867436, activeness: 0.11684838151595858, primalobj: 0.9655439882857282, dualobj: -Inf
solve--
end solve-- RelaxOptimal OPTIMAL
 weights_sum: 1.0
itereffortlevel: 0
--separating...
--find a better primal bound 0.12192237436174586 by Alternative descent Eigen
--found a cut state by heuristic 0.12192237436174586 0.03766094057635672 
iteration: 1075,  #states: 2181, valueb: 0.03766094057635672, activeness: 0.12192237436174586, primalobj: 0.9655368097959645, dualobj: -Inf
solve--
end solve-- RelaxOptimal OPTIMAL
 weights_sum: 0.9999999999999991
itereffortlevel: 0
--separating...
--find a better primal bound 0.1675577895333625 by Alternative descent Eigen
--found a cut state by heuristic 0.1675577895333625 0.04394681809202114 
iteration: 1076,  #states: 2182, valueb: 0.04394681809202114, activeness: 0.1675577895333625, primalobj: 0.9655299883229678, dualobj: -Inf
solve--
end solve-- RelaxOptimal OPTIMAL
 weights_sum: 1.0000000000000018
itereffortlevel: 0
--separating...
--find a better primal bound 0.14202041804287271 by Alternative descent Eigen
--found a cut state by heuristic 0.14202041804287271 0.034692376452594806 
iteration: 1077,  #states: 2183, valueb: 0.034692376452594806, activeness: 0.14202041804287271, primalobj: 0.9655215557791555, dualobj: -Inf
solve--
end solve-- RelaxOptimal OPTIMAL
 weights_sum: 1.0000000679929903
itereffortlevel: 0
--separating...
--find a better primal bound 0.16443469771032165 by Alternative descent Eigen
--found a cut state by heuristic 0.16443469771032165 0.04456373423047189 
iteration: 1078,  #states: 2184, valueb: 0.04456373423047189, activeness: 0.16443469771032165, primalobj: 0.9655110068836495, dualobj: -Inf
solve--
end solve-- RelaxOptimal OPTIMAL
 weights_sum: 1.000000000000001
itereffortlevel: 0
--separating...
--find a better primal bound 0.21927406029096494 by Alternative descent Eigen
--found a cut state by heuristic 0.21927406029096494 0.07978665930305258 
iteration: 1079,  #states: 2185, valueb: 0.07978665930305258, activeness: 0.21927406029096494, primalobj: 0.965500029289698, dualobj: -Inf
solve--
end solve-- RelaxOptimal OPTIMAL
 weights_sum: 0.9999999999999987
itereffortlevel: 0
--separating...
--find a better primal bound 0.14493998547493037 by Alternative descent Eigen
--found a cut state by heuristic 0.14493998547493037 0.07406303080003093 
iteration: 1080,  #states: 2186, valueb: 0.07406303080003093, activeness: 0.14493998547493037, primalobj: 0.9654924318049409, dualobj: -Inf
solve--
end solve-- RelaxOptimal OPTIMAL
 weights_sum: 0.9999999999999991
itereffortlevel: 0
--separating...
--find a better primal bound 0.1852254043391174 by Alternative descent Eigen
--found a cut state by heuristic 0.1852254043391174 0.07575581270442786 
iteration: 1081,  #states: 2187, valueb: 0.07575581270442786, activeness: 0.1852254043391174, primalobj: 0.9654870450942298, dualobj: -Inf
solve--
end solve-- RelaxOptimal OPTIMAL
 weights_sum: 1.0000012066155017
itereffortlevel: 0
--separating...
--find a better primal bound 0.1671625923073519 by Alternative descent Eigen
--found a cut state by heuristic 0.1671625923073519 0.07069199183492417 
iteration: 1082,  #states: 2188, valueb: 0.07069199183492417, activeness: 0.1671625923073519, primalobj: 0.9654716911735618, dualobj: -Inf
solve--
end solve-- RelaxOptimal OPTIMAL
 weights_sum: 1.0000001701081458
itereffortlevel: 0
--separating...
--find a better primal bound 0.17852585582452207 by Alternative descent Eigen
--found a cut state by heuristic 0.17852585582452207 0.07000019212902325 
iteration: 1083,  #states: 2189, valueb: 0.07000019212902325, activeness: 0.17852585582452207, primalobj: 0.965464436783777, dualobj: -Inf
solve--
end solve-- RelaxOptimal OPTIMAL
 weights_sum: 0.9999999999999988
itereffortlevel: 0
--separating...
--find a better primal bound 0.17010419604153237 by Alternative descent Eigen
--found a cut state by heuristic 0.17010419604153237 0.07642976950308088 
iteration: 1084,  #states: 2190, valueb: 0.07642976950308088, activeness: 0.17010419604153237, primalobj: 0.9654559080963824, dualobj: -Inf
solve--
end solve-- RelaxOptimal OPTIMAL
 weights_sum: 1.0000000000000004
itereffortlevel: 0
--separating...
--find a better primal bound 0.1869919882332423 by Alternative descent Eigen
--found a cut state by heuristic 0.1869919882332423 0.05759110284317069 
iteration: 1085,  #states: 2191, valueb: 0.05759110284317069, activeness: 0.1869919882332423, primalobj: 0.9654483362930764, dualobj: -Inf
solve--
end solve-- RelaxOptimal OPTIMAL
 weights_sum: 0.9999999999999997
itereffortlevel: 0
--separating...
--find a better primal bound 0.16582113417885552 by Alternative descent Eigen
--found a cut state by heuristic 0.16582113417885552 0.08520426960001934 
iteration: 1086,  #states: 2192, valueb: 0.08520426960001934, activeness: 0.16582113417885552, primalobj: 0.9654301124327296, dualobj: -Inf
solve--
end solve-- RelaxOptimal OPTIMAL
 weights_sum: 1.00000029812675
itereffortlevel: 0
--separating...
--find a better primal bound 0.159994528781396 by Alternative descent Eigen
--found a cut state by heuristic 0.159994528781396 0.09138347537983195 
iteration: 1087,  #states: 2193, valueb: 0.09138347537983195, activeness: 0.159994528781396, primalobj: 0.9654251265371425, dualobj: -Inf
solve--
end solve-- RelaxOptimal OPTIMAL
 weights_sum: 1.0000000000000009
itereffortlevel: 0
--separating...
--find a better primal bound 0.13274097606290108 by Alternative descent Eigen
--found a cut state by heuristic 0.13274097606290108 0.11250616374135913 
iteration: 1088,  #states: 2194, valueb: 0.11250616374135913, activeness: 0.13274097606290108, primalobj: 0.9654192473839481, dualobj: -Inf
solve--
end solve-- RelaxOptimal OPTIMAL
 weights_sum: 1.0
itereffortlevel: 0
--separating...
--find a better primal bound 0.21919289660388278 by Alternative descent Eigen
--found a cut state by heuristic 0.21919289660388278 0.107795898603288 
iteration: 1089,  #states: 2195, valueb: 0.107795898603288, activeness: 0.21919289660388278, primalobj: 0.9654145967286252, dualobj: -Inf
solve--
end solve-- RelaxOptimal OPTIMAL
 weights_sum: 1.0000000000000022
itereffortlevel: 0
--separating...
--find a better primal bound 0.1770000770172349 by Alternative descent Eigen
--found a cut state by heuristic 0.1770000770172349 0.0909717322730341 
iteration: 1090,  #states: 2196, valueb: 0.0909717322730341, activeness: 0.1770000770172349, primalobj: 0.9653954840559376, dualobj: -Inf
solve--
end solve-- RelaxOptimal OPTIMAL
 weights_sum: 0.9999999999999997
itereffortlevel: 0
--separating...
--find a better primal bound 0.12853967106164393 by Alternative descent Eigen
--found a cut state by heuristic 0.12853967106164393 0.08604417866066524 
iteration: 1091,  #states: 2197, valueb: 0.08604417866066524, activeness: 0.12853967106164393, primalobj: 0.9653886878712561, dualobj: -Inf
solve--
end solve-- RelaxOptimal OPTIMAL
 weights_sum: 1.0
itereffortlevel: 0
--separating...
--find a better primal bound 0.1815622879113632 by Alternative descent Eigen
--found a cut state by heuristic 0.1815622879113632 0.10621275394697105 
iteration: 1092,  #states: 2198, valueb: 0.10621275394697105, activeness: 0.1815622879113632, primalobj: 0.9653806374423185, dualobj: -Inf
solve--
end solve-- RelaxOptimal OPTIMAL
 weights_sum: 1.0
itereffortlevel: 0
--separating...
--find a better primal bound 0.2320295532971626 by Alternative descent Eigen
--found a cut state by heuristic 0.2320295532971626 0.12069285214078126 
iteration: 1093,  #states: 2199, valueb: 0.12069285214078126, activeness: 0.2320295532971626, primalobj: 0.9653775035024796, dualobj: -Inf
solve--
end solve-- RelaxOptimal OPTIMAL
 weights_sum: 1.0
itereffortlevel: 0
--separating...
--find a better primal bound 0.2500576098619021 by Alternative descent Eigen
--found a cut state by heuristic 0.2500576098619021 0.11629715058961546 
iteration: 1094,  #states: 2200, valueb: 0.11629715058961546, activeness: 0.2500576098619021, primalobj: 0.9653653174487062, dualobj: -Inf
solve--
end solve-- RelaxOptimal OPTIMAL
 weights_sum: 1.000000011772748
itereffortlevel: 0
--separating...
--find a better primal bound 0.22198871080840263 by Alternative descent Eigen
--found a cut state by heuristic 0.22198871080840263 0.105125523207984 
iteration: 1095,  #states: 2201, valueb: 0.105125523207984, activeness: 0.22198871080840263, primalobj: 0.9653512294272876, dualobj: -Inf
solve--
end solve-- RelaxOptimal OPTIMAL
 weights_sum: 0.9999999999999996
itereffortlevel: 0
--separating...
--find a better primal bound 0.20007858361980496 by Alternative descent Eigen
--found a cut state by heuristic 0.20007858361980496 0.10418953143717724 
iteration: 1096,  #states: 2202, valueb: 0.10418953143717724, activeness: 0.20007858361980496, primalobj: 0.9653396992228196, dualobj: -Inf
solve--
end solve-- RelaxOptimal OPTIMAL
 weights_sum: 1.0000000000000009
itereffortlevel: 0
--separating...
--find a better primal bound 0.2322906883255638 by Alternative descent Eigen
--found a cut state by heuristic 0.2322906883255638 0.10880206105358808 
iteration: 1097,  #states: 2203, valueb: 0.10880206105358808, activeness: 0.2322906883255638, primalobj: 0.9653273660015568, dualobj: -Inf
solve--
end solve-- RelaxOptimal OPTIMAL
 weights_sum: 0.9999999999999993
itereffortlevel: 0
--separating...
--find a better primal bound 0.25693423656007697 by Alternative descent Eigen
--found a cut state by heuristic 0.25693423656007697 0.11250527385803161 
iteration: 1098,  #states: 2204, valueb: 0.11250527385803161, activeness: 0.25693423656007697, primalobj: 0.9653104690329513, dualobj: -Inf
solve--
end solve-- RelaxOptimal OPTIMAL
 weights_sum: 0.9999999999999998
itereffortlevel: 0
--separating...
--find a better primal bound 0.12968573708112424 by Alternative descent Eigen
--found a cut state by heuristic 0.12968573708112424 0.000887993946735024 
iteration: 1099,  #states: 2205, valueb: 0.000887993946735024, activeness: 0.12968573708112424, primalobj: 0.9653002928736291, dualobj: -Inf
solve--
end solve-- RelaxOptimal OPTIMAL
 weights_sum: 1.0000000325096339
itereffortlevel: 0
--separating...
--find a better primal bound 0.22706999920852342 by Alternative descent Eigen
--found a cut state by heuristic 0.22706999920852342 0.08861748752112227 
iteration: 1100,  #states: 2206, valueb: 0.08861748752112227, activeness: 0.22706999920852342, primalobj: 0.9652867009648334, dualobj: -Inf
solve--
end solve-- RelaxOptimal OPTIMAL
 weights_sum: 0.9999999999999993
itereffortlevel: 0
--separating...
--find a better primal bound 0.1930449819340072 by Alternative descent Eigen
--found a cut state by heuristic 0.1930449819340072 0.06881895791857053 
iteration: 1101,  #states: 2207, valueb: 0.06881895791857053, activeness: 0.1930449819340072, primalobj: 0.9652704199884711, dualobj: -Inf
solve--
end solve-- RelaxOptimal OPTIMAL
 weights_sum: 0.9999999999999998
itereffortlevel: 0
--separating...
--find a better primal bound 0.22166515307819415 by Alternative descent Eigen
--found a cut state by heuristic 0.22166515307819415 0.09399938931053843 
iteration: 1102,  #states: 2208, valueb: 0.09399938931053843, activeness: 0.22166515307819415, primalobj: 0.9652537500081028, dualobj: -Inf
solve--
end solve-- RelaxOptimal OPTIMAL
 weights_sum: 1.0000000000000002
itereffortlevel: 0
--separating...
--find a better primal bound 0.17733274986395123 by Alternative descent Eigen
--found a cut state by heuristic 0.17733274986395123 0.07294120022258402 
iteration: 1103,  #states: 2209, valueb: 0.07294120022258402, activeness: 0.17733274986395123, primalobj: 0.9652294415669013, dualobj: -Inf
solve--
end solve-- RelaxOptimal OPTIMAL
 weights_sum: 0.9999999999999998
itereffortlevel: 0
--separating...
--find a better primal bound 0.2217595422238984 by Alternative descent Eigen
--found a cut state by heuristic 0.2217595422238984 0.08479668788856207 
iteration: 1104,  #states: 2210, valueb: 0.08479668788856207, activeness: 0.2217595422238984, primalobj: 0.9652143353670116, dualobj: -Inf
solve--
end solve-- RelaxOptimal OPTIMAL
 weights_sum: 1.000000056379371
itereffortlevel: 0
--separating...
--find a better primal bound 0.1672155639167906 by Alternative descent Eigen
--found a cut state by heuristic 0.1672155639167906 0.02152919744302235 
iteration: 1105,  #states: 2211, valueb: 0.02152919744302235, activeness: 0.1672155639167906, primalobj: 0.9652005326510263, dualobj: -Inf
solve--
end solve-- RelaxOptimal OPTIMAL
 weights_sum: 1.0000021180991323
itereffortlevel: 0
--separating...
--find a better primal bound 0.08297494553784754 by Alternative descent Eigen
--found a cut state by heuristic 0.08297494553784754 0.006984016292079352 
iteration: 1106,  #states: 2212, valueb: 0.006984016292079352, activeness: 0.08297494553784754, primalobj: 0.9651881951092717, dualobj: -Inf
solve--
end solve-- RelaxOptimal OPTIMAL
 weights_sum: 1.0000007637623674
itereffortlevel: 0
--separating...
--find a better primal bound 0.11904509775763922 by Alternative descent Eigen
--found a cut state by heuristic 0.11904509775763922 0.011605084502213783 
iteration: 1107,  #states: 2213, valueb: 0.011605084502213783, activeness: 0.11904509775763922, primalobj: 0.9651777654690552, dualobj: -Inf
solve--
end solve-- RelaxOptimal OPTIMAL
 weights_sum: 1.0000000000000004
itereffortlevel: 0
--separating...
--find a better primal bound 0.1524973877439969 by Alternative descent Eigen
--found a cut state by heuristic 0.1524973877439969 0.026565895575729373 
iteration: 1108,  #states: 2214, valueb: 0.026565895575729373, activeness: 0.1524973877439969, primalobj: 0.965167451887716, dualobj: -Inf
solve--
end solve-- RelaxOptimal OPTIMAL
 weights_sum: 1.0000044981297218
itereffortlevel: 0
--separating...
--find a better primal bound 0.131927580106432 by Alternative descent Eigen
--found a cut state by heuristic 0.131927580106432 0.033322275310226114 
iteration: 1109,  #states: 2215, valueb: 0.033322275310226114, activeness: 0.131927580106432, primalobj: 0.9651575272848985, dualobj: -Inf
solve--
end solve-- RelaxOptimal OPTIMAL
 weights_sum: 1.0000000000000002
itereffortlevel: 0
--separating...
--find a better primal bound 0.1503617881219757 by Alternative descent Eigen
--found a cut state by heuristic 0.1503617881219757 0.03626839780679354 
iteration: 1110,  #states: 2216, valueb: 0.03626839780679354, activeness: 0.1503617881219757, primalobj: 0.9651527339045995, dualobj: -Inf
solve--
end solve-- RelaxOptimal OPTIMAL
 weights_sum: 1.0000000000000002
itereffortlevel: 0
--separating...
--find a better primal bound 0.08125550442889559 by Alternative descent Eigen
--found a cut state by heuristic 0.08125550442889559 0.022982233206527963 
iteration: 1111,  #states: 2217, valueb: 0.022982233206527963, activeness: 0.08125550442889559, primalobj: 0.965141637182578, dualobj: -Inf
solve--
end solve-- RelaxOptimal OPTIMAL
 weights_sum: 1.0000000000000002
itereffortlevel: 0
--separating...
--find a better primal bound 0.12420243952870248 by Alternative descent Eigen
--found a cut state by heuristic 0.12420243952870248 0.08251793496491548 
iteration: 1112,  #states: 2218, valueb: 0.08251793496491548, activeness: 0.12420243952870248, primalobj: 0.9651327994996146, dualobj: -Inf
solve--
end solve-- RelaxOptimal OPTIMAL
 weights_sum: 1.0000000000000004
itereffortlevel: 0
--separating...
--find a better primal bound 0.16903047880206157 by Alternative descent Eigen
--found a cut state by heuristic 0.16903047880206157 0.020451269163987918 
iteration: 1113,  #states: 2219, valueb: 0.020451269163987918, activeness: 0.16903047880206157, primalobj: 0.9651301587445947, dualobj: -Inf
solve--
end solve-- RelaxOptimal OPTIMAL
 weights_sum: 1.0000000000000002
itereffortlevel: 0
--separating...
--find a better primal bound 0.10044865206438601 by Alternative descent Eigen
--found a cut state by heuristic 0.10044865206438601 0.0002047683523491681 
iteration: 1114,  #states: 2220, valueb: 0.0002047683523491681, activeness: 0.10044865206438601, primalobj: 0.9651207085018102, dualobj: -Inf
solve--
end solve-- RelaxOptimal OPTIMAL
 weights_sum: 1.0000000000000009
itereffortlevel: 0
--separating...
--find a better primal bound 0.19276263114472308 by Alternative descent Eigen
--found a cut state by heuristic 0.19276263114472308 0.03249058863703236 
iteration: 1115,  #states: 2221, valueb: 0.03249058863703236, activeness: 0.19276263114472308, primalobj: 0.9651137804657296, dualobj: -Inf
solve--
end solve-- RelaxOptimal OPTIMAL
 weights_sum: 0.9999999999999996
itereffortlevel: 0
--separating...
--find a better primal bound 0.16021469941229122 by Alternative descent Eigen
--found a cut state by heuristic 0.16021469941229122 0.056394732781773704 
iteration: 1116,  #states: 2222, valueb: 0.056394732781773704, activeness: 0.16021469941229122, primalobj: 0.9651025415566474, dualobj: -Inf
solve--
end solve-- RelaxOptimal OPTIMAL
 weights_sum: 1.000000000000001
itereffortlevel: 0
--separating...
--find a better primal bound 0.1411837047016806 by Alternative descent Eigen
--found a cut state by heuristic 0.1411837047016806 0.0625975514519466 
iteration: 1117,  #states: 2223, valueb: 0.0625975514519466, activeness: 0.1411837047016806, primalobj: 0.965094617006079, dualobj: -Inf
solve--
end solve-- RelaxOptimal OPTIMAL
 weights_sum: 0.9999999999999997
itereffortlevel: 0
--separating...
--find a better primal bound 0.16924719966972285 by Alternative descent Eigen
--found a cut state by heuristic 0.16924719966972285 0.05008878346006647 
iteration: 1118,  #states: 2224, valueb: 0.05008878346006647, activeness: 0.16924719966972285, primalobj: 0.9650874389887897, dualobj: -Inf
solve--
end solve-- RelaxOptimal OPTIMAL
 weights_sum: 1.0000000000000009
itereffortlevel: 0
--separating...
--find a better primal bound 0.1635795155279167 by Alternative descent Eigen
--found a cut state by heuristic 0.1635795155279167 0.06305046734201468 
iteration: 1119,  #states: 2225, valueb: 0.06305046734201468, activeness: 0.1635795155279167, primalobj: 0.9650798972587555, dualobj: -Inf
solve--
end solve-- RelaxOptimal OPTIMAL
 weights_sum: 1.0000000000000004
itereffortlevel: 0
--separating...
--find a better primal bound 0.1276556740919349 by Alternative descent Eigen
--found a cut state by heuristic 0.1276556740919349 0.07427120626793653 
iteration: 1120,  #states: 2226, valueb: 0.07427120626793653, activeness: 0.1276556740919349, primalobj: 0.9650777964465981, dualobj: -Inf
solve--
end solve-- RelaxOptimal OPTIMAL
 weights_sum: 1.0000000000000013
itereffortlevel: 0
--separating...
--find a better primal bound 0.16841839727574612 by Alternative descent Eigen
--found a cut state by heuristic 0.16841839727574612 0.06840138964994535 
iteration: 1121,  #states: 2227, valueb: 0.06840138964994535, activeness: 0.16841839727574612, primalobj: 0.9650735213126007, dualobj: -Inf
solve--
end solve-- RelaxOptimal OPTIMAL
 weights_sum: 1.0000000521864134
itereffortlevel: 0
--separating...
--find a better primal bound 0.1619647685649868 by Alternative descent Eigen
--found a cut state by heuristic 0.1619647685649868 0.029481557511228572 
iteration: 1122,  #states: 2228, valueb: 0.029481557511228572, activeness: 0.1619647685649868, primalobj: 0.9650668788560189, dualobj: -Inf
solve--
end solve-- RelaxOptimal OPTIMAL
 weights_sum: 1.000000000000001
itereffortlevel: 0
--separating...
--find a better primal bound 0.13053517194098824 by Alternative descent Eigen
--found a cut state by heuristic 0.13053517194098824 0.038460019936093014 
iteration: 1123,  #states: 2229, valueb: 0.038460019936093014, activeness: 0.13053517194098824, primalobj: 0.9650570654122946, dualobj: -Inf
solve--
end solve-- RelaxOptimal OPTIMAL
 weights_sum: 1.0
itereffortlevel: 0
--separating...
--find a better primal bound 0.14483108425305852 by Alternative descent Eigen
--found a cut state by heuristic 0.14483108425305852 0.046548285345555725 
iteration: 1124,  #states: 2230, valueb: 0.046548285345555725, activeness: 0.14483108425305852, primalobj: 0.9650525423131243, dualobj: -Inf
solve--
end solve-- RelaxOptimal OPTIMAL
 weights_sum: 1.0
itereffortlevel: 0
--separating...
--find a better primal bound 0.19482855706835933 by Alternative descent Eigen
--found a cut state by heuristic 0.19482855706835933 0.07584090870771097 
iteration: 1125,  #states: 2231, valueb: 0.07584090870771097, activeness: 0.19482855706835933, primalobj: 0.9650384682792263, dualobj: -Inf
solve--
end solve-- RelaxOptimal OPTIMAL
 weights_sum: 1.0000000000000002
itereffortlevel: 0
--separating...
--find a better primal bound 0.12066318246985899 by Alternative descent Eigen
--found a cut state by heuristic 0.12066318246985899 0.039658418238903204 
iteration: 1126,  #states: 2232, valueb: 0.039658418238903204, activeness: 0.12066318246985899, primalobj: 0.9650307289192148, dualobj: -Inf
solve--
end solve-- RelaxOptimal OPTIMAL
 weights_sum: 1.0000000437767729
itereffortlevel: 0
--separating...
--find a better primal bound 0.15755512039044983 by Alternative descent Eigen
--found a cut state by heuristic 0.15755512039044983 0.072791663161154 
iteration: 1127,  #states: 2233, valueb: 0.072791663161154, activeness: 0.15755512039044983, primalobj: 0.9650229717652549, dualobj: -Inf
solve--
end solve-- RelaxOptimal OPTIMAL
 weights_sum: 0.9999999999999997
itereffortlevel: 0
--separating...
--find a better primal bound 0.126006976072095 by Alternative descent Eigen
--found a cut state by heuristic 0.126006976072095 0.07622352452430442 
iteration: 1128,  #states: 2234, valueb: 0.07622352452430442, activeness: 0.126006976072095, primalobj: 0.9650172296429449, dualobj: -Inf
solve--
end solve-- RelaxOptimal OPTIMAL
 weights_sum: 1.0000000000000004
itereffortlevel: 0
--separating...
--find a better primal bound 0.14718905455276926 by Alternative descent Eigen
--found a cut state by heuristic 0.14718905455276926 0.07715025147341646 
iteration: 1129,  #states: 2235, valueb: 0.07715025147341646, activeness: 0.14718905455276926, primalobj: 0.9650113375418103, dualobj: -Inf
solve--
end solve-- RelaxOptimal OPTIMAL
 weights_sum: 1.0000003583928745
itereffortlevel: 0
--separating...
--find a better primal bound 0.1539211036195107 by Alternative descent Eigen
--found a cut state by heuristic 0.1539211036195107 0.0851569043803048 
iteration: 1130,  #states: 2236, valueb: 0.0851569043803048, activeness: 0.1539211036195107, primalobj: 0.9650029558268534, dualobj: -Inf
solve--
end solve-- RelaxOptimal OPTIMAL
 weights_sum: 0.9999999999999989
itereffortlevel: 0
--separating...
--find a better primal bound 0.14367565355508902 by Alternative descent Eigen
--found a cut state by heuristic 0.14367565355508902 0.08036185139193647 
iteration: 1131,  #states: 2237, valueb: 0.08036185139193647, activeness: 0.14367565355508902, primalobj: 0.9649949806604787, dualobj: -Inf
solve--
end solve-- RelaxOptimal OPTIMAL
 weights_sum: 0.9999999999999984
itereffortlevel: 0
--separating...
--find a better primal bound 0.1531507822319037 by Alternative descent Eigen
--found a cut state by heuristic 0.1531507822319037 0.07765988240863703 
iteration: 1132,  #states: 2238, valueb: 0.07765988240863703, activeness: 0.1531507822319037, primalobj: 0.9649865128064747, dualobj: -Inf
solve--
end solve-- RelaxOptimal OPTIMAL
 weights_sum: 1.000000000000002
itereffortlevel: 0
--separating...
--find a better primal bound 0.11615981355759931 by Alternative descent Eigen
--found a cut state by heuristic 0.11615981355759931 0.05741335003587273 
iteration: 1133,  #states: 2239, valueb: 0.05741335003587273, activeness: 0.11615981355759931, primalobj: 0.9649800558465614, dualobj: -Inf
solve--
end solve-- RelaxOptimal OPTIMAL
 weights_sum: 1.0000000000000002
itereffortlevel: 0
--separating...
--find a better primal bound 0.14624507068161094 by Alternative descent Eigen
--found a cut state by heuristic 0.14624507068161094 0.06864728302008363 
iteration: 1134,  #states: 2240, valueb: 0.06864728302008363, activeness: 0.14624507068161094, primalobj: 0.9649702934211, dualobj: -Inf
solve--
end solve-- RelaxOptimal OPTIMAL
 weights_sum: 1.0000002291251673
itereffortlevel: 0
--separating...
--find a better primal bound 0.14939518067030264 by Alternative descent Eigen
--found a cut state by heuristic 0.14939518067030264 0.08001408534019926 
iteration: 1135,  #states: 2241, valueb: 0.08001408534019926, activeness: 0.14939518067030264, primalobj: 0.9649645146989672, dualobj: -Inf
solve--
end solve-- RelaxOptimal OPTIMAL
 weights_sum: 0.9999999999999996
itereffortlevel: 0
--separating...
--find a better primal bound 0.16296740762782344 by Alternative descent Eigen
--found a cut state by heuristic 0.16296740762782344 0.08099440646164988 
iteration: 1136,  #states: 2242, valueb: 0.08099440646164988, activeness: 0.16296740762782344, primalobj: 0.9649569297670288, dualobj: -Inf
solve--
end solve-- RelaxOptimal OPTIMAL
 weights_sum: 0.9999999999999998
itereffortlevel: 0
--separating...
--find a better primal bound 0.2020262839746637 by Alternative descent Eigen
--found a cut state by heuristic 0.2020262839746637 0.08127753886373204 
iteration: 1137,  #states: 2243, valueb: 0.08127753886373204, activeness: 0.2020262839746637, primalobj: 0.964952253508443, dualobj: -Inf
solve--
end solve-- RelaxOptimal OPTIMAL
 weights_sum: 0.9999999999999996
itereffortlevel: 0
--separating...
--find a better primal bound 0.2228636347982084 by Alternative descent Eigen
--found a cut state by heuristic 0.2228636347982084 0.09692987611290932 
iteration: 1138,  #states: 2244, valueb: 0.09692987611290932, activeness: 0.2228636347982084, primalobj: 0.9649431020175906, dualobj: -Inf
solve--
end solve-- RelaxOptimal OPTIMAL
 weights_sum: 1.0000000000000013
itereffortlevel: 0
--separating...
--find a better primal bound 0.1833154703986113 by Alternative descent Eigen
--found a cut state by heuristic 0.1833154703986113 0.07726478499770136 
iteration: 1139,  #states: 2245, valueb: 0.07726478499770136, activeness: 0.1833154703986113, primalobj: 0.9649369621368177, dualobj: -Inf
solve--
end solve-- RelaxOptimal OPTIMAL
 weights_sum: 1.0000000812199958
itereffortlevel: 0
--separating...
--find a better primal bound 0.14560914964334082 by Alternative descent Eigen
--found a cut state by heuristic 0.14560914964334082 0.07356866375907245 
iteration: 1140,  #states: 2246, valueb: 0.07356866375907245, activeness: 0.14560914964334082, primalobj: 0.9649250055380427, dualobj: -Inf
solve--
end solve-- RelaxOptimal OPTIMAL
 weights_sum: 1.0000000000000002
itereffortlevel: 0
--separating...
--find a better primal bound 0.16411211174349677 by Alternative descent Eigen
--found a cut state by heuristic 0.16411211174349677 0.06483089320192828 
iteration: 1141,  #states: 2247, valueb: 0.06483089320192828, activeness: 0.16411211174349677, primalobj: 0.9649223935918633, dualobj: -Inf
solve--
end solve-- RelaxOptimal OPTIMAL
 weights_sum: 1.0000000000000007
itereffortlevel: 0
--separating...
--find a better primal bound 0.0929825508175399 by Alternative descent Eigen
--found a cut state by heuristic 0.0929825508175399 0.05328146493741502 
iteration: 1142,  #states: 2248, valueb: 0.05328146493741502, activeness: 0.0929825508175399, primalobj: 0.9649106177406588, dualobj: -Inf
solve--
end solve-- RelaxOptimal OPTIMAL
 weights_sum: 1.0000000000000004
itereffortlevel: 0
--separating...
--find a better primal bound 0.1956666500583344 by Alternative descent Eigen
--found a cut state by heuristic 0.1956666500583344 0.05194395751326378 
iteration: 1143,  #states: 2249, valueb: 0.05194395751326378, activeness: 0.1956666500583344, primalobj: 0.9649029816560336, dualobj: -Inf
solve--
end solve-- RelaxOptimal OPTIMAL
 weights_sum: 0.9999999999999992
itereffortlevel: 0
--separating...
--find a better primal bound 0.15455997507110505 by Alternative descent Eigen
--found a cut state by heuristic 0.15455997507110505 0.054161987267392867 
iteration: 1144,  #states: 2250, valueb: 0.054161987267392867, activeness: 0.15455997507110505, primalobj: 0.9648938594263746, dualobj: -Inf
solve--
end solve-- RelaxOptimal OPTIMAL
 weights_sum: 0.9999999999999998
itereffortlevel: 0
--separating...
--find a better primal bound 0.11448540352142003 by Alternative descent Eigen
--found a cut state by heuristic 0.11448540352142003 0.008008402749108622 
iteration: 1145,  #states: 2251, valueb: 0.008008402749108622, activeness: 0.11448540352142003, primalobj: 0.9648855192421765, dualobj: -Inf
solve--
end solve-- RelaxOptimal OPTIMAL
 weights_sum: 0.9999999999999998
itereffortlevel: 0
--separating...
--find a better primal bound 0.1804864551523914 by Alternative descent Eigen
--found a cut state by heuristic 0.1804864551523914 0.06605357831594263 
iteration: 1146,  #states: 2252, valueb: 0.06605357831594263, activeness: 0.1804864551523914, primalobj: 0.9648785624971178, dualobj: -Inf
solve--
end solve-- RelaxOptimal OPTIMAL
 weights_sum: 1.0000000688501338
itereffortlevel: 0
--separating...
--find a better primal bound 0.20937967283840295 by Alternative descent Eigen
--found a cut state by heuristic 0.20937967283840295 0.07656123143823411 
iteration: 1147,  #states: 2253, valueb: 0.07656123143823411, activeness: 0.20937967283840295, primalobj: 0.9648730613343858, dualobj: -Inf
solve--
end solve-- RelaxOptimal OPTIMAL
 weights_sum: 1.0000000000000009
itereffortlevel: 0
--separating...
--find a better primal bound 0.15833059774321698 by Alternative descent Eigen
--found a cut state by heuristic 0.15833059774321698 0.054338562081733495 
iteration: 1148,  #states: 2254, valueb: 0.054338562081733495, activeness: 0.15833059774321698, primalobj: 0.9648594027995747, dualobj: -Inf
solve--
end solve-- RelaxOptimal OPTIMAL
 weights_sum: 0.9999999999999993
itereffortlevel: 0
--separating...
--find a better primal bound 0.14566736248400647 by Alternative descent Eigen
--found a cut state by heuristic 0.14566736248400647 0.0630109350477408 
iteration: 1149,  #states: 2255, valueb: 0.0630109350477408, activeness: 0.14566736248400647, primalobj: 0.9648414476011334, dualobj: -Inf
solve--
end solve-- RelaxOptimal OPTIMAL
 weights_sum: 1.0000000000000009
itereffortlevel: 0
--separating...
--find a better primal bound 0.17505694016798934 by Alternative descent Eigen
--found a cut state by heuristic 0.17505694016798934 0.05759786259659004 
iteration: 1150,  #states: 2256, valueb: 0.05759786259659004, activeness: 0.17505694016798934, primalobj: 0.9648343485079371, dualobj: -Inf
solve--
end solve-- RelaxOptimal OPTIMAL
 weights_sum: 1.0000000236031124
itereffortlevel: 0
--separating...
--find a better primal bound 0.08472810204594206 by Alternative descent Eigen
--found a cut state by heuristic 0.08472810204594206 0.05210263284673105 
iteration: 1151,  #states: 2257, valueb: 0.05210263284673105, activeness: 0.08472810204594206, primalobj: 0.9648183119948032, dualobj: -Inf
solve--
end solve-- RelaxOptimal OPTIMAL
 weights_sum: 0.9999999999999994
itereffortlevel: 0
--separating...
--find a better primal bound 0.15587645951581788 by Alternative descent Eigen
--found a cut state by heuristic 0.15587645951581788 0.06594544623086426 
iteration: 1152,  #states: 2258, valueb: 0.06594544623086426, activeness: 0.15587645951581788, primalobj: 0.9648135811437376, dualobj: -Inf
solve--
end solve-- RelaxOptimal OPTIMAL
 weights_sum: 1.0000000000000007
itereffortlevel: 0
--separating...
--find a better primal bound 0.13748435539649304 by Alternative descent Eigen
--found a cut state by heuristic 0.13748435539649304 0.051617092503760204 
iteration: 1153,  #states: 2259, valueb: 0.051617092503760204, activeness: 0.13748435539649304, primalobj: 0.9648079548363019, dualobj: -Inf
solve--
end solve-- RelaxOptimal OPTIMAL
 weights_sum: 1.0
itereffortlevel: 0
--separating...
--find a better primal bound 0.11857543315554711 by Alternative descent Eigen
--found a cut state by heuristic 0.11857543315554711 0.04149627590881753 
iteration: 1154,  #states: 2260, valueb: 0.04149627590881753, activeness: 0.11857543315554711, primalobj: 0.9647998526082882, dualobj: -Inf
solve--
end solve-- RelaxOptimal OPTIMAL
 weights_sum: 1.000000047886047
itereffortlevel: 0
--separating...
--find a better primal bound 0.14410372429618523 by Alternative descent Eigen
--found a cut state by heuristic 0.14410372429618523 0.043174374023370425 
iteration: 1155,  #states: 2261, valueb: 0.043174374023370425, activeness: 0.14410372429618523, primalobj: 0.9647922601107478, dualobj: -Inf
solve--
end solve-- RelaxOptimal OPTIMAL
 weights_sum: 0.9999999999999998
itereffortlevel: 0
--separating...
--find a better primal bound 0.18023116417418072 by Alternative descent Eigen
--found a cut state by heuristic 0.18023116417418072 0.03450762066090923 
iteration: 1156,  #states: 2262, valueb: 0.03450762066090923, activeness: 0.18023116417418072, primalobj: 0.9647853625037467, dualobj: -Inf
solve--
end solve-- RelaxOptimal OPTIMAL
 weights_sum: 0.9999999999999996
itereffortlevel: 0
--separating...
--find a better primal bound 0.1379873505498853 by Alternative descent Eigen
--found a cut state by heuristic 0.1379873505498853 0.060334417317584585 
iteration: 1157,  #states: 2263, valueb: 0.060334417317584585, activeness: 0.1379873505498853, primalobj: 0.9647656597711693, dualobj: -Inf
solve--
end solve-- RelaxOptimal OPTIMAL
 weights_sum: 0.9999999999999993
itereffortlevel: 0
--separating...
--find a better primal bound 0.17362739501151186 by Alternative descent Eigen
--found a cut state by heuristic 0.17362739501151186 0.04106179209219385 
iteration: 1158,  #states: 2264, valueb: 0.04106179209219385, activeness: 0.17362739501151186, primalobj: 0.9647482511221077, dualobj: -Inf
solve--
end solve-- RelaxOptimal OPTIMAL
 weights_sum: 1.0000000510822509
itereffortlevel: 0
--separating...
--find a better primal bound 0.11900674705881062 by Alternative descent Eigen
--found a cut state by heuristic 0.11900674705881062 0.028604518126998033 
iteration: 1159,  #states: 2265, valueb: 0.028604518126998033, activeness: 0.11900674705881062, primalobj: 0.9647358790426301, dualobj: -Inf
solve--
end solve-- RelaxOptimal OPTIMAL
 weights_sum: 0.9999999999999996
itereffortlevel: 0
--separating...
--find a better primal bound 0.12862597680547497 by Alternative descent Eigen
--found a cut state by heuristic 0.12862597680547497 0.009290914710909589 
iteration: 1160,  #states: 2266, valueb: 0.009290914710909589, activeness: 0.12862597680547497, primalobj: 0.9647304057029227, dualobj: -Inf
solve--
end solve-- RelaxOptimal OPTIMAL
 weights_sum: 0.9999999999999983
itereffortlevel: 0
--separating...
--find a better primal bound 0.1134506706264907 by Alternative descent Eigen
--found a cut state by heuristic 0.1134506706264907 0.019543272401604958 
iteration: 1161,  #states: 2267, valueb: 0.019543272401604958, activeness: 0.1134506706264907, primalobj: 0.9647237630699985, dualobj: -Inf
solve--
end solve-- RelaxOptimal OPTIMAL
 weights_sum: 1.0000007714089258
itereffortlevel: 0
--separating...
--find a better primal bound 0.10182067593257085 by Alternative descent Eigen
--found a cut state by heuristic 0.10182067593257085 0.006125207526652978 
iteration: 1162,  #states: 2268, valueb: 0.006125207526652978, activeness: 0.10182067593257085, primalobj: 0.9647178417525786, dualobj: -Inf
solve--
end solve-- RelaxOptimal OPTIMAL
 weights_sum: 0.9999999999999998
itereffortlevel: 0
--separating...
--find a better primal bound 0.12675512384719329 by Alternative descent Eigen
--found a cut state by heuristic 0.12675512384719329 0.016585309982310253 
iteration: 1163,  #states: 2269, valueb: 0.016585309982310253, activeness: 0.12675512384719329, primalobj: 0.9647119664027439, dualobj: -Inf
solve--
end solve-- RelaxOptimal OPTIMAL
 weights_sum: 1.0000000000000013
itereffortlevel: 0
--separating...
--find a better primal bound 0.12385110014906947 by Alternative descent Eigen
--found a cut state by heuristic 0.12385110014906947 0.024234441927698774 
iteration: 1164,  #states: 2270, valueb: 0.024234441927698774, activeness: 0.12385110014906947, primalobj: 0.9647046770367033, dualobj: -Inf
solve--
end solve-- RelaxOptimal OPTIMAL
 weights_sum: 1.0000000000000004
itereffortlevel: 0
--separating...
--find a better primal bound 0.11956846174205132 by Alternative descent Eigen
--found a cut state by heuristic 0.11956846174205132 0.06329944236692564 
iteration: 1165,  #states: 2271, valueb: 0.06329944236692564, activeness: 0.11956846174205132, primalobj: 0.9646980482456412, dualobj: -Inf
solve--
end solve-- RelaxOptimal OPTIMAL
 weights_sum: 1.0000000000000002
itereffortlevel: 0
--separating...
--find a better primal bound 0.16268863516715176 by Alternative descent Eigen
--found a cut state by heuristic 0.16268863516715176 0.057889732332329844 
iteration: 1166,  #states: 2272, valueb: 0.057889732332329844, activeness: 0.16268863516715176, primalobj: 0.9646948697627905, dualobj: -Inf
solve--
end solve-- RelaxOptimal OPTIMAL
 weights_sum: 1.0000000000000009
itereffortlevel: 0
--separating...
--find a better primal bound 0.15565193144275008 by Alternative descent Eigen
--found a cut state by heuristic 0.15565193144275008 0.05613285722971663 
iteration: 1167,  #states: 2273, valueb: 0.05613285722971663, activeness: 0.15565193144275008, primalobj: 0.9646884336223684, dualobj: -Inf
solve--
end solve-- RelaxOptimal OPTIMAL
 weights_sum: 1.0000000880676454
itereffortlevel: 0
--separating...
--find a better primal bound 0.11910195936366821 by Alternative descent Eigen
--found a cut state by heuristic 0.11910195936366821 0.06128608170870475 
iteration: 1168,  #states: 2274, valueb: 0.06128608170870475, activeness: 0.11910195936366821, primalobj: 0.9646835540025712, dualobj: -Inf
solve--
end solve-- RelaxOptimal OPTIMAL
 weights_sum: 0.9999999999999993
itereffortlevel: 0
--separating...
--find a better primal bound 0.19583592132587407 by Alternative descent Eigen
--found a cut state by heuristic 0.19583592132587407 0.07601676881564685 
iteration: 1169,  #states: 2275, valueb: 0.07601676881564685, activeness: 0.19583592132587407, primalobj: 0.9646785283943622, dualobj: -Inf
solve--
end solve-- RelaxOptimal OPTIMAL
 weights_sum: 0.9999999999999993
itereffortlevel: 0
--separating...
--find a better primal bound 0.1808162324877712 by Alternative descent Eigen
--found a cut state by heuristic 0.1808162324877712 0.059434421973845984 
iteration: 1170,  #states: 2276, valueb: 0.059434421973845984, activeness: 0.1808162324877712, primalobj: 0.9646591862986277, dualobj: -Inf
solve--
end solve-- RelaxOptimal OPTIMAL
 weights_sum: 0.9999999999999992
itereffortlevel: 0
--separating...
--find a better primal bound 0.16619321757485683 by Alternative descent Eigen
--found a cut state by heuristic 0.16619321757485683 0.03466738573076402 
iteration: 1171,  #states: 2277, valueb: 0.03466738573076402, activeness: 0.16619321757485683, primalobj: 0.9646447628363176, dualobj: -Inf
solve--
end solve-- RelaxOptimal OPTIMAL
 weights_sum: 1.0000000000000007
itereffortlevel: 0
--separating...
--find a better primal bound 0.1007300056368163 by Alternative descent Eigen
--found a cut state by heuristic 0.1007300056368163 0.02734618180759082 
iteration: 1172,  #states: 2278, valueb: 0.02734618180759082, activeness: 0.1007300056368163, primalobj: 0.9646380796637843, dualobj: -Inf
solve--
end solve-- RelaxOptimal OPTIMAL
 weights_sum: 1.0000000000000009
itereffortlevel: 0
--separating...
--find a better primal bound 0.18377725200857356 by Alternative descent Eigen
--found a cut state by heuristic 0.18377725200857356 0.06140863400986574 
iteration: 1173,  #states: 2279, valueb: 0.06140863400986574, activeness: 0.18377725200857356, primalobj: 0.964630757239053, dualobj: -Inf
solve--
end solve-- RelaxOptimal OPTIMAL
 weights_sum: 0.9999999999999987
itereffortlevel: 0
--separating...
--find a better primal bound 0.1789304819794443 by Alternative descent Eigen
--found a cut state by heuristic 0.1789304819794443 0.05221964047668244 
iteration: 1174,  #states: 2280, valueb: 0.05221964047668244, activeness: 0.1789304819794443, primalobj: 0.9646221180293757, dualobj: -Inf
solve--
end solve-- RelaxOptimal OPTIMAL
 weights_sum: 0.9999999999999993
itereffortlevel: 0
--separating...
--find a better primal bound 0.11223437463784522 by Alternative descent Eigen
--found a cut state by heuristic 0.11223437463784522 0.015810229006908212 
iteration: 1175,  #states: 2281, valueb: 0.015810229006908212, activeness: 0.11223437463784522, primalobj: 0.9646057225001741, dualobj: -Inf
solve--
end solve-- RelaxOptimal OPTIMAL
 weights_sum: 1.0000000000000004
itereffortlevel: 0
--separating...
--find a better primal bound 0.13533216596043326 by Alternative descent Eigen
--found a cut state by heuristic 0.13533216596043326 0.04252682417970168 
iteration: 1176,  #states: 2282, valueb: 0.04252682417970168, activeness: 0.13533216596043326, primalobj: 0.9646011211179092, dualobj: -Inf
solve--
end solve-- RelaxOptimal OPTIMAL
 weights_sum: 1.0000000000000018
itereffortlevel: 0
--separating...
--find a better primal bound 0.10473970014963366 by Alternative descent Eigen
--found a cut state by heuristic 0.10473970014963366 0.024474787368387985 
iteration: 1177,  #states: 2283, valueb: 0.024474787368387985, activeness: 0.10473970014963366, primalobj: 0.9645929540405545, dualobj: -Inf
solve--
end solve-- RelaxOptimal OPTIMAL
 weights_sum: 1.0000000000000018
itereffortlevel: 0
--separating...
--find a better primal bound 0.15186347817267487 by Alternative descent Eigen
--found a cut state by heuristic 0.15186347817267487 0.0605268829112961 
iteration: 1178,  #states: 2284, valueb: 0.0605268829112961, activeness: 0.15186347817267487, primalobj: 0.9645881618538257, dualobj: -Inf
solve--
end solve-- RelaxOptimal OPTIMAL
 weights_sum: 0.9999999999999988
itereffortlevel: 0
--separating...
--find a better primal bound 0.10445845183670122 by Alternative descent Eigen
--found a cut state by heuristic 0.10445845183670122 0.03881470992111724 
iteration: 1179,  #states: 2285, valueb: 0.03881470992111724, activeness: 0.10445845183670122, primalobj: 0.9645847760519967, dualobj: -Inf
solve--
end solve-- RelaxOptimal OPTIMAL
 weights_sum: 1.0000000000000002
itereffortlevel: 0
--separating...
--find a better primal bound 0.15677849234879868 by Alternative descent Eigen
--found a cut state by heuristic 0.15677849234879868 0.03508231784188773 
iteration: 1180,  #states: 2286, valueb: 0.03508231784188773, activeness: 0.15677849234879868, primalobj: 0.9645801446740777, dualobj: -Inf
solve--
end solve-- RelaxOptimal OPTIMAL
 weights_sum: 1.000001766752177
itereffortlevel: 0
--separating...
--find a better primal bound 0.1079790935908681 by Alternative descent Eigen
--found a cut state by heuristic 0.1079790935908681 0.019741493512323963 
iteration: 1181,  #states: 2287, valueb: 0.019741493512323963, activeness: 0.1079790935908681, primalobj: 0.9645740610195478, dualobj: -Inf
solve--
end solve-- RelaxOptimal OPTIMAL
 weights_sum: 1.0000001948441923
itereffortlevel: 0
--separating...
--find a better primal bound 0.166941624847247 by Alternative descent Eigen
--found a cut state by heuristic 0.166941624847247 0.058180857008518515 
iteration: 1182,  #states: 2288, valueb: 0.058180857008518515, activeness: 0.166941624847247, primalobj: 0.9645667284200768, dualobj: -Inf
solve--
end solve-- RelaxOptimal OPTIMAL
 weights_sum: 1.0000000000000002
itereffortlevel: 0
--separating...
--find a better primal bound 0.16472614157091792 by Alternative descent Eigen
--found a cut state by heuristic 0.16472614157091792 0.0826153944774214 
iteration: 1183,  #states: 2289, valueb: 0.0826153944774214, activeness: 0.16472614157091792, primalobj: 0.9645629050946081, dualobj: -Inf
solve--
end solve-- RelaxOptimal OPTIMAL
 weights_sum: 0.9999999999999998
itereffortlevel: 0
--separating...
--find a better primal bound 0.14820223455500184 by Alternative descent Eigen
--found a cut state by heuristic 0.14820223455500184 0.08993125608884268 
iteration: 1184,  #states: 2290, valueb: 0.08993125608884268, activeness: 0.14820223455500184, primalobj: 0.9645573257087632, dualobj: -Inf
solve--
end solve-- RelaxOptimal OPTIMAL
 weights_sum: 1.0000000000000007
itereffortlevel: 0
--separating...
--find a better primal bound 0.1859777988037012 by Alternative descent Eigen
--found a cut state by heuristic 0.1859777988037012 0.09178454123452406 
iteration: 1185,  #states: 2291, valueb: 0.09178454123452406, activeness: 0.1859777988037012, primalobj: 0.9645537398820758, dualobj: -Inf
solve--
end solve-- RelaxOptimal OPTIMAL
 weights_sum: 0.9999999999999998
itereffortlevel: 0
--separating...
--find a better primal bound 0.18940816778599898 by Alternative descent Eigen
--found a cut state by heuristic 0.18940816778599898 0.09702406236988634 
iteration: 1186,  #states: 2292, valueb: 0.09702406236988634, activeness: 0.18940816778599898, primalobj: 0.9645430702419148, dualobj: -Inf
solve--
end solve-- RelaxOptimal OPTIMAL
 weights_sum: 1.0000001900750652
itereffortlevel: 0
--separating...
--find a better primal bound 0.17732269897278052 by Alternative descent Eigen
--found a cut state by heuristic 0.17732269897278052 0.08623251023771916 
iteration: 1187,  #states: 2293, valueb: 0.08623251023771916, activeness: 0.17732269897278052, primalobj: 0.9645360577820001, dualobj: -Inf
solve--
end solve-- RelaxOptimal OPTIMAL
 weights_sum: 0.9999999999999994
itereffortlevel: 0
--separating...
--find a better primal bound 0.2540696212155304 by Alternative descent Eigen
--found a cut state by heuristic 0.2540696212155304 0.10520919319481428 
iteration: 1188,  #states: 2294, valueb: 0.10520919319481428, activeness: 0.2540696212155304, primalobj: 0.9645245191439196, dualobj: -Inf
solve--
end solve-- RelaxOptimal OPTIMAL
 weights_sum: 0.9999999999999992
itereffortlevel: 0
--separating...
--find a better primal bound 0.18186601659888418 by Alternative descent Eigen
--found a cut state by heuristic 0.18186601659888418 0.0718948960317289 
iteration: 1189,  #states: 2295, valueb: 0.0718948960317289, activeness: 0.18186601659888418, primalobj: 0.9645131093183312, dualobj: -Inf
solve--
end solve-- RelaxOptimal OPTIMAL
 weights_sum: 1.0000000000000004
itereffortlevel: 0
--separating...
--find a better primal bound 0.14012941575641677 by Alternative descent Eigen
--found a cut state by heuristic 0.14012941575641677 0.07540614822092556 
iteration: 1190,  #states: 2296, valueb: 0.07540614822092556, activeness: 0.14012941575641677, primalobj: 0.9645027788171143, dualobj: -Inf
solve--
end solve-- RelaxOptimal OPTIMAL
 weights_sum: 0.9999999999999998
itereffortlevel: 0
--separating...
--find a better primal bound 0.1780750619512282 by Alternative descent Eigen
--found a cut state by heuristic 0.1780750619512282 0.08911632956577999 
iteration: 1191,  #states: 2297, valueb: 0.08911632956577999, activeness: 0.1780750619512282, primalobj: 0.9644958863858586, dualobj: -Inf
solve--
end solve-- RelaxOptimal OPTIMAL
 weights_sum: 1.0000000163961524
itereffortlevel: 0
--separating...
--find a better primal bound 0.2234652878890275 by Alternative descent Eigen
--found a cut state by heuristic 0.2234652878890275 0.08742163997422056 
iteration: 1192,  #states: 2298, valueb: 0.08742163997422056, activeness: 0.2234652878890275, primalobj: 0.9644835897562795, dualobj: -Inf
solve--
end solve-- RelaxOptimal OPTIMAL
 weights_sum: 0.9999999999999987
itereffortlevel: 0
--separating...
--find a better primal bound 0.22100887973549152 by Alternative descent Eigen
--found a cut state by heuristic 0.22100887973549152 0.10602796056447925 
iteration: 1193,  #states: 2299, valueb: 0.10602796056447925, activeness: 0.22100887973549152, primalobj: 0.9644714760194549, dualobj: -Inf
solve--
end solve-- RelaxOptimal OPTIMAL
 weights_sum: 1.0
itereffortlevel: 0
--separating...
--find a better primal bound 0.18317117008428563 by Alternative descent Eigen
--found a cut state by heuristic 0.18317117008428563 0.12987092242340786 
iteration: 1194,  #states: 2300, valueb: 0.12987092242340786, activeness: 0.18317117008428563, primalobj: 0.9644585406282904, dualobj: -Inf
solve--
end solve-- RelaxOptimal OPTIMAL
 weights_sum: 1.0000000000000009
itereffortlevel: 0
--separating...
--find a better primal bound 0.24455571182164176 by Alternative descent Eigen
--found a cut state by heuristic 0.24455571182164176 0.1164111350078048 
iteration: 1195,  #states: 2301, valueb: 0.1164111350078048, activeness: 0.24455571182164176, primalobj: 0.9644554747769055, dualobj: -Inf
solve--
end solve-- RelaxOptimal OPTIMAL
 weights_sum: 1.0000000000000018
itereffortlevel: 0
--separating...
--find a better primal bound 0.18431779021003078 by Alternative descent Eigen
--found a cut state by heuristic 0.18431779021003078 0.12769906985534005 
iteration: 1196,  #states: 2302, valueb: 0.12769906985534005, activeness: 0.18431779021003078, primalobj: 0.9644458150992685, dualobj: -Inf
solve--
end solve-- RelaxOptimal OPTIMAL
 weights_sum: 1.000000029749416
itereffortlevel: 0
--separating...
--find a better primal bound 0.17496925444036132 by Alternative descent Eigen
--found a cut state by heuristic 0.17496925444036132 0.11414993113216888 
iteration: 1197,  #states: 2303, valueb: 0.11414993113216888, activeness: 0.17496925444036132, primalobj: 0.964442002323086, dualobj: -Inf
solve--
end solve-- RelaxOptimal OPTIMAL
 weights_sum: 0.9999999999999991
itereffortlevel: 0
--separating...
--find a better primal bound 0.17955419436079298 by Alternative descent Eigen
--found a cut state by heuristic 0.17955419436079298 0.10475230506491476 
iteration: 1198,  #states: 2304, valueb: 0.10475230506491476, activeness: 0.17955419436079298, primalobj: 0.9644388402162543, dualobj: -Inf
solve--
end solve-- RelaxOptimal OPTIMAL
 weights_sum: 1.0000000000000004
itereffortlevel: 0
--separating...
--find a better primal bound 0.17384705999285593 by Alternative descent Eigen
--found a cut state by heuristic 0.17384705999285593 0.08900985566352328 
iteration: 1199,  #states: 2305, valueb: 0.08900985566352328, activeness: 0.17384705999285593, primalobj: 0.964429942342827, dualobj: -Inf
solve--
end solve-- RelaxOptimal OPTIMAL
 weights_sum: 0.9999999999999996
itereffortlevel: 0
--separating...
--find a better primal bound 0.19545674065782265 by Alternative descent Eigen
--found a cut state by heuristic 0.19545674065782265 0.0921357679793958 
iteration: 1200,  #states: 2306, valueb: 0.0921357679793958, activeness: 0.19545674065782265, primalobj: 0.9644214189126864, dualobj: -Inf
solve--
end solve-- RelaxOptimal OPTIMAL
 weights_sum: 1.0000000053961156
itereffortlevel: 0
--separating...
--find a better primal bound 0.17933936276622478 by Alternative descent Eigen
--found a cut state by heuristic 0.17933936276622478 0.08947990459791264 
iteration: 1201,  #states: 2307, valueb: 0.08947990459791264, activeness: 0.17933936276622478, primalobj: 0.9644024488036551, dualobj: -Inf
solve--
end solve-- RelaxOptimal OPTIMAL
 weights_sum: 1.0000000000000004
itereffortlevel: 0
--separating...
--find a better primal bound 0.11512506827370736 by Alternative descent Eigen
--found a cut state by heuristic 0.11512506827370736 0.07583072050585829 
iteration: 1202,  #states: 2308, valueb: 0.07583072050585829, activeness: 0.11512506827370736, primalobj: 0.9643915360181997, dualobj: -Inf
solve--
end solve-- RelaxOptimal OPTIMAL
 weights_sum: 1.0
itereffortlevel: 0
--separating...
--find a better primal bound 0.155008782611178 by Alternative descent Eigen
--found a cut state by heuristic 0.155008782611178 0.08364760943152905 
iteration: 1203,  #states: 2309, valueb: 0.08364760943152905, activeness: 0.155008782611178, primalobj: 0.9643886551929508, dualobj: -Inf
solve--
end solve-- RelaxOptimal OPTIMAL
 weights_sum: 1.0000000000000002
itereffortlevel: 0
--separating...
--find a better primal bound 0.19743758270977732 by Alternative descent Eigen
--found a cut state by heuristic 0.19743758270977732 0.0832059552608834 
iteration: 1204,  #states: 2310, valueb: 0.0832059552608834, activeness: 0.19743758270977732, primalobj: 0.9643841068300821, dualobj: -Inf
solve--
end solve-- RelaxOptimal OPTIMAL
 weights_sum: 0.9999999999999991
itereffortlevel: 0
--separating...
--find a better primal bound 0.27257179079731325 by Alternative descent Eigen
--found a cut state by heuristic 0.27257179079731325 0.10004442561114821 
iteration: 1205,  #states: 2311, valueb: 0.10004442561114821, activeness: 0.27257179079731325, primalobj: 0.9643717831979022, dualobj: -Inf
solve--
end solve-- RelaxOptimal OPTIMAL
 weights_sum: 1.000000485827721
itereffortlevel: 0
--separating...
--find a better primal bound 0.1473394503655266 by Alternative descent Eigen
--found a cut state by heuristic 0.1473394503655266 0.07948155445147875 
iteration: 1206,  #states: 2312, valueb: 0.07948155445147875, activeness: 0.1473394503655266, primalobj: 0.9643471571562894, dualobj: -Inf
solve--
end solve-- RelaxOptimal OPTIMAL
 weights_sum: 1.0
itereffortlevel: 0
--separating...
--find a better primal bound 0.2125920808626769 by Alternative descent Eigen
--found a cut state by heuristic 0.2125920808626769 0.10748041221862002 
iteration: 1207,  #states: 2313, valueb: 0.10748041221862002, activeness: 0.2125920808626769, primalobj: 0.9643320528351413, dualobj: -Inf
solve--
end solve-- RelaxOptimal OPTIMAL
 weights_sum: 1.0000000000000016
itereffortlevel: 0
--separating...
--find a better primal bound 0.14451066956476563 by Alternative descent Eigen
--found a cut state by heuristic 0.14451066956476563 0.07017233084763926 
iteration: 1208,  #states: 2314, valueb: 0.07017233084763926, activeness: 0.14451066956476563, primalobj: 0.9643143763616079, dualobj: -Inf
solve--
end solve-- RelaxOptimal OPTIMAL
 weights_sum: 1.0
itereffortlevel: 0
--separating...
--find a better primal bound 0.14632254797920757 by Alternative descent Eigen
--found a cut state by heuristic 0.14632254797920757 0.07627695491739508 
iteration: 1209,  #states: 2315, valueb: 0.07627695491739508, activeness: 0.14632254797920757, primalobj: 0.9643018925530852, dualobj: -Inf
solve--
end solve-- RelaxOptimal OPTIMAL
 weights_sum: 1.0000000000000004
itereffortlevel: 0
--separating...
--find a better primal bound 0.17623523994241763 by Alternative descent Eigen
--found a cut state by heuristic 0.17623523994241763 0.07687719982948915 
iteration: 1210,  #states: 2316, valueb: 0.07687719982948915, activeness: 0.17623523994241763, primalobj: 0.9642926994089426, dualobj: -Inf
solve--
end solve-- RelaxOptimal OPTIMAL
 weights_sum: 1.0000003917675533
itereffortlevel: 0
--separating...
--find a better primal bound 0.1988699186195395 by Alternative descent Eigen
--found a cut state by heuristic 0.1988699186195395 0.07203342545278778 
iteration: 1211,  #states: 2317, valueb: 0.07203342545278778, activeness: 0.1988699186195395, primalobj: 0.9642833008614307, dualobj: -Inf
solve--
end solve-- RelaxOptimal OPTIMAL
 weights_sum: 1.000000271104256
itereffortlevel: 0
--separating...
--find a better primal bound 0.15878985061967657 by Alternative descent Eigen
--found a cut state by heuristic 0.15878985061967657 0.060261452902648636 
iteration: 1212,  #states: 2318, valueb: 0.060261452902648636, activeness: 0.15878985061967657, primalobj: 0.9642654688080536, dualobj: -Inf
solve--
end solve-- RelaxOptimal OPTIMAL
 weights_sum: 1.0000000000000004
itereffortlevel: 0
--separating...
--find a better primal bound 0.1743183468773273 by Alternative descent Eigen
--found a cut state by heuristic 0.1743183468773273 0.06481861675947916 
iteration: 1213,  #states: 2319, valueb: 0.06481861675947916, activeness: 0.1743183468773273, primalobj: 0.9642559846030806, dualobj: -Inf
solve--
end solve-- RelaxOptimal OPTIMAL
 weights_sum: 1.000000000000001
itereffortlevel: 0
--separating...
--find a better primal bound 0.14706957279020977 by Alternative descent Eigen
--found a cut state by heuristic 0.14706957279020977 0.05588579322083527 
iteration: 1214,  #states: 2320, valueb: 0.05588579322083527, activeness: 0.14706957279020977, primalobj: 0.964250890972711, dualobj: -Inf
solve--
end solve-- RelaxOptimal OPTIMAL
 weights_sum: 1.0
itereffortlevel: 0
--separating...
--find a better primal bound 0.1284183941587371 by Alternative descent Eigen
--found a cut state by heuristic 0.1284183941587371 0.058251626447151955 
iteration: 1215,  #states: 2321, valueb: 0.058251626447151955, activeness: 0.1284183941587371, primalobj: 0.9642410637644082, dualobj: -Inf
solve--
end solve-- RelaxOptimal OPTIMAL
 weights_sum: 1.0000001508084542
itereffortlevel: 0
--separating...
--find a better primal bound 0.13362046428942043 by Alternative descent Eigen
--found a cut state by heuristic 0.13362046428942043 0.07155670759246793 
iteration: 1216,  #states: 2322, valueb: 0.07155670759246793, activeness: 0.13362046428942043, primalobj: 0.9642366817466317, dualobj: -Inf
solve--
end solve-- RelaxOptimal OPTIMAL
 weights_sum: 0.9999999999999998
itereffortlevel: 0
--separating...
--find a better primal bound 0.14091386402984807 by Alternative descent Eigen
--found a cut state by heuristic 0.14091386402984807 0.05516102703770015 
iteration: 1217,  #states: 2323, valueb: 0.05516102703770015, activeness: 0.14091386402984807, primalobj: 0.9642336034508193, dualobj: -Inf
solve--
end solve-- RelaxOptimal OPTIMAL
 weights_sum: 1.0000000000000002
itereffortlevel: 0
--separating...
--find a better primal bound 0.21150276155604203 by Alternative descent Eigen
--found a cut state by heuristic 0.21150276155604203 0.06841379089519417 
iteration: 1218,  #states: 2324, valueb: 0.06841379089519417, activeness: 0.21150276155604203, primalobj: 0.9642164131043628, dualobj: -Inf
solve--
end solve-- RelaxOptimal OPTIMAL
 weights_sum: 1.0000000057435119
itereffortlevel: 0
--separating...
--find a better primal bound 0.16841881857550864 by Alternative descent Eigen
--found a cut state by heuristic 0.16841881857550864 0.08263193842976568 
iteration: 1219,  #states: 2325, valueb: 0.08263193842976568, activeness: 0.16841881857550864, primalobj: 0.9641966384011076, dualobj: -Inf
solve--
end solve-- RelaxOptimal OPTIMAL
 weights_sum: 0.9999999999999996
itereffortlevel: 0
--separating...
--find a better primal bound 0.14609382663211865 by Alternative descent Eigen
--found a cut state by heuristic 0.14609382663211865 0.09197379727205679 
iteration: 1220,  #states: 2326, valueb: 0.09197379727205679, activeness: 0.14609382663211865, primalobj: 0.9641866356337995, dualobj: -Inf
solve--
end solve-- RelaxOptimal OPTIMAL
 weights_sum: 1.0000000000000007
itereffortlevel: 0
--separating...
--find a better primal bound 0.18485528752328992 by Alternative descent Eigen
--found a cut state by heuristic 0.18485528752328992 0.07857493640683226 
iteration: 1221,  #states: 2327, valueb: 0.07857493640683226, activeness: 0.18485528752328992, primalobj: 0.9641807711596034, dualobj: -Inf
solve--
end solve-- RelaxOptimal OPTIMAL
 weights_sum: 1.0000000000000009
itereffortlevel: 0
--separating...
--find a better primal bound 0.160340430302491 by Alternative descent Eigen
--found a cut state by heuristic 0.160340430302491 0.08639862553494614 
iteration: 1222,  #states: 2328, valueb: 0.08639862553494614, activeness: 0.160340430302491, primalobj: 0.9641660942325001, dualobj: -Inf
solve--
end solve-- RelaxOptimal OPTIMAL
 weights_sum: 1.0000006857570747
itereffortlevel: 0
--separating...
--find a better primal bound 0.1460986225255669 by Alternative descent Eigen
--found a cut state by heuristic 0.1460986225255669 0.07006171259164047 
iteration: 1223,  #states: 2329, valueb: 0.07006171259164047, activeness: 0.1460986225255669, primalobj: 0.9641576555062394, dualobj: -Inf
solve--
end solve-- RelaxOptimal OPTIMAL
 weights_sum: 0.9999999999999996
itereffortlevel: 0
--separating...
--find a better primal bound 0.13007773170715758 by Alternative descent Eigen
--found a cut state by heuristic 0.13007773170715758 0.09208414224333589 
iteration: 1224,  #states: 2330, valueb: 0.09208414224333589, activeness: 0.13007773170715758, primalobj: 0.9641410213847061, dualobj: -Inf
solve--
end solve-- RelaxOptimal OPTIMAL
 weights_sum: 0.9999999999999993
itereffortlevel: 0
--separating...
--find a better primal bound 0.21103857010614194 by Alternative descent Eigen
--found a cut state by heuristic 0.21103857010614194 0.10278837419252895 
iteration: 1225,  #states: 2331, valueb: 0.10278837419252895, activeness: 0.21103857010614194, primalobj: 0.9641270556026721, dualobj: -Inf
solve--
end solve-- RelaxOptimal OPTIMAL
 weights_sum: 1.0000000234229867
itereffortlevel: 0
--separating...
--find a better primal bound 0.148833803408405 by Alternative descent Eigen
--found a cut state by heuristic 0.148833803408405 0.09758327935569423 
iteration: 1226,  #states: 2332, valueb: 0.09758327935569423, activeness: 0.148833803408405, primalobj: 0.9641123001297477, dualobj: -Inf
solve--
end solve-- RelaxOptimal OPTIMAL
 weights_sum: 0.9999999999999996
itereffortlevel: 0
--separating...
--find a better primal bound 0.24182477003528288 by Alternative descent Eigen
--found a cut state by heuristic 0.24182477003528288 0.09793513031547335 
iteration: 1227,  #states: 2333, valueb: 0.09793513031547335, activeness: 0.24182477003528288, primalobj: 0.9641066446170117, dualobj: -Inf
solve--
end solve-- RelaxOptimal OPTIMAL
 weights_sum: 1.0000000000000009
itereffortlevel: 0
--separating...
--find a better primal bound 0.18820470057132413 by Alternative descent Eigen
--found a cut state by heuristic 0.18820470057132413 0.11156371762640271 
iteration: 1228,  #states: 2334, valueb: 0.11156371762640271, activeness: 0.18820470057132413, primalobj: 0.9640844955706344, dualobj: -Inf
solve--
end solve-- RelaxOptimal OPTIMAL
 weights_sum: 0.999999999999999
itereffortlevel: 0
--separating...
--find a better primal bound 0.21163514606348136 by Alternative descent Eigen
--found a cut state by heuristic 0.21163514606348136 0.09673753312928236 
iteration: 1229,  #states: 2335, valueb: 0.09673753312928236, activeness: 0.21163514606348136, primalobj: 0.9640743027364314, dualobj: -Inf
solve--
end solve-- RelaxOptimal OPTIMAL
 weights_sum: 1.0000026932345005
itereffortlevel: 0
--separating...
--find a better primal bound 0.16729908964373427 by Alternative descent Eigen
--found a cut state by heuristic 0.16729908964373427 0.08117438647170885 
iteration: 1230,  #states: 2336, valueb: 0.08117438647170885, activeness: 0.16729908964373427, primalobj: 0.9640601701680549, dualobj: -Inf
solve--
end solve-- RelaxOptimal OPTIMAL
 weights_sum: 1.0000000000000007
itereffortlevel: 0
--separating...
--find a better primal bound 0.13961147057711928 by Alternative descent Eigen
--found a cut state by heuristic 0.13961147057711928 0.09277667077258159 
iteration: 1231,  #states: 2337, valueb: 0.09277667077258159, activeness: 0.13961147057711928, primalobj: 0.9640441297627644, dualobj: -Inf
solve--
end solve-- RelaxOptimal OPTIMAL
 weights_sum: 1.0
itereffortlevel: 0
--separating...
--find a better primal bound 0.19103925875301675 by Alternative descent Eigen
--found a cut state by heuristic 0.19103925875301675 0.09428634996732024 
iteration: 1232,  #states: 2338, valueb: 0.09428634996732024, activeness: 0.19103925875301675, primalobj: 0.9640345335580913, dualobj: -Inf
solve--
end solve-- RelaxOptimal OPTIMAL
 weights_sum: 1.0000000000000002
itereffortlevel: 0
--separating...
--find a better primal bound 0.19839595629245438 by Alternative descent Eigen
--found a cut state by heuristic 0.19839595629245438 0.08263131299564482 
iteration: 1233,  #states: 2339, valueb: 0.08263131299564482, activeness: 0.19839595629245438, primalobj: 0.964022855041383, dualobj: -Inf
solve--
end solve-- RelaxOptimal OPTIMAL
 weights_sum: 0.9999999999999998
itereffortlevel: 0
--separating...
--find a better primal bound 0.14429411803226327 by Alternative descent Eigen
--found a cut state by heuristic 0.14429411803226327 0.08464286866840826 
iteration: 1234,  #states: 2340, valueb: 0.08464286866840826, activeness: 0.14429411803226327, primalobj: 0.9640118148609953, dualobj: -Inf
solve--
end solve-- RelaxOptimal OPTIMAL
 weights_sum: 1.0000000000000013
itereffortlevel: 0
--separating...
--find a better primal bound 0.15054263963119122 by Alternative descent Eigen
--found a cut state by heuristic 0.15054263963119122 0.07363378500897355 
iteration: 1235,  #states: 2341, valueb: 0.07363378500897355, activeness: 0.15054263963119122, primalobj: 0.9640004062501771, dualobj: -Inf
solve--
end solve-- RelaxOptimal OPTIMAL
 weights_sum: 0.999999999999999
itereffortlevel: 0
--separating...
--find a better primal bound 0.14321261812597133 by Alternative descent Eigen
--found a cut state by heuristic 0.14321261812597133 0.08020090073718852 
iteration: 1236,  #states: 2342, valueb: 0.08020090073718852, activeness: 0.14321261812597133, primalobj: 0.9639964103341933, dualobj: -Inf
solve--
end solve-- RelaxOptimal OPTIMAL
 weights_sum: 0.9999999999999991
itereffortlevel: 0
--separating...
--find a better primal bound 0.2254610938725407 by Alternative descent Eigen
--found a cut state by heuristic 0.2254610938725407 0.08099318839402073 
iteration: 1237,  #states: 2343, valueb: 0.08099318839402073, activeness: 0.2254610938725407, primalobj: 0.9639907509645806, dualobj: -Inf
solve--
end solve-- RelaxOptimal OPTIMAL
 weights_sum: 0.9999999999999999
itereffortlevel: 0
--separating...
--find a better primal bound 0.16348619050655544 by Alternative descent Eigen
--found a cut state by heuristic 0.16348619050655544 0.07477948628114697 
iteration: 1238,  #states: 2344, valueb: 0.07477948628114697, activeness: 0.16348619050655544, primalobj: 0.9639784745314548, dualobj: -Inf
solve--
end solve-- RelaxOptimal OPTIMAL
 weights_sum: 0.9999999999999998
itereffortlevel: 0
--separating...
--find a better primal bound 0.1749079513493586 by Alternative descent Eigen
--found a cut state by heuristic 0.1749079513493586 0.06661899742020679 
iteration: 1239,  #states: 2345, valueb: 0.06661899742020679, activeness: 0.1749079513493586, primalobj: 0.9639634659494841, dualobj: -Inf
solve--
end solve-- RelaxOptimal OPTIMAL
 weights_sum: 1.0000000000000002
itereffortlevel: 0
--separating...
--find a better primal bound 0.1726678848882811 by Alternative descent Eigen
--found a cut state by heuristic 0.1726678848882811 0.06907770375801157 
iteration: 1240,  #states: 2346, valueb: 0.06907770375801157, activeness: 0.1726678848882811, primalobj: 0.9639563916663372, dualobj: -Inf
solve--
end solve-- RelaxOptimal OPTIMAL
 weights_sum: 1.0000000000000007
itereffortlevel: 0
--separating...
--find a better primal bound 0.09459535287947567 by Alternative descent Eigen
--found a cut state by heuristic 0.09459535287947567 0.054743165588089907 
iteration: 1241,  #states: 2347, valueb: 0.054743165588089907, activeness: 0.09459535287947567, primalobj: 0.9639469366379985, dualobj: -Inf
solve--
end solve-- RelaxOptimal OPTIMAL
 weights_sum: 0.9999999999999987
itereffortlevel: 0
--separating...
--find a better primal bound 0.1097564713624902 by Alternative descent Eigen
--found a cut state by heuristic 0.1097564713624902 0.05587090043135379 
iteration: 1242,  #states: 2348, valueb: 0.05587090043135379, activeness: 0.1097564713624902, primalobj: 0.9639450326581497, dualobj: -Inf
solve--
end solve-- RelaxOptimal OPTIMAL
 weights_sum: 1.0000000000000002
itereffortlevel: 0
--separating...
--find a better primal bound 0.13821121674702422 by Alternative descent Eigen
--found a cut state by heuristic 0.13821121674702422 0.058671474943116586 
iteration: 1243,  #states: 2349, valueb: 0.058671474943116586, activeness: 0.13821121674702422, primalobj: 0.9639363771111191, dualobj: -Inf
solve--
end solve-- RelaxOptimal OPTIMAL
 weights_sum: 0.9999999999999984
itereffortlevel: 0
--separating...
--find a better primal bound 0.12240941009535249 by Alternative descent Eigen
--found a cut state by heuristic 0.12240941009535249 0.058659006424417466 
iteration: 1244,  #states: 2350, valueb: 0.058659006424417466, activeness: 0.12240941009535249, primalobj: 0.9639281645694595, dualobj: -Inf
solve--
end solve-- RelaxOptimal OPTIMAL
 weights_sum: 0.9999999999999996
itereffortlevel: 0
--separating...
--find a better primal bound 0.11931648174997711 by Alternative descent Eigen
--found a cut state by heuristic 0.11931648174997711 0.044634133257915126 
iteration: 1245,  #states: 2351, valueb: 0.044634133257915126, activeness: 0.11931648174997711, primalobj: 0.96392113551503, dualobj: -Inf
solve--
end solve-- RelaxOptimal OPTIMAL
 weights_sum: 0.9999999999999992
itereffortlevel: 0
--separating...
--find a better primal bound 0.1837494730718719 by Alternative descent Eigen
--found a cut state by heuristic 0.1837494730718719 0.05848218926904569 
iteration: 1246,  #states: 2352, valueb: 0.05848218926904569, activeness: 0.1837494730718719, primalobj: 0.963914062561638, dualobj: -Inf
solve--
end solve-- RelaxOptimal OPTIMAL
 weights_sum: 1.0000000123811412
itereffortlevel: 0
--separating...
--find a better primal bound 0.15456633266006142 by Alternative descent Eigen
--found a cut state by heuristic 0.15456633266006142 0.055671740726649016 
iteration: 1247,  #states: 2353, valueb: 0.055671740726649016, activeness: 0.15456633266006142, primalobj: 0.9639038701989558, dualobj: -Inf
solve--
end solve-- RelaxOptimal OPTIMAL
 weights_sum: 1.0000000000000002
itereffortlevel: 0
--separating...
--find a better primal bound 0.15418775600326576 by Alternative descent Eigen
--found a cut state by heuristic 0.15418775600326576 0.04652203277051906 
iteration: 1248,  #states: 2354, valueb: 0.04652203277051906, activeness: 0.15418775600326576, primalobj: 0.9638949309510484, dualobj: -Inf
solve--
end solve-- RelaxOptimal OPTIMAL
 weights_sum: 1.0000017061895368
itereffortlevel: 0
--separating...
--find a better primal bound 0.09703329220302902 by Alternative descent Eigen
--found a cut state by heuristic 0.09703329220302902 0.052144592424395 
iteration: 1249,  #states: 2355, valueb: 0.052144592424395, activeness: 0.09703329220302902, primalobj: 0.9638830657120158, dualobj: -Inf
solve--
end solve-- RelaxOptimal OPTIMAL
 weights_sum: 1.0000005508678103
itereffortlevel: 0
--separating...
--find a better primal bound 0.08310783033117847 by Alternative descent Eigen
--found a cut state by heuristic 0.08310783033117847 0.052517086858073825 
iteration: 1250,  #states: 2356, valueb: 0.052517086858073825, activeness: 0.08310783033117847, primalobj: 0.9638779043381565, dualobj: -Inf
solve--
end solve-- RelaxOptimal OPTIMAL
 weights_sum: 0.9999999999999999
itereffortlevel: 0
--separating...
--find a better primal bound 0.20337018370106136 by Alternative descent Eigen
--found a cut state by heuristic 0.20337018370106136 0.05895571243983874 
iteration: 1251,  #states: 2357, valueb: 0.05895571243983874, activeness: 0.20337018370106136, primalobj: 0.9638741701759943, dualobj: -Inf
solve--
end solve-- RelaxOptimal OPTIMAL
 weights_sum: 1.0000000040576276
itereffortlevel: 0
--separating...
--find a better primal bound 0.15277641155202717 by Alternative descent Eigen
--found a cut state by heuristic 0.15277641155202717 0.05884646114937795 
iteration: 1252,  #states: 2358, valueb: 0.05884646114937795, activeness: 0.15277641155202717, primalobj: 0.9638648219416253, dualobj: -Inf
solve--
end solve-- RelaxOptimal OPTIMAL
 weights_sum: 0.9999999999999997
itereffortlevel: 0
--separating...
--find a better primal bound 0.16303073730502685 by Alternative descent Eigen
--found a cut state by heuristic 0.16303073730502685 0.06907391377155477 
iteration: 1253,  #states: 2359, valueb: 0.06907391377155477, activeness: 0.16303073730502685, primalobj: 0.9638508780089274, dualobj: -Inf
solve--
end solve-- RelaxOptimal OPTIMAL
 weights_sum: 0.9999999999999996
itereffortlevel: 0
--separating...
--find a better primal bound 0.1406382266328911 by Alternative descent Eigen
--found a cut state by heuristic 0.1406382266328911 0.06811409330728604 
iteration: 1254,  #states: 2360, valueb: 0.06811409330728604, activeness: 0.1406382266328911, primalobj: 0.9638355044085813, dualobj: -Inf
solve--
end solve-- RelaxOptimal OPTIMAL
 weights_sum: 1.0000000000000002
itereffortlevel: 0
--separating...
--find a better primal bound 0.18040274546170448 by Alternative descent Eigen
--found a cut state by heuristic 0.18040274546170448 0.0788231495796285 
iteration: 1255,  #states: 2361, valueb: 0.0788231495796285, activeness: 0.18040274546170448, primalobj: 0.9638266433449829, dualobj: -Inf
solve--
end solve-- RelaxOptimal OPTIMAL
 weights_sum: 0.999999999999999
itereffortlevel: 0
--separating...
--find a better primal bound 0.15250381201424637 by Alternative descent Eigen
--found a cut state by heuristic 0.15250381201424637 0.06965049451606943 
iteration: 1256,  #states: 2362, valueb: 0.06965049451606943, activeness: 0.15250381201424637, primalobj: 0.9638157231193558, dualobj: -Inf
solve--
end solve-- RelaxOptimal OPTIMAL
 weights_sum: 1.0
itereffortlevel: 0
--separating...
--find a better primal bound 0.15477046213463289 by Alternative descent Eigen
--found a cut state by heuristic 0.15477046213463289 0.07988855209255653 
iteration: 1257,  #states: 2363, valueb: 0.07988855209255653, activeness: 0.15477046213463289, primalobj: 0.9637983483733775, dualobj: -Inf
solve--
end solve-- RelaxOptimal OPTIMAL
 weights_sum: 0.9999999999999993
itereffortlevel: 0
--separating...
--find a better primal bound 0.10825824738046368 by Alternative descent Eigen
--found a cut state by heuristic 0.10825824738046368 0.07026159455930463 
iteration: 1258,  #states: 2364, valueb: 0.07026159455930463, activeness: 0.10825824738046368, primalobj: 0.9637932078519859, dualobj: -Inf
solve--
end solve-- RelaxOptimal OPTIMAL
 weights_sum: 1.0000000000000002
itereffortlevel: 0
--separating...
--find a better primal bound 0.17066269966820843 by Alternative descent Eigen
--found a cut state by heuristic 0.17066269966820843 0.07090692064749263 
iteration: 1259,  #states: 2365, valueb: 0.07090692064749263, activeness: 0.17066269966820843, primalobj: 0.9637821977532697, dualobj: -Inf
solve--
end solve-- RelaxOptimal OPTIMAL
 weights_sum: 0.9999999999999993
itereffortlevel: 0
--separating...
--find a better primal bound 0.1735966677234685 by Alternative descent Eigen
--found a cut state by heuristic 0.1735966677234685 0.06962346683533266 
iteration: 1260,  #states: 2366, valueb: 0.06962346683533266, activeness: 0.1735966677234685, primalobj: 0.9637701505614549, dualobj: -Inf
solve--
end solve-- RelaxOptimal OPTIMAL
 weights_sum: 1.0
itereffortlevel: 0
--separating...
--find a better primal bound 0.17586689439286152 by Alternative descent Eigen
--found a cut state by heuristic 0.17586689439286152 0.0564318108733666 
iteration: 1261,  #states: 2367, valueb: 0.0564318108733666, activeness: 0.17586689439286152, primalobj: 0.9637602995660387, dualobj: -Inf
solve--
end solve-- RelaxOptimal OPTIMAL
 weights_sum: 1.0000000000000004
itereffortlevel: 0
--separating...
--find a better primal bound 0.09496729016446818 by Alternative descent Eigen
--found a cut state by heuristic 0.09496729016446818 0.036371607403810055 
iteration: 1262,  #states: 2368, valueb: 0.036371607403810055, activeness: 0.09496729016446818, primalobj: 0.9637492382540539, dualobj: -Inf
solve--
end solve-- RelaxOptimal OPTIMAL
 weights_sum: 1.0000000000000002
itereffortlevel: 0
--separating...
--find a better primal bound 0.12481274470097121 by Alternative descent Eigen
--found a cut state by heuristic 0.12481274470097121 0.08239223798554128 
iteration: 1263,  #states: 2369, valueb: 0.08239223798554128, activeness: 0.12481274470097121, primalobj: 0.9637411138722072, dualobj: -Inf
solve--
end solve-- RelaxOptimal OPTIMAL
 weights_sum: 1.0
itereffortlevel: 0
--separating...
--find a better primal bound 0.1521526731163338 by Alternative descent Eigen
--found a cut state by heuristic 0.1521526731163338 0.06734355417452514 
iteration: 1264,  #states: 2370, valueb: 0.06734355417452514, activeness: 0.1521526731163338, primalobj: 0.9637262472252048, dualobj: -Inf
solve--
end solve-- RelaxOptimal OPTIMAL
 weights_sum: 0.9999999999999994
itereffortlevel: 0
--separating...
--find a better primal bound 0.12219250190231185 by Alternative descent Eigen
--found a cut state by heuristic 0.12219250190231185 0.05961073338088066 
iteration: 1265,  #states: 2371, valueb: 0.05961073338088066, activeness: 0.12219250190231185, primalobj: 0.9637186945940526, dualobj: -Inf
solve--
end solve-- RelaxOptimal OPTIMAL
 weights_sum: 0.9999999999999998
itereffortlevel: 0
--separating...
--find a better primal bound 0.16251162205327507 by Alternative descent Eigen
--found a cut state by heuristic 0.16251162205327507 0.04791159235069299 
iteration: 1266,  #states: 2372, valueb: 0.04791159235069299, activeness: 0.16251162205327507, primalobj: 0.9637070573837906, dualobj: -Inf
solve--
end solve-- RelaxOptimal OPTIMAL
 weights_sum: 0.9999999999999993
itereffortlevel: 0
--separating...
--find a better primal bound 0.14993092610797865 by Alternative descent Eigen
--found a cut state by heuristic 0.14993092610797865 0.08129232876117719 
iteration: 1267,  #states: 2373, valueb: 0.08129232876117719, activeness: 0.14993092610797865, primalobj: 0.9636922843275212, dualobj: -Inf
solve--
end solve-- RelaxOptimal OPTIMAL
 weights_sum: 0.9999999999999987
itereffortlevel: 0
--separating...
--find a better primal bound 0.18425952707962395 by Alternative descent Eigen
--found a cut state by heuristic 0.18425952707962395 0.0797760537579406 
iteration: 1268,  #states: 2374, valueb: 0.0797760537579406, activeness: 0.18425952707962395, primalobj: 0.9636895411711485, dualobj: -Inf
solve--
end solve-- RelaxOptimal OPTIMAL
 weights_sum: 1.0000000000000009
itereffortlevel: 0
--separating...
--find a better primal bound 0.11163891332059557 by Alternative descent Eigen
--found a cut state by heuristic 0.11163891332059557 0.06885037794849823 
iteration: 1269,  #states: 2375, valueb: 0.06885037794849823, activeness: 0.11163891332059557, primalobj: 0.9636725957763403, dualobj: -Inf
solve--
end solve-- RelaxOptimal OPTIMAL
 weights_sum: 0.9999999999999998
itereffortlevel: 0
--separating...
--find a better primal bound 0.15004676687796978 by Alternative descent Eigen
--found a cut state by heuristic 0.15004676687796978 0.07765025657464089 
iteration: 1270,  #states: 2376, valueb: 0.07765025657464089, activeness: 0.15004676687796978, primalobj: 0.9636626129772548, dualobj: -Inf
solve--
end solve-- RelaxOptimal OPTIMAL
 weights_sum: 1.0000000000000009
itereffortlevel: 0
--separating...
--find a better primal bound 0.17833332870226698 by Alternative descent Eigen
--found a cut state by heuristic 0.17833332870226698 0.08456013825828546 
iteration: 1271,  #states: 2377, valueb: 0.08456013825828546, activeness: 0.17833332870226698, primalobj: 0.9636538970973489, dualobj: -Inf
solve--
end solve-- RelaxOptimal OPTIMAL
 weights_sum: 1.0000000000000004
itereffortlevel: 0
--separating...
--find a better primal bound 0.18768192970800338 by Alternative descent Eigen
--found a cut state by heuristic 0.18768192970800338 0.09197042493129592 
iteration: 1272,  #states: 2378, valueb: 0.09197042493129592, activeness: 0.18768192970800338, primalobj: 0.9636498905443653, dualobj: -Inf
solve--
end solve-- RelaxOptimal OPTIMAL
 weights_sum: 0.9999999999999996
itereffortlevel: 0
--separating...
--find a better primal bound 0.16516439515475004 by Alternative descent Eigen
--found a cut state by heuristic 0.16516439515475004 0.10255885550945798 
iteration: 1273,  #states: 2379, valueb: 0.10255885550945798, activeness: 0.16516439515475004, primalobj: 0.9636436605248099, dualobj: -Inf
solve--
end solve-- RelaxOptimal OPTIMAL
 weights_sum: 0.9999999999999999
itereffortlevel: 0
--separating...
--find a better primal bound 0.19343245724066843 by Alternative descent Eigen
--found a cut state by heuristic 0.19343245724066843 0.11462503572211552 
iteration: 1274,  #states: 2380, valueb: 0.11462503572211552, activeness: 0.19343245724066843, primalobj: 0.9636311759734448, dualobj: -Inf
solve--
end solve-- RelaxOptimal OPTIMAL
 weights_sum: 1.0000000000000002
itereffortlevel: 0
--separating...
--find a better primal bound 0.19816655833761132 by Alternative descent Eigen
--found a cut state by heuristic 0.19816655833761132 0.10349135347422961 
iteration: 1275,  #states: 2381, valueb: 0.10349135347422961, activeness: 0.19816655833761132, primalobj: 0.9636255724285694, dualobj: -Inf
solve--
end solve-- RelaxOptimal OPTIMAL
 weights_sum: 1.0000003355000182
itereffortlevel: 0
--separating...
--find a better primal bound 0.15935149725865774 by Alternative descent Eigen
--found a cut state by heuristic 0.15935149725865774 0.09662298152026146 
iteration: 1276,  #states: 2382, valueb: 0.09662298152026146, activeness: 0.15935149725865774, primalobj: 0.9636169058321938, dualobj: -Inf
solve--
end solve-- RelaxOptimal OPTIMAL
 weights_sum: 0.9999999999999993
itereffortlevel: 0
--separating...
--find a better primal bound 0.19260492007896854 by Alternative descent Eigen
--found a cut state by heuristic 0.19260492007896854 0.09322889432521327 
iteration: 1277,  #states: 2383, valueb: 0.09322889432521327, activeness: 0.19260492007896854, primalobj: 0.9636147070575342, dualobj: -Inf
solve--
end solve-- RelaxOptimal OPTIMAL
 weights_sum: 0.9999999999999996
itereffortlevel: 0
--separating...
--find a better primal bound 0.17768768899313975 by Alternative descent Eigen
--found a cut state by heuristic 0.17768768899313975 0.10109556689784227 
iteration: 1278,  #states: 2384, valueb: 0.10109556689784227, activeness: 0.17768768899313975, primalobj: 0.9636082198270892, dualobj: -Inf
solve--
end solve-- RelaxOptimal OPTIMAL
 weights_sum: 1.0000000000000009
itereffortlevel: 0
--separating...
--find a better primal bound 0.2119264599997835 by Alternative descent Eigen
--found a cut state by heuristic 0.2119264599997835 0.07325398480482932 
iteration: 1279,  #states: 2385, valueb: 0.07325398480482932, activeness: 0.2119264599997835, primalobj: 0.9636007893506903, dualobj: -Inf
solve--
end solve-- RelaxOptimal OPTIMAL
 weights_sum: 1.0000000000000004
itereffortlevel: 0
--separating...
--find a better primal bound 0.10386272776315436 by Alternative descent Eigen
--found a cut state by heuristic 0.10386272776315436 0.05179280202643247 
iteration: 1280,  #states: 2386, valueb: 0.05179280202643247, activeness: 0.10386272776315436, primalobj: 0.9635869546954137, dualobj: -Inf
solve--
end solve-- RelaxOptimal OPTIMAL
 weights_sum: 0.9999999999999991
itereffortlevel: 0
--separating...
--find a better primal bound 0.16959643880707564 by Alternative descent Eigen
--found a cut state by heuristic 0.16959643880707564 0.0626784971857603 
iteration: 1281,  #states: 2387, valueb: 0.0626784971857603, activeness: 0.16959643880707564, primalobj: 0.9635808267498931, dualobj: -Inf
solve--
end solve-- RelaxOptimal OPTIMAL
 weights_sum: 1.0000003054127296
itereffortlevel: 0
--separating...
--find a better primal bound 0.12169194358021508 by Alternative descent Eigen
--found a cut state by heuristic 0.12169194358021508 0.05899487002829999 
iteration: 1282,  #states: 2388, valueb: 0.05899487002829999, activeness: 0.12169194358021508, primalobj: 0.9635678581768004, dualobj: -Inf
solve--
end solve-- RelaxOptimal OPTIMAL
 weights_sum: 1.0000004476893138
itereffortlevel: 0
--separating...
--find a better primal bound 0.1391629607830505 by Alternative descent Eigen
--found a cut state by heuristic 0.1391629607830505 0.06277912976747216 
iteration: 1283,  #states: 2389, valueb: 0.06277912976747216, activeness: 0.1391629607830505, primalobj: 0.9635613027510438, dualobj: -Inf
solve--
end solve-- RelaxOptimal OPTIMAL
 weights_sum: 1.000000048651065
itereffortlevel: 0
--separating...
--find a better primal bound 0.12019636811959206 by Alternative descent Eigen
--found a cut state by heuristic 0.12019636811959206 0.061837913707436555 
iteration: 1284,  #states: 2390, valueb: 0.061837913707436555, activeness: 0.12019636811959206, primalobj: 0.963552325500059, dualobj: -Inf
solve--
end solve-- RelaxOptimal OPTIMAL
 weights_sum: 1.0000000000000004
itereffortlevel: 0
--separating...
--find a better primal bound 0.07605760327088712 by Alternative descent Eigen
--found a cut state by heuristic 0.07605760327088712 0.054590815987226336 
iteration: 1285,  #states: 2391, valueb: 0.054590815987226336, activeness: 0.07605760327088712, primalobj: 0.9635444318654106, dualobj: -Inf
solve--
end solve-- RelaxOptimal OPTIMAL
 weights_sum: 0.9999999999999987
itereffortlevel: 0
--separating...
--find a better primal bound 0.14239092174667575 by Alternative descent Eigen
--found a cut state by heuristic 0.14239092174667575 0.05352321624548554 
iteration: 1286,  #states: 2392, valueb: 0.05352321624548554, activeness: 0.14239092174667575, primalobj: 0.9635425523124216, dualobj: -Inf
solve--
end solve-- RelaxOptimal OPTIMAL
 weights_sum: 0.9999999999999993
itereffortlevel: 0
--separating...
--find a better primal bound 0.16405263763615704 by Alternative descent Eigen
--found a cut state by heuristic 0.16405263763615704 0.05462503848051026 
iteration: 1287,  #states: 2393, valueb: 0.05462503848051026, activeness: 0.16405263763615704, primalobj: 0.9635367331318883, dualobj: -Inf
solve--
end solve-- RelaxOptimal OPTIMAL
 weights_sum: 1.0000002685723337
itereffortlevel: 0
--separating...
--find a better primal bound 0.12954768039681142 by Alternative descent Eigen
--found a cut state by heuristic 0.12954768039681142 0.05812408848270947 
iteration: 1288,  #states: 2394, valueb: 0.05812408848270947, activeness: 0.12954768039681142, primalobj: 0.9635285388589422, dualobj: -Inf
solve--
end solve-- RelaxOptimal OPTIMAL
 weights_sum: 1.0000000000000004
itereffortlevel: 0
--separating...
--find a better primal bound 0.13895470747367364 by Alternative descent Eigen
--found a cut state by heuristic 0.13895470747367364 0.06708121223719186 
iteration: 1289,  #states: 2395, valueb: 0.06708121223719186, activeness: 0.13895470747367364, primalobj: 0.9635228485434888, dualobj: -Inf
solve--
end solve-- RelaxOptimal OPTIMAL
 weights_sum: 0.9999999999999998
itereffortlevel: 0
--separating...
--find a better primal bound 0.17485893209939968 by Alternative descent Eigen
--found a cut state by heuristic 0.17485893209939968 0.0796354274743528 
iteration: 1290,  #states: 2396, valueb: 0.0796354274743528, activeness: 0.17485893209939968, primalobj: 0.9635187592869675, dualobj: -Inf
solve--
end solve-- RelaxOptimal OPTIMAL
 weights_sum: 1.0000000000000004
itereffortlevel: 0
--separating...
--find a better primal bound 0.13719529137551276 by Alternative descent Eigen
--found a cut state by heuristic 0.13719529137551276 0.060376262832921745 
iteration: 1291,  #states: 2397, valueb: 0.060376262832921745, activeness: 0.13719529137551276, primalobj: 0.9635123295008877, dualobj: -Inf
solve--
end solve-- RelaxOptimal OPTIMAL
 weights_sum: 1.0000000000000024
itereffortlevel: 0
--separating...
--find a better primal bound 0.13907985036476492 by Alternative descent Eigen
--found a cut state by heuristic 0.13907985036476492 0.06721284014079676 
iteration: 1292,  #states: 2398, valueb: 0.06721284014079676, activeness: 0.13907985036476492, primalobj: 0.9635087011061214, dualobj: -Inf
solve--
end solve-- RelaxOptimal OPTIMAL
 weights_sum: 1.0000001996415129
itereffortlevel: 0
--separating...
--find a better primal bound 0.1695521154394302 by Alternative descent Eigen
--found a cut state by heuristic 0.1695521154394302 0.04267435718369769 
iteration: 1293,  #states: 2399, valueb: 0.04267435718369769, activeness: 0.1695521154394302, primalobj: 0.9635002624689667, dualobj: -Inf
solve--
end solve-- RelaxOptimal OPTIMAL
 weights_sum: 1.0000001364666407
itereffortlevel: 0
--separating...
--find a better primal bound 0.2019448255419347 by Alternative descent Eigen
--found a cut state by heuristic 0.2019448255419347 0.08306515299616511 
iteration: 1294,  #states: 2400, valueb: 0.08306515299616511, activeness: 0.2019448255419347, primalobj: 0.9634869684957486, dualobj: -Inf
solve--
end solve-- RelaxOptimal OPTIMAL
 weights_sum: 1.000000131863368
itereffortlevel: 0
--separating...
--find a better primal bound 0.20868621804565105 by Alternative descent Eigen
--found a cut state by heuristic 0.20868621804565105 0.0932153789827555 
iteration: 1295,  #states: 2401, valueb: 0.0932153789827555, activeness: 0.20868621804565105, primalobj: 0.9634801710597771, dualobj: -Inf
solve--
end solve-- RelaxOptimal OPTIMAL
 weights_sum: 0.9999999999999981
itereffortlevel: 0
--separating...
--find a better primal bound 0.20097844716780972 by Alternative descent Eigen
--found a cut state by heuristic 0.20097844716780972 0.09340929099932996 
iteration: 1296,  #states: 2402, valueb: 0.09340929099932996, activeness: 0.20097844716780972, primalobj: 0.9634672935461875, dualobj: -Inf
solve--
end solve-- RelaxOptimal OPTIMAL
 weights_sum: 1.0
itereffortlevel: 0
--separating...
--find a better primal bound 0.1920644068686821 by Alternative descent Eigen
--found a cut state by heuristic 0.1920644068686821 0.08578912661770259 
iteration: 1297,  #states: 2403, valueb: 0.08578912661770259, activeness: 0.1920644068686821, primalobj: 0.9634542581232802, dualobj: -Inf
solve--
end solve-- RelaxOptimal OPTIMAL
 weights_sum: 1.0000000000000002
itereffortlevel: 0
--separating...
--find a better primal bound 0.17061674492456394 by Alternative descent Eigen
--found a cut state by heuristic 0.17061674492456394 0.06727649222922705 
iteration: 1298,  #states: 2404, valueb: 0.06727649222922705, activeness: 0.17061674492456394, primalobj: 0.9634402533918891, dualobj: -Inf
solve--
end solve-- RelaxOptimal OPTIMAL
 weights_sum: 0.9999999999999991
itereffortlevel: 0
--separating...
--find a better primal bound 0.18347354616633976 by Alternative descent Eigen
--found a cut state by heuristic 0.18347354616633976 0.07953792668569892 
iteration: 1299,  #states: 2405, valueb: 0.07953792668569892, activeness: 0.18347354616633976, primalobj: 0.9634181246438922, dualobj: -Inf
solve--
end solve-- RelaxOptimal OPTIMAL
 weights_sum: 0.9999999999999987
itereffortlevel: 0
--separating...
--find a better primal bound 0.09149086992897404 by Alternative descent Eigen
--found a cut state by heuristic 0.09149086992897404 0.012433835551665755 
iteration: 1300,  #states: 2406, valueb: 0.012433835551665755, activeness: 0.09149086992897404, primalobj: 0.9634091134886417, dualobj: -Inf
solve--
end solve-- RelaxOptimal OPTIMAL
 weights_sum: 1.0000000000000004
itereffortlevel: 0
--separating...
--find a better primal bound 0.1781724003665796 by Alternative descent Eigen
--found a cut state by heuristic 0.1781724003665796 0.07247992672086186 
iteration: 1301,  #states: 2407, valueb: 0.07247992672086186, activeness: 0.1781724003665796, primalobj: 0.9634005009046023, dualobj: -Inf
solve--
end solve-- RelaxOptimal OPTIMAL
 weights_sum: 1.0000000000000009
itereffortlevel: 0
--separating...
--find a better primal bound 0.13819945549105936 by Alternative descent Eigen
--found a cut state by heuristic 0.13819945549105936 0.07045279677237402 
iteration: 1302,  #states: 2408, valueb: 0.07045279677237402, activeness: 0.13819945549105936, primalobj: 0.9633941123766029, dualobj: -Inf
solve--
end solve-- RelaxOptimal OPTIMAL
 weights_sum: 0.9999999999999987
itereffortlevel: 0
--separating...
--find a better primal bound 0.2053821552486053 by Alternative descent Eigen
--found a cut state by heuristic 0.2053821552486053 0.07941399322715512 
iteration: 1303,  #states: 2409, valueb: 0.07941399322715512, activeness: 0.2053821552486053, primalobj: 0.9633845057979545, dualobj: -Inf
solve--
end solve-- RelaxOptimal OPTIMAL
 weights_sum: 1.0000006457720176
itereffortlevel: 0
--separating...
--find a better primal bound 0.11320957180643534 by Alternative descent Eigen
--found a cut state by heuristic 0.11320957180643534 0.016943171938680054 
iteration: 1304,  #states: 2410, valueb: 0.016943171938680054, activeness: 0.11320957180643534, primalobj: 0.9633749924647472, dualobj: -Inf
solve--
end solve-- RelaxOptimal OPTIMAL
 weights_sum: 1.0000019772888935
itereffortlevel: 0
--separating...
--find a better primal bound 0.11515175934076827 by Alternative descent Eigen
--found a cut state by heuristic 0.11515175934076827 0.07101531578471995 
iteration: 1305,  #states: 2411, valueb: 0.07101531578471995, activeness: 0.11515175934076827, primalobj: 0.9633705963573458, dualobj: -Inf
solve--
end solve-- RelaxOptimal OPTIMAL
 weights_sum: 0.9999999999999994
itereffortlevel: 0
--separating...
--find a better primal bound 0.13018957120938207 by Alternative descent Eigen
--found a cut state by heuristic 0.13018957120938207 0.054435530146504096 
iteration: 1306,  #states: 2412, valueb: 0.054435530146504096, activeness: 0.13018957120938207, primalobj: 0.9633641147506573, dualobj: -Inf
solve--
end solve-- RelaxOptimal OPTIMAL
 weights_sum: 0.9999999999999989
itereffortlevel: 0
--separating...
--find a better primal bound 0.10150169847765839 by Alternative descent Eigen
--found a cut state by heuristic 0.10150169847765839 0.017796404545365255 
iteration: 1307,  #states: 2413, valueb: 0.017796404545365255, activeness: 0.10150169847765839, primalobj: 0.9633582820161821, dualobj: -Inf
solve--
end solve-- RelaxOptimal OPTIMAL
 weights_sum: 0.9999999999999989
itereffortlevel: 0
--separating...
--find a better primal bound 0.11110349928145163 by Alternative descent Eigen
--found a cut state by heuristic 0.11110349928145163 0.06553499068252405 
iteration: 1308,  #states: 2414, valueb: 0.06553499068252405, activeness: 0.11110349928145163, primalobj: 0.9633516146595316, dualobj: -Inf
solve--
end solve-- RelaxOptimal OPTIMAL
 weights_sum: 0.9999999999999996
itereffortlevel: 0
--separating...
--find a better primal bound 0.12907571256794323 by Alternative descent Eigen
--found a cut state by heuristic 0.12907571256794323 0.04738197604714536 
iteration: 1309,  #states: 2415, valueb: 0.04738197604714536, activeness: 0.12907571256794323, primalobj: 0.9633467787474723, dualobj: -Inf
solve--
end solve-- RelaxOptimal OPTIMAL
 weights_sum: 0.9999999999999993
itereffortlevel: 0
--separating...
--find a better primal bound 0.18565387135987663 by Alternative descent Eigen
--found a cut state by heuristic 0.18565387135987663 0.05608313414532863 
iteration: 1310,  #states: 2416, valueb: 0.05608313414532863, activeness: 0.18565387135987663, primalobj: 0.963337194784398, dualobj: -Inf
solve--
end solve-- RelaxOptimal OPTIMAL
 weights_sum: 0.9999999999999991
itereffortlevel: 0
--separating...
--find a better primal bound 0.09884332346862477 by Alternative descent Eigen
--found a cut state by heuristic 0.09884332346862477 0.05536869805000422 
iteration: 1311,  #states: 2417, valueb: 0.05536869805000422, activeness: 0.09884332346862477, primalobj: 0.9633272393172705, dualobj: -Inf
solve--
end solve-- RelaxOptimal OPTIMAL
 weights_sum: 1.0000000080495974
itereffortlevel: 0
--separating...
--find a better primal bound 0.1247866193196904 by Alternative descent Eigen
--found a cut state by heuristic 0.1247866193196904 0.07637104216289912 
iteration: 1312,  #states: 2418, valueb: 0.07637104216289912, activeness: 0.1247866193196904, primalobj: 0.9633193226361937, dualobj: -Inf
solve--
end solve-- RelaxOptimal OPTIMAL
 weights_sum: 1.000000000000001
itereffortlevel: 0
--separating...
--find a better primal bound 0.17353617363836615 by Alternative descent Eigen
--found a cut state by heuristic 0.17353617363836615 0.08682413415759063 
iteration: 1313,  #states: 2419, valueb: 0.08682413415759063, activeness: 0.17353617363836615, primalobj: 0.9633147747956279, dualobj: -Inf
solve--
end solve-- RelaxOptimal OPTIMAL
 weights_sum: 1.0
itereffortlevel: 0
--separating...
--find a better primal bound 0.10355645218241324 by Alternative descent Eigen
--found a cut state by heuristic 0.10355645218241324 0.061695150804629395 
iteration: 1314,  #states: 2420, valueb: 0.061695150804629395, activeness: 0.10355645218241324, primalobj: 0.9633059615394389, dualobj: -Inf
solve--
end solve-- RelaxOptimal OPTIMAL
 weights_sum: 1.0
itereffortlevel: 0
--separating...
--find a better primal bound 0.13875716175343786 by Alternative descent Eigen
--found a cut state by heuristic 0.13875716175343786 0.06707588120232057 
iteration: 1315,  #states: 2421, valueb: 0.06707588120232057, activeness: 0.13875716175343786, primalobj: 0.9633011302596488, dualobj: -Inf
solve--
end solve-- RelaxOptimal OPTIMAL
 weights_sum: 1.0000004679976615
itereffortlevel: 0
--separating...
--find a better primal bound 0.14809671909508976 by Alternative descent Eigen
--found a cut state by heuristic 0.14809671909508976 0.050979810505873045 
iteration: 1316,  #states: 2422, valueb: 0.050979810505873045, activeness: 0.14809671909508976, primalobj: 0.9632885528557079, dualobj: -Inf
solve--
end solve-- RelaxOptimal OPTIMAL
 weights_sum: 0.999999999999999
itereffortlevel: 0
--separating...
--find a better primal bound 0.11711271698620032 by Alternative descent Eigen
--found a cut state by heuristic 0.11711271698620032 0.037916289894112214 
iteration: 1317,  #states: 2423, valueb: 0.037916289894112214, activeness: 0.11711271698620032, primalobj: 0.9632783506955591, dualobj: -Inf
solve--
end solve-- RelaxOptimal OPTIMAL
 weights_sum: 1.0000000000000004
itereffortlevel: 0
--separating...
--find a better primal bound 0.12062872159737682 by Alternative descent Eigen
--found a cut state by heuristic 0.12062872159737682 0.06682431442278915 
iteration: 1318,  #states: 2424, valueb: 0.06682431442278915, activeness: 0.12062872159737682, primalobj: 0.9632700688727418, dualobj: -Inf
solve--
end solve-- RelaxOptimal OPTIMAL
 weights_sum: 1.0000004569671461
itereffortlevel: 0
--separating...
--find a better primal bound 0.1389530012995879 by Alternative descent Eigen
--found a cut state by heuristic 0.1389530012995879 0.0489488102081933 
iteration: 1319,  #states: 2425, valueb: 0.0489488102081933, activeness: 0.1389530012995879, primalobj: 0.9632598663082421, dualobj: -Inf
solve--
end solve-- RelaxOptimal OPTIMAL
 weights_sum: 0.9999999999999989
itereffortlevel: 0
--separating...
--find a better primal bound 0.13284595272580965 by Alternative descent Eigen
--found a cut state by heuristic 0.13284595272580965 0.03209803072975351 
iteration: 1320,  #states: 2426, valueb: 0.03209803072975351, activeness: 0.13284595272580965, primalobj: 0.9632484741317693, dualobj: -Inf
solve--
end solve-- RelaxOptimal OPTIMAL
 weights_sum: 0.9999999999999993
itereffortlevel: 0
--separating...
--find a better primal bound 0.1535781290643489 by Alternative descent Eigen
--found a cut state by heuristic 0.1535781290643489 0.04673728921437594 
iteration: 1321,  #states: 2427, valueb: 0.04673728921437594, activeness: 0.1535781290643489, primalobj: 0.9632401285341298, dualobj: -Inf
solve--
end solve-- RelaxOptimal OPTIMAL
 weights_sum: 0.9999999999999996
itereffortlevel: 0
--separating...
--find a better primal bound 0.14586651330182188 by Alternative descent Eigen
--found a cut state by heuristic 0.14586651330182188 0.06065670253511873 
iteration: 1322,  #states: 2428, valueb: 0.06065670253511873, activeness: 0.14586651330182188, primalobj: 0.9632124574798095, dualobj: -Inf
solve--
end solve-- RelaxOptimal OPTIMAL
 weights_sum: 1.0000000000000002
itereffortlevel: 0
--separating...
--find a better primal bound 0.18195968878270186 by Alternative descent Eigen
--found a cut state by heuristic 0.18195968878270186 0.055290169300393245 
iteration: 1323,  #states: 2429, valueb: 0.055290169300393245, activeness: 0.18195968878270186, primalobj: 0.963185065419823, dualobj: -Inf
solve--
end solve-- RelaxOptimal OPTIMAL
 weights_sum: 1.0000000035603063
itereffortlevel: 0
--separating...
--find a better primal bound 0.1257977621588512 by Alternative descent Eigen
--found a cut state by heuristic 0.1257977621588512 0.04902253050266267 
iteration: 1324,  #states: 2430, valueb: 0.04902253050266267, activeness: 0.1257977621588512, primalobj: 0.9631734709766024, dualobj: -Inf
solve--
end solve-- RelaxOptimal OPTIMAL
 weights_sum: 1.0000000000000004
itereffortlevel: 0
--separating...
--find a better primal bound 0.13604891744455613 by Alternative descent Eigen
--found a cut state by heuristic 0.13604891744455613 0.0256822737551903 
iteration: 1325,  #states: 2431, valueb: 0.0256822737551903, activeness: 0.13604891744455613, primalobj: 0.9631585162827722, dualobj: -Inf
solve--
end solve-- RelaxOptimal OPTIMAL
 weights_sum: 1.0000021541123907
itereffortlevel: 0
--separating...
--find a better primal bound 0.11180406291801588 by Alternative descent Eigen
--found a cut state by heuristic 0.11180406291801588 0.029059369375937012 
iteration: 1326,  #states: 2432, valueb: 0.029059369375937012, activeness: 0.11180406291801588, primalobj: 0.9631461612833276, dualobj: -Inf
solve--
end solve-- RelaxOptimal OPTIMAL
 weights_sum: 1.0000003433623235
itereffortlevel: 0
--separating...
--find a better primal bound 0.1083010135701143 by Alternative descent Eigen
--found a cut state by heuristic 0.1083010135701143 0.04377556476376274 
iteration: 1327,  #states: 2433, valueb: 0.04377556476376274, activeness: 0.1083010135701143, primalobj: 0.9631281542449872, dualobj: -Inf
solve--
end solve-- RelaxOptimal OPTIMAL
 weights_sum: 1.000000104855639
itereffortlevel: 0
--separating...
--find a better primal bound 0.14536529140401203 by Alternative descent Eigen
--found a cut state by heuristic 0.14536529140401203 0.05184863003793419 
iteration: 1328,  #states: 2434, valueb: 0.05184863003793419, activeness: 0.14536529140401203, primalobj: 0.9631147312800907, dualobj: -Inf
solve--
end solve-- RelaxOptimal OPTIMAL
 weights_sum: 1.0000000000000002
itereffortlevel: 0
--separating...
--find a better primal bound 0.21939497309275344 by Alternative descent Eigen
--found a cut state by heuristic 0.21939497309275344 0.06298004074291584 
iteration: 1329,  #states: 2435, valueb: 0.06298004074291584, activeness: 0.21939497309275344, primalobj: 0.9631042384486411, dualobj: -Inf
solve--
end solve-- RelaxOptimal OPTIMAL
 weights_sum: 1.0000000000000004
itereffortlevel: 0
--separating...
--find a better primal bound 0.19958753926768685 by Alternative descent Eigen
--found a cut state by heuristic 0.19958753926768685 0.07583283049031847 
iteration: 1330,  #states: 2436, valueb: 0.07583283049031847, activeness: 0.19958753926768685, primalobj: 0.9630933662817684, dualobj: -Inf
solve--
end solve-- RelaxOptimal OPTIMAL
 weights_sum: 1.0000000000000013
itereffortlevel: 0
--separating...
--find a better primal bound 0.20564725734766204 by Alternative descent Eigen
--found a cut state by heuristic 0.20564725734766204 0.06308824228838579 
iteration: 1331,  #states: 2437, valueb: 0.06308824228838579, activeness: 0.20564725734766204, primalobj: 0.9630737308097366, dualobj: -Inf
solve--
end solve-- RelaxOptimal OPTIMAL
 weights_sum: 1.0000002477680536
itereffortlevel: 0
--separating...
--find a better primal bound 0.13555746616827852 by Alternative descent Eigen
--found a cut state by heuristic 0.13555746616827852 0.07440768896217845 
iteration: 1332,  #states: 2438, valueb: 0.07440768896217845, activeness: 0.13555746616827852, primalobj: 0.9630566627169063, dualobj: -Inf
solve--
end solve-- RelaxOptimal OPTIMAL
 weights_sum: 1.0000000000000004
itereffortlevel: 0
--separating...
--find a better primal bound 0.19670439768333375 by Alternative descent Eigen
--found a cut state by heuristic 0.19670439768333375 0.07630339129543538 
iteration: 1333,  #states: 2439, valueb: 0.07630339129543538, activeness: 0.19670439768333375, primalobj: 0.9630449911525744, dualobj: -Inf
solve--
end solve-- RelaxOptimal OPTIMAL
 weights_sum: 0.9999999999999999
itereffortlevel: 0
--separating...
--find a better primal bound 0.12148865719306295 by Alternative descent Eigen
--found a cut state by heuristic 0.12148865719306295 0.05572339140193553 
iteration: 1334,  #states: 2440, valueb: 0.05572339140193553, activeness: 0.12148865719306295, primalobj: 0.9630199377638102, dualobj: -Inf
solve--
end solve-- RelaxOptimal OPTIMAL
 weights_sum: 0.9999999999999993
itereffortlevel: 0
--separating...
--find a better primal bound 0.12408206025416355 by Alternative descent Eigen
--found a cut state by heuristic 0.12408206025416355 0.06893437355726034 
iteration: 1335,  #states: 2441, valueb: 0.06893437355726034, activeness: 0.12408206025416355, primalobj: 0.9630099237852101, dualobj: -Inf
solve--
end solve-- RelaxOptimal OPTIMAL
 weights_sum: 0.9999999999999996
itereffortlevel: 0
--separating...
--find a better primal bound 0.10180432464439762 by Alternative descent Eigen
--found a cut state by heuristic 0.10180432464439762 0.05791821591438159 
iteration: 1336,  #states: 2442, valueb: 0.05791821591438159, activeness: 0.10180432464439762, primalobj: 0.9630029783012041, dualobj: -Inf
solve--
end solve-- RelaxOptimal OPTIMAL
 weights_sum: 0.9999999999999996
itereffortlevel: 0
--separating...
--find a better primal bound 0.140356884303974 by Alternative descent Eigen
--found a cut state by heuristic 0.140356884303974 0.050246706157639154 
iteration: 1337,  #states: 2443, valueb: 0.050246706157639154, activeness: 0.140356884303974, primalobj: 0.9629971918677019, dualobj: -Inf
solve--
end solve-- RelaxOptimal OPTIMAL
 weights_sum: 1.0000000000000002
itereffortlevel: 0
--separating...
--find a better primal bound 0.16116831112412372 by Alternative descent Eigen
--found a cut state by heuristic 0.16116831112412372 0.07391217354015961 
iteration: 1338,  #states: 2444, valueb: 0.07391217354015961, activeness: 0.16116831112412372, primalobj: 0.962975557115788, dualobj: -Inf
solve--
end solve-- RelaxOptimal OPTIMAL
 weights_sum: 1.0
itereffortlevel: 0
--separating...
--find a better primal bound 0.11084746500426682 by Alternative descent Eigen
--found a cut state by heuristic 0.11084746500426682 0.06965055076688897 
iteration: 1339,  #states: 2445, valueb: 0.06965055076688897, activeness: 0.11084746500426682, primalobj: 0.9629457328588308, dualobj: -Inf
solve--
end solve-- RelaxOptimal OPTIMAL
 weights_sum: 0.9999999999999991
itereffortlevel: 0
--separating...
--find a better primal bound 0.093050657257846 by Alternative descent Eigen
--found a cut state by heuristic 0.093050657257846 0.052138010327491 
iteration: 1340,  #states: 2446, valueb: 0.052138010327491, activeness: 0.093050657257846, primalobj: 0.9629344594106208, dualobj: -Inf
solve--
end solve-- RelaxOptimal OPTIMAL
 weights_sum: 1.0
itereffortlevel: 0
--separating...
--find a better primal bound 0.09770610265574944 by Alternative descent Eigen
--found a cut state by heuristic 0.09770610265574944 0.06553936018448611 
iteration: 1341,  #states: 2447, valueb: 0.06553936018448611, activeness: 0.09770610265574944, primalobj: 0.9629254718777944, dualobj: -Inf
solve--
end solve-- RelaxOptimal OPTIMAL
 weights_sum: 1.0000019004144425
itereffortlevel: 0
--separating...
--find a better primal bound 0.1946034950413254 by Alternative descent Eigen
--found a cut state by heuristic 0.1946034950413254 0.06872775339347352 
iteration: 1342,  #states: 2448, valueb: 0.06872775339347352, activeness: 0.1946034950413254, primalobj: 0.9629207264738371, dualobj: -Inf
solve--
end solve-- RelaxOptimal OPTIMAL
 weights_sum: 1.0000000000000002
itereffortlevel: 0
--separating...
--find a better primal bound 0.10027665344129925 by Alternative descent Eigen
--found a cut state by heuristic 0.10027665344129925 0.07421866613411429 
iteration: 1343,  #states: 2449, valueb: 0.07421866613411429, activeness: 0.10027665344129925, primalobj: 0.9629065804065416, dualobj: -Inf
solve--
end solve-- RelaxOptimal OPTIMAL
 weights_sum: 0.9999999999999996
itereffortlevel: 0
--separating...
--find a better primal bound 0.11859238503951361 by Alternative descent Eigen
--found a cut state by heuristic 0.11859238503951361 0.08075937714491886 
iteration: 1344,  #states: 2450, valueb: 0.08075937714491886, activeness: 0.11859238503951361, primalobj: 0.9629028998838937, dualobj: -Inf
solve--
end solve-- RelaxOptimal OPTIMAL
 weights_sum: 1.0000000000000004
itereffortlevel: 0
--separating...
--find a better primal bound 0.15304754888297897 by Alternative descent Eigen
--found a cut state by heuristic 0.15304754888297897 0.07265840696046459 
iteration: 1345,  #states: 2451, valueb: 0.07265840696046459, activeness: 0.15304754888297897, primalobj: 0.9629004340041698, dualobj: -Inf
solve--
end solve-- RelaxOptimal OPTIMAL
 weights_sum: 1.0000000561308677
itereffortlevel: 0
--separating...
--find a better primal bound 0.16019319134521642 by Alternative descent Eigen
--found a cut state by heuristic 0.16019319134521642 0.08513875102492713 
iteration: 1346,  #states: 2452, valueb: 0.08513875102492713, activeness: 0.16019319134521642, primalobj: 0.9628934484937712, dualobj: -Inf
solve--
end solve-- RelaxOptimal OPTIMAL
 weights_sum: 1.000000044433845
itereffortlevel: 0
--separating...
--find a better primal bound 0.13738693962085555 by Alternative descent Eigen
--found a cut state by heuristic 0.13738693962085555 0.08298624214182472 
iteration: 1347,  #states: 2453, valueb: 0.08298624214182472, activeness: 0.13738693962085555, primalobj: 0.9628848041240525, dualobj: -Inf
solve--
end solve-- RelaxOptimal OPTIMAL
 weights_sum: 1.00000054030485
itereffortlevel: 0
--separating...
--find a better primal bound 0.210021497735176 by Alternative descent Eigen
--found a cut state by heuristic 0.210021497735176 0.08408177842814316 
iteration: 1348,  #states: 2454, valueb: 0.08408177842814316, activeness: 0.210021497735176, primalobj: 0.9628773801473047, dualobj: -Inf
solve--
end solve-- RelaxOptimal OPTIMAL
 weights_sum: 0.9999999999999998
itereffortlevel: 0
--separating...
--find a better primal bound 0.20456678839345466 by Alternative descent Eigen
--found a cut state by heuristic 0.20456678839345466 0.07469751313039635 
iteration: 1349,  #states: 2455, valueb: 0.07469751313039635, activeness: 0.20456678839345466, primalobj: 0.9628702925640794, dualobj: -Inf
solve--
end solve-- RelaxOptimal OPTIMAL
 weights_sum: 0.9999999999999998
itereffortlevel: 0
--separating...
--find a better primal bound 0.1440441052448725 by Alternative descent Eigen
--found a cut state by heuristic 0.1440441052448725 0.06392525785556465 
iteration: 1350,  #states: 2456, valueb: 0.06392525785556465, activeness: 0.1440441052448725, primalobj: 0.9628613105433405, dualobj: -Inf
solve--
end solve-- RelaxOptimal OPTIMAL
 weights_sum: 1.0000000000000002
itereffortlevel: 0
--separating...
--find a better primal bound 0.14227833085294092 by Alternative descent Eigen
--found a cut state by heuristic 0.14227833085294092 0.07617165804816402 
iteration: 1351,  #states: 2457, valueb: 0.07617165804816402, activeness: 0.14227833085294092, primalobj: 0.9628510710151972, dualobj: -Inf
solve--
end solve-- RelaxOptimal OPTIMAL
 weights_sum: 1.0000000000000002
itereffortlevel: 0
--separating...
--find a better primal bound 0.15628718373851627 by Alternative descent Eigen
--found a cut state by heuristic 0.15628718373851627 0.08053822740087302 
iteration: 1352,  #states: 2458, valueb: 0.08053822740087302, activeness: 0.15628718373851627, primalobj: 0.9628431657524928, dualobj: -Inf
solve--
end solve-- RelaxOptimal OPTIMAL
 weights_sum: 0.9999999999999987
itereffortlevel: 0
--separating...
--find a better primal bound 0.200376172168584 by Alternative descent Eigen
--found a cut state by heuristic 0.200376172168584 0.08283884873003879 
iteration: 1353,  #states: 2459, valueb: 0.08283884873003879, activeness: 0.200376172168584, primalobj: 0.9628301039404328, dualobj: -Inf
solve--
end solve-- RelaxOptimal OPTIMAL
 weights_sum: 0.9999999999999996
itereffortlevel: 0
--separating...
--find a better primal bound 0.1495448192967229 by Alternative descent Eigen
--found a cut state by heuristic 0.1495448192967229 0.09525319203780368 
iteration: 1354,  #states: 2460, valueb: 0.09525319203780368, activeness: 0.1495448192967229, primalobj: 0.9628131658301433, dualobj: -Inf
solve--
end solve-- RelaxOptimal OPTIMAL
 weights_sum: 1.000000000000002
itereffortlevel: 0
--separating...
--find a better primal bound 0.15390994657452017 by Alternative descent Eigen
--found a cut state by heuristic 0.15390994657452017 0.10204732607573387 
iteration: 1355,  #states: 2461, valueb: 0.10204732607573387, activeness: 0.15390994657452017, primalobj: 0.9628083165067297, dualobj: -Inf
solve--
end solve-- RelaxOptimal OPTIMAL
 weights_sum: 1.000000215659801
itereffortlevel: 0
--separating...
--find a better primal bound 0.22014568402455562 by Alternative descent Eigen
--found a cut state by heuristic 0.22014568402455562 0.12624198176993268 
iteration: 1356,  #states: 2462, valueb: 0.12624198176993268, activeness: 0.22014568402455562, primalobj: 0.9627931601184756, dualobj: -Inf
solve--
end solve-- RelaxOptimal OPTIMAL
 weights_sum: 1.0000000000000007
itereffortlevel: 0
--separating...
--find a better primal bound 0.1584645857257848 by Alternative descent Eigen
--found a cut state by heuristic 0.1584645857257848 0.09511536626304323 
iteration: 1357,  #states: 2463, valueb: 0.09511536626304323, activeness: 0.1584645857257848, primalobj: 0.9627830721536341, dualobj: -Inf
solve--
end solve-- RelaxOptimal OPTIMAL
 weights_sum: 1.0000001980540336
itereffortlevel: 0
--separating...
--find a better primal bound 0.18337743843871568 by Alternative descent Eigen
--found a cut state by heuristic 0.18337743843871568 0.09136653350511482 
iteration: 1358,  #states: 2464, valueb: 0.09136653350511482, activeness: 0.18337743843871568, primalobj: 0.9627785982832984, dualobj: -Inf
solve--
end solve-- RelaxOptimal OPTIMAL
 weights_sum: 0.9999999999999994
itereffortlevel: 0
--separating...
--find a better primal bound 0.13238461035273086 by Alternative descent Eigen
--found a cut state by heuristic 0.13238461035273086 0.08128061076022614 
iteration: 1359,  #states: 2465, valueb: 0.08128061076022614, activeness: 0.13238461035273086, primalobj: 0.9627717318939788, dualobj: -Inf
solve--
end solve-- RelaxOptimal OPTIMAL
 weights_sum: 1.0000000000000002
itereffortlevel: 0
--separating...
--find a better primal bound 0.20133280870507686 by Alternative descent Eigen
--found a cut state by heuristic 0.20133280870507686 0.07323442798781725 
iteration: 1360,  #states: 2466, valueb: 0.07323442798781725, activeness: 0.20133280870507686, primalobj: 0.9627674884570369, dualobj: -Inf
solve--
end solve-- RelaxOptimal OPTIMAL
 weights_sum: 1.0000000000000004
itereffortlevel: 0
--separating...
--find a better primal bound 0.21040564754278485 by Alternative descent Eigen
--found a cut state by heuristic 0.21040564754278485 0.08767692663334754 
iteration: 1361,  #states: 2467, valueb: 0.08767692663334754, activeness: 0.21040564754278485, primalobj: 0.9627549490641631, dualobj: -Inf
solve--
end solve-- RelaxOptimal OPTIMAL
 weights_sum: 1.0000009137339396
itereffortlevel: 0
--separating...
--find a better primal bound 0.20278319137092402 by Alternative descent Eigen
--found a cut state by heuristic 0.20278319137092402 0.07685500531248085 
iteration: 1362,  #states: 2468, valueb: 0.07685500531248085, activeness: 0.20278319137092402, primalobj: 0.9627447101834331, dualobj: -Inf
solve--
end solve-- RelaxOptimal OPTIMAL
 weights_sum: 1.0000005117748305
itereffortlevel: 0
--separating...
--find a better primal bound 0.1998469727253338 by Alternative descent Eigen
--found a cut state by heuristic 0.1998469727253338 0.09576036225610482 
iteration: 1363,  #states: 2469, valueb: 0.09576036225610482, activeness: 0.1998469727253338, primalobj: 0.9627272039610729, dualobj: -Inf
solve--
end solve-- RelaxOptimal OPTIMAL
 weights_sum: 1.0000000735072034
itereffortlevel: 0
--separating...
--find a better primal bound 0.2719126271256974 by Alternative descent Eigen
--found a cut state by heuristic 0.2719126271256974 0.11367241379040317 
iteration: 1364,  #states: 2470, valueb: 0.11367241379040317, activeness: 0.2719126271256974, primalobj: 0.9627136767115455, dualobj: -Inf
solve--
end solve-- RelaxOptimal OPTIMAL
 weights_sum: 1.0000000000000007
itereffortlevel: 0
--separating...
--find a better primal bound 0.13085103492884223 by Alternative descent Eigen
--found a cut state by heuristic 0.13085103492884223 0.05093213454806857 
iteration: 1365,  #states: 2471, valueb: 0.05093213454806857, activeness: 0.13085103492884223, primalobj: 0.9627020383527061, dualobj: -Inf
solve--
end solve-- RelaxOptimal OPTIMAL
 weights_sum: 1.0000000000000002
itereffortlevel: 0
--separating...
--find a better primal bound 0.11946601531571516 by Alternative descent Eigen
--found a cut state by heuristic 0.11946601531571516 0.04830922506776025 
iteration: 1366,  #states: 2472, valueb: 0.04830922506776025, activeness: 0.11946601531571516, primalobj: 0.9626948919688421, dualobj: -Inf
solve--
end solve-- RelaxOptimal OPTIMAL
 weights_sum: 1.0
itereffortlevel: 0
--separating...
--find a better primal bound 0.1475874747009469 by Alternative descent Eigen
--found a cut state by heuristic 0.1475874747009469 0.04044244281717077 
iteration: 1367,  #states: 2473, valueb: 0.04044244281717077, activeness: 0.1475874747009469, primalobj: 0.9626864060446708, dualobj: -Inf
solve--
end solve-- RelaxOptimal OPTIMAL
 weights_sum: 1.0000001900954665
itereffortlevel: 0
--separating...
--find a better primal bound 0.10441881935250259 by Alternative descent Eigen
--found a cut state by heuristic 0.10441881935250259 0.04460522330792233 
iteration: 1368,  #states: 2474, valueb: 0.04460522330792233, activeness: 0.10441881935250259, primalobj: 0.9626593212159198, dualobj: -Inf
solve--
end solve-- RelaxOptimal OPTIMAL
 weights_sum: 1.0000000000000004
itereffortlevel: 0
--separating...
--find a better primal bound 0.10057262580261384 by Alternative descent Eigen
--found a cut state by heuristic 0.10057262580261384 0.03669179124178257 
iteration: 1369,  #states: 2475, valueb: 0.03669179124178257, activeness: 0.10057262580261384, primalobj: 0.9626558285296157, dualobj: -Inf
solve--
end solve-- RelaxOptimal OPTIMAL
 weights_sum: 1.0000000000000004
itereffortlevel: 0
--separating...
--find a better primal bound 0.07092976740983686 by Alternative descent Eigen
--found a cut state by heuristic 0.07092976740983686 0.05363758654377618 
iteration: 1370,  #states: 2476, valueb: 0.05363758654377618, activeness: 0.07092976740983686, primalobj: 0.962650416148318, dualobj: -Inf
solve--
end solve-- RelaxOptimal OPTIMAL
 weights_sum: 1.0000014729272932
itereffortlevel: 0
--separating...
--find a better primal bound 0.12946552604252234 by Alternative descent Eigen
--found a cut state by heuristic 0.12946552604252234 0.04337161232713945 
iteration: 1371,  #states: 2477, valueb: 0.04337161232713945, activeness: 0.12946552604252234, primalobj: 0.9626489456753884, dualobj: -Inf
solve--
end solve-- RelaxOptimal OPTIMAL
 weights_sum: 0.9999999999999999
itereffortlevel: 0
--separating...
--find a better primal bound 0.14339922684522866 by Alternative descent Eigen
--found a cut state by heuristic 0.14339922684522866 0.062407530295399555 
iteration: 1372,  #states: 2478, valueb: 0.062407530295399555, activeness: 0.14339922684522866, primalobj: 0.9626413059614463, dualobj: -Inf
solve--
end solve-- RelaxOptimal OPTIMAL
 weights_sum: 0.9999999999999987
itereffortlevel: 0
--separating...
--find a better primal bound 0.19785524335652285 by Alternative descent Eigen
--found a cut state by heuristic 0.19785524335652285 0.06773023470027764 
iteration: 1373,  #states: 2479, valueb: 0.06773023470027764, activeness: 0.19785524335652285, primalobj: 0.9626349290221656, dualobj: -Inf
solve--
end solve-- RelaxOptimal OPTIMAL
 weights_sum: 1.0000000000000004
itereffortlevel: 0
--separating...
--find a better primal bound 0.17707999448603617 by Alternative descent Eigen
--found a cut state by heuristic 0.17707999448603617 0.06715558858813478 
iteration: 1374,  #states: 2480, valueb: 0.06715558858813478, activeness: 0.17707999448603617, primalobj: 0.9626246079060736, dualobj: -Inf
solve--
end solve-- RelaxOptimal OPTIMAL
 weights_sum: 1.0000000000000002
itereffortlevel: 0
--separating...
--find a better primal bound 0.14579236679338148 by Alternative descent Eigen
--found a cut state by heuristic 0.14579236679338148 0.05902758895939961 
iteration: 1375,  #states: 2481, valueb: 0.05902758895939961, activeness: 0.14579236679338148, primalobj: 0.9626106832953242, dualobj: -Inf
solve--
end solve-- RelaxOptimal OPTIMAL
 weights_sum: 1.0000000000000004
itereffortlevel: 0
--separating...
--find a better primal bound 0.14385357770086835 by Alternative descent Eigen
--found a cut state by heuristic 0.14385357770086835 0.053710734789986864 
iteration: 1376,  #states: 2482, valueb: 0.053710734789986864, activeness: 0.14385357770086835, primalobj: 0.9626022959530466, dualobj: -Inf
solve--
end solve-- RelaxOptimal OPTIMAL
 weights_sum: 1.0000000204004147
itereffortlevel: 0
--separating...
--find a better primal bound 0.16835522435908037 by Alternative descent Eigen
--found a cut state by heuristic 0.16835522435908037 0.05226730268896221 
iteration: 1377,  #states: 2483, valueb: 0.05226730268896221, activeness: 0.16835522435908037, primalobj: 0.9625945917695481, dualobj: -Inf
solve--
end solve-- RelaxOptimal OPTIMAL
 weights_sum: 0.9999999999999998
itereffortlevel: 0
--separating...
--find a better primal bound 0.1250854019371367 by Alternative descent Eigen
--found a cut state by heuristic 0.1250854019371367 0.06327881555840209 
iteration: 1378,  #states: 2484, valueb: 0.06327881555840209, activeness: 0.1250854019371367, primalobj: 0.9625872858353254, dualobj: -Inf
solve--
end solve-- RelaxOptimal OPTIMAL
 weights_sum: 0.9999999999999991
itereffortlevel: 0
--separating...
--find a better primal bound 0.12359563032695084 by Alternative descent Eigen
--found a cut state by heuristic 0.12359563032695084 0.057788953789789446 
iteration: 1379,  #states: 2485, valueb: 0.057788953789789446, activeness: 0.12359563032695084, primalobj: 0.9625809431440806, dualobj: -Inf
solve--
end solve-- RelaxOptimal OPTIMAL
 weights_sum: 1.0000000000000009
itereffortlevel: 0
--separating...
--find a better primal bound 0.1519289399578591 by Alternative descent Eigen
--found a cut state by heuristic 0.1519289399578591 0.059408508790442904 
iteration: 1380,  #states: 2486, valueb: 0.059408508790442904, activeness: 0.1519289399578591, primalobj: 0.9625747181910055, dualobj: -Inf
solve--
end solve-- RelaxOptimal OPTIMAL
 weights_sum: 1.0000000000000009
itereffortlevel: 0
--separating...
--find a better primal bound 0.13108513126925608 by Alternative descent Eigen
--found a cut state by heuristic 0.13108513126925608 0.058653109760830026 
iteration: 1381,  #states: 2487, valueb: 0.058653109760830026, activeness: 0.13108513126925608, primalobj: 0.9625684453851238, dualobj: -Inf
solve--
end solve-- RelaxOptimal OPTIMAL
 weights_sum: 0.9999999999999999
itereffortlevel: 0
--separating...
--find a better primal bound 0.09886889486336763 by Alternative descent Eigen
--found a cut state by heuristic 0.09886889486336763 0.05646914644738947 
iteration: 1382,  #states: 2488, valueb: 0.05646914644738947, activeness: 0.09886889486336763, primalobj: 0.9625610869680399, dualobj: -Inf
solve--
end solve-- RelaxOptimal OPTIMAL
 weights_sum: 1.0000000000000002
itereffortlevel: 0
--separating...
--find a better primal bound 0.20236565448052318 by Alternative descent Eigen
--found a cut state by heuristic 0.20236565448052318 0.06624207883738306 
iteration: 1383,  #states: 2489, valueb: 0.06624207883738306, activeness: 0.20236565448052318, primalobj: 0.9625556015784272, dualobj: -Inf
solve--
end solve-- RelaxOptimal OPTIMAL
 weights_sum: 0.9999999999999996
itereffortlevel: 0
--separating...
--find a better primal bound 0.1193733410808063 by Alternative descent Eigen
--found a cut state by heuristic 0.1193733410808063 0.04832315736435017 
iteration: 1384,  #states: 2490, valueb: 0.04832315736435017, activeness: 0.1193733410808063, primalobj: 0.9625454606391788, dualobj: -Inf
solve--
end solve-- RelaxOptimal OPTIMAL
 weights_sum: 0.9999999999999989
itereffortlevel: 0
--separating...
--find a better primal bound 0.12751511242024705 by Alternative descent Eigen
--found a cut state by heuristic 0.12751511242024705 0.045644762789490034 
iteration: 1385,  #states: 2491, valueb: 0.045644762789490034, activeness: 0.12751511242024705, primalobj: 0.9625409996626194, dualobj: -Inf
solve--
end solve-- RelaxOptimal OPTIMAL
 weights_sum: 1.0000000000000007
itereffortlevel: 0
--separating...
--find a better primal bound 0.14936960566419905 by Alternative descent Eigen
--found a cut state by heuristic 0.14936960566419905 0.04952485872306234 
iteration: 1386,  #states: 2492, valueb: 0.04952485872306234, activeness: 0.14936960566419905, primalobj: 0.9625342097229309, dualobj: -Inf
solve--
end solve-- RelaxOptimal OPTIMAL
 weights_sum: 0.9999999999999993
itereffortlevel: 0
--separating...
--find a better primal bound 0.11349334893434317 by Alternative descent Eigen
--found a cut state by heuristic 0.11349334893434317 0.04918030836703983 
iteration: 1387,  #states: 2493, valueb: 0.04918030836703983, activeness: 0.11349334893434317, primalobj: 0.962525190958526, dualobj: -Inf
solve--
end solve-- RelaxOptimal OPTIMAL
 weights_sum: 0.9999999999999993
itereffortlevel: 0
--separating...
--find a better primal bound 0.10151525913955564 by Alternative descent Eigen
--found a cut state by heuristic 0.10151525913955564 0.06419328600331861 
iteration: 1388,  #states: 2494, valueb: 0.06419328600331861, activeness: 0.10151525913955564, primalobj: 0.9625216274124285, dualobj: -Inf
solve--
end solve-- RelaxOptimal OPTIMAL
 weights_sum: 1.0000000261409172
itereffortlevel: 0
--separating...
--find a better primal bound 0.1630083065345706 by Alternative descent Eigen
--found a cut state by heuristic 0.1630083065345706 0.04898246320506228 
iteration: 1389,  #states: 2495, valueb: 0.04898246320506228, activeness: 0.1630083065345706, primalobj: 0.9625194248874313, dualobj: -Inf
solve--
end solve-- RelaxOptimal OPTIMAL
 weights_sum: 0.9999999999999998
itereffortlevel: 0
--separating...
--find a better primal bound 0.10993024339759674 by Alternative descent Eigen
--found a cut state by heuristic 0.10993024339759674 0.023566713271992567 
iteration: 1390,  #states: 2496, valueb: 0.023566713271992567, activeness: 0.10993024339759674, primalobj: 0.9624977019635077, dualobj: -Inf
solve--
end solve-- RelaxOptimal OPTIMAL
 weights_sum: 0.9999999999999992
itereffortlevel: 0
--separating...
--find a better primal bound 0.14363868855001893 by Alternative descent Eigen
--found a cut state by heuristic 0.14363868855001893 0.05399858032334304 
iteration: 1391,  #states: 2497, valueb: 0.05399858032334304, activeness: 0.14363868855001893, primalobj: 0.96248443950317, dualobj: -Inf
solve--
end solve-- RelaxOptimal OPTIMAL
 weights_sum: 1.0000001594851449
itereffortlevel: 0
--separating...
--find a better primal bound 0.09929238492470968 by Alternative descent Eigen
--found a cut state by heuristic 0.09929238492470968 0.007523353409260349 
iteration: 1392,  #states: 2498, valueb: 0.007523353409260349, activeness: 0.09929238492470968, primalobj: 0.9624751333477307, dualobj: -Inf
solve--
end solve-- RelaxOptimal OPTIMAL
 weights_sum: 0.9999999999999998
itereffortlevel: 0
--separating...
--find a better primal bound 0.14913393432709682 by Alternative descent Eigen
--found a cut state by heuristic 0.14913393432709682 0.053912384258413854 
iteration: 1393,  #states: 2499, valueb: 0.053912384258413854, activeness: 0.14913393432709682, primalobj: 0.9624521372085614, dualobj: -Inf
solve--
end solve-- RelaxOptimal OPTIMAL
 weights_sum: 1.0000000000000007
itereffortlevel: 0
--separating...
--find a better primal bound 0.11552772851473772 by Alternative descent Eigen
--found a cut state by heuristic 0.11552772851473772 0.04217830362840507 
iteration: 1394,  #states: 2500, valueb: 0.04217830362840507, activeness: 0.11552772851473772, primalobj: 0.9624470994830066, dualobj: -Inf
solve--
end solve-- RelaxOptimal OPTIMAL
 weights_sum: 0.9999999999999991
itereffortlevel: 0
--separating...
--find a better primal bound 0.1624261252066871 by Alternative descent Eigen
--found a cut state by heuristic 0.1624261252066871 0.052943011597410494 
iteration: 1395,  #states: 2501, valueb: 0.052943011597410494, activeness: 0.1624261252066871, primalobj: 0.9624375100487519, dualobj: -Inf
solve--
end solve-- RelaxOptimal OPTIMAL
 weights_sum: 1.0000000000000004
itereffortlevel: 0
--separating...
--find a better primal bound 0.1363479748243232 by Alternative descent Eigen
--found a cut state by heuristic 0.1363479748243232 0.05796342810606061 
iteration: 1396,  #states: 2502, valueb: 0.05796342810606061, activeness: 0.1363479748243232, primalobj: 0.962415470330313, dualobj: -Inf
solve--
end solve-- RelaxOptimal OPTIMAL
 weights_sum: 1.0000000065299326
itereffortlevel: 0
--separating...
--find a better primal bound 0.14881991052062563 by Alternative descent Eigen
--found a cut state by heuristic 0.14881991052062563 0.05959622816864921 
iteration: 1397,  #states: 2503, valueb: 0.05959622816864921, activeness: 0.14881991052062563, primalobj: 0.9624048334508234, dualobj: -Inf
solve--
end solve-- RelaxOptimal OPTIMAL
 weights_sum: 0.9999999999999996
itereffortlevel: 0
--separating...
--find a better primal bound 0.1354984441596449 by Alternative descent Eigen
--found a cut state by heuristic 0.1354984441596449 0.05631779976044323 
iteration: 1398,  #states: 2504, valueb: 0.05631779976044323, activeness: 0.1354984441596449, primalobj: 0.9623949770938792, dualobj: -Inf
solve--
end solve-- RelaxOptimal OPTIMAL
 weights_sum: 1.0000011982027326
itereffortlevel: 0
--separating...
--find a better primal bound 0.13747791883963756 by Alternative descent Eigen
--found a cut state by heuristic 0.13747791883963756 0.07257688369337138 
iteration: 1399,  #states: 2505, valueb: 0.07257688369337138, activeness: 0.13747791883963756, primalobj: 0.9623878444444056, dualobj: -Inf
solve--
end solve-- RelaxOptimal OPTIMAL
 weights_sum: 1.0000000000000002
itereffortlevel: 0
--separating...
--find a better primal bound 0.16077083466806535 by Alternative descent Eigen
--found a cut state by heuristic 0.16077083466806535 0.06705165822578027 
iteration: 1400,  #states: 2506, valueb: 0.06705165822578027, activeness: 0.16077083466806535, primalobj: 0.962380056892534, dualobj: -Inf
solve--
end solve-- RelaxOptimal OPTIMAL
 weights_sum: 1.0
itereffortlevel: 0
--separating...
--find a better primal bound 0.13422151461070528 by Alternative descent Eigen
--found a cut state by heuristic 0.13422151461070528 0.05730821733992271 
iteration: 1401,  #states: 2507, valueb: 0.05730821733992271, activeness: 0.13422151461070528, primalobj: 0.9623656762501307, dualobj: -Inf
solve--
end solve-- RelaxOptimal OPTIMAL
 weights_sum: 1.0000000000000009
itereffortlevel: 0
--separating...
--find a better primal bound 0.13494795252790492 by Alternative descent Eigen
--found a cut state by heuristic 0.13494795252790492 0.055407771675360644 
iteration: 1402,  #states: 2508, valueb: 0.055407771675360644, activeness: 0.13494795252790492, primalobj: 0.9623627544663345, dualobj: -Inf
solve--
end solve-- RelaxOptimal OPTIMAL
 weights_sum: 1.0000000000000007
itereffortlevel: 0
--separating...
--find a better primal bound 0.13499282445085453 by Alternative descent Eigen
--found a cut state by heuristic 0.13499282445085453 0.056615395269768505 
iteration: 1403,  #states: 2509, valueb: 0.056615395269768505, activeness: 0.13499282445085453, primalobj: 0.9623508614692651, dualobj: -Inf
solve--
end solve-- RelaxOptimal OPTIMAL
 weights_sum: 0.999999999999999
itereffortlevel: 0
--separating...
--find a better primal bound 0.1371007615088376 by Alternative descent Eigen
--found a cut state by heuristic 0.1371007615088376 0.044050519913035956 
iteration: 1404,  #states: 2510, valueb: 0.044050519913035956, activeness: 0.1371007615088376, primalobj: 0.9623423464493285, dualobj: -Inf
solve--
end solve-- RelaxOptimal OPTIMAL
 weights_sum: 1.000000013862845
itereffortlevel: 0
--separating...
--find a better primal bound 0.12525567239159183 by Alternative descent Eigen
--found a cut state by heuristic 0.12525567239159183 0.038938875128322614 
iteration: 1405,  #states: 2511, valueb: 0.038938875128322614, activeness: 0.12525567239159183, primalobj: 0.962335775803109, dualobj: -Inf
solve--
end solve-- RelaxOptimal OPTIMAL
 weights_sum: 1.0000000000000007
itereffortlevel: 0
--separating...
--find a better primal bound 0.08706193985010871 by Alternative descent Eigen
--found a cut state by heuristic 0.08706193985010871 0.031153523651661297 
iteration: 1406,  #states: 2512, valueb: 0.031153523651661297, activeness: 0.08706193985010871, primalobj: 0.9623251200582866, dualobj: -Inf
solve--
end solve-- RelaxOptimal OPTIMAL
 weights_sum: 1.0000003754918878
itereffortlevel: 0
--separating...
--find a better primal bound 0.07088252600324482 by Alternative descent Eigen
--found a cut state by heuristic 0.07088252600324482 0.03910086405245248 
iteration: 1407,  #states: 2513, valueb: 0.03910086405245248, activeness: 0.07088252600324482, primalobj: 0.962297222955518, dualobj: -Inf
solve--
end solve-- RelaxOptimal OPTIMAL
 weights_sum: 0.9999999999999998
itereffortlevel: 0
--separating...
--find a better primal bound 0.11739183553801324 by Alternative descent Eigen
--found a cut state by heuristic 0.11739183553801324 0.03156289147625618 
iteration: 1408,  #states: 2514, valueb: 0.03156289147625618, activeness: 0.11739183553801324, primalobj: 0.9622906129523954, dualobj: -Inf
solve--
end solve-- RelaxOptimal OPTIMAL
 weights_sum: 0.9999999999999999
itereffortlevel: 0
--separating...
--find a better primal bound 0.09017618609427938 by Alternative descent Eigen
--found a cut state by heuristic 0.09017618609427938 0.036163336132724405 
iteration: 1409,  #states: 2515, valueb: 0.036163336132724405, activeness: 0.09017618609427938, primalobj: 0.962276429390589, dualobj: -Inf
solve--
end solve-- RelaxOptimal OPTIMAL
 weights_sum: 0.9999999999999991
itereffortlevel: 0
--separating...
--find a better primal bound 0.11399148247586516 by Alternative descent Eigen
--found a cut state by heuristic 0.11399148247586516 0.04230977407875498 
iteration: 1410,  #states: 2516, valueb: 0.04230977407875498, activeness: 0.11399148247586516, primalobj: 0.962268426729453, dualobj: -Inf
solve--
end solve-- RelaxOptimal OPTIMAL
 weights_sum: 1.0000000000000004
itereffortlevel: 0
--separating...
--find a better primal bound 0.08429838547326327 by Alternative descent Eigen
--found a cut state by heuristic 0.08429838547326327 0.04586726907056808 
iteration: 1411,  #states: 2517, valueb: 0.04586726907056808, activeness: 0.08429838547326327, primalobj: 0.9622604667343516, dualobj: -Inf
solve--
end solve-- RelaxOptimal OPTIMAL
 weights_sum: 0.9999999999999999
itereffortlevel: 0
--separating...
--find a better primal bound 0.13226188861572508 by Alternative descent Eigen
--found a cut state by heuristic 0.13226188861572508 0.03426445090167182 
iteration: 1412,  #states: 2518, valueb: 0.03426445090167182, activeness: 0.13226188861572508, primalobj: 0.9622569262983254, dualobj: -Inf
solve--
end solve-- RelaxOptimal OPTIMAL
 weights_sum: 1.0000011157959805
itereffortlevel: 0
--separating...
--find a better primal bound 0.15349669125588403 by Alternative descent Eigen
--found a cut state by heuristic 0.15349669125588403 0.09157741323262564 
iteration: 1413,  #states: 2519, valueb: 0.09157741323262564, activeness: 0.15349669125588403, primalobj: 0.9622503396132513, dualobj: -Inf
solve--
end solve-- RelaxOptimal OPTIMAL
 weights_sum: 0.9999999999999989
itereffortlevel: 0
--separating...
--find a better primal bound 0.1649689660411522 by Alternative descent Eigen
--found a cut state by heuristic 0.1649689660411522 0.06478980848199332 
iteration: 1414,  #states: 2520, valueb: 0.06478980848199332, activeness: 0.1649689660411522, primalobj: 0.9622434897101767, dualobj: -Inf
solve--
end solve-- RelaxOptimal OPTIMAL
 weights_sum: 1.0
itereffortlevel: 0
--separating...
--find a better primal bound 0.12365942486173967 by Alternative descent Eigen
--found a cut state by heuristic 0.12365942486173967 0.05088214076355373 
iteration: 1415,  #states: 2521, valueb: 0.05088214076355373, activeness: 0.12365942486173967, primalobj: 0.9622321523448654, dualobj: -Inf
solve--
end solve-- RelaxOptimal OPTIMAL
 weights_sum: 1.0000000000000009
itereffortlevel: 0
--separating...
--find a better primal bound 0.1615552304156669 by Alternative descent Eigen
--found a cut state by heuristic 0.1615552304156669 0.059893627893492785 
iteration: 1416,  #states: 2522, valueb: 0.059893627893492785, activeness: 0.1615552304156669, primalobj: 0.9622097835713908, dualobj: -Inf
solve--
end solve-- RelaxOptimal OPTIMAL
 weights_sum: 0.9999999999999994
itereffortlevel: 0
--separating...
--find a better primal bound 0.13022240537506038 by Alternative descent Eigen
--found a cut state by heuristic 0.13022240537506038 0.04943254810176497 
iteration: 1417,  #states: 2523, valueb: 0.04943254810176497, activeness: 0.13022240537506038, primalobj: 0.9621955472959911, dualobj: -Inf
solve--
end solve-- RelaxOptimal OPTIMAL
 weights_sum: 1.0000005212494094
itereffortlevel: 0
--separating...
--find a better primal bound 0.11971491437359794 by Alternative descent Eigen
--found a cut state by heuristic 0.11971491437359794 0.0538862287787226 
iteration: 1418,  #states: 2524, valueb: 0.0538862287787226, activeness: 0.11971491437359794, primalobj: 0.9621910324670851, dualobj: -Inf
solve--
end solve-- RelaxOptimal OPTIMAL
 weights_sum: 1.0000000000000002
itereffortlevel: 0
--separating...
--find a better primal bound 0.126740924537217 by Alternative descent Eigen
--found a cut state by heuristic 0.126740924537217 0.04299709737933225 
iteration: 1419,  #states: 2525, valueb: 0.04299709737933225, activeness: 0.126740924537217, primalobj: 0.9621864600967287, dualobj: -Inf
solve--
end solve-- RelaxOptimal OPTIMAL
 weights_sum: 1.0
itereffortlevel: 0
--separating...
--find a better primal bound 0.07492182914518353 by Alternative descent Eigen
--found a cut state by heuristic 0.07492182914518353 0.046294182189765526 
iteration: 1420,  #states: 2526, valueb: 0.046294182189765526, activeness: 0.07492182914518353, primalobj: 0.9621801840516196, dualobj: -Inf
solve--
end solve-- RelaxOptimal OPTIMAL
 weights_sum: 1.0000000000000004
itereffortlevel: 0
--separating...
--find a better primal bound 0.13664559280513544 by Alternative descent Eigen
--found a cut state by heuristic 0.13664559280513544 0.05499444278262552 
iteration: 1421,  #states: 2527, valueb: 0.05499444278262552, activeness: 0.13664559280513544, primalobj: 0.9621744821907358, dualobj: -Inf
solve--
end solve-- RelaxOptimal OPTIMAL
 weights_sum: 1.0000000000000002
itereffortlevel: 0
--separating...
--find a better primal bound 0.1623715017991087 by Alternative descent Eigen
--found a cut state by heuristic 0.1623715017991087 0.07039435907872119 
iteration: 1422,  #states: 2528, valueb: 0.07039435907872119, activeness: 0.1623715017991087, primalobj: 0.9621695622834013, dualobj: -Inf
solve--
end solve-- RelaxOptimal OPTIMAL
 weights_sum: 0.9999999999999996
itereffortlevel: 0
--separating...
--find a better primal bound 0.10144185814639198 by Alternative descent Eigen
--found a cut state by heuristic 0.10144185814639198 0.04272825746909433 
iteration: 1423,  #states: 2529, valueb: 0.04272825746909433, activeness: 0.10144185814639198, primalobj: 0.9621569152252216, dualobj: -Inf
solve--
end solve-- RelaxOptimal OPTIMAL
 weights_sum: 1.0000000000000009
itereffortlevel: 0
--separating...
--find a better primal bound 0.08106425253388558 by Alternative descent Eigen
--found a cut state by heuristic 0.08106425253388558 0.028303480857766107 
iteration: 1424,  #states: 2530, valueb: 0.028303480857766107, activeness: 0.08106425253388558, primalobj: 0.9621539942667022, dualobj: -Inf
solve--
end solve-- RelaxOptimal OPTIMAL
 weights_sum: 0.9999999999999999
itereffortlevel: 0
--separating...
--find a better primal bound 0.12697893976526747 by Alternative descent Eigen
--found a cut state by heuristic 0.12697893976526747 0.053554931946199535 
iteration: 1425,  #states: 2531, valueb: 0.053554931946199535, activeness: 0.12697893976526747, primalobj: 0.9621381959940783, dualobj: -Inf
solve--
end solve-- RelaxOptimal OPTIMAL
 weights_sum: 0.9999999999999998
itereffortlevel: 0
--separating...
--find a better primal bound 0.1109100760063646 by Alternative descent Eigen
--found a cut state by heuristic 0.1109100760063646 0.06682799516869417 
iteration: 1426,  #states: 2532, valueb: 0.06682799516869417, activeness: 0.1109100760063646, primalobj: 0.9621253641951926, dualobj: -Inf
solve--
end solve-- RelaxOptimal OPTIMAL
 weights_sum: 0.9999999999999993
itereffortlevel: 0
--separating...
--find a better primal bound 0.08632513380603107 by Alternative descent Eigen
--found a cut state by heuristic 0.08632513380603107 0.056993967959708715 
iteration: 1427,  #states: 2533, valueb: 0.056993967959708715, activeness: 0.08632513380603107, primalobj: 0.9621152123758785, dualobj: -Inf
solve--
end solve-- RelaxOptimal OPTIMAL
 weights_sum: 1.0000000000000013
itereffortlevel: 0
--separating...
--find a better primal bound 0.15077211955726805 by Alternative descent Eigen
--found a cut state by heuristic 0.15077211955726805 0.06267945078003845 
iteration: 1428,  #states: 2534, valueb: 0.06267945078003845, activeness: 0.15077211955726805, primalobj: 0.9621116084428967, dualobj: -Inf
solve--
end solve-- RelaxOptimal OPTIMAL
 weights_sum: 1.000000032813638
itereffortlevel: 0
--separating...
--find a better primal bound 0.11073618884173535 by Alternative descent Eigen
--found a cut state by heuristic 0.11073618884173535 0.05256544037655218 
iteration: 1429,  #states: 2535, valueb: 0.05256544037655218, activeness: 0.11073618884173535, primalobj: 0.9621048051811857, dualobj: -Inf
solve--
end solve-- RelaxOptimal OPTIMAL
 weights_sum: 1.0
itereffortlevel: 0
--separating...
--find a better primal bound 0.15315563583909783 by Alternative descent Eigen
--found a cut state by heuristic 0.15315563583909783 0.053366004176955806 
iteration: 1430,  #states: 2536, valueb: 0.053366004176955806, activeness: 0.15315563583909783, primalobj: 0.9621014389160422, dualobj: -Inf
solve--
end solve-- RelaxOptimal OPTIMAL
 weights_sum: 1.0000000000000002
itereffortlevel: 0
--separating...
--find a better primal bound 0.14453991413103248 by Alternative descent Eigen
--found a cut state by heuristic 0.14453991413103248 0.06156118790432904 
iteration: 1431,  #states: 2537, valueb: 0.06156118790432904, activeness: 0.14453991413103248, primalobj: 0.9620936973330423, dualobj: -Inf
solve--
end solve-- RelaxOptimal OPTIMAL
 weights_sum: 1.0000000000000004
itereffortlevel: 0
--separating...
--find a better primal bound 0.14084926862136044 by Alternative descent Eigen
--found a cut state by heuristic 0.14084926862136044 0.04468418425938105 
iteration: 1432,  #states: 2538, valueb: 0.04468418425938105, activeness: 0.14084926862136044, primalobj: 0.9620854069927269, dualobj: -Inf
solve--
end solve-- RelaxOptimal OPTIMAL
 weights_sum: 1.000000093773442
itereffortlevel: 0
--separating...
--find a better primal bound 0.15921638859256027 by Alternative descent Eigen
--found a cut state by heuristic 0.15921638859256027 0.0552803348617937 
iteration: 1433,  #states: 2539, valueb: 0.0552803348617937, activeness: 0.15921638859256027, primalobj: 0.9620752892186056, dualobj: -Inf
solve--
end solve-- RelaxOptimal OPTIMAL
 weights_sum: 1.0000007817628478
itereffortlevel: 0
--separating...
--find a better primal bound 0.16066805436903686 by Alternative descent Eigen
--found a cut state by heuristic 0.16066805436903686 0.06679907970654413 
iteration: 1434,  #states: 2540, valueb: 0.06679907970654413, activeness: 0.16066805436903686, primalobj: 0.9620715032218512, dualobj: -Inf
solve--
end solve-- RelaxOptimal OPTIMAL
 weights_sum: 0.9999999999999993
itereffortlevel: 0
--separating...
--find a better primal bound 0.11077996554968195 by Alternative descent Eigen
--found a cut state by heuristic 0.11077996554968195 0.05940508243333941 
iteration: 1435,  #states: 2541, valueb: 0.05940508243333941, activeness: 0.11077996554968195, primalobj: 0.9620641847419203, dualobj: -Inf
solve--
end solve-- RelaxOptimal OPTIMAL
 weights_sum: 0.9999999999999984
itereffortlevel: 0
--separating...
--find a better primal bound 0.17244982100380188 by Alternative descent Eigen
--found a cut state by heuristic 0.17244982100380188 0.06511515065721787 
iteration: 1436,  #states: 2542, valueb: 0.06511515065721787, activeness: 0.17244982100380188, primalobj: 0.9620609407746391, dualobj: -Inf
solve--
end solve-- RelaxOptimal OPTIMAL
 weights_sum: 1.0000000000000004
itereffortlevel: 0
--separating...
--find a better primal bound 0.04108621830192888 by Alternative descent Eigen
--found a cut state by heuristic 0.04108621830192888 0.004062633863952102 
iteration: 1437,  #states: 2543, valueb: 0.004062633863952102, activeness: 0.04108621830192888, primalobj: 0.9620531257363248, dualobj: -Inf
solve--
end solve-- RelaxOptimal OPTIMAL
 weights_sum: 1.0000007639815474
itereffortlevel: 0
--separating...
--find a better primal bound 0.16249317150181408 by Alternative descent Eigen
--found a cut state by heuristic 0.16249317150181408 0.06939535479560607 
iteration: 1438,  #states: 2544, valueb: 0.06939535479560607, activeness: 0.16249317150181408, primalobj: 0.9620506240047799, dualobj: -Inf
solve--
end solve-- RelaxOptimal OPTIMAL
 weights_sum: 1.000000152573136
itereffortlevel: 0
--separating...
--find a better primal bound 0.1311785467419087 by Alternative descent Eigen
--found a cut state by heuristic 0.1311785467419087 0.06611025376126435 
iteration: 1439,  #states: 2545, valueb: 0.06611025376126435, activeness: 0.1311785467419087, primalobj: 0.9620459418879433, dualobj: -Inf
solve--
end solve-- RelaxOptimal OPTIMAL
 weights_sum: 0.9999999999999996
itereffortlevel: 0
--separating...
--find a better primal bound 0.13077675957779653 by Alternative descent Eigen
--found a cut state by heuristic 0.13077675957779653 0.07666860864691072 
iteration: 1440,  #states: 2546, valueb: 0.07666860864691072, activeness: 0.13077675957779653, primalobj: 0.9620413056929926, dualobj: -Inf
solve--
end solve-- RelaxOptimal OPTIMAL
 weights_sum: 1.0000000781583507
itereffortlevel: 0
--separating...
--find a better primal bound 0.09725879330354088 by Alternative descent Eigen
--found a cut state by heuristic 0.09725879330354088 0.07218977363356473 
iteration: 1441,  #states: 2547, valueb: 0.07218977363356473, activeness: 0.09725879330354088, primalobj: 0.9620386625027215, dualobj: -Inf
solve--
end solve-- RelaxOptimal OPTIMAL
 weights_sum: 1.0000000000000002
itereffortlevel: 0
--separating...
--find a better primal bound 0.1539189351994472 by Alternative descent Eigen
--found a cut state by heuristic 0.1539189351994472 0.07663957928104748 
iteration: 1442,  #states: 2548, valueb: 0.07663957928104748, activeness: 0.1539189351994472, primalobj: 0.9620371729969259, dualobj: -Inf
solve--
end solve-- RelaxOptimal OPTIMAL
 weights_sum: 1.0000000000000009
itereffortlevel: 0
--separating...
--find a better primal bound 0.15866583547278065 by Alternative descent Eigen
--found a cut state by heuristic 0.15866583547278065 0.05938712845043987 
iteration: 1443,  #states: 2549, valueb: 0.05938712845043987, activeness: 0.15866583547278065, primalobj: 0.9620279904791215, dualobj: -Inf
solve--
end solve-- RelaxOptimal OPTIMAL
 weights_sum: 1.000001801836233
itereffortlevel: 0
--separating...
--find a better primal bound 0.1488688715685521 by Alternative descent Eigen
--found a cut state by heuristic 0.1488688715685521 0.04758863974607085 
iteration: 1444,  #states: 2550, valueb: 0.04758863974607085, activeness: 0.1488688715685521, primalobj: 0.9620175344483461, dualobj: -Inf
solve--
end solve-- RelaxOptimal OPTIMAL
 weights_sum: 1.0000000000000002
itereffortlevel: 0
--separating...
--find a better primal bound 0.1301143655184442 by Alternative descent Eigen
--found a cut state by heuristic 0.1301143655184442 0.049013198835868854 
iteration: 1445,  #states: 2551, valueb: 0.049013198835868854, activeness: 0.1301143655184442, primalobj: 0.9619987583353334, dualobj: -Inf
solve--
end solve-- RelaxOptimal OPTIMAL
 weights_sum: 1.000000032884203
itereffortlevel: 0
--separating...
--find a better primal bound 0.11088504218299174 by Alternative descent Eigen
--found a cut state by heuristic 0.11088504218299174 0.06245602933781938 
iteration: 1446,  #states: 2552, valueb: 0.06245602933781938, activeness: 0.11088504218299174, primalobj: 0.9619893531562955, dualobj: -Inf
solve--
end solve-- RelaxOptimal OPTIMAL
 weights_sum: 0.9999999999999999
itereffortlevel: 0
--separating...
--find a better primal bound 0.14509333210653488 by Alternative descent Eigen
--found a cut state by heuristic 0.14509333210653488 0.054609516823264245 
iteration: 1447,  #states: 2553, valueb: 0.054609516823264245, activeness: 0.14509333210653488, primalobj: 0.9619876177137594, dualobj: -Inf
solve--
end solve-- RelaxOptimal OPTIMAL
 weights_sum: 0.9999999999999996
itereffortlevel: 0
--separating...
--find a better primal bound 0.09531288088209372 by Alternative descent Eigen
--found a cut state by heuristic 0.09531288088209372 0.045311281988109936 
iteration: 1448,  #states: 2554, valueb: 0.045311281988109936, activeness: 0.09531288088209372, primalobj: 0.9619793839331502, dualobj: -Inf
solve--
end solve-- RelaxOptimal OPTIMAL
 weights_sum: 1.0000000000000004
itereffortlevel: 0
--separating...
--find a better primal bound 0.13205539607110234 by Alternative descent Eigen
--found a cut state by heuristic 0.13205539607110234 0.0552917749541072 
iteration: 1449,  #states: 2555, valueb: 0.0552917749541072, activeness: 0.13205539607110234, primalobj: 0.9619688218787086, dualobj: -Inf
solve--
end solve-- RelaxOptimal OPTIMAL
 weights_sum: 1.000000098130104
itereffortlevel: 0
--separating...
--find a better primal bound 0.15663227826342313 by Alternative descent Eigen
--found a cut state by heuristic 0.15663227826342313 0.05794295884678027 
iteration: 1450,  #states: 2556, valueb: 0.05794295884678027, activeness: 0.15663227826342313, primalobj: 0.9619554073541576, dualobj: -Inf
solve--
end solve-- RelaxOptimal OPTIMAL
 weights_sum: 1.0000000000000004
itereffortlevel: 0
--separating...
--find a better primal bound 0.08228382703930198 by Alternative descent Eigen
--found a cut state by heuristic 0.08228382703930198 0.03537539222216873 
iteration: 1451,  #states: 2557, valueb: 0.03537539222216873, activeness: 0.08228382703930198, primalobj: 0.9619419351244265, dualobj: -Inf
solve--
end solve-- RelaxOptimal OPTIMAL
 weights_sum: 0.9999999999999994
itereffortlevel: 0
--separating...
--find a better primal bound 0.12029632371364506 by Alternative descent Eigen
--found a cut state by heuristic 0.12029632371364506 0.037518697059336824 
iteration: 1452,  #states: 2558, valueb: 0.037518697059336824, activeness: 0.12029632371364506, primalobj: 0.9619374138760025, dualobj: -Inf
solve--
end solve-- RelaxOptimal OPTIMAL
 weights_sum: 0.9999999999999996
itereffortlevel: 0
--separating...
--find a better primal bound 0.07339847246552378 by Alternative descent Eigen
--found a cut state by heuristic 0.07339847246552378 0.03238358782210471 
iteration: 1453,  #states: 2559, valueb: 0.03238358782210471, activeness: 0.07339847246552378, primalobj: 0.9619297832074952, dualobj: -Inf
solve--
end solve-- RelaxOptimal OPTIMAL
 weights_sum: 0.9999999999999996
itereffortlevel: 0
--separating...
--find a better primal bound 0.05639747064171594 by Alternative descent Eigen
--found a cut state by heuristic 0.05639747064171594 0.03005561115685831 
iteration: 1454,  #states: 2560, valueb: 0.03005561115685831, activeness: 0.05639747064171594, primalobj: 0.9619271875623521, dualobj: -Inf
solve--
end solve-- RelaxOptimal OPTIMAL
 weights_sum: 0.9999999999999998
itereffortlevel: 0
--separating...
--find a better primal bound 0.08245052200358882 by Alternative descent Eigen
--found a cut state by heuristic 0.08245052200358882 0.025683881015359483 
iteration: 1455,  #states: 2561, valueb: 0.025683881015359483, activeness: 0.08245052200358882, primalobj: 0.9619226774701346, dualobj: -Inf
solve--
end solve-- RelaxOptimal OPTIMAL
 weights_sum: 0.9999999999999993
itereffortlevel: 0
--separating...
--find a better primal bound 0.09656054953718995 by Alternative descent Eigen
--found a cut state by heuristic 0.09656054953718995 0.02517136345158064 
iteration: 1456,  #states: 2562, valueb: 0.02517136345158064, activeness: 0.09656054953718995, primalobj: 0.961909960754457, dualobj: -Inf
solve--
end solve-- RelaxOptimal OPTIMAL
 weights_sum: 1.0000000000000007
itereffortlevel: 0
--separating...
--find a better primal bound 0.11102101405938458 by Alternative descent Eigen
--found a cut state by heuristic 0.11102101405938458 0.024183055909728617 
iteration: 1457,  #states: 2563, valueb: 0.024183055909728617, activeness: 0.11102101405938458, primalobj: 0.9618854979180623, dualobj: -Inf
solve--
end solve-- RelaxOptimal OPTIMAL
 weights_sum: 0.9999999999999986
itereffortlevel: 0
--separating...
--find a better primal bound 0.1322079029475369 by Alternative descent Eigen
--found a cut state by heuristic 0.1322079029475369 0.015862721556491627 
iteration: 1458,  #states: 2564, valueb: 0.015862721556491627, activeness: 0.1322079029475369, primalobj: 0.9618684213242527, dualobj: -Inf
solve--
end solve-- RelaxOptimal OPTIMAL
 weights_sum: 1.000000000000001
itereffortlevel: 0
--separating...
--find a better primal bound 0.10001908787405003 by Alternative descent Eigen
--found a cut state by heuristic 0.10001908787405003 0.026058522364150592 
iteration: 1459,  #states: 2565, valueb: 0.026058522364150592, activeness: 0.10001908787405003, primalobj: 0.961852669198382, dualobj: -Inf
solve--
end solve-- RelaxOptimal OPTIMAL
 weights_sum: 1.0000000000000002
itereffortlevel: 0
--separating...
--find a better primal bound 0.11952718868925734 by Alternative descent Eigen
--found a cut state by heuristic 0.11952718868925734 0.06923713706612111 
iteration: 1460,  #states: 2566, valueb: 0.06923713706612111, activeness: 0.11952718868925734, primalobj: 0.9618460618788705, dualobj: -Inf
solve--
end solve-- RelaxOptimal OPTIMAL
 weights_sum: 0.9999999999999997
itereffortlevel: 0
--separating...
--find a better primal bound 0.07956385291454897 by Alternative descent Eigen
--found a cut state by heuristic 0.07956385291454897 0.005807297396383971 
iteration: 1461,  #states: 2567, valueb: 0.005807297396383971, activeness: 0.07956385291454897, primalobj: 0.9618346453921083, dualobj: -Inf
solve--
end solve-- RelaxOptimal OPTIMAL
 weights_sum: 1.0
itereffortlevel: 0
--separating...
--find a better primal bound 0.06161734998519111 by Alternative descent Eigen
--found a cut state by heuristic 0.06161734998519111 0.0157412535597774 
iteration: 1462,  #states: 2568, valueb: 0.0157412535597774, activeness: 0.06161734998519111, primalobj: 0.9618276834727255, dualobj: -Inf
solve--
end solve-- RelaxOptimal OPTIMAL
 weights_sum: 0.9999999999999992
itereffortlevel: 0
--separating...
--find a better primal bound 0.058730934319845364 by Alternative descent Eigen
--found a cut state by heuristic 0.058730934319845364 0.002093550428643512 
iteration: 1463,  #states: 2569, valueb: 0.002093550428643512, activeness: 0.058730934319845364, primalobj: 0.9618205914979939, dualobj: -Inf
solve--
end solve-- RelaxOptimal OPTIMAL
 weights_sum: 1.0000000000000007
itereffortlevel: 0
--separating...
--find a better primal bound 0.0628236739813533 by Alternative descent Eigen
--found a cut state by heuristic 0.0628236739813533 0.0016343516002527423 
iteration: 1464,  #states: 2570, valueb: 0.0016343516002527423, activeness: 0.0628236739813533, primalobj: 0.9618167075696413, dualobj: -Inf
solve--
end solve-- RelaxOptimal OPTIMAL
 weights_sum: 1.0
itereffortlevel: 0
--separating...
--find a better primal bound 0.08833264341127067 by Alternative descent Eigen
--found a cut state by heuristic 0.08833264341127067 0.007522627993945328 
iteration: 1465,  #states: 2571, valueb: 0.007522627993945328, activeness: 0.08833264341127067, primalobj: 0.9618074768684226, dualobj: -Inf
solve--
end solve-- RelaxOptimal OPTIMAL
 weights_sum: 1.0000004497672754
itereffortlevel: 0
--separating...
--find a better primal bound 0.09042987106665307 by Alternative descent Eigen
--found a cut state by heuristic 0.09042987106665307 0.011558220168618403 
iteration: 1466,  #states: 2572, valueb: 0.011558220168618403, activeness: 0.09042987106665307, primalobj: 0.9617993595432685, dualobj: -Inf
solve--
end solve-- RelaxOptimal OPTIMAL
 weights_sum: 1.000000000000001
itereffortlevel: 0
--separating...
--find a better primal bound 0.05729529789497152 by Alternative descent Eigen
--found a cut state by heuristic 0.05729529789497152 0.010546017369309846 
iteration: 1467,  #states: 2573, valueb: 0.010546017369309846, activeness: 0.05729529789497152, primalobj: 0.9617889725317211, dualobj: -Inf
solve--
end solve-- RelaxOptimal OPTIMAL
 weights_sum: 0.9999999999999993
itereffortlevel: 0
--separating...
--find a better primal bound 0.06951263525098422 by Alternative descent Eigen
--found a cut state by heuristic 0.06951263525098422 0.021612047782172187 
iteration: 1468,  #states: 2574, valueb: 0.021612047782172187, activeness: 0.06951263525098422, primalobj: 0.9617821520692205, dualobj: -Inf
solve--
end solve-- RelaxOptimal OPTIMAL
 weights_sum: 1.0000000913408111
itereffortlevel: 0
--separating...
--find a better primal bound 0.11952326598818366 by Alternative descent Eigen
--found a cut state by heuristic 0.11952326598818366 0.018422543809546058 
iteration: 1469,  #states: 2575, valueb: 0.018422543809546058, activeness: 0.11952326598818366, primalobj: 0.9617771234755291, dualobj: -Inf
solve--
end solve-- RelaxOptimal OPTIMAL
 weights_sum: 1.000000000000001
itereffortlevel: 0
--separating...
--find a better primal bound 0.08373102598287865 by Alternative descent Eigen
--found a cut state by heuristic 0.08373102598287865 0.021814407979994895 
iteration: 1470,  #states: 2576, valueb: 0.021814407979994895, activeness: 0.08373102598287865, primalobj: 0.9617670164694806, dualobj: -Inf
solve--
end solve-- RelaxOptimal OPTIMAL
 weights_sum: 0.9999999999999993
itereffortlevel: 0
--separating...
--find a better primal bound 0.10313065742855668 by Alternative descent Eigen
--found a cut state by heuristic 0.10313065742855668 0.022008250298292512 
iteration: 1471,  #states: 2577, valueb: 0.022008250298292512, activeness: 0.10313065742855668, primalobj: 0.9617617630835655, dualobj: -Inf
solve--
end solve-- RelaxOptimal OPTIMAL
 weights_sum: 1.0000000000000007
itereffortlevel: 0
--separating...
--find a better primal bound 0.09834135020296267 by Alternative descent Eigen
--found a cut state by heuristic 0.09834135020296267 0.019664293533522854 
iteration: 1472,  #states: 2578, valueb: 0.019664293533522854, activeness: 0.09834135020296267, primalobj: 0.9617510366601257, dualobj: -Inf
solve--
end solve-- RelaxOptimal OPTIMAL
 weights_sum: 1.0000000000000002
itereffortlevel: 0
--separating...
--find a better primal bound 0.13764761422450542 by Alternative descent Eigen
--found a cut state by heuristic 0.13764761422450542 0.020106853735154574 
iteration: 1473,  #states: 2579, valueb: 0.020106853735154574, activeness: 0.13764761422450542, primalobj: 0.9617420170183855, dualobj: -Inf
solve--
end solve-- RelaxOptimal OPTIMAL
 weights_sum: 1.0000001688065838
itereffortlevel: 0
--separating...
--find a better primal bound 0.06465004220935688 by Alternative descent Eigen
--found a cut state by heuristic 0.06465004220935688 0.014428624828751924 
iteration: 1474,  #states: 2580, valueb: 0.014428624828751924, activeness: 0.06465004220935688, primalobj: 0.9617285720211999, dualobj: -Inf
solve--
end solve-- RelaxOptimal OPTIMAL
 weights_sum: 1.000000040439947
itereffortlevel: 0
--separating...
--find a better primal bound 0.06764940735272822 by Alternative descent Eigen
--found a cut state by heuristic 0.06764940735272822 0.008907564211727921 
iteration: 1475,  #states: 2581, valueb: 0.008907564211727921, activeness: 0.06764940735272822, primalobj: 0.9617143376477799, dualobj: -Inf
solve--
end solve-- RelaxOptimal OPTIMAL
 weights_sum: 1.0000000000000007
itereffortlevel: 0
--separating...
--find a better primal bound 0.06095395422903963 by Alternative descent Eigen
--found a cut state by heuristic 0.06095395422903963 0.0324934973998967 
iteration: 1476,  #states: 2582, valueb: 0.0324934973998967, activeness: 0.06095395422903963, primalobj: 0.9617039938817885, dualobj: -Inf
solve--
end solve-- RelaxOptimal OPTIMAL
 weights_sum: 1.0000004301162915
itereffortlevel: 0
--separating...
--find a better primal bound 0.12139583631261172 by Alternative descent Eigen
--found a cut state by heuristic 0.12139583631261172 0.030383322344691946 
iteration: 1477,  #states: 2583, valueb: 0.030383322344691946, activeness: 0.12139583631261172, primalobj: 0.9616967850817738, dualobj: -Inf
solve--
end solve-- RelaxOptimal OPTIMAL
 weights_sum: 1.0000005357409447
itereffortlevel: 0
--separating...
--find a better primal bound 0.1360126351824427 by Alternative descent Eigen
--found a cut state by heuristic 0.1360126351824427 0.021704973364971875 
iteration: 1478,  #states: 2584, valueb: 0.021704973364971875, activeness: 0.1360126351824427, primalobj: 0.961687030518287, dualobj: -Inf
solve--
end solve-- RelaxOptimal OPTIMAL
 weights_sum: 0.9999999999999991
itereffortlevel: 0
--separating...
--find a better primal bound 0.12680154138941802 by Alternative descent Eigen
--found a cut state by heuristic 0.12680154138941802 0.04311832882214116 
iteration: 1479,  #states: 2585, valueb: 0.04311832882214116, activeness: 0.12680154138941802, primalobj: 0.9616761861022282, dualobj: -Inf
solve--
end solve-- RelaxOptimal OPTIMAL
 weights_sum: 1.0000005988145195
itereffortlevel: 0
--separating...
--find a better primal bound 0.13562238157433998 by Alternative descent Eigen
--found a cut state by heuristic 0.13562238157433998 0.05880394317333586 
iteration: 1480,  #states: 2586, valueb: 0.05880394317333586, activeness: 0.13562238157433998, primalobj: 0.9616674504496369, dualobj: -Inf
solve--
end solve-- RelaxOptimal OPTIMAL
 weights_sum: 1.0000000000000002
itereffortlevel: 0
--separating...
--find a better primal bound 0.1342228568715547 by Alternative descent Eigen
--found a cut state by heuristic 0.1342228568715547 0.058092553522743534 
iteration: 1481,  #states: 2587, valueb: 0.058092553522743534, activeness: 0.1342228568715547, primalobj: 0.9616596782912925, dualobj: -Inf
solve--
end solve-- RelaxOptimal OPTIMAL
 weights_sum: 1.0000000000000007
itereffortlevel: 0
--separating...
--find a better primal bound 0.07381495589991223 by Alternative descent Eigen
--found a cut state by heuristic 0.07381495589991223 0.03584129811889288 
iteration: 1482,  #states: 2588, valueb: 0.03584129811889288, activeness: 0.07381495589991223, primalobj: 0.9616503883449036, dualobj: -Inf
solve--
end solve-- RelaxOptimal OPTIMAL
 weights_sum: 1.0000000000000007
itereffortlevel: 0
--separating...
--find a better primal bound 0.15235665103286616 by Alternative descent Eigen
--found a cut state by heuristic 0.15235665103286616 0.04121930544402075 
iteration: 1483,  #states: 2589, valueb: 0.04121930544402075, activeness: 0.15235665103286616, primalobj: 0.9616477905184694, dualobj: -Inf
solve--
end solve-- RelaxOptimal OPTIMAL
 weights_sum: 1.0000000000000007
itereffortlevel: 0
--separating...
--find a better primal bound 0.10839462196120359 by Alternative descent Eigen
--found a cut state by heuristic 0.10839462196120359 0.04938843289360393 
iteration: 1484,  #states: 2590, valueb: 0.04938843289360393, activeness: 0.10839462196120359, primalobj: 0.9616371326989541, dualobj: -Inf
solve--
end solve-- RelaxOptimal OPTIMAL
 weights_sum: 1.0
itereffortlevel: 0
--separating...
--find a better primal bound 0.11441307624492728 by Alternative descent Eigen
--found a cut state by heuristic 0.11441307624492728 0.040437510053442066 
iteration: 1485,  #states: 2591, valueb: 0.040437510053442066, activeness: 0.11441307624492728, primalobj: 0.9616269538459978, dualobj: -Inf
solve--
end solve-- RelaxOptimal OPTIMAL
 weights_sum: 1.0000000000000002
itereffortlevel: 0
--separating...
--find a better primal bound 0.09335742267038269 by Alternative descent Eigen
--found a cut state by heuristic 0.09335742267038269 0.0527145650796501 
iteration: 1486,  #states: 2592, valueb: 0.0527145650796501, activeness: 0.09335742267038269, primalobj: 0.9616218679735397, dualobj: -Inf
solve--
end solve-- RelaxOptimal OPTIMAL
 weights_sum: 1.000000000000001
itereffortlevel: 0
--separating...
--find a better primal bound 0.18058119000356143 by Alternative descent Eigen
--found a cut state by heuristic 0.18058119000356143 0.04366724079333428 
iteration: 1487,  #states: 2593, valueb: 0.04366724079333428, activeness: 0.18058119000356143, primalobj: 0.9616164467729017, dualobj: -Inf
solve--
end solve-- RelaxOptimal OPTIMAL
 weights_sum: 1.0000001721660787
itereffortlevel: 0
--separating...
--find a better primal bound 0.0638205650490503 by Alternative descent Eigen
--found a cut state by heuristic 0.0638205650490503 0.040700893386536895 
iteration: 1488,  #states: 2594, valueb: 0.040700893386536895, activeness: 0.0638205650490503, primalobj: 0.9616011875652025, dualobj: -Inf
solve--
end solve-- RelaxOptimal OPTIMAL
 weights_sum: 1.0000000000000007
itereffortlevel: 0
--separating...
--find a better primal bound 0.16179634732011336 by Alternative descent Eigen
--found a cut state by heuristic 0.16179634732011336 0.05403538089362184 
iteration: 1489,  #states: 2595, valueb: 0.05403538089362184, activeness: 0.16179634732011336, primalobj: 0.9615934602818286, dualobj: -Inf
solve--
end solve-- RelaxOptimal OPTIMAL
 weights_sum: 1.0000000000000002
itereffortlevel: 0
--separating...
--find a better primal bound 0.1449392286897871 by Alternative descent Eigen
--found a cut state by heuristic 0.1449392286897871 0.0629425389074836 
iteration: 1490,  #states: 2596, valueb: 0.0629425389074836, activeness: 0.1449392286897871, primalobj: 0.961577099690643, dualobj: -Inf
solve--
end solve-- RelaxOptimal OPTIMAL
 weights_sum: 0.9999999999999991
itereffortlevel: 0
--separating...
--find a better primal bound 0.13373016400732216 by Alternative descent Eigen
--found a cut state by heuristic 0.13373016400732216 0.06447821264710504 
iteration: 1491,  #states: 2597, valueb: 0.06447821264710504, activeness: 0.13373016400732216, primalobj: 0.9615641454820248, dualobj: -Inf
solve--
end solve-- RelaxOptimal OPTIMAL
 weights_sum: 1.0000000000000009
itereffortlevel: 0
--separating...
--find a better primal bound 0.1378043339247489 by Alternative descent Eigen
--found a cut state by heuristic 0.1378043339247489 0.06243578536126609 
iteration: 1492,  #states: 2598, valueb: 0.06243578536126609, activeness: 0.1378043339247489, primalobj: 0.9615587748809368, dualobj: -Inf
solve--
end solve-- RelaxOptimal OPTIMAL
 weights_sum: 0.9999999999999989
itereffortlevel: 0
--separating...
--find a better primal bound 0.11983826109379173 by Alternative descent Eigen
--found a cut state by heuristic 0.11983826109379173 0.08049426828592307 
iteration: 1493,  #states: 2599, valueb: 0.08049426828592307, activeness: 0.11983826109379173, primalobj: 0.9615511516665951, dualobj: -Inf
solve--
end solve-- RelaxOptimal OPTIMAL
 weights_sum: 0.9999999999999997
itereffortlevel: 0
--separating...
--find a better primal bound 0.09816703755717876 by Alternative descent Eigen
--found a cut state by heuristic 0.09816703755717876 0.06939069877160736 
iteration: 1494,  #states: 2600, valueb: 0.06939069877160736, activeness: 0.09816703755717876, primalobj: 0.9615480749001586, dualobj: -Inf
solve--
end solve-- RelaxOptimal OPTIMAL
 weights_sum: 1.0000000000000009
itereffortlevel: 0
--separating...
--find a better primal bound 0.11443720775075998 by Alternative descent Eigen
--found a cut state by heuristic 0.11443720775075998 0.046595454519831825 
iteration: 1495,  #states: 2601, valueb: 0.046595454519831825, activeness: 0.11443720775075998, primalobj: 0.9615453389693119, dualobj: -Inf
solve--
end solve-- RelaxOptimal OPTIMAL
 weights_sum: 1.000000240357337
itereffortlevel: 0
--separating...
--find a better primal bound 0.13211599650988762 by Alternative descent Eigen
--found a cut state by heuristic 0.13211599650988762 0.036598349822664356 
iteration: 1496,  #states: 2602, valueb: 0.036598349822664356, activeness: 0.13211599650988762, primalobj: 0.9615305507230711, dualobj: -Inf
solve--
end solve-- RelaxOptimal OPTIMAL
 weights_sum: 0.9999999999999993
itereffortlevel: 0
--separating...
--find a better primal bound 0.06391838485363308 by Alternative descent Eigen
--found a cut state by heuristic 0.06391838485363308 0.024424001232221104 
iteration: 1497,  #states: 2603, valueb: 0.024424001232221104, activeness: 0.06391838485363308, primalobj: 0.9615188367566173, dualobj: -Inf
solve--
end solve-- RelaxOptimal OPTIMAL
 weights_sum: 1.0000000000000002
itereffortlevel: 0
--separating...
--find a better primal bound 0.10050489046566519 by Alternative descent Eigen
--found a cut state by heuristic 0.10050489046566519 0.058938688053912336 
iteration: 1498,  #states: 2604, valueb: 0.058938688053912336, activeness: 0.10050489046566519, primalobj: 0.9615136654033625, dualobj: -Inf
solve--
end solve-- RelaxOptimal OPTIMAL
 weights_sum: 1.0000000000000004
itereffortlevel: 0
--separating...
--find a better primal bound 0.1346167443230825 by Alternative descent Eigen
--found a cut state by heuristic 0.1346167443230825 0.044862403713227805 
iteration: 1499,  #states: 2605, valueb: 0.044862403713227805, activeness: 0.1346167443230825, primalobj: 0.9615103250772262, dualobj: -Inf
solve--
end solve-- RelaxOptimal OPTIMAL
 weights_sum: 0.9999999999999987
itereffortlevel: 0
--separating...
--find a better primal bound 0.12346144033068114 by Alternative descent Eigen
--found a cut state by heuristic 0.12346144033068114 0.0662686672221416 
iteration: 1500,  #states: 2606, valueb: 0.0662686672221416, activeness: 0.12346144033068114, primalobj: 0.9615053833589631, dualobj: -Inf
solve--
end solve-- RelaxOptimal OPTIMAL
 weights_sum: 0.9999999999999997
itereffortlevel: 0
--separating...
--find a better primal bound 0.0634855017045399 by Alternative descent Eigen
--found a cut state by heuristic 0.0634855017045399 0.03775174086916985 
iteration: 1501,  #states: 2607, valueb: 0.03775174086916985, activeness: 0.0634855017045399, primalobj: 0.9614992962572093, dualobj: -Inf
solve--
end solve-- RelaxOptimal OPTIMAL
 weights_sum: 0.9999999999999993
itereffortlevel: 0
--separating...
--find a better primal bound 0.11033491418025262 by Alternative descent Eigen
--found a cut state by heuristic 0.11033491418025262 0.03811971193140885 
iteration: 1502,  #states: 2608, valueb: 0.03811971193140885, activeness: 0.11033491418025262, primalobj: 0.9614937896233965, dualobj: -Inf
solve--
end solve-- RelaxOptimal OPTIMAL
 weights_sum: 1.0000000000000007
itereffortlevel: 0
--separating...
--find a better primal bound 0.11606185874024914 by Alternative descent Eigen
--found a cut state by heuristic 0.11606185874024914 0.04434276758051153 
iteration: 1503,  #states: 2609, valueb: 0.04434276758051153, activeness: 0.11606185874024914, primalobj: 0.9614909228727747, dualobj: -Inf
solve--
end solve-- RelaxOptimal OPTIMAL
 weights_sum: 0.9999999999999992
itereffortlevel: 0
--separating...
--find a better primal bound 0.1440740323381957 by Alternative descent Eigen
--found a cut state by heuristic 0.1440740323381957 0.060351285367664854 
iteration: 1504,  #states: 2610, valueb: 0.060351285367664854, activeness: 0.1440740323381957, primalobj: 0.96148486877795, dualobj: -Inf
solve--
end solve-- RelaxOptimal OPTIMAL
 weights_sum: 1.000000000000001
itereffortlevel: 0
--separating...
--find a better primal bound 0.1385470666270659 by Alternative descent Eigen
--found a cut state by heuristic 0.1385470666270659 0.03267546507321498 
iteration: 1505,  #states: 2611, valueb: 0.03267546507321498, activeness: 0.1385470666270659, primalobj: 0.9614792357787303, dualobj: -Inf
solve--
end solve-- RelaxOptimal OPTIMAL
 weights_sum: 1.0000000000000004
itereffortlevel: 0
--separating...
--find a better primal bound 0.10426856547667451 by Alternative descent Eigen
--found a cut state by heuristic 0.10426856547667451 0.046637833041355214 
iteration: 1506,  #states: 2612, valueb: 0.046637833041355214, activeness: 0.10426856547667451, primalobj: 0.9614698320671775, dualobj: -Inf
solve--
end solve-- RelaxOptimal OPTIMAL
 weights_sum: 1.0
itereffortlevel: 0
--separating...
--find a better primal bound 0.13658087773645608 by Alternative descent Eigen
--found a cut state by heuristic 0.13658087773645608 0.034150615492034575 
iteration: 1507,  #states: 2613, valueb: 0.034150615492034575, activeness: 0.13658087773645608, primalobj: 0.9614655545473716, dualobj: -Inf
solve--
end solve-- RelaxOptimal OPTIMAL
 weights_sum: 1.0000026067150432
itereffortlevel: 0
--separating...
--find a better primal bound 0.09159065517812705 by Alternative descent Eigen
--found a cut state by heuristic 0.09159065517812705 0.052794305084823696 
iteration: 1508,  #states: 2614, valueb: 0.052794305084823696, activeness: 0.09159065517812705, primalobj: 0.9614584843700036, dualobj: -Inf
solve--
end solve-- RelaxOptimal OPTIMAL
 weights_sum: 0.9999999999999986
itereffortlevel: 0
--separating...
--find a better primal bound 0.10256985681716067 by Alternative descent Eigen
--found a cut state by heuristic 0.10256985681716067 0.048133639705248726 
iteration: 1509,  #states: 2615, valueb: 0.048133639705248726, activeness: 0.10256985681716067, primalobj: 0.9614508396668707, dualobj: -Inf
solve--
end solve-- RelaxOptimal OPTIMAL
 weights_sum: 1.0000007084701816
itereffortlevel: 0
--separating...
--find a better primal bound 0.1262270409903518 by Alternative descent Eigen
--found a cut state by heuristic 0.1262270409903518 0.04583087995248319 
iteration: 1510,  #states: 2616, valueb: 0.04583087995248319, activeness: 0.1262270409903518, primalobj: 0.9614405146821112, dualobj: -Inf
solve--
end solve-- RelaxOptimal OPTIMAL
 weights_sum: 1.0000001784387855
itereffortlevel: 0
--separating...
--find a better primal bound 0.1602778290735266 by Alternative descent Eigen
--found a cut state by heuristic 0.1602778290735266 0.0415866685010609 
iteration: 1511,  #states: 2617, valueb: 0.0415866685010609, activeness: 0.1602778290735266, primalobj: 0.9614268851688786, dualobj: -Inf
solve--
end solve-- RelaxOptimal OPTIMAL
 weights_sum: 1.0000000000000013
itereffortlevel: 0
--separating...
--find a better primal bound 0.05233494557257382 by Alternative descent Eigen
--found a cut state by heuristic 0.05233494557257382 0.018709391782866933 
iteration: 1512,  #states: 2618, valueb: 0.018709391782866933, activeness: 0.05233494557257382, primalobj: 0.9613961023668647, dualobj: -Inf
solve--
end solve-- RelaxOptimal OPTIMAL
 weights_sum: 0.9999999999999991
itereffortlevel: 0
--separating...
--find a better primal bound 0.0906941453494014 by Alternative descent Eigen
--found a cut state by heuristic 0.0906941453494014 0.02296685790505934 
iteration: 1513,  #states: 2619, valueb: 0.02296685790505934, activeness: 0.0906941453494014, primalobj: 0.9613909769325094, dualobj: -Inf
solve--
end solve-- RelaxOptimal OPTIMAL
 weights_sum: 0.9999999999999998
itereffortlevel: 0
--separating...
--find a better primal bound 0.16255704703241666 by Alternative descent Eigen
--found a cut state by heuristic 0.16255704703241666 0.030052628984247147 
iteration: 1514,  #states: 2620, valueb: 0.030052628984247147, activeness: 0.16255704703241666, primalobj: 0.96138116554801, dualobj: -Inf
solve--
end solve-- RelaxOptimal OPTIMAL
 weights_sum: 1.0000006535428447
itereffortlevel: 0
--separating...
--find a better primal bound 0.10882716915167992 by Alternative descent Eigen
--found a cut state by heuristic 0.10882716915167992 0.030124936791251115 
iteration: 1515,  #states: 2621, valueb: 0.030124936791251115, activeness: 0.10882716915167992, primalobj: 0.961369120348855, dualobj: -Inf
solve--
end solve-- RelaxOptimal OPTIMAL
 weights_sum: 1.0000000000000004
itereffortlevel: 0
--separating...
--find a better primal bound 0.14100136353639026 by Alternative descent Eigen
--found a cut state by heuristic 0.14100136353639026 0.0499206922294497 
iteration: 1516,  #states: 2622, valueb: 0.0499206922294497, activeness: 0.14100136353639026, primalobj: 0.9613631703886987, dualobj: -Inf
solve--
end solve-- RelaxOptimal OPTIMAL
 weights_sum: 0.9999999999999991
itereffortlevel: 0
--separating...
--find a better primal bound 0.1644337415322964 by Alternative descent Eigen
--found a cut state by heuristic 0.1644337415322964 0.0645267615143481 
iteration: 1517,  #states: 2623, valueb: 0.0645267615143481, activeness: 0.1644337415322964, primalobj: 0.9613440601882917, dualobj: -Inf
solve--
end solve-- RelaxOptimal OPTIMAL
 weights_sum: 1.0000000000000007
itereffortlevel: 0
--separating...
--find a better primal bound 0.17296283302028187 by Alternative descent Eigen
--found a cut state by heuristic 0.17296283302028187 0.05717415339783141 
iteration: 1518,  #states: 2624, valueb: 0.05717415339783141, activeness: 0.17296283302028187, primalobj: 0.9613207321154645, dualobj: -Inf
solve--
end solve-- RelaxOptimal OPTIMAL
 weights_sum: 1.0000000000000002
itereffortlevel: 0
--separating...
--find a better primal bound 0.1527138870307276 by Alternative descent Eigen
--found a cut state by heuristic 0.1527138870307276 0.08481203051306666 
iteration: 1519,  #states: 2625, valueb: 0.08481203051306666, activeness: 0.1527138870307276, primalobj: 0.9612895731825736, dualobj: -Inf
solve--
end solve-- RelaxOptimal OPTIMAL
 weights_sum: 1.0000000000000002
itereffortlevel: 0
--separating...
--find a better primal bound 0.16556801377344788 by Alternative descent Eigen
--found a cut state by heuristic 0.16556801377344788 0.0847661612289992 
iteration: 1520,  #states: 2626, valueb: 0.0847661612289992, activeness: 0.16556801377344788, primalobj: 0.9612650929369858, dualobj: -Inf
solve--
end solve-- RelaxOptimal OPTIMAL
 weights_sum: 1.0000000000000002
itereffortlevel: 0
--separating...
--find a better primal bound 0.17415350318388068 by Alternative descent Eigen
--found a cut state by heuristic 0.17415350318388068 0.09141833094809028 
iteration: 1521,  #states: 2627, valueb: 0.09141833094809028, activeness: 0.17415350318388068, primalobj: 0.9612394274041881, dualobj: -Inf
solve--
end solve-- RelaxOptimal OPTIMAL
 weights_sum: 0.9999999999999991
itereffortlevel: 0
--separating...
--find a better primal bound 0.2037037718278672 by Alternative descent Eigen
--found a cut state by heuristic 0.2037037718278672 0.09149678431407215 
iteration: 1522,  #states: 2628, valueb: 0.09149678431407215, activeness: 0.2037037718278672, primalobj: 0.9612169626181621, dualobj: -Inf
solve--
end solve-- RelaxOptimal OPTIMAL
 weights_sum: 0.9999999999999992
itereffortlevel: 0
--separating...
--find a better primal bound 0.1581052952035187 by Alternative descent Eigen
--found a cut state by heuristic 0.1581052952035187 0.09741681778168036 
iteration: 1523,  #states: 2629, valueb: 0.09741681778168036, activeness: 0.1581052952035187, primalobj: 0.9611992647661368, dualobj: -Inf
solve--
end solve-- RelaxOptimal OPTIMAL
 weights_sum: 1.0000000000000002
itereffortlevel: 0
--separating...
--find a better primal bound 0.18445289440032786 by Alternative descent Eigen
--found a cut state by heuristic 0.18445289440032786 0.10612281370921063 
iteration: 1524,  #states: 2630, valueb: 0.10612281370921063, activeness: 0.18445289440032786, primalobj: 0.9611853935073282, dualobj: -Inf
solve--
end solve-- RelaxOptimal OPTIMAL
 weights_sum: 0.9999999999999994
itereffortlevel: 0
--separating...
--find a better primal bound 0.16209860708016322 by Alternative descent Eigen
--found a cut state by heuristic 0.16209860708016322 0.085936291516319 
iteration: 1525,  #states: 2631, valueb: 0.085936291516319, activeness: 0.16209860708016322, primalobj: 0.9611787096229498, dualobj: -Inf
solve--
end solve-- RelaxOptimal OPTIMAL
 weights_sum: 1.0000000000000004
itereffortlevel: 0
--separating...
--find a better primal bound 0.0698829336642234 by Alternative descent Eigen
--found a cut state by heuristic 0.0698829336642234 0.02854416760438387 
iteration: 1526,  #states: 2632, valueb: 0.02854416760438387, activeness: 0.0698829336642234, primalobj: 0.9611673107390915, dualobj: -Inf
solve--
end solve-- RelaxOptimal OPTIMAL
 weights_sum: 1.0000006114365863
itereffortlevel: 0
--separating...
--find a better primal bound 0.19648051101288655 by Alternative descent Eigen
--found a cut state by heuristic 0.19648051101288655 0.09890451110226883 
iteration: 1527,  #states: 2633, valueb: 0.09890451110226883, activeness: 0.19648051101288655, primalobj: 0.9611588996243419, dualobj: -Inf
solve--
end solve-- RelaxOptimal OPTIMAL
 weights_sum: 0.9999999999999998
itereffortlevel: 0
--separating...
--find a better primal bound 0.21621798637227552 by Alternative descent Eigen
--found a cut state by heuristic 0.21621798637227552 0.10579024316492566 
iteration: 1528,  #states: 2634, valueb: 0.10579024316492566, activeness: 0.21621798637227552, primalobj: 0.9611492795312728, dualobj: -Inf
solve--
end solve-- RelaxOptimal OPTIMAL
 weights_sum: 1.0
itereffortlevel: 0
--separating...
--find a better primal bound 0.19808228855912524 by Alternative descent Eigen
--found a cut state by heuristic 0.19808228855912524 0.11008963056027285 
iteration: 1529,  #states: 2635, valueb: 0.11008963056027285, activeness: 0.19808228855912524, primalobj: 0.9611365887347731, dualobj: -Inf
solve--
end solve-- RelaxOptimal OPTIMAL
 weights_sum: 0.9999999999999992
itereffortlevel: 0
--separating...
--find a better primal bound 0.1984914768324593 by Alternative descent Eigen
--found a cut state by heuristic 0.1984914768324593 0.11523253483778596 
iteration: 1530,  #states: 2636, valueb: 0.11523253483778596, activeness: 0.1984914768324593, primalobj: 0.9611156072924777, dualobj: -Inf
solve--
end solve-- RelaxOptimal OPTIMAL
 weights_sum: 0.9999999999999991
itereffortlevel: 0
--separating...
--find a better primal bound 0.1608659562740203 by Alternative descent Eigen
--found a cut state by heuristic 0.1608659562740203 0.09603519383103684 
iteration: 1531,  #states: 2637, valueb: 0.09603519383103684, activeness: 0.1608659562740203, primalobj: 0.9611094213701643, dualobj: -Inf
solve--
end solve-- RelaxOptimal OPTIMAL
 weights_sum: 1.0000000234286706
itereffortlevel: 0
--separating...
--find a better primal bound 0.10847276559451088 by Alternative descent Eigen
--found a cut state by heuristic 0.10847276559451088 0.07911651121154735 
iteration: 1532,  #states: 2638, valueb: 0.07911651121154735, activeness: 0.10847276559451088, primalobj: 0.9610987861907292, dualobj: -Inf
solve--
end solve-- RelaxOptimal OPTIMAL
 weights_sum: 1.0000000000000007
itereffortlevel: 0
--separating...
--find a better primal bound 0.11330515152202067 by Alternative descent Eigen
--found a cut state by heuristic 0.11330515152202067 0.09369334988558393 
iteration: 1533,  #states: 2639, valueb: 0.09369334988558393, activeness: 0.11330515152202067, primalobj: 0.9610924356521274, dualobj: -Inf
solve--
end solve-- RelaxOptimal OPTIMAL
 weights_sum: 1.0000054862338064
itereffortlevel: 0
--separating...
--find a better primal bound 0.11004629586125658 by Alternative descent Eigen
--found a cut state by heuristic 0.11004629586125658 0.08589987501530773 
iteration: 1534,  #states: 2640, valueb: 0.08589987501530773, activeness: 0.11004629586125658, primalobj: 0.961089206282345, dualobj: -Inf
solve--
end solve-- RelaxOptimal OPTIMAL
 weights_sum: 1.0000000000000004
itereffortlevel: 0
--separating...
--find a better primal bound 0.14790810005220076 by Alternative descent Eigen
--found a cut state by heuristic 0.14790810005220076 0.08456051275339298 
iteration: 1535,  #states: 2641, valueb: 0.08456051275339298, activeness: 0.14790810005220076, primalobj: 0.9610846678428563, dualobj: -Inf
solve--
end solve-- RelaxOptimal OPTIMAL
 weights_sum: 0.999999999999999
itereffortlevel: 0
--separating...
--find a better primal bound 0.1095482250889042 by Alternative descent Eigen
--found a cut state by heuristic 0.1095482250889042 0.08824755324466908 
iteration: 1536,  #states: 2642, valueb: 0.08824755324466908, activeness: 0.1095482250889042, primalobj: 0.9610786978524334, dualobj: -Inf
solve--
end solve-- RelaxOptimal OPTIMAL
 weights_sum: 1.0000003381275986
itereffortlevel: 0
--separating...
--find a better primal bound 0.1949836021578869 by Alternative descent Eigen
--found a cut state by heuristic 0.1949836021578869 0.10203110280633859 
iteration: 1537,  #states: 2643, valueb: 0.10203110280633859, activeness: 0.1949836021578869, primalobj: 0.9610761062285238, dualobj: -Inf
solve--
end solve-- RelaxOptimal OPTIMAL
 weights_sum: 1.0000000000000009
itereffortlevel: 0
--separating...
--find a better primal bound 0.22480274722576332 by Alternative descent Eigen
--found a cut state by heuristic 0.22480274722576332 0.11414982174123245 
iteration: 1538,  #states: 2644, valueb: 0.11414982174123245, activeness: 0.22480274722576332, primalobj: 0.9610715244949606, dualobj: -Inf
solve--
end solve-- RelaxOptimal OPTIMAL
 weights_sum: 0.9999999999999998
itereffortlevel: 0
--separating...
--find a better primal bound 0.22726609480231147 by Alternative descent Eigen
--found a cut state by heuristic 0.22726609480231147 0.10279144079771636 
iteration: 1539,  #states: 2645, valueb: 0.10279144079771636, activeness: 0.22726609480231147, primalobj: 0.9610547613183713, dualobj: -Inf
solve--
end solve-- RelaxOptimal OPTIMAL
 weights_sum: 1.0
itereffortlevel: 0
--separating...
--find a better primal bound 0.1693781864300986 by Alternative descent Eigen
--found a cut state by heuristic 0.1693781864300986 0.10608157331334528 
iteration: 1540,  #states: 2646, valueb: 0.10608157331334528, activeness: 0.1693781864300986, primalobj: 0.9610451488944753, dualobj: -Inf
solve--
end solve-- RelaxOptimal OPTIMAL
 weights_sum: 1.0000000162579339
itereffortlevel: 0
--separating...
--find a better primal bound 0.16522597899965302 by Alternative descent Eigen
--found a cut state by heuristic 0.16522597899965302 0.08646445528895276 
iteration: 1541,  #states: 2647, valueb: 0.08646445528895276, activeness: 0.16522597899965302, primalobj: 0.9610378574894207, dualobj: -Inf
solve--
end solve-- RelaxOptimal OPTIMAL
 weights_sum: 1.0000001637871174
itereffortlevel: 0
--separating...
--find a better primal bound 0.18211651315658414 by Alternative descent Eigen
--found a cut state by heuristic 0.18211651315658414 0.07609222879686926 
iteration: 1542,  #states: 2648, valueb: 0.07609222879686926, activeness: 0.18211651315658414, primalobj: 0.9610316329595787, dualobj: -Inf
solve--
end solve-- RelaxOptimal OPTIMAL
 weights_sum: 1.0000000000000004
itereffortlevel: 0
--separating...
--find a better primal bound 0.13341324648760172 by Alternative descent Eigen
--found a cut state by heuristic 0.13341324648760172 0.07707518233816614 
iteration: 1543,  #states: 2649, valueb: 0.07707518233816614, activeness: 0.13341324648760172, primalobj: 0.9610200456893024, dualobj: -Inf
solve--
end solve-- RelaxOptimal OPTIMAL
 weights_sum: 0.9999999999999993
itereffortlevel: 0
--separating...
--find a better primal bound 0.12123807006947258 by Alternative descent Eigen
--found a cut state by heuristic 0.12123807006947258 0.04722966064219771 
iteration: 1544,  #states: 2650, valueb: 0.04722966064219771, activeness: 0.12123807006947258, primalobj: 0.9610141667101632, dualobj: -Inf
solve--
end solve-- RelaxOptimal OPTIMAL
 weights_sum: 1.0000000000000009
itereffortlevel: 0
--separating...
--find a better primal bound 0.11801960390746971 by Alternative descent Eigen
--found a cut state by heuristic 0.11801960390746971 0.04788191664933982 
iteration: 1545,  #states: 2651, valueb: 0.04788191664933982, activeness: 0.11801960390746971, primalobj: 0.9609975211803797, dualobj: -Inf
solve--
end solve-- RelaxOptimal OPTIMAL
 weights_sum: 1.0000000000000004
itereffortlevel: 0
--separating...
--find a better primal bound 0.15201775154692848 by Alternative descent Eigen
--found a cut state by heuristic 0.15201775154692848 0.06695923200329704 
iteration: 1546,  #states: 2652, valueb: 0.06695923200329704, activeness: 0.15201775154692848, primalobj: 0.9609907640929419, dualobj: -Inf
solve--
end solve-- RelaxOptimal OPTIMAL
 weights_sum: 1.0000001070549012
itereffortlevel: 0
--separating...
--find a better primal bound 0.06799251513985582 by Alternative descent Eigen
--found a cut state by heuristic 0.06799251513985582 0.04902132115485459 
iteration: 1547,  #states: 2653, valueb: 0.04902132115485459, activeness: 0.06799251513985582, primalobj: 0.9609803792602555, dualobj: -Inf
solve--
end solve-- RelaxOptimal OPTIMAL
 weights_sum: 0.9999999999999996
itereffortlevel: 0
--separating...
--find a better primal bound 0.08467113027370325 by Alternative descent Eigen
--found a cut state by heuristic 0.08467113027370325 0.06687025186490161 
iteration: 1548,  #states: 2654, valueb: 0.06687025186490161, activeness: 0.08467113027370325, primalobj: 0.9609771842470076, dualobj: -Inf
solve--
end solve-- RelaxOptimal OPTIMAL
 weights_sum: 1.0000000000000002
itereffortlevel: 0
--separating...
--find a better primal bound 0.13794759494861922 by Alternative descent Eigen
--found a cut state by heuristic 0.13794759494861922 0.0698367392525001 
iteration: 1549,  #states: 2655, valueb: 0.0698367392525001, activeness: 0.13794759494861922, primalobj: 0.9609749897097555, dualobj: -Inf
solve--
end solve-- RelaxOptimal OPTIMAL
 weights_sum: 1.0000000000000009
itereffortlevel: 0
--separating...
--find a better primal bound 0.2122217340491867 by Alternative descent Eigen
--found a cut state by heuristic 0.2122217340491867 0.08924112158732025 
iteration: 1550,  #states: 2656, valueb: 0.08924112158732025, activeness: 0.2122217340491867, primalobj: 0.9609641475848959, dualobj: -Inf
solve--
end solve-- RelaxOptimal OPTIMAL
 weights_sum: 1.0000000000000004
itereffortlevel: 0
--separating...
--find a better primal bound 0.11657832975094373 by Alternative descent Eigen
--found a cut state by heuristic 0.11657832975094373 0.07731188455070712 
iteration: 1551,  #states: 2657, valueb: 0.07731188455070712, activeness: 0.11657832975094373, primalobj: 0.9609549590050271, dualobj: -Inf
solve--
end solve-- RelaxOptimal OPTIMAL
 weights_sum: 1.0000000000000009
itereffortlevel: 0
--separating...
--find a better primal bound 0.16736027579805965 by Alternative descent Eigen
--found a cut state by heuristic 0.16736027579805965 0.06254570275350947 
iteration: 1552,  #states: 2658, valueb: 0.06254570275350947, activeness: 0.16736027579805965, primalobj: 0.9609508652450321, dualobj: -Inf
solve--
end solve-- RelaxOptimal OPTIMAL
 weights_sum: 1.0000000000000007
itereffortlevel: 0
--separating...
--find a better primal bound 0.07228457755756193 by Alternative descent Eigen
--found a cut state by heuristic 0.07228457755756193 0.0074194022579574855 
iteration: 1553,  #states: 2659, valueb: 0.0074194022579574855, activeness: 0.07228457755756193, primalobj: 0.9609301645062444, dualobj: -Inf
solve--
end solve-- RelaxOptimal OPTIMAL
 weights_sum: 0.9999999999999978
itereffortlevel: 0
--separating...
--find a better primal bound 0.13639699358102045 by Alternative descent Eigen
--found a cut state by heuristic 0.13639699358102045 0.06011679677781801 
iteration: 1554,  #states: 2660, valueb: 0.06011679677781801, activeness: 0.13639699358102045, primalobj: 0.9609217268683808, dualobj: -Inf
solve--
end solve-- RelaxOptimal OPTIMAL
 weights_sum: 1.0000000000000009
itereffortlevel: 0
--separating...
--find a better primal bound 0.10456475476496188 by Alternative descent Eigen
--found a cut state by heuristic 0.10456475476496188 0.03657502309401133 
iteration: 1555,  #states: 2661, valueb: 0.03657502309401133, activeness: 0.10456475476496188, primalobj: 0.9609131870277083, dualobj: -Inf
solve--
end solve-- RelaxOptimal OPTIMAL
 weights_sum: 0.9999999999999994
itereffortlevel: 0
--separating...
--find a better primal bound 0.16578649141121393 by Alternative descent Eigen
--found a cut state by heuristic 0.16578649141121393 0.07850704939835249 
iteration: 1556,  #states: 2662, valueb: 0.07850704939835249, activeness: 0.16578649141121393, primalobj: 0.9609027103971305, dualobj: -Inf
solve--
end solve-- RelaxOptimal OPTIMAL
 weights_sum: 1.0000000000000004
itereffortlevel: 0
--separating...
--find a better primal bound 0.1614043114161096 by Alternative descent Eigen
--found a cut state by heuristic 0.1614043114161096 0.06270844589569764 
iteration: 1557,  #states: 2663, valueb: 0.06270844589569764, activeness: 0.1614043114161096, primalobj: 0.9608914299758249, dualobj: -Inf
solve--
end solve-- RelaxOptimal OPTIMAL
 weights_sum: 1.0000000000000004
itereffortlevel: 0
--separating...
--find a better primal bound 0.11337053564688525 by Alternative descent Eigen
--found a cut state by heuristic 0.11337053564688525 0.0614448563103832 
iteration: 1558,  #states: 2664, valueb: 0.0614448563103832, activeness: 0.11337053564688525, primalobj: 0.9608872276996081, dualobj: -Inf
solve--
end solve-- RelaxOptimal OPTIMAL
 weights_sum: 0.9999999999999988
itereffortlevel: 0
--separating...
--find a better primal bound 0.09122063351626858 by Alternative descent Eigen
--found a cut state by heuristic 0.09122063351626858 0.07428630073757503 
iteration: 1559,  #states: 2665, valueb: 0.07428630073757503, activeness: 0.09122063351626858, primalobj: 0.9608841847571614, dualobj: -Inf
solve--
end solve-- RelaxOptimal OPTIMAL
 weights_sum: 1.0
itereffortlevel: 0
--separating...
--find a better primal bound 0.12399128899371573 by Alternative descent Eigen
--found a cut state by heuristic 0.12399128899371573 0.07649753015975912 
iteration: 1560,  #states: 2666, valueb: 0.07649753015975912, activeness: 0.12399128899371573, primalobj: 0.960880851995857, dualobj: -Inf
solve--
end solve-- RelaxOptimal OPTIMAL
 weights_sum: 0.9999999999999989
itereffortlevel: 0
--separating...
--find a better primal bound 0.08920474413114136 by Alternative descent Eigen
--found a cut state by heuristic 0.08920474413114136 0.07878321073460359 
iteration: 1561,  #states: 2667, valueb: 0.07878321073460359, activeness: 0.08920474413114136, primalobj: 0.9608765653703072, dualobj: -Inf
solve--
end solve-- RelaxOptimal OPTIMAL
 weights_sum: 0.9999999999999996
itereffortlevel: 0
--separating...
--find a better primal bound 0.19142283582021985 by Alternative descent Eigen
--found a cut state by heuristic 0.19142283582021985 0.07547317897267479 
iteration: 1562,  #states: 2668, valueb: 0.07547317897267479, activeness: 0.19142283582021985, primalobj: 0.9608734283051551, dualobj: -Inf
solve--
end solve-- RelaxOptimal OPTIMAL
 weights_sum: 1.0000001549297497
itereffortlevel: 0
--separating...
--find a better primal bound 0.16263930516207398 by Alternative descent Eigen
--found a cut state by heuristic 0.16263930516207398 0.06038419213097301 
iteration: 1563,  #states: 2669, valueb: 0.06038419213097301, activeness: 0.16263930516207398, primalobj: 0.9608583048713802, dualobj: -Inf
solve--
end solve-- RelaxOptimal OPTIMAL
 weights_sum: 1.0000000000000002
itereffortlevel: 0
--separating...
--find a better primal bound 0.1729102347222421 by Alternative descent Eigen
--found a cut state by heuristic 0.1729102347222421 0.07742745059599149 
iteration: 1564,  #states: 2670, valueb: 0.07742745059599149, activeness: 0.1729102347222421, primalobj: 0.9608499628665255, dualobj: -Inf
solve--
end solve-- RelaxOptimal OPTIMAL
 weights_sum: 0.9999999999999996
itereffortlevel: 0
--separating...
--find a better primal bound 0.15258734172834928 by Alternative descent Eigen
--found a cut state by heuristic 0.15258734172834928 0.06626506433807915 
iteration: 1565,  #states: 2671, valueb: 0.06626506433807915, activeness: 0.15258734172834928, primalobj: 0.9608427493328154, dualobj: -Inf
solve--
end solve-- RelaxOptimal OPTIMAL
 weights_sum: 1.0000000000000009
itereffortlevel: 0
--separating...
--find a better primal bound 0.2149578295358173 by Alternative descent Eigen
--found a cut state by heuristic 0.2149578295358173 0.07779750713949572 
iteration: 1566,  #states: 2672, valueb: 0.07779750713949572, activeness: 0.2149578295358173, primalobj: 0.9608218797307622, dualobj: -Inf
solve--
end solve-- RelaxOptimal OPTIMAL
 weights_sum: 0.9999999999999982
itereffortlevel: 0
--separating...
--find a better primal bound 0.14995295436781275 by Alternative descent Eigen
--found a cut state by heuristic 0.14995295436781275 0.06756538331419806 
iteration: 1567,  #states: 2673, valueb: 0.06756538331419806, activeness: 0.14995295436781275, primalobj: 0.960810224216906, dualobj: -Inf
solve--
end solve-- RelaxOptimal OPTIMAL
 weights_sum: 1.0
itereffortlevel: 0
--separating...
--find a better primal bound 0.14912312991480167 by Alternative descent Eigen
--found a cut state by heuristic 0.14912312991480167 0.04686828144479761 
iteration: 1568,  #states: 2674, valueb: 0.04686828144479761, activeness: 0.14912312991480167, primalobj: 0.9607847462304183, dualobj: -Inf
solve--
end solve-- RelaxOptimal OPTIMAL
 weights_sum: 1.0000000000000004
itereffortlevel: 0
--separating...
--find a better primal bound 0.10717678992030209 by Alternative descent Eigen
--found a cut state by heuristic 0.10717678992030209 0.0540428118970738 
iteration: 1569,  #states: 2675, valueb: 0.0540428118970738, activeness: 0.10717678992030209, primalobj: 0.9607716755346402, dualobj: -Inf
solve--
end solve-- RelaxOptimal OPTIMAL
 weights_sum: 0.9999999999999992
itereffortlevel: 0
--separating...
--find a better primal bound 0.15619311935751354 by Alternative descent Eigen
--found a cut state by heuristic 0.15619311935751354 0.05063220498505805 
iteration: 1570,  #states: 2676, valueb: 0.05063220498505805, activeness: 0.15619311935751354, primalobj: 0.9607556958397567, dualobj: -Inf
solve--
end solve-- RelaxOptimal OPTIMAL
 weights_sum: 1.0000000000000004
itereffortlevel: 0
--separating...
--find a better primal bound 0.14831355339999405 by Alternative descent Eigen
--found a cut state by heuristic 0.14831355339999405 0.059874424536949356 
iteration: 1571,  #states: 2677, valueb: 0.059874424536949356, activeness: 0.14831355339999405, primalobj: 0.9607459391666054, dualobj: -Inf
solve--
end solve-- RelaxOptimal OPTIMAL
 weights_sum: 1.0000000000000002
itereffortlevel: 0
--separating...
--find a better primal bound 0.09066465698905002 by Alternative descent Eigen
--found a cut state by heuristic 0.09066465698905002 0.023534017335003918 
iteration: 1572,  #states: 2678, valueb: 0.023534017335003918, activeness: 0.09066465698905002, primalobj: 0.9607362112437403, dualobj: -Inf
solve--
end solve-- RelaxOptimal OPTIMAL
 weights_sum: 0.9999999999999998
itereffortlevel: 0
--separating...
--find a better primal bound 0.10451424597952977 by Alternative descent Eigen
--found a cut state by heuristic 0.10451424597952977 0.021486888456014253 
iteration: 1573,  #states: 2679, valueb: 0.021486888456014253, activeness: 0.10451424597952977, primalobj: 0.9607313421942426, dualobj: -Inf
solve--
end solve-- RelaxOptimal OPTIMAL
 weights_sum: 0.9999999999999987
itereffortlevel: 0
--separating...
--find a better primal bound 0.07383707482902496 by Alternative descent Eigen
--found a cut state by heuristic 0.07383707482902496 0.03850982355850352 
iteration: 1574,  #states: 2680, valueb: 0.03850982355850352, activeness: 0.07383707482902496, primalobj: 0.9607177306251469, dualobj: -Inf
solve--
end solve-- RelaxOptimal OPTIMAL
 weights_sum: 1.0
itereffortlevel: 0
--separating...
--find a better primal bound 0.09616642648247273 by Alternative descent Eigen
--found a cut state by heuristic 0.09616642648247273 0.041315080756159035 
iteration: 1575,  #states: 2681, valueb: 0.041315080756159035, activeness: 0.09616642648247273, primalobj: 0.9607150128166796, dualobj: -Inf
solve--
end solve-- RelaxOptimal OPTIMAL
 weights_sum: 1.0000000000000002
itereffortlevel: 0
--separating...
--find a better primal bound 0.09738854220566591 by Alternative descent Eigen
--found a cut state by heuristic 0.09738854220566591 0.028729915806521383 
iteration: 1576,  #states: 2682, valueb: 0.028729915806521383, activeness: 0.09738854220566591, primalobj: 0.9607103126509599, dualobj: -Inf
solve--
end solve-- RelaxOptimal OPTIMAL
 weights_sum: 1.0000000000000009
itereffortlevel: 0
--separating...
--find a better primal bound 0.07923040862747072 by Alternative descent Eigen
--found a cut state by heuristic 0.07923040862747072 0.004145149163125976 
iteration: 1577,  #states: 2683, valueb: 0.004145149163125976, activeness: 0.07923040862747072, primalobj: 0.9607008480753769, dualobj: -Inf
solve--
end solve-- RelaxOptimal OPTIMAL
 weights_sum: 1.0000000000000002
itereffortlevel: 0
--separating...
--find a better primal bound 0.08844112475659069 by Alternative descent Eigen
--found a cut state by heuristic 0.08844112475659069 0.04954544915683501 
iteration: 1578,  #states: 2684, valueb: 0.04954544915683501, activeness: 0.08844112475659069, primalobj: 0.9606924677547857, dualobj: -Inf
solve--
end solve-- RelaxOptimal OPTIMAL
 weights_sum: 1.0000000227897472
itereffortlevel: 0
--separating...
--find a better primal bound 0.13516742786496513 by Alternative descent Eigen
--found a cut state by heuristic 0.13516742786496513 0.04726601461322866 
iteration: 1579,  #states: 2685, valueb: 0.04726601461322866, activeness: 0.13516742786496513, primalobj: 0.9606899377249281, dualobj: -Inf
solve--
end solve-- RelaxOptimal OPTIMAL
 weights_sum: 1.0000000000000002
itereffortlevel: 0
--separating...
--find a better primal bound 0.09617159200717917 by Alternative descent Eigen
--found a cut state by heuristic 0.09617159200717917 0.06472971777126531 
iteration: 1580,  #states: 2686, valueb: 0.06472971777126531, activeness: 0.09617159200717917, primalobj: 0.9606815152961024, dualobj: -Inf
solve--
end solve-- RelaxOptimal OPTIMAL
 weights_sum: 1.0000000000000004
itereffortlevel: 0
--separating...
--find a better primal bound 0.09568387859627425 by Alternative descent Eigen
--found a cut state by heuristic 0.09568387859627425 0.06167086583382719 
iteration: 1581,  #states: 2687, valueb: 0.06167086583382719, activeness: 0.09568387859627425, primalobj: 0.9606751294438268, dualobj: -Inf
solve--
end solve-- RelaxOptimal OPTIMAL
 weights_sum: 1.0000000000000002
itereffortlevel: 0
--separating...
--find a better primal bound 0.13923613791618647 by Alternative descent Eigen
--found a cut state by heuristic 0.13923613791618647 0.06355570834171517 
iteration: 1582,  #states: 2688, valueb: 0.06355570834171517, activeness: 0.13923613791618647, primalobj: 0.9606690693226567, dualobj: -Inf
solve--
end solve-- RelaxOptimal OPTIMAL
 weights_sum: 0.9999999999999988
itereffortlevel: 0
--separating...
--find a better primal bound 0.06386824792691198 by Alternative descent Eigen
--found a cut state by heuristic 0.06386824792691198 0.04302904661316266 
iteration: 1583,  #states: 2689, valueb: 0.04302904661316266, activeness: 0.06386824792691198, primalobj: 0.9606581311796377, dualobj: -Inf
solve--
end solve-- RelaxOptimal OPTIMAL
 weights_sum: 1.0000000461063063
itereffortlevel: 0
--separating...
--find a better primal bound 0.09251146754078353 by Alternative descent Eigen
--found a cut state by heuristic 0.09251146754078353 0.038458790873183345 
iteration: 1584,  #states: 2690, valueb: 0.038458790873183345, activeness: 0.09251146754078353, primalobj: 0.9606544689740342, dualobj: -Inf
solve--
end solve-- RelaxOptimal OPTIMAL
 weights_sum: 1.0000000000000007
itereffortlevel: 0
--separating...
--find a better primal bound 0.13346100902972946 by Alternative descent Eigen
--found a cut state by heuristic 0.13346100902972946 0.06981510095033604 
iteration: 1585,  #states: 2691, valueb: 0.06981510095033604, activeness: 0.13346100902972946, primalobj: 0.9606345557084046, dualobj: -Inf
solve--
end solve-- RelaxOptimal OPTIMAL
 weights_sum: 0.9999999999999998
itereffortlevel: 0
--separating...
--find a better primal bound 0.13119115593555258 by Alternative descent Eigen
--found a cut state by heuristic 0.13119115593555258 0.05579361803506589 
iteration: 1586,  #states: 2692, valueb: 0.05579361803506589, activeness: 0.13119115593555258, primalobj: 0.9606267366188544, dualobj: -Inf
solve--
end solve-- RelaxOptimal OPTIMAL
 weights_sum: 1.0000002270482804
itereffortlevel: 0
--separating...
--find a better primal bound 0.09065228404351565 by Alternative descent Eigen
--found a cut state by heuristic 0.09065228404351565 0.056415259028682524 
iteration: 1587,  #states: 2693, valueb: 0.056415259028682524, activeness: 0.09065228404351565, primalobj: 0.9606112344068518, dualobj: -Inf
solve--
end solve-- RelaxOptimal OPTIMAL
 weights_sum: 0.9999999999999991
itereffortlevel: 0
--separating...
--find a better primal bound 0.11163145651324394 by Alternative descent Eigen
--found a cut state by heuristic 0.11163145651324394 0.05155773172737333 
iteration: 1588,  #states: 2694, valueb: 0.05155773172737333, activeness: 0.11163145651324394, primalobj: 0.9606073692561228, dualobj: -Inf
solve--
end solve-- RelaxOptimal OPTIMAL
 weights_sum: 1.0000000000000002
itereffortlevel: 0
--separating...
--find a better primal bound 0.08872712194737184 by Alternative descent Eigen
--found a cut state by heuristic 0.08872712194737184 0.05193093599939948 
iteration: 1589,  #states: 2695, valueb: 0.05193093599939948, activeness: 0.08872712194737184, primalobj: 0.9606006129588335, dualobj: -Inf
solve--
end solve-- RelaxOptimal OPTIMAL
 weights_sum: 0.9999999999999984
itereffortlevel: 0
--separating...
--find a better primal bound 0.11253927236668229 by Alternative descent Eigen
--found a cut state by heuristic 0.11253927236668229 0.043617825715717075 
iteration: 1590,  #states: 2696, valueb: 0.043617825715717075, activeness: 0.11253927236668229, primalobj: 0.9605940111166326, dualobj: -Inf
solve--
end solve-- RelaxOptimal OPTIMAL
 weights_sum: 0.9999999999999982
itereffortlevel: 0
--separating...
--find a better primal bound 0.08076939583426528 by Alternative descent Eigen
--found a cut state by heuristic 0.08076939583426528 0.044609970491670176 
iteration: 1591,  #states: 2697, valueb: 0.044609970491670176, activeness: 0.08076939583426528, primalobj: 0.9605883764920025, dualobj: -Inf
solve--
end solve-- RelaxOptimal OPTIMAL
 weights_sum: 1.0000000000000002
itereffortlevel: 0
--separating...
--find a better primal bound 0.12755164028468094 by Alternative descent Eigen
--found a cut state by heuristic 0.12755164028468094 0.04444067063706724 
iteration: 1592,  #states: 2698, valueb: 0.04444067063706724, activeness: 0.12755164028468094, primalobj: 0.9605819171660642, dualobj: -Inf
solve--
end solve-- RelaxOptimal OPTIMAL
 weights_sum: 1.0000001961401297
itereffortlevel: 0
--separating...
--find a better primal bound 0.049532570112170014 by Alternative descent Eigen
--found a cut state by heuristic 0.049532570112170014 0.029334681174983696 
iteration: 1593,  #states: 2699, valueb: 0.029334681174983696, activeness: 0.049532570112170014, primalobj: 0.9605732115682241, dualobj: -Inf
solve--
end solve-- RelaxOptimal OPTIMAL
 weights_sum: 1.000000026264556
itereffortlevel: 0
--separating...
--find a better primal bound 0.08075323577609386 by Alternative descent Eigen
--found a cut state by heuristic 0.08075323577609386 0.03228696868639731 
iteration: 1594,  #states: 2700, valueb: 0.03228696868639731, activeness: 0.08075323577609386, primalobj: 0.9605693733900014, dualobj: -Inf
solve--
end solve-- RelaxOptimal OPTIMAL
 weights_sum: 0.9999999999999993
itereffortlevel: 0
--separating...
--find a better primal bound 0.049328459278172004 by Alternative descent Eigen
--found a cut state by heuristic 0.049328459278172004 0.015762093471369587 
iteration: 1595,  #states: 2701, valueb: 0.015762093471369587, activeness: 0.049328459278172004, primalobj: 0.9605616574067775, dualobj: -Inf
solve--
end solve-- RelaxOptimal OPTIMAL
 weights_sum: 1.0
itereffortlevel: 0
--separating...
--find a better primal bound 0.12943870310819053 by Alternative descent Eigen
--found a cut state by heuristic 0.12943870310819053 0.02445042205755096 
iteration: 1596,  #states: 2702, valueb: 0.02445042205755096, activeness: 0.12943870310819053, primalobj: 0.9605578061281111, dualobj: -Inf
solve--
end solve-- RelaxOptimal OPTIMAL
 weights_sum: 1.0000000000000007
itereffortlevel: 0
--separating...
--find a better primal bound 0.05276106015459918 by Alternative descent Eigen
--found a cut state by heuristic 0.05276106015459918 0.024299833199839943 
iteration: 1597,  #states: 2703, valueb: 0.024299833199839943, activeness: 0.05276106015459918, primalobj: 0.9605469983832413, dualobj: -Inf
solve--
end solve-- RelaxOptimal OPTIMAL
 weights_sum: 1.0000003650856955
itereffortlevel: 0
--separating...
--find a better primal bound 0.1338660870625511 by Alternative descent Eigen
--found a cut state by heuristic 0.1338660870625511 0.029295658577032355 
iteration: 1598,  #states: 2704, valueb: 0.029295658577032355, activeness: 0.1338660870625511, primalobj: 0.960544588403053, dualobj: -Inf
solve--
end solve-- RelaxOptimal OPTIMAL
 weights_sum: 1.0000058991288423
itereffortlevel: 0
--separating...
--find a better primal bound 0.046738714705832476 by Alternative descent Eigen
--found a cut state by heuristic 0.046738714705832476 0.02593766257999695 
iteration: 1599,  #states: 2705, valueb: 0.02593766257999695, activeness: 0.046738714705832476, primalobj: 0.9605368825277748, dualobj: -Inf
solve--
end solve-- RelaxOptimal OPTIMAL
 weights_sum: 1.0000000000000002
itereffortlevel: 0
--separating...
--find a better primal bound 0.050159224227522024 by Alternative descent Eigen
--found a cut state by heuristic 0.050159224227522024 0.019644488793273907 
iteration: 1600,  #states: 2706, valueb: 0.019644488793273907, activeness: 0.050159224227522024, primalobj: 0.9605334425820716, dualobj: -Inf
solve--
end solve-- RelaxOptimal OPTIMAL
 weights_sum: 0.9999999999999996
itereffortlevel: 0
--separating...
--find a better primal bound 0.09433974874605255 by Alternative descent Eigen
--found a cut state by heuristic 0.09433974874605255 0.019206337737702976 
iteration: 1601,  #states: 2707, valueb: 0.019206337737702976, activeness: 0.09433974874605255, primalobj: 0.9605287322978321, dualobj: -Inf
solve--
end solve-- RelaxOptimal OPTIMAL
 weights_sum: 0.9999999999999998
itereffortlevel: 0
--separating...
--find a better primal bound 0.17018298583161365 by Alternative descent Eigen
--found a cut state by heuristic 0.17018298583161365 0.0544101886520617 
iteration: 1602,  #states: 2708, valueb: 0.0544101886520617, activeness: 0.17018298583161365, primalobj: 0.9605218934549115, dualobj: -Inf
solve--
end solve-- RelaxOptimal OPTIMAL
 weights_sum: 1.0000000000000009
itereffortlevel: 0
--separating...
--find a better primal bound 0.13768783614229235 by Alternative descent Eigen
--found a cut state by heuristic 0.13768783614229235 0.06198894286358083 
iteration: 1603,  #states: 2709, valueb: 0.06198894286358083, activeness: 0.13768783614229235, primalobj: 0.9605140098625785, dualobj: -Inf
solve--
end solve-- RelaxOptimal OPTIMAL
 weights_sum: 1.0000000000000002
itereffortlevel: 0
--separating...
--find a better primal bound 0.07386480379371657 by Alternative descent Eigen
--found a cut state by heuristic 0.07386480379371657 0.002908762490358543 
iteration: 1604,  #states: 2710, valueb: 0.002908762490358543, activeness: 0.07386480379371657, primalobj: 0.9605016533665746, dualobj: -Inf
solve--
end solve-- RelaxOptimal OPTIMAL
 weights_sum: 0.9999999999999993
itereffortlevel: 0
--separating...
--find a better primal bound 0.1352422125203268 by Alternative descent Eigen
--found a cut state by heuristic 0.1352422125203268 0.017911078800629403 
iteration: 1605,  #states: 2711, valueb: 0.017911078800629403, activeness: 0.1352422125203268, primalobj: 0.960497338391896, dualobj: -Inf
solve--
end solve-- RelaxOptimal OPTIMAL
 weights_sum: 0.999999999999998
itereffortlevel: 0
--separating...
--find a better primal bound 0.09072996069497916 by Alternative descent Eigen
--found a cut state by heuristic 0.09072996069497916 0.03543887084738426 
iteration: 1606,  #states: 2712, valueb: 0.03543887084738426, activeness: 0.09072996069497916, primalobj: 0.9604864480701683, dualobj: -Inf
solve--
end solve-- RelaxOptimal OPTIMAL
 weights_sum: 1.0000000000000004
itereffortlevel: 0
--separating...
--find a better primal bound 0.02679306701912348 by Alternative descent Eigen
--found a cut state by heuristic 0.02679306701912348 0.015408115626867211 
iteration: 1607,  #states: 2713, valueb: 0.015408115626867211, activeness: 0.02679306701912348, primalobj: 0.9604819251957133, dualobj: -Inf
solve--
end solve-- RelaxOptimal OPTIMAL
 weights_sum: 0.9999999999999993
itereffortlevel: 0
--separating...
--find a better primal bound 0.11455635244652139 by Alternative descent Eigen
--found a cut state by heuristic 0.11455635244652139 0.005509256134401563 
iteration: 1608,  #states: 2714, valueb: 0.005509256134401563, activeness: 0.11455635244652139, primalobj: 0.9604783554295636, dualobj: -Inf
solve--
end solve-- RelaxOptimal OPTIMAL
 weights_sum: 0.9999999999999997
itereffortlevel: 0
--separating...
--find a better primal bound 0.05673466534676754 by Alternative descent Eigen
--found a cut state by heuristic 0.05673466534676754 0.01280209477778645 
iteration: 1609,  #states: 2715, valueb: 0.01280209477778645, activeness: 0.05673466534676754, primalobj: 0.9604647157804309, dualobj: -Inf
solve--
end solve-- RelaxOptimal OPTIMAL
 weights_sum: 1.0000000252513879
itereffortlevel: 0
--separating...
--find a better primal bound 0.10035679210433796 by Alternative descent Eigen
--found a cut state by heuristic 0.10035679210433796 0.010109792232777347 
iteration: 1610,  #states: 2716, valueb: 0.010109792232777347, activeness: 0.10035679210433796, primalobj: 0.9604577907185254, dualobj: -Inf
solve--
end solve-- RelaxOptimal OPTIMAL
 weights_sum: 0.9999999999999999
itereffortlevel: 0
--separating...
--find a better primal bound 0.0953056985610917 by Alternative descent Eigen
--found a cut state by heuristic 0.0953056985610917 0.028118669877573946 
iteration: 1611,  #states: 2717, valueb: 0.028118669877573946, activeness: 0.0953056985610917, primalobj: 0.9604501434026507, dualobj: -Inf
solve--
end solve-- RelaxOptimal OPTIMAL
 weights_sum: 0.9999999999999993
itereffortlevel: 0
--separating...
--find a better primal bound 0.11558350364513342 by Alternative descent Eigen
--found a cut state by heuristic 0.11558350364513342 0.027248037231990097 
iteration: 1612,  #states: 2718, valueb: 0.027248037231990097, activeness: 0.11558350364513342, primalobj: 0.9604455384220485, dualobj: -Inf
solve--
end solve-- RelaxOptimal OPTIMAL
 weights_sum: 1.0000000000000002
itereffortlevel: 0
--separating...
--find a better primal bound 0.13828977313676738 by Alternative descent Eigen
--found a cut state by heuristic 0.13828977313676738 0.04488670868570549 
iteration: 1613,  #states: 2719, valueb: 0.04488670868570549, activeness: 0.13828977313676738, primalobj: 0.9604362253208094, dualobj: -Inf
solve--
end solve-- RelaxOptimal OPTIMAL
 weights_sum: 1.0000000000000004
itereffortlevel: 0
--separating...
--find a better primal bound 0.07379496866614227 by Alternative descent Eigen
--found a cut state by heuristic 0.07379496866614227 0.05100275345913137 
iteration: 1614,  #states: 2720, valueb: 0.05100275345913137, activeness: 0.07379496866614227, primalobj: 0.9604182532055676, dualobj: -Inf
solve--
end solve-- RelaxOptimal OPTIMAL
 weights_sum: 0.9999999999999999
itereffortlevel: 0
--separating...
--find a better primal bound 0.1669112826152328 by Alternative descent Eigen
--found a cut state by heuristic 0.1669112826152328 0.09423373375075203 
iteration: 1615,  #states: 2721, valueb: 0.09423373375075203, activeness: 0.1669112826152328, primalobj: 0.9604144127592932, dualobj: -Inf
solve--
end solve-- RelaxOptimal OPTIMAL
 weights_sum: 1.0000000000000009
itereffortlevel: 0
--separating...
--find a better primal bound 0.08341453442140707 by Alternative descent Eigen
--found a cut state by heuristic 0.08341453442140707 0.021701364959039505 
iteration: 1616,  #states: 2722, valueb: 0.021701364959039505, activeness: 0.08341453442140707, primalobj: 0.960405539110437, dualobj: -Inf
solve--
end solve-- RelaxOptimal OPTIMAL
 weights_sum: 1.0000000000000002
itereffortlevel: 0
--separating...
--find a better primal bound 0.07022892568567768 by Alternative descent Eigen
--found a cut state by heuristic 0.07022892568567768 0.03518536946366384 
iteration: 1617,  #states: 2723, valueb: 0.03518536946366384, activeness: 0.07022892568567768, primalobj: 0.9604009281632759, dualobj: -Inf
solve--
end solve-- RelaxOptimal OPTIMAL
 weights_sum: 1.0000000000000004
itereffortlevel: 0
--separating...
--find a better primal bound 0.12599626886887155 by Alternative descent Eigen
--found a cut state by heuristic 0.12599626886887155 0.03422452456672151 
iteration: 1618,  #states: 2724, valueb: 0.03422452456672151, activeness: 0.12599626886887155, primalobj: 0.9603949377782046, dualobj: -Inf
solve--
end solve-- RelaxOptimal OPTIMAL
 weights_sum: 0.9999999999999996
itereffortlevel: 0
--separating...
--find a better primal bound 0.09548963633523008 by Alternative descent Eigen
--found a cut state by heuristic 0.09548963633523008 0.013052745400140025 
iteration: 1619,  #states: 2725, valueb: 0.013052745400140025, activeness: 0.09548963633523008, primalobj: 0.9603594578076393, dualobj: -Inf
solve--
end solve-- RelaxOptimal OPTIMAL
 weights_sum: 0.9999999999999996
itereffortlevel: 0
--separating...
--find a better primal bound 0.13660383893977673 by Alternative descent Eigen
--found a cut state by heuristic 0.13660383893977673 0.04241876519496562 
iteration: 1620,  #states: 2726, valueb: 0.04241876519496562, activeness: 0.13660383893977673, primalobj: 0.9603417410726421, dualobj: -Inf
solve--
end solve-- RelaxOptimal OPTIMAL
 weights_sum: 0.9999999999999998
itereffortlevel: 0
--separating...
--find a better primal bound 0.14808634764500184 by Alternative descent Eigen
--found a cut state by heuristic 0.14808634764500184 0.04070066105061151 
iteration: 1621,  #states: 2727, valueb: 0.04070066105061151, activeness: 0.14808634764500184, primalobj: 0.9603277920895754, dualobj: -Inf
solve--
end solve-- RelaxOptimal OPTIMAL
 weights_sum: 1.000000123900109
itereffortlevel: 0
--separating...
--find a better primal bound 0.08211319716573838 by Alternative descent Eigen
--found a cut state by heuristic 0.08211319716573838 0.028725675424258135 
iteration: 1622,  #states: 2728, valueb: 0.028725675424258135, activeness: 0.08211319716573838, primalobj: 0.9603192595751637, dualobj: -Inf
solve--
end solve-- RelaxOptimal OPTIMAL
 weights_sum: 1.0000004476936983
itereffortlevel: 0
--separating...
--find a better primal bound 0.1095828487038003 by Alternative descent Eigen
--found a cut state by heuristic 0.1095828487038003 0.03026668044664612 
iteration: 1623,  #states: 2729, valueb: 0.03026668044664612, activeness: 0.1095828487038003, primalobj: 0.9603122353634516, dualobj: -Inf
solve--
end solve-- RelaxOptimal OPTIMAL
 weights_sum: 0.9999999999999991
itereffortlevel: 0
--separating...
--find a better primal bound 0.10551892901173125 by Alternative descent Eigen
--found a cut state by heuristic 0.10551892901173125 0.03877347578743258 
iteration: 1624,  #states: 2730, valueb: 0.03877347578743258, activeness: 0.10551892901173125, primalobj: 0.9603085988907099, dualobj: -Inf
solve--
end solve-- RelaxOptimal OPTIMAL
 weights_sum: 1.0000000000000002
itereffortlevel: 0
--separating...
--find a better primal bound 0.11873344104120624 by Alternative descent Eigen
--found a cut state by heuristic 0.11873344104120624 0.031140702632026323 
iteration: 1625,  #states: 2731, valueb: 0.031140702632026323, activeness: 0.11873344104120624, primalobj: 0.9602938883555027, dualobj: -Inf
solve--
end solve-- RelaxOptimal OPTIMAL
 weights_sum: 1.0000000000000018
itereffortlevel: 0
--separating...
--find a better primal bound 0.11008083001790347 by Alternative descent Eigen
--found a cut state by heuristic 0.11008083001790347 0.025149882309106267 
iteration: 1626,  #states: 2732, valueb: 0.025149882309106267, activeness: 0.11008083001790347, primalobj: 0.9602807069753378, dualobj: -Inf
solve--
end solve-- RelaxOptimal OPTIMAL
 weights_sum: 1.0000003646812798
itereffortlevel: 0
--separating...
--find a better primal bound 0.08947920685642663 by Alternative descent Eigen
--found a cut state by heuristic 0.08947920685642663 0.055682785814637016 
iteration: 1627,  #states: 2733, valueb: 0.055682785814637016, activeness: 0.08947920685642663, primalobj: 0.9602725742510795, dualobj: -Inf
solve--
end solve-- RelaxOptimal OPTIMAL
 weights_sum: 1.0000000000000009
itereffortlevel: 0
--separating...
--find a better primal bound 0.09067839012860233 by Alternative descent Eigen
--found a cut state by heuristic 0.09067839012860233 0.0638561505767167 
iteration: 1628,  #states: 2734, valueb: 0.0638561505767167, activeness: 0.09067839012860233, primalobj: 0.9602710527199463, dualobj: -Inf
solve--
end solve-- RelaxOptimal OPTIMAL
 weights_sum: 0.9999999999999996
itereffortlevel: 0
--separating...
--find a better primal bound 0.07901349034511795 by Alternative descent Eigen
--found a cut state by heuristic 0.07901349034511795 0.05248501256498295 
iteration: 1629,  #states: 2735, valueb: 0.05248501256498295, activeness: 0.07901349034511795, primalobj: 0.9602656813731499, dualobj: -Inf
solve--
end solve-- RelaxOptimal OPTIMAL
 weights_sum: 1.0
itereffortlevel: 0
--separating...
--find a better primal bound 0.11233086192810504 by Alternative descent Eigen
--found a cut state by heuristic 0.11233086192810504 0.05053448385482066 
iteration: 1630,  #states: 2736, valueb: 0.05053448385482066, activeness: 0.11233086192810504, primalobj: 0.9602624986149622, dualobj: -Inf
solve--
end solve-- RelaxOptimal OPTIMAL
 weights_sum: 1.0000000000000002
itereffortlevel: 0
--separating...
--find a better primal bound 0.13257131929656488 by Alternative descent Eigen
--found a cut state by heuristic 0.13257131929656488 0.0414096890142795 
iteration: 1631,  #states: 2737, valueb: 0.0414096890142795, activeness: 0.13257131929656488, primalobj: 0.9602549263662002, dualobj: -Inf
solve--
end solve-- RelaxOptimal OPTIMAL
 weights_sum: 1.0000000000000004
itereffortlevel: 0
--separating...
--find a better primal bound 0.16913060878480918 by Alternative descent Eigen
--found a cut state by heuristic 0.16913060878480918 0.04893563589470228 
iteration: 1632,  #states: 2738, valueb: 0.04893563589470228, activeness: 0.16913060878480918, primalobj: 0.9602408180867101, dualobj: -Inf
solve--
end solve-- RelaxOptimal OPTIMAL
 weights_sum: 0.9999999999999999
itereffortlevel: 0
--separating...
--find a better primal bound 0.1519751715708649 by Alternative descent Eigen
--found a cut state by heuristic 0.1519751715708649 0.06428600555994868 
iteration: 1633,  #states: 2739, valueb: 0.06428600555994868, activeness: 0.1519751715708649, primalobj: 0.9602197472001436, dualobj: -Inf
solve--
end solve-- RelaxOptimal OPTIMAL
 weights_sum: 0.9999999999999996
itereffortlevel: 0
--separating...
--find a better primal bound 0.13356007275000184 by Alternative descent Eigen
--found a cut state by heuristic 0.13356007275000184 0.05850402898616001 
iteration: 1634,  #states: 2740, valueb: 0.05850402898616001, activeness: 0.13356007275000184, primalobj: 0.9602104355800057, dualobj: -Inf
solve--
end solve-- RelaxOptimal OPTIMAL
 weights_sum: 0.9999999999999992
itereffortlevel: 0
--separating...
--find a better primal bound 0.113139885010392 by Alternative descent Eigen
--found a cut state by heuristic 0.113139885010392 0.049347360333152616 
iteration: 1635,  #states: 2741, valueb: 0.049347360333152616, activeness: 0.113139885010392, primalobj: 0.9601949956151291, dualobj: -Inf
solve--
end solve-- RelaxOptimal OPTIMAL
 weights_sum: 1.0000003208147903
itereffortlevel: 0
--separating...
--find a better primal bound 0.1332896665533399 by Alternative descent Eigen
--found a cut state by heuristic 0.1332896665533399 0.07721354924653133 
iteration: 1636,  #states: 2742, valueb: 0.07721354924653133, activeness: 0.1332896665533399, primalobj: 0.9601909715513975, dualobj: -Inf
solve--
end solve-- RelaxOptimal OPTIMAL
 weights_sum: 1.0000000000000002
itereffortlevel: 0
--separating...
--find a better primal bound 0.15691097291133566 by Alternative descent Eigen
--found a cut state by heuristic 0.15691097291133566 0.07872068635631135 
iteration: 1637,  #states: 2743, valueb: 0.07872068635631135, activeness: 0.15691097291133566, primalobj: 0.9601790910287983, dualobj: -Inf
solve--
end solve-- RelaxOptimal OPTIMAL
 weights_sum: 1.0000000000000002
itereffortlevel: 0
--separating...
--find a better primal bound 0.18458353694669521 by Alternative descent Eigen
--found a cut state by heuristic 0.18458353694669521 0.06374332352970276 
iteration: 1638,  #states: 2744, valueb: 0.06374332352970276, activeness: 0.18458353694669521, primalobj: 0.96017101172281, dualobj: -Inf
solve--
end solve-- RelaxOptimal OPTIMAL
 weights_sum: 0.9999999999999999
itereffortlevel: 0
--separating...
--find a better primal bound 0.07563094566065595 by Alternative descent Eigen
--found a cut state by heuristic 0.07563094566065595 0.038942799378475 
iteration: 1639,  #states: 2745, valueb: 0.038942799378475, activeness: 0.07563094566065595, primalobj: 0.9601583933074183, dualobj: -Inf
solve--
end solve-- RelaxOptimal OPTIMAL
 weights_sum: 1.0000000000000004
itereffortlevel: 0
--separating...
--find a better primal bound 0.1519546068262288 by Alternative descent Eigen
--found a cut state by heuristic 0.1519546068262288 0.05211615847727996 
iteration: 1640,  #states: 2746, valueb: 0.05211615847727996, activeness: 0.1519546068262288, primalobj: 0.9601512889733608, dualobj: -Inf
solve--
end solve-- RelaxOptimal OPTIMAL
 weights_sum: 1.0000000000000009
itereffortlevel: 0
--separating...
--find a better primal bound 0.14918783568998165 by Alternative descent Eigen
--found a cut state by heuristic 0.14918783568998165 0.0687126357176959 
iteration: 1641,  #states: 2747, valueb: 0.0687126357176959, activeness: 0.14918783568998165, primalobj: 0.9601403570695816, dualobj: -Inf
solve--
end solve-- RelaxOptimal OPTIMAL
 weights_sum: 0.9999999999999993
itereffortlevel: 0
--separating...
--find a better primal bound 0.15844049982951935 by Alternative descent Eigen
--found a cut state by heuristic 0.15844049982951935 0.09076976905221625 
iteration: 1642,  #states: 2748, valueb: 0.09076976905221625, activeness: 0.15844049982951935, primalobj: 0.960131207248973, dualobj: -Inf
solve--
end solve-- RelaxOptimal OPTIMAL
 weights_sum: 0.9999999999999989
itereffortlevel: 0
--separating...
--find a better primal bound 0.23931205172753248 by Alternative descent Eigen
--found a cut state by heuristic 0.23931205172753248 0.09432921167639094 
iteration: 1643,  #states: 2749, valueb: 0.09432921167639094, activeness: 0.23931205172753248, primalobj: 0.9601234906161117, dualobj: -Inf
solve--
end solve-- RelaxOptimal OPTIMAL
 weights_sum: 1.0000033956143568
itereffortlevel: 0
--separating...
--find a better primal bound 0.17530914205232379 by Alternative descent Eigen
--found a cut state by heuristic 0.17530914205232379 0.09324626776063807 
iteration: 1644,  #states: 2750, valueb: 0.09324626776063807, activeness: 0.17530914205232379, primalobj: 0.9601122499805782, dualobj: -Inf
solve--
end solve-- RelaxOptimal OPTIMAL
 weights_sum: 1.0000013617352612
itereffortlevel: 0
--separating...
--find a better primal bound 0.16801910838020379 by Alternative descent Eigen
--found a cut state by heuristic 0.16801910838020379 0.08745841812427974 
iteration: 1645,  #states: 2751, valueb: 0.08745841812427974, activeness: 0.16801910838020379, primalobj: 0.9601043426174602, dualobj: -Inf
solve--
end solve-- RelaxOptimal OPTIMAL
 weights_sum: 0.9999999999999998
itereffortlevel: 0
--separating...
--find a better primal bound 0.16506667089794058 by Alternative descent Eigen
--found a cut state by heuristic 0.16506667089794058 0.08695483762025491 
iteration: 1646,  #states: 2752, valueb: 0.08695483762025491, activeness: 0.16506667089794058, primalobj: 0.9601015232661939, dualobj: -Inf
solve--
end solve-- RelaxOptimal OPTIMAL
 weights_sum: 0.9999999999999993
itereffortlevel: 0
--separating...
--find a better primal bound 0.12870172076736852 by Alternative descent Eigen
--found a cut state by heuristic 0.12870172076736852 0.07660890780236944 
iteration: 1647,  #states: 2753, valueb: 0.07660890780236944, activeness: 0.12870172076736852, primalobj: 0.9600986889880723, dualobj: -Inf
solve--
end solve-- RelaxOptimal OPTIMAL
 weights_sum: 0.9999999999999998
itereffortlevel: 0
--separating...
--find a better primal bound 0.14694274538507854 by Alternative descent Eigen
--found a cut state by heuristic 0.14694274538507854 0.09740465430780529 
iteration: 1648,  #states: 2754, valueb: 0.09740465430780529, activeness: 0.14694274538507854, primalobj: 0.9600892435239765, dualobj: -Inf
solve--
end solve-- RelaxOptimal OPTIMAL
 weights_sum: 1.0000000000000002
itereffortlevel: 0
--separating...
--find a better primal bound 0.15240999856091267 by Alternative descent Eigen
--found a cut state by heuristic 0.15240999856091267 0.0794584722949006 
iteration: 1649,  #states: 2755, valueb: 0.0794584722949006, activeness: 0.15240999856091267, primalobj: 0.9600880827397087, dualobj: -Inf
solve--
end solve-- RelaxOptimal OPTIMAL
 weights_sum: 1.0
itereffortlevel: 0
--separating...
--find a better primal bound 0.15941717347378573 by Alternative descent Eigen
--found a cut state by heuristic 0.15941717347378573 0.07812865230897914 
iteration: 1650,  #states: 2756, valueb: 0.07812865230897914, activeness: 0.15941717347378573, primalobj: 0.9600810588696786, dualobj: -Inf
solve--
end solve-- RelaxOptimal OPTIMAL
 weights_sum: 0.9999999999999993
itereffortlevel: 0
--separating...
--find a better primal bound 0.12812691762901304 by Alternative descent Eigen
--found a cut state by heuristic 0.12812691762901304 0.09590814831076501 
iteration: 1651,  #states: 2757, valueb: 0.09590814831076501, activeness: 0.12812691762901304, primalobj: 0.9600760320154018, dualobj: -Inf
solve--
end solve-- RelaxOptimal OPTIMAL
 weights_sum: 1.000000027787272
itereffortlevel: 0
--separating...
--find a better primal bound 0.14972257986414966 by Alternative descent Eigen
--found a cut state by heuristic 0.14972257986414966 0.08413435484719527 
iteration: 1652,  #states: 2758, valueb: 0.08413435484719527, activeness: 0.14972257986414966, primalobj: 0.9600738074315951, dualobj: -Inf
solve--
end solve-- RelaxOptimal OPTIMAL
 weights_sum: 1.0000011079200017
itereffortlevel: 0
--separating...
--find a better primal bound 0.13148493641025122 by Alternative descent Eigen
--found a cut state by heuristic 0.13148493641025122 0.10042750357598712 
iteration: 1653,  #states: 2759, valueb: 0.10042750357598712, activeness: 0.13148493641025122, primalobj: 0.9600664177743778, dualobj: -Inf
solve--
end solve-- RelaxOptimal OPTIMAL
 weights_sum: 1.0000000000000009
itereffortlevel: 0
--separating...
--find a better primal bound 0.17472428377772092 by Alternative descent Eigen
--found a cut state by heuristic 0.17472428377772092 0.06088314739184527 
iteration: 1654,  #states: 2760, valueb: 0.06088314739184527, activeness: 0.17472428377772092, primalobj: 0.9600648202610866, dualobj: -Inf
solve--
end solve-- RelaxOptimal OPTIMAL
 weights_sum: 0.9999999999999996
itereffortlevel: 0
--separating...
--find a better primal bound 0.1694141165060824 by Alternative descent Eigen
--found a cut state by heuristic 0.1694141165060824 0.09474718104106077 
iteration: 1655,  #states: 2761, valueb: 0.09474718104106077, activeness: 0.1694141165060824, primalobj: 0.9600571337807566, dualobj: -Inf
solve--
end solve-- RelaxOptimal OPTIMAL
 weights_sum: 1.0000000000000004
itereffortlevel: 0
--separating...
--find a better primal bound 0.11237100506670689 by Alternative descent Eigen
--found a cut state by heuristic 0.11237100506670689 0.04912798425175771 
iteration: 1656,  #states: 2762, valueb: 0.04912798425175771, activeness: 0.11237100506670689, primalobj: 0.9600361193622492, dualobj: -Inf
solve--
end solve-- RelaxOptimal OPTIMAL
 weights_sum: 0.9999999999999998
itereffortlevel: 0
--separating...
--find a better primal bound 0.10559952826094213 by Alternative descent Eigen
--found a cut state by heuristic 0.10559952826094213 0.06547029974671988 
iteration: 1657,  #states: 2763, valueb: 0.06547029974671988, activeness: 0.10559952826094213, primalobj: 0.9600280078917819, dualobj: -Inf
solve--
end solve-- RelaxOptimal OPTIMAL
 weights_sum: 1.0000004185122604
itereffortlevel: 0
--separating...
--find a better primal bound 0.08723235753645495 by Alternative descent Eigen
--found a cut state by heuristic 0.08723235753645495 0.04578806357570397 
iteration: 1658,  #states: 2764, valueb: 0.04578806357570397, activeness: 0.08723235753645495, primalobj: 0.9600219588382042, dualobj: -Inf
solve--
end solve-- RelaxOptimal OPTIMAL
 weights_sum: 0.9999999999999987
itereffortlevel: 0
--separating...
--find a better primal bound 0.1117958930610021 by Alternative descent Eigen
--found a cut state by heuristic 0.1117958930610021 0.05286316508805712 
iteration: 1659,  #states: 2765, valueb: 0.05286316508805712, activeness: 0.1117958930610021, primalobj: 0.9600197010236211, dualobj: -Inf
solve--
end solve-- RelaxOptimal OPTIMAL
 weights_sum: 1.0000000000000002
itereffortlevel: 0
--separating...
--find a better primal bound 0.13930169286565625 by Alternative descent Eigen
--found a cut state by heuristic 0.13930169286565625 0.0579279097090192 
iteration: 1660,  #states: 2766, valueb: 0.0579279097090192, activeness: 0.13930169286565625, primalobj: 0.9600170271900186, dualobj: -Inf
solve--
end solve-- RelaxOptimal OPTIMAL
 weights_sum: 0.9999999999999998
itereffortlevel: 0
--separating...
--find a better primal bound 0.13845676973902918 by Alternative descent Eigen
--found a cut state by heuristic 0.13845676973902918 0.08016819642281818 
iteration: 1661,  #states: 2767, valueb: 0.08016819642281818, activeness: 0.13845676973902918, primalobj: 0.9600147632586128, dualobj: -Inf
solve--
end solve-- RelaxOptimal OPTIMAL
 weights_sum: 1.000000351665587
itereffortlevel: 0
--separating...
--find a better primal bound 0.15123586127682 by Alternative descent Eigen
--found a cut state by heuristic 0.15123586127682 0.0780352025391516 
iteration: 1662,  #states: 2768, valueb: 0.0780352025391516, activeness: 0.15123586127682, primalobj: 0.9600102445768065, dualobj: -Inf
solve--
end solve-- RelaxOptimal OPTIMAL
 weights_sum: 0.9999999999999993
itereffortlevel: 0
--separating...
--find a better primal bound 0.12896312486577943 by Alternative descent Eigen
--found a cut state by heuristic 0.12896312486577943 0.04489324847818124 
iteration: 1663,  #states: 2769, valueb: 0.04489324847818124, activeness: 0.12896312486577943, primalobj: 0.9600071061166803, dualobj: -Inf
solve--
end solve-- RelaxOptimal OPTIMAL
 weights_sum: 1.0000019276618144
itereffortlevel: 0
--separating...
--find a better primal bound 0.14002161393288381 by Alternative descent Eigen
--found a cut state by heuristic 0.14002161393288381 0.04089120463545045 
iteration: 1664,  #states: 2770, valueb: 0.04089120463545045, activeness: 0.14002161393288381, primalobj: 0.9600044442214204, dualobj: -Inf
solve--
end solve-- RelaxOptimal OPTIMAL
 weights_sum: 1.0000000000000004
itereffortlevel: 0
--separating...
--find a better primal bound 0.1142071515045492 by Alternative descent Eigen
--found a cut state by heuristic 0.1142071515045492 0.04135642615514364 
iteration: 1665,  #states: 2771, valueb: 0.04135642615514364, activeness: 0.1142071515045492, primalobj: 0.9599949874111053, dualobj: -Inf
solve--
end solve-- RelaxOptimal OPTIMAL
 weights_sum: 1.000000000000001
itereffortlevel: 0
--separating...
--find a better primal bound 0.09151168466558635 by Alternative descent Eigen
--found a cut state by heuristic 0.09151168466558635 0.052730035264181636 
iteration: 1666,  #states: 2772, valueb: 0.052730035264181636, activeness: 0.09151168466558635, primalobj: 0.9599918746791892, dualobj: -Inf
solve--
end solve-- RelaxOptimal OPTIMAL
 weights_sum: 1.0000014110592708
itereffortlevel: 0
--separating...
--find a better primal bound 0.06623457272850866 by Alternative descent Eigen
--found a cut state by heuristic 0.06623457272850866 0.03908501018611795 
iteration: 1667,  #states: 2773, valueb: 0.03908501018611795, activeness: 0.06623457272850866, primalobj: 0.9599904660661862, dualobj: -Inf
solve--
end solve-- RelaxOptimal OPTIMAL
 weights_sum: 0.9999999999999991
itereffortlevel: 0
--separating...
--find a better primal bound 0.09701104900038038 by Alternative descent Eigen
--found a cut state by heuristic 0.09701104900038038 0.047401270693205474 
iteration: 1668,  #states: 2774, valueb: 0.047401270693205474, activeness: 0.09701104900038038, primalobj: 0.9599858171394039, dualobj: -Inf
solve--
end solve-- RelaxOptimal OPTIMAL
 weights_sum: 0.9999999999999988
itereffortlevel: 0
--separating...
--find a better primal bound 0.07537288849467927 by Alternative descent Eigen
--found a cut state by heuristic 0.07537288849467927 0.055182469287769646 
iteration: 1669,  #states: 2775, valueb: 0.055182469287769646, activeness: 0.07537288849467927, primalobj: 0.9599823279283184, dualobj: -Inf
solve--
end solve-- RelaxOptimal OPTIMAL
 weights_sum: 1.0
itereffortlevel: 0
--separating...
--find a better primal bound 0.11675959098503763 by Alternative descent Eigen
--found a cut state by heuristic 0.11675959098503763 0.05032994580694074 
iteration: 1670,  #states: 2776, valueb: 0.05032994580694074, activeness: 0.11675959098503763, primalobj: 0.9599807580552027, dualobj: -Inf
solve--
end solve-- RelaxOptimal OPTIMAL
 weights_sum: 1.0000000000000018
itereffortlevel: 0
--separating...
--find a better primal bound 0.15011555377089264 by Alternative descent Eigen
--found a cut state by heuristic 0.15011555377089264 0.05189632069954301 
iteration: 1671,  #states: 2777, valueb: 0.05189632069954301, activeness: 0.15011555377089264, primalobj: 0.959976720181448, dualobj: -Inf
solve--
end solve-- RelaxOptimal OPTIMAL
 weights_sum: 0.9999999999999998
itereffortlevel: 0
--separating...
--find a better primal bound 0.09081242627876898 by Alternative descent Eigen
--found a cut state by heuristic 0.09081242627876898 0.03058839598097511 
iteration: 1672,  #states: 2778, valueb: 0.03058839598097511, activeness: 0.09081242627876898, primalobj: 0.9599712188833524, dualobj: -Inf
solve--
end solve-- RelaxOptimal OPTIMAL
 weights_sum: 1.0000000000000002
itereffortlevel: 0
--separating...
--find a better primal bound 0.1023101700909802 by Alternative descent Eigen
--found a cut state by heuristic 0.1023101700909802 0.06366120684147202 
iteration: 1673,  #states: 2779, valueb: 0.06366120684147202, activeness: 0.1023101700909802, primalobj: 0.9599654770601634, dualobj: -Inf
solve--
end solve-- RelaxOptimal OPTIMAL
 weights_sum: 1.0000003343602855
itereffortlevel: 0
--separating...
--find a better primal bound 0.13854341061299769 by Alternative descent Eigen
--found a cut state by heuristic 0.13854341061299769 0.0678947975481397 
iteration: 1674,  #states: 2780, valueb: 0.0678947975481397, activeness: 0.13854341061299769, primalobj: 0.9599634771301478, dualobj: -Inf
solve--
end solve-- RelaxOptimal OPTIMAL
 weights_sum: 1.0000000000000002
itereffortlevel: 0
--separating...
--find a better primal bound 0.11549166528102658 by Alternative descent Eigen
--found a cut state by heuristic 0.11549166528102658 0.06877154014891844 
iteration: 1675,  #states: 2781, valueb: 0.06877154014891844, activeness: 0.11549166528102658, primalobj: 0.9599607152340106, dualobj: -Inf
solve--
end solve-- RelaxOptimal OPTIMAL
 weights_sum: 0.9999999999999998
itereffortlevel: 0
--separating...
--find a better primal bound 0.07993633398640976 by Alternative descent Eigen
--found a cut state by heuristic 0.07993633398640976 0.0599925305247035 
iteration: 1676,  #states: 2782, valueb: 0.0599925305247035, activeness: 0.07993633398640976, primalobj: 0.9599589870650828, dualobj: -Inf
solve--
end solve-- RelaxOptimal OPTIMAL
 weights_sum: 0.9999999999999996
itereffortlevel: 0
--separating...
--find a better primal bound 0.0965555343614551 by Alternative descent Eigen
--found a cut state by heuristic 0.0965555343614551 0.05819967661413175 
iteration: 1677,  #states: 2783, valueb: 0.05819967661413175, activeness: 0.0965555343614551, primalobj: 0.9599569244497106, dualobj: -Inf
solve--
end solve-- RelaxOptimal OPTIMAL
 weights_sum: 0.9999999999999996
itereffortlevel: 0
--separating...
--find a better primal bound 0.09706185074477955 by Alternative descent Eigen
--found a cut state by heuristic 0.09706185074477955 0.07095089484844892 
iteration: 1678,  #states: 2784, valueb: 0.07095089484844892, activeness: 0.09706185074477955, primalobj: 0.9599517879888494, dualobj: -Inf
solve--
end solve-- RelaxOptimal OPTIMAL
 weights_sum: 1.0000000000000007
itereffortlevel: 0
--separating...
--find a better primal bound 0.16565019327500174 by Alternative descent Eigen
--found a cut state by heuristic 0.16565019327500174 0.060324692679521 
iteration: 1679,  #states: 2785, valueb: 0.060324692679521, activeness: 0.16565019327500174, primalobj: 0.9599491011333247, dualobj: -Inf
solve--
end solve-- RelaxOptimal OPTIMAL
 weights_sum: 0.9999999999999996
itereffortlevel: 0
--separating...
--find a better primal bound 0.10176056933927696 by Alternative descent Eigen
--found a cut state by heuristic 0.10176056933927696 0.04114730551209861 
iteration: 1680,  #states: 2786, valueb: 0.04114730551209861, activeness: 0.10176056933927696, primalobj: 0.9599403795558059, dualobj: -Inf
solve--
end solve-- RelaxOptimal OPTIMAL
 weights_sum: 1.0000000000000004
itereffortlevel: 0
--separating...
--find a better primal bound 0.07886331995538308 by Alternative descent Eigen
--found a cut state by heuristic 0.07886331995538308 0.06697443395341376 
iteration: 1681,  #states: 2787, valueb: 0.06697443395341376, activeness: 0.07886331995538308, primalobj: 0.9599310599488727, dualobj: -Inf
solve--
end solve-- RelaxOptimal OPTIMAL
 weights_sum: 1.0000000000000004
itereffortlevel: 0
--separating...
--find a better primal bound 0.17921040805898367 by Alternative descent Eigen
--found a cut state by heuristic 0.17921040805898367 0.06541912233322104 
iteration: 1682,  #states: 2788, valueb: 0.06541912233322104, activeness: 0.17921040805898367, primalobj: 0.9599295355309464, dualobj: -Inf
solve--
end solve-- RelaxOptimal OPTIMAL
 weights_sum: 1.0000000000000009
itereffortlevel: 0
--separating...
--find a better primal bound 0.10364445948044462 by Alternative descent Eigen
--found a cut state by heuristic 0.10364445948044462 0.0498068407487578 
iteration: 1683,  #states: 2789, valueb: 0.0498068407487578, activeness: 0.10364445948044462, primalobj: 0.9599215535431964, dualobj: -Inf
solve--
end solve-- RelaxOptimal OPTIMAL
 weights_sum: 1.0000000000000004
itereffortlevel: 0
--separating...
--find a better primal bound 0.15404429445571416 by Alternative descent Eigen
--found a cut state by heuristic 0.15404429445571416 0.06639789469609116 
iteration: 1684,  #states: 2790, valueb: 0.06639789469609116, activeness: 0.15404429445571416, primalobj: 0.9599186839494482, dualobj: -Inf
solve--
end solve-- RelaxOptimal OPTIMAL
 weights_sum: 0.9999999999999998
itereffortlevel: 0
--separating...
--find a better primal bound 0.131968504826558 by Alternative descent Eigen
--found a cut state by heuristic 0.131968504826558 0.06807297707549381 
iteration: 1685,  #states: 2791, valueb: 0.06807297707549381, activeness: 0.131968504826558, primalobj: 0.9599141060812089, dualobj: -Inf
solve--
end solve-- RelaxOptimal OPTIMAL
 weights_sum: 1.0000000000000013
itereffortlevel: 0
--separating...
--find a better primal bound 0.15308614846146118 by Alternative descent Eigen
--found a cut state by heuristic 0.15308614846146118 0.08359725650924045 
iteration: 1686,  #states: 2792, valueb: 0.08359725650924045, activeness: 0.15308614846146118, primalobj: 0.9599101642506095, dualobj: -Inf
solve--
end solve-- RelaxOptimal OPTIMAL
 weights_sum: 1.0000000380707896
itereffortlevel: 0
--separating...
--find a better primal bound 0.14225049457358635 by Alternative descent Eigen
--found a cut state by heuristic 0.14225049457358635 0.08549266557551047 
iteration: 1687,  #states: 2793, valueb: 0.08549266557551047, activeness: 0.14225049457358635, primalobj: 0.9599044472368754, dualobj: -Inf
solve--
end solve-- RelaxOptimal OPTIMAL
 weights_sum: 0.9999999999999991
itereffortlevel: 0
--separating...
--find a better primal bound 0.11800019968888364 by Alternative descent Eigen
--found a cut state by heuristic 0.11800019968888364 0.0788824467323577 
iteration: 1688,  #states: 2794, valueb: 0.0788824467323577, activeness: 0.11800019968888364, primalobj: 0.9599028073313396, dualobj: -Inf
solve--
end solve-- RelaxOptimal OPTIMAL
 weights_sum: 1.000000490282067
itereffortlevel: 0
--separating...
--find a better primal bound 0.12084675728754024 by Alternative descent Eigen
--found a cut state by heuristic 0.12084675728754024 0.08250500821507573 
iteration: 1689,  #states: 2795, valueb: 0.08250500821507573, activeness: 0.12084675728754024, primalobj: 0.9599007994614026, dualobj: -Inf
solve--
end solve-- RelaxOptimal OPTIMAL
 weights_sum: 1.0000002003088457
itereffortlevel: 0
--separating...
--find a better primal bound 0.11903077344708977 by Alternative descent Eigen
--found a cut state by heuristic 0.11903077344708977 0.10050603916901808 
iteration: 1690,  #states: 2796, valueb: 0.10050603916901808, activeness: 0.11903077344708977, primalobj: 0.9598965163317579, dualobj: -Inf
solve--
end solve-- RelaxOptimal OPTIMAL
 weights_sum: 1.0
itereffortlevel: 0
--separating...
--find a better primal bound 0.15492351886309047 by Alternative descent Eigen
--found a cut state by heuristic 0.15492351886309047 0.09531834590355844 
iteration: 1691,  #states: 2797, valueb: 0.09531834590355844, activeness: 0.15492351886309047, primalobj: 0.9598897013546119, dualobj: -Inf
solve--
end solve-- RelaxOptimal OPTIMAL
 weights_sum: 1.0000011955368588
itereffortlevel: 0
--separating...
--find a better primal bound 0.13578382815097523 by Alternative descent Eigen
--found a cut state by heuristic 0.13578382815097523 0.06582560029045083 
iteration: 1692,  #states: 2798, valueb: 0.06582560029045083, activeness: 0.13578382815097523, primalobj: 0.9598873041841565, dualobj: -Inf
solve--
end solve-- RelaxOptimal OPTIMAL
 weights_sum: 1.000000038683247
itereffortlevel: 0
--separating...
--find a better primal bound 0.2125035710228262 by Alternative descent Eigen
--found a cut state by heuristic 0.2125035710228262 0.08935530984533883 
iteration: 1693,  #states: 2799, valueb: 0.08935530984533883, activeness: 0.2125035710228262, primalobj: 0.9598806269071353, dualobj: -Inf
solve--
end solve-- RelaxOptimal OPTIMAL
 weights_sum: 1.0000003609784718
itereffortlevel: 0
--separating...
--find a better primal bound 0.054801040353621606 by Alternative descent Eigen
--found a cut state by heuristic 0.054801040353621606 0.0421696719657955 
iteration: 1694,  #states: 2800, valueb: 0.0421696719657955, activeness: 0.054801040353621606, primalobj: 0.9598707732780137, dualobj: -Inf
solve--
end solve-- RelaxOptimal OPTIMAL
 weights_sum: 1.0000000000000002
itereffortlevel: 0
--separating...
--find a better primal bound 0.07958138295867762 by Alternative descent Eigen
--found a cut state by heuristic 0.07958138295867762 0.037549650241564314 
iteration: 1695,  #states: 2801, valueb: 0.037549650241564314, activeness: 0.07958138295867762, primalobj: 0.9598678989205761, dualobj: -Inf
solve--
end solve-- RelaxOptimal OPTIMAL
 weights_sum: 0.9999999999999984
itereffortlevel: 0
--separating...
--find a better primal bound 0.08790795189599279 by Alternative descent Eigen
--found a cut state by heuristic 0.08790795189599279 0.01882507415162224 
iteration: 1696,  #states: 2802, valueb: 0.01882507415162224, activeness: 0.08790795189599279, primalobj: 0.9598633901627306, dualobj: -Inf
solve--
end solve-- RelaxOptimal OPTIMAL
 weights_sum: 0.9999999999999989
itereffortlevel: 0
--separating...
--find a better primal bound 0.08070480358213014 by Alternative descent Eigen
--found a cut state by heuristic 0.08070480358213014 0.0270475853523264 
iteration: 1697,  #states: 2803, valueb: 0.0270475853523264, activeness: 0.08070480358213014, primalobj: 0.9598611035884248, dualobj: -Inf
solve--
end solve-- RelaxOptimal OPTIMAL
 weights_sum: 0.9999999999999992
itereffortlevel: 0
--separating...
--find a better primal bound 0.12097849438314616 by Alternative descent Eigen
--found a cut state by heuristic 0.12097849438314616 0.04245233932075236 
iteration: 1698,  #states: 2804, valueb: 0.04245233932075236, activeness: 0.12097849438314616, primalobj: 0.9598585266099853, dualobj: -Inf
solve--
end solve-- RelaxOptimal OPTIMAL
 weights_sum: 1.0000000292836164
itereffortlevel: 0
--separating...
--find a better primal bound 0.1330308653840395 by Alternative descent Eigen
--found a cut state by heuristic 0.1330308653840395 0.06715471053750792 
iteration: 1699,  #states: 2805, valueb: 0.06715471053750792, activeness: 0.1330308653840395, primalobj: 0.9598469921599238, dualobj: -Inf
solve--
end solve-- RelaxOptimal OPTIMAL
 weights_sum: 1.0000000000000016
itereffortlevel: 0
--separating...
--find a better primal bound 0.1416561915186541 by Alternative descent Eigen
--found a cut state by heuristic 0.1416561915186541 0.06634410538777105 
iteration: 1700,  #states: 2806, valueb: 0.06634410538777105, activeness: 0.1416561915186541, primalobj: 0.9598355425181434, dualobj: -Inf
solve--
end solve-- RelaxOptimal OPTIMAL
 weights_sum: 1.0000000000000009
itereffortlevel: 0
--separating...
--find a better primal bound 0.1448294274068917 by Alternative descent Eigen
--found a cut state by heuristic 0.1448294274068917 0.06572492859288052 
iteration: 1701,  #states: 2807, valueb: 0.06572492859288052, activeness: 0.1448294274068917, primalobj: 0.9598255195428004, dualobj: -Inf
solve--
end solve-- RelaxOptimal OPTIMAL
 weights_sum: 1.0000000000000007
itereffortlevel: 0
--separating...
--find a better primal bound 0.11016087481588491 by Alternative descent Eigen
--found a cut state by heuristic 0.11016087481588491 0.026626860805251684 
iteration: 1702,  #states: 2808, valueb: 0.026626860805251684, activeness: 0.11016087481588491, primalobj: 0.9598197252794964, dualobj: -Inf
solve--
end solve-- RelaxOptimal OPTIMAL
 weights_sum: 1.0000000000000002
itereffortlevel: 0
--separating...
--find a better primal bound 0.16143945078045024 by Alternative descent Eigen
--found a cut state by heuristic 0.16143945078045024 0.08760735543158568 
iteration: 1703,  #states: 2809, valueb: 0.08760735543158568, activeness: 0.16143945078045024, primalobj: 0.9598147801533244, dualobj: -Inf
solve--
end solve-- RelaxOptimal OPTIMAL
 weights_sum: 1.0
itereffortlevel: 0
--separating...
--find a better primal bound 0.11072732410463976 by Alternative descent Eigen
--found a cut state by heuristic 0.11072732410463976 0.06311065918478381 
iteration: 1704,  #states: 2810, valueb: 0.06311065918478381, activeness: 0.11072732410463976, primalobj: 0.9598072535756031, dualobj: -Inf
solve--
end solve-- RelaxOptimal OPTIMAL
 weights_sum: 1.0000000000000009
itereffortlevel: 0
--separating...
--find a better primal bound 0.12354809937578726 by Alternative descent Eigen
--found a cut state by heuristic 0.12354809937578726 0.05280150178288167 
iteration: 1705,  #states: 2811, valueb: 0.05280150178288167, activeness: 0.12354809937578726, primalobj: 0.9597989102436275, dualobj: -Inf
solve--
end solve-- RelaxOptimal OPTIMAL
 weights_sum: 0.9999999999999991
itereffortlevel: 0
--separating...
--find a better primal bound 0.11659137749309165 by Alternative descent Eigen
--found a cut state by heuristic 0.11659137749309165 0.047111611641302675 
iteration: 1706,  #states: 2812, valueb: 0.047111611641302675, activeness: 0.11659137749309165, primalobj: 0.9597926123749774, dualobj: -Inf
solve--
end solve-- RelaxOptimal OPTIMAL
 weights_sum: 1.0
itereffortlevel: 0
--separating...
--find a better primal bound 0.12454003014332818 by Alternative descent Eigen
--found a cut state by heuristic 0.12454003014332818 0.07606082884348456 
iteration: 1707,  #states: 2813, valueb: 0.07606082884348456, activeness: 0.12454003014332818, primalobj: 0.9597864821107143, dualobj: -Inf
solve--
end solve-- RelaxOptimal OPTIMAL
 weights_sum: 1.000000000000001
itereffortlevel: 0
--separating...
--find a better primal bound 0.119165346940013 by Alternative descent Eigen
--found a cut state by heuristic 0.119165346940013 0.05962250436707829 
iteration: 1708,  #states: 2814, valueb: 0.05962250436707829, activeness: 0.119165346940013, primalobj: 0.9597825533435007, dualobj: -Inf
solve--
end solve-- RelaxOptimal OPTIMAL
 weights_sum: 1.000000697144395
itereffortlevel: 0
--separating...
--find a better primal bound 0.10135668564817202 by Alternative descent Eigen
--found a cut state by heuristic 0.10135668564817202 0.06438885457182317 
iteration: 1709,  #states: 2815, valueb: 0.06438885457182317, activeness: 0.10135668564817202, primalobj: 0.9597777856503197, dualobj: -Inf
solve--
end solve-- RelaxOptimal OPTIMAL
 weights_sum: 1.0000000000000004
itereffortlevel: 0
--separating...
--find a better primal bound 0.12872908461495233 by Alternative descent Eigen
--found a cut state by heuristic 0.12872908461495233 0.052592789618807395 
iteration: 1710,  #states: 2816, valueb: 0.052592789618807395, activeness: 0.12872908461495233, primalobj: 0.9597770460951776, dualobj: -Inf
solve--
end solve-- RelaxOptimal OPTIMAL
 weights_sum: 1.000000000000001
itereffortlevel: 0
--separating...
--find a better primal bound 0.11190453094922914 by Alternative descent Eigen
--found a cut state by heuristic 0.11190453094922914 0.061836969050909095 
iteration: 1711,  #states: 2817, valueb: 0.061836969050909095, activeness: 0.11190453094922914, primalobj: 0.9597713668344883, dualobj: -Inf
solve--
end solve-- RelaxOptimal OPTIMAL
 weights_sum: 1.0
itereffortlevel: 0
--separating...
--find a better primal bound 0.13767734482192326 by Alternative descent Eigen
--found a cut state by heuristic 0.13767734482192326 0.06241659297994964 
iteration: 1712,  #states: 2818, valueb: 0.06241659297994964, activeness: 0.13767734482192326, primalobj: 0.9597701036457139, dualobj: -Inf
solve--
end solve-- RelaxOptimal OPTIMAL
 weights_sum: 1.0000000000000004
itereffortlevel: 0
--separating...
--find a better primal bound 0.15285483440694744 by Alternative descent Eigen
--found a cut state by heuristic 0.15285483440694744 0.056465523873270224 
iteration: 1713,  #states: 2819, valueb: 0.056465523873270224, activeness: 0.15285483440694744, primalobj: 0.9597622126749, dualobj: -Inf
solve--
end solve-- RelaxOptimal OPTIMAL
 weights_sum: 1.000000000000001
itereffortlevel: 0
--separating...
--find a better primal bound 0.07223297472276251 by Alternative descent Eigen
--found a cut state by heuristic 0.07223297472276251 0.028752057820112514 
iteration: 1714,  #states: 2820, valueb: 0.028752057820112514, activeness: 0.07223297472276251, primalobj: 0.9597587617630591, dualobj: -Inf
solve--
end solve-- RelaxOptimal OPTIMAL
 weights_sum: 0.9999999999999999
itereffortlevel: 0
--separating...
--find a better primal bound 0.12938324923423508 by Alternative descent Eigen
--found a cut state by heuristic 0.12938324923423508 0.0426099947937763 
iteration: 1715,  #states: 2821, valueb: 0.0426099947937763, activeness: 0.12938324923423508, primalobj: 0.9597567099834378, dualobj: -Inf
solve--
end solve-- RelaxOptimal OPTIMAL
 weights_sum: 0.9999999999999991
itereffortlevel: 0
--separating...
--find a better primal bound 0.1196641083290408 by Alternative descent Eigen
--found a cut state by heuristic 0.1196641083290408 0.03699282171922261 
iteration: 1716,  #states: 2822, valueb: 0.03699282171922261, activeness: 0.1196641083290408, primalobj: 0.9597525658091295, dualobj: -Inf
solve--
end solve-- RelaxOptimal OPTIMAL
 weights_sum: 1.0000000000000004
itereffortlevel: 0
--separating...
--find a better primal bound 0.13332815538001758 by Alternative descent Eigen
--found a cut state by heuristic 0.13332815538001758 0.07037452298374358 
iteration: 1717,  #states: 2823, valueb: 0.07037452298374358, activeness: 0.13332815538001758, primalobj: 0.9597475012974457, dualobj: -Inf
solve--
end solve-- RelaxOptimal OPTIMAL
 weights_sum: 0.9999999999999996
itereffortlevel: 0
--separating...
--find a better primal bound 0.1239322934476092 by Alternative descent Eigen
--found a cut state by heuristic 0.1239322934476092 0.06667842601459494 
iteration: 1718,  #states: 2824, valueb: 0.06667842601459494, activeness: 0.1239322934476092, primalobj: 0.9597452373174769, dualobj: -Inf
solve--
end solve-- RelaxOptimal OPTIMAL
 weights_sum: 1.0
itereffortlevel: 0
--separating...
--find a better primal bound 0.10372860166588334 by Alternative descent Eigen
--found a cut state by heuristic 0.10372860166588334 0.061174403161635055 
iteration: 1719,  #states: 2825, valueb: 0.061174403161635055, activeness: 0.10372860166588334, primalobj: 0.9597412392910384, dualobj: -Inf
solve--
end solve-- RelaxOptimal OPTIMAL
 weights_sum: 1.000000000000001
itereffortlevel: 0
--separating...
--find a better primal bound 0.12997397460391508 by Alternative descent Eigen
--found a cut state by heuristic 0.12997397460391508 0.06848311578853351 
iteration: 1720,  #states: 2826, valueb: 0.06848311578853351, activeness: 0.12997397460391508, primalobj: 0.9597394574833404, dualobj: -Inf
solve--
end solve-- RelaxOptimal OPTIMAL
 weights_sum: 0.9999999999999989
itereffortlevel: 0
--separating...
--find a better primal bound 0.07836792638394885 by Alternative descent Eigen
--found a cut state by heuristic 0.07836792638394885 0.0470427698404001 
iteration: 1721,  #states: 2827, valueb: 0.0470427698404001, activeness: 0.07836792638394885, primalobj: 0.9597313323366743, dualobj: -Inf
solve--
end solve-- RelaxOptimal OPTIMAL
 weights_sum: 1.0
itereffortlevel: 0
--separating...
--find a better primal bound 0.06500844406019299 by Alternative descent Eigen
--found a cut state by heuristic 0.06500844406019299 0.04655668586924671 
iteration: 1722,  #states: 2828, valueb: 0.04655668586924671, activeness: 0.06500844406019299, primalobj: 0.9597296319966143, dualobj: -Inf
solve--
end solve-- RelaxOptimal OPTIMAL
 weights_sum: 0.9999999999999999
itereffortlevel: 0
--separating...
--find a better primal bound 0.14477184389336137 by Alternative descent Eigen
--found a cut state by heuristic 0.14477184389336137 0.058860369669568646 
iteration: 1723,  #states: 2829, valueb: 0.058860369669568646, activeness: 0.14477184389336137, primalobj: 0.9597291264625679, dualobj: -Inf
solve--
end solve-- RelaxOptimal OPTIMAL
 weights_sum: 0.9999999999999998
itereffortlevel: 0
--separating...
--find a better primal bound 0.15457386435255124 by Alternative descent Eigen
--found a cut state by heuristic 0.15457386435255124 0.06786019203518902 
iteration: 1724,  #states: 2830, valueb: 0.06786019203518902, activeness: 0.15457386435255124, primalobj: 0.9597226551089102, dualobj: -Inf
solve--
end solve-- RelaxOptimal OPTIMAL
 weights_sum: 1.0000000000000004
itereffortlevel: 0
--separating...
--find a better primal bound 0.13149427179082987 by Alternative descent Eigen
--found a cut state by heuristic 0.13149427179082987 0.06101508034846257 
iteration: 1725,  #states: 2831, valueb: 0.06101508034846257, activeness: 0.13149427179082987, primalobj: 0.9597081009431507, dualobj: -Inf
solve--
end solve-- RelaxOptimal OPTIMAL
 weights_sum: 1.0000000000000007
itereffortlevel: 0
--separating...
--find a better primal bound 0.10672866769059162 by Alternative descent Eigen
--found a cut state by heuristic 0.10672866769059162 0.0497290277762011 
iteration: 1726,  #states: 2832, valueb: 0.0497290277762011, activeness: 0.10672866769059162, primalobj: 0.9597050032730053, dualobj: -Inf
solve--
end solve-- RelaxOptimal OPTIMAL
 weights_sum: 1.0000000000000007
itereffortlevel: 0
--separating...
--find a better primal bound 0.12097953602906897 by Alternative descent Eigen
--found a cut state by heuristic 0.12097953602906897 0.061506427453150464 
iteration: 1727,  #states: 2833, valueb: 0.061506427453150464, activeness: 0.12097953602906897, primalobj: 0.9596962831316564, dualobj: -Inf
solve--
end solve-- RelaxOptimal OPTIMAL
 weights_sum: 0.9999999999999996
itereffortlevel: 0
--separating...
--find a better primal bound 0.16395469279125574 by Alternative descent Eigen
--found a cut state by heuristic 0.16395469279125574 0.058995402917124 
iteration: 1728,  #states: 2834, valueb: 0.058995402917124, activeness: 0.16395469279125574, primalobj: 0.9596894883131114, dualobj: -Inf
solve--
end solve-- RelaxOptimal OPTIMAL
 weights_sum: 1.0000000000000004
itereffortlevel: 0
--separating...
--find a better primal bound 0.09771006667192086 by Alternative descent Eigen
--found a cut state by heuristic 0.09771006667192086 0.043307752963917256 
iteration: 1729,  #states: 2835, valueb: 0.043307752963917256, activeness: 0.09771006667192086, primalobj: 0.9596772128596454, dualobj: -Inf
solve--
end solve-- RelaxOptimal OPTIMAL
 weights_sum: 0.9999999999999998
itereffortlevel: 0
--separating...
--find a better primal bound 0.09623134949783133 by Alternative descent Eigen
--found a cut state by heuristic 0.09623134949783133 0.05135919822441777 
iteration: 1730,  #states: 2836, valueb: 0.05135919822441777, activeness: 0.09623134949783133, primalobj: 0.9596663329752118, dualobj: -Inf
solve--
end solve-- RelaxOptimal OPTIMAL
 weights_sum: 1.000000000016344
itereffortlevel: 0
--separating...
--find a better primal bound 0.14365753520533223 by Alternative descent Eigen
--found a cut state by heuristic 0.14365753520533223 0.07927452951567461 
iteration: 1731,  #states: 2837, valueb: 0.07927452951567461, activeness: 0.14365753520533223, primalobj: 0.9596603880500294, dualobj: -Inf
solve--
end solve-- RelaxOptimal OPTIMAL
 weights_sum: 1.0000018378779107
itereffortlevel: 0
--separating...
--find a better primal bound 0.13366934573845188 by Alternative descent Eigen
--found a cut state by heuristic 0.13366934573845188 0.05742404376135013 
iteration: 1732,  #states: 2838, valueb: 0.05742404376135013, activeness: 0.13366934573845188, primalobj: 0.9596496363494724, dualobj: -Inf
solve--
end solve-- RelaxOptimal OPTIMAL
 weights_sum: 0.9999999999999987
itereffortlevel: 0
--separating...
--find a better primal bound 0.14546727934515086 by Alternative descent Eigen
--found a cut state by heuristic 0.14546727934515086 0.0667105336368875 
iteration: 1733,  #states: 2839, valueb: 0.0667105336368875, activeness: 0.14546727934515086, primalobj: 0.9596457972284421, dualobj: -Inf
solve--
end solve-- RelaxOptimal OPTIMAL
 weights_sum: 0.9999999999999986
itereffortlevel: 0
--separating...
--find a better primal bound 0.13561462429084067 by Alternative descent Eigen
--found a cut state by heuristic 0.13561462429084067 0.07219120697457647 
iteration: 1734,  #states: 2840, valueb: 0.07219120697457647, activeness: 0.13561462429084067, primalobj: 0.9596395483282787, dualobj: -Inf
solve--
end solve-- RelaxOptimal OPTIMAL
 weights_sum: 1.0000021900413665
itereffortlevel: 0
--separating...
--find a better primal bound 0.14490129502466736 by Alternative descent Eigen
--found a cut state by heuristic 0.14490129502466736 0.09024162775380218 
iteration: 1735,  #states: 2841, valueb: 0.09024162775380218, activeness: 0.14490129502466736, primalobj: 0.9596322296015187, dualobj: -Inf
solve--
end solve-- RelaxOptimal OPTIMAL
 weights_sum: 1.000002640769717
itereffortlevel: 0
--separating...
--find a better primal bound 0.13681951367275502 by Alternative descent Eigen
--found a cut state by heuristic 0.13681951367275502 0.0710330126119164 
iteration: 1736,  #states: 2842, valueb: 0.0710330126119164, activeness: 0.13681951367275502, primalobj: 0.9596285852060832, dualobj: -Inf
solve--
end solve-- RelaxOptimal OPTIMAL
 weights_sum: 1.0
itereffortlevel: 0
--separating...
--find a better primal bound 0.10850067522923103 by Alternative descent Eigen
--found a cut state by heuristic 0.10850067522923103 0.07654489794351647 
iteration: 1737,  #states: 2843, valueb: 0.07654489794351647, activeness: 0.10850067522923103, primalobj: 0.9596142489025983, dualobj: -Inf
solve--
end solve-- RelaxOptimal OPTIMAL
 weights_sum: 1.0000000038908106
itereffortlevel: 0
--separating...
--find a better primal bound 0.14273601920801682 by Alternative descent Eigen
--found a cut state by heuristic 0.14273601920801682 0.09247063975104153 
iteration: 1738,  #states: 2844, valueb: 0.09247063975104153, activeness: 0.14273601920801682, primalobj: 0.9596096697911883, dualobj: -Inf
solve--
end solve-- RelaxOptimal OPTIMAL
 weights_sum: 1.000000000000001
itereffortlevel: 0
--separating...
--find a better primal bound 0.17054790846253826 by Alternative descent Eigen
--found a cut state by heuristic 0.17054790846253826 0.08247166653397808 
iteration: 1739,  #states: 2845, valueb: 0.08247166653397808, activeness: 0.17054790846253826, primalobj: 0.9596062404921969, dualobj: -Inf
solve--
end solve-- RelaxOptimal OPTIMAL
 weights_sum: 0.9999999999999992
itereffortlevel: 0
--separating...
--find a better primal bound 0.16035502073638352 by Alternative descent Eigen
--found a cut state by heuristic 0.16035502073638352 0.082707227434489 
iteration: 1740,  #states: 2846, valueb: 0.082707227434489, activeness: 0.16035502073638352, primalobj: 0.9595971494156484, dualobj: -Inf
solve--
end solve-- RelaxOptimal OPTIMAL
 weights_sum: 1.0000000000000018
itereffortlevel: 0
--separating...
--find a better primal bound 0.1484108650047613 by Alternative descent Eigen
--found a cut state by heuristic 0.1484108650047613 0.09509766711289248 
iteration: 1741,  #states: 2847, valueb: 0.09509766711289248, activeness: 0.1484108650047613, primalobj: 0.9595876659900907, dualobj: -Inf
solve--
end solve-- RelaxOptimal OPTIMAL
 weights_sum: 1.0000000000000009
itereffortlevel: 0
--separating...
--find a better primal bound 0.14734251611487018 by Alternative descent Eigen
--found a cut state by heuristic 0.14734251611487018 0.08899473444975886 
iteration: 1742,  #states: 2848, valueb: 0.08899473444975886, activeness: 0.14734251611487018, primalobj: 0.9595846097563081, dualobj: -Inf
solve--
end solve-- RelaxOptimal OPTIMAL
 weights_sum: 1.0
itereffortlevel: 0
--separating...
--find a better primal bound 0.12883775000627518 by Alternative descent Eigen
--found a cut state by heuristic 0.12883775000627518 0.09547083543580358 
iteration: 1743,  #states: 2849, valueb: 0.09547083543580358, activeness: 0.12883775000627518, primalobj: 0.9595793784060621, dualobj: -Inf
solve--
end solve-- RelaxOptimal OPTIMAL
 weights_sum: 1.0000000000000004
itereffortlevel: 0
--separating...
--find a better primal bound 0.18138237544688918 by Alternative descent Eigen
--found a cut state by heuristic 0.18138237544688918 0.0882901841623342 
iteration: 1744,  #states: 2850, valueb: 0.0882901841623342, activeness: 0.18138237544688918, primalobj: 0.959578346743283, dualobj: -Inf
solve--
end solve-- RelaxOptimal OPTIMAL
 weights_sum: 1.000000504298647
itereffortlevel: 0
--separating...
--find a better primal bound 0.14299574294052678 by Alternative descent Eigen
--found a cut state by heuristic 0.14299574294052678 0.1141389401106244 
iteration: 1745,  #states: 2851, valueb: 0.1141389401106244, activeness: 0.14299574294052678, primalobj: 0.9595699567622862, dualobj: -Inf
solve--
end solve-- RelaxOptimal OPTIMAL
 weights_sum: 1.0000000000000002
itereffortlevel: 0
--separating...
--find a better primal bound 0.17265535468416196 by Alternative descent Eigen
--found a cut state by heuristic 0.17265535468416196 0.1290730357716699 
iteration: 1746,  #states: 2852, valueb: 0.1290730357716699, activeness: 0.17265535468416196, primalobj: 0.9595677742859725, dualobj: -Inf
solve--
end solve-- RelaxOptimal OPTIMAL
 weights_sum: 1.0000008218119776
itereffortlevel: 0
--separating...
--find a better primal bound 0.1844476086464868 by Alternative descent Eigen
--found a cut state by heuristic 0.1844476086464868 0.12351743063747211 
iteration: 1747,  #states: 2853, valueb: 0.12351743063747211, activeness: 0.1844476086464868, primalobj: 0.9595650651523521, dualobj: -Inf
solve--
end solve-- RelaxOptimal OPTIMAL
 weights_sum: 1.0000000000000004
itereffortlevel: 0
--separating...
--find a better primal bound 0.1773461279272761 by Alternative descent Eigen
--found a cut state by heuristic 0.1773461279272761 0.14205135003216385 
iteration: 1748,  #states: 2854, valueb: 0.14205135003216385, activeness: 0.1773461279272761, primalobj: 0.9595591133296771, dualobj: -Inf
solve--
end solve-- RelaxOptimal OPTIMAL
 weights_sum: 1.0000000000000007
itereffortlevel: 0
--separating...
--find a better primal bound 0.17001159364742252 by Alternative descent Eigen
--found a cut state by heuristic 0.17001159364742252 0.1300592886189249 
iteration: 1749,  #states: 2855, valueb: 0.1300592886189249, activeness: 0.17001159364742252, primalobj: 0.9595566457396294, dualobj: -Inf
solve--
end solve-- RelaxOptimal OPTIMAL
 weights_sum: 1.0
itereffortlevel: 0
--separating...
--find a better primal bound 0.20104980264223257 by Alternative descent Eigen
--found a cut state by heuristic 0.20104980264223257 0.12258876340395725 
iteration: 1750,  #states: 2856, valueb: 0.12258876340395725, activeness: 0.20104980264223257, primalobj: 0.9595548741086279, dualobj: -Inf
solve--
end solve-- RelaxOptimal OPTIMAL
 weights_sum: 1.0000000261959483
itereffortlevel: 0
--separating...
--find a better primal bound 0.13631555346202734 by Alternative descent Eigen
--found a cut state by heuristic 0.13631555346202734 0.11285120924114114 
iteration: 1751,  #states: 2857, valueb: 0.11285120924114114, activeness: 0.13631555346202734, primalobj: 0.9595464720580896, dualobj: -Inf
solve--
end solve-- RelaxOptimal OPTIMAL
 weights_sum: 1.0000000000000004
itereffortlevel: 0
--separating...
--find a better primal bound 0.211869541045321 by Alternative descent Eigen
--found a cut state by heuristic 0.211869541045321 0.11125487412920247 
iteration: 1752,  #states: 2858, valueb: 0.11125487412920247, activeness: 0.211869541045321, primalobj: 0.959544965921481, dualobj: -Inf
solve--
end solve-- RelaxOptimal OPTIMAL
 weights_sum: 1.0000000000000004
itereffortlevel: 0
--separating...
--find a better primal bound 0.20988587359694907 by Alternative descent Eigen
--found a cut state by heuristic 0.20988587359694907 0.11168544573919917 
iteration: 1753,  #states: 2859, valueb: 0.11168544573919917, activeness: 0.20988587359694907, primalobj: 0.9595328620471475, dualobj: -Inf
solve--
end solve-- RelaxOptimal OPTIMAL
 weights_sum: 1.0000000000000009
itereffortlevel: 0
--separating...
--find a better primal bound 0.18265924401040906 by Alternative descent Eigen
--found a cut state by heuristic 0.18265924401040906 0.13704487283582303 
iteration: 1754,  #states: 2860, valueb: 0.13704487283582303, activeness: 0.18265924401040906, primalobj: 0.9595159717286919, dualobj: -Inf
solve--
end solve-- RelaxOptimal OPTIMAL
 weights_sum: 1.0000001306259731
itereffortlevel: 0
--separating...
--find a better primal bound 0.1680865902026456 by Alternative descent Eigen
--found a cut state by heuristic 0.1680865902026456 0.13859061807021517 
iteration: 1755,  #states: 2861, valueb: 0.13859061807021517, activeness: 0.1680865902026456, primalobj: 0.9595109208939987, dualobj: -Inf
solve--
end solve-- RelaxOptimal OPTIMAL
 weights_sum: 1.0000000000000002
itereffortlevel: 0
--separating...
--find a better primal bound 0.21668186654898558 by Alternative descent Eigen
--found a cut state by heuristic 0.21668186654898558 0.13376373029633604 
iteration: 1756,  #states: 2862, valueb: 0.13376373029633604, activeness: 0.21668186654898558, primalobj: 0.9595092110885057, dualobj: -Inf
solve--
end solve-- RelaxOptimal OPTIMAL
 weights_sum: 0.9999999999999999
itereffortlevel: 0
--separating...
--find a better primal bound 0.2183964205305165 by Alternative descent Eigen
--found a cut state by heuristic 0.2183964205305165 0.14210157147149124 
iteration: 1757,  #states: 2863, valueb: 0.14210157147149124, activeness: 0.2183964205305165, primalobj: 0.9595047820533763, dualobj: -Inf
solve--
end solve-- RelaxOptimal OPTIMAL
 weights_sum: 0.999999999999999
itereffortlevel: 0
--separating...
--find a better primal bound 0.18524874233257266 by Alternative descent Eigen
--found a cut state by heuristic 0.18524874233257266 0.16345419698230113 
iteration: 1758,  #states: 2864, valueb: 0.16345419698230113, activeness: 0.18524874233257266, primalobj: 0.9594988834701809, dualobj: -Inf
solve--
end solve-- RelaxOptimal OPTIMAL
 weights_sum: 1.000000285551671
itereffortlevel: 0
--separating...
--find a better primal bound 0.19938606667743844 by Alternative descent Eigen
--found a cut state by heuristic 0.19938606667743844 0.15374908199886675 
iteration: 1759,  #states: 2865, valueb: 0.15374908199886675, activeness: 0.19938606667743844, primalobj: 0.9594951899695092, dualobj: -Inf
solve--
end solve-- RelaxOptimal OPTIMAL
 weights_sum: 1.0000000000000009
itereffortlevel: 0
--separating...
--find a better primal bound 0.23882403699895027 by Alternative descent Eigen
--found a cut state by heuristic 0.23882403699895027 0.16505908339025216 
iteration: 1760,  #states: 2866, valueb: 0.16505908339025216, activeness: 0.23882403699895027, primalobj: 0.9594897109646723, dualobj: -Inf
solve--
end solve-- RelaxOptimal OPTIMAL
 weights_sum: 0.9999999999999984
itereffortlevel: 0
--separating...
--find a better primal bound 0.23687984598955564 by Alternative descent Eigen
--found a cut state by heuristic 0.23687984598955564 0.16239342317383948 
iteration: 1761,  #states: 2867, valueb: 0.16239342317383948, activeness: 0.23687984598955564, primalobj: 0.9594857411781337, dualobj: -Inf
solve--
end solve-- RelaxOptimal OPTIMAL
 weights_sum: 1.0000000000000002
itereffortlevel: 0
--separating...
--find a better primal bound 0.24658443453674436 by Alternative descent Eigen
--found a cut state by heuristic 0.24658443453674436 0.14669290400065363 
iteration: 1762,  #states: 2868, valueb: 0.14669290400065363, activeness: 0.24658443453674436, primalobj: 0.9594814446507574, dualobj: -Inf
solve--
end solve-- RelaxOptimal OPTIMAL
 weights_sum: 1.0000000000000004
itereffortlevel: 0
--separating...
--find a better primal bound 0.23113173285575153 by Alternative descent Eigen
--found a cut state by heuristic 0.23113173285575153 0.13808826932547832 
iteration: 1763,  #states: 2869, valueb: 0.13808826932547832, activeness: 0.23113173285575153, primalobj: 0.9594784049426222, dualobj: -Inf
solve--
end solve-- RelaxOptimal OPTIMAL
 weights_sum: 0.9999999999999996
itereffortlevel: 0
--separating...
--find a better primal bound 0.17928900288881766 by Alternative descent Eigen
--found a cut state by heuristic 0.17928900288881766 0.1224773549564334 
iteration: 1764,  #states: 2870, valueb: 0.1224773549564334, activeness: 0.17928900288881766, primalobj: 0.9594703770708484, dualobj: -Inf
solve--
end solve-- RelaxOptimal OPTIMAL
 weights_sum: 1.0000000000000004
itereffortlevel: 0
--separating...
--find a better primal bound 0.17903378325500466 by Alternative descent Eigen
--found a cut state by heuristic 0.17903378325500466 0.12581997060087413 
iteration: 1765,  #states: 2871, valueb: 0.12581997060087413, activeness: 0.17903378325500466, primalobj: 0.959467614597682, dualobj: -Inf
solve--
end solve-- RelaxOptimal OPTIMAL
 weights_sum: 0.9999999999999989
itereffortlevel: 0
--separating...
--find a better primal bound 0.2004081039277477 by Alternative descent Eigen
--found a cut state by heuristic 0.2004081039277477 0.13135512005320701 
iteration: 1766,  #states: 2872, valueb: 0.13135512005320701, activeness: 0.2004081039277477, primalobj: 0.9594657634172409, dualobj: -Inf
solve--
end solve-- RelaxOptimal OPTIMAL
 weights_sum: 0.9999999999999998
itereffortlevel: 0
--separating...
--find a better primal bound 0.2222622483378963 by Alternative descent Eigen
--found a cut state by heuristic 0.2222622483378963 0.12887399439137273 
iteration: 1767,  #states: 2873, valueb: 0.12887399439137273, activeness: 0.2222622483378963, primalobj: 0.9594628638453824, dualobj: -Inf
solve--
end solve-- RelaxOptimal OPTIMAL
 weights_sum: 1.0000000000000009
itereffortlevel: 0
--separating...
--find a better primal bound 0.190856919110869 by Alternative descent Eigen
--found a cut state by heuristic 0.190856919110869 0.1381222458397479 
iteration: 1768,  #states: 2874, valueb: 0.1381222458397479, activeness: 0.190856919110869, primalobj: 0.9594532890894933, dualobj: -Inf
solve--
end solve-- RelaxOptimal OPTIMAL
 weights_sum: 0.9999999999999992
itereffortlevel: 0
--separating...
--find a better primal bound 0.16567573498289836 by Alternative descent Eigen
--found a cut state by heuristic 0.16567573498289836 0.13038095304449893 
iteration: 1769,  #states: 2875, valueb: 0.13038095304449893, activeness: 0.16567573498289836, primalobj: 0.9594522857732223, dualobj: -Inf
solve--
end solve-- RelaxOptimal OPTIMAL
 weights_sum: 0.9999999999999996
itereffortlevel: 0
--separating...
--find a better primal bound 0.1752693611750712 by Alternative descent Eigen
--found a cut state by heuristic 0.1752693611750712 0.1469103222024928 
iteration: 1770,  #states: 2876, valueb: 0.1469103222024928, activeness: 0.1752693611750712, primalobj: 0.9594481220800594, dualobj: -Inf
solve--
end solve-- RelaxOptimal OPTIMAL
 weights_sum: 1.0000000000000009
itereffortlevel: 0
--separating...
--find a better primal bound 0.15331786306792722 by Alternative descent Eigen
--found a cut state by heuristic 0.15331786306792722 0.1513099211531816 
iteration: 1771,  #states: 2877, valueb: 0.1513099211531816, activeness: 0.15331786306792722, primalobj: 0.9594461469188054, dualobj: -Inf
solve--
end solve-- RelaxOptimal OPTIMAL
 weights_sum: 0.9999999999999997
itereffortlevel: 0
--separating...
--find a better primal bound 0.22961708014791776 by Alternative descent Eigen
--found a cut state by heuristic 0.22961708014791776 0.1481493795929919 
iteration: 1772,  #states: 2878, valueb: 0.1481493795929919, activeness: 0.22961708014791776, primalobj: 0.9594460299258488, dualobj: -Inf
solve--
end solve-- RelaxOptimal OPTIMAL
 weights_sum: 0.9999999999999998
itereffortlevel: 0
--separating...
--find a better primal bound 0.22531144550683435 by Alternative descent Eigen
--found a cut state by heuristic 0.22531144550683435 0.15715253951217656 
iteration: 1773,  #states: 2879, valueb: 0.15715253951217656, activeness: 0.22531144550683435, primalobj: 0.9594376689495299, dualobj: -Inf
solve--
end solve-- RelaxOptimal OPTIMAL
 weights_sum: 1.0
itereffortlevel: 0
--separating...
--find a better primal bound 0.2085672432897696 by Alternative descent Eigen
--found a cut state by heuristic 0.2085672432897696 0.1472006050907494 
iteration: 1774,  #states: 2880, valueb: 0.1472006050907494, activeness: 0.2085672432897696, primalobj: 0.9594295054188002, dualobj: -Inf
solve--
end solve-- RelaxOptimal OPTIMAL
 weights_sum: 0.9999999999999997
itereffortlevel: 0
--separating...
--find a better primal bound 0.20032147533515227 by Alternative descent Eigen
--found a cut state by heuristic 0.20032147533515227 0.13506747479008974 
iteration: 1775,  #states: 2881, valueb: 0.13506747479008974, activeness: 0.20032147533515227, primalobj: 0.9594243666638005, dualobj: -Inf
solve--
end solve-- RelaxOptimal OPTIMAL
 weights_sum: 0.9999999999999999
itereffortlevel: 0
--separating...
--find a better primal bound 0.2045437709797076 by Alternative descent Eigen
--found a cut state by heuristic 0.2045437709797076 0.13807824448208642 
iteration: 1776,  #states: 2882, valueb: 0.13807824448208642, activeness: 0.2045437709797076, primalobj: 0.9594209209985838, dualobj: -Inf
solve--
end solve-- RelaxOptimal OPTIMAL
 weights_sum: 1.0000000000000004
itereffortlevel: 0
--separating...
--find a better primal bound 0.1923972193397407 by Alternative descent Eigen
--found a cut state by heuristic 0.1923972193397407 0.12150106034685536 
iteration: 1777,  #states: 2883, valueb: 0.12150106034685536, activeness: 0.1923972193397407, primalobj: 0.9594145368541804, dualobj: -Inf
Time limit is almost reached
solve--
end solve-- RelaxOptimal OPTIMAL
entering gap-closing phase: time limit 10800.0 -> 10810.731101989746 s
 weights_sum: 1.0000000000000002
itereffortlevel: 2
--separating...
--find a better primal bound 0.2263865973055229 by Alternative descent Eigen
--find a better primal bound 0.2888756923163786 by Alternative descent Eigen
--node number: 1, dual bound: 0.6569303633685066, branchnode bound: 0.6569303633685066,
         primal out bound: 0.2888756923163786, primal bound: 0.2888756923163786, cutoff bound: 0.14040056615060828,  gap: 0.368054671052128,
         rel_gap: 0.5602643622147008, nleaves: 1,
         Zdepth: 2, bbounddistance: 0.4915703056042571, branchscore: 0.5844806554276146, maxdepth: 0, focusdepth: 0
--node number: 3, dual bound: 0.5862607028037732, branchnode bound: 0.5862607028037732,
         primal out bound: 0.2888756923163786, primal bound: 0.2888756923163786, cutoff bound: 0.14040056615060828,  gap: 0.2973850104873946,
         rel_gap: 0.5072572817266452, nleaves: 2,
         Zdepth: 3, bbounddistance: 0.4951268944461806, branchscore: 0.4513714513936205, maxdepth: 1, focusdepth: 1
--find a better primal bound 0.2888802417827064 by Alternative descent Eigen
--node number: 5, dual bound: 0.5858814922527457, branchnode bound: 0.5858814922527457,
         primal out bound: 0.2888802417827064, primal bound: 0.2888802417827064, cutoff bound: 0.14040056615060828,  gap: 0.2970012504700393,
         rel_gap: 0.5069305898844041, nleaves: 3,
         Zdepth: 1, bbounddistance: 0.1700185603747469, branchscore: 0.4428602643278519, maxdepth: 2, focusdepth: 1
--node number: 7, dual bound: 0.5817699839055068, branchnode bound: 0.5817699839055068,
         primal out bound: 0.2888802417827064, primal bound: 0.2888802417827064, cutoff bound: 0.14040056615060828,  gap: 0.29288974212280044,
         rel_gap: 0.5034459498178109, nleaves: 4,
         Zdepth: 3, bbounddistance: 0.4763938025823183, branchscore: 0.44665166720864946, maxdepth: 2, focusdepth: 2
--node number: 9, dual bound: 0.5799090163824967, branchnode bound: 0.5799090163824967,
         primal out bound: 0.2888802417827064, primal bound: 0.2888802417827064, cutoff bound: 0.14040056615060828,  gap: 0.2910287745997903,
         rel_gap: 0.5018524740574708, nleaves: 5,
         Zdepth: 1, bbounddistance: 0.05863091167899867, branchscore: 0.47485439617088504, maxdepth: 3, focusdepth: 2
--node number: 11, dual bound: 0.5776658252604839, branchnode bound: 0.5776658252604839,
         primal out bound: 0.2888802417827064, primal bound: 0.2888802417827064, cutoff bound: 0.14040056615060828,  gap: 0.28878558347777755,
         rel_gap: 0.49991806828378144, nleaves: 6,
         Zdepth: 1, bbounddistance: 0.3450698448286859, branchscore: 0.4368258436509904, maxdepth: 3, focusdepth: 3
--find a better primal bound 0.2888803302764559 by Alternative descent Eigen
--node number: 13, dual bound: 0.5728945219443466, branchnode bound: 0.5728945219443466,
         primal out bound: 0.2888803302764559, primal bound: 0.2888803302764559, cutoff bound: 0.14040056615060828,  gap: 0.28401419166789077,
         rel_gap: 0.4957530239667418, nleaves: 7,
         Zdepth: 1, bbounddistance: 0.3032686790691337, branchscore: 0.48186810946203174, maxdepth: 4, focusdepth: 3
--max node number reached: 15, terminated
--node number: 15, dual bound: 0.570278771645894, branchnode bound: 0.570278771645894,
         primal out bound: 0.2888803302764559, primal bound: 0.2888803302764559, cutoff bound: 0.14040056615060828,  gap: 0.28139844136943815,
         rel_gap: 0.4934401478022546, nleaves: 8,
         Zdepth: 1, bbounddistance: 0.05589762390383779, branchscore: 0.47037619951500387, maxdepth: 4, focusdepth: 4
iteration: 1778,  #states: 2884, valueb: 0.14040056615060828, activeness: 0.2888803302764559, primalobj: 0.9594095435977436, dualobj: 0.5295313381024579
solve--
end solve-- RelaxOptimal OPTIMAL
 weights_sum: 1.0
itereffortlevel: 2
--separating...
--find a better primal bound 0.20436887842081672 by Alternative descent Eigen
--find a better primal bound 0.25007883187212276 by Alternative descent Eigen
--node number: 1, dual bound: 0.6659060713619083, branchnode bound: 0.6659060713619083,
         primal out bound: 0.25007883187212276, primal bound: 0.25007883187212276, cutoff bound: 0.14246912987449695,  gap: 0.4158272394897855,
         rel_gap: 0.6244532935994072, nleaves: 1,
         Zdepth: 2, bbounddistance: 0.4826053802948607, branchscore: 0.6326548974092154, maxdepth: 0, focusdepth: 0
--node number: 3, dual bound: 0.5960544064088467, branchnode bound: 0.5960544064088467,
         primal out bound: 0.25007883187212276, primal bound: 0.25007883187212276, cutoff bound: 0.14246912987449695,  gap: 0.3459755745367239,
         rel_gap: 0.5804429441620665, nleaves: 2,
         Zdepth: 1, bbounddistance: 0.16030024071681434, branchscore: 0.5428675985842685, maxdepth: 1, focusdepth: 1
--node number: 5, dual bound: 0.5952974096877119, branchnode bound: 0.5952974096877119,
         primal out bound: 0.25007883187212276, primal bound: 0.25007883187212276, cutoff bound: 0.14246912987449695,  gap: 0.3452185778155892,
         rel_gap: 0.5799094237562498, nleaves: 3,
         Zdepth: 1, bbounddistance: 0.15134106974971082, branchscore: 0.48602246762277945, maxdepth: 2, focusdepth: 1
--find a better primal bound 0.25008065886375497 by Alternative descent Eigen
--node number: 7, dual bound: 0.5918046782125177, branchnode bound: 0.5918046782125177,
         primal out bound: 0.25008065886375497, primal bound: 0.25008065886375497, cutoff bound: 0.14246912987449695,  gap: 0.34172401934876273,
         rel_gap: 0.5774270328191783, nleaves: 4,
         Zdepth: 1, bbounddistance: 0.35844091219066454, branchscore: 0.42878424101806556, maxdepth: 2, focusdepth: 2
--node number: 9, dual bound: 0.5914837395867605, branchnode bound: 0.5914837395867605,
         primal out bound: 0.25008065886375497, primal bound: 0.25008065886375497, cutoff bound: 0.14246912987449695,  gap: 0.3414030807230055,
         rel_gap: 0.5771977450496381, nleaves: 5,
         Zdepth: 3, bbounddistance: 0.49420878537096136, branchscore: 0.4324534891456129, maxdepth: 3, focusdepth: 2
--find a better primal bound 0.2531261527747682 by Alternative descent Eigen
--node number: 11, dual bound: 0.5912662318766907, branchnode bound: 0.5912662318766907,
         primal out bound: 0.2531261527747682, primal bound: 0.2531261527747682, cutoff bound: 0.14246912987449695,  gap: 0.3381400791019225,
         rel_gap: 0.5718914101159798, nleaves: 6,
         Zdepth: 1, bbounddistance: 0.051411447019190565, branchscore: 0.4771076765945949, maxdepth: 3, focusdepth: 2
--find a better primal bound 0.2531365218882966 by Alternative descent Eigen
--node number: 13, dual bound: 0.5902046589814176, branchnode bound: 0.5902046589814176,
         primal out bound: 0.2531365218882966, primal bound: 0.2531365218882966, cutoff bound: 0.14246912987449695,  gap: 0.337068137093121,
         rel_gap: 0.5711038229939379, nleaves: 7,
         Zdepth: 1, bbounddistance: 0.05784646082041478, branchscore: 0.5364634237642609, maxdepth: 3, focusdepth: 2
--max node number reached: 15, terminated
--node number: 15, dual bound: 0.5898731891865366, branchnode bound: 0.5898731891865366,
         primal out bound: 0.2531365218882966, primal bound: 0.2531365218882966, cutoff bound: 0.14246912987449695,  gap: 0.33673666729824003,
         rel_gap: 0.5708628116538336, nleaves: 8,
         Zdepth: 1, bbounddistance: 0.34540898421504346, branchscore: 0.43015155187162557, maxdepth: 3, focusdepth: 3
iteration: 1779,  #states: 2885, valueb: 0.14246912987449695, activeness: 0.2531365218882966, primalobj: 0.9593941986916601, dualobj: 0.5295313381024579
solve--
end solve-- RelaxOptimal OPTIMAL
 weights_sum: 1.0
itereffortlevel: 2
--separating...
--find a better primal bound 0.20539605895638427 by Alternative descent Eigen
--find a better primal bound 0.23204314353868294 by Alternative descent Eigen
--node number: 1, dual bound: 0.6516303402687459, branchnode bound: 0.6516303402687459,
         primal out bound: 0.23204314353868294, primal bound: 0.23204314353868294, cutoff bound: 0.1363117062662857,  gap: 0.41958719673006295,
         rel_gap: 0.6439037147303738, nleaves: 1,
         Zdepth: 2, bbounddistance: 0.482665894634963, branchscore: 0.5899043809289946, maxdepth: 0, focusdepth: 0
--node number: 3, dual bound: 0.5887486103691213, branchnode bound: 0.5887486103691213,
         primal out bound: 0.23204314353868294, primal bound: 0.23204314353868294, cutoff bound: 0.1363117062662857,  gap: 0.35670546683043836,
         rel_gap: 0.6058705881391356, nleaves: 2,
         Zdepth: 1, bbounddistance: 0.2441389474058369, branchscore: 0.47661006196053307, maxdepth: 1, focusdepth: 1
--node number: 5, dual bound: 0.5867815237217466, branchnode bound: 0.5867815237217466,
         primal out bound: 0.23204314353868294, primal bound: 0.23204314353868294, cutoff bound: 0.1363117062662857,  gap: 0.3547383801830637,
         rel_gap: 0.6045493353865068, nleaves: 3,
         Zdepth: 1, bbounddistance: 0.3498536929050497, branchscore: 0.45129481374192304, maxdepth: 2, focusdepth: 2
--node number: 7, dual bound: 0.5865384421846724, branchnode bound: 0.5865384421846724,
         primal out bound: 0.23204314353868294, primal bound: 0.23204314353868294, cutoff bound: 0.1363117062662857,  gap: 0.3544952986459895,
         rel_gap: 0.6043854471423992, nleaves: 4,
         Zdepth: 1, bbounddistance: 0.026706324578728596, branchscore: 0.4788012830219589, maxdepth: 3, focusdepth: 2
--node number: 9, dual bound: 0.5861148632351383, branchnode bound: 0.5861148632351383,
         primal out bound: 0.23204314353868294, primal bound: 0.23204314353868294, cutoff bound: 0.1363117062662857,  gap: 0.35407171969645534,
         rel_gap: 0.6040995407318452, nleaves: 5,
         Zdepth: 1, bbounddistance: 0.1941141128115137, branchscore: 0.49948072534589216, maxdepth: 3, focusdepth: 1
--node number: 11, dual bound: 0.5835871993617803, branchnode bound: 0.5835871993617803,
         primal out bound: 0.23204314353868294, primal bound: 0.23204314353868294, cutoff bound: 0.1363117062662857,  gap: 0.35154405582309733,
         rel_gap: 0.6023847956355985, nleaves: 6,
         Zdepth: 1, bbounddistance: 0.2846559413422049, branchscore: 0.48025988022336885, maxdepth: 3, focusdepth: 2
--find a better primal bound 0.23356492083730346 by Alternative descent Eigen
--find a better primal bound 0.24760221904831387 by Alternative descent Eigen
--node number: 13, dual bound: 0.5830180986536613, branchnode bound: 0.5830180986536613,
         primal out bound: 0.24760221904831387, primal bound: 0.24760221904831387, cutoff bound: 0.1363117062662857,  gap: 0.3354158796053474,
         rel_gap: 0.5753095493603182, nleaves: 7,
         Zdepth: 1, bbounddistance: 0.3063535162178225, branchscore: 0.47047342797077557, maxdepth: 3, focusdepth: 2
--max node number reached: 15, terminated
--node number: 15, dual bound: 0.5827367312808351, branchnode bound: 0.5827367312808351,
         primal out bound: 0.24760221904831387, primal bound: 0.24760221904831387, cutoff bound: 0.1363117062662857,  gap: 0.3351345122325213,
         rel_gap: 0.5751044927199067, nleaves: 8,
         Zdepth: 3, bbounddistance: 0.44644850759231736, branchscore: 0.44951156140215254, maxdepth: 3, focusdepth: 3
iteration: 1780,  #states: 2886, valueb: 0.1363117062662857, activeness: 0.24760221904831387, primalobj: 0.959380095131779, dualobj: 0.5295313381024579
solve--
end solve-- RelaxOptimal OPTIMAL
 weights_sum: 1.0000001325988783
itereffortlevel: 2
--separating...
--find a better primal bound 0.21167826779522536 by Alternative descent Eigen
--node number: 1, dual bound: 0.6429051926387273, branchnode bound: 0.6429051926387273,
         primal out bound: 0.21167826779522536, primal bound: 0.21167826779522536, cutoff bound: 0.1203050005089459,  gap: 0.4312269248435019,
         rel_gap: 0.670747304238721, nleaves: 1,
         Zdepth: 2, bbounddistance: 0.497165800344181, branchscore: 0.5863870016884337, maxdepth: 0, focusdepth: 0
--find a better primal bound 0.22740491213250164 by Alternative descent Eigen
--find a better primal bound 0.23009157737510058 by Alternative descent Eigen
--node number: 3, dual bound: 0.5853616049919239, branchnode bound: 0.5853616049919239,
         primal out bound: 0.23009157737510058, primal bound: 0.23009157737510058, cutoff bound: 0.1203050005089459,  gap: 0.35527002761682336,
         rel_gap: 0.606924035650963, nleaves: 2,
         Zdepth: 1, bbounddistance: 0.24567328638055247, branchscore: 0.4880332922621604, maxdepth: 1, focusdepth: 1
--node number: 5, dual bound: 0.582138193609618, branchnode bound: 0.582138193609618,
         primal out bound: 0.23009157737510058, primal bound: 0.23009157737510058, cutoff bound: 0.1203050005089459,  gap: 0.3520466162345175,
         rel_gap: 0.6047474982728929, nleaves: 3,
         Zdepth: 1, bbounddistance: 0.32795801921402645, branchscore: 0.45663640149049955, maxdepth: 2, focusdepth: 2
--node number: 7, dual bound: 0.5811636049933321, branchnode bound: 0.5811636049933321,
         primal out bound: 0.23009157737510058, primal bound: 0.23009157737510058, cutoff bound: 0.1203050005089459,  gap: 0.35107202761823153,
         rel_gap: 0.6040846752994099, nleaves: 4,
         Zdepth: 1, bbounddistance: 0.02712466097297528, branchscore: 0.46315076598056587, maxdepth: 3, focusdepth: 2
--node number: 9, dual bound: 0.5775873876994131, branchnode bound: 0.5775873876994131,
         primal out bound: 0.23009157737510058, primal bound: 0.23009157737510058, cutoff bound: 0.1203050005089459,  gap: 0.34749581032431254,
         rel_gap: 0.6016333073137595, nleaves: 5,
         Zdepth: 3, bbounddistance: 0.4839331096964199, branchscore: 0.4299424232414155, maxdepth: 3, focusdepth: 3
--node number: 11, dual bound: 0.5769330148776654, branchnode bound: 0.5769330148776654,
         primal out bound: 0.23009157737510058, primal bound: 0.23009157737510058, cutoff bound: 0.1203050005089459,  gap: 0.3468414375025648,
         rel_gap: 0.6011814691799361, nleaves: 6,
         Zdepth: 1, bbounddistance: 0.32397187424004814, branchscore: 0.4679481198464909, maxdepth: 4, focusdepth: 3
--node number: 13, dual bound: 0.5756308739048535, branchnode bound: 0.5756308739048535,
         primal out bound: 0.23009157737510058, primal bound: 0.23009157737510058, cutoff bound: 0.1203050005089459,  gap: 0.3455392965297529,
         rel_gap: 0.6002792973659495, nleaves: 7,
         Zdepth: 1, bbounddistance: 0.3004342170256653, branchscore: 0.46939887493822713, maxdepth: 4, focusdepth: 1
--max node number reached: 15, terminated
--node number: 15, dual bound: 0.5744885693512876, branchnode bound: 0.5744885693512876,
         primal out bound: 0.23009157737510058, primal bound: 0.23009157737510058, cutoff bound: 0.1203050005089459,  gap: 0.344396991976187,
         rel_gap: 0.5994844986473448, nleaves: 8,
         Zdepth: 1, bbounddistance: 0.024532276711430046, branchscore: 0.4324492738835801, maxdepth: 4, focusdepth: 3
iteration: 1781,  #states: 2887, valueb: 0.1203050005089459, activeness: 0.23009157737510058, primalobj: 0.9593689666986914, dualobj: 0.5295313381024579
solve--
end solve-- RelaxOptimal OPTIMAL
 weights_sum: 1.0000006355399667
itereffortlevel: 2
--separating...
--find a better primal bound 0.17209635477196433 by Alternative descent Eigen
--find a better primal bound 0.18510206065797338 by Alternative descent Eigen
--node number: 1, dual bound: 0.6177299355877197, branchnode bound: 0.6177299355877197,
         primal out bound: 0.18510206065797338, primal bound: 0.18510206065797338, cutoff bound: 0.10665292267277938,  gap: 0.4326278749297463,
         rel_gap: 0.7003511567205111, nleaves: 1,
         Zdepth: 2, bbounddistance: 0.48586632403213825, branchscore: 0.5819886672863237, maxdepth: 0, focusdepth: 0
--find a better primal bound 0.20246712076704873 by Alternative descent Eigen
--find a better primal bound 0.2056236739416909 by Alternative descent Eigen
--node number: 3, dual bound: 0.5545580973179187, branchnode bound: 0.5545580973179187,
         primal out bound: 0.2056236739416909, primal bound: 0.2056236739416909, cutoff bound: 0.10665292267277938,  gap: 0.3489344233762278,
         rel_gap: 0.62921166432124, nleaves: 2,
         Zdepth: 1, bbounddistance: 0.24305332270549201, branchscore: 0.4802699470124395, maxdepth: 1, focusdepth: 1
--node number: 5, dual bound: 0.5539825245835299, branchnode bound: 0.5539825245835299,
         primal out bound: 0.2056236739416909, primal bound: 0.2056236739416909, cutoff bound: 0.10665292267277938,  gap: 0.348358850641839,
         rel_gap: 0.6288264253529051, nleaves: 3,
         Zdepth: 3, bbounddistance: 0.47113497483308947, branchscore: 0.4479739112752799, maxdepth: 2, focusdepth: 1
--node number: 7, dual bound: 0.5522556248615758, branchnode bound: 0.5522556248615758,
         primal out bound: 0.2056236739416909, primal bound: 0.2056236739416909, cutoff bound: 0.10665292267277938,  gap: 0.34663195091988486,
         rel_gap: 0.6276657680159782, nleaves: 4,
         Zdepth: 1, bbounddistance: 0.30769168533313157, branchscore: 0.4432533286465025, maxdepth: 2, focusdepth: 2
--node number: 9, dual bound: 0.5518183802122681, branchnode bound: 0.5518183802122681,
         primal out bound: 0.2056236739416909, primal bound: 0.2056236739416909, cutoff bound: 0.10665292267277938,  gap: 0.34619470627057725,
         rel_gap: 0.6273707413250831, nleaves: 5,
         Zdepth: 1, bbounddistance: 0.02710752134451705, branchscore: 0.46628280244951487, maxdepth: 3, focusdepth: 2
--node number: 11, dual bound: 0.5498722979884392, branchnode bound: 0.5498722979884392,
         primal out bound: 0.2056236739416909, primal bound: 0.2056236739416909, cutoff bound: 0.10665292267277938,  gap: 0.3442486240467483,
         rel_gap: 0.6260519493454932, nleaves: 6,
         Zdepth: 1, bbounddistance: 0.32880668334610014, branchscore: 0.4223803586854853, maxdepth: 3, focusdepth: 3
--node number: 13, dual bound: 0.548480810301423, branchnode bound: 0.548480810301423,
         primal out bound: 0.2056236739416909, primal bound: 0.2056236739416909, cutoff bound: 0.10665292267277938,  gap: 0.34285713635973214,
         rel_gap: 0.6251032486830517, nleaves: 7,
         Zdepth: 3, bbounddistance: 0.4424785638728277, branchscore: 0.42990273070646573, maxdepth: 4, focusdepth: 3
--max node number reached: 15, terminated
--node number: 15, dual bound: 0.5460310263202464, branchnode bound: 0.5460310263202464,
         primal out bound: 0.2056236739416909, primal bound: 0.2056236739416909, cutoff bound: 0.10665292267277938,  gap: 0.34040735237855546,
         rel_gap: 0.6234212635728634, nleaves: 8,
         Zdepth: 1, bbounddistance: 0.02477750153474606, branchscore: 0.46876751955323537, maxdepth: 4, focusdepth: 3
iteration: 1782,  #states: 2888, valueb: 0.10665292267277938, activeness: 0.2056236739416909, primalobj: 0.9593633946211001, dualobj: 0.5295313381024579
solve--
end solve-- RelaxOptimal OPTIMAL
 weights_sum: 1.0
itereffortlevel: 2
--separating...
--find a better primal bound 0.15284958141298882 by Alternative descent Eigen
--find a better primal bound 0.20071878669075754 by Alternative descent Eigen
--node number: 1, dual bound: 0.6066715132355432, branchnode bound: 0.6066715132355432,
         primal out bound: 0.20071878669075754, primal bound: 0.20071878669075754, cutoff bound: 0.09333378686560709,  gap: 0.4059527265447857,
         rel_gap: 0.6691475002340723, nleaves: 1,
         Zdepth: 2, bbounddistance: 0.4821964940420498, branchscore: 0.6428306371228408, maxdepth: 0, focusdepth: 0
--node number: 3, dual bound: 0.5390726943095293, branchnode bound: 0.5390726943095293,
         primal out bound: 0.20071878669075754, primal bound: 0.20071878669075754, cutoff bound: 0.09333378686560709,  gap: 0.33835390761877177,
         rel_gap: 0.627659147254995, nleaves: 2,
         Zdepth: 3, bbounddistance: 0.4642523106071539, branchscore: 0.4488462702807286, maxdepth: 1, focusdepth: 1
--node number: 5, dual bound: 0.5354595076908278, branchnode bound: 0.5354595076908278,
         primal out bound: 0.20071878669075754, primal bound: 0.20071878669075754, cutoff bound: 0.09333378686560709,  gap: 0.3347407210000703,
         rel_gap: 0.6251466566419589, nleaves: 3,
         Zdepth: 1, bbounddistance: 0.24092254742830282, branchscore: 0.43200572129856996, maxdepth: 2, focusdepth: 1
--find a better primal bound 0.20072346153819 by Alternative descent Eigen
--node number: 7, dual bound: 0.5336470053051156, branchnode bound: 0.5336470053051156,
         primal out bound: 0.20072346153819, primal bound: 0.20072346153819, cutoff bound: 0.09333378686560709,  gap: 0.33292354376692557,
         rel_gap: 0.6238647279142412, nleaves: 4,
         Zdepth: 1, bbounddistance: 0.3146695385922974, branchscore: 0.4631650685957242, maxdepth: 2, focusdepth: 2
--node number: 9, dual bound: 0.5326481360439862, branchnode bound: 0.5326481360439862,
         primal out bound: 0.20072346153819, primal bound: 0.20072346153819, cutoff bound: 0.09333378686560709,  gap: 0.3319246745057962,
         rel_gap: 0.6231593655260361, nleaves: 5,
         Zdepth: 3, bbounddistance: 0.4264707460436301, branchscore: 0.435226298313095, maxdepth: 3, focusdepth: 2
--find a better primal bound 0.2016367438894852 by Alternative descent Eigen
--find a better primal bound 0.21039497636144575 by Alternative descent Eigen
--node number: 11, dual bound: 0.531033203514135, branchnode bound: 0.531033203514135,
         primal out bound: 0.21039497636144575, primal bound: 0.21039497636144575, cutoff bound: 0.09333378686560709,  gap: 0.3206382271526892,
         rel_gap: 0.6038007134598213, nleaves: 6,
         Zdepth: 3, bbounddistance: 0.4982098905244682, branchscore: 0.4099236763797255, maxdepth: 3, focusdepth: 3
--node number: 13, dual bound: 0.5103886784106761, branchnode bound: 0.5103886784106761,
         primal out bound: 0.21039497636144575, primal bound: 0.21039497636144575, cutoff bound: 0.09333378686560709,  gap: 0.29999370204923037,
         rel_gap: 0.5877749933313474, nleaves: 7,
         Zdepth: 1, bbounddistance: 0.46014189420410784, branchscore: 0.5034656108614483, maxdepth: 4, focusdepth: 3
--max node number reached: 15, terminated
--node number: 15, dual bound: 0.5062294996525435, branchnode bound: 0.5062294996525435,
         primal out bound: 0.21039497636144575, primal bound: 0.21039497636144575, cutoff bound: 0.09333378686560709,  gap: 0.2958345232910977,
         rel_gap: 0.5843881549655783, nleaves: 8,
         Zdepth: 3, bbounddistance: 0.494726992902673, branchscore: 0.4185230214505108, maxdepth: 4, focusdepth: 4
iteration: 1783,  #states: 2889, valueb: 0.09333378686560709, activeness: 0.21039497636144575, primalobj: 0.9593468983223166, dualobj: 0.5464511855353801
solve--
end solve-- RelaxOptimal OPTIMAL
 weights_sum: 0.9999999999999998
itereffortlevel: 2
--separating...
--find a better primal bound 0.1922986880641145 by Alternative descent Eigen
--find a better primal bound 0.20953042195879035 by Alternative descent Eigen
--node number: 1, dual bound: 0.6496566651061384, branchnode bound: 0.6496566651061384,
         primal out bound: 0.20953042195879035, primal bound: 0.20953042195879035, cutoff bound: 0.12561611113021037,  gap: 0.44012624314734805,
         rel_gap: 0.677475144621878, nleaves: 1,
         Zdepth: 2, bbounddistance: 0.4970962692440525, branchscore: 0.6312611602133739, maxdepth: 0, focusdepth: 0
--find a better primal bound 0.2254157200437014 by Alternative descent Eigen
--node number: 3, dual bound: 0.5808537061825821, branchnode bound: 0.5808537061825821,
         primal out bound: 0.2254157200437014, primal bound: 0.2254157200437014, cutoff bound: 0.12561611113021037,  gap: 0.3554379861388808,
         rel_gap: 0.6119234195385412, nleaves: 2,
         Zdepth: 1, bbounddistance: 0.3418996976802929, branchscore: 0.4648186556305023, maxdepth: 1, focusdepth: 1
--node number: 5, dual bound: 0.5787459686067855, branchnode bound: 0.5787459686067855,
         primal out bound: 0.2254157200437014, primal bound: 0.2254157200437014, cutoff bound: 0.12561611113021037,  gap: 0.35333024856308415,
         rel_gap: 0.6105100816747902, nleaves: 3,
         Zdepth: 1, bbounddistance: 0.23472456278745746, branchscore: 0.4818259738962116, maxdepth: 2, focusdepth: 2
--node number: 7, dual bound: 0.5760616946674666, branchnode bound: 0.5760616946674666,
         primal out bound: 0.2254157200437014, primal bound: 0.2254157200437014, cutoff bound: 0.12561611113021037,  gap: 0.35064597462376523,
         rel_gap: 0.6086951760022452, nleaves: 4,
         Zdepth: 3, bbounddistance: 0.49235748582398753, branchscore: 0.4349329256727502, maxdepth: 3, focusdepth: 3
--node number: 9, dual bound: 0.5751031995536157, branchnode bound: 0.5751031995536157,
         primal out bound: 0.2254157200437014, primal bound: 0.2254157200437014, cutoff bound: 0.12561611113021037,  gap: 0.3496874795099143,
         rel_gap: 0.6080430082484938, nleaves: 5,
         Zdepth: 3, bbounddistance: 0.41115950425141157, branchscore: 0.4490975093930387, maxdepth: 4, focusdepth: 3
--node number: 11, dual bound: 0.5738960872679305, branchnode bound: 0.5738960872679305,
         primal out bound: 0.2254157200437014, primal bound: 0.2254157200437014, cutoff bound: 0.12561611113021037,  gap: 0.34848036722422915,
         rel_gap: 0.6072185800798756, nleaves: 6,
         Zdepth: 1, bbounddistance: 0.3588393259016525, branchscore: 0.4480325531879893, maxdepth: 4, focusdepth: 1
--node number: 13, dual bound: 0.570932649847442, branchnode bound: 0.570932649847442,
         primal out bound: 0.2254157200437014, primal bound: 0.2254157200437014, cutoff bound: 0.12561611113021037,  gap: 0.3455169298037406,
         rel_gap: 0.6051798402071867, nleaves: 7,
         Zdepth: 3, bbounddistance: 0.4565203343779702, branchscore: 0.43401505171689203, maxdepth: 4, focusdepth: 2
--max node number reached: 15, terminated
--node number: 15, dual bound: 0.5644016313488773, branchnode bound: 0.5644016313488773,
         primal out bound: 0.2254157200437014, primal bound: 0.2254157200437014, cutoff bound: 0.12561611113021037,  gap: 0.33898591130517597,
         rel_gap: 0.6006111472339745, nleaves: 8,
         Zdepth: 1, bbounddistance: 0.23625333062385723, branchscore: 0.4845617283033531, maxdepth: 4, focusdepth: 2
iteration: 1784,  #states: 2890, valueb: 0.12561611113021037, activeness: 0.2254157200437014, primalobj: 0.9593370056160165, dualobj: 0.5464511855353801
solve--
end solve-- RelaxOptimal OPTIMAL
 weights_sum: 1.0000000000000013
itereffortlevel: 2
--separating...
--find a better primal bound 0.16545087546511786 by Alternative descent Eigen
--find a better primal bound 0.2040615520907882 by Alternative descent Eigen
--node number: 1, dual bound: 0.641333412702018, branchnode bound: 0.641333412702018,
         primal out bound: 0.2040615520907882, primal bound: 0.2040615520907882, cutoff bound: 0.12481222659052045,  gap: 0.43727186061122986,
         rel_gap: 0.681816746096151, nleaves: 1,
         Zdepth: 2, bbounddistance: 0.4958943331553701, branchscore: 0.6067580031207371, maxdepth: 0, focusdepth: 0
--find a better primal bound 0.20512018509801563 by Alternative descent Eigen
--find a better primal bound 0.22623185637237958 by Alternative descent Eigen
--node number: 3, dual bound: 0.5738871436876187, branchnode bound: 0.5738871436876187,
         primal out bound: 0.22623185637237958, primal bound: 0.22623185637237958, cutoff bound: 0.12481222659052045,  gap: 0.34765528731523915,
         rel_gap: 0.6057903389877587, nleaves: 2,
         Zdepth: 1, bbounddistance: 0.17088157355915568, branchscore: 0.5024731183624962, maxdepth: 1, focusdepth: 1
--node number: 5, dual bound: 0.5714082929479256, branchnode bound: 0.5714082929479256,
         primal out bound: 0.22623185637237958, primal bound: 0.22623185637237958, cutoff bound: 0.12481222659052045,  gap: 0.34517643657554603,
         rel_gap: 0.6040802012073758, nleaves: 3,
         Zdepth: 1, bbounddistance: 0.03730296909033001, branchscore: 0.5114442999484463, maxdepth: 2, focusdepth: 2
--node number: 7, dual bound: 0.571144706886253, branchnode bound: 0.571144706886253,
         primal out bound: 0.22623185637237958, primal bound: 0.22623185637237958, cutoff bound: 0.12481222659052045,  gap: 0.3449128505138734,
         rel_gap: 0.6038974822935108, nleaves: 4,
         Zdepth: 1, bbounddistance: 0.33019194192996665, branchscore: 0.46374651228986485, maxdepth: 3, focusdepth: 2
--node number: 9, dual bound: 0.5697737539849665, branchnode bound: 0.5697737539849665,
         primal out bound: 0.22623185637237958, primal bound: 0.22623185637237958, cutoff bound: 0.12481222659052045,  gap: 0.34354189761258697,
         rel_gap: 0.602944405932835, nleaves: 5,
         Zdepth: 3, bbounddistance: 0.4722802631376093, branchscore: 0.4547134167248108, maxdepth: 3, focusdepth: 3
--find a better primal bound 0.22860224000791585 by Alternative descent Eigen
--node number: 11, dual bound: 0.5686634659462628, branchnode bound: 0.5686634659462628,
         primal out bound: 0.22860224000791585, primal bound: 0.22860224000791585, cutoff bound: 0.12481222659052045,  gap: 0.340061225938347,
         rel_gap: 0.5980008323068214, nleaves: 6,
         Zdepth: 1, bbounddistance: 0.3077654288481567, branchscore: 0.446956754757539, maxdepth: 4, focusdepth: 3
--node number: 13, dual bound: 0.5681770917870174, branchnode bound: 0.5681770917870174,
         primal out bound: 0.22860224000791585, primal bound: 0.22860224000791585, cutoff bound: 0.12481222659052045,  gap: 0.3395748517791015,
         rel_gap: 0.5976567107115822, nleaves: 7,
         Zdepth: 1, bbounddistance: 0.034151667685529685, branchscore: 0.5420142629327511, maxdepth: 4, focusdepth: 3
--max node number reached: 15, terminated
--node number: 15, dual bound: 0.5679530776230459, branchnode bound: 0.5679530776230459,
         primal out bound: 0.22860224000791585, primal bound: 0.22860224000791585, cutoff bound: 0.12481222659052045,  gap: 0.3393508376151301,
         rel_gap: 0.5974980169759013, nleaves: 8,
         Zdepth: 3, bbounddistance: 0.47523019457611837, branchscore: 0.4344612010534959, maxdepth: 4, focusdepth: 1
iteration: 1785,  #states: 2891, valueb: 0.12481222659052045, activeness: 0.22860224000791585, primalobj: 0.9593237157584527, dualobj: 0.5464511855353801
solve--
end solve-- RelaxOptimal OPTIMAL
 weights_sum: 1.0000000000000016
itereffortlevel: 2
--separating...
--find a better primal bound 0.16106408837019365 by Alternative descent Eigen
--find a better primal bound 0.1858773638229143 by Alternative descent Eigen
--node number: 1, dual bound: 0.6284112147294021, branchnode bound: 0.6284112147294021,
         primal out bound: 0.1858773638229143, primal bound: 0.1858773638229143, cutoff bound: 0.11325767761419353,  gap: 0.4425338509064878,
         rel_gap: 0.704210619629132, nleaves: 1,
         Zdepth: 2, bbounddistance: 0.4837077973033015, branchscore: 0.5967958641789546, maxdepth: 0, focusdepth: 0
--find a better primal bound 0.19096959346618086 by Alternative descent Eigen
--find a better primal bound 0.19490161410989826 by Alternative descent Eigen
--node number: 3, dual bound: 0.5661866780728466, branchnode bound: 0.5661866780728466,
         primal out bound: 0.19490161410989826, primal bound: 0.19490161410989826, cutoff bound: 0.11325767761419353,  gap: 0.37128506396294836,
         rel_gap: 0.6557643942218968, nleaves: 2,
         Zdepth: 1, bbounddistance: 0.17869114737239208, branchscore: 0.5084808818393665, maxdepth: 1, focusdepth: 1
--find a better primal bound 0.21137086257313165 by Alternative descent Eigen
--node number: 5, dual bound: 0.5641096512748193, branchnode bound: 0.5641096512748193,
         primal out bound: 0.21137086257313165, primal bound: 0.21137086257313165, cutoff bound: 0.11325767761419353,  gap: 0.3527387887016876,
         rel_gap: 0.6253018148236621, nleaves: 3,
         Zdepth: 1, bbounddistance: 0.03318976797433276, branchscore: 0.5238286188563681, maxdepth: 2, focusdepth: 2
--node number: 7, dual bound: 0.5639152705474302, branchnode bound: 0.5639152705474302,
         primal out bound: 0.21137086257313165, primal bound: 0.21137086257313165, cutoff bound: 0.11325767761419353,  gap: 0.35254440797429853,
         rel_gap: 0.6251726569348977, nleaves: 4,
         Zdepth: 1, bbounddistance: 0.33495803431722215, branchscore: 0.47724881579036643, maxdepth: 3, focusdepth: 2
--node number: 9, dual bound: 0.5621316979555795, branchnode bound: 0.5621316979555795,
         primal out bound: 0.21137086257313165, primal bound: 0.21137086257313165, cutoff bound: 0.11325767761419353,  gap: 0.35076083538244784,
         rel_gap: 0.6239833773084354, nleaves: 5,
         Zdepth: 1, bbounddistance: 0.042059049825999006, branchscore: 0.4587313270712322, maxdepth: 3, focusdepth: 3
--node number: 11, dual bound: 0.5616406608691056, branchnode bound: 0.5616406608691056,
         primal out bound: 0.21137086257313165, primal bound: 0.21137086257313165, cutoff bound: 0.11325767761419353,  gap: 0.35026979829597393,
         rel_gap: 0.6236546295525545, nleaves: 6,
         Zdepth: 1, bbounddistance: 0.31998350694125705, branchscore: 0.459610982129927, maxdepth: 4, focusdepth: 3
--node number: 13, dual bound: 0.5614106913483614, branchnode bound: 0.5614106913483614,
         primal out bound: 0.21137086257313165, primal bound: 0.21137086257313165, cutoff bound: 0.11325767761419353,  gap: 0.35003982877522977,
         rel_gap: 0.6235004679631694, nleaves: 7,
         Zdepth: 1, bbounddistance: 0.03186761230244947, branchscore: 0.5496459742886575, maxdepth: 4, focusdepth: 3
--max node number reached: 15, terminated
--node number: 15, dual bound: 0.5598290882509619, branchnode bound: 0.5598290882509619,
         primal out bound: 0.21137086257313165, primal bound: 0.21137086257313165, cutoff bound: 0.11325767761419353,  gap: 0.34845822567783025,
         rel_gap: 0.622436798999666, nleaves: 8,
         Zdepth: 1, bbounddistance: 0.032844885595483486, branchscore: 0.43522297505772334, maxdepth: 4, focusdepth: 4
iteration: 1786,  #states: 2892, valueb: 0.11325767761419353, activeness: 0.21137086257313165, primalobj: 0.9593181055893509, dualobj: 0.5464511855353801
solve--
end solve-- RelaxOptimal OPTIMAL
 weights_sum: 1.0000018787747929
itereffortlevel: 2
--separating...
--find a better primal bound 0.12998550733591283 by Alternative descent Eigen
--node number: 1, dual bound: 0.5418262240327587, branchnode bound: 0.5418262240327587,
         primal out bound: 0.12998550733591283, primal bound: 0.12998550733591283, cutoff bound: 0.03579050404780729,  gap: 0.41184071669684585,
         rel_gap: 0.7600974231766716, nleaves: 1,
         Zdepth: 2, bbounddistance: 0.4848945483643549, branchscore: 0.5858969253330965, maxdepth: 0, focusdepth: 0
--node number: 3, dual bound: 0.4799981381236522, branchnode bound: 0.4799981381236522,
         primal out bound: 0.12998550733591283, primal bound: 0.12998550733591283, cutoff bound: 0.03579050404780729,  gap: 0.35001263078773936,
         rel_gap: 0.72919580929202, nleaves: 2,
         Zdepth: 3, bbounddistance: 0.4721638655160083, branchscore: 0.4411343719078661, maxdepth: 1, focusdepth: 1
--node number: 5, dual bound: 0.4743560481150137, branchnode bound: 0.4743560481150137,
         primal out bound: 0.12998550733591283, primal bound: 0.12998550733591283, cutoff bound: 0.03579050404780729,  gap: 0.3443705407791009,
         rel_gap: 0.7259748076314267, nleaves: 3,
         Zdepth: 1, bbounddistance: 0.32314320610586705, branchscore: 0.5096923686116877, maxdepth: 2, focusdepth: 1
--find a better primal bound 0.14152194409482854 by Alternative descent Eigen
--node number: 7, dual bound: 0.47242373976689866, branchnode bound: 0.47242373976689866,
         primal out bound: 0.14152194409482854, primal bound: 0.14152194409482854, cutoff bound: 0.03579050404780729,  gap: 0.3309017956720701,
         rel_gap: 0.7004343089010351, nleaves: 4,
         Zdepth: 1, bbounddistance: 0.046304176233077254, branchscore: 0.4757473024816837, maxdepth: 2, focusdepth: 2
--node number: 9, dual bound: 0.4697350243118512, branchnode bound: 0.4697350243118512,
         primal out bound: 0.14152194409482854, primal bound: 0.14152194409482854, cutoff bound: 0.03579050404780729,  gap: 0.32821308021702267,
         rel_gap: 0.6987196253842168, nleaves: 5,
         Zdepth: 1, bbounddistance: 0.036148852890201255, branchscore: 0.4424091472601219, maxdepth: 3, focusdepth: 3
--node number: 11, dual bound: 0.46671063996551443, branchnode bound: 0.46671063996551443,
         primal out bound: 0.14152194409482854, primal bound: 0.14152194409482854, cutoff bound: 0.03579050404780729,  gap: 0.3251886958706859,
         rel_gap: 0.6967672643904461, nleaves: 6,
         Zdepth: 1, bbounddistance: 0.3100875360737415, branchscore: 0.42880870965358636, maxdepth: 4, focusdepth: 4
--node number: 13, dual bound: 0.4634844540050952, branchnode bound: 0.4634844540050952,
         primal out bound: 0.14152194409482854, primal bound: 0.14152194409482854, cutoff bound: 0.03579050404780729,  gap: 0.32196250991026665,
         rel_gap: 0.694656545927487, nleaves: 7,
         Zdepth: 3, bbounddistance: 0.4707753718964861, branchscore: 0.40706130826090026, maxdepth: 5, focusdepth: 5
--max node number reached: 15, terminated
--node number: 15, dual bound: 0.4588326463430301, branchnode bound: 0.4588326463430301,
         primal out bound: 0.14152194409482854, primal bound: 0.14152194409482854, cutoff bound: 0.03579050404780729,  gap: 0.31731070224820157,
         rel_gap: 0.691560865987237, nleaves: 8,
         Zdepth: 1, bbounddistance: 0.36565267816139446, branchscore: 0.5229154318190166, maxdepth: 6, focusdepth: 4
iteration: 1787,  #states: 2893, valueb: 0.03579050404780729, activeness: 0.14152194409482854, primalobj: 0.9593100310990194, dualobj: 0.5464511855353801
solve--
end solve-- RelaxOptimal OPTIMAL
 weights_sum: 1.0000000000000002
Results saved to /scratch/opt/lxu/TensorOpt4Entanglement_Debug/ab/20260917-180904/state_10_CP/current/state_10.jl_CP
Processing complete!
