iter,zeta,f,pen,residual,grad_norm,z,alm
1,10.0,-0.33345478203223006,0.0512947133606757,0.22648336221602616,0.34461220534985065,0.33345478203223006,0.17949235157452698
2,4.0,-0.0,0.00472256543003043,0.068720924251864,0.03504816122365866,0.0,-0.22859308085258534
3,10.0,-0.0,0.004561338096391399,0.06753767908650252,0.00023448167018264178,0.0,-0.1756499351099507
4,25.0,-0.001494800497994836,0.0013277592741369156,0.03643843127985775,0.0028740726193733955,0.001494800497994836,-0.07830032015666441
5,62.5,-0.009757809065853567,7.200561488179096e-5,0.008485612227870832,0.05405053411813131,0.009757809065853567,-0.01421381869504185
6,25.0,-0.03041995261865542,2.6545461103361115e-6,0.0016292777879588587,0.07678394021470214,0.03041995261865542,-0.030461389160889696
7,10.0,-0.06545259639745739,0.000297403051567614,0.017245377687009757,0.07285218082046059,0.06545259639745739,-0.06253978613688732
8,4.0,-0.10266120197274546,0.0027083641025641278,0.052041945607020954,0.03623420562196045,0.10266120197274546,-0.07400548303961325
9,10.0,-0.08455668807306103,0.0012176957655665272,0.03489549778361855,0.04200325229877331,0.08455668807306103,-0.046265742426052366
10,25.0,-0.06321991011988595,0.0002263874130759419,0.015046176028344939,0.11040996888767327,0.06321991011988595,-0.035917831902247704
11,10.0,-0.027635137804211014,0.00034082514310020937,0.0184614501895222,0.04849863430240704,0.027635137804211014,-0.06392472515512124
12,4.0,-0.0,0.0026298623865761445,0.051282183909971545,0.004483554980566143,0.0,-0.07418020523412594
13,10.0,-0.012082792329916216,0.0008781222699862106,0.02963312791431594,0.011408423240674242,0.012082792329916216,-0.0485915500208741
14,25.0,-0.030572269673198357,0.00022142236760354557,0.01488026772620525,0.06258881874491339,0.030572269673198357,-0.03781992481051173
15,10.0,-0.062234256212409224,0.00021141646528314025,0.014540167305885454,0.0649006112287683,0.062234256212409224,-0.058489058198504876
16,4.0,-0.0976413664736883,0.0023117937552246887,0.04808111640992427,0.035569318788531555,0.0976413664736883,-0.07028120405410639
17,10.0,-0.0814780172769958,0.001024597249514653,0.03200933066333398,0.037479929246456586,0.0814780172769958,-0.04665309298676282
18,25.0,-0.06198784071567443,0.00019473766766535714,0.013954843878215089,0.09933829539857045,0.06198784071567443,-0.037659943278862004
19,10.0,-0.029388651111464825,0.0002867449062788467,0.01693354381926142,0.043058508330127636,0.029388651111464825,-0.061160246809934156
20,4.0,-0.0,0.002342890526210131,0.048403414406528504,0.005643709784142577,0.0,-0.07045307678340107
21,10.0,-0.013568258328954865,0.0008502909844323759,0.029159749389052983,0.013433760790094331,0.013568258328954865,-0.04732184178111574
22,25.0,-0.03175292351298959,0.00019041863165244487,0.013799225762789913,0.062338009170238934,0.03175292351298959,-0.03835095340995685
23,10.0,-0.06263296988875874,0.0002250421606340677,0.015001405288641051,0.061698700063905966,0.06263296988875874,-0.058523312740219324
24,4.0,-0.09658575324051186,0.0021957443904061505,0.04685877068816627,0.03356639714750292,0.09658575324051186,-0.06901239223709169
25,10.0,-0.08055625544359442,0.0009672336024989682,0.031100379459083265,0.03566653895071712,0.08055625544359442,-0.04638788995277077
26,25.0,-0.06141482497130631,0.00017914905557159315,0.013384657469341274,0.09185416209841007,0.06141482497130631,-0.038212082203167325
27,10.0,-0.029800477110849398,0.0002711611725063083,0.01646697217178399,0.0408456960011236,0.029800477110849398,-0.060398923795989906
28,4.0,-0.0,0.002242231168852503,0.04735220342130346,0.005747707775352516,0.0,-0.069286912224431
29,10.0,-0.014154964346558866,0.0008456598499343193,0.02908023125654814,0.013305456437582838,0.014154964346558866,-0.04702988196322324
30,25.0,-0.032166637910126285,0.000181302360860506,0.01346485651095124,0.05970186059889457,0.032166637910126285,-0.03856909720205748
31,10.0,-0.06303549971292359,0.00022910522103696093,0.015136222152074835,0.05949575334692516,0.06303549971292359,-0.0587699644028987
32,4.0,-0.09600573055215628,0.0021269227693444122,0.046118572932652764,0.030769597243273928,0.09600573055215628,-0.06815911472572408
33,10.0,-0.07992052855424968,0.0009314577461931282,0.030519792695775774,0.03500945052975438,0.07992052855424968,-0.04626019500875411
34,25.0,-0.061185151633584116,0.00017265774086112974,0.01313992925632135,0.08838842593513584,0.061185151633584116,-0.038487395264594715
35,10.0,-0.029878532499370863,0.0002683123403501225,0.016380242377636616,0.03915999300677459,0.029878532499370863,-0.060157883717080515
36,4.0,-0.0,0.002195861363573923,0.046860018817472995,0.005874375481570174,0.0,-0.06870611627943257
37,10.0,-0.014458370409590412,0.0008405072721050773,0.028991503446787255,0.013880553219791597,0.014458370409590412,-0.0468475255561851
38,25.0,-0.03241629356943331,0.00017637150800374932,0.013280493515067477,0.06489912167205832,0.03241629356943331,-0.03868218165560622
39,10.0,-0.06272474869642952,0.0002223150651189747,0.0149102335702354,0.06759869229182419,0.06272474869642952,-0.05857520424660645
40,4.0,-0.0956811242679308,0.0020858853839719966,0.04567149421654602,0.03503165875670015,0.0956811242679308,-0.06773036616801509
41,10.0,-0.07962587008881922,0.0009235997593906,0.030390784119377373,0.03735698915007266,0.07962587008881922,-0.04661095077247085
42,25.0,-0.06110291436492931,0.00017130056807374475,0.013088184292473297,0.09589162339855499,0.06110291436492931,-0.03870346207326935
43,10.0,-0.030207127048287152,0.00025839768945253277,0.01607475316925684,0.041128344129387824,0.030207127048287152,-0.05973969869192159
44,4.0,-0.0,0.0021388086215374104,0.04624725528652928,0.006095158889250424,0.0,-0.0681698754000324
45,10.0,-0.01470687330518353,0.0008431906655802474,0.02903774553198384,0.013396467712256862,0.01470687330518353,-0.04667429548634229
46,25.0,-0.032554237394224896,0.00017086056410463461,0.013071364278629627,0.05837532755224616,0.032554237394224896,-0.03870881208581614
47,10.0,-0.06287316146860879,0.00023153522173467568,0.015216281468699102,0.0597363432061804,0.06287316146860879,-0.058606564272624534
48,4.0,-0.09413581267635797,0.001956139159575195,0.0442282620003906,0.03263692725497262,0.09413581267635797,-0.06683477485119946
49,10.0,-0.07891269625282256,0.0008874190926731595,0.029789580270174327,0.03465165990631539,0.07891269625282256,-0.0467110529945966
50,25.0,-0.06085463588228343,0.00016659342565469013,0.012907107563458597,0.08940503991404535,0.06085463588228343,-0.03901171884109125
51,10.0,-0.03057356364131558,0.00026160836843812656,0.016174311992728674,0.03827822058228441,0.03057356364131558,-0.05939722080449977
52,4.0,-0.0,0.002055902317023917,0.04534205902938151,0.0066575105878809255,0.0,-0.0672841493745565
53,10.0,-0.015056006599613923,0.0008581985785457586,0.029295026515532608,0.01500693619828965,0.015056006599613923,-0.04633948877570538
54,25.0,-0.03282064177590021,0.00016231978773051408,0.012740478316394329,0.06201810091341727,0.03282064177590021,-0.03882896686213183
55,10.0,-0.0630161250933003,0.00023086286942319566,0.015194172219084383,0.06121808319580064,0.0630161250933003,-0.05857580501959327
56,4.0,-0.0948788949257779,0.0020353616061665144,0.04511498205880741,0.03273730308373276,0.0948788949257779,-0.0671042007885851
57,10.0,-0.07880788826792619,0.0008771391607777014,0.02961653525950835,0.036582049559761916,0.07880788826792619,-0.04633299083252342
58,25.0,-0.060622559293471864,0.00016024582614428782,0.012658824042709805,0.09168372340481128,0.060622559293471864,-0.03911540415353221
59,10.0,-0.030434090948187213,0.00026266057835765393,0.016206806544092945,0.039479582231835106,0.030434090948187213,-0.05943769072163601
60,4.0,-0.0,0.002102563162065195,0.04585371481205416,0.006227108314112237,0.0,-0.06738415440252192
61,10.0,-0.015235107933929596,0.0008472911646024404,0.029108266258958817,0.014753749559276714,0.015235107933929596,-0.04629250930577436
62,25.0,-0.033024939366728866,0.00015941433188022933,0.01262593885143712,0.06186651088474619,0.033024939366728866,-0.038869695626299314
63,10.0,-0.06331405309428709,0.00024508741053903566,0.01565526782073803,0.06264855678987183,0.06331405309428709,-0.058872144883690955
64,4.0,-0.09529840163137047,0.0020603211176052484,0.04539076026687864,0.03222590098635782,0.09529840163137047,-0.06670903927465703
65,10.0,-0.0790120309679722,0.0008948885388272498,0.02991468767724727,0.03845930329248178,0.0790120309679722,-0.046014435924168526
66,4.0,-0.042975555093299526,0.00010761009088515211,0.010373528372022323,0.023702091557156642,0.042975555093299526,-0.04871287080108082
67,1.6,-0.0,0.0021916044400843862,0.046814575081745496,0.003622788981675469,0.0,-0.05736099722819187
68,4.0,-0.012725522084994742,0.0010114044417607565,0.03180258545717245,0.00460388967349059,0.012725522084994742,-0.047780140121424765
69,10.0,-0.0315346017051894,0.00021258098674094546,0.01458015729479437,0.02559611515489484,0.0315346017051894,-0.04342430100315774
70,4.0,-0.06342527410450204,0.0002870202475282304,0.016941671922458847,0.02494330599402222,0.06342527410450204,-0.052287760802519255
71,1.6,-0.09730603732219716,0.002293856579537381,0.047894222820058174,0.013473362617052485,0.09730603732219716,-0.05604145814060252
72,4.0,-0.08044157274272452,0.0009887615326323053,0.03144457874789079,0.015216409121915433,0.08044157274272452,-0.04664587727646518
73,10.0,-0.06115826666546859,0.00018492085434545922,0.013598560745367843,0.03741808579420526,0.06115826666546859,-0.043368695246931266
74,4.0,-0.029171625829701276,0.00037962446486632,0.019483954035726937,0.017307255959100046,0.029171625829701276,-0.05301127062842627
75,10.0,-0.031244713951324405,0.00022912945284731017,0.015137022588584261,0.003026072631440055,0.031244713951324405,-0.04871745621559336
76,25.0,-0.03922581561153127,5.6276081387834035e-5,0.007501738557683414,0.031842079043814746,0.03922581561153127,-0.045336591255975986
77,10.0,-0.05325387677422289,5.298921453442506e-5,0.007279369102774296,0.02585139629563508,0.05325387677422289,-0.049255104551794375
78,4.0,-0.06805764921490844,0.0004759979278939643,0.02181737674180753,0.01295926959464074,0.06805764921490844,-0.05141815716315292
79,10.0,-0.0610132202292199,0.00017789583700172752,0.013337759819464718,0.014459721083125508,0.0610132202292199,-0.046931275508038744
80,25.0,-0.052810092158085305,3.1391726242465035e-5,0.005602831984136686,0.0382201172583005,0.052810092158085305,-0.04550478105971496
81,10.0,-0.039667838652957005,6.187297533929146e-5,0.007865937664340562,0.022053059470984574,0.039667838652957005,-0.049561665563974774
82,4.0,-0.026901640972806288,0.00039764896852997065,0.019941137593677313,0.007441951531563874,0.026901640972806288,-0.050651946804658364
83,10.0,-0.03413017081732348,0.00015818067921886275,0.01257699006991986,0.011091531591357713,0.03413017081732348,-0.04686818565455329
84,25.0,-0.041795847597612346,2.6649617359239825e-5,0.005162326738907546,0.03331582609818746,0.041795847597612346,-0.045725945737864565
85,10.0,-0.054019650463283456,5.4061408451834946e-5,0.007352646357049613,0.02435726858487353,0.054019650463283456,-0.04924008687131122
86,4.0,-0.06604032899130333,0.0005053391399145685,0.022479749551864863,0.010393942432399125,0.06604032899130333,-0.05091346074754453
87,10.0,-0.0591460520257584,0.00013804665892643193,0.011749325892425996,0.013689767814562883,0.0591460520257584,-0.04685717984712271
88,25.0,-0.05194091167445611,2.3273745168516802e-5,0.004824287011415967,0.03549189974436755,0.05194091167445611,-0.045872973511122926
89,10.0,-0.0402878749605862,5.067302367420247e-5,0.007118498695244839,0.019377412130646903,0.0402878749605862,-0.049071790422761975
90,4.0,-0.029021670997259694,0.00032203206612332896,0.017945251910277796,0.006519555487329201,0.029021670997259694,-0.0499701155265046
91,10.0,-0.035568980460502046,0.00012364029042571424,0.011119365558597048,0.010385005140029206,0.035568980460502046,-0.046888004264974414
92,25.0,-0.04241589451763128,2.0834148165539334e-5,0.004564443905399576,0.03030810692531419,0.04241589451763128,-0.04599531161833631
93,10.0,-0.053404733348167435,4.487803932403315e-5,0.0066991073527771705,0.02158513929008037,0.053404733348167435,-0.04886871322742952
94,4.0,-0.06442993638780906,0.00029962682636540297,0.017309732128643788,0.009609336436186356,0.06442993638780906,-0.04976403187332027
95,10.0,-0.05830325608030197,0.00011779346501930381,0.010853269784691791,0.01276349419653594,0.05830325608030197,-0.046891785750544375
96,25.0,-0.051566024246533705,1.9435573482598547e-5,0.00440857953116404,0.03255836147358894,0.051566024246533705,-0.046058352735710725
97,10.0,-0.040783067811860925,4.2438362290839557e-5,0.0065144732934320606,0.01817646163842019,0.040783067811860925,-0.048799529784779826
98,4.0,-0.03039192289955699,0.00027110187728729895,0.016465171644635197,0.006387221038963574,0.03039192289955699,-0.049485125365348055
99,10.0,-0.03647793285730854,0.00010655132387764637,0.010322370070756346,0.009807932057540174,0.03647793285730854,-0.04689488186020127
100,25.0,-0.042799735565199684,1.7717602261885853e-5,0.0042092282263956485,0.02841288441317624,0.042799735565199684,-0.04614806406440312
101,10.0,-0.05301406641164063,3.83716811686937e-5,0.006194487966627565,0.020191602561743165,0.05301406641164063,-0.048597343220581075
102,4.0,-0.06294531749426943,0.0003151227865310891,0.017751698130913818,0.008566067897032665,0.06294531749426943,-0.049567439373249034
103,10.0,-0.05722677102503682,0.00010028126102561804,0.010014053176692145,0.011818277876593493,0.05722677102503682,-0.04687693893095754
104,25.0,-0.051148315260415814,1.6744804929724546e-5,0.004092041657867689,0.02973583976208406,0.051148315260415814,-0.04622707406993144
105,10.0,-0.04140309272305654,3.670699130443489e-5,0.006058629490605519,0.01697532873907664,0.04140309272305654,-0.04850788823873415
106,4.0,-0.03193522576068848,0.00022412999121674174,0.014970971618994598,0.00594789011854514,0.03193522576068848,-0.04910047567036518
107,10.0,-0.037498937217219766,8.972186290461581e-5,0.009472162525242892,0.009587646050418805,0.037498937217219766,-0.046904451427005785
108,25.0,-0.04328657651403753,1.488987029937008e-5,0.003858739470263583,0.025493677556202878,0.04328657651403753,-0.046333710324587746
109,10.0,-0.052286210445088736,3.5890553107770865e-5,0.0059908724830170495,0.01783994931624973,0.052286210445088736,-0.04834481011729274
110,4.0,-0.061194252592368395,0.0002255480898901291,0.015018258550515405,0.007274173007165248,0.061194252592368395,-0.04895929786378927
111,10.0,-0.0561323653682611,7.96399429116655e-5,0.008924121408388924,0.010354277308340133,0.0561323653682611,-0.04692601166077754
112,25.0,-0.050779202484156474,1.4294565420353805e-5,0.0037808154438366604,0.027541423793884398,0.050779202484156474,-0.046356915726820803
113,10.0,-0.04190612610750016,3.286197438231284e-5,0.00573253647021219,0.015705895794436688,0.04190612610750016,-0.04829389031112094
114,4.0,-0.033123892630556664,0.00019399760254087525,0.013928302213151295,0.005236508306981265,0.033123892630556664,-0.04877356820931845
115,10.0,-0.03832816790542202,7.362742770688157e-5,0.008580642616196153,0.008806254917187561,0.03832816790542202,-0.04693359990268856
116,25.0,-0.04369105670126847,1.1465412452661414e-5,0.0033860614956998953,0.023604011670019548,0.04369105670126847,-0.04646740434273618
117,10.0,-0.05195333688672706,2.747782563268807e-5,0.005241929571511627,0.016064712951605067,0.05195333688672706,-0.04813291361368672
118,4.0,-0.0600122253137066,0.00015952555952250777,0.012630342810965495,0.0068866572461769434,0.0600122253137066,-0.04852086247273722
119,10.0,-0.05532527669211732,6.469226849595555e-5,0.008043150408636877,0.00952152965892806,0.05532527669211732,-0.046958972982761936
120,25.0,-0.05031071955131778,1.0545441951655842e-5,0.003247374624470642,0.024252496420713945,0.05031071955131778,-0.0465219280335787
121,10.0,-0.04242768689480239,2.6558327447860217e-5,0.005153477219107524,0.013837588964566768,0.04242768689480239,-0.04804870929714134
122,4.0,-0.03479378830776965,0.0001494887129797673,0.01222655769134417,0.004823101813285518,0.03479378830776965,-0.0483920258492588
123,10.0,-0.039349871834574286,5.775450913805451e-5,0.007599638750496928,0.007742440813180885,0.039349871834574286,-0.04696156467443136
124,25.0,-0.04404289923865693,1.04140372370565e-5,0.003227078746646338,0.021403191310076442,0.04404289923865693,-0.04654255281506951
125,10.0,-0.05136486185185117,3.018624640423908e-5,0.005494201161610219,0.01456967387849836,0.05136486185185117,-0.047999917982908556
126,4.0,-0.05863721323390667,0.00017018162941797866,0.0130453681212137,0.0058916241899034764,0.05863721323390667,-0.048390146118271325
127,10.0,-0.054437095624282054,5.39848808964044e-5,0.007347440431633618,0.009080763431157454,0.054437095624282054,-0.0469755392221578
128,25.0,-0.04991918505993726,9.681649991113285e-6,0.003111534989537043,0.021741656828345,0.04991918505993726,-0.04658994181000548
129,10.0,-0.04287132113365633,2.9482071715040075e-5,0.0054297395623584075,0.012346930838292075,0.04287132113365633,-0.04795512346617397
130,4.0,-0.03622007822225323,0.00011987887995566517,0.010948921406041107,0.004478033396908672,0.03622007822225323,-0.04813635702380371
131,10.0,-0.04027963825632861,4.801254379174285e-5,0.006929108441332323,0.007546785175490369,0.04027963825632861,-0.046970036009794734
132,25.0,-0.044414326031645426,8.006748435414316e-6,0.002829619839380251,0.01890946635313903,0.044414326031645426,-0.046700347825157106
133,10.0,-0.05088432779518001,1.931543875319078e-5,0.004394933304748865,0.01264271201559842,0.05088432779518001,-0.047743403232833215
134,4.0,-0.05703770239938192,0.00012125767829992733,0.0110117064208926,0.0050482279350354065,0.05703770239938192,-0.048050945330513406
135,10.0,-0.05344335412277324,4.0243355742178866e-5,0.00634376510773995,0.007298843670905931,0.05344335412277324,-0.04700845686136923
136,25.0,-0.04956104947982586,8.002196838472612e-6,0.0028288154479344553,0.018946927378669643,0.04956104947982586,-0.04668479364236772
137,10.0,-0.04346777489221381,2.641367175395538e-5,0.005139423290015659,0.010834193748653458,0.04346777489221381,-0.04776880443479161
138,4.0,-0.037492895068573326,9.707978113673899e-5,0.009852907242877048,0.0039180108130574985,0.037492895068573326,-0.04784010503564326
139,10.0,-0.041185139682060876,3.83332162462484e-5,0.006191382418026559,0.007346348461212196,0.041185139682060876,-0.046940021699828915
140,25.0,-0.04481789291301974,6.115520697355056e-6,0.0024729578842663407,0.01663585319741883,0.04481789291301974,-0.04681914130310545
141,10.0,-0.05037922611783163,1.4969692017692697e-5,0.0038690686240609247,0.01095617204619829,0.05037922611783163,-0.047586713179066834
142,4.0,-0.055850367422237354,7.989474245613305e-5,0.00893838589769613,0.004534597325269735,0.055850367422237354,-0.047777725837376245
143,10.0,-0.05261817253105378,3.085895281133644e-5,0.00555508351074369,0.006481739653525175,0.05261817253105378,-0.04703174817935085
144,25.0,-0.04927027509690644,6.273901118859825e-6,0.0025047756623817283,0.016530191107082037,0.04927027509690644,-0.04678034254594377
145,10.0,-0.043896547130430084,1.9597235514808907e-5,0.004426876496448586,0.010127853044122295,0.043896547130430084,-0.04761172227253916
146,4.0,-0.0386845554747957,7.396119021724782e-5,0.008600069198398803,0.003823900725023164,0.0386845554747957,-0.04771800796815903
147,10.0,-0.04177068874169339,2.8505094897614583e-5,0.005339016285573081,0.005678804955736536,0.04177068874169339,-0.04702796393617252
148,25.0,-0.04502271130726565,5.066209288600784e-6,0.0022508241354225753,0.015202746646808344,0.04502271130726565,-0.04682736921832957
149,10.0,-0.05002123683283472,1.3806796732932909e-5,0.003715749821090342,0.010368501523587027,0.05002123683283472,-0.0475012890139168
150,4.0,-0.05493114730377976,8.659148685352623e-5,0.009305454682793647,0.004097886949231119,0.05493114730377976,-0.047733473197068645
151,10.0,-0.051970639204788796,2.8311658468613172e-5,0.005320870085673317,0.006408779124697211,0.051970639204788796,-0.04700327870733722
152,25.0,-0.049014883960633575,4.74202855685857e-6,0.002177619929385881,0.015050334023717634,0.049014883960633575,-0.046874217757458314
153,10.0,-0.04425698592946775,1.2743813180460212e-5,0.0035698477811330013,0.008773289937577963,0.04425698592946775,-0.04747085867994013
154,4.0,-0.03975684951605117,5.493697049502485e-5,0.007411947820581635,0.0032021135239381025,0.03975684951605117,-0.0475523330984186
155,10.0,-0.042687686847817916,2.23852514334777e-5,0.00473130546820618,0.006392364821470586,0.042687686847817916,-0.04700560065986654
156,4.0,-0.04757217163819804,2.632504274958638e-5,0.005130793578929714,0.0054745511420446645,0.04757217163819804,-0.04711271882489352
157,10.0,-0.04848526901157999,4.7925103189470995e-6,0.0021891802847063785,0.0017761952030074606,0.04848526901157999,-0.04713431892870916
158,25.0,-0.04797159138668678,1.2911846773852126e-6,0.0011363030746175127,0.003023460611528352,0.04797159138668678,-0.04707155207101382
159,10.0,-0.046855981676507466,4.549267793572677e-6,0.002132901262030823,0.0021746493342128088,0.046855981676507466,-0.047136387953776095
160,25.0,-0.046726920233426485,5.227465033741902e-7,0.0007230121045834504,0.0006336737669637893,0.046726920233426485,-0.047081795708662916
161,62.5,-0.04686984107480845,1.239534748915419e-7,0.0003520702698205884,0.0020138663814807723,0.04686984107480845,-0.04707876970950579
162,25.0,-0.0471472480108174,1.4414775870375939e-7,0.00037966795848973006,0.0016325819491325095,0.0471472480108174,-0.04707847741953923
163,10.0,-0.04747351298011235,6.945902944396526e-6,0.002635508099854092,0.0006726430170877024,0.04747351298011235,-0.04715907619850916
164,25.0,-0.047333113240471424,7.788288338110056e-7,0.0008825127952675845,0.001514455641365212,0.047333113240471424,-0.047067937858905326
165,10.0,-0.04704161961664544,2.1912791658562497e-6,0.0014802969856945092,0.0007065704655524919,0.04704161961664544,-0.04709983189938943
166,25.0,-0.04699665207444893,2.943206578210129e-7,0.0005425132789351915,0.0011251642663516045,0.04699665207444893,-0.04707300656018586
167,10.0,-0.047036733105994495,1.2072958314233478e-6,0.0010987701449454057,0.000554046526434172,0.047036733105994495,-0.04708941141499906
168,25.0,-0.047061816897089145,1.491504673565942e-7,0.0003862000354176501,0.0007216353879638789,0.047061816897089145,-0.04708105051003016
169,10.0,-0.04712391874971067,4.13183594265837e-6,0.002032691797262529,0.000222499866919028,0.04712391874971067,-0.04712507517258254
170,25.0,-0.04707174588723482,7.189972739891552e-7,0.000847937069592523,0.0015848657854550371,0.04707174588723482,-0.04706603954662451
171,10.0,-0.04713237037500119,2.970919896795521e-6,0.0017236356624285543,0.0006328914112796425,0.04713237037500119,-0.047112099097622054
172,25.0,-0.04711679042488163,3.350777859291891e-7,0.000578859038047424,0.00029668794425269,0.04711679042488163,-0.04707569241604366
173,62.5,-0.04709148348982823,7.495629675592152e-8,0.00027378147628340655,0.0007986285633322036,0.04709148348982823,-0.04708088295919137
174,25.0,-0.04706674205761364,3.544467581913862e-7,0.0005953543131542647,0.00034000754541412903,0.04706674205761364,-0.04709227130619698
175,62.5,-0.04706656193419898,9.690761699735222e-8,0.0003112998827454842,0.0012876197273325358,0.04706656193419898,-0.047078045332606275
176,25.0,-0.04707677916037755,3.048461414428513e-7,0.0005521287362951246,0.0004990445846743525,0.04707677916037755,-0.04708964611094202
177,62.5,-0.0470842431456418,3.834592224711807e-8,0.00019582114862066883,0.0008499944584163829,0.0470842431456418,-0.047080826701392
178,25.0,-0.04708597461489394,3.527330201248168e-7,0.0005939133102775327,0.00010248744556859432,0.04708597461489394,-0.047092521335026706
179,62.5,-0.047084768700702134,4.035683715025013e-8,0.0002008901121266304,0.00016070367179913544,0.047084768700702134,-0.04708248362734517
180,156.25,-0.04708270515281859,1.00266518321681e-8,0.00010013317048894487,0.0005462324588304347,0.04708270515281859,-0.04708199833854358
181,62.5,-0.04707879508441521,3.178825508085757e-8,0.00017829261084200201,0.00015605041080567406,0.04707879508441521,-0.04708463935740553
182,156.25,-0.04708014876612121,6.95724926973628e-9,8.341012690157161e-5,0.0004745827296663273,0.04708014876612121,-0.04708264645671326
183,62.5,-0.04708436673875229,1.651435566842907e-8,0.00012850819300118212,0.0001581228613619463,0.04708436673875229,-0.047084053876589614
184,156.25,-0.04708370894839337,6.234854311023195e-9,7.896109365392044e-5,0.0006140409217717044,0.04708370894839337,-0.047082155704088746
185,62.5,-0.04708233799103285,3.1319065083217376e-8,0.00017697193303803114,0.00010692607337647063,0.04708233799103285,-0.04708508733820126
186,156.25,-0.04708243745458381,4.0632983856005744e-9,6.374400666416078e-5,0.00042839580450298705,0.04708243745458381,-0.04708313156794868
187,62.5,-0.04708285283309568,1.901634978271805e-8,0.00013789978166305433,0.00011714235815854934,0.04708285283309568,-0.04708424431143762
188,156.25,-0.04708205316434234,3.846935177993165e-9,6.202366627339248e-5,0.000396260260152815,0.04708205316434234,-0.04708301770716707
189,62.5,-0.04708352475585107,2.650128441100489e-8,0.00016279215095023743,0.0001637124053343178,0.04708352475585107,-0.04708504500907326
190,156.25,-0.047083106927136555,4.429452316750816e-9,6.655413072643062e-5,0.00028969909141522444,0.047083106927136555,-0.04708315739911196
191,62.5,-0.04708430546763804,1.771110857146295e-8,0.00013308308897625932,0.00027196663475373596,0.04708430546763804,-0.04708445617189265
192,25.0,-0.04709006528392496,7.323405032757792e-8,0.0002706179046692549,0.0003005190929457491,0.04709006528392496,-0.04708618658036856
193,62.5,-0.047086594111660406,1.1363884844722608e-8,0.00010660152365103703,0.00029955001062616644,0.047086594111660406,-0.04708383348902991
194,25.0,-0.047093916754644576,1.8354636618664834e-7,0.0004284231158406936,0.0001851255038574317,0.047093916754644576,-0.04708862650165867
195,62.5,-0.04708936388462614,2.212458204308557e-8,0.00014874334285300156,0.00015118429422979603,0.04708936388462614,-0.047083517441144265
196,156.25,-0.047087102696762605,8.231431371288807e-9,9.072723610520055e-5,0.0007621986623112415,0.047087102696762605,-0.047082270524296636
197,62.5,-0.047080929718386115,3.917043955324295e-8,0.00019791523325212476,0.00015893690907212821,0.047080929718386115,-0.047085955299772456
198,156.25,-0.04708049714001064,4.985980023487824e-9,7.061147232205135e-5,0.0002538822356790517,0.04708049714001064,-0.04708356874356891
199,62.5,-0.047083300663601654,5.94039091965549e-9,7.70739315180917e-5,0.00029066477990576426,0.047083300663601654,-0.047082782412464066
200,25.0,-0.04708440457203907,2.3091982343477772e-7,0.00048054117766823865,0.00019625444988162805,0.04708440457203907,-0.04708911704627183
201,62.5,-0.04707818448559501,3.9464284040456894e-8,0.00019865619557531272,0.0005236475639802389,0.04707818448559501,-0.04708334579047983
202,25.0,-0.04709119182859137,5.707704612647325e-8,0.00023890802859358504,0.0004093425982591987,0.04709119182859137,-0.04708323233606144
203,10.0,-0.0470980078403519,1.293536478319405e-7,0.00035965768145827294,0.0002465384735388766,0.0470980078403519,-0.047083844722268786
204,25.0,-0.04709515889266489,1.8217255061362e-8,0.00013497131199392706,0.0002513724891484323,0.04709515889266489,-0.04708290722237832
205,10.0,-0.04707171178593307,1.711570124790222e-6,0.0013082698975327002,0.00012084310698405648,0.04707171178593307,-0.047101114424811304
206,25.0,-0.047094918456380766,2.856529521318262e-7,0.0005344651084325582,0.0010408711717793315,0.047094918456380766,-0.04707874098128516
207,10.0,-0.047064909391329894,9.691252754041252e-7,0.0009844416058883967,0.0001967541270242423,0.047064909391329894,-0.04709387157022605
208,25.0,-0.047071810164127856,1.50283520774753e-7,0.0003876641855714208,0.0004895305431182459,0.047071810164127856,-0.047080033101499205
209,10.0,-0.047089516119091575,5.508078360200684e-7,0.0007421642917980279,0.00016500867239294792,0.047089516119091575,-0.047088788249314686
210,25.0,-0.047088333710668305,4.2051898403528665e-8,0.0002050655953677473,0.00015354483919966436,0.047088333710668305,-0.04708292696479062
211,62.5,-0.04708723026221662,1.4080532480828839e-8,0.00011866141951295223,0.0004094087895116187,0.04708723026221662,-0.04708307170863676
212,25.0,-0.04707828246154873,1.1237966220792563e-7,0.0003352307596386788,0.00017146097017472855,0.04707828246154873,-0.04708752597994054
213,62.5,-0.047079616861957795,5.920522482616963e-8,0.0002433212379266751,0.0010618787643111023,0.047079616861957795,-0.04708179972379107
214,25.0,-0.04707707983387186,1.0956429729156148e-7,0.0003310049807654886,0.0006564389653004877,0.04707707983387186,-0.047079204237150916
215,10.0,-0.047095818515329214,2.1582897461028452e-7,0.0004645739710856437,0.0006046781581574241,0.047095818515329214,-0.04708042210317565
216,4.0,-0.047148862224732156,3.103702100774022e-5,0.005571087955484119,0.00018078974301738023,0.047148862224732156,-0.047211691199931204
217,10.0,-0.04719530607544352,4.051573191638667e-6,0.002012852004405358,0.0021330032230564597,0.04719530607544352,-0.04704585897084083
218,25.0,-0.047113763533896985,6.391145827278077e-7,0.0007994464226749705,0.0005126552728249907,0.047113763533896985,-0.0470796467294463
219,62.5,-0.047085983297116184,9.525711614905402e-8,0.00030863751578357097,0.0018051614938389166,0.047085983297116184,-0.047073141759348916
220,25.0,-0.047044226132110706,4.5511424945161077e-7,0.0006746215601740066,0.00021283441050197352,0.047044226132110706,-0.047096499605011874
221,62.5,-0.047054330752202715,3.2176356195708475e-8,0.00017937769146610309,0.00021264076855687962,0.047054330752202715,-0.047082312257998846
222,156.25,-0.047070870289718854,5.389955846087793e-9,7.341631866341292e-5,0.0005268220824473014,0.047070870289718854,-0.047083552165249454
223,62.5,-0.04709488772357785,6.168508216436249e-9,7.853985113581671e-5,0.00046003633385517846,0.04709488772357785,-0.047082788124505254
224,25.0,-0.047126717498620505,9.70789141045194e-9,9.852863243977326e-5,0.00022340895447933273,0.047126717498620505,-0.047082676202447646
225,10.0,-0.04714510349773385,2.175763615391569e-6,0.0014750469875199127,0.0001635403149242448,0.04714510349773385,-0.0471067888601725
226,25.0,-0.04711598910242453,2.708391972809259e-7,0.00052042213373465,0.0013465688458607515,0.04711598910242453,-0.047078659948129216
227,10.0,-0.04706145175688044,6.17991862691172e-7,0.0007861245847136266,0.00026157186314517967,0.04706145175688044,-0.04709077330678101
228,25.0,-0.047065122504062105,1.3136177488387135e-7,0.00036243864982072666,0.0008271595066028214,0.047065122504062105,-0.04708193543813824
229,10.0,-0.047091959513373256,3.0172836504872503e-7,0.0005492980657609537,0.00018426661014048863,0.047091959513373256,-0.047088342332797434
230,25.0,-0.04709272004531742,4.2602762248121055e-8,0.0002064043658649716,0.00013845550617482862,0.04709272004531742,-0.0470842330237817
231,62.5,-0.0470854386701808,1.6513875249084174e-8,0.00012850632377079416,0.0004690517456393468,0.0470854386701808,-0.04708360462712932
232,25.0,-0.04708784008057787,2.302067549839797e-8,0.0001517256586685257,0.0003689882353502704,0.04708784008057787,-0.04708277935466682
233,10.0,-0.047067075138749116,1.4036915252686813e-6,0.0011847748837938291,0.00019230706896449125,0.047067075138749116,-0.04709680730320005
234,25.0,-0.04707862189893678,2.523612500346073e-7,0.0005023557007087779,0.000795415948034708,0.04707862189893678,-0.047079958538688856
235,10.0,-0.047042929005356525,4.725433658134683e-7,0.0006874178975073811,0.000282826600767042,0.047042929005356525,-0.04708955183581474
236,25.0,-0.047061115855181614,5.58001267368844e-8,0.00023622050448020892,0.0005088380890492113,0.047061115855181614,-0.04708433920396619
237,10.0,-0.04710729228894545,1.9652405400645365e-7,0.00044331033600227915,0.00013774570895558178,0.04710729228894545,-0.047086025841787255
238,25.0,-0.04709504201154668,3.563412120602012e-8,0.00018877002200036987,0.00042628277004333286,0.04709504201154668,-0.047083375885796114
239,10.0,-0.0471021560716265,8.588762373729864e-7,0.0009267557592877351,0.00011043166093518005,0.0471021560716265,-0.04709172308969954
240,25.0,-0.0470959404619555,1.355516486547673e-7,0.00036817339482201494,0.00018805247409272923,0.0470959404619555,-0.0470829087835373
241,62.5,-0.04709281793228471,1.3743947940892734e-7,0.00037072830942474214,0.0023958201337447083,0.04709281793228471,-0.0470710491603802
242,25.0,-0.04708891450093119,3.3211416911624104e-7,0.0005762934748166432,0.00033777438275812196,0.04708891450093119,-0.04709391651304855
243,62.5,-0.047075509098135085,5.414032210761363e-8,0.00023268072998771004,0.0009514736131898648,0.047075509098135085,-0.047081461919462594
244,25.0,-0.04708334924796955,1.5450546845206738e-7,0.00039307183624888133,0.0002449986537107003,0.04708334924796955,-0.04708604083912657
245,62.5,-0.04708717341823151,1.3478238224662777e-8,0.00011609581484559544,0.0005233092649989974,0.04708717341823151,-0.04708185119987295
246,25.0,-0.04708413542621807,2.9722353512465448e-8,0.00017240172131526254,0.00019177121643554245,0.04708413542621807,-0.04708268258700042
247,62.5,-0.04708406604298364,5.035416125928411e-9,7.096066604766624e-5,0.00010890871663991818,0.04708406604298364,-0.04708217534406368
248,25.0,-0.0470884109718856,5.504010701302321e-8,0.00023460628084734478,0.00040548950875608905,0.0470884109718856,-0.04708376655960716
249,10.0,-0.047086907893280086,3.0330785860648898e-6,0.001741573594788601,0.0002263236528385587,0.047086907893280086,-0.047110434626237825
250,25.0,-0.04709513357635492,3.7131863795706983e-7,0.0006093592027343723,0.001302438649748376,0.04709513357635492,-0.04707714538155403
251,10.0,-0.04704606638812549,2.6830655317126497e-6,0.0016380065725486725,0.00043338229378591574,0.04704606638812549,-0.04711359493916747
252,25.0,-0.04702903099924761,3.241696899565925e-7,0.0005693590167518141,0.0013283881068439003,0.04702903099924761,-0.047079903357036275
253,10.0,-0.04712159837740094,6.743980195369305e-7,0.000821217400897552,0.00037424527561870147,0.04712159837740094,-0.04708639131887073
254,25.0,-0.04711101801007022,9.734503856641253e-8,0.00031200166436481155,0.000193675969727764,0.04711101801007022,-0.047079203413410146
255,62.5,-0.04709366928967675,4.2109650023001086e-8,0.00020520635960661913,0.0004520915865011118,0.04709366928967675,-0.04707660156622972
256,25.0,-0.047064178125640954,4.4021568715929006e-8,0.00020981317574434883,0.0005716920142903052,0.047064178125640954,-0.04707317335464344
257,10.0,-0.0470403549556129,4.923002703353112e-6,0.0022187840596491386,0.00012106319243541242,0.0470403549556129,-0.04713668147269574
258,25.0,-0.04706428417495087,9.542639544344536e-7,0.0009768643480209797,0.0005630965542029508,0.04706428417495087,-0.047061135342882414
259,62.5,-0.04707052947385122,6.921597161334927e-8,0.00026308928448978924,0.0008318337385910353,0.04707052947385122,-0.04708375390717221
260,25.0,-0.04708574378892052,2.5661446954424205e-7,0.0005065712877219178,0.00017649846038970753,0.04708574378892052,-0.0470938632713596
261,62.5,-0.04708652275585587,4.94280485410232e-8,0.00022232419693102052,0.0008382601181669801,0.04708652275585587,-0.04708387669118864
262,25.0,-0.04708757611413527,9.372929422245499e-8,0.0003061524035875841,0.00020354110984945837,0.04708757611413527,-0.04708382444391436
263,62.5,-0.04708444802135193,1.595334800654027e-8,0.00012630656359247634,0.0004684626478300983,0.04708444802135193,-0.04708046119133314
264,25.0,-0.04708547519993465,6.32385860015625e-8,0.0002514728335259348,0.0001436848005332882,0.04708547519993465,-0.04708588757618455
265,62.5,-0.04708660176470092,8.636472570821444e-9,9.293262382404494e-5,7.807428424942922e-5,0.04708660176470092,-0.04708430463150158
266,156.25,-0.04708698627917036,4.113302299188115e-9,6.413503176258756e-5,0.00046431439626735786,0.04708698627917036,-0.04708329193477584
267,62.5,-0.04708724921435156,3.616314553756596e-9,6.013580093219509e-5,0.00018400526883353835,0.04708724921435156,-0.047083422122608784
268,25.0,-0.047084488289227275,3.7834153755954154e-8,0.00019451003510347263,0.00016168547517393195,0.047084488289227275,-0.04708474142834782
269,62.5,-0.047083128242214035,4.117767854658971e-9,6.416983601863862e-5,0.0002795649845532671,0.047083128242214035,-0.047083713516766046
270,25.0,-0.0470838987951538,9.305774280311454e-9,9.646644121305323e-5,0.00010426382674867014,0.0470838987951538,-0.04708368900277315
271,62.5,-0.04708352782671569,2.4278010495150386e-9,4.927272114989225e-5,0.0001859013547615669,0.04708352782671569,-0.04708335579523379
272,25.0,-0.047083268720592465,5.186873057542065e-9,7.20199490248505e-5,0.000150845207930228,0.047083268720592465,-0.047083410216231844
273,10.0,-0.047083328358937734,2.14497762803837e-6,0.0014645742139059975,0.00015229175327561494,0.047083328358937734,-0.047105368620684075
274,25.0,-0.047080536064248314,1.5354744090428994e-7,0.0003918512994801599,0.0007611933030217835,0.047080536064248314,-0.04708164789973606
275,10.0,-0.04706365794368294,4.0534563171663704e-7,0.0006366675990787005,0.0004176544590907599,0.04706365794368294,-0.04708601838951157
276,25.0,-0.047077972645651084,5.0727400114691474e-8,0.00022522744085632965,0.0006188623841781898,0.047077972645651084,-0.047082864027705146
277,10.0,-0.047091994348703134,1.4339781151753313e-7,0.0003786790349590708,0.00019432090025158966,0.047091994348703134,-0.04708404977199858
278,25.0,-0.04710135789939224,7.33886322162243e-8,0.0002709033632427333,0.0008776919192884708,0.04710135789939224,-0.047080739621105844
279,10.0,-0.04706756329418671,3.9486749788611527e-7,0.000628384832635317,0.00016902400053242148,0.04706756329418671,-0.04708632699903758
280,25.0,-0.047071029344795345,2.505192723485382e-8,0.0001582780061627446,0.00015201629071612383,0.047071029344795345,-0.04708207668338955
281,62.5,-0.04707675984841156,8.745958529139243e-9,9.351982960388263e-5,0.00025721133974511624,0.04707675984841156,-0.047082043470301274
282,25.0,-0.0470839356747703,1.052617237754551e-8,0.00010259713630284966,0.00031263541641047486,0.0470839356747703,-0.047081596239121636
283,10.0,-0.04709877625395506,1.6873600850631862e-6,0.0012989842512760447,9.725624120225207e-5,0.04709877625395506,-0.04710449415547213
284,25.0,-0.04708852031078958,2.80786671233087e-7,0.0005298930752832,0.0002446986803992279,0.04708852031078958,-0.047079641933724437
285,62.5,-0.04708346015963887,1.2779028351283933e-7,0.00035747766855125275,0.0014040769662561144,0.04708346015963887,-0.04706737356811531
286,25.0,-0.047073410451845196,2.611959011393366e-7,0.0005110732835311748,0.000778347603539807,0.047073410451845196,-0.04708877177254951
287,10.0,-0.04703869775007557,2.882875065648946e-6,0.001697903137887714,0.00048068749247609814,0.04703869775007557,-0.047119449036207045
288,25.0,-0.047062880038360115,6.490945548629819e-7,0.0008056640459043595,0.0017015378217043885,0.047062880038360115,-0.047072887414246575
289,10.0,-0.04708166225130786,1.3315143506135276e-6,0.0011539126269408475,0.00044629630029518867,0.04708166225130786,-0.04709527177720516
290,25.0,-0.047083891004078074,1.1922369032809212e-7,0.0003452878369246332,0.0005963961178376467,0.047083891004078074,-0.04707996627655436
291,10.0,-0.047098134193427246,6.568654330348544e-7,0.0008104723518016234,0.00047667453648635394,0.047098134193427246,-0.047087636808392765
292,25.0,-0.04708997625346873,9.571595267962654e-8,0.00030937994873557424,0.00035651696595705645,0.04708997625346873,-0.04708225116531788
293,62.5,-0.04707690185679658,1.596332036205045e-8,0.0001263460342157618,0.0009380230448474846,0.04707690185679658,-0.047082142163090125
294,25.0,-0.04708601116812464,1.0322446982214834e-7,0.0003212856514414367,0.00029968181598578295,0.04708601116812464,-0.0470851354770861
295,62.5,-0.047086486308101645,6.249262716968046e-9,7.905227837936138e-5,0.00028029216366471635,0.047086486308101645,-0.04708350412874873
296,25.0,-0.04708010896608556,9.68934857102672e-8,0.0003112771846927866,8.474090166993683e-5,0.04708010896608556,-0.0470887998805008
297,62.5,-0.04708165150939081,2.293659386574757e-8,0.00015144832077559515,0.00023135361208798962,0.04708165150939081,-0.04708463230329304
298,25.0,-0.04708230636258497,2.7904616077284127e-8,0.00016704674817931693,0.00014956163369516192,0.04708230636258497,-0.04708329325676633
299,62.5,-0.04708169923891683,1.0084282303660628e-8,0.00010042052730224349,0.0001982113091032252,0.04708169923891683,-0.047082021645756256
300,25.0,-0.047082074214945396,6.467882560493864e-8,0.00025432032086512206,0.00012897725315881692,0.047082074214945396,-0.047085730489917266
301,62.5,-0.047083105640446786,1.095385970828946e-8,0.00010466068845698207,0.00023700262751076472,0.047083105640446786,-0.0470843587945423
302,25.0,-0.04708271036161151,2.084063565066823e-8,0.00014436286105043856,0.00024316324761671567,0.04708271036161151,-0.047084306611843714
303,10.0,-0.04708103305468562,3.3887347489023053e-7,0.0005821284006902863,0.00022768787016133634,0.04708103305468562,-0.047087396487429926
304,25.0,-0.04707921122310329,6.784109504682268e-8,0.0002604632316600995,0.0004998511615041055,0.04707921122310329,-0.04708256109016796
305,10.0,-0.04708845071462593,1.5637135919395535e-7,0.0003954381863122925,0.0004949464945416744,0.04708845071462593,-0.04708264501845906
306,4.0,-0.04709778731828242,1.9418143227198893e-6,0.001393489979411366,5.5403687459677385e-5,0.04709778731828242,-0.047092516484208834
307,10.0,-0.047084834808951696,5.407601852253223e-7,0.0007353639814577012,0.0008207460266602871,0.047084834808951696,-0.04707871080677434
308,25.0,-0.04708306499978654,8.299168920701714e-8,0.0002880827818648958,0.0002426808067979908,0.04708306499978654,-0.04708476606033623
309,62.5,-0.04708293626633225,5.522384566373668e-9,7.431274834356262e-5,0.00010727241417272743,0.04708293626633225,-0.047083855999109296
310,25.0,-0.04708279119529082,8.657101036898094e-9,9.304354376794821e-5,0.00016524171988808239,0.04708279119529082,-0.04708387372947019
311,10.0,-0.047080815026309585,8.185478475004455e-9,9.047363414279574e-5,0.0001598589598790925,0.047080815026309585,-0.047083738568337384
312,4.0,-0.047082712260610955,2.3840958859724526e-8,0.00015440517756773743,6.330798606375288e-5,0.047082712260610955,-0.047083783803638334
313,10.0,-0.04708500370435932,3.9955944688752785e-9,6.321071482648553e-5,2.763245436128776e-5,0.04708500370435932,-0.047083700018551174
314,25.0,-0.04708432435435583,2.162328841695676e-9,4.6500847752440776e-5,1.9983663977726626e-5,0.04708432435435583,-0.04708365177304806
315,62.5,-0.047083388747316934,1.5626991617518533e-9,3.953098989086731e-5,6.711648042221611e-5,0.047083388747316934,-0.0470835246634537
316,25.0,-0.0470826583575886,2.6609045206368357e-9,5.1583956039032483e-5,8.284689780355193e-5,0.0470826583575886,-0.047083440264384456
317,10.0,-0.047078773450369565,4.4477101293636427e-7,0.0006669115480604338,0.00024671778102763393,0.047078773450369565,-0.04708840687162223
318,25.0,-0.04708157066802013,7.839445595443214e-8,0.00027999009974360187,0.00014900082691892178,0.04708157066802013,-0.0470846395498136
319,62.5,-0.04708135147885518,2.9470107490008612e-8,0.00017166859785647639,0.0005235884448156929,0.04708135147885518,-0.04708229305696955
320,25.0,-0.04708958041057429,2.4732349656499544e-8,0.00015726522074667224,0.00013585828299182928,0.04708958041057429,-0.0470850570820688
321,62.5,-0.047089499274008115,5.406245229671563e-9,7.352717341005e-5,0.00042596985714463885,0.047089499274008115,-0.04708410183570686
322,25.0,-0.047085089222431264,1.7215130669994813e-8,0.00013120644294391498,8.236625804822652e-5,0.047085089222431264,-0.04708448490150882
323,62.5,-0.047083373058204835,2.3411722061235606e-9,4.83856611624101e-5,5.745905673535086e-5,0.047083373058204835,-0.047083937984670206
324,156.25,-0.047083102590378186,1.825673798855201e-9,4.2727904217913624e-5,0.0001367621670176715,0.047083102590378186,-0.04708354704131822
325,62.5,-0.047084544035795824,1.514152815577837e-9,3.8912116565124506e-5,5.647241804749144e-5,0.047084544035795824,-0.047084188391948494
326,25.0,-0.04708922530259217,8.252000130524303e-9,9.084052031183167e-5,5.6056095048362925e-5,0.04708922530259217,-0.04708460706418304
327,62.5,-0.04709113066713693,6.19141419919722e-9,7.868553996254471e-5,0.0001738260853388065,0.04709113066713693,-0.04708406764058861
328,25.0,-0.04709306193292826,7.02602771995027e-9,8.382140371021156e-5,0.00018702339179020092,0.04709306193292826,-0.0470835737316569
329,10.0,-0.04708767752779553,1.035665171945897e-8,0.00010176763591367823,0.00010614449710901212,0.04708767752779553,-0.047084510263512486
330,25.0,-0.04708438857177642,3.1411020712258123e-9,5.6045535693985586e-5,7.973391303177619e-5,0.04708438857177642,-0.04708438174287228
331,10.0,-0.04708967498882601,1.22634473015505e-6,0.0011074045015959841,9.306724488074607e-5,0.04708967498882601,-0.047096732090813255
332,25.0,-0.04709862787113075,8.751781223238581e-8,0.0002958340957908432,0.0002792268074967734,0.04709862787113075,-0.04708274360073049
333,62.5,-0.047100235738288386,2.1436208379475433e-8,0.00014641109377187041,0.000912954118547249,0.047100235738288386,-0.04708251827902791
334,25.0,-0.047080529801608165,3.150219101961778e-8,0.00017748856588416557,0.00023705723138742183,0.047080529801608165,-0.04708482494684136
335,10.0,-0.04705957780237539,1.5835749813666135e-8,0.00012584017567401174,6.123585383563135e-5,0.04705957780237539,-0.047084183319422504
336,25.0,-0.047066065112880695,4.968010458313376e-9,7.048411493601502e-5,9.835304290164465e-5,0.047066065112880695,-0.04708392403758254
337,10.0,-0.04708530450204844,1.3423095103733188e-8,0.00011585808173680931,6.802260212482291e-5,0.04708530450204844,-0.04708400835176303
338,25.0,-0.04708812528224339,3.883076018533663e-9,6.231433236851425e-5,0.0001562852387390544,0.04708812528224339,-0.04708382269722629
339,10.0,-0.047089036409497353,8.047425686776738e-9,8.970744499079626e-5,9.678978439737085e-5,0.047089036409497353,-0.047083818269360006
340,25.0,-0.047085254489529216,2.5988037448596583e-9,5.0978463539613065e-5,0.00014650809968640217,0.047085254489529216,-0.04708372210602571
341,10.0,-0.04708212737059521,7.901405657421024e-7,0.0008888985126222804,0.00018064712989860997,0.04708212737059521,-0.047090390504010884
342,25.0,-0.047086906862889584,1.0400618079428482e-7,0.0003224998927042997,0.0004907920898834342,0.047086906862889584,-0.04708284649312803
343,10.0,-0.047084391453582834,1.541190321264723e-7,0.00039257996908460867,5.909906078626351e-5,0.047084391453582834,-0.04708518233529996
344,25.0,-0.047084708340911295,2.6807983129156502e-8,0.00016373143598330926,0.00038858510153184754,0.047084708340911295,-0.0470831319277279
345,10.0,-0.047081412521265215,1.6833424228243703e-7,0.000410285561874211,0.00013273248243413633,0.047081412521265215,-0.0470853669312241
346,25.0,-0.04707509612567623,4.878325124729037e-8,0.00022086930806993163,0.0006182553837041869,0.04707509612567623,-0.0470824689819192
347,10.0,-0.047082871489271344,2.3742660529682212e-7,0.0004872644100453286,3.383221239808281e-5,0.047082871489271344,-0.04708605993839917
348,25.0,-0.04707716050166023,9.521244280312957e-8,0.0003085651354303165,0.0009817739902007127,0.04707716050166023,-0.04708102445494921
349,10.0,-0.04709176250418,5.336889218822552e-7,0.0007305401576109662,9.416489288456743e-5,0.04709176250418,-0.04708871957145034
350,25.0,-0.04709193990350571,6.331754793570829e-8,0.00025162978348301356,0.0006553193993412205,0.04709193990350571,-0.04708225634759832
351,10.0,-0.04709113303305423,1.9448309141279518e-7,0.0004410023712099462,0.0004854619793185882,0.04709113303305423,-0.04708420102888256
352,25.0,-0.047080486696912824,1.709267888776728e-8,0.00013073897233712402,0.00023441909207076505,0.047080486696912824,-0.04708343767149696
353,10.0,-0.047076050597312,1.7962983800990552e-7,0.0004238276041150523,8.097040523281809e-5,0.047076050597312,-0.047085293748386256
354,25.0,-0.04707561871242826,8.952892571196322e-8,0.00029921384612340923,0.0006683204043174129,0.04707561871242826,-0.04708104078331414
355,10.0,-0.047082819910695545,4.638611970021635e-7,0.0006810735621077678,5.3465759208539986e-5,0.047082819910695545,-0.04708862821862286
356,25.0,-0.04708444716531331,3.247449494985679e-8,0.00018020681160782126,0.0004506142523374937,0.04708444716531331,-0.04708308307944343
357,10.0,-0.04708596583090293,9.720623434377759e-8,0.0003117791435355765,9.018147864320253e-5,0.04708596583090293,-0.047084472972716944
358,25.0,-0.04708571916133955,6.065396865175815e-9,7.78806578373335e-5,7.477545174649415e-5,0.04708571916133955,-0.047083498576727584
359,62.5,-0.047084230009477784,2.1419272581893017e-9,4.6280959996409987e-5,0.00016991821392274163,0.047084230009477784,-0.047083479257495724
360,25.0,-0.04708011407676371,7.313045437667739e-8,0.00027042643061778816,9.743543604902803e-5,0.04708011407676371,-0.04708539223567797
361,62.5,-0.04708219995571171,6.021817077428721e-9,7.760036776606617e-5,0.00036871075909379993,0.04708219995571171,-0.047083812600125
362,25.0,-0.047084884477318706,2.189846737098714e-8,0.00014798130750533035,7.814871855812016e-5,0.047084884477318706,-0.047084592179696134
363,62.5,-0.04708479230144373,3.539836185356739e-9,5.9496522464399036e-5,0.0002616315334558112,0.04708479230144373,-0.04708400742275625
364,25.0,-0.047081235878277526,5.053420407255747e-9,7.108741384560101e-5,0.00025078045720707264,0.047081235878277526,-0.04708375820650153
365,10.0,-0.04707920639026289,2.6047005529722897e-8,0.0001613908471064047,5.3265573166867794e-5,0.04707920639026289,-0.047084315286289515
366,25.0,-0.047081457437616166,2.901854406297183e-9,5.386886304997705e-5,3.740774581450035e-5,0.047081457437616166,-0.047084000656077034
367,62.5,-0.04708302046412574,9.385322798442182e-10,3.063547420628932e-5,4.4111392701295166e-5,0.04708302046412574,-0.047084014063432274
368,25.0,-0.047085605341902675,9.818412432147681e-10,3.133434606330198e-5,7.040415612582063e-5,0.047085605341902675,-0.04708393483020322
369,10.0,-0.04708688032105605,2.621160710132359e-9,5.119727248723665e-5,7.94084350244592e-5,0.04708688032105605,-0.04708393321073586
370,4.0,-0.04708718323334169,1.344726572410212e-8,0.00011596234614779973,5.449371816416751e-5,0.04708718323334169,-0.04708398224201314
371,10.0,-0.04708537148303195,4.247659135428253e-9,6.517406796746888e-5,4.5207063887825595e-5,0.04708537148303195,-0.047083930847352115
372,25.0,-0.047083722923850296,1.17201827910508e-9,3.423475250538669e-5,5.244681087719066e-5,0.047083722923850296,-0.04708392910779611
373,10.0,-0.047084457078313796,9.601137300847389e-8,0.00030985702026656406,0.00013962138158677478,0.047084457078313796,-0.04708481551215242
374,25.0,-0.04708441088291674,7.909415634575741e-9,8.893489548302028e-5,8.623431320120567e-5,0.04708441088291674,-0.047084350568949516
375,62.5,-0.04708397554499075,2.6753060267053113e-9,5.172336055116016e-5,0.00023837744765849137,0.04708397554499075,-0.04708426519163002
376,25.0,-0.04708258591845926,7.878002772975166e-9,8.87581138430463e-5,4.621360652852232e-5,0.04708258591845926,-0.04708453861150476
377,62.5,-0.04708250365347648,2.0674073985884035e-9,4.546875189169374e-5,0.0003201032175210122,0.04708250365347648,-0.04708422213014152
378,25.0,-0.0470841180404472,7.557451782198039e-9,8.693360559759407e-5,7.665349581043432e-5,0.0470841180404472,-0.04708443657889019
379,62.5,-0.04708396953063989,7.534110829752264e-9,8.679925592856349e-5,0.0009723126146316169,0.04708396953063989,-0.04708377532386293
380,25.0,-0.047084244719376396,3.902331604303717e-8,0.00019754320044748988,2.3470163345425877e-5,0.047084244719376396,-0.04708512850130356
381,62.5,-0.04708256753743132,8.131048805605026e-9,9.017232838074564e-5,0.0006993976712215169,0.04708256753743132,-0.04708352439122881
382,25.0,-0.04708246090974158,3.899528191275631e-8,0.00019747223073828966,0.0003197681109833071,0.04708246090974158,-0.04708488291110515
383,10.0,-0.04709112430718002,3.729889469844484e-8,0.00019312921761982272,0.0002429296186876442,0.04709112430718002,-0.04708395411116566
384,4.0,-0.047092468060697314,1.9609817149173804e-7,0.0004428297319419034,8.00909045926264e-5,0.047092468060697314,-0.04708468893215596
385,10.0,-0.047085652415351835,3.57228262700353e-8,0.00018900483134045887,0.0002493362502988094,0.047085652415351835,-0.04708367314929514
386,4.0,-0.0470843992419436,1.6069158804687775e-7,0.0004008635529040745,8.05525493056695e-5,0.0470843992419436,-0.04708460935778384
387,10.0,-0.047075581001866366,5.369393774902646e-8,0.00023171952388399743,0.00035025547653464746,0.047075581001866366,-0.04708352954464105
388,4.0,-0.0470863504406086,3.195604975982527e-7,0.0005652968225616103,8.422267866040516e-5,0.0470863504406086,-0.04708523929462305
389,10.0,-0.047089061369461435,3.3067976947060796e-8,0.00018184602538153205,6.11162639362914e-5,0.047089061369461435,-0.04708376721130669
390,25.0,-0.047088892010959005,1.1741256427749115e-8,0.00010835707834631347,0.00037988522560587973,0.047088892010959005,-0.04708367490922506
391,10.0,-0.047081190526071307,6.486445100042232e-8,0.0002546850034855259,0.0001646878516896085,0.047081190526071307,-0.047084489892063756
392,25.0,-0.04707774734457746,1.1796706187762948e-8,0.00010861264285414911,0.00032037527690049756,0.04707774734457746,-0.04708376162455546
393,10.0,-0.04708450706103063,4.0322499143839984e-8,0.0002008046292888687,5.224747231392517e-5,0.04708450706103063,-0.04708436026257775
394,25.0,-0.04708265355495194,7.402491484147095e-9,8.603773290915501e-5,0.0003060455365029139,0.04708265355495194,-0.04708375889660172
395,10.0,-0.04708792762432714,2.9415949346257127e-8,0.000171510784926946,1.5728270150978074e-5,0.04708792762432714,-0.04708420349629262
396,25.0,-0.047086497409086124,1.2781979629355054e-9,3.5751894536311016e-5,3.106656228441492e-5,0.047086497409086124,-0.0470838962900837
397,62.5,-0.04708478234567154,6.711067764970668e-10,2.5905728642465683e-5,4.981295449083688e-5,0.04708478234567154,-0.047083853768248946
398,25.0,-0.047083138190175566,7.370031508137744e-10,2.7147801951792973e-5,4.13175820952678e-5,0.047083138190175566,-0.04708380702292852
399,10.0,-0.04707987914825441,4.228509175552261e-9,6.502698805536253e-5,6.725914260919369e-5,0.04707987914825441,-0.04708418196006788
400,25.0,-0.04708114664402574,1.0485931460010129e-9,3.238198798716677e-5,4.7090460652648206e-5,0.04708114664402574,-0.04708415158100341
401,10.0,-0.04709269373177132,7.055895329187423e-7,0.0008399937695713834,0.00038718126930479055,0.04709269373177132,-0.04709069448757221
402,25.0,-0.04708925417576317,1.893437162802669e-7,0.00043513643409885466,0.000946391244923994,0.04708925417576317,-0.04708180788987151
403,10.0,-0.047070329500297985,2.8515217265029215e-7,0.0005339964163271998,0.0005211873894808595,0.047070329500297985,-0.04708423657956856
404,25.0,-0.047071748513698886,3.180910360447252e-8,0.0001783510684141604,0.00038125964901561464,0.047071748513698886,-0.0470827013339597
405,10.0,-0.04708904947749391,1.349442210616707e-7,0.0003673475480545238,0.00010817561475167222,0.04708904947749391,-0.04708566600500691
406,25.0,-0.04709195508019051,2.1489734251741405e-8,0.00014659377289551355,0.00011483584010085644,0.04709195508019051,-0.04708395219150683
407,62.5,-0.04708772150719526,6.250031415058588e-9,7.905714019023575e-5,0.00019734734606395137,0.04708772150719526,-0.04708392670658122
408,25.0,-0.047082124515279905,1.0441600368945317e-8,0.00010218414930381971,8.76874054495545e-5,0.047082124515279905,-0.04708382756845782
409,62.5,-0.04708222866835725,3.3966685727704666e-9,5.82809451945528e-5,0.00012392936170400344,0.04708222866835725,-0.04708343641209879
410,25.0,-0.047079451597691425,6.611643970550652e-9,8.131201615106251e-5,0.0001945046372352451,0.047079451597691425,-0.04708369304072827
411,10.0,-0.047086866980745344,2.7148900803698118e-8,0.00016476923500368057,8.253692345765809e-5,0.047086866980745344,-0.04708400992405834
412,25.0,-0.04708582161135081,5.528188042856366e-9,7.435178574087085e-5,4.1934641699837875e-5,0.04708582161135081,-0.047083693718158834
413,62.5,-0.04708449882084483,1.931482621890078e-9,4.394863617781646e-5,0.0002341922130379718,0.04708449882084483,-0.04708367938382904
414,25.0,-0.047082815081883285,2.980188695764531e-9,5.459110454794381e-5,0.00013633124083925883,0.047082815081883285,-0.04708360059039435
415,10.0,-0.04707867171628124,1.4716905060619695e-7,0.00038362618602774884,0.00018295050731705542,0.04707867171628124,-0.04708495485951208
416,25.0,-0.0470818905662362,6.629950623921039e-9,8.142450874227636e-5,9.225536977361555e-5,0.0470818905662362,-0.04708415468951117
417,62.5,-0.04708340022193398,2.1439846692394072e-9,4.630318206386476e-5,7.477318425384575e-5,0.04708340022193398,-0.04708425446430227
418,25.0,-0.04708680073844946,2.1406350721085114e-9,4.6266997656088635e-5,0.00014310870555591052,0.04708680073844946,-0.04708408049001703
419,10.0,-0.04708745390564169,6.383466702367442e-7,0.0007989660006763393,0.0003261823513831654,0.04708745390564169,-0.047091161629199
420,25.0,-0.047087665347835275,8.473676447396081e-8,0.00029109579947838617,0.0005598305672226458,0.047087665347835275,-0.04708320055010303
421,10.0,-0.04709335292281265,1.6507332897377577e-7,0.0004062921719326817,0.0004815603495328745,0.04709335292281265,-0.04708225005846815
422,25.0,-0.04708793314074888,2.5185759321171508e-8,0.00015870021840303658,0.00024740363415874276,0.04708793314074888,-0.047084026812636695
423,10.0,-0.047081411442427834,4.018799406774603e-8,0.0002004694342480819,3.462589969922137e-5,0.047081411442427834,-0.04708416460939406
424,25.0,-0.047081344697842316,5.4125992066184655e-9,7.357036908034692e-5,4.2080605751253327e-5,0.047081344697842316,-0.04708377014523112
425,62.5,-0.04708321615716062,4.47862748098579e-9,6.692254837486235e-5,0.00023077654853326119,0.04708321615716062,-0.04708339366678689
426,25.0,-0.04708523799219909,7.799226278827705e-9,8.831322822107516e-5,0.00022940453043493588,0.04708523799219909,-0.04708320219356508
427,10.0,-0.0470849379940814,1.353135313821348e-7,0.00036784987614804876,7.85548764168662e-5,0.0470849379940814,-0.04708524449468011
428,25.0,-0.047083638084503186,6.340261832184804e-8,0.0002517987655288406,0.00048013905177270904,0.047083638084503186,-0.04708240542983756
429,10.0,-0.04708506680065137,1.440480570758589e-7,0.0003795366346953333,3.006649065595003e-5,0.04708506680065137,-0.047085741263107966
430,25.0,-0.04707931486086738,2.0797807072395502e-8,0.00014421444820958648,0.0005415783087203744,0.04707931486086738,-0.04708378062315714
431,10.0,-0.04708671937445632,1.0672143570709104e-7,0.0003266824692374708,2.5133765886909318e-5,0.04708671937445632,-0.04708528556126862
432,25.0,-0.04708350379636729,4.566294899972105e-8,0.00021368890705818365,0.0005062278548813014,0.04708350379636729,-0.04708294319578536
433,10.0,-0.04708687178611968,2.627082875006171e-7,0.0005125507657789783,2.6969261253230257e-5,0.04708687178611968,-0.04708678365030575
434,25.0,-0.04708619409639587,1.559584760006256e-8,0.00012488333595825568,8.694915018538283e-5,0.04708619409639587,-0.047083944778514235
435,62.5,-0.04708467368536835,1.960535080470905e-9,4.427792994789735e-5,6.943663588147304e-5,0.04708467368536835,-0.04708424526273023
436,25.0,-0.04708189350361526,1.6029945434275873e-9,4.003741429497648e-5,1.7670556691824168e-5,0.04708189350361526,-0.04708415559836248
437,62.5,-0.047082270319994596,6.040361187292558e-10,2.45771462690292e-5,1.8254202822374447e-5,0.047082270319994596,-0.047084081925426374
438,156.25,-0.04708318415265499,5.966901309506806e-10,2.4427241574739476e-5,0.00016245580704177847,0.04708318415265499,-0.04708395164917926
439,62.5,-0.04708418171254191,9.524842539263676e-10,3.086234362336029e-5,0.00010903514397692498,0.04708418171254191,-0.047083878884539264
440,25.0,-0.04708493333800865,1.0592584876133912e-9,3.254625151401296e-5,3.273003132750847e-5,0.04708493333800865,-0.047083828703455136
441,62.5,-0.04708439471047675,5.793074684010711e-10,2.4068806958407204e-5,4.348688477513449e-5,0.04708439471047675,-0.04708377307994355
442,25.0,-0.04708370228311267,8.03484415536411e-10,2.834580066846606e-5,4.922481284604476e-5,0.04708370228311267,-0.04708373842433628
443,10.0,-0.047089783512289034,1.2774717650062272e-7,0.000357417370171936,0.00017685236833449753,0.047089783512289034,-0.04708583937352506
444,25.0,-0.047086850415974074,3.1623112935620484e-8,0.00017782888667373613,8.539339413532937e-5,0.047086850415974074,-0.047084332400643275
445,62.5,-0.04708501493029195,1.0041207691613125e-8,0.00010020582663504715,0.0002867204428172994,0.04708501493029195,-0.04708457814361503
446,25.0,-0.04707884138512526,4.758402149290545e-8,0.00021813762053553588,0.00022260516762930886,0.04707884138512526,-0.04708635168590216
447,62.5,-0.04707982258966338,2.8698214324607965e-8,0.0001694054731247133,0.0004676057300494472,0.04707982258966338,-0.04708334457491771
448,25.0,-0.04708426555581862,1.839426776493159e-8,0.00013562546871783186,0.00018145539753938286,0.04708426555581862,-0.04708412440625194
449,10.0,-0.0470837176706232,2.7294604005624487e-8,0.00016521078658981225,7.304317932201623e-5,0.0470837176706232,-0.0470840686911282
450,25.0,-0.04708247250090476,6.507194435508815e-9,8.066718313855279e-5,0.00016107691583700225,0.04708247250090476,-0.04708370118486227
451,10.0,-0.04708742679371392,6.780708803703787e-8,0.0002603979416912466,4.034373228773979e-5,0.04708742679371392,-0.047085329515782544
452,25.0,-0.047081173090007436,4.551625681885196e-8,0.0002133453932449725,0.0005189587182675386,0.047081173090007436,-0.047083501498752484
453,10.0,-0.04708162850366975,9.225376276276075e-8,0.00030373304522682536,0.00013534693146954486,0.04708162850366975,-0.04708524764974095
454,25.0,-0.04708192988769718,2.0353220577695013e-8,0.00014266471384927323,0.0004653116902221608,0.04708192988769718,-0.047083890234255944
455,10.0,-0.04708516390392474,7.498590267167861e-8,0.00027383553946060146,0.00012577658944599464,0.04708516390392474,-0.04708474044622069
456,25.0,-0.04708779134510261,2.4301148121227846e-8,0.00015588825523825663,0.0005264610415260163,0.04708779134510261,-0.04708341419942819
457,10.0,-0.04707993609361684,9.471798913117894e-8,0.0003077628780915251,3.217583750816944e-5,0.04707993609361684,-0.047084751133513805
458,25.0,-0.047083732391537306,5.8061399818376014e-8,0.00024095933229152178,0.0005013106606739047,0.047083732391537306,-0.04708226984084207
459,10.0,-0.04708042510763422,2.916300305794699e-7,0.0005400278053762324,0.00011572005487372661,0.04708042510763422,-0.04708643150816731
460,25.0,-0.047083185329231655,2.708765877458289e-8,0.00016458328826033004,0.0003635673880722163,0.047083185329231655,-0.047083058354097936
461,10.0,-0.04707870639429483,9.177955203145074e-8,0.00030295140209520526,9.252200562649506e-5,0.04707870639429483,-0.04708436551654583
462,25.0,-0.04708064914057191,7.951011658035399e-9,8.916844541672462e-5,5.674499420653751e-5,0.04708064914057191,-0.04708337848626051
463,62.5,-0.047082565498463784,2.7494941745821016e-9,5.243561933058579e-5,9.418537320436323e-5,0.047082565498463784,-0.04708335030176159
464,25.0,-0.04708517432580477,3.520995280126729e-9,5.933797502549888e-5,3.652731747218052e-5,0.04708517432580477,-0.047084148735932405
465,62.5,-0.04708578468805252,1.2111913979219501e-9,3.480217518951869e-5,0.0001865172140003622,0.04708578468805252,-0.04708403909322832
466,25.0,-0.04708415798029323,2.902045992920492e-8,0.0001703539254880994,6.7383395586403e-5,0.04708415798029323,-0.04708481963733455
467,62.5,-0.04708271196086035,1.0285789827036431e-8,0.0001014188829904788,0.0005633692672607767,0.04708271196086035,-0.04708356461369144
468,25.0,-0.04708167970414719,1.4072968214602639e-8,0.00011862954191348223,8.234397635108427e-5,0.04708167970414719,-0.04708449428839085
469,62.5,-0.047083132812909156,2.4069625767112184e-9,4.906080489261482e-5,4.150264780474189e-5,0.047083132812909156,-0.047084001565841964
470,156.25,-0.04708356761808133,1.6919591473266916e-9,4.113343101817172e-5,0.00019561174430969338,0.04708356761808133,-0.04708365780808479
471,62.5,-0.047084783220022915,9.077537236151457e-10,3.0128951585064252e-5,0.00016285026258330493,0.047084783220022915,-0.04708382561277401
472,25.0,-0.0470838312515058,2.002060635330553e-9,4.474439222216068e-5,3.729065630373592e-5,0.0470838312515058,-0.04708383978517302
473,62.5,-0.04708394304906727,5.943026808922415e-10,2.4378323996785373e-5,0.00011882852603884373,0.04708394304906727,-0.047083756085553055
474,25.0,-0.047082795617960416,1.94329958323301e-9,4.408287176708217e-5,7.531579696441592e-5,0.047082795617960416,-0.04708378879807559
475,10.0,-0.04708357580602547,3.121733227028613e-9,5.5872472891654014e-5,3.477275599074014e-5,0.04708357580602547,-0.04708379611960731
476,25.0,-0.047084271095330754,7.168399173604101e-10,2.677386631326171e-5,8.347876757751118e-5,0.047084271095330754,-0.047083766404904456
477,10.0,-0.04707651294596485,6.445437538539472e-7,0.0008028348235184789,0.0001802036673153254,0.04707651294596485,-0.047091165319481106
478,25.0,-0.04707709595401748,1.1858473295242484e-7,0.00034436134067636695,0.0009976091763701847,0.04707709595401748,-0.0470830812163345
479,10.0,-0.0470936914683674,2.747578109480789e-7,0.000524173455020453,0.0005165541322847017,0.0470936914683674,-0.04708530215665271
480,25.0,-0.047090754557939464,2.998952958481618e-8,0.00017317485263402472,0.00010364530397310855,0.047090754557939464,-0.0470834503739411
481,62.5,-0.04708650130187734,1.61710956312338e-8,0.0001271656228358663,0.000747361457769205,0.04708650130187734,-0.04708229643412191
482,25.0,-0.04708164799741877,5.057909181390888e-8,0.00022489795866994632,0.0002767002080122099,0.04708164799741877,-0.04708613957841408
483,62.5,-0.04708358414212815,1.023656323529484e-8,0.00010117590244368883,0.0002756877715961709,0.04708358414212815,-0.04708424245744073
484,25.0,-0.047080852517399664,1.2820181027544542e-8,0.00011322623824690345,0.0001760474804359268,0.047080852517399664,-0.04708390344029906
485,10.0,-0.04707942308386473,1.849658392784611e-8,0.0001360021467766083,0.00010830952890164782,0.04707942308386473,-0.04708394169164787
486,25.0,-0.04708415568685649,4.824255081841888e-9,6.945685770204327e-5,0.00024405361567035028,0.04708415568685649,-0.04708375561840234
487,10.0,-0.04709516220252901,1.2575519000716042e-6,0.0011214062154596808,0.00019349902667771911,0.04709516220252901,-0.047093726889956236
488,25.0,-0.04708212728217173,6.44284664457262e-8,0.0002538276313676787,0.0007588026426398721,0.04708212728217173,-0.04708254780585592
489,10.0,-0.04709043884868076,3.9418736864494475e-7,0.0006278434268549324,0.00012893395728962918,0.04709043884868076,-0.04708815841660221
490,25.0,-0.047090193531075325,6.849756721420735e-8,0.0002617203989264256,0.0007625276529513477,0.047090193531075325,-0.047082597512528045
491,10.0,-0.047090231789350026,2.5273434946765066e-7,0.0005027269134109001,0.0003196885243093938,0.047090231789350026,-0.04708622924013621
492,25.0,-0.04708575550167406,6.944175439121748e-8,0.00026351803428080115,0.0009106191170908738,0.04708575550167406,-0.047082359615498504
493,10.0,-0.0470836712096353,2.431032303224791e-7,0.0004930549972594124,0.0002407803440827348,0.0470836712096353,-0.04708673666755621
494,25.0,-0.047080197978256966,2.9411020749638397e-8,0.0001714964161422576,0.00048234311504956535,0.047080197978256966,-0.04708371544843736
495,10.0,-0.047088198608090014,8.96747902555965e-8,0.00029945749323668044,8.655129757206282e-5,0.047088198608090014,-0.047084867815289214
496,25.0,-0.04708978246699826,9.00925144054064e-9,9.491707665399646e-5,0.00037127345893962435,0.04708978246699826,-0.047083857496827065
497,10.0,-0.04708686620115164,4.383997521836697e-8,0.00020937997807423463,6.20572079504459e-5,0.04708686620115164,-0.04708443841965806
498,25.0,-0.047087522381652536,3.4312321274504756e-9,5.857672001273608e-5,0.00015329596770292142,0.047087522381652536,-0.04708400104516875
499,10.0,-0.04708043872158003,2.8688361720609755e-7,0.0005356151764150242,0.00024455596171804524,0.04708043872158003,-0.0470872097090622
500,25.0,-0.0470779077905447,5.070475365288196e-8,0.00022517716059334693,0.0001237262956305681,0.0470779077905447,-0.047084442402727744
501,62.5,-0.04707852312927231,3.2336382769395325e-8,0.00017982319864076306,0.0005043979967053495,0.04707852312927231,-0.04708191498639253
502,25.0,-0.047082019902311555,1.4089575950142102e-8,0.00011869951958682099,0.00016668116925959756,0.047082019902311555,-0.04708448448897873
503,10.0,-0.04708941684929688,1.6003414904405983e-8,0.00012650460428144893,7.776886552822757e-5,0.04708941684929688,-0.047084331059224695
504,25.0,-0.04708916408254973,4.947475356910109e-9,7.03382922518745e-5,0.0001842961981836407,0.04708916408254973,-0.04708408004774179
505,10.0,-0.04708404433941842,8.76545301650639e-9,9.362399808012042e-5,0.00011057651493059223,0.04708404433941842,-0.047084006051677944
506,25.0,-0.04708273271861805,4.020963103345992e-9,6.341106451831566e-5,2.207630394896269e-5,0.04708273271861805,-0.04708391184033481
507,62.5,-0.04708309767149125,2.854316480314813e-9,5.342580350649687e-5,0.00010508804361569891,0.04708309767149125,-0.047083666058687176
508,25.0,-0.04708361273811524,2.8407603752837392e-9,5.329878399441904e-5,7.402536840010214e-5,0.04708361273811524,-0.0470839990396697
509,10.0,-0.047084629074592356,3.923398235909122e-9,6.263703565710244e-5,4.152103687809771e-5,0.047084629074592356,-0.04708396444356396
510,25.0,-0.04708391886735365,1.3831333907344511e-9,3.719050135094244e-5,2.303811760166756e-5,0.04708391886735365,-0.047083899820144715
511,62.5,-0.04708335353482949,9.950170570024735e-10,3.1543890961681846e-5,0.0001122907608754294,0.04708335353482949,-0.04708380063926697
512,25.0,-0.04708355263702008,2.591256403455207e-9,5.0904384913828464e-5,8.529019093252022e-5,0.04708355263702008,-0.047083789949938754
513,10.0,-0.04708611267843674,7.16300405120295e-8,0.0002676378906508372,9.93664678499422e-5,0.04708611267843674,-0.04708461332131263
514,25.0,-0.04708281770110081,1.000168011717647e-8,0.00010000840023306276,0.0002777533490610673,0.04708281770110081,-0.047083660681299495
515,10.0,-0.047083653030159274,4.423430804238164e-8,0.00021031953794733773,5.456685340094375e-5,0.047083653030159274,-0.047084264883707996
516,25.0,-0.04708602822341069,6.139669788083396e-9,7.835604500026399e-5,0.0003343448165336135,0.04708602822341069,-0.04708372218373842
517,10.0,-0.04708519962919075,2.5651646808727793e-7,0.0005064745483114408,7.363255326266538e-5,0.04708519962919075,-0.04708627367038023
518,25.0,-0.04708245349660314,1.2866901471676395e-8,0.00011343236518593975,0.00010059312568696369,0.04708245349660314,-0.047083792230181554
519,62.5,-0.047083287525087114,2.8028334071943213e-9,5.2941792632988175e-5,0.00017527842372136196,0.047083287525087114,-0.047083925816542076
520,25.0,-0.047083849927828096,3.7178286676393777e-9,6.097399993144109e-5,6.007190659474523e-5,0.047083849927828096,-0.047084064513153626
521,62.5,-0.047083612160300145,1.572674489548204e-9,3.965696016524973e-5,0.00017164206012427089,0.047083612160300145,-0.04708386678880643
522,25.0,-0.047083429526455244,2.9569216282006325e-9,5.4377583876084754e-5,6.705974730020152e-5,0.047083429526455244,-0.04708386486653786
523,62.5,-0.04708313777172805,2.0476930682796478e-9,4.525144272042216e-5,0.0001853961160999359,0.04708313777172805,-0.04708366044963296
524,25.0,-0.04708435307298178,1.0752565813845868e-8,0.00010369457948150361,6.2337172283269e-5,0.04708435307298178,-0.0470840219505807
525,62.5,-0.04708430803963677,5.641088743221565e-10,2.3750976281453285e-5,3.7369008776236405e-5,0.04708430803963677,-0.04708376341826939
526,25.0,-0.04708396780470051,1.8542734797507015e-9,4.306127587230436e-5,2.747334202899888e-5,0.04708396780470051,-0.04708393628854544
527,62.5,-0.047082732574454854,1.8738723070603366e-9,4.328824675429044e-5,0.00040351250837385985,0.047082732574454854,-0.04708377417850771
528,25.0,-0.04708479361737977,1.1218421341317134e-8,0.00010591704934200694,2.5792734040176532e-5,0.04708479361737977,-0.047084152459614816
529,62.5,-0.047084193643210336,1.909646124238929e-9,4.369949798612026e-5,0.0003401369290302233,0.047084193643210336,-0.04708372207979319
530,25.0,-0.047084618854360015,9.02385483117428e-9,9.499397260444623e-5,1.0229355559213116e-5,0.047084618854360015,-0.04708408979085369
531,62.5,-0.04708274942180866,4.409282307579932e-10,2.0998291138994936e-5,0.00016171806745046667,0.04708274942180866,-0.04708382945675193
532,25.0,-0.04708513123262567,3.079720669078731e-9,5.5495231048070524e-5,9.087681725198126e-5,0.04708513123262567,-0.04708395280978681
533,10.0,-0.047086388768606345,4.546728902980668e-9,6.742943647236471e-5,4.705955750319326e-5,0.047086388768606345,-0.04708395053372113
534,25.0,-0.04708449247742753,3.5242989631427535e-9,5.936580634626934e-5,0.00019121328376514734,0.04708449247742753,-0.04708381644556775
535,10.0,-0.0470837384875415,1.6155318523845465e-8,0.00012710357400106995,3.4027504828921265e-5,0.0470837384875415,-0.04708402659424448
536,25.0,-0.0470836917627727,1.1624204253764422e-9,3.409428728359697e-5,2.7743821371672244e-5,0.0470836917627727,-0.047083843435446165
537,62.5,-0.04708396722682325,3.903572002158313e-10,1.9757459356299618e-5,3.543207131034842e-5,0.04708396722682325,-0.04708384383473316
538,25.0,-0.0470838904895862,3.9445322522772066e-10,1.986084653854716e-5,5.435784000604168e-5,0.0470838904895862,-0.047083812300005426
539,10.0,-0.0470853478126645,6.503241050106514e-7,0.0008064267511749913,0.00014482349716132104,0.0470853478126645,-0.04708893975883939
540,25.0,-0.047086071089455235,1.0529717878113907e-7,0.0003244952677330427,0.00017730642358575774,0.047086071089455235,-0.047081490036868734
541,62.5,-0.04709019702285037,3.5170744120289454e-8,0.00018753864700452933,0.0013530992539745941,0.04709019702285037,-0.0470803819398394
542,25.0,-0.047081265771053114,9.061685822556209e-8,0.0003010263414147707,0.00010352031380611133,0.047081265771053114,-0.04708755922568939
543,62.5,-0.047081051608014186,1.4451035716534212e-8,0.00012021246073737204,0.0002830418093739933,0.047081051608014186,-0.047084254329491725
544,25.0,-0.04708356391954333,3.9017800100418166e-8,0.00019752923859625988,2.819917728822249e-5,0.04708356391954333,-0.04708486576348399
545,62.5,-0.04708386999673293,4.2762170035749805e-9,6.539279014979389e-5,0.00034519250587201254,0.04708386999673293,-0.0470835092228441
546,25.0,-0.047084420162881765,2.986089418111226e-8,0.00017280305026564854,4.555399217851673e-5,0.047084420162881765,-0.047085184886833595
547,62.5,-0.04708475174889388,6.668710882897731e-9,8.166217535002194e-5,9.060736687350026e-5,0.04708475174889388,-0.04708402925463182
548,156.25,-0.04708425872777071,1.6187947777012801e-9,4.023424881492483e-5,0.00040211379478946867,0.04708425872777071,-0.047083450287998395
549,62.5,-0.04708435082593971,4.9379013758822565e-9,7.02702026173417e-5,7.905937443576598e-5,0.04708435082593971,-0.04708452765049521
550,156.25,-0.047084403502630656,8.37158543367781e-10,2.8933692183469795e-5,4.277414268627452e-5,0.047084403502630656,-0.04708420905383496
551,62.5,-0.04708455473264083,6.715860909045554e-10,2.591497811892874e-5,1.0636959021048468e-5,0.04708455473264083,-0.047084099233917015
552,156.25,-0.0470843682738318,1.9379595494133014e-10,1.3921061559426067e-5,4.636617265965855e-5,0.0470843682738318,-0.04708402299499851
553,62.5,-0.04708353786616701,1.2977069004620314e-9,3.602369915017101e-5,4.3108142380891305e-5,0.04708353786616701,-0.047084167670207754
554,156.25,-0.04708355087881581,3.808612689924994e-10,1.9515667269978226e-5,0.00018347489150352312,0.04708355087881581,-0.04708402109553862
555,62.5,-0.047083952476328204,1.5424263875351828e-9,3.9273736612845774e-5,4.364524639436613e-5,0.047083952476328204,-0.04708411425907088
556,156.25,-0.04708384593774725,1.6516158870232932e-10,1.2851520871178216e-5,0.0001265886741089358,0.04708384593774725,-0.04708399673524672
557,62.5,-0.04708405851085296,6.10375114196735e-10,2.4705770868295834e-5,5.679411947015861e-5,0.04708405851085296,-0.047084030872590166
558,25.0,-0.04708546293429619,6.532935407902423e-9,8.082657612383703e-5,4.976581457155087e-5,0.04708546293429619,-0.04708432411123658
559,62.5,-0.047085457931738385,2.714207952435754e-9,5.2098060927790335e-5,0.0002456291043365662,0.047085457931738385,-0.047083956293526755
560,25.0,-0.04708301503908024,4.573569358729367e-9,6.762816986086025e-5,6.741381732395058e-5,0.04708301503908024,-0.04708393782473816
561,62.5,-0.04708321083488806,8.104540078006211e-10,2.8468473928200316e-5,0.00017127895997417176,0.04708321083488806,-0.04708378426562826
562,25.0,-0.04708195634907953,1.8063966781627496e-8,0.0001344022573531691,6.0128691447605983e-5,0.04708195634907953,-0.04708476069216211
563,62.5,-0.047082799680082464,5.425206308530171e-9,7.36559998135262e-5,0.0004938177440235805,0.047082799680082464,-0.047083974834210715
564,25.0,-0.047083399317780196,1.5921422344589195e-8,0.00012618011865816737,5.657485800997488e-5,0.047083399317780196,-0.047084280904179605
565,62.5,-0.047083938545482096,1.4522681213015636e-9,3.810863578379005e-5,0.00014216265304808394,0.047083938545482096,-0.047083788206919
566,25.0,-0.0470839764878067,5.985435309272266e-9,7.736559512646604e-5,6.1010088035351375e-5,0.0470839764878067,-0.04708434990427849
567,62.5,-0.047083658337179105,1.3746132189937306e-9,3.70757767146385e-5,0.00015713549375335461,0.047083658337179105,-0.04708424955570922
568,25.0,-0.04708379203802768,3.97992214231572e-9,6.308662411570078e-5,8.53589652592481e-5,0.04708379203802768,-0.047084277899027444
569,10.0,-0.047085275316889164,7.146737278733181e-9,8.453837754968556e-5,6.085122554727164e-5,0.047085275316889164,-0.047084315995190376
570,25.0,-0.047085158418231146,3.5779268903396485e-9,5.9815774594496796e-5,0.00016664032079801724,0.047085158418231146,-0.04708416293865211
571,10.0,-0.04708420059487757,2.6130118741271316e-8,0.000161648132501651,4.99937145446604e-5,0.04708420059487757,-0.047084468896034716
572,25.0,-0.04708356121758502,1.0374588941567554e-8,0.00010185572611084541,0.00031023446938952497,0.04708356121758502,-0.04708394301201251
573,10.0,-0.0470879238144533,2.992046870067841e-8,0.00017297534130817147,0.0003119376209076527,0.0470879238144533,-0.0470840609780335
574,4.0,-0.04707991295200146,5.153791788133208e-7,0.0007178991425077207,0.00011728574426913871,0.04707991295200146,-0.04708597889969921
575,10.0,-0.04707547232791107,3.882365827056529e-7,0.0006230863364780621,0.0005446963626448819,0.04707547232791107,-0.04707987665379686
576,25.0,-0.04708145198345138,8.4486421515444e-8,0.0002906654804331674,0.0007055578152096034,0.04708145198345138,-0.04708448654938222
577,10.0,-0.04708690902809315,1.9452513085858658e-7,0.00044105003214894633,0.00022097723336118413,0.04708690902809315,-0.04708645425853413
578,25.0,-0.047086733329764874,3.3140138331762704e-8,0.00018204433067734547,0.00011291173853906704,0.047086733329764874,-0.04708389294953525
579,62.5,-0.047085535644705585,4.117706764875072e-9,6.416936001609391e-5,7.447675687255101e-5,0.047085535644705585,-0.04708422417769827
580,156.25,-0.047084265680030636,6.291574573075897e-10,2.508301132853848e-5,0.0002675533041105687,0.047084265680030636,-0.047084115088529686
581,62.5,-0.04708353738962006,1.095611888656997e-9,3.310002852954959e-5,8.423210511730024e-5,0.04708353738962006,-0.047084075894923444
582,25.0,-0.04708150995539416,7.706683412462698e-10,2.7760913912302487e-5,6.937755955426924e-5,0.04708150995539416,-0.04708402558288345
583,10.0,-0.04707925407605043,2.3104675922896337e-7,0.00048067323539902176,7.201109182337403e-5,0.04707925407605043,-0.04708636440017249
584,25.0,-0.04708493292357863,2.115267063555155e-8,0.00014543957726682085,0.0004137338240440774,0.04708493292357863,-0.0470837330346052
585,10.0,-0.047083627014348546,1.910464606793994e-7,0.00043708861879417473,8.549876175226432e-5,0.047083627014348546,-0.047085942205415114
586,25.0,-0.04708308743281514,1.572638019844961e-8,0.0001254048651307022,0.00013590464497017978,0.04708308743281514,-0.047083710864504656
587,62.5,-0.04708408532191184,2.8903374197054884e-9,5.3761858410079986e-5,0.00015553213024016907,0.04708408532191184,-0.047084192597452154
588,25.0,-0.04708467060855942,2.9920303260104703e-9,5.469945453119684e-5,3.04488594879406e-5,0.04708467060855942,-0.047084145983548056
589,62.5,-0.04708444314941811,9.128498693783921e-10,3.0213405458147085e-5,0.00021272502325381641,0.04708444314941811,-0.047084016511407305
590,25.0,-0.0470843631144489,2.1044083579110438e-9,4.587383086151672e-5,0.00016512992983949845,0.0470843631144489,-0.047084044718417324
591,10.0,-0.04708332295656001,1.4643216610304332e-8,0.00012100915920005531,4.001817986959235e-5,0.04708332295656001,-0.04708417904079845
592,25.0,-0.04708169779947431,6.767238752458811e-9,8.226322843445188e-5,0.000158746391240869,0.04708169779947431,-0.047083844483738944
593,10.0,-0.047085573257523695,4.728257885934336e-8,0.00021744557677576097,4.5135810797495936e-5,0.047085573257523695,-0.04708449693501607
594,25.0,-0.047084203203450276,4.580051499279801e-9,6.767607774745669e-5,0.00023797908069010266,0.047084203203450276,-0.04708395771135493
595,10.0,-0.047083979119991605,1.4635502435154974e-8,0.0001209772806569687,0.00019090595200767154,0.047083979119991605,-0.047084080046216295
596,4.0,-0.04708459172200437,1.7673188653069513e-7,0.0004203949173464103,0.00012291370378467612,0.04708459172200437,-0.04708455156170497
597,10.0,-0.047088560404178297,1.2074968605077003e-7,0.00034749055534038625,0.0003416018939024257,0.047088560404178297,-0.04708257018660381
598,25.0,-0.04708483719812315,3.073812593815422e-8,0.0001753229190327215,0.0002873862642139161,0.04708483719812315,-0.047084089142504136
599,10.0,-0.047081576275913674,8.202220643870383e-8,0.0002863951927646549,0.00017836809981174756,0.047081576275913674,-0.04708492220557006
600,25.0,-0.04708145939373421,1.6839213980997022e-8,0.0001297659970138442,7.752858862698309e-5,0.04708145939373421,-0.047083864047380665
601,62.5,-0.047083371968457376,4.079926919723995e-9,6.387430563007315e-5,0.000579099969639923,0.047083371968457376,-0.04708377588555136
602,25.0,-0.04708511142600585,2.5288124996633545e-8,0.00015902240407135576,7.617941176646007e-5,0.04708511142600585,-0.047084664840355235
603,62.5,-0.04708555477058692,1.3260021456340283e-9,3.641431237348892e-5,7.77842303231994e-5,0.04708555477058692,-0.04708396959445328
604,25.0,-0.04708441177587536,3.4933477914968053e-9,5.910454966833607e-5,8.497894607833447e-5,0.04708441177587536,-0.04708405701092147
605,10.0,-0.04708181255462574,5.962865336051205e-9,7.721959165944356e-5,1.1166558527551353e-5,0.04708181255462574,-0.04708405520050412
606,25.0,-0.04708193293002983,4.552647897950741e-9,6.74733124868695e-5,0.00016474937510823547,0.04708193293002983,-0.047083878613165354
607,10.0,-0.04708438424422962,3.139536412089253e-8,0.00017718737009418174,1.3499155599845638e-5,0.04708438424422962,-0.04708426876152488
608,25.0,-0.047084379284862525,3.975594358071012e-9,6.305231445451477e-5,0.00018161143039400018,0.047084379284862525,-0.04708386816946384
609,10.0,-0.04708498104313939,2.44870135624393e-8,0.0001564832692732335,2.3964083425987323e-5,0.04708498104313939,-0.04708422324731974
610,25.0,-0.0470848140434549,3.49655920693341e-9,5.91317106714613e-5,0.0001638082639256544,0.0470848140434549,-0.047083921035929524
611,10.0,-0.04708281540745928,1.6204760442409585e-8,0.0001272979200238935,4.6962437518199284e-5,0.04708281540745928,-0.04708415556412072
612,25.0,-0.047083892888607745,2.7037547395829028e-9,5.199764167328075e-5,0.00010506202348020634,0.047083892888607745,-0.04708394232597279
613,10.0,-0.0470843183100563,1.4491641546416871e-8,0.00012038123419543792,2.3966799024216495e-5,0.0470843183100563,-0.047084131261653825
614,25.0,-0.04708305981839037,8.583784981124341e-9,9.264871818392493e-5,0.00019640514931539067,0.04708305981839037,-0.04708374921395725
615,10.0,-0.04708353625895314,4.8993798768784113e-8,0.00022134542861505885,0.00012016759478047845,0.04708353625895314,-0.047084413657638324
616,25.0,-0.04708285422700763,1.3902904863452738e-8,0.00011791057994706302,0.00025904584598199996,0.04708285422700763,-0.047083700766512984
617,10.0,-0.04708610784346342,6.48199790363937e-8,0.0002545976807364782,5.130238394817401e-5,0.04708610784346342,-0.04708459165949787
618,25.0,-0.04708242232718161,3.636331093730513e-8,0.00019069166457217035,0.0004595701437271569,0.04708242232718161,-0.047082941219851536
619,10.0,-0.04708743610379071,1.955435672480448e-7,0.00044220308371611884,0.0001823585543559973,0.04708743610379071,-0.047085617862928385
620,25.0,-0.04709312090529303,2.7865442155143726e-8,0.00016692945262937792,0.0005078244695495994,0.04709312090529303,-0.047083690350768745
621,10.0,-0.04707949356884867,9.797161945385768e-8,0.00031300418440311254,4.014832901983601e-5,0.04707949356884867,-0.047084875177620014
622,25.0,-0.047077446343656335,8.489447244672046e-9,9.213819644790127e-5,0.00021221650647565378,0.047077446343656335,-0.04708376018014383
623,10.0,-0.047080040626993766,4.5059910360715623e-8,0.00021227319746193964,8.840314796380145e-5,0.047080040626993766,-0.047084432485939534
624,25.0,-0.047083218577628,3.0309936653081026e-9,5.5054460902892354e-5,5.9343485094614994e-5,0.047083218577628,-0.047083942997984136
625,62.5,-0.04708399105435209,5.078024433109385e-10,2.253447233264934e-5,2.407215186321972e-5,0.04708399105435209,-0.04708396673328322
626,156.25,-0.047084284102072646,2.56153146406011e-10,1.600478510964802e-5,0.00022419944287977272,0.047084284102072646,-0.04708389547160022
627,62.5,-0.04708443323864853,1.1016262902648865e-9,3.319075609661351e-5,5.1950682650282584e-5,0.04708443323864853,-0.04708394904684625
628,25.0,-0.047084797773556994,5.883034307463443e-10,2.425496713554451e-5,6.482795063249637e-5,0.047084797773556994,-0.047083877725291955
629,10.0,-0.047083626496275253,6.967572204509237e-9,8.347198454876485e-5,1.8119797787548555e-5,0.047083626496275253,-0.04708408425472697
630,25.0,-0.04708366160018114,1.3217048337149586e-9,3.6355258680347176e-5,8.598084624807713e-5,0.04708366160018114,-0.047084000078961546
631,10.0,-0.04708383105974717,2.981707549750182e-9,5.4605013961633434e-5,7.323332960636112e-5,0.04708383105974717,-0.04708399226059265
632,4.0,-0.04707253478747122,8.46884527202529e-6,0.002910128050795238,0.0003173197365167863,0.04707253478747122,-0.04711256055558813
633,10.0,-0.047059353754759156,5.175079374843841e-7,0.0007193802454087714,0.0009036802532668817,0.047059353754759156,-0.04707771476725981
634,4.0,-0.04712315139041235,3.878901523108211e-6,0.001969492707046211,0.0006745627511986763,0.04712315139041235,-0.04709924718256772
635,10.0,-0.04709890624114343,7.86347995903653e-7,0.0008867626491365393,0.00032644596662160006,0.04709890624114343,-0.047080585189789276
636,25.0,-0.04710676406505503,5.219439264568798e-7,0.000722456868232893,0.0021900746151734016,0.04710676406505503,-0.04706040233434159
637,10.0,-0.04706545711249628,4.117688537841394e-6,0.002029208845299417,0.0005178415127363264,0.04706545711249628,-0.04712705255246927
638,25.0,-0.047046143845522234,5.416236920849437e-7,0.0007359508761357267,0.002231431276576213,0.047046143845522234,-0.04707118801139788
639,10.0,-0.047082014402186165,2.2044705888268954e-6,0.0014847459677759342,0.00013305420769621466,0.047082014402186165,-0.047106051346029916
640,25.0,-0.04708549449538468,6.812688735771823e-7,0.0008253901341651609,0.0028657210436604597,0.04708549449538468,-0.047065017988419236
641,10.0,-0.047102826749875176,3.0355374520703943e-6,0.0017422793840456226,0.00028454260318596384,0.047102826749875176,-0.04711684820989531
642,25.0,-0.04709900715250028,8.843624890754366e-7,0.0009404054918360678,0.0015374245966391729,0.04709900715250028,-0.047066307088726375
643,10.0,-0.04706900988733004,3.3542756808685604e-6,0.0018314681763188134,0.0002517256642957418,0.04706900988733004,-0.04711976866563988
644,25.0,-0.04706569541222673,2.952049115545673e-7,0.0005433276281899967,0.000511643341203916,0.04706569541222673,-0.04707826409224957
645,62.5,-0.047073736524090457,4.7797031345317e-8,0.00021862532183010503,0.0013609412409790543,0.047073736524090457,-0.04708432400726301
646,25.0,-0.047094554310341666,7.494900332729724e-8,0.0002737681561600933,0.00041495794648609786,0.047094554310341666,-0.04708483115097181
647,10.0,-0.047106742875722266,2.070729966412223e-7,0.00045505274050512245,0.00023728817192906001,0.047106742875722266,-0.04708552569795937
648,25.0,-0.04709954978461497,1.0886740917942244e-7,0.00032995061627374246,0.0006982185272066502,0.04709954978461497,-0.047080334362905506
649,10.0,-0.04707967530486364,4.732298449955895e-7,0.0006879170335117379,0.00036713340180953585,0.04707967530486364,-0.04708926104381953
650,25.0,-0.047077023846130765,1.204797266531221e-7,0.0003471018966429341,0.0008031918871872347,0.047077023846130765,-0.047081783753867575
651,10.0,-0.04708292325767267,3.789456884941912e-7,0.0006155856467577775,0.00042950876281753103,0.04708292325767267,-0.04708584904625595
652,25.0,-0.0470939520205846,1.0418514783227912e-7,0.0003227772418128006,0.0007502916451103041,0.0470939520205846,-0.047080558743866095
653,10.0,-0.047070844193996327,7.824230639682383e-7,0.0008845468127624666,0.00028212274299895234,0.047070844193996327,-0.04709222248574617
654,25.0,-0.047088541569348774,4.797764128190474e-7,0.0006926589440836286,0.002113051266536038,0.047088541569348774,-0.047072109413038826
655,10.0,-0.047065061461989036,1.8739844127803227e-6,0.0013689355035137057,0.0006069034525840571,0.047065061461989036,-0.047103112037061926
656,25.0,-0.047075109176632844,5.801897970940052e-7,0.0007617019082909043,0.0009954500537694224,0.047075109176632844,-0.047071642626677276
657,10.0,-0.047084301316126974,2.37137930475864e-6,0.0015399283440337866,0.001316193902978599,0.047084301316126974,-0.047109860955557345
658,25.0,-0.04708440635526626,3.5956835348394623e-7,0.0005996401866819353,0.00037473621160270397,0.04708440635526626,-0.047082125212578305
659,62.5,-0.04707257844708588,1.2505913124157447e-7,0.00035363700490980077,0.002407662040314598,0.04707257844708588,-0.047069801117711606
660,25.0,-0.047076206011958735,6.065488745347722e-7,0.0007788124771309023,0.0014506519145398938,0.047076206011958735,-0.04709771887436345
661,10.0,-0.04710581048261799,1.9590652027640557e-6,0.0013996661040276911,0.0006199564788473172,0.04710581048261799,-0.04710711111122809
662,25.0,-0.04711745060224046,9.436196124189499e-7,0.000971400850534397,0.0017741683563069963,0.04711745060224046,-0.047063302355451815
663,10.0,-0.0470533799592442,1.8270724671546462e-6,0.0013516924454751702,0.0013863875393295144,0.0470533799592442,-0.04706425224454883
664,25.0,-0.04705663180561494,5.837500761590125e-7,0.000764035389336785,0.0017169645614311857,0.04705663180561494,-0.04704143156764049
665,10.0,-0.04706814371436368,1.4284386421342472e-5,0.0037794690660650303,0.0011079087749386591,0.04706814371436368,-0.047227207652303954
666,25.0,-0.04707604598620811,4.7418689656459707e-7,0.0006886122977151926,0.0013295318232377851,0.04707604598620811,-0.0470785178952215
667,10.0,-0.0471068034332914,5.486871658191399e-7,0.0007407342072694766,0.0017037672355795265,0.0471068034332914,-0.04706651404074549
668,4.0,-0.04718160957059881,1.1249867149125541e-5,0.00335408216195214,0.0009278018820928712,0.04718160957059881,-0.04712843210220806
669,10.0,-0.04714249903050102,1.5107579957019137e-6,0.0012291289581251896,0.0012214582059212212,0.04714249903050102,-0.04708859934965093
670,25.0,-0.04711108952884827,4.5435419512805615e-7,0.00067405800575919,0.001399349963895735,0.04711108952884827,-0.04707760404623341
671,10.0,-0.04702200668561427,1.812754791114496e-6,0.0013463858255026663,0.0005081540077628698,0.04702200668561427,-0.04709982377429235
672,25.0,-0.04703734151408311,9.092750300610985e-7,0.0009535591382085845,0.0025021615554332174,0.04703734151408311,-0.04705672234307931
673,10.0,-0.04707678738525596,4.91440487905889e-6,0.0022168457048380454,0.0004925702720068606,0.04707678738525596,-0.04712832700776011
674,25.0,-0.04709403169303232,2.7305241199594773e-7,0.0005225441722916329,0.000526879631350128,0.04709403169303232,-0.04707635592527011
675,62.5,-0.047093144631003406,6.948641607651073e-8,0.0002636027618909004,0.0012014748760683124,0.047093144631003406,-0.047079665265430684
676,25.0,-0.04708250703182015,1.6342910854886784e-7,0.00040426366216723936,0.0009101192839764789,0.04708250703182015,-0.0470822776913967
677,10.0,-0.0470514099215499,2.746666576129759e-6,0.0016573070253063427,0.0007355992184082794,0.0470514099215499,-0.047113984768839295
678,25.0,-0.04703385532629609,1.0097623628107375e-6,0.0010048693262363706,0.001813975120057885,0.04703385532629609,-0.04706218508615939
679,10.0,-0.04710634316799573,4.110393406790408e-6,0.002027410517579113,0.0006174153075953586,0.04710634316799573,-0.04711855879713774
680,25.0,-0.047116148018677195,4.227481641999767e-7,0.0006501908675150527,0.0010816916404593742,0.047116148018677195,-0.047071159219253644
681,10.0,-0.04705718598993596,3.4037516335421745e-6,0.0018449259154616952,0.0003978957287853657,0.04705718598993596,-0.047114315413385115
682,25.0,-0.04705403407361652,1.1540799818607161e-6,0.001074281146563001,0.0036142357628975545,0.04705403407361652,-0.04704723110040531
683,10.0,-0.04708010046956998,6.465382081471571e-6,0.0025427115608089666,0.0006820697645081672,0.04708010046956998,-0.04715436006836118
684,25.0,-0.04712228903257475,1.1829388869559296e-6,0.001087629940262739,0.002492994742681628,0.04712228903257475,-0.04706020470419844
685,10.0,-0.04713263332178185,2.32595022593296e-6,0.0015251066277257338,0.0027712391736329015,0.04713263332178185,-0.04703882592976302
686,4.0,-0.04699335522352109,4.5554316077018296e-5,0.006749393756258283,0.00021409490276293503,0.04699335522352109,-0.04727809700500912
687,10.0,-0.04697241508674335,3.006156279383035e-6,0.0017338270615557467,0.0013555869604231622,0.04697241508674335,-0.047074349671277264
688,25.0,-0.047015179265985474,1.7016829424418036e-6,0.0013044857003592656,0.004642124452646476,0.047015179265985474,-0.04701594117215392
689,10.0,-0.047133207008259154,1.2789956507058412e-5,0.003576304867745256,0.0012166280622894431,0.047133207008259154,-0.04722200956542927
690,25.0,-0.04713107358076706,9.955990199210657e-7,0.0009977970835400682,0.0017396548572479456,0.04713107358076706,-0.04707227886185427
691,10.0,-0.047100271656648846,3.2673424637023233e-6,0.0018075791721809376,0.0002848917733143995,0.047100271656648846,-0.04711221486737058
692,25.0,-0.047102040557703444,1.29336557555172e-6,0.001137262316069481,0.005160793366881899,0.047102040557703444,-0.047044363948592655
693,10.0,-0.04704941914337368,6.977388039338218e-6,0.0026414745956261283,0.0004820924875636131,0.04704941914337368,-0.04715509522653554
694,25.0,-0.04701728813381524,3.7018982505955775e-6,0.001924031769643001,0.006110021981508125,0.04701728813381524,-0.04698573776920318
695,10.0,-0.04707306919843399,1.3815162293005018e-5,0.0037168753399872074,0.0019551142732679907,0.04707306919843399,-0.04726597204825294
696,25.0,-0.0470846799879586,2.52837612373911e-6,0.0015900868289936592,0.0029529493617553074,0.0470846799879586,-0.04705998820806795
697,10.0,-0.047150608069077615,4.94361234441848e-6,0.0022234235638803686,0.002464623694228837,0.047150608069077615,-0.04710911799242366
698,25.0,-0.047106837022363665,3.773032751232275e-7,0.0006142501730754559,0.0023693605074931357,0.047106837022363665,-0.04708502889003848
699,10.0,-0.0470419153469952,1.3093827168773492e-6,0.0011442826210676055,0.0010458069474034621,0.0470419153469952,-0.047100630480973335
700,25.0,-0.04706243361042881,1.9980033093041755e-7,0.0004469903029489762,0.0012363921301629323,0.04706243361042881,-0.04708519469734777
701,10.0,-0.04708138794381343,4.494095358398973e-7,0.0006703801427845974,0.00035091559852890757,0.04708138794381343,-0.0470880874551762
702,25.0,-0.04708502979369427,4.7136913744251166e-8,0.0002171103722631675,0.00063903556122272,0.04708502979369427,-0.04708339075454033
703,10.0,-0.04709814378313508,2.1047038567017556e-7,0.0004587705152580924,0.00035537011850271077,0.04709814378313508,-0.04708518284308572
704,25.0,-0.04709787514590479,5.372292227878163e-8,0.0002317820577153927,0.0004928310210131206,0.04709787514590479,-0.047082237478408534
705,10.0,-0.04708293042563677,2.6018739322055454e-7,0.000510085672432146,0.0003131345132557153,0.04708293042563677,-0.04708644209502786
706,25.0,-0.047082541749366824,9.174599198712509e-8,0.0003028960085361395,0.000867426981244965,0.047082541749366824,-0.047081749994665356
707,10.0,-0.047072784280385346,4.5077550697111377e-7,0.0006713981731961399,6.464499162819339e-5,0.047072784280385346,-0.047088668186448045
708,25.0,-0.04707903402631585,1.8100780949157806e-7,0.00042545012573929047,0.001151636724600573,0.04707903402631585,-0.04707923413429778
709,10.0,-0.04708396663156567,8.442103961840384e-7,0.0009188092273067562,0.0003499061177487278,0.04708396663156567,-0.04709212292301777
710,25.0,-0.04708298831454787,2.3327765406030662e-7,0.0004829882545780038,0.0021948328099259872,0.04708298831454787,-0.04707768899677874
711,10.0,-0.047070486757371,1.1305061573449133e-6,0.0010632526310077552,0.0005689322402535748,0.047070486757371,-0.047095023965245085
712,25.0,-0.04707860255830415,1.811345224658374e-7,0.0004255990160536528,0.00043224539586036515,0.04707860255830415,-0.04707999898549864
713,62.5,-0.047084217587521474,5.3819944361235296e-8,0.00023199125923455672,0.002505997625912889,0.047084217587521474,-0.04708153802061002
714,25.0,-0.04708990454232445,2.2556722665716588e-7,0.00047493918206141495,0.0005447619630395185,0.04708990454232445,-0.04708971607265199
715,62.5,-0.0470873771588486,1.9826038221622585e-8,0.00014080496518810188,0.0002664328747053644,0.0470873771588486,-0.047082973536745905
716,25.0,-0.04708483401100533,7.038296635050317e-8,0.0002652978822955494,0.00017939989256895512,0.04708483401100533,-0.04708577209803246
717,62.5,-0.04708431234341877,4.812694238439202e-9,6.937358458692474e-5,0.0005431128801745492,0.04708431234341877,-0.047083765907184674
718,25.0,-0.04708375553785977,1.522339927572606e-8,0.00012338314015993457,0.0002311913666161024,0.04708375553785977,-0.04708413416284826
719,10.0,-0.047081516093116935,1.2181417076600581e-8,0.00011036945717271867,0.00013495088859410054,0.047081516093116935,-0.047083997305843485
720,25.0,-0.04708227587042022,3.192098456296086e-9,5.649865888935848e-5,0.00017677705628703033,0.04708227587042022,-0.04708385937093471
721,10.0,-0.047084245027008635,5.124031294519816e-9,7.158233926409374e-5,0.00014654068191232168,0.047084245027008635,-0.04708384558935629
722,4.0,-0.0470853179374807,1.0586205139071701e-8,0.00010288928583225612,6.981746877111691e-5,0.0470853179374807,-0.047083851972515196
723,10.0,-0.04708497154459095,2.598526777183013e-9,5.0975746950711894e-5,1.930741018506834e-5,0.04708497154459095,-0.04708381287983936
724,25.0,-0.047083888629509275,1.6209434657381942e-9,4.026094218641926e-5,0.00017338328829232438,0.047083888629509275,-0.0470837606508847
725,10.0,-0.047088953938380036,3.6248687787019854e-8,0.00019039088157529985,0.00013443162405160923,0.047088953938380036,-0.047084273680876
726,25.0,-0.047089283267471985,2.5557450957120936e-8,0.0001598669789453749,0.00040284898696011154,0.047089283267471985,-0.04708329583119821
727,10.0,-0.047082168906114844,1.2201160320715518e-7,0.00034930159347926714,0.0001798286575326306,0.047082168906114844,-0.047084707498025
728,25.0,-0.047086848104732466,8.079897861446856e-8,0.00028425161145447984,0.00075356102932452,0.047086848104732466,-0.04708141653647847
729,10.0,-0.04707808785974219,5.739368975685536e-7,0.0007575862311107256,0.00026053162006712513,0.04707808785974219,-0.04708939165769132
730,25.0,-0.04708310216654244,2.5496282830186083e-7,0.0005049384401111296,0.0016208986260292442,0.04708310216654244,-0.04707650794931931
731,10.0,-0.04708264052575658,1.199481292550856e-6,0.001095208332944402,0.0003904690852690042,0.04708264052575658,-0.04709626383968008
732,25.0,-0.04707916312885638,2.574455140052535e-7,0.0005073908887684656,0.002179105717761179,0.04707916312885638,-0.04707835817808086
733,10.0,-0.047079956075240174,9.638067334154101e-7,0.0009817365906471093,0.0005660842763618842,0.047079956075240174,-0.04709367614175694
734,25.0,-0.04708690059749082,3.379895852998862e-7,0.0005813687171665553,0.001651340569325519,0.04708690059749082,-0.047075354039428814
735,10.0,-0.04708565006179624,1.5483842923422145e-6,0.0012443409068025589,0.00061646792528744,0.04708565006179624,-0.047098097582294954
736,25.0,-0.04708225033520147,2.7012262682526387e-7,0.0005197332265934744,0.0016393281428334185,0.04708225033520147,-0.04707865578874281
737,10.0,-0.04709780054328919,8.034352653520836e-7,0.0008963455055680725,0.0010582655963027089,0.04709780054328919,-0.047089647214641074
738,25.0,-0.047086379270366616,1.1660596888848147e-7,0.00034147616152299925,0.0003284928681004809,0.047086379270366616,-0.047083209945601424
739,62.5,-0.04708349089366278,1.770061629940796e-8,0.00013304366313134932,0.00016949114512333581,0.04708349089366278,-0.04708415411008911
740,25.0,-0.04707910327762025,2.053750614229686e-8,0.00014330912790990271,0.0007711205105686578,0.04707910327762025,-0.04708333842031875
741,10.0,-0.04709120449479044,4.6991997380770253e-7,0.0006855070924561631,0.00022875989210732335,0.04709120449479044,-0.04708869859130898
742,25.0,-0.04708580966014688,1.1628211852141534e-7,0.0003410016400567823,0.0005726072408578904,0.04708580966014688,-0.0470810262232355
743,10.0,-0.04708820200230237,2.3602074702102312e-7,0.0004858196651238226,0.0010140140726903578,0.04708820200230237,-0.04708033075329484
744,4.0,-0.04706601527569819,5.303300580330428e-7,0.0007282376384347644,0.0004520810052887702,0.04706601527569819,-0.0470820743499292
745,10.0,-0.04707134649510973,1.252046048776598e-7,0.00035384262727610957,0.0011449923396439415,0.04707134649510973,-0.047079635819343255
746,4.0,-0.04708438267167917,2.7665452058096425e-7,0.0005259795819050054,0.0007545186373553927,0.04708438267167917,-0.047079940373776136
747,1.6,-0.04711259770550301,2.8302060846271657e-6,0.0016823216353085298,0.0006923904685099911,0.04711259770550301,-0.047084220051733856
748,4.0,-0.04707839069966359,6.264985010230051e-7,0.0007915165829109363,0.0005902670553937031,0.04707839069966359,-0.0470806191812922
749,10.0,-0.04707451228273853,1.4176049069631132e-7,0.0003765109436607538,0.00021163577758216072,0.04707451228273853,-0.04708248796108919
750,25.0,-0.04707715762993815,4.339310670066693e-8,0.0002083101214551682,0.0006727523391635209,0.04707715762993815,-0.04708352953504305
751,10.0,-0.047087920902363724,1.4841973925897293e-6,0.0012182764023774446,0.00026119372775393026,0.047087920902363724,-0.04710087343037039
752,25.0,-0.047098732749025186,1.239670677662668e-6,0.0011134049926521204,0.0027142550321048488,0.047098732749025186,-0.0470544510778177
753,10.0,-0.04711863322403948,1.5359807245011303e-6,0.0012393468943363397,0.002389464568268812,0.04711863322403948,-0.04701526458162781
754,4.0,-0.04709907300346133,7.0060180462267e-5,0.008370195963193872,0.001903856641908937,0.04709907300346133,-0.04736767697461076
755,10.0,-0.04706743702803628,3.0653745806651894e-6,0.0017508211161238573,0.0017586707317812568,0.04706743702803628,-0.047088684492661376
756,25.0,-0.047058327980920606,1.6388779875198906e-6,0.0012801867002589467,0.003508754334099019,0.047058327980920606,-0.047032482894319105
757,10.0,-0.04706769549138871,1.1232900125996814e-5,0.0033515518981505885,0.0014740306142755901,0.04706769549138871,-0.047174062836324984
758,25.0,-0.04706993418039363,4.6849882569536445e-6,0.0021644833695257733,0.0074131191058924364,0.04706993418039363,-0.0469407260431849
759,10.0,-0.04707653262134713,2.2372027634503252e-5,0.004729907782875185,0.003977300206065615,0.04707653262134713,-0.04729826242437689
760,25.0,-0.047086719123145084,2.1769906598764976e-6,0.0014754628629269182,0.002540734655669163,0.047086719123145084,-0.04708668820141543
761,10.0,-0.04707471746691272,4.1835840978188186e-6,0.0020453811619888405,0.002098388344105226,0.04707471746691272,-0.04711634371313901
762,25.0,-0.04704783201038552,7.204781879550607e-7,0.0008488098656089364,0.0029036702486427693,0.04704783201038552,-0.04707157162137705
763,10.0,-0.04704863789344755,1.4018253350964923e-6,0.0011839870502233089,0.002431273239964422,0.04704863789344755,-0.04706979091323692
764,4.0,-0.04713481378877506,1.9972577833328574e-5,0.0044690690119227935,0.002049622664282215,0.04713481378877506,-0.047142420075950806
765,10.0,-0.047127187632239116,2.4638592363215474e-6,0.0015696685116041373,0.002516956973432941,0.047127187632239116,-0.047072347156709375
766,4.0,-0.047059116974666186,1.280858210812064e-5,0.003578907949098529,0.00134321907119245,0.047059116974666186,-0.047136530355811314
767,10.0,-0.04707162325111379,3.139898708997035e-6,0.0017719759335264786,0.0025238437540328063,0.04707162325111379,-0.0470592733800311
768,4.0,-0.04706496571496686,9.06161430782161e-6,0.003010251535639773,0.0028690067740764547,0.04706496571496686,-0.0470685000763443
769,10.0,-0.047099173433379264,1.3091268477220416e-6,0.0011441708123012234,0.002231509133448067,0.047099173433379264,-0.04706914832756323
770,4.0,-0.04708516522458208,1.375847138212998e-5,0.0037092413485954215,0.001088264090507042,0.04708516522458208,-0.04714643783514946
771,10.0,-0.04706153062671569,2.7030594299921014e-6,0.001644098363843265,0.0019303884511118969,0.04706153062671569,-0.04707072757541153
772,25.0,-0.04704501966136321,1.9475013281712855e-6,0.0013955290495619522,0.005383618641656307,0.04704501966136321,-0.04700082175957524
773,10.0,-0.04710150956363061,1.0738842391928322e-5,0.0032770173011335054,0.0026953869154241815,0.04710150956363061,-0.04720242035504738
774,25.0,-0.04706813642558854,1.2013619269916962e-6,0.0010960665705109778,0.003261459669624798,0.04706813642558854,-0.04707819322163965
775,10.0,-0.04708495829796191,3.0600636049228185e-6,0.001749303748616237,0.002572946448231655,0.04708495829796191,-0.04709786225229215
776,4.0,-0.04713699482146157,4.339733051608735e-6,0.0020832025949505573,0.0026542740337294505,0.04713699482146157,-0.04708727517256722
777,1.6,-0.047138407590670305,6.7191445827890475e-6,0.0025921312819355904,0.000813947505049303,0.047138407590670305,-0.04708661343811166
778,4.0,-0.0470447851188864,5.93715952373464e-6,0.0024366287209451176,0.005304317656920769,0.0470447851188864,-0.04704911234432224
779,1.6,-0.04704185976659678,3.626254386347308e-5,0.0060218389104552674,0.00299852963041554,0.04704185976659678,-0.04712351948016196
780,4.0,-0.04705896512336052,1.3490044029931324e-6,0.0011614664881059342,0.00038746538709703144,0.04705896512336052,-0.047075380951727086
781,10.0,-0.04708330113801721,4.824096104883742e-7,0.00069455713263084,0.0020638099996627946,0.04708330113801721,-0.04706876379713974
782,4.0,-0.04704928412508772,1.468124627453158e-6,0.0012116619278714495,0.0018169285435445048,0.04704928412508772,-0.04706955131396517
783,1.6,-0.04730028436969627,7.309819548366143e-5,0.008549748270192604,0.0024246062687369556,0.04730028436969627,-0.047197955036336926
784,4.0,-0.04714045066453941,1.4620474930481926e-5,0.003823672963327529,0.004056072084716429,0.04714045066453941,-0.047072384167240716
785,10.0,-0.04709611446126673,2.5058191880714167e-6,0.0015829779493320229,0.001754533068769923,0.04709611446126673,-0.04709502606670132
786,25.0,-0.04707815743065567,3.379771748049914e-7,0.0005813580435540488,0.0026791968236203932,0.04707815743065567,-0.0470709917263483
787,10.0,-0.04705424772678907,1.0600762382491512e-6,0.0010296000379997814,0.002548962258783968,0.04705424772678907,-0.04707810935620623
788,4.0,-0.04697921582407332,2.4486599438264484e-6,0.001564819460457483,0.00236432708540091,0.04697921582407332,-0.047081645930394316
789,1.6,-0.047037628220797045,6.006198226349623e-6,0.002450754623855604,0.0017774668982083084,0.047037628220797045,-0.04708860022163173
790,4.0,-0.0470798522248058,6.448670287913259e-7,0.000803036131684824,0.0009515733978879905,0.0470798522248058,-0.04708728293886683
791,10.0,-0.04708557869569239,3.665276673356965e-7,0.000605415285019875,0.0013154462269740676,0.04708557869569239,-0.04708814221777635
792,4.0,-0.04713210834475485,1.34454279873667e-6,0.0011595442202592663,0.0013971604885408854,0.04713210834475485,-0.04709128503085668
793,10.0,-0.04710885730416001,3.160352932976036e-7,0.0005621701640051734,0.0003599337865559431,0.04710885730416001,-0.04708676630094667
794,25.0,-0.04708515402162919,1.0446150486999724e-7,0.0003232050508113963,0.0016226962900862175,0.04708515402162919,-0.047087202065761655
795,10.0,-0.047072611348376,1.5859213623612495e-7,0.0003982362819183166,0.0012672691014404306,0.047072611348376,-0.04708540425553884
796,4.0,-0.04704653058127764,1.0831909585055367e-6,0.0010407646028307922,0.0010563855911415044,0.04704653058127764,-0.04708947046887637
797,10.0,-0.047050374986870674,5.918323760207213e-7,0.0007693064253083561,0.001953584035656872,0.047050374986870674,-0.047079747627841236
798,4.0,-0.04707217399346486,2.7775551934014524e-6,0.0016665998900160328,0.001096545086946041,0.04707217399346486,-0.0470942923057627
799,10.0,-0.047069031488466355,3.763484498763463e-7,0.0006134724524184817,0.0006553110037490718,0.047069031488466355,-0.047083106423260905
800,25.0,-0.04707969380033021,8.39729877063166e-8,0.000289780930542913,0.0009796598209299578,0.04707969380033021,-0.047082002251632504
801,10.0,-0.04709488744461793,4.090970137259775e-7,0.0006396069212617836,0.0007286032840797503,0.04709488744461793,-0.0470871259729368
802,25.0,-0.047095402733461626,1.1258419483683193e-7,0.00033553568340316943,0.0018886399886161806,0.047095402733461626,-0.04708202064282378
803,10.0,-0.04708537320867597,4.910368231570288e-7,0.0007007401966185676,0.00010364257322465338,0.04708537320867597,-0.047088942616539634
804,25.0,-0.04708094101920742,5.9382105984784856e-8,0.00024368443935710146,0.00035588140039325404,0.04708094101920742,-0.04708275287091909
805,10.0,-0.0470839955191154,2.7539103186755683e-7,0.0005247771258997069,0.0003585286923623562,0.0470839955191154,-0.04708639414766757
806,25.0,-0.04708855052412825,8.119742806500128e-8,0.0002849516240785465,0.0016976505967046633,0.04708855052412825,-0.047081741725651466
807,10.0,-0.04709474425905252,2.9755118063438777e-7,0.0005454825209247202,0.0015296972637091186,0.04709474425905252,-0.04708412180133084
808,4.0,-0.047046539108596484,7.289226468814534e-7,0.000853769668518069,0.0006139501979169948,0.047046539108596484,-0.04708665431672875
809,10.0,-0.04706202450282904,1.3067731690124343e-7,0.00036149317683912576,0.00114858789309896,0.04706202450282904,-0.047083630324487716
810,4.0,-0.04709271159804549,1.194456557719262e-6,0.0010929119624742251,0.0004653038145386983,0.04709271159804549,-0.04708869790183253
811,10.0,-0.047092155538619736,5.961466523458462e-7,0.0007721053375970446,0.0014168591586535763,0.047092155538619736,-0.047078351453388075
812,4.0,-0.047102325760548576,1.1501930074662643e-6,0.0010724705158960148,0.001858627694544359,0.047102325760548576,-0.04707459826223171
813,1.6,-0.04709263010217796,2.2379355351253286e-5,0.004730682334637709,0.00239968926353451,0.04709263010217796,-0.04711538266368271
814,4.0,-0.04709298190201401,2.9700648028513983e-6,0.001723387595072971,0.0010964715616274263,0.04709298190201401,-0.04708651765660232
815,10.0,-0.04707996712809927,9.538799161470543e-7,0.0009766677613943517,0.0016441243551287982,0.04707996712809927,-0.04707382345026191
816,4.0,-0.04707307394042745,6.2843617077277e-6,0.0025068629216069434,0.0010103331314447852,0.04707307394042745,-0.04710396194530435
817,10.0,-0.047063289039242874,9.153429811572414e-7,0.0009567355858110648,0.0023201941218039,0.047063289039242874,-0.04707540079026409
818,4.0,-0.04705954781139234,4.322401073381181e-6,0.0020790384973302396,0.001041686378911993,0.04705954781139234,-0.04710028676638445
819,10.0,-0.04709521618774856,6.372073878895826e-7,0.0007982527092904744,0.0017495639775009753,0.04709521618774856,-0.04707991428762926
820,4.0,-0.0470822505886033,2.2027805840163763e-6,0.0014841767361121034,0.0014793261640075447,0.0470822505886033,-0.04708825992677172
821,10.0,-0.047098685756760225,3.5168771192225016e-7,0.0005930326398456077,0.000616124597271621,0.047098685756760225,-0.04708191887325531
822,25.0,-0.04710958362714542,1.2119405395809273e-7,0.0003481293638262833,0.001524814791396686,0.04710958362714542,-0.0470801463190856
823,10.0,-0.04707011430357571,1.0970647155585387e-6,0.0010474085714555416,0.00040411187656850124,0.04707011430357571,-0.04709552602635873
824,25.0,-0.04705342246444698,4.873691393465991e-7,0.0006981182846384981,0.002480342908746331,0.04705342246444698,-0.04707164087780117
825,10.0,-0.0470731542970711,1.945910658596479e-6,0.0013949590168160781,0.0011662877936356132,0.0470731542970711,-0.047103224078009556
826,25.0,-0.04708546217180362,3.465082356338668e-7,0.0005886495015150075,0.0021572025242940253,0.04708546217180362,-0.047077665882222654
827,10.0,-0.04712077908909669,5.94336659576067e-7,0.0007709323313858791,0.001709176150460718,0.04712077908909669,-0.04707473232467128
828,4.0,-0.047182390053265806,2.8655575417826442e-6,0.0016927957767500024,0.002421518875701664,0.047182390053265806,-0.04708478044125216
829,1.6,-0.04705631985858109,8.898446868991946e-6,0.0029830264613294913,0.0009513848813195258,0.04705631985858109,-0.04709798024836278
830,4.0,-0.04703174082421168,1.4330563644694752e-6,0.0011971033223867834,0.0004922554560110036,0.04703174082421168,-0.047084359236209246
831,10.0,-0.04705263008647928,7.158515281670414e-7,0.0008460800955979531,0.0019478577838580732,0.04705263008647928,-0.04707770015348549
832,4.0,-0.047070583602105455,1.0805062834952652e-5,0.003287105540586224,0.0012161800924991681,0.047070583602105455,-0.04712989205456918
833,10.0,-0.047167834856994675,5.6337632699879e-6,0.00237355498566768,0.004537329200340607,0.047167834856994675,-0.04703031483896643
834,4.0,-0.04706380287622311,1.4333488827025109e-5,0.0037859594328287656,0.005498449249547505,0.04706380287622311,-0.04705217034752322
835,1.6,-0.04659914432280988,0.00010964224972316065,0.010471019516893313,0.004298801313358891,0.04659914432280988,-0.047212967856823385
836,4.0,-0.0467939016185876,6.502623367057996e-6,0.002550024189504483,0.0018541495509727694,0.0467939016185876,-0.047108827431547734
837,10.0,-0.04690378950804573,3.7579607744541673e-6,0.0019385460465137698,0.00686412382568994,0.04690378950804573,-0.04704444414915081
838,4.0,-0.04726705476236797,1.8527065017499503e-5,0.004304307728020791,0.0013651601131225535,0.04726705476236797,-0.04716899506583432
839,10.0,-0.04734981744364731,4.851687387529174e-6,0.0022026546228424405,0.0071213423431966015,0.04734981744364731,-0.047039710413710537
840,4.0,-0.04711357499739831,1.659725126102579e-5,0.004073972417803757,0.00273123448084651,0.04711357499739831,-0.04714317267181646
841,10.0,-0.04704445398803862,1.3050220513107377e-6,0.001142375617435324,0.002852524767109807,0.04704445398803862,-0.04707878676554953
842,4.0,-0.04697000214325966,2.563527879002164e-6,0.0016011020826300127,0.001957409566678022,0.04697000214325966,-0.04708258549736533
843,10.0,-0.0469837843844917,4.9007938174862e-7,0.0007000566989527491,0.0005593581169961616,0.0469837843844917,-0.047075641022193644
844,25.0,-0.04704685985338499,2.3777589330593883e-7,0.0004876226956427878,0.0025229464124949677,0.04704685985338499,-0.04706980041167134
845,10.0,-0.047157717337958094,2.017864169217792e-6,0.0014205154589858543,0.0021254099916641137,0.047157717337958094,-0.047105942389407594
846,4.0,-0.04728872057552744,2.2817987814900065e-6,0.0015105624056920013,0.0019464838999219724,0.04728872057552744,-0.047089267469391474
847,1.6,-0.04728266381389907,2.215361691981941e-6,0.00148840911445138,0.0006293309042266818,0.04728266381389907,-0.047077522165507604
848,4.0,-0.04717118776112063,2.1634567419170222e-6,0.0014708693830238707,0.00147965413149577,0.04717118776112063,-0.04708323285469804
849,10.0,-0.04713896363796824,8.351657460011301e-7,0.0009138740318015005,0.0018057667153008041,0.04713896363796824,-0.047072221875188815
850,4.0,-0.047029640181154735,1.1422886623987035e-5,0.0033797761203942242,0.0008935266246870541,0.047029640181154735,-0.04712526047781451
851,10.0,-0.0470328993502596,1.8812433250709483e-6,0.0013715842391449926,0.003144233682098551,0.0470328993502596,-0.047066215057623456
852,4.0,-0.047006967197412645,4.2408224621751695e-6,0.0020593257299842513,0.0028751493336925406,0.047006967197412645,-0.04707350903577436
853,1.6,-0.04731366973522656,7.339208585457809e-5,0.008566918107147872,0.0015389085418765326,0.04731366973522656,-0.04717253245021678
854,4.0,-0.047142411914789246,1.2344054484101996e-5,0.0035134106626043583,0.006069160782176741,0.047142411914789246,-0.047033453444042576
855,1.6,-0.0471601587172401,3.619131713316304e-5,0.006015921968673051,0.003902932273499718,0.0471601587172401,-0.04705438506206826
856,4.0,-0.04710729985931105,8.380399626609007e-6,0.0028948919887638305,0.004734135214553565,0.04710729985931105,-0.04701776410675294
857,1.6,-0.04721798862112595,2.0375408147231968e-5,0.004513912731459478,0.004404529444867286,0.04721798862112595,-0.04703735226803127
858,4.0,-0.04712744310866515,2.038783674543529e-5,0.004515289220574391,0.0020080048042576404,0.04712744310866515,-0.04716829924588976
859,10.0,-0.047096942166764064,2.8328639186610798e-6,0.0016831113803492269,0.0031086540421374617,0.047096942166764064,-0.04707191471957357
860,4.0,-0.046958247482080384,8.512132536120126e-6,0.0029175559182507754,0.0005037897553100013,0.046958247482080384,-0.04710931198245932
861,10.0,-0.047019535773615694,9.837284797666244e-7,0.000991830872561761,0.002544192929294094,0.047019535773615694,-0.047076665478432096
862,4.0,-0.04705817178408292,2.6954893652046225e-6,0.001641794556332985,0.0021217894131026257,0.04705817178408292,-0.047085280101186205
863,1.6,-0.047242223588113565,4.523521757486822e-6,0.0021268572489677867,0.0003220782595200033,0.047242223588113565,-0.04708717318445813
864,4.0,-0.047183006019237535,1.0780837914897113e-6,0.0010383081389884754,0.0007520692483470476,0.047183006019237535,-0.0470799581529103
865,10.0,-0.04716045906321507,1.0570308285103492e-6,0.0010281200457681727,0.003594066037648164,0.04716045906321507,-0.0470648868362485
866,4.0,-0.047019550023255766,6.777163929232838e-6,0.0026032986630874374,0.002369689224195408,0.047019550023255766,-0.04710118649942619
867,10.0,-0.047020700764582375,3.656528567542168e-7,0.0006046923653844298,0.0006365043887255876,0.047020700764582375,-0.04708145251054982
868,25.0,-0.04705740949460719,8.071666717906711e-8,0.00028410678833682784,0.0012378689087420012,0.04705740949460719,-0.04707954565259781
869,10.0,-0.04708971701783974,1.110000251203211e-6,0.0010535654945010352,0.0005876965331752253,0.04708971701783974,-0.0470939503019281
870,25.0,-0.047088335076618776,5.770066239461705e-7,0.000759609520705323,0.004106331612834749,0.047088335076618776,-0.047067599366967285
871,10.0,-0.0471018342069287,3.0411787827017203e-6,0.0017438975837765589,0.0010037762410463895,0.0471018342069287,-0.04711040501820265
872,25.0,-0.04709205725411362,1.746050739482677e-6,0.0013213821322701003,0.005698754359835212,0.04709205725411362,-0.04703473552051637
873,10.0,-0.04708566862575286,7.101481531654253e-6,0.002664860508854873,0.0030520943045986857,0.04708566862575286,-0.047141073924461915
874,25.0,-0.04707170279176233,5.180370066877101e-7,0.000719747877167908,0.0006950273948067919,0.04707170279176233,-0.04709068771318417
875,62.5,-0.04707105490214001,2.1410838443619337e-7,0.00046271847211473347,0.006037730222085789,0.04707105490214001,-0.04706781160512358
876,25.0,-0.04708149663614025,1.1149699877992173e-6,0.0010559213928125603,0.0005296228903590517,0.04708149663614025,-0.04711198920516966
877,62.5,-0.04708349737989425,4.8823634693522635e-8,0.00022096070848348274,0.0013134897777537268,0.04708349737989425,-0.04708017160186756
878,25.0,-0.047090700669256295,1.4170646027230713e-7,0.0003764391853570868,0.0021517144018611514,0.047090700669256295,-0.04708241313921828
879,10.0,-0.04708584533993552,8.277393644750919e-7,0.0009098018270343778,0.0006914931290706134,0.04708584533993552,-0.04709211303619217
880,25.0,-0.04707832052386338,4.230793312408198e-7,0.0006504454867556694,0.002224340971641598,0.04707832052386338,-0.04707251098094122
881,10.0,-0.047075088428397686,2.372922580929548e-6,0.001540429349541727,0.0013228944498854481,0.047075088428397686,-0.04710552581405296
882,25.0,-0.04705199132034518,1.4069487489644671e-6,0.0011861487044061833,0.005798520658720857,0.04705199132034518,-0.04704445071690218
883,10.0,-0.04712587872832975,6.254196520212172e-6,0.002500839163203458,0.0004237868243690105,0.04712587872832975,-0.047153356110698916
884,25.0,-0.04712751206306046,2.393182160965272e-6,0.001546991325433104,0.006410743566597558,0.04712751206306046,-0.047027970399867586
885,10.0,-0.04704760651142787,1.0910838192014188e-5,0.003303155792876592,0.0016604393054249129,0.04704760651142787,-0.047181270591892144
886,25.0,-0.047048978876178475,3.3767127595792195e-7,0.0005810948941075993,0.0018800455515202994,0.047048978876178475,-0.04707738178865505
887,10.0,-0.04706583780660603,2.8781158205779935e-6,0.001696501052336247,0.0015585198997402903,0.04706583780660603,-0.04710953502926819
888,25.0,-0.04708417611353275,4.818399118865251e-7,0.0006941468950348515,0.0029253891557305296,0.04708417611353275,-0.04707447356967094
889,10.0,-0.047111653954253076,1.048448189966815e-6,0.0010239375908554266,0.0011487016507730876,0.047111653954253076,-0.04709106693626583
890,25.0,-0.04710539527263854,1.6107031269116604e-7,0.00040133566087648635,0.002474625318680714,0.04710539527263854,-0.04707837431673524
891,10.0,-0.04708956890223045,1.0480338762024752e-6,0.0010237352568913875,0.0007765159606573128,0.04708956890223045,-0.04709264342326115
892,25.0,-0.04707681271770362,4.758639379590874e-7,0.0006898289193409387,0.0038354549200897052,0.04707681271770362,-0.047069601278787884
893,10.0,-0.047070339782100776,1.395541434573136e-6,0.0011813303663976203,0.001211329551042312,0.047070339782100776,-0.04709964362148899
894,25.0,-0.04706986233477536,2.444082135530844e-7,0.0004943765908223046,0.0019827071816220137,0.04706986233477536,-0.0470807985683646
895,10.0,-0.0471010589015827,5.565876280011214e-7,0.0007460480064989929,0.0025742982326190694,0.0471010589015827,-0.04708014137825429
896,4.0,-0.04711072310197998,9.250707257872522e-6,0.0030414975354046436,0.0013999676795904048,0.04711072310197998,-0.04712269950844041
897,10.0,-0.04709654196907436,9.402562512802971e-7,0.0009696681139855518,0.0021907545697704314,0.04709654196907436,-0.047084577115390415
898,4.0,-0.04706265617168018,2.3919440482264996e-6,0.0015465911056987557,0.0013083073802620635,0.04706265617168018,-0.04709196518268081
899,10.0,-0.047037980899984344,4.462338416945428e-7,0.0006680073664972137,0.0012881819839003254,0.047037980899984344,-0.04708152699735384
900,4.0,-0.04710801318102375,8.908089091115163e-6,0.0029846422048740054,0.0012679688525381657,0.04710801318102375,-0.04711218248564931
901,10.0,-0.04707740112424879,1.3033577092506653e-6,0.001141646928454969,0.0016289494819096985,0.04707740112424879,-0.047084082478307664
902,4.0,-0.04703071642558952,1.5966078662812065e-6,0.0012635694940450273,0.0003976894933230327,0.04703071642558952,-0.04707131196576517
903,10.0,-0.047024151848316376,1.116913615204191e-6,0.001056841338708981,0.004385829243428897,0.047024151848316376,-0.04705502192307046
904,4.0,-0.047120630382674854,2.544667867578914e-6,0.0015952015131571666,0.0026674565524934138,0.047120630382674854,-0.047054748573848344
905,1.6,-0.0471200129871696,2.4755938214964392e-6,0.0015734019897967713,0.0008381987105443902,0.0471200129871696,-0.04704106653164499
906,4.0,-0.047208239710684316,2.068998463515802e-5,0.004548624477263211,0.002325594400021978,0.047208239710684316,-0.047162691543178675
907,10.0,-0.04717514392751332,3.128481655295678e-6,0.0017687514396589697,0.004455817806304223,0.04717514392751332,-0.0470703054346145
908,4.0,-0.047071659159169416,6.27239384819593e-6,0.0025044747649349414,0.0034376773475237434,0.047071659159169416,-0.04707323448222489
909,1.6,-0.04708297102462375,1.3162068199060528e-5,0.0036279564770074803,0.001898820464683005,0.04708297102462375,-0.04708612157066163
910,4.0,-0.04703989347408835,1.628152594443848e-6,0.0012759908285108668,0.001720650550529787,0.04703989347408835,-0.047082546505309256
911,1.6,-0.046935100883798486,5.101370185782873e-6,0.002258621301985544,0.0017742255574558108,0.046935100883798486,-0.04708803232459507
912,4.0,-0.04696550820461277,1.0605375213667325e-6,0.0010298240244657009,0.0019580224623554536,0.04696550820461277,-0.04708534464596857
913,1.6,-0.04702178501544396,2.3013760122612655e-6,0.001517028678786682,0.0012455430235290288,0.04702178501544396,-0.04708542099657703
914,4.0,-0.04707086681989839,7.656679072230177e-7,0.0008750245180696468,0.0003139428725030175,0.04707086681989839,-0.04708151999761232
915,10.0,-0.047096129520931444,4.79485906410476e-7,0.0006924492085420244,0.0012174956754283383,0.047096129520931444,-0.04708685357701744
916,4.0,-0.04711174276881939,7.540169943986302e-7,0.0008683415194487882,0.0009557047566886274,0.04711174276881939,-0.04708461778916661
917,10.0,-0.04710687615884918,2.777011412973563e-7,0.0005269735679304572,0.000981989184661524,0.04710687615884918,-0.04708099667748629
918,4.0,-0.047061656240382096,2.4694331009872353e-6,0.0015714429995985332,0.0013954340246880876,0.047061656240382096,-0.04709412370033916
919,10.0,-0.04706981085754779,1.0930960069145166e-6,0.0010455123179162055,0.0028752774598007403,0.04706981085754779,-0.04707612657175253
920,4.0,-0.04704585991854316,5.3512170266554445e-6,0.002313269769537363,0.00023571964763058974,0.04704585991854316,-0.047104303130493325
921,10.0,-0.04708572680912168,7.660837026745762e-7,0.0008752620765659713,0.0011579675509174726,0.04708572680912168,-0.04708048309431057
922,4.0,-0.04713252811878432,1.6883874406824932e-6,0.0012993796368584868,0.0009859823203945016,0.04713252811878432,-0.047084913983543156
923,10.0,-0.04710291315868117,2.706874810153747e-7,0.0005202763506208741,0.00038536338111196816,0.04710291315868117,-0.04707999335606961
924,25.0,-0.047095187316311876,1.2550970332143627e-7,0.00035427348661935777,0.0016226782068393785,0.047095187316311876,-0.047077806533504296
925,10.0,-0.047067312020113175,1.8079026376691666e-6,0.0013445827001970414,0.0002573416031059739,0.047067312020113175,-0.04710307585326494
926,25.0,-0.04706290828297842,1.2999174282244721e-6,0.0011401392144051849,0.0029604893221117957,0.04706290828297842,-0.047051210760465006
927,10.0,-0.047057103024550406,4.147794860982693e-6,0.0020366135767451547,0.0016030135621764936,0.047057103024550406,-0.04713874707922707
928,25.0,-0.0471073054309591,2.34515257110448e-6,0.001531389098532597,0.0058461923911257326,0.0471073054309591,-0.047039466301254926
929,10.0,-0.04705933451775969,3.548752595777438e-6,0.0018838133123474411,0.009558323633226663,0.04705933451775969,-0.0469574110779475
930,4.0,-0.04713521632733195,3.60642025969061e-5,0.006005347833132241,0.0038068464483005803,0.04713521632733195,-0.047154231423012824
931,10.0,-0.047150665758457715,4.762981761087541e-6,0.002182425659922358,0.00558178626500023,0.047150665758457715,-0.04704120453263502
932,4.0,-0.046932871646772394,0.0001004992589710167,0.010024931868647124,0.0019523696426648693,0.046932871646772394,-0.04750156714164857
933,10.0,-0.04697533147563087,9.789002545906274e-6,0.0031287381715167976,0.005412793770004351,0.04697533147563087,-0.047005622295187774
934,4.0,-0.04704734561945068,3.586871558958059e-5,0.0059890496399329154,0.004157070271683981,0.04704734561945068,-0.04716718646071091
935,10.0,-0.0470696727900627,3.784269911677751e-6,0.0019453200023846337,0.0032036493274421175,0.0470696727900627,-0.047059840938184064
936,4.0,-0.04713686492946504,6.009028267339796e-6,0.002451331937404601,0.0026040985843367097,0.04713686492946504,-0.04705963637110273
937,10.0,-0.047099649547797696,1.3248504137411183e-6,0.001151021465369399,0.002316623705810005,0.047099649547797696,-0.04705256427406004
938,4.0,-0.04701160306563834,4.798080792024268e-5,0.00692681802274628,0.0019231397290214744,0.04701160306563834,-0.04722170262258474
939,10.0,-0.04704381614529976,4.612292045938593e-6,0.0021476247451402194,0.004876636232770305,0.04704381614529976,-0.04706028921611703
940,4.0,-0.04709437752185258,1.3981363754756124e-5,0.003739166184426165,0.00223651878595114,0.04709437752185258,-0.04715654913782918
941,10.0,-0.0471171745815298,2.838782904283087e-6,0.0016848688092201978,0.0036631402947545073,0.0471171745815298,-0.0470774297209302
942,4.0,-0.0470697230124987,5.990114985083751e-6,0.0024474711408071295,0.0021420882820414474,0.0470697230124987,-0.04709518275294349
943,10.0,-0.0470652503304878,1.0084333042410737e-6,0.0010042077993329239,0.0005579977830477591,0.0470652503304878,-0.04708040392014267
944,25.0,-0.047076404975288665,3.6631500497567507e-7,0.000605239626078527,0.00228338172665449,0.047076404975288665,-0.047071648561314065
945,10.0,-0.0470959318543534,2.0844999062512477e-6,0.0014437797291315764,0.0015245000554698826,0.0470959318543534,-0.047098727481995735
946,25.0,-0.047098670974636915,1.1626140688441987e-6,0.001078245829504663,0.003332318900093825,0.047098670974636915,-0.047049302790606845
947,10.0,-0.047083037870060046,1.8902234366593355e-6,0.001374853969212489,0.005060597187465904,0.047083037870060046,-0.04702549083431604
948,4.0,-0.04702841142622998,5.1360696805158715e-5,0.007166637761541929,0.004457861515277094,0.04702841142622998,-0.047289821545707635
949,10.0,-0.047063113842311065,6.125202278431658e-6,0.0024749146002300076,0.0023601148665858434,0.047063113842311065,-0.04709646974529122
950,25.0,-0.04707594242816775,6.420437913695432e-7,0.0008012763514353479,0.0007741973593070793,0.04707594242816775,-0.047077481894946226
951,62.5,-0.047071181932701045,3.452733962276179e-7,0.0005875996904590896,0.0066850874973192745,0.047071181932701045,-0.047044540849170424
952,25.0,-0.0470872153387113,3.2719024036019832e-6,0.0018088400713169705,0.001792683097039654,0.0470872153387113,-0.047162427063030025
953,62.5,-0.04706317642156094,8.293350339497577e-7,0.0009106783372573203,0.011498983740796295,0.04706317642156094,-0.04701847718117215
954,25.0,-0.047065332433755686,3.4648040337936482e-6,0.001861398408131276,0.005813130060269308,0.047065332433755686,-0.04716740178656911
955,10.0,-0.04705074770475967,3.2433316119681273e-6,0.0018009252099873906,0.00565377529653804,0.04705074770475967,-0.047057392497403656
956,4.0,-0.047070960599494255,2.5283988941455956e-5,0.005028318699272746,0.002734515514399386,0.047070960599494255,-0.047197309763953574
957,10.0,-0.047085815799152005,1.862833956921636e-6,0.0013648567532608086,0.0013248325294840234,0.047085815799152005,-0.04709462197739338
958,25.0,-0.0470714538643486,8.056419228120653e-7,0.0008975755805569051,0.0040559178931513845,0.0470714538643486,-0.04706063930157516
959,10.0,-0.04708923966317036,4.970340023901858e-6,0.0022294259404388966,0.001009584769505754,0.04708923966317036,-0.047132310080790475
960,25.0,-0.04708019473300332,4.949550461822365e-7,0.0007035304159609849,0.004525311304858969,0.04708019473300332,-0.047073557307863716
961,10.0,-0.04711067581674029,1.7702080392640907e-6,0.0013304916532109815,0.0013711094989778772,0.04711067581674029,-0.04710040467733715
962,25.0,-0.04709479520180961,2.1901963569501648e-7,0.0004679953372577728,0.0019448883412550798,0.04709479520180961,-0.04708087013224132
963,10.0,-0.04707394728259209,7.214754411480948e-7,0.000849397104508895,0.0002143802305355105,0.04707394728259209,-0.0470920243891545
964,25.0,-0.0470646089147296,2.6705622406560024e-7,0.0005167748291718553,0.0027290887669779865,0.0470646089147296,-0.04707773863684479
965,10.0,-0.04708654995221285,1.2715808664439775e-6,0.0011276439448886237,0.0007691919909777675,0.04708654995221285,-0.047096374076717705
966,25.0,-0.04709862191718983,2.3108393714991037e-7,0.00048071190660301975,0.004445838567290322,0.04709862191718983,-0.04707782280823361
967,10.0,-0.04709563536768004,8.670294491227757e-7,0.0009311441612998364,0.000987361037503456,0.04709563536768004,-0.047091728517124114
968,25.0,-0.047078913630576105,1.1939871636490812e-7,0.0003455411934414016,0.001427519684093359,0.047078913630576105,-0.04708174780000905
969,10.0,-0.047083765524275234,4.794841648197285e-7,0.0006924479509824031,0.00013258759654564514,0.047083765524275234,-0.0470885173370142
970,25.0,-0.04707985822736506,1.2803832435597638e-7,0.000357824432307209,0.00395452908509612,0.04707985822736506,-0.0470804091067396
971,10.0,-0.04708427647260799,6.831190091872981e-7,0.0008265101385871187,0.0004103186938702033,0.04708427647260799,-0.047091036849347026
972,25.0,-0.04708354773109702,5.4368275751202584e-8,0.00023317005757858916,0.000857587155138967,0.04708354773109702,-0.04708329751819612
973,10.0,-0.047084357967907345,1.6074143566679973e-7,0.0004009257233787821,0.0009230761412766853,0.047084357967907345,-0.047085066777206426
974,4.0,-0.0471140171164649,1.5460421101429183e-7,0.00039319741989780633,0.0008964380789960836,0.0471140171164649,-0.04708308580259894
975,1.6,-0.047105149915182394,1.2545895785813469e-5,0.0035420186032562658,0.0017794350727181264,0.047105149915182394,-0.04709573734569805
976,4.0,-0.047132238616432016,5.498256380396041e-6,0.002344836109495937,0.0036550277112548705,0.047132238616432016,-0.04705801486264379
977,1.6,-0.047165053504225944,2.1214727914347136e-5,0.004605944844909363,0.003971938042033382,0.047165053504225944,-0.04709542363926412
978,4.0,-0.0470685367119056,2.8317507760078824e-6,0.0016827806678256921,0.0023851556164560953,0.0470685367119056,-0.04708510441622319
979,1.6,-0.04698922293948754,5.325087867652906e-6,0.0023076151905490885,0.0016658470880521986,0.04698922293948754,-0.047086782377098214
980,4.0,-0.047032092544612936,8.471531364286499e-7,0.0009204092222640155,0.0011746898655165601,0.047032092544612936,-0.04708200248981791
981,1.6,-0.047133777952454485,1.1673364652318662e-6,0.0010804334617327742,0.002133006522135214,0.047133777952454485,-0.047079124892123035
982,0.6400000000000001,-0.046727398574483346,0.00014446621847019308,0.012019410071638004,0.004361128801438462,0.046727398574483346,-0.04714517717119869
983,1.6000000000000003,-0.04688783808501093,3.6825851798541966e-5,0.006068430752553906,0.004740034395153416,0.04688783808501093,-0.04706334006677656
984,4.000000000000001,-0.04703810879505192,6.954923417338742e-6,0.002637218879300454,0.002216902362058139,0.04703810879505192,-0.04709503151989214
985,10.000000000000002,-0.04706515200084928,1.0310309467700717e-6,0.0010153969404967063,0.001854246280546587,0.04706515200084928,-0.047071566816156006
986,4.000000000000001,-0.04716262349568478,5.956275332961584e-6,0.0024405481623933556,0.0006850685921899342,0.04716262349568478,-0.04710478553961021
987,10.000000000000002,-0.047144518265887524,2.26326144024169e-6,0.0015044139856574355,0.003526191565747371,0.047144518265887524,-0.04706097963601204
988,4.000000000000001,-0.047107182530043,9.183957661739326e-6,0.0030305045226396423,0.0013730247243006323,0.047107182530043,-0.047112860213007875
989,10.000000000000002,-0.04705584640365431,8.113161812856082e-7,0.0009007309150271285,0.001593732353561616,0.04705584640365431,-0.04708358730315292
990,4.000000000000001,-0.04705814415339421,9.390800701404454e-7,0.0009690614377532755,0.0018573619119480922,0.04705814415339421,-0.04707356441083641
991,1.6000000000000005,-0.04701135313492725,1.3586026704480697e-5,0.003685922775165087,0.0018033159511755186,0.04701135313492725,-0.047099583461632975
992,4.000000000000001,-0.04699939106495242,1.3183598186064156e-5,0.0036309224979423835,0.004939036846224903,0.04699939106495242,-0.04702352054807434
993,1.6000000000000005,-0.04708809412269627,9.929097612965636e-5,0.00996448574336159,0.0036678178127239397,0.04708809412269627,-0.04722418029604703
994,4.000000000000001,-0.04703821740080097,6.983444910747734e-6,0.002642620841276276,0.0032459084298879304,0.04703821740080097,-0.047074913023138036
995,10.000000000000002,-0.04708923487911397,7.435010991727831e-7,0.0008622650979674308,0.0005537234767253608,0.04708923487911397,-0.04708622082315848
996,25.000000000000004,-0.04708777277518963,1.1153704395484192e-7,0.00033397162148128984,0.0016409525720778037,0.04708777277518963,-0.04707976928710625
997,10.000000000000002,-0.047102219695256776,1.02314658347063e-6,0.001011507085230069,0.0008692545295210807,0.047102219695256776,-0.04709362254593652
998,25.000000000000004,-0.04709960667801451,2.9053425919853344e-7,0.000539012299672775,0.0035007766329734178,0.04709960667801451,-0.047076269768937785
999,10.000000000000002,-0.04707450598333946,1.3492136502634915e-6,0.0011615565635230561,0.0004570946594584374,0.04707450598333946,-0.047098087925039334
1000,25.000000000000004,-0.047078275492681315,2.9363244320334745e-7,0.0005418786240509469,0.003434544265884524,0.047078275492681315,-0.04707731097469879
1001,10.000000000000002,-0.04707068368512855,1.4390593462910533e-6,0.001199607996926935,0.0001784620477637425,0.04707068368512855,-0.04709844079027769
1002,25.000000000000004,-0.04708172975499494,1.2269132439055724e-7,0.00035027321392101514,0.0006790722404138471,0.04708172975499494,-0.04708193977744327
1003,10.000000000000002,-0.04708598570348648,4.2989371222398935e-7,0.0006556628037520425,0.00012802393599863995,0.04708598570348648,-0.04708870302638223
1004,25.000000000000004,-0.04708245399556077,6.829992876111114e-8,0.00026134255061338775,0.0012913164017676643,0.04708245399556077,-0.04708284962971923
1005,10.000000000000002,-0.04709120368296882,2.762878181118964e-7,0.000525630876292381,0.0003736622592772923,0.04709120368296882,-0.04708663958016019
1006,25.000000000000004,-0.04708924287137272,1.6319174653055465e-7,0.0004039699822147119,0.003043699101303294,0.04708924287137272,-0.04707973136060828
1007,10.000000000000002,-0.047082891351227625,7.883256034918442e-7,0.0008878770204774106,0.00015491280815717722,0.047082891351227625,-0.04709187311601508
1008,25.000000000000004,-0.04708390782411887,9.023650844588054e-8,0.00030039392211874153,0.0008037022492412689,0.04708390782411887,-0.04708241590815041
1009,10.000000000000002,-0.04708756148495939,2.5539328973409866e-7,0.0005053645117478064,0.00012683021168134417,0.04708756148495939,-0.04708689178422946
1010,25.000000000000004,-0.04708370433814212,4.32823022723654e-8,0.00020804399119504844,0.0014274043731523072,0.04708370433814212,-0.047083067362531573
1011,10.000000000000002,-0.047084515975102784,1.9116436734722282e-7,0.0004372234752929248,0.0003254777788020444,0.047084515975102784,-0.04708590285360222
1012,25.000000000000004,-0.04708502271214033,3.485772513124202e-8,0.0001867022365459022,0.0008852565858040936,0.04708502271214033,-0.04708339054923941
1013,10.000000000000002,-0.047078447942810846,1.5401354245683126e-7,0.0003924455917153756,7.663889239504097e-5,0.047078447942810846,-0.04708557359006075
1014,25.000000000000004,-0.04707458688734783,5.9010226842960065e-8,0.00024292020674073218,0.0012522852979352699,0.04707458688734783,-0.04708246684278345
1015,10.000000000000002,-0.04709140465878269,2.558668269080669e-7,0.00050583280529051,0.0011200204658921784,0.04709140465878269,-0.047086287839938235
1016,4.000000000000001,-0.04710664416887237,2.922165908310004e-7,0.000540570615952255,0.0007737184204698146,0.04710664416887237,-0.04708456257711371
1017,1.6000000000000005,-0.04712646015838538,4.399994518048536e-7,0.0006633245448533121,0.00012227068840493243,0.04712646015838538,-0.04708436471454674
1018,4.000000000000001,-0.0471073609826441,1.4778353645409802e-7,0.0003844262431911979,0.00047330026113225814,0.0471073609826441,-0.047083412078060445
1019,10.000000000000002,-0.04708969168387179,6.092420774110905e-8,0.0002468282960705864,0.00041782354594776085,0.04708969168387179,-0.04708434293236309
1020,4.000000000000001,-0.047061808383067956,1.006882164972127e-7,0.000317314066024834,7.054794767465438e-5,0.047061808383067956,-0.047084331812503676
1021,10.000000000000002,-0.04706253126942265,2.188515425973209e-8,0.0001479363182579994,0.0001170707931646394,0.04706253126942265,-0.04708384912720213
1022,25.000000000000004,-0.0470738689723883,1.1548124587259923e-8,0.00010746220073709604,0.0008505765794342716,0.0470738689723883,-0.04708369650607065
1023,10.000000000000002,-0.04709712340463674,8.96479968696948e-8,0.0002994127533517816,0.00017666257748722022,0.04709712340463674,-0.047084956340017435
1024,25.000000000000004,-0.047094012935330956,8.765203400044292e-9,9.362266499114566e-5,0.0001525569922901619,0.047094012935330956,-0.047083894826410864
1025,10.000000000000002,-0.04708994799191392,2.1829907549461314e-8,0.0001477494756317643,0.0002791217981224586,0.04708994799191392,-0.04708409949281628
1026,4.000000000000001,-0.0470817919832119,8.950654973977859e-8,0.0002991764525155324,0.00018553771388812624,0.0470817919832119,-0.047084417279808895
1027,10.000000000000002,-0.04708199841273934,2.682046219827803e-8,0.00016376953989761964,0.00012741057139436417,0.04708199841273934,-0.047083911161352694
1028,25.000000000000004,-0.04708537714236231,7.282206648980088e-9,8.533584621353495e-5,0.000665696509640744,0.04708537714236231,-0.04708394519203888
1029,10.000000000000002,-0.047081550433967036,4.3211222265303584e-8,0.00020787309172979457,0.00016187871867162702,0.047081550433967036,-0.047084457294829324
1030,25.000000000000004,-0.04708322481215723,3.5196257144019375e-9,5.93264335216768e-5,0.0001120674209456918,0.04708322481215723,-0.04708402073546195
1031,10.000000000000002,-0.04708506799204342,9.317456466646825e-9,9.652697274154425e-5,0.00015982774062676692,0.04708506799204342,-0.047084105017641396
1032,4.000000000000001,-0.04709115600934068,1.1911277142103593e-8,0.00010913879760242731,0.00015005306496898634,0.04709115600934068,-0.047084103911776004
1033,1.6000000000000005,-0.04709108559165542,1.2761423193857089e-8,0.00011296646933429888,0.000150348200717672,0.04709108559165542,-0.047084056734945694
1034,0.6400000000000002,-0.04709093105953762,1.2318336626299003e-8,0.0001109880021727529,4.3176956354011264e-5,0.04709093105953762,-0.04708403099553458
1035,1.6000000000000005,-0.04708765673047614,1.2544648220635325e-8,0.00011200289380473758,0.00015158496298156723,0.04708765673047614,-0.047084027075447135
1036,0.6400000000000002,-0.04709011420459808,0.000818350875632063,0.028606832673892142,0.0024383435799509028,0.04709011420459808,-0.04747747754115854
1037,1.6000000000000005,-0.04691001353331128,0.00011064269514114803,0.010518683146722694,0.003934898704443133,0.04691001353331128,-0.046921663881659845
1038,4.000000000000001,-0.04705526863916385,2.6803901164865197e-5,0.005177248416375749,0.0035182571307006295,0.04705526863916385,-0.04707134256348854
1039,10.000000000000002,-0.04707269322416253,3.918210238407916e-6,0.0019794469526632726,0.00251975761168574,0.04707269322416253,-0.04705605900509718
1040,4.000000000000001,-0.04707467507026603,3.90194593031893e-6,0.0019753343844318943,0.0028818284568466615,0.04707467507026603,-0.04702842299257769
1041,1.6000000000000005,-0.04706842400633661,0.000200771141636788,0.014169373367823574,0.0028528713673747737,0.04706842400633661,-0.047393113097841943
1042,4.000000000000001,-0.04704276684524885,9.703293634587153e-6,0.0031150110167681836,0.0020601466959892165,0.04704276684524885,-0.04710543503690238
1043,10.000000000000002,-0.04704546173390782,1.7521140561942178e-6,0.001323674452497372,0.002439236467847399,0.04704546173390782,-0.04707116954919607
1044,4.000000000000001,-0.047116373627892186,7.057510408505189e-6,0.0026565975247495035,0.0012952885834256367,0.047116373627892186,-0.047109379851129736
1045,10.000000000000002,-0.04706500248134861,2.130392715243442e-6,0.0014595864877572147,0.0036836939267268095,0.04706500248134861,-0.047061716356750265
1046,4.000000000000001,-0.04706335908515703,8.11271590748632e-6,0.002848282975317993,0.001705630210887926,0.04706335908515703,-0.04710812104515616
1047,10.000000000000002,-0.04710346108558467,9.023266921269462e-7,0.0009499087809505427,0.0004869313364986042,0.04710346108558467,-0.04708269151212196
1048,25.000000000000004,-0.04710657928674611,4.2151240433976716e-7,0.00064923986656687,0.003920401129481704,0.04710657928674611,-0.04706811829179333
1049,10.000000000000002,-0.04707828096373914,2.788693275085606e-6,0.0016699381051660585,0.0008696798933550179,0.04707828096373914,-0.04711290803432657
1050,25.000000000000004,-0.0470951397397804,2.685992307222591e-7,0.0005182655986289839,0.002213765149958018,0.0470951397397804,-0.04708047649365399
1051,10.000000000000002,-0.04707233830713652,8.751929513809461e-7,0.000935517477859685,0.0007441326684381533,0.04707233830713652,-0.04709076699830117
1052,25.000000000000004,-0.04706745144398234,1.3081889862132633e-7,0.00036168895286050186,0.0026852961833189904,0.04706745144398234,-0.04708098063820375
1053,10.000000000000002,-0.047073610015394826,4.921898554697095e-7,0.0007015624387534651,0.0001295168679845229,0.047073610015394826,-0.04708941637871392
1054,25.000000000000004,-0.047085110664553426,8.613696760319308e-8,0.00029349100088962366,0.000448681097853417,0.047085110664553426,-0.04708257018146517
1055,10.000000000000002,-0.047079598079813795,3.06422966027476e-7,0.0005535548446427653,0.0007564830980049297,0.047079598079813795,-0.0470864333976125
1056,4.000000000000001,-0.04708835186002692,3.448359318283509e-7,0.0005872273255123189,0.0003965913287495721,0.04708835186002692,-0.04708515534597007
1057,10.000000000000002,-0.047094328695938416,1.1453278545880156e-7,0.0003384269277980131,0.00024828291293939363,0.047094328695938416,-0.04708318206701791
1058,25.000000000000004,-0.0470853786979981,3.2428952690809284e-8,0.00018008040618237533,0.0010887961079127152,0.0470853786979981,-0.04708343818782591
1059,10.000000000000002,-0.04708206337473337,1.495640900965007e-7,0.0003867351679075756,0.0004709437379947378,0.04708206337473337,-0.047085549007113675
1060,25.000000000000004,-0.04708323046154643,3.235068974053743e-8,0.00017986297490183304,0.00025568403578392915,0.04708323046154643,-0.04708361918566006
1061,10.000000000000002,-0.047078701662201565,1.0480447974008411e-7,0.000323735200032502,6.823344050813241e-5,0.047078701662201565,-0.047085155604172924
1062,25.000000000000004,-0.0470767239659844,2.881653946832234e-8,0.00016975435036641135,0.0007349904698420062,0.0470767239659844,-0.047083475159066544
1063,10.000000000000002,-0.04709048758175772,7.153630409629796e-8,0.0002674627153386018,0.0008207709569007406,0.04709048758175772,-0.047083722647071044
1064,4.000000000000001,-0.047095796165928856,1.6687014013598356e-7,0.00040849741753894056,0.0006230948065419455,0.047095796165928856,-0.04708435938263802
1065,1.6000000000000005,-0.047086753663292374,1.6625237896336305e-5,0.004077405780191163,0.000338579715445883,0.047086753663292374,-0.04710558710264036
1066,4.000000000000001,-0.047063504115323,2.857704151102069e-6,0.0016904745342956424,0.0017229201829011876,0.047063504115323,-0.04707292587960902
1067,10.000000000000002,-0.04703079289081426,1.0691096174722322e-6,0.0010339775710682666,0.003079264475763567,0.04703079289081426,-0.04706952630554128
1068,4.000000000000001,-0.047079153205377956,3.1040922699715107e-6,0.0017618434294713904,0.0011971415042600299,0.047079153205377956,-0.04708194895978851
1069,10.000000000000002,-0.04708810899122159,3.6570018136593583e-7,0.0006047314952654077,0.0017385717570539978,0.04708810899122159,-0.0470742553955992
1070,4.000000000000001,-0.04716142262316274,9.384755127069974e-6,0.0030634547698750137,0.0008419969564312729,0.04716142262316274,-0.047125799470668
1071,10.000000000000002,-0.04712032883207686,3.34141486996417e-6,0.001827953738463906,0.0032367751440198155,0.04712032883207686,-0.04705508521026176
1072,4.000000000000001,-0.047073992139012914,8.55766972735843e-6,0.0029253495051631746,0.0010944903628794312,0.047073992139012914,-0.04712396202244044
1073,10.000000000000002,-0.047113157751092725,5.490553465107866e-6,0.0023431930063714055,0.006117332981448775,0.047113157751092725,-0.047030057834374486
1074,4.000000000000001,-0.04698435273265663,2.2343974796988845e-5,0.004726941378628346,0.003196089235184,0.04698435273265663,-0.0471418999917743
1075,10.000000000000002,-0.04700685966348983,1.5632863235745835e-6,0.0012503144898682824,0.0017935203470324551,0.04700685966348983,-0.047078776514044275
1076,4.000000000000001,-0.04707149295020306,4.8454428090114095e-6,0.002201236654476617,0.00266177540464709,0.04707149295020306,-0.047092365204387886
1077,10.000000000000002,-0.047090024151418323,1.152232746082123e-6,0.0010734210479034418,0.0019030155538107606,0.047090024151418323,-0.04708433251110785
1078,4.000000000000001,-0.04709552953697971,3.7129405564238775e-6,0.0019268992076452462,0.0012318607464337097,0.04709552953697971,-0.04709659072323683
1079,10.000000000000002,-0.047083535665896056,2.0728851967151797e-6,0.0014397517830220525,0.004081892472952028,0.047083535665896056,-0.04706151557099058
1080,4.000000000000001,-0.047194364694238836,1.0514416075048545e-5,0.0032425940348814165,0.004799919103282246,0.047194364694238836,-0.047102728846813366
1081,1.6000000000000005,-0.046933983407083636,2.0607645093076814e-5,0.0045395644166678385,0.0025910690928365194,0.046933983407083636,-0.04712056757337837
1082,4.000000000000001,-0.047035486671802317,3.039759133775468e-6,0.0017434905029209272,0.0015870245132765728,0.047035486671802317,-0.04708845247161017
1083,10.000000000000002,-0.047106391226885126,1.6396505431085964e-6,0.0012804884002241474,0.003930590327954292,0.047106391226885126,-0.04706568730151262
1084,4.000000000000001,-0.04708365946458644,1.0478301417284988e-5,0.003237020453640197,0.0015891401615426718,0.04708365946458644,-0.04712595874248281
1085,10.000000000000002,-0.04709163141529382,8.043498145947714e-7,0.0008968555148934367,0.0009445742977396774,0.04709163141529382,-0.047084744798557884
1086,25.000000000000004,-0.047082587469205815,1.8929905766689527e-7,0.00043508511542788414,0.002018072163828099,0.047082587469205815,-0.04708162026549023
1087,10.000000000000002,-0.047089356966760997,5.697306415654745e-7,0.0007548050354664273,0.001028974423146152,0.047089356966760997,-0.047087562748393694
1088,4.000000000000001,-0.04710692868507395,5.381944226882208e-7,0.0007336173544077463,0.0013714233648932015,0.04710692868507395,-0.04708316952616561
1089,1.6000000000000005,-0.047110827924968936,1.3459233750631502e-6,0.0011601393774297768,0.0010114520632195877,0.047110827924968936,-0.04708403271453377
1090,4.000000000000001,-0.047119582165693605,3.55475640415687e-7,0.0005962177793522154,0.0019740537456572173,0.047119582165693605,-0.047081956181632384
1091,1.6000000000000005,-0.047000914878958,2.4881062261469114e-6,0.0015773732044595252,0.0010954109060741677,0.047000914878958,-0.047087162562762394
1092,4.000000000000001,-0.0470360096979061,7.482399766458025e-7,0.0008650086569773753,0.0023154350463023793,0.0470360096979061,-0.047082559665897125
1093,1.6000000000000005,-0.04703699139385409,3.967982116115977e-6,0.0019919794467102257,0.0008577285953627464,0.04703699139385409,-0.047090649270212614
1094,4.000000000000001,-0.04707354526024423,1.2941919236297788e-6,0.0011376255638960381,0.0029384700065141853,0.04707354526024423,-0.04707987501708799
1095,1.6000000000000005,-0.047067328450334095,6.974516259345108e-6,0.0026409309455843613,0.00031005801819926153,0.047067328450334095,-0.04709536035366712
1096,4.000000000000001,-0.047091735342163106,4.2199740023870483e-7,0.0006496132697526312,0.00032960171600231327,0.047091735342163106,-0.04708445106625117
1097,10.000000000000002,-0.047085959382192025,1.0762777045842363e-7,0.000328066716474597,0.0002273303329300872,0.047085959382192025,-0.047083808202302874
1098,25.000000000000004,-0.04709107783191676,4.180962693453379e-8,0.0002044740250851775,0.0007055134500853796,0.04709107783191676,-0.04708406991534376
1099,10.000000000000002,-0.04707832356791241,6.612228640678419e-8,0.00025714254102887017,0.0005214621829621026,0.04707832356791241,-0.047084154683783165
1100,4.000000000000001,-0.0470759401339153,1.0412313796419998e-6,0.001020407457656989,0.00027062918655534353,0.0470759401339153,-0.047088172500288204
1101,10.000000000000002,-0.0470739138114221,1.0431763227892421e-6,0.0010213600358293063,0.0019409909679540217,0.0470739138114221,-0.04707360291841457
1102,4.000000000000001,-0.047104423017503,1.3986229029237058e-6,0.0011826338837204462,0.002406442777072345,0.047104423017503,-0.04706294910422895
1103,1.6000000000000005,-0.04708112842089253,6.070738854102557e-5,0.0077914946281843495,0.0014240135027192768,0.04708112842089253,-0.04717546897560673
1104,4.000000000000001,-0.047052083784197736,2.2975722762385237e-6,0.0015157744806660798,0.0003733564929404138,0.047052083784197736,-0.04708868387768184
1105,10.000000000000002,-0.0470582701159976,1.281712330609565e-6,0.0011321273473463862,0.0037817632878112076,0.0470582701159976,-0.0470695288476463
1106,4.000000000000001,-0.04710020438871397,3.1905803704139316e-6,0.0017862195750841863,0.0028651315441934077,0.04710020438871397,-0.047068214884989384
1107,1.6000000000000005,-0.04708836556686865,9.437126876444134e-6,0.0030719907025321762,0.002009865558930162,0.04708836556686865,-0.04707890383370036
1108,4.000000000000001,-0.04707523026331896,1.6459128530107602e-6,0.0012829313516360726,0.001444624238028544,0.04707523026331896,-0.0470761173147332
1109,10.000000000000002,-0.04710006240640303,7.752691116602434e-7,0.0008804936749689026,0.00275015695287939,0.04710006240640303,-0.04706474258872861
1110,4.000000000000001,-0.04715187883314811,1.5299308147923076e-5,0.003911433004401721,0.0018889065995899457,0.04715187883314811,-0.04715064432609043
1111,10.000000000000002,-0.04713388955435383,3.3104956328340574e-6,0.0018194767469891055,0.0036958844501054507,0.04713388955435383,-0.047066865711091775
1112,4.000000000000001,-0.04700822887828033,4.778443741652676e-6,0.0021859651739340852,0.003624212200556631,0.04700822887828033,-0.04703606986638255
1113,1.6000000000000005,-0.04680016388380878,8.100223119302345e-5,0.009000123954314376,0.0033525230466418874,0.04680016388380878,-0.047175297448577694
1114,4.000000000000001,-0.046834985857431954,7.853762445612118e-6,0.0028024565020017917,0.0018614981738569844,0.046834985857431954,-0.04709843143546842
1115,10.000000000000002,-0.04697599603461294,2.2213372169349932e-6,0.0014904151156422808,0.0028030062684420644,0.04697599603461294,-0.04706554229742294
1116,4.000000000000001,-0.04725119636653409,4.078797119737702e-6,0.002019603208488663,0.002030620596647656,0.04725119636653409,-0.0470593473259043
1117,10.000000000000002,-0.04723835536628252,1.5258598831557458e-6,0.0012352570109721078,0.003303810342467797,0.04723835536628252,-0.04703991973578981
1118,4.000000000000001,-0.04694934465828462,3.54653529905698e-6,0.0018832247075314672,0.0028398273217419543,0.04694934465828462,-0.04704058169004104
1119,1.6000000000000005,-0.0466801399173825,3.981859125060494e-5,0.006310197401873014,0.005814403744724641,0.0466801399173825,-0.04710096448306278
1120,4.000000000000001,-0.04683596576316272,2.7380472192279735e-5,0.005232635300905246,0.002836782299517577,0.04683596576316272,-0.04719934573458873
1121,10.000000000000002,-0.046983562384333946,2.6589944087086764e-6,0.0016306423300983808,0.0008848295425829003,0.046983562384333946,-0.04708954176624929
1122,25.000000000000004,-0.04704886487211435,1.635248083016028e-6,0.0012787681897107185,0.004603297121807402,0.04704886487211435,-0.04702434994929644
1123,10.000000000000002,-0.04717298668840023,7.409525918422154e-6,0.0027220444372607427,0.0033281374568984168,0.04717298668840023,-0.04715961641148443
1124,25.000000000000004,-0.047168877782251366,1.0478469586102464e-6,0.0010236439608624897,0.003621113363894016,0.047168877782251366,-0.0470823803324607
1125,10.000000000000002,-0.047088103067903536,2.028870762078477e-6,0.001424384344928881,0.0029293594081139787,0.047088103067903536,-0.04708179022876147
1126,4.000000000000001,-0.04704037325015447,2.321592934977819e-6,0.0015236774379696705,0.0028752735318468797,0.04704037325015447,-0.047057513541622784
1127,1.6000000000000005,-0.046857885945044676,2.735836970243638e-5,0.005230522889963907,0.004472368395692424,0.046857885945044676,-0.04710625735377258
1128,4.000000000000001,-0.04697348168352445,2.8908768974438432e-6,0.0017002578914517184,0.0013688467758404702,0.04697348168352445,-0.04708618843965825
1129,10.000000000000002,-0.047057056718158095,6.369781756875746e-7,0.0007981091251749817,0.0004283632358567766,0.047057056718158095,-0.047074496188230196
1130,25.000000000000004,-0.047081172261311054,2.933165899784073e-7,0.0005415871028545706,0.0016032853490948573,0.047081172261311054,-0.04708392170222407
1131,10.000000000000002,-0.04711587060785551,3.3478662418222424e-6,0.0018297175306101875,0.0013411712959056168,0.04711587060785551,-0.047118017105665835
1132,25.000000000000004,-0.047097453109963223,3.090789968317433e-6,0.001758064267402484,0.008771871775322503,0.047097453109963223,-0.04700715115319525
1133,10.000000000000002,-0.047092255171730726,5.001374119692273e-6,0.0022363752188960316,0.004370283730405026,0.047092255171730726,-0.047095480072499925
1134,4.000000000000001,-0.04689392551848897,2.708914380571959e-5,0.005204723220856185,0.0021407924575712308,0.04689392551848897,-0.04717072614106057
1135,10.000000000000002,-0.04698614361879674,2.0212986890273615e-6,0.0014217238441509524,0.0005387167855395578,0.04698614361879674,-0.04709213933258116
1136,25.000000000000004,-0.047049986710998734,7.66586776029664e-7,0.0008755494138137859,0.006341446631252577,0.047049986710998734,-0.04705587615731763
1137,10.000000000000002,-0.047103399761048534,5.574427127650541e-6,0.0023610224750413838,0.0003191593788560179,0.047103399761048534,-0.04712824059524889
1138,25.000000000000004,-0.04709125097114402,8.834883893494694e-7,0.0009399406307578524,0.00501796311678879,0.04709125097114402,-0.04705470273700342
1139,10.000000000000002,-0.047100390988361406,4.9071305201162686e-6,0.0022152043969160653,0.0009500496389848992,0.047100390988361406,-0.04712850146427826
1140,25.000000000000004,-0.04708681288508846,2.53882702604179e-7,0.0005038677431669733,0.0010057368355318717,0.04708681288508846,-0.04707719068538072
1141,10.000000000000002,-0.047081700045437984,6.712825683666111e-7,0.0008193183559316922,0.0008126790963540273,0.047081700045437984,-0.047084297647853296
1142,25.000000000000004,-0.04707825377635203,1.2578374753011323e-7,0.00035466004501510067,0.0011040527934637328,0.04707825377635203,-0.04707738551981986
1143,10.000000000000002,-0.04706349445076298,3.4565593792785203e-7,0.0005879251125167661,0.0005685271770164797,0.04706349445076298,-0.04708088401523634
1144,25.000000000000004,-0.04706414695003895,7.916038448711513e-8,0.0002813545529880672,0.0009500813185206196,0.04706414695003895,-0.04707599995861998
1145,10.000000000000002,-0.04708406661723313,2.4106354818501907e-7,0.0004909822279726824,0.0004279977961489562,0.04708406661723313,-0.04707774492860363
1146,25.000000000000004,-0.04708545415591487,5.8584728882350453e-8,0.00024204282448019493,0.0002242010920154406,0.04708545415591487,-0.047074494456344866
1147,62.50000000000001,-0.04708321473976026,2.998355665220366e-8,0.00017315760639430097,0.0010680695651683907,0.04708321473976026,-0.047073198662395226
1148,25.000000000000004,-0.047077394179408066,6.452372531501688e-8,0.0002540152068578117,0.0005444954843453285,0.047077394179408066,-0.047072683207841776
1149,10.000000000000002,-0.047054931851962724,5.533639533207601e-8,0.0002352368919452814,0.0007417519245061079,0.047054931851962724,-0.04707108939762536
1150,4.000000000000001,-0.04706678198722811,1.0078201745331204e-7,0.00031746183621549225,0.0005046350122325778,0.04706678198722811,-0.04707058706530246
1151,1.6000000000000005,-0.04803768794399935,0.0007841693869487065,0.028003024603579993,0.0027686317916982553,0.04803768794399935,-0.04837047618552999
1152,4.000000000000001,-0.047627828110314005,3.725891242769785e-5,0.006104007898725054,0.0023291734064150057,0.047627828110314005,-0.047203425979342926
1153,10.000000000000002,-0.0473023156559811,2.439566124103471e-6,0.0015619110487167542,0.0050936737302646655,0.0473023156559811,-0.0470631573853806
1154,4.000000000000001,-0.04685033761350445,4.400952464199431e-6,0.002097844718800567,0.0031884180850706477,0.04685033761350445,-0.04705737582765801
1155,1.6000000000000005,-0.046504287487966346,6.222869272465689e-6,0.00249456795306636,0.003272147740467435,0.046504287487966346,-0.047055684536292754
1156,0.6400000000000002,-0.045870181423629884,0.00036951638722355234,0.019222809035714637,0.005503358495790833,0.045870181423629884,-0.04727427632225816
1157,1.6000000000000005,-0.046378108291395555,4.4176671315663844e-5,0.006646553341068124,0.002264486350370942,0.046378108291395555,-0.04714945052436091
1158,4.000000000000001,-0.04683516864707646,7.9536909801141e-6,0.0028202288878944027,0.0026632835943797193,0.04683516864707646,-0.04708020545900382
1159,10.000000000000002,-0.04704373571310067,2.537002710915234e-6,0.001592797134262626,0.004516786858970741,0.04704373571310067,-0.047056204558362576
1160,4.000000000000001,-0.047291990020364875,9.019646217552938e-6,0.003003272584623803,0.003205495403799429,0.047291990020364875,-0.047096506951950744
1161,10.000000000000002,-0.047278269768240455,2.755903847941773e-6,0.0016600915179416384,0.006919360353210046,0.047278269768240455,-0.047047936041105534
1162,4.000000000000001,-0.04712249736792297,1.601179935274331e-5,0.004001474647269842,0.0014937155911905068,0.04712249736792297,-0.04713201554497355
1163,10.000000000000002,-0.047046234416451116,9.8316487188017e-7,0.0009915467068576094,0.003234660775177977,0.047046234416451116,-0.04707381172608544
1164,4.000000000000001,-0.046991695135873854,1.8832889544758506e-6,0.0013723297542776848,0.002293753900791868,0.046991695135873854,-0.047077469392655585
1165,1.6000000000000005,-0.046869412307004595,7.231850677104981e-6,0.002689210047040763,0.001872885839431039,0.046869412307004595,-0.047088415831454886
1166,4.000000000000001,-0.04683786558374516,6.999779193303057e-6,0.0026457095821920927,0.006699142144082108,0.04683786558374516,-0.04704794790359858
1167,1.6000000000000005,-0.0474587899959757,5.427686701766812e-5,0.007367283557571822,0.0024470627214283024,0.0474587899959757,-0.04715832090036904
1168,4.000000000000001,-0.04734042941402462,1.8808427353374928e-6,0.0013714381996056159,0.002049642675770633,0.04734042941402462,-0.04708171860984006
1169,1.6000000000000005,-0.04694622311361881,3.366650056992811e-6,0.0018348433330921774,0.003263281608776105,0.04694622311361881,-0.0470834959846162
1170,0.6400000000000002,-0.04694906801440863,3.3078825301223523e-6,0.001818758513415773,0.0006677207377357808,0.04694906801440863,-0.04707667988019564
1171,1.6000000000000005,-0.0470031128386661,2.582816651674693e-6,0.0016071143866180444,0.0004552188425867905,0.0470031128386661,-0.04708367611674257
1172,4.000000000000001,-0.04699698511604458,5.422923943533946e-7,0.0007364050477511643,0.0003556016065790082,0.04699698511604458,-0.04707990059281011
1173,10.000000000000002,-0.04705307497586023,3.015307215503146e-7,0.0005491181307790834,0.0011253713492979966,0.04705307497586023,-0.04708097977253097
1174,4.000000000000001,-0.04713951602478834,1.014615555493343e-6,0.0010072812693053233,0.001047991496992851,0.04713951602478834,-0.0470848778122433
1175,10.000000000000002,-0.0471209855809403,2.1988111642289793e-7,0.00046891482853808104,0.00039862222955969233,0.0471209855809403,-0.04708276076496822
1176,25.000000000000004,-0.04709808050710271,6.04424959933517e-8,0.0002458505562193254,0.000938222999584975,0.04709808050710271,-0.047082068003287424
1177,10.000000000000002,-0.04706381398248985,8.972032453466485e-7,0.0009472081320104091,0.00038221182089205987,0.04706381398248985,-0.047092348906123356
1178,25.000000000000004,-0.047086361734399826,2.1536867561250494e-7,0.000464078307629763,0.003549014261857168,0.047086361734399826,-0.04707957120134113
1179,10.000000000000002,-0.047089974388242015,5.683941876404772e-7,0.0007539192182458789,0.0023232312933350093,0.047089974388242015,-0.04708137076968192
1180,4.000000000000001,-0.04703010640757424,5.970625587986356e-6,0.0024434863592797803,0.0015734464701049526,0.04703010640757424,-0.047113311039364995
1181,10.000000000000002,-0.04706958154435079,1.1520092822215954e-6,0.00107331695329087,0.0036482127880163107,0.04706958154435079,-0.04707920456150102
1182,4.000000000000001,-0.04713130265532197,2.155970531836378e-6,0.0014683223528354997,0.001795529403900125,0.04713130265532197,-0.04707445032209802
1183,10.000000000000002,-0.04712293861375928,6.969158062661187e-7,0.0008348148335206549,0.002940978614616991,0.04712293861375928,-0.04706802040756303
1184,4.000000000000001,-0.047000346543703525,8.879819753210985e-7,0.0009423279552900352,0.0027117310374565043,0.047000346543703525,-0.04706156108320506
1185,1.6000000000000005,-0.04681195738285257,6.234142834902356e-5,0.007895658829320296,0.0016337049113904374,0.04681195738285257,-0.047176265256260716
1186,4.000000000000001,-0.04690099867847381,4.913291429318282e-6,0.0022165945568186985,0.002345876845476206,0.04690099867847381,-0.047078936067016165
1187,10.000000000000002,-0.046983994121076816,2.4049708596834604e-6,0.0015507968466834914,0.005966889669958047,0.046983994121076816,-0.04704865030852538
1188,4.000000000000001,-0.04720097786012985,1.3420936958261015e-5,0.0036634596979168497,0.0005930702997618488,0.04720097786012985,-0.04714135295281518
1189,10.000000000000002,-0.047190675919028584,2.0255190843757655e-6,0.0014232073230474067,0.0038143148715517362,0.047190675919028584,-0.04707288909762445
1190,4.000000000000001,-0.04714919191060737,5.603925919137325e-6,0.002367261269724431,0.002385683585579382,0.04714919191060737,-0.04708101653746551
1191,10.000000000000002,-0.047102112954356914,5.742633047003487e-7,0.0007578016262191239,0.0017563932076162757,0.047102112954356914,-0.04707596296962348
1192,4.000000000000001,-0.04701587490744879,3.0351634782893617e-6,0.0017421720576020502,0.0020373145152235332,0.04701587490744879,-0.04709513978916216
1193,10.000000000000002,-0.0470351365550125,1.1499949446183494e-6,0.0010723781723899221,0.0005901375502594707,0.0470351365550125,-0.04707882438753719
1194,25.000000000000004,-0.04704773295907508,2.694794808680898e-7,0.0005191141308692047,0.0026592713102311315,0.04704773295907508,-0.047076821975775875
1195,10.000000000000002,-0.04710166359876183,7.757432087029584e-7,0.0008807628561099512,0.0012054978755603515,0.04710166359876183,-0.047085673243122336
1196,4.000000000000001,-0.047204439290302026,5.473692626092013e-7,0.0007398440799311712,0.00029045039437896366,0.047204439290302026,-0.04707785983837393
1197,10.000000000000002,-0.04714567358988152,2.929277211171162e-7,0.0005412279751796984,0.001804179276734396,0.04714567358988152,-0.04707425486020935
1198,4.000000000000001,-0.047093184450860526,2.729898054050125e-6,0.001652240313649962,0.0013907214109346395,0.047093184450860526,-0.047086759835264794
1199,10.000000000000002,-0.047050444620608284,8.286167940091751e-7,0.0009102839084643731,0.0028304594487171255,0.047050444620608284,-0.047070721476069596
1200,4.000000000000001,-0.04699854757085411,3.3148664262608914e-6,0.001820677463545065,0.0010034353612913263,0.04699854757085411,-0.04709091093588067
1201,10.000000000000002,-0.047056116839587304,4.252157164644008e-7,0.0006520856665074005,0.0019433123300056547,0.047056116839587304,-0.04707636635835852
1202,4.000000000000001,-0.047161442568245594,6.319682525311897e-7,0.0007949643089668804,0.0024345954606089294,0.047161442568245594,-0.04707302196360617
1203,1.6000000000000005,-0.046868779412985916,0.00010732054263884865,0.01035956285944772,0.0021427480226186247,0.046868779412985916,-0.04715045824567036
1204,4.000000000000001,-0.047033969545711075,1.3604052379809444e-5,0.0036883671698746917,0.002514138073521447,0.047033969545711075,-0.04710577144322077
1205,10.000000000000002,-0.04704757124175848,1.527283150313604e-6,0.0012358329783241763,0.00591339789022672,0.04704757124175848,-0.04705926283665356
1206,4.000000000000001,-0.04709853455478097,6.048760222505434e-6,0.002459422741723235,0.0032394357632935314,0.04709853455478097,-0.047085659129602525
1207,1.6000000000000005,-0.047311427593227644,5.7045088564923685e-6,0.002388411366681286,0.004236780852085274,0.047311427593227644,-0.047063599463520935
1208,0.6400000000000002,-0.04803698310960582,0.0008282315890755916,0.028779012996897436,0.004631150671909286,0.04803698310960582,-0.04747682624661945
1209,1.6000000000000005,-0.047562763622385845,7.318331397980733e-5,0.00855472465832813,0.0031493327947902426,0.047562763622385845,-0.04713416905755466
1210,4.000000000000001,-0.047288720246337596,9.688700483940497e-6,0.0031126677439040126,0.003823748301975345,0.047288720246337596,-0.04707262196927198
1211,10.000000000000002,-0.04712883754546424,2.4713541916646165e-6,0.0015720541312768516,0.0045744517622530135,0.04712883754546424,-0.04704767306607554
1212,4.000000000000001,-0.047059498879190774,2.9741146309042733e-6,0.0017245621562890312,0.007261259893265673,0.047059498879190774,-0.04701310974053342
1213,1.6000000000000005,-0.04642387214096952,0.00013803620317663602,0.011748880932949998,0.0041174665945262,0.04642387214096952,-0.047277588627916284
1214,4.000000000000001,-0.04654306277834071,1.4575917327054038e-5,0.003817841972509344,0.0041574827864551194,0.04654306277834071,-0.04710379091734045
1215,10.000000000000002,-0.046873267584847084,2.0330970244625014e-6,0.0014258671131849915,0.004778440995554842,0.046873267584847084,-0.047074451275722504
1216,4.000000000000001,-0.04748273025927117,2.8339381611740364e-6,0.0016834304741135098,0.0036725782251004328,0.04748273025927117,-0.04706371152693907
1217,1.6000000000000005,-0.0476755446321684,3.519738038311843e-5,0.0059327380174012765,0.0036959447034184967,0.0476755446321684,-0.04712225528117592
1218,4.000000000000001,-0.04745574779488881,3.196548399720163e-6,0.0017878893701010034,0.002104677276673151,0.04745574779488881,-0.04708956474328047
1219,10.000000000000002,-0.04722790909387178,7.197993889921193e-7,0.0008484099180184773,0.0013529904151485788,0.04722790909387178,-0.04708050129797121
1220,4.000000000000001,-0.046841958653768806,1.337579806382193e-6,0.0011565378534151803,0.001802545244444801,0.046841958653768806,-0.04708044414242222
1221,1.6000000000000005,-0.04659121077906432,3.109700409265868e-6,0.0017634342656492382,0.0015767308824550478,0.04659121077906432,-0.047081730271135845
1222,4.000000000000001,-0.046894096090836404,1.5221809762822888e-6,0.0012337669862183412,0.004677437441193503,0.046894096090836404,-0.04707154300488244
1223,1.6000000000000005,-0.04715353399783583,9.017902900627713e-6,0.0030029823343848882,0.002730926150323112,0.04715353399783583,-0.04708877993099425
1224,4.000000000000001,-0.04712845792630258,5.342537711008581e-7,0.0007309266523399309,0.0014444208291497455,0.04712845792630258,-0.047077349622039626
1225,1.6000000000000005,-0.04710185337132058,8.35443866883366e-5,0.009140261850096889,0.0006763566781134313,0.04710185337132058,-0.04721469278951973
1226,4.000000000000001,-0.04702972458573028,9.96261868446488e-6,0.003156361621307812,0.003370092361821109,0.04702972458573028,-0.04705194262976872
1227,10.000000000000002,-0.04711373672240954,8.57878854051784e-6,0.002928956903151332,0.00900988943806389,0.04711373672240954,-0.04692926201074678
1228,4.000000000000001,-0.04708259333702316,5.65358670256745e-5,0.007519033649723513,0.004144896655024304,0.04708259333702316,-0.04727471607357968
1229,10.000000000000002,-0.04705196416830399,3.627744198109609e-6,0.0019046638018583777,0.0034282746006402288,0.04705196416830399,-0.04709435710264707
1230,4.000000000000001,-0.04703980254162783,4.525423916753818e-6,0.0021273043780225286,0.004067055343549969,0.04703980254162783,-0.04707161750972162
1231,1.6000000000000005,-0.04699020388815063,6.844559788018876e-5,0.008273185473575988,0.001988422413976055,0.04699020388815063,-0.04717786588935269
1232,4.000000000000001,-0.04703414039095504,8.146246489698677e-6,0.002854163010358497,0.0026117332596933447,0.04703414039095504,-0.04707605115265978
1233,10.000000000000002,-0.047117715973588395,2.6944068679880652e-6,0.0016414648543261793,0.0037930473772250905,0.047117715973588395,-0.04705336752429982
1234,4.000000000000001,-0.04702877284400298,1.3475271694587956e-5,0.003670867975641177,0.0028173676353888274,0.04702877284400298,-0.04712244858265307
1235,10.000000000000002,-0.04706614220315088,2.035966156857437e-6,0.0014268728593877721,0.0024037614476109057,0.04706614220315088,-0.047074380205977984
1236,4.000000000000001,-0.047120041227017385,2.3725196322395517e-6,0.0015402985529563908,0.002593108054758678,0.047120041227017385,-0.047052897155738675
1237,1.6000000000000005,-0.04711555958648646,4.307873919223676e-5,0.006563439585479306,0.0030586547421404915,0.04711555958648646,-0.04713110651979028
1238,4.000000000000001,-0.047086844789393935,5.433394459247284e-6,0.0023309642766990843,0.0014310512553806771,0.047086844789393935,-0.04710259251737365
1239,10.000000000000002,-0.04708614703199094,1.590216815946767e-6,0.0012610379914763739,0.0006577800010497378,0.04708614703199094,-0.04707232689389553
1240,25.000000000000004,-0.04706763473374846,7.9527818069977e-7,0.0008917837073527246,0.005945015089768339,0.04706763473374846,-0.04704222752354952
1241,10.000000000000002,-0.047076898179751865,5.627865388584452e-6,0.002372312245170195,0.0024169397647729025,0.047076898179751865,-0.04713645137240888
1242,25.000000000000004,-0.04707996105448206,2.3406752227078057e-6,0.0015299265416051208,0.010719452188740727,0.04707996105448206,-0.047023347325136994
1243,10.000000000000002,-0.04702598933741686,8.53836400878582e-6,0.0029220479134993353,0.004361436248283461,0.04702598933741686,-0.04715866263624748
1244,4.000000000000001,-0.04697035269592129,7.471769248591778e-6,0.002733453721684671,0.004298091826445891,0.04697035269592129,-0.04705060835128669
1245,1.6000000000000005,-0.04704371659414247,4.061181084320563e-5,0.006372739665419075,0.004416203505685101,0.04704371659414247,-0.04711385177966791
1246,4.000000000000001,-0.047005215055340895,6.034069916365687e-6,0.0024564343908123594,0.0021323870951838455,0.047005215055340895,-0.047098830072614124
1247,10.000000000000002,-0.04703627070638827,1.2766567970473077e-6,0.0011298923829495037,0.003173829509340244,0.04703627070638827,-0.04707687118766893
1248,4.000000000000001,-0.04721579967476139,3.332792415065168e-6,0.0018255937157717124,0.001800939226985963,0.04721579967476139,-0.04708959407632855
1249,10.000000000000002,-0.04716647975281849,5.941970711533094e-7,0.0007708417938548152,0.0007633671241586609,0.04716647975281849,-0.047078109118502236
1250,25.000000000000004,-0.04711263319031433,2.0369086614099246e-7,0.0004513212449475345,0.002576824545032259,0.04711263319031433,-0.04707457650835934
1251,10.000000000000002,-0.047033488087696834,7.962963295545474e-7,0.0008923543744245037,0.000991663477735487,0.047033488087696834,-0.047084637247778886
1252,25.000000000000004,-0.0470490655089711,5.056273626643582e-7,0.0007110747940015581,0.004034675918460316,0.0470490655089711,-0.04706400809322999
1253,10.000000000000002,-0.04708730531227145,2.4241836636240983e-6,0.0015569790183634776,0.0013698589664453153,0.04708730531227145,-0.04709919908253224
1254,25.000000000000004,-0.04707108104012224,1.1225656435635309e-6,0.0010595119836809448,0.007084191782181726,0.04707108104012224,-0.04704806149843607
1255,10.000000000000002,-0.047079695274288805,3.892004649749752e-6,0.001972816425760327,0.002910034337744531,0.047079695274288805,-0.04710942214564708
1256,4.000000000000001,-0.04713322680779914,3.6071969881658834e-6,0.001899262222065685,0.003641155025630812,0.04713322680779914,-0.04707006839722669
1257,1.6000000000000005,-0.04702695347589429,0.00028670015543620197,0.016932222400978615,0.004731956134545102,0.04702695347589429,-0.047388650109639004
1258,4.000000000000001,-0.046695233088664585,3.9036111778075765e-5,0.0062478885856004,0.003831897514644513,0.046695233088664585,-0.04698236008714884
1259,10.000000000000002,-0.04700881506107451,8.036925417560584e-6,0.002834947163098562,0.003302442038976304,0.04700881506107451,-0.047152426062109135
1260,25.000000000000004,-0.047076373840504226,5.847089282640045e-7,0.0007646626238178538,0.004979804377926874,0.047076373840504226,-0.047066794107080395
1261,10.000000000000002,-0.04721406812726725,2.599595724208603e-6,0.0016123261841850126,0.002952904426321032,0.04721406812726725,-0.04710368465770744
1262,4.000000000000001,-0.04725304992369355,2.4452657758755735e-6,0.0015637345605554586,0.0006036280333706929,0.04725304992369355,-0.04707872391504996
1263,10.000000000000002,-0.047169717285943255,1.3117276700255277e-6,0.0011453068017022896,0.002969508319661792,0.047169717285943255,-0.0470603268459031
1264,4.000000000000001,-0.04703550234655361,1.0109717965710883e-5,0.003179578268530417,0.0023392334323345545,0.04703550234655361,-0.04711536209627705
1265,10.000000000000002,-0.04702110707326185,1.8097532213233113e-6,0.0013452706870081244,0.0043117299891927575,0.04702110707326185,-0.04707195472438929
1266,4.000000000000001,-0.04710750241868109,3.223328754471145e-6,0.0017953631260753757,0.003336866893818857,0.04710750241868109,-0.04706245694709258
1267,1.6000000000000005,-0.04720704560458169,0.00021836815095367527,0.014777284965570478,0.004240725862526683,0.04720704560458169,-0.04732923178931828
1268,4.000000000000001,-0.047078959006771635,2.2556959327297843e-5,0.0047494167354842475,0.008802680250127369,0.047078959006771635,-0.04699270342596128
1269,1.6000000000000005,-0.04721257392442307,0.00014593900311197534,0.012080521640722944,0.0022211146932452352,0.04721257392442307,-0.047314320702420753
1270,4.000000000000001,-0.04719172458643948,3.19852438946478e-6,0.0017884418887581391,0.0005214799290531064,0.04719172458643948,-0.04708797319742478
1271,10.000000000000002,-0.04713449768028323,1.7210957846982784e-6,0.001311905402343583,0.003379670464750606,0.04713449768028323,-0.047060731114983934
1272,4.000000000000001,-0.046966568454383816,6.778108914912986e-6,0.002603480154507229,0.003052095701339061,0.046966568454383816,-0.04709341122674533
1273,10.000000000000002,-0.047009517268679274,1.0052068346378964e-6,0.00100260003722217,0.00235802458641788,0.047009517268679274,-0.047078305851276724
1274,4.000000000000001,-0.04706684314434199,2.1819553135869502e-6,0.0014771443103457937,0.0018591627361267834,0.04706684314434199,-0.047083046787387915
1275,1.6000000000000005,-0.04713317433442564,2.2854196730434167e-6,0.0015117604549145399,0.0006846701258212169,0.04713317433442564,-0.04707242170726134
1276,4.000000000000001,-0.04722043791807,1.6937106368725115e-6,0.0013014263854988154,0.0010371156607192145,0.04722043791807,-0.047085733901754405
1277,10.000000000000002,-0.0471011486530319,4.2201078521435635e-7,0.0006496235719355913,0.001105799645649873,0.0471011486530319,-0.04707845102320765
1278,4.000000000000001,-0.04708271255868708,1.1794158665878225e-6,0.0010860091466409582,0.002618486592736146,0.04708271255868708,-0.04708116252899644
1279,1.6000000000000005,-0.047109617083525755,1.724558161196452e-6,0.0013132243377262135,0.0021884851808041195,0.047109617083525755,-0.0470765464135469
1280,0.6400000000000002,-0.04654026943830325,1.6911472954475288e-5,0.0041123561317662274,0.0019558677188885416,0.04654026943830325,-0.04708997775020407
1281,1.6000000000000005,-0.04673675775043965,2.0662413785243314e-6,0.0014374426522558495,0.0022626665023300664,0.04673675775043965,-0.047080835152343216
1282,0.6400000000000002,-0.04707902471250879,7.433342359057956e-6,0.0027264156614606578,0.000394280391243398,0.04707902471250879,-0.047086422542028696
1283,1.6000000000000005,-0.04724202393439857,1.2439844623877361e-6,0.0011153405140977065,0.0010308898646816478,0.04724202393439857,-0.047083192493557
1284,4.000000000000001,-0.04715163761222473,5.439878602023303e-7,0.0007375553268754353,0.0005717348338411643,0.04715163761222473,-0.047080942291941597
1285,10.000000000000002,-0.047102869767006,2.9657855711636383e-7,0.0005445902653521855,0.0017107436187429126,0.047102869767006,-0.047079114745948905
1286,4.000000000000001,-0.047061539637143934,2.227628803445061e-6,0.001492524305813832,0.001321879207165677,0.047061539637143934,-0.04708668562385131
1287,10.000000000000002,-0.04706217725564148,4.856227520680736e-7,0.0006968663803542782,0.0010304537979682396,0.04706217725564148,-0.047080492035625365
1288,4.000000000000001,-0.04704695551771308,9.481594940934018e-7,0.0009737348171311333,0.000826546297488803,0.04704695551771308,-0.047081144262338115
1289,10.000000000000002,-0.04707910655427471,3.109172206675878e-7,0.0005575995163803389,0.00044565723276283783,0.04707910655427471,-0.04707573800584367
1290,25.000000000000004,-0.04707667721131499,1.3547404918904537e-7,0.0003680679953338043,0.0022799354658613953,0.04707667721131499,-0.047076856448616665
1291,10.000000000000002,-0.04708818445739608,7.933187585816692e-7,0.0008906844326593282,0.0013076131072863983,0.04708818445739608,-0.04708456268023542
1292,4.000000000000001,-0.04706420951370072,7.798515232519861e-7,0.0008830920242262333,0.0004232765501522152,0.04706420951370072,-0.04707398006722795
1293,10.000000000000002,-0.04706576733378234,4.834259264313184e-7,0.0006952883764534816,0.0017760172173218827,0.04706576733378234,-0.047077003453546436
1294,4.000000000000001,-0.047071449555725994,1.35050834088927e-6,0.0011621137383618137,0.0011075246842404776,0.047071449555725994,-0.047081439195926375
1295,10.000000000000002,-0.04709828089357444,8.343529016947988e-7,0.0009134291990596747,0.004032928352311781,0.04709828089357444,-0.0470685958985611
1296,4.000000000000001,-0.047088416264478065,4.778576570799439e-6,0.002185995555988035,0.001324093431327826,0.047088416264478065,-0.04709245394065951
1297,10.000000000000002,-0.047055094275196295,6.047282201748081e-7,0.0007776427329917049,0.0038479935408380923,0.047055094275196295,-0.04707028140369721
1298,4.000000000000001,-0.047096086371485886,1.831099672884026e-6,0.0013531813155981819,0.002379658223900584,0.047096086371485886,-0.04707642519498423
1299,1.6000000000000005,-0.04707843440036823,3.868305333577425e-6,0.0019668007864492593,0.00207306997587259,0.04707843440036823,-0.0470794417103602
1300,4.000000000000001,-0.04710025018773593,6.448856023707371e-7,0.0008030476961991344,0.0004598020753487953,0.04710025018773593,-0.047075539333360616
1301,10.000000000000002,-0.04709112658054027,1.784744980038425e-7,0.0004224624220020551,0.0007688199851583735,0.04709112658054027,-0.04707332162253632
1302,4.000000000000001,-0.04705236473473004,3.981635273835224e-7,0.0006310020026779015,0.0016452152111507774,0.04705236473473004,-0.047072542336741754
1303,1.6000000000000005,-0.046803721685681456,0.0001907074279960468,0.013809686020907456,0.0037980083479392827,0.046803721685681456,-0.047255585999368556
1304,4.000000000000001,-0.046776639598069124,3.3821085705395045e-5,0.005815589884559867,0.0029741268972051918,0.046776639598069124,-0.04696196071087726
1305,10.000000000000002,-0.047046233261704,8.49232031730609e-6,0.00291415859508471,0.006940261663463916,0.047046233261704,-0.04713022693782374
1306,4.000000000000001,-0.047450709421179176,8.02527440211063e-6,0.002832891526710938,0.0023188638357476603,0.047450709421179176,-0.04710439987093103
1307,10.000000000000002,-0.04731048687577757,1.4924933344719628e-6,0.0012216764442649956,0.00469323407599611,0.04731048687577757,-0.047066914230958
1308,4.000000000000001,-0.04700762985079216,7.019780073724897e-6,0.002649486756661542,0.0033872055304976292,0.04700762985079216,-0.04710257140179421
1309,1.6000000000000005,-0.04693961022909481,1.0496507211684358e-5,0.0032398313554387916,0.002027428082400979,0.04693961022909481,-0.04709615013883866
1310,4.000000000000001,-0.046938929219212354,1.6809554014973773e-6,0.0012965166414270885,0.0004958904987037774,0.046938929219212354,-0.04708940346189171
1311,10.000000000000002,-0.04704321166357404,9.58965114003671e-7,0.0009792676416606806,0.002632751361442725,0.04704321166357404,-0.047075605645106496
1312,4.000000000000001,-0.04710375964212152,1.1164926590105615e-5,0.0033413959044246186,0.002328033891829121,0.04710375964212152,-0.047119210707093254
1313,10.000000000000002,-0.04713572336043875,1.4670849893769917e-6,0.0012112328386305383,0.004452414210015078,0.04713572336043875,-0.047071791250021804
1314,4.000000000000001,-0.04715838365614245,3.6373678747437765e-6,0.0019071884738388538,0.0032691966158945518,0.04715838365614245,-0.047079351987987766
1315,1.6000000000000005,-0.04673006089620801,0.00013186700110155296,0.01148333580026087,0.0016601145678348493,0.04673006089620801,-0.04722887847810638
1316,4.000000000000001,-0.04688180340529553,1.2158153342035624e-5,0.003486854362034013,0.0037909828257198705,0.04688180340529553,-0.04711145914323178
1317,10.000000000000002,-0.047058700156830065,3.997794709171273e-6,0.0019994486012826817,0.008109364090592151,0.047058700156830065,-0.0470377941420043
1318,4.000000000000001,-0.047195047773414996,1.830106181976628e-5,0.004277974032151934,0.0030405939167484812,0.047195047773414996,-0.04715257760519788
1319,10.000000000000002,-0.047163079632187174,1.8262173407619644e-6,0.0013513760915311343,0.0008070228834537798,0.047163079632187174,-0.047086652882325164
1320,25.000000000000004,-0.0470724264423634,1.401141348095626e-6,0.0011836981659593911,0.007924877089219216,0.0470724264423634,-0.04703601134869734
1321,10.000000000000002,-0.047076748335565535,7.037720681381354e-6,0.002652870272248787,0.0005889417472262454,0.047076748335565535,-0.047151897673784714
1322,25.000000000000004,-0.04707319602076549,5.151500539180331e-7,0.0007177395446246731,0.0032720939574683995,0.04707319602076549,-0.04707716008145389
1323,10.000000000000002,-0.04705845509143239,1.2410002293768233e-6,0.0011140018982824147,0.0013730111019679952,0.04705845509143239,-0.04709415563665929
1324,25.000000000000004,-0.04705801021261348,7.554417888556699e-7,0.000869161543589953,0.00527297476937613,0.04705801021261348,-0.04706330185778643
1325,10.000000000000002,-0.04706194444078796,2.911754537904324e-6,0.0017063863975970753,0.004739569321801516,0.04706194444078796,-0.04709906786712181
1326,4.000000000000001,-0.0471050918219347,4.191029384102386e-6,0.0020472003771254015,0.0020196886627905537,0.0471050918219347,-0.04710040574993899
1327,10.000000000000002,-0.047106925726179326,9.468454187832554e-7,0.0009730598228183381,0.0036242009174474164,0.047106925726179326,-0.047083835224072654
1328,4.000000000000001,-0.04709558577746393,1.8166433849999168e-6,0.0013478291379102607,0.002609055764479429,0.04709558577746393,-0.04707935975091309
1329,1.6000000000000005,-0.04716718853489804,8.032094834002928e-6,0.0028340950643905593,0.002699068872990549,0.04716718853489804,-0.04708972622255602
1330,4.000000000000001,-0.0471719046706111,1.8241872851213427e-6,0.001350624775843144,0.001549877727197425,0.0471719046706111,-0.047084358008557044
1331,10.000000000000002,-0.04711513053848262,4.520304829813912e-7,0.0006723321225267995,0.0005996659989728095,0.04711513053848262,-0.047082828519405644
1332,25.000000000000004,-0.04711880599825884,4.542956242209034e-7,0.0006740145578701571,0.006951513613443673,0.04711880599825884,-0.047067025823538604
1333,10.000000000000002,-0.04699423685961834,3.2950049629503195e-6,0.0018152148531097687,0.00136737035796851,0.04699423685961834,-0.04711733467409788
1334,25.000000000000004,-0.04701350548017783,1.2714571350721114e-6,0.0011275890807701675,0.007968906127973137,0.04701350548017783,-0.04705318151549578
1335,10.000000000000002,-0.04707003424036133,5.715532642843842e-6,0.0023907180182622632,0.0027003310070890458,0.04707003424036133,-0.047141007778373975
1336,25.000000000000004,-0.04709349540922618,5.791044872875388e-7,0.0007609891505715037,0.0011758584924947604,0.04709349540922618,-0.047077021799439636
1337,10.000000000000002,-0.047096233712054486,1.2218421470524055e-6,0.0011053696879562084,0.00309909678618127,0.047096233712054486,-0.04708935459074073
1338,4.000000000000001,-0.04715229437561381,1.3269364885234475e-6,0.0011519272930716796,0.00268753252407164,0.04715229437561381,-0.04707604906827997
1339,1.6000000000000005,-0.046956761775557784,4.1000318007269e-5,0.006403149069580452,0.0037657544736510425,0.046956761775557784,-0.04713596144590558
1340,4.000000000000001,-0.04698206422022511,5.462948903964718e-6,0.0023372952111286064,0.0032312474990999,0.04698206422022511,-0.04709317549776881
1341,1.6000000000000005,-0.047157734977980426,5.827240565405748e-6,0.0024139678053788846,0.002761813057324839,0.047157734977980426,-0.0470687254549933
1342,4.000000000000001,-0.04714600086251906,5.047152219501141e-6,0.0022465867932268146,0.002490802301223009,0.04714600086251906,-0.04708201916966301
1343,10.000000000000002,-0.04707495965442098,5.241228557028916e-6,0.002289372961539669,0.011227549066486486,0.04707495965442098,-0.04701145647803209
1344,4.000000000000001,-0.047056383519558716,4.5344202870416285e-5,0.006733810427270453,0.002212549955804121,0.047056383519558716,-0.04726452402493773
1345,10.000000000000002,-0.047095206322795895,2.535223020662424e-6,0.001592238368041175,0.004912837962359769,0.047095206322795895,-0.047073756006761454
1346,4.000000000000001,-0.04700073036020485,3.5150897316290665e-6,0.0018748572563342166,0.004856238825796771,0.04700073036020485,-0.04704805601737289
1347,1.6000000000000005,-0.0471441536472577,0.00011624920757944703,0.010781892578738067,0.0019891303643016895,0.0471441536472577,-0.04726768694825857
1348,4.000000000000001,-0.047115762206427894,6.611958789472665e-6,0.002571372938621052,0.002195287155411557,0.047115762206427894,-0.0470880646263653
1349,10.000000000000002,-0.04709872860176617,3.401548903597435e-6,0.0018443288490931965,0.005557017708737131,0.04709872860176617,-0.0470382034317578
1350,4.000000000000001,-0.046975872524795084,1.629607117849223e-5,0.004036839255964031,0.0039520254218341315,0.046975872524795084,-0.04713843067598441
1351,10.000000000000002,-0.04700435635715729,2.3247670222057432e-6,0.0015247186698554404,0.0007774060139753193,0.04700435635715729,-0.047089269762588766
1352,25.000000000000004,-0.04707745283772796,1.608667188331358e-6,0.0012683324439323304,0.010243014216646805,0.04707745283772796,-0.04702891806860136
1353,10.000000000000002,-0.04712346956361103,7.14483516840835e-6,0.0026729824482043182,0.005384568937951468,0.04712346956361103,-0.047151670322852085
1354,4.000000000000001,-0.04708337771432098,9.33150106533855e-6,0.003054750573342863,0.002476696480523922,0.04708337771432098,-0.04713294184943872
1355,10.000000000000002,-0.04707029463026627,2.4106072733284326e-6,0.0015526130468756318,0.002529309889019092,0.04707029463026627,-0.04707956271963258
1356,4.000000000000001,-0.047062988350158805,2.642940942385774e-6,0.0016257124414808955,0.002666419932632715,0.047062988350158805,-0.04704788063193366
1357,1.6000000000000005,-0.04699278310189168,5.8398915225072086e-5,0.0076419182948440426,0.003674434282490977,0.04699278310189168,-0.0471482450964722
1358,4.000000000000001,-0.04703425012786301,7.462253321366699e-6,0.002731712525388918,0.001800020069093698,0.04703425012786301,-0.04710689736448929
1359,10.000000000000002,-0.04707449670692967,5.76074694441523e-6,0.002400155608375263,0.00774586197572583,0.04707449670692967,-0.047019724361074884
1360,4.000000000000001,-0.04713533576905655,3.4686728289469e-5,0.005889543979755054,0.0021774640037345266,0.04713533576905655,-0.047229121982007155
1361,10.000000000000002,-0.047104465172253945,1.7404027434970624e-6,0.001319243246523196,0.0033005605364490225,0.047104465172253945,-0.047077862028088335
1362,4.000000000000001,-0.04700065923043784,4.037493686953799e-6,0.002009351558825334,0.0023531034141634163,0.04700065923043784,-0.0470872928901727
1363,10.000000000000002,-0.0470269303762029,8.278076046718679e-7,0.0009098393290421491,0.003122454439672972,0.0470269303762029,-0.04707717968522067
1364,4.000000000000001,-0.047084561994714,4.5996890207712936e-6,0.0021446885603208904,0.0018977187692366755,0.047084561994714,-0.047101511380106965
1365,10.000000000000002,-0.04712073813826364,1.2130259851414772e-6,0.0011013745889303407,0.006029622179909618,0.04712073813826364,-0.047077753716061335
1366,4.000000000000001,-0.04704923883149586,4.239074853170595e-6,0.0020589013704329293,0.0007545772572068499,0.04704923883149586,-0.047100476596069744
1367,10.000000000000002,-0.047079158434139075,5.40546533085475e-7,0.0007352186974536727,0.0009832827143483565,0.047079158434139075,-0.04708084111126678
1368,4.000000000000001,-0.047105490108401545,1.9941943243650933e-6,0.0014121594542986615,0.001763478306498573,0.047105490108401545,-0.04708878060850062
1369,10.000000000000002,-0.04708447617268312,3.189326276518317e-7,0.0005647412041385254,0.0026227065814175402,0.04708447617268312,-0.04708277212156159
1370,4.000000000000001,-0.04703765038269577,9.750953359093677e-7,0.0009874691569407967,0.0012759033766100952,0.04703765038269577,-0.04708617577724771
1371,1.6000000000000005,-0.04705661587183941,1.1847720225739718e-6,0.0010884723343172172,0.00036213514196400194,0.04705661587183941,-0.047085074739182865
1372,4.000000000000001,-0.04706434049105516,3.0303258011796323e-7,0.0005504839508268731,0.0008980018139258704,0.04706434049105516,-0.047083236335488554
1373,1.6000000000000005,-0.0470518002936185,5.994434703456292e-6,0.0024483534678343103,0.002641710602861349,0.0470518002936185,-0.047093174501762904
1374,4.000000000000001,-0.047034216324987485,1.5680606337405758e-6,0.0012522222780882697,0.0005350096558695979,0.047034216324987485,-0.04708867798158557
1375,10.000000000000002,-0.047052616167650815,1.4659127052535231e-6,0.001210748820050436,0.005215949045337901,0.047052616167650815,-0.047068155359695184
1376,4.000000000000001,-0.047106887388874176,6.968460903453839e-6,0.0026397842532021134,0.002096329197583979,0.047106887388874176,-0.04710927445897269
1377,10.000000000000002,-0.0471694453675422,7.58223133105112e-7,0.0008707600892927465,0.003326547009257041,0.0471694453675422,-0.04708475580437306
1378,4.000000000000001,-0.04705987047099107,2.0094264647948837e-6,0.0014175424031734937,0.0011906448911606633,0.04705987047099107,-0.047090144243300616
1379,10.000000000000002,-0.047038863999057524,8.89499900639202e-7,0.0009431330238302559,0.004577989375505133,0.047038863999057524,-0.04707472362241325
1380,4.000000000000001,-0.04708660769962907,4.640229185391944e-6,0.002154119120520484,0.0009084768870459986,0.04708660769962907,-0.04709744443644299
1381,10.000000000000002,-0.04711245251071789,3.1528228776111097e-7,0.0005615000336252091,0.0022358442042702178,0.04711245251071789,-0.04707847737682126
1382,4.000000000000001,-0.047092333023099155,3.687999541445798e-6,0.0019204165020759946,0.0011442128571120243,0.047092333023099155,-0.04709670054952747
1383,10.000000000000002,-0.04707741318973966,5.878750757976117e-7,0.0007667301192711889,0.0007665805251651881,0.04707741318973966,-0.047078863534305924
1384,25.000000000000004,-0.04707492355756105,1.724420186108479e-7,0.00041526138588947553,0.0030221062073312373,0.04707492355756105,-0.047082504190190146
1385,10.000000000000002,-0.04708249804999762,6.900088924186452e-7,0.000830667738881585,0.0003986875159909619,0.04708249804999762,-0.0470902467113284
1386,25.000000000000004,-0.04708197724293215,2.9569082874279433e-7,0.0005437746120800366,0.003057002282954117,0.04708197724293215,-0.04707652111420888
1387,10.000000000000002,-0.047042052798890746,1.1165949529915441e-6,0.001056690566339808,0.004018035289752686,0.047042052798890746,-0.04709300087154047
1388,4.000000000000001,-0.04708879452933953,1.7837674502776687e-6,0.0013355775717934428,0.0019417457957105401,0.04708879452933953,-0.047088526706402234
1389,1.6000000000000005,-0.04717095881177606,2.4347895607449437e-6,0.0015603812228891193,0.0008757205528991014,0.04717095881177606,-0.04708729756686754
1390,4.000000000000001,-0.04715413164366252,7.761977032368009e-7,0.0008810208301946106,0.001142449916146138,0.04715413164366252,-0.04708284299786462
1391,1.6000000000000005,-0.04710653056657916,1.11707487767511e-6,0.0010569176305063276,0.0018392614137762628,0.04710653056657916,-0.04707998480739082
1392,0.6400000000000002,-0.04705492015890604,1.7634994711489097e-6,0.0013279681739969936,0.0019367767967947535,0.04705492015890604,-0.04707908495898567
1393,0.2560000000000001,-0.047008030840898225,2.3450805598195955e-6,0.001531365586598966,0.0008495397066611023,0.047008030840898225,-0.04707955048831646
1394,0.6400000000000002,-0.047012448124418627,1.0959510418791835e-6,0.001046876803582534,0.000596837072729816,0.047012448124418627,-0.04707858011641651
1395,1.6000000000000005,-0.04708206932864252,7.205507264808236e-7,0.0008488525940826379,0.00031976463201454925,0.04708206932864252,-0.047077644930865664
1396,4.000000000000001,-0.04706018482042234,2.3084867152801064e-6,0.0015193704996741598,0.0008553381025640271,0.04706018482042234,-0.047092933860691105
1397,10.000000000000002,-0.04707680096308318,1.8067871225766972e-6,0.0013441678178622999,0.004512001680976091,0.04707680096308318,-0.04706593437093522
1398,4.000000000000001,-0.04710144048522957,8.757762865857034e-6,0.0029593517644675217,0.0019580799024245085,0.04710144048522957,-0.04711681012885452
1399,10.000000000000002,-0.04705061536844355,7.921437972130357e-6,0.0028145049248722866,0.009747934564850335,0.04705061536844355,-0.04700283393055621
1400,4.000000000000001,-0.046981046759916906,4.15668490170354e-5,0.006447235765584767,0.0029072597151138862,0.046981046759916906,-0.04725502636327644
1401,10.000000000000002,-0.047108410329639215,4.654189580789628e-6,0.0021573570823555446,0.007852415497693527,0.047108410329639215,-0.04704997395066488
1402,4.000000000000001,-0.047057347594901315,1.565993193764618e-5,0.00395726318781632,0.0022781145418844877,0.047057347594901315,-0.04714289565020303
1403,10.000000000000002,-0.04707054363831813,7.954789665436489e-7,0.0008918962756641879,0.0016642773214990017,0.04707054363831813,-0.04708500507617284
1404,4.000000000000001,-0.047099478158861306,8.704076737870398e-7,0.000932956415802496,0.0025903719127861147,0.047099478158861306,-0.04707730569486759
1405,1.6000000000000005,-0.04704789962761473,1.4773009835448966e-5,0.003843567331978063,0.0008158334837068834,0.04704789962761473,-0.04710702605256872
1406,4.000000000000001,-0.047050800069650185,1.4106277766738606e-5,0.003755832499824587,0.0075573078713681106,0.047050800069650185,-0.04702432671657507
1407,1.6000000000000005,-0.04702745338366782,7.701227452874891e-5,0.00877566376570735,0.004090458934848137,0.04702745338366782,-0.04718516787993624
1408,4.000000000000001,-0.04714207755355937,3.14411112549095e-6,0.0017731641563856829,0.0005651568984103714,0.04714207755355937,-0.04709660233781814
1409,10.000000000000002,-0.04713964326327925,5.828026530606858e-7,0.0007634151249881586,0.001692048153530604,0.04713964326327925,-0.047081765633429695
1410,4.000000000000001,-0.047043211659461515,1.824507083414532e-6,0.0013507431596771209,0.0007922710989028657,0.047043211659461515,-0.04709132409860571
1411,10.000000000000002,-0.047026113220184164,6.596782624466593e-7,0.0008122058005497494,0.003584864571093179,0.047026113220184164,-0.047078182879058045
1412,4.000000000000001,-0.04710162093620649,1.990578181635092e-6,0.0014108785141305016,0.003050461849683253,0.04710162093620649,-0.047082254015030585
1413,1.6000000000000005,-0.04720309654869689,1.9151230151598917e-5,0.00437621184948797,0.0021892191647463247,0.04720309654869689,-0.047116880352077374
1414,4.000000000000001,-0.04717810183821577,3.6796040297104552e-6,0.0019182293996575215,0.004251398732440784,0.04717810183821577,-0.0470767484166397
1415,1.6000000000000005,-0.04682257320998696,8.767466862365776e-6,0.002960990858203682,0.008436494693383166,0.04682257320998696,-0.04705636762071253
1416,0.6400000000000002,-0.0469594195980632,7.080827053961453e-5,0.008414765031753087,0.00414966228556028,0.0469594195980632,-0.04712145939609345
1417,1.6000000000000005,-0.04708537921274212,5.023187338930661e-6,0.002241246826864605,0.0011747099989889433,0.04708537921274212,-0.04709933113866413
1418,4.000000000000001,-0.04709786782513782,1.9108440161226275e-6,0.0013823328166988685,0.0015126439579677812,0.04709786782513782,-0.04708486668816758
1419,10.000000000000002,-0.04708631682404431,3.1611736150600606e-7,0.0005622431515865765,0.0011193353692220752,0.04708631682404431,-0.04708260446839732
1420,4.000000000000001,-0.04708750622798592,9.290552369712833e-7,0.0009638751148210454,0.00021382781785997715,0.04708750622798592,-0.04708776661728563
1421,10.000000000000002,-0.0470859284768639,2.412293226142615e-7,0.0004911510181342002,0.0019792736037431017,0.0470859284768639,-0.04708196345192281
1422,4.000000000000001,-0.0470808335417308,9.6935843219796e-7,0.000984560019601629,0.00021175783290304178,0.0470808335417308,-0.04708646831345322
1423,10.000000000000002,-0.04708091536282308,8.599242611605556e-8,0.0002932446523230314,0.0006491443115664476,0.04708091536282308,-0.0470833630457539
1424,4.000000000000001,-0.0470729906689133,2.0274796799354976e-7,0.0004502754356985841,0.000655770498939672,0.0470729906689133,-0.04708373388234947
1425,1.6000000000000005,-0.0470647610449973,3.009220853944241e-7,0.0005485636566474524,0.00011846126768436551,0.0470647610449973,-0.04708372217857142
1426,4.000000000000001,-0.04707584617092232,1.0133304302042372e-7,0.0003183285143062489,0.0008606425440042494,0.04707584617092232,-0.04708298416509499
1427,1.6000000000000005,-0.04709137470044717,1.2772621300970672e-5,0.0035738804262273063,0.0013489051609618912,0.04709137470044717,-0.04710651730262044
1428,4.000000000000001,-0.047137141282427665,3.6378473986454217e-6,0.001907314184565674,0.003021820333182446,0.047137141282427665,-0.047076071393780686
1429,1.6000000000000005,-0.046992939189581105,8.337657328667961e-6,0.0028875001867823247,0.0005543456672331995,0.046992939189581105,-0.04707923348957077
1430,4.000000000000001,-0.0469355027660027,4.388928884590187e-6,0.002094977060635793,0.005542976082184285,0.0469355027660027,-0.0470494181629192
1431,1.6000000000000005,-0.04709919977665991,2.4330334595855724e-5,0.004932578899100928,0.002650632544836774,0.04709919977665991,-0.04709754979478609
1432,4.000000000000001,-0.04721152945225948,3.2723171082234505e-6,0.0018089547004343284,0.004277908731223125,0.04721152945225948,-0.047059857039352046
1433,1.6000000000000005,-0.047005040855350094,2.5060426157146654e-5,0.005006038968800248,0.004522158903746843,0.047005040855350094,-0.0471156960435219
1434,4.000000000000001,-0.04703321438902719,4.185293933561899e-6,0.0020457990941345878,0.002387138300255386,0.04703321438902719,-0.04708719898457698
1435,10.000000000000002,-0.047080356132541315,3.0905944707896593e-6,0.0017580086663010678,0.006442846585596527,0.047080356132541315,-0.04704394593841277
1436,4.000000000000001,-0.047020741225234475,1.7172221846879725e-5,0.0041439379636862,0.002498180591879025,0.047020741225234475,-0.04715673892475859
1437,10.000000000000002,-0.04701812796786536,1.7440777007496785e-6,0.0013206353398079573,0.0033130788552460564,0.04701812796786536,-0.047080768572769605
1438,4.000000000000001,-0.04710924836324205,2.8093037933569753e-6,0.0016760977875282144,0.0032214753542298526,0.04710924836324205,-0.047065894630644485
1439,1.6000000000000005,-0.04717082125661279,4.723831808461029e-6,0.002173437785735085,0.003564901704061373,0.04717082125661279,-0.047057634133589744
1440,0.6400000000000002,-0.04669465245948714,0.00019577852701767797,0.013992088014934654,0.0041654371123676995,0.04669465245948714,-0.04721498328416392
1441,1.6000000000000005,-0.04712725959786261,2.501607222885866e-5,0.005001606964652326,0.0023336453929437336,0.04712725959786261,-0.04711237917999603
1442,4.000000000000001,-0.04716351692306042,1.9391426320868796e-5,0.004403569724765215,0.007858066472120631,0.04716351692306042,-0.046995756032089234
1443,1.6000000000000005,-0.047113538981184803,7.477148934538446e-5,0.008647050904521406,0.005724213074958199,0.047113538981184803,-0.04713840397894965
1444,4.000000000000001,-0.04714909404360709,6.065205670123748e-6,0.0024627638275165056,0.0029185948959950738,0.04714909404360709,-0.04710273697634049
1445,10.000000000000002,-0.047087666726783294,1.4658834889786266e-6,0.001210736754616224,0.002847009762675899,0.047087666726783294,-0.04707707697936568
1446,4.000000000000001,-0.04703682533440024,1.909216406280012e-6,0.0013817439727677526,0.004111772801393356,0.04703682533440024,-0.04706236430064815
1447,1.6000000000000005,-0.04705309119886754,1.578405379631931e-5,0.003972915025056452,0.0035777492048013316,0.04705309119886754,-0.047093967422151856
1448,4.000000000000001,-0.04708969798696099,2.140245935302593e-6,0.001462957940373746,0.0022997634839659847,0.04708969798696099,-0.04708845306182064
1449,1.6000000000000005,-0.04711859046192376,1.0811255962772206e-5,0.003288047439252087,0.003982882858893551,0.04711859046192376,-0.047100102120285245
1450,4.000000000000001,-0.047142217523786535,3.826145608455508e-6,0.0019560535801596817,0.004350215622521691,0.047142217523786535,-0.04708751145831534
1451,1.6000000000000005,-0.04697684819335503,1.3127671021038596e-5,0.003623212803719731,0.0017188261085775433,0.04697684819335503,-0.047104905949704574
1452,4.000000000000001,-0.047005678672439176,2.0144468097914587e-6,0.0014193120903421696,0.0014422580285659407,0.047005678672439176,-0.04708430158374105
1453,10.000000000000002,-0.04707608960426396,1.0558049437946249e-6,0.0010275236950039765,0.0017929007248315323,0.04707608960426396,-0.047072223581892295
1454,4.000000000000001,-0.04713276848236901,4.758474778971847e-6,0.0021813928529661607,0.0012329903195460042,0.04713276848236901,-0.04710565670322131
1455,10.000000000000002,-0.047103625490859606,1.6359896202669485e-6,0.0012790580988629673,0.0040431632252828,0.047103625490859606,-0.04707193848837342
1456,4.000000000000001,-0.04707155122295913,5.749036978041555e-6,0.0023977149492885002,0.0011402716153164512,0.04707155122295913,-0.04710429812900721
1457,10.000000000000002,-0.0471068145403487,1.9744965802465927e-6,0.0014051678121301358,0.006573575150972923,0.0471068145403487,-0.047067121501961545
1458,4.000000000000001,-0.04693066351578387,5.5056468295043656e-6,0.0023464114791537237,0.0063958445851046335,0.04693066351578387,-0.04708377591481973
1459,1.6000000000000005,-0.04704955852230061,1.2438471860607179e-5,0.0035268217789685913,0.002947257281765607,0.04704955852230061,-0.047104225355465074
1460,4.000000000000001,-0.04708057967043341,2.081084770763241e-6,0.001442596537762115,0.0032447327327039923,0.04708057967043341,-0.04708656929922699
1461,1.6000000000000005,-0.04707220824755534,6.862764226116527e-6,0.0026196878108119158,0.0007439151336997947,0.04707220824755534,-0.04709621813931776
1462,4.000000000000001,-0.04710685142873828,1.2147854582899974e-6,0.001102173061860068,0.0015349749165778337,0.04710685142873828,-0.04708481796202473
1463,1.6000000000000005,-0.047128812537877714,2.1254389635678183e-6,0.0014578885291982437,0.00044199538216957825,0.047128812537877714,-0.047083657323498056
1464,4.000000000000001,-0.04707737687433997,7.855960889132437e-7,0.0008863385859327369,0.0011080499991533539,0.04707737687433997,-0.047079037361644184
1465,1.6000000000000005,-0.04701884362579799,6.983218086985549e-6,0.0026425779244869108,0.001680777103810329,0.04701884362579799,-0.04709535019510732
1466,4.000000000000001,-0.04701887370136612,2.8026099418897755e-6,0.0016740997407232866,0.003105806317981887,0.04701887370136612,-0.0470781551900368
1467,1.6000000000000005,-0.04708797596445448,1.0757072939122616e-5,0.003279797697895804,0.0020388497560499155,0.04708797596445448,-0.04709732475989926
1468,4.000000000000001,-0.04706864232614141,1.4897902087775116e-6,0.001220569624715244,0.0016484095721047045,0.04706864232614141,-0.04708592536537068
1469,1.6000000000000005,-0.04725435095652222,2.513007219267623e-6,0.0015852467376618767,0.0018233525933601922,0.04725435095652222,-0.047083393753554664
1470,4.000000000000001,-0.04716081989201228,7.622530048281681e-7,0.0008730710193496106,0.0006816811185197716,0.04716081989201228,-0.047080453070329875
1471,10.000000000000002,-0.0470952483862023,6.415859171196015e-7,0.000800990584913207,0.0041897192332785264,0.0470952483862023,-0.04707191744565092
1472,4.000000000000001,-0.04701138491085957,4.5944164460236485e-6,0.002143458990982484,0.0016371417042339623,0.04701138491085957,-0.04710247564610254
1473,10.000000000000002,-0.047019311612404115,7.215736433825038e-7,0.0008494549095640708,0.0010750258756166715,0.047019311612404115,-0.047081137114516274
1474,4.000000000000001,-0.04706775667508289,1.935732562327542e-6,0.001391306063498446,0.002023189534432433,0.04706775667508289,-0.047089610007620096
1475,1.6000000000000005,-0.047135206798473384,2.0675710798043426e-6,0.00143790510111215,0.0006175330020242699,0.047135206798473384,-0.04707971367474821
1476,4.000000000000001,-0.047127898292845624,1.275875958798601e-6,0.0011295467935409321,0.00041882711651803674,0.047127898292845624,-0.04708692425765843
1477,10.000000000000002,-0.04710424362185888,4.163165307125138e-7,0.0006452259532229882,0.0005780575090553084,0.04710424362185888,-0.047080331546634456
1478,25.000000000000004,-0.04709714028145447,2.9065230704694185e-7,0.0005391217924058921,0.006198944035433447,0.04709714028145447,-0.04707191424883089
1479,10.000000000000002,-0.04706055261767204,1.4314461646822928e-6,0.0011964305933409981,0.00204150967742219,0.04706055261767204,-0.04709676204354127
1480,4.000000000000001,-0.047009127922023705,1.3722417746004454e-6,0.001171427238286888,0.001936637714878681,0.047009127922023705,-0.04707923067075893
1481,1.6000000000000005,-0.04704810220114274,2.474718591530725e-6,0.00157312383223023,0.0016845769608581096,0.04704810220114274,-0.04707638213122779
1482,4.000000000000001,-0.047016428755057106,9.97226915227816e-7,0.0009986124950288856,0.0006544510172959182,0.047016428755057106,-0.047071299850988665
1483,10.000000000000002,-0.0470389923598975,8.93365691718744e-7,0.0009451802429794775,0.003139001708851635,0.0470389923598975,-0.047085470090002676
1484,4.000000000000001,-0.047125028764420304,2.147911303551965e-6,0.001465575417217403,0.0003888629908382001,0.047125028764420304,-0.047092317358902465
1485,10.000000000000002,-0.04710150922752495,5.133821609574831e-7,0.0007165069161965453,0.0038386268627602464,0.04710150922752495,-0.047080190126769644
1486,4.000000000000001,-0.04715054431631312,2.244188598046648e-6,0.0014980616135682298,0.00238104549558254,0.04715054431631312,-0.04708850262004172
1487,1.6000000000000005,-0.04712537766692039,2.232748467180077e-6,0.001494238423806615,0.0005593594599438768,0.04712537766692039,-0.047085201261747915
1488,4.000000000000001,-0.04710613858839937,4.926285618241281e-7,0.0007018750329112214,0.0013514212197301783,0.04710613858839937,-0.04708217972062677
1489,1.6000000000000005,-0.04705333759662874,5.201430761230771e-6,0.0022806645437746364,0.00221071305370625,0.04705333759662874,-0.04709086664792881
1490,4.000000000000001,-0.0470876516190957,1.5901054836785334e-6,0.0012609938475974154,0.0024747413730139157,0.0470876516190957,-0.04708248699973975
1491,1.6000000000000005,-0.04708032626839962,1.7585889805422472e-6,0.0013261180115443148,0.0006537262142983873,0.04708032626839962,-0.04707483582751983
1492,4.000000000000001,-0.047095991795849196,2.2693763376958374e-6,0.0015064449335092994,0.0015432698600032141,0.047095991795849196,-0.047092459448409216
1493,10.000000000000002,-0.04711180407146948,2.5863436854773195e-7,0.0005085610765166087,0.0006986276440706703,0.04711180407146948,-0.047083292986120094
1494,4.000000000000001,-0.0470743928950761,1.2901155131898861e-6,0.0011358325198680861,0.000979233959168362,0.0470743928950761,-0.04708990508943381
1495,10.000000000000002,-0.0470708518356401,3.386601287334862e-7,0.0005819451251909292,0.0005622285634092086,0.0470708518356401,-0.04708328061170351
1496,25.000000000000004,-0.047073479282808514,1.0581913854217675e-7,0.0003252985375653828,0.0007588562744814718,0.047073479282808514,-0.0470834564837613
1497,10.000000000000002,-0.04708752188556096,1.6520535567644493e-7,0.0004064546169948681,0.0010805068922100757,0.04708752188556096,-0.047083048414523584
1498,4.000000000000001,-0.047082686416322996,2.194283139529547e-7,0.0004684317601881353,0.0013748266280502446,0.047082686416322996,-0.04708167876614639
1499,1.6000000000000005,-0.0471211493811336,3.2917221485452314e-6,0.0018143103782278355,0.00072225330421631,0.0471211493811336,-0.04708794992807917
1500,4.000000000000001,-0.047065163960386756,3.21535453436515e-6,0.001793140968904885,0.003487338758881633,0.047065163960386756,-0.04706953791187419
1501,1.6000000000000005,-0.04711201751682295,2.0629454942006547e-5,0.0045419659776363966,0.000493321648993065,0.04711201751682295,-0.047118245190384656
1502,4.000000000000001,-0.04705470761210529,1.4102408340242567e-6,0.001187535613791964,0.0020030300251270105,0.04705470761210529,-0.04708301884506543
1503,1.6000000000000005,-0.04708424597950987,3.4244573733078192e-6,0.0018505289441961773,0.0017127778245965921,0.04708424597950987,-0.047085461014026865
1504,4.000000000000001,-0.047111685213446414,3.9639698987256867e-7,0.0006296006590471206,0.0006685232800706287,0.047111685213446414,-0.04708379538005421
1505,10.000000000000002,-0.04709965483622259,1.042697338234005e-7,0.00032290824365971285,0.0010599880087360835,0.04709965483622259,-0.04708367110523281
1506,4.000000000000001,-0.047109587256000666,4.6333986111215017e-7,0.0006806907235390755,0.0009315532412145638,0.047109587256000666,-0.04708480381341341
1507,1.6000000000000005,-0.04711432483081128,5.572516851117521e-7,0.0007464929236849819,0.000303767489053506,0.04711432483081128,-0.04708366453689683
1508,4.000000000000001,-0.04710182176075909,2.1440798169703253e-7,0.00046304209495145527,0.0003395846678908408,0.04710182176075909,-0.0470824890639601
1509,10.000000000000002,-0.04709269868289047,1.0730550630224011e-7,0.0003275751918296624,0.0024375492855365473,0.04709269868289047,-0.047083161705882025
1510,4.000000000000001,-0.04703747672794992,3.5079405945157596e-6,0.00187294970421412,0.0012641330992747995,0.04703747672794992,-0.04709464079477107
1511,10.000000000000002,-0.047025823366341174,1.6407975312933678e-6,0.0012809361932951103,0.003102360751999544,0.047025823366341174,-0.04706740037123864
1512,4.000000000000001,-0.04705910990551562,4.072864016051084e-6,0.0020181337953790587,0.003824455703557705,0.04705910990551562,-0.04708620589881276
1513,1.6000000000000005,-0.047289703431295994,1.0121123609895125e-5,0.003181371341087853,0.0036181907957171756,0.047289703431295994,-0.04709449684431387
1514,4.000000000000001,-0.04726380066942318,2.1711077472395423e-6,0.0014734679322060396,0.003682707662934709,0.04726380066942318,-0.047084208007846816
1515,1.6000000000000005,-0.04691008883525174,4.697029082599006e-5,0.00685348749367722,0.0012402105671125625,0.04691008883525174,-0.0471546666828922
1516,4.000000000000001,-0.046930674606402,6.426312455297166e-6,0.0025350172495068285,0.0031369606000779555,0.046930674606402,-0.04706543666574119
1517,10.000000000000002,-0.04697582021325759,5.446241484748336e-6,0.002333718381627984,0.00613012762461939,0.04697582021325759,-0.04699440924970559
1518,4.000000000000001,-0.04694823414487523,7.3758098095799364e-6,0.002715844216736287,0.006411124656737199,0.04694823414487523,-0.04693050162702811
1519,1.6000000000000005,-0.047249588040220884,0.00038073215770876505,0.019512359101573677,0.003272995277955429,0.047249588040220884,-0.04777733126685577
1520,4.000000000000001,-0.04714615343901269,2.41642238196333e-5,0.0049157119341590085,0.004076414906713818,0.04714615343901269,-0.04708195515033249
1521,10.000000000000002,-0.0470112334246172,8.050526968337079e-6,0.002837345056269519,0.005493249182610086,0.0470112334246172,-0.046980544984143544
1522,4.000000000000001,-0.046871597982284165,3.2020611190171466e-5,0.005658675745275697,0.0037816214049019308,0.046871597982284165,-0.047078047655627675
1523,10.000000000000002,-0.046843583739175174,8.353641723765977e-6,0.002890266721907509,0.00633511581528637,0.046843583739175174,-0.04688100375112509
1524,4.000000000000001,-0.04728870228336597,0.00014672356649441377,0.01211295036291381,0.010002629879434064,0.04728870228336597,-0.047358556474302746
1525,10.000000000000002,-0.047266023782713114,1.0006955592265707e-5,0.00316337724469683,0.00412916475545094,0.047266023782713114,-0.04705904727581812
1526,4.000000000000001,-0.04734810176055127,3.9904296005147046e-5,0.006316984724150205,0.0049615177284289365,0.04734810176055127,-0.04724014487596153
1527,10.000000000000002,-0.0472144082591671,2.054963877827223e-6,0.0014335145195732142,0.002387171334571211,0.0472144082591671,-0.04709883468666219
1528,4.000000000000001,-0.04698550790624155,2.1392614976345484e-6,0.001462621447140219,0.0024906818625943716,0.04698550790624155,-0.04707925062047177
1529,1.6000000000000005,-0.04667247771170384,2.109144488714272e-5,0.00459254231195998,0.00270277927455734,0.04667247771170384,-0.04711469766108637
1530,4.000000000000001,-0.04693941024587182,4.505799289717593e-6,0.0021226868091448613,0.0035241253541784573,0.04693941024587182,-0.04708291860110977
1531,1.6000000000000005,-0.047175069923893434,1.267885328482691e-5,0.003560737744460677,0.002278979320247046,0.047175069923893434,-0.047097687700847324
1532,4.000000000000001,-0.047190833764362866,2.6796524800493845e-6,0.001636964410135231,0.003243320072371267,0.047190833764362866,-0.04708351686510924
1533,1.6000000000000005,-0.04712861744461083,5.1661738625432124e-6,0.0022729218777914942,0.0020990690822784526,0.04712861744461083,-0.04708300668701705
1534,4.000000000000001,-0.04713138738168822,1.7801177483711397e-6,0.0013342105337506296,0.0025074697235129687,0.04713138738168822,-0.0470740955872589
1535,1.6000000000000005,-0.047174038282394616,6.678057195240097e-6,0.0025841937224674347,0.0028079055887717057,0.047174038282394616,-0.047081678876444134
1536,4.000000000000001,-0.04710603042278624,1.511613105857719e-6,0.0012294767610075918,0.00115107992265635,0.04710603042278624,-0.0470778839006254
1537,10.000000000000002,-0.047045281923727936,5.954256904574825e-7,0.0007716383158303393,0.002085648691926564,0.047045281923727936,-0.0470709348455975
1538,4.000000000000001,-0.046989608027302114,7.385280448507164e-7,0.0008593765442753929,0.0021033277724340845,0.046989608027302114,-0.047063640030729444
1539,1.6000000000000005,-0.047254871671054056,6.561357993224143e-5,0.008100220980457349,0.0020023325507319343,0.047254871671054056,-0.04719515994125076
1540,4.000000000000001,-0.047154001857187634,1.4043476013057148e-5,0.003747462609961192,0.00451785763269703,0.047154001857187634,-0.047042650531767205
1541,10.000000000000002,-0.04706092808247545,8.304452609343268e-6,0.0028817447161994187,0.008771663130766008,0.04706092808247545,-0.04694893321096463
1542,4.000000000000001,-0.04690190981538351,9.652535157619352e-6,0.0031068529346622367,0.0064318532349160245,0.04690190981538351,-0.04684655448382509
1543,1.6000000000000005,-0.04686527583570982,0.000487674604421905,0.02208335582337759,0.005700716645775983,0.04686527583570982,-0.047800393618606885
1544,4.000000000000001,-0.04702810129886422,3.0550111713136867e-5,0.00552721554791713,0.004885460250725085,0.04702810129886422,-0.04715635787497743
1545,10.000000000000002,-0.04711420653302857,5.831214615768805e-6,0.0024147908016573204,0.004826068963459548,0.04711420653302857,-0.0470702898531903
1546,4.000000000000001,-0.04710103951102602,1.0812940038802297e-5,0.003288303519871956,0.0053650380872665914,0.04710103951102602,-0.04706687669452031
1547,1.6000000000000005,-0.04735911438155098,0.0001112256620239062,0.010546357761042728,0.0030469881681586515,0.04735911438155098,-0.04725661664157307
1548,4.000000000000001,-0.04708869589329442,1.29146788230371e-5,0.0035936998793773944,0.0034600013737197096,0.04708869589329442,-0.047070943241340125
1549,10.000000000000002,-0.04699187147725153,1.0736727729646157e-5,0.003276694634787648,0.010805509288592266,0.04699187147725153,-0.046918697540056224
1550,4.000000000000001,-0.04709668139311804,5.655725342717026e-5,0.007520455666192725,0.005593826714488905,0.04709668139311804,-0.047288944206005934
1551,10.000000000000002,-0.04715060952247807,4.314479051363457e-6,0.00207713241064778,0.005473178878118371,0.04715060952247807,-0.047089028446061935
1552,4.000000000000001,-0.0470281360739137,6.110423031099427e-6,0.0024719269874127403,0.004897996321607111,0.0470281360739137,-0.04706879698905505
1553,1.6000000000000005,-0.04702554501780462,6.297134411720456e-5,0.007935448576936566,0.00506449406379169,0.04702554501780462,-0.047188095237550215
1554,4.000000000000001,-0.04699267817897815,1.1455794539284671e-5,0.003384640976423448,0.003562762887267156,0.04699267817897815,-0.04710761313311222
1555,10.000000000000002,-0.04696079240876342,7.517647950286405e-6,0.002741832954482531,0.00994573530077206,0.04696079240876342,-0.046993558470223656
1556,4.000000000000001,-0.04696125302565613,9.479100360736118e-6,0.0030788147655771885,0.010923505274592677,0.04696125302565613,-0.04690415509742807
1557,1.6000000000000005,-0.04716599644510308,0.00040241317429274805,0.02006023863997505,0.000924080620430404,0.04716599644510308,-0.04780147464719658
1558,4.000000000000001,-0.04713535295407396,1.778559773521667e-5,0.004217297444479897,0.0044213135064790415,0.04713535295407396,-0.04711509914827823
1559,10.000000000000002,-0.047203526249856055,4.325077559766649e-6,0.0020796820814169286,0.0072288956673438026,0.047203526249856055,-0.047054926457684595
1560,4.000000000000001,-0.047047195440170095,1.065462246504713e-5,0.003264141918643724,0.003292516928192314,0.047047195440170095,-0.04712739333686223
1561,10.000000000000002,-0.04704543248931188,1.9626386333751893e-6,0.0014009420521117885,0.0012097232822451765,0.04704543248931188,-0.04707912193674504
1562,25.000000000000004,-0.04701227885365384,1.5402168115999388e-6,0.0012410547174077132,0.009636963236046958,0.04701227885365384,-0.047023217879455945
1563,10.000000000000002,-0.04715805649164887,1.1415464548608226e-5,0.0033786779291030723,0.004464074629140591,0.04715805649164887,-0.04717845477442466
1564,4.000000000000001,-0.0472149644604049,8.470302382568033e-6,0.002910378391647387,0.0046687936354256904,0.0472149644604049,-0.0471044412252933
1565,1.6000000000000005,-0.0471913508956182,9.641079011658991e-6,0.003105008697517447,0.0035008681897128174,0.0471913508956182,-0.047061387633499555
1566,4.000000000000001,-0.04718362694049405,5.261768106363591e-6,0.0022938544213536288,0.004212828430168698,0.04718362694049405,-0.04708173522482949
1567,1.6000000000000005,-0.047136623653692936,1.3718573068395267e-5,0.0037038592128204964,0.0033921861695725038,0.047136623653692936,-0.047095394095904033
1568,4.000000000000001,-0.04720530684640181,3.5455875678158264e-6,0.0018829730661418995,0.005032714378813906,0.04720530684640181,-0.047076140476578494
1569,1.6000000000000005,-0.046999391702482886,2.5172390404805606e-5,0.005017209424052938,0.0030285530870503273,0.046999391702482886,-0.047121059716540376
1570,4.000000000000001,-0.04692394871182488,5.3861327039357805e-6,0.0023208043226295018,0.010641842484493402,0.04692394871182488,-0.04708214052432138
1571,1.6000000000000005,-0.04704034443862734,2.6824605513683518e-5,0.005179247581809883,0.0031439113825759506,0.04704034443862734,-0.0471370982463338
1572,4.000000000000001,-0.04704923370358212,2.657072455949119e-6,0.0016300528997394898,0.0018413412000701894,0.04704923370358212,-0.04709195274554326
1573,10.000000000000002,-0.04707685865056756,1.5563579468241014e-6,0.0012475407595842717,0.0012311941309959675,0.04707685865056756,-0.04707173274395465
1574,25.000000000000004,-0.04704604817020761,1.0730319167903765e-6,0.001035872538872605,0.008984159068773152,0.04704604817020761,-0.04704043090118602
1575,10.000000000000002,-0.04707234203329648,7.077417962631182e-6,0.0026603417003518894,0.0034691162835672694,0.04707234203329648,-0.04715199729189827
1576,4.000000000000001,-0.047219909291819545,6.885262441849461e-6,0.002623978361543681,0.0037957839049779537,0.047219909291819545,-0.04705891949517332
1577,1.6000000000000005,-0.047193263919498615,1.4945873714849166e-5,0.0038659893578292695,0.005746310376565103,0.047193263919498615,-0.04703829644409867
1578,0.6400000000000002,-0.04706588895902304,3.407233230934381e-5,0.005837151043903507,0.0026435114178538907,0.04706588895902304,-0.04704665096440575
1579,1.6000000000000005,-0.04710344999236839,0.00012906743876847984,0.011360785129931815,0.004866794037522871,0.04710344999236839,-0.047297165040314254
1580,4.000000000000001,-0.04702334490234209,3.7506978002703524e-5,0.006124294081990472,0.011765449082468479,0.04702334490234209,-0.04696851568805248
1581,1.6000000000000005,-0.0470441061482313,0.00014699429744531215,0.01212412048130965,0.005709371739591112,0.0470441061482313,-0.04725479661564005
1582,4.000000000000001,-0.04702188981898287,1.2509578835786497e-5,0.0035368882984604558,0.002452770971674498,0.04702188981898287,-0.047114958623927006
1583,10.000000000000002,-0.04706248426335296,2.6132590354168433e-6,0.0016165577736093576,0.0011724375015957592,0.04706248426335296,-0.04706512747245217
1584,25.000000000000004,-0.04711689165659005,2.230402549079038e-6,0.0014934532296255675,0.010195967307514153,0.04711689165659005,-0.0469858906885129
1585,10.000000000000002,-0.04707607736839941,1.6258787453910163e-5,0.004032218676350547,0.00912392476219047,0.04707607736839941,-0.0472034078831263
1586,4.000000000000001,-0.04692482649927156,1.9383188391632515e-5,0.004402634255946378,0.0035244452736013223,0.04692482649927156,-0.04714580216882729
1587,10.000000000000002,-0.0469355086127699,3.172931879101355e-6,0.001781272544868234,0.005111133673339831,0.0469355086127699,-0.04706905772591774
1588,4.000000000000001,-0.04702479318020809,4.735583943800803e-6,0.002176139688485278,0.004626845704393593,0.04702479318020809,-0.04703881270644104
1589,1.6000000000000005,-0.047663919289704725,6.861276855060352e-5,0.008283282474394044,0.005617671572038329,0.047663919289704725,-0.047184710289829554
1590,4.000000000000001,-0.04748903810406222,1.343223648438245e-5,0.003665001566763983,0.002355033254288306,0.04748903810406222,-0.047126392393953886
1591,10.000000000000002,-0.047119366401025445,7.576168758853399e-6,0.002752484106921128,0.00936794846702349,0.047119366401025445,-0.04700521406540786
1592,4.000000000000001,-0.04687310345688699,4.288313943655138e-5,0.006548521927622399,0.003126005280103456,0.04687310345688699,-0.04726004334140137
1593,10.000000000000002,-0.046984076300843294,1.1904903500544207e-5,0.0034503483158290276,0.01511737903481521,0.046984076300843294,-0.04696822007994717
1594,4.000000000000001,-0.046509095130818516,2.1717970866868913e-5,0.004660254377914248,0.013105537332937643,0.046509095130818516,-0.04694589180068099
1595,1.6000000000000005,-0.04676750158674987,5.287709468066445e-5,0.007271663817907456,0.010057413778235604,0.04676750158674987,-0.047000208974739374
1596,0.6400000000000002,-0.04802883067747156,0.0012791577639862314,0.03576531509697952,0.011372331745777321,0.04802883067747156,-0.04813102909726035
1597,1.6000000000000005,-0.04783199145562392,0.00016251394734170994,0.01274809583199428,0.005250995230274542,0.04783199145562392,-0.047374925419399014
1598,4.000000000000001,-0.047296333162213725,4.100326259955297e-5,0.006403378998587618,0.008479516424005488,0.047296333162213725,-0.04700354363349811
1599,1.6000000000000005,-0.047012641014968284,0.0001661606133863711,0.012890330227979852,0.004149307837050406,0.047012641014968284,-0.047331941304620255
1600,4.000000000000001,-0.04696295384118865,2.3456752494517842e-5,0.004843217163675179,0.008977587473169308,0.04696295384118865,-0.0470108980870587
1601,1.6000000000000005,-0.04706538213083648,0.00012043153305496451,0.010974130173046269,0.003924571248322341,0.04706538213083648,-0.04725693649736762
1602,4.000000000000001,-0.047030756578112974,1.027982132337949e-5,0.0032062160444017943,0.0044334208321539234,0.047030756578112974,-0.04707512468935302
1603,1.6000000000000005,-0.04722049048100273,2.3022962820725096e-5,0.004798224965622714,0.0032008605576291324,0.04722049048100273,-0.04709685254682916
1604,4.000000000000001,-0.04708832009200862,3.3161022436961417e-6,0.0018210168158740714,0.001154394197303742,0.04708832009200862,-0.04708247263570052
1605,10.000000000000002,-0.047059513506257644,1.4569110811881906e-6,0.0012070257168710992,0.00419403680308157,0.047059513506257644,-0.047062907440145664
1606,4.000000000000001,-0.047071877833306755,2.2112788566331417e-6,0.001487036938557056,0.004898967190078079,0.047071877833306755,-0.04704851604086376
1607,1.6000000000000005,-0.04702633910659453,5.358191137289244e-5,0.00731996662375536,0.00422298656909359,0.04702633910659453,-0.047168223571616985
1608,4.000000000000001,-0.04706753972817025,6.225869515895411e-6,0.002495169235922768,0.00144093758209635,0.04706753972817025,-0.04710220529389252
1609,10.000000000000002,-0.047075606777375704,4.437522356189499e-6,0.002106542749670535,0.0084268742884834,0.047075606777375704,-0.04703421089276372
1610,4.000000000000001,-0.04711146565687302,2.1932895186180526e-5,0.004683256899443007,0.0041225203477818365,0.04711146565687302,-0.04714873850304283
1611,10.000000000000002,-0.04710349894731651,2.259429436575793e-6,0.0015031398592864848,0.0011312530635736015,0.04710349894731651,-0.04708539149986017
1612,25.000000000000004,-0.04706296030936582,1.7047252810445877e-6,0.001305651286157444,0.012393760826451375,0.04706296030936582,-0.04702345772573906
1613,10.000000000000002,-0.04705627802754643,1.0736968550389088e-5,0.0032767313820923874,0.002822118785596214,0.04705627802754643,-0.04719433991741839
1614,25.000000000000004,-0.04707800670090385,3.479985942369465e-6,0.0018654720427734811,0.020500845113410385,0.04707800670090385,-0.04700033881787337
1615,10.000000000000002,-0.047081508688489544,1.1744327055806048e-5,0.0034269997163416934,0.008264029254216855,0.047081508688489544,-0.047192523147525735
1616,4.000000000000001,-0.04706630996217018,1.3871300996558935e-5,0.0037244195516293456,0.0006898830671459884,0.04706630996217018,-0.047149578357684276
1617,10.000000000000002,-0.047028843296183134,2.637569068957948e-6,0.0016240594413253315,0.001249926077122003,0.047028843296183134,-0.04708167797218195
1618,25.000000000000004,-0.047055623630576304,1.5847822725975067e-6,0.0012588813576336361,0.013379145810961553,0.047055623630576304,-0.0470293575321997
1619,10.000000000000002,-0.04718930019503031,9.101252581740897e-6,0.0030168282320577845,0.005493592553006014,0.04718930019503031,-0.04718324864529423
1620,4.000000000000001,-0.04710121909835596,6.534163011235162e-6,0.0025562008941464602,0.0017603978492809161,0.04710121909835596,-0.047099370370152153
1621,10.000000000000002,-0.047007087589829424,6.432563344611776e-6,0.0025362498584744716,0.014788747672878785,0.047007087589829424,-0.04700798075836596
1622,4.000000000000001,-0.04693470899340015,3.4647536737877216e-5,0.0058862158249487605,0.008005462797918061,0.04693470899340015,-0.04718941273991946
1623,1.6000000000000005,-0.047230399371438615,3.4990313851567574e-5,0.005915261097497521,0.0025036657024875425,0.047230399371438615,-0.04716637257125798
1624,4.000000000000001,-0.04714858004321969,5.64453207501868e-6,0.0023758223997215533,0.004307256305602522,0.04714858004321969,-0.04710526143955485
1625,1.6000000000000005,-0.047074331766708825,5.672574279291909e-6,0.0023817166664597007,0.001079435107312833,0.047074331766708825,-0.047074950535354806
1626,4.000000000000001,-0.047087359491189834,4.085015140784359e-6,0.0020211420387455103,0.0008058434396497006,0.047087359491189834,-0.047089455455088414
1627,10.000000000000002,-0.047103302335450015,1.019963463869238e-6,0.0010099324055941755,0.0029934836021092773,0.047103302335450015,-0.04707600864058987
1628,4.000000000000001,-0.04712013813366023,5.0899837379125e-6,0.0022560992305110388,0.002625885681950661,0.04712013813366023,-0.047108826980213424
1629,10.000000000000002,-0.04701820596916805,3.5852053636882643e-6,0.0018934638532827248,0.006675331699864014,0.04701820596916805,-0.047054049121458566
1630,4.000000000000001,-0.04702212140629274,6.827164118885717e-6,0.002612884252868029,0.0072405410350203404,0.04702212140629274,-0.047030410460446176
1631,1.6000000000000005,-0.047298660889258944,0.00013191899149726978,0.01148559930945137,0.005430675392067972,0.047298660889258944,-0.04730116395587676
1632,4.000000000000001,-0.04726668410124708,1.621060150742876e-5,0.004026239126955671,0.00516307577124639,0.04726668410124708,-0.04709514347470816
1633,1.6000000000000005,-0.046895004267895925,3.861734307625955e-5,0.006214285403508561,0.0019264591958023092,0.046895004267895925,-0.04713851818581751
1634,4.000000000000001,-0.04694315938860768,6.73764941918451e-6,0.00259569825272209,0.0049919131246306874,0.04694315938860768,-0.04706689858542104
1635,1.6000000000000005,-0.04716850417600058,2.453881133515836e-5,0.004953666453765167,0.00329104995410809,0.04716850417600058,-0.047114283856568184
1636,4.000000000000001,-0.04714927091896593,5.111512365241723e-6,0.0022608654018410126,0.003156357106074984,0.04714927091896593,-0.047081491038949465
1637,1.6000000000000005,-0.04725045536814392,1.1862856113851456e-5,0.0034442497171156823,0.003972044143362101,0.04725045536814392,-0.04708721007090639
1638,4.000000000000001,-0.047141054533506456,2.2472539431118134e-6,0.0014990843682434333,0.0007402301877582814,0.047141054533506456,-0.0470770025894418
1639,10.000000000000002,-0.047071171608312645,1.3318810522758517e-6,0.0011540715109020982,0.006462040176464384,0.047071171608312645,-0.047059402851097464
1640,4.000000000000001,-0.04697622304738002,8.077558365476347e-6,0.002842104566245997,0.003389969175785556,0.04697622304738002,-0.04709652009796386
1641,10.000000000000002,-0.04703812345649088,4.465153501025952e-6,0.0021130909826663764,0.011684961496597854,0.04703812345649088,-0.04702693004592494
1642,4.000000000000001,-0.047136279153768376,2.730113777125752e-5,0.005225049068789452,0.0026302272807635016,0.047136279153768376,-0.047190769906463176
1643,10.000000000000002,-0.04705229305372379,1.3415175662038954e-6,0.0011582389935604375,0.007075003037131667,0.04705229305372379,-0.047072154713320685
1644,4.000000000000001,-0.04714757904659226,5.0310266100293e-6,0.0022429950089176078,0.003444858714059133,0.04714757904659226,-0.04710001611269878
1645,1.6000000000000005,-0.04717289042161284,5.95972047550218e-6,0.002441253873627686,0.0032338718298248236,0.04717289042161284,-0.047096340924600376
1646,0.6400000000000002,-0.0472048326034076,5.957565255856924e-6,0.0024408124171793545,0.0017164725912033204,0.0472048326034076,-0.04708506515649015
1647,1.6000000000000005,-0.04714724057866896,4.00284758204002e-6,0.0020007117688562786,0.002356906184587851,0.04714724057866896,-0.04709017512117532
1648,4.000000000000001,-0.04713544601879233,1.4154603977378107e-6,0.0011897312292017096,0.0017910585677125357,0.04713544601879233,-0.04708366244927294
1649,1.6000000000000005,-0.047122825200915694,3.503459702549978e-6,0.0018717531094003764,0.0036132116804410475,0.047122825200915694,-0.04708421980680629
1650,0.6400000000000002,-0.04709852251588184,3.516174220880375e-6,0.0018751464531818242,0.004715033621500964,0.04709852251588184,-0.04707639207972928
1651,0.2560000000000001,-0.04732906213982692,0.0011568518960774368,0.03401252557628494,0.011430752358298045,0.04732906213982692,-0.04730681458298133
1652,0.6400000000000002,-0.046332422413946736,0.000251418402167664,0.015856178674815192,0.00474689914724137,0.046332422413946736,-0.04721214834226517
1653,1.6000000000000005,-0.046620828452843835,3.642138605235653e-5,0.00603501334317966,0.003221368988114381,0.046620828452843835,-0.04713139631357496
1654,4.000000000000001,-0.04686655438513942,1.3494471969992273e-5,0.0036734822675483646,0.008391810017556295,0.04686655438513942,-0.04703906484756814
1655,1.6000000000000005,-0.04762624595208612,3.303893164283846e-5,0.005747950212279022,0.009732239992586229,0.04762624595208612,-0.04706044802746381
1656,0.6400000000000002,-0.04762122406730428,0.00069971349759748,0.026452098170040877,0.001689778210796835,0.04762122406730428,-0.047474405454594915
1657,1.6000000000000005,-0.047323936113209585,4.6476036535270076e-5,0.0068173335355746,0.004581175577326787,0.047323936113209585,-0.04707393283313712
1658,4.000000000000001,-0.047055736329134686,1.2358450507905187e-5,0.003515458790528654,0.007029304427815879,0.047055736329134686,-0.04703187764284
1659,1.6000000000000005,-0.04672370268863565,4.218863910313644e-5,0.006495278215991709,0.004380993747298409,0.04672370268863565,-0.047083139190447536
1660,4.000000000000001,-0.04694122420186705,4.2773792965416795e-6,0.00206818260715578,0.003828373999699019,0.04694122420186705,-0.04706422603878484
1661,1.6000000000000005,-0.04702195967434415,4.463488681345358e-6,0.002112697015983446,0.002948054560133139,0.04702195967434415,-0.047042330783675014
1662,0.6400000000000002,-0.04761145677112976,9.949998941972182e-5,0.009974968141288563,0.007080650585218002,0.04761145677112976,-0.04710718096461955
1663,1.6000000000000005,-0.04742156614872665,8.899938571124436e-6,0.0029832764825145582,0.003954623951548072,0.04742156614872665,-0.047098296111211004
1664,0.6400000000000002,-0.04695405296821777,4.2334138055351e-5,0.006506468939090618,0.0040573455487928674,0.04695405296821777,-0.04712157834650965
1665,1.6000000000000005,-0.04700710246165771,7.416004950152643e-6,0.002723234281172416,0.0026071461372182705,0.04700710246165771,-0.0471145365960724
1666,4.000000000000001,-0.04707297273443649,4.371820209676525e-6,0.002090889812897018,0.00237496795178819,0.04707297273443649,-0.047091385206207585
1667,10.000000000000002,-0.0471057949073563,3.5960192894880248e-6,0.0018963172966273405,0.006439590916570821,0.0471057949073563,-0.0470433995199641
1668,4.000000000000001,-0.04698623415656947,1.563922143332448e-5,0.003954645550909017,0.0037119286334834447,0.04698623415656947,-0.04714477222351461
1669,10.000000000000002,-0.047055912616059084,2.2249587227813268e-6,0.0014916295527983236,0.0043985005229227854,0.047055912616059084,-0.04708231903517316
1670,4.000000000000001,-0.04711183898968489,3.562758097561889e-6,0.0018875269792937765,0.006546442265938669,0.04711183898968489,-0.047063550940078996
1671,1.6000000000000005,-0.04706742807029168,1.0004367098626123e-5,0.003162968083719171,0.005202877723486435,0.04706742807029168,-0.04707524905333546
1672,0.6400000000000002,-0.04705048469030784,0.00015052025339197834,0.012268669585247551,0.003907995916647831,0.04705048469030784,-0.04719164922037613
1673,1.6000000000000005,-0.047019489467196536,2.1248385401641292e-5,0.004609597097539143,0.0006021188599198578,0.047019489467196536,-0.04711549350721624
1674,4.000000000000001,-0.04704566407554469,8.634870966753864e-6,0.002938515095546365,0.005077989405977291,0.04704566407554469,-0.047057227811149786
1675,1.6000000000000005,-0.04710634620883512,4.5848723759214336e-5,0.006771168566740481,0.0005668420315861967,0.04710634620883512,-0.04715155203998523
1676,4.000000000000001,-0.04705974545520166,5.4656941662540195e-6,0.002337882410698626,0.0031963457259446904,0.04705974545520166,-0.04707692657177278
1677,1.6000000000000005,-0.04725573073764091,1.1546133786130646e-5,0.003397960239044984,0.0038779535415702712,0.04725573073764091,-0.04708577805666479
1678,4.000000000000001,-0.04720625401608496,2.461058242543328e-6,0.0015687760332639353,0.0036775049010576133,0.04720625401608496,-0.04707302318562514
1679,1.6000000000000005,-0.047039928121871064,1.4300629825824002e-5,0.0037816173558180106,0.0029741490146545113,0.047039928121871064,-0.047097363814050164
1680,4.000000000000001,-0.04699239412971387,2.8013136301659688e-6,0.0016737125291297692,0.0011208121368233679,0.04699239412971387,-0.047083708765180275
1681,10.000000000000002,-0.04702820971265991,1.473419650639945e-6,0.0012138449862482215,0.0017186016004528014,0.04702820971265991,-0.04706588141905191
1682,4.000000000000001,-0.04707032069057815,7.858860032499252e-6,0.002803365839932286,0.0028260922986491008,0.04707032069057815,-0.04710587545876925
1683,10.000000000000002,-0.047094926300121374,1.7430497164618619e-6,0.001320246081782431,0.004514654019120041,0.047094926300121374,-0.04707038592984517
1684,4.000000000000001,-0.04705479656916134,4.250682093962116e-6,0.0020617182382571377,0.004390412129595855,0.04705479656916134,-0.047078898520840705
1685,1.6000000000000005,-0.04717287067263333,1.4010658355451057e-5,0.003743081398453827,0.005575729208965818,0.04717287067263333,-0.0471045149971013
1686,0.6400000000000002,-0.04705120935054599,7.927078099143905e-5,0.008903414007639937,0.005354619652434753,0.04705120935054599,-0.047152328359288086
1687,1.6000000000000005,-0.047143014651302106,2.3565784014243205e-5,0.004854460218628144,0.0007207508435804838,0.047143014651302106,-0.04710405330009213
1688,4.000000000000001,-0.04697177512912104,1.2116108174450595e-5,0.00348082004338785,0.008780371152299597,0.04697177512912104,-0.047034533163462504
1689,1.6000000000000005,-0.04708822324503109,7.15029866404657e-5,0.008455943864552656,0.0006880036320616754,0.04708822324503109,-0.04721081209187603
1690,4.000000000000001,-0.04717954842023484,1.7378313445647278e-5,0.004168730435713885,0.009265213747464992,0.04717954842023484,-0.04702356863348022
1691,1.6000000000000005,-0.04698750546648781,6.364441856796996e-5,0.007977745205756446,0.004410966926043303,0.04698750546648781,-0.04718261568403494
1692,4.000000000000001,-0.04708398212000342,8.544735753166762e-6,0.0029231379976263116,0.004754856100019915,0.04708398212000342,-0.04707759696624994
1693,1.6000000000000005,-0.04746426539888321,1.3009827351139027e-5,0.003606913826408808,0.004682373511043421,0.04746426539888321,-0.047060751047844615
1694,0.6400000000000002,-0.046892129953726804,0.00015944816005957564,0.01262727841063052,0.006783349484609129,0.046892129953726804,-0.04716744521331575
1695,1.6000000000000005,-0.04684158104680052,3.1865159895753316e-5,0.005644923373771633,0.003509453235707945,0.04684158104680052,-0.04708606694008705
1696,4.000000000000001,-0.04690416521488066,1.318855054798577e-5,0.003631604404114767,0.008661955726862836,0.04690416521488066,-0.0470102147544114
1697,1.6000000000000005,-0.04719608705867068,8.809310287414598e-5,0.009385792607667505,0.0041768712447940335,0.04719608705867068,-0.047229243958158654
1698,4.000000000000001,-0.04718956347258686,5.777461043690454e-6,0.0024036349647337165,0.0009331794029020963,0.04718956347258686,-0.047079349796149784
1699,10.000000000000002,-0.04711807242102167,1.20006940435142e-6,0.0010954767931596816,0.0067715646700505115,0.04711807242102167,-0.047072560211511356
1700,4.000000000000001,-0.04710136480576025,4.8960327969026154e-6,0.0022126980808286102,0.001983249017110061,0.04710136480576025,-0.04709845366372359
1701,10.000000000000002,-0.04703246494865329,7.865679978063501e-7,0.0008868866882563691,0.004031597989061068,0.04703246494865329,-0.047080266050055004
1702,4.000000000000001,-0.04706042805426324,1.9576336089069517e-6,0.0013991546050765625,0.0008111681658327053,0.04706042805426324,-0.04708497770436978
1703,10.000000000000002,-0.047115487127470816,1.3690975401542385e-6,0.0011700844158240202,0.00882383300742506,0.047115487127470816,-0.047064478940744475
1704,4.000000000000001,-0.047033002636230746,6.173280307986568e-6,0.0024846086830699454,0.00548666842020142,0.047033002636230746,-0.047097101785033776
1705,1.6000000000000005,-0.04708508654142104,1.4090257262504908e-5,0.003753699143845296,0.0049072759357186016,0.04708508654142104,-0.04710504977975558
1706,0.6400000000000002,-0.046663379506494115,2.257375743026e-5,0.004751184844884484,0.002583816565030285,0.046663379506494115,-0.04710292344213978
1707,1.6000000000000005,-0.0469732302579428,4.419325230082611e-6,0.0021022191203779426,0.002271664920212529,0.0469732302579428,-0.047090094429176006
1708,4.000000000000001,-0.047083609125095835,3.17202503215502e-6,0.001781017976370542,0.00524624784622652,0.047083609125095835,-0.04707390219516838
1709,1.6000000000000005,-0.04740118503490944,1.711749508248579e-5,0.004137329462646864,0.0072634617876255695,0.04740118503490944,-0.04710245913485374
1710,0.6400000000000002,-0.04749362583216846,2.4506199967454778e-5,0.004950373719978601,0.004286052137920053,0.04749362583216846,-0.04709243308331179
1711,1.6000000000000005,-0.04724414764321534,4.773196702810193e-6,0.0021847646790467373,0.0006596443727203113,0.04724414764321534,-0.047088426110103436
1712,4.000000000000001,-0.04710944749860855,3.8800066640279366e-6,0.0019697732519322973,0.0073572017835040636,0.04710944749860855,-0.047065515177809186
1713,1.6000000000000005,-0.047008264208674606,2.3936262376537935e-5,0.004892469966850888,0.0034825095558566484,0.047008264208674606,-0.047111406715265175
1714,4.000000000000001,-0.04700836332609521,2.3507317597861253e-6,0.0015332096268241095,0.004359424733682866,0.04700836332609521,-0.04708179072722971
1715,1.6000000000000005,-0.04701699409662673,8.22379398711148e-6,0.0028677158135197917,0.0028143143776869126,0.04701699409662673,-0.047095692282158055
1716,4.000000000000001,-0.04706735885807625,1.3109759515226936e-6,0.0011449785812506247,0.0008117783130907239,0.04706735885807625,-0.04708496233791791
1717,10.000000000000002,-0.04709316168596096,3.8249406349453553e-7,0.0006184610444438159,0.0031888524542130303,0.04709316168596096,-0.04708253754231166
1718,4.000000000000001,-0.04707916412187804,6.224372497353098e-7,0.0007889469245363149,0.00446508468331582,0.04707916412187804,-0.04707863116741831
1719,1.6000000000000005,-0.04704919688336018,1.6158874614176327e-5,0.004019810270917811,0.0032258955794592634,0.04704919688336018,-0.047108578269308775
1720,4.000000000000001,-0.04705780282880811,1.679781659493093e-6,0.0012960639102656524,0.002131791173556783,0.04705780282880811,-0.047086363782034374
1721,1.6000000000000005,-0.04705525500886704,1.9285562618031788e-6,0.0013887246889874101,0.0007562954414822149,0.04705525500886704,-0.04707846993268942
1722,4.000000000000001,-0.04701050176158874,1.5308432834268781e-6,0.0012372725178499998,0.0032319168139116785,0.04701050176158874,-0.04707000436614226
1723,1.6000000000000005,-0.04707540918954491,2.6141301358614833e-5,0.005112856477412097,0.0026740451633681214,0.04707540918954491,-0.0471275032033003
1724,4.000000000000001,-0.047099364359983,1.4554510795327142e-6,0.0012064207721739187,0.0007648258954176789,0.047099364359983,-0.047084493528424386
1725,10.000000000000002,-0.047114299806463276,1.3406648883604558e-6,0.0011578708426938022,0.006829981161551353,0.047114299806463276,-0.04706586875031477
1726,4.000000000000001,-0.047109084732948024,1.0864715045233552e-5,0.0032961667198783424,0.0023522749204018195,0.047109084732948024,-0.047126269336464466
1727,10.000000000000002,-0.047067368120967235,6.873472833475707e-7,0.0008290641008677017,0.0037699470092687065,0.047067368120967235,-0.04708081546112339
1728,4.000000000000001,-0.04708265992409393,1.926029143950105e-6,0.0013878145207303837,0.002183189054952186,0.04708265992409393,-0.04708872946870922
1729,1.6000000000000005,-0.04704790354343184,1.9721177555846406e-6,0.001404321101310039,0.0009149164979510538,0.04704790354343184,-0.04707865775017266
1730,4.000000000000001,-0.04705004637331329,1.1181600902130659e-6,0.0010574308914596102,0.00423763955174048,0.04705004637331329,-0.047083214215232545
1731,1.6000000000000005,-0.04708455501920803,4.655998241283718e-6,0.002157776225952014,0.000847575228643406,0.04708455501920803,-0.04709193359006334
1732,4.000000000000001,-0.04712676159808058,1.579850999684307e-6,0.0012569212384570113,0.0049145039846892145,0.04712676159808058,-0.04707979040715972
1733,1.6000000000000005,-0.047125691782397144,5.922934382116527e-6,0.00243370794922409,0.0009266411737690232,0.047125691782397144,-0.04709218869057103
1734,4.000000000000001,-0.04712466596365847,1.4894152962209173e-6,0.0012204160340723638,0.005849862864512929,0.04712466596365847,-0.047078119404342644
1735,1.6000000000000005,-0.04706032113173511,6.953914735631632e-6,0.002637027632701567,0.0025520541828991496,0.04706032113173511,-0.04709435267314714
1736,4.000000000000001,-0.04706431768317146,1.5824280982818358e-6,0.0012579459838490028,0.0009497394815940264,0.04706431768317146,-0.047079248014233056
1737,10.000000000000002,-0.04706954008475268,2.9621707845342285e-7,0.0005442582828523814,0.002918999375570939,0.04706954008475268,-0.047084004936037586
1738,4.000000000000001,-0.04709190591266366,4.882291638928767e-7,0.0006987339721903299,0.0008500945633675727,0.04709190591266366,-0.04708463762469085
1739,10.000000000000002,-0.04708082654366591,1.3710262878189654e-7,0.0003702737214303718,0.00511045134849278,0.04708082654366591,-0.04708166389193655
1740,4.000000000000001,-0.04709627511177938,7.025366436154602e-7,0.0008381745901752571,0.0002631268309271996,0.04709627511177938,-0.04708533092443914
1741,10.000000000000002,-0.04710110623428891,1.0027775304859142e-7,0.0003166666276205805,0.003339750429052919,0.04710110623428891,-0.047081986945204296
1742,4.000000000000001,-0.04706953052993072,6.717701477568974e-7,0.0008196158537735208,0.0015539001552411363,0.04706953052993072,-0.04708563643760064
1743,1.6000000000000005,-0.047024894209905195,6.035273758285446e-7,0.0007768702438815279,0.00045043128759607304,0.047024894209905195,-0.04708254344622562
1744,4.000000000000001,-0.047039675851037833,4.160575061964634e-7,0.0006450251981097044,0.0030696769717620566,0.047039675851037833,-0.047080522618987125
1745,1.6000000000000005,-0.04711012283755219,5.09222123278025e-6,0.002256595052901661,0.002246513044340295,0.04711012283755219,-0.0470898956902274
1746,4.000000000000001,-0.04714659830039734,1.7475930160725787e-6,0.0013219655880818452,0.004046094869752066,0.04714659830039734,-0.04707988594664673
1747,1.6000000000000005,-0.047018464363095876,6.2439361790974695e-6,0.0024987869415173175,0.0006359152676118641,0.047018464363095876,-0.04709222867533856
1748,4.000000000000001,-0.04703977350866937,1.273938408027852e-6,0.0011286888003466022,0.0008398830978019904,0.04703977350866937,-0.04708309942088947
1749,10.000000000000002,-0.047063508166408266,2.1064398936509063e-7,0.000458959681633464,0.003559851434906234,0.047063508166408266,-0.04708339883005139
1750,4.000000000000001,-0.04707894624449624,9.838656135836333e-7,0.0009919000018064489,0.00027723597279808717,0.04707894624449624,-0.04708761915350443
1751,10.000000000000002,-0.04709095843388993,1.9572486703305086e-7,0.00044240803228812523,0.0027570881024248203,0.04709095843388993,-0.047082729719224885
1752,4.000000000000001,-0.04711165310445658,7.150829674269132e-7,0.0008456257845092669,0.0020541808337467106,0.04711165310445658,-0.047085099711314755
1753,1.6000000000000005,-0.04702824806891206,1.0002685754020664e-6,0.0010001342786856505,0.003235683846286746,0.04702824806891206,-0.04708243640057614
1754,0.6400000000000002,-0.04687604796219511,1.1216579959081894e-5,0.0033491162952459406,0.0022918026690890107,0.04687604796219511,-0.04709085205620291
1755,1.6000000000000005,-0.04707604910574949,2.2277541575836994e-6,0.0014925662992254982,0.002475035364074238,0.04707604910574949,-0.04708439497847939
1756,0.6400000000000002,-0.04710736561128104,4.462335038492164e-6,0.0021124239722395133,0.0023752855778939323,0.04710736561128104,-0.04708580475528151
1757,1.6000000000000005,-0.04693527410911675,3.848968289736428e-6,0.0019618787653003507,0.0077760959402578995,0.04693527410911675,-0.04707594679823276
1758,0.6400000000000002,-0.04736272506393155,2.9501610153003823e-5,0.005431538470176182,0.00047081807979381914,0.04736272506393155,-0.047103932612815765
1759,1.6000000000000005,-0.04716051179627086,1.0858067474274118e-6,0.0010420205119993616,0.0007772313796547145,0.04716051179627086,-0.047084969659177335
1760,4.000000000000001,-0.047043398443741724,6.11766582598418e-7,0.0007821550885843664,0.00442813176758416,0.047043398443741724,-0.047081609955134385
1761,1.6000000000000005,-0.047092064647660116,2.7661710201940152e-6,0.001663180994418231,0.0016795216474696794,0.047092064647660116,-0.04708627598560557
1762,4.000000000000001,-0.04715909359355922,6.712087377500367e-7,0.0008192732985701637,0.0012275579834257757,0.04715909359355922,-0.047080983128404204
1763,1.6000000000000005,-0.04704314008345183,3.7297423363784326e-6,0.0019312540838477036,0.0016880703291814736,0.04704314008345183,-0.04708844787091399
1764,4.000000000000001,-0.04708719801279276,2.0697427909019283e-7,0.0004549442593221645,0.0014431438083638082,0.04708719801279276,-0.04708394787536364
1765,1.6000000000000005,-0.047021852328400705,9.531585869771288e-7,0.0009762984108238264,0.0014738141848526926,0.047021852328400705,-0.04708523679877261
1766,0.6400000000000002,-0.046996433871733294,1.073948461730704e-6,0.0010363148468157271,0.002755836831383523,0.046996433871733294,-0.04708313054861248
1767,0.2560000000000001,-0.04731205477559899,1.4013313335826608e-5,0.0037434360333558,0.0019217379738381442,0.04731205477559899,-0.047087363860649295
1768,0.6400000000000002,-0.04719401726687076,1.169191851605893e-6,0.0010812917513816024,0.0004879547725606245,0.04719401726687076,-0.04708493475059364
1769,1.6000000000000005,-0.04715434239268594,4.7395235226162697e-7,0.0006884419745059325,0.0022966934106967464,0.04715434239268594,-0.047084132207418715
1770,0.6400000000000002,-0.04692077515692102,2.0316860833408325e-6,0.0014253722613201201,0.0007525575229184528,0.04692077515692102,-0.04708552874036708
1771,1.6000000000000005,-0.047061134310683074,3.8000577025856325e-7,0.0006164460805768525,0.0027282473230727093,0.047061134310683074,-0.04708392879019122
1772,0.6400000000000002,-0.04701087615085818,1.3023992267408273e-6,0.0011412270706309185,0.0021301288139740876,0.04701087615085818,-0.04708453089842103
1773,0.2560000000000001,-0.047017213069644785,1.226464229470052e-6,0.001107458454963459,0.0007709888693948855,0.047017213069644785,-0.04708353445812576
1774,0.6400000000000002,-0.04715941300472784,1.2611418214093493e-6,0.0011230057085381843,0.0025133388849107336,0.04715941300472784,-0.0470842810756054
1775,0.2560000000000001,-0.04716298460258593,1.0643826869457197e-6,0.001031689239522115,0.0007022003344391549,0.04716298460258593,-0.047083534743203335
1776,0.6400000000000002,-0.0470928648723013,8.086429763298444e-7,0.000899245781936087,0.0007203982004881605,0.0470928648723013,-0.04708431642943377
1777,1.6000000000000005,-0.04711601935091681,1.731636275935029e-7,0.000416129339981577,0.0008927331752546447,0.04711601935091681,-0.047083715024933824
1778,0.6400000000000002,-0.04695237024704288,1.6353093148738908e-6,0.001278792131221447,0.002018727500022831,0.04695237024704288,-0.04708453270261226
1779,0.2560000000000001,-0.04692205468172236,1.6039485533098125e-6,0.001266470905038806,0.0026328520002551602,0.04692205468172236,-0.04708311507853002
1780,0.10240000000000005,-0.04693522021039203,1.5311099412350567e-6,0.0012373802734952004,0.000826642751925741,0.04693522021039203,-0.047082776922498126
1781,0.2560000000000001,-0.04695183733594038,3.0476395413693047e-6,0.0017457489915131857,0.0006730950429079802,0.04695183733594038,-0.047082910013441386
1782,0.6400000000000002,-0.04695787340066023,1.149240247455673e-6,0.0010720262344997313,0.0005914301641566107,0.04695787340066023,-0.047081947863780664
1783,1.6000000000000005,-0.047082021559069286,1.0046979980847948e-6,0.0010023462466058298,0.0006957904309304482,0.047082021559069286,-0.04708468165369553
1784,4.000000000000001,-0.047073586253821686,1.465409871846966e-7,0.00038280672301397293,0.0005647132551159407,0.047073586253821686,-0.047083120796093746
1785,1.6000000000000005,-0.04716903729601079,2.26481990150781e-6,0.001504931859423479,0.001024919859362464,0.04716903729601079,-0.04708747748225546
1786,4.000000000000001,-0.04715420785592797,1.0399885452344063e-6,0.0010197982865421996,0.0009379476018545528,0.04715420785592797,-0.04708058520424813
1787,10.000000000000002,-0.04713220078683294,3.152986196181415e-7,0.0005615145764965871,0.003865345361368735,0.04713220078683294,-0.04708314443156329
1788,4.000000000000001,-0.04702799128797973,1.0370607313871366e-6,0.0010183617880631306,0.0014646361258814225,0.04702799128797973,-0.04708773533628064
1789,1.6000000000000005,-0.04693611501030729,9.035854814492437e-7,0.0009505711343446337,0.0023624514586379065,0.04693611501030729,-0.04708272969611244
1790,0.6400000000000002,-0.04674412287212335,1.0410033319033705e-5,0.0032264583243912675,0.0013749211495273355,0.04674412287212335,-0.04709089234123896
1791,1.6000000000000005,-0.04692034766006749,2.970815496882491e-6,0.0017236053773652747,0.0015118792728803796,0.04692034766006749,-0.04708348442511081
1792,4.000000000000001,-0.047035007721715844,9.792385396096444e-7,0.0009895648233489529,0.003956413888855637,0.047035007721715844,-0.047081436669386856
1793,1.6000000000000005,-0.04727237979924758,4.656389692884338e-6,0.002157866931227303,0.0024571645168978556,0.04727237979924758,-0.0470887539781334
1794,4.000000000000001,-0.04716572351018999,7.863351669417207e-7,0.0008867554155130493,0.0009638843248069561,0.04716572351018999,-0.04708154767851771
1795,10.000000000000002,-0.04711356392418706,1.563366976154614e-7,0.0003953943570860128,0.0015285496214394027,0.04711356392418706,-0.04708378214524651
1796,4.000000000000001,-0.04700539622667252,9.28874349531979e-7,0.0009637812768112789,0.0007849915806575259,0.04700539622667252,-0.04708730500788284
1797,10.000000000000002,-0.0470742495865859,2.582348528053699e-7,0.0005081681343860218,0.004243457136513918,0.0470742495865859,-0.04708155980485867
1798,4.000000000000001,-0.047049989279161104,1.0896662387855393e-6,0.001043870796021011,0.0003824419954565081,0.047049989279161104,-0.04708818491421838
1799,10.000000000000002,-0.04705013109060808,8.013953854602779e-7,0.0008952068953377637,0.004585279287022817,0.04705013109060808,-0.04707563586090215
1800,4.000000000000001,-0.04712891545549363,4.311692630311803e-6,0.002076461564853008,0.00168006019160163,0.04712891545549363,-0.04710075445816945
1801,10.000000000000002,-0.047187724695450496,3.9680238362777815e-6,0.001991989918718913,0.00938723628579554,0.047187724695450496,-0.04704373456981372
1802,4.000000000000001,-0.04691243020597906,2.143020402428842e-5,0.0046292768359959225,0.0031491989862031844,0.04691243020597906,-0.04717201717680951
1803,10.000000000000002,-0.04690442258345846,2.004475643999095e-5,0.004477137080768351,0.025116859275864604,0.04690442258345846,-0.04688614675063281
1804,4.000000000000001,-0.0472177696131231,0.0001143441821399439,0.010693183910320812,0.0018833057348149529,0.0472177696131231,-0.047551225871976875
1805,10.000000000000002,-0.04716854152505313,8.266407024226496e-7,0.0009091978345897276,0.006110932081545809,0.04716854152505313,-0.047081878997963844
1806,4.000000000000001,-0.047120928667744096,2.0645341081523863e-6,0.0014368486726695983,0.0005035639478732186,0.047120928667744096,-0.047091540522033036
1807,10.000000000000002,-0.04708812611000503,2.599295991842202e-7,0.0005098329130060359,0.0022443880895035772,0.04708812611000503,-0.04708236344170084
1808,4.000000000000001,-0.04706945633877865,8.954042216938289e-7,0.0009462580101081464,0.0015760711469306392,0.04706945633877865,-0.04708654825571993
1809,1.6000000000000005,-0.04709822783025945,8.675476717581484e-7,0.0009314223916989264,0.0006390478042037207,0.04709822783025945,-0.0470819220077349
1810,4.000000000000001,-0.0470942041635386,4.1232486882145986e-7,0.0006421252750215178,0.0007612051205244633,0.0470942041635386,-0.04708418335171895
1811,10.000000000000002,-0.04707599289691995,1.3972205365738525e-7,0.0003737941327219908,0.0032495546780673106,0.04707599289691995,-0.047082313918464035
1812,4.000000000000001,-0.04708538725655451,7.616855481543869e-7,0.0008727459814598901,0.0011271964274681453,0.04708538725655451,-0.0470858465296308
1813,1.6000000000000005,-0.04712269354552638,6.567989290549394e-7,0.0008104313228490983,0.0004039869810899108,0.04712269354552638,-0.04708205032771051
1814,4.000000000000001,-0.04710850109223157,5.779460314370893e-7,0.0007602276181756944,0.0028843074470602348,0.04710850109223157,-0.04707891048851407
1815,1.6000000000000005,-0.04705431731985267,7.642774630580765e-6,0.0027645568597120165,0.0011773248206921705,0.04705431731985267,-0.04709591194477415
1816,4.000000000000001,-0.047046506793627214,3.3499877481998223e-7,0.0005787907867442106,0.001537373748553189,0.047046506793627214,-0.047083502555813964
1817,1.6000000000000005,-0.04705802968696528,7.547055410434756e-7,0.0008687379012357384,0.0010381840204651824,0.04705802968696528,-0.04708429465410685
1818,4.000000000000001,-0.047061626482847764,1.713453029801862e-7,0.00041393876718687054,0.00047430459404610884,0.047061626482847764,-0.04708306320571602
1819,10.000000000000002,-0.0470717857119104,6.74956697039601e-8,0.00025979928734305664,0.0015557240649081725,0.0470717857119104,-0.04708298766196732
1820,4.000000000000001,-0.04709189102559659,5.395792499634081e-7,0.0007345605829088627,0.0006420737239593261,0.04709189102559659,-0.04708545257614015
1821,10.000000000000002,-0.04708920034117146,5.112083467873418e-7,0.0007149883543019017,0.0010525740731593821,0.04708920034117146,-0.04707820189479149
1822,4.000000000000001,-0.047081916223712,2.9205878945193167e-6,0.001708972760028467,0.002824519468292364,0.047081916223712,-0.0470936759926833
1823,1.6000000000000005,-0.047123804969160785,3.0003368613842278e-6,0.0017321480483446638,0.0007643732588905946,0.047123804969160785,-0.04707814779877588
1824,4.000000000000001,-0.047087123848219926,2.7923070677183486e-6,0.0016710197687993845,0.0014241362294016555,0.047087123848219926,-0.047062234667996763
1825,10.000000000000002,-0.04711039242882328,1.2200792103068268e-6,0.0011045719579578447,0.004338591755767928,0.04711039242882328,-0.04708950299690033
1826,4.000000000000001,-0.04705274890996266,1.4869637849378178e-6,0.001219411245207218,0.0029231640984293448,0.04705274890996266,-0.04708816756199643
1827,1.6000000000000005,-0.047049336823924384,1.6209265484300276e-6,0.0012731561367051677,0.0010295075344212519,0.047049336823924384,-0.0470809544973255
1828,4.000000000000001,-0.04698119005158515,7.355694878173298e-7,0.0008576534777037459,0.000715531817219958,0.04698119005158515,-0.047084945210798694
1829,10.000000000000002,-0.047056160244091635,1.607000122751348e-7,0.000400874060367012,0.002654114709059851,0.047056160244091635,-0.047082924849749505
1830,4.000000000000001,-0.0471465522992518,8.135535085703812e-7,0.000901972010968401,0.0003929998870395106,0.0471465522992518,-0.047086653613333154
1831,10.000000000000002,-0.04713061526391541,1.583919910509245e-7,0.0003979849130946103,0.0030642172008382017,0.04713061526391541,-0.04708211925742973
1832,4.000000000000001,-0.04709729791535927,4.880001845611377e-7,0.0006985700999621567,0.0025173405388232146,0.04709729791535927,-0.04708308451127153
1833,1.6000000000000005,-0.046985743762435986,4.65812574417902e-6,0.002158269154711483,0.0005150383865455107,0.046985743762435986,-0.04709087298797758
1834,4.000000000000001,-0.046996087925815326,1.2969087824433367e-6,0.0011388190297160197,0.0008425432247665097,0.046996087925815326,-0.047080091755874603
1835,10.000000000000002,-0.04705897164415717,3.394324767628067e-7,0.0005826083390776403,0.0031863199635013073,0.04705897164415717,-0.047081591107856764
1836,4.000000000000001,-0.04710605483792392,1.1117465668214922e-6,0.0010543939334145907,0.0033607198081362847,0.04710605483792392,-0.04708674045224326
1837,1.6000000000000005,-0.04712054263768054,1.7087050900648131e-6,0.001307174468104703,0.0012644572069891152,0.04712054263768054,-0.0470867467646198
1838,4.000000000000001,-0.04706767676627593,5.110019158516883e-7,0.0007148439800765537,0.005338210862841942,0.04706767676627593,-0.04708280883111317
1839,1.6000000000000005,-0.04718950437602744,2.1850645450903463e-6,0.0014781963824507035,0.001647618112528191,0.04718950437602744,-0.04708750195460776
1840,4.000000000000001,-0.0471298285139223,4.2006065491530905e-7,0.0006481208644344888,0.0007684087169747464,0.0471298285139223,-0.047083596619354136
1841,10.000000000000002,-0.047092558187650874,1.7268585776903744e-7,0.0004155548793709893,0.0032196865510210238,0.047092558187650874,-0.047082483848117924
1842,4.000000000000001,-0.04705382491029176,9.684825663875667e-7,0.000984115118463062,0.0008512968180456246,0.04705382491029176,-0.0470874364191238
1843,10.000000000000002,-0.04706112305211453,2.3338910446779563e-7,0.00048310361669914626,0.004407106692325046,0.04706112305211453,-0.0470814529253441
1844,4.000000000000001,-0.047094020452627165,1.2821056697158014e-6,0.0011323010508322428,0.0007775247849629613,0.047094020452627165,-0.04708833326436015
1845,10.000000000000002,-0.047108310599102164,4.541931960893282e-7,0.0006739385699671211,0.005025615404169202,0.047108310599102164,-0.04707918135914353
1846,4.000000000000001,-0.04707703611553893,2.3797460214060755e-6,0.001542642544922859,0.00048279802055384893,0.04707703611553893,-0.04709356124238778
1847,10.000000000000002,-0.04704459601087457,3.368804202611317e-7,0.0005804140076369037,0.002346861704232261,0.04704459601087457,-0.04708094563241247
1848,4.000000000000001,-0.047095686647157506,1.5197717296380768e-6,0.00123279022126154,0.0005477074736125209,0.047095686647157506,-0.04709042102877863
1849,10.000000000000002,-0.047086103005845696,5.29333356070621e-7,0.0007275529919329732,0.006800088739699484,0.047086103005845696,-0.04707875209722717
1850,4.000000000000001,-0.04710621817429805,2.6402421713828796e-6,0.001624882202309718,0.002333796361065996,0.04710621817429805,-0.04709440064081242
1851,1.6000000000000005,-0.04710303616129534,2.539201612547942e-6,0.0015934872489442586,0.000826631645682622,0.04710303616129534,-0.04708001074291102
1852,4.000000000000001,-0.04710020504786825,1.2569532244072798e-6,0.0011211392529062926,0.0032566061854881942,0.04710020504786825,-0.04708005394406638
1853,1.6000000000000005,-0.04707127596037452,6.916136805817669e-6,0.002629854902046436,0.0004379507594436789,0.04707127596037452,-0.04709529909143963
1854,4.000000000000001,-0.04712690010699715,2.211436892185996e-6,0.0014870900753437889,0.002388306179962553,0.04712690010699715,-0.04707803170202687
1855,1.6000000000000005,-0.047068134807304214,8.15644123716445e-6,0.002855948395395906,0.0005528570975212076,0.047068134807304214,-0.0470979300131283
1856,4.000000000000001,-0.04701667997824836,3.426773194301188e-6,0.0018511545571078575,0.005414325149186257,0.04701667997824836,-0.0470723589327123
1857,1.6000000000000005,-0.04688695656263162,7.524457090454623e-6,0.002743074386606135,0.009835146281810972,0.04688695656263162,-0.04705321487896901
1858,0.6400000000000002,-0.047241732856071215,2.3551990590443584e-5,0.004853039314743245,0.009014739081091922,0.047241732856071215,-0.047067920037306275
1859,0.2560000000000001,-0.047473000524394016,0.003279783645485695,0.0572693953651136,0.007923084475174987,0.047473000524394016,-0.04781863694275087
1860,0.6400000000000002,-0.047449519837486964,0.0001521623591734793,0.012335410782518728,0.0042083412256079,0.047449519837486964,-0.04713377187783052
1861,1.6000000000000005,-0.04706678609285566,2.9313509916263658e-5,0.00541419522332393,0.006918951951062981,0.04706678609285566,-0.04703443544842578
1862,0.6400000000000002,-0.04700484507060271,9.556695322660892e-5,0.009775835167729095,0.0061388550920304895,0.04700484507060271,-0.047076032257511204
1863,1.6000000000000005,-0.04707859360464197,4.382722071274844e-5,0.006620213041341527,0.0029414478060966784,0.04707859360464197,-0.047134051304841246
1864,4.000000000000001,-0.047132469555569566,4.485403191705002e-6,0.0021178770482974223,0.0010295005750401687,0.047132469555569566,-0.047076636401335276
1865,10.000000000000002,-0.047084411945303765,1.6633476619661298e-6,0.00128970836314499,0.0063921848753085925,0.047084411945303765,-0.04705963091164477
1866,4.000000000000001,-0.04709329479553565,9.179152854773668e-6,0.0030297116784891707,0.004930207534306045,0.04709329479553565,-0.0471097000925326
1867,1.6000000000000005,-0.04715115018672843,1.0056204025115457e-5,0.00317115184516848,0.0031327785492100187,0.04715115018672843,-0.04707211840622638
1868,4.000000000000001,-0.047142919787803786,3.9672537882049055e-6,0.00199179662320351,0.0027148048023934892,0.047142919787803786,-0.04708799467004624
1869,1.6000000000000005,-0.046914328651685,5.385926960318381e-6,0.002320759996276733,0.0034541893426817084,0.046914328651685,-0.047075354801357674
1870,0.6400000000000002,-0.046803647543203875,1.4700994118250001e-5,0.0038341875434373318,0.0035442053714071727,0.046803647543203875,-0.04708004008877717
1871,1.6000000000000005,-0.0468451976190918,2.302543472969986e-6,0.0015174134153123815,0.0024455756467254325,0.0468451976190918,-0.04707713682112414
1872,0.6400000000000002,-0.046860420402628146,2.290825300207716e-6,0.0015135472573420744,0.0007571835510919667,0.046860420402628146,-0.04707218382990819
1873,1.6000000000000005,-0.046857540002651556,2.152336618985279e-6,0.0014670843939546489,0.0038617320204361208,0.046857540002651556,-0.047067102182666166
1874,0.6400000000000002,-0.046869180473980906,2.1490921083429086e-6,0.001465978208686237,0.0013158100864429515,0.046869180473980906,-0.04706281051022538
1875,1.6000000000000005,-0.04748646281681406,1.2984095925612136e-5,0.0036033451022087983,0.0038941601800949106,0.04748646281681406,-0.047095963283450004
1876,4.000000000000001,-0.04725423064974106,2.253192701930077e-6,0.0015010638567129904,0.0020195714434625,0.04725423064974106,-0.047080845822473225
1877,1.6000000000000005,-0.047174069838239775,4.210159277976101e-6,0.0020518672661690622,0.0023812946805594408,0.047174069838239775,-0.04708131268649336
1878,4.000000000000001,-0.04713854181851727,1.0166809153415248e-6,0.0010083059631587651,0.0010710899936311011,0.04713854181851727,-0.04707882681875828
1879,10.000000000000002,-0.047112122898707885,4.876522060148517e-7,0.0006983209906732375,0.004983029309762161,0.047112122898707885,-0.047074670029407906
1880,4.000000000000001,-0.04695678258646975,3.4587115794384757e-6,0.0018597611619341006,0.004392505673407308,0.04695678258646975,-0.04708909797006639
1881,1.6000000000000005,-0.04691911842955518,5.997709348924616e-6,0.0024490221209545284,0.003485099759802417,0.04691911842955518,-0.04709210055044072
1882,0.6400000000000002,-0.04691687434810293,5.771764842639937e-6,0.002402449758608895,0.0012266153023953793,0.04691687434810293,-0.047079217767974316
1883,1.6000000000000005,-0.04700435643362914,4.448216774630444e-6,0.0021090796036732336,0.0007347453769087135,0.04700435643362914,-0.04708777151800952
1884,4.000000000000001,-0.047044691831862696,9.384757800237603e-7,0.0009687495961412115,0.0007259282764471709,0.047044691831862696,-0.04708261725700353
1885,10.000000000000002,-0.04701890193343036,5.868541096835595e-7,0.0007660640375866495,0.004810620664661461,0.04701890193343036,-0.04707639372184009
1886,4.000000000000001,-0.047159705772575986,5.358630204801635e-6,0.002314871530949749,0.002091507472343665,0.047159705772575986,-0.047103791580829515
1887,10.000000000000002,-0.04711916379363774,5.36633675383122e-6,0.0023165355067063446,0.014686590266781579,0.04711916379363774,-0.047028837600783864
1888,4.000000000000001,-0.04713613688124167,3.315203468540632e-5,0.005757780360990363,0.0031087304603957915,0.04713613688124167,-0.04721542406345746
1889,10.000000000000002,-0.04711494930623684,1.07275301695829e-6,0.001035737909395176,0.009251097034044264,0.04711494930623684,-0.04707941204866845
1890,4.000000000000001,-0.047065521358316084,3.4321400082893507e-6,0.0018526035755901343,0.004649382418383647,0.047065521358316084,-0.047089368106653914
1891,1.6000000000000005,-0.04693142128543219,3.861242773809007e-6,0.0019650045225925073,0.0010771517472451969,0.04693142128543219,-0.047089580227585935
1892,4.000000000000001,-0.0470726845014307,1.3299631477639784e-6,0.0011532402818857734,0.007492073516704414,0.0470726845014307,-0.047078878105438066
1893,1.6000000000000005,-0.04700586128538994,2.430239102971519e-6,0.0015589224172393953,0.005067288563646965,0.04700586128538994,-0.04708068857423412
1894,0.6400000000000002,-0.047174514617736085,3.386070827189304e-5,0.005818995469313672,0.001753311604236789,0.047174514617736085,-0.04710437434079243
1895,1.6000000000000005,-0.047070852243099225,2.228688058826378e-6,0.001492879117285247,0.0017748365072360836,0.047070852243099225,-0.04708881445031511
1896,4.000000000000001,-0.047095624996476806,1.0402280074470365e-6,0.0010199156864403236,0.000964321950848457,0.047095624996476806,-0.04708358969090506
1897,10.000000000000002,-0.047103573715448925,5.094339618150075e-7,0.0007137464268316918,0.004301310606081175,0.047103573715448925,-0.04708023835540734
1898,4.000000000000001,-0.047078636829109045,1.6251751037685083e-6,0.001274823557896742,0.004176430703214755,0.047078636829109045,-0.04708446240967306
1899,1.6000000000000005,-0.046963889872758326,3.1072192930393253e-6,0.0017627306354174835,0.002730929166652038,0.046963889872758326,-0.047086999010955775
1900,0.6400000000000002,-0.047194380498608926,4.310810493898102e-6,0.0020762491406134532,0.0014426936936070814,0.047194380498608926,-0.04708622431093913
1901,1.6000000000000005,-0.04703238960582531,8.594587753137493e-7,0.0009270699948298129,0.0004984169043797525,0.04703238960582531,-0.047084354845702454
1902,4.000000000000001,-0.04704002919831426,4.3505088858060806e-7,0.0006595838753188317,0.0017540738017627745,0.04704002919831426,-0.04708368018193168
1903,1.6000000000000005,-0.047010623167363576,1.2741583595724338e-6,0.001128786232894623,0.0021086827167526036,0.047010623167363576,-0.047084792578562434
1904,0.6400000000000002,-0.047004627330480775,1.2349836277561785e-6,0.0011112981722994862,0.0030473133603449993,0.047004627330480775,-0.047081987180269694
1905,0.2560000000000001,-0.046939310317342844,0.0026639948098009843,0.05161390132319959,0.00763042080747233,0.046939310317342844,-0.04761007138090298
1906,0.6400000000000002,-0.046964719225451826,0.00018287364090050601,0.013523078085277257,0.00675614915266971,0.046964719225451826,-0.04712834085323255
1907,1.6000000000000005,-0.0470124033079916,3.076637634958869e-5,0.005546744662375282,0.0037202198192610655,0.0470124033079916,-0.04707207210547559
1908,4.000000000000001,-0.04710591242541285,7.065111169089263e-6,0.002658027684033645,0.004284035138230015,0.04710591242541285,-0.04705799088475051
1909,1.6000000000000005,-0.04702609706509768,8.187870101598866e-6,0.0028614454566877326,0.004521841678829648,0.04702609706509768,-0.04702648972528698
1910,0.6400000000000002,-0.04689237282192229,9.504007365936668e-6,0.0030828570135406326,0.005017971300217819,0.04689237282192229,-0.047013911608040686
1911,0.2560000000000001,-0.046788854777922884,0.0005441592484641011,0.023327221190362582,0.008504818398357223,0.046788854777922884,-0.047164050368268984
1912,0.6400000000000002,-0.04698840383900193,8.696002753015064e-5,0.009325236057610051,0.0027094088059981467,0.04698840383900193,-0.04714272048033397
1913,1.6000000000000005,-0.04716103823762681,2.8838738629186423e-5,0.005370171191795139,0.005692898031992605,0.04716103823762681,-0.04706756304243419
1914,4.000000000000001,-0.04705989709275476,1.3157390753742348e-5,0.0036273117806086574,0.012194328948438462,0.04705989709275476,-0.0470123656109526
1915,1.6000000000000005,-0.047042277730177974,0.00012689750897308192,0.011264879447782915,0.004130140359511991,0.047042277730177974,-0.04727669171615076
1916,4.000000000000001,-0.04711786887353934,6.427100579916436e-6,0.0025351726923261925,0.004146595870832178,0.04711786887353934,-0.047084354557799336
1917,1.6000000000000005,-0.047126376769199535,1.3253782997499788e-5,0.003640574542225415,0.003551207855001174,0.047126376769199535,-0.047088000920136285
1918,4.000000000000001,-0.04709116447930274,3.922997465844858e-6,0.0019806558171082773,0.003929014853829281,0.04709116447930274,-0.04706941003692949
1919,1.6000000000000005,-0.047003344334554734,1.1358048790935742e-5,0.0033701704394489816,0.0032289493391604467,0.047003344334554734,-0.04707998736286892
1920,4.000000000000001,-0.04717997099537067,2.917821808067626e-6,0.0017081632849548153,0.004685490853472198,0.04717997099537067,-0.04706280508190817
1921,1.6000000000000005,-0.04696781773848809,1.2192178675473124e-5,0.0034917300404631976,0.0025744137770681943,0.04696781773848809,-0.04708380638099192
1922,4.000000000000001,-0.04704117725646569,1.6253235817329785e-6,0.0012748817912783047,0.0035408095390226124,0.04704117725646569,-0.04707167046414948
1923,1.6000000000000005,-0.047101845344830987,4.915203796800128e-6,0.0022170258899706446,0.003077136420839056,0.047101845344830987,-0.04707772222471382
1924,0.6400000000000002,-0.04698297208882017,1.4197242411858229e-5,0.0037679228245623914,0.0023526835616196756,0.04698297208882017,-0.04708553408101701
1925,1.6000000000000005,-0.047120283901385465,1.5230524501752604e-6,0.0012341201117295109,0.001594826911916349,0.047120283901385465,-0.0470856731727162
1926,0.6400000000000002,-0.04714063882602816,1.515608963642902e-6,0.0012311007122258121,0.0021344672213176796,0.04714063882602816,-0.047082285026586304
1927,0.2560000000000001,-0.04712421102949726,1.4665434430225846e-6,0.0012110092662827089,0.0006880140115584488,0.04712421102949726,-0.047081104120841585
1928,0.6400000000000002,-0.04716145282153856,1.4100770725908797e-6,0.001187466661675552,0.00425734842270283,0.04716145282153856,-0.047079841073718515
1929,0.2560000000000001,-0.04791761591569463,0.000335558170115019,0.01831824691707749,0.006325050351726107,0.04791761591569463,-0.047143738445904824
1930,0.6400000000000002,-0.047325208970143265,4.6530327480011475e-5,0.006821314204756403,0.0006062469869463961,0.047325208970143265,-0.047151670311142924
1931,1.6000000000000005,-0.04698059279910402,1.3017437502637111e-5,0.003607968611647988,0.0021045702915787074,0.04698059279910402,-0.04711117807827155
1932,4.000000000000001,-0.04683819896523745,1.2357931589273971e-5,0.0035153849845036846,0.006352720578745361,0.04683819896523745,-0.04704150797282086
1933,1.6000000000000005,-0.04699173096703745,8.13262762343273e-5,0.009018108240331078,0.004448649452113025,0.04699173096703745,-0.0471768568429868
1934,4.000000000000001,-0.04710274966992469,9.17531232600133e-6,0.0030290778012460047,0.004939030283951777,0.04710274966992469,-0.047068774397233615
1935,1.6000000000000005,-0.04731623425425243,2.950796657829035e-5,0.005432123579070192,0.002838467108521471,0.04731623425425243,-0.047112855095915576
1936,4.000000000000001,-0.047218799898389084,6.159091480075447e-6,0.0024817516958945446,0.004750525040231105,0.047218799898389084,-0.04706951544336788
1937,1.6000000000000005,-0.04693935101129962,2.414046400937926e-5,0.004913294618621934,0.004567538065599782,0.04693935101129962,-0.04710916816924859
1938,4.000000000000001,-0.04704444562810664,3.7627329731474588e-6,0.0019397765265997675,0.0011492472123549266,0.04704444562810664,-0.04708443295710506
1939,10.000000000000002,-0.04709781567539155,3.7543350536103527e-6,0.001937610655836294,0.01338171140399361,0.04709781567539155,-0.04703180070816056
1940,4.000000000000001,-0.047082443080432676,2.0442529755313776e-5,0.004521341587992857,0.007450380095147259,0.047082443080432676,-0.04712841579458209
1941,1.6000000000000005,-0.04714432112307794,8.120278309216764e-5,0.009011258685231916,0.00481300687879877,0.04714432112307794,-0.047197849015585304
1942,4.000000000000001,-0.04710570091799251,9.27353447173209e-6,0.003045247850624328,0.006238450151491645,0.04710570091799251,-0.047084084112628495
1943,1.6000000000000005,-0.046850054270208934,2.0121903034076565e-5,0.0044857444236243065,0.003333420564211932,0.046850054270208934,-0.047109535533512964
1944,4.000000000000001,-0.046956426308154796,3.0106693909085584e-6,0.0017351280618180776,0.004457863125082017,0.046956426308154796,-0.04707854154079746
1945,1.6000000000000005,-0.04710275192833123,5.636184644566164e-6,0.002374065004284037,0.0026499722298277363,0.04710275192833123,-0.047074439804933886
1946,4.000000000000001,-0.04710646905915297,2.1999431692698335e-6,0.0014832205396601793,0.003106666259420084,0.04710646905915297,-0.0470632416281886
1947,1.6000000000000005,-0.047066321170292,3.4215517668739107e-6,0.0018497437030231812,0.0025611121652655187,0.047066321170292,-0.047057051255344144
1948,0.6400000000000002,-0.047552531762670915,0.00022046839789216082,0.014848178268466499,0.003938688344753924,0.047552531762670915,-0.04722632684924995
1949,1.6000000000000005,-0.047338390947395684,4.829810138897359e-5,0.0069496835459590236,0.004293674709994979,0.047338390947395684,-0.04710453017223598
1950,4.000000000000001,-0.04707564227862902,8.449097202933851e-6,0.002906733080785687,0.003593066147532391,0.04707564227862902,-0.04707813456229794
1951,10.000000000000002,-0.04709154963624046,2.9723584565822447e-6,0.0017240529158300928,0.005665929118440013,0.04709154963624046,-0.04704590831102836
1952,4.000000000000001,-0.04699377031172697,6.654706278983402e-6,0.0025796717386100507,0.0038030508984597433,0.04699377031172697,-0.047050952387886986
1953,1.6000000000000005,-0.047091218590250054,1.145597732809767e-5,0.0033846679790043915,0.005311298101532267,0.047091218590250054,-0.04704756312297058
1954,0.6400000000000002,-0.04692613471105406,0.000717501368076802,0.026786216008925223,0.0035773967522093335,0.04692613471105406,-0.04760638547021837
1955,1.6000000000000005,-0.04714350044195592,7.870603957828787e-5,0.00887164243972264,0.00499162972485013,0.04714350044195592,-0.0470998196725053
1956,4.000000000000001,-0.046990408346790795,4.48134076240096e-5,0.006694281710834225,0.011114576240363267,0.046990408346790795,-0.046841122621544294
1957,1.6000000000000005,-0.04661524540822293,7.699331180289142e-5,0.00877458328371732,0.008646559926875656,0.04661524540822293,-0.046745849383256745
1958,4.000000000000001,-0.04693682423428948,6.393922179622249e-5,0.007996200459982384,0.007660464337503453,0.04693682423428948,-0.04729315576435994
1959,10.000000000000002,-0.04710770693518713,1.622240621416141e-5,0.0040277048320552745,0.01594124014535377,0.04710770693518713,-0.04692860835086917
1960,4.000000000000001,-0.04708854270104268,4.969733144147707e-5,0.007049633426035503,0.0153943759542506,0.04708854270104268,-0.0471071253819809
1961,1.6000000000000005,-0.04711504931857998,0.00010221728259652801,0.01011025630716294,0.007899275833833628,0.04711504931857998,-0.047289461384037036
1962,4.000000000000001,-0.04705851665965663,1.4192752624232141e-5,0.0037673269866355034,0.006412647322749611,0.04705851665965663,-0.047163043188853185
1963,1.6000000000000005,-0.047402938178097744,7.287682034088619e-5,0.0085367921575312,0.005484573957124736,0.047402938178097744,-0.04722133025466753
1964,4.000000000000001,-0.04724508430301333,2.155774377008012e-5,0.0046430317433849315,0.007037517497671205,0.04724508430301333,-0.04706931137682682
1965,1.6000000000000005,-0.04681668109679217,6.0076546554067763e-5,0.0077509061763169195,0.004145973263140778,0.04681668109679217,-0.047142665909347056
1966,4.000000000000001,-0.046904413605370225,6.717252440340657e-6,0.002591766278108552,0.0056475809024505936,0.046904413605370225,-0.04707565130916167
1967,1.6000000000000005,-0.047198648576444756,1.0622966461696125e-5,0.0032592892571381457,0.003889623641868455,0.047198648576444756,-0.047060660844375005
1968,4.000000000000001,-0.047171678775136124,4.05080510323135e-6,0.002012661199315809,0.006509301200547571,0.047171678775136124,-0.04704286230464322
1969,1.6000000000000005,-0.046974677788067666,5.3848069590246235e-5,0.007338124391848794,0.005303417600899519,0.046974677788067666,-0.04717874848479981
1970,4.000000000000001,-0.04694849208849749,1.3187138061476017e-5,0.0036314099274904255,0.0062401219289930044,0.04694849208849749,-0.047070529973484196
1971,1.6000000000000005,-0.04698241688204123,3.214171986509904e-5,0.005669366795780551,0.003766719310342349,0.04698241688204123,-0.04712435690713678
1972,4.000000000000001,-0.046781798769885106,1.1831097825121602e-5,0.0034396362925637356,0.009247924876945977,0.046781798769885106,-0.047040181555706405
1973,1.6000000000000005,-0.04736046819703112,5.0138196349985126e-5,0.007080833026557336,0.0011614198552663542,0.04736046819703112,-0.04716485113083411
1974,4.000000000000001,-0.04735653628151006,5.109744483558776e-6,0.0022604743934755765,0.0019711996347026904,0.04735653628151006,-0.04707917819623983
1975,10.000000000000002,-0.04720151671227102,1.901454944926814e-6,0.0013789325382072954,0.010117628079732157,0.04720151671227102,-0.04705737236115336
1976,4.000000000000001,-0.04692351669663323,1.1629061255118037e-5,0.0034101409435854753,0.003669347680362776,0.04692351669663323,-0.04712052422074365
1977,10.000000000000002,-0.04695338898819931,9.571261855055187e-6,0.003093745602834077,0.012827318515411853,0.04695338898819931,-0.04697735925602414
1978,4.000000000000001,-0.047214026540007184,5.268353548308613e-5,0.007258342474910241,0.005585495939461193,0.047214026540007184,-0.04730591952536141
1979,10.000000000000002,-0.04707810108948955,5.040038507566055e-6,0.002245003008364589,0.013468866307837626,0.04707810108948955,-0.04705784201602525
1980,4.000000000000001,-0.04704026933095982,1.4609340772054252e-5,0.003822216735358456,0.006228748273544181,0.04704026933095982,-0.04712324539210515
1981,1.6000000000000005,-0.04706938352579366,1.7209932832632862e-5,0.004148485607138207,0.004089894997748731,0.04706938352579366,-0.04711627343917628
1982,4.000000000000001,-0.047065968724166476,5.40491807272306e-6,0.0023248479676578984,0.005273146765146644,0.047065968724166476,-0.04707954460103036
1983,1.6000000000000005,-0.04691593049838472,1.4201252556673486e-5,0.003768454929632765,0.0031757358617628376,0.04691593049838472,-0.04709765132616774
1984,4.000000000000001,-0.047039023993695805,3.3468864956972694e-6,0.0018294497794958105,0.0013437595046405513,0.047039023993695805,-0.04707516570047155
1985,10.000000000000002,-0.047104869304492696,8.676918381675097e-7,0.0009314997789412028,0.007783090279083337,0.047104869304492696,-0.04707847244849531
1986,4.000000000000001,-0.047148677906038015,2.4141586185910284e-6,0.001553756293178254,0.002706386458864373,0.047148677906038015,-0.047085964623153606
1987,1.6000000000000005,-0.04722767646790626,2.1987652395457584e-6,0.001482823401334683,0.0010104802256864255,0.04722767646790626,-0.04707341382477383
1988,4.000000000000001,-0.04714471274269844,1.3605073839678865e-6,0.0011664078977647084,0.0011513597128569772,0.04714471274269844,-0.04708355938116437
1989,10.000000000000002,-0.047054425202514814,4.550222097283387e-7,0.0006745533409066616,0.007264803225865309,0.047054425202514814,-0.04707655674353305
1990,4.000000000000001,-0.04701147527628831,6.620926704606799e-6,0.0025731161467385803,0.0024289555565887183,0.04701147527628831,-0.04710848498618043
1991,10.000000000000002,-0.04699381623528919,1.0401854808723218e-6,0.0010198948381437774,0.001419138240639114,0.04699381623528919,-0.047080605485014505
1992,4.000000000000001,-0.047196524959215794,2.9181125104368343e-6,0.0017082483749258578,0.004365890515972182,0.047196524959215794,-0.04708625998481281
1993,1.6000000000000005,-0.0473157650688583,4.193714179938159e-6,0.0020478559958986764,0.005099553908048572,0.0473157650688583,-0.04708023093928853
1994,0.6400000000000002,-0.047050707946546214,1.0297735308149867e-5,0.0032090084618383087,0.003606217760410375,0.047050707946546214,-0.04708580357403724
1995,1.6000000000000005,-0.04701268402148936,9.349615719221165e-6,0.0030577141330119734,0.012164207311027561,0.04701268402148936,-0.04706275804341062
1996,0.6400000000000002,-0.04740944888818688,5.8618469755373896e-5,0.007656269963590227,0.00593070755607044,0.04740944888818688,-0.04711458710004103
1997,1.6000000000000005,-0.04721521481025498,2.1294820312427506e-6,0.0014592744879709063,0.0018172460333862957,0.04721521481025498,-0.04707897280895669
1998,4.000000000000001,-0.0471308372071562,8.480419818015626e-7,0.0009208919490372161,0.0010593182250646658,0.0471308372071562,-0.04707460300903454
1999,10.000000000000002,-0.047092702128089484,5.383854826321476e-7,0.0007337475605629961,0.0033981151676285466,0.047092702128089484,-0.047077028032452534
2000,4.000000000000001,-0.04701000009979412,6.707605344752653e-6,0.0025899045049485227,0.0039951704661849744,0.04701000009979412,-0.04710655810080464
2001,1.6000000000000005,-0.04708686262405851,6.83079096372515e-6,0.002613578191622579,0.001130240056718249,0.04708686262405851,-0.047070638715877154
2002,4.000000000000001,-0.04701236453552322,5.277564093444689e-6,0.0022972949513383537,0.007549556100209895,0.04701236453552322,-0.04705885737461785
2003,1.6000000000000005,-0.04686692432022778,1.0977978375128853e-5,0.003313303242253696,0.006864901302638355,0.04686692432022778,-0.04705500853564021
2004,0.6400000000000002,-0.046956880062775715,1.532413723005622e-5,0.003914605628930738,0.009101088023116287,0.046956880062775715,-0.04703676014930573
2005,0.2560000000000001,-0.04828545164735116,0.0019538413389071146,0.04420227753076887,0.00734691106442195,0.04828545164735116,-0.04761132576533184
2006,0.6400000000000002,-0.048642409592689416,0.0005054336428683744,0.02248185141104652,0.016223397009189885,0.048642409592689416,-0.04690826174179964
2007,1.6000000000000005,-0.04744156691890503,8.401177632173418e-5,0.009165793818417157,0.004541580194694939,0.04744156691890503,-0.04716683046920265
2008,4.000000000000001,-0.04700951533460976,1.0535227570763422e-5,0.003245801529786352,0.008279759519345807,0.04700951533460976,-0.04703936060948015
2009,1.6000000000000005,-0.04648421655956746,2.677174169380216e-5,0.005174141638359175,0.007000765431537304,0.04648421655956746,-0.04706949825200232
2010,0.6400000000000002,-0.046683583463219526,0.0007045867113682758,0.02654405227858542,0.0018594624595729358,0.046683583463219526,-0.04742831407998877
2011,1.6000000000000005,-0.046804233916159066,6.992374913247022e-5,0.008362042162801514,0.005844875979521495,0.046804233916159066,-0.0470506274157202
2012,4.000000000000001,-0.047184534122513826,1.7619064841876065e-5,0.00419750697937193,0.00624848390574517,0.047184534122513826,-0.04703123029870073
2013,1.6000000000000005,-0.04717290379375839,3.449677616232265e-5,0.005873395624536342,0.0067458075500395065,0.04717290379375839,-0.04704779048298132
2014,4.000000000000001,-0.0472351844509997,6.9636681695757876e-6,0.002638876308123552,0.006389220853279014,0.0472351844509997,-0.04703069700557954
2015,1.6000000000000005,-0.047020601582369814,0.00010717712206395613,0.010352638410760617,0.006231116272152184,0.047020601582369814,-0.04722793189731097
2016,4.000000000000001,-0.046969489189875806,1.7938553601563788e-5,0.004235392968965665,0.008396386485098026,0.046969489189875806,-0.047081469127337086
2017,1.6000000000000005,-0.046695152287442324,1.9243774833967094e-5,0.004386772712822844,0.008312544111112432,0.046695152287442324,-0.04699504816964574
2018,0.6400000000000002,-0.0473070545343936,0.0005983785437936697,0.02446177720022954,0.006692734180234473,0.0473070545343936,-0.04741678590089567
2019,1.6000000000000005,-0.047411448172230156,4.047509186017308e-5,0.006362003761408278,0.003942181326065299,0.047411448172230156,-0.04709614742675695
2020,4.000000000000001,-0.04733719475475041,8.52542226810222e-6,0.0029198325753546587,0.004900155596166538,0.04733719475475041,-0.047068706328003224
2021,1.6000000000000005,-0.04699808639163506,1.4349593930654056e-5,0.003788085787129702,0.006296063802325883,0.04699808639163506,-0.04705267094917927
2022,0.6400000000000002,-0.04676497684098498,2.46569488493421e-5,0.004965576386416999,0.004523722666618858,0.04676497684098498,-0.04705948178488219
2023,1.6000000000000005,-0.04681066962140302,5.345914154173521e-6,0.0023121232999503984,0.0008094510289143753,0.04681066962140302,-0.04704986444136857
2024,4.000000000000001,-0.046905120376299195,4.4667666410803256e-6,0.0021134726497119205,0.007206827472753392,0.046905120376299195,-0.04702438061181006
2025,1.6000000000000005,-0.047228803244405135,1.3023876978282759e-5,0.0036088608976078255,0.007905595741618525,0.047228803244405135,-0.04702967043625357
2026,0.6400000000000002,-0.048353958723074394,0.00023977720368051873,0.015484740994944627,0.009226684151836995,0.048353958723074394,-0.047179788759092754
2027,1.6000000000000005,-0.047524244697962216,5.167666925352784e-5,0.007188648638897845,0.014545529505355056,0.047524244697962216,-0.04710801663138847
2028,0.6400000000000002,-0.04604693134275224,0.00025402542667403677,0.01593817513625813,0.006695239278917786,0.04604693134275224,-0.047255839400434894
2029,1.6000000000000005,-0.04647264829893155,2.612015635168943e-5,0.005110788231935406,0.0035335649147418264,0.04647264829893155,-0.04713816539725252
2030,4.000000000000001,-0.04676708785621093,1.7580292056921278e-5,0.004192885886465464,0.011502465347290635,0.04676708785621093,-0.047031555076952995
2031,1.6000000000000005,-0.04721489378047103,2.5038268642757514e-5,0.005003825400906542,0.010690328677107033,0.04721489378047103,-0.04697714372324193
2032,0.6400000000000002,-0.047428412493439286,5.200376085769062e-5,0.007211363314775551,0.007916175183151918,0.047428412493439286,-0.04698737171440978
2033,1.6000000000000005,-0.04722509884593784,9.654026636650751e-5,0.009825490642533201,0.008467197095688198,0.04722509884593784,-0.047219139177802606
2034,4.000000000000001,-0.04725537269053612,1.9300306364390293e-5,0.004393211395367891,0.00798804485810558,0.04725537269053612,-0.0470672847480879
2035,1.6000000000000005,-0.04701812640669607,3.308356500513029e-5,0.005751831447906857,0.009358531441059394,0.04701812640669607,-0.04703123767176416
2036,0.6400000000000002,-0.04661518008233232,0.0006006101073875334,0.02450734802844921,0.002261179283945395,0.04661518008233232,-0.047399551819746366
2037,1.6000000000000005,-0.04693288612303606,3.3565439480124027e-5,0.005793568803434031,0.004593604073345779,0.04693288612303606,-0.04712123127339363
2038,4.000000000000001,-0.04711414156580471,7.629416413507799e-6,0.0027621398251188875,0.004266698659512623,0.04711414156580471,-0.04706290038444455
2039,1.6000000000000005,-0.04709940991027818,1.1349725882297625e-5,0.0033689354226962595,0.004759705418178559,0.04709940991027818,-0.04704047074793831
2040,0.6400000000000002,-0.04724041541071935,2.5374963156149486e-5,0.005037356762841946,0.003879148619091442,0.04724041541071935,-0.04704426838473655
2041,1.6000000000000005,-0.04710656472795955,5.919580930266454e-6,0.0024330188922954245,0.002563716143792924,0.04710656472795955,-0.04703335283071351
2042,4.000000000000001,-0.04712315127105465,5.123445906279426e-6,0.002263503016626977,0.006803085983931122,0.04712315127105465,-0.04700505768510241
2043,1.6000000000000005,-0.0471180776157615,0.00017660735160360995,0.013289369872330665,0.0023791236173737245,0.0471180776157615,-0.047322351416272314
2044,4.000000000000001,-0.04693601968626368,3.4778427954442674e-5,0.005897323795963952,0.010917264338570896,0.04693601968626368,-0.046957144383920034
2045,1.6000000000000005,-0.04671283250843398,4.7200537429119364e-5,0.0068702647277320665,0.01577163985163238,0.04671283250843398,-0.04682688378215606
2046,0.6400000000000002,-0.04697590773935948,0.0012082141956513007,0.03475937565105709,0.010417205042466815,0.04697590773935948,-0.04778751797505788
2047,1.6000000000000005,-0.04695162360168175,0.00016220739962110258,0.012736066881934257,0.015110823832974506,0.04695162360168175,-0.047071332896158474
2048,4.000000000000001,-0.04696249247607512,4.9544526711051116e-5,0.00703878730400707,0.014275914786460316,0.04696249247607512,-0.046912306775282915
2049,1.6000000000000005,-0.04804005361519323,0.00011979019922389739,0.010944870909421334,0.011822725243256943,0.04804005361519323,-0.047045528603409735
2050,4.000000000000001,-0.047570437670831175,1.8068193924751498e-5,0.004250669820716671,0.011358741203414525,0.047570437670831175,-0.04700805938462568
2051,1.6000000000000005,-0.04645581713157848,0.00021726269134149053,0.014739833490968971,0.0055607894419774685,0.04645581713157848,-0.04748182881580068
2052,4.000000000000001,-0.04671928650390814,5.135989127777686e-5,0.007166581561510122,0.014950431860726442,0.04671928650390814,-0.04698911187916422
2053,1.6000000000000005,-0.04661778367168916,0.00015198653490381366,0.012328281912083842,0.0061874259503179,0.04661778367168916,-0.04730233353451713
2054,4.000000000000001,-0.04683168393850706,1.691457222438986e-5,0.004112732938617563,0.00986942603976767,0.04683168393850706,-0.04705296491734368
2055,1.6000000000000005,-0.04721545673321869,5.435665882417013e-5,0.007372696848790823,0.005783171886806097,0.04721545673321869,-0.04715214533040107
2056,4.000000000000001,-0.04725878950365068,9.484561844565141e-6,0.00307970158368715,0.007415435928053232,0.04725878950365068,-0.04706930772181307
2057,1.6000000000000005,-0.047140095030237944,1.0113440503494046e-5,0.003180163596970138,0.001690480160499436,0.047140095030237944,-0.04702004404954133
2058,4.000000000000001,-0.047086871090823115,8.845333817510239e-6,0.00297411059268317,0.011828315741841613,0.047086871090823115,-0.04697476877295434
2059,1.6000000000000005,-0.046866103372143086,0.00012829261355015243,0.011326632930847208,0.008523886562654707,0.046866103372143086,-0.04720877265348124
2060,4.000000000000001,-0.047074061336773824,1.7668040000997385e-5,0.004203336769876688,0.008247177414783669,0.047074061336773824,-0.04709360318880284
2061,1.6000000000000005,-0.04724590854088519,2.1848561432185408e-5,0.00467424447715194,0.016047663640772546,0.04724590854088519,-0.04699474086648195
2062,0.6400000000000002,-0.04829834015206925,0.00027472298422866415,0.01657476950755769,0.010898610096244538,0.04829834015206925,-0.04721223169238587
2063,1.6000000000000005,-0.04769541891996732,3.2562465175390704e-5,0.00570635305386818,0.0051690296130714256,0.04769541891996732,-0.04714478251956345
2064,4.000000000000001,-0.04711602550894254,8.165233605031514e-6,0.0028574872886911523,0.006010886054864763,0.04711602550894254,-0.047075827017378113
2065,1.6000000000000005,-0.04672802663659122,2.803628525227727e-5,0.0052949301461187636,0.0047571891445268655,0.04672802663659122,-0.04712484987579354
2066,4.000000000000001,-0.0468001106009834,2.3153872737882566e-5,0.004811847123286708,0.014082615559405145,0.0468001106009834,-0.04698401297059999
2067,1.6000000000000005,-0.04667305325689821,0.00014686336426311306,0.012118719580183093,0.00710212056720166,0.04667305325689821,-0.0472907396407344
2068,4.000000000000001,-0.04696506754100298,6.323155019721189e-6,0.00251458843943123,0.003425696960476665,0.04696506754100298,-0.047098176359081
2069,1.6000000000000005,-0.04733416831770176,6.217511798949944e-6,0.0024934938939066894,0.004705922176413363,0.04733416831770176,-0.04706991646533102
2070,0.6400000000000002,-0.04734739549467567,6.026934475539168e-6,0.002454981563177037,0.0017896259565767987,0.04734739549467567,-0.04705652217815554
2071,1.6000000000000005,-0.04735964049999673,1.6879134978821193e-5,0.004108422444055771,0.007131853448458105,0.04735964049999673,-0.04710086068600825
2072,0.6400000000000002,-0.04718048764672007,2.7881778580855623e-5,0.005280319931676074,0.0013287159194665726,0.04718048764672007,-0.0471137916580228
2073,1.6000000000000005,-0.04714569618891382,9.117572905081107e-6,0.0030195319016498414,0.0011339012406940856,0.04714569618891382,-0.0470877737139159
2074,4.000000000000001,-0.047133729936267,5.853975787786747e-6,0.0024194990778644136,0.008268191795003134,0.047133729936267,-0.04705558522439981
2075,1.6000000000000005,-0.04695166758995471,5.327373130091569e-5,0.007298885620484519,0.003583956432613648,0.04695166758995471,-0.047151888073486706
2076,4.000000000000001,-0.047036542509234704,2.948274497344038e-6,0.0017170540170140362,0.0037774927014342704,0.047036542509234704,-0.04708194755307625
2077,1.6000000000000005,-0.04722833371466707,4.779684361825154e-6,0.002186248924945454,0.0056820533083042956,0.04722833371466707,-0.04707641486652906
2078,0.6400000000000002,-0.047009960656257406,1.5631835483309536e-5,0.003953711608515413,0.00655527291426413,0.047009960656257406,-0.047086354174410705
2079,0.2560000000000001,-0.04698900364095639,4.4951193316910186e-5,0.006704565110199929,0.0037423489665056302,0.04698900364095639,-0.047096735270084726
2080,0.6400000000000002,-0.04709421016967124,9.825130584590406e-6,0.0031345064339685772,0.004468824278165871,0.04709421016967124,-0.04708562519515519
2081,0.2560000000000001,-0.04710232571885849,9.661348203252513e-6,0.0031082709346600583,0.005802343916832946,0.04710232571885849,-0.04707689245134763
2082,0.10240000000000005,-0.04710311716623782,9.537433524162822e-6,0.003088273550733941,0.0014516163245903802,0.04710311716623782,-0.04707395908534499
2083,0.2560000000000001,-0.047535168899882796,7.740835990870671e-5,0.008798202083875245,0.0027141425811271244,0.047535168899882796,-0.0471016315223312
2084,0.6400000000000002,-0.04699003513911775,7.71580709762311e-6,0.0027777341661186926,0.0008999884022668711,0.04699003513911775,-0.04708546269573688
2085,1.6000000000000005,-0.04706276141897479,3.5097260771613806e-6,0.0018734262934957918,0.004140423983484632,0.04706276141897479,-0.04707909505719376
2086,0.6400000000000002,-0.04708226809833496,3.3910195284195607e-6,0.0018414721090528525,0.0014058543788395645,0.04708226809833496,-0.04707160112085093
2087,1.6000000000000005,-0.04696271683249935,4.132667013191403e-6,0.0020328962130889525,0.0034647481893929047,0.04696271683249935,-0.04707128328939444
2088,0.6400000000000002,-0.04692202096707853,5.95977194134943e-6,0.0024412644144683367,0.0079592788101772,0.04692202096707853,-0.04706610713796028
2089,0.2560000000000001,-0.04790561332355811,6.851468457428225e-5,0.008277359758659899,0.0010651151639961994,0.04790561332355811,-0.04708480526610058
2090,0.6400000000000002,-0.04736198714568688,7.722942454752091e-6,0.0027790182537637442,0.004461904535883856,0.04736198714568688,-0.04708436863927842
2091,0.2560000000000001,-0.04728814726829533,7.78117006718591e-6,0.002789474873015692,0.006185191822927042,0.04728814726829533,-0.04707746959830478
2092,0.10240000000000005,-0.04729269888327535,7.207918721870131e-6,0.002684756734207055,0.0017606797930579535,0.04729269888327535,-0.047075928287638194
2093,0.2560000000000001,-0.046391544059886734,0.00019410121633271744,0.013932021257976799,0.008054967918667931,0.046391544059886734,-0.0471327694295371
2094,0.6400000000000002,-0.04692684178410468,5.161820906109707e-5,0.007184581342089257,0.001142830699955732,0.04692684178410468,-0.04710680292255978
2095,1.6000000000000005,-0.04708651976416071,1.2062668246311345e-5,0.0034731352185469752,0.009816766329207801,0.04708651976416071,-0.04706968827015056
2096,0.6400000000000002,-0.047207148126343274,4.042503366937142e-5,0.006358068391372605,0.004294979402781114,0.047207148126343274,-0.047088857496439936
2097,1.6000000000000005,-0.04704875837738939,3.632830493121918e-6,0.0019059985553829567,0.003871343166058746,0.04704875837738939,-0.04707697893957427
2098,0.6400000000000002,-0.04704986614071716,3.4559887126366937e-6,0.0018590289703597127,0.0013330580006542098,0.04704986614071716,-0.047069398473221356
2099,1.6000000000000005,-0.04709925525744131,4.743200500707634e-6,0.002177889001007084,0.00498421024645988,0.04709925525744131,-0.04708042354166626
2100,0.6400000000000002,-0.047129569643824656,4.600563195925168e-6,0.002144892350661256,0.0018206242439948858,0.047129569643824656,-0.04707033498781628
2101,1.6000000000000005,-0.04713467814284932,5.073379118804193e-6,0.0022524162845273944,0.001103069850571229,0.04713467814284932,-0.04708571781492782
2102,4.000000000000001,-0.04701098421726413,1.762044786511499e-6,0.0013274203503455485,0.0076580139120747395,0.04701098421726413,-0.047073846939319854
2103,1.6000000000000005,-0.04722069305877668,2.169423594685867e-5,0.004657707155549678,0.0048660899093417725,0.04722069305877668,-0.047112040600078696
2104,4.000000000000001,-0.047168105712958756,2.1092054911768996e-6,0.001452310397668797,0.0011235026103129998,0.047168105712958756,-0.04708462089063875
2105,10.000000000000002,-0.04708822208099927,7.055779172807886e-7,0.0008399868554214337,0.004758879457460193,0.04708822208099927,-0.047075446004482664
2106,4.000000000000001,-0.047023437244554336,8.880250326459857e-7,0.0009423508012656358,0.007002892396173167,0.047023437244554336,-0.04706790318163126
2107,1.6000000000000005,-0.046981247397686755,1.221764630548643e-5,0.0034953749878212535,0.006888801669330388,0.046981247397686755,-0.047089674568619205
2108,0.6400000000000002,-0.046819404121181685,1.4517635506769086e-5,0.0038102015047460527,0.0070628705481697125,0.046819404121181685,-0.04706725620915435
2109,0.2560000000000001,-0.047319476712390986,0.001849767609286724,0.043008924763201464,0.00783411862498447,0.047319476712390986,-0.04752270329607041
2110,0.6400000000000002,-0.04750926019566268,0.0008920609941188066,0.029867390145756068,0.015140424681795462,0.04750926019566268,-0.046553671421439666
2111,1.6000000000000005,-0.0471153524234079,0.00032157158169146885,0.017932417062166185,0.0035867823540891995,0.0471153524234079,-0.04705665900840001
2112,4.000000000000001,-0.04726511670921068,0.0001337985350356566,0.011567131668467191,0.018557040132809993,0.04726511670921068,-0.04660666563789485
2113,1.6000000000000005,-0.046945879035067674,0.0006070053696566706,0.024637478963089356,0.003248616881976353,0.046945879035067674,-0.04798236160884846
2114,4.000000000000001,-0.04689653748202458,2.4837054025363474e-5,0.004983678764262749,0.008409911788991729,0.04689653748202458,-0.04709965767050697
2115,1.6000000000000005,-0.046943754247352816,4.00071843466086e-5,0.006325123267305437,0.005648316953972141,0.046943754247352816,-0.04710236872551873
2116,4.000000000000001,-0.04710739916318287,7.64069272462498e-6,0.0027641802988634767,0.008836936569274905,0.04710739916318287,-0.04705247237569156
2117,1.6000000000000005,-0.047067887688427956,2.2530489759714408e-5,0.004746629305066323,0.004701407942427986,0.047067887688427956,-0.047074055016673375
2118,4.000000000000001,-0.04704151316652516,4.713275680708695e-6,0.0021710079872512434,0.0013993452738046003,0.04704151316652516,-0.04704904381458125
2119,10.000000000000002,-0.04711177985967005,2.3634255794885998e-6,0.0015373436764395266,0.007891962688761219,0.04711177985967005,-0.04702211353301708
2120,4.000000000000001,-0.04721027415036648,2.728188718980509e-6,0.0016517229546690053,0.008212670887246478,0.04721027415036648,-0.04699253257511449
2121,1.6000000000000005,-0.046824347581859924,4.8189355897418546e-5,0.0069418553641961275,0.008582218143862291,0.046824347581859924,-0.047073775821860245
2122,4.000000000000001,-0.046944932878836214,5.233584359055579e-6,0.0022877028563726494,0.004711732388055452,0.046944932878836214,-0.047046759742574634
2123,1.6000000000000005,-0.047250255153198716,9.458917824854408e-6,0.0030755353720701064,0.005910928684782132,0.047250255153198716,-0.04704306258665766
2124,0.6400000000000002,-0.04757074404759396,0.0009292349760680384,0.03048335572190238,0.002793054719760609,0.04757074404759396,-0.04770946220385165
2125,1.6000000000000005,-0.04716874599263825,0.00017747118815214757,0.013321831261209833,0.008803081227534143,0.04716874599263825,-0.047083007953405386
2126,4.000000000000001,-0.046902983102706776,0.00010037841599150293,0.010018902933530345,0.01787025187509099,0.046902983102706776,-0.04653567768042807
2127,1.6000000000000005,-0.0466657267126605,0.00046794335965559195,0.021631998512749395,0.004335707899521864,0.0466657267126605,-0.04781822152878537
2128,4.000000000000001,-0.046822619155762926,4.48678627326655e-5,0.006698347761400979,0.01160933438966828,0.046822619155762926,-0.047113250188870526
2129,1.6000000000000005,-0.04758003763874781,5.545811674435703e-5,0.00744702066227542,0.013011282413207904,0.04758003763874781,-0.04695621292582997
2130,0.6400000000000002,-0.0481087776304741,7.741689033362224e-5,0.008798686852799243,0.015901595824141006,0.0481087776304741,-0.046893599581293584
2131,0.2560000000000001,-0.046200230875000976,0.0006225755526787907,0.024951463938590674,0.015169701316168786,0.046200230875000976,-0.04704540045421241
2132,0.6400000000000002,-0.047072790467496496,0.0009011408588422472,0.030019008292117965,0.0068247119601526655,0.047072790467496496,-0.04776787690627141
2133,1.6000000000000005,-0.046830059370520795,0.00013712595190925583,0.011710079073569735,0.009129017708156172,0.046830059370520795,-0.047125991568115824
2134,4.000000000000001,-0.0470329122992397,3.028615072041831e-5,0.0055032854478409814,0.009601608638676146,0.0470329122992397,-0.0470485846353357
2135,1.6000000000000005,-0.046908500118778826,6.118621767103196e-5,0.00782216195632844,0.007121531120545858,0.046908500118778826,-0.047083168158487204
2136,4.000000000000001,-0.04697714638812289,9.022815413296891e-6,0.0030038001620109303,0.0015154162692600467,0.04697714638812289,-0.047068099935574065
2137,10.000000000000002,-0.04705059586952777,3.3551696139454153e-6,0.0018317122082754744,0.00218592515386007,0.04705059586952777,-0.04702542116679191
2138,25.000000000000004,-0.04707112484493227,3.0068729097428155e-6,0.0017340337106708206,0.021264187059336564,0.04707112484493227,-0.046920070196265436
2139,10.000000000000002,-0.0470322426653707,1.8776095983923752e-5,0.004333139275851141,0.01273819560578671,0.0470322426653707,-0.047232906969226315
2140,4.000000000000001,-0.047136811607321284,1.9195232475640526e-5,0.004381236409467141,0.006755628524209406,0.047136811607321284,-0.047204803863376166
2141,1.6000000000000005,-0.04736991290269614,2.9862888505770084e-5,0.0054646947312517,0.006030297530153946,0.04736991290269614,-0.04716585988356952
2142,4.000000000000001,-0.047234649392703755,8.376909835867163e-6,0.002894289176268875,0.002945450063183489,0.047234649392703755,-0.04712875239386123
2143,10.000000000000002,-0.04705552533576668,6.167348281406912e-6,0.0024834146414577877,0.009327954878855889,0.04705552533576668,-0.04704348985357257
2144,4.000000000000001,-0.04699005500642326,8.727890608822716e-6,0.002954300358599768,0.008390325677015982,0.04699005500642326,-0.046983317452508555
2145,1.6000000000000005,-0.04750797219207416,0.00036320074153072066,0.019057826254080517,0.013035031038950798,0.04750797219207416,-0.04753485256703062
2146,4.000000000000001,-0.047057266874082605,3.4678106700231864e-5,0.005888811993962098,0.008079719088282335,0.047057266874082605,-0.04721921282424838
2147,1.6000000000000005,-0.04666601539492669,3.3249995767077626e-5,0.005766280930294467,0.008550875892804108,0.04666601539492669,-0.047035937415121236
2148,0.6400000000000002,-0.04703909246200901,0.0007556136450417466,0.027488427474880162,0.016816489772717682,0.04703909246200901,-0.04747106492952422
2149,1.6000000000000005,-0.046900342036184636,0.00010985000128832162,0.010480935134248357,0.011141528412408478,0.046900342036184636,-0.04717461246738698
2150,4.000000000000001,-0.04694939678541954,2.0770011905813167e-5,0.004557412852245577,0.008196252396924513,0.04694939678541954,-0.047115322412954165
2151,1.6000000000000005,-0.0471306650242605,2.424761770904115e-5,0.004924187009958207,0.011208888313004284,0.0471306650242605,-0.047038158865982956
2152,0.6400000000000002,-0.047259917635221825,0.00013703565975924887,0.01170622312102622,0.0160584581203489,0.047259917635221825,-0.04711463924441136
2153,0.2560000000000001,-0.04837183751607252,0.003059860016741101,0.05531600145293494,0.003957035872291385,0.04837183751607252,-0.047786168413885916
2154,0.6400000000000002,-0.04816490465940631,0.000327255597079629,0.018090207214944472,0.011535824408418872,0.04816490465940631,-0.047143647420902754
2155,1.6000000000000005,-0.04750704152477709,6.049033322093373e-5,0.007777553164134188,0.010220719323289666,0.04750704152477709,-0.04708266675292954
2156,0.6400000000000002,-0.04632891400366763,7.621551556668882e-5,0.008730149802076068,0.00720564684535719,0.04632891400366763,-0.0470308432942334
2157,1.6000000000000005,-0.046784961267486415,2.9595064110831607e-5,0.005440134567345886,0.009266041441514846,0.046784961267486415,-0.04703116463049406
2158,0.6400000000000002,-0.046845885158314254,9.258778677816452e-5,0.009622254765810585,0.003846462001505227,0.046845885158314254,-0.047070930786747636
2159,1.6000000000000005,-0.046415633972560724,4.327545615628497e-5,0.0065784083300054405,0.02358836000780383,0.046415633972560724,-0.04694394751135732
2160,0.6400000000000002,-0.04704827331577181,0.00024158930439924703,0.01554314332428441,0.010367564582225345,0.04704827331577181,-0.04714095455321556
2161,1.6000000000000005,-0.04747639153166137,1.4579109009035026e-5,0.003818259945189042,0.006958719801968023,0.04747639153166137,-0.04703151157187925
2162,0.6400000000000002,-0.047704005606640836,2.2265740924800877e-5,0.00471865880572021,0.006962550806564479,0.047704005606640836,-0.047020147756149655
2163,0.2560000000000001,-0.04573922903367004,0.003485857585438537,0.05904115162696724,0.006500004954174156,0.04573922903367004,-0.047927634205477555
2164,0.6400000000000002,-0.04557000561515524,0.0005445398731510852,0.02333537814459164,0.003046431640793904,0.04557000561515524,-0.04716934414153101
2165,1.6000000000000005,-0.04598103078345303,0.00011660728966537857,0.010798485526469838,0.010402139366929276,0.04598103078345303,-0.04695583320701359
2166,4.000000000000001,-0.046314747428671324,3.75213279697241e-5,0.006125465530857561,0.010269506361129452,0.046314747428671324,-0.04691184975218525
2167,1.6000000000000005,-0.04725941680440436,8.08405444489343e-5,0.00899113699422572,0.009549772977743754,0.04725941680440436,-0.04690651054059365
2168,4.000000000000001,-0.04713745808575003,2.211754485541896e-5,0.004702929390860441,0.006804094049739171,0.04713745808575003,-0.04680038220194293
2169,1.6000000000000005,-0.046920334496880656,5.0132332154512005e-5,0.0070804189250715955,0.010453759783894347,0.046920334496880656,-0.046794960772566556
2170,0.6400000000000002,-0.05127488436081911,0.0025664861513615554,0.05066049892531217,0.015582660092065746,0.05127488436081911,-0.049212433312946016
2171,1.6000000000000005,-0.049702986759188376,0.0003522481627410424,0.018768275433322115,0.009521286371592406,0.049702986759188376,-0.047452063357706235
2172,4.000000000000001,-0.048164658053591554,2.750964552235851e-5,0.005244963824694934,0.008228856995294373,0.048164658053591554,-0.04704127528011153
2173,1.6000000000000005,-0.04543681720672198,6.02751566419843e-5,0.007763707660775507,0.01167937195377798,0.04543681720672198,-0.04706797092736047
2174,0.6400000000000002,-0.04301745050671838,0.0004675253234598315,0.02162233390408703,0.004219734202204362,0.04301745050671838,-0.04733434336612061
2175,1.6000000000000005,-0.044361824974874425,8.156057887352846e-5,0.009031089572888116,0.008828733947679827,0.044361824974874425,-0.047097550336958956
2176,4.000000000000001,-0.04615741078503057,1.4350513387272393e-5,0.003788207146827163,0.009732843829959698,0.04615741078503057,-0.047067938786069706
2177,1.6000000000000005,-0.04872469432238668,1.9453779247530724e-5,0.004410643858614151,0.0095809870172713,0.04872469432238668,-0.04704576059309586
2178,0.6400000000000002,-0.04934925978988417,4.240309725381086e-5,0.006511766062583242,0.004479402606014062,0.04934925978988417,-0.04704532389149606
2179,1.6000000000000005,-0.04859525409490394,1.1596073087235717e-5,0.0034053007337437493,0.004659068790092421,0.04859525409490394,-0.047022357975437426
2180,0.6400000000000002,-0.047525564067246756,1.634104603400324e-5,0.004042405970953838,0.007136567291242674,0.047525564067246756,-0.04700901907474734
2181,0.2560000000000001,-0.04762440577050405,5.46612478250923e-5,0.0073933245448236816,0.006343618595246253,0.04762440577050405,-0.04701907572732604
2182,0.6400000000000002,-0.047052872234853806,1.0163789384502487e-5,0.0031880698525130354,0.0023325231608793033,0.047052872234853806,-0.04701649987711716
2183,1.6000000000000005,-0.047053337968943384,6.139414931615233e-6,0.002477784278668188,0.0036199770993808394,0.047053337968943384,-0.04700431944321735
2184,0.6400000000000002,-0.0470541016466508,6.086991778826454e-6,0.0024671829641975188,0.001537866469346798,0.0470541016466508,-0.04699082989420781
2185,1.6000000000000005,-0.04706745150905681,1.0523086863354616e-5,0.003243930773514536,0.007423326621264371,0.04706745150905681,-0.04699864458500967
2186,0.6400000000000002,-0.0468073853251684,5.014396168352466e-5,0.007081240123278172,0.007955794811606319,0.0468073853251684,-0.0470283506917285
2187,1.6000000000000005,-0.0465536287968163,7.907307924642433e-6,0.0028119935854554207,0.006216392003781212,0.0465536287968163,-0.04702131357808123
2188,0.6400000000000002,-0.04650539917072686,9.143275670726068e-6,0.0030237849908229366,0.006416995210349392,0.04650539917072686,-0.047007396695652286
2189,0.2560000000000001,-0.046520224605664476,8.81913271294746e-6,0.0029697024620233352,0.001954643628573253,0.046520224605664476,-0.04699978576839677
2190,0.6400000000000002,-0.04805058118754969,0.0003836577676019331,0.01958718375882386,0.015813826460917235,0.04805058118754969,-0.047351571561569765
2191,1.6000000000000005,-0.04693343741354432,9.427999308109439e-5,0.009709788518865609,0.0057177832415987034,0.04693343741354432,-0.04716554087203125
2192,4.000000000000001,-0.04707205592263883,2.90908749233404e-5,0.005393595732286616,0.01478448429951806,0.04707205592263883,-0.04702382624180486
2193,1.6000000000000005,-0.0475017677607244,4.998278971247484e-5,0.0070698507560255355,0.011984448805115419,0.0475017677607244,-0.046965320100960904
2194,0.6400000000000002,-0.047767978896876465,7.178657464289637e-5,0.00847269583089682,0.011168189075983173,0.047767978896876465,-0.046924997327991054
2195,0.2560000000000001,-0.047885795428935216,0.004481452199834935,0.06694364943618578,0.012099850809220195,0.047885795428935216,-0.048047125981495464
2196,0.6400000000000002,-0.04587662977043698,0.0013721527931144831,0.03704258081066279,0.023072613720738072,0.04587662977043698,-0.04664970630300553
2197,1.6000000000000005,-0.04635977927033431,0.00035839499287807256,0.018931323062006854,0.005690960884535724,0.04635977927033431,-0.04715268736519198
2198,4.000000000000001,-0.046777901786084305,3.661759255567841e-5,0.006051247190098782,0.006152499506661197,0.046777901786084305,-0.046991522946919925
2199,10.000000000000002,-0.04695558923182081,1.1400869761509176e-5,0.003376517401333684,0.01419136685693974,0.04695558923182081,-0.04692472960031899
2200,4.000000000000001,-0.04729274421753294,1.63245755238988e-5,0.0040403682411259,0.01948999065101916,0.04729274421753294,-0.04684370297594574
2201,1.6000000000000005,-0.04693477435353161,0.00012738924228910067,0.011286684291194676,0.024150683932138563,0.04693477435353161,-0.04707183456386394
2202,0.6400000000000002,-0.047406780172249835,0.0008579964044676538,0.029291575656964133,0.015324550782930399,0.047406780172249835,-0.04747089818047374
2203,1.6000000000000005,-0.04770543113708968,0.00016559659279216104,0.012868433968131516,0.014486708748030172,0.04770543113708968,-0.047484610223022965
2204,4.000000000000001,-0.047244242698627474,4.735363472066177e-5,0.006881397730160768,0.012834603195949573,0.047244242698627474,-0.047137112492407915
2205,1.6000000000000005,-0.04714359874494158,0.000131779620419916,0.011479530496493138,0.006601928794802395,0.04714359874494158,-0.047314570163057235
2206,4.000000000000001,-0.047317166542757236,7.539929362952689e-5,0.008683276664343183,0.02495271802216656,0.047317166542757236,-0.04680513422325152
2207,1.6000000000000005,-0.04676041578347335,0.000354322665325958,0.018823460503476986,0.021400536497522122,0.04676041578347335,-0.04756784261325429
2208,4.000000000000001,-0.04678401519834612,2.243031273170868e-5,0.004736065110585863,0.0028648267980883493,0.04678401519834612,-0.047145998075164335
2209,10.000000000000002,-0.046917458408712046,5.102873234101691e-6,0.002258954013277316,0.01024196743275054,0.046917458408712046,-0.04703232052044462
2210,4.000000000000001,-0.047321866273204165,1.0866309697391859e-5,0.0032964086059516133,0.01501169779773922,0.047321866273204165,-0.04703230943851835
2211,1.6000000000000005,-0.04710657719349255,3.999666041145243e-5,0.006324291297169386,0.011047828459758666,0.04710657719349255,-0.04708758606642302
2212,0.6400000000000002,-0.04795174300363436,8.503867798835802e-5,0.00922164182715627,0.006233542844593992,0.04795174300363436,-0.04713199594086767
2213,1.6000000000000005,-0.04749404921730259,1.3868451943998467e-5,0.0037240370492247345,0.0065788200977120945,0.04749404921730259,-0.04709969456128735
2214,0.6400000000000002,-0.0470337857392517,1.4612942153171048e-5,0.003822687817906538,0.007386031244749658,0.0470337857392517,-0.047072836866115776
2215,0.2560000000000001,-0.04701538028371566,1.4297900139239129e-5,0.0037812564233650073,0.001990093374513396,0.04701538028371566,-0.04706044817872629
2216,0.6400000000000002,-0.046743498162362895,4.26660975180161e-5,0.006531929080908342,0.012183991976310257,0.046743498162362895,-0.047082623175836
2217,0.2560000000000001,-0.04723348252509615,0.00011241578884307188,0.010602631222629215,0.004905255834593734,0.04723348252509615,-0.047103005878861695
2218,0.6400000000000002,-0.04699713922815273,1.6757960600265495e-5,0.004093648812522332,0.006133538656796289,0.04699713922815273,-0.047084334696730165
2219,0.2560000000000001,-0.04699455252798907,1.6528965805390647e-5,0.004065583083075618,0.0016157682170271136,0.04699455252798907,-0.04706979291483132
2220,0.6400000000000002,-0.04671417123908175,1.7066823554545925e-5,0.004131201224165428,0.00708787122882894,0.04671417123908175,-0.04705780921126865
2221,0.2560000000000001,-0.046467185864490494,0.0003418427961000024,0.018488991213692605,0.009062626831147455,0.046467185864490494,-0.04716614658327912
2222,0.6400000000000002,-0.04681480738142739,3.849837685913923e-5,0.006204706025198875,0.007064476141922266,0.04681480738142739,-0.047116852853884034
2223,1.6000000000000005,-0.046809277681739786,1.5027888846949141e-5,0.0038765821088878206,0.006255865979262323,0.046809277681739786,-0.04709442477021734
2224,0.6400000000000002,-0.04712864826355263,4.3048638826205156e-5,0.006561146151870507,0.00811341293670042,0.04712864826355263,-0.047101683604976456
2225,1.6000000000000005,-0.04697880927433955,1.1311127247343319e-5,0.003363201933774319,0.005917236754475521,0.04697880927433955,-0.04709120127448396
2226,0.6400000000000002,-0.046852884025879615,3.3317903889134344e-5,0.005772166308166661,0.005941611077591902,0.046852884025879615,-0.047099966932067014
2227,1.6000000000000005,-0.047014172233241586,6.523556165397323e-6,0.0025541253229623096,0.0034977520921165703,0.047014172233241586,-0.04709651107064114
2228,0.6400000000000002,-0.04702956062407894,6.388863265723192e-6,0.0025276200793875633,0.0014549841401074485,0.04702956062407894,-0.04708218975699896
2229,1.6000000000000005,-0.04705998706015361,6.212083055635666e-6,0.002492405074548611,0.0013494794336013282,0.04705998706015361,-0.0470822065842158
2230,4.000000000000001,-0.04711544454145778,3.721874527943933e-6,0.0019292160397280376,0.0030053828260529322,0.04711544454145778,-0.04706275619354423
2231,1.6000000000000005,-0.0471382500900006,3.727985940803879e-6,0.0019307993010160014,0.0016738726886989168,0.0471382500900006,-0.04704216963477296
2232,4.000000000000001,-0.04707614044365296,3.8600604557366645e-6,0.001964703655958492,0.004041600426843989,0.04707614044365296,-0.04703001696341733
2233,1.6000000000000005,-0.047220219774692984,4.8208102381709295e-5,0.006943205483183491,0.014213666953935911,0.047220219774692984,-0.047132120273762054
2234,0.6400000000000002,-0.04721681662374347,0.00011734024264757458,0.010832370130658136,0.01258235825451458,0.04721681662374347,-0.047115614626243585
2235,1.6000000000000005,-0.04720162941981428,3.571052305294007e-5,0.005975828231545822,0.005618143990803206,0.04720162941981428,-0.04715851533798554
2236,4.000000000000001,-0.04710087879803419,2.3427145184706215e-5,0.004840159623887028,0.011832469224659447,0.04710087879803419,-0.04701285004586451
2237,1.6000000000000005,-0.04722671098822858,0.00010718394381420383,0.010352967874682303,0.008822060172072387,0.04722671098822858,-0.04721095104892372
2238,4.000000000000001,-0.047068874608114895,7.166694849358559e-6,0.0026770683310962684,0.00614376795945848,0.047068874608114895,-0.04706852683125709
2239,1.6000000000000005,-0.046981162114447236,7.1360810836306485e-6,0.0026713444337319453,0.008755624883703562,0.046981162114447236,-0.047031619452550584
2240,0.6400000000000002,-0.047314353770592545,9.999781583984475e-6,0.0031622431253754786,0.009839317376783127,0.047314353770592545,-0.04702011129648918
2241,0.2560000000000001,-0.04643377879049684,0.003745195626435084,0.06119800345137972,0.016270117779965447,0.04643377879049684,-0.04774254394621018
2242,0.6400000000000002,-0.04597559172589387,0.000655445212786397,0.025601664258137535,0.0034291212580377373,0.04597559172589387,-0.047418948282564426
2243,1.6000000000000005,-0.046536876854711,0.00014585149739578402,0.012076899328709503,0.013159750746681012,0.046536876854711,-0.04695475552088924
2244,4.000000000000001,-0.04705483970374624,2.5896244874210814e-5,0.005088835316082729,0.007810072085483352,0.04705483970374624,-0.0470709267342316
2245,1.6000000000000005,-0.04713913989063722,2.6244761240009587e-5,0.00512296410684377,0.010844927841498373,0.04713913989063722,-0.04695238273578651
2246,0.6400000000000002,-0.04874318257379828,0.00011017684682212528,0.010496515937306305,0.02420847585437406,0.04874318257379828,-0.04697679969330197
2247,0.2560000000000001,-0.04873367645835829,0.002929545907246422,0.05412527974289299,0.016428735545763778,0.04873367645835829,-0.047767532353551426
2248,0.6400000000000002,-0.047863290672514054,0.0005133807740870859,0.02265790753990946,0.009340654009185597,0.047863290672514054,-0.04727626734263109
2249,1.6000000000000005,-0.046842352001472944,9.448950567547893e-5,0.009720571262815727,0.009460086304195758,0.046842352001472944,-0.04706966641751409
2250,4.000000000000001,-0.047012061230323095,1.5372075805666108e-5,0.003920723887965857,0.005562065871657627,0.047012061230323095,-0.04708151013528116
2251,1.6000000000000005,-0.04704027731914246,2.1948187546763988e-5,0.004684889277962072,0.006995458152756128,0.04704027731914246,-0.04705456399101282
2252,0.6400000000000002,-0.04670733168453684,5.191098709651248e-5,0.007204927973027383,0.0013441404392640014,0.04670733168453684,-0.047087721024584105
2253,1.6000000000000005,-0.04685729023848096,9.65959653646685e-6,0.0031079891467743013,0.0036208939833882103,0.04685729023848096,-0.047063708154736476
2254,4.000000000000001,-0.046912662946177054,4.74274895359231e-6,0.002177785332302592,0.005218955730262613,0.046912662946177054,-0.04704703511041834
2255,1.6000000000000005,-0.046926291793468716,4.6666033265198655e-6,0.0021602322390242828,0.0016178019165851495,0.046926291793468716,-0.047021011441964085
2256,4.000000000000001,-0.04709939778858595,7.617562895060831e-6,0.0027599932780825445,0.010080108435386715,0.04709939778858595,-0.047064987884688714
2257,1.6000000000000005,-0.0473774908297117,1.7598228158987075e-5,0.0041950242143505055,0.00792244345463455,0.0473774908297117,-0.04706678655585682
2258,0.6400000000000002,-0.04723615768489707,1.7018582504902022e-5,0.004125358469866834,0.01660165068689658,0.04723615768489707,-0.047027427490874484
2259,0.2560000000000001,-0.04712405615647507,0.00045048300363202394,0.021224584887154424,0.010082243392242977,0.04712405615647507,-0.04717462732070255
2260,0.6400000000000002,-0.04728171091645296,2.2381736500608013e-5,0.004730933998758386,0.0038907474827971377,0.04728171091645296,-0.04710525992346281
2261,1.6000000000000005,-0.04720404389003123,9.822724826855973e-6,0.003134122656638692,0.005783566302712826,0.04720404389003123,-0.047084848223670206
2262,0.6400000000000002,-0.04705441198549593,1.2590692068721946e-5,0.0035483365213465796,0.005586137053057676,0.04705441198549593,-0.04706814852456289
2263,0.2560000000000001,-0.04723667978893553,1.641744563041739e-5,0.004051844719435506,0.008798935194236579,0.04723667978893553,-0.0470608701757322
2264,0.10240000000000005,-0.045040725305024065,0.001054182536962183,0.03246817729658046,0.012769546438123877,0.045040725305024065,-0.04717846838159734
2265,0.2560000000000001,-0.047117672352592024,0.00016353901623225852,0.01278823741694916,0.007632328409366821,0.047117672352592024,-0.047153696931778434
2266,0.6400000000000002,-0.04713376179378306,6.427042063564954e-5,0.008016883473997208,0.01152708030760317,0.04713376179378306,-0.0471038512141084
2267,0.2560000000000001,-0.047653471699015806,0.00012677081866497723,0.011259254800606354,0.008030413858264456,0.047653471699015806,-0.04709229191060645
2268,0.6400000000000002,-0.04746671775496802,2.7799870658889494e-5,0.005272558265101438,0.007028683201056468,0.04746671775496802,-0.047083587435553784
2269,0.2560000000000001,-0.04664267684779936,0.0014372961588398662,0.03791168894734006,0.014054597296375856,0.04664267684779936,-0.047332526220081106
2270,0.6400000000000002,-0.04746606957237588,0.00016311615907829528,0.01277169366522292,0.007687519349431951,0.04746606957237588,-0.04722010430496314
2271,1.6000000000000005,-0.04719203663663852,5.2315417596294326e-5,0.0072329397616940185,0.00957487442236658,0.04719203663663852,-0.047107052663749
2272,0.6400000000000002,-0.04677431122604196,6.52553891363948e-5,0.008078080782982725,0.012196206596889468,0.04677431122604196,-0.047029925067871826
2273,0.2560000000000001,-0.04674123313038978,0.0012632979047546788,0.035542902311919866,0.009558515220005804,0.04674123313038978,-0.047324167102370716
2274,0.6400000000000002,-0.04678244861562942,0.00017539155230418888,0.013243547572466709,0.005490442335952772,0.04678244861562942,-0.04716027489445919
2275,1.6000000000000005,-0.04732606273776772,5.430916906940368e-5,0.007369475494864182,0.009173146272510375,0.04732606273776772,-0.04701266999861345
2276,4.000000000000001,-0.04727835213190333,1.8917095782591282e-5,0.004349378781227416,0.010500941965263286,0.04727835213190333,-0.04703988092371745
2277,1.6000000000000005,-0.04723744033704639,4.415875666028878e-5,0.006645205539356084,0.00884741983050069,0.04723744033704639,-0.047084465234558615
2278,0.6400000000000002,-0.04680965668086842,5.9173677648776717e-5,0.007692442892136198,0.007342693270590143,0.04680965668086842,-0.04708600727246903
2279,1.6000000000000005,-0.046960474040229426,1.4688767732581358e-5,0.003832592821130541,0.0016769740301698485,0.046960474040229426,-0.04705974254625848
2280,4.000000000000001,-0.04699791792863339,7.717977827485802e-6,0.002778124876150423,0.001664111942201359,0.04699791792863339,-0.04702588193928207
2281,10.000000000000002,-0.046956325266187045,4.680129098104295e-6,0.0021633606028825373,0.013021514690068372,0.046956325266187045,-0.046997409171606094
2282,4.000000000000001,-0.047179051692548664,2.8372886184578094e-5,0.005326620521923642,0.011443520918178315,0.047179051692548664,-0.04712207907195328
2283,1.6000000000000005,-0.04722764004539745,2.8101923712624643e-5,0.005301124759202017,0.009378907517487132,0.04722764004539745,-0.046970032688529846
2284,0.6400000000000002,-0.0468831724822701,0.0009799359251998917,0.03130392827106355,0.013526264977495026,0.0468831724822701,-0.047728365671393796
2285,1.6000000000000005,-0.04694596922484962,0.00010347391071889482,0.010172212675661811,0.016253558523377582,0.04694596922484962,-0.04707874417618668
2286,0.6400000000000002,-0.04721774806654182,0.0005404833796133026,0.02324829842404176,0.011295582101420636,0.04721774806654182,-0.047461004370143084
2287,1.6000000000000005,-0.04735333563921156,0.00010951361074525672,0.010464875094584585,0.01774107240643223,0.04735333563921156,-0.04702030174437733
2288,0.6400000000000002,-0.04736361272641484,0.0005461864412333259,0.023370632024687005,0.008707103699898317,0.04736361272641484,-0.04738494088380768
2289,1.6000000000000005,-0.04715855119728165,3.92582805193947e-5,0.006265642865612012,0.00735268364885592,0.04715855119728165,-0.04709836125667143
2290,4.000000000000001,-0.04693370850155777,1.797425361341176e-5,0.0042396053605744674,0.007191589422913666,0.04693370850155777,-0.047008708337219915
2291,1.6000000000000005,-0.0467688575050659,7.481884903629244e-5,0.008649788959060935,0.005302733123307514,0.0467688575050659,-0.04714502988554986
2292,4.000000000000001,-0.046935511974934986,9.534181363691383e-6,0.003087746972096545,0.006861741560858288,0.046935511974934986,-0.04705368842203433
2293,1.6000000000000005,-0.0470786986688252,2.3733138830736056e-5,0.0048716669457934065,0.006785247354146417,0.0470786986688252,-0.047082811783122
2294,0.6400000000000002,-0.04715974825077668,2.2478105462935437e-5,0.004741108041685555,0.01187530707073586,0.04715974825077668,-0.04702967100710684
2295,0.2560000000000001,-0.04742964599270667,0.001593726744804816,0.03992150729625343,0.005531223890099263,0.04742964599270667,-0.047379981683195016
2296,0.6400000000000002,-0.04896679703122562,0.0008418080040377121,0.02901392775957285,0.028969586793049736,0.04896679703122562,-0.04653705683005655
2297,1.6000000000000005,-0.04821164504640472,0.0006488878465649164,0.025473277106900016,0.04812980338133624,0.04821164504640472,-0.04514588112668083
2298,0.6400000000000002,-0.044721288468691,0.005451951565238897,0.07383733178574979,0.005838336052356862,0.044721288468691,-0.051387089499904344
2299,1.6000000000000005,-0.04505419755014284,0.00038987898042491977,0.01974535338820047,0.020770237134220833,0.04505419755014284,-0.047000699064655635
2300,4.000000000000001,-0.04638750479227028,4.047204766748488e-5,0.006361764508961715,0.01503714649440363,0.04638750479227028,-0.04708349349626086
2301,1.6000000000000005,-0.048699954555660764,6.252746427560751e-5,0.007907430952945937,0.011784211997997878,0.048699954555660764,-0.047095490190623916
2302,0.6400000000000002,-0.04926007527121551,0.000605790339638037,0.02461280844678309,0.00816906157216362,0.04926007527121551,-0.04740093480238056
2303,1.6000000000000005,-0.048394672195620506,0.00016629993718345895,0.012895733293747158,0.010197831441343924,0.048394672195620506,-0.046982880750075916
2304,4.000000000000001,-0.04746791601386322,3.797010832135971e-5,0.006161988990687967,0.01142185632431654,0.04746791601386322,-0.04703956880909429
2305,1.6000000000000005,-0.04575697622450313,9.844099116469248e-5,0.009921743353095386,0.012894552861856657,0.04575697622450313,-0.047102272052689347
2306,0.6400000000000002,-0.04564242647920688,0.00025554651045295735,0.01598582217006549,0.011089613894883108,0.04564242647920688,-0.0472094814515688
2307,1.6000000000000005,-0.04619225449563572,3.1634011493679356e-5,0.005624412102049365,0.006722839064749567,0.04619225449563572,-0.047118611945399964
2308,4.000000000000001,-0.04674251025161686,1.1334765454685226e-5,0.003366714341117349,0.012601151055516817,0.04674251025161686,-0.047055081034159306
2309,1.6000000000000005,-0.04760423877763723,2.031541978398005e-5,0.004507263003639798,0.007326404145444699,0.04760423877763723,-0.047049794801761975
2310,0.6400000000000002,-0.04810582352378973,0.00018280404768208862,0.013520504712550068,0.018467656836987475,0.04810582352378973,-0.04716146583622679
2311,0.2560000000000001,-0.048809603681362064,0.0003663314916759954,0.01913978818263137,0.019822184648967563,0.048809603681362064,-0.047162709468349086
2312,0.6400000000000002,-0.047273324213733516,0.00024290206065579758,0.01558531554559604,0.007504448989524789,0.047273324213733516,-0.04729468418980414
2313,1.6000000000000005,-0.0471736608220875,6.225131071626993e-5,0.007889949981861098,0.006798350510389536,0.0471736608220875,-0.04709910868728313
2314,4.000000000000001,-0.04739560119112028,5.93246569473544e-5,0.007702250122357388,0.015284753511676309,0.04739560119112028,-0.04675934729808626
2315,1.6000000000000005,-0.04708152659682641,0.0003072258555689987,0.017527859412061666,0.019631655611387334,0.04708152659682641,-0.0472682774656573
2316,4.000000000000001,-0.04693373211068856,3.097500228885954e-5,0.005565519049366334,0.008264462772686323,0.04693373211068856,-0.047183479329840086
2317,1.6000000000000005,-0.04676654583626702,3.199996020003274e-5,0.0056568507316379435,0.008303975763376461,0.04676654583626702,-0.047104531464776035
2318,0.6400000000000002,-0.046622541633105495,9.262940258094243e-5,0.009624416999535215,0.005346206128233819,0.046622541633105495,-0.04714208642246117
2319,1.6000000000000005,-0.04667230596884984,2.1777983928385787e-5,0.0046666887541795396,0.0074500527772126,0.04667230596884984,-0.047101612449241485
2320,0.6400000000000002,-0.046630578168011964,3.1617765022074544e-5,0.00562296763480589,0.007255839918361956,0.046630578168011964,-0.047072908506895474
2321,0.2560000000000001,-0.04662061184624021,3.1212403281814686e-5,0.005586806179009138,0.001913768886733361,0.04662061184624021,-0.047045287265544036
2322,0.6400000000000002,-0.0469029055344994,3.0046434338539147e-5,0.005481462791859409,0.013634588082667662,0.0469029055344994,-0.04704642207661868
2323,0.2560000000000001,-0.04930557133016923,0.0006523650009476125,0.025541436939757568,0.00859999354253376,0.04930557133016923,-0.04721209877612309
2324,0.6400000000000002,-0.04831386911318094,7.594347868414113e-5,0.00871455556434986,0.004777731725495958,0.04831386911318094,-0.047196957970328614
2325,1.6000000000000005,-0.047510145054585694,3.504294441562166e-5,0.005919708136016645,0.007372942443079723,0.047510145054585694,-0.047106501877512925
2326,4.000000000000001,-0.047130431068174855,9.639011293708817e-6,0.003104675714742011,0.002737901955780129,0.047130431068174855,-0.047083123962542356
2327,10.000000000000002,-0.04701006818782639,7.598040009261595e-6,0.002756454245813196,0.013610644697047168,0.04701006818782639,-0.046975528116134556
2328,4.000000000000001,-0.04704123297579662,3.7253768684365465e-5,0.0061035865427112165,0.01638320398991682,0.04704123297579662,-0.04711659893492057
2329,1.6000000000000005,-0.04609249664368874,5.119077787958536e-5,0.007154773083724275,0.02577767828709854,0.04609249664368874,-0.047043888499284446
2330,0.6400000000000002,-0.046825034632876704,0.000258683117759449,0.01608362887408961,0.014961461828799198,0.046825034632876704,-0.04724055038444638
2331,1.6000000000000005,-0.04654076210804163,4.0531034476299964e-5,0.0063663988624889,0.0014769227444987954,0.04654076210804163,-0.04714769554122254
2332,4.000000000000001,-0.04704385440822773,1.211168366425011e-5,0.0034801844296315837,0.011871454608649544,0.04704385440822773,-0.047072204871568706
2333,1.6000000000000005,-0.04723934990186265,8.00443548591185e-5,0.008946751078414918,0.0071520392742043205,0.04723934990186265,-0.04722817224540354
2334,4.000000000000001,-0.0471917416118467,1.6627284688846002e-5,0.004077656764472214,0.0020364631201073434,0.0471917416118467,-0.04709463420028981
2335,10.000000000000002,-0.047050953444794166,1.614928002092463e-5,0.004018616680018714,0.04058230632379736,0.047050953444794166,-0.046862055820343584
2336,4.000000000000001,-0.04710321131918403,0.00010602431161146474,0.010296810749521657,0.00936408149322081,0.04710321131918403,-0.04745330002396414
2337,10.000000000000002,-0.04708742675506712,1.2497112911508128e-5,0.003535125586384185,0.026115628561295498,0.04708742675506712,-0.04698418892237328
2338,4.000000000000001,-0.047096528478899974,4.5794116256543484e-5,0.006767135010958735,0.01435139563685485,0.047096528478899974,-0.04724209249960297
2339,1.6000000000000005,-0.04700403326028676,6.647599742834283e-5,0.008153281390234414,0.008282287991061194,0.04700403326028676,-0.04721645554604626
2340,4.000000000000001,-0.04711336704170506,1.2894480972872755e-5,0.0035908886049100374,0.0024643033416460783,0.04711336704170506,-0.047116084860061656
2341,10.000000000000002,-0.04712909991517806,1.0286940240886101e-5,0.0032073260265969377,0.020552822313131523,0.04712909991517806,-0.046965743066992846
2342,4.000000000000001,-0.04741521050287144,4.0988959086109896e-5,0.006402262028854325,0.025311438916123318,0.04741521050287144,-0.0471903570846366
2343,1.6000000000000005,-0.04685814705888373,8.656701199037676e-5,0.009304139508325138,0.013468103977198784,0.04685814705888373,-0.04726290947768913
2344,0.6400000000000002,-0.04624028626685381,8.78142381847248e-5,0.009370925150950934,0.007210716049943307,0.04624028626685381,-0.047193121447483284
2345,1.6000000000000005,-0.046271138337895694,2.943022170658354e-5,0.005424962829972528,0.001301795209588835,0.046271138337895694,-0.04713756551021104
2346,4.000000000000001,-0.04666499516952466,1.275779891203284e-5,0.0035718061134435673,0.009502698160049772,0.04666499516952466,-0.047072134639511126
2347,1.6000000000000005,-0.04688037653741266,2.5412197699461355e-5,0.005041051249438093,0.007376867190881475,0.04688037653741266,-0.047078868865091446
2348,0.6400000000000002,-0.04884778251251581,0.0004406513311826097,0.020991696719955957,0.011834450535675585,0.04884778251251581,-0.04730902581745268
2349,1.6000000000000005,-0.048169118286576385,7.030603724903024e-5,0.008384869542755583,0.008027352372011173,0.048169118286576385,-0.04710734100793777
2350,4.000000000000001,-0.04751212916356831,1.3589558581853408e-5,0.003686401847581651,0.004898163694391522,0.04751212916356831,-0.047087339023477136
2351,1.6000000000000005,-0.04684836646111211,2.391384025779165e-5,0.004890177937232105,0.008771699847441776,0.04684836646111211,-0.04707382973406497
2352,0.6400000000000002,-0.04587562755648512,5.2555030475147065e-5,0.007249484842052369,0.00446264761565814,0.04587562755648512,-0.0470941143933526
2353,1.6000000000000005,-0.046214156648111994,1.3210677945488223e-5,0.003634649631737318,0.0072083181276199094,0.046214156648111994,-0.047054177938309814
2354,0.6400000000000002,-0.04709932035782318,6.158111998728777e-5,0.007847363887783449,0.006253887424153829,0.04709932035782318,-0.04708793118078032
2355,1.6000000000000005,-0.04696858052304311,8.333236017825948e-6,0.0028867344903586037,0.010173678545600282,0.04696858052304311,-0.04706081986015281
2356,0.6400000000000002,-0.04685200504886428,1.1977366362795326e-5,0.003460833189102781,0.001563630746181379,0.04685200504886428,-0.04705283550591973
2357,1.6000000000000005,-0.04675797151662456,6.806557553440866e-6,0.0026089380125715648,0.004923536763531812,0.04675797151662456,-0.047037883853594926
2358,0.6400000000000002,-0.04704651695298753,1.108457945947118e-5,0.003329351206987809,0.0059605756699658875,0.04704651695298753,-0.04702954180563637
2359,0.2560000000000001,-0.04732009263767382,0.0011091064496925823,0.03330324983680395,0.009153277031347811,0.04732009263767382,-0.04726680654448911
2360,0.6400000000000002,-0.047861448547493274,0.0001393068401628887,0.011802831870482977,0.0014206910831690007,0.047861448547493274,-0.0471937304161155
2361,1.6000000000000005,-0.04756292186716399,3.967057524940637e-5,0.006298458164456311,0.012579778542794842,0.04756292186716399,-0.047067352211226196
2362,0.6400000000000002,-0.046708692668868124,0.00022904949864771938,0.015134381343408767,0.005292741453414057,0.046708692668868124,-0.04721000514595386
2363,1.6000000000000005,-0.04633239496671716,3.184985081247501e-5,0.005643567206339888,0.0016215234787890765,0.04633239496671716,-0.04707525324113127
2364,4.000000000000001,-0.04666639865850603,1.2156762358335165e-5,0.0034866548952162107,0.00972765474800823,0.04666639865850603,-0.04703212925720826
2365,1.6000000000000005,-0.04727066210884859,3.8210854901933955e-5,0.006181492934715201,0.008434624043664686,0.04727066210884859,-0.04706589250439068
2366,0.6400000000000002,-0.04795415005994262,7.52448202025382e-5,0.008674377222748513,0.004486765617210624,0.04795415005994262,-0.047071877463022556
2367,1.6000000000000005,-0.04788200920191861,3.217598638738335e-5,0.005672388067417757,0.019349634856090713,0.04788200920191861,-0.04698909133222676
2368,0.6400000000000002,-0.04662207832098819,0.0002350111941748554,0.015330074826133609,0.009976953030009332,0.04662207832098819,-0.04715415554609626
2369,1.6000000000000005,-0.046809560107785565,3.0034664655892645e-5,0.005480389097125554,0.009743096398197903,0.046809560107785565,-0.04701838598299969
2370,0.6400000000000002,-0.046630407571520746,0.00035131817658356514,0.01874348357652774,0.009435383390240797,0.046630407571520746,-0.0472559584510652
2371,1.6000000000000005,-0.04713948112508479,4.42709655955863e-5,0.006653643031872562,0.0091254475188158,0.04713948112508479,-0.04713440488327787
2372,0.6400000000000002,-0.04759593986875642,5.884385959625323e-5,0.007670975139853683,0.006291719685627695,0.04759593986875642,-0.0471026836945087
2373,1.6000000000000005,-0.04740910947496997,5.7244268096287123e-5,0.0075659941908705645,0.02146421553430208,0.04740910947496997,-0.04697096917487674
2374,0.6400000000000002,-0.0478353732687437,0.0006185080765718025,0.02486982260837022,0.00788659563075501,0.0478353732687437,-0.047419668173950436
2375,1.6000000000000005,-0.04744016948814277,3.3807149982431446e-5,0.005814391626166184,0.008828509184724104,0.04744016948814277,-0.04708166046213816
2376,0.6400000000000002,-0.04709611962820825,5.4222835048577185e-5,0.007363615623359029,0.006200039221895755,0.04709611962820825,-0.047057283614703564
2377,1.6000000000000005,-0.046813624584993226,2.3855689020169182e-5,0.004884228600318497,0.005286883358198452,0.046813624584993226,-0.04709446582612561
2378,4.000000000000001,-0.04669883531160902,8.15664551220711e-6,0.0028559841582556284,0.010434098804245041,0.04669883531160902,-0.047051785721162975
2379,1.6000000000000005,-0.047188332966809125,2.4496603995958754e-5,0.0049494044082049665,0.0026675340509619435,0.047188332966809125,-0.047095224956200596
2380,4.000000000000001,-0.04720272054802398,3.782314760353357e-6,0.0019448174105435598,0.006434685885812341,0.04720272054802398,-0.04707214655037824
2381,1.6000000000000005,-0.047247095423271136,7.476175989824322e-6,0.0027342596785646244,0.007438704490781854,0.047247095423271136,-0.04707009160960404
2382,0.6400000000000002,-0.047301130397995904,1.2184421673412844e-5,0.00349061909600759,0.007029896970070945,0.047301130397995904,-0.04707125056338528
2383,0.2560000000000001,-0.046905539684841915,2.331269475627703e-5,0.004828322147110426,0.004817565337138528,0.046905539684841915,-0.04707364691978915
2384,0.6400000000000002,-0.04709170094918346,4.306634303130291e-6,0.002075243191322475,0.0011108255638302843,0.04709170094918346,-0.04707372475787214
2385,1.6000000000000005,-0.04705586031151526,2.507335258765309e-6,0.0015834567435725263,0.004574180521231193,0.04705586031151526,-0.047068453923722164
2386,0.6400000000000002,-0.04706458489399092,2.482803520826441e-6,0.0015756914421378447,0.00511938598709511,0.04706458489399092,-0.04706290881882284
2387,0.2560000000000001,-0.04706373539629274,2.4677071464825707e-6,0.0015708937413086127,0.005242536188665315,0.04706373539629274,-0.047060753002326566
2388,0.10240000000000005,-0.047063024416828546,2.4532792964198244e-6,0.0015662947667727887,0.0051047195045604505,0.047063024416828546,-0.04705994806625297
2389,0.1,-0.04706328686194441,2.4421666358795835e-6,0.0015627433045383953,0.004964671684081651,0.04706328686194441,-0.0470595284328683
2390,0.1,-0.047061770209195594,2.437189183507442e-6,0.001561149955483919,0.0048287799686671466,0.047061770209195594,-0.04705911464582469
2391,0.1,-0.04706146146541117,2.4264287626825007e-6,0.0015576998307384195,0.004699992182729036,0.04706146146541117,-0.04705869965362766
2392,0.1,-0.0470595471415636,2.42360642953151e-6,0.0015567936374264607,0.004572242895795946,0.0470595471415636,-0.04705828530535517
2393,0.1,-0.04705894071431997,2.4092250000306548e-6,0.00155216783887267,0.004455606462096518,0.04705894071431997,-0.047057870474257954
2394,0.1,-0.04705702671273863,2.403448564490736e-6,0.0015503059583484597,0.004338109442853516,0.04705702671273863,-0.04705745820325484
2395,0.1,-0.04705657134866089,2.384321738669647e-6,0.0015441249103196435,0.004233666360621075,0.04705657134866089,-0.04705704737743274
2396,0.1,-0.047055116864098745,2.3739926398801898e-6,0.0015407766352979883,0.004127086424576188,0.047055116864098745,-0.04705664120962518
2397,0.1,-0.047055252717527016,2.3517039554296832e-6,0.0015335266399478305,0.004033374474693382,0.047055252717527016,-0.04705623843143039
2398,0.1,-0.04705463701586645,2.337992427093212e-6,0.001529049517541277,0.003936744384614705,0.04705463701586645,-0.04705584164056885
2399,0.1,-0.04705566268929204,2.3156159587010985e-6,0.0015217148085962424,0.0038511470359400253,0.04705566268929204,-0.04705544935762712
2400,0.1,-0.04705607393018631,2.3009861213017682e-6,0.0015169001685350846,0.003762464365708429,0.04705607393018631,-0.04705506316880652
2401,0.1,-0.047058062577812886,2.281628332745791e-6,0.0015105059856702955,0.0036820587078403317,0.047058062577812886,-0.04705468150063974
2402,0.1,-0.04705944606343854,2.268429330226314e-6,0.001506130582063293,0.003599168161480469,0.04705944606343854,-0.047054304897986066
2403,0.1,-0.04706222806875278,2.254099267432635e-6,0.0015013658006737182,0.003521615894309487,0.04706222806875278,-0.0470539319394642
2404,0.1,-0.047064303260808196,2.2436166190235097e-6,0.0014978706950279485,0.003443004355788368,0.047064303260808196,-0.047053562360358195
2405,0.1,-0.047067514792885304,2.23467295478372e-6,0.0014948822544881989,0.003367183600706556,0.047067514792885304,-0.04705319517525141
2406,0.1,-0.047069850700425866,2.226808678943994e-6,0.0014922495364194266,0.0032924279860072686,0.047069850700425866,-0.04705282966218022
2407,0.1,-0.04707302923074181,2.222077048954102e-6,0.001490663291610182,0.0032185965558975778,0.04707302923074181,-0.04705246548322831
2408,0.1,-0.047075152602627054,2.2156847709669756e-6,0.001488517642141663,0.003148290701658134,0.047075152602627054,-0.04705210178291334
2409,0.1,-0.04707784958516446,2.2131596060488997e-6,0.00148766918568911,0.003077695294171594,0.04707784958516446,-0.04705173891390954
2410,0.1,-0.04707935441031221,2.2068272629780907e-6,0.0014855393845260687,0.0030128740617796066,0.04707935441031221,-0.047051376073069834
2411,0.1,-0.04708123444832882,2.204612409032885e-6,0.0014847937260888749,0.002946966157816757,0.04708123444832882,-0.047051014147972386
2412,0.1,-0.04708186507767427,2.1974543675300655e-6,0.0014823813165073503,0.00288832612035402,0.04708186507767427,-0.04705065241589721
2413,0.1,-0.04708276864614232,2.194464170518408e-6,0.0014813723942744472,0.002827989215458499,0.04708276864614232,-0.04705029200804828
2414,0.1,-0.04708245956280644,2.186496414820248e-6,0.0014786806331389642,0.002775356070374783,0.04708245956280644,-0.047049932222241894
2415,0.1,-0.04708241893501181,2.1826110754841777e-6,0.0014773662631467452,0.00272055401532412,0.04708241893501181,-0.0470495741286797
2416,0.1,-0.04708128757230151,2.174583190807792e-6,0.0014746468020538992,0.0026728819107429912,0.04708128757230151,-0.04704921699750606
2417,0.1,-0.047080498755815256,2.1703195110801254e-6,0.001473200431401011,0.0026228412476443203,0.047080498755815256,-0.047048861626171216
2418,0.1,-0.047078799849300794,2.1632286710226546e-6,0.0014707918516984838,0.0025786510527070574,0.047078799849300794,-0.04704850727864124
2419,0.1,-0.047077563648107106,2.1592523063357658e-6,0.0014694394531030415,0.002532332957418752,0.047077563648107106,-0.04704815439658056
2420,0.1,-0.04707562163180992,2.1538910366070655e-6,0.0014676140625542757,0.002490238482527821,0.04707562163180992,-0.04704780231928014
2421,0.1,-0.047074272348965614,2.150675643854366e-6,0.0014665182044060572,0.002446751000944754,0.047074272348965614,-0.047047451148242304
2422,0.1,-0.047072410930465006,2.1474181003962657e-6,0.0014654071449246675,0.002405787079653873,0.047072410930465006,-0.047047100392013756
2423,0.1,-0.04707125111057966,2.145138152524674e-6,0.0014646290153225404,0.0023645724224947346,0.04707125111057966,-0.047046749875757715
2424,0.1,-0.04706973651609911,2.143938781705847e-6,0.001464219512814198,0.0023242883980588557,0.04706973651609911,-0.04704639934488826
2425,0.1,-0.047068991329233936,2.1424986422615292e-6,0.0014637276530357446,0.0022851484465318036,0.047068991329233936,-0.04704604842791567
2426,0.1,-0.04706799926185825,2.1429730217899594e-6,0.0014638896890783674,0.002245588328219841,0.04706799926185825,-0.04704569713874711
2427,0.1,-0.047067796636583725,2.1420616002800992e-6,0.0014635783546773638,0.002208665418892769,0.047067796636583725,-0.047045344993841366
2428,0.1,-0.0470674050901248,2.143578213951684e-6,0.0014640963813737414,0.00217031435057853,0.0470674050901248,-0.047044992277112875
2429,0.1,-0.047068141818385964,2.161340764841776e-6,0.0014701499123700875,0.004789747584345391,0.047068141818385964,-0.047044564922365355
2430,0.1,-0.04706798309452658,2.1671647821009398e-6,0.00147212933606424,0.004660111945168268,0.04706798309452658,-0.04704421833260619
2431,0.1,-0.047069274128162274,2.1619450869464626e-6,0.0014703554287812395,0.004540803211089245,0.047069274128162274,-0.04704386904790711
2432,0.1,-0.047069725061900006,2.1669510190835755e-6,0.001472056730932465,0.00441866035353733,0.047069725061900006,-0.04704351945722029
2433,0.1,-0.04707148521117878,2.1606044938410506e-6,0.0014698994842645026,0.004307601531087891,0.04707148521117878,-0.047043167687682685
2434,0.1,-0.04707241813877398,2.1643335022055566e-6,0.001471167394352375,0.00419311440818371,0.04707241813877398,-0.047042816168802105
2435,0.1,-0.047074555267764585,2.1571788762879458e-6,0.001468733766306183,0.004089897575392324,0.047074555267764585,-0.04704246306759078
2436,0.1,-0.04707588263384065,2.1596356194369934e-6,0.001469569875656477,0.003982921663251828,0.04707588263384065,-0.04704211065081184
2437,0.1,-0.047078310119104405,2.152337490701744e-6,0.0014670846910460704,0.0038868290614605897,0.047078310119104405,-0.04704175714061937
2438,0.1,-0.047079942757766016,2.153925945741272e-6,0.0014676259556648866,0.0037868992750149807,0.047079942757766016,-0.047041404496135704
2439,0.1,-0.04708257749650741,2.1471786104846855e-6,0.0014653254281847038,0.0036970822995281995,0.04708257749650741,-0.04704105103221067
2440,0.1,-0.04708443223441452,2.148353505043268e-6,0.0014657262722088556,0.0036036256978955743,0.04708443223441452,-0.04704069836619382
2441,0.1,-0.047087198575360645,2.142541024465524e-6,0.0014637421304538325,0.003519386862573373,0.047087198575360645,-0.04704034497355387
2442,0.1,-0.04708920094078213,2.143498651396709e-6,0.001464069209906659,0.0034319856632903083,0.04708920094078213,-0.04703999219322622
2443,0.1,-0.04709203250652023,2.138504407583231e-6,0.0014623626115239786,0.003353016139421691,0.04709203250652023,-0.04703963873658103
2444,0.1,-0.04709411845036826,2.1390684819892183e-6,0.0014625554628762694,0.0032715722764757034,0.04709411845036826,-0.04703928577768773
2445,0.1,-0.04709696016786946,2.1343246164850394e-6,0.0014609327898589446,0.003198018037531611,0.04709696016786946,-0.04703893230734025
2446,0.1,-0.047099078625013974,2.134061102265131e-6,0.0014608426000993846,0.003122728669558738,0.047099078625013974,-0.04703857944272328
2447,0.1,-0.047101889844893156,2.1288003120361168e-6,0.0014590408877190922,0.003055046973556024,0.047101889844893156,-0.04703822643494685
2448,0.1,-0.047104006180769716,2.127275042061028e-6,0.001458518097954574,0.0029862031653146745,0.047104006180769716,-0.04703787440800394
2449,0.1,-0.047106764138530655,2.120852779008284e-6,0.001456314793926191,0.0029248755172515584,0.047106764138530655,-0.047037522786765096
2450,0.1,-0.04710886310070557,2.117886206749624e-6,0.0014552959172448826,0.0028625880011045155,0.04710886310070557,-0.04703717271287351
2451,0.1,-0.047111564903499555,2.1100235122011067e-6,0.0014525919978442352,0.0028078245065945593,0.047111564903499555,-0.047036823654853344
2452,0.1,-0.04711365108351422,2.1058170132256208e-6,0.0014511433468908648,0.002751817456331428,0.04711365108351422,-0.047036476748429513
2453,0.1,-0.04711631230129737,2.096668629747798e-6,0.0014479877864636145,0.002703389765647473,0.04711631230129737,-0.04703613137319535
2454,0.1,-0.04711840651482813,2.091752627375307e-6,0.0014462892613081614,0.0026529688858346234,0.04711840651482813,-0.04703578863175099
2455,0.1,-0.04712105530990242,2.0817939701548995e-6,0.0014428423233863426,0.002610243495712795,0.04712105530990242,-0.04703544771977787
2456,0.1,-0.047123186508602574,2.0768352114867904e-6,0.0014411228995081546,0.0025644557776907727,0.047123186508602574,-0.04703510970172301
2457,0.1,-0.04712585366366233,2.066639819885504e-6,0.001437581239403709,0.002526599580164188,0.04712585366366233,-0.047034773555397855
2458,0.1,-0.04712804749007975,2.0622029151554627e-6,0.0014360372262429211,0.0024845069550069303,0.04712804749007975,-0.047034440333362335
2459,0.1,-0.04713075412240452,2.052217372587211e-6,0.0014325562371464552,0.002450757029497413,0.04713075412240452,-0.0470341088224792
2460,0.1,-0.04713302044392912,2.048584028649733e-6,0.0014312875422673576,0.0024116966621640697,0.04713302044392912,-0.047033780111312325
2461,0.1,-0.04713576611497017,2.038992124122742e-6,0.0014279328149891164,0.002381567321753385,0.04713576611497017,-0.04703345286331947
2462,0.1,-0.04713808841922412,2.0361045939691496e-6,0.0014269213692313777,0.0023452881675968176,0.04713808841922412,-0.04703312825093884
2463,0.1,-0.04714084248940828,2.02682131556965e-6,0.001423664748306163,0.002318631450084215,0.04714084248940828,-0.047032804892786294
2464,0.1,-0.04714317175784081,2.0243570256320377e-6,0.0014227990109752107,0.0022852611128761093,0.04714317175784081,-0.04703248407070598
2465,0.1,-0.04714855413312842,2.02676955779434e-6,0.0014236465705343936,0.005036955465240709,0.04714855413312842,-0.047032086054723754
2466,0.1,-0.04715039885284525,2.0319074356440114e-6,0.001425449906395876,0.00490012244191175,0.04715039885284525,-0.047031779519889995
2467,0.1,-0.047153260030166344,2.0142311132794076e-6,0.001419236102020875,0.004781452281085106,0.047153260030166344,-0.04703147183030811
2468,0.1,-0.04715499896280473,2.0186738188749244e-6,0.0014208004148630181,0.0046535327574562775,0.04715499896280473,-0.047031167643494964
2469,0.1,-0.047157542362587054,2.000782604997992e-6,0.0014144902279612935,0.004544207270850767,0.047157542362587054,-0.047030862681811864
2470,0.1,-0.04715896362278177,2.0042785048488223e-6,0.0014157254341322057,0.004425065950402826,0.04715896362278177,-0.04703056148557362
2471,0.1,-0.047161072001825496,1.986402515194434e-6,0.0014093979264900435,0.004324573121762108,0.047161072001825496,-0.04703025992961093
2472,0.1,-0.04716371056453795,1.9621885112636407e-6,0.001400781393103021,0.0017237593289952462,0.04716371056453795,-0.04703017569489916
2473,0.25,-0.04774460936564669,0.0011786465029414053,0.03433142151064248,0.012917299955202903,0.04774460936564669,-0.04732616182609609
2474,0.625,-0.04579228482410077,0.0003034548293872749,0.01741995491920903,0.02799175623549542,0.04579228482410077,-0.046998518822033555
2475,0.25,-0.0481580460697985,0.004234081539162095,0.06506982049431284,0.012131422565941501,0.0481580460697985,-0.04794556058380325
2476,0.625,-0.047388662866620995,0.0005217429873718314,0.02284169405652373,0.004064657399201064,0.047388662866620995,-0.047359021552926074
2477,1.5625,-0.047017746110735954,0.0001534615064341865,0.012387958122071066,0.014236752850197291,0.047017746110735954,-0.04692809088589513
2478,3.90625,-0.0467668545811931,3.6086128097681605e-5,0.006007173053748461,0.009609120355000939,0.0467668545811931,-0.047059110348809156
2479,1.5625,-0.04671373832051537,3.582049540798123e-5,0.0059850225904319885,0.012340582654813203,0.04671373832051537,-0.04687564904586958
2480,0.625,-0.0469142456357069,4.2953193527266614e-5,0.006553868592462517,0.012439655573502862,0.0469142456357069,-0.04681488977676568
2481,0.25,-0.051842836287972587,0.003986550994279163,0.0631391399551749,0.01829618466021827,0.051842836287972587,-0.048106646087284176
2482,0.625,-0.04907375635041819,0.0008878861226124013,0.029797418052784394,0.018234344669066996,0.04907375635041819,-0.04742079740069176
2483,1.5625,-0.04679237069330481,0.0002657068037108957,0.016300515443104728,0.02869158477345816,0.04679237069330481,-0.04671051284601119
2484,0.625,-0.04672245942897914,0.001211173391354708,0.03480191648968068,0.013209761276506846,0.04672245942897914,-0.04769240497133784
2485,1.5625,-0.046920876702362224,0.0002901351298543236,0.017033353452985223,0.01802184879020018,0.046920876702362224,-0.04677096714839827
2486,3.90625,-0.04669144789283098,0.00015552517080390005,0.01247097312978823,0.06262730661234575,0.04669144789283098,-0.04604664194218693
2487,1.5625,-0.04696168636672109,0.0011628739386693576,0.0341009375042587,0.01832865625791247,0.04696168636672109,-0.04901820331586017
2488,3.90625,-0.04664904292432161,0.00014986142684183943,0.012241790181253697,0.014206724801393136,0.04664904292432161,-0.046799412852111304
2489,9.765625,-0.04692075182024677,4.6606228043697214e-5,0.0068268754231857205,0.026031109977408144,0.04692075182024677,-0.04656659289082672
2490,3.90625,-0.0473197311075664,0.000263778256053822,0.016241251677559278,0.016627837227484607,0.0473197311075664,-0.04813690507887874
2491,9.765625,-0.04722794724062679,8.097743713395344e-6,0.00284565347739238,0.0029256136273258407,0.04722794724062679,-0.04712029501599137
2492,24.4140625,-0.04709791595594869,2.0560529900541564e-6,0.0014338943441042497,0.014441400393090276,0.04709791595594869,-0.04702760401084619
2493,9.765625,-0.04696446253883718,2.3159385609841945e-6,0.001521820804491841,0.025906344086247896,0.04696446253883718,-0.04696621521414824
2494,3.90625,-0.04701260115799914,9.960339281594544e-5,0.009980149939552282,0.008585460849474326,0.04701260115799914,-0.04740764582270584
2495,9.765625,-0.047085472330638985,8.117189519814093e-6,0.0028490681844796366,0.004985818078192938,0.047085472330638985,-0.04708940930770668
2496,3.90625,-0.04699453802809631,1.4397426633774498e-5,0.0037943941062802767,0.010656037074185047,0.04699453802809631,-0.04710486098242105
2497,1.5625,-0.046843560800798184,1.4998612253076985e-5,0.0038728041847060878,0.01646840643748319,0.046843560800798184,-0.04703206702325855
2498,0.625,-0.04698854325736038,0.00014456896492148348,0.012023683500553542,0.009810271586075543,0.04698854325736038,-0.04711736297653147
2499,1.5625,-0.04715678851572986,1.4555937805879396e-5,0.0038152244764730944,0.004537429133138517,0.04715678851572986,-0.047093753407235296
2500,3.90625,-0.04711820652567138,7.53372749031746e-6,0.0027447636492633496,0.00783330902672149,0.04711820652567138,-0.04704693358149367
2501,1.5625,-0.04728478994355445,3.042679158028748e-5,0.005516048547673187,0.013954330213467156,0.04728478994355445,-0.0470921247708253
2502,0.625,-0.04716371809120471,4.2417749704406286e-5,0.0065128910404217795,0.00831337320450008,0.04716371809120471,-0.047062018743420114
2503,0.25,-0.045711064175625676,0.0010603488030578282,0.03256299745198264,0.018431076040395507,0.045711064175625676,-0.047290565941738145
2504,0.625,-0.04678164171904946,0.00014559752153323692,0.012066379802295173,0.009600310385388056,0.04678164171904946,-0.04728928127761847
2505,1.5625,-0.04674941326622138,4.942447505917326e-5,0.007030254267035671,0.00971017567768747,0.04674941326622138,-0.04721067421782658
2506,0.625,-0.04671033400394894,5.01337693559338e-5,0.0070805204156145045,0.011664298331754567,0.04671033400394894,-0.047110351259832886
2507,0.25,-0.04804287094608407,0.0008060891576763742,0.0283917093123393,0.008645485338525044,0.04804287094608407,-0.04726991927737131
2508,0.625,-0.048131172093008184,0.00014126956039658492,0.011885687207586482,0.0059721318205231385,0.048131172093008184,-0.047208585419251714
2509,1.5625,-0.0472565366710382,3.924548041309764e-5,0.006264621330383636,0.00683598890602567,0.0472565366710382,-0.04713051366767996
2510,3.90625,-0.0471609020655881,1.7204357841678506e-5,0.004147813621858932,0.020514364985835327,0.0471609020655881,-0.04706112496965013
2511,1.5625,-0.047171015580482936,3.276645157575095e-5,0.005724198771509507,0.013430238486340668,0.047171015580482936,-0.04703724089510661
2512,0.625,-0.046032133324644516,0.0006623925636700202,0.025736988240080076,0.007767702023786834,0.046032133324644516,-0.04758575066488445
2513,1.5625,-0.046725192262452656,0.00018063620509657592,0.013440096915445808,0.010621874556098554,0.046725192262452656,-0.047085066062851594
2514,3.90625,-0.04698442568097597,2.3527437172158727e-5,0.004850508960115292,0.00817915920127629,0.04698442568097597,-0.04704147715445094
2515,1.5625,-0.047257420363684036,3.8202448707947e-5,0.006180812948791365,0.009267944809619642,0.047257420363684036,-0.04699593773657066
2516,0.625,-0.04784996875737142,0.0001176424383331386,0.010846309894758613,0.016640780103658596,0.04784996875737142,-0.04705254649114168
2517,0.25,-0.048681506724147804,0.000623738494881827,0.024974757153610663,0.015904013489626282,0.048681506724147804,-0.047205296727262855
2518,0.625,-0.04866010535615551,0.000273983018592458,0.016552432407125485,0.03072971151908786,0.04866010535615551,-0.046932558659562966
2519,0.25,-0.0467222362123513,0.002099709982239687,0.045822592487109313,0.009299258400497697,0.0467222362123513,-0.04757822001348968
2520,0.625,-0.04867629725563869,0.0006561790552878294,0.025615992178477674,0.025941101681793678,0.04867629725563869,-0.046690370028775026
2521,1.5625,-0.04758193063777895,0.00012320385466205533,0.011099723179523683,0.008952605930978689,0.04758193063777895,-0.047222649896389586
2522,3.90625,-0.04671493673846202,1.1925863250521174e-5,0.003453384318392781,0.01031410927527242,0.04671493673846202,-0.04708769207060572
2523,1.5625,-0.04604221284150487,1.3655235876334453e-5,0.003695299159247388,0.009449772919868746,0.04604221284150487,-0.04703522026517718
2524,0.625,-0.0459949476578099,1.617212007656396e-5,0.004021457456764147,0.009357219341772213,0.0459949476578099,-0.04701409671686621
2525,0.25,-0.04601449975120665,1.8769192418054617e-5,0.004332342601648053,0.009623529125811273,0.04601449975120665,-0.04700327743452136
2526,0.1,-0.048304276898838754,0.000539938943484434,0.023236586313063155,0.023198156653829106,0.048304276898838754,-0.04705261686904027
2527,0.25,-0.046982268692430114,0.00011408852244419494,0.010681222890858282,0.008016331478300937,0.046982268692430114,-0.04707562810575837
2528,0.625,-0.046297064184197996,3.832348800750584e-5,0.006190596740824413,0.012419113233869492,0.046297064184197996,-0.04704767452657509
2529,0.25,-0.04818237255420366,0.0002696852821246705,0.01642209737288969,0.013932384795267854,0.04818237255420366,-0.047120369543129696
2530,0.625,-0.04780328304536052,4.8271008300221275e-5,0.006947734040694223,0.010054411445622094,0.04780328304536052,-0.04711673703973474
2531,0.25,-0.047768950861570424,4.76361647364942e-5,0.006901895734977036,0.002758967066174898,0.047768950861570424,-0.04707578756169026
2532,0.625,-0.04756737479513302,4.5889810633806155e-5,0.006774201844778923,0.01427600154247127,0.04756737479513302,-0.04704081431529387
2533,0.25,-0.04790060307003845,0.0010535959175273272,0.032459142279600166,0.01506563180888019,0.04790060307003845,-0.04730777777184071
2534,0.625,-0.04775871413850173,0.0010369367988323313,0.03220150305237834,0.048009221687126465,0.04775871413850173,-0.046385931082216225
2535,0.25,-0.04350628360063274,0.005693520046603383,0.0754554176093631,0.02098809686644392,0.04350628360063274,-0.04879008636131105
2536,0.625,-0.04601871918306716,0.0002379663189846455,0.015426156973940253,0.01005602975826608,0.04601871918306716,-0.04725887891347362
2537,1.5625,-0.04700164562058752,3.0011479120322502e-5,0.005478273370353336,0.005067585057836433,0.04700164562058752,-0.047108762338927114
2538,3.90625,-0.04713458685429476,2.9640139707025277e-5,0.005444275866175893,0.021800587205517006,0.04713458685429476,-0.046944735368470464
2539,1.5625,-0.047729742339974235,0.00018055592359153555,0.0134371099419308,0.0042765067807992545,0.047729742339974235,-0.04733848672100044
2540,3.90625,-0.04729090854357775,3.313052377739845e-5,0.005755912071722296,0.01663268744038486,0.04729090854357775,-0.04700645849921942
2541,1.5625,-0.04718130842007045,8.330596274320367e-5,0.00912721001967215,0.013414261739619434,0.04718130842007045,-0.047045862052635126
2542,0.625,-0.04634438468200571,0.00017345707037112084,0.01317031018507616,0.015975415583829027,0.04634438468200571,-0.04712057038300807
2543,1.5625,-0.04670878224753348,2.5284046435893288e-5,0.005028324416333267,0.010719422379473905,0.04670878224753348,-0.047087818080117805
2544,0.625,-0.04641474375724401,0.0005069096607723173,0.022514654356048137,0.01518820898864372,0.04641474375724401,-0.047471192200735035
2545,1.5625,-0.046662854417953266,0.00011995812176927522,0.010952539512335723,0.013061374398658834,0.046662854417953266,-0.04708148858454351
2546,3.90625,-0.046680788356807626,4.568664548715279e-5,0.0067591897064036306,0.018489086528038913,0.046680788356807626,-0.046886093242829115
2547,1.5625,-0.04733048283349361,0.0002011022265082066,0.01418105167144548,0.013156071844935993,0.04733048283349361,-0.04742811056050619
2548,3.90625,-0.0474136338345426,2.9488723411285295e-5,0.005430352052241668,0.013552311850469576,0.0474136338345426,-0.047080231187056336
2549,1.5625,-0.04728974512854666,4.0241536980453826e-5,0.0063436217557838225,0.009411158016126998,0.04728974512854666,-0.04701817657697005
2550,0.625,-0.04722297263951633,0.00021189280798772147,0.014556538324331148,0.010182970483625672,0.04722297263951633,-0.04714548530852118
2551,1.5625,-0.04686536782860515,3.1070657109895115e-5,0.005574105947135838,0.010859424593766147,0.04686536782860515,-0.04710876357157346
2552,0.625,-0.046713504880820114,6.915765790606952e-5,0.008316108339005061,0.008488095993579343,0.046713504880820114,-0.047107338091993925
2553,1.5625,-0.046783636898575114,1.5446577775102048e-5,0.003930213451595479,0.00851863203853156,0.046783636898575114,-0.047086484754881884
2554,0.625,-0.046882999378726725,1.7774595092077154e-5,0.004215992776568427,0.009451291614051005,0.046882999378726725,-0.047061364330938674
2555,0.25,-0.04726502150972398,0.0003021418773343268,0.017382228779254022,0.007168717305967079,0.04726502150972398,-0.04713658944254575
2556,0.625,-0.047648614186066064,4.6967248116429596e-5,0.00685326550751024,0.008536957132095176,0.047648614186066064,-0.04708266667235517
2557,1.5625,-0.047423435004641246,1.608994446968403e-5,0.004011227302171248,0.0072123115414778885,0.047423435004641246,-0.04707397638885681
2558,0.625,-0.047183082588526264,3.8360912914371755e-5,0.006193618725298786,0.006496150059718739,0.047183082588526264,-0.04707796139950301
2559,1.5625,-0.04704909519025608,9.60565366885231e-6,0.0030992988995662083,0.00549143274746495,0.04704909519025608,-0.04705556718059294
2560,0.625,-0.04704040413958245,9.525121570753943e-6,0.0030862795678217396,0.0024664509270673576,0.04704040413958245,-0.04703488373898549
2561,1.5625,-0.04732561770097515,9.748915976412273e-6,0.0031223254116783334,0.010709050351396392,0.04732561770097515,-0.04702964210895471
2562,0.625,-0.046900121494941265,1.9432593933155397e-5,0.004408241591967867,0.0071560566239124825,0.046900121494941265,-0.04702730607965242
2563,0.25,-0.046963405981070586,4.827469193725629e-5,0.006947999131926852,0.007824271575293517,0.046963405981070586,-0.04703342515316708
2564,0.625,-0.04693399439954696,9.15693394335831e-6,0.0030260426208760364,0.002721780058958298,0.04693399439954696,-0.04703569915921987
2565,1.5625,-0.047081482259582697,4.90251152863755e-6,0.0022141615859366613,0.0024844337579026537,0.047081482259582697,-0.04702725854543682
2566,3.90625,-0.04712163147103493,4.812625443824348e-6,0.002193769687962788,0.009639827663038364,0.04712163147103493,-0.04700052645632569
2567,1.5625,-0.04696891076484047,8.551898441934991e-5,0.009247647507304217,0.018335382209366157,0.04696891076484047,-0.047194710250344614
2568,0.625,-0.046576268779912104,0.00020720412099704778,0.014394586517057299,0.013323126695013685,0.046576268779912104,-0.04722763964433595
2569,1.5625,-0.04661455352625711,3.806657476850771e-5,0.006169811566693727,0.009744319766621478,0.04661455352625711,-0.047113232293401884
2570,0.625,-0.046666294253697393,6.414800191188207e-5,0.00800924477787276,0.009138248506362856,0.046666294253697393,-0.047074663247150615
2571,1.5625,-0.046705518877300366,2.529461187571353e-5,0.00502937489910163,0.009144465909357255,0.046705518877300366,-0.04702200295497456
2572,0.625,-0.048166476896757744,0.0004065034184006052,0.02016192992747979,0.01605187386235908,0.048166476896757744,-0.047359817523766876
2573,1.5625,-0.048130174574164214,0.00022026944469998752,0.014841477173785212,0.028183821374935306,0.048130174574164214,-0.046862038217666546
2574,0.625,-0.04596137760252011,0.0009171242080229576,0.03028405864515121,0.0030749204307929183,0.04596137760252011,-0.0476306149875734
2575,1.5625,-0.046263404096284926,3.361709715420527e-5,0.0057980252805765915,0.007189313899864338,0.046263404096284926,-0.04709404848821758
2576,3.90625,-0.04671668760132556,8.015824995283423e-6,0.0028312232330361064,0.008801660732714222,0.04671668760132556,-0.04706660526472191
2577,1.5625,-0.04764555452588668,1.7436397672096865e-5,0.004175691280745844,0.0064868272958066514,0.04764555452588668,-0.047075669583178645
2578,0.625,-0.04801890031798702,3.497327340103892e-5,0.005913820541835787,0.006739898350912366,0.04801890031798702,-0.047081003900547314
2579,1.5625,-0.04773485186166451,7.96755298955976e-6,0.00282268542164368,0.006259768291828199,0.04773485186166451,-0.04706317169378164
2580,0.625,-0.04726926376982679,1.7247727551178503e-5,0.004153038351758686,0.005948483438019238,0.04726926376982679,-0.047066911701598
2581,0.25,-0.04723696949024449,1.7305659681103734e-5,0.004160007173203399,0.00848132166973613,0.04723696949024449,-0.04705184438027052
2582,0.1,-0.04722865790840968,1.6987971184281208e-5,0.004121646659319696,0.0021640301601054714,0.04722865790840968,-0.047046355433519045
2583,0.25,-0.04734840387803476,0.00012141734979730963,0.011018954115400863,0.0013611357339664049,0.04734840387803476,-0.04709035470964703
2584,0.625,-0.0468028894286024,1.0020837620493821e-5,0.0031655706626916138,0.0022368797227436347,0.0468028894286024,-0.0470710603324991
2585,1.5625,-0.04702646806584086,4.660314314296592e-6,0.002158776114907841,0.005724348684189398,0.04702646806584086,-0.047062369225409184
2586,0.625,-0.04702983610095764,4.609822740029253e-6,0.002147049775862044,0.001686901235544723,0.04702983610095764,-0.04705262845477501
2587,1.5625,-0.04710756972524423,5.332532124408451e-6,0.002309227603422506,0.003472091775311605,0.04710756972524423,-0.04705275946123808
2588,0.625,-0.047078760550960844,5.292349525241309e-6,0.00230051070965586,0.005632759754050828,0.047078760550960844,-0.04704114755381882
2589,0.25,-0.04709539313425289,5.238556587651422e-6,0.0022887893279311274,0.001963088496195047,0.04709539313425289,-0.04703676354938065
2590,0.625,-0.047104699960130135,2.2123084057873866e-5,0.004703518263797204,0.006945853554520611,0.047104699960130135,-0.0470540755179279
2591,0.25,-0.04711478327514714,2.1997331689057052e-5,0.004690131308295862,0.0021184373951880476,0.04711478327514714,-0.04703506785201801
2592,0.625,-0.047173123447410065,1.568216727545862e-5,0.003960071625041474,0.006890249244602314,0.047173123447410065,-0.04705289542497257
2593,0.25,-0.047162514988419106,1.5174561772974587e-5,0.003895453988044858,0.0022246933618623706,0.047162514988419106,-0.04703996681143909
2594,0.625,-0.04685043123221085,1.1996923827104652e-5,0.0034636575793667384,0.007363251464880013,0.04685043123221085,-0.04705104980310562
2595,0.25,-0.04700511149931426,2.021555871040697e-5,0.004496171561496177,0.007815091655361853,0.04700511149931426,-0.04704914941074873
2596,0.1,-0.047440372356197774,5.314482456820513e-5,0.007290049695866629,0.0064709798494256695,0.047440372356197774,-0.04705370916399201
2597,0.25,-0.04708895894410673,9.708933760760946e-6,0.0031159161992519867,0.0031341724152385876,0.04708895894410673,-0.047052937708763884
2598,0.625,-0.047208095950944766,5.603918456884844e-6,0.0023672596935876817,0.0015361709431476057,0.047208095950944766,-0.047048421207054186
2599,1.5625,-0.047001909303211485,4.333069368239944e-6,0.002081602596135954,0.0011211611003098959,0.047001909303211485,-0.04704202044894226
2600,3.90625,-0.046982511127608706,2.323902887343128e-6,0.001524435268334844,0.0017132415917884567,0.046982511127608706,-0.04704069018480741
2601,9.765625,-0.04701775259777074,1.5188099135156428e-6,0.0012324000622832031,0.002528040830498743,0.04701775259777074,-0.047023106097867425
2602,3.90625,-0.047057976265784375,1.5352431445663647e-6,0.0012390492906121067,0.006623111066327607,0.047057976265784375,-0.047002399837712164
2603,1.5625,-0.047160850086439256,1.3360028990324882e-5,0.003655137342197264,0.0119433383745402,0.047160850086439256,-0.047021412878568154
2604,0.625,-0.046997821731195905,5.605863157516392e-5,0.007487231235587954,0.01677551119479725,0.046997821731195905,-0.047062941925686996
2605,0.25,-0.04837237508698455,0.00048277228623523215,0.021972079697544156,0.024455755038442942,0.04837237508698455,-0.04722084920700869
2606,0.625,-0.048085990599238536,9.181299857507476e-5,0.009581909964880423,0.007514077317614867,0.048085990599238536,-0.04722222041272936
2607,1.5625,-0.047630986980527944,4.533088267720981e-5,0.0067328213014463565,0.014097848345133068,0.047630986980527944,-0.04711694257263708
2608,0.625,-0.045311378790444154,0.00023694144513775728,0.015392902427344795,0.012668651082159168,0.045311378790444154,-0.047245122798447815
2609,1.5625,-0.04625060738723998,4.242008748745409e-5,0.006513070511475681,0.010622894345107133,0.04625060738723998,-0.047203855231491086
2610,0.625,-0.04688768102300724,4.413081913107176e-5,0.006643103125126974,0.012213743111108165,0.04688768102300724,-0.047119965849991556
2611,0.25,-0.046382038168541036,4.991052152537662e-5,0.007064737895023185,0.013393126133506506,0.046382038168541036,-0.04708927551814822
2612,0.1,-0.052813335231915136,0.015535364795547544,0.12464094349589762,0.01518326162569864,0.052813335231915136,-0.04892349047784473
2613,0.25,-0.05404541636103205,0.003935720789383525,0.06273532329862917,0.005733566022047782,0.05404541636103205,-0.0473585686455059
2614,0.625,-0.04951903576371361,0.0007145817698081583,0.026731662309107496,0.0068663757359832675,0.04951903576371361,-0.04738414040814668
2615,1.5625,-0.047647880983034165,0.0001227379181124417,0.011078714641710098,0.015546836843494545,0.047647880983034165,-0.04704308307586484
2616,0.625,-0.04384204095541468,0.000347373394380983,0.018637955745762005,0.013412814084493282,0.04384204095541468,-0.04717040638744957
2617,1.5625,-0.043703825148646805,0.0002234679428596541,0.014948844198119602,0.03010505996606851,0.043703825148646805,-0.046633222659282485
2618,0.625,-0.05065570184271183,0.001035422183863521,0.03217797669002079,0.019215844179182612,0.05065570184271183,-0.04775703526315654
2619,1.5625,-0.049469548204485646,8.095929471377295e-5,0.008997738311029775,0.0057792961317760065,0.049469548204485646,-0.047166561948196566
2620,3.90625,-0.04794237144180029,1.9580129110532096e-5,0.004424943966936994,0.015520364979124152,0.04794237144180029,-0.0470154683259303
2621,1.5625,-0.04678155900429416,2.103603433201328e-5,0.004586505677747851,0.014601342224752269,0.04678155900429416,-0.0469276606472938
2622,0.625,-0.041691756840318756,0.00033140817817955433,0.01820461969335131,0.020705603227492896,0.041691756840318756,-0.04719471824096344
2623,1.5625,-0.04405815756343883,5.008853433689339e-5,0.007077325366047077,0.010974482549930635,0.04405815756343883,-0.04710978107461224
2624,0.625,-0.04834770894423571,7.38840624437232e-5,0.008595583891960057,0.009935675641020518,0.04834770894423571,-0.04710725869100956
2625,1.5625,-0.04815788680879711,2.1665433568612978e-5,0.00465461422339306,0.0087386353556468,0.04815788680879711,-0.04708621792723581
2626,0.625,-0.04833698692023884,0.0002707969716250138,0.016455909930022522,0.008861417679810638,0.04833698692023884,-0.04723438206342166
2627,1.5625,-0.04749986340812522,5.343189699729206e-5,0.007309712511261442,0.004673043756414363,0.04749986340812522,-0.04715914497796914
2628,3.90625,-0.04685603686478779,2.6659429969688207e-5,0.005163277057227145,0.016882963336586093,0.04685603686478779,-0.047000058519705935
2629,1.5625,-0.04648925578386512,3.49917704955946e-5,0.005915384222144373,0.015322003431861204,0.04648925578386512,-0.046908442471551154
2630,0.625,-0.0468774602289585,0.00024870394334598474,0.015770350133905865,0.028546544957814505,0.0468774602289585,-0.04702517522762722
2631,0.25,-0.04800934010130452,0.005247772753534866,0.07244151263974867,0.007624307902818245,0.04800934010130452,-0.04857893115225996
2632,0.625,-0.048067371981442585,0.0009170137625670548,0.030282235098602856,0.013396369038695646,0.048067371981442585,-0.04735839753425358
2633,1.5625,-0.04756455466966796,0.00017700800153793456,0.013304435408461893,0.004688110558540341,0.04756455466966796,-0.047114198664389546
2634,3.90625,-0.04722975083971988,3.389001615256201e-5,0.005821513218447761,0.010468665613670925,0.04722975083971988,-0.04701447101461089
2635,1.5625,-0.046452712407765946,0.00010261382488960815,0.010129848216513816,0.004369972359989351,0.046452712407765946,-0.04717447122073349
2636,3.90625,-0.046615424177436346,1.5646423891681754e-5,0.003955556078692571,0.011851035337368832,0.046615424177436346,-0.04703731453720551
2637,1.5625,-0.04725053414996678,4.2689315466115366e-5,0.0065337061049694735,0.011790290264848484,0.04725053414996678,-0.04707854387301263
2638,0.625,-0.04786793132232123,0.00010783015244629856,0.01038412983577818,0.012441732300486123,0.04786793132232123,-0.0471261963805854
2639,1.5625,-0.047661000109948184,2.6118702651745154e-5,0.005110646011195175,0.0014196878641496967,0.047661000109948184,-0.04709241350623441
2640,3.90625,-0.047319393509461266,6.644706938678992e-6,0.00257773290677661,0.0029932704343641286,0.047319393509461266,-0.047081079983081586
2641,9.765625,-0.047112636661477476,2.952080551502786e-6,0.0017181619689373834,0.008507129977798468,0.047112636661477476,-0.047048972083058464
2642,3.90625,-0.04698622890936402,7.39165753156059e-6,0.0027187602931410836,0.00947442550011805,0.04698622890936402,-0.04705213015282434
2643,1.5625,-0.047106291339215574,7.3505364577703915e-6,0.0027111872782547486,0.009708455239685759,0.047106291339215574,-0.04701501297931568
2644,0.625,-0.047133832388375554,7.2701117588471115e-6,0.0026963144769939413,0.014233135838637508,0.047133832388375554,-0.04699896855606165
2645,0.25,-0.046768719901502595,0.0007450195094754538,0.027295045511510945,0.02378225251645371,0.046768719901502595,-0.04719968697224121
2646,0.625,-0.046269235132245096,0.00012341187327952552,0.011109089669253981,0.009275020542672477,0.046269235132245096,-0.04719699630348615
2647,1.5625,-0.04670736035048294,1.3193693439664885e-5,0.0036323124094252805,0.005189328136120975,0.04670736035048294,-0.047141046939526976
2648,0.625,-0.04706020530583119,9.094488818773004e-5,0.00953650293282239,0.010875472648214321,0.04706020530583119,-0.04717846475808508
2649,1.5625,-0.04686826442563021,2.5210506344969037e-5,0.005021006507162587,0.006016357561272897,0.04686826442563021,-0.04715572333791
2650,3.90625,-0.04688537139318457,1.791856059562905e-5,0.004233032080628382,0.007805961238104878,0.04688537139318457,-0.04706038361011369
2651,1.5625,-0.04729655283779591,7.164333361203316e-5,0.008464238513418272,0.0086947938329874,0.04729655283779591,-0.04718379683718112
2652,3.90625,-0.0472131643985906,1.0369013625498948e-5,0.003220095282052838,0.0027911886789140326,0.0472131643985906,-0.04708435544682989
2653,9.765625,-0.047130455568121364,5.69330368877776e-6,0.0023860644770788905,0.018921662541252257,0.047130455568121364,-0.047010167328508747
2654,3.90625,-0.04682008295277372,2.7663351073752998e-5,0.005259596094164741,0.011261263232768463,0.04682008295277372,-0.04717512369433303
2655,1.5625,-0.046847565244242675,3.8463881250604785e-5,0.006201925608277222,0.009657397883309242,0.046847565244242675,-0.04710565628646921
2656,0.625,-0.04723087822552039,5.326784067542786e-5,0.007298482080229276,0.013493120960170388,0.04723087822552039,-0.04706738163121661
2657,0.25,-0.04755301083799195,0.0004093392555343531,0.020232134230830742,0.0068342986586397494,0.04755301083799195,-0.047164243859619474
2658,0.625,-0.04744941879076983,4.716349616767648e-5,0.0068675684319616705,0.0011425801319815047,0.04744941879076983,-0.047130705922653296
2659,1.5625,-0.04738700041077445,3.885606536119121e-5,0.006233463352037229,0.014536935623507448,0.04738700041077445,-0.04704058039937271
2660,0.625,-0.04663988599411773,0.0002149622204022647,0.014661589968426505,0.00764062283867982,0.04663988599411773,-0.047215536523951884
2661,1.5625,-0.046776461910624574,1.8985462494553037e-5,0.004357231058201187,0.009784960175219674,0.046776461910624574,-0.04709636229590095
2662,0.625,-0.04728136943359691,2.7200132793732706e-5,0.005215374655164546,0.008998009754909575,0.04728136943359691,-0.04707818449066808
2663,0.25,-0.04677259203995623,7.10272160281542e-5,0.008427764592592403,0.004168873963456641,0.04677259203995623,-0.04708978362167096
2664,0.625,-0.04724879473863174,1.3207072341550726e-5,0.003634153593555276,0.0033376143196950894,0.04724879473863174,-0.047085212609410385
2665,1.5625,-0.047157350445375515,8.35046393016072e-6,0.002889716929071206,0.0010994706741577292,0.047157350445375515,-0.04706801458704232
2666,3.90625,-0.047169589677181795,8.016525563174433e-6,0.0028313469521014964,0.008978812987117984,0.047169589677181795,-0.04702393212746301
2667,1.5625,-0.04724181666923228,0.00011663700305045865,0.010799861251444791,0.006910734030886375,0.04724181666923228,-0.04719501772224136
2668,3.90625,-0.04708557240709005,1.459868591221642e-5,0.0038208226747935346,0.008806666180070841,0.04708557240709005,-0.04708439218301318
2669,1.5625,-0.04685112329252584,2.183347762674459e-5,0.004672630696593151,0.008236638084185531,0.04685112329252584,-0.04707970504569402
2670,0.625,-0.0466316998139873,4.526916791846009e-5,0.006728236612847388,0.008971753160137102,0.0466316998139873,-0.04708134302328255
2671,0.25,-0.04684629302103517,9.97089083176181e-5,0.009985434808640939,0.001229174002572769,0.04684629302103517,-0.04710472512092891
2672,0.625,-0.04650280390684949,1.4930473006116459e-5,0.0038639970245998453,0.0011219573233865006,0.04650280390684949,-0.04708513746095571
2673,1.5625,-0.046766857199309134,9.083664858899739e-6,0.003013911886386153,0.0012993390248769133,0.046766857199309134,-0.047071098286497776
2674,3.90625,-0.047022213481023534,5.141475170657071e-6,0.002267482121353346,0.010672314335854586,0.047022213481023534,-0.04705691476434896
2675,1.5625,-0.047198935054001,1.0433705885426527e-5,0.003230124747657051,0.006969566544112765,0.047198935054001,-0.04705542040149567
2676,0.625,-0.04752840242881989,2.4546602401758588e-5,0.004954452785299158,0.009902306886885908,0.04752840242881989,-0.04706309784159634
2677,0.25,-0.04779453242651146,3.291687535045408e-5,0.005737323012560308,0.00629450457308036,0.04779453242651146,-0.047049658231476166
2678,0.625,-0.04748769517399628,1.6017209710952182e-5,0.004002150635714775,0.010289483542353617,0.04748769517399628,-0.04703636779217711
2679,0.25,-0.0499463538966812,0.0022968478119852623,0.04792544013345378,0.021738223864466052,0.0499463538966812,-0.04741336042935474
2680,0.625,-0.0482298286225488,0.0006942359491809346,0.026348357618283053,0.01025274374188775,0.0482298286225488,-0.04708278129327959
2681,1.5625,-0.04725229529465315,0.00024587592506396467,0.0156804312779963,0.007135801266590039,0.04725229529465315,-0.04682294093648364
2682,3.90625,-0.04670012752514573,0.00016165783829871717,0.01271447357536745,0.008307328529301463,0.04670012752514573,-0.04680329725529944
2683,9.765625,-0.046562759782137794,9.621112863509534e-5,0.009808727166921065,0.018805548776104446,0.046562759782137794,-0.045672378243706964
2684,3.90625,-0.04699290207800695,0.0006263796978741229,0.02502757874573813,0.005365174084755502,0.04699290207800695,-0.049764778080725235
2685,9.765625,-0.04718396915499648,1.4404877708400839e-5,0.0037953758322991993,0.01593735501815529,0.04718396915499648,-0.04711536348358719
2686,3.90625,-0.04722180777600015,1.654358158643184e-5,0.004067380187102238,0.011944890496650335,0.04722180777600015,-0.04704426759830625
2687,1.5625,-0.047589799463688603,0.00016384262860507786,0.012800102679474014,0.011535333560878498,0.047589799463688603,-0.047368489363940995
2688,3.90625,-0.04757904200750259,2.4269327543593144e-5,0.004926390924763598,0.008048851937379902,0.04757904200750259,-0.04715000326095425
2689,1.5625,-0.047112602607712536,3.9604841818051386e-5,0.00629323778496025,0.008488563675645384,0.047112602607712536,-0.04713330169852929
2690,0.625,-0.04623545493890478,9.051681597876478e-5,0.009514032582389278,0.0133186261951288,0.04623545493890478,-0.047170040197085324
2691,0.25,-0.0470487124385116,0.00014473729380715036,0.01203068135257311,0.00811783719136017,0.0470487124385116,-0.04715320932560895
2692,0.625,-0.04740013422701816,6.105669309142124e-5,0.007813878236280703,0.001534602226449568,0.04740013422701816,-0.04718094785327879
2693,1.5625,-0.04727067860659814,5.150292592650441e-5,0.007176553903267529,0.02050310775302812,0.04727067860659814,-0.04705816208270891
2694,0.625,-0.04698667116552599,0.00011994193252809604,0.010951800424044261,0.018724323916761966,0.04698667116552599,-0.047047976849391375
2695,0.25,-0.04514131409714325,0.0014080475033070483,0.03752395905694185,0.01624012167506137,0.04514131409714325,-0.0474706719880644
2696,0.625,-0.04602273870938723,7.371506796995437e-5,0.008585747956349194,0.006275135712547753,0.04602273870938723,-0.04716680172018998
2697,1.5625,-0.04657429638595546,1.9382316378246845e-5,0.004402535221692933,0.005902985935900696,0.04657429638595546,-0.04711708250514944
2698,0.625,-0.0472589254892882,2.3434603241838944e-5,0.004840929997618117,0.0032726501534909363,0.0472589254892882,-0.04708676169315966
2699,1.5625,-0.04695913602015608,1.554453613192206e-5,0.003942655974330256,0.0013341686027124465,0.04695913602015608,-0.04705236090588137
2700,3.90625,-0.047147935043165355,1.1059354444372355e-5,0.003325560771414703,0.006189119040403836,0.047147935043165355,-0.047069603903296724
2701,1.5625,-0.047430738375750015,1.6181565652224055e-5,0.004022631682396992,0.010268852931432829,0.047430738375750015,-0.04704047673904489
2702,0.625,-0.04771019717292252,7.304794099275424e-5,0.008546808819246762,0.00960749193913458,0.04771019717292252,-0.0470939123872432
2703,1.5625,-0.047339837937786934,1.6554234386619784e-5,0.004068689517107417,0.006885266842822746,0.047339837937786934,-0.04706843729544964
2704,0.625,-0.047151256282331515,1.7950317149107214e-5,0.004236781461098414,0.009158031770811289,0.047151256282331515,-0.04703637346832317
2705,0.25,-0.04674992612487242,2.380970112419331e-5,0.004879518534055723,0.0059506221884099994,0.04674992612487242,-0.04702681248097313
2706,0.625,-0.04691521964306465,1.4478303098527731e-5,0.003805036543652075,0.0016370210695758143,0.04691521964306465,-0.047014796336260295
2707,1.5625,-0.04710473859145208,1.417302740789031e-5,0.0037647081437862232,0.013538016304164296,0.04710473859145208,-0.0469831846756152
2708,0.625,-0.046954898974853956,0.0002164779892343688,0.014713190994287025,0.017040852072748577,0.046954898974853956,-0.04713484368363328
2709,1.5625,-0.04694725115047973,1.860102333868354e-5,0.004312890369425536,0.007135888711429077,0.04694725115047973,-0.047103315328081756
2710,0.625,-0.04702627135787029,1.850550866290059e-5,0.004301802954913276,0.006318400039222899,0.04702627135787029,-0.04707024224688009
2711,0.25,-0.047447835581161786,3.373217057047846e-5,0.005807940303625586,0.006634080051174739,0.047447835581161786,-0.047066311919407244
2712,0.625,-0.047051547001321074,1.3499956757677225e-5,0.003674228729635272,0.004813909063964656,0.047051547001321074,-0.04705533124841149
2713,0.25,-0.04698019788646753,1.3110935302009613e-5,0.0036209025535092233,0.0015878240923195234,0.04698019788646753,-0.04704419449933884
2714,0.625,-0.04613060889196765,0.00015766243986383186,0.012556370489270849,0.008748263262967813,0.04613060889196765,-0.04719326764339588
2715,1.5625,-0.04671860094648448,4.100254750073206e-5,0.006403323160729283,0.010945290609735314,0.04671860094648448,-0.04710186216124953
2716,0.625,-0.04765285953301213,0.00011619476546737135,0.010779367581976753,0.007014990339048953,0.04765285953301213,-0.04718149722553186
2717,1.5625,-0.047886405355027924,2.5859015218349605e-5,0.005085176026289513,0.009315843240004177,0.047886405355027924,-0.04710912152371033
2718,0.625,-0.04765756785958182,2.7216380373062683e-5,0.005216932084382802,0.008077004981783471,0.04765756785958182,-0.04705711201914817
2719,0.25,-0.04633983777183818,0.0006356987733231864,0.025213067511177342,0.007708593898998735,0.04633983777183818,-0.047246116316067344
2720,0.625,-0.04653288772370941,0.0001422722500310779,0.01192779317523061,0.012491510655253762,0.04653288772370941,-0.04708006660198257
2721,1.5625,-0.04677477066804955,2.8776281535098847e-5,0.005364352853336444,0.006831292297518875,0.04677477066804955,-0.04711112944110766
2722,0.625,-0.04723627744310376,3.577621339776542e-5,0.005981322044311393,0.009526564072605256,0.04723627744310376,-0.04708097710845905
2723,0.25,-0.048405886513699814,0.00010057292406929837,0.010028605290333167,0.0015210089388309233,0.048405886513699814,-0.04709993672076598
2724,0.625,-0.04748916942317475,1.8737372625763856e-5,0.004328668689766388,0.011877220401410378,0.04748916942317475,-0.047072618115583435
2725,0.25,-0.04740953823157267,6.19714175230972e-5,0.007872192675684278,0.005918569277532825,0.04740953823157267,-0.04708398431697965
2726,0.625,-0.04733121860625451,1.4399344269622285e-5,0.0037946467911549138,0.0034256790947687506,0.04733121860625451,-0.047068480913345485
2727,1.5625,-0.04733282555621332,8.16299908022389e-6,0.002857096267230751,0.0010431677451266616,0.04733282555621332,-0.047055045759523385
2728,3.90625,-0.047100019438598324,6.573300586887834e-6,0.0025638448835465523,0.006990507106784421,0.047100019438598324,-0.0470463643312567
2729,1.5625,-0.047006361502015113,6.555124110462681e-6,0.002560297660519706,0.0022646162510102192,0.047006361502015113,-0.047011448755364234
2730,3.90625,-0.04699275075728339,6.270487834475448e-6,0.0025040942143768168,0.0129713922501795,0.04699275075728339,-0.046980368857189904
2731,1.5625,-0.04665134140571755,0.0001338288907199307,0.0115684437466727,0.0060280601104100535,0.04665134140571755,-0.0472624521875207
2732,3.90625,-0.046660275334311184,2.4958882609658306e-5,0.004995886568934318,0.020370209311538146,0.046660275334311184,-0.047021466976839746
2733,1.5625,-0.04715297021917526,0.00013167080219964012,0.011474789854269233,0.01052963177757181,0.04715297021917526,-0.04727566153400458
2734,3.90625,-0.04752239537688697,0.0001200579914110299,0.010957097764053668,0.033873386587487245,0.04752239537688697,-0.04659151188536196
2735,1.5625,-0.04735322765903768,0.0006584458580069652,0.02566019988244373,0.003050855542065177,0.04735322765903768,-0.04819506176976167
2736,3.90625,-0.04681369042780817,6.282073735512184e-5,0.007925953403542178,0.02025242007560213,0.04681369042780817,-0.04695395563140996
2737,1.5625,-0.04554495594961276,0.00011832959433791933,0.010877940721382854,0.025386048597364503,0.04554495594961276,-0.04688317036371705
2738,0.625,-0.04602002324664606,0.0010536302846545509,0.03245967166584639,0.005600893130575893,0.04602002324664606,-0.04800253989076923
2739,1.5625,-0.047165027297576344,0.00014063376176355337,0.011858910648265858,0.012622694264306294,0.047165027297576344,-0.047147089257805835
2740,3.90625,-0.047472843773095796,6.538316708502162e-5,0.008085985844967924,0.024230265664656938,0.047472843773095796,-0.046778821277943056
2741,1.5625,-0.047675775397128375,0.0003338220356150491,0.018270797344808166,0.021522172957727816,0.047675775397128375,-0.04730796696581663
2742,3.90625,-0.04708441994121931,4.4292289650024955e-5,0.006655245273468511,0.008963422756051356,0.04708441994121931,-0.047209463174424156
2743,1.5625,-0.0463181912268754,4.240912366635707e-5,0.00651222877871755,0.0090799589423186,0.0463181912268754,-0.047104990472806356
2744,0.625,-0.046087217628895345,5.459280752356357e-5,0.007388694575062876,0.012472474421968586,0.046087217628895345,-0.04704951333079476
2745,0.25,-0.04552157035373921,0.00030512537477014184,0.017467838297000056,0.012196055911104876,0.04552157035373921,-0.047111867991336986
2746,0.625,-0.047043326278279375,5.904155243019753e-5,0.007683850104615363,0.002137522302504746,0.047043326278279375,-0.047111216609147355
2747,1.5625,-0.047099162672586244,1.771401598000794e-5,0.004208802202528403,0.0014796037861775071,0.047099162672586244,-0.047069150714226606
2748,3.90625,-0.047021022377399926,1.151853266715599e-5,0.003393896384269265,0.013089364452214206,0.047021022377399926,-0.0470128222385895
2749,1.5625,-0.0466176729424864,1.3823148910855495e-5,0.003717949557330693,0.013175535899103332,0.0466176729424864,-0.046957448114092526
2750,0.625,-0.04747796781806618,0.000873654564347477,0.02955764815318494,0.0033875238984561714,0.04747796781806618,-0.04766956049160232
2751,1.5625,-0.04768747379807934,0.00012605161273980897,0.0112272709390933,0.005442752310922414,0.04768747379807934,-0.047152812886738144
2752,3.90625,-0.047587173559456304,4.03280696967097e-5,0.00635043854365269,0.026603715624594557,0.047587173559456304,-0.04691513593324182
2753,1.5625,-0.04698051721299589,0.0001662393930504697,0.012893385631806323,0.005161538484354705,0.04698051721299589,-0.04738495348082842
2754,3.90625,-0.04667598855092229,2.3831248799623742e-5,0.0048817260062014685,0.008823809613705765,0.04667598855092229,-0.04708397838243082
2755,1.5625,-0.0464039847808761,4.4491433306269695e-5,0.00667018990031541,0.00697879169447918,0.0464039847808761,-0.04709597569603631
2756,3.90625,-0.0467439576236302,7.416396000045221e-6,0.0027233060790232927,0.009526690145905565,0.0467439576236302,-0.04705807447166671
2757,1.5625,-0.0469192617771374,8.312121753903862e-6,0.0028830750517292924,0.010462067909990887,0.0469192617771374,-0.047027092803358976
2758,0.625,-0.04863195199501405,0.00043166220855895177,0.020776482102583,0.00845314350943554,0.04863195199501405,-0.04732238043310696
2759,1.5625,-0.04822624344322282,7.243127188064838e-5,0.008510656371905071,0.010811193068218032,0.04822624344322282,-0.04710797682254622
2760,0.625,-0.04717474826811002,0.00014901967732682225,0.012207361603836524,0.011060691781728206,0.04717474826811002,-0.04708090622054243
2761,1.5625,-0.046789509651995326,4.972176911449464e-5,0.0070513664714362025,0.010677794135235976,0.046789509651995326,-0.047003437383851675
2762,0.625,-0.04637024776697606,0.00010830401933989738,0.010406921703361537,0.019496314355469505,0.04637024776697606,-0.046974445800706734
2763,0.25,-0.05147348730340035,0.002483129517812462,0.049831009600573635,0.014722628085525623,0.05147348730340035,-0.04737783654052577
2764,0.625,-0.04839907215025324,0.00026545453401112073,0.01629277551588804,0.00832724916683965,0.04839907215025324,-0.04726817246911258
2765,1.5625,-0.046812275997252364,7.202420640985871e-5,0.008486707630751676,0.00827955050763737,0.046812275997252364,-0.04705933273725123
2766,3.90625,-0.04667144082483087,3.37662117354617e-5,0.005810870135828343,0.019550374978329756,0.04667144082483087,-0.04695018430115102
2767,1.5625,-0.0472992898953719,0.0001432454765921269,0.011968520234019195,0.01235249622550824,0.0472992898953719,-0.04725983597437418
2768,3.90625,-0.04694322186461828,1.998107319287945e-5,0.004470019372763328,0.0030095708860479503,0.04694322186461828,-0.047100795036826605
2769,9.765625,-0.046842042069812545,1.6187767122958038e-5,0.004023402431146807,0.02661013254586424,0.046842042069812545,-0.046869213198567884
2770,3.90625,-0.04732315287996363,9.922228412451147e-5,0.009961038305543828,0.008607395928567905,0.04732315287996363,-0.0475011269974263
2771,9.765625,-0.04731185912303443,1.0093002174453878e-5,0.0031769485633944216,0.017732769572531816,0.04731185912303443,-0.04704201931161583
2772,3.90625,-0.046818917349625115,1.6082480989197974e-5,0.004010296870457095,0.015281193991243926,0.046818917349625115,-0.046980538250823746
2773,1.5625,-0.04702495026534745,0.00018242733126238453,0.0135065662276681,0.009976243459354408,0.04702495026534745,-0.047395908550877414
2774,3.90625,-0.04698688805108178,2.918412299235059e-5,0.005402233148647936,0.0017563864480599014,0.04698688805108178,-0.047090496163817754
2775,9.765625,-0.04710029910935256,8.755668202377287e-6,0.002958997837508045,0.02578929223422316,0.04710029910935256,-0.04698357999635587
2776,3.90625,-0.04724736779879853,1.3425264972256738e-5,0.003664050350671609,0.01996943592004705,0.04724736779879853,-0.046914649740021644
2777,1.5625,-0.04788204835706839,0.00019133398423166703,0.01383235280896446,0.01942593366302138,0.04788204835706839,-0.047228873820145116
2778,0.625,-0.04623785625081604,0.0018680459641136895,0.043220897308057935,0.005372050999734866,0.04623785625081604,-0.04854405343958067
2779,1.5625,-0.04609064300798431,0.0002609380863550156,0.016153578128545253,0.004005185138147129,0.04609064300798431,-0.047259108027794
2780,3.90625,-0.04662844086356605,7.60220419503963e-5,0.008719061987989092,0.020985679176648234,0.04662844086356605,-0.0467795424556027
2781,1.5625,-0.045997424348642575,0.00021022739723517128,0.014499220573367772,0.021878369442201343,0.045997424348642575,-0.046873699533962455
2782,0.625,-0.04896527571734359,0.0021357176691885584,0.04621382551995191,0.012350515294717077,0.04896527571734359,-0.048165316077786235
2783,1.5625,-0.04742774863154964,0.0013236136954107834,0.03638150210492667,0.07771246086028372,0.04742774863154964,-0.0446388732342354
2784,0.625,-0.05076739457701073,0.0075049731964991935,0.08663124838358958,0.008448434958294155,0.05076739457701073,-0.05164578978280909
2785,1.5625,-0.04910803042232879,0.00063905820019381,0.02527960047535977,0.01564100159968634,0.04910803042232879,-0.046735193834072895
2786,3.90625,-0.047758962819243404,0.00018362246148402809,0.013550736566106954,0.012897889250341512,0.047758962819243404,-0.04660601860188473
2787,9.765625,-0.04714536624436636,3.063626540670047e-5,0.00553500365010724,0.021211963149651195,0.04714536624436636,-0.04722150172133363
2788,3.90625,-0.046182677393568815,1.8039075313645682e-5,0.004247243260474455,0.020432282648548305,0.046182677393568815,-0.04704060021540603
2789,1.5625,-0.04550694903050881,3.246851152416931e-5,0.005698114734205456,0.014536597312732482,0.04550694903050881,-0.047010670625911945
2790,0.625,-0.046129748833124824,0.0001306571841095413,0.01143053734999109,0.023277719732953065,0.046129748833124824,-0.047099210461432534
2791,0.25,-0.04534843969373068,0.0050540609342700615,0.07109191890974713,0.012780035489654598,0.04534843969373068,-0.048506277427458784
2792,0.625,-0.04400572733213749,0.0009725001058920615,0.03118493395683341,0.011325087031580552,0.04400572733213749,-0.047266786178856095
2793,1.5625,-0.04448594138616637,0.00039571316688592707,0.01989254048345578,0.010486621846790112,0.04448594138616637,-0.04663602458745175
2794,3.90625,-0.04615738589428008,0.00015285674373017064,0.012363524729225507,0.014509905481110922,0.04615738589428008,-0.046323354743788014
2795,9.765625,-0.046949440341246346,0.00015940822461491655,0.012625696995212444,0.018239934418408925,0.046949440341246346,-0.0462124742772838
2796,3.90625,-0.04790766438309665,0.0007479773782329609,0.027349175092367246,0.012772546048001357,0.04790766438309665,-0.048036110324373646
2797,9.765625,-0.04714838523173777,0.00013039909095973905,0.011419242135962397,0.017689150282481195,0.04714838523173777,-0.045702523978904036
2798,3.90625,-0.04673360892015306,0.0007770216250396617,0.027875107623822042,0.02908147527279712,0.04673360892015306,-0.049042579205004176
2799,9.765625,-0.04694974037564754,0.00013458739295786848,0.011601180670857103,0.013865746172648482,0.04694974037564754,-0.045700018789514116
2800,24.4140625,-0.04654274150051832,7.619992433200488e-5,0.008729256802958937,0.03158273245501137,0.04654274150051832,-0.04333098330471433
2801,9.765625,-0.04540248872111006,0.0007640587577594216,0.027641612792299614,0.02961894088842729,0.04540248872111006,-0.05180708194603628
2802,24.4140625,-0.045716224132236014,0.0001411850830591223,0.011882132933910574,0.03521955258882492,0.045716224132236014,-0.04375813127926116
2803,9.765625,-0.046529097136489034,0.00015744139071487405,0.012547565130927755,0.08725130371989126,0.046529097136489034,-0.039702390290961814
2804,3.90625,-0.05010693961910624,0.004636898575274231,0.06809477641694868,0.11527347888163011,0.05010693961910624,-0.06966965161088201
2805,1.5625,-0.047018361974422045,0.00350585816495247,0.059210287661456855,0.01623915274719428,0.047018361974422045,-0.05754490699498578
2806,3.90625,-0.04585907065004636,0.0007699097674276527,0.027747247925292567,0.01516839609155796,0.04585907065004636,-0.05044227994921009
2807,9.765625,-0.04578862258363148,0.00020865623453872271,0.014444938024744957,0.013311323720940814,0.04578862258363148,-0.04621953256140523
2808,24.4140625,-0.046191904083168,8.969062574403129e-5,0.009470513488931383,0.13832246294717807,0.046191904083168,-0.04290042150337697
2809,9.765625,-0.04610521247763349,0.0007659575666274125,0.027675938405543044,0.07518622673794267,0.04610521247763349,-0.05140576507278545
2810,3.90625,-0.04665080375046448,0.0013298268958800933,0.036466791686136764,0.015080995852092658,0.04665080375046448,-0.05292052885064011
2811,9.765625,-0.04619083081199599,0.0002148913097041331,0.014659171521751599,0.021655089057830104,0.04619083081199599,-0.046055721288127564
2812,3.90625,-0.047492720922308516,0.0009161548061381638,0.03026804926218675,0.0806687089697629,0.047492720922308516,-0.05000925695985446
2813,1.5625,-0.04668452286138956,0.0020978641511001286,0.04580244699904284,0.013356269669555476,0.04668452286138956,-0.04993545058012613
2814,3.90625,-0.046730487566704726,0.00032645707282445984,0.018068123112942855,0.015541692021970246,0.046730487566704726,-0.0473565992558976
2815,9.765625,-0.046949218214492904,8.652309273400372e-5,0.00930177900909303,0.02150265745403346,0.046949218214492904,-0.046564018061458025
2816,3.90625,-0.0461750506659724,0.00012148102202400276,0.01102184295043269,0.06367462562144298,0.0461750506659724,-0.045914186008450285
2817,1.5625,-0.04623775876433267,0.0018841662829748808,0.043406984264918486,0.01779663002074362,0.04623775876433267,-0.05059262074527453
2818,3.90625,-0.046602631962259125,0.0002447937286273308,0.015645885357733223,0.015393697397778334,0.046602631962259125,-0.04765259617321304
2819,9.765625,-0.046681659703133975,3.8702225134659975e-5,0.006221111245964018,0.02049417571339992,0.046681659703133975,-0.046863784841547344
2820,3.90625,-0.047119254448512476,0.00016218127904369046,0.01273504138366619,0.011163823844608322,0.047119254448512476,-0.04734518531526917
2821,9.765625,-0.04744607224932112,6.781629731994208e-5,0.008235065107207232,0.0855783173930323,0.04744607224932112,-0.04622552572739439
2822,3.90625,-0.046630532628883684,0.0003360382644120234,0.018331346497516852,0.014309558873499833,0.046630532628883684,-0.048268790852876775
2823,9.765625,-0.046475220450715025,2.041981938018507e-5,0.004518829425878462,0.01956913366869188,0.046475220450715025,-0.0468722892889813
2824,3.90625,-0.04652480921116044,1.9835259394753353e-5,0.004453679309823885,0.017151965588192996,0.04652480921116044,-0.046601530868487985
2825,1.5625,-0.04912432824540555,0.001400725917334547,0.03742627308902861,0.11195834153880108,0.04912432824540555,-0.04896852856511505
2826,0.625,-0.052867938837324456,0.0033674535910687797,0.05802976469940904,0.010598720116246551,0.052867938837324456,-0.050076811785171794
2827,1.5625,-0.04950047986171199,0.00055501727172402,0.023558804547854716,0.028581564831385554,0.04950047986171199,-0.04770908474629698
2828,3.90625,-0.04751809394319261,0.00013908249505036524,0.01179332417303812,0.01793223088136,0.04751809394319261,-0.046904189424893994
2829,1.5625,-0.04608400492690703,0.00046729673127681603,0.021617047237696828,0.019987820356784865,0.04608400492690703,-0.047706146209357946
2830,3.90625,-0.04611957510858535,5.4887315556704286e-5,0.007408597408194367,0.023251328441349528,0.04611957510858535,-0.04716854058140188
2831,1.5625,-0.04593882803828271,5.9301057678129986e-5,0.007700717997572043,0.021440983359724677,0.04593882803828271,-0.04692183078089532
2832,0.625,-0.0464886392228201,0.001605075834962548,0.040063397696183334,0.01110809272194865,0.0464886392228201,-0.047935373153704525
2833,1.5625,-0.04643167983987325,0.0002751010701784576,0.01658617105236943,0.015185574600402358,0.04643167983987325,-0.047245828519847675
2834,3.90625,-0.04687995159351603,6.067854372333998e-5,0.007789643363039157,0.018285080062382934,0.04687995159351603,-0.04703082303762748
2835,1.5625,-0.04687365566882276,6.347729861061287e-5,0.007967264186068695,0.02424375710875991,0.04687365566882276,-0.04671589335775266
2836,0.625,-0.04643813846615802,0.00023896453881264984,0.015458477894432228,0.02466684830303101,0.04643813846615802,-0.046761662909602895
2837,0.25,-0.048799913938051616,0.009327825190430013,0.09658066675287562,0.03298128986901568,0.048799913938051616,-0.050043480266475086
2838,0.625,-0.0476838323684475,0.0022907024853583216,0.04786128378301528,0.04120701118219756,0.0476838323684475,-0.04754977137281021
2839,1.5625,-0.04616129700367543,0.0006692838428093677,0.025870520729381688,0.05327409630116915,0.04616129700367543,-0.04641066301254822
2840,0.625,-0.049019795459074644,0.0027739461012287908,0.05266826464987043,0.008690758662748752,0.049019795459074644,-0.04855193752041701
2841,1.5625,-0.049336332618664,0.0003355926001533516,0.018319186667353757,0.052053348412371137,0.049336332618664,-0.04697583404503413
2842,0.625,-0.0468880701943419,0.001552798176148456,0.03940556021868559,0.02626392305130734,0.0468880701943419,-0.04766308863093621
2843,1.5625,-0.045981739937462976,0.00019657853723679673,0.014020646819487207,0.020104928183320075,0.045981739937462976,-0.04726376690541777
2844,0.625,-0.04604205116578866,0.00019702591695456938,0.014036592070533694,0.020969074429484952,0.04604205116578866,-0.046907123421656295
2845,0.25,-0.04445933798873983,0.0002771047025349223,0.01664646216272161,0.02123576580846679,0.04445933798873983,-0.04682077574048536
2846,0.1,-0.04236921482926614,0.017885350968819748,0.13373612439733606,0.012425683709610419,0.04236921482926614,-0.0494087295552988
2847,0.25,-0.041207698008154665,0.003930265330634559,0.06269182826042449,0.030285578656263606,0.041207698008154665,-0.048063960998077214
2848,0.625,-0.04422736413539797,0.0010250799086466277,0.03201686912623762,0.010208532777803748,0.04422736413539797,-0.047244761612665595
2849,1.5625,-0.04653078359202849,0.0002495393203790484,0.015796813614746753,0.01794515216784424,0.04653078359202849,-0.04695474890103426
2850,3.90625,-0.047145738919730146,5.7943824608697545e-5,0.007612084117289926,0.01886042598876554,0.047145738919730146,-0.04695819085559897
2851,1.5625,-0.04774042482180967,0.00018352067963362065,0.013546980461845387,0.0040180571036929685,0.04774042482180967,-0.04727068632764141
2852,3.90625,-0.047618505009965235,2.533498344491187e-5,0.005033386876141339,0.021901013152986346,0.047618505009965235,-0.04705517771903912
2853,1.5625,-0.04710141554988902,6.702722201186087e-5,0.008187015452035063,0.01494885805932929,0.04710141554988902,-0.04713675196296238
2854,0.625,-0.04687859423403422,6.52142028856036e-5,0.008075531120960627,0.013843356253971243,0.04687859423403422,-0.0469956476907896
2855,0.25,-0.04745445981779244,0.0007238431219782073,0.02690433277333239,0.02649721583643733,0.04745445981779244,-0.04725932549451648
2856,0.625,-0.047008035499374774,0.00016324093398930114,0.012776577553840509,0.01601724486784174,0.047008035499374774,-0.047180294479811424
2857,0.25,-0.04540466558046964,0.00023607847730234654,0.015364845502065634,0.012481741477242615,0.04540466558046964,-0.04710517443637326
2858,0.625,-0.04525413381040467,0.00011485953191271024,0.01071725393525367,0.013616147539668859,0.04525413381040467,-0.04716450463191686
2859,0.25,-0.045004793506341415,0.00011597217470610151,0.010769037779955158,0.012152066773734073,0.045004793506341415,-0.047068774066391206
2860,0.625,-0.04746296224558877,0.00012791293375744825,0.011309860023777847,0.010409563945477478,0.04746296224558877,-0.047170941785825725
2861,1.5625,-0.047447879789775535,2.605120988556357e-5,0.005104038585822365,0.00838362129125853,0.047447879789775535,-0.04710020073930492
2862,0.625,-0.04741650129730691,2.744513194057576e-5,0.005238810164586588,0.010275306560752448,0.04741650129730691,-0.0470517034441014
2863,0.25,-0.04741842614688487,2.712876549753585e-5,0.00520852815078654,0.002877934927909086,0.04741842614688487,-0.04702805316066156
2864,0.625,-0.04731538374883083,2.6216952821719326e-5,0.0051202492929269885,0.013586532792097,0.04731538374883083,-0.047006047378644125
2865,0.25,-0.046390629126200095,0.0005419655228139348,0.023280152980896297,0.0059350821386039716,0.046390629126200095,-0.04717059834703451
2866,0.625,-0.04662493938263311,4.2689351344740666e-5,0.006533708850625398,0.005464947919452349,0.04662493938263311,-0.04710190497650958
2867,1.5625,-0.04739442778537966,2.3380530221586007e-5,0.004835341789531119,0.012834985625367674,0.04739442778537966,-0.047060634114849904
2868,0.625,-0.04741779572243851,2.3073115430301203e-5,0.004803448285378037,0.003544308783462487,0.04741779572243851,-0.04701016839041364
2869,1.5625,-0.0468307881323952,2.605381144398607e-5,0.005104293432394543,0.020923662292055212,0.0468307881323952,-0.047016138034916895
2870,0.625,-0.047950153442250475,6.089886790053841e-5,0.007803772670993076,0.012632472655260988,0.047950153442250475,-0.04703865141534867
2871,0.25,-0.04474005279900492,0.0030121535519349097,0.05488308985411545,0.004777142687493573,0.04474005279900492,-0.0478943280328394
2872,0.625,-0.044648266397745544,0.00055551769874423,0.023569422961630393,0.01516057595177392,0.044648266397745544,-0.04704651241848902
2873,1.5625,-0.04462633422586391,0.00030043172293613954,0.01733296636286298,0.05325751921466138,0.04462633422586391,-0.046441556037582064
2874,0.625,-0.04702908212029158,0.0021282054422878225,0.04613247708814065,0.00703547841949284,0.04702908212029158,-0.04798880427667156
2875,1.5625,-0.048280412554657384,0.0002692785095279664,0.01640970778313759,0.02775511139991079,0.048280412554657384,-0.047035119218853665
2876,0.625,-0.046851921945094195,0.0007025326922457437,0.026505333279280674,0.03139208723572902,0.046851921945094195,-0.04720067528142215
2877,1.5625,-0.04649637111135112,0.00012171996318082086,0.011032677063198255,0.013819625005318007,0.04649637111135112,-0.04696067589730589
2878,0.625,-0.04851248681161811,0.0008003176597577723,0.028289886174351644,0.0269848212868936,0.04851248681161811,-0.04745194458905902
2879,1.5625,-0.04819202602438173,0.00012248149612115202,0.011067135858981402,0.014112249169721112,0.04819202602438173,-0.0470834257963563
2880,0.625,-0.048246992196662855,0.00017056334737634797,0.013059990328340522,0.04534347590048208,0.048246992196662855,-0.046908099394898296
2881,0.25,-0.04665843049958046,0.0020334308128306623,0.04509357839904327,0.029688955444199618,0.04665843049958046,-0.047419592257957485
2882,0.625,-0.04620807001522912,0.00027181564293826167,0.016486832410692532,0.03163242624072527,0.04620807001522912,-0.04720210032209584
2883,0.25,-0.04802500539863533,0.0007703756802373654,0.027755642313543483,0.01575322179547641,0.04802500539863533,-0.04729959639398964
2884,0.625,-0.047755481392558474,0.00017341514573276614,0.013168718454457372,0.006906188352507178,0.047755481392558474,-0.04716020454584936
2885,1.5625,-0.047237155271508034,9.191502083377321e-5,0.00958723217794235,0.0167406517337142,0.047237155271508034,-0.04695954756355132
2886,0.625,-0.04638275197491234,0.0006264709862351289,0.025029402434639324,0.017444424164774444,0.04638275197491234,-0.047434545067054
2887,1.5625,-0.046303307663105704,6.632824668885822e-5,0.008144215535510969,0.01495346690985069,0.046303307663105704,-0.047118622193702074
2888,0.625,-0.04652243826856622,6.732390994791134e-5,0.008205114865004106,0.01999728971420887,0.04652243826856622,-0.04699155606615212
2889,0.25,-0.046544098511349344,6.734488605204917e-5,0.008206392998878933,0.003749542179192285,0.046544098511349344,-0.04693376107536837
2890,0.625,-0.046902850293986824,0.0001721696631450803,0.013121343801039598,0.024230845797601524,0.046902850293986824,-0.04707221673841539
2891,0.25,-0.04667028256056458,0.0021451766449577577,0.046316051698711946,0.027441627891839373,0.04667028256056458,-0.04751851970433706
2892,0.625,-0.04769542012220711,0.0005284791126247636,0.02298867357253923,0.014274480336178256,0.04769542012220711,-0.046949216902743264
2893,1.5625,-0.047983951144167834,0.00013241158750074486,0.011507023398809305,0.027563515959358083,0.047983951144167834,-0.04700340626099489
2894,0.625,-0.04817167396808913,0.00014835634779223044,0.01218016205935826,0.02529071286046274,0.04817167396808913,-0.04689029369055996
2895,0.25,-0.045841495691793195,0.0037633297811206327,0.06134598422978176,0.00588319105572671,0.045841495691793195,-0.048110826136336486
2896,0.625,-0.04537578570511672,0.0005983324830779364,0.02446083569868242,0.0035246564825883154,0.04537578570511672,-0.04716298352973643
2897,1.5625,-0.04652308841501921,7.498692435344844e-5,0.008659499082132201,0.004208505181512059,0.04652308841501921,-0.04711208781510328
2898,3.90625,-0.04711237273521375,2.7478501960192914e-5,0.005241994082426354,0.024719682887593606,0.04711237273521375,-0.04693146557394606
2899,1.5625,-0.047639446550644754,7.038806713722119e-5,0.008389759659085663,0.021619483478548685,0.047639446550644754,-0.046967960415631234
2900,0.625,-0.04667404692738244,0.0007575000897563685,0.027522719519632657,0.029996953459321886,0.04667404692738244,-0.047636483899197696
2901,1.5625,-0.0463330239935109,0.00021688638083022335,0.014727062871809278,0.027682021673126053,0.0463330239935109,-0.0469760963981316
2902,0.625,-0.04654337187319035,0.0006043689747928807,0.024583916994508438,0.0193711487256996,0.04654337187319035,-0.04743021176588973
2903,1.5625,-0.04774319520544173,9.810990146778136e-5,0.009905044243605445,0.01954638629876833,0.04774319520544173,-0.04707128464197226
2904,0.625,-0.04693192957288894,0.00022612296808511686,0.015037385679868587,0.01481331730181466,0.04693192957288894,-0.04716414051509741
2905,1.5625,-0.04719999377723148,4.042513892165138e-5,0.006358076668431373,0.005904915525562742,0.04719999377723148,-0.04708496590022267
2906,3.90625,-0.047258852840697134,3.688153912166206e-5,0.0060730172996346764,0.029697468624227164,0.047258852840697134,-0.046876681247992213
2907,1.5625,-0.04711368726862306,0.00025605401661588946,0.016001687930211908,0.013495275134077101,0.04711368726862306,-0.04745224913185585
2908,3.90625,-0.04737226985620025,3.045464364530082e-5,0.0055185726094073295,0.021506592235802213,0.04737226985620025,-0.04698371792178302
2909,1.5625,-0.04678527691770241,0.00013280687291525274,0.011524186431816033,0.008368171551451574,0.04678527691770241,-0.047279659181469674
2910,3.90625,-0.04688497705079814,1.0337441891281727e-5,0.0032151892465734776,0.015311762073113803,0.04688497705079814,-0.04709333925959401
2911,1.5625,-0.04671911195172803,1.4641449695056247e-5,0.003826414731188485,0.01381997753266754,0.04671911195172803,-0.047057393182745315
2912,0.625,-0.04681257569209404,0.0001560293127414078,0.012491169390469724,0.01101129150123724,0.04681257569209404,-0.04717906656620486
2913,1.5625,-0.04705171733607435,2.244845561904067e-5,0.004737980120160982,0.011544377957991915,0.04705171733607435,-0.047085689613237655
2914,0.625,-0.04673830795238306,3.364189320582074e-5,0.005800163205102141,0.010270479475797786,0.04673830795238306,-0.047065666909178724
2915,0.25,-0.047112936028463434,3.2645646308967096e-5,0.005713636872340339,0.0022386915191414695,0.047112936028463434,-0.04705779939211785
2916,0.625,-0.04708139793952513,7.177139515480763e-5,0.008471799994972003,0.0061270533993832785,0.04708139793952513,-0.047104268299579755
2917,1.5625,-0.0469411400565902,4.096321501344168e-5,0.006400251167996587,0.02195870047399358,0.0469411400565902,-0.047012549811824296
2918,0.625,-0.0470396922701103,0.0002377918666668766,0.015420501505037916,0.009506202488098713,0.0470396922701103,-0.04719106632036335
2919,1.5625,-0.04723799217430368,1.0025076396756171e-5,0.0031662401040913135,0.009080121211721456,0.04723799217430368,-0.047068318105329646
2920,0.625,-0.046989811653911105,2.1112531811195074e-5,0.004594837517387864,0.007654764990988928,0.046989811653911105,-0.04707198256288155
2921,0.25,-0.047199016427741596,3.1930288788047045e-5,0.005650689231239588,0.0023781906083139,0.047199016427741596,-0.047073731590406946
2922,0.625,-0.04715272214603544,7.735729989991123e-6,0.0027813180310764757,0.003665353186939308,0.04715272214603544,-0.047067269845453286
2923,0.25,-0.047149187993421236,7.638935848998092e-6,0.0027638624873531775,0.006979079874770043,0.047149187993421236,-0.04706051943260346
2924,0.1,-0.04713791440069893,7.555012952257361e-6,0.0027486383815004405,0.0027187583848941035,0.04713791440069893,-0.04705803743654074
2925,0.25,-0.04669022788732597,3.549989987022139e-5,0.0059581792411962054,0.006361106481602803,0.04669022788732597,-0.0470686468346583
2926,0.625,-0.04680130609561189,6.527061965540949e-6,0.0025548115322937127,0.0038468976124589813,0.04680130609561189,-0.04706362992266969
2927,0.25,-0.046825002608463916,6.399049466273526e-6,0.00252963425543566,0.0034441876157461065,0.046825002608463916,-0.047058200575465066
2928,0.1,-0.04682630866685489,6.372378993247878e-6,0.0025243571445514356,0.0022819395412941837,0.04682630866685489,-0.04705600298475818
2929,0.25,-0.04683116464856329,6.3008619356004614e-6,0.002510151775411292,0.003926054598673155,0.04683116464856329,-0.04705382197933067
2930,0.1,-0.04683292244527237,6.264535783847221e-6,0.0025029054684200963,0.002796337311783618,0.04683292244527237,-0.047051678252609
2931,0.25,-0.046842898932794225,6.108807223835574e-6,0.002471600134292676,0.009476944054823392,0.046842898932794225,-0.047049509099436795
2932,0.1,-0.046845645214570054,6.031864203268345e-6,0.0024559853833580414,0.002888704474677293,0.046845645214570054,-0.04704767814155969
2933,0.25,-0.0468799462613591,5.596680825997604e-6,0.0023657305057841233,0.021426165555941644,0.0468799462613591,-0.0470456179587633
2934,0.1,-0.04688419182955874,5.422476025326731e-6,0.0023286210566184295,0.0030753017318235496,0.04688419182955874,-0.047045017589640595
2935,0.1,-0.04971705235782976,0.0017162207161018324,0.041427294337210006,0.02181626816130152,0.04971705235782976,-0.04724897873980393
2936,0.25,-0.047979213921331386,0.00014779602299366595,0.012157138766735616,0.007404795151029944,0.047979213921331386,-0.04716452848568733
2937,0.625,-0.047225657067896526,9.057046649616282e-5,0.009516851711367727,0.01463188872394655,0.047225657067896526,-0.04708062723603408
2938,0.25,-0.04722840571259517,9.026960797108648e-5,0.009501031942430595,0.003513024212201984,0.04722840571259517,-0.04700214891084613
2939,0.625,-0.046414272506657785,0.00018217688003074049,0.013497291581304024,0.010132360295183277,0.046414272506657785,-0.047153772241511925
2940,1.5625,-0.04693097591154991,2.3611531602199708e-5,0.004859169847021167,0.009145593272045635,0.04693097591154991,-0.04709180893915664
2941,0.625,-0.0478181608220766,5.418773985614101e-5,0.007361232224032945,0.010352856933937345,0.0478181608220766,-0.04710880430263303
2942,0.25,-0.04807809722315357,5.655664779900666e-5,0.007520415400694742,0.004692605967289596,0.04807809722315357,-0.04706527278267969
2943,0.625,-0.04697592125453351,4.27403891497782e-5,0.00653761341391323,0.0071980090782601215,0.04697592125453351,-0.047105823612850914
2944,1.5625,-0.04712028777881035,9.76664389618823e-6,0.0031251630191380785,0.0016847022033925632,0.04712028777881035,-0.04708221750262029
2945,3.90625,-0.047129236534478355,6.504250644699378e-6,0.0025503432405657436,0.012962098286551363,0.047129236534478355,-0.047050457107351666
2946,1.5625,-0.04721449602393366,7.059462108222273e-6,0.0026569648300687524,0.004018447443807892,0.04721449602393366,-0.04701752888661922
2947,0.625,-0.0477292933904018,0.00046124435606474353,0.02147660019800023,0.015739724656336874,0.0477292933904018,-0.04735010759666165
2948,1.5625,-0.047122745377657385,7.303635104300193e-5,0.008546130764445506,0.013469849566294202,0.047122745377657385,-0.047113396339612555
2949,0.625,-0.04693480130368014,8.355166400195248e-5,0.009140659932518684,0.0205506193960289,0.04693480130368014,-0.0469802956661841
2950,0.25,-0.04501458424388327,0.001602269484851033,0.04002835850807566,0.021643444367654967,0.04501458424388327,-0.047407315895987234
2951,0.625,-0.04599414264289489,0.00019835057072539514,0.014083698758685346,0.005548810201619699,0.04599414264289489,-0.047190069491205945
2952,1.5625,-0.04687968907141248,6.620655217190287e-5,0.008136740881452652,0.009958419972351317,0.04687968907141248,-0.0470059440688194
2953,3.90625,-0.0472205355241946,3.719045278081576e-5,0.006098397558442362,0.02979767908865352,0.0472205355241946,-0.04684044366256161
2954,1.5625,-0.046944208873287985,0.00036028992069967516,0.018981304504687636,0.01074086987813045,0.046944208873287985,-0.047624819089230865
2955,3.90625,-0.04696779577035864,0.00015971004858043294,0.012637644107207361,0.06858954510251208,0.04696779577035864,-0.046476465551969444
2956,1.5625,-0.04653502507825738,0.00047726245498949497,0.021846337335798306,0.05645785641455906,0.04653502507825738,-0.04696834768051633
2957,0.625,-0.046716216555295266,0.0028577844495728507,0.05345824959323725,0.00646488975743946,0.046716216555295266,-0.04995421275057332
2958,1.5625,-0.047025946388728625,0.0004095129770354293,0.020236426982929306,0.020593059787635808,0.047025946388728625,-0.04717817832939618
2959,3.90625,-0.04710560355160632,2.7534538507939613e-5,0.005247336325026214,0.0022715579356132735,0.04710560355160632,-0.04713045354434198
2960,9.765625,-0.04717001972721478,4.102749305706791e-6,0.0020255244520140433,0.016073727371512223,0.04717001972721478,-0.047030348253605296
2961,3.90625,-0.04716926018217098,4.200826106790575e-6,0.002049591692701396,0.022431159096895956,0.04716926018217098,-0.046974324485905064
2962,1.5625,-0.047094002197630394,2.2253876721243925e-5,0.0047174014797602215,0.016994915810616202,0.047094002197630394,-0.04699789123626438
2963,0.625,-0.0477525028787772,5.783991281667544e-5,0.0076052556049534216,0.01790674010082634,0.0477525028787772,-0.04703973067909715
2964,0.25,-0.04677010885192412,0.005854941835597049,0.07651759167405263,0.011236039709026537,0.04677010885192412,-0.048863422370243645
2965,0.625,-0.046087623569070924,0.0012489608316620523,0.03534063994415002,0.020155034246187236,0.046087623569070924,-0.04725292732648614
2966,1.5625,-0.046418241816139745,0.0002755567495872194,0.016599902095711872,0.008940602374245118,0.046418241816139745,-0.047171619643407256
2967,3.90625,-0.046611019396608104,4.672298242677027e-5,0.006835421159429042,0.02063027909192186,0.046611019396608104,-0.04696877615049863
2968,1.5625,-0.04690811435892018,4.914144453254534e-5,0.007010095900381487,0.01940105875431241,0.04690811435892018,-0.04675569627406115
2969,0.625,-0.048718915299228505,0.0012214678351139324,0.03494950407536468,0.02816064446555571,0.048718915299228505,-0.04771460543876732
2970,1.5625,-0.04843833348115157,0.00014613536926861312,0.012088646295951137,0.013179980783026261,0.04843833348115157,-0.04732650489680058
2971,3.90625,-0.047614491951834384,5.927332480162193e-5,0.007698917118765595,0.02734379194643092,0.047614491951834384,-0.04692565632929266
2972,1.5625,-0.04676620327567288,6.995828750317094e-5,0.008364107095391052,0.03157948714187495,0.04676620327567288,-0.04667483291012969
2973,0.625,-0.04599170654588142,0.0017260139835715291,0.04154532444898618,0.0232126901377867,0.04599170654588142,-0.04794672670090393
2974,1.5625,-0.0462474331723392,0.00018836654836300453,0.013724669335288356,0.004855610558573549,0.0462474331723392,-0.047334204245911615
2975,3.90625,-0.04646791487385127,7.449884123175417e-5,0.00863127112491284,0.015576701261626962,0.04646791487385127,-0.04689049481766678
2976,1.5625,-0.04709090128437698,0.00021970193768438458,0.014822345890053457,0.013887677311784108,0.04709090128437698,-0.04741308687024611
2977,3.90625,-0.04730022376209832,3.678541028462951e-5,0.006065097714351312,0.019235935643424025,0.04730022376209832,-0.04704041387425428
2978,1.5625,-0.047248046909381045,8.138784879514047e-5,0.009021521423526104,0.010764065019842409,0.047248046909381045,-0.04709959068456473
2979,3.90625,-0.04717794346066365,1.037032134389545e-5,0.003220298331505243,0.002951291259230541,0.04717794346066365,-0.04707258304734283
2980,9.765625,-0.0470641440658508,3.7375032823622095e-6,0.0019332623418362573,0.013721934741007075,0.0470641440658508,-0.047022995333635235
2981,3.90625,-0.04699367866208736,6.33296879177001e-6,0.0025165390503169246,0.014401020938484006,0.04699367866208736,-0.046997326659728465
2982,1.5625,-0.04651548261589469,1.1422250795161157e-5,0.003379682055336146,0.01501243643099308,0.04651548261589469,-0.04698614846214008
2983,0.625,-0.04662810764992797,0.0014406704411705647,0.03795616473210333,0.005664609977364248,0.04662810764992797,-0.04792529031395456
2984,1.5625,-0.04667459724218783,0.00024352856120229274,0.015605401667444922,0.0034546362519809444,0.04667459724218783,-0.04719806424549401
2985,3.90625,-0.046794353038313766,5.706427048444136e-5,0.007554089652925848,0.017777082296250694,0.046794353038313766,-0.046935019928556
2986,1.5625,-0.047018726254781984,7.185094628107646e-5,0.008476493749250125,0.035068669282907125,0.047018726254781984,-0.04674777231169815
2987,0.625,-0.04770523478995427,9.693753021832187e-5,0.009845685868354824,0.02079788232528906,0.04770523478995427,-0.04668028022216572
2988,0.25,-0.05624360582776927,0.004435599770577833,0.06660029857724237,0.05384035593097714,0.05624360582776927,-0.04789606602830514
2989,0.625,-0.051084762754079305,0.0013335368064092334,0.03651762323056134,0.028028669331582882,0.051084762754079305,-0.04760528714905687
2990,1.5625,-0.04831335489895775,0.00025437471040131023,0.015949128828914458,0.015841399148493734,0.04831335489895775,-0.047250067332991155
2991,3.90625,-0.04723107152048827,4.157092793710055e-5,0.006447552088746592,0.016260368046047555,0.04723107152048827,-0.04700271373132082
2992,1.5625,-0.04588865972622944,7.553443892860768e-5,0.008691055110204265,0.016280751468388276,0.04588865972622944,-0.04693985453416831
2993,0.625,-0.04566018399183509,0.0004908684204393832,0.022155550555997997,0.026571323445338507,0.04566018399183509,-0.04724648500609448
2994,1.5625,-0.04574174864214193,0.00015557915360424327,0.012473137279940571,0.02125051789732362,0.04574174864214193,-0.04699798906420141
2995,0.625,-0.04566114602365826,0.00015701321263420333,0.012530491316552728,0.028821215586712325,0.04566114602365826,-0.046667381020543346
2996,0.25,-0.04398876695090892,0.008434173752711611,0.09183775777267002,0.03234910532188013,0.04398876695090892,-0.04916098051608979
2997,0.625,-0.04770571732898923,0.0018328959215803363,0.04281233375535999,0.03647184911550046,0.04770571732898923,-0.04681363498540112
2998,1.5625,-0.04627179725225109,0.0004011210785020337,0.020028007352256332,0.00930486821798431,0.04627179725225109,-0.04712331951367838
2999,3.90625,-0.04649101687128226,8.046810496283262e-5,0.00897040160543733,0.026976505431760105,0.04649101687128226,-0.04676089972882479
3000,1.5625,-0.04723858909839698,0.00010079849333897544,0.010039845284613476,0.033028051306515156,0.04723858909839698,-0.04645336989939167
3001,0.625,-0.04637292208926825,0.0003617186564415178,0.019018902608760522,0.06820891354722568,0.04637292208926825,-0.046540438271894705
3002,0.25,-0.04348965294957901,0.013924550480895182,0.11800233252311236,0.026076432600065185,0.04348965294957901,-0.05150523335305425
3003,0.625,-0.049041517933912315,0.0023269365930303747,0.048238331159259386,0.01635681495265581,0.049041517933912315,-0.04861713565836797
3004,1.5625,-0.04765782835530219,0.0009314786838300877,0.030520135711200363,0.04326723347447999,0.04765782835530219,-0.04603646365293405
3005,0.625,-0.048861086860756145,0.003113388158417582,0.055797743309363164,0.055043076333440966,0.048861086860756145,-0.04764516116942383
3006,1.5625,-0.049635292612678225,0.0006721971773393541,0.025926765655194133,0.01697419009379403,0.049635292612678225,-0.04706605436776225
3007,3.90625,-0.047987409742032056,0.00010761388630775196,0.010373711308290392,0.01250562222075125,0.047987409742032056,-0.046958726238505215
3008,9.765625,-0.04721590669883983,1.3268214956175688e-5,0.0036425561019942697,0.022561002908110375,0.04721590669883983,-0.04705087205989239
3009,3.90625,-0.04625864968041114,3.128632092117829e-5,0.005593417642298695,0.017767244474656767,0.04625864968041114,-0.04716612771085781
3010,1.5625,-0.04555002206274815,4.035927561120514e-5,0.006352895057468299,0.01914362599152852,0.04555002206274815,-0.047041258694230446
3011,0.625,-0.0455023398816237,0.0006937336846738582,0.026338824663865664,0.016221339062862824,0.0455023398816237,-0.04758568687887561
3012,1.5625,-0.04589316057927506,8.287525847050656e-5,0.009103584924111301,0.010290561670604983,0.04589316057927506,-0.047261422126447426
3013,3.90625,-0.04657437950049223,3.184069030161513e-5,0.0056427555592649175,0.019979067798950142,0.04657437950049223,-0.047062512620725534
3014,1.5625,-0.0475086973366281,8.021823876979908e-5,0.008956463519146331,0.0082639477636601,0.0475086973366281,-0.0470797539225168
3015,3.90625,-0.0472830178908243,3.753715409180496e-5,0.006126757224813544,0.04139154720646146,0.0472830178908243,-0.04683980707234092
3016,1.5625,-0.046952166507617854,0.00030488556209997244,0.0174609725416419,0.014911534168907871,0.046952166507617854,-0.04738336756443936
3017,3.90625,-0.04707168201068256,1.0769186399747064e-5,0.0032816438563236967,0.014295831282893686,0.04707168201068256,-0.04711332956735476
3018,1.5625,-0.04691671585184742,1.2777079198374673e-5,0.0035745040492877714,0.006489389545607776,0.04691671585184742,-0.04707447864778804
3019,0.625,-0.04636510893728515,0.00041001150293151143,0.020248740773971884,0.012127897738039581,0.04636510893728515,-0.047399464946056416
3020,1.5625,-0.046830530681401875,8.936177527102237e-5,0.009453135737469465,0.0065956759837575065,0.046830530681401875,-0.04723134985944275
3021,3.90625,-0.04700081507538455,3.506137517545729e-5,0.005921264660142906,0.024314867828281888,0.04700081507538455,-0.047011145630886826
3022,1.5625,-0.04715727044294883,4.542133507107678e-5,0.006739535226636684,0.012150008186960175,0.04715727044294883,-0.046883446931365355
3023,0.625,-0.04733238388566707,4.417903736568721e-5,0.006646731329434582,0.018678517036952093,0.04733238388566707,-0.046790416831401
3024,0.25,-0.048472076102781675,0.0074557137128214695,0.0863464748140969,0.013450993271534368,0.048472076102781675,-0.048887439433948306
3025,0.625,-0.04755161076285328,0.0013648393056924038,0.03694373161569366,0.0043954709857677255,0.04755161076285328,-0.047199733111682775
3026,1.5625,-0.04622063092047186,0.0002915905996926205,0.01707602411841294,0.008506807616393141,0.04622063092047186,-0.046866566262513155
3027,3.90625,-0.04684518662009978,7.850524565390486e-5,0.008860318597765255,0.010871985040030169,0.04684518662009978,-0.046913102385329176
3028,9.765625,-0.0471473317167469,1.6061512839195688e-5,0.00400768172877983,0.027714008676479718,0.0471473317167469,-0.04683018018105097
3029,3.90625,-0.04728850795811184,0.00015374069077246137,0.012399221377669703,0.007485135317049809,0.04728850795811184,-0.04745190700556643
3030,9.765625,-0.04724328706960655,3.1261352129376463e-5,0.005591185216872758,0.04322684631712212,0.04724328706960655,-0.04690015790740294
3031,3.90625,-0.0470048873122359,0.00010287789102383438,0.010142873903575574,0.03697093039806713,0.0470048873122359,-0.04735901239218176
3032,1.5625,-0.04666043493576523,0.00023507925072412876,0.015332294372471746,0.010912263471665339,0.04666043493576523,-0.04751701601315637
3033,3.90625,-0.0468055571869538,3.748923669051855e-5,0.00612284547334967,0.015254600759905599,0.0468055571869538,-0.047109761664075156
3034,1.5625,-0.046542306789595096,7.750610769326828e-5,0.00880375531766236,0.016895732234085747,0.046542306789595096,-0.04712141221677713
3035,0.625,-0.04677406031514666,8.356966230440765e-5,0.009141644398269255,0.023862362418619484,0.04677406031514666,-0.046988120055554854
3036,0.25,-0.047501205012700234,0.0021494504656049706,0.046362166316997855,0.0172166721720064,0.047501205012700234,-0.047475899580731756
3037,0.625,-0.048093850507638425,0.0004513936294253463,0.021246026203159647,0.016296807809479272,0.048093850507638425,-0.04730105340494156
3038,1.5625,-0.04688098041707152,0.00013477447501667584,0.011609240931976381,0.019059933372950318,0.04688098041707152,-0.04698669511992075
3039,0.625,-0.04709013617737375,0.00029683560234188195,0.01722891761956862,0.02425977976631459,0.04709013617737375,-0.04707929531220899
3040,0.25,-0.046275900333819855,0.0038306248662085835,0.061892042026488216,0.028876668745238677,0.046275900333819855,-0.047983162175654036
3041,0.625,-0.04601070069300313,0.0004958150581685783,0.022266904997519935,0.007349998951607511,0.04601070069300313,-0.0472064832184056
3042,1.5625,-0.04629194170089665,9.850778452884109e-5,0.009925108791788687,0.010023393853053444,0.04629194170089665,-0.046995331553736766
3043,3.90625,-0.046032713210154834,8.595706277771402e-5,0.009271303186592165,0.025416397785169773,0.046032713210154834,-0.04649592250417844
3044,1.5625,-0.04663663068714848,0.0004413474169220161,0.02100827020299425,0.02713458366967069,0.04663663068714848,-0.047177130758672324
3045,0.625,-0.05187375989660432,0.0018539538221537361,0.04305756405271594,0.019870160799926016,0.05187375989660432,-0.048244716710081445
3046,1.5625,-0.04864237560895988,0.0005416956727315883,0.023274356548175255,0.04042936108644626,0.04864237560895988,-0.04677359036729419
3047,0.625,-0.048454469940920945,0.003577486431033906,0.05981209268228212,0.013290610779116575,0.048454469940920945,-0.04833719256358943
3048,1.5625,-0.04700260732092136,0.00040705423692396505,0.02017558516930711,0.005782239152957029,0.04700260732092136,-0.04709831639577407
3049,3.90625,-0.046479060487597305,9.194406488660045e-5,0.00958874678394421,0.0232054686428656,0.046479060487597305,-0.046599764195226476
3050,1.5625,-0.04719959331401777,0.0005281742339040149,0.022982041552134024,0.008468148103119343,0.04719959331401777,-0.04769627359311654
3051,3.90625,-0.04717548488224151,6.73076396157236e-5,0.00820412333011417,0.0077884809379890445,0.04717548488224151,-0.047197558762271774
3052,9.765625,-0.04707388604510284,8.755484613084928e-6,0.0029589668151374948,0.018763105512951232,0.04707388604510284,-0.0470140545588783
3053,3.90625,-0.04739972785325833,2.3711589295465646e-5,0.004869454722601458,0.014139654640109738,0.04739972785325833,-0.04709886326303565
3054,1.5625,-0.046936403416546486,5.351223895367731e-5,0.007315206008970445,0.01562993025464136,0.046936403416546486,-0.04714893309485683
3055,0.625,-0.04768101654783291,0.00010419103937601323,0.010207401205792454,0.010150817154807907,0.04768101654783291,-0.04719994693236923
3056,1.5625,-0.04767046664308734,2.5177578938384726e-5,0.005017726471060846,0.011163709478795886,0.04767046664308734,-0.04714359649751834
3057,0.625,-0.04717017196094154,3.593366439871273e-5,0.005994469484342441,0.013885638349460962,0.04717017196094154,-0.047117245553153615
3058,0.25,-0.04681994810194043,4.8416105626677833e-5,0.006958168266625767,0.012420695397522944,0.04681994810194043,-0.04709294988476826
3059,0.1,-0.04930624434723193,0.0014411311657831396,0.03796223341405428,0.01446031547260019,0.04930624434723193,-0.047219620455853366
3060,0.25,-0.04699546258743242,0.00019343431445731108,0.013908066524765802,0.007413770832313794,0.04699546258743242,-0.04719366483326416
3061,0.625,-0.046695661843972176,0.00010616482350094676,0.010303631568575555,0.020221585232029063,0.046695661843972176,-0.04708698214408746
3062,0.25,-0.044468134103168216,0.0005708217176423282,0.02389187555723343,0.018478673606546165,0.044468134103168216,-0.04722477089062389
3063,0.625,-0.04635520993493731,5.204053516628876e-5,0.007213912611495149,0.009665575862295085,0.04635520993493731,-0.047125960111334644
3064,0.25,-0.048083773373972995,7.04491930282898e-5,0.008393401755443963,0.008985325805073807,0.048083773373972995,-0.04709981547719336
3065,0.625,-0.047499394747946386,4.4697863007045786e-5,0.0066856460426084315,0.005811428873047149,0.047499394747946386,-0.047119547953712634
3066,1.5625,-0.04737500458418286,1.5299464919872183e-5,0.003911453044569522,0.004986498889318715,0.04737500458418286,-0.04708995747072826
3067,0.625,-0.0470089614513905,2.9396914023855068e-5,0.005421892107360222,0.007763384472519523,0.0470089614513905,-0.047083304789256285
3068,0.25,-0.046992211127582575,2.92795572588392e-5,0.005411058792772372,0.0028081389809907183,0.046992211127582575,-0.04705787113664362
3069,0.625,-0.047310715550311674,2.3066888412212566e-5,0.004802800059570725,0.005359852752001841,0.047310715550311674,-0.047066855482525934
3070,1.5625,-0.047540995387738816,2.1787569904004407e-5,0.004667715705139336,0.023544691448679378,0.047540995387738816,-0.04701651635326797
3071,0.625,-0.046729220249828486,0.0001182439787365378,0.01087400472395234,0.013156833351367483,0.046729220249828486,-0.04709396547954002
3072,1.5625,-0.046894535612466225,9.434791005125578e-6,0.003071610490463525,0.008783898117767539,0.046894535612466225,-0.04702203440466427
3073,0.625,-0.046904445674097815,9.383658628536228e-6,0.00306327580027268,0.0034111017271482736,0.046904445674097815,-0.04700177010211173
3074,1.5625,-0.04670583324754889,9.187139984727644e-5,0.00958495695594281,0.008446177627399172,0.04670583324754889,-0.04723585791001964
3075,3.90625,-0.046896336373616045,3.0404332573597705e-5,0.005514012384244136,0.017276966673002603,0.046896336373616045,-0.047070333807178746
3076,1.5625,-0.04713146953927194,4.9096494781908104e-5,0.007006889094448984,0.015271282450225031,0.04713146953927194,-0.047012463499135126
3077,0.625,-0.04765946840722959,0.00010458964213664717,0.010226907750471165,0.01453940272213667,0.04765946840722959,-0.047079051651200375
3078,0.25,-0.04625321311084199,0.0005447132191476887,0.02333909208062063,0.016707438436532576,0.04625321311084199,-0.04723533364770948
3079,0.625,-0.04650902507094289,9.151956625649073e-5,0.009566585924795257,0.0034529583084579886,0.04650902507094289,-0.04720621101740436
3080,1.5625,-0.046975197916047755,5.419487970645675e-5,0.007361717171044861,0.015806232380748,0.046975197916047755,-0.04707000980434297
3081,0.625,-0.04721466902043907,0.00016123051142052762,0.012697657713945813,0.016055938011872804,0.04721466902043907,-0.04708731103251047
3082,0.25,-0.04663442137519305,0.0003548007706906842,0.018836155942513436,0.011169925773219487,0.04663442137519305,-0.047183972545701384
3083,0.625,-0.04676796759484412,5.4683247647395624e-5,0.007394812211773577,0.009207327406506274,0.04676796759484412,-0.04711934989308326
3084,1.5625,-0.04674330738180499,5.184931541776635e-5,0.007200646874952719,0.03641407738818644,0.04674330738180499,-0.04699976836899231
3085,0.625,-0.047405108810960384,0.00023682500268843844,0.015389119620317415,0.012482968851074082,0.047405108810960384,-0.04713886085480897
3086,1.5625,-0.04748276800646637,5.789234200683993e-5,0.007608701729391153,0.007279761854866503,0.04748276800646637,-0.047122772297891434
3087,3.90625,-0.04726222072130236,8.750639938128809e-6,0.002958148058858584,0.0030533480395034075,0.04726222072130236,-0.04706816988546174
3088,9.765625,-0.04708812239953174,6.194573244118922e-6,0.002488889962235961,0.02430660562523582,0.04708812239953174,-0.04698669711958594
3089,3.90625,-0.04681013890599728,3.431684642956205e-5,0.005858058247368496,0.021555650759292017,0.04681013890599728,-0.04712329319128624
3090,1.5625,-0.04703962512494276,6.492551226757212e-5,0.008057636891022834,0.0025891730110234935,0.04703962512494276,-0.04717185112500754
3091,3.90625,-0.047109939387003044,8.70112718416345e-6,0.002949767310172694,0.009136243312892131,0.047109939387003044,-0.04708903226325747
3092,1.5625,-0.047148245075091195,1.0861448621649103e-5,0.0032956711944077646,0.007205438417639971,0.047148245075091195,-0.047054747618433625
3093,0.625,-0.04713901728897331,1.0823727690905752e-5,0.0032899434175842224,0.002979005559885119,0.04713901728897331,-0.0470312512949266
3094,1.5625,-0.04697082168653884,1.0392855448256043e-5,0.0032237951932863294,0.00496793939277205,0.04697082168653884,-0.04702931157920192
3095,0.625,-0.04700266430172552,3.0476378514758397e-5,0.0055205415055733795,0.0113321129620375,0.04700266430172552,-0.04703169114472001
3096,0.25,-0.04852409297125659,0.0013703950729959656,0.03701884753738244,0.028593408460535954,0.04852409297125659,-0.0474571108522129
3097,0.625,-0.04774721004235165,0.0003363503532064456,0.018339856957087904,0.011820834580014839,0.04774721004235165,-0.0473993520101519
3098,1.5625,-0.04693056555585469,0.00016426931289392313,0.01281675906358246,0.026931948217485294,0.04693056555585469,-0.04699103699257717
3099,0.625,-0.047251347172798545,0.00016729981189812315,0.012934442852250079,0.026240782360583966,0.047251347172798545,-0.046646330404676355
3100,0.25,-0.04516787914838387,0.006614309168961043,0.08132840321167656,0.006774438885253081,0.04516787914838387,-0.04880226977950211
3101,0.625,-0.04531180112498478,0.000992867631869088,0.03150980215534664,0.013130242140610314,0.04531180112498478,-0.047321693528352325
3102,1.5625,-0.04642434365877331,0.0003748969279723549,0.01936225523983079,0.03354769770003505,0.04642434365877331,-0.046414448759978494
3103,0.625,-0.04827494176915542,0.0019070733116392541,0.04367005051106827,0.009190814247137495,0.04827494176915542,-0.04808995932779155
3104,1.5625,-0.04721996374331112,0.0002499413980232128,0.015809535035010133,0.016039161762011825,0.04721996374331112,-0.047070382884427525
3105,3.90625,-0.0471304949759829,4.554950917860595e-5,0.006749037648332238,0.029788691821357266,0.0471304949759829,-0.046973777640890634
3106,1.5625,-0.04730760984978752,9.83916685985713e-5,0.00991925746205689,0.020748003547065103,0.04730760984978752,-0.04707830843477795
3107,0.625,-0.04680367172643197,0.00017705519272002388,0.013306208803412935,0.009162218989066514,0.04680367172643197,-0.04706149800712254
3108,1.5625,-0.0467919726494698,2.6286262323192182e-5,0.005127013002050237,0.011217914942529347,0.0467919726494698,-0.04706414203403407
3109,0.625,-0.047455281431499734,0.00024580291669257985,0.01567810309612039,0.01637802560368265,0.047455281431499734,-0.04718090847104402
3110,1.5625,-0.04724038821677099,4.943879893109515e-5,0.007031272923951619,0.005927840706954238,0.04724038821677099,-0.04714963938999271
3111,3.90625,-0.04710958997075555,2.5652966314635437e-5,0.005064875745231608,0.017231744206637728,0.04710958997075555,-0.04699212802725194
3112,1.5625,-0.047349213103731184,0.0001696967072274894,0.013026768871346777,0.01146669362745534,0.047349213103731184,-0.04728482240449304
3113,3.90625,-0.047237634420676515,1.643510526701045e-5,0.004054023343175326,0.014591818869577186,0.047237634420676515,-0.04705676806856048
3114,1.5625,-0.04665059922429603,5.298760423338524e-5,0.007279258494749671,0.006715457146798069,0.04665059922429603,-0.04716906100969528
3115,3.90625,-0.04661327272183334,3.083764847804624e-5,0.005553165626743564,0.03166392991053237,0.04661327272183334,-0.04697405963537137
3116,1.5625,-0.04750253485567036,0.00013240807104613055,0.011506870601780943,0.015994834863040146,0.04750253485567036,-0.047242137305022025
3117,0.625,-0.047932114220738266,0.00016705116827904422,0.01292482759184989,0.013148153792237915,0.047932114220738266,-0.047208404525549946
3118,1.5625,-0.04734678256555503,3.4746445537288306e-5,0.00589461156797361,0.013603435308640662,0.04734678256555503,-0.047128046931309425
3119,0.625,-0.04636983172084552,4.9321930600848616e-5,0.007022957397054934,0.012490731294107434,0.04636983172084552,-0.0470910584159543
3120,0.25,-0.045374637733868274,0.00010606301003699523,0.010298689724280231,0.012866217972375084,0.045374637733868274,-0.047093719895201676
3121,0.625,-0.04687945124745561,3.0525306818677225e-5,0.005524971205235121,0.0025980948895185795,0.04687945124745561,-0.047074052978922164
3122,1.5625,-0.04702830456595201,1.7771996414336833e-5,0.004215684572443345,0.008927234457190318,0.04702830456595201,-0.04706150528396959
3123,0.625,-0.04701650854230273,1.7739451857997878e-5,0.004211822866408068,0.003482340172730946,0.04701650854230273,-0.047022978332979234
3124,1.5625,-0.04706893993483527,2.5951198127394417e-5,0.005094231848610192,0.005478004602617193,0.04706893993483527,-0.04705253819759819
3125,3.90625,-0.04711805000385237,1.2537306756437948e-5,0.0035408059473004093,0.002687851952946296,0.04711805000385237,-0.047120015326425874
3126,9.765625,-0.04714072806396459,7.633157511021949e-6,0.002762816952138152,0.028407834091952293,0.04714072806396459,-0.04700989844907189
3127,3.90625,-0.04699713671354387,3.287976931884253e-5,0.005734088359874003,0.01223249531052024,0.04699713671354387,-0.04717904960748602
3128,1.5625,-0.04662522144930322,3.518057947454363e-5,0.005931321899420367,0.006624031789853222,0.04662522144930322,-0.04712979791899414
3129,3.90625,-0.04676193891728365,1.1845094910265485e-5,0.0034416703662996963,0.011969006756369447,0.04676193891728365,-0.047050059035252674
3130,1.5625,-0.04717826258172136,1.9598312615715044e-5,0.004426998149504362,0.016978337293736028,0.04717826258172136,-0.04703687227216404
3131,0.625,-0.0471807957406423,0.00045182620332466457,0.021256203878507202,0.012946694725854264,0.0471807957406423,-0.04736399764542405
3132,1.5625,-0.047341687465893054,8.021429876785239e-5,0.008956243563450718,0.013108916872990898,0.047341687465893054,-0.04706140540917121
3133,0.625,-0.04744035320001631,8.382155954527571e-5,0.009155411489675148,0.025584623194456247,0.04744035320001631,-0.04689480603077267
3134,0.25,-0.04759443942867814,0.0005448500275619336,0.0233420227821398,0.01970060508621412,0.04759443942867814,-0.047007107552833764
3135,0.625,-0.04724525214145939,0.0005157032183225455,0.022709099901197,0.015952958372510154,0.04724525214145939,-0.047354554841030704
3136,1.5625,-0.0468117038427223,0.00010111215768845977,0.010055454126416159,0.028551489075644296,0.0468117038427223,-0.04703906749494799
3137,0.625,-0.046449765435332295,0.0003709813091122187,0.019260875086875434,0.014508089236713019,0.046449765435332295,-0.047166129221049874
3138,1.5625,-0.04683245957357687,6.55590592726445e-5,0.008096854900061165,0.008197557052120925,0.04683245957357687,-0.047133227555135104
3139,3.90625,-0.04679001420567441,3.886007366305243e-5,0.006233784858579291,0.0357575274930537,0.04679001420567441,-0.04690972226502026
3140,1.5625,-0.047720571841729474,0.00022568785242327674,0.015022910917105137,0.009644112942634404,0.047720571841729474,-0.04743900150422691
3141,3.90625,-0.04762553497657813,1.2517110171530782e-5,0.003537952822117726,0.009485684394299186,0.04762553497657813,-0.047064720185231904
3142,1.5625,-0.04727616506312207,2.613674486111469e-5,0.005112410865835676,0.00796152663875006,0.04727616506312207,-0.047094175852234785
3143,0.625,-0.046999990396151006,2.932859225392859e-5,0.005415587895503921,0.0018004892931273574,0.046999990396151006,-0.04706395146890339
3144,1.5625,-0.04697157839895303,1.2335059469729896e-5,0.0035121303321103982,0.003502047496384483,0.04697157839895303,-0.04704626929232301
3145,3.90625,-0.046963318720488124,5.241763112044248e-6,0.0022894897055990987,0.010543644252711934,0.046963318720488124,-0.047064472110178175
3146,1.5625,-0.04702438708677067,5.679173898402359e-6,0.0023831017389952867,0.019376129778931675,0.04702438708677067,-0.047039404403430074
3147,0.625,-0.047716631991509016,3.0627694673495576e-5,0.0055342293658191995,0.009875706696848712,0.047716631991509016,-0.04705324132753272
3148,0.25,-0.047548301859980276,0.0011961988720698789,0.03458610807925458,0.008837721916456615,0.047548301859980276,-0.047309117727963874
3149,0.625,-0.04749231909511133,0.00022024696957951374,0.014840719981844335,0.011699925341865595,0.04749231909511133,-0.04712878547179994
3150,1.5625,-0.046749033273069174,5.839959715335095e-5,0.00764196291232501,0.014536262828938594,0.046749033273069174,-0.047084439458907563
3151,0.625,-0.04603183027143745,0.00014468947895562292,0.01202869398378822,0.019452393138654062,0.04603183027143745,-0.04712091890174829
3152,0.25,-0.04523584813284653,0.00036479646736939657,0.019099645739369005,0.01454755293242555,0.04523584813284653,-0.04718781944608314
3153,0.625,-0.04668302323416528,8.198346844255291e-5,0.009054472289567897,0.013980071380591142,0.04668302323416528,-0.0471282727070508
3154,0.25,-0.04582852348698656,0.00018417549666902266,0.01357112731754524,0.012847428816685599,0.04582852348698656,-0.04713475292532556
3155,0.625,-0.04656220118874077,4.61415939761961e-5,0.00679276040915592,0.009336233761245307,0.04656220118874077,-0.0471016391238746
3156,0.25,-0.046593707549442885,4.570862205826974e-5,0.006760815191844082,0.01367442849864237,0.046593707549442885,-0.04706134627344784
3157,0.1,-0.04891243330120673,0.0002965250847534496,0.017219903738216705,0.023192918199048465,0.04891243330120673,-0.04707686803273972
3158,0.1,-0.048394173094967824,0.0008625047322397843,0.029368430878066745,0.013411491111648856,0.048394173094967824,-0.04715365192599726
3159,0.25,-0.04884002917822821,0.0001707623469607941,0.013067606780156575,0.005046361956675487,0.04884002917822821,-0.04713032935052838
3160,0.625,-0.04810201591500822,7.765117302769961e-5,0.008811990298888192,0.008037712294719994,0.04810201591500822,-0.047070792429074707
3161,1.5625,-0.047760961334541586,3.437386229268371e-5,0.00586292267497054,0.008905270622808192,0.047760961334541586,-0.04705744791944965
3162,0.625,-0.04620672042937634,6.767471814191447e-5,0.008226464498307549,0.009086295149612624,0.04620672042937634,-0.04708176261895395
3163,1.5625,-0.04647436826784108,4.051529736756841e-5,0.0063651627919141555,0.013855331624973238,0.04647436826784108,-0.04700201920206957
3164,0.625,-0.04667066868756101,0.00026561311147191015,0.016297641285533012,0.010642075012034487,0.04667066868756101,-0.0472139057615599
3165,1.5625,-0.04699183693372209,1.3120227331419116e-5,0.003622185435813456,0.002078828598042934,0.04699183693372209,-0.04706217520827914
3166,3.90625,-0.04704036891387665,6.989274671250219e-6,0.0026437236374572547,0.009036993086824135,0.04704036891387665,-0.047033770113684634
3167,1.5625,-0.04703437540847213,6.969454110124454e-6,0.0026399723691971576,0.0032422610890716036,0.04703437540847213,-0.046995949466109854
3168,3.90625,-0.046926209589244844,7.3512783448068925e-6,0.002711324094387628,0.01364668216100699,0.046926209589244844,-0.047000550885131644
3169,1.5625,-0.04709307749075439,2.3066779741966835e-5,0.004802788746339655,0.018494860173580735,0.04709307749075439,-0.04701648300165935
3170,0.625,-0.04723457165216305,8.025987777117083e-5,0.008958787740044456,0.007491710428607336,0.04723457165216305,-0.04707055188523241
3171,1.5625,-0.04721089664584938,1.1190069033193092e-5,0.0033451560551330177,0.0067249469473817805,0.04721089664584938,-0.047074963193547203
3172,0.625,-0.04720186151204333,1.1048655497552019e-5,0.0033239517892941855,0.003452694120499246,0.04720186151204333,-0.04705080706215548
3173,1.5625,-0.04703436557177861,1.234633973880064e-5,0.0035137358663964256,0.009686491640921774,0.04703436557177861,-0.047057497949432064
3174,0.625,-0.047040193379919416,1.228056941913088e-5,0.003504364338811089,0.003553666333417714,0.047040193379919416,-0.047030945285838184
3175,1.5625,-0.04690781046988554,7.693987882745741e-5,0.008771537996694617,0.012150960730658297,0.04690781046988554,-0.04717229690287401
3176,0.625,-0.0474670907902514,0.0001204094420083628,0.010973123621301402,0.018203760926605684,0.0474670907902514,-0.047104192159439215
3177,0.25,-0.04618610359504517,0.0002742809487477874,0.016561429550246785,0.014551809041089513,0.04618610359504517,-0.0471308705985886
3178,0.625,-0.0465763456802493,0.00032218748233716536,0.01794958167582647,0.013185988906792383,0.0465763456802493,-0.04731431377583825
3179,1.5625,-0.04726479681944255,4.040387193041463e-5,0.006356404009376263,0.014480196854574742,0.04726479681944255,-0.04713291803461708
3180,0.625,-0.047760697631912055,0.00016117912115496622,0.01269563394064929,0.013376836677116888,0.047760697631912055,-0.047222020349702
3181,1.5625,-0.047429007540696067,2.8198421460645026e-5,0.005310218588781918,0.005566792617227331,0.047429007540696067,-0.04715101693013948
3182,3.90625,-0.047274419987855774,1.7125396363337967e-5,0.004138284229404496,0.012980720138488883,0.047274419987855774,-0.047063780762002266
3183,1.5625,-0.04688900058839624,4.817913009403764e-5,0.006941118792675835,0.007379437484291343,0.04688900058839624,-0.04711434362031828
3184,3.90625,-0.04696851728187483,1.2139576968543395e-5,0.0034841895712695364,0.013189993813077616,0.04696851728187483,-0.04705399779773133
3185,1.5625,-0.047000731577819845,1.2096288815135972e-5,0.003477971939958109,0.026185876960409315,0.047000731577819845,-0.046987690386471014
3186,0.625,-0.04711118444321542,0.00031081157220871414,0.017629848899202574,0.014549507679904995,0.04711118444321542,-0.04719680447007428
3187,1.5625,-0.047560473869579394,4.0671318887868386e-5,0.006377406909384753,0.008685447415199414,0.047560473869579394,-0.04706147469099632
3188,0.625,-0.04711478991371437,7.551918423469943e-5,0.008690177457031555,0.011623076946460295,0.04711478991371437,-0.04706914361637224
3189,0.25,-0.04739441552651243,0.00016064820600566088,0.012674707334122586,0.015603779290235837,0.04739441552651243,-0.04710466818428068
3190,0.625,-0.04725923767733373,3.9502264015855445e-5,0.006285082657837958,0.0015556572953667465,0.04725923767733373,-0.047090442474952976
3191,1.5625,-0.04736534315999558,2.0463512844469755e-5,0.004523661442290941,0.002639075104332064,0.04736534315999558,-0.04704685245106799
3192,3.90625,-0.047129838142996615,8.518779872499465e-6,0.002918694891985023,0.002449006425527366,0.047129838142996615,-0.047043142708735365
3193,9.765625,-0.0470954500696853,7.825113834545055e-6,0.0027973404931371966,0.023132353034925193,0.0470954500696853,-0.04693671589458835
3194,3.90625,-0.046845147273458176,8.748609702221126e-5,0.009353400291990676,0.005126704932131859,0.046845147273458176,-0.04737518043758787
3195,9.765625,-0.04694325882833634,8.51321260351172e-6,0.0029177410103557377,0.01935140729322839,0.04694325882833634,-0.047066967045252095
3196,3.90625,-0.04687957380976953,1.4896628238563481e-5,0.0038596150376123627,0.019724224184766066,0.04687957380976953,-0.04705717516982644
3197,1.5625,-0.047126214866815334,3.688964166281584e-5,0.0060736843565348244,0.013139171829833658,0.047126214866815334,-0.0470964258206846
3198,0.625,-0.04685183057070427,3.6339244081780116e-5,0.006028204051106774,0.012990860755542444,0.04685183057070427,-0.04704489410701961
3199,0.25,-0.04619531192832813,4.378462689658098e-5,0.006616995307281166,0.020796316537022474,0.04619531192832813,-0.047019972720944436
3200,0.1,-0.04881207970414882,0.0008572928463483787,0.02927956362974658,0.014752673685582147,0.04881207970414882,-0.04711572744597623
3201,0.25,-0.04741392237332973,8.279385997128772e-5,0.009099113142020365,0.007836968639109444,0.04741392237332973,-0.04711850439473174
3202,0.625,-0.048318914838520265,0.0005860973870254619,0.024209448300724697,0.0254947961415504,0.048318914838520265,-0.04743119064891627
3203,1.5625,-0.047389116106748744,0.00016176486001071486,0.01271868153586349,0.011337335187390997,0.047389116106748744,-0.047195474949679316
3204,3.90625,-0.047020132445017335,2.7869275976070874e-5,0.005279135911877139,0.016868699180500858,0.047020132445017335,-0.047045782131053954
3205,1.5625,-0.04688373768717374,3.9686890571513594e-5,0.006299753215127843,0.012112465316534652,0.04688373768717374,-0.046958256210404656
3206,0.625,-0.04727346991881803,0.0009278595209953359,0.030460786611565628,0.006844414052304186,0.04727346991881803,-0.047623382669208
3207,1.5625,-0.047086832337428705,0.00012140952073161445,0.01101859885519091,0.0034701393575393854,0.047086832337428705,-0.0471794401570698
3208,3.90625,-0.04698062667802931,5.1453779686467255e-5,0.0071731290024972545,0.028938563890531895,0.04698062667802931,-0.04684560346468088
3209,1.5625,-0.046940302743293354,0.0002551729929933544,0.015974135125049943,0.004858913182293962,0.046940302743293354,-0.04748221692682013
3210,3.90625,-0.046981643205579744,4.65225074583768e-5,0.006820740975757458,0.011042332428911917,0.046981643205579744,-0.04705268346162557
3211,1.5625,-0.04693334427472263,4.63778656016124e-5,0.006810129631777386,0.0217474305433834,0.04693334427472263,-0.04679828555632046
3212,0.625,-0.04704368808436824,0.0015671436774965255,0.03958716556532591,0.008847221875280545,0.04704368808436824,-0.04774062966044928
3213,1.5625,-0.046511860053535276,0.0003843999287865827,0.019606119676942264,0.042565025839560115,0.046511860053535276,-0.04666770297002937
3214,0.625,-0.04727809181397046,0.0012936978672133588,0.035968011721714044,0.0395608902397858,0.04727809181397046,-0.04782803806765192
3215,1.5625,-0.04780803561621262,0.0001896045024167795,0.013769695073485813,0.0180560921737675,0.04780803561621262,-0.04704885117382756
3216,0.625,-0.046748320121184225,0.000691475398906178,0.026295919814795947,0.008870807532646404,0.046748320121184225,-0.047352462327592666
3217,1.5625,-0.046772035442333784,6.847578022149597e-5,0.00827500937893704,0.007888097365776999,0.046772035442333784,-0.04714014786805445
3218,3.90625,-0.046937898973629696,5.194174389273919e-5,0.00720706208470131,0.029817952585587795,0.046937898973629696,-0.046837313967879775
3219,1.5625,-0.04722985040299752,0.00016965965627679193,0.01302534668547413,0.017654053174102218,0.04722985040299752,-0.04738008447143899
3220,0.625,-0.04814087832311787,0.00039071902199275493,0.019766613822118216,0.008347536714283113,0.04814087832311787,-0.04737482721522081
3221,1.5625,-0.04728256123673994,8.207755845563819e-5,0.009059666575301665,0.013175142284597388,0.04728256123673994,-0.047135392181423624
3222,0.625,-0.045389363583110506,0.00018997876424528274,0.013783278428780387,0.015887259995958188,0.045389363583110506,-0.04711693812125068
3223,1.5625,-0.045937757264309986,6.442915255094569e-5,0.008026777220712288,0.011707449344311921,0.045937757264309986,-0.04703301555556403
3224,0.625,-0.04771681781607436,0.00032539469336038154,0.01803869987999084,0.030859326317438342,0.04771681781607436,-0.047219481936048975
3225,0.25,-0.04937065969132579,0.0007630882411143118,0.027624051859101186,0.019762199206409228,0.04937065969132579,-0.04733716296873277
3226,0.625,-0.04700549275913202,0.0004687536264231373,0.02165071884310397,0.02115824101905361,0.04700549275913202,-0.04689032321746507
3227,1.5625,-0.047488745193920615,0.00018935774167468062,0.013760731872784987,0.028466992785907367,0.047488745193920615,-0.046927632461825596
3228,0.625,-0.047780260054157725,0.0004447402033547819,0.021088864439670094,0.022553396937972984,0.047780260054157725,-0.04707019695189649
3229,1.5625,-0.04720056065502653,7.559426806382957e-5,0.00869449642382062,0.022803688525057184,0.04720056065502653,-0.04720463962528126
3230,0.625,-0.0474204603986922,9.588845171535222e-5,0.009792264892013094,0.015178728874244258,0.0474204603986922,-0.047094876026912064
3231,0.25,-0.044876440539778926,0.002320994911878224,0.048176705074944925,0.0035349197031617798,0.044876440539778926,-0.04753007058941028
3232,0.625,-0.045483439746127174,0.00033233773642944595,0.018230132649803894,0.014113686060675002,0.045483439746127174,-0.04713922644560484
3233,1.5625,-0.04637913185030613,7.693028143577626e-5,0.00877099090387034,0.003298572053319117,0.04637913185030613,-0.04703678727192834
3234,3.90625,-0.04660009499370814,4.583522889723019e-5,0.00677017199908763,0.024950852117764086,0.04660009499370814,-0.046783102289218684
3235,1.5625,-0.04652735612505845,7.575652561665484e-5,0.008703822471572753,0.010684795032263897,0.04652735612505845,-0.046653131623250424
3236,3.90625,-0.047383526289496776,9.314637922735235e-5,0.009651237186358666,0.009810161539462414,0.047383526289496776,-0.04742061491477323
3237,9.765625,-0.04758634464522601,1.7114993233160776e-5,0.004137027100849205,0.029749897011675783,0.04758634464522601,-0.046981150914577545
3238,3.90625,-0.047161860543131526,7.170663249339378e-5,0.008467976883140022,0.011708811208594402,0.047161860543131526,-0.047319711863036365
3239,1.5625,-0.046359735951009236,5.517396342051911e-5,0.007427917838837416,0.015785866056453296,0.046359735951009236,-0.04701241730151396
3240,0.625,-0.045802003833261565,0.00011802645917277914,0.010863998305079909,0.015802424619592494,0.045802003833261565,-0.047015815349385995
3241,0.25,-0.044103032510748964,0.0021161810572971275,0.046001967972002324,0.004737987982571926,0.044103032510748964,-0.04771185376745994
3242,0.625,-0.044720938889599784,0.00039613203374182736,0.01990306593823744,0.0027591495297946693,0.044720938889599784,-0.04719297199937013
3243,1.5625,-0.04622342860258499,9.989776243717033e-5,0.009994886814625284,0.011218428806023667,0.04622342860258499,-0.04698689552624271
3244,3.90625,-0.04660867422813897,5.242467147203395e-5,0.00724048834485865,0.021371295115045423,0.04660867422813897,-0.04672139899339693
3245,1.5625,-0.046895311721454155,5.343143718552256e-5,0.007309681059083396,0.016820772867078608,0.046895311721454155,-0.04644246058852375
3246,0.625,-0.04823517299224802,0.0024313227521073123,0.049308445038424326,0.008019741917807167,0.04823517299224802,-0.04875056637959931
3247,1.5625,-0.04888234693892759,0.00047518311914796684,0.02179869535426299,0.007053638553491611,0.04888234693892759,-0.04766367141343292
3248,3.90625,-0.04803868913828602,4.5819841474213717e-5,0.0067690354906894765,0.006925793214034303,0.04803868913828602,-0.04711540730284392
3249,9.765625,-0.04737140917009317,6.965642019506587e-6,0.002639250276026619,0.018321815019483198,0.04737140917009317,-0.0470097053658846
3250,3.90625,-0.04652779657951043,1.3045838657767779e-5,0.0036119023599438258,0.015004069613633245,0.04652779657951043,-0.04703804708212814
3251,1.5625,-0.04642268212946652,3.572553506395621e-5,0.005977084160688739,0.012210132882445325,0.04642268212946652,-0.047080966536657026
3252,0.625,-0.046716170959237115,3.652974891089707e-5,0.006043984522721503,0.015318252663818518,0.046716170959237115,-0.0470080234483381
3253,0.25,-0.04796866482650763,0.0004248799962193369,0.02061261740340942,0.03725509442129473,0.04796866482650763,-0.04713627904040803
3254,0.1,-0.04313135382145394,0.000908848681759575,0.030147117304305814,0.013274821356107788,0.04313135382145394,-0.04720812164331446
3255,0.25,-0.04420264422269654,0.00016746580199483252,0.012940857853899505,0.009675706316790997,0.04420264422269654,-0.04713681529014298
3256,0.625,-0.04314716691842043,0.0007289458793409459,0.026998997746971013,0.014189161685601841,0.04314716691842043,-0.047671941381815665
3257,1.5625,-0.04529573402514548,0.0003281624202919007,0.018115253801476276,0.03676289630124336,0.04529573402514548,-0.046831219487605324
3258,0.625,-0.048391658859142504,0.0008904933425687711,0.02984113507507332,0.032532888479803304,0.048391658859142504,-0.04729693125048148
3259,1.5625,-0.048662904769917935,0.00013499342086792916,0.011618666914406712,0.015228191116682156,0.048662904769917935,-0.04694915379081706
3260,0.625,-0.04710369547463221,0.0008027614106246321,0.028333044499746794,0.004902654399597418,0.04710369547463221,-0.047420443171966344
3261,1.5625,-0.047430594428538045,0.00021066286899688917,0.014514229879566094,0.0187481799635119,0.047430594428538045,-0.04700480454226316
3262,0.625,-0.047627254811301686,0.0005754698015821097,0.023988951656587865,0.013389752079820488,0.047627254811301686,-0.04734009994775746
3263,1.5625,-0.04756377840269723,8.530088552745913e-5,0.00923584785103453,0.005790496036629023,0.04756377840269723,-0.04711042716931225
3264,3.90625,-0.04686171938985409,2.929596291908573e-5,0.005412574518571151,0.018315661936624938,0.04686171938985409,-0.0469434498571779
3265,1.5625,-0.04640705680124714,3.3631311594884975e-5,0.005799250951190591,0.018868704847295942,0.04640705680124714,-0.04683014821234132
3266,0.625,-0.04754072330302439,0.0013278223610849458,0.036439296934558794,0.029023369452482108,0.04754072330302439,-0.047894374283850634
3267,1.5625,-0.046088506281390315,0.0005468611941735236,0.023385063484487777,0.02722103757475035,0.046088506281390315,-0.0465493057426863
3268,3.90625,-0.04676068227182488,0.0001318896003828423,0.011484319761433078,0.020600916271998483,0.04676068227182488,-0.047136625876740904
3269,1.5625,-0.047990196383713664,0.00016438697415040366,0.01282134837489426,0.030800025844111272,0.047990196383713664,-0.04689905578675986
3270,0.625,-0.048206151316009464,0.0004093756417359702,0.02023303342892435,0.021923025868468036,0.048206151316009464,-0.04708415490213639
3271,1.5625,-0.047423101034151156,0.0001600701188837036,0.012651882029314991,0.042197854742874845,0.047423101034151156,-0.04728017163143995
3272,0.625,-0.0468761847069094,0.0005038004961337121,0.022445500576590224,0.019350875806417183,0.0468761847069094,-0.04748124129741374
3273,1.5625,-0.046780929604853826,0.00010956124878388179,0.01046715093919457,0.017516016680243766,0.046780929604853826,-0.04713737348833997
3274,0.625,-0.047198382745403056,0.0003552750850970314,0.018848742268306164,0.01034688595215838,0.047198382745403056,-0.047199082770988825
3275,1.5625,-0.04705238367424335,5.9281072608321133e-5,0.007699420277418368,0.017386087232645883,0.04705238367424335,-0.04706937338386953
3276,0.625,-0.04733134443204303,6.145012924260962e-5,0.007839013282461615,0.017898088096925426,0.04733134443204303,-0.04695550459094678
3277,0.25,-0.04708080682204588,7.505501058268981e-5,0.008663429493144722,0.014456694254051008,0.04708080682204588,-0.046919035873206665
3278,0.1,-0.05221774559267074,0.004151407852990138,0.0644314197654385,0.025990301722212672,0.05221774559267074,-0.047432166614130855
3279,0.25,-0.05079269917907838,0.002291774978785729,0.047872486657638005,0.029306739384556614,0.05079269917907838,-0.046669740958923005
3280,0.625,-0.04762063710683912,0.00046879437516543997,0.021651659870906895,0.004693183340892744,0.04762063710683912,-0.04743034927646642
3281,1.5625,-0.04677984801801128,7.281965557497576e-5,0.008533443359803577,0.00859655522586234,0.04677984801801128,-0.04706924069776033
3282,3.90625,-0.04682789698352452,1.5290048860925462e-5,0.0039102492070104,0.001912199131793596,0.04682789698352452,-0.047082410224266256
3283,9.765625,-0.04693239265957792,4.900630508944997e-6,0.0022137367749904225,0.016712696483604114,0.04693239265957792,-0.047022748662994045
3284,3.90625,-0.047076941034585394,8.244436861493028e-6,0.002871312741847016,0.0025302505848028146,0.047076941034585394,-0.04700464722854976
3285,9.765625,-0.04716360733911167,2.814448289800342e-6,0.0016776317503553462,0.012500772988266486,0.04716360733911167,-0.04697847295893524
3286,3.90625,-0.047252488027283136,3.2250104114603677e-6,0.001795831398394729,0.023731698007903493,0.047252488027283136,-0.04694009784484954
3287,1.5625,-0.04715820715275552,0.0004241578275978903,0.020595092318265784,0.005679236084698609,0.04715820715275552,-0.04783860780854547
3288,3.90625,-0.047077556114987616,6.821783576458754e-5,0.008259408923439227,0.008381308011807429,0.047077556114987616,-0.04710873240747684
3289,9.765625,-0.04690287038040389,4.9363610905031065e-5,0.007025924202909612,0.034509218558731874,0.04690287038040389,-0.046428948233701806
3290,3.90625,-0.04726779236811255,5.7293998914275686e-5,0.007569279946882377,0.033425520715559084,0.04726779236811255,-0.04581398796944934
3291,1.5625,-0.046956083685031375,0.0019560119250443863,0.044226823592073465,0.01370251635761769,0.046956083685031375,-0.050865828802699006
3292,3.90625,-0.046633888116324136,0.0002857134079990027,0.016903059131382184,0.007686371339720736,0.046633888116324136,-0.04740521371356184
3293,9.765625,-0.046792379561218865,6.01925174202327e-5,0.007758383686067137,0.045396018563032825,0.046792379561218865,-0.04673978020479311
3294,3.90625,-0.047038025813208366,0.00020981303854093473,0.014484924526587452,0.00682997132970354,0.047038025813208366,-0.04757218970133784
3295,9.765625,-0.04715995369723403,1.8169779470474282e-5,0.004262602429323462,0.004333103093333049,0.04715995369723403,-0.04710124629395086
3296,24.4140625,-0.04715507514636624,5.439087815150168e-6,0.0023321852017260908,0.029944235674674892,0.04715507514636624,-0.04690086041028754
3297,9.765625,-0.04713561715302861,3.446448032761675e-5,0.005870645648275558,0.026107478695190416,0.04713561715302861,-0.0473781508083008
3298,3.90625,-0.046885458123905564,3.765612587579335e-5,0.006136458740657624,0.016252562490381543,0.046885458123905564,-0.04721509550435587
3299,1.5625,-0.04667095784293174,4.0032391278284945e-5,0.006327115557525794,0.014889568355927415,0.04667095784293174,-0.04709400994578226
3300,0.625,-0.04586406348513883,0.0009166066269195869,0.03027551200094867,0.009549917133965245,0.04586406348513883,-0.04765821699578104
3301,1.5625,-0.04632735360673109,0.00021903840792802967,0.01479994621368705,0.016364126861482364,0.04632735360673109,-0.04714183191977226
3302,3.90625,-0.0468832758332002,7.424046253340223e-5,0.008616290532091071,0.0336757781878968,0.0468832758332002,-0.04692548425191305
3303,1.5625,-0.046996440963922706,9.881080381146892e-5,0.009940362358157217,0.03453503833385636,0.046996440963922706,-0.04669223683564259
3304,0.625,-0.04659541409257729,0.00323416799795657,0.056869745893195,0.012324134423352217,0.04659541409257729,-0.048617107618957586
3305,1.5625,-0.04750237159080795,0.0004438843352659418,0.021068562724256768,0.010154852812767392,0.04750237159080795,-0.04725765211534571
3306,3.90625,-0.04715147446566778,0.00011324651472072061,0.010641734572931267,0.03010576982403149,0.04715147446566778,-0.04672287920594647
3307,1.5625,-0.04726894323929756,0.00040921446608483975,0.020229050053940736,0.05220568505814515,0.04726894323929756,-0.0473764383533931
3308,0.625,-0.0469243958238799,0.0012773044121926187,0.035739395800609426,0.0118477059490351,0.0469243958238799,-0.04810891003010544
3309,1.5625,-0.04641699710000728,0.000282482225915882,0.016807207558541128,0.029871311453292807,0.04641699710000728,-0.047078134549144175
3310,0.625,-0.04818461263183579,0.0008118456977726575,0.028492906095599613,0.007044410407216459,0.04818461263183579,-0.04759470149850501
3311,1.5625,-0.04857889084974279,0.0001448783493420311,0.012036542250249077,0.023289591897131066,0.04857889084974279,-0.04693932196144687
3312,0.625,-0.04597660018379301,0.000627095561432385,0.025041876156398205,0.00985892613835958,0.04597660018379301,-0.047422602649458315
3313,1.5625,-0.046040924858959525,7.813334040910179e-5,0.008839306557027072,0.02589324835635893,0.046040924858959525,-0.04711364868878527
3314,0.625,-0.04665210224892683,0.00011086250298104277,0.010529126411105661,0.011638108864732688,0.04665210224892683,-0.047017963148515
3315,1.5625,-0.04689065183162802,4.660774879118076e-5,0.00682698680174356,0.022261664339065006,0.04689065183162802,-0.04693716852150512
3316,0.625,-0.04703587858523175,0.0003655624865432542,0.019119688453090814,0.006201201029135593,0.04703587858523175,-0.04743043325735113
3317,1.5625,-0.04678513979154957,0.00021582414466875531,0.014690954518640213,0.016279585736511806,0.04678513979154957,-0.04687723573487426
3318,3.90625,-0.04711344062356882,3.6228145892366485e-5,0.006018982130922676,0.01699008579418988,0.04711344062356882,-0.04714197658924345
3319,1.5625,-0.04741007301696351,3.0314175376829048e-5,0.0055058310341699595,0.005461357209735988,0.04741007301696351,-0.04698897595915222
3320,3.90625,-0.04726383555155022,1.3109806322632882e-5,0.003620746652644021,0.007438467799234171,0.04726383555155022,-0.047074508709916925
3321,1.5625,-0.047006468194483765,2.8564395234194927e-5,0.00534456688929935,0.002121780329153027,0.047006468194483765,-0.047068307525528125
3322,3.90625,-0.04699596690035751,7.5899703369237785e-6,0.0027549900792786493,0.01702489392915627,0.04699596690035751,-0.04703475251884686
3323,1.5625,-0.04735471201559509,3.1697492304765555e-5,0.00563005260230893,0.023859383450373032,0.04735471201559509,-0.047073162329700796
3324,0.625,-0.04669885432869359,4.698813879040895e-5,0.006854789478197631,0.009015416655089722,0.04669885432869359,-0.04706319286338356
3325,0.25,-0.04796997027742853,0.0002658527821406335,0.016304992552608956,0.012626124131953699,0.04796997027742853,-0.047130924212449424
3326,0.625,-0.046657180909883675,4.048945619775469e-5,0.006363132577414578,0.002660037902513919,0.046657180909883675,-0.04710383411658738
3327,1.5625,-0.04676394861076244,1.609398710295771e-5,0.004011731185281201,0.017189263716929377,0.04676394861076244,-0.04707424833671539
3328,0.625,-0.046443134789836756,3.6290443614094e-5,0.006024155012455606,0.010032606717380665,0.046443134789836756,-0.04707802273805055
3329,0.25,-0.046437841038923726,3.597835502328518e-5,0.005998195980733305,0.0031009563748587935,0.046437841038923726,-0.04704674115791476
3330,0.625,-0.046822705607180284,3.28039764243089e-5,0.005727475571690279,0.007756707991553227,0.046822705607180284,-0.04707282306791425
3331,0.25,-0.04681863845864697,3.237595052717454e-5,0.00568998686529016,0.012183136097005403,0.04681863845864697,-0.04704414892846035
3332,0.1,-0.04826100232975731,0.0001904809439444752,0.0138014833965221,0.010518627166476658,0.04826100232975731,-0.04705728869279027
3333,0.25,-0.04764623299785912,2.8863272523786098e-5,0.0053724549810851,0.016303560559469684,0.04764623299785912,-0.04705360402599264
3334,0.1,-0.04632695157805683,0.00016148398306296792,0.012707634833554509,0.006493473387176413,0.04632695157805683,-0.04706655067695573
3335,0.25,-0.04728013807956743,2.9229499938008117e-5,0.0054064313496065145,0.008178623503956447,0.04728013807956743,-0.047056719090522864
3336,0.1,-0.04729366119622293,2.8997670336953982e-5,0.005384948499006651,0.0023838501998184425,0.04729366119622293,-0.04704678181629341
3337,0.25,-0.04762287813395101,2.862287717999044e-5,0.005350035250350267,0.015446549620961526,0.04762287813395101,-0.04704024331634827
3338,0.1,-0.045853369974890576,0.00012128840799668443,0.011013101651972728,0.015443862159369739,0.045853369974890576,-0.04704702483576261
3339,0.1,-0.047463788819852665,6.512569112290464e-5,0.008070049016140153,0.005675008378913571,0.047463788819852665,-0.047054366543464364
3340,0.25,-0.04742876809710366,6.130846439446406e-5,0.007829972183505129,0.019759997122221186,0.04742876809710366,-0.04703160572927186
3341,0.1,-0.04519025078879502,0.0003627447678902061,0.019045859599666436,0.0021984100530859922,0.04519025078879502,-0.04707792442056826
3342,0.25,-0.04650811470119883,1.4897017189796571e-5,0.003859665424592729,0.0012578343180121593,0.04650811470119883,-0.04704081987859289
3343,0.625,-0.04667069869209386,1.4882413357418875e-5,0.003857773108597611,0.0077899543605262096,0.04667069869209386,-0.04704398576359203
3344,0.25,-0.04666922007572134,1.4644064088468545e-5,0.00382675634035779,0.0027496902494906924,0.04666922007572134,-0.047031473967970895
3345,0.625,-0.047378180896844715,1.8941382287352944e-5,0.0043521698366852535,0.0016356169352826464,0.047378180896844715,-0.047046119653049515
3346,1.5625,-0.04704864633580351,5.441270007586714e-6,0.0023326529976802624,0.0020209730114696058,0.04704864633580351,-0.04703309159171499
3347,3.90625,-0.04728465662651041,1.1743645029825497e-5,0.0034269002071588687,0.0029355235074447774,0.04728465662651041,-0.04710424230431703
3348,9.765625,-0.0472778657295258,8.866085113722253e-6,0.0029775972047478574,0.025524169601397664,0.0472778657295258,-0.04697443316597584
3349,3.90625,-0.047184818473019405,4.505188795915385e-5,0.006712070318400564,0.0033397603768578446,0.047184818473019405,-0.04719628735216919
3350,9.765625,-0.04696936674114424,9.177635744987575e-6,0.003029461296169267,0.03234414828461928,0.04696936674114424,-0.04704277221758358
3351,3.90625,-0.046875809099886485,1.3842528201883911e-5,0.003720554824469586,0.003418912073285126,0.046875809099886485,-0.0470848052844356
3352,9.765625,-0.04696603716963966,1.4039353592620454e-6,0.0011848777824155728,0.02581571059130352,0.04696603716963966,-0.047060126205130226
3353,3.90625,-0.047131948182984204,1.6815714563015584e-5,0.004100696838711146,0.0071568414676245464,0.047131948182984204,-0.047137191133465546
3354,1.5625,-0.0471729574998695,1.6404050861619052e-5,0.004050191459871873,0.016593370526830596,0.0471729574998695,-0.047045316000386576
3355,0.625,-0.046613069405818816,0.0006157832033489023,0.02481497941463789,0.018879836329340333,0.046613069405818816,-0.04739843286807111
3356,1.5625,-0.046990582004964684,7.919309054832518e-5,0.008899049980100415,0.0025511878261501504,0.046990582004964684,-0.04724970600539575
3357,3.90625,-0.04704900502237977,4.240123050432693e-5,0.006511622724354271,0.023407250111545135,0.04704900502237977,-0.04699923634136315
3358,1.5625,-0.04748185874841004,5.511890932419552e-5,0.007424211023684303,0.020787763112261423,0.04748185874841004,-0.046870450090973625
3359,0.625,-0.049214503857260825,0.0006616425438664897,0.025722413258994374,0.025639267523380138,0.049214503857260825,-0.0474010606472975
3360,1.5625,-0.04798132688090324,6.958608317423529e-5,0.008341827328243812,0.004558245735614022,0.04798132688090324,-0.04728355846287771
3361,3.90625,-0.04744251154426079,3.582811404993619e-5,0.005985659032214932,0.014423404446714902,0.04744251154426079,-0.04705776650714143
3362,1.5625,-0.045845389867673225,0.00011496241336314851,0.010722052665564953,0.013216289413254263,0.045845389867673225,-0.047166994606852926
3363,3.90625,-0.0460500803140524,3.465852625839813e-5,0.00588714924716523,0.024295658878355646,0.0460500803140524,-0.04697612997946615
3364,1.5625,-0.048126367555647885,0.00013817270916221074,0.011754688816051692,0.017733041395044263,0.048126367555647885,-0.04720238385657746
3365,0.625,-0.049501752782815864,0.0002748628640203333,0.01657898863080415,0.011032247624402112,0.049501752782815864,-0.047197294319253555
3366,1.5625,-0.04834817185371401,3.998804174469845e-5,0.00632360986657925,0.004097521595931671,0.04834817185371401,-0.047075632598699096
3367,3.90625,-0.04808371007582062,3.469001630454243e-5,0.005889823113179413,0.03638140713463028,0.04808371007582062,-0.046881899329640035
3368,1.5625,-0.04526234079387387,0.000256973545626924,0.016030394431420705,0.02447985792191496,0.04526234079387387,-0.04745744757785442
3369,0.625,-0.042407056931587285,0.00031427364666264244,0.017727764852418434,0.018925578092381247,0.042407056931587285,-0.04717191565412078
3370,1.5625,-0.044327529578030586,6.138981097192863e-5,0.00783516502518796,0.011384003252438638,0.044327529578030586,-0.0471057296388866
3371,0.625,-0.047712450227295596,0.00013108065936829442,0.011449046220899557,0.012051227784480664,0.047712450227295596,-0.047117878489257935
3372,1.5625,-0.0480744934015125,1.9471580364617943e-5,0.004412661369810508,0.005894949113070013,0.0480744934015125,-0.04709721722621002
3373,0.625,-0.047390669811618456,1.9633711327523563e-5,0.004430994394887401,0.007026526833911831,0.047390669811618456,-0.047070861081451795
3374,0.25,-0.04698398274265816,2.023743054575803e-5,0.004498603177182672,0.0022664030583722625,0.04698398274265816,-0.04705535950386226
3375,0.625,-0.047135597610595305,1.8413647262810764e-5,0.0042911125903209255,0.0024299128074242874,0.047135597610595305,-0.0470393673812504
3376,1.5625,-0.04725105796669283,2.5014916440249258e-5,0.0050014914215910896,0.005720132011692484,0.04725105796669283,-0.0470747904675582
3377,3.90625,-0.04735147316911318,7.211391368282439e-6,0.0026854033902344054,0.008214205782737138,0.04735147316911318,-0.04703898318566148
3378,1.5625,-0.047215354413923674,1.4681416491855554e-5,0.0038316336583571705,0.0054338292106806034,0.047215354413923674,-0.04702921900616675
3379,0.625,-0.04565069056993299,0.0007007695688315818,0.026472052599516755,0.008033557402832743,0.04565069056993299,-0.047445145774895524
3380,1.5625,-0.04661164378799825,9.776046166625431e-5,0.009887389021690928,0.011693876838353075,0.04661164378799825,-0.04711043805369848
3381,3.90625,-0.04677127310818049,2.0559526239921896e-5,0.004534261377547825,0.00243171158218214,0.04677127310818049,-0.04705888781633246
3382,9.765625,-0.04706008949456858,6.601920445894372e-6,0.002569420254822938,0.006719856550379418,0.04706008949456858,-0.04699510541247592
3383,3.90625,-0.0474058116705961,3.72228801412696e-5,0.00610105565793901,0.006301594139411796,0.0474058116705961,-0.04722413828004997
3384,9.765625,-0.04729299372362193,1.0052598947627585e-5,0.003170583376545645,0.004708407134046078,0.04729299372362193,-0.04703714412796605
3385,3.90625,-0.04694552482153523,2.5180326755558506e-5,0.005018000274567401,0.014428704976198059,0.04694552482153523,-0.04711354820314727
3386,1.5625,-0.04660293118768238,4.0555825507793755e-5,0.006368345586397911,0.013766123959077507,0.04660293118768238,-0.04709934733385538
3387,0.625,-0.045969122947798154,0.0001295253399089736,0.01138091999396242,0.01373060840391073,0.045969122947798154,-0.047168809699871354
3388,1.5625,-0.046498155597610835,1.7264888602421764e-5,0.004155103921976172,0.010411558187621298,0.046498155597610835,-0.04710951322785946
3389,0.625,-0.046543636286101656,1.7000471852884388e-5,0.004123162845787732,0.014780827276614348,0.046543636286101656,-0.047071843976815624
3390,0.25,-0.047515606749246764,4.422859669371649e-5,0.006650458382225731,0.020113424257202472,0.047515606749246764,-0.04706700857521284
3391,0.1,-0.0474683585629098,0.0001205846409758185,0.010981103814089843,0.025578510733335322,0.0474683585629098,-0.0470738892235598
3392,0.1,-0.0470343927854107,0.004476137027732232,0.06690393880581495,0.015379753687864163,0.0470343927854107,-0.04747112404010696
3393,0.25,-0.05335857765686467,0.0025755473440391185,0.05074985067996869,0.027473711586750913,0.05335857765686467,-0.04662474695401719
3394,0.625,-0.05057765310674407,0.0013025120210786334,0.03609033140715991,0.032765590543878086,0.05057765310674407,-0.04634054789129524
3395,1.5625,-0.047560596274506095,0.0003166819871044264,0.017795560881984765,0.01038983610422545,0.047560596274506095,-0.04750147854659247
3396,3.90625,-0.0465748780547367,1.932295986589545e-5,0.0043957888786764375,0.013861627931855604,0.0465748780547367,-0.047047890072333634
3397,1.5625,-0.04696265608973484,5.0393250845661466e-5,0.007098820384096323,0.0022550964434610177,0.04696265608973484,-0.04710000491743872
3398,3.90625,-0.04698021896390662,7.682891890622123e-6,0.0027718030035740497,0.01760209082923569,0.04698021896390662,-0.047060283912414895
3399,1.5625,-0.04728099921604748,1.1060049042109379e-5,0.003325665202949536,0.002241938098152547,0.04728099921604748,-0.04703827386571922
3400,3.90625,-0.04709577228500973,5.1341570962537365e-6,0.0022658678461582303,0.0025354352287948736,0.04709577228500973,-0.04701276315240221
3401,9.765625,-0.047053811345064846,4.342903082528756e-6,0.0020839633112242537,0.003011238992227362,0.047053811345064846,-0.0469575707286975
3402,3.90625,-0.04686312524097418,5.4923855702293375e-5,0.007411063061551519,0.017785591524367914,0.04686312524097418,-0.04734161810327294
3403,1.5625,-0.04738687836642084,6.038606854241344e-5,0.007770847350348187,0.013528518856803713,0.04738687836642084,-0.04724534881024368
3404,0.625,-0.04713971185453296,6.136347069164637e-5,0.007833483943408985,0.014010529168340636,0.04713971185453296,-0.04712481500781436
3405,0.25,-0.04825348557425004,0.0011358172894897463,0.03370188851518185,0.016612237287044487,0.04825348557425004,-0.04739520598035199
3406,0.625,-0.04690487375519698,0.0001835297751753634,0.013547316161342193,0.015252481439823535,0.04690487375519698,-0.04723882181079536
3407,1.5625,-0.04689757288315307,6.277229675236086e-5,0.007922896992411353,0.0024531234191430343,0.04689757288315307,-0.047119587124775604
3408,3.90625,-0.04691842700849378,2.1576528023320595e-5,0.004645054146435819,0.013949997054151278,0.04691842700849378,-0.04704173004370261
3409,1.5625,-0.04625436670614123,3.125781679316148e-5,0.0055908690552687315,0.020765596567232255,0.04625436670614123,-0.04697586918952265
3410,0.625,-0.04617606617306476,3.367011529370593e-5,0.005802595565236813,0.020762980242834933,0.04617606617306476,-0.04693702269071389
3411,0.25,-0.04742044760368536,0.0010809847022423894,0.03287833180443298,0.01651036486604056,0.04742044760368536,-0.04722538443342225
3412,0.625,-0.04773235132389664,0.0009794403376581452,0.03129601152955669,0.0482719646529043,0.04773235132389664,-0.04634418495533414
3413,0.25,-0.0480691139758809,0.006684085445317109,0.08175625630688521,0.00696997944812672,0.0480691139758809,-0.04919867450184792
3414,0.625,-0.047672654474806606,0.0013668904207029854,0.036971481180809965,0.023900675348701418,0.047672654474806606,-0.046716301626307556
3415,1.5625,-0.047503463019857285,0.0002955967519120374,0.017192927380525906,0.005752235424634317,0.047503463019857285,-0.04732742860399688
3416,3.90625,-0.04723597383795124,4.06540093649771e-5,0.0063760496676999855,0.008551457207959735,0.04723597383795124,-0.04709549142050853
3417,1.5625,-0.04714448697130706,3.695754018457667e-5,0.0060792713530962465,0.010913422553165596,0.04714448697130706,-0.04692106494494503
3418,0.625,-0.04642924252355206,0.00039011503693292597,0.019751330004152277,0.011878305952950433,0.04642924252355206,-0.04726411942693425
3419,1.5625,-0.04683844327646433,0.00011728753486118692,0.010829936974017297,0.02443489290720496,0.04683844327646433,-0.04701211165371784
3420,0.625,-0.045917455152421675,0.0006433923301316991,0.02536517948155895,0.010510139803217014,0.045917455152421675,-0.047497164212197254
3421,1.5625,-0.04628394155998107,5.911731196842133e-5,0.007688778314428198,0.010567362525871985,0.04628394155998107,-0.04713397959742759
3422,0.625,-0.04755388505896556,7.41001104591823e-5,0.00860814210263645,0.0105981419556723,0.04755388505896556,-0.04705535516288281
3423,1.5625,-0.0472362040641901,3.3994280737963245e-5,0.005830461451545945,0.012325048664361673,0.0472362040641901,-0.04699848147573972
3424,0.625,-0.04827891029518943,0.0005016363400286368,0.022397239562692472,0.003432017844872672,0.04827891029518943,-0.04732256474024338
3425,1.5625,-0.04726172980210501,6.88636697429351e-5,0.008298413688346412,0.0064969826850876464,0.04726172980210501,-0.04709358370099312
3426,3.90625,-0.046695606764044675,5.303516067312224e-5,0.007282524333850333,0.015428120842107457,0.046695606764044675,-0.04680462786724802
3427,1.5625,-0.04718298575675244,0.00036365912665533803,0.019069848626964453,0.02387944722346633,0.04718298575675244,-0.047595166119090114
3428,0.625,-0.04887651163365044,0.0003586061193793313,0.01893689835689391,0.026403737768873836,0.04887651163365044,-0.04698812309408237
3429,0.25,-0.048570062932158715,0.003921068530570805,0.06261843602782495,0.004442855354738549,0.048570062932158715,-0.04777590057539675
3430,0.625,-0.04778210294842495,0.00047393578912712604,0.02177006635559768,0.00855973564692479,0.04778210294842495,-0.0471480767848574
3431,1.5625,-0.04670283877628188,6.441287244876362e-5,0.008025763044643395,0.009094359756615438,0.04670283877628188,-0.047065114885164856
3432,3.90625,-0.046923056819228495,1.857591314356329e-5,0.004309978322864663,0.015785287613801605,0.046923056819228495,-0.046988105272483004
3433,1.5625,-0.047011662156494,3.446364591058398e-5,0.00587057458095747,0.015201182764314435,0.047011662156494,-0.04695726420295172
3434,0.625,-0.04831379936868249,5.504641023825889e-5,0.0074193268049236715,0.023843664011333168,0.04831379936868249,-0.04694571559947933
3435,0.25,-0.04992701670902736,0.0026397280474347263,0.05137828381169155,0.034671428317346875,0.04992701670902736,-0.047613545317117464
3436,0.625,-0.04729945859977558,0.0017785804835403346,0.042173219980697875,0.04825308613881958,0.04729945859977558,-0.04592011365618366
3437,1.5625,-0.04684550724000605,0.00040755780343418313,0.020188060913177944,0.013302228266201645,0.04684550724000605,-0.047672544094047614
3438,3.90625,-0.04698642939095855,5.823900183783724e-5,0.007631448213664117,0.03667919790673873,0.04698642939095855,-0.046862494438132146
3439,1.5625,-0.04694757280648522,0.0001832968441485861,0.01353871648822687,0.0222885498471808,0.04694757280648522,-0.04720446847284087
3440,0.625,-0.04694897962576912,0.0003219581123048975,0.017943191251973478,0.0331126465171136,0.04694897962576912,-0.04711833099780359
3441,0.25,-0.044489163139271176,0.004336860727210192,0.06585484589011041,0.00833447955591653,0.044489163139271176,-0.04811016283897082
3442,0.625,-0.043405864242749136,0.0010966087714591615,0.03311508374531403,0.04472940824774467,0.043405864242749136,-0.04690805156636151
3443,0.25,-0.04810196688243841,0.0032772784424347397,0.057247519094147124,0.03248552340681927,0.04810196688243841,-0.04719614112280193
3444,0.625,-0.04762552269372193,0.0005727646530656065,0.023932502022680505,0.027181572940943997,0.04762552269372193,-0.04695761730195737
3445,1.5625,-0.04712444502172375,0.0003121258948237117,0.017667085068672525,0.047296116775052646,0.04712444502172375,-0.04630262503783943
3446,0.625,-0.04711786482067726,0.0019813946580155718,0.044512859467973655,0.005303697016759543,0.04711786482067726,-0.048258674763692826
3447,1.5625,-0.04730207172147698,0.00019824707258025092,0.014080023884221608,0.006874319242655344,0.04730207172147698,-0.04728050087817757
3448,3.90625,-0.047335946136477826,2.6301252859513026e-5,0.005128474710819292,0.003920701460068744,0.047335946136477826,-0.047125710010091706
3449,9.765625,-0.0472599375799172,1.4970343084372612e-5,0.003869152760537197,0.02577634748098008,0.0472599375799172,-0.04690338333712924
3450,3.90625,-0.04685529267702317,6.51447522028586e-5,0.008071229906455311,0.013886609580039328,0.04685529267702317,-0.047351804624683747
3451,1.5625,-0.04682575429391197,7.46170979499574e-5,0.008638118889547504,0.011881801720284392,0.04682575429391197,-0.04714104557721234
3452,0.625,-0.045960479084405134,9.246463797040312e-5,0.009615853470722352,0.011043908322129608,0.045960479084405134,-0.04708488891210803
3453,1.5625,-0.046074479621743145,9.731160262131575e-5,0.00986466434407759,0.00908791114639812,0.046074479621743145,-0.0471848429103343
3454,3.90625,-0.04676297736278281,1.1647410553768915e-5,0.0034128302849349124,0.00913259247606821,0.04676297736278281,-0.04707994428183982
3455,1.5625,-0.04777213384451531,2.0576212133385728e-5,0.004536100983596566,0.011503606886406644,0.04777213384451531,-0.04706681771877065
3456,0.625,-0.048100486081124175,2.1816025934482835e-5,0.004670762885705378,0.010866096658352992,0.048100486081124175,-0.047024270707205156
3457,0.25,-0.04768191040348028,2.155852595397382e-5,0.004643115974641794,0.009753860172016538,0.04768191040348028,-0.04700739149525174
3458,0.1,-0.044586732430315794,0.006838314340676676,0.08269410100289304,0.0126360180345138,0.044586732430315794,-0.047872878749491185
3459,0.25,-0.05004306058671392,0.0038539692358904756,0.06208034500460251,0.04228574758217932,0.05004306058671392,-0.04625374592614995
3460,0.625,-0.048204955604225504,0.001077687892366657,0.03282815700533091,0.018642114494093198,0.048204955604225504,-0.047479497486806986
3461,1.5625,-0.04746936529718266,8.316117334648408e-5,0.009119274825691135,0.017890877512471662,0.04746936529718266,-0.04710100309904729
3462,0.625,-0.04727187742609838,7.929791033097017e-5,0.008904937413085517,0.012686919410903686,0.04727187742609838,-0.04695962565216198
3463,0.25,-0.047347684298499344,0.00010161577831683807,0.010080465183553686,0.02096290480288776,0.047347684298499344,-0.04690259784928949
3464,0.1,-0.03747629243384812,0.01185976292301931,0.1089025386435932,0.011413093276611937,0.03747629243384812,-0.04808636318622351
3465,0.25,-0.04199911403739398,0.0030967790627306688,0.055648711240519025,0.009630565355937938,0.04199911403739398,-0.047198631176660275
3466,0.625,-0.046272385481719164,0.0011935929500046852,0.03454841458019001,0.008292341115530564,0.046272385481719164,-0.046802919856744514
3467,1.5625,-0.04664130435380825,0.00024500236091842505,0.015652551259089525,0.01850791043256392,0.04664130435380825,-0.04702875394101266
3468,3.90625,-0.04703245436540155,3.452214970027035e-5,0.005875555267399869,0.005841371529451766,0.04703245436540155,-0.04709947482880821
3469,9.765625,-0.04723206959348716,8.202392474059151e-6,0.0028639819262801136,0.021111609790876947,0.04723206959348716,-0.046977395784648567
3470,3.90625,-0.04714313673964812,4.442303773435552e-5,0.006665060970040373,0.01114181549760989,0.04714313673964812,-0.04720187768824732
3471,1.5625,-0.04711384396732046,4.3112439640093865e-5,0.006566006369178594,0.012565619350520158,0.04711384396732046,-0.04706027599209065
3472,0.625,-0.046940988596606295,0.00037065031863665524,0.019252280868423233,0.010431924776712264,0.046940988596606295,-0.04732543888213571
3473,1.5625,-0.04729318955008144,4.0593492030112816e-5,0.0063713022240443765,0.002110175449138358,0.04729318955008144,-0.04715307064563129
3474,3.90625,-0.04712060151468308,1.3415066522837004e-5,0.0036626583955969745,0.0023974404910795557,0.04712060151468308,-0.04708680173295516
3475,9.765625,-0.04697206128896702,4.882034104368772e-6,0.002209532553362537,0.008253427958972475,0.04697206128896702,-0.04705180927379507
3476,3.90625,-0.04686030934947519,9.464227683609904e-6,0.003076398492329936,0.0064810371223455445,0.04686030934947519,-0.047027812800921755
3477,1.5625,-0.04682308112922246,2.353798667214379e-5,0.004851596301439743,0.00995926762732007,0.04682308112922246,-0.047055131827543256
3478,0.625,-0.04649004051027675,4.168268647827925e-5,0.0064562130137007755,0.010088420872657402,0.04649004051027675,-0.047064564691699354
3479,0.25,-0.0458148196783472,7.717410974404602e-5,0.008784879608967105,0.011347511220568783,0.0458148196783472,-0.04706767519816269
3480,0.1,-0.046062073565002304,9.025693992841144e-5,0.009500365252368534,0.014767198953376599,0.046062073565002304,-0.047044558515655144
3481,0.1,-0.049637217322257385,0.000553608096255338,0.023528877921722872,0.008474717930198139,0.049637217322257385,-0.04711519410541464
3482,0.25,-0.047200057981271706,6.809780347121568e-5,0.008252139326939146,0.0020013865084448665,0.047200057981271706,-0.04709661556299389
3483,0.625,-0.04671851406621759,3.3424331276576155e-5,0.0057813779738550355,0.014321780123889835,0.04671851406621759,-0.047069285577923906
3484,0.25,-0.046991614016981896,0.00022825810873647133,0.015108213287363642,0.001639257570525993,0.046991614016981896,-0.047153358068370434
3485,0.625,-0.047181435697370995,2.430378854636004e-5,0.004929887275218373,0.005550261724545468,0.047181435697370995,-0.04710324061153885
3486,1.5625,-0.04712387990771306,9.898445792946598e-6,0.0031461795551027596,0.003998759160381679,0.04712387990771306,-0.04709887857206023
3487,0.625,-0.047129217538916364,9.888721167084076e-6,0.003144633709525495,0.005749802693068466,0.047129217538916364,-0.04707725441933686
3488,0.25,-0.047126240047891205,9.789431681744149e-6,0.0031288067504632094,0.0018435092048403488,0.047126240047891205,-0.04706887488836474
3489,0.625,-0.04739628198503212,4.015597238671661e-5,0.006336874023263884,0.011003073730667832,0.04739628198503212,-0.047093996919949435
3490,0.25,-0.04656466409233729,0.0011864574221898583,0.03444499124967022,0.019044294696203133,0.04656466409233729,-0.047390767594580475
3491,0.625,-0.0483706862627023,0.0003988172787554925,0.01997041007980288,0.020553863798199127,0.0483706862627023,-0.04715787838382431
3492,1.5625,-0.047560256908714,8.495009201978267e-5,0.00921683741962408,0.00862969391272221,0.047560256908714,-0.04720780326924757
3493,3.90625,-0.04721333488501981,3.644536115602878e-5,0.006036999350341922,0.012986156088056151,0.04721333488501981,-0.04698369081890697
3494,1.5625,-0.04711351335575913,4.58004507938384e-5,0.006767603031638188,0.01265948600216154,0.04711351335575913,-0.04683537539154217
3495,0.625,-0.04744188542247414,4.880856200230574e-5,0.006986312475283777,0.022124247395185037,0.04744188542247414,-0.04674752101396852
3496,0.25,-0.049883306115873605,0.0043223758681274,0.06574477825749661,0.028848355228943665,0.049883306115873605,-0.04777576018473319
3497,0.625,-0.04834717082183862,0.0004421649175111499,0.021027717838870433,0.005248660547899755,0.04834717082183862,-0.04759587130909102
3498,1.5625,-0.04690603366508294,0.00011680402652631789,0.010807591152810967,0.004745131715677793,0.04690603366508294,-0.04730060520581411
3499,3.90625,-0.04665905341415057,4.700286042122383e-5,0.006855863214885768,0.012019246801793032,0.04665905341415057,-0.04697424648785533
3500,1.5625,-0.046523498815311905,4.7085146033824695e-5,0.00686186170319868,0.00962348707733678,0.046523498815311905,-0.046720823547151034
3501,0.625,-0.045722210976625856,0.000965433975654913,0.03107143343418377,0.01498063252573241,0.045722210976625856,-0.047744082413088106
3502,1.5625,-0.047254655111986815,0.0003308194928362509,0.01818844393663875,0.023314970014910154,0.047254655111986815,-0.046979808325621784
3503,0.625,-0.048042457530221634,0.0005710892318657307,0.02389747333643728,0.03782632265059984,0.048042457530221634,-0.04671015345538764
3504,0.25,-0.04383119309704318,0.001517879959893369,0.03895997895139792,0.026439705709005324,0.04383119309704318,-0.046864957768287384
3505,0.625,-0.045062091029868585,0.0011567297904738175,0.03401073051955541,0.004924343993917027,0.045062091029868585,-0.04774194718247697
3506,1.5625,-0.04713502980752535,0.00022038591140495636,0.014845400345054906,0.020154182474656453,0.04713502980752535,-0.04700668413479885
3507,0.625,-0.048651667204669374,0.0005024914579493541,0.022416321240322955,0.009485005274754967,0.048651667204669374,-0.04733297370501406
3508,1.5625,-0.048453883451097565,6.555403424959034e-5,0.008096544587019227,0.009571209774218221,0.048453883451097565,-0.047097662847375925
3509,3.90625,-0.0475811743575175,2.3899772255693393e-5,0.004888739331943706,0.013432764110106582,0.0475811743575175,-0.046975870635496506
3510,1.5625,-0.047166228791291905,5.577851835962509e-5,0.007468501747982997,0.025790204710635974,0.047166228791291905,-0.04699722624490396
3511,0.625,-0.04538941811332287,0.0006115049842043237,0.02472862681598644,0.020040013280249708,0.04538941811332287,-0.04762193512310258
3512,1.5625,-0.045192020891640455,0.0001855125055437181,0.013620297557091699,0.012483714748918908,0.045192020891640455,-0.04710346370123312
3513,3.90625,-0.046039957199879994,2.6347962853945107e-5,0.005133026675748442,0.006503316900775906,0.046039957199879994,-0.04708509641506553
3514,1.5625,-0.04666888987762734,2.527338469822787e-5,0.0050272641365088295,0.013058624675842137,0.04666888987762734,-0.04694720423638145
3515,0.625,-0.05202129049117031,0.0005820496550846379,0.02412570527641913,0.021996377458530336,0.05202129049117031,-0.04738080847583702
3516,1.5625,-0.0497503266241009,0.000188227456605283,0.013719601182442696,0.01821015247858091,0.0497503266241009,-0.0468973904342376
3517,0.625,-0.04688852230935127,0.000815531973180783,0.02855752043124163,0.007284678544821248,0.04688852230935127,-0.04753005815595432
3518,1.5625,-0.04648420822578229,0.00015729579694374136,0.012541762114780418,0.026122144465317045,0.04648420822578229,-0.04696677801446011
3519,0.625,-0.04667263931348126,0.0005388965897407303,0.023214146328063203,0.008900202277532108,0.04667263931348126,-0.04736049417425446
3520,1.5625,-0.04634656946938512,0.00012635218623065545,0.011240648834949673,0.024815923290793254,0.04634656946938512,-0.04691758946428005
3521,0.625,-0.04661010380714758,0.0005863768494832497,0.024215219377144815,0.0036303680642299522,0.04661010380714758,-0.04743775371839353
3522,1.5625,-0.04706712362912377,5.44817438952453e-5,0.007381174967120431,0.015218373685057079,0.04706712362912377,-0.04705380024105076
3523,0.625,-0.04724551403291898,0.00013601065323612415,0.011662360534476892,0.009552505506617653,0.04724551403291898,-0.04706423831084066
3524,1.5625,-0.047346992803474895,2.0784803862916265e-5,0.004559035409263265,0.013169188025664554,0.047346992803474895,-0.04701566600198531
3525,0.625,-0.04740247596684074,5.2988718636529944e-5,0.007279335040821376,0.011586284882529175,0.04740247596684074,-0.047018183895213804
3526,0.25,-0.04745778682229689,0.0001467854279082825,0.012115503617608412,0.011819049646746226,0.04745778682229689,-0.047051748772791335
3527,0.625,-0.04742719893934799,0.0001427404776097868,0.011947404639074831,0.029060071839415703,0.04742719893934799,-0.04692333158565858
3528,0.25,-0.045866453938697545,0.0011721915901983493,0.03423728362762369,0.009521327070045563,0.045866453938697545,-0.04730300106029636
3529,0.625,-0.046006618652811034,0.00041197252354106036,0.020297106284913137,0.010674653941873648,0.046006618652811034,-0.04733912422830389
3530,1.5625,-0.0468973968072896,0.00012451712993037035,0.011158724386343197,0.019601886153281206,0.0468973968072896,-0.04701144662075607
3531,0.625,-0.04913663698450933,0.00017498712373136794,0.013228269869161573,0.025514894888859142,0.04913663698450933,-0.04690425143956594
3532,0.25,-0.04411548236071583,0.0007119801210939888,0.02668295562890267,0.01328295165413366,0.04411548236071583,-0.047080607506376375
3533,0.625,-0.0451714344330837,0.0001395778946491358,0.01181430889426613,0.02775052951311042,0.0451714344330837,-0.04698648497565037
3534,0.25,-0.047076063853626046,0.0004594391074848375,0.021434530726956388,0.017913479581956555,0.047076063853626046,-0.0470915227271019
3535,0.625,-0.04771329660646684,9.287564624051188e-5,0.009637201162189772,0.011443200096534661,0.04771329660646684,-0.047083959812405596
3536,1.5625,-0.047808449759402454,7.986820743426028e-5,0.00893690144481074,0.009425845682200921,0.047808449759402454,-0.04719446285839464
3537,3.90625,-0.047498202071326524,3.2293341503151635e-5,0.005682723071129864,0.015803495093721386,0.047498202071326524,-0.04703709353118825
3538,1.5625,-0.04689222035182112,6.540697094397915e-5,0.008087457631665167,0.01760849683914055,0.04689222035182112,-0.0471422079474251
3539,0.625,-0.04557086094532177,0.000178938087067858,0.01337677416524096,0.006064892158282233,0.04557086094532177,-0.04720128131368683
3540,1.5625,-0.04627008601526102,3.57840959183337e-5,0.005981980935972105,0.0028521666116709155,0.04627008601526102,-0.04708569330801575
3541,3.90625,-0.046475468518581246,3.4853945928781566e-5,0.005903723056578922,0.025735257519999746,0.046475468518581246,-0.04689017067554544
3542,1.5625,-0.047893056045545064,0.0002609594342633701,0.016154238894586465,0.004674362133648037,0.047893056045545064,-0.04753866667413228
3543,3.90625,-0.04768787427191875,1.196970140673922e-5,0.0034597256259332504,0.008202601269260194,0.04768787427191875,-0.04707553400092684
3544,1.5625,-0.047351086245529986,1.2349932752481962e-5,0.003514247110332733,0.01214507018832033,0.047351086245529986,-0.04701324423765596
3545,0.625,-0.04650960298988487,0.00017714338595898113,0.0133095223790706,0.008702714507035287,0.04650960298988487,-0.04712570982369511
3546,1.5625,-0.046452559399951764,4.268968628696195e-5,0.006533734482435137,0.0015634133073220084,0.046452559399951764,-0.047154087768573015
3547,3.90625,-0.04648261089824783,2.7587685780145418e-5,0.005252398098025836,0.02837116288755081,0.04648261089824783,-0.0469863164661653
3548,1.5625,-0.04832276613453848,0.00013178439649108218,0.011479738520152894,0.01421325120705284,0.04832276613453848,-0.04722122876029728
3549,3.90625,-0.047700997360921406,1.3231032763569783e-5,0.0036374486612967866,0.012900806009813416,0.047700997360921406,-0.04709530676113763
3550,1.5625,-0.047360415015559876,1.325607515530197e-5,0.003640889335767014,0.0066765904703928606,0.047360415015559876,-0.04702823640087472
3551,0.625,-0.04620418247923159,7.76160808976489e-5,0.00880999891587104,0.01469049578172082,0.04620418247923159,-0.04706499693878833
3552,0.25,-0.044700121289384054,0.00019062595553995699,0.013806735875649862,0.01600953541016927,0.044700121289384054,-0.04711927995983978
3553,0.625,-0.045675158621764134,2.0251122578569778e-5,0.0045001247292236,0.003002085025719341,0.045675158621764134,-0.04709495101316694
3554,1.5625,-0.04623796617986425,9.053795786746908e-6,0.003008952606264663,0.003713936743632554,0.04623796617986425,-0.04707787470999375
3555,3.90625,-0.04659000243395574,5.605883078467289e-6,0.00236767461414513,0.014123449047583163,0.04659000243395574,-0.04705929230205192
3556,1.5625,-0.0484131281334947,4.4472817974777895e-5,0.006668794341916528,0.005640892302459006,0.0484131281334947,-0.04715584101035208
3557,3.90625,-0.047566732621539896,7.342427795366582e-6,0.0027096914575956027,0.006474247984434604,0.047566732621539896,-0.04708522855300107
3558,1.5625,-0.04703834593312516,1.3325150954686406e-5,0.0036503631264144677,0.00199921325589429,0.04703834593312516,-0.04709960196301518
3559,3.90625,-0.04690517782265901,5.080559462370794e-6,0.0022540096411441534,0.002137239755299121,0.04690517782265901,-0.04706863003193058
3560,9.765625,-0.046948608273660625,1.6610539366643189e-6,0.001288818814521389,0.006018768347667002,0.046948608273660625,-0.047070053618063976
3561,3.90625,-0.047181050421999694,2.4703420639423077e-6,0.001571732185819934,0.008722683095148096,0.047181050421999694,-0.04705639729920652
3562,1.5625,-0.04684810091694548,5.746313809751217e-6,0.002397147014630354,0.010064927091286563,0.04684810091694548,-0.047060503817487546
3563,0.625,-0.046799722586530416,5.5660643300795245e-6,0.0023592507984696166,0.014022920934923506,0.046799722586530416,-0.04704797985151439
3564,0.25,-0.05031119523082837,0.00322607826236144,0.05679857623533745,0.024303135175873524,0.05031119523082837,-0.047764780516878685
3565,0.625,-0.04767649802984379,0.0007108872522050303,0.026662468981792184,0.015073830691625193,0.04767649802984379,-0.0470836235661219
3566,1.5625,-0.047259475801147366,8.66147584538024e-5,0.00930670502668922,0.0030761798246451456,0.047259475801147366,-0.04715094492412923
3567,3.90625,-0.0471732827302451,1.3341874867795414e-5,0.003652653127220735,0.010986452125873812,0.0471732827302451,-0.047026928019978605
3568,1.5625,-0.04714300902652367,1.4482509954975462e-5,0.0038055893045592115,0.023930080399009335,0.04714300902652367,-0.046959858588095954
3569,0.625,-0.04686570005789139,0.0005987839716876605,0.024470062764277097,0.01408575735614118,0.04686570005789139,-0.047509751571969974
3570,1.5625,-0.046341197079425835,0.00011062389542422241,0.010517789474229954,0.008712986177825092,0.046341197079425835,-0.047089230876054246
3571,3.90625,-0.046786685291650844,1.34279650537366e-5,0.003664418787984883,0.0037567994019861435,0.046786685291650844,-0.047081237481130134
3572,9.765625,-0.04699023889647077,3.1035650484567473e-6,0.0017616938009928818,0.004022892276622904,0.04699023889647077,-0.04704604082019002
3573,3.90625,-0.0471481400460836,4.063103076451659e-6,0.0020157140363780916,0.006658127184714772,0.0471481400460836,-0.047015919023200695
3574,1.5625,-0.047538369332352996,2.747144433658337e-5,0.005241320858007395,0.013669554926599799,0.047538369332352996,-0.04706158003934718
3575,0.625,-0.04837832050583472,0.0007059727103969663,0.0265701469773309,0.009500231454041459,0.04837832050583472,-0.04758781685100457
3576,1.5625,-0.048384623902523176,0.0001594941680970482,0.012629100050955659,0.013707349544273956,0.048384623902523176,-0.04709110779190545
3577,3.90625,-0.04768976068784433,2.3339943161390792e-5,0.004831143049154185,0.005577939635017668,0.04768976068784433,-0.04706574938741123
3578,9.765625,-0.04763518903434997,2.3077697378834428e-5,0.004803925205374707,0.06200443111180407,0.04763518903434997,-0.04674672648577067
3579,3.90625,-0.04635268458641042,0.00014939017423460586,0.012222527325991375,0.023904591690011703,0.04635268458641042,-0.047664364870296766
3580,1.5625,-0.044890403540217075,9.799369474690272e-5,0.009899176468116059,0.0062248174773759475,0.044890403540217075,-0.04733260050757294
3581,3.90625,-0.04553244788581081,2.6351079328157262e-5,0.005133330237590142,0.006750647745651792,0.04553244788581081,-0.047124807368956134
3582,1.5625,-0.04741583717178097,2.7121982724904714e-5,0.00520787698826544,0.009114102871614982,0.04741583717178097,-0.04707124107879323
3583,0.625,-0.04797306491223104,5.648291687505004e-5,0.007515511750709331,0.0073004350831403055,0.04797306491223104,-0.0470681512387096
3584,1.5625,-0.0475479839774806,1.546198494158457e-5,0.0039321730559049115,0.0018608761811750875,0.0475479839774806,-0.04703741175256571
3585,3.90625,-0.04721340975021925,1.0426669739277026e-5,0.003229035419328352,0.004582677473107812,0.04721340975021925,-0.046989096685904376
3586,1.5625,-0.047219465436106674,0.00013298351985149105,0.011531848067482118,0.003459895483889332,0.047219465436106674,-0.047322862585079103
3587,3.90625,-0.04708880086429015,4.47818325321058e-5,0.006691922932319663,0.013235509432867292,0.04708880086429015,-0.0470067336945197
3588,1.5625,-0.047179046466477303,0.0001277552180520273,0.011302885386131601,0.0037930132695678013,0.047179046466477303,-0.04722369449090697
3589,3.90625,-0.04653350145674857,9.363029478892324e-5,0.009676274840501547,0.04288799754937525,0.04653350145674857,-0.04665641596374903
3590,1.5625,-0.047563546947832124,0.0005718265779604901,0.0239128956414837,0.011529975676899465,0.047563546947832124,-0.047978351478128366
3591,3.90625,-0.04742737214824117,3.253737276809095e-5,0.0057041539923191895,0.015084348520275528,0.04742737214824117,-0.04705518560405563
3592,1.5625,-0.047021383367605224,6.990481749219246e-5,0.008360910087555807,0.007889853479734553,0.047021383367605224,-0.04709269420076158
3593,3.90625,-0.04722170068927677,9.665500742926123e-6,0.0031089388451569972,0.012420654603089533,0.04722170068927677,-0.04708761922466869
3594,1.5625,-0.04708540476946377,1.3842217809278459e-5,0.003720513111020906,0.010509508432974064,0.04708540476946377,-0.047089563410443944
3595,0.625,-0.04654827693923817,3.487430883782928e-5,0.005905447386763282,0.005167229410069392,0.04654827693923817,-0.04709752986317854
3596,1.5625,-0.04695333577802515,7.169050634782866e-6,0.0026775082884620293,0.008375468088020204,0.04695333577802515,-0.047079085982445854
3597,0.625,-0.04716988429104277,1.0521442536404062e-5,0.0032436773169358356,0.005345705725148216,0.04716988429104277,-0.04706966642723279
3598,0.25,-0.04714632090291884,1.0334129576802194e-5,0.0032146741011807394,0.006726613500261008,0.04714632090291884,-0.047060511690993165
3599,0.1,-0.04714000707476413,1.0032692953041614e-5,0.003167442651894682,0.0023742075074845294,0.04714000707476413,-0.04705732769535978
3600,0.25,-0.04785936160878431,4.63732042091026e-5,0.006809787383546024,0.011240798164825936,0.04785936160878431,-0.047070138883265306
3601,0.1,-0.04651609778573506,0.00011652072341051636,0.01079447652322781,0.01089634046402584,0.04651609778573506,-0.04707753736406973
3602,0.25,-0.047581925045763675,1.4226675536523305e-5,0.003771826551754906,0.006865156381160701,0.047581925045763675,-0.04706993073402816
3603,0.1,-0.04759351343549745,1.4083907007362768e-5,0.0037528531822285252,0.006730242947682971,0.04759351343549745,-0.047065039162579675
3604,0.1,-0.04758458614140204,1.3849160975922375e-5,0.0037214460866607183,0.006848492662896664,0.04758458614140204,-0.04706232215930216
3605,0.1,-0.04607583512472492,0.00010606725477557207,0.010298895803704982,0.011384559958400086,0.04607583512472492,-0.04707509614330376
3606,0.25,-0.04700962389100324,1.3453188254259222e-5,0.003667858810567716,0.006375046876829476,0.04700962389100324,-0.047073582073956406
3607,0.1,-0.047011772478913035,1.3100186024560193e-5,0.003619417912394228,0.0017943956509179737,0.047011772478913035,-0.04706916159012864
3608,0.25,-0.04707752139342273,1.1203644142728585e-5,0.003347184509812476,0.0022557027494040298,0.04707752139342273,-0.0470659459957045
3609,0.625,-0.04681580564826395,8.783826181250583e-6,0.0029637520444953866,0.0023466821017030202,0.04681580564826395,-0.047064325963456374
3610,1.5625,-0.04715350107102603,5.53459695040152e-6,0.0023525724112982197,0.0076894792841698196,0.04715350107102603,-0.047061449095793365
3611,0.625,-0.04720035031389899,5.373376802018985e-6,0.0023180545295611544,0.002688413901193595,0.04720035031389899,-0.0470498389864529
3612,1.5625,-0.046866799456299714,5.627265527089153e-6,0.0023721858120916988,0.0017592948776977654,0.046866799456299714,-0.04705280625808479
3613,3.90625,-0.04706290716729787,2.7741192494259814e-6,0.0016655687465325416,0.004632931289155117,0.04706290716729787,-0.04703724275360607
3614,1.5625,-0.04711444964978461,2.7476872470432495e-6,0.00165761492725037,0.002226999130571876,0.04711444964978461,-0.047022383981424866
3615,0.625,-0.04716399111381314,2.733076722525535e-6,0.0016532019605981403,0.0064639885201176585,0.04716399111381314,-0.04701641730841028
3616,0.25,-0.04716580205474215,2.7206792446180314e-6,0.0016494481636650578,0.0018919041852807309,0.04716580205474215,-0.04701431893255268
3617,0.625,-0.04718678149422206,2.7397919363422394e-6,0.001655231686605304,0.009708631772834542,0.04718678149422206,-0.04701194746115394
3618,0.25,-0.04718945751064072,2.7262075487794237e-6,0.0016511231173899248,0.001690134624203094,0.04718945751064072,-0.04701005111064521
3619,0.625,-0.04743790727352028,0.0009214613420424425,0.03035558172795314,0.016977768873320847,0.04743790727352028,-0.047640730217045464
3620,1.5625,-0.04673088746912032,0.00013826872129680282,0.011758772099875175,0.010433693556371755,0.04673088746912032,-0.0471297148020786
3621,3.90625,-0.046670218078684385,2.6809504839016813e-5,0.005177789570754765,0.020431463045360393,0.046670218078684385,-0.047039863385923655
3622,1.5625,-0.047126772269628976,8.573305025513622e-5,0.009259214343298043,0.0022709265023578146,0.047126772269628976,-0.04715749257347063
3623,3.90625,-0.047195885783261275,8.600615522050105e-6,0.0029326806034838,0.005700038720403192,0.047195885783261275,-0.0470594377836419
3624,1.5625,-0.04717977415720253,8.38308162178653e-6,0.0028953551805929664,0.010861770192718835,0.04717977415720253,-0.04701245640559698
3625,0.625,-0.04718240902900218,8.389370555429423e-6,0.002896441015354779,0.002934346837806604,0.04718240902900218,-0.04699478449937534
3626,1.5625,-0.04741455479772374,1.729523883158881e-5,0.004158754480801771,0.005194643812759804,0.04741455479772374,-0.04700555294002142
3627,3.90625,-0.047413455195025656,7.067602464746806e-6,0.0026584962788664583,0.007394796308949325,0.047413455195025656,-0.0469689765300068
3628,1.5625,-0.04687050671864442,0.0002477883574754801,0.01574129465690418,0.003656191912853954,0.04687050671864442,-0.04749334376320124
3629,3.90625,-0.046786942903857966,5.080923858559596e-5,0.007128059945426663,0.02568373280303377,0.046786942903857966,-0.047002279392864804
3630,1.5625,-0.046800424343071974,0.00021921200577680995,0.014805809865617279,0.009012833647550641,0.046800424343071974,-0.0473426861025444
3631,3.90625,-0.04699669976320301,3.355613662508821e-5,0.005792765887301869,0.016806629918949035,0.04699669976320301,-0.046993519613602874
3632,1.5625,-0.04756204771375434,0.00010442278486674612,0.010218746736598677,0.00999551549723979,0.04756204771375434,-0.047149593955456696
3633,3.90625,-0.04723590778072613,1.0656843353770924e-5,0.0032644820957957363,0.010021556008941333,0.04723590778072613,-0.047098049600577306
3634,1.5625,-0.04681327488305309,1.2320161156217667e-5,0.0035100087117011076,0.014395223051467213,0.04681327488305309,-0.04705332723998558
3635,0.625,-0.04683119408504031,2.549444683582139e-5,0.0050492025940559555,0.0029603733135630888,0.04683119408504031,-0.047052600435522944
3636,1.5625,-0.04676785879150927,9.206198229157852e-6,0.003034171753404519,0.010887796432820012,0.04676785879150927,-0.0470440509284389
3637,0.625,-0.04759898382153636,2.8273112722058906e-5,0.0053172467238279345,0.009253909689303352,0.04759898382153636,-0.04705191494270529
3638,0.25,-0.04799634962672257,2.7285932086096047e-5,0.005223593790303381,0.01367734739686622,0.04799634962672257,-0.04703241286034547
3639,0.1,-0.03909499560287841,0.011081752896736036,0.10526990499062891,0.023830865150569286,0.03909499560287841,-0.04818300871496611
3640,0.25,-0.0441661115837574,0.002611785515365047,0.05110563095555173,0.006948074545184144,0.0441661115837574,-0.04728433061257947
3641,0.625,-0.046789775467732,0.0012685644919535298,0.03561691300426709,0.029512429508424535,0.046789775467732,-0.04627575949427442
3642,1.5625,-0.04636792972666144,0.0004214388126455755,0.02052897495360096,0.031724445416693524,0.04636792972666144,-0.046581430637392035
3643,0.625,-0.0495912435027144,0.0015966636224493875,0.03995827351687492,0.011812772379357815,0.0495912435027144,-0.04741880669730142
3644,1.5625,-0.049289408246180964,0.0004111126291661416,0.02027591253596596,0.036381116682105565,0.049289408246180964,-0.04615454343412785
3645,0.625,-0.04313257596043941,0.0033578233537682285,0.05794672858555717,0.00996249616207959,0.04313257596043941,-0.04863392773505382
3646,1.5625,-0.04441605203600057,0.0006074879983051472,0.02464727161990039,0.055291896154162606,0.04441605203600057,-0.046163789989640144
3647,0.625,-0.045446182135530644,0.0032947993110339522,0.05740034242958793,0.0089137751460266,0.045446182135530644,-0.049099410411901995
3648,1.5625,-0.04708039842340258,0.00026270211893498065,0.016208088071545657,0.005797997964474908,0.04708039842340258,-0.04709342779439048
3649,3.90625,-0.04703118492178233,6.369301480628607e-5,0.00798079036225649,0.0043293928551596285,0.04703118492178233,-0.04685168701755221
3650,9.765625,-0.04674212268907382,3.467683342154043e-5,0.005888703882989909,0.01542977402393225,0.04674212268907382,-0.046335097313718925
3651,3.90625,-0.04704783692350718,0.00045009951437657836,0.021215548882283917,0.01455643533430926,0.04704783692350718,-0.048173132148391
3652,9.765625,-0.04703655034517299,5.4161126650216666e-5,0.007359424342312153,0.01343330205835584,0.04703655034517299,-0.04652379892892478
3653,3.90625,-0.046861914007874886,0.00019145726873354005,0.013836808473544036,0.031362287584676574,0.046861914007874886,-0.04664570044698313
3654,1.5625,-0.052002814755261736,0.0016157982808153609,0.04019699343004848,0.019871839654815062,0.052002814755261736,-0.050330372436586245
3655,3.90625,-0.049343144994548525,0.0002536488332970044,0.015926356560651417,0.024966010053510467,0.049343144994548525,-0.04750452652969799
3656,1.5625,-0.04446795328771893,0.00023776932707969686,0.015419770655872182,0.02871515522116751,0.04446795328771893,-0.0466755595354186
3657,0.625,-0.04155480374884508,0.00043090597205937796,0.02075827478523632,0.03710783082191097,0.04155480374884508,-0.046791776907756946
3658,0.25,-0.03985718574015671,0.0018004723030165407,0.04243197265054431,0.03677460045243071,0.03985718574015671,-0.04706576034902222
3659,0.625,-0.045923771961955524,0.0010902267922962847,0.03301858253008879,0.024126704491187204,0.045923771961955524,-0.047938711144077904
3660,1.5625,-0.046867564302182974,0.0002553278249137843,0.015978980721991762,0.035313792575162435,0.046867564302182974,-0.047095267105104706
3661,0.625,-0.045365104289023406,0.00047941931285331945,0.021895645979356705,0.03699780218460078,0.045365104289023406,-0.04709151387400253
3662,0.25,-0.05034495016033449,0.004881944515138361,0.06987091322673807,0.00643175687515123,0.05034495016033449,-0.04854005358507685
3663,0.625,-0.049120500119430394,0.0009818531772894609,0.031334536493930476,0.0168659534742799,0.049120500119430394,-0.04704998101901468
3664,1.5625,-0.0462380617433125,0.000605729390598195,0.024611570258685142,0.025047840231156103,0.0462380617433125,-0.0457102614648813
3665,3.90625,-0.04522975194744042,0.0003251443158175843,0.018031758533697824,0.009962868913129252,0.04522975194744042,-0.04493754719190632
3666,9.765625,-0.04585417454548518,0.00019300669522503457,0.013892684953781776,0.020307031869392197,0.04585417454548518,-0.044162245076054825
3667,3.90625,-0.04832886630527652,0.0013538342234122962,0.0367944863180925,0.02261185195389568,0.04832886630527652,-0.05140457074957239
3668,9.765625,-0.04855779027558543,0.00010385263489278322,0.01019081129708441,0.026695639325494337,0.04855779027558543,-0.046609421240895975
3669,3.90625,-0.04642863454823529,0.00042027219618102034,0.020500541363120642,0.01893045727278239,0.04642863454823529,-0.04862816256353354
3670,9.765625,-0.04645324472863365,2.6240202147240424e-5,0.005122519121217648,0.026758667074259015,0.04645324472863365,-0.04702822130478472
3671,3.90625,-0.04655908838288101,7.200403461916213e-5,0.008485519113122198,0.008270106289883295,0.04655908838288101,-0.04734455703496643
3672,9.765625,-0.04694215498213272,1.3883967151659173e-5,0.0037261195836498823,0.02297447663311132,0.04694215498213272,-0.04706116953685981
3673,3.90625,-0.04704044872076604,6.778355339275761e-5,0.008233076787736018,0.008672968502266325,0.04704044872076604,-0.047335598763491575
3674,9.765625,-0.046975944985136096,2.357583679757387e-5,0.004855495525440619,0.05503125936831796,0.046975944985136096,-0.046897225210482056
3675,3.90625,-0.046799757373296454,7.414607294214978e-5,0.008610811398593618,0.03254277813302549,0.046799757373296454,-0.047145752951109836
3676,1.5625,-0.04734717118793128,0.00027096176669612066,0.016460916338288115,0.029673919400389336,0.04734717118793128,-0.047566483059181715
3677,0.625,-0.047069893611129295,0.0016233805578095123,0.040291197026267565,0.013966765735524902,0.047069893611129295,-0.048291961050056474
3678,1.5625,-0.046529701687113914,0.0004220926469684894,0.020544893452351838,0.020759281557701337,0.046529701687113914,-0.047091978858581324
3679,3.90625,-0.04700417375388472,7.810157829478274e-5,0.008837509733787156,0.03005906919193129,0.04700417375388472,-0.04693751835600439
3680,1.5625,-0.04672524636295197,0.0003721401496400092,0.019290934390018777,0.01879182989234515,0.04672524636295197,-0.04756360704823302
3681,3.90625,-0.046916089359546886,6.372333663282453e-5,0.007982689811888254,0.026442824991577192,0.046916089359546886,-0.04698606934725832
3682,1.5625,-0.047477893900028004,0.0001835361106528769,0.013547549987096445,0.020676184905012607,0.047477893900028004,-0.047191774439314764
3683,0.625,-0.04738149067153559,0.00020649776523009295,0.014370030105399674,0.038541629448985634,0.04738149067153559,-0.04698648178276807
3684,0.25,-0.0481566122384149,0.004011442838225784,0.06333595217746224,0.006807269761767985,0.0481566122384149,-0.047917801919248035
3685,0.625,-0.04662096931229053,0.000552531417844337,0.02350598685110534,0.010345052505054528,0.04662096931229053,-0.04737701071781692
3686,1.5625,-0.046868403951630784,0.0001116925461556229,0.010568469432970079,0.004066136013760846,0.046868403951630784,-0.04709081635554249
3687,3.90625,-0.047241232740690246,5.9060798804468556e-5,0.007685102393883152,0.033318130965477755,0.047241232740690246,-0.046750672127806266
3688,1.5625,-0.04636497641635623,0.0004028967401955887,0.020072287866498645,0.01928557192157556,0.04636497641635623,-0.047698075377710786
3689,3.90625,-0.04659958874890337,4.299231705347998e-5,0.006556852678951997,0.008205013440394395,0.04659958874890337,-0.04710928735258158
3690,1.5625,-0.047106880943898706,4.4680355172469566e-5,0.006684336554398616,0.024491470642397303,0.047106880943898706,-0.04692077141010055
3691,0.625,-0.04960363226886925,0.0004408879767432384,0.020997332610196907,0.02619412628188778,0.04960363226886925,-0.04728461596650481
3692,1.5625,-0.048320847760274094,5.7797793194756495e-5,0.007602485987804022,0.014046478175911415,0.048320847760274094,-0.047161642596779824
3693,0.625,-0.04670479680701607,5.94526028888232e-5,0.007710551399791276,0.01125697157856251,0.04670479680701607,-0.04707332879977976
3694,0.25,-0.044800674507365405,0.0018920416948043064,0.043497605621508714,0.005549165384896805,0.044800674507365405,-0.047493278232498534
3695,0.625,-0.04527348612284333,0.0004796061399694292,0.021899911871270834,0.022744520100560217,0.04527348612284333,-0.0470202561741949
3696,1.5625,-0.04588730214906121,0.00018744031207601237,0.013690884269323599,0.037821968353157986,0.04588730214906121,-0.04686996506924077
3697,0.625,-0.04765486385256545,0.0008847519119292587,0.02974477957439353,0.007076849972218695,0.04765486385256545,-0.047518860320418084
3698,1.5625,-0.04776129562891798,0.00010322269001478005,0.010159856791056656,0.015635263995931212,0.04776129562891798,-0.047129247798655835
3699,0.625,-0.04709801955152738,0.00013211164872373404,0.011493983153099453,0.026405477069042893,0.04709801955152738,-0.04706891178720901
3700,0.25,-0.04679243699275183,0.0015781992099252458,0.03972655547521388,0.005563943978754671,0.04679243699275183,-0.04745786225688434
3701,0.625,-0.04627604570615103,0.0003356204881832391,0.018319947821520646,0.008773375008346487,0.04627604570615103,-0.04711162260204625
3702,1.5625,-0.04665164540242871,6.615333117795195e-5,0.008133469811707175,0.012818205543802377,0.04665164540242871,-0.047011699468070406
3703,0.625,-0.04793211296441972,0.00018013620003456282,0.013421482780772131,0.014871453109361416,0.04793211296441972,-0.04713922959362923
3704,1.5625,-0.047893544303885476,2.88249654354603e-5,0.005368888659253449,0.0027293893211749196,0.047893544303885476,-0.04709167061887993
3705,3.90625,-0.04758542159458897,1.9364896738542308e-5,0.004400556412380406,0.018886132009316207,0.04758542159458897,-0.04698400522435928
3706,1.5625,-0.04603929368520011,0.00012278990588734029,0.01108106068421883,0.011972479767000341,0.04603929368520011,-0.04721527900063325
3707,3.90625,-0.04641106582305658,2.4071827266383662e-5,0.004906304848496846,0.01834233331817813,0.04641106582305658,-0.04703277338477204
3708,1.5625,-0.04692487405728412,0.00011941282822374829,0.010927617682905469,0.012171294227472295,0.04692487405728412,-0.047202505816210424
3709,3.90625,-0.0473613855849746,2.5040172696016867e-5,0.005004015657051531,0.020515226307981128,0.0473613855849746,-0.04701831189311946
3710,1.5625,-0.04744548408016897,0.00010541605578341637,0.010267232138381618,0.006548044823750157,0.04744548408016897,-0.047234429081918446
3711,3.90625,-0.04728762462945224,1.298483797015745e-5,0.00360344806680455,0.011514908123854422,0.04728762462945224,-0.04706019200396745
3712,1.5625,-0.04697507878382576,3.248183905073048e-5,0.005699284082297572,0.006003202639937981,0.04697507878382576,-0.04710774999705313
3713,3.90625,-0.04690643214779427,3.915341928819332e-6,0.0019787222970440626,0.016024903427758506,0.04690643214779427,-0.0470729629529382
3714,1.5625,-0.04695602523717631,8.809341589696975e-6,0.002968053501825224,0.007448321287311507,0.04695602523717631,-0.04708277628406463
3715,0.625,-0.04752521833584233,1.5354482112829736e-5,0.0039184795664683175,0.00960539283278693,0.04752521833584233,-0.04708460742280515
3716,0.25,-0.04784301299100838,2.011650967955375e-5,0.004485143217284567,0.0016332000561371874,0.04784301299100838,-0.047079644658050826
3717,0.625,-0.04741514630450796,6.606023180282563e-6,0.002570218508275622,0.0016630897177618586,0.04741514630450796,-0.047074985218900633
3718,1.5625,-0.04695289393991217,4.15411423574924e-6,0.002038164428045304,0.006603921652260805,0.04695289393991217,-0.04707124180525565
3719,0.625,-0.04693972595659634,4.0798458498417e-6,0.002019862829461867,0.004031864363657747,0.04693972595659634,-0.047062429546912095
3720,0.25,-0.04690799755684266,3.991884515870347e-6,0.00199797009884291,0.012259463964192396,0.04690799755684266,-0.047058919708880695
3721,0.1,-0.04936239848173497,0.000884934761545924,0.02974785305775736,0.01390486196609092,0.04936239848173497,-0.04713905467359006
3722,0.25,-0.04663057629702456,6.570612537488922e-5,0.00810593149335036,0.004506009538400443,0.04663057629702456,-0.04711328560845893
3723,0.625,-0.04692011546700806,2.2647698079544367e-5,0.004758959768641081,0.003965037470520089,0.04692011546700806,-0.047090537866265283
3724,1.5625,-0.04691650453796142,7.1648142386798386e-6,0.002676717063621002,0.007252776841356974,0.04691650453796142,-0.04707502034698108
3725,0.625,-0.04715397757380185,1.404925122947562e-5,0.0037482330809963807,0.009092840417574655,0.04715397757380185,-0.047071414566805796
3726,0.25,-0.04787522479326446,0.00037763475320127626,0.019432826690970007,0.01252166722675308,0.04787522479326446,-0.0471470458950054
3727,0.625,-0.04731277901495028,2.9494841937871684e-5,0.005430915386734697,0.001733011040015,0.04731277901495028,-0.04710399251197983
3728,1.5625,-0.046719484917174266,1.2485631360007172e-5,0.003533501289090917,0.014803159360753711,0.046719484917174266,-0.04707302400153958
3729,0.625,-0.04697574659940186,5.0819197247362624e-5,0.007128758464653058,0.01709361307136052,0.04697574659940186,-0.04709488018203179
3730,0.25,-0.04723635174135737,0.00011508134714566228,0.01072759745449382,0.015615345993704286,0.04723635174135737,-0.047103065890668955
3731,0.1,-0.04725745115233467,0.00011447363811975989,0.010699235398838549,0.0031992357023075176,0.04725745115233467,-0.047063633077058846
3732,0.25,-0.04672010026022624,8.33025449878527e-5,0.009127022788831674,0.0023326797400083973,0.04672010026022624,-0.0470960680924714
3733,0.625,-0.04718881463463845,2.3232730415362325e-5,0.004820034275330657,0.012503793901663163,0.04718881463463845,-0.047071902459642545
3734,0.25,-0.047221688104539236,2.827635670408021e-5,0.005317551758476847,0.010079351813155434,0.047221688104539236,-0.047055427914672626
3735,0.1,-0.04722001377901458,2.8026197205524475e-5,0.005293977446639197,0.002843127092937406,0.04722001377901458,-0.04704587993596948
3736,0.25,-0.046649026206925494,9.40803080549037e-5,0.009699500402335354,0.008285575369559699,0.046649026206925494,-0.047070730308803384
3737,0.625,-0.04670726705305722,2.3463309699044274e-5,0.004843894063565416,0.015583101082230924,0.04670726705305722,-0.0470588893657179
3738,0.25,-0.047116723109353255,5.9846660328108744e-5,0.007736062327056883,0.0022121079550325357,0.047116723109353255,-0.047065863886217495
3739,0.625,-0.04682493172366728,0.0001168614818768905,0.010810248927609878,0.008025774842802435,0.04682493172366728,-0.04713459551436524
3740,1.5625,-0.04695368877378288,8.244202849470546e-6,0.002871271991551923,0.007709789769383591,0.04695368877378288,-0.04708773519805234
3741,0.625,-0.047013058822510376,8.155186721837915e-6,0.0028557287549481856,0.014913374497260191,0.047013058822510376,-0.047069739610451765
3742,0.25,-0.04787142523153195,1.8412778121273028e-5,0.004291011316842805,0.01448341261752987,0.04787142523153195,-0.04706748669782429
3743,0.1,-0.04785689653317828,1.7860206329294614e-5,0.004226133733011133,0.0026984633554004893,0.04785689653317828,-0.04706174755252674
3744,0.25,-0.04734511672260972,0.00025280408963899303,0.01589981413850467,0.00590578823290851,0.04734511672260972,-0.04713854142788767
3745,0.625,-0.047127185465297726,3.265789525689518e-5,0.005714708676467697,0.0012348955707674905,0.047127185465297726,-0.04709497216006
3746,1.5625,-0.047225104439523546,7.655141898176572e-6,0.002766792709650756,0.0072378022462956226,0.047225104439523546,-0.04708836785864118
3747,0.625,-0.047222475650903116,7.634860432474953e-6,0.0027631251206695208,0.0025176238520524716,0.047222475650903116,-0.04707183397571647
3748,1.5625,-0.04719115652504284,7.539667494111508e-6,0.002745845497130439,0.010844333887354748,0.04719115652504284,-0.04705522058098924
3749,0.625,-0.04711410179248149,0.00017987519939947585,0.013411756014760925,0.007175983027307517,0.04711410179248149,-0.04716439005180782
3750,1.5625,-0.046976215090892594,1.0368198822319644e-5,0.0032199687610782258,0.005175712585979155,0.046976215090892594,-0.04708979090864214
3751,0.625,-0.04696702603483023,1.0324974518770484e-5,0.003213249837589739,0.0025391732432672384,0.04696702603483023,-0.04706726038210736
3752,1.5625,-0.047186851504554074,9.559369278305333e-6,0.003091822970078548,0.01716595959295593,0.047186851504554074,-0.04707397313033942
3753,0.625,-0.04701870677628992,2.632308429993025e-5,0.005130602722870896,0.010618645803925002,0.04701870677628992,-0.04708613048352516
3754,0.25,-0.04719177888888949,5.275602231454245e-5,0.007263334104565372,0.009614242609185253,0.04719177888888949,-0.04709191360200852
3755,0.1,-0.047236665922311474,0.00017614433141606,0.013271937741568108,0.009128492451775638,0.047236665922311474,-0.04710927262222908
3756,0.25,-0.04701898811641854,2.4279322366158716e-5,0.004927405236649277,0.0020557227701146047,0.04701898811641854,-0.047100500801798145
3757,0.625,-0.047290956005708436,1.9666894534635192e-5,0.00443473725655029,0.009063773842059005,0.047290956005708436,-0.04708451954830335
3758,0.25,-0.0470912000486088,0.0001727861775543117,0.0131448156150747,0.0013443377915881565,0.0470912000486088,-0.04713052962908608
3759,0.625,-0.04705003343973538,2.5206164106229157e-5,0.005020574081340615,0.011056175093179275,0.04705003343973538,-0.04709260006888889
3760,0.25,-0.04706609462100747,3.2999730084367555e-5,0.005744539153349689,0.012354984446930745,0.04706609462100747,-0.04708376365406363
3761,0.1,-0.047442714073990706,4.51513576755761e-5,0.006719475997097995,0.002627096842625926,0.047442714073990706,-0.04707922122606386
3762,0.25,-0.046956534663192766,1.932769555550638e-5,0.004396327507762175,0.010735356745526496,0.046956534663192766,-0.047072129797285575
3763,0.1,-0.04697492569026166,1.9031264859009576e-5,0.004362483794698792,0.0033055824588426506,0.04697492569026166,-0.04706580375926788
3764,0.25,-0.04753047281007422,4.311900838614771e-5,0.006566506558753117,0.009132181788754311,0.04753047281007422,-0.047070823968181845
3765,0.1,-0.046517385434721684,0.0001265509348257687,0.011249485980513452,0.011405878276414363,0.046517385434721684,-0.047079405896472706
3766,0.25,-0.04675356865588357,2.5256870713466677e-5,0.005025621425601682,0.00138086908071451,0.04675356865588357,-0.047072821250053194
3767,0.625,-0.04712643869717418,1.3890446354995073e-5,0.003726988912647189,0.003274253177872821,0.04712643869717418,-0.047063103528941656
3768,1.5625,-0.04708654368376179,2.1228760792381412e-5,0.004607467937206011,0.0026931522331075024,0.04708654368376179,-0.04710856565508654
3769,3.90625,-0.04704628765942851,5.3744323532549905e-6,0.0023182821987961237,0.011461819435723808,0.04704628765942851,-0.04707264517896373
3770,1.5625,-0.04701604635619377,1.433438837075097e-5,0.0037860782309338207,0.005793207054192831,0.04701604635619377,-0.04709525356789391
3771,0.625,-0.047046026572017306,1.4065454098470972e-5,0.003750393859112796,0.011959764782249003,0.047046026572017306,-0.04706391439002899
3772,0.25,-0.04709998530065733,0.0005312168070104815,0.023048141074943147,0.011612624658217455,0.04709998530065733,-0.04720383864221297
3773,0.625,-0.04711150871113078,8.477773618642949e-5,0.009207482619393288,0.01231317792787044,0.04711150871113078,-0.047085973009557164
3774,0.25,-0.047418019224643705,0.0003544649160893103,0.01882723867404114,0.012540847952237644,0.047418019224643705,-0.047153793626648115
3775,0.625,-0.04702736964880482,3.530441362233011e-5,0.005941751730115464,0.009780004839252548,0.04702736964880482,-0.04708592876260831
3776,0.25,-0.04717962824332336,0.00016443915034351737,0.012823382952384966,0.003020473518120904,0.04717962824332336,-0.04712220377201319
3777,0.625,-0.04700438692655474,2.5263148065444805e-5,0.005026245921703872,0.001784246490022469,0.04700438692655474,-0.04709739914068401
3778,1.5625,-0.047223424314464114,1.1967623485759634e-5,0.0034594253114873913,0.0024903770889373117,0.047223424314464114,-0.04707175905157317
3779,3.90625,-0.04713537569057503,6.237844882098953e-6,0.0024975677932938985,0.0021512114366491674,0.04713537569057503,-0.04706135931687565
3780,9.765625,-0.04710439504312905,4.034072997573267e-6,0.002008500186102373,0.011942505795167303,0.04710439504312905,-0.04701020698992786
3781,3.90625,-0.04681352373060772,4.691467648946058e-5,0.006849428917031009,0.028200896215242122,0.04681352373060772,-0.04722026967564496
3782,1.5625,-0.04704499488871331,7.043590996107447e-5,0.008392610437824126,0.007505848788195111,0.04704499488871331,-0.04717084601326779
3783,3.90625,-0.04712733937712745,1.2634877539284465e-5,0.003554557291602495,0.0024373440934928664,0.04712733937712745,-0.047072872858861865
3784,9.765625,-0.047136247854367534,4.222861500361378e-6,0.0020549602186809793,0.0248364473304252,0.047136247854367534,-0.047055270175217295
3785,3.90625,-0.04717946220929586,1.2825582301559903e-5,0.0035812822147325814,0.020762476801963223,0.04717946220929586,-0.047092466699313405
3786,1.5625,-0.047093792927359435,2.641372086124711e-5,0.005139428067523381,0.008501168543311826,0.047093792927359435,-0.047121690734166416
3787,0.625,-0.0476084700497868,5.2772278544583546e-5,0.007264453079522473,0.013306352780688535,0.0476084700497868,-0.04712364393962132
3788,0.25,-0.04712735585276965,0.0002587576296565719,0.01608594509677849,0.012693338467389929,0.04712735585276965,-0.047176340549335644
3789,0.625,-0.047058791045927896,3.6091103484739635e-5,0.006007587159978591,0.0069617361086742316,0.047058791045927896,-0.04718058329369331
3790,1.5625,-0.04678616473530072,2.0507471356763664e-5,0.004528517567235846,0.01551242437556643,0.04678616473530072,-0.04713470004445691
3791,0.625,-0.046912393790669096,3.3759861725615526e-5,0.005810323719519897,0.01621542890250741,0.046912393790669096,-0.04711649060443428
3792,0.25,-0.04694991441245018,5.3893994785040686e-5,0.00734125294381284,0.0064506141614057684,0.04694991441245018,-0.04710905010012665
3793,0.625,-0.047055293597847075,1.9995335778985377e-5,0.004471614448830017,0.001975521278629573,0.047055293597847075,-0.047092767474731005
3794,1.5625,-0.04703574268119421,1.7360748983144317e-5,0.004166623211084045,0.0062931601860370615,0.04703574268119421,-0.047055100019600164
3795,0.625,-0.04694560490727407,1.7275711507838324e-5,0.0041564060807190535,0.002770004221280485,0.04694560490727407,-0.047017902252678
3796,1.5625,-0.04700841278464438,1.7096095300557722e-5,0.0041347424708871195,0.01173462320609562,0.04700841278464438,-0.04698015334745719
3797,0.625,-0.04634507038787015,0.0008047850988154972,0.028368734529680684,0.00997397313167283,0.04634507038787015,-0.04752951429524398
3798,1.5625,-0.04703392383387444,6.093269718999798e-5,0.007805939865896866,0.004962278829256269,0.04703392383387444,-0.047085368576080776
3799,3.90625,-0.04713660754967427,1.4715767734274285e-5,0.003836113623743995,0.013987037646124115,0.04713660754967427,-0.04701326387603322
3800,1.5625,-0.04711572583817842,0.0001024558421768749,0.010122047331289994,0.011407516018555167,0.04711572583817842,-0.04723696566744997
3801,3.90625,-0.046988973305779926,3.300299203187566e-5,0.005744823063583043,0.029991996782485514,0.046988973305779926,-0.04698791954445889
3802,1.5625,-0.04686175480909568,8.025933074851156e-5,0.00895875721004379,0.017984685522044283,0.04686175480909568,-0.047093537892497934
3803,0.625,-0.04645496590370848,0.00017326373802684927,0.013162968435229542,0.02318794735460238,0.04645496590370848,-0.04721693371707189
3804,0.25,-0.045936497899929894,0.00017973029431204328,0.013406352759495898,0.015551125526202627,0.045936497899929894,-0.047123194843016775
3805,0.625,-0.047515662959495726,0.00014254164329060605,0.011939080504402592,0.018053042126235177,0.047515662959495726,-0.047222601693342754
3806,0.25,-0.04716794401715701,0.0002484440918238533,0.015762109371015458,0.0020942087890704706,0.04716794401715701,-0.04722539822592656
3807,0.625,-0.04733125249802285,7.731535419045092e-5,0.0087929149996148,0.0070557941557474555,0.04733125249802285,-0.04716757935847306
3808,1.5625,-0.0473802270419727,4.6114185511668404e-5,0.006790742633296332,0.0022065528311612593,0.0473802270419727,-0.0470711819014017
3809,3.90625,-0.04719090797945819,1.236442875928217e-5,0.0035163089681201467,0.010004583723240947,0.04719090797945819,-0.047075670634158046
3810,1.5625,-0.0471773367968965,1.2326955684985117e-5,0.003510976457480898,0.02093313485228798,0.0471773367968965,-0.047008094047161594
3811,0.625,-0.047093680809859,2.3609609583431703e-5,0.004858972070657713,0.0245707435730686,0.047093680809859,-0.04699378558558351
3812,0.25,-0.04384846123181554,0.0006960123760815194,0.026382046472582816,0.031655990390621634,0.04384846123181554,-0.04716748623224378
3813,0.625,-0.045714809203479125,0.0004686894812290899,0.021649237428350447,0.004863484938781371,0.045714809203479125,-0.04736068701555927
3814,1.5625,-0.04682337972326057,3.890843098340718e-5,0.006237662301167576,0.017432122501287384,0.04682337972326057,-0.047074789842948946
3815,0.625,-0.047926269059752724,8.713703519316025e-5,0.009334722020133232,0.010015198583716528,0.047926269059752724,-0.04710181909217217
3816,1.5625,-0.0474712483271387,1.7739317359663974e-5,0.00421180689961731,0.009364809462804019,0.0474712483271387,-0.04705243625291905
3817,0.625,-0.04735296084830202,0.00018965494966388042,0.013771526773160644,0.00136660456195604,0.04735296084830202,-0.04720065565756197
3818,1.5625,-0.047036091445126195,5.506315400759693e-5,0.007420455107848637,0.01295003992120859,0.047036091445126195,-0.0470200062519506
3819,0.625,-0.047942091342676116,0.00017832480552785345,0.013353831117992074,0.015739897191697015,0.047942091342676116,-0.04708064145828705
3820,1.5625,-0.04774728424478165,6.306120679125012e-5,0.007941108662601849,0.02463027670204265,0.04774728424478165,-0.04693927855158255
3821,0.625,-0.04636663896807333,0.00046415496962421007,0.021544256070336013,0.012864214769045316,0.04636663896807333,-0.04734615302208121
3822,1.5625,-0.047040816893026985,2.311849104796626e-5,0.004808169199182394,0.014195247324066388,0.047040816893026985,-0.04709646386690994
3823,0.625,-0.047193292402615515,9.08160385440687e-5,0.009529744935939718,0.00891335322170533,0.047193292402615515,-0.04714085283473477
3824,1.5625,-0.04698788152460755,1.5196374166072295e-5,0.003898252706799842,0.0016057002546694065,0.04698788152460755,-0.04709389299854508
3825,3.90625,-0.04698997126640125,8.618256364136818e-6,0.0029356866937970097,0.010602006229069823,0.04698997126640125,-0.04704868939820902
3826,1.5625,-0.04677616017977704,6.14266116595661e-5,0.007837513104267583,0.008967377222915055,0.04677616017977704,-0.04716060913511536
3827,3.90625,-0.04681318594630106,7.094671238397136e-6,0.0026635824069093745,0.019345147155370283,0.04681318594630106,-0.04707610766877753
3828,1.5625,-0.04688656495798536,1.3732040399007437e-5,0.0037056767801587117,0.002007001181653624,0.04688656495798536,-0.04707124001328712
3829,3.90625,-0.046919703030853216,4.17576638766243e-6,0.00204346920399169,0.01765739560269311,0.046919703030853216,-0.04704613300204502
3830,1.5625,-0.04731482334504442,6.230255184165356e-5,0.007893196554099839,0.007946415100527236,0.04731482334504442,-0.04717754289647318
3831,3.90625,-0.047345255117175945,1.0350856044043696e-5,0.003217274629875991,0.014202901069050923,0.047345255117175945,-0.04707749924625645
3832,1.5625,-0.04774861543908284,1.5102466954694542e-5,0.00388618925873336,0.008994652935055795,0.04774861543908284,-0.047044088246901455
3833,0.625,-0.047766780408900304,1.4981360435690391e-5,0.003870576240779968,0.016190136676944304,0.047766780408900304,-0.04701105341794039
3834,0.25,-0.0451341960571946,0.0002431954154707457,0.015594723962633828,0.002440909177190312,0.0451341960571946,-0.04708884569344943
3835,0.625,-0.04605479475936652,2.7553006450873227e-5,0.0052490957745952044,0.01886072297733091,0.04605479475936652,-0.04708074310395954
3836,0.25,-0.04930057395852403,0.00017910229587904728,0.013382910590714087,0.0105384797126363,0.04930057395852403,-0.04713451126368333
3837,0.625,-0.047406253213445486,1.3696845309606558e-5,0.003700924926232165,0.016754690731162165,0.047406253213445486,-0.047108759629081766
3838,0.25,-0.04692513811975396,1.9155768113379056e-5,0.004376730299364933,0.006981791671159344,0.04692513811975396,-0.04710197797316466
3839,0.1,-0.046926745349779746,1.8784172105632034e-5,0.004334071077593448,0.0026755225826544876,0.046926745349779746,-0.047095504167214114
3840,0.25,-0.04742204877372259,2.7421863314403947e-5,0.005236588900649348,0.011085276501405218,0.04742204877372259,-0.04709746725092246
3841,0.1,-0.046832420124299896,0.00037959838576160477,0.019483284778537852,0.012777485595815763,0.046832420124299896,-0.0471298093009755
3842,0.25,-0.04669692057363929,4.516935611654174e-5,0.006720815137804472,0.00233602765886596,0.04669692057363929,-0.047133321845155854
3843,0.625,-0.04685453682378328,1.5006802618004577e-5,0.003873861460868803,0.0020310559019132996,0.04685453682378328,-0.04712216620399349
3844,1.5625,-0.046889112291030446,1.1784615418898311e-5,0.0034328727647406788,0.008101023189893504,0.046889112291030446,-0.04709904121380823
3845,0.625,-0.046833167685917824,1.695566697569644e-5,0.004117725947133495,0.014281648832628335,0.046833167685917824,-0.04708147378953071
3846,0.25,-0.04720250898425131,0.00019411218187930716,0.013932414789953218,0.006021881995022709,0.04720250898425131,-0.04713127414826286
3847,0.625,-0.046506418602577544,3.415707243583069e-5,0.005844405225155994,0.00725766617771252,0.046506418602577544,-0.04710257201733809
3848,1.5625,-0.046803580085246856,1.1956927465873528e-5,0.0034578790415330505,0.0023856364109513355,0.046803580085246856,-0.04707610566682143
3849,3.90625,-0.04699942339179787,7.375095355425649e-6,0.0027157126791002117,0.012653823758583658,0.04699942339179787,-0.047044219994079636
3850,1.5625,-0.046825123137445114,1.248226299099511e-5,0.003533024623604414,0.010607197786487138,0.046825123137445114,-0.04702923022253567
3851,0.625,-0.04755003498341297,0.00044059140213539025,0.02099026922493826,0.017342695168699636,0.04755003498341297,-0.047343593883426786
3852,1.5625,-0.04773076892472665,8.23431086762527e-5,0.009074310369182482,0.002084664957657369,0.04773076892472665,-0.047107047265544356
3853,3.90625,-0.04741194222936611,6.806013868615678e-6,0.002608833813912967,0.017331824544838417,0.04741194222936611,-0.04707265728152567
3854,1.5625,-0.04712333843107305,1.168490246497464e-5,0.0034183186605368787,0.013730910593913138,0.04712333843107305,-0.04706263636379127
3855,0.625,-0.04686256401392266,2.095652432090846e-5,0.004577829651801,0.015619738640564037,0.04686256401392266,-0.047062803761018145
3856,0.25,-0.044192293138661486,0.0006584287185436103,0.02565986591047604,0.01268899048354872,0.044192293138661486,-0.047245025474639823
3857,0.625,-0.0452073790978362,8.770067685070837e-5,0.009364863952600078,0.006817955930014355,0.0452073790978362,-0.047151853754555356
3858,1.5625,-0.04566182401720814,4.192610142652807e-5,0.006475036789588772,0.01898325493089284,0.04566182401720814,-0.04703949335575012
3859,0.625,-0.048539715644847874,0.00016606123776651604,0.012886474993826513,0.008242471251688935,0.048539715644847874,-0.04716043198658563
3860,1.5625,-0.04813996190959349,4.427207124123631e-5,0.006653726117089304,0.025168372884278815,0.04813996190959349,-0.047007702178465595
3861,0.625,-0.0484073198574987,0.0002270717632440758,0.015068900532025413,0.023834817616740153,0.0484073198574987,-0.04715991345392292
3862,0.25,-0.046544397110192204,0.00029721919783215353,0.01724004634077744,0.027972813465987307,0.046544397110192204,-0.047142618929876125
3863,0.1,-0.04513877683553647,0.0006465922891834546,0.02542817903789917,0.009838330997403336,0.04513877683553647,-0.04718141406464485
3864,0.25,-0.04593138951208687,0.0001211654947647101,0.011007519918887728,0.013553661649618843,0.04593138951208687,-0.047134806336277354
3865,0.625,-0.046970717861148356,7.392944511017088e-5,0.008598223369404337,0.01033029052197689,0.046970717861148356,-0.04707379557359683
3866,1.5625,-0.04700165568982624,3.199427833139361e-5,0.005656348498050099,0.018084889485638394,0.04700165568982624,-0.04705520852496794
3867,0.625,-0.04764362468670277,0.00019063791659817858,0.01380716902910146,0.0016078645903295967,0.04764362468670277,-0.04719200315386795
3868,1.5625,-0.04726174312671642,8.642743856445293e-6,0.0029398543937489987,0.0015813000095450404,0.04726174312671642,-0.04708625907942845
3869,3.90625,-0.046986333518529114,3.4970994725299793e-6,0.0018700533341404943,0.006513944240566714,0.046986333518529114,-0.04707117274860847
3870,1.5625,-0.04698527239633987,3.478279842437084e-6,0.0018650147030082856,0.0027948497812653604,0.04698527239633987,-0.04705271298914072
3871,0.625,-0.04694936924024886,3.4207177373735894e-6,0.0018495182446717278,0.010765480097744928,0.04694936924024886,-0.04704516073105126
3872,0.25,-0.04694912796344327,3.3740791400723694e-6,0.0018368666636618917,0.00299596079477312,0.04694912796344327,-0.047042640544484336
3873,0.1,-0.05084371678490782,0.0057512249833726,0.07583683131152434,0.0160334402365538,0.05084371678490782,-0.04777148268574253
3874,0.25,-0.05090906621040952,0.0010154377661072596,0.031865934257561936,0.013486760255613505,0.05090906621040952,-0.047258029245216604
3875,0.625,-0.04890631390494972,0.0007967685957479642,0.028227089749883253,0.03835445521340469,0.04890631390494972,-0.04658076635237087
3876,0.25,-0.04350518383403848,0.004747677933583293,0.06890339566076038,0.005838663531197206,0.04350518383403848,-0.048164654647968985
3877,0.625,-0.0438304804359786,0.000257765464612873,0.016055075976552494,0.0028637792971342897,0.0438304804359786,-0.04718539370771248
3878,1.5625,-0.04564517860823361,4.170964024013482e-5,0.006458300104527105,0.009631243468711484,0.04564517860823361,-0.047060011925627254
3879,0.625,-0.04586575049840924,4.108359557898818e-5,0.00640964863147647,0.026186859304843567,0.04586575049840924,-0.046968869619266815
3880,0.25,-0.05285065136263317,0.0005942624111002196,0.024377498048409718,0.01612655574715012,0.05285065136263317,-0.04718348603632818
3881,0.625,-0.050664605134564056,0.0001155055841557328,0.010747352425399141,0.012437612048244355,0.050664605134564056,-0.04709625846062118
3882,1.5625,-0.04846148803791524,6.071457522240472e-5,0.0077919558021336795,0.019563399589870495,0.04846148803791524,-0.04695763765877336
3883,0.625,-0.045538527153681195,0.00043036240625606134,0.020745177903697558,0.010008468580824112,0.045538527153681195,-0.0473258583781294
3884,1.5625,-0.04510977921697815,0.0002809965442237863,0.01676295153676065,0.036865017453690474,0.04510977921697815,-0.046628462865883416
3885,0.625,-0.04774991616966437,0.0016583941954242706,0.040723386345247255,0.034602068404120306,0.04774991616966437,-0.04802183149281279
3886,1.5625,-0.0479071417437897,3.494723142612836e-5,0.0059116183423939305,0.0022851607929229908,0.0479071417437897,-0.047125023873929785
3887,3.90625,-0.047426010984562915,4.926310805553862e-6,0.0022195294108332654,0.003361001853463665,0.047426010984562915,-0.0470725217339166
3888,1.5625,-0.04695382664856117,6.972091512409325e-6,0.002640471835185773,0.004593486748968081,0.04695382664856117,-0.04705720083532481
3889,0.625,-0.04692884878797355,6.94826726792635e-6,0.0026359566134377763,0.006336367968551087,0.04692884878797355,-0.047042000428669045
3890,0.25,-0.046928887156858064,6.888560694285887e-6,0.002624606769458215,0.008602519428379671,0.046928887156858064,-0.04703592133501785
3891,0.1,-0.04691566993398883,6.840207044942337e-6,0.0026153789486310273,0.0026234494396072693,0.04691566993398883,-0.04703383769147948
3892,0.25,-0.04688926492532212,6.674000118483578e-6,0.002583408623985679,0.015604342097678725,0.04688926492532212,-0.04703150273021847
3893,0.1,-0.04688236644036181,6.620723568727905e-6,0.0025730766736978333,0.00254691796675034,0.04688236644036181,-0.04703007595009605
3894,0.25,-0.04802886460429415,0.00025337528241493195,0.015917766250794486,0.016485100856259153,0.04802886460429415,-0.047104477994841756
3895,0.625,-0.046915984954585446,1.7106570976605587e-5,0.004136009063893065,0.010472268383214117,0.046915984954585446,-0.04707827672094244
3896,0.25,-0.04688708647016211,1.6754469000480775e-5,0.004093222324829275,0.0037388367227451794,0.04688708647016211,-0.04706387833585777
3897,0.625,-0.04701576425186787,1.6617917147024725e-5,0.004076507959887326,0.012570532811460892,0.04701576425186787,-0.04706085117519941
3898,0.25,-0.046543045391727794,0.00011338525825722255,0.010648251417825489,0.009422677282327263,0.046543045391727794,-0.047083069962738
3899,0.625,-0.046656988976249994,1.1259905041719297e-5,0.0033555781978251227,0.002079219465207757,0.046656988976249994,-0.04707392077274909
3900,1.5625,-0.046672878005405045,1.075264683409592e-5,0.0032791228757239215,0.0130777717405685,0.046672878005405045,-0.04704935898696283
3901,0.625,-0.04709477576899324,0.00016228553871180674,0.012739134142939493,0.009250406124590778,0.04709477576899324,-0.047165253008883745
3902,1.5625,-0.04707681199937959,1.387871286583494e-5,0.0037254144555787265,0.0058739728057598875,0.04707681199937959,-0.047116212785941664
3903,0.625,-0.04703908529817105,1.477460583620322e-5,0.0038437749460918263,0.008050342243557069,0.04703908529817105,-0.047089151511463284
3904,0.25,-0.04702501129432501,1.4635330263076332e-5,0.003825615017624791,0.010065267079390533,0.04702501129432501,-0.04707627499377325
3905,0.1,-0.04703389633756104,1.4406364947326449e-5,0.0037955717549964,0.0032709483679741946,0.04703389633756104,-0.04707164147091463
3906,0.25,-0.047077171280878044,9.475242207521292e-5,0.009734085579817598,0.0016975713869114403,0.047077171280878044,-0.047099377711932754
3907,0.625,-0.04694029937125418,1.5227834872331863e-5,0.0039022858522066092,0.007633300326899978,0.04694029937125418,-0.04708542292691668
3908,0.25,-0.04692717169983564,1.505479968684202e-5,0.003880051505694482,0.009848061956951872,0.04692717169983564,-0.047072106627025635
3909,0.1,-0.046917118506338965,1.4906907266225617e-5,0.003860946421050882,0.002839500658597683,0.046917118506338965,-0.047067278869491656
3910,0.25,-0.04687749308497241,2.8055525676602442e-5,0.005296746706857185,0.01541864601287654,0.04687749308497241,-0.047068183095260875
3911,0.1,-0.04755364893972904,0.0003291041773020566,0.018141228660210878,0.0013552958777566513,0.04755364893972904,-0.0471004624735418
3912,0.25,-0.04716070444413392,3.813092230246505e-5,0.006175024073027169,0.0030497119007833074,0.04716070444413392,-0.04707835871276183
3913,0.625,-0.04644028045367446,1.4218856895178901e-5,0.0037707899563856513,0.005042163996336639,0.04644028045367446,-0.04706969695904729
3914,0.25,-0.04644650931072742,1.4105897027618333e-5,0.0037557818131007466,0.00620327280474477,0.04644650931072742,-0.04705732570255017
3915,0.1,-0.046440587423622885,1.4025553160220868e-5,0.0037450705147194317,0.007434080070459879,0.046440587423622885,-0.047052427622700545
3916,0.1,-0.04644896283524544,1.3922876048169894e-5,0.003731337032240574,0.008995940334772114,0.04644896283524544,-0.04704964457325784
3917,0.1,-0.046445701793443275,1.3803851336514781e-5,0.003715353460508809,0.002862427387263946,0.046445701793443275,-0.04704724438875817
3918,0.25,-0.047989191534692915,9.381306625619196e-5,0.00968571454546292,0.007272446919679873,0.047989191534692915,-0.04707614829728116
3919,0.625,-0.04719852504630503,1.1866342781815505e-5,0.0034447558377649215,0.003905619910441366,0.04719852504630503,-0.04705937630037792
3920,1.5625,-0.047059478404108804,9.737516739972621e-6,0.003120499437585692,0.015311941991754924,0.047059478404108804,-0.04703843210819695
3921,0.625,-0.047746764581585735,0.0003930881475291767,0.01982645070427828,0.0065207883083879285,0.047746764581585735,-0.0473081432167605
3922,1.5625,-0.04763564119835633,0.00018501409419442548,0.013601988611759146,0.0415119807332255,0.04763564119835633,-0.04680485762520701
3923,0.625,-0.04700562908316658,0.0007642933160462025,0.027645855314064757,0.0271300261042883,0.04700562908316658,-0.04754614495830969
3924,1.5625,-0.04652539386678206,8.469280386698597e-5,0.009202869327931695,0.012558196286975605,0.04652539386678206,-0.047121317489320434
3925,0.625,-0.0467923344560974,0.00013708324299584675,0.011708255335268647,0.014279706477173689,0.0467923344560974,-0.04707937506659924
3926,1.5625,-0.04689127646333342,3.068263634077422e-5,0.005539190946408529,0.009267234987847772,0.04689127646333342,-0.047025278852607204
3927,0.625,-0.046997376044534675,3.933863321633628e-5,0.006272051754915315,0.014744533598313523,0.046997376044534675,-0.0469759273956751
3928,0.25,-0.04770424119831463,0.0027001220127660834,0.051962698282191654,0.010619179903468754,0.04770424119831463,-0.047745518445337386
3929,0.625,-0.04790882533050688,0.00045147699450249145,0.02124798801069154,0.0073777230526318426,0.04790882533050688,-0.04706050454291339
3930,1.5625,-0.04692106015340346,9.925576716018629e-5,0.009962718863853696,0.019753427535700956,0.04692106015340346,-0.04698724442165339
3931,0.625,-0.04603697758538913,0.0002414534410890926,0.015538772187309157,0.017743414895266447,0.04603697758538913,-0.04704040257069381
3932,1.5625,-0.04662414719644307,4.039939955058781e-5,0.006356052198541781,0.01185026192870835,0.04662414719644307,-0.046980600304057124
3933,0.625,-0.047014343221239235,0.0005339820178878642,0.023108050932258744,0.01569420495601287,0.047014343221239235,-0.04738502403203446
3934,1.5625,-0.047306455370013926,9.34198620967862e-5,0.009665395082291577,0.006996111564588718,0.047306455370013926,-0.047121483125095585
3935,3.90625,-0.04743767445635739,2.9848712326281547e-5,0.0054633975076212,0.028043044682419336,0.04743767445635739,-0.04694756668996083
3936,1.5625,-0.04688162651008797,0.00018775338003794033,0.013702312944825787,0.0036900134430886194,0.04688162651008797,-0.047372081061179176
3937,3.90625,-0.04695164368139577,1.3853080516536592e-5,0.003721972664668105,0.009899676195400173,0.04695164368139577,-0.04706327652506547
3938,1.5625,-0.046868265869616094,2.482427576219951e-5,0.004982396588209283,0.011088206151863669,0.046868265869616094,-0.04705811930256913
3939,0.625,-0.04690940109388168,5.2448043458968896e-5,0.007242102143643715,0.007058976468247533,0.04690940109388168,-0.04707174968406713
3940,1.5625,-0.046942290546600395,8.363009037909175e-6,0.002891886760906999,0.0065077897839937405,0.046942290546600395,-0.04706317555267065
3941,0.625,-0.04695040223662641,8.272379174925383e-6,0.0028761743992542217,0.009477081766241029,0.04695040223662641,-0.04704491390428566
3942,0.25,-0.046950009855179005,8.197962180185102e-6,0.002863208371771971,0.0029700760087099935,0.046950009855179005,-0.047038091847484635
3943,0.625,-0.0473042424319647,6.378014519873169e-5,0.007986247253793967,0.005926106433069587,0.0473042424319647,-0.04709517647018961
3944,1.5625,-0.0471420821473069,7.920337194142739e-6,0.0028143093636170736,0.007841663940179301,0.0471420821473069,-0.047073828070212015
3945,0.625,-0.04714373542654464,7.860886060326221e-6,0.002803727172947864,0.011356644626722583,0.04714373542654464,-0.04705653756776512
3946,0.25,-0.04987595687606112,0.002184427572296923,0.046737860159585004,0.01442265204103806,0.04987595687606112,-0.04751085485426701
3947,0.625,-0.04939519924834442,0.0011618938571933447,0.03408656417407517,0.056800796641124036,0.04939519924834442,-0.046356064499825884
3948,0.25,-0.04080501447864126,0.007456042526097556,0.08634837882726899,0.03982213681211591,0.04080501447864126,-0.04812157314538027
3949,0.625,-0.044321295248658465,0.00044518289583883987,0.021099357711523825,0.023691793657449403,0.044321295248658465,-0.04704448809221747
3950,1.5625,-0.04630861120636715,0.00016401422211627384,0.012806803743177836,0.027995762213497505,0.04630861120636715,-0.04665451759630172
3951,0.625,-0.04758240857367792,0.0014146519069531032,0.037611858594771716,0.010659857665754462,0.04758240857367792,-0.047866395391684906
3952,1.5625,-0.04764397307529317,0.0002208558920983589,0.014861221083691572,0.01952453362024075,0.04764397307529317,-0.04708244163083583
3953,0.625,-0.0476270214526276,0.0005031844991057834,0.02243177431916128,0.012338550492437352,0.0476270214526276,-0.047028500310045025
3954,1.5625,-0.04696049415612081,9.634928539062176e-5,0.009815767182987876,0.013087428232622093,0.04696049415612081,-0.04694812836413988
3955,0.625,-0.04735831682168785,0.0008919768665615084,0.02986598176121971,0.00869881194745258,0.04735831682168785,-0.04760816187842375
3956,1.5625,-0.04720489696921179,0.00010271127384770794,0.010134657066112693,0.008998132581047407,0.04720489696921179,-0.04710201213757361
3957,3.90625,-0.047156075128832915,2.247784402442365e-5,0.004741080470148514,0.01837747885662311,0.047156075128832915,-0.04700149204069519
3958,1.5625,-0.0469603749698136,7.520676102371797e-5,0.008672183175170942,0.0078010507393488126,0.0469603749698136,-0.04714594914966729
3959,3.90625,-0.04701076663341019,6.669566968164169e-6,0.0025825504773700297,0.001590480295724522,0.04701076663341019,-0.047072791900446026
3960,9.765625,-0.04699824696564373,6.580123636909431e-6,0.00256517516690565,0.02342589318518017,0.04699824696564373,-0.04698162547772487
3961,3.90625,-0.04725244456833633,4.7879579328991795e-5,0.006919507159400285,0.010777540704781152,0.04725244456833633,-0.04719206511303284
3962,1.5625,-0.04766284093376183,3.7491106978139086e-5,0.0061229982017096075,0.008687823316591622,0.04766284093376183,-0.047139799094021384
3963,0.625,-0.04708479887573183,9.170992036491702e-5,0.009576529661882587,0.012409485483959284,0.04708479887573183,-0.04716532660965082
3964,0.25,-0.046199535429562615,0.00014718549963655856,0.012132003117233302,0.016033162227751415,0.046199535429562615,-0.04712129581446282
3965,0.1,-0.04895666116022352,0.00040372864662299496,0.020092999940849923,0.014720077954566696,0.04895666116022352,-0.04714424021391171
3966,0.25,-0.04855061619727645,0.0002775861056814337,0.016660915511502773,0.01280966311488332,0.04855061619727645,-0.04720520833153586
3967,0.625,-0.047121526665946205,6.549784303298091e-5,0.008093073769154765,0.007645694481248203,0.047121526665946205,-0.047173500117940095
3968,1.5625,-0.04706971398329304,3.220731867753299e-5,0.005675149220728297,0.01820529325511174,0.04706971398329304,-0.04710143750790135
3969,0.625,-0.04653988555396173,4.863173719415617e-5,0.00697364590398424,0.011824926019747956,0.04653988555396173,-0.047064872935576374
3970,0.25,-0.04657904421468125,9.785528181340848e-5,0.009892182863928895,0.007604838100600789,0.04657904421468125,-0.047066603550279855
3971,0.625,-0.04615841285853058,0.00013749671397629234,0.011725899282199739,0.010473697624343295,0.04615841285853058,-0.04713756741743182
3972,1.5625,-0.046378526779005204,2.0270682085469805e-5,0.004502297423035245,0.00800880188856889,0.046378526779005204,-0.04708022394230398
3973,0.625,-0.04704336739725079,7.598610759010607e-5,0.008717001066313235,0.012976083596150767,0.04704336739725079,-0.04711686959464922
3974,0.25,-0.048259371514848284,0.00012110084211129932,0.011004582777702174,0.011380251341360502,0.048259371514848284,-0.04709522027286875
3975,0.625,-0.04767815181414158,4.6452005170285405e-5,0.006815570788296854,0.011818923422778913,0.04767815181414158,-0.047054859627974996
3976,0.25,-0.047209605581048156,0.0005752787770445316,0.023984969815376705,0.008030395144720127,0.047209605581048156,-0.047230135327217294
3977,0.625,-0.04734069904960522,5.637630150643813e-5,0.00750841537918875,0.00725238415322956,0.04734069904960522,-0.04712470143356402
3978,1.5625,-0.04748428909183958,4.2551712475649645e-5,0.006523167365294995,0.02494783190540262,0.04748428909183958,-0.04703065598645291
3979,0.625,-0.04728515014376446,0.00019790223981572738,0.014067773093696364,0.002053589139078276,0.04728515014376446,-0.047140257295137586
3980,1.5625,-0.047419849860799765,0.00018889061039657903,0.013743748047624382,0.04462846549327992,0.047419849860799765,-0.04670743340482017
3981,0.625,-0.046907059176913374,0.0013520954105173204,0.03677085001080775,0.00869551937882505,0.046907059176913374,-0.04779045607895794
3982,1.5625,-0.04641053233781823,4.0488451225192216e-5,0.00636305360854301,0.011496360162118482,0.04641053233781823,-0.04714990947448797
3983,0.625,-0.04652690505795161,0.00010697930627249029,0.010343080115347182,0.00873550960647216,0.04652690505795161,-0.047160440061864484
3984,1.5625,-0.04681450929862496,2.5412859825897818e-5,0.005041116922458536,0.0019959314788960975,0.04681450929862496,-0.047088426985146016
3985,3.90625,-0.04701781503583204,6.359127556543918e-6,0.002521731063484748,0.009878760185640947,0.04701781503583204,-0.04708746686542815
3986,1.5625,-0.04724217246819032,7.452785667554777e-6,0.0027299790599114083,0.010905511889172994,0.04724217246819032,-0.0470567492867767
3987,0.625,-0.048024173202153686,5.742327884034566e-5,0.007577814911987865,0.013632437140800849,0.048024173202153686,-0.04708755175679994
3988,0.25,-0.04723727190757755,0.0001139162345237353,0.01067315485335687,0.01023123153143543,0.04723727190757755,-0.047090213490827836
3989,0.625,-0.04709984858625016,1.7515258868442826e-5,0.004185123518899153,0.0061470585724622264,0.04709984858625016,-0.047075883517287906
3990,0.25,-0.04711324705040195,1.7123990200881443e-5,0.004138114329121592,0.0020949042928021,0.04711324705040195,-0.04706098383709641
3991,0.625,-0.047035158283550906,1.7069877030996067e-5,0.004131570770420866,0.007177470398904384,0.047035158283550906,-0.04706131466882477
3992,0.25,-0.0476691315447063,5.127146309139451e-5,0.007160409422050844,0.007448668775933401,0.0476691315447063,-0.047068533472902886
3993,0.625,-0.047668112771194246,4.865359527659907e-5,0.006975212919803887,0.024476249437230233,0.047668112771194246,-0.04702368386814846
3994,0.25,-0.046376645856175576,0.0006274972969215422,0.025049896145923286,0.008394873948647791,0.046376645856175576,-0.04723878899640866
3995,0.625,-0.046553934951652914,3.809899938084176e-5,0.006172438689921655,0.007679290827493265,0.046553934951652914,-0.04711225360873183
3996,1.5625,-0.046818073887869044,1.4005328570438219e-5,0.0037423693792086074,0.00562982407184159,0.046818073887869044,-0.04708514127599619
3997,0.625,-0.04683028558175921,1.3865906487515786e-5,0.003723695273181707,0.001894410463156691,0.04683028558175921,-0.04705481881340527
3998,1.5625,-0.04731029602650172,1.978430735053463e-5,0.004447955412381585,0.0027312187912746384,0.04731029602650172,-0.04709091045382794
3999,3.90625,-0.04722426173930401,7.858748469695898e-6,0.0028033459418516115,0.0065179528290425955,0.04722426173930401,-0.04705928941475544
4000,1.5625,-0.04720176352858928,7.853868462249188e-6,0.002802475416885791,0.0024743309489554284,0.04720176352858928,-0.04701712443920088
4001,3.90625,-0.0471085578977824,1.2471309678472822e-5,0.003531474150899709,0.0019765480548994685,0.0471085578977824,-0.04709851428145108
4002,9.765625,-0.04706479089997699,1.679870025563544e-6,0.0012960979999843932,0.00708176416482276,0.04706479089997699,-0.04706282779108841
4003,3.90625,-0.046985135756486995,5.854868871452759e-6,0.0024196836304469145,0.0014146527655340294,0.046985135756486995,-0.04708247868392828
4004,9.765625,-0.04699292343710075,1.2349561976033298e-6,0.001111285830739927,0.006722015276860602,0.04699292343710075,-0.04706146820160194
4005,3.90625,-0.047146915325343916,2.666637649668185e-6,0.0016329842772262644,0.0018954807350778547,0.047146915325343916,-0.04706215666258593
4006,9.765625,-0.04707086087848387,7.23957147210337e-7,0.0008508567136776539,0.005116673786983498,0.04707086087848387,-0.04705048400793368
4007,3.90625,-0.04719833854581203,1.0053320746792321e-5,0.0031706972020034206,0.009668852236817993,0.04719833854581203,-0.04709318535384853
4008,1.5625,-0.04694169512501209,9.35507740260315e-5,0.00967216490895557,0.009876344402089838,0.04694169512501209,-0.047225559280161616
4009,3.90625,-0.04723565259552297,3.15672906481469e-5,0.0056184776094727745,0.015537031778413283,0.04723565259552297,-0.04707936493295834
4010,1.5625,-0.04720201606586552,4.835086893661068e-5,0.006953478908906727,0.01679090516552352,0.04720201606586552,-0.04703581121129239
4011,0.625,-0.046797023003309526,0.00011221039184716851,0.010592940660985905,0.022791237755876725,0.046797023003309526,-0.047055533854013544
4012,0.25,-0.05034518107748959,0.00459068685422001,0.06775460762354107,0.0067939084203024165,0.05034518107748959,-0.047890282963435754
4013,0.625,-0.04755965782006078,0.0007681299304056937,0.02771515705179557,0.010794457754553006,0.04755965782006078,-0.04729677474959715
4014,1.5625,-0.04730275565201278,0.00017376081715253484,0.013181836638061285,0.010142798711419472,0.04730275565201278,-0.04697482653839427
4015,3.90625,-0.04719139801733029,6.425855154859048e-5,0.008016143184137275,0.02750264588622641,0.04719139801733029,-0.04677300802818334
4016,1.5625,-0.046702226448135854,0.00036085575265630093,0.018996203637998327,0.026481916492035386,0.046702226448135854,-0.04742440372129262
4017,0.625,-0.046127444204501086,0.00040132924479447654,0.02003320355795539,0.023989637139167824,0.046127444204501086,-0.04703882275324419
4018,1.5625,-0.04686101603170625,0.00019717450640879166,0.01404188400496143,0.013913508194081416,0.04686101603170625,-0.04728376969253436
4019,3.90625,-0.04660258334858363,0.00018880385251214917,0.013740591417844764,0.07443364502705892,0.04660258334858363,-0.04620578410095979
4020,1.5625,-0.04710195979190785,0.0009438448237961389,0.030722057610064774,0.01635278575142906,0.04710195979190785,-0.04864553757942882
4021,3.90625,-0.04723685050852642,2.569822081332206e-5,0.005069341260294286,0.010898944248567192,0.04723685050852642,-0.047146792477575125
4022,1.5625,-0.04724347234190167,2.8632022435318407e-5,0.005350889873219071,0.015234319648996651,0.04724347234190167,-0.0470379261322377
4023,0.625,-0.04698267286347462,2.9435640766444236e-5,0.005425462262926933,0.015880648910399274,0.04698267286347462,-0.04698473919928598
4024,0.25,-0.046624502028017684,0.00013751690681439695,0.011726760286387581,0.022200852868733262,0.046624502028017684,-0.047003081957458205
4025,0.1,-0.040942988520223274,0.013749086489576325,0.11725649870935224,0.01922790423532052,0.040942988520223274,-0.04855700424230145
4026,0.25,-0.04069215526521113,0.0030833112630691056,0.055527572097734526,0.01871058331278188,0.04069215526521113,-0.0476293857811909
4027,0.625,-0.04539381853674202,0.0007919023968317829,0.02814076041672973,0.009967683294004432,0.04539381853674202,-0.046989503768317356
4028,1.5625,-0.04781676313261647,0.00028627406327795004,0.01691963543572822,0.009340685146830209,0.04781676313261647,-0.046851698565962364
4029,3.90625,-0.04799735139203362,4.9744586507314276e-5,0.00705298422707114,0.007909020758623028,0.04799735139203362,-0.04694161350903855
4030,9.765625,-0.0479262839575612,4.7036741765761974e-5,0.0068583337455800425,0.05878338724394328,0.0479262839575612,-0.0462883194092614
4031,3.90625,-0.04654740422018052,0.0003754569064256143,0.019376710412905857,0.01646051886144937,0.04654740422018052,-0.04822981700143027
4032,9.765625,-0.046557835018667885,2.3590680296094498e-5,0.004857023810534029,0.010794764550242423,0.046557835018667885,-0.047107352729915175
4033,3.90625,-0.04660012150607003,0.00010865140969348381,0.010423598692077695,0.003138263343205677,0.04660012150607003,-0.04747095544947862
4034,9.765625,-0.04672006385537815,2.6271112786246776e-5,0.0051255353658175825,0.03323407968962202,0.04672006385537815,-0.046873535699169376
4035,3.90625,-0.047193673354396795,9.28112972941343e-5,0.009633862013446855,0.005848277923809059,0.047193673354396795,-0.0474725109577641
4036,9.765625,-0.04723715646927241,1.173490065176414e-5,0.003425624125873144,0.014536068024742664,0.04723715646927241,-0.047063532296167145
4037,3.90625,-0.04715548259425159,1.449662726682736e-5,0.0038074436656144184,0.018599888791830256,0.04715548259425159,-0.046947193307548735
4038,1.5625,-0.046981384626174225,0.00023726325171367243,0.01540335196357184,0.006691434105638805,0.046981384626174225,-0.04749783138331689
4039,3.90625,-0.04687067143180078,6.793612006162055e-5,0.008242337050959548,0.033249594570900536,0.04687067143180078,-0.04694108747931841
4040,1.5625,-0.047059022337561304,0.00026017582055667666,0.016129966539229913,0.0038433217908992725,0.047059022337561304,-0.047410613742456593
4041,3.90625,-0.04720778487039067,2.6073181958830967e-5,0.005106190552538258,0.013875045059811734,0.04720778487039067,-0.04706710048810183
4042,1.5625,-0.04699334040220764,2.9893813484039628e-5,0.005467523523867056,0.01520248073424666,0.04699334040220764,-0.046953229252675574
4043,0.625,-0.0470295614311029,0.0005170520357309271,0.022738778237427953,0.0157734433574641,0.0470295614311029,-0.047378126130533826
4044,1.5625,-0.04725063169121932,0.00015070566203582964,0.012276223443544421,0.02133706910142088,0.04725063169121932,-0.046965471259656104
4045,0.625,-0.04623429593973002,0.0004739216718027022,0.021769742116127654,0.010031188522003267,0.04623429593973002,-0.04730161327005738
4046,1.5625,-0.04644332944897047,8.41651072148035e-5,0.009174154305155518,0.01288967472025744,0.04644332944897047,-0.047004186125553786
4047,0.625,-0.04796074890390905,0.0004849659150833926,0.022021941673780552,0.008635707189066477,0.04796074890390905,-0.047326849879358514
4048,1.5625,-0.048343357072149123,8.120704887376693e-5,0.009011495373896995,0.009623952222603784,0.048343357072149123,-0.04705689601235774
4049,3.90625,-0.04767680521571717,1.7922335159996025e-5,0.004233477903567707,0.014048003147375983,0.04767680521571717,-0.047069614979403984
4050,1.5625,-0.04612752429230388,2.4562211817348464e-5,0.004956027826530886,0.010412954802951388,0.04612752429230388,-0.0470723570758815
4051,0.625,-0.04612453063324605,2.3684108393954974e-5,0.004866632140808977,0.02505283416300324,0.04612453063324605,-0.04701871608663379
4052,0.25,-0.043315721749890485,0.00023370508832800196,0.015287416012132396,0.017975465293150538,0.043315721749890485,-0.04707383399311122
4053,0.625,-0.04599590070304706,0.00023450175428777557,0.015313450110532752,0.01196221458717765,0.04599590070304706,-0.04719603701380719
4054,1.5625,-0.046153373843325,4.4553730221597645e-5,0.006674858067524556,0.01233836616994503,0.046153373843325,-0.04709040761768094
4055,0.625,-0.047052967422312235,9.795050026679755e-5,0.009896994506757975,0.008431078905286715,0.047052967422312235,-0.04710412660952378
4056,1.5625,-0.04710247985829456,3.1087375236251877e-5,0.005575605369486965,0.015397171717016453,0.04710247985829456,-0.047030530281814115
4057,0.625,-0.04723490025473979,9.376999182140956e-5,0.009683490683705415,0.016088448826609324,0.04723490025473979,-0.04705225783908939
4058,0.25,-0.047032149286548135,0.00018257979204553055,0.013512208999476383,0.007883633048063353,0.047032149286548135,-0.04707503014101077
4059,0.625,-0.047092584076383136,2.7991416250579713e-5,0.005290691471875837,0.006075413377710868,0.047092584076383136,-0.04706748012924885
4060,1.5625,-0.04755484911181242,1.2232292621168833e-5,0.0034974694596477656,0.0026409411609290335,0.04755484911181242,-0.0470767768711881
4061,3.90625,-0.04738039424090827,6.048989136893141e-6,0.002459469279518071,0.008447963920146464,0.04738039424090827,-0.04705535739180131
4062,1.5625,-0.047086861725185856,1.3039386428840778e-5,0.0036110090596453478,0.009455713386443652,0.047086861725185856,-0.04705387121206521
4063,0.625,-0.0469404435484554,5.4041970846829436e-5,0.00735132442807617,0.010736958425191038,0.0469404435484554,-0.04708514572887108
4064,0.25,-0.046395272603099454,0.0003933078585597578,0.019831990786599255,0.02075833734871859,0.046395272603099454,-0.04718728325682044
4065,0.625,-0.04650937119924561,7.307289189898447e-5,0.008548268356748311,0.002098525538634449,0.04650937119924561,-0.04721115246634934
4066,1.5625,-0.04646304970389527,3.9845836494708165e-5,0.006312355859321318,0.003102430733404394,0.04646304970389527,-0.04710735889759238
4067,3.90625,-0.04702495028900671,1.2814370351784606e-5,0.0035797165183551346,0.012100763199400637,0.04702495028900671,-0.04709157296851604
4068,1.5625,-0.04764586713093665,1.5726365303698835e-5,0.003965648156821131,0.0029549446294784535,0.04764586713093665,-0.047078228758667115
4069,3.90625,-0.047351049787920596,3.5405325194660123e-6,0.0018816302823525168,0.0027355670116910604,0.047351049787920596,-0.04706228957396889
4070,1.5625,-0.047145646617797875,3.6514182105482913e-6,0.0019108684440715146,0.00880475014711467,0.047145646617797875,-0.04704305890622938
4071,0.625,-0.04667996919752122,2.2624991100247345e-5,0.004756573462088791,0.002344867715499332,0.04667996919752122,-0.04705850307354566
4072,1.5625,-0.04719106797259505,8.303278591539674e-6,0.0028815410098660186,0.018264440513563466,0.04719106797259505,-0.04703772931700725
4073,0.625,-0.047200131515422704,4.5061695321379434e-5,0.006712800855185519,0.00857611712538964,0.047200131515422704,-0.047073378299812355
4074,0.25,-0.04718787644208961,4.468297272104135e-5,0.006684532348716801,0.010446099718320561,0.04718787644208961,-0.04703401865391109
4075,0.1,-0.04565114445788149,0.0009160527327958601,0.030266363058614427,0.012878441091691653,0.04565114445788149,-0.04718482005700124
4076,0.25,-0.0470510903254185,5.349335759383383e-5,0.0073139153395314765,0.009149263430832699,0.0470510903254185,-0.047131789453810476
4077,0.1,-0.045022741790008196,0.011683106771739444,0.1080884210807959,0.006475701039378701,0.045022741790008196,-0.04875426452044433
4078,0.25,-0.041266774002436835,0.0045521527672055286,0.06746964330130646,0.0077509981066632766,0.041266774002436835,-0.04709717468489678
4079,0.625,-0.04361557572223044,0.004189833988508972,0.06472892698406928,0.03372851696122861,0.04361557572223044,-0.04336521994020362
4080,1.5625,-0.04536417908273587,0.0018336941420478213,0.04282165505965202,0.03280250324442707,0.04536417908273587,-0.04497942357819602
4081,3.90625,-0.04684789370049143,0.0007381044899421244,0.027168078510305515,0.07283690882859556,0.04684789370049143,-0.04272006702105964
4082,1.5625,-0.04800153580414959,0.003988389918650465,0.06315370075182028,0.04169775449346443,0.04800153580414959,-0.04968960915307199
4083,3.90625,-0.04724678522208984,0.0008551385273267448,0.029242751705794462,0.0326192514625862,0.04724678522208984,-0.044527713004426005
4084,9.765625,-0.04656428949874087,0.0002957801347795913,0.017198259643917208,0.050569432580432415,0.04656428949874087,-0.04128914925475791
4085,3.90625,-0.04484869074111117,0.002158484499137225,0.046459493100304325,0.04104648281342027,0.04484869074111117,-0.051222178430563654
4086,9.765625,-0.04417693146182807,0.0004523496341159694,0.02126851273869354,0.024172497534418802,0.04417693146182807,-0.043530967053703004
4087,24.4140625,-0.04449011561668689,0.00020737615276771872,0.0144005608490683,0.1518404848503376,0.04449011561668689,-0.03931207196802577
4088,9.765625,-0.044400220469918227,0.0010863093085801859,0.03295920673469229,0.04199773242359802,0.044400220469918227,-0.052273664384253106
4089,3.90625,-0.04660753128024787,0.0031388291264699405,0.05602525436327747,0.06731130590047867,0.04660753128024787,-0.059180045350043134
4090,9.765625,-0.04658958432464203,0.0002569083131751669,0.01602835965328851,0.025963710517526814,0.04658958432464203,-0.046594580519239
4091,3.90625,-0.0462650002216676,0.0010905688726040768,0.03302376224181728,0.024750280591775243,0.0462650002216676,-0.0493656641455549
4092,9.765625,-0.04632718786417996,0.00015945791008882933,0.012627664474827851,0.052204803002790935,0.04632718786417996,-0.04673008552080114
4093,3.90625,-0.04760246943885491,0.0013490972156014144,0.03673005874759002,0.13344867077298264,0.04760246943885491,-0.048218159079087705
4094,1.5625,-0.050358434368030065,0.005087900136944165,0.07132951799181153,0.02656362328822015,0.050358434368030065,-0.0560067118311897
4095,3.90625,-0.04948721254164065,0.0006059624197102415,0.02461630394088929,0.019508665163994167,0.04948721254164065,-0.046978939014338555
4096,9.765625,-0.047180493472562146,0.00024517487359970036,0.015658060978285284,0.08935276333693169,0.047180493472562146,-0.044523075230289526
4097,3.90625,-0.045815965539517466,0.00035219074862052186,0.018766745818615486,0.1431091092968237,0.045815965539517466,-0.04250594951733343
4098,1.5625,-0.045127884547114,0.008378383858697398,0.09153351221655048,0.05292762260727541,0.045127884547114,-0.06267117829886032
4099,3.90625,-0.04516563176619233,0.0007215583353680898,0.0268618379000412,0.02127766004248222,0.04516563176619233,-0.04950475854585699
4100,9.765625,-0.04566773626164687,0.00018324648550303776,0.013536856559151307,0.024620333348322816,0.04566773626164687,-0.04621474532531675
4101,3.90625,-0.04645421210547302,0.000590147960398395,0.024292961128656074,0.02683109436587994,0.04645421210547302,-0.04815872838083272
4102,9.765625,-0.04666953591951605,8.210959862238399e-5,0.009061434688965317,0.07043658014699282,0.04666953591951605,-0.04615142545768101
4103,3.90625,-0.04494946023505756,0.0006235573204439258,0.024971129739039158,0.022549981377868258,0.04494946023505756,-0.04747055610619048
4104,9.765625,-0.04606225010863483,0.00011677730842117113,0.010806355001626178,0.034910966660450904,0.04606225010863483,-0.045969429707448065
4105,3.90625,-0.047805568181058286,0.0009792609686295215,0.03129314571323122,0.048377240652896475,0.047805568181058286,-0.04776370186091997
4106,1.5625,-0.05013792051901004,0.003080155999927249,0.055499153146036824,0.013570943202278385,0.05013792051901004,-0.050764055897814075
4107,3.90625,-0.04862268726518784,0.0005270496319004396,0.022957561540817864,0.022904423427443227,0.04862268726518784,-0.04647225513853585
4108,9.765625,-0.04736145216807283,0.0001989493984963704,0.014104942342894224,0.08957799490969308,0.04736145216807283,-0.04407400330205054
4109,3.90625,-0.04353832265968871,0.001783391219395965,0.04223021689970305,0.04017394136248389,0.04353832265968871,-0.047790329992499624
4110,9.765625,-0.04466474937609257,0.000335933621875412,0.018328492078602977,0.04077292146299368,0.04466474937609257,-0.04492337640894295
4111,3.90625,-0.04672687154726277,0.0011950977331118332,0.03457018561002867,0.06796435916801327,0.04672687154726277,-0.049249857687154355
4112,1.5625,-0.052624710571916714,0.004102553002487081,0.06405117487202776,0.06305045075084169,0.052624710571916714,-0.05245403227189488
4113,3.90625,-0.04921582075425193,0.0009686530763590242,0.03112319193718768,0.11224160486411841,0.04921582075425193,-0.04556831999741625
4114,1.5625,-0.045346112633564424,0.004990061705103435,0.07064036880639452,0.02139690497184503,0.045346112633564424,-0.05339394948911038
4115,3.90625,-0.045526135079848096,0.0006301774293012711,0.025103335023483855,0.020603162894633056,0.045526135079848096,-0.04623624105049168
4116,9.765625,-0.04545354996572682,0.0002895318374185412,0.017015635087135043,0.02911928944742096,0.04545354996572682,-0.042272549058216015
4117,3.90625,-0.046786934071237525,0.0010704189655205759,0.0327172579156716,0.030124014649247886,0.046786934071237525,-0.04737645802226043
4118,9.765625,-0.04671213472426966,0.0003447469621033858,0.018567362820373436,0.025956907663465624,0.04671213472426966,-0.042768522532102636
4119,3.90625,-0.04648236906506916,0.002343167391527988,0.048406274299185516,0.22088097962696912,0.04648236906506916,-0.045802884796245905
4120,1.5625,-0.04818981473297045,0.01405900489613714,0.11857067468871525,0.03800029770681109,0.04818981473297045,-0.07178242021445502
4121,3.90625,-0.04742621884089587,0.0012229072007543754,0.03497009008787903,0.03285922275573879,0.04742621884089587,-0.04929411240981335
4122,9.765625,-0.0460428776635357,0.00043870374292268564,0.020945255857178866,0.07420300731878583,0.0460428776635357,-0.043959255013150865
4123,3.90625,-0.04519734565207532,0.0016502053017240787,0.04062271903410798,0.049393624649365024,0.04519734565207532,-0.05010140400417128
4124,9.765625,-0.04541686190713378,0.00034323232290476386,0.018526530244618495,0.02273575364005521,0.04541686190713378,-0.043403063473103444
4125,24.4140625,-0.04477715250197242,0.00016334904120377626,0.012780807533320273,0.06449622038060655,0.04477715250197242,-0.0373424237432103
4126,9.765625,-0.044234349942572866,0.0015039191340307546,0.038780396259331266,0.13533559852219412,0.044234349942572866,-0.052425209533739296
4127,3.90625,-0.042971176355148556,0.004113597768217882,0.06413733521294661,0.04633686614342006,0.042971176355148556,-0.06336199191029457
4128,9.765625,-0.042899620739059986,0.0007027709884596722,0.02650982814843718,0.07165925264921057,0.042899620739059986,-0.04509421136317283
4129,3.90625,-0.04550146455929834,0.0028188459755246567,0.053092805308484654,0.08731424278338351,0.04550146455929834,-0.0512276953878271
4130,1.5625,-0.050547221421408946,0.007437731131165683,0.086242281574444,0.035297731974927825,0.050547221421408946,-0.057857323686232996
4131,3.90625,-0.048066356174962604,0.0012421910091655465,0.035244730232554575,0.033673490898274226,0.048066356174962604,-0.04494058830532315
4132,9.765625,-0.045245478364661355,0.0004947781320914869,0.022243608791998815,0.06951513541989765,0.045245478364661355,-0.038679122322360496
4133,3.90625,-0.04259399273247902,0.003021058698086504,0.05496415830417586,0.05449404655208144,0.04259399273247902,-0.04645458977039937
4134,9.765625,-0.04284282204603508,0.0007904363948234562,0.028114700688847038,0.09969101824311595,0.04284282204603508,-0.03880466963555128
4135,3.90625,-0.046114082573041316,0.004152454537516373,0.06443954172335782,0.053052500896021794,0.046114082573041316,-0.05425277268752689
4136,9.765625,-0.04511870125048422,0.0008473606464470883,0.02910945974158724,0.09460183791861472,0.04511870125048422,-0.03791885909653354
4137,3.90625,-0.044516925102702685,0.004130354316484351,0.06426783267299709,0.12488148503643275,0.044516925102702685,-0.05434991098487445
4138,1.5625,-0.039277610550585935,0.011114311135227529,0.10542443329336672,0.05279788036610607,0.039277610550585935,-0.06843378606637003
4139,3.90625,-0.04061496590877199,0.002549088895425064,0.05048850260628715,0.03235583614644292,0.04061496590877199,-0.050842579405035934
4140,9.765625,-0.042425808554206745,0.0007017592324122975,0.026490738615831334,0.06033409244127601,0.042425808554206745,-0.036993679855401106
4141,3.90625,-0.04621108126648222,0.0035917923282737753,0.059931563706228916,0.05607646841211636,0.04621108126648222,-0.05486724226408146
4142,9.765625,-0.04634571185064614,0.0005674594610986957,0.02382140762210948,0.030833761890347193,0.04634571185064614,-0.0412372432186052
4143,3.90625,-0.047709347523658754,0.0035343256459522436,0.05945019466706769,0.05754285683628814,0.047709347523658754,-0.05699563785288525
4144,9.765625,-0.04595462832107182,0.0005372994844555505,0.023179721405908883,0.07039318821282761,0.04595462832107182,-0.04245985723443297
4145,3.90625,-0.04715080705960731,0.0031551495442759883,0.056170717854376655,0.04787143059427588,0.04715080705960731,-0.053433798236356994
4146,9.765625,-0.045607862628451984,0.000657327155605613,0.02563839221959156,0.08673840506099448,0.045607862628451984,-0.043746791389871274
4147,3.90625,-0.043487207045659795,0.0024739771876525207,0.04973909114220445,0.07793250605448095,0.043487207045659795,-0.0528909671799466
4148,1.5625,-0.042875779357292344,0.008095232294756059,0.08997350884986124,0.04640344416362682,0.042875779357292344,-0.060181059321870914
4149,3.90625,-0.04568319539948312,0.0014129460106625307,0.037589174115196126,0.05663683332853986,0.04568319539948312,-0.048083764581306254
4150,1.5625,-0.04846112956957454,0.004781193949897835,0.06914617812936472,0.02882937085166963,0.04846112956957454,-0.05118482010306548
4151,3.90625,-0.0469803544664862,0.0008805001507872815,0.029673222790712866,0.028752644086623595,0.0469803544664862,-0.04435129439872259
4152,9.765625,-0.04520830886641182,0.0003884948587869487,0.01971027292522731,0.08506923681550514,0.04520830886641182,-0.03931305580617547
4153,3.90625,-0.046012101800400954,0.0034778947415965936,0.05897367837939731,0.034360634384822064,0.046012101800400954,-0.05682791947380075
4154,9.765625,-0.0453653279900631,0.0006293952473021972,0.0250877509414893,0.06303993730146536,0.0453653279900631,-0.04318888842195599
4155,3.90625,-0.04536388598639867,0.0023701369821559288,0.04868405264720603,0.03816128060074982,0.04536388598639867,-0.04927538302506183
4156,9.765625,-0.045741523242296994,0.0003912550729895538,0.01978016867950205,0.024387758728190736,0.045741523242296994,-0.04242811085952023
4157,24.4140625,-0.044907111187549136,0.00013683374243893986,0.011697595583663331,0.07985334236783323,0.044907111187549136,-0.038199747635951964
4158,9.765625,-0.043720576075309686,0.0014876681785613466,0.03857030176912474,0.07451678743039251,0.043720576075309686,-0.04815035750259044
4159,3.90625,-0.04758657518153988,0.00463327387030934,0.06806815606661708,0.10720995476079688,0.04758657518153988,-0.06216083991551784
4160,1.5625,-0.04683180814572762,0.01317061156124905,0.11476328490091703,0.029952162508258294,0.04683180814572762,-0.0709569591057417
4161,3.90625,-0.04389037578924115,0.0020852266549208497,0.045664282047579045,0.0817531079422589,0.04389037578924115,-0.05078787480842879
4162,1.5625,-0.0416605039218924,0.00706997684076603,0.08408315432217103,0.024747073058260363,0.0416605039218924,-0.05743275671199796
4163,3.90625,-0.042567645045543424,0.0012347112291649707,0.03513845797932759,0.013552075890552125,0.042567645045543424,-0.04631362169991843
4164,9.765625,-0.044106928522218404,0.0004397115148730906,0.020969299341491852,0.07831163977351953,0.044106928522218404,-0.03990772295666675
4165,3.90625,-0.04624196610564966,0.003430300377255804,0.058568766226170445,0.04373555238524172,0.04624196610564966,-0.05214005526672924
4166,9.765625,-0.0460072927436697,0.0006839149665591472,0.026151767943279614,0.04506663272143688,0.0460072927436697,-0.042696849951848255
4167,3.90625,-0.04565353686124072,0.0029663965562196203,0.05446463583114846,0.03730653270043566,0.04565353686124072,-0.05063041071304865
4168,9.765625,-0.04486951258195155,0.0005778398745039761,0.024038300158371766,0.03635559413417416,0.04486951258195155,-0.040661651135678364
4169,3.90625,-0.046573508846356346,0.0035931594439835794,0.05994296826136974,0.030782264132562034,0.046573508846356346,-0.055956763218958726
4170,9.765625,-0.04599524015691146,0.0006079150661505602,0.024655933690504606,0.04462898786021059,0.04599524015691146,-0.04091342712390748
4171,3.90625,-0.040164127618451305,0.0035830981739930438,0.0598589857414327,0.0771848418899776,0.040164127618451305,-0.05321022869035627
4172,1.5625,-0.04623640199209987,0.008869275664666929,0.09417683188909536,0.03683967072278444,0.04623640199209987,-0.06131954182935491
4173,3.90625,-0.0450248259491199,0.0016942285610329743,0.04116100777474933,0.031679170307247026,0.0450248259491199,-0.04659150531415996
4174,9.765625,-0.04486455978417804,0.000701219649525668,0.02648055228890946,0.16357542851934495,0.04486455978417804,-0.03691715059187027
4175,3.90625,-0.04584975962519715,0.0034528674219325957,0.05876110466909719,0.059084995987094616,0.04584975962519715,-0.05105981161421712
4176,9.765625,-0.04410425771613525,0.0007026936507975232,0.026508369448110594,0.08131910866073881,0.04410425771613525,-0.03983595589728842
4177,3.90625,-0.044507940167372265,0.004077974854893368,0.06385902328483711,0.05371945925618075,0.044507940167372265,-0.05676295321588661
4178,9.765625,-0.04399965768579259,0.0007534638863811482,0.027449296646383275,0.0828358673923608,0.04399965768579259,-0.041356995651375
4179,3.90625,-0.04160889979750292,0.0031651597550208005,0.056259752532523646,0.055191654368129034,0.04160889979750292,-0.05365239223354779
4180,9.765625,-0.04419356306799341,0.0004827901482310597,0.02197248616408848,0.10711057161606158,0.04419356306799341,-0.04312607308107988
4181,3.90625,-0.048042095650236254,0.002812491736139875,0.05303293067651339,0.0873197619960092,0.048042095650236254,-0.050994811787095085
4182,1.5625,-0.05094643863580915,0.009905725177738894,0.09952750965305468,0.0665787458873183,0.05094643863580915,-0.06066718968723677
4183,3.90625,-0.048433090291467744,0.0020607816082887096,0.04539583249912606,0.048864426546634275,0.048433090291467744,-0.04588500704183024
4184,9.765625,-0.04502227355750855,0.0008247510461144797,0.02871847917481843,0.18873439870349007,0.04502227355750855,-0.03591381902142325
4185,3.90625,-0.04113285756427191,0.005574886312895691,0.07466516130629929,0.07570800312330854,0.04113285756427191,-0.052986704036983454
4186,9.765625,-0.042059579622695666,0.0009673133626209221,0.03110166173407656,0.08127708329371258,0.042059579622695666,-0.03915799047837389
4187,3.90625,-0.047813659341394296,0.004402306325246149,0.06634987811025841,0.15796665689520362,0.047813659341394296,-0.0552639278033474
4188,1.5625,-0.04423431424561871,0.013478303773330471,0.1160960971494325,0.036632119056226736,0.04423431424561871,-0.06898440450508539
4189,3.90625,-0.046584053763990295,0.0017899944323541647,0.04230832580419798,0.048052281736443124,0.046584053763990295,-0.04896719435438623
4190,9.765625,-0.04558798339305857,0.0004919458834266577,0.02217985309749949,0.09599403763296364,0.04558798339305857,-0.04190130374396029
4191,3.90625,-0.04672206138028011,0.0032741012815980966,0.05721976303339692,0.06734327327301157,0.04672206138028011,-0.05370064343125072
4192,9.765625,-0.04538165194387407,0.0005885861457336533,0.02426079441678803,0.05670831048031172,0.04538165194387407,-0.04111741571022307
4193,3.90625,-0.04460737217922956,0.0019546427881071936,0.04421134230157679,0.03525395352162996,0.04460737217922956,-0.05002615112776687
4194,9.765625,-0.045434631308149016,0.000497481897331011,0.022304302215738803,0.04750078253924634,0.045434631308149016,-0.043369711514211685
4195,3.90625,-0.047031078121453226,0.002343200359103413,0.048406614827969666,0.08875043188550645,0.047031078121453226,-0.051849259852967
4196,1.5625,-0.046437217919424074,0.008664885005522103,0.0930853640779371,0.04043549851087369,0.046437217919424074,-0.06209629190899121
4197,3.90625,-0.04578570528264902,0.0012430314272270735,0.035256650822604714,0.03488048240202746,0.04578570528264902,-0.04697899958589372
4198,9.765625,-0.04451208140480119,0.0004900472068798732,0.022137009890223956,0.04580613398998719,0.04451208140480119,-0.04072842277586124
4199,3.90625,-0.043343555513623136,0.0006452520292548274,0.025401811534904895,0.09866437233787245,0.043343555513623136,-0.03637127859718033
4200,1.5625,-0.051849084300719384,0.01345944965325503,0.11601486824220002,0.09112632722479683,0.051849084300719384,-0.07304893692922121
4201,3.90625,-0.04785373826619393,0.002332412115355482,0.048295052700618124,0.0541956984547694,0.04785373826619393,-0.054405530356411214
4202,9.765625,-0.04564893939344071,0.0006287254657351913,0.02507439861163556,0.0651488080670293,0.04564893939344071,-0.041703946203314295
4203,3.90625,-0.04410933735025012,0.002530568192122562,0.05030475317624133,0.0639144054512914,0.04410933735025012,-0.04979539510523649
4204,1.5625,-0.04522460644767297,0.011793723519222683,0.10859891122484923,0.0315854433740994,0.04522460644767297,-0.060014064514658
4205,3.90625,-0.043357398757142895,0.0024432692073354505,0.04942943664796768,0.05162232313314262,0.043357398757142895,-0.04498158367366751
4206,9.765625,-0.04276369023357068,0.0007374829186942822,0.027156636733849836,0.14584158446307577,0.04276369023357068,-0.03602426851218349
4207,3.90625,-0.04531330774682094,0.003455870208413915,0.05878664991657472,0.05176882114357367,0.04531330774682094,-0.051295551646920796
4208,9.765625,-0.04507292113748471,0.0006036677830450555,0.02456965166714936,0.03756278170156291,0.04507292113748471,-0.037710123584372285
4209,3.90625,-0.04154066286280762,0.0050736619796347,0.07122964256287335,0.06428312875595794,0.04154066286280762,-0.05104390364840676
4210,9.765625,-0.041004691490332895,0.0011452587512804859,0.03384167181568437,0.05977227072870807,0.041004691490332895,-0.04037667034404033
4211,3.90625,-0.04591364097924656,0.004415733975081791,0.06645098927090394,0.08840676320355034,0.04591364097924656,-0.05371694360997651
4212,1.5625,-0.05827065129623904,0.012749398974456223,0.11291323648915667,0.16364080025150304,0.05827065129623904,-0.06933146815190812
4213,0.625,-0.0578153429884429,0.022664979946115167,0.15054892874449544,0.024181181218947707,0.0578153429884429,-0.07133710008426192
4214,1.5625,-0.04891575633775194,0.006538365353346745,0.0808601592463603,0.05638734920676929,0.04891575633775194,-0.05482419736221636
4215,3.90625,-0.045566430364998946,0.0017255297630916983,0.04153949642318378,0.03972016004524345,0.045566430364998946,-0.04542080204371698
4216,9.765625,-0.044643002177580535,0.0006797696370645167,0.02607239223900478,0.07436876832601205,0.044643002177580535,-0.03633306299303384
4217,3.90625,-0.04325872792624675,0.004307015504275218,0.06562785616089571,0.02694055598186077,0.04325872792624675,-0.05397038423787495
4218,9.765625,-0.042440198180980854,0.000715261728108982,0.02674437750460799,0.04467705732346409,0.042440198180980854,-0.04071001824952373
4219,3.90625,-0.044370465926435926,0.004563157158523009,0.0675511447610106,0.08626361328797606,0.044370465926435926,-0.05760920041971358
4220,1.5625,-0.0491052496429342,0.008653964147067685,0.09302668513425427,0.06012936876482957,0.0491052496429342,-0.06166843697944841
4221,3.90625,-0.04820535669004742,0.0015919007866068689,0.039898631387641215,0.021136682289180808,0.04820535669004742,-0.048444556624025206
4222,9.765625,-0.047498511817628666,0.00047247489229602246,0.021736487579552093,0.03740106115743649,0.047498511817628666,-0.04179587635084779
4223,3.90625,-0.046096883251534986,0.002342911473213475,0.048403630785442894,0.037515403169122906,0.046096883251534986,-0.05220627667441487
4224,9.765625,-0.04466452604164334,0.00042453196973626163,0.020604173599935077,0.043533361488534414,0.04466452604164334,-0.04383759748099523
4225,3.90625,-0.04484342665722583,0.0022055077977626526,0.04696283421773704,0.024909130316438433,0.04484342665722583,-0.053454076403516404
4226,9.765625,-0.04504718478436404,0.0002946716696835035,0.01716600331129828,0.1288548513289699,0.04504718478436404,-0.04476074397070259
4227,3.90625,-0.046653974110016753,0.0018160211912096665,0.04261480014278685,0.04406920630908736,0.046653974110016753,-0.050650428878521114
4228,9.765625,-0.04608877165884428,0.0003670029283343912,0.01915732048942104,0.03633024684072468,0.04608877165884428,-0.04514077730911886
4229,3.90625,-0.04713370876204755,0.0014295675756948022,0.037809622792284,0.02400577125848892,0.04713370876204755,-0.05227968405762248
4230,9.765625,-0.04663280375246436,0.00022953225881745053,0.015150322069759789,0.03598837541962553,0.04663280375246436,-0.045924807871112396
4231,3.90625,-0.046427981815727264,0.0011021577831624577,0.033198761771524816,0.03774285989591766,0.046427981815727264,-0.04808140092183647
4232,9.765625,-0.046107852244804674,0.0002408888162386295,0.015520593295316694,0.019212827235170475,0.046107852244804674,-0.04547086430851625
4233,24.4140625,-0.04597133543683145,0.00012606626949740923,0.011227923650319735,0.044212890014475995,0.04597133543683145,-0.04153607962947983
4234,9.765625,-0.045526377866124706,0.001047122823929242,0.03235927724670689,0.04843014496951953,0.045526377866124706,-0.05428060328825566
4235,3.90625,-0.04967935575303804,0.0026121495666153053,0.051109192584263205,0.043654849293324305,0.04967935575303804,-0.055496968383336426
4236,9.765625,-0.04809549796445285,0.00035357934600035247,0.01880370564544001,0.06179696297255128,0.04809549796445285,-0.044109226543232564
4237,3.90625,-0.04625136866848596,0.0019487781779685609,0.044144967753624656,0.043582012640276856,0.04625136866848596,-0.04863698784042321
4238,9.765625,-0.04555957511795145,0.00043108389212973843,0.02076255986456724,0.036118160063079906,0.04555957511795145,-0.04298667104708055
4239,3.90625,-0.04410312022660607,0.0025265429346062627,0.050264728534094985,0.02635204744544781,0.04410312022660607,-0.05278507171839064
4240,9.765625,-0.04469212337536977,0.00036896145373674035,0.019208369366938476,0.04029698966952216,0.04469212337536977,-0.04508727612318103
4241,3.90625,-0.04660095939681823,0.0016067623660459538,0.040084440448208254,0.03177826353051691,0.04660095939681823,-0.051081290200166135
4242,9.765625,-0.04587498215928318,0.0002571005068998976,0.016034353959542544,0.030285274091069528,0.04587498215928318,-0.04416671335825829
4243,3.90625,-0.04583072508388723,0.0015348267948817403,0.039176865557133844,0.04995236522882443,0.04583072508388723,-0.05053115964732718
4244,1.5625,-0.045823820228565126,0.004626332744671405,0.06801715037158941,0.01444510142157915,0.045823820228565126,-0.05549260729621224
4245,3.90625,-0.045386213916021,0.0007754803254222044,0.027847447377133232,0.036301994928412025,0.045386213916021,-0.04693207827769118
4246,1.5625,-0.04610219482578722,0.0025955367353448534,0.050946410426494754,0.03528239685741341,0.04610219482578722,-0.04848295579306416
4247,3.90625,-0.04688445412858939,0.0004838713445765803,0.02199707581876692,0.017151208845426397,0.04688445412858939,-0.04632194496856701
4248,9.765625,-0.047014224962874974,0.00017459115350120443,0.013213294574072146,0.020819756922266303,0.047014224962874974,-0.04469621401882718
4249,3.90625,-0.04745161566986111,0.0010917943429894564,0.03304231140506754,0.025192267218343754,0.04745161566986111,-0.04759697048505542
4250,9.765625,-0.046388146067385866,0.00032243022016613447,0.017956342059732948,0.06326273745897505,0.046388146067385866,-0.046134155884062326
4251,3.90625,-0.04419003543577466,0.0012504570117925602,0.03536180159144271,0.027592441505856796,0.04419003543577466,-0.05013587594123068
4252,9.765625,-0.045245309959364086,0.00022920416592909416,0.01513949027969879,0.036227357455075146,0.045245309959364086,-0.045478797209103375
4253,3.90625,-0.04751529368280551,0.0011910494707796293,0.034511584588071714,0.03179704032306408,0.04751529368280551,-0.05055945898413949
4254,9.765625,-0.04697698853326351,0.00032499619422705125,0.018027650823860864,0.21331186794139473,0.04697698853326351,-0.04444972242103509
4255,3.90625,-0.0458947896509607,0.0014322091749387564,0.03784453956568578,0.028994112535162965,0.0458947896509607,-0.0490542962954812
4256,9.765625,-0.04633666381485274,0.00017878311961867983,0.013370980503264516,0.027150457365591383,0.04633666381485274,-0.0445117570248138
4257,3.90625,-0.044770217201712134,0.0019519600125729253,0.04418099152998861,0.03134920133159321,0.044770217201712134,-0.05176766672115199
4258,9.765625,-0.04616523674843545,0.0002863241412656834,0.016921115248874213,0.03795541012878388,0.04616523674843545,-0.04375589060839671
4259,3.90625,-0.04615138868217689,0.001729818609145541,0.04159108809763867,0.021438400662958372,0.04615138868217689,-0.04970819690308292
4260,9.765625,-0.04613407561282018,0.0003529377479081518,0.018786637482746928,0.03544366684182485,0.04613407561282018,-0.04445473393914439
4261,3.90625,-0.04739652985959909,0.0020030625319809765,0.044755586600791826,0.04722292701297915,0.04739652985959909,-0.050780310420370754
4262,9.765625,-0.0467634782515002,0.0003207368848049745,0.017909128532817405,0.0555926376426571,0.0467634782515002,-0.04502353589359637
4263,3.90625,-0.04549995841633676,0.0013524717665753523,0.03677596724187349,0.028478213608568972,0.04549995841633676,-0.049224673368316686
4264,9.765625,-0.04565542268410709,0.00022677010687043072,0.015058887969250277,0.01535503313027842,0.04565542268410709,-0.044986694586124955
4265,24.4140625,-0.04583903014261996,0.00015252480153168783,0.012350093179069049,0.14074734863108446,0.04583903014261996,-0.03996422432367828
4266,9.765625,-0.045709958996124116,0.001275934215773527,0.03572022138472167,0.053239503567777055,0.045709958996124116,-0.05343990532320852
4267,3.90625,-0.0446379766712143,0.0024050317442029494,0.04904112299084259,0.030128610693237478,0.0446379766712143,-0.053229863157648695
4268,9.765625,-0.045138307709743655,0.0004257301742236087,0.020633229854378318,0.040643919373485216,0.045138307709743655,-0.04425254600422814
4269,3.90625,-0.04387010854508656,0.0023705848314616454,0.04868865197827565,0.04870272314998844,0.04387010854508656,-0.05023221300898772
4270,9.765625,-0.04504461521205544,0.0005307117551866184,0.023037182014878,0.04658185615171961,0.04504461521205544,-0.04428844928014996
4271,3.90625,-0.04487327651856398,0.0007822101942866092,0.027968020921878067,0.0894443289794126,0.04487327651856398,-0.040494111618918124
4272,1.5625,-0.055695292929671014,0.011112392992475599,0.10541533566078325,0.0909140861153245,0.055695292929671014,-0.06568079433032989
4273,3.90625,-0.05031372617316009,0.0021069524296629307,0.04590155149516115,0.0749717440254699,0.05031372617316009,-0.04948875654523661
4274,1.5625,-0.045518412228877064,0.006158968551131027,0.07847909626856713,0.04546030112152765,0.045518412228877064,-0.05466818869466777
4275,3.90625,-0.04373679224271278,0.0012669953726203967,0.03559487846053694,0.04543737263371837,0.04373679224271278,-0.047191051499818365
4276,1.5625,-0.04643746872902534,0.004909622583547641,0.07006869902850803,0.025851553825283514,0.04643746872902534,-0.05292155289592165
4277,3.90625,-0.04682974126052993,0.0008387065070464172,0.028960430021780014,0.0329722997624899,0.04682974126052993,-0.04663169946612211
4278,9.765625,-0.044998528540674765,0.00035015690397562603,0.01871247989913753,0.11958448053776707,0.044998528540674765,-0.04155250382668137
4279,3.90625,-0.04763312162772921,0.0022063923218664985,0.04697225055143194,0.03716005358029942,0.04763312162772921,-0.05120622838547563
4280,9.765625,-0.04658892100472101,0.0003032736674117181,0.017414754302364364,0.03574159572598493,0.04658892100472101,-0.044433377232763985
4281,3.90625,-0.045302940643292745,0.001764287844493944,0.0420034265803868,0.04828937489534826,0.045302940643292745,-0.05038798051862212
4282,9.765625,-0.04565696621766869,0.0003338667372006452,0.01827202061077661,0.06495768942418234,0.04565696621766869,-0.045195926492423565
4283,3.90625,-0.04517164554175802,0.0013677369793157887,0.03698292821445848,0.03136509321081554,0.04517164554175802,-0.05074049085297027
4284,9.765625,-0.04629721420158071,0.00024624101018822886,0.01569206838464034,0.04969100656801927,0.04629721420158071,-0.04597482007094326
4285,3.90625,-0.04881182429603552,0.0008713737763988898,0.029519040912585386,0.05936452054247198,0.04881182429603552,-0.048172361622673965
4286,1.5625,-0.04659915038682442,0.0038147839559562156,0.061763937341754824,0.02492726705145478,0.04659915038682442,-0.05367379313712547
4287,3.90625,-0.04552899136485191,0.0006955451840933396,0.02637319063164978,0.02817915131278755,0.04552899136485191,-0.047802537818029914
4288,9.765625,-0.04643651905153005,0.00014055501956505145,0.011855590224238162,0.03455527547135224,0.04643651905153005,-0.045419803214350615
4289,3.90625,-0.04761482531166095,0.0008406706668451101,0.02899432128616068,0.024911191297396704,0.04761482531166095,-0.04868731336059488
4290,9.765625,-0.04681229555922728,0.00015184969062729585,0.012322730648167874,0.023579847476087785,0.04681229555922728,-0.04626786269318879
4291,3.90625,-0.045884489439893726,0.0001541814898675586,0.012416983927973758,0.017853529915033167,0.045884489439893726,-0.04615938593842327
4292,1.5625,-0.046491003178463046,0.0029121895940771585,0.05396470693033697,0.029482039199913202,0.046491003178463046,-0.05008815267576126
4293,3.90625,-0.04667020967102579,0.0007855521443360049,0.028027703158411053,0.01877092293461175,0.04667020967102579,-0.04764924203191784
4294,9.765625,-0.04611559104473296,0.0002679271925246672,0.016368481680493985,0.03700803241378379,0.04611559104473296,-0.04407933859348941
4295,3.90625,-0.04452712533672632,0.001547828597374826,0.03934245286423847,0.05583773286962967,0.04452712533672632,-0.0493889642104175
4296,1.5625,-0.046072067173361424,0.0030336491141496657,0.05507857218691917,0.01894948154452072,0.046072067173361424,-0.05206898798328717
4297,3.90625,-0.04696794679945866,0.0006156920406549797,0.02481314249858288,0.031210259345292365,0.04696794679945866,-0.04713810321150166
4298,1.5625,-0.05089381014485881,0.002013598883222674,0.044873142114439386,0.05882362272489766,0.05089381014485881,-0.04798613189872015
4299,0.625,-0.04665082243777615,0.008572854960724689,0.09258971303943375,0.02245468327054822,0.04665082243777615,-0.051952421972234354
4300,1.5625,-0.04750916746531348,0.0014965468981221301,0.03868522842277308,0.01906837804898772,0.04750916746531348,-0.0481549532013478
4301,3.90625,-0.04704278434472819,0.0005021387132150293,0.022408451825483823,0.021023960655184925,0.04704278434472819,-0.045221559491612995
4302,9.765625,-0.04628035090492513,0.0002456348642021198,0.01567274271472992,0.035462914458552305,0.04628035090492513,-0.042476638418685084
4303,3.90625,-0.0466328118636567,0.002004880035040918,0.04477588675884508,0.020187963304175455,0.0466328118636567,-0.04649313556918874
4304,9.765625,-0.04640210973418344,0.00038705534072634224,0.019673722086233258,0.036146575737606455,0.04640210973418344,-0.04147728304507106
4305,3.90625,-0.04349406811213851,0.0028438251621632823,0.053327527245910084,0.07168509462216861,0.04349406811213851,-0.054617751841037974
4306,1.5625,-0.03738612505011814,0.006723369074249876,0.08199615280151792,0.04860591130264331,0.03738612505011814,-0.058287268647312464
4307,3.90625,-0.04115332503350635,0.0014152116929174769,0.03761929947403961,0.05413369154790909,0.04115332503350635,-0.04710816796825768
4308,1.5625,-0.050623111407243966,0.00445303154211735,0.06673103882090664,0.06941262798976099,0.050623111407243966,-0.04856179605787859
4309,3.90625,-0.050585456926494486,0.0012334502050433238,0.035120509749195325,0.0418433118860286,0.050585456926494486,-0.04450077601746524
4310,9.765625,-0.04796576292665874,0.00043752704297816806,0.02091714710418627,0.1073265699302088,0.04796576292665874,-0.03956019171169818
4311,3.90625,-0.043700825346665736,0.00297222886995114,0.05451815174738722,0.07566926499194192,0.043700825346665736,-0.04973799080202218
4312,1.5625,-0.043954698180619846,0.008852022665142789,0.09408518834090088,0.12540257304502228,0.043954698180619846,-0.06168586983568958
4313,0.625,-0.04479258976316501,0.013807487650490335,0.1175052664798065,0.0579180834795157,0.04479258976316501,-0.0631725458245922
4314,1.5625,-0.042441204844436795,0.003821177380789555,0.061815672614552654,0.03839351947036408,0.042441204844436795,-0.05381291023150522
4315,3.90625,-0.0436217640122495,0.0010866002514899574,0.03296362012112683,0.027804747019667123,0.0436217640122495,-0.04601582049383525
4316,9.765625,-0.04436881951349093,0.0004856618935166562,0.02203773794010302,0.03173682120499385,0.04436881951349093,-0.04084689482878483
4317,3.90625,-0.04805878069651915,0.0019822165654015916,0.04452209075730375,0.050141627515123764,0.04805878069651915,-0.04914046383562574
4318,9.765625,-0.04625537191350707,0.00042736014505398987,0.020672690803424452,0.08493807916287238,0.04625537191350707,-0.04212767520091825
4319,3.90625,-0.04384069225003874,0.002847908247836807,0.05336579661015853,0.09035704772902593,0.04384069225003874,-0.05343459113454462
4320,1.5625,-0.045188935584215016,0.005959383615010548,0.07719704408207964,0.018434913537928626,0.045188935584215016,-0.058366277972316756
4321,3.90625,-0.045715099634995926,0.0009475693962134356,0.030782615162026693,0.04397973549421428,0.045715099634995926,-0.048742584507677864
4322,1.5625,-0.04519925755464963,0.001605525481709476,0.0400690089933539,0.07765176685819214,0.04519925755464963,-0.04714621477623565
4323,0.625,-0.04849232124144806,0.00906664413041512,0.09521892737484035,0.05078100803992464,0.04849232124144806,-0.05362787294965677
4324,1.5625,-0.05127942657933996,0.0019258425693668346,0.043884422855574104,0.018567063653433274,0.05127942657933996,-0.04867533047340255
4325,3.90625,-0.04735647634432153,0.0006576105488692317,0.025643918360290258,0.05518266020150962,0.04735647634432153,-0.04520414284617582
4326,1.5625,-0.04152899938602311,0.00257221110228105,0.05071697055504252,0.04165273976763127,0.04152899938602311,-0.04875705849311958
4327,3.90625,-0.04362499438075844,0.0005753374428479692,0.023986192754332007,0.04132354678415608,0.04362499438075844,-0.04539363060259493
4328,1.5625,-0.04284755584434711,0.004322027690732257,0.06574213025702967,0.05326583051097803,0.04284755584434711,-0.04950530304199334
4329,3.90625,-0.044849999615529317,0.0007343642410504729,0.027099155725787343,0.023869816813008704,0.044849999615529317,-0.04499622547051549
4330,9.765625,-0.045205303862730015,0.0003025191447974232,0.01739307749644735,0.04369006641340327,0.045205303862730015,-0.04145407493141606
4331,3.90625,-0.050324520657123846,0.0023333971863081088,0.048305250090524415,0.06911571699696357,0.050324520657123846,-0.05003744811763476
4332,1.5625,-0.04637989670652994,0.007062959363293616,0.08404141457218349,0.036415765319954586,0.04637989670652994,-0.05899167378136866
4333,3.90625,-0.046996340237412455,0.0009964804956224984,0.031567079301425695,0.020790120971022917,0.046996340237412455,-0.04785753615554241
4334,9.765625,-0.04620850355725218,0.00038679963708502217,0.019667222403914136,0.04791970511464048,0.04620850355725218,-0.04234132664892347
4335,3.90625,-0.04664005265671033,0.0019829422136090633,0.04453023931677286,0.02180249505930977,0.04664005265671033,-0.04897523093281908
4336,9.765625,-0.04538117428942743,0.0004387183332713134,0.020945604151499507,0.042822118962605814,0.04538117428942743,-0.042128096114029755
4337,3.90625,-0.04727945573027206,0.002589385786490093,0.0508860077672644,0.04848338593931695,0.04727945573027206,-0.05222789345386257
4338,9.765625,-0.04628166092658003,0.00047463750109039734,0.02178617683510343,0.05552272184317042,0.04628166092658003,-0.04273769147503177
4339,3.90625,-0.04553857115688045,0.002527201371286245,0.05027127779643407,0.03465126467103733,0.04553857115688045,-0.051610078493102465
4340,9.765625,-0.045436413199978896,0.0004622987380895071,0.021501133414066967,0.02700742538908683,0.045436413199978896,-0.041592455863346624
4341,3.90625,-0.0466521244032118,0.00237458968539665,0.04872976180320041,0.03718277859089384,0.0466521244032118,-0.053044357026559574
4342,9.765625,-0.045786548887537866,0.0004734088786139226,0.021757961269703616,0.03427390357828372,0.045786548887537866,-0.043378874883021834
4343,3.90625,-0.04546109015516611,0.0030886444235854096,0.05557557398340938,0.04998322728379372,0.04546109015516611,-0.054348940687266194
4344,9.765625,-0.04504495620394346,0.0004862111287759759,0.02205019566298621,0.08556038468489875,0.04504495620394346,-0.043550790586449666
4345,3.90625,-0.04771886126384164,0.0016911163812952056,0.04112318544684015,0.040418585959807886,0.04771886126384164,-0.04910460498458897
4346,9.765625,-0.04665512558282141,0.00043862900858634464,0.02094347174148414,0.05912405548614193,0.04665512558282141,-0.04312604624745697
4347,3.90625,-0.04449981435054177,0.0026734457094578245,0.05170537408681833,0.05103400109391141,0.04449981435054177,-0.049521565997208854
4348,9.765625,-0.04393173945545982,0.0006121287244824099,0.02474123530631423,0.10393416446226549,0.04393173945545982,-0.04239622538802715
4349,3.90625,-0.04322306165793697,0.0027595987644884563,0.052531883313740584,0.0564422794703489,0.04322306165793697,-0.051291201421023336
4350,9.765625,-0.0455270117624611,0.0005277890799278695,0.022973660568744145,0.09723375336072175,0.0455270117624611,-0.04358807678859491
4351,3.90625,-0.04883424855129247,0.0016703328687439228,0.04086970600266073,0.20958938255601245,0.04883424855129247,-0.04721189399740409
4352,1.5625,-0.04810008562089269,0.010017228599497606,0.10008610592633528,0.029332757176548353,0.04810008562089269,-0.06404036362561286
4353,3.90625,-0.046412700784827544,0.0015386252654170489,0.03922531408946331,0.044128450373384934,0.046412700784827544,-0.048152854012616056
4354,9.765625,-0.04477014545254117,0.0004305706056692962,0.020750195316413197,0.06973546491150076,0.04477014545254117,-0.04199739902310639
4355,3.90625,-0.04588009400072032,0.002964782009315732,0.05444981183912146,0.050621716654926104,0.04588009400072032,-0.05259760114837419
4356,9.765625,-0.0453874541538357,0.0004699289796460564,0.02167784536447422,0.06153567421486738,0.0453874541538357,-0.042725771369720174
4357,3.90625,-0.04554913397739542,0.002845179803152592,0.05334022687571353,0.041284789699797486,0.04554913397739542,-0.05096693598610285
4358,9.765625,-0.045075711247294134,0.0004878483240337261,0.022087288743386457,0.04881169505790221,0.045075711247294134,-0.04230690377750229
4359,3.90625,-0.04581475809806654,0.0024937736691940347,0.04993769787639429,0.038480325558496974,0.04581475809806654,-0.047921236025305805
4360,9.765625,-0.04447055376332421,0.00045665240841253284,0.021369426955642326,0.06540802393197163,0.04447055376332421,-0.042531133183264236
4361,3.90625,-0.0457926261800703,0.003395143471896806,0.058267859681790324,0.046561627087170286,0.0457926261800703,-0.05038656347366398
4362,9.765625,-0.04551777369478909,0.0006342222127011974,0.025183768834334496,0.1458089891585067,0.04551777369478909,-0.04257255800112738
4363,3.90625,-0.04442584462246642,0.0036551052698215185,0.06045746661762729,0.037826865675552164,0.04442584462246642,-0.05135984976218978
4364,9.765625,-0.0450159788195732,0.0006595581316039419,0.02568186386545848,0.05655818277372116,0.0450159788195732,-0.041749266661511235
4365,3.90625,-0.042643268192550245,0.002424750745992913,0.04924175815294284,0.06801275713183318,0.042643268192550245,-0.05212576915513268
4366,1.5625,-0.04666960602421944,0.007278447832861405,0.08531381970619652,0.08806237307329447,0.04666960602421944,-0.05768632853416878
4367,3.90625,-0.04509977568318954,0.0015632408839992649,0.03953784116513274,0.04131210780808346,0.04509977568318954,-0.048161116587214226
4368,9.765625,-0.04490455194559293,0.0005451326534261025,0.023348076011228475,0.04690103347125764,0.04490455194559293,-0.040673137656774425
4369,3.90625,-0.04675281983026907,0.002901834747256075,0.053868680578385016,0.09118579188021174,0.04675281983026907,-0.04780570975699989
4370,1.5625,-0.0528188192817917,0.008894991025085616,0.09431326007028712,0.0877838843980216,0.0528188192817917,-0.05904520374646487
4371,3.90625,-0.047043787376613355,0.0016708895019411593,0.04087651528617819,0.08348127026749119,0.047043787376613355,-0.04957418030586117
4372,1.5625,-0.03424946188054489,0.0074481352756786,0.0863025797741794,0.07270015386892484,0.03424946188054489,-0.05222753543505254
4373,3.90625,-0.03984094809092561,0.001376071312199608,0.03709543519355998,0.07335194385864063,0.03984094809092561,-0.04444550539712337
4374,1.5625,-0.05231640269565318,0.007461426154043374,0.08637954708172169,0.09321494471216528,0.05231640269565318,-0.052892108633069604
4375,3.90625,-0.050003810101984195,0.001492151274692061,0.03862837395868562,0.05648645098536803,0.050003810101984195,-0.04365171338792737
4376,1.5625,-0.047188911639033694,0.0048780418795348265,0.0698429801736354,0.05294795184082972,0.047188911639033694,-0.04824940484913713
4377,3.90625,-0.04595084120858587,0.0011357931077338912,0.0337015297536164,0.02845894979765384,0.04595084120858587,-0.044618207118067306
4378,9.765625,-0.04433033133165467,0.00039197201633803475,0.0197982831664272,0.0821817403890081,0.04433033133165467,-0.03894168039531605
4379,3.90625,-0.04387746306830218,0.0038113593764854013,0.06173620798595749,0.07814969289912192,0.04387746306830218,-0.050397189259290195
4380,1.5625,-0.04838865289756501,0.009986168609636744,0.0999308191182117,0.09227003214324779,0.04838865289756501,-0.06125881905575988
4381,3.90625,-0.044411352512285104,0.0017512993960278277,0.04184852919790405,0.05966076006333071,0.044411352512285104,-0.04738348437077791
4382,1.5625,-0.040127762427920564,0.005248400205787384,0.07244584326093102,0.06196130542257209,0.040127762427920564,-0.050532502969437156
4383,3.90625,-0.04195310070345875,0.001417168859042247,0.03764530327998762,0.03710060694445241,0.04195310070345875,-0.04560941164950951
4384,9.765625,-0.044656018396227085,0.00047863874659238403,0.021877814026825988,0.10160120891934483,0.044656018396227085,-0.03965689692548296
4385,3.90625,-0.049321212549042266,0.0017236900924363623,0.04151734688580621,0.17702676582573929,0.049321212549042266,-0.04280074728585923
4386,1.5625,-0.056938035226221484,0.014103982778855408,0.11876019021058955,0.0778616870592022,0.056938035226221484,-0.07024138902724529
4387,3.90625,-0.049826002741965504,0.00244693623801867,0.049466516331945896,0.09667883282559428,0.049826002741965504,-0.049388953058782485
4388,1.5625,-0.0378102964079155,0.007070855369870904,0.08408837832822622,0.058915980695776644,0.0378102964079155,-0.056105944425734175
4389,3.90625,-0.03976199099217874,0.001285106685127311,0.03584838469341835,0.033789374139424545,0.03976199099217874,-0.04566577673063291
4390,9.765625,-0.04253035472247639,0.0005373730433065946,0.02318130805857587,0.07929146835371387,0.04253035472247639,-0.03763864563922058
4391,3.90625,-0.04882223768705335,0.003116897497716181,0.055829181417213894,0.09318137616784616,0.04882223768705335,-0.051861745093740017
4392,1.5625,-0.05729149969932019,0.011111855562403562,0.1054127865223359,0.06204606280648631,0.05729149969932019,-0.0640722104043682
4393,3.90625,-0.05019575200410283,0.001629716338185178,0.04036974533218135,0.08628624806190921,0.05019575200410283,-0.04904091233305014
4394,1.5625,-0.04578600707756092,0.005543437738640848,0.07445426608758458,0.036494795872735346,0.04578600707756092,-0.05500871619160176
4395,3.90625,-0.04522562326349472,0.00135989319185014,0.03687672967943524,0.034970044630728093,0.04522562326349472,-0.04536469844087715
4396,9.765625,-0.04563355195513933,0.000505921529341853,0.02249269946764623,0.034221273164126514,0.04563355195513933,-0.03849237427115236
4397,3.90625,-0.04726025829848107,0.0019009184167609076,0.043599523125384156,0.040936334213332363,0.04726025829848107,-0.04302986171538637
4398,9.765625,-0.046395047061050625,0.00043191998784617407,0.020782684808421024,0.04158698049996834,0.046395047061050625,-0.03522637151238635
4399,3.90625,-0.042977107684581434,0.0036557013522291308,0.06046239618332316,0.08221543469832542,0.042977107684581434,-0.04973169471551114
4400,1.5625,-0.03135565907788731,0.013080897638224393,0.11437175192425966,0.07470411027804676,0.03135565907788731,-0.07403282914251896
4401,3.90625,-0.03469502055587001,0.002424791822485512,0.04924217524120469,0.04512959794670978,0.03469502055587001,-0.05478008863095948
4402,9.765625,-0.03789999618883835,0.0010633583847014733,0.032609176387965906,0.13765759227657404,0.03789999618883835,-0.04073116823394567
4403,3.90625,-0.05400897573832871,0.0035617880766733914,0.059680717796231235,0.2610997603197711,0.05400897573832871,-0.051510781736602604
4404,1.5625,-0.06300128592701791,0.01054374113737538,0.10268272073418867,0.06466739277420246,0.06300128592701791,-0.06152085706899352
4405,3.90625,-0.056498267944010284,0.0018343236680004318,0.04282900498494486,0.10814294199884518,0.056498267944010284,-0.04254349118100953
4406,1.5625,-0.04147262142911438,0.00893692973254535,0.09453533589375641,0.07657457692270925,0.04147262142911438,-0.05504980910387649
4407,3.90625,-0.040164462276985655,0.0018579484136636043,0.04310392573378444,0.027430832087713766,0.040164462276985655,-0.04685136781182072
4408,9.765625,-0.04413335785429427,0.0005151994930743028,0.02269800636783554,0.13760332863208516,0.04413335785429427,-0.04150368033925223
4409,3.90625,-0.047753272405108044,0.002270608033769804,0.047650897512741604,0.0664566769830336,0.047753272405108044,-0.04641579537826953
4410,1.5625,-0.048954023243111676,0.009384921495892524,0.09687580449158874,0.04175443035109124,0.048954023243111676,-0.05940008144339938
4411,3.90625,-0.04430134158763259,0.0020556533397102306,0.04533931340139847,0.04305437247249026,0.04430134158763259,-0.04925849602262778
4412,9.765625,-0.043578630144794586,0.0005383591744120426,0.02320256827189703,0.034282898533439,0.043578630144794586,-0.03999582820354544
4413,3.90625,-0.045146632309652324,0.0028788836500505573,0.0536552294753322,0.029232569396770953,0.045146632309652324,-0.05410053986022552
4414,9.765625,-0.04491783747985689,0.0004998579706026554,0.022357503675559474,0.03405661311300813,0.04491783747985689,-0.041352047763495964
4415,3.90625,-0.045978187012694224,0.00341031886260092,0.05839793543098009,0.11261456580478534,0.045978187012694224,-0.0518065676807002
4416,1.5625,-0.04800884727153157,0.008253957447994016,0.09085129304525069,0.019746115747985345,0.04800884727153157,-0.06246880451955946
4417,3.90625,-0.0475297921494119,0.0011167462252405255,0.03341775314470626,0.01817418190982003,0.0475297921494119,-0.048482884442585486
4418,9.765625,-0.04693490479544466,0.00047282265161518273,0.02174448554496479,0.02929544756203924,0.04693490479544466,-0.04201074990750428
4419,3.90625,-0.04582790999123561,0.0024895016096404972,0.04989490564817712,0.022045334150685863,0.04582790999123561,-0.050811355470371806
4420,9.765625,-0.0453257725680158,0.0003530603557433255,0.018789900365444343,0.024904512826084874,0.0453257725680158,-0.04286472701610492
4421,3.90625,-0.044975092573630825,0.0025118797633235635,0.050118656838781736,0.02784248437034759,0.044975092573630825,-0.055169297235861475
4422,9.765625,-0.04501514678245519,0.00041606940954001554,0.020397779524742775,0.037472471847965046,0.04501514678245519,-0.04432173193803339
4423,3.90625,-0.04750023908073052,0.001525444958632989,0.03905694507553028,0.05600387452784894,0.04750023908073052,-0.04931437611153408
4424,1.5625,-0.04781895540184407,0.005489167348080972,0.07408891514984527,0.030290559075312338,0.04781895540184407,-0.05677318576478889
4425,3.90625,-0.04628839749201273,0.0007550346975544299,0.027477894707463122,0.022239633169251087,0.04628839749201273,-0.04806714225260858
4426,9.765625,-0.04574821171858989,0.00030125622666688894,0.017356734331863497,0.020396501465350533,0.04574821171858989,-0.044596397964958547
4427,24.4140625,-0.045710420580939805,0.00017494073475752354,0.013226516350026698,0.06502492016003165,0.045710420580939805,-0.039026110135232175
4428,9.765625,-0.04366607660185009,0.001379664111982421,0.03714383006614182,0.06612138586547944,0.04366607660185009,-0.05362142840980021
4429,3.90625,-0.04552654086964168,0.003623263275811613,0.06019354845672095,0.05085930607067925,0.04552654086964168,-0.06125015833182394
4430,9.765625,-0.04638164779330217,0.0005621101403127592,0.023708862062797514,0.04944106151226491,0.04638164779330217,-0.04380135178979414
4431,3.90625,-0.04564977176658407,0.0021958885487067476,0.0468603088840305,0.08126505073067553,0.04564977176658407,-0.05138781739038879
4432,1.5625,-0.04900549327219912,0.007720743461545896,0.08786776121846906,0.033270043154979764,0.04900549327219912,-0.05970128099782855
4433,3.90625,-0.049571471121932054,0.0012463301971070554,0.03530340206137442,0.024099983673957947,0.049571471121932054,-0.04739376095612281
4434,9.765625,-0.04765672010368196,0.0004573648451545115,0.021386089992200808,0.05415205078984284,0.04765672010368196,-0.041699752030454416
4435,3.90625,-0.04535343515113925,0.0026661828824585954,0.05163509351650867,0.05027613747754768,0.04535343515113925,-0.052043739031721895
4436,9.765625,-0.044970461026462405,0.0005037813602793641,0.022445074298815856,0.03524805525926299,0.044970461026462405,-0.04352684866357761
4437,3.90625,-0.04434049614443742,0.0022543019730894816,0.047479490025583486,0.029712152795551495,0.04434049614443742,-0.049667000129392805
4438,9.765625,-0.04412348664270048,0.0005008949532803983,0.022380682591922847,0.04572994967331256,0.04412348664270048,-0.04148625181188356
4439,3.90625,-0.047442192999271916,0.002288034932321101,0.04783340811944201,0.036245235194803986,0.047442192999271916,-0.05330524136102745
4440,9.765625,-0.046879307876521614,0.00039087760302380806,0.01977062475046775,0.040125248166314305,0.046879307876521614,-0.04229584039308457
4441,3.90625,-0.04705334231111054,0.0024362471860009047,0.04935835477404919,0.042158358495791845,0.04705334231111054,-0.050516143664125907
4442,9.765625,-0.045142858171134656,0.00053060058040723,0.023034768946252313,0.0825326978055304,0.045142858171134656,-0.04275808373963423
4443,3.90625,-0.04568334529546203,0.002477356941939942,0.04977305437623797,0.030442903147999027,0.04568334529546203,-0.051813276483213044
4444,9.765625,-0.043821322618862624,0.0006562429874391676,0.02561724004336079,0.16467705405822697,0.043821322618862624,-0.04097321606509412
4445,3.90625,-0.04308302914570292,0.0036054234355624173,0.06004517828737306,0.03435422076828879,0.04308302914570292,-0.0570786805194914
4446,9.765625,-0.042895685114085105,0.0005443518655440909,0.023331349415412966,0.08864326007052313,0.042895685114085105,-0.04269909981572114
4447,3.90625,-0.04825836451943655,0.0031922099159891913,0.05649964527312708,0.09176152568637498,0.04825836451943655,-0.05523888016384711
4448,1.5625,-0.050908800657724435,0.0064675200814471095,0.08042089331415754,0.025352525953801674,0.050908800657724435,-0.05853390670996213
4449,3.90625,-0.049222467609327095,0.0008559654133900266,0.02925688659768887,0.023298931389401336,0.049222467609327095,-0.04722824867459841
4450,9.765625,-0.047428924218396416,0.0003046410128411688,0.017453968398079812,0.04512108043543263,0.047428924218396416,-0.04318220542209462
4451,3.90625,-0.04389069987168806,0.0021562578893358194,0.04643552400195156,0.057424627505971514,0.04389069987168806,-0.049661640722828915
4452,9.765625,-0.04363211580206325,0.0004484621292293665,0.021176924451613992,0.043359087148958586,0.04363211580206325,-0.04307736200162809
4453,3.90625,-0.044675924718259576,0.0024485588941222216,0.049482915174049937,0.028341983565407645,0.044675924718259576,-0.04861345469128289
4454,9.765625,-0.04592619193594348,0.000485760606047483,0.02203997745115641,0.03836656516403058,0.04592619193594348,-0.04176924186038584
4455,3.90625,-0.046050886085542225,0.002542269390492384,0.05042092215035723,0.061439425007518915,0.046050886085542225,-0.0498838198094592
4456,9.765625,-0.045204845670749796,0.00047819320065492385,0.02186762905883772,0.04418668271498654,0.045204845670749796,-0.040598892058518826
4457,3.90625,-0.0460701925357622,0.004022330724865522,0.06342184737821441,0.035236108631029765,0.0460701925357622,-0.05431071212639693
4458,9.765625,-0.04487391516888368,0.0007586292617086014,0.027543225332349902,0.05114348892486124,0.04487391516888368,-0.04168191135775822
4459,3.90625,-0.04347837749480509,0.004165812850855754,0.06454310846911353,0.04260669652481874,0.04347837749480509,-0.05636548488035681
4460,9.765625,-0.04371588786138454,0.0007279606577716244,0.026980746056616454,0.04187014393153764,0.04371588786138454,-0.04019159799648197
4461,3.90625,-0.046289105275317856,0.0032535261823676952,0.05703968953603881,0.04983535505276346,0.046289105275317856,-0.05728278664398683
4462,9.765625,-0.04633646260392598,0.0006095843478409606,0.024689762004542704,0.04399541447088668,0.04633646260392598,-0.04240946754517434
4463,3.90625,-0.044043895103141696,0.002976737031845246,0.05455948159435944,0.03705458505798761,0.044043895103141696,-0.05414734778957314
4464,9.765625,-0.0459547511888462,0.00045130523964476577,0.021243945952783012,0.04923929026276057,0.0459547511888462,-0.043966407981372906
4465,3.90625,-0.047388914980971135,0.002506668991966137,0.050066645503430096,0.03213504115008327,0.047388914980971135,-0.052053861298118
4466,9.765625,-0.04629736641620447,0.0003892171013432479,0.019728585893146217,0.028341939898862686,0.04629736641620447,-0.04272661725005629
4467,3.90625,-0.04555832875118668,0.002466999742348654,0.049668901159061835,0.0341145499123269,0.04555832875118668,-0.055052203050900556
4468,9.765625,-0.045879029008605125,0.0003574217665380451,0.0189056014593042,0.02717907854641903,0.045879029008605125,-0.04451418739092531
4469,3.90625,-0.04532635160133784,0.0018239748758766502,0.04270801887089414,0.024491563259708696,0.04532635160133784,-0.04918124205942331
4470,9.765625,-0.04532649412438005,0.00035337056851364066,0.018798153327219156,0.047570897377363336,0.04532649412438005,-0.04327049652164042
4471,3.90625,-0.04689168641521177,0.0020589823578322205,0.04537601081884811,0.06534149291228024,0.04689168641521177,-0.0547447375283794
4472,1.5625,-0.04300629425670144,0.003947012541371295,0.06282525400960424,0.021514457113558795,0.04300629425670144,-0.054136372965453976
4473,3.90625,-0.04453661782015079,0.0007630569581781725,0.027623485626875048,0.04665671918824564,0.04453661782015079,-0.04756251181673882
4474,1.5625,-0.04834436574484215,0.0032371174661990462,0.05689567177034687,0.02378364840930588,0.04834436574484215,-0.05030118886381907
4475,3.90625,-0.04827726568976912,0.0006434533176774378,0.02536638164337669,0.030691213330233724,0.04827726568976912,-0.04563821095007427
4476,9.765625,-0.04722809650760144,0.00029900011578102334,0.01729161981368499,0.03578326120159382,0.04722809650760144,-0.041293512433306624
4477,3.90625,-0.043973559606340765,0.002440308786432525,0.04939948164133431,0.07020863108698788,0.043973559606340765,-0.04845383174025212
4478,1.5625,-0.04460119130288069,0.009263036615621407,0.0962446705829544,0.028081419818694674,0.04460119130288069,-0.06478452801510322
4479,3.90625,-0.04553364722248228,0.0009306616631460765,0.03050674782971919,0.021709374033014175,0.04553364722248228,-0.047386437946676456
4480,9.765625,-0.04560921151151978,0.00036013575171332617,0.01897724299558095,0.03569585872806953,0.04560921151151978,-0.04209979551198241
4481,3.90625,-0.04800020612250551,0.002381102297230835,0.04879653980797035,0.07224746587888987,0.04800020612250551,-0.05176273922174082
4482,1.5625,-0.044840586234673116,0.0056276652009942555,0.07501776590244644,0.031774266923706336,0.044840586234673116,-0.058197580156187714
4483,3.90625,-0.044536393288063095,0.0008827133563602422,0.0297104923614578,0.0423993266000712,0.044536393288063095,-0.04713478087312072
4484,1.5625,-0.0484071093496061,0.002594652958552093,0.05093773609566971,0.0360725498654987,0.0484071093496061,-0.04976195602376077
4485,3.90625,-0.04725104231755914,0.0004775471724217557,0.02185285272960388,0.016172519804955876,0.04725104231755914,-0.045752676159181334
4486,9.765625,-0.046683863731743096,0.00021374096162162757,0.014619882407927486,0.047539137883754266,0.046683863731743096,-0.04240711884266119
4487,3.90625,-0.04640336323450323,0.0020781529764148663,0.04558676317106607,0.04035485777102868,0.04640336323450323,-0.05068773740647256
4488,9.765625,-0.04584066964655661,0.0004300804475170614,0.02073838102449324,0.0731782700238777,0.04584066964655661,-0.04302099520923806
4489,3.90625,-0.043561651292986815,0.0025668653580438374,0.05066424141387925,0.045629818325477946,0.043561651292986815,-0.05142766278264256
4490,9.765625,-0.04441854665287951,0.0005140871608087687,0.022673490265258427,0.12939527629586642,0.04441854665287951,-0.04425247226077251
4491,3.90625,-0.048507722039916906,0.0018095556042339962,0.04253887168501295,0.04437055187895051,0.048507722039916906,-0.0503224384913629
4492,9.765625,-0.0470179079193056,0.00034554911652442494,0.01858895146382455,0.059851473156692904,0.0470179079193056,-0.04285364108069356
4493,3.90625,-0.04723474951825839,0.001913950349313763,0.043748718259096035,0.05496911251790765,0.04723474951825839,-0.049742844672773456
4494,1.5625,-0.04684354426403295,0.009339299775766113,0.0966400526477822,0.021230270483058977,0.04684354426403295,-0.06116278494354375
4495,3.90625,-0.04268426959950007,0.0014697345007013817,0.03833711648913337,0.052049379630376785,0.04268426959950007,-0.04746599321754839
4496,1.5625,-0.042397001062069284,0.0042823746274043275,0.06543985503807544,0.09859042816989712,0.042397001062069284,-0.049487707069517876
4497,0.625,-0.05350416957746704,0.014782005758682212,0.12158127223664922,0.02922768984539147,0.05350416957746704,-0.057742985222496705
4498,1.5625,-0.051518324500997754,0.0025934596070273977,0.050926020922779716,0.0163996348770719,0.051518324500997754,-0.048987022871174596
4499,3.90625,-0.04923686105751809,0.0007673750896303219,0.027701535871325293,0.028095748748105654,0.04923686105751809,-0.044011545916239625
4500,9.765625,-0.046536403586851814,0.00038894009010502896,0.0197215640887083,0.06226155057938658,0.046536403586851814,-0.03932173012114229
4501,3.90625,-0.040864250313211614,0.003348653613972086,0.05786755234129128,0.059657117394701024,0.040864250313211614,-0.049449166301478595
4502,9.765625,-0.041953409972407034,0.0005813321731498481,0.024110831033994827,0.03577882071349775,0.041953409972407034,-0.0399715957426212
4503,3.90625,-0.04369785180889942,0.0036811799702274797,0.06067272838951187,0.04527132589955464,0.04369785180889942,-0.05174714133303758
4504,9.765625,-0.04529028396642974,0.0007955288532144389,0.028205121045910064,0.054083977022028065,0.04529028396642974,-0.04139882935726035
4505,3.90625,-0.0479726826847642,0.0026604871298012544,0.05157991013758413,0.04939730595331402,0.0479726826847642,-0.05081302265573313
4506,9.765625,-0.047132470255230284,0.0005725457102765568,0.0239279274128905,0.02935574144120469,0.047132470255230284,-0.039394782341188
4507,24.4140625,-0.04479353186911202,0.00024047632104138314,0.015507298960211708,0.1686605590240673,0.04479353186911202,-0.0317688722330056
4508,9.765625,-0.04173090740448621,0.0013482360440736129,0.03671833389566598,0.20933595902268173,0.04173090740448621,-0.04166383859916722
4509,3.90625,-0.03425237327601781,0.008476883620420093,0.09206999305104836,0.1545944698305642,0.03425237327601781,-0.08388656210418124
4510,1.5625,-0.026872128629012473,0.013883488287123463,0.11782821515716625,0.052897566554812946,0.026872128629012473,-0.08632388362204643
4511,3.90625,-0.031680822147022114,0.003340280805528756,0.057795162475148,0.04624630075700114,0.031680822147022114,-0.05745728497594567
4512,9.765625,-0.03817650203169684,0.001026660972578705,0.03204155072056759,0.16102141536725958,0.03817650203169684,-0.04063803895700516
4513,3.90625,-0.0518900753897418,0.003923830270350152,0.06264048427614646,0.16857015010878706,0.0518900753897418,-0.05258620303222203
4514,1.5625,-0.06331273188540772,0.010591851078105431,0.10291671913788075,0.07955776018328888,0.06331273188540772,-0.06364883052227689
4515,3.90625,-0.055918928604337316,0.002243393859643222,0.047364478880731094,0.09953817581004848,0.055918928604337316,-0.04533028282426254
4516,1.5625,-0.04509067894134823,0.008843833456307522,0.09404165808995246,0.07383474384055552,0.04509067894134823,-0.0572385649645244
4517,3.90625,-0.04188378669382544,0.0018071794238170003,0.04251093299160817,0.07153431022890244,0.04188378669382544,-0.04634734091661517
4518,1.5625,-0.0404057930153805,0.007516491511282169,0.08669770188005083,0.0386371921582747,0.0404057930153805,-0.054523416874200564
4519,3.90625,-0.043758937627734425,0.0012009467517919109,0.034654678642167654,0.05075447335889861,0.043758937627734425,-0.04402779081689133
4520,1.5625,-0.0448499024973707,0.006225829475457778,0.07890392560232842,0.02734900025991547,0.0448499024973707,-0.049903170554725554
4521,3.90625,-0.04644663428407583,0.001516611841569412,0.038943700922863145,0.03453310594942945,0.04644663428407583,-0.041409509104402484
4522,9.765625,-0.0451362360396849,0.0004588251424248333,0.02142020407056929,0.05003075611921709,0.0451362360396849,-0.03569935682575802
4523,3.90625,-0.04363908506608504,0.0033785384474447596,0.05812519632177391,0.10352475030957078,0.04363908506608504,-0.0466361542571355
4524,1.5625,-0.03492756061593826,0.014124650967561981,0.1188471748404731,0.0613810502699728,0.03492756061593826,-0.06892416948806122
4525,3.90625,-0.036040130189915066,0.002583993936702499,0.05083300046920798,0.027343562333660525,0.036040130189915066,-0.05095948330892944
4526,9.765625,-0.039826346764736065,0.0008596382810828683,0.02931958869225263,0.11405835378873348,0.039826346764736065,-0.0402431963736086
4527,3.90625,-0.05266925811270518,0.0038486892209954326,0.06203780477253715,0.20759212676878386,0.05266925811270518,-0.05299089904328817
4528,1.5625,-0.0646719333681477,0.00875787312864244,0.09358350884980986,0.14170483852593632,0.0646719333681477,-0.059952175623803866
4529,0.625,-0.06223420272721726,0.01910793233270105,0.1382314448043608,0.043719753685666836,0.06223420272721726,-0.06366683196680777
4530,1.5625,-0.05729459539377791,0.004663456037624827,0.06828950166478612,0.05324186082395184,0.05729459539377791,-0.05041561920056141
4531,3.90625,-0.050274853826065766,0.0012546245954708007,0.035420680336080514,0.09355854437519874,0.050274853826065766,-0.044196209529177376
4532,1.5625,-0.04137753164993665,0.00558787903642027,0.07475211727048452,0.04364729916956865,0.04137753164993665,-0.05022471539086711
4533,3.90625,-0.04138876834343522,0.0011827028953078301,0.0343904477334598,0.10662532916454522,0.04138876834343522,-0.04009857860425458
4534,1.5625,-0.04249130730435872,0.008584891808874808,0.09265469124051307,0.06690367805705977,0.04249130730435872,-0.057141721290724534
4535,3.90625,-0.04418089054673087,0.0018861171377978036,0.043429450120831645,0.05234584013859153,0.04418089054673087,-0.04623869695047992
4536,9.765625,-0.044854782001253375,0.0005755291501869705,0.02399018862341375,0.029362976057997876,0.044854782001253375,-0.03912198701949975
4537,24.4140625,-0.04371556210185654,0.0002624502640295421,0.016200316787937888,0.12134093754115854,0.04371556210185654,-0.03108801058581976
4538,9.765625,-0.04301910028188509,0.002347276381259896,0.048448698447532065,0.23051462719473226,0.04301910028188509,-0.05580343691042828
4539,3.90625,-0.03925865571316593,0.006454291243370344,0.08033860369318317,0.10558826023115424,0.03925865571316593,-0.0686635850694143
4540,1.5625,-0.04163653010365076,0.011572749828934411,0.10757671601668463,0.034015806988476886,0.04163653010365076,-0.07028252597166931
4541,3.90625,-0.04337663499957765,0.002271121276888981,0.04765628265915189,0.022097029937310664,0.04337663499957765,-0.049638929105956076
4542,9.765625,-0.04366185281865759,0.0007216371309215567,0.026863304542099,0.14644208516921778,0.04366185281865759,-0.03583441092026775
4543,3.90625,-0.045815591153839264,0.005100753488855985,0.07141955956778216,0.036518940059194024,0.045815591153839264,-0.058930866015727335
4544,9.765625,-0.0458025571951091,0.0007771415981512606,0.02787725951651741,0.07343501348903722,0.0458025571951091,-0.0419873529900857
4545,3.90625,-0.04422997418362807,0.0035208374030339645,0.059336644689719054,0.028153896449100203,0.04422997418362807,-0.05173650457895576
4546,9.765625,-0.04473949670225467,0.000578413786497243,0.024050234645367662,0.07756471505715785,0.04473949670225467,-0.044003464367296
4547,3.90625,-0.04577160564676701,0.002842880520443669,0.053318669529946724,0.025112366759508346,0.04577160564676701,-0.05388417110066126
4548,9.765625,-0.04638127099796524,0.0005385614487907192,0.02320692674161573,0.052235712558055834,0.04638127099796524,-0.0439605464591979
4549,3.90625,-0.04485072071656186,0.0017359738486698907,0.04166501948481353,0.028358078202029024,0.04485072071656186,-0.047515775959507275
4550,9.765625,-0.04534441499443053,0.00033001475029704184,0.01816630810861254,0.025364981030703927,0.04534441499443053,-0.041513321126750775
4551,3.90625,-0.04348167116502494,0.0027514911720150693,0.052454658248958876,0.0386735853649995,0.04348167116502494,-0.04821650666579319
4552,9.765625,-0.04369106015874942,0.0005517397494687416,0.023489141096871585,0.03561176444632042,0.04369106015874942,-0.042210270253179194
4553,3.90625,-0.04483362408869483,0.0035561001394943254,0.05963304570030215,0.11242075925637612,0.04483362408869483,-0.05540610977932467
4554,1.5625,-0.047110542079928784,0.008820808593214081,0.09391915988345552,0.02572711827545142,0.047110542079928784,-0.06488769512490006
4555,3.90625,-0.04571134982510119,0.001866837839592524,0.04320691888566603,0.03687697346134134,0.04571134982510119,-0.04871352416474638
4556,9.765625,-0.044832229916210595,0.0005031048725838746,0.02242999938885141,0.039415891835759075,0.044832229916210595,-0.040897696006838874
4557,3.90625,-0.04542490981081147,0.003073242973468484,0.055436837693617444,0.06644959740671907,0.04542490981081147,-0.047515006490193884
4558,9.765625,-0.046580305689868026,0.0006219171325068135,0.02493826642946164,0.06923659038745315,0.046580305689868026,-0.03886407440112928
4559,3.90625,-0.042727508487371495,0.002895815267285943,0.053812779776610156,0.06242787500542376,0.042727508487371495,-0.05032866671722408
4560,9.765625,-0.04223992283035247,0.0007003279817798605,0.02646371065780195,0.04180496216105895,0.04223992283035247,-0.03999085242336391
4561,3.90625,-0.04541854044713021,0.003806263370523334,0.06169492175635961,0.04513621144873939,0.04541854044713021,-0.053116110747663196
4562,9.765625,-0.045801171308495446,0.0006701455122329463,0.02588716887249253,0.0389945524438719,0.045801171308495446,-0.03984952754808686
4563,3.90625,-0.0437776201259232,0.0045811230187329435,0.06768399381488169,0.05374206913138191,0.0437776201259232,-0.05579731559616885
4564,9.765625,-0.04361837856895611,0.0008828492227168825,0.029712778778109638,0.16795457841431047,0.04361837856895611,-0.041874510411627305
4565,3.90625,-0.046420694752183904,0.0029812458217645427,0.054600785907938564,0.049712985798632786,0.046420694752183904,-0.05279744969212223
4566,9.765625,-0.044861703194913435,0.0006183589836782583,0.024866824961748902,0.05756094657013684,0.044861703194913435,-0.0431093967613083
4567,3.90625,-0.047020065929402194,0.0031172310509971967,0.05583216860374668,0.0398613504560482,0.047020065929402194,-0.05669556385018668
4568,9.765625,-0.04643446454960254,0.0005854359717008082,0.02419578417205791,0.0403246179093163,0.04643446454960254,-0.04408851199061878
4569,3.90625,-0.043863176762583764,0.0025730027598408656,0.05072477461596912,0.05249776558496341,0.043863176762583764,-0.04904455340681331
4570,9.765625,-0.04404550346345396,0.0007046557003079176,0.026545351764629483,0.04982522317328433,0.04404550346345396,-0.04243938803821097
4571,3.90625,-0.04790911229666184,0.003349683888750436,0.0578764536642531,0.12110900352284946,0.04790911229666184,-0.05621862623706705
4572,1.5625,-0.047424533769919876,0.0067291744851480685,0.08203154567084585,0.0639224104594754,0.047424533769919876,-0.06063423269958125
4573,3.90625,-0.04570295342742977,0.0012788736628025813,0.03576134313476748,0.026725216809970087,0.04570295342742977,-0.04868950555281121
4574,9.765625,-0.0454765289192417,0.00046943299241254015,0.02166640238739556,0.054838196477102044,0.0454765289192417,-0.04240310756641613
4575,3.90625,-0.04532440935557944,0.0027175177662462045,0.052129816480074094,0.02307604303139419,0.04532440935557944,-0.051673390637742796
4576,9.765625,-0.04499777882350732,0.00046160808912725534,0.021485066654010065,0.03573671195021983,0.04499777882350732,-0.0422465422826384
4577,3.90625,-0.04481581677346226,0.0028110282533522334,0.05301913101279795,0.03988357965375485,0.04481581677346226,-0.05283221388270719
4578,9.765625,-0.04556178667071442,0.000386519896435335,0.019660109268143326,0.06549118834606868,0.04556178667071442,-0.04216389703542382
4579,3.90625,-0.04559402213408029,0.002403457689607663,0.0490250720510196,0.0304021165594545,0.04559402213408029,-0.04975516905289194
4580,9.765625,-0.04509989459121257,0.00044520400233909223,0.021099857874855278,0.037383856374971616,0.04509989459121257,-0.04157340885515196
4581,3.90625,-0.04647586681906772,0.0030455024226655157,0.05518607091164867,0.036065513794912726,0.04647586681906772,-0.05596831740085297
4582,9.765625,-0.04562740903477219,0.0005723826398298953,0.02392451963634579,0.06700055456387631,0.04562740903477219,-0.04327803698743357
4583,3.90625,-0.04390259807216924,0.0018612801562096963,0.04314255620857086,0.054265230334327536,0.04390259807216924,-0.04744722571927997
4584,1.5625,-0.05065125284711458,0.008800107678238741,0.09380888912165382,0.12234500223442782,0.05065125284711458,-0.05816761329146586
4585,0.625,-0.04558745443221837,0.02283684009235278,0.151118629203526,0.09038399157318495,0.04558745443221837,-0.06586506488633766
4586,1.5625,-0.043928488767933115,0.005107905548072366,0.07146961276005605,0.02521463460924699,0.043928488767933115,-0.052612375072547436
4587,3.90625,-0.043394761627328075,0.0015064413673397514,0.03881290207314768,0.022548166602256905,0.043394761627328075,-0.04436010966349315
4588,9.765625,-0.044050215057083265,0.0006744852125240197,0.025970853134312313,0.03871852280888256,0.044050215057083265,-0.03716015564908559
4589,3.90625,-0.04208267035256854,0.004516931775366823,0.06720812283769591,0.04029715073493932,0.04208267035256854,-0.04548944904625637
4590,9.765625,-0.041857882220800446,0.0010259008916724101,0.03202968766117475,0.09571118603263033,0.041857882220800446,-0.03531590778372058
4591,3.90625,-0.0469872823423712,0.006057565258941064,0.07783036206353575,0.09575852449307629,0.0469872823423712,-0.05434540978024022
4592,9.765625,-0.04556285105006983,0.0011685217942599495,0.034183648053710554,0.07707304026357785,0.04556285105006983,-0.038440605782864595
4593,3.90625,-0.043434590417104374,0.004891004196637622,0.06993571474316697,0.07441853513722697,0.043434590417104374,-0.050856408404397875
4594,9.765625,-0.043711236154719904,0.0008733594392521043,0.02955265536719339,0.05489207905295516,0.043711236154719904,-0.037966621717297
4595,3.90625,-0.041192293087294725,0.005020740068581256,0.07085718078346934,0.08606210304539821,0.041192293087294725,-0.05318078263096478
4596,9.765625,-0.04277537330493005,0.0009240307584013714,0.03039787424148885,0.10245280336604394,0.04277537330493005,-0.03959535315664439
4597,3.90625,-0.04650395831384811,0.004644978694886609,0.06815408054464978,0.11082133779948894,0.04650395831384811,-0.054626525476246815
4598,1.5625,-0.04578355028578968,0.015964139194110008,0.1263492746085628,0.05120074564573136,0.04578355028578968,-0.07056849685673519
4599,3.90625,-0.042232509325544614,0.0032577214959515783,0.057076453077881235,0.06502036717211487,0.042232509325544614,-0.04871375391787448
4600,9.765625,-0.0417899913849951,0.0010152735522249948,0.03186335751651095,0.05315656520802901,0.0417899913849951,-0.0377260089328512
4601,3.90625,-0.04733397369253756,0.005012910628822787,0.07080191119470425,0.07795168355767422,0.04733397369253756,-0.05415042168185877
4602,9.765625,-0.0481519995077782,0.0009545658226590261,0.030896048657700972,0.09404119045967035,0.0481519995077782,-0.03997596552954714
4603,3.90625,-0.04602380612367215,0.004632952842785899,0.06806579789281765,0.12282456332801268,0.04602380612367215,-0.05250289175488359
4604,1.5625,-0.037366114000183644,0.015339125747871482,0.12385122424857771,0.05766559909493868,0.037366114000183644,-0.07164170291684908
4605,3.90625,-0.03950850717744206,0.002364933306079877,0.04863057994801087,0.04177719804251046,0.03950850717744206,-0.05029034889811103
4606,9.765625,-0.04253925704229142,0.0006609769319106359,0.025709471638107148,0.09516225664158307,0.04253925704229142,-0.040059593828596814
4607,3.90625,-0.049352620703394155,0.004108473298532248,0.06409737356968886,0.11909895587491161,0.049352620703394155,-0.05166975060853366
4608,1.5625,-0.04880985909785906,0.012596445086757713,0.11223388564403228,0.05277574236188346,0.04880985909785906,-0.06526460763824837
4609,3.90625,-0.04713784036642227,0.002180652829961221,0.04669746063718263,0.032608020519508514,0.04713784036642227,-0.048400471431695694
4610,9.765625,-0.04401977311923208,0.0007977277249411522,0.028244074156204026,0.08792335162197784,0.04401977311923208,-0.03809968632697588
4611,3.90625,-0.04461127784175408,0.005279861552357259,0.07266265583060709,0.12131133267607797,0.04461127784175408,-0.05496679776767629
4612,1.5625,-0.04851408468283768,0.012550520480231867,0.1120291055049172,0.0309759581729284,0.04851408468283768,-0.06646849015579454
4613,3.90625,-0.046425639898774566,0.0015661331847610827,0.03957440062415453,0.045841970661630635,0.046425639898774566,-0.048879680067863834
4614,9.765625,-0.04531470250516653,0.0004990935063275755,0.02234040076470374,0.09542727882900266,0.04531470250516653,-0.04063435405125056
4615,3.90625,-0.045582454745188725,0.003539821370104056,0.05949639795907023,0.09345114549024457,0.045582454745188725,-0.050359284521433005
4616,1.5625,-0.04470520923645776,0.008838798712621613,0.09401488559064257,0.03056302208394851,0.04470520923645776,-0.060294587227989124
4617,3.90625,-0.04334073087731023,0.001348399964480428,0.0367205659607859,0.02619952899828335,0.04334073087731023,-0.04638392134646786
4618,9.765625,-0.04287612827504948,0.0005751091961117347,0.0239814344048002,0.019257882079353757,0.04287612827504948,-0.03844393581110438
4619,24.4140625,-0.041467306728883276,0.0002974925621409088,0.017247972696549263,0.11583852766141178,0.041467306728883276,-0.027715705436749782
4620,9.765625,-0.03933198607411354,0.002986030089808159,0.054644579692849304,0.08479036077714218,0.03933198607411354,-0.05623298815410076
4621,3.90625,-0.041218611648306674,0.007068543047636772,0.08407462784715002,0.06897544763778919,0.041218611648306674,-0.06870774102855326
4622,9.765625,-0.04187037628651852,0.0011633931459642127,0.034108549455586834,0.05568650989396477,0.04187037628651852,-0.042320917977633335
4623,3.90625,-0.045963313558992254,0.004499722803316447,0.06707997319108325,0.05968301482452861,0.045963313558992254,-0.05734913188947283
4624,9.765625,-0.04633772061279218,0.0007751094327766487,0.027840787215462293,0.055149560009868856,0.04633772061279218,-0.04358512155842555
4625,3.90625,-0.047311369976600536,0.003409874215270104,0.05839412826021212,0.045910455755433066,0.047311369976600536,-0.055912273411782315
4626,9.765625,-0.04558467656262162,0.0006443517271987268,0.02538408413157203,0.06014062182519892,0.04558467656262162,-0.041633998714896744
4627,3.90625,-0.044344315659312704,0.003354280067598709,0.05791614686422698,0.05835263419668386,0.044344315659312704,-0.055509624726929704
4628,9.765625,-0.04463091962407713,0.0006321081571574424,0.025141761218288632,0.05627870787178693,0.04463091962407713,-0.045140090319388315
4629,3.90625,-0.04784046127567168,0.001973379679789506,0.04442273831935067,0.0657673975076314,0.04784046127567168,-0.04749213733487179
4630,1.5625,-0.045803236994597894,0.005007463885652453,0.07076343607861657,0.09539863848093728,0.045803236994597894,-0.047780597186997065
4631,0.625,-0.051517498505313515,0.029521013651416864,0.1718168025875725,0.04602374747627967,0.051517498505313515,-0.07558718308722136
4632,1.5625,-0.050515181920782345,0.007328173713026289,0.08560475286469957,0.028254413075973345,0.050515181920782345,-0.057538052266203864
4633,3.90625,-0.04701883392397295,0.00196836511954796,0.044366261049900976,0.056102421132277897,0.04701883392397295,-0.0443700452491123
4634,1.5625,-0.043948490551894974,0.006479213833883045,0.08049356392832314,0.029915792935717507,0.043948490551894974,-0.05143150528410517
4635,3.90625,-0.04307488402502009,0.001277623743912419,0.03574386302447483,0.023980685055388445,0.04307488402502009,-0.044080852715761856
4636,9.765625,-0.044242723447617406,0.0005659553887577192,0.02378981691307689,0.04205668820023795,0.044242723447617406,-0.03710171418518272
4637,3.90625,-0.04513160320504976,0.0037583720778883245,0.06130556318873781,0.06345499543107293,0.04513160320504976,-0.05337311555051885
4638,9.765625,-0.04545685499140049,0.0005873532288032466,0.02423537143934969,0.08812188483730495,0.04545685499140049,-0.04268958912478699
4639,3.90625,-0.04688463920691956,0.0030207263597106116,0.054961134992925785,0.06330730335782252,0.04688463920691956,-0.05232781228656204
4640,9.765625,-0.04517690429623137,0.0006170309765677541,0.024840108223752853,0.0474766104750185,0.04517690429623137,-0.04335598370749542
4641,3.90625,-0.04418108489091416,0.0026110233820569716,0.05109817396010323,0.03791527198388618,0.04418108489091416,-0.049369497217055226
4642,9.765625,-0.04452342052328787,0.0004886493633594055,0.02210541479727095,0.03438414157804684,0.04452342052328787,-0.040182313550441016
4643,3.90625,-0.042043869201579875,0.0038677175546727345,0.06219097647306026,0.03768816053510579,0.042043869201579875,-0.05571874425774468
4644,9.765625,-0.04338360036743785,0.0007363761113927534,0.02713625087208536,0.0845181093398157,0.04338360036743785,-0.04171431661626959
4645,3.90625,-0.04756724538696502,0.002978671934390393,0.054577210760448296,0.055927381648998346,0.04756724538696502,-0.05063272146748484
4646,9.765625,-0.04684720139465379,0.0006375253913116456,0.025249265163795276,0.043268049921097326,0.04684720139465379,-0.04074583047352813
4647,3.90625,-0.04687222081662116,0.003543810253471023,0.05952991057838927,0.05573338516592692,0.04687222081662116,-0.055795632838086556
4648,9.765625,-0.04568680359672358,0.0005050663665923269,0.022473681643031408,0.1259351711455444,0.04568680359672358,-0.04404696724182676
4649,3.90625,-0.043642816576011184,0.0030517349340784946,0.05524251020797747,0.05774740115896492,0.043642816576011184,-0.054102366224458694
4650,9.765625,-0.04417386289263374,0.0004948673254768925,0.0222456136232942,0.050624925559794094,0.04417386289263374,-0.044485641770184374
4651,3.90625,-0.044658597756383,0.0016607591314899378,0.04075241258490027,0.02090270123732049,0.044658597756383,-0.04978104943657478
4652,9.765625,-0.04528032139100405,0.0002642534646511147,0.016255874773481577,0.03199618326984109,0.04528032139100405,-0.043324998071023677
4653,3.90625,-0.04715714113462501,0.002806201720605605,0.05297359455998436,0.03232665972703913,0.04715714113462501,-0.05318656330715469
4654,9.765625,-0.04734038856522629,0.00043527761407064766,0.020863307841055494,0.0336029395821461,0.04734038856522629,-0.042546687472099984
4655,3.90625,-0.04778540575753868,0.0021118234117203875,0.04595457987753111,0.05278808746739556,0.04778540575753868,-0.05138644671226564
4656,9.765625,-0.04706995087943086,0.00038753085274447223,0.019685803329924645,0.05511071056650185,0.04706995087943086,-0.04266130786848904
4657,3.90625,-0.04270838469496459,0.002941253098589303,0.054233320925325075,0.04533992155445714,0.04270838469496459,-0.0536976402604976
4658,9.765625,-0.043055972122594155,0.0005287108648968088,0.022993713595172244,0.0776044578360555,0.043055972122594155,-0.0428645619997145
4659,3.90625,-0.045065976474582194,0.002748738765729321,0.05242841563245375,0.03915897077658132,0.045065976474582194,-0.05278036503247145
4660,9.765625,-0.046076449494090635,0.0004687249572651168,0.021650056749697374,0.04489145703518964,0.046076449494090635,-0.04152417967159966
4661,3.90625,-0.04806268298931973,0.0025702013634694627,0.05069715340597993,0.046257354397100194,0.04806268298931973,-0.04968773981370919
4662,9.765625,-0.046905712750753545,0.0004387046410670866,0.020945277297450292,0.11591831290084588,0.046905712750753545,-0.04102501252364073
4663,3.90625,-0.04370636357189709,0.003039803963073516,0.055134417228021156,0.06157407774516586,0.04370636357189709,-0.05547968463227215
4664,9.765625,-0.0439291872184076,0.00048757529356377254,0.022081107163450218,0.035721085426949836,0.0439291872184076,-0.04449058048533316
4665,3.90625,-0.04370737112696613,0.002300659329895264,0.047965188729903525,0.057027084817049295,0.04370737112696613,-0.04926709338744796
4666,9.765625,-0.044289619535523614,0.0004268490289193605,0.020660324995492217,0.04812140178679437,0.044289619535523614,-0.04083935163181259
4667,3.90625,-0.044283347707116644,0.004038130562268604,0.06354628677010643,0.05316357781348638,0.044283347707116644,-0.05218489733359511
4668,9.765625,-0.0447829501429829,0.0005795948214120933,0.02407477562537382,0.04761447196348229,0.0447829501429829,-0.041439775633490224
4669,3.90625,-0.048038944657890235,0.003497613068925734,0.05914062114085152,0.09641130824541563,0.048038944657890235,-0.05459367231305025
4670,1.5625,-0.05124071065887958,0.011428419506136041,0.10690378621048013,0.03862656584178555,0.05124071065887958,-0.0653494451500756
4671,3.90625,-0.048075001621401804,0.002288740586518953,0.0478407837155596,0.0457055340353437,0.048075001621401804,-0.04872596454749496
4672,9.765625,-0.04584925560651888,0.0006761768369613363,0.02600340048842336,0.09411382173866197,0.04584925560651888,-0.03875707508196038
4673,3.90625,-0.0405520947500669,0.0031381489395494234,0.056019183674429096,0.08202834091541794,0.0405520947500669,-0.0513327372094054
4674,1.5625,-0.04362919341470902,0.009311978649248953,0.09649859402731707,0.026512027424914177,0.04362919341470902,-0.06530770551206597
4675,3.90625,-0.0435406882379816,0.0015431015231370266,0.03928233092800154,0.021520017831052462,0.0435406882379816,-0.048728865423282704
4676,9.765625,-0.044074409784657306,0.0005308290388935658,0.02303972740493181,0.027569080575166598,0.044074409784657306,-0.03952209301277814
4677,24.4140625,-0.043278151817366224,0.00026319886812778675,0.016223404948647085,0.16658643789974073,0.043278151817366224,-0.032720982167395746
4678,9.765625,-0.04401146548735766,0.0016977600011878842,0.041203883326549263,0.10321882623965269,0.04401146548735766,-0.051315962570180416
4679,3.90625,-0.04522095621597962,0.006153211115669917,0.07844240636078113,0.0602538647383093,0.04522095621597962,-0.0719564807259154
4680,9.765625,-0.04357928645448207,0.0009000672107274891,0.030001120157878924,0.05242726203914845,0.04357928645448207,-0.04552229405586594
4681,3.90625,-0.04294415535569749,0.004322311259273178,0.06574428689455213,0.04469005758826373,0.04294415535569749,-0.05427225693946178
4682,9.765625,-0.04253463488003333,0.000824703716889854,0.02871765514260964,0.050375445446532004,0.04253463488003333,-0.040353010601573314
4683,3.90625,-0.04435643355038922,0.0038184856561297434,0.06179389659286541,0.052257966816229386,0.04435643355038922,-0.054214044900244056
4684,9.765625,-0.045680727082186116,0.0007226504583594611,0.02688215873696644,0.07183187777959975,0.045680727082186116,-0.04229890113557381
4685,3.90625,-0.04731931749920229,0.0033927130956871296,0.05824700074413385,0.03492885902019444,0.04731931749920229,-0.05573715767868365
4686,9.765625,-0.04684276160591498,0.00037686171758449284,0.01941292655898365,0.0713948986744619,0.04684276160591498,-0.04352448100398218
4687,3.90625,-0.04575792446504021,0.002827956528255892,0.05317853446886151,0.03924457913804172,0.04575792446504021,-0.053477952709591436
4688,9.765625,-0.04553469204933221,0.00038687802845997266,0.019669215247690303,0.038165847946566495,0.04553469204933221,-0.04469642424626969
4689,3.90625,-0.04648511589574137,0.00222676005605272,0.047188558529083297,0.037926669905245236,0.04648511589574137,-0.05383288916144802
4690,9.765625,-0.04617863081046311,0.0003453934985143301,0.01858476522623652,0.02097122187481226,0.04617863081046311,-0.0453913055014847
4691,24.4140625,-0.04585094883995482,0.00014582002953336196,0.012075596446278003,0.13567414410390916,0.04585094883995482,-0.04050151408253383
4692,9.765625,-0.0455518189760112,0.0013755912891304871,0.03708896451952369,0.14175010838972069,0.0455518189760112,-0.053148196203923595
4693,3.90625,-0.0451358443456645,0.003685768051267627,0.06071052669239188,0.03021263433070555,0.0451358443456645,-0.06023808824128846
4694,9.765625,-0.0449477673931863,0.0005134118685380139,0.022658593701684444,0.03815338348413716,0.0449477673931863,-0.04528842188974385
4695,3.90625,-0.04891463447737536,0.0018334017509892054,0.042818240867522867,0.049265757203210116,0.04891463447737536,-0.05102208120490165
4696,9.765625,-0.04829766114362489,0.0002821452245816799,0.016797179066190843,0.031189953742549518,0.04829766114362489,-0.044276698366937414
4697,3.90625,-0.044826255756537,0.0020455681045334637,0.04522795711209455,0.06011018606191372,0.044826255756537,-0.04940947765999512
4698,1.5625,-0.04095205433464526,0.008589188797128734,0.09267787652470645,0.027353519516663215,0.04095205433464526,-0.05990453951745098
4699,3.90625,-0.04348989734023793,0.0013203547449657889,0.036336685938123045,0.04670957810219545,0.04348989734023793,-0.04743519714026383
4700,1.5625,-0.04388534845416427,0.005531665992043169,0.07437517053454848,0.04476768643036386,0.04388534845416427,-0.05060471748806846
4701,3.90625,-0.04655282390638503,0.001188863535943956,0.03447990046308075,0.04023456590418025,0.04655282390638503,-0.04377845822467393
4702,9.765625,-0.04561328001966038,0.0004815937123821474,0.02194524350245737,0.11817168796060139,0.04561328001966038,-0.03922028072433777
4703,3.90625,-0.04651486648596686,0.003568851549605698,0.05973986566444302,0.10008069770821607,0.04651486648596686,-0.0470614382716568
4704,1.5625,-0.04134823522580312,0.013020227629128734,0.11410621205319513,0.06424351370173428,0.04134823522580312,-0.06718908640896523
4705,3.90625,-0.04380643943017644,0.0016150400954070539,0.04018756145136271,0.045677051848048475,0.04380643943017644,-0.0480064859319289
4706,9.765625,-0.04351139518079279,0.0005622426003233993,0.023711655368687343,0.10722119616780763,0.04351139518079279,-0.0410392627098557
4707,3.90625,-0.04683158000890965,0.002352874824557245,0.048506441062576885,0.05325564703719874,0.04683158000890965,-0.04844345076192217
4708,9.765625,-0.0458486980674757,0.0005288217871250473,0.0229961254807206,0.06728120835185468,0.0458486980674757,-0.04008746938807112
4709,3.90625,-0.04641207305373887,0.00451540485748158,0.06719676225445376,0.07332692866966727,0.04641207305373887,-0.05482063565980631
4710,9.765625,-0.042956284514627505,0.0009412415053726491,0.03067965947289261,0.12647983911718555,0.042956284514627505,-0.03959477280871075
4711,3.90625,-0.04660703575371452,0.003682046796960578,0.060679871431641795,0.06111628274571085,0.04660703575371452,-0.05714539674077976
4712,9.765625,-0.04580638344195591,0.0006219068057862277,0.024938059382923677,0.1289010079142913,0.04580638344195591,-0.042946732428685894
4713,3.90625,-0.04618766368152188,0.003486378438654147,0.05904556239595103,0.05378899893874264,0.04618766368152188,-0.05093185539343824
4714,9.765625,-0.04337624581392086,0.0007681556456920848,0.027715620968906413,0.10680718513685541,0.04337624581392086,-0.04032784622889038
4715,3.90625,-0.04419130374256459,0.003111875151625727,0.05578418370493313,0.035304433701564726,0.04419130374256459,-0.05230520476420036
4716,9.765625,-0.04384097404323346,0.00046736951501119453,0.02161873065217277,0.04666617426514206,0.04384097404323346,-0.04161622015492035
4717,3.90625,-0.04708833410927139,0.002550598492337114,0.050503450301312224,0.0787652888316707,0.04708833410927139,-0.04976604262677153
4718,1.5625,-0.049895281333008905,0.009884640100339693,0.09942152734865671,0.054095897607787935,0.049895281333008905,-0.06119739649482795
4719,3.90625,-0.04723447312239083,0.002082622966503752,0.045635764116575855,0.047439993612491946,0.04723447312239083,-0.04677246210867302
4720,9.765625,-0.045422842450798584,0.0007579092273219807,0.02753015124044873,0.08730619791499807,0.045422842450798584,-0.03864134462658355
4721,3.90625,-0.042423615387877686,0.003256535929340233,0.057066066355937244,0.0672179745134001,0.042423615387877686,-0.047944489939316194
4722,9.765625,-0.04274464046378085,0.0006511700609385732,0.02551803403357267,0.08915507861535003,0.04274464046378085,-0.038221171861357615
4723,3.90625,-0.0466346863187699,0.004834341424095499,0.06952942847525427,0.08397530966754742,0.0466346863187699,-0.056285392971425624
4724,9.765625,-0.04518538721821543,0.0007827234734215289,0.027977195596083766,0.06193304834919512,0.04518538721821543,-0.0405108079141298
4725,3.90625,-0.04195325923276322,0.0038510709667112274,0.06205699772556861,0.050231603409286806,0.04195325923276322,-0.05364761788809401
4726,9.765625,-0.04205774741900656,0.0007170831298749887,0.02677840790403695,0.03389388632400834,0.04205774741900656,-0.04069136904854752
4727,3.90625,-0.049179791163987394,0.004734132765125677,0.06880503444607579,0.17150340541424997,0.049179791163987394,-0.05359334451883667
4728,1.5625,-0.04624947390790993,0.010837203444223174,0.10410188972455386,0.04777435099675537,0.04624947390790993,-0.06537117676876295
4729,3.90625,-0.044643471524500274,0.0018890516637291867,0.04346322196672937,0.04507946012132519,0.044643471524500274,-0.04919791659628453
4730,9.765625,-0.04362769526373041,0.0007385324524320025,0.027175953569875014,0.059795509668331234,0.04362769526373041,-0.04009857638175501
4731,3.90625,-0.046723881406958837,0.0025316971838481076,0.050315973446293454,0.07367549487515632,0.046723881406958837,-0.04685177783889737
4732,1.5625,-0.05548135326942596,0.013396939012710628,0.11574514682141376,0.15753272678871474,0.05548135326942596,-0.06807189806842788
4733,0.625,-0.049690571669036676,0.02799577939660876,0.16731939336672472,0.04410698709784814,0.049690571669036676,-0.07370129701708514
4734,1.5625,-0.0433350763742731,0.006699374315087086,0.08184970565058304,0.032971388813094395,0.0433350763742731,-0.05882924088600598
4735,3.90625,-0.04077183117619759,0.001739391066074018,0.04170600755375679,0.03627233402793791,0.04077183117619759,-0.04601137971870466
4736,9.765625,-0.04098987807592145,0.000821992018828358,0.02867040318566096,0.02981692586678215,0.04098987807592145,-0.03524429281460903
4737,24.4140625,-0.040417895831629684,0.0004162360611091318,0.020401864157697253,0.0787709949650122,0.040417895831629684,-0.025614245493515264
4738,9.765625,-0.04305077328355102,0.0022704943869743233,0.047649705004064014,0.11962430593932873,0.04305077328355102,-0.05461766113910249
4739,3.90625,-0.04106822415119057,0.009042937845730752,0.09509436284938635,0.06877571613122618,0.04106822415119057,-0.08021273765112584
4740,9.765625,-0.04022654439914055,0.0014029285713019356,0.03745568810343678,0.06272682373577888,0.04022654439914055,-0.04463373707497856
4741,3.90625,-0.04602707406068426,0.004833985502026048,0.06952686892148997,0.08401499355948559,0.04602707406068426,-0.05730215332081773
4742,9.765625,-0.04539639259400126,0.0008892378283340085,0.02982009101820463,0.09433910606947951,0.04539639259400126,-0.04053059026726343
4743,3.90625,-0.04538739703337721,0.004128387474463986,0.06425252893438503,0.05496473727474635,0.04538739703337721,-0.05438395989072269
4744,9.765625,-0.044876476766636905,0.0006746819995448089,0.025974641470957956,0.07694378237839501,0.044876476766636905,-0.039355653660029105
4745,3.90625,-0.0471923034563007,0.0046284294662774055,0.06803256180886771,0.08837630831511041,0.0471923034563007,-0.05590858732004979
4746,1.5625,-0.04176385720298728,0.01313666772771314,0.11461530320037172,0.07194585846048093,0.04176385720298728,-0.06916738433296364
4747,3.90625,-0.03921975456022877,0.002334960370291148,0.04832142765162416,0.03496029926929561,0.03921975456022877,-0.04808882811575997
4748,9.765625,-0.0420587408603991,0.0008379630688318809,0.0289475917622154,0.07821006799718666,0.0420587408603991,-0.038823735107250026
4749,3.90625,-0.04977027397925912,0.003815147934076184,0.061766883797680645,0.08660056387552857,0.04977027397925912,-0.053947375893109537
4750,1.5625,-0.05060267340922788,0.01057720213670844,0.10284552560373465,0.024793773857842163,0.05060267340922788,-0.06005513380275816
4751,3.90625,-0.0479193402733739,0.0022894805812384545,0.04784851702235352,0.07795118518736044,0.0479193402733739,-0.04431937813769063
4752,1.5625,-0.046301351532648756,0.0073956770044627,0.08599812209846619,0.09556104564326738,0.046301351532648756,-0.05465329518689627
4753,3.90625,-0.045243078282397785,0.0015443157088315886,0.0392977824925477,0.020747476820732958,0.045243078282397785,-0.046991466919871876
4754,9.765625,-0.04610130359968364,0.0004449415665588938,0.021093638058876752,0.0473488454755633,0.04610130359968364,-0.04017622604642615
4755,3.90625,-0.04477697655268995,0.0029335376722271836,0.05416214242648811,0.03425850510487021,0.04477697655268995,-0.05300004083196693
4756,9.765625,-0.0447169279481806,0.0005522399561628046,0.023499786300364617,0.02866358313747883,0.0447169279481806,-0.041703479207646096
4757,24.4140625,-0.04400392516999802,0.0002364154358336878,0.01537580683520991,0.09835364048797066,0.04400392516999802,-0.034228205463243386
4758,9.765625,-0.042785633004350065,0.0020427553042069854,0.045196850600533946,0.1389368310514272,0.042785633004350065,-0.05042910414935484
4759,3.90625,-0.04514250522279681,0.006355035927517229,0.07971847920976183,0.08355873739647332,0.04514250522279681,-0.07201384551428408
4760,9.765625,-0.0439793561399093,0.0010172199876008988,0.031893886367153484,0.04908504472583673,0.0439793561399093,-0.0422549638156143
4761,3.90625,-0.04447265055797926,0.004793984131170126,0.06923860289730091,0.05994445848977192,0.04447265055797926,-0.05520338816259565
4762,9.765625,-0.04372077964008969,0.0009128721814817568,0.030213774697673192,0.07061918529294013,0.04372077964008969,-0.03920379734512454
4763,3.90625,-0.04537940036255861,0.004011363649076947,0.06333532702273627,0.05581445610184821,0.04537940036255861,-0.05230601164587528
4764,9.765625,-0.044850420183840126,0.0007097975317553291,0.026642025669144025,0.032295924587661035,0.044850420183840126,-0.03901207986382362
4765,24.4140625,-0.043466625474690386,0.00031108714280400694,0.01763766262303503,0.44997348321552727,0.043466625474690386,-0.026833513800777493
4766,9.765625,-0.04000728461293048,0.0019549483125058456,0.04421479743825415,0.09720153571399065,0.04000728461293048,-0.04423862037996719
4767,3.90625,-0.0331856875007541,0.010780327645070788,0.10382835665207645,0.06663218318124106,0.0331856875007541,-0.08464451302702468
4768,9.765625,-0.0346425099238232,0.0018839490245995338,0.0434044816188321,0.07595336288105542,0.0346425099238232,-0.04738934727159157
4769,3.90625,-0.03984839380779502,0.005672805669220484,0.07531803017352806,0.09261923497790688,0.03984839380779502,-0.06135047718912022
4770,9.765625,-0.04337789173916215,0.0010601044096157364,0.03255924461064379,0.10223086117652569,0.04337789173916215,-0.04195281411429087
4771,3.90625,-0.04905980218974752,0.005100158424075606,0.0714153934672043,0.06188230786137591,0.04905980218974752,-0.05894729715505452
4772,9.765625,-0.047363245230572455,0.0008941148826140187,0.029901753838429253,0.1499231192101986,0.047363245230572455,-0.04196724125630533
4773,3.90625,-0.04513970001966246,0.003539135964109722,0.059490637617273204,0.04239788429651437,0.04513970001966246,-0.0544543052822255
4774,9.765625,-0.044589507107263185,0.0005773810578852517,0.02402875481345739,0.05034192309532697,0.044589507107263185,-0.04184725563296519
4775,3.90625,-0.045367700961837155,0.0031265299103952287,0.05591538169766195,0.06319766302541897,0.045367700961837155,-0.05269137893970912
4776,9.765625,-0.044575490184206513,0.0006682736431440527,0.02585098921016472,0.03784682892180917,0.044575490184206513,-0.042275263768533904
4777,3.90625,-0.04385446661638693,0.0034658270907038102,0.05887127559942803,0.04388513352195913,0.04385446661638693,-0.05226379266324483
4778,9.765625,-0.04371076879279837,0.0006504363568750764,0.025503653794605126,0.06179826955791462,0.04371076879279837,-0.04068770134223942
4779,3.90625,-0.04409171144432049,0.004083044348698907,0.06389870381078873,0.05696672232711652,0.04409171144432049,-0.053377359011999956
4780,9.765625,-0.04399740823044364,0.0007211675507019312,0.026854562940065347,0.11130705684727833,0.04399740823044364,-0.0421837063581957
4781,3.90625,-0.04751060090481663,0.0035888765979714527,0.059907233269209256,0.07485587562110088,0.04751060090481663,-0.055318049474425326
4782,9.765625,-0.046781045614002,0.0006915509572376976,0.026297356468620522,0.09053912065047376,0.046781045614002,-0.04233590278146915
4783,3.90625,-0.04481955133893851,0.0029784967743347653,0.054575606037265086,0.0887195054209898,0.04481955133893851,-0.05254806849870508
4784,1.5625,-0.04191519731293927,0.010627065098050975,0.10308765735067887,0.05020606526169072,0.04191519731293927,-0.06319688745908242
4785,3.90625,-0.042806230869611904,0.001976482516782696,0.0444576485746007,0.0325244620983475,0.042806230869611904,-0.04886774849991956
4786,9.765625,-0.04340598106788532,0.0005643953690684114,0.023757006736295955,0.043965543531653134,0.04340598106788532,-0.041024263804252184
4787,3.90625,-0.04550552319955649,0.0031387043932299525,0.056024141164590396,0.0756713588824686,0.04550552319955649,-0.05115979345933191
4788,1.5625,-0.051724103297659293,0.008905267456459247,0.09436772465445613,0.06628818870239249,0.051724103297659293,-0.06029962073432668
4789,3.90625,-0.04759723370669205,0.0015269940840352259,0.0390767716685402,0.050780426574617454,0.04759723370669205,-0.047104660200689014
4790,1.5625,-0.044685616322669625,0.005256322227079819,0.07250049811608068,0.024947988003525337,0.044685616322669625,-0.05313838454183918
4791,3.90625,-0.044327373025206625,0.0012093000898285126,0.03477499230522579,0.017534289345564457,0.044327373025206625,-0.044768918937181976
4792,9.765625,-0.04470666223210005,0.000556733139638147,0.023595193146870974,0.03289262434037631,0.04470666223210005,-0.03968885909023181
4793,3.90625,-0.04726077187730608,0.0035125790073550437,0.05926701449672527,0.04298161430741254,0.04726077187730608,-0.05602468417695594
4794,9.765625,-0.04657955730330452,0.0005216695955879496,0.022840087468920727,0.03362778462306773,0.04657955730330452,-0.04329152384030627
4795,3.90625,-0.04767776482001503,0.0022735257215327756,0.047681502928628154,0.033305243832135324,0.04767776482001503,-0.049973984311671944
4796,9.765625,-0.046582945822564246,0.00048570617197300536,0.022038742522498996,0.050995265297898086,0.046582945822564246,-0.043244436529258676
4797,3.90625,-0.04291604508595831,0.0028587034310850524,0.05346684422223788,0.08387489392651182,0.04291604508595831,-0.05205839567592795
4798,1.5625,-0.04208009951634459,0.007296617770541546,0.0854202421592303,0.02987183026323897,0.04208009951634459,-0.06115272262059043
4799,3.90625,-0.041016689425150965,0.0013320625140393117,0.03649743160880382,0.09047989272543253,0.041016689425150965,-0.047095540596982344
4800,1.5625,-0.043374568231371334,0.0048650330024861185,0.06974978854796707,0.027081395110864222,0.043374568231371334,-0.050977460767544586
4801,3.90625,-0.044225021475515505,0.0010153802539388749,0.031865031836464164,0.024510770260658416,0.044225021475515505,-0.04386251452329486
4802,9.765625,-0.04415030702040365,0.00052210197842489,0.022849550945803945,0.16416884044143823,0.04415030702040365,-0.03731460213466712
4803,3.90625,-0.04677219586108151,0.004241484745861229,0.06512668228814691,0.12436476426124869,0.04677219586108151,-0.05654460202447198
4804,1.5625,-0.05364630715957843,0.009097236275407903,0.09537943318875355,0.062365229031089375,0.05364630715957843,-0.06158542836124206
4805,3.90625,-0.05041918911334515,0.0012660708366804144,0.03558188916682776,0.04093280578732317,0.05041918911334515,-0.04884909888488036
4806,9.765625,-0.048042903143332275,0.00042830793685982627,0.02069560187237439,0.0539491204889939,0.048042903143332275,-0.04192252232126741
4807,3.90625,-0.0422690978644905,0.00276379569016355,0.05257181459835251,0.0805566797615537,0.0422690978644905,-0.05177316643448419
4808,1.5625,-0.04140252915029962,0.007852813198314317,0.08861610010779258,0.02005422160162071,0.04140252915029962,-0.05850048942152852
4809,3.90625,-0.04261755911499558,0.0009941389670517545,0.0315299693474598,0.024286787846437393,0.04261755911499558,-0.04752119398550063
4810,9.765625,-0.04464234239864324,0.0003858827758573207,0.019643899201974152,0.07166986754245709,0.04464234239864324,-0.04195753235414537
4811,3.90625,-0.049435807980685156,0.002045875866810875,0.04523135932968271,0.062151254146151816,0.049435807980685156,-0.05062129699483599
4812,1.5625,-0.05123974459922422,0.006525516109957813,0.08078066668428661,0.013826861909900809,0.05123974459922422,-0.05926565936122435
4813,3.90625,-0.04855296684049013,0.0008457551271597757,0.029081869389015826,0.03659075609617857,0.04855296684049013,-0.04720210775661518
4814,1.5625,-0.044816910455160966,0.0034200187061615784,0.058480926002942,0.020846929669575964,0.044816910455160966,-0.05004749546473969
4815,3.90625,-0.044364117181057275,0.000716525092223468,0.026767986331128233,0.014243515002406937,0.044364117181057275,-0.04514592956696149
4816,9.765625,-0.045284166348424415,0.00032893807521870645,0.018136650055032393,0.04943464938525121,0.045284166348424415,-0.04132175993310053
4817,3.90625,-0.04675212610490496,0.0018719604050309283,0.04326615773362511,0.051069260947732883,0.04675212610490496,-0.04940615124057556
4818,9.765625,-0.04602055028620281,0.0004076441433488941,0.020190199190421428,0.05046119757751057,0.04602055028620281,-0.042779988125395275
4819,3.90625,-0.04399079857051735,0.002995866515882101,0.05473450936915486,0.030033024376226566,0.04399079857051735,-0.053871222185985994
4820,9.765625,-0.04442669687680611,0.0005285960230061793,0.022991216214158384,0.02065611120829,0.04442669687680611,-0.04280888208502044
4821,24.4140625,-0.04407361259702357,0.0002131594975463332,0.014599982792672503,0.09646897545641318,0.04407361259702357,-0.03502768695300653
4822,9.765625,-0.043781020454593776,0.0016032488397558808,0.040040589902695996,0.06358731943849626,0.043781020454593776,-0.05037643880868137
4823,3.90625,-0.04276291622529417,0.0059150671428358495,0.07690947368715931,0.03527415931085604,0.04276291622529417,-0.07317843549921137
4824,9.765625,-0.044712615563368,0.0008218116331839105,0.028667257161854715,0.061476154530969926,0.044712615563368,-0.04660842615153178
4825,3.90625,-0.049160936005421756,0.003034863936489896,0.05508959916799083,0.061725798523530204,0.049160936005421756,-0.05336537136831525
4826,9.765625,-0.04733157031010092,0.0005545074269340574,0.023547981377053478,0.056791395524668144,0.04733157031010092,-0.042394854199941295
4827,3.90625,-0.04378356036001229,0.0031731209122706733,0.05633046167279897,0.04041829333263393,0.04378356036001229,-0.056261520528396516
4828,9.765625,-0.044128202140803596,0.00040754881340835427,0.020187838254958214,0.03295582034887466,0.044128202140803596,-0.04470963186898486
4829,3.90625,-0.04416097889991482,0.002409986183869485,0.049091610116897624,0.07549203045829019,0.04416097889991482,-0.04988335654634945
4830,1.5625,-0.04767580437244113,0.007578970511352838,0.0870572829311416,0.05397746050725992,0.04767580437244113,-0.05786941046717065
4831,3.90625,-0.04742805713068291,0.001380674730437346,0.03715743169861644,0.037298526621516725,0.04742805713068291,-0.04618596031220623
4832,9.765625,-0.046287718874952706,0.0004723636943699892,0.02173392956577317,0.10161962118309976,0.046287718874952706,-0.04116303679903598
4833,3.90625,-0.046206877390179674,0.002017090176945637,0.04491202708568872,0.022437978179213697,0.046206877390179674,-0.0484363668111778
4834,9.765625,-0.04484974451426501,0.0003761637019404619,0.01939494011180395,0.04339232672551391,0.04484974451426501,-0.04214635369518073
4835,3.90625,-0.04394064630784388,0.0029702013433964766,0.05449955360731386,0.058479903629771596,0.04394064630784388,-0.051895977896560634
4836,9.765625,-0.044637320040286116,0.0004683318315508258,0.021640975753205442,0.06293432182591957,0.044637320040286116,-0.04406289589424104
4837,3.90625,-0.04896136634394114,0.002983701179932652,0.05462326592151601,0.08857334346026512,0.04896136634394114,-0.05261687659014751
4838,1.5625,-0.050155394974951396,0.006195560717692554,0.0787118842214602,0.03776589310094587,0.050155394974951396,-0.05616496641747877
4839,3.90625,-0.049808625937098394,0.0013406857537081992,0.03661537591925282,0.020392689146214633,0.049808625937098394,-0.04787980780195882
4840,9.765625,-0.04701709081541769,0.00046183580919297246,0.021490365496961015,0.09279590814225377,0.04701709081541769,-0.041348761264731526
4841,3.90625,-0.04358288472256426,0.0025897794686427196,0.050889875895336195,0.05012751870249075,0.04358288472256426,-0.05147415573192395
4842,9.765625,-0.04338961535212358,0.000577752615903376,0.024036485098769662,0.06469311030503444,0.04338961535212358,-0.04216599341413402
4843,3.90625,-0.044622949504972094,0.0025699473818585703,0.05069464845384146,0.05236546167699329,0.044622949504972094,-0.050545027390532564
4844,9.765625,-0.044711647912125264,0.0004638360923034347,0.021536854280591555,0.0504052032530122,0.044711647912125264,-0.042593166556271815
4845,3.90625,-0.04654453737367632,0.0035472294010638165,0.059558621551071986,0.06307418886793123,0.04654453737367632,-0.053751448168351895
4846,9.765625,-0.0454651175830672,0.0005999565663505386,0.024494010826129287,0.050320220720907305,0.0454651175830672,-0.04162856827115851
4847,3.90625,-0.04691046489306552,0.002990307059585197,0.05468370012705063,0.03981575342684524,0.04691046489306552,-0.0528644726528316
4848,9.765625,-0.046780490131979074,0.0005253285832256027,0.022920047627036092,0.11064565900270555,0.046780490131979074,-0.04171477518591599
4849,3.90625,-0.045132011363981685,0.002913086507927415,0.05397301647978752,0.028763362938525164,0.045132011363981685,-0.05506725122104942
4850,9.765625,-0.045198558088899624,0.0004649964898834167,0.021563777263814813,0.043008901075183535,0.045198558088899624,-0.04405497091609446
4851,3.90625,-0.04586348292415641,0.0020818696090923504,0.04562750934570449,0.028864636666864847,0.04586348292415641,-0.052770248533927464
4852,9.765625,-0.04590485847916393,0.0003529905119857346,0.01878804172833706,0.08155275401969092,0.04590485847916393,-0.0435709455683427
4853,3.90625,-0.04591827809011874,0.0019757723853952363,0.044449661251749,0.051296148197674266,0.04591827809011874,-0.05039853757805266
4854,9.765625,-0.04583539782056512,0.00041564574060634656,0.0203873917067963,0.032070057906214665,0.04583539782056512,-0.04389224109624081
4855,3.90625,-0.045319988313932275,0.002128705343954123,0.04613789487995874,0.04781629565084911,0.045319988313932275,-0.05243976436781039
4856,9.765625,-0.045614033217703784,0.0003864997614362813,0.019659597183978143,0.08557953868874796,0.045614033217703784,-0.04393947996268012
4857,3.90625,-0.04507193951027413,0.0017412468867358509,0.04172825046339531,0.028425092954203035,0.04507193951027413,-0.053523028864111866
4858,9.765625,-0.045772523412262525,0.0003794292798122116,0.019478944525107404,0.0294813873557942,0.045772523412262525,-0.04531732832183521
4859,3.90625,-0.04809026223682432,0.0017242019062036183,0.04152351028277376,0.07142762226891496,0.04809026223682432,-0.049057838159466925
4860,1.5625,-0.046742592672634156,0.004305053411316102,0.0656129058289305,0.026964586402181637,0.046742592672634156,-0.05396182432476248
4861,3.90625,-0.045361268646398334,0.0007802593242924227,0.027933122351295116,0.06122685050774012,0.045361268646398334,-0.04571041828717195
4862,1.5625,-0.0470830457045948,0.004293568324174634,0.06552532582272777,0.022029875846179305,0.0470830457045948,-0.050340156844378606
4863,3.90625,-0.04616209211492493,0.001015016151711989,0.03185931813005402,0.06039835334279708,0.04616209211492493,-0.04462568608024356
4864,1.5625,-0.04461428803064532,0.005287936822050584,0.07271820144950357,0.021290220227429855,0.04461428803064532,-0.053825577949562324
4865,3.90625,-0.045153507190389415,0.0010061167677631224,0.031719343747359,0.025319447930599485,0.045153507190389415,-0.04560666159556753
4866,9.765625,-0.04507078337835824,0.0004041651552969224,0.020103859214014665,0.07127637411340595,0.04507078337835824,-0.04029242210621144
4867,3.90625,-0.048127826606878144,0.0020181896973832415,0.0449242662420127,0.06541717889014748,0.048127826606878144,-0.0470068605597347
4868,1.5625,-0.04511250306945002,0.008359029749648965,0.09142772965380341,0.0313349225367517,0.04511250306945002,-0.05753308355116428
4869,3.90625,-0.04437601191855482,0.0014342142953143846,0.03787102184143418,0.032576735040592324,0.04437601191855482,-0.04777313163216453
4870,9.765625,-0.04386654441941553,0.0005581471665575476,0.02362513844525673,0.0542113505739717,0.04386654441941553,-0.0419120062130535
4871,3.90625,-0.046281942337463335,0.002310289441569361,0.048065470366671345,0.03948925460292783,0.046281942337463335,-0.0490575280822897
4872,9.765625,-0.04616740993596307,0.00045050222286409044,0.02122503764105238,0.04307734540221647,0.04616740993596307,-0.041431819633868945
4873,3.90625,-0.04382757455283155,0.003650924251691867,0.060422878545232074,0.06026761131256984,0.04382757455283155,-0.05187947331869284
4874,9.765625,-0.0449687276649914,0.0007263547681700824,0.02695096970741651,0.07448307754573064,0.0449687276649914,-0.04308179561130308
4875,3.90625,-0.0470234544949355,0.0030907869850918504,0.055594846749423193,0.0480368766169686,0.0470234544949355,-0.053237931944166025
4876,9.765625,-0.04583071387742578,0.0005790859968604389,0.02406420571846158,0.049583089257140396,0.04583071387742578,-0.043387225266210264
4877,3.90625,-0.04251517311269938,0.0026200965256995053,0.05118687845238763,0.09707757717369583,0.04251517311269938,-0.04883128076627496
4878,1.5625,-0.04841778369030883,0.010051424473180416,0.10025679265356745,0.06819523845948887,0.04841778369030883,-0.06180097735645104
4879,3.90625,-0.04775278175998484,0.0016145971136763732,0.04018204964503893,0.04971789800844928,0.04775278175998484,-0.04651467923448379
4880,9.765625,-0.045733646003915,0.0006516497820635163,0.02552743195199071,0.0916060571498465,0.045733646003915,-0.038923569034741146
4881,3.90625,-0.045033857270121054,0.0036092718752562744,0.06007721594128904,0.04452584102528793,0.045033857270121054,-0.04707053332732309
4882,9.765625,-0.04371292980873606,0.0006759708997450646,0.025999440373690057,0.05687298845465333,0.04371292980873606,-0.038543227520539076
4883,3.90625,-0.041306692756634907,0.005184293106083831,0.07200203543014483,0.049226486727274775,0.041306692756634907,-0.05312615380828667
4884,9.765625,-0.04192760913583064,0.0010055251329609501,0.03171001628761723,0.12681682188654447,0.04192760913583064,-0.03990368612216941
4885,3.90625,-0.04819115272900021,0.0038054530181027705,0.061688353990869055,0.09143009660390426,0.04819115272900021,-0.051154788948350904
4886,1.5625,-0.054990599493782724,0.014458259216339166,0.1202425017052588,0.06962500026453827,0.054990599493782724,-0.07066058808938902
4887,3.90625,-0.049443368702446026,0.003251737394878695,0.057024007180122786,0.082115850052727,0.049443368702446026,-0.045282164669745814
4888,1.5625,-0.04238021929525114,0.008957728181074525,0.09464527553488618,0.08111105155251734,0.04238021929525114,-0.05782086350493649
4889,3.90625,-0.04099588503718335,0.0018329080171114727,0.042812475017352976,0.03352991966336854,0.04099588503718335,-0.04453011173362214
4890,9.765625,-0.04076387383105651,0.000691401607061934,0.02629451667290985,0.09643301014652698,0.04076387383105651,-0.034566374445104395
4891,3.90625,-0.04514388541491677,0.004496677029727079,0.06705726679284713,0.10995264426891092,0.04514388541491677,-0.05245575064297124
4892,1.5625,-0.04991001039111201,0.012828269144324635,0.11326194923417413,0.03584775279544917,0.04991001039111201,-0.06985131615224627
4893,3.90625,-0.048989227706343404,0.0018841299876877573,0.04340656618171676,0.019999709454881182,0.048989227706343404,-0.047779057492254265
4894,9.765625,-0.04627447710921076,0.0006363424917127654,0.025225829851815883,0.07898332973444414,0.04627447710921076,-0.036971370388705266
4895,3.90625,-0.0418538760966817,0.0006626291915381331,0.025741584868421236,0.17441834968069275,0.0418538760966817,-0.02917523233422255
4896,1.5625,-0.04184159565945639,0.019699714344941947,0.14035567086848308,0.12800051564517845,0.04184159565945639,-0.08449236850100778
4897,3.90625,-0.04151972446421911,0.0042685614634288185,0.06533422888064738,0.04843879927636114,0.04151972446421911,-0.05721120302237226
4898,9.765625,-0.04282938146809988,0.0009810150749364837,0.031321160178647334,0.11298236299915312,0.04282938146809988,-0.0403564268830199
4899,3.90625,-0.045919273752009944,0.0037192070391158898,0.06098530182852168,0.05673915855002263,0.045919273752009944,-0.05177159816187929
4900,9.765625,-0.04558498713739422,0.0006796719898421277,0.026070519554510757,0.07189393848207754,0.04558498713739422,-0.038612508097000876
4901,3.90625,-0.04632984472416255,0.0035754796858558455,0.059795314915600584,0.04105377838917475,0.04632984472416255,-0.055707806218247335
4902,9.765625,-0.04568147083714565,0.0007715532966610635,0.027776848213234406,0.04918308798936441,0.04568147083714565,-0.043101376894866206
4903,3.90625,-0.04488070621157906,0.002992344125636548,0.05470232285412154,0.03543336446190326,0.04488070621157906,-0.054435721754127926
4904,9.765625,-0.0453139969697275,0.0005448791644791268,0.023342646903878033,0.04054211797131943,0.0453139969697275,-0.04291505280294669
4905,3.90625,-0.04535525713610415,0.0031588003423906963,0.05620320580172181,0.041959856700055295,0.04535525713610415,-0.05410433405050461
4906,9.765625,-0.04499951650383823,0.0005893093983820104,0.02427569563126895,0.054745116273568484,0.04499951650383823,-0.04312894568270421
4907,3.90625,-0.0472020470639231,0.002178069807546806,0.046669795452163765,0.06293521614824589,0.0472020470639231,-0.05111081150719071
4908,1.5625,-0.04551789352000799,0.00858156309509313,0.09263672649167354,0.0780915067265402,0.04551789352000799,-0.060036648389458304
4909,3.90625,-0.045636655931839014,0.0015845806269626417,0.039806791216608274,0.026896104579950963,0.045636655931839014,-0.04677248867800765
4910,9.765625,-0.04464509144727765,0.0005612947432269317,0.023691659782018898,0.04429792740369189,0.04464509144727765,-0.039343782082643074
4911,3.90625,-0.04418634917816061,0.0022973166748054474,0.04793033146980571,0.15570365989581586,0.04418634917816061,-0.046626871418948765
4912,1.5625,-0.04756502278801375,0.01209127615039246,0.10996033898816637,0.1384604507627391,0.04756502278801375,-0.06576089713217216
4913,0.625,-0.04871683425298464,0.022460362051917076,0.14986781526370857,0.021478875350825762,0.04871683425298464,-0.06848148334324519
4914,1.5625,-0.043934751418540446,0.004735889001833287,0.06881779567694164,0.032957338839700666,0.043934751418540446,-0.05313412726939174
4915,3.90625,-0.042575338726569274,0.0015015704884325195,0.038750103076411545,0.01934496238035261,0.042575338726569274,-0.0450955458813369
4916,9.765625,-0.042491554521547334,0.0006862231458325595,0.02619586123479355,0.0396726084341852,0.042491554521547334,-0.03607414426242629
4917,3.90625,-0.04737196019867253,0.0035363216100314015,0.059466979156767345,0.06723268854856715,0.04737196019867253,-0.05291977854688973
4918,9.765625,-0.04733164311335031,0.000665294374651441,0.025793300964619497,0.08134298142351501,0.04733164311335031,-0.04030868202781182
4919,3.90625,-0.04370623146992972,0.003890997421641379,0.062377860027748464,0.055361774243544395,0.04370623146992972,-0.05517336734133921
4920,9.765625,-0.0442963759160982,0.0005935967137288252,0.024363840291071217,0.09250306703872294,0.0442963759160982,-0.04098081627276651
4921,3.90625,-0.04537834437364815,0.0034179794103283904,0.0584634878392351,0.10570759085982467,0.04537834437364815,-0.05369757475647042
4922,1.5625,-0.0433189389602601,0.010396475450780481,0.1019631082832437,0.06766987537978977,0.0433189389602601,-0.06261307234515694
4923,3.90625,-0.04311400523782165,0.0018712701432627037,0.043258180073400036,0.049024323031587026,0.04311400523782165,-0.04828938044450446
4924,9.765625,-0.043331954144241736,0.000620184466100675,0.024903503088936605,0.12354176785240216,0.043331954144241736,-0.03904524767027322
4925,3.90625,-0.04496747840085163,0.0036826080557041847,0.06068449600766397,0.04397818259575601,0.04496747840085163,-0.05224743096556322
4926,9.765625,-0.04564576222969445,0.000728353710752909,0.02698802902682797,0.04208900019377334,0.04564576222969445,-0.04228768338671101
4927,3.90625,-0.04407975262354998,0.0027316939197093754,0.052265609340266715,0.04771657643489746,0.04407975262354998,-0.05308011565131167
4928,9.765625,-0.04495457127690817,0.0004707872466490581,0.021697632282096084,0.03395257590000765,0.04495457127690817,-0.043035775515298046
4929,3.90625,-0.047684400512057114,0.002568385083094634,0.05067923719921832,0.06116706761509346,0.047684400512057114,-0.054358584923129234
4930,9.765625,-0.04707919826058301,0.0005131100556172316,0.0226519327126237,0.026716672443306486,0.04707919826058301,-0.04335798115595753
4931,24.4140625,-0.04521595091078989,0.0002302557729870766,0.015174181130692905,0.15035657010593617,0.04521595091078989,-0.03535194573128346
4932,9.765625,-0.04314631127922152,0.0020132941465662987,0.04486974645088045,0.060103557530850865,0.04314631127922152,-0.0580531987276622
4933,3.90625,-0.04085318794182136,0.003943544309076254,0.0627976457287712,0.04813566876626421,0.04085318794182136,-0.05954975107663328
4934,9.765625,-0.0422411824201848,0.0007171017291818712,0.02677875518357549,0.05796651603088549,0.0422411824201848,-0.041975657899671136
4935,3.90625,-0.04590376906789426,0.0039126251737163,0.06255098059755979,0.0517041447205351,0.04590376906789426,-0.0609546189482047
4936,9.765625,-0.04624515906412682,0.000571948762278738,0.02391545028383823,0.0579516865099047,0.04624515906412682,-0.04405475544445137
4937,3.90625,-0.04736056044344447,0.0028121853173273675,0.053030041649308246,0.03865203388659742,0.04736056044344447,-0.05257110686081679
4938,9.765625,-0.04621186126424785,0.0004997236157767503,0.022354498781604348,0.11659944493204025,0.04621186126424785,-0.042321871800943246
4939,3.90625,-0.044494578212892696,0.002805908403544999,0.052970825966233516,0.030043007435954894,0.044494578212892696,-0.049762326154041914
4940,9.765625,-0.04491548475053787,0.00047801475130078755,0.021863548460869464,0.09758985833950784,0.04491548475053787,-0.041840884465076764
4941,3.90625,-0.04509720446871431,0.0034832224585351224,0.059018831389100905,0.08763404842236439,0.04509720446871431,-0.055273322654472164
4942,1.5625,-0.0473461008043416,0.008629138591840717,0.09289315686228301,0.03690134677475978,0.0473461008043416,-0.05913341939047285
4943,3.90625,-0.04656749774883543,0.0017053243675038572,0.041295573219218756,0.03135980438202411,0.04656749774883543,-0.04687493298015389
4944,9.765625,-0.044939985062858824,0.0006078054613861389,0.02465371090497613,0.04802055833715133,0.044939985062858824,-0.03893558107531916
4945,3.90625,-0.04331114556714947,0.0038572051692403243,0.0621064019988304,0.06119140535853714,0.04331114556714947,-0.05033893401117946
4946,9.765625,-0.04492926856453871,0.0007566999213338332,0.027508179171545202,0.10358236807534932,0.04492926856453871,-0.0416162873696265
4947,3.90625,-0.046978487113327985,0.0037789098684754196,0.06147283846118885,0.0899934308003633,0.046978487113327985,-0.054686068023793125
4948,1.5625,-0.04624513068433794,0.008051155323921184,0.08972823036213956,0.039577531538510666,0.04624513068433794,-0.06129860587245105
4949,3.90625,-0.04431075786873055,0.001592502027631889,0.039906165283473294,0.07513026972402331,0.04431075786873055,-0.047247605337930904
4950,1.5625,-0.04399123204677045,0.004684930583589148,0.06844655275168464,0.03499386130580928,0.04399123204677045,-0.05179965221161674
4951,3.90625,-0.045437714133022694,0.0010956395142257876,0.0331004458312239,0.032106510950297026,0.045437714133022694,-0.04519048545091814
4952,9.765625,-0.0455576323348708,0.00043966557803313476,0.020968203977287485,0.067827131996357,0.0455576323348708,-0.03953923379390769
4953,3.90625,-0.04498163292872415,0.0035988855158575026,0.05999071191324123,0.08640557926098881,0.04498163292872415,-0.04825236482947004
4954,1.5625,-0.045385861517450256,0.013197678715092403,0.11488115039070772,0.040363957018927386,0.045385861517450256,-0.06951573793116253
4955,3.90625,-0.045190067671160065,0.0016095151914433648,0.04011876358318343,0.022995395653726103,0.045190067671160065,-0.04823018388697081
4956,9.765625,-0.045950490299319996,0.0004903793013086881,0.022144509507069424,0.050453141584869875,0.045950490299319996,-0.04149709114303345
4957,3.90625,-0.045868128312812874,0.0029318984665051904,0.0541470079183069,0.05697302275612,0.045868128312812874,-0.04631831857783745
4958,9.765625,-0.045759519033427884,0.0006748320875918763,0.025977530436742374,0.058909323892732186,0.045759519033427884,-0.04095098372990213
4959,3.90625,-0.04827504226704466,0.00373880309266588,0.06114575285877082,0.08088521004430455,0.04827504226704466,-0.05469786141581637
4960,1.5625,-0.03746797492778032,0.010091010372788412,0.10045402118774745,0.06076846712897868,0.03746797492778032,-0.06160990642709321
4961,3.90625,-0.038750339543251376,0.0016824345401476222,0.041017490661273054,0.036497191854514714,0.038750339543251376,-0.047309860738951576
4962,9.765625,-0.042486830502762724,0.000534735451516089,0.0231243475911449,0.11987114967533902,0.042486830502762724,-0.04022741734347937
4963,3.90625,-0.04790456570694258,0.003152287657176377,0.05614523717267901,0.12371817740414266,0.04790456570694258,-0.049894793480708285
4964,1.5625,-0.056170310598476145,0.0076574581436039055,0.08750690340541085,0.06330903796105078,0.056170310598476145,-0.05864923677417991
4965,3.90625,-0.05334935751239045,0.0013596813497981036,0.03687385726769175,0.04173445263682367,0.05334935751239045,-0.04648941533460053
4966,9.765625,-0.049618830985819894,0.0004859205348149234,0.02204360530437168,0.1261668382371218,0.049618830985819894,-0.04039666340344221
4967,3.90625,-0.04157812836559938,0.002036816188286828,0.04513110001193,0.1249742639800522,0.04157812836559938,-0.04637427935905692
4968,1.5625,-0.03546192576560407,0.009997928646883833,0.09998964269805065,0.04721542636257479,0.03546192576560407,-0.06218691126933261
4969,3.90625,-0.036672564216555195,0.0018833132936975623,0.04339715766841836,0.06258449018477302,0.036672564216555195,-0.0467999709356759
4970,1.5625,-0.04884786475830818,0.00781266369443333,0.08838927363901872,0.06947059663626844,0.04884786475830818,-0.0560756476719429
4971,3.90625,-0.04744373275591395,0.001258685615731358,0.03547795957677609,0.03671131123684379,0.04744373275591395,-0.04578203884620374
4972,9.765625,-0.046219045852344064,0.00047387812713059626,0.021768741974000156,0.07991789490589483,0.046219045852344064,-0.03960082924440443
4973,3.90625,-0.04573373374050408,0.0032597556802628847,0.05709427011761237,0.034866291581958565,0.04573373374050408,-0.049569876277995965
4974,9.765625,-0.043846899616163414,0.0008671961332835388,0.029448194058100386,0.06379787996017254,0.043846899616163414,-0.041881178972902625
4975,3.90625,-0.04369084288560453,0.00354897279647119,0.059573255714885934,0.034523593796939575,0.04369084288560453,-0.05490976168011784
4976,9.765625,-0.04344736092874263,0.0007573186444800328,0.027519423040464217,0.03845729116004033,0.04344736092874263,-0.041176735814551696
4977,3.90625,-0.04746722302440032,0.0036757073449847754,0.06062761206731447,0.07783819401735281,0.04746722302440032,-0.0570242777061411
4978,1.5625,-0.051576823159554586,0.008952932545312162,0.0946199373563107,0.05148774261902655,0.051576823159554586,-0.05991725794759292
4979,3.90625,-0.049043357408278296,0.0015067819773598905,0.03881728967045343,0.03428144978996325,0.049043357408278296,-0.04612019817008445
4980,9.765625,-0.0464741542248477,0.000543205456309839,0.02330676846561614,0.06326842519396733,0.0464741542248477,-0.04132032697837606
4981,3.90625,-0.04284669155856148,0.0026550059680508727,0.05152675002414642,0.04947065415842117,0.04284669155856148,-0.05105869788388552
4982,9.765625,-0.04278120448118009,0.0005364537692818972,0.023161471656220317,0.04472373101233847,0.04278120448118009,-0.041895153872748635
4983,3.90625,-0.04450732245860302,0.0034915779256597308,0.059089575439833134,0.04554739731268051,0.04450732245860302,-0.05367628960815944
4984,9.765625,-0.04504257213677055,0.0006096205813493061,0.02469049576961358,0.03307744151224418,0.04504257213677055,-0.039845239244277325
4985,3.90625,-0.04747499684308999,0.004023553205800622,0.06343148434177323,0.07894037978318436,0.04747499684308999,-0.053716995082886264
4986,9.765625,-0.04515599617076056,0.0007070057434205386,0.02658957960217759,0.06869664758651536,0.04515599617076056,-0.04131918410867528
4987,3.90625,-0.04420948309840606,0.0030361981771501708,0.05510170757018489,0.051535000634031325,0.04420948309840606,-0.05382840214798807
4988,9.765625,-0.044011386040986644,0.0004909283013375224,0.022156901889423132,0.027893078574792174,0.044011386040986644,-0.042330117435742484
4989,3.90625,-0.04443871028331355,0.0037125914617091695,0.060931038574023745,0.04736724594400393,0.04443871028331355,-0.05957639424500445
4990,9.765625,-0.04501877208124114,0.0005085614710423289,0.02255130752400687,0.03905499465121658,0.04501877208124114,-0.04376157224198531
4991,3.90625,-0.050618964313354366,0.0022079225462286107,0.046988536327796065,0.07019492127976577,0.050618964313354366,-0.052684644523528584
4992,1.5625,-0.05147885797197516,0.005954019737280604,0.07716229479014089,0.03148064482695249,0.05147885797197516,-0.05430978855711063
4993,3.90625,-0.04643426478319608,0.0010653611028511223,0.03263986983508241,0.05125416509473132,0.04643426478319608,-0.045844755338790774
4994,1.5625,-0.04263147594370641,0.004918421956590469,0.07013146195959749,0.033022060043642144,0.04263147594370641,-0.05061525895927589
4995,3.90625,-0.044272653471614125,0.0009014412694685016,0.03002401154856728,0.03338872982009777,0.044272653471614125,-0.04458334956097238
4996,9.765625,-0.046246030192729305,0.0003577624537598085,0.018914609532311485,0.06508044974373528,0.046246030192729305,-0.04106312011301812
4997,3.90625,-0.045967749537882185,0.002493203088782306,0.0499319846269133,0.03787800161566431,0.045967749537882185,-0.04659771640063562
4998,9.765625,-0.045935681466270306,0.00040348346870928053,0.02008689793644804,0.04093086666000199,0.045935681466270306,-0.039814270083519676
4999,3.90625,-0.04444533024191464,0.004306975097558433,0.06562754831287264,0.06589828556706213,0.04444533024191464,-0.056012572462715945
5000,9.765625,-0.04294279057469139,0.0007547121772239688,0.02747202535715139,0.08301468840444658,0.04294279057469139,-0.04209553951880203
5001,3.90625,-0.04436482915884628,0.002558091435179272,0.050577578383897266,0.05351816468147509,0.04436482915884628,-0.05081428170441647
5002,9.765625,-0.045559311265169725,0.0005164364248534901,0.022725237619296526,0.04587106566177215,0.045559311265169725,-0.04261023923079423
5003,3.90625,-0.04766379538580372,0.0033691752255196063,0.05804459686757766,0.049156681051773815,0.04766379538580372,-0.056368898888936876
5004,9.765625,-0.04590168005923708,0.00046554855410823606,0.021576574197685695,0.053335177851097,0.04590168005923708,-0.043942342334779644
5005,3.90625,-0.04508423769268496,0.0028218378000146186,0.05312097325929391,0.048287316142184365,0.04508423769268496,-0.051776494031449856
5006,9.765625,-0.04552062026193847,0.00046653702730056914,0.021599468218004098,0.037768838803571146,0.04552062026193847,-0.041277563841972634
5007,3.90625,-0.04496970711084472,0.0025714079479067613,0.05070905193263587,0.059403169075840846,0.04496970711084472,-0.051257895785020165
5008,9.765625,-0.045050514264301185,0.0005274230157218579,0.02296569214549951,0.0459128022428858,0.045050514264301185,-0.04273784605176294
5009,3.90625,-0.04376171976012214,0.001853702409922446,0.04305464446401162,0.04690039428376699,0.04376171976012214,-0.048905656879841435
5010,9.765625,-0.04485637190843351,0.00036207202988506075,0.01902819039964286,0.054006875490197205,0.04485637190843351,-0.041166421989045535
5011,3.90625,-0.04334823359152532,0.0035586513410811055,0.059654432702701196,0.07486014117401966,0.04334823359152532,-0.052651539758013996
5012,1.5625,-0.05868567178179243,0.012370939673878308,0.11122472600046407,0.11195936365800711,0.05868567178179243,-0.06629312340406758
5013,3.90625,-0.05155922232322121,0.0022042804333038605,0.04694976499732305,0.1302010416560957,0.05155922232322121,-0.04821156452645148
5014,1.5625,-0.03954056611321081,0.0060425695726870005,0.07773396665992931,0.062210881066693646,0.03954056611321081,-0.054292832098556204
5015,3.90625,-0.0397193763463323,0.0012760749295681966,0.03572219099618886,0.02504359790800344,0.0397193763463323,-0.044943294383650495
5016,9.765625,-0.04374393641995221,0.00043219672213940994,0.02078934155136737,0.12129927149906679,0.04374393641995221,-0.03976635708131905
5017,3.90625,-0.046955352440436554,0.0038282365607731936,0.061872744894446,0.05609741219914794,0.046955352440436554,-0.05249634014477134
5018,9.765625,-0.046518433013273956,0.0006519437307235365,0.025533188808363447,0.04362664973740997,0.046518433013273956,-0.04208668403074939
5019,3.90625,-0.04715403343704408,0.0023337359514307926,0.04830875646744379,0.04458869992362572,0.04715403343704408,-0.051428981830601746
5020,9.765625,-0.04579754463080489,0.00046468815489858386,0.021556626704996862,0.0498303748318783,0.04579754463080489,-0.04152694442074758
5021,3.90625,-0.04470999308131024,0.0032844834281022628,0.057310412911636424,0.08904617298147113,0.04470999308131024,-0.0516980414787855
5022,1.5625,-0.04645258860391676,0.008949664431801105,0.09460266609245802,0.040545537231253356,0.04645258860391676,-0.061129630065904744
5023,3.90625,-0.04627940639916146,0.0016009329969503274,0.0400116607622119,0.022467104258288594,0.04627940639916146,-0.04592100244004427
5024,9.765625,-0.04455749676412734,0.000542282090365234,0.023286951074909613,0.07430673166339254,0.04455749676412734,-0.038883741846262324
5025,3.90625,-0.044112807478017706,0.00476199722950394,0.0690072259223912,0.04431825906100611,0.044112807478017706,-0.05420225424570095
5026,9.765625,-0.04315337999519991,0.0008805511616707056,0.02967408232230115,0.07817958544943009,0.04315337999519991,-0.04081721856809585
5027,3.90625,-0.04761674353988346,0.0045580395193790075,0.06751325439777739,0.07985049388585232,0.04761674353988346,-0.05163503366726821
5028,9.765625,-0.04577668042279229,0.0008749610862755574,0.029579741146189182,0.08647341892143759,0.04577668042279229,-0.041336301544580706
5029,3.90625,-0.045841152458381745,0.003333344719687867,0.05773512552760119,0.04524510315097384,0.045841152458381745,-0.054762808164705
5030,9.765625,-0.044373274071113473,0.000696865852935963,0.026398216851445912,0.08605074362661047,0.044373274071113473,-0.04350852488217435
5031,3.90625,-0.04389930216603346,0.0030535094580810456,0.05525856909187068,0.1389768741755068,0.04389930216603346,-0.048462210852031076
5032,1.5625,-0.04599145814002641,0.00963630097214931,0.09816466254283825,0.15479856962343852,0.04599145814002641,-0.050838671532539285
5033,0.625,-0.04782539539265628,0.029233048068040165,0.17097674715598074,0.059092228583641854,0.04782539539265628,-0.07650739962323018
5034,1.5625,-0.047170081746229706,0.007168733645663739,0.08466837453065777,0.034892373493127356,0.047170081746229706,-0.055156425593584454
5035,3.90625,-0.042550050756022126,0.0022378578095636472,0.04730600183447812,0.08087522203656032,0.042550050756022126,-0.04431751742945271
5036,1.5625,-0.04262538965517368,0.007182904445570995,0.08475201735398984,0.03692563917968694,0.04262538965517368,-0.053639644425525206
5037,3.90625,-0.043333483514515124,0.001460640596056124,0.03821832801230483,0.06129745652822979,0.043333483514515124,-0.04530230188008321
5038,1.5625,-0.04746847841917879,0.006746200118209325,0.08213525502614163,0.04581075079437202,0.04746847841917879,-0.051113921154272046
5039,3.90625,-0.046891801183121994,0.001721979272688034,0.04149673809696413,0.039363412081649,0.046891801183121994,-0.043599907103576585
5040,9.765625,-0.0466754488630722,0.0006036428376817468,0.024569144016056945,0.04423741280793006,0.0466754488630722,-0.03631918312611211
5041,3.90625,-0.04378755872676015,0.004628120624705967,0.0680302919639918,0.06416042534259025,0.04378755872676015,-0.049786068187896784
5042,9.765625,-0.042185681312145784,0.000991219251074777,0.03148363465476591,0.07148729354703819,0.042185681312145784,-0.036840752145932854
5043,3.90625,-0.044702011964967404,0.004607529863026766,0.06787878801972504,0.0770737090647984,0.044702011964967404,-0.05375743991705116
5044,9.765625,-0.04413761320135688,0.0010083208056608057,0.031754067545132006,0.06977869314012736,0.04413761320135688,-0.036821942209665004
5045,3.90625,-0.046645881213647294,0.006106467230545542,0.07814388799225146,0.07723960631027038,0.046645881213647294,-0.055328370399330244
5046,9.765625,-0.04447950629615197,0.00105763381132401,0.03252128243664462,0.12225888247005826,0.04447950629615197,-0.03793591534629953
5047,3.90625,-0.040991857263629854,0.004711157336274328,0.06863787100627705,0.07943955059227953,0.040991857263629854,-0.05547615285645814
5048,9.765625,-0.04269409231729848,0.0008153587700327552,0.028554487738930903,0.0847290673007133,0.04269409231729848,-0.03882722957671596
5049,3.90625,-0.04377730305814541,0.0042255214921663635,0.06500401135442614,0.09660236645109517,0.04377730305814541,-0.04945502037791536
5050,1.5625,-0.05073591414611231,0.015771350035337545,0.12558403575031957,0.058629865520292625,0.05073591414611231,-0.06766314970569041
5051,3.90625,-0.04746169653737812,0.004519008327410137,0.06722356973123442,0.06544550034969326,0.04746169653737812,-0.045049842522026706
5052,9.765625,-0.04320349876642302,0.0021642250341165573,0.046521232078660144,0.19701979342478176,0.04320349876642302,-0.02890373277521081
5053,3.90625,-0.04313052924200047,0.011656098721333089,0.10796341380918394,0.05441020812344907,0.04313052924200047,-0.06957325798689712
5054,9.765625,-0.04361251196871466,0.0009129056212812368,0.030214328079261284,0.09677240315745633,0.04361251196871466,-0.037619986664603686
5055,3.90625,-0.040774526993736994,0.005294561668218938,0.07276373869049706,0.16227916992962862,0.040774526993736994,-0.0561378690691953
5056,1.5625,-0.03338739007643525,0.014648037607688447,0.12102907752969304,0.04770925843300617,0.03338739007643525,-0.07161972974852684
5057,3.90625,-0.03479027976705505,0.002776690586566244,0.0526943126586375,0.044177293693401745,0.03479027976705505,-0.051694170307425805
5058,9.765625,-0.04085871119364313,0.000872608599043797,0.02953994920516616,0.22561742247136254,0.04085871119364313,-0.03984453636916452
5059,3.90625,-0.05091393656590566,0.003920557522970809,0.0626143555662023,0.17298819830202428,0.05091393656590566,-0.050841692616947966
5060,1.5625,-0.061239517862709245,0.013170031788578673,0.11476075892298147,0.08121026313353712,0.061239517862709245,-0.06426482683884635
5061,3.90625,-0.05728011227698303,0.002933266178352831,0.05415963606185727,0.08253191464985866,0.05728011227698303,-0.041666158688756665
5062,1.5625,-0.041425576877164146,0.010649701984756524,0.10319739330407782,0.11109517680258073,0.041425576877164146,-0.05679874034463456
5063,3.90625,-0.037949160341233266,0.002590208716921904,0.05089409314372252,0.07887432806031144,0.037949160341233266,-0.04570179028463785
5064,1.5625,-0.03917850306867919,0.01014939350764387,0.10074419838206004,0.031068042196782965,0.03917850306867919,-0.05899529504891065
5065,3.90625,-0.042724632158076994,0.0019152849797403405,0.04376396896695203,0.07918281454420582,0.042724632158076994,-0.044940295359992756
5066,1.5625,-0.046600805275971525,0.007078615421911568,0.08413450791388494,0.0505248785930371,0.046600805275971525,-0.053834926344577684
5067,3.90625,-0.04637585336482285,0.0014020774438487076,0.037444324587962693,0.017154926722901087,0.04637585336482285,-0.043706116561061506
5068,9.765625,-0.04727860985799159,0.000500040313430182,0.022361581192531576,0.09163604671267195,0.04727860985799159,-0.037486894653541394
5069,3.90625,-0.047617477165423784,0.0034848343909170344,0.05903248589477691,0.04220650088271856,0.047617477165423784,-0.04850774354736049
5070,9.765625,-0.045856931008986544,0.0006383626911936832,0.02526584040149235,0.08540610621524997,0.045856931008986544,-0.03522372670450238
5071,3.90625,-0.041731407181726056,0.004138228715800114,0.0643290658707253,0.08668417965994467,0.041731407181726056,-0.04761395495119834
5072,1.5625,-0.034131098473535786,0.018743644466995144,0.13690743028409796,0.06584797525532173,0.034131098473535786,-0.0739093007502247
5073,3.90625,-0.03349821051930122,0.004295165574794801,0.06553751272969399,0.040720116146119416,0.03349821051930122,-0.048968704566734356
5074,9.765625,-0.03624580565347438,0.0013240477466626853,0.03638746688988786,0.12499558539279089,0.03624580565347438,-0.03527865990129124
5075,3.90625,-0.052361522351107796,0.006265283962696271,0.07915354674742169,0.33213753050037575,0.052361522351107796,-0.054118650495226475
5076,1.5625,-0.06134555433455323,0.01722964567583934,0.13126174490627246,0.08707109457140255,0.06134555433455323,-0.06959748292302818
5077,3.90625,-0.05618142485495724,0.00415521718543416,0.0644609741272513,0.08270028850848003,0.05618142485495724,-0.03995875360979485
5078,1.5625,-0.03667665472784744,0.014942856533862209,0.12224097731064738,0.08917057177716571,0.03667665472784744,-0.06589971871916561
5079,3.90625,-0.03555240863468319,0.0025140338332041287,0.05014014193442345,0.02753317431032391,0.03555240863468319,-0.04384174246631328
5080,9.765625,-0.040852255782369604,0.0009007436889410421,0.030012392256217133,0.19833898292612695,0.040852255782369604,-0.033771192446561564
5081,3.90625,-0.04757922287870707,0.005092812678547264,0.07136394522829623,0.12053336900155673,0.04757922287870707,-0.055733562956584784
5082,1.5625,-0.049779555327431675,0.013729617913683052,0.11717345225640086,0.047455164610268843,0.049779555327431675,-0.06711570671217974
5083,3.90625,-0.04824738805913295,0.002488875479216287,0.04988863076108911,0.06551175304187648,0.04824738805913295,-0.04684392530119469
5084,1.5625,-0.043383828542812586,0.009954765409838525,0.09977357069804871,0.03489789262971661,0.043383828542812586,-0.06053589693826199
5085,3.90625,-0.04263264141187738,0.001753488965190958,0.04187468167271195,0.024837716424649683,0.04263264141187738,-0.04455027347248688
5086,9.765625,-0.04377415951715364,0.0007052338595159344,0.026556239559017657,0.06789196514533447,0.04377415951715364,-0.03784157341975322
5087,3.90625,-0.04778940242141022,0.0041390861993129986,0.06433573034724172,0.08383359887058695,0.04778940242141022,-0.05328480124795215
5088,1.5625,-0.051215947971451646,0.01074369659356682,0.10365180458422718,0.03692506017478584,0.051215947971451646,-0.06267243156409429
5089,3.90625,-0.047699252105691814,0.0019403978802575385,0.04404994756248341,0.08130656422359174,0.047699252105691814,-0.05018528268342458
5090,1.5625,-0.043656485084617905,0.006626017355946378,0.08140035230849052,0.03681526605416216,0.043656485084617905,-0.05448099751192193
5091,3.90625,-0.04439904716056787,0.0010331122283578549,0.03214206322496822,0.040688351892855835,0.04439904716056787,-0.04564725095713443
5092,1.5625,-0.044617895198632504,0.004501083563792231,0.06709011524652668,0.03790682080020222,0.044617895198632504,-0.050349482554055594
5093,3.90625,-0.04591632899017456,0.0009735039709207347,0.031201025158169637,0.043513230922266076,0.04591632899017456,-0.044443394884693774
5094,1.5625,-0.046299405273798194,0.00540237240801612,0.07350083270287569,0.022039762832145843,0.046299405273798194,-0.05152144810220699
5095,3.90625,-0.0466225839484591,0.001160681298526923,0.0340687730704662,0.06333532281715187,0.0466225839484591,-0.044758639147692354
5096,1.5625,-0.04489382202682004,0.005432034732870404,0.07370233872049382,0.06133832744608837,0.04489382202682004,-0.050998331458552044
5097,3.90625,-0.04572800856312062,0.0010819231509837696,0.03289260024661732,0.03179178816974209,0.04572800856312062,-0.043738481156959344
5098,9.765625,-0.04596531111170416,0.0004808434373175298,0.021928142587039373,0.0324440189717216,0.04596531111170416,-0.03803089697971462
5099,3.90625,-0.04605810165856689,0.003462392676648854,0.058842099526179845,0.028044497244923722,0.04605810165856689,-0.05125418815761766
5100,9.765625,-0.0448133664263746,0.0007122088937351631,0.026687242153043148,0.07913319082278915,0.0448133664263746,-0.03831731782264508
5101,3.90625,-0.04375665446096641,0.0034002526435805785,0.05831168530904057,0.0802211535592809,0.04375665446096641,-0.05012761640103587
5102,1.5625,-0.050477010535938005,0.01337794916165504,0.11566308469712815,0.02794058742027428,0.050477010535938005,-0.06874966204458162
5103,3.90625,-0.046935228022344004,0.002550978095868484,0.05050720835552569,0.04504122279969105,0.046935228022344004,-0.04796635286416205
5104,9.765625,-0.043886953489450285,0.0008310109935054715,0.028827261290408277,0.11097001508392072,0.043886953489450285,-0.03800191300052895
5105,3.90625,-0.043338234064838194,0.004101401178137547,0.06404218280272424,0.046845810317325924,0.043338234064838194,-0.05423358698936523
5106,9.765625,-0.041951277964873246,0.0008959561467560791,0.02993252656820134,0.08380977631925432,0.041951277964873246,-0.03495425232003298
5107,3.90625,-0.045753223978064535,0.0054044172596432755,0.07351474178451065,0.05774384690332169,0.045753223978064535,-0.06010199938412422
5108,9.765625,-0.044674292294730265,0.0008651126633094711,0.029412797611065,0.09366437650626283,0.044674292294730265,-0.040711770792319746
5109,3.90625,-0.046757642187753204,0.004869729138892675,0.06978344459033729,0.060665525761206686,0.046757642187753204,-0.059060165342183134
5110,9.765625,-0.045096219088728066,0.0008633401187873586,0.029382649961964945,0.061244098011332036,0.045096219088728066,-0.0414171624961076
5111,3.90625,-0.0436543196109572,0.004117938476967375,0.06417116546368294,0.033813340626427296,0.0436543196109572,-0.056108091078843625
5112,9.765625,-0.04373899382415375,0.0008106837235464134,0.028472508206099676,0.11892963768968552,0.04373899382415375,-0.03970324483525601
5113,3.90625,-0.044459758731647814,0.0033529955170796587,0.05790505605799599,0.038871048380892975,0.044459758731647814,-0.05176556489626159
5114,9.765625,-0.0447702739049998,0.0007806965290684828,0.02794094717557876,0.02859383583601574,0.0447702739049998,-0.03914699232434301
5115,24.4140625,-0.04286635457879964,0.0003175329290938749,0.017819453669904554,0.13046955229771295,0.04286635457879964,-0.029256979159696293
5116,9.765625,-0.04209051860787629,0.0029127931712296428,0.053970298972950324,0.16792104069951008,0.04209051860787629,-0.05698612961385616
5117,3.90625,-0.0396106711007025,0.008575978157355767,0.09260657728992994,0.06827006057746501,0.0396106711007025,-0.07647049997654516
5118,9.765625,-0.040580078880996025,0.0013263392316882963,0.03641894056240923,0.11852864655370351,0.040580078880996025,-0.04096185463218822
5119,3.90625,-0.04490288521551496,0.0052800753597566,0.07266412704874807,0.15756178709321286,0.04490288521551496,-0.0607822149360805
5120,1.5625,-0.047918060754523574,0.015051374866999546,0.12268404487544232,0.05258902519000991,0.047918060754523574,-0.07005935419367507
5121,3.90625,-0.046711528203938965,0.002700776317213324,0.051968993806050585,0.03311143997776984,0.046711528203938965,-0.04533104133762943
5122,9.765625,-0.04541442542623804,0.0008625670180607051,0.029369491280250414,0.12295952155647132,0.04541442542623804,-0.03621871906233848
5123,3.90625,-0.04145184596322668,0.005183478727937405,0.07199637996411629,0.11833982747098286,0.04145184596322668,-0.05246342424704746
5124,1.5625,-0.03846970830407378,0.014893899395881482,0.12204056455081434,0.07049173426114444,0.03846970830407378,-0.06733834766558938
5125,3.90625,-0.04320015001053016,0.002978733743602178,0.05457777701228017,0.05473742647492886,0.04320015001053016,-0.0460152168317501
5126,9.765625,-0.04291797092176757,0.000784608963909022,0.02801087224470209,0.05344301435386407,0.04291797092176757,-0.038779652402258516
5127,3.90625,-0.04259551558791101,0.003960720406411542,0.06293425463459103,0.027433927790463206,0.04259551558791101,-0.052929728955305795
5128,9.765625,-0.04439828221900108,0.0007890988749239347,0.028090903775491716,0.092213568721827,0.04439828221900108,-0.03954130437247221
5129,3.90625,-0.04598198676021617,0.004733803645230599,0.06880264271981563,0.17285603782465983,0.04598198676021617,-0.05481316643244019
5130,1.5625,-0.05046162126359386,0.011847401354014478,0.10884576865461734,0.04957790291563267,0.05046162126359386,-0.06521113466142833
5131,3.90625,-0.046660240881516574,0.0027885752003527133,0.052806961665605355,0.06555888376522857,0.046660240881516574,-0.046725784417944526
5132,9.765625,-0.045150881976834104,0.0008827343207663291,0.029710845170851822,0.059911448474966156,0.045150881976834104,-0.03676245920303961
5133,3.90625,-0.04201514772006793,0.004333730529980297,0.06583107571641449,0.07039843816471275,0.04201514772006793,-0.050444939966838284
5134,9.765625,-0.0421130099651467,0.0009642718986905369,0.031052727717392828,0.04165366781961295,0.0421130099651467,-0.037707846130973055
5135,3.90625,-0.042364074373576685,0.005723134530277212,0.07565140137682323,0.05775970665147467,0.042364074373576685,-0.05635785886235269
5136,9.765625,-0.043648551159494245,0.0011301449874255745,0.03361762911666399,0.06379006513170603,0.043648551159494245,-0.03998563180123225
5137,3.90625,-0.04753123695332137,0.005132102918891054,0.07163869707700618,0.0854847848823402,0.04753123695332137,-0.05788814778303644
5138,9.765625,-0.04524562372186638,0.0009274318068389076,0.03045376506836072,0.07755033214459167,0.04524562372186638,-0.03886533461874685
5139,3.90625,-0.042189851615824975,0.004066566945104857,0.0637696396814727,0.056045605685410844,0.042189851615824975,-0.05222078527138953
5140,9.765625,-0.04151500223999188,0.0009241875416767852,0.030400452984730097,0.06756699942893517,0.04151500223999188,-0.03746358984173873
5141,3.90625,-0.045500583575837826,0.005152941039087822,0.07178398873765529,0.13334631992967722,0.045500583575837826,-0.05641297972047797
5142,1.5625,-0.04179156345003069,0.016552583951510186,0.12865684572346,0.03881201047700286,0.04179156345003069,-0.07288981042013938
5143,3.90625,-0.043421325086377104,0.002746857381996217,0.05241047015622181,0.029701704639537783,0.043421325086377104,-0.050195159994185355
5144,9.765625,-0.04291782703753305,0.0009701138432144337,0.031146650593834865,0.13469828293326164,0.04291782703753305,-0.03642063741942668
5145,3.90625,-0.04770414474860236,0.004070224596571344,0.06379831186302146,0.06815118533569538,0.04770414474860236,-0.05025304300346828
5146,9.765625,-0.04575604818715078,0.0010552753432357118,0.03248500181985083,0.06705448191372068,0.04575604818715078,-0.03692591423895991
5147,3.90625,-0.04281728058782054,0.0056661393662639625,0.07527376280128398,0.1400808808161204,0.04281728058782054,-0.05799863680395259
5148,1.5625,-0.04503344752994578,0.014975290097547143,0.12237356780590791,0.03227416018549124,0.04503344752994578,-0.07308255122038107
5149,3.90625,-0.042685160463485056,0.002563076114310979,0.05062683196004841,0.037908633858915304,0.042685160463485056,-0.04909709334832451
5150,9.765625,-0.042000529390773984,0.0007417856322851041,0.02723574181631747,0.03557687670394233,0.042000529390773984,-0.037675587387308265
5151,3.90625,-0.04644221029738054,0.004319083656142709,0.06571973566701793,0.0550421209040749,0.04644221029738054,-0.052810431245834705
5152,9.765625,-0.0459542965393676,0.000952632954520516,0.030864752623672786,0.06351765779039532,0.0459542965393676,-0.04052772157961315
5153,3.90625,-0.04497687178170487,0.00496876321934746,0.07048945466768387,0.08839812769075805,0.04497687178170487,-0.05819145098019721
5154,1.5625,-0.04003519244580573,0.00916400116150186,0.09572878961682249,0.0410882173769632,0.04003519244580573,-0.062378456327115625
5155,3.90625,-0.04305136222301214,0.001922980229417799,0.04385179847415382,0.036488014040961504,0.04305136222301214,-0.047998353771310426
5156,9.765625,-0.04467939343215292,0.0006172260187637523,0.024844033866579563,0.04480373258117198,0.04467939343215292,-0.03931867065128372
5157,3.90625,-0.04770936949076199,0.004035771169340837,0.06352771969259433,0.11557797941420721,0.04770936949076199,-0.04968786890012235
5158,1.5625,-0.04706927028858525,0.011161433438798371,0.10564768543985416,0.0401096708735301,0.04706927028858525,-0.06259221784553712
5159,3.90625,-0.0443473822859496,0.0016704649702047733,0.04087132210003456,0.057302103369079115,0.0443473822859496,-0.049275889004878407
5160,1.5625,-0.04809414608937666,0.006255665033613383,0.07909276220750786,0.041737050315843266,0.04809414608937666,-0.05261629401781816
5161,3.90625,-0.04719828485432798,0.0012124965231247189,0.034820920767905016,0.022174258427026115,0.04719828485432798,-0.04555238930971644
5162,9.765625,-0.045993171334638754,0.0005609967234132272,0.023685369395752037,0.04661022430065451,0.045993171334638754,-0.03998854673936187
5163,3.90625,-0.04383270373690045,0.0031010397679087027,0.05568698023693422,0.05172537349513212,0.04383270373690045,-0.04674783677593327
5164,9.765625,-0.044767204685426165,0.0006145064845552624,0.024789241306568104,0.03788726681441656,0.044767204685426165,-0.03650354937995733
5165,3.90625,-0.042548871378567665,0.004636470201605599,0.06809163092190991,0.0578726538651412,0.042548871378567665,-0.05449124599282545
5166,9.765625,-0.04246813122769284,0.0009028579121262142,0.030047594115439828,0.04995010569405167,0.04246813122769284,-0.037120955927815946
5167,3.90625,-0.044195030654552915,0.005749734195758982,0.07582700175899731,0.10932483349779991,0.044195030654552915,-0.05469578347008275
5168,1.5625,-0.04950313557856596,0.016121947941971852,0.12697223295654783,0.059946378728191856,0.04950313557856596,-0.07218453305703063
5169,3.90625,-0.04512301501545273,0.0035892149221010204,0.059910056936219154,0.10864341432883268,0.04512301501545273,-0.04760093297863417
5170,1.5625,-0.03941947005136404,0.010856300450633589,0.10419357202166354,0.0821337034518461,0.03941947005136404,-0.059278680358328485
5171,3.90625,-0.03907292904245865,0.0021870587766022235,0.04676600022026925,0.03064380196086225,0.03907292904245865,-0.0434972986668495
5172,9.765625,-0.039682250525294616,0.0008010074155223193,0.028302074403165563,0.11923924899748829,0.039682250525294616,-0.03320948516820316
5173,3.90625,-0.05406909249200531,0.005375940638253215,0.07332080631207771,0.23760012231639277,0.05406909249200531,-0.05221304003613049
5174,1.5625,-0.05909164238085485,0.015535323221058947,0.12464077671877269,0.06276161331370182,0.05909164238085485,-0.07392209296037276
5175,3.90625,-0.04817708162199268,0.0036742838410136194,0.060615871197349125,0.12160716144335021,0.04817708162199268,-0.045452046862827764
5176,1.5625,-0.03450693233335021,0.012229578633930245,0.11058742529750046,0.05249587169283635,0.03450693233335021,-0.06326019613317405
5177,3.90625,-0.036039296804823505,0.0018758220817184058,0.0433107617309879,0.06475990172770246,0.036039296804823505,-0.04401061673703101
5178,1.5625,-0.05444924418331632,0.009173769979702984,0.09577979943444746,0.0749386687879808,0.05444924418331632,-0.05953907049122269
5179,3.90625,-0.0535100591025528,0.0015220576008565423,0.03901355662915831,0.03158104482413927,0.0535100591025528,-0.043859090564678675
5180,9.765625,-0.04926923025603725,0.0005648853212322942,0.023767316239581917,0.13136270872617653,0.04926923025603725,-0.03641726207415979
5181,3.90625,-0.043814888390454027,0.0031251463070611496,0.05590300803231566,0.10076682151802707,0.043814888390454027,-0.0493403613757574
5182,1.5625,-0.029592639189180363,0.012056739969088046,0.10980318742681401,0.06181968709406478,0.029592639189180363,-0.06760865212373042
5183,3.90625,-0.03404246540741615,0.002291369958072154,0.047868256267302595,0.049853162569420226,0.03404246540741615,-0.04889007342016922
5184,9.765625,-0.040098864508266704,0.000880644312522955,0.029675651846639443,0.18401455831124175,0.040098864508266704,-0.03893582353645371
5185,3.90625,-0.052346022369378076,0.00371148368915816,0.060921947516130504,0.2078467058191287,0.052346022369378076,-0.050554530689851954
5186,1.5625,-0.06242316916152477,0.011721377136438785,0.10826530901650254,0.07860501532238091,0.06242316916152477,-0.0584136986551992
5187,3.90625,-0.0537531073933025,0.0030338808141218395,0.055080675505315285,0.14189027689671163,0.0537531073933025,-0.0407366297137469
5188,1.5625,-0.033073593152377165,0.01180611887999368,0.10865596568984917,0.10559387128938323,0.033073593152377165,-0.05457980534679589
5189,3.90625,-0.033401712833531404,0.0025565678318565854,0.050562514097467356,0.036042385259855377,0.033401712833531404,-0.04298076454882928
5190,9.765625,-0.037095548164150914,0.0009057492758784164,0.030095668722897925,0.18271569824133652,0.037095548164150914,-0.03397429973185685
5191,3.90625,-0.054599405501953,0.004990023434545533,0.07064009792281954,0.1913545176588617,0.054599405501953,-0.0535128354909958
5192,1.5625,-0.05807711753452965,0.016101399597796433,0.12689129047257905,0.03983662580418995,0.05807711753452965,-0.07134261241802696
5193,3.90625,-0.0520393724196438,0.0023216505427775904,0.04818350903346071,0.07949506878784285,0.0520393724196438,-0.04895612868751267
5194,1.5625,-0.04214331879535968,0.007050329898948714,0.08396624261540298,0.05618972880555978,0.04214331879535968,-0.05608633986350437
5195,3.90625,-0.04301140364989932,0.0013980234520611931,0.03739015180580567,0.02318677384004886,0.04301140364989932,-0.04757052752112062
5196,9.765625,-0.045832002315727254,0.0004566220817081406,0.021368717362259735,0.07187095200004673,0.045832002315727254,-0.040319628065459426
5197,3.90625,-0.04807201934713783,0.002586770343972332,0.050860302240277065,0.04453814709915983,0.04807201934713783,-0.04419612726024531
5198,9.765625,-0.04577344160143203,0.000739018025595525,0.027184885977239722,0.06418020565758044,0.04577344160143203,-0.03613968976472307
5199,3.90625,-0.04185047871874036,0.004642756382738545,0.06813777500578182,0.04825380428049246,0.04185047871874036,-0.05719318974978015
5200,9.765625,-0.04103801815557797,0.001136596659660508,0.03371344924003636,0.04201074421545587,0.04103801815557797,-0.04288784240407581
5201,24.4140625,-0.040334737646797764,0.00037673510867087455,0.019409665341547613,0.0947796932951878,0.040334737646797764,-0.026485093658618092
5202,9.765625,-0.04430393881769233,0.002724320048491484,0.05219501938395544,0.12306460192470164,0.04430393881769233,-0.06141948494443315
5203,3.90625,-0.04351083066504606,0.006536538668472585,0.08084886312418119,0.03997781867450134,0.04351083066504606,-0.06722019819673683
5204,9.765625,-0.0431050398147973,0.0011207935876279625,0.03347825544481018,0.04680404551940432,0.0431050398147973,-0.04320611178160799
5205,3.90625,-0.04756383886844171,0.004394391009869098,0.06629020297049254,0.06041337707554636,0.04756383886844171,-0.05938048146532838
5206,9.765625,-0.04591192318432137,0.0008468699603983981,0.029101030229158522,0.04379695579407603,0.04591192318432137,-0.04061405853438667
5207,3.90625,-0.043215399766006926,0.003570096227979729,0.059750282241841576,0.08737247687510705,0.043215399766006926,-0.05276873322415013
5208,1.5625,-0.04340090838458269,0.015705923999081328,0.12532327796176307,0.042400478244479206,0.04340090838458269,-0.07215890214333251
5209,3.90625,-0.04163987185356222,0.0031324903492954297,0.055968655060626836,0.04155809518566392,0.04163987185356222,-0.049313867632092556
5210,9.765625,-0.04018023632853063,0.001116569074142992,0.03341510248589688,0.055500881336115714,0.04018023632853063,-0.037395358167910266
5211,3.90625,-0.04830407623175925,0.004704116610806551,0.06858656290270385,0.15901897683439473,0.04830407623175925,-0.05620569629371486
5212,1.5625,-0.055965126078410116,0.013952307684857088,0.11811988691518921,0.03708404600694863,0.055965126078410116,-0.06797915014603878
5213,3.90625,-0.05011961765110799,0.002113107399966233,0.04596854794276444,0.07787183669891741,0.05011961765110799,-0.04430153364105552
5214,1.5625,-0.04049813971840751,0.010054925343063553,0.1002742506482275,0.08633559541901122,0.04049813971840751,-0.06063148539593509
5215,3.90625,-0.037697631471058854,0.0017519403842906115,0.04185618692965965,0.10345830253669841,0.037697631471058854,-0.04667320437209615
5216,1.5625,-0.048988168370294294,0.006676094346462361,0.0817073702089497,0.038150023062630205,0.048988168370294294,-0.05473749204363412
5217,3.90625,-0.047888431530478344,0.001611473872339497,0.040143167193676894,0.02600388405431971,0.047888431530478344,-0.044307280382428815
5218,9.765625,-0.04643983755597604,0.0006682984756996839,0.025851469507547995,0.08175591051950869,0.04643983755597604,-0.03734755017247111
5219,3.90625,-0.04442682399455145,0.004445841549709123,0.06667714413282202,0.045949198254724384,0.04442682399455145,-0.05217196020697368
5220,9.765625,-0.043414593566641145,0.0008805054728830694,0.02967331246900267,0.07842211860843475,0.043414593566641145,-0.03549752652742759
5221,3.90625,-0.04323794359621977,0.003908743822599708,0.0625199473976083,0.11001928707786596,0.04323794359621977,-0.05394383308188353
5222,1.5625,-0.04344024352642519,0.014859072201609697,0.12189779408016249,0.027359581768174455,0.04344024352642519,-0.06963539473186792
5223,3.90625,-0.0438052105220726,0.003205440103169915,0.05661660624913785,0.03639092470637136,0.0438052105220726,-0.04542888867554023
5224,9.765625,-0.04191944160975545,0.0012328827948851055,0.035112430774372566,0.07892394112669628,0.04191944160975545,-0.037109835393208127
5225,3.90625,-0.04752772640994509,0.0048954840105226325,0.06996773549660323,0.1297931632359504,0.04752772640994509,-0.05262092560565894
5226,1.5625,-0.04915907851116593,0.01540496212219082,0.12411672780971475,0.05024005592726223,0.04915907851116593,-0.06312658837875207
5227,3.90625,-0.0445826818675576,0.0025402440905083843,0.0504008342243299,0.06249995374122432,0.0445826818675576,-0.042578166904548326
5228,9.765625,-0.0414354790960416,0.0008995175480378551,0.029991958056083217,0.13795541518311297,0.0414354790960416,-0.0312104970134129
5229,3.90625,-0.04480939802317685,0.006074218411928298,0.07793727228950406,0.08370478245594884,0.04480939802317685,-0.054540080743886034
5230,9.765625,-0.043802519458021175,0.0010440721231941069,0.03231210490194204,0.06531352106773702,0.043802519458021175,-0.035294098692920196
5231,3.90625,-0.04495810886884855,0.004545327513031898,0.06741904414208123,0.18054564353460625,0.04495810886884855,-0.051545615940272134
5232,1.5625,-0.04048381843220533,0.01913921555669181,0.138344553765921,0.08359454032133905,0.04048381843220533,-0.07788948162439704
5233,3.90625,-0.03784542749130229,0.004924711516475038,0.0701762888479794,0.060061175000359616,0.03784542749130229,-0.047472364559218314
5234,9.765625,-0.037354791368253454,0.0016359324354560541,0.04044666161076899,0.04725593029894556,0.037354791368253454,-0.029992166815909237
5235,24.4140625,-0.03394872782312315,0.0006023098811248078,0.024542002386211435,0.28832328553370834,0.03394872782312315,-0.012928446850795222
5236,9.765625,-0.03558320349159838,0.003894235117236064,0.06240380691300863,0.1307220275833419,0.03558320349159838,-0.05133416344817555
5237,3.90625,-0.04238830879548592,0.013282558435990976,0.11524998236872305,0.12445057015156703,0.04238830879548592,-0.09183227755829981
5238,9.765625,-0.041005031170625136,0.0018172524769870448,0.04262924438677097,0.3038214785834636,0.041005031170625136,-0.04487480504928157
5239,3.90625,-0.03950174310734878,0.005919158770291209,0.07693606937120721,0.04880980560788243,0.03950174310734878,-0.06021557800399906
5240,9.765625,-0.03967058520298665,0.0011373911272577735,0.03372522983254189,0.07803002740174991,0.03967058520298665,-0.03646326717665576
5241,3.90625,-0.04680884300980999,0.007090191506255303,0.08420327491407506,0.1504477842471001,0.04680884300980999,-0.061421105584495116
5242,1.5625,-0.04747962511390616,0.01721418093920657,0.1312028236708592,0.03074393414215492,0.04747962511390616,-0.08158873911723777
5243,3.90625,-0.043643836269025654,0.0030491689358321345,0.05521928047187988,0.049072001058660365,0.043643836269025654,-0.05134483488134042
5244,9.765625,-0.04279830241030558,0.000880631981690577,0.02967544408581912,0.051965787638489115,0.04279830241030558,-0.03683138517462172
5245,3.90625,-0.042938338161631576,0.005841721674693597,0.07643115643959339,0.1055302744461498,0.042938338161631576,-0.05752998838879894
5246,1.5625,-0.04405210886898032,0.013432518987611393,0.11589874454717529,0.03350135306921933,0.04405210886898032,-0.06878931206008387
5247,3.90625,-0.04582535697074047,0.0024427524607852557,0.049424209258067606,0.038230258853566096,0.04582535697074047,-0.048571557819985164
5248,9.765625,-0.04435167569457205,0.0008674950836497263,0.029453269489985764,0.052233326348778426,0.04435167569457205,-0.037171024879596906
5249,3.90625,-0.04356207417312249,0.005029127249005692,0.07091633978855431,0.05296950557992331,0.04356207417312249,-0.0511805764409658
5250,9.765625,-0.04279631193270885,0.0009285291913184598,0.03047177696358484,0.045831082074368035,0.04279631193270885,-0.037597927831199376
5251,3.90625,-0.04621536268631232,0.004986869444380347,0.07061777003262243,0.050147860839650185,0.04621536268631232,-0.05752681280970884
5252,9.765625,-0.043637576244297815,0.0009453244594356874,0.030746129178088215,0.10273598247017723,0.043637576244297815,-0.036936760047019714
5253,3.90625,-0.04287029183243597,0.005410451263625925,0.07355576975075392,0.06934233852796971,0.04287029183243597,-0.05349977758280491
5254,9.765625,-0.0409230042211513,0.0010195114637196593,0.031929789597171784,0.09498798482321508,0.0409230042211513,-0.035538262500372994
5255,3.90625,-0.045568099359147,0.0062749718915802435,0.07921472016980331,0.18944378739802964,0.045568099359147,-0.05330415818484935
5256,1.5625,-0.047237134360131834,0.01738102575584829,0.13183711827800354,0.04518907329888635,0.047237134360131834,-0.07885353515549814
5257,3.90625,-0.04558097332174429,0.003199932988780383,0.05656795019072534,0.031774271959045156,0.04558097332174429,-0.04778254358770721
5258,9.765625,-0.04439816003245969,0.0010430507609998291,0.03229629639757211,0.05338281007385845,0.04439816003245969,-0.03633184639512191
5259,3.90625,-0.045029627684317855,0.00556057129713715,0.07456923827649811,0.06840586718861419,0.045029627684317855,-0.05236207282280047
5260,9.765625,-0.04379132120269045,0.0010399383804319414,0.032248075608196244,0.11525879858752065,0.04379132120269045,-0.03726245770190325
5261,3.90625,-0.04060039581725937,0.005083748713128906,0.07130041173183298,0.05190951975037957,0.04060039581725937,-0.05484077839610804
5262,9.765625,-0.03975861716583242,0.001125115998336539,0.03354274881903001,0.13961450124328123,0.03975861716583242,-0.031823412725585164
5263,3.90625,-0.042801169745755076,0.0074529717940605995,0.08633059593250009,0.058469324297237155,0.042801169745755076,-0.0609772866818727
5264,9.765625,-0.04276098628250449,0.001078408797829924,0.032839135156546434,0.09796669864965486,0.04276098628250449,-0.03667199033450809
5265,3.90625,-0.04615568923890901,0.005607749588201723,0.07488490894834368,0.0522208738352341,0.04615568923890901,-0.0599858308109399
5266,9.765625,-0.046185176879145716,0.0008868895131501476,0.02978069027323154,0.13238164474390937,0.046185176879145716,-0.03928583492427191
5267,3.90625,-0.04305805592055338,0.005754045267701586,0.07585542345608247,0.0675911354971897,0.04305805592055338,-0.05912954168173322
5268,9.765625,-0.04274649793925872,0.000931367114554957,0.03051830785864375,0.09777131233683385,0.04274649793925872,-0.03895551487854288
5269,3.90625,-0.04317494364831082,0.005403186209565405,0.07350636849665072,0.062176729510077,0.04317494364831082,-0.060246631545844614
5270,9.765625,-0.04191301346230388,0.001116370564321592,0.03341213199305893,0.11048442329647015,0.04191301346230388,-0.0399096380747541
5271,3.90625,-0.04602405552367925,0.0054186895688881475,0.07361174885090116,0.05459517311208246,0.04602405552367925,-0.05708247958361956
5272,9.765625,-0.04489179360310304,0.0010148309693680504,0.03185641174658644,0.04229516459463546,0.04489179360310304,-0.04003860030364032
5273,3.90625,-0.04592061757799283,0.004981353036387715,0.07057870101091203,0.04293912437064802,0.04592061757799283,-0.055457579447015605
5274,9.765625,-0.04337591586332954,0.0009491526509437908,0.030808321131535078,0.0893113730498167,0.04337591586332954,-0.03686182099262792
5275,3.90625,-0.042892015893566164,0.005979961714501108,0.07733021217157696,0.054371574287087804,0.042892015893566164,-0.06040153853110447
5276,9.765625,-0.042365893532955605,0.0010262956457273579,0.03203584938357898,0.07266876215796261,0.042365893532955605,-0.04124934792019244
5277,3.90625,-0.04557308046264184,0.0048301789753423105,0.06949948902936129,0.05478590322762176,0.04557308046264184,-0.05492768078653623
5278,9.765625,-0.0450386102222321,0.0010266746795911583,0.03204176461419,0.042793132213239736,0.0450386102222321,-0.03988026176631855
5279,3.90625,-0.04756996193466482,0.0038688549029621314,0.062200119798615595,0.10483773917933939,0.04756996193466482,-0.05215537876189433
5280,1.5625,-0.046046062054349066,0.01347541332442405,0.11608364796311343,0.03013701497455336,0.046046062054349066,-0.0692236206550755
5281,3.90625,-0.042623585048758635,0.0022790908412545813,0.04773982447867379,0.03977940343332863,0.042623585048758635,-0.04833114265769199
5282,9.765625,-0.042672611467335066,0.0008377631142214884,0.028944137821353196,0.04664014251558938,0.042672611467335066,-0.037240908760863486
5283,3.90625,-0.045464373460342725,0.004735014444714563,0.06881144123410411,0.0703684338476666,0.045464373460342725,-0.055551122734837546
5284,9.765625,-0.04566353225480519,0.0007155474959761194,0.02674971954948536,0.04383067455568766,0.04566353225480519,-0.03966638503975243
5285,3.90625,-0.04775247781379648,0.003793495017582229,0.06159135505557764,0.1338681411272095,0.04775247781379648,-0.05247868324007963
5286,1.5625,-0.04301591945319688,0.01366867932248392,0.11691312724619045,0.05624384652356008,0.04301591945319688,-0.06445444031975717
5287,3.90625,-0.04171989365011375,0.0022165598599373317,0.047080355350584725,0.07169866238724355,0.04171989365011375,-0.04660198978883259
5288,1.5625,-0.04394726226131477,0.00979826835694809,0.09898620286155081,0.03609905840631069,0.04394726226131477,-0.05957801122862307
5289,3.90625,-0.04479637844995444,0.0016311665391240463,0.04038770282058694,0.02556102172113967,0.04479637844995444,-0.04529298651903095
5290,9.765625,-0.046368033558905036,0.0005540344064375764,0.023537935475261555,0.0979215732929607,0.046368033558905036,-0.038640411774411375
5291,3.90625,-0.047781281776334,0.002515148882140152,0.050151260025448535,0.03546026079768089,0.047781281776334,-0.04524151394099714
5292,9.765625,-0.04642035213964774,0.0005061127845050154,0.02249695056013182,0.053687483376782225,0.04642035213964774,-0.03769815432186523
5293,3.90625,-0.039522917785912354,0.0038226343433285757,0.06182745622560074,0.07490723339166046,0.039522917785912354,-0.04859574815677684
5294,9.765625,-0.03945754447658817,0.0010024374325070472,0.031661292337917084,0.32061754660820346,0.03945754447658817,-0.03590731074424555
5295,3.90625,-0.042373713644957824,0.006527453002947302,0.08079265438730988,0.060812462769176706,0.042373713644957824,-0.0642120799919648
5296,9.765625,-0.04272040786591504,0.0012349162407603452,0.035141375055059314,0.051334620039218314,0.04272040786591504,-0.038327815303903105
5297,3.90625,-0.05122851728117192,0.006338152852164471,0.07961251693147549,0.11894512830654744,0.05122851728117192,-0.057357020476558496
5298,1.5625,-0.04609920892395033,0.016182695062300682,0.12721122223412792,0.05743605773756179,0.04609920892395033,-0.07124967303768968
5299,3.90625,-0.045292044431001086,0.0037708661716733165,0.06140737880477652,0.051999601688240804,0.045292044431001086,-0.04300044825441506
5300,9.765625,-0.04199454900143113,0.0011072880517200426,0.03327593802915318,0.10774579078574766,0.04199454900143113,-0.03013898604763289
5301,3.90625,-0.04501532765823242,0.005826548615105816,0.07633183225303723,0.0909726378123283,0.04501532765823242,-0.05733758486194356
5302,9.765625,-0.04378864144976105,0.0008972251765763922,0.02995371724137744,0.052691836698559945,0.04378864144976105,-0.03506410745296033
5303,3.90625,-0.0410054473792993,0.004738349340355552,0.0688356690993525,0.0958335164985453,0.0410054473792993,-0.04756101643020959
5304,1.5625,-0.0382742812369789,0.018143916854083175,0.1346993572890501,0.06423321850381229,0.0382742812369789,-0.07865783698395272
5305,3.90625,-0.0350683060912861,0.005190035131703224,0.07204189844599616,0.08668212187021843,0.0350683060912861,-0.04892500966634315
5306,9.765625,-0.035805683950018714,0.0017687071248010436,0.04205599986685662,0.06903044204222114,0.035805683950018714,-0.03260167301775613
5307,3.90625,-0.049866181387428335,0.007265542887321929,0.08523815394130688,0.28851425724069907,0.049866181387428335,-0.06092734133200944
5308,1.5625,-0.05815006730371874,0.016753376558647247,0.12943483518221532,0.056458487463344066,0.05815006730371874,-0.0735053640460335
5309,3.90625,-0.05126173769302207,0.00392591158470357,0.06265709524629728,0.08536586533759408,0.05126173769302207,-0.0447135743176813
5310,1.5625,-0.04246201390072495,0.015559591047890734,0.12473808980375936,0.04876099079293407,0.04246201390072495,-0.06686158137262316
5311,3.90625,-0.03984793525780918,0.0026904037482717823,0.05186910205769695,0.033135596030598076,0.03984793525780918,-0.04586965188707444
5312,9.765625,-0.04031652473985288,0.0008132287877455049,0.028517166544828835,0.042149973780632476,0.04031652473985288,-0.03592764121152423
5313,3.90625,-0.04599103151456813,0.004585493885553186,0.0677162748942467,0.058074502067516284,0.04599103151456813,-0.05737298493033057
5314,9.765625,-0.045824782293873816,0.000858824602733548,0.0293057093879938,0.11806485480184847,0.045824782293873816,-0.03960657434295669
5315,3.90625,-0.04719639084561302,0.004323680540758512,0.06575469976175476,0.025090570298292727,0.04719639084561302,-0.05529097717602952
5316,9.765625,-0.045805190739892684,0.0008365439867613679,0.028923070147571953,0.08725481212035376,0.045805190739892684,-0.037530741827262404
5317,3.90625,-0.04290200916778527,0.0050018469421091675,0.07072373676573634,0.05118534826785408,0.04290200916778527,-0.05411556620535363
5318,9.765625,-0.04162132969135224,0.0010552409045540498,0.03248447174503612,0.05965519077501084,0.04162132969135224,-0.03746736230452101
5319,3.90625,-0.042491658280593696,0.005395109573113849,0.07345140960603717,0.038196200025016586,0.042491658280593696,-0.05549570837494969
5320,9.765625,-0.04047051796080977,0.0011063963122758596,0.033262536167223626,0.17273293505205434,0.04047051796080977,-0.02832653944675176
5321,3.90625,-0.049415379415147724,0.007841404222065364,0.08855170366551603,0.13361874306264518,0.049415379415147724,-0.06773561467049255
5322,1.5625,-0.04594355581581234,0.016509103070317433,0.1284877545539552,0.08378023104496182,0.04594355581581234,-0.0796205481394173
5323,3.90625,-0.04235659114432786,0.0031822860839732137,0.05641175483862573,0.03600235580612617,0.04235659114432786,-0.048336816609917316
5324,9.765625,-0.03968465730600169,0.000986323492676373,0.03140578756656762,0.06492843825956744,0.03968465730600169,-0.0336290718409405
5325,3.90625,-0.04440132243594369,0.005263043803262335,0.07254683868551638,0.11117266358421868,0.04440132243594369,-0.05654178623087991
5326,1.5625,-0.052551602838976676,0.01425019092265788,0.11937416354746902,0.045075958907911454,0.052551602838976676,-0.070973136349998
5327,3.90625,-0.04964846050932006,0.002605366789808686,0.051042793710852914,0.03725067646712185,0.04964846050932006,-0.04753798799725265
5328,9.765625,-0.04543474945579935,0.0009272926580551166,0.03045148039184822,0.0916576042912126,0.04543474945579935,-0.03490239414118567
5329,3.90625,-0.04361979408826799,0.005488639557642547,0.07408535319239928,0.03863796949148231,0.04361979408826799,-0.056512374923867334
5330,9.765625,-0.042566269389547856,0.0009045834331830461,0.030076293541310008,0.0540673087660559,0.042566269389547856,-0.03689903766449365
5331,3.90625,-0.043158655403007826,0.0056292630374044205,0.07502841486666516,0.04998056166713766,0.043158655403007826,-0.05903042149232668
5332,9.765625,-0.043477037910338266,0.0010089046260454877,0.03176325905894242,0.03788929165497189,0.043477037910338266,-0.0389930642501221
5333,24.4140625,-0.04254190488269442,0.0003299462244538367,0.018164421941086834,0.1051402406549437,0.04254190488269442,-0.026930446747822155
5334,9.765625,-0.0402065526521861,0.002570490097278809,0.05070000095935708,0.09872046175060294,0.0402065526521861,-0.05703802845154815
5335,3.90625,-0.03828347949249176,0.008883413588908401,0.09425186252222499,0.15027401401695034,0.03828347949249176,-0.07922147560901092
5336,1.5625,-0.03480598378205751,0.01579440689804955,0.12567580076549958,0.04979989479857149,0.03480598378205751,-0.07703343987750674
5337,3.90625,-0.03516121329878735,0.003845735705367626,0.06201399604418043,0.10617233033562966,0.03516121329878735,-0.050802838498957545
5338,1.5625,-0.035629015500282454,0.012950216898161018,0.11379901975922736,0.030761259366261975,0.035629015500282454,-0.06617459550208118
5339,3.90625,-0.041856872737537444,0.0027175675496011586,0.05213029397194263,0.09053489124829604,0.041856872737537444,-0.04451344669119466
5340,1.5625,-0.053339519463238075,0.010459230669274146,0.10227038021477258,0.07668269286278778,0.053339519463238075,-0.057567669452535455
5341,3.90625,-0.05259415213247783,0.0018978635354146916,0.0435644756127592,0.025963350466943712,0.05259415213247783,-0.042789249468513535
5342,9.765625,-0.049784664363239854,0.0006376332567832604,0.025251401085548904,0.08373839542068134,0.049784664363239854,-0.03609875636209898
5343,3.90625,-0.039556558356916724,0.003566868256986759,0.059723263951217194,0.08810404059790852,0.039556558356916724,-0.05111929096502503
5344,1.5625,-0.03257660256802128,0.014024832620285085,0.11842648614345139,0.05051027545691183,0.03257660256802128,-0.07055173250661863
5345,3.90625,-0.033702334802295036,0.0022508704087272403,0.04744333892895019,0.029015241636077764,0.033702334802295036,-0.04972658057319426
5346,9.765625,-0.03859163043563309,0.0007873198866204406,0.028059221062254038,0.15468068687283099,0.03859163043563309,-0.037422866112448085
5347,3.90625,-0.053547444921504164,0.004541070963804618,0.06738746889299685,0.16323918565079767,0.053547444921504164,-0.05044181030583067
5348,1.5625,-0.06147744012956215,0.014162865074348673,0.11900783618883537,0.04064851936396366,0.06147744012956215,-0.06885729069352106
5349,3.90625,-0.05385807209461282,0.0024229153144031054,0.04922311768268143,0.07799474643302877,0.05385807209461282,-0.045543601469507984
5350,1.5625,-0.04569838893162824,0.008800325764886322,0.09381005151307786,0.05107066976579158,0.04569838893162824,-0.05877365325108903
5351,3.90625,-0.04413941934467696,0.001438224389327275,0.03792392898062218,0.026861983841335858,0.04413941934467696,-0.046450238693197365
5352,9.765625,-0.04486820188107044,0.0004880613410181962,0.02209211037945891,0.03643878396906676,0.04486820188107044,-0.03888125886998424
5353,3.90625,-0.04665113381481575,0.0033317319891320958,0.05772115720541382,0.058524291683981246,0.04665113381481575,-0.047611739766474884
5354,9.765625,-0.0458580743314516,0.0006339799772971846,0.02517895901933169,0.03910421253439189,0.0458580743314516,-0.036052650985378916
5355,3.90625,-0.04128896304699437,0.004850353590243708,0.06964447996965523,0.127806048588434,0.04128896304699437,-0.05457556095067561
5356,1.5625,-0.03502286229523916,0.01669808737050569,0.12922107943561564,0.11253080697011399,0.03502286229523916,-0.0749843280759019
5357,3.90625,-0.034345337918438947,0.0024573550983645383,0.049571716717948536,0.03568266246997485,0.034345337918438947,-0.051550091024983896
5358,9.765625,-0.03977682026460734,0.0007788783620729062,0.027908392323330023,0.12165335761041404,0.03977682026460734,-0.03989866150225097
5359,3.90625,-0.05552871709748659,0.003097994332529724,0.055659629288468356,0.2002220086988877,0.05552871709748659,-0.04949940343767547
5360,1.5625,-0.05945596030647431,0.011511068479268761,0.10728964758665563,0.0419514136255605,0.05945596030647431,-0.058803600323990984
5361,3.90625,-0.05380131500788873,0.002440182533626478,0.04939820374898745,0.07177554900633168,0.05380131500788873,-0.04549209800932409
5362,1.5625,-0.04016575457513287,0.010085102517612743,0.10042461111506852,0.05508515334169926,0.04016575457513287,-0.057298382057397054
5363,3.90625,-0.04226589142639813,0.001860289209420231,0.04313107011679899,0.025537919999502296,0.04226589142639813,-0.046726026502987045
5364,9.765625,-0.045062795758078186,0.0006069434258525255,0.024636221825850763,0.06794595622353511,0.045062795758078186,-0.038734526359873754
5365,3.90625,-0.04871132312660056,0.0027394873546914894,0.05234011229154452,0.09269587188969457,0.04871132312660056,-0.04537952898625441
5366,1.5625,-0.04144086372471111,0.011161061341898607,0.10564592439795586,0.08994839217135171,0.04144086372471111,-0.06056534603910607
5367,3.90625,-0.04076608956458534,0.0024391357082615426,0.04938760682865229,0.05418765936587228,0.04076608956458534,-0.04796650211381144
5368,9.765625,-0.04177752748617263,0.0008710253389266622,0.029513138412013425,0.05369264982970871,0.04177752748617263,-0.040062751954352785
5369,3.90625,-0.04947785398239458,0.003452956464548921,0.058761862330502436,0.08824690046564383,0.04947785398239458,-0.04601683676147886
5370,1.5625,-0.055521996749064724,0.015793402433626154,0.12567180444963044,0.06719097560316793,0.055521996749064724,-0.06709704188664872
5371,3.90625,-0.05057779937936467,0.00343615306924905,0.05861870920831548,0.10640462161937657,0.05057779937936467,-0.04004940782202667
5372,1.5625,-0.043102414595435665,0.01457569966455316,0.12072986235622551,0.04225418593020723,0.043102414595435665,-0.062443257687543455
5373,3.90625,-0.041786000549567215,0.0024787304820507276,0.049786850493385576,0.05309149953659005,0.041786000549567215,-0.0440000366091673
5374,9.765625,-0.04151772147198591,0.00081842744417199,0.028608170933703363,0.05502937352179546,0.04151772147198591,-0.032756546525002594
5375,3.90625,-0.04951355845321208,0.005133750493877268,0.07165019535128477,0.11688128756108206,0.04951355845321208,-0.05146340712295684
5376,1.5625,-0.04750353038659087,0.01451389245430235,0.12047361725416213,0.028470361739729107,0.04750353038659087,-0.06981721099076518
5377,3.90625,-0.04437065359657584,0.002570419903054374,0.050699308703910095,0.06300549865221393,0.04437065359657584,-0.044541515891018346
5378,9.765625,-0.043674048370265284,0.0008209203591470016,0.028651707787617157,0.07412226341520942,0.043674048370265284,-0.03548584041806895
5379,3.90625,-0.04053876593322139,0.004647351175004192,0.06817148359104554,0.08999736380796114,0.04053876593322139,-0.05239220594191829
5380,1.5625,-0.041158419702659856,0.013123227696666025,0.1145566571468722,0.04197676026935097,0.041158419702659856,-0.06652541555318323
5381,3.90625,-0.04026931613900034,0.0026521422644299013,0.051498954012969056,0.035831160301265486,0.04026931613900034,-0.05004266464537204
5382,9.765625,-0.04038517018626553,0.0009070807416727279,0.030117781154539388,0.11603508505286472,0.04038517018626553,-0.03596343542246149
5383,3.90625,-0.04909356269501316,0.0050617572641623795,0.071146027746898,0.0799022646808647,0.04909356269501316,-0.05624022871274722
5384,9.765625,-0.049064901445167494,0.0009807119013977396,0.03131632004878191,0.034928724580391285,0.049064901445167494,-0.041953344546942925
5385,24.4140625,-0.04629298507018453,0.0002979611434502919,0.017261551015198256,0.2338894206962481,0.04629298507018453,-0.0313491778064303
5386,9.765625,-0.0401151354575954,0.0014600311484664276,0.038210353943223654,0.2081851865839314,0.0401151354575954,-0.04110083584700015
5387,3.90625,-0.03098115748774531,0.008468254718256388,0.09202312056356483,0.10043302541773842,0.03098115748774531,-0.07595806356375692
5388,9.765625,-0.031224883725525034,0.0018137887855787728,0.04258859924414952,0.0656348030292529,0.031224883725525034,-0.046148888882930825
5389,3.90625,-0.04547669349410568,0.007546073237925517,0.08686813706950045,0.12291241183300299,0.04547669349410568,-0.06841566848375324
5390,1.5625,-0.05449671608772021,0.014879932351311692,0.1219833281695154,0.058826568302384495,0.05449671608772021,-0.07273677529390332
5391,3.90625,-0.05221039135382002,0.0026197496937036416,0.05118349044080173,0.03477807145600767,0.05221039135382002,-0.046812325812311026
5392,9.765625,-0.04827658696148282,0.0008296804870043097,0.028804174819013817,0.1259142867264412,0.04827658696148282,-0.035843074385303465
5393,3.90625,-0.04182541333069518,0.004899716212888856,0.06999797291985572,0.1069776795879829,0.04182541333069518,-0.05306826583851376
5394,1.5625,-0.03211429185577893,0.015499615147850306,0.12449745036686617,0.03349466887120843,0.03211429185577893,-0.07006333779354765
5395,3.90625,-0.0338971289611055,0.002609789482712054,0.05108609872276463,0.020110319929604232,0.0338971289611055,-0.04845462120611151
5396,9.765625,-0.03912171504032091,0.0008252092995561398,0.02872645643925021,0.15536975768496442,0.03912171504032091,-0.03591627848367826
5397,3.90625,-0.04959276972483509,0.0048333487300371725,0.06952228944760934,0.14750163804626784,0.04959276972483509,-0.05859763663714593
5398,1.5625,-0.05502305622907097,0.009546499999523748,0.09770619222712422,0.048225938073643046,0.05502305622907097,-0.06238520473976221
5399,3.90625,-0.0533440974095613,0.0014471514467408473,0.03804144380463033,0.03412293798092649,0.0533440974095613,-0.04924845808940654
5400,9.765625,-0.05058783643739547,0.0005474097346033343,0.02339678898061301,0.06495811443124364,0.05058783643739547,-0.04196804986548999
5401,3.90625,-0.03825569487202541,0.003085438946509538,0.05554672759496763,0.13243602019024422,0.03825569487202541,-0.051294422778236815
5402,1.5625,-0.02657225135407776,0.008505135541444355,0.09222329175129435,0.04370769338579335,0.02657225135407776,-0.06154492537114005
5403,3.90625,-0.03450992447764715,0.001642616217713529,0.040529202036476475,0.07371169435921389,0.03450992447764715,-0.04765872945258844
5404,1.5625,-0.05724356106425682,0.005181796414407803,0.07198469569573662,0.11875305786089371,0.05724356106425682,-0.05090403995514328
5405,0.625,-0.07127869628022988,0.017674589883696988,0.13294581559303395,0.024613397603807003,0.07127869628022988,-0.05855604019068808
5406,1.5625,-0.06281857577837055,0.004517992033669925,0.06721601024807947,0.03849444977277458,0.06281857577837055,-0.04688252248759355
5407,3.90625,-0.05298002706416691,0.0013431272651616868,0.03664870072951682,0.1170358097626691,0.05298002706416691,-0.0416177800231322
5408,1.5625,-0.038125833198417024,0.0064407153075489556,0.08025406723368576,0.0720042029874239,0.038125833198417024,-0.05247180074222757
5409,3.90625,-0.040511502349094806,0.0012549796197815395,0.035425691521571455,0.03136580921333892,0.040511502349094806,-0.0446090857697089
5410,9.765625,-0.04384079887216274,0.0004201621452381871,0.020497857088929736,0.10587108292905352,0.04384079887216274,-0.03886466547960714
5411,3.90625,-0.04650740838411409,0.0020227295580541515,0.04497476579209892,0.12129443637543476,0.04650740838411409,-0.04413181173363917
5412,1.5625,-0.04396248640807439,0.010567902791554687,0.10280030540594073,0.02034603374230738,0.04396248640807439,-0.07009793282091341
5413,3.90625,-0.04192740887417026,0.00134504012103711,0.03667478862975369,0.02577122367574936,0.04192740887417026,-0.052344443053781796
5414,9.765625,-0.043485932746396075,0.000610212124895575,0.024702472040173933,0.04944619820182281,0.043485932746396075,-0.04175840396637899
5415,3.90625,-0.052964249239946776,0.0024454274258667898,0.04945126313722219,0.15009536439928303,0.052964249239946776,-0.0463962997726921
5416,1.5625,-0.055593576735317764,0.010333405150681499,0.10165335779344183,0.03232751242601361,0.055593576735317764,-0.0614830258942544
5417,3.90625,-0.0490827719651375,0.0018515078212426005,0.043029150831065684,0.1332150480450397,0.0490827719651375,-0.04617767144662057
5418,1.5625,-0.04140474108803461,0.007387450045674704,0.08595027658870391,0.026776484807244844,0.04140474108803461,-0.055558059334637186
5419,3.90625,-0.0399750361106681,0.0013080179422447066,0.03616653069129947,0.035606112471899855,0.0399750361106681,-0.045160609863474616
5420,9.765625,-0.04263445448188777,0.0006187046910973396,0.02487377516778142,0.08897823508016921,0.04263445448188777,-0.03792123082425008
5421,3.90625,-0.047786363477439586,0.0037973801491910167,0.061622886569772245,0.06896215128961689,0.047786363477439586,-0.04581686921800709
5422,9.765625,-0.04807806987659782,0.0008128486142870724,0.02851050007079975,0.04386428010842942,0.04807806987659782,-0.037982552625074884
5423,3.90625,-0.04237656586920791,0.0042703738018887456,0.06534809715583725,0.08220210013283676,0.04237656586920791,-0.049709309870505536
5424,1.5625,-0.039662169876715746,0.015467762038775403,0.12436945782134536,0.033950804121343194,0.039662169876715746,-0.07212299520069658
5425,3.90625,-0.04012058150822004,0.003027666310970294,0.055024233851733856,0.038304841685911556,0.04012058150822004,-0.04649237722807251
5426,9.765625,-0.04406442072532798,0.0011051339603349174,0.03324355516991102,0.11889486013184312,0.04406442072532798,-0.03821316605621945
5427,3.90625,-0.05077843013748138,0.00515988343200737,0.07183232859936653,0.16167148931158157,0.05077843013748138,-0.055075931423050006
5428,1.5625,-0.04510735666807171,0.01170908817744808,0.10820854022418046,0.03162541766567606,0.04510735666807171,-0.06122213721838947
5429,3.90625,-0.04199546416999988,0.0020815444267184035,0.045623945760076515,0.04434328818149089,0.04199546416999988,-0.04193325158797764
5430,9.765625,-0.04231948487423335,0.0009327822931161891,0.030541484788991335,0.0365390725562232,0.04231948487423335,-0.03249224830771905
5431,24.4140625,-0.04155993545668228,0.00042964245052542035,0.020727818277026175,0.11045759765023176,0.04155993545668228,-0.026175643649368426
5432,9.765625,-0.04029064691379471,0.0027219967234296018,0.05217275844183056,0.19273071307993747,0.04029064691379471,-0.049927874568471586
5433,3.90625,-0.036487525730066195,0.009024314190406595,0.09499639040724966,0.06595354072395679,0.036487525730066195,-0.07027702719963466
5434,9.765625,-0.03687798219735822,0.0016867277169520154,0.041069790807259,0.054498089275812504,0.03687798219735822,-0.04000327619356557
5435,3.90625,-0.0468472663827269,0.007413047402231877,0.08609905575691221,0.12405378230325509,0.0468472663827269,-0.06897222072843368
5436,1.5625,-0.047548652021314954,0.01825125250153526,0.13509719649768925,0.028788627016064366,0.047548652021314954,-0.08445157977952986
5437,3.90625,-0.04655117413972324,0.003987571510088012,0.06314722092133598,0.06169715947654239,0.04655117413972324,-0.05044837510521063
5438,9.765625,-0.044020625110482575,0.001036702733358886,0.03219786845986681,0.08606326757827784,0.044020625110482575,-0.03647531993188853
5439,3.90625,-0.04399815322989631,0.005458476771535114,0.07388150493550544,0.052619775509275116,0.04399815322989631,-0.05589716285385342
5440,9.765625,-0.04317132814064351,0.0009194434075083067,0.030322325232546177,0.12628416227870007,0.04317132814064351,-0.036249691660731456
5441,3.90625,-0.042706957410530225,0.005596711139177544,0.07481116988242828,0.020178252164705434,0.042706957410530225,-0.05929899249883237
5442,9.765625,-0.04302013878298986,0.0010598655601625944,0.032555576483339906,0.07966289581557541,0.04302013878298986,-0.03999227080410949
5443,3.90625,-0.04448973978659706,0.00424653056987697,0.06516540930491399,0.048609366438738054,0.04448973978659706,-0.056785792762318835
5444,9.765625,-0.04367330751077633,0.0009671789723343748,0.031099501158931387,0.03341861691770067,0.04367330751077633,-0.03713105882834514
5445,24.4140625,-0.041143883349951345,0.0004663610014708028,0.021595393061271256,0.21925530544125288,0.041143883349951345,-0.0236309393824985
5446,9.765625,-0.03945331780260628,0.0032099025450010327,0.056656001844473926,0.0862497822086221,0.03945331780260628,-0.05751343521676429
5447,3.90625,-0.03463712441870067,0.00947017952549422,0.09731484740518385,0.08908926361736957,0.03463712441870067,-0.07708164796462984
5448,9.765625,-0.035724118841101625,0.0017029240300676382,0.04126650009472136,0.055552786457251355,0.035724118841101625,-0.041670036443884326
5449,3.90625,-0.04779295712962325,0.006827802360992502,0.08263051712891856,0.10860574813273573,0.04779295712962325,-0.0653034860995697
5450,1.5625,-0.04624308124580861,0.015246539270656532,0.12347687747370571,0.03652810513928232,0.04624308124580861,-0.0745303178125224
5451,3.90625,-0.04583815724943403,0.003714289696756939,0.060944972694693525,0.0617609644812851,0.04583815724943403,-0.04651415711361172
5452,9.765625,-0.04242094682422335,0.001160397048156132,0.03406460110079277,0.0680751144619622,0.04242094682422335,-0.03437335210245176
5453,3.90625,-0.0471506932630077,0.007459028230786802,0.08636566580989695,0.048503505869615306,0.0471506932630077,-0.06010415369021495
5454,9.765625,-0.04323775559432044,0.00115893364859459,0.03404311455484926,0.13525210911594476,0.04323775559432044,-0.03169434795291537
5455,3.90625,-0.04539688397416526,0.007758849758764436,0.08808433321973003,0.03961565761426644,0.04539688397416526,-0.06575586811987222
5456,9.765625,-0.04269186936087128,0.0013075833474356108,0.03616052194639357,0.090061914300007,0.04269186936087128,-0.03838467407021961
5457,3.90625,-0.04389627168570087,0.005040633631582163,0.07099741989383955,0.045162335394631346,0.04389627168570087,-0.05540599616471996
5458,9.765625,-0.04477594739383852,0.0011226066822345414,0.033505323192509893,0.06985504853831111,0.04477594739383852,-0.03871324794402303
5459,3.90625,-0.04540573201459598,0.005332566157440289,0.07302442165084423,0.09158118823884773,0.04540573201459598,-0.05206138420514072
5460,1.5625,-0.03894266700909895,0.019236825971577075,0.1386968852266592,0.047289843503515054,0.03894266700909895,-0.0810423130300682
5461,3.90625,-0.03871149033870777,0.004218286010639909,0.06494833339385937,0.03260880997774276,0.03871149033870777,-0.04583651768695926
5462,9.765625,-0.0398775616803823,0.001071230003543794,0.03272965022030932,0.04772422931275025,0.0398775616803823,-0.0334690926245366
5463,3.90625,-0.0477778398669432,0.005429970878994232,0.07368833611226563,0.10663884145007126,0.0477778398669432,-0.05350867238670064
5464,1.5625,-0.051868107820579455,0.01640930504428651,0.12809880969113846,0.11358221720407964,0.051868107820579455,-0.0735860821595937
5465,3.90625,-0.04712746152282898,0.003346893210643501,0.057852339716242256,0.059799563265340694,0.04712746152282898,-0.045900193509169976
5466,9.765625,-0.043053169498973864,0.0010197009918852685,0.03193275734861098,0.16476489055979815,0.043053169498973864,-0.03264636930749416
5467,3.90625,-0.04192178880318145,0.005879197289335312,0.07667592379186124,0.18588444989354544,0.04192178880318145,-0.058141904918850726
5468,1.5625,-0.039701095447897586,0.014517482595297719,0.1204885164457498,0.03159783663124895,0.039701095447897586,-0.07049660154453746
5469,3.90625,-0.04223387038403039,0.0031111353518725074,0.05577755240123492,0.05004645146357653,0.04223387038403039,-0.044889353245170314
5470,9.765625,-0.0441269272159359,0.0009131870821487048,0.030218985458626915,0.13970947728493885,0.0441269272159359,-0.03902001454059586
5471,3.90625,-0.04642971557857837,0.003268598750277482,0.05717166037712637,0.09119214141757427,0.04642971557857837,-0.049748937704596284
5472,1.5625,-0.05099088156590757,0.011576029108588164,0.10759195652365545,0.030905515523364915,0.05099088156590757,-0.06259662297857335
5473,3.90625,-0.045133389072973186,0.002287931745315144,0.04783232949914883,0.06266771807706488,0.045133389072973186,-0.04672231000172119
5474,1.5625,-0.04147249139213211,0.010551458585422991,0.10272029295822219,0.034973131360820114,0.04147249139213211,-0.05954746856826447
5475,3.90625,-0.0409292413301478,0.0020174426606903877,0.04491595107186742,0.034951631652282426,0.0409292413301478,-0.043478058036297826
5476,9.765625,-0.04328517449546494,0.0006786681140901771,0.026051259357086312,0.08082151192399287,0.04328517449546494,-0.035872873701711744
5477,3.90625,-0.04630719612108754,0.0038189042406286187,0.06179728344052527,0.0694630036687182,0.04630719612108754,-0.05112831569311979
5478,9.765625,-0.047005020323195985,0.0006590395068312325,0.025671764778277952,0.04138094806787219,0.047005020323195985,-0.037495867014220356
5479,3.90625,-0.044004435583667796,0.0033959949965218696,0.058275166207586826,0.07834788814609489,0.044004435583667796,-0.05083845032920121
5480,1.5625,-0.0372947910819533,0.013213723719866954,0.11495096223984798,0.05624570182940705,0.0372947910819533,-0.0733996343726962
5481,3.90625,-0.03525005245454116,0.003379629874463272,0.05813458415146076,0.03767621358129469,0.03525005245454116,-0.051039936741481995
5482,9.765625,-0.03919352581641263,0.001035599990990641,0.03218073944132796,0.08456582361905783,0.03919352581641263,-0.03863790352522705
5483,3.90625,-0.053772787007280866,0.004418123562264602,0.06646896691136851,0.13346474108408232,0.053772787007280866,-0.05177281859614875
5484,1.5625,-0.05506197673622128,0.015173113610795716,0.12317919309199796,0.08199289121959653,0.05506197673622128,-0.06352180977192694
5485,3.90625,-0.04976798285880627,0.002592375667654926,0.050915377516570826,0.060958810824764384,0.04976798285880627,-0.04437059484776926
5486,9.765625,-0.04592623534273376,0.0009423136687765172,0.03069712802163286,0.11773634667637964,0.04592623534273376,-0.034693565125311236
5487,3.90625,-0.04272384888282666,0.005179041615587181,0.0719655585373113,0.06754272373847518,0.04272384888282666,-0.055162735175532135
5488,9.765625,-0.04160528762909549,0.0009409630228711883,0.030675120584460435,0.05695514903087613,0.04160528762909549,-0.03836133016336183
5489,3.90625,-0.03982568792428168,0.005323511618231146,0.0729623986600711,0.05792745195580936,0.03982568792428168,-0.05249994296755452
5490,9.765625,-0.04182633502287169,0.0009382196639548429,0.03063037159348288,0.07932365973515103,0.04182633502287169,-0.03549031561699266
5491,3.90625,-0.04478870650951002,0.006112896215819092,0.07818501273146339,0.06944439267497188,0.04478870650951002,-0.05076726069676013
5492,9.765625,-0.042056825587653855,0.0010752067877488327,0.03279034595347894,0.10511993781322854,0.042056825587653855,-0.034320525337531875
5493,3.90625,-0.042714361998306076,0.006514721587798796,0.08071382525812289,0.12462266532523336,0.042714361998306076,-0.05440070438387909
5494,1.5625,-0.04327896003865372,0.019035957592596367,0.13797085776567589,0.06403443314205019,0.04327896003865372,-0.07689940217278891
5495,3.90625,-0.04131782428888556,0.0036876426991176146,0.06072596396202875,0.04758739627193394,0.04131782428888556,-0.04822753065772427
5496,9.765625,-0.0402705605857039,0.0011378365366084605,0.033731832689737756,0.11222425285511681,0.0402705605857039,-0.03341307122473562
5497,3.90625,-0.04544794482735152,0.005379941521853822,0.07334808465020626,0.07996269944938543,0.04544794482735152,-0.053014915479965646
5498,9.765625,-0.045288285266224186,0.0011120957301877909,0.03334809934895527,0.04370919368398995,0.045288285266224186,-0.03542567439306676
5499,3.90625,-0.04170124014338183,0.007206726389950647,0.08489244012249057,0.1347430420366939,0.04170124014338183,-0.053348138698165355
5500,1.5625,-0.04235943660457241,0.022104767328265808,0.14867672086868813,0.025877122228071352,0.04235943660457241,-0.0802341546328655
5501,3.90625,-0.041959175733206365,0.004571395973618795,0.06761209931379734,0.0409654482718833,0.041959175733206365,-0.04776411987865685
5502,9.765625,-0.04081316857470905,0.0012574043235501352,0.03545989739903565,0.06511623271293747,0.04081316857470905,-0.035725576979218215
5503,3.90625,-0.04712897681161208,0.00687429751085189,0.08291138348171431,0.2289363281461271,0.04712897681161208,-0.05092623347923719
5504,1.5625,-0.053103760852822916,0.017478109129058318,0.13220479994712112,0.051641492404880654,0.053103760852822916,-0.07367496409397907
5505,3.90625,-0.04754409648640824,0.0046202377699332145,0.06797233091437438,0.12828148807782433,0.04754409648640824,-0.043610328177334096
5506,1.5625,-0.030581974896347734,0.01601713534941139,0.12655882169730956,0.10172989763976217,0.030581974896347734,-0.06629684547626494
5507,3.90625,-0.035837505339113486,0.003658423656600599,0.06048490436960779,0.21864139253859055,0.035837505339113486,-0.03911863588293044
5508,1.5625,-0.04643057779954079,0.013961270582657961,0.11815782065804177,0.06092576693602627,0.04643057779954079,-0.06338893719212602
5509,3.90625,-0.04569684835391725,0.0019370259629615254,0.0440116571258289,0.048001921026389276,0.04569684835391725,-0.043734573531230475
5510,9.765625,-0.04551784872712376,0.000853527571398839,0.029215194187251933,0.044734791166326456,0.04551784872712376,-0.036434820461403415
5511,3.90625,-0.049021246003670825,0.004823665033217475,0.0694526099813209,0.08990442030213244,0.049021246003670825,-0.055163557227056216
5512,1.5625,-0.04401325625427221,0.011686977706965206,0.10810632593407847,0.06710990162694842,0.04401325625427221,-0.06725855681487884
5513,3.90625,-0.04270887001241233,0.0024929922132273332,0.049929872954247875,0.027967885287301365,0.04270887001241233,-0.046096039454332986
5514,9.765625,-0.041863631002307,0.0008159632843487703,0.02856507105450239,0.050277209364207466,0.041863631002307,-0.03268708744622814
5515,3.90625,-0.04252153895974571,0.004525240323080503,0.06726990651904091,0.08736275444608027,0.04252153895974571,-0.04721009954566538
5516,1.5625,-0.04777398093325637,0.018200568771497377,0.13490948362327007,0.08106200033672971,0.04777398093325637,-0.06916146741936603
5517,3.90625,-0.046221190773925794,0.004647827391199016,0.06817497628308364,0.18342823296721653,0.046221190773925794,-0.040651929438022046
5518,1.5625,-0.04142979882232474,0.015852601076248047,0.12590711288981274,0.11189232160698898,0.04142979882232474,-0.06515460010604303
5519,3.90625,-0.04125667263282424,0.004027139355914164,0.06345974594902003,0.028043393251595397,0.04125667263282424,-0.04328771655247869
5520,9.765625,-0.040268422926615456,0.0010012564553742193,0.03164263666912445,0.09690621822982914,0.040268422926615456,-0.033683253713986006
5521,3.90625,-0.052889646025700024,0.00520034975588017,0.07211345058919431,0.11430460186759184,0.052889646025700024,-0.05745615379978943
5522,1.5625,-0.049485293719362826,0.014882994355201015,0.12199587843530213,0.02847224590558956,0.049485293719362826,-0.07148920069277671
5523,3.90625,-0.04553018575381807,0.002541351631485242,0.05041182035480609,0.03761345797642591,0.04553018575381807,-0.050574495310453646
5524,9.765625,-0.043014876385437516,0.0009726807565529205,0.031187830263628803,0.0662134942047958,0.043014876385437516,-0.03859738501936914
5525,3.90625,-0.0424800635191086,0.004740438245621599,0.0688508405585698,0.03753742377745818,0.0424800635191086,-0.055446663872989514
5526,9.765625,-0.04590527543548386,0.0009083900873575049,0.03013951040341407,0.09595229443717572,0.04590527543548386,-0.041200023891997326
5527,3.90625,-0.047097578212136636,0.003987585136004341,0.06314732881131506,0.054552052450803565,0.047097578212136636,-0.04999028268233491
5528,9.765625,-0.045364752918614686,0.0008517154776499539,0.029184164844140287,0.04603042362769634,0.045364752918614686,-0.036580879050069105
5529,3.90625,-0.042449222694283396,0.004999384286673188,0.07070632423392682,0.10257992113528638,0.042449222694283396,-0.05621831194053163
5530,1.5625,-0.04203723091936114,0.014212736063946442,0.1192171802381957,0.04356463574877633,0.04203723091936114,-0.07304692489254272
5531,3.90625,-0.03903132562102286,0.0028278889356759054,0.0531778989400287,0.03665496479607954,0.03903132562102286,-0.04793795938533284
5532,9.765625,-0.040050432828325835,0.0010833623621543226,0.03291447040671204,0.05392660589922793,0.040050432828325835,-0.03631563721942377
5533,3.90625,-0.05177075178048777,0.004936888882789543,0.07026299796329177,0.10236157613249862,0.05177075178048777,-0.05418383493131736
5534,1.5625,-0.05382337922431282,0.01374981376237338,0.11725959987298856,0.03868867243544522,0.05382337922431282,-0.06968017225981413
5535,3.90625,-0.047936059299548694,0.0033523689003314015,0.05789964507949424,0.0654160100066808,0.047936059299548694,-0.0411973798260379
5536,9.765625,-0.039001541312112545,0.0015883196239539412,0.03985372785516985,0.2193781850238916,0.039001541312112545,-0.028935851218310573
5537,3.90625,-0.04931589359345167,0.00712612299520252,0.08441636686805776,0.15457589498366558,0.04931589359345167,-0.05780943087848831
5538,1.5625,-0.049889452142856054,0.020651827902710536,0.14370743857821186,0.0515620790081974,0.049889452142856054,-0.08109038499079196
5539,3.90625,-0.04806237443003979,0.004877872470085589,0.06984176737515732,0.03937500197125531,0.04806237443003979,-0.0453123122886285
5540,9.765625,-0.04396406695472359,0.0023342654665630493,0.04831423668612647,0.12014837388289312,0.04396406695472359,-0.025937375361778762
5541,3.90625,-0.042502952717297655,0.011347268546009506,0.10652355864319173,0.13788827797908382,0.042502952717297655,-0.07066349827622363
5542,1.5625,-0.04565988143249738,0.01862211453530529,0.13646286870539284,0.03429403828438454,0.04565988143249738,-0.08220131850430865
5543,3.90625,-0.04169517531829726,0.0027795432606633527,0.05272137385030243,0.07158400718135968,0.04169517531829726,-0.051039607638155154
5544,1.5625,-0.03961672797625972,0.011680004822999713,0.10807407100225157,0.020229742567528224,0.03961672797625972,-0.06379601356169623
5545,3.90625,-0.04101455279358298,0.002399734814222323,0.04898708823988544,0.03332112295452694,0.04101455279358298,-0.042505654149224456
5546,9.765625,-0.04238822474301747,0.0009277390180315568,0.030458808545830496,0.05371965271900099,0.04238822474301747,-0.031985586710402095
5547,3.90625,-0.04505810796765809,0.0053552065979729,0.07317927710747694,0.05648384635401354,0.04505810796765809,-0.05678711064266083
5548,9.765625,-0.04306436027353306,0.001150539299443365,0.0339196005201029,0.08061253926296129,0.04306436027353306,-0.03647586912486039
5549,3.90625,-0.04775293214977786,0.007028939753763275,0.08383877237748222,0.053367394366562515,0.04775293214977786,-0.06448032649944938
5550,9.765625,-0.045716685818022636,0.000998091249828651,0.0315925821962791,0.09967971168339582,0.045716685818022636,-0.03646000952467014
5551,3.90625,-0.04077704101853372,0.005102629203441955,0.07143269001963985,0.05142093857180465,0.04077704101853372,-0.059204663627247446
5552,9.765625,-0.03955492824347081,0.001063121773211613,0.032605548196765734,0.11028430119992916,0.03955492824347081,-0.03641660280967758
5553,3.90625,-0.04856863736912276,0.006740690788066146,0.08210171001913508,0.10495242257695836,0.04856863736912276,-0.0615683626887954
5554,1.5625,-0.055734975550243114,0.015864203397289618,0.1259531793853955,0.034937824545497945,0.055734975550243114,-0.07141509851646066
5555,3.90625,-0.04992774843066323,0.0025586803040484754,0.0505833994908258,0.07189744243172506,0.04992774843066323,-0.048171798054777476
5556,1.5625,-0.03776880640121015,0.009911213497927566,0.099555077710419,0.04502240530935061,0.03776880640121015,-0.058224056145044216
5557,3.90625,-0.04012032214940822,0.0017959125339209875,0.04237820824340014,0.08014632827094882,0.04012032214940822,-0.04151911601306229
5558,1.5625,-0.04668264145860708,0.009584496313199492,0.09790044082229402,0.03297661375276835,0.04668264145860708,-0.05854798994458464
5559,3.90625,-0.04691151085458525,0.0018419212035093284,0.04291760948036748,0.010774204253123549,0.04691151085458525,-0.04513190830387166
5560,9.765625,-0.044737985039685894,0.0007181565700037059,0.026798443425014556,0.05625991088394674,0.044737985039685894,-0.036313185285622496
5561,3.90625,-0.042024358759244346,0.0007117342857967969,0.026678348633241842,0.1442574519137575,0.042024358759244346,-0.026825039995202596
5562,1.5625,-0.055693847763569025,0.023679524631470314,0.1538815279085515,0.04912803166894586,0.055693847763569025,-0.09455261404407656
5563,3.90625,-0.04890919340928339,0.0039201818639049025,0.06261135571048516,0.0629866909249378,0.04890919340928339,-0.0543507405988684
5564,9.765625,-0.04574179984696913,0.001066787090789246,0.03266170679540869,0.08067359819476208,0.04574179984696913,-0.03879130798825419
5565,3.90625,-0.041566019845996297,0.004529953420576485,0.06730492864996207,0.07251425888093639,0.041566019845996297,-0.05557040072787694
5566,9.765625,-0.04218694054274523,0.0008829514187299809,0.029714498460010744,0.03641077121465642,0.04218694054274523,-0.03834315215976729
5567,24.4140625,-0.0413019319958814,0.0003139433171670804,0.01771844567582271,0.1298566797481635,0.0413019319958814,-0.02936168939426331
5568,9.765625,-0.040593787295992154,0.001832842846501363,0.04281171389352875,0.06617087013283662,0.040593787295992154,-0.04641887041608901
5569,3.90625,-0.0356243704941423,0.008417657223362858,0.09174779138138889,0.09643712712772849,0.0356243704941423,-0.0674573236269434
5570,9.765625,-0.039290177272301614,0.0015106213465900296,0.03886671257760334,0.0902296512066021,0.039290177272301614,-0.04355812077761146
5571,3.90625,-0.045276092826517886,0.006635133515944394,0.08145632888821097,0.10033295107426143,0.045276092826517886,-0.06634263375025094
5572,9.765625,-0.0460432213694443,0.0010006489745900855,0.031633036126652234,0.041584241742753304,0.0460432213694443,-0.03952360347214247
5573,3.90625,-0.04441444894042295,0.00498108226582747,0.0705767827676175,0.041933669164321646,0.04441444894042295,-0.05370126789913919
5574,9.765625,-0.04372703215214548,0.001003079180361445,0.03167142529728406,0.06560756399713837,0.04372703215214548,-0.03446667916992416
5575,3.90625,-0.03873678562882244,0.005285766380115109,0.07270327626809613,0.05957580205061832,0.03873678562882244,-0.0515170956008352
5576,9.765625,-0.03898967285801641,0.0011160644677851782,0.033407551059381445,0.17896927667046567,0.03898967285801641,-0.03495609348624601
5577,3.90625,-0.04214429584396848,0.005414990527512676,0.07358661921513092,0.06534506236531645,0.04214429584396848,-0.05712694509422635
5578,9.765625,-0.04240088354222978,0.001247620981381553,0.03532167863198963,0.051367169219996865,0.04240088354222978,-0.03532156941172916
5579,3.90625,-0.04561690141317538,0.005471627664131036,0.07397045129057303,0.08543122726963946,0.04561690141317538,-0.05788953789675646
5580,9.765625,-0.043892162442158884,0.0012943989284657413,0.03597775602321164,0.06002422231930546,0.043892162442158884,-0.03913413982307555
5581,3.90625,-0.04566806568572355,0.0062206667166407265,0.07887120334216238,0.04557946441136085,0.04566806568572355,-0.05661880906717361
5582,9.765625,-0.039087451175496966,0.0014732387972072121,0.03838279298340875,0.20867677644177687,0.039087451175496966,-0.0272575319330278
