iter,zeta,f,pen,residual,grad_norm,z,alm
1,10.0,-0.2828001621394112,0.046871141167776305,0.21649743917140524,0.3889067839846248,0.2828001621394112,0.1859112495383518
2,4.0,-0.0007708253022366614,0.008509971884109336,0.09224950885565374,0.05131479026112294,0.0007708253022366614,-0.21033946465291475
3,10.0,-0.0,0.0035535769731721276,0.059611886173582256,0.001483849066679966,0.0,-0.15561020184294577
4,25.0,-0.0054658672976353835,0.0016164084079255962,0.040204581927009216,0.006959879662804157,0.0054658672976353835,-0.0782780299365591
5,62.5,-0.013405057868065907,5.564951619583516e-5,0.0074598603335340775,0.05226838184724641,0.013405057868065907,-0.016326731777948834
6,25.0,-0.03263690399626178,4.0986015085902556e-5,0.00640203210597249,0.08053180833294062,0.03263690399626178,-0.032441527108417544
7,10.0,-0.05993820205361122,0.0006207311057062691,0.02491447582644012,0.06408870584781928,0.05993820205361122,-0.0575562814149884
8,4.0,-0.08171874362507779,0.002357090628374668,0.048549877737999174,0.020294593741398234,0.08171874362507779,-0.05824713953049
9,10.0,-0.06431916534295481,0.0006357168310601343,0.025213425611370903,0.03950613890638643,0.06431916534295481,-0.03992751595212633
10,4.0,-0.03231288029610298,0.0004763384901661446,0.021825180186338545,0.019830499968194828,0.03231288029610298,-0.04661684789157625
11,10.0,-0.032045349159382994,0.00014206150137919727,0.011918955549006686,0.0014211150748409348,0.032045349159382994,-0.043512199919662854
12,25.0,-0.0374811970127193,3.6791719376442964e-5,0.0060656178066576995,0.023420413446906308,0.0374811970127193,-0.04117634048570758
13,10.0,-0.04612758742102476,0.000121321260480299,0.011014593069210456,0.017399017110202013,0.04612758742102476,-0.04408332494151593
14,4.0,-0.05383695119478669,0.00022160391004619607,0.014886366583091929,0.00736440785879838,0.05383695119478669,-0.04376327008797682
15,10.0,-0.048834405303184295,6.188415833717253e-5,0.007866648481861417,0.009955296828758429,0.048834405303184295,-0.04209824467869404
16,4.0,-0.040054598939056905,0.00019043030790644,0.013799648832721794,0.0058962335341152475,0.040054598939056905,-0.04318468083436718
17,10.0,-0.0397376203321007,1.784492914906073e-5,0.004224325881020631,0.0013913799001640705,0.0397376203321007,-0.04236895937659717
18,25.0,-0.04097488824116007,7.188269021449715e-6,0.0026810947430946403,0.006754243679830534,0.04097488824116007,-0.042033557965973245
19,10.0,-0.04330539407687427,5.433455594440301e-5,0.007371197727941031,0.004256988710537431,0.04330539407687427,-0.04286338084570796
20,25.0,-0.043146767637541175,4.203416885986759e-6,0.0020502236185320757,0.0015424425217876795,0.043146767637541175,-0.042250553586125915
21,62.5,-0.04267082243868514,1.6070474774632285e-6,0.0012676937632816643,0.005544220240063176,0.04267082243868514,-0.04214808113349588
22,25.0,-0.04194369840968877,1.3384878221903902e-5,0.0036585349830094427,0.003039169530528531,0.04194369840968877,-0.04263706069026331
23,62.5,-0.04201100334518152,1.6001117620454243e-6,0.0012649552411233467,0.002636104738056998,0.04201100334518152,-0.04220561148159756
24,25.0,-0.04230330794611781,1.8226869697841174e-6,0.0013500692462922476,0.0026133875140214864,0.04230330794611781,-0.042082797109815065
25,10.0,-0.042346686074474435,0.00012036358843035678,0.010971034063859103,0.000574315933441017,0.042346686074474435,-0.04353466054016676
26,25.0,-0.0417452157949056,2.9654012497736804e-5,0.005445549788381041,0.011493574205838334,0.0417452157949056,-0.04146725295882705
27,10.0,-0.04256849939426301,0.0001574587030805607,0.012548254981492873,0.002061197335602234,0.04256849939426301,-0.043853098744542296
28,25.0,-0.04253415403552065,8.23914445916389e-6,0.0028703909941267393,0.000755051988557708,0.04253415403552065,-0.04217964345312051
29,62.5,-0.04238656362776825,3.091363909835808e-6,0.0017582274909225507,0.004020248765840242,0.04238656362776825,-0.042072983873275925
30,25.0,-0.04213979570527708,2.2541532538268643e-5,0.004747792385758737,0.0017329189121872964,0.04213979570527708,-0.04278689003869455
31,62.5,-0.04211179616972523,2.8729966494089774e-6,0.0016949916369731674,0.005348463461437749,0.04211179616972523,-0.04205521324602484
32,25.0,-0.04224672980550773,1.508454519310376e-5,0.0038838827470849013,0.005180825450427567,0.04224672980550773,-0.04242120948435479
33,10.0,-0.042557065796970356,4.803245125237611e-5,0.006930544801988955,0.00342030953667956,0.042557065796970356,-0.042620122311619456
34,25.0,-0.042460781380580265,4.003740508272406e-6,0.0020009349085546003,0.0011533168330962436,0.042460781380580265,-0.04227834279232895
35,62.5,-0.04233598944158429,1.2970930343159371e-6,0.0011388999228711613,0.004331879157575514,0.04233598944158429,-0.04213405802186147
36,25.0,-0.04214342951791606,2.246058539502302e-5,0.004739260005003209,0.0021714830013682845,0.04214342951791606,-0.04281973744361991
37,62.5,-0.04216555369964946,2.614193587108588e-6,0.0016168468038464832,0.0013597453307026993,0.04216555369964946,-0.04210708427177917
38,156.25,-0.04222907257458168,8.071976363258811e-7,0.0008984417823798496,0.0052130441212897925,0.04222907257458168,-0.042271234909701735
39,62.5,-0.042353228671974046,2.136007574633053e-6,0.0014615086638925727,0.0017920025699838383,0.042353228671974046,-0.042405861590278204
40,156.25,-0.0423360707147768,3.702005420440456e-7,0.0006084410752439759,0.005270187543845521,0.0423360707147768,-0.04221681438012668
41,62.5,-0.0423254751112499,2.554172754879172e-6,0.0015981779484397763,0.0033123545506272664,0.0423254751112499,-0.04241300640353768
42,25.0,-0.04217458239575251,3.874842414095811e-6,0.001968461941236307,0.0025311408015172734,0.04217458239575251,-0.042368818770317646
43,10.0,-0.042133386447339265,3.828628165184499e-5,0.006187590940894929,0.0024572761094000446,0.042133386447339265,-0.04266112815255074
44,25.0,-0.04223391773386854,4.8028166033300135e-6,0.002191532934575708,0.0033263871870758354,0.04223391773386854,-0.042223944898797605
45,10.0,-0.042255250177753785,1.7496971787062716e-5,0.004182938176337622,0.0038214005955356464,0.042255250177753785,-0.04233801401755025
46,25.0,-0.042238966683391735,3.2329078534331544e-6,0.0017980288800331196,0.003988620355754156,0.042238966683391735,-0.04221563829919836
47,10.0,-0.042396566908065356,3.9560990864796064e-5,0.006289752846081956,0.001311642744478072,0.042396566908065356,-0.04270037813939937
48,25.0,-0.04237367811423621,4.690372686658263e-6,0.0021657268264160794,0.0030892643141289494,0.04237367811423621,-0.04219342631754984
49,10.0,-0.0422707857421913,3.1295480762089045e-5,0.00559423638775562,0.0011330309127841143,0.0422707857421913,-0.04260410811147203
50,25.0,-0.04224013919786565,4.555713323801261e-6,0.002134411704381622,0.004420149356865571,0.04224013919786565,-0.04217654607957026
51,10.0,-0.04213724163309374,2.518856755891898e-5,0.00501882133163943,0.002084344466414939,0.04213724163309374,-0.042509121422743525
52,25.0,-0.042200842163152896,3.257492967859648e-6,0.00180485261665867,0.0021031155422582873,0.042200842163152896,-0.04222639150224229
53,62.5,-0.04230094876878723,9.067379691368541e-7,0.0009522278976888117,0.002296326674590805,0.04230094876878723,-0.042291903280498505
54,25.0,-0.042390767786837306,4.1957609300921784e-6,0.002048355664940095,0.0017214507088772627,0.042390767786837306,-0.04239619437184273
55,62.5,-0.04236855479232675,5.825406854415716e-7,0.0007632435295772717,0.003189127290129958,0.04236855479232675,-0.04227023565883568
56,25.0,-0.042318742057480874,5.4371423908759395e-6,0.002331768082566519,0.0014837109738640368,0.042318742057480874,-0.042438449498939754
57,62.5,-0.04229668710596623,6.40838252398618e-7,0.0008005237363118085,0.0007985014825902807,0.04229668710596623,-0.042269810061110816
58,156.25,-0.042300706140756456,1.9009022582935214e-7,0.0004359933781943851,0.0028798954247970655,0.042300706140756456,-0.04229196134266142
59,62.5,-0.042299874227823234,9.267280395486797e-7,0.0009626671488882747,0.0005895210373703456,0.042299874227823234,-0.042364990415639237
60,156.25,-0.04231698561951105,1.5968080341416762e-7,0.00039960080507197134,0.003237177676588259,0.04231698561951105,-0.04228497947525955
61,62.5,-0.04230666572735498,9.247960510009444e-7,0.0009616631692026811,0.0004383172554296884,0.04230666572735498,-0.04236449741499654
62,156.25,-0.04230916378677866,2.1938952680405808e-7,0.000468390357291926,0.004550016620883096,0.04230916378677866,-0.042272471813735855
63,62.5,-0.042305740026979656,1.352897586636407e-6,0.0011631412582469968,0.000489917267291283,0.042305740026979656,-0.04239241651813478
64,156.25,-0.04230661243290929,1.3802454091781549e-7,0.0003715165419167974,0.0038659206092234778,0.04230661243290929,-0.042290739460854085
65,62.5,-0.042296631486795876,6.970190237881139e-7,0.0008348766518403266,0.001570428879440389,0.042296631486795876,-0.04235697912621576
66,25.0,-0.04234209057160589,4.738302499897327e-7,0.0006883532886459777,0.0012346299581898579,0.04234209057160589,-0.04232541652937775
67,10.0,-0.04229938233218209,4.040047884213959e-6,0.0020099870358323106,0.0011816183076231754,0.04229938233218209,-0.04235788908596755
68,25.0,-0.04230219275383192,1.1106352239636156e-6,0.0010538667961197067,0.002734922431872602,0.04230219275383192,-0.04230077848894199
69,10.0,-0.042287913737488664,8.89978404786588e-6,0.002983250584155793,0.000919390989385822,0.042287913737488664,-0.04240550725977996
70,25.0,-0.04234430621249032,2.201282820356868e-6,0.0014836720730528252,0.0026198451542300636,0.04234430621249032,-0.042264173790857236
71,10.0,-0.04226900077120178,1.1410847007629711e-5,0.0033779945245115055,0.0016885876229257725,0.04226900077120178,-0.04241821253601952
72,25.0,-0.04225911664083129,1.764197457877237e-6,0.0013282309505041798,0.0029261615885411633,0.04225911664083129,-0.04228158772457427
73,10.0,-0.042303539407328325,7.978014240648529e-6,0.0028245378809016756,0.00270044058399806,0.042303539407328325,-0.04235290696204333
74,25.0,-0.042297753298718016,9.84201523519882e-7,0.0009920693138686842,0.0016803791344231166,0.042297753298718016,-0.04230901670646009
75,10.0,-0.042366813522222296,4.352306410290022e-6,0.0020862182077361954,0.0014965399468665163,0.042366813522222296,-0.04234680407608581
76,25.0,-0.04233584804484657,7.048734218725469e-7,0.0008395674016257104,0.001702772014867798,0.04233584804484657,-0.042311876718587015
77,10.0,-0.04230378180904794,7.681292844764556e-6,0.002771514539879695,0.0008234985632321392,0.04230378180904794,-0.042396206661836605
78,25.0,-0.04232898855679829,1.979681190242549e-6,0.001407011439272101,0.0029483491884188784,0.04232898855679829,-0.04226886072366061
79,10.0,-0.042367424472611825,6.137589506808264e-6,0.0024774158929837084,0.0021660514100380573,0.042367424472611825,-0.0423464810112717
80,25.0,-0.042302344198033096,9.089941633382485e-7,0.0009534118539950342,0.0007998419721829685,0.042302344198033096,-0.04229937237851296
81,62.5,-0.04229816344266146,2.6597754021150055e-7,0.0005157301040384403,0.0017719742077280196,0.04229816344266146,-0.04231125925624012
82,25.0,-0.042312314524062214,2.0078426852992227e-6,0.0014169836573860767,0.00028985963748189887,0.042312314524062214,-0.042367906834142044
83,62.5,-0.04230727931279777,4.826948400019794e-7,0.0006947624342190497,0.0028712994242514763,0.04230727931279777,-0.042286634754913295
84,25.0,-0.04230452233430652,7.579618144933075e-7,0.0008706100243468987,0.0032515859319512887,0.04230452233430652,-0.04226638085643469
85,10.0,-0.04237783889082136,2.7116446257718308e-5,0.005207345413713048,0.0009798756748095553,0.04237783889082136,-0.0425857298442968
86,25.0,-0.042240906128816647,1.6347714239657772e-5,0.00404323066861857,0.012129696859130701,0.042240906128816647,-0.041877898658808504
87,10.0,-0.04239206960855473,5.960657344615833e-5,0.007720529350126086,0.003340869401477191,0.04239206960855473,-0.04284833707819255
88,25.0,-0.042183538368960355,8.434223443191806e-6,0.002904173452669762,0.005709649684276196,0.042183538368960355,-0.04212677103643203
89,10.0,-0.04231138833569467,6.431572003711902e-5,0.008019708226433117,0.00286605666535276,0.04231138833569467,-0.042846941412958604
90,25.0,-0.04234502112062716,7.354392736574123e-6,0.002711898363983083,0.0077404190935896995,0.04234502112062716,-0.04208027965372401
91,10.0,-0.04223279829074529,4.6816495126533306e-5,0.006842258042966029,0.003664146876710789,0.04223279829074529,-0.04269248432050191
92,25.0,-0.042247475034772164,3.5548597205499785e-6,0.0018854335630167345,0.0042396079607374005,0.042247475034772164,-0.042229290104620835
93,10.0,-0.04234652867179621,3.152535283983315e-5,0.005614744236368488,0.0019455989416424693,0.04234652867179621,-0.042604410660928745
94,25.0,-0.042298163986081265,2.5401040077117375e-6,0.00159377037483815,0.002614734826487244,0.042298163986081265,-0.04225412026319593
95,10.0,-0.04235987624869293,1.3236340939062464e-5,0.003638178244542516,0.0019940842571437886,0.04235987624869293,-0.04241419461781786
96,25.0,-0.042284350711142046,2.0794858888457232e-6,0.0014420422631967911,0.004159015660889405,0.042284350711142046,-0.04225451870336475
97,10.0,-0.04234397228264537,1.6443795619348475e-5,0.004055095019768152,0.0012962314741845145,0.04234397228264537,-0.04248459940155251
98,25.0,-0.042305163059287436,2.537598565167851e-6,0.0015929841697794273,0.002848593119122069,0.042305163059287436,-0.04226380985960278
99,10.0,-0.04230682631945529,1.0809899715493037e-5,0.003287841193776402,0.0017936338570461717,0.04230682631945529,-0.04239920619717506
100,25.0,-0.042290485367401334,2.4814189869126527e-6,0.0015752520391710823,0.0037589981334327244,0.042290485367401334,-0.042241081648216404
101,10.0,-0.042339884007588556,1.3086554859254286e-5,0.0036175343618622736,0.0017052662482348506,0.042339884007588556,-0.04241245660430008
102,25.0,-0.04235311285194306,1.870513389840085e-6,0.0013676671341521975,0.001953427598386254,0.04235311285194306,-0.04226705457526375
103,10.0,-0.04224233528242945,1.9443070976136806e-5,0.004409429779023225,0.0008365966077368377,0.04224233528242945,-0.04252599591737679
104,25.0,-0.04225324953374416,2.966324155480927e-6,0.0017223019931129752,0.003339441458818552,0.04225324953374416,-0.04224680865700099
105,10.0,-0.04231859489886073,8.907959333094749e-6,0.002984620467177485,0.0025777084390218178,0.04231859489886073,-0.04235433261509531
106,25.0,-0.04231063046355053,1.5751874317454356e-6,0.0012550647121744103,0.0016687106969480946,0.04231063046355053,-0.04227213882521858
107,10.0,-0.04229088207199791,3.456891392596023e-6,0.0018592717371584023,0.0029635752091248073,0.04229088207199791,-0.042276884898617244
108,4.0,-0.04240111329086056,0.00010152080081650281,0.01007575311411027,0.002288422762658959,0.04240111329086056,-0.042679409355713384
109,10.0,-0.04245938831101542,7.122912078613895e-6,0.0026688784308420447,0.0024832814002607555,0.04245938831101542,-0.04229023773894032
110,25.0,-0.04240278949829719,1.990476966131553e-6,0.0014108426440009364,0.003741895522968402,0.04240278949829719,-0.04227373240884225
111,10.0,-0.04207630468388709,9.99276349772363e-6,0.003161133261620527,0.001797806516974009,0.04207630468388709,-0.04238793939039687
112,25.0,-0.04212344474534896,1.9786421872202237e-6,0.0014066421674399725,0.0034418084456782233,0.04212344474534896,-0.042261307641158596
113,10.0,-0.04235925600589991,1.1972723248033068e-5,0.003460162315272662,0.0018829739641592796,0.04235925600589991,-0.04242182587042873
114,25.0,-0.0423481549211239,1.744984673826198e-6,0.0013209786803072175,0.0009918129805245703,0.0423481549211239,-0.04226908209103926
115,62.5,-0.042324806362937194,4.647193152403416e-7,0.0006817032457311184,0.002420588510600618,0.042324806362937194,-0.042307453925230665
116,25.0,-0.04234173463224531,1.5289875048428315e-6,0.001236522343042305,0.0016394754233350428,0.04234173463224531,-0.04233740293075001
117,10.0,-0.042332395558719295,3.4911368676180807e-6,0.0018684584200934417,0.0011592504876222075,0.042332395558719295,-0.04235343685402038
118,25.0,-0.04227688728869392,2.3651585322321503e-6,0.0015379071923338386,0.0056103276537837025,0.04227688728869392,-0.0422592421623872
119,10.0,-0.042332025751537446,1.4774725328393026e-5,0.0038437904896590066,0.0017453474700803245,0.042332025751537446,-0.04247291600773849
120,25.0,-0.0423304114257826,2.54292946952735e-6,0.001594656536539248,0.0028386413803681305,0.0423304114257826,-0.04226845801136702
121,10.0,-0.04225572085108977,7.80259360956836e-6,0.0027933123007584312,0.002889867885990205,0.04225572085108977,-0.04232210360362535
122,25.0,-0.04231884622525675,1.345063434414756e-6,0.0011597686986700218,0.0022691103577482073,0.04231884622525675,-0.04227407533480329
123,10.0,-0.042343685305245356,2.2257128588968264e-5,0.004717746134434139,0.0003862372472962323,0.042343685305245356,-0.042550755705184184
124,25.0,-0.0423706557482333,5.7541418260197575e-6,0.002398779236615941,0.004136462607784226,0.0423706557482333,-0.04217377574304056
125,10.0,-0.042305814908948115,1.618018651832218e-5,0.004022460256897784,0.0026493972106378006,0.042305814908948115,-0.04243819837012451
126,25.0,-0.04228834553979856,4.003270324374841e-6,0.002000817414052277,0.006391011093258815,0.04228834553979856,-0.0421986575882309
127,10.0,-0.04224215924005232,2.9397426260848135e-5,0.005421939344998995,0.002062859414602997,0.04224215924005232,-0.042613452121779596
128,25.0,-0.04221481300149667,3.398271721255441e-6,0.0018434401865141817,0.001579726482907767,0.04221481300149667,-0.04224444046470402
129,62.5,-0.042234916689727925,9.60866383193134e-7,0.0009802379217277476,0.00485521424207529,0.042234916689727925,-0.04226012804986052
130,25.0,-0.042407396433102706,3.7420508382432453e-6,0.0019344381195177181,0.003349785089356268,0.042407396433102706,-0.042354503637024525
131,10.0,-0.042459108149408155,1.927963997004358e-5,0.00439085868254076,0.0018797027408591685,0.042459108149408155,-0.04251799899193923
132,25.0,-0.042373022503997305,4.5803398055445925e-6,0.0021401728447825404,0.005040397356368365,0.042373022503997305,-0.04221077370123514
133,10.0,-0.04228183131075123,8.12620185411607e-6,0.0028506493741104096,0.004419357355379558,0.04228183131075123,-0.04211429021518952
134,4.0,-0.04210202688626508,0.00023077354541478168,0.015191232517961855,0.002283180546727832,0.04210202688626508,-0.043303459107873685
135,10.0,-0.041948629521727634,0.00018325912091124414,0.013537323255032515,0.025453463761331233,0.041948629521727634,-0.04047003000750722
136,4.0,-0.042308520308658414,0.0007729462340881153,0.027801910619382173,0.00751537842002721,0.042308520308658414,-0.04529535288551648
137,10.0,-0.042440850313449144,3.7249848394344586e-5,0.00610326538783499,0.0034007270284551064,0.042440850313449144,-0.042534335557226154
138,25.0,-0.04240323781751884,8.776348811976038e-6,0.0029624903058028795,0.007282148859519566,0.04240323781751884,-0.04200411817072001
139,10.0,-0.042130900358038556,5.88109968007139e-5,0.00766883281867025,0.003956913155147082,0.042130900358038556,-0.042729351269293836
140,25.0,-0.04212593251644773,4.8073163964503415e-6,0.0021925593256398655,0.005686302956051102,0.04212593251644773,-0.042160767434972775
141,10.0,-0.042190851764827945,4.541752969063809e-5,0.006739252903003277,0.003535106762207112,0.042190851764827945,-0.0427061896077086
142,25.0,-0.04229080506383587,5.034242666853975e-6,0.00224371180565909,0.005585722466410147,0.04229080506383587,-0.04219159197512579
143,10.0,-0.04240569697744412,4.470850758986632e-5,0.006686442072572402,0.0019682634489390496,0.04240569697744412,-0.042722057705534486
144,25.0,-0.04230051201383835,4.3096522642034345e-6,0.002075970198293664,0.0013100015008287824,0.04230051201383835,-0.04219960724125284
145,62.5,-0.042255142422931026,2.2606262436346547e-6,0.0015035379089449838,0.011041747265347582,0.042255142422931026,-0.04205539495540928
146,25.0,-0.04223035789797728,1.9562931168811566e-5,0.00442300024517426,0.004436097213868683,0.04223035789797728,-0.042758877823007975
147,62.5,-0.042209743518491244,3.2317672495179706e-6,0.0017977116702958711,0.009381322809438859,0.042209743518491244,-0.04209322607965182
148,25.0,-0.04233078174145482,1.6761121269980553e-5,0.004094034839859152,0.005873808895643879,0.04233078174145482,-0.04271760888558241
149,10.0,-0.042513903953469434,7.348945540032862e-6,0.0027108938636606307,0.0031417689507209972,0.042513903953469434,-0.042328464032492824
150,25.0,-0.04242583532213456,2.9044181640586307e-6,0.0017042353605234903,0.004567746674966808,0.04242583532213456,-0.042236879351292285
151,10.0,-0.042345975906701055,2.507653995918481e-5,0.005007648146503986,0.0033927229660464355,0.042345975906701055,-0.0425106011811727
152,25.0,-0.042382313291433944,4.935002881092747e-6,0.0022214866376129177,0.006577761718296867,0.042382313291433944,-0.0421951616296992
153,10.0,-0.04209012932931162,2.7887852549346308e-5,0.005280895051915566,0.0038572527644899278,0.04209012932931162,-0.04255023751944211
154,25.0,-0.04210278332890772,4.373096003231337e-6,0.002091194874523017,0.007104296797146272,0.04210278332890772,-0.0422228801769195
155,10.0,-0.04233959820777736,3.681778306761178e-5,0.006067765904153833,0.0026622471257374443,0.04233959820777736,-0.04267408232342921
156,25.0,-0.04231091355735676,5.057070546742013e-6,0.0022487931311576913,0.008470321171813169,0.04231091355735676,-0.04219363467827032
157,10.0,-0.04226102791593688,1.4496665973464082e-5,0.003807448748632617,0.007250146658248567,0.04226102791593688,-0.042244688643351826
158,4.0,-0.04254511580061661,0.00014132618671892607,0.01188806909127492,0.004841459314818086,0.04254511580061661,-0.042853636012053026
159,10.0,-0.042539758259863704,1.3701889911890994e-5,0.0037016063961327647,0.005083459197441614,0.042539758259863704,-0.04232375294415967
160,4.0,-0.0422470401686082,6.422889991508132e-5,0.00801429347572706,0.0022407033018834797,0.0422470401686082,-0.042544333663252956
161,10.0,-0.042193798887550614,8.08642235269297e-6,0.0028436635442142186,0.00241641454971769,0.042193798887550614,-0.04225625643517935
162,25.0,-0.04225192400098608,2.647417011127226e-6,0.001627088507465782,0.0035021839996332883,0.04225192400098608,-0.0422565167821354
163,10.0,-0.04237638133685343,1.8415380696779702e-5,0.004291314565116347,0.001813237401194627,0.04237638133685343,-0.042484755187408574
164,25.0,-0.042332722713077406,3.39296925891463e-6,0.0018420014275007037,0.00145503993912594,0.042332722713077406,-0.042227447018600726
165,62.5,-0.042321801078769844,8.092223603885908e-7,0.0008995678742532943,0.0033124874269530582,0.042321801078769844,-0.04228892258557239
166,25.0,-0.04229966189458224,1.2394149181999689e-6,0.0011132901320859575,0.0027724108362715593,0.04229966189458224,-0.04228631350073576
167,10.0,-0.04221900453882702,4.766683555866271e-6,0.0021832735870399456,0.003945707206194588,0.04221900453882702,-0.04231931262236752
168,4.0,-0.04220004304817785,0.00012072214200034391,0.010987362831923952,0.003607350742174973,0.04220004304817785,-0.04278664940596406
169,10.0,-0.04223958201208061,9.813279570815722e-6,0.0031326154521127744,0.002689192251540173,0.04223958201208061,-0.04232207645936252
170,25.0,-0.04223478881006481,2.523687896494057e-6,0.0015886119401836488,0.003277785659348119,0.04223478881006481,-0.042273285530145456
171,10.0,-0.042477503416996444,9.039723065724743e-6,0.0030066132218369464,0.003326055703545401,0.042477503416996444,-0.04234393662939139
172,25.0,-0.04237998160706225,1.6691521577754015e-6,0.0012919567166803235,0.0013268030248038208,0.04237998160706225,-0.04228023542808692
173,62.5,-0.042311874202511625,4.357949979012762e-7,0.0006601477091540015,0.002807020934516198,0.042311874202511625,-0.04228407756638372
174,25.0,-0.042265250523788954,1.9642669864282466e-6,0.0014015230952175732,0.0032204940132226465,0.042265250523788954,-0.04232592803773451
175,10.0,-0.0422907986919372,1.382113237480238e-5,0.003717678358169569,0.0027211085109769104,0.0422907986919372,-0.0424341852651996
176,25.0,-0.04225992227702622,4.106555542040806e-6,0.00202646380230213,0.00538965300601452,0.04225992227702622,-0.04221782655539763
177,10.0,-0.042262910665128293,1.4897470228711668e-5,0.0038597241130308353,0.005533398763917343,0.042262910665128293,-0.042345592327079476
178,4.0,-0.042429084803076625,0.0001359814512280742,0.011661108490537003,0.0023246296402849582,0.042429084803076625,-0.04288215067808003
179,10.0,-0.04229537912645891,2.881618007887906e-5,0.00536807042417283,0.008543478144098435,0.04229537912645891,-0.04205134730835164
180,4.0,-0.04230109728712166,5.4196697403587544e-5,0.007361840626065437,0.010091125573091924,0.04230109728712166,-0.04185953629009874
181,1.6,-0.04247351879475097,0.0010972408634927124,0.0331246262392908,0.0019848440788585646,0.04247351879475097,-0.04431786275138988
182,4.0,-0.04224650765423437,8.688894520461423e-5,0.009321423990175225,0.003779015649005187,0.04224650765423437,-0.042305305812286566
183,10.0,-0.042312820456532466,1.8047771320552837e-5,0.004248266860797805,0.0025351785867689766,0.042312820456532466,-0.04225939451169177
184,25.0,-0.042250655513519066,3.9468045351801394e-6,0.0019866566223633465,0.002931538249818921,0.042250655513519066,-0.042203952094925265
185,10.0,-0.04222710787558397,2.2671043983631018e-5,0.004761411973735419,0.0023979387219714154,0.04222710787558397,-0.04249909310167199
186,25.0,-0.04226402730213423,4.758039064203011e-6,0.002181292979909625,0.006776417723213568,0.04226402730213423,-0.042162956735821204
187,10.0,-0.04219596276763924,1.6359162188978722e-5,0.0040446461141833805,0.005243842960558387,0.04219596276763924,-0.04232288929496738
188,4.0,-0.04231149398981438,6.136251146320867e-5,0.00783342271699981,0.004920715961997852,0.04231149398981438,-0.042503468560213656
189,10.0,-0.04246856552708632,1.1344389315694822e-5,0.0033681433039131252,0.004438397114040033,0.04246856552708632,-0.0422983873578566
190,4.0,-0.0422324521860995,4.372300442576398e-5,0.006612337289171204,0.0031900696259472595,0.0422324521860995,-0.04243913380683008
191,10.0,-0.04223745030656834,6.719643221169776e-6,0.00259222746323886,0.001258853597701494,0.04223745030656834,-0.042287173118723466
192,25.0,-0.04228446333596868,2.028393862432025e-6,0.0014242169295553345,0.003408009885470573,0.04228446333596868,-0.04227792456990767
193,10.0,-0.04235754359354989,2.3744082502779485e-5,0.004872790012177775,0.0018923934622956478,0.04235754359354989,-0.04255159548378552
194,25.0,-0.04231545286919346,1.897364676970117e-5,0.004355874971771019,0.018868180271581304,0.04231545286919346,-0.04183489643397123
195,10.0,-0.042348758493578186,7.16050042789722e-5,0.008461974017862037,0.004074587051675675,0.042348758493578186,-0.04307897861032154
196,25.0,-0.04228014117543655,7.367507586557592e-6,0.002714315307136883,0.001507313196856509,0.04228014117543655,-0.04225152990785022
197,62.5,-0.04227511313580572,2.3763863116193067e-6,0.0015415532140082959,0.008117672338986604,0.04227511313580572,-0.0421537827497433
198,25.0,-0.04228299220498657,1.3730678190993397e-5,0.0037054929754343617,0.0010098628372180345,0.04228299220498657,-0.0426103844717036
199,62.5,-0.04224101315571045,1.943415472827589e-6,0.0013940643718378248,0.009384175674707946,0.04224101315571045,-0.04214642559635733
200,25.0,-0.042305959434099906,1.4748403757899014e-5,0.0038403650552908397,0.0014961796097736518,0.042305959434099906,-0.042648024281679464
201,62.5,-0.04221323828563043,4.180984261394946e-6,0.0020447455248502064,0.013537751710624078,0.04221323828563043,-0.04199859292263589
202,25.0,-0.04230400931337546,2.0461396820862674e-5,0.004523427552295126,0.005408131797723465,0.04230400931337546,-0.04276090007143328
203,62.5,-0.042284980948582664,3.7901445782465053e-6,0.0019468293654674785,0.014601210395730698,0.042284980948582664,-0.0420438981189986
204,25.0,-0.042286673399142986,2.132340183219407e-5,0.004617726911825132,0.007467351164841181,0.042286673399142986,-0.0427623511468832
205,10.0,-0.04233103356958637,1.359312560245236e-5,0.003686885623728021,0.003879006797488039,0.04233103356958637,-0.04240866949050583
206,25.0,-0.04229498865210406,2.902830541548284e-6,0.001703769509513621,0.001488711672727751,0.04229498865210406,-0.04228691342447601
207,62.5,-0.04227916911628066,1.0151920310219863e-6,0.0010075673828692483,0.007763888297877635,0.04227916911628066,-0.04223421927772527
208,25.0,-0.04230629305767726,1.0695546268331646e-5,0.0032704046031541184,0.0009242436819776916,0.04230629305767726,-0.04258136708214733
209,62.5,-0.042309763706231775,1.3938299305779594e-6,0.0011806057473085414,0.0019800965397597176,0.042309763706231775,-0.0422326463174104
210,25.0,-0.04230094660988497,7.241673672881851e-6,0.002691035799256831,0.0006400338903634889,0.04230094660988497,-0.042492929305575716
211,62.5,-0.04231690316838002,3.360654358497419e-6,0.0018332087602063816,0.013497453493050624,0.04231690316838002,-0.04208903293408673
212,25.0,-0.04214832036299861,8.336641672297971e-6,0.0028873243102045137,0.007346371015968971,0.04214832036299861,-0.042384229403101395
213,10.0,-0.042157987362644624,9.989702530398688e-6,0.0031606490678970814,0.007191764578775989,0.042157987362644624,-0.04223772511503719
214,4.0,-0.04242694444566728,0.0005086388160757043,0.022553022326856867,0.003916481491442056,0.04242694444566728,-0.04439776750237468
215,10.0,-0.04225341052217473,3.964547802074367e-5,0.006296465518109638,0.010557519804621449,0.04225341052217473,-0.04207096497877688
216,4.0,-0.042413151006210556,0.00014426603385248024,0.012011079628929293,0.003964950259576951,0.042413151006210556,-0.04277543042974776
217,10.0,-0.042451970088604025,1.3722846511720152e-5,0.003704436058527688,0.0063286384187988196,0.042451970088604025,-0.04220259299483784
218,4.0,-0.04218589287249937,8.361505949744098e-5,0.009144127049502373,0.0026283890516819778,0.04218589287249937,-0.0425955321381971
219,10.0,-0.04215665024003499,7.7803061532503e-6,0.002789320016285385,0.000995490053300357,0.04215665024003499,-0.042268072468105475
220,25.0,-0.04221453919295562,2.590433064058314e-6,0.0016094822347756169,0.0032108757833497355,0.04221453919295562,-0.042251166477255526
221,10.0,-0.042282934684293574,1.2384232586005606e-5,0.0035191238378331625,0.003931841388156953,0.042282934684293574,-0.04237982690499515
222,25.0,-0.042261274158912045,2.238247700949514e-6,0.0014960774381526894,0.0037931305055381036,0.042261274158912045,-0.04223969471011621
223,10.0,-0.04231420220947557,3.3963383008693976e-6,0.0018429157063928339,0.004985514460528893,0.04231420220947557,-0.042182296075313465
224,4.0,-0.04261568265068969,0.00020578188710900544,0.014345099759465092,0.002653907908150317,0.04261568265068969,-0.04315469600420361
225,10.0,-0.04248140860126442,1.3748906910159654e-5,0.003707951848414385,0.0011598240591021301,0.04248140860126442,-0.04225655111092067
226,25.0,-0.042405525999485646,8.181463523196691e-6,0.0028603257722148875,0.008760861345819519,0.042405525999485646,-0.04196146291745833
227,10.0,-0.04215466044114773,6.246155151388694e-5,0.007903262080551735,0.004570488874630418,0.04215466044114773,-0.0429150204042954
228,25.0,-0.04213010680195449,6.318178872433162e-6,0.002513598789073778,0.007177079337571076,0.04213010680195449,-0.04216799513234167
229,10.0,-0.042203955207748535,3.367987445157758e-5,0.005803436434697771,0.0026992039529505065,0.042203955207748535,-0.04261410729899898
230,25.0,-0.04225193124777227,3.8604966144817495e-6,0.001964814651431974,0.00208081257960785,0.04225193124777227,-0.042210878171118904
231,62.5,-0.04227998700351659,1.0933094884984328e-6,0.0010456144071781112,0.006530606440469337,0.04227998700351659,-0.04222731446453868
232,25.0,-0.042298881305339285,4.781081435730811e-6,0.0021865684155156937,0.005490653041360383,0.042298881305339285,-0.042339183841935524
233,10.0,-0.04235602905209279,2.1875266125588055e-5,0.0046771001834029656,0.005388622430701713,0.04235602905209279,-0.04250296736445102
234,25.0,-0.04231866421712205,4.426162035478762e-6,0.002103844584440296,0.007003838529578773,0.04231866421712205,-0.042262590124956485
235,10.0,-0.042309811533799487,2.6592141679937807e-5,0.005156756895563122,0.0032815623935998498,0.042309811533799487,-0.04254826459070539
236,25.0,-0.04231497294538405,3.469997711453103e-6,0.0018627929867414423,0.004739698494688857,0.04231497294538405,-0.04225077198389185
237,10.0,-0.04221615900382661,1.3157779998988768e-5,0.003627365434993939,0.0048297511522311576,0.04221615900382661,-0.04237037526321207
238,4.0,-0.04252022993962099,2.1315593009348974e-5,0.004616881307695594,0.0035303911075354683,0.04252022993962099,-0.04236617757026063
239,10.0,-0.04237110125869899,4.4646445346402286e-6,0.0021129705475089397,0.0034320651360434584,0.04237110125869899,-0.04230081418365498
240,4.0,-0.042266484557210326,6.270600367460453e-5,0.007918712248503827,0.0020023508769571566,0.042266484557210326,-0.04256819236699137
241,10.0,-0.04217416316747176,1.0365021432347201e-5,0.0032194753349493455,0.005120228588021945,0.04217416316747176,-0.04223375919157836
242,4.0,-0.042042822724848876,1.303579578006529e-5,0.0036105118446094716,0.004814764098213762,0.042042822724848876,-0.04211671990088335
243,1.6,-0.04284037601109424,0.0006280690958860431,0.025061306747375386,0.0018423967510664224,0.04284037601109424,-0.0433773985461143
244,4.0,-0.042739657328301595,5.1552350328373906e-5,0.00717999654097228,0.003616596471334087,0.042739657328301595,-0.04224489169493165
245,10.0,-0.042484318416061026,1.9106384303844867e-5,0.004371085025922611,0.007527777458683296,0.042484318416061026,-0.042068787013585004
246,4.0,-0.04187268556943807,0.00010624614585714036,0.010307577108959232,0.002744359046135543,0.04187268556943807,-0.04270576260035506
247,10.0,-0.04199859821697661,1.3737305293396604e-5,0.003706387094381347,0.00634038814376287,0.04199859821697661,-0.0421937906601957
248,4.0,-0.042292492053266025,5.094725742559533e-5,0.007137734754499871,0.003952742814158479,0.042292492053266025,-0.042417501501048616
249,10.0,-0.042345510277593354,8.886029065141726e-6,0.0029809443243948262,0.001261674276888191,0.042345510277593354,-0.042202235601721254
250,25.0,-0.042264574340747256,3.08205948084596e-6,0.0017555795284879463,0.007120690381445618,0.042264574340747256,-0.042187078709208535
251,10.0,-0.042209305826973444,4.3163104409849225e-6,0.0020775732095367717,0.006395500907329079,0.042209305826973444,-0.04209836699542578
252,4.0,-0.042398775475055064,0.0003340777260169165,0.01827779324800772,0.0011348917286656119,0.042398775475055064,-0.04372586574577347
253,10.0,-0.04238714167311303,1.9865515457081268e-5,0.00445707476458285,0.006121442372388371,0.04238714167311303,-0.042175016495531334
254,4.0,-0.04210573675465443,2.202340223533316e-5,0.004692909783421493,0.005190103338226128,0.04210573675465443,-0.041932381661588726
255,10.0,-0.04206680138412875,1.8555026810327248e-5,0.0043075546207015465,0.009559768400782041,0.04206680138412875,-0.04190860101641275
256,4.0,-0.04265926287608185,0.0002546818888611443,0.01595875586821054,0.004645673582100062,0.04265926287608185,-0.0433434014294712
257,10.0,-0.04226068123108003,3.242456186743798e-5,0.005694256919690046,0.007249459735650559,0.04226068123108003,-0.0421017835000105
258,4.0,-0.04185460183137085,6.203083092436583e-5,0.007875965396341316,0.008622889178887263,0.04185460183137085,-0.042010333702022944
259,10.0,-0.042115690063700965,2.7087612824853865e-5,0.005204576142670397,0.007278655195604645,0.042115690063700965,-0.04236216992114692
260,4.0,-0.04268574729226841,0.00010284665012397532,0.010141333744827419,0.005269659947845023,0.04268574729226841,-0.042633122309705535
261,10.0,-0.04249096459001679,1.408696618156367e-5,0.0037532607398852095,0.005306933449929702,0.04249096459001679,-0.04223595634987751
262,4.0,-0.042420730829764726,2.7410122748150095e-5,0.005235467767845591,0.0035002620601391806,0.042420730829764726,-0.04225144582854064
263,10.0,-0.04227688261805151,5.256423721147904e-6,0.0022926891898266332,0.003126220747354804,0.04227688261805151,-0.04219682010585489
264,4.0,-0.04181620363727626,7.234306049293263e-6,0.0026896665312438387,0.003854929876826384,0.04181620363727626,-0.042149056871774775
265,1.6,-0.04235231276364001,0.0012098342516124428,0.034782671714697865,0.0011358724768186096,0.04235231276364001,-0.044559025150490705
266,4.0,-0.04252792122334156,0.0001083347642930333,0.010408398738184145,0.006473885439678463,0.04252792122334156,-0.04207468889143659
267,10.0,-0.04230801843644977,2.2015063399646632e-5,0.004692021248848584,0.0016734918550279706,0.04230801843644977,-0.04217027885793354
268,25.0,-0.04215029487718358,7.81031313285551e-6,0.0027946937458074917,0.009617745029281997,0.04215029487718358,-0.04188294130133062
269,10.0,-0.04211982298974046,1.6388974616040057e-5,0.004048329855142742,0.011647046261209942,0.04211982298974046,-0.041853421330389634
270,4.0,-0.0427752120044451,0.0005239952133203372,0.02289094173074444,0.008095027955276996,0.0427752120044451,-0.0447292632604743
271,10.0,-0.042551906119538074,3.9262439584776644e-5,0.006265974751367631,0.007479080553227832,0.042551906119538074,-0.04235261972782403
272,25.0,-0.042330515621779405,1.2674114424389075e-5,0.0035600722498832908,0.018732301678624438,0.042330515621779405,-0.041800771455677434
273,10.0,-0.04206925375645698,4.157820658354786e-5,0.006448116514420925,0.014524207744865677,0.04206925375645698,-0.042174763113016496
274,4.0,-0.041102412343586865,0.0002824104576711418,0.016805072379229485,0.01372334353026212,0.041102412343586865,-0.04328626936902152
275,10.0,-0.041676437439618935,5.353166423891887e-5,0.007316533621799252,0.01859344764020235,0.041676437439618935,-0.0421523323186612
276,4.0,-0.04262128947718958,0.000253074498916404,0.015908315401588064,0.006339794090354367,0.04262128947718958,-0.043277965190567036
277,10.0,-0.04257077923598471,2.1452925277458826e-5,0.0046317302682106634,0.011025449729217745,0.04257077923598471,-0.042316472621427424
278,4.0,-0.04239204341921485,6.871860700507484e-5,0.008289668690911287,0.004283656017044121,0.04239204341921485,-0.04255019697758249
279,10.0,-0.04222488475547944,1.018048635163048e-5,0.003190687441858021,0.004200505247283169,0.04222488475547944,-0.04229755723130404
280,4.0,-0.04223389740457532,4.807822475824818e-5,0.00693384631775526,0.003163662419511927,0.04223389740457532,-0.04244767703832798
281,10.0,-0.04221208777242185,6.789430302828952e-6,0.0026056535270117843,0.0016435777948076884,0.04221208777242185,-0.0422770000724422
282,25.0,-0.04222813764300625,6.074671576457814e-6,0.002464684883805192,0.014705813874583513,0.04222813764300625,-0.04206771916290103
283,10.0,-0.04237276950436069,4.899963000100321e-5,0.006999973571450339,0.003994988881858493,0.04237276950436069,-0.04277774255285582
284,25.0,-0.04232470353581484,3.935050214419734e-6,0.0019836960993105104,0.002272768920522566,0.04232470353581484,-0.04223571787063582
285,62.5,-0.04228920890782942,2.497605997148363e-6,0.0015803815985857223,0.01802614147894482,0.04228920890782942,-0.04203631347304835
286,25.0,-0.042248504834520965,2.3439973366390565e-5,0.004841484624202638,0.0017169471852341983,0.042248504834520965,-0.04286306913731373
287,62.5,-0.04220911745888578,2.9830377309061613e-6,0.0017271472811854123,0.019990062204960933,0.04220911745888578,-0.04209282200183281
288,25.0,-0.042319183587176096,1.430553506346626e-5,0.003782265863667738,0.005736168048395534,0.042319183587176096,-0.042598967765980766
289,10.0,-0.0423191135939514,7.994389465759368e-6,0.002827435139089731,0.006451417294587111,0.0423191135939514,-0.042291929101979486
290,4.0,-0.04252750876658925,0.00024140300687124663,0.01553714925175293,0.0033900671098490574,0.04252750876658925,-0.043329006254934216
291,10.0,-0.04237981949780814,2.007907278309263e-5,0.004480967839997586,0.0071115648211585985,0.04237981949780814,-0.04220094445860605
292,4.0,-0.04213920513013929,5.571768579220534e-5,0.007464428028469786,0.0032263838068003017,0.04213920513013929,-0.042472221996821255
293,10.0,-0.042106275639169195,9.64940034955941e-6,0.0031063483947489554,0.0038056398332317024,0.042106275639169195,-0.04224973558575531
294,25.0,-0.04221339972973368,4.494591508455423e-6,0.002120045166607406,0.00823551043399927,0.04221339972973368,-0.042117395580263894
295,10.0,-0.04237976908858535,4.371870876834394e-5,0.006612012459784384,0.0039045157568088915,0.04237976908858535,-0.04268793841799653
296,25.0,-0.04233235180500411,6.510450063321318e-6,0.002551558359771792,0.011370799069784849,0.04233235180500411,-0.042114580002629264
297,10.0,-0.042331983838734405,1.3325471967305033e-5,0.003650407096106547,0.010256949103033718,0.042331983838734405,-0.042060196907767994
298,4.0,-0.04235891544635652,0.00030826985749059823,0.017557615370277314,0.004841561079333863,0.04235891544635652,-0.04365354993532339
299,10.0,-0.04221084165975027,2.0665627810478862e-5,0.004545946305278898,0.0019766794166711323,0.04221084165975027,-0.0422798492974093
300,25.0,-0.04217510083981596,1.4249763448109224e-5,0.0037748858854419988,0.014828782842391142,0.04217510083981596,-0.04174242526985317
301,10.0,-0.0422682746311824,7.379071674271426e-5,0.008590152311962475,0.010978703712046557,0.0422682746311824,-0.04288502478056122
302,4.0,-0.04250756356631688,0.00024005454069415608,0.015493693578167734,0.007075730729678679,0.04250756356631688,-0.04327015519222361
303,10.0,-0.04228973798176286,2.4175457881873067e-5,0.004916854470275998,0.001910579562095691,0.04228973798176286,-0.04231674464479449
304,25.0,-0.042121935905819904,1.1247392140380432e-5,0.003353713186958663,0.01658932174640547,0.042121935905819904,-0.04189645378505288
305,10.0,-0.04226611852097888,7.179056632751929e-5,0.008472931389284307,0.005805563325749363,0.04226611852097888,-0.0430522478611744
306,25.0,-0.042234379795063205,1.2801393706174168e-5,0.0035779035350571105,0.009328547043733447,0.042234379795063205,-0.042060385681070664
307,10.0,-0.042162245863385864,2.0527460133743162e-5,0.004530724018713032,0.011549726656562422,0.042162245863385864,-0.04187589838872102
308,4.0,-0.042647484133771923,0.00025507142342392857,0.015970955620247917,0.01081453176938559,0.042647484133771923,-0.04344165787866095
309,10.0,-0.04246249212421348,3.254584399460714e-5,0.0057048964928916234,0.007242941830304188,0.04246249212421348,-0.04241735130258927
310,4.0,-0.04209670004569563,0.00010023869430777529,0.010011927602004285,0.005735750116900735,0.04209670004569563,-0.042596081264415206
311,10.0,-0.04194956759220848,2.1618652882774216e-5,0.0046495863130792845,0.012028606171732526,0.04194956759220848,-0.0421539896116432
312,4.0,-0.04271031883809041,5.775370445327533e-5,0.007599585808007916,0.009629775193889328,0.04271031883809041,-0.042228626959178235
313,1.6,-0.043338800840273,0.001246987038446527,0.03531270364113356,0.005101540171350167,0.043338800840273,-0.044488652253311695
314,4.0,-0.042805785138300335,0.00010569612667183261,0.010280862156056399,0.0067670383895268825,0.042805785138300335,-0.042251768664215476
315,10.0,-0.042291785470363455,2.8468001741206967e-5,0.005335541372832467,0.009597091275938344,0.042291785470363455,-0.04201532836518552
316,4.0,-0.04189367530058508,0.00013173350979189368,0.011477521936023197,0.005727544219361733,0.04189367530058508,-0.04270477469150818
317,10.0,-0.04187811768970156,1.4648785138459978e-5,0.003827373138127504,0.0064614145448879095,0.04187811768970156,-0.04221635264998778
318,4.0,-0.04244511431566666,2.03565554508352e-5,0.004511823960532503,0.007150539049782057,0.04244511431566666,-0.04211926124863392
319,1.6,-0.04255980698850294,3.715084477527378e-5,0.006095149282443686,0.004802595458638097,0.04255980698850294,-0.0421358252218288
320,4.0,-0.042525669124126114,9.311957509163086e-6,0.00305155001747687,0.0011997869658692739,0.042525669124126114,-0.042097604567554965
321,10.0,-0.04225539906918546,7.723520289636041e-6,0.0027791222156709917,0.007755768097438074,0.04225539906918546,-0.04210206670602651
322,4.0,-0.04216201569308376,0.0001903444678001089,0.013796538254218298,0.005700332128356553,0.04216201569308376,-0.042961802594890214
323,10.0,-0.042279891525573265,1.8081090575861426e-5,0.004252186564093987,0.006818343178876435,0.042279891525573265,-0.042240717579421994
324,4.0,-0.04224687222607979,6.816319424892114e-5,0.008256100426286076,0.0065164734332036475,0.04224687222607979,-0.04252603455756596
325,10.0,-0.0421709792112841,1.0395732398725287e-5,0.0032242413679384003,0.004566702093357415,0.0421709792112841,-0.04227124771265644
326,4.0,-0.0424477138567682,2.0784293011218637e-5,0.004558979382627063,0.004269926106065332,0.0424477138567682,-0.04228549336187383
327,10.0,-0.04237764595876259,6.8135435636227825e-6,0.002610276530106108,0.007926038983609425,0.04237764595876259,-0.04220204623788662
328,4.0,-0.04238147968212233,1.6325653439621128e-5,0.0040405016321765205,0.004762610781596405,0.04238147968212233,-0.04222373123237425
329,10.0,-0.04227531854833771,3.829590893195014e-6,0.001956934054380733,0.0012383296796244368,0.04227531854833771,-0.042170344039084665
330,25.0,-0.04221597896049751,2.8825410413438895e-6,0.0016978047712690317,0.008107497835331942,0.04221597896049751,-0.0420798952987385
331,10.0,-0.04232839579051114,7.099993058781994e-5,0.008426145654320245,0.001402558026225177,0.04232839579051114,-0.04303844334098566
332,25.0,-0.04220343486326883,3.184083445180971e-5,0.005642768332282454,0.024238386081530797,0.04220343486326883,-0.04147310235013114
333,10.0,-0.042247207539767954,0.0001191638092534788,0.010916217717390892,0.008783387918820463,0.042247207539767954,-0.04343911617643734
334,25.0,-0.04222176589279292,1.4624412279230989e-5,0.0038241877934054166,0.013775684252368322,0.04222176589279292,-0.04203160081379445
335,10.0,-0.042296633094907915,9.395650009146912e-5,0.009693116118744741,0.007519614560307431,0.042296633094907915,-0.04317368490871289
336,25.0,-0.042270321295761276,7.433660777171513e-6,0.0027264740558405305,0.011442296167382418,0.042270321295761276,-0.04213659884577085
337,10.0,-0.04224421824834271,4.26361709964672e-5,0.006529637891680304,0.003596842441023299,0.04224421824834271,-0.04270736923866745
338,25.0,-0.0422491771477688,6.502385235395526e-6,0.002549977497037087,0.010125982382268283,0.0422491771477688,-0.04213159679419291
339,10.0,-0.04231886470991321,2.737880558699652e-5,0.005232476047436483,0.005235759432472699,0.04231886470991321,-0.04250940428452201
340,25.0,-0.042288121873170784,5.534432804338688e-6,0.002352537524533602,0.012582126483801082,0.042288121873170784,-0.04214311307466125
341,10.0,-0.04222574019232373,2.6037569225964394e-5,0.005102702149446349,0.006229642131220976,0.04222574019232373,-0.04249295242874715
342,25.0,-0.0422317132302706,4.592926386272568e-6,0.0021431113798103373,0.0026231415817994184,0.0422317132302706,-0.04219281154236428
343,62.5,-0.04228858570034893,1.1527237457853842e-6,0.001073649731423328,0.008933100792210585,0.04228858570034893,-0.04225549663473353
344,25.0,-0.042302794003177706,1.4472574289512576e-6,0.001203020128240279,0.010446119020198869,0.042302794003177706,-0.04220147337446924
345,10.0,-0.04218841805303702,3.0230771994221882e-6,0.0017386998589239571,0.007546045565091026,0.04218841805303702,-0.04219578544897825
346,4.0,-0.04259785725795583,0.00046225183622849064,0.021500042702945747,0.0078492906878034,0.04259785725795583,-0.04428370036779421
347,10.0,-0.04236549753156281,3.556484355679674e-5,0.005963626711724732,0.008909249012364454,0.04236549753156281,-0.04221060648226516
348,4.0,-0.04238920693657633,0.00012806623926222462,0.011316635509824667,0.003165575424394101,0.04238920693657633,-0.04277164463851079
349,10.0,-0.04180164446620695,6.571163941191934e-5,0.008106271609804308,0.023292640807239987,0.04180164446620695,-0.04158926704505151
350,4.0,-0.04263809633802215,0.00025860459871076944,0.016081187726992352,0.008283256763607355,0.04263809633802215,-0.04332892023867869
351,10.0,-0.04239618308449056,3.172437513760679e-5,0.005632439536968577,0.011480938104309765,0.04239618308449056,-0.04222400689109831
352,4.0,-0.04239593726264949,8.971997801522944e-5,0.009472063028465838,0.009359360896816707,0.04239593726264949,-0.042379349234810036
353,10.0,-0.0422308201553197,1.6246013975045127e-5,0.004030634438279553,0.00953809316188046,0.0422308201553197,-0.042118765664840664
354,4.0,-0.042015354486799904,2.2735756515027196e-5,0.004768202650373325,0.00921576668037861,0.042015354486799904,-0.0419346025842593
355,1.6,-0.042646735680511146,0.001510998609327316,0.03887156556311202,0.009393159311748006,0.042646735680511146,-0.044827222263720684
356,4.0,-0.04243048513732493,8.583975074589151e-5,0.00926497440611098,0.004739458747263507,0.04243048513732493,-0.04248703010603169
357,10.0,-0.0421535590857387,2.0962711885103533e-5,0.004578505420451474,0.009020287609479052,0.0421535590857387,-0.04206311270106646
358,4.0,-0.04211676215858971,4.340254743430097e-5,0.006588060976820188,0.010738844858137819,0.04211676215858971,-0.04203265978721466
359,1.6,-0.04277090846050248,0.0008668963790835639,0.029443104100681437,0.00430871653589303,0.04277090846050248,-0.04391634582512728
360,4.0,-0.04245609399602892,7.751272596999136e-5,0.008804131187686344,0.004677844520679607,0.04245609399602892,-0.04233005988149645
361,10.0,-0.04224999684166524,5.462179522888888e-5,0.007390655940367464,0.015206253553530016,0.04224999684166524,-0.041527824027776834
362,4.0,-0.04231701722839861,0.00031574205615816356,0.017769132116064745,0.0051866936417760915,0.04231701722839861,-0.04371882390777309
363,10.0,-0.04221102418693053,0.00015427791394700627,0.01242086607072978,0.03261913783985768,0.04221102418693053,-0.04082121247576158
364,4.0,-0.04201900612347481,0.0006453165382069941,0.025403081273872943,0.00578117690067015,0.04201900612347481,-0.04521882427506873
365,10.0,-0.042250055618740893,6.518871980335645e-5,0.008073953170743341,0.012660163471854505,0.042250055618740893,-0.04197855263916971
366,4.0,-0.04210555426614806,0.00019391030713268467,0.013925168118650657,0.007743842414537893,0.04210555426614806,-0.04290294311711588
367,10.0,-0.042007214650688435,3.051275324850031e-5,0.005523835012787792,0.01144647281792235,0.042007214650688435,-0.04200977474085749
368,4.0,-0.04212931165317034,0.00014019312936742703,0.011840317958882145,0.006564820404546815,0.04212931165317034,-0.04273800967033162
369,10.0,-0.04221963858806932,1.4339380049367227e-5,0.0037867373884872485,0.002537410382991282,0.04221963858806932,-0.04226449967381381
370,25.0,-0.04221959980914989,7.03065227416249e-6,0.0026515377187893235,0.015079155692001868,0.04221959980914989,-0.042016371478071454
371,10.0,-0.04237698105408566,5.964119400784185e-5,0.007722771135275332,0.005798693143703172,0.04237698105408566,-0.0428281371271277
372,25.0,-0.042392824971374754,3.72494611811575e-5,0.006103233665947708,0.037744260499053855,0.042392824971374754,-0.04126179113835281
373,10.0,-0.04261228647780766,9.152462660335468e-5,0.009566850401430696,0.04417281140970945,0.04261228647780766,-0.04170215651465659
374,4.0,-0.04141710115021167,0.0012234289066480224,0.034977548608329065,0.01003224808316241,0.04141710115021167,-0.048014022408467576
375,10.0,-0.04160399137503671,0.00012516651551281127,0.011187784209253022,0.02106436146609504,0.04160399137503671,-0.0417450240481403
376,4.0,-0.04207874454744549,0.000416409827272301,0.020406122298768595,0.007092693790468138,0.04207874454744549,-0.04389961213490641
377,10.0,-0.04211944710410404,2.444795586913887e-5,0.004944487422285436,0.007669587772576635,0.04211944710410404,-0.04219964948019343
378,4.0,-0.042335510754769656,6.485488691270676e-5,0.008053253188166057,0.006125258387320073,0.042335510754769656,-0.04234255784698026
379,10.0,-0.04217664848091486,1.283627992878149e-5,0.003582775450510608,0.006654055607365542,0.04217664848091486,-0.04211213730537319
380,4.0,-0.04233403743215233,0.00017434955019478027,0.013204148976544466,0.004477729593786202,0.04233403743215233,-0.04298547455127512
381,10.0,-0.04248417155029066,3.758055562343714e-5,0.006130298167580199,0.014339280636280127,0.04248417155029066,-0.04195306367241628
382,4.0,-0.04228030313833471,0.0001566935163437626,0.012517728082354346,0.006016726028911365,0.04228030313833471,-0.04291295207042537
383,10.0,-0.042152667956688684,1.5623375350916672e-5,0.0039526415662081826,0.0036996588296180763,0.042152667956688684,-0.042237275361933904
384,25.0,-0.042213229232989986,8.343435521766918e-6,0.002888500566343534,0.01706639105865546,0.042213229232989986,-0.0419557039480975
385,10.0,-0.04220276012401639,4.435876463613323e-5,0.006660237581057693,0.011846511203216965,0.04220276012401639,-0.042541566397707634
386,4.0,-0.04218334013710062,6.001417352601169e-5,0.007746881535560724,0.00943375161096658,0.04218334013710062,-0.04240302532790079
387,10.0,-0.042015363253301484,1.6391137126637342e-5,0.004048596933091431,0.013544125102945198,0.042015363253301484,-0.04217672455754058
388,4.0,-0.04247813875115417,9.323199597229963e-5,0.00965567169969545,0.010195877762120904,0.04247813875115417,-0.0425351867793276
389,10.0,-0.042543268361979844,1.920354304212381e-5,0.004382184733911136,0.012869432586166487,0.042543268361979844,-0.04220151312443163
390,4.0,-0.04231991765014101,0.00027309764548894943,0.01652566626460033,0.001498077857244302,0.04231991765014101,-0.04346326855101479
391,10.0,-0.042017533998553465,2.763241620806045e-5,0.0052566544691524525,0.00897964106377592,0.042017533998553465,-0.042122769838939624
392,4.0,-0.04260521518555769,3.7691597757425944e-5,0.006139348316997981,0.011767355396273223,0.04260521518555769,-0.04184569873036078
393,1.6,-0.0424376042686275,0.000943270728314359,0.030712712812683268,0.007426333102913621,0.0424376042686275,-0.04381462942787799
394,4.0,-0.04237053196345544,7.488805490156179e-5,0.008653788471043292,0.0018795166780203262,0.04237053196345544,-0.042396546829215474
395,10.0,-0.042342363739551844,6.960719770772881e-5,0.008343092814282293,0.019996809920893522,0.042342363739551844,-0.04139440315280692
396,4.0,-0.0422450098943318,0.00042470126851541556,0.020608281551730983,0.006156454856774802,0.0422450098943318,-0.04413190298032358
397,10.0,-0.04218594038330538,2.411110677224197e-5,0.004910306179072948,0.001869374024289493,0.04218594038330538,-0.04228098266412548
398,25.0,-0.042146762495686094,8.980333238702199e-6,0.002996720413836132,0.01488596381091793,0.042146762495686094,-0.041970030707987736
399,10.0,-0.04233787938283007,5.4155850655074584e-5,0.0073590658819631845,0.00882133905463773,0.04233787938283007,-0.04273135527720664
400,25.0,-0.042439804461055025,2.1142414361572142e-5,0.004598088120248691,0.027637158732281203,0.042439804461055025,-0.04168399212687585
401,10.0,-0.042035962404161735,9.70405759378849e-5,0.009850917517565809,0.009787627936001807,0.042035962404161735,-0.043198306809549794
402,25.0,-0.042002615769450816,1.3550286896325872e-5,0.003681071433200648,0.02139031141601757,0.042002615769450816,-0.042007781417453136
403,10.0,-0.04196741148526465,2.258391937977778e-5,0.0047522541366995285,0.016246849345810086,0.04196741148526465,-0.041820851041604365
404,4.0,-0.04185083594633934,3.524293688813734e-5,0.005936576192397209,0.017247568575021913,0.04185083594633934,-0.04169482468058367
405,1.6,-0.043859286148120055,0.0035805201994677733,0.05983744813632825,0.007795114119519373,0.043859286148120055,-0.05041731162047414
406,4.0,-0.04370439470246858,0.0002529625026080807,0.01590479495649286,0.0019096122595576445,0.04370439470246858,-0.043196652015468406
407,10.0,-0.04288997825121857,4.7329274808001056e-5,0.006879627519568269,0.011859577256623118,0.04288997825121857,-0.041877157127473814
408,4.0,-0.04119643451474577,5.097375142639032e-5,0.007139590424274373,0.009253482192992013,0.04119643451474577,-0.041330282577604495
409,1.6,-0.0412277709292041,5.191777127869258e-5,0.007205398759173053,0.014510251302378234,0.0412277709292041,-0.04104530820391543
410,0.6400000000000001,-0.037620181101661876,0.005969682083377012,0.0772637177682838,0.0025247623792245977,0.037620181101661876,-0.04991447447963177
411,1.6000000000000003,-0.040652403102346246,0.0008564464464403125,0.02926510629470381,0.007212725831088536,0.040652403102346246,-0.04363689538039574
412,4.000000000000001,-0.04196888899898377,0.00010951241308869824,0.010464817871740447,0.003680331970638185,0.04196888899898377,-0.042586310174640006
413,10.000000000000002,-0.04243222817420001,6.30846592126182e-5,0.007942585171883157,0.012104944182603017,0.04243222817420001,-0.04150488559027305
414,4.000000000000001,-0.042258038213553575,0.0003388775107195144,0.01840862598673552,0.008381168596300382,0.042258038213553575,-0.043459784278639335
415,10.000000000000002,-0.042204719334416545,2.9596048048577293e-5,0.0054402249998118,0.007219364477259932,0.042204719334416545,-0.04208517050921118
416,4.000000000000001,-0.04217135450377967,3.1313591325699564e-5,0.005595854834223236,0.008233362470637572,0.04217135450377967,-0.04172532690242901
417,1.6000000000000005,-0.04210527548763759,3.9473065851831264e-5,0.006282759413811042,0.006814712004469021,0.04210527548763759,-0.041624753202664865
418,4.000000000000001,-0.042222307166377475,0.0003224753490190365,0.017957598642887544,0.005078614864372279,0.042222307166377475,-0.04357737268526396
419,10.000000000000002,-0.042526427106675146,0.00011234769538486224,0.01059941957773454,0.025806605254117106,0.042526427106675146,-0.04106780451922748
420,4.000000000000001,-0.041965294040716264,0.0005644189052020404,0.023757502082543114,0.004554078490104857,0.041965294040716264,-0.04472119835936919
421,10.000000000000002,-0.041979198553955925,5.3996258933551456e-5,0.00734821467661033,0.013352701748073563,0.041979198553955925,-0.041877226769661886
422,4.000000000000001,-0.04220333328484339,8.066447561703841e-5,0.00898134041315874,0.011962566442627312,0.04220333328484339,-0.041534724430368014
423,1.6000000000000005,-0.04152585009056992,0.001519298853438428,0.03897818432711339,0.005574261346489591,0.04152585009056992,-0.045366660521888084
424,4.000000000000001,-0.04180420696304889,0.00017698251187636704,0.01330347743548156,0.009209613617703867,0.04180420696304889,-0.04207489300251166
425,10.000000000000002,-0.041818822279985846,6.825281992792759e-5,0.008261526488968465,0.023145400853718898,0.041818822279985846,-0.041142812808679013
426,4.000000000000001,-0.04241528831729596,0.00015009970345530193,0.012251518414274286,0.01816813243915492,0.04241528831729596,-0.04114192763193561
427,1.6000000000000005,-0.04283195181823652,0.0024807869954778347,0.04980749938992957,0.0015548718414187149,0.04283195181823652,-0.04860078269878242
428,4.000000000000001,-0.043054778793186546,0.0003735659247280064,0.019327853598576496,0.012756051546138654,0.043054778793186546,-0.04209725532718118
429,10.000000000000002,-0.04265462436604852,7.953670438008348e-5,0.008918335291974814,0.013486533444485938,0.04265462436604852,-0.0415395216408291
430,4.000000000000001,-0.0412141354010377,0.000408707606945502,0.020216518170681666,0.005434107842940222,0.0412141354010377,-0.04401769107367545
431,10.000000000000002,-0.04160151343834662,2.756273969224654e-5,0.005250022827783374,0.006062571284528701,0.04160151343834662,-0.04222177230969082
432,25.000000000000004,-0.04195591980920992,6.379483066275825e-6,0.0025257638579795666,0.010261630695520206,0.04195591980920992,-0.04209715305778369
433,10.000000000000002,-0.042259806515968674,2.2969665973441816e-5,0.004792667938991999,0.011526609595873117,0.042259806515968674,-0.042314886213807176
434,4.000000000000001,-0.04315705517470185,6.62262806568232e-5,0.00813795309994001,0.00697815192464453,0.04315705517470185,-0.04249759833097319
435,10.000000000000002,-0.0428109998805544,8.167809571043753e-6,0.0028579379928619433,0.0021738255973009764,0.0428109998805544,-0.042347624310666195
436,25.000000000000004,-0.04244520368275779,3.236364551676054e-6,0.001798989869809181,0.0073460398515077146,0.04244520368275779,-0.042206811782473534
437,10.000000000000002,-0.04200174043412231,1.0905307782918116e-5,0.003302318546554544,0.007129401207116769,0.04200174043412231,-0.04231866282205516
438,4.000000000000001,-0.04148118198569864,2.1993222024746862e-5,0.004689693169573769,0.003706421673861426,0.04148118198569864,-0.042345970746771586
439,10.000000000000002,-0.041841204900132156,3.720737529921497e-6,0.0019289213384483818,0.0030393493580213086,0.041841204900132156,-0.04229527199743682
440,4.000000000000001,-0.042624378822683946,9.309961722074439e-5,0.009648814290924268,0.0033310089818256094,0.042624378822683946,-0.04273462196139264
441,10.000000000000002,-0.042593426226996765,1.192860199714506e-5,0.003453780826448757,0.0012374202664201146,0.042593426226996765,-0.042293292940862814
442,25.000000000000004,-0.042393384674775145,6.508253827622289e-6,0.0025511279520287274,0.009592082130109114,0.042393384674775145,-0.042033895717114585
443,10.000000000000002,-0.04213608515375978,3.374330410267525e-5,0.0058088986996396525,0.008232418244920858,0.04213608515375978,-0.04249155783993972
444,4.000000000000001,-0.04159886933080835,3.702149562505591e-5,0.006084529203237989,0.0062387551552050835,0.04159886933080835,-0.04232499358169214
445,10.000000000000002,-0.04193694634319969,9.77661853907501e-6,0.003126758471496481,0.005410845287896342,0.04193694634319969,-0.042359778435541895
446,4.000000000000001,-0.04233211069273368,2.9314639907415157e-5,0.005414299576807249,0.004385107563247318,0.04233211069273368,-0.04240195382840274
447,10.000000000000002,-0.04242227151479667,5.856701731295325e-6,0.002420062340373761,0.0011815083291655604,0.04242227151479667,-0.042328444562075296
448,25.000000000000004,-0.04233275814553243,5.127142612765784e-6,0.002264319459079435,0.011673797776472055,0.04233275814553243,-0.042145471167266774
449,10.000000000000002,-0.04212728240862874,1.9906279372638083e-5,0.004461645366077192,0.008330528042029741,0.04212728240862874,-0.04229809737537184
450,4.000000000000001,-0.04221421216990113,0.0001868404478605558,0.013668959282277338,0.003946117989422437,0.04221421216990113,-0.04313511459133554
451,10.000000000000002,-0.0423316053577249,1.888744703617385e-5,0.00434596905605342,0.005657470286097355,0.0423316053577249,-0.04227133399639982
452,4.000000000000001,-0.042439902104551994,3.904111608579829e-5,0.006248289052676603,0.006356128814611253,0.042439902104551994,-0.04228995196791678
453,10.000000000000002,-0.04246941797712483,8.226528819847392e-6,0.0028681926050820564,0.004715882721245942,0.04246941797712483,-0.04223006881749421
454,4.000000000000001,-0.04212933323151506,6.83686504973147e-5,0.008268533757403104,0.003710129686016702,0.04212933323151506,-0.04254546690741579
455,10.000000000000002,-0.04232707616087527,1.398971494844702e-5,0.0037402827364314347,0.008252999086113206,0.04232707616087527,-0.04219340659352456
456,4.000000000000001,-0.04199415595766621,5.875669450845137e-5,0.007665291547518031,0.002930120674845117,0.04199415595766621,-0.04250919890499903
457,10.000000000000002,-0.04204868843712967,2.6975256299108088e-5,0.005193770913229432,0.015682886063766263,0.04204868843712967,-0.04200432859133404
458,4.000000000000001,-0.04206763593390072,6.344908639725747e-5,0.007965493481088128,0.012292914387845093,0.04206763593390072,-0.042038243481844
459,1.6000000000000005,-0.04261225055812335,0.0010875816876517294,0.032978503417404034,0.003924109940864263,0.04261225055812335,-0.04429233963441643
460,4.000000000000001,-0.042635225991299194,0.00014080130543518249,0.01186597258698934,0.007836382039531343,0.042635225991299194,-0.04200966657742436
461,10.000000000000002,-0.042487757638255255,2.9286223642438828e-5,0.005411674753940671,0.008266981259161265,0.042487757638255255,-0.04212407880044771
462,4.000000000000001,-0.04192934996022331,9.928646662467072e-5,0.00996425946193046,0.006942536656151626,0.04192934996022331,-0.04246979429521701
463,10.000000000000002,-0.04198861894086526,1.1497125398659193e-5,0.0033907411282283395,0.004937624064865377,0.04198861894086526,-0.042211072230089554
464,4.000000000000001,-0.04227952809281098,1.3627611237836557e-5,0.0036915594587974003,0.005364419846696171,0.04227952809281098,-0.0420815371440335
465,1.6000000000000005,-0.042719665592213164,0.000593149254298896,0.024354655700684746,0.006747109442964138,0.042719665592213164,-0.04318436919128705
466,4.000000000000001,-0.042828429425891525,0.00010033225159087602,0.01001659880352987,0.008486103694312573,0.042828429425891525,-0.0420765303630392
467,10.000000000000002,-0.04243704138100006,2.2149617679153147e-5,0.004706338032818419,0.008359004603861108,0.04243704138100006,-0.042229254011479145
468,4.000000000000001,-0.04165086633505648,3.8511127464660894e-5,0.006205733434869797,0.005782505523751582,0.04165086633505648,-0.04228603344337519
469,10.000000000000002,-0.04186213726905855,7.304829396745817e-6,0.0027027447894216383,0.005143510663315981,0.04186213726905855,-0.04218137512277937
470,4.000000000000001,-0.04256786425052065,0.00011227732712880634,0.010596099618671313,0.004736518407257869,0.04256786425052065,-0.04273363216692548
471,10.000000000000002,-0.04251369723500969,3.910954799370153e-5,0.00625376270685909,0.014669692667558304,0.04251369723500969,-0.04188737591976888
472,4.000000000000001,-0.04227038206653605,0.00018959663061130213,0.013769409232472616,0.005396125210769981,0.04227038206653605,-0.043093193025572185
473,10.000000000000002,-0.04225457472086685,4.9574595414352435e-5,0.0070409229092749225,0.014643840891738036,0.04225457472086685,-0.04181932978336923
474,4.000000000000001,-0.0419603369226382,0.0002136042713996028,0.014615206854492439,0.008901171272980915,0.0419603369226382,-0.0430203336216365
475,10.000000000000002,-0.04215313228014213,1.6070964728848433e-5,0.004008860776935068,0.004093030699469649,0.04215313228014213,-0.042314790508538105
476,25.000000000000004,-0.04205493157853841,1.1256693772092379e-5,0.00335509966649165,0.020256640260426208,0.04205493157853841,-0.04188106362619728
477,10.000000000000002,-0.04237714150473206,7.67688810039964e-5,0.008761785263517726,0.009207330616856572,0.04237714150473206,-0.04299800231034519
478,25.000000000000004,-0.042361389584424994,8.347400452723033e-6,0.0028891868151303462,0.012574145372196515,0.042361389584424994,-0.04212358903882398
479,10.000000000000002,-0.042386308174534114,2.8729147348118064e-5,0.005359957774844692,0.012422393462827567,0.042386308174534114,-0.04239999158891093
480,4.000000000000001,-0.04221296422137737,0.00012674230678935857,0.011257988576533491,0.006231044919013772,0.04221296422137737,-0.042816197047013727
481,10.000000000000002,-0.04234608166955751,1.832171664910737e-5,0.004280387441471551,0.007792960845599213,0.04234608166955751,-0.04227714548772596
482,4.000000000000001,-0.04213364679410461,2.197752710549182e-5,0.004688019529128672,0.00928247863801662,0.04213364679410461,-0.0420447202146368
483,1.6000000000000005,-0.04198147572121784,0.0002484962667744236,0.015763764359264687,0.009703038400188584,0.04198147572121784,-0.04252655665047792
484,4.000000000000001,-0.042023615228868695,8.186500059959714e-5,0.009047927972723763,0.0013677542603821996,0.042023615228868695,-0.042649489295663916
485,10.000000000000002,-0.04204713055293012,1.85393385379414e-5,0.004305733217228095,0.010249015962041957,0.04204713055293012,-0.04217210343656379
486,4.000000000000001,-0.0424684595251146,4.897442876751447e-5,0.006998173245034341,0.007906595489963373,0.0424684595251146,-0.042345982332947514
487,10.000000000000002,-0.04243621774088995,7.961691664878279e-6,0.0028216469773659283,0.005785074193518685,0.04243621774088995,-0.04225352959239864
488,4.000000000000001,-0.042339116073676214,2.0385414945242733e-5,0.0045150210348616025,0.006338395995308794,0.042339116073676214,-0.042301687339969356
489,1.6000000000000005,-0.04212854072482541,0.0003545193705353354,0.01882868477975388,0.003620690480565168,0.04212854072482541,-0.04298579794949923
490,4.000000000000001,-0.04228424184647752,6.021813624209522e-5,0.007760034551604472,0.006266123349422163,0.04228424184647752,-0.04222864532506896
491,10.000000000000002,-0.04230296711868115,1.5533936928268403e-5,0.003941311574624417,0.007338067199534367,0.04230296711868115,-0.042174736966400325
492,4.000000000000001,-0.04239907851123658,2.4320117701132482e-5,0.004931543135888855,0.007455727714190887,0.04239907851123658,-0.04211666776148606
493,1.6000000000000005,-0.0420880342618049,0.0006130566839320022,0.024759981501043214,0.0037853357473749782,0.0420880342618049,-0.043410113150503915
494,4.000000000000001,-0.04221898577744753,5.40037355049624e-5,0.0073487233928732415,0.004513182922927683,0.04221898577744753,-0.04225080069913114
495,10.000000000000002,-0.04230866786916872,1.3548714410277743e-5,0.0036808578361949462,0.00603960807229841,0.04230866786916872,-0.04213388536115975
496,4.000000000000001,-0.04240207169329061,1.5979254373569874e-5,0.003997405955562917,0.006562630847098817,0.04240207169329061,-0.041968382571063535
497,1.6000000000000005,-0.0421552084237928,0.0007242123422240745,0.026911193623176108,0.0016283125419181972,0.0421552084237928,-0.043607426916601306
498,4.000000000000001,-0.0421573570383599,7.703482659610457e-5,0.008776948592540837,0.004951327658655346,0.0421573570383599,-0.04224739846289932
499,10.000000000000002,-0.042198913594322554,2.1087446580196044e-5,0.004592106987015442,0.010830522564351908,0.042198913594322554,-0.042000744344177374
500,4.000000000000001,-0.04192270071305413,2.5548407251846036e-5,0.005054543228803769,0.008161733668001854,0.04192270071305413,-0.04175926089997709
501,1.6000000000000005,-0.042578288204077344,3.585806417838695e-5,0.0059881603333901265,0.008607213090263304,0.042578288204077344,-0.04168138742653596
502,0.6400000000000002,-0.04220863973074003,0.005212737333845512,0.07219928901204992,0.004086252291788026,0.04220863973074003,-0.0475232674639325
503,1.6000000000000005,-0.04268804451239149,0.0007906047104686532,0.02811769390381532,0.009432465740302544,0.04268804451239149,-0.04253547096213717
504,4.000000000000001,-0.04250214997848599,0.00013865015244533368,0.011774979933967348,0.0056918798617944955,0.04250214997848599,-0.042303435412902636
505,10.000000000000002,-0.04238644647043184,3.217065262467464e-5,0.005671917896503319,0.010312561867732859,0.04238644647043184,-0.041905664821452485
506,4.000000000000001,-0.04187041274967017,0.00016207181126298261,0.012730742761637383,0.00971000098742774,0.04187041274967017,-0.04263495880127515
507,10.000000000000002,-0.04197143931198033,1.6853342298869424e-5,0.0041052822435088945,0.002029818194817475,0.04197143931198033,-0.04215858177648381
508,25.000000000000004,-0.04208559524053989,1.2397702207316095e-5,0.0035210370925788464,0.018935774965912998,0.04208559524053989,-0.041691107428083275
509,10.000000000000002,-0.04232772766777675,0.00010974468042007233,0.01047590952710419,0.003029891285543496,0.04232772766777675,-0.04332016224486017
510,25.000000000000004,-0.04227967575219629,1.1107037435307814e-5,0.003332722225945003,0.021141871741104986,0.04227967575219629,-0.04201898434012198
511,10.000000000000002,-0.042275885883129145,3.430241652088058e-5,0.005856826488882916,0.01241467869312054,0.042275885883129145,-0.04235272924614154
512,4.000000000000001,-0.0421560304012658,0.00020141913209258193,0.014192220830179536,0.008477347015562431,0.0421560304012658,-0.043216718330785296
513,10.000000000000002,-0.04221959889958402,2.1578746231162728e-5,0.004645292911234202,0.006375672788019118,0.04221959889958402,-0.04238955907455926
514,4.000000000000001,-0.042258632488103916,4.521646692155425e-5,0.006724319067500757,0.002486913283456027,0.042258632488103916,-0.04244522831642012
515,10.000000000000002,-0.04231628911869082,2.3219496971789814e-5,0.004818661325699266,0.014325613531029305,0.04231628911869082,-0.04203167302368594
516,4.000000000000001,-0.04219133418020747,0.00014524902030092296,0.012051930148358933,0.005283391676554334,0.04219133418020747,-0.042810019415686344
517,10.000000000000002,-0.0422726559102979,1.5431178632603093e-5,0.003928253891056826,0.008940198826184824,0.0422726559102979,-0.04221071404934656
518,4.000000000000001,-0.04227567000460265,5.3557659161909425e-5,0.007318309856921161,0.00583003268421635,0.04227567000460265,-0.04245286317780747
519,10.000000000000002,-0.04227183776015517,1.206783962333101e-5,0.003473879621306848,0.01152961675542119,0.04227183776015517,-0.04218331598637831
520,4.000000000000001,-0.042137365024036116,5.3507356076435686e-5,0.007314872252912944,0.0013670845215985972,0.042137365024036116,-0.04249663384359916
521,10.000000000000002,-0.042234116358038865,8.853426706697538e-6,0.002975470837816687,0.010747780498518492,0.042234116358038865,-0.042241818448250056
522,4.000000000000001,-0.04249252621552212,1.539107578355102e-5,0.003923146158831076,0.007669131006831255,0.04249252621552212,-0.04222189202073972
523,1.6000000000000005,-0.042421309244783004,9.942895591966674e-5,0.009971406917765754,0.01288480659934931,0.042421309244783004,-0.04239406206951903
524,0.6400000000000002,-0.041126216143891975,0.001694133527796735,0.04115985335003922,0.00159042853553677,0.041126216143891975,-0.04361658842749876
525,1.6000000000000005,-0.04164359433007701,0.00025824507506388874,0.01607000544691534,0.007421277214501308,0.04164359433007701,-0.042251790508508434
526,4.000000000000001,-0.04199564423768532,7.021690506581009e-5,0.008379552796289913,0.006686976115971109,0.04199564423768532,-0.042164809449108796
527,10.000000000000002,-0.042200469458169104,2.057311590102871e-5,0.004535759682900838,0.010427286238302564,0.042200469458169104,-0.04198572401522612
528,4.000000000000001,-0.04242905967740298,0.00015280589416680678,0.012361468123439334,0.006079278826540373,0.04242905967740298,-0.04280298282979004
529,10.000000000000002,-0.0424154987825533,1.8897697682247487e-5,0.004347148224094445,0.009800789809582636,0.0424154987825533,-0.04216408032646225
530,4.000000000000001,-0.0422325543247223,4.8830784759760855e-5,0.006987902744011314,0.009287427770554857,0.0422325543247223,-0.04231324852609629
531,1.6000000000000005,-0.04201927542262255,0.00037966495167861817,0.019484992986363074,0.005389329844589373,0.04201927542262255,-0.042909718609460454
532,4.000000000000001,-0.04217868269434339,5.419757929119461e-5,0.007361900521685593,0.00729876510175454,0.04217868269434339,-0.042316713473447023
533,10.000000000000002,-0.04216180108370958,2.236460294926741e-5,0.004729122851995644,0.011181491817533352,0.04216180108370958,-0.041999824218031605
534,4.000000000000001,-0.04253512024839981,8.991296613572885e-5,0.009482244783579933,0.015226343738268928,0.04253512024839981,-0.04242935283137096
535,1.6000000000000005,-0.042340950792602694,0.00029093231203394224,0.017056738024427243,0.008753636804239226,0.042340950792602694,-0.04272802497208723
536,4.000000000000001,-0.04239503755955298,8.109702214233457e-5,0.009005388505907702,0.01689490626229564,0.04239503755955298,-0.04207683786146506
537,1.6000000000000005,-0.0417798852219188,0.0004373132722483212,0.020912036539952803,0.007057416209768877,0.0417798852219188,-0.042924087523786514
538,4.000000000000001,-0.04215005407439881,4.843691465729696e-5,0.006959663401149294,0.011759466186711212,0.04215005407439881,-0.04222163915366702
539,1.6000000000000005,-0.04194636869492705,0.00020662256691308836,0.014374371878906165,0.005895576669197774,0.04194636869492705,-0.042549019873268035
540,4.000000000000001,-0.04218488599991483,2.2870578685740697e-5,0.0047823193834938185,0.0015081991808049248,0.04218488599991483,-0.04228865999557623
541,10.000000000000002,-0.042196630046155564,2.0856343441984655e-5,0.0045668745813723256,0.014466478834691704,0.042196630046155564,-0.041987731430542984
542,4.000000000000001,-0.04234306848405577,0.00014831078262720297,0.012178291449427664,0.007941503422865833,0.04234306848405577,-0.042814914503562645
543,10.000000000000002,-0.04240362084943701,1.1701065233318203e-5,0.003420681983657382,0.01107478678183652,0.04240362084943701,-0.04225987464264971
544,4.000000000000001,-0.042358809807763256,2.5362107453928776e-5,0.005036080564678128,0.007827092917044563,0.042358809807763256,-0.042294641081636476
545,1.6000000000000005,-0.042158645206401224,0.00015325690939208073,0.012379697467712236,0.007039245107165734,0.042158645206401224,-0.04254399842879264
546,4.000000000000001,-0.042240518362504975,3.82467615586643e-5,0.0061843966204201605,0.006964827535999661,0.042240518362504975,-0.04231099170094955
547,10.000000000000002,-0.042278361897717665,8.490847878808828e-6,0.0029139059488612236,0.004895546271613967,0.042278361897717665,-0.04228954316292055
548,4.000000000000001,-0.04236312647720873,1.5067109977892319e-5,0.0038816375381908494,0.0014450399580475208,0.04236312647720873,-0.0423319797258318
549,10.000000000000002,-0.042415901540801035,7.104061586674652e-6,0.0026653445530877714,0.012820511271382135,0.042415901540801035,-0.04220848485043999
550,4.000000000000001,-0.04223429252913177,3.9947557537367154e-5,0.006320408019848652,0.004428523158814806,0.04223429252913177,-0.042433510525065846
551,10.000000000000002,-0.04226994553906109,4.877871152627465e-6,0.002208590308913689,0.009755672136718675,0.04226994553906109,-0.04226047671995504
552,4.000000000000001,-0.04212732057325092,2.279825322379772e-5,0.004774751640012046,0.0030992019487417334,0.04212732057325092,-0.04238424134731553
553,10.000000000000002,-0.04222975991179496,2.6141712777101814e-6,0.0016168399047865505,0.0023146045603296478,0.04222975991179496,-0.042299471990171686
554,4.000000000000001,-0.04242007115140874,4.901391893356011e-6,0.0022139087364559567,0.005997461233356248,0.04242007115140874,-0.04228981728720572
555,1.6000000000000005,-0.04238827434286467,0.00013852771226227132,0.011769779618254171,0.004003958650793648,0.04238827434286467,-0.042503862814210494
556,4.000000000000001,-0.042507594569658365,0.00013606180193892573,0.011664553225002908,0.019914013658848664,0.042507594569658365,-0.04172841958896114
557,1.6000000000000005,-0.0417721980959546,0.0006672098590486241,0.02583040570816928,0.007640310843909257,0.0417721980959546,-0.04349999954744409
558,4.000000000000001,-0.04202985702427822,3.781753659081122e-5,0.006149596457558107,0.0028324415051820227,0.04202985702427822,-0.04245724028936683
559,10.000000000000002,-0.042249566639453943,1.2153468398570437e-5,0.0034861824964523068,0.0108942716225576,0.042249566639453943,-0.04218042066790027
560,4.000000000000001,-0.04242623133928481,6.297366930140403e-5,0.007935595081744282,0.003577174247104174,0.04242623133928481,-0.0425111684390013
561,10.000000000000002,-0.042416001872191036,3.7798686829641304e-5,0.006148063665060838,0.021255795846807434,0.042416001872191036,-0.04186283279902958
562,4.000000000000001,-0.04216608795454067,0.00022523784183679584,0.015007925967194663,0.0034745017916772646,0.04216608795454067,-0.043265154525793624
563,10.000000000000002,-0.04226604102169761,1.7609867217343022e-5,0.004196411230723584,0.008516429423532867,0.04226604102169761,-0.04219584342470142
564,4.000000000000001,-0.04223151788262945,6.0294063016639937e-5,0.007764925177787609,0.004823456466012498,0.04223151788262945,-0.042511023369645455
565,10.000000000000002,-0.04219500416233204,8.896370056480304e-6,0.0029826783360731852,0.011544688802261312,0.04219500416233204,-0.042238223982432856
566,4.000000000000001,-0.042368337557482205,2.2294611742762075e-5,0.004721717033321891,0.007277613755583319,0.042368337557482205,-0.04231124995598675
567,1.6000000000000005,-0.04248414297340453,7.318937649747784e-5,0.008555078988383324,0.0055052589274888165,0.04248414297340453,-0.042434613629812074
568,4.000000000000001,-0.042382229948250735,1.5540298390144902e-5,0.003942118515486933,0.0012931929281589716,0.042382229948250735,-0.04235900661482211
569,10.000000000000002,-0.042288160741124944,3.3775387422965987e-6,0.0018378081353331197,0.005114385820173739,0.042288160741124944,-0.04229959421443849
570,4.000000000000001,-0.042282125494656424,1.218718002487674e-5,0.0034910141828524187,0.0026685625062389372,0.042282125494656424,-0.04235450763275684
571,10.000000000000002,-0.04226132816679088,2.1705232518296844e-6,0.0014732695788041252,0.002341622510908311,0.04226132816679088,-0.04231097690451757
572,4.000000000000001,-0.042268383607317155,5.128373825109224e-6,0.002264591315250773,0.0033635915319647947,0.042268383607317155,-0.04232938733198404
573,1.6000000000000005,-0.042434018658878234,5.446728521907098e-6,0.0023338227271811154,0.0025370733293842034,0.042434018658878234,-0.042308616564263206
574,4.000000000000001,-0.042376182029573134,2.747329765981127e-6,0.0016575070937951146,0.0044540330306498555,0.042376182029573134,-0.04231434191355328
575,1.6000000000000005,-0.04232113460315439,5.989540834246847e-6,0.002447353843286019,0.002704338337234568,0.04232113460315439,-0.04232180409506538
576,4.000000000000001,-0.0422720868752175,1.7322018942491255e-6,0.0013161314122264256,0.0011277796618485549,0.0422720868752175,-0.04231037817779606
577,10.000000000000002,-0.042296848863162345,7.598047135795753e-7,0.0008716677770685201,0.0008569584703426842,0.042296848863162345,-0.042314477742017034
578,25.000000000000004,-0.04230916364172179,3.364568927352103e-7,0.0005800490433878934,0.000995558483278649,0.04230916364172179,-0.042304325217066036
579,10.000000000000002,-0.04232717082507969,4.888902708953368e-7,0.0006992068870479872,0.003408932470173392,0.04232717082507969,-0.042297645688348505
580,4.000000000000001,-0.04237375494722156,4.783492898223346e-6,0.002187119772262906,0.005256718194388167,0.04237375494722156,-0.042322567119659024
581,1.6000000000000005,-0.04234239040059954,2.611046460327033e-5,0.005109839978244948,0.003546313653299247,0.04234239040059954,-0.04236965108769415
582,4.000000000000001,-0.042298644565241635,5.502535753982785e-6,0.0023457484421784843,0.0007873750619342999,0.042298644565241635,-0.042350849173296415
583,10.000000000000002,-0.04226873088147525,3.0489266854941902e-6,0.0017461176035691842,0.001205855919819135,0.04226873088147525,-0.042308594565032887
584,25.000000000000004,-0.0423026362469077,1.0396223388144807e-6,0.0010196187222753811,0.006373714433528364,0.0423026362469077,-0.04230865426137126
585,10.000000000000002,-0.04228273894413038,2.8481104585644144e-6,0.0016876345749493326,0.004911074582752357,0.04228273894413038,-0.042339828083602774
586,4.000000000000001,-0.042319584454147526,3.1820984222808287e-6,0.0017838437213727072,0.004123299489484455,0.042319584454147526,-0.04231434141742417
587,1.6000000000000005,-0.04247004946961997,5.640771161084722e-6,0.0023750307705553463,0.0028315542261419923,0.04247004946961997,-0.042314507940108326
588,4.000000000000001,-0.042442827960226845,1.5087187893703892e-6,0.001228299144903386,0.002042229410830365,0.042442827960226845,-0.04230705232791455
589,1.6000000000000005,-0.04228778233154257,5.0964328112394705e-5,0.00713893045997751,0.0033478612351072437,0.04228778233154257,-0.04241226171490439
590,4.000000000000001,-0.042245769594607414,3.733373372319757e-5,0.006110133691106732,0.009312495993218251,0.042245769594607414,-0.04218043343593782
591,1.6000000000000005,-0.042330544236809244,0.000202872289624571,0.014243324388097429,0.0008150406690255797,0.042330544236809244,-0.04266877763609395
592,4.000000000000001,-0.042359122268989226,2.641151731561154e-5,0.005139213686509984,0.011562412072187223,0.042359122268989226,-0.042226123832741734
593,1.6000000000000005,-0.04226220689378473,0.00010537387689770756,0.01026517787949666,0.0030132906817853713,0.04226220689378473,-0.04248877057874669
594,4.000000000000001,-0.04234416087692326,1.0482996111248886e-5,0.0032377455291064624,0.003704055222891365,0.04234416087692326,-0.04231259906113869
595,10.000000000000002,-0.04227516344755375,3.2065368009169883e-6,0.0017906805412794848,0.007907695199741466,0.04227516344755375,-0.04228997998283189
596,4.000000000000001,-0.042368954155205994,9.25120264724685e-6,0.003041578972712504,0.0038972731429988156,0.042368954155205994,-0.04231888362809815
597,1.6000000000000005,-0.0423481121253107,6.572105766845363e-5,0.008106852513056694,0.0007462404329748775,0.0423481121253107,-0.04242025960064364
598,4.000000000000001,-0.04236634050127991,2.4351168055439273e-5,0.004934690269453522,0.010749071488793048,0.04236634050127991,-0.04223673792352443
599,1.6000000000000005,-0.042186218199929265,0.00011650524055123362,0.010793759333579456,0.003412762093850171,0.042186218199929265,-0.04251078244548522
600,4.000000000000001,-0.04227721049665335,1.1425760956014353e-5,0.0033802013188587382,0.004458640727420531,0.04227721049665335,-0.04231809172283281
601,1.6000000000000005,-0.042460162125545126,1.3936017401373514e-5,0.003733097561191445,0.004346704578661431,0.042460162125545126,-0.0422788159550957
602,4.000000000000001,-0.042336994664069205,8.948805238736155e-6,0.002991455371342878,0.0010374089531548624,0.042336994664069205,-0.04233914446212522
603,10.000000000000002,-0.04231223722350926,2.304411099720686e-6,0.001518028688701464,0.0018423441336990255,0.04231223722350926,-0.04229710750377591
604,25.000000000000004,-0.042290183909926664,2.186186225367075e-6,0.0014785757421813314,0.013915917555200807,0.042290183909926664,-0.0422211349691633
605,10.000000000000002,-0.042293122519921136,4.593901201951343e-6,0.002143338797752549,0.012893216965636398,0.042293122519921136,-0.042192619414531916
606,4.000000000000001,-0.042419977359309836,0.00015148699220667304,0.012308005208264784,0.0071260101348304,0.042419977359309836,-0.04292087558114721
607,10.000000000000002,-0.04232723930745915,1.0212096029041815e-5,0.0031956370302401076,0.005678199260232107,0.04232723930745915,-0.042360776392657375
608,4.000000000000001,-0.04245766225511065,1.6182182799087792e-5,0.004022708391008201,0.0026901446337518433,0.04245766225511065,-0.04234488747918491
609,10.000000000000002,-0.04229896355573461,5.076519915526429e-6,0.0022531133827498407,0.0073845520463125215,0.04229896355573461,-0.04225847502923972
610,4.000000000000001,-0.04224022228774777,7.935572982385511e-6,0.002817014906312267,0.00603100516028852,0.04224022228774777,-0.042223889590502967
611,1.6000000000000005,-0.04226246529008217,0.00022877604913420688,0.015125344595552422,0.003516039887551894,0.04226246529008217,-0.04272757357260861
612,4.000000000000001,-0.04229236193345241,3.567344717255837e-5,0.005972725271813393,0.0043569624107719215,0.04229236193345241,-0.0423334050126368
613,10.000000000000002,-0.04221265909826495,2.8450385339290973e-5,0.0053338902631466815,0.01302026697161022,0.04221265909826495,-0.04191606357976354
614,4.000000000000001,-0.042434194798245714,0.00010750031413993619,0.01036823582582573,0.01337750806908513,0.042434194798245714,-0.04227298439072588
615,1.6000000000000005,-0.042220307807891315,0.0007308201937685361,0.02703368627783744,0.0040409389205204715,0.042220307807891315,-0.043668801219503325
616,4.000000000000001,-0.04220659367254736,5.6872201658349816e-5,0.007541366033972215,0.0019415576806275912,0.04220659367254736,-0.042474887732786876
617,10.000000000000002,-0.0422618590075056,2.6646075986985437e-5,0.005161983725951239,0.012128514363000444,0.0422618590075056,-0.04199880044305708
618,4.000000000000001,-0.04241806975671638,2.9381396599555404e-5,0.005420460921319829,0.009502950431547022,0.04241806975671638,-0.041649856310198574
619,1.6000000000000005,-0.04190926382344654,0.0010498896600100414,0.032402000864299126,0.007622356326221641,0.04190926382344654,-0.04414260314848571
620,4.000000000000001,-0.04215000397606139,9.731002784575305e-5,0.009864584524740667,0.0029078546007798804,0.04215000397606139,-0.042523628870321295
621,10.000000000000002,-0.04239513207291683,4.136452138474137e-5,0.006431525587661248,0.01515228125923688,0.04239513207291683,-0.04175864041450027
622,4.000000000000001,-0.04218314111825398,0.0002263590196285216,0.015045232455117522,0.0026043020092667278,0.04218314111825398,-0.04316337741530093
623,10.000000000000002,-0.04193700408460156,3.941252259930358e-5,0.006277939359320348,0.01514597458641019,0.04193700408460156,-0.041982306793639984
624,4.000000000000001,-0.042076019927132696,6.214507725457716e-5,0.007883214906025154,0.015147817711896461,0.042076019927132696,-0.04178745676089703
625,1.6000000000000005,-0.042785036453014666,0.0010378084283913227,0.03221503419820197,0.00750736692702469,0.042785036453014666,-0.044290826070447195
626,4.000000000000001,-0.04263136068581208,9.260197995000506e-5,0.009622992255530764,0.007131616712458519,0.04263136068581208,-0.042447341989996105
627,10.000000000000002,-0.0424732714570068,2.2326779504145347e-5,0.0047251221681714585,0.011200558852942343,0.0424732714570068,-0.042095296750566405
628,4.000000000000001,-0.042154931858183774,5.258052201832448e-5,0.007251242791296157,0.009659579825557018,0.042154931858183774,-0.042164074637135514
629,1.6000000000000005,-0.04146812704418771,5.796283110555727e-5,0.0076133324573117965,0.010481288379766916,0.04146812704418771,-0.04193784200875123
630,0.6400000000000002,-0.04022589955612264,0.0022929153064486446,0.04788439522901636,0.01517481986615127,0.04022589955612264,-0.043805287903293154
631,1.6000000000000005,-0.04116207131452108,0.0003276965838071546,0.01810239165986513,0.002661982839996685,0.04116207131452108,-0.04289390584798608
632,4.000000000000001,-0.04202453729094955,6.009165708575234e-5,0.007751880874068715,0.00903540868045223,0.04202453729094955,-0.04226079548917
633,10.000000000000002,-0.042277538417528265,1.8461779250582903e-5,0.0042967172644453695,0.008467309304845488,0.042277538417528265,-0.042162588350995976
634,4.000000000000001,-0.04257299468052711,1.9557450919813498e-5,0.004422380684632825,0.008905627481378303,0.04257299468052711,-0.04191651794232976
635,1.6000000000000005,-0.04262306897275298,2.6039236957290167e-5,0.005102865563317357,0.016015320379714326,0.04262306897275298,-0.041807127069213045
636,0.6400000000000002,-0.042623495976985025,0.003935227836253948,0.06273139434329472,0.002650027497336072,0.042623495976985025,-0.045523507840811994
637,1.6000000000000005,-0.042649454925355705,0.0004384799906363251,0.02093991381635381,0.0017207426393949777,0.042649454925355705,-0.04291126758432397
638,4.000000000000001,-0.04249364149576385,8.167363829297451e-5,0.009037346861384403,0.00416182910718715,0.04249364149576385,-0.042186402964320684
639,10.000000000000002,-0.04239730550208118,2.809461428136344e-5,0.005300435291687225,0.014820797407807245,0.04239730550208118,-0.041922513251114894
640,4.000000000000001,-0.041602152486163446,3.395051252013382e-5,0.005826706833206371,0.019991602834371305,0.041602152486163446,-0.04153166962673779
641,1.6000000000000005,-0.04163280108088143,0.0013285544795021442,0.036449341276656076,0.0034808377851591114,0.04163280108088143,-0.04450945969612863
642,4.000000000000001,-0.04201993780578451,0.0001303456582260996,0.0114169023043074,0.013155810090896685,0.04201993780578451,-0.04229399316956999
643,10.000000000000002,-0.04221083872317203,4.63298557039818e-5,0.006806603830397491,0.02379324173709803,0.04221083872317203,-0.041540237339986505
644,4.000000000000001,-0.04226146102182905,0.0003032774005367526,0.01741486148485691,0.005409214445854485,0.04226146102182905,-0.04331106955708019
645,10.000000000000002,-0.04225709624956358,2.2431350549991178e-5,0.004736174674776172,0.0102080341346095,0.04225709624956358,-0.04220973138159537
646,4.000000000000001,-0.04212656150469273,0.00010913669217886972,0.010446850825912549,0.003299879681596089,0.04212656150469273,-0.042612499006126556
647,10.000000000000002,-0.04215322909550387,1.328160956077467e-5,0.003644394265275736,0.00843857055830669,0.04215322909550387,-0.04227457356209452
648,4.000000000000001,-0.0421248140921572,3.434888266232088e-5,0.005860791982515749,0.00748553062906223,0.0421248140921572,-0.04236751028528549
649,1.6000000000000005,-0.04217078353741822,3.573735739271057e-5,0.00597807305013167,0.00824545197435038,0.04217078353741822,-0.04219065625688422
650,0.6400000000000002,-0.0420552057215818,0.0017836851528879442,0.04223369688871605,0.0044235556006933865,0.0420552057215818,-0.04346566825583356
651,1.6000000000000005,-0.04243384246882868,0.00022187544374472885,0.014895484005050955,0.0054988484300033825,0.04243384246882868,-0.0424228707919345
652,4.000000000000001,-0.04240377091596019,4.5097513417744475e-5,0.006715468220291455,0.0020640192142804196,0.04240377091596019,-0.042227607929944636
653,10.000000000000002,-0.042321480413304434,1.3600685879492043e-5,0.003687910774339862,0.0035608706486630623,0.042321480413304434,-0.04214577673109008
654,25.000000000000004,-0.04219104608073352,7.075443109954407e-6,0.0026599705092264477,0.02095403546110731,0.04219104608073352,-0.04190834684365498
655,10.000000000000002,-0.042057925925464854,5.5119814800795965e-5,0.00742427200476895,0.010487990682637676,0.042057925925464854,-0.04253532965967285
656,4.000000000000001,-0.04224284265778289,0.0001289957910250851,0.011357631400300201,0.009739344073355036,0.04224284265778289,-0.04274429402805737
657,10.000000000000002,-0.04225870758059842,1.5079108035610401e-5,0.0038831827198331013,0.00817757979170291,0.04225870758059842,-0.04241461765490611
658,4.000000000000001,-0.04254906374693776,1.7286335814523165e-5,0.00415768394836875,0.014159808343136494,0.04254906374693776,-0.04220386408322751
659,1.6000000000000005,-0.04235553807488606,0.0005137292749349186,0.022665596725763,0.0029355020332349083,0.04235553807488606,-0.04305898994085865
660,4.000000000000001,-0.042217390102167844,4.2694985890866146e-5,0.006534140026879295,0.002219867309635856,0.042217390102167844,-0.042385266133704476
661,10.000000000000002,-0.04220345791885113,9.739561468191858e-6,0.0031208270487471518,0.0026826628843269456,0.04220345791885113,-0.04225890400514309
662,25.000000000000004,-0.04225012403307621,4.601472987499838e-6,0.0021451044234488533,0.013673181045945474,0.04225012403307621,-0.04211344668605707
663,10.000000000000002,-0.042272614863743375,2.373272068469539e-5,0.004871624029489077,0.0035787316196711546,0.042272614863743375,-0.042434842077117924
664,25.000000000000004,-0.042265859928028594,3.3983375847792357e-6,0.0018434580507240288,0.003973321311896005,0.042265859928028594,-0.042269532404040015
665,10.000000000000002,-0.042313453437636414,1.0512671223358948e-5,0.003242324971892692,0.0034315520883529175,0.042313453437636414,-0.04240206935748482
666,25.000000000000004,-0.042315815962036915,1.7025521016498475e-6,0.0013048188003128432,0.008181667285666768,0.042315815962036915,-0.04231650053386102
667,10.000000000000002,-0.0423250310099507,1.9764237645090787e-6,0.0014058533936755562,0.008463611681499771,0.0423250310099507,-0.04227019023516544
668,4.000000000000001,-0.04219651816916931,2.576432394979825e-5,0.005075856967035049,0.006714921619869209,0.04219651816916931,-0.04239303849350566
669,1.6000000000000005,-0.042211449573501036,0.00015803126929916006,0.012571048854378064,0.002057315927542121,0.042211449573501036,-0.04257785179570382
670,4.000000000000001,-0.04224809534803434,2.67104830821825e-5,0.005168218559831086,0.0052752371307150095,0.04224809534803434,-0.042372178368583174
671,10.000000000000002,-0.0422862466033921,2.1125018689225445e-5,0.0045961961108318084,0.013414541946660186,0.0422862466033921,-0.042056953399520675
672,4.000000000000001,-0.04223565962180036,0.00010293751207904508,0.010145812539123965,0.0024151112946479716,0.04223565962180036,-0.04270286911468578
673,10.000000000000002,-0.04212000866204404,4.151345298655267e-5,0.006443093433014352,0.0277405921430447,0.04212000866204404,-0.04187583222139304
674,4.000000000000001,-0.042421007681827515,0.000215898534847713,0.01469348613664276,0.003016322496872514,0.042421007681827515,-0.043092922831389394
675,10.000000000000002,-0.04241654694512997,1.3102144271993169e-5,0.003619688421949211,0.00496245518930291,0.04241654694512997,-0.04230079885630398
676,4.000000000000001,-0.04222550325856649,2.514955110015735e-5,0.005014932811130908,0.005501982245872574,0.04222550325856649,-0.04234927868898837
677,10.000000000000002,-0.04224756628612928,1.4590324442631894e-5,0.0038197283205264605,0.017656399800458484,0.04224756628612928,-0.04212474827068401
678,4.000000000000001,-0.04225357127048252,0.00010497654151344924,0.010245806045082507,0.0020789277591235396,0.04225357127048252,-0.04271073038146662
679,10.000000000000002,-0.04234987245417526,1.6479690272138665e-5,0.004059518477866391,0.018116288876059494,0.04234987245417526,-0.04214679783349074
680,4.000000000000001,-0.04225163994097347,8.324579706539439e-5,0.009123913473142673,0.004145889293591186,0.04225163994097347,-0.04265760615453911
681,10.000000000000002,-0.04219567488696499,6.829622094276885e-6,0.002613354567271132,0.010774380282106673,0.04219567488696499,-0.04227714255360316
682,4.000000000000001,-0.04231302611015949,2.0469931909557623e-5,0.0045243708854997315,0.007057765437521269,0.04231302611015949,-0.042341585226138845
683,1.6000000000000005,-0.04261583699307339,2.6626623430503347e-5,0.0051600991686694695,0.004905718466277825,0.04261583699307339,-0.0423448081220528
684,4.000000000000001,-0.04248016639561739,4.749329066242559e-6,0.0021792955435742437,0.00128563278713898,0.04248016639561739,-0.04232953669506433
685,10.000000000000002,-0.04237677889438654,2.942176766893447e-6,0.0017152774606148846,0.006952675741668938,0.04237677889438654,-0.04228644567977875
686,4.000000000000001,-0.04215394563912651,1.3639506466725645e-5,0.003693170246106405,0.005632461782435928,0.04215394563912651,-0.04234363140436544
687,1.6000000000000005,-0.042183447461439455,2.0502088287025044e-5,0.004527923175919071,0.003624461625618904,0.042183447461439455,-0.04234034505405288
688,4.000000000000001,-0.04227188888565871,3.6277583791301133e-6,0.0019046675245643564,0.0020264131646357767,0.04227188888565871,-0.04232232430756562
689,10.000000000000002,-0.042319322841315066,3.6274693084771502e-6,0.001904591638246149,0.011072679174398671,0.042319322841315066,-0.042271628122888316
690,4.000000000000001,-0.042370024255376525,2.8687184387667388e-5,0.0053560418582818585,0.004449027286845672,0.042370024255376525,-0.042426730646315136
691,10.000000000000002,-0.042360402080329825,3.4488632928206766e-6,0.0018571115456053459,0.006406986830229595,0.042360402080329825,-0.042299383616486545
692,4.000000000000001,-0.042346585020050356,4.098152637722846e-6,0.0020243894481356216,0.007656628325858537,0.042346585020050356,-0.042259946814815944
693,1.6000000000000005,-0.042077639692571445,0.00011482692879296078,0.010715732769762449,0.006560466512351469,0.042077639692571445,-0.04249843337360923
694,4.000000000000001,-0.04211758693493823,1.2056268543330745e-5,0.0034722137813404785,0.0007908467505544578,0.04211758693493823,-0.04235029046790405
695,10.000000000000002,-0.042257986054771116,1.3540993910370652e-6,0.0011636577637076397,0.0033875523449385142,0.042257986054771116,-0.04232158107594927
696,4.000000000000001,-0.04234387910725944,3.0671520297776995e-6,0.0017513286469928195,0.0009303811211788326,0.04234387910725944,-0.042330795968397346
697,10.000000000000002,-0.042342696796592236,6.888134066099082e-7,0.0008299478336678205,0.0013922824449136301,0.042342696796592236,-0.042316617760986705
698,4.000000000000001,-0.04230834091349268,1.1062808554417861e-6,0.0010517988664387246,0.0032728485502440544,0.04230834091349268,-0.04231213846339378
699,1.6000000000000005,-0.042261665723449304,3.169110916053394e-5,0.005629485692364263,0.0026912563796026457,0.042261665723449304,-0.04236372226891255
700,4.000000000000001,-0.042284739323124924,5.043312616674988e-6,0.002245732089247288,0.0029950415662267364,0.042284739323124924,-0.04232958915991624
701,1.6000000000000005,-0.042299980980674536,6.097137197440007e-6,0.0024692381815936684,0.003314665392776953,0.042299980980674536,-0.04230921528050122
702,0.6400000000000002,-0.042393030933876245,7.775849244890621e-5,0.00881807759372224,0.0036343244119654006,0.042393030933876245,-0.04236665313928027
703,1.6000000000000005,-0.04232809382593294,2.8856503016855954e-5,0.0053718249242558115,0.006660534649814174,0.04232809382593294,-0.042296080624307834
704,4.000000000000001,-0.04233915146575524,6.298603122582421e-6,0.002509701799533646,0.0030215084344332446,0.04233915146575524,-0.042330112816713436
705,10.000000000000002,-0.04238131870232687,5.666497811159375e-6,0.002380440675832812,0.010012417710867319,0.04238131870232687,-0.04224748714428835
706,4.000000000000001,-0.04230322115638542,2.8444118972696414e-5,0.00533330282026967,0.006080366538937816,0.04230322115638542,-0.042385449157491165
707,10.000000000000002,-0.042306749795525116,1.5803053252985093e-6,0.0012571019550133987,0.0030881935547884187,0.042306749795525116,-0.04231036980530652
708,4.000000000000001,-0.04225996034963264,1.8375083191160585e-6,0.0013555472397213085,0.005481071588718993,0.04225996034963264,-0.04228827476902786
709,1.6000000000000005,-0.04216824699295716,0.00011155892962146454,0.010562146070825973,0.0012085658874520294,0.04216824699295716,-0.0425379579252784
710,4.000000000000001,-0.042209229323340466,2.177964720420378e-5,0.004666866958056955,0.0029877510012622653,0.042209229323340466,-0.042351074184613306
711,10.000000000000002,-0.04226768385829908,6.220740002455663e-6,0.0024941411352318583,0.008659461794935175,0.04226768385829908,-0.04226202333912716
712,4.000000000000001,-0.04229685668861751,1.2315618288080886e-5,0.003509361521428205,0.004706123441287092,0.04229685668861751,-0.042280125483842634
713,1.6000000000000005,-0.04240735153438274,1.9595291812578202e-5,0.004426656956731366,0.00488669703966864,0.04240735153438274,-0.042268393948846794
714,4.000000000000001,-0.04251056859334175,1.355437762679421e-5,0.0036816270352650077,0.013399965675202246,0.04251056859334175,-0.0421915807749542
715,1.6000000000000005,-0.04219747773111644,0.00014157755960898395,0.011898636880289437,0.006486127676575022,0.04219747773111644,-0.04249798570331979
716,4.000000000000001,-0.042197675811463664,1.0989652318153669e-5,0.0033150644515836593,0.004189981500979738,0.042197675811463664,-0.04239015111695281
717,1.6000000000000005,-0.0423685119248247,1.0816046772361947e-5,0.0032887758774902778,0.0041123240068116525,0.0423685119248247,-0.042335602869002405
718,0.6400000000000002,-0.04229224929357383,0.00020557264984796174,0.01433780491734916,0.004656258221725381,0.04229224929357383,-0.042465985909328596
719,1.6000000000000005,-0.04239308142762214,3.3567182869131546e-5,0.00579371926046918,0.0031006016983803103,0.04239308142762214,-0.04241168378157666
720,4.000000000000001,-0.04241405522701195,1.4091777424377713e-5,0.003753901626891375,0.002934882376571805,0.04241405522701195,-0.042323742393520776
721,10.000000000000002,-0.04235514314800696,1.0475074330046555e-5,0.003236521949569716,0.008236468896929463,0.04235514314800696,-0.04217731762133779
722,4.000000000000001,-0.042271459034241385,3.881240221229528e-5,0.006229960049012777,0.006750785746853902,0.042271459034241385,-0.04247663501789414
723,10.000000000000002,-0.04230132900440144,7.040149572044365e-6,0.002653328018177241,0.009111613335017296,0.04230132900440144,-0.042329422523855804
724,4.000000000000001,-0.042291907882012585,1.1206754511465527e-5,0.003347649102200756,0.005946525696543296,0.042291907882012585,-0.042293929993095045
725,1.6000000000000005,-0.04220387487764669,0.00011715500363967721,0.010823816500646951,0.0014853894313691597,0.04220387487764669,-0.04252889641512574
726,4.000000000000001,-0.04221861242048134,1.8114669037958084e-5,0.00425613310858085,0.004901308134854572,0.04221861242048134,-0.042316540820176614
727,10.000000000000002,-0.042275059424511874,8.833700407396403e-6,0.002972154169520216,0.011185242108105469,0.042275059424511874,-0.04219148492385056
728,4.000000000000001,-0.04229668394540037,5.1315620396579926e-5,0.0071634921928190815,0.001218394893548469,0.04229668394540037,-0.042503760562254335
729,10.000000000000002,-0.042284029255589536,8.675394447908453e-6,0.0029454022557043806,0.0075716199709576805,0.042284029255589536,-0.04226125810762111
730,4.000000000000001,-0.042200894959346695,1.9309140584179834e-5,0.004394216720210763,0.0062174382090595635,0.042200894959346695,-0.04231710792241445
731,1.6000000000000005,-0.04243395242343704,0.00016317771947670301,0.012774103470565087,0.0016852665413520462,0.04243395242343704,-0.042587900172867045
732,4.000000000000001,-0.04241040424573481,3.27637928247937e-5,0.0057239665289721695,0.005792158613039574,0.04241040424573481,-0.04228305714658478
733,10.000000000000002,-0.04248309613651316,3.096153132903067e-5,0.005564308701809298,0.016254901491968975,0.04248309613651316,-0.04184267014076319
734,4.000000000000001,-0.04208697255068818,0.0002040070446869254,0.014283103468326673,0.0028194826807050304,0.04208697255068818,-0.04315903622102325
735,10.000000000000002,-0.04209834251476924,2.204166745464088e-5,0.004694855424253326,0.003440375150414954,0.04209834251476924,-0.04231836957671803
736,25.000000000000004,-0.042123916006185945,1.104848152842665e-5,0.003323925620170621,0.023664173568484624,0.042123916006185945,-0.041865297005822866
737,10.000000000000002,-0.04237708751406538,6.744336997392382e-5,0.008212391245789732,0.004952835995359271,0.04237708751406538,-0.04294615893228011
738,25.000000000000004,-0.04238687555603813,1.6283950846490926e-5,0.004035337761141058,0.03184741974796934,0.04238687555603813,-0.041957532113390594
739,10.000000000000002,-0.04222494516871308,5.873223141798781e-5,0.0076636956762379214,0.004631103265081188,0.04222494516871308,-0.04290101832179932
740,25.000000000000004,-0.0422801259474812,9.525551569696703e-6,0.0030863492300283687,0.022670774988158254,0.0422801259474812,-0.042143457695057354
741,10.000000000000002,-0.04220002954839645,3.690690598336899e-5,0.006075105429815106,0.0029537288579047903,0.04220002954839645,-0.0426291381781831
742,25.000000000000004,-0.042260258111839206,3.287117532866524e-6,0.0018130409628208967,0.015044973029857082,0.042260258111839206,-0.04228338160265224
743,10.000000000000002,-0.04226811069997949,7.116451843201939e-6,0.0026676678659836835,0.008933536071283403,0.04226811069997949,-0.04234460642662335
744,4.000000000000001,-0.04228812583315714,2.8115665855079327e-5,0.005302420754247943,0.006915735708058674,0.04228812583315714,-0.042445243447712416
745,1.6000000000000005,-0.042017939023855186,3.0154088972617356e-5,0.005491273893425582,0.006186668643634127,0.042017939023855186,-0.04237145289611869
746,4.000000000000001,-0.04217281110877156,1.324607072666893e-5,0.0036395151774197797,0.004408312578892388,0.04217281110877156,-0.04235552214056914
747,10.000000000000002,-0.04226516838647141,4.356431158501226e-6,0.002087206544283825,0.0057772759601922,0.04226516838647141,-0.04228968364477501
748,4.000000000000001,-0.0423556445010295,6.672100999758394e-6,0.002583041037180477,0.005314519679611133,0.0423556445010295,-0.042265111666063435
749,1.6000000000000005,-0.0424979541939502,0.00021743878822920952,0.014745805784330998,0.005837229578570356,0.0424979541939502,-0.04272045719244768
750,4.000000000000001,-0.04246726826142242,5.538990314776813e-5,0.007442439327785489,0.01016861117458382,0.04246726826142242,-0.04222559141148283
751,1.6000000000000005,-0.04229756089019686,0.0001759316714115873,0.013263923680856554,0.006830147693551307,0.04229756089019686,-0.04252661335046025
752,4.000000000000001,-0.04225273920553866,2.9179547776041882e-5,0.0054018096760291255,0.008351873195345671,0.04225273920553866,-0.042257791843227706
753,1.6000000000000005,-0.04210217652601334,0.00013594910989156526,0.01165972169014189,0.004046482763942405,0.04210217652601334,-0.04246150752324288
754,4.000000000000001,-0.0423369942373377,1.5243333817237595e-5,0.0039042712274171727,0.0037603755111084683,0.0423369942373377,-0.042317588994555275
755,10.000000000000002,-0.042280394844007016,6.86587110467774e-6,0.002620280730127545,0.010064522082427946,0.042280394844007016,-0.042213610503822066
756,4.000000000000001,-0.04227662508222775,1.3438300664156538e-5,0.003665828782711563,0.007889038655090903,0.04227662508222775,-0.042200635559208916
757,1.6000000000000005,-0.0423252869761627,0.0003120331597300062,0.01766446035773542,0.003358132929022693,0.0423252869761627,-0.04281832567357191
758,4.000000000000001,-0.042461907280144595,5.753432803676681e-5,0.007585138630029567,0.009173039441259006,0.042461907280144595,-0.042205147040295286
759,10.000000000000002,-0.04230922415173805,1.1425794994417785e-5,0.0033802063538218765,0.003544125089423227,0.04230922415173805,-0.04223623835267735
760,25.000000000000004,-0.04227852691752275,3.318012292872641e-6,0.001821541186158754,0.010594599602899596,0.04227852691752275,-0.04216018500035597
761,10.000000000000002,-0.042154982869957634,1.5337904078313304e-5,0.003916363629479942,0.01294029203717788,0.042154982869957634,-0.04236283169921679
762,4.000000000000001,-0.04203226241207845,1.7375867619906247e-5,0.004168437071602047,0.015182458359925809,0.04203226241207845,-0.042163482433425326
763,1.6000000000000005,-0.04243889415018999,0.00025996677434188926,0.016123485179758416,0.014340523451741291,0.04243889415018999,-0.04273547106477914
764,4.000000000000001,-0.04240830965625182,2.5311037578397366e-5,0.005031007610647927,0.005118548395741297,0.04240830965625182,-0.04247093565886762
765,10.000000000000002,-0.042299866104458454,6.315606760044428e-6,0.0025130870975842495,0.007434599334110906,0.042299866104458454,-0.04233849279480466
766,4.000000000000001,-0.042159636634497503,8.436191100896884e-6,0.002904512196720283,0.006508064016469315,0.042159636634497503,-0.04228490183994196
767,1.6000000000000005,-0.04230833499784031,0.00016569098945293172,0.012872101205822292,0.003661469820801593,0.04230833499784031,-0.04261557056674545
768,4.000000000000001,-0.04234784248685738,1.912077165917912e-5,0.004372730458098134,0.0011826104807491965,0.04234784248685738,-0.0423820167398999
769,10.000000000000002,-0.04228031455796842,9.577347514894018e-6,0.0030947289889252045,0.009751851620860228,0.04228031455796842,-0.042228145889422246
770,4.000000000000001,-0.042283718542038745,4.160456336025618e-5,0.006450159948424239,0.0019708542533226014,0.042283718542038745,-0.042485391640657046
771,10.000000000000002,-0.04234515679895987,9.969642848824298e-6,0.0031574741248067734,0.011400989976110344,0.04234515679895987,-0.04224993406679599
772,4.000000000000001,-0.04224251664084449,1.6373507582244855e-5,0.004046419106104168,0.01108594088819703,0.04224251664084449,-0.04221214898158231
773,1.6000000000000005,-0.04194611185006989,7.208479968662255e-5,0.008490276773263788,0.009690764038174583,0.04194611185006989,-0.04232301490547518
774,4.000000000000001,-0.04215990488146737,2.4868415871635353e-5,0.00498682422706429,0.007968240747814295,0.04215990488146737,-0.04242610168651111
775,1.6000000000000005,-0.04253793272674132,4.828169119286306e-5,0.006948502802249061,0.005485035044373319,0.04253793272674132,-0.04242096800771223
776,4.000000000000001,-0.042515533210872064,1.3727371616357972e-5,0.003705046776541151,0.006057422411824619,0.042515533210872064,-0.042315717797682464
777,1.6000000000000005,-0.04230102535427962,1.4048045115141039e-5,0.003748072186490148,0.005481289555355818,0.04230102535427962,-0.04224293729316655
778,0.6400000000000002,-0.04245657212972881,0.0001796611542065103,0.013403773879266627,0.00645634049770581,0.04245657212972881,-0.04238792102128324
779,1.6000000000000005,-0.04234915375508088,4.255230698934195e-5,0.0065232129345393864,0.005633723083665085,0.04234915375508088,-0.04242301797476455
780,4.000000000000001,-0.04226753662072562,1.339401860825729e-5,0.003659783956500341,0.003903630268890486,0.04226753662072562,-0.042336021395592505
781,10.000000000000002,-0.042297757786883126,8.86195997976826e-6,0.002976904429061884,0.012655281814254068,0.042297757786883126,-0.04220495937961365
782,4.000000000000001,-0.042180118735278646,4.7955493837751586e-5,0.0069249905297950835,0.008829802757972481,0.042180118735278646,-0.04250696132738793
783,1.6000000000000005,-0.04227765284992408,4.75525170689582e-5,0.006895833312150041,0.00634181165860925,0.04227765284992408,-0.042331900575076964
784,4.000000000000001,-0.042346550315414885,1.5855567801602458e-5,0.00398190504678382,0.004811378544077607,0.042346550315414885,-0.04234073523239999
785,10.000000000000002,-0.04238584474194173,4.6387975805352965e-6,0.002153786800158107,0.007962047564244085,0.04238584474194173,-0.042268626323668713
786,4.000000000000001,-0.04228790500648381,2.251899151042792e-5,0.004745417948972242,0.0052907552214720745,0.04228790500648381,-0.04240418074347324
787,10.000000000000002,-0.04224652774983222,8.082839412593452e-6,0.0028430334877720754,0.013488607555929812,0.04224652774983222,-0.04225907103081615
788,4.000000000000001,-0.04231213301242715,3.089447033785039e-5,0.005558279440424922,0.002286287755860033,0.04231213301242715,-0.042436502911805396
789,10.000000000000002,-0.04233790224886778,4.17473297051552e-6,0.0020432163298377192,0.006033443418212011,0.04233790224886778,-0.04229459680427327
790,4.000000000000001,-0.04228353309845641,1.048053816956246e-5,0.0032373659307471654,0.005254534536417146,0.04228353309845641,-0.04234172884131107
791,1.6000000000000005,-0.042166533673950776,1.202331128341396e-5,0.0034674646765921005,0.004706964250916149,0.042166533673950776,-0.0423091871141621
792,0.6400000000000002,-0.04232474193140282,0.00020728342812906174,0.014397341008987102,0.004706444823611074,0.04232474193140282,-0.0424560743754339
793,1.6000000000000005,-0.042264814674064684,5.429734402605905e-5,0.0073686731523429,0.009932305455645244,0.042264814674064684,-0.04228461961916885
794,0.6400000000000002,-0.04235294622047283,0.00023027479885763104,0.015174808033633606,0.0032632610886762833,0.04235294622047283,-0.04245592085888683
795,1.6000000000000005,-0.04228789261565859,1.4937479260272862e-5,0.003864903525351294,0.002315410507705067,0.04228789261565859,-0.04232425999805214
796,4.000000000000001,-0.04231375160102036,1.0673202346017621e-5,0.0032669867379616986,0.005780016871046626,0.04231375160102036,-0.04226372173972772
797,1.6000000000000005,-0.042295669569232724,8.735949545672102e-5,0.009346630165825596,0.002939849561657502,0.042295669569232724,-0.04244061598989274
798,4.000000000000001,-0.04230167455551672,7.873159018422923e-6,0.002805915005559314,0.0009218846034732146,0.04230167455551672,-0.04232821963416875
799,10.000000000000002,-0.042257444229465486,5.293726751273396e-6,0.002300810020682585,0.009235800539146055,0.042257444229465486,-0.042251113762395556
800,4.000000000000001,-0.04236651769638286,3.1761952702569574e-5,0.005635774365832044,0.0011459987861508535,0.04236651769638286,-0.0424498886266694
801,10.000000000000002,-0.04232057115948545,3.571928676694082e-6,0.0018899546758306353,0.006170669080966803,0.04232057115948545,-0.04230092599424881
802,4.000000000000001,-0.04238635073369025,8.922675482969111e-6,0.0029870847800102882,0.004593852318023548,0.04238635073369025,-0.042334695477898955
803,1.6000000000000005,-0.04229814933687317,1.5024082893108666e-5,0.0038760911874088652,0.003993457745519215,0.04229814933687317,-0.0423508573403006
804,4.000000000000001,-0.04231341584152354,4.138341837340061e-6,0.0020342914828853954,0.00342893199714489,0.04231341584152354,-0.04232472870263343
805,1.6000000000000005,-0.042230981812075616,6.527859136112179e-6,0.002554967541107358,0.004973485646030004,0.042230981812075616,-0.04231521878618082
806,0.6400000000000002,-0.04218104649248663,1.4901739224129305e-5,0.003860277091625588,0.0029021233951371,0.04218104649248663,-0.04232013740678218
807,1.6000000000000005,-0.04223123619519075,3.2970255934384216e-6,0.0018157713494375942,0.001006918369713119,0.04223123619519075,-0.04231202367964591
808,4.000000000000001,-0.04227945909719235,2.390348645779715e-6,0.0015460752393657027,0.0013632962094769065,0.04227945909719235,-0.042299297381435674
809,10.000000000000002,-0.042370647861687934,2.383477488113233e-6,0.001543851511031172,0.006990365397143558,0.042370647861687934,-0.042266008597341205
810,4.000000000000001,-0.042339705828407945,4.205760931990354e-5,0.006485183830848864,0.001022283885649942,0.042339705828407945,-0.04247970800604805
811,10.000000000000002,-0.04232572766170277,4.020078473322507e-5,0.006340408877448289,0.020592145787973328,0.04232572766170277,-0.04190476882864189
812,4.000000000000001,-0.04231223375846186,0.00021842450040312496,0.014779191466488447,0.0030709523487142164,0.04231223375846186,-0.043240967016623034
813,10.000000000000002,-0.042366833783329345,1.2498433872082374e-5,0.0035353124150607077,0.012307883181983153,0.042366833783329345,-0.042275560903830854
814,4.000000000000001,-0.0422141779262791,2.5436445296297006e-5,0.005043455689930963,0.005747539718080529,0.0422141779262791,-0.04239350390743712
815,10.000000000000002,-0.04224158143196322,3.6969990201563332e-6,0.0019227581803639097,0.004145031177164098,0.04224158143196322,-0.04230572991110379
816,4.000000000000001,-0.042457522438881415,6.145090755621962e-6,0.0024789293567227693,0.0061641232223787,0.042457522438881415,-0.04230297140485344
817,1.6000000000000005,-0.04238403825717303,7.215117955115872e-6,0.0026860971604012896,0.006040201826102299,0.04238403825717303,-0.04227427085550088
818,0.6400000000000002,-0.04175782239895966,0.00047250352897715964,0.021737146293319177,0.0014255142361608074,0.04175782239895966,-0.04261768630920507
819,1.6000000000000005,-0.04205893159608427,6.798474289593104e-5,0.008245286101520737,0.0012603508753007144,0.04205893159608427,-0.04237848986042036
820,4.000000000000001,-0.042255966360114694,1.3600410485080765e-5,0.003687873436695024,0.0025090958369446744,0.042255966360114694,-0.04230450411172526
821,10.000000000000002,-0.04230536152531821,6.2816332202560715e-6,0.0025063186589610012,0.00929063078355519,0.04230536152531821,-0.04221597106782106
822,4.000000000000001,-0.04238600528378655,3.396160692595506e-5,0.0058276587859924555,0.002634056144174423,0.04238600528378655,-0.042424722793181886
823,10.000000000000002,-0.042433024780154316,6.310808249156079e-6,0.002512132211718977,0.009987442521508549,0.042433024780154316,-0.0422848717017344
824,4.000000000000001,-0.04209070650406016,1.126162214296314e-5,0.0033558340458018985,0.006571660553156131,0.04209070650406016,-0.04228051993441979
825,1.6000000000000005,-0.042098069169237494,6.133275281256016e-5,0.007831523019985331,0.007892468411631007,0.042098069169237494,-0.04238207343961202
826,4.000000000000001,-0.04214782523313671,1.2791398358684603e-5,0.0035765064460566267,0.0038331959610089427,0.04214782523313671,-0.04234624497457558
827,10.000000000000002,-0.04229059642994892,1.0711018375076034e-5,0.003272769221175858,0.011942556068934391,0.04229059642994892,-0.042189115413468946
828,4.000000000000001,-0.04237956851618438,5.708248457912767e-5,0.007555295135143807,0.0013348553229921942,0.04237956851618438,-0.04258091880405906
829,10.000000000000002,-0.042331609970014714,4.609415250947542e-6,0.0021469548786473233,0.006244803996105355,0.042331609970014714,-0.04231638978400723
830,4.000000000000001,-0.04235386147905662,4.921234805021821e-6,0.0022183856303676828,0.005562689986971489,0.04235386147905662,-0.04225624641765632
831,1.6000000000000005,-0.042273611536030646,9.587778961624209e-5,0.009791720462525577,0.0063091578785062245,0.042273611536030646,-0.04243556906512733
832,4.000000000000001,-0.042358132877306776,1.2544213463298084e-5,0.0035417811145380066,0.005037899038901117,0.042358132877306776,-0.04234367590739721
833,1.6000000000000005,-0.042320964426401424,2.362141731810671e-5,0.004860186963287185,0.003405543638363343,0.042320964426401424,-0.042355564691296456
834,4.000000000000001,-0.0423473914522203,6.1424205211444564e-6,0.002478390711962998,0.003490880582923501,0.0423473914522203,-0.04231463478987703
835,1.6000000000000005,-0.042324278702148714,1.1769291584563566e-5,0.0034306401129473732,0.003425958022551782,0.042324278702148714,-0.042314285660836365
836,4.000000000000001,-0.04226835704848908,2.993892143933042e-6,0.001730286723041312,0.0023543837490186273,0.04226835704848908,-0.04230247909522205
837,1.6000000000000005,-0.04228267013578812,3.350924901881027e-6,0.0018305531682748324,0.00387751289240468,0.04228267013578812,-0.04228834651402203
838,0.6400000000000002,-0.04245207586444894,5.323874549839349e-6,0.002307352281260785,0.0035768266207342803,0.04245207586444894,-0.04228345521089936
839,0.2560000000000001,-0.04236004393224285,8.277212765949484e-6,0.002877014557827173,0.0006108291118903835,0.04236004393224285,-0.04228340972909849
840,0.6400000000000002,-0.04232186825576903,2.755600550961755e-6,0.0016600001659523276,0.0006292154710388873,0.04232186825576903,-0.04228052750404919
841,1.6000000000000005,-0.042332937523328264,2.5205638892455403e-6,0.0015876283851221419,0.000755348882385113,0.042332937523328264,-0.042274921386152776
842,4.000000000000001,-0.04236162163151712,4.002888017868635e-6,0.0020007218741915716,0.0038477534526288612,0.04236162163151712,-0.04228203199842237
843,1.6000000000000005,-0.04225992995209867,1.1085060422996237e-5,0.003329423437022728,0.004961699862318442,0.04225992995209867,-0.0422962644298698
844,0.6400000000000002,-0.04205930020279315,0.0005965742314714321,0.024424869118818877,0.0062125602583574056,0.04205930020279315,-0.04278254003528836
845,1.6000000000000005,-0.04215415133865442,9.415498009651097e-5,0.00970334891140739,0.0009458969832486484,0.04215415133865442,-0.04240921258195797
846,4.000000000000001,-0.042256213318757896,2.3637229084959343e-5,0.0048618133535708,0.005489129657584851,0.042256213318757896,-0.042260726713323926
847,10.000000000000002,-0.04226713470872416,1.0400097465812068e-5,0.003224918210716679,0.012562848214329275,0.04226713470872416,-0.04214601285710813
848,4.000000000000001,-0.04227357410822534,5.955090835104072e-5,0.007716923502992674,0.009987165975307688,0.04227357410822534,-0.04243228252331033
849,1.6000000000000005,-0.042449693469790835,8.401074024028886e-5,0.009165737299327799,0.00913571892160131,0.042449693469790835,-0.04235141138077088
850,4.000000000000001,-0.04242866398216346,2.6183188855037464e-5,0.005116951128849821,0.005153842424762884,0.04242866398216346,-0.04241017880631444
851,10.000000000000002,-0.04236112623350364,6.629791865363817e-6,0.002574838221202221,0.007678194253566375,0.04236112623350364,-0.0422756399198859
852,4.000000000000001,-0.04227739806119123,1.9177378396579562e-5,0.0043791983737414275,0.008641261168200699,0.04227739806119123,-0.0423363820640554
853,1.6000000000000005,-0.04200140011815443,3.251996853476296e-5,0.005702628212917529,0.004617226240257618,0.04200140011815443,-0.04234951029064168
854,4.000000000000001,-0.042106673971460964,5.735055886265361e-6,0.002394797671258547,0.004676319588333496,0.042106673971460964,-0.04231439463421557
855,1.6000000000000005,-0.04248039076917035,6.186341942890205e-6,0.0024872358036362786,0.004219772404102183,0.04248039076917035,-0.04228547518667198
856,0.6400000000000002,-0.042637338915100534,0.00015469910368438947,0.012437809440749181,0.0059256677104238915,0.042637338915100534,-0.042404323456674504
857,1.6000000000000005,-0.04289856395581256,5.768986062803907e-5,0.007595384165928611,0.014648419797580305,0.04289856395581256,-0.042269224646416054
858,0.6400000000000002,-0.041706967401125,0.0004061319833055998,0.020152716524220744,0.0018396739608308524,0.041706967401125,-0.0425934968707338
859,1.6000000000000005,-0.04179228283312204,2.6441497933195388e-5,0.0051421297079318595,0.0007984518198761922,0.04179228283312204,-0.04237372429185833
860,4.000000000000001,-0.042120511188808024,9.155015434351669e-6,0.0030257256046032446,0.0050517270925794526,0.042120511188808024,-0.04232116729997897
861,1.6000000000000005,-0.042567635993556396,1.3022101764264684e-5,0.0036086149371004775,0.004338173880525727,0.042567635993556396,-0.042293521622143435
862,4.000000000000001,-0.04247819770450566,6.434198321663713e-6,0.002536572159758857,0.0012414050834245723,0.04247819770450566,-0.04226266857876586
863,10.000000000000002,-0.0423493760270978,5.439250961340126e-6,0.0023322201785723677,0.005585733406840157,0.0423493760270978,-0.042188792933003524
864,4.000000000000001,-0.04225595585501849,2.5198754281884034e-5,0.005019836081176759,0.012330491927819267,0.04225595585501849,-0.04230587463129513
865,1.6000000000000005,-0.04167340247116904,0.00022723020192239783,0.015074156756594972,0.006684011464119198,0.04167340247116904,-0.04276452025371965
866,4.000000000000001,-0.04198985856660424,4.5105386607045296e-5,0.006716054392799786,0.007477428234195636,0.04198985856660424,-0.042357333420817586
867,10.000000000000002,-0.04226574226568508,1.0342708047263917e-5,0.00321600809191518,0.006100423215839923,0.04226574226568508,-0.04225523419435344
868,4.000000000000001,-0.04261209722035101,1.6923227678093972e-5,0.004113785079229829,0.00882900850664155,0.04261209722035101,-0.04221184484292343
869,1.6000000000000005,-0.04255486007929556,3.255326165118875e-5,0.005705546569014116,0.006726516684243356,0.04255486007929556,-0.04222847699951564
870,4.000000000000001,-0.04248632034923574,5.403332675095979e-5,0.0073507364767729086,0.0020519260783217405,0.04248632034923574,-0.04246969218577653
871,10.000000000000002,-0.0423849769960489,8.14720298472848e-6,0.00285433056682797,0.0032345342951645337,0.0423849769960489,-0.04230028195484958
872,25.000000000000004,-0.04229930072709726,3.365522225652489e-6,0.0018345359701168274,0.01505273189316846,0.04229930072709726,-0.042187422920545385
873,10.000000000000002,-0.042278928492043705,6.578795453932485e-6,0.00256491626645637,0.016428815174271028,0.042278928492043705,-0.042192121702811336
874,4.000000000000001,-0.04212814710338683,0.00010710187892237609,0.010349003764729052,0.0026068649036425705,0.04212814710338683,-0.042894418874326184
875,10.000000000000002,-0.04224535196534406,7.910438539335366e-5,0.008894064615987095,0.036850758776181824,0.04224535196534406,-0.041671477858253245
876,4.000000000000001,-0.042072452336550686,0.00024143494833735036,0.01553817712401781,0.004183056110283291,0.042072452336550686,-0.043244431148070625
877,10.000000000000002,-0.04216037248920519,2.39330658361399e-5,0.004892143276329905,0.013616126162304306,0.04216037248920519,-0.042291719396576846
878,4.000000000000001,-0.04229644618521444,9.345221195299351e-5,0.009667068426001417,0.004300369928596562,0.04229644618521444,-0.04262818935248313
879,10.000000000000002,-0.04241757494151489,3.702326420440617e-5,0.006084674535618661,0.02679480898890152,0.04241757494151489,-0.0419293265908333
880,4.000000000000001,-0.04206004930890947,0.0001083477980760384,0.010409024837900927,0.02604782980076368,0.04206004930890947,-0.04231182183112801
881,1.6000000000000005,-0.04208986573933026,0.0007161780560561115,0.026761503247316125,0.003555247188892826,0.04208986573933026,-0.043704694161642
882,4.000000000000001,-0.04227322912187417,0.00010815567505344614,0.010399792067798574,0.011499300038406966,0.04227322912187417,-0.04229572291759541
883,10.000000000000002,-0.042271834408029715,2.5665101852821603e-5,0.0050660736130480385,0.01004485301488931,0.042271834408029715,-0.04210226111614506
884,4.000000000000001,-0.042151469797989775,0.00011352816234109684,0.01065495951851047,0.0033376292801445373,0.042151469797989775,-0.04258039656978382
885,10.000000000000002,-0.04218856391933351,1.459126414921106e-5,0.003819851325537561,0.016222974332232933,0.04218856391933351,-0.042218269574130635
886,4.000000000000001,-0.04231395736400096,4.51628324022341e-5,0.006720329783740832,0.008244798278676772,0.04231395736400096,-0.04243354762658694
887,10.000000000000002,-0.042324675286370426,5.764279513857377e-6,0.002400891399846602,0.006353895712777877,0.042324675286370426,-0.04231328964658591
888,4.000000000000001,-0.042303258523835714,7.96560141631584e-6,0.0028223397060445857,0.007776887919550798,0.042303258523835714,-0.04227505156164924
889,1.6000000000000005,-0.04229362480244554,1.6201478830433836e-5,0.004025106064494926,0.004879125539231972,0.04229362480244554,-0.0422895294584968
890,4.000000000000001,-0.042306901271224044,3.3868212706981553e-6,0.0018403318371147512,0.000949568294739855,0.042306901271224044,-0.04227451433566783
891,10.000000000000002,-0.04232038924531435,2.3622810089039882e-6,0.0015369713754341647,0.00489708885716246,0.04232038924531435,-0.042245023742641524
892,4.000000000000001,-0.04226126127010157,4.869339724406353e-5,0.006978065437072335,0.005613853650550401,0.04226126127010157,-0.042462758151318857
893,10.000000000000002,-0.04221407093273574,1.4911730955271388e-5,0.0038615710475493506,0.019752975339390518,0.04221407093273574,-0.042189636560947257
894,4.000000000000001,-0.0423408289363495,6.862162032335585e-5,0.00828381677268129,0.0017933653294806493,0.0423408289363495,-0.04257711350368081
895,10.000000000000002,-0.04234426898993434,6.239605394986123e-6,0.002497920213895176,0.002006469455931017,0.04234426898993434,-0.0423112136761027
896,25.000000000000004,-0.04235297891315672,3.247282795270521e-6,0.0018020218631499788,0.016570498392297794,0.04235297891315672,-0.04219802295890158
897,10.000000000000002,-0.042194420218180345,6.889583575575484e-6,0.0026248016259472796,0.010865556958836436,0.042194420218180345,-0.042190364630532586
898,4.000000000000001,-0.042396922974867156,2.474308560120397e-5,0.004974242213765225,0.016273634720607107,0.042396922974867156,-0.042281254654628314
899,1.6000000000000005,-0.04206575421019734,0.0006304682921891343,0.025109127666829333,0.003686921305691156,0.04206575421019734,-0.04377888989596957
900,4.000000000000001,-0.04218660718617106,6.987512587414478e-5,0.008359134277791258,0.002125235064538662,0.04218660718617106,-0.04247972503880294
901,10.000000000000002,-0.042339804656048655,2.1705665756361515e-5,0.004658933972097213,0.015421052665700577,0.042339804656048655,-0.042086292203234676
902,4.000000000000001,-0.04218997580886245,8.695995324384393e-5,0.009325232074530045,0.0045949947358401855,0.04218997580886245,-0.042541909948777205
903,10.000000000000002,-0.042198006838361876,9.411765801914702e-6,0.0030678601340208946,0.002349463267313271,0.042198006838361876,-0.0423000488078852
904,25.000000000000004,-0.04226299297388513,3.066998752286871e-6,0.0017512848861013079,0.016094086085834156,0.04226299297388513,-0.042187220096635634
905,10.000000000000002,-0.04230496687677808,1.6653469304179405e-5,0.004080866244338254,0.015354851332501576,0.04230496687677808,-0.04239628627884089
906,4.000000000000001,-0.04253179885897396,2.7113270592356254e-5,0.005207040483072535,0.005303983481416243,0.04253179885897396,-0.04239188337935607
907,10.000000000000002,-0.04239290860128599,4.727892941422014e-6,0.0021743718498504374,0.005318325812693121,0.04239290860128599,-0.04229829488324341
908,4.000000000000001,-0.04222255478674939,7.440143720757419e-6,0.0027276626845629975,0.0068073088680364,0.04222255478674939,-0.04227626898566815
909,1.6000000000000005,-0.04199419354110086,1.0847927345222918e-5,0.003293619186430471,0.0063192481541287865,0.04199419354110086,-0.042260560101761116
910,0.6400000000000002,-0.04209211836764324,1.8267588070289587e-5,0.004274059904855053,0.005446897105447594,0.04209211836764324,-0.04226111197412951
911,0.2560000000000001,-0.038869790792966014,0.005156779765531638,0.07181072180065898,0.004427001343258233,0.038869790792966014,-0.04411029016252282
912,0.6400000000000002,-0.04053280963802694,0.001080972749321998,0.032878150028886936,0.0035566996979749686,0.04053280963802694,-0.04312156688045814
913,1.6000000000000005,-0.04196813727528872,0.00024823872652546085,0.01575559349962612,0.004727227679759959,0.04196813727528872,-0.04246082885114855
914,4.000000000000001,-0.04236935720431445,7.579020257523982e-5,0.008705756864009,0.011750855103424315,0.04236935720431445,-0.04205702493668145
915,1.6000000000000005,-0.04291786038614984,0.00013866617341972548,0.011775660211628285,0.0117758154647866,0.04291786038614984,-0.04201648600827429
916,4.000000000000001,-0.042540000689568196,4.2196286618395874e-5,0.006495866887367373,0.011581878929027956,0.042540000689568196,-0.04191107176476544
917,1.6000000000000005,-0.04212228211817402,4.409836789708913e-5,0.006640660200393417,0.012092525905540618,0.04212228211817402,-0.04169576658920446
918,0.6400000000000002,-0.04003011404488976,0.0034757536607920607,0.05895552273360029,0.0068220726563541076,0.04003011404488976,-0.04499791429483126
919,1.6000000000000005,-0.04201330397188342,0.0005103302832252102,0.02259049099123811,0.014269027168782578,0.04201330397188342,-0.04275188369574612
920,4.000000000000001,-0.04230702831165803,0.0001110682507673304,0.010538892293183872,0.0047205300619219594,0.04230702831165803,-0.042089006559213035
921,10.000000000000002,-0.042284178174990444,3.3480855577108053e-5,0.005786264388801125,0.006147989884819913,0.042284178174990444,-0.04184101368481061
922,25.000000000000004,-0.04221869397825347,1.2948329994159282e-5,0.003598378800815623,0.0218774408838943,0.04221869397825347,-0.0416104401132053
923,10.000000000000002,-0.04212303370403188,7.672623507876891e-5,0.0087593512932619,0.011661509074883045,0.04212303370403188,-0.04243719270234728
924,4.000000000000001,-0.041576055454396146,0.0003414708253068454,0.01847892922511598,0.008925634709100683,0.041576055454396146,-0.04343657070051206
925,10.000000000000002,-0.0418947887245436,4.531085171797785e-5,0.006731333576489717,0.00783402202040308,0.0418947887245436,-0.04232563094576065
926,25.000000000000004,-0.04204377886879216,1.1470538327007327e-5,0.0033868183191614115,0.011761285590032181,0.04204377886879216,-0.04194137241412119
927,10.000000000000002,-0.042432637064635494,5.462394585914084e-5,0.007390801435510282,0.011515811612875,0.042432637064635494,-0.04248173589705288
928,4.000000000000001,-0.04243474016107808,0.00020636899205625384,0.014365548790639842,0.005613408225081776,0.04243474016107808,-0.04303097612022553
929,10.000000000000002,-0.04240337162075883,2.7618962212440753e-5,0.005255374602484656,0.0044343868514995005,0.04240337162075883,-0.04236155278560744
930,25.000000000000004,-0.042236647334529434,9.587558037389592e-6,0.0030963782129109474,0.03226063781039017,0.042236647334529434,-0.0419726477108694
931,10.000000000000002,-0.04215635425541535,4.5879404110412206e-5,0.006773433701632593,0.008783931020599567,0.04215635425541535,-0.04251972562797405
932,4.000000000000001,-0.04181332216780113,0.000145637379786158,0.012068031313605298,0.004791052906804764,0.04181332216780113,-0.042794732546731655
933,10.000000000000002,-0.042006384747602744,2.1820863105847418e-5,0.0046712806708489926,0.015571920603493331,0.042006384747602744,-0.04237631881400684
934,4.000000000000001,-0.042343724194405664,5.463602162994919e-5,0.0073916183363286,0.003509033851370812,0.042343724194405664,-0.042489634712135176
935,10.000000000000002,-0.04239269099021128,9.330089317801572e-6,0.003054519490492993,0.00980925419735664,0.04239269099021128,-0.042327025352054716
936,4.000000000000001,-0.04239380824531835,9.800229483656603e-6,0.003130531821217699,0.008382007531905019,0.04239380824531835,-0.04220872321455228
937,1.6000000000000005,-0.04191434927067199,2.809627217538821e-5,0.0053005916816321755,0.012681373517987137,0.04191434927067199,-0.042220655804699976
938,0.6400000000000002,-0.041718936733132976,0.001474246266014859,0.03839591470475549,0.005830996134113317,0.041718936733132976,-0.0434638375793615
939,1.6000000000000005,-0.04228590139428361,0.00030602271424303264,0.017493504915911867,0.003538120848760536,0.04228590139428361,-0.04244962520712446
940,4.000000000000001,-0.04232447675365451,7.721647600904533e-5,0.008787290595459178,0.008227296560334009,0.04232447675365451,-0.0421207856788763
941,10.000000000000002,-0.04229790690704182,2.4913408183518453e-5,0.0049913333071954285,0.013013066179143629,0.04229790690704182,-0.041969689486557556
942,4.000000000000001,-0.04224755578096691,0.00012338527855885513,0.011107892624564531,0.006437708214140656,0.04224755578096691,-0.042479407240383356
943,10.000000000000002,-0.04218696105510391,1.7579475015490086e-5,0.004192788453462694,0.014023027409773103,0.04218696105510391,-0.042230951199129126
944,4.000000000000001,-0.04230367807049467,5.863081523031144e-5,0.007657076154140785,0.003794308881770608,0.04230367807049467,-0.042436409199124024
945,10.000000000000002,-0.04231036365021556,9.030392344039036e-6,0.003005061121514675,0.0025082549874158194,0.04231036365021556,-0.04226799428621408
946,25.000000000000004,-0.04225159019793018,3.616998744734563e-6,0.0019018408831273355,0.015837460257138093,0.04225159019793018,-0.04213322371327172
947,10.000000000000002,-0.04224841212169565,2.188216201874733e-5,0.004677837322817814,0.004892444228243977,0.04224841212169565,-0.04237401966848343
948,25.000000000000004,-0.04225415138093604,4.294353694618724e-6,0.002072282242991703,0.017583490847310514,0.04225415138093604,-0.04222196074957866
949,10.000000000000002,-0.04235835067985535,6.916990327571236e-6,0.0026300171724859965,0.014862521789327628,0.04235835067985535,-0.04219365883512735
950,4.000000000000001,-0.042317128779491585,0.00012596910656779837,0.011223595973118347,0.004204098733880241,0.042317128779491585,-0.042741238518447355
951,10.000000000000002,-0.042354439561537005,2.0966916638083077e-5,0.004578964581440118,0.016100098146256535,0.042354439561537005,-0.04224150155285731
952,4.000000000000001,-0.041995107359247746,8.250345720659313e-5,0.009083141373258104,0.008439681493843805,0.041995107359247746,-0.04259879713546982
953,10.000000000000002,-0.04206470635950835,1.611562147182694e-5,0.004014426667885084,0.01584632814398423,0.04206470635950835,-0.04225337781629243
954,4.000000000000001,-0.04235623848810675,6.54796488679124e-5,0.008091949633302991,0.0035499665292459555,0.04235623848810675,-0.04254389906597057
955,10.000000000000002,-0.042374278418556205,7.90293351154449e-6,0.0028112156643602584,0.008873655576938581,0.042374278418556205,-0.04230059795993806
956,4.000000000000001,-0.04228110860864094,2.3333607829632026e-5,0.0048304873283792,0.0029729059360333035,0.04228110860864094,-0.04240954026850389
957,10.000000000000002,-0.04233043623518608,1.2082616789768901e-5,0.0034760058673381005,0.021712045865805097,0.04233043623518608,-0.04219589141395438
958,4.000000000000001,-0.042194392135386435,6.187440793344311e-5,0.007866028726965285,0.00914401698427644,0.042194392135386435,-0.04251150425836871
959,10.000000000000002,-0.042161941981554006,6.89606743883978e-6,0.0026260364504019705,0.010492169445907439,0.042161941981554006,-0.04228994788037655
960,4.000000000000001,-0.04239513315138511,1.1513964908200327e-5,0.003393223380238962,0.008902412799592915,0.04239513315138511,-0.04230351735627249
961,1.6000000000000005,-0.042580782566306555,2.228748995828976e-5,0.0047209628211086095,0.006106892870564644,0.042580782566306555,-0.04232521083579332
962,0.6400000000000002,-0.04214695840355412,0.0006248837826123938,0.02499767554418598,0.001914371056404841,0.04214695840355412,-0.042752896898360856
963,1.6000000000000005,-0.04229397037231298,0.00011170733731387438,0.010569169187494084,0.006517172774503392,0.04229397037231298,-0.04234607446390465
964,4.000000000000001,-0.042287687838200166,2.9604449592482177e-5,0.005440997113809396,0.002817506074205741,0.042287687838200166,-0.0422828771493624
965,10.000000000000002,-0.042250158870075175,1.0336996455045173e-5,0.0032151199752179036,0.012277637738175546,0.042250158870075175,-0.042175535391944
966,4.000000000000001,-0.042309633322257574,5.7974441971628354e-5,0.007614094954203576,0.003732023529764786,0.042309633322257574,-0.04242059842479292
967,10.000000000000002,-0.042352942740856235,8.13883151988276e-6,0.002852863740153525,0.003214240955173621,0.042352942740856235,-0.04227100070598336
968,25.000000000000004,-0.04231482015886067,5.461310216416608e-6,0.002336944632723807,0.024503114494790538,0.04231482015886067,-0.042073398153612135
969,10.000000000000002,-0.04226137036673936,2.3271056596632262e-5,0.004824008353706725,0.020213158413936044,0.04226137036673936,-0.042303253634398894
970,4.000000000000001,-0.042122370881081346,0.00016609298702021768,0.012887706817747589,0.005292920073629943,0.042122370881081346,-0.04290268508062736
971,10.000000000000002,-0.04213823552454559,2.8447892089277856e-5,0.005333656540243087,0.005027637643894386,0.04213823552454559,-0.04230846392038807
972,25.000000000000004,-0.042201516198100815,1.237381041210858e-5,0.003517642735143605,0.028993311831493288,0.042201516198100815,-0.04184123725521918
973,10.000000000000002,-0.04227766290696691,7.254154669963093e-5,0.008517132539747807,0.007216650176431198,0.04227766290696691,-0.04291297589107634
974,25.000000000000004,-0.04225360223792357,1.3248885195839769e-5,0.0036399018112910366,0.03040584797123597,0.04225360223792357,-0.04219163553813183
975,10.000000000000002,-0.04222662189406121,2.4138334449145575e-5,0.004913077899763607,0.020566891134389212,0.04222662189406121,-0.042326869508594975
976,4.000000000000001,-0.04229709690032464,0.000145485174362004,0.012061723523692789,0.004282332498363426,0.04229709690032464,-0.042987041823768155
977,10.000000000000002,-0.04226469949676506,2.5104396692909145e-5,0.005010428793317908,0.005192733499991416,0.04226469949676506,-0.04231967062811777
978,25.000000000000004,-0.04229822101120553,6.621039164773976e-6,0.0025731379995588997,0.01379312903979903,0.04229822101120553,-0.04215813787766851
979,10.000000000000002,-0.042097886709777786,1.8256332731466456e-5,0.0042727429985275804,0.01627107534715461,0.042097886709777786,-0.04229112279149595
980,4.000000000000001,-0.04226092344187942,0.00013357851033991028,0.01155761698361346,0.005618492077525959,0.04226092344187942,-0.04286625259330686
981,10.000000000000002,-0.04219443941028828,3.2356666868316305e-5,0.005688292087113346,0.02198101369833148,0.04219443941028828,-0.042209165779895606
982,4.000000000000001,-0.04256340119087606,5.5337428428530136e-5,0.007438913121453304,0.019227693991173297,0.04256340119087606,-0.04219078602827683
983,1.6000000000000005,-0.04232304036053204,0.0004042059651593779,0.020104874164226395,0.007429819967256111,0.04232304036053204,-0.04308986147627015
984,4.000000000000001,-0.04232124140041289,0.0002006303468825441,0.014164404219117164,0.03898084485710207,0.04232124140041289,-0.04166854020426357
985,1.6000000000000005,-0.04178261488227544,0.0008185536066115432,0.02861037585582446,0.0037434597868207975,0.04178261488227544,-0.0435944845311411
986,4.000000000000001,-0.04211856889840153,5.031014291200619e-5,0.007092964324738014,0.008260465641288262,0.04211856889840153,-0.042300264440545104
987,10.000000000000002,-0.04227017819322883,1.1273073408250362e-5,0.003357539785058453,0.008999114299579808,0.04227017819322883,-0.04218619454033917
988,4.000000000000001,-0.04251516854106483,2.0815509099578568e-5,0.004562401681086242,0.01360765579695565,0.04251516854106483,-0.04215209938220811
989,1.6000000000000005,-0.04201950664892121,0.00035179749935049834,0.01875626560247264,0.012237923060972818,0.04201950664892121,-0.04292281630282948
990,4.000000000000001,-0.04214234474401069,6.41785465054524e-5,0.008011151384504752,0.009985705607056632,0.04214234474401069,-0.04236713043774366
991,10.000000000000002,-0.04217027122648937,1.4909620392921954e-5,0.003861297760199536,0.012266934852517626,0.04217027122648937,-0.04219059820746059
992,4.000000000000001,-0.042321410613988426,2.8039403528878688e-5,0.005295224596641646,0.012353003926529854,0.042321410613988426,-0.04219103715845965
993,1.6000000000000005,-0.04254289999264865,0.0003012764223294012,0.017357316103862406,0.006509126898692932,0.04254289999264865,-0.04283913670031897
994,4.000000000000001,-0.04242934072494515,5.0748663709173845e-5,0.007123809634540626,0.0022708759414861142,0.04242934072494515,-0.04238502230196602
995,10.000000000000002,-0.042333367297943986,1.4664005446092245e-5,0.003829360970983572,0.004614671996440732,0.042333367297943986,-0.042151570513564995
996,25.000000000000004,-0.04222500451216462,9.94612561872957e-6,0.0031537478686048397,0.026339440420738307,0.04222500451216462,-0.041818237091999985
997,10.000000000000002,-0.04209777331388936,1.069562185967127e-5,0.0032704161600125557,0.023488985134119494,0.04209777331388936,-0.04148481735634301
998,4.000000000000001,-0.04206846341595203,0.0005249942287325587,0.022912752535052587,0.00950456691965092,0.04206846341595203,-0.0448515081361779
999,10.000000000000002,-0.04224998328312391,7.640932796288071e-5,0.008741242930091847,0.00737243049529188,0.04224998328312391,-0.042505934763157165
1000,25.000000000000004,-0.042162651817425074,2.145688477887513e-5,0.00463215768070077,0.016368176646909247,0.042162651817425074,-0.04169771653923788
1001,10.000000000000002,-0.04212586992065348,7.31419981368028e-5,0.008552309520638434,0.029349143668969603,0.04212586992065348,-0.04262576478287647
1002,4.000000000000001,-0.04198264166129516,0.0002716436379999167,0.016481615151432115,0.006819534092276374,0.04198264166129516,-0.04329181288733285
1003,10.000000000000002,-0.04214588444328251,3.6879191836568614e-5,0.006072824041298135,0.01532724770944248,0.04214588444328251,-0.042401317677599984
1004,4.000000000000001,-0.04227128426192974,5.7430630243881955e-5,0.0075782999573705155,0.012358650976747113,0.04227128426192974,-0.042406219596571655
1005,1.6000000000000005,-0.04234540211627401,0.00015338063839003322,0.012384693714017849,0.010736574989449854,0.04234540211627401,-0.042552828751448286
1006,4.000000000000001,-0.04238998024306632,3.4063380924366664e-5,0.005836384233784361,0.007392539229000098,0.04238998024306632,-0.042430079506565195
1007,1.6000000000000005,-0.04246474280640839,3.546774082176941e-5,0.00595547989852786,0.009086409487577354,0.04246474280640839,-0.04226268040418714
1008,0.6400000000000002,-0.04140963000438848,0.0012023728564579663,0.034675248470024934,0.004874799004243084,0.04140963000438848,-0.04316142410600808
1009,1.6000000000000005,-0.04182954389917029,0.00019211762801790895,0.013860650346138486,0.008272854641823188,0.04182954389917029,-0.04265928384305393
1010,4.000000000000001,-0.04229758287452542,4.658090231912341e-5,0.006825020316389059,0.007348184020306376,0.04229758287452542,-0.0423370705292248
1011,10.000000000000002,-0.0423916810023724,4.237020931172067e-5,0.0065092403021950775,0.019471038320263007,0.0423916810023724,-0.04172695844357068
1012,4.000000000000001,-0.04235475548772629,0.0002316158193990393,0.015218929640386649,0.006398618227022538,0.04235475548772629,-0.04286642653332734
1013,10.000000000000002,-0.04223230822350694,2.399334679404793e-5,0.00489830039851048,0.018057405315352763,0.04223230822350694,-0.04222068650112902
1014,4.000000000000001,-0.04195444432956539,8.511351044952382e-5,0.009225698371913305,0.004547323137109483,0.04195444432956539,-0.042543601022764374
1015,10.000000000000002,-0.04202771579200796,1.7539682788738813e-5,0.004188040447361846,0.019938818780541004,0.04202771579200796,-0.04219815496549177
1016,4.000000000000001,-0.042355890783619725,7.18055244117647e-5,0.008473814041608695,0.010130166394181184,0.042355890783619725,-0.04250898680958698
1017,10.000000000000002,-0.04236239666553337,1.3158893428828401e-5,0.0036275189081283092,0.01647092520404721,0.04236239666553337,-0.04221901936608644
1018,4.000000000000001,-0.042196093179093806,5.9685210895267736e-5,0.007725620421381556,0.0030601792356491934,0.042196093179093806,-0.0425030627617358
1019,10.000000000000002,-0.04226217664892291,5.500131078852149e-6,0.0023452358258503874,0.002549146386678992,0.04226217664892291,-0.0423010244598081
1020,25.000000000000004,-0.04227394281080618,2.3604594258660317e-6,0.0015363786726800238,0.011204469993322605,0.04227394281080618,-0.042223874183311506
1021,10.000000000000002,-0.04230110574213418,4.259154418676777e-6,0.0020637718911441683,0.011153900844612243,0.04230110574213418,-0.0422085270905064
1022,4.000000000000001,-0.0423225664301584,8.06357358396181e-5,0.008979740299118794,0.003845887677641503,0.0423225664301584,-0.04259094933385238
1023,10.000000000000002,-0.04233676151493113,1.4270460359035617e-5,0.0037776262863120297,0.006431518368631305,0.04233676151493113,-0.042325178725479716
1024,4.000000000000001,-0.04235193978829809,1.7728091178968113e-5,0.004210473985072003,0.014503440091221469,0.04235193978829809,-0.04219235017147729
1025,1.6000000000000005,-0.04220028930492185,0.0002460314693962527,0.01568539031698774,0.011147977699688857,0.04220028930492185,-0.042694132981255954
1026,4.000000000000001,-0.04218444998940313,4.454346547889562e-5,0.006674089112298069,0.012708164540145308,0.04218444998940313,-0.042297702843171456
1027,1.6000000000000005,-0.04214846220709463,0.00012691883508119368,0.011265825983086801,0.007962306103478688,0.04214846220709463,-0.042510642826165033
1028,4.000000000000001,-0.04228597850941702,1.8901363646158112e-5,0.0043475698552361535,0.005792805830539712,0.04228597850941702,-0.0423306000971268
1029,1.6000000000000005,-0.04257854546255347,1.8880704989858733e-5,0.00434519332019402,0.005955396355129248,0.04257854546255347,-0.04222824137968193
1030,0.6400000000000002,-0.04197724313183078,0.0006039677224034071,0.024575754767726,0.005353755281628366,0.04197724313183078,-0.04266951859389466
1031,1.6000000000000005,-0.04209718918336533,0.00010680214797972267,0.010334512469377676,0.009934830566389672,0.04209718918336533,-0.042336231818800904
1032,4.000000000000001,-0.04213478092944402,2.65351660201614e-5,0.00515122956391592,0.007802726782750661,0.04213478092944402,-0.04231541165914576
1033,1.6000000000000005,-0.042421495754786306,3.367358442739957e-5,0.0058028944870124576,0.005535049828035989,0.042421495754786306,-0.04230742572887266
1034,4.000000000000001,-0.04239064459747596,1.2721420694734763e-5,0.0035667100659760335,0.013204919923605356,0.04239064459747596,-0.04223348469789211
1035,1.6000000000000005,-0.04220478164342719,1.7077699004083344e-5,0.004132517272085302,0.010404366852915337,0.04220478164342719,-0.0421850719514495
1036,0.6400000000000002,-0.042368786188393036,0.0010908214109819209,0.03302758560630675,0.006413353080789066,0.042368786188393036,-0.042883063761146346
1037,1.6000000000000005,-0.04240008501865595,0.00012250902218305292,0.011068379383769466,0.00210739428439315,0.04240008501865595,-0.04244398517102896
1038,4.000000000000001,-0.04223805015135114,2.6687327267493437e-5,0.005165977861692154,0.004213236123748447,0.04223805015135114,-0.0422727456770298
1039,10.000000000000002,-0.04225932944150713,7.978276536622174e-6,0.0028245843121815595,0.005593922863399042,0.04225932944150713,-0.04221395364126802
1040,4.000000000000001,-0.042356184791269805,4.1886952603460955e-5,0.006472013025594197,0.002938778184095775,0.042356184791269805,-0.04238616483341691
1041,10.000000000000002,-0.04236157919994125,8.030718782489631e-6,0.0028338522866390957,0.013444391272290432,0.04236157919994125,-0.0422624981838303
1042,4.000000000000001,-0.04244160122848839,9.022941440248852e-6,0.003003821139856508,0.010316121619416259,0.04244160122848839,-0.04217300575320494
1043,1.6000000000000005,-0.04234305651905586,1.137652515630736e-5,0.00337291048744365,0.008243555875937371,0.04234305651905586,-0.04214448347194854
1044,0.6400000000000002,-0.0414489328964771,0.0004933273347103111,0.022210973294979917,0.017773471368272047,0.0414489328964771,-0.04259358128882997
1045,1.6000000000000005,-0.04166375362645505,0.0001724454522089238,0.013131848773456228,0.0020598472973921656,0.04166375362645505,-0.042673182242171565
1046,4.000000000000001,-0.042060634245062255,4.0053747691271667e-5,0.006328803021999631,0.009943016983399203,0.042060634245062255,-0.04232713488593473
1047,1.6000000000000005,-0.042776732999547644,7.502472244059927e-5,0.008661681271011955,0.00983822849561841,0.042776732999547644,-0.04235293863484868
1048,4.000000000000001,-0.042564482208682704,1.7544631929885495e-5,0.004188631271654918,0.005939146006940983,0.042564482208682704,-0.04227733492466186
1049,1.6000000000000005,-0.042095093602137514,3.236004637237109e-5,0.005688589137244057,0.006957392003824658,0.042095093602137514,-0.042281730113783285
1050,4.000000000000001,-0.04218509029414268,9.038186008716602e-6,0.003006357598276792,0.008122851076304833,0.04218509029414268,-0.04224652693229158
1051,1.6000000000000005,-0.04217328199613736,2.0403009596958012e-5,0.004516969071950572,0.006795445327601473,0.04217328199613736,-0.04225267836979506
1052,0.6400000000000002,-0.04208267524911409,2.0904316277224647e-5,0.004572123825666213,0.00805642876602471,0.04208267524911409,-0.04222070601441527
1053,0.2560000000000001,-0.041299909970147326,0.0032314413597018836,0.056845768177603895,0.008121341497364872,0.041299909970147326,-0.043503309754323476
1054,0.6400000000000002,-0.042078535269052364,0.0006537434898632378,0.025568408043193415,0.008358180269400339,0.042078535269052364,-0.042764323970004556
1055,1.6000000000000005,-0.042454271321988625,0.00023485822934237816,0.015325084970151982,0.012334197161288153,0.042454271321988625,-0.04215527828430661
1056,4.000000000000001,-0.04244950849054743,6.50511744199101e-5,0.008065430826676904,0.011859173542080421,0.04244950849054743,-0.042185467185078804
1057,1.6000000000000005,-0.042268783924850874,0.00019901032374277988,0.014107101890281358,0.0034104870089936364,0.042268783924850874,-0.042493479875311206
1058,4.000000000000001,-0.04222362209269867,2.685464808693019e-5,0.005182147053773193,0.0029816008275245645,0.04222362209269867,-0.042304650810953505
1059,10.000000000000002,-0.04230645851236644,9.34579425300984e-6,0.0030570891797606823,0.009139362474416038,0.04230645851236644,-0.042160609681184257
1060,4.000000000000001,-0.04230722494548381,5.070905856550788e-5,0.0071210293192422594,0.002316420622382917,0.04230722494548381,-0.04236580805417031
1061,10.000000000000002,-0.042321747970175176,1.0299138140211744e-5,0.003209227031578125,0.012870246068075073,0.042321747970175176,-0.04219805248435358
1062,4.000000000000001,-0.042254007614264025,2.6065596845416387e-5,0.00510544776150108,0.008933392136844442,0.042254007614264025,-0.042285436319927754
1063,1.6000000000000005,-0.04217396426965582,0.0002785669417894804,0.016690324795805515,0.0033752210452977446,0.04217396426965582,-0.042650220592100524
1064,4.000000000000001,-0.04232351495436438,4.172079306213617e-5,0.006459163495541522,0.0033362482392029634,0.04232351495436438,-0.042364743712712795
1065,10.000000000000002,-0.042419516101137845,2.5859020269615966e-5,0.005085176522955321,0.027106386878554496,0.042419516101137845,-0.041961504813499625
1066,4.000000000000001,-0.0421476182784343,7.889343768773086e-5,0.008882197796026097,0.022473023293744624,0.0421476182784343,-0.042183986310392975
1067,1.6000000000000005,-0.04225714962161412,0.00038332838704104933,0.019578773890135442,0.023104536425131886,0.04225714962161412,-0.042762409674971705
1068,4.000000000000001,-0.042385560973181684,0.00017800224146876495,0.013341748066455345,0.048815511108476706,0.042385560973181684,-0.0416280213914967
1069,1.6000000000000005,-0.04177321576666645,0.0012258645420971555,0.03501234842305148,0.004029761489392421,0.04177321576666645,-0.04428081485486783
1070,4.000000000000001,-0.041885594122042756,5.287844811790459e-5,0.0072717568797302755,0.0030480397404261473,0.041885594122042756,-0.04237856939829785
1071,10.000000000000002,-0.04205772766764219,1.3507705949586314e-5,0.003675283111487646,0.009606589361890022,0.04205772766764219,-0.04222844594902126
1072,4.000000000000001,-0.04236009417985159,4.395049318473965e-5,0.006629516813821325,0.003736151160822145,0.04236009417985159,-0.04238450473647442
1073,10.000000000000002,-0.04227151811264829,1.743319905946132e-5,0.004175308259214082,0.030108678410512613,0.04227151811264829,-0.042082420496815924
1074,4.000000000000001,-0.04220371791665508,2.9623766559557486e-5,0.0054427719554981805,0.02769815900621076,0.04220371791665508,-0.04201385313814163
1075,1.6000000000000005,-0.04226596180766601,0.0008058691512422469,0.028387834564162284,0.004345920909630582,0.04226596180766601,-0.04374932000406716
1076,4.000000000000001,-0.042428025222642926,6.095731633298138e-5,0.007807516655952864,0.004265786790423468,0.042428025222642926,-0.042362689356821144
1077,10.000000000000002,-0.042280272617648856,1.528040500219884e-5,0.003909015861083048,0.01678381239024265,0.042280272617648856,-0.04212105300453601
1078,4.000000000000001,-0.042340901746160876,7.979844876347103e-5,0.00893299774787115,0.002923235327124372,0.042340901746160876,-0.04248982794790223
1079,10.000000000000002,-0.04231826121960516,8.686176980456489e-6,0.0029472320879863683,0.009268476144867817,0.04231826121960516,-0.04226852379087074
1080,4.000000000000001,-0.04218728419971982,1.2084310438670504e-5,0.0034762494787731364,0.011419691912670971,0.04218728419971982,-0.04222076002239545
1081,1.6000000000000005,-0.04218868032784757,0.00017858454638513058,0.013363552910252968,0.010824701787524945,0.04218868032784757,-0.04256351042689851
1082,4.000000000000001,-0.0424034493106467,4.225213603863847e-5,0.006500164308587781,0.009950483952303184,0.0424034493106467,-0.0423072195985105
1083,1.6000000000000005,-0.042017011617561675,0.00014462299414730803,0.012025930074106869,0.008083970434036162,0.042017011617561675,-0.04252046329134524
1084,4.000000000000001,-0.042168873255620784,2.772855692235825e-5,0.00526579119623616,0.008625086860046084,0.042168873255620784,-0.04232317320766833
1085,1.6000000000000005,-0.04247238770003289,0.00011954012648133746,0.0109334407430295,0.005253962342091013,0.04247238770003289,-0.0424928640427842
1086,4.000000000000001,-0.042447918591904686,2.317277922079972e-5,0.004813811298835853,0.00932707809629356,0.042447918591904686,-0.0422775430829539
1087,1.6000000000000005,-0.0423139200473863,4.574589369587682e-5,0.006763571075687519,0.009954657606645803,0.0423139200473863,-0.042288336646145334
1088,0.6400000000000002,-0.041633925351499824,0.0007356545669510483,0.02712295276976768,0.002659965947519738,0.041633925351499824,-0.04275984998720104
1089,1.6000000000000005,-0.04207912210040201,0.00010103451337638915,0.010051592579108504,0.002881837602108339,0.04207912210040201,-0.042373943005910464
1090,4.000000000000001,-0.042208384727724646,2.5269581591531287e-5,0.005026885874130353,0.0023451541798427877,0.042208384727724646,-0.04228800251164443
1091,10.000000000000002,-0.042233354869255106,1.0853978332208807e-5,0.0032945376507499207,0.008792738356940652,0.042233354869255106,-0.04215330335403404
1092,4.000000000000001,-0.042306626284153895,1.259955123696839e-5,0.0035495846569659935,0.009777834433454691,0.042306626284153895,-0.04202769572542784
1093,1.6000000000000005,-0.04223524690842919,0.0004918294265550073,0.022177227657103747,0.004891132116973636,0.04223524690842919,-0.043055476530113504
1094,4.000000000000001,-0.042394359136662375,0.0001048606802904114,0.01024015040370069,0.021857931879104595,0.042394359136662375,-0.04213255072037193
1095,1.6000000000000005,-0.04201134110029836,0.00023085499282573317,0.015193913018894546,0.014041392665449027,0.04201134110029836,-0.04250320614256769
1096,4.000000000000001,-0.0422535787922356,3.6609727864967274e-5,0.006050597314725818,0.003183338378632186,0.0422535787922356,-0.04235385299805821
1097,10.000000000000002,-0.04225735477677429,2.0935235394473013e-5,0.004575503840504673,0.022262333149461886,0.04225735477677429,-0.04202835398358695
1098,4.000000000000001,-0.04230755332560401,0.0001346240345949737,0.011602759783558984,0.00765425835997259,0.04230755332560401,-0.04264051626111021
1099,10.000000000000002,-0.042301952046127814,1.080550047184594e-5,0.0032871721086438323,0.005581165879927102,0.042301952046127814,-0.0422803246082128
1100,4.000000000000001,-0.04226577546018244,4.344823146165343e-5,0.006591527248039974,0.0035036035661860586,0.04226577546018244,-0.042447286866687146
1101,10.000000000000002,-0.04232378395283437,6.655018350596814e-6,0.0025797322245916946,0.009111467439334909,0.04232378395283437,-0.042308467735496715
1102,4.000000000000001,-0.04224163075907384,1.1460614596991486e-5,0.003385352950135552,0.006032406469371638,0.04224163075907384,-0.04231547495896142
1103,1.6000000000000005,-0.04220131041049854,1.4334263294528614e-5,0.0037860617129846963,0.008898046049446804,0.04220131041049854,-0.04228443623701001
1104,0.6400000000000002,-0.0425557904929033,1.916614638140117e-5,0.004377915757686661,0.005712728856052966,0.0425557904929033,-0.04227052882136169
1105,0.2560000000000001,-0.04084686894289613,0.003020199556117803,0.05495634227382499,0.007891259564267797,0.04084686894289613,-0.043260417646032966
1106,0.6400000000000002,-0.041934208956128184,0.0006857641616752617,0.026187099145863056,0.01116680924870635,0.041934208956128184,-0.04265599665168555
1107,1.6000000000000005,-0.04259453368675948,0.00015417652357584014,0.012416783946571678,0.003116655646362822,0.04259453368675948,-0.04238776040875477
1108,4.000000000000001,-0.042643158621485,5.3549207438416764e-5,0.007317732397294723,0.010118391475379506,0.042643158621485,-0.042106232525819284
1109,1.6000000000000005,-0.04256931587567728,5.481898354257189e-5,0.007403984301885836,0.009722870569631212,0.04256931587567728,-0.04181485565719604
1110,0.6400000000000002,-0.04137318722034101,0.001819612927445979,0.04265692121386609,0.0042785291480087325,0.04137318722034101,-0.043488210006244025
1111,1.6000000000000005,-0.04180178384634099,0.00023380410319413374,0.015290654112696872,0.0033480032334124495,0.04180178384634099,-0.04247942022185723
1112,4.000000000000001,-0.04197798565694552,5.4565334189741015e-5,0.007386835194434827,0.010593806818699574,0.04197798565694552,-0.042131331142965155
1113,1.6000000000000005,-0.04257045273484039,0.00027713775663184285,0.016647454959597963,0.00476925876138183,0.04257045273484039,-0.04251326679476444
1114,4.000000000000001,-0.04251647076265874,3.679145936549777e-5,0.006065596373440766,0.0024212287390574455,0.04251647076265874,-0.042313839495727916
1115,10.000000000000002,-0.04237442244816336,3.0268475224133945e-5,0.005501679309459426,0.022330838492917945,0.04237442244816336,-0.04186249950407367
1116,4.000000000000001,-0.04209198036060693,0.00019647264022459128,0.014016869844034056,0.0043970699273977315,0.04209198036060693,-0.04289012789592355
1117,10.000000000000002,-0.042178666609720854,1.518942139205147e-5,0.003897360823948877,0.007496547221037433,0.042178666609720854,-0.04223269032298956
1118,4.000000000000001,-0.04238537466827897,2.28621290940621e-5,0.004781435882040258,0.011076118996278672,0.04238537466827897,-0.042218831075630854
1119,1.6000000000000005,-0.04266780195751732,2.6347748574236398e-5,0.005133005803058905,0.011409140825557829,0.04266780195751732,-0.0421414645337791
1120,0.6400000000000002,-0.042969020398923335,2.667478810977941e-5,0.005164764090428469,0.018557776177906188,0.042969020398923335,-0.042082596950814795
1121,0.2560000000000001,-0.04078531922601529,0.007657480689671824,0.0875070322298261,0.006495852410018683,0.04078531922601529,-0.04503552384000266
1122,0.6400000000000002,-0.041331592861866634,0.0017021706787933855,0.04125737120556017,0.004134681976477863,0.041331592861866634,-0.04373774290855537
1123,1.6000000000000005,-0.04173745018017293,0.0003139668461823555,0.017719109632889446,0.0044648643426551515,0.04173745018017293,-0.042626630518112475
1124,4.000000000000001,-0.04221222186894481,7.535229708947179e-5,0.008680570090119185,0.0045166769855714516,0.04221222186894481,-0.042159030456489874
1125,10.000000000000002,-0.042240741451336355,2.6572254645365323e-5,0.005154828284760349,0.006383855322970088,0.042240741451336355,-0.041905097985122916
1126,25.000000000000004,-0.04220307089014668,1.634078477914194e-5,0.004042373656546601,0.0281758511147738,0.04220307089014668,-0.041403299830035975
1127,10.000000000000002,-0.0420170702233512,0.00011084243665383689,0.010528173471872359,0.02047213960904769,0.0420170702233512,-0.04260294622994966
1128,4.000000000000001,-0.04205228029868319,0.00042665329375851717,0.02065558747067043,0.008779383244407505,0.04205228029868319,-0.0440466762792905
1129,10.000000000000002,-0.04211669590407018,4.424784714651219e-5,0.00665190552747949,0.006584662970800215,0.04211669590407018,-0.04237859397659487
1130,25.000000000000004,-0.04208403564840228,1.2697878978500552e-5,0.003563408337322647,0.008429437095328333,0.04208403564840228,-0.04187455950694221
1131,10.000000000000002,-0.042086088240595086,1.7481676907894934e-5,0.004181109530722071,0.025325614420254428,0.042086088240595086,-0.041624877059334486
1132,4.000000000000001,-0.042314239512439955,0.00047803302092005133,0.021863966266897947,0.009220856356614637,0.042314239512439955,-0.044211570512176925
1133,10.000000000000002,-0.04233924300880468,5.678804989266922e-5,0.007535784623559064,0.007192786590310052,0.04233924300880468,-0.0424280188570815
1134,25.000000000000004,-0.04220204148276261,1.5940215539154375e-5,0.0039925199484979875,0.013703962943423234,0.04220204148276261,-0.04185286681215603
1135,10.000000000000002,-0.042022146695959536,6.733176777768981e-5,0.008205593688313468,0.017576437076843678,0.042022146695959536,-0.04253002739139725
1136,4.000000000000001,-0.04183710888147155,0.0002290364541500845,0.015133950381512572,0.007103073972100829,0.04183710888147155,-0.04306923589669523
1137,10.000000000000002,-0.0420204140070958,3.0510764058882465e-5,0.005523654954727211,0.006194067860224491,0.0420204140070958,-0.0423516381031023
1138,25.000000000000004,-0.04213446430181164,1.2941843999630486e-5,0.0035974774494957557,0.03146364146805601,0.04213446430181164,-0.04186875666520237
1139,10.000000000000002,-0.04233034995660653,6.250635881448855e-5,0.0079060963069323,0.014107895694958187,0.04233034995660653,-0.042667330598808825
1140,4.000000000000001,-0.04229309507623,6.358647548100025e-5,0.0079741128334756,0.027123363859390997,0.04229309507623,-0.04182773775487791
1141,1.6000000000000005,-0.04246795269049096,0.0013031599846686061,0.03609930726023155,0.008657561013454254,0.04246795269049096,-0.04468298741848883
1142,4.000000000000001,-0.04252368947049662,0.00016559398163927113,0.012868332511995139,0.005997670333774931,0.04252368947049662,-0.042510378520906084
1143,10.000000000000002,-0.042367982208077824,4.272591170644067e-5,0.006536506077901303,0.008830555351242804,0.042367982208077824,-0.042001897518747666
1144,4.000000000000001,-0.04178769866459311,0.0002088199352196592,0.014450603282204492,0.005500039149234565,0.04178769866459311,-0.04268307557279788
1145,10.000000000000002,-0.041879241471384,2.3150840817309387e-5,0.00481153206549737,0.0083511805521847,0.041879241471384,-0.04218244263617789
1146,4.000000000000001,-0.04216792388281069,8.714234752911479e-5,0.009335006562885469,0.006459424577964063,0.04216792388281069,-0.04249299679965324
1147,10.000000000000002,-0.042339703265212636,1.3086036434217549e-5,0.0036174627066795795,0.013984770160804348,0.042339703265212636,-0.04222044927651588
1148,4.000000000000001,-0.0424151670836541,6.143303303914155e-5,0.007837922750266268,0.007209207189990483,0.0424151670836541,-0.04245421075789681
1149,10.000000000000002,-0.04232503318542983,1.2923662769311858e-5,0.0035949496198572598,0.016427102561919423,0.04232503318542983,-0.04219606541904396
1150,4.000000000000001,-0.042278055479566784,8.221272853154472e-5,0.009067123498196368,0.005042034698453902,0.042278055479566784,-0.04259586986967982
1151,10.000000000000002,-0.04220757778275557,6.11570954551028e-5,0.007820300215151768,0.04218369746512066,0.04220757778275557,-0.041655071577949614
1152,4.000000000000001,-0.0421277367053106,0.000333397100342425,0.018259164831459982,0.006649460066821785,0.0421277367053106,-0.04370961389444492
1153,10.000000000000002,-0.04230470962904577,3.2274898413072984e-5,0.005681100105883805,0.008045974811047015,0.04230470962904577,-0.04218049404246348
1154,4.000000000000001,-0.04226571894273702,8.308315976643447e-5,0.009114996421635857,0.004237847194383788,0.04226571894273702,-0.04259115757392458
1155,10.000000000000002,-0.042261248971794646,8.520148915929062e-6,0.0029189294126321487,0.008426853797731823,0.042261248971794646,-0.0423116048405058
1156,4.000000000000001,-0.042248964129923676,9.512276656771758e-6,0.0030841978952025366,0.009781344382095046,0.042248964129923676,-0.04222162208031269
1157,1.6000000000000005,-0.0422592053138198,0.00014706565462284136,0.012127062901743412,0.006763420658664871,0.0422592053138198,-0.042464311176261864
1158,4.000000000000001,-0.04233737786513619,1.6916201041594707e-5,0.004112930955121263,0.006480880427522437,0.04233737786513619,-0.04236178709331929
1159,1.6000000000000005,-0.042334807906976094,2.2859519905997003e-5,0.0047811630285942985,0.00528109549990894,0.042334807906976094,-0.04233469071653841
1160,4.000000000000001,-0.04230301218399754,1.0004261929401845e-5,0.003162951458590828,0.005553043745851448,0.04230301218399754,-0.042282830218259564
1161,1.6000000000000005,-0.04249357282303285,1.2712063758423455e-5,0.003565398120606373,0.009421807721827604,0.04249357282303285,-0.042226948394604814
1162,0.6400000000000002,-0.04188324230735369,0.0007552038936721154,0.02748097330285293,0.0031207004085792725,0.04188324230735369,-0.04285910171829913
1163,1.6000000000000005,-0.04208920199261267,9.409895405903817e-5,0.009700461538454662,0.0028809021645222524,0.04208920199261267,-0.04245291391900615
1164,4.000000000000001,-0.04216897988987028,2.5815119914106896e-5,0.005080858186773854,0.006745381562432946,0.04216897988987028,-0.04227291198727124
1165,1.6000000000000005,-0.04237825686048656,4.346275033984798e-5,0.006592628484894927,0.0070899353742953,0.04237825686048656,-0.04226594669254282
1166,4.000000000000001,-0.04239634117313715,1.2288379853257316e-5,0.0035054785483949716,0.009132252952479119,0.04239634117313715,-0.04223948004019783
1167,1.6000000000000005,-0.04211126457764507,0.0001470088344056287,0.012124719972256212,0.005772203735827529,0.04211126457764507,-0.042460236665143154
1168,4.000000000000001,-0.042289939570480856,2.4773323928474815e-5,0.004977280776536001,0.00613512114333204,0.042289939570480856,-0.04232399021446613
1169,10.000000000000002,-0.04227306153476575,1.1538061834021358e-5,0.0033967722670237045,0.011379672693891554,0.04227306153476575,-0.04214189734938402
1170,4.000000000000001,-0.042205621142823425,2.1420704184486094e-5,0.0046282506613715396,0.01461316067801615,0.042205621142823425,-0.042107377449296574
1171,1.6000000000000005,-0.042581653682747606,5.6730789882952185e-5,0.007531984458491147,0.01186773647756888,0.042581653682747606,-0.04218532328420844
1172,0.6400000000000002,-0.042512563004586966,0.00011390369215206588,0.010672567270908434,0.01010320556152873,0.042512563004586966,-0.04224620191378295
1173,1.6000000000000005,-0.042552458020276816,0.000524836524307332,0.02290931086495908,0.0025349120016350045,0.042552458020276816,-0.04320594268034238
1174,4.000000000000001,-0.0423712881929296,8.15329422800266e-5,0.009029559362451004,0.0038865854182875926,0.0423712881929296,-0.04231979197425002
1175,10.000000000000002,-0.04220252486110248,2.522892795921948e-5,0.0050228406265000565,0.006036133077614915,0.04220252486110248,-0.041972158191957515
1176,25.000000000000004,-0.04225248254978858,1.5943179662239594e-5,0.003992891140795049,0.048112735938084655,0.04225248254978858,-0.041441674632633624
1177,10.000000000000002,-0.04191043263057761,0.0001101613822010194,0.010495779256492555,0.02112218425398609,0.04191043263057761,-0.04278086729960927
1178,4.000000000000001,-0.0421763317452363,0.00031955870026816117,0.017876204861999125,0.0062356223444555384,0.0421763317452363,-0.0437037142027976
1179,10.000000000000002,-0.04215873368433719,4.143005555082549e-5,0.0064366183319213115,0.010966516083896406,0.04215873368433719,-0.04246291633208161
1180,4.000000000000001,-0.042221047622869476,0.00011400079908987434,0.01067711567277766,0.005386739218163746,0.042221047622869476,-0.04269191661824097
1181,10.000000000000002,-0.04222824777338746,2.2976816186279168e-5,0.004793413834239557,0.020260967535994896,0.04222824777338746,-0.04218796802513759
1182,4.000000000000001,-0.042209161725913324,5.173157933877757e-5,0.00719246684655394,0.01121565602870498,0.042209161725913324,-0.042399877963610784
1183,1.6000000000000005,-0.0424407507275804,5.258688079583029e-5,0.0072516812392596445,0.009122294428271826,0.0424407507275804,-0.042249205821706735
1184,0.6400000000000002,-0.04286665027457051,0.0016273801134268236,0.04034079961313141,0.0044335376728952,0.04286665027457051,-0.043604114579604385
1185,1.6000000000000005,-0.0423113947097605,0.000269155458159326,0.016405958007971556,0.009111697361307427,0.0423113947097605,-0.04251664701530875
1186,4.000000000000001,-0.04224063692457925,6.85593555660518e-5,0.008280057703062933,0.0027109989132754913,0.04224063692457925,-0.042344122603176236
1187,10.000000000000002,-0.042216743743452446,3.048979156604459e-5,0.005521756203061177,0.023203065997456414,0.042216743743452446,-0.041858502594623835
1188,4.000000000000001,-0.042267129865178235,0.00020346422604948717,0.014264088686259882,0.008518486915529613,0.042267129865178235,-0.042836123339234485
1189,10.000000000000002,-0.04221495658462198,3.688021512233749e-5,0.006072908291941966,0.02403762150065686,0.04221495658462198,-0.04191174621221512
1190,4.000000000000001,-0.04217065152294293,0.00016207776395192743,0.0127309765513855,0.002777313451388864,0.04217065152294293,-0.04287058826253085
1191,10.000000000000002,-0.042104888002083035,1.1859862726038212e-5,0.0034438151410954407,0.01301876093026004,0.042104888002083035,-0.04225138323721766
1192,4.000000000000001,-0.04216511135040516,1.4752888628653967e-5,0.0038409489229426063,0.01101728375388778,0.04216511135040516,-0.042134112828214505
1193,1.6000000000000005,-0.04262085991856143,0.0004279736481174391,0.020687523972613038,0.006207704996957455,0.04262085991856143,-0.043009290697435414
1194,4.000000000000001,-0.04237318814798185,5.240878195688313e-5,0.007239390993507889,0.01348714385421848,0.04237318814798185,-0.04235413828819151
1195,1.6000000000000005,-0.041944736113926274,8.584006092645277e-5,0.009264991145513997,0.00929477450701791,0.041944736113926274,-0.04228367748376703
1196,4.000000000000001,-0.042071928148097085,4.063160724502218e-5,0.006374292685861089,0.002119908648415806,0.042071928148097085,-0.04244202148565707
1197,10.000000000000002,-0.04225231512439496,8.27532631050192e-6,0.002876686689666068,0.011273040334151076,0.04225231512439496,-0.04225807381938179
1198,4.000000000000001,-0.04245651567654161,1.9888514545141355e-5,0.0044596540835743475,0.008814465121652949,0.04245651567654161,-0.042369336977465116
1199,1.6000000000000005,-0.042594273084591835,2.3372969731606734e-5,0.004834559931535314,0.004693688753006861,0.042594273084591835,-0.04231016338203543
1200,4.000000000000001,-0.04251385540518481,1.1798804927062664e-5,0.003434938853467797,0.005731158809622933,0.04251385540518481,-0.042243014678932336
1201,1.6000000000000005,-0.042195794657994515,8.780246642325169e-5,0.009370297029617135,0.006108567735701551,0.042195794657994515,-0.042456093491760084
1202,4.000000000000001,-0.042158937982996254,1.360308002841491e-5,0.0036882353542602065,0.004412736469206977,0.042158937982996254,-0.0423545709202781
1203,10.000000000000002,-0.042228753346409395,6.314768222613064e-6,0.002512920257909722,0.011406237197681739,0.042228753346409395,-0.042260750493288424
1204,4.000000000000001,-0.042354787913446275,3.2424656209650197e-5,0.005694265203663261,0.0013668170566589197,0.042354787913446275,-0.04238647219703493
1205,10.000000000000002,-0.04234438344249484,2.2457464006702248e-5,0.004738930681778564,0.01850700859178467,0.04234438344249484,-0.042031824667697525
1206,4.000000000000001,-0.042302420617744585,0.00012730439275723685,0.011282924831675378,0.011443473223161882,0.042302420617744585,-0.04278509389795063
1207,10.000000000000002,-0.042343356247602056,1.176727869209747e-5,0.0034303467305940765,0.01644100273073325,0.042343356247602056,-0.04228936941904664
1208,4.000000000000001,-0.04219196679434325,2.6236089042268832e-5,0.0051221176326075165,0.0014389935747912556,0.04219196679434325,-0.04238714061969997
1209,10.000000000000002,-0.04219721844908562,4.237739384268204e-6,0.0020585770289858487,0.005450030647019744,0.04219721844908562,-0.04229019324185244
1210,4.000000000000001,-0.042147269332307544,9.581345698126058e-6,0.003095374888139732,0.006757757495251988,0.042147269332307544,-0.042342931125416705
1211,1.6000000000000005,-0.04247108990714238,1.4579026187252112e-5,0.0038182490996858903,0.00435927278008696,0.04247108990714238,-0.04232443940825544
1212,4.000000000000001,-0.04246358500533807,4.022685188706417e-6,0.0020056632789943623,0.0028601546961772683,0.04246358500533807,-0.04231333844541505
1213,1.6000000000000005,-0.042185763285443614,5.661654952432757e-6,0.002379423239449585,0.002740888830576189,0.042185763285443614,-0.04230268458976511
1214,4.000000000000001,-0.04210297664027399,5.615814479831984e-6,0.002369770976240528,0.010768471046066715,0.04210297664027399,-0.04227107943138146
1215,1.6000000000000005,-0.042136595828894126,6.034764988457754e-5,0.0077683749835198825,0.007132219211314012,0.042136595828894126,-0.042380261803333215
1216,4.000000000000001,-0.04232700698396679,1.4513695436524207e-5,0.0038096844274197053,0.006133051861952772,0.04232700698396679,-0.04229188480391515
1217,1.6000000000000005,-0.04255881795370514,6.393128315542444e-5,0.007995704043761527,0.004347832417347301,0.04255881795370514,-0.04239866906400289
1218,4.000000000000001,-0.04251193748250635,8.302524263357324e-6,0.002881410117174805,0.012695906603273157,0.04251193748250635,-0.04230765652567505
1219,1.6000000000000005,-0.042344653974007884,1.0920953803012083e-5,0.003304686642181386,0.0052142348037151325,0.042344653974007884,-0.042275943054041094
1220,0.6400000000000002,-0.04212665523424703,3.945170884372155e-5,0.006281059531935799,0.006960480685083592,0.04212665523424703,-0.042299837390842664
1221,1.6000000000000005,-0.04202301696576132,5.541016988511303e-5,0.007443800768768132,0.003950653577646908,0.04202301696576132,-0.04241095481975706
1222,4.000000000000001,-0.04219119802863716,4.497305065496946e-6,0.0021206850462756007,0.0015472795542615574,0.04219119802863716,-0.042329584179455926
1223,10.000000000000002,-0.042245775723276445,2.3138535345574025e-6,0.0015211356068928906,0.0037080680321751676,0.042245775723276445,-0.042296814476980166
1224,4.000000000000001,-0.042453184871031724,1.041328966564501e-5,0.003226962916682652,0.007384037268713967,0.042453184871031724,-0.04234658674564552
1225,1.6000000000000005,-0.042490972713049635,1.5969657821501683e-5,0.003996205427840476,0.003829499545059379,0.042490972713049635,-0.04234609567820304
1226,4.000000000000001,-0.04235716914860172,5.108358660161187e-6,0.0022601678389361237,0.002106966990702694,0.04235716914860172,-0.04231425020094788
1227,10.000000000000002,-0.04232886609591095,2.4146256187803318e-6,0.0015539065669403459,0.011310875531644265,0.04232886609591095,-0.04228986002269523
1228,4.000000000000001,-0.04233648810615941,1.4389629856869215e-5,0.00379336655978159,0.004368776924954959,0.04233648810615941,-0.042364823172214246
1229,10.000000000000002,-0.04230725631980231,1.7131373963770168e-6,0.001308868746810396,0.0019342198863273859,0.04230725631980231,-0.04230605828194894
1230,4.000000000000001,-0.04231771064177625,3.4921999127260384e-6,0.0018687428696120925,0.001419634585188854,0.04231771064177625,-0.04232014085431751
1231,10.000000000000002,-0.042328396094522984,6.58697813219357e-7,0.0008116020041987064,0.0025875669840053376,0.042328396094522984,-0.04230775884412355
1232,4.000000000000001,-0.042353349406769485,6.868707154533023e-6,0.002620821847156541,0.0024001178740790216,0.042353349406769485,-0.0423348526204456
1233,10.000000000000002,-0.04234186229036012,1.6495097872901394e-6,0.001284332428653166,0.00173577297125279,0.04234186229036012,-0.04230326161228101
1234,4.000000000000001,-0.04223960885061788,7.042805241501711e-6,0.002653828412219168,0.001368650524300041,0.04223960885061788,-0.042347227414197816
1235,10.000000000000002,-0.042257518506273295,2.1776820027027532e-6,0.001475697124312016,0.001668783424347945,0.042257518506273295,-0.04231113719383887
1236,25.000000000000004,-0.04227730498197903,6.753563899040794e-7,0.0008218006996249635,0.013960739264537676,0.04227730498197903,-0.0422986952251766
1237,10.000000000000002,-0.04231714785714738,1.4069902704454857e-6,0.0011861662069227422,0.013027619874263109,0.04231714785714738,-0.04229222810080666
1238,4.000000000000001,-0.042502625422070894,3.07664568177293e-5,0.005546751916007178,0.0038602544240769715,0.042502625422070894,-0.04243156656004894
1239,10.000000000000002,-0.04242990612757462,1.5017334135764914e-6,0.0012254523301934235,0.002311514614680129,0.04242990612757462,-0.04231913478026743
1240,4.000000000000001,-0.04225326591454808,1.908103104786162e-6,0.0013813410530300481,0.003790811520426932,0.04225326591454808,-0.04230554305055065
1241,1.6000000000000005,-0.0420092337816944,1.605819723030547e-5,0.004007268050718028,0.0012855083993388414,0.0420092337816944,-0.04233918482328977
1242,4.000000000000001,-0.04220521098143118,2.5132282035023027e-6,0.0015853164363944198,0.0015204836762713215,0.04220521098143118,-0.04232573079526011
1243,10.000000000000002,-0.04228333189473361,1.1169902472992455e-6,0.0010568775933376795,0.0017099158791736495,0.04228333189473361,-0.04231227983547872
1244,4.000000000000001,-0.04241570820870003,1.1684894847520876e-6,0.001080966921210861,0.0038538745064889074,0.04241570820870003,-0.04229673928702717
1245,1.6000000000000005,-0.04248723579327375,6.064688364002183e-5,0.0077876109070768185,0.004269684863144431,0.04248723579327375,-0.042415449846234535
1246,4.000000000000001,-0.0424361104175445,5.579363663045503e-6,0.002362067666906582,0.003770007029145636,0.0424361104175445,-0.04231699637126358
1247,1.6000000000000005,-0.04227047692254014,1.53623527618771e-5,0.003919483736651691,0.0008925241659824888,0.04227047692254014,-0.0423366044786143
1248,4.000000000000001,-0.042319920166353026,2.1977248417418026e-6,0.001482472543334885,0.002825252072735581,0.042319920166353026,-0.042322757271324916
1249,1.6000000000000005,-0.042242367311963576,5.3154785051016995e-6,0.0023055321522593647,0.0008331264559138469,0.042242367311963576,-0.04232751042562598
1250,4.000000000000001,-0.04223809878011499,1.3034909914913913e-6,0.0011417052997561986,0.004669013246042023,0.04223809878011499,-0.04232069186601069
1251,1.6000000000000005,-0.042362566490378506,2.872613758095596e-6,0.0016948786853623464,0.003646792919815221,0.042362566490378506,-0.042319953145138166
1252,0.6400000000000002,-0.042501475876151946,5.7265944787674915e-6,0.002393030396540648,0.0010696360943829382,0.042501475876151946,-0.0423212409974074
1253,1.6000000000000005,-0.042406910629209114,1.143917835367849e-6,0.0010695409460922238,0.001732543804576536,0.042406910629209114,-0.04231895960708451
1254,0.6400000000000002,-0.04237286559024479,1.0821038340399706e-6,0.0010402421997015745,0.0008409084651527904,0.04237286559024479,-0.04231656579959237
1255,1.6000000000000005,-0.04237494737183944,1.7939090274460107e-5,0.004235456324230024,0.0020572694584257787,0.04237494737183944,-0.04235126775521488
1256,4.000000000000001,-0.04232841465424998,4.281283341328628e-6,0.002069126226533468,0.0032238985161386273,0.04232841465424998,-0.04232461204952562
1257,1.6000000000000005,-0.04233272029439049,4.4724607600993476e-6,0.002114819320911209,0.0037369406544649785,0.04233272029439049,-0.04230176775326155
1258,0.6400000000000002,-0.042026187188406644,0.00010160834565408225,0.010080096510157146,0.0048340863165331665,0.042026187188406644,-0.042407906088477935
1259,1.6000000000000005,-0.041968412616265556,3.3018890661709886e-5,0.005746206632354069,0.010152991449420262,0.041968412616265556,-0.042310496770262294
1260,0.6400000000000002,-0.04255503506887562,6.258659675846949e-5,0.007911169114515849,0.0032654026840361113,0.04255503506887562,-0.04231330888487812
1261,1.6000000000000005,-0.04257053422276871,1.6032184533225687e-5,0.0040040210455522945,0.005219395196855527,0.04257053422276871,-0.042290016208321436
1262,0.6400000000000002,-0.04269204229333188,0.00017780263543630548,0.013334265462945662,0.012794265603429441,0.04269204229333188,-0.042427626625167206
1263,1.6000000000000005,-0.0423490294190616,2.5808552603090234e-5,0.005080211865964867,0.001362145031893093,0.0423490294190616,-0.04235974758001766
1264,4.000000000000001,-0.04227901979753781,5.1493125245809605e-6,0.002269209669594452,0.00783202753572414,0.04227901979753781,-0.04231729670893076
1265,1.6000000000000005,-0.04213670002647486,1.8280849995310683e-5,0.004275611066889818,0.005214996004631873,0.04213670002647486,-0.04235082322760727
1266,4.000000000000001,-0.04224224799666239,2.7796340075597395e-6,0.0016672234426014228,0.0022977013490672435,0.04224224799666239,-0.04233109246406493
1267,1.6000000000000005,-0.04227492088661459,2.7420131381063176e-6,0.0016559025146747975,0.0011219173208741305,0.04227492088661459,-0.042315974733599736
1268,4.000000000000001,-0.042294916114012614,2.758823827817678e-6,0.0016609707486339661,0.006737201271781914,0.042294916114012614,-0.04230063225555819
1269,1.6000000000000005,-0.04236503510280672,7.949017397402967e-6,0.0028194001839758343,0.009571367760512279,0.04236503510280672,-0.04229548516318545
1270,0.6400000000000002,-0.042312062890173294,0.00042915347048193704,0.020716019658272605,0.003013626550608649,0.042312062890173294,-0.04258997733614616
1271,1.6000000000000005,-0.04240117844095305,2.9885955192672008e-5,0.005466804843111926,0.006398901319388859,0.04240117844095305,-0.04232247526179223
1272,4.000000000000001,-0.04239446033985476,5.240492472436731e-6,0.0022892121947160624,0.000982204897844367,0.04239446033985476,-0.04232440752427279
1273,10.000000000000002,-0.04236292082285631,2.9074468166985323e-6,0.0017051236954246259,0.010459174354132551,0.04236292082285631,-0.04228014774631381
1274,4.000000000000001,-0.04228566829671507,9.909339755330799e-6,0.003147910379177082,0.005496371169161215,0.04228566829671507,-0.04230773705435162
1275,1.6000000000000005,-0.04206933975757848,9.84019640811232e-5,0.009919776412859476,0.007562906584176602,0.04206933975757848,-0.04248499105287175
1276,4.000000000000001,-0.04218558274804577,1.9330683762161033e-5,0.004396667347225741,0.006208282221698388,0.04218558274804577,-0.042318074709033926
1277,1.6000000000000005,-0.04233195855891557,4.50480977444628e-5,0.0067117879692718835,0.002143303092334615,0.04233195855891557,-0.042384196275614926
1278,4.000000000000001,-0.042460199820591085,3.5515816687053536e-5,0.005959514802989715,0.009126261647911728,0.042460199820591085,-0.04216808521518506
1279,1.6000000000000005,-0.042334159347285176,0.0002245406083020117,0.014984679119087326,0.005314938893686064,0.042334159347285176,-0.04261862684890549
1280,4.000000000000001,-0.042225631339014434,2.8349512004801616e-5,0.0053244259789015395,0.009815264542001377,0.042225631339014434,-0.042276758070105
1281,1.6000000000000005,-0.042068877424094764,8.58755803052926e-5,0.00926690780710009,0.002514957855959582,0.042068877424094764,-0.04246577064228673
1282,4.000000000000001,-0.042282098631081046,9.784284110571027e-6,0.0031279840329789133,0.003517416489397683,0.042282098631081046,-0.04230906918375635
1283,10.000000000000002,-0.04239013062822339,9.82740257480273e-6,0.0031348688289628214,0.026806872391964807,0.04239013062822339,-0.042172253351293515
1284,4.000000000000001,-0.0421842479247754,7.574672933350643e-5,0.008703259695855711,0.0016785828469771079,0.0421842479247754,-0.042612228814694515
1285,10.000000000000002,-0.042392037277215563,6.056243016774537e-5,0.007782186721464949,0.03311198944723544,0.042392037277215563,-0.041697787213489074
1286,4.000000000000001,-0.04218133437632931,0.0002991643201254303,0.017296367252270933,0.003239437280386481,0.04218133437632931,-0.04370571387402903
1287,10.000000000000002,-0.0422418470669105,1.1780080034781261e-5,0.003432212119724138,0.0033462591607886895,0.0422418470669105,-0.042286033357085785
1288,25.000000000000004,-0.042257276298012555,1.0800451310912473e-5,0.003286404009082339,0.026902492554584205,0.042257276298012555,-0.041911718985161994
1289,10.000000000000002,-0.04234352790317888,7.917979595506525e-5,0.00889830298175249,0.004774974981846998,0.04234352790317888,-0.0431377898776137
1290,25.000000000000004,-0.042336515238528855,2.517159066032371e-6,0.0015865557242127901,0.010913144043764714,0.042336515238528855,-0.04229985688143694
1291,10.000000000000002,-0.04224750675097105,3.8855299202292855e-6,0.001971174756390028,0.008295270586237642,0.04224750675097105,-0.042272256855605525
1292,4.000000000000001,-0.04226448820752243,7.89286663823977e-6,0.0028094246098159976,0.004946814010677236,0.04226448820752243,-0.042292946358752005
1293,1.6000000000000005,-0.04232773366258998,0.00025444591986212067,0.015951361066132277,0.007435916518661102,0.04232773366258998,-0.04285268789892066
1294,4.000000000000001,-0.042595126680890646,8.125782603078136e-5,0.009014312288288074,0.01701109343293107,0.042595126680890646,-0.04216312974402653
1295,1.6000000000000005,-0.04213989120166931,0.000300152861876589,0.01732492025599509,0.0035641496325577874,0.04213989120166931,-0.04285486260477789
1296,4.000000000000001,-0.04220815781528944,6.937023067842818e-5,0.008328879317076708,0.013019706874295472,0.04220815781528944,-0.04211793644000096
1297,1.6000000000000005,-0.042079821348667036,0.0002784827300671525,0.01668780183448834,0.0029617580385770323,0.042079821348667036,-0.0427926223882416
1298,4.000000000000001,-0.04224380356549629,1.734932003190995e-5,0.0041652514968378495,0.004351867104236396,0.04224380356549629,-0.0423370274757616
1299,10.000000000000002,-0.04229559562481294,9.528891864274576e-6,0.0030868903226831004,0.010796075386632534,0.04229559562481294,-0.042185203003013025
1300,4.000000000000001,-0.042221748187246486,5.425126151993386e-5,0.007365545568383503,0.006515445309628561,0.042221748187246486,-0.04244291684360732
1301,10.000000000000002,-0.04212051211399634,3.234042866787228e-5,0.0056868645726685174,0.026945494957572282,0.04212051211399634,-0.041909219486935385
1302,4.000000000000001,-0.0424427979729328,0.00019711337428596874,0.014039707058410041,0.0032277865629203664,0.0424427979729328,-0.043120583940714406
1303,10.000000000000002,-0.04273813674519947,0.00016554687980312497,0.012866502236549176,0.041489328341977556,0.04273813674519947,-0.04063902810816821
1304,4.000000000000001,-0.04164158980619025,0.0007626836603665673,0.02761672790839942,0.022062009205913103,0.04164158980619025,-0.04557307338671879
1305,10.000000000000002,-0.0418331888175084,5.251268567023535e-5,0.0072465637146329805,0.00912260199780628,0.0418331888175084,-0.04220532873021695
1306,4.000000000000001,-0.04218923751984274,0.0001225910168366039,0.011072082768684667,0.006030207594861641,0.04218923751984274,-0.04267952357170009
1307,10.000000000000002,-0.04225231453979916,1.0598573252426318e-5,0.003255545000829557,0.008539084689070574,0.04225231453979916,-0.04223042408573648
1308,4.000000000000001,-0.042491188161414686,4.903629886021037e-5,0.007002592295729516,0.005614108862345393,0.042491188161414686,-0.042479505047734026
1309,10.000000000000002,-0.04250916216589472,7.478557667539094e-6,0.0027346951690342186,0.005820995954899628,0.04250916216589472,-0.042295366635503116
1310,4.000000000000001,-0.042261373301905006,8.373277176470648e-6,0.002893661551818154,0.005462279909515196,0.042261373301905006,-0.04221010200339315
1311,1.6000000000000005,-0.0421042676971536,0.0002360587372660653,0.0153642031119764,0.006657997480034689,0.0421042676971536,-0.04262461657593989
1312,4.000000000000001,-0.04222293244257317,2.923734385243406e-5,0.005407156725344112,0.005937981783190821,0.04222293244257317,-0.04232723586009181
1313,10.000000000000002,-0.04221542091518223,1.1470871832455711e-5,0.003386867554607902,0.013783344304442594,0.04221542091518223,-0.04217088136645075
1314,4.000000000000001,-0.042458703808787815,5.522573346118643e-5,0.0074314018503366126,0.002822308088695393,0.042458703808787815,-0.04253858063569858
1315,10.000000000000002,-0.042463546884787685,4.9048841722440244e-5,0.0070034878255366625,0.04228914099477897,0.042463546884787685,-0.041822660867597554
1316,4.000000000000001,-0.04209556068584441,0.00021680431164150944,0.014724276268853061,0.004138036213196784,0.04209556068584441,-0.04327529508874751
1317,10.000000000000002,-0.04217177487524237,2.0165311090718287e-5,0.004490580262139659,0.006229381235642007,0.04217177487524237,-0.042275157240570196
1318,4.000000000000001,-0.04227515703159701,3.9836716237698514e-5,0.006311633404888033,0.008241640830760753,0.04227515703159701,-0.04235857732207604
1319,1.6000000000000005,-0.04233821756900437,7.043402302670925e-5,0.008392498020655665,0.0070167119190927075,0.04233821756900437,-0.04239573606874024
1320,4.000000000000001,-0.04233404990243457,1.4145654277413041e-5,0.0037610708950261812,0.008724581250823543,0.04233404990243457,-0.04238692398562525
1321,1.6000000000000005,-0.04231847948131588,1.8904721527496354e-5,0.004347956017198926,0.007258118613287572,0.04231847948131588,-0.04234452290584244
1322,0.6400000000000002,-0.04199115426918765,1.904730053547736e-5,0.004364321314417324,0.004196458170397924,0.04199115426918765,-0.04230896139328894
1323,1.6000000000000005,-0.042260078348552395,1.548967973800935e-5,0.00393569304418032,0.0010975236750023817,0.042260078348552395,-0.04231967335391339
1324,4.000000000000001,-0.042254776480642915,7.368438479018985e-6,0.0027144867800413,0.0042047335773925405,0.042254776480642915,-0.04227866415334772
1325,1.6000000000000005,-0.042445075752715986,9.662424067823755e-5,0.009829763002139856,0.006653099751297442,0.042445075752715986,-0.04243383264553716
1326,4.000000000000001,-0.042317385410084014,2.7950504742443908e-5,0.005286823691257721,0.008692933678871981,0.042317385410084014,-0.04226043712716149
1327,1.6000000000000005,-0.041928552595014136,3.601241221031903e-5,0.006001034261718477,0.009288964984248962,0.041928552595014136,-0.042155166719360614
1328,0.6400000000000002,-0.04165378787193296,0.00010808323604557508,0.01039630877021143,0.017939048232638147,0.04165378787193296,-0.04218598739767171
1329,0.2560000000000001,-0.04238772872592603,0.004115974496960849,0.06415586097123824,0.004315149609773214,0.04238772872592603,-0.04390827849012071
1330,0.6400000000000002,-0.044040280566842505,0.0012331897558960038,0.0351168016182568,0.014044530300513385,0.044040280566842505,-0.04222283392867422
1331,1.6000000000000005,-0.04301420746554617,0.0002220603852912035,0.014901690685663943,0.006077129164367953,0.04301420746554617,-0.04243246799820102
1332,4.000000000000001,-0.04231224985684667,3.332902012903957e-5,0.0057731291453629865,0.00568114528918116,0.04231224985684667,-0.04221663777589586
1333,10.000000000000002,-0.04210166312702372,1.7407515778287547e-5,0.00417223151062924,0.018011727399457413,0.04210166312702372,-0.041958700826945285
1334,4.000000000000001,-0.041756979208799706,2.1011014341925223e-5,0.004583777300646839,0.015074275743689337,0.041756979208799706,-0.04174812724768492
1335,1.6000000000000005,-0.04243530001456156,0.0010737276971044488,0.03276778443997166,0.004234899858955599,0.04243530001456156,-0.04416477654002362
1336,4.000000000000001,-0.04273401174268835,9.946738837834347e-5,0.009973333864778791,0.004633607990829305,0.04273401174268835,-0.042407385265626533
1337,10.000000000000002,-0.04237189189248933,2.123599097815361e-5,0.004608252486371988,0.00821510004200615,0.04237189189248933,-0.04215021300497863
1338,4.000000000000001,-0.04196230901816252,2.1943925915523188e-5,0.004684434428564796,0.011611544954678919,0.04196230901816252,-0.04186694724943488
1339,1.6000000000000005,-0.042257725684191866,0.0009141942067086692,0.030235644638549865,0.004277827171529414,0.042257725684191866,-0.043542427394348014
1340,4.000000000000001,-0.04226856320057695,9.352140634148051e-5,0.009670646635126345,0.011722427217392098,0.04226856320057695,-0.0422774864214096
1341,10.000000000000002,-0.04219281111040023,2.3064037232677765e-5,0.004802503225681141,0.018976140283969045,0.04219281111040023,-0.04205318451524822
1342,4.000000000000001,-0.04224758815402183,9.792794450185207e-5,0.009895854915157763,0.00825707790183871,0.04224758815402183,-0.04256480055202809
1343,10.000000000000002,-0.042186523940358066,1.2485086624286718e-5,0.0035334242066707355,0.014041353780680213,0.042186523940358066,-0.04222448446210935
1344,4.000000000000001,-0.042398875769163916,4.738262398614844e-5,0.006883503757981718,0.011426866316312121,0.042398875769163916,-0.04244649027291849
1345,1.6000000000000005,-0.04234760723854779,0.0002298173196976931,0.015159726900498343,0.0029884190605657048,0.04234760723854779,-0.04267674164945874
1346,4.000000000000001,-0.042289055312129446,3.7632135660542324e-5,0.006134503701241228,0.0012009923421542285,0.042289055312129446,-0.04240212577470876
1347,10.000000000000002,-0.04220835769064708,1.4669041019832384e-5,0.0038300184098555433,0.007220966007152012,0.04220835769064708,-0.04215772962535455
1348,4.000000000000001,-0.04224149350204199,3.145139395661606e-5,0.005608154237948174,0.012393206125098507,0.04224149350204199,-0.042187061059782406
1349,1.6000000000000005,-0.04241747267931484,0.0003695600358519543,0.019223944336476693,0.0035593167660565813,0.04241747267931484,-0.04295597284809212
1350,4.000000000000001,-0.042411390744112806,4.5176850383047585e-5,0.006721372656165374,0.0020576844395041333,0.042411390744112806,-0.042424034172186896
1351,10.000000000000002,-0.042324989474555784,1.6649370982717215e-5,0.00408036407477534,0.009212645890034987,0.042324989474555784,-0.042131806423936324
1352,4.000000000000001,-0.0421242008271261,6.419543453214921e-5,0.008012205347602445,0.006352168252358981,0.0421242008271261,-0.042369671486587934
1353,10.000000000000002,-0.042123527719908085,1.0368534717710507e-5,0.003220020918831197,0.011628538633621711,0.042123527719908085,-0.042260496539722456
1354,4.000000000000001,-0.04230285956955236,2.4243914722293446e-5,0.004923810995793141,0.007188239875322291,0.04230285956955236,-0.0423565716557705
1355,1.6000000000000005,-0.04244634957269642,0.00014350819047117785,0.011979490409494798,0.007287659597696406,0.04244634957269642,-0.04251758600653025
1356,4.000000000000001,-0.04246849178816733,2.267760747103835e-5,0.004762101161361269,0.0010977431375003355,0.04246849178816733,-0.04240466640159432
1357,10.000000000000002,-0.04239427732931066,9.400174963006517e-6,0.0030659704765386305,0.00893658936942943,0.04239427732931066,-0.04224369966220788
1358,4.000000000000001,-0.04227387944606544,1.1282224388376157e-5,0.0033589022594258614,0.001687837209959231,0.04227387944606544,-0.04214444738320046
1359,10.000000000000002,-0.0423215722112491,7.703013338119165e-6,0.0027754302978311605,0.001786025252711231,0.0423215722112491,-0.04204535674572757
1360,25.000000000000004,-0.04229948934922272,4.685321491346792e-6,0.002164560345970237,0.010637501331513224,0.04229948934922272,-0.042270533557324956
1361,10.000000000000002,-0.042185213318827214,8.352953617074562e-6,0.0028901476808416834,0.009168260990665927,0.042185213318827214,-0.04227367890784689
1362,4.000000000000001,-0.04218218575209688,9.842584625964222e-5,0.009920980105798127,0.015234322080405906,0.04218218575209688,-0.04272487830259166
1363,1.6000000000000005,-0.042281597964258365,0.0002549474029389442,0.015967072459876424,0.003365689744989809,0.042281597964258365,-0.04284023275529924
1364,4.000000000000001,-0.04229480183015454,4.759061078521106e-5,0.0068985948413579894,0.0012645342041850305,0.04229480183015454,-0.04244340972275284
1365,10.000000000000002,-0.042204899524613655,1.613343904697626e-5,0.004016645247837586,0.017826031194305092,0.042204899524613655,-0.042177385497906165
1366,4.000000000000001,-0.042143890732872565,1.869826059493772e-5,0.004324148539879004,0.0013371372552528616,0.042143890732872565,-0.04199676181862409
1367,10.000000000000002,-0.04216194349340246,1.3968407341841472e-5,0.003737433255837684,0.0018987774849958344,0.04216194349340246,-0.04180073413124828
1368,25.000000000000004,-0.04213178332426191,8.765522457320232e-6,0.0029606625031097736,0.011227677865462457,0.04213178332426191,-0.04196328996579715
1369,10.000000000000002,-0.042299351108666866,5.581977154274345e-5,0.00747126304869153,0.013955095919889774,0.042299351108666866,-0.04259180355977671
1370,4.000000000000001,-0.04287592732675643,0.00013743502306972575,0.01172326844654364,0.008587346222644636,0.04287592732675643,-0.043117432030681795
1371,10.000000000000002,-0.04259150868603637,2.4285133181289018e-5,0.004927994843878088,0.006903425150214201,0.04259150868603637,-0.04245769635584445
1372,4.000000000000001,-0.042098852643693105,3.036554957317578e-5,0.005510494494432944,0.005701177154105909,0.042098852643693105,-0.04234700950358177
1373,10.000000000000002,-0.04208286309944744,1.1633711476874156e-5,0.0034108226979534064,0.002291026494289471,0.04208286309944744,-0.04218205160262713
1374,25.000000000000004,-0.042210468729874835,9.822555905442893e-6,0.003134095707766898,0.021322253492208322,0.042210468729874835,-0.04186074241771372
1375,10.000000000000002,-0.042376418773450525,4.36288668595023e-5,0.00660521512590637,0.018794548933629075,0.042376418773450525,-0.042372370902148966
1376,4.000000000000001,-0.04239237282992149,0.0002662307939937335,0.016316580340063096,0.0055722751294939015,0.04239237282992149,-0.04352885607410545
1377,10.000000000000002,-0.042209270204905974,3.7606177606845584e-5,0.006132387594309869,0.011131533958612301,0.042209270204905974,-0.04242480654381533
1378,4.000000000000001,-0.042129985515536546,4.097420107424442e-5,0.006401109362778019,0.012465136321486448,0.042129985515536546,-0.041945817310190106
1379,1.6000000000000005,-0.04153062757031581,0.0010361417617196238,0.03218915596469755,0.01780772588571493,0.04153062757031581,-0.043962772903277776
1380,4.000000000000001,-0.041821781446761644,9.61303985078512e-5,0.009804611083967135,0.004556639030361626,0.041821781446761644,-0.04245423135109032
1381,10.000000000000002,-0.04208857707167878,3.572801615892297e-5,0.005977291707698644,0.02231768307573472,0.04208857707167878,-0.04187657399532593
1382,4.000000000000001,-0.04233894146616236,0.00017922520076959765,0.013387501662729968,0.010475987757884652,0.04233894146616236,-0.04281526370791128
1383,10.000000000000002,-0.04222714646379142,2.561852881016368e-5,0.005061474963897745,0.01521710936896164,0.04222714646379142,-0.042092764494526265
1384,4.000000000000001,-0.042338856828251975,0.00012995461384391404,0.011399763762636225,0.003995740288759008,0.042338856828251975,-0.042761241179625355
1385,10.000000000000002,-0.04211988396126814,3.2419957975011007e-5,0.005693852647813342,0.02297703704236112,0.04211988396126814,-0.04200368273699531
1386,4.000000000000001,-0.04226237159449867,0.00015384804947210637,0.012403549873810576,0.005428310083975856,0.04226237159449867,-0.042949990274617614
1387,10.000000000000002,-0.0423013027916136,1.7755356789335085e-5,0.004213710572563698,0.015816829152088884,0.0423013027916136,-0.042238010894639556
1388,4.000000000000001,-0.04247051513764926,3.424379548187092e-5,0.005851819843593181,0.027912006244492117,0.04247051513764926,-0.042187733619516415
1389,1.6000000000000005,-0.04188046010392685,5.741326810881179e-5,0.007577154354295007,0.00852056982211674,0.04188046010392685,-0.04212645217102689
1390,4.000000000000001,-0.04217938362259778,4.865527777978672e-5,0.0069753335246271,0.009685113074961357,0.04217938362259778,-0.042363236367743404
1391,1.6000000000000005,-0.042435214711949276,0.00038786550674485337,0.01969430137742523,0.004671518962274547,0.042435214711949276,-0.043042754379679214
1392,4.000000000000001,-0.0425799199063842,5.544511702579097e-5,0.007446147797740182,0.009847987211357708,0.0425799199063842,-0.04234463059674432
1393,1.6000000000000005,-0.04231598317784773,9.218417445013024e-5,0.009601259003387538,0.005574340896331957,0.04231598317784773,-0.042334044981040035
1394,4.000000000000001,-0.04217990764334293,1.9547315453401696e-5,0.004421234607369495,0.004462465941902891,0.04217990764334293,-0.04223745208014288
1395,10.000000000000002,-0.04222272525045544,1.816474728873908e-5,0.004262012117385294,0.007713516020931688,0.04222272525045544,-0.04198437473463213
1396,4.000000000000001,-0.04237303984548446,0.00012497265181690432,0.011179116772666092,0.004287425313699221,0.04237303984548446,-0.04276167357522076
1397,10.000000000000002,-0.04242841832967166,3.486939892293332e-5,0.005905031661467474,0.019004539674740667,0.04242841832967166,-0.042047175240186335
1398,4.000000000000001,-0.04221314884450314,0.00013774802156656931,0.011736610309905042,0.017001349692785377,0.04221314884450314,-0.04279013749903828
1399,1.6000000000000005,-0.0422991418033267,0.00012361716838963136,0.011118325790766853,0.006115584652094967,0.0422991418033267,-0.04255349179512573
1400,4.000000000000001,-0.04221651232740574,2.8441990050889684e-5,0.005333103228973698,0.0012893241232650112,0.04221651232740574,-0.042350119008576353
1401,10.000000000000002,-0.042274848874833515,1.3081258924083765e-5,0.0036168023064695924,0.01402896827615737,0.042274848874833515,-0.04217578881744945
1402,4.000000000000001,-0.04230101341915201,6.447623196985904e-5,0.008029709332837587,0.0013178177443055772,0.04230101341915201,-0.04257388488922659
1403,10.000000000000002,-0.04232542670967415,8.847713135970481e-6,0.0029745105708284987,0.0014577581842023907,0.04232542670967415,-0.04229449790153479
1404,25.000000000000004,-0.0423377910545457,5.793452333180488e-6,0.0024069591465541097,0.021979467073768154,0.0423377910545457,-0.04209096041460063
1405,10.000000000000002,-0.042356317866523725,1.4837556894713797e-5,0.0038519549445332037,0.03191058452292129,0.042356317866523725,-0.042305708364415905
1406,4.000000000000001,-0.041855202115804825,0.00014763096113548012,0.01215034818988658,0.0051161836775596705,0.041855202115804825,-0.04302116358326118
1407,10.000000000000002,-0.041910875192477756,2.615941443949254e-5,0.005114627497628008,0.007612690996712921,0.041910875192477756,-0.04225940751814927
1408,4.000000000000001,-0.04217103657009648,3.501248216412518e-5,0.005917134624471981,0.007847049143934172,0.04217103657009648,-0.042006629621589936
1409,1.6000000000000005,-0.04250904120606899,0.0005363649514869631,0.023159554216067354,0.006512177935912554,0.04250904120606899,-0.04325364969964557
1410,4.000000000000001,-0.04251797395986338,6.40661787169133e-5,0.008004135101115754,0.005415515610998129,0.04251797395986338,-0.04251073098265456
1411,10.000000000000002,-0.042396191986996234,1.3605233987152846e-5,0.0036885273466727674,0.0032526719278613316,0.042396191986996234,-0.04221580591273167
1412,25.000000000000004,-0.04230546967635014,7.323972861842195e-6,0.0027062839580949734,0.015841313942556324,0.04230546967635014,-0.041969353040702304
1413,10.000000000000002,-0.04214637481629961,4.585639853368532e-5,0.006771735267542974,0.006278596121185136,0.04214637481629961,-0.04257189212510457
1414,25.000000000000004,-0.04223773031675965,6.940184439959688e-6,0.0026344229804569517,0.025674604735369567,0.04223773031675965,-0.042217260088493073
1415,10.000000000000002,-0.0422652515659388,2.1613258685824082e-5,0.0046490062041068606,0.010232411373697277,0.0422652515659388,-0.042449033612164476
1416,4.000000000000001,-0.042187923071591374,2.6331842118338308e-5,0.0051314561401553755,0.003119599273606607,0.042187923071591374,-0.042393142402829896
1417,10.000000000000002,-0.0422518554112915,7.914356273338648e-6,0.002813246571727876,0.007910102336558653,0.0422518554112915,-0.042270031953547296
1418,4.000000000000001,-0.04220288814374623,2.8137777257310948e-5,0.0053045053734830875,0.0012826996385337723,0.04220288814374623,-0.042402224031264174
1419,10.000000000000002,-0.04223829653032099,4.8934536800081946e-6,0.0022121152049584115,0.009791162054082325,0.04223829653032099,-0.042306141212017125
1420,4.000000000000001,-0.04228659778846377,7.359963808388956e-6,0.0027129253230394963,0.014377388910892798,0.04228659778846377,-0.04224782062664815
1421,1.6000000000000005,-0.042492828860795445,4.791677006772704e-5,0.0069221940212426175,0.005982855302590914,0.042492828860795445,-0.04235317794278228
1422,4.000000000000001,-0.04229782360487843,1.3626342324374168e-5,0.0036913875879368407,0.0017674346899109838,0.04229782360487843,-0.04226978215241664
1423,10.000000000000002,-0.04225689038367856,3.966748943199651e-6,0.001991669888108883,0.0020665665502787043,0.04225689038367856,-0.042266645971192854
1424,25.000000000000004,-0.04226968050343482,1.9413031376490854e-6,0.0013933065483407035,0.02406156757905229,0.04226968050343482,-0.04220933909339254
1425,10.000000000000002,-0.042271870445858215,7.094810089231094e-6,0.0026636084714595524,0.007658756433164376,0.042271870445858215,-0.04226689691496722
1426,4.000000000000001,-0.04245790540221723,9.968300493007996e-5,0.00998413766582172,0.003314239202905225,0.04245790540221723,-0.04279625336823421
1427,10.000000000000002,-0.04234183128035983,1.516898368938087e-5,0.0038947379487432616,0.004256766416908875,0.04234183128035983,-0.04239597149757315
1428,25.000000000000004,-0.042333243521953084,5.331092746878479e-6,0.0023089159246015172,0.006899823746349323,0.042333243521953084,-0.04220503356128353
1429,10.000000000000002,-0.04227878357605085,7.799305655441947e-6,0.002792723698370812,0.009212463789892664,0.04227878357605085,-0.042106985213131595
1430,4.000000000000001,-0.04205392882957759,0.0001738826498808978,0.01318645706324856,0.005477394711743172,0.04205392882957759,-0.04296530376932337
1431,10.000000000000002,-0.04217865731250094,2.004674372885114e-5,0.0044773590127273845,0.002796715687602755,0.04217865731250094,-0.04233675628962953
1432,25.000000000000004,-0.04216047404385203,1.6487724216278442e-5,0.004060507876642827,0.05864770922887223,0.04216047404385203,-0.04174983708058494
1433,10.000000000000002,-0.042217571774896163,5.8799919495244096e-5,0.007668110555752577,0.03308233898524689,0.042217571774896163,-0.042164261497054545
1434,4.000000000000001,-0.04249961361308816,0.0003910401145732962,0.019774734247855173,0.004847837285873368,0.04249961361308816,-0.04409108338753795
1435,10.000000000000002,-0.04225438991758406,4.165212896561165e-5,0.00645384605995616,0.008011922862433928,0.04225438991758406,-0.04244423552632992
1436,25.000000000000004,-0.042183877516161886,1.251050967581746e-5,0.0035370198862626516,0.005995008349531777,0.042183877516161886,-0.04199915084974528
1437,10.000000000000002,-0.042254750577656944,2.4254459934454412e-5,0.0049248817178135776,0.02281214801470881,0.042254750577656944,-0.041965743250510265
1438,4.000000000000001,-0.042362333789303985,0.0003114842563486038,0.01764891657718977,0.007524876934848654,0.042362333789303985,-0.043734680846397374
1439,10.000000000000002,-0.042291033567692426,3.248355387445918e-5,0.005699434522341597,0.006678483376812017,0.042291033567692426,-0.04244166776196788
1440,25.000000000000004,-0.04219126953182729,8.506412194842186e-6,0.002916575422450478,0.007181975262446819,0.04219126953182729,-0.04208419475238679
1441,10.000000000000002,-0.042206408153912855,3.3115413627377463e-5,0.005754599345512897,0.008540803648341845,0.042206408153912855,-0.0424669157607211
1442,4.000000000000001,-0.042060086782696876,3.4816652109202195e-5,0.0059005637111383,0.01259333063047464,0.042060086782696876,-0.04214434721877556
1443,1.6000000000000005,-0.0424657890236755,6.513045508665286e-5,0.008070344173989908,0.014282390930244922,0.0424657890236755,-0.04220729957816724
1444,0.6400000000000002,-0.0416563751533043,0.004715117060104688,0.0686667099845674,0.006121420677578877,0.0416563751533043,-0.04643850601772019
1445,1.6000000000000005,-0.04261173066504893,0.0005746095837491077,0.023971015492655033,0.005593904170074191,0.04261173066504893,-0.04308811211729234
1446,4.000000000000001,-0.042586969423181555,0.00010492641994433985,0.01024335979766111,0.0031472083692860387,0.042586969423181555,-0.04226144966439117
1447,10.000000000000002,-0.04242936811567556,3.0799376367455994e-5,0.005549718584528047,0.00867674992344044,0.04242936811567556,-0.04199156620812153
1448,4.000000000000001,-0.04207248007520665,0.0001589517013025506,0.012607604899525945,0.007099895013913357,0.04207248007520665,-0.042597483999328785
1449,10.000000000000002,-0.042094098716877255,1.9142418875031558e-5,0.00437520500948602,0.008119673554026006,0.042094098716877255,-0.04220104597296858
1450,4.000000000000001,-0.04225061384231199,2.3321734250801587e-5,0.004829258147045112,0.008104371033316425,0.04225061384231199,-0.04206135933317275
1451,1.6000000000000005,-0.04214542052880457,0.0005873355208690046,0.024235006104166852,0.006725475103461054,0.04214542052880457,-0.043223693423886926
1452,4.000000000000001,-0.04236594659232472,5.2989757599043616e-5,0.007279406404305478,0.003999400140637757,0.04236594659232472,-0.042507250143885796
1453,10.000000000000002,-0.04229197975396346,1.6166746677356894e-5,0.004020789310242069,0.008229467023427027,0.04229197975396346,-0.042197160460986004
1454,4.000000000000001,-0.042210396703693566,4.774452901822481e-5,0.006909741602854973,0.00590743131385076,0.042210396703693566,-0.04247262363424002
1455,10.000000000000002,-0.04226900906632079,1.147049525189035e-5,0.0033868119599249013,0.00869275678144703,0.04226900906632079,-0.042227451432924806
1456,4.000000000000001,-0.04225648458677594,4.558811242116005e-5,0.006751896949832695,0.0029152870692805027,0.04225648458677594,-0.04244586798029054
1457,10.000000000000002,-0.04229565501752835,7.716621759783952e-6,0.0027778808037394174,0.020192514072004706,0.04229565501752835,-0.042239360838908085
1458,4.000000000000001,-0.042403893160785876,8.622649770766072e-6,0.002936434874259273,0.0068388982685544655,0.042403893160785876,-0.042144642842108504
1459,1.6000000000000005,-0.04231687357867377,0.0004377652909847338,0.020922841369774178,0.0037699313707521553,0.04231687357867377,-0.04294392629684504
1460,4.000000000000001,-0.04218829950854337,4.3678879609320654e-5,0.006608999894788973,0.0023252568212133147,0.04218829950854337,-0.04237436453948606
1461,10.000000000000002,-0.042169045768079824,1.510538806718483e-5,0.0038865650730670687,0.01017566358139288,0.042169045768079824,-0.04211862483157994
1462,4.000000000000001,-0.04224967624972849,8.378634822959124e-5,0.009153488309360058,0.004191107463743036,0.04224967624972849,-0.042615686424780364
1463,10.000000000000002,-0.04233761491314772,1.1115399567273902e-5,0.0033339765397005874,0.008801579535820486,0.04233761491314772,-0.04225441092040756
1464,4.000000000000001,-0.04248640121987033,3.196666390579796e-5,0.005653906959421773,0.006938028168197571,0.04248640121987033,-0.04237363521432177
1465,10.000000000000002,-0.042417229267617845,2.775739539769563e-5,0.005268528769751156,0.0295718977744149,0.042417229267617845,-0.0419778248040162
1466,4.000000000000001,-0.042247755582403713,0.00014588906002660458,0.012078454372418872,0.014770361724225496,0.042247755582403713,-0.04288495407025459
1467,10.000000000000002,-0.042211633868571255,1.536533273004794e-5,0.003919863866264738,0.017287448799843362,0.042211633868571255,-0.0422193385591355
1468,4.000000000000001,-0.04201639684210815,2.239900669539213e-5,0.004732758888364389,0.010914271860169657,0.04201639684210815,-0.04215411603297396
1469,1.6000000000000005,-0.04212630362912228,0.0005202649357279826,0.022809316862369696,0.01074749397315185,0.04212630362912228,-0.04317727123736341
1470,4.000000000000001,-0.042241372825295984,6.807898760835565e-5,0.008250999188483517,0.012679156656283526,0.042241372825295984,-0.042169766215167825
1471,1.6000000000000005,-0.042471092778955,0.0004241826468593022,0.020595694862259494,0.003679514151237263,0.042471092778955,-0.04287915396936618
1472,4.000000000000001,-0.04239002700057301,5.190767125707281e-5,0.007204697860220983,0.006214601520921396,0.04239002700057301,-0.042258461410840185
1473,10.000000000000002,-0.04229416940811653,1.20461433607956e-5,0.003470755445259087,0.009516791352116201,0.04229416940811653,-0.042228730436292064
1474,4.000000000000001,-0.04230153282763596,4.70385017139197e-5,0.00685846205164975,0.009770118664519713,0.04230153282763596,-0.042444647464581174
1475,1.6000000000000005,-0.042305199706365454,4.888821248846254e-5,0.006992010618446066,0.004650226366945373,0.042305199706365454,-0.04221606105289388
1476,4.000000000000001,-0.042323295191062676,2.4937448808654946e-5,0.004993740963311468,0.001161127613551594,0.042323295191062676,-0.042308622735644855
1477,10.000000000000002,-0.04236001348239415,4.644965250817025e-6,0.0021552181446009185,0.0017851078771529932,0.04236001348239415,-0.04225277655640385
1478,25.000000000000004,-0.04233691631473833,3.6998650219761064e-6,0.0019235033199805263,0.0032806956636978572,0.04233691631473833,-0.04212893039314075
1479,10.000000000000002,-0.04219376306875814,1.93183657170202e-5,0.0043952662851094925,0.003710030533320522,0.04219376306875814,-0.042489252000773664
1480,25.000000000000004,-0.04222839497323478,3.3865668791040924e-6,0.0018402627201310395,0.00352987353569887,0.04222839497323478,-0.04226746860064502
1481,10.000000000000002,-0.04228589877688611,3.5418618131919662e-6,0.0018819834784588217,0.0021591599219996397,0.04228589877688611,-0.042157527735168746
1482,25.000000000000004,-0.04227147909489962,2.527588620496212e-6,0.0015898391807023162,0.013392958990519887,0.04227147909489962,-0.04217197917794279
1483,10.000000000000002,-0.04229430258381785,3.4508726122019163e-5,0.00587441283210664,0.004888259228621523,0.04229430258381785,-0.04255531391048442
1484,25.000000000000004,-0.04228488824963742,1.0100977991367811e-5,0.0031782035792830847,0.021208572498810745,0.04228488824963742,-0.04208386397400717
1485,10.000000000000002,-0.04230293156332889,2.4452546302998772e-5,0.004944951597639634,0.013311334115729568,0.04230293156332889,-0.042257122264709054
1486,4.000000000000001,-0.04250878672365754,0.00015033940316890292,0.012261296961125398,0.023263541667268465,0.04250878672365754,-0.042767958799521465
1487,1.6000000000000005,-0.04132585926236977,0.0013100002177366906,0.03619392514962547,0.013695103391159563,0.04132585926236977,-0.044531772989102186
1488,4.000000000000001,-0.04176009433534209,0.00011597562225130955,0.010769197846233003,0.005115561637538792,0.04176009433534209,-0.04257973734959603
1489,10.000000000000002,-0.04206924921091266,2.5304239428807117e-5,0.005030331940220955,0.007493686812046809,0.04206924921091266,-0.04214352504985713
1490,4.000000000000001,-0.04244791375405839,8.22393000348087e-5,0.009068588646245275,0.007867105445885939,0.04244791375405839,-0.04238268925608756
1491,10.000000000000002,-0.04238405221377237,1.2113137182403335e-5,0.0034803932511144964,0.002612236998332225,0.04238405221377237,-0.04219017781536569
1492,25.000000000000004,-0.04219733546493652,8.907636428434658e-6,0.0029845663719265244,0.02311832677012555,0.04219733546493652,-0.04187676821291205
1493,10.000000000000002,-0.042273483772673814,3.50249934235242e-5,0.005918191735954843,0.029862101792769637,0.042273483772673814,-0.042146124691885195
1494,4.000000000000001,-0.042343285867044785,0.00032560948695229894,0.018044652586079315,0.01722152121336063,0.042343285867044785,-0.04365545610223079
1495,10.000000000000002,-0.042288405982184585,3.483512785477001e-5,0.005902129095061375,0.027194105703411266,0.042288405982184585,-0.04229597619134987
1496,4.000000000000001,-0.042058910429317545,0.0001646042031905175,0.012829816958574176,0.010179238459346113,0.042058910429317545,-0.04286442431455506
1497,10.000000000000002,-0.042209919798327604,2.0653096825874714e-5,0.004544567837085801,0.00553927067694039,0.042209919798327604,-0.04233796079611059
1498,25.000000000000004,-0.042274897101100474,6.473209105131985e-6,0.0025442502048996646,0.0105569292361406,0.042274897101100474,-0.04210812391691252
1499,10.000000000000002,-0.04231964360017767,3.0103075727961983e-5,0.005486626990051537,0.01169803195275258,0.04231964360017767,-0.04239120544311449
1500,4.000000000000001,-0.04239122212437532,3.6210651122053756e-5,0.006017528655690287,0.013526036046863166,0.04239122212437532,-0.042174168973217775
1501,1.6000000000000005,-0.0424358488037934,0.0008745344364432597,0.029572528408021857,0.01026258420463042,0.0424358488037934,-0.04374624361700001
1502,4.000000000000001,-0.04226624523456602,9.839980780107144e-5,0.009919667726344035,0.0029251641506467217,0.04226624523456602,-0.042549541945406916
1503,10.000000000000002,-0.04222572414310994,2.157140017177669e-5,0.004644502144662729,0.006875816664328964,0.04222572414310994,-0.042176978331280625
1504,4.000000000000001,-0.04233794344805889,7.427068495875925e-5,0.008618044149269557,0.008990597686958278,0.04233794344805889,-0.04255200096378618
1505,10.000000000000002,-0.04221211444945506,1.40964247147623e-5,0.0037545205705605475,0.01846684874727875,0.04221211444945506,-0.042188035337651565
1506,4.000000000000001,-0.04209321572012813,1.8777632398219667e-5,0.004333316558736468,0.010527055015079008,0.04209321572012813,-0.042078538939820644
1507,1.6000000000000005,-0.042342399422244284,0.0006307705061178593,0.025115144955143286,0.003537053439549318,0.042342399422244284,-0.043319820173334626
1508,4.000000000000001,-0.042328559688378384,7.483772529372565e-5,0.008650880030015769,0.009098892545976497,0.042328559688378384,-0.0422969254467345
1509,10.000000000000002,-0.04227207557761408,1.706990692835371e-5,0.004131574388578005,0.0052746459871246725,0.04227207557761408,-0.04219239898321394
1510,4.000000000000001,-0.041938990893709435,1.770858742824579e-5,0.004208157248516955,0.00840109878434483,0.041938990893709435,-0.041991280498356376
1511,1.6000000000000005,-0.04246376014014417,0.0007380985242488432,0.02716796871775369,0.004322225271162216,0.04246376014014417,-0.043427533374751096
1512,4.000000000000001,-0.04256732312957437,7.217734298520663e-5,0.00849572498290797,0.01065790047022747,0.04256732312957437,-0.042374241870121954
1513,1.6000000000000005,-0.04224824144178223,0.00020628224247997573,0.014362529111544935,0.009225040132672903,0.04224824144178223,-0.042571056851500436
1514,4.000000000000001,-0.042229255072129414,2.852128227063984e-5,0.005340532021310221,0.0010779716556101487,0.042229255072129414,-0.0422649694142093
1515,10.000000000000002,-0.042224169186281746,8.187828761646456e-6,0.0028614382330650534,0.008533652222321391,0.042224169186281746,-0.04218338399439331
1516,4.000000000000001,-0.04238518551712954,1.2312971422663367e-5,0.003508984386209686,0.0017040620199201338,0.04238518551712954,-0.04212644236304469
1517,10.000000000000002,-0.04234697646951113,6.6368591292752715e-6,0.002576210226141351,0.0018627634471768835,0.04234697646951113,-0.042034703995120694
1518,25.000000000000004,-0.0422886213047708,5.32917450829439e-6,0.002308500489125872,0.017149284403583157,0.0422886213047708,-0.041888734492670845
1519,10.000000000000002,-0.042245752244752785,5.694564876676911e-6,0.0023863287444685637,0.01776568185311804,0.042245752244752785,-0.0417079285042864
1520,4.000000000000001,-0.042414165503960204,0.000514849668423578,0.02269029899370165,0.008847648081039664,0.042414165503960204,-0.04454850187567814
1521,10.000000000000002,-0.042144614051398056,7.240579707773533e-5,0.008509159598793252,0.03411189200389599,0.042144614051398056,-0.04220369908474335
1522,4.000000000000001,-0.04181462882462943,0.0002678427282261735,0.016365901387524414,0.0056398547151433045,0.04181462882462943,-0.043280887429409505
1523,10.000000000000002,-0.04187427087782707,2.7009462089806352e-5,0.00519706283296694,0.00845336395046618,0.04187427087782707,-0.042304646706226405
1524,4.000000000000001,-0.04231572233579515,8.768906705675977e-5,0.009364244072895567,0.005020367370638455,0.04231572233579515,-0.04260946683363073
1525,10.000000000000002,-0.04235100788042877,2.0056914089017965e-5,0.0044784946230868655,0.012697988774306761,0.04235100788042877,-0.04217021198299231
1526,4.000000000000001,-0.042501790574527694,0.00011162768602554398,0.010565400419555521,0.005358778701200673,0.042501790574527694,-0.04258353801883148
1527,10.000000000000002,-0.04233902198588,2.0799995843740883e-5,0.0045607012447364806,0.01265863207540118,0.04233902198588,-0.042143496225751545
1528,4.000000000000001,-0.042213741517684485,6.890626799496125e-5,0.008300979941847905,0.0015859657615757091,0.042213741517684485,-0.04252912961042938
1529,10.000000000000002,-0.04220786113663502,1.4503841293601088e-5,0.0038083909060915855,0.011115333044547862,0.04220786113663502,-0.04218138215402798
1530,4.000000000000001,-0.04222614625133407,5.281930615693219e-5,0.007267689189620879,0.006917026183154644,0.04222614625133407,-0.042475301680053805
1531,10.000000000000002,-0.04241596739458409,1.7224846345807778e-5,0.004150282682638349,0.018398781182629026,0.04241596739458409,-0.0421159381399613
1532,4.000000000000001,-0.04220920679277975,0.00011400257642963559,0.010677198903721687,0.004449204616706025,0.04220920679277975,-0.042656551318457255
1533,10.000000000000002,-0.042133004543609916,1.2907987266280443e-5,0.0035927687465630797,0.01350854106284097,0.042133004543609916,-0.04224031775970611
1534,4.000000000000001,-0.04239088601778188,3.608817645993996e-5,0.006007343544358019,0.008916338412243348,0.04239088601778188,-0.04235218785141153
1535,1.6000000000000005,-0.042651047114719585,0.00033666462508244856,0.01834842295900246,0.00330459663700415,0.042651047114719585,-0.04286983111093737
1536,4.000000000000001,-0.04268938148295616,0.0001048330503535905,0.010238801216626412,0.01836083548831207,0.04268938148295616,-0.04200856479868601
1537,1.6000000000000005,-0.042017087085159624,0.0005100886594700006,0.022585142449628264,0.009183691311657737,0.042017087085159624,-0.04299143212801654
1538,4.000000000000001,-0.04202565070258055,5.1332962158679867e-5,0.007164702517109826,0.006086698301952892,0.04202565070258055,-0.04240623706145821
1539,10.000000000000002,-0.04207913207612397,1.526500403200643e-5,0.003907045435109046,0.01379001573593969,0.04207913207612397,-0.0421311210700297
1540,4.000000000000001,-0.042365455844139616,0.00010625532611355062,0.01030802241526233,0.005812993189671083,0.042365455844139616,-0.04258159984066303
1541,10.000000000000002,-0.04239039910009828,1.0730873651268367e-5,0.003275801222795481,0.011271414682684031,0.04239039910009828,-0.04224801547059333
1542,4.000000000000001,-0.042125949167169614,2.188904138292574e-5,0.004678572579636415,0.014178618343329941,0.042125949167169614,-0.04228204967182783
1543,1.6000000000000005,-0.04276973083853841,0.0003739402339164474,0.019337534328772308,0.003910656509279104,0.04276973083853841,-0.0428321994505464
1544,4.000000000000001,-0.042599061799827996,4.806014788742197e-5,0.006932542671157674,0.008052439026853203,0.042599061799827996,-0.0423495435655177
1545,10.000000000000002,-0.042323102140212364,1.1618751302708556e-5,0.003408628947642814,0.006711023859968554,0.042323102140212364,-0.04223308060952847
1546,4.000000000000001,-0.04212308846026505,1.946206381397238e-5,0.004411582914779272,0.009824589279945608,0.04212308846026505,-0.04223098988951069
1547,1.6000000000000005,-0.04199957353510381,4.394837146318463e-5,0.006629356791060852,0.005663922238009668,0.04199957353510381,-0.042234988909140486
1548,4.000000000000001,-0.04212296533738826,8.169152242008685e-6,0.002858172885255314,0.0013721922510372356,0.04212296533738826,-0.04218923498333109
1549,10.000000000000002,-0.04221770567341302,5.422296238251044e-6,0.0023285824525343833,0.0029041279126759663,0.04221770567341302,-0.042127815758490984
1550,25.000000000000004,-0.04227410024434917,4.017722111411157e-6,0.002004425631299689,0.030097882150264054,0.04227410024434917,-0.04205410151005891
1551,10.000000000000002,-0.042191378977149994,7.81924270762614e-6,0.002796290883943611,0.015229125570313879,0.042191378977149994,-0.04206677615865463
1552,4.000000000000001,-0.04283661314463929,0.00031048429008553825,0.017620564408824656,0.008246525377914335,0.04283661314463929,-0.043588226383268286
1553,10.000000000000002,-0.042430925231846245,4.489040523977222e-5,0.006700030241705795,0.009307871586742946,0.042430925231846245,-0.04233133133901779
1554,4.000000000000001,-0.04178322627763966,9.030780429034506e-5,0.009503041844080507,0.018640623118555303,0.04178322627763966,-0.04232240086724908
1555,1.6000000000000005,-0.041915449677350704,0.0005186908404658862,0.022774785190334643,0.007266287467563182,0.041915449677350704,-0.043000959778660267
1556,4.000000000000001,-0.04210491824035261,4.922735424601036e-5,0.007016220795129695,0.005206383675182599,0.04210491824035261,-0.04247552639630814
1557,10.000000000000002,-0.042284532933450025,2.474372788810513e-5,0.004974306774627509,0.019244323640997756,0.042284532933450025,-0.04205629858089593
1558,4.000000000000001,-0.0423980148827465,0.000139704974479827,0.011819685887527935,0.007875343054790936,0.0423980148827465,-0.04263902785308261
1559,10.000000000000002,-0.04238200986811333,2.906997686496116e-5,0.005391658081236343,0.035147563480545436,0.04238200986811333,-0.0420388297049174
1560,4.000000000000001,-0.04213708589847051,0.00014136254644475988,0.011889598245725542,0.0076662678079309965,0.04213708589847051,-0.04274805298717805
1561,10.000000000000002,-0.042192234707601875,1.3367477834628022e-5,0.003656156155667865,0.010977576603432078,0.042192234707601875,-0.04223820905551389
1562,4.000000000000001,-0.04218165555578789,5.838932507219312e-5,0.007641290798824052,0.005638687077160001,0.04218165555578789,-0.04245453565195742
1563,10.000000000000002,-0.04221538286881488,1.2804194202724578e-5,0.0035782948736408767,0.017620977961848968,0.04221538286881488,-0.04219985093015221
1564,4.000000000000001,-0.042262234372303004,1.933605944381492e-5,0.004397278640683908,0.0102237099357808,0.042262234372303004,-0.04214603614026495
1565,1.6000000000000005,-0.04239214605778882,0.0007075682879594289,0.026600155788254868,0.013386345843905441,0.04239214605778882,-0.043355352689139766
1566,4.000000000000001,-0.04216662397966126,7.339637903906947e-5,0.00856716867109954,0.0059707089954386845,0.04216662397966126,-0.042291008776718
1567,10.000000000000002,-0.042237773997890415,2.0525824630734246e-5,0.004530543524869201,0.017888490806152558,0.042237773997890415,-0.04212984168461886
1568,4.000000000000001,-0.042299961205700246,3.751921965342315e-5,0.006125293434066906,0.012319008736704438,0.042299961205700246,-0.042263477271474864
1569,1.6000000000000005,-0.042327933209078863,0.0005262102866814428,0.022939273891765685,0.008611095141878551,0.042327933209078863,-0.04321968571076279
1570,4.000000000000001,-0.04227234900128125,0.00012841369046201652,0.011331976458765545,0.016473573461158245,0.04227234900128125,-0.04205475886216043
1571,1.6000000000000005,-0.041845446668126104,0.0004325861706324667,0.020798705984567085,0.015649140560677104,0.041845446668126104,-0.04247839982825037
1572,4.000000000000001,-0.041971081977210195,9.996476398369938e-5,0.009998238043960515,0.019259391722680434,0.041971081977210195,-0.04198501589687053
1573,1.6000000000000005,-0.043203107409978854,0.0005094874377371362,0.022571828409261314,0.009786714575196831,0.043203107409978854,-0.04291880471274584
1574,4.000000000000001,-0.042601051964477235,4.871843190877985e-5,0.00697985901782979,0.010516525361658207,0.042601051964477235,-0.04235612202692202
1575,1.6000000000000005,-0.042236623692956506,0.00020585083406635753,0.014347502711843534,0.0024507554920277655,0.042236623692956506,-0.04262624310299668
1576,4.000000000000001,-0.04212452492262015,3.693470563451637e-5,0.006077392996550113,0.007038275356250406,0.04212452492262015,-0.04228110420502806
1577,10.000000000000002,-0.04213896520648404,1.8735942258562363e-5,0.0043285034663913995,0.013931434874555795,0.04213896520648404,-0.0420752656535196
1578,4.000000000000001,-0.04248215959736079,0.00010134065341135354,0.010066809495135663,0.0043524656586426385,0.04248215959736079,-0.04265875241064765
1579,10.000000000000002,-0.042332352265116585,4.819212430561018e-5,0.0069420547610639155,0.026566684981162762,0.042332352265116585,-0.04181537052166973
1580,4.000000000000001,-0.04209947175055016,0.00022415426752721526,0.014971782376431179,0.011689074313690588,0.04209947175055016,-0.04310611775739995
1581,10.000000000000002,-0.04215524962757778,2.3995601945043967e-5,0.004898530590395855,0.007017064690188513,0.04215524962757778,-0.042214084566115244
1582,4.000000000000001,-0.04238680835982955,7.459390998360788e-5,0.008636776596833328,0.009761327471863446,0.04238680835982955,-0.0425440059093163
1583,10.000000000000002,-0.04235547852586633,1.609439965636211e-5,0.004011782603327617,0.028882975705749714,0.04235547852586633,-0.04219953759738568
1584,4.000000000000001,-0.042328854992119046,5.767512813229031e-5,0.007594414271837579,0.0014572455680822388,0.042328854992119046,-0.04248272686207901
1585,10.000000000000002,-0.04228250028363892,8.258893900728154e-6,0.002873829135618218,0.0020987800296290745,0.04228250028363892,-0.04224656488302416
1586,25.000000000000004,-0.04220806451051688,3.686204940245444e-6,0.0019199492025169427,0.005299432420088544,0.04220806451051688,-0.042169817090161536
1587,10.000000000000002,-0.04221588629010438,4.9310468346789055e-6,0.002220596053918611,0.010000931113958285,0.04221588629010438,-0.042096244862164435
1588,4.000000000000001,-0.04246500373797371,0.00014934930998723899,0.012220855534177589,0.009300193768493458,0.04246500373797371,-0.04298121803896183
1589,10.000000000000002,-0.04241503698866246,1.7858237344143407e-5,0.004225900773106653,0.0020041064239484305,0.04241503698866246,-0.042343984996194385
1590,25.000000000000004,-0.04236307134064743,5.46391150078907e-6,0.0023375011231631677,0.026155511107761764,0.04236307134064743,-0.04216780340224915
1591,10.000000000000002,-0.04212768955719751,6.864413398133954e-6,0.002620002556894545,0.005826340763513994,0.04212768955719751,-0.04203454197999789
1592,4.000000000000001,-0.04221180791619728,0.00022779489457294444,0.0150928756230529,0.010209695359615453,0.04221180791619728,-0.04339606386546008
1593,10.000000000000002,-0.04226678839490061,3.134427898092687e-5,0.005598596161621846,0.012469987552520915,0.04226678839490061,-0.04232456646019618
1594,4.000000000000001,-0.042348291382129116,0.00010403483593367524,0.010199746856352625,0.0040141474586375386,0.042348291382129116,-0.04259046368704861
1595,10.000000000000002,-0.04223917882623514,1.6533445137197026e-5,0.004066133930061456,0.011744042645779626,0.04223917882623514,-0.042235029887592604
1596,4.000000000000001,-0.042328963380778455,6.807636669724645e-5,0.00825084036309311,0.0036657634350302404,0.042328963380778455,-0.042468160007825
1597,10.000000000000002,-0.042306387057444314,3.330748084980118e-5,0.005771263366872212,0.047842287733294304,0.042306387057444314,-0.04191751649054875
1598,4.000000000000001,-0.04219240616282365,0.0001626110938457512,0.012751905498620635,0.016174186457321625,0.04219240616282365,-0.043059142874711506
1599,1.6000000000000005,-0.0422132323935278,0.0001571978540097699,0.012537856834793174,0.008080665026493586,0.0422132323935278,-0.0425251735333429
1600,4.000000000000001,-0.04231054604780601,4.074997837705835e-5,0.006383570973762127,0.0020483253712230355,0.04231054604780601,-0.042324798249868
1601,10.000000000000002,-0.04228212885218561,8.961769910426544e-6,0.0029936215376073416,0.00399240187286505,0.04228212885218561,-0.04230233019841667
1602,4.000000000000001,-0.04225534813864117,1.0553123971792908e-5,0.0032485572138709375,0.0014939300633283203,0.04225534813864117,-0.042219717703538724
1603,10.000000000000002,-0.042211887306376164,6.148324210173066e-6,0.002479581458668593,0.009339372006418257,0.042211887306376164,-0.0422588266220573
1604,4.000000000000001,-0.042426706177862546,7.586346867958465e-6,0.002754332381532495,0.002583756968237499,0.042426706177862546,-0.042196058823718005
1605,10.000000000000002,-0.0423137704973945,5.073484861768091e-6,0.002252439757633507,0.017605869591302874,0.0423137704973945,-0.042133442217356064
1606,4.000000000000001,-0.04229899227882959,0.00015061531173269003,0.012272543001867626,0.004524971235294961,0.04229899227882959,-0.04282748256597459
1607,10.000000000000002,-0.04222653147659676,1.5203345978713042e-5,0.0038991468270267848,0.00436639850785963,0.04222653147659676,-0.04229435319751976
1608,25.000000000000004,-0.042290849775535946,1.1744046744789966e-5,0.00342695881865977,0.02797422449945112,0.042290849775535946,-0.04188354921467849
1609,10.000000000000002,-0.04235909597975176,8.767718793658386e-5,0.00936360977062713,0.010160212576547317,0.04235909597975176,-0.04278978356702636
1610,25.000000000000004,-0.04226822548307639,1.4950772647359447e-5,0.0038666228995545256,0.008493489688969697,0.04226822548307639,-0.04220975175102528
1611,10.000000000000002,-0.04204521579407802,3.4234963816988017e-5,0.005851065186526981,0.01246677388940459,0.04204521579407802,-0.04253863642232249
1612,4.000000000000001,-0.04225988391831936,5.597723769082035e-5,0.007481793748214418,0.0075352858921143495,0.04225988391831936,-0.042621690235958576
1613,10.000000000000002,-0.04235421946096175,1.7031237847888608e-5,0.004126892032497168,0.012937773717466898,0.04235421946096175,-0.042295580841904545
1614,4.000000000000001,-0.04228068590895123,2.56805705393513e-5,0.005067600076895502,0.014107483527048872,0.04228068590895123,-0.04219915777624243
1615,1.6000000000000005,-0.04237860720948554,0.0001557035721885584,0.012478123744720534,0.01243103531105694,0.04237860720948554,-0.04244493731264573
1616,4.000000000000001,-0.042375464563754156,3.4789394705427774e-5,0.005898253530107685,0.009873906951989905,0.042375464563754156,-0.042370301113340926
1617,1.6000000000000005,-0.04232599802564116,3.553431058412589e-5,0.005961066228798829,0.01237472877737396,0.04232599802564116,-0.042266267799661375
1618,0.6400000000000002,-0.04218556942271588,0.001898645427927892,0.04357344865773068,0.013174829977400385,0.04218556942271588,-0.04361072283481152
1619,1.6000000000000005,-0.04202752286919619,0.0003253562072183622,0.018037633082485134,0.004242234620457647,0.04202752286919619,-0.042643405134579225
1620,4.000000000000001,-0.04221587891656024,6.621361613355707e-5,0.008137174947950736,0.0065040617534954945,0.04221587891656024,-0.04232649414661179
1621,10.000000000000002,-0.04229882278485953,1.9374428418132843e-5,0.004401639287598751,0.0116879345622655,0.04229882278485953,-0.04210376217670967
1622,4.000000000000001,-0.042421042360734934,2.0717849929951927e-5,0.004551686492933353,0.017027159885797543,0.042421042360734934,-0.041846052324304155
1623,1.6000000000000005,-0.04276949329756577,0.0007731173108327591,0.027804987157572274,0.006337052731938865,0.04276949329756577,-0.04342672550156609
1624,4.000000000000001,-0.042406559081165855,7.892309679576807e-5,0.008883867220741656,0.003853595819810796,0.042406559081165855,-0.042445037670256265
1625,10.000000000000002,-0.042181275126261825,1.8759763705729083e-5,0.004331254287816531,0.006325941068257892,0.042181275126261825,-0.04214081372996484
1626,4.000000000000001,-0.04193152955394066,2.2013412524562294e-5,0.004691845321892261,0.0028666286330119983,0.04193152955394066,-0.041925711940216395
1627,10.000000000000002,-0.042046621720312524,1.7981694627515978e-5,0.004240482829527314,0.0036998200402411758,0.042046621720312524,-0.04207696619634918
1628,25.000000000000004,-0.042125490689220585,6.018216099503196e-6,0.002453205270559966,0.012725863331411838,0.042125490689220585,-0.04191866949664944
1629,10.000000000000002,-0.042449541448388535,6.32564334263118e-5,0.0079533913160558,0.012439113465553096,0.042449541448388535,-0.04258930076441444
1630,4.000000000000001,-0.04293168576810761,8.897045814807399e-5,0.009432415287087078,0.02059320770414792,0.04293168576810761,-0.042602507202430584
1631,1.6000000000000005,-0.04324906981552259,0.0015349437308138027,0.03917835793922204,0.007672254745011032,0.04324906981552259,-0.04489144998442983
1632,4.000000000000001,-0.04292394581522068,0.00022528940448733825,0.015009643716202536,0.026893326453329102,0.04292394581522068,-0.042433206375995874
1633,1.6000000000000005,-0.041613038153891446,0.0003985873816700113,0.01996465330703269,0.02605591945977447,0.041613038153891446,-0.04227628403543995
1634,0.6400000000000002,-0.03987964795462189,0.003327225131721754,0.05768210408542457,0.007409752479326714,0.03987964795462189,-0.04484777062100868
1635,1.6000000000000005,-0.04038714197017909,0.0004129779156454016,0.02032185807561409,0.00769172039286665,0.04038714197017909,-0.04295536033489539
1636,4.000000000000001,-0.04150503440232858,0.0001232597218319711,0.01110223949624449,0.01418528220150827,0.04150503440232858,-0.04190202294622867
1637,1.6000000000000005,-0.04262664711420593,0.0001448411260583651,0.012034995889420365,0.010071784558233782,0.04262664711420593,-0.04145171371136211
1638,4.000000000000001,-0.042702690434326764,0.0001773587643083116,0.013317611058606254,0.00902416187494176,0.042702690434326764,-0.042530650215709405
1639,10.000000000000002,-0.04241478856431859,2.0614734783877755e-5,0.004540345227389405,0.008087339755459071,0.04241478856431859,-0.04205201643559058
1640,4.000000000000001,-0.0420822206918631,9.303766142496783e-5,0.009645603217267847,0.007743258096302537,0.0420822206918631,-0.042536863382583404
1641,10.000000000000002,-0.04209023500125547,1.7511302685376013e-5,0.004184650843902752,0.0024520526195847708,0.04209023500125547,-0.04217068237671887
1642,25.000000000000004,-0.042144754845554654,8.887230284524402e-6,0.002981145800614992,0.016336514703558482,0.042144754845554654,-0.04190092119189186
1643,10.000000000000002,-0.04256678186873241,1.3124141507988392e-5,0.0036227257014557965,0.023829086330353664,0.04256678186873241,-0.04170547026151088
1644,4.000000000000001,-0.04221016931642139,0.00046022734434474164,0.02145290992720432,0.019480310000813284,0.04221016931642139,-0.04419991667258971
1645,10.000000000000002,-0.04202409957045446,6.602363571165591e-5,0.008125492951917189,0.01876131140819864,0.04202409957045446,-0.042186922183960376
1646,4.000000000000001,-0.04218777655128642,0.00023023498032718285,0.015173495982376073,0.003699549933878581,0.04218777655128642,-0.04318760397517043
1647,10.000000000000002,-0.04233950546233985,4.447652011555187e-5,0.006669071908110743,0.03417433112960451,0.04233950546233985,-0.04198603427780006
1648,4.000000000000001,-0.04219339484823815,0.00021412629268504377,0.01463305479676215,0.003305586773705056,0.04219339484823815,-0.04308716293185214
1649,10.000000000000002,-0.04222703011762864,2.175791229463265e-5,0.004664537736435696,0.002260984635887102,0.04222703011762864,-0.042261365259035025
1650,25.000000000000004,-0.04226167459991212,7.015941689385251e-6,0.0026487622938620313,0.009177624233931678,0.04226167459991212,-0.04214864628966997
1651,10.000000000000002,-0.042217191423155664,1.7892741985830752e-5,0.00422998132216098,0.01591158173601363,0.042217191423155664,-0.04222503007554164
1652,4.000000000000001,-0.042305593616697584,5.1360573884263444e-5,0.007166629185625795,0.012419974271646044,0.042305593616697584,-0.04239141236714363
1653,1.6000000000000005,-0.0423381182130054,0.00034660470579438553,0.018617322734334966,0.008172544489206944,0.0423381182130054,-0.042776666648493084
1654,4.000000000000001,-0.04225808367550108,5.801696508397032e-5,0.007616886836757542,0.007372575314507958,0.04225808367550108,-0.04262651966675882
1655,10.000000000000002,-0.042247556583754446,1.8101508961961743e-5,0.004254586814481724,0.001982191948883916,0.042247556583754446,-0.042273979107057304
1656,25.000000000000004,-0.04232629745534457,1.288272906448501e-5,0.003589251880891756,0.023370699652066007,0.04232629745534457,-0.041862475691681875
1657,10.000000000000002,-0.04217273225804369,6.469711491302503e-5,0.00804345167903836,0.011799103689545077,0.04217273225804369,-0.04281746894047724
1658,4.000000000000001,-0.04228345724290295,0.0001875265368149217,0.013694032890822255,0.007828128229616725,0.04228345724290295,-0.04306965839664619
1659,10.000000000000002,-0.04226033020673114,3.3589376920807506e-5,0.00579563429840147,0.014356918774599834,0.04226033020673114,-0.04225319976971737
1660,4.000000000000001,-0.042092492585404075,0.00011105232546879769,0.010538136717124032,0.0033502676441688295,0.042092492585404075,-0.04262635589234005
1661,10.000000000000002,-0.042104955020970704,3.490881422128499e-5,0.005908368152145311,0.041675479688336674,0.042104955020970704,-0.04192564898939347
1662,4.000000000000001,-0.04212854210010032,0.00018558037144381589,0.013622788680876463,0.007394676509269543,0.04212854210010032,-0.042879139022073194
1663,10.000000000000002,-0.04218296932385223,1.6615702020849746e-5,0.004076236256750796,0.015504744891345179,0.04218296932385223,-0.042178079336308356
1664,4.000000000000001,-0.0423411279152863,4.6097609435867564e-5,0.006789522032946617,0.006054013972888932,0.0423411279152863,-0.042414760141580625
1665,10.000000000000002,-0.04241029968032344,1.3802009788155816e-5,0.003715105622745579,0.009600350005902437,0.04241029968032344,-0.04217357656336034
1666,4.000000000000001,-0.04203638831437922,3.861854490778958e-5,0.006214382101849675,0.017316014491745906,0.04203638831437922,-0.04224327153858018
1667,1.6000000000000005,-0.04203328823079045,8.254964134238145e-5,0.009085683317306489,0.004582948124920542,0.04203328823079045,-0.04238460171507522
1668,4.000000000000001,-0.042217251646029665,1.2995718738358973e-5,0.003604957522407022,0.006637729719411373,0.042217251646029665,-0.04230203409488897
1669,1.6000000000000005,-0.04240087691457279,1.3029543689723969e-5,0.0036096459230406477,0.0016992545457434915,0.04240087691457279,-0.04223111077246518
1670,4.000000000000001,-0.04232512903410465,1.1768081050176776e-5,0.0034304636785975123,0.0016865236507427814,0.04232512903410465,-0.042208846038206765
1671,10.000000000000002,-0.04235473539096634,7.873810690696266e-6,0.0028060311278915394,0.0022871075148350145,0.04235473539096634,-0.0421141196655982
1672,25.000000000000004,-0.04232631024896101,6.762606929241191e-6,0.002600501284222177,0.01715653251252709,0.04232631024896101,-0.04189085940150245
1673,10.000000000000002,-0.042235417981618756,9.090141623748976e-5,0.009534223420787335,0.003099953964288391,0.042235417981618756,-0.04303176668027489
1674,25.000000000000004,-0.04218970105292669,6.003715286754535e-6,0.0024502480051526486,0.030310597943010137,0.04218970105292669,-0.04216766301460507
1675,10.000000000000002,-0.042317098581905827,2.160134805970017e-5,0.0046477250413186205,0.004347845296397215,0.042317098581905827,-0.0424483692626936
1676,25.000000000000004,-0.04233291676591426,3.88004190977171e-6,0.001969782198561991,0.013363968748235824,0.04233291676591426,-0.04222778489661722
1677,10.000000000000002,-0.04230108557833785,6.399574959225073e-6,0.002529738120680691,0.0035866886619449986,0.04230108557833785,-0.04217951852781165
1678,4.000000000000001,-0.042111712417474974,0.00014720796688392742,0.012132929031521095,0.022637279728318544,0.042111712417474974,-0.043040994612348275
1679,1.6000000000000005,-0.04237446732873513,0.000760651193817081,0.02757990561653685,0.009636937538601365,0.04237446732873513,-0.0436394133465151
1680,4.000000000000001,-0.042419957787282504,0.00012858357638082717,0.011339469845668587,0.02264672299346518,0.042419957787282504,-0.04248239315363325
1681,1.6000000000000005,-0.04226596759533927,0.0008036292406168241,0.028348355165984926,0.004213983921126796,0.04226596759533927,-0.04347265225823494
1682,4.000000000000001,-0.042259296667949156,7.722602741955465e-5,0.008787834057351939,0.008846209117521634,0.042259296667949156,-0.042498461434939135
1683,10.000000000000002,-0.04220991678272555,2.2216764997083216e-5,0.004713466346234289,0.01456078679661096,0.04220991678272555,-0.04213394166003085
1684,4.000000000000001,-0.04237995262508728,4.79054033530447e-5,0.006921372938445428,0.013314134535204084,0.04237995262508728,-0.04215085410715468
1685,1.6000000000000005,-0.04247102320897502,0.0007381753238832167,0.027169382103449033,0.0037908729619993936,0.04247102320897502,-0.04346309705184901
1686,4.000000000000001,-0.04237754297468249,6.490502238114311e-5,0.008056365333147643,0.0021287645427036407,0.04237754297468249,-0.04240507424698383
1687,10.000000000000002,-0.04233195332383637,3.733400707032954e-5,0.006110156059408757,0.01756562971205384,0.04233195332383637,-0.04182106181418935
1688,4.000000000000001,-0.0420531064584813,0.00017385629765850652,0.01318545780997029,0.005325503081990753,0.0420531064584813,-0.04289874421741693
1689,10.000000000000002,-0.0421193908296529,2.043061667889197e-5,0.004520023968840428,0.004806560405890303,0.0421193908296529,-0.04219455464191757
1690,25.000000000000004,-0.04216699014128248,7.1995685385372735e-6,0.0026832011736985495,0.004526159651561102,0.04216699014128248,-0.04197937318240244
1691,10.000000000000002,-0.04228036790688923,7.223580013168848e-6,0.002687671857420256,0.012929627147579953,0.04228036790688923,-0.041727559277667046
1692,4.000000000000001,-0.04219380290420623,0.0004907093261047374,0.022151959870511172,0.004356074196262321,0.04219380290420623,-0.04411066251831139
1693,10.000000000000002,-0.04231413012202488,5.842169022265373e-5,0.007643408285748821,0.022825217358164212,0.04231413012202488,-0.04212840726814221
1694,4.000000000000001,-0.04229796920230759,0.0001628341319899803,0.012760647788806817,0.03477161694301294,0.04229796920230759,-0.04259697218130111
1695,1.6000000000000005,-0.04203327121606234,0.0008401600864029798,0.02898551511363874,0.013932344452088881,0.04203327121606234,-0.043648197037584886
1696,4.000000000000001,-0.042080372571998544,0.00010069175577196978,0.010034528178841783,0.008166220941073894,0.042080372571998544,-0.04234496629563303
1697,10.000000000000002,-0.04209687633504287,2.1747916069733742e-5,0.004663466100416486,0.006698062484313045,0.04209687633504287,-0.042156657514931486
1698,4.000000000000001,-0.04225838009054409,4.976688898457243e-5,0.007054565116615796,0.014531523430038435,0.04225838009054409,-0.04216510236439165
1699,1.6000000000000005,-0.04251559128393127,0.0006522944644114381,0.025540056076904728,0.0094560137003983,0.04251559128393127,-0.04327757203395408
1700,4.000000000000001,-0.0424294881502675,6.831410193390765e-5,0.008265234535928648,0.008648141813900403,0.0424294881502675,-0.04242885496917442
1701,10.000000000000002,-0.042317272755265686,1.7060864845535155e-5,0.004130479977621869,0.009344531875768992,0.042317272755265686,-0.042193061970644125
1702,4.000000000000001,-0.04216217076837334,2.1483198048038788e-5,0.004634997092559907,0.005923039633774598,0.04216217076837334,-0.042024718533837144
1703,1.6000000000000005,-0.042262749963259474,0.0004934616207657846,0.02221399605577044,0.02126999807934021,0.042262749963259474,-0.042865305217955944
1704,4.000000000000001,-0.0422329953598435,6.317574208770237e-5,0.007948316934276235,0.017438247707276845,0.0422329953598435,-0.04247318251204975
1705,1.6000000000000005,-0.04216138754008066,0.00021542464177395551,0.014677351320110707,0.0097687686297226,0.04216138754008066,-0.042673154005490155
1706,4.000000000000001,-0.04229124154756572,3.875523626154252e-5,0.006225370371435142,0.0017892206410256273,0.04229124154756572,-0.04234557967495289
1707,10.000000000000002,-0.04223640007569226,1.6812697889370626e-5,0.0041003289976989194,0.013087825266011748,0.04223640007569226,-0.042123722294109156
1708,4.000000000000001,-0.04211023851963004,2.191259612197305e-5,0.004681089202522534,0.002093624611759324,0.04211023851963004,-0.041960412539624695
1709,10.000000000000002,-0.042259262233851354,2.3582095415903608e-5,0.004856139970789928,0.004599892430960996,0.042259262233851354,-0.042352753860379594
1710,25.000000000000004,-0.042289376230514805,5.219314916447907e-6,0.002284582000377292,0.005003495519756968,0.042289376230514805,-0.04218298601384107
1711,10.000000000000002,-0.04240891509042718,7.154520627552147e-6,0.002674793567278071,0.0038619664569965735,0.04240891509042718,-0.04206656497734549
1712,4.000000000000001,-0.04219252530059627,0.00014647401273299918,0.01210264486519369,0.014604966220251876,0.04219252530059627,-0.04283532952495957
1713,10.000000000000002,-0.04225919324829977,1.901980806278452e-5,0.004361170492285817,0.012426437761759043,0.04225919324829977,-0.042346029689004784
1714,4.000000000000001,-0.04232257429579301,5.305742558323847e-5,0.007284052826774286,0.004792498423843777,0.04232257429579301,-0.04253992756157345
1715,10.000000000000002,-0.04230253079490151,1.2589657968856051e-5,0.003548190802205548,0.0196690955590606,0.04230253079490151,-0.042264187308281034
1716,4.000000000000001,-0.04230510972123174,5.9940354068417555e-5,0.0077421156067587595,0.0011569123240593863,0.04230510972123174,-0.04246453718066634
1717,10.000000000000002,-0.04229607868054519,9.201301117525766e-6,0.0030333646529103232,0.002543428736460639,0.04229607868054519,-0.042256529569601235
1718,25.000000000000004,-0.04222532998590263,4.2116148129060665e-6,0.0020522219209690913,0.013451331552834147,0.04222532998590263,-0.042160755561853266
1719,10.000000000000002,-0.042215700671577386,1.059022664763101e-5,0.0032542628424316023,0.026638558349083546,0.042215700671577386,-0.04217973530966216
1720,4.000000000000001,-0.0422813559698636,0.00011990070115279259,0.010949917860550032,0.005532815820870236,0.0422813559698636,-0.04273471713485668
1721,10.000000000000002,-0.04247400959341923,2.8842908299719562e-5,0.005370559402866666,0.024363323451896134,0.04247400959341923,-0.04215568049907685
1722,4.000000000000001,-0.042356665643984444,0.00012147609832466188,0.011021619587186898,0.00770024848748913,0.042356665643984444,-0.04280302193868915
1723,10.000000000000002,-0.04225954045949794,1.5981927735027542e-5,0.0039977403286140965,0.0038794683344526887,0.04225954045949794,-0.042263691738154766
1724,25.000000000000004,-0.04221079533373727,6.161437701781652e-6,0.0024822243455783063,0.004938435935230567,0.04221079533373727,-0.04213324791636033
1725,10.000000000000002,-0.04225883970981716,1.587985618511233e-5,0.0039849537243376275,0.011001713584711931,0.04225883970981716,-0.0421778378321982
1726,4.000000000000001,-0.04210591856287538,2.1020832742075063e-5,0.004584848170013383,0.002186998482310493,0.04210591856287538,-0.04216819990950191
1727,10.000000000000002,-0.042211577551103045,5.288612722634376e-6,0.0022996983981892877,0.006264220017763278,0.042211577551103045,-0.04209561236486223
1728,4.000000000000001,-0.042383866945161726,7.989737543672031e-6,0.00282661237945213,0.0025123273525251956,0.042383866945161726,-0.04209848543662547
1729,10.000000000000002,-0.042305733839303174,3.486526131803533e-6,0.0018672241782398634,0.003158681651290134,0.042305733839303174,-0.04205897882071239
1730,4.000000000000001,-0.04237216676730918,6.58299483522499e-6,0.0025657347554306916,0.004894508981262991,0.04237216676730918,-0.04204350631959253
1731,1.6000000000000005,-0.04273722773441986,0.0016598836826271226,0.040741670101103154,0.007129918483750225,0.04273722773441986,-0.045879995140444114
1732,4.000000000000001,-0.04262457994836296,0.0002506223857625488,0.015831057632468806,0.01930772815839204,0.04262457994836296,-0.0427148221330158
1733,10.000000000000002,-0.04224242584093521,4.7472174514918815e-5,0.006890005407466588,0.02117680477458043,0.04224242584093521,-0.04226900908139293
1734,4.000000000000001,-0.04203600721522668,0.00011280879078017354,0.010621148279737626,0.004817367865066863,0.04203600721522668,-0.04274792175006732
1735,10.000000000000002,-0.0420325610147159,1.68447656356605e-5,0.004104237521837704,0.0024647460937305666,0.0420325610147159,-0.042236293328410855
1736,25.000000000000004,-0.042099709256954936,8.87032692024034e-6,0.0029783094063982572,0.024732881243384228,0.042099709256954936,-0.04195882570533985
1737,10.000000000000002,-0.04238974575722944,3.6185112518666334e-5,0.006015406263808483,0.00873197804420017,0.04238974575722944,-0.042478248825399904
1738,4.000000000000001,-0.042720105815584816,3.497336857788148e-5,0.00591382858881465,0.0039038142388424938,0.042720105815584816,-0.042029360975856106
1739,10.000000000000002,-0.04251779150575414,2.9152998137264465e-5,0.005399351640453182,0.005730172705297489,0.04251779150575414,-0.041634392754518204
1740,25.000000000000004,-0.04226613553029492,1.1869107502322798e-5,0.003445157108510844,0.0265435593226784,0.04226613553029492,-0.042283233262662236
1741,10.000000000000002,-0.04211733476375793,1.8637833032392627e-5,0.004317155664600551,0.02767297417231983,0.04211733476375793,-0.04212264054252573
1742,4.000000000000001,-0.041957805383455976,0.00040319614507821624,0.02007974464673832,0.007885433165154748,0.041957805383455976,-0.043740124984475666
1743,10.000000000000002,-0.04201800917072783,3.840896719682744e-5,0.006197496849279348,0.009766167022470981,0.04201800917072783,-0.04241100219225577
1744,4.000000000000001,-0.04243694432413753,0.00010668428416779074,0.010328808458277786,0.0063417605248564145,0.04243694432413753,-0.042685641946076096
1745,10.000000000000002,-0.042372173514153906,1.6487500225848387e-5,0.0040604802949710745,0.006315974366882107,0.042372173514153906,-0.04232864368537483
1746,4.000000000000001,-0.042136791135090404,1.7462489145155e-5,0.004178814322885739,0.002654728122805496,0.042136791135090404,-0.04212143684158688
1747,10.000000000000002,-0.042167134171455664,1.290109129574029e-5,0.0035918089169303382,0.0023479567125412517,0.042167134171455664,-0.04215276708588627
1748,25.000000000000004,-0.04217929868337556,6.544224188816954e-6,0.0025581681314598838,0.0036870828675612715,0.04217929868337556,-0.041947061024749197
1749,10.000000000000002,-0.042159245130152165,8.069711002970623e-6,0.002840723675926721,0.0024245571817413524,0.042159245130152165,-0.04177971306991377
1750,25.000000000000004,-0.04218607852494247,5.450381122902154e-6,0.0023346051321159545,0.003956954489836735,0.04218607852494247,-0.04159802939208227
1751,10.000000000000002,-0.042516567896384735,0.00012034814520218789,0.01097033022302373,0.024842577260700282,0.042516567896384735,-0.043514920853106584
1752,4.000000000000001,-0.042581819459789276,0.0005013588990766813,0.022391045064415402,0.0044282445759276185,0.042581819459789276,-0.044443968578264395
1753,10.000000000000002,-0.04240261511194513,5.825238572019764e-5,0.007632325053363335,0.011587201838906618,0.04240261511194513,-0.04258151655486863
1754,4.000000000000001,-0.041853900835122394,0.00012867624259219344,0.011343555112582362,0.013995484517265202,0.041853900835122394,-0.04275004850517636
1755,10.000000000000002,-0.04196069904172157,2.4145936537678213e-5,0.004913851497316358,0.003538278585316327,0.04196069904172157,-0.04222691942973846
1756,25.000000000000004,-0.0420983923468845,1.2134437159388705e-5,0.0034834519028384336,0.0434188374320224,0.0420983923468845,-0.041847334090974575
1757,10.000000000000002,-0.04230144647992962,1.5368659847880728e-5,0.003920288235306268,0.016526812290482515,0.04230144647992962,-0.04150428195137814
1758,4.000000000000001,-0.04264519735284763,0.0005540368190670632,0.023537986725016717,0.009735439445338495,0.04264519735284763,-0.04437356979491799
1759,10.000000000000002,-0.04233534328515559,6.885784513249209e-5,0.0082980627337043,0.012154091665714104,0.04233534328515559,-0.042569669929359004
1760,4.000000000000001,-0.04241618239477233,0.00024055589335649034,0.015509864388720178,0.004267762694225688,0.04241618239477233,-0.043068397435263035
1761,10.000000000000002,-0.042219423932547476,2.770934656374835e-5,0.005263966808762034,0.01758531445225511,0.042219423932547476,-0.0422494237419145
1762,4.000000000000001,-0.042059528955405136,3.3615567301931616e-5,0.005797893350341279,0.0027137385012009586,0.042059528955405136,-0.041958610523233
1763,10.000000000000002,-0.04213168777374367,1.9670486394562783e-5,0.0044351422068027065,0.003184351916987052,0.04213168777374367,-0.04203865185098758
1764,25.000000000000004,-0.04208778641452532,7.498998620665497e-6,0.0027384299554061076,0.019897371974229777,0.04208778641452532,-0.041857866952222635
1765,10.000000000000002,-0.04237918008157046,9.090074028903244e-6,0.003014974963229918,0.008095754924305663,0.04237918008157046,-0.04164958959405818
1766,4.000000000000001,-0.042139015005482734,0.0005511580743882572,0.02347675604482564,0.023368300283388304,0.042139015005482734,-0.0445082481819869
1767,10.000000000000002,-0.042497146454235545,6.165406180608899e-5,0.007852010048776618,0.011364078798922067,0.042497146454235545,-0.04261694145649714
1768,4.000000000000001,-0.04233897062555876,0.00016076901958442106,0.012679472370111505,0.003686081465032787,0.04233897062555876,-0.04287095381620183
1769,10.000000000000002,-0.04218323935100351,2.3633989348157522e-5,0.0048614801602143275,0.012319341307094675,0.04218323935100351,-0.042295785226949
1770,4.000000000000001,-0.04218359806593161,2.4707956962289202e-5,0.004970709905263955,0.0013026888809503723,0.04218359806593161,-0.04202061234493771
1771,10.000000000000002,-0.04206975802858004,1.8257613316865683e-5,0.004272892851086449,0.0038214934019249903,0.04206975802858004,-0.04177816154965169
1772,25.000000000000004,-0.04215526750757881,1.0617237588480855e-5,0.0032584102854737087,0.007140463726461327,0.04215526750757881,-0.04176104430209168
1773,10.000000000000002,-0.04233519573710442,1.3147301692579457e-5,0.0036259208061648917,0.005714759001873353,0.04233519573710442,-0.041488869389379186
1774,4.000000000000001,-0.04318021271733873,0.0007201818818276732,0.026836204683741576,0.012872749271629316,0.04318021271733873,-0.04545852907905143
1775,10.000000000000002,-0.04244542165941257,6.731229191619034e-5,0.008204406859498761,0.02081847756041465,0.04244542165941257,-0.04274367185891609
1776,4.000000000000001,-0.04170231868511327,0.0001485428951276848,0.012187817488282501,0.01256502139505639,0.04170231868511327,-0.04283947908678773
1777,10.000000000000002,-0.04175183500823769,2.6153895530661554e-5,0.005114087947098833,0.00503838062962666,0.04175183500823769,-0.04228624839374981
1778,25.000000000000004,-0.04201947589165429,1.5138372103719507e-5,0.0038908060994759823,0.034968073437505395,0.04201947589165429,-0.04174822551430423
1779,10.000000000000002,-0.042320555328573865,6.820842455878705e-5,0.008258839177438138,0.023357868300734174,0.042320555328573865,-0.04267579381886524
1780,4.000000000000001,-0.0429957354404149,0.00016183981454296036,0.012721627825988322,0.008858629007920579,0.0429957354404149,-0.04315451928893065
1781,10.000000000000002,-0.042627533127193286,2.9957056701888137e-5,0.005473304002326943,0.00998085851056486,0.042627533127193286,-0.042464675015681026
1782,4.000000000000001,-0.04217196699922651,3.393458591811411e-5,0.005825339983049411,0.004870750566566968,0.04217196699922651,-0.042111423278485056
1783,10.000000000000002,-0.04215565035669986,2.668273134682206e-5,0.005165533016719771,0.01082935047745733,0.04215565035669986,-0.04174558845362123
1784,4.000000000000001,-0.04243831985228037,0.00033616571013597707,0.01833482233718061,0.010005772488124155,0.04243831985228037,-0.043366688933120554
1785,10.000000000000002,-0.042222014156956526,4.042959694073994e-5,0.006358427237984243,0.01863890659484379,0.042222014156956526,-0.0422859621376814
1786,4.000000000000001,-0.04226374148734205,0.00017607748560145335,0.01326941918854979,0.004410505201774138,0.04226374148734205,-0.04288931292667752
1787,10.000000000000002,-0.042174374207005226,2.7617403320842303e-5,0.005255226286359352,0.02108640955853427,0.042174374207005226,-0.042189501389786895
1788,4.000000000000001,-0.04219227739019788,3.459237138688657e-5,0.0058815279806260015,0.0019884444246156155,0.04219227739019788,-0.041883336501652026
1789,10.000000000000002,-0.042110954221487605,3.566564744846773e-5,0.005972072290961298,0.011399834512859745,0.042110954221487605,-0.04240714839934211
1790,4.000000000000001,-0.042238590831633636,5.248220228655573e-5,0.007244460110081063,0.0022707184054736383,0.042238590831633636,-0.04237206312328256
1791,10.000000000000002,-0.042231255760587685,9.326126311196374e-6,0.0030538707096398783,0.0021277837835012078,0.042231255760587685,-0.042244095345194944
1792,25.000000000000004,-0.04226593551961222,5.414399578495931e-6,0.0023268862409872837,0.004282897872701842,0.04226593551961222,-0.042069027502338284
1793,10.000000000000002,-0.042393143235266044,6.487928782958387e-6,0.002547141296229635,0.004337211469937431,0.042393143235266044,-0.0419032809252539
1794,4.000000000000001,-0.04239254197187548,0.00035373459076587575,0.01880783322889364,0.006431719076412406,0.04239254197187548,-0.04369923959294329
1795,10.000000000000002,-0.04213026879034905,0.0001270223394341692,0.011270418778118638,0.046952061687494266,0.04213026879034905,-0.04119597003139812
1796,4.000000000000001,-0.041887182037276,0.0005922792637616186,0.024336788279508425,0.01696498643536038,0.041887182037276,-0.0445043960191613
1797,10.000000000000002,-0.042130643654261696,9.703730885845097e-5,0.009850751690020969,0.029840411206246076,0.042130643654261696,-0.041675454776895327
1798,4.000000000000001,-0.04201992014633988,0.0004806566573931523,0.02192388326444821,0.010527180619211072,0.04201992014633988,-0.043896796159363004
1799,10.000000000000002,-0.04205690265453338,5.4207325858617736e-5,0.007362562451933276,0.022743276216259874,0.04205690265453338,-0.04179872292618279
1800,4.000000000000001,-0.04220145475610149,0.0002836716617793452,0.016842555084646306,0.007660886058480477,0.04220145475610149,-0.043206368945046425
1801,10.000000000000002,-0.042207886151959105,2.758226525252132e-5,0.005251882067651683,0.015257811283611311,0.042207886151959105,-0.042131654563001796
1802,4.000000000000001,-0.042321707655692195,0.00011266791292949467,0.010614514257821442,0.0020199437327822964,0.042321707655692195,-0.04265845292926213
1803,10.000000000000002,-0.04232974210269099,1.5106941274807134e-5,0.0038867648854551433,0.00460587345871447,0.04232974210269099,-0.042213348238687755
1804,25.000000000000004,-0.04224735599216594,8.103060924604302e-6,0.0028465875929969734,0.021686633584204668,0.04224735599216594,-0.041957982451793795
1805,10.000000000000002,-0.042268067617585885,5.4451171180268925e-5,0.007379103684070913,0.002633314852481446,0.042268067617585885,-0.042611896194295826
1806,25.000000000000004,-0.042269838990452134,7.980620564139341e-6,0.0028249992148918096,0.027970618949368753,0.042269838990452134,-0.04209973727961595
1807,10.000000000000002,-0.042420034341781855,1.031477626264809e-5,0.003211662538724779,0.04362658623857864,0.042420034341781855,-0.04186591393503084
1808,4.000000000000001,-0.04228749122359479,0.00032064306964860363,0.017906509141890375,0.019359899221706982,0.04228749122359479,-0.043682557311245034
1809,10.000000000000002,-0.04220720248490356,2.3736411611465216e-5,0.004872002833688135,0.012790895671521514,0.04220720248490356,-0.042413336226075515
1810,4.000000000000001,-0.04235585560599686,5.0806559683788214e-5,0.00712787203054237,0.02186976073879643,0.04235585560599686,-0.042443818866949416
1811,1.6000000000000005,-0.04187945826891736,7.466385219390085e-5,0.0086408247403764,0.0024112208176499264,0.04187945826891736,-0.042297297296718044
1812,4.000000000000001,-0.042012389680693034,3.15047238419195e-5,0.0056129068976707155,0.006692095223748906,0.042012389680693034,-0.04234768545813955
1813,10.000000000000002,-0.04218961936806607,9.774163212914804e-6,0.0031263658155940106,0.005327240466668313,0.04218961936806607,-0.04224244234063935
1814,4.000000000000001,-0.04260380418776091,6.89382010829054e-5,0.008302903171957709,0.008902371744983439,0.04260380418776091,-0.042486687100845
1815,10.000000000000002,-0.042483997466431056,1.565287539643655e-5,0.003956371493734701,0.008501160645344355,0.042483997466431056,-0.042252056601100534
1816,4.000000000000001,-0.04219554397187917,4.694357912681672e-5,0.006851538449634266,0.00341813540424007,0.04219554397187917,-0.04241060900463425
1817,10.000000000000002,-0.04214917764167568,1.0627738762284049e-5,0.003260021282489433,0.01317328141891188,0.04214917764167568,-0.04223429510632409
1818,4.000000000000001,-0.042222084033079796,2.9382944646212918e-5,0.005420603716027664,0.015132304562652072,0.042222084033079796,-0.04233508220006698
1819,1.6000000000000005,-0.04240087892526801,4.5405605556241e-5,0.006738368167163397,0.0016086359286232217,0.04240087892526801,-0.04236630724966899
1820,4.000000000000001,-0.04228542647287881,1.1728738805365322e-5,0.0034247246320493157,0.0019018654225781966,0.04228542647287881,-0.04228695868274602
1821,10.000000000000002,-0.04224272858145713,7.082764764012972e-6,0.002661346419392442,0.0028326419197008015,0.04224272858145713,-0.04223456888029541
1822,25.000000000000004,-0.04227237928053698,4.69641965439099e-6,0.002167122436409856,0.0045806829499357975,0.04227237928053698,-0.04208890891910651
1823,10.000000000000002,-0.04222024655653799,3.5031880561021e-5,0.005918773568993918,0.0030129394710407117,0.04222024655653799,-0.04243968270903584
1824,25.000000000000004,-0.04224347185179004,3.2802036659983634e-6,0.0018111332546221891,0.003959702409006351,0.04224347185179004,-0.04222578760483126
1825,10.000000000000002,-0.04228731626039979,5.180509248914459e-6,0.0022760732081623515,0.00263394631767339,0.04228731626039979,-0.04222035795057582
1826,25.000000000000004,-0.042317470473570484,1.8239783805641504e-6,0.0013505474373616613,0.004576382841050716,0.042317470473570484,-0.042174768596873774
1827,10.000000000000002,-0.042271093035767024,3.0201770276167993e-6,0.0017378656529251043,0.0019953215633375567,0.042271093035767024,-0.04216179492188729
1828,25.000000000000004,-0.04224976015044446,1.246747371225899e-6,0.0011165784214402046,0.007918363446708307,0.04224976015044446,-0.04211989730361934
1829,10.000000000000002,-0.042258575537672725,4.8317987788644735e-5,0.006951114140096157,0.0035115768003846633,0.042258575537672725,-0.042773513506513705
1830,25.000000000000004,-0.042257053225920264,5.805558858682741e-6,0.0024094727345796508,0.004986179088152928,0.042257053225920264,-0.04235684635156248
1831,10.000000000000002,-0.04224495413949803,6.359577214277509e-6,0.0025218202184686973,0.0029601919306970546,0.04224495413949803,-0.042179675870302705
1832,25.000000000000004,-0.042260467839264355,4.974251412957629e-6,0.002230302986806418,0.010877155872855317,0.042260467839264355,-0.042012171574414586
1833,10.000000000000002,-0.042309484222509616,1.745005137500828e-5,0.004177325864115496,0.015547026168244407,0.042309484222509616,-0.04206635157840497
1834,4.000000000000001,-0.04245419031272232,0.0005592528850605721,0.023648528179583864,0.011820191073828895,0.04245419031272232,-0.04474184180748088
1835,10.000000000000002,-0.042381743531820164,4.257302415114291e-5,0.006524800698193234,0.010508568867770114,0.042381743531820164,-0.04239168185237897
1836,4.000000000000001,-0.04218732365103663,0.00013074735806472342,0.011434481101682027,0.015711395713232403,0.04218732365103663,-0.042762084332459885
1837,1.6000000000000005,-0.041858250558193054,0.0006644346016194825,0.02577662898090987,0.006958144845862799,0.041858250558193054,-0.043455537170929474
1838,4.000000000000001,-0.04208258090471534,9.997590614883625e-5,0.009998795234868862,0.007196914735092313,0.04208258090471534,-0.04248253326097873
1839,10.000000000000002,-0.04215487390645788,2.3785372465558596e-5,0.004877024960522408,0.0036744319943920515,0.04215487390645788,-0.0422458390241361
1840,25.000000000000004,-0.04219613548834449,1.0753281260492602e-5,0.0032792196115070736,0.01516858861925228,0.04219613548834449,-0.04189641878577136
1841,10.000000000000002,-0.042165879640842674,1.1883949337069095e-5,0.003447310449766469,0.0025498064759906856,0.042165879640842674,-0.0415541551288854
1842,25.000000000000004,-0.04219723839204805,1.021480549144594e-5,0.0031960609336253182,0.010435460322298343,0.04219723839204805,-0.04119349605270439
1843,10.000000000000002,-0.042014089229885164,0.00022196077459574193,0.014898348049221495,0.009573312294780454,0.042014089229885164,-0.04389380116832446
1844,25.000000000000004,-0.04213945008265165,2.567717866844486e-5,0.005067265403395096,0.01824885768266592,0.04213945008265165,-0.04218691446979619
1845,10.000000000000002,-0.04231236789168084,7.31372075184092e-5,0.008552029438584107,0.006578658567325106,0.04231236789168084,-0.04305636826071964
1846,25.000000000000004,-0.04227441840796111,1.6360669439192095e-5,0.004044832436478932,0.018523488348064925,0.04227441840796111,-0.04211040219437147
1847,10.000000000000002,-0.04201734555143376,2.937715749144229e-5,0.0054200698788338785,0.023711868511273812,0.04201734555143376,-0.04202849997571908
1848,4.000000000000001,-0.04202560789539598,0.00041570311244306426,0.020388798700341916,0.01528638628600146,0.04202560789539598,-0.044260976869800094
1849,10.000000000000002,-0.042322865383859744,5.7103514297249914e-5,0.007556686727478512,0.0117706850455897,0.042322865383859744,-0.04248285830488463
1850,4.000000000000001,-0.04239881740177645,0.00018672824980969934,0.013664854547696413,0.007777898302418888,0.04239881740177645,-0.04295450789307563
1851,10.000000000000002,-0.04222783686645604,2.657316611274113e-5,0.0051549166930941895,0.005448024570970223,0.04222783686645604,-0.042260758575934816
1852,25.000000000000004,-0.04216089904845891,1.5458400610836286e-5,0.003931717259778008,0.031595356746138586,0.04216089904845891,-0.04175650364170028
1853,10.000000000000002,-0.042239471637864366,7.80382323078862e-5,0.00883392507936796,0.0071750782620597356,0.042239471637864366,-0.04271600020490436
1854,25.000000000000004,-0.04223132309601083,1.2888004501413307e-5,0.003589986699336546,0.04504078099862606,0.04223132309601083,-0.04207311631764746
1855,10.000000000000002,-0.04223224009286256,4.6032896108441203e-5,0.006784754682996373,0.004616423164336021,0.04223224009286256,-0.04267840705761153
1856,25.000000000000004,-0.042230087026526766,9.257702752070417e-6,0.0030426473262720436,0.02002423855913093,0.042230087026526766,-0.04207020566054655
1857,10.000000000000002,-0.04216671679876513,3.308037586597572e-5,0.005751554213078038,0.003201619405640881,0.04216671679876513,-0.042500134580297354
1858,25.000000000000004,-0.04216050122293095,7.2463090349111245e-6,0.0026918969213012454,0.004464024023682758,0.04216050122293095,-0.04207515284064194
1859,10.000000000000002,-0.04241399847056197,1.0121284056698023e-5,0.0031813965575982544,0.008243597350114743,0.04241399847056197,-0.0418971809072124
1860,4.000000000000001,-0.04229110198943442,0.0005010984251152384,0.0223852278325515,0.024477744532875635,0.04229110198943442,-0.04409183558854648
1861,10.000000000000002,-0.042308064775212255,5.522479094489053e-5,0.007431338435631265,0.007918784472151576,0.042308064775212255,-0.042145195377918526
1862,25.000000000000004,-0.04217261147122021,2.0006069651410712e-5,0.004472814511178695,0.04209479610644646,0.04217261147122021,-0.04164892539280738
1863,10.000000000000002,-0.04193309322274832,5.144260832314631e-5,0.007172350264951253,0.024873974967255602,0.04193309322274832,-0.04204856401850553
1864,4.000000000000001,-0.04200338749502056,0.0008491602811597055,0.029140354856447878,0.012734777744807047,0.04200338749502056,-0.045793050858697226
1865,10.000000000000002,-0.04210409995535962,8.521502904217977e-5,0.00923119867851298,0.008953605117348256,0.04210409995535962,-0.04225841497145895
1866,25.000000000000004,-0.042142791319363555,2.349603680923356e-5,0.004847271068264447,0.033141736081778325,0.042142791319363555,-0.04170838502622047
1867,10.000000000000002,-0.04239216616840842,9.036606257088533e-5,0.009506106593705193,0.017492158127942393,0.04239216616840842,-0.04280502215408835
1868,4.000000000000001,-0.042388760380036965,0.00020031557056794154,0.01415328833055914,0.020527455857081895,0.042388760380036965,-0.04301004303470128
1869,1.6000000000000005,-0.04207077865557622,0.000882146727718099,0.029700954996735356,0.01694945308127934,0.04207077865557622,-0.043789291001893105
1870,4.000000000000001,-0.04196864705432895,0.00012108204203882802,0.011003728551669567,0.001988357968549615,0.04196864705432895,-0.042766637545785136
1871,10.000000000000002,-0.04203397157602672,2.3744201337692458e-5,0.004872802205886512,0.02125028081002518,0.04203397157602672,-0.04230783828974872
1872,4.000000000000001,-0.042247203665104295,2.426063348789223e-5,0.004925508449682351,0.009571628563821911,0.042247203665104295,-0.04198599011143683
1873,1.6000000000000005,-0.04243738294965643,0.0007516308235347526,0.027415886335020297,0.00668560557849912,0.04243738294965643,-0.043473059099508986
1874,4.000000000000001,-0.04244811592133404,8.289032304626689e-5,0.009104412284506171,0.006570194001172738,0.04244811592133404,-0.04251268536403345
1875,10.000000000000002,-0.04225383089905017,5.4109849830561005e-5,0.007355939765289069,0.023658542931256427,0.04225383089905017,-0.04166522170107523
1876,4.000000000000001,-0.042299881454150735,0.0002989224260811458,0.01728937321250096,0.0033361356868720727,0.042299881454150735,-0.043400925721717096
1877,10.000000000000002,-0.04216531927193497,3.3599291447441194e-5,0.00579648957968883,0.02523405603689674,0.04216531927193497,-0.042142714916680195
1878,4.000000000000001,-0.042117213599039326,0.00015608962821849268,0.01249358348187151,0.012650693187242455,0.042117213599039326,-0.0426581708443422
1879,10.000000000000002,-0.042231765940004135,1.854883459607319e-5,0.004306835798596597,0.011163788118747374,0.042231765940004135,-0.04217133834990576
1880,4.000000000000001,-0.04231941208999782,2.226934666652034e-5,0.0047190408629848015,0.009292513711525344,0.04231941208999782,-0.041951331078999614
1881,1.6000000000000005,-0.04254438484590505,0.0010054890619913253,0.03170944751949055,0.011571043358385812,0.04254438484590505,-0.04384682495557671
1882,4.000000000000001,-0.04260345767372588,0.0001781711474021144,0.013348076543162104,0.014920656548675755,0.04260345767372588,-0.041881621229829816
1883,10.000000000000002,-0.04223602455897902,5.376098885820124e-5,0.007332188544916261,0.04477476854703813,0.04223602455897902,-0.041921428387867374
1884,4.000000000000001,-0.041915146502088704,7.303509001722926e-5,0.008546056986542348,0.023566595149585014,0.041915146502088704,-0.04183774740015138
1885,1.6000000000000005,-0.0420685541862925,0.0014132873738208448,0.03759371455204772,0.01014807119329757,0.0420685541862925,-0.044706560753416925
1886,4.000000000000001,-0.042203880403760066,0.0001181051530269269,0.010867619473782052,0.005826162885186107,0.042203880403760066,-0.04249257705361739
1887,10.000000000000002,-0.04209490410947181,4.524023052234158e-5,0.006726085824782611,0.029515094938532313,0.04209490410947181,-0.04171750552997329
1888,4.000000000000001,-0.041854319678778826,0.00023668741567949865,0.015384648701855323,0.004682814108993814,0.041854319678778826,-0.04301798077750897
1889,10.000000000000002,-0.042040734105936256,2.7022619995980733e-5,0.005198328577146767,0.012547396834412746,0.042040734105936256,-0.04215746861192093
1890,4.000000000000001,-0.04241427570080705,9.122619797751521e-5,0.009551240651219883,0.004661043228090462,0.04241427570080705,-0.04243808868950032
1891,10.000000000000002,-0.04237381760495296,1.626801267073031e-5,0.004033362452189279,0.01174788755043821,0.04237381760495296,-0.042188777564422505
1892,4.000000000000001,-0.042225844283792294,3.962925367356967e-5,0.0062951770168574025,0.007208072654105111,0.042225844283792294,-0.04226816878516712
1893,10.000000000000002,-0.04223647479689113,1.1821798224622069e-5,0.003438284197768135,0.019415660975775278,0.04223647479689113,-0.042087865673249604
1894,4.000000000000001,-0.042311277996980666,0.00011742496551904008,0.010836280059090393,0.0030254260868451473,0.042311277996980666,-0.04265565147993655
1895,10.000000000000002,-0.042303393206883866,2.2855365969658834e-5,0.004780728602384665,0.026158576026410044,0.042303393206883866,-0.04223395039593329
1896,4.000000000000001,-0.04221329197412142,2.7315628072975398e-5,0.005226435503569847,0.009398651887291122,0.04221329197412142,-0.04204230014872731
1897,1.6000000000000005,-0.04259762505096253,0.00027438198046222657,0.01656447948057006,0.035320033661257744,0.04259762505096253,-0.0424047040293152
1898,0.6400000000000002,-0.042312318505369,0.004289792707469832,0.06549650912430244,0.007608379645933152,0.042312318505369,-0.04554274181982572
1899,1.6000000000000005,-0.04222379775010349,0.0005057547926823356,0.022488992700482067,0.008237868655788584,0.04222379775010349,-0.04318715073672082
1900,4.000000000000001,-0.042447447442350204,7.835025411584347e-5,0.00885156789025783,0.010545122782342233,0.042447447442350204,-0.04228716121292469
1901,10.000000000000002,-0.04226872402483713,2.2900805894668653e-5,0.004785478648439323,0.0057329440211094235,0.04226872402483713,-0.04209695674059901
1902,25.000000000000004,-0.04219819537669731,1.0477097048241134e-5,0.0032368344177979096,0.005542515071169968,0.04219819537669731,-0.04183097479369
1903,10.000000000000002,-0.04214784096726289,4.19898365267576e-5,0.006479956521980499,0.007572405093520824,0.04214784096726289,-0.042450726864995285
1904,25.000000000000004,-0.042144832297504334,8.072273724652323e-6,0.002841174708576071,0.003675179915955576,0.042144832297504334,-0.04211299201254449
1905,10.000000000000002,-0.04223488167413467,1.2394338000620348e-5,0.003520559330649087,0.01119398074590145,0.04223488167413467,-0.041969481679634796
1906,4.000000000000001,-0.042325954394520075,0.0003675636910751783,0.0191719506330258,0.006528780813990828,0.042325954394520075,-0.04360919968906561
1907,10.000000000000002,-0.04240558096808344,4.074969806016437e-5,0.006383549017604891,0.00970451430665546,0.04240558096808344,-0.04249234441197852
1908,4.000000000000001,-0.04234659770410715,0.00010861693917033644,0.01042194507615236,0.0032617829261730427,0.04234659770410715,-0.04271308242694129
1909,10.000000000000002,-0.042205947097754964,3.020449034970337e-5,0.005495861201823002,0.024819159525686404,0.042205947097754964,-0.04215349600093125
1910,4.000000000000001,-0.04205553019530387,0.00012731945794496388,0.011283592421962248,0.009273229273075029,0.04205553019530387,-0.04272931559379831
1911,10.000000000000002,-0.04211820757994156,2.1910739177210914e-5,0.0046808908529478565,0.017203088523826605,0.04211820757994156,-0.04214000845131408
1912,4.000000000000001,-0.042415042543850985,8.817661359753623e-5,0.009390240337581153,0.003705923649906313,0.042415042543850985,-0.04257800625716197
1913,10.000000000000002,-0.04235622094730591,1.380944234655855e-5,0.003716105804004852,0.010265001155766342,0.04235622094730591,-0.04221053125331717
1914,4.000000000000001,-0.04211880391795685,4.864432910793543e-5,0.006974548666970174,0.00765053561318878,0.04211880391795685,-0.04239949343879242
1915,10.000000000000002,-0.04221761353569482,1.2202967495823998e-5,0.0034932746092776615,0.0035102556157460708,0.04221761353569482,-0.042232978648861864
1916,25.000000000000004,-0.04228870884272711,4.03755375950908e-6,0.00200936650701386,0.006111739944457295,0.04228870884272711,-0.04218068654287228
1917,10.000000000000002,-0.042362426818471716,1.008654339019995e-5,0.0031759318931929175,0.0032789207149260587,0.042362426818471716,-0.04222395534542269
1918,25.000000000000004,-0.042325617234394645,1.8452801477210275e-6,0.0013584108906074875,0.0038606916496001474,0.042325617234394645,-0.042134965406439705
1919,10.000000000000002,-0.04227459244620807,1.832513245105665e-6,0.0013537035292506498,0.0030168293736593963,0.04227459244620807,-0.04207079613338329
1920,4.000000000000001,-0.04219038488619881,1.9326427798645473e-6,0.001390195230845131,0.006781493356392954,0.04219038488619881,-0.04204525511077121
1921,1.6000000000000005,-0.04203476064426402,0.00029400462239314993,0.01714656299067396,0.021294542932861225,0.04203476064426402,-0.04256329577948345
1922,4.000000000000001,-0.04232982871525602,0.00018956618740938966,0.013768303723022297,0.010047736843374918,0.04232982871525602,-0.04315437441016541
1923,10.000000000000002,-0.042170388672432155,2.9206463481911106e-5,0.005404300461846205,0.013834413713794643,0.042170388672432155,-0.04241737407683645
1924,4.000000000000001,-0.04201202844527191,8.861978702887921e-5,0.009413808316981987,0.0021911366730729322,0.04201202844527191,-0.042600185005365
1925,10.000000000000002,-0.04206956013948778,1.7870033079592342e-5,0.004227296190189699,0.010399224935753043,0.04206956013948778,-0.042301548169561325
1926,4.000000000000001,-0.04251622895968672,2.09590792815466e-5,0.004578108701368568,0.006741349766884685,0.04251622895968672,-0.04212111718345143
1927,1.6000000000000005,-0.04270960837535453,0.0008028091894891293,0.028333887652228898,0.0051039573932151385,0.04270960837535453,-0.04365234272214998
1928,4.000000000000001,-0.04234975689747766,0.00013624986128343112,0.011672611587962272,0.016564716670716705,0.04234975689747766,-0.04222540979774462
1929,1.6000000000000005,-0.04244260975680969,0.0006800171757732075,0.026077138949148686,0.003787546317116516,0.04244260975680969,-0.04326206709985172
1930,4.000000000000001,-0.04233517770948224,5.164825780284643e-5,0.007186672234271327,0.0018055720174668568,0.04233517770948224,-0.042386207578773726
1931,10.000000000000002,-0.042232021037418514,1.337636470312699e-5,0.0036573712831932978,0.007573550235775092,0.042232021037418514,-0.042208939428571915
1932,4.000000000000001,-0.042078285916894144,1.384432688797957e-5,0.0037207965394495265,0.013126372295859045,0.042078285916894144,-0.042021815788828284
1933,1.6000000000000005,-0.04272704361073836,0.00027707905197208967,0.016645691694011686,0.035159318305969085,0.04272704361073836,-0.04244455940423008
1934,0.6400000000000002,-0.04170091276148036,0.0020311636384883047,0.04506843283816628,0.010080016716215594,0.04170091276148036,-0.04376451356147189
1935,1.6000000000000005,-0.04205447673698868,0.00023953856181751864,0.015477033366169327,0.014371739383162442,0.04205447673698868,-0.042570417708431854
1936,4.000000000000001,-0.04229048152616576,5.058884792903757e-5,0.007112583773076952,0.0033202034928670942,0.04229048152616576,-0.042387843655747416
1937,10.000000000000002,-0.042317143571124906,3.2537263491355366e-5,0.00570414441361326,0.016768101421625003,0.042317143571124906,-0.04188160111772658
1938,4.000000000000001,-0.0422049196957997,0.00014976928978085356,0.012238026384219539,0.01349723588222987,0.0422049196957997,-0.04270571541813429
1939,10.000000000000002,-0.042338739849680576,1.6679432609598956e-5,0.004084046107672996,0.00855767402950413,0.042338739849680576,-0.04224985196233102
1940,4.000000000000001,-0.04250074010941856,1.729218870813757e-5,0.004158387753461379,0.01756549858072127,0.04250074010941856,-0.0420164566999951
1941,1.6000000000000005,-0.04189499118760374,0.0007631911707016027,0.02762591483917958,0.007361138067396257,0.04189499118760374,-0.04352554590695866
1942,4.000000000000001,-0.04191824405980306,8.631908883069475e-5,0.009290806683528333,0.006033663095285269,0.04191824405980306,-0.0423759843013825
1943,10.000000000000002,-0.042107548174216254,2.951422773294374e-5,0.005432699856695908,0.017429617237633414,0.042107548174216254,-0.04205958888928855
1944,4.000000000000001,-0.042133158233896115,3.647751113459137e-5,0.006039661508279365,0.009744035647899383,0.042133158233896115,-0.04181402546644291
1945,1.6000000000000005,-0.043167085931333775,0.001253162846498158,0.03540004020475341,0.009556049862612128,0.043167085931333775,-0.043975267634189824
1946,4.000000000000001,-0.04285775577868138,0.00016742377547163996,0.012939233960000877,0.02062973507750207,0.04285775577868138,-0.042096983914431986
1947,1.6000000000000005,-0.042120006295973594,0.000321010308378714,0.017916760543656155,0.019167040471008364,0.042120006295973594,-0.04215663838963984
1948,4.000000000000001,-0.04192290517175074,0.00010439845394664607,0.010217556163126586,0.014307376936286503,0.04192290517175074,-0.04247163212513452
1949,1.6000000000000005,-0.04195071557394622,0.00017424960507525592,0.013200363823594255,0.001524210868216263,0.04195071557394622,-0.04233802329385059
1950,4.000000000000001,-0.042023711988505935,3.3175200290009906e-5,0.0057597916880743096,0.0017398044835200998,0.042023711988505935,-0.04219088908245372
1951,10.000000000000002,-0.042056991346640815,1.2204502386029328e-5,0.0034934942945465544,0.012898180712400599,0.042056991346640815,-0.042086083325077926
1952,4.000000000000001,-0.04239189690156368,2.7399605218019502e-5,0.005234463221574825,0.004192009479783317,0.04239189690156368,-0.042086042560705
1953,10.000000000000002,-0.042320818387019635,7.715148064148002e-6,0.0027776155356974805,0.00265999497266101,0.042320818387019635,-0.04198339759189216
1954,25.000000000000004,-0.04221209487212182,6.164881718235637e-6,0.002482917984597082,0.008928376795105414,0.04221209487212182,-0.04178643756725768
1955,10.000000000000002,-0.042483885123049424,8.99703441006464e-5,0.009485269848593998,0.010767768587761134,0.042483885123049424,-0.04295138291428414
1956,25.000000000000004,-0.0423076833812628,1.392081023590109e-5,0.0037310602026637265,0.014088095623019404,0.0423076833812628,-0.0421867596866605
1957,10.000000000000002,-0.04214549184577746,5.5257899021214986e-5,0.007433565700336211,0.017766060502563106,0.04214549184577746,-0.0425664873716942
1958,4.000000000000001,-0.041966379608195416,7.627616544235804e-5,0.008733622698649057,0.020648121859901752,0.041966379608195416,-0.0424871424612478
1959,1.6000000000000005,-0.04232436216924005,0.0013939369941444071,0.03733546563449299,0.00630776859928142,0.04232436216924005,-0.044461814131882875
1960,4.000000000000001,-0.04231846065628806,0.00014779533673283694,0.012157110542099918,0.0037066175347746566,0.04231846065628806,-0.04265887608253459
1961,10.000000000000002,-0.04222328084057039,3.427349135420182e-5,0.005854356613172947,0.01184234097867457,0.04222328084057039,-0.042149169921270976
1962,4.000000000000001,-0.04225644971621764,5.8653858623002785e-5,0.007658580718579833,0.014765736611801307,0.04225644971621764,-0.04193371037492206
1963,1.6000000000000005,-0.04248927442448562,0.0007045918291289971,0.026544148679680746,0.0164378391041128,0.04248927442448562,-0.043458693329147924
1964,4.000000000000001,-0.04242795055484581,7.63856085025247e-5,0.008739886069195908,0.011639673150962968,0.04242795055484581,-0.042499738663713385
1965,1.6000000000000005,-0.04207969584604801,7.785533336710193e-5,0.008823566929938364,0.011274316334795174,0.04207969584604801,-0.042230255283292065
1966,0.6400000000000002,-0.04166202588215594,0.00154506595391633,0.03930732697495888,0.00395415085047312,0.04166202588215594,-0.043467287432149185
1967,1.6000000000000005,-0.0416964156566747,0.0002265692335696142,0.015052216898836337,0.004296116003820861,0.0416964156566747,-0.04259688619497412
1968,4.000000000000001,-0.041982937566808175,4.6285159660176364e-5,0.0068033197528983135,0.009222952515963558,0.041982937566808175,-0.042261019287082494
1969,1.6000000000000005,-0.04272475719604738,0.00021690244775196023,0.014727608351390942,0.011195078910024806,0.04272475719604738,-0.0425464522913351
1970,4.000000000000001,-0.04259020449075613,9.313391731200234e-5,0.00965059155243876,0.02064448261696662,0.04259020449075613,-0.04193071349463313
1971,1.6000000000000005,-0.04216733657254271,0.00045908516252724164,0.02142627271662623,0.0020230813391107984,0.04216733657254271,-0.04296919249442187
1972,4.000000000000001,-0.042049907883486795,3.760755437175011e-5,0.006132499846860994,0.0022646100495211123,0.042049907883486795,-0.042251543619895436
1973,10.000000000000002,-0.042170071519444324,1.2539360407193713e-5,0.0035410959330684213,0.004101729871582737,0.042170071519444324,-0.04214016181309267
1974,25.000000000000004,-0.04220947793723741,7.5950884542419196e-6,0.002755918804000205,0.04663774381672089,0.04220947793723741,-0.04191257809550857
1975,10.000000000000002,-0.042262045503605225,4.082897702061781e-5,0.006389755630743464,0.025524424512734893,0.042262045503605225,-0.0422146954516182
1976,4.000000000000001,-0.04233002027107352,0.0001832164621522082,0.013535747565325242,0.010179705284473758,0.04233002027107352,-0.04307340466454748
1977,10.000000000000002,-0.042377822847553204,2.661001939006994e-5,0.005158490030044639,0.01574808960981388,0.042377822847553204,-0.04230157845242195
1978,4.000000000000001,-0.04243969851485723,7.392606031793715e-5,0.008598026536242904,0.010571968129646475,0.04243969851485723,-0.042468773727867205
1979,10.000000000000002,-0.042310369281501704,1.3692971005187663e-5,0.003700401465407188,0.008043296010197376,0.042310369281501704,-0.04232912356563106
1980,4.000000000000001,-0.04222712145665835,1.418082060850192e-5,0.003765743035378532,0.01468748746419794,0.04222712145665835,-0.04213754673019493
1981,1.6000000000000005,-0.04194028498564821,0.0006000017683977979,0.024494933525074078,0.019836661673112148,0.04194028498564821,-0.04297879739771475
1982,4.000000000000001,-0.04200938533692863,6.929288633880731e-5,0.008324234880084014,0.010458530214953523,0.04200938533692863,-0.04241249662626922
1983,1.6000000000000005,-0.04223787079054557,9.048978323041376e-5,0.009512611798576338,0.00633752370982455,0.04223787079054557,-0.04218498993387775
1984,4.000000000000001,-0.04225876572200562,7.704676035787919e-5,0.008777628401674292,0.005266881597528724,0.04225876572200562,-0.042549033005260396
1985,10.000000000000002,-0.04233104053621672,1.5650107602101126e-5,0.003956021688780425,0.01489028520459591,0.04233104053621672,-0.04219745709839002
1986,4.000000000000001,-0.042271752737179556,3.905597825053506e-5,0.00624947823826398,0.0061181309499868325,0.042271752737179556,-0.042294233005211235
1987,10.000000000000002,-0.04225388772753013,9.175060210601803e-6,0.003029036185092843,0.019742712223279724,0.04225388772753013,-0.04215474181621734
1988,4.000000000000001,-0.04216123250924568,3.2061998288160365e-5,0.00566233152404205,0.012202157053803281,0.04216123250924568,-0.04228113535485973
1989,1.6000000000000005,-0.04265453460830362,4.389040640872253e-5,0.006624983502524556,0.010311726749544762,0.04265453460830362,-0.0422773934637306
1990,0.6400000000000002,-0.04166496813355392,0.0027061829590334157,0.05202098575607171,0.008242961776112112,0.04166496813355392,-0.04467373894965331
1991,1.6000000000000005,-0.042229355135785684,0.00044825124278436324,0.02117194470955286,0.005493146444147634,0.042229355135785684,-0.043107674161941154
1992,4.000000000000001,-0.04237728211372211,9.550214293124393e-5,0.009772519784131621,0.005694040778146689,0.04237728211372211,-0.04229216317188959
1993,10.000000000000002,-0.04223265360894446,3.3287790400389055e-5,0.005769557210080255,0.009591766612773486,0.04223265360894446,-0.041970827495475524
1994,4.000000000000001,-0.0423519054888127,0.00013117819327867824,0.011453304906387424,0.016658836327350667,0.0423519054888127,-0.04230727826349896
1995,1.6000000000000005,-0.04231269715359261,0.00047778732905905043,0.02185834689675892,0.009490052290385367,0.04231269715359261,-0.043133307702964745
1996,4.000000000000001,-0.04230033262115173,0.0001605324932455711,0.012670141800531323,0.029945503798672644,0.04230033262115173,-0.04184557944350316
1997,1.6000000000000005,-0.04232296055654195,0.0008917742085795624,0.029862588778931446,0.01244305633940766,0.04232296055654195,-0.04362916556183598
1998,4.000000000000001,-0.04225048648835528,7.402515225222077e-5,0.008603787087801556,0.010613049714962798,0.04225048648835528,-0.042257518977283075
1999,10.000000000000002,-0.04225329128414954,2.4482619654945797e-5,0.004947991476846519,0.025371715662418817,0.04225329128414954,-0.041995876974752835
2000,4.000000000000001,-0.04211644373992837,0.00014996371696551308,0.012245967375651182,0.0049131786316161975,0.04211644373992837,-0.042711673832544386
2001,10.000000000000002,-0.04209518625263366,2.282045757382957e-5,0.004777076257903946,0.016953144656715016,0.04209518625263366,-0.04209430184869318
2002,4.000000000000001,-0.04233733161249911,8.234610128452654e-5,0.009074475262213598,0.013208929955126422,0.04233733161249911,-0.04239611325074361
2003,1.6000000000000005,-0.042075215469315745,0.0002526670132354117,0.01589550292489708,0.009662925888499676,0.042075215469315745,-0.04271688990472433
2004,4.000000000000001,-0.04232761161305527,3.8937227150303893e-5,0.0062399701241515485,0.006201523497372785,0.04232761161305527,-0.04239096315580199
2005,10.000000000000002,-0.04234540183072851,1.5456311569500288e-5,0.003931451585547034,0.007624894215437124,0.04234540183072851,-0.04212759845559457
2006,4.000000000000001,-0.042448845938862945,1.8886313832903924e-5,0.004345838680036792,0.009314666900155038,0.042448845938862945,-0.041951026813237514
2007,1.6000000000000005,-0.04231563429850432,0.0007313747652137837,0.027043941377206535,0.012818036754099786,0.04231563429850432,-0.043373293979722165
2008,4.000000000000001,-0.04217638486762265,9.49995051606853e-5,0.009746768960054676,0.00990026524934559,0.04217638486762265,-0.04250236072699288
2009,10.000000000000002,-0.042217229174009295,2.6536019184005297e-5,0.005151312374920133,0.014012452836268917,0.042217229174009295,-0.042076150912423935
2010,4.000000000000001,-0.042056632486761725,9.41275215174147e-5,0.009701933906052685,0.011333888586150446,0.042056632486761725,-0.04231781912606882
2011,10.000000000000002,-0.042149575833533424,1.0072801206607754e-5,0.0031737676673959225,0.0037589980687633058,0.042149575833533424,-0.04221795963110286
2012,25.000000000000004,-0.042221654787901984,9.039421001983017e-6,0.0030065629881948284,0.0055524461750809054,0.042221654787901984,-0.04190571250680481
2013,10.000000000000002,-0.04240538060966126,9.121760855962608e-6,0.003020225298874673,0.014307066986000943,0.04240538060966126,-0.04158969752506928
2014,4.000000000000001,-0.04229600791565958,0.0007246519803919463,0.026919360698054222,0.015319324684444085,0.04229600791565958,-0.04485280413313155
2015,10.000000000000002,-0.04210340966936413,6.518433134417069e-5,0.008073681399719132,0.013661138760585806,0.04210340966936413,-0.042294004481964034
2016,4.000000000000001,-0.04228529966020784,0.00017311844481711738,0.013157448263896665,0.007464978540241979,0.04228529966020784,-0.043027167986843
2017,10.000000000000002,-0.04228738386014347,2.680285411695545e-5,0.0051771472952732815,0.029605271189479265,0.04228738386014347,-0.04220225376159072
2018,4.000000000000001,-0.042397146974189365,0.00011535602913710226,0.010740392410759593,0.0024978051183081693,0.042397146974189365,-0.04272704305399612
2019,10.000000000000002,-0.042332328900705714,1.8417052627004534e-5,0.004291509364664667,0.015953816124128113,0.042332328900705714,-0.042201398460098134
2020,4.000000000000001,-0.042148517479329066,5.1361495813709945e-5,0.007166693506332606,0.015162048153402476,0.042148517479329066,-0.0423334335287203
2021,1.6000000000000005,-0.04169808350957582,5.662936825038834e-5,0.007525248716845732,0.02606378749565249,0.04169808350957582,-0.04204616577506327
2022,0.6400000000000002,-0.04261925643765932,0.003546449918824949,0.05955207736783788,0.005708964718475452,0.04261925643765932,-0.04447145087825693
2023,1.6000000000000005,-0.04241593408627215,0.000521242335128769,0.022830732251260998,0.003920702802526854,0.04241593408627215,-0.042857061237489794
2024,4.000000000000001,-0.042409068782699295,9.246799195147549e-5,0.009616027867652812,0.009338950153803193,0.042409068782699295,-0.04222445774958289
2025,10.000000000000002,-0.04228888549798897,3.186794615223009e-5,0.005645170161494699,0.01626628475514811,0.04228888549798897,-0.04182899019846537
2026,4.000000000000001,-0.04204074985955087,0.00018678635744351043,0.013666980553271832,0.02726721675980489,0.04204074985955087,-0.04246409887891219
2027,1.6000000000000005,-0.04232192292769569,0.0005175575884788762,0.022749892054224702,0.01149884698858828,0.04232192292769569,-0.04281817793106512
2028,4.000000000000001,-0.042192986240987274,6.562953327244749e-5,0.008101205667827937,0.00831395652441767,0.042192986240987274,-0.04249796700282663
2029,10.000000000000002,-0.042076820584508935,2.4128854649049173e-5,0.004912113053366054,0.01946595424031096,0.042076820584508935,-0.04206675305712891
2030,4.000000000000001,-0.042390149290216866,0.0001244073296760433,0.011153803372663662,0.006520970838978844,0.042390149290216866,-0.04255937960567715
2031,10.000000000000002,-0.04231758591431958,2.3783965152850116e-5,0.004876880678553671,0.029045141876977012,0.04231758591431958,-0.04214242287442325
2032,4.000000000000001,-0.04215906039785273,6.435710138585295e-5,0.00802228779001682,0.0021745132286454614,0.04215906039785273,-0.04229320534773162
2033,10.000000000000002,-0.04228548841025595,9.954506474730634e-6,0.0031550763025211663,0.025838889877059446,0.04228548841025595,-0.04216313188278792
2034,4.000000000000001,-0.04230480330227231,0.00010649561507537796,0.010319671267796177,0.009879900712335124,0.04230480330227231,-0.04270046002977282
2035,10.000000000000002,-0.04222631052929762,1.774771230674321e-5,0.004212803378599956,0.0027968792936462084,0.04222631052929762,-0.042258969408487786
2036,25.000000000000004,-0.04225324884263252,5.9789827266948585e-6,0.0024451958462861126,0.02706342878956191,0.04225324884263252,-0.04210735380933529
2037,10.000000000000002,-0.04224632569132792,1.6530616272721845e-5,0.00406578605840517,0.022041158039713484,0.04224632569132792,-0.04215396875060626
2038,4.000000000000001,-0.042311199353299994,0.00016646856952376752,0.01290226993686644,0.030480869461055916,0.042311199353299994,-0.04295935120871519
2039,1.6000000000000005,-0.042504783980572114,0.0005508515925988687,0.023470227791797606,0.013079365154186099,0.042504783980572114,-0.043440219801478684
2040,4.000000000000001,-0.04245859282258769,9.033542040744468e-5,0.009504494747615187,0.01007961488886857,0.04245859282258769,-0.04237246703668311
2041,10.000000000000002,-0.042287609800524976,2.8960503660949478e-5,0.005381496414655452,0.005019571068443002,0.042287609800524976,-0.04213195416413694
2042,25.000000000000004,-0.042135043954304126,1.3135823529568116e-5,0.003624337667708145,0.009825318649068724,0.042135043954304126,-0.04174175360449454
2043,10.000000000000002,-0.04189272034995676,1.6060792081621943e-5,0.004007591805763399,0.006519270297106499,0.04189272034995676,-0.04139980295584978
2044,4.000000000000001,-0.04239167596422918,0.0003904033162245952,0.019758626374943054,0.018510688568390707,0.04239167596422918,-0.043670559382939456
2045,10.000000000000002,-0.04241080010038093,5.572755535228071e-5,0.007465089105448154,0.008358589712096689,0.04241080010038093,-0.042825718749558005
2046,25.000000000000004,-0.04226920700869068,1.3560484405664327e-5,0.00368245630057769,0.01143076479956904,0.04226920700869068,-0.04216819912590296
2047,10.000000000000002,-0.042271762421391995,5.434093331285034e-5,0.007371630302236429,0.005978121757564539,0.042271762421391995,-0.04263305888791401
2048,25.000000000000004,-0.04213508621253,1.2785377307600011e-5,0.0035756645966309552,0.022719037125659994,0.04213508621253,-0.04203408214018803
2049,10.000000000000002,-0.04224606669104709,4.3423676853401785e-5,0.006589664396113188,0.044299815358939426,0.04224606669104709,-0.04244745950809424
2050,4.000000000000001,-0.042329487252541355,0.0002361936128380521,0.015368591764961815,0.0028939072138819463,0.042329487252541355,-0.043253656427088116
2051,10.000000000000002,-0.0422650978393664,3.642994458597755e-5,0.006035722374826194,0.0027362738999786706,0.0422650978393664,-0.04229569520924808
2052,25.000000000000004,-0.04226690381642645,2.8531488518167787e-5,0.005341487481794541,0.028513006430374292,0.04226690381642645,-0.04128717643393413
2053,10.000000000000002,-0.042141401197706076,0.00014631111066274848,0.012095912973510866,0.012560243072049247,0.042141401197706076,-0.043697604840024884
2054,25.000000000000004,-0.04213960851643229,2.3501836583215135e-5,0.004847869282810247,0.018717692896895708,0.04213960851643229,-0.04210601162314573
2055,10.000000000000002,-0.04220492254824734,7.373724509807404e-5,0.008587039367446387,0.003218266603766089,0.04220492254824734,-0.04279141607118986
2056,25.000000000000004,-0.04227161125009199,8.00321881416517e-6,0.0028289960788529154,0.006646564156665798,0.04227161125009199,-0.042225632464299126
2057,10.000000000000002,-0.04235308597593562,9.120617312787914e-6,0.0030200359787240804,0.002901692504270149,0.04235308597593562,-0.04203708360898242
2058,25.000000000000004,-0.04234304248535352,5.48154984122268e-6,0.002341270988421178,0.0037756274509504026,0.04234304248535352,-0.041865078116612726
2059,10.000000000000002,-0.04228180159129946,0.00010611681012830627,0.010301301380325997,0.005091979353049041,0.04228180159129946,-0.04315797786387164
2060,25.000000000000004,-0.04184482191383808,8.36827697264272e-5,0.009147828689171392,0.07397469580591279,0.04184482191383808,-0.040108650920537434
2061,10.000000000000002,-0.04233990645736384,0.00043472312635783775,0.02085001502056624,0.03394675945597336,0.04233990645736384,-0.04624289904306876
2062,4.000000000000001,-0.04288870171028149,0.00034262606323728624,0.01851016108080333,0.019617157632313503,0.04288870171028149,-0.0434576015538998
2063,10.000000000000002,-0.042321148094668526,0.00010765577025031127,0.010375729865908772,0.08804710749086063,0.042321148094668526,-0.04186636254598722
2064,4.000000000000001,-0.04163653249253028,0.00012082159337804544,0.010991887616694661,0.02929203476502754,0.04163653249253028,-0.04049519573215558
2065,1.6000000000000005,-0.04073971307165197,0.004176724558173814,0.0646275835705917,0.00907156357030145,0.04073971307165197,-0.05064079354937654
2066,4.000000000000001,-0.0417042221072365,0.00043470001521607763,0.020849460789576252,0.011794900083825314,0.0417042221072365,-0.043117537972469935
2067,10.000000000000002,-0.042050903023556185,8.305275114982104e-5,0.009113328214753436,0.011285547280322977,0.042050903023556185,-0.04174936114721233
2068,25.000000000000004,-0.042028396425206505,3.306839012006025e-5,0.005750512161543548,0.015755578175954788,0.042028396425206505,-0.041031598125267146
2069,10.000000000000002,-0.04211487792585417,0.00016108157769748575,0.012691791744962008,0.03933885316253996,0.04211487792585417,-0.04326655259040898
2070,4.000000000000001,-0.042195934606045885,0.0005787934838725172,0.02405812718963214,0.011349904410314856,0.042195934606045885,-0.044574587960278515
2071,10.000000000000002,-0.042103472934049445,7.234799002882597e-5,0.008505762166250945,0.010370878828984608,0.042103472934049445,-0.04238710708258065
2072,25.000000000000004,-0.04210907916290075,1.941987955978364e-5,0.004406799242055808,0.008307258546491784,0.04210907916290075,-0.04167224411409515
2073,10.000000000000002,-0.042191519676635245,7.988020329234634e-5,0.00893757256151503,0.02811787667162487,0.042191519676635245,-0.042381001153539585
2074,4.000000000000001,-0.042492469854271,0.0006354020377967206,0.02520718226610663,0.015566137725790923,0.042492469854271,-0.04428713805127328
2075,10.000000000000002,-0.042235990374037975,5.922177904031509e-5,0.0076955687925139805,0.00795742496172451,0.042235990374037975,-0.04243848998675446
2076,25.000000000000004,-0.04208984684264952,1.6889772601335746e-5,0.004109716851722968,0.033083639678518184,0.04208984684264952,-0.04185302829656859
2077,10.000000000000002,-0.04210544347806079,6.0622514362380206e-5,0.007786046131534298,0.007827731780077035,0.04210544347806079,-0.04234598957082727
2078,25.000000000000004,-0.042124075405790815,1.070266921306492e-5,0.003271493422439501,0.024606998118553262,0.042124075405790815,-0.04205961154817854
2079,10.000000000000002,-0.042302376381918666,1.6800413992294264e-5,0.004098830807961493,0.011122531242043193,0.042302376381918666,-0.04187521189552053
2080,4.000000000000001,-0.042636089027998474,0.0004258970056554914,0.02063727224357646,0.01371507557105742,0.042636089027998474,-0.04395122061307999
2081,10.000000000000002,-0.04237506118500034,6.627757041900747e-5,0.008141103759258167,0.02960175474559528,0.04237506118500034,-0.04211775186937176
2082,4.000000000000001,-0.04198813501816193,0.0003139480072845192,0.01771857802659455,0.02017603631572128,0.04198813501816193,-0.0431019876652954
2083,10.000000000000002,-0.041860289292703454,3.8891811707017984e-5,0.006236329987021051,0.014562060670944574,0.041860289292703454,-0.04236245172762955
2084,4.000000000000001,-0.04221962625374177,0.00019143937118795256,0.013836161721660837,0.007193178809393851,0.04221962625374177,-0.042974133716742316
2085,10.000000000000002,-0.042305367335041595,2.4027035113774554e-5,0.004901737968697894,0.003491868266007887,0.042305367335041595,-0.04232523605352108
2086,25.000000000000004,-0.04220420667556576,1.616485343814433e-5,0.004020553872060954,0.027744084664439752,0.04220420667556576,-0.04173543694388484
2087,10.000000000000002,-0.04221556975586372,7.359912024004317e-5,0.008578992961883298,0.014460207908445028,0.04221556975586372,-0.04270025417076715
2088,4.000000000000001,-0.0426386601334403,0.00023837961368943875,0.015439547068791842,0.007204669256285074,0.0426386601334403,-0.043291000160415725
2089,10.000000000000002,-0.04236279647748651,3.43596656534332e-5,0.005861711836437646,0.010890042068534563,0.04236279647748651,-0.04241488300250775
2090,4.000000000000001,-0.0420461470929664,3.928552988273261e-5,0.00626781699499376,0.003390395136397067,0.0420461470929664,-0.042013517360930036
2091,10.000000000000002,-0.04201676643290823,2.03009341918145e-5,0.004505655800415129,0.010656512595123381,0.04201676643290823,-0.04211394161389717
2092,4.000000000000001,-0.042492321959591295,0.00012013318100763561,0.010960528317906743,0.018319021972524954,0.042492321959591295,-0.04244508145586547
2093,1.6000000000000005,-0.04238059151045191,0.0012511180310319106,0.035371146871877236,0.006633939147541487,0.04238059151045191,-0.04435522167530071
2094,4.000000000000001,-0.042159976683776475,0.00016429423853666226,0.012817731411473025,0.023309176061340812,0.042159976683776475,-0.04211837773963389
2095,1.6000000000000005,-0.04194027930467563,0.0006942055564538377,0.02634778086393307,0.004438959514460837,0.04194027930467563,-0.043503694856163344
2096,4.000000000000001,-0.04207295510614368,5.22114664298385e-5,0.007225750233009615,0.0017417648030820171,0.04207295510614368,-0.042428852346708686
2097,10.000000000000002,-0.042260336938667244,1.6165708811994584e-5,0.004020660245779862,0.0060030577749568175,0.042260336938667244,-0.04217435796703902
2098,4.000000000000001,-0.04235428692523609,2.133708509780433e-5,0.004619208276079823,0.0019541213944951254,0.04235428692523609,-0.04200953652648179
2099,10.000000000000002,-0.04224046785074707,1.3149885185263043e-5,0.003626277041989903,0.005917518656794705,0.04224046785074707,-0.04183076719698408
2100,4.000000000000001,-0.042259806292370354,0.00018234796926523803,0.013503628003808384,0.0252339978992994,0.042259806292370354,-0.04259332173078909
2101,1.6000000000000005,-0.042944103544770934,0.0010054395061973068,0.03170866610561388,0.008851851080143816,0.042944103544770934,-0.04391736263381383
2102,4.000000000000001,-0.04265524871282048,9.720845130304278e-5,0.009859434634046862,0.0036047662031632116,0.04265524871282048,-0.04259889500769236
2103,10.000000000000002,-0.04232047854049626,6.437547910284406e-5,0.008023433124470103,0.025483429748070927,0.04232047854049626,-0.04159852176319312
2104,4.000000000000001,-0.041772552108545837,0.00024389194767598102,0.015617040298212112,0.01822164569866253,0.041772552108545837,-0.04229308163254468
2105,10.000000000000002,-0.04188585336454844,5.6496499816523336e-5,0.007516415356838879,0.07894364729357724,0.04188585336454844,-0.04173776713039347
2106,4.000000000000001,-0.04231031508980368,0.0003999577070880618,0.01999894264925178,0.015390511754084837,0.04231031508980368,-0.04362596236061649
2107,10.000000000000002,-0.04204959165224163,0.00016463288592349538,0.012830934725244898,0.10618216309963725,0.04204959165224163,-0.04051378255519508
2108,4.000000000000001,-0.04178119087652898,0.000845890020305668,0.029084188493160128,0.005508821697438688,0.04178119087652898,-0.04562389921656163
2109,10.000000000000002,-0.04194314883419082,4.7135304325414676e-5,0.006865515590646829,0.008530542288860871,0.04194314883419082,-0.04217657810304756
2110,25.000000000000004,-0.04214832253090597,1.3071246658926456e-5,0.0036154179093054314,0.022768302296466956,0.04214832253090597,-0.041839503916750155
2111,10.000000000000002,-0.04219206609099087,1.5010875128899665e-5,0.0038743870649303566,0.0033563005767429906,0.04219206609099087,-0.041433852010176075
2112,25.000000000000004,-0.04217023317054372,1.3827139087704734e-5,0.0037184861284808813,0.04180260946883868,0.04217023317054372,-0.04139467584313785
2113,10.000000000000002,-0.042213402146193006,0.000195892148464242,0.013996147629410103,0.09050115044227304,0.042213402146193006,-0.04365699796394612
2114,4.000000000000001,-0.042810996568845724,0.0008751956441534617,0.02958370572043776,0.008677501817811973,0.042810996568845724,-0.04563459503971687
2115,10.000000000000002,-0.04254211687625435,7.03425621664179e-5,0.008387047285333373,0.015059261451340055,0.04254211687625435,-0.042561354862463804
2116,4.000000000000001,-0.0416768067964894,7.224331234809774e-5,0.008499606599607875,0.01893403036788299,0.0416768067964894,-0.04179214647856596
2117,1.6000000000000005,-0.04273440996884393,0.0016757693421970792,0.0409361617912217,0.02024691956914235,0.04273440996884393,-0.04521218899293914
2118,4.000000000000001,-0.04220328635774683,0.0001765833959295679,0.01328846853213597,0.006098615698729469,0.04220328635774683,-0.04276457234544458
2119,10.000000000000002,-0.04198222247377311,3.301161642940687e-5,0.005745573637976183,0.01666775071245201,0.04198222247377311,-0.042043244909815494
2120,4.000000000000001,-0.04206816546379563,0.00011023670382698345,0.010499366829813284,0.0017212817322281545,0.04206816546379563,-0.0425509291534017
2121,10.000000000000002,-0.042135319997404254,2.840639489002861e-5,0.005329764993883746,0.016771462579344514,0.042135319997404254,-0.04202331735923851
2122,4.000000000000001,-0.042387737143035675,0.00010846925468691276,0.010414857401179948,0.004225390845999129,0.042387737143035675,-0.04270295506156545
2123,10.000000000000002,-0.04226927373524837,1.2623527871976471e-5,0.003552960437716197,0.008593050542653498,0.04226927373524837,-0.042241275182762154
2124,4.000000000000001,-0.04231029332112081,1.4552177936453456e-5,0.00381473169914392,0.001520517280792142,0.04231029332112081,-0.04210161550767375
2125,10.000000000000002,-0.04217131308587586,1.0610842112030392e-5,0.0032574287577827993,0.004020466086868781,0.04217131308587586,-0.041954600626921225
2126,25.000000000000004,-0.04214479805418786,9.142689093411477e-6,0.0030236879953810507,0.032244216302783096,0.04214479805418786,-0.04173047399818488
2127,10.000000000000002,-0.0421238587557715,0.00011193303798004084,0.010579841113175606,0.005945339322285858,0.0421238587557715,-0.0431290257783297
2128,25.000000000000004,-0.04225000462308018,1.1853865720386488e-5,0.0034429443388452404,0.008086298205605885,0.04225000462308018,-0.04210603493299443
2129,10.000000000000002,-0.04228768168380103,4.523630106173321e-5,0.006725793712398055,0.013405830292991411,0.04228768168380103,-0.0425117444453209
2130,4.000000000000001,-0.04272908878812889,0.0002082508299085645,0.014430898444260652,0.0130260966193669,0.04272908878812889,-0.04293721770851619
2131,10.000000000000002,-0.04261358339028131,2.8785612599633855e-5,0.005365222511660989,0.013992084781691859,0.04261358339028131,-0.04237745112676517
2132,4.000000000000001,-0.042102341666433944,0.0001346394794813444,0.011603425333984115,0.005907036201342798,0.042102341666433944,-0.04284491408546546
2133,10.000000000000002,-0.04208733001981015,2.9922453214079817e-5,0.005470141973850388,0.017167426843740577,0.04208733001981015,-0.042197340482758805
2134,4.000000000000001,-0.0423630808023672,0.00010827588339317212,0.01040556982549116,0.008574261203079222,0.0423630808023672,-0.04260095821951827
2135,10.000000000000002,-0.042363749664598827,3.127847719976025e-5,0.005592716441923392,0.027343156885128367,0.042363749664598827,-0.042018630102830946
2136,4.000000000000001,-0.0421378472789334,0.00014879448961660708,0.012198134677753278,0.004031934248375518,0.0421378472789334,-0.04288776339843734
2137,10.000000000000002,-0.04199236741247886,2.8352841374103322e-5,0.005324738620261404,0.015665648979821464,0.04199236741247886,-0.04206428984550548
2138,4.000000000000001,-0.04232525775005666,0.00011318457550112347,0.010638823971714331,0.011884957104782181,0.04232525775005666,-0.04272256147508989
2139,10.000000000000002,-0.042433624404839686,1.09405074658973e-5,0.003307643793684154,0.008752559717055254,0.042433624404839686,-0.04228264294216356
2140,4.000000000000001,-0.042367311786692015,1.5563464996937974e-5,0.00394505576601117,0.0015148216433714776,0.042367311786692015,-0.04222584090328448
2141,10.000000000000002,-0.04241091933829691,6.162074454911202e-6,0.0024823526048712748,0.004484085123186409,0.04241091933829691,-0.04215599149442221
2142,4.000000000000001,-0.042466073899022065,6.145688394424478e-6,0.002479049897526163,0.002011700610379243,0.042466073899022065,-0.04207035035626394
2143,10.000000000000002,-0.04245312448097675,6.11198223919733e-6,0.002472242350417396,0.003339671381903564,0.04245312448097675,-0.041984705459413324
2144,4.000000000000001,-0.04196115244748269,0.00011840123474304412,0.010881233144411718,0.016595536456075557,0.04196115244748269,-0.04270388703986591
2145,1.6000000000000005,-0.041617220280495956,0.0003930682677367041,0.019825949352722156,0.021932646636552776,0.041617220280495956,-0.042830788937103126
2146,4.000000000000001,-0.04152579909052083,8.151148134639499e-5,0.009028370913204386,0.0017599555196316458,0.04152579909052083,-0.04241238734206428
2147,10.000000000000002,-0.04200251703353191,1.5508707233519515e-5,0.003938109601511811,0.01534427792398627,0.04200251703353191,-0.04228728078396056
2148,4.000000000000001,-0.04234633790175471,2.3104669032622774e-5,0.004806731637258603,0.003665667036960155,0.04234633790175471,-0.04219252095767677
2149,10.000000000000002,-0.04236901120703807,8.10001129380327e-6,0.0028460518782698375,0.0099147102994233,0.04236901120703807,-0.042094150541833346
2150,4.000000000000001,-0.04261092756428701,0.00016584878505903567,0.012878229111917355,0.006363549021853319,0.04261092756428701,-0.04294096532255068
2151,10.000000000000002,-0.04236332147076904,3.44744876805918e-5,0.0058714979077397105,0.015636330676213374,0.04236332147076904,-0.042136559551827824
2152,4.000000000000001,-0.04224579334113676,0.00014530070387842363,0.012054074160980744,0.014416141065123357,0.04224579334113676,-0.042815546371043234
2153,10.000000000000002,-0.042206564539426936,6.504217620792308e-5,0.008064872981512051,0.028871636343078565,0.042206564539426936,-0.041674765088705004
2154,4.000000000000001,-0.042158958419580006,0.00031407611541835277,0.017722192737309704,0.015063143222708946,0.042158958419580006,-0.043627980685666555
2155,10.000000000000002,-0.042292797041184556,3.1263121494741285e-5,0.0055913434427462315,0.0189703134914681,0.042292797041184556,-0.04213624982211683
2156,4.000000000000001,-0.04226623401295812,0.00011228346742132382,0.010596389357763513,0.0017380167987765148,0.04226623401295812,-0.04268925853352126
2157,10.000000000000002,-0.042275147513262785,1.1933245367209006e-5,0.003454452976552005,0.002754143128103362,0.042275147513262785,-0.04223391793572568
2158,25.000000000000004,-0.04220682606854667,4.385758399536097e-6,0.0020942202366360844,0.005444542406551052,0.04220682606854667,-0.042141282031065666
2159,10.000000000000002,-0.0422386161693499,2.5248901686261233e-5,0.005024828523070338,0.0020918517561729012,0.0422386161693499,-0.04243148216672178
2160,25.000000000000004,-0.04228864989774051,3.7595787873635167e-6,0.0019389633280089433,0.007645532908890945,0.04228864989774051,-0.042202974810275566
2161,10.000000000000002,-0.042375678447549726,1.0520869087941991e-5,0.0032435889209241654,0.025606587995839196,0.042375678447549726,-0.04230706764152789
2162,4.000000000000001,-0.042261819124528185,0.0001322685372331004,0.011500805938415811,0.0032456869784408247,0.042261819124528185,-0.042768796758790875
2163,10.000000000000002,-0.04219106550389131,1.6946183202994648e-5,0.004116574207152672,0.008214657696744563,0.04219106550389131,-0.04234541916912391
2164,4.000000000000001,-0.042443288007406335,5.5766677148346985e-5,0.00746770896248287,0.005995943135340397,0.042443288007406335,-0.042490682002658674
2165,10.000000000000002,-0.042388735239442005,1.0501527725053413e-5,0.0032406060737234653,0.009043322444961917,0.042388735239442005,-0.04232715828977135
2166,4.000000000000001,-0.042279231738709046,1.400773849712392e-5,0.003742691344089694,0.0019183683281302922,0.042279231738709046,-0.04222466902542678
2167,10.000000000000002,-0.04230858056693108,7.897248813874561e-6,0.0028102044078455505,0.0029719223972094013,0.04230858056693108,-0.04211772040613172
2168,25.000000000000004,-0.04234219728375872,7.900332813426766e-6,0.002810753068739189,0.02262500458282873,0.04234219728375872,-0.041841420001368305
2169,10.000000000000002,-0.042367818556852066,1.9646794793527377e-5,0.004432470506785959,0.027154857238136435,0.042367818556852066,-0.04176760434901681
2170,4.000000000000001,-0.041847237685962616,0.0006008676077869544,0.024512601000035765,0.006852929377359479,0.041847237685962616,-0.04499602060901473
2171,10.000000000000002,-0.04187977769102939,5.0997478302892654e-5,0.007141251872248496,0.006715598160132594,0.04187977769102939,-0.04245877423339694
2172,25.000000000000004,-0.042041519231100895,1.5130818647100329e-5,0.0038898352981971266,0.03843911175624536,0.042041519231100895,-0.04207729020127815
2173,10.000000000000002,-0.04247362368731743,6.128569022459285e-5,0.00782851775399359,0.011445777086107597,0.04247362368731743,-0.042569328727944895
2174,4.000000000000001,-0.04281780031549029,0.00017637883651186998,0.01328076942469336,0.02995272954386325,0.04281780031549029,-0.043022112942522825
2175,1.6000000000000005,-0.04288692807318072,0.0002462073942988863,0.01569099723723404,0.018412599529755578,0.04288692807318072,-0.04269648304546249
2176,4.000000000000001,-0.04256413569032435,5.9605666359825875e-5,0.007720470604815867,0.003256334902283288,0.04256413569032435,-0.04249176087947045
2177,10.000000000000002,-0.042306010971063436,1.3579517076688563e-5,0.0036850396302738134,0.010695300366852638,0.042306010971063436,-0.042240761955260456
2178,4.000000000000001,-0.042220982351707535,1.552155615174399e-5,0.003939740619856083,0.002218762045532712,0.042220982351707535,-0.04207319529232894
2179,10.000000000000002,-0.042170898032543855,1.2220229496545589e-5,0.003495744483875443,0.002479259672923463,0.042170898032543855,-0.04190818269066213
2180,25.000000000000004,-0.0421298483187558,8.740417937926731e-6,0.0029564197837801606,0.04819373837651593,0.0421298483187558,-0.041801834289277355
2181,10.000000000000002,-0.0421949390260602,9.300405329552886e-5,0.009643860912286575,0.007728285879149374,0.0421949390260602,-0.04293832092444619
2182,25.000000000000004,-0.04227594488475959,1.723991738613056e-5,0.004152097949968252,0.017162088453467107,0.04227594488475959,-0.04211233257259742
2183,10.000000000000002,-0.04227425799062068,4.131416413644637e-5,0.00642760951959952,0.03275657371250321,0.04227425799062068,-0.042370824799421156
2184,4.000000000000001,-0.042516060678575864,0.0003315012703909156,0.01820717634315974,0.014518107002084321,0.042516060678575864,-0.04352211758859817
2185,10.000000000000002,-0.042411569103768566,3.889787974871331e-5,0.006236816475471545,0.010217493552074563,0.042411569103768566,-0.042355179960311476
2186,4.000000000000001,-0.042171473829278744,0.00011174921504732962,0.010571150128880472,0.009234235376297938,0.042171473829278744,-0.0427473629438218
2187,10.000000000000002,-0.04215527563626696,1.9989787471957577e-5,0.004470994013858393,0.011638456194952905,0.04215527563626696,-0.04228607766527769
2188,4.000000000000001,-0.04220820378575449,2.339536584224438e-5,0.00483687562815547,0.0018676042695909708,0.04220820378575449,-0.042104185271662785
2189,10.000000000000002,-0.042254381889979827,1.5659836500389525e-5,0.003957251129305484,0.014120491773264935,0.042254381889979827,-0.04222715443271546
2190,4.000000000000001,-0.04217320416773193,5.131593166633525e-5,0.007163513918904273,0.017545946336002153,0.04217320416773193,-0.04236543206441614
2191,1.6000000000000005,-0.04196443250519724,6.596133487618025e-5,0.008121658382139713,0.017497765290156897,0.04196443250519724,-0.042153296875281396
2192,0.6400000000000002,-0.041738632574925286,7.276274222577092e-5,0.008530107984414437,0.022591141081322333,0.041738632574925286,-0.042031510825453255
2193,0.2560000000000001,-0.04051469634058983,0.013044226296311703,0.11421132297767898,0.010805665822881375,0.04051469634058983,-0.04813587650968259
2194,0.6400000000000002,-0.04307327496135932,0.003043001960951445,0.05516341143322669,0.005939330233621422,0.04307327496135932,-0.04482569850880636
2195,1.6000000000000005,-0.04360149990761009,0.0005606280421726175,0.023677585226805065,0.005989954943167806,0.04360149990761009,-0.04254938558756061
2196,4.000000000000001,-0.042907653893463245,0.0001607946771377952,0.01268048410502514,0.01735655619163624,0.042907653893463245,-0.041885790961576644
2197,1.6000000000000005,-0.04148912134664492,0.0007404969441263385,0.02721207349920874,0.0071603013646639475,0.04148912134664492,-0.04298972107267298
2198,4.000000000000001,-0.041606772317817994,0.00020028661681426065,0.014152265430462383,0.018012095929845606,0.041606772317817994,-0.0412385872923287
2199,1.6000000000000005,-0.041776667095754914,0.0012028919538511133,0.03468273279098856,0.005064325508036937,0.041776667095754914,-0.0441903927110912
2200,4.000000000000001,-0.042199163027584245,0.00011231974442656232,0.010598100982089307,0.005529533550470945,0.042199163027584245,-0.04212676888429144
2201,10.000000000000002,-0.04229757015711335,2.4896629934284782e-5,0.004989652285909789,0.0034948763422714747,0.04229757015711335,-0.042026310351556816
2202,25.000000000000004,-0.04226202465738466,1.0027669956208671e-5,0.0031666496421626235,0.0028935060029961824,0.04226202465738466,-0.04166310228962408
2203,62.50000000000001,-0.04211794773291518,5.230548417508966e-6,0.002287039225179351,0.015968760486151472,0.04211794773291518,-0.04148125130382012
2204,25.000000000000004,-0.04183641256130091,2.5179676409048595e-5,0.005017935472786452,0.018364531052408675,0.04183641256130091,-0.04203154530211408
2205,10.000000000000002,-0.04181695658538591,4.599232403286636e-5,0.006781764079711588,0.035508370788659406,0.04181695658538591,-0.04207876064339645
2206,4.000000000000001,-0.041525340234021414,0.0012777844429171248,0.03574611087820778,0.007097763444967666,0.041525340234021414,-0.04762139894180122
2207,10.000000000000002,-0.041834282608457375,0.00010460581484453095,0.010227698413843212,0.017270774210650645,0.041834282608457375,-0.042731038174499504
2208,4.000000000000001,-0.04166236104680358,0.0002841100560009276,0.016855564541151613,0.016251551016265884,0.04166236104680358,-0.04333743038319528
2209,10.000000000000002,-0.0420461901712397,3.5480180385067146e-5,0.005956524186559402,0.01152210334403979,0.0420461901712397,-0.04229428542979827
2210,4.000000000000001,-0.0426056668106393,0.0001439772405784108,0.011999051653293723,0.005994780293648126,0.0426056668106393,-0.04276595286231001
2211,10.000000000000002,-0.042395639005088546,3.57591279160554e-5,0.005979893637520269,0.025890233702620377,0.042395639005088546,-0.04201547898611426
2212,4.000000000000001,-0.042220983998488865,0.00022583861117771406,0.015027927707362517,0.00471872275468041,0.042220983998488865,-0.04298911611266311
2213,10.000000000000002,-0.04198629013780795,2.8685434050440068e-5,0.0053558784573998755,0.013879972976486727,0.04198629013780795,-0.042183024351068056
2214,4.000000000000001,-0.04204794909513524,6.905784066784439e-5,0.008310104732663987,0.01345456336364117,0.04204794909513524,-0.04239684475784366
2215,1.6000000000000005,-0.04210493102040778,0.00020050455677661944,0.014159963162968308,0.011043012550294037,0.04210493102040778,-0.0424948852447729
2216,4.000000000000001,-0.04213148292509418,4.267922792731496e-5,0.006532934097885495,0.0071163581847786895,0.04213148292509418,-0.042330335311370565
2217,10.000000000000002,-0.0422393378840707,2.0896245837697304e-5,0.00457124117037127,0.016389543272581575,0.0422393378840707,-0.04203069764025274
2218,4.000000000000001,-0.042202983210968596,0.00014754251963607616,0.012146708181070135,0.0036880162558855893,0.042202983210968596,-0.04272239971999959
2219,10.000000000000002,-0.04221317882229451,3.2162953995630155e-5,0.005671239194006029,0.018604730874441137,0.04221317882229451,-0.04193441178139072
2220,4.000000000000001,-0.042113261114072695,0.00020275079056903333,0.01423905862650454,0.00709541728905468,0.042113261114072695,-0.04294239475944709
2221,10.000000000000002,-0.04224186331052746,1.7320802647489594e-5,0.004161826840161613,0.012965627241775815,0.04224186331052746,-0.04224971089082444
2222,4.000000000000001,-0.04221950639534935,4.529193920952856e-5,0.00672992861845715,0.0076925108481156025,0.04221950639534935,-0.042319597313115596
2223,10.000000000000002,-0.04224479727948415,9.740848751587e-6,0.0031210332826785104,0.007102803073226148,0.04224479727948415,-0.04222799861540531
2224,4.000000000000001,-0.04228536362461285,1.749073491366229e-5,0.0041821925964333935,0.001036893038225031,0.04228536362461285,-0.04227359064216498
2225,10.000000000000002,-0.04231220797229628,3.674785274292441e-6,0.0019169729456339339,0.0014876144252229133,0.04231220797229628,-0.04219978476541954
2226,25.000000000000004,-0.04226439109950205,3.359530442184676e-6,0.0018329021911124106,0.01078885359273869,0.04226439109950205,-0.0420845978096769
2227,10.000000000000002,-0.04224264599901224,3.463615748207667e-5,0.005885249143585738,0.006016996216284749,0.04224264599901224,-0.04253078339833884
2228,25.000000000000004,-0.04219784852198716,3.4614864898393625e-5,0.005883439886528427,0.07422324913382107,0.04219784852198716,-0.04131859337644289
2229,10.000000000000002,-0.042266369875211755,0.0001992509447098096,0.014115627676791762,0.004499464631532046,0.042266369875211755,-0.04426981128069176
2230,25.000000000000004,-0.04221371997439028,1.8484627065217074e-5,0.004299375194748311,0.046296176703047566,0.04221371997439028,-0.04211326074475249
2231,10.000000000000002,-0.04218368929659007,5.047854233949584e-5,0.007104825285641853,0.01538110690642746,0.04218368929659007,-0.042623360514794435
2232,4.000000000000001,-0.04230653471735084,4.848786925783414e-5,0.006963323147595129,0.01661789935493738,0.04230653471735084,-0.042428411972185325
2233,1.6000000000000005,-0.042257882007189634,5.034860599682512e-5,0.007095675161450468,0.009576498499498726,0.042257882007189634,-0.042181596158076165
2234,0.6400000000000002,-0.041156702491522625,0.004761059035215854,0.06900042779009312,0.005234806552239334,0.041156702491522625,-0.046195805862399096
2235,1.6000000000000005,-0.0426392865453387,0.0005932402014342525,0.024356522769768522,0.004530243104042685,0.0426392865453387,-0.04312302241816803
2236,4.000000000000001,-0.04254941289088907,9.52153092301127e-5,0.009757833224139091,0.003440231409788306,0.04254941289088907,-0.04234935072558292
2237,10.000000000000002,-0.042354325716841924,2.783655370479567e-5,0.005276035794495302,0.010997965613642758,0.042354325716841924,-0.0420320082685195
2238,4.000000000000001,-0.041844136133466416,0.0001281475782441608,0.011320228718721227,0.005328970537260825,0.041844136133466416,-0.04256408145125148
2239,10.000000000000002,-0.04204376709750309,1.797715118826103e-5,0.004239947073757057,0.0037817128509122855,0.04204376709750309,-0.04211197837555625
2240,25.000000000000004,-0.04214708887593421,6.871231078392363e-6,0.002621303316747675,0.014067016611836586,0.04214708887593421,-0.041925649221534855
2241,10.000000000000002,-0.04215702903851759,4.3129433250368605e-5,0.006567300301521821,0.00931930063751624,0.04215702903851759,-0.042373254856590964
2242,4.000000000000001,-0.04241105254013648,5.379835721230222e-5,0.007334736342384927,0.017316433195201042,0.04241105254013648,-0.0421285462011626
2243,1.6000000000000005,-0.0428162585001734,0.0015261814078705365,0.03906637182885732,0.005371394197974556,0.0428162585001734,-0.045614808753856845
2244,4.000000000000001,-0.04286174041470699,0.00019540145725672846,0.013978607128635115,0.0186916313316455,0.04286174041470699,-0.0424672509737453
2245,1.6000000000000005,-0.0420580065358032,0.00024122478615239053,0.01553141288332747,0.018391348133401573,0.0420580065358032,-0.04184956406237426
2246,4.000000000000001,-0.041886277689975826,0.00014810261534852224,0.012169741794652926,0.005711535493326888,0.041886277689975826,-0.04255917527113335
2247,10.000000000000002,-0.04206628480596087,3.921331795540542e-5,0.006262053812880038,0.027494610122243964,0.04206628480596087,-0.041708681670002114
2248,4.000000000000001,-0.04242080329971858,0.0002767788759213698,0.01663667262169241,0.009626149314426046,0.04242080329971858,-0.043252802279161326
2249,10.000000000000002,-0.04239432289285209,2.0155091068781584e-5,0.004489442177908251,0.012946459389388296,0.04239432289285209,-0.04219202761238718
2250,4.000000000000001,-0.04204413663868087,3.9747536698317655e-5,0.006304564750902132,0.022970564647119513,0.04204413663868087,-0.042248362824334834
2251,1.6000000000000005,-0.041863892289644655,0.0004936625240734274,0.022218517593967143,0.006622580248243932,0.041863892289644655,-0.04325684632802953
2252,4.000000000000001,-0.04205824551204003,4.586119436955421e-5,0.006772089365148263,0.0024975235713419783,0.04205824551204003,-0.042440181071653156
2253,10.000000000000002,-0.04221785940526617,2.63494495525957e-5,0.005133171490666924,0.012417798127870784,0.04221785940526617,-0.04201233030850052
2254,4.000000000000001,-0.04236002571544449,2.81718614879834e-5,0.00530771716352552,0.01794151852404993,0.04236002571544449,-0.04165597173963007
2255,1.6000000000000005,-0.04274628012862328,0.00114715771180478,0.0338697167364119,0.012770739517760655,0.04274628012862328,-0.04432730297406642
2256,4.000000000000001,-0.04244801958860686,0.00010113168390704543,0.010056425006285556,0.004842649607729668,0.04244801958860686,-0.04245294474103577
2257,10.000000000000002,-0.042167673230210596,2.6950079869616405e-5,0.00519134663354475,0.005176777855186849,0.042167673230210596,-0.042033728387155564
2258,25.000000000000004,-0.04215544802479048,1.84831780803917e-5,0.004299206680352981,0.027177350074916923,0.04215544802479048,-0.041405765043000725
2259,10.000000000000002,-0.0421548192113288,9.262956657372055e-5,0.009624425519152848,0.025309968754933417,0.0421548192113288,-0.04242969402143605
2260,4.000000000000001,-0.0419717000293915,0.00031778898488650536,0.0178266369483003,0.01821668095202919,0.0419717000293915,-0.04340197979842199
2261,10.000000000000002,-0.04200233563326987,5.222167716740802e-5,0.007226456750538815,0.021138690121805786,0.04200233563326987,-0.04264470453404343
2262,4.000000000000001,-0.0422255431363682,0.00022702462390020812,0.015067336323989324,0.0030923244727777263,0.0422255431363682,-0.04323783891642169
2263,10.000000000000002,-0.0422162946325581,3.608470379763984e-5,0.006007054502636033,0.010501725124240885,0.0422162946325581,-0.042217856605720534
2264,4.000000000000001,-0.042114801716681874,0.00013087983695031873,0.011440272590734836,0.005307039957880944,0.042114801716681874,-0.04260992217725507
2265,10.000000000000002,-0.042107163473331634,2.349842036539018e-5,0.004847516927808523,0.013711562385513376,0.042107163473331634,-0.042095267993889844
2266,4.000000000000001,-0.042383938614596495,0.00014194374233527588,0.011914014534793715,0.00474924565706126,0.042383938614596495,-0.0427038848612306
2267,10.000000000000002,-0.04236334785919568,1.1921059766633184e-5,0.00345268877349714,0.011592497031782013,0.04236334785919568,-0.04224160392435949
2268,4.000000000000001,-0.04214179666782776,1.7022197470696913e-5,0.0041257965861996775,0.006387297352492017,0.04214179666782776,-0.042157661582259094
2269,1.6000000000000005,-0.04230286019155903,0.0004708693871708244,0.021699525044821245,0.00968434974288668,0.04230286019155903,-0.04296519263138126
2270,4.000000000000001,-0.04241031579188227,4.8737218042820105e-5,0.006981204626912186,0.004615755688874818,0.04241031579188227,-0.0424056629401562
2271,10.000000000000002,-0.04236334253782884,2.1279958643600636e-5,0.0046130205552978665,0.026249807420074146,0.04236334253782884,-0.042036449840001294
2272,4.000000000000001,-0.04213014940149726,0.00012600867414327738,0.011225358530723078,0.0036111623340564724,0.04213014940149726,-0.04270318306570963
2273,10.000000000000002,-0.04215889826206189,1.595359572314236e-5,0.003994195253507565,0.004136776826227612,0.04215889826206189,-0.042233372798291036
2274,25.000000000000004,-0.042196290203226114,7.756853105970242e-6,0.002785112763600469,0.02249176292786877,0.042196290203226114,-0.04194043837634371
2275,10.000000000000002,-0.042320807081537785,6.320478954135086e-5,0.007950143995007314,0.004478620926265246,0.042320807081537785,-0.042637423501903866
2276,25.000000000000004,-0.04228867405215468,7.476686337487517e-6,0.0027343530016235135,0.011925850860596587,0.04228867405215468,-0.04214806196835059
2277,10.000000000000002,-0.04210700904876184,9.377260670965355e-6,0.0030622313222494076,0.016006167816252775,0.04210700904876184,-0.04196752461872101
2278,4.000000000000001,-0.04214411108357761,0.00030707522698254146,0.017523562051778782,0.0031479198102000077,0.04214411108357761,-0.043499032048879935
2279,10.000000000000002,-0.04238674812642373,5.030769228927962e-5,0.007092791572383868,0.043548431740061566,0.04238674812642373,-0.042080385427197387
2280,4.000000000000001,-0.042412480616893435,0.0001630978836109893,0.012770978177531637,0.007887901206958942,0.042412480616893435,-0.0429404561943234
2281,10.000000000000002,-0.04230709825832668,1.852817299620928e-5,0.004304436431893178,0.002433975356211575,0.04230709825832668,-0.04226612451300499
2282,25.000000000000004,-0.04226232028170018,7.034109886396032e-6,0.0026521896399760016,0.02198816553612493,0.04226232028170018,-0.04208391854429684
2283,10.000000000000002,-0.0422170838739687,3.6326889173896206e-5,0.006027179205390877,0.005179485214421462,0.0422170838739687,-0.042556979843366684
2284,25.000000000000004,-0.04217318908947861,4.4261484093491195e-6,0.0021038413460499152,0.01049268614728317,0.04217318908947861,-0.04224491865431057
2285,10.000000000000002,-0.04225717031428865,5.638225484110584e-6,0.002374494785024929,0.024984190402408075,0.04225717031428865,-0.042127950448968096
2286,4.000000000000001,-0.04248122385175544,0.00019034272064875232,0.013796474935604106,0.008804162444861882,0.04248122385175544,-0.04303128084257546
2287,10.000000000000002,-0.042427865124226506,2.7511182890347843e-5,0.005245110379233963,0.024147059153566842,0.042427865124226506,-0.042223169432695655
2288,4.000000000000001,-0.042141701156451675,8.171525591700514e-5,0.009039649103643634,0.016745002365234834,0.042141701156451675,-0.04247390264134758
2289,1.6000000000000005,-0.04195197068431043,0.0001799089086858077,0.013413012662553021,0.008910027407748222,0.04195197068431043,-0.04266938006228701
2290,4.000000000000001,-0.04233557829966236,4.558087592499593e-5,0.006751361042411814,0.015029205402548897,0.04233557829966236,-0.04228488343083468
2291,1.6000000000000005,-0.04228972282199532,0.00032892157028934085,0.018136195033394982,0.0018361260685364777,0.04228972282199532,-0.042770841700183915
2292,4.000000000000001,-0.04231079526107912,5.071087191788156e-5,0.007121156641858228,0.007732479657677133,0.04231079526107912,-0.0422733327080624
2293,10.000000000000002,-0.042281281357584556,2.230483203988234e-5,0.004722799174206155,0.020687241848868377,0.042281281357584556,-0.042035822733318184
2294,4.000000000000001,-0.04229630520808441,0.00014024224092325333,0.011842391689319068,0.002796524422169076,0.04229630520808441,-0.042753188111173776
2295,10.000000000000002,-0.04221876441767037,1.4755187192142184e-5,0.003841248129468101,0.0044626839103305005,0.04221876441767037,-0.042294247425375006
2296,25.000000000000004,-0.042217843842333944,1.0580954570405033e-5,0.003252837925628179,0.019733176363240786,0.042217843842333944,-0.04190924983954176
2297,10.000000000000002,-0.042177301162950605,6.673667012298205e-5,0.008169251503227334,0.006808450765766479,0.042177301162950605,-0.04274238504699691
2298,25.000000000000004,-0.042233614885583505,5.260358202207364e-6,0.002293547078698705,0.008244628130781815,0.042233614885583505,-0.0422127568096806
2299,10.000000000000002,-0.04236439948648871,2.313562847004278e-5,0.004809950984162186,0.004434628219917806,0.04236439948648871,-0.04243975838910412
2300,25.000000000000004,-0.042319866801375686,4.5545024515966245e-6,0.0021341280307415073,0.007491564378930124,0.042319866801375686,-0.04220679066254732
2301,10.000000000000002,-0.04224696315515177,9.031147278936522e-6,0.0030051867294623347,0.01748990623119826,0.04224696315515177,-0.042179932925209926
2302,4.000000000000001,-0.04222272567444123,0.00019064467665081975,0.013807413829201316,0.019862081300062808,0.04222272567444123,-0.04294858832722001
2303,1.6000000000000005,-0.042370500967872385,0.0005622064248169256,0.023710892535223668,0.005496035518188724,0.042370500967872385,-0.04325419068957513
2304,4.000000000000001,-0.042317115275060754,7.241967293341747e-5,0.00850997490791938,0.009527706659256369,0.042317115275060754,-0.0424137204422327
2305,10.000000000000002,-0.04229648554345046,2.020618164607419e-5,0.004495128657343879,0.004322107673310838,0.04229648554345046,-0.04219352779722923
2306,25.000000000000004,-0.04215559297380801,1.8642172480796513e-5,0.004317658217228005,0.017023244858832012,0.04215559297380801,-0.04153814781501884
2307,10.000000000000002,-0.04225671885755785,0.00011858719425048935,0.010889774756646224,0.005209369828656437,0.04225671885755785,-0.04294522078317336
2308,25.000000000000004,-0.042179633948564416,8.666389591621575e-6,0.002943873229543279,0.00975010745018333,0.042179633948564416,-0.04209011148149477
2309,10.000000000000002,-0.04224349731362783,5.7677933856105343e-5,0.007594598992448867,0.00619716787491402,0.04224349731362783,-0.04265738319482906
2310,25.000000000000004,-0.042218069680346616,6.9521156413315645e-6,0.0026366864890106983,0.006272194702103179,0.042218069680346616,-0.042217086919813365
2311,10.000000000000002,-0.04233122976560444,2.4636619395658857e-5,0.004963528925639384,0.010864557256010014,0.04233122976560444,-0.04238710913724095
2312,4.000000000000001,-0.042205300964833256,0.0002538849501213088,0.01593376760597784,0.0074074470450051265,0.042205300964833256,-0.04308722453248691
2313,10.000000000000002,-0.042237180106228615,2.1946839501733686e-5,0.00468474540415311,0.0016084090110584641,0.042237180106228615,-0.042418884000577216
2314,25.000000000000004,-0.042151262571317114,9.069018326426488e-6,0.0030114810851849107,0.013254540953464608,0.042151262571317114,-0.04203733731241594
2315,10.000000000000002,-0.04205424346392056,1.3783285276566098e-5,0.0037125847164160577,0.012377840386201218,0.04205424346392056,-0.04185399725333208
2316,4.000000000000001,-0.042665492248219014,0.0003341102083030406,0.018278681798834417,0.008363855042087448,0.042665492248219014,-0.0437174428416817
2317,10.000000000000002,-0.04242863725264415,3.6466393461090945e-5,0.006038741049348858,0.019483928864004216,0.04242863725264415,-0.042398662508799034
2318,4.000000000000001,-0.04221199323056543,0.0001087644985456935,0.010429021936197732,0.00411287525203807,0.04221199323056543,-0.04265374195078435
2319,10.000000000000002,-0.042220909599106224,1.7362151773497078e-5,0.004166791544281652,0.0017170156036292118,0.042220909599106224,-0.04221041859607871
2320,25.000000000000004,-0.04219221220130743,5.5600520804425274e-6,0.002357976267998159,0.012787624277889873,0.04219221220130743,-0.04209661993851777
2321,10.000000000000002,-0.04233443680088406,3.114190017437889e-5,0.0055804928254034065,0.010493017035397506,0.04233443680088406,-0.042328170123695025
2322,4.000000000000001,-0.04251258458283164,0.00019287877037007598,0.013888080154221317,0.004784610958790763,0.04251258458283164,-0.043026796285140986
2323,10.000000000000002,-0.04235471399673478,1.7663749963277956e-5,0.004202826425547212,0.006390009783376633,0.04235471399673478,-0.042388549492438546
2324,4.000000000000001,-0.04202479726021945,2.5055626942233595e-5,0.0050055596033044695,0.009090901226176479,0.04202479726021945,-0.04228519314434829
2325,1.6000000000000005,-0.04169144436052756,3.0784864119359274e-5,0.005548410954440855,0.015249514521993163,0.04169144436052756,-0.04214510569914795
2326,0.6400000000000002,-0.043243571777827415,0.0029415528911760193,0.05423608476997597,0.005374203276572852,0.043243571777827415,-0.04463263017836492
2327,1.6000000000000005,-0.043103497253756846,0.0003688619937419459,0.01920578021695411,0.0062150461564075814,0.043103497253756846,-0.04281312346925712
2328,4.000000000000001,-0.04258739649503555,7.642689009255494e-5,0.008742247428010427,0.007418280969317412,0.04258739649503555,-0.042178645022578815
2329,10.000000000000002,-0.04228504088189505,3.385449750724667e-5,0.005818461781884166,0.020433123604904034,0.04228504088189505,-0.04172453149102261
2330,4.000000000000001,-0.04197545825319649,0.0001439418358311129,0.011997576248189168,0.013498261450838723,0.04197545825319649,-0.042185812354632986
2331,10.000000000000002,-0.0419418271381868,2.3864484665657096e-5,0.004885128930300315,0.011516116649372068,0.0419418271381868,-0.042093947707721825
2332,4.000000000000001,-0.041902679885626126,9.947896459960799e-5,0.009973914206549403,0.01258738284141839,0.041902679885626126,-0.04226305291848262
2333,1.6000000000000005,-0.04311439853501769,0.0013202084303121477,0.036334672563711756,0.004572752771048902,0.04311439853501769,-0.04475886985871776
2334,4.000000000000001,-0.04268937468076411,0.00011678878614508652,0.010806886052193135,0.004383401224807997,0.04268937468076411,-0.04249858402708499
2335,10.000000000000002,-0.0423399096336139,2.917556973004277e-5,0.005401441449283956,0.017259353852397782,0.0423399096336139,-0.042040580905121326
2336,4.000000000000001,-0.04191980919566629,0.00011056832651923994,0.010515147479671407,0.0072169492940908735,0.04191980919566629,-0.042621770474816086
2337,10.000000000000002,-0.04199305098975325,1.2679346899407857e-5,0.00356080705731269,0.0021946699733201426,0.04199305098975325,-0.0422638513217654
2338,25.000000000000004,-0.042118699590727504,7.575765123932464e-6,0.0027524107840096223,0.016200729520944788,0.042118699590727504,-0.04197582937795103
2339,10.000000000000002,-0.04229307604577862,1.7825809241598112e-5,0.00422206220247856,0.021529931326580876,0.04229307604577862,-0.04190547524039691
2340,4.000000000000001,-0.04273542752739833,0.00042962516283870286,0.020727401256276746,0.004678224213152007,0.04273542752739833,-0.04391462298748201
2341,10.000000000000002,-0.04250910569264164,5.747726729651304e-5,0.007581376345790587,0.016985043759017503,0.04250910569264164,-0.042024345835270906
2342,4.000000000000001,-0.042153460444514984,0.0002321451887539348,0.015236311520638281,0.004200713551894149,0.042153460444514984,-0.043008735075689176
2343,10.000000000000002,-0.04214939917411989,2.8860844279611095e-5,0.005372228986148217,0.018733384578768095,0.04214939917411989,-0.042157594899158254
2344,4.000000000000001,-0.04221122732640727,0.0001502235920191814,0.012256573420788593,0.003919296261091413,0.04221122732640727,-0.042796490606322485
2345,10.000000000000002,-0.0422276459039888,1.3382911821679222e-5,0.003658266231656633,0.0026863945951055026,0.0422276459039888,-0.042305314613119795
2346,25.000000000000004,-0.04218489467506611,1.2477390761504388e-5,0.0035323350296233777,0.023633659369651935,0.04218489467506611,-0.04186457189745598
2347,10.000000000000002,-0.04241827710598634,6.669980643796996e-5,0.00816699494538658,0.031098321617015295,0.04241827710598634,-0.04274036066178043
2348,4.000000000000001,-0.042616083895687405,0.0002213728535110237,0.014878603883127735,0.0068264876005862275,0.042616083895687405,-0.043100675062514554
2349,10.000000000000002,-0.04241352311913385,2.7570294079615174e-5,0.005250742240827974,0.00417738241352495,0.04241352311913385,-0.04230912382723991
2350,25.000000000000004,-0.04227351996650107,7.585289069973489e-6,0.00275414035044939,0.013563312661914049,0.04227351996650107,-0.04211857779727163
2351,10.000000000000002,-0.042067609156933715,1.4975745553888239e-5,0.0038698508438812264,0.020594826625596602,0.042067609156933715,-0.042244269465432985
2352,4.000000000000001,-0.042059810684779805,0.00015265305792681725,0.012355284615370754,0.00533971067290297,0.042059810684779805,-0.043061979654234125
2353,10.000000000000002,-0.04215230022875107,3.202948645916187e-5,0.005659459908786515,0.011919471925556691,0.04215230022875107,-0.0422125642352598
2354,4.000000000000001,-0.04223741463753745,0.00011636855392289553,0.010787425731975888,0.003541559398916888,0.04223741463753745,-0.04270337312475186
2355,10.000000000000002,-0.04222031346364368,1.6536976580220593e-5,0.004066568157577171,0.013163419543777007,0.04222031346364368,-0.04221802544384555
2356,4.000000000000001,-0.042549662728142326,6.55233799454136e-5,0.008094651317099064,0.007675028333648525,0.042549662728142326,-0.04251398612741076
2357,10.000000000000002,-0.04242516836584424,7.808761684468304e-6,0.002794416161645989,0.0028060162604485674,0.04242516836584424,-0.042264554141484556
2358,25.000000000000004,-0.04225585606288311,6.772865819622097e-6,0.002602473019960456,0.02479180190178479,0.04225585606288311,-0.04203091249830388
2359,10.000000000000002,-0.042186233820947334,4.7782317285320315e-5,0.006912475481715672,0.02149743435651424,0.042186233820947334,-0.04257700180543326
2360,4.000000000000001,-0.04216847570938593,5.7113147872480625e-5,0.007557324121174149,0.009524904485356703,0.04216847570938593,-0.042468545273603504
2361,1.6000000000000005,-0.04294168581425313,0.0008185566041526132,0.02861042824133559,0.006481576163630918,0.04294168581425313,-0.04368681289919664
2362,4.000000000000001,-0.0425882359023048,8.025792683101694e-5,0.008958678855222847,0.0035507866943521207,0.0425882359023048,-0.04250608647660026
2363,10.000000000000002,-0.04233287696174125,1.4689278942580093e-5,0.0038326595129987862,0.009925923268541186,0.04233287696174125,-0.04219544357045638
2364,4.000000000000001,-0.042243177829095785,1.9410615270605777e-5,0.00440574798083206,0.021980657971685056,0.042243177829095785,-0.04204616908353929
2365,1.6000000000000005,-0.041837376608666946,0.0005324030472160588,0.023073860691615065,0.004121416763652809,0.041837376608666946,-0.04316123592491103
2366,4.000000000000001,-0.041840267472738,4.3626461730979465e-5,0.006605033060551587,0.0013903550742661956,0.041840267472738,-0.04242111434679214
2367,10.000000000000002,-0.0419990777185001,1.666330990648659e-5,0.0040820717664547,0.012294219656048952,0.0419990777185001,-0.04212999727832867
2368,4.000000000000001,-0.042471150126262514,6.317706002239097e-5,0.007948399840369819,0.005957311165284142,0.042471150126262514,-0.04249885010325763
2369,10.000000000000002,-0.042532483056784594,1.0945089221443257e-5,0.003308336322299058,0.007817801131907751,0.042532483056784594,-0.04221114305383412
2370,4.000000000000001,-0.04224404821112824,1.2340840940015438e-5,0.003512953307406097,0.0056717344928389835,0.04224404821112824,-0.04208207868818477
2371,1.6000000000000005,-0.041855147670368326,0.0007756242458673759,0.02785003134410042,0.007514792477126519,0.041855147670368326,-0.04347242314496937
2372,4.000000000000001,-0.04207891804159313,6.047274490264372e-5,0.007776422371672189,0.010652077651139801,0.04207891804159313,-0.04233771093639453
2373,1.6000000000000005,-0.042318992318345364,0.0002412282583488001,0.015531524662723879,0.0070177136636160875,0.042318992318345364,-0.042554410879805986
2374,4.000000000000001,-0.04227423041415397,2.6147175079161508e-5,0.005113430852095441,0.013241822415034328,0.04227423041415397,-0.04229026806264777
2375,1.6000000000000005,-0.0423222136840118,2.983855643556335e-5,0.005462467980278086,0.0057992068955807505,0.0423222136840118,-0.0421804736675179
2376,4.000000000000001,-0.042264873600280015,1.9909367829687453e-5,0.004461991464546683,0.0013413337597051732,0.042264873600280015,-0.0420728976071575
2377,10.000000000000002,-0.04228271811980928,1.4933597363330599e-5,0.0038644012942926358,0.0020893567546769994,0.04228271811980928,-0.04225421545439541
2378,25.000000000000004,-0.04228957796219549,3.574357024718984e-6,0.0018905970021977142,0.012496213934040701,0.04228957796219549,-0.042139985514369434
2379,10.000000000000002,-0.042369831068752264,8.222100924975625e-6,0.0028674206048251143,0.012251378385679211,0.042369831068752264,-0.04217141672970375
2380,4.000000000000001,-0.04222813079294607,2.5915072637652534e-5,0.005090684888858525,0.010540204191452629,0.04222813079294607,-0.04226308708691
2381,1.6000000000000005,-0.04237813650595514,0.001190527775912943,0.034504025503018385,0.006381084810201717,0.04237813650595514,-0.04451449024926769
2382,4.000000000000001,-0.04248365351533523,0.0001843570689975661,0.013577815324917558,0.02264372939838983,0.04248365351533523,-0.04222295110836732
2383,1.6000000000000005,-0.04202162717976834,0.0006053169021279275,0.024603188860957182,0.00790322270460616,0.04202162717976834,-0.04324911594024262
2384,4.000000000000001,-0.04187582257897151,4.7837620625927586e-5,0.006916474580733134,0.0019165052573561733,0.04187582257897151,-0.0423514398812595
2385,10.000000000000002,-0.042027644117862036,2.431573002328609e-5,0.004931098257314094,0.026447801362372392,0.042027644117862036,-0.04197547904748887
2386,4.000000000000001,-0.042716327367349635,0.0001346134293027025,0.011602302758620914,0.009185003056783717,0.042716327367349635,-0.04262991812320035
2387,10.000000000000002,-0.04227779656366281,7.953083326909906e-5,0.00891800612632101,0.04262651806197062,0.04227779656366281,-0.04131363002497686
2388,4.000000000000001,-0.04226011404530276,0.00040131902440482595,0.020032948470078634,0.005653278707581958,0.04226011404530276,-0.04397002194609517
2389,10.000000000000002,-0.04219107470688395,3.397105086817552e-5,0.00582846899864583,0.00415927968302017,0.04219107470688395,-0.04221767496331203
2390,25.000000000000004,-0.0420457098398246,3.2108502404922404e-5,0.0056664364820336955,0.041205194539359204,0.0420457098398246,-0.04109991989070545
2391,10.000000000000002,-0.0424061530844594,0.00020387148760680395,0.014278357314719504,0.014153122736866091,0.0424061530844594,-0.04401344790357295
2392,25.000000000000004,-0.04233116978957333,1.4048856903467061e-5,0.0037481804790414058,0.013906579517101534,0.04233116978957333,-0.042077055447312044
2393,10.000000000000002,-0.0422243250915336,6.299063896618043e-5,0.00793666422158456,0.0076977211701449635,0.0422243250915336,-0.042661602916587604
2394,25.000000000000004,-0.042144435329042426,1.2410578790151885e-5,0.003522865139364816,0.027059010710486664,0.042144435329042426,-0.04204341507169276
2395,10.000000000000002,-0.04218904820000651,2.1337576064798063e-5,0.004619261419837381,0.03892201485826823,0.04218904820000651,-0.04210635866995877
2396,4.000000000000001,-0.042720296858269176,0.0004805980878753705,0.021922547476864326,0.005478794832349712,0.042720296858269176,-0.044219540669167154
2397,10.000000000000002,-0.042455927058666125,3.887464832524509e-5,0.006234953754860183,0.012182996881115717,0.042455927058666125,-0.04241064006485953
2398,4.000000000000001,-0.04218839155284919,0.00016035912066620622,0.012663298174891336,0.0038300098556464986,0.04218839155284919,-0.042877528299000905
2399,10.000000000000002,-0.042108670995606674,2.003353344324719e-5,0.0044758835377215955,0.014823074196642227,0.042108670995606674,-0.042290339564134534
2400,4.000000000000001,-0.04217361376372308,0.00010316523096277697,0.0101570286483192,0.007703569624631275,0.04217361376372308,-0.042640061819770564
2401,10.000000000000002,-0.042228705262994146,1.2197495280908109e-5,0.0034924912714147343,0.001880150522431301,0.042228705262994146,-0.04227770997013381
2402,25.000000000000004,-0.04221160427753338,5.6621958228725905e-6,0.00237953689252186,0.016873561241604714,0.04221160427753338,-0.0421136361149001
2403,10.000000000000002,-0.04220840846808783,1.0122904400650355e-5,0.0031816512066300344,0.02482798500810111,0.04220840846808783,-0.042082707193895584
2404,4.000000000000001,-0.04253873347422477,0.0002372967948517121,0.01540444075102086,0.005913007620096645,0.04253873347422477,-0.0432143003747558
2405,10.000000000000002,-0.0424008297538039,2.3173851897867627e-5,0.004813922714156058,0.004019263417244517,0.0424008297538039,-0.04235936792203346
2406,25.000000000000004,-0.042272279969065504,9.064731763150652e-6,0.0030107692975634404,0.014034409015076792,0.042272279969065504,-0.04203896035008193
2407,10.000000000000002,-0.04223475140101843,1.690324304351211e-5,0.004111355377915185,0.016017426071433638,0.04223475140101843,-0.041962505123346254
2408,4.000000000000001,-0.04222967951192783,0.0003654735328196536,0.019117362077955568,0.005529540443628579,0.04222967951192783,-0.043804344084905404
2409,10.000000000000002,-0.04227161614954403,3.2648381297108914e-5,0.005713876205966394,0.005209152580382796,0.04227161614954403,-0.04234848242367842
2410,25.000000000000004,-0.042089967984517494,1.213210484152e-5,0.003483117115676704,0.03306014107275575,0.042089967984517494,-0.04186569210730066
2411,10.000000000000002,-0.04232313535877479,5.979188737902977e-5,0.007732521411482142,0.005410356123207081,0.04232313535877479,-0.042586540634200865
2412,25.000000000000004,-0.042289625115735,6.979724910489662e-6,0.002641916900754008,0.005243792434090247,0.042289625115735,-0.04220786605211528
2413,10.000000000000002,-0.042262476816508784,3.064336915806575e-5,0.0055356453244464416,0.01086133770311931,0.042262476816508784,-0.04247575218903576
2414,4.000000000000001,-0.0422199469570457,0.00014773052661252306,0.012154444726622565,0.004762557699402115,0.0422199469570457,-0.04282865784310316
2415,10.000000000000002,-0.04227330277492135,1.747186373196379e-5,0.004179935852613505,0.0022606791059125086,0.04227330277492135,-0.04236953908032353
2416,25.000000000000004,-0.042224563567522494,6.569547921351688e-6,0.002563112935738823,0.0031175346405470897,0.042224563567522494,-0.042131950090433336
2417,62.50000000000001,-0.04224499648029604,5.59537769058101e-6,0.0023654550705056753,0.034181197090635725,0.04224499648029604,-0.04165408498977575
2418,25.000000000000004,-0.042265375230254684,2.771354780414162e-5,0.005264365850142031,0.006914472581125531,0.042265375230254684,-0.04265045186339286
2419,10.000000000000002,-0.04243015813259561,9.234928600547604e-5,0.009609853589180015,0.01442024835864296,0.04243015813259561,-0.043088626797960064
2420,4.000000000000001,-0.042412868470644516,0.0004923063532357998,0.022187977673411335,0.011357967659057257,0.042412868470644516,-0.04428143680827411
2421,10.000000000000002,-0.042087512502394606,5.773512149658859e-5,0.007598363080071167,0.007996235240128796,0.042087512502394606,-0.04264413938730901
2422,25.000000000000004,-0.04199391936661246,1.5298299005248632e-5,0.003911304003174469,0.030900966449221856,0.04199391936661246,-0.041949189370659556
2423,10.000000000000002,-0.04217036437287741,4.610453903528653e-5,0.006790032329472852,0.007867331859954361,0.04217036437287741,-0.04257935577116012
2424,25.000000000000004,-0.042276074208348176,2.273805920212943e-5,0.004768444107057294,0.05795334360897593,0.042276074208348176,-0.041630611219180366
2425,10.000000000000002,-0.04213667988218963,0.00011377110916573464,0.010666354070896701,0.017821123130865396,0.04213667988218963,-0.04291289110082554
2426,4.000000000000001,-0.04200744351813921,0.0005493160245290742,0.023437491856618836,0.019506390475308943,0.04200744351813921,-0.04423525451478641
2427,10.000000000000002,-0.04214203604665019,4.606896621977663e-5,0.0067874123360656844,0.007989317285515331,0.04214203604665019,-0.042462245958513396
2428,25.000000000000004,-0.042159765989791764,1.0623619051317294e-5,0.0032593893678597675,0.0139274103183307,0.042159765989791764,-0.04204520405630479
2429,10.000000000000002,-0.04233157400437513,4.7613817551657286e-5,0.00690027662863289,0.0051691473069777295,0.04233157400437513,-0.04251201241336225
2430,25.000000000000004,-0.04225844521683876,8.44311232420445e-6,0.002905703412980143,0.030784247894483398,0.04225844521683876,-0.04212982876185261
2431,10.000000000000002,-0.042268737442918425,1.832740924910748e-5,0.004281052352997739,0.027333019830994034,0.042268737442918425,-0.0421583574075945
2432,4.000000000000001,-0.04216886919873631,8.902347374744022e-5,0.009435225156160304,0.029064240636574246,0.04216886919873631,-0.042537969683181534
2433,1.6000000000000005,-0.04164896430352826,0.0015996635268237102,0.03999579386415164,0.0066849219343950465,0.04164896430352826,-0.04540796409045675
2434,4.000000000000001,-0.04199675429938231,0.00016258678865005815,0.012750952460504986,0.004317531145483854,0.04199675429938231,-0.04285580760727925
2435,10.000000000000002,-0.0421478178601782,3.0866472288168215e-5,0.005555760279940831,0.004538305060347982,0.0421478178601782,-0.04216582493773442
2436,25.000000000000004,-0.042231252965806675,1.1676590441346651e-5,0.0034171026383980115,0.03899211638252024,0.042231252965806675,-0.04185627327781537
2437,10.000000000000002,-0.04230405804716136,4.724434757067124e-5,0.006873452376402359,0.01602561935576086,0.04230405804716136,-0.042479708490650296
2438,4.000000000000001,-0.04274487634844329,0.00026965883638879946,0.016421292165624466,0.007466489329387257,0.04274487634844329,-0.04335389413459821
2439,10.000000000000002,-0.04246076022661471,2.6155415468880907e-5,0.005114236547998236,0.008970512714589034,0.04246076022661471,-0.042346399364164296
2440,4.000000000000001,-0.04197846352036399,3.56175956103247e-5,0.0059680478894128105,0.021482219304899918,0.04197846352036399,-0.04215887540940599
2441,1.6000000000000005,-0.04113057844116181,0.0009280151068109203,0.03046334037512827,0.006855672585959747,0.04113057844116181,-0.043894080562002
2442,4.000000000000001,-0.04156229369465249,8.893134074072453e-5,0.00943034149650608,0.006748706382150472,0.04156229369465249,-0.04254605657751898
2443,10.000000000000002,-0.04201673116310532,6.623256362009981e-5,0.008138339119261363,0.041600350518168426,0.04201673116310532,-0.04152538682859603
2444,4.000000000000001,-0.04284668104537617,0.0003314373175859301,0.01820542000575461,0.017980958498724404,0.04284668104537617,-0.043340823067910414
2445,10.000000000000002,-0.042455765142330466,2.7804153024080583e-5,0.0052729643488345895,0.009404875554005394,0.042455765142330466,-0.04216933685359097
2446,4.000000000000001,-0.04221431980369136,0.0001450588388582862,0.012044037481604174,0.008974768517588971,0.04221431980369136,-0.04264964471863638
2447,10.000000000000002,-0.04218590747322536,1.6237866988236673e-5,0.0040296236782405214,0.001999278363819148,0.04218590747322536,-0.04224196339988886
2448,25.000000000000004,-0.04219426628261661,8.829428182304176e-6,0.00297143537407499,0.02322916853905294,0.04219426628261661,-0.04191285621920172
2449,10.000000000000002,-0.04227709583800959,5.32049535841471e-5,0.007294172577074599,0.005354250785855657,0.04227709583800959,-0.042429224000211326
2450,25.000000000000004,-0.04222942003010649,8.754756422058218e-6,0.002958843764388079,0.0306838351317791,0.04222942003010649,-0.042008152855518115
2451,10.000000000000002,-0.04211103641665235,1.4080024981816002e-5,0.003752335936695434,0.011951712519141518,0.04211103641665235,-0.041871542912514076
2452,4.000000000000001,-0.04218032958945308,0.0006004157067645416,0.024503381537341773,0.006085134622666532,0.04218032958945308,-0.044648909387834175
2453,10.000000000000002,-0.04213456415089381,5.168764044725757e-5,0.007189411689926901,0.011600091751065316,0.04213456415089381,-0.04226080325726516
2454,4.000000000000001,-0.04247267116587842,0.00022889318819448542,0.015129216377409816,0.011263249343598115,0.04247267116587842,-0.04308017606003835
2455,10.000000000000002,-0.04236255756603748,2.2535745027866715e-5,0.004747182851741306,0.005274889105932838,0.04236255756603748,-0.042290415078996786
2456,25.000000000000004,-0.04235198749676967,1.4801121875215934e-5,0.003847222618359371,0.02627951334319564,0.04235198749676967,-0.04175437007132429
2457,10.000000000000002,-0.04224216995986819,8.23486513044499e-5,0.009074615766215663,0.006830676172204115,0.04224216995986819,-0.04279665987602585
2458,25.000000000000004,-0.04217202348280744,9.450649325005364e-6,0.003074190840693753,0.008857481287232714,0.04217202348280744,-0.04216884987655436
2459,10.000000000000002,-0.04199685445036093,1.233682497229466e-5,0.003512381666660766,0.03755201025641866,0.04199685445036093,-0.04191670678558244
2460,4.000000000000001,-0.04252229583327477,0.0003524043010448381,0.01877243460622085,0.031608319530425456,0.04252229583327477,-0.043660211489548045
2461,1.6000000000000005,-0.042655193226825525,0.0013192853016884643,0.03632196720565207,0.004182801770145246,0.042655193226825525,-0.04443843239642226
2462,4.000000000000001,-0.0422847125307354,0.00011389294571008113,0.010672063798070227,0.011814536719313273,0.0422847125307354,-0.042612967157037614
2463,10.000000000000002,-0.04218680398458552,3.6094513140560856e-5,0.0060078709324153145,0.014727983435597424,0.04218680398458552,-0.04196816694845064
2464,4.000000000000001,-0.04195304329997688,0.000135802625408018,0.011653438351320093,0.013031707161391437,0.04195304329997688,-0.04270407579536037
2465,10.000000000000002,-0.041998098723997485,2.036650404900963e-5,0.004512926328781541,0.0038317221766526566,0.041998098723997485,-0.04221137315897317
2466,25.000000000000004,-0.04212114948616148,7.376723782168683e-6,0.0027160124782792667,0.008855242826107427,0.04212114948616148,-0.04197440680557018
2467,10.000000000000002,-0.04225061422969926,1.2958276877171378e-5,0.0035997606694294798,0.012527932771823114,0.04225061422969926,-0.041858914075125334
2468,4.000000000000001,-0.04263709181817269,1.665435463917742e-5,0.004080974716802031,0.01129282248709759,0.04263709181817269,-0.041824359923824064
2469,1.6000000000000005,-0.04419524160904469,0.0029650406801469665,0.05445218710159369,0.012251964041465753,0.04419524160904469,-0.047505101120090765
2470,4.000000000000001,-0.04332669882775303,0.0002754213816367615,0.01659582422288093,0.013265329055549627,0.04332669882775303,-0.04298115308469593
2471,10.000000000000002,-0.04236026840098618,5.789449973533576e-5,0.007608843521543583,0.044868999819748415,0.04236026840098618,-0.04174098815019123
2472,4.000000000000001,-0.04096995957499167,0.0002579555997166136,0.01606099622428863,0.017537317756513474,0.04096995957499167,-0.04299272470969412
2473,10.000000000000002,-0.04149137833124892,3.653848212468549e-5,0.006044706951100731,0.020204139537757772,0.04149137833124892,-0.041945060307650786
2474,4.000000000000001,-0.04187657488903185,4.8608838947316564e-5,0.006972003940569495,0.013005491716828336,0.04187657488903185,-0.04163133351569577
2475,1.6000000000000005,-0.04331613047728569,0.0017138703429363696,0.041398917171061006,0.008613350348102454,0.04331613047728569,-0.04529983680915722
2476,4.000000000000001,-0.04322851762272165,0.00017216133196538443,0.013121026330488955,0.016469485068260698,0.04322851762272165,-0.04263813148883384
2477,1.6000000000000005,-0.04216739184475714,0.00048202224030469924,0.021955004903317584,0.005264194821942811,0.04216739184475714,-0.04297262957105334
2478,4.000000000000001,-0.0419184232374213,7.950261626766492e-5,0.008916423961861892,0.0019348512649349158,0.0419184232374213,-0.042222365413936154
2479,10.000000000000002,-0.04190937253302844,3.8982060289998485e-5,0.00624356150686437,0.014522477148262459,0.04190937253302844,-0.04162165836179355
2480,4.000000000000001,-0.042334470108011224,0.0002559024956925154,0.01599695270020248,0.014126636936236494,0.042334470108011224,-0.04295631210125213
2481,10.000000000000002,-0.04216126014840701,4.572179768049741e-5,0.006761789532401715,0.02721435138083948,0.04216126014840701,-0.04183950968036142
2482,4.000000000000001,-0.04210713242121906,0.00028523549481962863,0.016888916330529576,0.004792792837162467,0.04210713242121906,-0.04310257607253255
2483,10.000000000000002,-0.0422848995942348,2.9770500633231276e-5,0.005456235023643252,0.007234002036914213,0.0422848995942348,-0.042112535122082094
2484,4.000000000000001,-0.04237295138132898,0.000163934566595645,0.012803693474761296,0.005489701476681702,0.04237295138132898,-0.042720057152101636
2485,10.000000000000002,-0.04232163930596308,1.783004403763988e-5,0.004222563680708662,0.0030621524806428,0.04232163930596308,-0.04224836608845075
2486,25.000000000000004,-0.04215598363152528,9.120670671682038e-6,0.0030200448128599082,0.022602712482859458,0.04215598363152528,-0.04190871320481872
2487,10.000000000000002,-0.04222515560452994,4.887311421089136e-5,0.006990930854392093,0.01848289003590904,0.04222515560452994,-0.042443094489253715
2488,4.000000000000001,-0.04253471057780503,0.0001653031106063224,0.012857025729394898,0.013596198808093407,0.04253471057780503,-0.042917723921482576
2489,10.000000000000002,-0.04256620024539798,3.2693225778853486e-5,0.00571779903274446,0.018951596193900747,0.04256620024539798,-0.04216626519952103
2490,4.000000000000001,-0.04201895493416432,6.802138271715691e-5,0.008247507666995946,0.034902741955092506,0.04201895493416432,-0.04198914565937457
2491,1.6000000000000005,-0.04165521872382842,0.0013945426524020446,0.03734357578489297,0.007113921747470958,0.04165521872382842,-0.0446869532960521
2492,4.000000000000001,-0.042095112549302365,0.0001195591540437782,0.010934310862774032,0.00441179397951661,0.042095112549302365,-0.0426864887217821
2493,10.000000000000002,-0.042225058010258984,7.078321347634399e-5,0.008413276025208253,0.028955980123668186,0.042225058010258984,-0.041514798721220186
2494,4.000000000000001,-0.042216399957183834,0.0003171688330218241,0.01780923448724914,0.008282857603579614,0.042216399957183834,-0.04348108073778655
2495,10.000000000000002,-0.04226135252542306,2.8158978384346884e-5,0.005306503404723951,0.004379203440757071,0.04226135252542306,-0.042229280224130965
2496,25.000000000000004,-0.042196574284620515,9.311943746292169e-6,0.003051547762413718,0.004545427663963653,0.042196574284620515,-0.04195906923400997
2497,10.000000000000002,-0.04221104330288671,5.118413350586666e-5,0.007154308737108475,0.01861551221880147,0.04221104330288671,-0.04247207322755067
2498,4.000000000000001,-0.0421732277042008,5.889037037825524e-5,0.007674006149219275,0.022216891961257486,0.0421732277042008,-0.04220071181614267
2499,1.6000000000000005,-0.04237870928478146,0.001231094059661814,0.035086949990870024,0.010074873828568183,0.04237870928478146,-0.044526030458755125
2500,4.000000000000001,-0.04229655489521035,0.00012539242575892908,0.011197875948541719,0.005723531036315389,0.04229655489521035,-0.042638476973426175
2501,10.000000000000002,-0.04230495247129437,3.3371629119892753e-5,0.005776818252281506,0.01938351629994554,0.04230495247129437,-0.042007919728290995
2502,4.000000000000001,-0.04237139948567338,0.00014200467126506753,0.011916571288129297,0.006099546907260769,0.04237139948567338,-0.042687218588683455
2503,10.000000000000002,-0.04218734775088262,1.829588655603514e-5,0.004277369116178207,0.00366052407884603,0.04218734775088262,-0.04220777172346438
2504,25.000000000000004,-0.042120687218932015,8.022486081339197e-6,0.0028323993506105733,0.004656939777955084,0.042120687218932015,-0.04195646154870393
2505,10.000000000000002,-0.04224797842419441,4.570630400723781e-5,0.006760643756865008,0.005935100918272708,0.04224797842419441,-0.04248165007912532
2506,25.000000000000004,-0.04226330270966005,6.570071226872527e-6,0.0025632150176823887,0.009909967925634216,0.04226330270966005,-0.04212882716039581
2507,10.000000000000002,-0.04229043202190574,1.6109344949583018e-5,0.004013644845970184,0.012601701181481162,0.04229043202190574,-0.042264150797376804
2508,4.000000000000001,-0.042455703631518855,0.00025303768090089384,0.015907158165457895,0.008648428560237103,0.042455703631518855,-0.04315126161385217
2509,10.000000000000002,-0.04229548639659865,2.7860840441088496e-5,0.005278336901059698,0.0040371283282022415,0.04229548639659865,-0.042302216682912466
2510,25.000000000000004,-0.04223045773814505,8.735845743022109e-6,0.002955646417117939,0.03475873191159103,0.04223045773814505,-0.04200555191631248
2511,10.000000000000002,-0.042186090039823314,5.358285374176186e-5,0.007320030993224131,0.004669308646643017,0.042186090039823314,-0.04260148073852635
2512,25.000000000000004,-0.04216929630339253,8.790458287871952e-6,0.0029648707033987083,0.0037070551711709827,0.04216929630339253,-0.04216342626457569
2513,10.000000000000002,-0.04234581609773085,2.0156225239279886e-5,0.004489568491434326,0.020973052979277682,0.04234581609773085,-0.04229307405086953
2514,4.000000000000001,-0.04246059015586359,0.00025807584112785657,0.01606473906192866,0.007993731208146566,0.04246059015586359,-0.04323140871638445
2515,10.000000000000002,-0.042350101598851234,2.52798894634462e-5,0.00502791104370853,0.002799920347391156,0.042350101598851234,-0.042315404778795015
2516,25.000000000000004,-0.04232681089839935,6.434618101793992e-6,0.0025366549039619072,0.013925282117221743,0.04232681089839935,-0.04212312092027635
2517,10.000000000000002,-0.042229697560357965,9.459608797244796e-6,0.0030756477036950765,0.0075513034882501474,0.042229697560357965,-0.041981787384677706
2518,4.000000000000001,-0.04192774940026161,1.2148057881979128e-5,0.0034854064156105424,0.0025724554515738586,0.04192774940026161,-0.04192262746109579
2519,10.000000000000002,-0.04216497067903396,5.697938201765257e-6,0.002387035442084021,0.004040976449163055,0.04216497067903396,-0.041838690870068855
2520,4.000000000000001,-0.04222299140770002,0.00044392596788576856,0.021069550728142462,0.0053293030510351905,0.04222299140770002,-0.04413738005002346
2521,10.000000000000002,-0.04226689343190927,5.338808753740451e-5,0.007306715235822764,0.019447667881944346,0.04226689343190927,-0.04236828431642749
2522,4.000000000000001,-0.04215149320774015,0.0001477956018627473,0.012157121446409397,0.005635127242974691,0.04215149320774015,-0.04283310923127578
2523,10.000000000000002,-0.0421416509451158,2.591554581319836e-5,0.005090731363291365,0.0021028640655695575,0.0421416509451158,-0.04218755860583212
2524,25.000000000000004,-0.042149809152145244,9.57618003738025e-6,0.003094540359630207,0.0037320855214664703,0.042149809152145244,-0.04202229216787152
2525,62.50000000000001,-0.04212669710389163,4.6364450404519235e-6,0.0021532405904710053,0.023767414492425403,0.04212669710389163,-0.04174334653884029
2526,25.000000000000004,-0.042286254735176235,2.5862590542054457e-5,0.00508552755788959,0.025463683548523457,0.042286254735176235,-0.0425209610172055
2527,10.000000000000002,-0.04252137061814038,9.626369422385833e-5,0.009811406332624204,0.00987718966947316,0.04252137061814038,-0.04327045950408367
2528,25.000000000000004,-0.04234174826515668,1.7328663011465703e-5,0.004162771073631806,0.010810972826976059,0.04234174826515668,-0.04226115927869209
2529,10.000000000000002,-0.04227693450567996,5.465800246514024e-5,0.007393105062498452,0.009209716043315318,0.04227693450567996,-0.04268173193406996
2530,25.000000000000004,-0.04218799906253525,8.32450770294579e-6,0.0028852222969722435,0.004574230127321283,0.04218799906253525,-0.0422384300688888
2531,10.000000000000002,-0.04221959824089927,1.1825027926941378e-5,0.0034387538334317244,0.002248600715802674,0.04221959824089927,-0.04208777290203919
2532,25.000000000000004,-0.04217073804027502,5.314332260802028e-6,0.0023052835532320157,0.013578740342770911,0.04217073804027502,-0.041928807805335463
2533,10.000000000000002,-0.0420557246335404,7.393614591716159e-6,0.002719120187067162,0.010799372246591393,0.0420557246335404,-0.041802628907963095
2534,4.000000000000001,-0.042639437255206164,0.000827627118085506,0.02876850913908307,0.008252545656638634,0.042639437255206164,-0.045692480684071515
2535,10.000000000000002,-0.04263196333677427,8.736246375127033e-5,0.009346788954034981,0.02243403883883448,0.04263196333677427,-0.042344876850781844
2536,4.000000000000001,-0.041906805715210375,0.00022927965472780128,0.015141983183447314,0.006362702170936839,0.041906805715210375,-0.043092379565695275
2537,10.000000000000002,-0.04184828947927575,2.8543954989210135e-5,0.005342654301862524,0.002666328164516692,0.04184828947927575,-0.04224767047560207
2538,25.000000000000004,-0.041934974554617664,1.0467552297995074e-5,0.0032353596860310715,0.021207099998870167,0.041934974554617664,-0.04198049688717625
2539,10.000000000000002,-0.04230116484550041,1.9775848471704672e-5,0.0044470044380127026,0.012294784629849365,0.04230116484550041,-0.04189358839243622
2540,4.000000000000001,-0.04315807709300096,0.0003762052488220206,0.019396011157504025,0.014003878292066646,0.04315807709300096,-0.04376114803597341
2541,10.000000000000002,-0.04281876174182446,4.196943494190857e-5,0.006478382123795151,0.00784950292126584,0.04281876174182446,-0.042427243384170255
2542,25.000000000000004,-0.042467287106559046,1.540235569504721e-5,0.003924583505933746,0.020187773760228844,0.042467287106559046,-0.04183339372153763
2543,10.000000000000002,-0.04205788970713225,7.269290136011062e-5,0.008526013216041283,0.021748102344118166,0.04205788970713225,-0.042811318750729396
2544,4.000000000000001,-0.04148084876238512,0.00022179396518900567,0.014892748745245307,0.021358713660741446,0.04148084876238512,-0.04312342296323338
2545,1.6000000000000005,-0.04025159020212869,0.0007424258760057578,0.027247493022400388,0.018189058465757864,0.04025159020212869,-0.043354482525822496
2546,4.000000000000001,-0.04139855603455928,0.0001091688646318438,0.010448390528298787,0.007807321722915945,0.04139855603455928,-0.042678067045572046
2547,10.000000000000002,-0.04190552644892921,4.805091238631416e-5,0.006931876541479526,0.027746706982763197,0.04190552644892921,-0.04183802277555833
2548,4.000000000000001,-0.04260912603273129,0.0002640843822170543,0.0162506732850382,0.005429788442682888,0.04260912603273129,-0.0432123376278492
2549,10.000000000000002,-0.04244746087007764,2.5221597290574044e-5,0.005022110840132269,0.009281481322441026,0.04244746087007764,-0.04220986178886023
2550,4.000000000000001,-0.0424889628209975,3.1174121674374484e-5,0.0055833790552294125,0.02651259487327371,0.0424889628209975,-0.04201141128319478
2551,1.6000000000000005,-0.042742816914861564,0.0006178104000411701,0.02485579208235316,0.011802203251682892,0.042742816914861564,-0.04334028570122651
2552,4.000000000000001,-0.04262262741467928,7.340473139502925e-5,0.008567656120260036,0.007475366823635827,0.04262262741467928,-0.042600825940756835
2553,10.000000000000002,-0.042306990622582606,4.979466797858442e-5,0.007056533708456611,0.019436371532948696,0.042306990622582606,-0.04182904478082418
2554,4.000000000000001,-0.04219787036630479,0.00024321729895569267,0.015595425577895996,0.0051989888212916596,0.04219787036630479,-0.04320707605359801
2555,10.000000000000002,-0.042201302484012604,2.803883225521748e-5,0.005295170654022161,0.013535876848852268,0.042201302484012604,-0.042124131746313666
2556,4.000000000000001,-0.042147601737298375,0.00013131301510767125,0.011459189112134909,0.016324496337006084,0.042147601737298375,-0.04260182188385922
2557,1.6000000000000005,-0.041952708928122924,0.0002258261402378547,0.015027512776166744,0.0015663454925814197,0.041952708928122924,-0.04263229429129401
2558,4.000000000000001,-0.04221625403606369,4.110684239075484e-5,0.006411461798276181,0.002579021254322482,0.04221625403606369,-0.0423285978878309
2559,10.000000000000002,-0.042138717084682205,1.7764042911652714e-5,0.00421474114408616,0.021223147728924602,0.042138717084682205,-0.0420809741207031
2560,4.000000000000001,-0.04213472832874117,2.0804521937780725e-5,0.004561197423679524,0.0014989728589055163,0.04213472832874117,-0.04186527057686758
2561,10.000000000000002,-0.04217687259342006,3.409539390810203e-5,0.00583912612538058,0.001962206025856283,0.04217687259342006,-0.04234595126407611
2562,25.000000000000004,-0.04222062167757969,9.701005829583826e-6,0.003114643772501733,0.03023184990984427,0.04222062167757969,-0.04196592699266608
2563,10.000000000000002,-0.042396801521498884,4.739102074439836e-5,0.006884113649875223,0.017860967541344946,0.042396801521498884,-0.0426462004501337
2564,4.000000000000001,-0.0423054224622722,4.928024139355891e-5,0.007019988703235848,0.011416590814221092,0.0423054224622722,-0.04208894883609111
2565,1.6000000000000005,-0.04284866561155736,0.0013123833563247161,0.03622683199404436,0.03058282086466546,0.04284866561155736,-0.04442531364177347
2566,4.000000000000001,-0.04266322545581875,0.00016277206484197092,0.012758215582203136,0.0036129327610732688,0.04266322545581875,-0.04261915859558149
2567,10.000000000000002,-0.042374688233919905,5.29826685101427e-5,0.00727891946034181,0.028315746403531607,0.042374688233919905,-0.04173395150585094
2568,4.000000000000001,-0.04150120036316591,0.00018603379647305705,0.013639420679525104,0.02652062570364186,0.04150120036316591,-0.04228116221169834
2569,1.6000000000000005,-0.04234044022690103,0.001236350271775926,0.03516177287589359,0.010994931086372211,0.04234044022690103,-0.04454248090524627
2570,4.000000000000001,-0.042348489523992075,9.403679637327732e-5,0.009697257157221176,0.0023431145638348784,0.042348489523992075,-0.04261721515334388
2571,10.000000000000002,-0.042121655955745574,2.1183278751963342e-5,0.004602529603594456,0.015106310882745373,0.042121655955745574,-0.042156052798194434
2572,4.000000000000001,-0.04212594656282735,9.124392417907204e-5,0.00955216855897508,0.0015395456628855152,0.04212594656282735,-0.0424885509696756
2573,10.000000000000002,-0.042237331217219315,1.8421924173875362e-5,0.004292076906798777,0.0030080226619528133,0.042237331217219315,-0.04208015806134924
2574,25.000000000000004,-0.042254597951619816,6.848582937102585e-6,0.002616979735707288,0.01105013239343409,0.042254597951619816,-0.04208531476428694
2575,10.000000000000002,-0.042103191039402216,1.081327517760681e-5,0.0032883544787031113,0.015357623938584654,0.042103191039402216,-0.042024107352674235
2576,4.000000000000001,-0.042457838022293984,0.00022677668605909372,0.015059106416354648,0.0036255132647671487,0.042457838022293984,-0.043034563911397504
2577,10.000000000000002,-0.0422083586266531,4.6758489531132334e-5,0.006838017953408161,0.040125763727784446,0.0422083586266531,-0.04196336009494746
2578,4.000000000000001,-0.042495172821015975,0.0002318493796068261,0.015226601052330297,0.006202700296358585,0.042495172821015975,-0.043016118109636264
2579,10.000000000000002,-0.04222705033397675,2.5257933262189062e-5,0.0050257271376577,0.014169190279623671,0.04222705033397675,-0.04216260096882559
2580,4.000000000000001,-0.04229298819871483,0.0001265663636843345,0.011250171717993218,0.00646348006654496,0.04229298819871483,-0.04285662875486201
2581,10.000000000000002,-0.042244993204512624,1.988779680445983e-5,0.004459573612405095,0.014558152003614296,0.042244993204512624,-0.04225031463397877
2582,4.000000000000001,-0.04225363519285342,9.19096541304503e-5,0.00958695228581275,0.016583747862053088,0.04225363519285342,-0.04253824827359772
2583,1.6000000000000005,-0.04215721562902698,0.00043494999454918553,0.02085545479123353,0.007172610070870415,0.04215721562902698,-0.042777387592052546
2584,4.000000000000001,-0.04226605113445954,4.8719566270186374e-5,0.006979940276978477,0.006522020816389373,0.04226605113445954,-0.04246362898792001
2585,10.000000000000002,-0.04224176096040198,1.6438157426523112e-5,0.004054399761558191,0.0019116086217090798,0.04224176096040198,-0.04216164162947555
2586,25.000000000000004,-0.0422563471490069,5.985305048704732e-6,0.0024464883095377202,0.0032442583612342776,0.0422563471490069,-0.04216670577801593
2587,10.000000000000002,-0.04230621827290078,7.720066635550575e-6,0.002778500789193801,0.0026185088137243503,0.04230621827290078,-0.04202435063489686
2588,25.000000000000004,-0.04223890149611139,4.478226350816176e-6,0.002116182022137079,0.0038719019234057035,0.04223890149611139,-0.04188679393078461
2589,10.000000000000002,-0.042292033423725485,8.13805870332166e-5,0.00902111894574152,0.020135349935694786,0.042292033423725485,-0.04278652782143442
2590,4.000000000000001,-0.042423463212086884,0.00011825353913055402,0.010874444313644446,0.011593208143917061,0.042423463212086884,-0.042831818052169846
2591,10.000000000000002,-0.042254367898132826,2.0242204018107723e-5,0.004499133696402867,0.006367066329930281,0.042254367898132826,-0.04241987034517319
2592,4.000000000000001,-0.042121768991519,0.0001307318959662436,0.01143380496450082,0.017870203483729273,0.042121768991519,-0.04273208906152003
2593,1.6000000000000005,-0.0419184259928847,0.00022571646738433343,0.015023863264298349,0.013181016218867157,0.0419184259928847,-0.042527964128271395
2594,4.000000000000001,-0.042088239290916665,7.721997818825061e-5,0.008787489868457921,0.0015760929013657386,0.042088239290916665,-0.04260548645313735
2595,10.000000000000002,-0.042232293979693615,1.623357402310032e-5,0.004029090967339943,0.003025555458768388,0.042232293979693615,-0.04224849867084968
2596,25.000000000000004,-0.042299764517973265,6.681106603465494e-6,0.0025847836666664185,0.012466970254658488,0.042299764517973265,-0.042113112421160274
2597,10.000000000000002,-0.04226291524873548,1.2746615898511837e-5,0.0035702403138320868,0.002265186996295726,0.04226291524873548,-0.0420967569679579
2598,25.000000000000004,-0.042275025654356195,5.0799918343098865e-6,0.002253883722446632,0.003273616064496866,0.042275025654356195,-0.04193906280928845
2599,10.000000000000002,-0.04230148905174275,3.5008761331215045e-5,0.005916820204401605,0.016854355196732927,0.04230148905174275,-0.04234508838385419
2600,4.000000000000001,-0.042063884901869165,0.00039595124804684805,0.01989852376551708,0.00946520011589205,0.042063884901869165,-0.04388414470364703
2601,10.000000000000002,-0.04209423252967635,4.209728056867573e-5,0.006488241716264564,0.011667516072141537,0.04209423252967635,-0.042362770899778905
2602,4.000000000000001,-0.04231140479788162,0.00017776641130583015,0.013332907083821973,0.011978741574161794,0.04231140479788162,-0.04287312178868525
2603,10.000000000000002,-0.04224646784128006,2.1543859122194372e-5,0.004641536289009747,0.013363898898869426,0.04224646784128006,-0.04226016107698274
2604,4.000000000000001,-0.04224829966711121,8.989668270493502e-5,0.009481386117279214,0.005882449058472359,0.04224829966711121,-0.04261348982880784
2605,10.000000000000002,-0.042292113512720074,1.2076921771915792e-5,0.0034751865808781827,0.0018162521166012423,0.042292113512720074,-0.042281768091840866
2606,25.000000000000004,-0.04228288338921933,5.134798770766619e-6,0.002266009437484014,0.012681663195581302,0.04228288338921933,-0.04212282124338242
2607,10.000000000000002,-0.04225198421219525,7.58684340508165e-6,0.0027544225175309706,0.002760214959418678,0.04225198421219525,-0.04201775858031025
2608,25.000000000000004,-0.04223795178593664,4.403700860957221e-6,0.002098499669039102,0.004370777388741828,0.04223795178593664,-0.04187632229518755
2609,10.000000000000002,-0.0422283327338072,4.476970103643951e-6,0.0021158851820559524,0.013700413307524561,0.0422283327338072,-0.04172222129607106
2610,4.000000000000001,-0.042524068740362915,0.0007118703046642841,0.026680897748469486,0.007435500920045353,0.042524068740362915,-0.04496897211513231
2611,10.000000000000002,-0.04213193273332721,0.00012418412201706583,0.011143792981613838,0.07780950293564153,0.04213193273332721,-0.04174572526833154
2612,4.000000000000001,-0.04192808246095285,0.0006086360807036951,0.02467055087961546,0.007288523468896041,0.04192808246095285,-0.04458277007756277
2613,10.000000000000002,-0.041931918173335525,4.804301000026165e-5,0.006931306514666745,0.01289517093823272,0.041931918173335525,-0.042176635507182994
2614,4.000000000000001,-0.04279599741740163,7.907735832546431e-5,0.008892545098309276,0.015558439718018038,0.04279599741740163,-0.04212797326251148
2615,1.6000000000000005,-0.042938315504787515,0.0012175505098330156,0.03489341642535187,0.011406220035566947,0.042938315504787515,-0.044291159982443463
2616,4.000000000000001,-0.04253816372876424,0.00014071372232447749,0.01186228149743874,0.010189597098088645,0.04253816372876424,-0.04253278484108787
2617,10.000000000000002,-0.042177229764071275,3.294209104358361e-5,0.005739520105686852,0.02570892490894693,0.042177229764071275,-0.04214204584579384
2618,4.000000000000001,-0.042224263753625244,7.559799730589075e-5,0.00869471088109839,0.03221811231965479,0.042224263753625244,-0.04224220974603005
2619,1.6000000000000005,-0.041772248702537984,0.0007684030398652489,0.02772008369152678,0.004281380178516088,0.041772248702537984,-0.04336105060822966
2620,4.000000000000001,-0.041955444222024484,9.136063258958292e-5,0.00955827560753418,0.006347437458629552,0.041955444222024484,-0.042386254507482526
2621,10.000000000000002,-0.04214572817390769,2.130737350093355e-5,0.004615991063783979,0.0043510770991830846,0.04214572817390769,-0.042144615412139805
2622,25.000000000000004,-0.042179057668067794,7.168610585872003e-6,0.0026774261121218644,0.007790116196025979,0.042179057668067794,-0.04206828208097297
2623,10.000000000000002,-0.04225979453498309,1.516070947971911e-5,0.0038936755745335424,0.02797461481676418,0.04225979453498309,-0.04214374874781866
2624,4.000000000000001,-0.04261101501096022,0.0002228650249555712,0.014928664540258488,0.005088418432627173,0.04261101501096022,-0.04321843866471154
2625,10.000000000000002,-0.04249297022022318,2.9857232066704356e-5,0.005464177162821897,0.019231681935076492,0.04249297022022318,-0.042284777887317715
2626,4.000000000000001,-0.04219462697320259,8.583673288310156e-5,0.009264811540614388,0.01040159363053301,0.04219462697320259,-0.04248468531292297
2627,10.000000000000002,-0.04220431594452253,1.1974303328855608e-5,0.0034603906324077935,0.0022539634107087854,0.04220431594452253,-0.04228256714610957
2628,25.000000000000004,-0.04220967172867093,5.8024021886235285e-6,0.002408817591396976,0.004049736857921265,0.04220967172867093,-0.04207984747941891
2629,10.000000000000002,-0.04226495933636629,8.803479205304395e-6,0.002967065756821779,0.0025766523005546446,0.04226495933636629,-0.04196933534885282
2630,25.000000000000004,-0.04228549190657894,4.842680797703084e-6,0.0022006091878620983,0.029174755545338302,0.04228549190657894,-0.04181844056752099
2631,10.000000000000002,-0.04230218523291225,9.785380302171755e-5,0.00989210811817772,0.01178370836836837,0.04230218523291225,-0.04298325939952932
2632,25.000000000000004,-0.042143233241797466,3.05571461450754e-5,0.0055278518562887876,0.059313138127307055,0.042143233241797466,-0.04157770077756789
2633,10.000000000000002,-0.04196157624628268,0.0001602981589481568,0.012660890922370226,0.024124080521732524,0.04196157624628268,-0.04351963753725082
2634,4.000000000000001,-0.04231048482780908,0.0003188881920693726,0.017857440804028235,0.007276847983478671,0.04231048482780908,-0.043679570320771466
2635,10.000000000000002,-0.04212772059463758,7.412549536683749e-5,0.008609616447138483,0.04589887444866951,0.04212772059463758,-0.04182520815574993
2636,4.000000000000001,-0.04254183649770334,0.00016148408821315603,0.012707638970837818,0.036486514633280086,0.04254183649770334,-0.04176647143826923
2637,1.6000000000000005,-0.04293742973725927,0.0023239405410510868,0.04820726647561638,0.011223891986024125,0.04293742973725927,-0.04622624423021825
2638,4.000000000000001,-0.04243398158920059,0.00020726224886053444,0.014396605463112978,0.006663594897875893,0.04243398158920059,-0.042704807410192475
2639,10.000000000000002,-0.042265009873943264,3.419119425567176e-5,0.005847323683162388,0.00830385043449227,0.042265009873943264,-0.04205870505094778
2640,4.000000000000001,-0.04195408056287544,0.0001437023976558559,0.011987593488930791,0.00694201228003292,0.04195408056287544,-0.04264061872299371
2641,10.000000000000002,-0.041873372958768744,2.3874681334992137e-5,0.00488617246267384,0.016240629322295294,0.041873372958768744,-0.04214339216354107
2642,4.000000000000001,-0.04225376616270741,9.69045525947163e-5,0.009844011001350836,0.005061209006032889,0.04225376616270741,-0.04256129747680936
2643,10.000000000000002,-0.04228762547699698,1.738185709806446e-5,0.004169155441820857,0.025985685133795247,0.04228762547699698,-0.04216210723128932
2644,4.000000000000001,-0.04238576802395657,4.67458553252184e-5,0.00683709407023323,0.00633891719017309,0.04238576802395657,-0.04225773659180496
2645,10.000000000000002,-0.042462030792843115,1.0808963668372804e-5,0.0032876988408874685,0.01921885338178774,0.042462030792843115,-0.04210000692900594
2646,4.000000000000001,-0.042493881217901146,1.976096005359176e-5,0.004445330139999926,0.002679757130065301,0.042493881217901146,-0.04210401783908748
2647,10.000000000000002,-0.042242440667072244,6.144573497609327e-6,0.0024788250235967296,0.005061307597354187,0.042242440667072244,-0.04203688493668522
2648,4.000000000000001,-0.042043732200680556,9.305641382550016e-6,0.0030505149372769863,0.002182222265599455,0.042043732200680556,-0.04198994843041546
2649,10.000000000000002,-0.042139369606034704,4.803240949811603e-6,0.002191629747428065,0.002478792279872252,0.042139369606034704,-0.0419307314531563
2650,25.000000000000004,-0.042228421632636466,4.473291103557678e-6,0.0021150156272608665,0.007000211932756785,0.042228421632636466,-0.04177799604368953
2651,10.000000000000002,-0.04217093047059759,7.18350003750017e-5,0.00847555310142068,0.0281344951075457,0.04217093047059759,-0.04276118199980958
2652,4.000000000000001,-0.042108970458933595,0.0005331609496377321,0.02309027824946534,0.010693299780895038,0.042108970458933595,-0.04424731732572861
2653,10.000000000000002,-0.042241611425386794,4.929823030839971e-5,0.007021269850133928,0.006987681750626802,0.042241611425386794,-0.042430374539021876
2654,25.000000000000004,-0.042258233108532384,2.0796949385163996e-5,0.004560367242357133,0.07863653124930177,0.042258233108532384,-0.041680287618408515
2655,10.000000000000002,-0.042024570600359065,8.690561824434181e-5,0.009322318287011112,0.051468489624647715,0.042024570600359065,-0.042362813303787085
2656,4.000000000000001,-0.042060940308193684,0.0003749494631904176,0.019363611832259434,0.005496887054912825,0.042060940308193684,-0.043947686566090265
2657,10.000000000000002,-0.04225221594266998,4.989170473128472e-5,0.007063406029054589,0.02401350826167149,0.04225221594266998,-0.042501001438135344
2658,4.000000000000001,-0.04214317482138006,0.00014763132455510004,0.012150363144988715,0.024081558367442083,0.04214317482138006,-0.04289723355673039
2659,1.6000000000000005,-0.04249105236601699,0.0005532924655752018,0.02352216966130467,0.005498125964333915,0.04249105236601699,-0.043390807423443874
2660,4.000000000000001,-0.042383553795468265,7.752131771494006e-5,0.008804619112428434,0.006988723801837982,0.042383553795468265,-0.042535415827208205
2661,10.000000000000002,-0.04236557394124467,4.480855331708456e-5,0.006693919129858424,0.02918719427899434,0.04236557394124467,-0.04183123534467361
2662,4.000000000000001,-0.04174190344510367,0.00014548332767938663,0.012061646972092437,0.018976072071547705,0.04174190344510367,-0.04238052383047206
2663,1.6000000000000005,-0.04249340661105419,0.0009374349392502663,0.030617559328762086,0.010222381331379971,0.04249340661105419,-0.0438226538455023
2664,4.000000000000001,-0.04239873776896353,9.447409883962826e-5,0.009719778744376245,0.01386760621998973,0.04239873776896353,-0.042523098075342054
2665,1.6000000000000005,-0.04238010641447201,0.0002827126070358703,0.016814059802316345,0.026430926674745482,0.04238010641447201,-0.04261443684581637
2666,0.6400000000000002,-0.0407525557242886,0.0018962743196835354,0.04354623198031645,0.005296364955737279,0.0407525557242886,-0.043640088897732604
2667,1.6000000000000005,-0.041645501137430485,0.0002552238491391323,0.01597572687357706,0.00401206619036966,0.041645501137430485,-0.04263960945646332
2668,4.000000000000001,-0.04201564738113232,7.474604531591274e-5,0.008645579524584383,0.018416825850227202,0.04201564738113232,-0.04211244586029939
2669,1.6000000000000005,-0.04247638080675547,0.0002599800415643843,0.016123896599903643,0.011898722845444418,0.04247638080675547,-0.042444066942894446
2670,4.000000000000001,-0.04232986765576624,5.151446136553718e-5,0.007177357547561441,0.007487141874601009,0.04232986765576624,-0.042141326491220196
2671,10.000000000000002,-0.04223761163324412,1.665657225503593e-5,0.004081246409497463,0.0036149029508971537,0.04223761163324412,-0.04206013316588103
2672,25.000000000000004,-0.042124384087679906,1.0694161731921361e-5,0.003270192919679413,0.023667890545888894,0.042124384087679906,-0.0417297225796168
2673,10.000000000000002,-0.04233075775774179,6.073437684649453e-5,0.007793226343851084,0.05034291478789719,0.04233075775774179,-0.04258643834327431
2674,4.000000000000001,-0.04260330400525503,0.00028600990893006613,0.016911827486409212,0.01634540626303747,0.04260330400525503,-0.0433820408888506
2675,10.000000000000002,-0.04245937482210871,8.257983366967153e-5,0.009087344698517357,0.03385177600485149,0.04245937482210871,-0.041812592993350134
2676,4.000000000000001,-0.04196777159233229,0.00034639592530380503,0.018611714733033198,0.013004190376220942,0.04196777159233229,-0.04341933062397482
2677,10.000000000000002,-0.04192373508337945,4.2192371779337126e-5,0.006495565547305109,0.024985798540764718,0.04192373508337945,-0.04209777191303315
2678,4.000000000000001,-0.04202788879873126,0.00015945853725988314,0.01262768930802002,0.0045432642163559574,0.04202788879873126,-0.042753827810656606
2679,10.000000000000002,-0.04218915206198472,2.2713142755332787e-5,0.0047658307518556285,0.03719237153430927,0.04218915206198472,-0.042168058182808506
2680,4.000000000000001,-0.042363242178088054,4.9448068709227007e-5,0.007031932075128926,0.015372385141801554,0.042363242178088054,-0.042281531958887154
2681,1.6000000000000005,-0.04276153030275929,0.00010394495497915185,0.010195339865799073,0.017256199474751,0.04276153030275929,-0.04231449290469221
2682,0.6400000000000002,-0.04191755096367941,0.004314730065624053,0.06568660491777645,0.016848979113915353,0.04191755096367941,-0.04543722157444736
2683,1.6000000000000005,-0.041748249157620945,0.0005660550291333607,0.02379191100213181,0.01590632464170659,0.041748249157620945,-0.04300480038905788
2684,4.000000000000001,-0.04224247631616562,0.00011027637330821537,0.01050125579672333,0.012386641295240202,0.04224247631616562,-0.042196546097588626
2685,10.000000000000002,-0.042319162157881826,3.4175321602998536e-5,0.005845966267692496,0.008407736414544434,0.042319162157881826,-0.041938018872154835
2686,4.000000000000001,-0.04239118573085278,9.530090728773871e-5,0.009762218358945815,0.01217420401130398,0.04239118573085278,-0.04219632191893098
2687,10.000000000000002,-0.04251179762216741,3.755062497082884e-5,0.0061278564743985995,0.02419283773226493,0.04251179762216741,-0.04164516011780829
2688,4.000000000000001,-0.04192203876445792,0.00030453654809524486,0.017450975562851634,0.007165671671245171,0.04192203876445792,-0.04304759663242257
2689,10.000000000000002,-0.04195912238336003,2.807961176549298e-5,0.005299019887252073,0.0038089127109708354,0.04195912238336003,-0.04225053965215415
2690,25.000000000000004,-0.04205750528456475,9.974894009805182e-6,0.0031583055599174034,0.018674853770839717,0.04205750528456475,-0.04185064111995491
2691,10.000000000000002,-0.04246254304428112,5.858566999241807e-5,0.007654127644115825,0.011607049181254447,0.04246254304428112,-0.0425993697200876
2692,4.000000000000001,-0.04281432509848352,0.00026220275112757605,0.016192675848283263,0.00801500988568932,0.04281432509848352,-0.043173341260663765
2693,10.000000000000002,-0.04256464337744662,3.417195304866611e-5,0.005845678151306836,0.01051843962495706,0.04256464337744662,-0.0423195831740511
2694,4.000000000000001,-0.04199383173077096,6.891306320522966e-5,0.008301389233449403,0.024140469504229517,0.04199383173077096,-0.04222952963556842
2695,1.6000000000000005,-0.04218602727830689,0.0011575173610286226,0.03402230681521497,0.008010157036089384,0.04218602727830689,-0.04390095531833017
2696,4.000000000000001,-0.04181438943826714,0.000160224912057633,0.012657997948239406,0.024447176092380632,0.04181438943826714,-0.04232806132663241
2697,1.6000000000000005,-0.04155967291159475,0.0007166221999805451,0.026769800148311627,0.01597500844549078,0.04155967291159475,-0.04323685489558492
2698,4.000000000000001,-0.041996461548056606,8.062242341656914e-5,0.008978999020858013,0.017009018185643595,0.041996461548056606,-0.0424057418146918
2699,1.6000000000000005,-0.042464424961850926,0.0001409525952135084,0.011872345817634711,0.01475319956657419,0.042464424961850926,-0.04237463404371632
2700,4.000000000000001,-0.042477339332820385,3.2301176279670075e-5,0.0056834123798709234,0.0018267178430749667,0.042477339332820385,-0.04222107149587735
2701,10.000000000000002,-0.042343244932097845,2.008363355041441e-5,0.004481476715371219,0.0033276805194782815,0.042343244932097845,-0.041953125239977684
2702,25.000000000000004,-0.04218075950526064,1.1976642548372989e-5,0.0034607286152446262,0.06235416024492153,0.04218075950526064,-0.04167478371728025
2703,10.000000000000002,-0.0421266481946062,7.524823368503627e-5,0.008674573977149326,0.006704202869617382,0.0421266481946062,-0.04274644883653949
2704,25.000000000000004,-0.042253839451498625,1.122177181683033e-5,0.0033498913141817494,0.015313176226294937,0.042253839451498625,-0.04212485319866956
2705,10.000000000000002,-0.04231253161145629,1.3474889886541978e-5,0.0036708159701273474,0.0032295590153438684,0.04231253161145629,-0.041827056552756835
2706,25.000000000000004,-0.042280669210543714,9.024799571734088e-6,0.003004130418562764,0.004467832798422541,0.042280669210543714,-0.04152909838305568
2707,10.000000000000002,-0.04238792518445856,8.447706567723013e-5,0.009191140608065472,0.053376571504079276,0.04238792518445856,-0.04263594703329259
2708,4.000000000000001,-0.042498400401429846,0.0008650928368113734,0.029412460570502653,0.015637814351300895,0.042498400401429846,-0.04616148335956305
2709,10.000000000000002,-0.04212020618245701,0.0001403507759622673,0.011846973282753165,0.045006834204859174,0.04212020618245701,-0.04181413432570367
2710,4.000000000000001,-0.04118232255217749,0.0005452100329190423,0.023349733037425553,0.013409998293276132,0.04118232255217749,-0.044007646820762414
2711,10.000000000000002,-0.041617042863580894,5.597390366616739e-5,0.0074815709357171365,0.02107366006366049,0.041617042863580894,-0.04211126783589809
2712,4.000000000000001,-0.04271246270694301,0.000248646711164255,0.015768535479373316,0.05465396466805218,0.04271246270694301,-0.04303529223427644
2713,1.6000000000000005,-0.04311193415579591,0.00106824954579214,0.0326840870423535,0.010880501036242591,0.04311193415579591,-0.04394337405998926
2714,4.000000000000001,-0.04289835985677743,0.00011496147640623305,0.01072200897249359,0.004476061224305577,0.04289835985677743,-0.042603491497199435
2715,10.000000000000002,-0.04236592080976427,2.9730087505572407e-5,0.005452530376400705,0.00977430813179795,0.04236592080976427,-0.042153296495629454
2716,4.000000000000001,-0.0415283417648546,3.587629423356817e-5,0.005989682314911883,0.004992881274560497,0.0415283417648546,-0.04186743384700259
2717,10.000000000000002,-0.04157171692445948,2.8767517708855722e-5,0.005363535933398388,0.00988668046905263,0.04157171692445948,-0.04207309357393658
2718,4.000000000000001,-0.04266275519259826,0.00017066476357164613,0.013063872456957245,0.012346967988922647,0.04266275519259826,-0.042814733118863885
2719,10.000000000000002,-0.04254151103163168,2.475678218305446e-5,0.004975618773886767,0.012709584524801431,0.04254151103163168,-0.042292710326455804
2720,4.000000000000001,-0.04218190388883761,2.640721927953634e-5,0.005138795508631993,0.016102496061407512,0.04218190388883761,-0.042015421885644895
2721,1.6000000000000005,-0.042099475423918155,3.481208085078285e-5,0.0059001763406514255,0.0012716852684539703,0.042099475423918155,-0.041942818102177926
2722,4.000000000000001,-0.04216403276239422,1.9074943855805302e-5,0.004367487132872322,0.0015015643810752084,0.04216403276239422,-0.041847872464489955
2723,10.000000000000002,-0.042127019718237756,1.7392128465379006e-5,0.004170387088194453,0.036195142941528965,0.042127019718237756,-0.04161753332076845
2724,4.000000000000001,-0.0422490661571281,2.0180061470134863e-5,0.004492222330888673,0.010363593743262036,0.0422490661571281,-0.041403599973405175
2725,1.6000000000000005,-0.042629619089192404,0.0030134091345217495,0.054894527364043766,0.009747881488519404,0.042629619089192404,-0.047953014076992394
2726,4.000000000000001,-0.0428208498984441,0.00033029091474441575,0.018173907525472217,0.004935691070826903,0.0428208498984441,-0.04298876484827973
2727,10.000000000000002,-0.042280577951970856,6.867965140482424e-5,0.008287318710223725,0.01819971661508986,0.042280577951970856,-0.04180560237912784
2728,4.000000000000001,-0.0420543886004798,0.0002732331489477943,0.016529765544247576,0.016490405696084818,0.0420543886004798,-0.042983229694990265
2729,10.000000000000002,-0.04185036832026894,3.462173560205383e-5,0.005884023759473939,0.01266737337216269,0.04185036832026894,-0.04208422759927333
2730,4.000000000000001,-0.0418823438642115,4.1908636158203324e-5,0.006473687987399711,0.006176937612705707,0.0418823438642115,-0.04175851204383454
2731,10.000000000000002,-0.04209890734706352,3.26521226456317e-5,0.0057142035880454675,0.013282685564446449,0.04209890734706352,-0.04199691031312872
2732,4.000000000000001,-0.04232177856208701,3.513219492867693e-5,0.00592724176398069,0.007163042653820785,0.04232177856208701,-0.041585434861259006
2733,10.000000000000002,-0.04236604944954098,5.0096773540309365e-5,0.007077907426655802,0.007499100035992993,0.04236604944954098,-0.042116069012236204
2734,25.000000000000004,-0.042307042107816155,1.1735601707955261e-5,0.00342572644966805,0.005561496868547916,0.042307042107816155,-0.04181778105367641
2735,10.000000000000002,-0.04220872202296248,1.9386736040121403e-5,0.004403037138171946,0.01002677015356586,0.04220872202296248,-0.041728465496717895
2736,4.000000000000001,-0.04247485788857612,0.0006188177353830442,0.02487604742283316,0.016147691470810584,0.04247485788857612,-0.04463947820496065
2737,10.000000000000002,-0.042100441632344145,8.138431699218498e-5,0.009021325678201901,0.015225635811429574,0.042100441632344145,-0.042597025515616685
2738,4.000000000000001,-0.04175863021891797,0.000385755741941778,0.01964066551677356,0.015435435622045357,0.04175863021891797,-0.04341485876954287
2739,10.000000000000002,-0.04192568409772194,4.919493866360516e-5,0.007013910368945783,0.0059089022556644095,0.04192568409772194,-0.04224596380978284
2740,25.000000000000004,-0.04193373480586264,2.0136444130523396e-5,0.0044873649428727545,0.024822006587851882,0.04193373480586264,-0.04154115335017453
2741,10.000000000000002,-0.0421399340446798,3.559510470550129e-5,0.005966163315356134,0.03412338149230393,0.0421399340446798,-0.041387872915339165
2742,4.000000000000001,-0.043959113705003945,0.0007849835000442288,0.028017556996359067,0.02333141459827335,0.043959113705003945,-0.04543683385428541
2743,10.000000000000002,-0.043241509786057834,8.982415946081087e-5,0.009477560839203876,0.018029894863163844,0.043241509786057834,-0.042495572478422054
2744,4.000000000000001,-0.04152496932751837,0.00028074604153598175,0.01675547795605908,0.017104762924408812,0.04152496932751837,-0.04328438861057104
2745,10.000000000000002,-0.04157666274116484,4.027566612100836e-5,0.006346311221568665,0.0068939942849116365,0.04157666274116484,-0.04230100329159954
2746,25.000000000000004,-0.04181091669467949,1.5033290420979124e-5,0.0038772787391389753,0.03771333603829178,0.04181091669467949,-0.04187529949679212
2747,10.000000000000002,-0.042200341401568746,4.186262959351877e-5,0.006470133661178784,0.01708369561010112,0.042200341401568746,-0.04204745837441865
2748,4.000000000000001,-0.04351146587400094,0.00050630441568639,0.022501209204982518,0.015635035263504037,0.04351146587400094,-0.04378665444026791
2749,10.000000000000002,-0.04304459591045534,5.3665730898175474e-5,0.007325689789922548,0.012652360113291773,0.04304459591045534,-0.04232654853486393
2750,4.000000000000001,-0.04156315273492007,0.00019863481573705884,0.014093786422997152,0.011406326482413796,0.04156315273492007,-0.04286018404163234
2751,10.000000000000002,-0.0418119370983642,2.66207120492439e-5,0.0051595263396211,0.010505175734823218,0.0418119370983642,-0.04223082036355502
2752,4.000000000000001,-0.042225022580064546,0.0001736419871179135,0.01317732852735764,0.010561254815854598,0.042225022580064546,-0.04275237005009324
2753,10.000000000000002,-0.04217311684755879,3.966518076622169e-5,0.006298029911505795,0.02574708331541574,0.04217311684755879,-0.04194725713809148
2754,4.000000000000001,-0.0423865351622697,0.0002387304451069773,0.015450904345926723,0.016551163794005088,0.0423865351622697,-0.042968295645432836
2755,10.000000000000002,-0.042274508026175814,7.202159557457789e-5,0.008486553810268211,0.03346666198269868,0.042274508026175814,-0.04150845894984762
2756,4.000000000000001,-0.04234916672390332,0.00040804206543115735,0.0202000511244689,0.00986643992312133,0.04234916672390332,-0.0437886191341467
2757,10.000000000000002,-0.04215295671115972,3.489888506785203e-5,0.005907527830476301,0.008655321845894298,0.04215295671115972,-0.04219533781138849
2758,4.000000000000001,-0.042138960594968064,0.00011390951652326381,0.01067284013387551,0.010425674986801976,0.042138960594968064,-0.042610156089706294
2759,10.000000000000002,-0.042272943471648075,2.1722507857022525e-5,0.004660741127441271,0.0038121687727898125,0.042272943471648075,-0.042078597789941115
2760,25.000000000000004,-0.042225074472668184,7.291424620433686e-6,0.002700263805711154,0.008697284293214869,0.042225074472668184,-0.04210519210399339
2761,10.000000000000002,-0.04222050005553969,1.2483792651235476e-5,0.0035332410972413806,0.0212166095255432,0.04222050005553969,-0.042122541809969404
2762,4.000000000000001,-0.042459862833303615,0.00016378071848982147,0.012797684106502295,0.01840241287934142,0.042459862833303615,-0.04294187004242863
2763,1.6000000000000005,-0.04237490172989489,0.00133887944913698,0.036590701675931,0.010509197102840692,0.04237490172989489,-0.04425993053355302
2764,4.000000000000001,-0.04210579535081353,0.00016555394820977915,0.012866776916142564,0.01829113524283635,0.04210579535081353,-0.04251548195603169
2765,1.6000000000000005,-0.04244628985186749,0.0005557472833931367,0.02357429285033035,0.009783499185462488,0.04244628985186749,-0.04298814387415722
2766,4.000000000000001,-0.04222083329957304,7.138350833222769e-5,0.008448876157941225,0.0021795318982446655,0.04222083329957304,-0.04229260669498983
2767,10.000000000000002,-0.04208550180060682,3.6116699789379016e-5,0.006009717113923002,0.02893748789084558,0.04208550180060682,-0.041772297700736774
2768,4.000000000000001,-0.04222603181611341,0.00016458675854064985,0.012829137092597065,0.015978082111477304,0.04222603181611341,-0.04256023678352652
2769,10.000000000000002,-0.042229879533372434,2.453135575881573e-5,0.004952913865475124,0.0028046486179926513,0.042229879533372434,-0.0420733602086269
2770,25.000000000000004,-0.04221550869629487,1.0540415954224138e-5,0.003246600676742389,0.037602294360842545,0.04221550869629487,-0.04174814660395113
2771,10.000000000000002,-0.0421095866903781,3.348231933353501e-5,0.005786390872861512,0.028348972122366402,0.0421095866903781,-0.04186751372014958
2772,4.000000000000001,-0.04245974529664876,0.0005196050616929718,0.022794847261891706,0.019802305292631793,0.04245974529664876,-0.04418562382657359
2773,10.000000000000002,-0.04227163442130734,6.457436352583194e-5,0.008035817539356649,0.009985148114793821,0.04227163442130734,-0.04255266279528115
2774,25.000000000000004,-0.04208020063336331,2.7600540091035798e-5,0.005253621616659864,0.0487424653349587,0.04208020063336331,-0.04149457736732909
2775,10.000000000000002,-0.04191106341465521,9.960256582600488e-5,0.009980108507727,0.040052081915909254,0.04191106341465521,-0.042742298437254765
2776,4.000000000000001,-0.04217827720270158,0.00017489998983493462,0.013224975986176104,0.01867254296627993,0.04217827720270158,-0.04265120853977496
2777,1.6000000000000005,-0.042890572884112695,0.0025893395605800186,0.05088555355481572,0.01136236137798397,0.042890572884112695,-0.04733397701770234
2778,4.000000000000001,-0.0432569729930525,0.00028708216277572923,0.016943499130218916,0.014831610214001393,0.0432569729930525,-0.0429178346506106
2779,10.000000000000002,-0.04238054194080526,5.78109414524955e-5,0.007603350672729458,0.02132013665061077,0.04238054194080526,-0.04207640612305649
2780,4.000000000000001,-0.04150116588318527,0.00019010822994005303,0.013787974105721733,0.008862606977566839,0.04150116588318527,-0.04274455703457355
2781,10.000000000000002,-0.0416150246221059,2.803675667669383e-5,0.005294974662516699,0.016538648168221155,0.0416150246221059,-0.04205687573959158
2782,4.000000000000001,-0.04234814774948967,0.00011876097468651505,0.010897750900369995,0.005523839633881488,0.04234814774948967,-0.04251844802433205
2783,10.000000000000002,-0.04222335148789619,2.8204648637124606e-5,0.005310804895411298,0.021029009939959476,0.04222335148789619,-0.04193589798431879
2784,4.000000000000001,-0.04205935995426196,0.00011936192725935068,0.010925288429114843,0.034867715459496136,0.04205935995426196,-0.042382290220579766
2785,1.6000000000000005,-0.04270989982789721,0.00111363354075707,0.033371148328414924,0.014280949230157219,0.04270989982789721,-0.04388982254638528
2786,4.000000000000001,-0.04253934327978967,0.00012756021239650236,0.011294255725655514,0.020905088989514743,0.04253934327978967,-0.04241048487453052
2787,1.6000000000000005,-0.04300381212275407,0.000624815930736634,0.024996318343640807,0.003852204925810954,0.04300381212275407,-0.04307346407250308
2788,4.000000000000001,-0.04241788835161674,6.83146229150866e-5,0.00826526605228692,0.0189344538833097,0.04241788835161674,-0.04232536540360317
2789,1.6000000000000005,-0.04180033510768613,6.848575790374128e-5,0.008275612237396172,0.002339361449255488,0.04180033510768613,-0.04199057684838689
2790,4.000000000000001,-0.041751987614235056,6.86044554850457e-5,0.0082827806614111,0.002408805175980047,0.041751987614235056,-0.04234444041971579
2791,10.000000000000002,-0.04192466936877478,1.5408590475835283e-5,0.003925377749444668,0.0055228874892349535,0.04192466936877478,-0.042040682722835454
2792,4.000000000000001,-0.04266681644459214,9.440197916470885e-5,0.009716068091811051,0.021213491375196576,0.04266681644459214,-0.04240270776946988
2793,1.6000000000000005,-0.04407932580581021,0.00045113646167396104,0.021239973203230768,0.014552643307941938,0.04407932580581021,-0.04305783209106796
2794,4.000000000000001,-0.0432067312876955,5.6774075865148225e-5,0.007534857388507643,0.007925377791143086,0.0432067312876955,-0.042446731633765014
2795,10.000000000000002,-0.0425068255125251,1.7621748710159923e-5,0.004197826665092298,0.010499818223226542,0.0425068255125251,-0.042161796353938186
2796,4.000000000000001,-0.04181634624868636,5.504059744297701e-5,0.007418935061245449,0.015394327473759191,0.04181634624868636,-0.04225931851753901
2797,1.6000000000000005,-0.041258494046449726,0.0004717487523954276,0.021719777908519866,0.010300013546518112,0.041258494046449726,-0.04293985578071981
2798,4.000000000000001,-0.04162848543740309,5.589055810849704e-5,0.007475998803403933,0.0025933769941355934,0.04162848543740309,-0.042344091336595294
2799,10.000000000000002,-0.041870032834292095,1.5057615949713894e-5,0.00388041440437924,0.004548336563160495,0.041870032834292095,-0.04217454179237415
2800,25.000000000000004,-0.04206702536735195,1.0677340655895019e-5,0.0032676200293019105,0.030168019065527935,0.04206702536735195,-0.041813799076383336
2801,10.000000000000002,-0.04224236187127794,2.473683857015976e-5,0.004973614236162648,0.027604540186854574,0.04224236187127794,-0.04188148928863719
2802,4.000000000000001,-0.04348116514692695,0.000404811000498486,0.020119915519168714,0.009351791560555696,0.04348116514692695,-0.04398662400790413
2803,10.000000000000002,-0.0429864521766114,4.1205363599010684e-5,0.006419140409666288,0.013109323363554831,0.0429864521766114,-0.04253390757556141
2804,4.000000000000001,-0.04217330395674631,0.0001007138616688136,0.010035629609985294,0.012221824821991776,0.04217330395674631,-0.042594431130239016
2805,10.000000000000002,-0.04206270657749552,2.500155259809245e-5,0.0050001552573987595,0.0036322225702218472,0.04206270657749552,-0.04219221545345411
2806,25.000000000000004,-0.042068114152147985,9.889204697751474e-6,0.0031447105904600305,0.002682849751553735,0.042068114152147985,-0.04208361708992936
2807,62.50000000000001,-0.04214260207620226,5.306303202593111e-6,0.0023035414479867975,0.008522072864810812,0.04214260207620226,-0.04166822872594791
2808,25.000000000000004,-0.04239576998180648,1.9691792106153088e-5,0.004437543476536662,0.07882886887034772,0.04239576998180648,-0.04217221778340744
2809,10.000000000000002,-0.043000388817228015,9.081281931538822e-5,0.009529576030201355,0.045055165852972236,0.043000388817228015,-0.042889133021880105
2810,4.000000000000001,-0.04278689828610361,0.0007399013067131137,0.027201126938292717,0.00854098076420912,0.04278689828610361,-0.04612746575615645
2811,10.000000000000002,-0.042318700308512404,8.352791834137419e-5,0.009139360937252353,0.009147003656184318,0.042318700308512404,-0.0431130440602462
2812,25.000000000000004,-0.04202127743426983,2.040281251742188e-5,0.004516947256435687,0.015855558746121195,0.04202127743426983,-0.042118932188049546
2813,10.000000000000002,-0.041511292470342256,3.380940110252118e-5,0.005814585204683235,0.016573829724001805,0.041511292470342256,-0.0419454576728986
2814,4.000000000000001,-0.042312692691896504,0.0002057524232983711,0.01434407275840342,0.031168269080315197,0.042312692691896504,-0.042582262101352374
2815,1.6000000000000005,-0.042816444846033516,0.00205181608417434,0.0452969765456188,0.007095318037992937,0.042816444846033516,-0.04629068149867712
2816,4.000000000000001,-0.041798623490733114,0.00022198709491125858,0.014899231353034914,0.012213216098486758,0.041798623490733114,-0.042469863629752906
2817,10.000000000000002,-0.042152635710297565,5.497204417808954e-5,0.007414313466403315,0.014439641352612198,0.042152635710297565,-0.0422366575659446
2818,4.000000000000001,-0.042304226998669384,0.00015878150337673877,0.012600853279708432,0.0063512602676171455,0.042304226998669384,-0.04266076171761739
2819,10.000000000000002,-0.04228284486096035,2.9335597777617323e-5,0.005416234649423649,0.008148469471939073,0.04228284486096035,-0.042074166068078754
2820,4.000000000000001,-0.04231921947345505,0.0001078979348192866,0.010387393071376793,0.015802942347711325,0.04231921947345505,-0.04261330863356207
2821,1.6000000000000005,-0.04266151510032495,0.00015278775287299985,0.01236073431770944,0.015352612102391028,0.04266151510032495,-0.04240751918551372
2822,4.000000000000001,-0.0422007775785568,5.619000141507302e-5,0.007495999027152619,0.03985744109179729,0.0422007775785568,-0.042153061129317826
2823,1.6000000000000005,-0.04239886118797516,0.0007981000370113391,0.02825066436407008,0.004677818202516565,0.04239886118797516,-0.04360233334168074
2824,4.000000000000001,-0.04241754611993746,9.300496429964802e-5,0.009643908144504904,0.005861369789854766,0.04241754611993746,-0.04237225463939851
2825,10.000000000000002,-0.042176452085860065,5.5401534093804224e-5,0.007443220680176305,0.026092773771870425,0.042176452085860065,-0.041561980693691505
2826,4.000000000000001,-0.04215508935771866,0.00033147715853031545,0.018206514178455892,0.012258197868764082,0.04215508935771866,-0.04342475922336103
2827,10.000000000000002,-0.04202916238197324,5.798004309968144e-5,0.007614462758440772,0.05540914284087719,0.04202916238197324,-0.041815499769674684
2828,4.000000000000001,-0.04249316206421817,0.0003085114460092911,0.01756449390131384,0.004361401861302821,0.04249316206421817,-0.043238327210197484
2829,10.000000000000002,-0.04234441676246184,2.4159398572910343e-5,0.004915221111294012,0.005739952080261424,0.04234441676246184,-0.042241238023750245
2830,25.000000000000004,-0.04220002325556565,1.1378268041351716e-5,0.003373168842698467,0.00756732705571192,0.04220002325556565,-0.041841105699000104
2831,10.000000000000002,-0.042221882149876586,6.307638700164697e-5,0.007942064404274684,0.0033647689962054165,0.042221882149876586,-0.042735221702799954
2832,25.000000000000004,-0.04213576317615864,9.381875543440409e-6,0.003062984744238928,0.02700712883788732,0.04213576317615864,-0.042073870941672684
2833,10.000000000000002,-0.04227094819568361,1.400140628732524e-5,0.003741845305103518,0.003321102820130935,0.04227094819568361,-0.04192459946772398
2834,25.000000000000004,-0.04226045919128569,5.949826909883965e-6,0.0024392267032574003,0.003318215786320012,0.04226045919128569,-0.041720562921158964
2835,10.000000000000002,-0.04232391542965976,0.00011466433439416955,0.010708143368211388,0.03383486826014463,0.04232391542965976,-0.043179541631452954
2836,4.000000000000001,-0.04268848440048637,0.0005462915872711109,0.02337288144990067,0.015194054006163669,0.04268848440048637,-0.044427493748641356
2837,10.000000000000002,-0.042197421420719125,9.37459354927596e-5,0.00968224847299219,0.04924121198049533,0.042197421420719125,-0.041802848316499025
2838,4.000000000000001,-0.042031398495777715,0.00038652729737065686,0.019660297489373268,0.009382852731698836,0.042031398495777715,-0.04381979709530423
2839,10.000000000000002,-0.04201266036810106,4.269968823262228e-5,0.006534499845636411,0.0035135072649797455,0.04201266036810106,-0.04215860268868342
2840,25.000000000000004,-0.042093340630925506,1.129044073692038e-5,0.0033601251073316274,0.014337233021939084,0.042093340630925506,-0.0420252184323973
2841,10.000000000000002,-0.04235633273949774,2.763534787888626e-5,0.00525693331505035,0.024151902266510036,0.04235633273949774,-0.04205208938836376
2842,4.000000000000001,-0.04259804924900989,0.00039764343277703463,0.019940998790858862,0.004093477429933398,0.04259804924900989,-0.04384076302635979
2843,10.000000000000002,-0.04245873830424483,3.7142174905228584e-5,0.006094438030305057,0.011089942753840298,0.04245873830424483,-0.042413610308600455
2844,4.000000000000001,-0.042189282250625924,3.784005983608677e-5,0.006151427463287426,0.0025371991538758725,0.042189282250625924,-0.041937915245787584
2845,10.000000000000002,-0.04209605971271952,3.0462648937019854e-5,0.005519297866306896,0.017839866341748743,0.04209605971271952,-0.04212612559232036
2846,4.000000000000001,-0.042327481468188606,0.0001883346114210692,0.013723505799214325,0.011838158268654303,0.042327481468188606,-0.042937775932552505
2847,10.000000000000002,-0.04218700650684801,2.8186797236231842e-5,0.0053091239612794725,0.010990281775555905,0.04218700650684801,-0.042279520121752893
2848,4.000000000000001,-0.042105503785555456,5.942029655614292e-5,0.007708456172032304,0.0022330426500037017,0.042105503785555456,-0.04227700552422002
2849,10.000000000000002,-0.04219560348797591,1.2801820114023677e-5,0.0035779631236254627,0.00233855905803484,0.04219560348797591,-0.04217054735458643
2850,25.000000000000004,-0.04220031379902891,1.0114473509383059e-5,0.0031803260067771446,0.004463326381845153,0.04220031379902891,-0.04181520653923042
2851,10.000000000000002,-0.04207244682614414,1.5993354081465944e-5,0.003999169173899242,0.050440073669582766,0.04207244682614414,-0.04160091421569556
2852,4.000000000000001,-0.043077197242095494,0.0006510063485831903,0.025514826054339274,0.017475879278439185,0.043077197242095494,-0.04536417541215229
2853,10.000000000000002,-0.04263131402553555,0.0001239331627441098,0.011132527239765003,0.05263268496909445,0.04263131402553555,-0.04171286650227503
2854,4.000000000000001,-0.04175119372469253,0.0004085609844078988,0.020212891540002356,0.018831405990050235,0.04175119372469253,-0.0440201438894123
2855,10.000000000000002,-0.04179581561572604,4.388064424825692e-5,0.006624246692889458,0.017789719049120165,0.04179581561572604,-0.04213044982007383
2856,4.000000000000001,-0.04230570052445161,0.00017546817446990716,0.013246440067803393,0.013261273092094138,0.04230570052445161,-0.04285738210309406
2857,10.000000000000002,-0.04246567094225446,1.7455486523536988e-5,0.00417797636703907,0.0034170238099948754,0.04246567094225446,-0.04235881055983766
2858,25.000000000000004,-0.04217969904072476,1.4333552121091705e-5,0.0037859677918719416,0.012199335973891069,0.04217969904072476,-0.041844167313349535
2859,10.000000000000002,-0.042231981489821796,7.940195632244012e-5,0.00891077753747899,0.014914961975182281,0.042231981489821796,-0.04276030384519676
2860,4.000000000000001,-0.04242618972544613,0.00026094472694149863,0.01615378367261053,0.036962695874034175,0.04242618972544613,-0.04340777360026886
2861,1.6000000000000005,-0.042627711045399294,0.00030168145909545657,0.017368979794318853,0.01879237201839514,0.042627711045399294,-0.04282665525469646
2862,4.000000000000001,-0.042488461077554135,7.57464491460914e-5,0.008703243599146895,0.01335449608101412,0.042488461077554135,-0.04239199297474619
2863,1.6000000000000005,-0.04187073147122766,0.0001433736858145158,0.011973875137753684,0.01298075670970461,0.04187073147122766,-0.04225642483385293
2864,4.000000000000001,-0.042155380593430485,6.123108003183963e-5,0.007825029075462892,0.0035436527401392125,0.042155380593430485,-0.04238774202572031
2865,10.000000000000002,-0.04218432822103108,2.5595628855130266e-5,0.00505921227614836,0.00302147573026706,0.04218432822103108,-0.04204652320859699
2866,25.000000000000004,-0.04217386379645299,1.839367220255241e-5,0.004288784466786879,0.006587182218898161,0.04217386379645299,-0.041462449330835933
2867,10.000000000000002,-0.042451410223769845,0.00014162577859786604,0.011900662947830513,0.024616788036784566,0.042451410223769845,-0.04331653537734702
2868,4.000000000000001,-0.04232085455458957,0.00025705620663103636,0.016032972482700653,0.006997994636264433,0.04232085455458957,-0.04337531558277161
2869,10.000000000000002,-0.04218799765218057,3.7494250479224415e-5,0.006123254892557096,0.01746533753313016,0.04218799765218057,-0.042350699314806735
2870,4.000000000000001,-0.04182717779067815,4.3531630958233564e-5,0.006597850480136206,0.0032717689534135213,0.04182717779067815,-0.04200665728804896
2871,10.000000000000002,-0.042057592792873154,2.7008340036965832e-5,0.005196954881174728,0.02015514136167293,0.042057592792873154,-0.04218122547595104
2872,4.000000000000001,-0.04253841031333534,3.2465491990017704e-5,0.005697849768993362,0.030540415656896833,0.04253841031333534,-0.04189289240573428
2873,1.6000000000000005,-0.042353488584703,0.0019422988401607403,0.04407151960348928,0.01985175622828185,0.042353488584703,-0.04553781560738612
2874,4.000000000000001,-0.042302368050215734,0.00023156476861299833,0.015217252334537872,0.02651983093126776,0.042302368050215734,-0.0422112133270309
2875,1.6000000000000005,-0.04327271122533527,0.0009426179872070081,0.030702084411437087,0.004320716877712878,0.04327271122533527,-0.0436458162406144
2876,4.000000000000001,-0.04249951063636431,0.00010231031047166537,0.010114855929357836,0.015169100391836731,0.04249951063636431,-0.0421646303490578
2877,1.6000000000000005,-0.04158943762074101,0.00048507679194645235,0.02202445894787094,0.004251472738746836,0.04158943762074101,-0.042940910584094306
2878,4.000000000000001,-0.04184955785690838,5.931930597228468e-5,0.007701902750118615,0.002496656943613316,0.04184955785690838,-0.04219126951311737
2879,10.000000000000002,-0.04213418652956303,1.9954474309307154e-5,0.004467043128212124,0.023685344129266574,0.04213418652956303,-0.041988872623114355
2880,4.000000000000001,-0.04241597809344841,3.306472461630334e-5,0.005750193441642059,0.0026614438475591508,0.04241597809344841,-0.04188736997396998
2881,10.000000000000002,-0.042355704889621044,1.2390205929819687e-5,0.0035199724331050784,0.0030157754559410562,0.042355704889621044,-0.0417533589671343
2882,25.000000000000004,-0.042266194316539774,1.0387500368371236e-5,0.003222964531044553,0.004568356536465473,0.042266194316539774,-0.04143632135326844
2883,10.000000000000002,-0.04199228921146206,1.1493432708007849e-5,0.0033901965589044907,0.004718065572265137,0.04199228921146206,-0.04110362646497607
2884,4.000000000000001,-0.042767025649253845,0.0010465016780564361,0.03234967817546932,0.03479504260718436,0.042767025649253845,-0.04729803918031508
2885,10.000000000000002,-0.042534470021055024,0.00012631631091957477,0.011239052936950461,0.01025468789367989,0.042534470021055024,-0.04281745128709325
2886,25.000000000000004,-0.042103484752980536,3.645888192497668e-5,0.006038119071778618,0.02327159213172962,0.042103484752980536,-0.041602209166047635
2887,10.000000000000002,-0.04172603373434144,0.00012180888890642459,0.011036706433824567,0.03889784977469954,0.04172603373434144,-0.042276082693468726
2888,4.000000000000001,-0.04170564574161333,0.0003234687334916149,0.017985236542553865,0.024028521864197683,0.04170564574161333,-0.04282804596162275
2889,1.6000000000000005,-0.0423695150149483,0.0031182103389945197,0.055840937841287366,0.006004703147871731,0.0423695150149483,-0.04818319151894135
2890,4.000000000000001,-0.04264401365076821,0.00031345912387812855,0.017704776866092623,0.010592723668780942,0.04264401365076821,-0.0430321593405584
2891,10.000000000000002,-0.04222897623235326,7.248414107632786e-5,0.008513761863966355,0.009310907710552678,0.04222897623235326,-0.042071095819143846
2892,25.000000000000004,-0.042106788904424784,3.962833351216552e-5,0.006295103931800135,0.06522882298011917,0.042106788904424784,-0.040604511007992436
2893,10.000000000000002,-0.041869083951967284,0.00020488367886784396,0.01431375837674522,0.007064810554970559,0.041869083951967284,-0.04337713922578423
2894,25.000000000000004,-0.041818621992553755,4.1630102907760214e-5,0.006452139405480961,0.055794522019764856,0.041818621992553755,-0.04127823558905809
2895,10.000000000000002,-0.04188374780311934,0.00012419074736588195,0.01114409024397604,0.0936196098795751,0.04188374780311934,-0.04203021638649433
2896,4.000000000000001,-0.04239751414342834,0.001076621305526238,0.032811907983630546,0.050750992284127563,0.04239751414342834,-0.04685851673609813
2897,1.6000000000000005,-0.04198756901264896,0.0032028566553999284,0.056593786367409,0.012625016036595483,0.04198756901264896,-0.04878262336988923
2898,4.000000000000001,-0.04274509685674082,0.00036904604765320456,0.019210571247446146,0.012488498605712918,0.04274509685674082,-0.043727059527051235
2899,10.000000000000002,-0.04238786516185603,9.089134306277949e-5,0.009533695142114598,0.02396651171203059,0.04238786516185603,-0.04212391765666787
2900,4.000000000000001,-0.04162404156968148,0.00025239893543884946,0.01588706818260844,0.0128876098515392,0.04162404156968148,-0.04278497031996925
2901,10.000000000000002,-0.041652457366536326,3.7788595749234e-5,0.0061472429388494156,0.014983740182389156,0.041652457366536326,-0.041872160038069386
2902,4.000000000000001,-0.04216434879259812,0.00023798916460570542,0.015426897439398029,0.011604349173524646,0.04216434879259812,-0.04282373624434637
2903,10.000000000000002,-0.04228887382251472,3.09774843186167e-5,0.0055657420276740005,0.003617601128729878,0.04228887382251472,-0.042179978515862644
2904,25.000000000000004,-0.04208009324008822,1.4044698328330485e-5,0.003747625692132351,0.01809152029804811,0.04208009324008822,-0.04166719008423239
2905,10.000000000000002,-0.0422702174898533,7.644989945271337e-5,0.008743563315531796,0.013740509898327062,0.0422702174898533,-0.04271463241315829
2906,4.000000000000001,-0.04236009201008651,0.00030323593170392756,0.01741367082794227,0.017939865430885334,0.04236009201008651,-0.04338281269320953
2907,10.000000000000002,-0.042294424680547636,3.6964138114818804e-5,0.006079813986860026,0.00955901610496643,0.042294424680547636,-0.042379781761707064
2908,4.000000000000001,-0.042228705418867515,7.66422151216895e-5,0.00875455396474826,0.01746926447504345,0.042228705418867515,-0.04233777495598315
2909,1.6000000000000005,-0.041694077240881866,0.001034389929935546,0.032161932932203346,0.003920654555021107,0.041694077240881866,-0.04393869372945314
2910,4.000000000000001,-0.0421066317944158,0.00010530896327254985,0.010262015556046963,0.006083864411790875,0.0421066317944158,-0.04259449948704902
2911,10.000000000000002,-0.042190298428564,3.9794840307424005e-5,0.0063083151718524655,0.021053600809841547,0.042190298428564,-0.041887136427190795
2912,4.000000000000001,-0.042636133143276814,0.00010700293905681941,0.010344222496486597,0.020823321182113264,0.042636133143276814,-0.042172385971655374
2913,1.6000000000000005,-0.04284535827872312,0.0010065776833562915,0.03172660844395902,0.005712043493066555,0.04284535827872312,-0.044030235253227815
2914,4.000000000000001,-0.042411526107691895,0.00010969135787612446,0.010473364210038935,0.013248592076421631,0.042411526107691895,-0.04249049839171953
2915,1.6000000000000005,-0.04144201086105707,0.00037653424694194767,0.019404490380887297,0.0029248491310514876,0.04144201086105707,-0.04283082372835124
2916,4.000000000000001,-0.04173612113492794,7.364800789225033e-5,0.008581841754090455,0.012870791531437664,0.04173612113492794,-0.0421164622670372
2917,1.6000000000000005,-0.04252040019946929,0.00043619439136997196,0.02088526732819027,0.0021345704575514456,0.04252040019946929,-0.04284012116923613
2918,4.000000000000001,-0.042464292138209125,4.229283567266608e-5,0.0065032942169846565,0.0011589489874409054,0.042464292138209125,-0.0423107319938131
2919,10.000000000000002,-0.04227662001811904,1.5176503808625711e-5,0.003895703249559149,0.009280968934066493,0.04227662001811904,-0.0420765020459631
2920,4.000000000000001,-0.0419967777004753,9.696266873788443e-5,0.009846962411722938,0.014154398569119682,0.0419967777004753,-0.042370212220713424
2921,1.6000000000000005,-0.042652581147811966,0.000444587935351102,0.021085253978814247,0.0032026600279225137,0.042652581147811966,-0.042802706586251585
2922,4.000000000000001,-0.0424622694949659,7.421017337091537e-5,0.008614532684418544,0.015328585002131048,0.0424622694949659,-0.04213267244734114
2923,1.6000000000000005,-0.04221721677488744,0.0002727623967857024,0.016515519876337603,0.009327707714360126,0.04221721677488744,-0.04234974819927992
2924,4.000000000000001,-0.04208979511439465,4.016558669586849e-5,0.0063376325781689564,0.006819330697896941,0.04208979511439465,-0.042121192962247526
2925,10.000000000000002,-0.042052465238049175,1.948889939937263e-5,0.004414623358721855,0.017509976058647975,0.042052465238049175,-0.04185297949344541
2926,4.000000000000001,-0.04257292638056284,0.00021214352926196884,0.014565147759702572,0.005495793631731706,0.04257292638056284,-0.042983214681627926
2927,10.000000000000002,-0.04245661634211963,5.884006621790133e-5,0.007670727880579609,0.03733639131465321,0.04245661634211963,-0.04177712225784651
2928,4.000000000000001,-0.041958905734687184,0.000347210808530696,0.01863359354849987,0.005897435290882226,0.041958905734687184,-0.04335590424672675
2929,10.000000000000002,-0.04196812853324145,2.9320809483639926e-5,0.005414869295157541,0.006092751304691752,0.04196812853324145,-0.0421680150774972
2930,25.000000000000004,-0.04211901155803907,8.582645572178028e-6,0.0029296152600944082,0.013014075266762012,0.04211901155803907,-0.042036151029766156
2931,10.000000000000002,-0.04226248932531399,1.0429037763716533e-5,0.0032294020752635516,0.043190004974521065,0.04226248932531399,-0.04175335140682014
2932,4.000000000000001,-0.0430279264285791,0.0004812554834529518,0.021937535947616174,0.017777335693304305,0.0430279264285791,-0.044209264338593575
2933,10.000000000000002,-0.04262555733425796,4.556139157361934e-5,0.006749917893842809,0.007911408250384807,0.04262555733425796,-0.042285228843839
2934,25.000000000000004,-0.04227987836553713,1.3711346399484817e-5,0.0037028835249687257,0.01629185307320561,0.04227987836553713,-0.0419219836166211
2935,10.000000000000002,-0.041957131780132655,4.2983073669635826e-5,0.006556147776677691,0.027878931421330577,0.041957131780132655,-0.04240772276209978
2936,4.000000000000001,-0.041703043384667474,5.102732815044646e-5,0.007143341525535963,0.004345270433604028,0.041703043384667474,-0.04206130738552604
2937,10.000000000000002,-0.041822654836294916,2.017182713330774e-5,0.0044913057269916215,0.013368164935865727,0.041822654836294916,-0.042152295625619514
2938,4.000000000000001,-0.042797420372907805,0.00020930070105165595,0.014467228520060639,0.016043961890907992,0.042797420372907805,-0.0430062028591698
2939,10.000000000000002,-0.04252459612081671,2.926437776837056e-5,0.005409655975047818,0.020279144157751394,0.04252459612081671,-0.042372187204527845
2940,4.000000000000001,-0.04189494010571762,2.878499215740702e-5,0.005365164690613608,0.009784613788613204,0.04189494010571762,-0.042033887340675216
2941,1.6000000000000005,-0.04285133916098904,0.001985384209257676,0.044557650400999335,0.010341100565850345,0.04285133916098904,-0.04531385049979671
2942,4.000000000000001,-0.042603321142677765,0.0001509679887213657,0.012286903137950006,0.004317618668198026,0.042603321142677765,-0.04252759626442484
2943,10.000000000000002,-0.04215593808794149,3.1189519382127044e-5,0.005584757772914332,0.011812852891481472,0.04215593808794149,-0.04203431352514711
2944,4.000000000000001,-0.04188792797959296,0.00013620860623254877,0.01167084428105134,0.005182351339466435,0.04188792797959296,-0.04265752544523017
2945,10.000000000000002,-0.04193606587514987,2.87142332045721e-5,0.005358566338543557,0.04688175106952649,0.04193606587514987,-0.04204387339005487
2946,4.000000000000001,-0.04215995540443913,8.341008852580817e-5,0.009132912379181582,0.018738908464346185,0.04215995540443913,-0.04227511827177484
2947,1.6000000000000005,-0.04332592551245622,0.0005043884701541161,0.022458594572103485,0.017131661715326423,0.04332592551245622,-0.04294584352428186
2948,4.000000000000001,-0.0429850512393566,9.278379779089434e-5,0.00963243467618101,0.012408902326138787,0.0429850512393566,-0.04236507279203491
2949,1.6000000000000005,-0.04245789617496287,0.000522484592480829,0.02285792187581428,0.008825841933682124,0.04245789617496287,-0.04309826547690224
2950,4.000000000000001,-0.0422750601618145,7.006361716606058e-5,0.008370401254782268,0.010686120486749256,0.0422750601618145,-0.04226885203694317
2951,1.6000000000000005,-0.04203181719240459,0.00041535160007843345,0.020380176644927136,0.0062075181660906295,0.04203181719240459,-0.04278874674090563
2952,4.000000000000001,-0.041814567132789804,6.171733230205797e-5,0.007856037951923219,0.01863491135785301,0.041814567132789804,-0.04221004796578212
2953,1.6000000000000005,-0.04210010636804209,0.0002795392609055249,0.016719427648861813,0.004132398259622172,0.04210010636804209,-0.042600588318222596
2954,4.000000000000001,-0.04236909507311396,0.00010036486791815339,0.010018226785122875,0.028636612319170474,0.04236909507311396,-0.0418395738671621
2955,1.6000000000000005,-0.04289619527798752,0.0005933636437268263,0.024359056708477572,0.0037953035989305665,0.04289619527798752,-0.0432188432940213
2956,4.000000000000001,-0.0424766269328716,5.87985245700949e-5,0.007668019598963927,0.011228537673788435,0.0424766269328716,-0.04223912065785525
2957,1.6000000000000005,-0.04211560200636256,0.0002890862726323415,0.017002537241022044,0.003830687771251898,0.04211560200636256,-0.04265046320237903
2958,4.000000000000001,-0.04199322299261081,3.9408763810535395e-5,0.006277639987330859,0.0015058961670331398,0.04199322299261081,-0.04222442848084587
2959,10.000000000000002,-0.04204962035133388,1.566486192519952e-5,0.003957886042472613,0.009161371130619968,0.04204962035133388,-0.04206574217702142
2960,4.000000000000001,-0.04240324941383168,8.490092839943229e-5,0.009214169978865828,0.01290057147605576,0.04240324941383168,-0.04245434096184221
2961,1.6000000000000005,-0.04350464646858581,0.00032558231592446176,0.018043899687275523,0.007185285165590412,0.04350464646858581,-0.04286420684285392
2962,4.000000000000001,-0.042680952642502136,8.776283042055695e-5,0.009368181809751396,0.028553018962093054,0.042680952642502136,-0.04210030373276569
2963,1.6000000000000005,-0.041619028750517345,0.0003815997851150947,0.019534579215204375,0.009670475066623987,0.041619028750517345,-0.04275543179963401
2964,4.000000000000001,-0.0416839391208453,7.023530586654694e-5,0.008380650682766043,0.020056162496932973,0.0416839391208453,-0.042119742193558865
2965,1.6000000000000005,-0.04238907320212728,0.00033473100570956065,0.018295655377973227,0.013771032293359896,0.04238907320212728,-0.04264635842323545
2966,4.000000000000001,-0.04229851481689928,3.221959739539506e-5,0.005676230914558979,0.012444994859038602,0.04229851481689928,-0.04223003248575436
2967,1.6000000000000005,-0.04242561330055164,4.851158910092626e-5,0.006965026137849467,0.0011597799392704716,0.04242561330055164,-0.04216097668269075
2968,4.000000000000001,-0.04248086809021676,2.856680252874683e-5,0.005344792094061922,0.002548511055257957,0.04248086809021676,-0.04222216968612256
2969,10.000000000000002,-0.04239499349793379,1.68984802330505e-5,0.004110776110791063,0.05233583236349857,0.04239499349793379,-0.04200248103995611
2970,4.000000000000001,-0.041669176176429894,9.435692877752337e-5,0.009713749470596994,0.012320090302530095,0.041669176176429894,-0.04236664543436573
2971,1.6000000000000005,-0.04281387276519567,0.000912839461853541,0.03021323322409472,0.007150458551800253,0.04281387276519567,-0.04352942007766929
2972,4.000000000000001,-0.04272418310330244,7.866866377954931e-5,0.008869535713866273,0.0018776800249894043,0.04272418310330244,-0.042461472563113896
2973,10.000000000000002,-0.04230011616081207,3.557584749768806e-5,0.005964549228373261,0.0244439889940059,0.04230011616081207,-0.04188238114494109
2974,4.000000000000001,-0.04182855946683464,7.71359667193333e-5,0.008782708393162857,0.016658165106522432,0.04182855946683464,-0.041801370504101695
2975,1.6000000000000005,-0.042660697566514486,0.0010654227322845569,0.03264081390352509,0.015444582407329172,0.042660697566514486,-0.04445066404443636
2976,4.000000000000001,-0.04251684325487626,0.00010936188834585552,0.010457623455922264,0.008019101586971713,0.04251684325487626,-0.04257030082483931
2977,10.000000000000002,-0.04225105932881576,4.183739207993392e-5,0.006468183058628901,0.022845901410521254,0.04225105932881576,-0.0418710254329782
2978,4.000000000000001,-0.041926443517807534,0.00017188760723612736,0.013110591414430066,0.004755868795438901,0.041926443517807534,-0.04286571598427824
2979,10.000000000000002,-0.042042914019567765,2.4306570164988062e-5,0.004930169385019957,0.002451543685103266,0.042042914019567765,-0.04218384452979906
2980,25.000000000000004,-0.04221494624053462,6.411210074743203e-6,0.0025320367443509195,0.010832333324553928,0.04221494624053462,-0.04207645612154785
2981,10.000000000000002,-0.042335004358164396,9.502313259626374e-6,0.0030825822389072403,0.031220824391920025,0.042335004358164396,-0.04194368077489913
2982,4.000000000000001,-0.042577259824321284,0.0003264949713952214,0.018069171851394335,0.017899587671959528,0.042577259824321284,-0.04354887028555011
2983,10.000000000000002,-0.04247907440916477,3.968325264916037e-5,0.006299464473204081,0.013327712749093777,0.04247907440916477,-0.04231804547826361
2984,4.000000000000001,-0.042185671072586764,5.7747290258799656e-5,0.007599163786812313,0.014928788572319615,0.042185671072586764,-0.04224480901155152
2985,1.6000000000000005,-0.0414022946988938,0.0008776519600931802,0.029625191308971833,0.014634029527802874,0.0414022946988938,-0.04385401550739376
2986,4.000000000000001,-0.041806866875715144,0.00014996735389447675,0.012246115869714639,0.010384843057169961,0.041806866875715144,-0.04218674389197447
2987,10.000000000000002,-0.0422167754665711,3.181731207064232e-5,0.0056406836527713835,0.008363608371566628,0.0422167754665711,-0.04216862349736131
2988,4.000000000000001,-0.04239561149003909,6.297972748739402e-5,0.007935976782185923,0.009502039422554134,0.04239561149003909,-0.04222286436073825
2989,10.000000000000002,-0.04234604920403498,1.747107675923548e-5,0.0041798417146149775,0.010711620249848149,0.04234604920403498,-0.041999327339512005
2990,4.000000000000001,-0.042265328130013324,0.00015678070652640994,0.012521210266040977,0.007247683137408419,0.042265328130013324,-0.04273775519762471
2991,10.000000000000002,-0.04197494226858097,3.8397810390730336e-5,0.006196596678075017,0.03370988256060084,0.04197494226858097,-0.04196439214065534
2992,4.000000000000001,-0.04244475242012205,0.0002345897262648279,0.015316322217321883,0.013179129874701066,0.04244475242012205,-0.042933364947407834
2993,10.000000000000002,-0.0423528755032524,2.0456004617725695e-5,0.004522831482348828,0.004007768557152052,0.0423528755032524,-0.04222706914801611
2994,25.000000000000004,-0.04228828700501095,6.734877590589929e-6,0.0025951642704441524,0.03229144012604221,0.04228828700501095,-0.042014500736010305
2995,10.000000000000002,-0.04214444427755433,9.237727228247988e-6,0.0030393629642160194,0.00304698124187052,0.04214444427755433,-0.04185576697921716
2996,25.000000000000004,-0.04213811450082554,5.428571614287729e-6,0.002329929529897359,0.003083140456628222,0.04213811450082554,-0.041680671452804824
2997,10.000000000000002,-0.04223161043916243,0.00013427015680987937,0.011587500024158764,0.021006664037491678,0.04223161043916243,-0.04329123716722769
2998,4.000000000000001,-0.04238987536851194,0.00018086968655568893,0.013448780114035955,0.025213277561535047,0.04238987536851194,-0.04251930062251596
2999,1.6000000000000005,-0.042634694088181206,0.002846425045267856,0.053351898234906846,0.01281728174284366,0.042634694088181206,-0.04727379701280602
3000,4.000000000000001,-0.04219349416070202,0.00026491288125297344,0.016276144545099538,0.016419254787733286,0.04219349416070202,-0.042601312251112765
3001,10.000000000000002,-0.04220506879757645,5.5684510738489937e-5,0.007462205487554597,0.021398077397928653,0.04220506879757645,-0.0420992880311425
3002,4.000000000000001,-0.0424006118567925,0.00016881388400728298,0.012992839720680117,0.010287033177504224,0.0424006118567925,-0.04255007695001258
3003,10.000000000000002,-0.0421749237564572,2.1041343563433407e-5,0.0045870844295078555,0.015257879676790797,0.0421749237564572,-0.04205370876228127
3004,4.000000000000001,-0.04182308774322563,2.2892880953518898e-5,0.004784650557095983,0.014567046509271053,0.04182308774322563,-0.041821427138174085
3005,1.6000000000000005,-0.04206773980884083,2.847231911006034e-5,0.005335945943322547,0.0013102923557773809,0.04206773980884083,-0.041751272064881155
3006,4.000000000000001,-0.04230257276492081,0.00020379104387930735,0.014275540055609362,0.004810053395200926,0.04230257276492081,-0.04283664329182308
3007,10.000000000000002,-0.042071711723130054,3.694067332689403e-5,0.0060778839514171405,0.014832104376118252,0.042071711723130054,-0.04201619737163734
3008,4.000000000000001,-0.04260231209074724,0.00022836870892192106,0.015111873110965466,0.004485325432292066,0.04260231209074724,-0.043071734609294206
3009,10.000000000000002,-0.04237450342415889,2.1231804806881898e-5,0.004607798260219505,0.00522297120611133,0.04237450342415889,-0.04223750333627575
3010,25.000000000000004,-0.042235981109405324,7.616449816234463e-6,0.0027597916255098793,0.0058076677306268774,0.042235981109405324,-0.041965175662989955
3011,10.000000000000002,-0.042125306012751725,7.716336114478054e-6,0.002777829389015469,0.012794925110695151,0.042125306012751725,-0.041698723487726005
3012,4.000000000000001,-0.042568411649429136,0.0004108203013928706,0.020268702508865005,0.0053366241913855115,0.042568411649429136,-0.04404533894141256
3013,10.000000000000002,-0.04243595808424287,4.390467576630613e-5,0.006626060350336853,0.012965464020790473,0.04243595808424287,-0.04239995959912826
3014,4.000000000000001,-0.04238501751018982,0.00019004435177548927,0.01378565746620339,0.005494717276620335,0.04238501751018982,-0.043010390529214106
3015,10.000000000000002,-0.04218403962018586,5.0558101405851204e-5,0.007110422027267524,0.024056804033617124,0.04218403962018586,-0.04189512482689991
3016,4.000000000000001,-0.04216720719899074,0.00023858467064760707,0.015446186281655646,0.01705344712592393,0.04216720719899074,-0.042966917899879
3017,10.000000000000002,-0.042119187838542564,2.1782203222908224e-5,0.0046671407974163606,0.0035863779298297136,0.042119187838542564,-0.04230424133608178
3018,25.000000000000004,-0.042127147683335156,6.905363850678186e-6,0.002627805900495352,0.020801262890626636,0.042127147683335156,-0.042019089220181285
3019,10.000000000000002,-0.04224354109296329,1.0298778121182155e-5,0.003209170939850689,0.003535010819960956,0.04224354109296329,-0.041892719904776145
3020,25.000000000000004,-0.042298629665524085,9.61478484500547e-6,0.0031007716531543353,0.015714208313665334,0.042298629665524085,-0.04217091601297637
3021,10.000000000000002,-0.04231865934650188,1.2463078023582677e-5,0.003530308488444413,0.0033621632887668737,0.04231865934650188,-0.04198769463061571
3022,25.000000000000004,-0.042261359363193876,5.887582759632258e-6,0.0024264341655260827,0.003937905006552562,0.042261359363193876,-0.04180515221298925
3023,10.000000000000002,-0.04212687632914326,8.090654777395807e-5,0.008994806711317263,0.022874095567777003,0.04212687632914326,-0.04276458283989242
3024,4.000000000000001,-0.042302136507785415,0.0005018171891998488,0.022401276508267308,0.011354486275819883,0.042302136507785415,-0.04427290360421198
3025,10.000000000000002,-0.04219501741071087,9.421352475783552e-5,0.009706365167138289,0.05937729476311986,0.04219501741071087,-0.04185669767230889
3026,4.000000000000001,-0.0423677571144907,0.0005592783263354339,0.023649066077446566,0.006972119685444786,0.0423677571144907,-0.04430843643671103
3027,10.000000000000002,-0.04217887851128796,4.212736040883309e-5,0.006490559329428635,0.010281692018110347,0.04217887851128796,-0.04234080420191002
3028,4.000000000000001,-0.04219956921238969,8.06463553951019e-5,0.008980331586032996,0.015932382601357233,0.04219956921238969,-0.04234546936236405
3029,1.6000000000000005,-0.04132896673944031,0.0001664543615667491,0.012901719325994853,0.03690124843444039,0.04132896673944031,-0.042300603605112244
3030,0.6400000000000002,-0.04200173732108423,0.005105866003809851,0.07145534272403885,0.007760305135780773,0.04200173732108423,-0.04647281108620342
3031,1.6000000000000005,-0.042378936504864545,0.0007482926098309686,0.027354937576806286,0.0031241489427544394,0.042378936504864545,-0.0432631053902152
3032,4.000000000000001,-0.04225178244466243,0.000132563470363208,0.011513621079539139,0.007000448111815253,0.04225178244466243,-0.042239781643356566
3033,10.000000000000002,-0.04203290965146185,3.853149907680598e-5,0.006207374571975335,0.008282108296456033,0.04203290965146185,-0.04191629489320954
3034,4.000000000000001,-0.04203273861144098,4.980016923800211e-5,0.007056923496680555,0.014782379079950829,0.04203273861144098,-0.0416125523800295
3035,1.6000000000000005,-0.04091807007630219,0.00030370892588300045,0.017427246652383172,0.01698587114590084,0.04091807007630219,-0.04199532108753122
3036,4.000000000000001,-0.041802463855533475,0.00021604096076846164,0.014698331904282935,0.01840355967821562,0.041802463855533475,-0.04282293345203782
3037,1.6000000000000005,-0.044376020792519254,0.0008074227852096793,0.028415185820431992,0.008038617382090123,0.044376020792519254,-0.04353087070014355
3038,4.000000000000001,-0.04352264572005389,9.345922923100726e-5,0.009667431366759594,0.005015031829941317,0.04352264572005389,-0.04237789897524721
3039,10.000000000000002,-0.04263351390362607,2.9997438611930688e-5,0.005476991748389866,0.013049721859774226,0.04263351390362607,-0.04200281688156664
3040,4.000000000000001,-0.041255125930310894,0.0001559648501925652,0.012488588799082352,0.010221156543537143,0.041255125930310894,-0.04264213688052105
3041,10.000000000000002,-0.04140226685591453,2.757791938223086e-5,0.005251468307267107,0.00298560456192511,0.04140226685591453,-0.04202083238307121
3042,25.000000000000004,-0.04184992586029458,1.2182259881499532e-5,0.0034903094248933766,0.024667630480839586,0.04184992586029458,-0.041699231237233854
3043,10.000000000000002,-0.04242972417425522,8.052940339040013e-5,0.008973817659747725,0.01503397413544105,0.04242972417425522,-0.0423409092958936
3044,4.000000000000001,-0.043898389204729264,0.00029432934950797917,0.017156029537978162,0.022370268135873086,0.043898389204729264,-0.043033558485436524
3045,1.6000000000000005,-0.04601329509225106,0.001997558256435684,0.04469405168963409,0.009035270372613433,0.04601329509225106,-0.04591685338366712
3046,4.000000000000001,-0.04416596786885681,0.00020900430374873888,0.01445698114229727,0.01465517742134361,0.04416596786885681,-0.043094004834593795
3047,10.000000000000002,-0.04266735983954548,5.6177548501096994e-5,0.007495168343746323,0.03484028826018584,0.04266735983954548,-0.042059896050592266
3048,4.000000000000001,-0.04058302875204566,0.0002049816402394613,0.014317179898271212,0.01374686530748472,0.04058302875204566,-0.042671518710080396
3049,10.000000000000002,-0.04084592169566973,3.6153084112563497e-5,0.0060127434763644705,0.019013642322497415,0.04084592169566973,-0.041911356927275246
3050,4.000000000000001,-0.04257922117593048,9.458316742576222e-5,0.00972538777765505,0.02487165902279594,0.04257922117593048,-0.0421047922838685
3051,1.6000000000000005,-0.04370325707351333,0.0003676107867833425,0.019173178838766996,0.017972858428587347,0.04370325707351333,-0.04232179646735298
3052,4.000000000000001,-0.04379007927934757,0.00015637030566701413,0.012504811300735974,0.0037523549362097,0.04379007927934757,-0.042982989178386395
3053,10.000000000000002,-0.042769747655840816,2.8450604374999937e-5,0.00533391079556079,0.015454745596027518,0.042769747655840816,-0.04223881602027911
3054,4.000000000000001,-0.04137081316612829,6.234162206214663e-5,0.007895671096375952,0.008798481896468898,0.04137081316612829,-0.04249810422393422
3055,10.000000000000002,-0.04165516308292342,1.7157638165377817e-5,0.004142177949506493,0.012673127785548499,0.04165516308292342,-0.04212205002604177
3056,4.000000000000001,-0.04189336425983353,3.295846622073688e-5,0.0057409464568777225,0.01231070113486659,0.04189336425983353,-0.04209243760399791
3057,1.6000000000000005,-0.043009941063783336,0.0011697050629203183,0.03420095119905758,0.004787808299969791,0.043009941063783336,-0.044000119657595094
3058,4.000000000000001,-0.04303884261631411,0.00012038450647495179,0.010971987353025512,0.010149258720227075,0.04303884261631411,-0.04244612118400157
3059,10.000000000000002,-0.04253798459227817,2.4921589582519505e-5,0.004992152800397791,0.014341705281391568,0.04253798459227817,-0.04208172113719315
3060,4.000000000000001,-0.041640928367161545,0.00013809895561319482,0.0117515512002967,0.006419610415737119,0.041640928367161545,-0.04262439889566621
3061,10.000000000000002,-0.041680395221306184,2.390912846094447e-5,0.004889696152210735,0.0026507277553134844,0.041680395221306184,-0.04211663843983029
3062,25.000000000000004,-0.041881401368272904,1.5404077601084382e-5,0.003924802874168891,0.02324616233560764,0.041881401368272904,-0.041556810554340275
3063,10.000000000000002,-0.04185344922168251,4.505103656122166e-5,0.006712006895200694,0.06751029196919356,0.04185344922168251,-0.04158219676503271
3064,4.000000000000001,-0.0441455755073885,0.00043893135565405746,0.020950688667775517,0.03278855810346633,0.0441455755073885,-0.04410980417385782
3065,1.6000000000000005,-0.045792160042732434,0.003083210989167284,0.05552666917047414,0.01568252994162269,0.045792160042732434,-0.04813014878872049
3066,4.000000000000001,-0.044311737437965945,0.00030221436207201194,0.017384313678486474,0.011038394340230972,0.044311737437965945,-0.04312810350999886
3067,10.000000000000002,-0.04287775269923814,6.370631325562121e-5,0.007981623472428477,0.03342686333135845,0.04287775269923814,-0.041956594765643
3068,4.000000000000001,-0.0402717467908867,0.00014690988709861193,0.012120638889869292,0.02182995344131022,0.0402717467908867,-0.04222782070726827
3069,1.6000000000000005,-0.03946009943407876,0.0012970202810448919,0.0360141677822061,0.013341000968901204,0.03946009943407876,-0.044302235672683335
3070,4.000000000000001,-0.04046861049417216,0.00013823908483314026,0.011757511847033804,0.01727775433780091,0.04046861049417216,-0.04238775458063472
3071,1.6000000000000005,-0.04312770246274771,0.0004583723709897647,0.02140963266825857,0.0078373267879142,0.04312770246274771,-0.04286705323492185
3072,4.000000000000001,-0.043109196977147365,5.921078157192916e-5,0.007694854226814772,0.0034806284999397506,0.043109196977147365,-0.042259580725845375
3073,10.000000000000002,-0.042576874583551375,1.9295460691644078e-5,0.004392659865234739,0.006799825648606379,0.042576874583551375,-0.04209223503129306
3074,4.000000000000001,-0.04201813756005127,0.00010107278529780356,0.01005349617286462,0.0035645638748505355,0.04201813756005127,-0.04253737265333239
3075,10.000000000000002,-0.04205690730338582,1.826787344221912e-5,0.004274093288899895,0.012771725671723381,0.04205690730338582,-0.04210954015001276
3076,4.000000000000001,-0.041849591330639216,4.508542615046073e-5,0.006714568202830375,0.016396625760971655,0.041849591330639216,-0.04208314840483634
3077,1.6000000000000005,-0.04235902641764025,0.0008901103331783538,0.02983471691131581,0.0031760243949570163,0.04235902641764025,-0.043765154279013084
3078,4.000000000000001,-0.04247383551167485,8.594444686959108e-5,0.00927062278757965,0.002096742909911533,0.04247383551167485,-0.042418919278829084
3079,10.000000000000002,-0.042400369928219966,2.7570262049033083e-5,0.005250739190726681,0.0019108267813459758,0.042400369928219966,-0.04198892385226575
3080,25.000000000000004,-0.04226504243733132,1.2480103414746478e-5,0.003532718983268621,0.008322550659214733,0.04226504243733132,-0.04190755099583337
3081,10.000000000000002,-0.042113419066600453,4.017636955334313e-5,0.006338483221823904,0.012571752312315138,0.042113419066600453,-0.04214590539550067
3082,4.000000000000001,-0.042448969907547984,0.00030539352523640693,0.017475512159487828,0.014414722975078224,0.042448969907547984,-0.04356064737718927
3083,10.000000000000002,-0.04228484735973308,3.9329894358305055e-5,0.006271355065558404,0.017155037690189747,0.04228484735973308,-0.042319950898505675
3084,4.000000000000001,-0.042107094154478164,0.0001576367645117758,0.012555348044231024,0.004891765001836598,0.042107094154478164,-0.042815707927310216
3085,10.000000000000002,-0.04218872715632637,1.942545452817462e-5,0.004407431738345431,0.011703943790329015,0.04218872715632637,-0.04223857924604197
3086,4.000000000000001,-0.04221837778777458,3.112134109930389e-5,0.0055786504729462925,0.015107229256586007,0.04221837778777458,-0.04214254882025839
3087,1.6000000000000005,-0.04198489116300969,0.0009018941511896157,0.030031552593724083,0.003517360279625505,0.04198489116300969,-0.04374299903443362
3088,4.000000000000001,-0.04226584372823548,7.366729476464753e-5,0.008582965382934241,0.003229717816665115,0.04226584372823548,-0.042487207268611916
3089,10.000000000000002,-0.04232735189935436,2.8034565553602793e-5,0.005294767752565054,0.02238533077752827,0.04232735189935436,-0.041987301464746996
3090,4.000000000000001,-0.042249364299109145,6.313692347120552e-5,0.007945874619650472,0.011482879280856539,0.042249364299109145,-0.041974581470762676
3091,1.6000000000000005,-0.04244428338770217,5.971159691908788e-5,0.007727327928791937,0.01976324364708876,0.04244428338770217,-0.041651060179861116
3092,0.6400000000000002,-0.040091486203122306,0.005649813168908394,0.0751652390996556,0.009301580383811353,0.040091486203122306,-0.04713342485685508
3093,1.6000000000000005,-0.041594729098479485,0.0007185602096835055,0.026805973395560654,0.003261119126402755,0.041594729098479485,-0.04327594375183709
3094,4.000000000000001,-0.04207933219732476,0.00010609697048608513,0.010300338367553036,0.006937967675127522,0.04207933219732476,-0.042270298779006676
3095,10.000000000000002,-0.042095849956240744,3.284267156211314e-5,0.005730852603418896,0.005771414530348746,0.042095849956240744,-0.042005331105645506
3096,25.000000000000004,-0.042083093726186425,1.3172005464309007e-5,0.0036293257589129426,0.013458737367234777,0.042083093726186425,-0.04164862863931191
3097,10.000000000000002,-0.04204113131215861,3.9171651008825164e-5,0.006258725989274907,0.02065554188007138,0.04204113131215861,-0.04170311985685875
3098,4.000000000000001,-0.04341538247914481,0.0007394918230544587,0.027193598935309368,0.007356059763463768,0.04341538247914481,-0.04539908810445084
3099,10.000000000000002,-0.04279430661813158,6.489443612053298e-5,0.008055708294155951,0.017743005544122774,0.04279430661813158,-0.04237904177562525
3100,4.000000000000001,-0.04158286562642544,0.0001821605552349954,0.013496686824365282,0.012625547166918254,0.04158286562642544,-0.042781051757232284
3101,10.000000000000002,-0.041717021706443425,2.9601909729993065e-5,0.005440763708340316,0.02708976440951939,0.041717021706443425,-0.042025640062729054
3102,4.000000000000001,-0.04254106787038786,0.00016514234656524044,0.012850772216689565,0.004000252122624233,0.04254106787038786,-0.042844239709711164
3103,10.000000000000002,-0.042470259863864046,1.769556104078452e-5,0.004206609209420876,0.008103421481300064,0.042470259863864046,-0.04224270304410444
3104,4.000000000000001,-0.04237939440206746,0.00011369854780918333,0.010662952115112556,0.001979142750855451,0.04237939440206746,-0.04259129511821159
3105,10.000000000000002,-0.042155559324219376,2.9154767561226413e-5,0.0053995154931925525,0.027317126331842505,0.042155559324219376,-0.0419883169797069
3106,4.000000000000001,-0.042005007239125265,6.477310831928227e-5,0.008048174222721714,0.016298743430451918,0.042005007239125265,-0.04200811759324322
3107,1.6000000000000005,-0.04229537683187191,0.0013203030711711724,0.03633597488951098,0.004418486560680399,0.04229537683187191,-0.0446562524030122
3108,4.000000000000001,-0.042377109950068395,0.00016856424066513664,0.01298322920791036,0.006996407034448345,0.042377109950068395,-0.04218668948533747
3109,10.000000000000002,-0.04212936659817075,3.909675014535937e-5,0.006252739411278817,0.010592042791326183,0.04212936659817075,-0.041975114914324554
3110,4.000000000000001,-0.04209600958735402,0.00016715169492081305,0.012928715903786154,0.015620514300186466,0.04209600958735402,-0.04264693739967328
3111,10.000000000000002,-0.04223178691958302,2.1672309611460373e-5,0.004655352791299535,0.0023902974835488255,0.04223178691958302,-0.04214028711464899
3112,25.000000000000004,-0.042295481729382245,1.3515027334449901e-5,0.003676279006611155,0.039779435778420545,0.042295481729382245,-0.04163196516737069
3113,10.000000000000002,-0.04224137465951222,0.00010714287662282404,0.010350984331107068,0.017983121750139316,0.04224137465951222,-0.04283510140780482
3114,4.000000000000001,-0.04226222190421305,0.00036787529244318787,0.019180075402437494,0.003452335070949824,0.04226222190421305,-0.04346127870293005
3115,10.000000000000002,-0.04217747394671141,7.434411972314736e-5,0.008622303620445488,0.04483546836247132,0.04217747394671141,-0.04160766610388283
3116,4.000000000000001,-0.04200328913456954,0.0004608272832344932,0.021466888065914284,0.0028445898399781597,0.04200328913456954,-0.04389128430072373
3117,10.000000000000002,-0.04201786648162577,3.090942786498278e-5,0.005559624795342108,0.013610603458763446,0.04201786648162577,-0.04213541919360279
3118,4.000000000000001,-0.04226116987232632,0.0001528701683868065,0.012364067631115841,0.005950132156997084,0.04226116987232632,-0.042773969252744966
3119,10.000000000000002,-0.042239660268354184,1.4106103979577246e-5,0.003755809364115443,0.0027052106010081,0.042239660268354184,-0.04227498508871002
3120,25.000000000000004,-0.042227085961081025,6.905831083029615e-6,0.0026278948006017316,0.022995371168094476,0.042227085961081025,-0.042017723312607044
3121,10.000000000000002,-0.04228868501454814,3.782784795926287e-5,0.006150434778067553,0.013344640874576602,0.04228868501454814,-0.04240662282196102
3122,4.000000000000001,-0.042148252856979956,3.3436711655136726e-5,0.005782448586467218,0.010469508058612834,0.042148252856979956,-0.04211495889278878
3123,1.6000000000000005,-0.043352422123207175,0.0012454479522996929,0.03529090466819593,0.015142951120954257,0.043352422123207175,-0.044301428462518055
3124,4.000000000000001,-0.04281652887867174,0.0001386042991057217,0.011773032706389705,0.008920858953705911,0.04281652887867174,-0.04273135907006327
3125,10.000000000000002,-0.04226895471624411,4.4436757760947156e-5,0.006666090140475686,0.03642955319065556,0.04226895471624411,-0.041821044120749974
3126,4.000000000000001,-0.041606526478562944,0.0001529548802472843,0.012367492884464672,0.027622075672937015,0.041606526478562944,-0.042304522923359594
3127,1.6000000000000005,-0.04120888731926585,0.0012903020109782638,0.03592077408656812,0.004006223261431596,0.04120888731926585,-0.04449429685364506
3128,4.000000000000001,-0.041718758215395016,0.00011272195064310739,0.010617059416010979,0.004107185341987335,0.041718758215395016,-0.042478174569874
3129,10.000000000000002,-0.042080591717914416,2.586865787681398e-5,0.00508612405244052,0.010658153654366169,0.042080591717914416,-0.04209785689014795
3130,4.000000000000001,-0.042777104331392014,0.00011104201339097835,0.010537647431518022,0.00787176271380353,0.042777104331392014,-0.042528093827444824
3131,10.000000000000002,-0.04223052213051971,4.656701295140058e-5,0.006824002707458474,0.028774820012961916,0.04223052213051971,-0.04169188521470192
3132,4.000000000000001,-0.0424264293620581,0.0002759677433649281,0.01661227688683668,0.006611001894956306,0.0424264293620581,-0.043147888513516884
3133,10.000000000000002,-0.04226870972680255,2.6669216168903966e-5,0.005164224643535946,0.008355068774688936,0.04226870972680255,-0.042147020099848775
3134,4.000000000000001,-0.04219207737465446,0.0001531682873989649,0.012376117622217594,0.003260650072262653,0.04219207737465446,-0.04267394954065366
3135,10.000000000000002,-0.04198568051234277,4.4187213393991736e-5,0.006647346342262583,0.029445781384588976,0.04198568051234277,-0.04174374899987824
3136,4.000000000000001,-0.04263125193074145,0.0003029669425613788,0.01740594560951455,0.0059564767955941214,0.04263125193074145,-0.04330724099916513
3137,10.000000000000002,-0.04246617286541613,2.5411678093014503e-5,0.005040999711665783,0.013438663783599113,0.04246617286541613,-0.04217930173886634
3138,4.000000000000001,-0.04240373729015408,5.820962664925146e-5,0.00762952335662271,0.018999017352462892,0.04240373729015408,-0.042226682122473214
3139,1.6000000000000005,-0.04189641330616557,0.00022021852328995813,0.01483976156445777,0.014522399366543108,0.04189641330616557,-0.04242344129655394
3140,4.000000000000001,-0.04207805507659387,5.82952798659119e-5,0.0076351345676361135,0.011747319786284027,0.04207805507659387,-0.04237265056747133
3141,1.6000000000000005,-0.04234049227183374,0.0007757998379011779,0.027853183622364927,0.0040307768179779525,0.04234049227183374,-0.04348157470273466
3142,4.000000000000001,-0.042331663132933066,8.914349689320402e-5,0.009441583389093379,0.0015610957642553335,0.042331663132933066,-0.04247426047565854
3143,10.000000000000002,-0.04228744096799372,1.8626472192024065e-5,0.004315839685625969,0.002857154114578136,0.04228744096799372,-0.04213193420510821
3144,25.000000000000004,-0.042207148397805795,8.594519899842013e-6,0.002931641161506983,0.015027917272951039,0.042207148397805795,-0.04194809113646441
3145,10.000000000000002,-0.04223714792304678,1.5100970244547642e-5,0.003885996686121547,0.016953559168560322,0.04223714792304678,-0.04190645542690042
3146,4.000000000000001,-0.042615353375259075,0.000401757155077897,0.02004388073896612,0.024291542144605927,0.042615353375259075,-0.04355143648790825
3147,10.000000000000002,-0.04229023939289133,4.318405344358551e-5,0.0065714574824452384,0.009666494117123106,0.04229023939289133,-0.0423187856003232
3148,4.000000000000001,-0.04188996346894761,0.00016653219191123844,0.012904735251497353,0.005083023678427339,0.04188996346894761,-0.04286514394861824
3149,10.000000000000002,-0.042034366854355604,2.9287102262137647e-5,0.005411755931501129,0.0025515290320959846,0.042034366854355604,-0.04210187301631147
3150,25.000000000000004,-0.04210286580226633,1.125957335211657e-5,0.003355528773847211,0.0055954204617048465,0.04210286580226633,-0.04188193696865091
3151,10.000000000000002,-0.04216235916498292,1.2940549964971853e-5,0.0035972975919392395,0.011841460354200507,0.04216235916498292,-0.04155328414427046
3152,4.000000000000001,-0.04195807514983324,1.5873829555861302e-5,0.003984197479525996,0.01916590829469644,0.04195807514983324,-0.04137236015634662
3153,1.6000000000000005,-0.0438374639947271,0.004440347917214747,0.06663593562946908,0.007721050749181829,0.0438374639947271,-0.050704165039705935
3154,4.000000000000001,-0.04377289385970797,0.0005490894786527014,0.02343265837784312,0.037625606865395726,0.04377289385970797,-0.04214877730576409
3155,1.6000000000000005,-0.04136607627442841,0.001932692996707504,0.043962404355397854,0.005968777588706221,0.04136607627442841,-0.04557187653161856
3156,4.000000000000001,-0.04156749556345972,0.00018757611557574243,0.013695843003471616,0.0064690482091491665,0.04156749556345972,-0.04237338768347644
3157,10.000000000000002,-0.04190542080841905,5.079192297908442e-5,0.007126845233277093,0.011411270178041265,0.04190542080841905,-0.04154511775745491
3158,4.000000000000001,-0.042271006049972776,0.00032338129761375365,0.01798280561018646,0.005548919983833377,0.042271006049972776,-0.04291847751853558
3159,10.000000000000002,-0.04221418638424672,4.164885394821022e-5,0.006453592328944416,0.0032388987586565512,0.04221418638424672,-0.04201760989659687
3160,25.000000000000004,-0.042289978571634676,2.5805082952632815e-5,0.005079870367699634,0.05322431134151767,0.042289978571634676,-0.04102829765506085
3161,10.000000000000002,-0.04182426030037638,0.00017104336500864468,0.013078354828060168,0.015375632964196974,0.04182426030037638,-0.043445755745826
3162,25.000000000000004,-0.04189434395951725,1.9442774655472616e-5,0.004409396178103371,0.01978019188196083,0.04189434395951725,-0.04177841221956763
3163,10.000000000000002,-0.04237584285794123,0.0001370319662765646,0.011706065362732459,0.01941385712472029,0.04237584285794123,-0.043052523047181004
3164,4.000000000000001,-0.0427510970706447,0.0005545260332326506,0.023548376445790282,0.007472129522880889,0.0427510970706447,-0.04428006941506182
3165,10.000000000000002,-0.04234423539965271,6.112603155589903e-5,0.007818313856318319,0.006544312866536596,0.04234423539965271,-0.04228383285308125
3166,25.000000000000004,-0.04206931583376261,2.8051365498894137e-5,0.0052963539816456885,0.039960434828297545,0.04206931583376261,-0.04114884301356473
3167,10.000000000000002,-0.04168237553135139,0.00013294097114945416,0.011530003085405232,0.00878051130123682,0.04168237553135139,-0.04316173251602662
3168,25.000000000000004,-0.041869080172273934,1.782679519755633e-5,0.004222178963231702,0.01777299972854766,0.041869080172273934,-0.04190106346731849
3169,10.000000000000002,-0.04252833177321024,3.079242311233404e-5,0.005549092098022346,0.03305626294172237,0.04252833177321024,-0.0417247995563153
3170,4.000000000000001,-0.04314578892755261,0.0002829802100876272,0.016822015636885707,0.029557922365808665,0.04314578892755261,-0.04239698069597217
3171,1.6000000000000005,-0.04201220954035502,0.0044155968768883,0.06644995768913853,0.007354125735507132,0.04201220954035502,-0.051689508701426544
3172,4.000000000000001,-0.0421759982790648,0.0005375689119353123,0.02318553238412507,0.00473717350760895,0.0421759982790648,-0.04354179138155683
3173,10.000000000000002,-0.04221067181089711,0.00011133002569400398,0.010551304454616215,0.012203111977687982,0.04221067181089711,-0.0414157432119294
3174,25.000000000000004,-0.04183762133297209,4.93279850617991e-5,0.007023388431647441,0.014424170651277771,0.04183762133297209,-0.04046007361022603
3175,10.000000000000002,-0.041494014499931245,0.0002796348187259029,0.016722285092830552,0.013003353740705246,0.041494014499931245,-0.0432847883402344
3176,25.000000000000004,-0.041567233319150416,3.635316595978633e-5,0.006029358669028268,0.00850980246441267,0.041567233319150416,-0.041574503304922565
3177,10.000000000000002,-0.042587225637285966,0.0002126164254597088,0.014581372550610892,0.019239914816957457,0.042587225637285966,-0.0434541469157898
3178,4.000000000000001,-0.043164670929838805,0.000663092633316095,0.025750585106286323,0.040526844705229145,0.043164670929838805,-0.04490233178589464
3179,1.6000000000000005,-0.042722298882047274,0.0019971429496890908,0.044689405340517685,0.005767628427285812,0.042722298882047274,-0.04633712036368135
3180,4.000000000000001,-0.04244886077307486,0.00030853198735587183,0.017565078632214313,0.004337532525004979,0.04244886077307486,-0.0426629027016199
3181,10.000000000000002,-0.04205690531031061,7.820017177902078e-5,0.008843086100396217,0.006740021141156545,0.04205690531031061,-0.041638893980913895
3182,25.000000000000004,-0.041877721048309634,3.0056302070309563e-5,0.005482362818193407,0.018648275922223626,0.041877721048309634,-0.040968053067484245
3183,10.000000000000002,-0.04142146871440139,0.0001729050551655935,0.013149336681581832,0.009215492575722586,0.04142146871440139,-0.04284758564463075
3184,25.000000000000004,-0.041621806189104105,2.4982960204566282e-5,0.004998295730003006,0.03131026457239821,0.041621806189104105,-0.041374639765280864
3185,10.000000000000002,-0.04222430463477265,0.00015641783550671953,0.0125067116184359,0.017523983332906144,0.04222430463477265,-0.04307465284248709
3186,4.000000000000001,-0.04356082977683543,0.0006972111716863012,0.0264047566110029,0.012944315751125642,0.04356082977683543,-0.04530373274723417
3187,10.000000000000002,-0.04260578468565483,8.913945894577169e-5,0.009441369548204947,0.02109780138081314,0.04260578468565483,-0.04231947498085507
3188,4.000000000000001,-0.04200076554196476,0.00026735350432234095,0.016350948116924013,0.00397097059946597,0.04200076554196476,-0.04321365410406427
3189,10.000000000000002,-0.041869911682913825,5.019551545264948e-5,0.00708487935342935,0.016415289019868152,0.041869911682913825,-0.04185437370239341
3190,4.000000000000001,-0.04206310629842783,0.0003863886312080536,0.01965677062001929,0.008547353017538856,0.04206310629842783,-0.04348573661626295
3191,10.000000000000002,-0.04218495591464167,4.683482641596905e-5,0.0068435974761794,0.006153030977127909,0.04218495591464167,-0.042045623444364556
3192,25.000000000000004,-0.04208227132742941,2.415296899834039e-5,0.004914567020434291,0.036776316126943195,0.04208227132742941,-0.04122454431365032
3193,10.000000000000002,-0.04207318254363893,0.00015735009721057474,0.01254392670620228,0.011830678694264058,0.04207318254363893,-0.04308330443620649
3194,25.000000000000004,-0.041998390339897565,1.8554153923897305e-5,0.004307453299096498,0.011334798045950494,0.041998390339897565,-0.041665559282734806
3195,10.000000000000002,-0.04213541673587713,6.232374798960574e-5,0.007894539124585155,0.026182578652880786,0.04213541673587713,-0.04191907321014985
3196,4.000000000000001,-0.042366012729497714,0.0007401172153356563,0.027205095392879186,0.025386432046956828,0.042366012729497714,-0.04391611419622598
3197,10.000000000000002,-0.04225867939953577,9.328429941794207e-5,0.009658379751176803,0.010643881535127627,0.04225867939953577,-0.04261312008123114
3198,25.000000000000004,-0.04206335245811816,1.625546277002031e-5,0.004031806390443409,0.011493982477227983,0.04206335245811816,-0.0418896788157158
3199,10.000000000000002,-0.04197999150524572,6.905886977708536e-5,0.00831016665158319,0.008494465334936823,0.04197999150524572,-0.04247785714954055
3200,25.000000000000004,-0.041995496334146426,1.2356097499376052e-5,0.00351512410867327,0.029874254405247304,0.041995496334146426,-0.04183392205576305
3201,10.000000000000002,-0.04234538311067619,6.674502024424592e-5,0.008169762557396997,0.022343095404436946,0.04234538311067619,-0.04242360296563835
3202,4.000000000000001,-0.04274590515588709,0.0007936937251619078,0.02817257043938142,0.0067268761807565535,0.04274590515588709,-0.045227971242661466
3203,10.000000000000002,-0.04244706946359165,6.640911553543463e-5,0.008149178825834824,0.01377770531464731,0.04244706946359165,-0.04240883164081967
3204,4.000000000000001,-0.042229931052795586,0.0002505533312040323,0.015828876498476835,0.0071993218716510385,0.042229931052795586,-0.04311639244031516
3205,10.000000000000002,-0.04201737640744816,3.0963274480088765e-5,0.0055644653364082305,0.007115186496317565,0.04201737640744816,-0.04224055384566226
3206,4.000000000000001,-0.04180578881133144,0.00018075053216763123,0.013444349451261346,0.006603485764234238,0.04180578881133144,-0.042816138508125705
3207,10.000000000000002,-0.04209921705836372,2.350951364035862e-5,0.0048486610152039524,0.01738655715873431,0.04209921705836372,-0.04215446077680167
3208,4.000000000000001,-0.042172754806675934,5.6086072451443165e-5,0.007489063522994258,0.008030962805244218,0.042172754806675934,-0.04219682061080669
3209,10.000000000000002,-0.042257041998176,1.1023985664656763e-5,0.0033202387963302826,0.008798946734988933,0.042257041998176,-0.0420990780935744
3210,4.000000000000001,-0.04234276347288542,1.7755139277185253e-5,0.004213684762435991,0.01690306429138211,0.04234276347288542,-0.04203139856957189
3211,1.6000000000000005,-0.04275369696242818,0.0014425687707855096,0.03798116336798426,0.006092136123291749,0.04275369696242818,-0.04446823510924013
3212,4.000000000000001,-0.04252268599092478,0.0001207106723562648,0.010986840872437573,0.002491497314867311,0.04252268599092478,-0.04256384494841956
3213,10.000000000000002,-0.042219831182309014,2.3014173607734427e-5,0.00479730899648276,0.009618665736096894,0.042219831182309014,-0.0421003415139379
3214,4.000000000000001,-0.04220783788679703,0.00012774373008855042,0.011302377187501328,0.004907044304604599,0.04220783788679703,-0.042564020330310794
3215,10.000000000000002,-0.04212099456885959,3.0104449177555097e-5,0.005486752152007151,0.023838550536092764,0.04212099456885959,-0.04191006874019469
3216,4.000000000000001,-0.04233142548175646,0.0001898576998173627,0.013778886015108866,0.003852084874402425,0.04233142548175646,-0.04280991458579649
3217,10.000000000000002,-0.04228834507543693,2.0701175340744166e-5,0.004549854430720192,0.013500965606488138,0.04228834507543693,-0.042142342662214644
3218,4.000000000000001,-0.04213379835200546,0.00012662977657729453,0.011252989672851146,0.0032030073299306582,0.04213379835200546,-0.042618166566221125
3219,10.000000000000002,-0.042227041937932704,4.8525091548178435e-5,0.006965995373826948,0.03200670764279845,0.042227041937932704,-0.041684156882889234
3220,4.000000000000001,-0.042414009851527275,0.00022956432042070627,0.015151380149039436,0.015135674280763595,0.042414009851527275,-0.042975414877639465
3221,10.000000000000002,-0.042209489252789986,3.681738933542331e-5,0.006067733459490727,0.028826676323142484,0.042209489252789986,-0.042066726837257935
3222,4.000000000000001,-0.04218826843366357,0.0002490668399422921,0.01578185160056614,0.008072976345047705,0.04218826843366357,-0.04303614774913756
3223,10.000000000000002,-0.04225554614824888,2.0545583803978807e-5,0.004532723662874101,0.01844726205591707,0.04225554614824888,-0.04224217204017755
3224,4.000000000000001,-0.04233336051954783,4.56395871586197e-5,0.006755707746684998,0.009169083596098297,0.04233336051954783,-0.04229150648062523
3225,1.6000000000000005,-0.04238417304914465,0.0008986464092037716,0.02997743166456679,0.01900338202284549,0.04238417304914465,-0.04326559625045658
3226,4.000000000000001,-0.04210051342483569,0.00012328249726592527,0.01110326516237117,0.011773227518492796,0.04210051342483569,-0.042386474051961213
3227,10.000000000000002,-0.04210087260858215,2.1288957459094664e-5,0.00461399582348041,0.005320627334615744,0.04210087260858215,-0.04216677212043406
3228,25.000000000000004,-0.0421016146765831,1.0239670379232532e-5,0.00319994849634061,0.028255813217901264,0.0421016146765831,-0.04180161298987848
3229,10.000000000000002,-0.0423841633081292,4.316388984595175e-5,0.006569923123290846,0.027159811569737787,0.0423841633081292,-0.04223955079721196
3230,4.000000000000001,-0.042301989183545836,0.0003537905160856705,0.018809319926187403,0.00838167251118497,0.042301989183545836,-0.04324398612749909
3231,10.000000000000002,-0.042175586657955025,4.362384011201573e-5,0.006604834601412494,0.02005430286237756,0.042175586657955025,-0.04223879777477715
3232,4.000000000000001,-0.042481798092984635,0.00019141450560820986,0.013835263120309995,0.014050150513285162,0.042481798092984635,-0.042963779808783784
3233,10.000000000000002,-0.04246537772046095,2.1309029211500432e-5,0.00461617040537938,0.006493285202777765,0.04246537772046095,-0.04222841214619983
3234,4.000000000000001,-0.04228149752479469,0.0001226762726187809,0.01107593213317872,0.005913255939687388,0.04228149752479469,-0.042662170903136155
3235,10.000000000000002,-0.04212923266745168,2.736923564703597e-5,0.005231561492234988,0.030776037557270174,0.04212923266745168,-0.04201869000118919
3236,4.000000000000001,-0.04221992769219586,0.00019655743556253017,0.014019894277865656,0.00624618182903859,0.04221992769219586,-0.042892167019589894
3237,10.000000000000002,-0.04220826398370888,2.323046280469283e-5,0.004819799041940735,0.009097667425907265,0.04220826398370888,-0.042248946076336724
3238,4.000000000000001,-0.04237139580589402,3.71987855033943e-5,0.006099080709696692,0.014766596357842311,0.04237139580589402,-0.042238049065081384
3239,1.6000000000000005,-0.04284861441553787,0.0008954985962172354,0.029924882559790197,0.006160259623728454,0.04284861441553787,-0.04338353240176605
3240,4.000000000000001,-0.04223687167603962,0.00011335475847487937,0.010646819171700033,0.013130296007722515,0.04223687167603962,-0.04211830764203824
3241,10.000000000000002,-0.0422088784125749,2.6792468162317893e-5,0.005176144140411653,0.013351017674027145,0.0422088784125749,-0.0421187084558231
3242,4.000000000000001,-0.04233042932010487,0.00011167353364196594,0.010567569902393168,0.006166911764051553,0.04233042932010487,-0.04260184816822566
3243,10.000000000000002,-0.04223834967799248,1.6103116572762177e-5,0.004012868870616405,0.010511061443717955,0.04223834967799248,-0.04218784142767538
3244,4.000000000000001,-0.04219762693382123,3.928881378501422e-5,0.00626807895491228,0.012541648178811862,0.04219762693382123,-0.042258011733497004
3245,1.6000000000000005,-0.042877627118567706,0.0006498819287708419,0.02549278189548645,0.00459977481049432,0.042877627118567706,-0.043310455535395614
3246,4.000000000000001,-0.04241882693551936,7.054442777119621e-5,0.00839907303047165,0.006146740626961075,0.04241882693551936,-0.04241431130163944
3247,10.000000000000002,-0.04228363393904826,2.2140431072219297e-5,0.004705361949119249,0.01148657250427135,0.04228363393904826,-0.042072253261021125
3248,4.000000000000001,-0.04212766647821782,8.424094156446696e-5,0.00917828641765264,0.009494538646981595,0.04212766647821782,-0.042328184739253136
3249,10.000000000000002,-0.04211101425693967,1.955955315602721e-5,0.004422618359753327,0.01652477025713405,0.04211101425693967,-0.04202444716352355
3250,4.000000000000001,-0.04219114378132445,7.8264841276267e-5,0.00884674184523698,0.015050607223633578,0.04219114378132445,-0.042370161677097784
3251,1.6000000000000005,-0.043297447872425954,0.0007027393632355832,0.026509231660604256,0.0042291399590706335,0.043297447872425954,-0.04342898265421472
3252,4.000000000000001,-0.04280289688869002,7.262849157102561e-5,0.008522235127654341,0.00942554909712208,0.04280289688869002,-0.0423550357803504
3253,10.000000000000002,-0.04226025542278101,2.845190108958238e-5,0.005334032348006748,0.016901216113716915,0.04226025542278101,-0.04191659861198745
3254,4.000000000000001,-0.04207614613507472,0.00018933513308275126,0.013759910358819611,0.007236959013238252,0.04207614613507472,-0.04284526741523442
3255,10.000000000000002,-0.04207114592469012,2.6831725085339123e-5,0.005179934853387552,0.009057127572708589,0.04207114592469012,-0.04217691012062496
3256,4.000000000000001,-0.04209651693505417,9.886164440670218e-5,0.009942919310077005,0.0038091691116733054,0.04209651693505417,-0.04252136975891591
3257,10.000000000000002,-0.04211740262231901,1.4433648394431876e-5,0.0037991641705027537,0.014559894414507389,0.04211740262231901,-0.042169923631360184
3258,4.000000000000001,-0.04207568208575451,2.0949995425992555e-5,0.004577116496877981,0.018681819689572103,0.04207568208575451,-0.04206606852768454
3259,1.6000000000000005,-0.04276921951081532,0.000794786191824646,0.028191952607519864,0.0037371674186771338,0.04276921951081532,-0.04323004935633942
3260,4.000000000000001,-0.04264423929785393,0.00011044316237523476,0.010509194182963543,0.003921465952003187,0.04264423929785393,-0.042356109644067545
3261,10.000000000000002,-0.042427974328796955,1.7325624151049025e-5,0.004162406053119881,0.008275643763024122,0.042427974328796955,-0.04214581326022556
3262,4.000000000000001,-0.04193561987130479,9.570316280399271e-5,0.00978279933372819,0.003838235407604115,0.04193561987130479,-0.042575060731033294
3263,10.000000000000002,-0.04194092544895478,2.098557482586592e-5,0.004581001509044274,0.019498335350401446,0.04194092544895478,-0.04211187369376734
3264,4.000000000000001,-0.04228425149310289,2.497978337095423e-5,0.004997977928217994,0.022141544795845014,0.04228425149310289,-0.04187503934802224
3265,1.6000000000000005,-0.042990249343075035,0.0009847509386219397,0.03138074152441175,0.007667588093184079,0.042990249343075035,-0.04377939058771436
3266,4.000000000000001,-0.042732143366689825,0.00012312657764525326,0.011096241599985701,0.004754392575295472,0.042732143366689825,-0.04239499630545621
3267,10.000000000000002,-0.04241621026933891,3.636800769323872e-5,0.0060305893321663615,0.008537690058293967,0.04241621026933891,-0.04193181298627409
3268,4.000000000000001,-0.042018869971102844,8.918225131626218e-5,0.009443635492555936,0.026210685471656472,0.042018869971102844,-0.041995779088451014
3269,1.6000000000000005,-0.04205187863612434,0.0010128492723669512,0.031825292965924935,0.004534421748314089,0.04205187863612434,-0.04401549125911952
3270,4.000000000000001,-0.041972852713029175,0.0001623349290297501,0.012741072522741172,0.028295291689109034,0.041972852713029175,-0.04218519954390777
3271,1.6000000000000005,-0.0420086417976073,0.0007659550489744952,0.02767589292099706,0.0048321847812613766,0.0420086417976073,-0.0433308162508355
3272,4.000000000000001,-0.04199656914062179,7.793908619762261e-5,0.008828311627804187,0.021823356465990217,0.04199656914062179,-0.04229215792090517
3273,1.6000000000000005,-0.0424775295787656,0.0002696651411259629,0.01642148413286579,0.003365451473307773,0.0424775295787656,-0.042607468804704424
3274,4.000000000000001,-0.04246519338700913,4.9359042989365004e-5,0.0070255991196028975,0.013061008814205554,0.04246519338700913,-0.042170056512571184
3275,1.6000000000000005,-0.04210155111927819,9.434886879120702e-5,0.009713334586598314,0.010658703984701581,0.04210155111927819,-0.04232545995755789
3276,4.000000000000001,-0.04230393623522266,4.3819491356582316e-5,0.006619629246157395,0.03484704407100796,0.04230393623522266,-0.04204278537599146
3277,1.6000000000000005,-0.042155703876569535,0.0005083259907374354,0.0225460859294343,0.002980575247493405,0.042155703876569535,-0.04294262294128483
3278,4.000000000000001,-0.042230297445998426,6.341795222147183e-5,0.00796353892572089,0.0129657908081481,0.042230297445998426,-0.04222921845696531
3279,1.6000000000000005,-0.0426331530960797,0.00028689391194296166,0.016937942966693497,0.010923040344833454,0.0426331530960797,-0.0425795814258383
3280,4.000000000000001,-0.04240915727982963,3.8926743991147335e-5,0.006239130066856062,0.006515457984762975,0.04240915727982963,-0.04224834417755281
3281,10.000000000000002,-0.04229874409454262,3.583376554725976e-5,0.005986131100072881,0.025303654102220446,0.04229874409454262,-0.041735260556873786
3282,4.000000000000001,-0.0419912758291434,0.00027100535637819816,0.01646224032075216,0.0045862379875371935,0.0419912758291434,-0.04318950945569373
3283,10.000000000000002,-0.04216978073011709,2.7345855775405323e-5,0.0052293265126022994,0.014748123894903743,0.04216978073011709,-0.04204755328971284
3284,4.000000000000001,-0.04220606172296669,0.00013149259240276067,0.011467021950042683,0.00202462500329378,0.04220606172296669,-0.042592333747152364
3285,10.000000000000002,-0.042250587403873156,1.2505012714760698e-5,0.00353624273979611,0.004605176484863523,0.042250587403873156,-0.042199977075348734
3286,4.000000000000001,-0.04230896451164336,1.8692942972303916e-5,0.004323533621044703,0.017618536734907833,0.04230896451164336,-0.04214266293400605
3287,1.6000000000000005,-0.04252982360313853,0.0006532197244066932,0.02555816355700646,0.005288229303771968,0.04252982360313853,-0.04312957197543964
3288,4.000000000000001,-0.04240120555113229,6.460611222664934e-5,0.008037792745937739,0.00282736400722937,0.04240120555113229,-0.042363761467146606
3289,10.000000000000002,-0.04221675236068037,1.6117494915247417e-5,0.004014659999956088,0.01536731385598732,0.04221675236068037,-0.04210620312326192
3290,4.000000000000001,-0.04235089680966484,0.00011115839733814986,0.010543168277996413,0.005810423512619064,0.04235089680966484,-0.04250912540897763
3291,10.000000000000002,-0.04232055787608868,1.2997504996197136e-5,0.0036052052640865176,0.005115542115532088,0.04232055787608868,-0.04218774481479947
3292,4.000000000000001,-0.04228109162800893,1.3337802764494418e-5,0.0036520956674893413,0.011621882218102843,0.04228109162800893,-0.04200587018723626
3293,1.6000000000000005,-0.04161842041920846,3.143784994071618e-5,0.005606946579085285,0.018736479741446318,0.04161842041920846,-0.04199953965635442
3294,0.6400000000000002,-0.04156487622722428,3.123215400528918e-5,0.005588573521507003,0.026613225918804242,0.04156487622722428,-0.041929129138127706
3295,0.2560000000000001,-0.03665670550039538,0.014615244905048777,0.1208935271428904,0.011663581381523255,0.03665670550039538,-0.049893658068691844
3296,0.6400000000000002,-0.04034559883247341,0.00382673686755909,0.06186062453256587,0.011128288172683463,0.04034559883247341,-0.04531095905784848
3297,1.6000000000000005,-0.0425974802055662,0.0007259983654515959,0.026944356838707356,0.006999534214543218,0.0425974802055662,-0.04240573953266921
3298,4.000000000000001,-0.04303535765141943,0.00021629688276189862,0.014707035145191522,0.005681907017942235,0.04303535765141943,-0.04176424882872097
3299,10.000000000000002,-0.042488935684638185,7.410986285326797e-5,0.008608708547352963,0.022568490149652815,0.042488935684638185,-0.041362896048243544
3300,4.000000000000001,-0.04176926906420262,0.0004672707900565049,0.02161644721170676,0.005226217302049568,0.04176926906420262,-0.04305416333662013
3301,10.000000000000002,-0.04177445225191113,5.580700534182551e-5,0.007470408646240546,0.006851794133475801,0.04177445225191113,-0.04169471509606364
3302,25.000000000000004,-0.04191567866878313,1.993450452214827e-5,0.004464807333149805,0.007783730792017525,0.04191567866878313,-0.04119618055621836
3303,10.000000000000002,-0.041934010127321834,7.233178341516488e-5,0.008504809428503667,0.03414897891085479,0.041934010127321834,-0.041402953138891224
3304,4.000000000000001,-0.04219044460754232,0.0012726659641266254,0.0356744441319921,0.007258077320010163,0.04219044460754232,-0.046896178187583876
3305,10.000000000000002,-0.042285327174908446,0.00012164999233935462,0.011029505534671743,0.006955684996988473,0.042285327174908446,-0.0419472152637875
3306,25.000000000000004,-0.04213920225158729,3.857683353295719e-5,0.006211025159581725,0.01640636622461135,0.04213920225158729,-0.040863471226539924
3307,10.000000000000002,-0.04162163498879264,0.00024352721441555942,0.01560535851608541,0.008963944746341398,0.04162163498879264,-0.04340614289291904
3308,25.000000000000004,-0.04176702341124928,2.465048101500003e-5,0.004964925076473967,0.016153668442280417,0.04176702341124928,-0.04150525955318956
3309,10.000000000000002,-0.041838061303067435,0.00014256559595703696,0.011940083582497945,0.016418685422643305,0.041838061303067435,-0.04269271022498727
3310,4.000000000000001,-0.04268018190657681,0.0008239524904667001,0.028704572640377353,0.008245184616543484,0.04268018190657681,-0.04529485264810192
3311,10.000000000000002,-0.04237869786783638,8.720729779455736e-5,0.009338484769734185,0.01254828742341594,0.04237869786783638,-0.04225292488676447
3312,4.000000000000001,-0.0418506061397159,0.0003895970668246564,0.019738213364553957,0.004567722327798945,0.0418506061397159,-0.043432416615767626
3313,10.000000000000002,-0.04196042152903643,4.2794520682160084e-5,0.006541752111029589,0.005134788305652545,0.04196042152903643,-0.042237515509896635
3314,25.000000000000004,-0.042092640487542236,1.3758740749399756e-5,0.003709277658709274,0.006895789584275068,0.042092640487542236,-0.041757841920740044
3315,10.000000000000002,-0.042236511620676924,2.279318754867949e-5,0.004774221145766029,0.017096282294204332,0.042236511620676924,-0.041577152960297833
3316,4.000000000000001,-0.042023037254876106,0.0008350312919184727,0.028896907999273427,0.009619062787641445,0.042023037254876106,-0.045181478043463966
3317,10.000000000000002,-0.04219368212066341,8.763022633471592e-5,0.009361101769274594,0.006531568973775718,0.04219368212066341,-0.042177571474680334
3318,25.000000000000004,-0.04198396869428759,3.293210589000321e-5,0.005738650180138463,0.03653141685095441,0.04198396869428759,-0.04089589022718739
3319,10.000000000000002,-0.0418102538706897,0.0002127531560720326,0.01458606033416949,0.01966887048933339,0.0418102538706897,-0.0434877331834053
3320,4.000000000000001,-0.04227867591918025,0.0007493637485624138,0.02737450910176133,0.005523460941325824,0.04227867591918025,-0.04503664411162332
3321,10.000000000000002,-0.042455317273831804,7.640568076745801e-5,0.00874103430764678,0.015758408344877333,0.042455317273831804,-0.04228501826522665
3322,4.000000000000001,-0.04208973391262033,0.00031839134669369535,0.01784352394269964,0.010973626134771708,0.04208973391262033,-0.043139832100241984
3323,10.000000000000002,-0.04200232423744243,4.3592000245454074e-5,0.006602423815952296,0.007917784850474176,0.04200232423744243,-0.042077147855009676
3324,25.000000000000004,-0.042059035632602305,1.4502600476229244e-5,0.0038082279968811275,0.008866767907756147,0.042059035632602305,-0.04170628917673483
3325,10.000000000000002,-0.04221720830576218,9.864319781884561e-5,0.009931928202461273,0.02206348408908131,0.04221720830576218,-0.042417077152754695
3326,4.000000000000001,-0.041973808154259835,0.00033755376702675227,0.018372636365713884,0.01618336745086241,0.041973808154259835,-0.043024534925855916
3327,10.000000000000002,-0.04209582738639127,3.4029018647167044e-5,0.005833439692597074,0.004669551348498865,0.04209582738639127,-0.042157598503998736
3328,25.000000000000004,-0.04219277131915786,1.4880491469788745e-5,0.0038575240076749676,0.03768744673071129,0.04219277131915786,-0.04153931111121075
3329,10.000000000000002,-0.042124828031825365,0.00013763811264605146,0.011731927064470331,0.01370025161382882,0.042124828031825365,-0.042988277624208655
3330,25.000000000000004,-0.042147198355947345,2.3310198968322787e-5,0.0048280636872687155,0.04455557251404707,0.042147198355947345,-0.04170297264106667
3331,10.000000000000002,-0.041998174806170956,0.0001012745214402641,0.01006352430514599,0.025175903706807716,0.041998174806170956,-0.042516868060869246
3332,4.000000000000001,-0.04209663458276093,0.0007073071328616591,0.026595246433557616,0.006126356291498309,0.04209663458276093,-0.04483118504818108
3333,10.000000000000002,-0.04206087576457114,6.709673378689549e-5,0.008191259597088564,0.004716035415510259,0.04206087576457114,-0.042217915495634785
3334,25.000000000000004,-0.04206621321683505,2.1058444021840425e-5,0.004588948029978159,0.02576279953685744,0.04206621321683505,-0.041564982442063886
3335,10.000000000000002,-0.042069305303806884,0.00011330629161248067,0.010644542808992815,0.011004650842211037,0.042069305303806884,-0.042544507431422546
3336,25.000000000000004,-0.04207486642039878,1.948088149256698e-5,0.004413715157615745,0.0073127816919002315,0.04207486642039878,-0.04190661524976633
3337,10.000000000000002,-0.04208035244020141,8.958800596708136e-5,0.009465094081258852,0.005513878509213592,0.04208035244020141,-0.04265830765065801
3338,25.000000000000004,-0.04210664258049242,1.3198862517119018e-5,0.0036330238806150197,0.0154895321203533,0.04210664258049242,-0.04195879960731205
3339,10.000000000000002,-0.04219653082566203,2.318582910653446e-5,0.004815166571006081,0.021522153157488236,0.04219653082566203,-0.0418636198571171
3340,4.000000000000001,-0.04202024199451149,0.0007541023303996638,0.027460923698952002,0.012607761759849588,0.04202024199451149,-0.04499349082826497
3341,10.000000000000002,-0.04213754474981529,7.353237798578892e-5,0.008575102214305607,0.027212594130424463,0.04213754474981529,-0.04227916381980965
3342,4.000000000000001,-0.04244204853634782,0.00011954820009060023,0.010933809953104189,0.02835593680207508,0.04244204853634782,-0.04201957522747198
3343,1.6000000000000005,-0.04117211955876254,0.0017743968769493635,0.04212359050400812,0.01159309717143383,0.04117211955876254,-0.045397620381007316
3344,4.000000000000001,-0.04168402852201766,0.00020732405865075482,0.014398751982403018,0.014746836437694928,0.04168402852201766,-0.042530528738735446
3345,10.000000000000002,-0.04208661665147102,5.053550810423626e-5,0.007108833104260942,0.021814391781321628,0.04208661665147102,-0.04178874506442712
3346,4.000000000000001,-0.04212808201542454,0.0002618705143069919,0.016182413735502867,0.007301598447610933,0.04212808201542454,-0.042755713839240164
3347,10.000000000000002,-0.042230574634696906,3.496702149793381e-5,0.005913291934103526,0.005930301441751886,0.042230574634696906,-0.042021273777227065
3348,25.000000000000004,-0.04224158178154772,2.476276184175509e-5,0.0049762196335928635,0.04763356666989863,0.04224158178154772,-0.041086477808568465
3349,10.000000000000002,-0.04222389970113026,0.0001865295729863752,0.013657582984788166,0.037154467431289924,0.04222389970113026,-0.04293644137554219
3350,4.000000000000001,-0.04166616510546649,0.0006456995767033985,0.025410619368748145,0.010700019167690259,0.04166616510546649,-0.044163959821728806
3351,10.000000000000002,-0.04177286235400502,7.365574073909221e-5,0.008582292277654741,0.023464837733199555,0.04177286235400502,-0.04209287981111516
3352,4.000000000000001,-0.042142707084031734,0.0003602683610656194,0.0189807365785846,0.007031124470124135,0.042142707084031734,-0.043342013585855994
3353,10.000000000000002,-0.042139781587652955,4.886051863501867e-5,0.006990029945216162,0.027981708058281665,0.042139781587652955,-0.04197275096250002
3354,4.000000000000001,-0.042019189158192326,8.094940389238278e-5,0.008997188666043565,0.026639227902752843,0.042019189158192326,-0.04179326486195745
3355,1.6000000000000005,-0.04098659854526819,0.0011262239842451023,0.03355926078216119,0.03046251785495806,0.04098659854526819,-0.04369547812136927
3356,4.000000000000001,-0.04156190226433724,0.00014770902663461646,0.012153560245237461,0.01690465989332168,0.04156190226433724,-0.04264857191888604
3357,1.6000000000000005,-0.04230693126560139,0.00014761584836652544,0.012149726267143859,0.01712118352711587,0.04230693126560139,-0.041873891239919955
3358,0.6400000000000002,-0.04354375849671952,0.005050141143487357,0.0710643450929322,0.01861923308410877,0.04354375849671952,-0.04623085273079466
3359,1.6000000000000005,-0.04353225614383657,0.0008679556338267605,0.029461086772669478,0.004091493983400419,0.04353225614383657,-0.043171152501029326
3360,4.000000000000001,-0.042767148072487056,0.00021387408727356144,0.014624434596713866,0.008419358158911433,0.042767148072487056,-0.041863077418303585
3361,10.000000000000002,-0.04222386824531296,7.901678607547696e-5,0.008889138657680899,0.016440272878281773,0.04222386824531296,-0.041336961677641317
3362,4.000000000000001,-0.041208532318648156,0.00040770547037879013,0.020191717865966484,0.009245116296561951,0.041208532318648156,-0.042782649813203955
3363,10.000000000000002,-0.04181476724943769,8.044792115140721e-5,0.008969276512150086,0.03403704516996239,0.04181476724943769,-0.0410593691320897
3364,4.000000000000001,-0.04230496821293099,0.0006462205809393065,0.02542086900440869,0.007714358766481585,0.04230496821293099,-0.04366416820607183
3365,10.000000000000002,-0.04229602443753418,0.00029739640883654774,0.017245185091397185,0.07873643234646147,0.04229602443753418,-0.038132525855634265
3366,4.000000000000001,-0.04139618440938627,0.0017321313728636725,0.04161888240767251,0.0086714144922482,0.04139618440938627,-0.04925244496342897
3367,10.000000000000002,-0.041410841845382185,0.00013687958112611838,0.011699554740506938,0.008942378768490659,0.041410841845382185,-0.041820003684246036
3368,25.000000000000004,-0.041669631173630886,3.675711786006439e-5,0.006062764869270817,0.03158604318327158,0.041669631173630886,-0.04089064578164885
3369,10.000000000000002,-0.0421272571535044,0.00019342265759072867,0.013907647449900673,0.030609880054185534,0.0421272571535044,-0.042579542545159395
3370,4.000000000000001,-0.04282368916608787,0.0005444823259656644,0.023334145066097118,0.03850735581059503,0.04282368916608787,-0.043040349684960504
3371,1.6000000000000005,-0.04143787687284963,0.003214865397769392,0.056699783048697744,0.010224811816524643,0.04143787687284963,-0.04921020788875331
3372,4.000000000000001,-0.04160821661572201,0.0005048272368900809,0.022468360796686546,0.009722096342997477,0.04160821661572201,-0.04338858059289709
3373,10.000000000000002,-0.04151012500882975,0.0001310438090824079,0.011447436790933066,0.010715014588649293,0.04151012500882975,-0.04107339789541012
3374,25.000000000000004,-0.041730121252024965,5.779798077281263e-5,0.007602498324420245,0.02205128571075758,0.041730121252024965,-0.03989957425846905
3375,10.000000000000002,-0.041947360951973406,0.0003606652794670474,0.018991189522171787,0.023604799420656256,0.041947360951973406,-0.043603716741286505
3376,25.000000000000004,-0.04183107187232359,4.459296963022417e-5,0.006677796764669031,0.020338123246283906,0.04183107187232359,-0.04111673708756502
3377,10.000000000000002,-0.04165332573334581,0.0002399887272967261,0.015491569555623669,0.0222149767425057,0.04165332573334581,-0.04289976763955826
3378,4.000000000000001,-0.041965179581561,0.00022785528831916775,0.01509487622735502,0.04535531915807964,0.041965179581561,-0.0398821034205793
3379,1.6000000000000005,-0.03759670499509828,0.0058349200024641465,0.07638664806407038,0.02597226707419429,0.03759670499509828,-0.05679787936065087
3380,4.000000000000001,-0.04007565375560534,0.000817599212392723,0.02859369182866604,0.014008678297206067,0.04007565375560534,-0.04449822940377286
3381,10.000000000000002,-0.04147149371935533,0.00018526328001132003,0.01361114543347914,0.020427247746362363,0.04147149371935533,-0.04092363586856499
3382,4.000000000000001,-0.04269861406622168,0.0006788843827914156,0.026055409856523378,0.011158939125820397,0.04269861406622168,-0.04380113397084726
3383,10.000000000000002,-0.042479593509476804,0.00010609631828504014,0.010300306708299522,0.018226918602929163,0.042479593509476804,-0.04128990727582633
3384,4.000000000000001,-0.041503624728450456,0.00012962349785671906,0.011385231567988376,0.029669358657775896,0.041503624728450456,-0.040482913911407514
3385,1.6000000000000005,-0.04060755891881806,0.004238370907650065,0.06510277188914514,0.008573785271213183,0.04060755891881806,-0.0502537075208966
3386,4.000000000000001,-0.04171777919373878,0.0005842419506662534,0.02417109742370531,0.007685159308850748,0.04171777919373878,-0.04277442924861879
3387,10.000000000000002,-0.04197868342203368,0.00013698381582118375,0.01170400853644527,0.014219811115431268,0.04197868342203368,-0.04089357748884212
3388,25.000000000000004,-0.041776041238000695,5.758967604238425e-5,0.0075887862034968575,0.024651851108386597,0.041776041238000695,-0.03974658320842409
3389,10.000000000000002,-0.04141275341922118,0.00038854127867900864,0.01971145044584514,0.018787006398279335,0.04141275341922118,-0.04351479455837519
3390,25.000000000000004,-0.041529112797175805,5.641774202127937e-5,0.00751117447682314,0.03507116008151786,0.041529112797175805,-0.041043318104773206
3391,10.000000000000002,-0.041692557381263214,0.0002692831757850902,0.016409849962296736,0.022658276278374564,0.041692557381263214,-0.04313514003762052
3392,4.000000000000001,-0.04203510935120121,0.0013847302966017517,0.037211964428147996,0.015431354729127567,0.04203510935120121,-0.047482360827048174
3393,10.000000000000002,-0.041780934795672645,0.00016819800139577707,0.01296911721728881,0.013935422404833595,0.041780934795672645,-0.0420850055387979
3394,25.000000000000004,-0.041767185541917884,5.079456305576059e-5,0.0071270304514405285,0.0132908037142681,0.041767185541917884,-0.04052353852787691
3395,10.000000000000002,-0.04153160003217426,0.00025625112297357147,0.016007845669345124,0.013728343806621694,0.04153160003217426,-0.04328491010869668
3396,25.000000000000004,-0.04178234971706789,3.2799241751721176e-5,0.005727062226981751,0.04689347812833488,0.04178234971706789,-0.04117071612486388
3397,10.000000000000002,-0.04175572517710056,0.00019862759124865154,0.014093530120188182,0.03211792769906551,0.04175572517710056,-0.04287748820355993
3398,4.000000000000001,-0.04230181953770634,0.001159259666106585,0.03404790252139748,0.015138229429092489,0.04230181953770634,-0.04561966235976034
3399,10.000000000000002,-0.042095801550209845,0.00014833662370650533,0.012179352351685427,0.0174744030172694,0.042095801550209845,-0.04230620720642034
3400,4.000000000000001,-0.04108631927102911,0.0005163792422190717,0.022723979453851646,0.011091837007002996,0.04108631927102911,-0.04366409494153461
3401,10.000000000000002,-0.04161878581953321,7.386416521089655e-5,0.008594426403832693,0.008939922220454064,0.04161878581953321,-0.041994187324806864
3402,25.000000000000004,-0.041856043280787215,2.296195911233173e-5,0.004791863845345747,0.042219582228922546,0.041856043280787215,-0.04131026845027196
3403,10.000000000000002,-0.0421691192597567,0.00013046271075481245,0.011422027436265966,0.012607438672239648,0.0421691192597567,-0.042421146374585085
3404,25.000000000000004,-0.04205575811535278,2.072578146429448e-5,0.004552557683796492,0.013666671012464493,0.04205575811535278,-0.04172174607997807
3405,10.000000000000002,-0.04208683402931119,0.0001172161174697112,0.01082663925092691,0.025395693248609342,0.04208683402931119,-0.0423377161472279
3406,4.000000000000001,-0.042290179452784585,0.000716849149044883,0.026774038713740646,0.016703243823653274,0.042290179452784585,-0.04421084943161117
3407,10.000000000000002,-0.04213313042272772,0.00010649499889490943,0.010319641413097136,0.03204739119831263,0.04213313042272772,-0.042273638239434835
3408,4.000000000000001,-0.0422661254876981,0.0004408703972782948,0.0209969139941634,0.00839077882121213,0.0422661254876981,-0.04318894281273602
3409,10.000000000000002,-0.04215047140988615,5.980350909210645e-5,0.007733272857730189,0.007498287944123688,0.04215047140988615,-0.042003742128464194
3410,25.000000000000004,-0.042116334443984674,2.0205133995190886e-5,0.004495012124031579,0.01849613706424075,0.042116334443984674,-0.041498446843592565
3411,10.000000000000002,-0.04193270166659635,0.00012331790112629046,0.011104859347433918,0.030464217283340096,0.04193270166659635,-0.04227304179769151
3412,4.000000000000001,-0.042411357041555006,0.000827017975898067,0.02875792022900938,0.012075688930042277,0.042411357041555006,-0.04442793054852459
3413,10.000000000000002,-0.04203914992019996,8.979495053428762e-5,0.009476019762236021,0.011488154454368375,0.04203914992019996,-0.04219621635104771
3414,25.000000000000004,-0.04198242217384191,2.664797656200033e-5,0.005162167816140844,0.013478471976771975,0.04198242217384191,-0.041353872690993734
3415,10.000000000000002,-0.04191714393418071,0.00013634639541531925,0.011676745925784257,0.011527124615243897,0.04191714393418071,-0.04255477964804685
3416,25.000000000000004,-0.0420159410709054,1.8044183343745702e-5,0.004247844552681478,0.010794320418444466,0.0420159410709054,-0.04172213405157419
3417,10.000000000000002,-0.04199219142191679,0.00011955883398245311,0.01093429622712194,0.011927879510220115,0.04199219142191679,-0.04241320177741198
3418,25.000000000000004,-0.04200132468662599,1.903340148209353e-5,0.004362728673902782,0.009902572895663294,0.04200132468662599,-0.04173219502307264
3419,10.000000000000002,-0.04205436893616604,3.951146584041322e-5,0.006285814652088719,0.027391403471780398,0.04205436893616604,-0.04181737244802309
3420,4.000000000000001,-0.042394679439341935,0.0012921938683507132,0.035947098190962694,0.029480515492545434,0.042394679439341935,-0.04628053005965845
3421,10.000000000000002,-0.04220410890495032,0.00017427781574237076,0.01320143233677205,0.015727311438410413,0.04220410890495032,-0.04230645471448093
3422,25.000000000000004,-0.04192641137059909,4.221556307215559e-5,0.006497350465547906,0.022475439696522246,0.04192641137059909,-0.0409921173329716
3423,10.000000000000002,-0.04132865375741272,0.00015119861792616384,0.01229628472044153,0.05531808020521594,0.04132865375741272,-0.04210351761601418
3424,4.000000000000001,-0.04132601783350099,0.001053055008097033,0.03245080905150183,0.014974530879702378,0.04132601783350099,-0.04609103484278923
3425,10.000000000000002,-0.04187729094293459,0.00010820869211101263,0.010402340703467303,0.011833674099836652,0.04187729094293459,-0.0422648301547061
3426,25.000000000000004,-0.04194705053948108,3.1932664992520175e-5,0.0056508994852607465,0.017200488953793325,0.04194705053948108,-0.041254545392776266
3427,10.000000000000002,-0.04213175463959817,0.00014638237287876706,0.01209885832956015,0.014806878831260308,0.04213175463959817,-0.04283430053302156
3428,25.000000000000004,-0.04212350527573386,1.727825687769373e-5,0.0041567122678498845,0.02421243554045694,0.04212350527573386,-0.04175455741248873
3429,10.000000000000002,-0.0420191384484056,0.00010678803722239107,0.010333829746148862,0.01260805698651166,0.0420191384484056,-0.04234073891716674
3430,25.000000000000004,-0.04194460551966116,1.5979473688784165e-5,0.003997433387660658,0.01187168061294695,0.04194460551966116,-0.041659160003775016
3431,10.000000000000002,-0.04214796084532439,0.00010577642054081563,0.01028476643102874,0.018807310335442973,0.04214796084532439,-0.04223638507969576
3432,4.000000000000001,-0.04272354497222273,0.0013149568739683907,0.03626233409432424,0.014968021457634373,0.04272354497222273,-0.045833410680306504
3433,10.000000000000002,-0.04227732359734555,0.00018358416306784136,0.013549323343541602,0.02450571678095543,0.04227732359734555,-0.04179762073508339
3434,4.000000000000001,-0.04129890230794919,0.000705293146241494,0.02655735578406657,0.013190487943139706,0.04129890230794919,-0.04408963967133035
3435,10.000000000000002,-0.04177780907081285,0.00015899924291623224,0.012609490192558628,0.0940808458048491,0.04177780907081285,-0.040510650559323576
3436,4.000000000000001,-0.04134652611141375,0.0008630605751558841,0.0293778926261889,0.015504853258049602,0.04134652611141375,-0.044871828584310686
3437,10.000000000000002,-0.04183131803415851,7.945663297390943e-5,0.008913845016260347,0.013031473669807472,0.04183131803415851,-0.04203318162758106
3438,4.000000000000001,-0.042386817546570976,0.00043617079410483375,0.02088470239445211,0.012138189287675571,0.042386817546570976,-0.043295405921311564
3439,10.000000000000002,-0.042355771090772876,7.139371952314485e-5,0.0084494804291829,0.036709636781689856,0.042355771090772876,-0.042052465382489405
3440,4.000000000000001,-0.042138528521464685,0.0003746182605666947,0.01935505775157219,0.007276556962328629,0.042138528521464685,-0.043258442832851414
3441,10.000000000000002,-0.042076142847019535,3.745223652698115e-5,0.0061198232431158624,0.012680572483376356,0.042076142847019535,-0.042209818527049005
3442,4.000000000000001,-0.041885646003113834,0.0001894042497587806,0.013762421653138688,0.00796567542573318,0.041885646003113834,-0.04272977489788329
3443,10.000000000000002,-0.04205785730840187,2.9762606465034652e-5,0.005455511567674901,0.006999491643191595,0.04205785730840187,-0.04223248213540745
3444,4.000000000000001,-0.042441552235702486,0.000139084765349192,0.011793420426203417,0.00724737062542749,0.042441552235702486,-0.04254092446048764
3445,10.000000000000002,-0.042423317798677036,2.2619809810692274e-5,0.004756028785729989,0.004399985529051532,0.042423317798677036,-0.042220754681623715
3446,25.000000000000004,-0.04226303744216792,8.05744048282514e-6,0.0028385631017867367,0.008321835282967581,0.04226303744216792,-0.041964502574302946
3447,10.000000000000002,-0.04194125334857966,1.112107403311233e-5,0.003334827436781749,0.025557590428419864,0.04194125334857966,-0.041783764238922286
3448,4.000000000000001,-0.04213851401174516,0.00045840470206700136,0.021410387714074712,0.012183135881474856,0.04213851401174516,-0.04329007948673275
3449,10.000000000000002,-0.04209829420507334,7.33975623047411e-5,0.008567237728973155,0.010728686603747449,0.04209829420507334,-0.04216125166011143
3450,4.000000000000001,-0.042075096629893456,0.000299263020874552,0.017299220238916897,0.023722137853351054,0.042075096629893456,-0.04280971549870607
3451,1.6000000000000005,-0.042259023435175076,0.0017033669174420741,0.04127186593118942,0.006772163694732009,0.042259023435175076,-0.044495941940161356
3452,4.000000000000001,-0.042556042681141146,0.00019389304209257413,0.013924548182708628,0.007187235539847421,0.042556042681141146,-0.042541317284637045
3453,10.000000000000002,-0.0422805474780132,4.034197679552012e-5,0.006351533420798486,0.009028783296268796,0.0422805474780132,-0.04198844953891328
3454,4.000000000000001,-0.04202302899546907,0.0001820981611790606,0.013494375168160273,0.008841630958750821,0.04202302899546907,-0.042567356938549766
3455,10.000000000000002,-0.04196108861678949,4.073683341912302e-5,0.0063825412978783785,0.02497576806012221,0.04196108861678949,-0.041870813044436885
3456,4.000000000000001,-0.042287779917996864,0.00018103335279924453,0.01345486353699823,0.004813309740524066,0.042287779917996864,-0.04264361954500489
3457,10.000000000000002,-0.0422691293526708,2.4378026148894982e-5,0.004937410875033086,0.006843828667099442,0.0422691293526708,-0.04210019005430979
3458,4.000000000000001,-0.042223404280160845,2.4528034579927202e-5,0.004952578578874565,0.017498068070053257,0.042223404280160845,-0.04176837009530808
3459,1.6000000000000005,-0.04332218209755353,0.001131587533305669,0.033639077474057894,0.008506335607497922,0.04332218209755353,-0.04366930524516628
3460,4.000000000000001,-0.04283300552542929,0.000188562569152783,0.013731808662837646,0.03043860641412684,0.04283300552542929,-0.0421575653952506
3461,1.6000000000000005,-0.04104817751419238,0.0007840781060574854,0.028001394716290214,0.008594567545588336,0.04104817751419238,-0.0431739632330831
3462,4.000000000000001,-0.04132690470100357,0.000758362121044991,0.02753837542494094,0.1440480619353608,0.04132690470100357,-0.03878349335176958
3463,1.6000000000000005,-0.042653219207470054,0.004047948525995351,0.0636234903631933,0.01760470141956752,0.042653219207470054,-0.04961683847064598
3464,4.000000000000001,-0.042038243586013435,0.00029090826878979206,0.017056033207923583,0.00953681090625696,0.042038243586013435,-0.042620363431168935
3465,10.000000000000002,-0.04183425034346291,5.510611713473545e-5,0.007423349455248315,0.01263947593913724,0.04183425034346291,-0.041585447107355705
3466,4.000000000000001,-0.041563302436776764,0.0002825280546293028,0.01680857086814054,0.02666743322921478,0.041563302436776764,-0.042639745031819706
3467,1.6000000000000005,-0.043848768807920095,0.0013900184889424256,0.037282951719819955,0.008538842487727192,0.043848768807920095,-0.04394937303671977
3468,4.000000000000001,-0.042875743036849316,0.00013980972916139182,0.011824116422016142,0.007994408490964828,0.042875743036849316,-0.04237588457855383
3469,10.000000000000002,-0.04236700772253037,3.524391109426768e-5,0.005936658243007397,0.009724028591288722,0.04236700772253037,-0.04191472480695394
3470,4.000000000000001,-0.041951632225437845,0.00017790898899961856,0.013338252846591962,0.006027538820796102,0.041951632225437845,-0.04251406844889295
3471,10.000000000000002,-0.042003913509380146,2.864135461923786e-5,0.00535176182385183,0.018243524674890616,0.042003913509380146,-0.04206533702276092
3472,4.000000000000001,-0.04254365414818917,0.0001192674297025988,0.010920962856021387,0.0067539738793548,0.04254365414818917,-0.04241995583281604
3473,10.000000000000002,-0.042566339940411674,0.00011791087731863097,0.010858677512415173,0.1199235925995554,0.042566339940411674,-0.040750250173324204
3474,4.000000000000001,-0.04205928350666792,0.0007657468699596285,0.027672131648277993,0.008055177640207505,0.04205928350666792,-0.04504441184206768
3475,10.000000000000002,-0.042057692449137644,6.160806358908011e-5,0.007849080429520398,0.008633915221289831,0.042057692449137644,-0.04202567209937426
3476,25.000000000000004,-0.042092714934440764,1.7680791443492957e-5,0.004204853320092504,0.031596893729973145,0.042092714934440764,-0.04166731182184568
3477,10.000000000000002,-0.04204458519901621,7.94677303710823e-5,0.0089144674754627,0.011126666166940921,0.04204458519901621,-0.04244021135908381
3478,25.000000000000004,-0.042018284403359016,1.314798840357339e-5,0.0036260154996322603,0.03931894367488243,0.042018284403359016,-0.0417991145570251
3479,10.000000000000002,-0.04217296522680891,9.062130581721404e-5,0.009519522352366952,0.012352233134738572,0.04217296522680891,-0.04252643823113087
3480,4.000000000000001,-0.042492582539374234,0.0001305338360716503,0.011425140527435552,0.032492375265554006,0.042492582539374234,-0.042164848149521594
3481,1.6000000000000005,-0.04168754863521977,0.0030710459349170293,0.05541701845928766,0.009085940242643852,0.04168754863521977,-0.04816348847828757
3482,4.000000000000001,-0.04192359629399389,0.00046644440409260334,0.021597324003047307,0.007120781829955502,0.04192359629399389,-0.043003031732364666
3483,10.000000000000002,-0.04196874646792656,0.00011169438097617803,0.010568556238965568,0.011891664235103726,0.04196874646792656,-0.04124962422233201
3484,25.000000000000004,-0.041700818571006666,4.591858866820394e-5,0.006776325602286533,0.021703604529546713,0.041700818571006666,-0.04034275278340952
3485,10.000000000000002,-0.041617119332109265,0.00024985810598376445,0.015806900581194418,0.015529747895233906,0.041617119332109265,-0.0426915471882241
3486,25.000000000000004,-0.04174989653937559,3.634110671078033e-5,0.006028358541989713,0.01406309255502382,0.04174989653937559,-0.04147005564956691
3487,10.000000000000002,-0.04225657835391637,0.00018617071883611082,0.013644439117681269,0.059290887081997645,0.04225657835391637,-0.04281908338527624
3488,4.000000000000001,-0.043367921564827015,0.0009613420671385659,0.031005516721037983,0.05581332254550913,0.043367921564827015,-0.04476859943848921
3489,1.6000000000000005,-0.04068422211810326,0.0040675795743973404,0.06377757893176364,0.034094553815290043,0.04068422211810326,-0.050136195227199934
3490,4.000000000000001,-0.04187662663733051,0.0007664784976777487,0.02768534806856776,0.035293420117209026,0.04187662663733051,-0.04201671532367525
3491,1.6000000000000005,-0.04225213929589843,0.00352542513232531,0.05937529058729153,0.02510694676222462,0.04225213929589843,-0.04721434428415249
3492,4.000000000000001,-0.04218086185831185,0.0005518760161047351,0.02349204154825066,0.03581319871229374,0.04218086185831185,-0.041574412889740446
3493,1.6000000000000005,-0.04149351494678257,0.0020457685551874523,0.04523017306165711,0.008678550312931372,0.04149351494678257,-0.04481892181717384
3494,4.000000000000001,-0.041661566371172146,0.00029536416875858404,0.017186162129998194,0.009409106648961831,0.041661566371172146,-0.041834554138721614
3495,10.000000000000002,-0.04177690954973894,8.534345319275311e-5,0.009238152044253933,0.015151984327089182,0.04177690954973894,-0.040971026195618904
3496,4.000000000000001,-0.04242748723862261,0.0003967379868815759,0.01991828272923085,0.009462542365881642,0.04242748723862261,-0.04284483740705919
3497,10.000000000000002,-0.04222628319222976,6.198855880257868e-5,0.007873281323728923,0.01039496634790018,0.04222628319222976,-0.041798654003682746
3498,4.000000000000001,-0.04177901691929834,0.0003803722071937437,0.019503133266061217,0.00934462904976021,0.04177901691929834,-0.04305862655677744
3499,10.000000000000002,-0.04172583128084198,5.059266319408303e-5,0.007112851973300374,0.010550611371140573,0.04172583128084198,-0.04198146135478089
3500,4.000000000000001,-0.04235319269355118,0.0002969906579497545,0.017233416897114585,0.009352998295577434,0.04235319269355118,-0.04298166899254391
3501,10.000000000000002,-0.04232373497704564,4.1700991882070046e-5,0.006457630516069346,0.005647271040965313,0.04232373497704564,-0.04194154298353174
3502,25.000000000000004,-0.04219795890258834,1.3874920374291831e-5,0.0037249054181672627,0.014545774875958824,0.04219795890258834,-0.04158044251111822
3503,10.000000000000002,-0.04186647732411167,2.8427402214793946e-5,0.00533173538491868,0.038384000471985064,0.04186647732411167,-0.041601243188131506
3504,4.000000000000001,-0.042619668775099095,0.000855039300322965,0.029241055048047856,0.033440102483356104,0.042619668775099095,-0.044756389911295096
3505,10.000000000000002,-0.04222823364016871,0.0001130014658932557,0.010630214762329861,0.02071674930180842,0.04222823364016871,-0.04251483230094974
3506,4.000000000000001,-0.042034757412125236,0.0003472180429026871,0.01863378766924983,0.029252373759969717,0.042034757412125236,-0.04343457723577979
3507,1.6000000000000005,-0.04190781864807546,0.0019443125703215163,0.04409435984705432,0.00893392368110242,0.04190781864807546,-0.044884736512264656
3508,4.000000000000001,-0.0418281062523902,0.00024855334748530517,0.01576557475911694,0.008535712392731088,0.0418281062523902,-0.042380717026732365
3509,10.000000000000002,-0.04178995146855808,6.488576387319701e-5,0.008055170008956794,0.007935738546032179,0.04178995146855808,-0.041629506082152344
3510,25.000000000000004,-0.04184988873615883,2.4698244734834496e-5,0.00496973286352843,0.018876889775181344,0.04184988873615883,-0.04124289020571703
3511,10.000000000000002,-0.0418766874888923,0.00010327725641019826,0.010162541828213956,0.05760340217004073,0.0418766874888923,-0.04186792899195153
3512,4.000000000000001,-0.04295806741235275,0.0006281299058856301,0.02506251994284753,0.02036947498992115,0.04295806741235275,-0.044779474226648644
3513,10.000000000000002,-0.04239652050613818,0.00012567724813775376,0.011210586431483134,0.042279130325723946,0.04239652050613818,-0.04159533846559357
3514,4.000000000000001,-0.04255951727584175,0.0006699063819040468,0.02588254975662264,0.007593468306628335,0.04255951727584175,-0.04422244896539403
3515,10.000000000000002,-0.04202773592549957,8.414226828214451e-5,0.009172909477485565,0.04369702429688505,0.04202773592549957,-0.04163191806952953
3516,4.000000000000001,-0.041738618284940625,0.0004383959899995465,0.020937907966163825,0.011789183455585295,0.041738618284940625,-0.04332738591107183
3517,10.000000000000002,-0.041869910150317644,3.957603433661378e-5,0.006290948603876348,0.012158787432659988,0.041869910150317644,-0.04191979403700855
3518,4.000000000000001,-0.042486533961671756,0.00031711568493266395,0.01780774227499556,0.009124892459902629,0.042486533961671756,-0.04298572100154937
3519,10.000000000000002,-0.04222560339197762,7.19695010552985e-5,0.008483484016328344,0.057932379069303645,0.04222560339197762,-0.041554627925842955
3520,4.000000000000001,-0.04233235809831643,0.0005080823574978464,0.022540682276671362,0.02027123985603211,0.04233235809831643,-0.044099969120230044
3521,10.000000000000002,-0.04215532749849435,5.2316549717240713e-5,0.00723301802273717,0.013078539589241212,0.04215532749849435,-0.04213724462406647
3522,4.000000000000001,-0.04240620680048259,0.00013292089152377038,0.011529132297088553,0.027155460035944073,0.04240620680048259,-0.04250655295664547
3523,1.6000000000000005,-0.04212017823622554,0.0006706591229689098,0.025897087152205164,0.020222990884234036,0.04212017823622554,-0.04323511296785028
3524,4.000000000000001,-0.042014679250713165,0.00010337603359787698,0.010167400532971885,0.006055492271326709,0.042014679250713165,-0.042660307574438464
3525,10.000000000000002,-0.04209844958509986,3.3081824051955596e-5,0.0057516801068866474,0.024147124304457316,0.04209844958509986,-0.042029387219221
3526,4.000000000000001,-0.042158488479278354,0.00020321767644910702,0.014255443747884771,0.008013194916006421,0.042158488479278354,-0.04276786546240837
3527,10.000000000000002,-0.04217722865818907,2.1578784583624935e-5,0.004645297039331816,0.007118980167381793,0.04217722865818907,-0.04218166718482196
3528,4.000000000000001,-0.04237389299889556,8.805541686049284e-5,0.009383784783363951,0.005326989409946522,0.04237389299889556,-0.042478262342518606
3529,10.000000000000002,-0.042304451007157684,1.8592653964109998e-5,0.0043119199858195414,0.018969252038516442,0.042304451007157684,-0.04217570868403451
3530,4.000000000000001,-0.04229831279151733,8.361298563109247e-5,0.009144013649983932,0.0031773128619094347,0.04229831279151733,-0.04240159321586428
3531,10.000000000000002,-0.0422270145096687,1.6407662050401528e-5,0.004050637240040328,0.014617348662830734,0.0422270145096687,-0.04215187080392812
3532,4.000000000000001,-0.04237632548547891,0.00011892822215597352,0.010905421686297762,0.004449469152145271,0.04237632548547891,-0.04248645400393989
3533,10.000000000000002,-0.042281549425549646,1.540718511769347e-5,0.003925198736076107,0.004333259209310448,0.042281549425549646,-0.04220873480494888
3534,25.000000000000004,-0.0421981306820788,7.619210742094844e-6,0.0027602917856804276,0.032027397353313294,0.0421981306820788,-0.04194322367985538
3535,10.000000000000002,-0.04220814005796855,3.5804523901910825e-5,0.005983688152127484,0.02002992344162914,0.04220814005796855,-0.04231681047690155
3536,4.000000000000001,-0.04233701014874651,0.00012879053054292016,0.011348591566486132,0.02765379107488365,0.04233701014874651,-0.04252817477200843
3537,1.6000000000000005,-0.042813818852108894,0.002107073192053981,0.04590286692630408,0.009875537815163324,0.042813818852108894,-0.04512677062713239
3538,4.000000000000001,-0.04253992208874072,0.00021350718261860176,0.014611884978284004,0.005254851384844165,0.04253992208874072,-0.04260099538402037
3539,10.000000000000002,-0.042189494728116866,4.867999794702235e-5,0.006977105269882514,0.013134534232326097,0.042189494728116866,-0.04199885710071452
3540,4.000000000000001,-0.041893770606609246,0.00018577549722848736,0.01362994854093321,0.010662944682021235,0.041893770606609246,-0.04266120069100028
3541,10.000000000000002,-0.04198647179842976,2.271550105647693e-5,0.004766078163068345,0.007627713320339241,0.04198647179842976,-0.04211411415382297
3542,4.000000000000001,-0.04209432696212615,4.302257081591789e-5,0.0065591593071001025,0.014833764431886862,0.04209432696212615,-0.04202845496945385
3543,1.6000000000000005,-0.04347937589981584,0.0013571877636068723,0.03684002936490242,0.008170714881389958,0.04347937589981584,-0.04404416720568351
3544,4.000000000000001,-0.04299554523753798,0.0001644653547547368,0.0128244046549825,0.0050525207873244275,0.04299554523753798,-0.042449695458069404
3545,10.000000000000002,-0.04240306005451341,3.7748194915002695e-5,0.006143955966232399,0.018098315288925977,0.04240306005451341,-0.041963053945139016
3546,4.000000000000001,-0.041760802715102026,0.0001263460370318375,0.011240375306538368,0.007232532730293111,0.041760802715102026,-0.04245964041816343
3547,10.000000000000002,-0.04179975239014411,2.224192234620999e-5,0.004716134258713379,0.014012050742344982,0.04179975239014411,-0.04207370536473473
3548,4.000000000000001,-0.04204201948105744,3.110965906855004e-5,0.005577603344497531,0.015375196716405375,0.04204201948105744,-0.04192309747704714
3549,1.6000000000000005,-0.04284930036609275,0.0009966195463293713,0.031569281688523916,0.00988645430314941,0.04284930036609275,-0.04363394298057659
3550,4.000000000000001,-0.04270953817375119,0.0001576711244930278,0.012556716310127732,0.0063959460847524624,0.04270953817375119,-0.04261701708392999
3551,10.000000000000002,-0.04233642245771368,3.727800398221354e-5,0.006105571552460387,0.010542349173656904,0.04233642245771368,-0.041986991680597434
3552,4.000000000000001,-0.04221513200492412,0.0001636121755915427,0.01279109751317465,0.008114727322614538,0.04221513200492412,-0.04267327144232474
3553,10.000000000000002,-0.042172905595527194,2.367053380832834e-5,0.004865237281811478,0.007060215180236022,0.042172905595527194,-0.04221042150505621
3554,4.000000000000001,-0.04204389340940486,7.642077234075278e-5,0.008741897525180262,0.009545623114216464,0.04204389340940486,-0.042532184221705654
3555,10.000000000000002,-0.042122061003952715,1.5363134810056952e-5,0.003919583499564329,0.0070304675681927805,0.042122061003952715,-0.04220259097265933
3556,4.000000000000001,-0.042495555918324504,2.7296081098766074e-5,0.0052245651588209785,0.008193039938571872,0.042495555918324504,-0.04217113658707021
3557,1.6000000000000005,-0.04230212224451021,0.0006240770509127346,0.02498153419853822,0.0090241906423494,0.04230212224451021,-0.04295871444170814
3558,4.000000000000001,-0.04234286440343257,8.722816078557698e-5,0.009339601746625868,0.002889772047179561,0.04234286440343257,-0.04239771061336341
3559,10.000000000000002,-0.04227745506873518,2.055356334509255e-5,0.004533603792248784,0.01580383738176789,0.04227745506873518,-0.042101450693881694
3560,4.000000000000001,-0.04218827943423613,7.732151154294518e-5,0.00879326512411318,0.00633470003935844,0.04218827943423613,-0.042405063549553056
3561,10.000000000000002,-0.042076534839121285,1.5048749672386118e-5,0.0038792717966631466,0.016220148122772903,0.042076534839121285,-0.04214315563754074
3562,4.000000000000001,-0.042108152794048496,5.938010950723789e-5,0.007705849045188849,0.01744528180997379,0.042108152794048496,-0.04227012478452398
3563,1.6000000000000005,-0.04234520467730298,0.000576062761920139,0.0240013075043869,0.006361700446705494,0.04234520467730298,-0.04285286889840612
3564,4.000000000000001,-0.04254581220964818,9.265591619942756e-5,0.009625794315246279,0.02548691194807103,0.04254581220964818,-0.042077751842406044
3565,1.6000000000000005,-0.04253240582876417,0.0007049826838925328,0.026551510011532917,0.010022515677821357,0.04253240582876417,-0.04318260205444352
3566,4.000000000000001,-0.04228709350627123,6.0523549466290375e-5,0.0077796882627962916,0.006349451988518938,0.04228709350627123,-0.042342242801844246
3567,10.000000000000002,-0.04221922053353567,2.7336323579632304e-5,0.0052284150160093745,0.02880788049045912,0.04221922053353567,-0.04188279402456522
3568,4.000000000000001,-0.042215302657910986,0.00017183843651585035,0.013108716051385442,0.0032105018364133524,0.042215302657910986,-0.04259484493870497
3569,10.000000000000002,-0.04205585430663658,2.6169013026559343e-5,0.005115565758208895,0.02631775009921695,0.04205585430663658,-0.042056140345882224
3570,4.000000000000001,-0.04237036824334134,0.00015811055903599083,0.012574202123235925,0.005220271023467731,0.04237036824334134,-0.04262444408784979
3571,10.000000000000002,-0.04224557642411809,1.7890512126767934e-5,0.004229717736063239,0.014964446006520315,0.04224557642411809,-0.042143917381640764
3572,4.000000000000001,-0.042004247484964535,3.24477225973445e-5,0.005696290248692081,0.016322749822554414,0.042004247484964535,-0.042098336652326714
3573,1.6000000000000005,-0.04310981812743156,0.0009741632089487255,0.031211587735146148,0.007102346738334192,0.04310981812743156,-0.04365913217498738
3574,4.000000000000001,-0.04284544660773126,0.00013131592154236348,0.011459315928202847,0.006516461514657516,0.04284544660773126,-0.04227538639677285
3575,10.000000000000002,-0.04236119993591939,2.8087891594545963e-5,0.00529980109009253,0.015162785366118784,0.04236119993591939,-0.041985125235327984
3576,4.000000000000001,-0.04204136988425555,0.00017407816916823103,0.013193868620242927,0.007180873032066233,0.04204136988425555,-0.04271337472022621
3577,10.000000000000002,-0.04195261363409114,2.004721079150014e-5,0.004477411170698995,0.00385904740273302,0.04195261363409114,-0.04217016440905747
3578,25.000000000000004,-0.04199364850618736,1.3627844269396127e-5,0.0036915910214155804,0.04452476869948125,0.04199364850618736,-0.0416676877344908
3579,10.000000000000002,-0.04210144033677009,0.00010624202410502144,0.010307377169048459,0.03574474203607541,0.04210144033677009,-0.04281914097056376
3580,4.000000000000001,-0.0427447362195498,0.00022182684703026006,0.014893852659075826,0.008897112237676322,0.0427447362195498,-0.04300484861848997
3581,10.000000000000002,-0.04254593580604508,3.0150644953912672e-5,0.00549096029433037,0.007044606933454933,0.04254593580604508,-0.04216510910953694
3582,4.000000000000001,-0.04229335842076974,0.00020214284574374125,0.014217694811176011,0.00877828041399894,0.04229335842076974,-0.04279051161950863
3583,10.000000000000002,-0.04215456773533787,3.069889367410213e-5,0.005540658234731874,0.033146525809730924,0.04215456773533787,-0.042121685772260234
3584,4.000000000000001,-0.04238426866855578,0.00016731208205394835,0.012934917164556886,0.00489509841783767,0.04238426866855578,-0.04265376316414527
3585,10.000000000000002,-0.04234197497488356,2.1416024172310498e-5,0.004627745041843868,0.014303908130057424,0.04234197497488356,-0.04219171196578599
3586,4.000000000000001,-0.04223686310811707,0.00011303137029607861,0.010631621244950302,0.005511668037670393,0.04223686310811707,-0.04247177837891056
3587,10.000000000000002,-0.04227354862148988,1.8666094656442156e-5,0.004320427601111047,0.00779621082669908,0.04227354862148988,-0.04222108510201738
3588,4.000000000000001,-0.04230900629631837,2.8815124198523754e-5,0.005367972075050666,0.01521826874206709,0.04230900629631837,-0.042162258799344376
3589,1.6000000000000005,-0.04310934299484776,0.0012265661578076239,0.035022366536366784,0.010644806956132909,0.04310934299484776,-0.043754754169635604
3590,4.000000000000001,-0.04253817300730998,0.00015307976279668983,0.012372540676703788,0.006978937372054346,0.04253817300730998,-0.04242584191898223
3591,10.000000000000002,-0.04221878198318658,3.857281538661161e-5,0.006210701682307049,0.011528966172015187,0.04221878198318658,-0.04195350357908848
3592,4.000000000000001,-0.04195395800452105,0.00017207698775962454,0.013117811851052924,0.01979210850264101,0.04195395800452105,-0.042588853228504045
3593,1.6000000000000005,-0.04180302694047915,0.0008903078544263569,0.029838026986152368,0.00386509012132992,0.04180302694047915,-0.04362067939104806
3594,4.000000000000001,-0.04201406635831432,0.0001038691115109953,0.010191619670640938,0.012431280945441246,0.04201406635831432,-0.04240919467590143
3595,10.000000000000002,-0.042246787377885314,2.4669586478582377e-5,0.004966848747302697,0.007619145518287115,0.042246787377885314,-0.04203833204379502
3596,4.000000000000001,-0.04233788792030938,5.9205929412869704e-5,0.007694538934391697,0.015094046946667983,0.04233788792030938,-0.0420682159814638
3597,1.6000000000000005,-0.04315524420012268,0.0010810476948564037,0.03287928975596042,0.00969202780832944,0.04315524420012268,-0.043622408176531284
3598,4.000000000000001,-0.042428404736469,0.00015783502622202363,0.012563241071555684,0.008207564025588343,0.042428404736469,-0.042367998721905706
3599,10.000000000000002,-0.04210675812647491,4.803618609973715e-5,0.006930814245075188,0.028708809945118544,0.04210675812647491,-0.04159184708424209
3600,4.000000000000001,-0.0417024342593582,0.0003012659861078484,0.017357015472362996,0.009577432568955421,0.0417024342593582,-0.04307738415110594
3601,10.000000000000002,-0.04198045121988822,5.087099379464867e-5,0.00713239046846488,0.037465655982818306,0.04198045121988822,-0.04197427430096209
3602,4.000000000000001,-0.04219282830055305,0.0001598527745252111,0.012643289703443921,0.003966268140381184,0.04219282830055305,-0.0427726444719968
3603,10.000000000000002,-0.0422827052338342,1.994578534656834e-5,0.004466070459203296,0.020655923032474533,0.0422827052338342,-0.04211730549029074
3604,4.000000000000001,-0.042187339746735324,0.00013407242836214496,0.011578964908926228,0.01108544218978376,0.042187339746735324,-0.04261751122005817
3605,10.000000000000002,-0.042265738288641025,1.6283278894375628e-5,0.004035254501809722,0.013698919522050075,0.042265738288641025,-0.04220881249826803
3606,4.000000000000001,-0.042400867792180524,3.412401242060606e-5,0.005841576193169619,0.010219504821269277,0.042400867792180524,-0.04225898370669891
3607,1.6000000000000005,-0.042368360176926446,3.671979321534268e-5,0.006059685900716528,0.012916452606017896,0.042368360176926446,-0.04212527962953574
3608,0.6400000000000002,-0.04120279705861353,0.004835908233704614,0.06954069480314827,0.014868375191696105,0.04120279705861353,-0.04533958897735635
3609,1.6000000000000005,-0.04282540251409634,0.0008751808375809159,0.029583455470599034,0.007503547943229047,0.04282540251409634,-0.04290160861448353
3610,4.000000000000001,-0.042352846613548906,0.00017570139004508475,0.013255240097602334,0.013006412111264336,0.042352846613548906,-0.04182981806186385
3611,10.000000000000002,-0.04200470867439954,6.121400098803894e-5,0.007823937690705298,0.020043402344893237,0.04200470867439954,-0.04141875219075147
3612,4.000000000000001,-0.04174075760004405,0.0002904769462559682,0.0170433842371745,0.006969395336658036,0.04174075760004405,-0.042832694572841126
3613,10.000000000000002,-0.04184959603671864,3.5952191580571676e-5,0.005996014641457413,0.009030466895093918,0.04184959603671864,-0.04192290254748101
3614,4.000000000000001,-0.04231230966879491,0.00019075529327489197,0.013811418945021253,0.0070232722641389855,0.04231230966879491,-0.04268867669822728
3615,10.000000000000002,-0.04240372061433853,3.033034992405966e-5,0.005507299694411015,0.023214381979837044,0.04240372061433853,-0.04196641043718747
3616,4.000000000000001,-0.0428322455296846,0.00018990132987774157,0.013780469145778077,0.010020897586490496,0.0428322455296846,-0.04272757701809353
3617,10.000000000000002,-0.04249426581274026,2.1074869190950018e-5,0.0045907373254140795,0.010368189845652244,0.04249426581274026,-0.042118268548106366
3618,4.000000000000001,-0.042081150225730585,0.00013329040212538442,0.011545146258293327,0.016749842257273693,0.042081150225730585,-0.0424289301652191
3619,1.6000000000000005,-0.0415812910305729,0.0012149985942669003,0.03485682995148728,0.00915475278892003,0.0415812910305729,-0.04437061366622393
3620,4.000000000000001,-0.041904829121026645,0.00015199013660924937,0.012328427986132269,0.007649248645621467,0.041904829121026645,-0.04257647438381547
3621,10.000000000000002,-0.0421240222514481,3.288634245271081e-5,0.005734661494169539,0.013053795705270098,0.0421240222514481,-0.04200991699196023
3622,4.000000000000001,-0.04254903436675631,0.00017367453719090647,0.013178563548084688,0.005374920109106051,0.04254903436675631,-0.04272343271898429
3623,10.000000000000002,-0.04236308387083641,2.0295788298065714e-5,0.004505084715969913,0.009945841961429993,0.04236308387083641,-0.04221718127193665
3624,4.000000000000001,-0.04210133024474078,8.541852362537887e-5,0.009242214216592194,0.011705120084073083,0.04210133024474078,-0.042421788753451234
3625,1.6000000000000005,-0.04190602548759095,0.00016612942251532754,0.012889120315806179,0.011443026057630838,0.04190602548759095,-0.04236361988965294
3626,4.000000000000001,-0.042045177492897726,2.9705095992029823e-5,0.005450238159202754,0.009976557694901753,0.042045177492897726,-0.04225085732302444
3627,1.6000000000000005,-0.04211264492779965,0.0003932388511890693,0.019830250910895436,0.015853586115900976,0.04211264492779965,-0.04282365439962189
3628,4.000000000000001,-0.042255174723359684,4.8501884266681676e-5,0.006964329419741838,0.005254247988668177,0.042255174723359684,-0.04239805751895054
3629,10.000000000000002,-0.04230079088207061,2.8216673686558235e-5,0.005311936905363074,0.01880651573496485,0.04230079088207061,-0.041943761228240777
3630,4.000000000000001,-0.04250857482571382,0.00014270107011257678,0.011945755317792876,0.0081082192293196,0.04250857482571382,-0.04267736285352061
3631,10.000000000000002,-0.042305156991868244,2.1453570174480424e-5,0.004631799884977807,0.022156793305812054,0.042305156991868244,-0.04210674129540698
3632,4.000000000000001,-0.04224814143360346,0.00012478636508015122,0.011170781757788987,0.004282805808810371,0.04224814143360346,-0.04263650026762471
3633,10.000000000000002,-0.04227423415602418,2.4750103072367067e-5,0.0049749475446849755,0.016931215601318602,0.04227423415602418,-0.0420631571671307
3634,4.000000000000001,-0.042136725818094356,0.00012787762620215023,0.011308298996849625,0.010319600206391739,0.042136725818094356,-0.042707155618003964
3635,10.000000000000002,-0.041961872976968254,8.040215733500991e-5,0.00896672500609949,0.047331800346678235,0.041961872976968254,-0.04139739282410827
3636,4.000000000000001,-0.04242810031548419,0.00043544474768870246,0.02086731290053184,0.008025345265453239,0.04242810031548419,-0.04402602293067266
3637,10.000000000000002,-0.042419828923682484,3.962460209136538e-5,0.0062948075499863676,0.02428935408871369,0.042419828923682484,-0.04213696198312985
3638,4.000000000000001,-0.041954529278611964,0.00011823314327081018,0.010873506484607906,0.005959391393794418,0.041954529278611964,-0.04258565592727849
3639,10.000000000000002,-0.04198663363543969,2.1687813932374598e-5,0.004657017707973054,0.02755765078265355,0.04198663363543969,-0.04205253307671495
3640,4.000000000000001,-0.04247538558511104,0.00010107631875540152,0.01005367190410556,0.006879029359718641,0.04247538558511104,-0.042552299400322326
3641,10.000000000000002,-0.042371995441773024,1.1610320244648868e-5,0.003407392000437999,0.004228879785462152,0.042371995441773024,-0.04217472517685619
3642,25.000000000000004,-0.04224942713297388,7.871631203952079e-6,0.0028056427434639784,0.03665623280174484,0.04224942713297388,-0.041909556155516885
3643,10.000000000000002,-0.04215940200841876,3.0549664761686204e-5,0.005527175115887519,0.026189398386167108,0.04215940200841876,-0.04231589694193899
3644,4.000000000000001,-0.04248579238194445,0.0003248907114075117,0.01802472500227151,0.0069397687681003635,0.04248579238194445,-0.04337213413610133
3645,10.000000000000002,-0.042353141484031645,4.328598381546059e-5,0.006579208449005138,0.008179774962561096,0.042353141484031645,-0.04214600185291257
3646,25.000000000000004,-0.04230812128859038,1.0378026559631028e-5,0.003221494460592945,0.007873744807777755,0.04230812128859038,-0.04192242872457525
3647,10.000000000000002,-0.042145874684511545,6.953793251025807e-5,0.008338940730707832,0.008355338030398759,0.042145874684511545,-0.04250265820695889
3648,25.000000000000004,-0.04219328599464789,1.1127144582153272e-5,0.003335737486996432,0.035060175660167406,0.04219328599464789,-0.04209912928544251
3649,10.000000000000002,-0.042228079600441865,2.9763268695751964e-5,0.00545557226106959,0.0050569854195171215,0.042228079600441865,-0.04236051683573526
3650,25.000000000000004,-0.04220637371723153,6.167392493681005e-6,0.0024834235429505385,0.016224451689801567,0.04220637371723153,-0.042113102561731605
3651,10.000000000000002,-0.04229431154337999,8.620060202003002e-6,0.0029359939036045363,0.020410891061185647,0.04229431154337999,-0.042002847593846045
3652,4.000000000000001,-0.04230437473580497,0.00047324978238221654,0.021754304916089977,0.010729327551410954,0.04230437473580497,-0.04396122849051413
3653,10.000000000000002,-0.042286953375467305,5.4625590220854585e-5,0.0073909126784758175,0.019273200051159196,0.042286953375467305,-0.042268312236852866
3654,4.000000000000001,-0.04232598773725229,0.0002797707638399772,0.01672634938771689,0.009601253094072804,0.04232598773725229,-0.0433024257344289
3655,10.000000000000002,-0.04219062922242037,4.610151250661802e-5,0.006789809460258662,0.028844088867275814,0.04219062922242037,-0.04211584410079898
3656,4.000000000000001,-0.04193886354058261,0.00016182917752692784,0.012721209750921012,0.01135077847003112,0.04193886354058261,-0.04276844122544931
3657,10.000000000000002,-0.04200246133624299,1.937470584727238e-5,0.004401670801783384,0.004087881297747081,0.04200246133624299,-0.04225395108090132
3658,25.000000000000004,-0.042124396526164426,6.412312611915823e-6,0.002532254452442689,0.01905091194976611,0.042124396526164426,-0.04203952957931869
3659,10.000000000000002,-0.04234569927338486,3.1506562060515026e-5,0.005613070644532725,0.02109955455070134,0.04234569927338486,-0.042226832524968595
3660,4.000000000000001,-0.04291471620003988,0.00024021136632645154,0.015498753702361088,0.009853856264717957,0.04291471620003988,-0.04313326205870793
3661,10.000000000000002,-0.042647775432812514,3.258762651487158e-5,0.005708557305911152,0.02463061595993156,0.042647775432812514,-0.04223136397240638
3662,4.000000000000001,-0.042051557767491095,0.00016234024745943738,0.012741281233040788,0.009498303758327902,0.042051557767491095,-0.04281890721908169
3663,10.000000000000002,-0.04201159616005112,2.1235121310865385e-5,0.004608158125636031,0.004134172306671917,0.04201159616005112,-0.04232759517389923
3664,25.000000000000004,-0.04208797875474322,9.232238366783857e-6,0.0030384598675618304,0.03131452738252415,0.04208797875474322,-0.04198833402969082
3665,10.000000000000002,-0.04242810933449358,4.0278819436334084e-5,0.006346559653570908,0.011050206125912955,0.04242810933449358,-0.042464220613764196
3666,4.000000000000001,-0.042677176025563084,0.00012871178038543582,0.011345121435464489,0.0059833405774941196,0.042677176025563084,-0.04284777856699233
3667,10.000000000000002,-0.04243266428503918,2.11945893676473e-5,0.004603758178667435,0.006497290511009347,0.04243266428503918,-0.04235643217918575
3668,4.000000000000001,-0.04195277723788562,2.316220880091019e-5,0.004812713247318002,0.008770317987029349,0.04195277723788562,-0.042174476048042656
3669,1.6000000000000005,-0.04167805129239049,2.6463103552817045e-5,0.005144230122459244,0.008538419294921508,0.04167805129239049,-0.042071039152667085
3670,0.6400000000000002,-0.04146930949371696,4.541470720979765e-5,0.006739043493686449,0.009529878938624578,0.04146930949371696,-0.04205072579511565
3671,0.2560000000000001,-0.04011412261064252,0.016864593264888136,0.1298637488481221,0.012492046729538341,0.04011412261064252,-0.04959988665487881
3672,0.6400000000000002,-0.042519780857356325,0.005565548571764004,0.07460260432293235,0.008746444142602247,0.042519780857356325,-0.046825073976184385
3673,1.6000000000000005,-0.04355631844802337,0.0010190662488405353,0.031922817056778297,0.004497894887713455,0.04355631844802337,-0.042858307105991526
3674,4.000000000000001,-0.04292048984270843,0.000250356658565355,0.015822662815258213,0.00719238287865886,0.04292048984270843,-0.04170664275769712
3675,10.000000000000002,-0.04238713056122075,8.226212609346612e-5,0.009069847082143454,0.023694128637363383,0.04238713056122075,-0.040978981521582886
3676,4.000000000000001,-0.041254620241579415,0.00043703116947870456,0.02090529046626008,0.011025259693561043,0.041254620241579415,-0.043005638619593854
3677,10.000000000000002,-0.0415143269098521,5.82357918471434e-5,0.007631237897428136,0.01108215265511681,0.0415143269098521,-0.041938259900099535
3678,4.000000000000001,-0.04255724923422375,0.0003311714133399165,0.018198115653548213,0.010349617949613421,0.04255724923422375,-0.04334312813194103
3679,10.000000000000002,-0.04246841948982856,5.461596527343612e-5,0.007390261515902947,0.026631204631744333,0.04246841948982856,-0.041948048229960254
3680,4.000000000000001,-0.04191243959596102,0.0002651562875338224,0.016283620221984495,0.008870759570665411,0.04191243959596102,-0.04293498688673371
3681,10.000000000000002,-0.041939882441500966,3.74241844420906e-5,0.0061175309105954345,0.0194481680154765,0.041939882441500966,-0.04199684961456635
3682,4.000000000000001,-0.042457568382151374,0.0002501035592118344,0.01581466279159421,0.007625393003456797,0.042457568382151374,-0.04285145816469135
3683,10.000000000000002,-0.042245280796315995,3.1450073176531355e-5,0.005608036481383779,0.011999171277419004,0.042245280796315995,-0.04206699367167046
3684,4.000000000000001,-0.042099938547392496,0.00018710709006727677,0.01367870937140185,0.01325236448334479,0.042099938547392496,-0.04255255153486997
3685,10.000000000000002,-0.04201493112372664,2.5604074661127745e-5,0.005060046903056111,0.008418405730903819,0.04201493112372664,-0.042058541548184565
3686,4.000000000000001,-0.04224261578815223,4.312568683232778e-5,0.0065670150625933375,0.009213761773229382,0.04224261578815223,-0.04192960241561537
3687,1.6000000000000005,-0.042963464548018346,0.0014645509508913438,0.038269451928285354,0.007181616167996175,0.042963464548018346,-0.0443559952080217
3688,4.000000000000001,-0.042406507826800145,0.0001586276042004276,0.012594745102638147,0.010136946882690121,0.042406507826800145,-0.04248992635366829
3689,10.000000000000002,-0.04221251468885209,2.7976462540011044e-5,0.005289278073613737,0.009353802573917464,0.04221251468885209,-0.04198058385305069
3690,4.000000000000001,-0.04211134138815233,0.0001820530511114901,0.013492703624977839,0.004177372230371684,0.04211134138815233,-0.042608377046582595
3691,10.000000000000002,-0.042114388578908736,3.2961654309333235e-5,0.005741224112446163,0.027659923735296094,0.042114388578908736,-0.041928703883336596
3692,4.000000000000001,-0.042253906642142715,0.00016268378659895841,0.012754755450378435,0.004194711290468225,0.042253906642142715,-0.042696454610959965
3693,10.000000000000002,-0.042230878408391195,2.1929017309450578e-5,0.0046828428661925625,0.004305550176096108,0.042230878408391195,-0.042098638096411706
3694,25.000000000000004,-0.04223043842594728,7.553302904582236e-6,0.0027483272921146485,0.013934900674759965,0.04223043842594728,-0.04191201759979565
3695,10.000000000000002,-0.0423564163486236,1.3433462139429164e-5,0.003665168773662294,0.016231127047473887,0.0423564163486236,-0.04196024176830113
3696,4.000000000000001,-0.0422744842135268,0.00036470402715620137,0.01909722564029135,0.020724729400668634,0.0422744842135268,-0.04364653651275026
3697,10.000000000000002,-0.042204713733091946,4.8734409052362184e-5,0.006981003441652366,0.011383805606131694,0.042204713733091946,-0.04229254343469857
3698,4.000000000000001,-0.042145632594955657,0.0002025623119656426,0.014232438721654226,0.008003114147004683,0.042145632594955657,-0.042795992299506
3699,10.000000000000002,-0.042161399198209874,2.7565267558798706e-5,0.005250263570412319,0.01205827166470649,0.042161399198209874,-0.04217497434423572
3700,4.000000000000001,-0.04206778232605275,0.00012763493090626717,0.011297563051661503,0.005092673562954194,0.04206778232605275,-0.04264967187210134
3701,10.000000000000002,-0.04216518382013553,2.3983440454819604e-5,0.004897289092428545,0.017570825074418595,0.04216518382013553,-0.04210755116462997
3702,4.000000000000001,-0.04237333676796905,0.00012876773330883754,0.011347587113956762,0.006492688226402776,0.04237333676796905,-0.04264245455922838
3703,10.000000000000002,-0.042400689715777366,4.463478353820385e-5,0.0066809268472423685,0.040035389570704585,0.042400689715777366,-0.04179036334695439
3704,4.000000000000001,-0.04237703101418819,8.687599608059451e-5,0.009320729374925254,0.03136414595951669,0.04237703101418819,-0.0418918370303461
3705,1.6000000000000005,-0.04122840101090983,0.002121414956984556,0.046058820620859975,0.006555664499698486,0.04122840101090983,-0.04637004440495642
3706,4.000000000000001,-0.04157544227409806,0.00026894912035987483,0.016399668300300308,0.01263560963579215,0.04157544227409806,-0.042424718430845665
3707,10.000000000000002,-0.04202118536031302,5.845928184579142e-5,0.007645866978034042,0.021960200367234197,0.04202118536031302,-0.041754400845140066
3708,4.000000000000001,-0.04213936950497205,0.0003082211277786434,0.017556227606711057,0.009684199379703617,0.04213936950497205,-0.043020896100944055
3709,10.000000000000002,-0.04235641323526774,8.624498633497067e-5,0.009286817879929092,0.07468891192405536,0.04235641323526774,-0.041140875944139906
3710,4.000000000000001,-0.04217931326230586,0.0005424475001343624,0.02329050235899523,0.015696484631603055,0.04217931326230586,-0.043919821249146264
3711,10.000000000000002,-0.042199156157763706,4.0077647512468065e-5,0.00633069091904415,0.006015520426571688,0.042199156157763706,-0.042100834012466594
3712,25.000000000000004,-0.042132108374529235,2.6616172918572355e-5,0.005159086442246569,0.03826565211686537,0.042132108374529235,-0.04111568264317433
3713,10.000000000000002,-0.04233670461705157,0.00021635608718215916,0.01470904779998213,0.009944048064851352,0.04233670461705157,-0.04347290110304906
3714,25.000000000000004,-0.04221899964741,1.6962850614680652e-5,0.004118598137070507,0.009467227823682178,0.04221899964741,-0.04165464530402005
3715,10.000000000000002,-0.04221688966011089,9.222813952703679e-5,0.009603548277956267,0.011694128323820233,0.04221688966011089,-0.04258197925175777
3716,25.000000000000004,-0.042138325162062173,1.241823044494818e-5,0.003523950970849081,0.022932893237413956,0.042138325162062173,-0.04182045427293602
3717,10.000000000000002,-0.0422521000207703,9.299495945330245e-5,0.009643389417279718,0.013194011632102891,0.0422521000207703,-0.04265527423567841
3718,4.000000000000001,-0.04258874591373357,0.0007924247289519818,0.028150039590593506,0.007298130434326797,0.04258874591373357,-0.04530922876733538
3719,10.000000000000002,-0.042190094971348846,7.28326291061557e-5,0.008534203483990506,0.012918503405475703,0.042190094971348846,-0.04254734527516822
3720,4.000000000000001,-0.041838368958443665,0.0003211290768764755,0.017920074689478153,0.004816171339432506,0.041838368958443665,-0.04335633009983038
3721,10.000000000000002,-0.04184686328736385,4.173112335342617e-5,0.00645996310774498,0.0066795967178110895,0.04184686328736385,-0.0422784824476401
3722,25.000000000000004,-0.04195927752988503,1.3664184610896887e-5,0.0036965097877453114,0.01136031573813248,0.04195927752988503,-0.04187535214416406
3723,10.000000000000002,-0.042357109211458,1.699343648291248e-5,0.004122309605416905,0.024912195456367595,0.042357109211458,-0.04152818504557721
3724,4.000000000000001,-0.042690424268102045,0.0006288768382595097,0.025077416897669298,0.016875634759620166,0.042690424268102045,-0.044536679382020196
3725,10.000000000000002,-0.04239143944127646,7.90291372557416e-5,0.008889833364902944,0.02367562392523385,0.04239143944127646,-0.0421493023114896
3726,4.000000000000001,-0.04224974368573131,0.00039814778799694017,0.019953640970934106,0.009080979835877676,0.04224974368573131,-0.04352266906014557
3727,10.000000000000002,-0.04214646857236181,4.078064401445473e-5,0.006385972440784155,0.009316522922962317,0.04214646857236181,-0.04221211563713483
3728,4.000000000000001,-0.04173516209640803,6.023580262600569e-5,0.007761172760994674,0.015071671150189949,0.04173516209640803,-0.041979989804321355
3729,1.6000000000000005,-0.042405929749562955,0.001690431401215583,0.0411148562105668,0.009577808611595675,0.042405929749562955,-0.04458935241381749
3730,4.000000000000001,-0.042425821088982664,0.00020256319032550902,0.014232469579293293,0.008747622957383029,0.042425821088982664,-0.04251943374011888
3731,10.000000000000002,-0.042162102484485244,4.713136083127605e-5,0.006865228388864864,0.006421556704278669,0.042162102484485244,-0.041839024550484806
3732,25.000000000000004,-0.04178952912409613,4.693995638957263e-5,0.00685127407053408,0.10881525105418119,0.04178952912409613,-0.04019287186084659
3733,10.000000000000002,-0.04244831970860754,0.00027938880077944383,0.016714927483523337,0.022185694655273116,0.04244831970860754,-0.044317993237255056
3734,4.000000000000001,-0.04311261185566449,0.0007675590668920931,0.027704856377395157,0.016489977593976773,0.04311261185566449,-0.04555480644877286
3735,10.000000000000002,-0.04256915803563116,6.980345504124813e-5,0.008354846200933212,0.01889115764089164,0.04256915803563116,-0.04256084158943994
3736,4.000000000000001,-0.042142542345990096,0.00034567991157606376,0.018592469216757192,0.007968453015222112,0.042142542345990096,-0.04312130907154869
3737,10.000000000000002,-0.04172025480465849,4.437341155973592e-5,0.006661337069968455,0.01689209759120386,0.04172025480465849,-0.04216112058590594
3738,4.000000000000001,-0.04137593815494679,5.156935777189054e-5,0.007181180806238661,0.019703075390409334,0.04137593815494679,-0.041797584828809645
3739,1.6000000000000005,-0.04199107385641648,0.0023045580322131557,0.048005812483626974,0.0153964083663104,0.04199107385641648,-0.04529610360368343
3740,4.000000000000001,-0.04259533815133104,0.0003270456020237857,0.01808440217490713,0.006054298331743142,0.04259533815133104,-0.04272631132639525
3741,10.000000000000002,-0.042384959621208376,6.342798125302094e-5,0.007964168585170767,0.03881494415892675,0.042384959621208376,-0.041580871869210265
3742,4.000000000000001,-0.04178847229149701,0.00036726966409448083,0.019164280943841355,0.009524145256724311,0.04178847229149701,-0.04321929259196009
3743,10.000000000000002,-0.04178697593402302,8.259176678730479e-5,0.009088001253702863,0.04468798964171268,0.04178697593402302,-0.041450814107864324
3744,4.000000000000001,-0.04263441612940028,0.00043981749430873273,0.020971826203474334,0.01286811746213842,0.04263441612940028,-0.043650479402954294
3745,10.000000000000002,-0.042486161203178587,4.13213323656975e-5,0.006428167107791886,0.006555863517784641,0.042486161203178587,-0.04200748737420592
3746,25.000000000000004,-0.042196565412924776,1.1426889190633351e-5,0.003380368203411183,0.02798659864570639,0.042196565412924776,-0.04180730615300575
3747,10.000000000000002,-0.042102610392607105,5.2746545091903987e-5,0.007262681673590271,0.01434653552163301,0.042102610392607105,-0.04226925288098685
3748,4.000000000000001,-0.04213083111634688,0.00036247539247038563,0.019038786528305464,0.007971122900803106,0.04213083111634688,-0.043167117430806624
3749,10.000000000000002,-0.042056821411877575,4.911802360390133e-5,0.007008425187151628,0.011686805712702268,0.042056821411877575,-0.042193212247992794
3750,4.000000000000001,-0.04167587462366197,0.00023598395589707254,0.015361769295789874,0.016914438802060613,0.04167587462366197,-0.042749817227669074
3751,10.000000000000002,-0.04194950811120109,3.5223869621156584e-5,0.005934970060679041,0.011315169071756458,0.04194950811120109,-0.04209639520160834
3752,4.000000000000001,-0.042645750342895354,0.00014364559549185908,0.011985224048463135,0.02325561152467142,0.042645750342895354,-0.042429563190857805
3753,1.6000000000000005,-0.044548517452251316,0.001725987483915796,0.041545005523116685,0.00974993657944295,0.044548517452251316,-0.04501115713446605
3754,4.000000000000001,-0.04351356796966229,0.00019535977428495265,0.013977116093277349,0.012712996998207835,0.04351356796966229,-0.04265617648640751
3755,10.000000000000002,-0.04245567525658774,4.64404260155784e-5,0.0068147212720388204,0.02896061038285183,0.04245567525658774,-0.04198682619377755
3756,4.000000000000001,-0.04127587242099307,0.0002647885273206142,0.016272323968032784,0.012971290561181511,0.04127587242099307,-0.04284231717087805
3757,10.000000000000002,-0.04154901841986363,5.436593967070939e-5,0.007373326228420209,0.034501716532208154,0.04154901841986363,-0.04166832984233048
3758,4.000000000000001,-0.04214394952190624,0.00043333669934458136,0.02081674084347935,0.007614129324686058,0.04214394952190624,-0.043370532921452806
3759,10.000000000000002,-0.04224997436222005,3.7277664644125384e-5,0.0061055437631815715,0.005524967530651035,0.04224997436222005,-0.04211737296597862
3760,25.000000000000004,-0.042203540477928576,9.724226934582329e-6,0.0031183692748906968,0.012278739990518808,0.042203540477928576,-0.04184752413510943
3761,10.000000000000002,-0.04227604833478836,5.0112263679016444e-5,0.007079001601851524,0.030440739307562248,0.04227604833478836,-0.0422256395001896
3762,4.000000000000001,-0.04249332704751438,0.00040398195222143964,0.02009930228195595,0.025357217733842613,0.04249332704751438,-0.04361988530495448
3763,1.6000000000000005,-0.04209908948209241,0.001592093502865713,0.03990104638810507,0.007307432510607802,0.04209908948209241,-0.04498581917272921
3764,4.000000000000001,-0.04199334237613346,0.00023871142118822775,0.01545028870889563,0.012528102879235423,0.04199334237613346,-0.04218289257246053
3765,10.000000000000002,-0.042001537843749895,5.1282926885146476e-5,0.007161209875792392,0.01840250410860337,0.042001537843749895,-0.041847871316862975
3766,4.000000000000001,-0.04253786706264425,0.00021648115536364066,0.014713298588815517,0.004988539011505434,0.04253786706264425,-0.04293600358434859
3767,10.000000000000002,-0.042280370261087094,3.0198400756057857e-5,0.005495307157571618,0.011183429700610066,0.042280370261087094,-0.04208207515432393
3768,4.000000000000001,-0.04215602225482552,8.761708772907018e-5,0.009360399976981229,0.011981337594180182,0.04215602225482552,-0.04220540963887422
3769,1.6000000000000005,-0.04236120603336569,0.0003054215515974442,0.017476314016332054,0.026319903009384717,0.04236120603336569,-0.042553249105327574
3770,0.6400000000000002,-0.040111311467174025,0.0057363729005945096,0.07573884670758137,0.010128986245139474,0.040111311467174025,-0.046546883731577546
3771,1.6000000000000005,-0.042062469853659266,0.0009914480832787951,0.0314872685903175,0.014192559834904715,0.042062469853659266,-0.0434636574784826
3772,4.000000000000001,-0.042653498631740804,0.0001713093521002432,0.013088519859030784,0.009194146334525428,0.042653498631740804,-0.042073458936983596
3773,10.000000000000002,-0.04245387648399697,5.384175568820942e-5,0.007337694166985254,0.010437952635172571,0.04245387648399697,-0.041535965580429414
3774,4.000000000000001,-0.04201613177814431,0.0002710712122343013,0.01646424040866451,0.013248178111047738,0.04201613177814431,-0.04297424914352341
3775,10.000000000000002,-0.04199930269262521,3.0010429479491364e-5,0.005478177569182233,0.012555267051432492,0.04199930269262521,-0.042128996646835816
3776,4.000000000000001,-0.042069088619396774,3.3283663411245196e-5,0.005769199546838816,0.013553398438024814,0.042069088619396774,-0.041863856576621
3777,1.6000000000000005,-0.043113244330253764,0.0014343619114811842,0.037872970724266986,0.006555296740191656,0.043113244330253764,-0.044463935800698344
3778,4.000000000000001,-0.04249022865905671,0.0001610136132243803,0.012689113965300347,0.007232630271831814,0.04249022865905671,-0.04251927600722515
3779,10.000000000000002,-0.0422048409940691,3.124806184592022e-5,0.00558999658729057,0.007244989004116145,0.0422048409940691,-0.0420957924035282
3780,4.000000000000001,-0.0421108792966648,0.00010563627242365586,0.010277950789124059,0.004841208559169554,0.0421108792966648,-0.04248649956601013
3781,10.000000000000002,-0.04204424650919928,1.7230703205467065e-5,0.004150988220347904,0.009914062925254367,0.04204424650919928,-0.042119284190926164
3782,4.000000000000001,-0.04194975622914311,9.986500290159981e-5,0.009993247865513985,0.018951053319267143,0.04194975622914311,-0.04234779451065267
3783,1.6000000000000005,-0.04300827018779853,0.0008537773192272462,0.029219468154421398,0.004419265363045689,0.04300827018779853,-0.04327113050484533
3784,4.000000000000001,-0.04249767789295685,9.412829757960431e-5,0.009701973901201977,0.005851011425283674,0.04249767789295685,-0.04232609752724586
3785,10.000000000000002,-0.04218259402114681,2.6514219996475217e-5,0.005149196053412145,0.01567783344379008,0.04218259402114681,-0.04188600054000269
3786,4.000000000000001,-0.042227062601799176,8.076462154211776e-5,0.008986913905346916,0.018287157825136437,0.042227062601799176,-0.04210523441029126
3787,1.6000000000000005,-0.04230088240427524,0.0001675112802195199,0.012942614891107589,0.013310784607275049,0.04230088240427524,-0.042040916735187214
3788,4.000000000000001,-0.041982246773839375,0.0001399205459971196,0.01182880154525891,0.016368378031344093,0.041982246773839375,-0.04264388612157647
3789,1.6000000000000005,-0.04209845565409157,0.0008446844974828003,0.029063456392569697,0.005134547540254336,0.04209845565409157,-0.043454674539793646
3790,4.000000000000001,-0.042324805295102186,0.00011620374399834,0.010779784042286748,0.006371960915077003,0.042324805295102186,-0.04230664393966665
3791,10.000000000000002,-0.04222331928661765,3.046742876161152e-5,0.005519730859526714,0.01685555720831478,0.04222331928661765,-0.0418684511063971
3792,4.000000000000001,-0.04224419525407592,0.00014358892592846332,0.01198285967240138,0.005317650018197229,0.04224419525407592,-0.04274959678181727
3793,10.000000000000002,-0.041904685803334694,3.9648480201889385e-5,0.006296703915691875,0.03215147162696191,0.041904685803334694,-0.041868419671764856
3794,4.000000000000001,-0.042366351983426184,0.00028292805845390426,0.016820465464840867,0.0075899818659107,0.042366351983426184,-0.042940641545594745
3795,10.000000000000002,-0.04240872098163443,3.335257546219713e-5,0.0057751688687169254,0.012334343415582797,0.04240872098163443,-0.04206931210146202
3796,4.000000000000001,-0.04239606378455951,0.00012601363810741293,0.011225579633471624,0.017419098230079415,0.04239606378455951,-0.042579879664604026
3797,1.6000000000000005,-0.04212441774522424,0.0009124792951819832,0.030207272223456115,0.005400632183552121,0.04212441774522424,-0.0434732834471121
3798,4.000000000000001,-0.04195727742811617,9.518376997207529e-5,0.00975621699082566,0.017714858641706265,0.04195727742811617,-0.0422893370439984
3799,1.6000000000000005,-0.0425232961975752,0.0003903521563105842,0.019757331710293882,0.00820597843903867,0.0425232961975752,-0.04271540407893141
3800,4.000000000000001,-0.04230602261002002,4.8493335211098094e-5,0.006963715618195368,0.002644766435523599,0.04230602261002002,-0.04228425336660692
3801,10.000000000000002,-0.042250454562121176,1.90312795371929e-5,0.004362485477017992,0.010971358501238154,0.042250454562121176,-0.04197542111265067
3802,4.000000000000001,-0.0422745190123722,9.218946203899792e-5,0.009601534358580296,0.013417687497469391,0.0422745190123722,-0.042361422515057603
3803,1.6000000000000005,-0.04235112065697335,0.0006115270354634151,0.02472907267698114,0.006356606628859331,0.04235112065697335,-0.043102458449688796
3804,4.000000000000001,-0.04221284182223396,7.545489876297943e-5,0.008686477926235663,0.0031426977692171746,0.04221284182223396,-0.04237019014214
3805,10.000000000000002,-0.04205745414252297,3.953796262458582e-5,0.006287921963938947,0.02327061883458859,0.04205745414252297,-0.041725633280858876
3806,4.000000000000001,-0.04247765367336998,0.00020995675882446368,0.014489884707079752,0.024031243324113483,0.04247765367336998,-0.042666902970402584
3807,1.6000000000000005,-0.04331894315037882,0.0005544734178847297,0.023547259243587772,0.004781028366422279,0.04331894315037882,-0.043156847176263724
3808,4.000000000000001,-0.04273382784202261,8.279406365622395e-5,0.009099124334584287,0.009011667310562228,0.04273382784202261,-0.04244075803269767
3809,10.000000000000002,-0.04213405840466851,2.3896035773289726e-5,0.004888357165069849,0.013309214098456095,0.04213405840466851,-0.042031203637674416
3810,4.000000000000001,-0.04173647974028567,5.6571168317875396e-5,0.007521380745439989,0.021057486784465722,0.04173647974028567,-0.041975496316976516
3811,1.6000000000000005,-0.042139102086039305,0.001141730762264682,0.033789506688684905,0.011188307045040074,0.042139102086039305,-0.044076587236792426
3812,4.000000000000001,-0.04236570734329844,0.00012399302977973936,0.011135215749132989,0.019918065346944416,0.04236570734329844,-0.042304059997483455
3813,1.6000000000000005,-0.04257615337674871,0.0006255027229586784,0.025010052438143315,0.002738139680504561,0.04257615337674871,-0.042991930854054075
3814,4.000000000000001,-0.042229909575870785,7.033762232753647e-5,0.008386752788030447,0.006403146352951789,0.042229909575870785,-0.042298475852277174
3815,10.000000000000002,-0.04216845529235062,2.0225424282435608e-5,0.0044972685357265035,0.011078297532221983,0.04216845529235062,-0.04198283542138641
3816,4.000000000000001,-0.04203037691401351,7.337916139543723e-5,0.008566163750211481,0.018107142340920958,0.04203037691401351,-0.0421851830639551
3817,1.6000000000000005,-0.04352217438698028,0.0007352524847944508,0.02711553954459418,0.008802932839159637,0.04352217438698028,-0.04341927670541109
3818,4.000000000000001,-0.04293942507082832,0.00010072486696368873,0.010036177906139804,0.008027449143674318,0.04293942507082832,-0.04237448365913184
3819,10.000000000000002,-0.04242388084439965,3.030319978275988e-5,0.005504834219371178,0.025638626710695375,0.04242388084439965,-0.04197958833460012
3820,4.000000000000001,-0.04156420966874415,0.00015156354990824151,0.012311114892983557,0.011154225063807015,0.04156420966874415,-0.04239269668463195
3821,10.000000000000002,-0.04174959831333652,2.2024742275753423e-5,0.0046930525541222555,0.012262657403115313,0.04174959831333652,-0.04197996121193216
3822,4.000000000000001,-0.04253773830227196,0.00015155669245807995,0.01231083638336892,0.009565807721171514,0.04253773830227196,-0.04264309084416731
3823,10.000000000000002,-0.04256717808923659,2.2407852321522527e-5,0.004733693306660512,0.015028467413979065,0.04256717808923659,-0.04209387974475732
3824,4.000000000000001,-0.04233777721902305,0.00011853258879730751,0.010887267278675008,0.00464002064462386,0.04233777721902305,-0.04249025893998843
3825,10.000000000000002,-0.042130573084151586,1.438849686320749e-5,0.0037932172180363583,0.009990477472269433,0.042130573084151586,-0.042147759349980975
3826,4.000000000000001,-0.04211074094605755,3.9070610514662876e-5,0.006250648807496937,0.01456139589391828,0.04211074094605755,-0.04214824250428974
3827,1.6000000000000005,-0.04225512598509363,0.0012751305277335257,0.0357089698497944,0.005812864669963618,0.04225512598509363,-0.04402070200596986
3828,4.000000000000001,-0.04249126754730277,0.0001240805517624199,0.011139145019363915,0.00528716903746836,0.04249126754730277,-0.04249222709629976
3829,10.000000000000002,-0.04217136070331466,3.4471460085230014e-5,0.005871240080701011,0.023944130125719644,0.04217136070331466,-0.04189486651908587
3830,4.000000000000001,-0.04213238615837743,0.00018987896525273417,0.013779657660941151,0.003880113586664205,0.04213238615837743,-0.042780379255162045
3831,10.000000000000002,-0.04217578684420024,2.1458098920955185e-5,0.004632288734627321,0.004507063688965727,0.04217578684420024,-0.04213015245485754
3832,25.000000000000004,-0.04218013070673132,8.863757562480103e-6,0.0029772063352210077,0.022196807262797366,0.04218013070673132,-0.04186486469143609
3833,10.000000000000002,-0.04219693454594597,1.2741175994252633e-5,0.003569478392461934,0.01535691402758378,0.04219693454594597,-0.04167814111658375
3834,4.000000000000001,-0.042254234845235765,0.00022554277096242258,0.015018081467431936,0.036044722550886345,0.042254234845235765,-0.0421989153622325
3835,1.6000000000000005,-0.04285722006966896,0.0030746745977137443,0.05544974840081553,0.010390859076256196,0.04285722006966896,-0.04774778474229333
3836,4.000000000000001,-0.04271883363353557,0.0002816349959598801,0.016781984267656792,0.006493609080130063,0.04271883363353557,-0.04305063590427709
3837,10.000000000000002,-0.04230889398040165,5.132204765655166e-5,0.00716394079097194,0.011611248695749091,0.04230889398040165,-0.0419577581032018
3838,4.000000000000001,-0.04157792631649168,8.818892706317935e-5,0.009390895967008652,0.02326600645456449,0.04157792631649168,-0.04186490222184685
3839,1.6000000000000005,-0.041026359444241274,0.0018382001941576762,0.042874236951317,0.00571750399340348,0.041026359444241274,-0.04523199732490086
3840,4.000000000000001,-0.04193627010202382,0.00019754900128846894,0.014055212602037329,0.008347277134567536,0.04193627010202382,-0.04252297736736713
3841,10.000000000000002,-0.04202319420543381,4.6628306714538195e-5,0.006828492272422822,0.010475117995606908,0.04202319420543381,-0.041782053473551295
3842,4.000000000000001,-0.04227209674617485,0.00016656284576940756,0.012905922894911761,0.00520470413142875,0.04227209674617485,-0.04256108396916714
3843,10.000000000000002,-0.042078399292029306,2.6570875106859744e-5,0.005154694472697654,0.024798355651185898,0.042078399292029306,-0.0418750442594173
3844,4.000000000000001,-0.042196951794550665,0.00011523292136541086,0.010734659816007719,0.013489339647713521,0.042196951794550665,-0.04226205839940203
3845,1.6000000000000005,-0.043583422300808625,0.0013158878097902131,0.03627516794985536,0.00978150492610484,0.043583422300808625,-0.04449677815107107
3846,4.000000000000001,-0.04325333320852779,0.00011395604979125236,0.010675019896527235,0.00807040310670787,0.04325333320852779,-0.04255029620293708
3847,10.000000000000002,-0.04245841281552873,2.0097386612804644e-5,0.004483010886982614,0.01592661327780242,0.04245841281552873,-0.04214912744327459
3848,4.000000000000001,-0.04162172233652526,0.0001259585159556138,0.011223124161997576,0.00852321055271486,0.04162172233652526,-0.04254893646579196
3849,10.000000000000002,-0.04181447113206168,1.986093005347807e-5,0.004456560338812666,0.01826500915933986,0.04181447113206168,-0.04208769355304357
3850,4.000000000000001,-0.042423952121025524,0.00012245504696810415,0.011065940853271544,0.0069479701320610985,0.042423952121025524,-0.04255812371642963
3851,10.000000000000002,-0.04229859995870068,1.5861289666983138e-5,0.003982623465378461,0.01652040265138351,0.04229859995870068,-0.04210390858114133
3852,4.000000000000001,-0.04236286393926964,0.00013322440024814,0.011542287479011256,0.004669451450650474,0.04236286393926964,-0.04252569231589546
3853,10.000000000000002,-0.04227671483465598,1.9295012171515194e-5,0.004392608811573732,0.008800451136964704,0.04227671483465598,-0.04213615911305217
3854,4.000000000000001,-0.042213714724859144,0.0001004669802671083,0.010023321817995683,0.0067638828370408955,0.042213714724859144,-0.04249992044406314
3855,10.000000000000002,-0.04228509621736844,1.8574206570984685e-5,0.004309780339064241,0.017937640567156247,0.04228509621736844,-0.042094099205854565
3856,4.000000000000001,-0.04218625888925404,0.0001657100556833011,0.01287284178739493,0.007943192331145437,0.04218625888925404,-0.04264873787807601
3857,10.000000000000002,-0.04222378916298112,2.01826255821925e-5,0.004492507716431047,0.004950983003846017,0.04222378916298112,-0.0421541462856031
3858,25.000000000000004,-0.04225195064910249,6.151839543971908e-6,0.002480290213658859,0.012391637791504324,0.04225195064910249,-0.04202680976819276
3859,10.000000000000002,-0.042287186977864204,1.8983858487723927e-5,0.004357046991681858,0.011302900322649518,0.042287186977864204,-0.0420835455616845
3860,4.000000000000001,-0.042614632336159516,8.030652603064855e-5,0.008961390853581186,0.01590886596345373,0.042614632336159516,-0.04231676040118331
3861,1.6000000000000005,-0.04242550548710843,0.0020131306652067652,0.044867924681299506,0.008342184492890722,0.04242550548710843,-0.04560277260542042
3862,4.000000000000001,-0.04235466417517539,0.0002013954847053422,0.014191387694843032,0.009393310572814409,0.04235466417517539,-0.04279654650007542
3863,10.000000000000002,-0.042204022295062295,6.963595482787634e-5,0.008344816045178968,0.03430369417256095,0.042204022295062295,-0.04151549922158068
3864,4.000000000000001,-0.042016444562857067,0.00036120927227760376,0.019005506367303235,0.027612789614650707,0.042016444562857067,-0.04314600398781619
3865,1.6000000000000005,-0.041331223096593185,0.0016359261048078699,0.04044658335147568,0.011798302213540054,0.041331223096593185,-0.04472975141199076
3866,4.000000000000001,-0.041786432737853686,0.00018392347676981022,0.013561838989230414,0.026644716083661913,0.041786432737853686,-0.04229808401999263
3867,1.6000000000000005,-0.042370550249298804,0.0007314109672045097,0.02704461068687271,0.003850160976521686,0.042370550249298804,-0.04329398912587628
3868,4.000000000000001,-0.04242858659125329,7.61006418589475e-5,0.008723568183888258,0.005301725620014213,0.04242858659125329,-0.042289114986476715
3869,10.000000000000002,-0.04239156186241796,3.64464844224972e-5,0.006037092381477792,0.01651638509134724,0.04239156186241796,-0.041711844140846
3870,4.000000000000001,-0.04219713537608932,0.00023648856092448208,0.015378184578307093,0.005826420487720368,0.04219713537608932,-0.042717466758666334
3871,10.000000000000002,-0.0421828877992536,3.4096090710161123e-5,0.005839185791714554,0.013432349654489107,0.0421828877992536,-0.0420447879641475
3872,4.000000000000001,-0.04182434797154103,0.00016747983479606664,0.012941400032302017,0.007687464307321726,0.04182434797154103,-0.04255815807775027
3873,10.000000000000002,-0.04199329238259373,2.5453449351087506e-5,0.005045141162652192,0.0172348557414944,0.04199329238259373,-0.042145592351223816
3874,4.000000000000001,-0.042349368411566675,0.00010827691998055336,0.010405619634627885,0.008153845882953762,0.042349368411566675,-0.04252749836588672
3875,10.000000000000002,-0.04236503486561016,1.7081940026853437e-5,0.004133030368489135,0.003834912509214406,0.04236503486561016,-0.042136417685905196
3876,25.000000000000004,-0.04228307000303734,7.658359237675624e-6,0.002767374068982295,0.021266359946127047,0.04228307000303734,-0.04185621398198708
3877,10.000000000000002,-0.04223294999172379,3.3843084486589106e-5,0.0058174809399420555,0.021753545866777683,0.04223294999172379,-0.0420859341917828
3878,4.000000000000001,-0.04214897023089201,0.0003998159256323547,0.019995397611259316,0.006924455320871,0.04214897023089201,-0.04322896899571582
3879,10.000000000000002,-0.04203641371374841,4.814098648368678e-5,0.0069383705928471985,0.008688126094386425,0.04203641371374841,-0.04214062162375109
3880,4.000000000000001,-0.04225747030443043,0.00027016222149351104,0.016436612226779307,0.00604275404398392,0.04225747030443043,-0.04297619019598737
3881,10.000000000000002,-0.042209939671786136,3.7853352428666645e-5,0.0061525078162215,0.010268049299167692,0.042209939671786136,-0.04218573940424669
3882,4.000000000000001,-0.04268954179412469,0.0002538855344486104,0.015933785942098332,0.011025805126541104,0.04268954179412469,-0.04272249289817861
3883,10.000000000000002,-0.04239328626662276,4.0866823170801716e-5,0.006392716415640672,0.027962098502528985,0.04239328626662276,-0.04194002891204788
3884,4.000000000000001,-0.042045099330476426,0.00018025846350827926,0.013426036775917131,0.006858559718846442,0.042045099330476426,-0.042745655715515384
3885,10.000000000000002,-0.041943866506904265,1.8890064490853244e-5,0.004346270181529588,0.01158290305789014,0.041943866506904265,-0.04215793084807631
3886,4.000000000000001,-0.042103900612793836,2.0907625913391227e-5,0.004572485747751569,0.016418288712179714,0.042103900612793836,-0.041935768133052484
3887,1.6000000000000005,-0.04234799246242978,2.83763967676655e-5,0.005326950043661523,0.006596232439186099,0.04234799246242978,-0.041875941372461215
3888,4.000000000000001,-0.04227936596832851,4.2294234361694946e-5,0.006503401753059313,0.014885349419187056,0.04227936596832851,-0.0419583793848018
3889,1.6000000000000005,-0.0413280544592168,0.002078722697004331,0.04559301149303839,0.01703379456562766,0.0413280544592168,-0.04538447237304766
3890,4.000000000000001,-0.042183275745680975,0.00019304147411287973,0.013893936595251892,0.00904098492051817,0.042183275745680975,-0.04262657005703199
3891,10.000000000000002,-0.0423098433965061,4.532602235065548e-5,0.006732460348985019,0.006170714182137959,0.0423098433965061,-0.04202083550283255
3892,25.000000000000004,-0.0421694817939447,3.785284300479358e-5,0.006152466416388925,0.05313471081844304,0.0421694817939447,-0.04066991892915849
3893,10.000000000000002,-0.04201369462533675,0.0003321648308034854,0.018225389729810592,0.03650070298181459,0.04201369462533675,-0.04347308840006081
3894,4.000000000000001,-0.04229921104153329,0.0006578880602299223,0.025649328650666908,0.020107472586251715,0.04229921104153329,-0.045106940130522806
3895,10.000000000000002,-0.04203065352675373,6.673377635657206e-5,0.008169074387993542,0.009225897928659917,0.04203065352675373,-0.04240126958489297
3896,25.000000000000004,-0.04205711276451328,6.094249216193348e-5,0.007806567245719048,0.07656270807798723,0.04205711276451328,-0.040241037790321864
3897,10.000000000000002,-0.04228957075674603,0.0003640023010422288,0.01907884433193554,0.014796620904609129,0.04228957075674603,-0.04433042827539142
3898,25.000000000000004,-0.04218708501079903,3.517989002822731e-5,0.005931263780024229,0.013415506238242784,0.04218708501079903,-0.04199706232434865
3899,10.000000000000002,-0.04208261420675058,9.23987775394982e-5,0.009612428285272052,0.04374935876636614,0.04208261420675058,-0.0425041865325064
3900,4.000000000000001,-0.0417002974654466,0.0008383517645380819,0.02895430476696137,0.021124181779020104,0.0417002974654466,-0.04530032956428238
3901,10.000000000000002,-0.041658596871383555,8.84690909480328e-5,0.009405800920072293,0.02623210384052267,0.041658596871383555,-0.04232283053067426
3902,4.000000000000001,-0.042054358200422075,0.0002986861746201181,0.017282539588269953,0.008597842482961847,0.042054358200422075,-0.043252310920785915
3903,10.000000000000002,-0.042257356710359024,3.85174337574035e-5,0.006206241516199922,0.008310950442532146,0.042257356710359024,-0.04219693317106453
3904,4.000000000000001,-0.04280667967904795,0.00027738553998533477,0.016654895375994853,0.01770697149958351,0.04280667967904795,-0.04303405449753526
3905,10.000000000000002,-0.04254217767425281,3.369300975945756e-5,0.005804568007996595,0.010565644317697983,0.04254217767425281,-0.0421552617261472
3906,4.000000000000001,-0.042359321997469584,0.00019548406521417838,0.013981561615720126,0.010423975738287126,0.042359321997469584,-0.042678801590512384
3907,10.000000000000002,-0.042155231693858285,2.7126412797582155e-5,0.00520830229514207,0.01620782373981089,0.042155231693858285,-0.042198622249811066
3908,4.000000000000001,-0.041853677823130105,0.00020387287565249763,0.014278405921267879,0.008121309149697937,0.041853677823130105,-0.042717004970261485
3909,10.000000000000002,-0.042095077989006933,2.4974582725200733e-5,0.004997457626153595,0.005507319596767915,0.042095077989006933,-0.0422167893758437
3910,25.000000000000004,-0.042128844230085914,1.001631177830145e-5,0.0031648557278810435,0.016962047359304122,0.042128844230085914,-0.041854566645917544
3911,10.000000000000002,-0.0423300380320704,5.594243986440246e-5,0.007479467886447702,0.0075379668938625926,0.0423300380320704,-0.04224016851001845
3912,25.000000000000004,-0.042307947047659396,5.179265805282985e-5,0.007196711613843496,0.08315411110087224,0.042307947047659396,-0.04040462706245019
3913,10.000000000000002,-0.0422608197456565,0.00028727136558968794,0.01694908155593358,0.01761251776098553,0.0422608197456565,-0.04494700500508894
3914,25.000000000000004,-0.04196367871012317,2.5729845259727016e-5,0.005072459488229257,0.022426408021352793,0.04196367871012317,-0.04190352239005684
3915,10.000000000000002,-0.04218584274666649,0.00011037065666332131,0.010505743984284088,0.007537239305527046,0.04218584274666649,-0.04265403326007207
3916,25.000000000000004,-0.042101010416918855,1.0389259655812603e-5,0.0032232374494927615,0.008050966658247722,0.042101010416918855,-0.04190574241257631
3917,10.000000000000002,-0.042224226817966594,0.00010424983980796061,0.010210281083690136,0.014290566209262388,0.042224226817966594,-0.042804361637885195
3918,4.000000000000001,-0.04199275644026355,0.000856684748778214,0.029269177453051427,0.013182951629966418,0.04199275644026355,-0.04508198075127192
3919,10.000000000000002,-0.04233861911751565,0.00010737480057613561,0.010362181265357966,0.01792063236409413,0.04233861911751565,-0.04250311136138929
3920,4.000000000000001,-0.04218714540072669,0.0004047211863230691,0.020117683423373306,0.017705293913911974,0.04218714540072669,-0.04362917531223688
3921,10.000000000000002,-0.042239586659235454,4.764064944775797e-5,0.006902220617146192,0.031795232025828186,0.042239586659235454,-0.04221628575334116
3922,4.000000000000001,-0.04228299114889646,0.0003350948650528365,0.018305596550040003,0.014145644191884457,0.04228299114889646,-0.04321341845271989
3923,10.000000000000002,-0.04226201857350224,5.8054362319756605e-5,0.00761934133109658,0.04795681144374059,0.04226201857350224,-0.04198867869453681
3924,4.000000000000001,-0.04212192993746526,0.00025897141755800844,0.016092588901665525,0.019690560181118366,0.04212192993746526,-0.04290028304923513
3925,10.000000000000002,-0.04215609790449302,2.381829181582892e-5,0.00488039873533187,0.005428634014597261,0.04215609790449302,-0.04220119111525094
3926,25.000000000000004,-0.04219592186639642,1.6525901153714176e-5,0.004065206163740552,0.04055922107993866,0.04219592186639642,-0.04160238985745963
3927,10.000000000000002,-0.04226142663326155,7.290663029507557e-5,0.00853853794833024,0.018556429496635482,0.04226142663326155,-0.04226009906003079
3928,4.000000000000001,-0.042215057484975435,0.0006023812087780512,0.02454345551828534,0.012048561618879327,0.042215057484975435,-0.04380263738472787
3929,10.000000000000002,-0.04222066350999609,6.64270157301008e-5,0.008150277033948036,0.011369150253947526,0.04222066350999609,-0.04222705814237917
3930,4.000000000000001,-0.042236796946302294,0.0002614787037112509,0.01617030314221879,0.008993365188802276,0.042236796946302294,-0.04304410380925297
3931,10.000000000000002,-0.04203750381487071,3.2490738389775615e-5,0.005700064770664945,0.016983683133910205,0.04203750381487071,-0.042164016024680874
3932,4.000000000000001,-0.041794753619051724,3.537834079177562e-5,0.005947969467959264,0.011396995786523473,0.041794753619051724,-0.04178653020635556
3933,1.6000000000000005,-0.04203660515670047,0.0022032077205886434,0.0469383395593479,0.008139382030941012,0.04203660515670047,-0.0461974304250822
3934,4.000000000000001,-0.04252232174569962,0.000291381915106871,0.017069912568811563,0.0295000723274403,0.04252232174569962,-0.04238660395371625
3935,1.6000000000000005,-0.04264333862534697,0.001422058824357899,0.03771019523097035,0.006968944236028409,0.04264333862534697,-0.04401028170290496
3936,4.000000000000001,-0.042472030375508577,0.00018889669184313413,0.013743969289951653,0.007957470935463892,0.042472030375508577,-0.04228695103710954
3937,10.000000000000002,-0.042336679544011636,4.2972774698571834e-5,0.006555362285836828,0.010450202127667221,0.042336679544011636,-0.0417928468746884
3938,4.000000000000001,-0.04164935733759262,0.00029482356207129125,0.017170426962405193,0.010519745148642493,0.04164935733759262,-0.04260852536445266
3939,10.000000000000002,-0.04176558930289878,3.8841026081998475e-5,0.006232256901155349,0.015182529494545531,0.04176558930289878,-0.04199173222320741
3940,4.000000000000001,-0.04197054842898078,0.0001756108410636745,0.013251824065526772,0.006265139854607751,0.04197054842898078,-0.042652476608704436
3941,10.000000000000002,-0.042201327350197666,2.117683828784012e-5,0.004601829884713267,0.00805606542211518,0.042201327350197666,-0.042067445381843184
3942,4.000000000000001,-0.04257093849037514,7.306333201756733e-5,0.008547709167816095,0.013772793712041449,0.04257093849037514,-0.042211177101614594
3943,1.6000000000000005,-0.04338685586767235,0.0010175114207496478,0.031898454833261876,0.011928834722058884,0.04338685586767235,-0.043701865554949114
3944,4.000000000000001,-0.04276961998288153,0.00011738795707915411,0.010834572307163495,0.008540794186253645,0.04276961998288153,-0.042506602801108365
3945,10.000000000000002,-0.04228658494090934,3.558763875713931e-5,0.005965537591629049,0.02122191489939151,0.04228658494090934,-0.0418677805963963
3946,4.000000000000001,-0.04146878818931638,3.9526853614345144e-5,0.006287038540866848,0.02289110331850742,0.04146878818931638,-0.04144112180604575
3947,1.6000000000000005,-0.04218670213837822,0.002214653003449383,0.047060099909045916,0.005028897442384525,0.04218670213837822,-0.044962754997786104
3948,4.000000000000001,-0.042186606274442866,0.0003343992286058213,0.018286586029268047,0.030522318015071725,0.042186606274442866,-0.041648230941874635
3949,1.6000000000000005,-0.04274726723914417,0.0016252963794194724,0.040314964708151144,0.022544070769833835,0.04274726723914417,-0.04431427322145719
3950,4.000000000000001,-0.042446034768135486,0.00017020992885002743,0.013046452730532825,0.007422694621342592,0.042446034768135486,-0.04239824223244061
3951,10.000000000000002,-0.042227742294655014,5.7940894568675555e-5,0.007611891655079936,0.04559581748029857,0.042227742294655014,-0.041434331263534664
3952,4.000000000000001,-0.04173942302418498,0.0003250093977169872,0.018028017021208605,0.012226887953137276,0.04173942302418498,-0.04297770745446701
3953,10.000000000000002,-0.04192485007008487,3.784886135132398e-5,0.006152142825985429,0.008607904967573448,0.04192485007008487,-0.04190111816881778
3954,4.000000000000001,-0.042476891075026835,0.00023203673087649244,0.015232751914099186,0.009283296063954227,0.042476891075026835,-0.04277376996798887
3955,10.000000000000002,-0.042347399607511174,3.6755165917703306e-5,0.006062603889229718,0.0074859612944357425,0.042347399607511174,-0.04215670438294528
3956,25.000000000000004,-0.04223070967885161,1.0803491019533357e-5,0.0032868664438235632,0.023210417588811663,0.04223070967885161,-0.04179233243079803
3957,10.000000000000002,-0.0421935999407702,4.517146981118442e-5,0.006720972385837068,0.017521232122359308,0.0421935999407702,-0.042222175915286736
3958,4.000000000000001,-0.042398503384212936,6.59782996398041e-5,0.008122702729991053,0.025956795595281027,0.042398503384212936,-0.042028046944341396
3959,1.6000000000000005,-0.04194804435511161,0.003611978413205697,0.06009973721411515,0.009959238107536121,0.04194804435511161,-0.04717661618997405
3960,4.000000000000001,-0.042352831172255974,0.00036825071941362967,0.01918985980703428,0.00904516379699651,0.042352831172255974,-0.042758799942413696
3961,10.000000000000002,-0.042313176396137554,8.27911781511835e-5,0.00909896577371206,0.014654793286152122,0.042313176396137554,-0.04156434629481811
3962,4.000000000000001,-0.04194693128840483,0.0003630219803806648,0.019053135709920947,0.01183009157911362,0.04194693128840483,-0.04338637619096732
3963,10.000000000000002,-0.041844820990575286,4.043213690584571e-5,0.0063586269670303595,0.008380079976469008,0.041844820990575286,-0.04204625761598035
3964,4.000000000000001,-0.042187685256826944,0.0001556237335335686,0.012474924189491839,0.02268848671929875,0.042187685256826944,-0.04258670791637982
3965,1.6000000000000005,-0.0422888389411158,0.0002528929558601932,0.015902608460884433,0.014358114643173337,0.0422888389411158,-0.042257356487067126
3966,4.000000000000001,-0.04222859522000005,0.0001555946908327512,0.012473760091999173,0.008232452335869942,0.04222859522000005,-0.04251253928039613
3967,10.000000000000002,-0.0420642230387505,2.9689788960715572e-5,0.005448833724818144,0.01577787227837276,0.0420642230387505,-0.04196265351473547
3968,4.000000000000001,-0.04192791353101744,3.069639017488827e-5,0.005540432309385998,0.014071694482147595,0.04192791353101744,-0.04155694319950107
3969,1.6000000000000005,-0.0417292532853033,0.002247766113354558,0.047410611822191855,0.007288395553560724,0.0417292532853033,-0.045442058652159514
3970,4.000000000000001,-0.042329259922380055,0.0002568419265529907,0.016026288608189693,0.01200680421472688,0.042329259922380055,-0.042555520233135274
3971,10.000000000000002,-0.0422969117406489,6.225758983896461e-5,0.007890347890870505,0.02552436665974184,0.0422969117406489,-0.041693904060186915
3972,4.000000000000001,-0.04234933870548353,0.0003337710856382097,0.018269402990744105,0.006917009383818211,0.04234933870548353,-0.04286116859373965
3973,10.000000000000002,-0.0420492937325519,4.437997668940182e-5,0.0066618298304146,0.010340675432155298,0.0420492937325519,-0.04205247240803462
3974,4.000000000000001,-0.04179579092416845,4.550017699872737e-5,0.006745381901621833,0.014240532358794937,0.04179579092416845,-0.041466525434163334
3975,1.6000000000000005,-0.04236052535013742,0.0021111228665184126,0.045946957097488104,0.0271496095128347,0.04236052535013742,-0.04558473507519546
3976,4.000000000000001,-0.04249145472126678,0.00028112784978489495,0.01676686761994902,0.019701084794318605,0.04249145472126678,-0.04249684500417397
3977,10.000000000000002,-0.04229095840738987,5.8050911786379845e-5,0.007619114895207963,0.033872779712610226,0.04229095840738987,-0.04168727536695423
3978,4.000000000000001,-0.042242587591611966,0.0002642027774890312,0.01625431565735793,0.011297680572589787,0.042242587591611966,-0.0428993753114253
3979,10.000000000000002,-0.04213941077637361,2.753514000896556e-5,0.005247393639604862,0.005132610881217807,0.04213941077637361,-0.04209565071559872
3980,25.000000000000004,-0.0420172988199945,1.5264238440662114e-5,0.003906947458139425,0.06157307461207755,0.0420172988199945,-0.04153192576812823
3981,10.000000000000002,-0.04202053537070167,1.8928945163957563e-5,0.004350740760371452,0.03391125497794368,0.04202053537070167,-0.04109631377963573
3982,4.000000000000001,-0.04257806137652807,0.0010710829153949613,0.03272740312635516,0.008605915655041799,0.04257806137652807,-0.04557649658514417
3983,10.000000000000002,-0.04264806331733475,0.00014280722163172188,0.011950197556179641,0.020508785244570685,0.04264806331733475,-0.041437519054735354
3984,4.000000000000001,-0.04184694574400323,0.0005143218872693779,0.022678665905854732,0.010886884094466177,0.04184694574400323,-0.04442995601524432
3985,10.000000000000002,-0.041642959433890916,6.65698966896697e-5,0.008159037730619323,0.01690307921142889,0.041642959433890916,-0.042131519639435115
3986,4.000000000000001,-0.042059916970702445,0.0003580504884185433,0.018922222079305148,0.007867350003318401,0.042059916970702445,-0.04293042664232325
3987,10.000000000000002,-0.04207077884655323,0.00016550798019225008,0.012864990485509504,0.06859811645009331,0.04207077884655323,-0.04010928752554856
3988,4.000000000000001,-0.04219515056705721,0.0009164697444515343,0.03027325130294951,0.014661618247516963,0.04219515056705721,-0.0457306342353126
3989,10.000000000000002,-0.04225315456596525,9.768939521860798e-5,0.009883794575900896,0.02616628017789645,0.04225315456596525,-0.041871274631389524
3990,4.000000000000001,-0.042422238897437174,0.0003862090573530829,0.0196522023537588,0.025093575016715275,0.042422238897437174,-0.04328166898612114
3991,1.6000000000000005,-0.04237740642537515,0.00039366335036118336,0.01984095134718049,0.048461495105002146,0.04237740642537515,-0.04111898009118983
3992,0.6400000000000002,-0.03855193486113096,0.009041344091006327,0.09508598262102741,0.01369590898780379,0.03855193486113096,-0.050590499825216476
3993,1.6000000000000005,-0.04087302000291256,0.0020667419015044427,0.04546143312198201,0.00923381888934214,0.04087302000291256,-0.04458715059188857
3994,4.000000000000001,-0.04199131136843005,0.0004612817255784769,0.02147747018571966,0.016698844473718624,0.04199131136843005,-0.041301729296973025
3995,10.000000000000002,-0.041900167899434425,0.00013223754540731374,0.011499458483220579,0.017714790192114662,0.041900167899434425,-0.04063628785533428
3996,4.000000000000001,-0.04220324018618923,0.0006867461799448922,0.02620584247729678,0.014982858109582393,0.04220324018618923,-0.04373725902557514
3997,10.000000000000002,-0.04214131886018639,8.428095907478451e-5,0.009180466168707584,0.012236230888592886,0.04214131886018639,-0.04180552581112703
3998,4.000000000000001,-0.04255021901412688,0.000397764017690945,0.01994402210415304,0.01690849407070078,0.04255021901412688,-0.04357534918481645
3999,10.000000000000002,-0.04223918530327859,4.716765984167497e-5,0.0068678715656071325,0.009603625393463435,0.04223918530327859,-0.04216083108208287
4000,4.000000000000001,-0.04208928883773598,0.00010906344537626105,0.010443344549341512,0.02249934757409452,0.04208928883773598,-0.04214906781967138
4001,1.6000000000000005,-0.04237811553875984,0.001807733579821802,0.04251745029775189,0.01072857915010212,0.04237811553875984,-0.04453548423934005
4002,4.000000000000001,-0.04223145935716105,0.0002555801552052773,0.015986874466426427,0.025144696341193692,0.04223145935716105,-0.04219315540502709
4003,1.6000000000000005,-0.04149790856964207,0.0013854318212260875,0.0372213892973662,0.008735515610298126,0.04149790856964207,-0.044289220798615025
4004,4.000000000000001,-0.04164652446231799,0.00013764352470953343,0.011732157717552788,0.0068543459110833125,0.04164652446231799,-0.04211708915221624
4005,10.000000000000002,-0.04184172761664711,4.433476956346003e-5,0.006658435969764974,0.00881306826113144,0.04184172761664711,-0.041861459803509644
4006,4.000000000000001,-0.04255885482501271,0.0002320393146283531,0.015232836722959815,0.007877786700759736,0.04255885482501271,-0.04263443191499601
4007,10.000000000000002,-0.042422497347537724,3.351491013901311e-5,0.005789206347938646,0.01579701220062127,0.042422497347537724,-0.04183745003604166
4008,4.000000000000001,-0.042188993268250215,0.00010848437490492915,0.010415583272430265,0.017781095579932057,0.042188993268250215,-0.042134175281583704
4009,1.6000000000000005,-0.04117343000649136,0.00014042506829013674,0.011850108366176941,0.02997301008803842,0.04117343000649136,-0.041858550864393766
4010,0.6400000000000002,-0.04262665332222854,0.008880979838826035,0.09423895075193715,0.009778898336531828,0.04262665332222854,-0.04918901589974677
4011,1.6000000000000005,-0.042424689164672943,0.001407731833710767,0.03751975258061768,0.014147140214545346,0.042424689164672943,-0.04395543327774021
4012,4.000000000000001,-0.04234155296223057,0.00024313858926021446,0.015592901887083573,0.009736296073549412,0.04234155296223057,-0.04203615833461744
4013,10.000000000000002,-0.04207085413236486,6.939389190770273e-5,0.008330299628927085,0.019456945736694535,0.04207085413236486,-0.041470700519690325
4014,4.000000000000001,-0.04219636431021743,0.00031967658356457006,0.017879501770591093,0.004104688989838218,0.04219636431021743,-0.04310074346923136
4015,10.000000000000002,-0.04209709570069408,4.346076095606083e-5,0.006592477603758759,0.025253028805360348,0.04209709570069408,-0.04196678996508351
4016,4.000000000000001,-0.042610385978609215,0.00011496551235293788,0.01072219717935358,0.018941531638959234,0.042610385978609215,-0.04201386301399712
4017,1.6000000000000005,-0.04243794178874949,0.0017529631296449375,0.0418684025208144,0.011551903219096459,0.04243794178874949,-0.04513195539513046
4018,4.000000000000001,-0.04206834959957327,0.00019173064063545705,0.01384668338034264,0.007520905141870315,0.04206834959957327,-0.04252857899148309
4019,10.000000000000002,-0.04209109249315145,4.1529203242438384e-5,0.006444315575950512,0.005316459836992038,0.04209109249315145,-0.041907661992836645
4020,25.000000000000004,-0.04206831490827612,1.49000996943769e-5,0.0038600647267082065,0.012437615337051044,0.04206831490827612,-0.041572568487214655
4021,10.000000000000002,-0.042336691998750786,9.378732213472809e-5,0.009684385480490132,0.011927380140467476,0.042336691998750786,-0.04268450751239177
4022,25.000000000000004,-0.04227297558209593,1.4564370345655638e-5,0.0038163294335861048,0.010597944248132651,0.04227297558209593,-0.04176742042249332
4023,10.000000000000002,-0.04223614915739852,9.244841583362149e-5,0.009615009923740146,0.03636437979838692,0.04223614915739852,-0.042420636933504584
4024,4.000000000000001,-0.04204281041236003,0.0005584479441566241,0.023631503214070496,0.007692112983701317,0.04204281041236003,-0.04417958568651037
4025,10.000000000000002,-0.04210262617536137,0.00012887892377120425,0.011352485356572994,0.05749059407269859,0.04210262617536137,-0.04107670245317193
4026,4.000000000000001,-0.04197691666663074,0.0008472638875617025,0.029107797710608452,0.009842561548349456,0.04197691666663074,-0.045118624596824114
4027,10.000000000000002,-0.041996302108245245,5.6391711884700524e-5,0.007509441516164869,0.006751428897615626,0.041996302108245245,-0.04212334539067912
4028,25.000000000000004,-0.04201718003753796,2.2559380013432728e-5,0.004749671569006927,0.05673802322088132,0.04201718003753796,-0.04128210280083484
4029,10.000000000000002,-0.0422175258994569,0.00013360774191546092,0.011558881516628714,0.012292790030486249,0.0422175258994569,-0.0430036631574068
4030,25.000000000000004,-0.0422207554941676,1.5193944866521784e-5,0.0038979411060868765,0.023224725177731775,0.0422207554941676,-0.041690275097255064
4031,10.000000000000002,-0.04213139294044847,2.598209726993839e-5,0.005097263704178782,0.023400313463112936,0.04213139294044847,-0.04148086387188969
4032,4.000000000000001,-0.04202244664163029,0.0012353018702610627,0.03514686145676542,0.008877705667649676,0.04202244664163029,-0.046895385852130045
4033,10.000000000000002,-0.04208590393057752,0.00013612892198624197,0.011667429964916952,0.010148550959945742,0.04208590393057752,-0.04257706125861392
4034,25.000000000000004,-0.04196370639056057,2.931222335490426e-5,0.005414076408299412,0.02362656847430571,0.04196370639056057,-0.041339086926726616
4035,10.000000000000002,-0.04256098994731795,0.00016714811088452237,0.012928577295453757,0.03129094211240851,0.04256098994731795,-0.043329054403909516
4036,4.000000000000001,-0.04317095100413855,0.0006209597193108145,0.0249190633714595,0.016591210626463678,0.04317095100413855,-0.04478272574964882
4037,10.000000000000002,-0.04258678498492011,7.422222292048758e-5,0.008615232029405104,0.014519385121897403,0.04258678498492011,-0.04237477236322602
4038,4.000000000000001,-0.041496909195824425,0.00032418767292360776,0.01800521238207447,0.01760586178644723,0.041496909195824425,-0.04308917907701227
4039,10.000000000000002,-0.041646257078638275,4.304814524177758e-5,0.006561108537570277,0.005344688749628461,0.041646257078638275,-0.042103362997643216
4040,25.000000000000004,-0.04191040019641319,1.3678789849723871e-5,0.003698484804581989,0.013886208805279316,0.04191040019641319,-0.04180285531972915
4041,10.000000000000002,-0.04238762231125714,6.825439477359325e-5,0.008261621800445313,0.030282560474530946,0.04238762231125714,-0.04220225148332538
4042,4.000000000000001,-0.04341232129340669,0.0008178613723768653,0.028598275688874412,0.015722893398883105,0.04341232129340669,-0.04414383505241796
4043,10.000000000000002,-0.042705954258502765,7.784766885971047e-5,0.00882313259900986,0.020438412975784158,0.042705954258502765,-0.04226893832034869
4044,4.000000000000001,-0.04163090019122872,9.034749285744193e-5,0.009505129818021527,0.030737261625619225,0.04163090019122872,-0.04171954433969397
4045,1.6000000000000005,-0.04052071205933288,0.00017104980726181563,0.01307860112021984,0.017975992916704743,0.04052071205933288,-0.041680384036069267
4046,0.6400000000000002,-0.039131951740753276,0.010110772969676118,0.10055233945401826,0.03353124872606386,0.039131951740753276,-0.052930668871078584
4047,1.6000000000000005,-0.04250493611327764,0.0022604599996348413,0.04754429513237988,0.012266171382547876,0.04250493611327764,-0.04520926482724329
4048,4.000000000000001,-0.042892834232588876,0.0004569061533341736,0.021375363232800832,0.005789597638605782,0.042892834232588876,-0.04152841622042784
4049,10.000000000000002,-0.04258436186958288,0.00014647636488561119,0.012102742039951575,0.011663994563476313,0.04258436186958288,-0.0403169756727481
4050,25.000000000000004,-0.042053442824933375,9.96836770194198e-5,0.009984171323621194,0.08509473775802581,0.042053442824933375,-0.03677922683455597
4051,10.000000000000002,-0.04106065743014132,0.0008365974672900451,0.02892399466342858,0.04589131506918367,0.04106065743014132,-0.047537397416178406
4052,4.000000000000001,-0.039098414959726706,0.0021120680156441344,0.04595724116659022,0.01493752519365797,0.039098414959726706,-0.051106553400071565
4053,10.000000000000002,-0.040118522600766725,0.00019000154095079574,0.013784104648137134,0.027965341894850792,0.040118522600766725,-0.04258863262906241
4054,4.000000000000001,-0.04140867879977074,0.0006448538483528255,0.025393972677641943,0.011713268196605642,0.04140867879977074,-0.043782695116039785
4055,10.000000000000002,-0.042062693373381414,7.518199838601158e-5,0.008670755352679003,0.010313227082211988,0.042062693373381414,-0.04191771697188739
4056,25.000000000000004,-0.04210531976134065,2.8754066758404346e-5,0.005362281861148698,0.012567244200470982,0.04210531976134065,-0.041019460556370776
4057,10.000000000000002,-0.042091302512740174,0.0001912422789839655,0.013829037529197957,0.02068160701146371,0.042091302512740174,-0.04244702223339394
4058,4.000000000000001,-0.04204598943134555,0.0012115157435817858,0.034806834725119515,0.011912812172646605,0.04204598943134555,-0.046086365675882444
4059,10.000000000000002,-0.0420096677980553,9.369674526858412e-5,0.009679707912358932,0.01075451838923823,0.0420096677980553,-0.042233311965968634
4060,25.000000000000004,-0.04208209156970328,2.8291227671489494e-5,0.005318949865479979,0.041027887590946645,0.04208209156970328,-0.041357334925226995
4061,10.000000000000002,-0.041673193889281965,0.0001660739067840982,0.012886966547023322,0.017640727677892803,0.041673193889281965,-0.042512401076814636
4062,4.000000000000001,-0.04256350855478692,0.0006902797571934714,0.02627317562064912,0.008984308161909418,0.04256350855478692,-0.04419692248888087
4063,10.000000000000002,-0.042177463220386194,8.193352745867319e-5,0.00905171406191519,0.011910714011006619,0.042177463220386194,-0.04226195334343838
4064,4.000000000000001,-0.04195008687526039,0.00046507284969237985,0.021565547748489483,0.008134461130053085,0.04195008687526039,-0.043493946500930004
4065,10.000000000000002,-0.04179187259071442,5.809212622446935e-5,0.00762181908893601,0.006351560531394531,0.04179187259071442,-0.04211430714344122
4066,25.000000000000004,-0.04187880282651866,1.56726485884756e-5,0.003958869609936098,0.01621111456755441,0.04187880282651866,-0.04156054601243186
4067,10.000000000000002,-0.04216153429051769,7.69672578904392e-5,0.008773098534180452,0.03341084214446041,0.04216153429051769,-0.04225400652024751
4068,4.000000000000001,-0.043199832449372255,0.0007245309101596724,0.026917111846549813,0.023089164248487802,0.043199832449372255,-0.04430249515418306
4069,10.000000000000002,-0.0425894216710195,8.557521269357055e-5,0.00925068714710267,0.011988224437521178,0.0425894216710195,-0.042222276937335185
4070,4.000000000000001,-0.04165469309492164,0.00029510475734660646,0.017178613370892496,0.009402935478995624,0.04165469309492164,-0.043140170364190523
4071,10.000000000000002,-0.041656989750121866,4.146842321734187e-5,0.006439598063337639,0.014676760924339097,0.041656989750121866,-0.04214292714812124
4072,4.000000000000001,-0.04211918147051301,4.576288115138955e-5,0.00676482676432956,0.012387933092928476,0.04211918147051301,-0.04179455127149991
4073,1.6000000000000005,-0.04463555250940668,0.002942289572434166,0.05424287577584881,0.017877094389815745,0.04463555250940668,-0.047088301686139256
4074,4.000000000000001,-0.0434755656540887,0.0003978190902293726,0.01994540273419849,0.03140522295414935,0.0434755656540887,-0.04224290213179409
4075,1.6000000000000005,-0.04112154357016379,0.001527235732548229,0.03907986351752305,0.012406880008233956,0.04112154357016379,-0.04440649041295401
4076,4.000000000000001,-0.041163799759011306,0.00016767142913825953,0.012948800297257639,0.015429780010653637,0.041163799759011306,-0.04202169398536631
4077,10.000000000000002,-0.04170005178832723,5.106549577722811e-5,0.0071460125788601935,0.010923587075080326,0.04170005178832723,-0.04175090577863198
4078,4.000000000000001,-0.042596035522335415,0.0002564600846344696,0.01601437119072958,0.006465412039104056,0.042596035522335415,-0.042687856284685445
4079,10.000000000000002,-0.0423612892272844,3.633006368087341e-5,0.006027442548948386,0.005249992674541618,0.0423612892272844,-0.04199018972360219
4080,25.000000000000004,-0.04210535087199,1.4205375004621027e-5,0.0037690018578691396,0.031951037066990554,0.04210535087199,-0.04159153199057455
4081,10.000000000000002,-0.041706926627402226,1.7531472408196595e-5,0.004187060115187814,0.03351221486298645,0.041706926627402226,-0.04137731102318598
4082,4.000000000000001,-0.04196684106919034,0.0004714924341901237,0.021713876535297046,0.04340103427665891,0.04196684106919034,-0.04345021495089505
4083,1.6000000000000005,-0.04299585609871974,0.004318285501041169,0.06571366297080973,0.02434482869311382,0.04299585609871974,-0.05045297587438046
4084,4.000000000000001,-0.04348600399804758,0.0006105040821294,0.02470838080751954,0.013089081469345844,0.04348600399804758,-0.042700792508193086
4085,10.000000000000002,-0.04293087269111532,0.00017129537673633767,0.013087985969443033,0.0259814026719806,0.04293087269111532,-0.04060971446956366
4086,4.000000000000001,-0.04087597161662056,0.0008653819112987506,0.02941737431006973,0.017520344334790685,0.04087597161662056,-0.04468459700731706
4087,10.000000000000002,-0.04121799937858439,9.692623945463941e-5,0.009845112465311882,0.0090625231898544,0.04121799937858439,-0.04143006614480749
4088,25.000000000000004,-0.04178827074428379,4.0707410950396896e-5,0.006380235963535902,0.06358705096951932,0.04178827074428379,-0.04022461039941507
4089,10.000000000000002,-0.04190488102460087,0.00027167641510918725,0.016482609475116105,0.0292176133810794,0.04190488102460087,-0.04296516636596853
4090,4.000000000000001,-0.042481918811096225,0.001216543712395859,0.034878986688203245,0.010182925747719465,0.042481918811096225,-0.04620319477457434
4091,10.000000000000002,-0.042504814390402754,0.00011310270396489266,0.010634975503727908,0.011718902050484339,0.042504814390402754,-0.04229586721535268
4092,25.000000000000004,-0.0421130120219218,3.087857899562839e-5,0.005556849736642911,0.016318667404256717,0.0421130120219218,-0.041376232942592565
4093,10.000000000000002,-0.04153287030151034,0.00014503327256854115,0.012042976067755892,0.014652393009786093,0.04153287030151034,-0.04253806969185845
4094,25.000000000000004,-0.0416412811385582,2.529208679330944e-5,0.0050291238594122375,0.01026338161054961,0.0416412811385582,-0.04129897223592559
4095,10.000000000000002,-0.042170988652559756,0.00019023312223923224,0.01379250239221412,0.014256405184057585,0.042170988652559756,-0.04281277604504487
4096,25.000000000000004,-0.04221825172755007,2.165722105166676e-5,0.004653731948841356,0.012664718101170374,0.04221825172755007,-0.04163280690169148
4097,10.000000000000002,-0.04228671100921459,2.328815222400667e-5,0.004825779960172932,0.03838061081547075,0.04228671100921459,-0.04095221749512914
4098,4.000000000000001,-0.0423354621922846,0.0019732821600002256,0.04442164067208938,0.01484395087542473,0.0423354621922846,-0.04954201565975463
4099,10.000000000000002,-0.0420900606736878,0.00020226862214372285,0.014222117357964772,0.015479271754569783,0.0420900606736878,-0.04253702641383747
4100,25.000000000000004,-0.041904270250481546,4.6969431391357075e-5,0.006853424792857734,0.052753747837936675,0.041904270250481546,-0.04100564923496318
4101,10.000000000000002,-0.041887050224506575,0.00025204873248163735,0.015876042721082523,0.030344869045052885,0.041887050224506575,-0.043619823088353174
4102,4.000000000000001,-0.0420994530693272,0.0008268472988762061,0.028754952597356272,0.015235752436008535,0.0420994530693272,-0.04527175207486897
4103,10.000000000000002,-0.04187416513964552,9.025108801960415e-5,0.009500057264017104,0.010372418660113689,0.04187416513964552,-0.04245713871869634
4104,25.000000000000004,-0.04172525854480353,4.618754893970952e-5,0.006796142210085772,0.07144883049045915,0.04172525854480353,-0.0405619749800296
4105,10.000000000000002,-0.04197888381976345,0.0002937588154975361,0.017139393673567805,0.011416789256044514,0.04197888381976345,-0.044380376012974086
4106,25.000000000000004,-0.042073595507035384,2.76526012177313e-5,0.005258574066962574,0.01180423274327883,0.042073595507035384,-0.041754123016209926
4107,10.000000000000002,-0.04233594299476675,0.0001338211764431761,0.01156811032291688,0.012324568057660426,0.04233594299476675,-0.042721310099911286
4108,25.000000000000004,-0.04227755147199432,1.9713358959183828e-5,0.00443997285568097,0.018341122305813834,0.04227755147199432,-0.04177935557705404
4109,10.000000000000002,-0.04212059396393836,2.6981822518048024e-5,0.0051944029991951935,0.031936793917220374,0.04212059396393836,-0.04144863585927104
4110,4.000000000000001,-0.042414206407427414,0.0013491177070162907,0.03673033769265252,0.027266200079223885,0.042414206407427414,-0.04720828652183832
4111,10.000000000000002,-0.04209744589080531,0.00013113733748067261,0.01145152118631724,0.013499220040783223,0.04209744589080531,-0.042406220647051095
4112,25.000000000000004,-0.042046693227045275,3.3922224007492404e-5,0.00582427884012196,0.015595755500965449,0.042046693227045275,-0.04149034395188323
4113,10.000000000000002,-0.04206404644449697,6.0690116007714275e-5,0.007790386126997446,0.050174353663731554,0.04206404644449697,-0.04103469023919724
4114,4.000000000000001,-0.04161509546815506,0.0015364227904169742,0.03919722937169124,0.008610738651081815,0.04161509546815506,-0.047739468784660566
4115,10.000000000000002,-0.04174368150606871,0.00016466113258426933,0.01283203540301652,0.022727812561125722,0.04174368150606871,-0.042091320138555606
4116,4.000000000000001,-0.042289844630471855,0.0007229037763049044,0.026886869961096335,0.009933161917390089,0.042289844630471855,-0.04442526589195729
4117,10.000000000000002,-0.04213330986202052,7.156069689678927e-5,0.008459355584014025,0.030222378163668587,0.04213330986202052,-0.04211903839954118
4118,4.000000000000001,-0.042585522791814004,0.00033438845896080873,0.018286291558454622,0.006416264692237173,0.042585522791814004,-0.043276227916575066
4119,10.000000000000002,-0.042335052678654964,3.8615765939604265e-5,0.0062141585061538515,0.00777309330034957,0.042335052678654964,-0.042085546593760986
4120,4.000000000000001,-0.042258309923551465,4.511642398180089e-5,0.006716876058243213,0.02536176606699256,0.042258309923551465,-0.04169611665743912
4121,1.6000000000000005,-0.04068906714566526,0.002396350300115634,0.04895253108998179,0.008623668476658932,0.04068906714566526,-0.0459139870827139
4122,4.000000000000001,-0.04150550705956267,0.0002991491987137118,0.017295930119936073,0.007336576404411645,0.04150550705956267,-0.04256618336542769
4123,10.000000000000002,-0.04191729222182768,6.146038922736171e-5,0.007839667673273001,0.008879637804561618,0.04191729222182768,-0.04182786864369177
4124,25.000000000000004,-0.04205697036484064,2.2870640942062485e-5,0.0047823258924985955,0.021934374918753274,0.04205697036484064,-0.041254784454649855
4125,10.000000000000002,-0.04236154887734652,0.0001340744325351112,0.011579051452304338,0.027697934664998133,0.04236154887734652,-0.04245915711518782
4126,4.000000000000001,-0.042206453631273094,0.0002072213340452547,0.014395184404697798,0.04923835525366348,0.042206453631273094,-0.04204796653897986
4127,1.6000000000000005,-0.042493191000248495,0.004222149249293852,0.06497806744813092,0.009446748809518775,0.042493191000248495,-0.04964987570765019
4128,4.000000000000001,-0.04272562749345373,0.0004900969168573548,0.02213813264160631,0.019259860777092776,0.04272562749345373,-0.0430345793436969
4129,10.000000000000002,-0.042370564149493306,9.843089370919089e-5,0.00992123448514301,0.015943772309555675,0.042370564149493306,-0.041658346984618316
4130,4.000000000000001,-0.04162899335600399,0.0002850006326025374,0.01688196175219389,0.025871653734565358,0.04162899335600399,-0.04289871305944115
4131,1.6000000000000005,-0.040776416521857234,0.001669686533539277,0.040861797972425014,0.009178374656221231,0.040776416521857234,-0.04490068474330197
4132,4.000000000000001,-0.04108523684227484,0.00017918422067337214,0.01338597103961353,0.006723767816174754,0.04108523684227484,-0.04250078047336349
4133,10.000000000000002,-0.04142477663964065,4.3627636600118067e-5,0.006605121997368259,0.008836708138908907,0.04142477663964065,-0.041801272426376296
4134,4.000000000000001,-0.042797595240383624,0.0002724305051579325,0.016505468946925818,0.009208182743159274,0.042797595240383624,-0.0427352434400268
4135,10.000000000000002,-0.042540878045975034,3.956522210770917e-5,0.006290089197118684,0.027323645550561562,0.042540878045975034,-0.04180245091683066
4136,4.000000000000001,-0.04258741453582007,0.0004148047586587393,0.020366756213465592,0.008585793011210274,0.04258741453582007,-0.042986758788201906
4137,10.000000000000002,-0.04228727214298943,4.7771383776520986e-5,0.0069116845831187195,0.006634555242597153,0.04228727214298943,-0.0419281556852452
4138,25.000000000000004,-0.042205079421194384,1.598479421354439e-5,0.003998098824884696,0.017916352503975462,0.042205079421194384,-0.04160587019915888
4139,10.000000000000002,-0.041989433431886415,9.862189485382775e-5,0.009930855695952276,0.026164347482396322,0.041989433431886415,-0.04218063516869599
4140,4.000000000000001,-0.04270800361740981,0.0007669351769624716,0.02769359451141133,0.016982300248934983,0.04270800361740981,-0.044588937449407846
4141,10.000000000000002,-0.04214954379613673,7.948065852439383e-5,0.008915192567992787,0.00907479820314656,0.04214954379613673,-0.04197460569385613
4142,25.000000000000004,-0.04188556019190356,2.4899952269176673e-5,0.004989985197290336,0.022554387118946747,0.04188556019190356,-0.041267175113455186
4143,10.000000000000002,-0.04185979218773435,0.0001465944424210386,0.012107619188801677,0.012894926334169183,0.04185979218773435,-0.04261668434795718
4144,25.000000000000004,-0.04199040187643541,2.0664728771727214e-5,0.004545847420638666,0.00863767902686822,0.04199040187643541,-0.04163426669410121
4145,10.000000000000002,-0.042599415059929195,0.0001954237529441626,0.013979404599057952,0.019333486947677156,0.042599415059929195,-0.04303987426068773
4146,4.000000000000001,-0.04347552076387241,0.001049306307580955,0.03239299781713565,0.010082084265511522,0.04347552076387241,-0.045570478845884194
4147,10.000000000000002,-0.04281054765835878,0.00011670820936267648,0.010803157379334825,0.029904052080105444,0.04281054765835878,-0.04199723237484386
4148,4.000000000000001,-0.04146103928835476,0.0005192448200100922,0.02278694406913951,0.015278325357507583,0.04146103928835476,-0.04362657349594955
4149,10.000000000000002,-0.04159462542074237,5.463563693015689e-5,0.007391592313578779,0.011385829741859378,0.04159462542074237,-0.042103602436372546
4150,4.000000000000001,-0.04168684211452478,5.663600094898189e-5,0.007525689400246458,0.01839732769310571,0.04168684211452478,-0.04152503067878762
4151,1.6000000000000005,-0.04348166374039153,0.0016309945094639703,0.04038557303622137,0.037452158593792105,0.04348166374039153,-0.04355250631455068
4152,4.000000000000001,-0.043009018098078305,0.00027035429655190835,0.016442454091525036,0.02265863008995841,0.043009018098078305,-0.04302941477467364
4153,1.6000000000000005,-0.042460551922193425,0.002393512285954163,0.0489235350925724,0.01137792146367296,0.042460551922193425,-0.0452880931534182
4154,4.000000000000001,-0.04226350635527818,0.0003098846645397446,0.01760354124997992,0.020895872695680835,0.04226350635527818,-0.042311954362914565
4155,10.000000000000002,-0.042118052297905745,7.770630367132136e-5,0.008815117904561536,0.011164693852844063,0.042118052297905745,-0.041609066843932084
4156,4.000000000000001,-0.04215361694040104,0.0003533683473747613,0.01879809424848065,0.022285868890873254,0.04215361694040104,-0.04278129143054777
4157,10.000000000000002,-0.04188014220045871,4.249167767462972e-5,0.006518564080733557,0.005947741230830603,0.04188014220045871,-0.04197031455359382
4158,25.000000000000004,-0.04185846082634788,1.6224159436789965e-5,0.004027922471546587,0.0296947357928252,0.04185846082634788,-0.04135871201599051
4159,10.000000000000002,-0.04165529376384751,9.572261468663844e-5,0.00978379347117663,0.03866654149243447,0.04165529376384751,-0.0419875771155432
4160,4.000000000000001,-0.04315632445308092,0.0007831786601197405,0.027985329373079397,0.02106521450154575,0.04315632445308092,-0.04500515861597435
4161,10.000000000000002,-0.04291970960848655,8.679399989324658e-5,0.009316329743694486,0.010595746540286298,0.04291970960848655,-0.042017688060519254
4162,25.000000000000004,-0.04239588034611125,2.355951444982602e-5,0.004853814422680993,0.055428289307257954,0.04239588034611125,-0.04125739349905565
4163,10.000000000000002,-0.04158834035786429,0.00015434642133953087,0.012423623518906666,0.01979904799088658,0.04158834035786429,-0.042956720690691855
4164,4.000000000000001,-0.04226950277773734,0.0008769760723458298,0.029613781797430565,0.014196787572343316,0.04226950277773734,-0.045268347025134055
4165,10.000000000000002,-0.04184488217057477,0.00010124735110711495,0.010062174273342465,0.009482095539923418,0.04184488217057477,-0.04218538403591268
4166,25.000000000000004,-0.04174257982938298,3.34879234665904e-5,0.005786875103766315,0.011456101612674612,0.04174257982938298,-0.041325303969377905
4167,10.000000000000002,-0.041788617501037253,0.00013653020114583067,0.01168461386378817,0.011656955984570614,0.041788617501037253,-0.04283377028483483
4168,25.000000000000004,-0.04221951954096541,1.9006158537688952e-5,0.00435960531902705,0.02446664001004369,0.04221951954096541,-0.04177563256150445
4169,10.000000000000002,-0.04258532579098087,0.0001336364080451263,0.011560121454600999,0.01920842095847332,0.04258532579098087,-0.04305982409552104
4170,4.000000000000001,-0.04232602405483887,0.0008416733495770663,0.029011607152604736,0.009935507845133374,0.04232602405483887,-0.04489553119102835
4171,10.000000000000002,-0.04218715740115789,8.680391176695802e-5,0.009316861690878427,0.011783140462799924,0.04218715740115789,-0.042280319423101606
4172,4.000000000000001,-0.042042994963429905,0.00039228966154909934,0.019806303581160704,0.006573192250965197,0.042042994963429905,-0.043200747535732276
4173,10.000000000000002,-0.04220738676928539,4.6955846659946715e-5,0.006852433630466385,0.008304467481596285,0.04220738676928539,-0.042088843530719025
4174,25.000000000000004,-0.04203696588410621,1.5165501036803245e-5,0.0038942908259146807,0.012909435325306702,0.04203696588410621,-0.04161297403482346
4175,10.000000000000002,-0.0423774906480935,0.00011555732772428839,0.010749759426344777,0.02441417495514888,0.0423774906480935,-0.0424518344076127
4176,4.000000000000001,-0.04223010020026196,0.0006460212621580423,0.02541694832504568,0.009991582335417935,0.04223010020026196,-0.04419666174566107
4177,10.000000000000002,-0.04217241186686967,8.491883464480965e-5,0.009215141596568641,0.013528814055083927,0.04217241186686967,-0.04224213988394286
4178,4.000000000000001,-0.04278905237820032,0.0003888376889236907,0.019718967744881848,0.00893343955653882,0.04278905237820032,-0.043215511708569056
4179,10.000000000000002,-0.042485307002292375,4.970060577300122e-5,0.007049865656379647,0.009901590983803017,0.042485307002292375,-0.04215570555124903
4180,4.000000000000001,-0.04193311278619563,0.00024392541164078613,0.015618111654127272,0.010405106889194314,0.04193311278619563,-0.04287480399501248
4181,10.000000000000002,-0.04181621201600135,3.750097546218797e-5,0.006123804002594137,0.021867971337071614,0.04181621201600135,-0.04207959812027555
4182,4.000000000000001,-0.04214232593163129,0.00020987394554588938,0.014487026801448576,0.006005274289423463,0.04214232593163129,-0.04270315342506599
4183,10.000000000000002,-0.04220436994598225,2.892077394525688e-5,0.0053778038217526004,0.02305640372265363,0.04220436994598225,-0.04212742912280827
4184,4.000000000000001,-0.04271461790273369,0.0002612554066727343,0.016163397126617112,0.007906792674399164,0.04271461790273369,-0.04288490055357036
4185,10.000000000000002,-0.04247075163420788,2.6669000901539814e-5,0.005164203801317277,0.00979158856205244,0.04247075163420788,-0.04218731338800928
4186,4.000000000000001,-0.041942847375728565,8.288002935088589e-5,0.009103846953397552,0.026570051180336014,0.041942847375728565,-0.042380521049151895
4187,1.6000000000000005,-0.042244797257016416,0.001123281892474246,0.03351539784150333,0.015652336524048852,0.042244797257016416,-0.04384482252516977
4188,4.000000000000001,-0.042186380578333675,0.00016912607530228597,0.01300484814606791,0.020249922593988574,0.042186380578333675,-0.04212380014703449
4189,1.6000000000000005,-0.041987477570474996,0.0010345025095450276,0.03216368308426489,0.003788823320053424,0.041987477570474996,-0.043743823742308535
4190,4.000000000000001,-0.04221884819381017,9.576807169081405e-5,0.009786116272087413,0.009386251996656866,0.04221884819381017,-0.04240657468335186
4191,10.000000000000002,-0.04224013891064298,4.955566242722868e-5,0.007039578284757452,0.03395984125545097,0.04224013891064298,-0.041608692121441256
4192,4.000000000000001,-0.04209920171818666,0.0003000451810941421,0.017321812292428934,0.006185437874230169,0.04209920171818666,-0.04306969362037713
4193,10.000000000000002,-0.04206124250151176,3.408416066749044e-5,0.005838164152153521,0.007754741833853548,0.04206124250151176,-0.0420912151386872
4194,4.000000000000001,-0.04206683218997942,0.0001744521359082737,0.01320803300678317,0.007463754162839669,0.04206683218997942,-0.042562320730283
4195,10.000000000000002,-0.04216237615134636,2.409155293721528e-5,0.0049083146738178145,0.007808729614375878,0.04216237615134636,-0.04206973037114958
4196,4.000000000000001,-0.04244624278135338,0.0001309004073344331,0.011441171589240023,0.007310378943218133,0.04244624278135338,-0.04240728748373492
4197,10.000000000000002,-0.04229280615902552,1.979467663361269e-5,0.004449120883232179,0.012820137706131433,0.04229280615902552,-0.04206171991499651
4198,4.000000000000001,-0.04227319946636229,0.00014358772115105644,0.011982809401432388,0.005938621873001249,0.04227319946636229,-0.042518496795479144
4199,10.000000000000002,-0.04228021895856377,2.073918956552557e-5,0.004554030035641571,0.016435565716900587,0.04228021895856377,-0.04210992807866001
4200,4.000000000000001,-0.042254316854425496,6.770880220264961e-5,0.008228535848050346,0.0119417127394433,0.042254316854425496,-0.04223491909194302
4201,1.6000000000000005,-0.042135183878588015,0.0012897898011417796,0.03591364366284462,0.01243843681357352,0.042135183878588015,-0.04383595651825324
4202,4.000000000000001,-0.042359523155602756,0.0001642942929299995,0.012817733533273326,0.014117293940334496,0.042359523155602756,-0.042507989661162995
4203,10.000000000000002,-0.04240416871609433,3.0306170722662892e-5,0.005505104061020363,0.01566082112533464,0.04240416871609433,-0.0421121693983445
4204,4.000000000000001,-0.04222728047628933,0.00010240198407633581,0.01011938654644321,0.006789243700919813,0.04222728047628933,-0.042409977090891095
4205,10.000000000000002,-0.042150403236679686,2.215641289446403e-5,0.0047070598991795325,0.01752716123489769,0.042150403236679686,-0.04201689307431457
4206,4.000000000000001,-0.042146217644703964,0.00015720876624893137,0.012538291998870157,0.006112752280816282,0.042146217644703964,-0.04250548888121708
4207,10.000000000000002,-0.04205127565609958,2.470538223541683e-5,0.004970450908661791,0.02750466420383507,0.04205127565609958,-0.04203309781707365
4208,4.000000000000001,-0.042279779030771764,0.00016181725860575755,0.012720741275796688,0.00356338929870516,0.042279779030771764,-0.042627337741747665
4209,10.000000000000002,-0.042351458526933575,1.9004995232218746e-5,0.004359471898317357,0.005244879142326762,0.042351458526933575,-0.04213857050598735
4210,25.000000000000004,-0.04228378797750574,1.3237906336181678e-5,0.003638393372930101,0.03703437907511657,0.04228378797750574,-0.0416786185078127
4211,10.000000000000002,-0.042125078405407586,4.118605512314957e-5,0.006417636256687471,0.04121833648602643,0.042125078405407586,-0.04181196184308087
4212,4.000000000000001,-0.04203457972693955,0.000597833784806425,0.024450639762722468,0.007032599855912797,0.04203457972693955,-0.04439166918552088
4213,10.000000000000002,-0.04204611272675048,8.591965907771366e-5,0.00926928579113373,0.011391505117227321,0.04204611272675048,-0.04198163354265608
4214,25.000000000000004,-0.042200450464121624,6.505922890581599e-5,0.008065930132713523,0.08349058326259545,0.042200450464121624,-0.03964197217928093
4215,10.000000000000002,-0.04159462894178594,0.00043443297586870703,0.02084305581887423,0.018897783757035814,0.04159462894178594,-0.045498219058459945
4216,25.000000000000004,-0.041755400227512875,4.533876479434149e-5,0.00673340662624362,0.022025603918686045,0.041755400227512875,-0.041913330242416245
4217,10.000000000000002,-0.042406306659543216,0.00014563848970864532,0.012068077299580298,0.01721084787511246,0.042406306659543216,-0.04277180817301901
4218,4.000000000000001,-0.04348146740790392,0.0010561693980357064,0.03249875994612266,0.016300924532608996,0.04348146740790392,-0.045735495275073125
4219,10.000000000000002,-0.042839442823302105,9.411066274198985e-5,0.009701065031324646,0.020519746241024137,0.042839442823302105,-0.04270193459971446
4220,4.000000000000001,-0.042181412861432135,0.00013725760060241034,0.01171569889517524,0.021621212494318802,0.042181412861432135,-0.04238135420539655
4221,1.6000000000000005,-0.03996299194050297,0.002939949698953931,0.05422130299941095,0.010761756862103148,0.03996299194050297,-0.046946944807640736
4222,4.000000000000001,-0.04147102214215192,0.0004056030414540953,0.020139588909759188,0.010874529379158775,0.04147102214215192,-0.04282115124224506
4223,10.000000000000002,-0.041813475198608285,0.00010284072945762423,0.010141041832949128,0.022392335918055905,0.041813475198608285,-0.041195618508496866
4224,4.000000000000001,-0.04255845301758622,0.0005379064676856939,0.023192810689644624,0.016873719965926556,0.04255845301758622,-0.043228875886728205
4225,10.000000000000002,-0.042468804072525054,6.304355289604889e-5,0.007939997033755673,0.01569587366730573,0.042468804072525054,-0.04154235626421247
4226,4.000000000000001,-0.04241248028323687,0.00045239544398583114,0.02126958965250226,0.031153875952639697,0.04241248028323687,-0.042558070546256675
4227,1.6000000000000005,-0.04151628883291679,0.0023135321956544047,0.048099191216219056,0.009203074280394779,0.04151628883291679,-0.04586874284471009
4228,4.000000000000001,-0.04164071898129184,0.00024294392795421596,0.015586658652649578,0.016582715734320755,0.04164071898129184,-0.04242670906850293
4229,10.000000000000002,-0.04177138570713509,5.301857351932387e-5,0.007281385412084974,0.013477270829475927,0.04177138570713509,-0.041712460111583465
4230,4.000000000000001,-0.04207600057787231,0.0002851716261724721,0.01688702537963605,0.007664163788147361,0.04207600057787231,-0.042849284174172636
4231,10.000000000000002,-0.04216992719956988,3.522974599760946e-5,0.005935465103731085,0.009615139665782178,0.04216992719956988,-0.04211286290398471
4232,4.000000000000001,-0.04208765749192052,3.558602208906077e-5,0.005965402089470648,0.020818234056994612,0.04208765749192052,-0.04162823217332097
4233,1.6000000000000005,-0.04221217388175366,0.002234959910384515,0.047275362615050505,0.010845757901312059,0.04221217388175366,-0.044996273629319926
4234,4.000000000000001,-0.042554123546676356,0.0003270577467217213,0.018084737950042885,0.00748696500532071,0.042554123546676356,-0.042361948718835196
4235,10.000000000000002,-0.04214962957588198,8.166579818972514e-5,0.009036913089641016,0.011392345463837208,0.04214962957588198,-0.04149954023034811
4236,4.000000000000001,-0.041978909372562614,0.00035682223124541476,0.018889738781820535,0.00923279341048053,0.041978909372562614,-0.04283978219809028
4237,10.000000000000002,-0.041853882856867634,3.9720798550813046e-5,0.006302443855427277,0.012402192794966663,0.041853882856867634,-0.04181332299355459
4238,4.000000000000001,-0.04234681078387326,0.0002691298106963641,0.016405176338472077,0.009039514834269504,0.04234681078387326,-0.04275566121058675
4239,10.000000000000002,-0.04222947887213969,4.3218675182215386e-5,0.0065740912058029274,0.008702086987673139,0.04222947887213969,-0.04198293328565606
4240,4.000000000000001,-0.04240642267872098,0.00027973850646050735,0.016725385091545943,0.006693291008369538,0.04240642267872098,-0.042587305631621275
4241,10.000000000000002,-0.04219719536624091,4.0997974245211103e-5,0.006402966050605852,0.012225562460440903,0.04219719536624091,-0.041993921801558955
4242,4.000000000000001,-0.04208856109677144,0.00020948455360789717,0.014473581229533248,0.006815436600327274,0.04208856109677144,-0.04262034553159577
4243,10.000000000000002,-0.042102785421733444,3.456855478131472e-5,0.005879502936585262,0.03166522393494032,0.042102785421733444,-0.041857936051647296
4244,4.000000000000001,-0.042566622125775555,0.00035520870188262383,0.018846981240576006,0.005978011121266765,0.042566622125775555,-0.04306254657888722
4245,10.000000000000002,-0.04236696459303275,3.918636465479108e-5,0.006259901329477253,0.015472310765287368,0.04236696459303275,-0.04214333875204564
4246,4.000000000000001,-0.04199130940777143,8.851281146723937e-5,0.009408124758273531,0.021782519380757853,0.04199130940777143,-0.04229641519345912
4247,1.6000000000000005,-0.041699998200357094,0.0017854632583087532,0.04225474243571665,0.009859848944462013,0.041699998200357094,-0.04463762375450848
4248,4.000000000000001,-0.04199352222084675,0.00025253374531964627,0.015891310371383673,0.012460731303399995,0.04199352222084675,-0.04239230452026896
4249,10.000000000000002,-0.04230801651512054,5.652695720997668e-5,0.007518441142283198,0.023758689728809696,0.04230801651512054,-0.04155232297744318
4250,4.000000000000001,-0.04234228614278898,0.0003408454120587556,0.018461999134946238,0.018061368856380974,0.04234228614278898,-0.0431019922735586
4251,10.000000000000002,-0.04211987392189934,4.318060719972029e-5,0.006571195264160112,0.03837912325882822,0.04211987392189934,-0.041945883309035696
4252,4.000000000000001,-0.04201520514317557,5.9651781703646754e-5,0.0077234565903905195,0.024637564604557516,0.04201520514317557,-0.04160212136769413
4253,1.6000000000000005,-0.04233702213174696,9.045987566237597e-5,0.009511039673052361,0.02385562742752348,0.04233702213174696,-0.04160266118127991
4254,0.6400000000000002,-0.03950437902891049,0.008056296253748057,0.08975687301676712,0.035597496146881145,0.03950437902891049,-0.049622560534718356
4255,1.6000000000000005,-0.04181050600954971,0.001549637827101573,0.03936543950093245,0.006953879349516184,0.04181050600954971,-0.044774061353382626
4256,4.000000000000001,-0.042744914847753175,0.00030443659162253205,0.01744811140560869,0.009669220920328682,0.042744914847753175,-0.04214171567687106
4257,10.000000000000002,-0.04269376152628295,0.00010236847409205208,0.010117730678964137,0.01338997746391219,0.04269376152628295,-0.04112626361317608
4258,4.000000000000001,-0.04116221088585281,0.00038813875535570876,0.019701237406714044,0.013175169168359816,0.04116221088585281,-0.04357971556738706
4259,10.000000000000002,-0.04145177323725501,3.875313985594359e-5,0.006225201993184124,0.01151425705401781,0.04145177323725501,-0.04210268202541093
4260,4.000000000000001,-0.04221059813120034,0.00018655094323537659,0.01365836532076136,0.011496732703651967,0.04221059813120034,-0.04259529906302628
4261,10.000000000000002,-0.042193590661342366,3.59319472070355e-5,0.0059943262513009335,0.006441679529858475,0.042193590661342366,-0.042041129437820776
4262,25.000000000000004,-0.042130133310733224,1.469225932007874e-5,0.003833048306515161,0.011618811025471685,0.042130133310733224,-0.041647424716862086
4263,10.000000000000002,-0.04208782179900633,8.399121781651987e-5,0.009164672270000705,0.031642663952955404,0.04208782179900633,-0.04225766903320542
4264,4.000000000000001,-0.041870783466858,0.0007432844587728692,0.027263243731677805,0.00930326893722102,0.041870783466858,-0.0438953582505612
4265,10.000000000000002,-0.04228150588228988,0.00012283853977267052,0.011083254926810558,0.046639215011278275,0.04228150588228988,-0.04140481270205779
4266,4.000000000000001,-0.042846337296703695,0.0007614290656598371,0.027594004161408635,0.02028200299330999,0.042846337296703695,-0.04464136106881078
4267,10.000000000000002,-0.04259289136682639,5.3800688846564764e-5,0.007334895285316946,0.026395898541708613,0.04259289136682639,-0.04203331618969747
4268,4.000000000000001,-0.04167308335338121,0.00029023141926863354,0.017036179714614234,0.011744637338173991,0.04167308335338121,-0.042786601431097006
4269,10.000000000000002,-0.0417563836053456,3.6451002508132333e-5,0.006037466563727897,0.03027242067439167,0.0417563836053456,-0.042015121398811486
4270,4.000000000000001,-0.04215259798769996,0.00031553172222973573,0.017763212610047083,0.012696472264501353,0.04215259798769996,-0.04280653511632683
4271,10.000000000000002,-0.04224901752122996,3.7786641921451765e-5,0.006147084017764176,0.018246980502602917,0.04224901752122996,-0.042026293933195125
4272,4.000000000000001,-0.04195909475356866,3.975683308962542e-5,0.006305301982429186,0.024149386710552875,0.04195909475356866,-0.041532132781243354
4273,1.6000000000000005,-0.04376295624644377,0.002728877025364926,0.05223865451334793,0.03277858238469772,0.04376295624644377,-0.04561983027243979
4274,4.000000000000001,-0.04294701191544227,0.00035851477358604287,0.018934486356541148,0.011672213462686709,0.04294701191544227,-0.04224285105114014
4275,10.000000000000002,-0.04222195671293542,8.723306347044918e-5,0.009339864210493062,0.05311194139612878,0.04222195671293542,-0.04131762943811004
4276,4.000000000000001,-0.04142305690807511,0.0005005290480728041,0.022372506521907733,0.010709851407632498,0.04142305690807511,-0.04347160219278135
4277,10.000000000000002,-0.041713189394720546,5.300637025079124e-5,0.007280547386755425,0.008061814995303862,0.041713189394720546,-0.04201874143919761
4278,25.000000000000004,-0.04192596610254101,3.610142937215721e-5,0.006008446502396207,0.08203919268300365,0.04192596610254101,-0.04073949909007429
4279,10.000000000000002,-0.04202776697889703,0.00023006448017065027,0.015167876587401754,0.0646524327137464,0.04202776697889703,-0.043116752842447294
4280,4.000000000000001,-0.04374517984932854,0.0008857889014023991,0.02976220592298896,0.02872594743076756,0.04374517984932854,-0.04575729089859183
4281,10.000000000000002,-0.04319370873935988,8.909676299159086e-5,0.009439108167172939,0.013776591449591756,0.04319370873935988,-0.04239340240459929
4282,4.000000000000001,-0.04148070829363463,0.0003212529896630641,0.0179235317296303,0.013825382465217903,0.04148070829363463,-0.043103000084213694
4283,10.000000000000002,-0.04140992653022529,5.3454963364677467e-5,0.007311290129975521,0.018739246946944493,0.04140992653022529,-0.04198754901672044
4284,4.000000000000001,-0.041347831407895184,0.00011768822392062511,0.010848420342180013,0.029916746416564822,0.041347831407895184,-0.04201293198970144
4285,1.6000000000000005,-0.04293548827187859,0.0022069791294835835,0.046978496458311474,0.04773084724395557,0.04293548827187859,-0.045482031018236266
4286,4.000000000000001,-0.04316895760862427,0.0004464217558628721,0.02112869508187555,0.03931796468850449,0.04316895760862427,-0.041585606241036036
4287,1.6000000000000005,-0.04098452741163567,0.002327873299005331,0.04824803932809427,0.010195218571512545,0.04098452741163567,-0.045362142717821574
4288,4.000000000000001,-0.04141469623608964,0.00023235207303020928,0.015243099193740402,0.010872424952318199,0.04141469623608964,-0.04242872446887416
4289,10.000000000000002,-0.041710634369222975,5.8043898375060175e-5,0.0076186546302519954,0.011840547443566283,0.041710634369222975,-0.04175592904380202
4290,4.000000000000001,-0.04219541777194886,0.0002140263849980607,0.014629640631200095,0.008490108393869603,0.04219541777194886,-0.042453339089415454
4291,10.000000000000002,-0.04237858524661706,3.373183566363045e-5,0.005807911471745282,0.005772679214939051,0.04237858524661706,-0.0418506151636266
4292,25.000000000000004,-0.04222854034355208,1.3551651657975578e-5,0.0036812568041330092,0.017186114865044965,0.04222854034355208,-0.04143666956738423
4293,10.000000000000002,-0.042002725737866155,3.1486279604363584e-5,0.005611263637039662,0.026208662094393854,0.042002725737866155,-0.0413454033940838
4294,4.000000000000001,-0.04217810569665955,0.0009751492518579935,0.031227379842983842,0.030100670350590296,0.04217810569665955,-0.044888907017656375
4295,10.000000000000002,-0.0421910570350127,0.0001158860791005532,0.01076503967018019,0.013251005402884087,0.0421910570350127,-0.04244736989213439
4296,25.000000000000004,-0.04208821488963113,2.6628737528071103e-5,0.0051603040150819705,0.022117534881840824,0.04208821488963113,-0.04137229737500957
4297,10.000000000000002,-0.0419778507800438,0.00014575757016604648,0.012073009987821863,0.016754096968082416,0.0419778507800438,-0.04250320263663393
4298,4.000000000000001,-0.043166366570585334,0.0009651768070102127,0.031067294813198858,0.03054634360675956,0.043166366570585334,-0.045047590794651884
4299,10.000000000000002,-0.042427589972124126,0.00012022015194739337,0.010964495061214326,0.010831937427382922,0.042427589972124126,-0.042285033008023325
4300,25.000000000000004,-0.0418973110127738,3.975823373295516e-5,0.006305413050146292,0.019911900595146383,0.0418973110127738,-0.041057645959843465
4301,10.000000000000002,-0.04127425410733332,7.960453027281428e-5,0.008922137091124206,0.0531648499645508,0.04127425410733332,-0.04061873499727384
4302,4.000000000000001,-0.04309039537405596,0.00136608129380361,0.03696053697937315,0.021183389748632448,0.04309039537405596,-0.047903511020615006
4303,10.000000000000002,-0.04312270246001435,0.00015621128095184774,0.01249845114211548,0.020150114719200724,0.04312270246001435,-0.04294434220774768
4304,4.000000000000001,-0.04229029974946848,0.0006688899917554963,0.025862907643099533,0.013585163921524769,0.04229029974946848,-0.044515008176609014
4305,10.000000000000002,-0.04188051143713471,8.920051824983966e-5,0.009444602598830702,0.019745520038534574,0.04188051143713471,-0.04227014065977744
4306,4.000000000000001,-0.04154310959901858,0.0002858087705645594,0.016905879763104887,0.04406103658254083,0.04154310959901858,-0.04251314469414205
4307,1.6000000000000005,-0.04163528339718989,0.0021248595680300577,0.046096199062721624,0.015617245419297595,0.04163528339718989,-0.04602571668819221
4308,4.000000000000001,-0.04163812431334539,0.0002892852160292548,0.017008386638045797,0.00514138446644761,0.04163812431334539,-0.042808442194668894
4309,10.000000000000002,-0.0418114033653665,6.804663162275686e-5,0.008249038224105696,0.021405566304868638,0.0418114033653665,-0.0417775166435672
4310,4.000000000000001,-0.042703448550468856,0.00030086303502796475,0.017345403858889098,0.011555457600452028,0.042703448550468856,-0.042800483583392855
4311,10.000000000000002,-0.0423007699545604,4.0245513733705016e-5,0.006343935193056831,0.008309691958052841,0.0423007699545604,-0.04191104223348646
4312,4.000000000000001,-0.04152510506832448,4.4682460377175364e-5,0.006684494025517217,0.022310505769668598,0.04152510506832448,-0.04143622146571055
4313,1.6000000000000005,-0.0418015378428118,0.0023287901075980406,0.048257539386069415,0.01015631026955343,0.0418015378428118,-0.045242514179376477
4314,4.000000000000001,-0.04233389224848453,0.00030877543444685367,0.01757200712630329,0.04134042775059512,0.04233389224848453,-0.0423949677181008
4315,1.6000000000000005,-0.04365652924429748,0.0013918733943586981,0.037307819480086185,0.01739536346261685,0.04365652924429748,-0.04387137996155353
4316,4.000000000000001,-0.04282348081416998,0.0001649364515636686,0.01284275872091618,0.011876088026593401,0.04282348081416998,-0.04228572076607348
4317,10.000000000000002,-0.04222466143250269,4.4435803739434454e-5,0.006666018582289915,0.009444499167866811,0.04222466143250269,-0.041836256981309564
4318,4.000000000000001,-0.04186852281724909,0.000120811987208399,0.010991450641675966,0.03800468972141997,0.04186852281724909,-0.041966547090846164
4319,1.6000000000000005,-0.04165357434195921,0.0011024990988875018,0.03320390186239415,0.007431595727866931,0.04165357434195921,-0.04352417029542297
4320,4.000000000000001,-0.0419491811883176,0.00016990039964735455,0.013034584751627287,0.021184353343233816,0.0419491811883176,-0.04229528237155267
4321,1.6000000000000005,-0.04244168907233305,0.0014006011904011502,0.037424606750120305,0.026847160461511487,0.04244168907233305,-0.04390156825675529
4322,4.000000000000001,-0.04211104305026232,0.000167494176284224,0.012941954113820061,0.012343330067399476,0.04211104305026232,-0.04240028643308896
4323,10.000000000000002,-0.04208194840519096,4.562382207612024e-5,0.00675454084865287,0.004792260557042055,0.04208194840519096,-0.041871001831670425
4324,25.000000000000004,-0.041975225576131064,2.1417809123799894e-5,0.004627937891091441,0.011642710821267534,0.041975225576131064,-0.041296760997208894
4325,10.000000000000002,-0.04201891031824041,7.823589723717278e-5,0.008845105835272565,0.02533687572408512,0.04201891031824041,-0.04180637924557372
4326,4.000000000000001,-0.042653255488780385,0.0005134773107789859,0.022660037748842916,0.04765301791013729,0.042653255488780385,-0.04345718538574747
4327,1.6000000000000005,-0.04477040575443734,0.0031080775109878123,0.05575013462753083,0.02168720057407626,0.04477040575443734,-0.04737564984588613
4328,4.000000000000001,-0.04377369717740402,0.00044659849827908106,0.021132877188851523,0.0199808768866357,0.04377369717740402,-0.0432008450719423
4329,10.000000000000002,-0.042794057571362475,0.0001051131945488109,0.01025247260658671,0.05862008675917506,0.042794057571362475,-0.041585900480487124
4330,4.000000000000001,-0.04032778225556343,0.00035012012505404366,0.018711497135559294,0.024210861062568756,0.04032778225556343,-0.04321813896122774
4331,1.6000000000000005,-0.04007083169749967,0.0021690722470471685,0.046573299722557436,0.012579113250143104,0.04007083169749967,-0.045470326726372655
4332,4.000000000000001,-0.04073008803014928,0.00027377473958238726,0.01654613971844754,0.008336249423761977,0.04073008803014928,-0.04266889531143375
4333,10.000000000000002,-0.041558202759049714,6.038318808898705e-5,0.00777066201098639,0.01951341697737914,0.041558202759049714,-0.041670037227398524
4334,4.000000000000001,-0.042958442225612875,0.0003074801254622588,0.017535111218987428,0.0190316643534827,0.042958442225612875,-0.042744844816675565
4335,10.000000000000002,-0.04278107881139083,3.9348975853380196e-5,0.006272876202618715,0.013459681905139225,0.04278107881139083,-0.041837190994840345
4336,4.000000000000001,-0.042100309291930774,0.00018873407607243074,0.013738052120749532,0.036809257174807035,0.042100309291930774,-0.04207638848820665
4337,1.6000000000000005,-0.04274569325589701,0.0025607613316891006,0.05060396557276021,0.008890529961383885,0.04274569325589701,-0.045189679034196545
4338,4.000000000000001,-0.04196106074080029,0.00023668890592729242,0.015384697134727496,0.012522660317989976,0.04196106074080029,-0.04243416526465259
4339,10.000000000000002,-0.04170540797696919,0.000143326063034351,0.011971886360734927,0.07854891275695032,0.04170540797696919,-0.04017772328880739
4340,4.000000000000001,-0.041790182720375116,0.0008483528393947786,0.029126497204346055,0.008261698130571567,0.041790182720375116,-0.044836745615867674
4341,10.000000000000002,-0.04173055078647191,7.863591179918826e-5,0.00886768920289769,0.03365677604275487,0.04173055078647191,-0.04131475302414214
4342,4.000000000000001,-0.04318575810736638,0.0005527482833896062,0.02351059938388654,0.016826565691920616,0.04318575810736638,-0.04380553801599836
4343,10.000000000000002,-0.04246110934026165,6.608404521857575e-5,0.008129209384594282,0.018077072337618072,0.04246110934026165,-0.04198190448182071
4344,4.000000000000001,-0.042144998583019205,0.00037431389874618623,0.019347193562534754,0.01729876580413737,0.042144998583019205,-0.04291075878075883
4345,10.000000000000002,-0.04211935725743308,5.424383084321355e-5,0.007365041129770665,0.008089305665787755,0.04211935725743308,-0.041956267068854934
4346,25.000000000000004,-0.04212547630876318,1.6995466810322696e-5,0.004122555858969372,0.01458055899342259,0.04212547630876318,-0.041455883376503466
4347,10.000000000000002,-0.04201787551865978,0.00010734118030547453,0.010360558879977206,0.010464432111946647,0.04201787551865978,-0.042200406019900494
4348,25.000000000000004,-0.04198724683505638,2.191878597101672e-5,0.004681750310622804,0.013704326848737375,0.04198724683505638,-0.041470888935903
4349,10.000000000000002,-0.04227755751465258,0.0001454438537455035,0.01206001052012408,0.06519549604688991,0.04227755751465258,-0.04231451060849739
4350,4.000000000000001,-0.042901229854269154,0.0012456331681558383,0.03529352870082331,0.01399016051024248,0.042901229854269154,-0.046675343103939004
4351,10.000000000000002,-0.042435901911132834,0.00013678186528466655,0.011695377945353734,0.014274014412779933,0.042435901911132834,-0.04225113794559283
4352,25.000000000000004,-0.042095723520906264,3.565472352265217e-5,0.005971157636727753,0.03507549448217657,0.042095723520906264,-0.041278846580837796
4353,10.000000000000002,-0.041717477182785234,0.00018173955709206374,0.013481081451132314,0.011631004669402496,0.041717477182785234,-0.042782919321890246
4354,25.000000000000004,-0.041794850075983686,2.395039664914933e-5,0.00489391424619898,0.010564868135338565,0.041794850075983686,-0.041653204695962016
4355,10.000000000000002,-0.04201209222801073,2.7172627129405904e-5,0.005212737009422776,0.04081190711413304,0.04201209222801073,-0.0409697149909674
4356,4.000000000000001,-0.04349154876450224,0.001426505595597859,0.03776910901249669,0.029226632702666802,0.04349154876450224,-0.047864296542037686
4357,10.000000000000002,-0.04269869824273449,0.00016367491742048457,0.012793549836557661,0.022940199366897392,0.04269869824273449,-0.04228434883520102
4358,4.000000000000001,-0.041969657961389434,0.0005578645461412834,0.023619156338474147,0.055948298729781444,0.041969657961389434,-0.043104536948848145
4359,1.6000000000000005,-0.038443611440051366,0.004452059935946842,0.06672375840693359,0.016980087835391282,0.038443611440051366,-0.049851814135409636
4360,4.000000000000001,-0.040741444758328166,0.0006747185690766434,0.02597534540822592,0.01937586622155087,0.040741444758328166,-0.04280290036470046
4361,10.000000000000002,-0.04194105568519306,0.00014652222668849423,0.012104636578125518,0.04307911025381782,0.04194105568519306,-0.04093838678459791
4362,4.000000000000001,-0.04265289948172969,0.0006141822968080586,0.02478270156395502,0.016207254568628867,0.04265289948172969,-0.04387445410080705
4363,10.000000000000002,-0.042127822036088,7.204242986876715e-5,0.008487781209996353,0.013527300575675794,0.042127822036088,-0.04176444534535058
4364,4.000000000000001,-0.04234015398129749,0.0005209882607055831,0.022825167265664956,0.014413566355661583,0.04234015398129749,-0.04337452600778526
4365,10.000000000000002,-0.04201485878771459,5.96487706655743e-5,0.00772326165978949,0.024781944633732345,0.04201485878771459,-0.04177195575974905
4366,4.000000000000001,-0.04141383730873663,0.0001715471792149141,0.013097602040637596,0.025979298423126105,0.04141383730873663,-0.0420158326216609
4367,1.6000000000000005,-0.0422633888564149,0.003199352801750555,0.05656282172726671,0.054402837170112274,0.0422633888564149,-0.04674558723596943
4368,4.000000000000001,-0.04281726776250027,0.00036925093929665316,0.019215903291197454,0.008872071419979798,0.04281726776250027,-0.0425749839993044
4369,10.000000000000002,-0.04245763471243667,8.492413702974591e-5,0.009215429291668723,0.01131855398486266,0.04245763471243667,-0.04158640105952325
4370,25.000000000000004,-0.042141428380539026,3.1645209493279115e-5,0.005625407495753451,0.02642767270272608,0.042141428380539026,-0.040997174786693985
4371,10.000000000000002,-0.04156420797639994,0.00015553742586030982,0.01247146446333829,0.03697907389478108,0.04156420797639994,-0.04245450176444132
4372,4.000000000000001,-0.042160490605127936,0.0006604879137927632,0.02569995941227852,0.02279225280208865,0.042160490605127936,-0.04432552467176716
4373,10.000000000000002,-0.042072313833742894,8.928710739119133e-5,0.009449185541155985,0.009981571814608277,0.042072313833742894,-0.042312844792179366
4374,25.000000000000004,-0.041806929125893386,3.495353338688044e-5,0.005912151333218767,0.03270835397670579,0.041806929125893386,-0.04121676854308478
4375,10.000000000000002,-0.041719581482751976,0.0001670942845306523,0.01292649544658769,0.02212360635200618,0.041719581482751976,-0.04214862950232677
4376,4.000000000000001,-0.04318378895892188,0.0009611768339438766,0.031002852029190422,0.014616493290425544,0.04318378895892188,-0.04556213365295142
4377,10.000000000000002,-0.04296415975529718,0.00010648736483929849,0.010319271526580668,0.020888677869621508,0.04296415975529718,-0.042610997989236774
4378,4.000000000000001,-0.04186684265079139,0.0004937724732939335,0.0222209917261569,0.02563763748965641,0.04186684265079139,-0.0439594540051866
4379,10.000000000000002,-0.04176825258951023,6.468330270204082e-5,0.008042593033471284,0.026427357176600642,0.04176825258951023,-0.04220473594976173
4380,4.000000000000001,-0.04185987334763933,0.00034534703902586714,0.018583515249431876,0.006136999291398006,0.04185987334763933,-0.04316965504102553
4381,10.000000000000002,-0.04195402056554446,5.1755234312925286e-5,0.007194111085667588,0.01825731242292709,0.04195402056554446,-0.04189023917324128
4382,4.000000000000001,-0.04241119500953336,0.00026846318189285726,0.016384846105254,0.016521433573151847,0.04241119500953336,-0.04282045751105534
4383,10.000000000000002,-0.04221172256420508,4.2465712176125074e-5,0.0065165721185394,0.025964473565531172,0.04221172256420508,-0.0420200919424158
4384,4.000000000000001,-0.042461633844472914,0.0002960451692219056,0.017205963187857446,0.0073939872920215435,0.042461633844472914,-0.04283301467107137
4385,10.000000000000002,-0.04222145833589322,4.6271996342785915e-5,0.006802352265414216,0.010545478330065637,0.04222145833589322,-0.04197496911964808
4386,4.000000000000001,-0.04219368867511819,0.00018375873706930748,0.013555763979551558,0.018330216326606478,0.04219368867511819,-0.042084714671389405
4387,1.6000000000000005,-0.04276286719119549,0.002953135916007168,0.05434276323492548,0.01639831139405445,0.04276286719119549,-0.04599117021619489
4388,4.000000000000001,-0.042791533422728824,0.00032564270940525905,0.018045573124876334,0.017480080711830964,0.042791533422728824,-0.04235679286541511
4389,10.000000000000002,-0.04230165039690853,8.529980377133174e-5,0.009235789287945656,0.012347690822650843,0.04230165039690853,-0.041518786383953794
4390,4.000000000000001,-0.041599601767107634,0.0003466401153919031,0.01861827369526786,0.009434970331135637,0.041599601767107634,-0.04284855729553953
4391,10.000000000000002,-0.04178248980604613,3.484452725293681e-5,0.00590292531317624,0.014062023331902892,0.04178248980604613,-0.041816271329221104
4392,4.000000000000001,-0.041986426550727304,0.0001923662169838788,0.01386961488232023,0.020667206562934016,0.041986426550727304,-0.04243355160286341
4393,1.6000000000000005,-0.043155978238234485,0.001989975580870826,0.04460914234628173,0.02724836567343223,0.043155978238234485,-0.04518592829083992
4394,4.000000000000001,-0.042974322345906105,0.00027675654917570303,0.016636001598211724,0.008462726634011895,0.042974322345906105,-0.04233535886300868
4395,10.000000000000002,-0.04238171866020847,6.008961197516206e-5,0.0077517489623414705,0.011728148656116119,0.04238171866020847,-0.04186526604265579
4396,4.000000000000001,-0.0414417493454337,0.0003111665774970646,0.017639914327940046,0.014746596991945977,0.0414417493454337,-0.04284261401657736
4397,10.000000000000002,-0.041567298795948254,3.82497993263314e-5,0.006184642214900665,0.008141468464305695,0.041567298795948254,-0.04199260223114004
4398,4.000000000000001,-0.04259703473548634,0.0002091621046255692,0.014462437713800852,0.009237662846179691,0.04259703473548634,-0.04267851537650657
4399,10.000000000000002,-0.04241766100798861,3.0060152049942234e-5,0.005482713931069378,0.02868806083436104,0.04241766100798861,-0.04204187702638908
4400,4.000000000000001,-0.042517474505357394,0.0002293044378595893,0.015142801519520398,0.010980493956985823,0.042517474505357394,-0.04277304352831297
4401,10.000000000000002,-0.04235912063691637,3.117897740344042e-5,0.005583813876145982,0.012216419816176632,0.04235912063691637,-0.0420745311351756
4402,4.000000000000001,-0.04187572457636361,3.4819963001670465e-5,0.005900844261770553,0.01869718278055057,0.04187572457636361,-0.04177481406153893
4403,1.6000000000000005,-0.040867125961442756,0.0020952174609500177,0.04577354542691682,0.008938115369411054,0.040867125961442756,-0.0447112677810556
4404,4.000000000000001,-0.04192350468901763,0.0002587599475193363,0.01608601714282738,0.01850940031374752,0.04192350468901763,-0.04241885801332704
4405,10.000000000000002,-0.04216544306343748,5.627801401324249e-5,0.007501867368411847,0.050150439575351376,0.04216544306343748,-0.04175184439425195
4406,4.000000000000001,-0.0425032190451548,0.00022647349837434763,0.01504903645999795,0.024024854581789233,0.0425032190451548,-0.04252300973909052
4407,1.6000000000000005,-0.042736546535692366,0.0017713911596243205,0.04208789801860293,0.007758953278192795,0.042736546535692366,-0.04438866410815647
4408,4.000000000000001,-0.042638502060228144,0.0001842394948961636,0.013573484994509097,0.0197546369965297,0.042638502060228144,-0.042498136695650876
4409,1.6000000000000005,-0.04143058373735536,0.0007448522284160717,0.027291981027695145,0.007648940095370862,0.04143058373735536,-0.042934011028549886
4410,4.000000000000001,-0.041877573489762336,0.00011130837932227028,0.010550278637186331,0.0051677932413236195,0.041877573489762336,-0.042282241419712534
4411,10.000000000000002,-0.04195996245163883,2.7694870860074855e-5,0.005262591648615238,0.01264742987799963,0.04195996245163883,-0.041919077125877696
4412,4.000000000000001,-0.04214242208395024,5.070125777581836e-5,0.007120481569094773,0.019382781062460705,0.04214242208395024,-0.04183680582662012
4413,1.6000000000000005,-0.0438040831174676,0.0011353804443375009,0.0336954068730072,0.009528796036876105,0.0438040831174676,-0.04360104274144308
4414,4.000000000000001,-0.043133843169657564,0.0001542527920340246,0.012419854750922998,0.021653635770938442,0.043133843169657564,-0.04234791367812839
4415,1.6000000000000005,-0.04205283033478257,0.0004050702137970614,0.02012635619770905,0.023549135598766553,0.04205283033478257,-0.042491002159440745
4416,4.000000000000001,-0.041855524977553266,7.694943753123288e-5,0.008772082850226215,0.013005205168339213,0.041855524977553266,-0.04217023980845383
4417,1.6000000000000005,-0.04178382203852617,8.652929746600502e-5,0.009302112527055616,0.01737363056560786,0.04178382203852617,-0.0419040668023233
4418,0.6400000000000002,-0.04300312955430786,0.004503335376392447,0.06710689514790896,0.008169306759703511,0.04300312955430786,-0.04512030051785362
4419,1.6000000000000005,-0.04317929125217077,0.0006280029726563772,0.025059987483164816,0.025958887539070687,0.04317929125217077,-0.04259288790952039
4420,4.000000000000001,-0.04257851325837325,0.00014162976060705962,0.011900830248644823,0.007597527410688489,0.04257851325837325,-0.04199745404003667
4421,10.000000000000002,-0.04229854562565846,0.00013149837742327603,0.0114672741932543,0.057671667332394795,0.04229854562565846,-0.040124670981468
4422,4.000000000000001,-0.041378286893372154,0.000829985156877904,0.02880946297447948,0.012696028556667885,0.041378286893372154,-0.045229732840034086
4423,10.000000000000002,-0.04168105689164998,6.577288261681871e-5,0.008110048249968598,0.031270050060628864,0.04168105689164998,-0.04218782027911102
4424,4.000000000000001,-0.04244936810319564,0.00020556417079116023,0.01433750922549521,0.024806569895271288,0.04244936810319564,-0.04260748887039319
4425,1.6000000000000005,-0.043300733795565136,0.0014142965061479979,0.03760713371353895,0.009332639350937042,0.043300733795565136,-0.04405054734035631
4426,4.000000000000001,-0.042783987606694274,0.00018628507057883437,0.0136486288900693,0.014709727902531904,0.042783987606694274,-0.04253968565738266
4427,10.000000000000002,-0.04225485504577753,3.9047697773556526e-5,0.0062488157096810375,0.011754740482739504,0.04225485504577753,-0.04194924845906782
4428,4.000000000000001,-0.041773782466444635,0.00014529285382086548,0.012053748538146359,0.022285499980868272,0.041773782466444635,-0.04237840320325624
4429,1.6000000000000005,-0.042812556353587786,0.0010119244497183314,0.03181075996763252,0.006317118558404968,0.042812556353587786,-0.04346907502316145
4430,4.000000000000001,-0.04214267626523748,0.00014391751711159475,0.011996562720696073,0.006450265971908331,0.04214267626523748,-0.042516127653382634
4431,10.000000000000002,-0.04192127485647595,5.3714493591631266e-5,0.007329017232319165,0.04015039958522203,0.04192127485647595,-0.041597324660851566
4432,4.000000000000001,-0.041902692597835856,0.0002686282514011792,0.01638988259266,0.008038979039682316,0.041902692597835856,-0.042764599354747315
4433,10.000000000000002,-0.04196781168486322,4.494403704525858e-5,0.006704031402466622,0.009508567334324293,0.04196781168486322,-0.041840297383872696
4434,4.000000000000001,-0.04244571606171887,0.0002685790594123037,0.016388381842399928,0.011773673449650326,0.04244571606171887,-0.04280543022371089
4435,10.000000000000002,-0.042526942309011884,3.487059482421516e-5,0.005905132921807532,0.005452209219944555,0.042526942309011884,-0.041978342412358004
4436,25.000000000000004,-0.042214659656321554,2.1084814524388763e-5,0.00459182039330686,0.06683566814990967,0.042214659656321554,-0.041200762875192094
4437,10.000000000000002,-0.04194659119826596,0.0001478708516180518,0.012160215936324971,0.017817334245879786,0.04194659119826596,-0.042978915478893286
4438,4.000000000000001,-0.04177786823917651,0.0006392507992881208,0.02528340956611906,0.019517730203578512,0.04177786823917651,-0.04414363252750679
4439,10.000000000000002,-0.04209532504936336,7.764677006928821e-5,0.008811740467653834,0.015375832533996731,0.04209532504936336,-0.042023120047999574
4440,4.000000000000001,-0.042693101309883165,0.00041761745938623804,0.020435690822339186,0.020381101642254967,0.042693101309883165,-0.04335733465273959
4441,10.000000000000002,-0.0423847816240856,5.5207841289301226e-5,0.007430197930694796,0.009161311947917989,0.0423847816240856,-0.041969503094742816
4442,25.000000000000004,-0.0421626746762856,3.447499740827573e-5,0.005871541314533666,0.08490581381206662,0.0421626746762856,-0.04075329050977232
4443,10.000000000000002,-0.04190542929306539,0.0002399215861934375,0.015489402383353513,0.01707870255029307,0.04190542929306539,-0.043412478481972355
4444,25.000000000000004,-0.04193573286955578,2.9823746274156463e-5,0.005461112182894292,0.015200794558325525,0.04193573286955578,-0.041612508904827934
4445,10.000000000000002,-0.04208368143235029,0.00013952983914670937,0.011812274935282762,0.01675104658754701,0.04208368143235029,-0.04265054141090142
4446,4.000000000000001,-0.042508960280787086,0.0012432366837793832,0.035259561593692326,0.034850395000804474,0.042508960280787086,-0.04601618239918461
4447,10.000000000000002,-0.042438332259664674,0.0001263953085331509,0.011242566812483298,0.023623428320677965,0.042438332259664674,-0.04231328625094585
4448,4.000000000000001,-0.042160116329356484,0.00040227490591353884,0.020056792014515653,0.009476981727765873,0.042160116329356484,-0.0435199617168707
4449,10.000000000000002,-0.041891516758839016,5.3912435793385e-5,0.007342508821471378,0.010564186359946345,0.041891516758839016,-0.04215266620017342
4450,4.000000000000001,-0.042341512823217305,0.0002824740751157045,0.01680696507748215,0.011502960514764763,0.042341512823217305,-0.042775254674371405
4451,10.000000000000002,-0.04206218321834352,3.4597454037006025e-5,0.005881960050612893,0.011660152724276505,0.04206218321834352,-0.0421338188326549
4452,4.000000000000001,-0.042128336244099514,0.00025430992093453965,0.015947097570860335,0.009760753160489674,0.042128336244099514,-0.04287425173149665
4453,10.000000000000002,-0.04221620958538308,3.190685480611161e-5,0.0056486152998864786,0.0047163550205525945,0.04221620958538308,-0.042177025408299366
4454,25.000000000000004,-0.04223627710392132,1.0744659895835682e-5,0.0032779048027414834,0.03169278511940148,0.04223627710392132,-0.04182431514024602
4455,10.000000000000002,-0.04222425797830008,5.475529837942101e-5,0.007399682316114727,0.015498833542306462,0.04222425797830008,-0.04219977732768895
4456,4.000000000000001,-0.04264824183119891,0.0004329778379650797,0.020808119520155578,0.01731035505035144,0.04264824183119891,-0.04329502712641724
4457,10.000000000000002,-0.042410969349628576,5.955915249299053e-5,0.00771745764439239,0.027955243804787804,0.042410969349628576,-0.042226397461041454
4458,4.000000000000001,-0.0419696868155089,0.00024646033531771673,0.015699055236469382,0.02326312505001049,0.0419696868155089,-0.04291294907026828
4459,1.6000000000000005,-0.041246279636979424,0.0026727744217153876,0.05169888220953513,0.020511270327080867,0.041246279636979424,-0.045944522366540175
4460,4.000000000000001,-0.04214494783753597,0.00036828654126374856,0.019190793137954163,0.010754569119608441,0.04214494783753597,-0.04288727805984445
4461,10.000000000000002,-0.042295766039115404,9.058784903246775e-5,0.009517764917903139,0.026134799401931745,0.042295766039115404,-0.04149788457711774
4462,4.000000000000001,-0.04186459504711504,0.00038238913923552026,0.019554772799383793,0.012694731419865395,0.04186459504711504,-0.042703097280865444
4463,10.000000000000002,-0.041735750791067,8.02753318660163e-5,0.008959650208909738,0.04752938918299505,0.041735750791067,-0.04122063060598728
4464,4.000000000000001,-0.04243502439452229,0.0006393156124250355,0.02528469126616015,0.029658199573640964,0.04243502439452229,-0.04397398868345781
4465,10.000000000000002,-0.042209621953404323,7.064937389582624e-5,0.008405318191230254,0.021853206194775036,0.042209621953404323,-0.042092926663860025
4466,4.000000000000001,-0.04181992657584872,0.0002585043173049053,0.016078069452048815,0.012060196117349958,0.04181992657584872,-0.04273447085802031
4467,10.000000000000002,-0.04183672234877789,4.210641030418599e-5,0.006488945238186711,0.02960144961434282,0.04183672234877789,-0.0417835978893372
4468,4.000000000000001,-0.04260105937891125,0.00022504035901780035,0.015001345240270966,0.024586396587178743,0.04260105937891125,-0.042639265503652074
4469,1.6000000000000005,-0.04353752523807275,0.0014674620226866246,0.038307466931221446,0.016553304637945063,0.04353752523807275,-0.04466206966861126
4470,4.000000000000001,-0.04285083960812452,0.00021154298424787705,0.014544517326053727,0.014961405776924909,0.04285083960812452,-0.04244971341189625
4471,10.000000000000002,-0.04239777443610518,4.820056225373263e-5,0.006942662475861306,0.013092459628692522,0.04239777443610518,-0.041714355430897125
4472,4.000000000000001,-0.04158169369493104,0.00023032376245098827,0.015176421266259984,0.025599299978041768,0.04158169369493104,-0.04234832423829103
4473,1.6000000000000005,-0.04147677277426618,0.0014126489130001727,0.03758522200280547,0.012036936793717442,0.04147677277426618,-0.044021040787010586
4474,4.000000000000001,-0.04167232879825392,0.00015416022496458011,0.012416127615507989,0.011793828939848762,0.04167232879825392,-0.04235883383892843
4475,10.000000000000002,-0.04189573512169796,3.441329680951785e-5,0.005866284753531646,0.010915539322411873,0.04189573512169796,-0.04191778482264332
4476,4.000000000000001,-0.04257470833144642,0.00013364823363540824,0.011560632925381216,0.030167737989044232,0.04257470833144642,-0.042292260681062455
4477,1.6000000000000005,-0.042450965718928445,0.0015101246189978107,0.03886032191063027,0.0152589134206969,0.042450965718928445,-0.04407589217640828
4478,4.000000000000001,-0.042142116432754693,0.0001906739886824868,0.013808475248284541,0.006068906765434348,0.042142116432754693,-0.042349843842485226
4479,10.000000000000002,-0.041980852840322894,4.516562226642024e-5,0.006720537349529444,0.015675153586483307,0.041980852840322894,-0.041729829898838076
4480,4.000000000000001,-0.04272937969431507,0.00021750056741799128,0.014747900441011638,0.013489279036345876,0.04272937969431507,-0.042709085136205284
4481,10.000000000000002,-0.04233990112547638,3.593806701811834e-5,0.005994836696534638,0.011055616763134163,0.04233990112547638,-0.04203478782798938
4482,4.000000000000001,-0.04233429471861688,0.00013952022475468428,0.011811867962125393,0.014177115556430659,0.04233429471861688,-0.042546554788631764
4483,10.000000000000002,-0.04215540595998227,2.4616950951381374e-5,0.004961547233613863,0.011272942168939782,0.04215540595998227,-0.042114685558657675
4484,4.000000000000001,-0.0420366251157172,3.3511921736743516e-5,0.0057889482409798345,0.023215707514452413,0.0420366251157172,-0.041961605202349705
4485,1.6000000000000005,-0.04229167630040993,5.762880170485157e-5,0.007591363626177551,0.0190945824744509,0.04229167630040993,-0.041897434046384255
4486,0.6400000000000002,-0.041211307449720604,0.008421062199475398,0.09176634568007706,0.010679333440999401,0.041211307449720604,-0.04925471941862042
4487,1.6000000000000005,-0.04260594127584808,0.0017032040072139756,0.041269892260750764,0.007917985951829586,0.04260594127584808,-0.04397195070975407
4488,4.000000000000001,-0.04257391963775378,0.00044049619967548705,0.020988001326364716,0.009000450184894968,0.04257391963775378,-0.041375701854650476
4489,10.000000000000002,-0.04218550426230628,0.00014083257264261445,0.011867290029430242,0.020997135102137337,0.04218550426230628,-0.04049333949189516
4490,4.000000000000001,-0.04143370146103142,0.0007825593697316924,0.02797426263070561,0.013726248897038777,0.04143370146103142,-0.044250465002184255
4491,10.000000000000002,-0.04161748432327315,8.263093276943611e-5,0.00909015581656531,0.013937872074376707,0.04161748432327315,-0.04180224701342995
4492,4.000000000000001,-0.04218380440677734,0.00039090575265363363,0.019771336643070788,0.027134324445138847,0.04218380440677734,-0.04303507387128953
4493,1.6000000000000005,-0.04340766025600395,0.001971075173668298,0.04439679238039949,0.009340401889231109,0.04340766025600395,-0.044841130894400116
4494,4.000000000000001,-0.04247043248806815,0.0010618007293797744,0.03258528393891596,0.1107925842957403,0.04247043248806815,-0.03733199735844574
4495,1.6000000000000005,-0.04212187258202864,0.004946636952129033,0.0703323321960038,0.018359567476540013,0.04212187258202864,-0.0523228834523034
4496,4.000000000000001,-0.041780695891782266,0.00038559628171992125,0.01963660565678094,0.01226215137325969,0.041780695891782266,-0.042581111971683044
4497,10.000000000000002,-0.041457630906195544,8.07040499098632e-5,0.00898354328257304,0.05475244416418873,0.041457630906195544,-0.041323980741308775
4498,4.000000000000001,-0.0417693598189518,0.0003935542487064468,0.01983820175082527,0.007991694464904105,0.0417693598189518,-0.04307056432564922
4499,10.000000000000002,-0.041843124936742034,4.584359662627081e-5,0.006770789955852331,0.013999605165636182,0.041843124936742034,-0.04187212480000336
4500,4.000000000000001,-0.04207124400667449,5.360201401661401e-5,0.007321339632650162,0.0293762105309741,0.04207124400667449,-0.04147643939029436
4501,1.6000000000000005,-0.04446332248906258,0.002541526063761049,0.05041355039829122,0.02152103108896564,0.04446332248906258,-0.04598084465445955
4502,4.000000000000001,-0.04376316879340339,0.0002777584531133262,0.016666086916649815,0.009725930364186635,0.04376316879340339,-0.04268430694293603
4503,10.000000000000002,-0.042703878977668794,6.105370578600268e-5,0.007813687080117983,0.02036831408229628,0.042703878977668794,-0.04165170859687249
4504,4.000000000000001,-0.04110418114503337,0.00025265872273157094,0.015895242141331818,0.013809792603270105,0.04110418114503337,-0.042632741316669345
4505,10.000000000000002,-0.0412725680346615,0.0001060059015411777,0.010295916741173547,0.06880649084781648,0.0412725680346615,-0.04084101210657276
4506,4.000000000000001,-0.04266419659954245,0.0007246083234096554,0.026918549801385205,0.01827776494237385,0.04266419659954245,-0.044638968421409284
4507,10.000000000000002,-0.04221095452450999,7.665359034518581e-5,0.008755203615289926,0.026713876898111208,0.04221095452450999,-0.0419841342693304
4508,4.000000000000001,-0.04161455449475895,7.980757648026346e-5,0.008933508632125647,0.009767294725511765,0.04161455449475895,-0.041033882859929975
