iter,zeta,f,pen,residual,grad_norm,z,alm
1,10.0,-0.33383987328663833,0.05155696520887851,0.2270615890213017,0.3716328511464784,0.33383987328663833,0.1817297788021468
2,4.0,-0.0,0.004810038760230115,0.06935444297397331,0.035922761131345286,0.0,-0.2297681005925683
3,10.0,-0.0,0.004537447850639766,0.06736058083656767,0.0006082097121440374,0.0,-0.1762750031254882
4,25.0,-0.0013844376383653604,0.0013420226908499196,0.036633627869075695,0.0033737102172954167,0.0013844376383653604,-0.07873801297572075
5,62.5,-0.009630292940855574,7.243361013982511e-5,0.008510793743231304,0.05207776124990817,0.009630292940855574,-0.01410853858092186
6,25.0,-0.030234729299147098,2.4701859242233984e-6,0.0015716825138123152,0.07702253503230556,0.030234729299147098,-0.03025366339424622
7,10.0,-0.06547119478444242,0.00030277418718044753,0.017400407672823286,0.07376412545155041,0.06547119478444242,-0.06273216498491363
8,4.0,-0.10285623603903422,0.002720034878942698,0.05215395362714794,0.03711448503388618,0.10285623603903422,-0.07446387468007579
9,10.0,-0.08493190659760533,0.0012426729036791857,0.03525156597484977,0.04313217216041155,0.08493190659760533,-0.04603820556392729
10,25.0,-0.06330524146742543,0.000229291613544031,0.015142378067662655,0.10981158221193485,0.06330524146742543,-0.03579098308935849
11,10.0,-0.027286236685122485,0.00035717434606853926,0.018899056750762436,0.04749147161832575,0.027286236685122485,-0.0644649283795774
12,4.0,-0.0,0.002664895048618311,0.051622621481462086,0.004055889000825681,0.0,-0.07444342990553646
13,10.0,-0.012022692026227093,0.0008775166298658441,0.02962290718119753,0.011872344502079383,0.012022692026227093,-0.04858585472542321
14,25.0,-0.030600393994817086,0.00022247512914417327,0.014915600193896768,0.064954167956625,0.030600393994817086,-0.03781539448475497
15,10.0,-0.06343351289664291,0.0002446552926573059,0.01564146069449097,0.06534069588278646,0.06343351289664291,-0.05931393106557565
16,4.0,-0.09749465256737426,0.002270013501258292,0.04764465868550526,0.03458168183592231,0.09749465256737426,-0.06959718080611499
17,10.0,-0.08107865056352635,0.0009992039265827475,0.03161018706972085,0.03742302373064525,0.08107865056352635,-0.046231058655535395
18,25.0,-0.06183623123201399,0.00019014455747227787,0.013789291405735026,0.09726224798389935,0.06183623123201399,-0.037683508915216136
19,10.0,-0.029218933389441804,0.00029233955872566276,0.017097940189556834,0.0415900820856588,0.029218933389441804,-0.06129315945414768
20,4.0,-0.0,0.002348302818674095,0.048459290323673694,0.0051678517568473584,0.0,-0.07037884769296794
21,10.0,-0.01370236598470624,0.0008381266858236801,0.028950417714148444,0.012855567572886566,0.01370236598470624,-0.047323096739065526
22,25.0,-0.031814977813164516,0.00019056216578309515,0.01380442558685783,0.060909587960023166,0.031814977813164516,-0.03841842635785133
23,10.0,-0.0626510130974182,0.0002178146503682364,0.014758544994959238,0.06161148355289209,0.0626510130974182,-0.0586064408424167
24,4.0,-0.09672391691448633,0.002163151878123595,0.04650969660322023,0.033470878387070295,0.09672391691448633,-0.0688849322918503
25,10.0,-0.08052653776057221,0.0009719746445834432,0.031176507895905262,0.036633832859522764,0.08052653776057221,-0.04627296159662925
26,25.0,-0.06153673555560652,0.0001831621168747416,0.013533739944107897,0.09309637988960008,0.06153673555560652,-0.03807783885460191
27,10.0,-0.02959324881056039,0.0002841873659094587,0.016857857690390516,0.039432016230802336,0.02959324881056039,-0.06074721128423307
28,4.0,-0.0,0.002254816116952274,0.04748490409543094,0.0054605167412567785,0.0,-0.0694503588234392
29,10.0,-0.014120129710314077,0.0008420826521249891,0.02901866041231037,0.013345642864666872,0.014120129710314077,-0.04706766272312616
30,25.0,-0.0321168796028976,0.00018259063604155593,0.013512610260107258,0.06301324912526343,0.0321168796028976,-0.038557301975274405
31,10.0,-0.06291620782884491,0.00022462423231606356,0.014987469176484186,0.062341689799599156,0.06291620782884491,-0.05870450756409635
32,4.0,-0.09560320570975113,0.0020812944774353105,0.0456212064443205,0.03259009066573685,0.09560320570975113,-0.06768267293955163
33,10.0,-0.07935411838363172,0.0009130655716787884,0.03021697489291058,0.036662582949911655,0.07935411838363172,-0.04620770594241666
34,25.0,-0.06055009512267978,0.00015942149905742318,0.012626222675742068,0.09141132639329329,0.06055009512267978,-0.039010974151225494
35,10.0,-0.03012666932341776,0.00030927228221855975,0.0175861389229859,0.04133335728819634,0.03012666932341776,-0.06014494257980286
36,4.0,-0.0,0.0020654311868252458,0.0454470151585915,0.006089618268915161,0.0,-0.06708693553411522
37,10.0,-0.01535307177084776,0.0008379709047362028,0.028947727108293023,0.01414171722391466,0.01535307177084776,-0.04626091346367661
38,25.0,-0.03318736767407904,0.00015908240515015212,0.012612787366405259,0.06090825850845719,0.03318736767407904,-0.039021586545764736
39,10.0,-0.06315516951166311,0.0002356037184235784,0.015349388210074642,0.06035899382871244,0.06315516951166311,-0.05861816378253373
40,4.0,-0.0949780430032376,0.0020682179929898824,0.04547766477063089,0.030853651346813102,0.0949780430032376,-0.06706270412323143
41,10.0,-0.07911456383623063,0.0008952359509047259,0.0299204938278887,0.03449927998924677,0.07911456383623063,-0.04640551241741092
42,25.0,-0.0607346494584702,0.0001626978832166507,0.012755308040837379,0.08808071000998546,0.0607346494584702,-0.03901826122658018
43,10.0,-0.030410053841512918,0.0002556543577079212,0.015989195030017028,0.038615415220123725,0.030410053841512918,-0.05945181007055855
44,4.0,-0.0,0.0020805549963678243,0.04561310114833045,0.00611436119177268,0.0,-0.06748316639849483
45,10.0,-0.014980796725965015,0.000838757181452895,0.028961304899000926,0.013549932829321812,0.014980796725965015,-0.0464965818800825
46,25.0,-0.032892147313653704,0.00016481285774489062,0.012837946009579984,0.05801864586190185,0.032892147313653704,-0.03890095684153636
47,10.0,-0.0630038824542461,0.00023296101308158473,0.015263060410074539,0.058968801999370206,0.0630038824542461,-0.058681001351734985
48,4.0,-0.09486654140133834,0.002010346741296542,0.044836890406188316,0.030877592006455273,0.09486654140133834,-0.06696523159656753
49,10.0,-0.07906450458497673,0.0008933638732588258,0.02988919325205727,0.035222637943665425,0.07906450458497673,-0.04620393665299455
50,25.0,-0.060665012396737224,0.00016154445042933411,0.012710013785568217,0.0868088294680064,0.060665012396737224,-0.03901888910463906
51,10.0,-0.030257297187094336,0.00027402594969504077,0.016553729177893443,0.038041801641942985,0.030257297187094336,-0.05975307251915428
52,4.0,-0.0,0.002127191571784919,0.04612148709424837,0.006102082336978927,0.0,-0.06756663754437614
53,10.0,-0.015180693312648817,0.00083333499401564,0.02886754222332826,0.014044353702705644,0.015180693312648817,-0.046370903838036756
54,25.0,-0.03302976303588324,0.00016267603447027743,0.012754451555056275,0.06170478998461403,0.03302976303588324,-0.038963410415667844
55,10.0,-0.06296372834263401,0.00022591480890834798,0.015030462697746466,0.0635311513491675,0.06296372834263401,-0.05859472092093666
56,4.0,-0.09526053861542595,0.0020599866767760148,0.04538707609855491,0.034034981321285365,0.09526053861542595,-0.06754238212593189
57,10.0,-0.0792932749531192,0.0009007237482005628,0.030012060045930915,0.03805085220563266,0.0792932749531192,-0.04633526330888858
58,4.0,-0.04370881044016255,7.03978538415301e-5,0.008390342891773261,0.02396919310302002,0.04370881044016255,-0.04832838098323204
59,1.6,-0.0,0.002088783977117882,0.04570321626666861,0.0038408909411599542,0.0,-0.05702731893343026
60,4.0,-0.01304883083725692,0.0010124937623510626,0.031819707138046736,0.004640127438002281,0.01304883083725692,-0.047735091008974766
61,10.0,-0.03180349669283999,0.00020165594173083014,0.014200561317456086,0.025895924476691305,0.03180349669283999,-0.043579020166533325
62,4.0,-0.06289571402340842,0.00024091390605267263,0.015521401549237512,0.026460960883723517,0.06289571402340842,-0.0518576485845295
63,1.6,-0.09705577680675603,0.002309490947066766,0.04805716332729977,0.013955546849439875,0.09705577680675603,-0.056063580367770836
64,4.0,-0.08044518017021636,0.0009861184539483767,0.03140252305067822,0.015715639893975807,0.08044518017021636,-0.04671836922722525
65,10.0,-0.0611861707959699,0.00017899588043293868,0.013378934203924418,0.0395079539532687,0.0611861707959699,-0.043484752088234865
66,4.0,-0.029284167706405715,0.00032563476928871166,0.01804535312175164,0.016367089049636206,0.029284167706405715,-0.05278920661905653
67,10.0,-0.031168454681387518,0.00023073217698317279,0.015189870867889983,0.003533350613159457,0.031168454681387518,-0.04870040035800938
68,25.0,-0.039091089553185826,5.671211115359444e-5,0.007530744395715104,0.02997659444169889,0.039091089553185826,-0.04536456667300037
69,10.0,-0.05287498211427927,4.143808147556262e-5,0.006437241759912596,0.026002360050724774,0.05287498211427927,-0.0490686247699925
70,4.0,-0.0687956207587638,0.00043242092821019434,0.020794733184395377,0.01336509901986014,0.0687956207587638,-0.051432121533827625
71,10.0,-0.06159228583984548,0.00018853795192822672,0.013730912275891457,0.01386519167482106,0.06159228583984548,-0.04699607629914834
72,25.0,-0.053179473145447756,3.357727333338394e-5,0.00579459000563318,0.03806709852362402,0.053179473145447756,-0.04543876793729007
73,10.0,-0.03951138873413958,5.5987416698106756e-5,0.00748247396908982,0.02104394204034949,0.03951138873413958,-0.04964973113962047
74,4.0,-0.02539267042738723,0.00042590240432178913,0.020637403042092994,0.006955000413164883,0.02539267042738723,-0.05117644872442233
75,10.0,-0.032774600033609616,0.00018200403505068028,0.013490887111331125,0.010218530427451016,0.032774600033609616,-0.046855107892900975
76,25.0,-0.041064643439645825,3.2198061081592616e-5,0.005674333536336458,0.03246046508920386,0.041064643439645825,-0.04543878706309255
77,10.0,-0.05467459140768529,6.0648526841694144e-5,0.007787716407374767,0.025254869282430963,0.05467459140768529,-0.049701950260186825
78,4.0,-0.06882014182166274,0.0004274967635878194,0.020675994863314787,0.012230149021315492,0.06882014182166274,-0.051139739973195736
79,10.0,-0.061402125068553366,0.0001828977544495907,0.013523969626170812,0.014879007566689046,0.061402125068553366,-0.0468481888730438
80,25.0,-0.05303492394832948,3.2038016373665384e-5,0.0056602134565460855,0.038182977782781985,0.05303492394832948,-0.045438136746000134
81,10.0,-0.03934226683398919,5.811953261403504e-5,0.007623616767259162,0.020596850485895955,0.03934226683398919,-0.049625073885414504
82,4.0,-0.0252406550323427,0.000503907156043284,0.022447876426140715,0.006794050166874948,0.0252406550323427,-0.05150764560073325
83,10.0,-0.03265263654274381,0.00018716868341673462,0.013680960617468886,0.010956349499479136,0.03265263654274381,-0.046800395036366
84,25.0,-0.04101671536345048,3.279449732337855e-5,0.005726648000652611,0.03299564763719078,0.04101671536345048,-0.04539546776962117
85,10.0,-0.0549373544759021,5.882028184312491e-5,0.007669438169978614,0.02524992345233666,0.0549373544759021,-0.04966567577929773
86,4.0,-0.0688309733203522,0.00043425792777354474,0.020838856201182077,0.011909932714080545,0.0688309733203522,-0.05104449353155962
87,10.0,-0.06153249324790173,0.00019212310120083565,0.013860847780739663,0.015205055892561962,0.06153249324790173,-0.04690539089351775
88,25.0,-0.053128167230132944,3.304656042211048e-5,0.005748613782653213,0.03848820853384593,0.053128167230132944,-0.04542146848330183
89,10.0,-0.03936317850958514,5.7958958996852934e-5,0.0076130781551782935,0.02134986300082096,0.03936317850958514,-0.049658510178013725
90,4.0,-0.024973843317878414,0.0005046364819409824,0.022464115427520897,0.006775019521223095,0.024973843317878414,-0.05156435008717988
91,10.0,-0.03254652620032242,0.000188660762709052,0.013735383602544634,0.010694277925631468,0.03254652620032242,-0.04681793640397249
92,25.0,-0.04100809505023563,3.3100962222993434e-5,0.0057533435690034565,0.033137553320530845,0.04100809505023563,-0.04537410376068115
93,10.0,-0.054786441378860254,5.8772191935287887e-5,0.007666302363935816,0.026510585732698662,0.054786441378860254,-0.04970575223880346
94,4.0,-0.06909368924347913,0.0004893083580174593,0.022120315504473693,0.012272127477366905,0.06909368924347913,-0.051501260641410966
95,10.0,-0.061574660114741,0.0001881449017292558,0.013716592205400575,0.015484281511851003,0.061574660114741,-0.04682987601217389
96,25.0,-0.05318629352378016,3.4644820550979596e-5,0.005885985096054831,0.040469661352571996,0.05318629352378016,-0.045318068900118004
97,10.0,-0.03925486494478419,6.51495713276028e-5,0.008071528438133808,0.022597476000106288,0.03925486494478419,-0.04983489049502953
98,4.0,-0.024836800454387593,0.00047737504132064026,0.021848913962040317,0.007439226663345369,0.024836800454387593,-0.051465086550710804
99,10.0,-0.03250632348972307,0.0001951347495672292,0.013969064019011051,0.011745137209820445,0.03250632348972307,-0.046785721007349214
100,25.0,-0.04103355545085026,3.3529637487865864e-5,0.00579047817437091,0.03583858159147403,0.04103355545085026,-0.04539665195298491
101,10.0,-0.054778411991427474,5.7076435060695444e-5,0.0075548947749585135,0.028173552591675165,0.054778411991427474,-0.04968582049100206
102,4.0,-0.06920916103800692,0.0005095554657588444,0.022573335282116472,0.01284487517804756,0.06920916103800692,-0.051620187839248106
103,10.0,-0.061648523984611084,0.00019123989885796628,0.013828951473555987,0.01617116354987653,0.061648523984611084,-0.04683045112714427
104,25.0,-0.05317926352855967,3.618031095461267e-5,0.006015007145017591,0.0416997500585402,0.05317926352855967,-0.04525928564993324
105,10.0,-0.03929374569256327,7.24146607697279e-5,0.008509680415252262,0.023318561146716526,0.03929374569256327,-0.04978762765644903
106,4.0,-0.024575903390360906,0.0006080143207083774,0.02465794640087405,0.007709676215244479,0.024575903390360906,-0.052099877961189395
107,10.0,-0.03245875525642676,0.00019602286496986251,0.014000816582251998,0.012007119260387012,0.03245875525642676,-0.04680257543787121
108,25.0,-0.04102260555344726,3.509465374999329e-5,0.005924074083769825,0.03733019720291919,0.04102260555344726,-0.04526658621831925
109,10.0,-0.054891211326861415,8.020891703188767e-5,0.008955943112363302,0.02829355384506205,0.054891211326861415,-0.04999202020698818
110,4.0,-0.06917251216038854,0.0004497888566762867,0.02120822615581715,0.013400802184872104,0.06917251216038854,-0.051316391295715254
111,10.0,-0.06151500071373144,0.00018922315132437857,0.013755840625871563,0.016811460154886673,0.06151500071373144,-0.04680338791406418
112,25.0,-0.05296920670413905,3.387473596842181e-5,0.005820200681112448,0.04326495806774516,0.05296920670413905,-0.04534158111855135
113,10.0,-0.03911148240811844,7.196924194348066e-5,0.00848346874476948,0.023773034842534964,0.03911148240811844,-0.04990381161191077
114,4.0,-0.025130680720884205,0.0005429224658412566,0.0233006966814569,0.007209319807356247,0.025130680720884205,-0.05162702174064948
115,10.0,-0.03296733257940395,0.00018509344191609074,0.013604905068249861,0.012030528162507,0.03296733257940395,-0.046769838870217705
116,25.0,-0.04132348489079357,3.144336917322836e-5,0.005607438735575125,0.03635667694561198,0.04132348489079357,-0.04542868428459216
117,10.0,-0.05484666434443968,6.534775620199895e-5,0.008083795903039545,0.02757573294572934,0.05484666434443968,-0.049744883858705444
118,4.0,-0.06840906682555362,0.0004267521799424638,0.020657981022899206,0.012808907988387026,0.06840906682555362,-0.051039525404777845
119,10.0,-0.06103711226541707,0.00017958961433974159,0.013401104967119002,0.01696503416699386,0.06103711226541707,-0.04680468096180516
120,4.0,-0.04453731360799662,4.271863905751921e-5,0.006535949744109054,0.01187023254833508,0.04453731360799662,-0.0475729460514551
121,1.6,-0.024794779716352723,0.0007847940887992027,0.028014176568287755,0.00390744478560779,0.024794779716352723,-0.04973052091901215
122,4.0,-0.031525915022934003,0.00022705677725496997,0.015068403274898438,0.003911418373913813,0.031525915022934003,-0.0471580367373531
123,10.0,-0.040359111235287085,4.344104851826351e-5,0.006590982363674136,0.014809756707299164,0.040359111235287085,-0.04630145061762899
124,4.0,-0.05465515892284312,6.85689175587966e-5,0.00828063509392828,0.011657414050835183,0.05465515892284312,-0.0480551769247537
125,1.6,-0.07006392391612902,0.0007484240044367016,0.02735733913297676,0.0054855612099924175,0.07006392391612902,-0.04939062067753489
126,4.0,-0.062131702747413885,0.00021090678972018098,0.014522630261773552,0.007010127901403212,0.062131702747413885,-0.04697403014345118
127,10.0,-0.05332432660979288,3.954370565897843e-5,0.006288378619245062,0.018279746315427028,0.05332432660979288,-0.04628350124498175
128,4.0,-0.03890319997706082,8.349468813428027e-5,0.009137542784265377,0.010218206732865484,0.03890319997706082,-0.0483171716049664
129,10.0,-0.039966169374319904,5.0185087905711215e-5,0.007084143413688857,0.002769280877039647,0.039966169374319904,-0.04737963275672843
130,25.0,-0.043646279717835135,1.1834925336055827e-5,0.003440192630661229,0.01759007147938735,0.043646279717835135,-0.04672124147995951
131,10.0,-0.049951334800979054,1.0796528222790403e-5,0.0032858070884929326,0.013144889274472056,0.049951334800979054,-0.04752635560796099
132,4.0,-0.05652420809533335,8.695456294941501e-5,0.009324943053414053,0.005907084391606201,0.05652420809533335,-0.047910233683929486
133,10.0,-0.05320043675244897,3.5774560271063024e-5,0.005981183851969694,0.007031981831865249,0.05320043675244897,-0.047043536958734804
134,25.0,-0.04956204195802664,6.5271178721839774e-6,0.0025548224737120145,0.018904823195671522,0.04956204195802664,-0.046755711177240956
135,10.0,-0.04368268019637812,1.5862918745333265e-5,0.003982827983397383,0.011497475473383218,0.04368268019637812,-0.047617738539345866
136,4.0,-0.03787411265251428,8.467514790546255e-5,0.009201910013984191,0.00413038799084326,0.03787411265251428,-0.047827930311074136
137,10.0,-0.041224983399832146,3.3723246015880535e-5,0.005807171946471065,0.006715694057338027,0.041224983399832146,-0.0470068881572371
138,25.0,-0.044780905636135515,5.567067134886176e-6,0.002359463315011737,0.017374523134282668,0.044780905636135515,-0.04679695569045277
139,10.0,-0.05037180463919402,1.4919636854595093e-5,0.003862594575488747,0.011826537164813855,0.05037180463919402,-0.047583815781073686
140,4.0,-0.05586602964999925,7.40749875036453e-5,0.008606682723537873,0.005005059188518943,0.05586602964999925,-0.047741766818207465
141,10.0,-0.05261718166612238,2.9384204607568917e-5,0.005420719934433886,0.006859183245690243,0.05261718166612238,-0.04702063130132935
142,4.0,-0.04593525643424936,1.0029446348160492e-5,0.0031669301141895273,0.005381860980463004,0.04593525643424936,-0.047176359541659746
143,1.6,-0.038125410401301595,0.0005465965415282715,0.02337940421670902,0.002181563379995997,0.038125410401301595,-0.04821387463813344
144,4.0,-0.040586152832681285,6.104570912411199e-5,0.007813175354752509,0.003218766915342328,0.040586152832681285,-0.047023991207156564
145,10.0,-0.044478339987148924,2.6790069436991448e-5,0.005175912425552759,0.00899850979810087,0.044478339987148924,-0.046626292339734574
146,4.0,-0.05018585227987366,0.00016876629569728208,0.012991008263305896,0.005023413167456924,0.05018585227987366,-0.047903818165066704
147,10.0,-0.049947194925479034,1.272437791779868e-5,0.003567124600823285,0.002290504059712644,0.049947194925479034,-0.04712224546748044
148,25.0,-0.048469660617744666,3.1507719960172604e-6,0.0017750414068458404,0.008394756670384399,0.048469660617744666,-0.04699055270899556
149,10.0,-0.04591747313314594,1.062472170204124e-5,0.003259558513363618,0.005257924265140838,0.04591747313314594,-0.04725116153538113
150,4.0,-0.04320038947775502,1.8211277923585576e-5,0.004267467389867856,0.002129836323743486,0.04320038947775502,-0.047232362904026534
151,10.0,-0.044513354800757424,8.526840190792796e-6,0.0029200753741629335,0.003426593388986598,0.044513354800757424,-0.047049406360967265
152,25.0,-0.04604832254229174,2.031356875493313e-6,0.0014252567752841285,0.008183399850897478,0.04604832254229174,-0.047000748785221425
153,10.0,-0.048494430550104536,6.047653607773505e-6,0.0024591977569470708,0.005200066868626266,0.048494430550104536,-0.04721121484999609
154,4.0,-0.05093164288646093,1.6945319721472463e-5,0.004116469327162838,0.0022843710442481354,0.05093164288646093,-0.047203496894522516
155,10.0,-0.04951354416357007,7.658717864246388e-6,0.0027674388636872156,0.0030528262226628693,0.04951354416357007,-0.04703855928059403
156,25.0,-0.04805539142435208,1.6206389824979177e-6,0.0012730431974202281,0.007454838027366552,0.04805539142435208,-0.047021516511856314
157,10.0,-0.04569674398100194,8.219527812419368e-6,0.0028669718890179875,0.004665414149955393,0.04569674398100194,-0.047227804990250054
158,4.0,-0.04341941457490769,1.5655987492189336e-5,0.003956764775948822,0.001804987520209791,0.04341941457490769,-0.047207249121864255
159,10.0,-0.04479519555663642,6.021619703524495e-6,0.0024538988780152485,0.002721614828462007,0.04479519555663642,-0.04706676414009892
160,25.0,-0.04617508421901232,1.2719966365730774e-6,0.0011278282832829993,0.007197822788563705,0.04617508421901232,-0.04702687345835581
161,10.0,-0.048389383066027414,3.6656703155630435e-6,0.0019145940341396249,0.0046037492699838875,0.048389383066027414,-0.047173534424118355
162,4.0,-0.050585972397724985,1.3854050715621559e-5,0.003722102996374705,0.001953966477515194,0.050585972397724985,-0.04719308086036009
163,10.0,-0.049292001256747764,5.830036543340782e-6,0.0024145468608707476,0.0025513820801277972,0.049292001256747764,-0.0470616159481818
164,25.0,-0.04796332538945158,1.1408427130855728e-6,0.0010681023888586584,0.006959957849120371,0.04796332538945158,-0.04704029387707052
165,10.0,-0.04583687889214902,2.222127868199264e-6,0.0014906803373625293,0.004501838969869932,0.04583687889214902,-0.047144197862647154
166,4.0,-0.0435522878198952,1.2876520390828834e-5,0.003588386878644614,0.001842784492389914,0.0435522878198952,-0.04717013067618409
167,10.0,-0.04490395747065665,4.8343806469668425e-6,0.00219872250340211,0.00287898028473529,0.04490395747065665,-0.047058058493751526
168,4.0,-0.047680865691789615,3.056821545694075e-5,0.005528852996503049,0.0022551157481033443,0.047680865691789615,-0.047214578606088554
169,10.0,-0.04791571262265732,5.2025822320576684e-6,0.002280916971758873,0.0024523398211675203,0.04791571262265732,-0.04705396386649067
170,25.0,-0.0475524635675348,9.790182778128048e-7,0.0009894535248372229,0.0019451083182105687,0.0475524635675348,-0.04707620721146988
171,10.0,-0.046829975277039755,2.4574017872778092e-6,0.001567610215352595,0.0015690091887468954,0.046829975277039755,-0.04711191630270468
172,25.0,-0.04681641463924759,4.464848198748469e-7,0.0006681951959381682,0.0006940121628871103,0.04681641463924759,-0.04708036147898283
173,62.5,-0.0469384642822143,9.023018826594343e-8,0.0003003834021146032,0.0018814189012123787,0.0469384642822143,-0.04707936006353449
174,25.0,-0.047166630912718936,2.793833233696868e-7,0.0005285672363755502,0.0011481957667965434,0.047166630912718936,-0.047093888557344823
175,10.0,-0.04741333227890789,2.5529244105364314e-7,0.0005052647237376098,0.0005334401054287598,0.04741333227890789,-0.047088622347502475
176,25.0,-0.04729934174075293,1.1296241989750122e-7,0.0003360988245999995,0.000689023397877521,0.04729934174075293,-0.04708385407430687
177,10.0,-0.04704801292556589,3.684388648055504e-7,0.000606991651347488,0.000558545325635196,0.04704801292556589,-0.04708764249439752
178,25.0,-0.047015295413112716,7.355291490321678e-8,0.0002712064064568106,0.00043766876863122323,0.047015295413112716,-0.047083614013283974
179,10.0,-0.047014868194238287,1.8138037099337214e-6,0.001346775300461707,0.00011645775477719226,0.047014868194238287,-0.04710450299735618
180,25.0,-0.047053226708442156,3.023935830163423e-7,0.0005499032487777666,0.00034872666660526913,0.047053226708442156,-0.04708034912349284
181,62.5,-0.04708245860260771,8.268127676210915e-8,0.00028754352150954325,0.0013055629275005312,0.04708245860260771,-0.04707810203865446
182,25.0,-0.04709427488036895,2.0730101195832085e-7,0.0004553032088161919,0.0005497370097183765,0.04709427488036895,-0.04708159319692701
183,62.5,-0.04709025647103676,2.8624416707686047e-8,0.00016918751936146486,0.0002819154185268873,0.04709025647103676,-0.04707769245295564
184,25.0,-0.04707915211752177,5.121226511103167e-7,0.0007156274527366294,0.00020883359174094133,0.04707915211752177,-0.04709691432119698
185,62.5,-0.04707022539259018,9.902867409282781e-8,0.000314688217276764,0.0009478351253573475,0.04707022539259018,-0.04708036283261164
186,25.0,-0.047084751052609446,1.1493017927409375e-7,0.0003390135384820107,0.00037901867301069596,0.047084751052609446,-0.047086325486894724
187,62.5,-0.047086765718438804,1.6328141311313157e-8,0.00012778161570160693,0.00036171438621175004,0.047086765718438804,-0.04708301564336236
188,25.0,-0.04708991089219636,6.205062632290206e-8,0.00024909963131827806,0.00027401646511190534,0.04708991089219636,-0.047083939804674006
189,62.5,-0.04708803211265003,1.3600173082394768e-8,0.00011661977997919036,0.0003157523323852985,0.04708803211265003,-0.04708253196808058
190,25.0,-0.047079918788984786,3.083603175372457e-7,0.0005553020057025238,0.00011358643907385393,0.047079918788984786,-0.04709326131549146
191,62.5,-0.047068807033708734,1.1286865776206284e-7,0.00033595930968208465,0.0014994620867776953,0.047068807033708734,-0.047078474885153494
192,25.0,-0.047088754595922114,2.69842431266895e-7,0.0005194635995590981,0.0005879473884597922,0.047088754595922114,-0.04708916053557364
193,62.5,-0.04709272668483468,1.9503087012253358e-8,0.00013965345327722248,0.0008972114049030947,0.04709272668483468,-0.04708198872920225
194,25.0,-0.04709234476192672,2.95334733452818e-7,0.000543447084317156,0.00014366629490179632,0.04709234476192672,-0.047092230147009036
195,62.5,-0.047087937976184865,4.3481752648359105e-8,0.00020852278688037696,0.000845626442525724,0.047087937976184865,-0.04708298214302909
196,25.0,-0.047082533697232476,9.801571008513064e-8,0.00031307460785750515,0.00018305391161036887,0.047082533697232476,-0.04708646493477089
197,62.5,-0.04708214281200594,1.9104432817380308e-8,0.00013821878605088496,0.0006886141851756151,0.04708214281200594,-0.04708265091785838
198,25.0,-0.04708036404387919,8.315121192814734e-8,0.0002883595185322436,0.00010653581185991923,0.04708036404387919,-0.04708524749057859
199,62.5,-0.04707874181807585,1.1916800780604439e-8,0.00010916410023723202,0.00040527638381945234,0.04707874181807585,-0.04708277359809314
200,25.0,-0.047084610866979834,1.0085131406810674e-7,0.0003175709591069478,9.836445557042043e-5,0.047084610866979834,-0.047087279829830436
201,62.5,-0.047086323896535554,1.6941200890081617e-8,0.00013015836849807858,0.00012511939972654085,0.047086323896535554,-0.047084313458825584
202,156.25,-0.04708596037084679,9.79856243707583e-9,9.898768831059664e-5,0.0006474207520404342,0.04708596037084679,-0.04708257589929764
203,62.5,-0.047084971611578354,1.9613142945296436e-8,0.00014004693122413085,0.00013095541214627672,0.047084971611578354,-0.04708477516172388
204,156.25,-0.04708516313653726,3.0687731524569354e-9,5.539650848615764e-5,0.0002026412206858032,0.04708516313653726,-0.04708341655725213
205,62.5,-0.04708507129800004,1.3353731569158442e-8,0.00011555834703368875,6.822119347498976e-5,0.04708507129800004,-0.04708447612900193
206,156.25,-0.04708459715633152,2.712974262936376e-9,5.208621951088768e-5,0.00022259682529494733,0.04708459715633152,-0.04708364015216189
207,62.5,-0.047083567419114986,6.203817042975535e-9,7.876431325781706e-5,9.753614534308183e-5,0.047083567419114986,-0.047083888277135645
208,156.25,-0.04708492427611173,1.9152947750914115e-9,4.376408087794615e-5,0.00014411620922038298,0.04708492427611173,-0.04708336734690827
209,62.5,-0.04708510142355792,6.412583752203808e-9,8.007860982936584e-5,6.263005195739325e-5,0.04708510142355792,-0.047083833296925615
210,156.25,-0.04708455459791879,1.8856474382770065e-9,4.342404216879178e-5,0.0002933786816429629,0.04708455459791879,-0.04708325177226663
211,62.5,-0.04708380349671627,7.361577839943565e-9,8.579963776114423e-5,8.403039836311544e-5,0.04708380349671627,-0.047084095045173954
212,156.25,-0.04708366922445644,2.2730485193068633e-9,4.767649860577917e-5,0.00032305153289731187,0.04708366922445644,-0.047083121336708104
213,62.5,-0.04708435153678601,6.574921118610716e-9,8.108588729619178e-5,3.32552726536554e-5,0.04708435153678601,-0.0470840069188875
214,156.25,-0.04708497479436768,1.354590901458184e-9,3.680476737405338e-5,0.00013534199652744715,0.04708497479436768,-0.04708329282225446
215,62.5,-0.047083945816724294,1.089108850365585e-8,0.00010436037803522873,5.319144215202739e-5,0.047083945816724294,-0.04708429144617862
216,156.25,-0.0470842672300938,1.2168526110049999e-9,3.488341455484253e-5,0.00021000512914248496,0.0470842672300938,-0.04708358759130836
217,62.5,-0.04708303385040863,5.8883685982843666e-9,7.673570614964305e-5,6.612355805020892e-5,0.04708303385040863,-0.04708409658690215
218,156.25,-0.04708313840066685,7.982322801084337e-10,2.8253004797869444e-5,4.063198215477966e-5,0.04708313840066685,-0.04708397915107054
219,62.5,-0.04708193734070616,5.63392581818792e-9,7.505948186730254e-5,6.527699046228584e-5,0.04708193734070616,-0.04708434201093661
220,156.25,-0.047081335777564265,2.2332109620251207e-9,4.725686153380396e-5,0.00039272785981916774,0.047081335777564265,-0.047084016020347445
221,62.5,-0.047084412222628956,9.632296108057393e-9,9.814426171741979e-5,5.72794216328479e-5,0.047084412222628956,-0.0470846964681105
222,156.25,-0.04708516394486501,1.7974789618345549e-9,4.239668574115853e-5,0.00014079697750853755,0.04708516394486501,-0.04708383412205319
223,62.5,-0.0470857176377207,5.516265082588037e-9,7.427156308162658e-5,9.454123856089851e-5,0.0470857176377207,-0.04708431403266454
224,25.0,-0.04708477375678451,4.938601620102885e-9,7.027518495246303e-5,0.00013759475505309535,0.04708477375678451,-0.04708406135811894
225,10.0,-0.04705559408866338,1.7566794263092604e-6,0.0013253978369943344,0.00020005639775749588,0.04705559408866338,-0.04710249582045591
226,25.0,-0.04707046655940678,2.155274517361712e-7,0.00046424934220327247,0.00028624767490520074,0.04707046655940678,-0.04708135411650321
227,62.5,-0.04707097656659887,5.253005911776877e-8,0.00022919436973400714,0.0011279638949878523,0.04707097656659887,-0.04708018720967991
228,25.0,-0.0470871903688236,1.2236821545793276e-7,0.000349811685708086,0.0002405268521728386,0.0470871903688236,-0.04708694901462834
229,62.5,-0.04708845091966583,1.1303750727246312e-8,0.00010631909860061038,0.00010066208582851315,0.04708845091966583,-0.047083905860007796
230,156.25,-0.04708560214598389,3.7051699504178692e-9,6.087010719900096e-5,0.00014261198098651046,0.04708560214598389,-0.0470838443540822
231,62.5,-0.04708054669032427,7.651590055496167e-9,8.747336769266499e-5,0.00016309264549715284,0.04708054669032427,-0.04708395381210297
232,25.0,-0.047072995405656896,1.9555295337158054e-7,0.00044221369649930626,0.00011227046818976481,0.047072995405656896,-0.04708890134148211
233,62.5,-0.047071054192392735,4.683973324732443e-8,0.00021642489054479023,0.000690900041065594,0.047071054192392735,-0.04708253539744059
234,25.0,-0.04708414900301871,1.0249667888790196e-7,0.00032015102512392797,9.888071826874673e-5,0.04708414900301871,-0.04708738120371336
235,62.5,-0.04708914935091585,1.4423090729213836e-8,0.00012009617283333319,0.00036128971716847575,0.04708914935091585,-0.04708409595319966
236,25.0,-0.04708926750059683,3.9578514683107214e-8,0.00019894349620710704,0.0001775856505760936,0.04708926750059683,-0.04708557071774191
237,62.5,-0.047084475066425734,7.880352812542864e-9,8.877135130515286e-5,8.978287241501375e-5,0.047084475066425734,-0.04708434214540656
238,156.25,-0.04708384834785896,4.950051687678782e-9,7.035660372473065e-5,0.0004950730392388006,0.04708384834785896,-0.04708356921113062
239,62.5,-0.0470781282491222,8.425346706625598e-9,9.178968736533313e-5,0.00011673040618044135,0.0470781282491222,-0.047084376365093494
240,25.0,-0.047077160136376556,6.977226997152361e-9,8.352979706160168e-5,9.551999794575779e-5,0.047077160136376556,-0.047083996829349876
241,62.5,-0.04707821494508051,2.9841674563116003e-9,5.4627533866280296e-5,0.0001625571728182885,0.04707821494508051,-0.04708371246356197
242,25.0,-0.047083329152157155,1.2811395702137299e-8,0.00011318743614967741,0.00013294845761318698,0.047083329152157155,-0.04708421019918718
243,62.5,-0.04708412380847631,2.587128915335279e-9,5.0863827179394185e-5,3.8268902186628376e-5,0.04708412380847631,-0.047084051409949375
244,156.25,-0.04708341036626869,1.6206241880028981e-9,4.025697688603676e-5,0.00013167215606817154,0.04708341036626869,-0.047083705045872504
245,62.5,-0.04708401593140213,4.387495563404151e-9,6.623817300774645e-5,4.0767396947911055e-5,0.04708401593140213,-0.04708403508825384
246,156.25,-0.04708454087919834,1.2872085843981692e-9,3.587768922879746e-5,0.0001599926796696886,0.04708454087919834,-0.04708386332354052
247,62.5,-0.047084026054469014,4.835271416449261e-9,6.953611591431651e-5,4.547725385391193e-5,0.047084026054469014,-0.04708417254309239
248,156.25,-0.047084951170366596,1.3595284196441342e-9,3.687178351591002e-5,0.0002955310121675461,0.047084951170366596,-0.047083787498560514
249,62.5,-0.047084870364584135,4.124406920299815e-9,6.422154560815097e-5,2.7668304308652485e-5,0.047084870364584135,-0.047084163063037164
250,156.25,-0.04708469247224427,1.0967410147511768e-9,3.311708040801871e-5,0.00010617907873240394,0.04708469247224427,-0.04708366432905562
251,62.5,-0.047085218728932995,4.223122011940552e-9,6.498555233234963e-5,2.943434825819265e-5,0.047085218728932995,-0.047084173898222774
252,156.25,-0.04708526853077486,1.5571350474607676e-9,3.9460550521511575e-5,0.0002486784029367456,0.04708526853077486,-0.047083588691883595
253,62.5,-0.04708628175414706,1.7504304177459762e-9,4.18381454864574e-5,0.0002281043406010919,0.04708628175414706,-0.0470833350143581
254,25.0,-0.04708596692199868,2.865500218341674e-8,0.00016927788450774289,3.813990702049254e-5,0.04708596692199868,-0.047084840046756685
255,62.5,-0.047085024945569,8.669371629269049e-9,9.310946047136697e-5,0.00018233489417921953,0.047085024945569,-0.04708338495083915
256,25.0,-0.0470818409658321,3.147781553836282e-8,0.0001774198848448584,0.0001538173414781944,0.0470818409658321,-0.04708478662886386
257,62.5,-0.04708366015222401,6.558695877345292e-9,8.098577577170755e-5,0.00033738296239480356,0.04708366015222401,-0.047083769621452866
258,25.0,-0.04708260037748441,3.460959879402412e-8,0.00018603655230632531,6.860434940398507e-5,0.04708260037748441,-0.047084893682774895
259,62.5,-0.04708142617329698,1.1737795369366018e-8,0.00010834110655409617,0.0005497283846000138,0.04708142617329698,-0.0470830426107987
260,25.0,-0.04708596063829699,6.096552239642437e-8,0.00024691197297098486,3.248523418612559e-5,0.04708596063829699,-0.04708578187261876
261,62.5,-0.04708220557769117,1.763636131414095e-8,0.00013280196276464046,0.00036524959721571476,0.04708220557769117,-0.047082712370838956
262,25.0,-0.04708754293747414,9.033934156292827e-8,0.0003005650371598937,9.75576245973124e-5,0.04708754293747414,-0.04708627901863375
263,62.5,-0.047083710009649685,3.7285680888180396e-8,0.0001930950048245174,0.00045376234387511363,0.047083710009649685,-0.047080937733943284
264,25.0,-0.04708480639365635,1.7586313131046867e-7,0.0004193603835729702,0.00012601291294039147,0.04708480639365635,-0.0470889703414291
265,62.5,-0.04709076461987481,4.3877376848747855e-8,0.0002094692742355018,0.0005628238459860255,0.04709076461987481,-0.04708087521728418
266,25.0,-0.04707897613755785,1.6163704585997702e-7,0.0004020410997149135,0.0002100371081252394,0.04707897613755785,-0.04708822864484855
267,62.5,-0.04707147294135771,5.1673136070154815e-8,0.0002273172586280127,0.0006651008644459026,0.04707147294135771,-0.04708006761400776
268,25.0,-0.04708187128685918,2.0690110763196024e-7,0.0004548638341657427,0.00010915019721726877,0.04708187128685918,-0.0470897445550506
269,62.5,-0.04708592903881885,3.562244288462549e-8,0.00018873908679609925,0.0005210924350493279,0.04708592903881885,-0.04708146331635168
270,25.0,-0.04708667754461678,9.47001592838619e-8,0.000307733909869975,0.00018572355630442586,0.04708667754461678,-0.047086346185166356
271,62.5,-0.0470859625423318,4.995489167656015e-9,7.067877452004962e-5,0.00010697568353345146,0.0470859625423318,-0.04708386938890577
272,25.0,-0.047086361241209324,4.95941505747047e-8,0.0002226974417785366,9.653364981692362e-5,0.047086361241209324,-0.04708626347806765
273,62.5,-0.047083105740601656,2.6129762503324507e-8,0.00016164703060472379,0.00048101457766135065,0.047083105740601656,-0.04708366512507803
274,25.0,-0.04708193451724779,4.137147696372456e-8,0.00020339979587925982,0.00010687109959519346,0.04708193451724779,-0.047085337537075805
275,62.5,-0.04708293151861519,5.5910433355730586e-9,7.477327955608914e-5,0.00020067756244055048,0.04708293151861519,-0.047084013088300486
276,25.0,-0.04708220451752308,2.680091944298628e-8,0.0001637098636093326,0.00010622761267728797,0.04708220451752308,-0.04708492092984831
277,62.5,-0.0470811220510146,6.264321597536289e-9,7.914746741075351e-5,0.00031661970268936636,0.0470811220510146,-0.04708397767773667
278,25.0,-0.04708523910449365,1.5078225324802705e-8,0.00012279342541358923,0.00016525433683438627,0.04708523910449365,-0.04708420103983405
279,10.0,-0.047093216004941395,1.1818935663239167e-7,0.0003437867894966176,0.00021825453433787297,0.047093216004941395,-0.047085278458493356
280,25.0,-0.047089093721339965,3.5417188075454184e-8,0.00018819454847432266,0.00020770653370851515,0.047089093721339965,-0.04708392493914509
281,62.5,-0.047086980895878185,5.625354547341381e-9,7.500236361169814e-5,0.00022762987168932505,0.047086980895878185,-0.04708452080895925
282,25.0,-0.04708056183815235,1.18827945839976e-8,0.00010900823172585454,7.875200761591823e-5,0.04708056183815235,-0.04708460535644908
283,62.5,-0.04708049614164381,2.0639803642832716e-9,4.543105066233084e-5,3.370511920173037e-5,0.04708049614164381,-0.047084245393336034
284,156.25,-0.04708260353479416,1.634296009573769e-9,4.042642711857887e-5,0.00010332795277252024,0.04708260353479416,-0.04708388948651977
285,62.5,-0.047085611991255175,2.005790843380168e-9,4.4786056349941865e-5,0.0001465728253481909,0.047085611991255175,-0.04708358832904474
286,25.0,-0.047092126671129025,7.651723632738075e-8,0.0002766174910004441,0.00020583665354230674,0.047092126671129025,-0.04708567234333977
287,62.5,-0.04708987837776605,7.770117924038687e-8,0.0002787493125379628,0.0010440453150223935,0.04708987837776605,-0.04707897743401587
288,25.0,-0.04708449316275402,1.4902996658345502e-7,0.0003860439956578201,0.0003544686133144007,0.04708449316275402,-0.0470884666869265
289,62.5,-0.04708348856078267,2.0750641428131628e-8,0.0001440508293212213,0.00013148236240993234,0.04708348856078267,-0.04708335501342993
290,156.25,-0.04708353946843494,3.2546914958653486e-9,5.7049903557020574e-5,6.290871919340808e-5,0.04708353946843494,-0.04708415105473455
291,200.0,-0.047084366272920244,2.0226232697861933e-9,4.4973584133201944e-5,0.0002839178360968838,0.047084366272920244,-0.04708332497451325
292,80.0,-0.047084846046189455,3.929131926308323e-9,6.268278811849647e-5,7.305529001640671e-5,0.047084846046189455,-0.04708407175613365
293,200.0,-0.047084999494485864,2.1192320369668117e-9,4.6035117431878155e-5,0.0005883549257356785,0.047084999494485864,-0.047083371519648774
294,80.0,-0.047084966103078954,1.3016232792520326e-8,0.00011408870580614158,0.00016745981576565122,0.047084966103078954,-0.04708497760514805
295,32.0,-0.04708539331492885,1.2211065510708469e-8,0.0001105036900320911,0.00025103657941951595,0.04708539331492885,-0.04708358658492491
296,12.8,-0.04708065994190362,5.98527130869368e-7,0.0007736453521280716,9.937841135912666e-5,0.04708065994190362,-0.04709251370821348
297,32.0,-0.04708688463831048,7.780097438972484e-8,0.0002789282602923641,0.0001647720051685047,0.04708688463831048,-0.047083350409931606
298,80.0,-0.047084807434811034,4.4068731014428014e-8,0.00020992553683253502,0.0008508744896427239,0.047084807434811034,-0.04707862992323118
299,32.0,-0.04707652857139362,1.9955726776944145e-7,0.00044671833157980146,0.00021570508147498971,0.04707652857139362,-0.047090103947483045
300,80.0,-0.047074817285287875,9.016053856475899e-8,0.00030026744506316195,0.0011434677240603607,0.047074817285287875,-0.04707545296314719
301,32.0,-0.047101306250515576,3.393594252052587e-7,0.0005825456421648511,0.00105242443440559,0.047101306250515576,-0.04709439607637013
302,12.8,-0.04707460503966509,3.743569355681728e-7,0.0006118471504944456,0.00046530497876337486,0.04707460503966509,-0.04708865550837518
303,32.0,-0.047077105054510904,6.727314521493746e-8,0.0002593706714625566,0.00010948984966554805,0.047077105054510904,-0.047083529034719
304,80.0,-0.047078735711467604,1.9299545322118356e-8,0.00013892280346335643,0.0007657252587831298,0.047078735711467604,-0.04708144819705616
305,32.0,-0.04708930162201874,2.168384287732276e-7,0.00046565913367314893,0.0002212038036720846,0.04708930162201874,-0.047090337246978003
306,80.0,-0.047093292794375054,4.043129137095154e-8,0.00020107533755026134,0.0007698023296960815,0.047093292794375054,-0.047080915071377634
307,32.0,-0.04708724972192311,1.3758956482625646e-7,0.00037093067388159804,0.0005508700058470443,0.04708724972192311,-0.047085618054297715
308,12.8,-0.04706878514509581,2.0187722753317416e-7,0.0004493074977486734,0.00033039874359886036,0.04706878514509581,-0.04708566114669
309,32.0,-0.04706672770897937,3.180022438325816e-8,0.00017832617413957537,0.00028201081845940183,0.04706672770897937,-0.047083562252196155
310,12.8,-0.047072786902780876,9.277854891170378e-7,0.0009632162213734971,0.00018129963144275217,0.047072786902780876,-0.04709539104148141
311,32.0,-0.04709727390188519,7.254605996936012e-7,0.0008517397488045284,0.0020233499223439935,0.04709727390188519,-0.047059944957184435
312,12.8,-0.04708576597042527,9.070982291436619e-7,0.0009524170458069626,0.00010559720466273999,0.04708576597042527,-0.04709323865345832
313,32.0,-0.04707729839383096,1.2319184354161494e-7,0.0003509869563696277,0.000739066704030438,0.04707729839383096,-0.04707918499427558
314,12.8,-0.0470674323676749,3.033216550457076e-6,0.0017416132034573796,8.443689032343182e-5,0.0470674323676749,-0.04712501971185427
315,32.0,-0.04707346336495496,2.2507458957819378e-7,0.0004744202668290993,0.0004061234405547312,0.04707346336495496,-0.04707746529293749
316,80.0,-0.04708355476215874,4.726165144023863e-8,0.0002173974503995818,0.000692459527804154,0.04708355476215874,-0.047081151599995014
317,32.0,-0.04709138137473688,1.2164978034274622e-7,0.00034878328564130794,0.00031127897067430294,0.04709138137473688,-0.04708771031410594
318,80.0,-0.047086381461593954,3.008745344784637e-8,0.0001734573533980222,0.0007044806317163653,0.047086381461593954,-0.04708141298516464
319,32.0,-0.04709078559019759,3.7947223835420315e-8,0.00019480047185625683,0.0005344316475573784,0.04709078559019759,-0.047078909371420626
320,12.8,-0.04704978252737532,1.489886227579819e-6,0.0012206089576845727,0.0004106052144306888,0.04704978252737532,-0.04710502931637915
321,32.0,-0.04701911809567708,9.265143543557011e-7,0.0009625561564686505,0.003114562266796753,0.04701911809567708,-0.04705446312096406
322,12.8,-0.04715554568825011,2.3188932405559657e-6,0.0015227912662462856,0.0005869598395868783,0.04715554568825011,-0.04710377060955651
323,32.0,-0.04715977013774665,3.974416365439797e-7,0.0006304297237154826,0.0018318682283139335,0.04715977013774665,-0.04706117214386062
324,12.8,-0.04706459627379284,4.312651280971032e-6,0.002076692389587594,0.0005003697641436477,0.04706459627379284,-0.04714184698035479
325,32.0,-0.04705184666074534,2.653455233980284e-7,0.0005151169997175674,0.0004118014382883072,0.04705184666074534,-0.04707712408789537
326,80.0,-0.047060357220420845,4.201484134598804e-8,0.0002049752212975706,0.001113003807810952,0.047060357220420845,-0.04708088769743
327,32.0,-0.04709691562476281,3.444600956457447e-7,0.0005869072291646651,0.00029249634897860307,0.04709691562476281,-0.04709584017147082
328,80.0,-0.047103691596075824,1.0300601239232697e-7,0.0003209454975417586,0.001415184854629628,0.047103691596075824,-0.04707670986478296
329,32.0,-0.047082368016990006,2.617920156309178e-7,0.000511656149802695,0.0001621535824297121,0.047082368016990006,-0.04709327568661989
330,80.0,-0.0470777388209497,1.8706128096130878e-8,0.00013677034801495125,0.00015799577379634947,0.0470777388209497,-0.047083345476096786
331,200.0,-0.04707927659340664,9.410587134140063e-9,9.700818075884148e-5,0.0007857800915321123,0.04707927659340664,-0.04707998299374291
332,80.0,-0.04708089525023178,5.0391644040952446e-8,0.00022448083223507626,8.631240438918864e-5,0.04708089525023178,-0.047087226867625585
333,200.0,-0.0470828805142814,1.3730234607342113e-8,0.00011717608376858356,0.0010004136856162917,0.0470828805142814,-0.047079320181113445
334,80.0,-0.047083934466885,6.18013726143957e-8,0.00024859881861021726,0.0002582370924241542,0.047083934466885,-0.047088739058560196
335,200.0,-0.047084126417994705,2.105217671111768e-9,4.588265109070931e-5,0.00011150820813964135,0.047084126417994705,-0.047083405520221486
336,80.0,-0.04708326016953174,1.1793932934831536e-8,0.00010859987539049728,0.00012125465422128018,0.04708326016953174,-0.04708441509435058
337,200.0,-0.04708320757672303,1.7348544296485065e-9,4.165158375918623e-5,0.0004530824568326129,0.04708320757672303,-0.047084329761195524
338,80.0,-0.047083083440407084,3.8394899913857985e-9,6.196361828836174e-5,0.00016204025835566782,0.047083083440407084,-0.047084364967861544
339,32.0,-0.047083469999134174,7.117054991328543e-8,0.0002667780911418429,0.00024625918298159383,0.047083469999134174,-0.04708843545010522
340,80.0,-0.04708230279555724,2.4726039494855817e-8,0.00015724515730176182,0.00021843187776873232,0.04708230279555724,-0.04708508665376779
341,32.0,-0.04708259023989974,1.2517394364806233e-8,0.00011188116179592627,0.00018677954544518328,0.04708259023989974,-0.04708487812192502
342,12.8,-0.047084208983549855,1.8115755691514548e-8,0.0001345947832997793,0.00012463547976406672,0.047084208983549855,-0.04708472037870267
343,32.0,-0.047084240040608204,5.77501440067352e-9,7.599351551726976e-5,8.778332781585703e-5,0.047084240040608204,-0.0470844349698335
344,80.0,-0.04708362063807657,4.8737502875605595e-9,6.98122502685636e-5,5.690578065519541e-5,0.04708362063807657,-0.047084495766887835
345,200.0,-0.047083479106955026,2.314181430258851e-9,4.810593965674978e-5,0.00018982756680524567,0.047083479106955026,-0.04708410749812093
346,80.0,-0.04708343295196969,2.726748286070553e-9,5.221827540306701e-5,7.327998917153636e-5,0.04708343295196969,-0.04708411024855584
347,32.0,-0.04708369551457968,1.5889524046827154e-8,0.00012605365542826257,0.00022023394833498838,0.04708369551457968,-0.047084692833905616
348,12.8,-0.047087551903149824,1.7652458561484554e-8,0.00013286255515187323,0.0001639857306187275,0.047087551903149824,-0.047084125562793025
349,32.0,-0.047085289948584734,1.1261269249996094e-8,0.00010611912763491836,0.00023564748459937892,0.047085289948584734,-0.047084146544889814
350,12.8,-0.04711119915762104,8.437811740806658e-7,0.0009185756224071406,0.00010408542609423968,0.04711119915762104,-0.04709553870370863
351,32.0,-0.04711331383324204,1.6215552126061125e-7,0.00040268538744361117,0.0002264769055417074,0.04711331383324204,-0.04707928131447934
352,80.0,-0.04709695383862789,2.6909288771382375e-8,0.00016404050954377816,0.00029203672209552836,0.04709695383862789,-0.04708542303549679
353,32.0,-0.04706878685547742,2.9866025067283495e-8,0.00017281789568005825,0.00028637215856683015,0.04706878685547742,-0.047084249211088065
354,12.8,-0.04704360161165566,4.505538872620833e-8,0.00021226254668737095,0.00013133214113888368,0.04704360161165566,-0.0470842540165523
355,32.0,-0.04706516004664438,1.7712833843212892e-8,0.00013308957075298158,0.00022913780042196636,0.04706516004664438,-0.04708315300385102
356,12.8,-0.04708324999046334,2.5730914528358826e-7,0.000507256488655974,0.00022380862300879907,0.04708324999046334,-0.04708771617862382
357,32.0,-0.047088262237875225,6.044097584061095e-8,0.0002458474645803998,0.00011812267484427532,0.047088262237875225,-0.047084142244391454
358,80.0,-0.047086272793223055,8.330474284937163e-9,9.127143192115024e-5,0.00014674263239724479,0.047086272793223055,-0.047084048834918936
359,32.0,-0.0470800678721155,1.7940039577732172e-8,0.00013394043294588895,0.0001795277781923814,0.0470800678721155,-0.047084759353851535
360,12.8,-0.04707674288291084,1.956255014022548e-8,0.0001398661865506652,0.00015789685990138546,0.04707674288291084,-0.04708436250960855
361,32.0,-0.047077914897587794,7.770613666146828e-9,8.815108431634194e-5,0.00019981676517383614,0.047077914897587794,-0.04708401281308719
362,12.8,-0.04708351163676219,1.2862561571416618e-7,0.0003586441352011297,4.539748343282774e-5,0.04708351163676219,-0.04708549157208666
363,32.0,-0.047082741607752686,6.138087950697783e-8,0.00024775164884815163,0.00039025147114128195,0.047082741607752686,-0.04708157862747326
364,12.8,-0.047079369451293346,3.8624593600033085e-7,0.0006214868751633705,0.0002727615692707757,0.047079369451293346,-0.04708970507647297
365,32.0,-0.047086435560997925,8.725306764509108e-8,0.0002953863023992329,0.00045577508138097195,0.047086435560997925,-0.047081662206756095
366,12.8,-0.047082886411357334,1.5362732453574354e-7,0.0003919532172794906,0.0006122426930007243,0.047082886411357334,-0.04708039051032609
367,5.120000000000001,-0.047066999898578224,1.8971448816402782e-6,0.0013773688255657155,0.0006590202869793429,0.047066999898578224,-0.04709117403711527
368,12.800000000000002,-0.0470962642082327,5.798525674381175e-7,0.0007614805102155389,0.0003312524932568976,0.0470962642082327,-0.047078161110660176
369,32.00000000000001,-0.04707718402033583,1.246118651388611e-7,0.0003530040582470138,0.0005968936799865182,0.04707718402033583,-0.0470850831177469
370,12.800000000000004,-0.04708274519714656,1.9029845200447877e-7,0.0004362321079476828,0.000347033619091081,0.04708274519714656,-0.047083852597298345
371,32.00000000000001,-0.04708130351184887,3.987166740025988e-8,0.00019967891075489138,9.619374210863253e-5,0.04708130351184887,-0.047084937752757745
372,80.00000000000001,-0.04707539629287189,1.3331215820908889e-8,0.00011546088437609029,0.0009379568867327138,0.04707539629287189,-0.04708278364792812
373,32.00000000000001,-0.047087443321012425,8.141994146571769e-8,0.00028534179761422563,0.00024369319299356803,0.047087443321012425,-0.047086135003473764
374,80.00000000000001,-0.04708951132372755,1.0071613245527526e-8,0.00010035742745570717,0.0006755723174600033,0.04708951132372755,-0.04708275432710996
375,32.00000000000001,-0.047084319874092936,5.234021016167688e-8,0.00022877982900963294,9.798461014695578e-5,0.047084319874092936,-0.047085001156683466
376,80.00000000000001,-0.047082887203743276,3.14034649432799e-9,5.603879454742036e-5,7.4285473951442e-5,0.047082887203743276,-0.047083222911111965
377,32.00000000000001,-0.04708173488083213,1.1944320613609084e-8,0.00010929007554947102,0.00017628778236799435,0.04708173488083213,-0.047084297001298014
378,12.800000000000004,-0.04708239211094155,3.01293996675934e-8,0.00017357822348322788,8.851475440519647e-5,0.04708239211094155,-0.047084461201455104
379,32.00000000000001,-0.04708411651337645,4.473980120981874e-9,6.688781743323574e-5,0.00016415476315962633,0.04708411651337645,-0.04708415345080193
380,12.800000000000004,-0.047085330498741834,2.2687112437143921e-7,0.00047630990370917044,7.923076548510805e-5,0.047085330498741834,-0.04708769261807699
381,32.00000000000001,-0.04709452073531273,1.7018713779856089e-7,0.00041253743805691245,0.0009596511995522629,0.04709452073531273,-0.04707932028736589
382,12.800000000000004,-0.0470716798581516,2.1299002525907322e-7,0.0004615084238224403,0.00036147525186948576,0.0470716798581516,-0.047085670596343054
383,32.00000000000001,-0.047072683738259485,7.811236873550662e-8,0.00027948590078124983,0.0008662836833767854,0.047072683738259485,-0.04708065044183035
384,12.800000000000004,-0.047082957799587606,4.0139625667028486e-7,0.000633558408254744,0.0003641155060662414,0.047082957799587606,-0.047087919738256365
385,32.00000000000001,-0.04708867485216496,4.299348917086278e-8,0.0002073487139358785,0.00015415265744279797,0.04708867485216496,-0.047082464897958
386,80.00000000000001,-0.047084089097605114,1.1022384610886767e-8,0.00010498754502743059,0.0002599601460693455,0.047084089097605114,-0.0470836424307348
387,32.00000000000001,-0.04707941728244074,2.9566972185900806e-8,0.00017195049341569454,0.00016168188981091126,0.04707941728244074,-0.0470849133796994
388,80.00000000000001,-0.04708068108202908,9.009174356976625e-9,9.49166705957211e-5,0.0003041041843825778,0.04708068108202908,-0.04708347287270317
389,32.00000000000001,-0.047085198138922035,1.3333017505903606e-8,0.00011546868625693984,0.00023364235567457995,0.047085198138922035,-0.0470831655259428
390,12.800000000000004,-0.04707648299312053,3.039400253680099e-7,0.0005513075596869772,0.00032746434797392346,0.04707648299312053,-0.047088497561890603
391,32.00000000000001,-0.04708245103298291,1.2039824133503432e-7,0.0003469844972546098,0.00027183255363672957,0.04708245103298291,-0.04708133148518037
392,80.00000000000001,-0.047082321939283696,3.410107081647445e-8,0.0001846647525015926,0.000902494779490267,0.047082321939283696,-0.047081247702244075
393,32.00000000000001,-0.04708178272891508,1.0557251517338567e-7,0.00032491924407979545,0.0004910154568150818,0.04708178272891508,-0.04708560632607203
394,12.800000000000004,-0.047074876425834,2.3235283602436017e-7,0.0004820299119602021,0.0004116703796355513,0.047074876425834,-0.04708662005363737
395,32.00000000000001,-0.04707997497666968,4.4507079632597634e-8,0.00021096701076850293,0.0005324887374615633,0.04707997497666968,-0.047084778223241495
396,12.800000000000004,-0.04707717432496316,2.189284290074627e-7,0.0004678978830978643,0.00015996245211386017,0.04707717432496316,-0.047087586503585424
397,32.00000000000001,-0.04707779974517588,3.363378941068935e-8,0.0001833951728118528,0.000426554342366053,0.04707779974517588,-0.04708380571594061
398,12.800000000000004,-0.04708655520259473,1.121304650712615e-7,0.0003348588733649767,6.788543120371506e-5,0.04708655520259473,-0.04708511092852318
399,32.00000000000001,-0.04708603357383429,5.143430360149907e-8,0.00022679132170675992,0.0005719099833420185,0.04708603357383429,-0.04708194528303614
400,12.800000000000004,-0.04708688105273436,2.5730622340396153e-7,0.0005072536085667223,4.219700611168055e-5,0.04708688105273436,-0.04708625596083415
401,32.00000000000001,-0.047083946224203706,5.880948453376992e-8,0.00024250666905009007,0.00043097164555849055,0.047083946224203706,-0.047081111652191164
402,12.800000000000004,-0.04707154829005918,3.1488388350721124e-7,0.0005611451536877167,0.0003032545702324054,0.04707154829005918,-0.04708738027293824
403,32.00000000000001,-0.04707891770859828,3.383019853593595e-8,0.0001839298739627034,0.00021650494909294688,0.04707891770859828,-0.04708255675622794
404,80.00000000000001,-0.0470814968182307,5.358344572783526e-9,7.320071429148438e-5,0.00017269426349779215,0.0470814968182307,-0.047083735927791574
405,32.00000000000001,-0.04709164611232797,5.637375498072209e-9,7.508245799167879e-5,0.00018712729341329208,0.04709164611232797,-0.04708351092813504
406,12.800000000000004,-0.047089566113094034,3.401890650808901e-7,0.0005832572889222132,0.0001749564076977182,0.047089566113094034,-0.04708719923068995
407,32.00000000000001,-0.04708878754762739,1.7575800649682876e-7,0.0004192350253698142,0.0004852531829929678,0.04708878754762739,-0.04707663223770643
408,80.00000000000001,-0.047084192423165604,9.839022875633365e-8,0.0003136721676469458,0.001991889708489298,0.047084192423165604,-0.0470633603144008
409,32.00000000000001,-0.04707056982448616,9.130668594412021e-7,0.0009555453204538245,0.0008137000318772925,0.04707056982448616,-0.04711643270308189
410,80.00000000000001,-0.04706959424636539,2.933745348529673e-7,0.0005416405956471203,0.0032520864042587866,0.04706959424636539,-0.04706046401970642
411,32.00000000000001,-0.0470709864087172,5.499625231507883e-7,0.0007415945813925479,0.00154741375061293,0.0470709864087172,-0.04709587564608059
412,12.800000000000004,-0.04710704316519158,4.574231230947971e-7,0.0006763306314923176,0.0008844584915322809,0.04710704316519158,-0.047080647202748425
413,5.120000000000002,-0.04714376168349955,7.85887819605695e-7,0.0008865031413400039,0.0009506032818941212,0.04714376168349955,-0.0470778695072657
414,12.800000000000004,-0.04712389645174696,4.2352382692772774e-7,0.0006507870826374227,0.0022420565986823746,0.04712389645174696,-0.04707007109513721
415,5.120000000000002,-0.04702328800515081,2.157554195697904e-5,0.004644948003689497,0.0006042795703939547,0.04702328800515081,-0.04719214615210839
416,12.800000000000004,-0.047059093145974625,5.646464798699938e-6,0.00237622911325906,0.004650800501301529,0.047059093145974625,-0.047001368088164706
417,5.120000000000002,-0.04701376859698903,1.64238525228271e-5,0.00405263525657406,0.005450380367082544,0.04701376859698903,-0.04706359320209794
418,2.048000000000001,-0.04696892180853474,3.713366635013185e-5,0.006093739931284551,0.002340328314348758,0.04696892180853474,-0.04709662472726376
419,5.120000000000002,-0.04703357832456804,4.176240783157954e-6,0.0020435852767031657,0.001747270013858909,0.04703357832456804,-0.04705225545134146
420,12.800000000000004,-0.04710029759650543,1.6532448986632795e-6,0.0012857857125754973,0.0037876109385712297,0.04710029759650543,-0.04706117250665142
421,5.120000000000002,-0.047014925589207814,2.7866735136175716e-5,0.005278895257170359,0.0002561911168421127,0.047014925589207814,-0.04723255792490924
422,12.800000000000004,-0.04702181010216199,1.41855665806895e-6,0.0011910317619899774,0.0011114093791097551,0.04702181010216199,-0.047078158226159614
423,32.00000000000001,-0.047043106114118875,4.194120684653081e-7,0.0006476203119616525,0.0022175303314554084,0.047043106114118875,-0.04705926338568711
424,12.800000000000004,-0.04710993048088807,2.0179744165799075e-6,0.0014205542638631964,0.00020984797694765218,0.04710993048088807,-0.04710595360143257
425,32.00000000000001,-0.047098652758824903,1.9350649212503114e-7,0.0004398937282174311,0.0012713772211497996,0.047098652758824903,-0.047073777936367245
426,12.800000000000004,-0.04709899773929846,1.5750644611749454e-6,0.0012550157214851715,0.0015329828661321226,0.04709899773929846,-0.04709302392412651
427,32.00000000000001,-0.04709146205385643,2.1146643974204488e-7,0.0004598548028911353,0.0018292108011311757,0.04709146205385643,-0.04707188042295697
428,12.800000000000004,-0.047065042307970054,7.118007193402646e-7,0.0008436828310095356,0.0018144278116871797,0.047065042307970054,-0.04707814154054141
429,5.120000000000002,-0.04705303667489628,4.830796323383552e-6,0.002197907259959699,0.0008646703318341573,0.04705303667489628,-0.047103131559028344
430,12.800000000000004,-0.04705778724372404,9.587331762867942e-7,0.0009791492104305626,0.0006123933251368163,0.04705778724372404,-0.04707549937944131
431,32.00000000000001,-0.04707573987877168,1.8302392381310017e-7,0.0004278129542371294,0.0005888543400773656,0.04707573987877168,-0.047085100340554235
432,12.800000000000004,-0.04710069442313136,8.041987163324066e-7,0.0008967712731418233,0.0007602344087530757,0.04710069442313136,-0.04709659307140758
433,32.00000000000001,-0.047102129487317984,3.6440550303484525e-7,0.0006036600889862152,0.0032080325329761623,0.047102129487317984,-0.047074779457597186
434,12.800000000000004,-0.04709760074426452,7.832447892612706e-7,0.0008850111803029782,0.0013185013254067013,0.04709760074426452,-0.047095376877768345
435,5.120000000000002,-0.04704519692472292,5.996418854341372e-7,0.0007743654727802223,0.0006483979263164,0.04704519692472292,-0.047086815097039346
436,12.800000000000004,-0.047059188727572754,2.0972417181513468e-7,0.00045795651738471274,0.0002458064914951388,0.047059188727572754,-0.047086133123891566
437,32.00000000000001,-0.04707495024926636,3.965399166317833e-8,0.00019913310037052688,0.00022152446756043082,0.04707495024926636,-0.04708420197132628
438,80.00000000000001,-0.047083051158363344,9.14161631082483e-9,9.561180006058263e-5,0.00015419162179107146,0.047083051158363344,-0.047084446746779036
439,32.00000000000001,-0.04708960512402466,2.2940157010480828e-8,0.0001514600838850977,0.0002038401112601738,0.04708960512402466,-0.0470845053164096
440,12.800000000000004,-0.04709684681113032,1.9871693600675988e-8,0.00014096699472101968,0.00024759093822669735,0.04709684681113032,-0.04708389550591416
441,5.120000000000002,-0.047102254641611496,5.073479887476113e-8,0.00022524386534323446,0.00013271712000052124,0.047102254641611496,-0.04708406673058598
442,12.800000000000004,-0.04709774176626439,2.4367421034611183e-8,0.00015610067595821353,0.0003030883808904904,0.04709774176626439,-0.047083557015563736
443,5.120000000000002,-0.047070758393480176,1.3388230113972959e-7,0.00036589930464504795,0.00017982753946090607,0.047070758393480176,-0.047084427179940894
444,12.800000000000004,-0.04706965423620743,2.439902087493406e-8,0.0001562018593837284,0.0005525322826811266,0.04706965423620743,-0.04708357293899081
445,5.120000000000002,-0.0470752193257591,1.4829902818713466e-7,0.0003850961285018776,0.00015992232255689485,0.0470752193257591,-0.04708445691237213
446,12.800000000000004,-0.04707979771459606,1.86324345621242e-8,0.00013650067605006284,7.507334064938745e-5,0.04707979771459606,-0.04708392190668925
447,32.00000000000001,-0.04708280368378205,7.904392831008123e-9,8.890665234395074e-5,0.00014523355018129525,0.04708280368378205,-0.04708374332968789
448,12.800000000000004,-0.0470896837952628,2.3781872315187483e-7,0.00048766661065924413,0.0001767854240526665,0.0470896837952628,-0.047087860507008084
449,32.00000000000001,-0.047085973106157676,3.680017459355804e-8,0.0001918337159978872,0.0005274916258351403,0.047085973106157676,-0.047083664017595284
450,12.800000000000004,-0.04708101080788615,7.415223288713025e-8,0.0002723090760278295,0.0003664765278656321,0.04708101080788615,-0.04708376828525024
451,5.120000000000002,-0.04708369504657384,1.2198330530660934e-7,0.0003492610847297611,0.0002340747642532494,0.04708369504657384,-0.04708394210575033
452,12.800000000000004,-0.04708351266821016,1.7468374384254053e-8,0.00013216797790786562,7.607967570767002e-5,0.04708351266821016,-0.04708357715583785
453,32.00000000000001,-0.04708365804802647,9.671034709841542e-9,9.834141909613437e-5,0.00022171971809945736,0.04708365804802647,-0.04708320497257917
454,12.800000000000004,-0.04708577895828906,2.373136800052111e-7,0.00048714851945296016,8.356112526015486e-5,0.04708577895828906,-0.047087303147638836
455,32.00000000000001,-0.047088067937905556,7.564988588949444e-8,0.0002750452433500613,0.00012123115950214663,0.047088067937905556,-0.047082296316154994
456,80.00000000000001,-0.047090928032138296,4.7643807127046565e-8,0.0002182746140233595,0.0010667842085870355,0.047090928032138296,-0.04707661346018999
457,32.00000000000001,-0.04707423357181904,2.8155680880990877e-7,0.0005306192691656691,0.0005062652479130818,0.04707423357181904,-0.04709351296987042
458,80.00000000000001,-0.04707476581565638,3.598319709439078e-8,0.00018969237489786136,0.000271383273551686,0.04707476581565638,-0.047081285142957584
459,32.00000000000001,-0.047067240366432284,1.1905450651658254e-7,0.00034504276041757856,0.0009986181504377798,0.047067240366432284,-0.04708570129981261
460,12.800000000000004,-0.04709810317712925,1.9888024183027172e-7,0.0004459599105640234,0.0003626634340789871,0.04709810317712925,-0.047087347676234424
461,32.00000000000001,-0.04710051912103036,3.6310325038743763e-8,0.00019055268310560144,0.000126986458544347,0.04710051912103036,-0.04708405739243372
462,80.00000000000001,-0.04709344412766311,7.723968947107825e-9,8.788611350553524e-5,0.0004233049195857323,0.04709344412766311,-0.04708330069973124
463,32.00000000000001,-0.04707503203768952,3.358723569292459e-8,0.00018326820698889534,0.0005051263245482275,0.04707503203768952,-0.047084394164426724
464,12.800000000000004,-0.047049697614268395,3.65446283784683e-8,0.0001911664938697896,0.00019833413864653494,0.047049697614268395,-0.04708364648107998
465,32.00000000000001,-0.04706202557002728,1.4342954854259088e-8,0.00011976207602684202,0.0004479164288371075,0.04706202557002728,-0.047083021324543395
466,12.800000000000004,-0.047082913258479894,5.487137357017329e-7,0.0007407521418812996,0.00012001239690621867,0.047082913258479894,-0.04709085916411261
467,32.00000000000001,-0.04708450931348962,1.0930670912499966e-7,0.0003306156516636798,0.0007476469594732482,0.04708450931348962,-0.04708015071686131
468,12.800000000000004,-0.047092975997247065,4.485169970297806e-7,0.0006697141158955668,0.0006953492619561485,0.047092975997247065,-0.04708671751623854
469,32.00000000000001,-0.04709119790623442,8.635198479818914e-8,0.00029385708226651463,0.0006453015818558032,0.04709119790623442,-0.04708040433566806
470,12.800000000000004,-0.047078244760557754,6.750536506190605e-7,0.0008216164863359671,0.0005428973337726401,0.047078244760557754,-0.047093373090248414
471,32.00000000000001,-0.04707162817646189,1.665508491837883e-7,0.0004081064189446036,0.0016987512879424167,0.04707162817646189,-0.04707888382599511
472,12.800000000000004,-0.04709037487661152,6.005240864306912e-7,0.0007749348917365195,0.0003655381533316376,0.04709037487661152,-0.04708974306524707
473,32.00000000000001,-0.047090925135010134,3.4314495930044804e-8,0.00018524172297310561,0.00020884218319733566,0.047090925135010134,-0.04708433799421794
474,80.00000000000001,-0.0470833864171729,1.139307407967481e-8,0.00010673834399912155,0.0004361995952033282,0.0470833864171729,-0.04708343954119439
475,32.00000000000001,-0.04708117257969237,7.581835133924506e-8,0.00027535132347465674,0.0001679395270355026,0.04708117257969237,-0.04708623364764638
476,80.00000000000001,-0.047085849234297136,2.8689485898962322e-8,0.00016937970923036302,0.0009915735806366622,0.047085849234297136,-0.047081396097946746
477,32.00000000000001,-0.04708400026110197,1.7802158658082186e-7,0.0004219260439707673,0.00048361300144822227,0.04708400026110197,-0.047088540271168246
478,80.00000000000001,-0.047079446083112465,4.120096140056792e-8,0.00020298019952834788,0.0008633745678542241,0.047079446083112465,-0.04707991945433178
479,32.00000000000001,-0.04708410386954409,2.5868978664477446e-7,0.0005086155587914849,0.00029814770040288377,0.04708410386954409,-0.04709234370045113
480,80.00000000000001,-0.04709003716012056,3.095646245848709e-8,0.0001759444868658495,0.0006305049381866373,0.04709003716012056,-0.04708180485428407
481,32.00000000000001,-0.047084940924991055,1.3714404619384967e-7,0.00037032964530786576,8.241686535617253e-5,0.047084940924991055,-0.047088351524127055
482,80.00000000000001,-0.04708149483986036,2.953600108772225e-8,0.00017186041163607822,0.0006809075712488614,0.04708149483986036,-0.04708151371450774
483,32.00000000000001,-0.0470828738065733,1.36969586678465e-7,0.0003700940241053143,0.00027371163325593266,0.0470828738065733,-0.0470881154726622
484,80.00000000000001,-0.04708832388038406,3.014200573513559e-8,0.00017361453203904216,0.0007078186159072316,0.04708832388038406,-0.04708120249992557
485,32.00000000000001,-0.04708493148344506,1.5085312216175563e-7,0.0003883981490194767,0.0003540031224842242,0.04708493148344506,-0.047088811077767107
486,80.00000000000001,-0.04707235493811902,7.216846621265208e-8,0.0002686418921401725,0.002638022821985792,0.04707235493811902,-0.04707797423499235
487,32.00000000000001,-0.04708567644400434,3.478383905578832e-7,0.0005897782554128994,0.0006791810734021887,0.04708567644400434,-0.04709608885347631
488,80.00000000000001,-0.047090226623551334,1.1376091504247317e-7,0.00033728462022818823,0.002444517961494966,0.047090226623551334,-0.047075936635266186
489,32.00000000000001,-0.04708289158258423,5.64178035549003e-7,0.0007511178572960458,0.0012205479157701166,0.04708289158258423,-0.04709933688700781
490,12.800000000000004,-0.047059541919430924,4.24515008177703e-7,0.0006515481625925309,0.0016136139322509766,0.047059541919430924,-0.04707911180190094
491,5.120000000000002,-0.04706044525550521,8.11207985640405e-7,0.0009006708531091727,0.001780794026086786,0.04706044525550521,-0.04707899277316467
492,2.048000000000001,-0.04715805383061325,3.454877679325593e-5,0.005877820752052237,0.001956246017563182,0.04715805383061325,-0.04713923454865149
493,5.120000000000002,-0.047226293492049744,8.760214573795947e-6,0.0029597659660513614,0.002067992689051704,0.047226293492049744,-0.047037998441987604
494,12.800000000000004,-0.04720993551497996,2.636270559149105e-6,0.0016236596192395452,0.003974116383380039,0.04720993551497996,-0.0470409183880473
495,5.120000000000002,-0.046887379815170806,2.3356551312474464e-5,0.004832861607006191,0.0016417932744892253,0.046887379815170806,-0.04720293217799782
496,12.800000000000004,-0.046852350191225044,8.850906961841204e-6,0.002975047388167322,0.009117165640166791,0.046852350191225044,-0.04697761054573911
497,5.120000000000002,-0.04696372241775977,3.0274086696758115e-5,0.005502189263989209,0.004370568739634802,0.04696372241775977,-0.04716621769842567
498,12.800000000000004,-0.04703424310160189,2.2791903353763574e-6,0.0015096987564995731,0.0005703712742948906,0.04703424310160189,-0.04710677620329088
499,32.00000000000001,-0.04708682666616274,3.7156753056018886e-7,0.0006095633933892265,0.0015403437955120215,0.04708682666616274,-0.04709171344682428
500,12.800000000000004,-0.04721644189150798,4.105753981865998e-7,0.000640761576708997,0.0017831104071577579,0.04721644189150798,-0.04707699431583227
501,5.120000000000002,-0.04718475546017328,6.690697487567838e-6,0.002586638259897939,0.0008408110228352568,0.04718475546017328,-0.047115509934697826
502,12.800000000000004,-0.04707528375895804,1.112501673022241e-6,0.0010547519485747542,0.003203000416512933,0.04707528375895804,-0.04706979921762003
503,5.120000000000002,-0.04695107087105809,3.4364960972651685e-6,0.0018537788695702538,0.0022607942000441293,0.04695107087105809,-0.0470832289405238
504,12.800000000000004,-0.04700744342473437,3.6079978458297213e-7,0.00060066611739216,0.0016201070883608182,0.04700744342473437,-0.04708157463769424
505,5.120000000000002,-0.04718387964907719,6.263370991387768e-6,0.002502672769538153,0.0003711305818197643,0.04718387964907719,-0.047116720069882226
506,12.800000000000004,-0.047203550956841346,1.0493977823927e-6,0.001024401182346399,0.001803222353120809,0.047203550956841346,-0.047073670226928814
507,5.120000000000002,-0.0472100075034404,1.03869602650866e-6,0.0010191643765893018,0.0022743768878101507,0.0472100075034404,-0.047054894086040126
508,2.048000000000001,-0.04696235298706844,5.8549256266149887e-5,0.007651748575727635,0.001089852305523891,0.04696235298706844,-0.04720450539240505
509,5.120000000000002,-0.04692081032532645,3.0464401871533794e-6,0.0017454054506484673,0.00042130628463103704,0.04692081032532645,-0.047080960545016017
510,12.800000000000004,-0.04697934333513663,4.959360678673443e-7,0.000704227284239502,0.001131341747361883,0.04697934333513663,-0.04708187338192479
511,5.120000000000002,-0.04713967973744787,1.6080564387120897e-6,0.0012680916523312065,0.0007035253126852054,0.04713967973744787,-0.04709055621371398
512,12.800000000000004,-0.04721023044957607,1.1404537289080314e-6,0.0010679202820941419,0.0027758710876353756,0.04721023044957607,-0.047067053303808865
513,5.120000000000002,-0.04709904329843054,7.372934918494357e-6,0.0027153148838568167,0.0002832653622826067,0.04709904329843054,-0.047116065785695924
514,12.800000000000004,-0.047068837706069795,2.399721305360046e-7,0.0004898695035782536,0.0003752154988843651,0.047068837706069795,-0.04708159525961084
515,32.00000000000001,-0.04707152730207217,5.837370229937016e-8,0.00024160650301548208,0.00022841817936618424,0.04707152730207217,-0.04708216007317258
516,80.00000000000001,-0.047078917576239325,2.17210579443593e-8,0.0001473806566153079,0.001052306056364255,0.047078917576239325,-0.04707947138587876
517,32.00000000000001,-0.0470870404274049,2.936613013248586e-7,0.0005419052512431104,0.0005397126791560891,0.0470870404274049,-0.04709404005807562
518,80.00000000000001,-0.04708955005668073,4.725481602707648e-8,0.0002173817288253005,0.0016337273876865439,0.04708955005668073,-0.04708022339624164
519,32.00000000000001,-0.0470828203383788,1.4448299865751608e-7,0.00038010919307156476,0.0003177885340395429,0.0470828203383788,-0.04708875166068806
520,80.00000000000001,-0.047083481267559464,5.889059622662377e-8,0.00024267384743029846,0.0021624818694961695,0.047083481267559464,-0.04707886213046332
521,32.00000000000001,-0.0470766034150617,2.282968135531401e-7,0.00047780415815806804,0.0005026723403100423,0.0470766034150617,-0.04709223023037416
522,80.00000000000001,-0.04708254539271156,7.056374739598912e-8,0.00026563837711443187,0.001559056557859165,0.04708254539271156,-0.04707884790391931
523,32.00000000000001,-0.04708546810693194,2.3445552233880252e-7,0.0004842060742481475,0.0015575652367942313,0.04708546810693194,-0.047086169706544764
524,12.800000000000004,-0.04707843471369943,6.551683819413916e-7,0.0008094247228380114,0.000670416335017575,0.04707843471369943,-0.0470938388216674
525,32.00000000000001,-0.04708092975743869,8.5150156345327e-8,0.00029180499712192556,0.0005436358245018078,0.04708092975743869,-0.04708449026018497
526,12.800000000000004,-0.047094370983003085,1.354400520423765e-7,0.0003680218091939342,0.00043555988776628255,0.047094370983003085,-0.04708284613507625
527,32.00000000000001,-0.047088037688395486,5.696311497515563e-8,0.00023866946804138066,0.0010806883375004746,0.047088037688395486,-0.047082305071762344
528,12.800000000000004,-0.047080238013982686,4.0152482519983883e-7,0.0006336598655428943,0.0005318405393083247,0.047080238013982686,-0.047088124371033
529,32.00000000000001,-0.047077962564399035,7.636571843630166e-8,0.0002763434790913324,0.0009445377400004133,0.047077962564399035,-0.04708168560217103
530,12.800000000000004,-0.04708506364901531,2.592257890590246e-7,0.0005091422090723028,0.000417720400021323,0.04708506364901531,-0.04708558038011831
531,32.00000000000001,-0.047087061266043985,2.412887906228224e-8,0.00015533473231148996,0.0007183134213199312,0.047087061266043985,-0.04708229065701261
532,12.800000000000004,-0.047083750931674155,3.522515539053851e-7,0.0005935078381162166,0.0004915876793401435,0.047083750931674155,-0.04708831304771539
533,32.00000000000001,-0.047083899937486545,7.312743072454255e-8,0.00027042084003371956,0.0019801078026634267,0.047083899937486545,-0.04708190802288245
534,12.800000000000004,-0.04708757588749596,2.9705568598257596e-7,0.0005450281515505194,0.00046424160167681775,0.04708757588749596,-0.04708680963097473
535,32.00000000000001,-0.04708726452094819,2.192959894004632e-8,0.00014808645765243466,0.0005193278613804699,0.04708726452094819,-0.04708283309914856
536,12.800000000000004,-0.047088044141002074,4.8738907024005394e-8,0.00022076889958507607,0.0005681053020347252,0.047088044141002074,-0.04708310094234175
537,5.120000000000002,-0.04707440834521713,1.6748267151189635e-6,0.0012941509630328926,0.00028647055168725245,0.04707440834521713,-0.04709163201041249
538,12.800000000000004,-0.04705037833460236,5.559135759090744e-7,0.000745596121173571,0.0012786685500202947,0.04705037833460236,-0.04707670074173791
539,5.120000000000002,-0.04706163349012371,1.8867981306509606e-6,0.001373607706243293,0.0011661044374252345,0.04706163349012371,-0.04709352265186951
540,12.800000000000004,-0.04707215050766784,1.7103421834561918e-6,0.0013078005136320263,0.005405709457599426,0.04707215050766784,-0.04705972774634254
541,5.120000000000002,-0.047145548384845,9.861322811661343e-6,0.0031402743210842813,0.0014064208024142644,0.047145548384845,-0.04712911262045522
542,12.800000000000004,-0.047122436816554626,6.455442311880241e-7,0.0008034576723064035,0.0017700353608102557,0.047122436816554626,-0.04707962324474307
543,5.120000000000002,-0.047102176898497265,1.4469555691613479e-6,0.001202894662537559,0.0009645294003664031,0.047102176898497265,-0.04708855786810181
544,12.800000000000004,-0.0470867089447206,1.4815578158706408e-7,0.00038491009546004907,0.0008266055494117562,0.0470867089447206,-0.047082033821747984
545,5.120000000000002,-0.047034881590706956,2.7985999556497273e-6,0.0016729016574950624,0.00012792307776740035,0.047034881590706956,-0.04709894981067246
546,12.800000000000004,-0.047040039946241854,9.444900536929501e-7,0.0009718487812890183,0.0014391716109968988,0.047040039946241854,-0.04707191146063664
547,5.120000000000002,-0.047091774938946666,3.838847612743276e-6,0.0019592977345833065,0.0006192165099688663,0.047091774938946666,-0.04710326452511054
548,12.800000000000004,-0.0471189954078236,7.529281728392927e-7,0.0008677143382699704,0.00036060070229371394,0.0471189954078236,-0.04707800341389584
549,32.00000000000001,-0.04710457287327564,1.5608711316929825e-7,0.00039507861644146,0.0025756003771548537,0.04710457287327564,-0.04707905855112668
550,12.800000000000004,-0.047049347577988766,1.369543338490547e-6,0.0011702748986842993,0.0007744730221574678,0.047049347577988766,-0.047098448055934154
551,32.00000000000001,-0.04705323208362127,6.101418905368314e-8,0.00024701050393390793,0.00034685031258142483,0.04705323208362127,-0.04708261841201863
552,12.800000000000004,-0.04707669503596292,2.057215915330841e-7,0.00045356542144775995,0.0007321296003409597,0.04707669503596292,-0.04708599819665876
553,5.120000000000002,-0.047130709284680675,2.012385096700502e-7,0.00044859615431928326,9.867587744066113e-5,0.047130709284680675,-0.0470851129180936
554,12.800000000000004,-0.04712501953766821,5.841310224977221e-8,0.0002416880266992393,0.00013496206098487565,0.04712501953766821,-0.047083700791088555
555,32.00000000000001,-0.047103564984870665,2.80768443315134e-8,0.00016756146433924895,0.0004219185707753501,0.047103564984870665,-0.047082808572031495
556,12.800000000000004,-0.04706287265834045,1.5431785834720606e-7,0.00039283311768129487,0.00016817949340075376,0.04706287265834045,-0.04708609828767328
557,32.00000000000001,-0.047064622881425384,3.9773702678896934e-8,0.0001994334542620594,0.0008461168837354835,0.047064622881425384,-0.0470830558579433
558,12.800000000000004,-0.04708783481994449,1.4321284733784738e-7,0.00037843473326037,0.00042272122232546276,0.04708783481994449,-0.04708484552909797
559,32.00000000000001,-0.047092377636741324,7.03372112723051e-8,0.0002652116348735574,0.0013782106540104321,0.047092377636741324,-0.04708080741347408
560,12.800000000000004,-0.04708436004068343,5.403281199082918e-7,0.000735070146250201,0.0005081182109421817,0.04708436004068343,-0.047091112273239
561,32.00000000000001,-0.04707629998269035,5.242344167532578e-8,0.0002289616598370255,0.0015708868828385007,0.04707629998269035,-0.04708260260076883
562,12.800000000000004,-0.047071736834356614,2.2080145355912655e-7,0.0004698951516659079,0.0007406901961767794,0.047071736834356614,-0.04708583408457835
563,5.120000000000002,-0.04708506193444211,2.1279206076313078e-7,0.00046129389846726867,0.0009789758496294315,0.04708506193444211,-0.04708427789912511
564,2.048000000000001,-0.04711841869214197,4.89047687523677e-7,0.0006993194459785007,0.00012925596271886496,0.04711841869214197,-0.047085151422397595
565,5.120000000000002,-0.04711042862092019,5.793167493250356e-8,0.0002406899975746885,0.000400999776668185,0.04711042862092019,-0.0470842737577535
566,2.048000000000001,-0.04711009271915232,1.0451621120225009e-7,0.0003232896707323791,0.000214943906969141,0.04711009271915232,-0.04708422125399478
567,5.120000000000002,-0.04709803217622522,3.732050354221556e-8,0.00019318515352432123,6.879735833255621e-5,0.04709803217622522,-0.047083927079231265
568,12.800000000000004,-0.0470951965862871,3.4267664369102844e-8,0.00018511527319241608,0.0005736239363825584,0.0470951965862871,-0.047083323583961216
569,5.120000000000002,-0.04708154838353371,2.1289645826592583e-7,0.0004614070418469205,0.00016984047082672682,0.04708154838353371,-0.0470843320167656
570,12.800000000000004,-0.04708786983378478,2.0796441762902043e-8,0.0001442097145233359,0.00027064199587433093,0.04708786983378478,-0.04708329923042442
571,5.120000000000002,-0.04707889236251813,9.019947064682454e-8,0.0003003322670756916,0.0004765924307721061,0.04707889236251813,-0.04708391433271026
572,2.048000000000001,-0.04707761987920914,2.0139369136977642e-7,0.0004487690846858509,0.00024654197682217075,0.04707761987920914,-0.047084165418703916
573,5.120000000000002,-0.047081184122009484,1.9412200585275276e-7,0.00044059278915201594,0.0008260297229960612,0.047081184122009484,-0.04708272587793592
574,2.048000000000001,-0.0470644822894827,1.798152748505589e-6,0.0013409521797982168,0.00018123193382395126,0.0470644822894827,-0.047087379722373805
575,5.120000000000002,-0.04707117272738213,1.0882952224718043e-7,0.0003298931982432806,0.0006026082886351177,0.04707117272738213,-0.04708350790950408
576,2.048000000000001,-0.04707081708423711,6.20845988604056e-7,0.0007879378075737045,0.0004192210649451051,0.04707081708423711,-0.047084979639406874
577,5.120000000000002,-0.047074417630899326,9.198431223093251e-8,0.0003032891561380534,0.0007571996169297386,0.047074417630899326,-0.047083520365738686
578,2.048000000000001,-0.047073452399299436,6.149406229451123e-7,0.00078418149872661,0.0002653159228658011,0.047073452399299436,-0.04708488439784724
579,5.120000000000002,-0.04708122735721441,8.20116893431189e-8,0.0002863768310166151,0.0008482032919489316,0.04708122735721441,-0.047083547929963006
580,2.048000000000001,-0.047093833576023106,1.547233468807191e-7,0.0003933488869702304,0.0010975349352304738,0.047093833576023106,-0.04708339043071638
581,0.8192000000000004,-0.046984275271737194,0.00018147340881253084,0.013471206657628368,0.0007450055887026292,0.046984275271737194,-0.047208577416401686
582,2.048000000000001,-0.047070747552428904,1.0097776740293e-5,0.0031776999135055216,0.0006744816644044168,0.047070747552428904,-0.0470774809533598
583,5.120000000000002,-0.047083980594766484,3.901563347218348e-6,0.0019752375419726984,0.0016214703478559832,0.047083980594766484,-0.047051809259131876
584,12.800000000000004,-0.047124964070384724,2.127328174851607e-6,0.0014585363124898902,0.003682118075646704,0.047124964070384724,-0.04703608142702607
585,5.120000000000002,-0.047039622503762334,2.420380066944469e-5,0.004919735833298846,0.0012120936630197702,0.047039622503762334,-0.04720950726287658
586,12.800000000000004,-0.04699639586292485,7.963169955347352e-7,0.0008923659538186871,0.0015164970294056683,0.04699639586292485,-0.04708134400374214
587,5.120000000000002,-0.04700682599469043,1.5566238327805986e-6,0.0012476473190692146,0.0015633688444400833,0.04700682599469043,-0.04708358689347625
588,2.048000000000001,-0.04701572369876579,1.5011524434729162e-6,0.0012252152641364358,0.0004001852726493282,0.04701572369876579,-0.047072853899493484
589,5.120000000000002,-0.04705118704020694,1.127025458744857e-6,0.0010616145528132407,0.00024871512270110686,0.04705118704020694,-0.04708347822978267
590,12.800000000000004,-0.04706482698963475,1.910979395877393e-7,0.00043714750323859715,0.0019176136669186465,0.04706482698963475,-0.04707899264890794
591,5.120000000000002,-0.047114555163434844,1.0055452103025456e-6,0.001002768772101797,0.0011631498432718586,0.047114555163434844,-0.04708490923606352
592,12.800000000000004,-0.047115491433333746,1.595079384723825e-7,0.0003993844494623977,0.0007197937499377401,0.047115491433333746,-0.047083887236815725
593,5.120000000000002,-0.04711513909090784,1.2748216757250835e-6,0.0011290800129862735,0.0010381920509464138,0.04711513909090784,-0.04708967931969843
594,12.800000000000004,-0.047129579226069473,4.481757432591825e-7,0.0006694592917117384,0.0021167009982405996,0.047129579226069473,-0.04708079118987311
595,5.120000000000002,-0.04711818906700316,1.8252412147931321e-6,0.0013510148832611476,0.00018461903619183286,0.04711818906700316,-0.047089830955936884
596,12.800000000000004,-0.04712110291077633,5.999740747152957e-7,0.0007745799343613903,0.0030455320527113055,0.04712110291077633,-0.04707443538105648
597,5.120000000000002,-0.04705711414844051,3.0368487375488167e-6,0.0017426556566197513,0.0007997346169347316,0.04705711414844051,-0.04709900206048638
598,12.800000000000004,-0.04705051778986714,2.5305534655200457e-7,0.0005030460680216123,0.0003977322275971219,0.04705051778986714,-0.047082869080210914
599,32.00000000000001,-0.04706412582031155,5.992498926233252e-8,0.0002447958113659883,0.0008294019092631798,0.04706412582031155,-0.04708336611129752
600,12.800000000000004,-0.0470947443476076,2.0615005099484679e-7,0.00045403749954695016,0.0007391485512688544,0.0470947443476076,-0.04708570644259886
601,5.120000000000002,-0.047099295346411836,1.9856872902339717e-7,0.00044561051269398615,0.00024455619259578816,0.047099295346411836,-0.047082113623851674
602,12.800000000000004,-0.04710651556532208,1.5397666045362713e-7,0.0003923985989445262,0.0010945852351700496,0.04710651556532208,-0.0470811143085666
603,5.120000000000002,-0.04708617736621927,1.6371975754544585e-6,0.0012795302167023874,0.0008329495555436924,0.04708617736621927,-0.04709051090097756
604,12.800000000000004,-0.047060426516101136,4.224717082322563e-7,0.0006499782367373974,0.0015443285576922582,0.047060426516101136,-0.04707904565802559
605,5.120000000000002,-0.0470484604364739,9.512089792096981e-7,0.0009752994305390002,0.0016641189094467347,0.0470484604364739,-0.047080372021998135
606,2.048000000000001,-0.047126104908257284,2.66979257029947e-5,0.005167003551672352,0.00018241105775920679,0.047126104908257284,-0.04712738076113387
607,5.120000000000002,-0.047144906456539966,3.148096859311667e-6,0.001774287704773853,0.0009020905128300458,0.047144906456539966,-0.04707410376278093
608,12.800000000000004,-0.04716437990180345,1.8062872116717296e-6,0.0013439818494576962,0.00045349030651593364,0.04716437990180345,-0.04704850018025406
609,32.00000000000001,-0.04711411849730143,5.388565144787037e-7,0.0007340684671600489,0.0007552914902137001,0.04711411849730143,-0.047089562682541816
610,80.00000000000001,-0.04707491511829945,2.440396797393223e-7,0.0004940037244184727,0.006708554692757311,0.04707491511829945,-0.047058964290259575
611,32.00000000000001,-0.047027597376093765,1.2164976016339408e-6,0.0011029495009445994,0.0028430329367070645,0.047027597376093765,-0.0471198689360834
612,12.800000000000004,-0.04703509961756391,1.0282825523640245e-6,0.0010140426777823625,0.0015204453255837592,0.04703509961756391,-0.04709345319635347
613,5.120000000000002,-0.04709064681762034,1.0095610548970577e-6,0.001004769155028685,0.0006765052223832449,0.04709064681762034,-0.047085570401865465
614,12.800000000000004,-0.047133237359837696,3.974113691280487e-7,0.0006304057178738536,0.0010215331816952479,0.047133237359837696,-0.04707751329614022
615,5.120000000000002,-0.04706309760357464,3.532187844303427e-6,0.001879411568630838,0.000188252327310979,0.04706309760357464,-0.047101755962260225
616,12.800000000000004,-0.047010095682858646,1.59870736629946e-6,0.0012644000024910867,0.00296399379318107,0.047010095682858646,-0.047061274463551135
617,5.120000000000002,-0.047044234428418374,6.101824725176179e-6,0.0024701871842385103,0.0011286662016148292,0.047044234428418374,-0.04711463598905444
618,12.800000000000004,-0.047109863517990444,1.2624234477138887e-6,0.001123576186875589,0.0020959974440867726,0.047109863517990444,-0.047076740781056274
619,5.120000000000002,-0.0471944162585713,3.290604762277607e-6,0.001814002415179651,0.0017574897558943114,0.0471944162585713,-0.04708648965477611
620,12.800000000000004,-0.04716555623646051,7.157435077677555e-7,0.0008460162573897475,0.0035638200274610674,0.04716555623646051,-0.04707283756425057
621,5.120000000000002,-0.04703948697468002,4.756754817038505e-6,0.002180998582539316,0.0028347103125826367,0.04703948697468002,-0.04710589273633519
622,2.048000000000001,-0.04680299842143882,6.323584015583349e-6,0.0025146737393911263,0.0005790574051820182,0.04680299842143882,-0.047102169975252337
623,5.120000000000002,-0.04687514141369535,1.332478603323584e-6,0.0011543303700949673,0.0008602154610038911,0.04687514141369535,-0.04708773496714027
624,12.800000000000004,-0.04697819170203897,7.601789406762753e-7,0.0008718824121842781,0.0010168502157368675,0.04697819170203897,-0.04707456230597687
625,32.00000000000001,-0.04705428142764604,1.3225557408650666e-7,0.0003636695946687139,0.001850160735286512,0.04705428142764604,-0.04708540265254436
626,12.800000000000004,-0.04720129667466065,3.0062847552537715e-7,0.0005482959743837056,0.0010017347924186246,0.04720129667466065,-0.04708648447111089
627,5.120000000000002,-0.047260612659415946,3.9428608538127955e-7,0.0006279220376617463,0.0005053291909009563,0.047260612659415946,-0.04708616904301603
628,12.800000000000004,-0.04720268091795568,7.78636075981272e-8,0.0002790405124675039,0.0005935787853645298,0.04720268091795568,-0.04708385012214439
629,5.120000000000002,-0.0470434421214004,3.714575115868414e-7,0.0006094731426296334,0.0002583029262002223,0.0470434421214004,-0.047086238507286146
630,12.800000000000004,-0.04704567158394742,2.8972237248106755e-7,0.0005382586483105195,0.001361714150300986,0.04704567158394742,-0.047080465209467785
631,5.120000000000002,-0.04699889358088817,1.4041227373379463e-6,0.0011849568504118393,0.0009164396741893479,0.04699889358088817,-0.04708893575613791
632,12.800000000000004,-0.04703180728673543,3.4095440949698774e-7,0.0005839130153515913,0.0018645185941067388,0.04703180728673543,-0.04708118433372573
633,5.120000000000002,-0.047087986880288084,8.339448731675249e-7,0.0009132058219084704,0.0020337910757345957,0.047087986880288084,-0.047084033042463495
634,2.048000000000001,-0.04708707033586103,7.55621462831143e-7,0.000869264897963298,0.00043676906155400684,0.04708707033586103,-0.04707865003901672
635,5.120000000000002,-0.04715218534608852,1.8229745118397499e-6,0.0013501757336879337,0.0006582869656238694,0.04715218534608852,-0.04709278366137432
636,12.800000000000004,-0.04716607646683604,1.766382228697602e-6,0.0013290531323832025,0.003474413184833857,0.04716607646683604,-0.04706019717333861
637,5.120000000000002,-0.04712412566831057,8.300559252945408e-6,0.002881069116308286,0.003402534124820952,0.04712412566831057,-0.04711988068523942
638,12.800000000000004,-0.04707087681535621,1.4195552468100835e-6,0.0011914508998737982,0.002025929961806685,0.04707087681535621,-0.04708340641387375
639,5.120000000000002,-0.04700550739418719,2.527279386450287e-6,0.001589741924480287,0.0016408304221805056,0.04700550739418719,-0.04709472665516627
640,12.800000000000004,-0.04704149680025028,4.1308793153009536e-7,0.0006427191700347013,0.001656936527328146,0.04704149680025028,-0.047080756775631664
641,5.120000000000002,-0.04710655468266435,9.319914502569122e-7,0.0009653970428051415,0.001670168993551854,0.04710655468266435,-0.04708566178089742
642,2.048000000000001,-0.04715403708354495,1.9342300890722403e-6,0.0013907660080230031,0.0018433466439571958,0.04715403708354495,-0.04708165696881231
643,0.8192000000000004,-0.047156970726270495,2.17675936146452e-5,0.004665575378733603,0.0012008589808195065,0.047156970726270495,-0.04710192036694453
644,2.048000000000001,-0.04714927320007519,2.4033272858706932e-6,0.0015502668434404102,0.000909049649086098,0.04714927320007519,-0.04709082677772064
645,5.120000000000002,-0.04711985113887152,8.814515800975315e-7,0.0009388565279623567,0.0011558997015967236,0.04711985113887152,-0.04708429205883567
646,12.800000000000004,-0.047083673795217273,1.1989298522556093e-7,0.00034625566453931253,0.0004891075012098046,0.047083673795217273,-0.04708396953797521
647,5.120000000000002,-0.04704036016136292,2.356788512378324e-7,0.0004854676624017633,0.0007114737629639923,0.04704036016136292,-0.04708477184651335
648,2.048000000000001,-0.04697878806109567,4.2069336762384376e-7,0.0006486087939766495,0.0006423977547637513,0.04697878806109567,-0.04708499254782786
649,5.120000000000002,-0.04701427659052286,9.859546687055372e-8,0.0003139991510666131,0.0002885542310889762,0.04701427659052286,-0.04708428377548629
650,12.800000000000004,-0.04705259144292072,5.353473604286825e-8,0.0002313757464447565,0.0005214634630970873,0.04705259144292072,-0.047083335952284894
651,5.120000000000002,-0.0471192388723651,2.235499465629891e-7,0.0004728106878688225,0.000421151020417239,0.0471192388723651,-0.04708463455199396
652,12.800000000000004,-0.04711399334266916,4.380005874840241e-8,0.0002092846357198789,0.00037472965552457524,0.04711399334266916,-0.047083977875903266
653,5.120000000000002,-0.047114334542145996,1.293115563861669e-7,0.0003595991607139356,0.0002553158271018046,0.047114334542145996,-0.047084533179835755
654,12.800000000000004,-0.04710037241548763,2.1577756554000825e-8,0.00014689369133492707,9.410403631101072e-5,0.04710037241548763,-0.04708387520565368
655,32.00000000000001,-0.04709134737199308,6.25230565534735e-9,7.90715224043862e-5,0.00018644409103683147,0.04709134737199308,-0.047083777262643685
656,12.800000000000004,-0.04707580140818589,1.0501267761049054e-8,0.00010247569351338421,0.00023436549272340794,0.04707580140818589,-0.04708379684951359
657,5.120000000000002,-0.04705838140060316,3.6614392307694544e-8,0.00019134887589869595,0.00016532703619305774,0.04705838140060316,-0.04708394570120041
658,12.800000000000004,-0.047061068212254635,7.016552153265939e-9,8.376486228285664e-5,0.0002739101128382606,0.047061068212254635,-0.047083830290401085
659,5.120000000000002,-0.04707615946311844,1.5890785011599554e-8,0.00012605865702758996,0.000169411513548124,0.04707615946311844,-0.04708385030879007
660,2.048000000000001,-0.047128384395174534,1.817956628050513e-5,0.004263750260100271,0.0008270190922952364,0.047128384395174534,-0.047110570355201595
661,5.120000000000002,-0.047093084400391214,5.04639614400706e-6,0.0022464185148825364,0.002907907708900008,0.047093084400391214,-0.04705234428351689
662,2.048000000000001,-0.047079174854385314,2.062614647743321e-5,0.004541601752403353,0.00035664192552587137,0.047079174854385314,-0.04711317738789139
663,5.120000000000002,-0.04710165394825225,1.2672773088819042e-6,0.0011257341199776723,0.0011686465472831359,0.04710165394825225,-0.047077622305536374
664,12.800000000000004,-0.04706491418921359,5.062412355278806e-7,0.0007115063144680309,0.0010076298489811563,0.04706491418921359,-0.04707287507274262
665,5.120000000000002,-0.04707015447602268,2.9918221942714136e-6,0.0017296884674042935,0.0017720633791425643,0.04707015447602268,-0.04709675816805412
666,12.800000000000004,-0.047045329048163984,1.1879871635106419e-6,0.0010899482389135008,0.0015001698235433667,0.047045329048163984,-0.04707279074835689
667,5.120000000000002,-0.047038607816217506,4.372875540506159e-6,0.0020911421617159746,0.0011236067197383664,0.047038607816217506,-0.04710443013788222
668,12.800000000000004,-0.047043140623002716,1.515101187685157e-6,0.0012308944665100892,0.004065020088013141,0.047043140623002716,-0.04706517209977683
669,5.120000000000002,-0.04714772500713907,5.54401624687812e-6,0.002354573474512554,0.0003269590757595365,0.04714772500713907,-0.04711394944864924
670,12.800000000000004,-0.04714142853798356,5.270793971657167e-7,0.0007260023396420405,0.00028767088989751366,0.04714142853798356,-0.04708359936034123
671,32.00000000000001,-0.04710594200985035,7.172179128273128e-8,0.00026780924420701256,0.0005361158312328979,0.04710594200985035,-0.04708313078229887
672,12.800000000000004,-0.04706259841113358,1.3243762653134515e-7,0.00036391980783044103,0.0006712853340990659,0.04706259841113358,-0.04708358144344641
673,5.120000000000002,-0.047024600988105805,4.865880608095818e-7,0.0006975586432763785,0.0011484409221557133,0.047024600988105805,-0.047085027051134765
674,2.048000000000001,-0.04698226989730523,8.990826067065063e-6,0.002998470621344332,0.00159547710310305,0.04698226989730523,-0.047099824861335626
675,5.120000000000002,-0.04698012932306255,1.6657216470776984e-6,0.001290628392325885,0.0003094157603098071,0.04698012932306255,-0.047085639337270335
676,12.800000000000004,-0.047030499337923096,3.4671134927753213e-7,0.0005888220013531526,0.00078915630802533,0.047030499337923096,-0.04708216418004919
677,5.120000000000002,-0.04712614180026243,5.390769811473449e-7,0.0007342186194501914,0.0010950019099032187,0.04712614180026243,-0.04708242818311514
678,2.048000000000001,-0.047220921262680945,6.733990278582777e-7,0.0008206089372278843,0.0010382994306196377,0.047220921262680945,-0.047079828030587224
679,0.8192000000000004,-0.04731591044154844,0.00010737712389052441,0.01036229337022092,0.001800928512005921,0.04731591044154844,-0.047161578984200106
680,2.048000000000001,-0.04728000661951518,6.693213694425322e-6,0.002587124599710134,0.001090134613919505,0.04728000661951518,-0.04708435229403036
681,5.120000000000002,-0.0471872341334688,2.1491790603458448e-6,0.0014660078650354659,0.0016058992078327632,0.0471872341334688,-0.047069316607889954
682,12.800000000000004,-0.047141083972394,6.880535228879298e-7,0.0008294899172913013,0.0017491493979038244,0.047141083972394,-0.047076576917247225
683,5.120000000000002,-0.04699586445913901,4.514598454810225e-6,0.0021247584462263528,0.0012998671456939121,0.04699586445913901,-0.04710717114048663
684,12.800000000000004,-0.04693257065976309,2.1993534337474007e-6,0.0014830217239634087,0.0036686974441408715,0.04693257065976309,-0.04705684499845375
685,5.120000000000002,-0.04700128376000781,6.4733385366732704e-6,0.0025442756408599423,0.0010636026812315118,0.04700128376000781,-0.04710877293982544
686,12.800000000000004,-0.04706860768234759,9.450864182120442e-7,0.0009721555524770942,0.001071116570438244,0.04706860768234759,-0.047091311767501934
687,32.00000000000001,-0.047102725688483366,2.107447482201177e-7,0.00045906943725336117,0.0017077987819207345,0.047102725688483366,-0.047081349990019956
688,12.800000000000004,-0.04712714229334235,7.299459015513534e-7,0.0008543687152227388,0.00047204575646565903,0.04712714229334235,-0.047092443823368524
689,32.00000000000001,-0.047086426647108125,2.4262986008543954e-7,0.0004925747253822912,0.002742905199956738,0.047086426647108125,-0.047076077566255876
690,12.800000000000004,-0.04708954847570642,1.1870883513547264e-6,0.0010895358421615722,0.0005474695781326457,0.04708954847570642,-0.047099137254416175
691,32.00000000000001,-0.047100434260489515,2.1268333231564988e-7,0.00046117603180960073,0.0015407646071550212,0.047100434260489515,-0.047078320334962696
692,12.800000000000004,-0.04708466486310939,8.432537744066591e-7,0.0009182885028174201,0.0016060953518333995,0.04708466486310939,-0.04709382169133931
693,5.120000000000002,-0.04704387010024301,9.480616859568181e-7,0.0009736845926463138,0.0005772010249299988,0.04704387010024301,-0.04708630339000212
694,12.800000000000004,-0.0470356847694976,3.0433284128811445e-7,0.0005516637030729088,0.0020748725145747723,0.0470356847694976,-0.04707990536129981
695,5.120000000000002,-0.04710952612840399,3.013550115483342e-6,0.0017359579820615883,0.0005297905830907602,0.04710952612840399,-0.04709672656177467
696,12.800000000000004,-0.047129822670095786,7.136501003502416e-7,0.0008447781367615059,0.0003607106834110455,0.047129822670095786,-0.04707607032860601
697,32.00000000000001,-0.04710454168602084,1.2239689091055812e-7,0.0003498526702921647,0.00028425909347482974,0.04710454168602084,-0.04708674643542979
698,80.00000000000001,-0.04708329092946988,2.4011274163146384e-8,0.00015495571678110615,0.001673836127836073,0.04708329092946988,-0.04708297624306953
699,32.00000000000001,-0.047075327239594476,6.970324216706161e-8,0.00026401371586919797,8.065606616678458e-5,0.047075327239594476,-0.047086176698132046
700,80.00000000000001,-0.04707984759788769,6.617781875659133e-9,8.13497503109821e-5,0.0008002936477641602,0.04707984759788769,-0.047083551189269865
701,32.00000000000001,-0.0470861280977949,8.753906034578045e-9,9.356231097283801e-5,0.0012196374004692007,0.0470861280977949,-0.04708281144432573
702,12.800000000000004,-0.04708224700306573,4.327472139638269e-7,0.0006578352483440112,0.0004988204322907559,0.04708224700306573,-0.04708850001299992
703,32.00000000000001,-0.04707164316195488,7.532369704558777e-8,0.00027445162970109643,0.0014788051384495601,0.04707164316195488,-0.047081188926641364
704,12.800000000000004,-0.04710018673619191,4.278916853772852e-7,0.0006541343022478527,0.0003118327869989551,0.04710018673619191,-0.047089151059116485
705,32.00000000000001,-0.047110465296098226,1.1427560725780468e-7,0.00033804675306502304,0.001029030892070862,0.047110465296098226,-0.04708018223545611
706,12.800000000000004,-0.047077191349262984,6.110859394068184e-7,0.0007817198599286182,0.0003895279810397141,0.047077191349262984,-0.04709177168819006
707,32.00000000000001,-0.04707010718599223,1.2268302136391162e-7,0.0003502613615058213,0.0019208844453467262,0.04707010718599223,-0.047079829565289145
708,12.800000000000004,-0.04705834443794911,5.03836138817519e-7,0.0007098141579438374,0.0008050216133448136,0.04705834443794911,-0.04708771201508289
709,32.00000000000001,-0.047081189372852335,6.558270259797566e-8,0.0002560911997667543,0.0016099418004000864,0.047081189372852335,-0.04708324785820664
710,12.800000000000004,-0.047107299458780796,2.0598193278618122e-7,0.00045385232486589864,0.0002822900325262706,0.047107299458780796,-0.0470861997682884
711,32.00000000000001,-0.047104633860977574,2.2631539367135e-8,0.00015043782558630324,0.00018935977720059482,0.047104633860977574,-0.04708300411794404
712,12.800000000000004,-0.04708088614261851,2.678329242570518e-7,0.0005175257715873209,0.00032742411396939695,0.04708088614261851,-0.047087057565768115
713,32.00000000000001,-0.04706911906508523,4.03533717303092e-8,0.00020088148677842167,0.00027660629679522635,0.04706911906508523,-0.04708293809309529
714,12.800000000000004,-0.047068485787259556,1.671615448258744e-7,0.00040885394069994533,0.0006095689894066955,0.047068485787259556,-0.047085286063146554
715,5.120000000000002,-0.047073888354728956,2.0734215132745783e-7,0.00045534838456665007,0.00010909012307127606,0.047073888354728956,-0.047085050870748574
716,12.800000000000004,-0.047082834197479786,6.758321320743618e-8,0.00025996771570223137,0.00014494609708237848,0.047082834197479786,-0.04708336851977971
717,32.00000000000001,-0.04709616248483805,4.132209464005778e-8,0.00020327836736863512,0.0013960695059090102,0.04709616248483805,-0.04708190736481084
718,12.800000000000004,-0.047083881454305955,2.3399125400192392e-7,0.00048372642475052357,0.0008238902526226943,0.047083881454305955,-0.04708602362104614
719,5.120000000000002,-0.047079296888317544,2.2360613515486408e-7,0.00047287010389203513,0.0002662676079409785,0.047079296888317544,-0.047081962984008074
720,12.800000000000004,-0.047037500369773985,1.5153295768697282e-7,0.0003892723438506425,0.0014029473022538668,0.047037500369773985,-0.047083848182670834
721,5.120000000000002,-0.047083285990038505,4.895293237620701e-7,0.0006996637219136562,0.0005353147323686687,0.047083285990038505,-0.04708619734399349
722,12.800000000000004,-0.04708104170567102,5.666553140182463e-8,0.00023804522973969595,0.00015326085267505736,0.04708104170567102,-0.04708331875757358
723,32.00000000000001,-0.04708365557557861,8.61368817638287e-9,9.280995731268747e-5,0.0006972079531289906,0.04708365557557861,-0.04708359412754589
724,12.800000000000004,-0.047096303088989155,8.041826792341384e-8,0.00028358114874478844,0.00012672600207545512,0.047096303088989155,-0.04708479781232081
725,32.00000000000001,-0.04709690523503603,1.0311577723163189e-8,0.00010154593897917922,0.0004551116831614239,0.04709690523503603,-0.04708371287910358
726,12.800000000000004,-0.047078573132139756,1.0175142288728566e-7,0.0003189849884983393,0.00034984768908112796,0.047078573132139756,-0.04708516021372538
727,32.00000000000001,-0.04707091720442108,5.998868486544844e-8,0.0002449258762675933,0.0008449858190545228,0.04707091720442108,-0.04708207669026157
728,12.800000000000004,-0.047087093468319796,3.874649219758983e-7,0.0006224668039147937,0.00015866842513821678,0.047087093468319796,-0.04708906988632962
729,32.00000000000001,-0.04711964768468464,3.2049396421181495e-7,0.000566121863393223,0.001465868674698524,0.04711964768468464,-0.04707357995625951
730,12.800000000000004,-0.04707424053733958,1.8385854586313619e-6,0.0013559444895095676,0.000921596699146073,0.04707424053733958,-0.04710607076314107
731,32.00000000000001,-0.047056214998667,1.6141409291607822e-6,0.0012704884608530618,0.007173638925710223,0.047056214998667,-0.04703051124972125
732,12.800000000000004,-0.04703563657025657,8.148097629580412e-6,0.0028544872796319154,0.0015368031116049616,0.04703563657025657,-0.04718967315248344
733,32.00000000000001,-0.047101304250783335,1.8970507924850382e-6,0.0013773346697462598,0.0015516755319986033,0.047101304250783335,-0.047050934104853934
734,80.00000000000001,-0.04715511635658138,1.4681171269170369e-6,0.001211658832723567,0.009747417788852113,0.04715511635658138,-0.046889198546313945
735,32.00000000000001,-0.04700846420191142,1.4405176794006315e-5,0.0037954152334107416,0.0013286512696824152,0.04700846420191142,-0.04755476301759259
736,80.00000000000001,-0.04700768514089327,2.2654760510911753e-7,0.0004759701724994094,0.005648390498633162,0.04700768514089327,-0.047068417359919276
737,32.00000000000001,-0.04705699608924856,9.197676442091169e-7,0.0009590451731848281,0.0006188989879605993,0.04705699608924856,-0.04711452125918854
738,80.00000000000001,-0.04708777526569049,3.818118285070715e-8,0.00019540005847160628,0.0015525983477393827,0.04708777526569049,-0.04708184673229301
739,32.00000000000001,-0.047109665838963595,1.5572372810881307e-7,0.00039461845890532423,0.0003558656798949999,0.047109665838963595,-0.04708910979100753
740,80.00000000000001,-0.04708797911780419,1.2826708511830066e-7,0.0003581439446902609,0.0030820307407735835,0.04708797911780419,-0.04707382731093261
741,32.00000000000001,-0.04709132781387604,6.526685496027764e-7,0.0008078790439185661,0.0009573784977007559,0.04709132781387604,-0.04710531321585518
742,80.00000000000001,-0.047108523472334816,3.777199949144088e-7,0.0006145892896190177,0.003648064356365149,0.047108523472334816,-0.04705466458861108
743,32.00000000000001,-0.04714268379940529,1.0807467727339017e-6,0.0010395897136533728,0.004621224750548492,0.04714268379940529,-0.047107237921373134
744,12.800000000000004,-0.047051214644551455,3.112629312281997e-6,0.0017642645244639469,0.004071711280499279,0.047051214644551455,-0.04714608826874987
745,5.120000000000002,-0.04678968721405253,1.0545251501808516e-5,0.003247345300673847,0.002703969855741254,0.04678968721405253,-0.047150100543585656
746,12.800000000000004,-0.04683168969835432,2.6005286112630178e-6,0.0016126154567233373,0.0027817202705186623,0.04683168969835432,-0.04707705046189934
747,5.120000000000002,-0.04691337399827907,4.652356888441469e-6,0.0021569322864757414,0.0038364672753924017,0.04691337399827907,-0.04707593841339255
748,2.048000000000001,-0.047560906405192,4.164976878195909e-5,0.006453663206424634,0.003215060861762719,0.047560906405192,-0.04717142276817613
749,5.120000000000002,-0.047456956709020226,6.572796787295261e-6,0.002563746630869607,0.002610798246964871,0.047456956709020226,-0.04708060478100669
750,12.800000000000004,-0.04730717067483708,2.192394676908258e-6,0.0014806737239879209,0.0019698361290015082,0.04730717067483708,-0.04705589552032994
751,5.120000000000002,-0.04719717050982761,2.4308532966905943e-6,0.0015591193978302606,0.001879164423560575,0.04719717050982761,-0.04702573993688941
752,12.800000000000004,-0.04709697349620073,1.6972631532328188e-6,0.0013027905254617178,0.0014745459439976134,0.04709697349620073,-0.04699714302386462
753,32.00000000000001,-0.04707136382344563,1.7528379090170111e-6,0.0013239478498101847,0.009664205246957642,0.04707136382344563,-0.04701773583105487
754,12.800000000000004,-0.0469523313038371,1.7162520362000376e-5,0.004142767234832338,0.0035915399708035204,0.0469523313038371,-0.04731644554235955
755,32.00000000000001,-0.046953790880854836,5.515965273945976e-7,0.0007426954472693351,0.0014500663345431274,0.046953790880854836,-0.047086746657634834
756,12.800000000000004,-0.047035329977729745,6.978903150359785e-7,0.0008353982972426857,0.0029134688684851417,0.047035329977729745,-0.047071840417554
757,5.120000000000002,-0.04721946197299452,8.329431504515512e-6,0.0028860754502464956,0.0016142172745102414,0.04721946197299452,-0.047126524506949034
758,12.800000000000004,-0.047223207503541136,1.5718264218223645e-6,0.001253725018424042,0.0004250387841932267,0.047223207503541136,-0.04707924973946755
759,32.00000000000001,-0.04719167919215668,1.0352320802527485e-6,0.0010174635522969598,0.003002817606616922,0.04719167919215668,-0.047037108319361164
760,12.800000000000004,-0.04714737241993288,1.7403294287201903e-6,0.0013192154595516952,0.003480330155975236,0.04714737241993288,-0.04701821894482688
761,5.120000000000002,-0.046665685863318034,8.100681685756785e-5,0.009000378706341631,0.0013352605990121509,0.046665685863318034,-0.047509276091831
762,12.800000000000004,-0.046718587238234036,3.105836748559395e-6,0.0017623384319021688,0.005571998304653393,0.046718587238234036,-0.047057659885693194
763,5.120000000000002,-0.04706489166948111,1.0880128830582176e-5,0.003298504029189926,0.0005173044244027665,0.04706489166948111,-0.04714468755316639
764,12.800000000000004,-0.0471846950065785,1.8481718652380777e-6,0.001359474849064181,0.0024616081596962975,0.0471846950065785,-0.0470767665756082
765,5.120000000000002,-0.04725508426101499,3.5511041478027616e-6,0.0018844373557650469,0.0027172372291372655,0.04725508426101499,-0.04708885315738325
766,2.048000000000001,-0.04711810164265394,4.288602050498956e-5,0.006548741902456499,0.001056693954606983,0.04711810164265394,-0.047155286241382106
767,5.120000000000002,-0.04701818737725515,2.845128253744746e-6,0.0016867507977602221,0.001989603732388459,0.04701818737725515,-0.047083653356980185
768,12.800000000000004,-0.04702974840315147,6.471041256807819e-7,0.0008044278250289344,0.0028346157074108486,0.04702974840315147,-0.047076612017957556
769,5.120000000000002,-0.047099545106603226,1.6006902119125962e-6,0.0012651838648641534,0.0024298002943361685,0.047099545106603226,-0.047080280823819064
770,2.048000000000001,-0.047138754953284144,3.5134494575915753e-6,0.0018744197655785578,0.0020761418356416363,0.047138754953284144,-0.047085231998488256
771,5.120000000000002,-0.04713362651016812,4.1584651881215205e-7,0.000644861627647476,0.00026002108714055663,0.04713362651016812,-0.04708170063851775
772,12.800000000000004,-0.04710316449836393,1.8355468910558047e-7,0.00042843282916412985,0.0011488213016086813,0.04710316449836393,-0.047082385599212975
773,5.120000000000002,-0.04710353769130369,1.3569702948043615e-6,0.0011648906793362034,0.0008778753065391482,0.04710353769130369,-0.04709186863475723
774,12.800000000000004,-0.047105413267302054,1.0622590892265615e-6,0.0010306595408895033,0.003627630310882423,0.047105413267302054,-0.047070906246277154
775,5.120000000000002,-0.047068367522193955,6.255334753127829e-6,0.0025010667230459544,0.0008800619474423881,0.047068367522193955,-0.04711247947981396
776,12.800000000000004,-0.046975068876547836,5.1319062411054345e-6,0.002265371104500416,0.008682268494149326,0.046975068876547836,-0.04701324367089011
777,5.120000000000002,-0.04709842267172768,2.729561664410684e-5,0.0052245207095107625,0.0047194766093705135,0.04709842267172768,-0.04720139071579062
778,12.800000000000004,-0.04712032406129037,9.847640092632563e-6,0.0031380949782682747,0.015149163806780405,0.04712032406129037,-0.04694898264840266
779,5.120000000000002,-0.04712779549378469,5.756809267333511e-5,0.0075873640134987005,0.002114033797983868,0.04712779549378469,-0.04739410250845175
780,12.800000000000004,-0.04711162835584306,2.601985558844554e-6,0.001613067127817238,0.003454003199785253,0.04711162835584306,-0.04706067794086107
781,5.120000000000002,-0.04704288200726066,1.2483798797715659e-5,0.003533241967048911,0.0003685893441256815,0.04704288200726066,-0.047145763879055724
782,12.800000000000004,-0.047014793049698744,9.086319174224356e-7,0.0009532218615948941,0.00429511484546839,0.047014793049698744,-0.047077127504270774
783,5.120000000000002,-0.047063343600126574,1.319474772416153e-6,0.0011486839305989063,0.0072135139207343355,0.047063343600126574,-0.04706086054617798
784,2.048000000000001,-0.047099489960491694,3.458324983285346e-5,0.005880752488657676,0.001201269732445432,0.047099489960491694,-0.047154827681393736
785,5.120000000000002,-0.047125051832517216,3.047612059823014e-6,0.0017457411205052753,0.0004261614927344187,0.047125051832517216,-0.047091389518083976
786,12.800000000000004,-0.047158664438954924,1.801278338354669e-6,0.001342117110521533,0.0032377368544116137,0.047158664438954924,-0.04705460238128295
787,5.120000000000002,-0.047057823326271994,1.1906929930944528e-5,0.0034506419592511372,0.002227240096320472,0.047057823326271994,-0.04714057137560492
788,12.800000000000004,-0.04695803432011769,2.4883812889037626e-6,0.0015774603921822452,0.0073542353564870384,0.04695803432011769,-0.047058658879550956
789,5.120000000000002,-0.04702885444373818,6.94263239377124e-6,0.0026348875486007445,0.0030588700865038067,0.04702885444373818,-0.04709358640576171
790,12.800000000000004,-0.04706605505487938,6.820219101583645e-7,0.0008258461782670938,0.0005430775303263245,0.04706605505487938,-0.04708401681453257
791,32.00000000000001,-0.04706697535998972,1.552645628978095e-7,0.0003940362456650524,0.004295164080999681,0.04706697535998972,-0.047079759944152276
792,12.800000000000004,-0.047137331687973384,9.650927874643037e-7,0.0009823913616600584,0.002282036993709573,0.047137331687973384,-0.04709661502278336
793,5.120000000000002,-0.04719972550130439,1.0932562775938038e-6,0.001045588962065784,0.0005843180406376172,0.04719972550130439,-0.04708891765302985
794,12.800000000000004,-0.04717188556040637,4.253039952905649e-7,0.0006521533525870774,0.0008605906886324387,0.04717188556040637,-0.04707933772456533
795,5.120000000000002,-0.04709664657670653,2.024793252227307e-6,0.0014229523014589445,0.0007194382329375731,0.04709664657670653,-0.047092090415238375
796,12.800000000000004,-0.047039361341003165,5.126785358697966e-7,0.0007160157371662976,0.0025251815889285735,0.047039361341003165,-0.047078451341650354
797,5.120000000000002,-0.04705410617295728,2.490569062074668e-6,0.0015781536877233055,0.0025268543711133747,0.04705410617295728,-0.04709300220217905
798,2.048000000000001,-0.047093791673522754,4.134116527029645e-6,0.0020332526963045307,0.0023009265146145715,0.047093791673522754,-0.047090487483210895
799,5.120000000000002,-0.04707294455474281,1.0133368537268896e-6,0.0010066463399461053,0.000316224802574781,0.04707294455474281,-0.04708377907795783
800,12.800000000000004,-0.04707108576370927,2.8590150993853056e-7,0.0005346975873692817,0.001858451599623568,0.04707108576370927,-0.047080267502371015
801,5.120000000000002,-0.04707796832185467,1.7596514466562158e-6,0.0013265185436533542,0.0007207705740599924,0.04707796832185467,-0.047092986339908015
802,12.800000000000004,-0.04707504134747746,1.1976186280383498e-6,0.0010943576326038714,0.003441258585373589,0.04707504134747746,-0.04706756015492594
803,5.120000000000002,-0.047124018694784726,7.1908183440159804e-6,0.002681570126626559,0.0002777138129109364,0.047124018694784726,-0.04711769963801329
804,12.800000000000004,-0.04710318257249035,6.344038542137886e-6,0.0025187374897233505,0.008455272115058475,0.04710318257249035,-0.04699781761596811
805,5.120000000000002,-0.04708232866594267,3.718901758898475e-5,0.006098279887721189,0.0015468490777221099,0.04708232866594267,-0.047281144703394624
806,12.800000000000004,-0.04707995249724413,1.494083619652889e-6,0.0012223271328301965,0.0029476072505135722,0.04707995249724413,-0.047077072582680374
807,5.120000000000002,-0.04706065703531023,3.1512444423253933e-6,0.001775174482220098,0.0035767226931293934,0.04706065703531023,-0.04708370947428415
808,2.048000000000001,-0.04708179118664742,5.725612117048473e-6,0.002392825132985792,0.002517369734415923,0.04708179118664742,-0.0470920221341668
809,5.120000000000002,-0.047086648828004625,6.21549022130526e-7,0.0007883838038230656,0.0017898762106342192,0.047086648828004625,-0.047087373118838184
810,2.048000000000001,-0.04704453448265794,2.3633852346496545e-6,0.0015373305547765758,0.0015815564504938775,0.04704453448265794,-0.04709026591989279
811,5.120000000000002,-0.04707211051918757,7.189198923224566e-7,0.000847891438995852,0.0001811167467948586,0.04707211051918757,-0.0470871073970353
812,12.800000000000004,-0.04707336677959006,1.887911515393893e-7,0.00043450103744339816,0.0008725971759460127,0.04707336677959006,-0.04708298444287976
813,5.120000000000002,-0.047085822850587614,2.0653061191428967e-7,0.00045445639165302723,0.0015434062768719119,0.047085822850587614,-0.047079610036557196
814,2.048000000000001,-0.04710531431091034,3.584839093560098e-6,0.0018933671312136213,0.0010247094590452681,0.04710531431091034,-0.047089957225071546
815,5.120000000000002,-0.047112804225022585,4.495471813447526e-7,0.0006704827972026968,0.001449898263226543,0.047112804225022585,-0.047084065462940944
816,2.048000000000001,-0.047104834925983996,1.890233524891161e-6,0.0013748576380451763,0.0007119600435038557,0.047104834925983996,-0.04708839599016687
817,5.120000000000002,-0.04710071125361101,8.577591993070295e-7,0.0009261529027687758,0.003074862196293584,0.04710071125361101,-0.04707991151492812
818,2.048000000000001,-0.047049050624016986,4.234754823797261e-6,0.0020578519926849116,0.000583343568509355,0.047049050624016986,-0.04709159028613267
819,5.120000000000002,-0.04706977489764491,3.322976108030695e-7,0.0005764526093297432,0.00023404420724327867,0.04706977489764491,-0.04708383352486812
820,12.800000000000004,-0.047091064165946606,8.326851472153055e-8,0.0002885628436260125,0.00022249379194015702,0.047091064165946606,-0.04708275159441461
821,32.00000000000001,-0.047094617595948775,2.972120538463621e-8,0.00017239839147926007,0.0014687319687644918,0.047094617595948775,-0.04708345096035101
822,12.800000000000004,-0.047081993814053896,7.998615190349099e-8,0.00028281823120776886,0.0005874667229677786,0.047081993814053896,-0.04708442487122119
823,5.120000000000002,-0.04707094222903373,8.20101821656972e-8,0.00028637419954614837,7.285844959084798e-5,0.04707094222903373,-0.047083936659889185
824,12.800000000000004,-0.0470702476850381,2.508784952694355e-8,0.00015839144398275922,0.0001376487474298816,0.0470702476850381,-0.047083355610658954
825,32.00000000000001,-0.04707983002732545,1.1999046848675462e-8,0.00010954016089396373,0.0005109633756119396,0.04707983002732545,-0.047083130683163756
826,12.800000000000004,-0.04710066919166517,8.88100696489216e-8,0.00029801018380069095,0.00038582510686035,0.04710066919166517,-0.04708414780234701
827,5.120000000000002,-0.04712159294327659,9.0467234084907e-8,0.00030077771540609023,0.00011500218672904844,0.04712159294327659,-0.047082686301467655
828,12.800000000000004,-0.04710812769190621,6.232393565719206e-8,0.00024964762297524895,0.0010102478189674107,0.04710812769190621,-0.047082621527799094
829,5.120000000000002,-0.04706587548620403,7.829886034178148e-7,0.0008848664325296869,0.0007593606752490087,0.04706587548620403,-0.047087358261885474
830,12.800000000000004,-0.047046445861648516,2.814251228240912e-7,0.0005304951675784533,0.00035825079283406067,0.047046445861648516,-0.04708158811168179
831,32.00000000000001,-0.04706242234646734,4.95278484915037e-8,0.00022254853064332665,0.000964817218003172,0.04706242234646734,-0.04708413811053571
832,12.800000000000004,-0.04709717553276905,1.065155064359942e-7,0.000326367134429915,0.0007988776564351873,0.04709717553276905,-0.04708430524021402
833,5.120000000000002,-0.0471216633775367,2.5339301039617444e-7,0.0005033815753443648,0.00040304706199474334,0.0471216633775367,-0.04708494614574347
834,12.800000000000004,-0.04711047170314071,6.767429704268557e-8,0.0002601428396913618,0.000647936091277953,0.04711047170314071,-0.04708350102657583
835,5.120000000000002,-0.04709647543390448,1.9580315503158118e-7,0.0004424965028467244,0.0003743696964132827,0.04709647543390448,-0.04708455421855053
836,12.800000000000004,-0.047080195578393755,5.704626019828808e-8,0.00023884358940170046,0.0011345940142428144,0.047080195578393755,-0.04708313036837754
837,5.120000000000002,-0.04706676758366833,2.4080076761888734e-7,0.0004907145480000438,0.00030406722087231224,0.04706676758366833,-0.047084856888531965
838,12.800000000000004,-0.04706307664822778,3.244549059985672e-8,0.00018012631845418014,0.0006283434684601456,0.04706307664822778,-0.04708346928616966
839,5.120000000000002,-0.047083007068990004,7.773009803056994e-8,0.00027880118010971535,0.0005071028068693376,0.047083007068990004,-0.04708384346541311
840,2.048000000000001,-0.04709610106647998,1.0172354490769483e-7,0.00031894128755571117,0.0006314367718880706,0.04709610106647998,-0.04708341673613465
841,0.8192000000000004,-0.047172813013500375,0.0003616062020662711,0.01901594599451395,0.0005236174937319888,0.047172813013500375,-0.04732445357052713
842,2.048000000000001,-0.04702153327839022,2.254786475036699e-5,0.004748459197504701,0.0015972307858468523,0.04702153327839022,-0.0470775577978074
843,5.120000000000002,-0.04712676790257214,4.599820572062476e-6,0.0021447192291911958,0.001960812133991429,0.04712676790257214,-0.04706531840618945
844,12.800000000000004,-0.04715535120926738,3.705640357136775e-6,0.0019250039888625621,0.009287569871109076,0.04715535120926738,-0.04699708292231402
845,5.120000000000002,-0.0469500010178647,3.109763680545565e-5,0.005576525513745601,0.0020057050538342205,0.0469500010178647,-0.04724767093108188
846,12.800000000000004,-0.04691689603833,2.825977189016697e-6,0.001681064302463382,0.003018687636896385,0.04691689603833,-0.04705999118851505
847,5.120000000000002,-0.047077709873805045,9.10360912528114e-6,0.003017218773188504,0.0025311850624716043,0.047077709873805045,-0.0471313802814084
848,12.800000000000004,-0.04712524600554918,1.3881479577309095e-6,0.001178196909574503,0.001707810161885218,0.04712524600554918,-0.047080524015785524
849,5.120000000000002,-0.04720009302145551,2.0310156450445637e-6,0.001425137061845128,0.002525208766118752,0.04720009302145551,-0.047070026303804066
850,2.048000000000001,-0.04729052147273109,3.351503880238499e-6,0.0018307113044493113,0.0037055412185061994,0.04729052147273109,-0.04706311188664776
851,0.8192000000000004,-0.04756545575935106,0.0003962291007573818,0.01990550428292089,0.002144898978950918,0.04756545575935106,-0.0473382837791246
852,2.048000000000001,-0.04737298102975546,5.6430664450329054e-5,0.00751203464118271,0.004923837880183316,0.04737298102975546,-0.04700143034712091
853,5.120000000000002,-0.04716533060120772,1.0460208502812236e-5,0.0032342245597379656,0.0027564241675681477,0.04716533060120772,-0.047098346608294005
854,12.800000000000004,-0.04709927098551283,1.0875846187492933e-6,0.0010428732515264227,0.0037008885294278673,0.04709927098551283,-0.04706453141162382
855,5.120000000000002,-0.04693737131409761,3.530884965622017e-6,0.001879064917883897,0.0040269153819458585,0.04693737131409761,-0.047082375826789556
856,2.048000000000001,-0.0468686971406906,9.332393100550803e-6,0.003054896577717616,0.0021496028492760996,0.0468686971406906,-0.04709677895081987
857,5.120000000000002,-0.046964820346423075,9.209736934093355e-7,0.0009596737432113767,0.0008643937128758745,0.046964820346423075,-0.04708941998288413
858,12.800000000000004,-0.04703131383936614,3.83519079673413e-7,0.000619289172901814,0.0014011291598107385,0.04703131383936614,-0.047081961901541874
859,5.120000000000002,-0.047112253331556844,1.2372600987369327e-6,0.0011123219402389456,0.000923906073288181,0.047112253331556844,-0.047087593578093244
860,12.800000000000004,-0.047115259312200355,3.020990611883466e-7,0.0005496353893158141,0.0008573294054944969,0.047115259312200355,-0.047081087628799895
861,5.120000000000002,-0.04712962630928534,3.179035000303547e-7,0.0005638293181720464,0.001802135930133799,0.04712962630928534,-0.04707568144583782
862,2.048000000000001,-0.047135071295376224,1.0811873106826145e-5,0.0032881412844989106,0.0011508153917042495,0.047135071295376224,-0.047106829351672146
863,5.120000000000002,-0.047120005128002566,1.369938099969583e-6,0.0011704435483907726,0.0020705552354128277,0.047120005128002566,-0.047081885161383626
864,2.048000000000001,-0.04711527001154437,1.3490922794169572e-6,0.0011615043174336276,0.0006932041429472539,0.04711527001154437,-0.04707249167269337
865,5.120000000000002,-0.047076715450433015,1.385687325182886e-6,0.0011771522098619558,0.0019548756190385405,0.047076715450433015,-0.047075397465111905
866,2.048000000000001,-0.04707534867735601,1.568772496299453e-6,0.0012525064855318925,0.000529734171893014,0.04707534867735601,-0.04706697142028593
867,5.120000000000002,-0.04710263212500549,1.206033593309292e-6,0.0010981956079448196,0.002880391974164529,0.04710263212500549,-0.047073436570773376
868,2.048000000000001,-0.047090890467739725,1.1689905826445706e-6,0.0010811986786176584,0.0006119791044489422,0.047090890467739725,-0.04706554841576925
869,5.120000000000002,-0.04706430109870649,3.019336779018935e-6,0.0017376238888260414,0.0037341484992471064,0.04706430109870649,-0.04709186879016602
870,2.048000000000001,-0.047039991829690146,8.639657013617232e-6,0.0029393293475922758,0.0004256939723653047,0.047039991829690146,-0.04710438770151838
871,5.120000000000002,-0.04707929193712425,1.4918406874498983e-6,0.00122140930381666,0.001911242424427167,0.04707929193712425,-0.04708343999224401
872,2.048000000000001,-0.04706488617427405,6.911279108319404e-6,0.002628931172229392,0.0002500061349019788,0.04706488617427405,-0.047099564802443684
873,5.120000000000002,-0.04704269690702225,2.056589366734102e-6,0.0014340813668457246,0.002668233477035704,0.04704269690702225,-0.047080122628835194
874,2.048000000000001,-0.047074941332852394,2.4315875781641103e-6,0.0015593548596019157,0.0028697198621239844,0.047074941332852394,-0.0470678739202304
875,0.8192000000000004,-0.04710118385997984,0.0001682995923745085,0.012973033275780515,0.0022363486172906244,0.04710118385997984,-0.04718300634932977
876,2.048000000000001,-0.04715391943648256,1.3397078951103898e-5,0.0036602020369241777,0.0009751016401138617,0.04715391943648256,-0.04708840954673763
877,5.120000000000002,-0.04713822492293562,4.149593777431945e-6,0.0020370551728983543,0.0010208632699904435,0.04713822492293562,-0.04705262654561154
878,12.800000000000004,-0.047187715141676155,2.5572301092154484e-6,0.0015991341748632128,0.004072262353288052,0.047187715141676155,-0.047013836723651246
879,5.120000000000002,-0.04708656147183321,2.3592434674725857e-5,0.004857204409403197,0.006213223040683407,0.04708656147183321,-0.04717590067435301
880,2.048000000000001,-0.04660204817120686,8.238573010826275e-5,0.009076658532095539,0.0017745187015895335,0.04660204817120686,-0.04727229681866769
881,5.120000000000002,-0.0466231225658335,1.594577350144584e-5,0.003993215934738045,0.0054554205882203265,0.0466231225658335,-0.0470392491235409
882,2.048000000000001,-0.04715213713767227,6.354924482870803e-5,0.007971778021790875,0.0023213269208495115,0.04715213713767227,-0.04715789240189148
883,5.120000000000002,-0.04717324408196315,4.628918137569633e-6,0.002151492072392932,0.002373268676798361,0.04717324408196315,-0.04706627563460885
884,12.800000000000004,-0.04715092202713057,3.9721181950692836e-6,0.0019930173594500584,0.009747530271333312,0.04715092202713057,-0.046993389300230455
885,5.120000000000002,-0.04710352074680247,3.696940478131963e-5,0.006080247098705745,0.001188535258719657,0.04710352074680247,-0.04727871459135687
886,12.800000000000004,-0.04708767767667708,1.3865248455002994e-6,0.0011775078961519959,0.003304609139205593,0.04708767767667708,-0.047076182478982403
887,5.120000000000002,-0.047034268440647405,5.346223516604037e-6,0.0023121901990545753,0.0012237096090355222,0.047034268440647405,-0.047109945987212305
888,12.800000000000004,-0.04704422019043827,1.274110523511195e-6,0.0011287650435370484,0.0024215485407731163,0.04704422019043827,-0.04707247352389696
889,5.120000000000002,-0.04707977509908747,4.69410755590615e-6,0.002166588921762998,0.0013841577755952655,0.04707977509908747,-0.04710321786189129
890,12.800000000000004,-0.04711897518236741,2.0055378647652666e-6,0.0014161701397661464,0.005638309124693859,0.04711897518236741,-0.047054881797570745
891,5.120000000000002,-0.04694445408474998,7.733250914922578e-6,0.0027808723298494986,0.0027766349189629713,0.04694445408474998,-0.04710080923250504
892,12.800000000000004,-0.047038057336783866,7.810254124137903e-7,0.0008837564214271885,0.0006981379153207849,0.047038057336783866,-0.047087668242590794
893,32.00000000000001,-0.04707955829546463,1.7108778126114172e-7,0.00041362758764514453,0.002197901440073501,0.04707955829546463,-0.04707915474377915
894,12.800000000000004,-0.04709721312307591,3.3164931958014774e-7,0.0005758900238588508,0.00440031225494625,0.04709721312307591,-0.04707839425601836
895,5.120000000000002,-0.047180170696942636,5.06783601127167e-6,0.002251185467986072,0.002674792141365343,0.047180170696942636,-0.047106664510482205
896,12.800000000000004,-0.047140209894616016,1.005483927457148e-6,0.0010027382148183781,0.0031388923108006993,0.047140209894616016,-0.04708242824735969
897,5.120000000000002,-0.04709321598168237,2.312953367666379e-6,0.0015208396916395822,0.0027919446153067905,0.04709321598168237,-0.047082330708960625
898,2.048000000000001,-0.0469365456570846,4.036323504494767e-6,0.002009060353621754,0.0024855610399675235,0.0469365456570846,-0.047087342740136935
899,5.120000000000002,-0.04694051205399725,6.403533416567633e-7,0.0008002208080628517,0.00039354967199599345,0.04694051205399725,-0.04708174414150099
900,12.800000000000004,-0.047013553491965766,3.3080490758573327e-7,0.0005751564201030301,0.0020201696779946136,0.047013553491965766,-0.04707871582855932
901,5.120000000000002,-0.04713872820922078,4.030006984256689e-6,0.0020074877295407534,0.0017914510937069165,0.04713872820922078,-0.047104423822596074
902,12.800000000000004,-0.04714936527732859,1.3273862335859921e-6,0.0011521224907040015,0.0016039034960102375,0.04714936527732859,-0.04707686101736266
903,5.120000000000002,-0.047071146591653595,2.5375894471930066e-6,0.0015929813078605182,0.0028299463901853357,0.047071146591653595,-0.047079535634411696
904,2.048000000000001,-0.047263136039010785,3.566830041402537e-6,0.0018886053164710028,0.003477001911189231,0.047263136039010785,-0.047065831946421374
905,0.8192000000000004,-0.04734975503796554,0.00010632565977480106,0.010311433449079766,0.006103149700573959,0.04734975503796554,-0.04716507424513886
906,2.048000000000001,-0.04715456272805697,1.1107500808558263e-5,0.0033327917439525474,0.00038832978278895597,0.04715456272805697,-0.04711530561422479
907,5.120000000000002,-0.046990664723688604,4.866452067073338e-6,0.0022060036416727278,0.0036557459213070794,0.046990664723688604,-0.04707077121267579
908,2.048000000000001,-0.04689917144834264,1.4108171766249857e-5,0.0037560846324663473,0.001988021189903369,0.04689917144834264,-0.04710000346591872
909,5.120000000000002,-0.04701877166549081,4.3198468013582225e-6,0.0020784241148904675,0.005956818184752609,0.04701877166549081,-0.047062742893410225
910,2.048000000000001,-0.04710596600884199,2.8389902669696543e-5,0.005328217588433917,0.001444221675370756,0.04710596600884199,-0.047138776064537716
911,5.120000000000002,-0.04713174361680513,1.3216535328117233e-5,0.003635455312353218,0.006136171265768685,0.04713174361680513,-0.04700992041529894
912,2.048000000000001,-0.047131087168015395,6.511514797889527e-5,0.00806939576293636,0.00047560952260530787,0.047131087168015395,-0.04720937384694473
913,5.120000000000002,-0.04706485818187963,4.145506574639987e-6,0.002036051712172357,0.002685327809086725,0.04706485818187963,-0.0470813866991405
914,2.048000000000001,-0.04698250360173992,7.213005818088469e-6,0.0026857039706729537,0.004620394822388786,0.04698250360173992,-0.04707610533021725
915,0.8192000000000004,-0.04709573434358558,2.1016391771507332e-5,0.004584363834983796,0.003176737081673151,0.04709573434358558,-0.04709228453232682
916,2.048000000000001,-0.04709568877844077,3.7430319390933895e-6,0.0019346916909661316,0.0028624594330711223,0.04709568877844077,-0.04708389570602932
917,0.8192000000000004,-0.047113649049848216,3.6305822563050187e-6,0.0019054086848508428,0.0005818428459053768,0.047113649049848216,-0.04707398016662171
918,2.048000000000001,-0.04708436340726108,6.180744141142428e-6,0.0024861102431594675,0.0015500456436386893,0.04708436340726108,-0.04709192140164555
919,5.120000000000002,-0.047116173113321565,5.347385771638395e-6,0.002312441517452581,0.005134036102198061,0.047116173113321565,-0.0470519750562268
920,2.048000000000001,-0.04704781726443469,3.90454234802726e-5,0.006248633729086111,0.002062808706864637,0.04704781726443469,-0.04715282588835321
921,5.120000000000002,-0.04703889776310295,1.0205968740650283e-6,0.0010102459473143302,0.0006988770853139612,0.04703889776310295,-0.04708991200658846
922,12.800000000000004,-0.047076459996908335,4.112727387017434e-7,0.0006413054956116807,0.0012283787002213135,0.047076459996908335,-0.047081845571128385
923,5.120000000000002,-0.047131213918343275,5.409042282958384e-7,0.000735461914918671,0.0019684966501446587,0.047131213918343275,-0.04707565641826436
924,2.048000000000001,-0.04713391522531713,1.2534504557464418e-5,0.0035404102244604957,0.0014898565272479564,0.04713391522531713,-0.047108223119421234
925,5.120000000000002,-0.047111705703530196,1.5744623024055068e-6,0.0012547757976648685,0.0005418494716511651,0.047111705703530196,-0.04708293107823811
926,12.800000000000004,-0.04707925686380286,9.745648875166161e-7,0.000987200530549197,0.0030609158181001466,0.04707925686380286,-0.04706774438858313
927,5.120000000000002,-0.04704783414588214,5.913270545984e-6,0.0024317217246189993,0.0023605972124364624,0.04704783414588214,-0.04711084701444562
928,12.800000000000004,-0.04707767118603247,9.717489733418392e-7,0.0009857732869893764,0.003016673024268843,0.04707767118603247,-0.04707992797536143
929,5.120000000000002,-0.04711432277802321,2.7516906275876607e-6,0.001658822060254704,0.0003064779450002238,0.04711432277802321,-0.047095791852395735
930,12.800000000000004,-0.04710282465400861,5.941135947786119e-7,0.0007707876457096416,0.0034249685998406615,0.04710282465400861,-0.04707685988267709
931,5.120000000000002,-0.04697411101902864,1.2041029846052888e-6,0.0010973162646225967,0.0018401191002659144,0.04697411101902864,-0.04707653312473872
932,2.048000000000001,-0.047115965686172594,3.066845551493782e-6,0.0017512411460143865,0.002131854928359783,0.047115965686172594,-0.04707852334618338
933,5.120000000000002,-0.04710690192614424,5.322590685981299e-7,0.0007295608738125489,0.0014252587928608167,0.04710690192614424,-0.047075664578129305
934,2.048000000000001,-0.047116688228391615,1.8525125998610897e-5,0.004304082480460951,0.0013216918714256075,0.047116688228391615,-0.04712483564502334
935,5.120000000000002,-0.04711199409319779,4.411941502992279e-6,0.0021004622117506136,0.0025215571157950543,0.04711199409319779,-0.04707456603469097
936,12.800000000000004,-0.0470952573251578,3.7266988297859828e-6,0.0019304659618304548,0.008096965157645577,0.0470952573251578,-0.04700845908429737
937,5.120000000000002,-0.047102079913019235,2.9257587038309983e-5,0.005409028289657023,0.0037147436491981618,0.047102079913019235,-0.04722908900420087
938,12.800000000000004,-0.0470864249277721,2.6613705701105905e-6,0.0016313707641460878,0.006337764049795,0.0470864249277721,-0.047051133364032084
939,5.120000000000002,-0.04695256238006288,7.613284002557443e-6,0.002759218005623594,0.004321153241949717,0.04695256238006288,-0.047073187661227575
940,2.048000000000001,-0.04688189942048791,5.937745447435221e-5,0.007705676769392304,0.003253156229410136,0.04688189942048791,-0.04719261482342468
941,5.120000000000002,-0.047062774906960265,1.3495908807572595e-5,0.00367367783121664,0.006562956507824843,0.047062774906960265,-0.047047811244783286
942,2.048000000000001,-0.0472956807667976,4.0147654793260513e-5,0.0063362177040613525,0.002293392564416768,0.0472956807667976,-0.04713926095497724
943,5.120000000000002,-0.047199788588164794,2.9050089455589027e-6,0.0017044086791491362,0.001731556747494573,0.047199788588164794,-0.047084019742219554
944,12.800000000000004,-0.04706882857862072,2.0987943376709414e-6,0.0014487216218690676,0.007341757710158981,0.04706882857862072,-0.047043404440813515
945,5.120000000000002,-0.04702753635291699,1.6477462917176026e-5,0.004059244131260896,0.003319274503193278,0.04702753635291699,-0.04714860977891511
946,12.800000000000004,-0.04705578400707543,1.006577591909086e-6,0.0010032834055784467,0.002660504970392738,0.04705578400707543,-0.04708498866110439
947,5.120000000000002,-0.04706019629416603,2.556000859018442e-6,0.0015987497799901153,0.00029987843435037056,0.04706019629416603,-0.047100655283157794
948,12.800000000000004,-0.04706841750289509,5.176243085859286e-7,0.0007194611237488296,0.0016817981114199557,0.04706841750289509,-0.0470823760796675
949,5.120000000000002,-0.04709325948120244,1.3370374057229275e-6,0.001156303336379744,0.0009685035987571806,0.04709325948120244,-0.04708781461425194
950,12.800000000000004,-0.04711213899122157,3.7317426198685956e-7,0.0006108799079908092,0.0017337435351862899,0.04711213899122157,-0.047079334050675666
951,5.120000000000002,-0.04712123289027991,9.495180896493819e-7,0.0009744321883278394,0.001727089994027032,0.04712123289027991,-0.04708269306964042
952,2.048000000000001,-0.047022070220055626,2.0054275836388595e-6,0.001416131202833572,0.0013072379806363362,0.047022070220055626,-0.047085904575523634
953,5.120000000000002,-0.04701001553998374,3.177853467152555e-7,0.0005637245308794496,0.000947580137955323,0.04701001553998374,-0.047084752968522846
954,2.048000000000001,-0.047005889207268725,6.343640106211419e-6,0.0025186583941081446,0.0011443590819986687,0.047005889207268725,-0.047097798635831516
955,5.120000000000002,-0.04711034554598403,2.3303067192318938e-6,0.0015265342181660698,0.0015337131895768348,0.04711034554598403,-0.04708077194905201
956,12.800000000000004,-0.04710133250891441,1.0729910418576782e-6,0.0010358528089732045,0.002842938350934724,0.04710133250891441,-0.047072902279963844
957,5.120000000000002,-0.047086662385878414,2.409799477498905e-6,0.0015523528843336186,0.0021679923180292996,0.047086662385878414,-0.047078557740293764
958,2.048000000000001,-0.04698791326693588,5.026344845306376e-6,0.0022419511246470954,0.0035131655546670037,0.04698791326693588,-0.04707857814657576
959,0.8192000000000004,-0.04719941024152874,0.0001467778610374218,0.012115191333091763,0.004097152442703269,0.04719941024152874,-0.04722627040969525
960,2.048000000000001,-0.04710527911156553,1.2553296142877704e-5,0.0035430631017352348,0.00034497031553438584,0.04710527911156553,-0.047098341674318936
961,5.120000000000002,-0.04709002451377033,4.486908233696689e-6,0.0021182323370434815,0.0034306046697416027,0.04709002451377033,-0.04706506811157637
962,2.048000000000001,-0.04695178423728834,7.672347504589907e-6,0.0027699002697912983,0.0015451854417211357,0.04695178423728834,-0.04705576468397186
963,5.120000000000002,-0.046992428247986606,2.653175701751482e-6,0.0016288571765969788,0.0029100882115009846,0.046992428247986606,-0.04704029494982844
964,2.048000000000001,-0.04717503764619399,3.4853023963105868e-6,0.0018668964610579202,0.002996688762661287,0.04717503764619399,-0.04702550955505766
965,0.8192000000000004,-0.04724351972819855,0.0006262288234361276,0.025024564400527086,0.0035974408274198843,0.04724351972819855,-0.04759631203336212
966,2.048000000000001,-0.04734484357570086,4.1547941404598075e-5,0.006445769263989992,0.004347753822718148,0.04734484357570086,-0.047053751222066495
967,5.120000000000002,-0.04717542809645157,7.3751639852867616e-6,0.0027157253147707633,0.0041729048012182305,0.04717542809645157,-0.04706492101082657
968,2.048000000000001,-0.047045523375689284,3.321119148134913e-5,0.005762915189498205,0.004320888506371909,0.047045523375689284,-0.04713576373054463
969,5.120000000000002,-0.0469530544717993,5.626506766489345e-6,0.002372025878123876,0.0027649301815446474,0.0469530544717993,-0.04707743948285772
970,12.800000000000004,-0.0470092764623231,8.328129048669932e-7,0.0009125858342462879,0.0024656464831522254,0.0470092764623231,-0.04708002566829575
971,5.120000000000002,-0.04711293902994442,1.9027428056556481e-6,0.0013793994365866793,0.0003497610659427717,0.04711293902994442,-0.047087472507445625
972,12.800000000000004,-0.04711711770629234,2.86175295769115e-7,0.0005349535454309233,0.002073392343586396,0.04711711770629234,-0.04707830013487882
973,5.120000000000002,-0.04709715635710455,1.8710332310999153e-6,0.0013678571676530834,0.0011992231448249356,0.04709715635710455,-0.047093305673225144
974,12.800000000000004,-0.04711327907872235,9.555605943989015e-7,0.0009775277972512606,0.003420890539672295,0.04711327907872235,-0.04707196277778871
975,5.120000000000002,-0.047061813715014306,3.930301619623363e-6,0.0019824988321871374,0.0007514162074610452,0.047061813715014306,-0.047097167429565094
976,12.800000000000004,-0.04705833638711895,5.013423231233859e-7,0.0007080553107797342,0.0022015422187373515,0.04705833638711895,-0.047078895410983944
977,5.120000000000002,-0.0470849201433888,1.2760527827821866e-6,0.0011296250629222895,0.0027834794361916784,0.0470849201433888,-0.04708021441954041
978,2.048000000000001,-0.04706836966064611,5.35957912541527e-6,0.002315076483707454,0.001957465035752892,0.04706836966064611,-0.047091701011172445
979,5.120000000000002,-0.047069482794002,1.2727010057078517e-6,0.0011281405079633705,0.0004786499079659728,0.047069482794002,-0.04708085849259793
980,12.800000000000004,-0.04707642034699766,3.7997941403763837e-7,0.0006164247026504035,0.0027240928818743045,0.04707642034699766,-0.04708011112331263
981,5.120000000000002,-0.047093403114887834,1.521661202861407e-6,0.001233556323343773,0.0006413898716999054,0.047093403114887834,-0.04708939558717647
982,12.800000000000004,-0.04708430698157365,2.2097029884773778e-7,0.0004700747800592346,0.0017555296486876592,0.04708430698157365,-0.04708131627597605
983,5.120000000000002,-0.04706715998392417,6.629553625834051e-7,0.0008142207087659986,0.0022005330628391234,0.04706715998392417,-0.047082433761570446
984,2.048000000000001,-0.04708471281645757,7.191822032740366e-6,0.002681757265812916,0.001197832761928068,0.04708471281645757,-0.047096854818823114
985,5.120000000000002,-0.04706756938314572,3.3872056621096357e-6,0.001840436269505042,0.0029651316137032013,0.04706756938314572,-0.047068357902536745
986,2.048000000000001,-0.047080260898442784,1.995233002974116e-5,0.004466803110697981,0.00043688283369421754,0.047080260898442784,-0.047126819764992806
987,5.120000000000002,-0.04706052636725619,2.36003293023556e-6,0.0015362398674150987,0.0028294943879501183,0.04706052636725619,-0.047079923913022244
988,2.048000000000001,-0.04712846615255591,6.7410043621334745e-6,0.0025963444228633216,0.0004812816827971124,0.04712846615255591,-0.04709231992787726
989,5.120000000000002,-0.04711514142227067,9.397458701218803e-7,0.0009694049051463895,0.0005173391100995531,0.04711514142227067,-0.04708590599121932
990,12.800000000000004,-0.04709328532279471,6.772353882212362e-7,0.0008229431257512491,0.005204357385924567,0.04709328532279471,-0.04707286691635952
991,5.120000000000002,-0.047071369799361745,3.5748174673486934e-6,0.0018907187700313056,0.0007713037287378808,0.047071369799361745,-0.04709790788105502
992,12.800000000000004,-0.04707520089672627,2.57216875143146e-7,0.000507165530318402,0.0005666342735794825,0.04707520089672627,-0.047079153437166496
993,32.00000000000001,-0.047101948633386785,1.8889094489624432e-7,0.00043461585900222776,0.003959971799958106,0.047101948633386785,-0.04707206069021769
994,12.800000000000004,-0.04708117737641627,1.2845197362635115e-6,0.001133366549825568,0.0018040516390664008,0.04708117737641627,-0.04709314726735972
995,5.120000000000002,-0.0470989297712413,1.2819454431117378e-6,0.0011322302959697456,0.0007283784425832604,0.0470989297712413,-0.0470711209152278
996,12.800000000000004,-0.047078749379664185,4.5229463788846495e-7,0.0006725285405753907,0.0010446127169602146,0.047078749379664185,-0.04708627523311676
997,5.120000000000002,-0.047052039137488975,6.334453688006218e-6,0.002516834060482776,0.0021989580385248235,0.047052039137488975,-0.04711483589999614
998,12.800000000000004,-0.04703171482162751,1.842445226079129e-6,0.0013573670196667992,0.0034391046019707832,0.04703171482162751,-0.047069588227487275
999,5.120000000000002,-0.046984942089598476,5.4821594058499e-6,0.0023414011629470715,0.0034026717026980034,0.046984942089598476,-0.04709614287418256
1000,2.048000000000001,-0.047047948142745176,8.828463646533548e-6,0.002971273068321649,0.002629309228308949,0.047047948142745176,-0.04710293781572008
1001,5.120000000000002,-0.04718371089974983,2.065145173382294e-6,0.0014370612977122076,0.0025790338679867854,0.04718371089974983,-0.0470800112224849
1002,2.048000000000001,-0.04714189445106835,2.6999299334942033e-6,0.0016431463518184262,0.0025592308817035596,0.04714189445106835,-0.04706975265025383
1003,0.8192000000000004,-0.04715801722995307,4.297602275100586e-5,0.006555610021272304,0.0026676781992427605,0.04715801722995307,-0.04711169933453292
1004,2.048000000000001,-0.04720580649949255,5.011974178385052e-6,0.0022387438840530756,0.0014787099719234698,0.04720580649949255,-0.0470806292039646
1005,5.120000000000002,-0.047156226971053934,1.5427967023276548e-6,0.001242093676953415,0.0020850447649514202,0.047156226971053934,-0.04707144250288869
1006,2.048000000000001,-0.04710271843665438,3.2575816732914317e-6,0.0018048771906396934,0.0014513155790059566,0.04710271843665438,-0.04707151242939794
1007,5.120000000000002,-0.04711688186169047,9.03260721674473e-7,0.0009504002954936793,0.001038486366706463,0.04711688186169047,-0.04706691237618728
1008,12.800000000000004,-0.04711864273750923,5.96266407757596e-7,0.0007721828849162587,0.003337244720007536,0.04711864273750923,-0.047069499115927206
1009,5.120000000000002,-0.04705046743191202,9.386262398309364e-6,0.003063700768402385,0.003591471299331042,0.04705046743191202,-0.047125628813732424
1010,12.800000000000004,-0.04699231597868776,3.2926428333124695e-6,0.001814564089061742,0.005958998480899815,0.04699231597868776,-0.047052102666198616
1011,5.120000000000002,-0.0469344646836197,1.6468667439650473e-5,0.004058160598060466,0.004122870021456903,0.0469344646836197,-0.04713330868366562
1012,12.800000000000004,-0.0470540184075162,3.1468332918785145e-6,0.001773931591656937,0.0048720135163239425,0.0470540184075162,-0.047055876237265315
1013,5.120000000000002,-0.04721256339181434,1.7415318964395124e-5,0.0041731665392595015,0.0015742448787719823,0.04721256339181434,-0.04717103594662002
1014,12.800000000000004,-0.04719024391107603,9.638129476684497e-7,0.00098173975557092,0.0014360358661398773,0.04719024391107603,-0.04708322755262656
1015,5.120000000000002,-0.04707653819157556,1.3681328354298212e-6,0.0011696721059467141,0.0031246978066091333,0.04707653819157556,-0.047072245934281595
1016,2.048000000000001,-0.04708317555647408,2.516188390177941e-6,0.001586249788078139,0.0015432065350319286,0.04708317555647408,-0.04707396514368652
1017,5.120000000000002,-0.04709738922899275,5.812061676382838e-7,0.0007623687871616228,0.0009071893116498643,0.04709738922899275,-0.04707014829304274
1018,12.800000000000004,-0.0471123757160685,4.6869977736027164e-7,0.0006846165184687495,0.0015949537394310425,0.0471123757160685,-0.04706314241582936
1019,5.120000000000002,-0.04703264037303178,1.6137001268983696e-5,0.004017088655853104,0.002228127470667076,0.04703264037303178,-0.04716181337722398
1020,12.800000000000004,-0.04698569476995192,5.50763956076603e-6,0.0023468360745407912,0.007571554730550314,0.04698569476995192,-0.047014917615563395
1021,5.120000000000002,-0.04703116533872317,3.699671880729322e-5,0.006082492811939297,0.005347490309146331,0.04703116533872317,-0.04720770719659201
1022,12.800000000000004,-0.04705457559059673,2.626225919031537e-6,0.0016205634572677298,0.0031277273473524453,0.04705457559059673,-0.0470804564151351
1023,5.120000000000002,-0.04710424760971338,4.017038845984239e-6,0.0020042551848465403,0.0035028634071361175,0.04710424760971338,-0.04707212009818825
1024,2.048000000000001,-0.0472095474173635,1.1870083262190348e-5,0.0034452987188617404,0.003349795096765503,0.0472095474173635,-0.04709578281847347
1025,5.120000000000002,-0.047196419817888746,1.454428910319294e-6,0.0012059970606594752,0.0003852379670621837,0.047196419817888746,-0.04708798790543742
1026,12.800000000000004,-0.04717871534255805,6.767256397113876e-7,0.0008226333567947434,0.0020131445013716076,0.04717871534255805,-0.0470752499815952
1027,5.120000000000002,-0.04703064591423957,1.1133429994110424e-5,0.0033366794862723067,0.0032039846951706884,0.04703064591423957,-0.047133536093144364
1028,12.800000000000004,-0.04700068971557837,2.0925663849368838e-6,0.00144657055995789,0.005131769941929221,0.04700068971557837,-0.047064689026678846
1029,5.120000000000002,-0.0470480562868868,5.584020270493607e-6,0.0023630531670899,0.0030416256487953643,0.0470480562868868,-0.04707163188868021
1030,2.048000000000001,-0.04716308250622668,5.528054113358586e-5,0.00743508850879301,0.006213051539700041,0.04716308250622668,-0.04717953793733114
1031,5.120000000000002,-0.04702589978727535,8.660425037031985e-6,0.002942860009757852,0.0027916168433049287,0.04702589978727535,-0.04708973793771291
1032,12.800000000000004,-0.047107133268627914,2.411754848460742e-6,0.0015529825654078484,0.0012851512858879453,0.047107133268627914,-0.04705558711221676
1033,32.00000000000001,-0.04713309653777056,1.6223159226586063e-6,0.0012737016615591763,0.0068743490365613495,0.04713309653777056,-0.04699228056456503
1034,12.800000000000004,-0.04705323269357668,1.7513170215743308e-5,0.004184873978478123,0.0052426601936060085,0.04705323269357668,-0.04731437683080713
1035,5.120000000000002,-0.046827226734359066,6.502830132668416e-6,0.002550064731074177,0.004146760427787879,0.046827226734359066,-0.04708635655838767
1036,2.048000000000001,-0.046678510026612476,9.687409854511011e-6,0.003112460418143661,0.004203655514697372,0.046678510026612476,-0.04706334409354877
1037,0.8192000000000004,-0.04689861835687368,0.0001571613067164454,0.012536399272376635,0.0028477376760429585,0.04689861835687368,-0.047198853343912515
1038,2.048000000000001,-0.04703162545068127,2.135506246305091e-5,0.00462115380214194,0.00210051335086346,0.04703162545068127,-0.04708411447005962
1039,5.120000000000002,-0.04706638516827223,4.523615025476581e-6,0.0021268791751005937,0.004129842472458671,0.04706638516827223,-0.04707621341811044
1040,2.048000000000001,-0.04712822019503284,1.134843770617759e-5,0.003368744232822906,0.003192778461040408,0.04712822019503284,-0.047088835570350235
1041,5.120000000000002,-0.04710121549730721,2.091128278964759e-6,0.0014460734002687274,0.0025361496479517063,0.04710121549730721,-0.04707425204008337
1042,2.048000000000001,-0.047085799385609035,2.3757048146811334e-6,0.001541332155857761,0.0007399311517478743,0.047085799385609035,-0.04706149345448133
1043,5.120000000000002,-0.04704755690484361,1.9341523402437858e-6,0.0013907380559414436,0.0026652820132640363,0.04704755690484361,-0.047065599746148865
1044,2.048000000000001,-0.047108538663583555,3.0944648314714055e-5,0.005562791413913886,0.002366103797149782,0.047108538663583555,-0.04714573596358615
1045,5.120000000000002,-0.0471537832318923,5.357266205413927e-6,0.002314576895550011,0.0021894366473131505,0.0471537832318923,-0.0470932891284209
1046,12.800000000000004,-0.047151169624946435,1.9216296873892487e-6,0.001386228584104818,0.004080337396871043,0.047151169624946435,-0.047061394558348305
1047,5.120000000000002,-0.04718635351524371,7.502279949287353e-6,0.002739029015780474,0.003628810258932751,0.04718635351524371,-0.047088580197251935
1048,2.048000000000001,-0.04716091082823119,1.466450324700446e-5,0.0038294259683410072,0.0021717645555568103,0.04716091082823119,-0.047111059008533684
1049,5.120000000000002,-0.0470816565587353,2.1253992629499357e-6,0.0014578749133413113,0.0027296294795211835,0.0470816565587353,-0.047085263512767414
1050,2.048000000000001,-0.046707269768299774,4.601373637857217e-6,0.002145081266026352,0.0022335609558419346,0.046707269768299774,-0.04708614964035278
1051,5.120000000000002,-0.04683951885846257,1.0808128002835152e-6,0.001039621469710738,0.0027895455737462632,0.04683951885846257,-0.04708579480365061
1052,2.048000000000001,-0.04732285787040682,3.1992005019082538e-6,0.0017886309015300653,0.0025220656390207235,0.04732285787040682,-0.04708844904480452
1053,0.8192000000000004,-0.047319210514851294,3.190545832088097e-6,0.0017862099070624642,0.003268893949627661,0.047319210514851294,-0.04707933512072439
1054,0.3276800000000002,-0.047183529041670745,7.768690470295943e-5,0.00881401751206335,0.003029161359278346,0.047183529041670745,-0.047111236512005834
1055,0.8192000000000005,-0.04733251752544925,6.654590187534815e-6,0.002579649237306269,0.0019059094234295249,0.04733251752544925,-0.047095953139534075
1056,2.048000000000001,-0.047279623870339314,2.395307366645518e-6,0.0015476780565238748,0.0004179842430918284,0.047279623870339314,-0.047091134730605465
1057,5.120000000000002,-0.047172051681246,1.5510811619700844e-6,0.0012454240892041894,0.002059524556471608,0.047172051681246,-0.04708145154545331
1058,2.048000000000001,-0.04716348806393157,1.6861656611537995e-6,0.0012985244168492941,0.0008436232857062854,0.04716348806393157,-0.047071299057227824
1059,5.120000000000002,-0.046975950729441864,2.116544782259179e-6,0.0014548349673619957,0.004952635196430157,0.046975950729441864,-0.047070347218480774
1060,2.048000000000001,-0.046794986893613486,1.906025634437876e-5,0.004365805348887964,0.0026115209999604486,0.046794986893613486,-0.04711800780955821
1061,5.120000000000002,-0.046936180572073556,2.4276757770963413e-6,0.0015581000536218274,0.002331318395675342,0.046936180572073556,-0.04708013755081687
1062,2.048000000000001,-0.047077717901262216,5.569704631937935e-6,0.0023600221676793494,0.0017930769007664155,0.047077717901262216,-0.04708789633633605
1063,5.120000000000002,-0.04706746368172637,7.265043038505589e-7,0.0008523522181883256,0.0010365475513161553,0.04706746368172637,-0.04708292363501297
1064,12.800000000000004,-0.04707891775824644,3.4116376420047657e-7,0.0005840922565832187,0.00048556409944001315,0.04707891775824644,-0.04707731359007522
1065,32.00000000000001,-0.047082106589042515,1.697003535721679e-7,0.000411947027628757,0.002954148556797916,0.047082106589042515,-0.04707628043428726
1066,12.800000000000004,-0.04707895180757264,5.401962711813816e-7,0.0007349804563261404,0.0026195629638716637,0.04707895180757264,-0.04708212750665368
1067,5.120000000000002,-0.04715005164907035,6.08974043573585e-6,0.0024677399449163705,0.0009997997770521572,0.04715005164907035,-0.04712760330145421
1068,12.800000000000004,-0.047182231827597725,1.8056662531408936e-6,0.0013437508151219457,0.0031782972056440236,0.047182231827597725,-0.047073402360338246
1069,5.120000000000002,-0.047148409203774735,3.010415683883698e-6,0.0017350549512576534,0.002536154620093486,0.047148409203774735,-0.04706189302185347
1070,2.048000000000001,-0.04716691010576577,2.9043593854631424e-6,0.001704218115577681,0.0035087511663913717,0.04716691010576577,-0.047040396110963674
1071,0.8192000000000004,-0.04726561505286026,3.538273376624333e-5,0.0059483387400385435,0.0032254147939078472,0.04726561505286026,-0.04707410015367141
1072,2.048000000000001,-0.0471601305084561,3.0325669122594375e-6,0.0017414266887409982,0.0018020165966046375,0.0471601305084561,-0.04706422080030089
1073,5.120000000000002,-0.04713415709280407,1.1002582076162152e-6,0.0010489319365984693,0.00208470527767829,0.04713415709280407,-0.04705838793486663
1074,2.048000000000001,-0.047127722575612936,1.1013043868161679e-6,0.0010494305059489018,0.0028824258479873835,0.047127722575612936,-0.04705050895093099
1075,0.8192000000000004,-0.046284617023474174,0.0008600988247990883,0.029327441497667136,0.002017384785678433,0.046284617023474174,-0.0477066955668123
1076,2.048000000000001,-0.046449006671911305,6.518040030008818e-5,0.008073437947992675,0.005203130335936922,0.046449006671911305,-0.04702363563849835
1077,5.120000000000002,-0.0467604941685953,1.3593648350770642e-5,0.003686956515985867,0.005680122126659835,0.0467604941685953,-0.047053254256534
1078,2.048000000000001,-0.04731074519474135,5.6307016764986414e-5,0.0075038001549205995,0.002714222547758734,0.04731074519474135,-0.04717266603435309
1079,5.120000000000002,-0.04735246497706078,8.415956376562527e-6,0.002901026779704477,0.004773306869802345,0.04735246497706078,-0.0470576477699145
1080,2.048000000000001,-0.04702681543401537,2.5475077741853004e-5,0.0050472841946786594,0.003928428484592887,0.04702681543401537,-0.04709821829997974
1081,5.120000000000002,-0.04706100519391698,3.3788559175974937e-6,0.001838166455356395,0.004984581926882813,0.04706100519391698,-0.04707110249583441
1082,2.048000000000001,-0.047034050463267835,3.655378594909418e-6,0.0019119044418875694,0.0009236690036576597,0.047034050463267835,-0.04704913537389754
1083,5.120000000000002,-0.04706366063628369,3.443811489660543e-6,0.0018557509233893816,0.0030889709122740427,0.04706366063628369,-0.04706669786954803
1084,2.048000000000001,-0.047047098079940126,1.188020805563345e-5,0.0034467677693214914,0.0037840589437745623,0.047047098079940126,-0.04708991247796789
1085,5.120000000000002,-0.04703562879868432,2.0326208882556873e-6,0.001425700139670221,0.0014413500224536514,0.04703562879868432,-0.047084792735351474
1086,12.800000000000004,-0.04703351468238101,1.8084768251587052e-6,0.0013447962020911217,0.008484343467603928,0.04703351468238101,-0.047051529152704115
1087,5.120000000000002,-0.04702094207197136,6.689461679114253e-6,0.0025863993657427023,0.00922460237575892,0.04702094207197136,-0.0470730017319396
1088,2.048000000000001,-0.04717223499023751,6.596180979674114e-5,0.008121687619992605,0.0027508174494735574,0.04717223499023751,-0.04720573187548545
1089,5.120000000000002,-0.047215400111145334,6.215274898198057e-6,0.0024930453060861245,0.003296414591744781,0.047215400111145334,-0.04708398085607112
1090,2.048000000000001,-0.04716064863226937,8.951418532006527e-6,0.0029918921324149582,0.006052854932663606,0.04716064863226937,-0.047045938896620704
1091,0.8192000000000004,-0.04666607665499158,0.00011781255392001289,0.010854149156889861,0.004009639202280239,0.04666607665499158,-0.04717001802162503
1092,2.048000000000001,-0.04694555148799605,1.6757229286058966e-5,0.004093559488520836,0.0024991815482982484,0.04694555148799605,-0.04710492905271878
1093,5.120000000000002,-0.04711730311206946,2.8247790365213727e-6,0.0016807078974412457,0.002284069092292532,0.04711730311206946,-0.04707565160539462
1094,2.048000000000001,-0.04732978454249754,5.8128071849227326e-6,0.0024109763965917902,0.0022715233492925035,0.04732978454249754,-0.04707344122408211
1095,5.120000000000002,-0.04722112449180641,1.3778074209568478e-6,0.0011738004178551173,0.0026001186393220872,0.04722112449180641,-0.047067027865619226
1096,2.048000000000001,-0.04712196018986335,1.5013578651031818e-6,0.001225299092100856,0.003246436114617118,0.04712196018986335,-0.047058909619763604
1097,0.8192000000000004,-0.04639568652163918,0.0004198591959117461,0.020490465975954428,0.0036709340877034255,0.04639568652163918,-0.04745231652626779
1098,2.048000000000001,-0.04649737289276935,5.1233284801074883e-5,0.007157742996299524,0.005528509378617253,0.04649737289276935,-0.04703855589637489
1099,5.120000000000002,-0.04682163155256329,1.5776745990912983e-5,0.003971995215368843,0.006891871216336475,0.04682163155256329,-0.047005114020563475
1100,2.048000000000001,-0.04682820599711512,2.0124190525909366e-5,0.004485999389869482,0.012311939309191966,0.04682820599711512,-0.04689209942935979
1101,0.8192000000000004,-0.04822944748791275,0.0009836915707843053,0.03136385771527963,0.0036009936271379005,0.04822944748791275,-0.04790642972328832
1102,2.048000000000001,-0.04791134443520168,5.215664564797017e-5,0.0072219558049028635,0.0033047652849143767,0.04791134443520168,-0.04711701012407715
1103,5.120000000000002,-0.047478783572152405,9.80460010976859e-6,0.003131229807881975,0.006821973539963117,0.047478783572152405,-0.047027942842596815
1104,2.048000000000001,-0.0466693356148702,1.870332698087697e-5,0.004324734324889445,0.008024057720876564,0.0466693356148702,-0.04702320125508371
1105,0.8192000000000004,-0.04558755491039037,3.0968609824490295e-5,0.00556494472789176,0.009626582088335183,0.04558755491039037,-0.04701536833199187
1106,0.3276800000000002,-0.043126534009158016,0.0012284325565777119,0.03504900221943147,0.01383657676567439,0.043126534009158016,-0.04728249943099166
1107,0.8192000000000005,-0.04580058548490385,0.00030374730891402917,0.017428347853827946,0.0053618784256383185,0.04580058548490385,-0.04734224619993363
1108,2.048000000000001,-0.046804829542497116,3.6024689227451823e-5,0.00600205708298845,0.0027609366405083806,0.046804829542497116,-0.047114405349973874
1109,5.120000000000002,-0.04700618203036334,1.908678525405266e-5,0.004368842553131511,0.008099478793902222,0.04700618203036334,-0.046950783121987076
1110,2.048000000000001,-0.04758499567121256,0.0001002362524172259,0.010011805652190113,0.006083254627667287,0.04758499567121256,-0.04721537343276878
1111,5.120000000000002,-0.0472804659093495,4.941240281958935e-5,0.007029395622639926,0.018863874207510112,0.0472804659093495,-0.04677106175686838
1112,2.048000000000001,-0.04713069288707772,0.0002075367609342927,0.014406136225035938,0.013070760720829834,0.04713069288707772,-0.04733072937806176
1113,5.120000000000002,-0.04712928822491605,3.1876683481935726e-5,0.005645943985015767,0.0048851750435931485,0.04712928822491605,-0.04722215008710577
1114,12.800000000000004,-0.0471414653839034,2.5315667396343355e-6,0.0015910897962196652,0.0047103876888087435,0.0471414653839034,-0.047063067105489444
1115,5.120000000000002,-0.04709372886560609,6.397820081342813e-6,0.002529391247186329,0.004258071502947039,0.04709372886560609,-0.047082573527795005
1116,2.048000000000001,-0.04709603188503166,1.0576568717293784e-5,0.0032521636978008633,0.003015146803296941,0.04709603188503166,-0.04709383845677035
1117,5.120000000000002,-0.047055202054083825,2.8528858381396553e-6,0.0016890487968497698,0.002660115083661222,0.047055202054083825,-0.0470715895178601
1118,2.048000000000001,-0.04700681220759604,1.5594540910396017e-5,0.003948992391787558,0.0024623342603785695,0.04700681220759604,-0.047108000031386696
1119,5.120000000000002,-0.04692369551233465,7.344957772736069e-6,0.0027101582560315677,0.012261740363128909,0.04692369551233465,-0.04703928777700093
1120,2.048000000000001,-0.047129544525087615,4.2243164473213466e-5,0.006499474168978093,0.004125308671669001,0.047129544525087615,-0.047162278009959355
1121,5.120000000000002,-0.047100677179584674,4.251548035738971e-6,0.002061928232441413,0.005194235568671057,0.047100677179584674,-0.04707591403181336
1122,2.048000000000001,-0.04707343775526171,1.1941820849565721e-5,0.0034556939751033684,0.0010749015370902888,0.04707343775526171,-0.04710714825374068
1123,5.120000000000002,-0.04705343044075036,3.6536724333449886e-6,0.0019114581955525442,0.007772162259010757,0.04705343044075036,-0.047066774035911266
1124,2.048000000000001,-0.047051143362762365,1.7212952629497683e-5,0.004148849554936607,0.0028503384187129827,0.047051143362762365,-0.047115265831764355
1125,5.120000000000002,-0.04705648954062146,2.1298960347122873e-6,0.0014594163335773268,0.0029172915825311607,0.04705648954062146,-0.04707930652626972
1126,2.048000000000001,-0.04703943491628369,3.737173284920954e-6,0.0019331769926524973,0.004565150862871113,0.04703943491628369,-0.04707647435772969
1127,0.8192000000000004,-0.046854865425017676,1.690157777941685e-5,0.00411115285284029,0.002897349340653784,0.046854865425017676,-0.04709238313931775
1128,2.048000000000001,-0.04697680615345982,2.92175534872784e-6,0.0017093142919685192,0.0006993283308785104,0.04697680615345982,-0.04708539183513265
1129,5.120000000000002,-0.04697879797074169,1.3381852992310332e-6,0.0011567995933743378,0.0009513465173002862,0.04697879797074169,-0.04707587025070293
1130,12.800000000000004,-0.04703897864902499,5.740490735751116e-7,0.0007576602626343232,0.00390785507377591,0.04703897864902499,-0.047073989852161276
1131,5.120000000000002,-0.04718971574449836,1.3585152076534448e-6,0.0011655536056541737,0.003536529745861523,0.04718971574449836,-0.047077533681336936
1132,2.048000000000001,-0.04721207936395893,5.041692721298267e-6,0.0022453713994121925,0.003401583967785274,0.04721207936395893,-0.04708689576226837
1133,0.8192000000000004,-0.04720411348773739,5.007028447567006e-6,0.00223763903424279,0.0047271830353500235,0.04720411348773739,-0.04707249492780712
1134,0.3276800000000002,-0.04691092901959931,0.00021465767984881712,0.014651200628235802,0.002570053147374975,0.04691092901959931,-0.04713293700573782
1135,0.8192000000000005,-0.04709923186496546,0.00018516082557114999,0.013607381289989267,0.011385758609769151,0.04709923186496546,-0.046911274850966564
1136,2.048000000000001,-0.04716627674518913,4.37810109114049e-5,0.006616722066960717,0.0035694214452889604,0.04716627674518913,-0.04716829758805095
1137,5.120000000000002,-0.047169129236563655,1.981518679722718e-6,0.0014076642638508367,0.001646561727349352,0.047169129236563655,-0.04708272849539419
1138,12.800000000000004,-0.04716617671679334,1.0754608857279744e-6,0.0010370443026833398,0.005109647948449004,0.04716617671679334,-0.04707194078107248
1139,5.120000000000002,-0.047127203465410904,1.7416910820154158e-6,0.0013197314431411475,0.005772863372712208,0.047127203465410904,-0.047062874098210083
1140,2.048000000000001,-0.047123440670618785,1.476116991907396e-5,0.00384202679832845,0.005864696308965324,0.047123440670618785,-0.0470910936797341
1141,0.8192000000000004,-0.04673347946632487,3.3012050662118884e-5,0.005745611426307811,0.005762980925589811,0.04673347946632487,-0.04711342043017613
1142,2.048000000000001,-0.04696719856992328,6.2660579095921435e-6,0.002503209521712504,0.00406549693454519,0.04696719856992328,-0.04709579680671284
1143,0.8192000000000004,-0.04692910968036347,2.4464122926520656e-5,0.004946122008859128,0.0035928333617127077,0.04692910968036347,-0.04711030801201365
1144,2.048000000000001,-0.04700986663921892,5.604442141312722e-6,0.002367370300842841,0.002859044999795039,0.04700986663921892,-0.0470975299131465
1145,5.120000000000002,-0.047051493816095274,3.2110780821292297e-6,0.001791948124843247,0.000941510336629296,0.047051493816095274,-0.04707670926545845
1146,12.800000000000004,-0.04706450781328648,1.195570487724813e-6,0.0010934214593306705,0.00719095273352687,0.04706450781328648,-0.0470779165348783
1147,5.120000000000002,-0.04706452445490441,3.149481309596875e-6,0.0017746778044470143,0.005086435948418395,0.04706452445490441,-0.047084202009143324
1148,2.048000000000001,-0.04702311305866415,2.2705928311492543e-5,0.004765073799165396,0.003649450244533747,0.04702311305866415,-0.04712602216627987
1149,5.120000000000002,-0.04707452847868708,4.648662420962881e-6,0.002156075699265423,0.0009609114520559059,0.04707452847868708,-0.04709442360793685
1150,12.800000000000004,-0.047059110373705706,3.0439191413725023e-6,0.00174468310628965,0.009148821833119315,0.047059110373705706,-0.04704056501631572
1151,5.120000000000002,-0.047040415807520004,9.738210773601166e-6,0.003120610641140795,0.009595714103723011,0.047040415807520004,-0.047076163529571356
1152,2.048000000000001,-0.04711805828484622,9.183863423078625e-5,0.00958324758267187,0.003332428208109896,0.04711805828484622,-0.04727854075474582
1153,5.120000000000002,-0.04714471399202903,7.057332268984604e-6,0.002656563996779412,0.0006126676873898747,0.04714471399202903,-0.04709210921508894
1154,12.800000000000004,-0.04716368674393155,3.7219168332267214e-6,0.0019292270040683966,0.006407547038249727,0.04716368674393155,-0.047017369095871786
1155,5.120000000000002,-0.04706239741403577,2.3686357441678168e-5,0.004866863203509851,0.004164074823616697,0.04706239741403577,-0.04719524322782565
1156,12.800000000000004,-0.047075735028970306,2.4441326744859265e-6,0.001563372212394069,0.006452881110417426,0.047075735028970306,-0.047078175701079854
1157,5.120000000000002,-0.04708844342187856,5.260854738471342e-6,0.00229365532250845,0.003407420633787291,0.04708844342187856,-0.04709766148732911
1158,2.048000000000001,-0.0468843041115495,8.050015492224053e-6,0.0028372549219666627,0.0027958185296152295,0.0468843041115495,-0.04710000749793031
1159,5.120000000000002,-0.04702099836382032,6.041213357400607e-6,0.002457887987154949,0.008715242398666783,0.04702099836382032,-0.04705258696961397
1160,2.048000000000001,-0.046945049708908185,3.678661828960696e-5,0.006065197300138468,0.00217279042438336,0.046945049708908185,-0.047159708920714374
1161,5.120000000000002,-0.04698420851252303,1.6754794244832122e-6,0.001294403115139643,0.0009615625638975994,0.04698420851252303,-0.0470838494280011
1162,12.800000000000004,-0.04702036791129698,7.174013967711794e-7,0.0008469955116594063,0.006801300790197298,0.04702036791129698,-0.047072178169844416
1163,5.120000000000002,-0.04710843638402204,1.590833772316705e-6,0.0012612825901901228,0.0043812231361202965,0.04710843638402204,-0.047071403705826076
1164,2.048000000000001,-0.047168042683590664,6.085235582790758e-6,0.002466827027335066,0.0033822453793159635,0.047168042683590664,-0.047080965679265674
1165,0.8192000000000004,-0.0472833698544926,1.7376224642983256e-5,0.004168479895955269,0.000910587231172893,0.0472833698544926,-0.04709435645457007
1166,2.048000000000001,-0.047151171506704434,2.1755046675532445e-6,0.0014749592087760408,0.0020371047005727726,0.047151171506704434,-0.04708930676216723
1167,0.8192000000000004,-0.047124527101741545,3.103109242190055e-6,0.0017615644303260822,0.0010835691155098289,0.047124527101741545,-0.047085450466177334
1168,2.048000000000001,-0.04708251716146412,1.6990924352462794e-6,0.0013034923993818603,0.0023882261782236383,0.04708251716146412,-0.047080448097393514
1169,0.8192000000000004,-0.0470778848022178,1.7086084517755807e-6,0.0013071375030101388,0.0036732829191206055,0.0470778848022178,-0.04707559665833587
1170,0.3276800000000002,-0.047072794456038555,1.7266587466594414e-6,0.001314023875985304,0.0043302522472624585,0.047072794456038555,-0.04707370179334978
1171,0.13107200000000008,-0.04387705982640711,0.010561397932498955,0.1027686622103205,0.013104505173881096,0.04387705982640711,-0.04873222527204954
1172,0.3276800000000002,-0.04683508902059803,0.00222475656003809,0.04716732513126105,0.0020830424094534536,0.04683508902059803,-0.04752392914676962
1173,0.8192000000000005,-0.04833654006993294,0.0004906886638475097,0.022151493490225656,0.006427559010109339,0.04833654006993294,-0.04680832195276339
1174,2.048000000000001,-0.0478236778887241,9.428021272388126e-5,0.009709799829238565,0.005224827301614532,0.0478236778887241,-0.04712099285885552
1175,5.120000000000002,-0.04749109527402226,1.6648026074930027e-5,0.004080199269022289,0.006651230332358064,0.04749109527402226,-0.046920987111680725
1176,2.048000000000001,-0.04681482686095701,0.00011679299786687377,0.010807080913312058,0.008230284551338047,0.04681482686095701,-0.04720526633225074
1177,5.120000000000002,-0.046604065829646955,1.6863094065962523e-5,0.004106469781450062,0.008670479495430245,0.046604065829646955,-0.047023828117539634
1178,2.048000000000001,-0.04671121694018643,1.846385527186089e-5,0.0042969588399076955,0.010844133521467864,0.04671121694018643,-0.04691300545704157
1179,0.8192000000000004,-0.046724588722739685,0.0005594067272824272,0.023651780636612274,0.006566557141766395,0.046724588722739685,-0.04756214830718561
1180,2.048000000000001,-0.046850833428551016,6.058561327139721e-5,0.007783676076982984,0.003304302235963985,0.046850833428551016,-0.047184740328026234
1181,5.120000000000002,-0.04695208781250909,2.1355451030723828e-5,0.004621195844229481,0.008769557889342956,0.04695208781250909,-0.04696629866684026
1182,2.048000000000001,-0.04711750957878871,8.00410472346084e-5,0.008946566225910833,0.012547362182021203,0.04711750957878871,-0.0471264255124795
1183,0.8192000000000004,-0.04764795615001109,0.000574816777496222,0.023975336858868573,0.003273148695962933,0.04764795615001109,-0.047592744322357904
1184,2.048000000000001,-0.047483088938533126,6.091762613700196e-5,0.007804974448196609,0.0055790808698033415,0.047483088938533126,-0.047036915629157613
1185,5.120000000000002,-0.04722654040256492,9.35306846029561e-6,0.003058278676035853,0.003860886768707457,0.04722654040256492,-0.047079447516918345
1186,2.048000000000001,-0.046774368062599256,1.0483598526240395e-5,0.003237838557779,0.00579086439295721,0.046774368062599256,-0.04703643673930837
1187,0.8192000000000004,-0.04654305478723187,3.595676870844556e-5,0.0059963963101554215,0.005149340062291838,0.04654305478723187,-0.04705856690716734
1188,2.048000000000001,-0.046718806599208254,7.902787257854625e-6,0.002811189651705239,0.006427382334277454,0.046718806599208254,-0.04705281954640318
1189,0.8192000000000004,-0.04710414864501686,3.034553402859494e-5,0.005508678065434115,0.003055922155269605,0.04710414864501686,-0.0470681026163649
1190,2.048000000000001,-0.04715271566258087,4.313281455381642e-6,0.0020768441095521933,0.000594513980037692,0.04715271566258087,-0.04706437284355797
1191,5.120000000000002,-0.047108826870449566,3.1347263716195913e-6,0.001770515849016775,0.005208278302068825,0.047108826870449566,-0.04704018887055827
1192,2.048000000000001,-0.0470758285232679,7.440029261779037e-5,0.008625560423403825,0.002915136881431513,0.0470758285232679,-0.04720802270011854
1193,5.120000000000002,-0.04700938013641467,1.645290603349176e-5,0.004056218193526053,0.007633601059410617,0.04700938013641467,-0.04702877042234439
1194,2.048000000000001,-0.04699695928613309,6.377399277667672e-5,0.007985862055950924,0.0038175832864834397,0.04699695928613309,-0.047171982196073374
1195,5.120000000000002,-0.04709458693563125,1.0506825231464825e-5,0.0032414233341951535,0.008039246831613684,0.04709458693563125,-0.04704123808114264
1196,2.048000000000001,-0.04705660665558753,4.4077913907457455e-5,0.006639119964834003,0.004590936497401693,0.04705660665558753,-0.047149115979407005
1197,5.120000000000002,-0.04711738795468426,2.5742630023711964e-5,0.005073719545236213,0.01551633041794919,0.04711738795468426,-0.046925575315271396
1198,2.048000000000001,-0.04724516160824776,0.00013482626539729323,0.011611471284780978,0.004459314888808079,0.04724516160824776,-0.04736939530610655
1199,5.120000000000002,-0.04716728992273449,5.739257159062311e-6,0.0023956746772177376,0.0007042166981743076,0.04716728992273449,-0.047089425833779786
1200,12.800000000000004,-0.04709893133004509,1.0086147784874486e-6,0.0010042981521876104,0.005983404797328809,0.04709893133004509,-0.04707341694700267
1201,5.120000000000002,-0.04695285606943293,2.1203316642810277e-6,0.0014561358673836132,0.005516876867921615,0.04695285606943293,-0.04707536975514061
1202,2.048000000000001,-0.04681206119755234,1.7890786531435732e-5,0.0042297501736433245,0.0009798600513692217,0.04681206119755234,-0.04711339364601922
1203,5.120000000000002,-0.04693901559378871,5.7651868991284656e-6,0.0024010803608226997,0.011176598186116549,0.04693901559378871,-0.047063221199652186
1204,2.048000000000001,-0.04727708052846993,2.8684082732109658e-5,0.005355752303095211,0.002761283564981652,0.04727708052846993,-0.04712790697353797
1205,5.120000000000002,-0.04724685285554455,2.1817798259413606e-6,0.0014770849081692497,0.002799095493144226,0.04724685285554455,-0.047083287097935765
1206,2.048000000000001,-0.047127385004739696,4.279229260691549e-6,0.002068629802717622,0.0030943290838489432,0.047127385004739696,-0.04708737423340056
1207,0.8192000000000004,-0.0469683711708171,4.517457571353697e-6,0.0021254311495208914,0.000609177563792748,0.0469683711708171,-0.04707821769035416
1208,2.048000000000001,-0.046823599343616226,2.9916153089418895e-6,0.0017296286621532062,0.002964857239696845,0.046823599343616226,-0.047081493040711624
1209,0.8192000000000004,-0.04708852956574593,5.49152854760162e-6,0.0023434010641803548,0.0029073852055548125,0.04708852956574593,-0.04708546164176575
1210,2.048000000000001,-0.04715178858675489,1.1912715939342194e-6,0.0010914538899716374,0.0014128024811415002,0.04715178858675489,-0.04708184736368777
1211,0.8192000000000004,-0.0471502403510211,1.1078726762550475e-6,0.0010525553079316296,0.0007537502739723979,0.0471502403510211,-0.04707883735552322
1212,2.048000000000001,-0.04711567906519364,1.3048131645888271e-6,0.0011422841873145347,0.00038035536309913965,0.04711567906519364,-0.047081548189982454
1213,5.120000000000002,-0.04705589304025024,1.0678985477077578e-6,0.001033391768743954,0.0057136603633932415,0.04705589304025024,-0.04707370464606321
1214,2.048000000000001,-0.0472308500147374,5.8304090825236246e-6,0.002414624004379072,0.0004248484545319267,0.0472308500147374,-0.04708787325602629
1215,5.120000000000002,-0.0471141782373199,8.175210010286759e-7,0.0009041686795220657,0.006997688133806852,0.0471141782373199,-0.04707430471455442
1216,2.048000000000001,-0.04696914461169739,4.563156875501555e-6,0.0021361546937198987,0.0018304619380649326,0.04696914461169739,-0.04708308440612623
1217,5.120000000000002,-0.04708215564051515,4.93574269050982e-7,0.0007025484104679065,0.0008514375401973143,0.04708215564051515,-0.04707601052664317
1218,12.800000000000004,-0.047091008916726296,2.170280155454628e-7,0.0004658626573846232,0.0025261444758346557,0.047091008916726296,-0.047073625727700213
1219,5.120000000000002,-0.047081870195127745,1.0129071790850971e-6,0.0010064328984513062,0.0038779658670532167,0.047081870195127745,-0.047077786354991026
1220,2.048000000000001,-0.047081454419313024,2.21852943128891e-6,0.0014894728702762297,0.0016854735959032057,0.047081454419313024,-0.0470772116833952
1221,5.120000000000002,-0.04708130470204432,5.241048347999637e-7,0.0007239508510941635,0.002333425237821869,0.04708130470204432,-0.047073633564143846
1222,2.048000000000001,-0.04712315791478066,6.37618823899664e-6,0.002525111530011425,0.0034294213884893195,0.04712315791478066,-0.04709122218140573
1223,0.8192000000000004,-0.047125914952961416,6.1685487142740785e-6,0.002483656319677519,0.0009114749460136253,0.047125914952961416,-0.047073743075613926
1224,2.048000000000001,-0.047230386940958234,4.226639671798095e-6,0.0020558792940729995,0.0007028795660950273,0.047230386940958234,-0.047088444591927216
1225,5.120000000000002,-0.04709755778156125,6.319602197754632e-7,0.0007949592566763804,0.0008131312551213164,0.04709755778156125,-0.0470837529502157
1226,12.800000000000004,-0.04707293131499835,3.3308749965190833e-7,0.000577137331708761,0.002230775969313932,0.04707293131499835,-0.04707866501564139
1227,5.120000000000002,-0.04705449398226583,2.384469518932948e-6,0.0015441727620097913,0.0030278447776988507,0.04705449398226583,-0.04709644877332961
1228,2.048000000000001,-0.047059237838461755,2.3619304771092636e-6,0.001536857337916979,0.0008858694577996131,0.047059237838461755,-0.0470803832310866
1229,5.120000000000002,-0.047049262835365833,2.2450047984548494e-6,0.0014983340076414368,0.001273387322517134,0.047049262835365833,-0.047064131047364885
1230,12.800000000000004,-0.04706573023856639,1.8873767394744987e-6,0.0013738183065727793,0.011032799787505359,0.04706573023856639,-0.04704263353017354
1231,5.120000000000002,-0.04710466042864079,2.3122236149105407e-5,0.00480855863529867,0.004209617252180073,0.04710466042864079,-0.04718103358600974
1232,12.800000000000004,-0.0471044994466918,2.1536310511021946e-6,0.0014675254856738246,0.007357864331840812,0.0471044994466918,-0.04707662700621072
1233,5.120000000000002,-0.04703176234465362,4.592053468013841e-6,0.0021429077133684133,0.0059955634779028915,0.04703176234465362,-0.04708993461347596
1234,2.048000000000001,-0.04709380771199307,4.241154535123644e-6,0.0020594063550265266,0.004420202019830648,0.04709380771199307,-0.04706370659671033
1235,0.8192000000000004,-0.04726019907833158,0.0001882265298267906,0.013719567406692916,0.0007556548091079857,0.04726019907833158,-0.04723354564442408
1236,2.048000000000001,-0.04710329303554171,2.080297052956363e-5,0.0045610273546169,0.0027668831660867146,0.04710329303554171,-0.04708348896471687
1237,5.120000000000002,-0.047032562727863415,7.63260805412173e-6,0.0027627175125448005,0.006551293633263809,0.047032562727863415,-0.047037485402417464
1238,2.048000000000001,-0.047089127409129544,6.722937453742744e-5,0.008199352080343144,0.003356968020988846,0.047089127409129544,-0.047210765808975486
1239,5.120000000000002,-0.04701614389806988,6.1071786927342725e-6,0.0024712706635927747,0.004534966001483926,0.04701614389806988,-0.04707674556726601
1240,2.048000000000001,-0.047139466307461964,6.828883895304824e-6,0.0026132133275538036,0.006159729009202637,0.047139466307461964,-0.047035932490755855
1241,0.8192000000000004,-0.047279143953939944,0.00019654234286243708,0.014019356007407655,0.00524109963326533,0.047279143953939944,-0.04723419288579787
1242,2.048000000000001,-0.047110913843025536,2.2283908535917885e-5,0.004720583495280841,0.0031955045621343938,0.047110913843025536,-0.04709201801968586
1243,5.120000000000002,-0.04698956482897104,1.990012970901806e-5,0.004460956142915783,0.00973171040869191,0.04698956482897104,-0.04694601314268181
1244,2.048000000000001,-0.04704284354961371,0.00015035183125430563,0.01226180375207113,0.0018161086795034584,0.04704284354961371,-0.04739986748592343
1245,5.120000000000002,-0.04708982810337778,5.248149532939429e-6,0.0022908840068714587,0.002362882191578694,0.04708982810337778,-0.04708510549265188
1246,12.800000000000004,-0.047098513246351156,1.1077976687541946e-6,0.001052519676183868,0.0044058795169069145,0.047098513246351156,-0.04707285304889434
1247,5.120000000000002,-0.04708203834249174,3.537680505830676e-6,0.0018808722725987205,0.0032010638651112163,0.04708203834249174,-0.04709351990553923
1248,2.048000000000001,-0.04706893136805479,3.896499145351354e-6,0.0019739552034814148,0.0031831350404015733,0.04706893136805479,-0.047072027876834434
1249,0.8192000000000004,-0.04714283038943252,4.2041274027234985e-6,0.0020503968890737954,0.0011629618120463168,0.04714283038943252,-0.047063463346539734
1250,2.048000000000001,-0.04708194409088419,3.229826175512924e-6,0.0017971717156445913,0.0009463018566852674,0.04708194409088419,-0.0470582062088042
1251,5.120000000000002,-0.047118496729882095,3.648868385819541e-6,0.0019102011375296427,0.0037821420241089037,0.047118496729882095,-0.047092307151950494
1252,2.048000000000001,-0.04716041874532497,6.497090282049221e-6,0.002548939050281356,0.000567373409633069,0.04716041874532497,-0.04709863592229676
1253,5.120000000000002,-0.047093324501647243,1.7390329324511378e-6,0.0013187239788716733,0.0007817506423826336,0.047093324501647243,-0.0470800338135168
1254,12.800000000000004,-0.04709575929589168,4.823589227642599e-7,0.0006945206424320734,0.004091861023359228,0.04709575929589168,-0.047079022703419536
1255,5.120000000000002,-0.04704914133134425,2.2178588503184183e-6,0.0014892477464540338,0.0008734512230173627,0.04704914133134425,-0.04709077570996322
1256,12.800000000000004,-0.047053253500668336,3.498498356373301e-7,0.0005914810526444022,0.004574562892254834,0.047053253500668336,-0.04707986869999759
1257,5.120000000000002,-0.04706912019549479,1.907409576523994e-6,0.0013810899958091052,0.0003540423234750171,0.04706912019549479,-0.047090199129746754
1258,12.800000000000004,-0.04706283441301357,7.47545052546469e-7,0.0008646068774573037,0.001450229716753591,0.04706283441301357,-0.04707137974645987
1259,5.120000000000002,-0.047111833010401685,4.118515375228495e-6,0.0020294125690032807,0.0032100415900881032,0.047111833010401685,-0.047099569621670924
1260,2.048000000000001,-0.0470375748998265,4.278089871438357e-6,0.0020683543872940047,0.002025193560386539,0.0470375748998265,-0.04708807594024466
1261,5.120000000000002,-0.047086911876732994,1.4676494826967285e-6,0.001211465840499322,0.003989256136804697,0.047086911876732994,-0.04707703695915172
1262,2.048000000000001,-0.04703016126374206,6.038591792874248e-6,0.0024573546331114375,0.0011108494267789216,0.04703016126374206,-0.047094893741483894
1263,5.120000000000002,-0.04707324425343995,1.5784867351305757e-6,0.0012563784203537467,0.004156925225915632,0.04707324425343995,-0.047078918703957626
1264,2.048000000000001,-0.04708572714892685,1.967480479434879e-6,0.0014026690555633138,0.0033957516424397817,0.04708572714892685,-0.047069706715116184
1265,0.8192000000000004,-0.046979485702237485,4.9755924853595225e-5,0.007053787979064527,0.000542959989196319,0.046979485702237485,-0.04713130251276252
1266,2.048000000000001,-0.04712877037681294,8.376486977322708e-6,0.0028942161248467105,0.0022308343485629985,0.04712877037681294,-0.047081685544171095
1267,5.120000000000002,-0.04713152961813138,9.899763067995145e-7,0.000994975530754156,0.0034871905317319166,0.04713152961813138,-0.047086402409897116
1268,2.048000000000001,-0.047141339064646855,1.161041647266192e-6,0.0010775164255203684,0.0005998460254147244,0.047141339064646855,-0.04708171931717452
1269,5.120000000000002,-0.04713413549661492,7.800369762766811e-7,0.0008831970200791447,0.0026954980456461324,0.04713413549661492,-0.04707602960938217
1270,2.048000000000001,-0.047016175780305355,9.075154716749968e-6,0.003012499745518656,0.0021358204496738247,0.047016175780305355,-0.04709649189181417
1271,5.120000000000002,-0.047056993251744936,7.50720310689203e-7,0.0008664411755504253,0.0006817812962006454,0.047056993251744936,-0.0470817993664903
1272,12.800000000000004,-0.047063779370323404,3.9249427856315795e-7,0.000626493638086739,0.004746294090688785,0.047063779370323404,-0.047075181352318404
1273,5.120000000000002,-0.047104894026254694,2.506296556230147e-6,0.001583128723834593,0.002997622393859006,0.047104894026254694,-0.04709324991107016
1274,2.048000000000001,-0.04717149258877146,2.797906116980425e-6,0.0016726942688311051,0.004782453260531165,0.04717149258877146,-0.047075379600792305
1275,0.8192000000000004,-0.04712425026310859,1.551369129991055e-5,0.00393874235002882,0.0035663514212174352,0.04712425026310859,-0.047085302136678386
1276,2.048000000000001,-0.047110017155028765,2.3901570606802154e-6,0.0015460132795937476,0.0005049968245142223,0.047110017155028765,-0.047082858636124256
1277,5.120000000000002,-0.04706311760087565,6.254907306032464e-7,0.0007908797194284643,0.0007571775078637738,0.04706311760087565,-0.04708023092366489
1278,12.800000000000004,-0.047055193403429355,4.096094584934752e-7,0.0006400073894053687,0.000625318279787534,0.047055193403429355,-0.04707404982355678
1279,32.00000000000001,-0.04706657189728372,2.0871304422345936e-7,0.0004568512276698612,0.002851978254936836,0.04706657189728372,-0.047080829877081336
1280,12.800000000000004,-0.04709002333711037,3.465596700872418e-7,0.000588693188415869,0.004484489327582352,0.04709002333711037,-0.04707971770434913
1281,5.120000000000002,-0.04709505907815778,2.358995140667037e-6,0.0015359020608967998,0.00180596575518569,0.04709505907815778,-0.047091618643857726
1282,12.800000000000004,-0.04711329909249539,5.655444023433707e-7,0.0007520268627804267,0.004933599730933479,0.04711329909249539,-0.047077839331472596
1283,5.120000000000002,-0.04709943125677477,3.2052833508921802e-6,0.0017903305144280428,0.001154801824765544,0.04709943125677477,-0.047096983216078254
1284,12.800000000000004,-0.047068189227629606,3.1748258251830443e-6,0.0017818040928180192,0.017242751866245472,0.047068189227629606,-0.04703960269167469
1285,5.120000000000002,-0.047050204842382905,1.905388150034457e-5,0.004365075199849891,0.006114520551004628,0.047050204842382905,-0.04716046927512014
1286,2.048000000000001,-0.04713776630202366,3.4530202545516596e-5,0.0058762405112041316,0.0026468765070780677,0.04713776630202366,-0.04715619889101747
1287,5.120000000000002,-0.04710418060324926,3.0831631612981286e-6,0.0017558938354291607,0.00283166841485894,0.04710418060324926,-0.047080259739392095
1288,2.048000000000001,-0.047094134329085144,9.346544329520175e-6,0.0030572118555180594,0.0029779350424244348,0.047094134329085144,-0.047096199525168504
1289,5.120000000000002,-0.04706761455368566,1.3657391577981648e-6,0.0011686484320779132,0.00423648128622389,0.04706761455368566,-0.047082321867117895
1290,2.048000000000001,-0.04707602313899074,4.37410402822091e-6,0.0020914358771477815,0.00209221295594852,0.04707602313899074,-0.04708973971196984
1291,5.120000000000002,-0.04706868343581564,7.240896512368347e-7,0.0008509345751800397,0.0007545447200632086,0.04706868343581564,-0.04708118495006152
1292,12.800000000000004,-0.047085816397038294,6.309037639262085e-7,0.0007942945070477376,0.006876714799517128,0.047085816397038294,-0.04707050075103902
1293,5.120000000000002,-0.047056055583977484,1.0004488507387368e-6,0.0010002244001916453,0.005556833019063267,0.047056055583977484,-0.04706389234075308
1294,2.048000000000001,-0.04705876091953254,3.9986130155461746e-5,0.006323458717779515,0.00377102124418745,0.04705876091953254,-0.0471541160569377
1295,5.120000000000002,-0.047064409706666845,6.834922249546175e-6,0.0026143684226876238,0.006216447211334576,0.047064409706666845,-0.047059876131243
1296,2.048000000000001,-0.047215145270627784,3.774104549456786e-5,0.006143374113186325,0.00433873604051223,0.047215145270627784,-0.04715365482908932
1297,5.120000000000002,-0.047215339101216745,1.3374083152102816e-5,0.0036570593585697805,0.008783368654320674,0.047215339101216745,-0.0470327553621738
1298,2.048000000000001,-0.04714001980769201,5.3607015647288685e-5,0.007321681203609502,0.005121060935585394,0.04714001980769201,-0.04716778045871451
1299,5.120000000000002,-0.0470663662637045,5.959552933782027e-6,0.0024412195587005334,0.0007683407362278533,0.0470663662637045,-0.04708852558126512
1300,12.800000000000004,-0.04706572985020982,1.6199993240086673e-6,0.0012727919405812827,0.006706561000117096,0.04706572985020982,-0.04705863437674236
1301,5.120000000000002,-0.04702849717058732,4.118090014097997e-6,0.002029307767219649,0.007603190165740775,0.04702849717058732,-0.04707059606995644
1302,2.048000000000001,-0.047148558724420905,5.013609196031195e-5,0.007080684427392027,0.004664220131553053,0.047148558724420905,-0.04719003368396701
1303,5.120000000000002,-0.04713912857289867,1.5331595165985376e-5,0.003915558091254091,0.009002317713738436,0.04713912857289867,-0.047040961926891695
1304,2.048000000000001,-0.047279591858272345,5.384973156129242e-5,0.007338237633198615,0.005597153660779772,0.047279591858272345,-0.047183049054316084
1305,5.120000000000002,-0.04701842913167311,1.7086783144535548e-5,0.004133616230921244,0.007807582892428,0.04701842913167311,-0.047024840882614105
1306,2.048000000000001,-0.04687124421562401,6.218210047926099e-5,0.00788556278773183,0.00720238361716332,0.04687124421562401,-0.04719755124207005
1307,5.120000000000002,-0.0469423792764612,4.994916966862661e-5,0.007067472650716563,0.02585276154809833,0.0469423792764612,-0.0468145670410587
1308,2.048000000000001,-0.04704440745315546,0.00029225147022093103,0.017095363997906888,0.002164328646725488,0.04704440745315546,-0.04770024865961382
1309,5.120000000000002,-0.04704210989005014,4.335051100412635e-6,0.0020820785528919495,0.005535081180550951,0.04704210989005014,-0.04707853072483625
1310,2.048000000000001,-0.047092913217560255,5.908940329992962e-6,0.0024308312014603073,0.004969349887108964,0.047092913217560255,-0.04705365113193369
1311,0.8192000000000004,-0.047273788327781605,7.325103367634078e-5,0.008558681772115422,0.009863894872580558,0.047273788327781605,-0.047113913760704985
1312,2.048000000000001,-0.04707188706775753,9.752275002816601e-6,0.0031228632699522086,0.0027494475090528293,0.04707188706775753,-0.04709413048856227
1313,5.120000000000002,-0.0470624742281723,2.0014813778870857e-6,0.0014147372116004745,0.002989213375828976,0.0470624742281723,-0.04708375064129895
1314,2.048000000000001,-0.047117587898362526,3.0436249360716664e-6,0.0017445987894274336,0.0009065284233882182,0.047117587898362526,-0.04708083910150888
1315,5.120000000000002,-0.047070452361291475,9.136336369683449e-7,0.0009558418472573509,0.0009383351290260639,0.047070452361291475,-0.047075022045104026
1316,12.800000000000004,-0.047085820803944446,4.7529063140857124e-7,0.0006894132515469739,0.006003505301754382,0.047085820803944446,-0.047075478926859086
1317,5.120000000000002,-0.047135244731605005,7.662748192518534e-7,0.0008753712465302099,0.008835747293798712,0.047135244731605005,-0.04706697810165748
1318,2.048000000000001,-0.046960355057199595,1.4837200788506737e-5,0.0038519087201680595,0.0025117118662559006,0.046960355057199595,-0.04710813548645672
1319,5.120000000000002,-0.04704219060169543,9.932211454598885e-7,0.000996604809069216,0.0027235964661273455,0.04704219060169543,-0.04708529537785472
1320,2.048000000000001,-0.04713020060845276,2.2749455069171685e-5,0.004769638882470211,0.003212472390903018,0.04713020060845276,-0.04712505042263453
1321,5.120000000000002,-0.047069734770106064,6.44023758153407e-6,0.0025377623177780203,0.01021590547269952,0.047069734770106064,-0.04705916300375585
1322,2.048000000000001,-0.047222411655669226,3.541385883964552e-5,0.00595095444778781,0.0016750241236326503,0.047222411655669226,-0.047150580966329965
1323,5.120000000000002,-0.047182625088704924,2.823295800920801e-6,0.001680266586265644,0.002877936773940791,0.047182625088704924,-0.04708415343159517
1324,2.048000000000001,-0.04711636165220694,3.366613293585379e-6,0.0018348333149322798,0.0030599273682159387,0.04711636165220694,-0.04706638528172076
1325,0.8192000000000004,-0.047131126580453736,4.529657917129397e-6,0.0021282993015855163,0.0021454409896692218,0.047131126580453736,-0.04706121048769651
1326,2.048000000000001,-0.04703235183114877,6.518453459527315e-6,0.002553126213003837,0.005159038752553479,0.04703235183114877,-0.04707220208393379
1327,0.8192000000000004,-0.04688406900041407,0.00014857666662582202,0.01218920287081243,0.002768063520084059,0.04688406900041407,-0.04719024726707818
1328,2.048000000000001,-0.04697095964698105,2.4161471960386074e-5,0.004915432021743976,0.004439589812942349,0.04697095964698105,-0.047060738145657616
1329,5.120000000000002,-0.04700451687896469,4.877542779057836e-6,0.0022085159675804557,0.004310190947338683,0.04700451687896469,-0.04709031161537776
1330,2.048000000000001,-0.047032947853283914,5.318115142040788e-6,0.002306103887954918,0.0052991073839848465,0.047032947853283914,-0.047059358020701415
1331,0.8192000000000004,-0.04715077700013252,8.616774809139291e-6,0.00293543434761183,0.005214563909165874,0.04715077700013252,-0.047051537537541266
1332,0.3276800000000002,-0.04752694141377074,0.0014914419826953236,0.03861919189593852,0.004389714297049887,0.04752694141377074,-0.047514195321030614
1333,0.8192000000000005,-0.04751508834708239,0.00013700020113304365,0.011704708502694275,0.0038869046247561674,0.04751508834708239,-0.047148370093515066
1334,2.048000000000001,-0.04715442091611936,2.0930990987508563e-5,0.004575039998459966,0.004049440438605172,0.04715442091611936,-0.04704818357443984
1335,5.120000000000002,-0.04700741892547864,1.0856650320947438e-5,0.003294943143811049,0.0066142835506245315,0.04700741892547864,-0.046984147470623676
1336,2.048000000000001,-0.04683158949096038,2.2334642040320767e-5,0.004725954087834622,0.010105712697596829,0.04683158949096038,-0.046965672461961594
1337,0.8192000000000004,-0.047349501049036936,0.0006476097379062528,0.025448177496753138,0.0069694488607506665,0.047349501049036936,-0.04767235536967034
1338,2.048000000000001,-0.047398029897286274,9.011614520873962e-5,0.00949295239684365,0.006211349355433258,0.047398029897286274,-0.04703345046372626
1339,5.120000000000002,-0.047168431235624156,2.1942198240298456e-5,0.004684250018978327,0.011323146453418973,0.047168431235624156,-0.0469886867575663
1340,2.048000000000001,-0.04686264684348973,0.00011617840899230668,0.010778608861643819,0.0014314129610636644,0.04686264684348973,-0.047320888022536374
1341,5.120000000000002,-0.04683469727395019,1.2788102674342278e-5,0.0035760456756510086,0.009148078546368206,0.04683469727395019,-0.04702781427012199
1342,2.048000000000001,-0.047088832415457686,4.0347598027502924e-5,0.006351975915217478,0.005651142045172448,0.047088832415457686,-0.047112774245470015
1343,5.120000000000002,-0.04715743610094822,6.929103996935749e-6,0.00263231912900692,0.003400172825848636,0.04715743610094822,-0.04706176736650354
1344,2.048000000000001,-0.04694265261749324,1.1661245318378174e-5,0.003414856558975527,0.005375945368731684,0.04694265261749324,-0.04706221039421927
1345,0.8192000000000004,-0.047306458917171064,0.00022124332085329468,0.014874250261888653,0.003674944822529806,0.047306458917171064,-0.047237281410914524
1346,2.048000000000001,-0.04733885066043221,2.6679201447695676e-5,0.005165191327307797,0.0036573333962538436,0.04733885066043221,-0.047092332867980424
1347,5.120000000000002,-0.04718973250657248,1.774544673939148e-5,0.004212534479311888,0.009506309162907204,0.04718973250657248,-0.04695523917348589
1348,2.048000000000001,-0.0467897741356201,0.00012524251313365136,0.011191180149280566,0.006428266453499252,0.0467897741356201,-0.047320545677826474
1349,5.120000000000002,-0.04684249876506255,1.3020838245825288e-5,0.0036084398631299496,0.00801823484613033,0.04684249876506255,-0.04706076560057972
1350,2.048000000000001,-0.0469148588125721,1.9963107709841848e-5,0.004468009367698533,0.010100261013107572,0.0469148588125721,-0.04702099369317644
1351,0.8192000000000004,-0.04735753231542639,5.320563095146588e-5,0.0072942190090143225,0.010251966525694876,0.04735753231542639,-0.04705879959007284
1352,0.3276800000000002,-0.048158611283879105,0.0018848811677678655,0.04341521815870405,0.008021459473577859,0.048158611283879105,-0.04787020038312671
1353,0.8192000000000005,-0.04791079908588627,0.0002956543691441587,0.017194602907428795,0.005116741943745661,0.04791079908588627,-0.04713409243535526
1354,2.048000000000001,-0.047378885408826024,5.523655176101497e-5,0.007432129692155201,0.010617047305077025,0.047378885408826024,-0.04697340837550596
1355,0.8192000000000004,-0.046473858292589564,0.00027518747360177757,0.016588775530513925,0.003972563995037463,0.046473858292589564,-0.04729739425950153
1356,2.048000000000001,-0.04646082209343157,3.2862104878599876e-5,0.0057325478522730075,0.005595650206263982,0.04646082209343157,-0.047043162935314305
1357,5.120000000000002,-0.04680215063614767,6.599344782450951e-6,0.0025689189910253984,0.005505235002392357,0.04680215063614767,-0.047078015524774364
1358,2.048000000000001,-0.04732674250232709,1.1692221488478572e-5,0.003419389051932899,0.004179369435294837,0.04732674250232709,-0.047092357602364965
1359,5.120000000000002,-0.04732413631986983,1.983050745726611e-6,0.001408208345993806,0.0011471224093474383,0.04732413631986983,-0.04707399576609161
1360,12.800000000000004,-0.04718306463672961,9.743871810474776e-7,0.000987110521191765,0.006725338657345144,0.04718306463672961,-0.04706070752685154
1361,5.120000000000002,-0.04704331012655902,2.493676284983768e-6,0.0015791378296348194,0.0053299531105143304,0.04704331012655902,-0.04706524674343232
1362,2.048000000000001,-0.04709212459615436,4.782340726747848e-6,0.0021868563571363912,0.010653934181722507,0.04709212459615436,-0.04704741844947233
1363,0.8192000000000004,-0.04676350761990837,1.6332460034135547e-5,0.004041343840127384,0.008291643545421716,0.04676350761990837,-0.047056145147826266
1364,0.3276800000000002,-0.04383346950956378,0.002067946114890996,0.04547467553365275,0.0069823685537293845,0.04383346950956378,-0.04771102547741814
1365,0.8192000000000005,-0.045786215407970274,0.00033077340243863463,0.018187176868294724,0.003896901627160017,0.045786215407970274,-0.047341162180708184
1366,2.048000000000001,-0.046913380730729363,2.547005564442328e-5,0.00504678666523792,0.003666578279281701,0.046913380730729363,-0.04709522008641915
1367,5.120000000000002,-0.04732413560682122,8.177019409858276e-6,0.0028595488122880987,0.00612894176390751,0.04732413560682122,-0.04703373745058659
1368,2.048000000000001,-0.04764507064608881,2.8958909018966548e-5,0.005381348252897832,0.005946931992158881,0.04764507064608881,-0.04707385642978188
1369,5.120000000000002,-0.04740205558423384,1.4008449007866519e-5,0.003742786262647991,0.014380944125870914,0.04740205558423384,-0.04695573752460812
1370,2.048000000000001,-0.04713406795625577,0.0001153571702125988,0.01074044553138271,0.0031489056619018424,0.04713406795625577,-0.04724057818403512
1371,5.120000000000002,-0.047038717479404114,4.2040277021025924e-6,0.0020503725764120513,0.0015047000077954343,0.047038717479404114,-0.047051815513109475
1372,12.800000000000004,-0.04709850176179945,1.947387740692838e-6,0.0013954883520448452,0.012465999617102118,0.04709850176179945,-0.04702040250382852
1373,5.120000000000002,-0.047076262462104085,3.7032115922772933e-6,0.0019243730387524382,0.0076771681708697175,0.047076262462104085,-0.04701328631136853
1374,2.048000000000001,-0.046912235640777886,0.00013039398967497058,0.01141901877023462,0.007432732884583218,0.046912235640777886,-0.04728344220506775
1375,5.120000000000002,-0.04690869986507801,1.0103128120834552e-5,0.0031785418230431627,0.00560093370473449,0.04690869986507801,-0.04715714923122876
1376,2.048000000000001,-0.04700731244756613,2.570032859910001e-5,0.005069549151463078,0.0034221831129739176,0.04700731244756613,-0.0471629576075099
1377,5.120000000000002,-0.04701693150402214,8.629306066336805e-6,0.00293756805305627,0.008544434277933758,0.04701693150402214,-0.04708824343736377
1378,2.048000000000001,-0.046955113219920054,2.6062622603310506e-5,0.005105156471971305,0.003772301224756362,0.046955113219920054,-0.04712308042624128
1379,5.120000000000002,-0.04702108089371119,1.045174921425938e-5,0.0032329165182941825,0.010774085551320603,0.04702108089371119,-0.0470194560503958
1380,2.048000000000001,-0.046830152440839226,4.334399418446062e-5,0.006583615586018113,0.007308741582436231,0.046830152440839226,-0.047111980059105045
1381,5.120000000000002,-0.04693782513920714,5.318678480458103e-6,0.002306226025448959,0.003119732246598843,0.04693782513920714,-0.04706916522584023
1382,2.048000000000001,-0.04689048325675508,5.052497468291352e-6,0.0022477761161404292,0.001276508343026479,0.04689048325675508,-0.047032045524571166
1383,5.120000000000002,-0.047034836117991016,4.133855658707743e-6,0.002033188544800443,0.0037560340416598354,0.047034836117991016,-0.04704582730545225
1384,2.048000000000001,-0.04725382823625237,3.322371488994343e-5,0.005764001638613875,0.008770597715877832,0.04725382823625237,-0.047123493630379
1385,0.8192000000000004,-0.04740505794951106,0.00011913532939148709,0.010914913164633382,0.006514844140429136,0.04740505794951106,-0.04718891566919176
1386,2.048000000000001,-0.04744761375158489,1.7731403076439037e-5,0.004210867259418069,0.0024022069822853182,0.04744761375158489,-0.04713620484678802
1387,5.120000000000002,-0.04729457172143183,6.07330631533163e-6,0.0024644079036011124,0.007278401945231092,0.04729457172143183,-0.04708809534045569
1388,2.048000000000001,-0.04699793385057837,1.0076388910578087e-5,0.003174332829206491,0.003421480010944705,0.04699793385057837,-0.04707685180475126
1389,5.120000000000002,-0.047052643519806425,4.29999860383038e-6,0.0020736437986863558,0.0038322998256551627,0.047052643519806425,-0.04704246161845354
1390,2.048000000000001,-0.04730170099102103,3.299272914704515e-5,0.005743929765156008,0.00523275975134692,0.04730170099102103,-0.04712266032217756
1391,5.120000000000002,-0.04708024814292451,9.63369859924382e-6,0.0031038200011024833,0.005579046404944246,0.04708024814292451,-0.04707736534807455
1392,2.048000000000001,-0.046887534083279565,3.240205644144461e-5,0.0056922804254046205,0.002301558540497956,0.046887534083279565,-0.04716252714809359
1393,5.120000000000002,-0.04692676755972397,2.1322984611841312e-5,0.004617681735659281,0.010231894620504703,0.04692676755972397,-0.04698108332969038
1394,2.048000000000001,-0.046634359558013955,7.988434376562763e-5,0.008937804191501827,0.011401029790365228,0.046634359558013955,-0.047195088384494356
1395,0.8192000000000004,-0.04689402410566157,0.00025268046245953234,0.015895925970497358,0.004893735099429849,0.04689402410566157,-0.04731068793841975
1396,2.048000000000001,-0.04709160729865883,3.4118041656635356e-5,0.005841065113199421,0.005366841910219751,0.04709160729865883,-0.047083822469077954
1397,5.120000000000002,-0.04706834586343091,5.085717348080074e-6,0.0022551535087616706,0.005927589081752243,0.04706834586343091,-0.047074774946771696
1398,2.048000000000001,-0.047015470572803475,7.723336283449025e-6,0.002779089110382937,0.006257697495012713,0.047015470572803475,-0.04706169961742804
1399,0.8192000000000004,-0.04704940739545554,2.264316771220753e-5,0.004758483761893859,0.005103780500267103,0.04704940739545554,-0.047074018140683314
1400,2.048000000000001,-0.04710638611771622,4.632841244941726e-6,0.0021524035971308276,0.0034411761343331225,0.04710638611771622,-0.04706824309341178
1401,0.8192000000000004,-0.04727063573159541,6.938216330975652e-6,0.002634049416957786,0.0058026548790400395,0.04727063573159541,-0.047059707961098714
1402,0.3276800000000002,-0.04729807973453792,0.0002770514081609487,0.016644861313959595,0.0055198357990834945,0.04729807973453792,-0.047172655748470384
1403,0.8192000000000005,-0.04717930662275994,5.263533906088663e-5,0.0072550216444120024,0.0017585836607915788,0.04717930662275994,-0.047141391700788494
1404,2.048000000000001,-0.04720054092120489,4.289316436209081e-5,0.0065492873171125125,0.01079393631876913,0.04720054092120489,-0.04700902387055242
1405,0.8192000000000004,-0.047045954534858866,0.0002544859756959218,0.015952616578352334,0.003930315632617591,0.047045954534858866,-0.047291279531122506
1406,2.048000000000001,-0.04707571886563131,1.4562106311014256e-5,0.003816032797423819,0.0009932069986622895,0.04707571886563131,-0.04708417358319065
1407,5.120000000000002,-0.04706204380602354,3.039197913873198e-6,0.0017433295482705495,0.0035659058635677515,0.04706204380602354,-0.047073903957793
1408,2.048000000000001,-0.04717229425629505,7.224569698125374e-6,0.002687855966774517,0.003964242733981128,0.04717229425629505,-0.04708012174988612
1409,0.8192000000000004,-0.04724115270727,1.2984689369543022e-5,0.0036034274475203495,0.002615649654819996,0.04724115270727,-0.04707969023493534
1410,2.048000000000001,-0.04720134654695002,2.9946217700967473e-6,0.0017304975498673054,0.002667204997328025,0.04720134654695002,-0.04707282578961578
1411,0.8192000000000004,-0.047245294440455124,3.0238413658976006e-6,0.0017389195973067876,0.0008347022265733048,0.047245294440455124,-0.04706500435497394
1412,2.048000000000001,-0.047174445009828724,2.9565986803473225e-6,0.0017194762808330107,0.0008286670390415329,0.047174445009828724,-0.04706823260238039
1413,5.120000000000002,-0.04714694682658657,1.3693891470453875e-6,0.0011702090185284795,0.0006534552623325283,0.04714694682658657,-0.04705956670898807
1414,12.800000000000004,-0.04710137669796341,9.959079432452128e-7,0.0009979518742129867,0.004444447369119775,0.04710137669796341,-0.04705688760598751
1415,5.120000000000002,-0.047100569318670814,3.214326031661627e-6,0.0017928541579452656,0.005188140370670476,0.047100569318670814,-0.04707259257456621
1416,2.048000000000001,-0.04710320228444995,3.1460393471810403e-6,0.001773707796448175,0.0014830908817913997,0.04710320228444995,-0.04705059985168795
1417,5.120000000000002,-0.047033596107326915,2.9288358310661498e-6,0.001711384185700613,0.004611046250710732,0.047033596107326915,-0.0470737253762372
1418,2.048000000000001,-0.04702395684851296,4.596518815802558e-6,0.002143949350101946,0.007865167846445661,0.04702395684851296,-0.04706857435847197
1419,0.8192000000000004,-0.04701347800496207,0.00019261279146191905,0.013878501052416253,0.009855843422971983,0.04701347800496207,-0.04720971961243586
1420,2.048000000000001,-0.046898991029626476,3.143924810907817e-5,0.00560707125949708,0.003923609697782802,0.046898991029626476,-0.047187664613455964
1421,5.120000000000002,-0.04679302057622959,1.2826465522345826e-5,0.0035814055233030825,0.005434845703893165,0.04679302057622959,-0.04708865711775892
1422,2.048000000000001,-0.04695996837934408,3.816806058873913e-5,0.006178030478132908,0.0031285271875969556,0.04695996837934408,-0.04715017108266096
1423,5.120000000000002,-0.04695615020594857,1.492187911306972e-5,0.0038628848174738165,0.014534991493503884,0.04695615020594857,-0.047013236934523125
1424,2.048000000000001,-0.04712544756732295,7.679205258564995e-5,0.008763107473131318,0.004407122145728731,0.04712544756732295,-0.047188154154467074
1425,5.120000000000002,-0.04708765030840685,5.1142329734954645e-6,0.0022614669958890546,0.0039205632377582655,0.04708765030840685,-0.04707109665527107
1426,2.048000000000001,-0.04732423095546316,3.699781546775534e-5,0.006082582960203284,0.005316056972535656,0.04732423095546316,-0.047160001922786784
1427,5.120000000000002,-0.04728601673168687,2.4873882064772152e-5,0.004987372260496719,0.013329647546836543,0.04728601673168687,-0.046961223749428294
1428,2.048000000000001,-0.0472628881822254,0.00011580309554478025,0.010761184671995005,0.0032370296028296276,0.0472628881822254,-0.04732276504148595
1429,5.120000000000002,-0.047254997720031,1.5951807645957515e-5,0.003993971412761678,0.011803781585227486,0.047254997720031,-0.04703605986386104
1430,2.048000000000001,-0.046788839224710846,2.6592490458978005e-5,0.005156790713125558,0.01229872791770953,0.046788839224710846,-0.04698731604423802
1431,0.8192000000000004,-0.046933874609077365,0.00033880770833711173,0.01840672997403699,0.010539136711617263,0.046933874609077365,-0.04731815181057688
1432,2.048000000000001,-0.04680773969829497,5.836483364302024e-5,0.007639688059274426,0.004467049764444166,0.04680773969829497,-0.04718881026923456
1433,5.120000000000002,-0.046886333270673305,9.406159643870417e-6,0.0030669463059972892,0.007105098791230191,0.046886333270673305,-0.04706176494796132
1434,2.048000000000001,-0.0472316052692465,1.3945774872864647e-5,0.003734404219265055,0.00899133639776688,0.0472316052692465,-0.047023269959739177
1435,0.8192000000000004,-0.04713355025640796,0.0001758369586662734,0.013260352886189469,0.006264063298246486,0.04713355025640796,-0.047173090920227784
1436,2.048000000000001,-0.04702267964876922,2.0435574535667275e-5,0.004520572368148449,0.003832404848884455,0.04702267964876922,-0.047116723369885836
1437,5.120000000000002,-0.04694620234718198,8.587834590154303e-6,0.002930500740514205,0.0061999912929203435,0.04694620234718198,-0.04705532141590452
1438,2.048000000000001,-0.04691125457422124,8.773816902058343e-6,0.0029620629470114815,0.0067346934024632415,0.04691125457422124,-0.04699790924010171
1439,0.8192000000000004,-0.04788083217347613,0.0004095293411038863,0.020236831300969187,0.0048857050077955695,0.04788083217347613,-0.047341017103435946
1440,2.048000000000001,-0.0476419323118326,2.9180166598178627e-5,0.005401866954875751,0.0039156034232963426,0.0476419323118326,-0.04711168485007434
1441,5.120000000000002,-0.047393451809174245,8.477101421015795e-6,0.0029115462251209055,0.009618959661071472,0.047393451809174245,-0.047043892998450174
1442,2.048000000000001,-0.04697507878238023,2.6685302768395824e-5,0.005165781912585531,0.005588999310402076,0.04697507878238023,-0.04708653445290464
1443,5.120000000000002,-0.046844363202701196,4.338467131282271e-6,0.002082898732843791,0.008466104399655634,0.046844363202701196,-0.0470730805761226
1444,2.048000000000001,-0.046891511072929805,1.4831909256241121e-5,0.0038512217874644822,0.004738087479684669,0.046891511072929805,-0.04709550305243516
1445,5.120000000000002,-0.047076723874571486,2.6321527912956885e-6,0.0016223910722435847,0.000948490607303014,0.047076723874571486,-0.047081395833479436
1446,12.800000000000004,-0.04713440629481882,1.1088503629127896e-6,0.0010530196403262333,0.008033745822714745,0.04713440629481882,-0.047064856255210966
1447,5.120000000000002,-0.04715248055444931,1.5684958078943173e-6,0.0012523960267799947,0.01128111160759502,0.04715248055444931,-0.04705039948409646
1448,2.048000000000001,-0.047316424634980855,9.91795416034502e-6,0.0031492783554879712,0.007110367588719783,0.047316424634980855,-0.0470628039464038
1449,0.8192000000000004,-0.047324663651750754,2.501232739322051e-5,0.005001232587394882,0.006909138211608743,0.047324663651750754,-0.04707847215925689
1450,0.3276800000000002,-0.04650813426265349,4.337222435138642e-5,0.006585759208427409,0.0037177247100411734,0.04650813426265349,-0.04708552247360325
1451,0.8192000000000005,-0.0461804831730361,0.0006507942785248851,0.025510669895651213,0.005214748679068179,0.0461804831730361,-0.047537384703986475
1452,2.048000000000001,-0.04668710244864752,0.0004902516267828507,0.02214162656136289,0.02987182293778816,0.04668710244864752,-0.04598239686671707
1453,0.8192000000000004,-0.046112342099363816,0.002242360477643421,0.04735356879521776,0.0036504994678028704,0.046112342099363816,-0.04900441170842037
1454,2.048000000000001,-0.04686610661983027,0.00019139209309065002,0.013834453118596702,0.01191850604397663,0.04686610661983027,-0.04706613455659134
1455,5.120000000000002,-0.04695690783696707,3.698000189092939e-5,0.0060811184736797716,0.009166562998397094,0.04695690783696707,-0.04699749710140811
1456,2.048000000000001,-0.04733981504104808,0.00012247502868999478,0.011066843664297187,0.01088875301640192,0.04733981504104808,-0.0471533099542198
1457,5.120000000000002,-0.04720737381968099,1.5071530087715935e-5,0.0038822068579244893,0.009663748552577787,0.04720737381968099,-0.047042305824818595
1458,2.048000000000001,-0.04704838358555521,1.6784962176796554e-5,0.00409694546910214,0.011146363034014043,0.04704838358555521,-0.04696874574314666
1459,0.8192000000000004,-0.04638952301038473,0.0005036379186805735,0.022441878679838136,0.008895308650522566,0.04638952301038473,-0.04741326860698033
1460,2.048000000000001,-0.046681207060274746,4.992350535712823e-5,0.007065656753418484,0.0042848687923544015,0.046681207060274746,-0.047146893932681774
1461,5.120000000000002,-0.04701651164247011,1.1943618390771018e-5,0.003455954049285236,0.007664663121716244,0.04701651164247011,-0.04702768997381358
1462,2.048000000000001,-0.047117189010032375,5.9416507220523566e-5,0.007708210377287556,0.007689746592630477,0.047117189010032375,-0.04714241944969269
1463,5.120000000000002,-0.04710138262225111,1.2340800196199946e-5,0.0035129475083183277,0.007277912217821313,0.04710138262225111,-0.04706071599848774
1464,2.048000000000001,-0.04715805379893372,2.8552166885529373e-5,0.005343422768743773,0.008728662494909,0.04715805379893372,-0.04709607752728514
1465,0.8192000000000004,-0.0473204607146596,0.0001497925053567954,0.01223897484909563,0.007443574435683835,0.0473204607146596,-0.047177966678925716
1466,2.048000000000001,-0.04711466410171534,2.8919448823989413e-5,0.00537768061751434,0.0011709198844110456,0.04711466410171534,-0.047089813504875094
1467,5.120000000000002,-0.047013150491655525,1.4167110563038607e-5,0.003763922231268681,0.010591420570235752,0.047013150491655525,-0.04698617898344096
1468,2.048000000000001,-0.04703766134441732,1.5566458902463413e-5,0.0039454351981072265,0.01009237840877451,0.04703766134441732,-0.046894347734007774
1469,0.8192000000000004,-0.047480254444417606,0.0008604733910912983,0.02933382673793684,0.00582987541708561,0.047480254444417606,-0.047900272417196785
1470,2.048000000000001,-0.04739551341368151,7.016936519414157e-5,0.008376715656756028,0.002570132057823216,0.04739551341368151,-0.04712880411732628
1471,5.120000000000002,-0.0472035672372778,1.885536411520524e-5,0.004342276374806795,0.009552274259936745,0.0472035672372778,-0.046996144878959596
1472,2.048000000000001,-0.04682602409511103,4.6053396355966366e-5,0.006786265273032463,0.008545661331497865,0.04682602409511103,-0.047022195065261424
1473,0.8192000000000004,-0.04671043889046137,4.824434371175182e-5,0.00694581483425464,0.016745855360698753,0.04671043889046137,-0.0469081981920709
1474,0.3276800000000002,-0.046302332971304726,0.0033833468834303863,0.05816654436555765,0.00259956471906291,0.046302332971304726,-0.048345931561947816
1475,0.8192000000000005,-0.04635646630031033,0.000426322619057634,0.02064758143361188,0.0026335170994688465,0.04635646630031033,-0.04724609273195997
1476,2.048000000000001,-0.04681640967940861,8.253183634808915e-5,0.00908470342653458,0.008674372824360578,0.04681640967940861,-0.046945631164850954
1477,5.120000000000002,-0.04706675290736543,3.790564266704974e-5,0.006156755855728708,0.020410545871520504,0.04706675290736543,-0.04675880972409996
1478,2.048000000000001,-0.04730952584941606,0.0002925068998199824,0.017102833093379073,0.009078560301347492,0.04730952584941606,-0.04762403358793257
1479,5.120000000000002,-0.047272267301932396,2.1712050459259822e-5,0.004659619132424862,0.009256533970545744,0.047272267301932396,-0.04704236818611489
1480,2.048000000000001,-0.04701137003128532,4.904814290350169e-5,0.007003437934579109,0.007193422103607148,0.04701137003128532,-0.04711164611289287
1481,5.120000000000002,-0.04694084364247559,6.437857712938916e-6,0.0025372933833001884,0.006016520173592131,0.04694084364247559,-0.04706618496553207
1482,2.048000000000001,-0.04685111667537113,6.852617064363888e-6,0.0026177503823634307,0.005595412433049302,0.04685111667537113,-0.04702958294122298
1483,0.8192000000000004,-0.0468380584147531,6.873640996051566e-6,0.002621762955732567,0.0015408362726924635,0.0468380584147531,-0.047010692825243616
1484,2.048000000000001,-0.046975559831073446,1.864871772821092e-5,0.004318416113369684,0.0063305230034989635,0.046975559831073446,-0.0470658962295414
1485,0.8192000000000004,-0.047450753004413676,1.893845246839697e-5,0.004351833230765739,0.005338822097614367,0.047450753004413676,-0.04702124784631144
1486,2.048000000000001,-0.04710977374945093,1.3149435017522237e-5,0.0036262149712230573,0.0029596670014992808,0.04710977374945093,-0.04707123126841613
1487,5.120000000000002,-0.046950106567576456,2.4836438050419156e-6,0.0015759580594171647,0.0072941402710731415,0.046950106567576456,-0.04704736276847855
1488,2.048000000000001,-0.046820298090197124,2.7659145142021774e-6,0.001663103879558393,0.005178327968527894,0.046820298090197124,-0.0470338552857758
1489,0.8192000000000004,-0.0475994900025181,0.00044656357730432487,0.021132050948838944,0.0025918942764289817,0.0475994900025181,-0.047346323736944695
1490,2.048000000000001,-0.0473662961787122,6.251511079935547e-5,0.0079066497835275,0.0036855967090543575,0.0473662961787122,-0.047166190605238995
1491,5.120000000000002,-0.04711572525078353,1.6295640793570812e-5,0.004036785948445968,0.011842938676092702,0.04711572525078353,-0.047000267626428574
1492,2.048000000000001,-0.04679013997395191,4.7304875103583314e-5,0.006877853960617608,0.008066701597140853,0.04679013997395191,-0.04706859389642156
1493,5.120000000000002,-0.046923851185621916,9.006080907452617e-6,0.0030010133134414146,0.009825310891851489,0.046923851185621916,-0.047006224851022585
1494,2.048000000000001,-0.04704380458633727,1.2125460716599931e-5,0.0034821632237159606,0.007546284925433803,0.04704380458633727,-0.04696785216087111
1495,0.8192000000000004,-0.04725111630617795,0.0005164313113697505,0.022725125112301375,0.009115611599361606,0.04725111630617795,-0.0473677289421451
1496,2.048000000000001,-0.047226239939188334,8.16477362078298e-5,0.009035913689706748,0.0012710703048480286,0.047226239939188334,-0.04720161300470221
1497,5.120000000000002,-0.04724060848455454,2.1606408252540656e-5,0.004648269382527293,0.011921230294214142,0.04724060848455454,-0.046971086547484095
1498,2.048000000000001,-0.04688863808128307,0.00010304834354455609,0.010151273001183451,0.012126924875363775,0.04688863808128307,-0.04723782525123678
1499,5.120000000000002,-0.046907996886560804,1.8308248397912694e-5,0.0042788139008272715,0.0068287203794805814,0.046907996886560804,-0.047089214736959484
1500,2.048000000000001,-0.046946162862606694,3.148839106779655e-5,0.005611451778978106,0.008215363971773387,0.046946162862606694,-0.04708362821244397
1501,0.8192000000000004,-0.04708978581502358,7.921406603200735e-5,0.008900228425833089,0.005263335667820177,0.04708978581502358,-0.0471274933690859
1502,2.048000000000001,-0.04702922051797123,1.2749943398882798e-5,0.0035707062885209136,0.0035119960775554467,0.04702922051797123,-0.04710325006508376
1503,5.120000000000002,-0.047058705883463656,8.001832377110968e-6,0.002828751027770201,0.018892515502320843,0.047058705883463656,-0.047044063013316206
1504,2.048000000000001,-0.04717640648237052,2.6731333598159112e-5,0.0051702353522986855,0.006749292088676758,0.04717640648237052,-0.04708586744931066
1505,0.8192000000000004,-0.047114008058157505,4.965099843382188e-5,0.007046346459962204,0.0032873011670960326,0.047114008058157505,-0.04710048148874101
1506,2.048000000000001,-0.04733492357407244,8.726589666874288e-6,0.0029540801727228542,0.003627910534303377,0.04733492357407244,-0.04708374774723881
1507,5.120000000000002,-0.04717032780491153,3.9580927190892805e-6,0.0019894955941366847,0.007111211548454003,0.04717032780491153,-0.04705568525036123
1508,2.048000000000001,-0.047130799079380954,4.200934130260527e-6,0.0020496180449685077,0.0017935349217459398,0.047130799079380954,-0.04702899782729763
1509,5.120000000000002,-0.04703228011306339,4.035225081323204e-6,0.002008786967630765,0.011199881043526498,0.04703228011306339,-0.04702346205988423
1510,2.048000000000001,-0.046845723906353255,0.00013258796385537755,0.011514684704992036,0.006946183552658984,0.046845723906353255,-0.0473024918146919
1511,5.120000000000002,-0.04686878320844922,1.5581965808215736e-5,0.003947399879441623,0.0074301063332235006,0.04686878320844922,-0.047088036080041175
1512,2.048000000000001,-0.04737384597792499,3.326824321531801e-5,0.005767862967799946,0.005939588779212393,0.04737384597792499,-0.04711225767131722
1513,5.120000000000002,-0.04739852513688145,8.240904105522928e-6,0.00287069749460352,0.009873693276744993,0.04739852513688145,-0.04704491047356761
1514,2.048000000000001,-0.04697485004000801,4.3473083332838455e-5,0.0065934121161079,0.008582405678757442,0.04697485004000801,-0.04713172222052688
1515,0.8192000000000004,-0.046828400447353306,4.0960881109521723e-5,0.006400068836311194,0.00743576326189564,0.046828400447353306,-0.04705419912012453
1516,2.048000000000001,-0.0470109878503294,2.1461223443838346e-5,0.004632625977114745,0.004146967059571772,0.0470109878503294,-0.047084669970636595
1517,5.120000000000002,-0.04709033746646548,5.003283345738175e-6,0.0022368020354376857,0.007325318905695536,0.04709033746646548,-0.04705193182311635
1518,2.048000000000001,-0.04738176076801535,1.1003489108319865e-5,0.003317150751521532,0.004336111427210521,0.04738176076801535,-0.047053806845243275
1519,0.8192000000000004,-0.047427523068896665,2.83566334949485e-5,0.005325094693519402,0.007408768427865585,0.047427523068896665,-0.04707187012993773
1520,0.3276800000000002,-0.04737151694902838,2.8366250285998564e-5,0.005325997585992559,0.001486756905499323,0.04737151694902838,-0.047040532586975485
1521,0.8192000000000005,-0.0468873656885974,2.7049491868427012e-5,0.0052009125995758675,0.003542163104975213,0.0468873656885974,-0.04707231875042859
1522,2.048000000000001,-0.047094225499863314,6.560516008910423e-6,0.0025613504268081756,0.001050854561626676,0.047094225499863314,-0.047050740465758495
1523,5.120000000000002,-0.04711197599208758,4.735120345324483e-6,0.0021760331673309767,0.007602542908199106,0.04711197599208758,-0.047017582670796955
1524,2.048000000000001,-0.04708300769024841,0.00012262833200718282,0.011073767742154557,0.009601329254028398,0.04708300769024841,-0.047277864605383906
1525,5.120000000000002,-0.04684285160340734,1.7879145583052167e-5,0.00422837386982894,0.009590917312864744,0.04684285160340734,-0.047079379708975
1526,2.048000000000001,-0.046990662646952994,3.148119407698515e-5,0.0056108104652523375,0.006838432161209557,0.046990662646952994,-0.047078781634816554
1527,5.120000000000002,-0.04694569248872265,9.135408023621073e-6,0.0030224837507621233,0.012695981066096082,0.04694569248872265,-0.04702336344906242
1528,2.048000000000001,-0.04693264565285924,1.8846610229839067e-5,0.0043412682743455356,0.008805307783865516,0.04693264565285924,-0.04703816330358115
1529,0.8192000000000004,-0.04743342906811456,0.0004981158407214453,0.022318508926929805,0.00660540797188776,0.04743342906811456,-0.04751909235507988
1530,2.048000000000001,-0.04742047917861875,0.00026498276646999086,0.016278291263827138,0.01727084387441413,0.04742047917861875,-0.04659810561198907
1531,5.120000000000002,-0.047288151277585275,5.153827473789493e-5,0.0071790162792610334,0.008729846965185433,0.047288151277585275,-0.04716879651401383
1532,12.800000000000004,-0.04714750031729167,1.4699814702402887e-5,0.003834033737775776,0.02521975840841463,0.04714750031729167,-0.04675871670970852
1533,5.120000000000002,-0.04675861772801338,0.00010340577497833888,0.010168863013057992,0.009846869262022731,0.04675861772801338,-0.047602852237498675
1534,12.800000000000004,-0.046836849755046504,1.5055977388126324e-5,0.0038802032663413813,0.029410646247647856,0.046836849755046504,-0.04696933085584213
1535,5.120000000000002,-0.0465899172848308,2.0090687117934425e-5,0.004482263615399526,0.056976548654563426,0.0465899172848308,-0.04669991548193958
1536,2.048000000000001,-0.04772723118947586,0.0005058716333492937,0.022491590280575843,0.003409772164198431,0.04772723118947586,-0.048284493737599986
1537,5.120000000000002,-0.047607930335875764,4.318528314213535e-5,0.006571551045387637,0.01072428010472961,0.047607930335875764,-0.047070443007430594
1538,2.048000000000001,-0.047353941506772836,8.848618751692219e-5,0.009406709707273963,0.010946859690635743,0.047353941506772836,-0.0471786500022034
1539,5.120000000000002,-0.047133413817625036,1.1287885401797813e-5,0.0033597448417696566,0.005429030321920882,0.047133413817625036,-0.047076357024684545
1540,2.048000000000001,-0.04670607407765837,1.4953460167696114e-5,0.0038669704120533575,0.007531004534422149,0.04670607407765837,-0.04703652360897628
1541,0.8192000000000004,-0.04619255773547845,0.0001503178347644125,0.012260417397642403,0.010677650774168027,0.04619255773547845,-0.04710821640655208
1542,2.048000000000001,-0.04661260128291585,2.1968486365586823e-5,0.004687055191224744,0.0053042967895327794,0.04661260128291585,-0.04710014827134029
1543,5.120000000000002,-0.046873621265794085,4.138448145278787e-6,0.0020343176117014737,0.0072148331156091025,0.046873621265794085,-0.04708260578399766
1544,2.048000000000001,-0.04726861463325955,9.667698009076727e-6,0.0031092922038748185,0.0033339557337461133,0.04726861463325955,-0.04709912148951434
1545,5.120000000000002,-0.04721531716817977,2.1988296454400403e-6,0.001482845118493513,0.0015534325226310838,0.04721531716817977,-0.04708436348546545
1546,12.800000000000004,-0.047153357428307195,1.9976036247918383e-6,0.0014133660618508704,0.01669456315774029,0.047153357428307195,-0.04704836042916716
1547,5.120000000000002,-0.047018963123599336,2.5232043529481695e-6,0.0015884597423127126,0.012767735776418316,0.047018963123599336,-0.047019970360631894
1548,2.048000000000001,-0.04688077762108264,9.67131883807274e-5,0.009834286368655704,0.0065336909763885394,0.04688077762108264,-0.04726984309839528
1549,5.120000000000002,-0.04688576793565821,1.118446224061264e-5,0.0033443179036408365,0.006900482579112781,0.04688576793565821,-0.0470911611927774
1550,2.048000000000001,-0.04698681127126144,2.8434961062060344e-5,0.005332444192118689,0.002323763796725225,0.04698681127126144,-0.047141509056456234
1551,5.120000000000002,-0.04714731370426079,6.515929263930816e-6,0.002552631830862182,0.0017427950299833501,0.04714731370426079,-0.04707113276354871
1552,12.800000000000004,-0.04719344767407956,6.230428937664386e-6,0.0024960827185140293,0.015824089097586785,0.04719344767407956,-0.04695855329383044
1553,5.120000000000002,-0.04718861495853021,3.1657666104683515e-5,0.0056265145609589885,0.013103843016266556,0.04718861495853021,-0.04712149326542678
1554,2.048000000000001,-0.04675657834060765,6.648503835923803e-5,0.008153835806492428,0.014195167385237743,0.04675657834060765,-0.047225941859481355
1555,0.8192000000000004,-0.046815693112235136,0.0008160479165995391,0.028566552410109608,0.007061247105540354,0.046815693112235136,-0.047895186433976604
1556,2.048000000000001,-0.047076450919993414,0.00010732128767385984,0.010359598818190782,0.00978941468006069,0.047076450919993414,-0.047106825605957844
1557,5.120000000000002,-0.04693807171673838,1.8371122069226496e-5,0.004286154694971531,0.009400416564397778,0.04693807171673838,-0.04707387611150347
1558,2.048000000000001,-0.04693604678354495,4.877878741756283e-5,0.006984181227428369,0.004357227757046382,0.04693604678354495,-0.04715081472912067
1559,5.120000000000002,-0.04707252879473132,3.521091392365168e-5,0.005933878489120895,0.017342288651115173,0.04707252879473132,-0.04686782929384494
1560,2.048000000000001,-0.047044946459656116,0.00024132859632487107,0.015534754466191961,0.002080791006653169,0.047044946459656116,-0.04753143563092046
1561,5.120000000000002,-0.046899262371968016,8.7963282072709e-5,0.009378874243357196,0.03966201049686139,0.046899262371968016,-0.0465664380125534
1562,2.048000000000001,-0.047140697765964495,0.00045230227139378545,0.02126739926257523,0.009468363330542075,0.047140697765964495,-0.04797698904194842
1563,5.120000000000002,-0.04708716187575638,5.160282749436548e-5,0.00718351080561347,0.03162361209143472,0.04708716187575638,-0.046927782373972556
1564,2.048000000000001,-0.047151006366163505,0.00018823565524802752,0.013719899972231121,0.004315863631216415,0.047151006366163505,-0.04744554264323166
1565,5.120000000000002,-0.047179125796833914,5.1472034628278155e-5,0.007174401342849322,0.033169478102896284,0.047179125796833914,-0.04678770513868081
1566,2.048000000000001,-0.04693316176431088,0.00027635972361687595,0.016624070609116047,0.008259034678597522,0.04693316176431088,-0.0476473822855642
1567,5.120000000000002,-0.04706730572655542,1.539812012287223e-5,0.003924043848235164,0.009662079620075236,0.04706730572655542,-0.0470621113089041
1568,2.048000000000001,-0.046979223254049955,3.8325507139916795e-5,0.006190759819272332,0.0012280879930687755,0.046979223254049955,-0.04714073468448086
1569,5.120000000000002,-0.04700120671661783,4.553108311856721e-6,0.002133801375914994,0.0015210269664843294,0.04700120671661783,-0.04707844948266024
1570,12.800000000000004,-0.047085902631676745,2.4251121099105656e-6,0.0015572771461466214,0.014448736428614425,0.047085902631676745,-0.04703544229061832
1571,5.120000000000002,-0.047047466555753786,1.4976859621836651e-5,0.0038699947831795137,0.007815334625997959,0.047047466555753786,-0.047127794621036154
1572,2.048000000000001,-0.046894064502317735,2.1537391873963723e-5,0.00464083956563505,0.00542455569292954,0.046894064502317735,-0.04712117854083742
1573,5.120000000000002,-0.04698215659959199,4.886077267329723e-6,0.0022104473002832986,0.009247016319408151,0.04698215659959199,-0.04707097513691842
1574,2.048000000000001,-0.047183596221381435,1.733696614244579e-5,0.0041637682623371095,0.0012003035720868865,0.047183596221381435,-0.047115749251510644
1575,5.120000000000002,-0.04708417024243789,7.042540918244858e-6,0.002653778611385068,0.012425929664372174,0.04708417024243789,-0.04704894397623871
1576,2.048000000000001,-0.047053505420575174,3.174942199665878e-5,0.005634662545056161,0.0062558101671662866,0.047053505420575174,-0.04712284442053131
1577,5.120000000000002,-0.047128654187077665,3.7084573632922016e-6,0.0019257355382534232,0.00739818568107805,0.047128654187077665,-0.04708057529088633
1578,2.048000000000001,-0.04709555029102135,6.7861108922940604e-6,0.0026050164859927586,0.0009521521252620701,0.04709555029102135,-0.047082846196419725
1579,5.120000000000002,-0.04714612578044914,4.532336652789502e-6,0.0021289285222358925,0.013266550638213583,0.04714612578044914,-0.047045830507012075
1580,2.048000000000001,-0.04683118108312812,2.820462391754538e-5,0.005310802568119566,0.004960834617416293,0.04683118108312812,-0.047122558566203225
1581,5.120000000000002,-0.04697544439202737,1.2271197845574864e-6,0.001107754388191483,0.0013625028630257622,0.04697544439202737,-0.04707550994790145
1582,12.800000000000004,-0.047079346723743,7.200302262309655e-7,0.0008485459482143353,0.010562639565688111,0.047079346723743,-0.04706375123374994
1583,5.120000000000002,-0.04722744026510826,1.062412185732106e-6,0.0010307338093475474,0.007794509370364385,0.04722744026510826,-0.04705627988180374
1584,2.048000000000001,-0.04708815453566472,1.4215028361247535e-6,0.0011922679380595427,0.005495078204804701,0.04708815453566472,-0.04705411298453409
1585,0.8192000000000004,-0.04694981191982756,0.00017445903433976347,0.0132082941495018,0.01251485568938264,0.04694981191982756,-0.04721813480840892
1586,2.048000000000001,-0.04727154184510831,6.902726570295694e-5,0.008308264903272942,0.02272263063722763,0.04727154184510831,-0.046993878537978644
1587,0.8192000000000004,-0.04720314449614032,0.00025808670297680137,0.01606507712327586,0.014238086287250366,0.04720314449614032,-0.04723875806923591
1588,2.048000000000001,-0.04703875940446212,2.2498705437806945e-5,0.004743280029452925,0.006952984233248752,0.04703875940446212,-0.04711342803501826
1589,0.8192000000000004,-0.04710487010214262,2.8620796303228144e-5,0.005349840773633188,0.00611250052259832,0.04710487010214262,-0.047097154734249344
1590,2.048000000000001,-0.04693183700099356,7.755498482197678e-6,0.002784869562869629,0.0033109447356594068,0.04693183700099356,-0.047079878422153
1591,5.120000000000002,-0.046950746443872024,3.6971997588671463e-6,0.001922810380372216,0.007019191564458039,0.046950746443872024,-0.04706744150674829
1592,2.048000000000001,-0.04706970293472377,4.997216498437074e-6,0.0022354454809807092,0.007686128688587841,0.04706970293472377,-0.04704469299829486
1593,0.8192000000000004,-0.04703390439041665,1.0632284488265267e-5,0.003260718400638925,0.010104895386503065,0.04703390439041665,-0.04704093429643183
1594,0.3276800000000002,-0.04894762816749497,0.0030558900332432128,0.05528010522098536,0.0027060947004617503,0.04894762816749497,-0.04786445564846955
1595,0.8192000000000005,-0.04847958092732556,0.0003419791677455414,0.01849267876067557,0.0016968649762417415,0.04847958092732556,-0.047173913089995446
1596,2.048000000000001,-0.04761428366749955,5.007420317682869e-5,0.007076312823556395,0.00872301997684093,0.04761428366749955,-0.04708182829102953
1597,5.120000000000002,-0.047245397760370816,1.9224094704718674e-5,0.004384529017433763,0.012754856981976497,0.047245397760370816,-0.04696367252512462
1598,2.048000000000001,-0.046534834021858824,0.00010884569563737723,0.010432914053004425,0.008099405788621838,0.046534834021858824,-0.0472483242422191
1599,5.120000000000002,-0.046424845270090324,2.4094052361270088e-5,0.004908569278442557,0.021018657398193082,0.046424845270090324,-0.047015582696221324
1600,2.048000000000001,-0.04692570340352536,9.097201922905361e-5,0.009537925310519767,0.005660568249336794,0.04692570340352536,-0.04722858317172008
1601,5.120000000000002,-0.04699978002780482,2.030303377535486e-5,0.004505888788613725,0.0203387127142918,0.04699978002780482,-0.04697893933253422
1602,2.048000000000001,-0.047483990979479994,0.00011555546803313287,0.010749672926797953,0.004162031899783114,0.047483990979479994,-0.047292859596396654
1603,5.120000000000002,-0.047336824200351534,6.2669992485845376e-6,0.0025033975410598567,0.006059113548543105,0.047336824200351534,-0.04708404471435342
1604,2.048000000000001,-0.04707619980789883,1.212880565295193e-5,0.00348264348634079,0.002458572141061128,0.04707619980789883,-0.047091549913883826
1605,5.120000000000002,-0.04701843947458493,3.675700739996931e-6,0.001917211709748543,0.0057737632551557155,0.04701843947458493,-0.047063830507801184
1606,2.048000000000001,-0.046890477287298706,1.7942926522063965e-5,0.0042359091730187,0.003823920881867875,0.046890477287298706,-0.04711089937629678
1607,5.120000000000002,-0.04702400283512357,5.5327873272557905e-6,0.0023521877746591133,0.007815611615779396,0.04702400283512357,-0.04705903547127455
1608,2.048000000000001,-0.047215535529445234,2.068370387263492e-5,0.00454793402245843,0.001433925575938691,0.047215535529445234,-0.04712217592405237
1609,5.120000000000002,-0.047165964353819326,6.229689120996479e-6,0.0024959345185714466,0.01153762117350782,0.047165964353819326,-0.047058442460719455
1610,2.048000000000001,-0.04692587048491376,1.4611464524923523e-5,0.0038224945421705342,0.007392386648369556,0.04692587048491376,-0.04707979632926837
1611,0.8192000000000004,-0.04701443451343024,0.00011011859925894266,0.010493740956348344,0.005143007302754147,0.04701443451343024,-0.04716679418011777
1612,2.048000000000001,-0.047120911040791594,8.910249375740324e-6,0.0029850040830357878,0.0010196702504031644,0.047120911040791594,-0.047087824855545767
1613,5.120000000000002,-0.04706146505949277,7.667365303758776e-6,0.0027690007771322086,0.010197794887174646,0.04706146505949277,-0.047031257034210204
1614,2.048000000000001,-0.04714721903957575,5.490343737809969e-5,0.00740968537645828,0.009584666034568376,0.04714721903957575,-0.04716574161532984
1615,0.8192000000000004,-0.04682511916192093,7.038571222850947e-5,0.008389619313682204,0.00449199811947381,0.04682511916192093,-0.04714065275471635
1616,2.048000000000001,-0.04705113278122394,1.0726517232518057e-5,0.0032751362158722585,0.0008757218798287262,0.04705113278122394,-0.04707853353299749
1617,5.120000000000002,-0.0470341624445564,5.734295232186607e-6,0.0023946388521417184,0.012567341327779796,0.0470341624445564,-0.0470414541612348
1618,2.048000000000001,-0.0471666466875952,4.3558886817780314e-5,0.0065999156674748745,0.005543172435073187,0.0471666466875952,-0.04717537533186592
1619,5.120000000000002,-0.04720546226147669,7.070088743098373e-6,0.0026589638476478715,0.007914192040763022,0.04720546226147669,-0.04706850053505586
1620,2.048000000000001,-0.04708448384052707,1.4791130826932703e-5,0.0038459239237058113,0.009859585170436521,0.04708448384052707,-0.04708079955067194
1621,0.8192000000000004,-0.04688808459852564,2.7361676222136637e-5,0.0052308389596829145,0.005369245957588884,0.04688808459852564,-0.04708911390310055
1622,2.048000000000001,-0.04701823425041435,4.7995378956649584e-6,0.002190784767078902,0.005102307000009391,0.04701823425041435,-0.047073378877106435
1623,0.8192000000000004,-0.04680118246358712,9.807868141330895e-5,0.009903468150769656,0.0063043405547945535,0.04680118246358712,-0.04715841946341214
1624,2.048000000000001,-0.047112228092866144,3.2834026409786736e-5,0.005730098289714299,0.0038793449001168394,0.047112228092866144,-0.04706760180069391
1625,5.120000000000002,-0.04709904991821237,3.7113318647873725e-6,0.0019264817322745037,0.004686644483972371,0.04709904991821237,-0.04708933844134118
1626,2.048000000000001,-0.04707720785102795,3.6480263638229155e-6,0.0019099807234165783,0.0014514036520911606,0.04707720785102795,-0.04706364482676551
1627,5.120000000000002,-0.047182020724841005,3.375594494968793e-6,0.0018372791009992992,0.00765897100049218,0.047182020724841005,-0.047068931230854004
1628,2.048000000000001,-0.046976264401845186,1.4236788208630076e-5,0.003773166867318496,0.005726065109020834,0.046976264401845186,-0.0471058294426242
1629,0.8192000000000004,-0.04666675838799495,2.3988119635983918e-5,0.00489776680089854,0.0022684744484261915,0.04666675838799495,-0.04710910965809417
1630,2.048000000000001,-0.047009210674135646,6.581955934136144e-6,0.002565532290604845,0.004717913145434529,0.047009210674135646,-0.04708249995816218
1631,0.8192000000000004,-0.04733019337333682,1.0836317523200876e-5,0.003291856242790817,0.003083608133515113,0.04733019337333682,-0.047078080824058594
1632,2.048000000000001,-0.04702794925810563,3.8052430255889116e-6,0.0019507032130975004,0.002022389506934815,0.04702794925810563,-0.04706814061408957
1633,5.120000000000002,-0.04702830557019324,2.0952102759800285e-6,0.0014474841194223958,0.005930667003794327,0.04702830557019324,-0.04708075787451801
1634,2.048000000000001,-0.04712197909237082,5.832500740523443e-6,0.002415057088460528,0.0011483911312019724,0.04712197909237082,-0.047090361846244294
1635,5.120000000000002,-0.047107670721876715,1.2463044833459127e-6,0.0011163800801456073,0.003089831771395878,0.047107670721876715,-0.047077218877812015
1636,2.048000000000001,-0.0470189727158292,4.699809554290703e-6,0.0021679044153953613,0.0025458933519569332,0.0470189727158292,-0.047086879026825505
1637,5.120000000000002,-0.04699915177042752,1.24274109655878e-6,0.0011147829818214754,0.0017281068898705614,0.04699915177042752,-0.04707484393203862
1638,2.048000000000001,-0.04716881875361654,4.2704846528846326e-6,0.0020665150986345668,0.004475683896853327,0.04716881875361654,-0.04708191677209562
1639,0.8192000000000004,-0.04735761598321631,8.780746263096319e-6,0.0029632324011282544,0.002431794237922872,0.04735761598321631,-0.04708682635806712
1640,2.048000000000001,-0.047265937482105176,2.35217573573448e-6,0.0015336804542454337,0.004302596256500282,0.047265937482105176,-0.04707836031590325
1641,0.8192000000000004,-0.0472437206422791,2.228176849009644e-6,0.0014927078913872078,0.001435806811787046,0.0472437206422791,-0.047072339717628066
1642,2.048000000000001,-0.047050684737566725,3.0720317440263448e-6,0.0017527212396802707,0.0037006982680598327,0.047050684737566725,-0.047081861072493715
1643,0.8192000000000004,-0.04700116634231882,3.2511171757949923e-6,0.0018030854599255667,0.005633254090270206,0.04700116634231882,-0.04707310606401743
1644,0.3276800000000002,-0.04705157666902514,3.0014852547814307e-6,0.0017324795106382733,0.001239762766168277,0.04705157666902514,-0.04707005277979945
1645,0.8192000000000005,-0.04702340368780175,3.3686511206383267e-6,0.0018353885475937586,0.005888136826540581,0.04702340368780175,-0.047066624239964806
1646,0.3276800000000002,-0.04701238588539107,0.00017037195205621078,0.013052660727078245,0.0008362266612365389,0.04701238588539107,-0.04713454149236828
1647,0.8192000000000005,-0.046957589975343855,6.072097541921218e-6,0.002464162645184205,0.001530393324522476,0.046957589975343855,-0.04708531143999065
1648,2.048000000000001,-0.046850934672117574,3.0215416137561123e-6,0.0017382582126243824,0.006218133027047593,0.046850934672117574,-0.04707651167459178
1649,0.8192000000000004,-0.04714868091676501,1.2202457959064055e-5,0.003493201677410575,0.0010037597809554803,0.04714868091676501,-0.04708765729720575
1650,2.048000000000001,-0.04715926046765099,2.5469700715697155e-6,0.0015959229528926876,0.006854629941972218,0.04715926046765099,-0.04707740872634142
1651,0.8192000000000004,-0.047131102087532316,1.151327399354779e-5,0.003393121570699728,0.0010027315561721396,0.047131102087532316,-0.047088618561390704
1652,2.048000000000001,-0.047110237990561174,9.324768068852623e-7,0.0009656483867771242,0.001227863472600641,0.047110237990561174,-0.04707987842292357
1653,0.8192000000000004,-0.04711603677342214,1.4821841893562977e-6,0.0012174498713936018,0.002454739284876768,0.04711603677342214,-0.047078537429624014
1654,0.3276800000000002,-0.047116633631612656,1.4187069196962931e-6,0.001191094840764703,0.0007596583913926472,0.047116633631612656,-0.04707703884381915
1655,0.8192000000000005,-0.0470780715907311,1.2403496658213516e-6,0.0011137098660878207,0.0008626486622029346,0.0470780715907311,-0.04707715887333433
1656,2.048000000000001,-0.04709712009268262,7.235227403690923e-7,0.0008506013992282709,0.0018593436676636172,0.04709712009268262,-0.047075326504233836
1657,0.8192000000000004,-0.04712373792387254,1.6488638503787581e-6,0.0012840809360701365,0.0036219137875121866,0.04712373792387254,-0.04707433771826215
1658,0.3276800000000002,-0.047127834168013104,6.055498534623013e-6,0.002460792257510376,0.0008499341530409874,0.047127834168013104,-0.047075512685921715
1659,0.8192000000000005,-0.047077191392527536,1.0075600783077827e-6,0.0010037729216848712,0.0014758818049668495,0.047077191392527536,-0.04707418060242898
1660,0.3276800000000002,-0.04706147596074567,9.92486414423194e-7,0.0009962361238296843,0.0016925919656340244,0.04706147596074567,-0.04707307372656132
1661,0.13107200000000008,-0.04619407218931416,0.007327005037933276,0.08559792659833108,0.005915060844253718,0.04619407218931416,-0.04780493705446675
1662,0.3276800000000002,-0.0472311419736557,0.0016010293918180241,0.040012865328766745,0.005341349124364785,0.0472311419736557,-0.04711210277481084
1663,0.8192000000000005,-0.047789390524163866,0.0003165202827055241,0.017791016910382727,0.004915208963650682,0.047789390524163866,-0.04708504278361887
1664,2.048000000000001,-0.047393377904450244,4.045212702676146e-5,0.006360198662523166,0.010562235529329852,0.047393377904450244,-0.04696682743689372
1665,0.8192000000000004,-0.04695718800991861,0.00011354619641889722,0.0106558057611284,0.008897619222129425,0.04695718800991861,-0.046994257238353626
1666,2.048000000000001,-0.04686364448904064,2.0291088270132685e-5,0.004504563049856521,0.007478302897776701,0.04686364448904064,-0.046950229462456874
1667,0.8192000000000004,-0.04699684486532251,3.960229145472962e-5,0.006293035154417113,0.009279276134508385,0.04699684486532251,-0.04692428770811649
1668,0.3276800000000002,-0.04722590749344578,4.5948881784408025e-5,0.006778560450745278,0.011924705795479293,0.04722590749344578,-0.04688783937865148
1669,0.13107200000000008,-0.04487899875902725,0.009792308654323447,0.09895609457897703,0.0185382884609871,0.04487899875902725,-0.04824802769075432
1670,0.3276800000000002,-0.04458128583246714,0.0015681926403852888,0.03960041212393236,0.013760406478351889,0.04458128583246714,-0.04755860341148897
1671,0.8192000000000005,-0.04648780145639987,0.00054460749362859,0.02333682698287387,0.009637082632252584,0.04648780145639987,-0.04710033428493698
1672,2.048000000000001,-0.04718601021395181,0.00028173405374661427,0.016784935321490346,0.015112047702691448,0.04718601021395181,-0.046249394320034505
1673,5.120000000000002,-0.047270142676188814,0.00013224333171112015,0.01149971007074179,0.010083121905293408,0.047270142676188814,-0.04623605277600402
1674,12.800000000000004,-0.047151357184374056,6.608032971894262e-5,0.008128980853645962,0.008490396017189874,0.047151357184374056,-0.04518694894848841
1675,32.00000000000001,-0.04674184484141084,5.6325724774449495e-5,0.007505046620404799,0.04895053266397301,0.04674184484141084,-0.04253169238846983
1676,12.800000000000004,-0.045584687398138146,0.0007020047892392576,0.0264953729779231,0.024253967542626674,0.045584687398138146,-0.05220430042515867
1677,32.00000000000001,-0.045598103030466755,0.00011903630809045997,0.010910376166313423,0.02477553759458181,0.045598103030466755,-0.042194804518102126
1678,12.800000000000004,-0.046090501626151206,0.0006741638311810105,0.025964665050429797,0.021269835850463797,0.046090501626151206,-0.05450405758342747
1679,32.00000000000001,-0.04621351760358256,7.455993331654398e-5,0.008634809396653986,0.08024165225335361,0.04621351760358256,-0.04310355847030992
1680,12.800000000000004,-0.046786956488172306,0.0007580736603293899,0.0275331374951964,0.024762777807162305,0.046786956488172306,-0.054426313799861
1681,32.00000000000001,-0.04687080768143959,3.4844622225575515e-5,0.005902933357710852,0.018704392798033063,0.04687080768143959,-0.04662313183839714
1682,12.800000000000004,-0.04666515484840248,0.00011592139905807375,0.01076668003880833,0.012606026341906771,0.04666515484840248,-0.04746077958680316
1683,32.00000000000001,-0.04663372471209042,1.664210238124711e-5,0.004079473297038125,0.011428362658048138,0.04663372471209042,-0.04642216567033363
1684,12.800000000000004,-0.04669839094086959,0.00017691751261947347,0.013301034268788028,0.010144525472948666,0.04669839094086959,-0.04918937103667083
1685,32.00000000000001,-0.046719528837878374,1.3059290422620521e-5,0.0036137640242025378,0.03739816110767529,0.046719528837878374,-0.04702482813305158
1686,12.800000000000004,-0.04662379850490417,1.3758293141855722e-5,0.0037092173220041615,0.03160231985648269,0.04662379850490417,-0.046479519268274906
1687,5.120000000000002,-0.046637840043400644,0.0006461647635036746,0.02541977111430539,0.017147483600110522,0.046637840043400644,-0.04986780163229563
1688,12.800000000000004,-0.046635518952759775,7.621582405593292e-5,0.008730167470096603,0.007303406959729365,0.046635518952759775,-0.04721810185050185
1689,32.00000000000001,-0.04678467706783794,1.5262080498335493e-5,0.003906671281069792,0.03819605072751,0.04678467706783794,-0.046602028049788594
1690,12.800000000000004,-0.04691499431474118,6.766815565987188e-5,0.008226065624578489,0.02950149294860986,0.04691499431474118,-0.047454297046274636
1691,5.120000000000002,-0.0474857021391143,0.0002856540673430458,0.01690130371725938,0.008152559875806114,0.0474857021391143,-0.048117221455554755
1692,12.800000000000004,-0.047219863108009255,2.8897699778293764e-5,0.005375658078625701,0.009917293826871336,0.047219863108009255,-0.04717897945755452
1693,5.120000000000002,-0.046730660771854865,3.2760427100235236e-5,0.005723672518605099,0.02446158429428928,0.046730660771854865,-0.046913019082304414
1694,2.048000000000001,-0.04604201371531802,3.773085444206329e-5,0.006142544622716492,0.018882576829700678,0.04604201371531802,-0.046710866715817645
1695,0.8192000000000004,-0.04700235006530347,0.005571227392049951,0.07464065508856384,0.008700110445048894,0.04700235006530347,-0.05178234923122609
1696,2.048000000000001,-0.04722317494207101,0.000978864348024079,0.03128680789125153,0.00889826334432122,0.04722317494207101,-0.04720100786738921
1697,5.120000000000002,-0.04683894632457709,0.00021946745574774604,0.014814434034000288,0.04436814676656684,0.04683894632457709,-0.04662717224166166
1698,2.048000000000001,-0.04668855583328373,0.0007721232934498525,0.02778710660450009,0.009254204764568803,0.04668855583328373,-0.04832023201733411
1699,5.120000000000002,-0.046765184389927404,9.402628515843079e-5,0.009696715173626108,0.028908433247634955,0.046765184389927404,-0.04702405868512535
1700,2.048000000000001,-0.046961155137415556,0.0002646499249281711,0.016268064572289204,0.025609317278766804,0.046961155137415556,-0.04735230402157818
1701,0.8192000000000004,-0.04897208415585604,0.001771254807032185,0.04208627813233412,0.006928574571989782,0.04897208415585604,-0.048362066129295056
1702,2.048000000000001,-0.04785484337249763,0.00021153304672152928,0.014544175697561182,0.005378666725665122,0.04785484337249763,-0.04725614556219174
1703,5.120000000000002,-0.04722746311262831,0.00011469998114956064,0.010709807708337281,0.06002342457719515,0.04722746311262831,-0.04630713732894904
1704,2.048000000000001,-0.04631856262241977,0.0006128091309147742,0.024754981941313838,0.010227906854392692,0.04631856262241977,-0.04850205313358081
1705,5.120000000000002,-0.0465980931535103,4.050853791510712e-5,0.006364631797292529,0.0049487249389170585,0.0465980931535103,-0.04715681433260636
1706,12.800000000000004,-0.04686334480905623,8.882345368539612e-6,0.0029803263862435625,0.02312165530056195,0.04686334480905623,-0.04695809112030478
1707,5.120000000000002,-0.04717175030084526,2.7327973481323297e-5,0.005227616424463763,0.012783900772410572,0.04717175030084526,-0.04705709869381844
1708,2.048000000000001,-0.04735431141500029,0.00023124905747716983,0.015206875335754214,0.012000661226949925,0.04735431141500029,-0.04747538256604866
1709,5.120000000000002,-0.04730921551820615,5.0122651500686155e-5,0.007079735270522914,0.018140907459228316,0.04730921551820615,-0.04698988941561651
1710,2.048000000000001,-0.04617844424928431,0.00010444907234784961,0.010220032893677476,0.02164186342599827,0.04617844424928431,-0.047015803522176054
1711,0.8192000000000004,-0.045872355720369254,0.0002691634014932347,0.016406200093051247,0.01676700788885582,0.045872355720369254,-0.04717429184200845
1712,2.048000000000001,-0.04660179799337431,0.0001426645728940028,0.011944227597212085,0.0119203008567895,0.04660179799337431,-0.047400523141147004
1713,5.120000000000002,-0.04716562581178123,7.276097296980153e-5,0.008530004277244034,0.03113379308651293,0.04716562581178123,-0.04677812153597314
1714,2.048000000000001,-0.0475226398397689,0.00031770774357686834,0.01782435815329316,0.01828421303369724,0.0475226398397689,-0.04771671156091506
1715,5.120000000000002,-0.04727727370177481,6.258848275544221e-5,0.007911288311990798,0.0214395295145949,0.04727727370177481,-0.04688643878992237
1716,2.048000000000001,-0.046919539215034445,7.66307908563098e-5,0.00875390146485039,0.025309984618697358,0.046919539215034445,-0.04659776616592164
1717,0.8192000000000004,-0.04542864644601118,0.0010285830389048683,0.032071530036854624,0.037250078879637515,0.04542864644601118,-0.04777369734827981
1718,2.048000000000001,-0.04603786709965779,0.00016830005259539492,0.012973051013365934,0.014454799790517302,0.04603786709965779,-0.04743915398458604
1719,5.120000000000002,-0.04680461359619781,3.683998017595977e-5,0.0060695947291363505,0.021373976213567604,0.04680461359619781,-0.04709921911325794
1720,2.048000000000001,-0.04785003376961641,7.644138398174318e-5,0.008743076345414305,0.01233982509269727,0.04785003376961641,-0.04718492358775715
1721,0.8192000000000004,-0.04847927308727221,9.395284504483639e-5,0.009692927578643946,0.015776808262358884,0.04847927308727221,-0.04706155557989279
1722,0.3276800000000002,-0.047962212324677254,0.004067803640035253,0.06377933552519384,0.010180362531949873,0.047962212324677254,-0.04818509757281087
1723,0.8192000000000005,-0.047222557178639504,0.0005418353642713178,0.023277357330060425,0.0045825787847269175,0.047222557178639504,-0.047232772190918815
1724,2.048000000000001,-0.04735629559110033,0.0003242112386944399,0.01800586678542413,0.03531837638708086,0.04735629559110033,-0.046183326017023366
1725,0.8192000000000004,-0.047213561356849704,0.0023578882451673194,0.048558091448978095,0.010786256761827519,0.047213561356849704,-0.04884077324159581
1726,2.048000000000001,-0.04688991151934266,0.00015930280582259474,0.012621521533578855,0.019312228036159066,0.04688991151934266,-0.04717092828482598
1727,0.8192000000000004,-0.0468563427153011,0.0004457314530721186,0.021112353091782984,0.009807047276557457,0.0468563427153011,-0.04736761521458292
1728,2.048000000000001,-0.04696384331135626,5.3602731519555786e-5,0.007321388633282335,0.00818398756823838,0.04696384331135626,-0.047112380667460596
1729,5.120000000000002,-0.04709772913706082,2.3123652391689094e-5,0.0048087058957363045,0.018931654847285484,0.04709772913706082,-0.04693922755607935
1730,2.048000000000001,-0.047116284272813405,3.215258769932826e-5,0.005670325184619332,0.01838776375266908,0.047116284272813405,-0.04684790064737342
1731,0.8192000000000004,-0.04723054375263377,0.0009788608262500283,0.0312867516091081,0.004279519568664301,0.04723054375263377,-0.04800373390089229
1732,2.048000000000001,-0.047104614510123544,0.00018307386017983558,0.013530478933867624,0.00429571109754114,0.047104614510123544,-0.0471503024778099
1733,5.120000000000002,-0.047030114791738895,2.3523137513064187e-5,0.004850065722551003,0.013722606560755206,0.047030114791738895,-0.04704792689360795
1734,2.048000000000001,-0.04668801122410043,2.3868220909002892e-5,0.004885511325235353,0.014175399021154498,0.04668801122410043,-0.04688772904573919
1735,0.8192000000000004,-0.04593855702159571,0.0004529884545165601,0.021283525424998558,0.018806716317700378,0.04593855702159571,-0.04738297217076971
1736,2.048000000000001,-0.04662088907063074,7.959510455633626e-5,0.008921608854704192,0.011940207403787774,0.04662088907063074,-0.047151207103584836
1737,0.8192000000000004,-0.04774795602289375,0.00013143102153527464,0.011464336942679006,0.008737277450833988,0.04774795602289375,-0.047135130260701395
1738,2.048000000000001,-0.04775897842508847,3.9041576707657535e-5,0.006248325912407061,0.014463291283092691,0.04775897842508847,-0.04703762865994127
1739,0.8192000000000004,-0.04636274652346014,5.537690489791605e-5,0.0074415660245620375,0.018231643652370604,0.04636274652346014,-0.04697739434209547
1740,0.3276800000000002,-0.04579059597925795,0.0028897611023453234,0.05375649823365845,0.004897782810996331,0.04579059597925795,-0.04789222221778552
1741,0.8192000000000005,-0.0468952143633207,0.0004117618434236718,0.020291915715961166,0.0195637522327284,0.0468952143633207,-0.047025919179400584
1742,2.048000000000001,-0.047095117276373215,8.469888295143345e-5,0.009203199604019977,0.011269890830433909,0.047095117276373215,-0.04707254129252718
1743,5.120000000000002,-0.04674661269611075,7.072741441580358e-5,0.008409959239841985,0.030939663518869485,0.04674661269611075,-0.04655028705668114
1744,2.048000000000001,-0.04676656162033358,0.0005097080919758054,0.02257671570392393,0.005404561054337516,0.04676656162033358,-0.04811091822627831
1745,5.120000000000002,-0.047035915465947105,2.5125984558307983e-5,0.005012582623589159,0.00938587009826615,0.047035915465947105,-0.0471207714217176
1746,2.048000000000001,-0.04728606595903824,2.915999109932166e-5,0.005399999175863054,0.012135515069226435,0.04728606595903824,-0.047006974817342895
1747,0.8192000000000004,-0.04755689496622269,0.0002542997844228594,0.015946779750873195,0.01585373270168852,0.04755689496622269,-0.04726462474515998
1748,2.048000000000001,-0.04730713427152707,3.6527637364792276e-5,0.006043809838569731,0.0017314648778052838,0.04730713427152707,-0.04714482090359333
1749,5.120000000000002,-0.04721216189894958,9.921240997853908e-6,0.0031498001520499533,0.014404513290731582,0.04721216189894958,-0.047046394297318675
1750,2.048000000000001,-0.04705438782608731,2.247400979411502e-5,0.004740676090402615,0.013386654147291318,0.04705438782608731,-0.047053485458083494
1751,0.8192000000000004,-0.046315595308894425,5.5076233820957624e-5,0.007421336390499869,0.006899949302484592,0.046315595308894425,-0.04709003240491759
1752,2.048000000000001,-0.04666519561791917,6.351621370019727e-6,0.0025202423236704297,0.001696723841295531,0.04666519561791917,-0.04706687611795603
1753,5.120000000000002,-0.04696177152319252,2.59787508343106e-6,0.0016117925063205436,0.008285742365492598,0.04696177152319252,-0.047069995209614725
1754,2.048000000000001,-0.04729891350954128,8.0276549707906e-6,0.0028333116614291834,0.007463978552332003,0.04729891350954128,-0.04707939324876884
1755,0.8192000000000004,-0.047589405490305395,1.1685628620921177e-5,0.003418424874254395,0.008098286109739184,0.047589405490305395,-0.0470775559358768
1756,0.3276800000000002,-0.047700340543541025,1.3728011475257601e-5,0.0037051331251734534,0.0063013179243803525,0.047700340543541025,-0.04706932455486081
1757,0.13107200000000008,-0.050690970279549136,0.004034151529572133,0.06351497090900801,0.01225164930359846,0.050690970279549136,-0.0479238932140985
1758,0.3276800000000002,-0.04887833161779017,0.0011520990317057875,0.033942584340409136,0.004348193502832936,0.04887833161779017,-0.04756617695980515
1759,0.8192000000000005,-0.04788303942519889,0.00037305442333249275,0.019314616831107283,0.008919271360359471,0.04788303942519889,-0.047121514037290285
1760,2.048000000000001,-0.04716124172021344,0.00010280751759278372,0.010139404203047816,0.00464389446037006,0.04716124172021344,-0.04696369572669233
1761,5.120000000000002,-0.04685454812659545,3.919382150527881e-5,0.006260496905620097,0.0198023294502721,0.04685454812659545,-0.046801263900176686
1762,2.048000000000001,-0.047029028992743145,0.00026457303659361945,0.01626570123276643,0.006942645325229277,0.047029028992743145,-0.04741538911085562
1763,5.120000000000002,-0.04702735164435838,2.957791059464279e-5,0.005438557767886886,0.005232011769762484,0.04702735164435838,-0.04714617770389465
1764,12.800000000000004,-0.04717574842080665,1.6578872824015584e-5,0.004071716201310645,0.03408216788431748,0.04717574842080665,-0.04680259526096488
1765,5.120000000000002,-0.047004968397469274,7.643516395487899e-5,0.008742720626605827,0.005114057611305674,0.047004968397469274,-0.047498124470446046
1766,12.800000000000004,-0.04674267605088309,5.906827155008811e-5,0.007685588562373614,0.07470070699075264,0.04674267605088309,-0.04636037647612588
1767,5.120000000000002,-0.04688226619544692,0.00028780696444595153,0.016964874430597816,0.011008063959799643,0.04688226619544692,-0.048455482431719495
1768,12.800000000000004,-0.047017482079341026,2.1120272748843795e-5,0.004595679791809237,0.027950980669543313,0.047017482079341026,-0.0470362046950947
1769,5.120000000000002,-0.04746868050308408,4.2907529101600506e-5,0.006550383889635821,0.019082671861340657,0.04746868050308408,-0.04714149267930807
1770,2.048000000000001,-0.047291308264652755,9.541122893134094e-5,0.009767867163886952,0.016893460093798662,0.047291308264652755,-0.04731909843231893
1771,0.8192000000000004,-0.04776412068748515,0.0001608380335451992,0.012682193562045928,0.013973764327441063,0.04776412068748515,-0.04729332827135923
1772,2.048000000000001,-0.04730182985557948,4.2974733700230256e-5,0.006555511703919859,0.003984607863701243,0.04730182985557948,-0.047153417560258835
1773,5.120000000000002,-0.04668360809192505,3.7494431993839305e-5,0.006123269714281685,0.022317331850359785,0.04668360809192505,-0.04687671927581953
1774,2.048000000000001,-0.04695720883355781,0.00024208561707117748,0.015559100779645894,0.005776655791345619,0.04695720883355781,-0.04755237679163199
1775,5.120000000000002,-0.0471968686274485,2.2644311799087494e-5,0.004758603975861775,0.004376090560651958,0.0471968686274485,-0.047068910817239996
1776,12.800000000000004,-0.04734241637036392,2.1137953270692185e-5,0.004597602991852623,0.03926928911992697,0.04734241637036392,-0.046679100344424386
1777,5.120000000000002,-0.04692568949755819,0.00011980267167784292,0.010945440679928923,0.006277680260511632,0.04692568949755819,-0.04782606036715366
1778,12.800000000000004,-0.04683273667942938,1.3886413023503479e-5,0.003726447775496589,0.014476546997434255,0.04683273667942938,-0.0470823362279304
1779,5.120000000000002,-0.046745945705143004,2.4950632982023577e-5,0.004995060858690671,0.016659773588521637,0.046745945705143004,-0.047108574045859775
1780,2.048000000000001,-0.04713288492982161,3.828792111807931e-5,0.006187723419649533,0.022047138514552034,0.04713288492982161,-0.047081786064959504
1781,0.8192000000000004,-0.04646954673001567,0.000105512462035414,0.010271925916565696,0.014286813538257552,0.04646954673001567,-0.047169478015704217
1782,0.3276800000000002,-0.047925236410100984,0.00011742385597699517,0.010836228863262125,0.014578020067026973,0.047925236410100984,-0.04711069571792408
1783,0.13107200000000008,-0.051538877032291396,0.00626756662042107,0.07916796460956332,0.013130690401285304,0.051538877032291396,-0.04847790459239817
1784,0.3276800000000002,-0.05255050513335082,0.002634838009992328,0.05133067318857535,0.02326037985467688,0.05255050513335082,-0.0470640660848187
1785,0.8192000000000005,-0.049966666002985334,0.0011360196401760275,0.03370489044895455,0.007762983395483099,0.049966666002985334,-0.04685247986072719
1786,2.048000000000001,-0.04807279249114265,0.00022277194446488775,0.014925546705728663,0.010178380906456305,0.04807279249114265,-0.04679448671356839
1787,5.120000000000002,-0.04694978660207373,6.088645691953517e-5,0.007802977439383968,0.011097710343508795,0.04694978660207373,-0.04702742357744998
1788,2.048000000000001,-0.04525035250650981,0.00012441229039401725,0.011154025748312457,0.013473098579521385,0.04525035250650981,-0.0472612908022836
1789,5.120000000000002,-0.045966119134392545,1.1287502593626462e-5,0.003359687871458666,0.005384209041055414,0.045966119134392545,-0.047094373367810936
1790,2.048000000000001,-0.04710493069396249,1.0263875144620823e-5,0.0032037283194148694,0.008429795767890338,0.04710493069396249,-0.047029169980941234
1791,0.8192000000000004,-0.050256342831343594,0.00039446143533124146,0.019861053228145818,0.004811682963070682,0.050256342831343594,-0.04734755118685151
1792,2.048000000000001,-0.04878721858897547,0.00014056234348832088,0.011855899100798761,0.03744806543687647,0.04878721858897547,-0.04685456269490899
1793,0.8192000000000004,-0.047512962967281205,0.0003831112856184813,0.01957322879901222,0.03145285760181009,0.047512962967281205,-0.04713569832453696
1794,0.3276800000000002,-0.04210019557434919,0.004003490424357294,0.0632731414136938,0.005276746120757651,0.04210019557434919,-0.048463647476992326
1795,0.8192000000000005,-0.04415326127140931,0.0005410538901000521,0.02326056512856152,0.009408160701403358,0.04415326127140931,-0.04713608704972018
1796,2.048000000000001,-0.04619169999088309,0.00012771113215371123,0.011300935012365624,0.010974049791962278,0.04619169999088309,-0.04688085314648403
1797,5.120000000000002,-0.046943247898441606,2.9492676983411693e-5,0.005430716065438488,0.006275745942126308,0.046943247898441606,-0.047136138693467784
1798,12.800000000000004,-0.047169649821486005,1.1303551576678696e-5,0.0033620754864634875,0.03969267790438339,0.047169649821486005,-0.046863158298892794
1799,5.120000000000002,-0.04735787150908641,5.7893875319235316e-5,0.007608802489172348,0.0030447305788830746,0.04735787150908641,-0.047359198118039326
1800,12.800000000000004,-0.04723054270169557,5.945508612120293e-6,0.0024383413649692884,0.009587985189505675,0.04723054270169557,-0.04708119665281117
1801,5.120000000000002,-0.04685113876983273,8.976919178352485e-6,0.0029961507269081916,0.011132293534201124,0.04685113876983273,-0.047032561653952004
1802,2.048000000000001,-0.04676863717628126,9.124840587695515e-6,0.0030207351071710204,0.016580937317872902,0.04676863717628126,-0.04696824544041509
1803,0.8192000000000004,-0.046878650919341174,0.000878917721820599,0.0296465465412179,0.004703685800521523,0.046878650919341174,-0.047691121863995975
1804,2.048000000000001,-0.046894297338864556,0.00041699394419445444,0.020420429579087077,0.04994343536306234,0.046894297338864556,-0.04622295475203229
1805,0.8192000000000004,-0.04599324817343676,0.0027593692995900145,0.05252969921473009,0.02553902278550954,0.04599324817343676,-0.04889165962377427
1806,2.048000000000001,-0.04664059911494172,0.00020841213560322656,0.014436486262357145,0.019554363608429787,0.04664059911494172,-0.046990443976930994
1807,0.8192000000000004,-0.048109838671914554,0.0005140928472807101,0.022673615664042426,0.020472284940646263,0.048109838671914554,-0.04732376988476846
1808,2.048000000000001,-0.04799162117446576,0.00010596332715072178,0.010293848995916045,0.02481297555698669,0.04799162117446576,-0.0468545710943064
1809,0.8192000000000004,-0.04721132147647295,0.00034294915216150296,0.018518886363966463,0.028451129010444078,0.04721132147647295,-0.047078471159387326
1810,0.3276800000000002,-0.044835345716912556,0.00323272135269681,0.056857025535080624,0.010326552192702888,0.044835345716912556,-0.04817252613322366
1811,0.8192000000000005,-0.045452432158716145,0.0004956752419307199,0.022263765223580666,0.015726266398677087,0.045452432158716145,-0.04718209405627134
1812,2.048000000000001,-0.04649413589315241,8.049225721227558e-5,0.008971747723396796,0.00938458401389356,0.04649413589315241,-0.047011015302892284
1813,5.120000000000002,-0.046827287672128175,3.757767097601317e-5,0.0061300628851597575,0.023566760242009946,0.046827287672128175,-0.04672097306441727
1814,2.048000000000001,-0.04781325793426544,0.000199960715044881,0.01414074662261088,0.006711636212647869,0.04781325793426544,-0.047378276563097746
1815,5.120000000000002,-0.04763820074664679,2.6002439479199583e-5,0.005099258718598183,0.0033396905661504804,0.04763820074664679,-0.04698943598526749
1816,12.800000000000004,-0.04718052279937332,1.1004243135826896e-5,0.0033172644054743202,0.037057551088500264,0.04718052279937332,-0.04678426503965679
1817,5.120000000000002,-0.04674781567144462,9.107693906480971e-5,0.009543423864882546,0.008823319365534392,0.04674781567144462,-0.04747854359272491
1818,12.800000000000004,-0.04690720738215277,2.1827835137141692e-5,0.004672026876757206,0.021634402933651327,0.04690720738215277,-0.04687781527668134
1819,5.120000000000002,-0.046754961485502594,7.731124142115387e-5,0.008792681128140259,0.0289930535267648,0.046754961485502594,-0.04731769068474875
1820,2.048000000000001,-0.047279016677063135,0.00011602172529899039,0.010771338138736078,0.011371797402112171,0.047279016677063135,-0.047317002478063995
1821,5.120000000000002,-0.047185701499805444,1.9916158778061327e-5,0.00446275237695991,0.007825820436855408,0.047185701499805444,-0.047084701650065
1822,2.048000000000001,-0.04695877392843649,1.937762865991794e-5,0.004402002800989333,0.010268495201413125,0.04695877392843649,-0.046945134902574195
1823,0.8192000000000004,-0.04721800657341585,0.0006033174971634067,0.024562522206878646,0.01439195673209349,0.04721800657341585,-0.04742585283703167
1824,2.048000000000001,-0.047061370108310595,8.03387000839472e-5,0.008963185822236824,0.012616568097451833,0.047061370108310595,-0.047218974556989736
1825,0.8192000000000004,-0.04675299351798318,7.611830808155267e-5,0.008724580682276523,0.008457023135858215,0.04675299351798318,-0.047080376512057064
1826,2.048000000000001,-0.04680327637452117,3.337209144800151e-5,0.005776858267951665,0.016067551600027194,0.04680327637452117,-0.04700954998107441
1827,0.8192000000000004,-0.047006039774710136,0.0005314382643354362,0.023052944808319743,0.004052253213198735,0.047006039774710136,-0.047495080426223864
1828,2.048000000000001,-0.04715828881946486,0.00014987257787120597,0.012242245622074651,0.02147354614708551,0.04715828881946486,-0.04695265787105565
1829,0.8192000000000004,-0.047162769089743456,0.00018690022210344405,0.013671145603183518,0.023923261167131782,0.047162769089743456,-0.04662698544949009
1830,0.3276800000000002,-0.042978240757733516,0.0052148902864384275,0.07221419726368512,0.011509485569639537,0.042978240757733516,-0.048422169476992495
1831,0.8192000000000005,-0.044252919409871756,0.001069289548861061,0.03269999310185036,0.02017284785389562,0.044252919409871756,-0.04685070102620889
1832,2.048000000000001,-0.046111930004466395,0.00018830175838271948,0.013722308784702358,0.008191749294446863,0.046111930004466395,-0.04721355978199584
1833,5.120000000000002,-0.0471001592247805,1.7139985610467376e-5,0.004140046571050545,0.008244046780136417,0.0471001592247805,-0.0470793566597193
1834,2.048000000000001,-0.048210112178162755,2.677326125700072e-5,0.005174288478332139,0.01023335166503924,0.048210112178162755,-0.047035630849922495
1835,0.8192000000000004,-0.04883934349005966,0.0003045462642468089,0.01745125394482611,0.008218740187365603,0.04883934349005966,-0.04732907241935205
1836,2.048000000000001,-0.04797289781897578,6.303558398151012e-5,0.007939495196894455,0.010511996262647334,0.04797289781897578,-0.04710292212765879
1837,0.8192000000000004,-0.04634322537608931,0.00010174622476915343,0.010086933367934649,0.009022056356840016,0.04634322537608931,-0.04708180731032823
1838,2.048000000000001,-0.04657997553965226,7.84345427873896e-5,0.008856327838748382,0.018954370155266614,0.04657997553965226,-0.046842391650874886
1839,0.8192000000000004,-0.0476644671819775,0.00046307711276670206,0.0215192265838413,0.014160690397623858,0.0476644671819775,-0.04723773413458551
1840,2.048000000000001,-0.0473015104049787,3.234151397364642e-5,0.005686959994025491,0.016394942186370456,0.0473015104049787,-0.047104762984240725
1841,0.8192000000000004,-0.04675246182270627,7.038184852148295e-5,0.008389389043397795,0.00759881743766346,0.04675246182270627,-0.047113970165198485
1842,2.048000000000001,-0.04675067269274253,6.303397855713183e-5,0.007939394092569774,0.01979926315553211,0.04675067269274253,-0.04692767056595925
1843,0.8192000000000004,-0.0465375664861964,0.00031377018209279337,0.017713559272286114,0.018956205191465465,0.0465375664861964,-0.04723225118297982
1844,2.048000000000001,-0.04689639860287411,2.299494300267292e-5,0.004795304265911906,0.008522431368273273,0.04689639860287411,-0.04705955138371585
1845,0.8192000000000004,-0.04724773393185105,0.0001327156572197287,0.011520228175679884,0.012564159085017403,0.04724773393185105,-0.0471557786329436
1846,2.048000000000001,-0.04739647023422029,5.57341217311251e-5,0.0074655288982847755,0.019786629090497148,0.04739647023422029,-0.04702410546781172
1847,0.8192000000000004,-0.047210285220554926,0.0003271883512301922,0.018088348493718053,0.009380861317695504,0.047210285220554926,-0.047328585209093006
1848,2.048000000000001,-0.04699241169057309,2.6552214687565007e-5,0.005152884113539233,0.012504413876121898,0.04699241169057309,-0.047097049228242725
1849,0.8192000000000004,-0.04717649581287209,7.560358963672431e-5,0.008695032468986202,0.010191219664097726,0.04717649581287209,-0.04713528585273784
1850,2.048000000000001,-0.047166574156372966,1.4524842626737288e-5,0.0038111471536451183,0.007550911715732062,0.047166574156372966,-0.04708071870225385
1851,0.8192000000000004,-0.046953714448234665,1.8422816199893175e-5,0.00429218082096889,0.00498261681127236,0.046953714448234665,-0.0470530025835924
1852,2.048000000000001,-0.04696980994553484,1.0653781181173325e-5,0.0032640130485605177,0.0018866912235628811,0.04696980994553484,-0.04702333615550254
1853,5.120000000000002,-0.04693112639723351,8.579632932912604e-6,0.0029291010451864925,0.010284998994411737,0.04693112639723351,-0.04701595190318261
1854,2.048000000000001,-0.04704723025512017,1.5414398526405295e-5,0.0039261174875957665,0.011794202766619709,0.04704723025512017,-0.04701612325256232
1855,0.8192000000000004,-0.04740081903390299,2.308359666926546e-5,0.004804539173455188,0.009093340463685227,0.04740081903390299,-0.04699691251590649
1856,0.3276800000000002,-0.04604351123058749,0.0022788057701744,0.047736838711569494,0.008397570447678993,0.04604351123058749,-0.04794330578317061
1857,0.8192000000000005,-0.046366128353642067,0.000455192876981791,0.021335249634859936,0.0025105759933471785,0.046366128353642067,-0.04739622402813536
1858,2.048000000000001,-0.0467961486466552,0.0004256450444319463,0.02063116682187283,0.03447465058189877,0.0467961486466552,-0.04612746968295413
1859,0.8192000000000004,-0.04550476889090261,0.0022094988277215023,0.04700530637833884,0.007383626163811522,0.04550476889090261,-0.04832422708682936
1860,2.048000000000001,-0.04684287301418132,0.00015749820091208864,0.012549828720428365,0.015365521030563078,0.04684287301418132,-0.04716220456645353
1861,5.120000000000002,-0.047255781547791205,3.3242749072439444e-5,0.0057656525278965125,0.023651518242238007,0.047255781547791205,-0.04692558203740452
1862,2.048000000000001,-0.04804320550590349,0.0002292459060101004,0.015140868733665859,0.009412525981570117,0.04804320550590349,-0.047416411446159726
1863,5.120000000000002,-0.04770831682684512,3.339794444874638e-5,0.005779095469772616,0.018875813148739776,0.04770831682684512,-0.047050231485863195
1864,2.048000000000001,-0.04652135184865438,7.833844901545578e-5,0.008850901028452176,0.012559735210531943,0.04652135184865438,-0.04720915512026428
1865,0.8192000000000004,-0.0456093083831999,0.0001309019357532115,0.011441238383724529,0.014648716735021654,0.0456093083831999,-0.04719574627169947
1866,0.3276800000000002,-0.04586922605575004,0.0001941978009809864,0.013935487109569813,0.005176532446332833,0.04586922605575004,-0.04717304649740979
1867,0.8192000000000005,-0.04666023654531001,6.420333891532255e-5,0.008012698603799006,0.00569399682290069,0.04666023654531001,-0.04710482842051722
1868,2.048000000000001,-0.046882023557196575,2.6545839591954636e-5,0.005152265481509531,0.009977832897303076,0.046882023557196575,-0.04706635992973975
1869,0.8192000000000004,-0.04784260253293707,4.618288085780071e-5,0.006795798765252007,0.010415831117292381,0.04784260253293707,-0.047048506431345526
1870,0.3276800000000002,-0.04839572518923531,5.9532170379089904e-5,0.0077157093244296015,0.0167780255374062,0.04839572518923531,-0.04700861305631817
1871,0.13107200000000008,-0.04625916845886798,0.00050968521841079,0.022576209124004633,0.015417900645492982,0.04625916845886798,-0.0470713832744608
1872,0.3276800000000002,-0.0466697526772875,8.734446260080304e-5,0.00934582594535138,0.0016975698706004122,0.0466697526772875,-0.04705466062057056
1873,0.8192000000000005,-0.04694272755834097,1.7665844180814693e-5,0.004203075562111,0.0040023890249655785,0.04694272755834097,-0.04704232126925628
1874,2.048000000000001,-0.046858435475854984,1.1094191667185664e-5,0.0033307944498551186,0.0057464457388394724,0.046858435475854984,-0.04701435533461465
1875,0.8192000000000004,-0.047567182687417824,0.0005728214490904629,0.023933688580961836,0.0027274840947536013,0.047567182687417824,-0.04740824380727301
1876,2.048000000000001,-0.047377106150772445,9.629421665863134e-5,0.009812961666012527,0.009206485348115542,0.047377106150772445,-0.04701405020572888
1877,5.120000000000002,-0.04729683495839066,1.857485688852361e-5,0.0043098557851189885,0.01588443864126385,0.04729683495839066,-0.047044212117448886
1878,2.048000000000001,-0.04658586510486822,5.5792350895976044e-5,0.007469427748895898,0.010004200685859081,0.04658586510486822,-0.04718176572519181
1879,0.8192000000000004,-0.04596472449468544,5.682801521464781e-5,0.007538435859954492,0.010990810630465002,0.04596472449468544,-0.047031147929832436
1880,0.3276800000000002,-0.04627197762918176,0.0011428117732631905,0.033805499157137,0.004466009889462683,0.04627197762918176,-0.04743973295144183
1881,0.8192000000000005,-0.04637876661547134,0.00020873305743815694,0.014447596943372864,0.012532075107445279,0.04637876661547134,-0.04710236394625196
1882,2.048000000000001,-0.046753673370752084,4.700842361487978e-5,0.006856268928132836,0.010448889246785931,0.046753673370752084,-0.0470701485106838
1883,0.8192000000000004,-0.047255850091942296,6.185491113609334e-5,0.007864789325601376,0.011327077013980036,0.047255850091942296,-0.04699421015212781
1884,0.3276800000000002,-0.04702647724700924,0.00011086464798433425,0.010529228271071639,0.010586671574097787,0.04702647724700924,-0.04699066907235678
1885,0.8192000000000005,-0.046915131959957224,3.307220692448143e-5,0.005750844018444721,0.005519862069202676,0.046915131959957224,-0.046968166736273964
1886,2.048000000000001,-0.04707477498145189,6.636037885351858e-5,0.0081461879952232,0.00992764421633957,0.04707477498145189,-0.04717752497861115
1887,5.120000000000002,-0.04699736395591844,2.2718326395187528e-5,0.004766374554647119,0.015383271713647464,0.04699736395591844,-0.046983283773419975
1888,2.048000000000001,-0.04738568743328143,3.87025498059643e-5,0.006221137340226809,0.020117157583686766,0.04738568743328143,-0.04693695414650957
1889,0.8192000000000004,-0.046514514439159584,0.000654925210102412,0.025591506600870766,0.004246231689947618,0.046514514439159584,-0.047622524257225345
1890,2.048000000000001,-0.046837517238179194,9.703621165504554e-5,0.00985069599850922,0.003187505334004063,0.046837517238179194,-0.04715953466089714
1891,5.120000000000002,-0.047038217131258414,1.2448164663415183e-5,0.0035281956668267683,0.005482554159931223,0.047038217131258414,-0.04707236816696099
1892,2.048000000000001,-0.047507309728358676,3.139118489087614e-5,0.005602783673396301,0.008819006449586496,0.047507309728358676,-0.04709004244548116
1893,0.8192000000000004,-0.04789120509461962,3.6776375581952164e-5,0.006064352857638823,0.01540231963009019,0.04789120509461962,-0.04703302915760525
1894,0.3276800000000002,-0.046769875019822126,0.00013177189271210103,0.011479193905152967,0.011904705635519498,0.046769875019822126,-0.047059342385610645
1895,0.8192000000000005,-0.046784136193393985,9.159776215191903e-5,0.009570671980165188,0.00861629787403233,0.046784136193393985,-0.04713738632754264
1896,2.048000000000001,-0.04699322563476497,1.1864959297914283e-5,0.0034445550217574233,0.0021309042145369246,0.04699322563476497,-0.04708747469052629
1897,5.120000000000002,-0.047064805473159686,4.241743706583624e-6,0.0020595493940626,0.002412910681558069,0.047064805473159686,-0.04706078078772404
1898,12.800000000000004,-0.04708939392003282,2.8955012139272594e-6,0.0017016172348466795,0.01969335820597658,0.04708939392003282,-0.04701981113458078
1899,5.120000000000002,-0.047047754665305544,2.5735662467518664e-5,0.005073032866788728,0.008308132116705879,0.047047754665305544,-0.0471854649541343
1900,2.048000000000001,-0.047197027489659336,2.4778568576804175e-5,0.0049778076074517156,0.012308080962838875,0.047197027489659336,-0.047009453625884455
1901,0.8192000000000004,-0.04763102317300526,0.00022363060170316597,0.01495428372417636,0.018568338764161713,0.04763102317300526,-0.04723822483044818
1902,2.048000000000001,-0.047452652608160464,9.56265548721435e-5,0.00977888310964721,0.033955580266200755,0.047452652608160464,-0.0469340055668681
1903,0.8192000000000004,-0.046817402244927885,0.00044237020023648514,0.02103259851365221,0.027607480925161576,0.046817402244927885,-0.047250415189037706
1904,0.3276800000000002,-0.047820627589312985,0.0009752267907919321,0.031228621339917204,0.014997247743809682,0.047820627589312985,-0.0474672829110587
1905,0.8192000000000005,-0.04706294322855514,0.00013566284922113478,0.01164743959937697,0.006808325902802882,0.04706294322855514,-0.0471967623492381
1906,2.048000000000001,-0.04711822928571968,2.6292883901573196e-5,0.005127658715395673,0.012578757250376852,0.04711822928571968,-0.04708793685178258
1907,0.8192000000000004,-0.04696706542729593,6.208807979028467e-5,0.007879598961259683,0.005851096732463339,0.04696706542729593,-0.04710751101233374
1908,2.048000000000001,-0.046999536096808965,1.1417497457921551e-5,0.00337897875961385,0.010799962083100422,0.046999536096808965,-0.04706302660516951
1909,0.8192000000000004,-0.04667379806467298,2.5759063004995652e-5,0.005075338708401209,0.008874388173473814,0.04667379806467298,-0.047060796210012114
1910,0.3276800000000002,-0.047053836149274414,5.072799057500239e-5,0.007122358498068066,0.008924671237374185,0.047053836149274414,-0.04706388239043944
1911,0.13107200000000008,-0.04697264983114951,5.3372894473530905e-5,0.0073056754974150685,0.00828237600796897,0.04697264983114951,-0.047046368842328275
1912,0.3276800000000002,-0.04588221801273992,3.271843176410484e-5,0.005720002776581917,0.007067013355243042,0.04588221801273992,-0.0470630400735884
1913,0.8192000000000005,-0.04661969293995092,7.972270906232127e-6,0.0028235210121817984,0.002315747416300663,0.04661969293995092,-0.0470570856747845
1914,2.048000000000001,-0.04682069958236719,6.279975494187542e-6,0.0025059879277816847,0.0014094623336191434,0.04682069958236719,-0.047040640550069096
1915,5.120000000000002,-0.04680422928850504,6.179618527375692e-6,0.0024858838523502446,0.014150023343346092,0.04680422928850504,-0.046995643225477314
1916,2.048000000000001,-0.04730745415758946,3.6719278280151254e-5,0.006059643411963385,0.014418566566667259,0.04730745415758946,-0.047058415543960015
1917,0.8192000000000004,-0.047416044000882,7.77072918626368e-5,0.008815173955324806,0.012761857389678674,0.047416044000882,-0.04709934930540868
1918,0.3276800000000002,-0.0482546787581174,0.00015031761691994757,0.012260408513583369,0.018176950890727968,0.0482546787581174,-0.047107132666650085
1919,0.13107200000000008,-0.05016194095917661,0.0009249496738685584,0.030412985283732975,0.02600629727448498,0.05016194095917661,-0.047254246772837
1920,0.3276800000000002,-0.0484801957271575,0.0015748352628680443,0.039684194118918985,0.006464810247955366,0.0484801957271575,-0.04796695590123445
1921,0.8192000000000005,-0.0480750173596994,0.0007568761198285402,0.02751138164157773,0.015930128397766544,0.0480750173596994,-0.04699521096337013
1922,2.048000000000001,-0.047118197445439686,0.00019641419924285386,0.014014785023069526,0.011795145455218366,0.047118197445439686,-0.047053822887789795
1923,5.120000000000002,-0.04692219179780596,4.048594540940958e-5,0.006362856701938964,0.025524998109382593,0.04692219179780596,-0.0468882118075038
1924,2.048000000000001,-0.046995659336760975,0.00021742450942615298,0.014745321611485895,0.0034990942194923617,0.046995659336760975,-0.047284658043902965
1925,5.120000000000002,-0.047008692150590635,2.944172548301793e-5,0.0054260229895401225,0.007440808518621383,0.047008692150590635,-0.04711304395496297
1926,2.048000000000001,-0.04697987209646924,3.61081675017434e-5,0.006009007197677782,0.013399420980066804,0.04697987209646924,-0.04698454192100586
1927,0.8192000000000004,-0.046446127120424986,0.0004050098912215696,0.020124857545373322,0.010205133277037058,0.046446127120424986,-0.04738074668050613
1928,2.048000000000001,-0.04656469239883135,0.00018204138332342303,0.01349227124406499,0.03397117881403848,0.04656469239883135,-0.04674122568276403
1929,0.8192000000000004,-0.04722987609762438,0.0009129749890821727,0.03021547598635793,0.005508238641853118,0.04722987609762438,-0.04788994654681563
1930,2.048000000000001,-0.04759845742271381,4.348462912890317e-5,0.006594287613450233,0.002755189560411047,0.04759845742271381,-0.04712660908150115
1931,5.120000000000002,-0.0472487827990077,2.8752182127546773e-5,0.005362106127963785,0.029777996764172726,0.0472487827990077,-0.046909948357400054
1932,2.048000000000001,-0.04679453502702266,0.0001587151557433296,0.012598220340323058,0.012336763603777385,0.04679453502702266,-0.047258756744058876
1933,5.120000000000002,-0.046795797559686436,1.3304383424871927e-5,0.0036475174331141898,0.013078637033069402,0.046795797559686436,-0.047078798375700136
1934,2.048000000000001,-0.04724532015783146,1.8130641087228762e-5,0.004258009052036969,0.010036078416863218,0.04724532015783146,-0.04703932793233978
1935,0.8192000000000004,-0.04705659572963899,9.38631146359019e-5,0.00968829781932316,0.015270122745210031,0.04705659572963899,-0.047118565095869695
1936,0.3276800000000002,-0.04679196663224199,0.0003281161956326447,0.018113977907479203,0.009481934618062368,0.04679196663224199,-0.04721178535749585
1937,0.8192000000000005,-0.047357980244321196,4.533118843861334e-5,0.006732844008189506,0.010876312465245109,0.047357980244321196,-0.04713121590696443
1938,0.3276800000000002,-0.04802180044507234,0.0011928989661087494,0.03453836947669576,0.00782552947014799,0.04802180044507234,-0.04747138387491037
1939,0.8192000000000005,-0.048045959878727444,0.00038434128415809263,0.019604624050414552,0.016080889885089808,0.048045959878727444,-0.047100196948821185
1940,2.048000000000001,-0.04804979488450521,0.00017282369826505866,0.013146242743273024,0.027291877422536474,0.04804979488450521,-0.04671566392721383
1941,0.8192000000000004,-0.046056473658115986,0.0007363861480398114,0.027136435802068985,0.005228701667816177,0.046056473658115986,-0.04760648800365917
1942,2.048000000000001,-0.046265323576224565,0.0001304168996212838,0.011420021874816343,0.01847358298549996,0.046265323576224565,-0.04698730777163551
1943,0.8192000000000004,-0.04563455431850446,0.0004087099283711272,0.02021657558468118,0.0124328959685566,0.04563455431850446,-0.047222796218143556
1944,2.048000000000001,-0.04659985266629282,6.309190314728345e-5,0.00794304117748885,0.011798605423532896,0.04659985266629282,-0.04707910877913594
1945,0.8192000000000004,-0.04778261007524124,0.00028191266709521603,0.016790255122993696,0.009032860665360952,0.04778261007524124,-0.04727732831356496
1946,2.048000000000001,-0.047792648372730784,5.009872998486297e-5,0.007078045633143585,0.010845631032505418,0.047792648372730784,-0.04711423331763846
1947,0.8192000000000004,-0.04749453833573227,8.975602627356466e-5,0.009473965709963525,0.011439884071210339,0.04749453833573227,-0.047107014035204425
1948,2.048000000000001,-0.04715064036861731,2.2983596107636627e-5,0.004794120994263352,0.00824634773466299,0.04715064036861731,-0.04706605899632472
1949,0.8192000000000004,-0.046658205785270024,4.891115763857496e-5,0.006993651237985417,0.010316127774698765,0.046658205785270024,-0.04706131328222175
1950,0.3276800000000002,-0.045976278988902976,0.00013359977190988492,0.0115585367547058,0.009467289471785026,0.045976278988902976,-0.04708242471699491
1951,0.8192000000000005,-0.04640510785405958,1.8887201021576095e-5,0.004345940752193488,0.0017791819034962215,0.04640510785405958,-0.04707252268642194
1952,2.048000000000001,-0.04671326436644128,1.205449388193874e-5,0.0034719582200739025,0.002214686563736704,0.04671326436644128,-0.04703948473009825
1953,5.120000000000002,-0.04687227650140021,1.0738602104582722e-5,0.003276980638420484,0.009275047747144152,0.04687227650140021,-0.04696275596617472
1954,2.048000000000001,-0.046859664246080894,1.2524995124357592e-5,0.0035390669850057363,0.011572522471931546,0.046859664246080894,-0.04689650079521875
1955,0.8192000000000004,-0.04882631833620047,0.0008884087413321892,0.029806186292986047,0.013126118713406895,0.04882631833620047,-0.04771793716451059
1956,2.048000000000001,-0.04897929779436634,0.0006332707028753879,0.02516487041244973,0.06230240322248193,0.04897929779436634,-0.04574124997599778
1957,0.8192000000000004,-0.04444089103762123,0.003422813237860857,0.05850481380075367,0.022577938765726082,0.04444089103762123,-0.04961417539942381
1958,2.048000000000001,-0.045629870472386445,0.00036287147611226535,0.019049185707327894,0.010521604021466896,0.045629870472386445,-0.046889224170567456
1959,5.120000000000002,-0.04705982454934482,0.00019747370590708478,0.014052533789572783,0.05340504139059204,0.04705982454934482,-0.04539372917134245
1960,2.048000000000001,-0.047769796887018344,0.0012384810052561903,0.03519205883798489,0.01472303118052871,0.047769796887018344,-0.04953160800011337
1961,5.120000000000002,-0.04731883835735761,8.37700736125233e-5,0.009152599281762711,0.008477760091569392,0.04731883835735761,-0.04722073495464552
1962,12.800000000000004,-0.04710588309943733,1.0849874405794477e-5,0.00329391475387486,0.028574505526553336,0.04710588309943733,-0.04700311052140001
1963,5.120000000000002,-0.04703844834910191,2.7535550461811888e-5,0.005247432749622609,0.017953176797515295,0.04703844834910191,-0.047126233756592806
1964,2.048000000000001,-0.0471442222536459,4.8091195852620794e-5,0.006934781600931697,0.02283668626338942,0.0471442222536459,-0.04707909606591237
1965,0.8192000000000004,-0.04599594888537656,0.0008758723400558116,0.02959514048042029,0.013228554099744388,0.04599594888537656,-0.04778925573366343
1966,2.048000000000001,-0.04633138506262107,0.00018941640064645582,0.013762863097715381,0.020637884687311786,0.04633138506262107,-0.047353469178745396
1967,0.8192000000000004,-0.04715419121845257,0.00019790031920558434,0.01406770483076697,0.018706148197143755,0.04715419121845257,-0.04701530458535043
1968,0.3276800000000002,-0.04801037302513158,0.0022462973543069115,0.04739511951991377,0.013323273367331086,0.04801037302513158,-0.04799144263133447
1969,0.8192000000000005,-0.04828349008817136,0.0008724950802252275,0.02953802769694056,0.02748625113179478,0.04828349008817136,-0.04678288969141347
1970,2.048000000000001,-0.04696034195693222,0.00021922668420360446,0.014806305555526148,0.023622097181204255,0.04696034195693222,-0.04707879150921561
1971,0.8192000000000004,-0.04666309206858232,0.0004462144432574247,0.02112378856307326,0.004645514723360148,0.04666309206858232,-0.04735428249206817
1972,2.048000000000001,-0.04634972031906879,6.303527001953296e-5,0.007939475424707413,0.01497036858143938,0.04634972031906879,-0.04701407525183213
1973,0.8192000000000004,-0.046083121303819696,0.00033273575493045356,0.018241045883678204,0.00684322130372818,0.046083121303819696,-0.047210345458078146
1974,2.048000000000001,-0.046504897531589824,4.667163899101248e-5,0.006831664437822783,0.014372815992122649,0.046504897531589824,-0.04709573304587858
1975,0.8192000000000004,-0.047626890299932036,0.0002292842767914678,0.015142135806796471,0.00413789149089453,0.047626890299932036,-0.04720017532916428
1976,2.048000000000001,-0.047294904109247554,5.330841687602528e-5,0.00730126132089691,0.01184833987897006,0.047294904109247554,-0.04706334551518106
1977,0.8192000000000004,-0.04732787579899319,0.000198788649440566,0.01409924286763534,0.015279082372191263,0.04732787579899319,-0.04721601352799115
1978,2.048000000000001,-0.04731288985507674,4.157921288129087e-5,0.0064481945443116764,0.00940430587761482,0.04731288985507674,-0.04707812024976254
1979,0.8192000000000004,-0.047123437029857794,4.307548276136831e-5,0.00656319150729036,0.01337735881450122,0.047123437029857794,-0.04697028155930386
1980,0.3276800000000002,-0.045414366089151136,0.0012676496883487585,0.03560406842411073,0.005309174065444466,0.045414366089151136,-0.04743726020102503
1981,0.8192000000000005,-0.046779220684934515,0.00018391684032601703,0.013561594313576005,0.010522282363869945,0.046779220684934515,-0.04710086774112871
1982,2.048000000000001,-0.04704872850484085,3.2970830322475284e-5,0.00574202319069466,0.0017335329559173736,0.04704872850484085,-0.04707874568307541
1983,5.120000000000002,-0.04714614811606556,3.06902511589755e-5,0.005539878262107886,0.02453719180639517,0.04714614811606556,-0.04685101729744026
1984,2.048000000000001,-0.04650498493082043,6.86891073284969e-5,0.008287889196200496,0.02976543458833193,0.04650498493082043,-0.04683352963763133
1985,0.8192000000000004,-0.047647643755656076,0.0014674943873556885,0.03830788936179711,0.018890135382816794,0.047647643755656076,-0.04820027232753935
1986,2.048000000000001,-0.047897465808162835,0.00014566385119486845,0.012069128021314069,0.02877919472667616,0.047897465808162835,-0.047096075863746686
1987,0.8192000000000004,-0.04706191827112218,0.0005182376622458029,0.022764833894535732,0.00818028857575386,0.04706191827112218,-0.047420870695021586
1988,2.048000000000001,-0.046967927782589555,7.636688548577145e-5,0.00873881487879057,0.016274341573720003,0.046967927782589555,-0.047028691097556044
1989,0.8192000000000004,-0.046934545720947525,0.0001993633455977752,0.014119608549735903,0.018752668251747043,0.046934545720947525,-0.04713378048433112
1990,0.3276800000000002,-0.04612563756070139,0.000407624699862722,0.02018971767664724,0.01369992590563897,0.04612563756070139,-0.04723341569539669
1991,0.8192000000000005,-0.04639422873931654,9.021619529418128e-5,0.009498220638318594,0.012097097822954312,0.04639422873931654,-0.04715231526308288
1992,0.3276800000000002,-0.04750090944389011,0.00010008375019541889,0.010004186633375992,0.01249432011052665,0.04750090944389011,-0.04706064430868335
1993,0.8192000000000005,-0.047471690847163274,7.324293186821034e-5,0.008558208449682114,0.023093338873506522,0.047471690847163274,-0.0469911583749994
1994,0.3276800000000002,-0.04737479955163132,0.0014788361133702681,0.03845563825202058,0.009478877790381738,0.04737479955163132,-0.047489317607647526
1995,0.8192000000000005,-0.047030081943315254,0.0002468951764206667,0.015712898409289952,0.014947547671303676,0.047030081943315254,-0.04711051788573768
1996,2.048000000000001,-0.046532918417464895,0.00011455986331683363,0.01070326414309362,0.024903647228968637,0.046532918417464895,-0.04680828991350826
1997,0.8192000000000004,-0.046094205209094054,0.0005089101334088042,0.022559036624129235,0.035893738595194236,0.046094205209094054,-0.047136273090283634
1998,0.3276800000000002,-0.04878983735519621,0.001967330674845808,0.04435460150701174,0.006809678804854078,0.04878983735519621,-0.04781522819213109
1999,0.8192000000000005,-0.04767579954306294,0.00023783343886896592,0.015421849398465992,0.011972914836390547,0.04767579954306294,-0.0471785403399091
2000,2.048000000000001,-0.04746161543363201,0.00018364982903503667,0.013551746346321445,0.02970807403178803,0.04746161543363201,-0.04662124606667159
2001,0.8192000000000004,-0.04596597019452555,0.000978837579942528,0.03128638010289027,0.005744648001167056,0.04596597019452555,-0.0480219137092495
2002,2.048000000000001,-0.046347249231647986,9.650876019559567e-5,0.009823887224291394,0.013397304796448942,0.046347249231647986,-0.04710580591495143
2003,0.8192000000000004,-0.04741373932584526,0.00013852799742901042,0.011769791732609818,0.012596834621761269,0.04741373932584526,-0.04700467735993237
2004,2.048000000000001,-0.04779066892062243,4.6898076958241257e-5,0.006848217064188405,0.005238527585416842,0.04779066892062243,-0.047145364608269257
2005,5.120000000000002,-0.04764482269098583,1.1958593597412731e-5,0.003458119951275943,0.031316531240848676,0.04764482269098583,-0.04701855014926692
2006,2.048000000000001,-0.04667125162690511,5.2343078378280744e-5,0.007234851648671225,0.003961341879209627,0.04667125162690511,-0.047176821288513686
2007,5.120000000000002,-0.046576249583264936,2.357523459804203e-5,0.004855433512884512,0.019392461188921854,0.046576249583264936,-0.046933150843287794
2008,2.048000000000001,-0.046994797792763644,0.00012233951766833415,0.011060719581850637,0.008586233283897116,0.046994797792763644,-0.04732720490891701
2009,5.120000000000002,-0.047108481867466134,1.0457922176222457e-5,0.0032338710821896498,0.017222510110867995,0.047108481867466134,-0.04706234563776546
2010,2.048000000000001,-0.04744077215688383,2.1099630687315858e-5,0.004593433431248989,0.011371847748866622,0.04744077215688383,-0.04709039867676241
2011,0.8192000000000004,-0.04742365000312761,2.077171061916494e-5,0.0045575992166013175,0.016813015325706348,0.04742365000312761,-0.04702991695468689
2012,0.3276800000000002,-0.047453790144314174,0.00042691415680153386,0.020661901093595766,0.011538848405035535,0.047453790144314174,-0.04721631652911652
2013,0.8192000000000005,-0.04679782086750196,4.037136846470493e-5,0.006353846745453098,0.011543166054534868,0.04679782086750196,-0.04711237614302646
2014,0.3276800000000002,-0.04577443922904655,9.045690579835744e-5,0.009510883544569214,0.0015505327437879207,0.04577443922904655,-0.04711955622417152
2015,0.8192000000000005,-0.046583454656294446,2.3741608335521695e-5,0.004872536129729742,0.007008315540641439,0.046583454656294446,-0.04709589631291179
2016,0.3276800000000002,-0.047135530477943124,4.408704981850903e-5,0.00663980796548432,0.008888306909386766,0.047135530477943124,-0.04709053849281084
2017,0.13107200000000008,-0.0471276992240084,4.3705136991191105e-5,0.00661098608311885,0.011847896150606285,0.0471276992240084,-0.04707037845904394
2018,0.1,-0.04690023587817884,0.0002664375680219832,0.016322915426540175,0.003138126839153356,0.04690023587817884,-0.04710670270138843
2019,0.25,-0.04730064722781832,2.6705792885434886e-5,0.00516776478619479,0.0014771347642947238,0.04730064722781832,-0.047085449552631255
2020,0.625,-0.04696588575504827,2.124364368781899e-5,0.0046090827382266625,0.007532355459588601,0.04696588575504827,-0.04706640223422728
2021,0.25,-0.047493617007240335,3.2660882053743876e-5,0.005714969995874333,0.010130210961740493,0.047493617007240335,-0.04705223010353853
2022,0.1,-0.05439220218254398,0.0054743880834557165,0.07398910787038668,0.006964781766220857,0.05439220218254398,-0.04755714187172053
2023,0.25,-0.05041304808944635,0.0010361606332139396,0.03218944909770808,0.0035675104943594035,0.05041304808944635,-0.04719036981920544
2024,0.625,-0.04765372869588994,0.00019679147319082678,0.014028238420800624,0.0035268166367390646,0.04765372869588994,-0.04715962232561921
2025,1.5625,-0.04711623981534471,5.016916409412844e-5,0.007083019419296296,0.007707156827917593,0.04711623981534471,-0.047094324077456666
2026,3.90625,-0.046873700160613915,1.8174414215975124e-5,0.0042631460467564474,0.01076109250475367,0.046873700160613915,-0.04702110163070141
2027,1.5625,-0.04675819443147861,1.9752558274893196e-5,0.0044443850277505435,0.013910990494584321,0.04675819443147861,-0.04693296733465176
2028,0.625,-0.046467714518838577,5.500851760428748e-5,0.007416772721628153,0.01232719844202848,0.046467714518838577,-0.04692972679734847
2029,0.25,-0.04352306803779955,0.0008983182035926268,0.029971956953002366,0.01215440685416824,0.04352306803779955,-0.04720530520923246
2030,0.625,-0.04574622287918184,0.00031639134649792905,0.017787392908965863,0.019762984380621573,0.04574622287918184,-0.04697789499726126
2031,1.5625,-0.047367672012532884,8.181328694958134e-5,0.009045069759243504,0.01854050857605009,0.047367672012532884,-0.04702616389185561
2032,0.625,-0.048806601501745824,8.650556134146546e-5,0.009300836593633148,0.01647200501189532,0.048806601501745824,-0.04685994601616915
2033,0.25,-0.044659141607408484,0.004619326770117624,0.0679656293292251,0.0085863026114904,0.044659141607408484,-0.048123393811175696
2034,0.625,-0.04691674001664116,0.0005016756108291615,0.02239811623394167,0.007158885981572527,0.04691674001664116,-0.04721661532666674
2035,1.5625,-0.04752416747341657,0.00011215709807056835,0.010590424829560349,0.0032168518929131472,0.04752416747341657,-0.04725549500018952
2036,3.90625,-0.047464218318224866,4.0176703253923096e-5,0.006338509545147274,0.016722983157569777,0.047464218318224866,-0.04697901952519352
2037,1.5625,-0.047030762289623905,4.1853088304753735e-5,0.006469396285956962,0.011509037953686544,0.047030762289623905,-0.046783707781079466
2038,0.625,-0.0471476566235176,0.0003788747775062225,0.019464705944509476,0.020456933352311815,0.0471476566235176,-0.04722711914694086
2039,1.5625,-0.04710641190418018,6.395496820375316e-5,0.00799718501747666,0.010248435833551577,0.04710641190418018,-0.04712345783900638
2040,0.625,-0.04696747738012207,7.115562903691595e-5,0.008435379602419558,0.013392572191110685,0.04696747738012207,-0.04702218759316101
2041,0.25,-0.044955895865817025,0.002798358371444907,0.05289951201518694,0.010635096137300851,0.044955895865817025,-0.0477496564580439
2042,0.625,-0.043038950797242556,0.0012627852435916189,0.035535689715997056,0.07732036012412204,0.043038950797242556,-0.046437885516091425
2043,0.25,-0.05146775639758447,0.007291811327908439,0.08539210342829387,0.010202360038528337,0.05146775639758447,-0.04914481620954894
2044,0.625,-0.04951356683958843,0.0013769298928471342,0.0371070059806384,0.054850565746358694,0.04951356683958843,-0.0465209492959767
2045,0.25,-0.044364532714228244,0.007262320968665236,0.08521925233575589,0.004547037788437061,0.044364532714228244,-0.04887803381348758
2046,0.625,-0.04373712874857954,0.0007043128701163206,0.026538893536022193,0.007165946732801011,0.04373712874857954,-0.04698053303013359
2047,1.5625,-0.04361841197273007,0.0003335705670169411,0.01826391433994753,0.027759004230181804,0.04361841197273007,-0.046285459492784904
2048,0.625,-0.04830656028040065,0.0031238980711877783,0.055891842617575044,0.008963996511744815,0.04830656028040065,-0.04793896031098711
2049,1.5625,-0.04792683855241672,0.00035671608739422514,0.01888692900908523,0.005616142609424938,0.04792683855241672,-0.0469371865247575
2050,3.90625,-0.046152197486265624,0.00014313044501475965,0.011963713679905568,0.022238913461559203,0.046152197486265624,-0.046071300598262754
2051,1.5625,-0.04813786435254414,0.0014871637273324086,0.03856376184103943,0.016140305820734075,0.04813786435254414,-0.048268078622273586
2052,3.90625,-0.04873679898688199,0.00017564485361552682,0.013253107319248827,0.010530007388964487,0.04873679898688199,-0.04691997179202207
2053,9.765625,-0.04777908222189144,4.133178052673649e-5,0.00642897974228699,0.026417028268894353,0.04777908222189144,-0.046666082410537574
2054,3.90625,-0.04605037547985179,0.00018064309765849975,0.013440353330865218,0.019585131687003945,0.04605037547985179,-0.047797440362439686
2055,1.5625,-0.04521968552629615,0.00030732068309635463,0.017530564254933573,0.007657016305974109,0.04521968552629615,-0.04778250370503838
2056,3.90625,-0.04601536672542856,6.104644321952484e-5,0.007813222332656664,0.016350712998068347,0.04601536672542856,-0.04716019928118779
2057,1.5625,-0.047927828488172945,7.390244208661986e-5,0.00859665295836815,0.01533839708175932,0.047927828488172945,-0.046981361850960184
2058,0.625,-0.04860177962258112,0.0006621999762698439,0.025733246516322885,0.004462944801130847,0.04860177962258112,-0.04746855323689363
2059,1.5625,-0.04779376342048148,0.0001444569100394773,0.01201902284045909,0.009937726820333394,0.04779376342048148,-0.04714335094226518
2060,3.90625,-0.047185121091768284,3.123598822198876e-5,0.005588916551710963,0.014786994251733203,0.047185121091768284,-0.04703074041589809
2061,1.5625,-0.04607211199270231,7.182321188054775e-5,0.00847485763187487,0.007831060256082236,0.04607211199270231,-0.047076575110204515
2062,3.90625,-0.04645004747070483,1.474900152825455e-5,0.003840442881785192,0.0042374842620193035,0.04645004747070483,-0.04704110404615005
2063,9.765625,-0.04670290988998515,6.166569885983952e-6,0.002483257917733064,0.012079239542307269,0.04670290988998515,-0.04697683000251599
2064,3.90625,-0.0473830305145902,4.2661714887692084e-5,0.00653159359480457,0.0074762300456905515,0.0473830305145902,-0.04727321515949145
2065,9.765625,-0.04749288942812454,2.5235577505234092e-5,0.005023502513708348,0.03416200152601334,0.04749288942812454,-0.046858011087790134
2066,3.90625,-0.04752811864685419,4.4216370745295024e-5,0.00664953913781211,0.02996397566959279,0.04752811864685419,-0.046725423014040576
2067,1.5625,-0.0464284643941354,0.0008153029450474904,0.028553510205358124,0.010047573730689803,0.0464284643941354,-0.04852628147059992
2068,3.90625,-0.04659835547409309,0.0001069134449119295,0.010339895788252873,0.008069877993002118,0.04659835547409309,-0.04710495786140744
2069,9.765625,-0.046695912939265644,3.218249959480537e-5,0.005672962153479025,0.005360857305511542,0.046695912939265644,-0.046773479221107035
2070,24.4140625,-0.046956179217136636,1.6185367172055975e-5,0.004023104171166337,0.04470458685976409,0.046956179217136636,-0.04640233468844676
2071,9.765625,-0.04719931495541653,0.0001706317612973487,0.013062609283651896,0.02855278545772249,0.04719931495541653,-0.04786686643279567
2072,3.90625,-0.047783150642262,0.0002598968130073866,0.01612131548625566,0.024120948941337598,0.047783150642262,-0.04821175660152547
2073,1.5625,-0.047558829932271035,0.00017365405215799608,0.013177786314779736,0.014944256215055142,0.047558829932271035,-0.047461361261977406
2074,3.90625,-0.0472816950861167,4.1748146410261065e-5,0.0064612805549876156,0.012054482415126938,0.0472816950861167,-0.04715725854810913
2075,1.5625,-0.047137881058979134,0.0001532500283012662,0.01237941954621727,0.004712415701998254,0.047137881058979134,-0.04721769840742133
2076,3.90625,-0.046890273730979,3.358809381203579e-5,0.005795523601197374,0.01294975608007698,0.046890273730979,-0.047120764608189855
2077,1.5625,-0.046837615471875475,0.00013003967743826204,0.011403494089017719,0.0035048778582834673,0.046837615471875475,-0.04726128777725379
2078,3.90625,-0.04701486627229139,5.3152050140869594e-5,0.007290545256760265,0.019348042843306008,0.04701486627229139,-0.04694497349228996
2079,1.5625,-0.04610100491956937,0.0002777299041152909,0.016665230394905764,0.009821204981368894,0.04610100491956937,-0.047446727355696446
2080,3.90625,-0.04645021123179465,2.0081022082332256e-5,0.004481185343447898,0.00778280514968969,0.04645021123179465,-0.04711295722676819
2081,1.5625,-0.04697818027431285,1.9279029131920247e-5,0.004390789124055066,0.008858625902736636,0.04697818027431285,-0.04701109738688378
2082,0.625,-0.04724385156119616,0.0003773923516640326,0.01942658878094743,0.00645907209982562,0.04724385156119616,-0.04729612118871776
2083,1.5625,-0.04759035162551542,6.767321793648105e-5,0.008226373316138834,0.01140082860226803,0.04759035162551542,-0.04710561601780944
2084,0.625,-0.04740358926877855,9.905611150080895e-5,0.009952693680647915,0.011336920188658053,0.04740358926877855,-0.04709203765317182
2085,1.5625,-0.04721960409481573,2.5825014981259503e-5,0.005081831852910868,0.008664414955007107,0.04721960409481573,-0.04707080525687438
2086,0.625,-0.04728529547380399,0.000272741598147236,0.016514890194828304,0.014498096524016641,0.04728529547380399,-0.047206880805699465
2087,1.5625,-0.04712854224004871,0.00016108626850351977,0.012691976540457351,0.022185057572381307,0.04712854224004871,-0.046860775070566664
2088,0.625,-0.045731202801322104,0.0005717302384641916,0.02391088117289264,0.014322426293455476,0.045731202801322104,-0.047132424750472024
2089,1.5625,-0.04653272517465111,7.876836448208544e-5,0.008875154335676955,0.017064694191477266,0.04653272517465111,-0.046744501809068806
2090,0.625,-0.04774369864597553,8.723817660273098e-5,0.009340137932746548,0.02117054762022216,0.04774369864597553,-0.04658657061195145
2091,0.25,-0.04779774775160433,0.0026827739628786894,0.05179550137684439,0.04127086608800409,0.04779774775160433,-0.04731401356525957
2092,0.625,-0.04921499738629461,0.0007499464835769201,0.027385150786090627,0.02612311681960051,0.04921499738629461,-0.04763540876295399
2093,1.5625,-0.04791212671561732,0.00023913169925273434,0.01546388370535469,0.006460157238032238,0.04791212671561732,-0.04751538946570071
2094,3.90625,-0.04737216964290533,2.019689086326408e-5,0.00449409511061616,0.0068376912802048636,0.04737216964290533,-0.04705857319829956
2095,1.5625,-0.04623261711397787,5.165175782331867e-5,0.007186915737875231,0.0054885270256843765,0.04623261711397787,-0.047130797057434476
2096,3.90625,-0.046462655214523224,1.0618051269384336e-5,0.003258535141652509,0.009298672605347003,0.046462655214523224,-0.04705725739484326
2097,1.5625,-0.04693418574171147,1.9665133703372662e-5,0.004434538724982866,0.013890066269113576,0.04693418574171147,-0.0470458532244634
2098,0.625,-0.047929641341481616,0.00023377506027663766,0.015289704388137714,0.013213870777977345,0.047929641341481616,-0.04723658976301044
2099,1.5625,-0.04740362660882241,0.00015108011186350638,0.012291465000702982,0.017142164078323818,0.04740362660882241,-0.04688141735401733
2100,0.625,-0.04596052363146435,0.000760156681846838,0.027570939081700465,0.017670757787375025,0.04596052363146435,-0.047513715224952575
2101,1.5625,-0.046350651991078545,3.874825747225454e-5,0.006224809834224218,0.006394471432059992,0.046350651991078545,-0.04712059592679212
2102,3.90625,-0.04681451134646015,6.620896579936961e-6,0.0025731102929989146,0.011818946005140255,0.04681451134646015,-0.04706718137409466
2103,1.5625,-0.04730325748406595,7.160148299956615e-6,0.0026758453430563984,0.00875160807902315,0.04730325748406595,-0.04703787222766348
2104,0.625,-0.04743053505039992,7.249649219482805e-6,0.0026925172644725616,0.00749397206181906,0.04743053505039992,-0.04702793054001039
2105,0.25,-0.047401396903482065,7.0068110906077e-6,0.0026470381732433892,0.009931023174883879,0.047401396903482065,-0.04702158910002547
2106,0.1,-0.05454996021437028,0.011059458077772952,0.1051639580739188,0.008065329823642733,0.05454996021437028,-0.04841436069018113
2107,0.25,-0.051995676383766495,0.0022350486051512476,0.047276300671174006,0.015760078059596908,0.051995676383766495,-0.04740544226588557
2108,0.625,-0.049800295185997386,0.0006237378058294272,0.02497474335862988,0.006747100202418652,0.049800295185997386,-0.047004514731745696
2109,1.5625,-0.04747220029241754,0.0002474881840591344,0.01573175718281764,0.029976008493480033,0.04747220029241754,-0.04679325154786215
2110,0.625,-0.04442938254286215,0.0011966193460153738,0.03459218619884227,0.007084531469286273,0.04442938254286215,-0.04750646233148469
2111,1.5625,-0.0452795540886583,7.480437360151185e-5,0.008648952167835816,0.00874071247214525,0.0452795540886583,-0.04714774051351029
2112,3.90625,-0.04640772404033193,1.5399471519091702e-5,0.003924216038789366,0.014358131841793824,0.04640772404033193,-0.04704490098008754
2113,1.5625,-0.04806586306889936,2.1800834363949738e-5,0.00466913636167865,0.009681586424292342,0.04806586306889936,-0.04701347121333098
2114,0.625,-0.05148607882469399,0.0002505679441314152,0.015829338082542024,0.014642503446019639,0.05148607882469399,-0.04718819261350219
2115,1.5625,-0.04915471008038767,4.183680322273524e-5,0.006468137538946992,0.01425929745551145,0.04915471008038767,-0.04711424150750485
2116,0.625,-0.046309863276296305,4.6562907440827476e-5,0.00682370188686665,0.012548783897749856,0.046309863276296305,-0.0470833431225468
2117,0.25,-0.04463859652315252,6.815004240500513e-5,0.008255303895375696,0.008758453035498593,0.04463859652315252,-0.04704945361498838
2118,0.625,-0.04402000000670169,0.00012261912861655293,0.011073352185158428,0.004034726163650176,0.04402000000670169,-0.047144367499197724
2119,1.5625,-0.04571743189247629,3.071378715861315e-5,0.0055420020893728605,0.011813610489004448,0.04571743189247629,-0.04706703483820575
2120,0.625,-0.04851580205526091,4.386554316303957e-5,0.006623106760655423,0.009831669564902243,0.04851580205526091,-0.04704219548515051
2121,0.25,-0.048234117559175706,0.00032682251300586874,0.01807823312732383,0.02193259641429558,0.048234117559175706,-0.04713256512271504
2122,0.625,-0.048660366494173504,7.439887866543636e-5,0.00862547846008767,0.0025212899520462555,0.048660366494173504,-0.047091976768991156
2123,1.5625,-0.04783289968983215,1.976462650129271e-5,0.004445742514056872,0.003978002108233375,0.04783289968983215,-0.04705984071954868
2124,3.90625,-0.04752570872525057,1.1733056308945544e-5,0.003425354917223257,0.003861102911352035,0.04752570872525057,-0.046995991416717085
2125,9.765625,-0.0470160643510494,6.5018592938681e-6,0.0025498743682519144,0.014122236412795502,0.0470160643510494,-0.046976509810257513
2126,3.90625,-0.046569050418206914,3.9789257669488104e-5,0.006307872673848775,0.02007003794193644,0.046569050418206914,-0.04718296197641122
2127,1.5625,-0.04696663501529793,9.837591207653559e-5,0.009918463191267868,0.01100012240487879,0.04696663501529793,-0.047226165350571524
2128,3.90625,-0.04707562716396347,1.931842579179807e-5,0.004395273119135837,0.0019342026348809157,0.04707562716396347,-0.04707538312336967
2129,9.765625,-0.04712235912205397,1.4529057661616854e-5,0.0038117001012168907,0.011087173825550784,0.04712235912205397,-0.04688061553896699
2130,3.90625,-0.04706339762329099,0.00010909576677641925,0.010444891898742622,0.00546835559567493,0.04706339762329099,-0.04747395753332393
2131,9.765625,-0.04695187964675259,1.3210878397757015e-5,0.003634677206817273,0.023365150736161445,0.04695187964675259,-0.04704591639241466
2132,3.90625,-0.047045051065288536,2.9124232221775708e-5,0.005396687152483059,0.020024102685329056,0.047045051065288536,-0.047078097098594146
2133,1.5625,-0.04706206565785589,0.0001338638415749944,0.011569954259848842,0.010775156781819166,0.04706206565785589,-0.047194310406772466
2134,3.90625,-0.047154565694758704,1.3480694915081924e-5,0.003671606585009064,0.008369981543487132,0.047154565694758704,-0.04713695304228392
2135,1.5625,-0.04714064732400196,1.377299530567532e-5,0.0037111986346294265,0.007312338688078117,0.04714064732400196,-0.047066394429654615
2136,0.625,-0.0466175787916592,8.088469972587322e-5,0.008993592148072606,0.014536449526186193,0.0466175787916592,-0.047094074490232035
2137,0.25,-0.04636045284141228,8.71637561803621e-5,0.009336153178925574,0.011435398967739424,0.04636045284141228,-0.0470304110825478
2138,0.625,-0.047008888145445585,0.00022423507950110363,0.014974480942627148,0.010781443196095707,0.047008888145445585,-0.04718857048251435
2139,1.5625,-0.04720154437050646,3.962897184175382e-5,0.006295154632076469,0.0020216203571397804,0.04720154437050646,-0.04711694616357971
2140,3.90625,-0.04734188135571809,2.7855354059932506e-5,0.005277817168103922,0.020542902361568617,0.04734188135571809,-0.04695449862375595
2141,1.5625,-0.047159985134286646,0.00017500592388303726,0.013228980455161209,0.010643081541289222,0.047159985134286646,-0.04738961742426765
2142,3.90625,-0.04682842217485796,0.00014148232279185462,0.01189463420168332,0.03486162892803275,0.04682842217485796,-0.04654893861212206
2143,1.5625,-0.04648325515501396,0.0005847019414957395,0.024180610858614376,0.02205678594203057,0.04648325515501396,-0.04804112813103503
2144,3.90625,-0.04672749721429349,8.583709897607113e-5,0.009264831297766361,0.024060851914458347,0.04672749721429349,-0.046967716374063044
2145,1.5625,-0.046967246790721215,0.0002765816278631271,0.016630743454912864,0.004605912124617702,0.046967246790721215,-0.04733264649375187
2146,3.90625,-0.04694335362865326,2.6383022953870434e-5,0.005136440689219572,0.009871887985302301,0.04694335362865326,-0.046910909158720523
2147,1.5625,-0.047007930774974366,2.9159099008019112e-5,0.005399916574172152,0.0017351699021191764,0.047007930774974366,-0.046795602306509254
2148,3.90625,-0.047097853297266595,2.1040764160305364e-5,0.0045870212731472446,0.018790446152691005,0.047097853297266595,-0.04672022994714209
2149,1.5625,-0.04705964517386524,0.00018068163521375684,0.013441786905532941,0.02034926125579221,0.04705964517386524,-0.046971164680278274
2150,0.625,-0.04804235101784549,0.0028872137307018398,0.053732799393869664,0.014051661911770721,0.04804235101784549,-0.04889823349567506
2151,1.5625,-0.04767883463043379,0.00038132364751603204,0.01952751001833137,0.010138458307798227,0.04767883463043379,-0.04741301388237874
2152,3.90625,-0.04748347403490483,0.0001974763846461316,0.01405262910085268,0.053227782873501515,0.04748347403490483,-0.04608701604516112
2153,1.5625,-0.04805663791412551,0.001279934050856424,0.03577616596082403,0.009701254445878837,0.04805663791412551,-0.0485193272244641
2154,3.90625,-0.04722488692223257,0.0001402143384593598,0.011841213555179206,0.015219183686895729,0.04722488692223257,-0.04703320140497529
2155,1.5625,-0.0463043146319349,0.00022851496666236368,0.015116711502915034,0.010083591676568995,0.0463043146319349,-0.04729774882916567
2156,3.90625,-0.04639279605145915,3.604572161986627e-5,0.0060038089259957525,0.006463545484957445,0.04639279605145915,-0.047022476876857844
2157,9.765625,-0.0469388077718274,1.6829935305240383e-5,0.00410243041443001,0.0217335439278718,0.0469388077718274,-0.046770527906600384
2158,3.90625,-0.04748226548100945,5.7704463549900804e-5,0.007596345407490421,0.023912911199249445,0.04748226548100945,-0.04699097393571768
2159,1.5625,-0.04796847614540016,0.00025074058523412776,0.015834790343863973,0.023517471726004865,0.04796847614540016,-0.04721340011927596
2160,0.625,-0.04727351391842862,0.003156592027638431,0.05618355655917869,0.012626456552203395,0.04727351391842862,-0.04815252527515114
2161,1.5625,-0.04717735648385404,0.0006592515500170216,0.025675894337238218,0.006845522650861902,0.04717735648385404,-0.04735027785454432
2162,3.90625,-0.046953483448116715,0.0001574665987883484,0.012548569591325873,0.04722013888228253,0.046953483448116715,-0.04641398775842501
2163,1.5625,-0.04651701633313765,0.0007246638642723147,0.02691958142825246,0.01657909483733044,0.04651701633313765,-0.04761437602955059
2164,3.90625,-0.04669648266772781,0.00013227740452060832,0.011501191439177435,0.016028467923640204,0.04669648266772781,-0.04697544270511353
2165,1.5625,-0.04705770616351652,0.0005452182368769183,0.0233499087123894,0.006590468648989063,0.04705770616351652,-0.04748641967070041
2166,3.90625,-0.0469653289982547,0.00013221341160631327,0.011498409090231277,0.03734641957703758,0.0469653289982547,-0.04671715568467049
2167,1.5625,-0.04692365813828879,0.0006849362284712452,0.02617128633581554,0.007346233738435791,0.04692365813828879,-0.047560928051523337
2168,3.90625,-0.046735674516062385,7.022144025931867e-5,0.008379823402633177,0.010563198050000546,0.046735674516062385,-0.046996499240008045
2169,1.5625,-0.047267042514821445,8.639189111479952e-5,0.0092947238320888,0.013479910747811692,0.047267042514821445,-0.04680572741833975
2170,0.625,-0.04796495054609936,0.0015251190752320193,0.0390527729518919,0.013306848343714393,0.04796495054609936,-0.04799418236353469
2171,1.5625,-0.047413971064565096,0.00025689846930324766,0.01602805257363625,0.014335372585120519,0.047413971064565096,-0.04715101337480212
2172,3.90625,-0.04728772943757087,4.570960275259768e-5,0.00676088771927161,0.004416033522483644,0.04728772943757087,-0.04692307761650963
2173,9.765625,-0.047167170129434,1.6037740121148896e-5,0.0040047147365510185,0.023453808755096645,0.047167170129434,-0.04677302878268492
2174,3.90625,-0.0469745132233588,7.898125211039362e-5,0.00888713970354881,0.023678094653153767,0.0469745132233588,-0.04701290867129816
2175,1.5625,-0.047108430898611484,9.462183290520017e-5,0.009727375437660467,0.02984108147825907,0.047108430898611484,-0.04680688555813572
2176,0.625,-0.04574715826167023,0.00025623608252442736,0.01600737587877624,0.03306296945231554,0.04574715826167023,-0.04690232079591416
2177,0.25,-0.04585162453726603,0.00047404858480402186,0.02177265681546517,0.026633732561768732,0.04585162453726603,-0.04690795571879732
2178,0.625,-0.043416604960945036,0.005865326819255954,0.0765854217149449,0.010747202924371141,0.043416604960945036,-0.05010563244560259
2179,1.5625,-0.0453595496624498,0.0012390367535068747,0.035199953885010626,0.015759188116156352,0.0453595496624498,-0.046603777788003245
2180,3.90625,-0.04643704104520229,0.00030452129464558184,0.017450538520217128,0.015452581848628189,0.04643704104520229,-0.04610946640511664
2181,9.765625,-0.04676621701019855,0.0002648287597289027,0.016273560143032707,0.1516612817543605,0.04676621701019855,-0.04241713061549832
2182,3.90625,-0.045768267812586354,0.0015351100301312036,0.039180480218231166,0.022369014655336687,0.045768267812586354,-0.05028649826582934
2183,9.765625,-0.04637743998302387,0.00017947842357474435,0.01339695575773632,0.05081603337392134,0.04637743998302387,-0.04614382920438149
2184,3.90625,-0.047488519571300264,0.0002958253844757211,0.01719957512486053,0.09543359718650772,0.047488519571300264,-0.04540343859861766
2185,1.5625,-0.04990595695861286,0.006078371249005474,0.0779639099135329,0.06374699804165387,0.04990595695861286,-0.0576213818438262
2186,3.90625,-0.04781392015224874,0.0009280072913323248,0.030463212098075357,0.040503779800990035,0.04781392015224874,-0.048534642729320586
2187,1.5625,-0.045779242754380965,0.003304277767669452,0.05748284759534319,0.024236568022245178,0.045779242754380965,-0.05032366192098429
2188,3.90625,-0.04629988647841603,0.0005486276931880641,0.02342280284654388,0.01817562784602631,0.04629988647841603,-0.04657060817513471
2189,9.765625,-0.04631683436077777,0.00026407661025885975,0.016250434156011333,0.13815115967857686,0.04631683436077777,-0.04303666155241477
2190,3.90625,-0.04609282516706013,0.0015409454957530048,0.03925487862359282,0.028328670132069786,0.04609282516706013,-0.04978003310833661
2191,9.765625,-0.0461916473462791,0.00023518287011422564,0.015335673122306227,0.034826254647224414,0.0461916473462791,-0.045659705543743434
2192,3.90625,-0.04647625225496216,0.0012142166297475934,0.034845611341280745,0.020019943294386135,0.04647625225496216,-0.04943861760617405
2193,9.765625,-0.046571443390934684,0.00017891315834583818,0.013375842341543884,0.07318219011264182,0.046571443390934684,-0.045705706446345334
2194,3.90625,-0.048365304840382865,0.0008858758800235692,0.029763667113169526,0.027711065249697662,0.048365304840382865,-0.04837158579909449
2195,9.765625,-0.04799430981888867,0.00029216674317189003,0.017092885747347932,0.1343912519807226,0.04799430981888867,-0.044047108865949855
2196,3.90625,-0.0458823365078527,0.0017613273926132948,0.04196817118499798,0.03472072613393431,0.0458823365078527,-0.05166416119428501
2197,9.765625,-0.04568619949369008,0.00022632728309331107,0.015044177714096277,0.023559515114959056,0.04568619949369008,-0.04622640451660773
2198,3.90625,-0.045453388037247126,0.0007668215198137436,0.02769154238777146,0.019442187901623626,0.045453388037247126,-0.04912328085268766
2199,9.765625,-0.04628365315580989,9.316877701811817e-5,0.009652397475141508,0.04395446786507688,0.04628365315580989,-0.04683289818391993
2200,3.90625,-0.047318332767855284,0.000492142833788558,0.022184292501419962,0.031157757100052676,0.047318332767855284,-0.04847523660290319
2201,1.5625,-0.04871936709098045,0.0016900099028994075,0.04110973002708006,0.017012590910110297,0.04871936709098045,-0.04980938183399379
2202,3.90625,-0.04816354384907245,0.00027693117283278195,0.016641249136792043,0.012629477523329536,0.04816354384907245,-0.047863652609989565
2203,9.765625,-0.04745649620094991,7.683373107509247e-5,0.008765485216181274,0.04189173832209288,0.04745649620094991,-0.046786142427680893
2204,3.90625,-0.04556386782885643,0.0002156672375879873,0.014685613286069713,0.06396820423033117,0.04556386782885643,-0.04743571645435839
2205,1.5625,-0.04347409162737928,0.0011175235869866243,0.033429382091008264,0.018946856136357763,0.04347409162737928,-0.048753864186741505
2206,3.90625,-0.044765483852813814,0.0002268424752660708,0.01506129062418194,0.07519703331390887,0.044765483852813814,-0.047135828565050684
2207,1.5625,-0.04773293441630726,0.0005645072150910303,0.023759360578328496,0.024124172686691855,0.04773293441630726,-0.04789192955368004
2208,3.90625,-0.047787684816177414,7.030856377950385e-5,0.008385020201496467,0.01266697357533874,0.047787684816177414,-0.04719609446173905
2209,1.5625,-0.04787962262420644,7.932815335905565e-5,0.008906635355680374,0.029608914739935255,0.04787962262420644,-0.04690940349070384
2210,0.625,-0.04575822480071602,0.0013873089376365338,0.03724659632283914,0.012124650361113801,0.04575822480071602,-0.047737583424904036
2211,1.5625,-0.04643743783638372,0.000268171571160559,0.016375944893671297,0.007157845067193412,0.04643743783638372,-0.04731333877452624
2212,3.90625,-0.046714265647927807,5.0815434218109386e-5,0.007128494526764356,0.00898526220639764,0.046714265647927807,-0.04702733346511049
2213,1.5625,-0.047322426099117056,8.735651580645597e-5,0.009346470767431735,0.017605834695139492,0.047322426099117056,-0.047081783590198864
2214,0.625,-0.04756014016099611,0.0008456050524560138,0.02907928906379958,0.011308365404346177,0.04756014016099611,-0.04744937889061118
2215,1.5625,-0.04755009440728334,0.0001577855729570622,0.012561272744314653,0.0044674730980155,0.04755009440728334,-0.0473436271994818
2216,3.90625,-0.047288041703931534,8.046448147998448e-5,0.00897019963434396,0.025275136877422347,0.047288041703931534,-0.04680869896205051
2217,1.5625,-0.04710791700516324,0.0006205922985520998,0.02491168999791262,0.019173834129947148,0.04710791700516324,-0.04765102330867338
2218,3.90625,-0.04693052456515554,9.13768949275686e-5,0.00955912626381557,0.00651406429172553,0.04693052456515554,-0.047057065113527224
2219,9.765625,-0.04685637653600523,1.7664029992920906e-5,0.004202859739858196,0.016297965622792194,0.04685637653600523,-0.046941379442421494
2220,3.90625,-0.04728265034649204,3.9981254063112544e-5,0.006323073150226284,0.023552645085745567,0.04728265034649204,-0.04697338964862688
2221,1.5625,-0.047516621157047675,0.0003923711011646824,0.019808359375896895,0.03274425755921553,0.047516621157047675,-0.04764703172113915
2222,0.625,-0.0460791519285955,0.0011317226757151452,0.03364108612567593,0.009363934778690313,0.0460791519285955,-0.04767402177736567
2223,1.5625,-0.046922678517546806,0.00021943608465269278,0.014813375194488687,0.01786335304044303,0.046922678517546806,-0.047180745381828135
2224,3.90625,-0.04686813834990547,5.4065385164859864e-5,0.0073529167794052904,0.004934207372290996,0.04686813834990547,-0.04696872233929791
2225,9.765625,-0.04719072265601554,2.1804868347573506e-5,0.004669568325613569,0.0346962469219949,0.04719072265601554,-0.04684253738488823
2226,3.90625,-0.04713323049715405,7.30590550102048e-5,0.008547458979732211,0.02974484810377353,0.04713323049715405,-0.047096815836312915
2227,1.5625,-0.04718755849394074,0.00041916986035268156,0.020473638180662508,0.025556365048206003,0.04718755849394074,-0.047601845107943457
2228,3.90625,-0.047138362993054954,8.515524473938652e-5,0.009227959944613246,0.02138989738397425,0.047138362993054954,-0.047304463556018306
2229,1.5625,-0.046928136979619825,9.718633720615551e-5,0.009858313101446694,0.015744799472068798,0.046928136979619825,-0.04721424172147015
2230,0.625,-0.04678981095954589,0.00011226563260659184,0.010595547772842696,0.013607623460972723,0.04678981095954589,-0.04705701792153325
2231,0.25,-0.044192885655693806,0.0035533668139889757,0.05961012341866921,0.038581344009609046,0.044192885655693806,-0.04762397098259323
2232,0.625,-0.04565472723473234,0.0007250773488780473,0.026927260329971323,0.02312545515455579,0.04565472723473234,-0.04747278049090634
2233,1.5625,-0.04631594782859952,0.00016068782788594406,0.012676270267154455,0.0092955368250006,0.04631594782859952,-0.047167209433706475
2234,3.90625,-0.04674156369775397,7.261914673009845e-5,0.008521686847690335,0.023101386152607376,0.04674156369775397,-0.04672232112832282
2235,1.5625,-0.047696806175513105,0.00041187598998781527,0.020294728132887498,0.01433233785230193,0.047696806175513105,-0.04762252231512583
2236,3.90625,-0.04732347280944916,6.506995302189493e-5,0.008066594883957848,0.009471245726483835,0.04732347280944916,-0.047093967880349474
2237,9.765625,-0.04712858899173654,1.3825487668516655e-5,0.0037182640665392036,0.030434792033381466,0.04712858899173654,-0.04696689971734176
2238,3.90625,-0.04647563485381883,1.8802328359723256e-5,0.004336165167486503,0.0222815324890714,0.04647563485381883,-0.046835521024937155
2239,1.5625,-0.046922475566336275,8.598761242881848e-5,0.009272950578366008,0.03883542032307205,0.046922475566336275,-0.04693231959871081
2240,0.625,-0.04496711158704614,0.002148452628377227,0.04635140373685814,0.010227746171851659,0.04496711158704614,-0.048634524373169896
2241,1.5625,-0.045844160091921805,0.0012330093521502508,0.03511423289992607,0.050874428605958665,0.045844160091921805,-0.04553584195015744
2242,0.625,-0.047885590583088423,0.005731802960308486,0.07570867163217491,0.013037325149781596,0.047885590583088423,-0.050582570784444815
2243,1.5625,-0.047838061852929076,0.000794123506482396,0.028180197062518852,0.017030747003286828,0.047838061852929076,-0.04674187111428021
2244,3.90625,-0.04716146012469203,0.0002229990640279884,0.014933153184374303,0.04213075203356389,0.04716146012469203,-0.045923542611126855
2245,1.5625,-0.04767146613887539,0.001393166294399274,0.037325142925369675,0.023175441619098985,0.04767146613887539,-0.04838813142817114
2246,3.90625,-0.04669179815196905,0.000294282266177483,0.017154657273681772,0.06637604345542406,0.04669179815196905,-0.046674395737205054
2247,1.5625,-0.04576889019913816,0.0010884338714975102,0.032991421180323686,0.014550189352282583,0.04576889019913816,-0.04772537558062975
2248,3.90625,-0.046324658294029895,0.00025971997324271325,0.016115829896183233,0.05166120272960533,0.046324658294029895,-0.0458979970384478
2249,1.5625,-0.048915509633191585,0.001437415304493392,0.037913260272540425,0.028933756833576966,0.048915509633191585,-0.048837158515164354
2250,3.90625,-0.04842976708319959,0.0002712933763156222,0.016470985893856573,0.04904136233786313,0.04842976708319959,-0.046571049422200014
2251,1.5625,-0.0469023967988108,0.0009087080089552216,0.030144784108618553,0.01691932393300757,0.0469023967988108,-0.04781281877696269
2252,3.90625,-0.0467117622406615,0.00020907242486123325,0.014459336944038384,0.039911338040128995,0.0467117622406615,-0.04702034069596728
2253,1.5625,-0.04601887821310578,0.0007644280923860867,0.02764829275716833,0.020250143597956058,0.04601887821310578,-0.04817327658766368
2254,3.90625,-0.046373133300033134,0.00017069243255354903,0.01306493140255811,0.007900643506605335,0.046373133300033134,-0.04687312303605375
2255,9.765625,-0.04682551250351601,0.0001337917942119659,0.011566840286438035,0.051104976210573076,0.04682551250351601,-0.04490781749468718
2256,3.90625,-0.047732032833628625,0.0009060431253884537,0.030100550250592658,0.061951877436067074,0.047732032833628625,-0.046755937205347466
2257,1.5625,-0.05192609430063776,0.004230811033186248,0.06504468489574108,0.04662251708482752,0.05192609430063776,-0.053880612359323746
2258,3.90625,-0.04827337035638276,0.0004990249211556274,0.022338865708796125,0.0644446470464036,0.04827337035638276,-0.04756336408220107
2259,1.5625,-0.043809642339050846,0.001284829436825691,0.03584451752814775,0.038433118765111816,0.043809642339050846,-0.04843805018983201
2260,3.90625,-0.04419050612474272,0.00026305815327569784,0.016219067583424698,0.015432025006646465,0.04419050612474272,-0.04704608024253138
2261,9.765625,-0.04521772492623541,0.00012069571033023431,0.01098615994468651,0.04169499894693315,0.04521772492623541,-0.045507020912169814
2262,3.90625,-0.04634188778569676,0.00012258878889568253,0.011071982157485737,0.05444809913781788,0.04634188778569676,-0.04389087237669813
2263,1.5625,-0.05207309245651525,0.0049086370873914825,0.07006166631897562,0.03739645044730066,0.05207309245651525,-0.05726419153767952
2264,3.90625,-0.0505060264488671,0.0003097643265927311,0.017600122914137022,0.05096295613529509,0.0505060264488671,-0.04867041226109934
2265,1.5625,-0.04750176328551616,0.0002903284962406676,0.017039028617872196,0.03870772082962518,0.04750176328551616,-0.04711496954851006
2266,0.625,-0.04460948600801561,0.003992247637674868,0.06318423567374118,0.01960840929293024,0.04460948600801561,-0.04961101921449372
2267,1.5625,-0.044053808828076906,0.0006125895400072307,0.024750546256744128,0.01971356834416089,0.044053808828076906,-0.04726410586868128
2268,3.90625,-0.04529895629634592,0.00019518720907256347,0.013970941595775263,0.0184845356243412,0.04529895629634592,-0.04639042093102991
2269,1.5625,-0.04879864081620457,0.0017022514564328287,0.04125835014191465,0.032438194887116016,0.04879864081620457,-0.04843562600529814
2270,3.90625,-0.04796692757327828,0.0003082112780943574,0.017555947086225723,0.06594432623412562,0.04796692757327828,-0.046516150972636894
2271,1.5625,-0.04676124194693931,0.0015156431512445912,0.038931261875831756,0.012327675356233173,0.04676124194693931,-0.04815342516315117
2272,3.90625,-0.046657266313549155,0.00021757065620847893,0.014750276479052145,0.03027631077483306,0.046657266313549155,-0.04635263970397174
2273,1.5625,-0.04648254096324054,0.0007475929364411977,0.027342145790723846,0.048410705078751885,0.04648254096324054,-0.046392053823694886
2274,0.625,-0.05046820332248746,0.005508056954748382,0.0742162849700009,0.01498275232458025,0.05046820332248746,-0.05117591926707915
2275,1.5625,-0.04808067736190955,0.00047543110655536697,0.02180438273731607,0.019371634516346457,0.04808067736190955,-0.04782546587912483
2276,3.90625,-0.047238904178834785,0.00016188288023482038,0.012723320330590612,0.015235001988090163,0.047238904178834785,-0.04665671257052027
2277,9.765625,-0.04665009368147131,0.00011268176065856812,0.010615166539370361,0.036113794860271595,0.04665009368147131,-0.04494909016053523
2278,3.90625,-0.045577345832262146,0.0014289732814415127,0.03780176294092,0.024773359076262727,0.045577345832262146,-0.0493369916956831
2279,9.765625,-0.046249018608170434,0.0002173558275924753,0.01474299249109472,0.09363101650267232,0.046249018608170434,-0.04594601124586838
2280,3.90625,-0.046439817932188036,0.0007287493335517866,0.026995357629633034,0.02261563015610211,0.046439817932188036,-0.047530095047467226
2281,9.765625,-0.04698798414484911,0.00019565135516761803,0.01398754285668566,0.07965405157800017,0.04698798414484911,-0.045190638935796903
2282,3.90625,-0.04877600818690048,0.0012696511219976701,0.03563216414979127,0.09252221770548252,0.04877600818690048,-0.05160269368222574
2283,1.5625,-0.048398052482747464,0.0019108504891344863,0.04371327589113502,0.031158552340449716,0.048398052482747464,-0.050528943654479776
2284,3.90625,-0.04717596994617355,0.0003042352033703346,0.01744233938926584,0.02226436560339437,0.04717596994617355,-0.04712716719453923
2285,1.5625,-0.04680131723626075,0.0007053899544272458,0.026559178346237406,0.011736412556216512,0.04680131723626075,-0.04703446845147923
2286,3.90625,-0.04722355076079592,0.0001932092272025463,0.013899972201502644,0.028752966474849866,0.04722355076079592,-0.04630851664179751
2287,1.5625,-0.04475493813136553,0.0017968541020758704,0.04238931589535116,0.03905562583587954,0.04475493813136553,-0.048151233316487026
2288,3.90625,-0.0456673031284173,0.0003874926978432856,0.019684834209189712,0.018792240972770182,0.0456673031284173,-0.04637029586514014
2289,9.765625,-0.04647570892170538,0.00016887137100756697,0.012995051789337624,0.04646091275424564,0.04647570892170538,-0.044980533023197405
2290,3.90625,-0.04782203884826447,0.0002889486355150561,0.01699848921272288,0.13851840595261927,0.04782203884826447,-0.04450585045026567
2291,1.5625,-0.04783257157417967,0.004967679984219273,0.07048177058090463,0.015388200363003875,0.04783257157417967,-0.05731562859317396
2292,3.90625,-0.04707188336689651,0.00034441666891759325,0.018558466232897405,0.013869658780672742,0.04707188336689651,-0.048978436313688554
2293,9.765625,-0.04658619678732032,0.00013584393448858972,0.01165521061536812,0.05201443090901134,0.04658619678732032,-0.04628596012606715
2294,3.90625,-0.04681316798772869,0.00023633146861285994,0.015373076094681245,0.018226836671314167,0.04681316798772869,-0.04572335861121974
2295,9.765625,-0.04719516273375287,0.00020294836651292848,0.01424599475336589,0.13885622219330895,0.04719516273375287,-0.042832187292280784
2296,3.90625,-0.046797762094406004,0.0030793828323321306,0.05549218712874931,0.04927184840629757,0.046797762094406004,-0.05344264413095579
2297,9.765625,-0.04586375438057664,0.00039943810295789027,0.019985947637224766,0.05551672092343242,0.04586375438057664,-0.045721090231107944
2298,3.90625,-0.04624765531305731,0.0016437936619635085,0.040543725309392924,0.05611845808685087,0.04624765531305731,-0.05040433104268124
2299,1.5625,-0.04966725507554681,0.0029169213804489773,0.054008530626642466,0.03599688042588273,0.04966725507554681,-0.05266828779798526
2300,3.90625,-0.04795262039661352,0.000368858292129387,0.01920568384956357,0.03348248067038869,0.04795262039661352,-0.047130255973288994
2301,1.5625,-0.04498225521900207,0.0006277425371821529,0.02505479070321987,0.05326550398440144,0.04498225521900207,-0.046793954413432405
2302,0.625,-0.0429782249055142,0.006331814003958207,0.0795726963471655,0.029397883612087415,0.0429782249055142,-0.049604273519803045
2303,1.5625,-0.0448886582133213,0.0013795411686144728,0.03714217506574531,0.024006229602078762,0.0448886582133213,-0.04790399769340053
2304,3.90625,-0.046617610451794134,0.0003987796338053603,0.01996946753935518,0.07067038428396451,0.046617610451794134,-0.04550877092147196
2305,1.5625,-0.047416436781897074,0.002012888450540846,0.04486522540387874,0.023149421232055642,0.047416436781897074,-0.048059056501380225
2306,3.90625,-0.04786699087588843,0.00038803455252971024,0.019698592653530106,0.05053892589394796,0.04786699087588843,-0.0457636795817752
2307,1.5625,-0.04322710581611832,0.0024757116204500926,0.04975652339593365,0.03289939638523311,0.04322710581611832,-0.04958305370277582
2308,3.90625,-0.04585798223174847,0.00029291092038152947,0.017114640527382673,0.040243910248315896,0.04585798223174847,-0.04696479618702306
2309,1.5625,-0.048244810052383236,0.0009901327141342328,0.03146637434046434,0.015088471562510433,0.048244810052383236,-0.04845196442223216
2310,3.90625,-0.04812688925144356,8.98842193668301e-5,0.009480728841541145,0.005761055629061831,0.04812688925144356,-0.04714740550126139
2311,9.765625,-0.047698466132766994,7.543387381468651e-5,0.008685267630573425,0.07792348420121845,0.047698466132766994,-0.04606428586651832
2312,3.90625,-0.046940082786976464,0.0004288663248415042,0.02070908797705742,0.01707283133429691,0.046940082786976464,-0.04865586907595393
2313,9.765625,-0.0467631968440799,3.865786415165058e-5,0.0062175448652704215,0.013947486842825405,0.0467631968440799,-0.047091597878453004
2314,3.90625,-0.04657797200072529,7.808773447121131e-5,0.008836726456737885,0.018141006924755346,0.04657797200072529,-0.04734701054250801
2315,1.5625,-0.046806565489697895,0.00014439814756404538,0.012016578030539534,0.02864232167649106,0.046806565489697895,-0.04728925587103669
2316,0.625,-0.04683329369679016,0.0015710529669359609,0.039636510529257755,0.009330860065487119,0.04683329369679016,-0.047829177332090966
2317,1.5625,-0.04687870843407498,0.0003375819914903655,0.018373404461078123,0.018843541239586554,0.04687870843407498,-0.04732618298674094
2318,3.90625,-0.04661922606717849,9.277933486044223e-5,0.009632203011795496,0.02790005824923376,0.04661922606717849,-0.04703712591506173
2319,1.5625,-0.0466154665317659,0.0001831000880143791,0.013531448112245012,0.016815664010164936,0.0466154665317659,-0.047049200703147706
2320,3.90625,-0.04646265067468762,6.0633221342430265e-5,0.0077867336760948916,0.011434775674908325,0.04646265067468762,-0.0471575718402444
2321,1.5625,-0.04722836059416481,0.00019838044993671878,0.014084759491617837,0.007556989508581747,0.04722836059416481,-0.04733837922071229
2322,3.90625,-0.04701155781015749,5.063335235691014e-5,0.007115711654986459,0.04128579135632733,0.04701155781015749,-0.046939140039462625
2323,1.5625,-0.04725766054119619,5.60700614413414e-5,0.0074879944872670275,0.033293343196722905,0.04725766054119619,-0.04670170347543188
2324,0.625,-0.04576249660512784,0.0025803930280599275,0.05079756911565678,0.010746423902190648,0.04576249660512784,-0.04839552259413691
2325,1.5625,-0.046297322425402465,0.00030495160830746275,0.017462863691487224,0.022600743624295906,0.046297322425402465,-0.04727717000822794
2326,0.625,-0.04851573053482479,0.001375886351384967,0.037092942069684456,0.009700803002294256,0.04851573053482479,-0.04776495626249562
2327,1.5625,-0.048441311179109894,0.0002744591324793277,0.01656680815604888,0.02600517410673966,0.048441311179109894,-0.04702086130990494
2328,0.625,-0.04665330888258999,0.0006828408413720171,0.026131223495504705,0.02412256161771381,0.04665330888258999,-0.047040608477398535
2329,1.5625,-0.046665223040701365,0.00019814289134883735,0.014076323786729166,0.008018921592421013,0.046665223040701365,-0.0472226027305052
2330,3.90625,-0.04676039320515518,5.089617646831829e-5,0.007134155624060797,0.018103893433318738,0.04676039320515518,-0.04692474791985822
2331,1.5625,-0.047065218768874456,8.03530533484106e-5,0.008963986465206795,0.025768672482189784,0.047065218768874456,-0.0468004415428187
2332,0.625,-0.04824225212787032,0.0013893952101332835,0.03727459201833447,0.009666429905654136,0.04824225212787032,-0.047853669745900704
2333,1.5625,-0.048371698375337314,0.0001989100151883001,0.014103546191944072,0.007194501186083368,0.048371698375337314,-0.04717337399343326
2334,3.90625,-0.047824392389889156,4.01699644064883e-5,0.00633797794304211,0.011775283716592463,0.047824392389889156,-0.04700245529844468
2335,1.5625,-0.04694153574659845,0.00015457607252412206,0.012432862603765958,0.007601755604939036,0.04694153574659845,-0.04713309614426148
2336,3.90625,-0.04674419866263715,3.4490349103755225e-5,0.005872848465928201,0.018574201347262426,0.04674419866263715,-0.04698492059835314
2337,1.5625,-0.04658677154844072,7.19044478184489e-5,0.008479649038636499,0.010362238438701947,0.04658677154844072,-0.04698989575613253
2338,3.90625,-0.04694145327276338,2.541490169063648e-5,0.005041319439455952,0.017578078680196525,0.04694145327276338,-0.046881243367738516
2339,1.5625,-0.047122473492278154,0.00031111404959885316,0.017638425371865062,0.008558601075522103,0.047122473492278154,-0.04753078906054211
2340,3.90625,-0.04731539570166862,2.958252649345568e-5,0.005438982119243975,0.00792996623755404,0.04731539570166862,-0.04712756373673421
2341,1.5625,-0.04740371052474431,3.0466602882358036e-5,0.005519656047468722,0.015926916148872334,0.04740371052474431,-0.046977358141564896
2342,0.625,-0.0461006694993603,0.0012560326318504815,0.035440550670813246,0.008728519737698552,0.0461006694993603,-0.047654375333817986
2343,1.5625,-0.045617182538804896,0.00022139871016953677,0.014879472778614731,0.03216166160959164,0.045617182538804896,-0.047095211075909416
2344,0.625,-0.046941066952368986,0.0010278847164123506,0.03206064123520225,0.007971094378679492,0.046941066952368986,-0.0477303324807645
2345,1.5625,-0.04729221044960334,7.198415626875447e-5,0.008484347722055861,0.004731662702320814,0.04729221044960334,-0.04720923930631137
2346,3.90625,-0.047144519394638394,6.719552399546302e-5,0.008197287599899312,0.030381151083830882,0.047144519394638394,-0.04682789410018661
2347,1.5625,-0.04641116457235671,0.00039792803593937607,0.019948133645516217,0.009085912072810901,0.04641116457235671,-0.04772552517089127
2348,3.90625,-0.046687036685490735,4.226112355688977e-5,0.0065008556019103955,0.013421637274845454,0.046687036685490735,-0.04709722619843864
2349,1.5625,-0.04683194254325541,5.897171314846423e-5,0.007679304209917994,0.013688718912956218,0.04683194254325541,-0.046989231608944484
2350,0.625,-0.04857866570746488,0.0006998069524694622,0.02645386460367298,0.008482302724088168,0.04857866570746488,-0.04741076809131419
2351,1.5625,-0.047907141149737466,0.00036350549260643814,0.01906582000876013,0.047391489410594206,0.047907141149737466,-0.04660868962118886
2352,0.625,-0.04394884190726579,0.002138426181146861,0.046243120365594505,0.013023554617895379,0.04394884190726579,-0.04811666663426364
2353,1.5625,-0.04561155412897431,0.00018038760758834824,0.013430845378767051,0.011109315939730064,0.04561155412897431,-0.047194573359495846
2354,3.90625,-0.04640832784928785,3.69281186313954e-5,0.006076851045681094,0.03491842149510667,0.04640832784928785,-0.04692381749137784
2355,1.5625,-0.04867944512507569,0.0002296611368441056,0.015154574782688744,0.014946162291008981,0.04867944512507569,-0.04725086102112574
2356,3.90625,-0.04821890668536355,5.022888348799653e-5,0.007087233838952722,0.033478170529275514,0.04821890668536355,-0.046856521009502806
2357,1.5625,-0.04749596052070289,0.00015440175520681844,0.012425850281039864,0.017694408519375187,0.04749596052070289,-0.047033138120442325
2358,0.625,-0.04660139061789253,0.001250732980867906,0.035365703455012824,0.009752853770882983,0.04660139061789253,-0.04774140625361409
2359,1.5625,-0.04662724442711313,0.0001875575325047292,0.013695164566544252,0.0034872841601992386,0.04662724442711313,-0.047125538945953394
2360,3.90625,-0.04690998773744087,2.9268369406866992e-5,0.005410024898913774,0.01391737199773347,0.04690998773744087,-0.0469906202670261
2361,1.5625,-0.04724953785608413,5.207306488814984e-5,0.007216166911051174,0.015256984732815696,0.04724953785608413,-0.046963334012764674
2362,0.625,-0.04835131552696057,0.0011600800842988123,0.03405994838955004,0.011151491528660146,0.04835131552696057,-0.047585960337895444
2363,1.5625,-0.04771609676739575,0.00022180540534119122,0.01489313282493617,0.007331861365735138,0.04771609676739575,-0.04726704751825255
2364,3.90625,-0.046872855727216785,5.120439382538744e-5,0.0071557245492953015,0.020700697202645283,0.046872855727216785,-0.047004535060876824
2365,1.5625,-0.04600795658280206,0.00017555864008835225,0.013249854342156078,0.017355502671514342,0.04600795658280206,-0.04720534657762221
2366,0.625,-0.045873885328621314,0.000203405543250198,0.014262031526055397,0.020155645198785144,0.045873885328621314,-0.04704994362355114
2367,0.25,-0.04897505468777047,0.004654016833523391,0.06822035497945897,0.008956506505191914,0.04897505468777047,-0.04833387133915182
2368,0.625,-0.04731319125203657,0.0009825526167792794,0.031345695346877846,0.007308714619277739,0.04731319125203657,-0.0475958493496741
2369,1.5625,-0.04700856553810623,0.0002797786576146978,0.016726585354300435,0.004402481292373516,0.04700856553810623,-0.046958791528122316
2370,3.90625,-0.046913302612708235,8.646940036905409e-5,0.00929889242700732,0.013086665152223731,0.046913302612708235,-0.04680251329311356
2371,1.5625,-0.0471575841653746,0.00027788465169383166,0.01666987257581268,0.022429772482593553,0.0471575841653746,-0.04725982682501624
2372,0.625,-0.04696404762201414,0.001080877921922505,0.032876707893621356,0.007200920046884073,0.04696404762201414,-0.047850016634515685
2373,1.5625,-0.046810778292679114,0.00025027803986890423,0.015820178250225383,0.003478901583831441,0.046810778292679114,-0.04729916026619223
2374,3.90625,-0.046607746139750036,6.242056909760684e-5,0.007900668901909942,0.019231604543763242,0.046607746139750036,-0.046927593486412185
2375,1.5625,-0.04658345801493404,6.259948693829068e-5,0.007911983754930914,0.022753399659948756,0.04658345801493404,-0.046599151717866404
2376,0.625,-0.04567834375113695,0.000761502575052824,0.02759533611052462,0.026117405597596715,0.04567834375113695,-0.04713081835842873
2377,1.5625,-0.04709237022332161,0.00022311436291684876,0.014937013185936763,0.014942513677379487,0.04709237022332161,-0.047270898827323736
2378,3.90625,-0.04739056971778249,6.739472865534755e-5,0.008209429252715901,0.026063964788634573,0.04739056971778249,-0.04691434716975254
2379,1.5625,-0.047525611357329,0.00031511230020499643,0.01775140276724621,0.021951075196543,0.047525611357329,-0.04754510450055703
2380,3.90625,-0.047397884853558496,3.8846250759305776e-5,0.0062326760512083235,0.00586069591015325,0.047397884853558496,-0.047136383895296945
2381,9.765625,-0.04747510717096251,2.9658016389075026e-5,0.005445917405642049,0.027312234315660554,0.04747510717096251,-0.04671368082814476
2382,3.90625,-0.04661258487427035,0.00017198346261271087,0.013114246551468783,0.027337877151348833,0.04661258487427035,-0.04732886680740568
2383,1.5625,-0.04639792475750138,0.00038360850358867745,0.01958592616111573,0.006090727706356985,0.04639792475750138,-0.04781144707757062
2384,3.90625,-0.04653585878381507,7.76608898601935e-5,0.008812541623175093,0.02195136189628893,0.04653585878381507,-0.0471063397469018
2385,1.5625,-0.04682299295464391,0.00015177693657507501,0.012319778268096996,0.018235623901279065,0.04682299295464391,-0.04712525553855685
2386,0.625,-0.0489456880243271,0.0015447780123790732,0.03930366410882163,0.007940705946976023,0.0489456880243271,-0.047719023488349076
2387,1.5625,-0.04881131084222869,0.0004771167259470904,0.021843001761367196,0.036851987979181565,0.04881131084222869,-0.04652516204399787
2388,0.625,-0.045152345587122625,0.002283563275254496,0.047786643272513876,0.019924851855549222,0.045152345587122625,-0.048046420327463965
2389,1.5625,-0.045625916184050215,0.00021102194789798546,0.014526594504493662,0.005932730173783952,0.045625916184050215,-0.0471371561248979
2390,3.90625,-0.04644290256810669,3.800152885871555e-5,0.006164538008538479,0.013090761437150813,0.04644290256810669,-0.04692610162234872
2391,1.5625,-0.0471393842765036,3.7690974278371914e-5,0.006139297539488693,0.017859205074575824,0.0471393842765036,-0.04672517432341248
2392,0.625,-0.05050551205868888,0.0020058022599997124,0.04478618380705943,0.012978821349296158,0.05050551205868888,-0.047749968881389104
2393,1.5625,-0.04920145803515349,0.0002818955196557365,0.016789744478571927,0.010975734735243384,0.04920145803515349,-0.04711164313832726
2394,3.90625,-0.04797014711882057,7.861014569186783e-5,0.008866236275436597,0.02469628722885494,0.04797014711882057,-0.04669961011352188
2395,1.5625,-0.04512983823603998,0.0004444141065390806,0.02108113152890709,0.02285894788803015,0.04512983823603998,-0.047461194811380406
2396,3.90625,-0.045591536575691705,4.774873876392768e-5,0.006910046220100679,0.008697290238532092,0.045591536575691705,-0.04693803295702814
2397,1.5625,-0.04697414224513971,6.411437914351917e-5,0.008007145505329548,0.018097781624262187,0.04697414224513971,-0.04679884285878375
2398,0.625,-0.05048049427961099,0.0009224520566466126,0.030371895835568326,0.018487202932205873,0.05048049427961099,-0.0475117394368588
2399,1.5625,-0.04881830488391559,0.0001511206247786801,0.012293112900265746,0.01169829149707446,0.04881830488391559,-0.047042617828598164
2400,3.90625,-0.04772059124121579,2.663021881519228e-5,0.005160447540203493,0.029692029411213523,0.04772059124121579,-0.04692235106321336
2401,1.5625,-0.046134386231050324,5.38005798896056e-5,0.007334887858011573,0.013876320364964868,0.046134386231050324,-0.04692660752113368
2402,0.625,-0.04478731855245049,7.946080096717575e-5,0.008914078806426144,0.011290273580952173,0.04478731855245049,-0.046882347491350077
2403,0.25,-0.04391322852505187,0.005433518525556528,0.0737124041498887,0.019294197956589487,0.04391322852505187,-0.04801713287477768
2404,0.625,-0.04628048558090738,0.001159570427292032,0.034052465803404486,0.014326590191127373,0.04628048558090738,-0.04762877988336754
2405,1.5625,-0.04679715835638196,0.0003018191431452109,0.017372942846426764,0.008920616067068808,0.04679715835638196,-0.04693125889317178
2406,3.90625,-0.04683156414100422,9.47742465565352e-5,0.009735206549248721,0.011037333645065336,0.04683156414100422,-0.046459527710216476
2407,9.765625,-0.046885238273073344,4.0844216459089873e-5,0.006390948009418467,0.024169320042777272,0.046885238273073344,-0.04626268450419529
2408,3.90625,-0.04764271829634132,0.00011631953203999589,0.010785153315553558,0.04163282547171427,0.04764271829634132,-0.04636296332545293
2409,1.5625,-0.04723231446257624,0.0012612451538260461,0.035514013485187026,0.01581454159779744,0.04723231446257624,-0.04931914769901982
2410,3.90625,-0.04701509138629253,0.0001691420578243788,0.01300546261477764,0.014130214676336135,0.04701509138629253,-0.04746398782643845
2411,9.765625,-0.0469585789194275,3.849693666202726e-5,0.006204589967276425,0.02457035529176604,0.0469585789194275,-0.04673014460449863
2412,3.90625,-0.04729814594991349,0.00012543877083569601,0.011199945126459148,0.020502304873331326,0.04729814594991349,-0.0472124487407637
2413,1.5625,-0.04601286521935283,0.0005645390771200616,0.023760031084156048,0.019435448544753663,0.04601286521935283,-0.04755285377372521
2414,3.90625,-0.04644815831631302,0.00014227991521835305,0.011928114487141421,0.03236542277959236,0.04644815831631302,-0.04683860463712073
2415,1.5625,-0.04728240158785986,0.000602957876896531,0.02455520060794721,0.01206404463046038,0.04728240158785986,-0.047513312173296365
2416,3.90625,-0.04688836870118539,7.53623573655231e-5,0.008681149541709501,0.009204898491695594,0.04688836870118539,-0.04703280341493756
2417,9.765625,-0.04670408036273651,5.9084353813765455e-5,0.0076866347522023875,0.040393492645197204,0.04670408036273651,-0.04619082108635415
2418,3.90625,-0.047124434271921395,0.00038431253382515784,0.019603890782830785,0.014709205050849772,0.047124434271921395,-0.047931418624399556
2419,9.765625,-0.04706418396829285,5.606516088472511e-5,0.0074876672525376765,0.05885984743578978,0.04706418396829285,-0.0465459989007233
2420,3.90625,-0.04731793580083112,0.00038725137684969145,0.019678703637427224,0.02257652160564054,0.04731793580083112,-0.04783733863824698
2421,9.765625,-0.04698637924776454,8.533511791619522e-5,0.009237700899909848,0.07200955327826228,0.04698637924776454,-0.04632800890032439
2422,3.90625,-0.046869824012524465,0.00045102659557166554,0.021237386740643623,0.017938766327025967,0.046869824012524465,-0.04806522629531394
2423,9.765625,-0.04684694716190842,4.21303869425651e-5,0.0064907924741563795,0.016798294417469904,0.04684694716190842,-0.046684754541737934
2424,3.90625,-0.047108859442102954,0.00010248781216145515,0.010123626433321962,0.018084096571643636,0.047108859442102954,-0.047151351599850046
2425,1.5625,-0.046450589754920404,0.0018215847492268973,0.04268002752139339,0.019345935763753902,0.046450589754920404,-0.04853952678104761
2426,3.90625,-0.046829681596720706,0.0003765025003063567,0.019403672340728616,0.016499813800533017,0.046829681596720706,-0.047501733294658
2427,9.765625,-0.04713574695700526,0.00010068334978643713,0.010034109317046389,0.08715528458028605,0.04713574695700526,-0.04572395141268108
2428,3.90625,-0.0468384069091602,0.0005464005589383102,0.023375212489693226,0.04645153954829557,0.0468384069091602,-0.04782780809689947
2429,1.5625,-0.04542251957403679,0.0013828830018914671,0.037187134897588806,0.02481378514425878,0.04542251957403679,-0.04857809244181789
2430,3.90625,-0.04578620364600797,0.00028161836298684124,0.016781488699958692,0.02559541541728179,0.04578620364600797,-0.04708874558993552
2431,1.5625,-0.04750278990449917,0.0003400210870024787,0.018439660707357895,0.0472805910350696,0.04750278990449917,-0.04603774606382054
2432,0.625,-0.04754261531810616,0.006267234843546763,0.07916586918329617,0.06088345064445788,0.04754261531810616,-0.05032070238998453
2433,1.5625,-0.04673517793083685,0.0014511821188392207,0.03809438434781721,0.018535572340826287,0.04673517793083685,-0.04856869475510647
2434,3.90625,-0.04655556974248913,0.0002719441241949536,0.016490728431302046,0.008598973860324027,0.04655556974248913,-0.04664908739819898
2435,9.765625,-0.04664989285928312,7.36113691270653e-5,0.00857970682057757,0.031381754284653215,0.04664989285928312,-0.046297044007032044
2436,3.90625,-0.04729580743627494,0.0003378112502708302,0.01837964227809753,0.027708909784897012,0.04729580743627494,-0.04796661197916261
2437,1.5625,-0.04793471153933076,0.0008398256686547012,0.028979745834887875,0.02343305841456455,0.04793471153933076,-0.04811888342062055
2438,3.90625,-0.047539752948711204,0.00017763391802741967,0.01332793750088211,0.012720980067331465,0.047539752948711204,-0.047038521043029066
2439,9.765625,-0.04698415608266699,6.712459765556378e-5,0.008192960249846436,0.04003351856477871,0.04698415608266699,-0.046032715878459314
2440,3.90625,-0.046707562980086194,0.0007484400433238247,0.02735763226823229,0.021338527262515325,0.046707562980086194,-0.04869607724738452
2441,9.765625,-0.04702633145088119,0.00015027834635123735,0.012258806889385172,0.03495900380597382,0.04702633145088119,-0.046149690072055057
2442,3.90625,-0.047146001128497234,0.0006100879417008429,0.024699958333990017,0.0316918778303587,0.047146001128497234,-0.04819597579331353
2443,1.5625,-0.0454308395221589,0.001325871089984193,0.03641251282161385,0.01375813864585843,0.0454308395221589,-0.049178668031405075
2444,3.90625,-0.045932806613962054,0.0002008759441089627,0.014173071089533232,0.01153225440071164,0.045932806613962054,-0.047053879782846565
2445,9.765625,-0.04666915636134844,6.418721359475998e-5,0.0080116923052973,0.033215589658761986,0.04666915636134844,-0.04618825671842014
2446,3.90625,-0.047483597625397216,6.795691783420317e-5,0.00824359859734832,0.06739775041840806,0.047483597625397216,-0.045313222935547855
2447,1.5625,-0.04523489787495857,0.004614846693191347,0.06793266293316748,0.031093878332989204,0.04523489787495857,-0.0519654425876743
2448,3.90625,-0.04619375988197052,0.0009861027428782376,0.03140227289350626,0.029425933586267054,0.04619375988197052,-0.046787898650807506
2449,9.765625,-0.046862252686538874,0.00040747061837723565,0.020185901475466377,0.04789726112934126,0.046862252686538874,-0.04291993476416119
2450,3.90625,-0.046037555763147234,0.0015210758678781116,0.0390009726529751,0.031036126850704795,0.046037555763147234,-0.049737400144638004
2451,9.765625,-0.046636088645348094,0.00019666047057272752,0.014023568396550412,0.04888788968665476,0.046636088645348094,-0.046339436976479
2452,3.90625,-0.047905692705309984,0.0007880140837491215,0.028071588550509955,0.08097362863630565,0.047905692705309984,-0.04931120552439593
2453,1.5625,-0.047212959044348794,0.0024621678903851587,0.049620236702228246,0.020500001368727577,0.047212959044348794,-0.05233960052247139
2454,3.90625,-0.046333586191821624,0.0004433620543801838,0.02105616428460283,0.0301351428412811,0.046333586191821624,-0.04794040224905111
2455,1.5625,-0.04514034826440568,0.00045408919623008857,0.021309368743115988,0.02839976497251279,0.04514034826440568,-0.0458255846440172
2456,0.625,-0.0419862188498311,0.009237278471901315,0.09611076147810564,0.01886267622321235,0.0419862188498311,-0.05143603997491348
2457,1.5625,-0.045360271383398196,0.0020270312629893173,0.0450225639317589,0.036705178973393975,0.045360271383398196,-0.04748091820838481
2458,3.90625,-0.04740872222006554,0.0006391483347283608,0.025281383164857906,0.04900371931969533,0.04740872222006554,-0.04526523981566659
2459,1.5625,-0.04887291440766597,0.0028824601703787787,0.05368854785127624,0.037412829404825355,0.04887291440766597,-0.047662012981046255
2460,3.90625,-0.04854733117205936,0.0005901720302301903,0.024293456531135918,0.03466469399708166,0.04854733117205936,-0.04514539472646437
2461,1.5625,-0.04663952566157764,0.002231091345018342,0.04723442965696042,0.039240180820898016,0.04663952566157764,-0.050095779353902165
2462,3.90625,-0.046455853330853746,0.00024941908893763207,0.015793007596326677,0.03990983145452967,0.046455853330853746,-0.046786990977220784
2463,1.5625,-0.04665298665799789,0.001227525784620255,0.03503606405720047,0.0647577180345755,0.04665298665799789,-0.04851546623139259
2464,0.625,-0.0437364276424301,0.0038128995655928636,0.061748680678965634,0.017288171905749033,0.0437364276424301,-0.04899334534390961
2465,1.5625,-0.046469444461139306,0.0013017496812598622,0.036079768309398304,0.03247510544053098,0.046469444461139306,-0.046907531095072195
2466,3.90625,-0.04583866473757134,0.0005258002049839944,0.022930333730323126,0.020647307008932737,0.04583866473757134,-0.044336533229374364
2467,9.765625,-0.046580947871780076,0.0002706836330019476,0.016452465863874253,0.056244555013127244,0.046580947871780076,-0.04167008894281935
2468,3.90625,-0.0468597589680029,0.00039714641887853236,0.019928532782885255,0.1538432801252533,0.0468597589680029,-0.03966201846005184
2469,1.5625,-0.04342503562687947,0.012109199190917509,0.11004180655967762,0.10587044139318876,0.04342503562687947,-0.06210334662795498
2470,3.90625,-0.0447737994830283,0.0018998967437671482,0.0435878049890924,0.039890159293751726,0.0447737994830283,-0.049478557923901455
2471,9.765625,-0.0457588235241341,0.0005920649389605749,0.024332384572017904,0.11716034906481052,0.0457588235241341,-0.041008857220949095
2472,3.90625,-0.04673502108113801,0.0028960889772140916,0.053815322884974794,0.0708915096435823,0.04673502108113801,-0.04965598232413662
2473,1.5625,-0.045284467253030876,0.009165296049234412,0.09573555269195667,0.05371551002245776,0.045284467253030876,-0.060670257127104256
2474,3.90625,-0.04820821132349793,0.0020055432336151006,0.04478329190239481,0.08610925961472304,0.04820821132349793,-0.0451131677509472
2475,1.5625,-0.04408816836372212,0.008527543117763187,0.09234469729098248,0.06330306643923085,0.04408816836372212,-0.057831969194253055
2476,3.90625,-0.04294932020788542,0.0008478563705600244,0.02911797332507921,0.10831134193787972,0.04294932020788542,-0.04630864673356445
2477,1.5625,-0.04549130063875301,0.0039140636216855994,0.0625624777457351,0.028438817265198816,0.04549130063875301,-0.05033795253670411
2478,3.90625,-0.046926048152199244,0.0007150184799749508,0.026739829467948197,0.037097122695429224,0.046926048152199244,-0.04606785932627213
2479,1.5625,-0.051033451034251366,0.002397706777371981,0.04896638415660259,0.06605818702756137,0.051033451034251366,-0.047788430377189724
2480,0.625,-0.05415750671539154,0.011922489722129332,0.10919015396146912,0.03559339847634498,0.05415750671539154,-0.05572965827560543
2481,1.5625,-0.047681927571137615,0.0022872357943050634,0.04782505404393249,0.04966261695948155,0.047681927571137615,-0.04906566966112137
2482,3.90625,-0.04563121178871529,0.0008772459748501858,0.029618338489020377,0.08278377187411101,0.04563121178871529,-0.044051513602626165
2483,1.5625,-0.044073621983817,0.0035563484136066914,0.05963512734627714,0.03428309098481656,0.044073621983817,-0.048902706793252884
2484,3.90625,-0.04656871116116538,0.0006442075186386991,0.025381243441539643,0.05309778460010724,0.04656871116116538,-0.04486447624436393
2485,1.5625,-0.04867417316424737,0.0030375623065237115,0.05511408446598484,0.02109035511898057,0.04867417316424737,-0.05075136575365287
2486,3.90625,-0.04839649365913945,0.0004528675064850409,0.02128068388198652,0.0411214780438336,0.04839649365913945,-0.04644754028852929
2487,1.5625,-0.0443630559545817,0.002814939331301748,0.053056001840524586,0.027403004888537696,0.0443630559545817,-0.04910169086592215
2488,3.90625,-0.04489010146997426,0.0004561881891327559,0.021358562431323787,0.015178938710678345,0.04489010146997426,-0.046107653308700085
2489,9.765625,-0.0450812907899963,0.00041678471486641055,0.02041530589695904,0.1339474678913526,0.0450812907899963,-0.040177989855287324
2490,3.90625,-0.04657461249821817,0.002512049869240229,0.050120353841929616,0.04035681729601661,0.04657461249821817,-0.05302071164628608
2491,9.765625,-0.04702041811128686,0.00022742409106501214,0.015080586562365939,0.030476690066980835,0.04702041811128686,-0.04439866253943857
2492,3.90625,-0.04668126102111161,0.0012508109760618763,0.03536680613317912,0.0367237995000987,0.04668126102111161,-0.048934945855475025
2493,9.765625,-0.04627499472783271,0.00022770751194740752,0.015089980515143401,0.08377041099414267,0.04627499472783271,-0.04486959974636416
2494,3.90625,-0.04589898678590289,0.001072429072688359,0.032747962878450304,0.029823471553088586,0.04589898678590289,-0.04812259067022545
2495,9.765625,-0.04639591081319039,0.00023195343054323498,0.015230017417693092,0.0966448439925852,0.04639591081319039,-0.043719669834748655
2496,3.90625,-0.046472789638055866,0.0017692100665910335,0.042061978871553746,0.030301046724851472,0.046472789638055866,-0.04980522048900875
2497,9.765625,-0.04599371167120131,0.0003158282553105368,0.017771557481282747,0.06539842824223693,0.04599371167120131,-0.044571840710092035
2498,3.90625,-0.04387442547928729,0.002516601612723189,0.05016574142503217,0.06033526114442649,0.04387442547928729,-0.052162689457075175
2499,9.765625,-0.04457167532308676,0.00038302285017008776,0.019570969576648157,0.05179413044513018,0.04457167532308676,-0.04526692949112563
2500,3.90625,-0.04647346503631912,0.0016023188707085384,0.04002897538919199,0.04321477205842414,0.04647346503631912,-0.04999073823135743
2501,9.765625,-0.0471512007809142,0.00018165988458534223,0.013478126152597854,0.0659809121800651,0.0471512007809142,-0.04533985147107363
2502,3.90625,-0.046477786002149926,0.0012533751085889889,0.03540303812653638,0.04681049625899648,0.046477786002149926,-0.04825885747563547
2503,1.5625,-0.04852914829563828,0.004791995476463289,0.0692242405264463,0.03166151993720432,0.04852914829563828,-0.05617126422897354
2504,3.90625,-0.04789394308774834,0.0005855302053732482,0.02419773140964351,0.017835550269728575,0.04789394308774834,-0.04860306303114528
2505,9.765625,-0.047458094702854295,0.00031399281287851604,0.01771984234914397,0.07473187625423341,0.047458094702854295,-0.04385097659797565
2506,3.90625,-0.04514216020381065,0.001716773949849919,0.04143397096405218,0.06456883244517285,0.04514216020381065,-0.04985689232099477
2507,1.5625,-0.045039041935149786,0.005186277621912025,0.07201581508191117,0.020491766808775482,0.045039041935149786,-0.0557418403578999
2508,3.90625,-0.04482876443608302,0.0006443809839974726,0.0253846604073695,0.07059911209453062,0.04482876443608302,-0.04815513038243699
2509,1.5625,-0.046120805998200114,0.0011094340130341782,0.03330816736228786,0.016207308953771895,0.046120805998200114,-0.04859579374746723
2510,3.90625,-0.04655938046536078,0.0002908017865576437,0.01705291138068933,0.013722017919245055,0.04655938046536078,-0.046532207743341276
2511,9.765625,-0.04667034627104083,0.00011253821566770732,0.010608403068686037,0.032936650311573314,0.04667034627104083,-0.04501046041898718
2512,3.90625,-0.04672712765388592,0.0008689897944136309,0.02947863284505628,0.039690975566397446,0.04672712765388592,-0.047708789816730234
2513,1.5625,-0.04627517169566566,0.0032929091617994906,0.05738387545120572,0.02304264497540076,0.04627517169566566,-0.05209412151685363
2514,3.90625,-0.04653989962552695,0.00048171909008303443,0.021948099919652145,0.03100482372239261,0.04653989962552695,-0.04787371697008044
2515,1.5625,-0.046892740524116926,0.0016806971271052806,0.04099630626172656,0.030295993078632552,0.046892740524116926,-0.048603242923960226
2516,3.90625,-0.0470263359309578,0.00033009631956533697,0.01816855303994616,0.017221332753814985,0.0470263359309578,-0.04641406725403388
2517,9.765625,-0.046916324265195646,0.0001320902263427492,0.011493051219878436,0.06964027926241793,0.046916324265195646,-0.04445043309964188
2518,3.90625,-0.044964970972900954,0.0012675008811631203,0.03560197861303667,0.048735705055990806,0.044964970972900954,-0.04723970512063466
2519,1.5625,-0.04610230192628011,0.004528228862018237,0.0672921158979136,0.0260410171594761,0.04610230192628011,-0.054980898322013735
2520,3.90625,-0.04718584085445689,0.0006747777319634287,0.025976484210982607,0.03406182898857205,0.04718584085445689,-0.04797538280738581
2521,1.5625,-0.04790134755380729,0.0010282291977233185,0.032066013124854145,0.023035055956226812,0.04790134755380729,-0.048196752201849546
2522,3.90625,-0.04778318033249671,0.0002345996886088473,0.015316647433718885,0.032168801684721686,0.04778318033249671,-0.046401848009127195
2523,1.5625,-0.04337916788798057,0.0013800800568452114,0.037149428755301354,0.03708467617860677,0.04337916788798057,-0.04765638471190921
2524,3.90625,-0.045037558894611966,0.0003087290934691654,0.017570688474535235,0.051177038901665015,0.045037558894611966,-0.04650038046388303
2525,1.5625,-0.048083853271745955,0.0004492779629380869,0.021196178026665253,0.07295766230017395,0.048083853271745955,-0.04562922398416763
2526,0.625,-0.046532176559411303,0.01203402528361237,0.10969970502974186,0.0655947145194984,0.046532176559411303,-0.05071346433468814
2527,1.5625,-0.04730378614463767,0.0021590956730280055,0.046466070126792575,0.02521674333245855,0.04730378614463767,-0.04714385899532174
2528,3.90625,-0.046268780933087374,0.0007188215561716742,0.02681084773317834,0.03948052198415597,0.046268780933087374,-0.04569361816027546
2529,1.5625,-0.04764913609067643,0.002643423349848543,0.05141423295011356,0.019841295497451047,0.04764913609067643,-0.04830894818032405
2530,3.90625,-0.048459644040767975,0.0005229628239177293,0.02286838043932559,0.1413827653352041,0.048459644040767975,-0.04491089693328201
2531,1.5625,-0.045903879199140185,0.003370030507623469,0.058051963856733294,0.03767898207293428,0.045903879199140185,-0.05063138162973268
2532,3.90625,-0.046070155295748476,0.0004480503145827094,0.021167199025442864,0.01460974859027229,0.046070155295748476,-0.04704638319179573
2533,9.765625,-0.04624382052366396,0.00015128152695741487,0.01229965556255194,0.03020163390272068,0.04624382052366396,-0.04505623070813221
2534,3.90625,-0.046878924612225245,0.0002865762035619068,0.016928561768854045,0.021030066193902717,0.046878924612225245,-0.0448699682111315
2535,9.765625,-0.04671826751894,0.0001509544983561837,0.01228635415231808,0.041746609949536904,0.04671826751894,-0.043084209575688155
2536,3.90625,-0.047409509808768915,0.001741156684356186,0.04172716961832166,0.028472298828129686,0.047409509808768915,-0.053688947156255364
2537,9.765625,-0.04726401219229373,0.0002925442957003332,0.017103926324102698,0.03504817282109496,0.04726401219229373,-0.04431265091542156
2538,3.90625,-0.04542458822928307,0.0010889931860752057,0.03299989675855374,0.04288135450250263,0.04542458822928307,-0.046031800440975566
2539,1.5625,-0.04675284656670137,0.006417662094274535,0.08011031203455979,0.05325734658114587,0.04675284656670137,-0.05901810637208771
2540,3.90625,-0.04536418106062353,0.0006292193008974399,0.025084244076659754,0.022437640588821015,0.04536418106062353,-0.04781568842402683
2541,9.765625,-0.04468872002571873,0.00031279580419065644,0.017686034156663172,0.059482351992358865,0.04468872002571873,-0.04242184381875415
2542,3.90625,-0.04687448725543896,0.0024430038044472675,0.049426751910754435,0.07437265621627967,0.04687448725543896,-0.04727663968060067
2543,1.5625,-0.0538600134835343,0.011348071277977465,0.1065273264377618,0.12455326439840905,0.0538600134835343,-0.061749601279881876
2544,3.90625,-0.05127610490677969,0.0019909124796839055,0.04461964230788841,0.06826282050328769,0.05127610490677969,-0.043559446037350444
2545,1.5625,-0.040367307788441595,0.007544436216248816,0.08685871410658125,0.08387914001217354,0.040367307788441595,-0.05108735264183256
2546,3.90625,-0.042829657930569115,0.0011087935468136391,0.03329855172246443,0.061765687625349654,0.042829657930569115,-0.04329301369018386
2547,1.5625,-0.04524548423697579,0.0075187808089763695,0.08671090363372054,0.02795921654048141,0.04524548423697579,-0.05314515445333195
2548,3.90625,-0.04517972851423074,0.0015552241330609143,0.03943633011654247,0.019690245303059677,0.04517972851423074,-0.04512085230940985
2549,9.765625,-0.045036541074225125,0.00047361878015528443,0.021762784292348358,0.03211085879731135,0.045036541074225125,-0.03972166951198414
2550,3.90625,-0.04673407150955218,0.0024259892136726195,0.049254331927990044,0.10084422098732859,0.04673407150955218,-0.047406828114047186
2551,1.5625,-0.0421969999755278,0.012735405514977736,0.11285125393622233,0.06553393740996385,0.0421969999755278,-0.06350259602830353
2552,3.90625,-0.045026155948344526,0.0018272692312066496,0.042746569818017555,0.09795602877938732,0.045026155948344526,-0.04707785907695015
2553,1.5625,-0.04504213702462063,0.006139294646303951,0.07835365113575724,0.08432199025205543,0.04504213702462063,-0.05148683427206546
2554,3.90625,-0.04549772311839689,0.0011539436015605743,0.033969745385571765,0.051856089939323266,0.04549772311839689,-0.042076831151173465
2555,1.5625,-0.0516494279916995,0.01001208144428372,0.10006038898726968,0.09697818951162156,0.0516494279916995,-0.05650904836745677
2556,3.90625,-0.049145806553374784,0.002322913719902844,0.04819661523284435,0.07202408332191253,0.049145806553374784,-0.044850218856021334
2557,1.5625,-0.04139114791446058,0.007438798698618288,0.08624847070306979,0.08981977559309567,0.04139114791446058,-0.05234348754765745
2558,3.90625,-0.042493525481562655,0.0014760399188339158,0.03841926494395638,0.04245643581500773,0.042493525481562655,-0.04308012520370814
2559,9.765625,-0.04320948189873357,0.000489122776207155,0.02211612027927039,0.04294511113455642,0.04320948189873357,-0.03860329680963283
2560,3.90625,-0.04742194420753084,0.002629847163891042,0.05128203548896087,0.08797155697743271,0.04742194420753084,-0.047573842055519566
2561,1.5625,-0.051893481693721905,0.012624290716692257,0.11235786895759574,0.09916691919258075,0.051893481693721905,-0.06771379777674422
2562,3.90625,-0.049032234273841346,0.0020253869954046733,0.045004299743520874,0.054873767908295186,0.049032234273841346,-0.04985491336038249
2563,9.765625,-0.04619211890011119,0.000558072181184083,0.02362355140922048,0.13180800429676556,0.04619211890011119,-0.041493680523627556
2564,3.90625,-0.04440289343102097,0.0024289586120276358,0.049284466234581825,0.038878124265993165,0.04440289343102097,-0.050068155298814275
2565,9.765625,-0.04531412276159224,0.0005860168003199178,0.02420778387874276,0.07065833247982338,0.04531412276159224,-0.04262671015064486
2566,3.90625,-0.0446724170876896,0.0038536464388787836,0.06207774511754421,0.04517271145944422,0.0446724170876896,-0.053004683276999004
2567,9.765625,-0.045655179438740666,0.0005684106552860639,0.02384136437551475,0.06227421635139106,0.045655179438740666,-0.04230787009847234
2568,3.90625,-0.046190572972354745,0.0023640058892291063,0.04862104368716396,0.05182312345964538,0.046190572972354745,-0.05118339903553692
2569,9.765625,-0.04650370971790699,0.00036986297267639764,0.019231821876161334,0.040871566301516386,0.04650370971790699,-0.04358156240747456
2570,3.90625,-0.04563121277783825,0.002519057397547115,0.050190212168779634,0.04129691356696192,0.04563121277783825,-0.05221106181954062
2571,9.765625,-0.04585606195335229,0.00042530060428783254,0.020622817564237738,0.03479560786066387,0.04585606195335229,-0.04516191229214366
2572,3.90625,-0.0467672682263034,0.0017174756838982405,0.041442438199244994,0.025018514374527914,0.0467672682263034,-0.04958601443665031
2573,9.765625,-0.046009202549053926,0.00023581682780000277,0.015356328591170572,0.035373906558128054,0.046009202549053926,-0.04420236421262645
2574,3.90625,-0.04556770790363287,0.0012831720208492546,0.03582139054879437,0.10260982401442485,0.04556770790363287,-0.04984247437980039
2575,1.5625,-0.045824689072341517,0.005555916034898063,0.07453801737971076,0.04495373671797138,0.045824689072341517,-0.054706610150245916
2576,3.90625,-0.04590822455847713,0.0011983383145520135,0.034617023479092096,0.01807160440512021,0.04590822455847713,-0.04778821086872953
2577,9.765625,-0.04564411453799971,0.00029593096360364763,0.01720264408757118,0.0472141517420402,0.04564411453799971,-0.04404101670413245
2578,3.90625,-0.045825205379750274,0.0020425800378605623,0.045194911636826575,0.10024262563398664,0.045825205379750274,-0.05088078128954463
2579,1.5625,-0.04474433548946542,0.0046897016932617094,0.06848139669473535,0.032356531402379124,0.04474433548946542,-0.053968332514279904
2580,3.90625,-0.04501918183771565,0.000666302554942615,0.02581283701848007,0.014237336155208306,0.04501918183771565,-0.04731985818288092
2581,9.765625,-0.04586225723333524,0.00019899506936370598,0.014106561216813472,0.04049689399402356,0.04586225723333524,-0.04509063028155748
2582,3.90625,-0.04683670409795413,0.0012165540260499056,0.03487913453699655,0.020544173629164043,0.04683670409795413,-0.04864023922152384
2583,9.765625,-0.04688579085188487,0.00018214235790511895,0.013496012666899766,0.03608768225927226,0.04688579085188487,-0.04635215660145907
2584,3.90625,-0.04685249813636899,0.0005554733775710894,0.023568482716778555,0.05072951464067553,0.04685249813636899,-0.047323393569726584
2585,1.5625,-0.046681131521212796,0.0041967025891533095,0.06478196191188801,0.01429432241565528,0.046681131521212796,-0.05227741970209594
2586,3.90625,-0.047139186874482826,0.0004986142556491479,0.022329672090049775,0.04013565367561481,0.047139186874482826,-0.04756284109161424
2587,1.5625,-0.04878374153558424,0.0014865401021086399,0.038555675355369405,0.02470899936338784,0.04878374153558424,-0.048815790073474516
2588,3.90625,-0.048169549892674184,0.0003144451221285381,0.017732600546127974,0.024988605163382294,0.048169549892674184,-0.046831258120563525
2589,1.5625,-0.04624448381042415,0.002038247009970128,0.04514694906602359,0.02526233835791108,0.04624448381042415,-0.04804719811119892
2590,3.90625,-0.04581878049290346,0.00046779025707236545,0.021628459424387247,0.01319557855869881,0.04581878049290346,-0.046435341938054896
2591,9.765625,-0.04599681313512501,0.00011743865252581522,0.010836911576912273,0.015516682145227289,0.04599681313512501,-0.04548262328052375
2592,3.90625,-0.04627493733178425,0.0005765810903170677,0.024012102996552962,0.021417905837594214,0.04627493733178425,-0.047646875448251524
2593,9.765625,-0.04666590089036527,9.011969121432975e-5,0.009493139165435727,0.031040944479948474,0.04666590089036527,-0.04616236156702477
2594,3.90625,-0.04697328326936874,9.654057129025025e-5,0.009825506159493782,0.025912040716271876,0.04697328326936874,-0.04512911747311696
2595,1.5625,-0.05045397176742776,0.0058170834564487475,0.0762698069779172,0.036302318853063134,0.05045397176742776,-0.05411721392577725
2596,3.90625,-0.04917934248178147,0.001067105240656558,0.03266657681264687,0.02500743334565699,0.04917934248178147,-0.04782722147122522
2597,9.765625,-0.046903955726787724,0.00035555597769070684,0.018856192025186496,0.07863709731626622,0.046903955726787724,-0.043914558605913576
2598,3.90625,-0.04534767166399751,0.0019195047743189673,0.04381215327188299,0.03265168667298158,0.04534767166399751,-0.04966612766545405
2599,9.765625,-0.04565372466232631,0.00035165157591236866,0.01875237520722025,0.020024696320934728,0.04565372466232631,-0.04481415897072307
2600,24.4140625,-0.04593703068412598,0.0001368992077182173,0.011700393485614802,0.04382983467258736,0.04593703068412598,-0.039979028283945416
2601,9.765625,-0.04735150677015992,0.0010993271060188955,0.033156102093263244,0.09442767889967733,0.04735150677015992,-0.046415579298646065
2602,3.90625,-0.03976757704270464,0.005614219473973883,0.0749280953579756,0.10490840454954613,0.03976757704270464,-0.06379194266221189
2603,1.5625,-0.03763770441267324,0.01076237628233474,0.1037418733315277,0.04174993141223281,0.03763770441267324,-0.06606588737649252
2604,3.90625,-0.04012790651465931,0.0020684112814721147,0.04547978981341179,0.10314563228968847,0.04012790651465931,-0.04655648099096795
2605,1.5625,-0.04907845561667528,0.00696662043713233,0.08346628323540188,0.059358410907918664,0.04907845561667528,-0.05667170173095558
2606,3.90625,-0.04763991129034435,0.001288191221831778,0.03589138088499491,0.026201692152536333,0.04763991129034435,-0.046868814897066104
2607,9.765625,-0.04584150422497281,0.0004360187806682689,0.020881062728421388,0.0633944965256107,0.04584150422497281,-0.04025549956417084
2608,3.90625,-0.04300747295572825,0.002300984640521309,0.047968579721743995,0.04937270430523546,0.04300747295572825,-0.04914521865751785
2609,9.765625,-0.04352912675759531,0.0005098892465229591,0.022580727324932628,0.045505505344818294,0.04352912675759531,-0.04369489897512696
2610,3.90625,-0.046022660164324034,0.0023818907577478126,0.04880461820102492,0.04300683197468719,0.046022660164324034,-0.05108552651763475
2611,9.765625,-0.046323305414698784,0.0004051257842528582,0.020127736689773596,0.05174450625724345,0.046323305414698784,-0.04172794844005988
2612,3.90625,-0.04677472352073597,0.0035293443115746045,0.05940828487319428,0.04273144852882678,0.04677472352073597,-0.05380078950005582
2613,9.765625,-0.046284963356437045,0.0007015249536449981,0.02648631634721971,0.03716849123133765,0.046284963356437045,-0.043717389116014964
2614,3.90625,-0.049389933887507634,0.002775278311346268,0.05268091031242976,0.10855272185175936,0.049389933887507634,-0.0536940283604237
2615,1.5625,-0.04950343768406062,0.006886331935174982,0.08298392576381876,0.04531832251916407,0.04950343768406062,-0.05852272170397611
2616,3.90625,-0.04807128980023437,0.0013375675791392641,0.036572771007120364,0.061165716718629526,0.04807128980023437,-0.046880906177171944
2617,1.5625,-0.04140654190680653,0.005578310085783288,0.07468808530002151,0.05492668798222564,0.04140654190680653,-0.052033298277326605
2618,3.90625,-0.04232344342021874,0.0010916324388783873,0.03303986136288086,0.03188370436471837,0.04232344342021874,-0.04460037594055379
2619,9.765625,-0.04375217030931185,0.00037297604853344594,0.019312587825908934,0.0683162893905149,0.04375217030931185,-0.04043389404154581
2620,3.90625,-0.04815774464562701,0.003273173229414106,0.05721165291629063,0.09792563576918561,0.04815774464562701,-0.04966325890707518
2621,1.5625,-0.05351449079175268,0.008081790111244715,0.08989877702863769,0.04485163494891043,0.05351449079175268,-0.059392097179208035
2622,3.90625,-0.05054045072443712,0.0013803675076004829,0.03715329739875699,0.052765440344680864,0.05054045072443712,-0.0478857829841815
2623,1.5625,-0.04182003292599941,0.004746951405936936,0.06889812338472606,0.057245447794586214,0.04182003292599941,-0.05123736760433947
2624,3.90625,-0.04300706418725729,0.0009553096048776695,0.030908083164079742,0.07651795181193491,0.04300706418725729,-0.04731894679616156
2625,1.5625,-0.04348532870440152,0.002961512624380815,0.05441978155396083,0.02765177694547498,0.04348532870440152,-0.05110439347265746
2626,3.90625,-0.04547074227559151,0.0006420663780006829,0.025339028750145157,0.03964431290957579,0.04547074227559151,-0.04686529411550868
2627,1.5625,-0.049776895770633114,0.0019490406941038829,0.04414794099506661,0.0472176658236458,0.049776895770633114,-0.04883295156529825
2628,3.90625,-0.04927075370147514,0.00036153507717227623,0.01901407576434564,0.05325042663827839,0.04927075370147514,-0.04607099357313792
2629,1.5625,-0.045735138935770046,0.0020930835220255893,0.04575022974833667,0.05817005609009753,0.045735138935770046,-0.04782403061224136
2630,0.625,-0.03658974314812729,0.007886692920160846,0.08880705445042554,0.043931932834081394,0.03658974314812729,-0.05124846379487066
2631,1.5625,-0.04103518748756649,0.0016961194644372875,0.04118397096489467,0.05320150022775072,0.04103518748756649,-0.04710013585759543
2632,0.625,-0.04758137710399981,0.0060381690177562005,0.0777056562790393,0.030008128054228204,0.04758137710399981,-0.04828153354830257
2633,1.5625,-0.04790103401696286,0.0015294254037768302,0.03910786882171963,0.017973077701608775,0.04790103401696286,-0.046128980303915525
2634,3.90625,-0.04749326528848444,0.000435201011033631,0.020861471928740574,0.030788300736099963,0.04749326528848444,-0.044562760912751916
2635,1.5625,-0.04616986619012643,0.0030478537461063777,0.05520737039659087,0.039808207747436736,0.04616986619012643,-0.048899565397714576
2636,3.90625,-0.046645659202950926,0.0005880181884865115,0.02424908634333491,0.06792400276526636,0.046645659202950926,-0.04538869028430057
2637,1.5625,-0.046423763496286116,0.0038822472775526134,0.0623076823317367,0.026249496418792536,0.046423763496286116,-0.04954503827266253
2638,3.90625,-0.04703070844061239,0.0005416035090452991,0.023272376523365616,0.043402902130516674,0.04703070844061239,-0.04617231736558243
2639,1.5625,-0.04599119977608499,0.0018465637907693706,0.04297166264841716,0.0346023544716064,0.04599119977608499,-0.04734519936477128
2640,3.90625,-0.046990488652830585,0.00038590928607693035,0.01964457396017868,0.0452447374715903,0.046990488652830585,-0.04575484360329343
2641,1.5625,-0.047001052578898354,0.00039250016380301255,0.019811616890173616,0.03134278712525139,0.047001052578898354,-0.0438023229328231
2642,0.625,-0.04256944602067849,0.01595209692534681,0.12630161093725925,0.03791394772868533,0.04256944602067849,-0.05557027314931444
2643,1.5625,-0.046489541038137384,0.004584258637112093,0.06770715351506142,0.040804534306156076,0.046489541038137384,-0.04727232648847904
2644,3.90625,-0.045234785329902376,0.00145156399424994,0.03809939624521549,0.03868171387100068,0.045234785329902376,-0.04252344668128537
2645,9.765625,-0.04452384934672033,0.0005967906955293187,0.024429299939403067,0.05951048855129888,0.04452384934672033,-0.03816402723207131
2646,3.90625,-0.044717167421615564,0.0030360304147698846,0.055100185251683906,0.04572136919613567,0.044717167421615564,-0.049548425491315135
2647,9.765625,-0.04592877420257222,0.0005573358877123105,0.023607962379508962,0.12326271732082618,0.04592877420257222,-0.04219080152989745
2648,3.90625,-0.04633928181961406,0.0027287739445802915,0.05223766787080269,0.043088366114472865,0.04633928181961406,-0.05053950595108273
2649,9.765625,-0.045498485090463864,0.00044349570828029284,0.021059337793014596,0.05635451876053704,0.045498485090463864,-0.04105533876099855
2650,3.90625,-0.043456805431340596,0.003627782215906442,0.06023107350783682,0.10642814284373202,0.043456805431340596,-0.05140760492848445
2651,1.5625,-0.04465953163535152,0.010764947221178062,0.1037542636289134,0.036690415593835464,0.04465953163535152,-0.06650700972562551
2652,3.90625,-0.04529152564407917,0.0014194147047750989,0.03767512050113574,0.04525010336910865,0.04529152564407917,-0.05006350371763852
2653,9.765625,-0.04530264133270562,0.0005304886803442545,0.0230323398799222,0.018152053700561197,0.04530264133270562,-0.04115264639582869
2654,24.4140625,-0.04521589904769575,0.00030902135402955625,0.01757900321490261,0.08431684453325257,0.04521589904769575,-0.031065093978623982
2655,9.765625,-0.04595206229081911,0.0023598098170354628,0.0485778737393421,0.10683249023103078,0.04595206229081911,-0.05585204048507239
2656,3.90625,-0.044385802463601735,0.00806587897340967,0.08981023868919218,0.0651433459799564,0.044385802463601735,-0.0777620885206211
2657,9.765625,-0.0434277868508487,0.0012396629099854992,0.03520884704141133,0.04586258494342579,0.0434277868508487,-0.04712105569197572
2658,3.90625,-0.04040969698550808,0.0037415288852088776,0.06116803810168246,0.07217732766771792,0.04040969698550808,-0.056535252209776336
2659,9.765625,-0.04324544419341197,0.0007966479725144999,0.028224953011732366,0.11692018101426276,0.04324544419341197,-0.041461756131133114
2660,3.90625,-0.0501144810302989,0.0030272811545155485,0.05502073386020536,0.1213143451658837,0.0501144810302989,-0.0513319396120069
2661,1.5625,-0.0494524213015805,0.015380888379062192,0.1240197096394851,0.05416286431819511,0.0494524213015805,-0.06911190492676364
2662,3.90625,-0.04667558537290524,0.002419495218540023,0.049188364666250324,0.04134853939570962,0.04667558537290524,-0.04773645467551679
2663,9.765625,-0.04458416164412491,0.0006427738171363849,0.02535298438323159,0.09647823382674046,0.04458416164412491,-0.037842210786634474
2664,3.90625,-0.04747151843830903,0.004336741314204402,0.06585393924591301,0.06117882196483681,0.04747151843830903,-0.05435519005780906
2665,9.765625,-0.04499507996228526,0.0007795180892567477,0.027919851168241347,0.0993374545023101,0.04499507996228526,-0.03952836198955272
2666,3.90625,-0.04124010325470225,0.004268197570251727,0.06533144396270242,0.07033191605192726,0.04124010325470225,-0.051649254172393765
2667,9.765625,-0.043483139856136076,0.0008097300622823411,0.02845575622404615,0.08286908493695139,0.043483139856136076,-0.038709301193707454
2668,3.90625,-0.04400082833981473,0.004600595673661685,0.06782769105359318,0.13940274804163616,0.04400082833981473,-0.051708000935067416
2669,1.5625,-0.04835002640719994,0.014237481802136501,0.11932091938187746,0.06423582542791968,0.04835002640719994,-0.06948037017716777
2670,3.90625,-0.04541732383332841,0.0028136151846061873,0.05304352160826228,0.04968424510196655,0.04541732383332841,-0.048248461507082195
2671,9.765625,-0.042821618230358016,0.0009238860882917278,0.030395494539351187,0.10920376986015848,0.042821618230358016,-0.03797625501218087
2672,3.90625,-0.044210463024552005,0.004894585009401015,0.06996131080390801,0.1584894599839407,0.044210463024552005,-0.05331239590488001
2673,1.5625,-0.0459703799822991,0.010118391141765153,0.10059021394631365,0.03383504476685646,0.0459703799822991,-0.05913563227546044
2674,3.90625,-0.04568444557837963,0.0023861714645584844,0.048848454065184954,0.072439674147985,0.04568444557837963,-0.04900757915931423
2675,1.5625,-0.045673124268373,0.006998241705902748,0.0836554941764302,0.028587427131333453,0.045673124268373,-0.05581928980950181
2676,3.90625,-0.04528880710465581,0.0013573111814797383,0.03684170437805149,0.021482124590212714,0.04528880710465581,-0.045524580292140106
2677,9.765625,-0.04568071864927545,0.00043902946908586814,0.020953030069320956,0.03866678830191539,0.04568071864927545,-0.039750632914437437
2678,3.90625,-0.04467919435478436,0.0032329491741376693,0.05685902895880011,0.043757288690780306,0.04467919435478436,-0.04825306230982516
2679,9.765625,-0.044798439596153865,0.0005535529461342643,0.023527705925870977,0.05295043901128046,0.044798439596153865,-0.04050707195428504
2680,3.90625,-0.04421918412686287,0.003954074370673617,0.06288143104823249,0.17942594805272655,0.04421918412686287,-0.05699722804584395
2681,1.5625,-0.036221236042427184,0.009301793458790786,0.0964458058123358,0.05992918832106026,0.036221236042427184,-0.0664609597924791
2682,3.90625,-0.040953424216657916,0.0015099723048052228,0.038858362096275016,0.058867603882472135,0.040953424216657916,-0.04958217713208001
2683,1.5625,-0.05232389634436771,0.004800595671868194,0.06928633106081021,0.06999373107702736,0.05232389634436771,-0.0526802677446596
2684,3.90625,-0.05242501706112762,0.0009214332913450915,0.030355119689190677,0.040677721842112866,0.05242501706112762,-0.04483507033705912
2685,1.5625,-0.04758471986008429,0.003921601351890359,0.06262269039166522,0.04076857093656312,0.04758471986008429,-0.04881180513183112
2686,3.90625,-0.04684206118062314,0.0008249061357719647,0.02872117921973199,0.017417678249034115,0.04684206118062314,-0.04374904853600004
2687,9.765625,-0.04640592468542548,0.00027422577190429657,0.01655976364276666,0.03231267678494046,0.04640592468542548,-0.04008866267945348
2688,3.90625,-0.043651011912424764,0.0018834740789588395,0.04339901011496506,0.07239309958722343,0.043651011912424764,-0.04718872414790661
2689,1.5625,-0.040888236210600705,0.010337363552414887,0.1016728260274833,0.05363286000088937,0.040888236210600705,-0.0642028011622531
2690,3.90625,-0.0397734406914475,0.0015043947691541454,0.03878652819155313,0.0226487990320037,0.0397734406914475,-0.04914721546525816
2691,9.765625,-0.04311324931516326,0.0006566066809397401,0.025624337668313305,0.08046718515657243,0.04311324931516326,-0.04137746312882355
2692,3.90625,-0.05069281455889955,0.0023411581033973066,0.048385515429695554,0.08333644525825638,0.05069281455889955,-0.05172814575026776
2693,1.5625,-0.052010990694239284,0.0069000763306495995,0.08306669808442851,0.0323432758857075,0.052010990694239284,-0.058048405531570174
2694,3.90625,-0.048527787770941674,0.0012003796721719734,0.034646495813746785,0.04628340094940065,0.048527787770941674,-0.048326636811094004
2695,1.5625,-0.04336985160442181,0.004652939841330363,0.06821246104144288,0.03231935899735235,0.04336985160442181,-0.052498633729063895
2696,3.90625,-0.04441306626636788,0.0008206283307244727,0.02864661115602459,0.024465291709020072,0.04441306626636788,-0.04533997583400271
2697,9.765625,-0.04622155901458331,0.0003206278214900313,0.017906083365438443,0.05451739351241391,0.04622155901458331,-0.0404453497697436
2698,3.90625,-0.04593954174988233,0.002125312148107953,0.04610110788373695,0.0626528604020741,0.04593954174988233,-0.04787530096983621
2699,1.5625,-0.043107076870134375,0.009109301380943131,0.09544266017323245,0.037800634515704964,0.043107076870134375,-0.05803734567367941
2700,3.90625,-0.04309642161791867,0.0017188856456412309,0.04145944579515301,0.03679792283004349,0.04309642161791867,-0.046946604144908415
2701,9.765625,-0.04349547016548477,0.0006147293446902774,0.0247937359970271,0.04109151861579903,0.04349547016548477,-0.03929437210634076
2702,3.90625,-0.04637393343104596,0.0033361208022198883,0.057759162062999914,0.04980344100179314,0.04637393343104596,-0.049152030887089936
2703,9.765625,-0.046462834272726954,0.0006238477828630577,0.024976945026625206,0.030878485384182416,0.046462834272726954,-0.03917682197943559
2704,24.4140625,-0.04529422846432074,0.0002565278894745295,0.01601648805058492,0.0895318811211563,0.04529422846432074,-0.03202519481810221
2705,9.765625,-0.041436210639891724,0.0019221171562292113,0.04384195657391685,0.10643936298186403,0.041436210639891724,-0.044671138174895014
2706,3.90625,-0.03692275186846896,0.008784021162747308,0.09372310901131753,0.05891613949271231,0.03692275186846896,-0.08223666249634942
2707,9.765625,-0.03710513537181823,0.001292301824694619,0.03594859975986017,0.10815104768811697,0.03710513537181823,-0.049171022046390206
2708,3.90625,-0.047879633566390974,0.0036097386963126156,0.06008110099118204,0.09890539336139774,0.047879633566390974,-0.05998995074838663
2709,1.5625,-0.05750734108770044,0.010541621698446784,0.10267239988646795,0.043352126836786666,0.05750734108770044,-0.06510125111026857
2710,3.90625,-0.0529033848422869,0.0018217222594591159,0.042681638434567105,0.048361105484182966,0.0529033848422869,-0.04770065410316575
2711,9.765625,-0.04815081083818391,0.0006080602333140535,0.024658877373352858,0.14552896612796581,0.04815081083818391,-0.03888344338508795
2712,3.90625,-0.03990758167365399,0.0026819161802787797,0.05178722024089321,0.08762524312067826,0.03990758167365399,-0.049602224832455535
2713,1.5625,-0.03594679821472727,0.011691778677170852,0.10812852850737797,0.029858392435945035,0.03594679821472727,-0.07154747250167975
2714,3.90625,-0.038258592695991224,0.0017863293917450994,0.04226499014249382,0.02637911893186455,0.038258592695991224,-0.04994149822001122
2715,9.765625,-0.04218413184716015,0.0004564102566655485,0.02136376035873714,0.08125455934842812,0.04218413184716015,-0.04230237899769079
2716,3.90625,-0.048612888824711036,0.002014578397575981,0.044884055048268326,0.0743122706443067,0.048612888824711036,-0.051254756478889996
2717,1.5625,-0.05382606908675861,0.00654204827805281,0.08088292946013274,0.034234080484247593,0.05382606908675861,-0.05740312128445818
2718,3.90625,-0.051214588577580045,0.0010948799055118257,0.0330889695444241,0.031907810945056916,0.051214588577580045,-0.04728770833749573
2719,9.765625,-0.047996548116490276,0.0002906573275205604,0.017048675242392307,0.07293095933550774,0.047996548116490276,-0.04372766260801199
2720,3.90625,-0.04270088174585285,0.0019305567494683595,0.04393810134118632,0.05286131814035982,0.04270088174585285,-0.05137979122080964
2721,9.765625,-0.04371047874018743,0.00032660211633968924,0.018072136463066265,0.024951027709753264,0.04371047874018743,-0.044153964811234965
2722,3.90625,-0.04542279401301461,0.001939423371521788,0.044038884767007756,0.05236760952142726,0.04542279401301461,-0.047367345644397325
2723,9.765625,-0.045727065905160486,0.0004830743401270055,0.02197895220721419,0.03565757108973557,0.045727065905160486,-0.044407572931446336
2724,3.90625,-0.04319669011720176,0.0019115700231101763,0.04372150527040642,0.09597334790807084,0.04319669011720176,-0.0473559679567952
2725,1.5625,-0.048670016362650066,0.007509406182403235,0.08665682998127289,0.07326636170714898,0.048670016362650066,-0.06020139213452711
2726,3.90625,-0.048208854604472585,0.0010722893121724803,0.03274582892785706,0.020736281171266715,0.048208854604472585,-0.04727675916509459
2727,9.765625,-0.04738164571497922,0.00042868864093956465,0.0207047975343775,0.03460730832566932,0.04738164571497922,-0.04112411383099942
2728,3.90625,-0.04246470716493173,0.002495460620396725,0.04995458557927115,0.1267762329029448,0.04246470716493173,-0.050589055875674645
2729,1.5625,-0.04066706724979991,0.008006390533449498,0.08947843613658824,0.03755365402040017,0.04066706724979991,-0.06052001593044082
2730,3.90625,-0.041650740308734384,0.00123511902516849,0.035144260202321656,0.03507765430870203,0.041650740308734384,-0.046294202395556996
2731,9.765625,-0.04335704086666439,0.0004831559369487373,0.021980808377963203,0.051213523908958634,0.04335704086666439,-0.03912775842893934
2732,3.90625,-0.049718219992847125,0.003345765731989269,0.057842594443794346,0.0937619024804875,0.049718219992847125,-0.051972706816629625
2733,1.5625,-0.058094454978272765,0.0073038500881204334,0.085462565419723,0.04080246048087276,0.058094454978272765,-0.06168614260946223
2734,3.90625,-0.05255188237491365,0.0011386346727828844,0.03374366122374518,0.053712886033366034,0.05255188237491365,-0.04839793997924784
2735,1.5625,-0.0432368014102016,0.0028121120258461025,0.053029350607433454,0.04778114296121969,0.0432368014102016,-0.04996542817663638
2736,3.90625,-0.042027956821983056,0.0008548055973750312,0.029237058630700717,0.06488162394774256,0.042027956821983056,-0.04474800921276522
2737,1.5625,-0.04327237789521704,0.0036351452456678795,0.060292165707228326,0.033744425446108256,0.04327237789521704,-0.05040879230985313
2738,3.90625,-0.044527696345608186,0.0008213801845077164,0.028659731061329175,0.02836918718646459,0.044527696345608186,-0.04712670142439313
2739,9.765625,-0.04585275670658651,0.0002685097927525679,0.016386268420618768,0.0630495844349825,0.04585275670658651,-0.044333200609825964
2740,3.90625,-0.04853196333083978,0.0012641279114242632,0.03555457651870239,0.039672588979438345,0.04853196333083978,-0.05039759087931996
2741,9.765625,-0.04735133770877076,0.00026833261079480436,0.016380861112737767,0.048447804406535185,0.04735133770877076,-0.0461266572325621
2742,3.90625,-0.04586373577758044,0.0007582961153235596,0.027537176967212154,0.12822818070825262,0.04586373577758044,-0.046600662874892465
2743,1.5625,-0.046871444395466554,0.003228469042142367,0.056819618461781025,0.02665349648464771,0.046871444395466554,-0.053173843274830615
2744,3.90625,-0.04661974289248017,0.00039657145963701147,0.01991410202939142,0.032349410711787506,0.04661974289248017,-0.047866022360665644
2745,1.5625,-0.04886729124001217,0.0014529055778695977,0.038116998542246185,0.013929650156759111,0.04886729124001217,-0.048253971997450046
2746,3.90625,-0.047415959265246804,0.00026834754041116986,0.016381316809437812,0.025660191409541858,0.047415959265246804,-0.04678620279193044
2747,1.5625,-0.04278289082381247,0.00045429003596869394,0.021314080697245517,0.03788145101332019,0.04278289082381247,-0.046149339657144524
2748,0.625,-0.04937208556036422,0.00868984928749868,0.09321936111934409,0.015911716839479444,0.04937208556036422,-0.05317820694907331
2749,1.5625,-0.04860223261201549,0.0008298867438433007,0.028807754925424173,0.007553249502799904,0.04860223261201549,-0.04823830288588472
2750,3.90625,-0.04766561201192104,0.00021670488774411681,0.014720899692074423,0.011488976539985634,0.04766561201192104,-0.04648687839362463
2751,9.765625,-0.046717714970520144,8.73498562503675e-5,0.009346114500174257,0.04052009215176885,0.046717714970520144,-0.04527716524807233
2752,3.90625,-0.045069630019929745,0.0008360716935938774,0.028914904350418963,0.02608132798331099,0.045069630019929745,-0.0493143844391879
2753,9.765625,-0.04542754418593878,0.00017001278028450737,0.013038894902732646,0.04261860184103409,0.04542754418593878,-0.04559236711593428
2754,3.90625,-0.0462770864995665,0.0010782277796304793,0.03283637890557482,0.032297165139689187,0.0462770864995665,-0.04879172737822473
2755,9.765625,-0.046740294915912355,0.00016598034849339178,0.012883336077794127,0.028394920610729582,0.046740294915912355,-0.04520295767952994
2756,3.90625,-0.046289708128383095,0.0008599276207380298,0.02932452251509016,0.025236723538752188,0.046289708128383095,-0.0493088056717606
2757,9.765625,-0.0464943729098733,0.0001246949353441115,0.011166688647227141,0.029596929486761563,0.0464943729098733,-0.04544162791283212
2758,3.90625,-0.04626598641581033,0.0015520657646425542,0.0393962658718127,0.029303999321271236,0.04626598641581033,-0.049619373650293015
2759,9.765625,-0.04611413215890358,0.00025973287013418203,0.016116230022377505,0.026922661037431274,0.04611413215890358,-0.04406960714748509
2760,3.90625,-0.04568372877910581,0.0002559008941429038,0.015996902642164947,0.10087627781943975,0.04568372877910581,-0.04065068014980401
2761,1.5625,-0.048710863777840896,0.0084170570865328,0.09174452074392672,0.14410580370667506,0.048710863777840896,-0.05726417838226913
2762,0.625,-0.044768993333693344,0.015361425477433504,0.12394121783100852,0.035669455586638185,0.044768993333693344,-0.06150620556488928
2763,1.5625,-0.04754286682049433,0.003183740314658693,0.05642464279602214,0.058149912266374684,0.04754286682049433,-0.051363476053974635
2764,3.90625,-0.046354992159227705,0.0008771013289515038,0.029615896558292876,0.017817972801472487,0.046354992159227705,-0.04709673494684912
2765,9.765625,-0.045884933161866516,0.00034776697520917936,0.01864851134029683,0.031740489757443015,0.045884933161866516,-0.042695932364172344
2766,3.90625,-0.04679590719759646,0.0019996362379349425,0.04471729238152666,0.031758198980380646,0.04679590719759646,-0.05327389542986748
2767,9.765625,-0.04609170103130825,0.00030569721292386296,0.0174841989500195,0.022688814564467967,0.04609170103130825,-0.04542776289920582
2768,3.90625,-0.045239831126362526,0.0014938452098400045,0.03865029378724054,0.027795228190964673,0.045239831126362526,-0.04996418376587609
2769,9.765625,-0.04574260478243069,0.00020824331296951743,0.01443063799592788,0.01742174930170852,0.04574260478243069,-0.04523979708391774
2770,24.4140625,-0.04579085660460658,0.00010216432510984618,0.010107636969630745,0.0723876766855056,0.04579085660460658,-0.04215428934601401
2771,9.765625,-0.04510463027047831,0.000829806725088515,0.02880636605142195,0.03316897063789823,0.04510463027047831,-0.04988168817208882
2772,24.4140625,-0.04526626552819394,0.00012188184147969736,0.011040010936575079,0.03483382586441589,0.04526626552819394,-0.041837289296868946
2773,9.765625,-0.045485530993025776,0.000773093161736284,0.027804552895816972,0.11692746349541025,0.045485530993025776,-0.044870149741331716
2774,3.90625,-0.047983115662884775,0.005664677283738891,0.07526405040747469,0.03952519624195501,0.047983115662884775,-0.0704315278684168
2775,9.765625,-0.04647020373653791,0.0005651293121211379,0.023772448593300983,0.04726604076643649,0.04647020373653791,-0.04633263486713847
2776,3.90625,-0.045193127013289286,0.0021057288315407966,0.04588822105443614,0.038146198961875134,0.045193127013289286,-0.05179509150197403
2777,9.765625,-0.04527482599106908,0.00033581966343330195,0.018325383036468895,0.042236941162876115,0.04527482599106908,-0.044486319223902025
2778,3.90625,-0.04669812770749998,0.001161321325948613,0.03407816494397275,0.02141738984028808,0.04669812770749998,-0.050082240351558005
2779,9.765625,-0.04645802458088654,0.0002631893065713855,0.016223110261949943,0.031155524490383137,0.04645802458088654,-0.04503943052488343
2780,3.90625,-0.048556702436539506,0.0019093059608753075,0.04369560573873885,0.03562537889495027,0.048556702436539506,-0.04802265215977247
2781,9.765625,-0.04654084786617317,0.0004860496234205627,0.02204653313835449,0.056923027121535213,0.04654084786617317,-0.045025768354755004
2782,3.90625,-0.04643548548443699,0.00204774876545445,0.04525205813501139,0.03381945402383253,0.04643548548443699,-0.05138878830798181
2783,9.765625,-0.04490547388614502,0.00041409501897204736,0.020349324779265952,0.11905733799187025,0.04490547388614502,-0.0426213588124965
2784,3.90625,-0.04538185208163122,0.002480557351174444,0.04980519401803836,0.03636456953175601,0.04538185208163122,-0.05060623646726459
2785,9.765625,-0.045038890077485925,0.00031003751780682887,0.017607882263544043,0.03712525224458589,0.045038890077485925,-0.04389145300427707
2786,3.90625,-0.04507704490252972,0.0018230878672807192,0.04269763304072861,0.04610167371150351,0.04507704490252972,-0.05230971782937717
2787,9.765625,-0.04541619650204719,0.0002762889364620019,0.016621941416753997,0.03339307133326663,0.04541619650204719,-0.04484342686835574
2788,3.90625,-0.04914742770986619,0.0019413457938244373,0.044060705779917296,0.08325990510747108,0.04914742770986619,-0.04945557626118675
2789,1.5625,-0.04872743089207222,0.005551589533101021,0.07450898961267037,0.04338205604066262,0.04872743089207222,-0.05459794328784821
2790,3.90625,-0.047767308641761486,0.0009748516220845229,0.031222613953423614,0.045014412377102984,0.047767308641761486,-0.04702041488682427
2791,1.5625,-0.04326482918560627,0.0037201204160101694,0.06099278986905066,0.03388985231525589,0.04326482918560627,-0.049428877867069586
2792,3.90625,-0.045713259491169875,0.0005946359854237994,0.02438515912238014,0.03623144338131548,0.045713259491169875,-0.04583966854259738
2793,1.5625,-0.04808918161723653,0.0027441823195171124,0.05238494363380677,0.03439180411366667,0.04808918161723653,-0.049505278296769775
2794,3.90625,-0.04699553816642329,0.0005892011856601067,0.02427346670049638,0.05988570793341963,0.04699553816642329,-0.04630681016184431
2795,1.5625,-0.0452531613993355,0.002694185746538227,0.05190554639475657,0.01611432003452816,0.0452531613993355,-0.048983552605090665
2796,3.90625,-0.04613207648046226,0.0004657561508607562,0.021581384359228583,0.03928295501131812,0.04613207648046226,-0.04658057148635163
2797,1.5625,-0.04665233920082693,0.0019704474558420206,0.04438972241231094,0.0650584577769502,0.04665233920082693,-0.047915083304275415
2798,0.625,-0.053328828733890096,0.00776142226972331,0.08809893455498376,0.024866385229322916,0.053328828733890096,-0.05166502478655669
2799,1.5625,-0.04939020941315744,0.0013355046769795579,0.03654455741939636,0.02721089673886212,0.04939020941315744,-0.047174317480454246
2800,3.90625,-0.045817458838429796,0.000403010442418507,0.02007511998515842,0.06062760900477853,0.045817458838429796,-0.04557328324430881
2801,1.5625,-0.04506168271637224,0.0013515322098857235,0.03676319096441063,0.0160623789315979,0.04506168271637224,-0.04770600803776527
2802,3.90625,-0.04559288316421391,0.0002699539149631192,0.016430274342296273,0.04329879481055161,0.04559288316421391,-0.04563289865385458
2803,1.5625,-0.04529670817160482,0.002752103131453791,0.05246049114766074,0.028635843045406523,0.04529670817160482,-0.04793749368332345
2804,3.90625,-0.04629394980797231,0.0005042113054218634,0.022454649973265302,0.016335754807797673,0.04629394980797231,-0.04653212147979851
2805,9.765625,-0.046308501362136656,0.0001767230136504816,0.013293720835435112,0.060906877207101924,0.046308501362136656,-0.044138274563932885
2806,3.90625,-0.04660825717328547,0.0010221456659449903,0.031971012901454814,0.048101599670084844,0.04660825717328547,-0.04573438948922272
2807,1.5625,-0.05303717856102293,0.004784302756041985,0.06916865443278469,0.03362277047138936,0.05303717856102293,-0.05589381268565907
2808,3.90625,-0.04849077856268964,0.0006633061929575681,0.025754731467393873,0.05167647152484303,0.04849077856268964,-0.04825754091577361
2809,1.5625,-0.045830282429508006,0.002735822928697787,0.052305094672486604,0.018331630429218662,0.045830282429508006,-0.04996409662334375
2810,3.90625,-0.04490315127298356,0.00045568467780686617,0.02134677206996098,0.014955583600559458,0.04490315127298356,-0.045986485367467925
2811,9.765625,-0.045304226762352545,0.00023322852865027867,0.015271821392691792,0.07954630750640238,0.045304226762352545,-0.042777617378823816
2812,3.90625,-0.047155667240150884,0.001719671046788886,0.04146891663389443,0.04490994636656792,0.047155667240150884,-0.04858487494234014
2813,9.765625,-0.04685776627250003,0.0003226396088630524,0.017962171607660705,0.09760086675512583,0.04685776627250003,-0.04463558365235525
2814,3.90625,-0.04750255172761302,0.0020310557276361383,0.04506723563339711,0.07682795041404535,0.04750255172761302,-0.04813383941597396
2815,1.5625,-0.04497338372683692,0.007816248685674472,0.08840955087361586,0.023017703026504913,0.04497338372683692,-0.060034421925002204
2816,3.90625,-0.04496458402833853,0.0005586924701174606,0.02363667637628989,0.016707488064902774,0.04496458402833853,-0.04766023128689074
2817,9.765625,-0.04493212382699413,0.00020396458399886403,0.014281616995244762,0.021924639531848658,0.04493212382699413,-0.04410198471932713
2818,3.90625,-0.04807764323333778,0.0010197323519138433,0.03193324837710444,0.08143283261996383,0.04807764323333778,-0.049209434312484715
2819,1.5625,-0.050170777533994404,0.0034313533089538927,0.05857775438640417,0.03696756683493041,0.050170777533994404,-0.053672572536636265
2820,3.90625,-0.04736232812368386,0.0003921436226954377,0.01980261656184449,0.03372785087655221,0.04736232812368386,-0.04764536669315758
2821,1.5625,-0.04508446236827981,0.001707582358910359,0.04132290356340366,0.031215310017682005,0.04508446236827981,-0.04839192492395449
2822,3.90625,-0.04577022891076822,0.0003523113941451027,0.018769959886614108,0.021486579212720423,0.04577022891076822,-0.04626823081638619
2823,9.765625,-0.04548893933411163,0.0001349207945980901,0.011615541080728443,0.03025235883305475,0.04548893933411163,-0.04445233887737811
2824,3.90625,-0.0462018413519334,0.001141337026353977,0.03378367988177098,0.04430419836185337,0.0462018413519334,-0.04783893849131529
2825,1.5625,-0.04921204150181419,0.004001451687635216,0.0632570287607252,0.019453505532290822,0.04921204150181419,-0.05287548085040799
2826,3.90625,-0.048968589134605146,0.00043256908736658554,0.02079829529953322,0.01693150791217608,0.048968589134605146,-0.04702833255384556
2827,9.765625,-0.04765093301129014,0.0001863483647916425,0.01365094739538771,0.06571598825735267,0.04765093301129014,-0.04418672522124545
2828,3.90625,-0.045463022192910874,0.001518051989838496,0.03896218666654242,0.04254962045568809,0.045463022192910874,-0.049387395208948
2829,9.765625,-0.04492068007679893,0.00032495889206378637,0.018026616212250882,0.06661590783175578,0.04492068007679893,-0.04474136070920413
2830,3.90625,-0.0440501722100551,0.0012083216740665322,0.034760921651569195,0.045820000477216426,0.0440501722100551,-0.04798574949088105
2831,1.5625,-0.04958290976404864,0.004102841287383515,0.06405342525879092,0.04444068910461611,0.04958290976404864,-0.05252569506144235
2832,3.90625,-0.048496276415289113,0.0007036216648909019,0.026525867844255386,0.025447473952794716,0.048496276415289113,-0.0473491161688262
2833,9.765625,-0.04686974966126639,0.00021224679224997258,0.014568692194221572,0.04890659631676861,0.04686974966126639,-0.04460508952967229
2834,3.90625,-0.046682854821395614,0.0011612700455806081,0.034077412542336726,0.04540083810798707,0.046682854821395614,-0.04784937093236742
2835,1.5625,-0.04394969935605613,0.0038488223717417953,0.062038877905244184,0.01934112794447297,0.04394969935605613,-0.05270838088452089
2836,3.90625,-0.04390952654035345,0.0006376566223748141,0.025251863740619506,0.01672446849502492,0.04390952654035345,-0.04634680783852397
2837,9.765625,-0.0451980057542126,0.00023245187912719606,0.015246372654739751,0.06169894171801243,0.0451980057542126,-0.04334206655440343
2838,3.90625,-0.04785261957010942,0.0014853237614446508,0.03853989830610157,0.06174507235430273,0.04785261957010942,-0.04881366138319335
2839,1.5625,-0.047003716095194326,0.003973320739855797,0.06303428225859162,0.017095911829764873,0.047003716095194326,-0.05266177703921712
2840,3.90625,-0.046463485327459295,0.0005032385728664555,0.022432979580663277,0.06448653270596838,0.046463485327459295,-0.04704902763630503
2841,1.5625,-0.04619229979199598,0.0013361198135574998,0.036552972704795156,0.017292482390152016,0.04619229979199598,-0.04810921754216078
2842,3.90625,-0.045919400314772416,0.00032241961629780446,0.017956046789251928,0.025404547946208614,0.045919400314772416,-0.04631323335108156
2843,1.5625,-0.045181008700260164,0.0019914010184649347,0.04462511645323668,0.018702141691793597,0.045181008700260164,-0.04821365426577629
2844,3.90625,-0.045991262193110664,0.0004937662139425959,0.022220850882506634,0.07916061626199994,0.045991262193110664,-0.04524745911446175
2845,1.5625,-0.045645307264540996,0.0030741669138847454,0.055445170338675534,0.024178743577111087,0.045645307264540996,-0.05010386383586242
2846,3.90625,-0.04665098096762527,0.00038742402741870347,0.019683089884941933,0.06273997377801653,0.04665098096762527,-0.046477696404989034
2847,1.5625,-0.051315575322864924,0.002552503238833449,0.050522304369787496,0.03624567095762415,0.051315575322864924,-0.05068582906416592
2848,3.90625,-0.04861722859608017,0.0003936567126259588,0.019840784072862615,0.0633740724236267,0.04861722859608017,-0.0468477673385538
2849,1.5625,-0.043793647176351404,0.0008148338090154501,0.028545293990699237,0.02678747058338029,0.043793647176351404,-0.04705534343761776
2850,3.90625,-0.04424074390878461,0.00017344868250338287,0.013169991742722653,0.05133367943978389,0.04424074390878461,-0.04611588055419456
2851,1.5625,-0.04741275029246536,0.001935447531830393,0.043993721504669195,0.028028275540355224,0.04741275029246536,-0.048362456580598616
2852,3.90625,-0.04755054299574325,0.0002993203020814296,0.017300875760533903,0.017309582164597007,0.04755054299574325,-0.046536912236422104
2853,9.765625,-0.046777351956219945,8.381881693280159e-5,0.009155261707499224,0.04306028547226459,0.046777351956219945,-0.04538893310711077
2854,3.90625,-0.04538365006787426,0.00080179515469115,0.028315987616382904,0.038592087899216185,0.04538365006787426,-0.047171361614786966
2855,1.5625,-0.05025380524366401,0.0023082206764292153,0.048043945262948744,0.03538582418930744,0.05025380524366401,-0.050978950803550346
2856,3.90625,-0.047989890834968775,0.00043793988680658285,0.020927013327433585,0.034380804909706866,0.047989890834968775,-0.04709417205301588
2857,1.5625,-0.04649234615808493,0.001302510555958228,0.036090311109191454,0.01989345496834259,0.04649234615808493,-0.04817005702417845
2858,3.90625,-0.046232030088711275,0.0003906651902955306,0.019765252092890963,0.016772280123403677,0.046232030088711275,-0.04607144167899737
2859,9.765625,-0.045415187945548066,0.00013711108703293965,0.011709444352015156,0.06260266797791224,0.045415187945548066,-0.04442354199048774
2860,3.90625,-0.04779905663054969,0.0014004640571948852,0.03742277457905661,0.05764807365840375,0.04779905663054969,-0.049180555384705164
2861,1.5625,-0.04625268874123197,0.0033562096807422817,0.05793280314935815,0.058522525516053504,0.04625268874123197,-0.05272305506233385
2862,3.90625,-0.04586665405410445,0.0005025420050688452,0.022417448674388555,0.015654453047799693,0.04586665405410445,-0.047491733982686704
2863,9.765625,-0.04568652020131217,0.00020609252384333005,0.014355922953378165,0.037333702208479105,0.04568652020131217,-0.04429019410499141
2864,3.90625,-0.04734892419768406,0.0009818830426413716,0.031335013046772005,0.05547053337262416,0.04734892419768406,-0.04862879370069663
2865,1.5625,-0.0517546704152787,0.003426107962532963,0.05853296475092444,0.033724433122573554,0.0517546704152787,-0.052066773802104456
2866,3.90625,-0.04861626921694082,0.0005154702878415289,0.02270397075054337,0.055529413526264,0.04861626921694082,-0.0475814225756163
2867,1.5625,-0.04345569357139369,0.0007240491594596274,0.026908161577105696,0.03099239410311126,0.04345569357139369,-0.04721106552844744
2868,3.90625,-0.04380538395929783,0.00029896970281336805,0.017290740377825586,0.062129993275875414,0.04380538395929783,-0.04538866926510369
2869,1.5625,-0.04966271652724296,0.0019769941227076003,0.044463402059532066,0.14287164165371952,0.04966271652724296,-0.048017180881801624
2870,0.625,-0.057846687211345386,0.00838038716602835,0.09154445458916859,0.09475194430004345,0.057846687211345386,-0.051437799224390394
2871,1.5625,-0.0520301517386544,0.0012811305704007844,0.03579288435430685,0.04047715316697739,0.0520301517386544,-0.04784535310128458
2872,3.90625,-0.046735829269590995,0.00041201826052225687,0.02029823294088076,0.07547630311483897,0.046735829269590995,-0.04630745047015629
2873,1.5625,-0.04070193522700667,0.0010542207463014863,0.03246876570338771,0.04121812327866103,0.04070193522700667,-0.046788516667796605
2874,0.625,-0.039748468456859955,0.005549461502713328,0.0744947078839385,0.018958652231455837,0.039748468456859955,-0.04939759363077838
2875,1.5625,-0.04545048542031545,0.0013214355490541187,0.03635155497436277,0.12787873400801456,0.04545048542031545,-0.04576619403260482
2876,0.625,-0.05003012395258999,0.008213196703511543,0.09062668869329576,0.04174189925642058,0.05003012395258999,-0.051141701986343546
2877,1.5625,-0.04763175311676674,0.0008088717193452964,0.028440670163434906,0.028630060420297747,0.04763175311676674,-0.047503653293676534
2878,3.90625,-0.04621677787203673,0.00019949713276039746,0.014124345392279157,0.020438521752211954,0.04621677787203673,-0.04625299534627059
2879,1.5625,-0.04464543188056091,0.0006110685508208251,0.024719800784408136,0.02315792457416369,0.04464543188056091,-0.0473392657279232
2880,3.90625,-0.045927154233090524,0.00016361663005316378,0.012791271635500662,0.029884238938680075,0.045927154233090524,-0.046383680970108955
2881,1.5625,-0.04667695409772459,0.00035558792030938245,0.018857039012246394,0.03966522719755692,0.04667695409772459,-0.04624033270876551
2882,0.625,-0.06146784898863487,0.007262899787808845,0.08522264832665578,0.04604371870501523,0.06146784898863487,-0.050480357530908564
2883,1.5625,-0.054269514254000756,0.0014934001085404982,0.038644535299838946,0.04417974148629987,0.054269514254000756,-0.04754282917839635
2884,3.90625,-0.04776972572602321,0.000570734003130587,0.02389003983107996,0.08299524634553768,0.04776972572602321,-0.04501975240740038
2885,1.5625,-0.040312858780334304,0.0014778765620444912,0.038443160146435555,0.041501040722475145,0.040312858780334304,-0.046608097354621805
2886,3.90625,-0.042465545470573976,0.00046592880412123786,0.021585384039234462,0.039823214674822194,0.042465545470573976,-0.0452028671660613
2887,1.5625,-0.04858603063093499,0.003807546301853884,0.06170531826231742,0.0543887231201077,0.04858603063093499,-0.05055625463272653
2888,3.90625,-0.04766993433165253,0.0005926697840251656,0.024344810207211836,0.042728710916418375,0.04766993433165253,-0.04658608855198445
2889,1.5625,-0.044867095291968535,0.0016433171286467894,0.04053784810084015,0.04536292568455589,0.044867095291968535,-0.048376303117698534
2890,3.90625,-0.045820546216899856,0.00024477322728448767,0.015645230176781922,0.025209917433322165,0.045820546216899856,-0.04614970760675478
2891,1.5625,-0.04703847046686114,0.0009693849135893445,0.031134946821688075,0.044430946259473754,0.04703847046686114,-0.0468268533679303
2892,0.625,-0.05237124752680369,0.0045532146385380105,0.0674775120950529,0.02893058821511119,0.05237124752680369,-0.04907782706700024
2893,1.5625,-0.05025927672127211,0.0010960849911561934,0.033107174315489284,0.06018123205965952,0.05025927672127211,-0.0467494393162038
2894,0.625,-0.05228833034862632,0.002964531735341767,0.05444751358273183,0.04749800939243388,0.05228833034862632,-0.04870443515608422
2895,1.5625,-0.04684408537218781,0.0008499178579533179,0.029153350715712217,0.0812166782057633,0.04684408537218781,-0.047793706017146866
2896,0.625,-0.04886096605547296,0.005338187072796002,0.0730628980591107,0.01616965888356051,0.04886096605547296,-0.04954839038931769
2897,1.5625,-0.047774877005538514,0.0008819705785508575,0.02969798946984219,0.03606173425485455,0.047774877005538514,-0.04784624609061203
2898,3.90625,-0.04590179264834487,0.0003605301985454848,0.018987632778877012,0.026778705601069805,0.04590179264834487,-0.046009562608498755
2899,1.5625,-0.04438726709397089,0.0009658993153518052,0.03107892075590472,0.04129042675835819,0.04438726709397089,-0.046424878421470785
2900,0.625,-0.04716838358659373,0.0037045930156988853,0.060865367950082135,0.011905519994306597,0.04716838358659373,-0.0480511070621994
2901,1.5625,-0.04602411733090557,0.0007180580638782809,0.02679660545439069,0.010336809719421091,0.04602411733090557,-0.04686942727709719
2902,3.90625,-0.046049194895638655,0.0002639046034879288,0.01624514091930042,0.021269411336650897,0.046049194895638655,-0.04567052639726974
2903,1.5625,-0.047584413246801315,0.0011840716738789878,0.034410342542308237,0.09174404340006016,0.047584413246801315,-0.046279461895311555
2904,0.625,-0.049094746212068156,0.008721865930511668,0.09339093066519719,0.04913645155400698,0.049094746212068156,-0.05175659901983086
2905,1.5625,-0.048796494167777385,0.0012397129056496393,0.035209557021491186,0.014108421262051028,0.048796494167777385,-0.047518807530695845
2906,3.90625,-0.04767234693717201,0.00041729427344232913,0.020427781902162778,0.02450021235496363,0.04767234693717201,-0.04544070186826915
2907,9.765625,-0.04662984870698551,0.00022048384812537852,0.014848698533049235,0.07264887716713782,0.04662984870698551,-0.04250677019407291
2908,3.90625,-0.0427586803989229,0.002127833304692073,0.04612844355375621,0.08487106882694304,0.0427586803989229,-0.046755531493281904
2909,1.5625,-0.04475728760521659,0.008239876388317871,0.09077376486803812,0.044853948618527956,0.04475728760521659,-0.057796682882569284
2910,3.90625,-0.04486320537347204,0.0013813995606771355,0.03716718392180306,0.04610915027404898,0.04486320537347204,-0.04493177833693525
2911,9.765625,-0.04468019898476959,0.0004687752228068725,0.02165121758254885,0.035815362019027124,0.04468019898476959,-0.041359911323800416
2912,3.90625,-0.04520812310826965,0.001980242473083384,0.04449991542782283,0.06213613857243435,0.04520812310826965,-0.051036660777646355
2913,1.5625,-0.050859287514337735,0.005028230682134278,0.07091001820712133,0.04266171783129996,0.050859287514337735,-0.05350468635044091
2914,3.90625,-0.048693393395599645,0.0010785121115966048,0.03284070814700263,0.05173040057103737,0.048693393395599645,-0.04656120738491221
2915,1.5625,-0.04551484396087479,0.004807934882761242,0.06933927373978792,0.040996488250653655,0.04551484396087479,-0.0508987448722848
2916,3.90625,-0.04335849234904433,0.0009238876706930979,0.030395520569536195,0.04109426851506807,0.04335849234904433,-0.046236732385053006
2917,1.5625,-0.04502483711248936,0.0029098677608150733,0.053943190124565985,0.131941667149689,0.04502483711248936,-0.04681513750493654
2918,0.625,-0.05797874296363589,0.012607717852323569,0.1122840943870661,0.06029849716580292,0.05797874296363589,-0.05577336001426149
2919,1.5625,-0.05403814045824788,0.002660750201450098,0.05158246021129758,0.040354968030774235,0.05403814045824788,-0.04755991247742771
2920,3.90625,-0.04803528426500504,0.001051942667808213,0.03243366565481325,0.0949419678225726,0.04803528426500504,-0.04375623439958023
2921,1.5625,-0.03928997772468271,0.0029281425282868187,0.05411231401711462,0.07152084128245108,0.03928997772468271,-0.04588413540433467
2922,0.625,-0.04307115277557107,0.013792539125878548,0.11744164136233173,0.03663074142146613,0.04307115277557107,-0.05471087625341482
2923,1.5625,-0.042628200682084755,0.0024741417112022802,0.049740744980370774,0.05902566858489222,0.042628200682084755,-0.04769439232374606
2924,3.90625,-0.044957910268683426,0.0008613373762147704,0.029348549814509923,0.06084582257172828,0.044957910268683426,-0.0449187087342274
2925,1.5625,-0.04889180314974051,0.0030488900456443037,0.055216755116941664,0.0537655203933547,0.04889180314974051,-0.04867303438618319
2926,3.90625,-0.04786338654749325,0.0007454668145174758,0.027303238169079428,0.030149116757095026,0.04786338654749325,-0.04405912493521871
2927,9.765625,-0.04588903603014273,0.00039735260216467664,0.019933705179034745,0.05889822917623418,0.04588903603014273,-0.03946007130765119
2928,3.90625,-0.04411850115542088,0.0021851669308316033,0.046745769122259646,0.036840754844278734,0.04411850115542088,-0.04766900251844029
2929,9.765625,-0.04512069866203329,0.0006253064169911796,0.025006127588876683,0.037473646921868886,0.04512069866203329,-0.04330356094045984
2930,3.90625,-0.04510798232695375,0.0028600687918393713,0.05347961099184783,0.06247865108708595,0.04510798232695375,-0.05143347793231928
2931,9.765625,-0.045377254213008755,0.0004967102567445842,0.022286997481594153,0.10731345769098423,0.045377254213008755,-0.04089619426039204
2932,3.90625,-0.046275682145467255,0.0014871913610282894,0.038564120125166725,0.1826467788738435,0.046275682145467255,-0.04035348500269917
2933,1.5625,-0.05370675598619477,0.012866750889984919,0.11343170143299852,0.10255689484548117,0.05370675598619477,-0.07702342170098728
2934,3.90625,-0.048822534711988615,0.0016770979779175074,0.04095238671820615,0.05498466787489438,0.048822534711988615,-0.05224467439535865
2935,1.5625,-0.04276465811672528,0.004919721038964075,0.07014072311406602,0.09600676569612418,0.04276465811672528,-0.052586093950037126
2936,0.625,-0.04192018448933617,0.01621569224347817,0.12734085064690814,0.038322949622137725,0.04192018448933617,-0.062114906146741436
2937,1.5625,-0.04218414915981771,0.004369330995645239,0.06610091524060192,0.011797861167207373,0.04218414915981771,-0.05251623708149787
2938,3.90625,-0.04322794784727098,0.001140283056249757,0.033768077473403144,0.03762766219237233,0.04322794784727098,-0.04645807310707205
2939,9.765625,-0.044686753044441224,0.0004600774779538987,0.02144941672759189,0.04619057203278016,0.044686753044441224,-0.04040475308733536
2940,3.90625,-0.04734147855286818,0.002429947848462211,0.04929450119904056,0.04169643371224153,0.04734147855286818,-0.050917880667496154
2941,9.765625,-0.046108217345558956,0.00048382739374349466,0.021996076780723753,0.045185756598824525,0.046108217345558956,-0.04357587696477056
2942,3.90625,-0.04649575172481222,0.0026446025638114977,0.05142569944892823,0.0831738614790175,0.04649575172481222,-0.05409979327885326
2943,1.5625,-0.04522880008240627,0.005408347657579039,0.07354146896533302,0.013665937683144967,0.04522880008240627,-0.05439857953017938
2944,3.90625,-0.045779100716408526,0.0008838926518255586,0.02973033218491779,0.0158517995815959,0.045779100716408526,-0.04628178542218161
2945,9.765625,-0.04566313703778279,0.0003807852452071953,0.01951371940987149,0.022013401670350676,0.04566313703778279,-0.04165527053013955
2946,24.4140625,-0.04506593417903217,0.00023052562660479727,0.01518307039451498,0.06343587545101624,0.04506593417903217,-0.03639367840733227
2947,9.765625,-0.04389486679588961,0.0019166380289530767,0.0437794247215867,0.12070303166726308,0.04389486679588961,-0.05387729297040453
2948,3.90625,-0.0395527814208537,0.004136067115194915,0.06431226255695655,0.0494504900724008,0.0395527814208537,-0.06265765111202441
2949,9.765625,-0.04271918875262559,0.0005783227570080733,0.024048342084394787,0.07237730802360347,0.04271918875262559,-0.04499106253562405
2950,3.90625,-0.04894446479447412,0.0021953439952242275,0.04685449813224156,0.058102912065127736,0.04894446479447412,-0.051688040322746376
2951,9.765625,-0.04859456055482219,0.0004421613184926671,0.021027632260734137,0.030603400231421347,0.04859456055482219,-0.04355003765578199
2952,3.90625,-0.04338807566761549,0.0024335735076304725,0.049331262984343635,0.04933876010163149,0.04338807566761549,-0.052932347950638975
2953,9.765625,-0.04422246232704716,0.0004137335343770339,0.0203404408599478,0.02756571232232499,0.04422246232704716,-0.044316313230807695
2954,3.90625,-0.04423872095376994,0.0023643865166315227,0.048624957754547435,0.030919759001970467,0.04423872095376994,-0.05221330962330767
2955,9.765625,-0.04538360204236991,0.00045608346092981507,0.02135611062271909,0.13274321821865556,0.04538360204236991,-0.04366413430111085
2956,3.90625,-0.047770190915303344,0.0022455968094832494,0.04738772846933317,0.04222258551956507,0.047770190915303344,-0.04933786971644538
2957,9.765625,-0.04728196806732784,0.0004477006971098812,0.02115893894102162,0.04695221325463532,0.04728196806732784,-0.042855652505909655
2958,3.90625,-0.045520676875105595,0.002040671013880907,0.045173786800321566,0.16288477007529248,0.045520676875105595,-0.04845676933110342
2959,1.5625,-0.04137788692825601,0.010062368515962384,0.1003113578612232,0.046648454622794246,0.04137788692825601,-0.06211842929954402
2960,3.90625,-0.04447215338240482,0.002229876566382376,0.04722156886828704,0.049632358932677464,0.04447215338240482,-0.04448666770780678
2961,9.765625,-0.0447241314753646,0.0007707994579562196,0.02776327534633152,0.04984267925661723,0.0447241314753646,-0.039252715617383485
2962,3.90625,-0.04470473341754213,0.0037099245166754137,0.060909149695882424,0.06278559339092867,0.04470473341754213,-0.0526393463802835
2963,9.765625,-0.04455510332367454,0.0005512451047702761,0.02347860951526466,0.028294825206950352,0.04455510332367454,-0.04280922916358485
2964,24.4140625,-0.0441526347653233,0.0002152448470218049,0.014671225137043085,0.06912055334567482,0.0441526347653233,-0.03686137392952055
2965,9.765625,-0.045766329553161775,0.001465047423842908,0.03827593792244558,0.07926933742471308,0.045766329553161775,-0.055780931298318306
2966,3.90625,-0.04618499412035906,0.00469186946016452,0.06849722228064814,0.13580376445341225,0.04618499412035906,-0.06040414138820707
2967,1.5625,-0.05029740514163651,0.010931705842592974,0.10455479827627699,0.04493274581978645,0.05029740514163651,-0.06714298429774879
2968,3.90625,-0.04932861886930301,0.0020864360775943946,0.04567752267356883,0.037936075089638185,0.04932861886930301,-0.05016320862823027
2969,9.765625,-0.04646379765599434,0.000615072211783037,0.0248006494226066,0.10773865755883046,0.04646379765599434,-0.04099414214271546
2970,3.90625,-0.043894445953982716,0.003210086198815687,0.05665762260116186,0.038767673583944964,0.043894445953982716,-0.05396591841480161
2971,9.765625,-0.04345354914114812,0.0005237827683249958,0.02288630088775807,0.06159740526055559,0.04345354914114812,-0.04403953416818676
2972,3.90625,-0.044189752843910635,0.0020735494654996857,0.045536243427622414,0.023599385341826574,0.044189752843910635,-0.051471539610044734
2973,9.765625,-0.04395115375603734,0.000377541703421325,0.019430432404383722,0.02611512693619984,0.04395115375603734,-0.04260281261905528
2974,3.90625,-0.04647401923732363,0.001999481889372179,0.04471556652187445,0.03588666481170984,0.04647401923732363,-0.04925199878024133
2975,9.765625,-0.045817836223569365,0.00044113622476832566,0.02100324319642863,0.11600155972109195,0.045817836223569365,-0.04344389387309485
2976,3.90625,-0.046171558166577545,0.002917901085246668,0.054017599773098654,0.04590986152248147,0.046171558166577545,-0.05214966335689203
2977,9.765625,-0.045953789843202884,0.00044648516896950846,0.0211301956680365,0.03880071670211322,0.045953789843202884,-0.042722075211917815
2978,3.90625,-0.04545266280088222,0.0022102036389650102,0.047012802926064835,0.031000664563819988,0.04545266280088222,-0.048603110388106725
2979,9.765625,-0.04503345102893788,0.0003987419482672274,0.019968523938118897,0.0631300780177506,0.04503345102893788,-0.041241265588851946
2980,3.90625,-0.04558254077167251,0.003332494516989517,0.05772776209926656,0.0341690166530619,0.04558254077167251,-0.0539151490190659
2981,9.765625,-0.04557132219276497,0.000548508544949687,0.02342025928442482,0.10657901437894332,0.04557132219276497,-0.04246776539684589
2982,3.90625,-0.04580450590446462,0.0033759380572892647,0.0581028231438823,0.04388489479936314,0.04580450590446462,-0.05293641625665886
2983,9.765625,-0.044281983604009346,0.0008019674114534065,0.028319029140374968,0.08443871495008942,0.044281983604009346,-0.04233100579129527
2984,3.90625,-0.04654862685573903,0.003133003674910046,0.05597324070401897,0.10609616924434902,0.04654862685573903,-0.05207421259178692
2985,1.5625,-0.050615303420950525,0.010933192728308469,0.10456190859155388,0.046941609860748267,0.050615303420950525,-0.06274351854095885
2986,3.90625,-0.048649525305661384,0.0017857038922379546,0.04225758975897649,0.03277284232297508,0.048649525305661384,-0.04821059659710068
2987,9.765625,-0.04521338913352605,0.0006609859629222688,0.025709647273392703,0.12121267308360283,0.04521338913352605,-0.040164157342358446
2988,3.90625,-0.046215264075111125,0.003416237206955063,0.05844858601330799,0.03887034833430516,0.046215264075111125,-0.05159693078108146
2989,9.765625,-0.04362446275004153,0.0006805789126675028,0.026087907403000012,0.1055256274228071,0.04362446275004153,-0.03989898041855449
2990,3.90625,-0.04157464316994868,0.0036938819404870892,0.06077731435730843,0.07069513823022121,0.04157464316994868,-0.05197282668451665
2991,9.765625,-0.04365276310653903,0.0007138598886198122,0.026718156534832494,0.08748474950819916,0.04365276310653903,-0.04166705701776745
2992,3.90625,-0.04473446811994483,0.003586516826746664,0.05988753481941517,0.08234986511475638,0.04473446811994483,-0.05358370390336649
2993,1.5625,-0.04720333174794198,0.009885202091188795,0.09942435361212461,0.06761277292740178,0.04720333174794198,-0.062228193148944046
2994,3.90625,-0.046457525031218916,0.0015993610808746404,0.039992012713473676,0.034347696888684415,0.046457525031218916,-0.04659881246275151
2995,9.765625,-0.044395202089012646,0.0005994291399331892,0.02448324202251796,0.09655926078292923,0.044395202089012646,-0.0396250327659726
2996,3.90625,-0.04857742605255489,0.003114389547404085,0.05580671597042855,0.05463662715646762,0.04857742605255489,-0.052794643810774596
2997,9.765625,-0.047125616787213276,0.0005072591109363786,0.022522413523785114,0.053365514968244966,0.047125616787213276,-0.039639519715656296
2998,3.90625,-0.044555362023109994,0.004023460164011363,0.06343075093368644,0.042532205801538055,0.044555362023109994,-0.06050298914344839
2999,9.765625,-0.04415444977692768,0.0005930161810652298,0.024351923559859285,0.045490615057577455,0.04415444977692768,-0.04559799100766064
3000,3.90625,-0.04496746256405054,0.0017569260170500242,0.04191570131883784,0.025476426300578708,0.04496746256405054,-0.04967473828688085
3001,9.765625,-0.045182977409474225,0.000424234849814894,0.020596962150154427,0.041999437049537514,0.045182977409474225,-0.04273104540755666
3002,3.90625,-0.04621193859222454,0.002472905919091343,0.04972832109664817,0.03852603211648771,0.04621193859222454,-0.0523780525241548
3003,9.765625,-0.04680055646329346,0.000499892327488246,0.022358272014810224,0.06985815313718938,0.04680055646329346,-0.04365089741756951
3004,3.90625,-0.04567667755141653,0.002562053471765609,0.05061673114460879,0.0499498861714189,0.04567667755141653,-0.05012857246092585
3005,9.765625,-0.045909265296265746,0.000471094440335722,0.021704710095638735,0.11262290483061071,0.045909265296265746,-0.04308587347299252
3006,3.90625,-0.04429461207012392,0.002809103774370183,0.0530009789944505,0.04057916452721826,0.04429461207012392,-0.05348462308750798
3007,9.765625,-0.04472210938325644,0.0005307932844358333,0.0230389514612934,0.04871251749668919,0.04472210938325644,-0.043447239182530246
3008,3.90625,-0.04629009099648297,0.00273264630826941,0.05227471959053831,0.10551139941140443,0.04629009099648297,-0.052868924780046345
3009,1.5625,-0.04988837024042001,0.007959846789482302,0.089217973466574,0.03549386947992549,0.04988837024042001,-0.05997981448810313
3010,3.90625,-0.04988936054889911,0.0012414448402180587,0.0352341431032182,0.03242312259503269,0.04988936054889911,-0.046922066828698115
3011,9.765625,-0.04686360630712283,0.00045456247167750005,0.021320470718947555,0.1967729010467073,0.04686360630712283,-0.04143031155081648
3012,3.90625,-0.04442581481145902,0.002137551674482045,0.04623366386608404,0.04509422698716961,0.04442581481145902,-0.045618170617542815
3013,9.765625,-0.044302854246488825,0.0004737344142309696,0.02176544082326314,0.051715478290517314,0.044302854246488825,-0.041287692474808554
3014,3.90625,-0.04413408748816904,0.003301592939870588,0.057459489554559984,0.09603195482679801,0.04413408748816904,-0.054209367400900474
3015,1.5625,-0.041717435631351045,0.011489761949124327,0.1071903071603227,0.04568677595458416,0.041717435631351045,-0.06477685409712197
3016,3.90625,-0.043080983162560336,0.002009050395964991,0.04482243183903559,0.08227627001042398,0.043080983162560336,-0.04669727301145126
3017,1.5625,-0.04760939863610824,0.0072920668342051605,0.08539359949202961,0.03945867085280053,0.04760939863610824,-0.05604503292566282
3018,3.90625,-0.04605354698841332,0.0010442248733978005,0.03231446848391291,0.022417290151170916,0.04605354698841332,-0.045952237634064294
3019,9.765625,-0.04587192803994695,0.0003897301445227371,0.019741584144205276,0.05607397145728439,0.04587192803994695,-0.041996499307244715
3020,3.90625,-0.046833892579509755,0.002425784115079578,0.049252249847896064,0.03710455454115728,0.046833892579509755,-0.04876207033159922
3021,9.765625,-0.04608840628945772,0.00042162162701399027,0.020533427064520677,0.03454524380967264,0.04608840628945772,-0.04186936205508181
3022,3.90625,-0.044035542010868726,0.0026754740483461597,0.051724984759264646,0.13071401260631618,0.044035542010868726,-0.05222439583035854
3023,1.5625,-0.04326791814466796,0.009302608135888697,0.09645002921662957,0.034240291158859425,0.04326791814466796,-0.06068772598532572
3024,3.90625,-0.0443437898703474,0.0012497059238209957,0.03535117994948677,0.065886355001483,0.0443437898703474,-0.04754209441061939
3025,1.5625,-0.050784436774606485,0.0048641681933122086,0.06974358890473166,0.03425979829675817,0.050784436774606485,-0.05279427748026597
3026,3.90625,-0.047954657429231454,0.0008076759829317298,0.02841964079526217,0.038704353911427375,0.047954657429231454,-0.0459130138648329
3027,1.5625,-0.0460672582008058,0.003308648310862499,0.05752085109647195,0.018996958012839748,0.0460672582008058,-0.05164812642698956
3028,3.90625,-0.044214253646014064,0.0005221929264601693,0.022851541008434624,0.021048070732268893,0.044214253646014064,-0.0464500884034302
3029,9.765625,-0.04502816480640092,0.00022646556699408083,0.015048772939814091,0.05071807747636685,0.04502816480640092,-0.04325718512803286
3030,3.90625,-0.047135286720406865,0.0014632016141183255,0.038251818441981625,0.0321589574113188,0.047135286720406865,-0.05043622145714868
3031,9.765625,-0.047008172012404,0.00022518873628938984,0.015006289890888749,0.06935421151931084,0.047008172012404,-0.04416609590501125
3032,3.90625,-0.048102459218604905,0.0017393739650186763,0.04170580253416395,0.04501076985419526,0.048102459218604905,-0.05270911990471495
3033,9.765625,-0.046460184270080154,0.00025597358055062965,0.015999174370905197,0.04233610223279957,0.046460184270080154,-0.045227774231016975
3034,3.90625,-0.04622448346478763,0.0014391355018954942,0.03793593944922801,0.03754870954230732,0.04622448346478763,-0.049835666028007576
3035,9.765625,-0.04591125267468836,0.0002526933115166145,0.015896330127316005,0.015439642448500138,0.04591125267468836,-0.04549355126920087
3036,24.4140625,-0.04581231976812326,0.00012121864719119647,0.011009934023017417,0.02712132986856836,0.04581231976812326,-0.04142868666865224
3037,9.765625,-0.0451476698032477,0.001307797015090865,0.036163476258386236,0.04013622808507685,0.0451476698032477,-0.052946934273656286
3038,24.4140625,-0.04538671544352162,0.00022052555791988646,0.01485010295990861,0.1352020644923068,0.04538671544352162,-0.040671398306591125
3039,9.765625,-0.04438950229608399,0.001596896421282756,0.03996118643487398,0.09079309761257963,0.04438950229608399,-0.04909829080688767
3040,3.90625,-0.0479120997598928,0.004480076386796967,0.06693337274332564,0.049915673369029856,0.0479120997598928,-0.06646977782668687
3041,9.765625,-0.04772596002957656,0.0003356169078509674,0.018319850104489596,0.05295466663557587,0.04772596002957656,-0.04658287571485349
3042,3.90625,-0.047324165399888214,0.0013556455947568227,0.03681909280192578,0.027443751741700224,0.047324165399888214,-0.05222138387265431
3043,9.765625,-0.04658053060566524,0.00015930030954088492,0.012621422643303128,0.02354077419342448,0.04658053060566524,-0.04691548985593365
3044,3.90625,-0.0455911130025789,0.0009002311039107022,0.03000385148461281,0.02449027162234031,0.0455911130025789,-0.04964657979853282
3045,9.765625,-0.045964518955858416,0.00012262910121323638,0.011073802473100032,0.01875026483973868,0.045964518955858416,-0.04629083707054123
3046,3.90625,-0.04676309449216744,0.000701038268191788,0.026477127264712613,0.02339424968591589,0.04676309449216744,-0.04791198637391599
3047,9.765625,-0.04564277117078833,0.00027171118396097677,0.016483664154579733,0.17186377387497606,0.04564277117078833,-0.04361400395121143
3048,3.90625,-0.047726482516802685,0.002052648791720714,0.04530616725922326,0.03245838515845922,0.047726482516802685,-0.0541441230007296
3049,9.765625,-0.047716076686661064,0.00030953892214587327,0.017593718258113414,0.03728273862199789,0.047716076686661064,-0.04508086267326515
3050,3.90625,-0.047335973973958834,0.0012319612066446699,0.0350993049310762,0.0477928306437002,0.047335973973958834,-0.04781880708166114
3051,1.5625,-0.045059877594832015,0.00435216225948912,0.06597091980175143,0.04258777260622333,0.045059877594832015,-0.053366412023936514
3052,3.90625,-0.0435043240201181,0.0008117082375478626,0.02849049381017926,0.029900615501909724,0.0435043240201181,-0.04659505624326421
3053,9.765625,-0.043557827894870685,0.00032043249071639433,0.01790062822127744,0.02635865948415212,0.043557827894870685,-0.042233697962516595
3054,3.90625,-0.05048529948484428,0.0017430201159160507,0.041749492403094564,0.08939257048963602,0.05048529948484428,-0.04755053188713796
3055,1.5625,-0.05250430883948218,0.00560167135819498,0.0748443141340408,0.04029211021011626,0.05250430883948218,-0.05230161962408965
3056,3.90625,-0.04873254717866358,0.0014378454788337514,0.03791893298648778,0.047700592065046614,0.04873254717866358,-0.04546336328502139
3057,1.5625,-0.04372034487658761,0.009020826316176445,0.09497803070277065,0.052620724089619444,0.04372034487658761,-0.055830276572237145
3058,3.90625,-0.04251709073312518,0.001141982984147449,0.03379323873421204,0.028805946958448816,0.04251709073312518,-0.04558233168412011
3059,9.765625,-0.044750742479209654,0.00039103079374566924,0.019774498571282894,0.061547804907737834,0.044750742479209654,-0.041343029189042334
3060,3.90625,-0.04486232506388168,0.002319938870490312,0.048165743744805936,0.0818860533917009,0.04486232506388168,-0.04758313300843485
3061,1.5625,-0.05458860746618543,0.0075758043393043635,0.08703909661355846,0.07150037921684115,0.05458860746618543,-0.056796910499730374
3062,3.90625,-0.05009611938831575,0.0007689757076202186,0.027730411241455085,0.05470702739239091,0.05009611938831575,-0.04649153247071172
3063,1.5625,-0.040993542763043005,0.004866397627967534,0.0697595701532595,0.0724978185369761,0.040993542763043005,-0.05265508703405719
3064,3.90625,-0.042395674656192,0.0007954274749050697,0.028203323827256065,0.02868253976559296,0.042395674656192,-0.04640471576545149
3065,9.765625,-0.044316311471663414,0.0002467989786725212,0.01570983700337216,0.06313723477296904,0.044316311471663414,-0.04321413922755525
3066,3.90625,-0.04918635371118511,0.0012844343167849636,0.03583900552170726,0.07430144916825117,0.04918635371118511,-0.04752080929523806
3067,1.5625,-0.046789496000851735,0.007693441882444016,0.08771226757098471,0.04105764026834198,0.046789496000851735,-0.05227169938205613
3068,3.90625,-0.04700718253987571,0.0013612555154399572,0.03689519637351124,0.10755171046631981,0.04700718253987571,-0.04601114304104671
3069,1.5625,-0.04850507136787989,0.005477549514572598,0.07401046895252453,0.03478690975647442,0.04850507136787989,-0.05264810151560924
3070,3.90625,-0.047093834229151574,0.0008378145190281152,0.028945025808040235,0.03354692881988036,0.047093834229151574,-0.0462222192990106
3071,9.765625,-0.04622829465080777,0.00031849077425620586,0.017846309821814867,0.03950042343936258,0.04622829465080777,-0.042289898982657274
3072,3.90625,-0.043908026396451645,0.001697252160758186,0.041197720334481935,0.04987219422331028,0.043908026396451645,-0.04536808209352704
3073,9.765625,-0.04400997504237875,0.0003719438789233947,0.019285846595972777,0.04018732761669258,0.04400997504237875,-0.040952383059789176
3074,3.90625,-0.04368764053403838,0.0033549347074239193,0.057921798206063316,0.11204401718903056,0.04368764053403838,-0.05519870754266265
3075,1.5625,-0.049597906244400095,0.007197370020600289,0.08483731502470059,0.051688304149398824,0.049597906244400095,-0.061638496516444374
3076,3.90625,-0.048106930756655446,0.0011782948938044205,0.034326300322120654,0.023735040346736937,0.048106930756655446,-0.04868166371595607
3077,9.765625,-0.04677251823556216,0.0004417812208686615,0.021018592266578214,0.04844125828177408,0.04677251823556216,-0.04203187962738769
3078,3.90625,-0.04374048989725772,0.002408274295938077,0.04907417137291344,0.06308732685272894,0.04374048989725772,-0.04788158678402339
3079,1.5625,-0.04570578212779124,0.00778868621265519,0.0882535337120004,0.04995882686284028,0.04570578212779124,-0.05972199675271901
3080,3.90625,-0.045374692020802326,0.0014449015626888844,0.03801186081592013,0.016092492253385764,0.045374692020802326,-0.04786358772740809
3081,9.765625,-0.04525474884449722,0.0005602274934226152,0.023669125320184843,0.07142051204591389,0.04525474884449722,-0.040503741794929236
3082,3.90625,-0.04874602321408618,0.002497684664319066,0.049976841279927506,0.07333673699728019,0.04874602321408618,-0.049171730783489576
3083,1.5625,-0.0478420493513469,0.008734303606899365,0.09345749625845626,0.04896974473215412,0.0478420493513469,-0.06026658014371182
3084,3.90625,-0.04641989717531449,0.0014755948348042594,0.03841347204828352,0.029392993505953365,0.04641989717531449,-0.04683899714781141
3085,9.765625,-0.04497753373383025,0.0004504688122553126,0.021224250569933267,0.06013371148829825,0.04497753373383025,-0.041878804459185535
3086,3.90625,-0.04655708896915251,0.0026946852633103306,0.051910357957832755,0.04406937110964918,0.04655708896915251,-0.04813053733442181
3087,9.765625,-0.04557427024006136,0.0005616471192199434,0.023699095324926294,0.08044105561450687,0.04557427024006136,-0.040187820813358435
3088,3.90625,-0.04160824720066317,0.003798898288518418,0.061635203321790205,0.09444385471859552,0.04160824720066317,-0.0502333359640259
3089,1.5625,-0.041792316582813335,0.012970550340425595,0.11388832398637533,0.05163874448820699,0.041792316582813335,-0.06637602731328239
3090,3.90625,-0.04326188961438714,0.0022780113429489686,0.047728517083070666,0.03964219725543642,0.04326188961438714,-0.04631549440860455
3091,9.765625,-0.044161748291910684,0.0007200311580537117,0.026833396319767493,0.05028876008865792,0.044161748291910684,-0.03925829761038214
3092,3.90625,-0.05063931234951799,0.002896661136601162,0.05382063857481776,0.10317252974301583,0.05063931234951799,-0.04795278733118268
3093,1.5625,-0.04834450387301455,0.010338699481086903,0.10167939555822951,0.09503941166540393,0.04834450387301455,-0.0650983937036626
3094,3.90625,-0.04549768581037835,0.0019053910011142291,0.0436507846563407,0.05149475469974231,0.04549768581037835,-0.04946645559940442
3095,9.765625,-0.04431430100521274,0.0006088417932234431,0.02467471971924794,0.05451056568543358,0.04431430100521274,-0.03918812988360611
3096,3.90625,-0.04759745178453765,0.0048808124975110966,0.06986281197826993,0.13785563631325656,0.04759745178453765,-0.05140296810596974
3097,1.5625,-0.049191381803343925,0.01134148250235379,0.10649639666370779,0.0467926633439573,0.049191381803343925,-0.06283263450917224
3098,3.90625,-0.04446084893859652,0.002428232184350104,0.04927709594071168,0.11759708901912735,0.04446084893859652,-0.04089767922136152
3099,1.5625,-0.0412202093382056,0.013428837399883922,0.11588286068217302,0.03588746232527679,0.0412202093382056,-0.062071781767549974
3100,3.90625,-0.03959193763288565,0.0018900629284563852,0.043474853978551616,0.02753468023306016,0.03959193763288565,-0.04362557072354618
3101,9.765625,-0.042327078027055674,0.0006779679675553673,0.026037818026005317,0.10723566319580788,0.042327078027055674,-0.03589541567934359
3102,3.90625,-0.05105408727788221,0.004311212996649641,0.06565982787557123,0.18630844469792657,0.05105408727788221,-0.05150032819169237
3103,1.5625,-0.051762969141317956,0.011243948310866477,0.10603748540429689,0.05289946564574491,0.051762969141317956,-0.060608711965447266
3104,3.90625,-0.048355036156096536,0.0020506906213544895,0.04528455168547536,0.09367460620280624,0.048355036156096536,-0.04394338718394628
3105,1.5625,-0.0432846806470862,0.009647498732128192,0.09822168157860153,0.04968859234860085,0.0432846806470862,-0.05315223118985463
3106,3.90625,-0.04003625029894008,0.0022268079168224477,0.047189065648966265,0.0485338252906944,0.04003625029894008,-0.04180321990239616
3107,9.765625,-0.04067028094989758,0.0007754592306674351,0.0278470686189307,0.05491412057969822,0.04067028094989758,-0.0336999701666216
3108,3.90625,-0.04590559307510238,0.004091124016479496,0.06396189503508708,0.11232627374255723,0.04590559307510238,-0.050940602428860574
3109,1.5625,-0.051737424182414574,0.014346778533289955,0.11977803861013067,0.06807600372130647,0.051737424182414574,-0.07482523110874842
3110,3.90625,-0.048206899887007375,0.002449963333608385,0.049497104295184634,0.04621613030223815,0.048206899887007375,-0.05079872327170434
3111,9.765625,-0.045143113905530136,0.0006787809802303689,0.026053425498969784,0.09152795217248956,0.045143113905530136,-0.039514666252954245
3112,3.90625,-0.046682435903902815,0.0034191074368810836,0.05847313431723225,0.03254747310321437,0.046682435903902815,-0.05127539651138521
3113,9.765625,-0.045445216694526384,0.0007053982984078617,0.026559335428580695,0.05582325623945566,0.045445216694526384,-0.04189712392456016
3114,3.90625,-0.04329203942248044,0.0030233053450093453,0.05498459188726734,0.05461181854598304,0.04329203942248044,-0.05342517446069904
3115,9.765625,-0.04257001131097295,0.00057732400819315,0.024027567671180326,0.041019893067146346,0.04257001131097295,-0.04424907590349467
3116,3.90625,-0.04650878979500741,0.00289841020654922,0.05383688518617343,0.048026351398736296,0.04650878979500741,-0.05108603921240271
3117,9.765625,-0.04663516216763347,0.0005117939568043849,0.022622863585416965,0.04699070433348384,0.04663516216763347,-0.04245843772796407
3118,3.90625,-0.04696371876561315,0.002883928272011483,0.053702218501766597,0.02463159494724133,0.04696371876561315,-0.05095391862532928
3119,9.765625,-0.04536261922716833,0.0005575808013333224,0.023613148907617603,0.13367242627896175,0.04536261922716833,-0.041806567501904944
3120,3.90625,-0.04538346784512019,0.004011682622350647,0.06333784510346596,0.04170537652930526,0.04538346784512019,-0.052777765119802644
3121,9.765625,-0.04522167981298031,0.0007395935649573052,0.02719546956677353,0.06087567356341955,0.04522167981298031,-0.041538051560003154
3122,3.90625,-0.043082098896856026,0.004276482874393261,0.06539482299382161,0.06314240723303567,0.043082098896856026,-0.055234724332617
3123,9.765625,-0.04378505249497827,0.0006126601907627009,0.024751973472083008,0.033833747171626696,0.04378505249497827,-0.041965529382029576
3124,3.90625,-0.04342968882825951,0.002971103087035227,0.05450782592468009,0.0456026024578289,0.04342968882825951,-0.04945022972093594
3125,9.765625,-0.04345183064694134,0.0007247895277163703,0.026921915379786228,0.0472803440765986,0.04345183064694134,-0.0419484390050949
3126,3.90625,-0.047413062756432325,0.003484480671016432,0.05902948984208174,0.07026402421086206,0.047413062756432325,-0.05536574827620876
3127,9.765625,-0.04736012894118308,0.0006870719536432783,0.026212057409583062,0.06118289441171972,0.04736012894118308,-0.04221874858319704
3128,3.90625,-0.046893374308491345,0.0032512267253450872,0.057019529332896876,0.05794356281042949,0.046893374308491345,-0.05173569733784987
3129,9.765625,-0.04560441782885622,0.0006061502740556239,0.024620119294098148,0.061544368940914425,0.04560441782885622,-0.04108310955383379
3130,3.90625,-0.04350565756213749,0.003009441719297494,0.05485837875199644,0.035114921477435376,0.04350565756213749,-0.05120083041730591
3131,9.765625,-0.041642388594157864,0.0007136668598676967,0.02671454397641286,0.14837961738812014,0.041642388594157864,-0.03759155658188365
3132,3.90625,-0.044606808767432976,0.004209707199904935,0.06488225643351914,0.06363731949249518,0.044606808767432976,-0.05914954627082003
3133,9.765625,-0.045768315403158726,0.0005979976015934902,0.02445398948215792,0.08354533050408053,0.045768315403158726,-0.04196889151846127
3134,3.90625,-0.04557321387350462,0.0025156025512881523,0.05015578282998036,0.04688809244377736,0.04557321387350462,-0.05141305542196959
3135,9.765625,-0.04514350216977358,0.0004050314052633602,0.02012539205241379,0.0713086931170792,0.04514350216977358,-0.04183735704944003
3136,3.90625,-0.04584400674470818,0.003148269703410582,0.056109443977022104,0.04647229529453834,0.04584400674470818,-0.05393800020407664
3137,9.765625,-0.045579436653058615,0.0005961695773328266,0.024416584063558656,0.04587517285511635,0.045579436653058615,-0.044633397998812406
3138,3.90625,-0.045748674292653925,0.00229380628676086,0.0478936977770652,0.0499710054660832,0.045748674292653925,-0.05089980334702701
3139,9.765625,-0.04473992039250104,0.0004417080196629234,0.021016850850280197,0.04422479266792392,0.04473992039250104,-0.04290298823384056
3140,3.90625,-0.04389981521721427,0.0025666807996119383,0.05066241999363965,0.04574008451197514,0.04389981521721427,-0.05199380431321127
3141,9.765625,-0.04463783156441563,0.0003789490776342922,0.019466614436883783,0.04034134850955873,0.04463783156441563,-0.04410158793086635
3142,3.90625,-0.04463801929394086,0.0021425228652307404,0.04628739423677618,0.03807991428450391,0.04463801929394086,-0.05048708874029658
3143,9.765625,-0.04569445421215519,0.0003988128646214014,0.019970299562635543,0.052028775492094184,0.04569445421215519,-0.044263978372844966
3144,3.90625,-0.04803135573561087,0.00231743300428931,0.048139723766233954,0.057200027980924696,0.04803135573561087,-0.05013987247317642
3145,9.765625,-0.046425482469188116,0.00041620382193910106,0.020401074038861315,0.0530980839030422,0.046425482469188116,-0.042678112308605645
3146,3.90625,-0.04772894568078121,0.00300642845631659,0.05483090785603126,0.042042475511223476,0.04772894568078121,-0.05314593666520773
3147,9.765625,-0.04666835388244142,0.0004316566458459268,0.020776348231725583,0.05937833066224726,0.04666835388244142,-0.044853432294999794
3148,3.90625,-0.042584073737661224,0.00274459266795477,0.052388860151321964,0.06044504279564366,0.042584073737661224,-0.05255207013451367
3149,9.765625,-0.0427546689285733,0.0004545077394220877,0.02131918711916774,0.1220846964170221,0.0427546689285733,-0.0436086333919407
3150,3.90625,-0.048137164686937704,0.002168103926762629,0.04656290290309045,0.0838528927017594,0.048137164686937704,-0.05165650081642402
3151,1.5625,-0.053426070385810466,0.0074709789696686445,0.08643482498199812,0.04189465138929025,0.053426070385810466,-0.058662433484999166
3152,3.90625,-0.04912505067754366,0.0011665530871222164,0.034154839878445,0.08093031967407677,0.04912505067754366,-0.04641666225442065
3153,1.5625,-0.042137123933516415,0.004093181114361547,0.06397797366564173,0.05048145783750237,0.042137123933516415,-0.05214681097411263
3154,3.90625,-0.04345201788383667,0.0007246064925394535,0.026918515793770158,0.04995403489564959,0.04345201788383667,-0.045961185941200744
3155,1.5625,-0.04500533292571526,0.0028574099686382495,0.05345474692333927,0.028276315351744286,0.04500533292571526,-0.04912312273445584
3156,3.90625,-0.045491708876170274,0.0006267052081605918,0.02503408093301194,0.016620187254541712,0.045491708876170274,-0.046178441150782366
3157,9.765625,-0.0451634414400251,0.0002710499134290258,0.016463593575797048,0.1215784923204573,0.0451634414400251,-0.043424757490023794
3158,3.90625,-0.049033244603399764,0.0019670739327777324,0.04435170721378978,0.09206192170295452,0.049033244603399764,-0.04635286529513992
3159,1.5625,-0.04680455757587627,0.008730548725230564,0.09343740538580127,0.09628428389247645,0.04680455757587627,-0.05747224980142494
3160,3.90625,-0.04676798366362363,0.0019293305508438449,0.043924145419619094,0.0488649414039621,0.04676798366362363,-0.046034163422553585
3161,9.765625,-0.044996875155937185,0.000586316222468621,0.024213967507796426,0.08442697789193185,0.044996875155937185,-0.038680965415853655
3162,3.90625,-0.044719885619803855,0.0031318123857577403,0.0559625980969231,0.08131312090320801,0.044719885619803855,-0.04883514528135698
3163,1.5625,-0.05097738707677712,0.010519666071832214,0.1025654233737287,0.05833174030805798,0.05097738707677712,-0.0653595012686918
3164,3.90625,-0.048375971933991735,0.0022286648168991464,0.04720873665857991,0.0646651969084726,0.048375971933991735,-0.047910616669435024
3165,1.5625,-0.03613305852059068,0.0069263418155376824,0.08322464668316522,0.05702894720982527,0.03613305852059068,-0.054564504404885444
3166,3.90625,-0.03949739899920677,0.0012612961483718659,0.035514731427562084,0.06449837028180704,0.03949739899920677,-0.043556872314687856
3167,1.5625,-0.05367413398396705,0.005997340015583712,0.07744249489513953,0.1226497844963048,0.05367413398396705,-0.050819417775295486
3168,0.625,-0.06432004028461485,0.01743859579997048,0.13205527554766783,0.0384275005463793,0.06432004028461485,-0.05881199554817635
3169,1.5625,-0.06011402224504956,0.0038003049426760024,0.06164661339178335,0.039818485058976956,0.06011402224504956,-0.04915779848356928
3170,3.90625,-0.052162819209165774,0.001222176132812881,0.0349596357648772,0.14598466726297718,0.052162819209165774,-0.04342977260381537
3171,1.5625,-0.037857796165604196,0.0039000578551612124,0.06245044319427375,0.08938732352179331,0.037857796165604196,-0.047075895452011365
3172,0.625,-0.03037173939679733,0.01910521394470636,0.13822161171360417,0.045077826949392906,0.03037173939679733,-0.0589712929719802
3173,1.5625,-0.035798221208506516,0.004099194518306534,0.06402495231006841,0.02927742991970875,0.035798221208506516,-0.049637173069942586
3174,3.90625,-0.03877808183048189,0.001306403005984318,0.036144197404069135,0.0346563980299453,0.03877808183048189,-0.0426566764029003
3175,9.765625,-0.04312261801972282,0.0006406029714581326,0.025310135745549304,0.18189458352506507,0.04312261801972282,-0.03598674852724243
3176,3.90625,-0.04978688913950374,0.003506571981637071,0.05921631516429464,0.09799041198944458,0.04978688913950374,-0.05174414384669524
3177,1.5625,-0.05360824340712855,0.009770790438118074,0.0988473087044765,0.035861511623763345,0.05360824340712855,-0.06272255730975689
3178,3.90625,-0.05062438617792657,0.002025561480168497,0.04500623823614341,0.07143128307175184,0.05062438617792657,-0.04739137094339922
3179,1.5625,-0.046124112221600524,0.006158342335854822,0.07847510647240195,0.026560907044755902,0.046124112221600524,-0.05515344475228655
3180,3.90625,-0.04448441559509622,0.001087058904753066,0.03297057634851211,0.02643096975843787,0.04448441559509622,-0.04539081622669719
3181,9.765625,-0.044669768880586436,0.00045294638893095816,0.021282537182651842,0.02836624524465022,0.044669768880586436,-0.04029932131970726
3182,3.90625,-0.046203661764823135,0.0028042452451613213,0.05295512482433897,0.031182125730055497,0.046203661764823135,-0.05317097150647564
3183,9.765625,-0.04618260217594501,0.0006074148298734886,0.024645787264226084,0.039169522836061114,0.04618260217594501,-0.04109252753538514
3184,3.90625,-0.043916979307883165,0.0032630490866818467,0.057123104665991735,0.07483548164998229,0.043916979307883165,-0.05158033790066678
3185,1.5625,-0.04126573264156243,0.009897607515588693,0.0994867202976794,0.07680859814700351,0.04126573264156243,-0.05904242960314982
3186,3.90625,-0.04230554006867231,0.0016785561956177038,0.040970186668084684,0.03444151425066043,0.04230554006867231,-0.04650236553065895
3187,9.765625,-0.04362876817904154,0.0005814601125725776,0.02411348404052342,0.044026925218381474,0.04362876817904154,-0.039787921763817125
3188,3.90625,-0.04609020855773195,0.0036822507525674274,0.06068155199537523,0.05736825737797054,0.04609020855773195,-0.049925366957476264
3189,9.765625,-0.047603570109210784,0.0006650458380138941,0.025788482662108952,0.07747852956133126,0.047603570109210784,-0.04019537140070774
3190,3.90625,-0.041936968752851536,0.003880687296616621,0.06229516270639816,0.1254241762126911,0.041936968752851536,-0.05192092929161535
3191,1.5625,-0.041804094509299124,0.010934635701792815,0.10456880845545106,0.04096851486799929,0.041804094509299124,-0.06315722683519134
3192,3.90625,-0.044695451838017625,0.002200606954191356,0.046910627305455595,0.0802796566115168,0.044695451838017625,-0.04472399326531603
3193,1.5625,-0.04944289574727556,0.008477554701767854,0.09207363738751638,0.05282014695534234,0.04944289574727556,-0.057181370840905986
3194,3.90625,-0.04970958156201825,0.0013915150792898554,0.03730301702664082,0.06260494606789022,0.04970958156201825,-0.046775145949760316
3195,1.5625,-0.045688134782064,0.004201591847492199,0.0648196871906383,0.06355371178569151,0.045688134782064,-0.0493927516572617
3196,3.90625,-0.04498268310107646,0.0009285209142006533,0.03047164114714948,0.04525992949448716,0.04498268310107646,-0.04483091941613513
3197,1.5625,-0.04365284215093375,0.005119394825768534,0.071549946371528,0.030817993693905893,0.04365284215093375,-0.049356007684891054
3198,3.90625,-0.042531247546714855,0.0011664480294751988,0.034153301882471024,0.02560469651302295,0.042531247546714855,-0.04373094860507428
3199,9.765625,-0.04337464298504752,0.0004980477560252029,0.0223169835781004,0.06808178378979969,0.04337464298504752,-0.03932249565412041
3200,3.90625,-0.047769576654603386,0.0034236141650412963,0.05851165836857896,0.15466694148025864,0.047769576654603386,-0.05325508361299966
3201,1.5625,-0.05481397368932928,0.009534968230791323,0.09764716191877429,0.0531112402003556,0.05481397368932928,-0.06113226428127025
3202,3.90625,-0.04937411930560513,0.0016620320755494347,0.040768027614166404,0.06006813669426232,0.04937411930560513,-0.048016619688398626
3203,1.5625,-0.04251445829994073,0.004879875992751071,0.06985610920135096,0.04004942921156688,0.04251445829994073,-0.05182392652654388
3204,3.90625,-0.04306114601902825,0.001037051638836636,0.03220328614965615,0.020702993032159236,0.04306114601902825,-0.04490750373047686
3205,9.765625,-0.04349550639293751,0.00042656201243234,0.020653377748744636,0.0724356113999178,0.04349550639293751,-0.038559240527166985
3206,3.90625,-0.048448098448022205,0.003583297210416049,0.05986064826257772,0.07568149686610806,0.048448098448022205,-0.052651884304530855
3207,1.5625,-0.04879756460395169,0.008865821064693687,0.09415848907397403,0.039838121535175144,0.04879756460395169,-0.06085035265001124
3208,3.90625,-0.044789802542945144,0.0017264991637812026,0.041551163206114974,0.053523946719873386,0.044789802542945144,-0.045763728915095496
3209,1.5625,-0.047236714685018645,0.006205506502270131,0.0787750373041494,0.026003086247544088,0.047236714685018645,-0.052752486071038135
3210,3.90625,-0.045191128934233105,0.001352021079746806,0.03676983926735071,0.055475212651483946,0.045191128934233105,-0.042788738795931716
3211,1.5625,-0.049434341349667295,0.004769696742877036,0.06906299112315537,0.027820374226854107,0.049434341349667295,-0.0499758598119104
3212,3.90625,-0.047281076270022926,0.0013483936461986808,0.03672047992876292,0.0326782289508759,0.047281076270022926,-0.04484143068170542
3213,9.765625,-0.0447781641253168,0.0004777019560780078,0.021856393940401234,0.08381570250205643,0.0447781641253168,-0.03899784458141527
3214,3.90625,-0.043456361753874836,0.0031477210253950056,0.05610455440866637,0.03263187336890904,0.043456361753874836,-0.04732360288225184
3215,9.765625,-0.04292657321665222,0.0006523280530365687,0.025540713636008072,0.07922120618937929,0.04292657321665222,-0.038701625582291864
3216,3.90625,-0.04453346345499511,0.003383540229308563,0.05816820634426132,0.0573146357225796,0.04453346345499511,-0.05233562195918839
3217,9.765625,-0.044136855255955176,0.0005777526421076279,0.02403648564386291,0.031077253693176665,0.044136855255955176,-0.041666580405934545
3218,3.90625,-0.04676517078975852,0.0037584173893841066,0.061305932742142556,0.12404530664938218,0.04676517078975852,-0.05833351744255251
3219,1.5625,-0.05174139233760853,0.011768824513163655,0.10848421319788264,0.044420333279890034,0.05174139233760853,-0.06668044510821901
3220,3.90625,-0.04986239155670412,0.0021639951084352106,0.046518760822223226,0.05161162313199511,0.04986239155670412,-0.04788962767637253
3221,9.765625,-0.04693641029062256,0.0005525108582840516,0.023505549520997197,0.10522759702505115,0.04693641029062256,-0.040861089435243435
3222,3.90625,-0.044210329219336486,0.00215688755636216,0.04644230352127422,0.06895252309133462,0.044210329219336486,-0.04796897131416902
3223,1.5625,-0.04446739519005538,0.009613570605001637,0.09804881745845606,0.048605919697602175,0.04446739519005538,-0.059436095007009956
3224,3.90625,-0.04254300215780607,0.0017323266216921849,0.04162122801758959,0.04434031083265665,0.04254300215780607,-0.04833113615662504
3225,9.765625,-0.04277032743653162,0.0005447410797439582,0.023339688938457562,0.03265882146763565,0.04277032743653162,-0.0394278570841575
3226,3.90625,-0.0460460014547324,0.003472494305555707,0.058927873757295086,0.06300973161275174,0.0460460014547324,-0.0504771706091464
3227,9.765625,-0.0460500932115774,0.0006480615485379862,0.02545705302147101,0.04255487527526567,0.0460500932115774,-0.04066255640076647
3228,3.90625,-0.04643095612158257,0.0029577640738871055,0.05438532958332702,0.0383752286883685,0.04643095612158257,-0.052824598384703755
3229,9.765625,-0.04551823337977607,0.0005660777681053891,0.02379238886924533,0.12825337442262444,0.04551823337977607,-0.042649619889163846
3230,3.90625,-0.0426585632668869,0.002590752449506498,0.050899434667847715,0.05806811287509604,0.0426585632668869,-0.05160372243499653
3231,9.765625,-0.04342944944932753,0.0005079463237864667,0.02253766455927647,0.03676739472777107,0.04342944944932753,-0.041975365056928206
3232,3.90625,-0.04481817831992851,0.0030354418994664473,0.05509484458156178,0.05597745927352159,0.04481817831992851,-0.051133228874085425
3233,9.765625,-0.04443817580798868,0.0007251236490398811,0.02692812004280806,0.06557741432022961,0.04443817580798868,-0.04347028298127147
3234,3.90625,-0.04741647873747811,0.0032986648106369068,0.05743400395790726,0.14547174158040424,0.04741647873747811,-0.052929349578626994
3235,1.5625,-0.04527234393070432,0.007331285627837279,0.0856229269987734,0.03514156246660972,0.04527234393070432,-0.05826688235419307
3236,3.90625,-0.04532961511527619,0.0014447205312126542,0.03800947949147231,0.05661631983942143,0.04532961511527619,-0.04645275329363517
3237,1.5625,-0.04476355998845816,0.005467759321918936,0.07394429877900618,0.09298350078456942,0.04476355998845816,-0.05207631518155564
3238,0.625,-0.05548130811403835,0.017643205531182073,0.13282772877370927,0.08573707438174001,0.05548130811403835,-0.05834677968356077
3239,1.5625,-0.051351406210514816,0.003999896858762194,0.06324473779503077,0.047881004099092746,0.051351406210514816,-0.04793836221595264
3240,3.90625,-0.04647028138883611,0.0011652081300822458,0.03413514508658555,0.05571400643309418,0.04647028138883611,-0.04316438229949612
3241,1.5625,-0.04183580644133046,0.006172134072725025,0.07856293065259866,0.03700049737074221,0.04183580644133046,-0.052107469356296864
3242,3.90625,-0.04274253218286006,0.0011589941950390578,0.03404400380447426,0.0322476563063722,0.04274253218286006,-0.04539228265073076
3243,9.765625,-0.04361716212122289,0.00040168733839327094,0.020042139067306935,0.048371464716551925,0.04361716212122289,-0.041327411422210775
3244,3.90625,-0.04614456592832682,0.001990417769758498,0.0446140983295471,0.04039632290472405,0.04614456592832682,-0.051721279021610916
3245,9.765625,-0.04654863858954215,0.00043872414935424933,0.02094574298883306,0.022366343880475342,0.04654863858954215,-0.04301607601440309
3246,24.4140625,-0.045462200503708174,0.00021385490043472283,0.014623778596338323,0.2143033657821267,0.045462200503708174,-0.03759909700409188
3247,9.765625,-0.04482903169794945,0.0015926578016830025,0.039908116989943315,0.0399274689774632,0.04482903169794945,-0.053192452991598735
3248,24.4140625,-0.04377074971572633,0.0002760858891808224,0.016615832485338267,0.08146337931507984,0.04377074971572633,-0.03706508815584888
3249,9.765625,-0.04345403130533686,0.0013537806537680021,0.0367937583533947,0.16100294787267647,0.04345403130533686,-0.048310596777413096
3250,3.90625,-0.04619804911779877,0.00584901373609363,0.07647884502327183,0.05006869779347071,0.04619804911779877,-0.07566261208036623
3251,9.765625,-0.04481022156023084,0.0010606680190948248,0.032567898598080056,0.11191661208021057,0.04481022156023084,-0.046640209565445616
3252,3.90625,-0.0451800376586368,0.003428739574721562,0.0585554401804099,0.028051057517886425,0.0451800376586368,-0.05439666513883745
3253,9.765625,-0.043927947952950124,0.000574106087100374,0.023960510994141464,0.057210850386250685,0.043927947952950124,-0.04165931778619226
3254,3.90625,-0.04348366144199086,0.003410111667677236,0.058396161412178765,0.05425560597983578,0.04348366144199086,-0.056957299581182036
3255,9.765625,-0.04379372115154154,0.0005524950555636966,0.023505213369882365,0.06408997645325143,0.04379372115154154,-0.04369610416515081
3256,3.90625,-0.04356827152966963,0.0024603228691140746,0.04960164179857431,0.030771856811741407,0.04356827152966963,-0.0500571684936271
3257,9.765625,-0.04429903390087669,0.0005563211680947337,0.02358646154247673,0.038651145124964634,0.04429903390087669,-0.042200399509310454
3258,3.90625,-0.04886933163725854,0.0033364333183426922,0.05776186733774015,0.071993698143076,0.04886933163725854,-0.0550400028250157
3259,9.765625,-0.04809910652304969,0.0005262996569111835,0.022941221783313624,0.0526687845882305,0.04809910652304969,-0.04292161576210334
3260,3.90625,-0.0461281441980143,0.0022221252311822957,0.04713942332254708,0.0950034239293668,0.0461281441980143,-0.04946629934069911
3261,1.5625,-0.04345682940309527,0.008770435197516243,0.0936506016932953,0.06724657730661748,0.04345682940309527,-0.059315134116844526
3262,3.90625,-0.04331208993078319,0.0016300507811704448,0.040373887367585064,0.03980502333280997,0.04331208993078319,-0.047468992212535505
3263,9.765625,-0.04461341971283191,0.0005509878739437416,0.023473130893507613,0.08965018365174347,0.04461341971283191,-0.0387812022633979
3264,3.90625,-0.04429515046121097,0.003292521696417834,0.05738049926950648,0.04792955900592321,0.04429515046121097,-0.052016748436336295
3265,9.765625,-0.0443534053509814,0.0006496013689654789,0.025487278571190746,0.03932889240386061,0.0443534053509814,-0.04201699586867106
3266,3.90625,-0.04766862998229419,0.003644648222154167,0.06037092199191733,0.04899322379852527,0.04766862998229419,-0.05391692642016627
3267,9.765625,-0.04608025732879514,0.0005859879145627983,0.024207187250128798,0.058387546735703975,0.04608025732879514,-0.04140298868345737
3268,3.90625,-0.04240345043078725,0.003764030173993899,0.06135169251124128,0.04890096293811916,0.04240345043078725,-0.05356251633092844
3269,9.765625,-0.04336875947003666,0.0007119398982961166,0.026682201901194674,0.04233497840225305,0.04336875947003666,-0.041694869284718224
3270,3.90625,-0.04679119284995606,0.002852731095331242,0.05341096418649678,0.05464327172509166,0.04679119284995606,-0.049198193591993136
3271,9.765625,-0.04718875064645211,0.0005641479454864126,0.02375179878422711,0.031194700274629682,0.04718875064645211,-0.03973424934449755
3272,3.90625,-0.04353259056262638,0.0037497605541057313,0.06123528847082972,0.1436520313867584,0.04353259056262638,-0.059552965506006125
3273,1.5625,-0.045345901114519915,0.007724212463690497,0.08788749890451142,0.03397271571564057,0.045345901114519915,-0.06144234972502049
3274,3.90625,-0.04502475462635784,0.0012630428047701744,0.03553931351011404,0.06378177064785442,0.04502475462635784,-0.04837394389752491
3275,1.5625,-0.041942102639669784,0.004918976126208456,0.0701354127827623,0.029251577602321003,0.041942102639669784,-0.05129938825302899
3276,3.90625,-0.043705303141453405,0.0009596867845275553,0.030978811864362313,0.05488639712406269,0.043705303141453405,-0.04526046168575832
3277,1.5625,-0.05163438965931416,0.005991076651304763,0.07740204552403485,0.05346547324889883,0.05163438965931416,-0.05196944247058094
3278,3.90625,-0.049428013139642284,0.001167099414337496,0.034162836743126236,0.04334585655487278,0.049428013139642284,-0.04584152597335464
3279,1.5625,-0.04397761950158819,0.004648473300421585,0.068179713261509,0.09383608376040022,0.04397761950158819,-0.050318748720489775
3280,0.625,-0.03769433695908924,0.01725811792481071,0.1313701561421418,0.02115065621300277,0.03769433695908924,-0.05601944487716182
3281,1.5625,-0.041670358524876654,0.003596277674357209,0.059968972597145676,0.047166380544034436,0.041670358524876654,-0.04702417038083476
3282,3.90625,-0.04555407718928563,0.0017002995898255258,0.041234689156407205,0.05234786983765501,0.04555407718928563,-0.04181004415253205
3283,1.5625,-0.046825161250487066,0.008651565828875593,0.09301379375595639,0.023703122628270148,0.046825161250487066,-0.05613834852648185
3284,3.90625,-0.04570278793458236,0.0010068816706647933,0.03173139881355364,0.04117552399540974,0.04570278793458236,-0.045027253800210554
3285,1.5625,-0.04761268468867249,0.004206657924383204,0.06485875364500311,0.05963230330789953,0.04761268468867249,-0.05100375927903945
3286,3.90625,-0.047197309580093896,0.0009356015680568037,0.030587604810720367,0.025803782558677362,0.047197309580093896,-0.04502060721243076
3287,9.765625,-0.04548182572575535,0.00041406553338263784,0.020348600280673798,0.056319520808852434,0.04548182572575535,-0.03942599433248039
3288,3.90625,-0.04269761988371466,0.003475612693096755,0.0589543271787301,0.07781363185978911,0.04269761988371466,-0.05018883123850124
3289,1.5625,-0.052140312056456785,0.010468790653223328,0.10231710831148097,0.0736384266139809,0.052140312056456785,-0.06029567892983605
3290,3.90625,-0.048748696920498574,0.0019623172689278395,0.04429805039646598,0.08819527038611352,0.048748696920498574,-0.04490182478164545
3291,1.5625,-0.04298853977465163,0.002586161446352843,0.050854315906841606,0.07435149956462077,0.04298853977465163,-0.03749649108027557
3292,0.625,-0.031256498708593136,0.026541018059962916,0.1629141432164897,0.05075068422124391,0.031256498708593136,-0.06755028610808135
3293,1.5625,-0.03722679516340721,0.006039291321166469,0.07771287744747629,0.056229566435774286,0.03722679516340721,-0.05379965308171889
3294,3.90625,-0.0405699794904382,0.0014630645622929032,0.038250026958067666,0.07342609065726965,0.0405699794904382,-0.04557925713569544
3295,1.5625,-0.05162975902547439,0.004793419601616472,0.06923452608068081,0.05125962344372539,0.05162975902547439,-0.051538475960820986
3296,3.90625,-0.05111552192057276,0.0010880695720214364,0.032985899593939175,0.018943293853940977,0.05111552192057276,-0.04538884577193891
3297,9.765625,-0.047125247457174495,0.00044768954740985424,0.021158675464448485,0.10009319416843004,0.047125247457174495,-0.03983579171362531
3298,3.90625,-0.04329011389672354,0.003303055747848424,0.057472217182290994,0.0798262993761884,0.04329011389672354,-0.05106721187759803
3299,1.5625,-0.04196149113657248,0.009771262214188291,0.09884969506370918,0.032625410578806316,0.04196149113657248,-0.06115021985210084
3300,3.90625,-0.04281174279240564,0.0019147424705647394,0.04375777040212103,0.03168815208652417,0.04281174279240564,-0.04394914137658107
3301,9.765625,-0.042755170015160174,0.0007213952375654627,0.026858801863922796,0.060667737968699655,0.042755170015160174,-0.03645386373959061
3302,3.90625,-0.04543258208163202,0.004003842789870994,0.06327592583179636,0.06620422911301695,0.04543258208163202,-0.05171738071315142
3303,9.765625,-0.04581925149660001,0.0006694481234101532,0.025873695588573217,0.051629715386802166,0.04581925149660001,-0.03967812352980918
3304,3.90625,-0.04679105530020484,0.0031931461349273237,0.0565079298411057,0.03502508995167953,0.04679105530020484,-0.0529331671556851
3305,9.765625,-0.045800224929802395,0.0006738697052197961,0.02595900046650094,0.07732203513397831,0.045800224929802395,-0.04157305431759153
3306,3.90625,-0.04353530195796321,0.0031204909815607234,0.05586135499216541,0.08598551963992174,0.04353530195796321,-0.0523170304050047
3307,1.5625,-0.0471666104530064,0.009823512122167402,0.09911363237298591,0.052652787016092086,0.0471666104530064,-0.061116808216162465
3308,3.90625,-0.043310280426202934,0.001955241886709074,0.04421811717734117,0.052901623335960685,0.043310280426202934,-0.04775413623675845
3309,9.765625,-0.043112338421722164,0.000697016595044818,0.0264010718540899,0.07703361057565089,0.043112338421722164,-0.03846028862315597
3310,3.90625,-0.04419506530742103,0.003987573250563871,0.06314723470243072,0.0566888921387214,0.04419506530742103,-0.050902212769014514
3311,9.765625,-0.045302654660107786,0.000741047819266693,0.027222193505790325,0.06826993599803602,0.045302654660107786,-0.0395665011105773
3312,3.90625,-0.04439503451291638,0.004651564971015947,0.06820238244384097,0.09942718240815353,0.04439503451291638,-0.05032858673333197
3313,1.5625,-0.0472356376220168,0.015187492112110469,0.12323754343588024,0.04534428956058479,0.0472356376220168,-0.06921110864518021
3314,3.90625,-0.044763178086917745,0.0029149813326861977,0.05399056707135236,0.13410865556663032,0.044763178086917745,-0.04569579225296815
3315,1.5625,-0.03910722691476786,0.01006478459053585,0.10032340001483128,0.07221754744610026,0.03910722691476786,-0.05931475310698049
3316,3.90625,-0.0421058715087553,0.0018458122078023036,0.0429629166584661,0.08006797554245938,0.0421058715087553,-0.04402957012749775
3317,1.5625,-0.048408016989748566,0.007516640309475877,0.0866985600196213,0.047748261261352246,0.048408016989748566,-0.05233805832554608
3318,3.90625,-0.04989381386443921,0.0013945239568221393,0.03734332546549837,0.03256558862153296,0.04989381386443921,-0.04441428953929161
3319,9.765625,-0.0478115878228501,0.0004468731835917595,0.021139375193977693,0.08946253590293249,0.0478115878228501,-0.03750074529405146
3320,3.90625,-0.04376647117833663,0.002850083241452436,0.05338617088209676,0.08471714957727261,0.04376647117833663,-0.04549353076408899
3321,1.5625,-0.03875480466818295,0.012795849687892888,0.11311874154132412,0.036053613000827094,0.03875480466818295,-0.06619282866733392
3322,3.90625,-0.03850073665391707,0.002275395098508267,0.047701101648790746,0.0488514806844167,0.03850073665391707,-0.04936335013578064
3323,9.765625,-0.04023426172808093,0.0008403116664308384,0.028988129750483014,0.08048677734587002,0.04023426172808093,-0.041061787117781155
3324,3.90625,-0.05280305166636463,0.0033313186955312877,0.05771757700676015,0.23472394612238853,0.05280305166636463,-0.051544999518217643
3325,1.5625,-0.06185136346421685,0.008820717608468219,0.09391867550422663,0.09687906843795996,0.06185136346421685,-0.054363135585971
3326,3.90625,-0.053016968361005994,0.002098564897771541,0.04581009602447413,0.11990769763106882,0.053016968361005994,-0.0478589334294447
3327,1.5625,-0.03979053226279126,0.008491092235661217,0.09214712277473028,0.05703725965501667,0.03979053226279126,-0.05905438263459638
3328,3.90625,-0.04042624229053923,0.001452115494550783,0.03810663320933487,0.020640234583000207,0.04042624229053923,-0.04723744266150978
3329,9.765625,-0.04265931604472527,0.0004942428732318413,0.022231573791161103,0.07053474873191187,0.04265931604472527,-0.03977518187509376
3330,3.90625,-0.04499698077912723,0.002878925461945315,0.05365561910876917,0.08677641985348694,0.04499698077912723,-0.04988082852677118
3331,1.5625,-0.05257548267335927,0.008925091736838486,0.09447270366004397,0.05265024249919356,0.05257548267335927,-0.0625885787308818
3332,3.90625,-0.04996104830315851,0.0014484568569430138,0.038058597674415356,0.03275641074724327,0.04996104830315851,-0.04855625462730494
3333,9.765625,-0.04786815828296817,0.00048631657569582156,0.02205258659876028,0.0592047702128347,0.04786815828296817,-0.04167829250977867
3334,3.90625,-0.04213914661673057,0.002821650827367548,0.053119213354186144,0.09257883723315992,0.04213914661673057,-0.05187869056327987
3335,1.5625,-0.043105776592894746,0.00529451586213952,0.07276342393084262,0.019905013659479647,0.043105776592894746,-0.05636918943493463
3336,3.90625,-0.04302192300429836,0.0011200169297961283,0.03346665399761572,0.017568138111828516,0.04302192300429836,-0.04699662376460479
3337,9.765625,-0.043654444329700434,0.0004758673395539078,0.02181438377662564,0.03221225755172365,0.043654444329700434,-0.03989378528059147
3338,3.90625,-0.04776857225633038,0.0033919870820438044,0.0582407682130293,0.05620861267870896,0.04776857225633038,-0.050532440440701126
3339,9.765625,-0.046754454773290884,0.0006828210281503903,0.02613084438265228,0.038452017722696394,0.046754454773290884,-0.04007321746078164
3340,3.90625,-0.04370245656778485,0.003459128544755288,0.05881435662111155,0.06427752543296479,0.04370245656778485,-0.05058783506789677
3341,9.765625,-0.04464600854932503,0.0007719708408627688,0.0277843632437882,0.047720637512916525,0.04464600854932503,-0.04186588960849302
3342,3.90625,-0.044424923065185314,0.004322383405639221,0.06574483558150572,0.032420637321473794,0.044424923065185314,-0.05746213350533291
3343,9.765625,-0.04461539366784455,0.0006681477322567923,0.025848553774956005,0.026899903742919534,0.04461539366784455,-0.0428601664973722
3344,24.4140625,-0.043768738593818225,0.00022425378382167488,0.014975105469467481,0.0698920465552101,0.043768738593818225,-0.03469834930160625
3345,9.765625,-0.04288922980511381,0.0020385204282390833,0.04514997705690539,0.11147571508007013,0.04288922980511381,-0.05173950421380048
3346,3.90625,-0.04155204841145477,0.005586518685582329,0.0747430176376518,0.05063671131266556,0.04155204841145477,-0.0659283506326229
3347,9.765625,-0.04307560511993978,0.0009063324063725906,0.030105355111218843,0.05488640873977615,0.04307560511993978,-0.044053773720066886
3348,3.90625,-0.04808338679004832,0.0033442240976041962,0.057829266791168954,0.07163921690243863,0.04808338679004832,-0.05343831249393796
3349,9.765625,-0.04835746227387295,0.0006634139082025772,0.025756822556413615,0.031476829636944814,0.04835746227387295,-0.04152017801628827
3350,24.4140625,-0.045774896925840775,0.00023927810979762723,0.015468616932280249,0.1609946323327863,0.045774896925840775,-0.03433365576002891
3351,9.765625,-0.04149723882402968,0.0020914903959944695,0.045732815307987215,0.1512912440108674,0.04149723882402968,-0.049599643772533675
3352,3.90625,-0.03875807643796865,0.006673042198101093,0.0816886907601113,0.08476674193936545,0.03875807643796865,-0.07194318484712811
3353,9.765625,-0.04021351854065649,0.0012363642689688708,0.035161971915250584,0.053640571664489926,0.04021351854065649,-0.04288237951837726
3354,3.90625,-0.04446752779274953,0.005693022646676992,0.07545212155186222,0.06203128717214077,0.04446752779274953,-0.06484855510914656
3355,9.765625,-0.045088680074998666,0.000890064714773594,0.02983395238270642,0.03574197103841257,0.045088680074998666,-0.04242248876905894
3356,24.4140625,-0.044243165660991166,0.0003381891602919438,0.018389920073016736,0.1058831099354775,0.044243165660991166,-0.030388553926916917
3357,9.765625,-0.0424426948673602,0.001913082309113633,0.04373879638391565,0.14520610827568903,0.0424426948673602,-0.04842128667485736
3358,3.90625,-0.042583106732152334,0.011187066674921625,0.10576893057472797,0.05200302559960705,0.042583106732152334,-0.08547360347527078
3359,9.765625,-0.04146039582198834,0.0016103930604847148,0.04012970297030262,0.07399389413725828,0.04146039582198834,-0.048210914896554755
3360,3.90625,-0.04505870466012772,0.005230324480439221,0.07232098229725051,0.04652057007362834,0.04505870466012772,-0.05767323844187913
3361,9.765625,-0.04498988382641193,0.000936746704932099,0.030606318055788728,0.05956350891385902,0.04498988382641193,-0.03880603306411434
3362,3.90625,-0.04327508667691016,0.005431631820864007,0.07369960529652793,0.07611006255253769,0.04327508667691016,-0.058921838385859786
3363,9.765625,-0.04326310424608356,0.000857773255196844,0.02928776630603372,0.046267905835181665,0.04326310424608356,-0.03959416490839871
3364,3.90625,-0.04570230714272127,0.0034712971566245054,0.05891771513411315,0.04195139013210211,0.04570230714272127,-0.05762777557802329
3365,9.765625,-0.04525142972991456,0.0007278739851523255,0.02697913981490747,0.07160541676368247,0.04525142972991456,-0.041636106864237354
3366,3.90625,-0.04432331911678408,0.0041447245693600155,0.06437953533041393,0.06779687022791757,0.04432331911678408,-0.05623778979653704
3367,9.765625,-0.04494730100496999,0.0008347939198067001,0.028892800483973514,0.07815158039791414,0.04494730100496999,-0.04221150013669415
3368,3.90625,-0.04652668753220228,0.003075796071256128,0.05545986000032932,0.04352510458602067,0.04652668753220228,-0.05632378468780075
3369,9.765625,-0.04467607817279125,0.0007950635289647645,0.028196870907332333,0.23526963484192043,0.04467607817279125,-0.039572099006774476
3370,3.90625,-0.045498492829539806,0.003633418608320619,0.06027784508690252,0.04698324250464115,0.045498492829539806,-0.05579809587370948
3371,9.765625,-0.04527023097855025,0.000610292208833876,0.024704092957116962,0.11285153299954236,0.04527023097855025,-0.04093188744148775
3372,3.90625,-0.04558049473976191,0.003818503323293473,0.061794039545036004,0.052374255908987095,0.04558049473976191,-0.061057599117375794
3373,9.765625,-0.0440777763684688,0.0006849616730061575,0.02617177244678238,0.09861019620812657,0.0440777763684688,-0.045616256535229
3374,3.90625,-0.045695568713970326,0.002617583895031291,0.05116232886637678,0.04691357846558753,0.045695568713970326,-0.04970318005440798
3375,9.765625,-0.04590177427630791,0.0005807874851623572,0.02409953288265889,0.032215783840253316,0.04590177427630791,-0.0412170619632081
3376,3.90625,-0.04629458345515769,0.0031100336006752737,0.05576767523104467,0.0509253871018651,0.04629458345515769,-0.05433488633215211
3377,9.765625,-0.045832765974021465,0.0006297411103053168,0.025094643059930477,0.05219360571023168,0.045832765974021465,-0.04191896740233489
3378,3.90625,-0.04453824367263087,0.003387706366447574,0.05820400644670068,0.07913547454609343,0.04453824367263087,-0.05324979561733023
3379,1.5625,-0.03859257212718567,0.008217093226336424,0.09064818380053967,0.10654049884181095,0.03859257212718567,-0.05767531039195584
3380,3.90625,-0.04190254960911001,0.001995449045281312,0.0446704493516834,0.07113165019181462,0.04190254960911001,-0.04733351531037189
3381,1.5625,-0.049204106035697685,0.00744163674938687,0.08626492189405187,0.04326342292446464,0.049204106035697685,-0.05677039398778557
3382,3.90625,-0.04894485451501263,0.0011846598217270122,0.03441888757247991,0.028239114863491094,0.04894485451501263,-0.04622619207279978
3383,9.765625,-0.0464361390727656,0.00043054813919394977,0.02074965395359522,0.08250555135693838,0.0464361390727656,-0.039769501866863066
3384,3.90625,-0.041367258469187235,0.002302502097503047,0.04798439431214118,0.06270926564804975,0.041367258469187235,-0.046948164185036945
3385,1.5625,-0.04513652250716938,0.011889661961874212,0.10903972653062832,0.050173443835044546,0.04513652250716938,-0.06527455681663705
3386,3.90625,-0.04458785028045776,0.0017111283725599323,0.04136578746452112,0.06305979663582845,0.04458785028045776,-0.04583315055762061
3387,1.5625,-0.04731932731010592,0.007355743124478099,0.08576562903913257,0.022707472159221854,0.04731932731010592,-0.05376914317297463
3388,3.90625,-0.04666898789822706,0.0017233354118088439,0.04151307519094248,0.02775502460174223,0.04666898789822706,-0.043415146376936616
3389,9.765625,-0.04478891279187241,0.0006652976636934527,0.025793364722219794,0.05954790184579515,0.04478891279187241,-0.03539330759882482
3390,3.90625,-0.04546839503627082,0.0046899881802913174,0.06848348837706296,0.09443432509868352,0.04546839503627082,-0.051833083822646085
3391,1.5625,-0.042686886863467687,0.01296432267681825,0.1138609796059135,0.052731604275424206,0.042686886863467687,-0.07013466908005603
3392,3.90625,-0.044302133437457134,0.0022181689011955426,0.0470974404951643,0.043517599713859136,0.044302133437457134,-0.048491121838276335
3393,9.765625,-0.04330150581376471,0.0007258461529386414,0.026941532119362503,0.03934809859567968,0.04330150581376471,-0.03691733974197118
3394,3.90625,-0.04861102527746299,0.004629624608215149,0.06804134484425738,0.09330685323955408,0.04861102527746299,-0.052151553291938546
3395,1.5625,-0.04676444830137365,0.012777615976386637,0.1130381173604136,0.0369435475912226,0.04676444830137365,-0.06824360732863649
3396,3.90625,-0.045280534849127085,0.001954462665065238,0.04420930518641113,0.050165415103152866,0.045280534849127085,-0.0472197345005995
3397,9.765625,-0.04513118356793758,0.0007942941770098883,0.02818322509951422,0.040347788430412417,0.04513118356793758,-0.0380477001548325
3398,3.90625,-0.04308323120979326,0.0040972658996362675,0.06400988907689395,0.0462344109487507,0.04308323120979326,-0.05447552616500747
3399,9.765625,-0.043224689667104466,0.0008395148393761085,0.028974382467554138,0.04948365292393682,0.043224689667104466,-0.04039569021891658
3400,3.90625,-0.04927793287392724,0.0036975796737986587,0.06080772708956205,0.07172538346199726,0.04927793287392724,-0.05287600644401113
3401,9.765625,-0.04848394304286714,0.0007245242040857731,0.026916987277289653,0.059547083445182586,0.04848394304286714,-0.04109882162941863
3402,3.90625,-0.04299351968131002,0.004045079192550326,0.06360093704144874,0.06057990740497541,0.04299351968131002,-0.057632180555948515
3403,9.765625,-0.04329083629026179,0.0006873518164775523,0.0262173953030722,0.03389271606809008,0.04329083629026179,-0.04187655861788636
3404,3.90625,-0.04441344169440223,0.002415346016224976,0.04914616990392004,0.02880030432158342,0.04441344169440223,-0.04975507473892849
3405,9.765625,-0.04437695104151709,0.0007225346624890003,0.02688000488260745,0.038402616360369866,0.04437695104151709,-0.041311116955146776
3406,3.90625,-0.04662255323439124,0.00399191145411287,0.06318157527406917,0.05885967340625691,0.04662255323439124,-0.05750418967477455
3407,9.765625,-0.04529306842276335,0.0006964804133437011,0.026390915356305875,0.047554164078588035,0.04529306842276335,-0.04257275960133853
3408,3.90625,-0.0441322476482156,0.0031527476447436543,0.056149333430982544,0.02314264241604104,0.0441322476482156,-0.05377052265163818
3409,9.765625,-0.044713884913494435,0.000500902849106074,0.022380858989459587,0.03314972677942953,0.044713884913494435,-0.041960400029455495
3410,3.90625,-0.04363857951771863,0.0027563948519499547,0.05250137952425588,0.030789544251214808,0.04363857951771863,-0.048396604918369085
3411,9.765625,-0.044375111718729196,0.0006933196858994981,0.026330964393646846,0.044589498541272414,0.044375111718729196,-0.04020040264820089
3412,3.90625,-0.04555369055211426,0.003948350805781046,0.0628359037953704,0.05667291240589274,0.04555369055211426,-0.054536794745109474
3413,9.765625,-0.045015470496196454,0.0007958180401777604,0.02821024707757379,0.04376058169235585,0.045015470496196454,-0.04124668707044547
3414,3.90625,-0.044689051128323526,0.003252281183274608,0.05702877504623966,0.11273778223846205,0.044689051128323526,-0.05325936967909976
3415,1.5625,-0.048011693448541094,0.010359653668734245,0.10178238388215441,0.0350795312028023,0.048011693448541094,-0.06539867645407135
3416,3.90625,-0.04597612562897256,0.0018474793398279691,0.04298231426794012,0.032032956254402625,0.04597612562897256,-0.047573387652801225
3417,9.765625,-0.04433628029445904,0.0006476108800757117,0.02544819993782884,0.055732055105789734,0.04433628029445904,-0.038558808579320356
3418,3.90625,-0.044717501608146,0.0035745229284107737,0.05978731410935579,0.05786153600586804,0.044717501608146,-0.052006415834033155
3419,9.765625,-0.044494633761772956,0.0007196056472021016,0.026825466393002408,0.04351848352882122,0.044494633761772956,-0.04031016883358427
3420,3.90625,-0.04424707830419035,0.00398998328948719,0.06316631451562764,0.03310359888034827,0.04424707830419035,-0.05774056050285787
3421,9.765625,-0.04454640926597632,0.000690260634252727,0.026272811692940802,0.15332462827283705,0.04454640926597632,-0.04151872224897543
3422,3.90625,-0.04658021696173955,0.0030683253743358147,0.05539246676521831,0.045613999201434385,0.04658021696173955,-0.049054791633208375
3423,9.765625,-0.04546242117247233,0.000622987198649502,0.024959711509741092,0.04663286371587497,0.04546242117247233,-0.04129584773003314
3424,3.90625,-0.04051943081339547,0.0035205074218588807,0.05933386403950851,0.08961997773048594,0.04051943081339547,-0.05478109583838407
3425,1.5625,-0.04149738275287134,0.009719843221440531,0.09858926524445008,0.05645995514994354,0.04149738275287134,-0.06254114556038903
3426,3.90625,-0.041910508424248316,0.0020339073116319903,0.04509886153365726,0.024918847197475925,0.041910508424248316,-0.04532795088764085
3427,9.765625,-0.04351061678647568,0.0007133431058138609,0.026708483779762957,0.1243024047619158,0.04351061678647568,-0.03771830049582994
3428,3.90625,-0.0492255259081262,0.003907088667533719,0.06250670898018643,0.10092196086084299,0.0492255259081262,-0.05243213937057246
3429,1.5625,-0.05558922409050953,0.012988241135505162,0.11396596481189093,0.07494454686000852,0.05558922409050953,-0.06541286683958533
3430,3.90625,-0.04855986215240714,0.0021444046922889774,0.046307717416095746,0.08160217066757852,0.04855986215240714,-0.046346659567342095
3431,1.5625,-0.04155350657950658,0.008564649025502129,0.0925453890018413,0.040420846579062274,0.04155350657950658,-0.058831591582671566
3432,3.90625,-0.041507598557147266,0.0014366187200451673,0.037902753462580624,0.024809616644292456,0.041507598557147266,-0.04555930999778554
3433,9.765625,-0.042635721832055766,0.0005403485556425458,0.023245398590743628,0.03944635430097632,0.042635721832055766,-0.03883160607158027
3434,3.90625,-0.04695284922700595,0.0030669677877818496,0.05538021115689114,0.07664478468418316,0.04695284922700595,-0.04897149121871179
3435,1.5625,-0.050643226359185285,0.013426232677805256,0.11587162153782632,0.033689702707510774,0.050643226359185285,-0.0638066303694512
3436,3.90625,-0.051136086115731505,0.0031830086635525126,0.056418158987621286,0.03469850954656122,0.051136086115731505,-0.04163763764139573
3437,9.765625,-0.045283495190585756,0.0011562216786469264,0.03400325982383052,0.20177969197393442,0.045283495190585756,-0.032989806964732325
3438,3.90625,-0.04202603308613434,0.005768824518751206,0.07595277821614695,0.1493802892512483,0.04202603308613434,-0.05742069332102098
3439,1.5625,-0.04255584574708302,0.015490764208486722,0.12446189862157303,0.033319173085863074,0.04255584574708302,-0.07247543505130999
3440,3.90625,-0.043005712113797744,0.003203432029150009,0.05659886950416951,0.04645245284009247,0.043005712113797744,-0.0466245937175453
3441,9.765625,-0.04189796920050862,0.0010073416100870927,0.03173864537259101,0.06038824234636299,0.04189796920050862,-0.034342274960822754
3442,3.90625,-0.04308536305652574,0.005151045333350418,0.07177078328505561,0.07056321035332674,0.04308536305652574,-0.04914998117855676
3443,9.765625,-0.043577380153700294,0.0009149011741608934,0.03024733333966638,0.06055419514225136,0.043577380153700294,-0.03277696227790444
3444,3.90625,-0.04585124858248979,0.00671615795199201,0.08195216868388541,0.07790909768546125,0.04585124858248979,-0.05722252769563371
3445,9.765625,-0.043777721734205466,0.0011857339785055774,0.03443448821320824,0.10603046544202392,0.043777721734205466,-0.03681799577018836
3446,3.90625,-0.038166911875848815,0.007060474878652714,0.08402663196066301,0.10786965338080795,0.038166911875848815,-0.05452534648237636
3447,1.5625,-0.0408681181704197,0.01716841306294391,0.13102829107846867,0.06654073350486889,0.0408681181704197,-0.07800574572713327
3448,3.90625,-0.0401960649483504,0.004788429083141706,0.06919847601747965,0.08710822720254019,0.0401960649483504,-0.04483378618108872
3449,1.5625,-0.0443788244935861,0.013194233914126136,0.11486615652195444,0.0389768842692762,0.0443788244935861,-0.06428225966406739
3450,3.90625,-0.04459390132227351,0.002780795503397395,0.05273324855721857,0.027132923744175672,0.04459390132227351,-0.04453558501679213
3451,9.765625,-0.0463598969950394,0.0009321551239921446,0.030531215566893904,0.06640774067227094,0.0463598969950394,-0.03750043791360212
3452,3.90625,-0.04535399489024308,0.004665570119085244,0.06830497872838585,0.025602315017173215,0.04535399489024308,-0.05226151002231741
3453,9.765625,-0.044552518083431275,0.0007945422443972332,0.02818762573182128,0.06669243815162233,0.044552518083431275,-0.03603655490815728
3454,3.90625,-0.04206627043948799,0.005057610862655717,0.07111688169946512,0.10745393732649527,0.04206627043948799,-0.0543732302927465
3455,1.5625,-0.03892815782561126,0.014569475981188271,0.12070408436000943,0.1258035350905224,0.03892815782561126,-0.07556823126587545
3456,3.90625,-0.03765889511066704,0.002805680416190501,0.052968673913837985,0.04039864631545334,0.03765889511066704,-0.052512700392703615
3457,9.765625,-0.04275406989109954,0.0007472395234437372,0.027335682238490724,0.14243749521546675,0.04275406989109954,-0.042632917373837106
3458,3.90625,-0.05031198635859323,0.002736133967021455,0.052308067896085164,0.09531689579951119,0.05031198635859323,-0.05099124740135197
3459,1.5625,-0.05105632476036544,0.009837158120661696,0.09918244865227767,0.05438976078039369,0.05105632476036544,-0.06048484131639894
3460,3.90625,-0.04812134682158436,0.0017901665094322103,0.042310359363071,0.04136890912559811,0.04812134682158436,-0.04758278369931074
3461,9.765625,-0.046427734450166215,0.0006031004505732179,0.024558103562230083,0.11212077206566198,0.046427734450166215,-0.039538705692086486
3462,3.90625,-0.042869452806123726,0.0031465395467791544,0.056094024162821075,0.044609533970762505,0.042869452806123726,-0.05243498421275119
3463,9.765625,-0.042776063493578556,0.0006915718884709668,0.02629775443780261,0.061738613154585814,0.042776063493578556,-0.03941550084598744
3464,3.90625,-0.045104622716650264,0.0034985819056588163,0.05914881153209096,0.06424974381276682,0.045104622716650264,-0.05606642565077155
3465,9.765625,-0.04540691537966541,0.0006739118348314079,0.0259598119182595,0.043573160592979755,0.04540691537966541,-0.04140809873647371
3466,3.90625,-0.04585359546245833,0.0036247425082955474,0.060205834503771705,0.042609559954507374,0.04585359546245833,-0.0516226183300067
3467,9.765625,-0.04592648210261939,0.0006823064131759001,0.02612099563906208,0.04880389638005013,0.04592648210261939,-0.038560227423877325
3468,3.90625,-0.04370568529396749,0.004467326231187164,0.06683805975031863,0.03760025172733497,0.04370568529396749,-0.05661684871436714
3469,9.765625,-0.043674579752124215,0.0007233472266993027,0.02689511529440435,0.06343614440082243,0.043674579752124215,-0.04122370844211674
3470,3.90625,-0.04568316985058186,0.0035309656347225133,0.059421928904424784,0.05332650009062148,0.04568316985058186,-0.05501281932342267
3471,9.765625,-0.04605971099908234,0.0006757202888341104,0.02599462038257359,0.030406003736999733,0.04605971099908234,-0.04182057578088854
3472,24.4140625,-0.04454249110516534,0.00022630667661927695,0.015043492833091554,0.1293392405405077,0.04454249110516534,-0.0326416949897646
3473,9.765625,-0.04131175373594955,0.0019290340453862402,0.04392077009099727,0.09686078821033468,0.04131175373594955,-0.042483761055311514
3474,3.90625,-0.0357356664431197,0.00939474637205367,0.09692649984423078,0.0713502010837364,0.0357356664431197,-0.08345356914189803
3475,9.765625,-0.03805188302642451,0.0013601229261806006,0.0368798444435521,0.08909504131197268,0.03805188302642451,-0.04191557648705448
3476,3.90625,-0.04368598741547418,0.005973271724842806,0.07728694407752713,0.1049677992552872,0.04368598741547418,-0.060275985060997
3477,1.5625,-0.04938028873264003,0.013310514153617906,0.11537120157828774,0.13579459448982206,0.04938028873264003,-0.07123151820518196
3478,3.90625,-0.04649268999150949,0.0027286559182973734,0.052236538153838004,0.053418680152851034,0.04649268999150949,-0.04913689964590041
3479,9.765625,-0.044525330233503496,0.0008724786353387016,0.02953774932757575,0.06396082528948802,0.044525330233503496,-0.03698633061227791
3480,3.90625,-0.04729591260294717,0.004879498529782609,0.06985340743143893,0.05537840813758146,0.04729591260294717,-0.053576144550736865
3481,9.765625,-0.04437291850538988,0.0009131351396884094,0.030218126012186947,0.07920183153061006,0.04437291850538988,-0.03717078232891609
3482,3.90625,-0.042928000886714196,0.004503048970623657,0.06710476116210874,0.08015883902240577,0.042928000886714196,-0.05396668541733268
3483,9.765625,-0.041097909102556535,0.0009666854555445865,0.031091565665700826,0.14412171947396257,0.041097909102556535,-0.03746378954481554
3484,3.90625,-0.04646155611996341,0.004618774362300293,0.06796156533144519,0.07826818596155984,0.04646155611996341,-0.05525320634709974
3485,9.765625,-0.04556189640700963,0.0009323994430740394,0.03053521644059592,0.18715286570691797,0.04556189640700963,-0.03981306335916613
3486,3.90625,-0.04298492479286006,0.005029171811774029,0.07091665398038763,0.06213503206251945,0.04298492479286006,-0.05259239707678683
3487,9.765625,-0.04071683766789133,0.001028009386491631,0.0320625854617439,0.07746430606308764,0.04071683766789133,-0.03609477677353966
3488,3.90625,-0.04542752875416316,0.005528202303320094,0.07435188163940502,0.09562090792646376,0.04542752875416316,-0.05913913939269676
3489,1.5625,-0.046750768258614704,0.014840032324447083,0.12181967133614785,0.060146472049745665,0.046750768258614704,-0.07666063337508791
3490,3.90625,-0.045565322453513066,0.0026723083222126754,0.05169437418339326,0.03548538465298788,0.045565322453513066,-0.051614850129992486
3491,9.765625,-0.04363582724616604,0.0008757690634870425,0.029593395605895627,0.05203144754082942,0.04363582724616604,-0.036493562855781134
3492,3.90625,-0.04640308758671465,0.005107480424522363,0.07146663854220626,0.07307304094992229,0.04640308758671465,-0.05532413241861616
3493,9.765625,-0.04450115285401808,0.0009252118984791051,0.030417296041546908,0.07527290254021891,0.04450115285401808,-0.038910389059804595
3494,3.90625,-0.03921905146007792,0.003904407597905209,0.06248525904487561,0.07166500922971829,0.03921905146007792,-0.054799156104909624
3495,9.765625,-0.04114450763311003,0.0008641484804602091,0.029396402508814052,0.08434327504211926,0.04114450763311003,-0.04108865501410394
3496,3.90625,-0.04961536975697134,0.004249458171011885,0.06518786828093004,0.15973456079844753,0.04961536975697134,-0.05386177672458288
3497,1.5625,-0.05238205146524716,0.012988424314120952,0.11396676846397354,0.051074827632533557,0.05238205146524716,-0.06722919195960685
3498,3.90625,-0.04847717641721171,0.0024225921865960766,0.04921983529631196,0.04761669914275701,0.04847717641721171,-0.04795624200424667
3499,9.765625,-0.045877593045868206,0.00080188614643445,0.028317594291084297,0.071393993173212,0.045877593045868206,-0.038724675174619416
3500,3.90625,-0.044021593533163074,0.004299331919080052,0.06556929097588331,0.054504012915381324,0.044021593533163074,-0.05222751110425861
3501,9.765625,-0.04149514491438105,0.0008372839733549625,0.028935859644305756,0.0818309925710917,0.04149514491438105,-0.037092676934513236
3502,3.90625,-0.04135069882271299,0.004400792676757985,0.06633847056390421,0.06515909440078148,0.04135069882271299,-0.05483518498200068
3503,9.765625,-0.0423252020704059,0.0008873106953488947,0.02978776083140347,0.051030242547585265,0.0423252020704059,-0.04080543642801601
3504,3.90625,-0.04697106213986648,0.004930797335592344,0.07021963639604198,0.0896454382529988,0.04697106213986648,-0.05329398661044719
3505,1.5625,-0.05600516252276896,0.014454623335524087,0.12022738180432978,0.09876071810022458,0.05600516252276896,-0.06968358718644918
3506,3.90625,-0.05056551808504783,0.002687490449633008,0.05184101127131885,0.09952341092681426,0.05056551808504783,-0.047422522206247396
3507,1.5625,-0.040515263113236714,0.009002536515254882,0.09488169747245716,0.08495933802047256,0.040515263113236714,-0.05516318552415478
3508,3.90625,-0.039602887112143964,0.0015360814822183778,0.039192875401256,0.034607612380926155,0.039602887112143964,-0.04312544043329146
3509,9.765625,-0.04173257202027438,0.0005705122037899361,0.023885397291858807,0.06716653340087718,0.04173257202027438,-0.03694349921759764
3510,3.90625,-0.04879135073085221,0.0036540373726055967,0.06044863416658475,0.08787171962556488,0.04879135073085221,-0.04965784824491899
3511,1.5625,-0.046843519907641726,0.013660076248905537,0.11687632886476858,0.028726825253983845,0.046843519907641726,-0.07084411934543827
3512,3.90625,-0.045054151921746416,0.0022267115073584315,0.047188044114568166,0.02882416896302025,0.045054151921746416,-0.050774161420770125
3513,9.765625,-0.04458673234446353,0.0007210711361624014,0.02685276775608804,0.04771881239104213,0.04458673234446353,-0.0396551214248655
3514,3.90625,-0.04857107641068519,0.0038760140227353866,0.06225764228378221,0.08742377282361931,0.04857107641068519,-0.05317626476055744
3515,1.5625,-0.046639974119645135,0.008980316037838172,0.0947645294286748,0.024841020460329436,0.046639974119645135,-0.06303772354939385
3516,3.90625,-0.044393072747316645,0.0015477967040898957,0.03934204753301353,0.031221769042035115,0.044393072747316645,-0.04787541918535916
3517,9.765625,-0.04363812259432322,0.0007022532521600072,0.026500061361438527,0.05892763553354366,0.04363812259432322,-0.03815078904014412
3518,3.90625,-0.046631341801243335,0.003436325747865279,0.058620182086592657,0.04628033069341391,0.046631341801243335,-0.05102745877737913
3519,9.765625,-0.04736093624333877,0.000663344629958298,0.02575547766899884,0.0718722657399783,0.04736093624333877,-0.04118537055744859
3520,3.90625,-0.04333888440221753,0.0030920570264105817,0.055606267869823645,0.06171413541328421,0.04333888440221753,-0.05361867511836162
3521,9.765625,-0.04275941831176407,0.0006787264013318645,0.02605237803602321,0.030309392982924246,0.04275941831176407,-0.041482688101370145
3522,24.4140625,-0.04268080137953886,0.0002653005187425383,0.016288048340502254,0.057816923832389885,0.04268080137953886,-0.03209908780502328
3523,9.765625,-0.04539100608658886,0.002515118435171098,0.050150956473143146,0.13023768369463606,0.04539100608658886,-0.05197981953756235
3524,3.90625,-0.04602636700123296,0.00728335930834591,0.0853425996108972,0.12861719087959575,0.04602636700123296,-0.06978685237528957
3525,1.5625,-0.042676806048223895,0.015577347738944768,0.12480924540651933,0.03319295269268933,0.042676806048223895,-0.07959851818702576
3526,3.90625,-0.04149251853841123,0.0032487199398190964,0.05699754327880366,0.04063932793255166,0.04149251853841123,-0.05233038664697076
3527,9.765625,-0.04052072020232752,0.0009461667973894665,0.030759824404399103,0.053735168357712665,0.04052072020232752,-0.03857208767531524
3528,3.90625,-0.04394618827256046,0.004154793742847192,0.06445768955560843,0.06869391036069256,0.04394618827256046,-0.05564098846307254
3529,9.765625,-0.046340565725426865,0.0007320394933171593,0.02705622836459582,0.13315818470328175,0.046340565725426865,-0.04083773354848499
3530,3.90625,-0.04833049862727785,0.0033768327950622385,0.0581105222404879,0.07942599820778644,0.04833049862727785,-0.054066604272376195
3531,1.5625,-0.043515217048095974,0.00999287975917548,0.09996439245639159,0.03708140704688386,0.043515217048095974,-0.06373704886878664
3532,3.90625,-0.042317921502046954,0.0016276273266271997,0.04034386355602546,0.04784903024186536,0.042317921502046954,-0.04971313846403174
3533,9.765625,-0.04514208774053032,0.0006021559927520849,0.02453886698183282,0.0917508256866219,0.04514208774053032,-0.042717498512577126
3534,3.90625,-0.049537896505695615,0.002253039597002889,0.04746619425446798,0.06526304650494136,0.049537896505695615,-0.049167518791840975
3535,1.5625,-0.04587831098079607,0.008404761623969522,0.09167748700727743,0.08929810261420716,0.04587831098079607,-0.06010306465096283
3536,3.90625,-0.045120666645349375,0.0014725835701493242,0.038374256607123014,0.029751622991817727,0.045120666645349375,-0.04842971201674523
3537,9.765625,-0.046125110888235954,0.0005323384985036994,0.02307246190816445,0.05021265503784455,0.046125110888235954,-0.04077345934696402
3538,3.90625,-0.04466245427049336,0.0038756069848615367,0.06225437321876702,0.028766697506477534,0.04466245427049336,-0.051233375870404094
3539,9.765625,-0.044505841913456454,0.0007416044700183119,0.027232415794752985,0.10098665215581236,0.044505841913456454,-0.03724995141521703
3540,3.90625,-0.041677283730429816,0.003981809540893768,0.06310158112831855,0.0430853761354532,0.041677283730429816,-0.05512300034471569
3541,9.765625,-0.04043445506172492,0.001039643025006815,0.03224349585585929,0.07295433561032814,0.04043445506172492,-0.03918301144358893
3542,3.90625,-0.05158241655618626,0.004004386725329046,0.06328022380909415,0.155976239424348,0.05158241655618626,-0.058766149176616364
3543,1.5625,-0.05601595952461776,0.009349826006507808,0.09669449832595342,0.07570541092150088,0.05601595952461776,-0.06239216176869929
3544,3.90625,-0.052500055507558825,0.0018595013184100604,0.04312193546688345,0.05495803270176018,0.052500055507558825,-0.04652278972987905
3545,1.5625,-0.043439019416375936,0.007755445257143345,0.08806500586012213,0.04196381092631457,0.043439019416375936,-0.05267286636859776
3546,3.90625,-0.042221513472432685,0.0017708874026036165,0.04208191301026626,0.03619207990936423,0.042221513472432685,-0.04423483793023919
3547,9.765625,-0.04223736234476118,0.0006783844663384449,0.026045814756663784,0.07390429514565133,0.04223736234476118,-0.03649468006609084
3548,3.90625,-0.047439400886911995,0.0034045607078257703,0.058348613589577006,0.06386738581764065,0.047439400886911995,-0.051821652190634046
3549,9.765625,-0.04514778229882451,0.0006657462125003468,0.02580205829968506,0.11147412323265748,0.04514778229882451,-0.04024579865009615
3550,3.90625,-0.04456725405955051,0.0040004703122702425,0.06324927123904467,0.08003673297219593,0.04456725405955051,-0.054804741797195106
3551,1.5625,-0.04328575009073089,0.009864770065910088,0.09932154884973396,0.06303842488542961,0.04328575009073089,-0.06317205360922688
3552,3.90625,-0.04325518070341109,0.002305909436100924,0.04801988584014881,0.05350517847311802,0.04325518070341109,-0.048985151058382075
3553,9.765625,-0.043443772989845725,0.0007090786017095054,0.026628529845064773,0.03768262503957104,0.043443772989845725,-0.037208619847775466
3554,3.90625,-0.04897575766157407,0.004622082453311946,0.06798589892993948,0.07884560244121447,0.04897575766157407,-0.054812007986800665
3555,9.765625,-0.045957669806911614,0.0008355459623314122,0.0289058119126831,0.10090707139918202,0.045957669806911614,-0.04020889134779747
3556,3.90625,-0.04594791020428585,0.004340907411923341,0.06588556300073135,0.05818132519983715,0.04594791020428585,-0.05502829993590942
3557,9.765625,-0.04468541730614711,0.0007697529202702127,0.027744421426121192,0.07346867528563907,0.04468541730614711,-0.04052417073515779
3558,3.90625,-0.04441849230086059,0.0033784268915078896,0.05812423669613124,0.11255983088466677,0.04441849230086059,-0.05020721397628797
3559,1.5625,-0.04441273897403157,0.015999257835937798,0.12648817271167212,0.05328371276577106,0.04441273897403157,-0.06947406250540657
3560,3.90625,-0.04128454625094905,0.002597171242801115,0.050962449340677445,0.049943914810315806,0.04128454625094905,-0.046029618247848694
3561,9.765625,-0.04107463081637672,0.00094187774307145,0.030690026768829152,0.07360384609625574,0.04107463081637672,-0.035809907039358164
3562,3.90625,-0.046490047076750744,0.004460642971519033,0.06678804512425134,0.14096304247731178,0.046490047076750744,-0.05371321550003301
3563,1.5625,-0.04998917754459717,0.01400930197284477,0.11836089714447406,0.04070891693882222,0.04998917754459717,-0.07000101994845159
3564,3.90625,-0.047178064600651055,0.0024069346168798626,0.04906051994098577,0.050756710524461394,0.047178064600651055,-0.04834535720691059
3565,9.765625,-0.04444470815538392,0.0007955248584667989,0.0282050502298223,0.09204562282863407,0.04444470815538392,-0.034877525347693
3566,3.90625,-0.04532857963685304,0.004792903543364209,0.06923079909523079,0.05951008173939009,0.04532857963685304,-0.0516724360938292
3567,9.765625,-0.04391650975060867,0.0010087597836223694,0.03176097894622219,0.055717909280839875,0.04391650975060867,-0.03755971029232516
3568,3.90625,-0.043277910230014524,0.004910572284839941,0.07007547563049388,0.04651154678445262,0.043277910230014524,-0.05701216826293644
3569,9.765625,-0.04196216348114941,0.000924779155799357,0.03041018177846619,0.10243197200980851,0.04196216348114941,-0.037388088110889825
3570,3.90625,-0.04457891886760778,0.005649552881538022,0.0751635076452531,0.06909962328694241,0.04457891886760778,-0.05331403589410931
3571,9.765625,-0.04310205690740759,0.0012585982231660274,0.03547672790951876,0.06710864039383221,0.04310205690740759,-0.04131007267382515
3572,3.90625,-0.04689308745501553,0.005112311583408419,0.0715004306519088,0.0810926041639072,0.04689308745501553,-0.06166197412783617
3573,9.765625,-0.04531565215032541,0.000787580465465626,0.02806386405086844,0.09560092964569991,0.04531565215032541,-0.0407891176911217
3574,3.90625,-0.04309441546020611,0.004184042295976334,0.06468417345824506,0.07355835621999157,0.04309441546020611,-0.05086052870110274
3575,9.765625,-0.04353638057877373,0.0008109622620567952,0.028477399144879702,0.047514157013467215,0.04353638057877373,-0.04029180063322642
3576,3.90625,-0.045702102955598733,0.003593316132257225,0.05994427522505569,0.0379918341416735,0.045702102955598733,-0.057741248128910475
3577,9.765625,-0.046302001590811465,0.0006513592004840098,0.025521739762093217,0.0420254461514676,0.046302001590811465,-0.043702184923047185
3578,3.90625,-0.04819147852345186,0.0032887674506287884,0.05734777633551966,0.046200457757609587,0.04819147852345186,-0.055124102844173656
3579,9.765625,-0.045314430717914495,0.0007159857403728398,0.02675790986554891,0.12413916930189672,0.045314430717914495,-0.03898113167924485
3580,3.90625,-0.04355267361691042,0.004765572475689187,0.06903312593015896,0.04540409085700612,0.04355267361691042,-0.056156081356633455
3581,9.765625,-0.043453720067661815,0.0009418581787717578,0.03068970802682485,0.05239395727616418,0.043453720067661815,-0.0408789946563685
3582,3.90625,-0.04409049834488836,0.003346345569974956,0.05784760643254789,0.09287646350720365,0.04409049834488836,-0.049612921604142775
3583,1.5625,-0.046585439227481956,0.0149821682105892,0.12240166751555798,0.06864061495862103,0.046585439227481956,-0.07156546185452287
3584,3.90625,-0.046068750010711486,0.0022897989032037856,0.04785184325816285,0.03050372427021205,0.046068750010711486,-0.0506551434736868
3585,9.765625,-0.044139048900016714,0.000674702968596863,0.025975045112508716,0.12309078082467176,0.044139048900016714,-0.039361571830795354
3586,3.90625,-0.045340378213253735,0.0029655021323463085,0.054456424160481826,0.06047275765835262,0.045340378213253735,-0.048705374639549534
3587,9.765625,-0.04368203957963519,0.0006622825202577701,0.025734850305719092,0.0741632823996153,0.04368203957963519,-0.03908690317317237
3588,3.90625,-0.044096735764410776,0.004196212860867873,0.06477818198180521,0.03390659012418047,0.044096735764410776,-0.057308480067282744
3589,9.765625,-0.04378015939758379,0.000898791698937129,0.029979854885191306,0.037259979592373337,0.04378015939758379,-0.04237153894472364
3590,24.4140625,-0.04328506609915523,0.00035558159696273467,0.01885687134608323,0.09722356528975454,0.04328506609915523,-0.030848728245058007
3591,9.765625,-0.04360070382538527,0.0026764224701369753,0.05173415187414379,0.1469670208064236,0.04360070382538527,-0.05457723780415988
3592,3.90625,-0.0448916706518806,0.008163524665663332,0.09035222557116859,0.08575601738397762,0.0448916706518806,-0.07843018507676329
3593,9.765625,-0.04237862417667856,0.0012671938039955134,0.0355976657099242,0.21183901373025807,0.04237862417667856,-0.0437030698086964
3594,3.90625,-0.047121028359037524,0.005181783110717339,0.0719846032892961,0.07637381316610001,0.047121028359037524,-0.05822515574151483
3595,9.765625,-0.04442477512474383,0.0010733872336454978,0.032762588933805244,0.10240038678107645,0.04442477512474383,-0.038566433227760905
3596,3.90625,-0.04353813033108206,0.005135111338478958,0.07165969116929655,0.0870315899114657,0.04353813033108206,-0.05206006771231422
3597,9.765625,-0.042522767747829544,0.0010506796335359781,0.032414188768747215,0.06749713019232431,0.042522767747829544,-0.03746830681214874
3598,3.90625,-0.04426722161583653,0.00594305900248756,0.07709123816937669,0.07866385232481754,0.04426722161583653,-0.05518095446839492
3599,9.765625,-0.04333127053416079,0.0009545568066005279,0.030895902747784015,0.051890548683972935,0.04333127053416079,-0.03957670205739577
3600,3.90625,-0.04452403712592005,0.004505958761524041,0.06712643861791001,0.06568366446570555,0.04452403712592005,-0.05452891494420556
3601,9.765625,-0.04371298493327637,0.0010339839859281345,0.03215562137369039,0.1445287187247556,0.04371298493327637,-0.040440711233775954
3602,3.90625,-0.047585538829715474,0.004277175449132685,0.06540011811252855,0.14862551250479974,0.047585538829715474,-0.05275426485060311
3603,1.5625,-0.05179942733726574,0.013337658380968906,0.11548878032505541,0.0653194773267129,0.05179942733726574,-0.07246374284434928
3604,3.90625,-0.048157008485764756,0.0028210001694425496,0.053113088494669086,0.07285776678856452,0.048157008485764756,-0.04964284833462862
3605,1.5625,-0.042858540994969566,0.008343337997855199,0.09134187428477258,0.08512965151146437,0.042858540994969566,-0.057828145824255946
3606,3.90625,-0.04278506283146064,0.0014656660211129113,0.03828401782876128,0.043766572263641966,0.04278506283146064,-0.04529936487059543
3607,9.765625,-0.04374541113000207,0.0005816565119102204,0.02411755609323259,0.06636443760278062,0.04374541113000207,-0.038603203899913466
3608,3.90625,-0.045825449770248154,0.0038549124876781048,0.062087941564188655,0.1388147767111349,0.045825449770248154,-0.04602528015576202
3609,1.5625,-0.04378567574681567,0.01574815909300708,0.1254916694167668,0.04418840255770776,0.04378567574681567,-0.06960523308837178
3610,3.90625,-0.04177937127352558,0.002589471754602204,0.050886852472934535,0.04062888858348384,0.04177937127352558,-0.04947770739614191
3611,9.765625,-0.04242137071897766,0.0007509142637190591,0.027402814886778676,0.04843369043057558,0.04242137071897766,-0.038704291843971006
3612,3.90625,-0.0464909547664503,0.0033946893079796706,0.05826396234362773,0.05462117051601734,0.0464909547664503,-0.05105916288895378
3613,9.765625,-0.04495414354892257,0.0006992252304294101,0.02644286728835226,0.10706266206474399,0.04495414354892257,-0.03706246325397053
3614,3.90625,-0.048351379112010366,0.005095255965718325,0.07138106167407658,0.09992864969713744,0.048351379112010366,-0.061444993560556736
3615,1.5625,-0.048531208259732374,0.011894604140721632,0.10906238646170197,0.026002085462962902,0.048531208259732374,-0.06730501010482354
3616,3.90625,-0.045468702598833725,0.00236134310322584,0.04859365291090843,0.05804531496173918,0.045468702598833725,-0.04810866976176761
3617,9.765625,-0.04388619269577668,0.0007253221759823619,0.026931806028975516,0.0975669048825765,0.04388619269577668,-0.038213987225736386
3618,3.90625,-0.04109068433422883,0.003954713926225964,0.06288651625130752,0.06574677618321569,0.04109068433422883,-0.05034533226057346
3619,9.765625,-0.04235661169186048,0.0008760432597236343,0.029598027970181295,0.061310767888734026,0.04235661169186048,-0.04118123262376641
3620,3.90625,-0.045925515202938284,0.004341225518396967,0.06588797703979814,0.056373723276939756,0.045925515202938284,-0.05945659942726761
3621,9.765625,-0.0461470782855819,0.0007274108087877843,0.0269705544768324,0.14243334999730686,0.0461470782855819,-0.0411548490106184
3622,3.90625,-0.048562620039345146,0.003650423809557703,0.06041873723901967,0.037807662727731214,0.048562620039345146,-0.05426636305943699
3623,9.765625,-0.04705379290384506,0.0007301060556244882,0.027020474748317955,0.06279129839631935,0.04705379290384506,-0.03782390538792947
3624,3.90625,-0.04236720491162077,0.004166103356459984,0.06454535890720559,0.08711593010677858,0.04236720491162077,-0.05656015561070346
3625,1.5625,-0.04173177211344789,0.01042289164371388,0.1020925640960882,0.025100377712943194,0.04173177211344789,-0.06364759831039182
3626,3.90625,-0.04178286367084449,0.002083812678876117,0.045648797124087696,0.028740882020122135,0.04178286367084449,-0.04718575014638385
3627,9.765625,-0.04347168458858555,0.000780874751937087,0.027944136271087123,0.11488990807617318,0.04347168458858555,-0.03740963382600276
3628,3.90625,-0.04674554167412601,0.0035640690042327374,0.059699824155794105,0.050393256599856696,0.04674554167412601,-0.0473577561718343
3629,9.765625,-0.04509345210980408,0.0007550083785281418,0.027477415790575027,0.06130398400805271,0.04509345210980408,-0.036503805896948564
3630,3.90625,-0.043360353171261225,0.005778663749030784,0.07601752264465597,0.07864526328072509,0.043360353171261225,-0.06431317972139813
3631,9.765625,-0.04425039948820833,0.0008494354633925639,0.02914507614319379,0.07410568182908243,0.04425039948820833,-0.0380505736088354
3632,3.90625,-0.04291397910846151,0.004504835446421925,0.06711807093787726,0.05131200894123786,0.04291397910846151,-0.05494361809331072
3633,9.765625,-0.04459254961780265,0.0006301521786105325,0.025102832083462864,0.0765023803850618,0.04459254961780265,-0.040830218618950274
3634,3.90625,-0.04252945290892355,0.0044709365437676386,0.0668650622056664,0.07629995626413334,0.04252945290892355,-0.05665518714497922
3635,9.765625,-0.044115521638396236,0.0006579865570108692,0.025651248644283756,0.060963718731153194,0.044115521638396236,-0.0417724555374959
3636,3.90625,-0.0478424546038014,0.004358522370406746,0.0660191061012397,0.06869952275888216,0.0478424546038014,-0.0565543770813889
3637,9.765625,-0.04530120724687722,0.0007659842536740739,0.02767642053579317,0.1327552631442559,0.04530120724687722,-0.039970482619396994
3638,3.90625,-0.04852080090393737,0.003541659279954864,0.05951184151036552,0.05832006567647064,0.04852080090393737,-0.05790524618706415
3639,9.765625,-0.04582384008029034,0.0008509028307001842,0.02917023878373614,0.08749484520690207,0.04582384008029034,-0.04255311780578399
3640,3.90625,-0.04269001081289861,0.0028529220562989632,0.05341275181357878,0.04950502490460408,0.04269001081289861,-0.050632495645662086
3641,9.765625,-0.042405038152821144,0.0008298700607841719,0.028807465365494618,0.1449037532521351,0.042405038152821144,-0.04311805278146635
3642,3.90625,-0.04834882283526939,0.003551616984611039,0.05959544432765846,0.07327966259756782,0.04834882283526939,-0.05620279821338319
3643,9.765625,-0.04676279703335954,0.0007548305428762002,0.027474179566935212,0.054421305447606344,0.04676279703335954,-0.04360938900071521
3644,3.90625,-0.04724466290172554,0.0027244553812055174,0.05219631578191623,0.05584994506957439,0.04724466290172554,-0.05130174225344599
3645,9.765625,-0.04568303186871285,0.0006316366310011103,0.025132382119510882,0.06059079475042489,0.04568303186871285,-0.04176406630321459
3646,3.90625,-0.041870782818516854,0.0037734356971385044,0.06142829720201028,0.08228750302132941,0.041870782818516854,-0.05366658655201193
3647,1.5625,-0.04017943197487334,0.008719648734833746,0.09337905940216867,0.030559669301554827,0.04017943197487334,-0.061503665515211
3648,3.90625,-0.04328828986094119,0.0015622319305364897,0.03952507976635202,0.06856679596405894,0.04328828986094119,-0.04758668507773009
3649,1.5625,-0.051281559335926596,0.004763039279674425,0.06901477580688374,0.1619366518086374,0.051281559335926596,-0.05100736251039679
3650,0.625,-0.05143434308883588,0.016810341114100017,0.1296546995449838,0.03943544856695398,0.05143434308883588,-0.05674592451660194
3651,1.5625,-0.04932180428447498,0.00531788868928387,0.07292385541977241,0.026989543493563528,0.04932180428447498,-0.049968781948782355
3652,3.90625,-0.044361405758102025,0.0014616412866820137,0.03823141753430042,0.06929117103314723,0.044361405758102025,-0.04333169703657404
3653,1.5625,-0.04596870552710767,0.004842430105668803,0.06958757148851225,0.04158931353764627,0.04596870552710767,-0.046459131122369046
3654,3.90625,-0.046945564820712875,0.0015575572036462045,0.0394658992504441,0.0477320778820003,0.046945564820712875,-0.043201838701853304
3655,9.765625,-0.044553781843027676,0.0007274286413100251,0.026970885067235467,0.17035839634302444,0.044553781843027676,-0.03150540352635267
3656,3.90625,-0.04157715356602153,0.005798505561260976,0.07614791895554977,0.12521233736381276,0.04157715356602153,-0.05839988602356828
3657,1.5625,-0.04953292857328446,0.012997296953956704,0.11400568825263371,0.06106504533277775,0.04953292857328446,-0.0680435938544042
3658,3.90625,-0.045404684745725205,0.002636654841980764,0.051348367471427604,0.05682387643314044,0.045404684745725205,-0.04916275339627265
3659,9.765625,-0.04262679828268855,0.0008548627594762704,0.029238036176806922,0.08756132403794417,0.04262679828268855,-0.03815882077700812
3660,3.90625,-0.04817286941008802,0.004492543519586688,0.06702643895946352,0.07388643216373664,0.04817286941008802,-0.05250365310964549
3661,9.765625,-0.04643951713479989,0.0008671077803708716,0.029446693878445365,0.09420123662329312,0.04643951713479989,-0.0405012104150467
3662,3.90625,-0.040470459439485344,0.004855628569423994,0.06968234044163553,0.09631252604600109,0.040470459439485344,-0.0566597560260546
3663,1.5625,-0.04449319444581627,0.011116375487796466,0.10543422351303426,0.06721829452452933,0.04449319444581627,-0.0629061169380164
3664,3.90625,-0.04519488213492948,0.001890422421559704,0.04347898827663431,0.033103386581811875,0.04519488213492948,-0.04781159598509789
3665,9.765625,-0.044528873969044536,0.0006048442042033931,0.024593580548659302,0.05329557513197321,0.044528873969044536,-0.03965244172105516
3666,3.90625,-0.04716205880071324,0.003274788979265003,0.05722577198487586,0.15142190542572426,0.04716205880071324,-0.04747616395189158
3667,1.5625,-0.047674335646323215,0.013731600256777117,0.11718191096230304,0.05919393901487215,0.047674335646323215,-0.06880206281363908
3668,3.90625,-0.045494186572315784,0.001894471505110725,0.04352552705149847,0.027742237665211025,0.045494186572315784,-0.04746983521588223
3669,9.765625,-0.04399597978742222,0.0006338672423490464,0.025176720246073484,0.04784098480966765,0.04399597978742222,-0.038137606334738575
3670,3.90625,-0.04575917644918567,0.003452708703893325,0.058759754117025755,0.07759069522327781,0.04575917644918567,-0.04720528041260326
3671,1.5625,-0.04428706053691426,0.013590991598621795,0.11658040829668506,0.042375743209084216,0.04428706053691426,-0.07252583225169629
3672,3.90625,-0.04499840515701803,0.0020409235915835834,0.04517658233624566,0.04519324548741764,0.04499840515701803,-0.04821427130768204
3673,9.765625,-0.045394149383165085,0.0006771432938034722,0.026021977130945916,0.04162565230312881,0.045394149383165085,-0.040374184896047584
3674,3.90625,-0.047065586898202304,0.003093509693642163,0.055619328417755666,0.08650472554350455,0.047065586898202304,-0.050570797806042046
3675,1.5625,-0.04387522049938714,0.010523876745967418,0.10258594809216035,0.02875081712930992,0.04387522049938714,-0.0633465350440134
3676,3.90625,-0.04259729474701278,0.001732444687275272,0.0416226463271531,0.030443504272446992,0.04259729474701278,-0.04622129552437081
3677,9.765625,-0.04275589592481788,0.0006582635538593387,0.025656647362025668,0.03788904739962604,0.04275589592481788,-0.03743949724992061
3678,3.90625,-0.04594363142689207,0.003905671783465213,0.06249537409652984,0.03900241703933901,0.04594363142689207,-0.05225722164996188
3679,9.765625,-0.045730884779938086,0.0007310100737244936,0.027037197963629543,0.06311755495578684,0.045730884779938086,-0.03876275246979809
3680,3.90625,-0.04518648729809312,0.004522268772727472,0.06724781611864783,0.07161112324314792,0.04518648729809312,-0.05610349689390501
3681,9.765625,-0.04605757322403033,0.0008295776119183016,0.028802388996718685,0.0835777578807116,0.04605757322403033,-0.042292701580253694
3682,3.90625,-0.04403498840602919,0.0028819517120505125,0.053683812383720594,0.04203960705455142,0.04403498840602919,-0.05344046691149203
3683,9.765625,-0.04448417881350215,0.000671283193735062,0.025909133403783733,0.05554030947650081,0.04448417881350215,-0.04179933927359862
3684,3.90625,-0.04509816900503556,0.0036237851132850983,0.060197882963482184,0.04323833679111342,0.04509816900503556,-0.05351124539506555
3685,9.765625,-0.044307643967482824,0.0007803009196196385,0.027933866893425953,0.08557451392945926,0.044307643967482824,-0.04103948622333209
3686,3.90625,-0.04518491226449546,0.004399670043000359,0.066330008616013,0.11313970695847694,0.04518491226449546,-0.05733752354913883
3687,1.5625,-0.05188260610094448,0.009466699306478869,0.097296964528596,0.041357876449903914,0.05188260610094448,-0.06283537272256084
3688,3.90625,-0.046016632593822514,0.0020600800250818313,0.04538810444468717,0.06748981742014522,0.046016632593822514,-0.04615587391317531
3689,1.5625,-0.0415681832695966,0.00536784843677314,0.0732656020023936,0.03585899524028825,0.0415681832695966,-0.05160382785939316
3690,3.90625,-0.0440736474086764,0.0013068808979808735,0.03615080770855436,0.0407608004550211,0.0440736474086764,-0.042994747882509475
3691,9.765625,-0.04528996323392718,0.000491909865163708,0.02217904112363084,0.04086432931909326,0.04528996323392718,-0.036753046932002695
3692,3.90625,-0.0444569484509504,0.004688170243237755,0.0684702142777263,0.08226280312970802,0.0444569484509504,-0.05284138146588383
3693,9.765625,-0.043849590865388845,0.0008437099394959114,0.02904668551652514,0.06721077591084496,0.043849590865388845,-0.03876936867814329
3694,3.90625,-0.04527750919957062,0.00464416156132482,0.06814808552941763,0.06959378493857014,0.04527750919957062,-0.05586822624225047
3695,9.765625,-0.04453513161294169,0.000875010090599999,0.029580569477276785,0.04292192577010549,0.04453513161294169,-0.03943822778610223
3696,3.90625,-0.04104435814291738,0.004347135656710276,0.06593281168515625,0.06335056312941785,0.04104435814291738,-0.055352093077479875
3697,9.765625,-0.04308293349740794,0.000777296938568574,0.02788004552665892,0.07194059620784757,0.04308293349740794,-0.03811610199046249
3698,3.90625,-0.04731149174977385,0.004747637662193625,0.06890310342933492,0.0721964768503324,0.04731149174977385,-0.0567562609767369
3699,9.765625,-0.04528697557410761,0.0010682300396513888,0.032683788636744496,0.09429380628443765,0.04528697557410761,-0.03896589639035365
3700,3.90625,-0.0459486784200039,0.005727546005278574,0.07568055235843997,0.0558680475023897,0.0459486784200039,-0.06134033285843733
3701,9.765625,-0.04431987696048295,0.0008554567357955724,0.02924819200900412,0.06289148589970348,0.04431987696048295,-0.03856506823198983
3702,3.90625,-0.046076609623673985,0.0036878751077673334,0.06072787751739174,0.2064537629337723,0.046076609623673985,-0.050208082651311964
3703,1.5625,-0.04269563700719431,0.012979208474627075,0.11392632915453335,0.05373667056867256,0.04269563700719431,-0.07243585472064226
3704,3.90625,-0.04015262393138868,0.002881016329180028,0.053675099712809364,0.04450349379012269,0.04015262393138868,-0.04735545497645072
3705,9.765625,-0.04066354972414569,0.0008694855836912214,0.029487040944984992,0.062098584849777184,0.04066354972414569,-0.03611573170560482
3706,3.90625,-0.044914227648547606,0.0055087005913820415,0.07422062106572568,0.09510409777192266,0.044914227648547606,-0.05347083751930147
3707,1.5625,-0.056162857826867384,0.016560185552649515,0.12868638448821815,0.09213694400877756,0.056162857826867384,-0.07223944805921503
3708,3.90625,-0.05140855229984535,0.002575886373008399,0.050753190766772475,0.06515122316099195,0.05140855229984535,-0.04679812142407756
3709,1.5625,-0.04448529887524524,0.007451334710577103,0.08632111393267063,0.0554312077226667,0.04448529887524524,-0.05475807534963309
3710,3.90625,-0.04165792691208396,0.0017266518308331627,0.041553000262714634,0.040775784670997337,0.04165792691208396,-0.04402979795131563
3711,9.765625,-0.04203699437681289,0.0007292972394882557,0.027005503873993086,0.05289403679309135,0.04203699437681289,-0.03518919081834243
3712,3.90625,-0.04554917640296857,0.004329797135735159,0.06580119402970708,0.06861432848087955,0.04554917640296857,-0.04672019739034507
3713,9.765625,-0.0455904796744892,0.0008559906228613777,0.02925731742421676,0.07723001811413435,0.0455904796744892,-0.03696406743070449
3714,3.90625,-0.042751690351616925,0.005559554542561138,0.07456242044462572,0.06012143938742952,0.042751690351616925,-0.05485717185590952
3715,9.765625,-0.04055900638095292,0.0012764087794792526,0.03572686355502331,0.1548668465272243,0.04055900638095292,-0.03531043878921358
3716,3.90625,-0.043235884603557116,0.0055660450915147085,0.07460593201290838,0.1663211821032557,0.043235884603557116,-0.06044768736179018
3717,1.5625,-0.04604654226328914,0.01614860269341097,0.1270771525232249,0.045400024382637905,0.04604654226328914,-0.07659577322258643
3718,3.90625,-0.044019730704458894,0.0028064073284250492,0.05297553518771707,0.07645768184218868,0.044019730704458894,-0.04693100700287958
3719,1.5625,-0.04252644094651079,0.01071460312541209,0.10351136713140296,0.028453115457006586,0.04252644094651079,-0.060451472194644834
3720,3.90625,-0.04425709846228651,0.0019179621943197392,0.04379454525759731,0.03587451540570829,0.04425709846228651,-0.044448774646710945
3721,9.765625,-0.04455111469121876,0.000639298874874466,0.02528436028208873,0.07101560663636074,0.04455111469121876,-0.036898893212318734
3722,3.90625,-0.04715912753037399,0.004320222510881221,0.06572839957644809,0.044822671966725874,0.04715912753037399,-0.054047311680527295
3723,9.765625,-0.046014337676959526,0.0008125246721643959,0.02850481840258583,0.050244375479679845,0.046014337676959526,-0.03853703813885103
3724,3.90625,-0.043916825315160536,0.003931721183097002,0.0627034383674213,0.04123927753368409,0.043916825315160536,-0.049161357846391175
3725,9.765625,-0.042054082831638334,0.0007167473946558402,0.026772138402746993,0.07444774887776011,0.042054082831638334,-0.03546169014385446
3726,3.90625,-0.042192467341586826,0.005634163813040728,0.0750610672255646,0.08465774077315603,0.042192467341586826,-0.059792489204710614
3727,9.765625,-0.04349858946856418,0.0009433487316368225,0.030713982672991507,0.057977437800424136,0.04349858946856418,-0.041962666751514985
3728,3.90625,-0.04533343558338325,0.005402189399079605,0.07349958774768471,0.06842479545637233,0.04533343558338325,-0.05510780042196275
3729,9.765625,-0.04509152047741287,0.0009482914832885388,0.030794341741439104,0.04565609283611443,0.04509152047741287,-0.03878490954520404
3730,3.90625,-0.04619453508427828,0.003972327117954888,0.0630264001665563,0.10945418872008085,0.04619453508427828,-0.05411837348925592
3731,1.5625,-0.045495024020287045,0.014998028836072768,0.12246643963173245,0.05867717385895794,0.045495024020287045,-0.07254041359322312
3732,3.90625,-0.040221822780560794,0.0028255776002806786,0.053156162392338654,0.06317914076659625,0.040221822780560794,-0.050897195177515175
3733,9.765625,-0.040096088444667645,0.0008637650890473605,0.0293898807253,0.08257364400410411,0.040096088444667645,-0.03597254709571965
3734,3.90625,-0.05070139326102827,0.004490932849099232,0.06701442269466501,0.2004316365387532,0.05070139326102827,-0.0537001671753786
3735,1.5625,-0.05275914848450591,0.012934685467576465,0.11373075866966009,0.03994748388925903,0.05275914848450591,-0.06770327072278032
3736,3.90625,-0.04840848314981343,0.002857440347695349,0.053455031079360046,0.05362027032235025,0.04840848314981343,-0.04750543494175126
3737,9.765625,-0.04620866864453141,0.0007116027421454924,0.026675883155867445,0.08456761389118381,0.04620866864453141,-0.03794326084364211
3738,3.90625,-0.043687495875339266,0.0031833800618570655,0.05642145037002386,0.11645559062501687,0.043687495875339266,-0.051820193335683745
3739,1.5625,-0.04396828351236585,0.010580179200080355,0.10285999805600016,0.05219409321951015,0.04396828351236585,-0.06618562414229126
3740,3.90625,-0.041364947855150526,0.002032169041677121,0.04507958564225187,0.04356327282355692,0.041364947855150526,-0.04928200276788397
3741,9.765625,-0.04222925497455401,0.0006185445187719817,0.024870555256607797,0.0453582510842155,0.04222925497455401,-0.039096593251351924
3742,3.90625,-0.04642082406226628,0.0036683926025759903,0.060567256851998756,0.05644772789793049,0.04642082406226628,-0.05129524917773937
3743,9.765625,-0.04528796011207106,0.0008402685557707756,0.02898738614933702,0.06182354391860595,0.04528796011207106,-0.037574486541149366
3744,3.90625,-0.04583489169236159,0.0042968652586573815,0.06555047870654632,0.10732503025397698,0.04583489169236159,-0.05959761837124894
3745,1.5625,-0.04355827597215121,0.009087347957711227,0.09532758235532478,0.03352091694496602,0.04355827597215121,-0.06383785105413825
3746,3.90625,-0.04448955472617817,0.001509098680083385,0.03884711932799374,0.024090958283248576,0.04448955472617817,-0.04749038003259385
3747,9.765625,-0.04498450211798583,0.0006022772127073494,0.02454133681581648,0.03960586179583135,0.04498450211798583,-0.04002382152721594
3748,3.90625,-0.04739546692404014,0.003726636865785139,0.06104618633285079,0.07320162885997739,0.04739546692404014,-0.04965430034175938
3749,9.765625,-0.046909038072989406,0.0007518636447656211,0.027420132107005266,0.049190845084516904,0.046909038072989406,-0.039827856731853
3750,3.90625,-0.043210825340291685,0.0038891413676487912,0.06236298074698476,0.09685083122737234,0.043210825340291685,-0.050157915348145225
3751,1.5625,-0.03612693209270356,0.012444918506135902,0.111556794979669,0.03917902111982116,0.03612693209270356,-0.06638805886964042
3752,3.90625,-0.037814949479926835,0.002746712565178141,0.05240908857419809,0.06792340129526771,0.037814949479926835,-0.0495391087405026
3753,1.5625,-0.04578064459385711,0.006432466974567392,0.0802026618920307,0.05866719413058046,0.04578064459385711,-0.05295315963365477
3754,3.90625,-0.047244127925914356,0.0015030537758954044,0.03876923749437696,0.033212991691109646,0.047244127925914356,-0.04514732659419222
3755,9.765625,-0.04784650461250684,0.0006274592011737205,0.02504913573706128,0.03595067569439339,0.04784650461250684,-0.03795152282373413
3756,3.90625,-0.04592460659432907,0.0029046036814654877,0.05389437523031033,0.07428488668457141,0.04592460659432907,-0.045390779615540104
3757,1.5625,-0.03626653281232117,0.01032797382564313,0.10162663935033535,0.0633529033956418,0.03626653281232117,-0.05510894410227174
3758,3.90625,-0.03708340650328971,0.0023833084657089807,0.04881914036224912,0.08610485802664754,0.03708340650328971,-0.04590746660849942
3759,1.5625,-0.03874693783656039,0.013209251018917628,0.11493150577155782,0.07642346246724858,0.03874693783656039,-0.06412043253644127
3760,3.90625,-0.04395135353418502,0.0020532810215927334,0.04531314402679131,0.07039314186441104,0.04395135353418502,-0.04780076807068621
3761,1.5625,-0.058576632503677034,0.00847808361892205,0.09207650959350083,0.10407771484228014,0.058576632503677034,-0.05474751613188776
3762,3.90625,-0.05550727975198187,0.0016059245196639949,0.040073988067872594,0.05357473885828488,0.05550727975198187,-0.043022577458442186
3763,1.5625,-0.041241834294536525,0.008933068760736889,0.09451491290128182,0.08780370856333874,0.041241834294536525,-0.05109114462272803
3764,3.90625,-0.04020107736297696,0.0018762590618182173,0.04331580614300301,0.03762553020028952,0.04020107736297696,-0.042909022169895936
3765,9.765625,-0.04249717005143171,0.0006100432237306214,0.024699053093805465,0.07543576385927771,0.04249717005143171,-0.035159537594133185
3766,3.90625,-0.04526832659288238,0.0036674556106659362,0.06055952122223174,0.0876620433661219,0.04526832659288238,-0.050836679931921216
3767,1.5625,-0.04650420082156764,0.012584892378091024,0.11218240672267209,0.033476346699767276,0.04650420082156764,-0.06931837874503831
3768,3.90625,-0.04443047959909547,0.0022216619472487887,0.0471345090909918,0.034453519019751216,0.04443047959909547,-0.04692228237827851
3769,9.765625,-0.0458869655253909,0.0007920335259582314,0.028143090199163123,0.07507731902924125,0.0458869655253909,-0.04018030149311553
3770,3.90625,-0.04697910808279409,0.003362370704089064,0.05798595264449023,0.040682766852692946,0.04697910808279409,-0.0502445384848674
3771,9.765625,-0.046667727679481276,0.0004871036573342812,0.022070424946844164,0.049169989439360726,0.046667727679481276,-0.036755383471453705
3772,3.90625,-0.04018020552560695,0.004176555933443317,0.06462627896949752,0.09396903433141515,0.04018020552560695,-0.05105389253481002
3773,1.5625,-0.03974733983041703,0.012877395750428072,0.11347861362577563,0.050250845109514025,0.03974733983041703,-0.07356841119108941
3774,3.90625,-0.03761878040568638,0.0022062114986340173,0.04697032572416352,0.02343587019548763,0.03761878040568638,-0.05222000592192335
3775,9.765625,-0.04120987434749741,0.0007688767224658109,0.02772862640784449,0.09956361684423223,0.04120987434749741,-0.03854111556080169
3776,3.90625,-0.050643331231921766,0.0036321918221987625,0.060267668133077476,0.1480546017566044,0.050643331231921766,-0.048302643771572076
3777,1.5625,-0.05326146750581972,0.012903711622162188,0.11359450524634626,0.03711262122673431,0.05326146750581972,-0.06193039575165997
3778,3.90625,-0.04635410840946811,0.0024299337838090632,0.04929435853938119,0.07193185859181374,0.04635410840946811,-0.0473171898876342
3779,1.5625,-0.05178201496383202,0.010359706448380301,0.10178264315874441,0.038061516822274474,0.05178201496383202,-0.06016962835428853
3780,3.90625,-0.0471624658926334,0.0018936847022520053,0.043516487705834044,0.035527316987201664,0.0471624658926334,-0.044251387730956465
3781,9.765625,-0.045896319681311075,0.0008039009305284717,0.028353146748261854,0.0509160471692516,0.045896319681311075,-0.035663470922277646
3782,3.90625,-0.04316267048880022,0.004507299504026489,0.0671364245698748,0.05412793193121192,0.04316267048880022,-0.05160555004649546
3783,9.765625,-0.043240555335211664,0.0008321666785728286,0.02884729932892902,0.04663145063630002,0.043240555335211664,-0.03823927803652265
3784,3.90625,-0.04189783885431432,0.004949368123138459,0.07035174570071775,0.059682912558858145,0.04189783885431432,-0.05424868588991692
3785,9.765625,-0.04190651203742812,0.0010293913136479637,0.0320841286876855,0.05261219498248507,0.04190651203742812,-0.03888227287921044
3786,3.90625,-0.04700912086661409,0.0050475608360463515,0.07104618804725804,0.050135149548052545,0.04700912086661409,-0.0559157418900367
3787,9.765625,-0.04409172372347028,0.0008479816888032439,0.029120125150885665,0.0877408752242045,0.04409172372347028,-0.03880349001865165
3788,3.90625,-0.04376282259475193,0.005040688929323104,0.07099780932763422,0.057825924257906634,0.04376282259475193,-0.054216700886047325
3789,9.765625,-0.04291012121709309,0.0009120969739606237,0.0302009432627629,0.16533080740457598,0.04291012121709309,-0.03877134439613245
3790,3.90625,-0.04639125347042273,0.005127249834969528,0.07160481712126307,0.0846417007366648,0.04639125347042273,-0.05869192646439712
3791,9.765625,-0.046344371842673364,0.0009457505994948645,0.03075305837627966,0.05267760613860882,0.046344371842673364,-0.041216143629674414
3792,3.90625,-0.043218799005118755,0.004306057593554463,0.0656205577052989,0.04834267655889929,0.043218799005118755,-0.05487243599656999
3793,9.765625,-0.04316217772535364,0.0008087401283128663,0.028438356638752285,0.033492820847697315,0.04316217772535364,-0.036635022181895065
3794,24.4140625,-0.041766978074926735,0.0002950990757845835,0.017178448002790694,0.17574328003486395,0.041766978074926735,-0.02772712177065289
3795,9.765625,-0.038097642362670804,0.0026922170536597657,0.05188657874306,0.16593283427995584,0.038097642362670804,-0.04861902943400012
3796,3.90625,-0.03806530064637135,0.008603461889000592,0.09275484833150552,0.13095553913959043,0.03806530064637135,-0.0767157572546471
3797,1.5625,-0.03222437320904621,0.02091192291367084,0.1446095533278173,0.14363314074785938,0.03222437320904621,-0.09041036980190703
3798,3.90625,-0.03364477920545717,0.004226520387851908,0.0650116942392052,0.03837271657970775,0.03364477920545717,-0.05468115772802195
3799,9.765625,-0.03701259125321038,0.0011918429964824725,0.03452307918599488,0.08327454104247535,0.03701259125321038,-0.036090234536748755
3800,3.90625,-0.05378298911575321,0.005591314175493587,0.07477509060839437,0.22195445343335682,0.05378298911575321,-0.05983271978849916
3801,1.5625,-0.06449889945774524,0.013833350647787856,0.11761526536886212,0.08414742476959963,0.06449889945774524,-0.07136555472974808
3802,3.90625,-0.056533526550169945,0.002924870191034678,0.05408206903433594,0.13310156258701084,0.056533526550169945,-0.047534911918147085
3803,1.5625,-0.036536003087106514,0.010654669517208188,0.10322145860821862,0.0827020710050025,0.036536003087106514,-0.05869143136607851
3804,3.90625,-0.038291907916612376,0.002042233628774815,0.0451910790839831,0.033108011686492425,0.038291907916612376,-0.04523725160495901
3805,9.765625,-0.040083165969854374,0.000760587707069479,0.027578754632315777,0.05815633005231211,0.040083165969854374,-0.0359560256712645
3806,3.90625,-0.04719432927099171,0.004310522700561703,0.06565457105610928,0.0993328788086518,0.04719432927099171,-0.051845936390645074
3807,1.5625,-0.055632009710357797,0.013150661387698473,0.11467633316294375,0.06827943704484558,0.055632009710357797,-0.06651456444017297
3808,3.90625,-0.051073833247608676,0.0026593910543387745,0.051569284020032455,0.05959215841969497,0.051073833247608676,-0.046075744296347476
3809,9.765625,-0.04621459485420743,0.0007802684647879763,0.027933285964740637,0.1378667001274838,0.04621459485420743,-0.03595025155735235
3810,3.90625,-0.04479493052065432,0.004330365565840932,0.06580551318727734,0.0331471849915734,0.04479493052065432,-0.05482266408602808
3811,9.765625,-0.04413630220906801,0.0008631401374304189,0.029379246713120793,0.0524490165116098,0.04413630220906801,-0.038936246428978846
3812,3.90625,-0.044059107451797724,0.0035326168283161775,0.059435821087254925,0.05366320326253663,0.044059107451797724,-0.048866854315774415
3813,9.765625,-0.0432941549323531,0.0009357999278472597,0.030590847125361857,0.0417032306416345,0.0432941549323531,-0.04009863395021866
3814,3.90625,-0.04035108100072114,0.005677545807105838,0.07534949108723853,0.13399373023868053,0.04035108100072114,-0.05649472826062732
3815,1.5625,-0.03773759077887661,0.01212375910914528,0.11010794298843876,0.1227294416052679,0.03773759077887661,-0.06845068962311762
3816,3.90625,-0.037673818387705144,0.002736372795751688,0.052310350751564344,0.04127527445962225,0.037673818387705144,-0.047383087273075095
3817,9.765625,-0.04037601498826929,0.0010060332974380789,0.031718027956322864,0.15703454928319355,0.04037601498826929,-0.034638126140524125
3818,3.90625,-0.04920840763082452,0.0050914960676538504,0.07135472000963812,0.11144776542660578,0.04920840763082452,-0.050777296912219175
3819,1.5625,-0.052929099009675136,0.015303348996072538,0.12370670554207051,0.06231260849602662,0.052929099009675136,-0.069595401297187
3820,3.90625,-0.05036600086400209,0.0031997001604967697,0.056565892201014295,0.08945354919853667,0.05036600086400209,-0.04762677865974536
3821,1.5625,-0.0419270334022045,0.011443916637003126,0.10697624333001755,0.0467157805655801,0.0419270334022045,-0.059611697342182364
3822,3.90625,-0.04204003902588472,0.002365407335212403,0.048635453480073594,0.0187279691163023,0.04204003902588472,-0.04176316201404116
3823,9.765625,-0.04332034237866565,0.0007626517012577388,0.02761614928366623,0.050459860137482104,0.04332034237866565,-0.03383074768758799
3824,3.90625,-0.04837188404104642,0.004430487639547938,0.06656190832261301,0.09301172781223456,0.04837188404104642,-0.05194309776452505
3825,1.5625,-0.04438252475936547,0.012617532355171997,0.11232778977248684,0.11921777780890179,0.04438252475936547,-0.06622444760233609
3826,3.90625,-0.04348577251832748,0.002412895163968515,0.04912122925954231,0.017501769557562163,0.04348577251832748,-0.05197541458053137
3827,9.765625,-0.04425709562589815,0.0006752936653226277,0.025986413090740856,0.02880341570920475,0.04425709562589815,-0.040082939821364
3828,24.4140625,-0.04339446108171556,0.00027942439772725647,0.01671599227468284,0.10098454347703623,0.04339446108171556,-0.03025194818217822
3829,9.765625,-0.04086879548023401,0.0021568255555112137,0.046441636012431925,0.12558750140351452,0.04086879548023401,-0.04828352195043124
3830,3.90625,-0.03911159858139843,0.007706523034378087,0.08778680444336773,0.07860212085473588,0.03911159858139843,-0.06772401722337724
3831,9.765625,-0.03932008490653217,0.001395875360209679,0.0373614153935538,0.06591905082873041,0.03932008490653217,-0.041454040280479235
3832,3.90625,-0.04581338354416986,0.005660485953708562,0.07523620108503992,0.06838956820870751,0.04581338354416986,-0.05979381390009196
3833,9.765625,-0.044452994775307425,0.0009136797613453988,0.030227136175056325,0.05486446704112283,0.044452994775307425,-0.038181228485930925
3834,3.90625,-0.04840494895628083,0.0059410547165993765,0.07707823763293616,0.10208783229456181,0.04840494895628083,-0.061470617561289874
3835,1.5625,-0.04204033620050624,0.015401999739920631,0.12410479338011338,0.05579544529906718,0.04204033620050624,-0.07674726209721294
3836,3.90625,-0.04168828080798423,0.0031733829056036084,0.05633278712795603,0.07366959352868414,0.04168828080798423,-0.04784699640698301
3837,1.5625,-0.03709146217785978,0.01057001912476115,0.10281059830951841,0.044043254296609956,0.03709146217785978,-0.06157661525310673
3838,3.90625,-0.03791444627416064,0.0018863001728722552,0.04343155733878599,0.0232844823837178,0.03791444627416064,-0.045444144112054476
3839,9.765625,-0.04252941286663288,0.0006587600578840596,0.025666321471610607,0.12960027773625887,0.04252941286663288,-0.03701094167772871
3840,3.90625,-0.05089616774074821,0.003177546236364391,0.056369728013929525,0.15251169297667969,0.05089616774074821,-0.04738475045373846
3841,1.5625,-0.052011539093395114,0.01171757129691844,0.10824773113981855,0.046115428690593124,0.052011539093395114,-0.061800133257371215
3842,3.90625,-0.04750765939142131,0.00238413091385382,0.0488275630546295,0.07476244567162808,0.04750765939142131,-0.047656337844350846
3843,1.5625,-0.03669583160240152,0.008316963667449355,0.0911973884902926,0.05835225173103935,0.03669583160240152,-0.06090275344689989
3844,3.90625,-0.03893739668740953,0.0016325687339569343,0.04040505827191608,0.036317634386079226,0.03893739668740953,-0.048858896806468585
3845,9.765625,-0.0406917971640912,0.000669258737399332,0.02587003551213898,0.13461451745361538,0.0406917971640912,-0.0386102156409344
3846,3.90625,-0.05311831142240066,0.0038827299853279144,0.062311555792869705,0.14921644985059715,0.05311831142240066,-0.04886523584361826
3847,1.5625,-0.05807895137703543,0.013193964390969336,0.11486498331070848,0.04415922946880205,0.05807895137703543,-0.06707370832153987
3848,3.90625,-0.05353367275683455,0.0021588054166007393,0.0464629467059585,0.060384584842206775,0.05353367275683455,-0.047448407180982186
3849,1.5625,-0.04386106119569316,0.009543257034345377,0.09768959532286628,0.05740562846244382,0.04386106119569316,-0.05797553831373004
3850,3.90625,-0.04380811634674907,0.0016126296326915731,0.04015756009385497,0.04400804916262054,0.04380811634674907,-0.04583473389740083
3851,9.765625,-0.04531905293694709,0.0006283600013150727,0.025067109951389943,0.09994872945580346,0.04531905293694709,-0.03733273232702098
3852,3.90625,-0.0478907638271114,0.003125907164125088,0.05590981277132922,0.07196712075320787,0.0478907638271114,-0.04247711189717196
3853,1.5625,-0.038739480398625584,0.01322011548327303,0.11497876100947092,0.051651555968368366,0.038739480398625584,-0.06560659251001572
3854,3.90625,-0.03771053891302973,0.0027392167460869956,0.05233752713003353,0.054368212483361746,0.03771053891302973,-0.04713559053916431
3855,9.765625,-0.04049859614970169,0.0009597303961242555,0.03097951575031888,0.09727059789240965,0.04049859614970169,-0.038199384579130254
3856,3.90625,-0.050374210611538836,0.004008991515374247,0.06331659747154965,0.14733614366415962,0.050374210611538836,-0.05717157754849949
3857,1.5625,-0.05768470968825721,0.010337438037924944,0.1016731923268122,0.05647680606822981,0.05768470968825721,-0.06008839874327458
3858,3.90625,-0.050902620963874365,0.0020133026971553497,0.04486984173312125,0.09534457112395775,0.050902620963874365,-0.04534119012031185
3859,1.5625,-0.0431446392081086,0.007386881328441795,0.08594696811663455,0.03135198274650793,0.0431446392081086,-0.05486398240989076
3860,3.90625,-0.04350324474858273,0.0015788633029336949,0.0397349128970191,0.015264236747482616,0.04350324474858273,-0.04542226242489129
3861,9.765625,-0.043964681054647466,0.0005904474834344119,0.02429912515779965,0.07580739727433121,0.043964681054647466,-0.03638333524700546
3862,3.90625,-0.04594876157258915,0.004176454220172616,0.06462549203041022,0.031448443369632734,0.04594876157258915,-0.05816753271156136
3863,9.765625,-0.044578873599416466,0.0007143269861283018,0.026726896305562714,0.044302271613311135,0.044578873599416466,-0.03852708412277465
3864,3.90625,-0.04536172759610863,0.00455953257900236,0.06752431102204864,0.04002309969702037,0.04536172759610863,-0.054957158136027036
3865,9.765625,-0.04267174300894229,0.0009966614007106528,0.03156994457883404,0.12680115485488963,0.04267174300894229,-0.035773520206151974
3866,3.90625,-0.04345009613754658,0.006417284826566462,0.08010795732364208,0.10593433015708145,0.04345009613754658,-0.05777415156705275
3867,1.5625,-0.05304255533097515,0.012576797853918752,0.11214632340794214,0.05467354793473713,0.05304255533097515,-0.06771001869436633
3868,3.90625,-0.04924140339179394,0.002174902483822079,0.04663584977055826,0.05049798709929955,0.04924140339179394,-0.04977921025722491
3869,9.765625,-0.04715079421490819,0.0006242374435952859,0.024984744217127496,0.06572363272732835,0.04715079421490819,-0.0404396632784006
3870,3.90625,-0.04246872678327666,0.0029276395250444486,0.05410766604691473,0.05569457056970263,0.04246872678327666,-0.05082520463161633
3871,9.765625,-0.042987123274196064,0.0004827842964239054,0.021972353001531386,0.047027376027441926,0.042987123274196064,-0.03895396631209839
3872,3.90625,-0.039528710922544036,0.004230995700638462,0.06504610442323554,0.20163628208677575,0.039528710922544036,-0.05664695172846111
3873,1.5625,-0.038919276676109914,0.008951601113525404,0.09461290141162253,0.02361613743559325,0.038919276676109914,-0.06282257466577615
3874,3.90625,-0.04437295041159794,0.0013485498984411887,0.036722607457003766,0.051866327959443216,0.04437295041159794,-0.04938100695571235
3875,1.5625,-0.0513494698065064,0.005224807910010296,0.07228283274755007,0.035540784660897246,0.0513494698065064,-0.0536153332210664
3876,3.90625,-0.050389139646374655,0.0009616262483372824,0.03101009913459295,0.016770346012992206,0.050389139646374655,-0.04524423980138959
3877,9.765625,-0.04885650655470099,0.0004263318315479562,0.020647804521254948,0.049452673474023025,0.04885650655470099,-0.03924326185705637
3878,3.90625,-0.04388084793330886,0.00246547862098573,0.049653586184541895,0.08007721623095447,0.04388084793330886,-0.045371200505272054
3879,1.5625,-0.03437748704855089,0.012099627834673578,0.10999830832641735,0.04502515055624006,0.03437748704855089,-0.06994105512952689
3880,3.90625,-0.0332708297524456,0.0021626173830537783,0.04650395018763222,0.02798257031050606,0.0332708297524456,-0.05015904228750611
3881,9.765625,-0.03813334688418096,0.0008710789737341364,0.02951404705786952,0.1335911183510074,0.03813334688418096,-0.03916197335795155
3882,3.90625,-0.05650920458155275,0.0036555800348774528,0.060461392928690065,0.18933184813286927,0.05650920458155275,-0.05193290242298117
3883,1.5625,-0.06936661337907522,0.010826035742230695,0.10404823757388058,0.0557530396017777,0.06936661337907522,-0.06213181782644231
3884,3.90625,-0.05855473316914112,0.002002592444279547,0.04475033457170512,0.12177392202336604,0.05855473316914112,-0.04632228037495998
3885,1.5625,-0.035533724066514435,0.006911853732542426,0.08313755909661064,0.08361423658539612,0.035533724066514435,-0.05423617499867969
3886,3.90625,-0.03536959556184116,0.001559440038523147,0.03948974599213253,0.027301314111009268,0.03536959556184116,-0.043304038365589076
3887,9.765625,-0.038989126428861175,0.0006899923486878467,0.02626770543248585,0.14128804374533702,0.038989126428861175,-0.034719702338713715
3888,3.90625,-0.05067296098685712,0.004709806605076153,0.06862803075330191,0.11651862662897125,0.05067296098685712,-0.058209325976889645
3889,1.5625,-0.06355556606086467,0.010674657070105764,0.10331823203145592,0.06120211840087074,0.06355556606086467,-0.0662763771272023
3890,3.90625,-0.05740359234525356,0.0018250334067093262,0.04272040972075673,0.062279123639282896,0.05740359234525356,-0.048942616660916205
3891,1.5625,-0.04221819096270692,0.005519088948004755,0.07429057105719913,0.051379620003859636,0.04221819096270692,-0.05167566707549833
3892,3.90625,-0.042498995826396685,0.0009323968481117209,0.03053517394926253,0.014714010797904204,0.042498995826396685,-0.0445552512742384
3893,9.765625,-0.04470753805085185,0.00036331190563857217,0.019060742525897886,0.05259075541661533,0.04470753805085185,-0.038632916651409735
3894,3.90625,-0.04511035322437216,0.002425635298511628,0.04925073906563868,0.048089229211074135,0.04511035322437216,-0.042288285332151426
3895,9.765625,-0.04571429978271905,0.0007401888802493302,0.02720641248399594,0.04946545863210856,0.04571429978271905,-0.04061561566416439
3896,3.90625,-0.045467500732337254,0.0038324791291219525,0.06190702003102679,0.03645727306107189,0.045467500732337254,-0.05990917438081726
3897,9.765625,-0.04429308295296474,0.0006989611563221095,0.02643787352118376,0.17420580019594636,0.04429308295296474,-0.04305165904098076
3898,3.90625,-0.046761287186787924,0.0033658448362910882,0.0580159015813,0.05627242872755713,0.046761287186787924,-0.05180556549957807
3899,9.765625,-0.04711186343545627,0.0004997339733958464,0.02235473044784585,0.1048045692895335,0.04711186343545627,-0.04104172775891766
3900,3.90625,-0.04747413651656886,0.0012803824012196086,0.03578243146041935,0.13443356773174786,0.04747413651656886,-0.03969600314889751
3901,1.5625,-0.03679711484848702,0.013453378370939182,0.1159886993242841,0.06855233238445774,0.03679711484848702,-0.06979324726582752
3902,3.90625,-0.03590311975074309,0.0028911616452784723,0.05376952338712398,0.03629084254184439,0.03590311975074309,-0.0485206891215083
3903,9.765625,-0.03889029189044501,0.0011026074913846077,0.033205534047574176,0.10242993603454498,0.03889029189044501,-0.038957699988806355
3904,3.90625,-0.0524889908680255,0.004314003154000212,0.06568107150465964,0.1865753080289879,0.0524889908680255,-0.05189592206481877
3905,1.5625,-0.060778619817515554,0.01277423155102779,0.1130231460853386,0.0438760879908232,0.060778619817515554,-0.067766868103177
3906,3.90625,-0.05474175201089003,0.0022164546412947956,0.047079237900531014,0.0752149101890477,0.05474175201089003,-0.046511156051059085
3907,1.5625,-0.04121498256683193,0.009436882331874341,0.09714361704133906,0.055246025606603105,0.04121498256683193,-0.05648890869383117
3908,3.90625,-0.039321077012781674,0.001830348588892053,0.04278257342531014,0.03726540539324606,0.039321077012781674,-0.04597062615063565
3909,9.765625,-0.041384981844612236,0.0007227580251869017,0.026884159372889117,0.06351913796092322,0.041384981844612236,-0.03689553420239785
3910,3.90625,-0.047958000753451226,0.004179801357506893,0.06465138326058378,0.09015456923936864,0.047958000753451226,-0.050637031138186975
3911,1.5625,-0.05039990796678738,0.011697356261359891,0.10815431688730641,0.04706281128713233,0.05039990796678738,-0.06620599691155599
3912,3.90625,-0.04735647499435563,0.0019964246966322433,0.0446813685626598,0.04322258853429351,0.04735647499435563,-0.04704701867209167
3913,9.765625,-0.04481634106426631,0.0008052103809471636,0.02837622915306337,0.0987312561414105,0.04481634106426631,-0.03717154050286635
3914,3.90625,-0.045601606294391396,0.0048094519311057855,0.06935021219221889,0.07525007000486292,0.045601606294391396,-0.05496050004934088
3915,9.765625,-0.04379978200265941,0.0008351322074299942,0.02889865407644436,0.07338744205353973,0.04379978200265941,-0.03741660798540105
3916,3.90625,-0.041553278244869145,0.004350768849842943,0.06596035816945617,0.04887973866979829,0.041553278244869145,-0.05554159716076423
3917,9.765625,-0.0412302045145202,0.0010150469772563426,0.031859801902339925,0.10796368129555685,0.0412302045145202,-0.036059901991989426
3918,3.90625,-0.04554355265745836,0.005313516572275226,0.07289387198026474,0.12094337225314579,0.04554355265745836,-0.04975319815152038
3919,1.5625,-0.05756199597784996,0.01583560560932903,0.1258396027064971,0.08746690881393838,0.05756199597784996,-0.07293904936961965
3920,3.90625,-0.04901339932665256,0.0033000410685563647,0.05744598392016943,0.13123401313356456,0.04901339932665256,-0.05108482827164079
3921,1.5625,-0.03799003637452344,0.008399004891576793,0.09164608497681062,0.050040932668435796,0.03799003637452344,-0.06023989995114693
3922,3.90625,-0.03924951288739566,0.0016536954494061487,0.04066565441999119,0.018005610755144535,0.03924951288739566,-0.046345797208431995
3923,9.765625,-0.0428677502738052,0.0005634294854747774,0.0237366696373939,0.10148404412327508,0.0428677502738052,-0.038257647309971776
3924,3.90625,-0.048710879221405344,0.0034101379849921553,0.05839638674603211,0.10234753848818036,0.048710879221405344,-0.05186494013884484
3925,1.5625,-0.050626142018458574,0.013936503843043974,0.11805297049648507,0.02055910905839242,0.050626142018458574,-0.06388454386422043
3926,3.90625,-0.048202568922733315,0.0026093995856632463,0.0510822825024807,0.03906118892191152,0.048202568922733315,-0.04515824113058641
3927,9.765625,-0.04502344291587765,0.0009503721478084164,0.03082810645836712,0.09773744803636392,0.04502344291587765,-0.037162776402173074
3928,3.90625,-0.04600559610811641,0.004305017942816145,0.06561263554237205,0.054247452162015236,0.04600559610811641,-0.05569776898049423
3929,9.765625,-0.04450896150920251,0.0008829001374964047,0.02971363554828666,0.08906241002211837,0.04450896150920251,-0.038744661388986606
3930,3.90625,-0.04212954569876114,0.004251682158669159,0.06520492434371164,0.05853438285479508,0.04212954569876114,-0.05774622618424942
3931,9.765625,-0.042479048861054754,0.0007923732210459117,0.028149124694134126,0.02602721160248583,0.042479048861054754,-0.04282683522783587
3932,24.4140625,-0.042620090210426204,0.0002955177995801332,0.01719063115711966,0.04211521015638122,0.042620090210426204,-0.030934016352706338
3933,9.765625,-0.04115333490097143,0.0023241240799112446,0.04820917008112922,0.06390161115709299,0.04115333490097143,-0.052774331700833246
3934,3.90625,-0.0457347782678905,0.006145155126027917,0.07839103983254665,0.06200396446138292,0.0457347782678905,-0.06960217311455001
3935,9.765625,-0.043649266732969455,0.0010652938359776984,0.03263883937853334,0.06414066586061379,0.043649266732969455,-0.042130217195033313
3936,3.90625,-0.044772325404708976,0.0042878007477479526,0.06548130074874775,0.04027264115444895,0.044772325404708976,-0.057199972013970646
3937,9.765625,-0.044495007362174516,0.0008073467274936109,0.0284138474602369,0.05460329141227139,0.044495007362174516,-0.04084529197983018
3938,3.90625,-0.04440772015182008,0.004223349095658654,0.06498729949504484,0.03384024117940791,0.04440772015182008,-0.054166266890609036
3939,9.765625,-0.042456519807900286,0.0008325088868111485,0.02885323009320011,0.08375475380040208,0.042456519807900286,-0.036941045483192055
3940,3.90625,-0.044479852751515635,0.004355048337970508,0.06599279004535653,0.09815632859295674,0.044479852751515635,-0.0536802596947111
3941,1.5625,-0.037510708136132546,0.013560776088049606,0.11645074533058862,0.062167888644524535,0.037510708136132546,-0.07041324246710273
3942,3.90625,-0.03997068503410841,0.0021801871294627444,0.046692474013086356,0.038538098685027805,0.03997068503410841,-0.049952925167189494
3943,9.765625,-0.04177717699863776,0.0007193090226550546,0.02681993703674665,0.07378087373558424,0.04177717699863776,-0.036642198606147314
3944,3.90625,-0.05078349496544021,0.004055504977852507,0.0636828468102087,0.16607240509370805,0.05078349496544021,-0.05319153537837207
3945,1.5625,-0.053688945531540015,0.014796866700154131,0.12164237214126553,0.046911012843388035,0.053688945531540015,-0.0666602450047894
3946,3.90625,-0.04724989954536521,0.0026609515602373365,0.05158441198886866,0.09419675874574321,0.04724989954536521,-0.046456432734218144
3947,1.5625,-0.03571931756993027,0.011917909928826062,0.10916918030665093,0.06840779729903808,0.03571931756993027,-0.06004618438066124
3948,3.90625,-0.03839099946354523,0.0019225845114234415,0.043847286249247414,0.05520873716803425,0.03839099946354523,-0.04547662481652412
3949,1.5625,-0.054859777997567354,0.006703210028710211,0.08187313374184606,0.1286071628944024,0.054859777997567354,-0.05501252794722673
3950,0.625,-0.05484251834383886,0.01585199664709585,0.125904712569053,0.03469125500941145,0.05484251834383886,-0.06027791207290306
3951,1.5625,-0.05049593207278267,0.0048541133489388285,0.06967146725122723,0.027872489125926634,0.05049593207278267,-0.05078863938703638
3952,3.90625,-0.04729794217961279,0.0014521052095125843,0.03810649825833626,0.046237693103184735,0.04729794217961279,-0.0426165081687702
3953,9.765625,-0.04517729673125326,0.0007214714139770455,0.026860219916766234,0.06458337505340951,0.04517729673125326,-0.033029483221860216
3954,3.90625,-0.04534543542136917,0.005062683785839463,0.07115253885729914,0.03667946939258193,0.04534543542136917,-0.055880850364340616
3955,9.765625,-0.04380840674192397,0.0009399409619189722,0.030658456613452872,0.06835196710293588,0.04380840674192397,-0.03548962018694357
3956,3.90625,-0.042846886466187874,0.00459457873122431,0.06778332192526647,0.16403334742088058,0.042846886466187874,-0.05348392205137287
3957,1.5625,-0.03991647176396123,0.010309088370244905,0.10153368096471685,0.06532185928522367,0.03991647176396123,-0.0668785224253915
3958,3.90625,-0.0411764453766232,0.0023618104825561714,0.04859846173034874,0.08205067112414313,0.0411764453766232,-0.04987802586540651
3959,1.5625,-0.04122009135077186,0.009319314806884204,0.0965365982769447,0.07714435734307322,0.04122009135077186,-0.058236036669956734
3960,3.90625,-0.04368187346326626,0.00180197872654108,0.04244971998189246,0.06257011673714709,0.04368187346326626,-0.04599279157031941
3961,1.5625,-0.04970244876633745,0.006676846459739529,0.08171197256057113,0.04402940251482374,0.04970244876633745,-0.05441633453341525
3962,3.90625,-0.04941131055608726,0.001413119101546303,0.03759147644807667,0.06289650176971386,0.04941131055608726,-0.04461205028577961
3963,1.5625,-0.040109340630249755,0.005369450431698957,0.07327653397711274,0.043866479098561464,0.040109340630249755,-0.052171566765650434
3964,3.90625,-0.04126199630582432,0.0012835711546020402,0.03582696128060598,0.032137300476823984,0.04126199630582432,-0.04345180506793259
3965,9.765625,-0.0438768210411032,0.0005737701409686806,0.023953499555778496,0.07198876617360202,0.0438768210411032,-0.03747220814036032
3966,3.90625,-0.04788929218982919,0.003536909619595849,0.059471922951892596,0.05211643989086318,0.04788929218982919,-0.054352391335573166
3967,9.765625,-0.04591665583942012,0.0007697040792957466,0.027743541217655446,0.1552889140792572,0.04591665583942012,-0.03822882756318143
3968,3.90625,-0.04315753880326526,0.0040948293248809055,0.06399085344704276,0.06121354180534176,0.04315753880326526,-0.05368548056215365
3969,9.765625,-0.04344893447361394,0.0010547046800984923,0.032476217145759025,0.04814616798508828,0.04344893447361394,-0.0378568978768688
3970,3.90625,-0.04742473994718429,0.004406350354026121,0.06638034614271095,0.057513817529391734,0.04742473994718429,-0.06052307253746983
3971,9.765625,-0.045978008549883,0.0007750178447499389,0.027839142313475444,0.07931484345321953,0.045978008549883,-0.04199795906770575
3972,3.90625,-0.0412947733567506,0.0038781909600360356,0.06227512312341129,0.06544596212930957,0.0412947733567506,-0.05720344587187581
3973,9.765625,-0.04257560575839498,0.0008288892921836509,0.02879043751289047,0.05183480982188266,0.04257560575839498,-0.04197330884487377
3974,3.90625,-0.04714608296434391,0.003137576052577897,0.056014070130440415,0.21663485108019906,0.04714608296434391,-0.04990339576384723
3975,1.5625,-0.051264808221542814,0.011035997291827627,0.10505235500372005,0.030588709779492945,0.051264808221542814,-0.06481251287303733
3976,3.90625,-0.04899058072656116,0.0016530207390006157,0.04065735774740675,0.027902345674633722,0.04899058072656116,-0.048817108534278175
3977,9.765625,-0.04570691860306264,0.0006866024474221708,0.026203099958252474,0.12579084050156514,0.04570691860306264,-0.039981339716934544
3978,3.90625,-0.043555538337576444,0.003954728367831001,0.06288663107394926,0.062433913830287784,0.043555538337576444,-0.05493130400870364
3979,9.765625,-0.041895095555585495,0.0008845899945142221,0.029742057671153524,0.0982042853820565,0.041895095555585495,-0.03849327632850076
3980,3.90625,-0.04832455948514326,0.00394506101313203,0.06280972068981067,0.10127946175836712,0.04832455948514326,-0.05386079965522052
3981,1.5625,-0.049482427665801174,0.010094860017146698,0.10047318058639677,0.026581846190851435,0.049482427665801174,-0.06619298907531876
3982,3.90625,-0.04650348822477451,0.0016965740655002972,0.041189489745568554,0.060082629137784865,0.04650348822477451,-0.04742625106669171
3983,1.5625,-0.04429313750849983,0.006977949693687172,0.08353412293001689,0.022763330069732756,0.04429313750849983,-0.05281610187567209
3984,3.90625,-0.04649853783858077,0.001208808685786611,0.03476792610706901,0.05080392861973535,0.04649853783858077,-0.045176899737811284
3985,1.5625,-0.046631938743479005,0.005058706686795319,0.07112458567046502,0.023398664831483167,0.046631938743479005,-0.05182138180718208
3986,3.90625,-0.04749367752617635,0.0011358257561822317,0.033702014126491486,0.028930806792166138,0.04749367752617635,-0.04472718642570039
3987,9.765625,-0.04639478505093948,0.000445413120014464,0.021104812721615514,0.09501691362317065,0.04639478505093948,-0.0391075989230343
3988,3.90625,-0.041781791765137744,0.0033139892350943674,0.05756725836006408,0.06541086823766167,0.041781791765137744,-0.051219485065284454
3989,9.765625,-0.04262156399749224,0.0006952867111707829,0.02636828987952732,0.039089430235739867,0.04262156399749224,-0.040900102041483075
3990,3.90625,-0.046836783692524656,0.0028453993280966707,0.05334228461639669,0.0706172756014222,0.046836783692524656,-0.052560619915849614
3991,1.5625,-0.052872176847849894,0.008887318201848004,0.094272573964266,0.032428246289509806,0.052872176847849894,-0.06279621980513159
3992,3.90625,-0.04980095881433821,0.0016968575283239993,0.041192930562464224,0.04793621613590607,0.04980095881433821,-0.04912136323865835
3993,9.765625,-0.04745222996142026,0.0006213444949015065,0.024926782682518547,0.059931407561764655,0.04745222996142026,-0.04023656036212353
3994,3.90625,-0.041859907212508374,0.003400691131321666,0.058315445049503534,0.06036605756864614,0.041859907212508374,-0.050425007159117845
3995,9.765625,-0.041831568022983795,0.0007886276489195829,0.028082515003460477,0.04350096765728905,0.041831568022983795,-0.03994892228356475
3996,3.90625,-0.04307368034081572,0.004451064719559538,0.06671630025383256,0.03934017678571154,0.04307368034081572,-0.05299378242890041
3997,9.765625,-0.042134290163628255,0.0010785304194198633,0.03284098688255064,0.09019427848706202,0.042134290163628255,-0.03850946849277652
3998,3.90625,-0.04363113964927975,0.004271655278245272,0.06535790142167412,0.06227458820325653,0.04363113964927975,-0.04967855912817844
3999,9.765625,-0.045988291773190124,0.0010042967674081668,0.03169064163768488,0.12670493725043291,0.045988291773190124,-0.03767531415655714
4000,3.90625,-0.048770969462736825,0.005878758877594668,0.07667306487675231,0.08778536460540574,0.048770969462736825,-0.055229090071335925
4001,9.765625,-0.04562212209747905,0.0012312416324404946,0.03508905288605685,0.17010114021322317,0.04562212209747905,-0.034519253522425034
4002,3.90625,-0.042318386675930665,0.0067048508841181945,0.08188315384814018,0.07958024519534157,0.042318386675930665,-0.056619243226998836
4003,9.765625,-0.040367999296199164,0.0012303877744362266,0.03507688376176291,0.10388276084254294,0.040367999296199164,-0.037057236860965195
4004,3.90625,-0.04398078812110468,0.00637799858588784,0.0798623727789742,0.07338686230433855,0.04398078812110468,-0.06285013647416322
4005,9.765625,-0.04343495173241917,0.0012063257040124576,0.034732199815336456,0.13221552643343507,0.04343495173241917,-0.038469747881060785
4006,3.90625,-0.04159151790703937,0.005253050763824738,0.07247793294392949,0.07694256215762658,0.04159151790703937,-0.050533367811167726
4007,9.765625,-0.04180520661151594,0.0010481121220296532,0.03237455979669304,0.048235700742672236,0.04180520661151594,-0.03426876618316928
4008,3.90625,-0.03919285653318576,0.004999553167979493,0.070707518468544,0.06854369641851593,0.03919285653318576,-0.04699972715334541
4009,9.765625,-0.0401655471309316,0.0011453422609454841,0.033842905622086944,0.2243183730473799,0.0401655471309316,-0.03354158190591322
4010,3.90625,-0.04955715663645774,0.009271133053797218,0.09628672314393723,0.19484593115362836,0.04955715663645774,-0.06542649811501845
4011,1.5625,-0.043373902702878483,0.021580091284513568,0.14690163812739995,0.0790553544277775,0.043373902702878483,-0.0818657572928505
4012,3.90625,-0.04016483843362804,0.005433909575296113,0.07371505663903483,0.08311644305562124,0.04016483843362804,-0.043873194308814645
4013,9.765625,-0.03758452095309438,0.001915671138876811,0.04376838058321111,0.16074587435173882,0.03758452095309438,-0.025561684648139002
4014,3.90625,-0.04357265585146731,0.008953135968256695,0.09462101229778032,0.15702326837242075,0.04357265585146731,-0.05888073031400557
4015,1.5625,-0.0540080352072463,0.021539705633598024,0.14676411561958197,0.06504262027475563,0.0540080352072463,-0.0890374672215321
4016,3.90625,-0.048420328366782235,0.004614166415173238,0.0679276557461925,0.07223734553293293,0.048420328366782235,-0.04949217941872808
4017,9.765625,-0.04212554498358739,0.0013471626926269693,0.03670371497038099,0.22792052341828706,0.04212554498358739,-0.03326690087256863
4018,3.90625,-0.045089715509189665,0.006851938956324106,0.08277643962097009,0.11835637623588616,0.045089715509189665,-0.06178159280301514
4019,1.5625,-0.033094545454117046,0.013361544837291219,0.11559214868359882,0.04881857236439237,0.033094545454117046,-0.07145101709843636
4020,3.90625,-0.03820642836323999,0.0026763204803780943,0.05173316615458689,0.0665473393358417,0.03820642836323999,-0.04822227197689165
4021,1.5625,-0.050804738052233026,0.009257696635515449,0.09621692489118247,0.050398106599714526,0.050804738052233026,-0.056627711056989924
4022,3.90625,-0.04993064502034751,0.0017888000175046495,0.04229420784817526,0.061248875078382496,0.04993064502034751,-0.04419784249837158
4023,1.5625,-0.044562274646988274,0.008786897204084205,0.09373845104376434,0.032734171562334304,0.044562274646988274,-0.05662020947808963
4024,3.90625,-0.04485398457420161,0.0014891543327806237,0.03858956248495989,0.02272252675494274,0.04485398457420161,-0.04638856633513622
4025,9.765625,-0.0456514762976906,0.0004875243142094751,0.02207995276737419,0.03859721618371089,0.0456514762976906,-0.03843240897231264
4026,3.90625,-0.046243958123770246,0.002766373094552569,0.052596322062978595,0.023351974129347385,0.046243958123770246,-0.05081738234099912
4027,9.765625,-0.04639373086881743,0.0005978139496657318,0.024450234143372364,0.03141377283624327,0.04639373086881743,-0.039323434874208085
4028,3.90625,-0.03995597838002301,0.003919923999179584,0.0626092964277637,0.06899092309319034,0.03995597838002301,-0.05204158252016193
4029,9.765625,-0.04193218579621448,0.0008208764245886579,0.02865094107684175,0.06084995884165277,0.04193218579621448,-0.038812945915848385
4030,3.90625,-0.04678939887628022,0.005210636695720318,0.07218474004746653,0.06655843418054777,0.04678939887628022,-0.05704325078834119
4031,9.765625,-0.04656271873212833,0.001037459493329584,0.032209618025204584,0.06950088993045218,0.04656271873212833,-0.040733875398133654
4032,3.90625,-0.044760571954322724,0.004751560454603048,0.06893156355838048,0.06661425565550136,0.044760571954322724,-0.053674947183380214
4033,9.765625,-0.045090828561516444,0.000869683165345146,0.029490391068026648,0.03219312514643233,0.045090828561516444,-0.03775659723045007
4034,24.4140625,-0.042292136757031994,0.0003075783743227351,0.017537912484749577,0.19899501204487627,0.042292136757031994,-0.027146057399003137
4035,9.765625,-0.03794593668408367,0.0023518858305773627,0.04849624553073529,0.18447272061056497,0.03794593668408367,-0.046469549182466784
4036,3.90625,-0.03684453703746763,0.009096895707221022,0.09537764783858439,0.1866135728584272,0.03684453703746763,-0.07903984760778324
4037,1.5625,-0.03366530810611316,0.018661565068522512,0.1366073389994934,0.05796482437381482,0.03366530810611316,-0.09071807357252976
4038,3.90625,-0.03127804117607681,0.0033223160949786925,0.05763953586713457,0.05199231552058814,0.03127804117607681,-0.05649283726456898
4039,9.765625,-0.036546583872160976,0.0012262570274725838,0.0350179529309265,0.15051367536134522,0.036546583872160976,-0.037324929020119406
4040,3.90625,-0.053286487047079605,0.004990776659556169,0.07064542914836153,0.28838022571842914,0.053286487047079605,-0.051188134593804446
4041,1.5625,-0.05956692593545206,0.01830082887292677,0.13528055615248916,0.12792959627506179,0.05956692593545206,-0.07608574309728691
4042,3.90625,-0.054626482561821114,0.0027841043172442542,0.05276461235756645,0.08737281649141745,0.054626482561821114,-0.04886159380447204
4043,1.5625,-0.04227794123076715,0.01126546921304256,0.10613891469693178,0.05156335983947498,0.04227794123076715,-0.06540204696896758
4044,3.90625,-0.04184114071009103,0.0016151391941962162,0.04018879438595062,0.02914033254178347,0.04184114071009103,-0.04925582320437639
4045,9.765625,-0.04450554887821173,0.0004952972655111108,0.022255275004167234,0.07249381778968514,0.04450554887821173,-0.0409678393515421
4046,3.90625,-0.04758917783905756,0.0021149581018918076,0.045988673626141986,0.07288317429507338,0.04758917783905756,-0.044036180756898885
4047,1.5625,-0.039960823121200625,0.011323108762874245,0.10641009709080358,0.033389217879174274,0.039960823121200625,-0.06521597334479465
4048,3.90625,-0.04014761120785824,0.0023431651034379357,0.04840625066494962,0.03678861846343183,0.04014761120785824,-0.045420305873337105
4049,9.765625,-0.04135596509271977,0.0010032444516314544,0.0316740343441036,0.04154534480709646,0.04135596509271977,-0.039044602686819085
4050,3.90625,-0.05057106314135243,0.004308057997050285,0.06563579813676593,0.10184786263281578,0.05057106314135243,-0.05255671577509824
4051,1.5625,-0.05350250750386966,0.010836035932234606,0.10409628202887271,0.020756292082526506,0.05350250750386966,-0.06355834128094659
4052,3.90625,-0.05024899795922482,0.0018693415752278212,0.04323588295880889,0.053382214507572204,0.05024899795922482,-0.04598162325715037
4053,9.765625,-0.04609690986719343,0.0006313265147931838,0.025126211707959156,0.11257729821769803,0.04609690986719343,-0.039678231164367646
4054,3.90625,-0.039595812206479765,0.003557459678559926,0.059644443819688066,0.06324449232196169,0.039595812206479765,-0.050792312096325495
4055,9.765625,-0.041139855123502225,0.0007920154102454843,0.028142768347223488,0.04330133200266343,0.041139855123502225,-0.03931302973320495
4056,3.90625,-0.0470180435632227,0.004351513681139078,0.06596600398037672,0.08896231808487111,0.0470180435632227,-0.057533460400852623
4057,1.5625,-0.055273089707379666,0.011836536863894702,0.10879584947917224,0.03755207448201228,0.055273089707379666,-0.06923082182176986
4058,3.90625,-0.051594067925670964,0.0017171901925643663,0.04143899362393308,0.037780329115151924,0.051594067925670964,-0.04806543496208818
4059,9.765625,-0.04682188572037463,0.000617878615098407,0.024857164261001433,0.11779323706627175,0.04682188572037463,-0.03899873280723287
4060,3.90625,-0.04044538940264432,0.003621073745603535,0.060175358292273884,0.06416312274079328,0.04044538940264432,-0.0520986077361929
4061,9.765625,-0.04220790806048454,0.0007788836658363531,0.02790848734411009,0.08572249144954522,0.04220790806048454,-0.038427828344919264
4062,3.90625,-0.043114275002875554,0.004949244975028324,0.07035087046389919,0.02914308033108882,0.043114275002875554,-0.05824166880333424
4063,9.765625,-0.04350274210581154,0.0008510798814980344,0.0291732734107442,0.05375231653286923,0.04350274210581154,-0.03830368281057828
4064,3.90625,-0.04582962079515869,0.004061447160285387,0.06372948423049873,0.04606339051810504,0.04582962079515869,-0.05349233241897182
4065,9.765625,-0.04484535919795407,0.0007878812596689099,0.0280692226409801,0.04801217542654633,0.04484535919795407,-0.03943230787260853
4066,3.90625,-0.047502320140556775,0.004397547150110691,0.0663140041779313,0.06315720973801778,0.047502320140556775,-0.05390412151841278
4067,9.765625,-0.04637248819973458,0.0008734363214666323,0.029553956105175368,0.13718684585788318,0.04637248819973458,-0.0376142891464404
4068,3.90625,-0.0425668228378465,0.004842576990261801,0.06958862687438085,0.04226323794931977,0.0425668228378465,-0.05814867197924421
4069,9.765625,-0.04189682429602594,0.0007784015614262696,0.027899848770670237,0.05056220094026449,0.04189682429602594,-0.0413480877391736
4070,3.90625,-0.04521601984508944,0.004096365158079541,0.06400285273391758,0.11713143052770596,0.04521601984508944,-0.05372594729498307
4071,1.5625,-0.04274286737350068,0.011741944240356943,0.10836025212390817,0.046224157409278856,0.04274286737350068,-0.06699755896827782
4072,3.90625,-0.043238119591920074,0.002115390130811498,0.045993370509362516,0.024346285110775454,0.043238119591920074,-0.04687812239704765
4073,9.765625,-0.043877186343511475,0.0007667843567370578,0.02769087136110126,0.046249549586212434,0.043877186343511475,-0.03790620963541644
4074,3.90625,-0.0477308900554633,0.004605375003861106,0.06786291331692963,0.056314186171323284,0.0477308900554633,-0.05475576398513769
4075,9.765625,-0.04545669414613905,0.0009986838025141606,0.031601958839827644,0.08669983048262553,0.04545669414613905,-0.03753708736641001
4076,3.90625,-0.045503660292723076,0.005180952480764209,0.0719788335607365,0.08400711552153486,0.045503660292723076,-0.0562084546260109
4077,9.765625,-0.04478681623409414,0.0011592771660762949,0.03404815951085014,0.10458159559372537,0.04478681623409414,-0.03838229102344938
4078,3.90625,-0.04069084042218698,0.005842053559603884,0.0764333275450172,0.049690449853778976,0.04069084042218698,-0.060321055758195574
4079,9.765625,-0.041217481126442926,0.0010705425374170786,0.03271914634303711,0.05271227282001784,0.041217481126442926,-0.03815488259440359
4080,3.90625,-0.0478227785422888,0.003939386857921813,0.06276453503310458,0.06732537807214002,0.0478227785422888,-0.05239761035842221
4081,9.765625,-0.047898786172945775,0.0007965920380172757,0.028223962124713738,0.04413085801308777,0.047898786172945775,-0.0395951029757656
4082,3.90625,-0.04359713381536518,0.00499993183995079,0.07071019615268219,0.07262973872829753,0.04359713381536518,-0.05539628898604995
4083,9.765625,-0.04261419430166195,0.0012654235371398592,0.03557279209086432,0.04474948495749081,0.04261419430166195,-0.03884288289525018
4084,3.90625,-0.046058596617367234,0.005205523430246197,0.07214931344265306,0.051269229051882394,0.046058596617367234,-0.055086177939421326
4085,9.765625,-0.043671867176580406,0.000986402401198415,0.03140704381501728,0.08778508468996363,0.043671867176580406,-0.038268078639258754
4086,3.90625,-0.04243054944437394,0.005553139071765619,0.07451938722081401,0.06194512866486467,0.04243054944437394,-0.057300722453663556
4087,9.765625,-0.04231656399628128,0.0011758850966169909,0.03429118103269397,0.05819633447883437,0.04231656399628128,-0.03483602471658399
4088,3.90625,-0.044879786824464356,0.006233512917590143,0.07895259918197844,0.09765564501935392,0.044879786824464356,-0.05534564383157463
4089,9.765625,-0.04306355411814221,0.001478878075479625,0.03845618383926862,0.11954816239384894,0.04306355411814221,-0.03102271921667281
4090,3.90625,-0.04281364236353324,0.0070012497898341115,0.08367347124288625,0.10017912210719866,0.04281364236353324,-0.06550350571088343
4091,9.765625,-0.042340640435168914,0.0013948432818571088,0.037347600751013565,0.05900073399423241,0.042340640435168914,-0.04080710092076138
4092,3.90625,-0.04088933870919251,0.005680583340406961,0.07536964468807691,0.05294198517409312,0.04088933870919251,-0.055574119635994845
4093,9.765625,-0.04074780582132948,0.001222614075390066,0.034965898749925846,0.12511659210694245,0.04074780582132948,-0.03541432003052225
4094,3.90625,-0.04409943694957648,0.006573911382541283,0.08107966072043767,0.07053933007440076,0.04409943694957648,-0.05428733702349317
4095,9.765625,-0.04252673624537614,0.0014811744003098756,0.03848602863780408,0.35292318435274944,0.04252673624537614,-0.03379373383525504
4096,3.90625,-0.04130873822813256,0.004944319085933228,0.07031585230894402,0.0605638756764918,0.04130873822813256,-0.051840263740656846
4097,9.765625,-0.04251346649177037,0.0011674243158503004,0.034167591601549856,0.11221919257384573,0.04251346649177037,-0.03583575925971475
4098,3.90625,-0.044426624407236714,0.007505680028997187,0.08663532783453404,0.1477847493125892,0.044426624407236714,-0.056935616228152505
4099,1.5625,-0.04357186252541909,0.018242171692437744,0.13506358388713718,0.08383008159865256,0.04357186252541909,-0.07776524936262631
4100,3.90625,-0.043010290042498865,0.003981135883639562,0.06309624302317501,0.06852891668955811,0.043010290042498865,-0.0506654899443646
4101,9.765625,-0.038635398038556354,0.0014190439880962837,0.03767020026620888,0.1893758953780225,0.038635398038556354,-0.03098029948790928
4102,3.90625,-0.04298096254609794,0.0060213674912409365,0.07759747090750405,0.08027354215353409,0.04298096254609794,-0.04740358757262819
4103,9.765625,-0.04160031371198293,0.0014274471978469546,0.03778157219924754,0.08737089644779611,0.04160031371198293,-0.02900015196677261
4104,3.90625,-0.0494524736917598,0.010168920033609134,0.10084106323125086,0.15366441400329653,0.0494524736917598,-0.06680096149917261
4105,1.5625,-0.05119584177648335,0.02177366249131538,0.14755901358885326,0.07272204798792503,0.05119584177648335,-0.08622251197980838
4106,3.90625,-0.046569059270013785,0.005667831025092279,0.075284998672327,0.07126832399460299,0.046569059270013785,-0.051494653736622806
4107,9.765625,-0.041216790498734994,0.0015264665683686607,0.039070021351013624,0.18614358520983418,0.041216790498734994,-0.033384705049111625
4108,3.90625,-0.03922223137863497,0.007905763929501103,0.08891436289768433,0.04219116067059888,0.03922223137863497,-0.0580461831261581
4109,9.765625,-0.037859389208127855,0.0012644115650693906,0.0355585652841814,0.13690651457830522,0.037859389208127855,-0.03434480890858571
4110,3.90625,-0.04778058601262533,0.005939770207567207,0.07706990468118673,0.2128553424358171,0.04778058601262533,-0.058557840453702895
4111,1.5625,-0.05090872647647964,0.018799868497860174,0.13711261246821962,0.036952311636768195,0.05090872647647964,-0.0865736823587986
4112,3.90625,-0.04786952013731537,0.0031827962521931734,0.05641627648288367,0.049018721327923766,0.04786952013731537,-0.05276950916126529
4113,9.765625,-0.0434844831075733,0.0009292070108701993,0.030482897022268064,0.08765386504146497,0.0434844831075733,-0.0366833333101457
4114,3.90625,-0.04379105955320877,0.00576236558727582,0.07591024691881736,0.03856246179367211,0.04379105955320877,-0.05524973970860621
4115,9.765625,-0.040307296925712006,0.0010682099567920675,0.03268348140562856,0.09401157201153046,0.040307296925712006,-0.0340974127001222
4116,3.90625,-0.0446555299734127,0.006918850924553707,0.08317963046656139,0.08404608427508532,0.0446555299734127,-0.061277616174359645
4117,9.765625,-0.04263444116867742,0.0012105963468119832,0.034793625088685186,0.08296344160108227,0.04263444116867742,-0.03506698102360479
4118,3.90625,-0.04362976549603621,0.005077550971759892,0.07125693630629858,0.0909140765578204,0.04362976549603621,-0.049417088802024105
4119,1.5625,-0.04414322324335372,0.017988707790453744,0.13412198846741627,0.11507410625635506,0.04414322324335372,-0.07562040653441923
4120,3.90625,-0.04446549277469952,0.005091023204429765,0.07135140646427206,0.06434050617657464,0.04446549277469952,-0.0483850729952299
4121,9.765625,-0.04173063624022659,0.001495983019317114,0.038677939698452325,0.2069577262007063,0.04173063624022659,-0.03219730160615343
4122,3.90625,-0.04429601084440272,0.007632091344724718,0.08736184146825614,0.07148250844029878,0.04429601084440272,-0.057584036103078315
4123,9.765625,-0.04165666385956685,0.001447852944242194,0.038050662862060554,0.19653301005246948,0.04165666385956685,-0.03254897856545749
4124,3.90625,-0.049278054462109235,0.0067506442798844195,0.08216230449472811,0.13392968625013205,0.049278054462109235,-0.058019877016206256
4125,1.5625,-0.04698101184850401,0.016527066913985585,0.12855764043410872,0.052123641142512965,0.04698101184850401,-0.07771882844708469
4126,3.90625,-0.04170725560053328,0.0036483215455323376,0.06040133728264911,0.0657002803246196,0.04170725560053328,-0.05204418905407733
4127,9.765625,-0.03839203981029482,0.0010650131987133878,0.032634539964788656,0.1408873409274263,0.03839203981029482,-0.03371668072488486
4128,3.90625,-0.04208478408760092,0.0059862510643583465,0.07737086702602179,0.06278221882225832,0.04208478408760092,-0.060232031707492015
4129,9.765625,-0.044562460629149786,0.0011586028125453354,0.03403825513367768,0.09194502624737139,0.044562460629149786,-0.03594124434256862
4130,3.90625,-0.04895723477694778,0.005716138865048384,0.07560515104838018,0.0834342722562818,0.04895723477694778,-0.055464307223494026
4131,9.765625,-0.04813939873058533,0.0009874990464812184,0.03142449755336143,0.04510067878432306,0.04813939873058533,-0.03594128458909376
4132,3.90625,-0.0399863723000408,0.006246195594934232,0.07903287667125772,0.12801558211756164,0.0399863723000408,-0.05253707812204453
4133,1.5625,-0.03207884136785656,0.016950061711429966,0.13019240266401863,0.05195838788637381,0.03207884136785656,-0.07999007306272907
4134,3.90625,-0.030647847145713454,0.0038515801111519412,0.06206109982228756,0.058569075244028004,0.030647847145713454,-0.04739529511321532
4135,9.765625,-0.03561005432780539,0.0012205191530451956,0.03493592925692968,0.13327278846901472,0.03561005432780539,-0.03210588697257359
4136,3.90625,-0.049926689571460486,0.006260843005820339,0.07912548897681669,0.17212391517887995,0.049926689571460486,-0.05988160230923748
4137,1.5625,-0.06173017563742166,0.014379537165304265,0.1199147078773253,0.07329730368725913,0.06173017563742166,-0.07016554555103352
4138,3.90625,-0.055627221231430414,0.0031947166011481133,0.05652182411377143,0.09381469835511697,0.055627221231430414,-0.04331459661555519
4139,1.5625,-0.044401460571622545,0.012038482121905012,0.109720016960922,0.07011661187236116,0.044401460571622545,-0.06281748149004762
4140,3.90625,-0.04158553761186159,0.0022551615966535992,0.047488541740651494,0.034212995860870135,0.04158553761186159,-0.04541589854157027
4141,9.765625,-0.04195883810433691,0.0007416563673646494,0.027233368637842977,0.03505345385752763,0.04195883810433691,-0.035223505809092934
4142,3.90625,-0.04608082397055863,0.004899873434955026,0.06999909595812667,0.10518440450392685,0.04608082397055863,-0.0522983341912065
4143,1.5625,-0.039951000898374306,0.01571485728562036,0.1253589138658291,0.035647546170603416,0.039951000898374306,-0.06889200675715257
4144,3.90625,-0.04137902825308793,0.0025881974178216896,0.050874329654764884,0.07268226561930187,0.04137902825308793,-0.048210678128773124
4145,1.5625,-0.05091794947970682,0.008521779463092377,0.09231348473052232,0.040607649115554284,0.05091794947970682,-0.05725176861515709
4146,3.90625,-0.05003193547520369,0.0018699119633506793,0.043242478691105105,0.020403757491618085,0.05003193547520369,-0.0438212180011358
4147,9.765625,-0.04798858176712296,0.0007989969958148351,0.028266534909939616,0.07748830366816947,0.04798858176712296,-0.034581707608274365
4148,3.90625,-0.04369713300476106,0.004192479711340677,0.06474936070217742,0.059237759966147205,0.04369713300476106,-0.05479231735496411
4149,9.765625,-0.04222241241556415,0.000901935225297507,0.030032236435162583,0.05588479127121291,0.04222241241556415,-0.03743524052675217
4150,3.90625,-0.04091540209315534,0.005931808690785093,0.07701823609240277,0.06913439466425095,0.04091540209315534,-0.05492481182034041
4151,9.765625,-0.04129055975131726,0.0009978047802240795,0.03158804805973423,0.08635988382532506,0.04129055975131726,-0.03835112442413389
4152,3.90625,-0.04454281123540884,0.004773779409785547,0.06909254236012413,0.07516503816458259,0.04454281123540884,-0.05843929047117863
4153,9.765625,-0.04603349961640492,0.0007812817857967569,0.027951418314582123,0.06084231826955858,0.04603349961640492,-0.03912234030831371
4154,3.90625,-0.04592452765993361,0.0038108203799106003,0.06173184251187227,0.043414876134865006,0.04592452765993361,-0.04594437935722945
4155,9.765625,-0.045374355818670706,0.0007216333756945328,0.026863234646902313,0.08867031670787655,0.045374355818670706,-0.03561939771443677
4156,3.90625,-0.039878549747643835,0.005477430993365614,0.07400966824250474,0.07942652575784315,0.039878549747643835,-0.060984106026256
4157,9.765625,-0.03799061680636854,0.0013422861596434842,0.036637223689077264,0.0705433661666036,0.03799061680636854,-0.03879290617778216
4158,3.90625,-0.046363081546828035,0.00605085117203115,0.07778721727913365,0.0929285902867814,0.046363081546828035,-0.06420557393052634
4159,9.765625,-0.04479435428547898,0.0011183459015921629,0.033441679108444346,0.11827921863669967,0.04479435428547898,-0.038362584879196325
4160,3.90625,-0.04568422100426735,0.005346252712227922,0.0731180737726858,0.03669009180587955,0.04568422100426735,-0.05264340495752849
4161,9.765625,-0.04550570850597649,0.0012360415319789633,0.035157382325465635,0.02771788201080367,0.04550570850597649,-0.038589267942880964
4162,24.4140625,-0.04179786673121423,0.00039859199224921113,0.019964768775250344,0.26220074893437273,0.04179786673121423,-0.025042820652273725
4163,9.765625,-0.040020321573440154,0.0024740899218843888,0.049740224385143146,0.12098004526952058,0.040020321573440154,-0.05027598453748386
4164,3.90625,-0.035755722248644775,0.009633706979797638,0.09815144919866256,0.12455084409261548,0.035755722248644775,-0.08103940253216789
4165,1.5625,-0.018380302976190883,0.019497262514708957,0.1396325983239908,0.08513696244450776,0.018380302976190883,-0.09358715795646821
4166,3.90625,-0.029977444585204953,0.00547146878894988,0.07396937737300403,0.12020061231012685,0.029977444585204953,-0.05269700234804578
4167,1.5625,-0.0473325434444038,0.01665983570559968,0.12907298596375494,0.07322941375661551,0.0473325434444038,-0.07449370640558303
4168,3.90625,-0.04573671502204822,0.0033111101476879868,0.05754224663399915,0.06363799042761938,0.04573671502204822,-0.04857937666561307
4169,9.765625,-0.0434501082102788,0.0009241733864579391,0.030400220171208286,0.07822855971722943,0.0434501082102788,-0.03662449823649612
4170,3.90625,-0.04581321568986017,0.005471576788598423,0.0739701073988569,0.054239302889652154,0.04581321568986017,-0.053961873915765166
4171,9.765625,-0.044909220507591205,0.0008879557369232468,0.02979858615644787,0.07212958650231766,0.044909220507591205,-0.03340629503295324
4172,3.90625,-0.04374712684706184,0.005489731129507361,0.07409271981448218,0.07144077868051098,0.04374712684706184,-0.053590818946317204
4173,9.765625,-0.04226343395959575,0.0010047709226981881,0.03169812175347599,0.05911377194216753,0.04226343395959575,-0.03580576635356385
4174,3.90625,-0.042810105517881135,0.00541478621850508,0.07358523098085022,0.060672450761953906,0.042810105517881135,-0.05395991276141133
4175,9.765625,-0.04299435699303653,0.0010422671657039908,0.032284162769134817,0.0527020083319737,0.04299435699303653,-0.039336870896014224
4176,3.90625,-0.044636769824374756,0.0056077580143414135,0.0748849652089217,0.1011868149242197,0.044636769824374756,-0.05893519598555287
4177,1.5625,-0.04269127372219992,0.01563294450495879,0.12503177398149157,0.050613340628418095,0.04269127372219992,-0.07498206778394871
4178,3.90625,-0.04114695590760295,0.0033832157287778655,0.058165416948371185,0.12116778773207726,0.04114695590760295,-0.0484007873748971
4179,1.5625,-0.038623713691744464,0.01301847406825693,0.11409852789697565,0.09122977817510836,0.038623713691744464,-0.06408734133065344
4180,3.90625,-0.043373131637901796,0.002356895398667687,0.048547867086697914,0.07517016589667151,0.043373131637901796,-0.04537453219052117
4181,1.5625,-0.047971810774293445,0.010856293556536658,0.10419353893853811,0.02670733571743518,0.047971810774293445,-0.05906665665312957
4182,3.90625,-0.04670663572869964,0.0017925374060626797,0.04233836801369037,0.02257611648226529,0.04670663572869964,-0.04263414457419231
4183,9.765625,-0.0458422235908658,0.0006412793991287908,0.02532349500224625,0.05360307123806697,0.0458422235908658,-0.03559640590447189
4184,3.90625,-0.043250655368212605,0.003819152065763401,0.06179928855386121,0.055059653118953056,0.043250655368212605,-0.050870342690158166
4185,9.765625,-0.042752832063657605,0.0007628247979401756,0.02761928308157501,0.039302560710052586,0.042752832063657605,-0.03722742879567612
4186,3.90625,-0.042030102626681796,0.004865886722917627,0.06975590815778708,0.05530814542722592,0.042030102626681796,-0.05827040616198505
4187,9.765625,-0.04145673546335539,0.0010078252348893369,0.0317462633216783,0.05208822588762046,0.04145673546335539,-0.039331922856403675
4188,3.90625,-0.04608729713314816,0.005932941086724898,0.07702558722090276,0.07889614755470971,0.04608729713314816,-0.06027379836072501
4189,9.765625,-0.046158269319756216,0.0009574903454206138,0.030943340889771645,0.05187887099742308,0.046158269319756216,-0.04039704131109336
4190,3.90625,-0.0472233393688354,0.0040520259236166405,0.06365552547592895,0.06681561997479707,0.0472233393688354,-0.053023476809233
4191,9.765625,-0.045947893568826635,0.0007334226806758983,0.027081777649849693,0.06322283461535116,0.045947893568826635,-0.038360091054145416
4192,3.90625,-0.04154466966539984,0.004300728273690253,0.06557993804274485,0.08904396881152216,0.04154466966539984,-0.05194418713104762
4193,1.5625,-0.03598590828751336,0.012515887540364546,0.11187442755323733,0.05163224590667725,0.03598590828751336,-0.073050666898478
4194,3.90625,-0.036437952562458534,0.0025454724477529285,0.05045267532800345,0.08869545299741236,0.036437952562458534,-0.051078010807411825
4195,1.5625,-0.04449007708703045,0.008929387851288096,0.09449543825650049,0.04174098066091532,0.04449007708703045,-0.05760621389898773
4196,3.90625,-0.04498128664340989,0.0018498764103621122,0.0430101896108598,0.12735228952524186,0.04498128664340989,-0.0445686771876227
4197,1.5625,-0.05398981718252979,0.006858680604072517,0.08281715162979536,0.050139390289037536,0.05398981718252979,-0.053610880717056386
4198,3.90625,-0.05224485430676494,0.0012576884818870566,0.03546390392902418,0.027344459423836884,0.05224485430676494,-0.04274765923989342
4199,9.765625,-0.049252277311003186,0.0004983250769541665,0.022323195939519203,0.07560460771440033,0.049252277311003186,-0.036299687437622186
4200,3.90625,-0.03931466271624136,0.003094057898365723,0.055624256384833794,0.13708328756254687,0.03931466271624136,-0.04773991529071281
4201,1.5625,-0.030849950309197988,0.012128090114914971,0.11012760832286775,0.04244908798643909,0.030849950309197988,-0.06781545107459
4202,3.90625,-0.032923855852900134,0.0022027816867824543,0.04693380111159178,0.03707301809299856,0.032923855852900134,-0.050277714765893
4203,9.765625,-0.039467160256733747,0.0008102696820115037,0.028465236377228694,0.18811117641278208,0.039467160256733747,-0.04154263573546452
4204,3.90625,-0.0544083061413268,0.002945609276711176,0.05427346752061431,0.24171546305772204,0.0544083061413268,-0.05094263967220239
4205,1.5625,-0.06239427746529259,0.01015744597265171,0.10078415536507566,0.05774220186543819,0.06239427746529259,-0.05886390770739219
4206,3.90625,-0.05560078402421315,0.0019018237643422056,0.043609904429409214,0.08161704088179018,0.05560078402421315,-0.04474794587994466
4207,1.5625,-0.041406319072433945,0.007487994601906415,0.0865331994202596,0.0722810350046027,0.041406319072433945,-0.05678048537849265
4208,3.90625,-0.04139199223003303,0.0015431132278120807,0.03928247990914118,0.02540799697865862,0.04139199223003303,-0.047109583320877675
4209,9.765625,-0.04511622148157572,0.0004786838127978567,0.02187884395478556,0.12791037036520614,0.04511622148157572,-0.03997359282530107
4210,3.90625,-0.04918340409308753,0.002390788760698357,0.04889569265997116,0.07341462942161736,0.04918340409308753,-0.044501838949948413
4211,1.5625,-0.04351175751052213,0.010903395782657407,0.1044193266721128,0.11399684933772948,0.04351175751052213,-0.06713304408463647
4212,3.90625,-0.0430676571645275,0.0018263847457731532,0.04273622287677226,0.056564526735435806,0.0430676571645275,-0.05213959091820478
4213,1.5625,-0.04364513500099562,0.005554714285625385,0.07452995562607954,0.01981614374004343,0.04364513500099562,-0.053482332452057156
4214,3.90625,-0.04558749546409695,0.0009969406338193822,0.031574366720797144,0.10427444390425296,0.04558749546409695,-0.04479721416117613
4215,1.5625,-0.048285987468695044,0.005015208514025959,0.07081813690027407,0.03245452808171062,0.048285987468695044,-0.0489782552501217
4216,3.90625,-0.04769818205770799,0.0010394773934141212,0.032240927303880715,0.011732685661231606,0.04769818205770799,-0.04161658323978002
4217,9.765625,-0.047441328706065905,0.0003927317186335999,0.019817459944039245,0.029384924247458193,0.047441328706065905,-0.03602914797875467
4218,3.90625,-0.041951976548499297,0.004048834399689617,0.06363045182685423,0.1734908939480857,0.041951976548499297,-0.04607011184526254
4219,1.5625,-0.033630399890984014,0.01572509218001562,0.12539972958509768,0.08488371951375921,0.033630399890984014,-0.07603307841504262
4220,3.90625,-0.03483695367776831,0.002660957839235472,0.05158447285022376,0.023501039882014494,0.03483695367776831,-0.051074335504223314
4221,9.765625,-0.04074808822995235,0.0008893070965864623,0.02982125243155395,0.1653231167907463,0.04074808822995235,-0.03875057092761445
4222,3.90625,-0.053006464755346046,0.004056597356590445,0.06369142294367779,0.1504843725340709,0.053006464755346046,-0.054428925569757425
4223,1.5625,-0.06327191291978083,0.010955127439457635,0.10466674466829297,0.06496121317718453,0.06327191291978083,-0.06375707896208899
4224,3.90625,-0.05543486315565801,0.002055300510211894,0.04533542224587628,0.11755966601718588,0.05543486315565801,-0.045725055768021786
4225,1.5625,-0.04225671948523274,0.00795657308617882,0.08919962492173844,0.06490780588300306,0.04225671948523274,-0.057044585621210404
4226,3.90625,-0.04237887798301769,0.0013663333990969683,0.03696394728782315,0.015227920010799603,0.04237887798301769,-0.045379512268910085
4227,9.765625,-0.044614781776034305,0.0004554308889452111,0.021340826810252952,0.06397076846079015,0.044614781776034305,-0.037304877778945124
4228,3.90625,-0.04725617608163621,0.0018954482030736344,0.04353674543501885,0.042371871671668504,0.04725617608163621,-0.04119873159718664
4229,9.765625,-0.046397116378362614,0.0004390465539029852,0.02095343775858714,0.034204523571057494,0.046397116378362614,-0.034006612863431845
4230,3.90625,-0.036452065281019116,0.004325372857382362,0.06576756691092017,0.1200897943942599,0.036452065281019116,-0.05274260012856419
4231,1.5625,-0.031147240859923406,0.016824707541401054,0.12971009036077746,0.03610900425705307,0.031147240859923406,-0.08355886178916115
4232,3.90625,-0.03316583105555995,0.0029643726633020243,0.05444605277981154,0.039822383154854306,0.03316583105555995,-0.05549415009995611
4233,9.765625,-0.03927577126266266,0.0009735315872500445,0.031201467709869746,0.16593432908135272,0.03927577126266266,-0.04277192853179414
4234,3.90625,-0.0557910487903066,0.0031030999177452407,0.055705474755586105,0.2798177510854254,0.0557910487903066,-0.0522186496380381
4235,1.5625,-0.06830114886172993,0.010156171436048203,0.10077783206662169,0.09542717993123284,0.06830114886172993,-0.05668598451684298
4236,3.90625,-0.05977634063064355,0.0022067168159641236,0.04697570452866166,0.12282365528343377,0.05977634063064355,-0.04284272305236009
4237,1.5625,-0.042739982968628944,0.009089178538435445,0.09533718339889975,0.060939908199135924,0.042739982968628944,-0.060949957867727035
4238,3.90625,-0.03783938917622154,0.001555157089690131,0.0394354800869741,0.059271005539759704,0.03783938917622154,-0.047519823014530484
4239,1.5625,-0.04241375183745772,0.006717998669097346,0.08196339835010104,0.024120580509024214,0.04241375183745772,-0.05289316342395437
4240,3.90625,-0.046695570867857784,0.001264616410610475,0.035561445564128505,0.044339819816870275,0.046695570867857784,-0.04359822756440667
4241,9.765625,-0.048068313606782154,0.0004895146646462145,0.022124978297078948,0.038045254077507445,0.048068313606782154,-0.037904069220433406
4242,3.90625,-0.04182456733263622,0.003140675397212476,0.05604172907051027,0.06113242973046802,0.04182456733263622,-0.053411460715369355
4243,9.765625,-0.042693196211325876,0.0010275991953802809,0.0320561880980924,0.1440422927895697,0.042693196211325876,-0.04321066251832792
4244,3.90625,-0.049688805901602115,0.003445633494078071,0.05869951868693704,0.13898823886048126,0.049688805901602115,-0.0526306110587802
4245,1.5625,-0.04943271437463628,0.009432835506114987,0.09712278572052485,0.05015098550769561,0.04943271437463628,-0.0582418670938781
4246,3.90625,-0.04709845799512625,0.001566292346246331,0.039576411487732575,0.039481596251248544,0.04709845799512625,-0.04434494914224946
4247,9.765625,-0.04507752479623937,0.0006744476479641667,0.025970129918122604,0.06888190486869838,0.04507752479623937,-0.03542918364832835
4248,3.90625,-0.04112856459218968,0.0006331100798288656,0.025161678795916333,0.1455318682067175,0.04112856459218968,-0.026986925557010193
4249,1.5625,-0.0502816827100645,0.021256216457669293,0.14579511808585804,0.051222305002931054,0.0502816827100645,-0.0951951321582344
4250,3.90625,-0.044327980446078406,0.003217272849091225,0.056721008886401386,0.055284014474715905,0.044327980446078406,-0.057485615787641504
4251,9.765625,-0.042384422803047946,0.0009119757130985382,0.030198935628570393,0.06913506838856506,0.042384422803047946,-0.04109224472584914
4252,3.90625,-0.04471452445812572,0.004033627794751941,0.06351084785099267,0.06642448078668403,0.04471452445812572,-0.051748513656162495
4253,9.765625,-0.044542642125343694,0.000886712818434103,0.029777723526725527,0.08824722526001678,0.044542642125343694,-0.03873159366239226
4254,3.90625,-0.04679523998456188,0.004235097641405341,0.06507762781021863,0.07318393598000063,0.04679523998456188,-0.05368896298070513
4255,9.765625,-0.04379531165577648,0.0010418500854467605,0.03227770260484412,0.10752733977698027,0.04379531165577648,-0.03809067926405198
4256,3.90625,-0.04604470036945532,0.005130573048762473,0.07162801860139978,0.05785021790536131,0.04604470036945532,-0.05520520835500811
4257,9.765625,-0.044551809558596916,0.0009942300479271948,0.031531413668391,0.09634536052155383,0.044551809558596916,-0.03794692904017324
4258,3.90625,-0.045604043336418196,0.004472131076071946,0.0668739940191398,0.1150912494465547,0.045604043336418196,-0.05438101178947846
4259,1.5625,-0.04367444221525795,0.01702039464563607,0.13046223455711645,0.021627527746984346,0.04367444221525795,-0.07480998140618299
4260,3.90625,-0.03930026933127485,0.0030851087871953797,0.05554375560938763,0.047879220475047196,0.03930026933127485,-0.04562453026467551
4261,9.765625,-0.03804411200802428,0.0012468561148641613,0.035310849817926517,0.06935217918419269,0.03804411200802428,-0.030575441886555525
4262,3.90625,-0.051829368568790064,0.0066747722467372286,0.0816992793526187,0.16898477438612955,0.051829368568790064,-0.0640327475176812
4263,1.5625,-0.06069948113156337,0.013844372983017546,0.11766211362633916,0.04204195779019862,0.06069948113156337,-0.07214625825948934
4264,3.90625,-0.05384405135711617,0.002612051964443824,0.051108237735651034,0.0632617847023084,0.05384405135711617,-0.04720344900355047
4265,9.765625,-0.04707862674056236,0.0009828915609482345,0.03135110143118156,0.15380447586369314,0.04707862674056236,-0.03496850129464048
4266,3.90625,-0.04142896748490154,0.004943695114242234,0.07031141524846612,0.08616139172094256,0.04142896748490154,-0.05797335007162829
4267,9.765625,-0.041125313587446956,0.0009277390202292958,0.030458808581907727,0.09783740097180223,0.041125313587446956,-0.038137246324889844
4268,3.90625,-0.04260012855210045,0.004532594719624432,0.06732454767485951,0.052075152278520456,0.04260012855210045,-0.05354365002669579
4269,9.765625,-0.04307290770515247,0.0007612021025641868,0.02758989131120648,0.041575130838920824,0.04307290770515247,-0.03696394148820791
4270,3.90625,-0.041298094523213535,0.00482345106706996,0.06945106958909963,0.04047372339890408,0.041298094523213535,-0.05722820660325641
4271,9.765625,-0.04321517013614944,0.0009508928273934821,0.030836550186320814,0.08205016253321924,0.04321517013614944,-0.03954658262151796
4272,3.90625,-0.04417419186623181,0.005391523161947788,0.07342699205297591,0.03502364694400358,0.04417419186623181,-0.06005076850004512
4273,9.765625,-0.04601398815174454,0.000984848166503081,0.031382290650987875,0.054071383590953814,0.04601398815174454,-0.03843080157400762
4274,3.90625,-0.045127682115022855,0.004371761511334163,0.0661192975713911,0.03273331053503155,0.045127682115022855,-0.05525742757809701
4275,9.765625,-0.043207472324152646,0.0008322019457327062,0.028847910595616907,0.05247603208197962,0.043207472324152646,-0.036409824830643894
4276,3.90625,-0.05073497071197068,0.005376812892640255,0.07332675427591388,0.10325129314753793,0.05073497071197068,-0.06162270312775077
4277,1.5625,-0.04496210219357507,0.014165055962218358,0.11901704063796226,0.05078199231010274,0.04496210219357507,-0.07542057492450316
4278,3.90625,-0.04012572405593176,0.0026719985182383655,0.05169137760050863,0.047436074229026695,0.04012572405593176,-0.051127833889269114
4279,9.765625,-0.04133858175074719,0.0009218834105525769,0.030362533006199878,0.044009525828638964,0.04133858175074719,-0.03720245038388363
4280,3.90625,-0.04870662780790149,0.004766264482430307,0.06903813788356626,0.10914855684967188,0.04870662780790149,-0.05561906496546904
4281,1.5625,-0.05195330305049223,0.010761538282995836,0.10373783438551161,0.04126173085248185,0.05195330305049223,-0.06313533198967827
4282,3.90625,-0.047129837408998,0.002230749986684182,0.0472308160704871,0.07122442971574953,0.047129837408998,-0.04599119027199236
4283,1.5625,-0.04335842535681886,0.008121930377800231,0.09012175307771277,0.07413222296227301,0.04335842535681886,-0.0550757342417241
4284,3.90625,-0.04134917641488896,0.0017298056482481204,0.041590932283950076,0.0321408848675843,0.04134917641488896,-0.04366934021490171
4285,9.765625,-0.0432579774762159,0.0007109678880079936,0.026663981098253006,0.06881653520540146,0.0432579774762159,-0.03499999258980362
4286,3.90625,-0.047204393564615754,0.005506829050527259,0.07420801203729459,0.0931379237935427,0.047204393564615754,-0.05171329453796601
4287,1.5625,-0.05037215342965343,0.016221298542103853,0.12736286170663666,0.09622203653082304,0.05037215342965343,-0.06876206891756272
4288,3.90625,-0.04860985878276851,0.0023282111097427316,0.04825153997275871,0.0411546893708511,0.04860985878276851,-0.04707659441351471
4289,9.765625,-0.04616869745066021,0.000798529725955891,0.028258268275955817,0.10167926441796805,0.04616869745066021,-0.036935349901816385
4290,3.90625,-0.04667307266494593,0.004942499826400574,0.07030291477883811,0.05742881885789881,0.04667307266494593,-0.05225447007147378
4291,9.765625,-0.04395310340598721,0.0010684017017297295,0.032686414635590265,0.10771343684219048,0.04395310340598721,-0.03614540918189305
4292,3.90625,-0.03920989227069792,0.005867881847317187,0.07660210080224424,0.09221308613068727,0.03920989227069792,-0.05012169829667322
4293,9.765625,-0.0383537267431291,0.0011108088312258768,0.03332879882662855,0.20181911123923318,0.0383537267431291,-0.03211299045932074
4294,3.90625,-0.04474644209706042,0.009157192047838915,0.09569321840046406,0.12505083018289756,0.04474644209706042,-0.05415540526992542
4295,1.5625,-0.038198353313770875,0.023373142024509106,0.15288277216386778,0.06743323148047255,0.038198353313770875,-0.07883223341804518
4296,3.90625,-0.04272771682978097,0.00550981079916932,0.07422809979495178,0.06658300784307776,0.04272771682978097,-0.045867380061151444
4297,9.765625,-0.042453269357464546,0.0013548494076569533,0.03680827906404962,0.12645560364013886,0.042453269357464546,-0.035045496694527604
4298,3.90625,-0.042558379524758,0.006244946026649608,0.0790249709057182,0.06858219221575382,0.042558379524758,-0.05415124387647552
4299,9.765625,-0.044628686532640835,0.0010628313142555497,0.03260109375857733,0.08081546370183096,0.044628686532640835,-0.03728328512593716
4300,3.90625,-0.044318745151453356,0.005088532031730512,0.0713339472602667,0.09052335339532008,0.044318745151453356,-0.05468967817909563
4301,1.5625,-0.04445743818355682,0.017452581066844858,0.13210821725708383,0.12310614797563091,0.04445743818355682,-0.07574211266875416
4302,3.90625,-0.04076958854995645,0.0037630767694099452,0.06134392202500542,0.05217262146825294,0.04076958854995645,-0.0469599807757046
4303,9.765625,-0.03823577570429328,0.001323423875761362,0.036378893272904306,0.09151828045206636,0.03823577570429328,-0.03247105134699316
4304,3.90625,-0.044383845427204666,0.006069714723305768,0.07790837389719907,0.09393841327785228,0.044383845427204666,-0.05542345040173878
4305,9.765625,-0.042942848174605565,0.0010861101362428253,0.03295618509844283,0.08516575581640279,0.042942848174605565,-0.03485901751805179
4306,3.90625,-0.0434503625921288,0.006625105600273585,0.08139475167523755,0.08431507692200949,0.0434503625921288,-0.062084798011953365
4307,9.765625,-0.04306671197667099,0.0012574803369101869,0.03546096920432642,0.04326231169160945,0.04306671197667099,-0.03840921006058477
4308,24.4140625,-0.0399733020506432,0.0004960858894000784,0.0222729856418056,0.2536118229443204,0.0399733020506432,-0.01818889326705484
4309,9.765625,-0.0403120368894348,0.003746197133264197,0.06120618541670603,0.09066093858178224,0.0403120368894348,-0.06204102603569286
4310,3.90625,-0.04551022112392047,0.00958027674110213,0.09787888812763522,0.0867902666455586,0.04551022112392047,-0.08071238008824744
4311,9.765625,-0.042382440430357445,0.0017396793474698967,0.04170946352412,0.1513617921921442,0.042382440430357445,-0.040743596040611015
4312,3.90625,-0.03993022932914483,0.007937699336343989,0.08909376710154301,0.06587672816022683,0.03993022932914483,-0.06349732505246855
4313,9.765625,-0.036413446664321655,0.001319436511239734,0.036324048662555966,0.09611484990600623,0.036413446664321655,-0.03208348581607427
4314,3.90625,-0.04735786974783743,0.009191209750393448,0.09587079717199314,0.15328224067370808,0.04735786974783743,-0.06875230053829443
4315,1.5625,-0.05140539221856694,0.021418718416391327,0.1463513526291825,0.051128959921657786,0.05140539221856694,-0.09295647120863186
4316,3.90625,-0.04625251805755416,0.0038846582615574632,0.062327026734454956,0.06730865528396157,0.04625251805755416,-0.054086602387325704
4317,9.765625,-0.04224857251862802,0.0013204832780554152,0.03633845453586896,0.13587634681152153,0.04224857251862802,-0.03554853860032864
4318,3.90625,-0.04303083463033591,0.006336634271501964,0.07960297903660367,0.0391626191540521,0.04303083463033591,-0.05583021709250938
4319,9.765625,-0.041225299875646486,0.0009956056481973611,0.03155321930005497,0.059099673245909916,0.041225299875646486,-0.032922152443864816
4320,3.90625,-0.046188933360733736,0.006960305920935569,0.0834284479115821,0.0850371407126072,0.046188933360733736,-0.06248387345453399
4321,9.765625,-0.04312616410959942,0.0012934215089002482,0.03596416979300716,0.12382651089214992,0.04312616410959942,-0.036348336233155656
4322,3.90625,-0.04421614349499879,0.006082965671891835,0.07799336940978915,0.04184469183508589,0.04421614349499879,-0.05636051088926519
4323,9.765625,-0.043636424129869456,0.001068437299604051,0.032686959167289496,0.08518810039992299,0.043636424129869456,-0.033822054410963316
4324,3.90625,-0.04366022370311826,0.006334232272206285,0.079587890235929,0.11593910571660812,0.04366022370311826,-0.05328674096076838
4325,1.5625,-0.03591116332356801,0.0193390233162805,0.13906481696058318,0.120016264378704,0.03591116332356801,-0.0829934925150483
4326,3.90625,-0.03830645176895972,0.005525453557308891,0.07433339463060254,0.05130896199630379,0.03830645176895972,-0.049622019822898496
4327,9.765625,-0.039511675764095755,0.0016263603831624474,0.04032815868797443,0.04926739453281964,0.039511675764095755,-0.03487213431046053
4328,24.4140625,-0.037277962345098066,0.0005114899024079543,0.022616142518297726,0.14397471031688344,0.037277962345098066,-0.019832262588390888
4329,9.765625,-0.03951214648895475,0.0035578234288745946,0.05964749306445825,0.13518825121430816,0.03951214648895475,-0.0530996002540054
4330,3.90625,-0.040154794833962025,0.009920563866739765,0.09960202742283795,0.1103317537989215,0.040154794833962025,-0.08297918536650913
4331,9.765625,-0.04026492970099289,0.0018957971535750505,0.0435407527906334,0.037295640133890154,0.04026492970099289,-0.04082850120760123
4332,24.4140625,-0.038624319386880705,0.000575426287115688,0.023988044670537195,0.16833027932431502,0.038624319386880705,-0.02136674674709098
4333,9.765625,-0.03706638648148602,0.0032593301858685,0.05709054375173265,0.09224759285469533,0.03706638648148602,-0.04896095193653671
4334,3.90625,-0.03696654666410655,0.013138064462348335,0.11462139618041797,0.05195459987975167,0.03696654666410655,-0.1069539164226034
4335,9.765625,-0.03929174105422686,0.0018152605772170825,0.04260587491434817,0.07328735538515135,0.03929174105422686,-0.0444394011258441
4336,3.90625,-0.04182742151252901,0.007213776038855179,0.08493395103758673,0.05633875493393997,0.04182742151252901,-0.06357713000933254
4337,9.765625,-0.04305149700532103,0.0013310315670439798,0.036483305319611324,0.04850684964788691,0.04305149700532103,-0.03658742715773533
4338,3.90625,-0.044101827135884286,0.005528291521863033,0.07435248161200159,0.038422778209499346,0.044101827135884286,-0.05863663035149559
4339,9.765625,-0.043276699623754834,0.001165073092744866,0.0341331670482665,0.04297621621486686,0.043276699623754834,-0.038985935144157935
4340,3.90625,-0.044698293296645104,0.006046525753949491,0.07775940942387288,0.04831449815745239,0.044698293296645104,-0.056084266476258554
4341,9.765625,-0.043611625129734766,0.0010983281071581825,0.03314103358614789,0.06855996184709237,0.043611625129734766,-0.03716173775346571
4342,3.90625,-0.04284143100475561,0.0063110812732582134,0.07944231412325684,0.0603272312099485,0.04284143100475561,-0.0612994909119826
4343,9.765625,-0.041955613395140916,0.0010071528633675253,0.03173567178062449,0.06857531030403775,0.041955613395140916,-0.037323168449588856
4344,3.90625,-0.03741806325260527,0.0054096179718880495,0.0735501051793133,0.060527211451883736,0.03741806325260527,-0.05313649899454974
4345,9.765625,-0.04019832688687263,0.001192890919954789,0.03453825299511817,0.09635252361781921,0.04019832688687263,-0.03903474376234478
4346,3.90625,-0.04359811081784269,0.005706443361061703,0.07554100450127535,0.11413958655790363,0.04359811081784269,-0.05884620878565638
4347,1.5625,-0.045202192182084315,0.014270794128423903,0.11946042913209337,0.09605706072099525,0.045202192182084315,-0.07100960320511204
4348,3.90625,-0.04819826276788483,0.002674438714220205,0.05171497572483434,0.044589176417028996,0.04819826276788483,-0.04774539854810937
4349,9.765625,-0.044855005880202276,0.0009048392342993716,0.030080545777950433,0.11733231815922388,0.044855005880202276,-0.03373004756809036
4350,3.90625,-0.04448042607281019,0.005880404138436701,0.07668379319280379,0.09966250190677359,0.04448042607281019,-0.05368651991132934
4351,1.5625,-0.04691450639854966,0.017261456111622914,0.1313828607985947,0.03611421262170544,0.04691450639854966,-0.08090850224333385
4352,3.90625,-0.044105627902664715,0.0029539823640614884,0.05435055072454637,0.06786524283737161,0.044105627902664715,-0.04922229289681013
4353,9.765625,-0.042122840351505986,0.0008376470295333499,0.02894213242892358,0.061927922619702556,0.042122840351505986,-0.03598926464043564
4354,3.90625,-0.04203263538533941,0.005216549403359088,0.07222568382064021,0.04677923227322048,0.04203263538533941,-0.06004183355933822
4355,9.765625,-0.04316341659774845,0.0009409267229367706,0.030674528895107266,0.036714018989393624,0.04316341659774845,-0.037914926937281206
4356,24.4140625,-0.04170492400174213,0.00039917059615704296,0.019979254144162715,0.21062381400926639,0.04170492400174213,-0.025949038063813608
4357,9.765625,-0.04155804119884673,0.0028222259955728714,0.053124627015847095,0.1824859240340867,0.04155804119884673,-0.057744868775291044
4358,3.90625,-0.04003322666213822,0.008906392518026265,0.09437368551681272,0.06513329544186848,0.04003322666213822,-0.07624487197464624
4359,9.765625,-0.04155075713141914,0.0014035760574424847,0.037464330468359966,0.08598159722570878,0.04155075713141914,-0.044091393813101946
4360,3.90625,-0.04563873780416853,0.005393996885243989,0.07344383490289698,0.0723316348546394,0.04563873780416853,-0.06056166396332037
4361,9.765625,-0.04620397544694624,0.000679406217773279,0.026065421879825367,0.041193293859342235,0.04620397544694624,-0.03915180030735022
4362,3.90625,-0.04167473594522003,0.005153209998738515,0.07178586210904286,0.067652986340795,0.04167473594522003,-0.05628465659782429
4363,9.765625,-0.04168077534923328,0.0011122077699533112,0.03334977915898861,0.06971978763449316,0.04168077534923328,-0.03678126329379772
4364,3.90625,-0.043387946066845866,0.005842639922642969,0.07643716322995621,0.09304796220726713,0.043387946066845866,-0.05835094060130647
4365,9.765625,-0.0428834167816777,0.0012722849655514676,0.03566910379518201,0.06652965166579619,0.0428834167816777,-0.04199944468664167
4366,3.90625,-0.043844820140564254,0.004554767174637399,0.06748901521460658,0.044384375133100104,0.043844820140564254,-0.0549485188158447
4367,9.765625,-0.041971589904970914,0.0009161370669470959,0.030267756225843632,0.08424379775102372,0.041971589904970914,-0.03550987190872268
4368,3.90625,-0.044746514204056446,0.00639858029190323,0.07999112633225781,0.08827582209405625,0.044746514204056446,-0.05666059356563377
4369,9.765625,-0.04550666885706931,0.001212339979407731,0.03481867285534776,0.08087175856848132,0.04550666885706931,-0.041480753036758564
4370,3.90625,-0.0469431665502719,0.004254609253195544,0.06522736583057409,0.04658606528938277,0.0469431665502719,-0.055265437605855824
4371,9.765625,-0.0439186610595198,0.0010315198687113492,0.03211728302193928,0.09486792433432073,0.0439186610595198,-0.035879031058952716
4372,3.90625,-0.04495291270141485,0.004849607833418916,0.06963912573703748,0.06491159338564315,0.04495291270141485,-0.05472923345351924
4373,9.765625,-0.04371866769850612,0.0009978095857781613,0.03158812412566092,0.2313692759402816,0.04371866769850612,-0.03654436290786618
4374,3.90625,-0.04294278738877161,0.004270480143557124,0.06534891080620338,0.24410913392584532,0.04294278738877161,-0.04273346938929064
4375,1.5625,-0.04797429292832821,0.02010146525716555,0.14177963625699408,0.05748443316365088,0.04797429292832821,-0.09288069812739078
4376,3.90625,-0.042752409759600554,0.004095493576755026,0.06399604344609927,0.11308505842252767,0.042752409759600554,-0.05358970620025075
4377,1.5625,-0.03544973836863318,0.013234029042629727,0.11503925000898488,0.1140827216461572,0.03544973836863318,-0.0639705173876832
4378,3.90625,-0.03706226395318502,0.0027327339392661486,0.052275557761406515,0.022088249074623135,0.03706226395318502,-0.045434362047211505
4379,9.765625,-0.03866364413652503,0.0008873073971498687,0.02978770546970459,0.03831344308145437,0.03866364413652503,-0.03296629124141898
4380,3.90625,-0.05086238808333711,0.005913423134574403,0.07689878500063836,0.10122142913538056,0.05086238808333711,-0.05995079683997514
4381,1.5625,-0.06155467700132547,0.01525443924103146,0.12350886300598618,0.053406004755453616,0.06155467700132547,-0.07385830098014178
4382,3.90625,-0.05391333273857541,0.002414000320171394,0.049132477244399085,0.06891600300411493,0.05391333273857541,-0.047033434259231705
4383,1.5625,-0.04272390906463364,0.008621296078157505,0.09285093471881425,0.051146686616283826,0.04272390906463364,-0.05822670533527507
4384,3.90625,-0.04221311364942803,0.001539704627889837,0.03923907017106594,0.01859216778124777,0.04221311364942803,-0.04648779956805802
4385,9.765625,-0.04353601349407035,0.000521926630623494,0.022845713615982626,0.13600629423409388,0.04353601349407035,-0.03705651934033926
4386,3.90625,-0.04361044774206411,0.003294771194369023,0.05740009751184246,0.08976774893537419,0.04361044774206411,-0.04714689027965211
4387,1.5625,-0.04795356237106318,0.011867860571552563,0.1089397107190604,0.04404981601336444,0.04795356237106318,-0.06570998012623028
4388,3.90625,-0.044660839800152945,0.0022359991641017598,0.047286352831464595,0.03980357732498436,0.044660839800152945,-0.04527526862935918
4389,9.765625,-0.043557247731207865,0.0008756353237297659,0.029591135897930075,0.049474998002107716,0.043557247731207865,-0.03690321503895099
4390,3.90625,-0.0464040681279831,0.004990720749048113,0.07064503343511215,0.06271272678941774,0.0464040681279831,-0.05503161875223729
4391,9.765625,-0.04673769767126918,0.0008152187147642078,0.0285520352122963,0.05978507054733843,0.04673769767126918,-0.03785187553454737
4392,3.90625,-0.04347092338295862,0.0034519127819403112,0.058752981047265264,0.06463950919145917,0.04347092338295862,-0.044766523750985165
4393,9.765625,-0.04169507425254541,0.0008269717588781901,0.02875711666489167,0.07523584435702564,0.04169507425254541,-0.03431309101013324
4394,3.90625,-0.03974846154236172,0.005565387846270598,0.07460152710414578,0.05472208481347269,0.03974846154236172,-0.05611771700185852
4395,9.765625,-0.039117589915284086,0.0011964820075355113,0.03459020103346483,0.06237040559390128,0.039117589915284086,-0.0377825638208065
4396,3.90625,-0.04372634569685657,0.005304651307500963,0.07283303719810785,0.14168013017234335,0.04372634569685657,-0.058846585475831555
4397,1.5625,-0.047972324326728454,0.013840139897067047,0.11764412393769205,0.034287585498190824,0.047972324326728454,-0.07714427009352585
4398,3.90625,-0.045931634246930905,0.002873816263770166,0.05360798694010218,0.03194487822444325,0.045931634246930905,-0.04966683967136561
4399,9.765625,-0.04377812653547456,0.0009036090746356868,0.030060091061666575,0.06593837311485233,0.04377812653547456,-0.0373343164753021
4400,3.90625,-0.04963109225751477,0.004506145086067676,0.06712782646613605,0.12231536440686334,0.04963109225751477,-0.05018948609650192
4401,1.5625,-0.04037511130625562,0.014201865310495634,0.11917157929009599,0.10421462248256137,0.04037511130625562,-0.067952083793366
4402,3.90625,-0.0402107789066222,0.002532281290647486,0.05032177749888696,0.040710951144328926,0.0402107789066222,-0.04710086123911143
4403,9.765625,-0.03837073230493392,0.001785344800507358,0.042253340702332144,0.3741767299998521,0.03837073230493392,-0.020806577125093248
4404,3.90625,-0.0516938790081524,0.010476567270324007,0.10235510378248858,0.15317111328923722,0.0516938790081524,-0.07815248176734156
4405,1.5625,-0.06035329783552384,0.01617492232855322,0.12718066806143621,0.05558587482960815,0.06035329783552384,-0.07835169820633993
4406,3.90625,-0.0549310069516213,0.003659983731078695,0.06049779939038027,0.06301588041660437,0.0549310069516213,-0.047533664337784554
4407,9.765625,-0.046084994088080276,0.0012192106526041986,0.03491719708974646,0.23218771848958697,0.046084994088080276,-0.03541376817281472
4408,3.90625,-0.03628322374059013,0.006279815835405426,0.07924528904234891,0.10022481245011326,0.03628322374059013,-0.058664140415161506
4409,1.5625,-0.03232239001965349,0.014667838104607325,0.12111085048255307,0.0353115558090722,0.03232239001965349,-0.07242472189833699
4410,3.90625,-0.038472815048400194,0.003117192251661467,0.05583182113867921,0.0543746997071581,0.038472815048400194,-0.04732387623752185
4411,9.765625,-0.04081518602795171,0.0008484149395094522,0.029127563226426137,0.0992921336493361,0.04081518602795171,-0.033958253951440184
4412,3.90625,-0.048441735976752456,0.004927251539256241,0.07019438395809341,0.08920536506030266,0.048441735976752456,-0.05305318634554351
4413,1.5625,-0.0519564779938244,0.015502524396899888,0.12450913378905135,0.06671241245472088,0.0519564779938244,-0.07074266013398642
4414,3.90625,-0.04826518387985032,0.0025860860743771195,0.05085357484363434,0.04427219701122368,0.04826518387985032,-0.04670066808065503
4415,9.765625,-0.044928454251462614,0.0008123138458755127,0.028501120081068965,0.09001327143344044,0.044928454251462614,-0.03631279645150141
4416,3.90625,-0.04277285624434571,0.004082951037483134,0.06389797365709757,0.0661109325487544,0.04277285624434571,-0.055718602331231645
4417,9.765625,-0.04182153091857905,0.0008400717528659986,0.02898399132048584,0.07326288620880254,0.04182153091857905,-0.03923032998611606
4418,3.90625,-0.045093608998849725,0.004396710335240933,0.0663076943894216,0.05206028012066312,0.045093608998849725,-0.05247852295658112
4419,9.765625,-0.04396209076397163,0.0008739319242348627,0.029562339627215953,0.06096204102753715,0.04396209076397163,-0.03782548998900801
4420,3.90625,-0.04601156810732975,0.004448012342632535,0.06669342053480638,0.052295995777371,0.04601156810732975,-0.05496384476813708
4421,9.765625,-0.043248910942514235,0.000844165372835071,0.02905452413713002,0.08378194991598725,0.043248910942514235,-0.036441781276327766
4422,3.90625,-0.04188960628898591,0.0047984576808490385,0.06927090067877736,0.04393634244015953,0.04188960628898591,-0.0506421489277542
4423,9.765625,-0.04240577316770044,0.00097831473237559,0.03127802315325554,0.05171436682005017,0.04240577316770044,-0.034994114960116354
4424,3.90625,-0.04431398045229625,0.006983686062651467,0.08356845135965765,0.17054419504608748,0.04431398045229625,-0.058342650810785844
4425,1.5625,-0.04766384074863713,0.017882283064406396,0.13372465391395258,0.1264068254955806,0.04766384074863713,-0.07721020786666438
4426,3.90625,-0.045329663828987975,0.003182524514460024,0.05641386810404002,0.07278678449376799,0.045329663828987975,-0.04879153696929743
4427,1.5625,-0.03908624471970583,0.012189440533728613,0.11040579936637664,0.03564411618196055,0.03908624471970583,-0.06256645059408383
4428,3.90625,-0.03988600781551135,0.0028763286675115947,0.05363141493109794,0.08252166113474112,0.03988600781551135,-0.04437541767990104
4429,1.5625,-0.04876366541385617,0.010343945016345276,0.10170518677208787,0.06665016788244918,0.04876366541385617,-0.06021914513855771
4430,3.90625,-0.048226855855454526,0.002120549934357746,0.04604942925116169,0.030946734926181163,0.048226855855454526,-0.04446009397347487
4431,9.765625,-0.04610514367920528,0.0007434468168158815,0.02726622116861597,0.10438666950917587,0.04610514367920528,-0.03691612849216181
4432,3.90625,-0.0446513080591321,0.004512483102473741,0.06717501844044213,0.06671186023042609,0.0446513080591321,-0.049741232616386646
4433,9.765625,-0.04246718480398575,0.0012416647484149008,0.035237263634040894,0.08635060297956425,0.04246718480398575,-0.03844529486504024
4434,3.90625,-0.045215955453449294,0.004595020827884556,0.06778658294887385,0.0834717548587386,0.045215955453449294,-0.050179248917061145
4435,9.765625,-0.043717928149102574,0.0009462436616120737,0.03076107380460041,0.11029810945042083,0.043717928149102574,-0.03550343609736786
4436,3.90625,-0.04221182762528175,0.0062514152619235425,0.07906589189988021,0.08417117369734872,0.04221182762528175,-0.062347308836752206
4437,9.765625,-0.04206451285166003,0.0014008001619919505,0.03742726495473521,0.10697517855106817,0.04206451285166003,-0.0404337559614381
4438,3.90625,-0.04509986367892353,0.004536028925388632,0.06735004770145774,0.11122284205224556,0.04509986367892353,-0.055364059440785776
4439,1.5625,-0.045512388863388965,0.018387748478129472,0.13560143243391448,0.036769385368978176,0.045512388863388965,-0.07837107617116018
4440,3.90625,-0.04414197024440327,0.002311682573949133,0.04807996021160098,0.025646509225874952,0.04414197024440327,-0.048534404619878645
4441,9.765625,-0.04277625478312309,0.0008018673629375725,0.028317262631433367,0.10841680611782865,0.04277625478312309,-0.03592215908109246
4442,3.90625,-0.046554984690953156,0.004972145504411201,0.07051344201222347,0.10054010863620247,0.046554984690953156,-0.053763076602705406
4443,1.5625,-0.047381963685504076,0.012936853276022306,0.11374028871082711,0.049749998156912535,0.047381963685504076,-0.0706087621845697
4444,3.90625,-0.044348459777004745,0.0021445913218901625,0.04630973247482825,0.03994735294914791,0.044348459777004745,-0.04918304401932635
4445,9.765625,-0.043439399872575495,0.0008622442174810228,0.029363995257475146,0.03833539932919661,0.043439399872575495,-0.03623494754947437
4446,3.90625,-0.045971595722504484,0.005148383805601266,0.07175223902848793,0.0850619467241221,0.045971595722504484,-0.04925848531301465
4447,9.765625,-0.045680595657544384,0.0009850747217379691,0.031385900046644655,0.07765778922004499,0.045680595657544384,-0.03513982529089434
4448,3.90625,-0.039849968039259304,0.006150424273832014,0.07842464073129066,0.14931846385476646,0.039849968039259304,-0.054221482839429715
4449,1.5625,-0.045608767279963935,0.015961857905511363,0.12634024657848095,0.10472808731938978,0.045608767279963935,-0.07571364761490718
4450,3.90625,-0.04283842027138687,0.0025530598678776537,0.050527812815098716,0.08338018238364123,0.04283842027138687,-0.04818701937179867
4451,1.5625,-0.03846105308336876,0.010160625049923842,0.10079992584284893,0.040813327425758314,0.03846105308336876,-0.060384620033683716
4452,3.90625,-0.040493500988664666,0.001866923186727142,0.04320790653025372,0.08113705394110649,0.040493500988664666,-0.04520068827331162
4453,1.5625,-0.05075014638981128,0.006021316527840543,0.07759714252368152,0.05701021203580638,0.05075014638981128,-0.05067616828130418
4454,3.90625,-0.05070084398822754,0.0011373199250779781,0.033724174194158976,0.012215436158897522,0.05070084398822754,-0.04308969483873534
4455,9.765625,-0.04909611388824279,0.00047498285930439184,0.021794101479629572,0.08395620250554249,0.04909611388824279,-0.037286297838445975
4456,3.90625,-0.04125800085437759,0.0025878131012747425,0.05087055239797129,0.12629016177927407,0.04125800085437759,-0.04085202604243732
4457,1.5625,-0.030406351969557377,0.014485900122760704,0.1203573849946928,0.08104740815307837,0.030406351969557377,-0.06422704294772795
4458,3.90625,-0.035389302610597195,0.0031291830362376273,0.05593910113898531,0.06452736384480211,0.035389302610597195,-0.049162125415455275
4459,9.765625,-0.03883670704938382,0.0010007059485999115,0.03163393665985806,0.10433837769879005,0.03883670704938382,-0.040409675461273165
4460,3.90625,-0.05156723782509054,0.0036894962788240546,0.06074122388315908,0.20909369912083975,0.05156723782509054,-0.05327917133237574
4461,1.5625,-0.06052604794287748,0.013628816560115489,0.11674252250193795,0.08189055489924382,0.06052604794287748,-0.06601072175649592
4462,3.90625,-0.05536731650171553,0.0020779335555297295,0.04558435647817933,0.07227543789469637,0.05536731650171553,-0.04498631167580887
4463,1.5625,-0.04014600876578259,0.010430005237901954,0.1021273970974584,0.0978212992513031,0.04014600876578259,-0.05182995242632393
4464,3.90625,-0.039211864126431725,0.002393351267332265,0.04892188944973676,0.05596806325849872,0.039211864126431725,-0.04392630548557411
4465,9.765625,-0.0406882266888774,0.0007004120629024663,0.026465299221857787,0.06603404492163839,0.0406882266888774,-0.03351933196776347
4466,3.90625,-0.04752366635138984,0.00460664614084988,0.06787227814689795,0.09836399295846422,0.04752366635138984,-0.05026125518806934
4467,1.5625,-0.04860569553271896,0.012735877710264644,0.11285334603043298,0.03823801260191902,0.04860569553271896,-0.06716569878762975
4468,3.90625,-0.04796966045862191,0.00238591867119353,0.04884586646988187,0.06630257511162108,0.04796966045862191,-0.04721813891759095
4469,1.5625,-0.04786585444558415,0.009563588075527702,0.09779359935868862,0.08041158768200277,0.04786585444558415,-0.06024515273941686
4470,3.90625,-0.044842594063785365,0.0015613503725805113,0.039513926311877834,0.039190531424448005,0.044842594063785365,-0.04708485539365596
4471,9.765625,-0.04428865039747135,0.0006131855975627365,0.024762584630097412,0.02645993160308101,0.04428865039747135,-0.038922302678765536
4472,24.4140625,-0.04426469385882073,0.00026140070892196997,0.016167891294846398,0.08965915911030159,0.04426469385882073,-0.03144285420158837
4473,9.765625,-0.042248677080250444,0.0016886221156219296,0.041092847499557994,0.20695403968654386,0.042248677080250444,-0.040065962782844564
4474,3.90625,-0.0336230927876495,0.009289405860821363,0.09638156390524778,0.09756852594461154,0.0336230927876495,-0.07862935891844366
4475,9.765625,-0.033993224149366986,0.0017531664625737339,0.041870830688842724,0.05100896610193199,0.033993224149366986,-0.04246873103368179
4476,24.4140625,-0.03460487435868393,0.0004547761781218587,0.021325481896591662,0.09759772185708086,0.03460487435868393,-0.021313922362022213
4477,9.765625,-0.042315184351634616,0.0030330768039690944,0.055073376544107905,0.28212033407500636,0.042315184351634616,-0.05074850447329841
4478,3.90625,-0.048102126092721624,0.01155558504238681,0.10749690712939981,0.07236445067437776,0.048102126092721624,-0.08712425281889125
4479,9.765625,-0.04468100555824196,0.0015803599249851995,0.039753741018741864,0.10104363586380556,0.04468100555824196,-0.04042325831126918
4480,3.90625,-0.039571828472420315,0.007061813644383931,0.08403459790100701,0.16415588397786754,0.039571828472420315,-0.06147301734351246
4481,1.5625,-0.03444642221034775,0.017556457960167783,0.1325007847530262,0.05965633298461115,0.03444642221034775,-0.0781531213651006
4482,3.90625,-0.03657087462676165,0.004687548054750076,0.06846567062952115,0.042469786433431134,0.03657087462676165,-0.046820196873030455
4483,9.765625,-0.03656596542821634,0.0013123652479498798,0.036226582062759936,0.05544976774504902,0.03656596542821634,-0.03157745672917765
4484,3.90625,-0.048960436423576253,0.006874511498495726,0.08291267393164767,0.19176745703991152,0.048960436423576253,-0.05719245653934788
4485,1.5625,-0.0618690013566141,0.01688179975659088,0.12992998020699795,0.06893467465520547,0.0618690013566141,-0.07327925115504699
4486,3.90625,-0.05483163214551157,0.004768853595609229,0.06905688666316509,0.11395510536736103,0.05483163214551157,-0.04364322744246073
4487,1.5625,-0.038891530018501846,0.01538191477419662,0.12402384760277606,0.06463627343292419,0.038891530018501846,-0.0687067210102521
4488,3.90625,-0.037384484996870734,0.002252011759099887,0.04745536596740022,0.02124470758920889,0.037384484996870734,-0.04771139466662637
4489,9.765625,-0.04124065566744573,0.0008637265685334811,0.02938922538165103,0.11214029667516687,0.04124065566744573,-0.036729307971940114
4490,3.90625,-0.047700688307508295,0.0041545651859391745,0.06445591660925454,0.08735982799472386,0.047700688307508295,-0.05554887760439951
4491,1.5625,-0.04919711913078524,0.01025492162895254,0.10126658693247512,0.02580984135456674,0.04919711913078524,-0.06180966123054151
4492,3.90625,-0.04642901935045221,0.002348907280949177,0.04846552672724374,0.0742733945426979,0.04642901935045221,-0.04520381127401914
4493,1.5625,-0.0401576377964793,0.009609411984407235,0.09802760827648115,0.022679329345749948,0.0401576377964793,-0.058974665293846595
4494,3.90625,-0.041857362220323706,0.0013681523768832669,0.036988543860001666,0.02079770954543275,0.041857362220323706,-0.045060912842100176
4495,9.765625,-0.04367245156708029,0.0006548912132610362,0.02559084237107165,0.04842930987593852,0.04367245156708029,-0.03644887888111754
4496,3.90625,-0.047404031485808976,0.004626817590439378,0.06802071442170671,0.05292498177077979,0.047404031485808976,-0.057411348111029596
4497,9.765625,-0.047054936784459524,0.0007367377546493932,0.02714291352543778,0.06401651279149632,0.047054936784459524,-0.03981791694727435
4498,3.90625,-0.04683269283063625,0.0037313703269453574,0.061084943537220014,0.05900201588423739,0.04683269283063625,-0.05348338337770447
4499,9.765625,-0.044993012483215966,0.000884422180284822,0.029739236376962033,0.05468885615783484,0.044993012483215966,-0.04045087218540779
4500,3.90625,-0.04352528444506402,0.004504511944045974,0.06711566094471524,0.06957874756474199,0.04352528444506402,-0.05457110996135361
4501,9.765625,-0.044771033816276694,0.0007318559717097229,0.02705283666659973,0.04629042844127619,0.044771033816276694,-0.038435587722695244
4502,3.90625,-0.0467999442288013,0.0041784629118373755,0.06464103117863587,0.062447652127681504,0.0467999442288013,-0.05397645697941411
4503,9.765625,-0.04433111140091113,0.0009634625585077896,0.031039693273416696,0.07115320528129679,0.04433111140091113,-0.03988621984690542
4504,3.90625,-0.045289376508369276,0.004316988807293299,0.06570379598846096,0.05552470612051424,0.045289376508369276,-0.057404384911111994
4505,9.765625,-0.043349740878193536,0.0009532897312908844,0.030875390382809485,0.07215221250801362,0.043349740878193536,-0.0397953362037558
4506,3.90625,-0.04313210599141245,0.004930184119583679,0.07021526984626406,0.1113673088565778,0.04313210599141245,-0.051922599178434656
4507,1.5625,-0.05059526714411509,0.013799369956511012,0.11747071957092546,0.07038899648483989,0.05059526714411509,-0.06935217434477915
4508,3.90625,-0.046759481639164845,0.002895783185318317,0.0538124816870428,0.11372750625904658,0.046759481639164845,-0.047184376662999475
4509,1.5625,-0.03969473280798759,0.008859567875100376,0.09412527755656488,0.04074261795787845,0.03969473280798759,-0.05483228926238974
4510,3.90625,-0.03774280760700139,0.0019442336620496357,0.04409346507193142,0.11144920504826861,0.03774280760700139,-0.041427027751513135
4511,1.5625,-0.05052725153318967,0.00890711066359853,0.0943774902378662,0.0536504290259554,0.05052725153318967,-0.05530347690182501
4512,3.90625,-0.04825822148111095,0.0019905666197398047,0.04461576649279719,0.06053777143719986,0.04825822148111095,-0.043917584716772845
4513,1.5625,-0.047010624929519323,0.00993647309595413,0.09968185941260391,0.024557220898795563,0.047010624929519323,-0.05832703215844016
4514,3.90625,-0.043506438452344295,0.0018788184074793196,0.043345338936030015,0.04993084881754709,0.043506438452344295,-0.04394581912387126
4515,9.765625,-0.04468426610761422,0.0007375776108842881,0.027158380122612027,0.046180198192687455,0.04468426610761422,-0.03742561547475837
4516,3.90625,-0.047786964139481795,0.004337680859818782,0.06586107241625194,0.06877648836710185,0.047786964139481795,-0.050558741119110864
4517,9.765625,-0.04613908316501622,0.0009281847209701615,0.030466124154052834,0.1408344500911685,0.04613908316501622,-0.0349903321224743
4518,3.90625,-0.03873553448703837,0.00541103110845522,0.07355971117707859,0.11842620821657532,0.03873553448703837,-0.04957459427390576
4519,1.5625,-0.041305698473339696,0.01618583987740119,0.12722358223773292,0.038100748891266814,0.041305698473339696,-0.0775665797725749
4520,3.90625,-0.04003515939912413,0.002489389828997713,0.04989378547472333,0.040224561003666906,0.04003515939912413,-0.051645084579191536
4521,9.765625,-0.04056618165339036,0.0010324882493456479,0.03213235517894149,0.07092267787480498,0.04056618165339036,-0.03765992323137939
4522,3.90625,-0.05237539836892448,0.006099583954628276,0.07809983325608497,0.22500272749655664,0.05237539836892448,-0.05735855908955813
4523,1.5625,-0.05206931605342815,0.01428490803901055,0.1195194881139078,0.04208926663480503,0.05206931605342815,-0.0627727034785339
4524,3.90625,-0.04979715249610934,0.0031253958448241356,0.0559052398691226,0.09929737805900056,0.04979715249610934,-0.04033430723017881
4525,1.5625,-0.04104323421551777,0.012698982249525401,0.11268976106783349,0.053147200021668645,0.04104323421551777,-0.05829817044802845
4526,3.90625,-0.04181535928735171,0.0019242390106009848,0.043866148800652476,0.029742792860963114,0.04181535928735171,-0.04307865939806847
4527,9.765625,-0.043727021387878894,0.0005559078153197852,0.02357769741344106,0.0920340568571215,0.043727021387878894,-0.03603901254620698
4528,3.90625,-0.04649882390660582,0.0037244575332462827,0.061028333856056424,0.08090399378609826,0.04649882390660582,-0.04581087431234726
4529,1.5625,-0.0384576082663452,0.013988296436237143,0.11827212873808074,0.09556703597590872,0.0384576082663452,-0.06880464851665732
4530,3.90625,-0.039585111362523996,0.002716393897428484,0.05211903584515435,0.04152002285201115,0.039585111362523996,-0.04899534499802929
4531,9.765625,-0.0414045784697366,0.0008390975757440011,0.028967181011344566,0.099361173351574,0.0414045784697366,-0.037379294120654195
4532,3.90625,-0.047698906947008464,0.004449057420483052,0.06670125501430278,0.09532045773004016,0.047698906947008464,-0.055028108049510686
4533,1.5625,-0.05566179159482033,0.011972156866161031,0.10941735175995182,0.04975104338104745,0.05566179159482033,-0.06173879169973588
4534,3.90625,-0.04966569304835873,0.0026785622715855164,0.05175482848571249,0.08490555452925505,0.04966569304835873,-0.04260901046075316
4535,1.5625,-0.03867461517411023,0.01191595137315093,0.1091602096606219,0.06455997399820568,0.03867461517411023,-0.0594060388255402
4536,3.90625,-0.03681374359023176,0.0024744752766979964,0.049744097908173954,0.03133078213742506,0.03681374359023176,-0.045546272650911594
4537,9.765625,-0.04069206751599824,0.0007645453639692843,0.027650413450241287,0.11603842849130641,0.04069206751599824,-0.035149858435644526
4538,3.90625,-0.04914922778138102,0.004487967311503931,0.0669922929261563,0.10159422241231121,0.04914922778138102,-0.05167436290447624
4539,1.5625,-0.05290306260994892,0.014018603385613965,0.11840018321613344,0.03455760611280488,0.05290306260994892,-0.07066526340328144
4540,3.90625,-0.05115227629887466,0.0022798419486244536,0.04774769050566167,0.04078178261464883,0.05115227629887466,-0.04772445056316013
4541,9.765625,-0.04729297984813576,0.0008283008870418453,0.028780216938755782,0.1074778532557786,0.04729297984813576,-0.03636571056183113
4542,3.90625,-0.04478710444437624,0.004711945906064953,0.06864361518790332,0.03460527279162685,0.04478710444437624,-0.052784462140343706
4543,9.765625,-0.04430967761134846,0.0006390256103733088,0.025278955879808582,0.027473929909814832,0.04430967761134846,-0.03896219431679186
4544,24.4140625,-0.04350439078521078,0.00017048477771530252,0.01305698195278306,0.06043885142899586,0.04350439078521078,-0.03130005334037244
4545,9.765625,-0.03770642231755618,0.0017848003261586374,0.04224689723705917,0.18825295756356503,0.03770642231755618,-0.03984070751740715
4546,3.90625,-0.03290679426978184,0.009116480448300025,0.09548026208751223,0.08257471130812848,0.03290679426978184,-0.07718991258262836
4547,9.765625,-0.03124560280953412,0.001941265236164661,0.04405979160373618,0.05830933303075432,0.03124560280953412,-0.04614403542503834
4548,3.90625,-0.05123818673645788,0.007174655350996391,0.08470333730731269,0.20354314821265315,0.05123818673645788,-0.06394319730722396
4549,1.5625,-0.06570332597362782,0.018771176991259915,0.13700794499320074,0.1037326151688382,0.06570332597362782,-0.08013433384227481
4550,3.90625,-0.055634370969928806,0.0039026144832134168,0.06247090909546152,0.1264140372659241,0.055634370969928806,-0.043659326056609715
4551,1.5625,-0.04540755133398164,0.012823771241824149,0.11324209129923445,0.045531968959083256,0.04540755133398164,-0.06288753458329416
4552,3.90625,-0.04107984688151653,0.0028298373621175117,0.05319621567477814,0.0530116842523415,0.04107984688151653,-0.044469700531981536
4553,9.765625,-0.04046660594729128,0.001111949925375568,0.0333459131735145,0.11685050970403056,0.04046660594729128,-0.03380803716898049
4554,3.90625,-0.04739180192842641,0.00520107606571396,0.07211848629660747,0.08787153386467732,0.04739180192842641,-0.05452813308471019
4555,9.765625,-0.047443798265854084,0.0010278932922083088,0.0320607749782863,0.04514173590900995,0.047443798265854084,-0.03940939660594839
4556,3.90625,-0.040741250360877064,0.00569906709124352,0.07549216576071666,0.07261745015923424,0.040741250360877064,-0.05851269839837811
4557,9.765625,-0.041603007270112395,0.0010517103909863776,0.032430084658945584,0.057362472613897,0.041603007270112395,-0.03985814739828326
4558,3.90625,-0.04736915761895436,0.0046141901049118,0.0679278301207377,0.09351231106885909,0.04736915761895436,-0.05614570704541103
4559,1.5625,-0.047252766046326396,0.012318918521393944,0.11099062357421885,0.03419991543854498,0.047252766046326396,-0.07270086794233263
4560,3.90625,-0.044166601593625385,0.0023337555456383326,0.048308959268838866,0.03983364312601215,0.044166601593625385,-0.0466435301078853
4561,9.765625,-0.043517744436632436,0.0009218041574902728,0.03036122786532641,0.09740949539476927,0.043517744436632436,-0.035365989005563085
4562,3.90625,-0.04815633647162762,0.005161408525809123,0.07184294346565376,0.0797674491050812,0.04815633647162762,-0.05511525824754447
4563,9.765625,-0.046137653071951015,0.001047909655702335,0.03237143271006606,0.07268648461865568,0.046137653071951015,-0.03901306972689793
4564,3.90625,-0.043050667135090995,0.004608390619108378,0.06788512811439909,0.08319807002522403,0.043050667135090995,-0.05599671203622744
4565,9.765625,-0.043062421822989375,0.0008039936684995149,0.028354782109893117,0.03743938746945491,0.043062421822989375,-0.03791266454570079
4566,3.90625,-0.04784422539493232,0.00547168869337034,0.0739708638138716,0.17326421937800784,0.04784422539493232,-0.057095357535163566
4567,1.5625,-0.042456011186338224,0.013617263251589176,0.1166930300043202,0.044850281400605325,0.042456011186338224,-0.0683849981482782
4568,3.90625,-0.042095775414431144,0.0029009011497040547,0.05386001438640779,0.0825321152204843,0.042095775414431144,-0.04833479159066886
4569,1.5625,-0.04531096099286572,0.010478444720989832,0.1023642746322653,0.04210933513262561,0.04531096099286572,-0.0583176972710432
4570,3.90625,-0.04468556863836243,0.001961778595554877,0.0442919698766591,0.03946302486434717,0.04468556863836243,-0.043660736720171796
4571,9.765625,-0.04328603772838324,0.0006783566678501377,0.02604528110522399,0.04609925688245488,0.04328603772838324,-0.03436469461870145
4572,3.90625,-0.04308039607136161,0.0037567009489250834,0.06129193216831301,0.05344999695519296,0.04308039607136161,-0.04697162118810577
4573,9.765625,-0.04203893077154723,0.0009047275993863275,0.03007869012085346,0.05265784845902695,0.04203893077154723,-0.03199470248626482
4574,3.90625,-0.04326478970630773,0.006297770853132336,0.07935849578420912,0.08591979488577936,0.04326478970630773,-0.06142075018597642
4575,9.765625,-0.04216171507640884,0.0011819239771779777,0.034379121239176226,0.06066849144845225,0.04216171507640884,-0.040631713294433255
4576,3.90625,-0.045694604689714556,0.006705819953753729,0.08188907102754145,0.0954951853705146,0.045694604689714556,-0.06371966332961305
4577,9.765625,-0.04302150208968371,0.0011360095060715227,0.03370474011280198,0.09287029974177699,0.04302150208968371,-0.03723506777960997
4578,3.90625,-0.04690064862678738,0.004845484681728325,0.06960951574122841,0.10329897418177636,0.04690064862678738,-0.052167310391222396
4579,1.5625,-0.04880685463393503,0.01826376064340146,0.13514348169039253,0.027728895714758672,0.04880685463393503,-0.07517450990874476
4580,3.90625,-0.045075531088877664,0.00321086022766356,0.056664452945948046,0.0674184779539659,0.045075531088877664,-0.04850375373393141
4581,9.765625,-0.041810276086162966,0.0010462571739313768,0.032345898873448804,0.11144788710921848,0.041810276086162966,-0.036345366538571254
4582,3.90625,-0.047278265454587305,0.005685605654386142,0.07540295520989972,0.13839689462937035,0.047278265454587305,-0.05666471770875738
4583,1.5625,-0.04594375126370135,0.01237879139602336,0.11126001705924442,0.13282794619334737,0.04594375126370135,-0.06480525615896562
4584,3.90625,-0.043555708884521524,0.0025252177142071714,0.050251544396238926,0.03554680864928734,0.043555708884521524,-0.04822238266023523
4585,9.765625,-0.042451998892392914,0.0007803728851310007,0.027935155004599505,0.05000890366289555,0.042451998892392914,-0.03545908436313505
4586,3.90625,-0.043841335767043146,0.004204654805011527,0.06484330963955746,0.04716135060396075,0.043841335767043146,-0.050374301766085774
4587,9.765625,-0.04507497620225576,0.0009972302694821822,0.03157895295101125,0.06541156140218776,0.04507497620225576,-0.037676372309525155
4588,3.90625,-0.04342207390318126,0.00557519134184155,0.07466720392408939,0.05091476994164637,0.04342207390318126,-0.05325056814886571
4589,9.765625,-0.04328956710407085,0.0010500187033502689,0.03240399208971433,0.10558557084079333,0.04328956710407085,-0.03494081777645305
4590,3.90625,-0.040635690827211614,0.005786491721060726,0.07606899316449986,0.05955581053682777,0.040635690827211614,-0.05473498912017549
4591,9.765625,-0.04156341894306733,0.0012328669730722807,0.03511220547149212,0.0829577977180314,0.04156341894306733,-0.03734121407869978
4592,3.90625,-0.0459866097637553,0.00630075250934595,0.07937727955369817,0.07093368177591877,0.0459866097637553,-0.0610456727265787
4593,9.765625,-0.044305412799993026,0.0011805445835476804,0.03435905388027558,0.0514484843708924,0.044305412799993026,-0.04081612204652128
4594,3.90625,-0.043984563030396044,0.0060120018863505705,0.07753710006410203,0.0633871651406514,0.043984563030396044,-0.059831052863014364
4595,9.765625,-0.044470187249891206,0.0009886792679164157,0.03144327063007943,0.031758079015212215,0.044470187249891206,-0.04024725438988673
4596,24.4140625,-0.04411264735468405,0.0003083156971318759,0.01755892072799111,0.07299599940222325,0.04411264735468405,-0.03145770559986738
4597,9.765625,-0.04054786905091709,0.0018380110399109318,0.042872030974878385,0.08050809005561403,0.04054786905091709,-0.04585739605659198
4598,3.90625,-0.03533094565229815,0.008477147018136812,0.09207142346101103,0.13204027112242345,0.03533094565229815,-0.0714120999414131
4599,1.5625,-0.03176687895574001,0.01827990649515652,0.13520320445594666,0.03976716672791429,0.03176687895574001,-0.08672845494381301
4600,3.90625,-0.031102858061499733,0.004648479701653114,0.06817976020530662,0.02855639864429215,0.031102858061499733,-0.054140580763177834
4601,9.765625,-0.03050628140346055,0.00167575255758626,0.04093595678112654,0.061302524059144964,0.03050628140346055,-0.03240766245151565
4602,3.90625,-0.056589838108962565,0.00730490125078242,0.08546871504113315,0.24873964213142513,0.056589838108962565,-0.06267621203365487
4603,1.5625,-0.07584012376984355,0.016153048990380767,0.12709464579745586,0.09439089908540427,0.07584012376984355,-0.07335069932940236
4604,3.90625,-0.0630831155211779,0.0033415901222667564,0.05780648858274265,0.1303926454514036,0.0630831155211779,-0.047175310788309575
4605,1.5625,-0.0377285533679619,0.012197485766342303,0.11044222818443271,0.08250158930751533,0.0377285533679619,-0.06372753576660913
4606,3.90625,-0.03548212519635227,0.00208763947416615,0.04569069351811318,0.02451811724238889,0.03548212519635227,-0.04467537745488562
4607,9.765625,-0.0380474098238893,0.0007625888881518193,0.02761501200709171,0.05392685147314081,0.0380474098238893,-0.03409389385351604
4608,3.90625,-0.05054062456883371,0.004964083892019539,0.07045625516602155,0.2743327426248084,0.05054062456883371,-0.053897180774466806
4609,1.5625,-0.059023437468931655,0.016565880654863765,0.1287085104212762,0.0689868751520206,0.059023437468931655,-0.06838332204690176
4610,3.90625,-0.05161543523260757,0.0034164253110601237,0.058450195132780554,0.09807071585173487,0.05161543523260757,-0.04419616168401562
4611,1.5625,-0.04129164013464235,0.012743046632281908,0.11288510367750879,0.05049599998591786,0.04129164013464235,-0.06748768697332116
4612,3.90625,-0.042396397186920794,0.002229715198386585,0.04721986021142571,0.025444581730211416,0.042396397186920794,-0.04498397154476673
4613,9.765625,-0.04472702193394224,0.0007362391012207109,0.027133726268625747,0.07378052817384838,0.04472702193394224,-0.03869320282445452
4614,3.90625,-0.04486448808542333,0.003264504011516219,0.0571358382411269,0.09326440230183133,0.04486448808542333,-0.04876706905900566
4615,1.5625,-0.04270868384909037,0.011128663897725391,0.10549248265978667,0.03458923370471405,0.04270868384909037,-0.06505259336065393
4616,3.90625,-0.04044702379921263,0.0029016763185770135,0.05386721005005748,0.027789521725361956,0.04044702379921263,-0.04575028242699647
4617,9.765625,-0.04156253143192099,0.00095048375206161,0.030829916510779105,0.04433187215359976,0.04156253143192099,-0.037083054886392526
4618,3.90625,-0.05041890686624839,0.004362492138937923,0.06604916455897018,0.14122498342106152,0.05041890686624839,-0.05037299024943666
4619,1.5625,-0.05266447374314127,0.013150831657051415,0.11467707555153042,0.04759519168815557,0.05266447374314127,-0.06381152919961128
4620,3.90625,-0.05015381509028907,0.0027218675926035225,0.05217152089601684,0.04318907253016961,0.05015381509028907,-0.04614891852423261
4621,9.765625,-0.04544782798307998,0.0010236147626832162,0.03199398010068794,0.1510850262955903,0.04544782798307998,-0.03509031767835066
4622,3.90625,-0.043861435921466824,0.004964405388217874,0.07045853665964029,0.05616124387598488,0.043861435921466824,-0.05661577648785178
4623,9.765625,-0.043556841820831874,0.0008631004216745532,0.029378570790195926,0.06805407235418726,0.043556841820831874,-0.03801094455432167
4624,3.90625,-0.04215625078658191,0.004526850888537513,0.0672818763749757,0.03659995885114342,0.04215625078658191,-0.05204051722052304
4625,9.765625,-0.04169225978943433,0.0009129321501042775,0.030214767086712377,0.07758009471265286,0.04169225978943433,-0.03376342673585984
4626,3.90625,-0.04397832341972191,0.0058218622072032265,0.07630112847922517,0.07250002221532724,0.04397832341972191,-0.06306967595403129
4627,9.765625,-0.044319567846891644,0.0010393499785022297,0.032238951262443846,0.14905069231124876,0.044319567846891644,-0.043780462684403366
4628,3.90625,-0.04412782453063969,0.0043070213512770485,0.06562790070752719,0.09292510595009829,0.04412782453063969,-0.057139601828972306
4629,1.5625,-0.041363777748323366,0.011532096177807611,0.1073875978770715,0.019693241179595825,0.041363777748323366,-0.06598986970713998
4630,3.90625,-0.04258455554437519,0.00196193722572412,0.04429376057329203,0.031405575971245235,0.04258455554437519,-0.0465767848410217
4631,9.765625,-0.04392138559878984,0.0007715946927431339,0.027777593357653105,0.043718783003198154,0.04392138559878984,-0.03843609922527389
4632,3.90625,-0.050415065101426196,0.003295954291434686,0.057410402292918015,0.052997287934774866,0.050415065101426196,-0.04936793448219065
4633,9.765625,-0.0491032206683533,0.0005620065105734189,0.023706676497843786,0.045117127222747605,0.0491032206683533,-0.03719185644901739
4634,3.90625,-0.03934691828455378,0.0038273223043798175,0.06186535625355937,0.10162891470168725,0.03934691828455378,-0.047035901044074305
4635,1.5625,-0.03304798944418243,0.016081398041112742,0.12681245223207674,0.03312977383605122,0.03304798944418243,-0.0778976432428966
4636,3.90625,-0.0355064740580478,0.0024584156954324064,0.04958241316669053,0.037142308392259196,0.0355064740580478,-0.05325712632859428
4637,9.765625,-0.04120091079391677,0.0007452962834197101,0.027300115080704516,0.14741626520481796,0.04120091079391677,-0.04090517226854001
4638,3.90625,-0.050987347631384045,0.0034475925593395263,0.05871620355012342,0.12753850136431838,0.050987347631384045,-0.05052237363477223
4639,1.5625,-0.05543556524761193,0.012876275934782315,0.11347367948023152,0.04046514987166243,0.05543556524761193,-0.06448397255986736
4640,3.90625,-0.0481229363369705,0.002280739884869519,0.04775709250854285,0.0919935773988239,0.0481229363369705,-0.04519051020365934
4641,1.5625,-0.046054702415053064,0.008794449552460434,0.09377872654531215,0.030186642405112585,0.046054702415053064,-0.057820436723823254
4642,3.90625,-0.04552336427861441,0.0016138588233801363,0.04017286177732595,0.023251445035060873,0.04552336427861441,-0.04444066579554182
4643,9.765625,-0.046229419557752484,0.0005235927285825177,0.022882148688060693,0.05508881820925205,0.046229419557752484,-0.03750957489342194
4644,3.90625,-0.04322429396078791,0.0035477282625475046,0.059562809390990824,0.05104020900413847,0.04322429396078791,-0.045650806248564796
4645,9.765625,-0.04359501862426622,0.0007238831605656129,0.026905076854854233,0.04639626676312987,0.04359501862426622,-0.03194894324246849
4646,3.90625,-0.040618943105468444,0.006151257296242445,0.0784299515251823,0.06306574925930122,0.040618943105468444,-0.055758755905175705
4647,9.765625,-0.04011995550136611,0.0012477184501981974,0.035323058335854744,0.06327950442478582,0.04011995550136611,-0.03877001169160202
4648,3.90625,-0.043449440508404505,0.005942234474193418,0.07708589024064921,0.056527135383002455,0.043449440508404505,-0.059968311368166057
4649,9.765625,-0.04422604997289073,0.001124736429588185,0.033537090356621356,0.10765658106612504,0.04422604997289073,-0.0357949375869369
4650,3.90625,-0.04847028737645633,0.006244944107029422,0.0790249587600615,0.06507076564091516,0.04847028737645633,-0.06287794260917362
4651,9.765625,-0.04565942464550659,0.001197454527712518,0.03460425591907039,0.09342216178598753,0.04565942464550659,-0.03809660669475837
4652,3.90625,-0.04375538817080743,0.0056620892010038355,0.07524685509045435,0.06910677018031729,0.04375538817080743,-0.05790254967189514
4653,9.765625,-0.04157841199218105,0.0009886878640084328,0.03144340732186054,0.06426848458506754,0.04157841199218105,-0.0361161771591618
4654,3.90625,-0.04185685997845108,0.006391143557406855,0.07994462807097708,0.05431178740060903,0.04185685997845108,-0.05597322178768446
4655,9.765625,-0.041350288839452805,0.0011500868965971436,0.03391293111185088,0.051643905729652446,0.041350288839452805,-0.03561772993229392
4656,3.90625,-0.04753432075787593,0.006920058197297258,0.08318688717158046,0.07337508027409614,0.04753432075787593,-0.05682329139698014
4657,9.765625,-0.045374730525214686,0.001244834904535861,0.035282217965086335,0.0791132062025596,0.045374730525214686,-0.03714829873854257
4658,3.90625,-0.040120307378615,0.00583462753192232,0.07638473363128473,0.16465519334846154,0.040120307378615,-0.0580314731745666
4659,1.5625,-0.04953219856290569,0.017506420055323928,0.13231182885639486,0.03650445720345656,0.04953219856290569,-0.08541515290069646
4660,3.90625,-0.04428686097465699,0.003569196773152028,0.059742754984617404,0.056484715302700265,0.04428686097465699,-0.04887883595474105
4661,9.765625,-0.04028640221202434,0.001134376825256465,0.033680511059906215,0.10019162360280776,0.04028640221202434,-0.03405572850155185
4662,3.90625,-0.046834202424181064,0.005828840945036825,0.07634684633327578,0.0877112601746453,0.046834202424181064,-0.05385261899070506
4663,9.765625,-0.04583190297888849,0.0010786358864832318,0.03284259256641034,0.09041318213384232,0.04583190297888849,-0.03691073181318046
4664,3.90625,-0.03992747831133441,0.0064899242671601996,0.0805600662062799,0.10576210059812534,0.03992747831133441,-0.05707713294242211
4665,1.5625,-0.04136446626034793,0.015594715119109199,0.12487880172034482,0.03285475217041292,0.04136446626034793,-0.07423586951898477
4666,3.90625,-0.04137254415911878,0.002960769093042571,0.05441294968151029,0.040652169929492415,0.04137254415911878,-0.049037415259242045
4667,9.765625,-0.04044303628345412,0.0010161901819185257,0.03187773803014458,0.049111077081047304,0.04044303628345412,-0.0347978113879862
4668,3.90625,-0.04656157476781243,0.004896719699941602,0.06997656536256693,0.12219340657235891,0.04656157476781243,-0.05345944566449069
4669,1.5625,-0.05709888219777343,0.014040882806167268,0.11849423110922855,0.06887958835100114,0.05709888219777343,-0.07192827261667543
4670,3.90625,-0.05031000166303662,0.002524558588203735,0.05024498570209504,0.07441109757270335,0.05031000166303662,-0.046085877403978646
4671,1.5625,-0.04149100487734432,0.012714034314910595,0.11275652670648646,0.07816566542099049,0.04149100487734432,-0.06095882547024983
4672,3.90625,-0.03946074185698031,0.0025478672240503014,0.050476402645694765,0.025691145579738537,0.03946074185698031,-0.04272723916547501
4673,9.765625,-0.03962308273101908,0.0008609899692274244,0.02934263057783716,0.12303415476112753,0.03962308273101908,-0.031148404909831503
4674,3.90625,-0.046828142575367514,0.005268914062760401,0.07258728582031705,0.07526496303160078,0.046828142575367514,-0.05545426176324386
4675,9.765625,-0.04554286477546414,0.0008891364389847097,0.029818390952308437,0.062141404574441714,0.04554286477546414,-0.03518938910676808
4676,3.90625,-0.04340752393041584,0.005962573380871746,0.07721770121462919,0.05603217595238736,0.04340752393041584,-0.054800968735047445
4677,9.765625,-0.04189602723781957,0.0010871717594197713,0.032972287749256514,0.1002332952846945,0.04189602723781957,-0.0341324568356243
4678,3.90625,-0.04449165797042302,0.006665192578226211,0.08164063068243785,0.07250977702255061,0.04449165797042302,-0.059678293671369564
4679,9.765625,-0.044534291727143765,0.0011941289774439505,0.034556171336592695,0.062123993637888106,0.044534291727143765,-0.03694238972088176
4680,3.90625,-0.04071280984393434,0.006378324596574751,0.0798644138310346,0.0623987502865837,0.04071280984393434,-0.05851717333315415
4681,9.765625,-0.03986238528940848,0.0009886801411143746,0.031443284515367896,0.07918796353972721,0.03986238528940848,-0.03504687979102545
4682,3.90625,-0.0482833808273731,0.0056108747708383064,0.07490577261358637,0.0858713929538773,0.0482833808273731,-0.05109380892235682
4683,9.765625,-0.04656341212609057,0.0011043138517721914,0.033231218030222595,0.0792282100343309,0.04656341212609057,-0.03698763915437462
4684,3.90625,-0.037918674017391775,0.005825828611083457,0.07632711583102991,0.10060121420173397,0.037918674017391775,-0.05405769527788725
4685,1.5625,-0.0366100272519089,0.01862795761271637,0.1364842760640081,0.04788717688812988,0.0366100272519089,-0.08346341483841332
4686,3.90625,-0.033787578968714434,0.0036822723299548272,0.060681729787101714,0.04287641583953292,0.033787578968714434,-0.05364705348359819
4687,9.765625,-0.03825853888543093,0.001020467605058591,0.03194475864768102,0.08853963726558409,0.03825853888543093,-0.036356766349054694
4688,3.90625,-0.04963795223129865,0.005491735950393895,0.07410624771497944,0.09232571620516941,0.04963795223129865,-0.05810514138265735
4689,9.765625,-0.04668231673673123,0.0010668357186043218,0.0326624512032444,0.06983849371946796,0.04668231673673123,-0.03586084481952377
4690,3.90625,-0.04499044041520683,0.005213150465126588,0.07220215000349081,0.06720733094707958,0.04499044041520683,-0.0538936250304442
4691,9.765625,-0.0425698182390093,0.001096138222046569,0.03310797822348216,0.10571923164573332,0.0425698182390093,-0.03462548042263004
4692,3.90625,-0.04699363505602709,0.007413144015058379,0.08609961681133302,0.07947792607729989,0.04699363505602709,-0.06618531239687733
4693,9.765625,-0.04406054550703819,0.0013903712177902516,0.03728768185058239,0.0817621263350288,0.04406054550703819,-0.03898231381279556
4694,3.90625,-0.04627811815550904,0.005720227613524037,0.075632186359539,0.08701240255883701,0.04627811815550904,-0.0554137917650299
4695,9.765625,-0.0428357898738107,0.0011913133313987277,0.03451540715968345,0.10849991199946747,0.0428357898738107,-0.03468969339356315
4696,3.90625,-0.040944974313415906,0.006657816148025789,0.08159544195618888,0.08691560009402903,0.040944974313415906,-0.05427501026964162
4697,9.765625,-0.04040825645804589,0.0012241768151831514,0.03498823824063097,0.1114986704958294,0.04040825645804589,-0.03209088649133461
4698,3.90625,-0.04126170100451505,0.006890533743372642,0.08300923890370662,0.11420197547153696,0.04126170100451505,-0.05763936204246681
4699,1.5625,-0.054368857705427036,0.023161732396961288,0.15218979071199648,0.12554071107569953,0.054368857705427036,-0.08566461608085554
4700,3.90625,-0.05127731204790019,0.007226871494272034,0.08501100807702515,0.09221728399741017,0.05127731204790019,-0.041284398546634994
4701,9.765625,-0.04377258708277541,0.0022953150585953643,0.04790944644425945,0.3145792007490737,0.04377258708277541,-0.020292953971043574
4702,3.90625,-0.04133815311714813,0.012632547923996222,0.11239460807350245,0.09965472901277501,0.04133815311714813,-0.0691382431312011
4703,9.765625,-0.03786379839574014,0.002222313225506486,0.04714141730481261,0.23595344425041376,0.03786379839574014,-0.02984922240831527
4704,3.90625,-0.04120695795020353,0.0072571564469992534,0.08518894556806801,0.10652652022208718,0.04120695795020353,-0.04480037263670279
