iter,is_last,ub_relx,lb_relx,b_lower,n_states
0,false,0.9904126568547853,-Inf,-Inf,513
1,false,0.9851601999221452,-Inf,-Inf,514
2,false,0.9827083441829861,-Inf,-Inf,515
3,false,0.9820167548180637,-Inf,-Inf,516
4,false,0.9805176931501448,-Inf,-Inf,517
5,false,0.9792025672154758,-Inf,-Inf,518
6,false,0.9780235908806834,-Inf,-Inf,519
7,false,0.9768695416210157,-Inf,-Inf,520
8,false,0.9734755367502739,-Inf,-Inf,521
9,false,0.9722494309656775,-Inf,-Inf,522
10,false,0.971526006666541,-Inf,-Inf,523
11,false,0.9709293274353802,-Inf,-Inf,524
12,false,0.9681287653288324,-Inf,-Inf,525
13,false,0.9665439516247627,-Inf,-Inf,526
14,false,0.9647625951359438,-Inf,-Inf,527
15,false,0.9642312205468182,-Inf,-Inf,528
16,false,0.9634020693018186,-Inf,-Inf,529
17,false,0.9612405923534783,-Inf,-Inf,530
18,false,0.9606366425996364,-Inf,-Inf,531
19,false,0.9589676454520351,-Inf,-Inf,532
20,false,0.9580616923538166,-Inf,-Inf,533
21,false,0.9575629901104871,-Inf,-Inf,534
22,false,0.9570483681181247,-Inf,-Inf,535
23,false,0.9566889735518667,-Inf,-Inf,536
24,false,0.9563070245233756,-Inf,-Inf,537
25,false,0.9558156430446216,-Inf,-Inf,538
26,false,0.9555616119423436,-Inf,-Inf,539
27,false,0.955392376949813,-Inf,-Inf,540
28,false,0.9549738466155697,-Inf,-Inf,541
29,false,0.9545734842068675,-Inf,-Inf,542
30,false,0.9541742665719278,-Inf,-Inf,543
31,false,0.954008261652006,-Inf,-Inf,544
32,false,0.9537972878130238,-Inf,-Inf,545
33,false,0.9533705386397223,-Inf,-Inf,546
34,false,0.9530826218897301,-Inf,-Inf,547
35,false,0.9529813296462206,-Inf,-Inf,548
36,false,0.9522788146775976,-Inf,-Inf,549
37,false,0.9519402263141291,-Inf,-Inf,550
38,false,0.9509813462627401,-Inf,-Inf,551
39,false,0.9506427632737515,-Inf,-Inf,552
40,false,0.9499008115127571,-Inf,-Inf,553
41,false,0.9497210618549322,-Inf,-Inf,554
42,false,0.9489070793338413,-Inf,-Inf,555
43,false,0.9486179512476132,-Inf,-Inf,556
44,false,0.948236119214607,-Inf,-Inf,557
45,false,0.9476297233900747,-Inf,-Inf,558
46,false,0.9474331299106256,-Inf,-Inf,559
47,false,0.9472913165315674,-Inf,-Inf,560
48,false,0.9466012034602447,-Inf,-Inf,561
49,false,0.9463359472541077,-Inf,-Inf,562
50,false,0.9454907988966214,-Inf,-Inf,563
51,false,0.9454185375665827,-Inf,-Inf,564
52,false,0.945257449164652,-Inf,-Inf,565
53,false,0.9451386349266984,-Inf,-Inf,566
54,false,0.9445699869282687,-Inf,-Inf,567
55,false,0.9444128565890427,-Inf,-Inf,568
56,false,0.9441630159201888,-Inf,-Inf,569
57,false,0.9436270834593667,-Inf,-Inf,570
58,false,0.943503497112147,-Inf,-Inf,571
59,false,0.9429140159014753,-Inf,-Inf,572
60,false,0.9426876728909812,-Inf,-Inf,573
61,false,0.9419719906133792,-Inf,-Inf,574
62,false,0.9417962309452083,-Inf,-Inf,575
63,false,0.9414228014043106,-Inf,-Inf,576
64,false,0.9409536329699036,-Inf,-Inf,577
65,false,0.9407910110852813,-Inf,-Inf,578
66,false,0.9405453926046976,-Inf,-Inf,579
67,false,0.9403734389918156,-Inf,-Inf,580
68,false,0.9400282516622231,-Inf,-Inf,581
69,false,0.9399058869153394,-Inf,-Inf,582
70,false,0.9398385413015772,-Inf,-Inf,583
71,false,0.9394003674734421,-Inf,-Inf,584
72,false,0.9390512819695813,-Inf,-Inf,585
73,false,0.9386524657958377,-Inf,-Inf,586
74,false,0.9385100420644181,-Inf,-Inf,587
75,false,0.9382806946671854,-Inf,-Inf,588
76,false,0.9378475079998987,-Inf,-Inf,589
77,false,0.9377440863638135,-Inf,-Inf,590
78,false,0.9376670566861706,-Inf,-Inf,591
79,false,0.9374341237304127,-Inf,-Inf,592
80,false,0.9373875796754105,-Inf,-Inf,593
81,false,0.9372706998178857,-Inf,-Inf,594
82,false,0.936862728002016,-Inf,-Inf,595
83,false,0.936785644123012,-Inf,-Inf,596
84,false,0.9358731648086959,-Inf,-Inf,597
85,false,0.9355184254150339,-Inf,-Inf,598
86,false,0.935241555197612,-Inf,-Inf,599
87,false,0.9348730766732407,-Inf,-Inf,600
88,false,0.9346990916302906,-Inf,-Inf,601
89,false,0.9345876625516,-Inf,-Inf,602
90,false,0.9343916696502197,-Inf,-Inf,603
91,false,0.9338881048798784,-Inf,-Inf,604
92,false,0.9333665456982266,-Inf,-Inf,605
93,false,0.9333447459173746,-Inf,-Inf,606
94,false,0.9331227932256618,-Inf,-Inf,607
95,false,0.9329133960698477,-Inf,-Inf,608
96,false,0.9327343957538676,-Inf,-Inf,609
97,false,0.9324875981075318,-Inf,-Inf,610
98,false,0.9322167611357375,-Inf,-Inf,611
99,false,0.9319895279554434,-Inf,-Inf,612
100,false,0.9316792881185116,-Inf,-Inf,613
101,false,0.9314242753198193,-Inf,-Inf,614
102,false,0.9312161245571399,-Inf,-Inf,615
103,false,0.9310489942131,-Inf,-Inf,616
104,false,0.9308495927599731,-Inf,-Inf,617
105,false,0.930759570327448,-Inf,-Inf,618
106,false,0.9304278561493222,-Inf,-Inf,619
107,false,0.9302998291022053,-Inf,-Inf,620
108,false,0.9300829450368953,-Inf,-Inf,621
109,false,0.9299702030153534,-Inf,-Inf,622
110,false,0.929567022482992,-Inf,-Inf,623
111,false,0.9291395778537744,-Inf,-Inf,624
112,false,0.9290562227516386,-Inf,-Inf,625
113,false,0.9289112683770384,-Inf,-Inf,626
114,false,0.9288691567815363,-Inf,-Inf,627
115,false,0.92868826657143,-Inf,-Inf,628
116,false,0.9285035024571515,-Inf,-Inf,629
117,false,0.9283649282628456,-Inf,-Inf,630
118,false,0.9280483000875306,-Inf,-Inf,631
119,false,0.9278395366333666,-Inf,-Inf,632
120,false,0.9276434377367777,-Inf,-Inf,633
121,false,0.9275819904329673,-Inf,-Inf,634
122,false,0.9274975818272007,-Inf,-Inf,635
123,false,0.9273126378678528,-Inf,-Inf,636
124,false,0.9271566932238453,-Inf,-Inf,637
125,false,0.9268569125643007,-Inf,-Inf,638
126,false,0.9266890504616581,-Inf,-Inf,639
127,false,0.9265168953717131,-Inf,-Inf,640
128,false,0.9264535435882901,-Inf,-Inf,641
129,false,0.9263933659587563,-Inf,-Inf,642
130,false,0.9261128922072164,-Inf,-Inf,643
131,false,0.9259443433989314,-Inf,-Inf,644
132,false,0.9258043877745878,-Inf,-Inf,645
133,false,0.9257500032492927,-Inf,-Inf,646
134,false,0.9256636634410914,-Inf,-Inf,647
135,false,0.9255977849880842,-Inf,-Inf,648
136,false,0.9253409504994045,-Inf,-Inf,649
137,false,0.9253084153457116,-Inf,-Inf,650
138,false,0.9252189478365626,-Inf,-Inf,651
139,false,0.9252044744796003,-Inf,-Inf,652
140,false,0.9251426493779675,-Inf,-Inf,653
141,false,0.9251089162263042,-Inf,-Inf,654
142,false,0.9250627037342595,-Inf,-Inf,655
143,false,0.9250441543727044,-Inf,-Inf,656
144,false,0.9250030887554521,-Inf,-Inf,657
145,false,0.9248860944049111,-Inf,-Inf,658
146,false,0.9248586387333935,-Inf,-Inf,659
147,false,0.9248362360654622,-Inf,-Inf,660
148,false,0.9247712799881661,-Inf,-Inf,661
149,false,0.9246279857358645,-Inf,-Inf,662
150,false,0.9246107684902724,-Inf,-Inf,663
151,false,0.9245420382806077,-Inf,-Inf,664
152,false,0.9245034411593037,-Inf,-Inf,665
153,false,0.9243909511809121,-Inf,-Inf,666
154,false,0.9242570965459495,-Inf,-Inf,667
155,false,0.9241911501633375,-Inf,-Inf,668
156,false,0.9241012949639702,-Inf,-Inf,669
157,false,0.9239094957471219,-Inf,-Inf,670
158,false,0.9238581221122799,-Inf,-Inf,671
159,false,0.923740054529568,-Inf,-Inf,672
160,false,0.9234708866418071,-Inf,-Inf,673
161,false,0.9234053810980046,-Inf,-Inf,674
162,false,0.9233070543357254,-Inf,-Inf,675
163,false,0.9232660599715274,-Inf,-Inf,676
164,false,0.9231398387727667,-Inf,-Inf,677
165,false,0.9229967609075412,-Inf,-Inf,678
166,false,0.9228999641213435,-Inf,-Inf,679
167,false,0.9228747748966062,-Inf,-Inf,680
168,false,0.9228274553226571,-Inf,-Inf,681
169,false,0.922675877159231,-Inf,-Inf,682
170,false,0.922630838136142,-Inf,-Inf,683
171,false,0.9226002384058843,-Inf,-Inf,684
172,false,0.9225125909133204,-Inf,-Inf,685
173,false,0.9223931843738647,-Inf,-Inf,686
174,false,0.922274226081191,-Inf,-Inf,687
175,false,0.922232552700079,-Inf,-Inf,688
176,false,0.9222071998011047,-Inf,-Inf,689
177,false,0.9221518688663669,-Inf,-Inf,690
178,false,0.9221130144871817,-Inf,-Inf,691
179,false,0.9220516352660315,-Inf,-Inf,692
180,false,0.9219429827122974,-Inf,-Inf,693
181,false,0.9218451940086398,-Inf,-Inf,694
182,false,0.92179349167665,-Inf,-Inf,695
183,false,0.921440474472159,-Inf,-Inf,696
184,false,0.9212697836432535,-Inf,-Inf,697
185,false,0.9211858573510383,-Inf,-Inf,698
186,false,0.9211208356728238,-Inf,-Inf,699
187,false,0.9210822063679862,-Inf,-Inf,700
188,false,0.9209761887225837,-Inf,-Inf,701
189,false,0.9209442171187721,-Inf,-Inf,702
190,false,0.9208998351513985,-Inf,-Inf,703
191,false,0.9208738441782717,-Inf,-Inf,704
192,false,0.9208453681538281,-Inf,-Inf,705
193,false,0.9208301872067833,-Inf,-Inf,706
194,false,0.9207919238723943,-Inf,-Inf,707
195,false,0.9207121591035695,-Inf,-Inf,708
196,false,0.9206543174084603,-Inf,-Inf,709
197,false,0.9205916146102143,-Inf,-Inf,710
198,false,0.9205476733700435,-Inf,-Inf,711
199,false,0.9205345057657838,-Inf,-Inf,712
200,false,0.9205026779133441,-Inf,-Inf,713
201,false,0.9204307864212619,-Inf,-Inf,714
202,false,0.920413619851767,-Inf,-Inf,715
203,false,0.9203655493999101,-Inf,-Inf,716
204,false,0.9203354485663079,-Inf,-Inf,717
205,false,0.920307066249765,-Inf,-Inf,718
206,false,0.9202912632291465,-Inf,-Inf,719
207,false,0.9202652275920389,-Inf,-Inf,720
208,false,0.920174461820846,-Inf,-Inf,721
209,false,0.9201337957771192,-Inf,-Inf,722
210,false,0.9200833977670912,-Inf,-Inf,723
211,false,0.9200535427957405,-Inf,-Inf,724
212,false,0.9200114655638028,-Inf,-Inf,725
213,false,0.9199754880935833,-Inf,-Inf,726
214,false,0.9199109687311801,-Inf,-Inf,727
215,false,0.9198614253875896,-Inf,-Inf,728
216,false,0.9197745401941024,-Inf,-Inf,729
217,false,0.9197103612042618,-Inf,-Inf,730
218,false,0.9196771564613921,-Inf,-Inf,731
219,false,0.919648166339751,-Inf,-Inf,732
220,false,0.9195628769067865,-Inf,-Inf,733
221,false,0.9195304765066546,-Inf,-Inf,734
222,false,0.9194378774839975,-Inf,-Inf,735
223,false,0.9194055081991641,-Inf,-Inf,736
224,false,0.9192835908172199,-Inf,-Inf,737
225,false,0.9192662627241737,-Inf,-Inf,738
226,false,0.9192332194726921,-Inf,-Inf,739
227,false,0.9192102825864108,-Inf,-Inf,740
228,false,0.9189820902982552,-Inf,-Inf,741
229,false,0.9189533190205252,-Inf,-Inf,742
230,false,0.9188697547717426,-Inf,-Inf,743
231,false,0.9188405248406124,-Inf,-Inf,744
232,false,0.9188224689654482,-Inf,-Inf,745
233,false,0.9187933455610766,-Inf,-Inf,746
234,false,0.9187443600036116,-Inf,-Inf,747
235,false,0.9186376211773981,-Inf,-Inf,748
236,false,0.918437431361279,-Inf,-Inf,749
237,false,0.9183874111809617,-Inf,-Inf,750
238,false,0.9183655626945839,-Inf,-Inf,751
239,false,0.918305354650353,-Inf,-Inf,752
240,false,0.9182124825718814,-Inf,-Inf,753
241,false,0.9180038248745528,-Inf,-Inf,754
242,false,0.917869955544247,-Inf,-Inf,755
243,false,0.9177729462251962,-Inf,-Inf,756
244,false,0.9177382770384848,-Inf,-Inf,757
245,false,0.9175604675190971,-Inf,-Inf,758
246,false,0.9175511848259574,-Inf,-Inf,759
247,false,0.9174410124103995,-Inf,-Inf,760
248,false,0.9173729152828145,-Inf,-Inf,761
249,false,0.9173096778359633,-Inf,-Inf,762
250,false,0.9172511019116291,-Inf,-Inf,763
251,false,0.9172047195179787,-Inf,-Inf,764
252,false,0.9171412831929471,-Inf,-Inf,765
253,false,0.917105351809854,-Inf,-Inf,766
254,false,0.9170246259543471,-Inf,-Inf,767
255,false,0.9169959706312321,-Inf,-Inf,768
256,false,0.9169484657392558,-Inf,-Inf,769
257,false,0.9168412987925836,-Inf,-Inf,770
258,false,0.9167405988589556,-Inf,-Inf,771
259,false,0.9166960824107604,-Inf,-Inf,772
260,false,0.9166688964949262,-Inf,-Inf,773
261,false,0.9166591399346261,-Inf,-Inf,774
262,false,0.9166244309362936,-Inf,-Inf,775
263,false,0.9166114723012148,-Inf,-Inf,776
264,false,0.9165367855575315,-Inf,-Inf,777
265,false,0.9165231247281234,-Inf,-Inf,778
266,false,0.9164795836713848,-Inf,-Inf,779
267,false,0.9164590389237147,-Inf,-Inf,780
268,false,0.9163421991376777,-Inf,-Inf,781
269,false,0.9162368577860351,-Inf,-Inf,782
270,false,0.9160775330929286,-Inf,-Inf,783
271,false,0.9160341711508873,-Inf,-Inf,784
272,false,0.915911943644796,-Inf,-Inf,785
273,false,0.9158343977539368,-Inf,-Inf,786
274,false,0.9157001652298211,-Inf,-Inf,787
275,false,0.9155935425077687,-Inf,-Inf,788
276,false,0.9155352976692464,-Inf,-Inf,789
277,false,0.9154495335884395,-Inf,-Inf,790
278,false,0.9154148818387293,-Inf,-Inf,791
279,false,0.9153573197028179,-Inf,-Inf,792
280,false,0.915281880965062,-Inf,-Inf,793
281,false,0.9152619549275216,-Inf,-Inf,794
282,false,0.9152422766175079,-Inf,-Inf,795
283,false,0.9152281822292545,-Inf,-Inf,796
284,false,0.915217983449268,-Inf,-Inf,797
285,false,0.9151935013413192,-Inf,-Inf,798
286,false,0.9151245476166182,-Inf,-Inf,799
287,false,0.915093892184283,-Inf,-Inf,800
288,false,0.915060432242549,-Inf,-Inf,801
289,false,0.9150385149829724,-Inf,-Inf,802
290,false,0.9149384057125131,-Inf,-Inf,803
291,false,0.9149154271222215,-Inf,-Inf,804
292,false,0.9148027749583676,-Inf,-Inf,805
293,false,0.9148005298230841,-Inf,-Inf,806
294,false,0.9147816900918249,-Inf,-Inf,807
295,false,0.9146846582469643,-Inf,-Inf,808
296,false,0.9146688329602725,-Inf,-Inf,809
297,false,0.9146635142808943,-Inf,-Inf,810
298,false,0.9146274389905443,-Inf,-Inf,811
299,false,0.9145846988282667,-Inf,-Inf,812
300,false,0.9145422912528387,-Inf,-Inf,813
301,false,0.9144958138772975,-Inf,-Inf,814
302,false,0.9144001479254907,-Inf,-Inf,815
303,false,0.9143791623129233,-Inf,-Inf,816
304,false,0.9143500322291186,-Inf,-Inf,817
305,false,0.914300296071757,-Inf,-Inf,818
306,false,0.9142212110427511,-Inf,-Inf,819
307,false,0.9142167004177061,-Inf,-Inf,820
308,false,0.9138082944951084,-Inf,-Inf,821
309,false,0.9137101846253625,-Inf,-Inf,822
310,false,0.9136403340572465,-Inf,-Inf,823
311,false,0.913532012550997,-Inf,-Inf,824
312,false,0.9134594704503345,-Inf,-Inf,825
313,false,0.913331203964825,-Inf,-Inf,826
314,false,0.9133117581828859,-Inf,-Inf,827
315,false,0.9132644847790908,-Inf,-Inf,828
316,false,0.9132495615764623,-Inf,-Inf,829
317,false,0.9132117940861881,-Inf,-Inf,830
318,false,0.9131436952913881,-Inf,-Inf,831
319,false,0.913066197779969,-Inf,-Inf,832
320,false,0.9129725514480318,-Inf,-Inf,833
321,false,0.9129607632385858,-Inf,-Inf,834
322,false,0.912868227580199,-Inf,-Inf,835
323,false,0.9127858694744596,-Inf,-Inf,836
324,false,0.9127746102321699,-Inf,-Inf,837
325,false,0.9127418888875942,-Inf,-Inf,838
326,false,0.9126874530988027,-Inf,-Inf,839
327,false,0.9126770965732977,-Inf,-Inf,840
328,false,0.9126303028685413,-Inf,-Inf,841
329,false,0.9126157373080227,-Inf,-Inf,842
330,false,0.912566082695927,-Inf,-Inf,843
331,false,0.9125450901205734,-Inf,-Inf,844
332,false,0.9125232749596497,-Inf,-Inf,845
333,false,0.9125208610074589,-Inf,-Inf,846
334,false,0.9124344899083786,-Inf,-Inf,847
335,false,0.9124072251951701,-Inf,-Inf,848
336,false,0.9123656450295895,-Inf,-Inf,849
337,false,0.9123601979611184,-Inf,-Inf,850
338,false,0.9123422122991539,-Inf,-Inf,851
339,false,0.9122845486770697,-Inf,-Inf,852
340,false,0.9122676034334827,-Inf,-Inf,853
341,false,0.912225745776557,-Inf,-Inf,854
342,false,0.9122220934413791,-Inf,-Inf,855
343,false,0.9121917662231065,-Inf,-Inf,856
344,false,0.9121790648079748,-Inf,-Inf,857
345,false,0.9121566001161504,-Inf,-Inf,858
346,false,0.9121038611039322,-Inf,-Inf,859
347,false,0.9120754252755248,-Inf,-Inf,860
348,false,0.9120317067941174,-Inf,-Inf,861
349,false,0.9120164264323953,-Inf,-Inf,862
350,false,0.9120086256024045,-Inf,-Inf,863
351,false,0.911997437693202,-Inf,-Inf,864
352,false,0.9119805092136143,-Inf,-Inf,865
353,false,0.9118975943125985,-Inf,-Inf,866
354,false,0.9117316788331373,-Inf,-Inf,867
355,false,0.9116925548094945,-Inf,-Inf,868
356,false,0.9115835536709704,-Inf,-Inf,869
357,false,0.9115609213197249,-Inf,-Inf,870
358,false,0.9115524973683381,-Inf,-Inf,871
359,false,0.911542596168725,-Inf,-Inf,872
360,false,0.9115329299974527,-Inf,-Inf,873
361,false,0.911522624991346,-Inf,-Inf,874
362,false,0.9115084234702436,-Inf,-Inf,875
363,false,0.9114459391349138,-Inf,-Inf,876
364,false,0.9114355288759992,-Inf,-Inf,877
365,false,0.9114227006610873,-Inf,-Inf,878
366,false,0.9114031195046574,-Inf,-Inf,879
367,false,0.9113557608512273,-Inf,-Inf,880
368,false,0.9113358979830798,-Inf,-Inf,881
369,false,0.9113187469685713,-Inf,-Inf,882
370,false,0.911314946273758,-Inf,-Inf,883
371,false,0.9113112454873795,-Inf,-Inf,884
372,false,0.9112366208313435,-Inf,-Inf,885
373,false,0.9111300622138195,-Inf,-Inf,886
374,false,0.9110378049802962,-Inf,-Inf,887
375,false,0.9109492708060964,-Inf,-Inf,888
376,false,0.9109277224149837,-Inf,-Inf,889
377,false,0.9109168748165314,-Inf,-Inf,890
378,false,0.9108578297332673,-Inf,-Inf,891
379,false,0.9108313096936325,-Inf,-Inf,892
380,false,0.9107970860393955,-Inf,-Inf,893
381,false,0.9107839058782731,-Inf,-Inf,894
382,false,0.9105868664009591,-Inf,-Inf,895
383,false,0.9105026054838938,-Inf,-Inf,896
384,false,0.9104810105231418,-Inf,-Inf,897
385,false,0.9104522933126866,-Inf,-Inf,898
386,false,0.9103982077742289,-Inf,-Inf,899
387,false,0.910361670312696,-Inf,-Inf,900
388,false,0.9103405997867098,-Inf,-Inf,901
389,false,0.9103038126035488,-Inf,-Inf,902
390,false,0.9102874961102341,-Inf,-Inf,903
391,false,0.9102223646737168,-Inf,-Inf,904
392,false,0.9101711022200025,-Inf,-Inf,905
393,false,0.9100443652008824,-Inf,-Inf,906
394,false,0.9100428201595301,-Inf,-Inf,907
395,false,0.9100364905475132,-Inf,-Inf,908
396,false,0.9099925843337646,-Inf,-Inf,909
397,false,0.9099353378042068,-Inf,-Inf,910
398,false,0.9099076731924629,-Inf,-Inf,911
399,false,0.9098264705189749,-Inf,-Inf,912
400,false,0.9097826609293247,-Inf,-Inf,913
401,false,0.9097589603674285,-Inf,-Inf,914
402,false,0.9097365151273991,-Inf,-Inf,915
403,false,0.9097161195488122,-Inf,-Inf,916
404,false,0.9097079816025758,-Inf,-Inf,917
405,false,0.9097000622435168,-Inf,-Inf,918
406,false,0.909695051438017,-Inf,-Inf,919
407,false,0.9096827470416673,-Inf,-Inf,920
408,false,0.9096554803696094,-Inf,-Inf,921
409,false,0.9096111485682711,-Inf,-Inf,922
410,false,0.9095246416267847,-Inf,-Inf,923
411,false,0.9094913661947275,-Inf,-Inf,924
412,false,0.9093156397502526,-Inf,-Inf,925
413,false,0.909276695704433,-Inf,-Inf,926
414,false,0.9092169868945903,-Inf,-Inf,927
415,false,0.9091481476101779,-Inf,-Inf,928
416,false,0.9091235912667691,-Inf,-Inf,929
417,false,0.9091133916037453,-Inf,-Inf,930
418,false,0.909094006849204,-Inf,-Inf,931
419,false,0.9090746490394829,-Inf,-Inf,932
420,false,0.9090701968889673,-Inf,-Inf,933
421,false,0.9090618157268933,-Inf,-Inf,934
422,false,0.9090286019285041,-Inf,-Inf,935
423,false,0.9090022650395603,-Inf,-Inf,936
424,false,0.9089803719756747,-Inf,-Inf,937
425,false,0.9089345529839983,-Inf,-Inf,938
426,false,0.9088845700291537,-Inf,-Inf,939
427,false,0.9088522604639462,-Inf,-Inf,940
428,false,0.9088204533009262,-Inf,-Inf,941
429,false,0.9088051736820185,-Inf,-Inf,942
430,false,0.9087581022926827,-Inf,-Inf,943
431,false,0.9087310877317499,-Inf,-Inf,944
432,false,0.9086779400455282,-Inf,-Inf,945
433,false,0.9085628287139262,-Inf,-Inf,946
434,false,0.9084973628559998,-Inf,-Inf,947
435,false,0.9084670957317997,-Inf,-Inf,948
436,false,0.9084447730637251,-Inf,-Inf,949
437,false,0.9083662126409491,-Inf,-Inf,950
438,false,0.9083573578147658,-Inf,-Inf,951
439,false,0.9083323944642018,-Inf,-Inf,952
440,false,0.9083280912121015,-Inf,-Inf,953
441,false,0.9083061820423132,-Inf,-Inf,954
442,false,0.9083013607967974,-Inf,-Inf,955
443,false,0.9082836942843358,-Inf,-Inf,956
444,false,0.9082489858297471,-Inf,-Inf,957
445,false,0.9081889662481565,-Inf,-Inf,958
446,false,0.9081686147966408,-Inf,-Inf,959
447,false,0.9081627015473919,-Inf,-Inf,960
448,false,0.908157211918241,-Inf,-Inf,961
449,false,0.9081465966491539,-Inf,-Inf,962
450,false,0.9081439285110341,-Inf,-Inf,963
451,false,0.9081143694462013,-Inf,-Inf,964
452,false,0.9080997090581486,-Inf,-Inf,965
453,false,0.9080973675173767,-Inf,-Inf,966
454,false,0.9080841419294917,-Inf,-Inf,967
455,false,0.9080820685308083,-Inf,-Inf,968
456,false,0.908081282087728,-Inf,-Inf,969
457,false,0.9080792605895591,-Inf,-Inf,970
458,false,0.9080763541895124,-Inf,-Inf,971
459,false,0.9080627359655471,-Inf,-Inf,972
460,false,0.9080534156883027,-Inf,-Inf,973
461,false,0.9080469818012951,-Inf,-Inf,974
462,false,0.9080383061757388,-Inf,-Inf,975
463,false,0.9080159332020603,-Inf,-Inf,976
464,false,0.9080140350075686,-Inf,-Inf,977
465,false,0.9079987615158532,-Inf,-Inf,978
466,false,0.9079964814489617,-Inf,-Inf,979
467,false,0.9079908912600997,-Inf,-Inf,980
468,false,0.9079891324336165,-Inf,-Inf,981
469,false,0.9079823421221734,-Inf,-Inf,982
470,false,0.9079581363058372,-Inf,-Inf,983
471,false,0.9079164460617601,-Inf,-Inf,984
472,false,0.9079149141392784,-Inf,-Inf,985
473,false,0.9079132502654672,-Inf,-Inf,986
474,false,0.9079130403300965,-Inf,-Inf,987
475,false,0.9079047136540418,-Inf,-Inf,988
476,false,0.9078914312921756,-Inf,-Inf,989
477,false,0.9078782655424266,-Inf,-Inf,990
478,false,0.9078722902115954,-Inf,-Inf,991
479,false,0.9077548699552014,-Inf,-Inf,992
480,false,0.907745348391382,-Inf,-Inf,993
481,false,0.9077374495402148,-Inf,-Inf,994
482,false,0.9077213799072876,-Inf,-Inf,995
483,false,0.9077037251348152,-Inf,-Inf,996
484,false,0.9076911949545521,-Inf,-Inf,997
485,false,0.9076882894058722,-Inf,-Inf,998
486,false,0.9076878722458748,-Inf,-Inf,999
487,false,0.9076839566310433,-Inf,-Inf,1000
488,false,0.9076745482696058,-Inf,-Inf,1001
489,false,0.9076735576811964,-Inf,-Inf,1002
490,false,0.9076682434835492,-Inf,-Inf,1003
491,false,0.9076504199361585,-Inf,-Inf,1004
492,false,0.9076501355566682,-Inf,-Inf,1005
493,false,0.907644020524534,-Inf,-Inf,1006
494,false,0.9076353724588256,-Inf,-Inf,1007
495,false,0.9076318437221885,-Inf,-Inf,1008
496,false,0.907615389853748,-Inf,-Inf,1009
497,false,0.9076063960388473,-Inf,-Inf,1010
498,false,0.9075817833841944,-Inf,-Inf,1011
499,false,0.907578620766823,-Inf,-Inf,1012
500,false,0.9075635192591548,-Inf,-Inf,1013
501,false,0.907536121477575,-Inf,-Inf,1014
502,false,0.9075140173972834,-Inf,-Inf,1015
503,false,0.9075034598845806,-Inf,-Inf,1016
504,false,0.9074871046089199,-Inf,-Inf,1017
505,false,0.9074866636657681,-Inf,-Inf,1018
506,false,0.9074843871627378,-Inf,-Inf,1019
507,false,0.9074670728785966,-Inf,-Inf,1020
508,false,0.9074356742018145,-Inf,-Inf,1021
509,false,0.9074164453662963,-Inf,-Inf,1022
510,false,0.9074102445823604,-Inf,-Inf,1023
511,false,0.9074055613703029,-Inf,-Inf,1024
512,false,0.9074040508831066,-Inf,-Inf,1025
513,false,0.9074018012701807,-Inf,-Inf,1026
514,false,0.9074017330000437,-Inf,-Inf,1027
515,false,0.90739763371649,-Inf,-Inf,1028
516,false,0.9073957979492346,-Inf,-Inf,1029
517,false,0.9073872185142192,-Inf,-Inf,1030
518,false,0.9073866760719785,-Inf,-Inf,1031
519,false,0.9073764278923282,-Inf,-Inf,1032
520,false,0.9073078472477355,-Inf,-Inf,1033
521,false,0.9072390295452759,-Inf,-Inf,1034
522,false,0.9072185470392518,-Inf,-Inf,1035
523,false,0.90714978954503,-Inf,-Inf,1036
524,false,0.9070189674499971,-Inf,-Inf,1037
525,false,0.906964095997566,-Inf,-Inf,1038
526,false,0.9069434545782528,-Inf,-Inf,1039
527,false,0.9069093158151252,-Inf,-Inf,1040
528,false,0.9068800300933988,-Inf,-Inf,1041
529,false,0.9068490656739202,-Inf,-Inf,1042
530,false,0.9068433544939849,-Inf,-Inf,1043
531,false,0.906788638661332,-Inf,-Inf,1044
532,false,0.9067712708513349,-Inf,-Inf,1045
533,false,0.9067704056672689,-Inf,-Inf,1046
534,false,0.9067700224147597,-Inf,-Inf,1047
535,false,0.9067594298023349,-Inf,-Inf,1048
536,false,0.9067417248074684,-Inf,-Inf,1049
537,false,0.9067396452063733,-Inf,-Inf,1050
538,false,0.9067275851840264,-Inf,-Inf,1051
539,false,0.9067175577091674,-Inf,-Inf,1052
540,false,0.9067020852731591,-Inf,-Inf,1053
541,false,0.9066987879085313,-Inf,-Inf,1054
542,false,0.9066943872156668,-Inf,-Inf,1055
543,false,0.9066943490055659,0.44833542300052326,-0.45835892600504263,1056
544,false,0.9066312920208377,0.44833542300052326,-Inf,1057
545,false,0.9066277136451292,0.44833542300052326,-Inf,1058
546,false,0.9066253582479542,0.44833542300052326,-Inf,1059
547,false,0.9066201092678723,0.44833542300052326,-Inf,1060
548,false,0.9066182404325902,0.44833542300052326,-Inf,1061
549,false,0.9065943564416186,0.44833542300052326,-Inf,1062
550,false,0.9065792092038515,0.44833542300052326,-Inf,1063
551,false,0.906557573569457,0.44833542300052326,-Inf,1064
552,false,0.9065455732356079,0.44833542300052326,-Inf,1065
553,false,0.90653931378578,0.44833542300052326,-Inf,1066
554,false,0.9065216311821582,0.44833542300052326,-Inf,1067
555,false,0.906507363590851,0.44833542300052326,-Inf,1068
556,false,0.9064705843626735,0.44833542300052326,-Inf,1069
557,false,0.9064438412566469,0.44833542300052326,-Inf,1070
558,false,0.906401337308751,0.44833542300052326,-Inf,1071
559,false,0.9063468497383893,0.44833542300052326,-Inf,1072
560,false,0.9063394702850807,0.44833542300052326,-Inf,1073
561,false,0.9063245506184704,0.44833542300052326,-Inf,1074
562,false,0.9063148956346312,0.44833542300052326,-Inf,1075
563,false,0.9063006388593512,0.44833542300052326,-Inf,1076
564,false,0.906293262553086,0.44833542300052326,-Inf,1077
565,false,0.9062739269195837,0.44833542300052326,-Inf,1078
566,false,0.90626850765224,0.44833542300052326,-Inf,1079
567,false,0.9062519488620558,0.44833542300052326,-Inf,1080
568,false,0.9062462072183617,0.44833542300052326,-Inf,1081
569,false,0.9062370886462315,0.44833542300052326,-Inf,1082
570,false,0.9062274457988989,0.44833542300052326,-Inf,1083
571,false,0.9062152627361428,0.44833542300052326,-Inf,1084
572,false,0.9062112197987333,0.44833542300052326,-Inf,1085
573,false,0.9061202344882694,0.44833542300052326,-Inf,1086
574,false,0.9061184454877242,0.44833542300052326,-Inf,1087
575,false,0.9060980705477484,0.44833542300052326,-Inf,1088
576,false,0.9060894785670175,0.44833542300052326,-Inf,1089
577,false,0.9060863644137974,0.44833542300052326,-Inf,1090
578,false,0.9060825571299054,0.44833542300052326,-Inf,1091
579,false,0.9060338679624568,0.44833542300052326,-Inf,1092
580,false,0.9060285017908161,0.44833542300052326,-Inf,1093
581,false,0.9060280048928894,0.44833542300052326,-Inf,1094
582,false,0.9060273931900722,0.44833542300052326,-Inf,1095
583,false,0.9060171944324198,0.44833542300052326,-Inf,1096
584,false,0.9059880400983173,0.44833542300052326,-Inf,1097
585,false,0.9059846406820613,0.44833542300052326,-Inf,1098
586,false,0.905962991696216,0.44833542300052326,-Inf,1099
587,false,0.9059551577401898,0.44833542300052326,-Inf,1100
588,false,0.905946364156158,0.44833542300052326,-Inf,1101
589,false,0.9059437402076369,0.44833542300052326,-Inf,1102
590,false,0.905939231006711,0.44833542300052326,-Inf,1103
591,false,0.9059370563546584,0.44833542300052326,-Inf,1104
592,false,0.9059331225607434,0.44833542300052326,-Inf,1105
593,false,0.9059327153878617,0.44833542300052326,-Inf,1106
594,false,0.9059323235450872,0.44833542300052326,-Inf,1107
595,false,0.9059253538972372,0.44833542300052326,-Inf,1108
596,false,0.9059048698624093,0.44833542300052326,-Inf,1109
597,false,0.9058986307749509,0.44833542300052326,-Inf,1110
598,false,0.9058925916671915,0.44833542300052326,-Inf,1111
599,false,0.9058800211277641,0.44833542300052326,-Inf,1112
600,false,0.905878847362811,0.44833542300052326,-Inf,1113
601,false,0.9058770846450579,0.44833542300052326,-Inf,1114
602,false,0.9058769153002192,0.44833542300052326,-0.49300194593913554,1115
603,false,0.9058707814381574,0.44833542300052326,-Inf,1116
604,false,0.9058697573765668,0.44833542300052326,-Inf,1117
605,false,0.9058696273436465,0.44833542300052326,-Inf,1118
606,false,0.9058695814095806,0.44833542300052326,-0.49643286039762613,1119
607,false,0.9058247536000779,0.44833542300052326,-Inf,1120
608,false,0.9058056223123867,0.44833542300052326,-Inf,1121
609,false,0.9057968366414884,0.44833542300052326,-Inf,1122
610,false,0.9057939002026163,0.44833542300052326,-Inf,1123
611,false,0.9057935754836764,0.44833542300052326,-Inf,1124
612,false,0.9057933289661481,0.44833542300052326,-Inf,1125
613,false,0.9057832133367866,0.44833542300052326,-Inf,1126
614,false,0.9057818125603135,0.44833542300052326,-0.49050659799031426,1127
615,false,0.9057408424497687,0.44833542300052326,-Inf,1128
616,false,0.9057387367722155,0.44833542300052326,-Inf,1129
617,false,0.905737581763104,0.44833542300052326,-0.4872345207771033,1130
618,false,0.9057150727519238,0.44833542300052326,-Inf,1131
619,false,0.9057149780268265,0.44833542300052326,-Inf,1132
620,false,0.9057136735790495,0.44833542300052326,-Inf,1133
621,false,0.9057122043878358,0.44833542300052326,-Inf,1134
622,false,0.9057037903220205,0.44833542300052326,-Inf,1135
623,false,0.9056869931031224,0.44833542300052326,-0.48693221054679076,1136
624,false,0.9056424442412344,0.44833542300052326,-Inf,1137
625,false,0.905639103347506,0.44833542300052326,-Inf,1138
626,false,0.9056334783122524,0.44833542300052326,-Inf,1139
627,false,0.9056056493367155,0.44833542300052326,-Inf,1140
628,false,0.9055935830383568,0.44833542300052326,-Inf,1141
629,false,0.9055767883967727,0.44833542300052326,-Inf,1142
630,false,0.9055704774340547,0.44833542300052326,-Inf,1143
631,false,0.9055704587329956,0.44833542300052326,-0.48435049467772756,1144
632,false,0.9053964601683443,0.44833542300052326,-Inf,1145
633,false,0.905356308503953,0.44833542300052326,-Inf,1146
634,false,0.9053505325399339,0.44833542300052326,-Inf,1147
635,false,0.9053384844066776,0.44833542300052326,-Inf,1148
636,false,0.9053380174248468,0.44833542300052326,-Inf,1149
637,false,0.905315003828469,0.44833542300052326,-Inf,1150
638,false,0.9053143086173056,0.44833542300052326,-Inf,1151
639,false,0.9053135575662833,0.44833542300052326,-Inf,1152
640,false,0.9053127045787563,0.44833542300052326,-Inf,1153
641,false,0.9053083205096096,0.44833542300052326,-Inf,1154
642,false,0.9052483520261915,0.44833542300052326,-Inf,1155
643,false,0.9052412477785194,0.44833542300052326,-Inf,1156
644,false,0.905240611396217,0.44833542300052326,-Inf,1157
645,false,0.9052358752485924,0.44833542300052326,-0.48173346580618837,1158
646,false,0.9052048625290072,0.44833542300052326,-Inf,1159
647,false,0.9051486059282062,0.44833542300052326,-Inf,1160
648,false,0.9051274378753016,0.44833542300052326,-Inf,1161
649,false,0.9050929431631302,0.44833542300052326,-Inf,1162
650,false,0.9050578057988256,0.44833542300052326,-Inf,1163
651,false,0.9050543091749743,0.44833542300052326,-Inf,1164
652,false,0.9050419931064393,0.44833542300052326,-Inf,1165
653,false,0.9050407973372716,0.44833542300052326,-Inf,1166
654,false,0.9050401389298138,0.44833542300052326,-Inf,1167
655,false,0.905038816923887,0.44833542300052326,-Inf,1168
656,false,0.9050386920753524,0.44833542300052326,-Inf,1169
657,false,0.9050370356317743,0.44833542300052326,-Inf,1170
658,false,0.9050368179388125,0.44833542300052326,-Inf,1171
659,false,0.9050365386654562,0.44833542300052326,-Inf,1172
660,false,0.9050359775099042,0.44833542300052326,-Inf,1173
661,false,0.9050068181830818,0.44833542300052326,-Inf,1174
662,false,0.9049989520306678,0.44833542300052326,-Inf,1175
663,false,0.9049961769010232,0.44833542300052326,-Inf,1176
664,false,0.9049853068411571,0.44833542300052326,-Inf,1177
665,false,0.9049580011671882,0.44833542300052326,-Inf,1178
666,false,0.9048826275094752,0.44833542300052326,-Inf,1179
667,false,0.9048640663827552,0.44833542300052326,-Inf,1180
668,false,0.9048292384175508,0.44833542300052326,-Inf,1181
669,false,0.9048171421305491,0.44833542300052326,-Inf,1182
670,false,0.9047536923578411,0.44833542300052326,-Inf,1183
671,false,0.9047076247355061,0.44833542300052326,-Inf,1184
672,false,0.9047017800036421,0.44833542300052326,-Inf,1185
673,false,0.9046966079018222,0.44833542300052326,-Inf,1186
674,false,0.9046936958564761,0.44833542300052326,-Inf,1187
675,false,0.904656240309818,0.44833542300052326,-Inf,1188
676,false,0.9046480964522939,0.44833542300052326,-Inf,1189
677,false,0.904644742319199,0.44833542300052326,-Inf,1190
678,false,0.90464463817706,0.44833542300052326,-Inf,1191
679,false,0.904641263831477,0.44833542300052326,-Inf,1192
680,false,0.9046405530716786,0.44833542300052326,-0.4689715276166194,1193
681,false,0.9044673653342241,0.44833542300052326,-Inf,1194
682,false,0.9044558032493681,0.44833542300052326,-Inf,1195
683,false,0.9044508578502657,0.44833542300052326,-Inf,1196
684,false,0.9044473085249183,0.44833542300052326,-Inf,1197
685,false,0.9044406633255068,0.44833542300052326,-Inf,1198
686,false,0.9044395024834044,0.44833542300052326,-Inf,1199
687,false,0.9044393779766869,0.44833542300052326,-0.4805085208904526,1200
688,false,0.9043688100888058,0.44833542300052326,-Inf,1201
689,false,0.9043416349251723,0.44833542300052326,-Inf,1202
690,false,0.9042969015150487,0.44833542300052326,-Inf,1203
691,false,0.9042675120331737,0.44833542300052326,-Inf,1204
692,false,0.9042574556045753,0.44833542300052326,-Inf,1205
693,false,0.9041883887118334,0.44833542300052326,-Inf,1206
694,false,0.9041864830884841,0.44833542300052326,-Inf,1207
695,false,0.9041853003877314,0.44833542300052326,-Inf,1208
696,false,0.9041851638073309,0.44833542300052326,-Inf,1209
697,false,0.9041851274419862,0.44833542300052326,-Inf,1210
698,false,0.9041850113602776,0.44833542300052326,-Inf,1211
699,false,0.9041746099386097,0.44833542300052326,-Inf,1212
700,false,0.9041715303762675,0.44833542300052326,-Inf,1213
701,false,0.9041511272280236,0.44833542300052326,-Inf,1214
702,false,0.9041127009346808,0.44833542300052326,-Inf,1215
703,false,0.9041059297428727,0.44833542300052326,-Inf,1216
704,false,0.9040992973842167,0.44833542300052326,-Inf,1217
705,false,0.9040983196699409,0.44833542300052326,-Inf,1218
706,false,0.9040806004057997,0.44833542300052326,-Inf,1219
707,false,0.9040455723625872,0.44833542300052326,-Inf,1220
708,false,0.9040376981772605,0.44833542300052326,-Inf,1221
709,false,0.9040361812418967,0.44833542300052326,-Inf,1222
710,false,0.9040296901283221,0.44833542300052326,-Inf,1223
711,false,0.904025329474172,0.44833542300052326,-Inf,1224
712,false,0.9040213597109508,0.44833542300052326,-Inf,1225
713,false,0.9040177706092121,0.44833542300052326,-Inf,1226
714,false,0.904012587306227,0.44833542300052326,-Inf,1227
715,false,0.9040104576564478,0.44833542300052326,-Inf,1228
716,false,0.9039928379787552,0.44833542300052326,-Inf,1229
717,false,0.9039482888438324,0.44833542300052326,-Inf,1230
718,false,0.903915259458338,0.44833542300052326,-Inf,1231
719,false,0.903905611637233,0.44833542300052326,-Inf,1232
720,false,0.9038968323808831,0.44833542300052326,-Inf,1233
721,false,0.9038868038739384,0.44833542300052326,-Inf,1234
722,false,0.903885707258313,0.44833542300052326,-Inf,1235
723,false,0.9038850585043152,0.44833542300052326,-Inf,1236
724,false,0.9038848009802853,0.44833542300052326,-Inf,1237
725,false,0.9038847962474743,0.44833542300052326,-Inf,1238
726,false,0.9038847770449144,0.44833542300052326,-Inf,1239
727,false,0.9038825585722788,0.44833542300052326,-Inf,1240
728,false,0.9038684487972893,0.44833542300052326,-Inf,1241
729,false,0.9038683671697461,0.44833542300052326,-0.48140102401283735,1242
730,false,0.9038495124292343,0.44833542300052326,-Inf,1243
731,false,0.9038439882045032,0.44833542300052326,-Inf,1244
732,false,0.9038439223651917,0.44833542300052326,-0.47261518628742216,1245
733,false,0.9038212588807152,0.44833542300052326,-Inf,1246
734,false,0.9038198727136721,0.44833542300052326,-Inf,1247
735,false,0.9038191353987352,0.44833542300052326,-Inf,1248
736,false,0.9038148379341472,0.44833542300052326,-Inf,1249
737,false,0.9038098162881862,0.44833542300052326,-Inf,1250
738,false,0.9038095798479102,0.44833542300052326,-Inf,1251
739,false,0.9038092654969185,0.44833542300052326,-Inf,1252
740,false,0.9037918076588223,0.44833542300052326,-Inf,1253
741,false,0.9037861194205175,0.44833542300052326,-Inf,1254
742,false,0.903786071676785,0.44833542300052326,-Inf,1255
743,false,0.9037860652503914,0.44833542300052326,-0.47527186456376425,1256
744,false,0.9037557699567323,0.44833542300052326,-Inf,1257
745,false,0.9037467236483798,0.44833542300052326,-Inf,1258
746,false,0.9037456516614859,0.44833542300052326,-Inf,1259
747,false,0.9037440044315931,0.44833542300052326,-Inf,1260
748,false,0.9037231088865527,0.44833542300052326,-Inf,1261
749,false,0.9037230555251401,0.44833542300052326,-Inf,1262
750,false,0.9037214592889804,0.44833542300052326,-Inf,1263
751,false,0.9037095030100348,0.44833542300052326,-Inf,1264
752,false,0.9037094632237961,0.44833542300052326,-Inf,1265
753,false,0.903709158226797,0.44833542300052326,-Inf,1266
754,false,0.9037091060972514,0.44833542300052326,-Inf,1267
755,false,0.9037081097437553,0.44833542300052326,-Inf,1268
756,false,0.9037046078559237,0.44833542300052326,-Inf,1269
757,false,0.9037033022012327,0.44833542300052326,-Inf,1270
758,false,0.9037029205922189,0.44833542300052326,-Inf,1271
759,false,0.9037019222276378,0.44833542300052326,-Inf,1272
760,false,0.9037009125412442,0.44833542300052326,-Inf,1273
761,false,0.9037004998104843,0.44833542300052326,-Inf,1274
762,false,0.9037003810924288,0.44833542300052326,-0.4671657034762695,1275
763,false,0.9036673229716439,0.44833542300052326,-Inf,1276
764,false,0.9036572110399866,0.44833542300052326,-Inf,1277
765,false,0.9036544332132475,0.44833542300052326,-Inf,1278
766,false,0.9036378979115859,0.44833542300052326,-Inf,1279
767,false,0.9036354350544894,0.44833542300052326,-Inf,1280
768,false,0.9036350569803647,0.44833542300052326,-Inf,1281
769,false,0.9035334633932214,0.44833542300052326,-Inf,1282
770,false,0.9035148565498761,0.44833542300052326,-Inf,1283
771,false,0.903501102139556,0.44833542300052326,-Inf,1284
772,false,0.9034954571199898,0.44833542300052326,-Inf,1285
773,false,0.9034812029225251,0.44833542300052326,-Inf,1286
774,false,0.9034685015680246,0.44833542300052326,-Inf,1287
775,false,0.9034667120426683,0.44833542300052326,-Inf,1288
776,false,0.9034620063278094,0.44833542300052326,-Inf,1289
777,false,0.9034610484490688,0.44833542300052326,-Inf,1290
778,false,0.9034599246063791,0.44833542300052326,-Inf,1291
779,false,0.9034594938937348,0.44833542300052326,-Inf,1292
780,false,0.9034577621730117,0.44833542300052326,-Inf,1293
781,false,0.9034576157549471,0.44833542300052326,-Inf,1294
782,false,0.9034571826414646,0.44833542300052326,-0.4691702463355894,1295
783,false,0.9034194874797884,0.44833542300052326,-0.46372832518618545,1296
784,false,0.903349825699115,0.44833542300052326,-Inf,1297
785,false,0.9032953564285935,0.44833542300052326,-Inf,1298
786,false,0.9032942969709192,0.44833542300052326,-Inf,1299
787,false,0.9032884700182477,0.44833542300052326,-Inf,1300
788,false,0.9032883173107092,0.44833542300052326,-Inf,1301
789,false,0.9032882884212547,0.44833542300052326,-Inf,1302
790,false,0.9032882726473902,0.44833542300052326,-Inf,1303
791,false,0.9032882704636145,0.44833542300052326,-0.4789922758659222,1304
792,false,0.9032774219190001,0.44833542300052326,-Inf,1305
793,false,0.9032740293895254,0.44833542300052326,-Inf,1306
794,false,0.9032697595047678,0.44833542300052326,-0.48095920338607245,1307
795,false,0.9032368376543429,0.44833542300052326,-Inf,1308
796,false,0.9032162928129024,0.44833542300052326,-Inf,1309
797,false,0.9032162619454684,0.44833542300052326,-Inf,1310
798,false,0.9032162574099974,0.44833542300052326,-0.48701972821180894,1311
799,false,0.9031903814567788,0.44833542300052326,-Inf,1312
800,false,0.903181783421049,0.44833542300052326,-Inf,1313
801,false,0.9031636588207269,0.44833542300052326,-Inf,1314
802,false,0.9031632073154358,0.44833542300052326,-Inf,1315
803,false,0.9031629935187164,0.44833542300052326,-Inf,1316
804,false,0.9031628431952027,0.44833542300052326,-Inf,1317
805,false,0.9031625910658737,0.44833542300052326,-0.475472005622542,1318
806,false,0.9031470174421273,0.44833542300052326,-Inf,1319
807,false,0.9031246337895752,0.44833542300052326,-Inf,1320
808,false,0.9030961425708239,0.44833542300052326,-Inf,1321
809,false,0.903079770113562,0.44833542300052326,-Inf,1322
810,false,0.9030643614906504,0.44833542300052326,-Inf,1323
811,false,0.903033459663118,0.44833542300052326,-Inf,1324
812,false,0.9030231036788722,0.44833542300052326,-Inf,1325
813,false,0.9030172098272005,0.44833542300052326,-Inf,1326
814,false,0.9030147977745102,0.44833542300052326,-Inf,1327
815,false,0.9030073875842094,0.44833542300052326,-Inf,1328
816,false,0.9030068438699717,0.44833542300052326,-0.4772743084933312,1329
817,false,0.9030022318072579,0.44833542300052326,-Inf,1330
818,false,0.9030022145181603,0.44833542300052326,-Inf,1331
819,false,0.9030021863418773,0.44833542300052326,-0.4722053537872588,1332
820,false,0.9029820928385608,0.44833542300052326,-Inf,1333
821,false,0.9029818690966042,0.44833542300052326,-Inf,1334
822,false,0.9029815057089401,0.44833542300052326,-0.4822162585655946,1335
823,false,0.9029542373599927,0.44833542300052326,-Inf,1336
824,false,0.9029479650158394,0.44833542300052326,-Inf,1337
825,false,0.9029476755619396,0.44833542300052326,-Inf,1338
826,false,0.9029476313864965,0.44833542300052326,-Inf,1339
827,false,0.902947589164349,0.44833542300052326,-Inf,1340
828,false,0.9029475816604507,0.44833542300052326,-Inf,1341
829,false,0.9029475761055323,0.44833542300052326,-Inf,1342
830,false,0.9029475720570649,0.44833542300052326,-0.48489871918199823,1343
831,false,0.9029351404683276,0.44833542300052326,-Inf,1344
832,false,0.902915739469779,0.44833542300052326,-Inf,1345
833,false,0.9028833338292409,0.44833542300052326,-Inf,1346
834,false,0.9028253482689198,0.44833542300052326,-Inf,1347
835,false,0.9028081660617662,0.44833542300052326,-Inf,1348
836,false,0.9028051796850703,0.44833542300052326,-Inf,1349
837,false,0.902788433909964,0.44833542300052326,-Inf,1350
838,false,0.9027873423593157,0.44833542300052326,-Inf,1351
839,false,0.9027856047673869,0.44833542300052326,-Inf,1352
840,false,0.9027538210018157,0.44833542300052326,-Inf,1353
841,false,0.9027497934290822,0.44833542300052326,-0.476000110503384,1354
842,false,0.9027200595097603,0.44833542300052326,-Inf,1355
843,false,0.9027198612079396,0.44833542300052326,-Inf,1356
844,false,0.9027196964768065,0.44833542300052326,-Inf,1357
845,false,0.9027195995335019,0.44833542300052326,-0.4706526237118369,1358
846,false,0.9027088126021218,0.44833542300052326,-0.4731159548516789,1359
847,false,0.9027005088389483,0.44833542300052326,-Inf,1360
848,false,0.9026988089098311,0.44833542300052326,-Inf,1361
849,false,0.9026985129110234,0.44833542300052326,-Inf,1362
850,false,0.9026964224907266,0.44833542300052326,-Inf,1363
851,false,0.9026941865539346,0.44833542300052326,-Inf,1364
852,false,0.9026937574634244,0.44833542300052326,-Inf,1365
853,false,0.9026901693944552,0.44833542300052326,-Inf,1366
854,false,0.9026896005956748,0.44833542300052326,-Inf,1367
855,false,0.9026825462970258,0.44833542300052326,-Inf,1368
856,false,0.9026814642418552,0.44833542300052326,-0.47538125934529574,1369
857,false,0.9025662517139107,0.44833542300052326,-Inf,1370
858,false,0.9025340129919235,0.44833542300052326,-Inf,1371
859,false,0.9025154164008482,0.44833542300052326,-Inf,1372
860,false,0.9024998545324535,0.44833542300052326,-Inf,1373
861,false,0.9024431786364933,0.44833542300052326,-Inf,1374
862,false,0.902423242250675,0.44833542300052326,-Inf,1375
863,false,0.9024051490838502,0.44833542300052326,-Inf,1376
864,false,0.9024026072362569,0.44833542300052326,-Inf,1377
865,false,0.9023856541191564,0.44833542300052326,-Inf,1378
866,false,0.9023797586338692,0.44833542300052326,-Inf,1379
867,false,0.9023783376090891,0.44833542300052326,-Inf,1380
868,false,0.9023584112268456,0.44833542300052326,-Inf,1381
869,false,0.9023316300304354,0.44833542300052326,-Inf,1382
870,false,0.9023313407916945,0.44833542300052326,-Inf,1383
871,false,0.9023272684715774,0.44833542300052326,-Inf,1384
872,false,0.902311404145699,0.44833542300052326,-Inf,1385
873,false,0.9023014910833665,0.44833542300052326,-Inf,1386
874,false,0.9022978148336107,0.44833542300052326,-Inf,1387
875,false,0.9022922429495324,0.44833542300052326,-Inf,1388
876,false,0.9022765380910054,0.44833542300052326,-Inf,1389
877,false,0.9022650725255378,0.44833542300052326,-Inf,1390
878,false,0.9022587939835075,0.44833542300052326,-Inf,1391
879,false,0.9022349642374331,0.44833542300052326,-Inf,1392
880,false,0.9022315543917986,0.44833542300052326,-Inf,1393
881,false,0.902230623636759,0.44833542300052326,-Inf,1394
882,false,0.9022294855695577,0.44833542300052326,-Inf,1395
883,false,0.9022273731916292,0.44833542300052326,-Inf,1396
884,false,0.9022192511145715,0.44833542300052326,-Inf,1397
885,false,0.9022150148749638,0.44833542300052326,-Inf,1398
886,false,0.9022115882117024,0.44833542300052326,-Inf,1399
887,false,0.9022113590481772,0.44833542300052326,-Inf,1400
888,false,0.9022077519886667,0.44833542300052326,-Inf,1401
889,false,0.9022074957671381,0.44833542300052326,-Inf,1402
890,false,0.9022074662563143,0.44833542300052326,-Inf,1403
891,false,0.9022074583107035,0.44833542300052326,-0.4915330268167498,1404
892,false,0.902153614378609,0.44833542300052326,-Inf,1405
893,false,0.9021462276136306,0.44833542300052326,-Inf,1406
894,false,0.9021433668065575,0.44833542300052326,-Inf,1407
895,false,0.9021156630907544,0.44833542300052326,-Inf,1408
896,false,0.9021092026127744,0.44833542300052326,-Inf,1409
897,false,0.9021082938884929,0.44833542300052326,-0.47731776777257895,1410
898,false,0.9020742420403758,0.44833542300052326,-Inf,1411
899,false,0.9020693816709966,0.44833542300052326,-Inf,1412
900,false,0.9020646112986597,0.44833542300052326,-Inf,1413
901,false,0.902061599921539,0.44833542300052326,-Inf,1414
902,false,0.9020615799038141,0.44833542300052326,-Inf,1415
903,false,0.9020615626621328,0.44833542300052326,-Inf,1416
904,false,0.9020615597226862,0.44833542300052326,-Inf,1417
905,false,0.9020615591814741,0.44833542300052326,-Inf,1418
906,false,0.9020615590802403,0.44833542300052326,-Inf,1419
907,false,0.9020615590637331,0.44833542300052326,-Inf,1420
908,false,0.902061559060361,0.44833542300052326,-Inf,1421
909,false,0.9020615590590358,0.44833542300052326,-Inf,1422
910,false,0.9020615590591579,0.44833542300052326,-0.4667049685867244,1423
911,false,0.9020459556714782,0.44833542300052326,-Inf,1424
912,false,0.9020455495724374,0.44833542300052326,-0.48304262655583197,1425
913,false,0.9020046983687948,0.44833542300052326,-Inf,1426
914,false,0.902004620187675,0.44833542300052326,-0.4861437050165916,1427
915,false,0.9019635080970585,0.44833542300052326,-Inf,1428
916,false,0.9019426705565615,0.44833542300052326,-Inf,1429
917,false,0.9019423973240077,0.44833542300052326,-Inf,1430
918,false,0.9019342933698212,0.44833542300052326,-Inf,1431
919,false,0.9019321813492134,0.44833542300052326,-Inf,1432
920,false,0.9019311850011906,0.44833542300052326,-0.4657161210317542,1433
921,false,0.9019027318943698,0.44833542300052326,-Inf,1434
922,false,0.9019007621510461,0.44833542300052326,-Inf,1435
923,false,0.9018992828904037,0.44833542300052326,-Inf,1436
924,false,0.9018988493252169,0.44833542300052326,-0.4728918212718345,1437
925,false,0.9018161574384911,0.44833542300052326,-Inf,1438
926,false,0.9018014193588602,0.44833542300052326,-Inf,1439
927,false,0.9018010941033459,0.44833542300052326,-0.4802402673357824,1440
928,false,0.9017069818311753,0.44833542300052326,-Inf,1441
929,false,0.9017022332350833,0.44833542300052326,-Inf,1442
930,false,0.9016930997539208,0.44833542300052326,-Inf,1443
931,false,0.9016895765198618,0.44833542300052326,-Inf,1444
932,false,0.9016607886358551,0.44833542300052326,-Inf,1445
933,false,0.9016483498068929,0.44833542300052326,-Inf,1446
934,false,0.9016292972381592,0.44833542300052326,-Inf,1447
935,false,0.9016287453925935,0.44833542300052326,-Inf,1448
936,false,0.9016284864794072,0.44833542300052326,-Inf,1449
937,false,0.9016282403197304,0.44833542300052326,-Inf,1450
938,false,0.9016281772282798,0.44833542300052326,-Inf,1451
939,false,0.901628159240931,0.44833542300052326,-Inf,1452
940,false,0.9016280135126593,0.44833542300052326,-0.479429987454531,1453
941,false,0.9014878129624131,0.44833542300052326,-Inf,1454
942,false,0.9014875752936269,0.44833542300052326,-Inf,1455
943,false,0.9014875423939985,0.44833542300052326,-Inf,1456
944,false,0.9014875322352996,0.44833542300052326,-0.46716608986754515,1457
945,false,0.9013699388536504,0.44833542300052326,-Inf,1458
946,false,0.9013641854435375,0.44833542300052326,-Inf,1459
947,false,0.9013641006473823,0.44833542300052326,-Inf,1460
948,false,0.9013641005053532,0.44833542300052326,-Inf,1461
949,false,0.9013641005707664,0.44833542300052326,-Inf,1462
950,false,0.9013641005499369,0.44833542300052326,-Inf,1463
951,false,0.9013641005319517,0.44833542300052326,-Inf,1464
952,false,0.9013641004498965,0.44833542300052326,-Inf,1465
953,false,0.9013640997685314,0.44833542300052326,-0.48911528382395997,1466
954,false,0.9012801928568877,0.44833542300052326,-Inf,1467
955,false,0.9012735326119663,0.44833542300052326,-Inf,1468
956,false,0.9012732499265068,0.44833542300052326,-Inf,1469
957,false,0.9012732458220412,0.44833542300052326,-Inf,1470
958,false,0.9012690410219905,0.44833542300052326,-Inf,1471
959,false,0.9012624044712764,0.44833542300052326,-Inf,1472
960,false,0.9012621885904425,0.44833542300052326,-Inf,1473
961,false,0.9012550845571384,0.44833542300052326,-Inf,1474
962,false,0.9012550785482363,0.44833542300052326,-Inf,1475
963,false,0.9012550752420952,0.44833542300052326,-0.472941754679434,1476
964,false,0.9011488847700018,0.44833542300052326,-Inf,1477
965,false,0.9011234443403617,0.44833542300052326,-Inf,1478
966,false,0.9011204924047738,0.44833542300052326,-Inf,1479
967,false,0.9011022112378624,0.44833542300052326,-Inf,1480
968,false,0.9010918249870569,0.44833542300052326,-Inf,1481
969,false,0.9010899917155566,0.44833542300052326,-Inf,1482
970,false,0.9010885438832279,0.44833542300052326,-Inf,1483
971,false,0.9010871699956939,0.44833542300052326,-Inf,1484
972,false,0.9010786903275615,0.44833542300052326,-Inf,1485
973,false,0.9010786890001211,0.44833542300052326,-Inf,1486
974,false,0.9010784202770257,0.44833542300052326,-Inf,1487
975,false,0.9010766587193694,0.44833542300052326,-0.461694537383161,1488
976,false,0.9010327118089139,0.44833542300052326,-Inf,1489
977,false,0.9010270994090346,0.44833542300052326,-Inf,1490
978,false,0.9010232874884225,0.44833542300052326,-Inf,1491
979,false,0.9010206627565934,0.44833542300052326,-0.4583740462784268,1492
980,false,0.9010085744424218,0.44833542300052326,-Inf,1493
981,false,0.9010067927546335,0.44833542300052326,-0.46076604121828535,1494
982,false,0.9009841052988853,0.44833542300052326,-Inf,1495
983,false,0.900983845292698,0.44833542300052326,-Inf,1496
984,false,0.9009838371023127,0.44833542300052326,-0.46221028937095,1497
985,false,0.900926299911385,0.44833542300052326,-Inf,1498
986,false,0.9009181748501994,0.44833542300052326,-Inf,1499
987,false,0.9009146040780924,0.44833542300052326,-Inf,1500
988,false,0.9009142880430998,0.44833542300052326,-0.45926595649347285,1501
989,false,0.9008832195706655,0.44833542300052326,-Inf,1502
990,false,0.9008802395207912,0.44833542300052326,-Inf,1503
991,false,0.9008802390274724,0.44833542300052326,-0.4663354925629062,1504
992,false,0.900866957803272,0.44833542300052326,-0.46885052324144183,1505
993,false,0.900823581529141,0.44833542300052326,-Inf,1506
994,false,0.9008234779509583,0.44833542300052326,-Inf,1507
995,false,0.9008233844061002,0.44833542300052326,-Inf,1508
996,false,0.9008233843725701,0.44833542300052326,-0.4581880499489541,1509
997,false,0.9007601844454807,0.44833542300052326,-Inf,1510
998,false,0.9007594748211475,0.44833542300052326,-Inf,1511
999,false,0.900749633756322,0.44833542300052326,-Inf,1512
1000,false,0.9007494455772254,0.44833542300052326,-Inf,1513
1001,false,0.9007487924004213,0.44833542300052326,-0.4609637174812462,1514
1002,false,0.9006762160194892,0.44833542300052326,-Inf,1515
1003,false,0.9006399728917627,0.44833542300052326,-Inf,1516
1004,false,0.9006157866215544,0.44833542300052326,-Inf,1517
1005,false,0.9006091233475626,0.44833542300052326,-Inf,1518
1006,false,0.9006089541310656,0.44833542300052326,-Inf,1519
1007,false,0.9006089284827775,0.44833542300052326,-Inf,1520
1008,false,0.9006088369599679,0.44833542300052326,-Inf,1521
1009,false,0.900608813346623,0.44833542300052326,-0.47512938739274446,1522
1010,false,0.9005765500986215,0.44833542300052326,-Inf,1523
1011,false,0.900575255693602,0.44833542300052326,-Inf,1524
1012,false,0.9005720214032819,0.44833542300052326,-Inf,1525
1013,false,0.9005716441213507,0.44833542300052326,-Inf,1526
1014,false,0.9005716335049584,0.44833542300052326,-Inf,1527
1015,false,0.900571563898696,0.44833542300052326,-0.46116002855737437,1528
1016,false,0.9005538659007498,0.44833542300052326,-Inf,1529
1017,false,0.9005511088213864,0.44833542300052326,-Inf,1530
1018,false,0.9005479746893996,0.44833542300052326,-Inf,1531
1019,false,0.9005478630295647,0.44833542300052326,-Inf,1532
1020,false,0.9005478537359681,0.44833542300052326,-Inf,1533
1021,false,0.9005478204747939,0.44833542300052326,-Inf,1534
1022,false,0.9005478097481396,0.44833542300052326,-Inf,1535
1023,false,0.9005478084217373,0.44833542300052326,-Inf,1536
1024,false,0.9005478080457501,0.44833542300052326,-0.46859687046038767,1537
1025,false,0.9005359163383573,0.44833542300052326,-Inf,1538
1026,false,0.9005345219357235,0.44833542300052326,-0.4587566873471399,1539
1027,false,0.9004871218232414,0.44833542300052326,-Inf,1540
1028,false,0.9004847604521163,0.44833542300052326,-Inf,1541
1029,false,0.900484532317555,0.44833542300052326,-Inf,1542
1030,false,0.9004842477672652,0.44833542300052326,-Inf,1543
1031,false,0.9004841403878293,0.44833542300052326,-0.477741512994856,1544
1032,false,0.9003593371921301,0.44833542300052326,-0.46598731780248775,1545
1033,false,0.900350145293557,0.44833542300052326,-Inf,1546
1034,false,0.9003435185456563,0.44833542300052326,-0.4587176651918965,1547
1035,false,0.9003303351561935,0.44833542300052326,-Inf,1548
1036,false,0.9003262181516767,0.44833542300052326,-0.46489420871483045,1549
1037,false,0.9002795676043128,0.44833542300052326,-0.46457148307619067,1550
1038,false,0.9002304513031031,0.44833542300052326,-Inf,1551
1039,false,0.9001648056140199,0.44833542300052326,-Inf,1552
1040,false,0.900149560203839,0.44833542300052326,-Inf,1553
1041,false,0.9001488707144782,0.44833542300052326,-Inf,1554
1042,false,0.9001424351592577,0.44833542300052326,-Inf,1555
1043,false,0.9001413822878439,0.44833542300052326,-Inf,1556
1044,false,0.9001410494851358,0.44833542300052326,-Inf,1557
1045,false,0.9001409919464378,0.44833542300052326,-Inf,1558
1046,false,0.9001409660329709,0.44833542300052326,-Inf,1559
1047,false,0.9001408806785555,0.44833542300052326,-Inf,1560
1048,false,0.9001406314029203,0.44833542300052326,-0.4722699410654686,1561
1049,false,0.9001266774477972,0.44833542300052326,-Inf,1562
1050,false,0.9001204671893629,0.44833542300052326,-Inf,1563
1051,false,0.9001188431282805,0.44833542300052326,-0.46269218376890986,1564
1052,false,0.9000562742436408,0.44833542300052326,-0.4776672184782397,1565
1053,false,0.8999485926777567,0.44833542300052326,-Inf,1566
1054,false,0.89994049716034,0.44833542300052326,-Inf,1567
1055,false,0.8999333549239916,0.44833542300052326,-Inf,1568
1056,false,0.899924367890349,0.44833542300052326,-Inf,1569
1057,false,0.8999163079916267,0.44833542300052326,-0.4686504007375959,1570
1058,false,0.8998885927947292,0.44833542300052326,-Inf,1571
1059,false,0.8998787289668898,0.44833542300052326,-Inf,1572
1060,false,0.8998541873721052,0.44833542300052326,-Inf,1573
1061,false,0.899852196625919,0.44833542300052326,-0.4612683058984654,1574
1062,false,0.8998388387632367,0.44833542300052326,-Inf,1575
1063,false,0.8998291438252327,0.45078860827303335,-0.44904053555219936,1576
1064,false,0.8998204629078511,0.45078860827303335,-Inf,1577
1065,false,0.8998164968758996,0.45078860827303335,-0.47077592685405345,1578
1066,false,0.8997854542178416,0.45078860827303335,-Inf,1579
1067,false,0.899775755652511,0.45078860827303335,-Inf,1580
1068,false,0.8997725097642183,0.45078860827303335,-0.46914195116386836,1581
1069,false,0.8997618361193332,0.45078860827303335,-Inf,1582
1070,false,0.899759575969189,0.45078860827303335,-0.47179909409627796,1583
1071,false,0.8997410137916897,0.45078860827303335,-Inf,1584
1072,false,0.8997211023647643,0.45078860827303335,-0.4677610747092967,1585
1073,false,0.8996859266828368,0.45078860827303335,-Inf,1586
1074,false,0.8996645775811889,0.45078860827303335,-Inf,1587
1075,false,0.8996637251525215,0.45078860827303335,-0.47908957524443146,1588
1076,false,0.8996417665004626,0.45078860827303335,-Inf,1589
1077,false,0.8995834162015126,0.45078860827303335,-Inf,1590
1078,false,0.8995813834635109,0.45078860827303335,-Inf,1591
1079,false,0.899572433533763,0.45078860827303335,-Inf,1592
1080,false,0.8995687186680613,0.45078860827303335,-Inf,1593
1081,false,0.8995659333723705,0.45078860827303335,-Inf,1594
1082,false,0.8995605094612756,0.45078860827303335,-Inf,1595
1083,false,0.8995604994724488,0.45078860827303335,-Inf,1596
1084,false,0.89956049932177,0.45078860827303335,-Inf,1597
1085,false,0.8995604987545925,0.45078860827303335,-Inf,1598
1086,false,0.8995604990474296,0.45078860827303335,-Inf,1599
1087,false,0.8995604989631093,0.45078860827303335,-Inf,1600
1088,false,0.8995604989154076,0.45078860827303335,-0.4774617077626033,1601
1089,false,0.8995517405255917,0.45078860827303335,-Inf,1602
1090,false,0.8995517214187891,0.45078860827303335,-Inf,1603
1091,false,0.8995498593666785,0.45078860827303335,-0.4733674148986666,1604
1092,false,0.8995447731243399,0.45078860827303335,-Inf,1605
1093,false,0.899544723918214,0.45078860827303335,-0.46964959202834117,1606
1094,false,0.8995081584019087,0.45078860827303335,-Inf,1607
1095,false,0.8995080332437693,0.45078860827303335,-0.4783665967578491,1608
1096,false,0.8994972882879433,0.45078860827303335,-Inf,1609
1097,false,0.8994958410612158,0.45078860827303335,-Inf,1610
1098,false,0.8994957759173876,0.45078860827303335,-Inf,1611
1099,false,0.8994957342005196,0.45078860827303335,-0.4704891061219809,1612
1100,false,0.899419408031495,0.45078860827303335,-Inf,1613
1101,false,0.899418869370575,0.45078860827303335,-Inf,1614
1102,false,0.8994188409435029,0.45078860827303335,-Inf,1615
1103,false,0.8994185635651631,0.45078860827303335,-0.4847593630128591,1616
1104,false,0.8993949383095616,0.45078860827303335,-Inf,1617
1105,false,0.8993923682840703,0.45078860827303335,-Inf,1618
1106,false,0.8993900443569893,0.45078860827303335,-Inf,1619
1107,false,0.8993866696247373,0.45078860827303335,-0.48335852349867797,1620
1108,false,0.8993692537929251,0.45078860827303335,-Inf,1621
1109,false,0.8993692500480988,0.45078860827303335,-Inf,1622
1110,false,0.8993692486738614,0.45078860827303335,-Inf,1623
1111,false,0.8993692313029477,0.45078860827303335,-0.4715103973866889,1624
1112,false,0.8993635195283177,0.45078860827303335,-0.47913809226725335,1625
1113,false,0.8993548345841478,0.45078860827303335,-Inf,1626
1114,false,0.8993525747892659,0.45078860827303335,-Inf,1627
1115,false,0.8993500103773666,0.45078860827303335,-Inf,1628
1116,false,0.8993473133307133,0.45078860827303335,-Inf,1629
1117,false,0.8993452241603985,0.45078860827303335,-Inf,1630
1118,false,0.8993451348235111,0.45078860827303335,-Inf,1631
1119,false,0.8993450693290211,0.45078860827303335,-Inf,1632
1120,false,0.8993449049854007,0.45078860827303335,-0.45546062072042115,1633
1121,false,0.8993100981040405,0.45078860827303335,-Inf,1634
1122,false,0.8993022469770589,0.45078860827303335,-0.454649774582099,1635
1123,false,0.8992953827309138,0.45078860827303335,-Inf,1636
1124,false,0.8992884742922764,0.45078860827303335,-Inf,1637
1125,false,0.8992884681778279,0.45078860827303335,-Inf,1638
1126,false,0.8992884490197902,0.45078860827303335,-0.46078250410748817,1639
1127,false,0.8992780765744613,0.45078860827303335,-Inf,1640
1128,false,0.8992780483989163,0.45078860827303335,-Inf,1641
1129,false,0.8992780263545372,0.45078860827303335,-Inf,1642
1130,false,0.8992779610286151,0.45078860827303335,-0.45554697144116,1643
1131,false,0.8992662628162762,0.45078860827303335,-Inf,1644
1132,false,0.8992432797418485,0.45078860827303335,-Inf,1645
1133,false,0.8992342290318627,0.45078860827303335,-Inf,1646
1134,false,0.8992341997483034,0.45078860827303335,-Inf,1647
1135,false,0.8992341992544988,0.45078860827303335,-0.4538273184817083,1648
1136,false,0.8992244532917005,0.45078860827303335,-Inf,1649
1137,false,0.8992157655618234,0.45078860827303335,-Inf,1650
1138,false,0.8992149934772178,0.45078860827303335,-Inf,1651
1139,false,0.8992149708128611,0.45078860827303335,-Inf,1652
1140,false,0.8992149679310397,0.45078860827303335,-0.4605560207992754,1653
1141,false,0.8991564569408236,0.45078860827303335,-0.4661627772738971,1654
1142,false,0.8991477191381507,0.45078860827303335,-Inf,1655
1143,false,0.8990937202488085,0.45078860827303335,-Inf,1656
1144,false,0.8990909292612173,0.45078860827303335,-Inf,1657
1145,false,0.8990877535155071,0.45078860827303335,-Inf,1658
1146,false,0.8990277594375763,0.45078860827303335,-Inf,1659
1147,false,0.8990237538163668,0.45078860827303335,-Inf,1660
1148,false,0.8990119261321048,0.45078860827303335,-Inf,1661
1149,false,0.8989963210471558,0.45078860827303335,-Inf,1662
1150,false,0.8989830724894367,0.45078860827303335,-Inf,1663
1151,false,0.8989823488556642,0.45078860827303335,-Inf,1664
1152,false,0.8989763281855908,0.45078860827303335,-Inf,1665
1153,false,0.8989711422624634,0.45078860827303335,-Inf,1666
1154,false,0.89897021676454,0.45078860827303335,-0.47453678992050324,1667
1155,false,0.8989391632645404,0.45078860827303335,-Inf,1668
1156,false,0.898933041211712,0.45078860827303335,-Inf,1669
1157,false,0.8989147793293858,0.45078860827303335,-Inf,1670
1158,false,0.8988937287327305,0.45078860827303335,-Inf,1671
1159,false,0.8988858394824081,0.45078860827303335,-Inf,1672
1160,false,0.8988826438469804,0.45078860827303335,-Inf,1673
1161,false,0.8988812721562607,0.45078860827303335,-Inf,1674
1162,false,0.8988812215431872,0.45078860827303335,-Inf,1675
1163,false,0.8988812120442486,0.45078860827303335,-0.47588694405301435,1676
1164,false,0.8988732611851187,0.45078860827303335,-Inf,1677
1165,false,0.8988712263220977,0.45078860827303335,-Inf,1678
1166,false,0.8988711895805874,0.45078860827303335,-0.47080921520206465,1679
1167,false,0.8988537001564849,0.45078860827303335,-Inf,1680
1168,false,0.8988467303578171,0.45078860827303335,-Inf,1681
1169,false,0.8988467070663917,0.45078860827303335,-Inf,1682
1170,false,0.8988462831112761,0.45078860827303335,-Inf,1683
1171,false,0.8988411927089464,0.45078860827303335,-Inf,1684
1172,false,0.898829600032069,0.45078860827303335,-Inf,1685
1173,false,0.8988295902395704,0.45078860827303335,-Inf,1686
1174,false,0.8988295894749796,0.45078860827303335,-Inf,1687
1175,false,0.8988295897055993,0.45078860827303335,-Inf,1688
1176,false,0.898829587751003,0.45078860827303335,-0.4565678020594043,1689
1177,false,0.8988025045198734,0.45078860827303335,-Inf,1690
1178,false,0.8987958360500072,0.45078860827303335,-Inf,1691
1179,false,0.8987957700307263,0.45078860827303335,-Inf,1692
1180,false,0.8987957497781235,0.45078860827303335,-Inf,1693
1181,false,0.8987957156898273,0.45078860827303335,-Inf,1694
1182,false,0.8987956859153486,0.45078860827303335,-Inf,1695
1183,false,0.8987956694182018,0.45078860827303335,-0.4685905343044735,1696
1184,false,0.8987863322753648,0.45078860827303335,-Inf,1697
1185,false,0.8987833983113207,0.45078860827303335,-Inf,1698
1186,false,0.8987777541807286,0.45078860827303335,-Inf,1699
1187,false,0.8987430804866019,0.45078860827303335,-Inf,1700
1188,false,0.8987414147785115,0.45078860827303335,-0.4734323512573831,1701
1189,false,0.8987117138170793,0.45078860827303335,-Inf,1702
1190,false,0.8986848771197657,0.45078860827303335,-Inf,1703
1191,false,0.8986741525385067,0.45078860827303335,-Inf,1704
1192,false,0.8986663694717407,0.45078860827303335,-0.47161286868280494,1705
1193,false,0.8985819010103677,0.45078860827303335,-Inf,1706
1194,false,0.8985784361706323,0.45078860827303335,-Inf,1707
1195,false,0.8985764664588156,0.45078860827303335,-Inf,1708
1196,false,0.8985588480569722,0.45078860827303335,-Inf,1709
1197,false,0.8985556049149973,0.45078860827303335,-Inf,1710
1198,false,0.8985514822275259,0.45078860827303335,-Inf,1711
1199,false,0.8985484633163738,0.45078860827303335,-Inf,1712
1200,false,0.8985382010725663,0.45078860827303335,-Inf,1713
1201,false,0.8985368964533574,0.45078860827303335,-0.4670016046972103,1714
1202,false,0.8985309923208266,0.45078860827303335,-0.46844602173671757,1715
1203,false,0.8985147930190962,0.45078860827303335,-Inf,1716
1204,false,0.8984434768299296,0.45078860827303335,-Inf,1717
1205,false,0.8984289876215455,0.45078860827303335,-Inf,1718
1206,false,0.8984016905650792,0.45078860827303335,-Inf,1719
1207,false,0.8983951471105471,0.45078860827303335,-Inf,1720
1208,false,0.898393251867746,0.45078860827303335,-Inf,1721
1209,false,0.8983738384836925,0.45078860827303335,-Inf,1722
1210,false,0.8983718171637831,0.45078860827303335,-Inf,1723
1211,false,0.8983621728168534,0.45078860827303335,-Inf,1724
1212,false,0.8983585292125409,0.45078860827303335,-Inf,1725
1213,false,0.8983566794321544,0.45078860827303335,-Inf,1726
1214,false,0.8983530715928713,0.45078860827303335,-Inf,1727
1215,false,0.898353037311938,0.45078860827303335,-Inf,1728
1216,false,0.898353035914054,0.45078860827303335,-0.4685672966395066,1729
1217,false,0.8983257982069001,0.45078860827303335,-Inf,1730
1218,false,0.8983107993543945,0.45078860827303335,-Inf,1731
1219,false,0.8983097977042384,0.45078860827303335,-Inf,1732
1220,false,0.8983091996303658,0.45078860827303335,-Inf,1733
1221,false,0.8983091299987533,0.45078860827303335,-Inf,1734
1222,false,0.8983088202413553,0.45078860827303335,-Inf,1735
1223,false,0.89830871496388,0.45078860827303335,-Inf,1736
1224,false,0.898308417140544,0.45078860827303335,-0.4708403045981808,1737
1225,false,0.8982053335714233,0.45078860827303335,-0.47905568464560044,1738
1226,false,0.8981766983817546,0.45078860827303335,-Inf,1739
1227,false,0.8981641463210714,0.45078860827303335,-Inf,1740
1228,false,0.8981626123046538,0.45078860827303335,-Inf,1741
1229,false,0.8981527443330709,0.45078860827303335,-Inf,1742
1230,false,0.8981255530935135,0.45078860827303335,-Inf,1743
1231,false,0.8981255161229215,0.45078860827303335,-Inf,1744
1232,false,0.8981254476818149,0.45078860827303335,-Inf,1745
1233,false,0.8981254259523681,0.45078860827303335,-Inf,1746
1234,false,0.8981254217443552,0.45078860827303335,-Inf,1747
1235,false,0.8981254210154597,0.45078860827303335,-Inf,1748
1236,false,0.8981254209362433,0.45078860827303335,-Inf,1749
1237,false,0.8981254208865744,0.45078860827303335,-Inf,1750
1238,false,0.8981254209196206,0.45078860827303335,-0.4815136869729549,1751
1239,false,0.8981035601133773,0.45078860827303335,-0.47966548531265346,1752
1240,false,0.8980924812176516,0.45078860827303335,-Inf,1753
1241,false,0.8980923446720063,0.45078860827303335,-Inf,1754
1242,false,0.8980923327468588,0.45078860827303335,-0.47768535868796047,1755
1243,false,0.8980721608075458,0.45078860827303335,-Inf,1756
1244,false,0.8980484959687275,0.45078860827303335,-Inf,1757
1245,false,0.8980477951830381,0.45078860827303335,-Inf,1758
1246,false,0.8980249531710152,0.45078860827303335,-0.47729937581061144,1759
1247,false,0.8979999355500194,0.45078860827303335,-Inf,1760
1248,false,0.8979956821919683,0.45078860827303335,-Inf,1761
1249,false,0.8979956782104749,0.45078860827303335,-0.47588397145399625,1762
1250,false,0.897977065793919,0.45078860827303335,-Inf,1763
1251,false,0.8979762032368469,0.45078860827303335,-Inf,1764
1252,false,0.8979749913040872,0.45078860827303335,-Inf,1765
1253,false,0.8979749456682202,0.45078860827303335,-0.47246300822132326,1766
1254,false,0.8979700847333594,0.45078860827303335,-Inf,1767
1255,false,0.8979655973356588,0.45078860827303335,-Inf,1768
1256,false,0.8979655707420519,0.45078860827303335,-0.478272008093897,1769
1257,false,0.8979104658108075,0.45078860827303335,-Inf,1770
1258,false,0.8979023153242487,0.45078860827303335,-Inf,1771
1259,false,0.8978870598693829,0.45078860827303335,-Inf,1772
1260,false,0.8978841580978426,0.45078860827303335,-Inf,1773
1261,false,0.8978839814622389,0.45078860827303335,-Inf,1774
1262,false,0.8978839588987393,0.45078860827303335,-Inf,1775
1263,false,0.8978839332061217,0.45078860827303335,-Inf,1776
1264,false,0.8978839331913595,0.45078860827303335,-Inf,1777
1265,false,0.8978839331438243,0.45078860827303335,-0.47126510338149985,1778
1266,false,0.8978637291937483,0.45078860827303335,-Inf,1779
1267,false,0.8978629427600754,0.45078860827303335,-0.4783098040068382,1780
1268,false,0.8978436660275672,0.45078860827303335,-Inf,1781
1269,false,0.897842775044168,0.45078860827303335,-Inf,1782
1270,false,0.8978425474956115,0.45078860827303335,-Inf,1783
1271,false,0.8978420576559513,0.45078860827303335,-0.47115892629396416,1784
1272,false,0.897831790760073,0.45078860827303335,-Inf,1785
1273,false,0.8978285307260092,0.45078860827303335,-0.47502099273753684,1786
1274,false,0.8978257118058445,0.45078860827303335,-Inf,1787
1275,false,0.8978091091724028,0.45078860827303335,-Inf,1788
1276,false,0.8978090747532709,0.45078860827303335,-Inf,1789
1277,false,0.8978089136508838,0.45078860827303335,-0.45931945352077486,1790
1278,false,0.897785430433111,0.45078860827303335,-Inf,1791
1279,false,0.8977806863137461,0.45078860827303335,-Inf,1792
1280,false,0.8977795615011519,0.45078860827303335,-Inf,1793
1281,false,0.8977788553620423,0.45078860827303335,-0.46216646271242934,1794
1282,false,0.8977573586180622,0.45078860827303335,-Inf,1795
1283,false,0.8977417775777843,0.45078860827303335,-Inf,1796
1284,false,0.8977415490222852,0.45078860827303335,-Inf,1797
1285,false,0.8977415073986525,0.45078860827303335,-0.4681549164667647,1798
1286,false,0.8977137801904872,0.45078860827303335,-Inf,1799
1287,false,0.8977135874993556,0.45078860827303335,-Inf,1800
1288,false,0.8977130340582418,0.45078860827303335,-Inf,1801
1289,false,0.8977130311307728,0.45078860827303335,-0.46998551988909554,1802
1290,false,0.8977049251715041,0.45078860827303335,-Inf,1803
1291,false,0.8977028129362579,0.45078860827303335,-0.47340730426216904,1804
1292,false,0.8976924098080551,0.45078860827303335,-Inf,1805
1293,false,0.8976922812708366,0.45078860827303335,-0.46878366602204297,1806
1294,false,0.8976891162578337,0.45078860827303335,-Inf,1807
1295,false,0.8976846400118594,0.45078860827303335,-0.4731224911070306,1808
1296,false,0.8976665527720227,0.45078860827303335,-Inf,1809
1297,false,0.8976662731267452,0.45078860827303335,-Inf,1810
1298,false,0.8976661741723554,0.45078860827303335,-Inf,1811
1299,false,0.8976660996599356,0.45078860827303335,-Inf,1812
1300,false,0.8976660758907241,0.45078860827303335,-Inf,1813
1301,false,0.8976660613697988,0.45078860827303335,-Inf,1814
1302,false,0.8976660282779261,0.45078860827303335,-Inf,1815
1303,false,0.8976660019000697,0.45078860827303335,-Inf,1816
1304,false,0.8976659961638322,0.45078860827303335,-0.469638770885373,1817
1305,false,0.8976627488112067,0.45078860827303335,-Inf,1818
1306,false,0.8976617593996723,0.45078860827303335,-Inf,1819
1307,false,0.8976615866647694,0.45078860827303335,-0.4672398076005366,1820
1308,false,0.8976222930368316,0.45078860827303335,-Inf,1821
1309,false,0.8976188431656902,0.45078860827303335,-Inf,1822
1310,false,0.8976111002120957,0.45078860827303335,-Inf,1823
1311,false,0.8976105692964675,0.45078860827303335,-Inf,1824
1312,false,0.8976105613447954,0.45078860827303335,-Inf,1825
1313,false,0.8976102774339726,0.45078860827303335,-Inf,1826
1314,false,0.8976100688475153,0.45078860827303335,-0.47285629272071283,1827
1315,false,0.8975986710552161,0.45078860827303335,-Inf,1828
1316,false,0.8975979676706335,0.45078860827303335,-Inf,1829
1317,false,0.8975975790011027,0.45078860827303335,-Inf,1830
1318,false,0.8975939186445698,0.45078860827303335,-Inf,1831
1319,false,0.8975917767814634,0.45078860827303335,-Inf,1832
1320,false,0.8975916348880577,0.45078860827303335,-Inf,1833
1321,false,0.8975915702132469,0.45078860827303335,-Inf,1834
1322,false,0.8975915636736042,0.45078860827303335,-Inf,1835
1323,false,0.8975915600779913,0.45078860827303335,-Inf,1836
1324,false,0.8975915470852793,0.45078860827303335,-Inf,1837
1325,false,0.8975915583822454,0.45078860827303335,-Inf,1838
1326,false,0.8975915581823785,0.45078860827303335,-Inf,1839
1327,false,0.8975915581072604,0.45078860827303335,-Inf,1840
1328,false,0.8975915580885404,0.45078860827303335,-Inf,1841
1329,false,0.8975915580719758,0.45078860827303335,-Inf,1842
1330,false,0.8975915580686656,0.45078860827303335,-Inf,1843
1331,false,0.8975915580599056,0.45078860827303335,-0.47236328519050275,1844
1332,false,0.8975825581899893,0.45078860827303335,-Inf,1845
1333,false,0.8975807879053863,0.45078860827303335,-Inf,1846
1334,false,0.8975799414006314,0.45078860827303335,-0.4703052239784573,1847
1335,false,0.897533342553794,0.45078860827303335,-Inf,1848
1336,false,0.8975303962862109,0.45078860827303335,-Inf,1849
1337,false,0.897528551111625,0.45078860827303335,-Inf,1850
1338,false,0.8975284890600551,0.45078860827303335,-Inf,1851
1339,false,0.8975263750892366,0.45078860827303335,-Inf,1852
1340,false,0.89752614204702,0.45078860827303335,-Inf,1853
1341,false,0.8975258769803641,0.45078860827303335,-Inf,1854
1342,false,0.8975256658339623,0.45078860827303335,-Inf,1855
1343,false,0.8975256553749491,0.45078860827303335,-Inf,1856
1344,false,0.8975255136225733,0.45078860827303335,-0.47149331293861696,1857
1345,false,0.8975094807443836,0.45078860827303335,-Inf,1858
1346,false,0.8975060744998546,0.45078860827303335,-Inf,1859
1347,false,0.8975060022357931,0.45078860827303335,-Inf,1860
1348,false,0.8975059422254964,0.45078860827303335,-0.46904014502676494,1861
1349,false,0.8974939033581799,0.45078860827303335,-0.4703110045141928,1862
1350,false,0.897475452189359,0.45078860827303335,-Inf,1863
1351,false,0.8974744677891271,0.45078860827303335,-Inf,1864
1352,false,0.8974744263766607,0.45078860827303335,-Inf,1865
1353,false,0.8974744221565258,0.45078860827303335,-0.46816976725508275,1866
1354,false,0.8974517677526191,0.45078860827303335,-Inf,1867
1355,false,0.8974514409367973,0.45078860827303335,-Inf,1868
1356,false,0.8974514242040679,0.45078860827303335,-0.4715494579548962,1869
1357,false,0.8974254226923757,0.45078860827303335,-Inf,1870
1358,false,0.8974178098213373,0.45078860827303335,-0.47028217414520945,1871
1359,false,0.8974070821545136,0.45078860827303335,-Inf,1872
1360,false,0.8973972291531616,0.45078860827303335,-Inf,1873
1361,false,0.8973968082011908,0.45078860827303335,-Inf,1874
1362,false,0.8973937073599889,0.45078860827303335,-Inf,1875
1363,false,0.8973936152838973,0.45078860827303335,-Inf,1876
1364,false,0.8973934900844414,0.45078860827303335,-0.46933650237574437,1877
1365,false,0.8973626120913282,0.45078860827303335,-Inf,1878
1366,false,0.8973602793792167,0.45078860827303335,-Inf,1879
1367,false,0.8973591174568536,0.45078860827303335,-0.4790825738969887,1880
1368,false,0.8973475668634867,0.45078860827303335,-0.4784685699656528,1881
1369,false,0.8973236661879582,0.45078860827303335,-Inf,1882
1370,false,0.897323628507878,0.45078860827303335,-Inf,1883
1371,false,0.8973236271476971,0.45078860827303335,-Inf,1884
1372,false,0.8973236270857134,0.45078860827303335,-0.4769592691889818,1885
1373,false,0.8972899099898914,0.45078860827303335,-Inf,1886
1374,false,0.8972841925763838,0.45078860827303335,-Inf,1887
1375,false,0.8972740534561714,0.45078860827303335,-Inf,1888
1376,false,0.8972712570128194,0.45078860827303335,-Inf,1889
1377,false,0.8972597861875788,0.45078860827303335,-Inf,1890
1378,false,0.8972560620440087,0.45078860827303335,-0.46959001658368965,1891
1379,false,0.8972531494171228,0.45078860827303335,-Inf,1892
1380,false,0.8972501267602788,0.45078860827303335,-Inf,1893
1381,false,0.8972490386692523,0.45078860827303335,-0.46367587170777225,1894
1382,false,0.8972348925332494,0.45078860827303335,-Inf,1895
1383,false,0.8972253189320901,0.45078860827303335,-Inf,1896
1384,false,0.8972244119365861,0.45078860827303335,-Inf,1897
1385,false,0.8972236524406614,0.45078860827303335,-Inf,1898
1386,false,0.8972232992976326,0.45078860827303335,-Inf,1899
1387,false,0.8972156833370837,0.45078860827303335,-Inf,1900
1388,false,0.8972154905457801,0.45078860827303335,-0.47481185926522923,1901
1389,false,0.8972123766316566,0.45078860827303335,-Inf,1902
1390,false,0.8972118783033856,0.45078860827303335,-0.46887354008758997,1903
1391,false,0.8971884288019332,0.45078860827303335,-Inf,1904
1392,false,0.89718682743515,0.45078860827303335,-0.47279709821039173,1905
1393,false,0.8971731625817014,0.45078860827303335,-Inf,1906
1394,false,0.8971729303706206,0.45078860827303335,-Inf,1907
1395,false,0.8971719581295111,0.45078860827303335,-0.4722932811827918,1908
1396,false,0.8971495294069298,0.45078860827303335,-0.4704146537914141,1909
1397,false,0.8971356925555594,0.45078860827303335,-Inf,1910
1398,false,0.8971318622777438,0.45078860827303335,-0.4620671841046189,1911
1399,false,0.8971091513245623,0.45078860827303335,-0.47112650460054684,1912
1400,false,0.8970705090460345,0.45078860827303335,-Inf,1913
1401,false,0.8970485841181379,0.45078860827303335,-Inf,1914
1402,false,0.8970454324283985,0.45078860827303335,-Inf,1915
1403,false,0.8970376897631474,0.45078860827303335,-Inf,1916
1404,false,0.8970320219695634,0.45078860827303335,-Inf,1917
1405,false,0.8970290879748788,0.45078860827303335,-Inf,1918
1406,false,0.8970274357792558,0.45078860827303335,-Inf,1919
1407,false,0.8970193145353433,0.45078860827303335,-Inf,1920
1408,false,0.8970191621988161,0.45078860827303335,-Inf,1921
1409,false,0.8970187279283658,0.45078860827303335,-Inf,1922
1410,false,0.8970182637513284,0.45078860827303335,-Inf,1923
1411,false,0.8970173889400506,0.45078860827303335,-Inf,1924
1412,false,0.8970172719147909,0.45078860827303335,-Inf,1925
1413,false,0.8970171180454173,0.45078860827303335,-Inf,1926
1414,false,0.8970170676024136,0.45078860827303335,-Inf,1927
1415,false,0.8970166783769344,0.45078860827303335,-Inf,1928
1416,false,0.8970124220309925,0.45078860827303335,-Inf,1929
1417,false,0.8970102089959074,0.45078860827303335,-Inf,1930
1418,false,0.8970080198359872,0.45078860827303335,-Inf,1931
1419,false,0.8970080129826187,0.45078860827303335,-Inf,1932
1420,false,0.8970079651281453,0.45078860827303335,-Inf,1933
1421,false,0.8970075064288514,0.45078860827303335,-0.4612640417549313,1934
1422,false,0.8970034393945271,0.45078860827303335,-0.45982101653396235,1935
1423,false,0.8969294126569081,0.45078860827303335,-0.4597391502527506,1936
1424,false,0.8969226565787008,0.45078860827303335,-Inf,1937
1425,false,0.8969204593990727,0.45078860827303335,-0.45445427860604154,1938
1426,false,0.896914070078603,0.45078860827303335,-0.4545936080893207,1939
1427,false,0.8968906482053234,0.45078860827303335,-Inf,1940
1428,false,0.8968771942001795,0.45078860827303335,-0.4645905003326075,1941
1429,false,0.8968707609592903,0.45078860827303335,-Inf,1942
1430,false,0.8968662893894271,0.45078860827303335,-Inf,1943
1431,false,0.8968508506959635,0.45078860827303335,-0.46463566408228835,1944
1432,false,0.8968410094847812,0.45078860827303335,-Inf,1945
1433,false,0.8968388465178136,0.45078860827303335,-Inf,1946
1434,false,0.8968384511295256,0.45078860827303335,-Inf,1947
1435,false,0.8968384494996773,0.45078860827303335,-Inf,1948
1436,false,0.8968384490376746,0.45078860827303335,-Inf,1949
1437,false,0.8968384488359625,0.45078860827303335,-Inf,1950
1438,false,0.8968384488868115,0.45078860827303335,-Inf,1951
1439,false,0.8968384488717472,0.45078860827303335,-Inf,1952
1440,false,0.8968384488659333,0.45078860827303335,-Inf,1953
1441,false,0.8968384488638664,0.45078860827303335,-Inf,1954
1442,false,0.8968384488608819,0.45078860827303335,-Inf,1955
1443,false,0.8968384488557577,0.45078860827303335,-Inf,1956
1444,false,0.8968384488285206,0.45078860827303335,-0.46372444119469614,1957
1445,false,0.8968277407241372,0.45078860827303335,-Inf,1958
1446,false,0.8968252332461414,0.45078860827303335,-Inf,1959
1447,false,0.8968182362294262,0.45078860827303335,-Inf,1960
1448,false,0.8968173803521561,0.45078860827303335,-Inf,1961
1449,false,0.8968150667684454,0.45078860827303335,-Inf,1962
1450,false,0.896810018922007,0.45078860827303335,-Inf,1963
1451,false,0.8968081485280576,0.45078860827303335,-Inf,1964
1452,false,0.8968068310324394,0.45078860827303335,-Inf,1965
1453,false,0.8968065961321665,0.45078860827303335,-0.4555324539347776,1966
1454,false,0.8968043450312567,0.45078860827303335,-Inf,1967
1455,false,0.8968036873069434,0.45078860827303335,-0.4602552616047788,1968
1456,false,0.8967458259726735,0.45078860827303335,-Inf,1969
1457,false,0.8967432294046738,0.45078860827303335,-0.4647610913339215,1970
1458,false,0.8967348075682146,0.45078860827303335,-Inf,1971
1459,false,0.8967347135715862,0.45078860827303335,-Inf,1972
1460,false,0.8967330432198434,0.45078860827303335,-Inf,1973
1461,false,0.8967324451767457,0.45078860827303335,-0.4676474009657636,1974
1462,false,0.8967161752984286,0.45078860827303335,-Inf,1975
1463,false,0.8967149480858321,0.45078860827303335,-Inf,1976
1464,false,0.8967139462851894,0.45078860827303335,-Inf,1977
1465,false,0.896713939279968,0.45078860827303335,-Inf,1978
1466,false,0.8967030080300615,0.45078860827303335,-Inf,1979
1467,false,0.8967019588126046,0.45078860827303335,-0.46584363700771475,1980
1468,false,0.8966734718422711,0.45078860827303335,-Inf,1981
1469,false,0.8966662814831882,0.45078860827303335,-Inf,1982
1470,false,0.8966645455022754,0.45078860827303335,-Inf,1983
1471,false,0.896663999142772,0.45078860827303335,-Inf,1984
1472,false,0.8966632554144869,0.45078860827303335,-Inf,1985
1473,false,0.8966632249291238,0.45078860827303335,-Inf,1986
1474,false,0.8966627887654574,0.45078860827303335,-0.45829317299697736,1987
1475,false,0.8966333058175775,0.45078860827303335,-Inf,1988
1476,false,0.8966326581455817,0.45078860827303335,-Inf,1989
1477,false,0.8966323056413662,0.45078860827303335,-0.4616138020314773,1990
1478,false,0.8966047234430887,0.45078860827303335,-Inf,1991
1479,false,0.8966027650263979,0.45078860827303335,-0.4577794153764311,1992
1480,false,0.896596766570725,0.45078860827303335,-Inf,1993
1481,false,0.896596629647701,0.45078860827303335,-Inf,1994
1482,false,0.8965955092923203,0.45078860827303335,-Inf,1995
1483,false,0.8965941039597513,0.45078860827303335,-Inf,1996
1484,false,0.8965937718127404,0.45078860827303335,-Inf,1997
1485,false,0.8965927427855309,0.45078860827303335,-Inf,1998
1486,false,0.8965917843782727,0.45078860827303335,-Inf,1999
1487,false,0.8965912849213029,0.45078860827303335,-0.45543490739490233,2000
1488,false,0.8965827491955035,0.45078860827303335,-0.4580577857782774,2001
1489,false,0.8965778014919644,0.45078860827303335,-Inf,2002
1490,false,0.8965711576694543,0.45078860827303335,-0.45924426582844613,2003
1491,false,0.896555464925722,0.45078860827303335,-0.4659883558938611,2004
1492,false,0.8965387691371162,0.45078860827303335,-Inf,2005
1493,false,0.8965381877088646,0.45078860827303335,-0.4674409664227892,2006
1494,false,0.8965319895575982,0.45078860827303335,-Inf,2007
1495,false,0.8965319871886384,0.45078860827303335,-0.4643876753343845,2008
1496,false,0.8965293961129388,0.45078860827303335,-Inf,2009
1497,false,0.8965285159736212,0.45078860827303335,-Inf,2010
1498,false,0.8965283429715247,0.45078860827303335,-0.4690115005051078,2011
1499,false,0.8965217557735475,0.45078860827303335,-Inf,2012
1500,false,0.8965191235189628,0.45078860827303335,-0.47018640142428364,2013
1501,false,0.8965132578110834,0.45078860827303335,-0.4636802108127003,2014
1502,false,0.8965126124845159,0.45078860827303335,-Inf,2015
1503,false,0.8965116038790595,0.45078860827303335,-Inf,2016
1504,false,0.8965115778517811,0.45078860827303335,-0.4656783224376461,2017
1505,false,0.8965063725348891,0.45078860827303335,-Inf,2018
1506,false,0.8965062592417236,0.45078860827303335,-Inf,2019
1507,false,0.8965061828838197,0.45078860827303335,-0.4658781256887626,2020
1508,false,0.8964861672038019,0.45078860827303335,-Inf,2021
1509,false,0.896485023402813,0.45078860827303335,-Inf,2022
1510,false,0.8964811992771158,0.45078860827303335,-Inf,2023
1511,false,0.8964800846821263,0.45078860827303335,-0.457021295524545,2024
1512,false,0.8964430722603111,0.45078860827303335,-Inf,2025
1513,false,0.8964421935917841,0.45078860827303335,-Inf,2026
1514,false,0.8964407479278957,0.45078860827303335,-0.46409881660500596,2027
1515,false,0.8964244885583221,0.45078860827303335,-Inf,2028
1516,false,0.8964244689585056,0.45078860827303335,-Inf,2029
1517,false,0.8964228885070303,0.45078860827303335,-0.4724190641441218,2030
1518,false,0.8963907680837864,0.45078860827303335,-Inf,2031
1519,false,0.896390698320128,0.45078860827303335,-Inf,2032
1520,false,0.8963890723523359,0.45078860827303335,-0.4675044937671065,2033
1521,false,0.8963392633990368,0.45078860827303335,-Inf,2034
1522,false,0.8963391578733864,0.45078860827303335,-Inf,2035
1523,false,0.8963390340313021,0.45078860827303335,-Inf,2036
1524,false,0.8963390280859471,0.45078860827303335,-0.4651571262652058,2037
1525,false,0.8963344050939239,0.45078860827303335,-Inf,2038
1526,false,0.8963343884325247,0.45078860827303335,-Inf,2039
1527,false,0.8963333080643245,0.45078860827303335,-Inf,2040
1528,false,0.8963332901704373,0.45078860827303335,-0.4627050532699912,2041
1529,false,0.8963283422051924,0.45078860827303335,-0.4641979464877326,2042
1530,false,0.8963185431590197,0.45078860827303335,-Inf,2043
1531,false,0.8963074580164724,0.45078860827303335,-Inf,2044
1532,false,0.8963074462961779,0.45078860827303335,-Inf,2045
1533,false,0.896307286976101,0.45078860827303335,-0.4679250002919707,2046
1534,false,0.8962378274327456,0.45078860827303335,-Inf,2047
1535,false,0.8962377328083061,0.45078860827303335,-Inf,2048
1536,false,0.8962369529530083,0.45078860827303335,-Inf,2049
1537,false,0.8962357748968308,0.45078860827303335,-0.46264616393670305,2050
1538,false,0.896216193673749,0.45078860827303335,-Inf,2051
1539,false,0.8962152158049106,0.45078860827303335,-Inf,2052
1540,false,0.8962149564881343,0.45078860827303335,-Inf,2053
1541,false,0.8962142023807043,0.45078860827303335,-Inf,2054
1542,false,0.8962141706567036,0.45078860827303335,-0.46419841203960677,2055
1543,false,0.8961761727985255,0.45078860827303335,-Inf,2056
1544,false,0.8961726467045298,0.45078860827303335,-Inf,2057
1545,false,0.8961723651338145,0.45078860827303335,-0.46907931256200747,2058
1546,false,0.8961345424380689,0.45078860827303335,-Inf,2059
1547,false,0.8961340389062475,0.45078860827303335,-Inf,2060
1548,false,0.8961340322480632,0.45078860827303335,-0.47769255445324377,2061
1549,false,0.8960860601895488,0.45078860827303335,-Inf,2062
1550,false,0.8960857679667068,0.45078860827303335,-Inf,2063
1551,false,0.8960857574927712,0.45078860827303335,-Inf,2064
1552,false,0.8960857513716814,0.45078860827303335,-Inf,2065
1553,false,0.8960856819583566,0.45078860827303335,-Inf,2066
1554,false,0.8960856804632499,0.45078860827303335,-0.46862567667877436,2067
1555,false,0.896068886286367,0.45078860827303335,-Inf,2068
1556,false,0.896067713954006,0.45078860827303335,-Inf,2069
1557,false,0.896067341500898,0.45078860827303335,-Inf,2070
1558,false,0.8960672337041282,0.45078860827303335,-0.47195215139290825,2071
1559,false,0.8960552567911291,0.45078860827303335,-Inf,2072
1560,false,0.8960549884244612,0.45078860827303335,-Inf,2073
1561,false,0.8960500478045077,0.45078860827303335,-Inf,2074
1562,false,0.8960498099225049,0.45078860827303335,-Inf,2075
1563,false,0.8960489837661559,0.45078860827303335,-0.46226642737834484,2076
1564,false,0.8960278360783132,0.45078860827303335,-Inf,2077
1565,false,0.8960081297415968,0.45078860827303335,-0.47134007198309286,2078
1566,false,0.8959879154228223,0.45078860827303335,-Inf,2079
1567,false,0.8959702531269989,0.45078860827303335,-Inf,2080
1568,false,0.8959623961702026,0.45078860827303335,-Inf,2081
1569,false,0.8959599187930328,0.45078860827303335,-Inf,2082
1570,false,0.895959910793999,0.45078860827303335,-Inf,2083
1571,false,0.8959598712185713,0.45078860827303335,-Inf,2084
1572,false,0.895959805708007,0.45078860827303335,-Inf,2085
1573,false,0.8959596245682818,0.45078860827303335,-0.4595394857993328,2086
1574,false,0.8959391639054131,0.45078860827303335,-Inf,2087
1575,false,0.8959390091359725,0.45078860827303335,-Inf,2088
1576,false,0.8959386944854982,0.45078860827303335,-0.46615203197035954,2089
1577,false,0.8959376714574625,0.45078860827303335,-Inf,2090
1578,false,0.8959375866769047,0.45078860827303335,-Inf,2091
1579,false,0.8959375006518431,0.45078860827303335,-Inf,2092
1580,false,0.8959374834942722,0.45078860827303335,-Inf,2093
1581,false,0.8959374803481507,0.45078860827303335,-Inf,2094
1582,false,0.8959374745351254,0.45078860827303335,-0.4665921130577547,2095
1583,false,0.8959226597305745,0.45078860827303335,-Inf,2096
1584,false,0.8959226577120498,0.45078860827303335,-Inf,2097
1585,false,0.8959226554370061,0.45078860827303335,-Inf,2098
1586,false,0.8959226537786427,0.45078860827303335,-Inf,2099
1587,false,0.8959226524897059,0.45078860827303335,-Inf,2100
1588,false,0.8959226514612764,0.45078860827303335,-Inf,2101
1589,false,0.8959226505992005,0.45078860827303335,-Inf,2102
1590,false,0.895922649848157,0.45078860827303335,-Inf,2103
1591,false,0.8959226488404197,0.45078860827303335,-Inf,2104
1592,false,0.8959226485670233,0.45078860827303335,-Inf,2105
1593,false,0.895922647985488,0.45078860827303335,-Inf,2106
1594,false,0.8959226473790061,0.45078860827303335,-Inf,2107
1595,false,0.8959226467669174,0.45078860827303335,-Inf,2108
1596,false,0.8959226462857914,0.45078860827303335,-Inf,2109
1597,false,0.8959226454660418,0.45078860827303335,-Inf,2110
1598,false,0.8959226454534293,0.45078860827303335,-Inf,2111
1599,false,0.8959226453931927,0.45078860827303335,-Inf,2112
1600,false,0.8959226453644479,0.45078860827303335,-0.45797822925195353,2113
1601,false,0.8959147938526484,0.45078860827303335,-Inf,2114
1602,false,0.8959122775123773,0.45078860827303335,-0.4580292580670522,2115
1603,false,0.8959035663806612,0.45078860827303335,-Inf,2116
1604,false,0.8959034005681207,0.45078860827303335,-0.4626887395229901,2117
1605,false,0.8958882287596269,0.45078860827303335,-0.45715169902645936,2118
1606,false,0.8958773827631241,0.45078860827303335,-Inf,2119
1607,false,0.8958768687602374,0.45078860827303335,-Inf,2120
1608,false,0.8958460888298693,0.45078860827303335,-Inf,2121
1609,false,0.8958441167983041,0.45078860827303335,-0.4682331790174074,2122
1610,false,0.8958421031853718,0.45078860827303335,-Inf,2123
1611,false,0.8958418345034408,0.45078860827303335,-Inf,2124
1612,false,0.8958413305813575,0.45078860827303335,-Inf,2125
1613,false,0.895836165260841,0.45078860827303335,-Inf,2126
1614,false,0.8958361049170517,0.45078860827303335,-Inf,2127
1615,false,0.8958360625166834,0.45078860827303335,-0.464157822100251,2128
1616,false,0.8958062662849304,0.45078860827303335,-Inf,2129
1617,false,0.8958026501446228,0.45078860827303335,-Inf,2130
1618,false,0.8958009855592726,0.45078860827303335,-Inf,2131
1619,false,0.8958008571113037,0.45078860827303335,-Inf,2132
1620,false,0.8958008420801173,0.45078860827303335,-Inf,2133
1621,false,0.8958006783157209,0.45078860827303335,-Inf,2134
1622,false,0.8958006623863778,0.45078860827303335,-Inf,2135
1623,false,0.895800522020139,0.45078860827303335,-Inf,2136
1624,false,0.8958003500204968,0.45078860827303335,-Inf,2137
1625,false,0.895800349733198,0.45078860827303335,-Inf,2138
1626,false,0.8958003449770613,0.45078860827303335,-Inf,2139
1627,false,0.8958003046280646,0.45078860827303335,-Inf,2140
1628,false,0.8958002181562691,0.45078860827303335,-0.4716644656664585,2141
1629,false,0.8957808837842071,0.45078860827303335,-Inf,2142
1630,false,0.895778360820522,0.45078860827303335,-0.4605766446678977,2143
1631,false,0.895775451063385,0.45078860827303335,-Inf,2144
1632,false,0.8957752410813526,0.45078860827303335,-Inf,2145
1633,false,0.8957750679468087,0.45078860827303335,-Inf,2146
1634,false,0.8957750286832649,0.45078860827303335,-Inf,2147
1635,false,0.8957747574642501,0.45078860827303335,-0.46630233476049787,2148
1636,false,0.8957425542940214,0.45078860827303335,-Inf,2149
1637,false,0.8957407752625145,0.45078860827303335,-Inf,2150
1638,false,0.8957399050325454,0.45078860827303335,-Inf,2151
1639,false,0.8957393167408099,0.45078860827303335,-Inf,2152
1640,false,0.8957392875483396,0.45078860827303335,-0.47041334628954495,2153
1641,false,0.8957284008682562,0.45078860827303335,-0.4663614913284986,2154
1642,false,0.8957250241650621,0.45078860827303335,-0.4665652082974663,2155
1643,false,0.8956920627631961,0.45078860827303335,-Inf,2156
1644,false,0.8956897220090775,0.45078860827303335,-Inf,2157
1645,false,0.895689404339987,0.45078860827303335,-Inf,2158
1646,false,0.895688589918951,0.45078860827303335,-Inf,2159
1647,false,0.8956885799745913,0.45078860827303335,-Inf,2160
1648,false,0.8956881854080466,0.45078860827303335,-0.466560052488586,2161
1649,false,0.8956853618917321,0.45078860827303335,-0.4589213231874667,2162
1650,false,0.8956733913753789,0.45078860827303335,-Inf,2163
1651,false,0.895673376021451,0.45078860827303335,-Inf,2164
1652,false,0.8956726172309387,0.45078860827303335,-Inf,2165
1653,false,0.8956620953503885,0.45078860827303335,-Inf,2166
1654,false,0.8956521078717808,0.45078860827303335,-0.4582616283691635,2167
1655,false,0.895611491248182,0.45078860827303335,-Inf,2168
1656,false,0.8956081490506511,0.45078860827303335,-Inf,2169
1657,false,0.8956003652372913,0.45078860827303335,-0.4719348484665728,2170
1658,false,0.895592147507244,0.45078860827303335,-Inf,2171
1659,false,0.895590832277434,0.45078860827303335,-0.46180661970111375,2172
1660,false,0.8955848335664298,0.45078860827303335,-0.47233398555883777,2173
1661,false,0.8955342461503959,0.45078860827303335,-Inf,2174
1662,false,0.8955331013867474,0.45078860827303335,-Inf,2175
1663,false,0.8955330913098738,0.45078860827303335,-0.47644392564067917,2176
1664,false,0.8955297620655069,0.45078860827303335,-Inf,2177
1665,false,0.8955178695028294,0.45078860827303335,-Inf,2178
1666,false,0.895517475063199,0.45078860827303335,-Inf,2179
1667,false,0.8955140820482523,0.45078860827303335,-Inf,2180
1668,false,0.8955139337080223,0.45078860827303335,-Inf,2181
1669,false,0.8955129208598417,0.45078860827303335,-0.46428103614010785,2182
1670,false,0.8954993229173913,0.45078860827303335,-0.4617048105127555,2183
1671,false,0.8954925143727928,0.45078860827303335,-Inf,2184
1672,false,0.8954747283015727,0.45078860827303335,-Inf,2185
1673,false,0.8954727213635594,0.45078860827303335,-0.46240916315103764,2186
1674,false,0.8954599481277614,0.45078860827303335,-0.461196573528815,2187
1675,false,0.8954571866862288,0.45078860827303335,-0.4654691309690185,2188
1676,false,0.8954553053407659,0.45078860827303335,-Inf,2189
1677,false,0.8954551928115296,0.45078860827303335,-0.4680478450644788,2190
1678,false,0.8954500908440112,0.45078860827303335,-Inf,2191
1679,false,0.8954499150876953,0.45078860827303335,-Inf,2192
1680,false,0.8954497536370158,0.45078860827303335,-0.4607862030539118,2193
1681,false,0.8954376492516842,0.45078860827303335,-Inf,2194
1682,false,0.8954376019567282,0.45078860827303335,-0.46079415027658843,2195
1683,false,0.8954294603658779,0.45078860827303335,-Inf,2196
1684,false,0.8954294499846323,0.45078860827303335,-Inf,2197
1685,false,0.8954294467090806,0.45078860827303335,-Inf,2198
1686,false,0.8954294464289082,0.45078860827303335,-Inf,2199
1687,false,0.8954294463554741,0.45078860827303335,-Inf,2200
1688,false,0.895429446403666,0.45078860827303335,-0.462511389183592,2201
1689,false,0.89540185948954,0.45078860827303335,-Inf,2202
1690,false,0.8954010142249331,0.45078860827303335,-0.46385778815188333,2203
1691,false,0.8953895377733414,0.45078860827303335,-0.4644898663969178,2204
1692,false,0.8953855842036357,0.45078860827303335,-0.4656268558384681,2205
1693,false,0.8953710719974832,0.45078860827303335,-0.46172367776808565,2206
1694,false,0.8953613184393361,0.45078860827303335,-Inf,2207
1695,false,0.8953613106220487,0.45078860827303335,-0.4715820011111699,2208
1696,false,0.8953222812562469,0.45078860827303335,-Inf,2209
1697,false,0.8953206270034493,0.45078860827303335,-Inf,2210
1698,false,0.8953187310625411,0.45078860827303335,-Inf,2211
1699,false,0.8953156064055179,0.45078860827303335,-Inf,2212
1700,false,0.8953026052927588,0.45078860827303335,-0.47400730861485396,2213
1701,false,0.895293709279053,0.45078860827303335,-Inf,2214
1702,false,0.8952835027564618,0.45078860827303335,-Inf,2215
1703,false,0.8952807241810327,0.45078860827303335,-0.4751943269514391,2216
1704,false,0.8952761018729811,0.45078860827303335,-Inf,2217
1705,false,0.8952758599271022,0.45078860827303335,-Inf,2218
1706,false,0.8952750189482102,0.45078860827303335,-0.46851711860062895,2219
1707,false,0.8952706439003765,0.45078860827303335,-0.467141492755609,2220
1708,false,0.8952378798845837,0.45078860827303335,-Inf,2221
1709,false,0.8952368870459793,0.45078860827303335,-0.4749737887701266,2222
1710,false,0.8951842393271976,0.45078860827303335,-Inf,2223
1711,false,0.8951784432793695,0.45078860827303335,-Inf,2224
1712,false,0.895175912239214,0.45078860827303335,-0.4581434075016486,2225
1713,false,0.8951750978629274,0.45078860827303335,-0.45029330838277704,2226
1714,false,0.8951626348948902,0.4603147137036213,-0.4348479211912689,2227
1715,false,0.8951485095259027,0.4603147137036213,-Inf,2228
1716,false,0.8951459313589292,0.4603147137036213,-0.44698024255411173,2229
1717,false,0.8951411284504996,0.4603147137036213,-0.44442119300280924,2230
1718,false,0.8951304343790647,0.4603147137036213,-Inf,2231
1719,false,0.8951243625751741,0.4603147137036213,-0.4595792443623691,2232
1720,false,0.8951178044884166,0.4603147137036213,-Inf,2233
1721,false,0.895117794909079,0.4603147137036213,-Inf,2234
1722,false,0.8951177926401935,0.4603147137036213,-0.46872903734719185,2235
1723,false,0.8951162498501329,0.4603147137036213,-0.4614210677007162,2236
1724,false,0.895107557359316,0.4603147137036213,-Inf,2237
1725,false,0.895105626411662,0.4603147137036213,-0.4599135844687132,2238
1726,false,0.8950946506120919,0.4603147137036213,-Inf,2239
1727,false,0.895094410232853,0.4603147137036213,-Inf,2240
1728,false,0.8950884575658349,0.4603147137036213,-0.4629980836381963,2241
1729,false,0.8950607421194732,0.4603147137036213,-Inf,2242
1730,false,0.8950607364740385,0.4603147137036213,-Inf,2243
1731,false,0.8950607355144011,0.4603147137036213,-Inf,2244
1732,false,0.8950607355561138,0.4603147137036213,-0.45456166516345786,2245
1733,false,0.8950574338887006,0.4603147137036213,-Inf,2246
1734,false,0.8950553705796123,0.4603147137036213,-Inf,2247
1735,false,0.8950551464387366,0.4603147137036213,-0.4595826751330557,2248
1736,false,0.8950471999234968,0.4603147137036213,-0.45296066991269435,2249
1737,false,0.8950316246110079,0.4603147137036213,-0.45120817106947186,2250
1738,false,0.8950174220031545,0.4603147137036213,-Inf,2251
1739,false,0.8950173959095389,0.4603147137036213,-Inf,2252
1740,false,0.8950164020243685,0.4603147137036213,-0.45327821353054454,2253
1741,false,0.8950085506748966,0.4603147137036213,-Inf,2254
1742,false,0.8950002376396025,0.4603147137036213,-Inf,2255
1743,false,0.8949973213565554,0.4603147137036213,-0.4537201596650774,2256
1744,false,0.8949935985575478,0.4603147137036213,-0.4515705167306469,2257
1745,false,0.894985203167448,0.4603147137036213,-Inf,2258
1746,false,0.8949848102138122,0.4603147137036213,-0.44990531586302906,2259
1747,false,0.8949836241655899,0.4603147137036213,-0.4538578963597816,2260
1748,false,0.8949828408624637,0.4603147137036213,-Inf,2261
1749,false,0.8949751651390064,0.4603147137036213,-0.45465557661285355,2262
1750,false,0.8949409351659205,0.4603147137036213,-0.44788485033341974,2263
1751,false,0.8949374618209841,0.4603147137036213,-Inf,2264
1752,false,0.8949147541590624,0.4603147137036213,-Inf,2265
1753,false,0.8949047616885577,0.4603147137036213,-Inf,2266
1754,false,0.8949040969781233,0.4603147137036213,-Inf,2267
1755,false,0.8949035645169557,0.4603147137036213,-Inf,2268
1756,false,0.8948819392873252,0.4603147137036213,-Inf,2269
1757,false,0.8948723276961106,0.4603147137036213,-Inf,2270
1758,false,0.8948718458941342,0.4603147137036213,-0.43921450832877995,2271
1759,false,0.8948622065394368,0.4603147137036213,-Inf,2272
1760,false,0.894861350764083,0.4603147137036213,-0.43987326636296287,2273
1761,false,0.8948383691813291,0.4603147137036213,-Inf,2274
1762,false,0.8948383519330749,0.4603147137036213,-Inf,2275
1763,false,0.894838249497439,0.4603147137036213,-Inf,2276
1764,false,0.8948380639616794,0.4603147137036213,-0.43916822181361614,2277
1765,false,0.894832719319204,0.4603147137036213,-Inf,2278
1766,false,0.8948324662287088,0.4603147137036213,-Inf,2279
1767,false,0.8948324647011193,0.4603147137036213,-Inf,2280
1768,false,0.894832441237592,0.4603147137036213,-0.4447885293000936,2281
1769,false,0.894817396035174,0.4603147137036213,-Inf,2282
1770,false,0.8948134891071046,0.4603147137036213,-Inf,2283
1771,false,0.8948134849432167,0.4603147137036213,-0.44590278602355005,2284
1772,false,0.894811185522348,0.4603147137036213,-Inf,2285
1773,false,0.8948101208239858,0.4603147137036213,-Inf,2286
1774,false,0.8948100033827019,0.4603147137036213,-0.44523009008368886,2287
1775,false,0.8947948732146593,0.4603147137036213,-Inf,2288
1776,false,0.8947935139352975,0.4603147137036213,-0.4394754821778075,2289
1777,false,0.8947884185515468,0.4603147137036213,-Inf,2290
1778,false,0.8947864508461943,0.4603147137036213,-Inf,2291
1779,false,0.8947862689677664,0.4603147137036213,-Inf,2292
1780,false,0.8947858466788294,0.4603147137036213,-Inf,2293
1781,false,0.8947858316359438,0.4603147137036213,-0.43673473041727323,2294
1782,false,0.8947826320019292,0.4603147137036213,-Inf,2295
1783,false,0.8947824493807894,0.4603147137036213,-Inf,2296
1784,false,0.8947824407482368,0.4603147137036213,-Inf,2297
1785,false,0.8947823449949832,0.4617130177294239,-0.4330693272655593,2298
1786,false,0.8947693657185706,0.4617130177294239,-0.438972496412186,2299
1787,false,0.894761227169123,0.4617130177294239,-Inf,2300
1788,false,0.8947591163916908,0.4617130177294239,-Inf,2301
1789,false,0.8947591038644193,0.4617130177294239,-Inf,2302
1790,false,0.8947591033194382,0.4617130177294239,-0.4401912928070293,2303
1791,false,0.894754448291691,0.4617130177294239,-Inf,2304
1792,false,0.8947543175684386,0.4617130177294239,-Inf,2305
1793,false,0.8947536954660179,0.4617130177294239,-0.4470747630449104,2306
1794,false,0.894726659946458,0.4617130177294239,-Inf,2307
1795,false,0.8947259360986267,0.4617130177294239,-Inf,2308
1796,false,0.8947259349982444,0.4617130177294239,-Inf,2309
1797,false,0.8947222102905742,0.4617130177294239,-0.4332343761181542,2310
1798,false,0.8947201744785538,0.4617130177294239,-Inf,2311
1799,false,0.8947198018379652,0.4617130177294239,-Inf,2312
1800,false,0.8947167876870472,0.4617130177294239,-0.4483363440675201,2313
1801,false,0.8946889636649655,0.4617130177294239,-0.4471830674847848,2314
1802,false,0.8946727111675908,0.4617130177294239,-Inf,2315
1803,false,0.8946685713998302,0.4617130177294239,-Inf,2316
1804,false,0.8946628140896048,0.4617130177294239,-0.4475839661290332,2317
1805,false,0.8946574248182239,0.4617130177294239,-Inf,2318
1806,false,0.894656225139384,0.4617130177294239,-Inf,2319
1807,false,0.8946559257109272,0.4617130177294239,-0.4521155208362625,2320
1808,false,0.8946553156430432,0.4617130177294239,-0.4516880377012363,2321
1809,false,0.8946347591772953,0.4617130177294239,-Inf,2322
1810,false,0.8946202101164947,0.4617130177294239,-Inf,2323
1811,false,0.8946163078005066,0.4617130177294239,-Inf,2324
1812,false,0.894616304453117,0.4617130177294239,-Inf,2325
1813,false,0.8946146143891475,0.4617130177294239,-0.451907380702381,2326
1814,false,0.8946041071530257,0.4617130177294239,-0.4611111405104795,2327
1815,false,0.8946004063449098,0.4617130177294239,-0.45806908111718037,2328
1816,false,0.8945875206217679,0.4617130177294239,-Inf,2329
1817,false,0.8945830176255761,0.4617130177294239,-Inf,2330
1818,false,0.8945813256141129,0.4617130177294239,-Inf,2331
1819,false,0.8945768616425489,0.4617130177294239,-Inf,2332
1820,false,0.8945719912392829,0.4617130177294239,-0.45565496450237614,2333
1821,false,0.8945646156074091,0.4617130177294239,-0.4451464916992246,2334
1822,false,0.8945557780788745,0.4617130177294239,-Inf,2335
1823,false,0.8945553697807419,0.4617130177294239,-Inf,2336
1824,false,0.8945542786183114,0.4617130177294239,-Inf,2337
1825,false,0.8945496519120335,0.4617130177294239,-Inf,2338
1826,false,0.8945495425514763,0.4790018848106504,-0.4155476577408259,2339
1827,false,0.8945387083433326,0.485339024167015,-0.4091996841763176,2340
1828,false,0.894538258854164,0.485339024167015,-0.4181454486844947,2341
1829,false,0.8945377990228659,0.485339024167015,-0.4204546189377734,2342
1830,false,0.8945376141243169,0.485339024167015,-Inf,2343
1831,false,0.8945375387342356,0.485339024167015,-Inf,2344
1832,false,0.8945374907960878,0.485339024167015,-Inf,2345
1833,false,0.894537480812214,0.485339024167015,-0.41476788694863664,2346
1834,false,0.8945236604458583,0.485339024167015,-Inf,2347
1835,false,0.8945180353014937,0.485339024167015,-Inf,2348
1836,false,0.8945180326867579,0.485339024167015,-0.42215781730118296,2349
1837,false,0.8945132958403484,0.485339024167015,-Inf,2350
1838,false,0.8945129939528627,0.485339024167015,-0.436219266058633,2351
1839,false,0.8945122136732526,0.485339024167015,-0.4229881057941399,2352
1840,false,0.8945024450661643,0.485339024167015,-Inf,2353
1841,false,0.8944984980096073,0.485339024167015,-Inf,2354
1842,false,0.8944955812269562,0.485339024167015,-0.4173272532001746,2355
1843,false,0.8944483999583013,0.485339024167015,-Inf,2356
1844,false,0.8944476774756204,0.485339024167015,-Inf,2357
1845,false,0.8944462719714915,0.485339024167015,-Inf,2358
1846,false,0.8944443453238914,0.485339024167015,-Inf,2359
1847,false,0.8944371085993198,0.485339024167015,-Inf,2360
1848,false,0.8944369003395859,0.485339024167015,-0.4520908369601787,2361
1849,false,0.8943989075194538,0.485339024167015,-Inf,2362
1850,false,0.8943968370418686,0.485339024167015,-Inf,2363
1851,false,0.8943946459818795,0.485339024167015,-Inf,2364
1852,false,0.8943935113860104,0.485339024167015,-0.4146051134388952,2365
1853,false,0.8943910875849773,0.485339024167015,-0.4217017046571162,2366
1854,false,0.8943704025984419,0.485339024167015,-0.43302509410684464,2367
1855,false,0.8943620777136633,0.485339024167015,-Inf,2368
1856,false,0.8943599911914241,0.485339024167015,-Inf,2369
1857,false,0.8943537962749957,0.485339024167015,-0.4266402431698325,2370
1858,false,0.8943507311041656,0.485339024167015,-Inf,2371
1859,false,0.8943505282373512,0.485339024167015,-0.42146598445538047,2372
1860,false,0.8943337975060763,0.485339024167015,-0.4465207049547927,2373
1861,false,0.8943298049542299,0.485339024167015,-0.43006212509890945,2374
1862,false,0.8943245808996295,0.485339024167015,-Inf,2375
1863,false,0.8943216261694018,0.485339024167015,-0.4269606206104267,2376
1864,false,0.8943109050413667,0.485339024167015,-Inf,2377
1865,false,0.8942869659168188,0.485339024167015,-Inf,2378
1866,false,0.8942822913428148,0.485339024167015,-Inf,2379
1867,false,0.8942814927848631,0.485339024167015,-Inf,2380
1868,false,0.8942813252578248,0.485339024167015,-Inf,2381
1869,false,0.894281197777054,0.485339024167015,-0.4298613193248821,2382
1870,false,0.8942597011967386,0.485339024167015,-Inf,2383
1871,false,0.8942587578937896,0.485339024167015,-Inf,2384
1872,false,0.8942587250741982,0.485339024167015,-Inf,2385
1873,false,0.89425872396093,0.485339024167015,-Inf,2386
1874,false,0.8942587238078733,0.485339024167015,-Inf,2387
1875,false,0.8942587238692963,0.485339024167015,-0.43573434111066534,2388
1876,false,0.8942574589667978,0.485339024167015,-Inf,2389
1877,false,0.8942574110863943,0.485339024167015,-0.4371476083551654,2390
1878,false,0.8942403803626631,0.485339024167015,-Inf,2391
1879,false,0.8942401153917969,0.485339024167015,-Inf,2392
1880,false,0.8942400524382589,0.485339024167015,-Inf,2393
1881,false,0.8942400425476765,0.485339024167015,-Inf,2394
1882,false,0.8942400421449509,0.485339024167015,-0.4340479210740884,2395
1883,false,0.8942245712901553,0.485339024167015,-0.4380355735855734,2396
1884,false,0.8942212078287892,0.485339024167015,-Inf,2397
1885,false,0.8942202749449452,0.485339024167015,-0.4198757737765847,2398
1886,false,0.894216066326379,0.485339024167015,-Inf,2399
1887,false,0.8942160656604179,0.485339024167015,-0.42054279967317537,2400
1888,false,0.8942158826225057,0.485339024167015,-0.42210946186398446,2401
1889,false,0.894215256202002,0.485339024167015,-Inf,2402
1890,false,0.8942150479075395,0.485339024167015,-0.4123477888543482,2403
1891,false,0.8942050121056082,0.4907803081043218,-0.4034247040012864,2404
1892,false,0.8941593889572557,0.4907803081043218,-Inf,2405
1893,false,0.8941568525716491,0.4907803081043218,-0.4110176441605754,2406
1894,false,0.8941547893300247,0.4907803081043218,-Inf,2407
1895,false,0.8941547889475127,0.4907803081043218,-Inf,2408
1896,false,0.894154788078025,0.4907803081043218,-0.40877288729834926,2409
1897,false,0.8941546713858148,0.4907803081043218,-Inf,2410
1898,false,0.8941546714182522,0.4907803081043218,-Inf,2411
1899,false,0.8941546713177593,0.4907803081043218,-0.4066312073515419,2412
1900,false,0.8941200288118252,0.4907803081043218,-Inf,2413
1901,false,0.8941188731652248,0.4907803081043218,-0.42435555271644776,2414
1902,false,0.894113328423909,0.4907803081043218,-Inf,2415
1903,false,0.8941110380705645,0.4907803081043218,-Inf,2416
1904,false,0.8941104859504491,0.4907803081043218,-Inf,2417
1905,false,0.8941080976471846,0.4907803081043218,-Inf,2418
1906,false,0.8941080016823802,0.4907803081043218,-0.4234117086678572,2419
1907,false,0.8941032791414273,0.4907803081043218,-0.41972846988066714,2420
1908,false,0.8941019017872184,0.4907803081043218,-0.4296357546369246,2421
1909,false,0.8941011360391456,0.4907803081043218,-0.4201981239235692,2422
1910,false,0.8940977829665719,0.4907803081043218,-Inf,2423
1911,false,0.8940977465449425,0.4907803081043218,-Inf,2424
1912,false,0.8940977188011173,0.4907803081043218,-0.42532973076026936,2425
1913,false,0.8940971413551908,0.4907803081043218,-0.4325626775060785,2426
1914,false,0.894093508004035,0.4907803081043218,-0.4302796394807472,2427
1915,false,0.8940919745960227,0.4907803081043218,-Inf,2428
1916,false,0.8940919576290942,0.4907803081043218,-Inf,2429
1917,false,0.8940919574238305,0.4907803081043218,-0.4298954782163802,2430
1918,false,0.89408978517526,0.4907803081043218,-Inf,2431
1919,false,0.894088894657771,0.4907803081043218,-Inf,2432
1920,false,0.8940888834017038,0.4907803081043218,-0.4524583113634759,2433
1921,false,0.894066725996054,0.4907803081043218,-Inf,2434
1922,false,0.894065483913734,0.4907803081043218,-0.4361807934875116,2435
1923,false,0.8940648485726137,0.4907803081043218,-0.42790499748514077,2436
1924,false,0.8940647729013249,0.4907803081043218,-0.42490261429748477,2437
1925,false,0.8940646362154228,0.4907803081043218,-Inf,2438
1926,false,0.8940634587856751,0.4907803081043218,-Inf,2439
1927,false,0.8940588176858588,0.4907803081043218,-0.4390606513559363,2440
1928,false,0.8940553762792239,0.4907803081043218,-Inf,2441
1929,false,0.8940552130744133,0.4907803081043218,-0.44082054962207,2442
1930,false,0.8940480207655646,0.4907803081043218,-Inf,2443
1931,false,0.8940422110285657,0.4907803081043218,-Inf,2444
1932,false,0.8940409459415456,0.4907803081043218,-Inf,2445
1933,false,0.8940405910705165,0.4907803081043218,-Inf,2446
1934,false,0.8940402649983133,0.4907803081043218,-Inf,2447
1935,false,0.8940395767121792,0.4907803081043218,-0.4278949669474241,2448
1936,false,0.8940375445416305,0.4907803081043218,-0.42730342374132435,2449
1937,false,0.8940353943424315,0.4907803081043218,-0.42966325229511476,2450
1938,false,0.8940341274572432,0.4907803081043218,-0.4399052545770077,2451
1939,false,0.894032364287894,0.4907803081043218,-0.4353223589296169,2452
1940,false,0.8940322421431712,0.4907803081043218,-0.435539092059275,2453
1941,false,0.894023948878533,0.4907803081043218,-Inf,2454
1942,false,0.894023681155448,0.4907803081043218,-0.42147289973316304,2455
1943,false,0.8940235084454752,0.4907803081043218,-Inf,2456
1944,false,0.8940224097059811,0.4907803081043218,-0.43030961516233823,2457
1945,false,0.8940222932493486,0.4907803081043218,-0.42657365422837523,2458
1946,false,0.8940222289486807,0.4907803081043218,-0.42740369629087815,2459
1947,false,0.8940222058795484,0.4907803081043218,-0.4262896808231788,2460
1948,false,0.8940221276418824,0.4907803081043218,-0.4235586824102045,2461
1949,false,0.8940221133269385,0.4907803081043218,-0.4254508021885921,2462
1950,false,0.8940221030479947,0.4907803081043218,-0.4235540385725183,2463
1951,false,0.8940221021451312,0.4907803081043218,-0.42481567960194533,2464
1952,false,0.8940220987357005,0.4907803081043218,-0.4262439293296043,2465
1953,false,0.8940220943616376,0.4907803081043218,-0.42585776088412863,2466
1954,false,0.8940220938763492,0.4907803081043218,-0.425793280675296,2467
1955,false,0.8940220888875371,0.4907803081043218,-0.425244857545358,2468
1956,false,0.8940220876177731,0.4907803081043218,-0.4255622616755059,2469
1957,false,0.894022087665416,0.4907803081043218,-0.4257595209797833,2470
1958,false,0.8940220869610581,0.4907803081043218,-0.42564655621754455,2471
1959,false,0.894022086374229,0.4907803081043218,-0.42586897070546376,2472
1960,false,0.8940220854886798,0.4907803081043218,-0.4255023363932914,2473
1961,false,0.894022085421259,0.4907803081043218,-0.4256137182719799,2474
1962,false,0.8940220851232503,0.4907803081043218,-0.4257847435952052,2475
1963,false,0.8940220848283674,0.4907803081043218,-0.4256274812262811,2476
1964,false,0.8940220847730168,0.4907803081043218,-0.4257262831368758,2477
1965,false,0.8940220846828022,0.4907803081043218,-0.4258961767755099,2478
1966,false,0.8940220847591538,0.4907803081043218,-0.4257635796175482,2479
1967,false,0.8940220847011031,0.5248788160416017,-0.3691432686595014,2480
1968,false,0.894020687950662,0.5248788160416017,-0.4225117042335179,2481
1969,false,0.8940206600699694,0.5248788160416017,-0.4212572868371222,2482
1970,false,0.8940205357478523,0.5248788160416017,-0.4189146898310391,2483
1971,false,0.8940203378283681,0.5248788160416017,-0.42375095554677855,2484
1972,false,0.8940202974877054,0.5248788160416017,-0.42384032331517146,2485
1973,false,0.8940202871880694,0.5248788160416017,-0.4208271447569664,2486
1974,false,0.8940202782748231,0.5248788160416017,-0.42479651190533085,2487
1975,false,0.894020271553757,0.5248788160416017,-0.42318521060273284,2488
1976,false,0.8940202561298254,0.5248788160416017,-0.42223023144547767,2489
1977,false,0.8940202517558107,0.5248788160416017,-Inf,2490
1978,false,0.8940202517388222,0.5248788160416017,-Inf,2491
1979,false,0.8940202517396795,0.5248788160416017,-0.4225630443265297,2492
1980,false,0.894020251263251,0.5248788160416017,-0.423385447125186,2493
1981,false,0.8940202512158195,0.5248788160416017,-0.4226391050459335,2494
1982,false,0.8940202482963874,0.5248788160416017,-0.423203065396719,2495
1983,false,0.8940202462926403,0.5248788160416017,-0.42275944053400805,2496
1984,false,0.8940202456234211,0.5356135568314986,-0.3584066887919225,2497
1985,false,0.8940196675858739,0.5356135568314986,-Inf,2498
1986,false,0.894019631438691,0.5356135568314986,-Inf,2499
1987,false,0.8940196313966989,0.5356135568314986,-0.4188783651865864,2500
1988,false,0.8940196227273149,0.5356135568314986,-0.418191411601851,2501
1989,false,0.8940195961739148,0.5356135568314986,-0.4172743949479578,2502
1990,false,0.8940195887068156,0.5356135568314986,-0.41771677897750104,2503
1991,false,0.894019580634527,0.5356135568314986,-0.4173882695395885,2504
1992,false,0.8940195786359423,0.5356135568314986,-0.41733642864433174,2505
1993,false,0.8940195750583235,0.5356135568314986,-0.4171722304628832,2506
1994,false,0.8940195741685979,0.5356135568314986,-0.4167449483033354,2507
1995,false,0.8940195728169127,0.5356135568314986,-0.41629726749783713,2508
1996,false,0.8940195721934614,0.5356135568314986,-0.4169605037020906,2509
1997,false,0.8940195722016061,0.5356135568314986,-0.4170150706572081,2510
1998,false,0.8940195720926889,0.5356135568314986,-0.4170307008688565,2511
1999,false,0.8940195721502983,0.5356135568314986,-0.41707910332751386,2512
2000,false,0.8940195721187784,0.5356135568314986,-0.41709504711183154,2513
2001,false,0.8940195721091944,0.5356135568314986,-0.41710673697362277,2514
2002,false,0.8940195720966081,0.5356135568314986,-0.417121953323402,2515
2003,false,0.8940195720161679,0.5486154718273721,-0.34540410018879575,2516
2004,false,0.8940187666645025,0.5486154718273721,-Inf,2517
2005,false,0.8940186219857962,0.5486154718273721,-0.4170946110468932,2518
2006,false,0.8940185960121044,0.5486154718273721,-0.4163118686149614,2519
2007,false,0.8940185452886712,0.5486154718273721,-Inf,2520
2008,false,0.8940185405570162,0.5486154718273721,-0.420384959943647,2521
2009,false,0.8940185389622533,0.5486154718273721,-0.4191367678085082,2522
2010,false,0.8940185346037611,0.5486154718273721,-0.42185579532781337,2523
2011,false,0.8940185184580962,0.5486154718273721,-0.4204072940256,2524
2012,false,0.894018507514189,0.5486154718273721,-0.42215628598233607,2525
2013,false,0.8940184872754946,0.5486154718273721,-Inf,2526
2014,false,0.8940184441163349,0.5486154718273721,-Inf,2527
2015,false,0.894018442221093,0.5486154718273721,-0.4131634645252138,2528
2016,false,0.8940184353441416,0.5486154718273721,-0.41521931464206197,2529
2017,false,0.8940184313965737,0.5486154718273721,-0.4154092756987891,2530
2018,false,0.8940184297353215,0.5486154718273721,-0.4139594343642484,2531
2019,false,0.8940184290196811,0.5486154718273721,-0.4150936443139208,2532
2020,false,0.8940184211943298,0.5486154718273721,-0.415952350529081,2533
2021,false,0.894018419720185,0.5486154718273721,-0.4145626408823597,2534
2022,false,0.8940184175844813,0.5486154718273721,-Inf,2535
2023,false,0.8940184165527905,0.5486154718273721,-Inf,2536
2024,false,0.8940184139012141,0.5486154718273721,-0.4157264739767894,2537
2025,false,0.8940184134708654,0.5486154718273721,-0.4153494037217167,2538
2026,false,0.8940184075145768,0.5486154718273721,-0.4158509106059222,2539
2027,false,0.8940184040038407,0.5486154718273721,-0.4164773777134414,2540
2028,false,0.8940184037872366,0.5486154718273721,-0.41608315293758796,2541
2029,false,0.8940184023369497,0.5486154718273721,-0.41537864400428937,2542
2030,false,0.8940184020345062,0.5486154718273721,-0.4158623817308106,2543
2031,false,0.8940184000046262,0.5486154718273721,-0.41586668627574114,2544
2032,false,0.8940183988773197,0.5486154718273721,-0.4149117128700938,2545
2033,false,0.8940183992347659,0.5486154718273721,-0.4161975471909969,2546
2034,false,0.8940183992338954,0.5486154718273721,-0.4158321131761603,2547
2035,false,0.8940183989602888,0.5486154718273721,-0.41575492271278525,2548
2036,false,0.8940183988228161,0.5486154718273721,-0.4152667783238225,2549
2037,false,0.8940183987865397,0.5486154718273721,-0.4158024848229922,2550
2038,false,0.8940183985307525,0.5486154718273721,-0.4159363873566727,2551
2039,false,0.894018398452082,0.5486154718273721,-0.4155614301107398,2552
2040,false,0.8940183983358717,0.5486154718273721,-0.4155781077369861,2553
2041,false,0.894018398364534,0.5486154718273721,-0.4158392660215833,2554
2042,false,0.8940183983435597,0.5573361172440239,-0.3366822810995358,2555
2043,false,0.8940179344752848,0.5573361172440239,-Inf,2556
2044,false,0.8940179332898903,0.5573361172440239,-0.4141865932409016,2557
2045,false,0.8940176698800135,0.5573361172440239,-0.4145742894393887,2558
2046,false,0.8940176106271684,0.5573361172440239,-0.41138367705022433,2559
2047,false,0.8940175358557338,0.5573361172440239,-0.41435667781954977,2560
2048,false,0.8940175033129136,0.5573361172440239,-0.41251802887229994,2561
2049,false,0.8940174599749745,0.5573361172440239,-0.41288605856943694,2562
2050,false,0.8940174464130421,0.5573361172440239,-0.41362715951866935,2563
2051,false,0.8940174421808869,0.5573361172440239,-0.41247237267756015,2564
2052,false,0.8940174406856543,0.5573361172440239,-0.4124260621810063,2565
2053,false,0.8940174356031453,0.5573361172440239,-0.4125590430919227,2566
2054,false,0.8940174263838216,0.5573361172440239,-0.41182032483423214,2567
2055,false,0.8940174255055383,0.5573361172440239,-0.41207531153880994,2568
2056,false,0.8940174260077574,0.5573361172440239,-0.41221743129491206,2569
2057,false,0.8940174257416071,0.5573361172440239,-0.41229726708975045,2570
2058,false,0.8940174257642871,0.5573361172440239,-0.4120932217432532,2571
2059,false,0.8940174256595756,0.5573361172440239,-0.4120969302310076,2572
2060,false,0.8940174256602538,0.5573361172440239,-0.33835418045339705,2573
2061,false,0.8940108493278706,0.5573361172440239,-0.39683007096399464,2574
2062,false,0.8940106856142437,0.5573361172440239,-0.3976683884064799,2575
2063,false,0.8940106168637318,0.5573361172440239,-0.3942140841571131,2576
2064,false,0.8940106065419259,0.5573361172440239,-0.3957053216101412,2577
2065,false,0.8940105696284686,0.5573361172440239,-0.39650790310903705,2578
2066,false,0.8940105625056074,0.5573361172440239,-0.3944382401513332,2579
2067,false,0.8940105584869139,0.5573361172440239,-0.3947640893868093,2580
2068,false,0.8940105548258397,0.5573361172440239,-0.39566493950266635,2581
2069,false,0.8940105523535695,0.5573361172440239,-0.394241290178622,2582
2070,false,0.8940105508995302,0.5573361172440239,-0.39484551824179903,2583
2071,false,0.8940105499903553,0.5573361172440239,-0.3941564892158741,2584
2072,false,0.8940105492417885,0.5573361172440239,-0.39466129746843187,2585
2073,false,0.8940105470606341,0.5573361172440239,-0.39514353822607534,2586
2074,false,0.8940105470252923,0.5573361172440239,-0.39501978008531524,2587
2075,false,0.8940105467082002,0.5573361172440239,-0.3950279725904903,2588
2076,false,0.8940105466999271,0.5573361172440239,-0.3948599133753803,2589
2077,false,0.8940105466588055,0.576641769988244,-0.3173687766705615,2590
2078,false,0.8940059196854419,0.576641769988244,-0.4038060586944969,2591
2079,false,0.8940057790489023,0.576641769988244,-0.40208613972930235,2592
2080,false,0.8940057337903745,0.576641769988244,-0.4025966354808554,2593
2081,false,0.8940056911841356,0.576641769988244,-0.4045321887102713,2594
2082,false,0.8940056828894543,0.576641769988244,-0.40314295179883497,2595
2083,false,0.8940056788652085,0.576641769988244,-0.4028565342657777,2596
2084,false,0.8940056780501063,0.576641769988244,-0.4026724259908603,2597
2085,false,0.8940056764671722,0.576641769988244,-0.4027174820972904,2598
2086,false,0.8940056757882691,0.576641769988244,-0.402435645502642,2599
2087,false,0.8940056757316618,0.576641769988244,-0.40253323242492567,2600
2088,false,0.8940056756859124,0.576641769988244,-0.4026112632075468,2601
2089,false,0.8940056755402508,0.576641769988244,-0.40271449695730865,2602
2090,false,0.8940056756074566,0.576641769988244,-0.40261405842279424,2603
2091,false,0.8940056755908693,0.576641769988244,-0.40262318673028535,2604
2092,false,0.8940056755348398,0.576641769988244,-0.3245364872699148,2605
2093,false,0.894003720900047,0.576641769988244,-0.40288836814743567,2606
2094,false,0.8940035188239845,0.576641769988244,-0.39874117881449767,2607
2095,false,0.8940035159638586,0.576641769988244,-0.4004204921830883,2608
2096,false,0.8940035135225031,0.576641769988244,-0.4014446635914823,2609
2097,false,0.8940035087034286,0.576641769988244,-0.32502400727614267,2610
2098,false,0.8939973566693684,0.576641769988244,-Inf,2611
2099,false,0.8939972862403147,0.576641769988244,-0.40470764353230393,2612
2100,false,0.893995912841507,0.576641769988244,-0.39559094057645267,2613
2101,false,0.8939956650042592,0.576641769988244,-0.4009725089375654,2614
2102,false,0.8939955946995085,0.576641769988244,-0.39519655447746715,2615
2103,false,0.8939953130677543,0.576641769988244,-Inf,2616
2104,false,0.8939932806851706,0.576641769988244,-Inf,2617
2105,false,0.8939920588861328,0.576641769988244,-Inf,2618
2106,false,0.893992043229856,0.576641769988244,-0.3912467545532867,2619
2107,false,0.8939917779717098,0.576641769988244,-0.3927082261741375,2620
2108,false,0.8939917705712788,0.576641769988244,-0.39250754237861873,2621
2109,false,0.8939917704850018,0.576641769988244,-0.39250428579494756,2622
2110,false,0.8939917704623912,0.5901461752939797,-0.3038455951684115,2623
2111,false,0.8939904781217539,0.5901461752939797,-0.393916483014242,2624
2112,false,0.893982085982758,0.5901461752939797,-0.40382102149593724,2625
2113,false,0.8939816547241416,0.5901461752939797,-0.4095492895986531,2626
2114,false,0.8939812791095489,0.5901461752939797,-0.40601600079982886,2627
2115,false,0.8939802734460545,0.5901461752939797,-0.4044181985306583,2628
2116,false,0.8939770719299389,0.5901461752939797,-0.4167628519439452,2629
2117,false,0.8939767927074436,0.5901461752939797,-0.41438413923388207,2630
2118,false,0.8939767760964942,0.5901461752939797,-0.4144901653554989,2631
2119,false,0.8939767553835359,0.5901461752939797,-0.4147331195718097,2632
2120,false,0.8939767526945313,0.5901461752939797,-0.4143528625231641,2633
2121,false,0.8939767519535191,0.5901461752939797,-Inf,2634
2122,false,0.8939767506147493,0.5901461752939797,-0.4146365826068088,2635
2123,false,0.8939767509714425,0.5901461752939797,-0.41434364604678375,2636
2124,false,0.8939767508994212,0.5901461752939797,-0.41433130724979716,2637
2125,false,0.8939767508524018,0.5901461752939797,-0.31454097364768774,2638
2126,false,0.8939761567049965,0.5901461752939797,-0.41277315881461596,2639
2127,false,0.893976137573071,0.5901461752939797,-0.4132255019511484,2640
2128,false,0.8939760845031373,0.5901461752939797,-0.4125173080820969,2641
2129,false,0.8939760838879681,0.5901461752939797,-0.4124381870035674,2642
2130,false,0.8939760835517198,0.5901461752939797,-0.3217210246229222,2643
2131,false,0.893974241053624,0.5901461752939797,-0.4191029018327149,2644
2132,false,0.8939735183676485,0.5901461752939797,-0.4187066958435953,2645
2133,false,0.8939711646095556,0.5901461752939797,-0.3194320408671154,2646
2134,false,0.8939696811107674,0.5901461752939797,-0.4145994112035111,2647
2135,false,0.8939512349561356,0.5901461752939797,-Inf,2648
2136,false,0.893947841477162,0.5901461752939797,-0.4291045067721398,2649
2137,false,0.8939400181142724,0.5901461752939797,-Inf,2650
2138,false,0.8939397400913837,0.5901461752939797,-0.4340786671536933,2651
2139,false,0.8939385619483098,0.5901461752939797,-Inf,2652
2140,false,0.8939376896630267,0.5901461752939797,-0.4375898838256833,2653
2141,false,0.893935738239052,0.5901461752939797,-0.43091301251143566,2654
2142,false,0.89393543950172,0.5901461752939797,-Inf,2655
2143,false,0.8939352166694966,0.5901461752939797,-0.43490207056146735,2656
2144,false,0.8939336378915571,0.5901461752939797,-0.4302158200518461,2657
2145,false,0.8939209895140103,0.5901461752939797,-0.4287797584229404,2658
2146,false,0.8939199849528158,0.5901461752939797,-Inf,2659
2147,false,0.8939197138739229,0.5901461752939797,-Inf,2660
2148,false,0.8939189277824785,0.5901461752939797,-Inf,2661
2149,false,0.8939189241950031,0.5901461752939797,-0.43575841873464743,2662
2150,false,0.8939174642433851,0.5901461752939797,-0.43419801983743955,2663
2151,false,0.8939153604434289,0.5901461752939797,-Inf,2664
2152,false,0.8939148788326159,0.5901461752939797,-Inf,2665
2153,false,0.8939128494340478,0.5901461752939797,-0.4349797739713589,2666
2154,false,0.8939122393546824,0.5901461752939797,-0.43196935428165933,2667
2155,false,0.8938982057609006,0.5901461752939797,-Inf,2668
2156,false,0.8938873443715688,0.5901461752939797,-0.4078024421519155,2669
2157,false,0.8938850426340632,0.5901461752939797,-0.419405572568773,2670
2158,false,0.8938847235037743,0.5901461752939797,-0.41460238585576625,2671
2159,false,0.8938847089027293,0.5901461752939797,-Inf,2672
2160,false,0.8938752942608289,0.5901461752939797,-Inf,2673
2161,false,0.893874445256746,0.5901461752939797,-Inf,2674
2162,false,0.8938739247943249,0.5901461752939797,-Inf,2675
2163,false,0.893872447559561,0.5901461752939797,-Inf,2676
2164,false,0.8938695215125692,0.5901461752939797,-0.4196789408505856,2677
2165,false,0.8938667449370034,0.5901461752939797,-0.42068893942678065,2678
2166,false,0.893864499374164,0.5901461752939797,-Inf,2679
2167,false,0.8938635659125314,0.5901461752939797,-Inf,2680
2168,false,0.8938606031140478,0.5901461752939797,-Inf,2681
2169,false,0.8938562215537981,0.5901461752939797,-Inf,2682
2170,false,0.8938477478844913,0.5901461752939797,-Inf,2683
2171,false,0.8938470936575962,0.5901461752939797,-Inf,2684
2172,false,0.893846756872139,0.5901461752939797,-0.42063610453331157,2685
2173,false,0.8938466889943373,0.5901461752939797,-0.41739472433608155,2686
2174,false,0.8938440639096631,0.5901461752939797,-Inf,2687
2175,false,0.8938439071684694,0.5901461752939797,-Inf,2688
2176,false,0.8938429777582395,0.5901461752939797,-0.391862222774338,2689
2177,false,0.8938423425391506,0.5901461752939797,-0.38724243538552616,2690
2178,false,0.8938419059273128,0.5901461752939797,-0.3947543793931938,2691
2179,false,0.8938408826343107,0.5901461752939797,-0.3135265369420914,2692
2180,false,0.8938362551551158,0.5901461752939797,-Inf,2693
2181,false,0.893836237767974,0.5901461752939797,-0.30817561247854586,2694
2182,false,0.893832275233456,0.5901461752939797,-0.4094385392668193,2695
2183,false,0.8938220924891859,0.5901461752939797,-0.41824128219824913,2696
2184,false,0.8938220114870874,0.5901461752939797,-0.41602909722440207,2697
2185,false,0.8938176473006085,0.5901461752939797,-Inf,2698
2186,false,0.8938171626007728,0.5901461752939797,-Inf,2699
2187,false,0.8938156509038512,0.5901461752939797,-0.4103071505977899,2700
2188,false,0.8938156218286064,0.5901461752939797,-0.4077436699969057,2701
2189,false,0.8937985146901641,0.5901461752939797,-0.3925489761890615,2702
2190,false,0.8937963622624024,0.5901461752939797,-Inf,2703
2191,false,0.8937963463504105,0.5901461752939797,-Inf,2704
2192,false,0.8937963325794935,0.5901461752939797,-0.3935282021057436,2705
2193,false,0.8937948409477544,0.5901461752939797,-0.39891584638429944,2706
2194,false,0.8937876323186864,0.5901461752939797,-0.3842858504772758,2707
2195,false,0.8937728056074923,0.5901461752939797,-0.3968289203474491,2708
2196,false,0.8937698629864493,0.5901461752939797,-Inf,2709
2197,false,0.8937697696184544,0.5901461752939797,-0.38499688499167173,2710
2198,false,0.8937659385151638,0.5901461752939797,-Inf,2711
2199,false,0.8937658983594202,0.5901461752939797,-Inf,2712
2200,false,0.8937658784614492,0.5901461752939797,-0.40208099648677137,2713
2201,false,0.8937430774017155,0.5901461752939797,-Inf,2714
2202,false,0.8937428024918718,0.5901461752939797,-0.4135745801218057,2715
2203,false,0.893742056502452,0.5901461752939797,-0.40517703757448886,2716
2204,false,0.8937248743851345,0.5901461752939797,-0.3871451734102609,2717
2205,false,0.8937214114338407,0.5901461752939797,-0.3867917717010483,2718
2206,false,0.8937192016871184,0.5901461752939797,-0.38703960749390787,2719
2207,false,0.8936763490759794,0.5901461752939797,-Inf,2720
2208,false,0.8936757570396461,0.5901461752939797,-Inf,2721
2209,false,0.8936748732245525,0.5901461752939797,-Inf,2722
2210,false,0.8936660507986524,0.5901461752939797,-Inf,2723
2211,false,0.8936627224893773,0.5901461752939797,-0.4021685283803086,2724
2212,false,0.8936537780748295,0.5901461752939797,-Inf,2725
2213,false,0.8936490136809574,0.5901461752939797,-Inf,2726
2214,false,0.8936487192824898,0.5901461752939797,-Inf,2727
2215,false,0.8936434298819851,0.5901461752939797,-Inf,2728
2216,false,0.8936409028660064,0.5901461752939797,-Inf,2729
2217,false,0.8936404861506761,0.5901461752939797,-0.37844264427971086,2730
2218,false,0.8936390909536468,0.5901461752939797,-0.38529310774767345,2731
2219,false,0.8936373179157607,0.5901461752939797,-0.3963090096981099,2732
2220,false,0.8936372219116644,0.5901461752939797,-0.38968635801411844,2733
2221,false,0.8936302326467166,0.5901461752939797,-Inf,2734
2222,false,0.8936284954620107,0.5901461752939797,-0.37172500763699856,2735
2223,false,0.8935993739269809,0.5901461752939797,-Inf,2736
2224,false,0.8935971928280247,0.5901461752939797,-Inf,2737
2225,false,0.8935968488285153,0.5901461752939797,-Inf,2738
2226,false,0.8935963117727379,0.5901461752939797,-0.3783619425269322,2739
2227,false,0.8935942337400801,0.5901461752939797,-Inf,2740
2228,false,0.893594170236715,0.5901461752939797,-Inf,2741
2229,false,0.8935933949978606,0.5901461752939797,-0.3765122104943409,2742
2230,false,0.8935727886561793,0.5901461752939797,-0.35074804115516556,2743
2231,false,0.8935689216947795,0.5901461752939797,-Inf,2744
2232,false,0.8935684513881312,0.5901461752939797,-Inf,2745
2233,false,0.8935683754948562,0.5901461752939797,-0.3678854247132355,2746
2234,false,0.8935641887402787,0.5901461752939797,-0.3612359011411821,2747
2235,false,0.8935416459799549,0.5901461752939797,-Inf,2748
2236,false,0.8935408766570194,0.5901461752939797,-Inf,2749
2237,false,0.8935332341306614,0.5901461752939797,-Inf,2750
2238,false,0.8935332311089907,0.5901461752939797,-Inf,2751
2239,false,0.8935332232547024,0.5901461752939797,-Inf,2752
2240,false,0.8935325771443818,0.5901461752939797,-0.41520392722044563,2753
2241,false,0.8935324222351647,0.5901461752939797,-Inf,2754
2242,false,0.893532390184715,0.5901461752939797,-0.4039527532454758,2755
2243,false,0.8935323705516265,0.5901461752939797,-0.4066360976927299,2756
2244,false,0.8935323641353613,0.5901461752939797,-0.4050357468112573,2757
2245,false,0.8935323630695079,0.5901461752939797,-0.40576338208417184,2758
2246,false,0.893532362357038,0.5901461752939797,-0.32417081740793474,2759
2247,false,0.8935281523032373,0.5901461752939797,-0.3911483591009748,2760
2248,false,0.8935280185574174,0.5901461752939797,-0.3851510621876796,2761
2249,false,0.8935280095268411,0.5901461752939797,-0.3857462811043345,2762
2250,false,0.8935280092815746,0.5901461752939797,-0.3857084541626795,2763
2251,false,0.8935280093323403,0.5901461752939797,-0.30989937043186444,2764
2252,false,0.8935248278015434,0.5901461752939797,-Inf,2765
2253,false,0.8935231484347982,0.5901461752939797,-Inf,2766
2254,false,0.8935230319904276,0.5901461752939797,-Inf,2767
2255,false,0.893522880244995,0.5901461752939797,-Inf,2768
2256,false,0.8935228547122902,0.5901461752939797,-Inf,2769
2257,false,0.8935225461543743,0.5901461752939797,-Inf,2770
2258,false,0.8935223294723658,0.5901461752939797,-0.3724767873510537,2771
2259,false,0.8935222699379222,0.5901461752939797,-0.3682487756613487,2772
2260,false,0.8935222685806669,0.5901461752939797,-0.3700709817087816,2773
2261,false,0.893522266140931,0.5901461752939797,-0.3692426332158092,2774
2262,false,0.8935222659934414,0.592968471338813,-0.3005537946546284,2775
2263,false,0.8935204442614861,0.592968471338813,-Inf,2776
2264,false,0.8935194592899179,0.592968471338813,-Inf,2777
2265,false,0.8935187548142228,0.592968471338813,-0.4017922936913912,2778
2266,false,0.8935187517329238,0.592968471338813,-0.4033971349100348,2779
2267,false,0.8935187516649185,0.592968471338813,-0.40161920822925434,2780
2268,false,0.8935187515875119,0.592968471338813,-Inf,2781
2269,false,0.8935174553015286,0.592968471338813,-Inf,2782
2270,false,0.8935164669476137,0.592968471338813,-Inf,2783
2271,false,0.8935163265171148,0.592968471338813,-Inf,2784
2272,false,0.8935133584756471,0.592968471338813,-Inf,2785
2273,false,0.8935119578169382,0.592968471338813,-Inf,2786
2274,false,0.8935116783316694,0.592968471338813,-Inf,2787
2275,false,0.8935116523816351,0.592968471338813,-Inf,2788
2276,false,0.8935116343144553,0.592968471338813,-Inf,2789
2277,false,0.8935033911872315,0.592968471338813,-Inf,2790
2278,false,0.8935023865028093,0.592968471338813,-Inf,2791
2279,false,0.893502270912548,0.592968471338813,-Inf,2792
2280,false,0.8935022615623129,0.592968471338813,-Inf,2793
2281,false,0.8935022564709088,0.592968471338813,-0.40410901711646363,2794
2282,false,0.8935015823520136,0.592968471338813,-Inf,2795
2283,false,0.8935015702752768,0.592968471338813,-Inf,2796
2284,false,0.8935015685603339,0.592968471338813,-Inf,2797
2285,false,0.8935015007822783,0.592968471338813,-0.4016774185354681,2798
2286,false,0.8934977788572234,0.592968471338813,-0.3912802636014623,2799
2287,false,0.8934880385794706,0.592968471338813,-Inf,2800
2288,false,0.8934880100803682,0.592968471338813,-Inf,2801
2289,false,0.8934878714191472,0.592968471338813,-Inf,2802
2290,false,0.89348760231319,0.592968471338813,-Inf,2803
2291,false,0.8934874065580294,0.592968471338813,-0.39255616342367605,2804
2292,false,0.8934669636421516,0.592968471338813,-Inf,2805
2293,false,0.8934654776557058,0.592968471338813,-Inf,2806
2294,false,0.8934615550689835,0.592968471338813,-Inf,2807
2295,false,0.8934606598211312,0.592968471338813,-Inf,2808
2296,false,0.893459974059166,0.592968471338813,-Inf,2809
2297,false,0.8934577734576806,0.592968471338813,-Inf,2810
2298,false,0.8934575857035487,0.592968471338813,-Inf,2811
2299,false,0.8934574912941724,0.592968471338813,-Inf,2812
2300,false,0.8934572270651137,0.592968471338813,-Inf,2813
2301,false,0.893449879663333,0.592968471338813,-0.3826011591391586,2814
2302,false,0.8934465188537368,0.592968471338813,-0.370448192278524,2815
2303,false,0.8934452804361148,0.592968471338813,-0.3715918631940689,2816
2304,false,0.8934447955926637,0.592968471338813,-Inf,2817
2305,false,0.8934433951231766,0.592968471338813,-Inf,2818
2306,false,0.8934431049015569,0.592968471338813,-0.3618146560771235,2819
2307,false,0.8934386400730444,0.592968471338813,-0.35751519838426293,2820
2308,false,0.8934348577018716,0.592968471338813,-0.34762907644965746,2821
2309,false,0.8934343026241219,0.592968471338813,-Inf,2822
2310,false,0.8934333293300993,0.592968471338813,-Inf,2823
2311,false,0.8934331761583911,0.592968471338813,-Inf,2824
2312,false,0.8934329340958344,0.592968471338813,-Inf,2825
2313,false,0.8934329063910259,0.592968471338813,-Inf,2826
2314,false,0.8934329062235142,0.592968471338813,-Inf,2827
2315,false,0.8934329039871945,0.592968471338813,-Inf,2828
2316,false,0.8934328815312234,0.592968471338813,-Inf,2829
2317,false,0.8934328516312654,0.592968471338813,-0.3446139666924545,2830
2318,false,0.8934327705426353,0.592968471338813,-Inf,2831
2319,false,0.8934327266710075,0.592968471338813,-0.3435974120484383,2832
2320,false,0.8934199123949171,0.592968471338813,-Inf,2833
2321,false,0.8934189756940691,0.592968471338813,-Inf,2834
2322,false,0.8934183009976011,0.592968471338813,-Inf,2835
2323,false,0.8934131225055659,0.592968471338813,-Inf,2836
2324,false,0.8934117415117964,0.592968471338813,-Inf,2837
2325,false,0.8934033277784476,0.592968471338813,-Inf,2838
2326,false,0.893400376525367,0.592968471338813,-Inf,2839
2327,false,0.8934001842469845,0.592968471338813,-Inf,2840
2328,false,0.8933999296811624,0.592968471338813,-0.3477125721902835,2841
2329,false,0.8933976917077571,0.592968471338813,-0.34199161005840906,2842
2330,false,0.8933974871535506,0.592968471338813,-0.33808539767575296,2843
2331,false,0.8933974769525013,0.592968471338813,-Inf,2844
2332,false,0.8933973864826474,0.592968471338813,-Inf,2845
2333,false,0.8933949146403148,0.592968471338813,-Inf,2846
2334,false,0.8933937957688806,0.592968471338813,-Inf,2847
2335,false,0.8933922933629407,0.592968471338813,-0.35373889465883035,2848
2336,false,0.8933918970172634,0.592968471338813,-Inf,2849
2337,false,0.8933906474422249,0.592968471338813,-Inf,2850
2338,false,0.8933902362905634,0.592968471338813,-Inf,2851
2339,false,0.8933892832832044,0.592968471338813,-Inf,2852
2340,false,0.8933881008423805,0.592968471338813,-0.337204342092416,2853
2341,false,0.8933880080561487,0.592968471338813,-Inf,2854
2342,false,0.8933876553687256,0.592968471338813,-Inf,2855
2343,false,0.8933875902635924,0.592968471338813,-Inf,2856
2344,false,0.893382860765206,0.592968471338813,-0.3590664190201348,2857
2345,false,0.8933826592907375,0.592968471338813,-Inf,2858
2346,false,0.8933809294302412,0.592968471338813,-0.36160210249809843,2859
2347,false,0.8933808784223732,0.592968471338813,-0.35951788063712853,2860
2348,false,0.8933808641924672,0.592968471338813,-0.35891591063519945,2861
2349,false,0.8933808641028207,0.592968471338813,-0.35889849390946726,2862
2350,false,0.8933808634165052,0.592968471338813,-0.35888098063241824,2863
2351,false,0.8933808633655356,0.592968471338813,-0.3588778558516009,2864
2352,false,0.893380863255548,0.6044994970913599,-0.28888136616418814,2865
2353,false,0.8933777840765461,0.6044994970913599,-0.36268532945386756,2866
2354,false,0.8933776843162377,0.6044994970913599,-Inf,2867
2355,false,0.8933776811756576,0.6044994970913599,-Inf,2868
2356,false,0.8933776664476738,0.6044994970913599,-0.3631791188560496,2869
2357,false,0.8933771976187248,0.6044994970913599,-0.3543594714692294,2870
2358,false,0.8933771874649833,0.6044994970913599,-Inf,2871
2359,false,0.8933759368284283,0.6044994970913599,-0.35094228209507017,2872
2360,false,0.8933714952738497,0.6044994970913599,-0.3283989643877222,2873
2361,false,0.8933703124460078,0.6044994970913599,-0.33739999983067104,2874
2362,false,0.8933666762738577,0.6044994970913599,-Inf,2875
2363,false,0.8933656347170233,0.6044994970913599,-Inf,2876
2364,false,0.8933642649897423,0.6044994970913599,-Inf,2877
2365,false,0.8933635435733355,0.6044994970913599,-Inf,2878
2366,false,0.893362855381909,0.6044994970913599,-0.3576272707512308,2879
2367,false,0.8933588460203646,0.6044994970913599,-Inf,2880
2368,false,0.8933571808421915,0.6044994970913599,-Inf,2881
2369,false,0.8933571344036002,0.6044994970913599,-0.36101756241001304,2882
2370,false,0.8933571292322625,0.6044994970913599,-Inf,2883
2371,false,0.8933571284823113,0.6044994970913599,-0.35999482329452825,2884
2372,false,0.8933571283938728,0.6044994970913599,-0.29013760624179885,2885
2373,false,0.8933552590805816,0.6044994970913599,-0.3471042118532863,2886
2374,false,0.89334908289889,0.6044994970913599,-Inf,2887
2375,false,0.8933332982174554,0.6044994970913599,-Inf,2888
2376,false,0.8933326435028937,0.6044994970913599,-0.3509351356589958,2889
2377,false,0.8933283072328031,0.6044994970913599,-Inf,2890
2378,false,0.8933269640003291,0.6044994970913599,-Inf,2891
2379,false,0.8933269604296703,0.6044994970913599,-Inf,2892
2380,false,0.8933269603657791,0.6044994970913599,-0.2997936532748172,2893
2381,false,0.8933231150734715,0.6044994970913599,-0.34245935847701947,2894
2382,false,0.8933173424125115,0.6044994970913599,-Inf,2895
2383,false,0.8933171766937107,0.6044994970913599,-Inf,2896
2384,false,0.8933156295092455,0.6044994970913599,-Inf,2897
2385,false,0.8933112628453425,0.6044994970913599,-Inf,2898
2386,false,0.8933108052690601,0.6044994970913599,-Inf,2899
2387,false,0.8933106942215596,0.6044994970913599,-Inf,2900
2388,false,0.8933106752213351,0.6044994970913599,-Inf,2901
2389,false,0.8933106465515124,0.6044994970913599,-Inf,2902
2390,false,0.893310625700183,0.6044994970913599,-0.34136210337563266,2903
2391,false,0.8933099871481289,0.6044994970913599,-0.3436453102122903,2904
2392,false,0.8933077326824637,0.6044994970913599,-0.349790383808123,2905
2393,false,0.8933011487301465,0.6044994970913599,-Inf,2906
2394,false,0.8933009718341866,0.6044994970913599,-Inf,2907
2395,false,0.8933009515422649,0.6044994970913599,-Inf,2908
2396,false,0.8933009328207911,0.6044994970913599,-Inf,2909
2397,false,0.8933009257660096,0.6044994970913599,-0.3434699361339737,2910
2398,false,0.8932894321657037,0.6044994970913599,-Inf,2911
2399,false,0.8932894255618264,0.6044994970913599,-Inf,2912
2400,false,0.8932894236162485,0.6044994970913599,-Inf,2913
2401,false,0.8932894232428488,0.6044994970913599,-Inf,2914
2402,false,0.8932894231719815,0.6044994970913599,-Inf,2915
2403,false,0.8932894231618327,0.6044994970913599,-Inf,2916
2404,false,0.8932894231590527,0.6044994970913599,-Inf,2917
2405,false,0.893289423158498,0.6044994970913599,-Inf,2918
2406,false,0.8932894231516048,0.6091082210039441,-0.2841812021476606,2919
2407,false,0.8932865282229021,0.6091082210039441,-Inf,2920
2408,false,0.8932812190163271,0.6091082210039441,-0.36724528159606284,2921
2409,false,0.8932527049253669,0.6091082210039441,-Inf,2922
2410,false,0.8932493884281731,0.6091082210039441,-Inf,2923
2411,false,0.8932488161338935,0.6091082210039441,-0.28570474666412804,2924
2412,false,0.8932389258850498,0.6091082210039441,-0.36767707928647264,2925
2413,false,0.893223179452055,0.6091082210039441,-Inf,2926
2414,false,0.893211395183023,0.6091082210039441,-Inf,2927
2415,false,0.8932052267709574,0.6091082210039441,-Inf,2928
2416,false,0.8932039393968001,0.6091082210039441,-0.38102647663768874,2929
2417,false,0.8932012398948285,0.6091082210039441,-0.37135200305504046,2930
2418,false,0.8931963530114448,0.6091082210039441,-Inf,2931
2419,false,0.8931957338722786,0.6091082210039441,-Inf,2932
2420,false,0.8931953756252835,0.6091082210039441,-0.37593686340495236,2933
2421,false,0.8931912161731012,0.6091082210039441,-0.38722413944073997,2934
2422,false,0.893159513862641,0.6091082210039441,-Inf,2935
2423,false,0.8931572117571577,0.6091082210039441,-0.399209768586804,2936
2424,false,0.8931551268861382,0.6091082210039441,-Inf,2937
2425,false,0.8931514361640126,0.6091082210039441,-0.40174781912804286,2938
2426,false,0.893149877452219,0.6091082210039441,-0.40121387547386733,2939
2427,false,0.8931447554440654,0.6091082210039441,-0.371845229931682,2940
2428,false,0.8931421849330929,0.6091082210039441,-0.37731975010569885,2941
2429,false,0.8931414977132104,0.6091082210039441,-0.3834025938978257,2942
2430,false,0.8931385469171889,0.6091082210039441,-0.3770313283028015,2943
2431,false,0.893138509335963,0.6091082210039441,-Inf,2944
2432,false,0.893136947822128,0.6091082210039441,-0.37718565801089643,2945
2433,false,0.8931365863605072,0.6091082210039441,-0.37709803729713254,2946
2434,false,0.8931334713100909,0.6091082210039441,-Inf,2947
2435,false,0.8931334478976891,0.6091082210039441,-Inf,2948
2436,false,0.8931317972717829,0.6091082210039441,-0.3738109878291169,2949
2437,false,0.8931314154883881,0.6091082210039441,-Inf,2950
2438,false,0.893131179954525,0.6091082210039441,-0.383285076515103,2951
2439,false,0.8931273877217536,0.6091082210039441,-0.3715810252068641,2952
2440,false,0.8931270755586793,0.6091082210039441,-0.29307609306364335,2953
2441,false,0.8931257448588001,0.6091082210039441,-Inf,2954
2442,false,0.8931257203733548,0.6091082210039441,-Inf,2955
2443,false,0.8931247069852097,0.6091082210039441,-0.3792346031804721,2956
2444,false,0.8931191062073017,0.6091082210039441,-Inf,2957
2445,false,0.8931167660916057,0.6091082210039441,-0.3749881991660444,2958
2446,false,0.893115975061795,0.6091082210039441,-Inf,2959
2447,false,0.8931155430741914,0.6091082210039441,-Inf,2960
2448,false,0.893115527074551,0.6091082210039441,-0.3765639261264402,2961
2449,false,0.8931085255595381,0.6091082210039441,-Inf,2962
2450,false,0.8931083074591246,0.6091082210039441,-0.36386793940924367,2963
2451,false,0.8930767850775396,0.6091082210039441,-Inf,2964
2452,false,0.8930765077582237,0.6091082210039441,-0.382761715907717,2965
2453,false,0.8930419862895149,0.6091082210039441,-Inf,2966
2454,false,0.8930406579379119,0.6091082210039441,-Inf,2967
2455,false,0.893038575607158,0.6091082210039441,-Inf,2968
2456,false,0.8930375398870118,0.6091082210039441,-0.3727665739358239,2969
2457,false,0.8930342132230642,0.6091082210039441,-Inf,2970
2458,false,0.89303271949768,0.6091082210039441,-Inf,2971
2459,false,0.8930326542983011,0.6091082210039441,-Inf,2972
2460,false,0.8930325290918741,0.6091082210039441,-Inf,2973
2461,false,0.893032523938497,0.6091082210039441,-0.37654140655515544,2974
2462,false,0.893032340609899,0.6091082210039441,-0.3761269974418229,2975
2463,false,0.8930309073545063,0.6091082210039441,-Inf,2976
2464,false,0.8930307732327303,0.6091082210039441,-Inf,2977
2465,false,0.8930307732148305,0.6091082210039441,-Inf,2978
2466,false,0.8930307731752019,0.6091082210039441,-Inf,2979
2467,false,0.8930307729841171,0.6091082210039441,-0.38975009492929824,2980
2468,false,0.893020281451322,0.6091082210039441,-Inf,2981
2469,false,0.8930202501687141,0.6091082210039441,-Inf,2982
2470,false,0.8930202494522007,0.6091082210039441,-Inf,2983
2471,false,0.8930202495929169,0.6091082210039441,-Inf,2984
2472,false,0.8930202493400805,0.6091082210039441,-0.29458008195344487,2985
2473,false,0.8930111689064831,0.6091082210039441,-0.39379153670106004,2986
2474,false,0.8929884815789788,0.6091082210039441,-Inf,2987
2475,false,0.8929881246480966,0.6091082210039441,-Inf,2988
2476,false,0.8929875965746378,0.6091082210039441,-0.36376481267374705,2989
2477,false,0.8929631417337076,0.6091082210039441,-0.3670864311879857,2990
2478,false,0.8929384200702111,0.6091082210039441,-Inf,2991
2479,false,0.8929382825538009,0.6091082210039441,-Inf,2992
2480,false,0.8929382821836089,0.6091082210039441,-Inf,2993
2481,false,0.8929382344517915,0.6091082210039441,-Inf,2994
2482,false,0.8929382345823806,0.6091082210039441,-Inf,2995
2483,false,0.8929382342046723,0.6091082210039441,-Inf,2996
2484,false,0.892938232376608,0.6091082210039441,-0.3687010988505939,2997
2485,false,0.8929206090214278,0.6091082210039441,-Inf,2998
2486,false,0.8929203445966951,0.6091082210039441,-Inf,2999
2487,false,0.8929199842057736,0.6091082210039441,-Inf,3000
2488,false,0.8929199510581706,0.6091082210039441,-Inf,3001
2489,false,0.8929198387730142,0.6091082210039441,-Inf,3002
2490,false,0.8929198383066079,0.6091082210039441,-0.37316536545144996,3003
2491,false,0.8929131291675525,0.6091082210039441,-0.37609487749630177,3004
2492,false,0.8928996677896723,0.6091082210039441,-0.37805647943628984,3005
2493,false,0.8928981144331632,0.6091082210039441,-0.3647349987799817,3006
2494,false,0.8928976861248674,0.6091082210039441,-0.3722204364936521,3007
2495,false,0.8928943399410855,0.6091082210039441,-0.31089894597326506,3008
2496,false,0.8928927331521082,0.6091082210039441,-0.3626638329006918,3009
2497,false,0.8928901791448913,0.6091082210039441,-0.38812905360864103,3010
2498,false,0.8928901435594158,0.6091082210039441,-0.3855017385505285,3011
2499,false,0.8928901394523607,0.6091082210039441,-0.3860414383772961,3012
2500,false,0.8928901387494027,0.6091082210039441,-0.3857662680126944,3013
2501,false,0.8928901381888402,0.6091082210039441,-0.3856673892402084,3014
2502,false,0.8928901383476171,0.6091082210039441,-0.3136791644397483,3015
2503,false,0.8928865241022214,0.6091082210039441,-Inf,3016
2504,false,0.8928862736853033,0.6091082210039441,-0.3676073099624685,3017
2505,false,0.8928835930126907,0.6091082210039441,-0.3638756853009748,3018
2506,false,0.8928377965994886,0.6091082210039441,-0.3800254083201705,3019
2507,false,0.8928375112868093,0.6091082210039441,-0.3792808422504359,3020
2508,false,0.8928375075804327,0.6091082210039441,-0.3142536646473808,3021
2509,false,0.8928324588351532,0.6091082210039441,-0.3738871811855352,3022
2510,false,0.8928162833671849,0.6091082210039441,-Inf,3023
2511,false,0.8928161659233922,0.6091082210039441,-Inf,3024
2512,false,0.8928161457882312,0.6091082210039441,-0.38035894091641864,3025
2513,false,0.8928159133291602,0.6091082210039441,-Inf,3026
2514,false,0.8928155847856301,0.6091082210039441,-0.3772418606277752,3027
2515,false,0.8928155554553472,0.6091082210039441,-0.37655949986145276,3028
2516,false,0.8928155512259829,0.6091082210039441,-0.3762234148393766,3029
2517,false,0.892815548470007,0.6091082210039441,-0.3768634092236879,3030
2518,false,0.8928155459422817,0.6091082210039441,-0.3759086479884486,3031
2519,false,0.892815546030271,0.6091082210039441,-0.37635398464465464,3032
2520,false,0.8928155459297166,0.6091082210039441,-0.37649148164351576,3033
2521,false,0.8928155459525214,0.6091082210039441,-0.37671397425794206,3034
2522,false,0.8928155459187193,0.6091082210039441,-0.31006420524210165,3035
2523,false,0.8928128317292148,0.6091082210039441,-0.3817539899142377,3036
2524,false,0.892812622087477,0.6091082210039441,-Inf,3037
2525,false,0.8928126201501658,0.6091082210039441,-0.3791951840551505,3038
2526,false,0.8928043625455526,0.6091082210039441,-Inf,3039
2527,false,0.8928035700045254,0.6091082210039441,-0.38266974621105776,3040
2528,false,0.8928001379781633,0.6091082210039441,-0.3886330550431766,3041
2529,false,0.892789936114721,0.6091082210039441,-Inf,3042
2530,false,0.8927899022760588,0.6091082210039441,-0.38443258676164516,3043
2531,false,0.8927895520840986,0.6091082210039441,-0.3787285387066641,3044
2532,false,0.8927894223835293,0.6091082210039441,-Inf,3045
2533,false,0.8927894219932656,0.6091082210039441,-0.3783332073896545,3046
2534,false,0.8927682350110028,0.6091082210039441,-0.38198334608820295,3047
2535,false,0.8927590541745789,0.6091082210039441,-Inf,3048
2536,false,0.892758777366375,0.6091082210039441,-0.3707417966259492,3049
2537,false,0.8927578214933628,0.6091082210039441,-Inf,3050
2538,false,0.8927537875431272,0.6091082210039441,-0.36447228659803044,3051
2539,false,0.8927535691289642,0.6091082210039441,-0.36403966671699284,3052
2540,false,0.8927377095093497,0.6091082210039441,-0.3812130718960728,3053
2541,false,0.8927375693740285,0.6091082210039441,-0.37934431550622116,3054
2542,false,0.8927349850566304,0.6091082210039441,-0.3780413386607644,3055
2543,false,0.8927280405602741,0.6091082210039441,-0.3767995421723467,3056
2544,false,0.892727744267566,0.6091082210039441,-0.37287436648109107,3057
2545,false,0.8927276753485299,0.6091082210039441,-0.3739247000564936,3058
2546,false,0.8927184474199521,0.6091082210039441,-0.38276069057076334,3059
2547,false,0.892718146264164,0.6091082210039441,-0.3795924877281469,3060
2548,false,0.8927181359366816,0.6091082210039441,-0.38004160050801383,3061
2549,false,0.8927181352915693,0.6091082210039441,-0.37927548303835357,3062
2550,false,0.8927181352669334,0.6091082210039441,-0.3798106540990852,3063
2551,false,0.892718135207389,0.6091082210039441,-0.3083482699992195,3064
2552,false,0.892702776022434,0.6091082210039441,-0.3754393213368129,3065
2553,false,0.8927026951729333,0.6091082210039441,-0.3729716159977091,3066
2554,false,0.8927026904115911,0.6091082210039441,-0.31035997928150616,3067
2555,false,0.8926994733418991,0.6091082210039441,-0.3766052759583002,3068
2556,false,0.8926988534664752,0.6091082210039441,-0.37104082223373,3069
2557,false,0.8926975990583063,0.6091082210039441,-Inf,3070
2558,false,0.8926975990075301,0.6091082210039441,-0.368258073933741,3071
2559,false,0.8926972359500588,0.6091082210039441,-Inf,3072
2560,false,0.8926972240276416,0.6091082210039441,-0.3739500958823676,3073
2561,false,0.8926928595364133,0.6091082210039441,-0.3635084679176188,3074
2562,false,0.8926898523140625,0.6091082210039441,-Inf,3075
2563,false,0.8926894820852397,0.6091082210039441,-0.3628771830975265,3076
2564,false,0.8926849570558715,0.6091082210039441,-Inf,3077
2565,false,0.8926802062692855,0.6091082210039441,-Inf,3078
2566,false,0.8926801999037671,0.6091082210039441,-0.3635495482084371,3079
2567,false,0.8926789745500671,0.6091082210039441,-0.36067748570498226,3080
2568,false,0.8926642187827758,0.6091082210039441,-Inf,3081
2569,false,0.8926641804445632,0.6091082210039441,-Inf,3082
2570,false,0.8926640577162905,0.6091082210039441,-Inf,3083
2571,false,0.8926639214711806,0.6091082210039441,-Inf,3084
2572,false,0.8926635723162095,0.6091082210039441,-0.35755961366927913,3085
2573,false,0.8926565785339233,0.6091082210039441,-Inf,3086
2574,false,0.892651669300765,0.6091082210039441,-Inf,3087
2575,false,0.892646577668475,0.6091082210039441,-0.35531676169043436,3088
2576,false,0.8926368963726308,0.6091082210039441,-0.35673377159984987,3089
2577,false,0.8926315431829738,0.6091082210039441,-0.35578759203968147,3090
2578,false,0.8926250906091142,0.6091082210039441,-0.37748641436936103,3091
2579,false,0.8926250864729229,0.6091082210039441,-0.37750074635356057,3092
2580,false,0.8926250027718843,0.6091082210039441,-0.3785930438573857,3093
2581,false,0.8926250026347573,0.6091082210039441,-0.3785690622235316,3094
2582,false,0.8926250009058124,0.6091082210039441,-0.3782683425795569,3095
2583,false,0.8926249791932795,0.6091082210039441,-0.3093455499784461,3096
2584,false,0.8926238529713707,0.6091082210039441,-0.36653991726788626,3097
2585,false,0.8926237004033016,0.6091082210039441,-0.3684223745167394,3098
2586,false,0.8926234942696736,0.6091082210039441,-0.37068200072330226,3099
2587,false,0.8926230957168095,0.6091082210039441,-0.37474785570013136,3100
2588,false,0.8926199947363964,0.6091082210039441,-0.35726280503605135,3101
2589,false,0.8926173565536879,0.6091082210039441,-0.35377933109726545,3102
2590,false,0.8926169226397154,0.6091082210039441,-0.3516635324014019,3103
2591,false,0.8926160089047153,0.6091082210039441,-0.3528138322127232,3104
2592,false,0.8926152542690791,0.6091082210039441,-0.3561084847954905,3105
2593,false,0.8926149648489909,0.6091082210039441,-0.28446436904905603,3106
2594,false,0.8926139509338824,0.6091082210039441,-0.28888022573819594,3107
2595,false,0.8926126902533886,0.6091082210039441,-0.36418846895550205,3108
2596,false,0.8926103025744969,0.6091082210039441,-0.3552108792586046,3109
2597,false,0.8926102407021302,0.6091082210039441,-0.3490222664079,3110
2598,false,0.8926101321702211,0.6091082210039441,-0.3588857329421743,3111
2599,false,0.8926090495416179,0.6091082210039441,-0.35763254939128686,3112
2600,false,0.8926089996653601,0.6091082210039441,-0.2835118484724568,3113
2601,false,0.89260375651917,0.6091082210039441,-0.3549072113097864,3114
2602,false,0.8926021953304677,0.6091082210039441,-Inf,3115
2603,false,0.8926009142655348,0.6091082210039441,-0.36248038869595545,3116
2604,false,0.8925896807564722,0.6091082210039441,-Inf,3117
2605,false,0.8925896782211158,0.6091082210039441,-0.3693046046953674,3118
2606,false,0.8925884229372776,0.6091082210039441,-0.3008547712794817,3119
2607,false,0.89258795254946,0.6091082210039441,-0.3656545866941404,3120
2608,false,0.8925870927728248,0.6091082210039441,-0.29969259440673734,3121
2609,false,0.892584758886357,0.6091082210039441,-0.29185464711705567,3122
2610,false,0.8925807820008917,0.6091082210039441,-0.3789373871383369,3123
2611,false,0.8925692812847107,0.6091082210039441,-0.36778769429438596,3124
2612,false,0.8925645589344349,0.6091082210039441,-Inf,3125
2613,false,0.8925626440390172,0.6091082210039441,-Inf,3126
2614,false,0.8925624343148555,0.6091082210039441,-0.3514011061615825,3127
2615,false,0.8925509155231707,0.6091082210039441,-Inf,3128
2616,false,0.8925506194686601,0.6091082210039441,-Inf,3129
2617,false,0.8925503012780232,0.6091082210039441,-0.360367520947213,3130
2618,false,0.892547931956184,0.6091082210039441,-Inf,3131
2619,false,0.8925459556768829,0.6091082210039441,-0.35467748816789135,3132
2620,false,0.8925449701949201,0.6091082210039441,-0.3435204148992571,3133
2621,false,0.8925436158143562,0.6091082210039441,-0.3475845538875716,3134
2622,false,0.8925383397268825,0.6164275030119732,-0.2761108367149092,3135
2623,false,0.8925305880086698,0.6164275030119732,-Inf,3136
2624,false,0.8925304290728415,0.6164275030119732,-Inf,3137
2625,false,0.8925301192953871,0.6164275030119732,-0.35080864347405283,3138
2626,false,0.8925296026803524,0.6164275030119732,-0.3566559084115153,3139
2627,false,0.8925295800125095,0.6164275030119732,-0.356815917627753,3140
2628,false,0.8925295132058715,0.6164275030119732,-0.3559685752941284,3141
2629,false,0.8925293964404366,0.6170136275468492,-0.2755157688935874,3142
2630,false,0.892524508874418,0.6170136275468492,-0.36154191305589356,3143
2631,false,0.8925227233237013,0.6170136275468492,-0.3502753651340139,3144
2632,false,0.8925223346912808,0.6170136275468492,-0.35797351554742496,3145
2633,false,0.8925220337390063,0.6170136275468492,-0.3566805903334167,3146
2634,false,0.8925215383108911,0.6170136275468492,-0.34927665331042435,3147
2635,false,0.8925192872634236,0.6170136275468492,-Inf,3148
2636,false,0.892519274191444,0.6170136275468492,-0.3565699902179553,3149
2637,false,0.8925188379839702,0.6170136275468492,-0.2773632782072769,3150
2638,false,0.8925179341815852,0.6170136275468492,-0.3526351306338298,3151
2639,false,0.892516130298742,0.6170136275468492,-0.346971072584385,3152
2640,false,0.892515281820159,0.6170136275468492,-0.34638277610538937,3153
2641,false,0.8925152236204316,0.6170136275468492,-0.3478463433962209,3154
2642,false,0.89251510287486,0.6170136275468492,-0.34509165360271277,3155
2643,false,0.8925150932754113,0.6170136275468492,-0.34549234183568756,3156
2644,false,0.8925150662462179,0.6170136275468492,-0.3465459556338737,3157
2645,false,0.8925150282630907,0.6170136275468492,-0.3484078744368876,3158
2646,false,0.8925148828083723,0.6170136275468492,-0.3442095239183274,3159
2647,false,0.8925148520090046,0.6170136275468492,-0.34606518714442214,3160
2648,false,0.8925148456587766,0.6297460132648005,-0.2627688323939761,3161
2649,false,0.8925132566877778,0.6297460132648005,-0.357093709267047,3162
2650,false,0.8925131287666868,0.6297460132648005,-0.35665319251049965,3163
2651,false,0.8925127958345922,0.6297460132648005,-0.35610271707486585,3164
2652,false,0.8925120362408192,0.6297460132648005,-0.34684445117621343,3165
2653,false,0.8925120178231755,0.6303498667032996,-0.26216215111987584,3166
2654,false,0.8925107514114718,0.6303498667032996,-0.34965795818279133,3167
2655,false,0.8925102554064764,0.6303498667032996,-Inf,3168
2656,false,0.8925048650459532,0.6303498667032996,-Inf,3169
2657,false,0.8925045547883296,0.6303498667032996,-0.3452178438469916,3170
2658,false,0.8925002321103841,0.6303498667032996,-Inf,3171
2659,false,0.8925000113298132,0.6303498667032996,-0.36179107695960155,3172
2660,false,0.8924780697712769,0.6303498667032996,-0.35113485191796767,3173
2661,false,0.892473707299927,0.6303498667032996,-0.34540726434067437,3174
2662,false,0.892472889342371,0.6303498667032996,-0.34594628708174424,3175
2663,false,0.8924679501320665,0.6303498667032996,-Inf,3176
2664,false,0.892467691645824,0.6303498667032996,-Inf,3177
2665,false,0.8924675026379171,0.6303498667032996,-0.3575230161710753,3178
2666,false,0.8924670759775514,0.6303498667032996,-0.3620130083623635,3179
2667,false,0.892466967331998,0.6303498667032996,-0.2976860441688376,3180
2668,false,0.8924659257977355,0.6303498667032996,-0.360612098242043,3181
2669,false,0.8924319771710497,0.6303498667032996,-0.3717882942360392,3182
2670,false,0.8924318648451635,0.6303498667032996,-0.3711962489097529,3183
2671,false,0.892431859642317,0.6303498667032996,-0.37199583245124745,3184
2672,false,0.8924315156719882,0.6303498667032996,-0.3781679097759959,3185
2673,false,0.89243091524458,0.6303498667032996,-0.37838304809615986,3186
2674,false,0.892429427626731,0.6303498667032996,-0.37630275529454105,3187
2675,false,0.8924291623660451,0.6303498667032996,-0.37537107458524555,3188
2676,false,0.8924289047760521,0.6303498667032996,-0.37220595926618616,3189
2677,false,0.8924285991268213,0.6303498667032996,-0.37074531681847733,3190
2678,false,0.8924285759096593,0.6303498667032996,-0.377168433245632,3191
2679,false,0.8924277491130614,0.6303498667032996,-0.3093168412353344,3192
2680,false,0.8924262532574825,0.6303498667032996,-0.30244578022705915,3193
2681,false,0.892424388685278,0.6303498667032996,-0.3725310954020832,3194
2682,false,0.8924240542298135,0.6303498667032996,-0.37273503905812777,3195
2683,false,0.8924167560976294,0.6303498667032996,-0.3713021186492119,3196
2684,false,0.8923560219079425,0.6303498667032996,-0.33607999770045494,3197
2685,false,0.8923554135287535,0.6303498667032996,-Inf,3198
2686,false,0.8923554124008932,0.6303498667032996,-Inf,3199
2687,false,0.8923552659787,0.6303498667032996,-0.34030359014972034,3200
2688,false,0.8923551948711603,0.6303498667032996,-0.34329457239407246,3201
2689,false,0.8923551936725852,0.6303498667032996,-0.26836078610108094,3202
2690,false,0.8923486955371133,0.6303498667032996,-0.34416594919434207,3203
2691,false,0.892307776160644,0.6303498667032996,-0.3496982307829234,3204
2692,false,0.8922754344816655,0.6303498667032996,-Inf,3205
2693,false,0.8922740944259087,0.6303498667032996,-Inf,3206
2694,false,0.8922730889718715,0.6303498667032996,-Inf,3207
2695,false,0.8922723522799424,0.6303498667032996,-Inf,3208
2696,false,0.8922719387417597,0.6303498667032996,-Inf,3209
2697,false,0.8922718764670544,0.6303498667032996,-Inf,3210
2698,false,0.8922695892069619,0.6303498667032996,-Inf,3211
2699,false,0.892269531054482,0.6303498667032996,-Inf,3212
2700,false,0.8922694955566719,0.6303498667032996,-Inf,3213
2701,false,0.8922694937535853,0.6303498667032996,-0.3313618005150074,3214
2702,false,0.8922679663528283,0.6303498667032996,-0.33213535466532007,3215
2703,false,0.8922643188691228,0.6303498667032996,-Inf,3216
2704,false,0.8922643187457275,0.6303498667032996,-0.3358234667635991,3217
2705,false,0.8922319360250226,0.6303498667032996,-Inf,3218
2706,false,0.8922289976397186,0.6303498667032996,-Inf,3219
2707,false,0.8922286035304765,0.6303498667032996,-Inf,3220
2708,false,0.8922280222736473,0.6303498667032996,-Inf,3221
2709,false,0.8922271034651702,0.6303498667032996,-Inf,3222
2710,false,0.892224670707202,0.6303498667032996,-Inf,3223
2711,false,0.8922245157439321,0.6303498667032996,-0.328646063305326,3224
2712,false,0.8922208525447799,0.6303498667032996,-0.33584745297375873,3225
2713,false,0.8922085628075938,0.6303498667032996,-0.3433741776861371,3226
2714,false,0.892202779425456,0.6303498667032996,-Inf,3227
2715,false,0.8922023723954872,0.6303498667032996,-0.35371324698028705,3228
2716,false,0.892193990381287,0.6303498667032996,-Inf,3229
2717,false,0.8921930695617796,0.6303498667032996,-Inf,3230
2718,false,0.8921929022260622,0.6303498667032996,-0.3559054115333997,3231
2719,false,0.8921904244703787,0.6303498667032996,-Inf,3232
2720,false,0.8921904037716686,0.6303498667032996,-Inf,3233
2721,false,0.8921903767274488,0.6303498667032996,-0.3607317033719116,3234
2722,false,0.8921817800002789,0.6303498667032996,-0.3477970083837474,3235
2723,false,0.892145273772314,0.6303498667032996,-Inf,3236
2724,false,0.8921443428400704,0.6303498667032996,-Inf,3237
2725,false,0.8921413929540685,0.6303498667032996,-0.36937977767044106,3238
2726,false,0.8921397373816664,0.6303498667032996,-0.3775421573421387,3239
2727,false,0.8921395179976815,0.6303498667032996,-0.369149324504752,3240
2728,false,0.8921363644003397,0.6303498667032996,-0.3656632386758696,3241
2729,false,0.892129516637608,0.6303498667032996,-Inf,3242
2730,false,0.8921275890643533,0.6303498667032996,-0.38291285466889413,3243
2731,false,0.8921272301974672,0.6303498667032996,-0.3772639886496396,3244
2732,false,0.8921267284844205,0.6303498667032996,-Inf,3245
2733,false,0.8921134501326716,0.6303498667032996,-0.3713807997849602,3246
2734,false,0.892113163190796,0.6303498667032996,-Inf,3247
2735,false,0.8921117168897332,0.6303498667032996,-Inf,3248
2736,false,0.8921095888004837,0.6303498667032996,-Inf,3249
2737,false,0.8921062116004528,0.6303498667032996,-Inf,3250
2738,false,0.8921061932976841,0.6303498667032996,-0.36954025198219864,3251
2739,false,0.8921060403449804,0.6303498667032996,-0.3650939208018603,3252
2740,false,0.8921060195585093,0.6303498667032996,-0.3058451147484643,3253
2741,false,0.8921045003952989,0.6303498667032996,-Inf,3254
2742,false,0.8921033777064765,0.6303498667032996,-Inf,3255
2743,false,0.8921006274785391,0.6303498667032996,-Inf,3256
2744,false,0.8920995975039424,0.6303498667032996,-Inf,3257
2745,false,0.8920994190006296,0.6303498667032996,-Inf,3258
2746,false,0.892098157262931,0.6303498667032996,-Inf,3259
2747,false,0.8920975133457669,0.6303498667032996,-0.3865740237987254,3260
2748,false,0.8920971266504192,0.6303498667032996,-Inf,3261
2749,false,0.8920948079286908,0.6303498667032996,-0.3781447423445754,3262
2750,false,0.8920947750598933,0.6303498667032996,-0.3771460421743551,3263
2751,false,0.8920947718100791,0.6303498667032996,-0.37770986443456955,3264
2752,false,0.8920947696135343,0.6303498667032996,-0.377436454087534,3265
2753,false,0.8920947685675686,0.6303498667032996,-0.3773252650578873,3266
2754,false,0.8920947685398283,0.6303498667032996,-0.31250689007965593,3267
2755,false,0.8920939174764645,0.6303498667032996,-0.3772179294111455,3268
2756,false,0.8920938039310765,0.6303498667032996,-0.37615605309364686,3269
2757,false,0.8920937996899752,0.6303498667032996,-0.3756804220945904,3270
2758,false,0.892093799134053,0.6303498667032996,-0.37588015483081194,3271
2759,false,0.8920937990569938,0.6303498667032996,-0.375975764601972,3272
2760,false,0.8920937988611144,0.6303498667032996,-0.3759013789002523,3273
2761,false,0.8920937986643669,0.6303498667032996,-0.37591388198010023,3274
2762,false,0.8920937988216209,0.6303498667032996,-0.3089460819827372,3275
2763,false,0.8920898839021368,0.6303498667032996,-0.3769087921551608,3276
2764,false,0.8920897277784721,0.6303498667032996,-Inf,3277
2765,false,0.8920886659912204,0.6303498667032996,-0.3755881910867327,3278
2766,false,0.892088512855001,0.6303498667032996,-Inf,3279
2767,false,0.8920811519322971,0.6303498667032996,-Inf,3280
2768,false,0.892080614913007,0.6303498667032996,-Inf,3281
2769,false,0.8920802212744341,0.6303498667032996,-0.3755054389380038,3282
2770,false,0.892080160349905,0.6303498667032996,-Inf,3283
2771,false,0.8920796440455127,0.6303498667032996,-0.3782180978735873,3284
2772,false,0.8920796280981039,0.6303498667032996,-0.3771678016727037,3285
2773,false,0.8920796277357548,0.6303498667032996,-0.37735251190471075,3286
2774,false,0.8920796277739145,0.6303498667032996,-0.3772592809362203,3287
2775,false,0.8920796277893722,0.6303498667032996,-0.37721174818941183,3288
2776,false,0.8920796277807077,0.6303498667032996,-0.2995410164410459,3289
2777,false,0.8920747772349273,0.6303498667032996,-Inf,3290
2778,false,0.8920745843566575,0.6303498667032996,-0.30315620205040217,3291
2779,false,0.89207171791276,0.6303498667032996,-Inf,3292
2780,false,0.8920717039312007,0.6303498667032996,-0.3814271100312374,3293
2781,false,0.8920716369547519,0.6303498667032996,-0.37915845724832464,3294
2782,false,0.8920716357984053,0.6303498667032996,-0.3060062672062047,3295
2783,false,0.8920709244258898,0.6303498667032996,-0.37483998066893265,3296
2784,false,0.8920708205267508,0.6303498667032996,-0.30138095010828536,3297
2785,false,0.892066986512719,0.6303498667032996,-Inf,3298
2786,false,0.8920666530689492,0.6303498667032996,-0.38146414463277034,3299
2787,false,0.8920666395090651,0.6303498667032996,-0.3801591952165695,3300
2788,false,0.8920666390262055,0.6303498667032996,-0.2973932387999533,3301
2789,false,0.8920652119450339,0.6303498667032996,-0.3694667182670699,3302
2790,false,0.8920651994626805,0.6303498667032996,-0.3683779334980932,3303
2791,false,0.8920651991598783,0.6303498667032996,-0.36835628703735535,3304
2792,false,0.8920651991744422,0.6303498667032996,-0.36835607706317863,3305
2793,false,0.8920651991656254,0.6303498667032996,-0.296931608141791,3306
2794,false,0.8920640258273175,0.6303498667032996,-Inf,3307
2795,false,0.8920635567539974,0.6303498667032996,-Inf,3308
2796,false,0.8920634011797512,0.6303498667032996,-0.37183178103274983,3309
2797,false,0.8920633936947822,0.6303498667032996,-0.3700046464600979,3310
2798,false,0.8920633935713886,0.6303498667032996,-0.28909025869983995,3311
2799,false,0.8920162948120727,0.6303498667032996,-Inf,3312
2800,false,0.8920127737664605,0.6303498667032996,-Inf,3313
2801,false,0.8920127576171585,0.6303498667032996,-Inf,3314
2802,false,0.8920126942332443,0.6303498667032996,-0.3892634039333296,3315
2803,false,0.8920124953438209,0.6303498667032996,-0.3862820642710232,3316
2804,false,0.892012435387071,0.6303498667032996,-0.3842850191364672,3317
2805,false,0.8920124225833088,0.6303498667032996,-0.38377899557282524,3318
2806,false,0.8920124218598718,0.6303498667032996,-0.3834603185778581,3319
2807,false,0.8920124215742136,0.6303498667032996,-0.3833984831357664,3320
2808,false,0.8920124209366586,0.6303498667032996,-0.3833733565440206,3321
2809,false,0.8920124214133369,0.6303498667032996,-0.3833796981257487,3322
2810,false,0.8920124213654905,0.6303498667032996,-0.2924776073113897,3323
2811,false,0.8920091640099369,0.6303498667032996,-Inf,3324
2812,false,0.8920081613812657,0.6303498667032996,-Inf,3325
2813,false,0.8920067732621602,0.6303498667032996,-Inf,3326
2814,false,0.8920049468788931,0.6303498667032996,-Inf,3327
2815,false,0.8920048107636152,0.6303498667032996,-0.3996308446750134,3328
2816,false,0.8920041939405227,0.6303498667032996,-0.39195632283945925,3329
2817,false,0.8920041937792689,0.6303498667032996,-0.3903946929583284,3330
2818,false,0.8920041911536267,0.6303498667032996,-0.3907704850697804,3331
2819,false,0.8920041897512326,0.6303498667032996,-0.3904017778527825,3332
2820,false,0.8920041858966894,0.6303498667032996,-Inf,3333
2821,false,0.8920041858492371,0.6303498667032996,-0.3894599344521812,3334
2822,false,0.8920035259726251,0.6303498667032996,-Inf,3335
2823,false,0.8920034953689244,0.6303498667032996,-0.39027704725086787,3336
2824,false,0.8920034243850476,0.6303498667032996,-Inf,3337
2825,false,0.8920034240333512,0.6303498667032996,-Inf,3338
2826,false,0.892003424024937,0.6303498667032996,-0.38816281110785567,3339
2827,false,0.8920034200110964,0.6303498667032996,-0.38803485867580534,3340
2828,false,0.8920034199307667,0.6303498667032996,-0.3880314811345038,3341
2829,false,0.8920034199291801,0.6303498667032996,-0.38803134077335144,3342
2830,false,0.892003419870343,0.6303498667032996,-0.29460041693572925,3343
2831,false,0.8920021109747772,0.6303498667032996,-Inf,3344
2832,false,0.8920020695097848,0.6303498667032996,-Inf,3345
2833,false,0.8920020680642136,0.6303498667032996,-Inf,3346
2834,false,0.8920020611438189,0.6303498667032996,-0.3864213248452999,3347
2835,false,0.892001959571584,0.6303498667032996,-0.3818923503278078,3348
2836,false,0.8920019579775575,0.6303498667032996,-0.38580838793955774,3349
2837,false,0.892001957127625,0.6303498667032996,-0.2922968130681056,3350
2838,false,0.8919818148700912,0.6303498667032996,-0.38024546032768025,3351
2839,false,0.8919806459767748,0.6303498667032996,-0.3775356301544065,3352
2840,false,0.8919794708059783,0.6303498667032996,-Inf,3353
2841,false,0.8919786613865253,0.6303498667032996,-0.3808290782754421,3354
2842,false,0.8919782675377552,0.6303498667032996,-0.3767427978954464,3355
2843,false,0.8919781870526383,0.6303498667032996,-0.37517926887801734,3356
2844,false,0.8919781855510496,0.6303498667032996,-0.37491396408956357,3357
2845,false,0.89197818312785,0.6303498667032996,-0.3744059232560738,3358
2846,false,0.8919781801885771,0.6303498667032996,-0.28833755162065144,3359
2847,false,0.8919751254147932,0.6303498667032996,-0.3755503046350852,3360
2848,false,0.8919677185972742,0.6303498667032996,-0.37874512413925154,3361
2849,false,0.8919674140083519,0.6303498667032996,-0.3726550727569373,3362
2850,false,0.8919674050218109,0.6303498667032996,-0.37347831313769064,3363
2851,false,0.8919673937882145,0.6303498667032996,-0.3725459051883483,3364
2852,false,0.8919673864963655,0.6303498667032996,-0.3733133332145526,3365
2853,false,0.8919673800993146,0.6303498667032996,-0.37258187607689064,3366
2854,false,0.8919673790864724,0.6303498667032996,-0.3727117332437271,3367
2855,false,0.8919673788632149,0.6303498667032996,-0.30335556816315823,3368
2856,false,0.891956702998506,0.6303498667032996,-Inf,3369
2857,false,0.8919565782520218,0.6303498667032996,-Inf,3370
2858,false,0.8919564700293509,0.6303498667032996,-Inf,3371
2859,false,0.891956049402663,0.6303498667032996,-Inf,3372
2860,false,0.891954570028791,0.6303498667032996,-0.37740020068508695,3373
2861,false,0.8919540517871308,0.6303498667032996,-0.3739651275735766,3374
2862,false,0.8919539991441572,0.6303498667032996,-0.37236373040751924,3375
2863,false,0.8919539982418075,0.6303498667032996,-0.2796734244142066,3376
2864,false,0.8919524430600867,0.6303498667032996,-0.3726905441976893,3377
2865,false,0.891952285375819,0.6303498667032996,-0.3709557645915511,3378
2866,false,0.8919522589240421,0.6303498667032996,-0.3696277137470916,3379
2867,false,0.8919522407308595,0.6303498667032996,-0.3720100365710972,3380
2868,false,0.8919522358490268,0.6303498667032996,-0.3709702183176975,3381
2869,false,0.8919522357579603,0.6303498667032996,-0.3712005514645986,3382
2870,false,0.8919522355006403,0.6303498667032996,-0.3714706853842017,3383
2871,false,0.8919522329020038,0.6303498667032996,-0.3703488985208483,3384
2872,false,0.8919522327729525,0.6303498667032996,-0.37031206727170307,3385
2873,false,0.8919522325990411,0.6303498667032996,-0.37030471280377175,3386
2874,false,0.8919522326089984,0.6303498667032996,-0.3702682697811228,3387
2875,false,0.8919522325523996,0.6303498667032996,-0.3702533398332648,3388
2876,false,0.891952232501556,0.6303498667032996,-0.37024035383282716,3389
2877,false,0.8919522310392342,0.6303498667032996,-0.3702366798409503,3390
2878,false,0.8919522323996466,0.6303498667032996,-0.3702152518231211,3391
2879,false,0.8919522323416502,0.6303498667032996,-0.37020062026576983,3392
2880,false,0.8919522322618961,0.6303498667032996,-0.37018194841368424,3393
2881,false,0.8919522320807155,0.6303498667032996,-0.3701536046688335,3394
2882,false,0.8919522305383452,0.6303498667032996,-0.28811403268474933,3395
2883,false,0.8919484960769555,0.6303498667032996,-0.37575138050901324,3396
2884,false,0.891948068014828,0.6303498667032996,-0.3715097781320248,3397
2885,false,0.8919480639327583,0.6303498667032996,-0.37317265346751016,3398
2886,false,0.8919480487744673,0.6303498667032996,-0.2850929590908472,3399
2887,false,0.8919461524420482,0.6303498667032996,-0.37522776552877213,3400
2888,false,0.8919461312779086,0.6303498667032996,-0.3738533829384555,3401
2889,false,0.8919461151144041,0.6303498667032996,-0.3756195299953706,3402
2890,false,0.8919461098015216,0.6303498667032996,-0.3749200693963166,3403
2891,false,0.8919461019060093,0.6303498667032996,-0.37432026239426985,3404
2892,false,0.8919460954231831,0.6303498667032996,-0.37393929110275437,3405
2893,false,0.8919460921605971,0.6303498667032996,-0.37363578785434814,3406
2894,false,0.8919460895088602,0.6303498667032996,-0.37474776293912193,3407
2895,false,0.8919460893176381,0.6303498667032996,-0.37469790671674574,3408
2896,false,0.8919460889323838,0.6303498667032996,-0.37460931413142884,3409
2897,false,0.891946087685765,0.6303498667032996,-0.37355683855826327,3410
2898,false,0.89194608688018,0.6303498667032996,-0.3740702858988961,3411
2899,false,0.8919460867292794,0.6303498667032996,-0.37396207390343594,3412
2900,false,0.8919460862237734,0.6303498667032996,-0.2806440575013207,3413
2901,false,0.8919337105714709,0.6303498667032996,-Inf,3414
2902,false,0.8919287877414409,0.6303498667032996,-0.36001339963470025,3415
2903,false,0.891928746391534,0.6303498667032996,-0.3555850873210864,3416
2904,false,0.8919287340114557,0.6303498667032996,-0.3560596066341337,3417
2905,false,0.8919287336112365,0.6303498667032996,-0.35584727474632327,3418
2906,false,0.8919287329956995,0.6303498667032996,-0.2664654601892731,3419
2907,false,0.8919278597184123,0.6303498667032996,-Inf,3420
2908,false,0.8919276978934472,0.6303498667032996,-Inf,3421
2909,false,0.891927671417423,0.6303498667032996,-0.3611842841931747,3422
2910,false,0.891927664335887,0.6303498667032996,-0.3603919977905503,3423
2911,false,0.8919276603590789,0.6303498667032996,-0.36049059365332115,3424
2912,false,0.8919276596741861,0.6303498667032996,-0.3604561268399167,3425
2913,false,0.8919276602175811,0.6303498667032996,-0.3604206434778615,3426
2914,false,0.8919276602471817,0.6303498667032996,-0.265951797906288,3427
2915,false,0.8919259822947834,0.6303498667032996,-0.36548068054619387,3428
2916,false,0.8919259115048466,0.6303498667032996,-0.364788586208604,3429
2917,false,0.89192588670141,0.6303498667032996,-0.36334598567262943,3430
2918,false,0.8919258660278456,0.6303498667032996,-0.36294975465011214,3431
2919,false,0.8919258661827971,0.6303498667032996,-0.3629541628309998,3432
2920,false,0.8919258656460097,0.6303498667032996,-0.36294347173203756,3433
2921,false,0.8919258660734806,0.6303498667032996,-0.2733089487385114,3434
2922,false,0.8919253680027355,0.6303498667032996,-0.3635706759289652,3435
2923,false,0.8919253324939518,0.6303498667032996,-Inf,3436
2924,false,0.8919253080857535,0.6303498667032996,-0.3637540406027281,3437
2925,false,0.8919253049612144,0.6303498667032996,-0.3636617551517375,3438
2926,false,0.891925304632714,0.6303498667032996,-0.3637023304665903,3439
2927,false,0.8919253049502504,0.6303498667032996,-0.3636744820668294,3440
2928,false,0.8919253050291951,0.6303498667032996,-0.36369614269069417,3441
2929,false,0.8919253050098052,0.6303498667032996,-0.2700289498970835,3442
2930,false,0.8919244154638559,0.6303498667032996,-0.3659187394608978,3443
2931,false,0.8919243675142188,0.6303498667032996,-Inf,3444
2932,false,0.8919243639992154,0.6303498667032996,-0.3661340341223174,3445
2933,false,0.8919243580802638,0.6303498667032996,-0.3645855945887846,3446
2934,false,0.891924353849848,0.6303498667032996,-0.36488399394399473,3447
2935,false,0.8919243526685693,0.6303498667032996,-0.3648550134541494,3448
2936,false,0.8919243526840506,0.6303498667032996,-0.3648630343776752,3449
2937,false,0.8919243526570584,0.6303498667032996,-0.2691885228997235,3450
2938,false,0.8919196372987991,0.6303498667032996,-Inf,3451
2939,false,0.8919186914704809,0.6303498667032996,-Inf,3452
2940,false,0.8919179891227087,0.6303498667032996,-0.36835817067278287,3453
2941,false,0.8919178277472526,0.6303498667032996,-0.36756807766861976,3454
2942,false,0.8919177702321714,0.6303498667032996,-0.3647454341630688,3455
2943,false,0.8919177614531951,0.6303498667032996,-0.36597035969290737,3456
2944,false,0.8919177599989188,0.6303498667032996,-0.3654832687457805,3457
2945,false,0.891917759083041,0.6303498667032996,-0.365613682658089,3458
2946,false,0.8919177590056027,0.6303498667032996,-0.2812762148114245,3459
2947,false,0.8919128528932934,0.6303498667032996,-0.3849442911630473,3460
2948,false,0.8919128236092374,0.6303498667032996,-0.3791362839398478,3461
2949,false,0.8919128153920816,0.6303498667032996,-0.3811826284279781,3462
2950,false,0.8919128089474089,0.6303498667032996,-0.3814828081412962,3463
2951,false,0.8919128071213008,0.6303498667032996,-0.3823033716596136,3464
2952,false,0.8919128068833602,0.6303498667032996,-0.38128525132122437,3465
2953,false,0.8919128053873793,0.6303498667032996,-0.381435434372946,3466
2954,false,0.8919128056922127,0.6303498667032996,-0.38093321334204566,3467
2955,false,0.8919128055595453,0.6303498667032996,-0.3810337580903592,3468
2956,false,0.891912805671366,0.6303498667032996,-0.38149115241817044,3469
2957,false,0.891912805672216,0.6303498667032996,-0.38138936619808284,3470
2958,false,0.8919128056546709,0.6303498667032996,-0.38130387804747556,3471
2959,false,0.8919128056392371,0.6303498667032996,-0.3812399167329916,3472
2960,false,0.891912805637062,0.6303498667032996,-0.38130090671988714,3473
2961,false,0.8919128056171005,0.6303498667032996,-0.288835294001337,3474
2962,false,0.8919103365219795,0.6303498667032996,-0.386961434357879,3475
2963,false,0.8919102308551509,0.6303498667032996,-Inf,3476
2964,false,0.891910225864952,0.6303498667032996,-Inf,3477
2965,false,0.8919101798557121,0.6303498667032996,-0.3823869528020474,3478
2966,false,0.8919101734624957,0.6303498667032996,-0.3838934506348006,3479
2967,false,0.8919101724640766,0.6303498667032996,-0.38325915260151167,3480
2968,false,0.8919101715092193,0.6303498667032996,-0.3836504072228317,3481
2969,false,0.8919101703205549,0.6303498667032996,-0.3837776839111584,3482
2970,false,0.8919101699735286,0.6303498667032996,-0.38307560879632385,3483
2971,false,0.8919101696299712,0.6303498667032996,-0.38354242866192345,3484
2972,false,0.891910169465634,0.6303498667032996,-0.3834517309146226,3485
2973,false,0.8919101692370673,0.6303498667032996,-0.38364512823557695,3486
2974,false,0.891910169357147,0.6303498667032996,-0.3835361708584939,3487
2975,false,0.8919101692057623,0.6303498667032996,-0.28692069446759416,3488
2976,false,0.8919091700414832,0.6303498667032996,-Inf,3489
2977,false,0.8919090451482807,0.6303498667032996,-0.37174526071329406,3490
2978,false,0.8919090159492367,0.6303498667032996,-0.368882796433637,3491
2979,false,0.8919090130450619,0.6303498667032996,-0.36876170025025024,3492
2980,false,0.891909013156055,0.6303498667032996,-0.36875338847461936,3493
2981,false,0.8919090131526484,0.6303498667032996,-0.36875197249919467,3494
2982,false,0.8919090130413122,0.6303498667032996,-0.2763019462015375,3495
2983,false,0.8919087991961809,0.6303498667032996,-0.38058739807869824,3496
2984,false,0.89190875109621,0.6303498667032996,-0.3791751462985131,3497
2985,false,0.8919087486770997,0.6303498667032996,-0.379143032944513,3498
2986,false,0.8919087485555873,0.6303498667032996,-0.2802057010625095,3499
2987,false,0.8919085961288304,0.6303498667032996,-0.3772360435781992,3500
2988,false,0.8919085852581112,0.6303498667032996,-0.37580258607978756,3501
2989,false,0.8919085846390142,0.6303498667032996,-0.3753797266054836,3502
2990,false,0.8919085832767788,0.6303498667032996,-0.37638101462643636,3503
2991,false,0.8919085826007269,0.6303498667032996,-0.37593967200776035,3504
2992,false,0.8919085824475643,0.6303498667032996,-0.3762111527878189,3505
2993,false,0.8919085825960065,0.6303498667032996,-0.2788779155645754,3506
2994,false,0.8919083720796839,0.6303498667032996,-0.3819736194802168,3507
2995,false,0.8919083580968561,0.6303498667032996,-0.38343133462571477,3508
2996,false,0.8919083575583961,0.6303498667032996,-0.3825695720313824,3509
2997,false,0.891908357053949,0.6303498667032996,-0.38259047420566006,3510
2998,false,0.891908357102706,0.6303498667032996,-0.3825935885827465,3511
2999,false,0.8919083570877209,0.6303498667032996,-0.296760252549477,3512
3000,false,0.8919060602044186,0.6303498667032996,-0.3628676278834827,3513
3001,false,0.8919060454215116,0.6303498667032996,-0.361255518036405,3514
3002,false,0.8919060445999641,0.6303498667032996,-0.36120671334914267,3515
3003,false,0.8919060445329059,0.6303498667032996,-0.2710777623129519,3516
3004,false,0.8919026937946107,0.6303498667032996,-0.366996638042035,3517
3005,false,0.8919021074736142,0.6303498667032996,-0.3815356027555872,3518
3006,false,0.8919020937739126,0.6303498667032996,-Inf,3519
3007,false,0.8919012373954821,0.6303498667032996,-0.37924359305094935,3520
3008,false,0.891901221285189,0.6303498667032996,-0.37778315427987386,3521
3009,false,0.8919012214074427,0.6303498667032996,-0.29133248750609586,3522
3010,false,0.8919008334700501,0.6303498667032996,-0.3826096107614857,3523
3011,false,0.8919008202239557,0.6303498667032996,-0.37633270440797684,3524
3012,false,0.8919008032825355,0.6303498667032996,-0.37991035059839107,3525
3013,false,0.8919008013318914,0.6303498667032996,-0.37714645350140175,3526
3014,false,0.891900798776779,0.6303498667032996,-0.3775232369588407,3527
3015,false,0.8919007986862018,0.6303498667032996,-0.3765821365365083,3528
3016,false,0.8919007986557581,0.6303498667032996,-0.28678753566972937,3529
3017,false,0.8918974802047338,0.6303498667032996,-0.3827981467517464,3530
3018,false,0.8918974690648988,0.6303498667032996,-Inf,3531
3019,false,0.8918974678904421,0.6303498667032996,-Inf,3532
3020,false,0.8918971624935085,0.6303498667032996,-0.388692209681894,3533
3021,false,0.8918971434706333,0.6303498667032996,-0.3857973605312446,3534
3022,false,0.8918971432013607,0.6303498667032996,-0.2951444505640839,3535
3023,false,0.8918964274988603,0.6303498667032996,-0.38221326417996737,3536
3024,false,0.8918964153276381,0.6303498667032996,-0.38161635153338525,3537
3025,false,0.8918964142855148,0.6303498667032996,-0.29131261379945594,3538
3026,false,0.8918852590607771,0.6303498667032996,-Inf,3539
3027,false,0.8918852557250069,0.6303498667032996,-0.3843853546745545,3540
3028,false,0.8918852300700428,0.6303498667032996,-0.38260362479748766,3541
3029,false,0.8918852295612317,0.6303498667032996,-0.3826933988007263,3542
3030,false,0.8918852294507011,0.6303498667032996,-0.3826119021855672,3543
3031,false,0.891885229282153,0.6303498667032996,-0.28877395705314035,3544
3032,false,0.8918827311088886,0.6303498667032996,-0.2984550747888306,3545
3033,false,0.8918783325328968,0.6303498667032996,-Inf,3546
3034,false,0.891876912975009,0.6303498667032996,-0.38435896167633854,3547
3035,false,0.8918722503666608,0.6303498667032996,-0.3839212509897788,3548
3036,false,0.8918720268364557,0.6303498667032996,-0.3796811849942828,3549
3037,false,0.8918703778246202,0.6303498667032996,-0.38257795403828065,3550
3038,false,0.891870336913399,0.6303498667032996,-0.37911379757065533,3551
3039,false,0.8918703311923022,0.6303498667032996,-0.3788325352502301,3552
3040,false,0.8918703311124967,0.6303498667032996,-0.37882648377769035,3553
3041,false,0.8918703311109566,0.6303498667032996,-0.37882638409303526,3554
3042,false,0.8918703311082822,0.6303498667032996,-0.3018378254385091,3555
3043,false,0.8918688444542306,0.6303498667032996,-0.38396197084124906,3556
3044,false,0.8918688381334243,0.6303498667032996,-0.38354027011348424,3557
3045,false,0.8918688380216881,0.6303498667032996,-0.3830029550931393,3558
3046,false,0.8918688380538881,0.6303498667032996,-0.2882407084754285,3559
3047,false,0.8918654911173846,0.6303498667032996,-0.3871842231044488,3560
3048,false,0.8918654365979565,0.6303498667032996,-0.38453106775235524,3561
3049,false,0.89186543544066,0.6303498667032996,-0.384465385446335,3562
3050,false,0.8918654346852521,0.6303498667032996,-0.3844958553442518,3563
3051,false,0.8918654341082063,0.6303498667032996,-0.38450522436019785,3564
3052,false,0.891865434094981,0.6303498667032996,-0.2895347149562175,3565
3053,false,0.8918560277773101,0.6303498667032996,-0.3657331414962034,3566
3054,false,0.8918560185640516,0.6303498667032996,-0.36005893684915,3567
3055,false,0.8918543806274235,0.6303498667032996,-0.37672927689569424,3568
3056,false,0.8918543794052218,0.6303498667032996,-0.3764923496356751,3569
3057,false,0.8918543794699902,0.6303498667032996,-0.3764930281289277,3570
3058,false,0.891854379428205,0.6303498667032996,-0.3764852265304045,3571
3059,false,0.8918543794705005,0.6303498667032996,-0.2936326854493675,3572
3060,false,0.8918542852584694,0.6303498667032996,-0.3790849911935926,3573
3061,false,0.8918542850137199,0.6303498667032996,-0.3791701963431279,3574
3062,false,0.8918542849632584,0.6303498667032996,-0.3791380480491514,3575
3063,false,0.8918542849708603,0.6303498667032996,-0.2913785750119784,3576
3064,false,0.8918539539288888,0.6303498667032996,-0.2867562179248999,3577
3065,false,0.8918525343607253,0.6303498667032996,-Inf,3578
3066,false,0.8918524737575516,0.6303498667032996,-0.37264061942681115,3579
3067,false,0.8918524525569071,0.6303498667032996,-0.37146350523421257,3580
3068,false,0.891852449019888,0.6303498667032996,-0.3711959945886213,3581
3069,false,0.8918524489561022,0.6303498667032996,-0.37119256261268796,3582
3070,false,0.8918524489548004,0.6303498667032996,-0.37119254010980574,3583
3071,false,0.8918524489544108,0.6303498667032996,-0.2828589682431879,3584
3072,false,0.8918304563913063,0.6303498667032996,-Inf,3585
3073,false,0.8918270626348693,0.6303498667032996,-Inf,3586
3074,false,0.8918265232027961,0.6303498667032996,-0.3649443105992508,3587
3075,false,0.891826190735852,0.6303498667032996,-Inf,3588
3076,false,0.8918261639289184,0.6303498667032996,-0.36352203853193354,3589
3077,false,0.891826145689302,0.6303498667032996,-0.36057006175752826,3590
3078,false,0.8918261279624196,0.6303498667032996,-0.36144891057223894,3591
3079,false,0.8918261202448858,0.6303498667032996,-0.36162515337947043,3592
3080,false,0.8918261111393978,0.6303498667032996,-0.3620859669127148,3593
3081,false,0.8918261104445933,0.6303498667032996,-0.3619015637852723,3594
3082,false,0.8918261079923643,0.6303498667032996,-0.28728199579040503,3595
3083,false,0.8918241280149216,0.6303498667032996,-Inf,3596
3084,false,0.8918228228614772,0.6303498667032996,-Inf,3597
3085,false,0.8918227271892505,0.6303498667032996,-0.36546907311282295,3598
3086,false,0.8918225810903964,0.6303498667032996,-0.36209591264962304,3599
3087,false,0.8918224915866781,0.6303498667032996,-0.36340830499029075,3600
3088,false,0.8918224848154858,0.6303498667032996,-0.35881646776243237,3601
3089,false,0.8918224618016086,0.6303498667032996,-0.35823319468798065,3602
3090,false,0.8918224559544898,0.6303498667032996,-0.35843697603263935,3603
3091,false,0.8918224481240771,0.6303498667032996,-0.35797832971288335,3604
3092,false,0.8918224478076483,0.6303498667032996,-0.35969577251514206,3605
3093,false,0.891822446834259,0.6303498667032996,-0.35821533728305366,3606
3094,false,0.8918224464533485,0.6303498667032996,-0.3581845914494677,3607
3095,false,0.891822445276215,0.6303498667032996,-0.3588955208889144,3608
3096,false,0.8918224392931104,0.6303498667032996,-0.3598841911202175,3609
3097,false,0.8918224393054807,0.6303498667032996,-0.3598332695309642,3610
3098,false,0.8918224393051615,0.6303498667032996,-0.3598124532755529,3611
3099,false,0.8918224392829217,0.6303498667032996,-0.3598035321860684,3612
3100,false,0.8918224392926143,0.6303498667032996,-0.2741411363762958,3613
3101,false,0.8918216271739616,0.6303498667032996,-0.36063737017147324,3614
3102,false,0.8918214621067109,0.6303498667032996,-0.3654762430385703,3615
3103,false,0.891821453496835,0.6303498667032996,-0.36289939812199934,3616
3104,false,0.8918214439232243,0.6303498667032996,-0.36072092343091555,3617
3105,false,0.8918214395541524,0.6303498667032996,-0.3599184479102231,3618
3106,false,0.8918214345215894,0.6303498667032996,-0.36204318255653645,3619
3107,false,0.8918214309499477,0.6303498667032996,-0.3617342684074185,3620
3108,false,0.8918214289892286,0.6303498667032996,-0.3611795957295658,3621
3109,false,0.8918214285707964,0.6303498667032996,-0.36118412086991114,3622
3110,false,0.8918214283590169,0.6303498667032996,-0.27855514906080703,3623
3111,false,0.8918206329225518,0.6303498667032996,-0.3669433364285033,3624
3112,false,0.8918205747571667,0.6303498667032996,-0.36740769246499594,3625
3113,false,0.8918205049054855,0.6303498667032996,-Inf,3626
3114,false,0.891820489642432,0.6303498667032996,-0.36601235923581843,3627
3115,false,0.8918204901233107,0.6303498667032996,-0.3657631251364214,3628
3116,false,0.8918204878350132,0.6303498667032996,-Inf,3629
3117,false,0.8918204877630835,0.6303498667032996,-0.3638742816579331,3630
3118,false,0.8918204824757409,0.6303498667032996,-0.36526657728983336,3631
3119,false,0.8918204801295457,0.6303498667032996,-0.3668467177740131,3632
3120,false,0.8918204796750576,0.6303498667032996,-0.36501455929661686,3633
3121,false,0.8918204777362473,0.6303498667032996,-0.3648317681588724,3634
3122,false,0.8918204769565322,0.6303498667032996,-0.3658328054785648,3635
3123,false,0.8918204761034502,0.6303498667032996,-0.366727979739475,3636
3124,false,0.8918204754372252,0.6303498667032996,-0.36488396040056226,3637
3125,false,0.8918204752309047,0.6303498667032996,-0.365643580279324,3638
3126,false,0.891820475021964,0.6303498667032996,-0.3653067112864732,3639
3127,false,0.8918204749936578,0.6303498667032996,-0.3654152478749475,3640
3128,false,0.8918204740742032,0.6303498667032996,-0.26952063514820557,3641
3129,false,0.8918201636985869,0.6303498667032996,-0.3660940184118645,3642
3130,false,0.8918201569223108,0.6303498667032996,-0.36617515595727457,3643
3131,false,0.8918201544066119,0.6303498667032996,-0.3669823328486278,3644
3132,false,0.891820149310296,0.6303498667032996,-0.364154857979857,3645
3133,false,0.8918201455994825,0.6303498667032996,-0.366686845763901,3646
3134,false,0.8918201424947405,0.6303498667032996,-0.3653730936749212,3647
3135,false,0.8918201423348424,0.6303498667032996,-0.365254399177284,3648
3136,false,0.8918201417610014,0.6303498667032996,-0.3658005555143051,3649
3137,false,0.8918201391871401,0.6303498667032996,-0.36574894900542265,3650
3138,false,0.8918201381412181,0.6303498667032996,-0.36585152529797305,3651
3139,false,0.8918201383662828,0.6303498667032996,-0.3646119870622274,3652
3140,false,0.891820136844409,0.6303498667032996,-0.365509812421265,3653
3141,false,0.8918201372068935,0.6303498667032996,-0.36596735047002305,3654
3142,false,0.891820137071456,0.6303498667032996,-0.36621986295102615,3655
3143,false,0.8918201370189837,0.6303498667032996,-0.3655195923945228,3656
3144,false,0.8918201370232861,0.6303498667032996,-0.36563884695945004,3657
3145,false,0.891820137000064,0.6303498667032996,-0.36571046474142355,3658
3146,false,0.8918201369559219,0.6303498667032996,-0.36575052932791474,3659
3147,false,0.8918201369348772,0.6303498667032996,-0.27455855759512415,3660
3148,false,0.8918199958274122,0.6303498667032996,-Inf,3661
3149,false,0.8918199833878357,0.6303498667032996,-Inf,3662
3150,false,0.8918196516116316,0.6303498667032996,-0.36162294632561476,3663
3151,false,0.8918196321078249,0.6303498667032996,-0.36205731861357915,3664
3152,false,0.8918196110643293,0.6303498667032996,-0.3616415138999025,3665
3153,false,0.8918195886159214,0.6303498667032996,-0.35993279889100027,3666
3154,false,0.8918195796242393,0.6303498667032996,-0.35990594775052576,3667
3155,false,0.8918195719791164,0.6303498667032996,-0.3600664594439724,3668
3156,false,0.891819575209837,0.6303498667032996,-0.36045912379007383,3669
3157,false,0.8918195739171448,0.6303498667032996,-0.36090720879090465,3670
3158,false,0.8918195709050682,0.6303498667032996,-0.3609011689767049,3671
3159,false,0.8918195668805969,0.6303498667032996,-0.3608217388867305,3672
3160,false,0.8918195637606947,0.6303498667032996,-0.3609874940623341,3673
3161,false,0.8918195641991115,0.6303498667032996,-0.3612092452125796,3674
3162,false,0.8918195625644816,0.6303498667032996,-0.36117200954648654,3675
3163,false,0.8918195606107233,0.6303498667032996,-0.3612296203576597,3676
3164,false,0.8918195600891191,0.6303498667032996,-0.3613944103250718,3677
3165,false,0.89181955815096,0.6303498667032996,-0.3605059059874254,3678
3166,false,0.8918195580805208,0.6303498667032996,-0.3608155883200126,3679
3167,false,0.8918195581016974,0.6303498667032996,-0.360845931673097,3680
3168,false,0.8918195581290189,0.6303498667032996,-0.36085273679894014,3681
3169,false,0.89181955792544,0.6303498667032996,-0.36086910564143215,3682
3170,false,0.8918195574813697,0.6303498667032996,-0.3608442734025512,3683
3171,false,0.8918195574682977,0.6303498667032996,-0.2726577248511095,3684
3172,false,0.8918188385979362,0.6303498667032996,-0.37558761153912457,3685
3173,false,0.8918188273298966,0.6303498667032996,-Inf,3686
3174,false,0.8918188206104589,0.6303498667032996,-0.3765991405607805,3687
3175,false,0.8918187808067075,0.6303498667032996,-0.3782729681973407,3688
3176,false,0.8918187761837354,0.6303498667032996,-0.37741877413135094,3689
3177,false,0.8918187728854987,0.6303498667032996,-0.3770595119186957,3690
3178,false,0.891818772197644,0.6303498667032996,-0.37697632045191154,3691
3179,false,0.8918187708904467,0.6303498667032996,-0.37673831751691156,3692
3180,false,0.891818770292815,0.6303498667032996,-0.3773401441269947,3693
3181,false,0.8918187693762825,0.6303498667032996,-0.37707470175859215,3694
3182,false,0.8918187683352778,0.6303498667032996,-0.37684637636618223,3695
3183,false,0.8918187676763524,0.6303498667032996,-0.3769315482197525,3696
3184,false,0.8918187675182488,0.6303498667032996,-0.3769837209225192,3697
3185,false,0.8918187669846278,0.6303498667032996,-0.3769650043551651,3698
3186,false,0.8918187673125834,0.6303498667032996,-0.3770461849887159,3699
3187,false,0.891818766762843,0.6303498667032996,-0.28385434510668595,3700
3188,false,0.8918179263251622,0.6303498667032996,-0.36925083290976324,3701
3189,false,0.8918178892979001,0.6303498667032996,-0.36955413352517685,3702
3190,false,0.8918178686601184,0.6303498667032996,-0.3718119109911111,3703
3191,false,0.891817856003737,0.6303498667032996,-0.37076157189386805,3704
3192,false,0.8918178397180073,0.6303498667032996,-0.37129502277192783,3705
3193,false,0.891817830265,0.6303498667032996,-0.3694733761029334,3706
3194,false,0.8918178294173661,0.6303498667032996,-0.36970233719102186,3707
3195,false,0.8918178283045406,0.6303498667032996,-0.37004871278118867,3708
3196,false,0.8918178237058666,0.6303498667032996,-0.3701789622587528,3709
3197,false,0.8918178228951577,0.6303498667032996,-0.36973292196457586,3710
3198,false,0.8918178218313753,0.6303498667032996,-0.3702132854125385,3711
3199,false,0.8918178202164887,0.6303498667032996,-0.37003055120939043,3712
3200,false,0.8918178194561667,0.6303498667032996,-0.37063037332011717,3713
3201,false,0.8918178179555953,0.6303498667032996,-0.37035184444849945,3714
3202,false,0.8918178175268525,0.6303498667032996,-0.3703517522621087,3715
3203,false,0.8918178178306718,0.6303498667032996,-0.37036358575853,3716
3204,false,0.8918178177355931,0.6303498667032996,-0.37037743485164354,3717
3205,false,0.8918178175946953,0.6303498667032996,-0.37039258192753466,3718
3206,false,0.8918178172742969,0.6303498667032996,-0.29012386720371064,3719
3207,false,0.8918174086812479,0.6303498667032996,-Inf,3720
3208,false,0.8918173777099042,0.6303498667032996,-0.35908254710974885,3721
3209,false,0.8918173219735837,0.6303498667032996,-0.3614032022222372,3722
3210,false,0.8918172553458955,0.6303498667032996,-0.3615558321771921,3723
3211,false,0.8918172525059123,0.6303498667032996,-0.3611844962747428,3724
3212,false,0.891817250567584,0.6303498667032996,-0.36110440666312693,3725
3213,false,0.8918172506106977,0.6303498667032996,-0.3612385749802357,3726
3214,false,0.8918172504287081,0.6303498667032996,-0.3612070325921539,3727
3215,false,0.891817249989369,0.6303498667032996,-0.36134434659913595,3728
3216,false,0.8918172499291797,0.6303498667032996,-0.36129816611874876,3729
3217,false,0.8918172497371891,0.6303498667032996,-0.36111100406203156,3730
3218,false,0.8918172485344067,0.6303498667032996,-0.36126948380958335,3731
3219,false,0.8918172495951473,0.6303498667032996,-0.3612373812348251,3732
3220,false,0.8918172495021305,0.6303498667032996,-0.361231069010735,3733
3221,false,0.8918172495378428,0.6303498667032996,-0.36127857084283554,3734
3222,false,0.8918172494918201,0.6303498667032996,-0.2864050522981091,3735
3223,false,0.8918169101917335,0.6303498667032996,-0.3654067775606302,3736
3224,false,0.8918168625327084,0.6303498667032996,-0.3645132225473887,3737
3225,false,0.891816807821269,0.6303498667032996,-0.36328462214619905,3738
3226,false,0.8918167962470155,0.6303498667032996,-0.3638275750840294,3739
3227,false,0.8918167890455776,0.6303498667032996,-0.3638780325917982,3740
3228,false,0.8918167889280331,0.6303498667032996,-0.3639516780036858,3741
3229,false,0.891816788702056,0.6303498667032996,-0.36401877218726675,3742
3230,false,0.8918167885300555,0.6303498667032996,-0.36406947808081946,3743
3231,false,0.8918167882883805,0.6303498667032996,-0.3640968252069273,3744
3232,false,0.8918167881759395,0.6303498667032996,-0.36411071584419485,3745
3233,false,0.8918167879071321,0.6303498667032996,-0.3640534598569075,3746
3234,false,0.8918167875551772,0.6303498667032996,-0.36397491675276206,3747
3235,false,0.8918167868726345,0.6303498667032996,-0.3639375367184807,3748
3236,false,0.8918167869649789,0.6303498667032996,-0.36400957674530043,3749
3237,false,0.8918167868152054,0.6303498667032996,-0.36409859489052554,3750
3238,false,0.8918167867070845,0.6303498667032996,-0.36409237082073687,3751
3239,false,0.891816786661739,0.6303498667032996,-0.3641410742675293,3752
3240,false,0.8918167865775228,0.6303498667032996,-0.36412704894456405,3753
3241,false,0.8918167865902649,0.6303498667032996,-0.3641490754160369,3754
3242,false,0.8918167824923409,0.6303498667032996,-0.2771920016629801,3755
3243,false,0.8918166185978579,0.6303498667032996,-0.36332382243146244,3756
3244,false,0.8918165886830869,0.6303498667032996,-0.36310181096831895,3757
3245,false,0.8918165849561099,0.6303498667032996,-Inf,3758
3246,false,0.8918165800603086,0.6303498667032996,-0.36198202905668375,3759
3247,false,0.8918165797664417,0.6303498667032996,-0.3618151457942773,3760
3248,false,0.8918165787244963,0.6303498667032996,-0.36227101416312224,3761
3249,false,0.8918165763072052,0.6303498667032996,-0.3630831315967361,3762
3250,false,0.8918165748383037,0.6303498667032996,-0.36218178385562916,3763
3251,false,0.8918165730901819,0.6303498667032996,-0.36342024384751115,3764
3252,false,0.8918165726706536,0.6303498667032996,-0.3629858374588717,3765
3253,false,0.8918165723499676,0.6303498667032996,-0.36291722581838204,3766
3254,false,0.8918165724450468,0.6303498667032996,-0.36289503192735884,3767
3255,false,0.8918165722538947,0.6303498667032996,-0.3627056325596444,3768
3256,false,0.8918165719626632,0.6303498667032996,-0.36277428434200054,3769
3257,false,0.8918165720805702,0.6303498667032996,-0.3626597801214473,3770
3258,false,0.8918165720122767,0.6303498667032996,-0.2692972945547344,3771
3259,false,0.8918162150440627,0.6303498667032996,-0.3694934049869849,3772
3260,false,0.8918161702909488,0.6303498667032996,-0.3661566807838468,3773
3261,false,0.8918161326804326,0.6303498667032996,-0.3634306135007602,3774
3262,false,0.8918161295841913,0.6303498667032996,-0.36340408181952855,3775
3263,false,0.8918161249066285,0.6303498667032996,-0.36450830500096687,3776
3264,false,0.8918161232347841,0.6303498667032996,-0.36445562573215373,3777
3265,false,0.8918161209648641,0.6303498667032996,-0.3646565674912632,3778
3266,false,0.8918161202583564,0.6303498667032996,-0.364651003318173,3779
3267,false,0.8918161186702125,0.6303498667032996,-0.36482029765065727,3780
3268,false,0.8918161181855117,0.6303498667032996,-0.36411730920107577,3781
3269,false,0.8918161180819403,0.6303498667032996,-0.3649037809619663,3782
3270,false,0.8918161175221674,0.6303498667032996,-0.36459076090064046,3783
3271,false,0.8918161172342494,0.6303498667032996,-0.3644633161352251,3784
3272,false,0.8918161170373966,0.6303498667032996,-0.3646962051211746,3785
3273,false,0.8918161169792922,0.6303498667032996,-0.36462784341949983,3786
3274,false,0.8918161170289366,0.6303498667032996,-0.36474892220316135,3787
3275,false,0.8918161169933635,0.6303498667032996,-0.3647824120387756,3788
3276,false,0.8918161163106673,0.6303498667032996,-0.36462827846819845,3789
3277,false,0.8918161169225765,0.6303498667032996,-0.36463501642642004,3790
3278,false,0.8918161168476286,0.6303498667032996,-0.36443012706601174,3791
3279,false,0.8918161168390056,0.6303498667032996,-0.36442162816496093,3792
3280,false,0.89181611379357,0.6303498667032996,-0.36458296892034114,3793
3281,false,0.8918161169428287,0.6303498667032996,-0.36457723417206656,3794
3282,false,0.8918161169281765,0.6303498667032996,-0.36460757194402016,3795
3283,false,0.8918161168604979,0.6303498667032996,-0.2805973125835781,3796
3284,false,0.8918146566471805,0.6303498667032996,-0.36244810338404565,3797
3285,false,0.8918145784921583,0.6303498667032996,-0.36188564676427637,3798
3286,false,0.8918144964865754,0.6303498667032996,-0.36551761809645,3799
3287,false,0.891814474915746,0.6303498667032996,-0.3649695333345204,3800
3288,false,0.8918144577335618,0.6303498667032996,-0.3619570739521145,3801
3289,false,0.8918144507571064,0.6303498667032996,-0.36481546840567625,3802
3290,false,0.8918144484331909,0.6303498667032996,-0.36314717677083563,3803
3291,false,0.8918144347138437,0.6303498667032996,-0.36566410679411243,3804
3292,false,0.8918144343609339,0.6303498667032996,-0.3652655597498068,3805
3293,false,0.8918144338856441,0.6303498667032996,-0.3648981957435612,3806
3294,false,0.8918144330910185,0.6303498667032996,-0.3643779483449101,3807
3295,false,0.8918144330204152,0.6303498667032996,-0.3643873639723534,3808
3296,false,0.8918144326999052,0.6303498667032996,-0.36421121449797644,3809
3297,false,0.8918144320944857,0.6303498667032996,-0.3638876518198836,3810
3298,false,0.8918144319945254,0.6303498667032996,-0.364069522480317,3811
3299,false,0.8918144319060399,0.6303498667032996,-0.36387136939739984,3812
3300,false,0.8918144316209554,0.6303498667032996,-0.3640001803412828,3813
3301,false,0.8918144315665277,0.6303498667032996,-0.3638917710774787,3814
3302,false,0.8918144315583105,0.6303498667032996,-0.3638754492572782,3815
3303,false,0.891814431485574,0.6303498667032996,-0.3637998975378922,3816
3304,false,0.8918144309461399,0.6303498667032996,-0.36372877385259683,3817
3305,false,0.8918144312856054,0.6303498667032996,-0.36384901782351065,3818
3306,false,0.8918144311585203,0.6303498667032996,-0.3637777096033191,3819
3307,false,0.891814430242895,0.6303498667032996,-0.36378218890845737,3820
3308,false,0.8918144312031125,0.6303498667032996,-0.3637382280533067,3821
3309,false,0.8918144311185704,0.6303498667032996,-0.3637730739632332,3822
3310,false,0.8918144312055787,0.6303498667032996,-0.3637430139415698,3823
3311,false,0.891814431080055,0.6303498667032996,-0.3637343358541444,3824
3312,false,0.8918144310820044,0.6303498667032996,-0.3636560304737214,3825
3313,false,0.8918144298405826,0.6303498667032996,-0.36369524495822403,3826
3314,false,0.8918144310399074,0.6303498667032996,-0.27577478809404277,3827
3315,false,0.8918119328057552,0.6303498667032996,-0.3620428049225526,3828
3316,false,0.8918118416700666,0.6303498667032996,-0.35710977095750707,3829
3317,false,0.8918118078471627,0.6303498667032996,-0.35946558210469426,3830
3318,false,0.8918117851211893,0.6303498667032996,-0.36075797155013345,3831
3319,false,0.8918117845579481,0.6303498667032996,-0.3602530724450982,3832
3320,false,0.8918117831313392,0.6303498667032996,-0.3599405766650918,3833
3321,false,0.8918117829027511,0.6303498667032996,-0.35980998191139413,3834
3322,false,0.8918117827309658,0.6303498667032996,-0.3597539991184465,3835
3323,false,0.8918117826145765,0.6303498667032996,-0.35971734478716466,3836
3324,false,0.8918117824362807,0.6303498667032996,-0.3597193458950946,3837
3325,false,0.8918117824797848,0.6303498667032996,-0.35969842975282584,3838
3326,false,0.8918117824481422,0.6303498667032996,-0.2778990569926274,3839
3327,false,0.8918112242494338,0.6303498667032996,-0.3691842506673937,3840
3328,false,0.8918111729573938,0.6303498667032996,-Inf,3841
3329,false,0.8918111319547608,0.6303498667032996,-Inf,3842
3330,false,0.8918105598491363,0.6303498667032996,-0.3689569424186824,3843
3331,false,0.8918105043494052,0.6303498667032996,-0.3648759429485331,3844
3332,false,0.8918105016657609,0.6303498667032996,-0.36724732581523334,3845
3333,false,0.891810496753303,0.6303498667032996,-0.3692277025291978,3846
3334,false,0.8918104955136954,0.6303498667032996,-0.3682071253074801,3847
3335,false,0.8918104931446522,0.6303498667032996,-0.36760117701396045,3848
3336,false,0.891810492528213,0.6303498667032996,-0.3684811766318251,3849
3337,false,0.8918104919400172,0.6303498667032996,-0.36786998463122167,3850
3338,false,0.8918104918751617,0.6303498667032996,-0.36821611095813456,3851
3339,false,0.8918104911801197,0.6303498667032996,-0.36780156567383493,3852
3340,false,0.8918104916266866,0.6303498667032996,-0.3685014277519406,3853
3341,false,0.8918104914234046,0.6303498667032996,-0.36857052091839115,3854
3342,false,0.891810486432015,0.6303498667032996,-0.3680126893949808,3855
3343,false,0.8918104852756059,0.6303498667032996,-0.2818565923987757,3856
3344,false,0.8918100139361841,0.6303498667032996,-0.3770432523320463,3857
3345,false,0.8918099882789385,0.6303498667032996,-0.3771063224890612,3858
3346,false,0.8918099828698567,0.6303498667032996,-0.3777955494947247,3859
3347,false,0.891809978028388,0.6303498667032996,-0.37632528564056533,3860
3348,false,0.8918099723816598,0.6303498667032996,-0.37686654722761526,3861
3349,false,0.8918099699353492,0.6303498667032996,-0.37677977354238323,3862
3350,false,0.8918099687294418,0.6303498667032996,-0.37626255762601524,3863
3351,false,0.8918099678638494,0.6303498667032996,-0.3761544901884303,3864
3352,false,0.8918099676987868,0.6303498667032996,-0.37690828293589773,3865
3353,false,0.8918099676235739,0.6303498667032996,-0.376686989585595,3866
3354,false,0.8918099674982822,0.6303498667032996,-0.37684124854743906,3867
3355,false,0.891809967439601,0.6303498667032996,-0.3767551318178626,3868
3356,false,0.8918099673616448,0.6303498667032996,-0.3765916097796246,3869
3357,false,0.8918099670087862,0.6303498667032996,-0.37642053356750327,3870
3358,false,0.8918099669407926,0.6303498667032996,-0.3764123674588935,3871
3359,false,0.8918099667691226,0.6303498667032996,-0.293819141524694,3872
3360,false,0.8918083372882808,0.6303498667032996,-0.3737705093480589,3873
3361,false,0.8918082339310492,0.6303498667032996,-0.3784026110229243,3874
3362,false,0.8918082092828035,0.6303498667032996,-0.3743315638873106,3875
3363,false,0.8918081832113418,0.6303498667032996,-0.375750767937316,3876
3364,false,0.8918081647552808,0.6303498667032996,-0.37404568398104854,3877
3365,false,0.89180816140778,0.6303498667032996,-0.37456082223896536,3878
3366,false,0.8918081572219345,0.6303498667032996,-0.3736259273056656,3879
3367,false,0.8918081553214974,0.6303498667032996,-0.37403422335838354,3880
3368,false,0.8918081550321088,0.6303498667032996,-0.3745603101075107,3881
3369,false,0.8918081542766306,0.6303498667032996,-0.375163059011966,3882
3370,false,0.8918081522037495,0.6303498667032996,-0.3755467282670879,3883
3371,false,0.8918081514657403,0.6303498667032996,-0.3751174495234182,3884
3372,false,0.8918081511546911,0.6303498667032996,-0.3749220143772791,3885
3373,false,0.8918081505732816,0.6303498667032996,-0.37515127975309026,3886
3374,false,0.891808150545236,0.6303498667032996,-0.3749631964267137,3887
3375,false,0.8918081504777884,0.6303498667032996,-0.3745340474426755,3888
3376,false,0.8918081501755039,0.6303498667032996,-0.37517453774979825,3889
3377,false,0.8918081501639608,0.6303498667032996,-0.3750540653421416,3890
3378,false,0.8918081500414312,0.6303498667032996,-0.37494062293425934,3891
3379,false,0.8918081500772974,0.6303498667032996,-0.37509190319021046,3892
3380,false,0.8918081499747579,0.6303498667032996,-0.3749732651680505,3893
3381,false,0.8918081498361686,0.6303498667032996,-0.29505081213819395,3894
3382,false,0.8918073456493043,0.6303498667032996,-Inf,3895
3383,false,0.8918073364228433,0.6303498667032996,-Inf,3896
3384,false,0.8918071138808612,0.6303498667032996,-0.38017908063596595,3897
3385,false,0.8918070853882887,0.6303498667032996,-0.380846483721096,3898
3386,false,0.8918070791963543,0.6303498667032996,-0.3807696599036253,3899
3387,false,0.8918070764510923,0.6303498667032996,-0.380377087811575,3900
3388,false,0.8918070755486789,0.6303498667032996,-0.3806009973715493,3901
3389,false,0.8918070752724347,0.6303498667032996,-0.38057501603680255,3902
3390,false,0.8918070749539541,0.6303498667032996,-0.3806727811349633,3903
3391,false,0.8918070748963844,0.6303498667032996,-0.3806425408318197,3904
3392,false,0.8918070747388661,0.6303498667032996,-0.29719800593320966,3905
3393,false,0.8917955435924638,0.6303498667032996,-0.3911786342572934,3906
3394,false,0.8917949327425289,0.6303498667032996,-0.3860689657573262,3907
3395,false,0.8917947450113319,0.6303498667032996,-0.390233445500741,3908
3396,false,0.8917946068294684,0.6303498667032996,-0.38183912348843596,3909
3397,false,0.8917928342631418,0.6303498667032996,-0.39153679048692436,3910
3398,false,0.891792621016091,0.6303498667032996,-0.38673363182659337,3911
3399,false,0.8917924524850447,0.6303498667032996,-0.38672063692610603,3912
3400,false,0.8917924483547501,0.6303498667032996,-0.3838987106918068,3913
3401,false,0.8917924290769245,0.6303498667032996,-0.3839240347542928,3914
3402,false,0.8917924013154049,0.6303498667032996,-0.3843733658295009,3915
3403,false,0.8917923963126506,0.6303498667032996,-0.38534771099523835,3916
3404,false,0.8917923962171912,0.6303498667032996,-0.38425588114829257,3917
3405,false,0.8917923934916747,0.6303498667032996,-0.38463508582478156,3918
3406,false,0.8917923931994837,0.6303498667032996,-0.3842394245941416,3919
3407,false,0.8917923928468957,0.6303498667032996,-0.38385705440343654,3920
3408,false,0.8917923925541558,0.6303498667032996,-0.3843966311221483,3921
3409,false,0.8917923928186346,0.6303498667032996,-0.3841351967775417,3922
3410,false,0.8917923927438753,0.6303498667032996,-0.3842741435596464,3923
3411,false,0.8917923927013744,0.6303498667032996,-0.3841179260973875,3924
3412,false,0.8917923926977193,0.6303498667032996,-0.3843063836821944,3925
3413,false,0.8917923926004244,0.6303498667032996,-0.38410938721797805,3926
3414,false,0.8917923925899912,0.6303498667032996,-0.38400985173683533,3927
3415,false,0.8917923925505239,0.6303498667032996,-0.3842944303331409,3928
3416,false,0.8917923926723484,0.6303498667032996,-0.3842330505304957,3929
3417,false,0.8917923926211351,0.6303498667032996,-0.2979828575334853,3930
3418,false,0.891791629818834,0.6303498667032996,-0.3811623443113141,3931
3419,false,0.89179154844906,0.6303498667032996,-0.37965067091228444,3932
3420,false,0.8917915293638201,0.6303498667032996,-0.3812728566274799,3933
3421,false,0.8917915214235119,0.6303498667032996,-0.37987564459779843,3934
3422,false,0.8917915164566144,0.6303498667032996,-0.3797002178936729,3935
3423,false,0.891791510325725,0.6303498667032996,-0.3797622693567605,3936
3424,false,0.8917915063546625,0.6303498667032996,-0.3797848217939185,3937
3425,false,0.8917915042817376,0.6303498667032996,-0.3787595615037572,3938
3426,false,0.8917915035129161,0.6303498667032996,-0.37846016823319306,3939
3427,false,0.8917915034691828,0.6303498667032996,-0.37923659999170156,3940
3428,false,0.8917915030571862,0.6303498667032996,-0.3792229304759056,3941
3429,false,0.8917915027348302,0.6303498667032996,-0.3795507436302177,3942
3430,false,0.8917915026302478,0.6303498667032996,-0.3797314219342366,3943
3431,false,0.8917915025882346,0.6303498667032996,-0.37922649237072825,3944
3432,false,0.8917915025204737,0.6303498667032996,-0.37930753833262987,3945
3433,false,0.8917915024737851,0.6303498667032996,-0.3792827410018633,3946
3434,false,0.8917915025171969,0.6303498667032996,-0.28951842777982095,3947
3435,false,0.8917911029511466,0.6303498667032996,-Inf,3948
3436,false,0.8917910684878432,0.6303498667032996,-0.3831514483112294,3949
3437,false,0.8917910235137916,0.6303498667032996,-0.381214080396552,3950
3438,false,0.8917910144663083,0.6303498667032996,-0.38507612872443453,3951
3439,false,0.891791005018321,0.6303498667032996,-0.3839973397983577,3952
3440,false,0.8917909956714973,0.6303498667032996,-0.3846814086715695,3953
3441,false,0.8917909916015456,0.6303498667032996,-0.3837791291673026,3954
3442,false,0.8917909885321855,0.6303498667032996,-0.38319572531200996,3955
3443,false,0.8917909866006795,0.6303498667032996,-0.38517481354908845,3956
3444,false,0.8917909822792245,0.6303498667032996,-0.38416031241991777,3957
3445,false,0.8917909820780645,0.6303498667032996,-0.38372394259181597,3958
3446,false,0.8917909814478011,0.6303498667032996,-0.3829221142128101,3959
3447,false,0.8917909796145937,0.6303498667032996,-0.3821924969684548,3960
3448,false,0.8917909789432305,0.6303498667032996,-0.38280161857725337,3961
3449,false,0.891790978274722,0.6303498667032996,-0.3833717070578584,3962
3450,false,0.8917909766198351,0.6303498667032996,-0.38171865645398206,3963
3451,false,0.8917909760720742,0.6303498667032996,-0.38318912121047066,3964
3452,false,0.8917909754804051,0.6303498667032996,-0.38316955592917934,3965
3453,false,0.891790974972211,0.6303498667032996,-0.38143395734847485,3966
3454,false,0.8917909746758895,0.6303498667032996,-0.38241285478515885,3967
3455,false,0.8917909745240217,0.6303498667032996,-0.38349923539247055,3968
3456,false,0.8917909742265425,0.6303498667032996,-0.38265265046219843,3969
3457,false,0.89179097403301,0.6303498667032996,-0.3828636771350228,3970
3458,false,0.8917909740392014,0.6303498667032996,-0.3826910894014205,3971
3459,false,0.891790974000785,0.6303498667032996,-0.38343671032650484,3972
3460,false,0.8917909738237075,0.6303498667032996,-0.3824708638915717,3973
3461,false,0.8917909739100984,0.6303498667032996,-0.3828079650289056,3974
3462,false,0.8917909739302203,0.6303498667032996,-0.38354844313078096,3975
3463,false,0.8917909738311194,0.6303498667032996,-0.38317238768731166,3976
3464,false,0.8917909737631712,0.6303498667032996,-0.38310707861840554,3977
3465,false,0.8917909738235148,0.6303498667032996,-0.38325739267121994,3978
3466,false,0.8917909737812206,0.6303498667032996,-0.38320343975490057,3979
3467,false,0.8917909737760691,0.6303498667032996,-0.38311090182453145,3980
3468,false,0.8917909737378003,0.6303498667032996,-0.3830846829188387,3981
3469,false,0.8917909737701346,0.6303498667032996,-0.3825982697961636,3982
3470,false,0.8917909737172184,0.6303498667032996,-0.3822599376554394,3983
3471,false,0.8917909737175616,0.6303498667032996,-0.3829070987719416,3984
3472,false,0.8917909737364031,0.6303498667032996,-0.3827513312593427,3985
3473,false,0.8917909736557778,0.6303498667032996,-0.38328560253321664,3986
3474,false,0.8917909736636536,0.6303498667032996,-0.38303252585281866,3987
3475,false,0.8917909736412394,0.6303498667032996,-0.38277191656347365,3988
3476,false,0.8917909736217823,0.6303498667032996,-0.3836914689018972,3989
3477,false,0.89179097222706,0.6303498667032996,-0.38305155991979944,3990
3478,false,0.891790973543294,0.6303498667032996,-0.3832966150330247,3991
3479,false,0.8917909735673023,0.6303498667032996,-0.3832007096703244,3992
3480,false,0.8917909735411541,0.6303498667032996,-0.38339783468786737,3993
3481,false,0.8917909735445648,0.6303498667032996,-0.38302774955334185,3994
3482,false,0.8917909735838732,0.6303498667032996,-0.38319307837076155,3995
3483,false,0.891790973576174,0.6303498667032996,-0.38308488750340375,3996
3484,false,0.891790973531383,0.6303498667032996,-0.2869127682252719,3997
3485,false,0.8917907774817104,0.6303498667032996,-0.38779461032109164,3998
3486,false,0.8917907448327425,0.6303498667032996,-0.3880978545276892,3999
3487,false,0.8917907390397319,0.6303498667032996,-0.3890979332251854,4000
3488,false,0.8917907353594119,0.6303498667032996,-0.3881381002784582,4001
3489,false,0.8917907335312633,0.6303498667032996,-0.38905906310004645,4002
3490,false,0.8917907292654845,0.6303498667032996,-0.3888004797740583,4003
3491,false,0.8917907267384205,0.6303498667032996,-0.3882484678078294,4004
3492,false,0.8917907250845429,0.6303498667032996,-0.38852032907547174,4005
3493,false,0.8917907227049015,0.6303498667032996,-0.3884212692443568,4006
3494,false,0.8917907225223316,0.6303498667032996,-0.38811371389415106,4007
3495,false,0.8917907216150356,0.6303498667032996,-0.38857794174751403,4008
3496,false,0.891790719356045,0.6303498667032996,-0.38835141564150444,4009
3497,false,0.8917907179940596,0.6303498667032996,-0.38844546053854034,4010
3498,false,0.8917907177913212,0.6303498667032996,-0.3885078312452903,4011
3499,false,0.8917907175304427,0.6303498667032996,-0.38850043669814416,4012
3500,false,0.8917907177022554,0.6303498667032996,-0.38832965037779543,4013
3501,false,0.8917907176421204,0.6303498667032996,-0.38840751272457374,4014
3502,false,0.8917907172921994,0.6303498667032996,-0.38858470129515665,4015
3503,false,0.891790717281559,0.6303498667032996,-0.38849742282255106,4016
3504,false,0.8917907172027082,0.6303498667032996,-0.38840130091434943,4017
3505,false,0.8917907171995175,0.6303498667032996,-0.3885425193000218,4018
3506,false,0.891790717172845,0.6303498667032996,-0.3884670022998522,4019
3507,false,0.8917907168995345,0.6303498667032996,-0.3885024171134791,4020
3508,false,0.8917907168071448,0.6303498667032996,-0.38846923240854925,4021
3509,false,0.8917907167505482,0.6303498667032996,-0.3884129621124698,4022
3510,false,0.8917907166820224,0.6303498667032996,-0.388484260317982,4023
3511,false,0.8917907166412733,0.6303498667032996,-0.38846658797581535,4024
3512,false,0.8917907166472778,0.6303498667032996,-0.388560024131692,4025
3513,false,0.8917907166673691,0.6303498667032996,-0.3885431875298895,4026
3514,false,0.8917907165563452,0.6303498667032996,-0.38849621751315055,4027
3515,false,0.8917907166663204,0.6303498667032996,-0.3885302661644223,4028
3516,false,0.8917907166159817,0.6303498667032996,-0.3885428833038449,4029
3517,false,0.8917907166623231,0.6303498667032996,-0.3885074401134646,4030
3518,false,0.8917907165668482,0.6303498667032996,-0.3884920669025881,4031
3519,false,0.8917907165821776,0.6303498667032996,-0.2944942202229289,4032
3520,false,0.8917902028022824,0.6303498667032996,-0.38164117006531795,4033
3521,false,0.8917901956895504,0.6303498667032996,-0.3828154527306873,4034
3522,false,0.8917901893007363,0.6303498667032996,-0.3812487693876616,4035
3523,false,0.8917901885343404,0.6303498667032996,-0.3818648206664417,4036
3524,false,0.8917901866549276,0.6303498667032996,-0.38106318371965453,4037
3525,false,0.8917901798489952,0.6303498667032996,-0.3784550925127721,4038
3526,false,0.8917901785368441,0.6303498667032996,-0.3814163953351253,4039
3527,false,0.8917901783010511,0.6303498667032996,-0.3811177926036531,4040
3528,false,0.8917901726814719,0.6303498667032996,-0.38040441362510946,4041
3529,false,0.8917901756432856,0.6303498667032996,-0.38170066456970697,4042
3530,false,0.8917901743195534,0.6303498667032996,-0.3808333044138189,4043
3531,false,0.8917901737884951,0.6303498667032996,-0.3813931605669926,4044
3532,false,0.8917901718362677,0.6303498667032996,-0.3823327154888335,4045
3533,false,0.8917901716284813,0.6303498667032996,-0.3819212293413168,4046
3534,false,0.8917901714572967,0.6303498667032996,-0.38184990315556744,4047
3535,false,0.891790171425487,0.6303498667032996,-0.3816859796710137,4048
3536,false,0.8917901713297051,0.6303498667032996,-0.38149329843492097,4049
3537,false,0.8917901713495874,0.6303498667032996,-0.3820951227537056,4050
3538,false,0.8917901711811211,0.6303498667032996,-0.38163142237539116,4051
3539,false,0.8917901713275503,0.6303498667032996,-0.3821124623862996,4052
3540,false,0.8917901712261703,0.6303498667032996,-0.3818814573412411,4053
3541,false,0.8917901713231896,0.6303498667032996,-0.38201567530144076,4054
3542,false,0.8917901679665334,0.6303498667032996,-0.38153325046256903,4055
3543,false,0.8917901713169243,0.6303498667032996,-0.381929822614707,4056
3544,false,0.8917901711881913,0.6303498667032996,-0.3819053614989354,4057
3545,false,0.8917901712234745,0.6303498667032996,-0.38151524478365273,4058
3546,false,0.8917901712718455,0.6303498667032996,-0.381668254852233,4059
3547,false,0.8917901712651735,0.6303498667032996,-0.3816941509734453,4060
3548,false,0.8917901712100872,0.6303498667032996,-0.381473957737673,4061
3549,false,0.891790171172159,0.6303498667032996,-0.2858607286854198,4062
3550,false,0.8917899557078436,0.6303498667032996,-Inf,4063
3551,false,0.8917899189190219,0.6303498667032996,-0.3807373103854844,4064
3552,false,0.8917899089458077,0.6303498667032996,-0.37984240072653996,4065
3553,false,0.8917898910404051,0.6303498667032996,-0.3793293166209638,4066
3554,false,0.8917898757677164,0.6303498667032996,-0.3794440610876425,4067
3555,false,0.8917898725292288,0.6303498667032996,-0.37788799960658404,4068
3556,false,0.8917898718441688,0.6303498667032996,-0.37805516592657473,4069
3557,false,0.8917898716684651,0.6303498667032996,-0.37869151023795466,4070
3558,false,0.8917898679791931,0.6303498667032996,-0.37975268729551237,4071
3559,false,0.8917898660022413,0.6303498667032996,-0.3807334687979814,4072
3560,false,0.8917898653405235,0.6303498667032996,-0.37942382609763003,4073
3561,false,0.8917898637318026,0.6303498667032996,-0.37917824409429135,4074
3562,false,0.8917898591076328,0.6303498667032996,-0.3796408675498544,4075
3563,false,0.8917898584025022,0.6303498667032996,-0.37985636590488214,4076
3564,false,0.8917898581080392,0.6303498667032996,-0.37946131842774955,4077
3565,false,0.8917898578884021,0.6303498667032996,-0.38006111329914216,4078
3566,false,0.8917898577736011,0.6303498667032996,-0.3800337460961477,4079
3567,false,0.8917898578223965,0.6303498667032996,-0.3797864780050031,4080
3568,false,0.8917898577534298,0.6303498667032996,-0.37944172496868545,4081
3569,false,0.8917898575420182,0.6303498667032996,-0.3797773622486871,4082
3570,false,0.8917898572957756,0.6303498667032996,-0.37981067400149104,4083
3571,false,0.8917898574346456,0.6303498667032996,-0.3796654871849551,4084
3572,false,0.8917898573800306,0.6303498667032996,-0.3798095013157118,4085
3573,false,0.8917898573164356,0.6303498667032996,-0.3796542342350373,4086
3574,false,0.8917898572593403,0.6303498667032996,-0.37964570498377537,4087
3575,false,0.8917898572415854,0.6303498667032996,-0.3800353278536974,4088
3576,false,0.8917898572474481,0.6303498667032996,-0.37978001107974757,4089
3577,false,0.8917898571803947,0.6303498667032996,-0.3793784888229915,4090
3578,false,0.8917898570572812,0.6303498667032996,-0.3794895174303975,4091
3579,false,0.8917898567127428,0.6303498667032996,-0.37991959810413634,4092
3580,false,0.8917898564820306,0.6303498667032996,-0.37984858824809864,4093
3581,false,0.8917898564603463,0.6303498667032996,-0.37967179849051824,4094
3582,false,0.8917898564306057,0.6303498667032996,-0.37941848604573003,4095
3583,false,0.8917898531092949,0.6303498667032996,-0.28574365552030967,4096
3584,false,0.8917888851209216,0.6303498667032996,-0.3801996398939673,4097
3585,false,0.8917888524447852,0.6303498667032996,-0.3795830279407142,4098
3586,false,0.8917888035263002,0.6303498667032996,-0.37930400989359825,4099
3587,false,0.8917887912824093,0.6303498667032996,-0.3791205607013025,4100
3588,false,0.8917887832938182,0.6303498667032996,-0.37931563777906374,4101
3589,false,0.8917887822549367,0.6303498667032996,-0.37918863858742646,4102
3590,false,0.8917887771567665,0.6303498667032996,-0.37925756918171416,4103
3591,false,0.8917887766912727,0.6303498667032996,-0.379185799021037,4104
3592,false,0.8917887766555388,0.6303498667032996,-0.3791765423235973,4105
3593,false,0.8917887766899047,0.6303498667032996,-0.3791783338550714,4106
3594,false,0.8917887766394538,0.6303498667032996,-0.2834234401793462,4107
3595,false,0.8917886901646406,0.6303498667032996,-0.37798848775999205,4108
3596,false,0.8917886275149363,0.6303498667032996,-0.37914094279757715,4109
3597,false,0.8917886131161031,0.6303498667032996,-0.37843354990071987,4110
3598,false,0.8917886065980012,0.6303498667032996,-0.3780974722207977,4111
3599,false,0.8917886055817016,0.6303498667032996,-0.37811704010865876,4112
3600,false,0.8917886054498796,0.6303498667032996,-0.37813477062198864,4113
3601,false,0.89178860534205,0.6303498667032996,-0.3781501246491933,4114
3602,false,0.8917886051571653,0.6303498667032996,-0.37816255366791207,4115
3603,false,0.8917886051875097,0.6303498667032996,-0.3781745277319082,4116
3604,false,0.891788604741325,0.6303498667032996,-0.3781856821461358,4117
3605,false,0.8917886050037566,0.6303498667032996,-0.37820291925960714,4118
3606,false,0.8917886047926814,0.6303498667032996,-0.27946681393596184,4119
3607,false,0.8917838340359218,0.6303498667032996,-0.39104043319979087,4120
3608,false,0.891783498394593,0.6303498667032996,-0.3813287776231945,4121
3609,false,0.8917833745257397,0.6303498667032996,-0.38259711118446305,4122
3610,false,0.891783221814454,0.6303498667032996,-0.38138651257827394,4123
3611,false,0.8917832189847112,0.6303498667032996,-0.3821603298529903,4124
3612,false,0.8917832150249321,0.6303498667032996,-0.3823529954671985,4125
3613,false,0.8917832149195075,0.6303498667032996,-0.38051286115351446,4126
3614,false,0.8917832126704267,0.6303498667032996,-0.3819247012296457,4127
3615,false,0.891783212325521,0.6303498667032996,-0.38164053032636125,4128
3616,false,0.8917832103989296,0.6303498667032996,-0.38080311246990295,4129
3617,false,0.8917832112315727,0.6303498667032996,-0.38204169738650073,4130
3618,false,0.891783210813799,0.6303498667032996,-0.38155127118427157,4131
3619,false,0.8917832104166613,0.6303498667032996,-0.381712714204435,4132
3620,false,0.891783210319395,0.6303498667032996,-0.3816674480087343,4133
3621,false,0.8917832102912355,0.6303498667032996,-0.3817960454776177,4134
3622,false,0.891783210271264,0.6303498667032996,-0.3815278927276603,4135
3623,false,0.8917832098653717,0.6303498667032996,-0.38177018665774054,4136
3624,false,0.8917832102828575,0.6303498667032996,-0.3818097653489366,4137
3625,false,0.8917832102707479,0.6303498667032996,-0.38175205489248665,4138
3626,false,0.8917832102671772,0.6303498667032996,-0.38185193639959036,4139
3627,false,0.8917832102384651,0.6303498667032996,-0.381681127961242,4140
3628,false,0.8917832102552867,0.6303498667032996,-0.30210653447629965,4141
3629,false,0.8917819298389145,0.6303498667032996,-0.3786336942112236,4142
3630,false,0.8917818110622611,0.6303498667032996,-0.3777128732226058,4143
3631,false,0.8917817982781973,0.6303498667032996,-0.3765799710301043,4144
3632,false,0.8917817908305207,0.6303498667032996,-0.3776403404171075,4145
3633,false,0.891781788812148,0.6303498667032996,-0.37756284934814754,4146
3634,false,0.8917817880073513,0.6303498667032996,-0.3771882797095514,4147
3635,false,0.8917817874963366,0.6303498667032996,-0.3775798894886774,4148
3636,false,0.8917817867061573,0.6303498667032996,-0.3772331889433673,4149
3637,false,0.8917817871782957,0.6303498667032996,-0.377473058733231,4150
3638,false,0.8917817858439123,0.6303498667032996,-0.29573363884580917,4151
3639,false,0.8917814891040434,0.6303498667032996,-0.37961174082379123,4152
3640,false,0.891781464471677,0.6303498667032996,-0.37918015192623766,4153
3641,false,0.8917814547279808,0.6303498667032996,-0.38023878703824,4154
3642,false,0.8917814487548446,0.6303498667032996,-0.3789320055498686,4155
3643,false,0.8917814449632996,0.6303498667032996,-0.3795252925637064,4156
3644,false,0.891781439101499,0.6303498667032996,-0.3793738498118787,4157
3645,false,0.8917814386254149,0.6303498667032996,-0.3791266622077166,4158
3646,false,0.8917814382673703,0.6303498667032996,-0.3793867160309765,4159
3647,false,0.8917814378235916,0.6303498667032996,-0.37926628037237364,4160
3648,false,0.8917814377202844,0.6303498667032996,-0.37940577771779394,4161
3649,false,0.8917814374417812,0.6303498667032996,-0.3793805742963918,4162
3650,false,0.8917814374640706,0.6303498667032996,-0.37928987730097996,4163
3651,false,0.8917814374576675,0.6303498667032996,-0.3793050461068541,4164
3652,false,0.8917814374076223,0.6303498667032996,-0.3794664598827775,4165
3653,false,0.8917814374147568,0.6303498667032996,-0.37936129763526205,4166
3654,false,0.8917814374054565,0.6303498667032996,-0.29228349006386867,4167
3655,false,0.8917808214007291,0.6303498667032996,-Inf,4168
3656,false,0.8917805367207944,0.6303498667032996,-Inf,4169
3657,false,0.8917796703228165,0.6303498667032996,-0.37883392415304673,4170
3658,false,0.8917794550842848,0.6303498667032996,-0.37669638665848626,4171
3659,false,0.8917794411653561,0.6303498667032996,-0.37662308386521826,4172
3660,false,0.8917794193432365,0.6303498667032996,-0.3772735679143344,4173
3661,false,0.891779412683347,0.6303498667032996,-0.3769347816454848,4174
3662,false,0.8917794114553462,0.6303498667032996,-0.3766717044452529,4175
3663,false,0.891779410266846,0.6303498667032996,-0.37685548534323643,4176
3664,false,0.8917794093738962,0.6303498667032996,-0.37695165670560815,4177
3665,false,0.8917794083749973,0.6303498667032996,-0.376906753264739,4178
3666,false,0.8917794081311712,0.6303498667032996,-0.2943549353710777,4179
3667,false,0.8917790278779318,0.6303498667032996,-0.3754465746789849,4180
3668,false,0.8917790032694158,0.6303498667032996,-0.37589784986460073,4181
3669,false,0.8917789977478967,0.6303498667032996,-0.37696204173358916,4182
3670,false,0.8917789796820571,0.6303498667032996,-0.37559755853110177,4183
3671,false,0.8917789716851812,0.6303498667032996,-0.3758135316993392,4184
3672,false,0.8917789667449064,0.6303498667032996,-0.37598886064495807,4185
3673,false,0.8917789654736674,0.6303498667032996,-0.37534744098829065,4186
3674,false,0.8917789629894936,0.6303498667032996,-0.37559338493859296,4187
3675,false,0.8917789625376792,0.6303498667032996,-0.37562297269652634,4188
3676,false,0.8917789615330755,0.6303498667032996,-0.375719869924943,4189
3677,false,0.891778960289482,0.6303498667032996,-0.3754547769222477,4190
3678,false,0.8917789600224256,0.6303498667032996,-0.3752729645926556,4191
3679,false,0.891778960000336,0.6303498667032996,-0.3755492969536921,4192
3680,false,0.8917789596815351,0.6303498667032996,-0.37560366909834786,4193
3681,false,0.8917789592686807,0.6303498667032996,-0.37574546894234184,4194
3682,false,0.8917789589913814,0.6303498667032996,-0.3756230372701549,4195
3683,false,0.8917789592105909,0.6303498667032996,-0.3756432201369688,4196
3684,false,0.8917789591069286,0.6303498667032996,-0.37568441266684516,4197
3685,false,0.8917789590495024,0.6303498667032996,-0.3756759472273665,4198
3686,false,0.8917789590598673,0.6303498667032996,-0.37567013061177257,4199
3687,false,0.8917789590795646,0.6303498667032996,-0.3756681067440182,4200
3688,false,0.8917789590120869,0.6303498667032996,-0.3756862784474705,4201
3689,false,0.8917789590309988,0.6303498667032996,-0.3756261855081995,4202
3690,false,0.891778959076095,0.6303498667032996,-0.37567321068335824,4203
3691,false,0.8917789590145934,0.6303498667032996,-0.28691573385843483,4204
3692,false,0.8917786544042318,0.6303498667032996,-0.3812658333526139,4205
3693,false,0.8917786344334072,0.6303498667032996,-0.3816427089105209,4206
3694,false,0.8917786250303243,0.6303498667032996,-0.38218119491149194,4207
3695,false,0.8917786238220764,0.6303498667032996,-0.3804633376511559,4208
3696,false,0.8917786204767998,0.6303498667032996,-0.3813715794650643,4209
3697,false,0.8917786202264206,0.6303498667032996,-0.38108414569118043,4210
3698,false,0.8917786189359158,0.6303498667032996,-0.3811264484792374,4211
3699,false,0.891778617891112,0.6303498667032996,-0.3812218257565303,4212
3700,false,0.8917786176037023,0.6303498667032996,-0.3816238851465613,4213
3701,false,0.891778617095916,0.6303498667032996,-0.38164528844002354,4214
3702,false,0.8917786170379989,0.6303498667032996,-0.38110580164765806,4215
3703,false,0.8917786168021221,0.6303498667032996,-0.381279837082373,4216
3704,false,0.8917786164969826,0.6303498667032996,-0.3815439423052184,4217
3705,false,0.8917786164855972,0.6303498667032996,-0.3815221530326949,4218
3706,false,0.8917786164230486,0.6303498667032996,-0.3814955078918266,4219
3707,false,0.8917786163042826,0.6303498667032996,-0.3814690590713673,4220
3708,false,0.8917786163833635,0.6303498667032996,-0.3815083691662148,4221
3709,false,0.8917786163928433,0.6303498667032996,-0.3815220149316032,4222
3710,false,0.8917786164246471,0.6303498667032996,-0.38150847240604246,4223
3711,false,0.8917786164049774,0.6303498667032996,-0.3814987383349765,4224
3712,false,0.8917786163095092,0.6303498667032996,-0.29389903788820604,4225
3713,false,0.8917782370484104,0.6303498667032996,-0.37755779451510696,4226
3714,false,0.8917781735894508,0.6303498667032996,-0.3758846267531384,4227
3715,false,0.8917781677429769,0.6303498667032996,-0.3760615565307365,4228
3716,false,0.8917781506763477,0.6303498667032996,-0.37542586379984455,4229
3717,false,0.8917781427849026,0.6303498667032996,-0.37535837981211684,4230
3718,false,0.8917781354247041,0.6303498667032996,-0.37583209042480414,4231
3719,false,0.8917781284229015,0.6303498667032996,-0.3744054903295856,4232
3720,false,0.8917781254345973,0.6303498667032996,-0.37530539292384457,4233
3721,false,0.8917781266260557,0.6303498667032996,-0.3754422534008742,4234
3722,false,0.8917781263706837,0.6303498667032996,-0.37505273543305373,4235
3723,false,0.8917781261060169,0.6303498667032996,-0.3751644824147977,4236
3724,false,0.8917781258033268,0.6303498667032996,-0.37545645921679993,4237
3725,false,0.8917781256079085,0.6303498667032996,-0.375344632105329,4238
3726,false,0.8917781251774256,0.6303498667032996,-0.3754283902040251,4239
3727,false,0.8917781250800603,0.6303498667032996,-0.37557149112099686,4240
3728,false,0.8917781249886886,0.6303498667032996,-0.37564526959840505,4241
3729,false,0.8917781247816375,0.6303498667032996,-0.37535388631485844,4242
3730,false,0.8917781244207876,0.6303498667032996,-0.37564671660455895,4243
3731,false,0.891778124659152,0.6303498667032996,-0.37553063153738686,4244
3732,false,0.8917781245529,0.6303498667032996,-0.3755741617820716,4245
3733,false,0.8917781243057099,0.6303498667032996,-0.3755552246101479,4246
3734,false,0.8917781245765173,0.6303498667032996,-0.28404510622225665,4247
3735,false,0.8917780105113778,0.6303498667032996,-0.38283831792687395,4248
3736,false,0.8917779968800422,0.6303498667032996,-0.3833333281881083,4249
3737,false,0.8917779816882552,0.6303498667032996,-0.37998470711103116,4250
3738,false,0.8917779722500435,0.6303498667032996,-0.3826033416466844,4251
3739,false,0.8917779721461131,0.6303498667032996,-0.3820867312279398,4252
3740,false,0.8917779626782296,0.6303498667032996,-0.3815754546695661,4253
3741,false,0.8917779607264702,0.6303498667032996,-0.38137129361756195,4254
3742,false,0.8917779589909292,0.6303498667032996,-0.3811390182259484,4255
3743,false,0.8917779570467549,0.6303498667032996,-0.3825480130299387,4256
3744,false,0.8917779561622291,0.6303498667032996,-0.3818861295473025,4257
3745,false,0.8917779559578687,0.6303498667032996,-0.3818724059523737,4258
3746,false,0.8917779552868746,0.6303498667032996,-0.38148228542312845,4259
3747,false,0.8917779548481977,0.6303498667032996,-0.38175505125439424,4260
3748,false,0.8917779546934735,0.6303498667032996,-0.38156893782306944,4261
3749,false,0.8917779545267712,0.6303498667032996,-0.3817806246945592,4262
3750,false,0.8917779544956171,0.6303498667032996,-0.381603300307379,4263
3751,false,0.8917779544436865,0.6303498667032996,-0.38147900523682265,4264
3752,false,0.8917779543922194,0.6303498667032996,-0.3816574694005951,4265
3753,false,0.8917779543209297,0.6303498667032996,-0.38159693316934673,4266
3754,false,0.8917779543621782,0.6303498667032996,-0.3816023267748374,4267
3755,false,0.8917779543012648,0.6303498667032996,-0.38161957240759403,4268
3756,false,0.8917779543050544,0.6303498667032996,-0.3817395363240368,4269
3757,false,0.891777954242761,0.6303498667032996,-0.3815734717468181,4270
3758,false,0.8917779542782862,0.6303498667032996,-0.38159033633777895,4271
3759,false,0.8917779538742283,0.6303498667032996,-0.38165189956597034,4272
3760,false,0.8917779542312206,0.6303498667032996,-0.2918568056248878,4273
3761,false,0.8917777393962247,0.6303498667032996,-0.3821760536920972,4274
3762,false,0.8917777334182615,0.6303498667032996,-0.3825750271624986,4275
3763,false,0.8917777244040515,0.6303498667032996,-0.38242909673274206,4276
3764,false,0.8917777203533221,0.6303498667032996,-0.3828234380589759,4277
3765,false,0.8917777171215326,0.6303498667032996,-0.38250214884639533,4278
3766,false,0.8917777160652883,0.6303498667032996,-0.38265499048249574,4279
3767,false,0.8917777137335904,0.6303498667032996,-0.3822817396500239,4280
3768,false,0.8917777124280791,0.6303498667032996,-0.38226462283811047,4281
3769,false,0.8917777109184597,0.6303498667032996,-0.38237025299675154,4282
3770,false,0.8917777097764787,0.6303498667032996,-0.38274768839004003,4283
3771,false,0.8917777095175285,0.6303498667032996,-0.3825577941900029,4284
3772,false,0.8917777086705494,0.6303498667032996,-0.3822673526613889,4285
3773,false,0.8917777085172123,0.6303498667032996,-0.3824177146790606,4286
3774,false,0.8917777080189881,0.6303498667032996,-0.38246719269261775,4287
3775,false,0.8917777078001119,0.6303498667032996,-0.3823893547926266,4288
3776,false,0.8917777068913296,0.6303498667032996,-0.3824513275873124,4289
3777,false,0.8917777067831878,0.6303498667032996,-0.38240302755787337,4290
3778,false,0.8917777067342827,0.6303498667032996,-0.3825537366052376,4291
3779,false,0.8917777073734672,0.6303498667032996,-0.38247329002395736,4292
3780,false,0.8917777072288146,0.6303498667032996,-0.3824171250455918,4293
3781,false,0.8917777064629142,0.6303498667032996,-0.3824016435315949,4294
3782,false,0.8917777073257596,0.6303498667032996,-0.38245600264986934,4295
3783,false,0.8917777073094864,0.6303498667032996,-0.3824182503509408,4296
3784,false,0.8917777072668862,0.6303498667032996,-0.38239647233517604,4297
3785,false,0.8917777072605878,0.6303498667032996,-0.3824550835451328,4298
3786,false,0.8917777072546935,0.6303498667032996,-0.3824183273435734,4299
3787,false,0.8917777071963613,0.6303498667032996,-0.3823564519541759,4300
3788,false,0.8917777071889572,0.6303498667032996,-0.3824293208941124,4301
3789,false,0.8917777071374823,0.6303498667032996,-0.2941807987182522,4302
3790,false,0.8917776580847557,0.6303498667032996,-0.38106766129386804,4303
3791,false,0.8917776441798532,0.6303498667032996,-0.3817285920078227,4304
3792,false,0.8917776395571674,0.6303498667032996,-0.38308921681054364,4305
3793,false,0.8917776380841452,0.6303498667032996,-0.3821090651405491,4306
3794,false,0.8917776354315073,0.6303498667032996,-0.38154747992984117,4307
3795,false,0.8917776342579457,0.6303498667032996,-0.38078410370753824,4308
3796,false,0.8917776339341292,0.6303498667032996,-0.3809489342401349,4309
3797,false,0.8917776331060683,0.6303498667032996,-0.38154219602529693,4310
3798,false,0.8917776321354159,0.6303498667032996,-0.3816556473199556,4311
3799,false,0.8917776315672876,0.6303498667032996,-0.38150988257472207,4312
3800,false,0.8917776314156889,0.6303498667032996,-0.38164404899846627,4313
3801,false,0.8917776313319772,0.6303498667032996,-0.3812872339343484,4314
3802,false,0.8917776313817265,0.6303498667032996,-0.38172784339327537,4315
3803,false,0.8917776313275002,0.6303498667032996,-0.3815649669588158,4316
3804,false,0.8917776312265133,0.6303498667032996,-0.3816319481998032,4317
3805,false,0.8917776311483548,0.6303498667032996,-0.38158108762522447,4318
3806,false,0.8917776311850455,0.6303498667032996,-0.38147179615928517,4319
3807,false,0.8917776311492706,0.6303498667032996,-0.3816692306477083,4320
3808,false,0.8917776311148414,0.6303498667032996,-0.38155161460698217,4321
3809,false,0.8917776297253788,0.6303498667032996,-0.381624519029927,4322
3810,false,0.8917776311121367,0.6303498667032996,-0.381629381806208,4323
3811,false,0.8917776310596571,0.6303498667032996,-0.2868580630889571,4324
3812,false,0.8917773461154853,0.6303498667032996,-0.37893578128803684,4325
3813,false,0.8917772846441785,0.6303498667032996,-0.3786339473806277,4326
3814,false,0.8917772775752002,0.6303498667032996,-0.37866258151864685,4327
3815,false,0.8917772680351289,0.6303498667032996,-0.3777477318323518,4328
3816,false,0.8917772479950127,0.6303498667032996,-0.3780558244045159,4329
3817,false,0.8917772457673017,0.6303498667032996,-0.37801215341365,4330
3818,false,0.8917772432299274,0.6303498667032996,-0.3786595178907568,4331
3819,false,0.891777237734681,0.6303498667032996,-0.37770421073368343,4332
3820,false,0.8917772370971213,0.6303498667032996,-0.37819578813597965,4333
3821,false,0.8917772368049406,0.6303498667032996,-0.3780757456121392,4334
3822,false,0.891777234131456,0.6303498667032996,-0.37810348709046804,4335
3823,false,0.8917772329910301,0.6303498667032996,-0.37775333266495825,4336
3824,false,0.8917772330025753,0.6303498667032996,-0.3782360687952575,4337
3825,false,0.8917772328132357,0.6303498667032996,-0.3779033937037132,4338
3826,false,0.8917772327045087,0.6303498667032996,-0.3783569199764497,4339
3827,false,0.8917772324294857,0.6303498667032996,-0.37762831894439053,4340
3828,false,0.8917772324015125,0.6303498667032996,-0.3782332075284973,4341
3829,false,0.8917772323522624,0.6303498667032996,-0.37808378980761814,4342
3830,false,0.8917772323038486,0.6303498667032996,-0.37801558492275744,4343
3831,false,0.891777232193774,0.6303498667032996,-0.3780139991711293,4344
3832,false,0.891777231956749,0.6303498667032996,-0.3783128562527094,4345
3833,false,0.8917772313332268,0.6303498667032996,-0.3780575563669657,4346
3834,false,0.8917772318248829,0.6303498667032996,-0.3781199775424766,4347
3835,false,0.8917772318802855,0.6303498667032996,-0.3781302854207804,4348
3836,false,0.8917772305562374,0.6303498667032996,-0.3781409516949953,4349
3837,false,0.8917772315293226,0.6303498667032996,-0.37801480469591564,4350
3838,false,0.8917772316518391,0.6303498667032996,-0.37820655859929586,4351
3839,false,0.89177723160714,0.6303498667032996,-0.37823203146247475,4352
3840,false,0.8917772316546411,0.6303498667032996,-0.37816394221411964,4353
3841,false,0.8917772316563611,0.6303498667032996,-0.37790055022473923,4354
3842,false,0.8917772315817181,0.6303498667032996,-0.378037856255238,4355
3843,false,0.8917772316140522,0.6303498667032996,-0.37803847277546754,4356
3844,false,0.8917772315195185,0.6303498667032996,-0.37802997401215865,4357
3845,false,0.8917772315849954,0.6303498667032996,-0.3781491341438725,4358
3846,false,0.891777231586662,0.6303498667032996,-0.378108452478506,4359
3847,false,0.8917772315423664,0.6303498667032996,-0.286450291693209,4360
3848,false,0.8917772062519677,0.6303498667032996,-0.3771739504499888,4361
3849,false,0.8917772004459037,0.6303498667032996,-0.37720482094974184,4362
3850,false,0.8917771969930677,0.6303498667032996,-0.3781784004279116,4363
3851,false,0.8917771939392702,0.6303498667032996,-0.3783130397731391,4364
3852,false,0.8917771928796185,0.6303498667032996,-0.3775824812508517,4365
3853,false,0.8917771927548633,0.6303498667032996,-0.37753335682994693,4366
3854,false,0.8917771910829275,0.6303498667032996,-0.37789958015357783,4367
3855,false,0.8917771906609678,0.6303498667032996,-0.3772679995705678,4368
3856,false,0.8917771903979983,0.6303498667032996,-0.37820981979657287,4369
3857,false,0.8917771902287036,0.6303498667032996,-0.3781152239855132,4370
3858,false,0.891777189691876,0.6303498667032996,-0.37750300309471396,4371
3859,false,0.8917771892972298,0.6303498667032996,-0.37725808391912896,4372
3860,false,0.8917771891070373,0.6303498667032996,-0.377890430278939,4373
3861,false,0.8917771889588899,0.6303498667032996,-0.3778447174371804,4374
3862,false,0.8917771890193434,0.6303498667032996,-0.37755836487472216,4375
3863,false,0.8917771881114871,0.6303498667032996,-0.37733334541968366,4376
3864,false,0.8917771887480338,0.6303498667032996,-0.3775160878405629,4377
3865,false,0.891777188528854,0.6303498667032996,-0.3773575903732621,4378
3866,false,0.8917771885174296,0.6303498667032996,-0.3773407832536637,4379
3867,false,0.8917771884786192,0.6303498667032996,-0.3772986448078113,4380
3868,false,0.8917771884312505,0.6303498667032996,-0.3775988488367037,4381
3869,false,0.8917771884001031,0.6303498667032996,-0.3773681333435367,4382
3870,false,0.8917771871722402,0.6303498667032996,-0.3776975726147913,4383
3871,false,0.8917771884469501,0.6303498667032996,-0.37754258965268184,4384
3872,false,0.8917771883851543,0.6303498667032996,-0.3775901716435154,4385
3873,false,0.8917771883955485,0.6303498667032996,-0.377447959407349,4386
3874,false,0.8917771872898839,0.6303498667032996,-0.37754578878500955,4387
3875,false,0.8917771883423604,0.6303498667032996,-0.37750670098402384,4388
3876,false,0.8917771883862304,0.6303498667032996,-0.3774062173382484,4389
3877,false,0.8917771882954303,0.6303498667032996,-0.3776243358154001,4390
3878,false,0.8917771883845634,0.6303498667032996,-0.37748904967398234,4391
3879,false,0.8917771878594283,0.6303498667032996,-0.377534549388685,4392
3880,false,0.8917771882908515,0.6303498667032996,-0.3775188913100328,4393
3881,false,0.8917771883421656,0.6303498667032996,-0.3774469782935137,4394
3882,false,0.8917771883201746,0.6303498667032996,-0.28971715013070165,4395
3883,false,0.8917770814428998,0.6303498667032996,-0.38020706740956545,4396
3884,false,0.8917770728969605,0.6303498667032996,-0.3796817842969096,4397
3885,false,0.8917770689574527,0.6303498667032996,-0.380019218004916,4398
3886,false,0.89177706544672,0.6303498667032996,-0.38013544980499026,4399
3887,false,0.8917770639276772,0.6303498667032996,-0.37954913353303255,4400
3888,false,0.8917770644442591,0.6303498667032996,-0.37887325101898206,4401
3889,false,0.8917770630454607,0.6303498667032996,-0.37929046057041393,4402
3890,false,0.8917770619730435,0.6303498667032996,-0.3799610706818476,4403
3891,false,0.891777061250662,0.6303498667032996,-0.37882229719743377,4404
3892,false,0.8917770598849447,0.6303498667032996,-0.37867350014348267,4405
3893,false,0.8917770605607264,0.6303498667032996,-0.3793140870833326,4406
3894,false,0.8917770604032895,0.6303498667032996,-0.3789926608903402,4407
3895,false,0.8917770601500916,0.6303498667032996,-0.37927380843479774,4408
3896,false,0.8917770596563054,0.6303498667032996,-0.37946718375969524,4409
3897,false,0.8917770594624362,0.6303498667032996,-0.3794416253312408,4410
3898,false,0.8917770594637455,0.6303498667032996,-0.3791671906389651,4411
3899,false,0.8917770554882989,0.6303498667032996,-0.3795433882356043,4412
3900,false,0.8917770592162616,0.6303498667032996,-0.3793856836526791,4413
3901,false,0.8917770586609807,0.6303498667032996,-0.3795384229994653,4414
3902,false,0.8917770591474518,0.6303498667032996,-0.37899209996686023,4415
3903,false,0.8917770591224845,0.6303498667032996,-0.3793660057749064,4416
3904,false,0.8917770590710714,0.6303498667032996,-0.37919706233236683,4417
3905,false,0.891777058909743,0.6303498667032996,-0.3793116532229356,4418
3906,false,0.8917770590389399,0.6303498667032996,-0.3794763943667393,4419
3907,false,0.8917770589754164,0.6303498667032996,-0.3792802829611299,4420
3908,false,0.8917770589228954,0.6303498667032996,-0.3791350306847322,4421
3909,false,0.891777058978517,0.6303498667032996,-0.3793354202508641,4422
3910,false,0.8917770589723379,0.6303498667032996,-0.37936850210774775,4423
3911,false,0.8917770589714934,0.6303498667032996,-0.29077602460910035,4424
3912,false,0.8917760222050787,0.6303498667032996,-0.37389248301851286,4425
3913,false,0.8917759360903793,0.6303498667032996,-0.3741977617207678,4426
3914,false,0.8917759305641377,0.6303498667032996,-0.3735283421627331,4427
3915,false,0.8917759279739065,0.6303498667032996,-0.3737014162356308,4428
3916,false,0.8917759257809759,0.6303498667032996,-0.37340280969771933,4429
3917,false,0.8917759257210903,0.6303498667032996,-0.3734749927113291,4430
3918,false,0.8917759254543798,0.6303498667032996,-0.37347993124666234,4431
3919,false,0.8917759237230611,0.6303498667032996,-0.3734944727356164,4432
3920,false,0.8917759251729611,0.6303498667032996,-0.3735211341979887,4433
3921,false,0.8917759251638441,0.6303498667032996,-0.37353218661014087,4434
3922,false,0.8917759250930016,0.6303498667032996,-0.3735296677212735,4435
3923,false,0.8917759250802576,0.6303498667032996,-0.373564393408358,4436
3924,false,0.8917759250073231,0.6303498667032996,-0.37355487830257006,4437
3925,false,0.8917759250191097,0.6303498667032996,-0.37355147643002695,4438
3926,false,0.8917759249425573,0.6303498667032996,-0.28476070679503096,4439
3927,false,0.8917599106222376,0.6303498667032996,-0.37488619439051196,4440
3928,false,0.8917597312520825,0.6303498667032996,-0.3704055299512937,4441
3929,false,0.8917596547997015,0.6303498667032996,-0.37115375587746424,4442
3930,false,0.8917596526679852,0.6303498667032996,-0.3709178058909668,4443
3931,false,0.8917596507223003,0.6303498667032996,-0.37041387907563206,4444
3932,false,0.8917596478136784,0.6303498667032996,-0.3698839266612317,4445
3933,false,0.8917596478527857,0.6303498667032996,-0.37023643935685546,4446
3934,false,0.8917596477025748,0.6303498667032996,-0.3700892164449834,4447
3935,false,0.8917596476284264,0.6303498667032996,-0.37013856226925546,4448
3936,false,0.8917596475836241,0.6303498667032996,-0.29416475569093603,4449
3937,false,0.8917569196414953,0.6303498667032996,-0.38379015120360715,4450
3938,false,0.8917566951071239,0.6303498667032996,-0.3789911151500567,4451
3939,false,0.8917566913777144,0.6303498667032996,-0.376477777089001,4452
3940,false,0.8917566907739468,0.6303498667032996,-0.37961421268127415,4453
3941,false,0.8917566880966366,0.6303498667032996,-0.37912240315012546,4454
3942,false,0.8917566836939405,0.6303498667032996,-0.29155437406250795,4455
3943,false,0.89175562813954,0.6303498667032996,-0.37616206617385395,4456
3944,false,0.8917554704874393,0.6303498667032996,-0.37603386033875785,4457
3945,false,0.8917554559415665,0.6303498667032996,-0.3741406217580393,4458
3946,false,0.891755442100001,0.6303498667032996,-0.37340045141017497,4459
3947,false,0.8917554413976816,0.6303498667032996,-0.3735621774430916,4460
3948,false,0.8917554409682997,0.6303498667032996,-0.37363749759434994,4461
3949,false,0.8917554407490567,0.6303498667032996,-0.3736870435227493,4462
3950,false,0.8917554406943042,0.6303498667032996,-0.37371859041489586,4463
3951,false,0.8917554405372583,0.6303498667032996,-0.3737209472791023,4464
3952,false,0.8917554405856829,0.6303498667032996,-0.3737527993745917,4465
3953,false,0.8917554405029999,0.6303498667032996,-0.29137229203122406,4466
3954,false,0.89175524232318,0.6303498667032996,-Inf,4467
3955,false,0.891755236257732,0.6303498667032996,-0.38498434985990937,4468
3956,false,0.8917551194815652,0.6303498667032996,-Inf,4469
3957,false,0.8917551168215855,0.6303498667032996,-0.38201637746210315,4470
3958,false,0.8917551149946723,0.6303498667032996,-0.38298647319081347,4471
3959,false,0.8917551147636671,0.6303498667032996,-0.3825274318291554,4472
3960,false,0.8917551136274827,0.6303498667032996,-0.38305124331805585,4473
3961,false,0.8917551130891364,0.6303498667032996,-0.38278714448933404,4474
3962,false,0.8917551129116992,0.6303498667032996,-0.3827548786896824,4475
3963,false,0.8917551128563583,0.6303498667032996,-0.38274700438544595,4476
3964,false,0.8917551128163125,0.6303498667032996,-0.3827392252911873,4477
3965,false,0.8917551128236106,0.6303498667032996,-0.38275460815761286,4478
3966,false,0.8917551128196195,0.6303498667032996,-0.2967931987915299,4479
3967,false,0.8917513160655053,0.6303498667032996,-0.39051907176259637,4480
3968,false,0.891751248010976,0.6303498667032996,-0.3866648318708149,4481
3969,false,0.8917512189097354,0.6303498667032996,-0.3884544293732075,4482
3970,false,0.891751214842322,0.6303498667032996,-0.38663747064223564,4483
3971,false,0.8917512119150156,0.6303498667032996,-0.38580978395233567,4484
3972,false,0.8917512103324898,0.6303498667032996,-0.3863948136400732,4485
3973,false,0.891751210670769,0.6303498667032996,-0.38632059000747443,4486
3974,false,0.8917512110675438,0.6303498667032996,-0.3863877971201395,4487
3975,false,0.8917512113906223,0.6303498667032996,-0.3864200584546158,4488
3976,false,0.8917512080797927,0.6303498667032996,-0.38664098136583513,4489
3977,false,0.8917512111762419,0.6303498667032996,-0.38625556955272555,4490
3978,false,0.8917512110643078,0.6303498667032996,-0.3866498585164295,4491
3979,false,0.8917512111240838,0.6303498667032996,-0.38659134849471777,4492
3980,false,0.8917512111269188,0.6303498667032996,-0.38655305923132854,4493
3981,false,0.8917512074032663,0.6303498667032996,-0.3862213311096303,4494
3982,false,0.8917512111033566,0.6303498667032996,-0.2936773781721279,4495
3983,false,0.8917503005533042,0.6303498667032996,-0.3945262813770829,4496
3984,false,0.8917502566145631,0.6303498667032996,-0.3903052026855002,4497
3985,false,0.891750252346734,0.6303498667032996,-0.39209019200932316,4498
3986,false,0.8917502499681534,0.6303498667032996,-Inf,4499
3987,false,0.8917502501645478,0.6303498667032996,-Inf,4500
3988,false,0.8917502501577599,0.6303498667032996,-0.3930362243640335,4501
3989,false,0.8917502482270137,0.6303498667032996,-0.3927780018494458,4502
3990,false,0.8917502479407419,0.6303498667032996,-0.393266923952876,4503
3991,false,0.8917502475685595,0.6303498667032996,-0.3930161573840971,4504
3992,false,0.8917502479722197,0.6303498667032996,-0.39319364635890536,4505
3993,false,0.8917502479946989,0.6303498667032996,-0.39309592809502003,4506
3994,false,0.8917502479537431,0.6303498667032996,-0.3931008772822111,4507
3995,false,0.8917502479307525,0.6303498667032996,-0.39291779633919977,4508
3996,false,0.8917502479716899,0.6303498667032996,-0.3930316798922999,4509
3997,false,0.8917502476206761,0.6303498667032996,-0.3930636254720955,4510
3998,false,0.8917502474656751,0.6303498667032996,-0.39297645253952274,4511
3999,false,0.8917502479570361,0.6303498667032996,-0.39297104539661976,4512
4000,false,0.8917502479740786,0.6303498667032996,-0.3930601817289059,4513
4001,false,0.8917502479375445,0.6303498667032996,-0.3931360712342382,4514
4002,false,0.8917502466481804,0.6303498667032996,-0.29781052891702786,4515
4003,false,0.8917490444841746,0.6303498667032996,-0.3851963131176218,4516
4004,false,0.8917489516160794,0.6303498667032996,-0.38428339471106876,4517
4005,false,0.891748948172137,0.6303498667032996,-0.38369013400067864,4518
4006,false,0.8917489464138895,0.6303498667032996,-0.383516166204662,4519
4007,false,0.8917489460740349,0.6303498667032996,-0.3840304119794231,4520
4008,false,0.8917489443280348,0.6303498667032996,-0.3841062103619203,4521
4009,false,0.8917489451224675,0.6303498667032996,-0.29325092636730876,4522
4010,false,0.8917406095644205,0.6303498667032996,-Inf,4523
4011,false,0.8917406067064794,0.6303498667032996,-0.3814302531110567,4524
4012,false,0.89173711973981,0.6303498667032996,-0.3836307038867002,4525
4013,false,0.8917321129775198,0.6303498667032996,-Inf,4526
4014,false,0.8917321090714837,0.6303498667032996,-0.3589841181357124,4527
4015,false,0.8917313747000317,0.6303498667032996,-Inf,4528
4016,false,0.8917304166542572,0.6303498667032996,-0.3544984277756935,4529
4017,false,0.8917255959874115,0.6303498667032996,-0.3664718475389632,4530
4018,false,0.8917238866445447,0.6303498667032996,-0.276693923780444,4531
4019,false,0.891723147325358,0.6303498667032996,-0.3667389681558654,4532
4020,false,0.891717662060715,0.6303498667032996,-Inf,4533
4021,false,0.8917174178045139,0.6303498667032996,-0.35062394447085443,4534
4022,false,0.8917113747979757,0.6303498667032996,-Inf,4535
4023,false,0.8917089512068807,0.6303498667032996,-0.3517231566916106,4536
4024,false,0.8917065452434598,0.6303498667032996,-0.3575635191648483,4537
4025,false,0.8917051134595698,0.6303498667032996,-0.3670773647042208,4538
4026,false,0.8917027490201614,0.6303498667032996,-Inf,4539
4027,false,0.8917026506077579,0.6303498667032996,-0.37346766200608217,4540
4028,false,0.891701606544188,0.6303498667032996,-0.3664752882373633,4541
4029,false,0.8917010481126657,0.6303498667032996,-0.3698112904384021,4542
4030,false,0.891699690023088,0.6303498667032996,-0.3719839046789247,4543
4031,false,0.8916879601537868,0.6303498667032996,-Inf,4544
4032,false,0.89168785179011,0.6303498667032996,-0.3760072300618216,4545
4033,false,0.8916852968525633,0.6303498667032996,-0.3642477885488913,4546
4034,false,0.8916845724649948,0.6303498667032996,-0.36359763246052845,4547
4035,false,0.8916843100272853,0.6303498667032996,-0.3630198325357785,4548
4036,false,0.8916823433448144,0.6303498667032996,-Inf,4549
4037,false,0.8916823219480587,0.6303498667032996,-Inf,4550
4038,false,0.8916823106328093,0.6303498667032996,-0.35944830035949216,4551
4039,false,0.8916814324143983,0.6303498667032996,-0.2831441396719345,4552
4040,false,0.8916800726539384,0.6303498667032996,-0.28759608593233343,4553
4041,false,0.8916794658531613,0.6303498667032996,-0.3685027761236146,4554
4042,false,0.8916661276539466,0.6303498667032996,-Inf,4555
4043,false,0.8916658228995922,0.6303498667032996,-0.3585918125056744,4556
4044,false,0.8916594670242448,0.6303498667032996,-0.34827825166204707,4557
4045,false,0.8916522270018432,0.6303498667032996,-0.2984740992725783,4558
4046,false,0.8916516415751926,0.6303498667032996,-Inf,4559
4047,false,0.8916513157679784,0.6303498667032996,-0.3644563614765035,4560
4048,false,0.8916432624035346,0.6303498667032996,-0.3741148419641407,4561
4049,false,0.8916408128743606,0.6303498667032996,-0.3790304644746514,4562
4050,false,0.8916407813381635,0.6303498667032996,-0.3743545217182491,4563
4051,false,0.8916407797965863,0.6303498667032996,-0.37426940680073895,4564
4052,false,0.891640779616522,0.6303498667032996,-0.30098719178993694,4565
4053,false,0.8916391405450175,0.6303498667032996,-0.383516160506443,4566
4054,false,0.8916390998488692,0.6303498667032996,-0.37906955638346673,4567
4055,false,0.8916390963751999,0.6303498667032996,-0.3796066374587639,4568
4056,false,0.8916390960654555,0.6303498667032996,-0.3047553654578786,4569
4057,false,0.8916390960752807,0.6303498667032996,-0.3792314106366026,4570
4058,false,0.8916390959846593,0.6303498667032996,-0.3045307098258422,4571
4059,false,0.8916383557587673,0.6303498667032996,-0.37709150076440734,4572
4060,false,0.8916383516039701,0.6303498667032996,-0.37649230739695594,4573
4061,false,0.8916383515670055,0.6303498667032996,-0.3765011754859299,4574
4062,false,0.8916383516030143,0.6303498667032996,-0.30261350306286927,4575
4063,false,0.891627876771165,0.6303498667032996,-0.379572002306267,4576
4064,false,0.891627744529202,0.6303498667032996,-Inf,4577
4065,false,0.8916253937646634,0.6303498667032996,-0.37755458612381476,4578
4066,false,0.8916253324072764,0.6303498667032996,-0.3758674358541185,4579
4067,false,0.8916253319357375,0.6303498667032996,-0.3758569471797113,4580
4068,false,0.8916253309032647,0.6303498667032996,-0.37588656457549463,4581
4069,false,0.8916253319163476,0.6303498667032996,-0.30009693904483603,4582
4070,false,0.8916237382323164,0.6303498667032996,-Inf,4583
4071,false,0.8916225273141596,0.6303498667032996,-0.3620554892445613,4584
4072,false,0.8916013071833587,0.6303498667032996,-0.32211355224252536,4585
4073,false,0.8915998225516429,0.6303498667032996,-0.3817724270447994,4586
4074,false,0.8915952959407147,0.6303498667032996,-0.39077291073980613,4587
4075,false,0.8915950407355913,0.6303498667032996,-0.3866298994129339,4588
4076,false,0.8915950349995256,0.6303498667032996,-0.38594131257029485,4589
4077,false,0.8915950326530595,0.6303498667032996,-0.3859887894283588,4590
4078,false,0.8915950310116694,0.6303498667032996,-0.31934515917266904,4591
4079,false,0.8915931182803696,0.6303498667032996,-0.37800223372098474,4592
4080,false,0.8915930522745877,0.6303498667032996,-Inf,4593
4081,false,0.8915930140059043,0.6303498667032996,-0.37823064642159043,4594
4082,false,0.891593010604705,0.6303498667032996,-0.3782895678415248,4595
4083,false,0.8915929938392964,0.6303498667032996,-0.37671821229821933,4596
4084,false,0.8915929934637052,0.6303498667032996,-0.3780880433487068,4597
4085,false,0.8915929926696828,0.6303498667032996,-0.37697289081569085,4598
4086,false,0.8915929925593887,0.6303498667032996,-0.3772142909195345,4599
4087,false,0.8915929924550843,0.6303498667032996,-0.3773858953746022,4600
4088,false,0.8915929923789134,0.6303498667032996,-0.3774725578931699,4601
4089,false,0.8915929923974395,0.6303498667032996,-0.37753291936614586,4602
4090,false,0.8915929923596422,0.6303498667032996,-0.37758238325794835,4603
4091,false,0.8915929923497489,0.6303498667032996,-0.37762466669467265,4604
4092,false,0.8915929923314152,0.6303498667032996,-0.37766172173765955,4605
4093,false,0.8915929916613688,0.6303498667032996,-0.37769904894850603,4606
4094,false,0.8915929914954988,0.6303498667032996,-0.37772841024487436,4607
4095,false,0.8915929921676299,0.6303498667032996,-0.30825403729843703,4608
4096,false,0.8915912847561178,0.6303498667032996,-0.39668407127773403,4609
4097,false,0.891591229872039,0.6303498667032996,-0.3949837325321568,4610
4098,false,0.8915912297791259,0.6303498667032996,-0.3949903250578065,4611
4099,false,0.8915912296679549,0.6303498667032996,-0.3949917342961182,4612
4100,false,0.8915912297404044,0.6303498667032996,-0.31931369716647395,4613
4101,false,0.8915904856969028,0.6303498667032996,-0.39737738121165544,4614
4102,false,0.8915904806236363,0.6303498667032996,-0.3964248722737521,4615
4103,false,0.891590480231853,0.6303498667032996,-0.3272525237510716,4616
4104,false,0.8915900364891178,0.6303498667032996,-0.3995477773427538,4617
4105,false,0.8915900316447586,0.6303498667032996,-0.3984713451913854,4618
4106,false,0.8915900313082593,0.6303498667032996,-0.3984354465762888,4619
4107,false,0.8915900314675752,0.6303498667032996,-0.3275168583440694,4620
4108,false,0.891589720970261,0.6303498667032996,-Inf,4621
4109,false,0.8915895065096545,0.6303498667032996,-0.4035995523061602,4622
4110,false,0.8915895003592861,0.6303498667032996,-0.40153683467921786,4623
4111,false,0.8915895002624422,0.6303498667032996,-0.3302936252696804,4624
4112,false,0.8915892374040869,0.6303498667032996,-0.3985594258272436,4625
4113,false,0.8915892315552116,0.6303498667032996,-0.3994487095309657,4626
4114,false,0.8915892295033769,0.6303498667032996,-0.3995312914079596,4627
4115,false,0.8915892294856156,0.6303498667032996,-0.328666108505298,4628
4116,false,0.8915888982713425,0.6303498667032996,-0.3968489520471693,4629
4117,false,0.891588884041942,0.6303498667032996,-0.3261343326510988,4630
4118,false,0.891585067864259,0.6303498667032996,-0.3899391683041673,4631
4119,false,0.8915850578074341,0.6303498667032996,-0.3901317652310171,4632
4120,false,0.891585056884935,0.6303498667032996,-0.3896677352021146,4633
4121,false,0.8915850567196155,0.6303498667032996,-0.38989069421011924,4634
4122,false,0.8915850567334878,0.6303498667032996,-0.389788168925722,4635
4123,false,0.8915850567138662,0.6303498667032996,-0.32691065674668796,4636
4124,false,0.8915847063905661,0.6303498667032996,-0.39167309739624534,4637
4125,false,0.8915846861487311,0.6303498667032996,-0.3904955402317005,4638
4126,false,0.8915846853890372,0.6303498667032996,-0.3316496107348703,4639
4127,false,0.8915841437301397,0.6303498667032996,-0.3905206607632419,4640
4128,false,0.8915841375124143,0.6303498667032996,-0.3237953192021119,4641
4129,false,0.891583872833994,0.6303498667032996,-Inf,4642
4130,false,0.8915834731214718,0.6303498667032996,-Inf,4643
4131,false,0.8915829845977462,0.6303498667032996,-0.3882705405304244,4644
4132,false,0.8915529426268287,0.6303498667032996,-0.389135998599603,4645
4133,false,0.8915527812923446,0.6303498667032996,-0.38620966073053997,4646
4134,false,0.8915527745150147,0.6303498667032996,-0.3120427437544484,4647
4135,false,0.8915516129923083,0.6303498667032996,-0.38637343324911977,4648
4136,false,0.8915515141997572,0.6303498667032996,-0.384613894636352,4649
4137,false,0.8915514893317362,0.6303498667032996,-0.38435739565031435,4650
4138,false,0.8915514713228044,0.6303498667032996,-0.2990255618883727,4651
4139,false,0.8915511360938968,0.6303498667032996,-Inf,4652
4140,false,0.8915510252892961,0.6303498667032996,-0.38688201669715994,4653
4141,false,0.8915510014195183,0.6303498667032996,-0.38445827114020203,4654
4142,false,0.891550998760387,0.6303498667032996,-0.30720639858232734,4655
4143,false,0.8915323439852569,0.6303498667032996,-0.4029659711378937,4656
4144,false,0.8915261858604517,0.6303498667032996,-Inf,4657
4145,false,0.8915246810686754,0.6303498667032996,-0.30861710295457834,4658
4146,false,0.891523871407149,0.6303498667032996,-0.3908627381863856,4659
4147,false,0.8915219068610929,0.6303498667032996,-0.4056719357445422,4660
4148,false,0.8915217038021335,0.6303498667032996,-0.3961395577265595,4661
4149,false,0.8915013363040187,0.6303498667032996,-0.4125981833406267,4662
4150,false,0.8915004215445381,0.6303498667032996,-0.40835855282839784,4663
4151,false,0.8914978437972516,0.6303498667032996,-Inf,4664
4152,false,0.891497804747368,0.6303498667032996,-0.4112889702200787,4665
4153,false,0.8914929523602153,0.6303498667032996,-0.4127170814757706,4666
4154,false,0.8914924937813208,0.6303498667032996,-0.41468794822606775,4667
4155,false,0.8914816800522816,0.6303498667032996,-0.41434048888850195,4668
4156,false,0.8914812639774685,0.6303498667032996,-0.4070526689650557,4669
4157,false,0.891481162629391,0.6303498667032996,-0.4062811838383307,4670
4158,false,0.8914811446726266,0.6303498667032996,-0.4054776830450924,4671
4159,false,0.8914811390879057,0.6303498667032996,-0.40762832586974523,4672
4160,false,0.8914811317777653,0.6303498667032996,-0.40593460849723684,4673
4161,false,0.8914811271602385,0.6303498667032996,-0.4056554641776744,4674
4162,false,0.8914811254896029,0.6303498667032996,-0.4052219240785613,4675
4163,false,0.8914811246219121,0.6303498667032996,-0.4053117357693048,4676
4164,false,0.8914811243352128,0.6303498667032996,-0.40493946501166317,4677
4165,false,0.8914811193582627,0.6303498667032996,-0.32690859210691026,4678
4166,false,0.8914787089265481,0.6303498667032996,-0.4127798875163171,4679
4167,false,0.891478404352253,0.6303498667032996,-0.41660153493742613,4680
4168,false,0.8914708395180586,0.6303498667032996,-0.4072772567561277,4681
4169,false,0.8914704785336958,0.6303498667032996,-0.40588283903310574,4682
4170,false,0.8914703093282166,0.6303498667032996,-0.40789845851516304,4683
4171,false,0.8914700374273917,0.6303498667032996,-Inf,4684
4172,false,0.8914695214362526,0.6303498667032996,-0.4040563242546312,4685
4173,false,0.891468382042567,0.6303498667032996,-0.4043370138811969,4686
4174,false,0.8914596513055698,0.6303498667032996,-0.41305092430515883,4687
4175,false,0.8914594272657838,0.6303498667032996,-0.4108517340372041,4688
4176,false,0.8914569268303534,0.6303498667032996,-0.4092340631225959,4689
4177,false,0.8914536647570381,0.6303498667032996,-Inf,4690
4178,false,0.8914532059706484,0.6303498667032996,-0.40940177416089174,4691
4179,false,0.8914531792269722,0.6303498667032996,-0.406183865963587,4692
4180,false,0.8914531059665957,0.6303498667032996,-Inf,4693
4181,false,0.8914531008730682,0.6303498667032996,-Inf,4694
4182,false,0.8914530834222922,0.6303498667032996,-Inf,4695
4183,false,0.8914530053018673,0.6303498667032996,-0.4117398211925877,4696
4184,false,0.8914512721836685,0.6303498667032996,-0.4075729708601985,4697
4185,false,0.8914511536520799,0.6303498667032996,-0.4089684754590235,4698
4186,false,0.8914511471155668,0.6303498667032996,-0.40853833793142513,4699
4187,false,0.8914511398649858,0.6303498667032996,-0.40763101479335134,4700
4188,false,0.8914511353653385,0.6303498667032996,-0.40851460827748376,4701
4189,false,0.89145113510821,0.6303498667032996,-0.40844715806927834,4702
4190,false,0.8914511347007528,0.6303498667032996,-0.4083235787838344,4703
4191,false,0.8914511344787961,0.6303498667032996,-0.40825849574670414,4704
4192,false,0.8914511343239843,0.6303498667032996,-0.4082153542736685,4705
4193,false,0.8914511341517142,0.6303498667032996,-0.4081968806173659,4706
4194,false,0.8914511340091791,0.6303498667032996,-0.4081311994888337,4707
4195,false,0.8914511340113354,0.6303498667032996,-0.31117914123741564,4708
4196,false,0.891440153481772,0.6303498667032996,-0.39216061176277917,4709
4197,false,0.8914366707223382,0.6303498667032996,-0.39744319067411604,4710
4198,false,0.891436155034872,0.6303498667032996,-0.39937113173518085,4711
4199,false,0.8914344792271209,0.6303498667032996,-0.3953781674966801,4712
4200,false,0.8914332459722416,0.6303498667032996,-0.30948050106072134,4713
4201,false,0.8914314159706547,0.6303498667032996,-0.40131722555786864,4714
4202,false,0.8914312165282754,0.6303498667032996,-0.3996471956923575,4715
4203,false,0.8914311757678752,0.6303498667032996,-0.3991726352445193,4716
4204,false,0.8914311716413754,0.6303498667032996,-0.3991332618879535,4717
4205,false,0.8914311710068018,0.6303498667032996,-0.39912684756882566,4718
4206,false,0.891431170768646,0.6303498667032996,-0.3991358499459643,4719
4207,false,0.8914311709058413,0.6303498667032996,-0.3039753107684149,4720
4208,false,0.8914310001151702,0.6303498667032996,-0.4072372835544791,4721
4209,false,0.891430961355522,0.6303498667032996,-0.40751711730595375,4722
4210,false,0.8914309291878847,0.6303498667032996,-0.3047704577759477,4723
4211,false,0.8914093371695779,0.6303498667032996,-0.40098901803694265,4724
4212,false,0.8914091777465519,0.6303498667032996,-0.3996326359053234,4725
4213,false,0.8914091765792502,0.6303498667032996,-0.3995232967642197,4726
4214,false,0.8914091765058118,0.6303498667032996,-0.3995152787666946,4727
4215,false,0.8914091763622883,0.6303498667032996,-0.32492817834381904,4728
4216,false,0.8914067478866035,0.6303498667032996,-0.3996514426810702,4729
4217,false,0.8914066035482537,0.6303498667032996,-0.3968590789719899,4730
4218,false,0.8914065154183648,0.6303498667032996,-0.39380078411500374,4731
4219,false,0.8914064942907995,0.6303498667032996,-0.39621649738427434,4732
4220,false,0.891406485709521,0.6303498667032996,-0.39548221796399785,4733
4221,false,0.8914064701556772,0.6303498667032996,-0.3964083114583923,4734
4222,false,0.8914064683705643,0.6303498667032996,-0.3968136089675458,4735
4223,false,0.8914064674166664,0.6303498667032996,-0.39615649223825566,4736
4224,false,0.8914064668056754,0.6303498667032996,-0.3962653189477572,4737
4225,false,0.8914064661769415,0.6303498667032996,-0.3963164501159373,4738
4226,false,0.8914064655075369,0.6303498667032996,-0.39603173555694104,4739
4227,false,0.891406464874476,0.6303498667032996,-0.39575107755829153,4740
4228,false,0.8914064647215865,0.6303498667032996,-0.3959354050127405,4741
4229,false,0.8914064646260303,0.6303498667032996,-0.39585736416414713,4742
4230,false,0.8914064637781376,0.6303498667032996,-0.39640179794507624,4743
4231,false,0.891406464385925,0.6303498667032996,-0.39599812494007236,4744
4232,false,0.8914064641625635,0.6303498667032996,-0.3958871207939684,4745
4233,false,0.891406463971848,0.6303498667032996,-0.3957809584118084,4746
4234,false,0.8914064638283892,0.6303498667032996,-0.3957969682447253,4747
4235,false,0.8914064637871107,0.6303498667032996,-0.32837154220682396,4748
4236,false,0.8914059845668695,0.6303498667032996,-0.40505189669235814,4749
4237,false,0.8914059431686181,0.6303498667032996,-0.4027375729327889,4750
4238,false,0.8914059234668525,0.6303498667032996,-0.4013107050481648,4751
4239,false,0.8914059195757682,0.6303498667032996,-0.401498479052667,4752
4240,false,0.8914059140926426,0.6303498667032996,-0.4017306541497359,4753
4241,false,0.8914059116182546,0.6303498667032996,-0.4021666195686123,4754
4242,false,0.8914059114530667,0.6303498667032996,-0.4018909802419817,4755
4243,false,0.8914059110265351,0.6303498667032996,-0.401357984990836,4756
4244,false,0.8914059060704753,0.6303498667032996,-0.40146697270876164,4757
4245,false,0.8914059101250273,0.6303498667032996,-0.401812637905391,4758
4246,false,0.8914059098438134,0.6303498667032996,-0.4017104872215769,4759
4247,false,0.8914059093620041,0.6303498667032996,-0.40149070619506233,4760
4248,false,0.8914059092786282,0.6303498667032996,-0.4014439925522355,4761
4249,false,0.8914059091776432,0.6303498667032996,-0.401603495416494,4762
4250,false,0.8914059087278843,0.6303498667032996,-0.32785734981348646,4763
4251,false,0.891405657300354,0.6303498667032996,-0.4079174358713846,4764
4252,false,0.8913978897402033,0.6303498667032996,-Inf,4765
4253,false,0.8913976666567056,0.6303498667032996,-Inf,4766
4254,false,0.8913976276097516,0.6303498667032996,-0.3976228664266207,4767
4255,false,0.8913973670237223,0.6303498667032996,-0.3925423612258643,4768
4256,false,0.8913973384329215,0.6303498667032996,-Inf,4769
4257,false,0.8913972908142993,0.6303498667032996,-0.38915203778368035,4770
4258,false,0.8913972877401121,0.6303498667032996,-0.38954479060343983,4771
4259,false,0.8913972831170636,0.6303498667032996,-0.3890024604940461,4772
4260,false,0.8913972831088506,0.6303498667032996,-0.3893586801222879,4773
4261,false,0.8913972825343189,0.6303498667032996,-0.3268772412099453,4774
4262,false,0.8913961331724692,0.6303498667032996,-0.3273103296132658,4775
4263,false,0.8913953026146503,0.6303498667032996,-0.40462193114351647,4776
4264,false,0.8913952351204366,0.6303498667032996,-0.4046300258359268,4777
4265,false,0.8913863701572493,0.6303498667032996,-0.40978466803860353,4778
4266,false,0.8913731424920928,0.6303498667032996,-0.4145005003914133,4779
4267,false,0.891372761529694,0.6303498667032996,-0.4071612251366692,4780
4268,false,0.8913723691052828,0.6303498667032996,-0.4123134978373181,4781
4269,false,0.891368786093505,0.6303498667032996,-0.4120880239564918,4782
4270,false,0.8913644415231933,0.6303498667032996,-0.4143595027799633,4783
4271,false,0.8913642143846592,0.6303498667032996,-0.3308137892625391,4784
4272,false,0.8913602123890225,0.6303498667032996,-0.41063392399136966,4785
4273,false,0.8913598746158787,0.6303498667032996,-0.40748825424709534,4786
4274,false,0.8913597705644372,0.6303498667032996,-0.4068925944790225,4787
4275,false,0.8913594687635755,0.6303498667032996,-0.4052090847431653,4788
4276,false,0.8913594073878652,0.6303498667032996,-0.4050691673513045,4789
4277,false,0.8913593945977267,0.6303498667032996,-0.4074035821980362,4790
4278,false,0.8913583087981062,0.6303498667032996,-0.4095515065227739,4791
4279,false,0.8913579298131169,0.6303498667032996,-0.4081438528133906,4792
4280,false,0.891357925546826,0.6303498667032996,-0.40714802714771536,4793
4281,false,0.8913579179990628,0.6303498667032996,-0.40758861370359467,4794
4282,false,0.8913579155300304,0.6303498667032996,-0.4079769287129634,4795
4283,false,0.8913579135799772,0.6303498667032996,-0.4077798785187676,4796
4284,false,0.8913579129384843,0.6303498667032996,-0.40724550475134347,4797
4285,false,0.8913579126901698,0.6303498667032996,-0.4075757369890418,4798
4286,false,0.8913579125724005,0.6303498667032996,-0.4075850198946127,4799
4287,false,0.8913579126610826,0.6303498667032996,-0.40765835351898894,4800
4288,false,0.8913579126946136,0.6303498667032996,-0.4077073586146046,4801
4289,false,0.8913579124999215,0.6303498667032996,-0.4077295937178167,4802
4290,false,0.8913579126676521,0.6303498667032996,-0.333875973106901,4803
4291,false,0.8913561254469378,0.6303498667032996,-0.41211657805652147,4804
4292,false,0.8913560664957489,0.6303498667032996,-0.4094242813178943,4805
4293,false,0.8913560319254129,0.6303498667032996,-0.4096531970440177,4806
4294,false,0.8913560004697915,0.6303498667032996,-0.409564340264861,4807
4295,false,0.8913559959558873,0.6303498667032996,-0.40942742754969674,4808
4296,false,0.891355995789511,0.6303498667032996,-0.40945167308157876,4809
4297,false,0.8913559957169849,0.6303498667032996,-0.409463113662457,4810
4298,false,0.8913559955888208,0.6303498667032996,-0.4094669383345557,4811
4299,false,0.8913559956731897,0.6303498667032996,-0.4094697316882649,4812
4300,false,0.891355995646786,0.6303498667032996,-0.40947101081311277,4813
4301,false,0.8913559956564332,0.6303498667032996,-0.4094717262012939,4814
4302,false,0.8913559956357777,0.6303498667032996,-0.40947191392744076,4815
4303,false,0.8913559956369658,0.6303498667032996,-0.4094719821359818,4816
4304,false,0.8913559956591496,0.6303498667032996,-0.3354920845734122,4817
4305,false,0.8913544439560196,0.6303498667032996,-0.40876503719742063,4818
4306,false,0.8913544336300303,0.6303498667032996,-0.4104311527985596,4819
4307,false,0.8913544251988798,0.6303498667032996,-0.41000042818179006,4820
4308,false,0.891354422942576,0.6303498667032996,-0.410062843124517,4821
4309,false,0.8913544225303552,0.6303498667032996,-0.41007364064435264,4822
4310,false,0.8913544225355607,0.6303498667032996,-0.3377594005164861,4823
4311,false,0.8913539010338261,0.6303498667032996,-0.39777168800531426,4824
4312,false,0.8913538789841549,0.6303498667032996,-0.40046135516740433,4825
4313,false,0.8913538761709919,0.6303498667032996,-0.3994054421220842,4826
4314,false,0.8913538682974359,0.6303498667032996,-0.40147027705115373,4827
4315,false,0.8913538671967584,0.6303498667032996,-0.39829749566045053,4828
4316,false,0.8913538640307683,0.6303498667032996,-0.3997999247815419,4829
4317,false,0.89135386180547,0.6303498667032996,-0.3979269215160608,4830
4318,false,0.8913538591480177,0.6303498667032996,-0.3999781945441221,4831
4319,false,0.8913538584484975,0.6303498667032996,-0.4002893182718934,4832
4320,false,0.8913538583985967,0.6303498667032996,-0.39998665797027266,4833
4321,false,0.8913538583501253,0.6303498667032996,-0.3996934078435479,4834
4322,false,0.891353858271895,0.6303498667032996,-0.39925507762807777,4835
4323,false,0.8913538572459313,0.6303498667032996,-0.39840981195370107,4836
4324,false,0.8913538566630232,0.6303498667032996,-0.39849132455001657,4837
4325,false,0.891353855868176,0.6303498667032996,-0.39948143711445727,4838
4326,false,0.8913538557242333,0.6303498667032996,-0.3202826439763252,4839
4327,false,0.891353094626743,0.6303498667032996,-0.404678566440801,4840
4328,false,0.89135306315932,0.6303498667032996,-0.4020064002395353,4841
4329,false,0.8913530591401582,0.6303498667032996,-0.3985588682207011,4842
4330,false,0.8913530437586268,0.6303498667032996,-0.40238983372943304,4843
4331,false,0.8913530402502844,0.6303498667032996,-0.40137724359253857,4844
4332,false,0.8913530343704479,0.6303498667032996,-0.4010690881884815,4845
4333,false,0.8913530315589155,0.6303498667032996,-0.40298689879259025,4846
4334,false,0.8913530295358183,0.6303498667032996,-0.39994305533053387,4847
4335,false,0.8913530283025501,0.6303498667032996,-0.4010551201236523,4848
4336,false,0.8913530269977037,0.6303498667032996,-0.39958522581084166,4849
4337,false,0.8913530240380485,0.6303498667032996,-0.4006877661176018,4850
4338,false,0.8913530234797313,0.6303498667032996,-0.3995178644556784,4851
4339,false,0.8913530232511628,0.6303498667032996,-0.39921964025413237,4852
4340,false,0.8913530226481647,0.6303498667032996,-0.40070681239544115,4853
4341,false,0.8913530222746144,0.6303498667032996,-0.40015736855427786,4854
4342,false,0.8913530222311622,0.6303498667032996,-0.40002341692952376,4855
4343,false,0.8913530220557797,0.6303498667032996,-0.3998794586884662,4856
4344,false,0.8913530204430984,0.6303498667032996,-0.39938489036874625,4857
4345,false,0.8913530221536838,0.6303498667032996,-0.40010112960035027,4858
4346,false,0.8913530219070815,0.6303498667032996,-0.3995271370924245,4859
4347,false,0.8913530217666445,0.6303498667032996,-0.3142950845426822,4860
4348,false,0.8913471878279323,0.6303498667032996,-0.39769997295871573,4861
4349,false,0.8913470435108803,0.6303498667032996,-0.4002429979766364,4862
4350,false,0.8913424682179114,0.6303498667032996,-0.4032433762762091,4863
4351,false,0.8913402368649241,0.6303498667032996,-Inf,4864
4352,false,0.891340162034924,0.6303498667032996,-0.40756678202810137,4865
4353,false,0.891334027785879,0.6303498667032996,-0.4080852876845915,4866
4354,false,0.8913325898322562,0.6303498667032996,-Inf,4867
4355,false,0.8913323652951135,0.6303498667032996,-0.40514804872245036,4868
4356,false,0.8913318559594696,0.6303498667032996,-0.4033369501525197,4869
4357,false,0.8913185294298306,0.6303498667032996,-0.4052719275800668,4870
4358,false,0.8913171721766878,0.6303498667032996,-0.39831171854688313,4871
4359,false,0.891313046904179,0.6303498667032996,-Inf,4872
4360,false,0.891312964661737,0.6303498667032996,-0.41389894718807196,4873
4361,false,0.8913120199132413,0.6303498667032996,-0.40721041568014055,4874
4362,false,0.8913106878894292,0.6303498667032996,-0.40730318849623837,4875
4363,false,0.8913104825576283,0.6303498667032996,-0.4076219617339092,4876
4364,false,0.8913100156231764,0.6303498667032996,-Inf,4877
4365,false,0.8913097654281619,0.6303498667032996,-Inf,4878
4366,false,0.8913095306540217,0.6303498667032996,-0.4112704102265088,4879
4367,false,0.8913080771874479,0.6303498667032996,-0.40814255914755926,4880
4368,false,0.891307483891318,0.6303498667032996,-0.41174395269719644,4881
4369,false,0.8913067583737853,0.6303498667032996,-0.32100519295229457,4882
4370,false,0.891303243417394,0.6303498667032996,-0.40856716508227153,4883
4371,false,0.8913030639093846,0.6303498667032996,-0.4092106271998346,4884
4372,false,0.8913025792378382,0.6303498667032996,-0.4096484019551867,4885
4373,false,0.8913025340140932,0.6303498667032996,-0.320822281255322,4886
4374,false,0.8913006318826233,0.6303498667032996,-Inf,4887
4375,false,0.8913006187380952,0.6303498667032996,-0.4200572704549985,4888
4376,false,0.891299141391174,0.6303498667032996,-0.41405500481354096,4889
4377,false,0.8912989667970779,0.6303498667032996,-0.4159944071073367,4890
4378,false,0.891298915912839,0.6303498667032996,-0.4133797707185083,4891
4379,false,0.8912986608742302,0.6303498667032996,-0.3280456235648743,4892
4380,false,0.8912967832005106,0.6303498667032996,-Inf,4893
4381,false,0.8912961602472764,0.6303498667032996,-0.4145765092319431,4894
4382,false,0.8912957045875856,0.6303498667032996,-0.41552446008952115,4895
4383,false,0.8912957006325561,0.6303498667032996,-0.3246316463348131,4896
4384,false,0.8912936377491069,0.6303498667032996,-Inf,4897
4385,false,0.891293585996549,0.6303498667032996,-0.32391622029467293,4898
4386,false,0.8912914003641061,0.6303498667032996,-Inf,4899
4387,false,0.8912907369143005,0.6303498667032996,-0.4117895101454009,4900
4388,false,0.8912907318327313,0.6303498667032996,-0.32894673710767575,4901
4389,false,0.8912851328902661,0.6303498667032996,-0.4085985966680847,4902
4390,false,0.8912848954551803,0.6303498667032996,-0.4117710620912528,4903
4391,false,0.8912843040621399,0.6303498667032996,-0.41224964563183586,4904
4392,false,0.8912839945466589,0.6303498667032996,-0.40870188024217724,4905
4393,false,0.8912838317109947,0.6303498667032996,-0.4070737308230078,4906
4394,false,0.8912838244438064,0.6303498667032996,-0.4076134464312604,4907
4395,false,0.8912827520368166,0.6303498667032996,-0.3094830501668432,4908
4396,false,0.8912819191521907,0.6303498667032996,-Inf,4909
4397,false,0.8912818928292705,0.6303498667032996,-Inf,4910
4398,false,0.8912818231124877,0.6303498667032996,-Inf,4911
4399,false,0.8912814355142932,0.6303498667032996,-0.40907961523630343,4912
4400,false,0.8912811887243219,0.6303498667032996,-0.41170011810781876,4913
4401,false,0.8912807368601805,0.6303498667032996,-0.3173478794355309,4914
4402,false,0.8912797250867228,0.6303498667032996,-Inf,4915
4403,false,0.8912797248346975,0.6303498667032996,-0.31857752872591716,4916
4404,false,0.8912781749799332,0.6303498667032996,-0.41178450968200914,4917
4405,false,0.8912780643103383,0.6303498667032996,-0.32117576404026116,4918
4406,false,0.8912774814216604,0.6303498667032996,-0.41212936933439437,4919
4407,false,0.8912773776593448,0.6303498667032996,-0.41375532066552,4920
4408,false,0.8912773033316941,0.6303498667032996,-0.3181370736402056,4921
4409,false,0.8912762324808022,0.6303498667032996,-0.4116612038349209,4922
4410,false,0.8912762141607073,0.6303498667032996,-0.32172411374596055,4923
4411,false,0.8912748149558798,0.6303498667032996,-0.3207038098565036,4924
4412,false,0.891274081075605,0.6303498667032996,-0.30685656037749354,4925
4413,false,0.891272881036616,0.6303498667032996,-0.30491606241513214,4926
4414,false,0.8912722789743601,0.6303498667032996,-0.3071943544774204,4927
4415,false,0.8912720793427131,0.6303498667032996,-0.41634057831188587,4928
4416,false,0.891271848525673,0.6303498667032996,-0.40831455249183835,4929
4417,false,0.8912717248127702,0.6303498667032996,-0.409053949514344,4930
4418,false,0.891271516831555,0.6303498667032996,-0.3154503688438215,4931
4419,false,0.8912588035416755,0.6303498667032996,-Inf,4932
4420,false,0.8912586961279051,0.6303498667032996,-0.4024099096696377,4933
4421,false,0.8912580778940168,0.6303498667032996,-0.4055153612300273,4934
4422,false,0.8912579902441329,0.6303498667032996,-0.4082734367967915,4935
4423,false,0.89125738077084,0.6303498667032996,-0.4099564569996822,4936
4424,false,0.8912572682184894,0.6303498667032996,-0.3115647416664822,4937
4425,false,0.8912568680845534,0.6303498667032996,-0.30596632470176677,4938
4426,false,0.8912510860333911,0.6303498667032996,-Inf,4939
4427,false,0.8912510487324325,0.6303498667032996,-0.39423684900915723,4940
4428,false,0.8912510182867307,0.6303498667032996,-0.3940726072417656,4941
4429,false,0.891250597554768,0.6303498667032996,-0.30606695801022865,4942
4430,false,0.8912481953350844,0.6303498667032996,-0.3808297253221289,4943
4431,false,0.8912481951811974,0.6303498667032996,-0.3838107061040258,4944
4432,false,0.891248113660973,0.6303498667032996,-0.38480881330105976,4945
4433,false,0.8912479066506962,0.6303498667032996,-0.3036718109312546,4946
4434,false,0.8912456660267788,0.6303498667032996,-Inf,4947
4435,false,0.8912456518421696,0.6303498667032996,-0.3011494519688771,4948
4436,false,0.8912455480245498,0.6303498667032996,-0.3933550662824823,4949
4437,false,0.8912455104747976,0.6303498667032996,-0.39324634755415605,4950
4438,false,0.8912455019574758,0.6303498667032996,-0.39365947887225883,4951
4439,false,0.8912455011171081,0.6303498667032996,-0.3935223627107805,4952
4440,false,0.891245496340298,0.6303498667032996,-0.3936822062589562,4953
4441,false,0.891245495227079,0.6303498667032996,-0.39373990252479585,4954
4442,false,0.8912454949709194,0.6303498667032996,-0.39374959376080154,4955
4443,false,0.891245494812156,0.6303498667032996,-0.3931401136099557,4956
4444,false,0.8912454946428424,0.6303498667032996,-0.39376614099685014,4957
4445,false,0.8912454944648169,0.6303498667032996,-0.30686737714288503,4958
4446,false,0.8912452678272866,0.6303498667032996,-0.2867580507189478,4959
4447,false,0.891245132921275,0.6303498667032996,-0.2864223661403714,4960
4448,false,0.89124465407461,0.6303498667032996,-Inf,4961
4449,false,0.891244633882442,0.6303498667032996,-0.38864821908829483,4962
4450,false,0.8912446037932524,0.6303498667032996,-0.3872392204222699,4963
4451,false,0.8912445995751487,0.6303498667032996,-Inf,4964
4452,false,0.8912445987914959,0.6303498667032996,-0.3873286874937122,4965
4453,false,0.8912445976669314,0.6303498667032996,-Inf,4966
4454,false,0.8912445955186534,0.6303498667032996,-0.38759565712861077,4967
4455,false,0.8912445963443516,0.6303498667032996,-Inf,4968
4456,false,0.8912445963713029,0.6303498667032996,-0.38790352577696563,4969
4457,false,0.8912445963089107,0.6303498667032996,-0.3879202995865997,4970
4458,false,0.8912445962655562,0.6303498667032996,-0.3022487238474245,4971
4459,false,0.8912444171941899,0.6303498667032996,-0.30031866574611643,4972
4460,false,0.8912443418773787,0.6303498667032996,-Inf,4973
4461,false,0.8912443058626374,0.6303498667032996,-0.2962419427892726,4974
4462,false,0.8912440697429189,0.6303498667032996,-0.39086435709531164,4975
4463,false,0.8912440579939486,0.6303498667032996,-0.3905662880756503,4976
4464,false,0.8912440568569511,0.6303498667032996,-0.297789507898337,4977
4465,false,0.8912438278329939,0.6303498667032996,-0.29855932922509787,4978
4466,false,0.8912437827326088,0.6303498667032996,-0.2936017769703848,4979
4467,false,0.8912436950930508,0.6303498667032996,-0.2923178217072916,4980
4468,false,0.8912432657065558,0.6303498667032996,-0.2962333492389606,4981
4469,false,0.8912426985701813,0.6303498667032996,-0.28959562017982066,4982
4470,false,0.891242624651361,0.6303498667032996,-0.30008280614376215,4983
4471,false,0.8912410257286456,0.6303498667032996,-0.29709365986045544,4984
4472,false,0.891239768459603,0.6303498667032996,-0.38885928158174643,4985
4473,false,0.8912381619716195,0.6303498667032996,-0.2949124137646152,4986
4474,false,0.8912377003877034,0.6303498667032996,-0.4088196778479627,4987
4475,false,0.8912375654156388,0.6303498667032996,-0.4071304305020502,4988
4476,false,0.8912341281511295,0.6303498667032996,-0.30442404711755644,4989
4477,false,0.8912292659752848,0.6303498667032996,-0.4033835907986898,4990
4478,false,0.8912290189994706,0.6303498667032996,-0.39926284844238297,4991
4479,false,0.8912280407161474,0.6303498667032996,-0.398427389191056,4992
4480,false,0.8912272604514184,0.6303498667032996,-0.3915508309426592,4993
4481,false,0.891227245542781,0.6303498667032996,-0.3891290346376829,4994
4482,false,0.8912272415819984,0.6303498667032996,-0.2999356945493148,4995
4483,false,0.8912251939244926,0.6303498667032996,-0.40324702717875005,4996
4484,false,0.8912251860474424,0.6303498667032996,-0.40378160114814377,4997
4485,false,0.8912251338372383,0.6303498667032996,-0.4025272473159094,4998
4486,false,0.8912251087577201,0.6303498667032996,-0.40308666049049124,4999
4487,false,0.8912250799027832,0.6303498667032996,-0.30650875373133935,5000
4488,false,0.8912247643603424,0.6303498667032996,-0.3957411397614292,5001
4489,false,0.8912246004313927,0.6303498667032996,-0.299559314408406,5002
4490,false,0.8912245993052647,0.6303498667032996,-0.2946429691678466,5003
4491,false,0.8912236644297802,0.6303498667032996,-0.30388195609195323,5004
4492,false,0.8912232033730572,0.6303498667032996,-0.3950673965309851,5005
4493,false,0.8912229818162168,0.6303498667032996,-Inf,5006
4494,false,0.8912226115931408,0.6303498667032996,-0.30396131909169977,5007
4495,false,0.8912200389734839,0.6303498667032996,-0.40011054343466773,5008
4496,false,0.8912191706524815,0.6303498667032996,-0.3952813385578322,5009
4497,false,0.891219020700265,0.6303498667032996,-0.39924452408939803,5010
4498,false,0.8912189277161019,0.6303498667032996,-0.4008683236321108,5011
4499,false,0.8912188065742422,0.6303498667032996,-0.39461094857572854,5012
4500,false,0.8912178745650825,0.6303498667032996,-0.3906934706770462,5013
4501,false,0.8912177817657163,0.6303498667032996,-0.39017262020263477,5014
4502,false,0.8912176620929306,0.6303498667032996,-0.3917702782523842,5015
4503,false,0.8912176519248192,0.6303498667032996,-0.39166068071725313,5016
4504,false,0.8912176310873343,0.6303498667032996,-0.3916755976855638,5017
4505,false,0.8912176253205302,0.6303498667032996,-0.39193595673166204,5018
4506,false,0.8912176254701243,0.6303498667032996,-0.30406504382580435,5019
4507,false,0.891217151220985,0.6303498667032996,-0.4026248179810321,5020
4508,false,0.8912171509194896,0.6303498667032996,-0.3155273794871801,5021
4509,false,0.8912160206574256,0.6303498667032996,-0.3816433266508379,5022
4510,false,0.8912159296018103,0.6303498667032996,-0.30014994086223545,5023
4511,false,0.8912135341228186,0.6303498667032996,-0.37775500425602837,5024
4512,false,0.8912135287362141,0.6303498667032996,-0.37649038287191006,5025
4513,false,0.8912134785388938,0.6303498667032996,-0.3773153410785065,5026
4514,false,0.8912134662933251,0.6303498667032996,-0.2891679216812024,5027
4515,false,0.8912133068167019,0.6303498667032996,-0.38723940988496564,5028
4516,false,0.8912132927697289,0.6303498667032996,-0.3839799330906867,5029
4517,false,0.8912132564683325,0.6303498667032996,-0.2995867902543975,5030
4518,false,0.8912127260831475,0.6303498667032996,-0.3858136533307711,5031
4519,false,0.8912127183832713,0.6303498667032996,-0.3889841069508012,5032
4520,false,0.8912126883829468,0.6303498667032996,-0.2995153574946132,5033
4521,false,0.8912123362547429,0.6303498667032996,-0.3973905948294959,5034
4522,false,0.8912123082291826,0.6303498667032996,-0.400132121157999,5035
4523,false,0.8912123059680421,0.6303498667032996,-0.3007438853626929,5036
4524,false,0.8912120911545955,0.6303498667032996,-0.3902821054047013,5037
4525,false,0.8912120536054867,0.6303498667032996,-0.29483554405621826,5038
4526,false,0.8912109287862829,0.6303498667032996,-0.40776370113570354,5039
4527,false,0.8912101782227417,0.6303498667032996,-0.4088739066286411,5040
4528,false,0.8912100180267422,0.6303498667032996,-0.41238125603067827,5041
4529,false,0.8912091079593618,0.6303498667032996,-0.4203828831987486,5042
4530,false,0.8912089700438848,0.6303498667032996,-0.4203837854892595,5043
4531,false,0.8912088039293244,0.6303498667032996,-0.4127359356813733,5044
4532,false,0.8912088009536754,0.6303498667032996,-0.31730510725101124,5045
4533,false,0.8912087383919153,0.6303498667032996,-0.4088424508489351,5046
4534,false,0.8912085744016915,0.6303498667032996,-0.4128217654213257,5047
4535,false,0.891207920658812,0.6303498667032996,-0.4069702510720764,5048
4536,false,0.8912079192552786,0.6303498667032996,-0.4118688851656742,5049
4537,false,0.8912079190563339,0.6303498667032996,-0.3141354748756727,5050
4538,false,0.8912075328246774,0.6303498667032996,-0.30837126386741376,5051
4539,false,0.8912008990083395,0.6303498667032996,-0.2996806822292687,5052
4540,false,0.8912000993830311,0.6303498667032996,-0.3954714018466978,5053
4541,false,0.8912000273019894,0.6303498667032996,-0.3026174746231558,5054
4542,false,0.8911987662015491,0.6303498667032996,-0.3080140437458251,5055
4543,false,0.8911982036555963,0.6303498667032996,-0.3060710846845388,5056
4544,false,0.8911978381488294,0.6303498667032996,-0.30972906374280373,5057
4545,false,0.8911971753054051,0.6303498667032996,-Inf,5058
4546,false,0.8911971696666887,0.6303498667032996,-Inf,5059
4547,false,0.8911971599778707,0.6303498667032996,-0.30052803727976396,5060
4548,false,0.8911969746669586,0.6303498667032996,-Inf,5061
4549,false,0.8911969026614599,0.6303498667032996,-0.4041136813428794,5062
4550,false,0.8911954214619305,0.6303498667032996,-0.3951571064036853,5063
4551,false,0.8911954070947324,0.6303498667032996,-0.39127044091973917,5064
4552,false,0.891195346758214,0.6303498667032996,-0.3871875436952644,5065
4553,false,0.8911951246703389,0.6303498667032996,-0.3850012329920771,5066
4554,false,0.8911943248684324,0.6303498667032996,-0.39083030162357957,5067
4555,false,0.8911922953805858,0.6303498667032996,-Inf,5068
4556,false,0.8911922474735934,0.6303498667032996,-0.28280791544637074,5069
4557,false,0.891190944388562,0.6303498667032996,-Inf,5070
4558,false,0.891190836318526,0.6303498667032996,-0.2780252675517395,5071
4559,false,0.8911905408534895,0.6303498667032996,-0.27904843678327074,5072
4560,false,0.8911888398262866,0.6303498667032996,-0.27641624055703173,5073
4561,false,0.891188297759868,0.6303498667032996,-0.3793619856059838,5074
4562,false,0.8911880280414617,0.6303498667032996,-0.3840673298920624,5075
4563,false,0.8911677700419134,0.6303498667032996,-0.3826107745184574,5076
4564,false,0.8911675898491804,0.6303498667032996,-0.28784902502604637,5077
4565,false,0.8911674410539439,0.6303498667032996,-Inf,5078
4566,false,0.8911674347520917,0.6303498667032996,-0.38697589104807817,5079
4567,false,0.8911674217551,0.6303498667032996,-Inf,5080
4568,false,0.8911674165508682,0.6303498667032996,-0.38537687119522157,5081
4569,false,0.8911673955816495,0.6303498667032996,-0.3847863442753554,5082
4570,false,0.8911673909765918,0.6303498667032996,-0.28804996150231865,5083
4571,false,0.8911670774382318,0.6303498667032996,-0.37971275997309706,5084
4572,false,0.8911670463049841,0.6303498667032996,-0.37977531560221145,5085
4573,false,0.8911670462563976,0.6303498667032996,-0.2825940725160292,5086
4574,false,0.8911647231428512,0.6303498667032996,-0.38971102547723824,5087
4575,false,0.8911647159115592,0.6303498667032996,-0.390172418026868,5088
4576,false,0.8911647084973943,0.6303498667032996,-0.3907053343432513,5089
4577,false,0.8911646955692187,0.6303498667032996,-0.2905640184017175,5090
4578,false,0.891163911539278,0.6303498667032996,-0.3898645730362993,5091
4579,false,0.8911638001135094,0.6303498667032996,-0.2867434919996148,5092
4580,false,0.8911633477126657,0.6303498667032996,-0.39920220539908824,5093
4581,false,0.8911629879633225,0.6303498667032996,-Inf,5094
4582,false,0.8911629874069449,0.6303498667032996,-Inf,5095
4583,false,0.8911629853966331,0.6303498667032996,-Inf,5096
4584,false,0.8911629836450725,0.6303498667032996,-Inf,5097
4585,false,0.8911629841829365,0.6303498667032996,-0.28805206554946405,5098
4586,false,0.8911620930704415,0.6303498667032996,-0.29546085317625026,5099
4587,false,0.8911558041483532,0.6303498667032996,-0.40544631870732895,5100
4588,false,0.8911557898649798,0.6303498667032996,-0.40538706889221854,5101
4589,false,0.8911536384438257,0.6303498667032996,-Inf,5102
4590,false,0.8911536166712433,0.6303498667032996,-Inf,5103
4591,false,0.8911536052619526,0.6303498667032996,-0.4106564329638278,5104
4592,false,0.8911524743978867,0.6303498667032996,-0.40470884521648287,5105
4593,false,0.8911522906563574,0.6303498667032996,-Inf,5106
4594,false,0.8911522584211946,0.6303498667032996,-0.303184970054863,5107
4595,false,0.8911514939904728,0.6303498667032996,-0.4084344665876489,5108
4596,false,0.8911386709275257,0.6303498667032996,-Inf,5109
4597,false,0.8911386078070628,0.6303498667032996,-Inf,5110
4598,false,0.89113853037315,0.6303498667032996,-0.3841046639383987,5111
4599,false,0.8911381213422209,0.6303498667032996,-Inf,5112
4600,false,0.8911379843068223,0.6303498667032996,-0.33630704145699086,5113
4601,false,0.8911368732312914,0.6303498667032996,-0.39218370042110084,5114
4602,false,0.8911361428630492,0.6303498667032996,-0.31993760305451147,5115
4603,false,0.8911352755667736,0.6303498667032996,-0.3854112707202154,5116
4604,false,0.8911352289422731,0.6303498667032996,-0.38251945216999184,5117
4605,false,0.89113505685537,0.6303498667032996,-0.3828717466150826,5118
4606,false,0.8911350536357558,0.6303498667032996,-0.31705838717599577,5119
4607,false,0.8911332925272827,0.6303498667032996,-0.3099618677392356,5120
4608,false,0.8911329477200733,0.6303498667032996,-0.31746281085423755,5121
4609,false,0.891132484359033,0.6303498667032996,-0.38483675943505113,5122
4610,false,0.8911323494138533,0.6303498667032996,-0.3839512862468333,5123
4611,false,0.8911298282285325,0.6303498667032996,-0.3771677773749962,5124
4612,false,0.8911293048050071,0.6303498667032996,-0.38074226563151614,5125
4613,false,0.8911133213236608,0.6303498667032996,-0.3837121396800667,5126
4614,false,0.8911131350172603,0.6303498667032996,-0.3852436243577504,5127
4615,false,0.8911112630185456,0.6303498667032996,-Inf,5128
4616,false,0.891111105607209,0.6303498667032996,-0.3829399495017102,5129
4617,false,0.8911110470639088,0.6303498667032996,-0.3871817311291519,5130
4618,false,0.8911106675184987,0.6303498667032996,-0.38623183632611824,5131
4619,false,0.8911106151411214,0.6303498667032996,-0.3088156019809871,5132
4620,false,0.8911086287693971,0.6303498667032996,-0.3856275403833236,5133
4621,false,0.8911075221393003,0.6303498667032996,-0.3044797682109166,5134
4622,false,0.8911075063765146,0.6303498667032996,-0.30361128750546484,5135
4623,false,0.8911074423669196,0.6303498667032996,-0.3081653424183812,5136
4624,false,0.8911071788470073,0.6303498667032996,-0.37865808635241505,5137
4625,false,0.8911071499095371,0.6303498667032996,-0.3080709060615465,5138
4626,false,0.8911063669603096,0.6303498667032996,-0.30497699378019716,5139
4627,false,0.8910531141259667,0.6303498667032996,-0.38181809110136256,5140
4628,false,0.891049634930746,0.6303498667032996,-0.39232585506557616,5141
4629,false,0.891049628777218,0.6303498667032996,-0.3917490679703808,5142
4630,false,0.8910496283449223,0.6303498667032996,-0.3917419742897442,5143
4631,false,0.8910496283448919,0.6303498667032996,-0.39173928662542645,5144
4632,false,0.8910496278250601,0.6303498667032996,-0.2994729655950472,5145
4633,false,0.8910474768931763,0.6303498667032996,-0.38389164211628024,5146
4634,false,0.8910444244031781,0.6303498667032996,-0.3751894499519267,5147
4635,false,0.8910437298505702,0.6303498667032996,-0.3719778953116759,5148
4636,false,0.8910372037410932,0.6303498667032996,-0.3729642528700241,5149
4637,false,0.8910359941311571,0.6303498667032996,-Inf,5150
4638,false,0.8910355938726209,0.6303498667032996,-0.38144812586610577,5151
4639,false,0.8910324596612467,0.6303498667032996,-Inf,5152
4640,false,0.8910298415673648,0.6303498667032996,-0.28308186929449364,5153
4641,false,0.8910287735801984,0.6303498667032996,-0.292346137855961,5154
4642,false,0.8910281952077179,0.6303498667032996,-0.3862151253394366,5155
4643,false,0.891024040417892,0.6303498667032996,-0.35948805609323053,5156
4644,false,0.8910222285986682,0.6303498667032996,-0.36399281070941825,5157
4645,false,0.891017472433594,0.6303498667032996,-0.3652161985566983,5158
4646,false,0.891016668862931,0.6303498667032996,-0.370107851042201,5159
4647,false,0.8910165035577037,0.6303498667032996,-0.370303907282003,5160
4648,false,0.8910157484987953,0.6303498667032996,-0.37201762559479545,5161
4649,false,0.8910156568674357,0.6303498667032996,-Inf,5162
4650,false,0.8910156462720189,0.6303498667032996,-Inf,5163
4651,false,0.8910156208316105,0.6303498667032996,-Inf,5164
4652,false,0.891015619191736,0.6303498667032996,-Inf,5165
4653,false,0.8910156161226238,0.6303498667032996,-0.3749702232607993,5166
4654,false,0.8910154796801789,0.6303498667032996,-Inf,5167
4655,false,0.8910154157555226,0.6303498667032996,-0.3758020776503155,5168
4656,false,0.8910127211957544,0.6303498667032996,-0.3749358811133441,5169
4657,false,0.8910050403195662,0.6303498667032996,-0.38541015892326147,5170
4658,false,0.8910032115218176,0.6303498667032996,-0.3864054076335792,5171
4659,false,0.8910028112091368,0.6303498667032996,-0.37971451032944525,5172
4660,false,0.8910021215081871,0.6303498667032996,-0.3792511902581577,5173
4661,false,0.8909981714215567,0.6303498667032996,-0.3921896702547931,5174
4662,false,0.8909920044290269,0.6303498667032996,-Inf,5175
4663,false,0.8909909837157461,0.6303498667032996,-0.36958938630567006,5176
4664,false,0.8909893066377308,0.6303498667032996,-0.3776118066659049,5177
4665,false,0.8909887901446485,0.6303498667032996,-0.3800462940778786,5178
4666,false,0.8909887612415996,0.6303498667032996,-0.38250649700736195,5179
4667,false,0.8909883709843566,0.6303498667032996,-0.380117094526941,5180
4668,false,0.8909849313162631,0.6303498667032996,-0.3852161224934638,5181
4669,false,0.8909798809202358,0.6303498667032996,-0.3811144292679449,5182
4670,false,0.8909758095480407,0.6303498667032996,-0.39130997670271706,5183
4671,false,0.890975688273347,0.6303498667032996,-0.38605075725797644,5184
4672,false,0.8909756643081073,0.6303498667032996,-0.3839838060022729,5185
4673,false,0.8909756077563675,0.6303498667032996,-0.3818171162885178,5186
4674,false,0.8909755086666149,0.6303498667032996,-0.381965236427494,5187
4675,false,0.8909751699162103,0.6303498667032996,-0.3845061670940224,5188
4676,false,0.8909746743277467,0.6303498667032996,-0.38918965734702815,5189
4677,false,0.8909702714984671,0.6303498667032996,-0.403581367100843,5190
4678,false,0.8909544028565094,0.6303498667032996,-0.39382971340209316,5191
4679,false,0.8909118429329439,0.6303498667032996,-Inf,5192
4680,false,0.8909110169278925,0.6303498667032996,-Inf,5193
4681,false,0.8909110131641003,0.6303498667032996,-0.3965776795545262,5194
4682,false,0.8909109515840021,0.6303498667032996,-0.3904748676094192,5195
4683,false,0.8909097460231111,0.6303498667032996,-0.38340119721915056,5196
4684,false,0.8909043765471907,0.6303498667032996,-Inf,5197
4685,false,0.8909033990647429,0.6303498667032996,-Inf,5198
4686,false,0.8909028535159809,0.6303498667032996,-0.38435868726654765,5199
4687,false,0.8909027476023096,0.6303498667032996,-0.3819426110877948,5200
4688,false,0.8909025177758346,0.6303498667032996,-0.3911426004046409,5201
4689,false,0.8909024691025096,0.6303498667032996,-0.3907339473259369,5202
4690,false,0.8909024580032351,0.6303498667032996,-0.3033251110825348,5203
4691,false,0.8909016717776519,0.6303498667032996,-0.3886958224113244,5204
4692,false,0.8909015926381154,0.6303498667032996,-0.3930545371056131,5205
4693,false,0.8909015910105286,0.6303498667032996,-0.3917342897874935,5206
4694,false,0.8909015829018858,0.6303498667032996,-0.39596567887480605,5207
4695,false,0.8909015783679289,0.6303498667032996,-0.3936636519749254,5208
4696,false,0.8909015770829329,0.6303498667032996,-0.39314490020720694,5209
4697,false,0.8909015766841484,0.6303498667032996,-0.39290871895044843,5210
4698,false,0.8909015765501145,0.6303498667032996,-0.39288557543865255,5211
4699,false,0.8909015763185459,0.6303498667032996,-0.3928713149053873,5212
4700,false,0.8909015765085018,0.6303498667032996,-0.3928686411394162,5213
4701,false,0.8909015764961262,0.6303498667032996,-0.39286150586107627,5214
4702,false,0.8909015764511575,0.6303498667032996,-0.3067824186014294,5215
4703,false,0.8909007137948326,0.6303498667032996,-0.37670199232318446,5216
4704,false,0.8909006813710119,0.6303498667032996,-0.3753447919923656,5217
4705,false,0.8909006401474011,0.6303498667032996,-0.37667775524227887,5218
4706,false,0.8909006367307073,0.6303498667032996,-0.3759182585211218,5219
4707,false,0.8909006331502347,0.6303498667032996,-0.3758123921521275,5220
4708,false,0.890900631177828,0.6303498667032996,-0.3758549143993526,5221
4709,false,0.8909006310587384,0.6303498667032996,-0.37569991473749953,5222
4710,false,0.8909006310571699,0.6303498667032996,-0.37573423952034846,5223
4711,false,0.8909006309834668,0.6303498667032996,-0.37576508644087214,5224
4712,false,0.890900629484138,0.6303498667032996,-0.37579064485976144,5225
4713,false,0.8909006266669026,0.6303498667032996,-0.3757189331424966,5226
4714,false,0.890900630572731,0.6303498667032996,-0.37573621918627675,5227
4715,false,0.8909006308716683,0.6303498667032996,-0.3757633993932299,5228
4716,false,0.8909006308663057,0.6303498667032996,-0.2913189103068061,5229
4717,false,0.8908997609769553,0.6303498667032996,-0.3808330864058913,5230
4718,false,0.8908997333157013,0.6303498667032996,-0.3808669014008147,5231
4719,false,0.8908996801228743,0.6303498667032996,-0.3801032060020586,5232
4720,false,0.8908996719653475,0.6303498667032996,-0.3805621383556943,5233
4721,false,0.8908996650409701,0.6303498667032996,-0.38067592152575913,5234
4722,false,0.8908996650295662,0.6303498667032996,-0.38067936287838,5235
4723,false,0.8908996648118541,0.6303498667032996,-0.3806701944553623,5236
4724,false,0.8908996646998613,0.6303498667032996,-0.3807465865542451,5237
4725,false,0.8908996647351629,0.6303498667032996,-0.2937587540002038,5238
4726,false,0.8908969450965382,0.6303498667032996,-0.3897828060011438,5239
4727,false,0.8908968983600491,0.6303498667032996,-0.38814941059962305,5240
4728,false,0.890896897074468,0.6303498667032996,-0.3881464013199636,5241
4729,false,0.8908968964576642,0.6303498667032996,-0.3026293367695465,5242
4730,false,0.8908954284637104,0.6303498667032996,-0.3946899387894661,5243
4731,false,0.8908953446241112,0.6303498667032996,-0.3921182324457413,5244
4732,false,0.8908953424445926,0.6303498667032996,-0.39320888179265134,5245
4733,false,0.8908953412155234,0.6303498667032996,-0.39372016562316814,5246
4734,false,0.8908953410143234,0.6303498667032996,-0.39284903588225645,5247
4735,false,0.8908953408520176,0.6303498667032996,-0.3932613901448999,5248
4736,false,0.8908953407377405,0.6303498667032996,-0.30130390559816955,5249
4737,false,0.8908949970134072,0.6303498667032996,-0.40352955637704646,5250
4738,false,0.8908949377562796,0.6303498667032996,-0.3918344748680185,5251
4739,false,0.8908949383341231,0.6303498667032996,-Inf,5252
4740,false,0.8908946986989177,0.6303498667032996,-Inf,5253
4741,false,0.8908935014745356,0.6303498667032996,-0.3952432541995925,5254
4742,false,0.8908934715086884,0.6303498667032996,-0.39527882778271295,5255
4743,false,0.890893471172992,0.6303498667032996,-0.3944127920182938,5256
4744,false,0.8908934709088803,0.6303498667032996,-0.39461029141165604,5257
4745,false,0.8908934708652532,0.6303498667032996,-0.3016677887105914,5258
4746,false,0.8908931077937094,0.6303498667032996,-0.39525717882071376,5259
4747,false,0.8908930979166173,0.6303498667032996,-0.3936518783859141,5260
4748,false,0.8908930930193225,0.6303498667032996,-0.39604382751562817,5261
4749,false,0.8908930916628959,0.6303498667032996,-0.3943274209437613,5262
4750,false,0.8908930909621409,0.6303498667032996,-0.39495027025909857,5263
4751,false,0.8908930904804978,0.6303498667032996,-0.39545059503469104,5264
4752,false,0.8908930900702309,0.6303498667032996,-0.39501132187465127,5265
4753,false,0.890893090434457,0.6303498667032996,-0.394651006422432,5266
4754,false,0.890893090251642,0.6303498667032996,-0.2948668476482764,5267
4755,false,0.8908926685608692,0.6303498667032996,-0.39888705873668456,5268
4756,false,0.8908926604142663,0.6303498667032996,-0.3968967109415431,5269
4757,false,0.8908926592877703,0.6303498667032996,-0.39777909153953117,5270
4758,false,0.890892658759284,0.6303498667032996,-0.3972300450027908,5271
4759,false,0.8908926586911736,0.6303498667032996,-0.3972701453376464,5272
4760,false,0.8908926586212129,0.6303498667032996,-0.39750487386613415,5273
4761,false,0.8908926585812783,0.6303498667032996,-0.39769208533979084,5274
4762,false,0.8908926585612202,0.6303498667032996,-0.2943921542888801,5275
4763,false,0.890892631533672,0.6303498667032996,-0.3958945887406212,5276
4764,false,0.8908926293585,0.6303498667032996,-0.39534543967738933,5277
4765,false,0.8908926291425503,0.6303498667032996,-0.3953791295982809,5278
4766,false,0.8908926289911029,0.6303498667032996,-0.39537112718194517,5279
4767,false,0.8908926289714799,0.6303498667032996,-0.2970181958004564,5280
4768,false,0.8908925326722863,0.6303498667032996,-0.4035451614238643,5281
4769,false,0.8908925255434839,0.6303498667032996,-0.40377273130345115,5282
4770,false,0.8908925237810266,0.6303498667032996,-0.40291466223333,5283
4771,false,0.8908925232806464,0.6303498667032996,-0.40308105640074277,5284
4772,false,0.8908925231114485,0.6303498667032996,-0.40283393949551516,5285
4773,false,0.8908925231099556,0.6303498667032996,-0.4027637859772857,5286
4774,false,0.8908925230961391,0.6303498667032996,-0.40282920465774286,5287
4775,false,0.8908925230884885,0.6303498667032996,-0.3109393341660369,5288
4776,false,0.8908922104426877,0.6303498667032996,-0.411776201245329,5289
4777,false,0.8908921713755247,0.6303498667032996,-0.41053812159778236,5290
4778,false,0.8908912498427894,0.6303498667032996,-0.4062980080484535,5291
4779,false,0.8908843996598478,0.6303498667032996,-0.3936748746755052,5292
4780,false,0.890884368716327,0.6303498667032996,-0.39479555981464154,5293
4781,false,0.8908843588956984,0.6303498667032996,-0.3925238254289195,5294
4782,false,0.8908843575850054,0.6303498667032996,-0.3945833385488693,5295
4783,false,0.8908843541533458,0.6303498667032996,-0.3927934954763843,5296
4784,false,0.8908843533293517,0.6303498667032996,-0.3936265592910473,5297
4785,false,0.8908843514011412,0.6303498667032996,-0.39307978410197186,5298
4786,false,0.8908843513503717,0.6303498667032996,-0.39379387292249,5299
4787,false,0.8908843512697965,0.6303498667032996,-0.2976928182030053,5300
4788,false,0.8908843158070695,0.6303498667032996,-0.39185471043668263,5301
4789,false,0.8908843078319371,0.6303498667032996,-0.39364225118309415,5302
4790,false,0.8908843073711369,0.6303498667032996,-0.3928687727201793,5303
4791,false,0.890884306929022,0.6303498667032996,-0.3928136391375623,5304
4792,false,0.8908843069002769,0.6303498667032996,-0.2956929719266227,5305
4793,false,0.8908842724980754,0.6303498667032996,-0.39258421992867465,5306
4794,false,0.8908842699450399,0.6303498667032996,-0.29655644912571466,5307
4795,false,0.8908840528187241,0.6303498667032996,-0.394511544556017,5308
4796,false,0.8908840271076972,0.6303498667032996,-0.3934859570179974,5309
4797,false,0.8908840245805645,0.6303498667032996,-0.39308002839035006,5310
4798,false,0.8908840232680519,0.6303498667032996,-0.39343134172505767,5311
4799,false,0.8908840232775138,0.6303498667032996,-0.393071537145538,5312
4800,false,0.8908840232789421,0.6303498667032996,-0.39312523898342366,5313
4801,false,0.890884023288542,0.6303498667032996,-0.3931924034343006,5314
4802,false,0.890884023249126,0.6303498667032996,-0.3932436041480749,5315
4803,false,0.8908840232127369,0.6303498667032996,-0.2988029477869749,5316
4804,false,0.8908839533093363,0.6303498667032996,-0.3949990418700373,5317
4805,false,0.890883950947149,0.6303498667032996,-0.39655117286972363,5318
4806,false,0.8908839470157708,0.6303498667032996,-0.3957666289532056,5319
4807,false,0.890883945137279,0.6303498667032996,-0.39599425613787953,5320
4808,false,0.8908839442222802,0.6303498667032996,-0.3965243851189305,5321
4809,false,0.8908839442044137,0.6303498667032996,-0.3964537417647554,5322
4810,false,0.8908839440002523,0.6303498667032996,-0.3962874755378252,5323
4811,false,0.890883943905151,0.6303498667032996,-0.3962776731791955,5324
4812,false,0.890883943824567,0.6303498667032996,-0.3962020494785232,5325
4813,false,0.890883943775018,0.6303498667032996,-0.3961977786276465,5326
4814,false,0.8908839437296022,0.6303498667032996,-0.3962005543914875,5327
4815,false,0.890883943706229,0.6303498667032996,-0.3961509278957518,5328
4816,false,0.8908839437027497,0.6303498667032996,-0.30104192242961025,5329
4817,false,0.8908839285715975,0.6303498667032996,-0.39418153697927716,5330
4818,false,0.8908839278542007,0.6303498667032996,-0.39458618115303956,5331
4819,false,0.8908839272580446,0.6303498667032996,-0.3946897935705421,5332
4820,false,0.8908839272515257,0.6303498667032996,-0.39449603986480863,5333
4821,false,0.8908839270814668,0.6303498667032996,-0.39424988680172357,5334
4822,false,0.8908839269767483,0.6303498667032996,-0.3944534697716705,5335
4823,false,0.8908839268639257,0.6303498667032996,-0.3944516530764113,5336
4824,false,0.8908839269407982,0.6303498667032996,-0.3944392699203282,5337
4825,false,0.8908839263534314,0.6303498667032996,-0.29950843066354205,5338
4826,false,0.8908839173799481,0.6303498667032996,-0.3943633549985197,5339
4827,false,0.8908839169944287,0.6303498667032996,-0.3947129435672927,5340
4828,false,0.8908839166749165,0.6303498667032996,-0.39459784708383827,5341
4829,false,0.8908839164467468,0.6303498667032996,-0.39447625037037937,5342
4830,false,0.8908839163973683,0.6303498667032996,-0.3945631900446701,5343
4831,false,0.8908839163818926,0.6303498667032996,-0.3945748195730868,5344
4832,false,0.8908839163733022,0.6303498667032996,-0.39456563501310615,5345
4833,false,0.8908839163974548,0.6303498667032996,-0.3945519270760123,5346
4834,false,0.8908839163828357,0.6303498667032996,-0.2992092782316297,5347
4835,false,0.8908839110808986,0.6303498667032996,-0.3941012593402837,5348
4836,false,0.89088391076596,0.6303498667032996,-0.3942655379528318,5349
4837,false,0.8908839104328801,0.6303498667032996,-0.3943987588638166,5350
4838,false,0.8908839075528725,0.6303498667032996,-0.3943833104082235,5351
4839,false,0.8908839103647623,0.6303498667032996,-0.3943605816935878,5352
4840,false,0.8908839103844786,0.6303498667032996,-0.3943521269845266,5353
4841,false,0.8908839100119339,0.6303498667032996,-0.3943146362346086,5354
4842,false,0.8908839102207666,0.6303498667032996,-0.3942925940172628,5355
4843,false,0.890883910172757,0.6303498667032996,-0.39428123255800984,5356
4844,false,0.8908839103009201,0.6303498667032996,-0.29923342326541524,5357
4845,false,0.8908839052228481,0.6303498667032996,-0.39439457988118254,5358
4846,false,0.8908839048993213,0.6303498667032996,-0.39416249769375034,5359
4847,false,0.8908839046370995,0.6303498667032996,-0.39413149220909505,5360
4848,false,0.8908839044726227,0.6303498667032996,-0.3941251693314216,5361
4849,false,0.8908839044957237,0.6303498667032996,-0.3941261870330801,5362
4850,false,0.8908839043653588,0.6303498667032996,-0.3941843918861375,5363
4851,false,0.8908839043868685,0.6303498667032996,-0.39414617314843936,5364
4852,false,0.8908839044590062,0.6303498667032996,-0.29913335642868055,5365
4853,false,0.8908839021442896,0.6303498667032996,-0.3938478722210972,5366
4854,false,0.890883902133022,0.6303498667032996,-0.3938993784612759,5367
4855,false,0.8908839021296957,0.6303498667032996,-0.3938708025545139,5368
4856,false,0.8908839021134123,0.6303498667032996,-0.3938918991849152,5369
4857,false,0.8908838990766792,0.6303498667032996,-0.39382240204319063,5370
4858,false,0.8908839021108127,0.6303498667032996,-0.3938685891128647,5371
4859,false,0.8908839020490272,0.6303498667032996,-0.39389891470528693,5372
4860,false,0.8908839020602608,0.6303498667032996,-0.2991024781177165,5373
4861,false,0.8908838997249128,0.6303498667032996,-0.39407783743700076,5374
4862,false,0.8908838996011904,0.6303498667032996,-0.39403868343184284,5375
4863,false,0.8908838995875054,0.6303498667032996,-0.3942008736824294,5376
4864,false,0.8908838995892737,0.6303498667032996,-0.3941416154144206,5377
4865,false,0.8908838995599214,0.6303498667032996,-0.39409687070085986,5378
4866,false,0.8908838995302555,0.6303498667032996,-0.39414170812569904,5379
4867,false,0.8908838995207655,0.6303498667032996,-0.3940991589185505,5380
4868,false,0.89088389954316,0.6303498667032996,-0.3940804345390426,5381
4869,false,0.8908838992448191,0.6303498667032996,-0.3941063240923106,5382
4870,false,0.8908838995203867,0.6303498667032996,-0.39408986141493596,5383
4871,false,0.8908838995066144,0.6303498667032996,-0.2990415227542793,5384
4872,false,0.8908838993473067,0.6303498667032996,-0.3940725731896949,5385
4873,false,0.8908838992652431,0.6303498667032996,-0.3941120124132541,5386
4874,false,0.8908838992351621,0.6303498667032996,-0.39406003623850094,5387
4875,false,0.8908838988773731,0.6303498667032996,-0.39410258884507954,5388
4876,false,0.8908838992602267,0.6303498667032996,-0.39410602021791197,5389
4877,false,0.890883899200157,0.6303498667032996,-0.3940971308120206,5390
4878,false,0.8908838992762104,0.6303498667032996,-0.39410232390410627,5391
4879,false,0.8908838992701762,0.6303498667032996,-0.3940932746707544,5392
4880,false,0.8908838992761828,0.6303498667032996,-0.29901011867075433,5393
4881,false,0.8908838990711658,0.6303498667032996,-0.3941018014057046,5394
4882,false,0.8908838990451553,0.6303498667032996,-0.3940863647242868,5395
4883,false,0.8908838990600141,0.6303498667032996,-0.29901843398540284,5396
4884,false,0.8908838989993983,0.6303498667032996,-0.39407115718172725,5397
4885,false,0.8908838981984086,0.6303498667032996,-0.29903078065155686,5398
4886,false,0.890883898968668,0.6303498667032996,-0.29900211307435054,5399
4887,false,0.8908838989852228,0.6303498667032996,-0.3940534540166756,5400
4888,false,0.8908838989648066,0.6303498667032996,-0.39405732062126464,5401
4889,false,0.8908838989665403,0.6303498667032996,-0.3940733330667522,5402
4890,false,0.890883898966872,0.6303498667032996,-0.39404969463497735,5403
4891,false,0.8908838989769192,0.6303498667032996,-0.39407744745535034,5404
4892,false,0.8908838989737066,0.6303498667032996,-0.29694795921047634,5405
4893,false,0.8908818040554678,0.6303498667032996,-0.3988998713601122,5406
4894,false,0.8908817995935394,0.6303498667032996,-0.39731062348282475,5407
4895,false,0.8908817959225543,0.6303498667032996,-0.39667058322792625,5408
4896,false,0.8908817177008177,0.6303498667032996,-0.39471786582776547,5409
4897,false,0.8908714749052745,0.6303498667032996,-0.4078083995744308,5410
4898,false,0.8908710437702758,0.6303498667032996,-0.4089729907358265,5411
4899,false,0.8908710303287976,0.6303498667032996,-0.4060719188015761,5412
4900,false,0.8908710247735606,0.6303498667032996,-0.4073086119514694,5413
4901,false,0.8908710239661227,0.6303498667032996,-0.4062117594848582,5414
4902,false,0.8908710236857901,0.6303498667032996,-0.40560537995113866,5415
4903,false,0.8908710231928431,0.6303498667032996,-0.40530910453169644,5416
4904,false,0.8908710230959314,0.6303498667032996,-0.4056122053625884,5417
4905,false,0.8908710230695691,0.6303498667032996,-0.4055138351736991,5418
4906,false,0.8908710228889949,0.6303498667032996,-0.40523016486474583,5419
4907,false,0.8908710230381511,0.6303498667032996,-0.3172574008812101,5420
4908,false,0.890868338375487,0.6303498667032996,-0.40852838231439925,5421
4909,false,0.8908683001920596,0.6303498667032996,-0.40795804325578466,5422
4910,false,0.8908677789366353,0.6303498667032996,-Inf,5423
4911,false,0.8908677627148112,0.6303498667032996,-Inf,5424
4912,false,0.8908677385098875,0.6303498667032996,-0.40682936816364323,5425
4913,false,0.8908666630463148,0.6303498667032996,-0.4215645558408059,5426
4914,false,0.8908644600662237,0.6303498667032996,-0.4196810574533465,5427
4915,false,0.8908624624123562,0.6303498667032996,-0.4255923719821719,5428
4916,false,0.8908602249165982,0.6303498667032996,-0.4049265957801482,5429
4917,false,0.8908601927526372,0.6303498667032996,-0.4039414595141747,5430
4918,false,0.8908527865668047,0.6303498667032996,-0.39823539993794654,5431
4919,false,0.8908485670813124,0.6303498667032996,-0.3947567291007167,5432
4920,false,0.8908479184896414,0.6303498667032996,-0.39582844571739506,5433
4921,false,0.8908409546190227,0.6303498667032996,-0.39414080651891525,5434
4922,false,0.8908355807623056,0.6303498667032996,-0.3798106468180399,5435
4923,false,0.8908351295825374,0.6303498667032996,-0.3790097767614101,5436
4924,false,0.8908348010827298,0.6303498667032996,-0.37754843691226103,5437
4925,false,0.8908318366289012,0.6303498667032996,-Inf,5438
4926,false,0.8908318149972472,0.6303498667032996,-Inf,5439
4927,false,0.890831788536925,0.6303498667032996,-Inf,5440
4928,false,0.8908317834356322,0.6303498667032996,-Inf,5441
4929,false,0.8908317829828862,0.6303498667032996,-Inf,5442
4930,false,0.8908317828860921,0.6303498667032996,-Inf,5443
4931,false,0.8908317828503147,0.6303498667032996,-Inf,5444
4932,false,0.8908317829292338,0.6303498667032996,-0.2948292750596375,5445
4933,false,0.8908312163921259,0.6303498667032996,-0.3728213894800252,5446
4934,false,0.8908284644920927,0.6303498667032996,-Inf,5447
4935,false,0.8908282362551012,0.6303498667032996,-Inf,5448
4936,false,0.8908280182015175,0.6303498667032996,-Inf,5449
4937,false,0.8908279991882597,0.6303498667032996,-Inf,5450
4938,false,0.8908279930569886,0.6303498667032996,-0.28971387039512153,5451
4939,false,0.8908254693503825,0.6303498667032996,-0.35921152274764023,5452
4940,false,0.8908251472756922,0.6303498667032996,-0.3604625083559,5453
4941,false,0.8908224853622625,0.6303498667032996,-0.3538274980888513,5454
4942,false,0.8908194694476892,0.6303498667032996,-0.3519405254119006,5455
4943,false,0.8908193514332661,0.6303498667032996,-0.3535315225199689,5456
4944,false,0.8908159218376306,0.6303498667032996,-Inf,5457
4945,false,0.8908158044783535,0.6303498667032996,-Inf,5458
4946,false,0.8908157152820835,0.6303498667032996,-0.34262013928373625,5459
4947,false,0.8908072493242601,0.6303498667032996,-Inf,5460
4948,false,0.8908072459073949,0.6303498667032996,-Inf,5461
4949,false,0.8908072433276228,0.6303498667032996,-Inf,5462
4950,false,0.8908072405327325,0.6303498667032996,-Inf,5463
4951,false,0.8908072404382138,0.6303498667032996,-Inf,5464
4952,false,0.8908072370584215,0.6303498667032996,-0.3862768822332838,5465
4953,false,0.8908055182799137,0.6303498667032996,-Inf,5466
4954,false,0.8908055174604239,0.6303498667032996,-Inf,5467
4955,false,0.8908055173668323,0.6303498667032996,-Inf,5468
4956,false,0.8908055173593424,0.6303498667032996,-Inf,5469
4957,false,0.8908055173416036,0.6303498667032996,-0.3888452904312706,5470
4958,false,0.8908006866213366,0.6303498667032996,-0.38458598968596946,5471
4959,false,0.8907980908072481,0.6303498667032996,-0.38046402269621615,5472
4960,false,0.8907700839801227,0.6303498667032996,-0.3544296797947789,5473
4961,false,0.8907687804524964,0.6303498667032996,-0.3622463599547485,5474
4962,false,0.8907558865927805,0.6303498667032996,-0.37745880435099055,5475
4963,false,0.8907497697656351,0.6303498667032996,-0.3841224468312291,5476
4964,false,0.8907350007635357,0.6303498667032996,-Inf,5477
4965,false,0.8907349685817816,0.6303498667032996,-Inf,5478
4966,false,0.8907342867258192,0.6303498667032996,-Inf,5479
4967,false,0.8907301124685121,0.6303498667032996,-0.38893920420917083,5480
4968,false,0.8907292144961794,0.6303498667032996,-0.3804630628236687,5481
4969,false,0.8907288725163365,0.6303498667032996,-Inf,5482
4970,false,0.8907288322590701,0.6303498667032996,-Inf,5483
4971,false,0.890728729249306,0.6303498667032996,-0.37064634335780344,5484
4972,false,0.890726670873268,0.6303498667032996,-0.3677916122132059,5485
4973,false,0.8907266007154162,0.6303498667032996,-0.3658559278519645,5486
4974,false,0.8907200829598887,0.6303498667032996,-Inf,5487
4975,false,0.8907200804532579,0.6303498667032996,-0.34783850794915827,5488
4976,false,0.8907196280015228,0.6303498667032996,-0.28061731282106206,5489
4977,false,0.8907179053505014,0.6303498667032996,-0.35625917097776705,5490
4978,false,0.8907178667321075,0.6303498667032996,-0.3493007724306938,5491
4979,false,0.8907157722199619,0.6303498667032996,-0.3560231610284632,5492
4980,false,0.8907153662195313,0.6303498667032996,-0.3601732522057297,5493
4981,false,0.8907129319436144,0.6303498667032996,-Inf,5494
4982,false,0.8907128001442776,0.6303498667032996,-0.345583118127075,5495
4983,false,0.8907099136275287,0.6303498667032996,-0.35847627111402736,5496
4984,false,0.8907039383758143,0.6303498667032996,-0.355822691043885,5497
4985,false,0.8906997013603632,0.6303498667032996,-0.354055152921811,5498
4986,false,0.890692877356897,0.6303498667032996,-0.3546584490399174,5499
4987,false,0.8906890516520746,0.6303498667032996,-0.36914470553946443,5500
4988,false,0.8906887989535093,0.6303498667032996,-Inf,5501
4989,false,0.8906887620684498,0.6303498667032996,-Inf,5502
4990,false,0.8906887621974786,0.6303498667032996,-Inf,5503
4991,false,0.8906887621034638,0.6303498667032996,-Inf,5504
4992,false,0.8906887620519754,0.6303498667032996,-0.3630752794114891,5505
4993,false,0.8906877765708201,0.6303498667032996,-Inf,5506
4994,false,0.8906877745012474,0.6303498667032996,-Inf,5507
4995,false,0.8906877731359708,0.6303498667032996,-0.37341685925775336,5508
4996,false,0.8906816061689008,0.6303498667032996,-0.30498210711099194,5509
4997,false,0.8906804118931022,0.6303498667032996,-0.37891779828719097,5510
4998,false,0.8906798777608902,0.6303498667032996,-0.3771528175736627,5511
4999,false,0.890679349890566,0.6303498667032996,-0.2931808315020047,5512
5000,false,0.8906790166361078,0.6303498667032996,-0.37883711085447613,5513
5001,false,0.8906565467667782,0.6303498667032996,-0.37684756851522994,5514
5002,false,0.89064939355636,0.6303498667032996,-0.37194784617756094,5515
5003,false,0.8906492522497921,0.6303498667032996,-0.36683306123346326,5516
5004,false,0.8906488396206012,0.6303498667032996,-0.36868376630128497,5517
5005,false,0.8906460679201835,0.6303498667032996,-0.3685811256832281,5518
5006,false,0.890645972207285,0.6303498667032996,-0.2946987645103438,5519
5007,false,0.8906447608110362,0.6303498667032996,-0.37148982572856937,5520
5008,false,0.8906407388348283,0.6303498667032996,-0.3600088472985581,5521
5009,false,0.8906395281968255,0.6303498667032996,-0.35530975750352434,5522
5010,false,0.8906286698113366,0.6303498667032996,-0.372516851676882,5523
5011,false,0.8906185911982665,0.6303498667032996,-0.367543121156403,5524
5012,false,0.8906152161093006,0.6303498667032996,-0.36714558162746525,5525
5013,false,0.8906146349619464,0.6303498667032996,-0.3654090389153436,5526
5014,false,0.8906142671571182,0.6303498667032996,-0.282886148301446,5527
5015,false,0.8906050349808136,0.6303498667032996,-0.3579718612766921,5528
5016,false,0.8906024874682954,0.6303498667032996,-0.28435104190425253,5529
5017,false,0.8905730452630409,0.6303498667032996,-Inf,5530
5018,false,0.8905730403181984,0.6303498667032996,-0.38525869540614477,5531
5019,false,0.890569619086684,0.6303498667032996,-0.305123935045431,5532
5020,false,0.8905674637290386,0.6303498667032996,-Inf,5533
5021,false,0.8905674635697151,0.6303498667032996,-0.3950234744598839,5534
5022,false,0.890567444703701,0.6303498667032996,-0.3920899515475452,5535
5023,false,0.8905665219589255,0.6303498667032996,-0.39384661870859106,5536
5024,false,0.8905634750580582,0.6303498667032996,-Inf,5537
5025,false,0.890563464441466,0.6303498667032996,-Inf,5538
5026,false,0.8905634643698341,0.6303498667032996,-0.39320810837129716,5539
5027,false,0.8905630367122175,0.6303498667032996,-Inf,5540
5028,false,0.8905630359481993,0.6303498667032996,-0.38932380665942823,5541
5029,false,0.8905611870007488,0.6303498667032996,-Inf,5542
5030,false,0.8905611827220714,0.6303498667032996,-Inf,5543
5031,false,0.890561177155927,0.6303498667032996,-Inf,5544
5032,false,0.8905611755474011,0.6303498667032996,-Inf,5545
5033,false,0.8905611719716663,0.6303498667032996,-Inf,5546
5034,false,0.8905611723819999,0.6303498667032996,-0.2935439906593844,5547
5035,false,0.8905598672573849,0.6303498667032996,-Inf,5548
5036,false,0.8905597856236268,0.6303498667032996,-Inf,5549
5037,false,0.8905597771875073,0.6303498667032996,-0.38611641000945607,5550
5038,false,0.8905597085421508,0.6303498667032996,-0.38297873058936194,5551
5039,false,0.8905596995106886,0.6303498667032996,-0.3832596531185115,5552
5040,false,0.890559697264856,0.6303498667032996,-0.2989334249327318,5553
5041,false,0.8905591017760136,0.6303498667032996,-0.38906510676075645,5554
5042,false,0.8905587812944042,0.6303498667032996,-0.30595818381899664,5555
5043,false,0.890557552931892,0.6303498667032996,-0.3834334698500447,5556
5044,false,0.8905572616817521,0.6303498667032996,-0.37847976889519597,5557
5045,false,0.8905572412655186,0.6303498667032996,-0.29778022133664284,5558
5046,false,0.890555857066395,0.6303498667032996,-Inf,5559
5047,false,0.8905551780436268,0.6303498667032996,-Inf,5560
5048,false,0.8905548649896275,0.6303498667032996,-Inf,5561
5049,false,0.8905545709402372,0.6303498667032996,-Inf,5562
5050,false,0.8905542423962762,0.6303498667032996,-0.3891567564042635,5563
5051,false,0.8905470578439763,0.6303498667032996,-0.3154212239001103,5564
5052,false,0.8905458337521823,0.6303498667032996,-0.4114903805344021,5565
5053,false,0.8905453741534508,0.6303498667032996,-0.3186324276197574,5566
5054,false,0.8905442041681901,0.6303498667032996,-0.3998020444143684,5567
5055,false,0.8905390578321755,0.6303498667032996,-Inf,5568
5056,false,0.8905390572469334,0.6303498667032996,-0.39857428524096716,5569
5057,false,0.8905386155887083,0.6303498667032996,-0.4026151468321598,5570
5058,false,0.8905382777785883,0.6303498667032996,-0.3970549764845993,5571
5059,false,0.8905380254190005,0.6303498667032996,-0.3999631588655923,5572
5060,false,0.8905377345025264,0.6303498667032996,-Inf,5573
5061,false,0.8905377118268168,0.6303498667032996,-Inf,5574
5062,false,0.8905377117754001,0.6303498667032996,-Inf,5575
5063,false,0.8905377108538559,0.6303498667032996,-Inf,5576
5064,false,0.8905377096585978,0.6303498667032996,-0.40854938367040905,5577
5065,false,0.8905375477598307,0.6303498667032996,-Inf,5578
5066,false,0.8905374954308503,0.6303498667032996,-0.40639028527034304,5579
5067,false,0.8905374682036609,0.6303498667032996,-0.3136662131812642,5580
5068,false,0.8905362665677515,0.6303498667032996,-0.412904969103997,5581
5069,false,0.8905358602003854,0.6303498667032996,-0.4059875976036754,5582
5070,false,0.8905357447731852,0.6303498667032996,-0.4071684316187958,5583
5071,false,0.8905355834108453,0.6303498667032996,-Inf,5584
5072,false,0.8905355720443482,0.6303498667032996,-Inf,5585
5073,false,0.8905355699713147,0.6303498667032996,-0.4063812666440152,5586
5074,false,0.8905353671698514,0.6303498667032996,-Inf,5587
5075,false,0.8905353627905481,0.6303498667032996,-0.40755042092190097,5588
5076,false,0.8905348335856456,0.6303498667032996,-0.4096066850234683,5589
5077,false,0.8905345735135854,0.6303498667032996,-0.40569732240294265,5590
5078,false,0.8905343332691611,0.6303498667032996,-Inf,5591
5079,false,0.8905343302324736,0.6303498667032996,-Inf,5592
5080,false,0.8905343294339122,0.6303498667032996,-0.3156682178523388,5593
5081,false,0.890533812978221,0.6303498667032996,-0.40068033788837576,5594
5082,false,0.8905337805318507,0.6303498667032996,-0.40050631209430465,5595
5083,false,0.8905337496718746,0.6303498667032996,-0.398895502765064,5596
5084,false,0.8905303031808369,0.6303498667032996,-Inf,5597
5085,false,0.8905302656182048,0.6303498667032996,-Inf,5598
5086,false,0.8905302629545269,0.6303498667032996,-Inf,5599
5087,false,0.8905302627378653,0.6303498667032996,-Inf,5600
5088,false,0.8905302627213509,0.6303498667032996,-Inf,5601
5089,false,0.8905302627359153,0.6303498667032996,-0.4115678637413188,5602
5090,false,0.8905299465463172,0.6303498667032996,-Inf,5603
5091,false,0.8905299368980977,0.6303498667032996,-Inf,5604
5092,false,0.8905299342750146,0.6303498667032996,-0.41083335642886665,5605
5093,false,0.8905298322327106,0.6303498667032996,-0.3156934630297197,5606
5094,false,0.8905286059495481,0.6303498667032996,-Inf,5607
5095,false,0.8905286043439369,0.6303498667032996,-0.4124106615587766,5608
5096,false,0.8905285177107307,0.6303498667032996,-0.413554536526471,5609
5097,false,0.8905284197383692,0.6303498667032996,-0.41542555493325384,5610
5098,false,0.8905280077461049,0.6303498667032996,-0.40895838629083325,5611
5099,false,0.8905279854880224,0.6303498667032996,-0.40925212273626155,5612
5100,false,0.8905279821128378,0.6303498667032996,-Inf,5613
5101,false,0.8905279819615755,0.6303498667032996,-Inf,5614
5102,false,0.8905279820436314,0.6303498667032996,-Inf,5615
5103,false,0.8905279820357693,0.6303498667032996,-0.4093463970536244,5616
5104,false,0.8905279706617124,0.6303498667032996,-0.40912273721212333,5617
5105,false,0.8905279700477307,0.6303498667032996,-0.4091570271255742,5618
5106,false,0.8905279557264555,0.6303498667032996,-0.40858316154406193,5619
5107,false,0.8905275840190425,0.6303498667032996,-0.4146419894050173,5620
5108,false,0.8905271757211775,0.6303498667032996,-Inf,5621
5109,false,0.8905271286035203,0.6303498667032996,-Inf,5622
5110,false,0.8905270876499722,0.6303498667032996,-0.41407735073887686,5623
5111,false,0.8905269809102411,0.6303498667032996,-0.41433635042780315,5624
5112,false,0.8905269401766885,0.6303498667032996,-0.3191331732614243,5625
5113,false,0.890522931168305,0.6303498667032996,-0.4148832857418038,5626
5114,false,0.8905228824958034,0.6303498667032996,-0.4133789124558831,5627
5115,false,0.89052285167945,0.6303498667032996,-0.4134723032764601,5628
5116,false,0.8905222438696313,0.6303498667032996,-0.40703736214183694,5629
5117,false,0.8905221840427839,0.6303498667032996,-0.4069695928200202,5630
5118,false,0.8905221558882772,0.6303498667032996,-0.4078755209054403,5631
5119,false,0.8905221499091382,0.6303498667032996,-0.40614815908940116,5632
5120,false,0.8905212726718295,0.6303498667032996,-Inf,5633
5121,false,0.8905209960795522,0.6303498667032996,-0.4093208268804376,5634
5122,false,0.8905209901961131,0.6303498667032996,-Inf,5635
5123,false,0.8905209724672657,0.6303498667032996,-Inf,5636
5124,false,0.8905206064968062,0.6303498667032996,-0.40891425514445234,5637
5125,false,0.8905205788160225,0.6303498667032996,-0.406839657974848,5638
5126,false,0.8905203631491844,0.6303498667032996,-0.4138817087479093,5639
5127,false,0.8905181480099087,0.6303498667032996,-0.4071971543804478,5640
5128,false,0.8905181208094245,0.6303498667032996,-0.4079212386377661,5641
5129,false,0.8905181198882368,0.6303498667032996,-0.4079575523040575,5642
5130,false,0.8905181197836967,0.6303498667032996,-0.3200443248253311,5643
5131,false,0.8905177135137976,0.6303498667032996,-0.40164191347706746,5644
5132,false,0.8905176895200966,0.6303498667032996,-0.3122433996275982,5645
5133,false,0.890515816027235,0.6303498667032996,-Inf,5646
5134,false,0.8905149795673051,0.6303498667032996,-0.4036434568756402,5647
5135,false,0.890514814185863,0.6303498667032996,-0.397862610654484,5648
5136,false,0.8905070931000758,0.6303498667032996,-Inf,5649
5137,false,0.890506992779195,0.6303498667032996,-Inf,5650
5138,false,0.8905069833298302,0.6303498667032996,-Inf,5651
5139,false,0.8905069804118622,0.6303498667032996,-0.39224694776957847,5652
5140,false,0.8905068828928848,0.6303498667032996,-0.39134561435415893,5653
5141,false,0.890506873130909,0.6303498667032996,-0.38844317215628976,5654
5142,false,0.8905068710932859,0.6303498667032996,-0.38912794977044296,5655
5143,false,0.8905068702872126,0.6303498667032996,-0.38884828458188936,5656
5144,false,0.8905068693505527,0.6303498667032996,-0.3186606202345992,5657
5145,false,0.8905051883346031,0.6303498667032996,-Inf,5658
5146,false,0.8905051704999807,0.6303498667032996,-0.38855938482361463,5659
5147,false,0.8905051606109307,0.6303498667032996,-0.3889374164588135,5660
5148,false,0.8905051582137465,0.6303498667032996,-0.38833175603586234,5661
5149,false,0.8905051570199616,0.6303498667032996,-0.3883611309532222,5662
5150,false,0.8905051581352154,0.6303498667032996,-0.38834862536830295,5663
5151,false,0.8905051580904615,0.6303498667032996,-0.3095056167562549,5664
5152,false,0.8905049917139172,0.6303498667032996,-Inf,5665
5153,false,0.8905049722349305,0.6303498667032996,-0.38619779792074427,5666
5154,false,0.8905049719082765,0.6303498667032996,-0.38558020756340383,5667
5155,false,0.8905041946444247,0.6303498667032996,-0.38466794359575596,5668
5156,false,0.890504187720583,0.6303498667032996,-0.38427100389609103,5669
5157,false,0.8905041875906329,0.6303498667032996,-0.38425070306199127,5670
5158,false,0.8905041876695056,0.6303498667032996,-0.3049290078587157,5671
5159,false,0.8905039129384879,0.6303498667032996,-0.3791581629748435,5672
5160,false,0.890503892170255,0.6303498667032996,-0.37899905525362976,5673
5161,false,0.8905038916619922,0.6303498667032996,-0.291986240514886,5674
5162,false,0.8905034010960222,0.6303498667032996,-0.3842397861361493,5675
5163,false,0.8905033926162109,0.6303498667032996,-0.3829138283415514,5676
5164,false,0.8905033919721382,0.6303498667032996,-0.38353391756182875,5677
5165,false,0.8905033911977325,0.6303498667032996,-0.38363107060669843,5678
5166,false,0.8905033910986786,0.6303498667032996,-0.3836766893705057,5679
5167,false,0.8905033908461405,0.6303498667032996,-0.3835688438209208,5680
5168,false,0.8905033908052296,0.6303498667032996,-0.3836006074250473,5681
5169,false,0.89050339082472,0.6303498667032996,-0.3835971006869956,5682
5170,false,0.8905033907846815,0.6303498667032996,-0.3836162611104428,5683
5171,false,0.8905033907994895,0.6303498667032996,-0.2965383541503339,5684
5172,false,0.890503355288604,0.6303498667032996,-0.38296072975207107,5685
5173,false,0.8905033551003264,0.6303498667032996,-0.38321958996320726,5686
5174,false,0.89050335474035,0.6303498667032996,-0.3834516756238612,5687
5175,false,0.8905033549356293,0.6303498667032996,-0.3830909223836775,5688
5176,false,0.8905033548044639,0.6303498667032996,-0.29553238503882184,5689
5177,false,0.8905033306117773,0.6303498667032996,-Inf,5690
5178,false,0.8905033273651457,0.6303498667032996,-Inf,5691
5179,false,0.8905033303653863,0.6303498667032996,-0.38489211078345487,5692
5180,false,0.8905033296679312,0.6303498667032996,-0.38509093039068265,5693
5181,false,0.890503329541729,0.6303498667032996,-0.29655911762051657,5694
5182,false,0.8905033135111176,0.6303498667032996,-0.38202366935621,5695
5183,false,0.8905033144441844,0.6303498667032996,-0.3821842860994692,5696
5184,false,0.8905033123251801,0.6303498667032996,-0.3822255515395654,5697
5185,false,0.8905033116432555,0.6303498667032996,-0.38220804895000926,5698
5186,false,0.890503312338063,0.6303498667032996,-0.3821821988639248,5699
5187,false,0.8905033122517656,0.6303498667032996,-0.29302239843851563,5700
5188,false,0.8905032931592766,0.6303498667032996,-0.38324955885552225,5701
5189,false,0.8905032922244845,0.6303498667032996,-0.3832679643310455,5702
5190,false,0.890503291035468,0.6303498667032996,-0.38302726185055325,5703
5191,false,0.8905032909480273,0.6303498667032996,-0.38307403695099307,5704
5192,false,0.8905032906772361,0.6303498667032996,-0.3830594203744335,5705
5193,false,0.8905032904726056,0.6303498667032996,-0.2951349822187398,5706
5194,false,0.8905032824841373,0.6303498667032996,-Inf,5707
5195,false,0.8905032807417594,0.6303498667032996,-0.38303059585775223,5708
5196,false,0.890503280786219,0.6303498667032996,-0.29650495397665866,5709
5197,false,0.8905032800683426,0.6303498667032996,-0.3832575391004047,5710
5198,false,0.8905032797022643,0.6303498667032996,-0.3833137947012393,5711
5199,false,0.8905032799897716,0.6303498667032996,-0.38326367559486396,5712
5200,false,0.8905032799007326,0.6303498667032996,-0.29649144618391077,5713
5201,false,0.8905032421158103,0.6303498667032996,-0.3833279078124554,5714
5202,false,0.8905032419338981,0.6303498667032996,-0.38332239443736205,5715
5203,false,0.8905032419265821,0.6303498667032996,-0.2961163759473502,5716
5204,false,0.8905032350259465,0.6303498667032996,-Inf,5717
5205,false,0.8905032340635539,0.6303498667032996,-0.3835168907208295,5718
5206,false,0.8905032319878855,0.6303498667032996,-Inf,5719
5207,false,0.8905032312252645,0.6303498667032996,-Inf,5720
5208,false,0.8905032300232785,0.6303498667032996,-0.38316421048275284,5721
5209,false,0.8905032299244627,0.6303498667032996,-0.38326280453727934,5722
5210,false,0.8905032296822637,0.6303498667032996,-0.29527448174567394,5723
5211,false,0.8905032261052016,0.6303498667032996,-0.38312463022338505,5724
5212,false,0.890503225516073,0.6303498667032996,-0.38318511973671365,5725
5213,false,0.8905032255994393,0.6303498667032996,-0.29598647685531787,5726
5214,false,0.8905032069156483,0.6303498667032996,-0.3829190052556889,5727
5215,false,0.8905032064728862,0.6303498667032996,-0.2956525105778911,5728
5216,false,0.8905031963637602,0.6303498667032996,-0.3833215993311321,5729
5217,false,0.890503196278047,0.6303498667032996,-0.38329249801439325,5730
5218,false,0.8905031962598962,0.6303498667032996,-0.38331277953876874,5731
5219,false,0.890503196252286,0.6303498667032996,-0.38331467861746327,5732
5220,false,0.8905031960203116,0.6303498667032996,-0.29646869010419175,5733
5221,false,0.8905031925784195,0.6303498667032996,-0.3834585620151787,5734
5222,false,0.89050319238886,0.6303498667032996,-0.3834526736659061,5735
5223,false,0.8905031923133777,0.6303498667032996,-0.2968992411568123,5736
5224,false,0.8905031914673645,0.6303498667032996,-0.3833096902539235,5737
5225,false,0.8905031915908486,0.6303498667032996,-0.38331511337076785,5738
5226,false,0.890503191468289,0.6303498667032996,-0.38331794548278353,5739
5227,false,0.8905031913322814,0.6303498667032996,-0.29606949214986056,5740
5228,false,0.8905031901165604,0.6303498667032996,-0.3834004519218108,5741
5229,false,0.8905031897940218,0.6303498667032996,-0.2967954555959088,5742
5230,false,0.8905031900321398,0.6303498667032996,-0.3833878963957076,5743
5231,false,0.8905031899534064,0.6303498667032996,-0.29682147012608007,5744
5232,false,0.8905031896589115,0.6303498667032996,-0.2962770165748977,5745
5233,false,0.8905025505729909,0.6303498667032996,-Inf,5746
5234,false,0.8905025040258154,0.6303498667032996,-Inf,5747
5235,false,0.8905025097600696,0.6303498667032996,-Inf,5748
5236,false,0.8905025041933508,0.6303498667032996,-Inf,5749
5237,false,0.8905025082889972,0.6303498667032996,-Inf,5750
5238,false,0.8905025076155615,0.6303498667032996,-Inf,5751
5239,false,0.8905025072711434,0.6303498667032996,-Inf,5752
5240,false,0.890502507609014,0.6303498667032996,-Inf,5753
5241,false,0.8905025075740157,0.6303498667032996,-Inf,5754
5242,false,0.8905025074760625,0.6303498667032996,-Inf,5755
5243,false,0.890502507446826,0.6303498667032996,-0.3906800117201419,5756
5244,false,0.8905024976240556,0.6303498667032996,-0.39001784329464284,5757
5245,false,0.8905024961653787,0.6303498667032996,-Inf,5758
5246,false,0.8905024950677096,0.6303498667032996,-Inf,5759
5247,false,0.8905024951743397,0.6303498667032996,-Inf,5760
5248,false,0.8905024951139193,0.6303498667032996,-Inf,5761
5249,false,0.8905024951177287,0.6303498667032996,-Inf,5762
5250,false,0.890502495102103,0.6303498667032996,-0.38941392764306393,5763
5251,false,0.8905024927390508,0.6303498667032996,-Inf,5764
5252,false,0.8905024917142519,0.6303498667032996,-Inf,5765
5253,false,0.8905024911813209,0.6303498667032996,-0.308414978993113,5766
5254,false,0.8905010131863818,0.6303498667032996,-0.38479919150845054,5767
5255,false,0.8905009975495632,0.6303498667032996,-0.38438257890038674,5768
5256,false,0.8905009971280813,0.6303498667032996,-0.30652282021935484,5769
5257,false,0.8905008605765066,0.6303498667032996,-0.3846626779713683,5770
5258,false,0.8905008601710835,0.6303498667032996,-0.38395976676670307,5771
5259,false,0.8905008598970021,0.6303498667032996,-0.38345235662742017,5772
5260,false,0.8905008595330374,0.6303498667032996,-Inf,5773
5261,false,0.8905008594123714,0.6303498667032996,-0.3830731830389834,5774
5262,false,0.8905008593504311,0.6303498667032996,-0.3833680606307288,5775
5263,false,0.8905008593492318,0.6303498667032996,-0.383519556660777,5776
5264,false,0.8905008592483956,0.6303498667032996,-0.383278395814161,5777
5265,false,0.8905008592234955,0.6303498667032996,-0.3043228783452623,5778
5266,false,0.8905001647402149,0.6303498667032996,-0.32442751875885667,5779
5267,false,0.8904999640141806,0.6303498667032996,-0.39838199249655837,5780
5268,false,0.8904995396077737,0.6303498667032996,-0.39694644672643375,5781
5269,false,0.8904991764110677,0.6303498667032996,-Inf,5782
5270,false,0.8904991763877674,0.6303498667032996,-0.40208742013165244,5783
5271,false,0.8904991697697379,0.6303498667032996,-Inf,5784
5272,false,0.8904991679016124,0.6303498667032996,-0.4026236210618107,5785
5273,false,0.8904991466954706,0.6303498667032996,-0.40173733339013085,5786
5274,false,0.8904990936363757,0.6303498667032996,-0.40155493293243255,5787
5275,false,0.8904980221712413,0.6303498667032996,-0.3942369076127368,5788
5276,false,0.8904980188689857,0.6303498667032996,-0.392854806693397,5789
5277,false,0.8904963563455404,0.6303498667032996,-Inf,5790
5278,false,0.8904963246795919,0.6303498667032996,-0.3998105893172957,5791
5279,false,0.890496301547958,0.6303498667032996,-0.3980319169398351,5792
5280,false,0.8904963006279794,0.6303498667032996,-0.3156895751013332,5793
5281,false,0.8904933672078901,0.6303498667032996,-0.402372123875779,5794
5282,false,0.8904933619328654,0.6303498667032996,-0.4021968401427295,5795
5283,false,0.8904933619933254,0.6303498667032996,-0.40232242701906973,5796
5284,false,0.8904933618441966,0.6303498667032996,-0.40223721177549265,5797
5285,false,0.8904933619672752,0.6303498667032996,-0.3147341628057998,5798
5286,false,0.8904927998216259,0.6303498667032996,-0.3154485729881227,5799
5287,false,0.8904925538406836,0.6303498667032996,-0.3079774108277711,5800
5288,false,0.8904922301205,0.6303498667032996,-0.3961216698797182,5801
5289,false,0.8904922175558507,0.6303498667032996,-0.3959592955006386,5802
5290,false,0.8904922174030342,0.6303498667032996,-0.31325432989885504,5803
5291,false,0.8904920130507505,0.6303498667032996,-Inf,5804
5292,false,0.8904920125916521,0.6303498667032996,-0.39772714529087805,5805
5293,false,0.8904920087434602,0.6303498667032996,-0.3977152122916232,5806
5294,false,0.8904920087196637,0.6303498667032996,-0.397710848047542,5807
5295,false,0.8904920086566803,0.6303498667032996,-0.3067617882714835,5808
5296,false,0.8904919322862066,0.6303498667032996,-0.39984417401933436,5809
5297,false,0.8904919297350901,0.6303498667032996,-0.3092490255379986,5810
5298,false,0.8904916028802397,0.6303498667032996,-0.3890174882926143,5811
5299,false,0.8904915840566685,0.6303498667032996,-0.38898025568028394,5812
5300,false,0.8904915833310743,0.6303498667032996,-0.3888266979412762,5813
5301,false,0.8904915830356432,0.6303498667032996,-0.38880542633900417,5814
5302,false,0.8904915830623761,0.6303498667032996,-0.30443393755168935,5815
5303,false,0.8904911772907349,0.6303498667032996,-0.39091102383164067,5816
5304,false,0.8904911749234891,0.6303498667032996,-0.39031075901292456,5817
5305,false,0.890491174909422,0.6303498667032996,-0.39025502027052905,5818
5306,false,0.8904911746244702,0.6303498667032996,-0.30586519507557586,5819
5307,false,0.8904909920056396,0.6303498667032996,-0.3889078385504756,5820
5308,false,0.8904840726842504,0.6303498667032996,-Inf,5821
5309,false,0.8904839057721037,0.6303498667032996,-Inf,5822
5310,false,0.8904838909024855,0.6303498667032996,-Inf,5823
5311,false,0.8904838541938327,0.6303498667032996,-Inf,5824
5312,false,0.8904838498405527,0.6303498667032996,-Inf,5825
5313,false,0.8904838469917038,0.6303498667032996,-Inf,5826
5314,false,0.8904838443931284,0.6303498667032996,-Inf,5827
5315,false,0.8904838395936372,0.6303498667032996,-Inf,5828
5316,false,0.8904838393782488,0.6303498667032996,-0.4112376118965656,5829
5317,false,0.8904837861306727,0.6303498667032996,-Inf,5830
5318,false,0.8904837849500696,0.6303498667032996,-Inf,5831
5319,false,0.8904837840688488,0.6303498667032996,-Inf,5832
5320,false,0.8904837832048729,0.6303498667032996,-Inf,5833
5321,false,0.8904837823626254,0.6303498667032996,-Inf,5834
5322,false,0.8904837813419268,0.6303498667032996,-0.41019056182839986,5835
5323,false,0.8904837763644833,0.6303498667032996,-Inf,5836
5324,false,0.8904837743341715,0.6303498667032996,-Inf,5837
5325,false,0.8904837742637781,0.6303498667032996,-0.4076525420234738,5838
5326,false,0.8904824430800312,0.6303498667032996,-Inf,5839
5327,false,0.8904823757383573,0.6303498667032996,-0.30874512077029426,5840
5328,false,0.8904813574864927,0.6303498667032996,-0.31200986413513565,5841
5329,false,0.8904805175054634,0.6303498667032996,-0.4099744470447493,5842
5330,false,0.8904800531145207,0.6303498667032996,-Inf,5843
5331,false,0.8904799854235356,0.6303498667032996,-0.41310338575878114,5844
5332,false,0.8904799813682993,0.6303498667032996,-0.41028365840385905,5845
5333,false,0.8904799725111102,0.6303498667032996,-0.3183958531322949,5846
5334,false,0.8904795913070545,0.6303498667032996,-Inf,5847
5335,false,0.8904795790621671,0.6303498667032996,-Inf,5848
5336,false,0.8904795768456709,0.6303498667032996,-Inf,5849
5337,false,0.8904795765827112,0.6303498667032996,-Inf,5850
5338,false,0.8904795765523246,0.6303498667032996,-Inf,5851
5339,false,0.8904795765113604,0.6303498667032996,-Inf,5852
5340,false,0.8904795761180297,0.6303498667032996,-0.31196538972805765,5853
5341,false,0.8904791490632208,0.6303498667032996,-Inf,5854
5342,false,0.8904790893349148,0.6303498667032996,-0.40397228154789666,5855
5343,false,0.8904790891140084,0.6303498667032996,-Inf,5856
5344,false,0.8904790892415559,0.6303498667032996,-Inf,5857
5345,false,0.8904790892871555,0.6303498667032996,-0.3162648993301991,5858
5346,false,0.8904789956957471,0.6303498667032996,-0.4061169772147961,5859
5347,false,0.8904789982772879,0.6303498667032996,-0.4060311701075068,5860
5348,false,0.8904789982034123,0.6303498667032996,-0.31146983532993033,5861
5349,false,0.8904788702274289,0.6303498667032996,-0.3143493796592438,5862
5350,false,0.8904787715655758,0.6303498667032996,-0.32292725263638467,5863
5351,false,0.8904787063914498,0.6303498667032996,-0.4092861744434336,5864
5352,false,0.8904786882210968,0.6303498667032996,-0.31912737550792547,5865
5353,false,0.890478692932912,0.6303498667032996,-0.40607651680857126,5866
5354,false,0.89047869162204,0.6303498667032996,-0.3132307184352343,5867
5355,false,0.890478640207017,0.6303498667032996,-0.40892760347862855,5868
5356,false,0.8904786397641951,0.6303498667032996,-0.3175801328790979,5869
5357,false,0.8904785565731976,0.6303498667032996,-0.40759138915989723,5870
5358,false,0.8904785545028497,0.6303498667032996,-0.40722582803270857,5871
5359,false,0.8904785545441103,0.6303498667032996,-0.4075701317571492,5872
5360,false,0.8904785544523849,0.6303498667032996,-0.31435127892894277,5873
5361,false,0.8904784401570973,0.6303498667032996,-0.41288553386824756,5874
5362,false,0.8904784488703923,0.6303498667032996,-0.4136585598848965,5875
5363,false,0.890478435422539,0.6303498667032996,-0.29789972730674186,5876
5364,false,0.890478390273838,0.6303498667032996,-0.4110712731930928,5877
5365,false,0.8904783896234518,0.6303498667032996,-0.4109214735564637,5878
5366,false,0.8904783895788584,0.6303498667032996,-0.2931970207976744,5879
5367,false,0.8904774483970779,0.6303498667032996,-Inf,5880
5368,false,0.8904774411964178,0.6303498667032996,-0.4033094009738969,5881
5369,false,0.8904773789148268,0.6303498667032996,-0.40251215748230806,5882
5370,false,0.8904773777955827,0.6303498667032996,-0.40294346109803925,5883
5371,false,0.8904773754424051,0.6303498667032996,-0.40270747052983147,5884
5372,false,0.8904773751341957,0.6303498667032996,-0.4028207447884755,5885
5373,false,0.8904773750860634,0.6303498667032996,-0.40287300559915096,5886
5374,false,0.8904773750507656,0.6303498667032996,-0.40289343323148563,5887
5375,false,0.8904773749844233,0.6303498667032996,-0.40290234814658854,5888
5376,false,0.8904773750176336,0.6303498667032996,-0.4029088812565619,5889
5377,false,0.8904773750159475,0.6303498667032996,-0.4029106065900493,5890
5378,false,0.8904773750113375,0.6303498667032996,-0.40291163119841544,5891
5379,false,0.8904773749401749,0.6303498667032996,-0.3118626895466279,5892
5380,false,0.8904772523560629,0.6303498667032996,-Inf,5893
5381,false,0.8904772513950152,0.6303498667032996,-0.4081267667781824,5894
5382,false,0.8904772498995825,0.6303498667032996,-0.4080176106221174,5895
5383,false,0.8904772498699219,0.6303498667032996,-0.3138865466881151,5896
5384,false,0.8904770631781185,0.6303498667032996,-Inf,5897
5385,false,0.8904770579138317,0.6303498667032996,-Inf,5898
5386,false,0.8904770459071256,0.6303498667032996,-0.40792931842084956,5899
5387,false,0.8904770453245412,0.6303498667032996,-0.30921578090816393,5900
5388,false,0.8904766970361986,0.6303498667032996,-0.40516662988771657,5901
5389,false,0.8904766907571959,0.6303498667032996,-Inf,5902
5390,false,0.8904766651364688,0.6303498667032996,-Inf,5903
5391,false,0.8904766634075183,0.6303498667032996,-0.4051764704534544,5904
5392,false,0.8904766631938021,0.6303498667032996,-0.3066215922746518,5905
5393,false,0.8904764040409354,0.6303498667032996,-0.4051224223451335,5906
5394,false,0.8904763744036341,0.6303498667032996,-Inf,5907
5395,false,0.8904763618369361,0.6303498667032996,-0.4047518675881644,5908
5396,false,0.8904763603633912,0.6303498667032996,-0.4047513699130585,5909
5397,false,0.8904763567950196,0.6303498667032996,-0.3081247283579831,5910
5398,false,0.8904762169955168,0.6303498667032996,-0.4023049616752946,5911
5399,false,0.8904762035385847,0.6303498667032996,-0.4004569472391453,5912
5400,false,0.8904762028929176,0.6303498667032996,-0.40099595633007934,5913
5401,false,0.8904762023793517,0.6303498667032996,-0.40141214991902563,5914
5402,false,0.8904762023122021,0.6303498667032996,-0.4011292077535012,5915
5403,false,0.890476202261477,0.6303498667032996,-0.30572319559769023,5916
5404,false,0.8904760688098581,0.6303498667032996,-0.404740276277489,5917
5405,false,0.8904760579126985,0.6303498667032996,-0.40727098261821815,5918
5406,false,0.8904760563420353,0.6303498667032996,-0.4057501025168311,5919
5407,false,0.8904760549918812,0.6303498667032996,-0.4062788581554847,5920
5408,false,0.8904760545243273,0.6303498667032996,-0.406007487446536,5921
5409,false,0.8904760545641492,0.6303498667032996,-0.40587447269675625,5922
5410,false,0.890476054523116,0.6303498667032996,-0.3108163601976325,5923
5411,false,0.8904760213371432,0.6303498667032996,-0.4068191607574505,5924
5412,false,0.890476013650106,0.6303498667032996,-0.4068406637595139,5925
5413,false,0.8904760136064035,0.6303498667032996,-0.3150492651896235,5926
5414,false,0.8904758325678873,0.6303498667032996,-0.398527137743626,5927
5415,false,0.8904758282123149,0.6303498667032996,-0.3993120870568837,5928
5416,false,0.8904758276839326,0.6303498667032996,-0.39931448638830935,5929
5417,false,0.8904758277225914,0.6303498667032996,-0.3111343904255015,5930
5418,false,0.8904757616832125,0.6303498667032996,-0.40019139838646645,5931
5419,false,0.8904757599413916,0.6303498667032996,-0.40041980072542693,5932
5420,false,0.8904757594245698,0.6303498667032996,-0.4000000099021257,5933
5421,false,0.8904757591129433,0.6303498667032996,-0.40015882704461103,5934
5422,false,0.8904757591094868,0.6303498667032996,-0.40010598671179387,5935
5423,false,0.8904757589919983,0.6303498667032996,-0.30874047304317886,5936
5424,false,0.8904757286343048,0.6303498667032996,-0.4010365831132563,5937
5425,false,0.8904757277946131,0.6303498667032996,-0.4010417341446436,5938
5426,false,0.8904757277942128,0.6303498667032996,-0.30987431065589766,5939
5427,false,0.8904756839637817,0.6303498667032996,-0.4023991432128474,5940
5428,false,0.8904756809473771,0.6303498667032996,-0.4022920893315689,5941
5429,false,0.8904756807995744,0.6303498667032996,-0.30912575937914166,5942
5430,false,0.8904754524180264,0.6303498667032996,-0.4032915682597854,5943
5431,false,0.8904754481416944,0.6303498667032996,-0.4043726694084284,5944
5432,false,0.8904754480292105,0.6303498667032996,-0.40406592924629736,5945
5433,false,0.8904754475814127,0.6303498667032996,-0.4035117697011301,5946
5434,false,0.8904754479079121,0.6303498667032996,-0.4038780687579111,5947
5435,false,0.890475447894473,0.6303498667032996,-0.40404972004817785,5948
5436,false,0.8904754479025618,0.6303498667032996,-0.40402291942259194,5949
5437,false,0.8904754478205293,0.6303498667032996,-0.4040168510864125,5950
5438,false,0.8904754478716953,0.6303498667032996,-0.40400155811268956,5951
5439,false,0.8904754478518193,0.6303498667032996,-0.4039295213932963,5952
5440,false,0.8904754478572039,0.6303498667032996,-0.3090958790520827,5953
5441,false,0.8904752792467787,0.6303498667032996,-0.4032644133058765,5954
5442,false,0.8904752764517552,0.6303498667032996,-0.40364618584187273,5955
5443,false,0.8904752762344601,0.6303498667032996,-0.4035703538093336,5956
5444,false,0.8904752762287247,0.6303498667032996,-0.40356412028551336,5957
5445,false,0.8904752762532149,0.6303498667032996,-0.4033700276534127,5958
5446,false,0.8904752762409152,0.6303498667032996,-0.30950535692958403,5959
5447,false,0.8904752259528249,0.6303498667032996,-0.40245356433182555,5960
5448,false,0.8904752249093929,0.6303498667032996,-0.4017931571521922,5961
5449,false,0.890475223896102,0.6303498667032996,-0.40153475204569844,5962
5450,false,0.8904752235712239,0.6303498667032996,-0.4021298256549153,5963
5451,false,0.8904752232154215,0.6303498667032996,-0.40173688140032426,5964
5452,false,0.8904752231412871,0.6303498667032996,-0.4019389624928884,5965
5453,false,0.8904752230261789,0.6303498667032996,-0.4017125337987172,5966
5454,false,0.890475223100285,0.6303498667032996,-0.4020004666781256,5967
5455,false,0.8904752161495555,0.6303498667032996,-0.30702987055028963,5968
5456,false,0.8904751974243879,0.6303498667032996,-0.4032351351911454,5969
5457,false,0.8904751945460639,0.6303498667032996,-0.40302043571312474,5970
5458,false,0.8904751941578894,0.6303498667032996,-0.4031159883721406,5971
5459,false,0.8904751942216513,0.6303498667032996,-0.40306256831101794,5972
5460,false,0.8904751941544737,0.6303498667032996,-0.403129061798714,5973
5461,false,0.8904751941907914,0.6303498667032996,-0.40306474158036143,5974
5462,false,0.890475194144791,0.6303498667032996,-0.3094452853978813,5975
5463,false,0.8904751895902243,0.6303498667032996,-0.40264308398977233,5976
5464,false,0.8904751891479012,0.6303498667032996,-0.40274989745832634,5977
5465,false,0.8904751891277263,0.6303498667032996,-0.3102895772434354,5978
5466,false,0.8904751276961352,0.6303498667032996,-Inf,5979
5467,false,0.8904751276420942,0.6303498667032996,-0.40143199291185905,5980
5468,false,0.8904751268394205,0.6303498667032996,-Inf,5981
5469,false,0.8904751262328925,0.6303498667032996,-0.40194668526481747,5982
5470,false,0.8904751251543208,0.6303498667032996,-0.40193244292262487,5983
5471,false,0.8904751219384415,0.6303498667032996,-0.30969150717234717,5984
5472,false,0.890475096426911,0.6303498667032996,-0.4039328937467197,5985
5473,false,0.8904750940697981,0.6303498667032996,-0.4028949210273677,5986
5474,false,0.8904750934274257,0.6303498667032996,-0.4029598196786286,5987
5475,false,0.8904750933386529,0.6303498667032996,-0.3087376713703547,5988
5476,false,0.8904749893920652,0.6303498667032996,-Inf,5989
5477,false,0.8904749891585713,0.6303498667032996,-0.40529290841510424,5990
5478,false,0.8904749809187285,0.6303498667032996,-Inf,5991
5479,false,0.8904749865540076,0.6303498667032996,-0.4050625147962137,5992
5480,false,0.8904749862767631,0.6303498667032996,-Inf,5993
5481,false,0.8904749862744581,0.6303498667032996,-0.4053065846814799,5994
5482,false,0.8904749862168982,0.6303498667032996,-0.3117098770136091,5995
5483,false,0.8904748407565819,0.6303498667032996,-0.4030900576386305,5996
5484,false,0.8904748396548969,0.6303498667032996,-0.4021813976984676,5997
5485,false,0.8904748394330376,0.6303498667032996,-0.40227175626034684,5998
5486,false,0.89047483931987,0.6303498667032996,-0.30727234044317486,5999
5487,false,0.8904748359371437,0.6303498667032996,-0.4026420368847985,6000
5488,false,0.8904748350604328,0.6303498667032996,-0.401840145047342,6001
5489,false,0.8904748348902932,0.6303498667032996,-0.3097607156878416,6002
5490,false,0.8904748131391071,0.6303498667032996,-0.4027565990126375,6003
5491,false,0.8904748114167689,0.6303498667032996,-0.40261115316747165,6004
5492,false,0.8904748109841665,0.6303498667032996,-0.4026524161678158,6005
5493,false,0.8904748109950531,0.6303498667032996,-0.4026976722360782,6006
5494,false,0.890474810880812,0.6303498667032996,-0.3101086583447883,6007
5495,false,0.8904747932179328,0.6303498667032996,-0.40161938797354757,6008
5496,false,0.8904747920004454,0.6303498667032996,-0.4016758755355374,6009
5497,false,0.8904747917024439,0.6303498667032996,-0.4017278011748936,6010
5498,false,0.8904747917148472,0.6303498667032996,-0.40167447104181075,6011
5499,false,0.8904747917291649,0.6303498667032996,-0.30808283509659895,6012
5500,false,0.8904746404900634,0.6303498667032996,-0.40255317306059135,6013
5501,false,0.8904746356350506,0.6303498667032996,-0.4025216336739126,6014
5502,false,0.8904746355844162,0.6303498667032996,-0.4025213704477564,6015
5503,false,0.8904746355857287,0.6303498667032996,-0.40252143872954094,6016
5504,false,0.890474635573659,0.6303498667032996,-0.3091656214343852,6017
5505,false,0.890474610482607,0.6303498667032996,-0.4029453912499382,6018
5506,false,0.8904746033397597,0.6303498667032996,-0.3101368808158931,6019
5507,false,0.8904745974195921,0.6303498667032996,-0.4033644576765194,6020
5508,false,0.8904745972221515,0.6303498667032996,-0.4033401144741695,6021
5509,false,0.8904745972219233,0.6303498667032996,-0.4033345074366792,6022
5510,false,0.8904745971933055,0.6303498667032996,-0.31077653445845255,6023
5511,false,0.8904745895594965,0.6303498667032996,-0.40284232045833535,6024
5512,false,0.8904745893351431,0.6303498667032996,-0.4028413644283515,6025
5513,false,0.890474589312255,0.6303498667032996,-0.3099492463266442,6026
5514,false,0.8904745795408122,0.6303498667032996,-0.4035583489419967,6027
5515,false,0.8904745823090667,0.6303498667032996,-0.30939590715933685,6028
5516,false,0.8904745588441846,0.6303498667032996,-0.40358381202410853,6029
5517,false,0.89047455787269,0.6303498667032996,-0.40406182372216193,6030
5518,false,0.89047455761149,0.6303498667032996,-0.4037507532715079,6031
5519,false,0.8904745574545249,0.6303498667032996,-0.40359854078823776,6032
5520,false,0.8904745560262199,0.6303498667032996,-0.40363921696221183,6033
5521,false,0.8904745573851027,0.6303498667032996,-0.3092707740968015,6034
5522,false,0.8904745564487058,0.6303498667032996,-0.4031290089414328,6035
5523,false,0.8904745557868394,0.6303498667032996,-0.403300113629661,6036
5524,false,0.8904745563212277,0.6303498667032996,-0.4033116845144268,6037
5525,false,0.8904745563419292,0.6303498667032996,-0.4036741056213493,6038
5526,false,0.8904745561816608,0.6303498667032996,-0.40358587213037833,6039
5527,false,0.8904745562287548,0.6303498667032996,-0.40356698224937515,6040
5528,false,0.8904745563140908,0.6303498667032996,-0.4030580855098367,6041
5529,false,0.8904745563104299,0.6303498667032996,-0.40313378462285954,6042
5530,false,0.8904745562227852,0.6303498667032996,-0.4030234449542265,6043
5531,false,0.8904745562958256,0.6303498667032996,-0.403162878726238,6044
5532,false,0.8904745559645677,0.6303498667032996,-0.4034385325753179,6045
5533,false,0.890474556292722,0.6303498667032996,-0.3089095117699696,6046
5534,false,0.8904744681057681,0.6303498667032996,-0.4025028137636497,6047
5535,false,0.8904744674328071,0.6303498667032996,-0.30828376296865123,6048
5536,false,0.8904744533159024,0.6303498667032996,-0.40264543825796795,6049
5537,false,0.8904744527398769,0.6303498667032996,-0.3093010220325212,6050
5538,false,0.8904743469655445,0.6303498667032996,-0.402981381597753,6051
5539,false,0.8904743461015114,0.6303498667032996,-0.40305395555428314,6052
5540,false,0.8904743459154396,0.6303498667032996,-0.3129636100239117,6053
5541,false,0.8904743344699542,0.6303498667032996,-0.40330777177269805,6054
5542,false,0.8904743341513468,0.6303498667032996,-0.31332876016125866,6055
5543,false,0.8904743201704632,0.6303498667032996,-0.40203679065713116,6056
5544,false,0.8904743200357761,0.6303498667032996,-0.4023531408998553,6057
5545,false,0.8904743197397722,0.6303498667032996,-0.40223016320225824,6058
5546,false,0.8904743194210589,0.6303498667032996,-0.31096095637096266,6059
5547,false,0.890474317281195,0.6303498667032996,-0.40230574912182415,6060
5548,false,0.8904743172286449,0.6303498667032996,-0.40232546554927817,6061
5549,false,0.8904743170454597,0.6303498667032996,-0.3111623478657565,6062
5550,false,0.8904742654794552,0.6303498667032996,-Inf,6063
5551,false,0.890474263725099,0.6303498667032996,-Inf,6064
5552,false,0.8904742630769742,0.6303498667032996,-Inf,6065
5553,false,0.8904742629634301,0.6303498667032996,-0.40255971919738576,6066
5554,false,0.8904742604681286,0.6303498667032996,-0.4027384761181403,6067
5555,false,0.8904742445677698,0.6303498667032996,-Inf,6068
5556,false,0.8904742605442563,0.6303498667032996,-Inf,6069
5557,false,0.8904742605886553,0.6303498667032996,-Inf,6070
5558,false,0.8904742592951504,0.6303498667032996,-0.40245893276626976,6071
5559,false,0.8904742603836664,0.6303498667032996,-Inf,6072
5560,false,0.890474260371375,0.6303498667032996,-0.4024303037369592,6073
5561,false,0.8904742602719549,0.6303498667032996,-0.402448838157929,6074
5562,false,0.8904742601628288,0.6303498667032996,-0.3107911827442318,6075
5563,false,0.8904742592687798,0.6303498667032996,-0.40287427461664427,6076
5564,false,0.8904742587291818,0.6303498667032996,-0.4028663823668335,6077
5565,false,0.890474258018715,0.6303498667032996,-0.31042602599512925,6078
5566,false,0.8904742412716403,0.6303498667032996,-0.40176359397101147,6079
5567,false,0.8904742405455766,0.6303498667032996,-0.4015447071984104,6080
5568,false,0.8904742402584764,0.6303498667032996,-0.4016737194187183,6081
5569,false,0.8904742401545113,0.6303498667032996,-0.4016169780844795,6082
5570,false,0.8904742387586144,0.6303498667032996,-0.3085769945085972,6083
5571,false,0.890474235515497,0.6303498667032996,-0.40186502373034294,6084
5572,false,0.8904742354025583,0.6303498667032996,-0.4018058864758405,6085
5573,false,0.8904742353264643,0.6303498667032996,-0.30811383392975733,6086
5574,false,0.8904742286571056,0.6303498667032996,-0.40285764350886777,6087
5575,false,0.8904742281207456,0.6303498667032996,-0.40256865436711,6088
5576,false,0.890474227873247,0.6303498667032996,-0.4027566629792597,6089
5577,false,0.8904742277243298,0.6303498667032996,-0.3103583407247148,6090
5578,false,0.8904742263390878,0.6303498667032996,-0.40205914603926685,6091
5579,false,0.8904742229442566,0.6303498667032996,-0.31040380166833215,6092
5580,false,0.8904741904310419,0.6303498667032996,-0.4025274153719117,6093
5581,false,0.8904741892308539,0.6303498667032996,-0.4025077384621336,6094
5582,false,0.8904741892082138,0.6303498667032996,-0.4025116528743311,6095
5583,false,0.8904741892163033,0.6303498667032996,-0.31088306549016453,6096
5584,false,0.8904741808701355,0.6303498667032996,-0.4027244482112012,6097
5585,false,0.8904741805084337,0.6303498667032996,-0.4029786733823648,6098
5586,false,0.8904741730482959,0.6303498667032996,-0.3111106547655522,6099
5587,false,0.890474160822568,0.6303498667032996,-0.40271147395656814,6100
5588,false,0.890474160332893,0.6303498667032996,-0.40249576502816176,6101
5589,false,0.8904741604426568,0.6303498667032996,-0.3117526466290038,6102
5590,false,0.8904741512900164,0.6303498667032996,-0.4023925653806263,6103
5591,false,0.8904741512280603,0.6303498667032996,-0.4024020244607126,6104
5592,false,0.8904741511813197,0.6303498667032996,-0.3110540200520089,6105
5593,false,0.8904741454853111,0.6303498667032996,-0.40212795930540945,6106
5594,false,0.8904741467331083,0.6303498667032996,-0.3104341658065257,6107
5595,false,0.890474140134468,0.6303498667032996,-0.4027132748124269,6108
5596,false,0.8904741397953404,0.6303498667032996,-0.40271827901161705,6109
5597,false,0.8904741396025235,0.6303498667032996,-0.4027229938811363,6110
5598,false,0.8904741395819965,0.6303498667032996,-0.31167936529811124,6111
5599,false,0.8904741366238736,0.6303498667032996,-0.4027430711861608,6112
5600,false,0.8904741365061817,0.6303498667032996,-0.3114545284607173,6113
5601,false,0.8904741037823678,0.6303498667032996,-0.40282103057154917,6114
5602,false,0.8904741034754158,0.6303498667032996,-0.31064734742918665,6115
5603,false,0.8904740866031096,0.6303498667032996,-0.40265556608686603,6116
5604,false,0.8904740893005334,0.6303498667032996,-0.4027078120454073,6117
5605,false,0.8904740894614205,0.6303498667032996,-0.31059540131227115,6118
5606,false,0.8904740723809912,0.6303498667032996,-0.40274171311583373,6119
5607,false,0.8904740715641473,0.6303498667032996,-0.40267722002829887,6120
5608,false,0.8904740712157014,0.6303498667032996,-0.3101421282212583,6121
5609,false,0.8904740711168951,0.6303498667032996,-0.4024813381735569,6122
5610,false,0.890474071038017,0.6303498667032996,-0.4025193571024174,6123
5611,false,0.8904740710534627,0.6303498667032996,-0.4025050335948037,6124
5612,false,0.8904740711205363,0.6303498667032996,-0.4025029110198197,6125
5613,false,0.8904740708739278,0.6303498667032996,-0.31029456081843376,6126
5614,false,0.8904740522543535,0.6303498667032996,-0.4030060251857658,6127
5615,false,0.8904740521102774,0.6303498667032996,-0.40300002374994937,6128
5616,false,0.8904740520036791,0.6303498667032996,-0.3113441276177952,6129
5617,false,0.8904740489640269,0.6303498667032996,-0.4033131487965856,6130
5618,false,0.8904740489056421,0.6303498667032996,-0.40313756853966987,6131
5619,false,0.8904740480444278,0.6303498667032996,-0.4029817712414121,6132
5620,false,0.8904740482785776,0.6303498667032996,-0.40309196531160296,6133
5621,false,0.8904740482836706,0.6303498667032996,-0.40309957176903666,6134
5622,false,0.8904740481980626,0.6303498667032996,-0.31006813346393836,6135
5623,false,0.8904740387339485,0.6303498667032996,-0.4025068420493271,6136
5624,false,0.8904740384860538,0.6303498667032996,-0.4025412250325342,6137
5625,false,0.8904740384321483,0.6303498667032996,-0.3090701221273964,6138
5626,false,0.8904740372164426,0.6303498667032996,-0.40268841811308476,6139
5627,false,0.8904740360208723,0.6303498667032996,-0.3096294260233843,6140
5628,false,0.8904740350185698,0.6303498667032996,-0.40261285515861345,6141
5629,false,0.8904740349875899,0.6303498667032996,-0.4026412587229462,6142
5630,false,0.890474034944398,0.6303498667032996,-0.40266835654390687,6143
5631,false,0.8904740347203353,0.6303498667032996,-0.4027332435530413,6144
5632,true,0.8904740348456581,0.673304367591439,-0.21716966725421916,6145
5633,true,0.8904729843615455,0.6881945823671098,-0.2022784019944357,6146
5634,true,0.8904722982831754,0.6881945823671098,-0.2039381337220978,6147
5635,true,0.8904722064770283,0.6881945823671098,-0.20347583297934135,6148
5636,true,0.8904718847049774,0.6881945823671098,-0.21266225034597552,6149
5637,true,0.8904715976462418,0.6881945823671098,-0.20829372458372464,6150
5638,true,0.890471396684092,0.6881945823671098,-0.2109734136972703,6151
5639,true,0.8904588408940028,0.6881945823671098,-0.20698027037757327,6152
5640,true,0.8904576762918732,0.6881945823671098,-0.21564690901695494,6153
5641,true,0.8904573153530836,0.6881945823671098,-0.21154036208170202,6154
5642,true,0.8904554047243556,0.6881945823671098,-0.2062991984134923,6155
5643,true,0.8904535745341415,0.6881945823671098,-0.21149423973204007,6156
5644,true,0.8904530160963366,0.6881945823671098,-0.20954517810047424,6157
5645,true,0.8904526321515185,0.6881945823671098,-0.20812947592381903,6158
5646,true,0.8904510453626181,0.6881945823671098,-0.20530894112920128,6159
5647,true,0.8904508498641999,0.6884676564343657,-0.20198319342983417,6160
5648,true,0.8904507735569003,0.6894752649026241,-0.20097550865427616,6161
5649,true,0.8904498827450766,0.6918910249014929,-0.19855885784358374,6162
5650,true,0.8904493452013389,0.692391272873417,-0.19805807232792194,6163
5651,true,0.8904485570377454,0.692391272873417,-0.20337625553075656,6164
5652,true,0.8904484923806555,0.692391272873417,-0.2044749525233902,6165
5653,true,0.8904482114381644,0.692391272873417,-0.20144637784557018,6166
5654,true,0.890448059984037,0.692391272873417,-0.19943189959287055,6167
5655,true,0.8904476097814578,0.692391272873417,-0.20084381538989238,6168
5656,true,0.8904474740051422,0.692391272873417,-0.1988427584906698,6169
5657,true,0.8904419641164896,0.692391272873417,-0.20381103934842215,6170
5658,true,0.8904414470006783,0.692391272873417,-0.20362330118193928,6171
5659,true,0.890440941917688,0.692391272873417,-0.20257827841839904,6172
5660,true,0.8904394174599752,0.692391272873417,-0.20388311167756512,6173
5661,true,0.8904378166030339,0.692391272873417,-0.19958105821411254,6174
5662,true,0.89043757012196,0.692391272873417,-0.2040076936783608,6175
5663,true,0.8904371791675549,0.692391272873417,-0.198509919127015,6176
5664,true,0.8904365543606362,0.692391272873417,-0.20556846511229887,6177
5665,true,0.8904363055085871,0.692391272873417,-0.20079436047366217,6178
5666,true,0.8904354448433054,0.692391272873417,-0.20219591394716474,6179
5667,true,0.8904351856761816,0.692391272873417,-0.2035509964120591,6180
5668,true,0.8904348240162311,0.692391272873417,-0.20715027785507234,6181
5669,true,0.8904346671212972,0.6924143998937824,-0.19802026722751476,6182
5670,true,0.8904345408348693,0.6924143998937824,-0.21130006155087178,6183
