iter,zeta,f,pen,residual,grad_norm,z,alm
1,10.0,-0.2827323684931323,0.046835193157167505,0.2164144014550961,0.4163450436116146,0.2827323684931323,0.18561956307854272
2,4.0,-0.0020241390434226356,0.009145021717249941,0.0956296069073273,0.058996655594025824,0.0020241390434226356,-0.20131243946777705
3,10.0,-0.0,0.0040957528508995845,0.06399806911852564,0.003297515653854704,0.0,-0.15439432050465107
4,25.0,-0.006311219997881674,0.0016300505003630623,0.040373883889998276,0.011409648517092138,0.006311219997881674,-0.07759161079320152
5,62.5,-0.01376404411147347,7.310908921071504e-5,0.008550385325277162,0.08640295528173751,0.01376404411147347,-0.016849946977508867
6,25.0,-0.03249277700259286,0.00014501045214716655,0.01204202857275993,0.10542217173195674,0.03249277700259286,-0.03428136075936999
7,10.0,-0.05900771795428971,0.0008155449743937947,0.02855774806236995,0.06884828408500006,0.05900771795428971,-0.05818401494944654
8,4.0,-0.07940985566003173,0.002275492881146709,0.04770212658935353,0.02291380664165423,0.07940985566003173,-0.05699471667922586
9,10.0,-0.06283651829855202,0.0005827931880478328,0.024141109917479617,0.04166262732220549,0.06283651829855202,-0.04020517555649857
10,4.0,-0.032721278538808976,0.0005534359713938839,0.023525219901073906,0.019878844838554604,0.032721278538808976,-0.04683986742224224
11,10.0,-0.03244362063920851,0.0001395278474834984,0.01181219063017095,0.003164189994055488,0.03244362063920851,-0.04331848057179771
12,25.0,-0.03748272747293,3.7058932891123004e-5,0.006087604856684031,0.02657594618809438,0.03748272747293,-0.041157793789402035
13,10.0,-0.04640846644607379,0.00012834627121985972,0.011329001333738986,0.018496494687405423,0.04640846644607379,-0.044148458507343405
14,4.0,-0.054169419581586546,0.00031096107706668247,0.01763408849548744,0.006613296697219237,0.054169419581586546,-0.0442801652611379
15,10.0,-0.048970049797383335,6.380138703375037e-5,0.007987577043994654,0.010167682470073767,0.048970049797383335,-0.042137343271167034
16,4.0,-0.039720638793423205,6.691068311441868e-5,0.008179895055220371,0.006657947968061646,0.039720638793423205,-0.04272065731597205
17,10.0,-0.03935576921075145,1.7481556700034277e-5,0.00418109515558236,0.0016952822572381158,0.03935576921075145,-0.04233155428445722
18,25.0,-0.04089993189281425,5.707769746435085e-6,0.002389093917458057,0.007805637306671651,0.04089993189281425,-0.04210729916527633
19,10.0,-0.04352455520491267,2.9593883332127617e-5,0.005440026041493517,0.00520766053150027,0.04352455520491267,-0.04260205509049403
20,25.0,-0.04327305257408177,4.645392051270822e-6,0.0021553171579307816,0.00278834289943796,0.04327305257408177,-0.04222488815015379
21,10.0,-0.0425430469724846,3.0055679639922502e-5,0.005482306051281933,0.0017594385019715263,0.0425430469724846,-0.04258178366152612
22,25.0,-0.042323376765817565,2.449350720135111e-6,0.0015650401656619266,0.0026521939500041667,0.042323376765817565,-0.04224610376360319
23,10.0,-0.04202306279687847,2.1191095205212133e-5,0.004603378672802416,0.001153026512098519,0.04202306279687847,-0.042502396042217
24,25.0,-0.04212092744836151,3.641550920541113e-6,0.0019082848111697354,0.0036505173567671794,0.04212092744836151,-0.042208125034306335
25,10.0,-0.042344351092910765,1.834128343717353e-5,0.004282672464381736,0.0019089356134261663,0.042344351092910765,-0.04242115818053483
26,25.0,-0.042317796035587225,2.2760847777699752e-6,0.0015086698703725661,0.0008646065225324072,0.042317796035587225,-0.042234725462493274
27,62.5,-0.04233937562584914,1.121106685471723e-6,0.0010588232550674938,0.003595161103963841,0.04233937562584914,-0.04214615458340046
28,25.0,-0.042291291264034074,1.6643657434154032e-5,0.0040796638873997985,0.0013474656046514584,0.042291291264034074,-0.042730444498973126
29,62.5,-0.04233535783278935,1.2485341681567109e-6,0.0011173782565258334,0.0037010404131021233,0.04233535783278935,-0.04223388939385332
30,25.0,-0.042214196937522756,6.729435664275219e-6,0.002594115584216559,0.0014898687947869141,0.042214196937522756,-0.042470786064888744
31,62.5,-0.04220918360506694,1.32421227563586e-6,0.0011507442268531526,0.00402278972328462,0.04220918360506694,-0.04221966932061935
32,25.0,-0.042394497137761104,6.9962449830858e-6,0.0026450415843774174,0.0013409028577051482,0.042394497137761104,-0.042469670934524466
33,62.5,-0.042321399374964146,1.3581479857699145e-6,0.001165396063906994,0.003556885212710628,0.042321399374964146,-0.04221593528805579
34,25.0,-0.04231618756316184,9.15000545212652e-6,0.003024897593659415,0.001186160671313396,0.04231618756316184,-0.04254565642901401
35,62.5,-0.04235147304347402,1.6816027794279585e-6,0.0012967662778727547,0.006958150355982138,0.04235147304347402,-0.04219766090544521
36,25.0,-0.04224199683426642,8.442181994684671e-6,0.002905543321770417,0.0019147001433690645,0.04224199683426642,-0.04248852237272826
37,62.5,-0.042202073726867836,7.767910217761718e-7,0.000881357488069496,0.00293238199614532,0.042202073726867836,-0.04226245783696304
38,25.0,-0.04233269931480719,6.983085911802629e-6,0.0026425529156107034,0.001187603000625566,0.04233269931480719,-0.04250037738127569
39,62.5,-0.042352187812987795,8.566366261509079e-7,0.0009255466634108233,0.0026611563844453207,0.042352187812987795,-0.04226630052654036
40,25.0,-0.04233088306092689,3.6487276503226747e-6,0.001910164299300632,0.0012867032838068224,0.04233088306092689,-0.04241006978071861
41,62.5,-0.04232015207145087,3.6323793741457577e-7,0.0006026922410439475,0.0011284135034148376,0.04232015207145087,-0.0423042228956269
42,25.0,-0.04230493174053282,2.06114331956492e-6,0.0014356682484351739,0.0002295379938302007,0.04230493174053282,-0.04237275201485366
43,62.5,-0.042296356454203966,2.476283410962216e-7,0.0004976226894909652,0.0010140636255715745,0.042296356454203966,-0.04230591416057752
44,25.0,-0.04232698216774373,1.2377950270178164e-6,0.0011125623699450814,0.0005644381191636958,0.04232698216774373,-0.04234894473790013
45,62.5,-0.04230443875750018,2.3851389555025783e-7,0.0004883788442902271,0.0018328765860883892,0.04230443875750018,-0.04230578640089227
46,25.0,-0.042343836275780936,1.501141617298278e-6,0.001225210846058048,0.0007533277166404978,0.042343836275780936,-0.04235313617525496
47,62.5,-0.04234242113504452,1.7884455551853654e-7,0.0004229001720483648,0.0012651046987567,0.04234242113504452,-0.042310628951739815
48,25.0,-0.042341905306895036,1.0366270998142683e-6,0.0010181488593591157,0.0005460752020042494,0.042341905306895036,-0.042347498581892955
49,62.5,-0.04232775408123771,1.593041750622707e-7,0.00039912927111685343,0.0008304313335105472,0.04232775408123771,-0.042313422204422003
50,25.0,-0.04228388101861542,9.198540929552483e-7,0.0009590902423417977,0.0002779767282982696,0.04228388101861542,-0.042346346779783536
51,62.5,-0.042279738148346756,4.749769178200733e-7,0.0006891856918277347,0.0025912722032661556,0.042279738148346756,-0.042290607093826385
52,25.0,-0.04233291079058379,1.9159601429885616e-6,0.0013841821205999453,0.0008011965084762143,0.04233291079058379,-0.04237388198565764
53,62.5,-0.04236790675026692,5.924589792698884e-7,0.0007697135696282666,0.0015953337424103925,0.04236790675026692,-0.042289231991779065
54,25.0,-0.042242524782792876,2.2089324397256677e-6,0.0014862477719834158,0.0012063205668517763,0.042242524782792876,-0.04235227957688412
55,62.5,-0.0423038159423019,3.2627516562743793e-7,0.0005712050119067916,0.00196212564969628,0.0423038159423019,-0.04229656924646921
56,25.0,-0.04233331268517233,3.0593589536903687e-6,0.0017491023279643672,0.00019185600794416354,0.04233331268517233,-0.04240284229567741
57,62.5,-0.04229997248591876,4.251107456210566e-7,0.0006520051730017612,0.0014902332163765513,0.04229997248591876,-0.042296860897197315
58,25.0,-0.042354969601110674,1.5998414657724126e-6,0.0012648483963591892,0.0007543936690416226,0.042354969601110674,-0.04236122763548889
59,62.5,-0.042307236565809564,3.9383011092402327e-7,0.0006275588505662423,0.0018417348070471809,0.042307236565809564,-0.0422975912453173
60,25.0,-0.042318422575718655,1.8032360303775516e-6,0.0013428462422695874,0.0006689176333322647,0.042318422575718655,-0.04236126787945667
61,62.5,-0.04231942052329948,2.0591075299369868e-7,0.00045377390074099533,0.0011609508054377076,0.04231942052329948,-0.04230833117093824
62,25.0,-0.04234162159236967,1.4021568172864342e-6,0.0011841270275128569,0.0004900283408965628,0.04234162159236967,-0.04235878087182606
63,62.5,-0.04229580806690888,3.254154048427052e-7,0.0005704519303523349,0.0018959136562940126,0.04229580806690888,-0.042300223137982144
64,25.0,-0.0423566800937456,1.4698734655897186e-6,0.0012123833822639267,0.0006759168962439396,0.0423566800937456,-0.04235434897909773
65,62.5,-0.04234446695033845,6.27030321065114e-7,0.0007918524616777509,0.003011901501173163,0.04234446695033845,-0.042277783752609946
66,25.0,-0.04228282992723471,3.2240695103297448e-6,0.0017955694111701013,0.0006888079147511852,0.04228282992723471,-0.042404998188613895
67,62.5,-0.04230141234853758,3.76369975150393e-7,0.0006134899959660248,0.0015080869739436383,0.04230141234853758,-0.04229874427744006
68,25.0,-0.04232884430637848,2.0576896902713177e-6,0.0014344649491260905,0.0005444230799400775,0.04232884430637848,-0.04237052618670211
69,62.5,-0.04233347194155529,3.0610063200731083e-7,0.0005532636189081213,0.001733426625144725,0.04233347194155529,-0.04230058824321722
70,25.0,-0.04232983725409989,8.016469482874109e-7,0.0008953473897250222,0.001614699224436262,0.04232983725409989,-0.04231112990541999
71,10.0,-0.0421664975500741,1.3200913587133153e-6,0.0011489522873963545,0.0015687836740048806,0.0421664975500741,-0.042292028932447635
72,4.0,-0.04245356387313537,7.183894195985304e-5,0.008475785624934897,0.0006454990314859784,0.04245356387313537,-0.04262605616879616
73,10.0,-0.042336171265982867,5.8338848857483946e-6,0.002415343637197075,0.0004659467499360876,0.042336171265982867,-0.042289785330563746
74,25.0,-0.042310586374827874,1.7237187328519393e-6,0.0013129046929811544,0.001376871848315234,0.042310586374827874,-0.04229189966940683
75,62.5,-0.04232004988959883,5.777420797500687e-7,0.000760093467772266,0.001872270553715166,0.04232004988959883,-0.042283477177585176
76,25.0,-0.042309659412226204,2.910859700124503e-6,0.0017061241748842619,0.0016912545412632021,0.042309659412226204,-0.042359794255638406
77,62.5,-0.04229664987305039,3.6542717506614473e-7,0.0006045057279018493,0.0018722416196438128,0.04229664987305039,-0.04230195361665103
78,25.0,-0.04229333525242437,2.9321686211924265e-6,0.001712357620706734,0.0007556015680824955,0.04229333525242437,-0.042388351093577935
79,62.5,-0.04234507749389573,5.218342169882382e-7,0.0007223809362021108,0.0022408558461550865,0.04234507749389573,-0.04228124157362505
80,25.0,-0.042321841968031765,2.9890964167554124e-6,0.0017289003489951097,0.0008619151559741517,0.042321841968031765,-0.04239506165744157
81,62.5,-0.042312224859168114,3.5429295958822226e-7,0.0005952251335320294,0.0012978389502263023,0.042312224859168114,-0.042303048451083826
82,25.0,-0.04230857664757274,1.215439444828683e-6,0.0011024697024538512,0.0007151871168532336,0.04230857664757274,-0.04234909544753472
83,62.5,-0.042322613366450726,3.108189079178493e-7,0.0005575113522771077,0.0014903255123341474,0.042322613366450726,-0.04230023567224271
84,25.0,-0.04228392926334029,1.3468537349536484e-6,0.0011605402771785425,0.000873664886237077,0.04228392926334029,-0.042354213046416
85,62.5,-0.04230038914772957,1.541107521919893e-7,0.00039256942340430603,0.0003131169737782219,0.04230038914772957,-0.04231794904699882
86,156.25,-0.042311735972891916,2.871726810836073e-8,0.00016946170100751593,0.001112884839381475,0.042311735972891916,-0.0423171394636759
87,62.5,-0.042334276437201425,1.8465495649148222e-7,0.0004297149712210202,0.00035445051985641683,0.042334276437201425,-0.042332890978272614
88,156.25,-0.042333725753321345,1.971317434788921e-8,0.00014040361230356293,0.0007360597501312711,0.042333725753321345,-0.042321042420122586
89,62.5,-0.042320993289231765,6.577131069787479e-8,0.00025645917939873936,0.0001672319421603336,0.042320993289231765,-0.04232663706915118
90,156.25,-0.042316029345167504,1.883131390187047e-8,0.00013722723454865097,0.000936719614543369,0.042316029345167504,-0.042319948128878515
91,62.5,-0.042321517087117906,9.570450966685547e-8,0.00030936145472061557,0.0001283984234728676,0.042321517087117906,-0.0423289353765032
92,156.25,-0.042323660438277004,2.3976058176111452e-8,0.00015484204266319742,0.0009309287079378799,0.042323660438277004,-0.0423190248857759
93,62.5,-0.0423243277196699,9.301107780638818e-8,0.000304977175877783,0.0004059666741149288,0.0423243277196699,-0.04232891400108898
94,25.0,-0.04232224255062982,7.54331398029333e-8,0.00027465094174776336,0.00019251529360408344,0.04232224255062982,-0.04232578770634627
95,62.5,-0.04232452030793101,2.001052015690093e-8,0.00014145854571888166,0.0003199030703235173,0.04232452030793101,-0.04232305494905397
96,25.0,-0.04232018257986051,7.993921048728925e-8,0.0002827352303610027,5.532880577498425e-5,0.04232018257986051,-0.04232563374217088
97,62.5,-0.04232250149222379,1.3703679856108244e-8,0.00011706271761798564,0.0003605969786574182,0.04232250149222379,-0.04232292046675789
98,25.0,-0.04232509706116316,6.950876504827556e-8,0.0002636451498667775,0.0001098563560204061,0.04232509706116316,-0.04232542875339914
99,62.5,-0.04233026740676609,3.1688449367798315e-8,0.00017801249778540357,0.0005572427598682678,0.04233026740676609,-0.04232143850249616
100,25.0,-0.04231151576879786,1.1320018889180745e-7,0.0003364523575364088,0.0003287205363359247,0.04231151576879786,-0.042325928625929335
101,62.5,-0.042305597734018076,3.089224056188817e-8,0.00017576188597613583,0.0006630300248276197,0.042305597734018076,-0.042322058690732585
102,25.0,-0.042328882146111746,1.3292556283367472e-7,0.0003645895813564544,0.00022935490341886532,0.042328882146111746,-0.04232684369050943
103,62.5,-0.04232847848273901,2.303310326412411e-8,0.00015176660786920195,0.0007570091859887138,0.04232847848273901,-0.042322130970776986
104,25.0,-0.042329682285418176,1.0183940616200116e-7,0.000319122870007778,0.00012987395362284166,0.042329682285418176,-0.04232612773275945
105,62.5,-0.042326472392188244,8.489013275374923e-9,9.213584142653131e-5,0.00022837947390068827,0.042326472392188244,-0.042323181701556044
106,25.0,-0.04232707521030477,2.5627349751058814e-8,0.00016008544515682497,0.00019944338293836274,0.04232707521030477,-0.04232398147495543
107,62.5,-0.04232223517856265,2.7326586175175967e-9,5.2274837326553174e-5,0.00011479652385357939,0.04232223517856265,-0.04232362702021581
108,25.0,-0.04231976511263297,1.4063257270392242e-8,0.00011858860514565572,2.3014962259769086e-5,0.04231976511263297,-0.04232402062301568
109,62.5,-0.04231979554639611,4.8609462170043046e-9,6.97204863508876e-5,0.00021088610695902863,0.04231979554639611,-0.04232336713472957
110,25.0,-0.04232720892205313,1.9751989888629673e-8,0.0001405417727532625,9.347315261533399e-5,0.04232720892205313,-0.04232405249417081
111,62.5,-0.04232360229698359,6.476601283496262e-9,8.047733397358701e-5,0.00022177788892386972,0.04232360229698359,-0.04232322173569976
112,25.0,-0.04232573421434394,3.433064265854987e-8,0.00018528530070825873,7.522499065783284e-5,0.04232573421434394,-0.04232437690533135
113,62.5,-0.04232711901185806,1.778476645231772e-8,0.00013335953828773448,0.00043534827169593756,0.04232711901185806,-0.04232230579085566
114,25.0,-0.04232307462167951,8.866578394697343e-8,0.0002977680035648112,0.0001349115496606189,0.04232307462167951,-0.04232602447365411
115,62.5,-0.04232467479206513,6.652132097743395e-8,0.00025791727545364994,0.0007100618386102037,0.04232467479206513,-0.04231952348756002
116,25.0,-0.042314142829183374,3.3006736340011857e-7,0.0005745148939758816,0.00013517999463671005,0.042314142829183374,-0.042332177281448204
117,62.5,-0.04231968786626881,9.787944746769551e-8,0.00031285691213028284,0.0009504305174065921,0.04231968786626881,-0.042316793532674986
118,25.0,-0.042323916191712975,4.127073900789062e-7,0.0006424230616026375,0.0001469986947719768,0.042323916191712975,-0.042334898893822304
119,62.5,-0.04231839183337808,7.489221828750195e-8,0.00027366442641947814,0.0007737937396745853,0.04231839183337808,-0.04231930235114876
120,25.0,-0.04232982757170677,3.452770400837841e-7,0.0005876027910789602,0.0002495075546910619,0.04232982757170677,-0.04233126804396257
121,62.5,-0.04232895530861798,2.3506318121430875e-7,0.00048483314780892276,0.0014557570774058845,0.04232895530861798,-0.042306964520235114
122,25.0,-0.042324898166125696,1.0585506836280218e-6,0.001028858923092968,0.0003374049457255865,0.042324898166125696,-0.04235232571248075
123,62.5,-0.042321149114525634,2.3879676442247204e-7,0.000488668358319292,0.0013908426392520207,0.042321149114525634,-0.04231098565812899
124,25.0,-0.04229769416124033,8.176161140679309e-7,0.0009042212749476374,0.0005900802192387115,0.04229769416124033,-0.042341863827235114
125,62.5,-0.04229439613271342,2.5929096283458144e-7,0.0005092062085585578,0.0017131145798684347,0.04229439613271342,-0.04230432325258172
126,25.0,-0.04233057214840436,1.2046229519016139e-6,0.0010975531658656058,0.000637029195025193,0.04233057214840436,-0.04235199678417771
127,62.5,-0.042331868793770384,2.14774144874143e-7,0.0004634373149349791,0.001610894456978672,0.042331868793770384,-0.04230922971136919
128,25.0,-0.042335692822196715,1.1771481515024125e-6,0.0010849645853678415,9.45233883799182e-5,0.042335692822196715,-0.04235331666598578
129,62.5,-0.042317400976884995,3.554156554952918e-7,0.000596167472691434,0.002100630546275845,0.042317400976884995,-0.04229852489966085
130,25.0,-0.04233567639808988,1.6465406391247755e-6,0.0012831759969407063,0.0004527394234911894,0.04233567639808988,-0.042368141259843346
131,62.5,-0.042286405052746584,9.253615244124174e-7,0.0009619571323153738,0.003357235852504132,0.042286405052746584,-0.042265647325326554
132,25.0,-0.04235757202098165,3.4843447486403785e-6,0.0018666399622424188,0.0009021138269081229,0.04235757202098165,-0.042400747019238655
133,62.5,-0.04234465007533427,6.066717956528136e-7,0.0007788913888680588,0.0021257682637447054,0.04234465007533427,-0.04228320862668236
134,25.0,-0.04231773777484371,3.525339982871116e-6,0.0018775888748262001,0.0010791946862479763,0.04231773777484371,-0.042410270598593584
135,62.5,-0.042300672716319904,4.40246208164324e-7,0.0006635105185031538,0.002004588623786541,0.042300672716319904,-0.042299469105068904
136,25.0,-0.04232512241079299,2.2207432590756715e-6,0.001490215843116584,0.0006102512477195797,0.04232512241079299,-0.04237811969782728
137,62.5,-0.04231924786474326,5.202995436976191e-7,0.000721317921375602,0.002295567293600259,0.04231924786474326,-0.04228946736704813
138,25.0,-0.042293893615195775,2.393140455380216e-6,0.0015469778457948957,0.0006693166368497783,0.042293893615195775,-0.04238128466013116
139,62.5,-0.04232106196788021,3.975497958055909e-7,0.0006305155000518155,0.0017414758714302577,0.04232106196788021,-0.042297138884763094
140,25.0,-0.04230500727563223,2.065763273528232e-6,0.0014372763386100225,0.0008735253123473921,0.04230500727563223,-0.0423759093556266
141,62.5,-0.04231593675554616,6.026888765909754e-7,0.0007763303913869245,0.003358804040311443,0.04231593675554616,-0.04228468197231387
142,25.0,-0.0423187227997209,2.923284906190692e-6,0.0017097616518657482,0.0005180278738346999,0.0423187227997209,-0.042400471105343014
143,62.5,-0.042342148927297096,7.011219514581478e-7,0.0008373302523247012,0.002069636889186314,0.042342148927297096,-0.042280758352422836
144,25.0,-0.042310314521277655,2.6745088454564565e-6,0.0016353925661615491,0.0013516088029369535,0.042310314521277655,-0.042380447745870735
145,62.5,-0.042323617887797954,6.45309208584421e-7,0.0008033114020007565,0.0030315049242657034,0.042323617887797954,-0.04227880953389526
146,25.0,-0.04230539895479164,3.497260358597203e-6,0.001870096350083921,0.000982775752478746,0.04230539895479164,-0.042410405477253624
147,62.5,-0.042299896972711803,6.0546770717384e-7,0.0007781180547795046,0.0005279553257015574,0.042299896972711803,-0.042286725376235464
148,156.25,-0.04229524005882671,1.505358882859613e-7,0.0003879895466194435,0.003020999864611083,0.04229524005882671,-0.042294577630708007
149,62.5,-0.04230823764973543,6.330452394999915e-7,0.0007956414013234803,0.003087586741081866,0.04230823764973543,-0.042332073224134556
150,25.0,-0.04233765239894,3.896899276976163e-6,0.0019740565536418057,0.001130227665959524,0.04233765239894,-0.0424315159463337
151,62.5,-0.04232178752785442,6.016205040654711e-7,0.0007756419947794672,0.0017420397350541798,0.04232178752785442,-0.04229471239839682
152,25.0,-0.042348805295165284,2.2658091685602053e-6,0.001505260498571661,0.0008079459050046501,0.042348805295165284,-0.042382031024703865
153,62.5,-0.04231847209264106,4.486610728598729e-7,0.0006698216724322026,0.0020820885798963004,0.04231847209264106,-0.04229698101053322
154,25.0,-0.04233505417415635,2.183129826847671e-6,0.0014775418189843803,0.0006481886790554799,0.04233505417415635,-0.04237474511763618
155,62.5,-0.0422876924906859,6.267709088513445e-7,0.0007916886438817627,0.003495391354471753,0.0422876924906859,-0.04227903809344846
156,25.0,-0.042307493105041144,2.711031337415954e-6,0.0016465209799501354,0.0011897065637096731,0.042307493105041144,-0.04238308015915668
157,62.5,-0.0423142289979636,4.5330780182617136e-7,0.0006732813689878633,0.0023042423887889196,0.0423142289979636,-0.042300359189422106
158,25.0,-0.04236514633347552,2.185321778387694e-6,0.0014782833890657414,0.0007624545857929452,0.04236514633347552,-0.04237418666423739
159,62.5,-0.04236122357981437,1.9898742291711267e-7,0.0004460800633486243,0.00171969482740251,0.04236122357981437,-0.04231111245317655
160,25.0,-0.04229095458618023,8.885340532559243e-7,0.0009426208427867084,0.0006791495229635276,0.04229095458618023,-0.04234103664538827
161,62.5,-0.042296150062030385,8.922102348982135e-8,0.0002986988843129839,0.0009242606713216881,0.042296150062030385,-0.0423183362400834
162,25.0,-0.042325239524251344,3.51764104541538e-7,0.0005930970447924505,0.000721371148027342,0.042325239524251344,-0.04232691785094405
163,62.5,-0.042325401778341744,3.933003436207478e-8,0.0001983180132062511,0.00019240707533424743,0.042325401778341744,-0.04232241741515744
164,156.25,-0.042319355530861254,1.2972754766954726e-8,0.00011389800159333229,0.0009736615115203295,0.042319355530861254,-0.04231938397889726
165,62.5,-0.0423250553045625,1.2512266458085594e-7,0.0003537268219698019,0.0001459038722035935,0.0423250553045625,-0.042331376129829144
166,156.25,-0.042320804635175596,1.9846105603396088e-8,0.00014087620666172157,0.000768099581347231,0.042320804635175596,-0.042321936451884326
167,62.5,-0.042330669143117595,5.296651633638727e-8,0.00023014455530467643,0.0005653996054808362,0.042330669143117595,-0.04232464139199296
168,25.0,-0.04232321680567939,2.516796682755427e-7,0.0005016768564280623,7.554075122560596e-5,0.04232321680567939,-0.04233048751540909
169,62.5,-0.04232440856261929,8.685227114227849e-8,0.00029470709381058084,0.0008295374533354427,0.04232440856261929,-0.04231867742699037
170,25.0,-0.042305011744505246,2.9591058190433885e-7,0.0005439766372780534,0.000379818065228422,0.042305011744505246,-0.04232982243654234
171,62.5,-0.04232649378307574,7.010083525300158e-8,0.0002647656232462998,0.0009029765635460758,0.04232649378307574,-0.042319645590439214
172,25.0,-0.042325580291827654,3.549427230565182e-7,0.0005957706967084889,0.00031104168362532336,0.042325580291827654,-0.042331254432387694
173,62.5,-0.04232003536798538,1.0917103260423563e-7,0.00033041040026644987,0.0012513474101917782,0.04232003536798538,-0.04231618449282688
174,25.0,-0.04231614546697573,5.72427193518198e-7,0.0007565891841139404,0.00028898241959627685,0.04231614546697573,-0.04233814886608974
175,62.5,-0.042317284754293645,1.9638643002744873e-7,0.0004431550857515332,0.0012388931783359441,0.042317284754293645,-0.0423107501347337
176,25.0,-0.042319003745935294,9.432271916685853e-7,0.0009711988424975522,0.0003858845982249361,0.042319003745935294,-0.04234646473317909
177,62.5,-0.042334634566980896,2.9100640510817314e-7,0.000539450095104425,0.0015473872511749592,0.042334634566980896,-0.042304360128508335
178,25.0,-0.04230779018702338,1.309038375897847e-6,0.0011441321496653465,0.000450540891943946,0.04230779018702338,-0.04235752277035233
179,62.5,-0.042311231581737455,2.8636860585185205e-7,0.0005351341942465012,0.0013049858688768555,0.042311231581737455,-0.04230644966684183
180,25.0,-0.042291736017030165,8.939425234109697e-7,0.0009454853374912641,0.0015651732071408114,0.042291736017030165,-0.04232863377031992
181,10.0,-0.04239126904477585,1.6102649249633296e-6,0.0012689621448109985,0.0007885564939517391,0.04239126904477585,-0.04233553092226838
182,25.0,-0.04235590126444841,3.08824350444201e-7,0.0005557196689376767,0.000861451550737165,0.04235590126444841,-0.04232156547594455
183,10.0,-0.04230731159967292,2.8808353783784114e-6,0.001697302382717473,0.0009074056278633606,0.04230731159967292,-0.04235064753923418
184,25.0,-0.042297796621517766,5.915424297630969e-7,0.0007691179556889157,0.0015214093258810407,0.042297796621517766,-0.04231876167998621
185,10.0,-0.04232281034381638,1.9061513529797185e-6,0.0013806344023599146,0.0006034609181158697,0.04232281034381638,-0.04233794150668036
186,25.0,-0.04233465079978226,3.458756047562026e-7,0.0005881118981590175,0.0009097726703724049,0.04233465079978226,-0.04231512710306889
187,10.0,-0.042333577388235004,1.3095025958282717e-6,0.0011443350015743956,0.0008898282936910304,0.042333577388235004,-0.042325247950886165
188,25.0,-0.04232611722851309,2.3420342997760664e-7,0.0004839456890784405,0.00098568572227911,0.04232611722851309,-0.0423172005226611
189,10.0,-0.04230076906485404,3.4877979417488804e-6,0.001867564708851846,0.00031895302407532227,0.04230076906485404,-0.04236183433631414
190,25.0,-0.042287304881106935,8.64292007816904e-7,0.0009296730650163551,0.0012828464394705136,0.042287304881106935,-0.04230333617293287
191,10.0,-0.04229983552143251,2.6636257298595926e-6,0.0016320618033210607,0.000826040124099706,0.04229983552143251,-0.04233176580097471
192,25.0,-0.04231546264188487,4.5675427866244934e-7,0.0006758359850307243,0.0012227451151828165,0.04231546264188487,-0.04230565029763538
193,10.0,-0.04234709699841067,5.155171587464976e-6,0.002270500294530916,0.000569981780029674,0.04234709699841067,-0.04237625863659185
194,25.0,-0.04234330283808073,1.1185873396508217e-6,0.0010576328945578525,0.001021729055767387,0.04234330283808073,-0.042297706523531146
195,62.5,-0.04232267908196726,2.776737711067788e-7,0.0005269475980652904,0.0014318580222062018,0.04232267908196726,-0.042311773169019296
196,25.0,-0.04232545751161172,1.2385701104273553e-6,0.0011129106479980122,0.0003812835134346033,0.04232545751161172,-0.04235620647148744
197,62.5,-0.04230782710056738,2.3056980498907715e-7,0.00048017684761874675,0.0012136771982169167,0.04230782710056738,-0.04230966577527458
198,25.0,-0.04231660669975231,1.0475489369719809e-6,0.0010234983815189847,0.0004882512884926959,0.04231660669975231,-0.04234856196388276
199,62.5,-0.04232016521440253,3.359530657979328e-7,0.0005796145838382026,0.001576056446624018,0.04232016521440253,-0.04230051961955899
200,25.0,-0.04234230942057391,1.6361169544431674e-6,0.0012791078744356034,0.0004514716668984048,0.04234230942057391,-0.042366508484831714
201,62.5,-0.04234112381820523,6.097174558053567e-7,0.0007808440662548168,0.0022984457014919445,0.04234112381820523,-0.042284635748706535
202,25.0,-0.042301929750444583,2.50403356929499e-6,0.001582413842613553,0.000939056245322624,0.042301929750444583,-0.04238947491718897
203,62.5,-0.04230940103525487,6.002446195271536e-7,0.0007747545543765158,0.0022127527382813784,0.04230940103525487,-0.0422888691714619
204,25.0,-0.042286535339260016,2.4203211044981475e-6,0.0015557381220816528,0.0012233683175333263,0.042286535339260016,-0.042376240699773034
205,62.5,-0.0423054503785861,8.971567795148799e-7,0.0009471836039094426,0.004118783513003632,0.0423054503785861,-0.04225736563872731
206,25.0,-0.042320542861570186,4.99800118208192e-6,0.002235620983548401,0.0008885706926744035,0.042320542861570186,-0.04245599334796804
207,62.5,-0.04230071172533863,7.113106820575976e-7,0.0008433923654252495,0.0019690417087999358,0.04230071172533863,-0.042285337682494886
208,25.0,-0.04235155012810878,2.646758606525566e-6,0.0016268861688899952,0.0010905875369167318,0.04235155012810878,-0.04238394734133549
209,62.5,-0.04233254351397271,3.2942416551740305e-7,0.0005739548462356626,0.0019806965179063017,0.04233254351397271,-0.04230468032322151
210,25.0,-0.04231981117191997,1.632894965825309e-6,0.001277847786641785,0.0006098319420220806,0.04231981117191997,-0.042363094888696676
211,62.5,-0.042308729371835295,6.074335293477516e-7,0.0007793802212962243,0.002585157024185929,0.042308729371835295,-0.04228209199687299
212,25.0,-0.042309070571675475,2.804913090564715e-6,0.0016747874762383182,0.0006220790755196916,0.042309070571675475,-0.04239779381636409
213,62.5,-0.042331649555107334,1.1521979132559925e-6,0.0010734048226349613,0.0033785693309978304,0.042331649555107334,-0.04225054164103965
214,25.0,-0.04229004598501841,4.897621481827078e-6,0.002213057044413243,0.0009866253571235704,0.04229004598501841,-0.0424598072989639
215,62.5,-0.04230694691167349,9.796974738273197e-7,0.0009897966830755293,0.0032225520293665067,0.04230694691167349,-0.04227237585843912
216,25.0,-0.042309826976086186,2.1101790547941563e-6,0.0014526455365278057,0.004217678635979712,0.042309826976086186,-0.042256760450080984
217,10.0,-0.04229237235472709,3.5029662302228095e-5,0.005918586174267305,0.0009341407287498729,0.04229237235472709,-0.042704638114721215
218,25.0,-0.042276248596558624,3.795522387708578e-6,0.001948210047122378,0.0010403345988346218,0.042276248596558624,-0.04224885315539401
219,62.5,-0.04229341690017508,8.87363567953624e-7,0.0009419997706759933,0.0030136931685946096,0.04229341690017508,-0.04229726697418737
220,25.0,-0.04233388952722495,3.4692947783739535e-6,0.0018626042999987822,0.0008213061856129623,0.04233388952722495,-0.04240818754178974
221,62.5,-0.04230630665458118,1.2876680421940568e-6,0.0011347546176130137,0.004209188922888849,0.04230630665458118,-0.04223454071999357
222,25.0,-0.042424933141473,4.084287474689914e-6,0.002020962017131919,0.004510667497997024,0.042424933141473,-0.04231138637451864
223,10.0,-0.04230218919490028,3.43694492632716e-5,0.005862546312249618,0.0017317563248336841,0.04230218919490028,-0.042704765613594126
224,25.0,-0.04224163868899037,4.428315982303739e-6,0.002104356429482358,0.001102497950633199,0.04224163868899037,-0.04225421202559338
225,62.5,-0.04226718006652429,1.0930493155258582e-6,0.001045489988247548,0.0041274912272373405,0.04226718006652429,-0.042270604378444175
226,25.0,-0.04235726020336996,4.256025220958708e-6,0.0020630136259750464,0.002267853742834415,0.04235726020336996,-0.04240797755793249
227,62.5,-0.04233810308157002,7.040886008190272e-7,0.0008390998753539576,0.0032707497066113787,0.04233810308157002,-0.042279739908572686
228,25.0,-0.04229566024033847,2.6791652645737927e-6,0.00163681558661133,0.0026880292502527527,0.04229566024033847,-0.0423528343548233
229,10.0,-0.04228097060961822,8.916319946936487e-6,0.0029860207546057826,0.0019232162007743574,0.04228097060961822,-0.04240830172036324
230,25.0,-0.0422750431754353,1.49782306850153e-6,0.001223855820144485,0.0011201578888805962,0.0422750431754353,-0.04230759707730494
231,62.5,-0.042300414323299645,4.0813761053459554e-7,0.0006388564866498543,0.0017501460616763558,0.042300414323299645,-0.04231401316701216
232,25.0,-0.04234174770338921,1.7224115321742331e-6,0.0013124067708504986,0.00035882733716738433,0.04234174770338921,-0.042371071219590446
233,62.5,-0.04234611184911099,5.717684056774544e-7,0.00075615369183616,0.0032881396819920135,0.04234611184911099,-0.0422879954171413
234,25.0,-0.04231610798481757,2.2356940434133908e-6,0.0014952237435960514,0.0011521517186288642,0.04231610798481757,-0.04237674251686486
235,62.5,-0.0423108075928664,8.473136809917154e-7,0.0009204964318191111,0.004450113288074254,0.0423108075928664,-0.04226975131856624
236,25.0,-0.04228989703137161,3.2287778177090947e-6,0.0017968800231815964,0.001187768081923187,0.04228989703137161,-0.04241573384153244
237,62.5,-0.04229587228103132,1.3458797620746731e-6,0.001160120580834024,0.005222656500852571,0.04229587228103132,-0.042247265755383054
238,25.0,-0.04232705221572524,5.887414398832335e-6,0.002426399472228828,0.0016588104197503123,0.04232705221572524,-0.04246898492010519
239,62.5,-0.04230939907523556,1.083240832888282e-6,0.0010407885630080117,0.003165691329057767,0.04230939907523556,-0.04225928109933933
240,25.0,-0.04231979897753393,3.300396896981557e-6,0.0018166994514727957,0.00414530365250407,0.04231979897753393,-0.04235184529870153
241,10.0,-0.04229652609531175,6.124641486505972e-6,0.002474801302429343,0.0027401847215504285,0.04229652609531175,-0.04235911123347845
242,25.0,-0.042311644074317055,1.003443943502144e-6,0.0010017204917052182,0.0006416253003948148,0.042311644074317055,-0.04231199636742074
243,62.5,-0.04232157095786172,4.665967177951906e-7,0.0006830788518137497,0.004415902378603918,0.04232157095786172,-0.04227995491905435
244,25.0,-0.04231529686393951,5.678484202957239e-6,0.002382957029188155,0.0006358876475971952,0.04231529686393951,-0.04245446215623018
245,62.5,-0.04230584420009292,1.3858825255611775e-6,0.0011772351190655066,0.004411134740936657,0.04230584420009292,-0.04222830787435069
246,25.0,-0.04229331544268722,6.057918869066064e-6,0.002461283987894543,0.002454852850336423,0.04229331544268722,-0.04246228102334301
247,62.5,-0.042298197549660105,6.764347006122752e-7,0.0008224565037813703,0.005126470428149567,0.042298197549660105,-0.04228978017394158
248,25.0,-0.042323963456605815,3.5785836140719012e-6,0.0018917144642022223,0.002051160934001832,0.042323963456605815,-0.04240253779178196
249,62.5,-0.04233782981889939,8.48563938654293e-7,0.0009211753028898967,0.005407321588552839,0.04233782981889939,-0.042269043179620505
250,25.0,-0.04232330779335128,3.3440633540717743e-6,0.0018286780345571428,0.002887213712781045,0.04232330779335128,-0.042395460785596
251,10.0,-0.042289150013992145,3.011203946253431e-6,0.0017352820941430333,0.002345304429303475,0.042289150013992145,-0.04234136930119509
252,4.0,-0.0421036917324776,4.412734795732306e-6,0.0021006510409233388,0.0022618590006231467,0.0421036917324776,-0.042311600315312455
253,10.0,-0.0422321859156777,2.1280435339345578e-6,0.0014587815237157885,0.0005175918992169799,0.0422321859156777,-0.04231990159794984
254,25.0,-0.04229014482523355,7.649002028758987e-7,0.0008745857321474543,0.0018373674616209896,0.04229014482523355,-0.042320163126954996
255,10.0,-0.042362555567048314,5.119429573229828e-6,0.002262615648586792,0.001389626535131606,0.042362555567048314,-0.042366611249233035
256,25.0,-0.04235961010142604,9.99649614231282e-7,0.0009998247917666785,0.0029821182847174026,0.04235961010142604,-0.042308735607694804
257,10.0,-0.04235119215518145,4.267732523502568e-6,0.0020658491047272952,0.0014091069350492627,0.04235119215518145,-0.04236203293346865
258,25.0,-0.04232578731769727,6.675741383165199e-7,0.0008170521025715067,0.0005632486116122665,0.04232578731769727,-0.04231518850154597
259,62.5,-0.04231736114201581,6.692570426314732e-7,0.0008180813178599504,0.007125630169521486,0.04231736114201581,-0.04225679014290983
260,25.0,-0.042317490798177544,5.532322324279021e-6,0.0023520889277999293,0.0018033528823316741,0.042317490798177544,-0.04245438534745632
261,62.5,-0.042307895160846126,8.616900898295649e-7,0.0009282726376607063,0.005817714834943858,0.042307895160846126,-0.04226755079047784
262,25.0,-0.04231312058023016,4.239292007999352e-6,0.0020589541053649915,0.0013685289258602092,0.04231312058023016,-0.04243196737751938
263,62.5,-0.042310570285235216,4.3317908031920496e-7,0.0006581634146009674,0.0008968940415933091,0.042310570285235216,-0.042303491200281956
264,25.0,-0.042323939610194185,1.6984189936836275e-6,0.0013032340517664612,0.0019326128747606767,0.042323939610194185,-0.04235673520207458
265,10.0,-0.042334649879757505,1.0142174624670531e-6,0.0010070836422398355,0.0013323179731053957,0.042334649879757505,-0.042330638966717404
266,4.0,-0.04225890492622218,1.061557051908479e-5,0.003258154465197252,0.001370299954411226,0.04225890492622218,-0.04236299624697807
267,10.0,-0.04226615176712291,3.2369269015492072e-6,0.001799146159029112,0.0026235901345644623,0.04226615176712291,-0.042302229133589324
268,4.0,-0.042427878913248014,1.3105037206935984e-5,0.0036200880109378535,0.0012242149054702536,0.042427878913248014,-0.04236880059982182
269,10.0,-0.04241100443132142,2.946234676167727e-6,0.0017164599255932913,0.0015952822373368086,0.04241100443132142,-0.04230569035698766
270,25.0,-0.04233771014428143,8.006533190289611e-7,0.0008947923329068936,0.0008256271746541223,0.04233771014428143,-0.042313216747780366
271,62.5,-0.04231940850063011,2.923497801184949e-7,0.0005406937951544247,0.003194558518149065,0.04231940850063011,-0.04229520331374704
272,25.0,-0.04228498114037674,1.986215386661883e-6,0.001409331538943865,0.001838261001556774,0.04228498114037674,-0.04236325583185332
273,10.0,-0.04226732141110855,1.6972295270714342e-6,0.0013027776199610716,0.0023663830450111924,0.04226732141110855,-0.04232690673787306
274,4.0,-0.04226625802123071,3.363125999492505e-5,0.005799246502341925,0.0004765297600635788,0.04226625802123071,-0.04247463186906824
275,10.0,-0.04225951393677207,3.300947366532098e-5,0.005745387164092684,0.007860450152275099,0.04225951393677207,-0.042003994883091166
276,4.0,-0.042418951745474456,0.00012518520358505782,0.01118861937796875,0.002359031450927714,0.042418951745474456,-0.04279680451888348
277,10.0,-0.042242503180664956,1.2594815165035394e-5,0.0035489174638240594,0.0035347885436211343,0.042242503180664956,-0.04223501956884295
278,25.0,-0.04226542977799189,4.029563878841759e-6,0.0020073773633379846,0.0036275683135955908,0.04226542977799189,-0.04225741264919692
279,10.0,-0.04233384393240428,5.792909460759953e-6,0.002406846372488272,0.0029591965187307978,0.04233384393240428,-0.04221359884247455
280,25.0,-0.04230983689092834,4.541801128312483e-6,0.0021311501890557793,0.002410142618240503,0.04230983689092834,-0.04234997167938988
281,62.5,-0.042315754712718326,1.0108042750096742e-6,0.0010053876242572684,0.008607543844918027,0.042315754712718326,-0.042202823678545456
282,25.0,-0.04230261264210493,4.280875752538722e-6,0.002069027731215491,0.004315727431965024,0.04230261264210493,-0.042285956594079674
283,10.0,-0.04230946281653349,6.653037729917139e-5,0.008156615554209441,0.0013261753173592307,0.04230946281653349,-0.04300929846866084
284,25.0,-0.04224715692878135,5.192547265243032e-6,0.0022787161440695133,0.004955914115210641,0.04224715692878135,-0.04222734104827596
285,10.0,-0.0422738331006811,1.730892321356765e-5,0.004160399405533999,0.004309661637779561,0.0422738331006811,-0.042403576469543895
286,25.0,-0.0422853720954733,2.4075050621857875e-6,0.0015516136961840042,0.004837165827168655,0.0422853720954733,-0.042246946105887265
287,10.0,-0.042381932337459106,2.4589396246446148e-5,0.004958769630306105,0.0011012646649967307,0.042381932337459106,-0.042583304595330156
288,25.0,-0.0423145365987022,3.244036758944344e-6,0.0018011209728789302,0.0043355986041832845,0.0423145365987022,-0.04224888869881201
289,10.0,-0.042305231637832175,7.810366255306153e-6,0.0027947032499544837,0.003993196850623219,0.042305231637832175,-0.04224275896080388
290,4.0,-0.042317834039079814,7.99760034460049e-5,0.008942930361240933,0.004195823574411008,0.042317834039079814,-0.042605607356019856
291,10.0,-0.04229968083365064,8.98709582722333e-6,0.002997848533068896,0.003336512242146632,0.04229968083365064,-0.042297475465703276
292,25.0,-0.04220751526143447,7.302919679022068e-6,0.002702391474050728,0.011216641666031864,0.04220751526143447,-0.042035058226924514
293,10.0,-0.04241828948497664,5.817628490675967e-5,0.007627337996100584,0.0023103593129613774,0.04241828948497664,-0.04290478742034217
294,25.0,-0.042360137027014556,4.695820938682528e-6,0.002166984295901225,0.004768959573797768,0.042360137027014556,-0.04223395353995063
295,10.0,-0.04222541134984963,1.4603868810248778e-5,0.0038215008583341674,0.005221961172697709,0.04222541134984963,-0.04230106866025792
296,4.0,-0.04222644984796909,2.8583780579823225e-5,0.005346380137983384,0.0049797922197629945,0.04222644984796909,-0.0422589753422845
297,10.0,-0.042261701010243236,5.258462778562305e-6,0.0022931338335479474,0.0056776307702297996,0.042261701010243236,-0.042287516587166674
298,4.0,-0.042321027883033234,0.00010021362973745328,0.010010675788249926,0.004219038472654788,0.042321027883033234,-0.04270665063111304
299,10.0,-0.04227919470922687,1.4068906744859567e-5,0.003750854135374977,0.005653015351144408,0.04227919470922687,-0.04226297398991568
300,4.0,-0.04222808940444269,3.27787169182331e-5,0.0057252700301586735,0.0051779957985790045,0.04222808940444269,-0.04228354894116136
301,10.0,-0.04227926276522181,8.93379843069044e-6,0.002988946040110199,0.004982285039459323,0.04227926276522181,-0.0423130224521063
302,4.0,-0.04245637580096353,2.806374672831624e-5,0.005297522697291277,0.003598701486408833,0.04245637580096353,-0.04236464833334393
303,10.0,-0.04239948257085741,3.855835410377436e-6,0.001963628124258113,0.0024924321767593,0.04239948257085741,-0.04230702438073543
304,4.0,-0.04235637539725036,5.178155566615481e-6,0.0022755561005203717,0.004033489841305231,0.04235637539725036,-0.04225323939949183
305,1.6,-0.04218054436198034,1.9946522546644574e-5,0.004466152991853792,0.0029170880910284313,0.04218054436198034,-0.042269994213964976
306,4.0,-0.042204716307991184,6.585222094780383e-5,0.008114938135796466,0.001490749630847852,0.042204716307991184,-0.04261983699746054
307,10.0,-0.04224796202225118,5.64831036143778e-6,0.0023766174200821177,0.003320460569854763,0.04224796202225118,-0.0423014495388995
308,4.0,-0.04239104728999311,2.0317597516023536e-5,0.004507504577482261,0.0014668901339568532,0.04239104728999311,-0.042383360889296534
309,10.0,-0.042363745021706395,2.3317694386811608e-6,0.0015270132411610454,0.0015584218422278445,0.042363745021706395,-0.042307522060577404
310,25.0,-0.04233668385661575,1.0400063816463242e-6,0.0010198070315732895,0.00080339471690786,0.04233668385661575,-0.042276586099938125
311,62.5,-0.042318082207856655,5.741319429995994e-7,0.0007577149483807214,0.006551350035549423,0.042318082207856655,-0.04224588559655435
312,25.0,-0.04227945542381056,1.8836782798083644e-6,0.001372471595264676,0.004549382879487982,0.04227945542381056,-0.04227493774374182
313,10.0,-0.042222104409826065,3.0914740473066214e-5,0.005560102559581632,0.0038055019513915976,0.042222104409826065,-0.04266916860223635
314,25.0,-0.042242382604236704,3.325581679363501e-6,0.001823617744858692,0.006184464831645647,0.042242382604236704,-0.04229212832364346
315,10.0,-0.04233166697909839,7.630743067417714e-6,0.0027623799643455484,0.005865021501694843,0.04233166697909839,-0.042294296699058515
316,4.0,-0.04250906683555135,0.00011956861418992528,0.010934743444174869,0.0008021204499523429,0.04250906683555135,-0.04280477760275863
317,10.0,-0.04236634393400348,5.076248842625772e-6,0.0022530532267626907,0.0019503718788440245,0.04236634393400348,-0.04231677817571618
318,25.0,-0.04237657881426727,5.152496339298706e-6,0.0022699110862099215,0.00916037650682647,0.04237657881426727,-0.04213918397765701
319,10.0,-0.042250879178551755,3.742636409239352e-5,0.006117709055879784,0.003397670758478422,0.042250879178551755,-0.04269221889372307
320,25.0,-0.042250469124295774,1.3456027127861046e-6,0.001160001169303766,0.002000600619997123,0.042250469124295774,-0.042304779753719726
321,10.0,-0.042269789884389224,1.6053099820048744e-6,0.0012670082801642909,0.0020704292841428346,0.042269789884389224,-0.042273966434241333
322,4.0,-0.042357136409605096,5.238733373045658e-5,0.0072379094862022545,0.00253273196245356,0.042357136409605096,-0.04253297777929424
323,10.0,-0.04237078810914985,3.1592220270472413e-6,0.0017774200480041968,0.0013160133869455277,0.04237078810914985,-0.0423448850057462
324,25.0,-0.04233312877071753,2.187588133628536e-6,0.0014790497400792631,0.003218414144692779,0.04233312877071753,-0.042259176779177586
325,10.0,-0.04227938195230173,8.985879743533067e-6,0.0029976457001342017,0.002645202653240168,0.04227938195230173,-0.042367408507582256
326,25.0,-0.042291475194022515,9.223407940606673e-7,0.000960385752737236,0.0018502271966998646,0.042291475194022515,-0.04232357695336404
327,10.0,-0.042312796486863404,9.702972695727258e-7,0.0009850366843791787,0.0017842825930868814,0.042312796486863404,-0.042295519523198294
328,4.0,-0.042382075641288555,5.068772938613737e-5,0.007119531542604286,0.0018750763748423824,0.042382075641288555,-0.04253080477884375
329,10.0,-0.04234324929748473,2.9899846465473495e-6,0.0017291572070078965,0.0015849073659684161,0.04234324929748473,-0.04231906734269818
330,25.0,-0.04230305917445455,1.6594771088127803e-6,0.0012882069355553013,0.0028785035706938643,0.04230305917445455,-0.04225934285083276
331,10.0,-0.04227941636107689,5.445706607471768e-6,0.0023336037811658964,0.0034980856946320274,0.04227941636107689,-0.042331594131097654
332,4.0,-0.042344070851005784,5.89986472389288e-5,0.007681057690118517,0.00044611170996264126,0.042344070851005784,-0.04256393793462746
333,10.0,-0.0423384164765017,3.8033437104601253e-6,0.0019502163240164218,0.001759931053820283,0.0423384164765017,-0.04231282472887525
334,25.0,-0.04230694971195227,1.520208550528916e-6,0.00123296737610081,0.0034047480865357386,0.04230694971195227,-0.04227491595093987
335,10.0,-0.04233208610147971,2.9429257444473355e-6,0.0017154957722032823,0.0028235952633389474,0.04233208610147971,-0.042278031312335033
336,4.0,-0.04233503132849846,5.6745342917177814e-5,0.00753295047887465,0.002529920545048803,0.04233503132849846,-0.042548945833824035
337,10.0,-0.04229334192140359,4.389897770919587e-6,0.0020952082881946573,0.0017949618249726545,0.04229334192140359,-0.04233683300014373
338,25.0,-0.04228749036709374,1.6229300252806054e-6,0.0012739427087905505,0.0026924232395123975,0.04228749036709374,-0.04227705105851113
339,10.0,-0.04233241782256155,7.300515779640213e-6,0.0027019466648400396,0.0026399654007166966,0.04233241782256155,-0.04238441382394356
340,25.0,-0.04231564364672167,8.923142216611784e-7,0.0009446238519438192,0.00237940489086499,0.04231564364672167,-0.0423173436658143
341,10.0,-0.04235063839603891,2.8266226411237583e-6,0.0016812562687240034,0.0016175171381689244,0.04235063839603891,-0.042341294965768966
342,25.0,-0.0423289824854719,5.092788047742026e-7,0.000713637726563137,0.001646566175832997,0.0423289824854719,-0.04231272263320529
343,10.0,-0.04232696148855117,1.720267625888953e-6,0.001311589732305401,0.001232245656729153,0.04232696148855117,-0.04233035230507018
344,25.0,-0.04231740861325681,3.7139927918125185e-7,0.0006094253680158481,0.0005483223180385304,0.04231740861325681,-0.04231389144330504
345,62.5,-0.042314063897985234,1.2876935231773433e-7,0.0003588444681442565,0.0026527841598376007,0.042314063897985234,-0.04230850430573827
346,25.0,-0.04231854123410926,1.116243814269419e-6,0.0010565244030638474,0.00041570593897268643,0.04231854123410926,-0.04235014606237896
347,62.5,-0.042317579626778686,2.9319514439649964e-7,0.0005414749711634875,0.0039315007879141255,0.042317579626778686,-0.04230662795190307
348,25.0,-0.04232585011510683,1.2205300896268916e-6,0.0011047760359579183,0.0014433049441749223,0.04232585011510683,-0.04235259051004006
349,10.0,-0.04232733162449263,1.0887733794503244e-6,0.0010434430408270134,0.0013173712779568046,0.04232733162449263,-0.04231457580042298
350,4.0,-0.042322028922593166,1.4795993515504309e-5,0.003846556059061704,0.0013030145742309414,0.042322028922593166,-0.042383862146187876
351,10.0,-0.04233740653259201,2.0595136098209054e-6,0.0014351005573899362,0.0010826787985691684,0.04233740653259201,-0.042318586616349615
352,25.0,-0.042325271987018305,8.197656941051321e-7,0.0009054091307829472,0.0027918807665874594,0.042325271987018305,-0.04229818222291487
353,10.0,-0.04230123045157291,3.7732634515307403e-6,0.001942488983631758,0.001523333487145343,0.04230123045157291,-0.04235716533745686
354,25.0,-0.04228293327157811,9.74514276298811e-7,0.0009871748965096362,0.0035157404649162997,0.04228293327157811,-0.04230850146048306
355,10.0,-0.04234092115253699,3.0592109461987325e-6,0.0017490600178949641,0.0016280258471482545,0.04234092115253699,-0.0423495476011993
356,25.0,-0.04237130787949657,1.3019268020595303e-6,0.0011410200708399175,0.0037813928974795028,0.04237130787949657,-0.04229166385363307
357,10.0,-0.042296147272227524,6.0825370122779875e-6,0.002466279994704167,0.0016492539196512489,0.042296147272227524,-0.04236846313849609
358,25.0,-0.04224836804286862,4.1002412103152355e-6,0.0020249052348974843,0.007285083552244718,0.04224836804286862,-0.04220232522679839
359,10.0,-0.04230649284329576,1.7975985225093603e-5,0.00423980957415467,0.003712287659173228,0.04230649284329576,-0.042474218905371876
360,25.0,-0.04232336026104057,2.264800406148912e-6,0.0015049253822528585,0.004749233198920551,0.04232336026104057,-0.04230837161113994
361,10.0,-0.04236145843692991,7.5746642154459976e-6,0.0027522107868849723,0.0017057058469102234,0.04236145843692991,-0.04239483790693736
362,25.0,-0.042283151040980085,6.448156208502127e-6,0.002539321997798256,0.012619687110151274,0.042283151040980085,-0.04215724272630776
363,10.0,-0.04230912512524537,3.0374649699692043e-5,0.0055113201412812195,0.0024330195707354518,0.04230912512524537,-0.04265743956130099
364,25.0,-0.042324602201913676,2.3335216789773132e-6,0.0015275868809914916,0.0038912077030587326,0.042324602201913676,-0.042307991453816376
365,10.0,-0.042245226934499315,2.784026649749628e-6,0.0016685402751356133,0.0036738980391485807,0.042245226934499315,-0.042234609562734345
366,4.0,-0.042417361310780326,8.123305041298436e-5,0.009012937945696972,0.0016570818011585832,0.042417361310780326,-0.042654735087066
367,10.0,-0.042410120645951475,2.6286707322534086e-6,0.0016213175914216833,0.0019752111710326595,0.042410120645951475,-0.042324180962188186
368,25.0,-0.04234521372378536,7.474213543535225e-7,0.0008645353401414673,0.0018055725279584132,0.04234521372378536,-0.04231234452068749
369,10.0,-0.04222870384730662,8.815221859161678e-7,0.0009388941292372468,0.0025535371050029432,0.04222870384730662,-0.04229120953174219
370,4.0,-0.042273643639174664,6.5063197869836105e-6,0.0025507488678785314,0.002208202481115344,0.042273643639174664,-0.04232272264649463
371,10.0,-0.042278025031976266,2.614034345800742e-6,0.0016167975586945764,0.003496140764897956,0.042278025031976266,-0.042285680315631714
372,4.0,-0.042284763005214124,1.7380380975811424e-5,0.004168978409132317,0.0028933032055800914,0.042284763005214124,-0.04237085122374824
373,10.0,-0.0423108783174563,1.469800451182426e-6,0.0012123532699598852,0.0019527081156665363,0.0423108783174563,-0.04233158672647853
374,4.0,-0.04236535109418112,3.242871355449802e-5,0.005694621458402483,0.001011172473508456,0.04236535109418112,-0.042465477173333224
375,10.0,-0.04234144174670949,7.311774409169392e-6,0.0027040292914776998,0.0038698444317975906,0.04234144174670949,-0.04226015556104948
376,4.0,-0.042341582586008474,2.135145565021639e-5,0.004620763535414509,0.0023639015608905535,0.042341582586008474,-0.04236652600822745
377,10.0,-0.04233432029614089,1.970569713703423e-6,0.0014037698221943022,0.0010351229893911012,0.04233432029614089,-0.042328424755812166
378,25.0,-0.04231503184431595,7.21960989328066e-7,0.0008496828757413356,0.002046768452806547,0.04231503184431595,-0.04229824883855537
379,10.0,-0.042286942782414516,1.0577104303348734e-6,0.0010284504997008235,0.001932729323446058,0.042286942782414516,-0.0422822142227182
380,4.0,-0.042326112008919815,2.62627470649547e-5,0.0051247192181576836,0.0026756631544670446,0.042326112008919815,-0.04238491773582463
381,10.0,-0.04231405507965262,3.151244524187204e-6,0.0017751745052774965,0.0018917746699226804,0.04231405507965262,-0.04232656916494728
382,25.0,-0.042334137386082965,9.597779399679586e-7,0.0009796825710238794,0.0034584083717520216,0.042334137386082965,-0.042297836790555376
383,10.0,-0.04230244224950435,4.009487680008078e-6,0.002002370515166481,0.003209768566314741,0.04230244224950435,-0.04233964418188782
384,4.0,-0.04232258568408095,3.44925749441639e-5,0.005873037965496554,0.0016950835600652108,0.04232258568408095,-0.04246532691093634
385,10.0,-0.04234132470872019,3.5117459745241303e-6,0.001873965307716269,0.002759617932325721,0.04234132470872019,-0.04230577396721452
386,4.0,-0.042260154207118934,1.1166058050103954e-5,0.0033415652096141944,0.0012615266684064814,0.042260154207118934,-0.04235749771507914
387,10.0,-0.042273991342635334,1.3831010694171518e-6,0.0011760531745704152,0.0012831703415447033,0.042273991342635334,-0.04231624798855255
388,25.0,-0.04229870240173836,6.788392622706847e-7,0.0008239170238990603,0.0022464882838580404,0.04229870240173836,-0.042296727309230925
389,10.0,-0.0423254670759469,4.797565316007551e-6,0.0021903345214846865,0.0010934146639711207,0.0423254670759469,-0.04237366714627498
390,25.0,-0.04233444142216862,8.465292180013665e-7,0.0009200702244945038,0.0020744958662397214,0.04233444142216862,-0.042307765216739956
391,10.0,-0.0423415508194703,2.243672227884395e-6,0.0014978892575502353,0.0020079030444297694,0.0423415508194703,-0.04232253040296715
392,4.0,-0.042343925741316055,5.411458381359558e-6,0.0023262541523572954,0.0012339856590116364,0.042343925741316055,-0.04233974990018084
393,10.0,-0.042284433602903015,1.555582664694721e-6,0.0012472299967105991,0.0030014892720205497,0.042284433602903015,-0.0423122848338097
394,4.0,-0.042300292780422126,2.4780368632060893e-6,0.0015741781548497264,0.0022916732402892704,0.042300292780422126,-0.04229689338321321
395,1.6,-0.04226854609372716,3.2197583834195436e-5,0.005674291483013138,0.003098864125528722,0.04226854609372716,-0.04235218181030429
396,4.0,-0.04230953933675708,3.984749154893112e-6,0.0019961836475868426,0.00031479853305303376,0.04230953933675708,-0.04233734798651317
397,10.0,-0.04230649609812291,1.6073757574900224e-6,0.0012678232359008186,0.0019350311034335265,0.04230649609812291,-0.04230766818716322
398,4.0,-0.04238262448496813,1.0323760839188853e-5,0.0032130609765749626,0.0013661400947748482,0.04238262448496813,-0.04235752652675478
399,10.0,-0.042434951970383376,7.293016647886396e-6,0.0027005585807174035,0.005545084490558972,0.042434951970383376,-0.042242810164859895
400,4.0,-0.04228080515379172,4.113413082227082e-5,0.00641358954270312,0.0019450484051165872,0.04228080515379172,-0.042479710842160845
401,10.0,-0.04223286833373699,3.5417469491709358e-6,0.0018819529614660766,0.0027104241227759525,0.04223286833373699,-0.04231476099252094
402,4.0,-0.04224972623228832,1.2111412639449494e-5,0.003480145491132446,0.0011822068226530547,0.04224972623228832,-0.04236490567550284
403,10.0,-0.0422740772453849,1.1240323104627081e-6,0.0010602039004185507,0.000784526277548761,0.0422740772453849,-0.042321857009368066
404,25.0,-0.04229930379368938,7.100691412859932e-7,0.0008426560041238614,0.0032121446617658376,0.04229930379368938,-0.04229736900806584
405,10.0,-0.04235833377684014,5.532260989566134e-6,0.002352075889414739,0.0008669026584847054,0.04235833377684014,-0.04237844345789498
406,25.0,-0.04234552824814731,8.142969865055378e-7,0.0009023840570984938,0.0029791676397289226,0.04234552824814731,-0.04230606371928909
407,10.0,-0.042349062674371336,2.9529156397690905e-6,0.0017184049696649189,0.002239039990090733,0.042349062674371336,-0.042335451394374966
408,4.0,-0.04229032749867087,9.9440341351011e-6,0.00315341626416512,0.0009758528173779263,0.04229032749867087,-0.04236110646117654
409,10.0,-0.04229213316404265,1.8503851098243712e-6,0.001360288612693781,0.001566235334516088,0.04229213316404265,-0.0423225629260483
410,25.0,-0.04230411481167647,1.2304332695632276e-6,0.00110924896644677,0.003833728995288249,0.04230411481167647,-0.04227989279134894
411,10.0,-0.04235710748503523,7.836123956654085e-6,0.0027993077638327098,0.0017747324843055022,0.04235710748503523,-0.042400814465224854
412,25.0,-0.04232293841649379,1.20150716103069e-6,0.0010961328208892798,0.00337896853859835,0.04232293841649379,-0.042308375105004695
413,10.0,-0.042288811880575206,3.4250175275083896e-6,0.0018506802877613381,0.0017864931673670598,0.042288811880575206,-0.042355425647573636
414,25.0,-0.042311951141366426,4.100315011960691e-7,0.0006403370215722882,0.0006087944317875339,0.042311951141366426,-0.042318546139000615
415,62.5,-0.04232277750826807,8.987975471862407e-8,0.0002997995242134718,0.002571209012314305,0.04232277750826807,-0.042317411165915156
416,25.0,-0.042335763230464084,4.770840766352662e-7,0.0006907127309057408,0.0009237770558580491,0.042335763230464084,-0.042332350398899876
417,10.0,-0.042336132588104716,4.307218972797935e-7,0.000656294063114846,0.0010070491630442585,0.042336132588104716,-0.042316854713360885
418,4.0,-0.04236212584843452,6.7591424979336155e-6,0.002599835090526631,0.0008088115102883577,0.04236212584843452,-0.0423496648546623
419,10.0,-0.04234093507729974,4.032352863250205e-6,0.0020080719268119373,0.0037801819673578276,0.04234093507729974,-0.04228208135177582
420,4.0,-0.042289872003873866,1.5596612141680726e-5,0.003949254631152659,0.0018195968966474118,0.042289872003873866,-0.042385453037240894
421,10.0,-0.04223027400749325,4.5706339146376726e-6,0.00213790409388206,0.0037868628358321593,0.04223027400749325,-0.04229132114032666
422,4.0,-0.04239408765215823,2.0040741967443947e-5,0.004476688728004656,0.0010370268020567608,0.04239408765215823,-0.042394116432647046
423,10.0,-0.04234876807411391,1.8993660196179955e-6,0.0013781748871670807,0.0019779279769924453,0.04234876807411391,-0.04231259331278847
424,4.0,-0.042285035220674574,6.566126744714938e-6,0.002562445461803029,0.0010671890385098566,0.042285035220674574,-0.04234378773911399
425,10.0,-0.0422903611914143,9.051642921423239e-7,0.0009514012256363368,0.00044445944529135264,0.0422903611914143,-0.04231937809768077
426,25.0,-0.04227681957291417,9.081811335515747e-7,0.0009529853795056747,0.004503078616247644,0.04227681957291417,-0.0422877178160833
427,10.0,-0.04238715320112497,7.331285398784763e-6,0.002707634650166961,0.0018048824349646143,0.04238715320112497,-0.042383246406035816
428,25.0,-0.04235825978778348,4.789926302439972e-7,0.0006920929346872406,0.0006173592421065173,0.04235825978778348,-0.0423150688038391
429,62.5,-0.04233511026832664,1.4299447577480705e-7,0.0003781461037414071,0.002341832321805493,0.04233511026832664,-0.0423146933989294
430,25.0,-0.04228827420763458,2.6182706077323243e-7,0.0005116903954279702,0.0021936209530081497,0.04228827420763458,-0.042314535158108166
431,10.0,-0.04229506915948997,2.903139420583103e-6,0.0017038601528831829,0.0015798393195304158,0.04229506915948997,-0.04235213853783446
432,25.0,-0.04230264017179732,5.815219701814502e-7,0.0007625758783107752,0.001914653848066674,0.04230264017179732,-0.042319320977541035
433,10.0,-0.04233106940119736,2.4501630591386345e-6,0.001565299670714408,0.0008676048267259379,0.04233106940119736,-0.04235059590774097
434,25.0,-0.0423123706411953,7.465491279667936e-7,0.0008640307448041381,0.002247035633563372,0.0423123706411953,-0.042309850090802986
435,10.0,-0.04233724640617822,3.627110276336627e-6,0.0019044973815515282,0.0011789551330605211,0.04233724640617822,-0.04235979259782441
436,25.0,-0.04233680241411238,1.6493541566734022e-6,0.0012842718390875829,0.004355855722356683,0.04233680241411238,-0.04228184078931019
437,10.0,-0.042333013033855386,7.197239644524513e-6,0.0026827671618171625,0.0018340203720600917,0.042333013033855386,-0.04239062711897429
438,25.0,-0.04230185631359203,2.8081865517064476e-6,0.0016757644678493597,0.0057594787505866885,0.04230185631359203,-0.042254375567624104
439,10.0,-0.04229193426891674,1.1515593579977424e-5,0.0033934633606357715,0.0026099892874927935,0.04229193426891674,-0.04241582802101275
440,25.0,-0.042293771044091544,1.1284978829941656e-6,0.00106230780990924,0.0027036301935497386,0.042293771044091544,-0.04231254462507661
441,10.0,-0.042325871231291924,1.3921387044594446e-6,0.0011798892763558132,0.002639103320080662,0.042325871231291924,-0.042282290322346226
442,4.0,-0.04230170761085771,2.3050570707544756e-6,0.0015182414402045794,0.002517622514367725,0.04230170761085771,-0.04227423519912293
443,1.6,-0.0424193438743838,3.7444383255042147e-6,0.0019350551220841785,0.002287029961629398,0.0424193438743838,-0.0422702301923371
444,4.0,-0.0423321148344705,4.981753068132546e-5,0.007058153489498897,0.0036130857203054627,0.0423321148344705,-0.04250769236279648
445,10.0,-0.04232367105119114,3.7002654703880955e-6,0.0019236074106709236,0.0003903552627520229,0.04232367105119114,-0.042339064377544554
446,25.0,-0.04229756377299157,1.7725968712130863e-6,0.0013313890758200949,0.005529265694354011,0.04229756377299157,-0.04226799446437897
447,10.0,-0.04235865902675438,1.0647695697353448e-5,0.00326308070653385,0.0003567478216243287,0.04235865902675438,-0.04243492006042487
448,25.0,-0.04232194420499141,2.5129135966607343e-6,0.0015852172080382972,0.005949778728642486,0.04232194420499141,-0.04226464865965772
449,10.0,-0.042306743890522795,1.0227959260675927e-5,0.003198118081102686,0.002840556834128536,0.042306743890522795,-0.042417558822657624
450,25.0,-0.04233002439205575,3.3470219889600907e-6,0.0018294868102722388,0.0074194379967620645,0.04233002439205575,-0.04224612576535182
451,10.0,-0.0422537403963139,5.0137756644914095e-6,0.0022391461909601635,0.006573846372228523,0.0422537403963139,-0.04217142338234986
452,4.0,-0.04225876823699982,0.00014371502450887249,0.011988120140742355,0.0037694380840391844,0.04225876823699982,-0.042877397666823205
453,10.0,-0.042296475220958744,7.088487708872898e-6,0.0026624213995671115,0.001921107970156045,0.042296475220958744,-0.04236529127376734
454,25.0,-0.0423072197717704,1.38569498269887e-6,0.0011771554624172926,0.003651346457165235,0.0423072197717704,-0.042293865432509216
455,10.0,-0.042300521733552324,4.6147193493091414e-6,0.00214818978428563,0.0032192678565464523,0.042300521733552324,-0.04233906884598945
456,4.0,-0.04232703153947655,8.56251221286324e-6,0.0029261770645098084,0.0019202477455240493,0.04232703153947655,-0.04235186882241728
457,10.0,-0.042323251692484534,1.2945116916189134e-6,0.001137766097059898,0.0005804029198759021,0.042323251692484534,-0.04232147766544373
458,25.0,-0.042335916023076965,5.950961796188155e-7,0.0007714247724949047,0.0025272500454475775,0.042335916023076965,-0.04230560140373475
459,10.0,-0.042329264549471245,5.505504239233617e-6,0.0023463810942030744,0.000431117202506722,0.042329264549471245,-0.042373588987625097
460,25.0,-0.042322314841657875,1.949265642798678e-6,0.001396161037559306,0.004359087950334967,0.042322314841657875,-0.042275710789871766
461,10.0,-0.04231370814956156,3.8848886548743646e-6,0.0019710120889721515,0.003947043466614567,0.04231370814956156,-0.042256629578702826
462,4.0,-0.04225576698802817,4.1668818629219095e-5,0.00645513893182936,0.005629628056173924,0.04225576698802817,-0.04246060022923097
463,10.0,-0.04226823479146892,8.12674768515024e-6,0.0028507451105193953,0.0038160175353952218,0.04226823479146892,-0.042309815379958274
464,4.0,-0.042349315503480714,3.58306715983586e-5,0.005985872668070931,0.002944984709336562,0.042349315503480714,-0.0424462091107939
465,10.0,-0.04234346699182961,3.680099608761547e-6,0.0019183585714775918,0.002347505225264146,0.04234346699182961,-0.04232697356264119
466,25.0,-0.042325404257784104,1.0960660870029247e-6,0.0010469317489707362,0.0028427978746851713,0.042325404257784104,-0.04230633957798939
467,10.0,-0.042296200559819176,1.4886975502175503e-6,0.0012201219407163985,0.0037671959561683156,0.042296200559819176,-0.04228253225291753
468,4.0,-0.0422870836440124,2.643521407008349e-6,0.0016258909579084167,0.0029899627439043098,0.0422870836440124,-0.042274375820470396
469,1.6,-0.042332479990864334,0.0003226873534824228,0.017963500590987905,0.0031575546159698913,0.042332479990864334,-0.04282227280400307
470,4.0,-0.04233241802325148,1.5069467817119477e-5,0.0038819412433883484,0.0008022720335165566,0.04233241802325148,-0.042379787242457306
471,10.0,-0.04229843377155685,3.861755817049197e-6,0.0019651350633096945,0.0021379967692162116,0.04229843377155685,-0.042293791519730985
472,25.0,-0.04229677621096832,9.93292376596461e-7,0.000996640545330392,0.0019638893458107155,0.04229677621096832,-0.04229977891934947
473,10.0,-0.04232081909877069,1.902788945452265e-6,0.0013794161610812979,0.003035942952779259,0.04232081909877069,-0.04229838699985531
474,4.0,-0.04232903284143425,3.7933298166139556e-5,0.006159001393581556,0.0014668018300579772,0.04232903284143425,-0.04248190254795953
475,10.0,-0.04234733271329462,2.474070397286246e-6,0.0015729177973709389,0.0016738583684259517,0.04234733271329462,-0.042321351873669526
476,25.0,-0.04232811883803045,7.85289474715816e-7,0.0008861656023090808,0.0005581436703818643,0.04232811883803045,-0.0423056715727838
477,62.5,-0.04230835974414929,6.835877478129393e-7,0.000826793654918166,0.006409016170301626,0.04230835974414929,-0.042245990116661934
478,25.0,-0.04229725862099161,1.5159749196031797e-6,0.0012312493328335977,0.006663196945539635,0.04229725862099161,-0.04223949337618657
479,10.0,-0.04227595656070888,3.462350755005524e-5,0.0058841743303589536,0.0036041464418812967,0.04227595656070888,-0.04272480708037786
480,25.0,-0.042324822925593475,3.8031267142920224e-6,0.0019501606893515269,0.003667442654689362,0.042324822925593475,-0.042306221396235175
481,10.0,-0.04232912437241123,4.159359497181119e-6,0.0020394507832210904,0.00490211140365711,0.04232912437241123,-0.042178940356567114
482,4.0,-0.042249209052530025,0.00010307102959690277,0.010152390339073,0.005735584108586683,0.042249209052530025,-0.04263725399920199
483,10.0,-0.04228361653029907,8.799095557943809e-6,0.002966326947243646,0.004373504631829459,0.04228361653029907,-0.042303103185522474
484,4.0,-0.042308405683853106,3.2275856515867785e-5,0.0056811844289608995,0.005146366802681078,0.042308405683853106,-0.0423889301957963
485,10.0,-0.04231535369511669,9.29495653865938e-6,0.0030487631161930863,0.0018310727266121051,0.04231535369511669,-0.04240681341460768
486,25.0,-0.04230514758712582,4.949597822587967e-6,0.0022247691616408133,0.009817965474263834,0.04230514758712582,-0.04218971733504913
487,10.0,-0.042334345038808986,1.4500093897797727e-5,0.0038078988822968667,0.0039207335937567495,0.042334345038808986,-0.04241766135852844
488,25.0,-0.04229097406305718,4.244309245600163e-6,0.002060172139798071,0.007403211325152318,0.04229097406305718,-0.04222364143876142
489,10.0,-0.04229125321747262,2.614994523524652e-5,0.005113701715513579,0.003310741794319087,0.04229125321747262,-0.04258321660026335
490,25.0,-0.042288472367154564,1.967373705146219e-6,0.0014026309939346908,0.0037184700906089116,0.042288472367154564,-0.04229060493466486
491,10.0,-0.0423381258154257,8.0784065861799e-6,0.0028422537863779687,0.003833385154028043,0.0423381258154257,-0.04235325865265109
492,4.0,-0.042396206657804865,6.0350931564996085e-5,0.007768586201169173,0.0018746103823826588,0.042396206657804865,-0.042570648365278116
493,10.0,-0.04233288496144836,8.465273384701608e-6,0.0029095142867326855,0.004647020195227734,0.04233288496144836,-0.042260692211857284
494,4.0,-0.04227580320835406,2.4344598193205205e-5,0.004934024543230932,0.005718012441693718,0.04227580320835406,-0.042300307102269744
495,10.0,-0.04231254897909964,6.384720944052541e-6,0.0025268005350744527,0.0019275203437416103,0.04231254897909964,-0.042368702922118466
496,25.0,-0.0423159846089587,9.743420930463e-7,0.0009870876825522137,0.0006146912271039748,0.0423159846089587,-0.042298734027155595
497,62.5,-0.042308674835985514,3.0638662581988937e-7,0.0005535220192728464,0.0031881179340968835,0.042308674835985514,-0.0422971545461824
498,25.0,-0.042309423710955175,7.238636221403018e-7,0.000850801752548913,0.0029645808774469836,0.042309423710955175,-0.04231081209113701
499,10.0,-0.04233512054419559,1.399613540011238e-6,0.0011830526361963942,0.0028301869374178115,0.04233512054419559,-0.042310196224909204
500,4.0,-0.04240337297793678,8.24918237003872e-6,0.0028721389886352507,0.0029457341290914955,0.04240337297793678,-0.04233848312325475
501,10.0,-0.04235484117270861,1.568056486820136e-6,0.001252220622262761,0.0017577691115758921,0.04235484117270861,-0.04233150921815605
502,4.0,-0.04218073063329721,5.0935364068225965e-5,0.0071369015733878495,0.003156200270442366,0.04218073063329721,-0.042555883186663875
503,10.0,-0.04225660643737202,4.668737581868728e-6,0.0021607261700337522,0.0018295739773435884,0.04225660643737202,-0.042347486765740405
504,25.0,-0.04228758088520666,1.2572074505431088e-6,0.0011212526256571748,0.002656939806836946,0.04228758088520666,-0.04230426215308808
505,10.0,-0.042347579291754034,2.3749968813722843e-6,0.0015411024889254719,0.0019079217335109743,0.042347579291754034,-0.0423067041968687
506,25.0,-0.04235022579459221,7.019143991000814e-7,0.0008378033176707296,0.0008380898228746986,0.04235022579459221,-0.04228510537391564
507,62.5,-0.042330788191761115,3.7323478732274334e-7,0.0006109294454540094,0.004354435645273291,0.042330788191761115,-0.04231258910465252
508,25.0,-0.0423010965726149,7.921272058066459e-7,0.0008900152840298002,0.002115906613937351,0.0423010965726149,-0.04232816517959355
509,10.0,-0.042299407898896337,8.483669365469789e-7,0.0009210683669234216,0.0017020886728099155,0.042299407898896337,-0.04230926788809832
510,4.0,-0.04232826902107396,1.1315794609541224e-6,0.0010637572377916505,0.001803539449929174,0.04232826902107396,-0.04230179853976326
511,1.6,-0.04224613493976298,0.0003583413282389475,0.01892990565847985,0.001091636412307999,0.04224613493976298,-0.04293554094990953
512,4.0,-0.04219992852549434,1.7338864655262444e-5,0.004163996236220975,0.001972066157692447,0.04219992852549434,-0.04237919776632289
513,10.0,-0.04223519781232554,6.2973918717618035e-6,0.0025094604742378,0.002922871708964506,0.04223519781232554,-0.042264556327207096
514,25.0,-0.04219629677007613,5.69278055471788e-6,0.0023859548517769316,0.008664346258551767,0.04219629677007613,-0.04206571837263654
515,10.0,-0.04233907160566809,3.498243690881594e-5,0.0059145952447159,0.0066851354321867725,0.04233907160566809,-0.04263173992664519
516,25.0,-0.04237614509692178,2.6825841662745428e-6,0.0016378596296003339,0.003694350356012307,0.04237614509692178,-0.042320979000211846
517,10.0,-0.04239609128275029,1.3857071847764528e-5,0.0037225088109720476,0.0025492478205889216,0.04239609128275029,-0.04245253157315147
518,25.0,-0.04236219676068081,3.4795359768272153e-6,0.0018653514352065712,0.0077104006497933,0.04236219676068081,-0.04223875847217966
519,10.0,-0.04229300199339744,1.4226858175482453e-5,0.003771850762620713,0.0028382196802556464,0.04229300199339744,-0.04245425323280479
520,25.0,-0.04225074724460138,4.018890487774322e-6,0.002004717059281514,0.00655826355716466,0.04225074724460138,-0.04222045865349302
521,10.0,-0.04223286803678338,1.9673990175188132e-5,0.004435537191275498,0.003340152246770478,0.04223286803678338,-0.042485286297104984
522,25.0,-0.04228671126765245,3.2649510964397754e-6,0.0018069175676936056,0.009059995598995096,0.04228671126765245,-0.042237884548257665
523,10.0,-0.04236235580248342,1.4793810043178133e-5,0.003846272226868261,0.002710832255971484,0.04236235580248342,-0.042457518862950114
524,25.0,-0.042337869160767885,1.0690497221958046e-6,0.0010339486071347089,0.002708584022701289,0.042337869160767885,-0.042316938942012446
525,10.0,-0.04231258070014235,6.485647474267119e-6,0.0025466934393968818,0.001804714045932601,0.04231258070014235,-0.042383718016932644
526,25.0,-0.04231342986775528,8.323176323140593e-7,0.0009123144371947971,0.0025354506351951255,0.04231342986775528,-0.04231620348672977
527,10.0,-0.04233663102180183,2.589483724665945e-6,0.0016091872870073096,0.0006104923768570405,0.04233663102180183,-0.04234832911525369
528,25.0,-0.042302168504521606,1.5235609071251757e-6,0.001234326094322394,0.0031674667738494323,0.042302168504521606,-0.04228226394104254
529,10.0,-0.04229570877210829,6.45160686600623e-6,0.00254000135157567,0.0020802040636434737,0.04229570877210829,-0.04237572444473007
530,25.0,-0.042300164889359934,1.6265154530656777e-6,0.001275349149474636,0.004750894070040882,0.042300164889359934,-0.0422924233485663
531,10.0,-0.04225893169743016,3.256603904884461e-6,0.0018046063019075548,0.004194073235121889,0.04225893169743016,-0.04228119847393475
532,4.0,-0.04239167612845936,5.925200614764663e-5,0.0076975324713603275,0.0033804157531992195,0.04239167612845936,-0.042555701723607786
533,10.0,-0.04238788156846399,2.1775727861216427e-6,0.0014756601187677475,0.0005593066512335068,0.04238788156846399,-0.04233436116220751
534,25.0,-0.04235168680507706,1.1363161739482751e-6,0.0010659813196994942,0.003295312632067639,0.04235168680507706,-0.04229100213699761
535,10.0,-0.042273755471421516,6.654702832071113e-6,0.0025796710705187033,0.001999251796291836,0.042273755471421516,-0.04238093271598384
536,25.0,-0.042296026071071816,2.7005941567174657e-6,0.0016433484587017647,0.006336828989492651,0.042296026071071816,-0.0422515941566315
537,10.0,-0.04232595327899503,1.1144251976869027e-5,0.0033383007618950434,0.0004934406427854975,0.04232595327899503,-0.04243769537167889
538,25.0,-0.04230664180423969,5.3770103124438746e-6,0.002318838138474498,0.010823180791533963,0.04230664180423969,-0.04218836194776025
539,10.0,-0.04226581839809648,2.266493086490979e-5,0.004760769986557825,0.004497187854495766,0.04226581839809648,-0.042504853860805956
540,25.0,-0.04227669889929033,1.7005698041954707e-6,0.0013040589726678279,0.0032983279397418163,0.04227669889929033,-0.04232676446047729
541,10.0,-0.04246524148453676,1.8710108451523408e-6,0.0013678489847758564,0.003647831199514318,0.04246524148453676,-0.04227141839731194
542,4.0,-0.04234912656781303,4.5177528774004825e-5,0.006721423121185336,0.0035422274623677467,0.04234912656781303,-0.042492159269660455
543,10.0,-0.04229138032679698,3.2939747261289203e-6,0.0018149310527204388,0.0024431630490562906,0.04229138032679698,-0.042341516698022906
544,4.0,-0.0422494990938588,7.284103132620521e-6,0.002698907766601245,0.002253960018474972,0.0422494990938588,-0.04234492267224106
545,10.0,-0.04226705045126666,1.5021478718230607e-6,0.0012256214227170889,0.0016222858615401483,0.04226705045126666,-0.04232462495991513
546,4.0,-0.042344790080378295,2.6702788178411226e-6,0.001634098778483456,0.0018413991930772559,0.042344790080378295,-0.04232105792098137
547,10.0,-0.0423449002943486,2.2432226517615424e-6,0.0014977391801517187,0.004444087484253931,0.0423449002943486,-0.042289901163970765
548,4.0,-0.042321857988132594,1.3677024022280646e-5,0.0036982460737869575,0.0017547361894225037,0.042321857988132594,-0.04235742984249983
549,10.0,-0.04229159316782821,6.16557314550693e-7,0.0007852116367901669,0.0015699265512764077,0.04229159316782821,-0.042311739070197654
550,4.0,-0.04230416090941737,1.0100159585924004e-6,0.0010049955017771971,0.0015494634967586746,0.04230416090941737,-0.04230814827398706
551,1.6,-0.04246520929507487,2.0459315042587873e-6,0.001430360620353758,0.001698547859829804,0.04246520929507487,-0.04230888383735507
552,4.0,-0.04240865598752452,6.229199447974476e-7,0.0007892527762367691,0.0010543808974219303,0.04240865598752452,-0.04230680406898634
553,1.6,-0.04221716080717548,9.400128052138596e-5,0.009695425752455947,0.002973298896150773,0.04221716080717548,-0.042482339780382454
554,4.0,-0.04226069963313467,8.864659287814575e-6,0.002977357769535696,0.0013738930637146784,0.04226069963313467,-0.04235563361364371
555,10.0,-0.04230108902058875,3.3562500912575106e-6,0.0018320071209625552,0.002011415817911144,0.04230108902058875,-0.0423126164423865
556,25.0,-0.04232030249162862,2.225083236457049e-6,0.0014916712896804877,0.0038003123130914305,0.04232030249162862,-0.04224032169297233
557,10.0,-0.042321244546053335,1.434165237937482e-5,0.003787037414572877,0.0028153165320496274,0.042321244546053335,-0.042438092165183704
558,25.0,-0.04231596266873049,1.4655038517391007e-6,0.001210579965032918,0.0027790451037460976,0.04231596266873049,-0.04230350116648602
559,10.0,-0.04231520930259913,5.571552321234363e-6,0.0023604135911391385,0.001983930168928065,0.04231520930259913,-0.04237198943353979
560,25.0,-0.042308800943263496,1.250515380894863e-6,0.0011182644503402864,0.005447951943491229,0.042308800943263496,-0.04229476605185515
561,10.0,-0.042264209811902216,2.3599058961520236e-6,0.0015361985210746766,0.004430210625650096,0.042264209811902216,-0.04228791469197582
562,4.0,-0.042343982425902336,2.8626583579434228e-5,0.005350381629326475,0.003312174511507982,0.042343982425902336,-0.04241781335687505
563,10.0,-0.04229979064953899,6.833597534893737e-6,0.002614115057699974,0.005157005527884442,0.04229979064953899,-0.042287431113568974
564,4.0,-0.042437325951362605,1.8801073561325405e-5,0.004336020475196745,0.0038940334575157643,0.042437325951362605,-0.042319358840658516
565,10.0,-0.042368125163692434,3.62249050480443e-6,0.0019032841366449808,0.003319134290052284,0.042368125163692434,-0.042288011955684886
566,4.0,-0.04228028210661179,4.826065183643609e-6,0.0021968307134696587,0.003683004150783031,0.04228028210661179,-0.04225711485115663
567,1.6,-0.04209187362817925,7.668395634306442e-6,0.002769186818238604,0.002839023932861957,0.04209187362817925,-0.04225583985501184
568,4.0,-0.042204086776213706,6.629530927016616e-5,0.008142193148664932,0.002018033024968546,0.042204086776213706,-0.04259729465500423
569,10.0,-0.042293236990615275,3.6282945971860853e-6,0.0019048082835776638,0.0024910634690207805,0.042293236990615275,-0.04231029711851983
570,4.0,-0.042505004351658576,3.81189574952612e-6,0.00195240768015446,0.002514986388831956,0.042505004351658576,-0.04226249187659467
571,1.6,-0.042255400698100076,0.00011562429610660326,0.010752873853375351,0.003359538242394077,0.042255400698100076,-0.04247648970836224
572,4.0,-0.04229869508297561,1.274712287351331e-5,0.0035703113132489316,0.002295205615399264,0.04229869508297561,-0.042347908595494616
573,10.0,-0.042324596856089615,2.348093035828582e-6,0.0015323488623119024,0.0005694347381645524,0.042324596856089615,-0.042318917444870964
574,25.0,-0.04233181448074349,1.7797817423872422e-6,0.001334084608406544,0.0053242649017982485,0.04233181448074349,-0.04225466863443874
575,10.0,-0.042292110163224844,5.215975886854035e-6,0.0022838511087314856,0.004915983566788796,0.042292110163224844,-0.042287061406891376
576,4.0,-0.04232669068209893,6.9842190948815e-5,0.008357164049413833,0.0023925538611881455,0.04232669068209893,-0.04262674331922223
577,10.0,-0.04232358454894146,5.051090386245675e-6,0.002247463100085444,0.0019878449647909953,0.04232358454894146,-0.042329096571898296
578,25.0,-0.042284691159773284,3.2480909679083236e-6,0.0018022460897192491,0.0049179647098434014,0.042284691159773284,-0.04221267014722683
579,10.0,-0.04227886678436237,2.1808171847813803e-5,0.004669922038729748,0.001108580282254734,0.04227886678436237,-0.04254219082345095
580,25.0,-0.04231052401671837,1.3341076749549988e-5,0.0036525438737337553,0.022290394578462963,0.04231052401671837,-0.041982451879283046
581,10.0,-0.04217808111767478,2.9202089082037763e-5,0.005403895731973162,0.008256743065585985,0.04217808111767478,-0.04245864907709506
582,4.0,-0.04226709191054729,0.0002662929960162046,0.01631848632735906,0.0013888306245088762,0.04226709191054729,-0.04347254450063714
583,10.0,-0.04231233052536181,1.3436631020250693e-5,0.0036656010448834573,0.0029043550686061524,0.04231233052536181,-0.04234949171998147
584,25.0,-0.042327058177922414,2.7257976463566245e-6,0.0016509989843596588,0.004846619537776843,0.042327058177922414,-0.04228086270818713
585,10.0,-0.042313207648452665,2.9869792585751636e-6,0.0017282879559191414,0.00365301252196729,0.042313207648452665,-0.0422028234015344
586,4.0,-0.042346846041363524,3.5929242371120503e-6,0.0018955010517306631,0.004104241397792358,0.042346846041363524,-0.04217726680137084
587,1.6,-0.04225128268302363,0.000864395396801376,0.029400601980255032,0.0012112640503746095,0.04225128268302363,-0.04383037489112599
588,4.0,-0.042351510948562855,0.00011251692869655742,0.010607399714188082,0.008702176275976102,0.042351510948562855,-0.04202762003142936
589,10.0,-0.042293815300804526,1.7340140645263007e-5,0.0041641494503995655,0.004314922308368029,0.042293815300804526,-0.04234269351719531
590,25.0,-0.0422506554554232,3.0629341232364617e-6,0.001750124030815091,0.005463032475818142,0.0422506554554232,-0.042217013890531514
591,10.0,-0.04231942595067275,1.890403282581706e-5,0.004347876818151253,0.0009262441913595437,0.04231942595067275,-0.04250186072974179
592,25.0,-0.04228769333605754,3.8092278247773e-6,0.0019517243208960892,0.006692711085829321,0.04228769333605754,-0.04222394455158154
593,10.0,-0.04233805701540304,1.9110554785411023e-5,0.0043715620532495045,0.002829039917809198,0.04233805701540304,-0.042488121974404554
594,25.0,-0.042304022705110945,2.3018921439212342e-6,0.0015171987819403343,0.00455630760273068,0.042304022705110945,-0.04227049520493882
595,10.0,-0.04227494094213399,2.6887497470227093e-6,0.0016397407560412437,0.004565014403340016,0.04227494094213399,-0.04220252351730461
596,4.0,-0.042372088015044836,0.00013374602266476288,0.011564861549744678,0.0036117063663604946,0.042372088015044836,-0.042849807457342175
597,10.0,-0.04228939554774413,6.957571349098222e-6,0.002637720862619512,0.00456719903981399,0.04228939554774413,-0.042297236643359416
598,4.0,-0.042342647731947604,3.314962763963183e-5,0.005757571331701573,0.0008314709411449778,0.042342647731947604,-0.04245865358077055
599,10.0,-0.042366701436246934,1.112060716500895e-5,0.0033347574372072325,0.007927168531729624,0.042366701436246934,-0.042213666271224665
600,4.0,-0.042316593182024034,2.7194510727145286e-5,0.005214835637596384,0.006607136533428891,0.042316593182024034,-0.04227206060840096
601,1.6,-0.04228856279416981,0.0003581773785175465,0.018925574720931107,0.0013596701071178512,0.04228856279416981,-0.04288571829803979
602,4.0,-0.042263376172524465,2.121377482528911e-5,0.004605841380821653,0.0020122837414212227,0.042263376172524465,-0.04236064488556618
603,10.0,-0.042298924626219966,4.055874182064362e-6,0.002013920103197831,0.0016957195978121837,0.042298924626219966,-0.042315665569993735
604,25.0,-0.04229508277018745,2.3699441815277625e-6,0.0015394623027303275,0.005359669288265997,0.04229508277018745,-0.04222499879137347
605,10.0,-0.04232646778243806,1.8350175359057948e-5,0.004283710466296473,0.0016626511018553,0.04232646778243806,-0.04248268955071592
606,25.0,-0.04231818365862122,2.9026545397791205e-6,0.0017037178580325794,0.008035771493608465,0.04231818365862122,-0.04224857661240452
607,10.0,-0.04233647581701991,1.3874102502016237e-5,0.00372479563224833,0.0030531272103466755,0.04233647581701991,-0.04243156956527288
608,25.0,-0.042306885237447536,1.1773743623618539e-6,0.0010850688283983896,0.0021222149680483753,0.042306885237447536,-0.04230779486435069
609,10.0,-0.042280406305326236,1.2745092776135722e-6,0.001128941662626361,0.00305227693072325,0.042280406305326236,-0.04226886800087863
610,4.0,-0.042296150893553014,3.5569232112059012e-6,0.001885980702766044,0.0037423892732077048,0.042296150893553014,-0.04227191743200576
611,1.6,-0.042313821704165415,3.897159177391805e-6,0.001974122381563971,0.005110805052179043,0.042313821704165415,-0.042252033017104305
612,0.6400000000000001,-0.04214605195022193,0.002128444010155563,0.04613506269807773,0.003047509505230834,0.04214605195022193,-0.043928094107500995
613,1.6000000000000003,-0.04258466664973522,0.0002976732003647781,0.01725320840785209,0.006726564665493075,0.04258466664973522,-0.042214688011482836
614,4.000000000000001,-0.04239241878711035,5.729454752883625e-5,0.00756931618634314,0.004751490320527495,0.04239241878711035,-0.04230539280677981
615,10.000000000000002,-0.04232266397396377,9.532165945545175e-6,0.00308742059744784,0.0012243333720623403,0.04232266397396377,-0.04229826173001031
616,25.000000000000004,-0.042298533084975616,6.3984950257823415e-6,0.0025295246639996105,0.012537648727888625,0.042298533084975616,-0.04204986810360351
617,10.000000000000002,-0.04225922490176043,4.524690190571604e-5,0.006726581740060552,0.006282167877848353,0.04225922490176043,-0.04266674133504076
618,25.000000000000004,-0.04225774145887909,2.6339401752459665e-6,0.0016229418274374366,0.006057189366109272,0.04225774145887909,-0.042281448522306454
619,10.000000000000002,-0.04230513562076525,7.3543598434832335e-6,0.0027118922993886086,0.0052491325455688905,0.04230513562076525,-0.04234433473277511
620,4.000000000000001,-0.042418756157393094,4.551211673237677e-5,0.006746266873788553,0.004828697958979509,0.042418756157393094,-0.04247234308713859
621,10.000000000000002,-0.04233966276957629,7.384613132599223e-6,0.002717464467587244,0.004465770027957387,0.04233966276957629,-0.04233571302823961
622,4.000000000000001,-0.042213811811694604,2.2400740065414816e-5,0.004732942009513197,0.0041386225826780185,0.042213811811694604,-0.04239678018878853
623,10.000000000000002,-0.042236546095866995,3.977531745847295e-6,0.001994375026379767,0.0032831537261816543,0.042236546095866995,-0.042326353937867586
624,4.000000000000001,-0.04229575314794377,5.921405540971357e-6,0.0024333938318676154,0.003975410156517922,0.04229575314794377,-0.04229903579712572
625,1.6000000000000005,-0.04243919762460295,5.633919016460242e-5,0.007505943655837181,0.003542718553943314,0.04243919762460295,-0.0423935617827204
626,4.000000000000001,-0.04234569155945794,9.18385612751605e-6,0.0030304877705603847,0.0021502349039328743,0.04234569155945794,-0.04234335233660861
627,10.000000000000002,-0.04235561254916338,5.734014433998549e-6,0.0023945802208317326,0.005760276394947584,0.04235561254916338,-0.04225587755847081
628,4.000000000000001,-0.042193007706907044,3.710615245779145e-5,0.006091481959079535,0.002279093450723519,0.042193007706907044,-0.04244262592445295
629,10.000000000000002,-0.0422283471467309,5.562909347320068e-6,0.002358582062875928,0.005549446992869905,0.0422283471467309,-0.04228119586690491
630,4.000000000000001,-0.04234545111392078,2.309034448535156e-5,0.004805241355577424,0.0023384653071846615,0.04234545111392078,-0.04240434354545136
631,10.000000000000002,-0.042356625469746736,2.050428019293431e-6,0.0014319315693473032,0.002305549316849966,0.042356625469746736,-0.042317051489589974
632,4.000000000000001,-0.04232569475243335,3.910940248110641e-6,0.0019776097309910875,0.0020093160177157,0.04232569475243335,-0.04231968115681112
633,10.000000000000002,-0.04233265316122459,1.3034809207850497e-6,0.001141700889368599,0.00418544512319237,0.04233265316122459,-0.042301775927951944
634,4.000000000000001,-0.042252605727897775,9.037902120856181e-6,0.0030063103833197565,0.0026751166653813754,0.042252605727897775,-0.042346594442793664
635,10.000000000000002,-0.042275477105389474,1.9377730981353e-6,0.0013920391869970113,0.000652717330954887,0.042275477105389474,-0.042313956885353866
636,25.000000000000004,-0.04229188953535461,8.12381369740524e-7,0.0009013220122356515,0.0049881930629074155,0.04229188953535461,-0.04229162382720096
637,10.000000000000002,-0.04234104218875912,5.471482707233698e-6,0.002339120071145066,0.0031992804049301624,0.04234104218875912,-0.042357140071247114
638,4.000000000000001,-0.04245499820075925,5.855426609358659e-6,0.0024197988778736673,0.0026646736803459144,0.04245499820075925,-0.04233283223066476
639,10.000000000000002,-0.04239635532679423,2.244861929960184e-6,0.0014982863310996947,0.0037504990265309263,0.04239635532679423,-0.04229899601286141
640,4.000000000000001,-0.04232408456286864,1.2136251245251575e-5,0.003483712279343915,0.0022589368913526306,0.04232408456286864,-0.04235906973262133
641,10.000000000000002,-0.042276534622266417,2.2375832969030874e-6,0.0014958553729900119,0.003212299850320719,0.042276534622266417,-0.04231649946404254
642,4.000000000000001,-0.04220462397529309,3.041269051713618e-6,0.001743923464981654,0.0029692857311526717,0.04220462397529309,-0.04230105273497917
643,1.6000000000000005,-0.04229469949217038,4.152928864557376e-6,0.002037873613489653,0.0030570342538321863,0.04229469949217038,-0.04229103531615873
644,0.6400000000000002,-0.04229772162437177,0.001086690211394601,0.03296498462603314,0.0013253285831024606,0.04229772162437177,-0.042995157306435196
645,1.6000000000000005,-0.04303707589648119,0.00019899227446829975,0.014106462152797199,0.006234398436483434,0.04303707589648119,-0.04212626971731762
646,4.000000000000001,-0.04253933281698401,2.973037402581544e-5,0.005452556650399466,0.001565125691821332,0.04253933281698401,-0.04238976073000225
647,10.000000000000002,-0.04235761127714024,7.280477652983723e-6,0.002698236026181498,0.007281113376777064,0.04235761127714024,-0.042212617732354824
648,4.000000000000001,-0.042139759538512796,1.6601473769988402e-5,0.00407449061478713,0.005900184561096118,0.042139759538512796,-0.04222073054803548
649,1.6000000000000005,-0.04181946399359583,0.0001965656431507399,0.014020186987010548,0.006214653456072374,0.04181946399359583,-0.04257210026067195
650,4.000000000000001,-0.04203099639211248,2.671844022942908e-5,0.005168988317788025,0.0023783047804688956,0.04203099639211248,-0.04242362472801053
651,10.000000000000002,-0.0421764521677598,1.3952054591327359e-5,0.0037352449171811153,0.008663936722658317,0.0421764521677598,-0.042180232662667905
652,4.000000000000001,-0.04246521088221455,5.78695916331542e-5,0.007607206559122356,0.003926441960109016,0.04246521088221455,-0.042505150116608395
653,10.000000000000002,-0.04244684699140429,1.534473560230696e-5,0.003917235709311728,0.015459925039041155,0.04244684699140429,-0.04215758447917469
654,4.000000000000001,-0.042238718497736416,3.506445708410022e-5,0.005921524895168492,0.010377955849305018,0.042238718497736416,-0.04214501553954159
655,1.6000000000000005,-0.04209513556362979,0.0005663938069492114,0.0237990295379709,0.005457348497251732,0.04209513556362979,-0.043221065656528376
656,4.000000000000001,-0.04209858240242999,0.00014769597840580154,0.0121530234265306,0.014949524197745919,0.04209858240242999,-0.04182939617632067
657,10.000000000000002,-0.042122249548076786,2.345734567357727e-5,0.004843278401411307,0.005886256549609742,0.042122249548076786,-0.04239624811730013
658,25.000000000000004,-0.04224225761715425,2.3633907831087144e-6,0.001537332359351326,0.005195595194196669,0.04224225761715425,-0.04228483992765802
659,10.000000000000002,-0.04240604480836605,2.7947434269996957e-6,0.0016717486135779194,0.005227047931490461,0.04240604480836605,-0.04224529761778152
660,4.000000000000001,-0.042530208981204916,5.643291471027878e-6,0.0023755612959946706,0.0033245780013617275,0.042530208981204916,-0.04224983869257583
661,1.6000000000000005,-0.042656577749168784,1.1741887816513579e-5,0.0034266438123203846,0.003931301980830806,0.042656577749168784,-0.04225899189869711
662,4.000000000000001,-0.042520699251851826,8.806629527402236e-5,0.009384364404370835,0.004806468678146111,0.042520699251851826,-0.04265382098623936
663,10.000000000000002,-0.042328997187995265,2.3224501255984087e-5,0.0048191805585580715,0.011139612556931135,0.042328997187995265,-0.04211392892760607
664,4.000000000000001,-0.04212758759018613,0.00011442856077350236,0.010697128622836241,0.0009840673126370956,0.04212758759018613,-0.04278110917918776
665,10.000000000000002,-0.042192574613210625,7.054903389531488e-6,0.0026561068106406203,0.0032915425505374435,0.042192574613210625,-0.04232021903214186
666,25.000000000000004,-0.042231676965000825,3.6583093844338464e-6,0.0019126707464782971,0.007117128093987611,0.042231676965000825,-0.042184823913767835
667,10.000000000000002,-0.04233439567007523,2.3348443828608564e-5,0.004832022747112079,0.005376587127767575,0.04233439567007523,-0.042479505782263186
668,25.000000000000004,-0.04232150578535598,1.6596842650213746e-6,0.0012882873379108305,0.004898834355279434,0.04232150578535598,-0.042288437440812204
669,10.000000000000002,-0.04237619533284832,8.853904932114558e-6,0.0029755511980328214,0.003928360659282307,0.04237619533284832,-0.04237038274458682
670,4.000000000000001,-0.04238023382113436,2.5838756681898372e-5,0.005083183715143332,0.004177027416877089,0.04238023382113436,-0.0424151270615925
671,10.000000000000002,-0.04235880740383109,3.881374615249225e-6,0.001970120457040438,0.0017936733445313513,0.04235880740383109,-0.04233989923950733
672,25.000000000000004,-0.042332802387854584,1.1176213815590308e-6,0.00105717613554177,0.004374720999843428,0.042332802387854584,-0.04230634260000209
673,10.000000000000002,-0.04228676323689868,2.188799162235443e-6,0.0014794590775805334,0.0035323171566346984,0.04228676323689868,-0.04230609136389382
674,4.000000000000001,-0.04227963725473384,3.4521766438135916e-5,0.0058755226523379105,0.0016587903805266558,0.04227963725473384,-0.0424677525056394
675,10.000000000000002,-0.042290369413552485,3.661351898253661e-6,0.0019134659386186264,0.0024856159048571493,0.042290369413552485,-0.04232094926156077
676,4.000000000000001,-0.04226890265381003,6.634846114444372e-6,0.0025758195034676578,0.002627474437693584,0.04226890265381003,-0.042311674457947375
677,10.000000000000002,-0.042308514357166094,6.5331758102929435e-6,0.0025560077876041268,0.009850658382490806,0.042308514357166094,-0.0422188322203633
678,4.000000000000001,-0.0423680775912296,4.1966491792798174e-5,0.006478154968260498,0.003931731862638391,0.0423680775912296,-0.042427851266179324
679,10.000000000000002,-0.04236081131250142,2.7850942478481186e-6,0.0016688601642582635,0.004241957584826716,0.04236081131250142,-0.04227499813376731
680,4.000000000000001,-0.04229664249365082,1.7058476966625357e-5,0.004130190911643838,0.0032703622704505285,0.04229664249365082,-0.042352226420945494
681,10.000000000000002,-0.042301423287336264,1.7201487357582513e-6,0.0013115444086107993,0.0006517110119064274,0.042301423287336264,-0.04232177635777786
682,25.000000000000004,-0.04230758348896233,9.961319105198985e-7,0.0009980640813694772,0.005065529227795345,0.04230758348896233,-0.042285969123849555
683,10.000000000000002,-0.04231136505287583,1.0480779038952552e-5,0.0032374031319797898,0.000699867000599421,0.04231136505287583,-0.04242200582940187
684,25.000000000000004,-0.042313890611182084,1.3856558018096532e-6,0.0011771388201098684,0.0010521456120884656,0.042313890611182084,-0.04231340748221246
685,62.50000000000001,-0.042292833560942135,1.1385205678052987e-6,0.0010670147926834467,0.008227396957372225,0.042292833560942135,-0.04221423023628203
686,25.000000000000004,-0.04232835917402862,8.245574261658743e-6,0.002871510797761127,0.0017466978253062929,0.04232835917402862,-0.042497965874589365
687,62.50000000000001,-0.04231414354780268,7.201536042567509e-7,0.0008486186447732284,0.006852296768024312,0.04231414354780268,-0.04229269984523496
688,25.000000000000004,-0.042333405565788636,2.2702335026330877e-6,0.00150672940590973,0.004249968213143521,0.042333405565788636,-0.04235458425914853
689,10.000000000000002,-0.042324689209759556,2.51432001129175e-6,0.0015856607491174617,0.004360897507854544,0.042324689209759556,-0.04229272940224908
690,4.000000000000001,-0.042327602240658395,6.712173744146051e-5,0.008192785694833017,0.0013514133618107247,0.042327602240658395,-0.04260397951131897
691,10.000000000000002,-0.04224888295062071,7.080497944809844e-6,0.0026609205070444787,0.004398426718007217,0.04224888295062071,-0.042294362489768485
692,4.000000000000001,-0.04228392536178032,2.8064952122954132e-5,0.005297636465722628,0.0032508803418961245,0.04228392536178032,-0.042389904282977106
693,10.000000000000002,-0.04233192365150751,4.013849479532e-6,0.0020034593780588615,0.003115071188266026,0.04233192365150751,-0.042299176895971284
694,4.000000000000001,-0.042381548923438296,8.310240789092441e-6,0.0028827488251827356,0.003830572037178503,0.042381548923438296,-0.04229134630638302
695,1.6000000000000005,-0.04230059836119119,0.000226511079822972,0.015050285041253272,0.0011085853256969176,0.04230059836119119,-0.042667847397043615
696,4.000000000000001,-0.04224959472114374,1.377685868643834e-5,0.003711719101230364,0.002678756941771134,0.04224959472114374,-0.04231987530406196
697,10.000000000000002,-0.04225153906234149,6.066876308603649e-6,0.0024631029837592355,0.0040686928902384095,0.04225153906234149,-0.04223851468715553
698,4.000000000000001,-0.04239696570827189,3.8062208251559595e-5,0.006169457695094407,0.0020632935045859814,0.04239696570827189,-0.04245689227164176
699,10.000000000000002,-0.04233483404286417,3.863287397460453e-6,0.001965524713011885,0.0035701371805726984,0.04233483404286417,-0.04229486052630111
700,4.000000000000001,-0.04233612955392299,6.757455701969218e-6,0.002599510665869486,0.0032756699249957477,0.04233612955392299,-0.04227933951154829
701,1.6000000000000005,-0.042203265823987285,1.6722605421732e-5,0.004089328235998182,0.0034085392940935827,0.042203265823987285,-0.042291441740324336
702,4.000000000000001,-0.04230508435098763,3.5571126851550375e-6,0.0018860309343049061,0.003019944419847634,0.04230508435098763,-0.04229047260675744
703,1.6000000000000005,-0.042481474234702686,0.00023103133522891267,0.015199714971962885,0.003292378547040587,0.042481474234702686,-0.042670006828686796
704,4.000000000000001,-0.042460013376650715,2.0505034519136757e-5,0.004528248504569593,0.00436343107960281,0.042460013376650715,-0.04227741442820085
705,10.000000000000002,-0.04232268316597018,4.669730659068322e-6,0.0021609559595392783,0.0031073548483400155,0.04232268316597018,-0.042306587320830334
706,4.000000000000001,-0.042179575188318344,6.143546593256129e-6,0.002478617879636982,0.0033559761400105428,0.042179575188318344,-0.04228767366236419
707,1.6000000000000005,-0.042244164239769635,9.582192816612044e-5,0.009788867563008523,0.0035332066376211136,0.042244164239769635,-0.042450764872454395
708,4.000000000000001,-0.04238516335750386,1.538525942981412e-5,0.003922404801880362,0.004123729182199765,0.04238516335750386,-0.04229277088878517
709,10.000000000000002,-0.042338425989423924,5.150778329328146e-6,0.002269532623543479,0.004660010242615844,0.042338425989423924,-0.042280660826004575
710,4.000000000000001,-0.042253998573879195,2.694483924877471e-5,0.005190841863202414,0.0024817485002263384,0.042253998573879195,-0.04241829124900908
711,10.000000000000002,-0.04225147400767798,4.643528379036854e-6,0.0021548847716378835,0.002861493329289294,0.04225147400767798,-0.04229740083182807
712,4.000000000000001,-0.04225924990937298,5.222461579009942e-6,0.0022852705701973106,0.0041099551643759055,0.04225924990937298,-0.04224140830537118
713,1.6000000000000005,-0.042146532649176,6.960197416371475e-6,0.0026382186066305187,0.0032145530669615194,0.042146532649176,-0.04222524294716762
714,4.000000000000001,-0.04218372211668227,6.1469857122176735e-6,0.002479311539967834,0.005917262292666842,0.04218372211668227,-0.042218978627636336
715,1.6000000000000005,-0.04263032888882376,0.0002062740107137399,0.014362242537770343,0.004192426583392019,0.04263032888882376,-0.04270802119342223
716,4.000000000000001,-0.042513356068331516,1.771862346975079e-5,0.004209349530479833,0.0005502019264570107,0.042513356068331516,-0.04239478761223532
717,10.000000000000002,-0.04240887607268323,6.164575761683446e-6,0.002482856371537316,0.0056817500909395295,0.04240887607268323,-0.04227212683220601
718,4.000000000000001,-0.04221351140982339,2.2518380217401987e-5,0.004745353539769401,0.0015534210107340388,0.04221351140982339,-0.04241903093826482
719,10.000000000000002,-0.04224339197377212,7.26760981894312e-6,0.002695850481562937,0.0077452648914052595,0.04224339197377212,-0.042260939713277046
720,4.000000000000001,-0.04228928763149682,3.101225826928804e-5,0.005568865079106158,0.0017549399236304508,0.04228928763149682,-0.04244921403356975
721,10.000000000000002,-0.0422866471328955,6.100518500527399e-6,0.002469922772178798,0.0038608610176221973,0.0422866471328955,-0.04227337014312281
722,4.000000000000001,-0.04240182173439187,2.374960778307867e-5,0.004873356931631282,0.0026697624626449215,0.04240182173439187,-0.0424160697524186
723,10.000000000000002,-0.04234912741593599,3.236720587598757e-6,0.0017990888214867984,0.003340475180882428,0.04234912741593599,-0.04230268996344022
724,4.000000000000001,-0.042261060844319916,9.320529537291565e-6,0.0030529542311164056,0.0031549261897488453,0.042261060844319916,-0.04233096218841739
725,10.000000000000002,-0.04229725979552863,1.5836875859101106e-6,0.0012584464970391512,0.0023618835623940605,0.04229725979552863,-0.042312736153145965
726,4.000000000000001,-0.042258270464682626,1.9452439996432966e-6,0.0013947200434651023,0.002410775966850199,0.042258270464682626,-0.042300480838284096
727,1.6000000000000005,-0.04234068394936012,2.2553291510041e-6,0.0015017753330655353,0.002433211890719418,0.04234068394936012,-0.04229210570047941
728,0.6400000000000002,-0.042260425856002204,1.432659917587635e-5,0.0037850494284588083,0.0026154430726244913,0.042260425856002204,-0.04230565327007232
729,1.6000000000000005,-0.04245123411230566,7.495054709595375e-5,0.008657398402288862,0.002324929697546831,0.04245123411230566,-0.04241163432908811
730,4.000000000000001,-0.042367758575828335,1.1627535644625869e-5,0.003409917248941075,0.0028269150104854473,0.042367758575828335,-0.042311964669692295
731,10.000000000000002,-0.04232387308562967,5.0033533607217174e-6,0.002236817686071379,0.006056359615944874,0.04232387308562967,-0.042249533119339634
732,4.000000000000001,-0.04233399470084877,1.3610575303929904e-5,0.003689251320245058,0.0072278762576002634,0.04233399470084877,-0.04227379644376438
733,1.6000000000000005,-0.04190054782847533,0.00010550908211020584,0.010271761392780005,0.008562826735915402,0.04190054782847533,-0.04249909611473793
734,4.000000000000001,-0.04219286743096351,2.3900707925525423e-5,0.004888835027440118,0.003504143487244809,0.04219286743096351,-0.04239881487582456
735,10.000000000000002,-0.04230144393489147,3.833944580623597e-6,0.001958046112997239,0.0057870555391918935,0.04230144393489147,-0.04230345183830554
736,4.000000000000001,-0.0424697217372083,9.69081247831961e-6,0.003113006983339358,0.0031867386880361204,0.0424697217372083,-0.042345667434658216
737,10.000000000000002,-0.04239760065584791,1.6989402698625034e-6,0.001303434029731656,0.0015540857072630484,0.04239760065584791,-0.04231358238685846
738,25.000000000000004,-0.04233390642659325,9.280132440490176e-7,0.0009633344403938944,0.005208704772310962,0.04233390642659325,-0.04228284567656181
739,10.000000000000002,-0.042263706631883745,6.425900443391377e-6,0.0025349359840815266,0.004017968346928091,0.042263706631883745,-0.04236982403167625
740,4.000000000000001,-0.04216961906496307,7.577686265662391e-6,0.002752759754439604,0.007967516724128895,0.04216961906496307,-0.042279907254935516
741,1.6000000000000005,-0.04233705071489343,0.00016716046770852275,0.012929055174625977,0.0027188511100851393,0.04233705071489343,-0.04258935784054661
742,4.000000000000001,-0.04235558852374694,1.5671075981281115e-5,0.00395867098674304,0.0031228757384072396,0.04235558852374694,-0.04232540423716726
743,10.000000000000002,-0.0423021854947269,6.559846718203798e-6,0.0025612197715549124,0.00955902444364067,0.0423021854947269,-0.042252168740773866
744,4.000000000000001,-0.04228633756556287,3.0081970623689657e-5,0.005484703330508375,0.003054576191778957,0.04228633756556287,-0.042406977257124674
745,10.000000000000002,-0.04229696279843299,2.5887592069551344e-6,0.0016089621521201592,0.002904307986577746,0.04229696279843299,-0.04231340818776983
746,4.000000000000001,-0.04232586246823209,6.4830641708074215e-6,0.0025461862011265835,0.0030974162617955683,0.04232586246823209,-0.042322780549728385
747,10.000000000000002,-0.0423236054728535,1.3124883992043512e-6,0.0011456388607254692,0.0006853098115701992,0.0423236054728535,-0.04231028903201543
748,25.000000000000004,-0.04231341195879968,7.83285690285345e-7,0.0008850342876326007,0.004298265888115922,0.04231341195879968,-0.04228426790029502
749,10.000000000000002,-0.04235667195772207,8.716142678955479e-6,0.002952311412936562,0.0010993941491799983,0.04235667195772207,-0.04240954421317661
750,25.000000000000004,-0.042332616420858504,2.3178741503142724e-6,0.0015224566168906988,0.005754377551128144,0.042332616420858504,-0.04228560265169644
751,10.000000000000002,-0.04226655251872202,4.220743773563857e-6,0.002054444882094396,0.0047857857255773645,0.04226655251872202,-0.04226358044464604
752,4.000000000000001,-0.04225833679951594,5.184408583927281e-6,0.002276929639652328,0.005187627112670468,0.04225833679951594,-0.042223391517049985
753,1.6000000000000005,-0.042232186092825134,0.00012865618685980632,0.01134267106372244,0.005797294539272048,0.042232186092825134,-0.042399104089911946
754,4.000000000000001,-0.042276201352078935,6.618281517868237e-5,0.008135282120411213,0.0010582492089284252,0.042276201352078935,-0.042627364899707025
755,10.000000000000002,-0.042279639190226696,4.854697195351608e-6,0.002203337739737512,0.0024671201529716693,0.042279639190226696,-0.042342889920340264
756,25.000000000000004,-0.042306082154516346,2.2632029555007807e-6,0.0015043945478167558,0.00761217080464182,0.042306082154516346,-0.04225817161062799
757,10.000000000000002,-0.042336691441857977,9.52473604135315e-6,0.003086217108589924,0.0041241479202757,0.042336691441857977,-0.04240062537418127
758,4.000000000000001,-0.042353433305259765,9.389173274286498e-6,0.0030641757903694914,0.002892339598307079,0.042353433305259765,-0.042355717070599375
759,10.000000000000002,-0.04233367961862708,2.663332993855146e-6,0.0016319721179772484,0.0019807205006409805,0.04233367961862708,-0.04231598712639736
760,25.000000000000004,-0.042305853418144385,1.92238808640681e-6,0.0013865021047249839,0.006504279836243636,0.042305853418144385,-0.042249565572404134
761,10.000000000000002,-0.0422603816585303,2.6545045760127015e-6,0.0016292650416714592,0.004716023643719449,0.0422603816585303,-0.04220351362308054
762,4.000000000000001,-0.04247652647424173,8.805936187797312e-5,0.009383994984971653,0.006587415218483444,0.04247652647424173,-0.04268214052553519
763,10.000000000000002,-0.04239293089915368,1.0669712573921824e-5,0.003266452597837878,0.003972544752435979,0.04239293089915368,-0.0423964270144921
764,25.000000000000004,-0.04229896542605497,4.499610475642984e-6,0.0021212285298013,0.007429623994265909,0.04229896542605497,-0.042208337793955164
765,10.000000000000002,-0.04223292339053016,2.0933068344588094e-5,0.004575267024402849,0.0017155212185952125,0.04223292339053016,-0.042499798810221055
766,25.000000000000004,-0.04225145087727549,2.6323087631222725e-6,0.0016224391400364675,0.007636726935268888,0.04225145087727549,-0.04226389684792265
767,10.000000000000002,-0.042351392720873134,9.056796060891376e-6,0.0030094511228613394,0.006704433106319937,0.042351392720873134,-0.04232132820208589
768,4.000000000000001,-0.04255312298719641,7.398742957650056e-5,0.008601594594986476,0.002573591319392222,0.04255312298719641,-0.042616297737151566
769,10.000000000000002,-0.0422753134254342,1.2537410410162044e-5,0.003540820584294274,0.007638770312600287,0.0422753134254342,-0.042243068956056624
770,4.000000000000001,-0.04237849788450137,4.814963495193613e-5,0.006938993799675579,0.004834214703715256,0.04237849788450137,-0.04247628028187138
771,10.000000000000002,-0.04230518259788103,1.987037691493447e-5,0.0044576200954023065,0.016669269452701765,0.04230518259788103,-0.04210364142708515
772,4.000000000000001,-0.04230064439445866,0.00010209618161565587,0.010104265515892576,0.004687510135271466,0.04230064439445866,-0.042728155776082466
773,10.000000000000002,-0.04226803749938139,6.839496937880612e-6,0.0026152431890515675,0.005832830832848263,0.04226803749938139,-0.04229450048319652
774,4.000000000000001,-0.04217633059924321,8.086262218317201e-6,0.002843635387724172,0.006146590412531571,0.04217633059924321,-0.04222781549137247
775,1.6000000000000005,-0.042543464877605026,0.00018234288372172318,0.013503439699636651,0.005600241081255032,0.042543464877605026,-0.04254042120260102
776,4.000000000000001,-0.04245128226901323,1.5662216685251444e-5,0.003957551855030006,0.002718439568704159,0.04245128226901323,-0.04238138130559356
777,10.000000000000002,-0.04233335102780177,6.095091625526875e-6,0.0024688239357084324,0.009647200937586378,0.04233335102780177,-0.042266904909242065
778,4.000000000000001,-0.042331499942387184,1.2984464717245894e-5,0.0036033962753555006,0.006964030405689459,0.042331499942387184,-0.042268433655938895
779,1.6000000000000005,-0.04232841409444251,3.155173831634946e-5,0.005617093404631034,0.00592883138627783,0.04232841409444251,-0.042306337073045104
780,4.000000000000001,-0.042219114756706,7.77803538720321e-6,0.00278891294005446,0.009954956360954781,0.042219114756706,-0.04226162632585311
781,1.6000000000000005,-0.04205797555749841,4.84933586364101e-5,0.006963717300150121,0.0035777134074393606,0.04205797555749841,-0.042350360192822706
782,4.000000000000001,-0.04220546969479192,4.624048643028187e-6,0.002150360119381911,0.0030587760210368737,0.04220546969479192,-0.04231528797314729
783,1.6000000000000005,-0.04220649235530349,5.2514959196223724e-6,0.0022916142606517293,0.003547054556712173,0.04220649235530349,-0.042294783605891006
784,0.6400000000000002,-0.04286657731947926,0.0015817150689383169,0.03977078159828289,0.0017298131647199295,0.04286657731947926,-0.0434244522210022
785,1.6000000000000005,-0.04260129302534708,0.00013370561706770178,0.011563114505517178,0.003536688881523135,0.04260129302534708,-0.042385118041325144
786,4.000000000000001,-0.04226149050729754,5.616189019866956e-5,0.0074941237111932945,0.00836694199339034,0.04226149050729754,-0.04202169841053058
787,10.000000000000002,-0.042282790123935154,1.508116155338377e-5,0.003883447122516769,0.0015953807014203855,0.042282790123935154,-0.04236242407572475
788,25.000000000000004,-0.04227939944239706,3.764228605004363e-6,0.0019401620048347414,0.009556643636573162,0.04227939944239706,-0.04215474663954014
789,10.000000000000002,-0.042199707709715456,1.6980867339410217e-5,0.004120784796541821,0.0074194672064768164,0.042199707709715456,-0.04238348364957757
790,4.000000000000001,-0.04231615016551372,2.6445752931710156e-5,0.005142543430221096,0.007244910400486574,0.04231615016551372,-0.04238771813385194
791,1.6000000000000005,-0.04264533892480352,0.0006068176448705506,0.024633668928329588,0.001784369665872554,0.04264533892480352,-0.04346766303695335
792,4.000000000000001,-0.043092843577674435,0.00025591568962557003,0.01599736508383709,0.02176103688568239,0.043092843577674435,-0.04140767244509533
793,1.6000000000000005,-0.04178501672312248,0.0008432436106223185,0.02903865717663815,0.010691576570030736,0.04178501672312248,-0.04357770281971233
794,4.000000000000001,-0.04184212808952507,0.00012722657029033886,0.011279475621248484,0.019629104202953537,0.04184212808952507,-0.041866842090001875
795,1.6000000000000005,-0.04199230437870239,0.0007566673355808793,0.027507586873095197,0.0016693563951878719,0.04199230437870239,-0.043658363954403624
796,4.000000000000001,-0.042148099340542755,2.9505023597983766e-5,0.005431852685592989,0.0010452082963930804,0.042148099340542755,-0.04243768199721776
797,10.000000000000002,-0.04218290628042628,1.6493517746014453e-5,0.004061221213627061,0.0077748602957668795,0.04218290628042628,-0.04214694285222242
798,4.000000000000001,-0.04244715018759761,7.460034160969603e-5,0.0086371489283036,0.0035043042320790094,0.04244715018759761,-0.04259659095369379
799,10.000000000000002,-0.04239459225380127,6.9962282940604785e-6,0.0026450384295999326,0.00529434575794833,0.04239459225380127,-0.042274946235532046
800,4.000000000000001,-0.04232888965660997,9.734366736183422e-6,0.0031199946692556098,0.004661930847254623,0.04232888965660997,-0.042229538816846095
801,1.6000000000000005,-0.042205234983528093,0.0002658772189221615,0.01630574190039084,0.004426266901991685,0.042205234983528093,-0.0427400479323386
802,4.000000000000001,-0.04217473386541518,1.4802279764181192e-5,0.0038473730991653503,0.0023765008991979684,0.04217473386541518,-0.042349649532016684
803,10.000000000000002,-0.04225394146096863,2.59418890802637e-6,0.001610648598554747,0.0024346316619106253,0.04225394146096863,-0.04231003194892532
804,4.000000000000001,-0.0423662303585911,2.832032199071918e-6,0.001682864284210678,0.0025293474105494654,0.0423662303585911,-0.04227599292684193
805,1.6000000000000005,-0.042452790970094904,3.508717188956206e-6,0.0018731570112930217,0.004967840233503252,0.042452790970094904,-0.042260209530322265
806,0.6400000000000002,-0.04237439724452888,4.468717857787431e-5,0.006684846937505324,0.003969277686118912,0.04237439724452888,-0.042291275091365516
807,1.6000000000000005,-0.0423895500848039,6.8631955539862336e-6,0.002619770133806826,0.002137689811098293,0.0423895500848039,-0.042286715088920665
808,4.000000000000001,-0.04231961274762539,2.9285729013128915e-6,0.0017113073661130813,0.0025872347138654887,0.04231961274762539,-0.04227052995009575
809,1.6000000000000005,-0.04218169991138411,5.645456475554693e-6,0.002376016935031123,0.0025673696054424582,0.04218169991138411,-0.042268216729512836
810,4.000000000000001,-0.042262824746115576,1.9579544856913226e-6,0.0013992692684724132,0.002114421056843076,0.042262824746115576,-0.04226383145296375
811,1.6000000000000005,-0.042388526266415136,4.337394641479036e-6,0.0020826412656717998,0.002611352099099119,0.042388526266415136,-0.042262410785407524
812,0.6400000000000002,-0.042425344536339026,0.0015066297817018727,0.038815329210273,0.002205566094083729,0.042425344536339026,-0.0433192280679983
813,1.6000000000000005,-0.04257577248573558,0.00014939035133121418,0.012222534570669628,0.0012721207660695555,0.04257577248573558,-0.04253283006864091
814,4.000000000000001,-0.042193820967521375,7.685729839192774e-5,0.008766829437825726,0.01023066944981539,0.042193820967521375,-0.041981695465649345
815,10.000000000000002,-0.04218712383655138,1.4722491877582185e-5,0.0038369899501539207,0.006778484559372502,0.04218712383655138,-0.04229610193509705
816,4.000000000000001,-0.042364071400757417,5.088821304519872e-5,0.007133597482701048,0.004691468977919063,0.042364071400757417,-0.042459345558272875
817,10.000000000000002,-0.042379022405259655,6.385395616716167e-6,0.0025269340348960767,0.004390765317314776,0.042379022405259655,-0.042287724501220904
818,4.000000000000001,-0.04234211735801268,6.832053869482184e-6,0.002613819785196023,0.004757304710274451,0.04234211735801268,-0.04220641328697611
819,1.6000000000000005,-0.042411666966844314,0.00015404795232976776,0.012411605550039357,0.007318536880745608,0.042411666966844314,-0.042450646505568276
820,4.000000000000001,-0.04240556211819353,3.0006332917277768e-5,0.005477803658153309,0.007854079713707055,0.04240556211819353,-0.04226539144175724
821,1.6000000000000005,-0.042374518568203144,0.00020530738627892422,0.014328551436866331,0.005251314733715892,0.042374518568203144,-0.0426239552229719
822,4.000000000000001,-0.04225268537373345,2.0173940785004697e-5,0.004491541025639719,0.00277498530787756,0.04225268537373345,-0.04235671769135566
823,10.000000000000002,-0.04215043665976794,6.770367338602019e-6,0.0026019929551407356,0.005514170136509784,0.04215043665976794,-0.04224869235349817
824,4.000000000000001,-0.042393874771842824,3.313253291134319e-5,0.005756086596928784,0.0032853874765552404,0.042393874771842824,-0.042441757903654447
825,10.000000000000002,-0.04235970713966438,6.732851751699811e-6,0.0025947739307500012,0.00851637107657294,0.04235970713966438,-0.04226204744571017
826,4.000000000000001,-0.042332761747914754,1.636011307976395e-5,0.00404476366179335,0.006415551930475333,0.042332761747914754,-0.042274256354546645
827,1.6000000000000005,-0.042579945759479564,0.00021421067210951217,0.014635937691501429,0.0016197288947731008,0.042579945759479564,-0.0426890302796959
828,4.000000000000001,-0.04234620025944238,2.870866883179162e-5,0.005358047109889164,0.0034211899713090803,0.04234620025944238,-0.04231397186074227
829,10.000000000000002,-0.042238317392270235,6.592734824390349e-6,0.002567632143510894,0.005832396378262546,0.042238317392270235,-0.04226855269851927
830,4.000000000000001,-0.042295901256072715,9.536919086053706e-6,0.0030881902606629836,0.006049716055192105,0.042295901256072715,-0.04223374651251599
831,1.6000000000000005,-0.042841498685081955,0.00019366885777388472,0.013916495887035814,0.0037201300135418806,0.042841498685081955,-0.04269542072474852
832,4.000000000000001,-0.042431743480175366,2.599630530035131e-5,0.005098657205613191,0.003421576240425779,0.042431743480175366,-0.04236050391428376
833,10.000000000000002,-0.0421301479475018,2.0606200040105942e-5,0.004539405251804023,0.010609965154943031,0.0421301479475018,-0.04206132668328715
834,4.000000000000001,-0.042515246206553954,7.758526505341514e-5,0.008808249829189402,0.0023962900194439978,0.042515246206553954,-0.04273015162895081
835,10.000000000000002,-0.04243440632762543,8.910263828690058e-6,0.0029850065039610982,0.004813735960000834,0.04243440632762543,-0.04235000957100953
836,4.000000000000001,-0.042070875902568854,9.358470818046355e-6,0.003059161783568557,0.004768848837405725,0.042070875902568854,-0.04226317059715482
837,1.6000000000000005,-0.041933766143979735,1.3172939982858948e-5,0.0036294545021061976,0.004208700315818557,0.041933766143979735,-0.0422435514618961
838,4.000000000000001,-0.04217291841905239,3.910120502400277e-5,0.006253095635283597,0.0015621517224071767,0.04217291841905239,-0.042447631862436955
839,10.000000000000002,-0.042113654529966835,9.548737420139977e-6,0.003090103140696112,0.00972860380943964,0.042113654529966835,-0.042223168620141645
840,4.000000000000001,-0.04260690652594867,4.5549439597595894e-5,0.006749032493446442,0.0022886849860205426,0.04260690652594867,-0.042527410892693296
841,10.000000000000002,-0.042415766269785896,1.4318909358102774e-5,0.003784033477402489,0.008497840505465978,0.042415766269785896,-0.04219858633549542
842,4.000000000000001,-0.0425060234027274,5.0531084296379076e-5,0.007108521948786476,0.005579243627977572,0.0425060234027274,-0.04251226258245387
843,10.000000000000002,-0.04237501664340409,6.33341364955212e-6,0.0025166274355875803,0.0043049536959515,0.04237501664340409,-0.042315436306875315
844,4.000000000000001,-0.042149912245917916,6.776252294479454e-6,0.002603123564965646,0.005659273821676358,0.042149912245917916,-0.042241397458399915
845,1.6000000000000005,-0.04178694588570956,9.388047444762366e-6,0.0030639920764849193,0.003838072498956106,0.04178694588570956,-0.04222442153312951
846,0.6400000000000002,-0.043685781710765384,0.0011073497319275432,0.03327686481517667,0.0017187857216767887,0.043685781710765384,-0.043124142933087604
847,1.6000000000000005,-0.043059573441909395,9.418819804514326e-5,0.009705060434904218,0.0035865902417533298,0.043059573441909395,-0.04247102367389998
848,4.000000000000001,-0.04238119817674904,2.019725626980875e-5,0.004494135764505646,0.004682728105621026,0.04238119817674904,-0.042314068255412805
849,10.000000000000002,-0.04222819665093722,5.594871374326096e-6,0.002365348045072035,0.007618236486627008,0.04222819665093722,-0.042268553272390985
850,4.000000000000001,-0.042113253661806405,9.770161152741562e-6,0.0031257257001761304,0.005479854037200946,0.042113253661806405,-0.04225926387530096
851,1.6000000000000005,-0.042288633023758224,0.00015262180943135707,0.012354019970493697,0.0010067566855811562,0.042288633023758224,-0.04258916659988626
852,4.000000000000001,-0.042183508294527106,1.7919820485213377e-5,0.00423318089445908,0.002605880807809469,0.042183508294527106,-0.04233057334594172
853,10.000000000000002,-0.04225767698496079,6.183024895080976e-6,0.0024865689001274376,0.0059115462614338895,0.04225767698496079,-0.042262405133145484
854,4.000000000000001,-0.04230084763133785,1.0782182046537515e-5,0.003283623310694684,0.006003066687506044,0.04230084763133785,-0.042228295727907796
855,1.6000000000000005,-0.04300582020296052,9.942313698708774e-5,0.009971115132576083,0.0048411501997182955,0.04300582020296052,-0.042472251412822945
856,4.000000000000001,-0.042645667947842615,2.2674667371288007e-5,0.004761792453613241,0.00655574620842614,0.042645667947842615,-0.042295291331325535
857,1.6000000000000005,-0.04200266263256361,0.000195167994347417,0.01397025391134381,0.0017050816301326897,0.04200266263256361,-0.04261557044846574
858,4.000000000000001,-0.041994279703550734,1.2231286784471352e-5,0.003497325661769483,0.0029487100858883544,0.041994279703550734,-0.042337907428246724
859,10.000000000000002,-0.042014829101288606,1.1607280892159636e-5,0.00340694597728811,0.009851475328235526,0.042014829101288606,-0.04217333493840508
860,4.000000000000001,-0.042554965605246506,6.913970967916587e-5,0.008315029144817587,0.0026692658907204138,0.042554965605246506,-0.04259141066085122
861,10.000000000000002,-0.042514546152424525,6.604389721670996e-6,0.0025699007221429773,0.005715387638016473,0.042514546152424525,-0.042287834634562135
862,4.000000000000001,-0.042474549043847065,1.8153175164281565e-5,0.004260654311755598,0.005830621460261709,0.042474549043847065,-0.042324198275665324
863,1.6000000000000005,-0.0421905413107936,0.0001253675655956296,0.011196765854282639,0.0015958807419795091,0.0421905413107936,-0.0425286470989418
864,4.000000000000001,-0.04224042945669563,1.4747631069391445e-5,0.00384026445305417,0.004271450158013248,0.04224042945669563,-0.0423169462025962
865,10.000000000000002,-0.042256155307219115,6.516448904605693e-6,0.002552733614109724,0.007434511590708017,0.042256155307219115,-0.042240899998109975
866,4.000000000000001,-0.042385311528499135,3.045809567191169e-5,0.005518885364990986,0.005518822660617067,0.042385311528499135,-0.04240844885952103
867,10.000000000000002,-0.04237696995738129,8.224126018293348e-6,0.0028677737041637973,0.007727283381000304,0.04237696995738129,-0.04226671732317912
868,4.000000000000001,-0.04235779697024983,2.5956183615223937e-5,0.005094721151861398,0.0035789647984248913,0.04235779697024983,-0.04241003194528669
869,10.000000000000002,-0.04230439517834756,3.061057946779868e-6,0.0017495879362809598,0.0012678941874919676,0.04230439517834756,-0.04231894508729834
870,25.000000000000004,-0.042291913218277466,1.0875695705172971e-6,0.0010428660367071587,0.006759433336892973,0.042291913218277466,-0.04228472347529249
871,10.000000000000002,-0.04227355949827911,1.4833751615027973e-6,0.0012179388989201378,0.005095074130806911,0.04227355949827911,-0.04225645193507825
872,4.000000000000001,-0.04238909738477798,5.506470341116489e-5,0.007420559507959282,0.004846788197043573,0.04238909738477798,-0.04254984216094907
873,10.000000000000002,-0.042383321949208456,8.992343674652758e-6,0.0029987236742742332,0.010104423194766133,0.042383321949208456,-0.04228052409993506
874,4.000000000000001,-0.04227820604395604,3.233042554792396e-5,0.005685985011229274,0.004120425777117427,0.04227820604395604,-0.04245168399851958
875,10.000000000000002,-0.04224697098463077,3.0501858447056224e-6,0.0017464781260312487,0.001051073433911643,0.04224697098463077,-0.04233649295956786
876,25.000000000000004,-0.04226729648308273,3.04123956727149e-6,0.001743915011481778,0.01824508015340109,0.04226729648308273,-0.04222979054335261
877,10.000000000000002,-0.04228041885960686,1.6159839326789588e-5,0.004019930263921202,0.007244065130998918,0.04228041885960686,-0.042401269350215445
878,4.000000000000001,-0.04249636880718074,5.372530797244342e-5,0.0073297549735610815,0.0040035075728903765,0.04249636880718074,-0.042526497527919684
879,10.000000000000002,-0.04240255816281223,4.561729323987106e-6,0.0021358205271012607,0.0037530148143386025,0.04240255816281223,-0.042324494846197484
880,4.000000000000001,-0.042331994658570904,7.645227256050765e-6,0.0027650004079657503,0.004605763901739635,0.042331994658570904,-0.042322747397432144
881,1.6000000000000005,-0.04232464655674556,1.8576370325361603e-5,0.0043100313601366754,0.0025326585922782747,0.04232464655674556,-0.04234455249126177
882,4.000000000000001,-0.042320995699066534,4.064305879176768e-6,0.002016012370789616,0.004800589139249078,0.042320995699066534,-0.04231940325170956
883,1.6000000000000005,-0.04232673214357708,1.2463179723532398e-5,0.0035303228922482994,0.0026943522128646254,0.04232673214357708,-0.042336050753988615
884,4.000000000000001,-0.042294843988742885,2.5999758322300077e-6,0.0016124440555349534,0.0005736539572324983,0.042294843988742885,-0.042317132017264225
885,10.000000000000002,-0.04232332410065576,1.5062663048534592e-6,0.0012273004134495593,0.003937784867705148,0.04232332410065576,-0.04230072637465994
886,4.000000000000001,-0.04237834386904492,1.998572327256503e-6,0.001413708713723058,0.00427106483134943,0.04237834386904492,-0.0422865801368871
887,1.6000000000000005,-0.042263272418710626,8.865565625878252e-5,0.009415713263411462,0.0048543534648974335,0.042263272418710626,-0.04247892161013216
888,4.000000000000001,-0.04224098953255583,1.3230085716440443e-5,0.0036373184788303105,0.000821084945000364,0.04224098953255583,-0.04236907754214056
889,10.000000000000002,-0.04225047701474214,7.381175890632718e-6,0.0027168319584826585,0.010328377358446052,0.04225047701474214,-0.042255460866738176
890,4.000000000000001,-0.04229836327582351,8.89551945993818e-6,0.0029825357432792287,0.0065626360313077465,0.04229836327582351,-0.042172934801250325
891,1.6000000000000005,-0.04249079025541195,0.00023742353467282496,0.01540855394489778,0.005649470758912103,0.04249079025541195,-0.042750716606422885
892,4.000000000000001,-0.04236147124681436,2.7704944443772724e-5,0.0052635486550209375,0.004264211358044098,0.04236147124681436,-0.0424042538367268
893,10.000000000000002,-0.042105246551895265,1.6225888383468207e-5,0.004028137085982577,0.0106493860801707,0.042105246551895265,-0.042140838049251964
894,4.000000000000001,-0.04262598805017761,7.248133800952773e-5,0.008513597242618876,0.005698182086987721,0.04262598805017761,-0.04261999609315664
895,10.000000000000002,-0.04239350352526328,1.310169668927727e-5,0.0036196265952826226,0.009178215071196143,0.04239350352526328,-0.04224874158593328
896,4.000000000000001,-0.04244235446000192,3.8933453302107955e-5,0.006239667723693943,0.005442942480422167,0.04244235446000192,-0.04245841999492869
897,10.000000000000002,-0.04229411550451355,6.617555793882071e-6,0.002572461038360362,0.006024522184547678,0.04229411550451355,-0.0422960293290623
898,4.000000000000001,-0.04204761896238492,6.923551495684697e-6,0.0026312642390464505,0.006089892214047803,0.04204761896238492,-0.042210560931363196
899,1.6000000000000005,-0.04249632301990011,0.0002065590216477096,0.014372161342251541,0.004900828891477409,0.04249632301990011,-0.042671922425971696
900,4.000000000000001,-0.042395245670931024,2.4902713555959796e-5,0.0049902618724832265,0.004409351028640585,0.042395245670931024,-0.04236922780766714
901,10.000000000000002,-0.04236677093461582,6.876105581786796e-6,0.0026222329381248334,0.007970458917458519,0.04236677093461582,-0.042266926004786
902,4.000000000000001,-0.042178074849202815,1.764501895328134e-5,0.004200597451944347,0.0076418671433865284,0.042178074849202815,-0.042317100280419954
903,1.6000000000000005,-0.04218339396852388,7.187508298090345e-5,0.008477917372851864,0.006146268390453733,0.04218339396852388,-0.04242262700220466
904,4.000000000000001,-0.04224215936013931,1.8812046203901018e-5,0.004337285580164283,0.005773252905504025,0.04224215936013931,-0.04231191142539125
905,1.6000000000000005,-0.04227409355319552,9.801779564089463e-5,0.009900393711408382,0.0035463299555309235,0.04227409355319552,-0.04245519548598165
906,4.000000000000001,-0.04228430445108665,1.1689412158388349e-5,0.0034189782330966,0.004664353839228273,0.04228430445108665,-0.042321095349752244
907,1.6000000000000005,-0.04238463405320311,2.8995651979938844e-5,0.00538476108847355,0.004906818510145201,0.04238463405320311,-0.04235246587689091
908,4.000000000000001,-0.04234800292798971,8.705168828934762e-6,0.0029504523092120575,0.005264590458637047,0.04234800292798971,-0.04230053858875218
909,1.6000000000000005,-0.042320476552575204,1.5126876111437334e-5,0.0038893284910685205,0.004509331880117219,0.042320476552575204,-0.042296545631057454
910,4.000000000000001,-0.0422624750447737,7.002063913431598e-6,0.0026461413252945503,0.0045896827832301815,0.0422624750447737,-0.04231594615160715
911,1.6000000000000005,-0.04247280874837035,9.519083487875076e-6,0.003085301198890487,0.0044767226686153105,0.04247280874837035,-0.04229315060725995
912,0.6400000000000002,-0.04235103433521666,0.0003116917626069121,0.017654794323551666,0.001789504157012115,0.04235103433521666,-0.04252205227813328
913,1.6000000000000005,-0.042269579470518646,4.991566936855936e-5,0.0070651022192576496,0.003775695464246323,0.042269579470518646,-0.04234289217370215
914,4.000000000000001,-0.042335413839992765,2.007255540298215e-5,0.0044802405519103715,0.00696161219588669,0.042335413839992765,-0.04224944695932147
915,1.6000000000000005,-0.042089298767778054,2.3758665398856693e-5,0.0048742861424886305,0.0057341152095048645,0.042089298767778054,-0.04215532198810814
916,4.000000000000001,-0.04222881504329943,2.0990304031539518e-5,0.004581517655923582,0.008784744491004217,0.04222881504329943,-0.04220059742756252
917,1.6000000000000005,-0.0428793937725883,0.00016021931763526796,0.012657776962613457,0.0022593566977706274,0.0428793937725883,-0.042658040494618896
918,4.000000000000001,-0.04253299177191507,2.151861172115912e-5,0.00463881576710685,0.0053486028868488114,0.04253299177191507,-0.04236534245339644
919,10.000000000000002,-0.042270875355858675,9.564250447041209e-6,0.003092612236773503,0.009057379162529907,0.042270875355858675,-0.04223116170650987
920,4.000000000000001,-0.042240759476024146,2.9616922059014044e-5,0.005442143149441591,0.0019027270432899108,0.042240759476024146,-0.04246054389047583
921,10.000000000000002,-0.04226426219932758,1.6126287389969513e-5,0.0040157548966501325,0.014528331238344062,0.04226426219932758,-0.042189773552352594
922,4.000000000000001,-0.04207425913970065,2.377868799544462e-5,0.004876339610347563,0.016745686280556723,0.04207425913970065,-0.04205570879964392
923,1.6000000000000005,-0.04339915152601053,0.0003577258743838957,0.018913642546688245,0.005627177259923028,0.04339915152601053,-0.0430657044792693
924,4.000000000000001,-0.04293223943227992,3.714880522047404e-5,0.006094981970479818,0.0069998236111242,0.04293223943227992,-0.042454833381957525
925,10.000000000000002,-0.042252567876164014,1.8084076187100362e-5,0.0042525376173645265,0.012109331208783497,0.042252567876164014,-0.04219865986190765
926,4.000000000000001,-0.04201608303533521,7.197379067275071e-5,0.008483736834246493,0.0041351854333254315,0.04201608303533521,-0.04245864958926608
927,10.000000000000002,-0.0420740929357068,8.524659363475755e-6,0.002919701930587394,0.012339474901109055,0.0420740929357068,-0.04226230225427059
928,4.000000000000001,-0.04202081153023297,1.3228850917710333e-5,0.00363714873461484,0.011672712176543016,0.04202081153023297,-0.04220983737342005
929,1.6000000000000005,-0.04304470757585204,0.00032755019734039134,0.01809834791743134,0.0071046095432400575,0.04304470757585204,-0.04291534051627524
930,4.000000000000001,-0.042699550385332276,2.740925048239242e-5,0.005235384463665722,0.0041512233227990365,0.042699550385332276,-0.04239477708339781
931,10.000000000000002,-0.04224055362687446,1.1444391376222896e-5,0.0033829560115707824,0.01022933227349623,0.04224055362687446,-0.042191219768820766
932,4.000000000000001,-0.04211385423835397,4.148482999238876e-5,0.006440871834805344,0.00765301127177626,0.04211385423835397,-0.04246562857565653
933,10.000000000000002,-0.04216486275535682,8.282909896300447e-6,0.0028780044990062903,0.007833025658830615,0.04216486275535682,-0.042285364763408426
934,4.000000000000001,-0.042473093150711995,3.243044329220221e-5,0.00569477333106439,0.0019215792473120722,0.042473093150711995,-0.04242416876714031
935,10.000000000000002,-0.042417342436732855,1.3723543064989575e-5,0.003704530073435708,0.016348144864384205,0.042417342436732855,-0.04216204859533511
936,4.000000000000001,-0.04250489380348844,5.81642058769633e-5,0.007626546130258657,0.006076739972979934,0.04250489380348844,-0.04255528674603343
937,10.000000000000002,-0.04235406538777169,7.048862206109666e-6,0.0026549693418398764,0.007460751776613648,0.04235406538777169,-0.042318294333244216
938,4.000000000000001,-0.042163880188027504,8.490276859693129e-6,0.002913807965479731,0.006888412342305575,0.042163880188027504,-0.042257780072541946
939,1.6000000000000005,-0.041768440488839625,2.9511302401766167e-5,0.00543243061637847,0.008396675242027685,0.041768440488839625,-0.04229426556074275
940,0.6400000000000002,-0.041652275651185275,0.00010036573854535362,0.010018270237189333,0.005730607123154856,0.041652275651185275,-0.04236213821446253
941,1.6000000000000005,-0.04222757014138873,1.5133977983385307e-5,0.0038902413785503473,0.004970214770985952,0.04222757014138873,-0.04235771186724076
942,0.6400000000000002,-0.0426444104944215,3.579383242822031e-5,0.005982794700490759,0.004828272610436809,0.0426444104944215,-0.04236366061122334
943,1.6000000000000005,-0.04233433252638156,1.0276192376035496e-5,0.00320565007074002,0.0028748943674886673,0.04233433252638156,-0.04234470123569319
944,4.000000000000001,-0.0422493220994775,7.702499321923078e-6,0.00277533769511443,0.004812552268679284,0.0422493220994775,-0.04235172179881058
945,1.6000000000000005,-0.042133962485050684,2.0402486143921087e-5,0.004516911128627736,0.0037323808119792633,0.042133962485050684,-0.042357744421742005
946,4.000000000000001,-0.04228247177554611,1.1246005101149504e-5,0.0033535063890127756,0.009080622547659411,0.04228247177554611,-0.042287537811623074
947,1.6000000000000005,-0.042482839462340646,4.911315425982273e-5,0.00700807778637072,0.004329666125318851,0.042482839462340646,-0.0423813176193536
948,4.000000000000001,-0.0424067005979667,3.66384176315456e-6,0.001914116444512862,0.003257749369440049,0.0424067005979667,-0.04232453853364246
949,1.6000000000000005,-0.0422912786300485,8.664379015476892e-6,0.002943531724897303,0.004387828112326003,0.0422912786300485,-0.042324501332429515
950,0.6400000000000002,-0.04215879469873687,1.524597970313745e-5,0.003904610057757042,0.005200432312428923,0.04215879469873687,-0.042320906124658046
951,0.2560000000000001,-0.04135782041370283,0.0026115303302719356,0.051103134250962884,0.00417210123026722,0.04135782041370283,-0.04302593178057121
952,0.6400000000000002,-0.04205728086139969,0.000374142277132491,0.01934275774372649,0.002035487557269492,0.04205728086139969,-0.0425381338104031
953,1.6000000000000005,-0.04249673561238513,8.45249714280588e-5,0.009193746321715582,0.005806514023499524,0.04249673561238513,-0.04228932568907869
954,4.000000000000001,-0.04237410536628303,3.185218093298466e-5,0.005643773642961299,0.012510648306098967,0.04237410536628303,-0.0421913869639813
955,1.6000000000000005,-0.04242472193132836,0.00018036222948169918,0.013429900576016904,0.0017874826009118352,0.04242472193132836,-0.04251002016149691
956,4.000000000000001,-0.042326327883444655,1.3504513141556746e-5,0.0036748487236288713,0.0011223597165793899,0.042326327883444655,-0.04231744495796737
957,10.000000000000002,-0.042284753873544835,8.416443389423791e-6,0.0029011107165056267,0.012464657020267585,0.042284753873544835,-0.04218430761300102
958,4.000000000000001,-0.042431851656382386,4.767312054275466e-5,0.006904572437360235,0.0051869836678741016,0.042431851656382386,-0.04242860404707341
959,10.000000000000002,-0.04235845397277949,1.6442759778513998e-5,0.0040549672968488906,0.018359202583313104,0.04235845397277949,-0.04212387246366062
960,4.000000000000001,-0.042279167514058566,8.534246595279639e-5,0.00923809861133753,0.007943037919220719,0.042279167514058566,-0.0425958229981443
961,10.000000000000002,-0.04215847729701691,9.390546864507684e-6,0.0030643999191534523,0.01149565833340527,0.04215847729701691,-0.042265980365882874
962,4.000000000000001,-0.04226631906797955,3.1222484164858684e-5,0.00558770831064567,0.008249343395414305,0.04226631906797955,-0.04237061418603301
963,1.6000000000000005,-0.042508287931840805,4.771497603636921e-5,0.006907602770597714,0.008707089673721807,0.042508287931840805,-0.04235555430424389
964,0.6400000000000002,-0.04241319563156528,0.0010782255058569164,0.032836344282774786,0.003301801225791492,0.04241319563156528,-0.043040481396587386
965,1.6000000000000005,-0.0424882254203809,0.00014452210185571,0.01202173456102363,0.00786120731800432,0.0424882254203809,-0.04243152560586014
966,4.000000000000001,-0.042270172344715765,2.3280824561001347e-5,0.0048250206798521956,0.005215739260992153,0.042270172344715765,-0.042336301109824157
967,10.000000000000002,-0.042297758412914506,8.664929445301944e-6,0.0029436252216105815,0.008902787713120766,0.042297758412914506,-0.04221317594118352
968,4.000000000000001,-0.04218238354658875,9.653728976164039e-6,0.0031070450553804395,0.007854584036932162,0.04218238354658875,-0.04210717283281286
969,1.6000000000000005,-0.041910022477752946,0.0003460104146410217,0.018601355182916692,0.01478486221008961,0.041910022477752946,-0.042677760444585426
970,4.000000000000001,-0.04219884458248834,3.1262844319907256e-5,0.00559131865662361,0.002501151652566397,0.04219884458248834,-0.04243405723220676
971,10.000000000000002,-0.04232581655995827,1.0984568507070316e-5,0.003314297588791676,0.013783989268195036,0.04232581655995827,-0.04222758865764811
972,4.000000000000001,-0.04235629466676251,4.846355695440348e-5,0.00696157718871259,0.007392603017456061,0.04235629466676251,-0.04244002866413403
973,10.000000000000002,-0.04210315498518321,4.439360377230828e-5,0.006662852525180809,0.02754898258234058,0.04210315498518321,-0.041805542126143215
974,4.000000000000001,-0.042531484803661944,0.00024800552356579226,0.015748191120436413,0.013459823310394338,0.042531484803661944,-0.04324967113874444
975,10.000000000000002,-0.04225014921800279,3.568180283236904e-5,0.0059734247155521294,0.03293712683550183,0.04225014921800279,-0.042075101321430664
976,4.000000000000001,-0.04265425354225591,0.0001399671350514794,0.011830770687131054,0.008568536515460834,0.04265425354225591,-0.042834951287584855
977,10.000000000000002,-0.04244467334377668,6.417311493603827e-6,0.0025332413018904903,0.003079120855174282,0.04244467334377668,-0.04232653826405069
978,25.000000000000004,-0.0423634623765398,4.745041901339064e-6,0.002178311708947795,0.028069520136818276,0.0423634623765398,-0.042151560683992784
979,10.000000000000002,-0.042075513958958526,2.8011257483492796e-5,0.005292566247435434,0.013907537286744378,0.042075513958958526,-0.04247428583152634
980,4.000000000000001,-0.04211993259005154,3.198092855957727e-5,0.005655168305150366,0.008923747444820804,0.04211993259005154,-0.04242030085750529
981,1.6000000000000005,-0.042071208369133334,0.00033423473649027484,0.018282087859166272,0.012598706821155345,0.042071208369133334,-0.042915847950202424
982,4.000000000000001,-0.042289766042451195,3.851104257783534e-5,0.006205726595478997,0.002039140749679594,0.042289766042451195,-0.04248256619878937
983,10.000000000000002,-0.042267179536725236,1.0949843519143784e-5,0.0033090547772957435,0.010493447638926005,0.042267179536725236,-0.04226144499998733
984,4.000000000000001,-0.042311368907861115,1.1781748191278929e-5,0.0034324551258944273,0.009615220280529246,0.042311368907861115,-0.04211520954760803
985,1.6000000000000005,-0.04272507543586224,0.00036041622625659404,0.01898463131737338,0.004379955507801088,0.04272507543586224,-0.04282798054668537
986,4.000000000000001,-0.042540746175377626,3.43945194223408e-5,0.005864684085467929,0.0022919868003572815,0.042540746175377626,-0.04242791081580619
987,10.000000000000002,-0.042182603487089104,1.6266213892688137e-5,0.004033139458621303,0.01396027337456721,0.042182603487089104,-0.042152397936712986
988,4.000000000000001,-0.0417355466832191,1.9883102758452408e-5,0.004459047292690716,0.013076569364409187,0.0417355466832191,-0.04197856001776167
989,1.6000000000000005,-0.04295093431305907,0.0005314290201975855,0.023052744309465314,0.004673601532729386,0.04295093431305907,-0.04333270781923613
990,4.000000000000001,-0.04266438537286869,0.00014907039018143822,0.012209438569460851,0.02583074931327131,0.04266438537286869,-0.042033117017968656
991,1.6000000000000005,-0.04217927446461963,0.0006020244083322821,0.024536185692407085,0.007593421678034259,0.04217927446461963,-0.043230268678082315
992,4.000000000000001,-0.04199636541604727,4.5528963838149675e-5,0.0067475153825797,0.011336091555618752,0.04199636541604727,-0.04224364002835269
993,1.6000000000000005,-0.04236783589473844,0.0002079545626282287,0.0144206297583784,0.003952440837889819,0.04236783589473844,-0.04254924197982896
994,4.000000000000001,-0.042188206561875205,3.067622120366308e-5,0.005538611848077375,0.009439264221167164,0.042188206561875205,-0.04226810183463771
995,1.6000000000000005,-0.04291987031936773,0.00015286895151132564,0.012364018420858392,0.002345241626468194,0.04291987031936773,-0.04256365909900282
996,4.000000000000001,-0.04254582237421974,2.1997237846684906e-5,0.004690121304048,0.0070734344493644545,0.04254582237421974,-0.04231529709613479
997,1.6000000000000005,-0.041956440870240946,4.386421339840386e-5,0.006623006371611299,0.00609556315674947,0.041956440870240946,-0.042314401393513425
998,4.000000000000001,-0.04190493741529682,1.3718813379105649e-5,0.0037038916532622346,0.006490255708478879,0.04190493741529682,-0.042236894039229075
999,1.6000000000000005,-0.04227009676704695,7.434556407365383e-5,0.008622387376687145,0.007987191644126923,0.04227009676704695,-0.04232845015050352
1000,4.000000000000001,-0.04234529696562326,9.682080834309115e-6,0.0031116042219905015,0.005890921929042592,0.04234529696562326,-0.042315929863765214
1001,1.6000000000000005,-0.04260279874188938,1.1579294933713142e-5,0.0034028363072168403,0.0060910485448751476,0.04260279874188938,-0.042278851043531296
1002,0.6400000000000002,-0.04403030282960096,0.0005948321053252403,0.02438918008718703,0.006136782353681868,0.04403030282960096,-0.0426103208385647
1003,1.6000000000000005,-0.04307725842031458,0.00012522085751007667,0.01119021257662591,0.013467966335115454,0.04307725842031458,-0.04228090635288518
1004,4.000000000000001,-0.042319035288747156,3.2397601151547786e-5,0.0056918890670451215,0.009063550098448829,0.042319035288747156,-0.04234386020866443
1005,1.6000000000000005,-0.0412313892336688,3.0940266757171675e-5,0.005562397572735311,0.006566544423575244,0.0412313892336688,-0.04218569218829249
1006,4.000000000000001,-0.04172880974670982,2.5992556164248334e-5,0.005098289533191336,0.010581384944687508,0.04172880974670982,-0.04204307264611902
1007,1.6000000000000005,-0.043228866440076744,0.0003011519403153973,0.017353729867535604,0.004270839393406455,0.043228866440076744,-0.0427558348250424
1008,4.000000000000001,-0.043013334337879086,2.3984762186646086e-5,0.004897424035821902,0.009497147388685491,0.043013334337879086,-0.042332681893556316
1009,1.6000000000000005,-0.04226365156250602,3.0921878599955984e-5,0.005560744428577525,0.009101234966075749,0.04226365156250602,-0.04227018017370887
1010,0.6400000000000002,-0.04163131952841674,0.0005530621180773907,0.023517272760194597,0.0030641192045161784,0.04163131952841674,-0.042698549812828585
1011,1.6000000000000005,-0.04174244994850454,6.216447704569202e-5,0.007884445259223506,0.002051107542658596,0.04174244994850454,-0.04244419624507811
1012,4.000000000000001,-0.041933146549833974,2.046840934771942e-5,0.0045242026200999685,0.0048681425013971154,0.041933146549833974,-0.04229927878219105
1013,10.000000000000002,-0.04207774819398915,1.3824422979547086e-5,0.003718120893616436,0.010695086907577134,0.04207774819398915,-0.042122631844293136
1014,4.000000000000001,-0.04292850545292192,7.472941744852015e-5,0.008644617831258947,0.01566249699023494,0.04292850545292192,-0.04253655137739273
1015,1.6000000000000005,-0.04362298484575461,7.826881797819306e-5,0.008846966597551562,0.012142302020109408,0.04362298484575461,-0.04217613673102393
1016,0.6400000000000002,-0.04182914467386507,0.0012827510036586933,0.035815513449603,0.0031342285280400615,0.04182914467386507,-0.043232433570621176
1017,1.6000000000000005,-0.04184629299345351,0.00015551349953348475,0.012470505183571545,0.008328247824937757,0.04184629299345351,-0.04242856323212321
1018,4.000000000000001,-0.04193907775265699,3.539063322074969e-5,0.005949002708080547,0.0023813304260160537,0.04193907775265699,-0.042294319908560224
1019,10.000000000000002,-0.04197709101296495,2.3062587470924047e-5,0.004802352285174844,0.02035659451375273,0.04197709101296495,-0.04196076145434501
1020,4.000000000000001,-0.04219483320907296,7.290651496411026e-5,0.00853853119477292,0.01386331364285075,0.04219483320907296,-0.042233130006664295
1021,1.6000000000000005,-0.044815389842765854,0.0004929294197775452,0.022202013867609966,0.011929676158848537,0.044815389842765854,-0.04326902958190008
1022,4.000000000000001,-0.043609680873851725,5.552481015545023e-5,0.007451497175430601,0.009120190800223974,0.043609680873851725,-0.042555356931311274
1023,10.000000000000002,-0.042419578695452,3.483022153667967e-5,0.005901713440745804,0.035300026613708534,0.042419578695452,-0.042031481222643385
1024,4.000000000000001,-0.041318428082247706,0.00010381516633587842,0.010188972781192343,0.009472393334718283,0.041318428082247706,-0.042692043969442095
1025,10.000000000000002,-0.04154504384944142,2.264685066042525e-5,0.004758870733737706,0.02728757236405028,0.04154504384944142,-0.042195227707731375
1026,4.000000000000001,-0.042593572607681755,8.393717870047471e-5,0.009161723566036836,0.008039229187374753,0.042593572607681755,-0.04263274950344458
1027,10.000000000000002,-0.042596822042801304,1.1069435429402558e-5,0.0033270761081469957,0.014543163940038828,0.042596822042801304,-0.042283885338832185
1028,4.000000000000001,-0.04242208963956901,1.707902406197493e-5,0.004132677589889506,0.0144112980824882,0.04242208963956901,-0.04223905119186948
1029,1.6000000000000005,-0.0428990103040799,0.0002568449193022145,0.016026381977920483,0.011403006517195148,0.0428990103040799,-0.0425913479920734
1030,4.000000000000001,-0.04245892663800115,6.0407568077291e-5,0.007772230572833708,0.01907313933977207,0.04245892663800115,-0.04225753185625121
1031,1.6000000000000005,-0.04166674846252223,0.00012195465096802244,0.011043307972162256,0.016931516696058944,0.04166674846252223,-0.04229732427335157
1032,0.6400000000000002,-0.04110505924887589,0.0011557726728088729,0.0339966567887031,0.006374972813008766,0.04110505924887589,-0.04322193997919129
1033,1.6000000000000005,-0.04191143370691928,0.00019520128624383326,0.013971445388499834,0.003084897750480901,0.04191143370691928,-0.04252580407432707
1034,4.000000000000001,-0.042523350967197816,0.00012699164595172848,0.011269057012533413,0.022535895303812937,0.042523350967197816,-0.04172194966493369
1035,1.6000000000000005,-0.04248313573359328,0.0007022286811766003,0.02649959775499621,0.006397657918187664,0.04248313573359328,-0.043231696293236345
1036,4.000000000000001,-0.042369582261818764,6.446717962752153e-5,0.008029145634967741,0.011183939983134161,0.042369582261818764,-0.04234338773488617
1037,1.6000000000000005,-0.04219716674463348,0.00011027436670993586,0.010501160255416345,0.012803345773100747,0.04219716674463348,-0.0423326090975976
1038,4.000000000000001,-0.042078417780552664,2.002454433810851e-5,0.004474879254025578,0.007824751853055542,0.042078417780552664,-0.04226707292052365
1039,1.6000000000000005,-0.04219266134732638,5.073475610621238e-5,0.007122833432434903,0.007474939893336464,0.04219266134732638,-0.0422824685774285
1040,4.000000000000001,-0.042240988767686456,1.5451331469740746e-5,0.00393081816798243,0.011261392762664486,0.042240988767686456,-0.04223055733043485
1041,1.6000000000000005,-0.04206103658590925,3.4005004743891495e-5,0.005831381032301996,0.010327897091209296,0.04206103658590925,-0.042240523038235625
1042,0.6400000000000002,-0.0418233271757547,0.0012821778254073087,0.035807510740168864,0.01534571414711944,0.0418233271757547,-0.04306926170211704
1043,1.6000000000000005,-0.042566130439087135,0.000174811115968582,0.01322161548255666,0.007244499284431225,0.042566130439087135,-0.04251935307221793
1044,4.000000000000001,-0.04258289594905103,2.790495321718072e-5,0.005282513910741809,0.0027752077633827112,0.04258289594905103,-0.0422808841723931
1045,10.000000000000002,-0.04239349816938605,1.2456639160928645e-5,0.003529396430117853,0.016586380080485966,0.04239349816938605,-0.042132819430088446
1046,4.000000000000001,-0.04223082787135765,1.6206318866952997e-5,0.004025707250527912,0.01710639201218498,0.04223082787135765,-0.04200885411137797
1047,1.6000000000000005,-0.04134984301116761,0.0001767949023748373,0.013296424420679315,0.0115119215132997,0.04134984301116761,-0.042304181936486294
1048,4.000000000000001,-0.041935224342977154,3.2576274005778104e-5,0.005707562877952209,0.0161596555649919,0.041935224342977154,-0.04241692645384352
1049,1.6000000000000005,-0.04299218771168065,5.0766667443746615e-5,0.007125073153571591,0.011708374429188944,0.04299218771168065,-0.04234229929762283
1050,0.6400000000000002,-0.042670117247192565,0.0017699815691031781,0.04207114889212295,0.003662007059462866,0.042670117247192565,-0.0435092697482618
1051,1.6000000000000005,-0.04226314796890813,0.00028331256338111777,0.016831891259781764,0.012799480374915585,0.04226314796890813,-0.04251037931166587
1052,4.000000000000001,-0.042301700086712975,5.892138437578078e-5,0.007676026600773396,0.003786740961311119,0.042301700086712975,-0.04234042213297176
1053,10.000000000000002,-0.04216775420705631,3.8553596658740124e-5,0.00620915426275915,0.034072500835790165,0.04216775420705631,-0.041758931823397245
1054,4.000000000000001,-0.04233171640417727,0.00018550660369548918,0.013620080899006775,0.006330827736773416,0.04233171640417727,-0.04291072496834864
1055,10.000000000000002,-0.04222116985041398,2.5814275253618906e-5,0.00508077506426125,0.019159003704713594,0.04222116985041398,-0.042223789825087295
1056,4.000000000000001,-0.04237240006258609,5.6461866141277854e-5,0.007514111134477441,0.02167463757303041,0.04237240006258609,-0.04231770916809217
1057,1.6000000000000005,-0.042157514590188114,0.0003599419089199227,0.018972135064876664,0.015015891178150888,0.042157514590188114,-0.04290525472542015
1058,4.000000000000001,-0.04228293129031025,4.327738948963734e-5,0.006578555273738858,0.011805763080036266,0.04228293129031025,-0.042491553749729766
1059,1.6000000000000005,-0.04266653477638852,5.902213431589698e-5,0.00768258643400105,0.011195078383518154,0.04266653477638852,-0.042415357338242296
1060,0.6400000000000002,-0.04203946541825592,0.0001142167266512693,0.010687222588271908,0.010912381919732613,0.04203946541825592,-0.042401115497679956
1061,1.6000000000000005,-0.04238779230095347,3.946402634073328e-5,0.006282039982420781,0.009885699543057349,0.04238779230095347,-0.04233931145886408
1062,0.6400000000000002,-0.04287794223943842,0.00020443695183109192,0.014298145048610045,0.008344023544669982,0.04287794223943842,-0.04242974381550226
1063,1.6000000000000005,-0.042648923082026884,7.406028819219127e-5,0.008605828733607894,0.007842439492448209,0.042648923082026884,-0.042467952896253734
1064,4.000000000000001,-0.04222697042581374,3.9708717693945106e-5,0.006301485356163664,0.011539701373786727,0.04222697042581374,-0.04223970235199843
1065,1.6000000000000005,-0.042044752382772894,0.00010815175181408802,0.010399603445040009,0.011527263815154886,0.042044752382772894,-0.042364909107872786
1066,4.000000000000001,-0.042234240859620305,1.7374884806379802e-5,0.004168319182401919,0.009163171841778214,0.042234240859620305,-0.042299229152273285
1067,1.6000000000000005,-0.04251932582700902,1.765205090090987e-5,0.0042014343861245616,0.00762829255931413,0.04251932582700902,-0.04220591249680993
1068,0.6400000000000002,-0.04256795726931483,0.0008983653869823933,0.02997274406827632,0.00790195359496443,0.04256795726931483,-0.04284575171512382
1069,1.6000000000000005,-0.042449072193056006,0.00010339862406799044,0.01016851139882286,0.0037580606508615666,0.042449072193056006,-0.042485993746969236
1070,4.000000000000001,-0.04227018748666643,3.783801878633272e-5,0.006151261560552658,0.012851544619478234,0.04227018748666643,-0.042217983037300406
1071,1.6000000000000005,-0.04226440398678691,0.00011443254912053591,0.01069731504259531,0.009448999920650554,0.04226440398678691,-0.04229892672576182
1072,4.000000000000001,-0.04228015001562614,2.1496266857246003e-5,0.004636406675136037,0.006736436373687822,0.04228015001562614,-0.04227601725945698
1073,1.6000000000000005,-0.0422723682236877,9.80586790441941e-5,0.009902458232388264,0.013016456912317825,0.0422723682236877,-0.0423873057464166
1074,0.6400000000000002,-0.04232350482210332,0.00029531387277196284,0.01718469879782485,0.007590627236780192,0.04232350482210332,-0.04249790759199236
1075,1.6000000000000005,-0.04227006964939767,3.9808913784247585e-5,0.006309430543578999,0.0028819842608509374,0.04227006964939767,-0.042387321511821424
1076,4.000000000000001,-0.04227377078568962,1.736851991901404e-5,0.004167555628784581,0.008066661309092157,0.04227377078568962,-0.04227836994336175
1077,1.6000000000000005,-0.04244362883137763,1.9104866564826656e-5,0.004370911411230689,0.008460539150550424,0.04244362883137763,-0.04219602241519024
1078,0.6400000000000002,-0.04190939240918306,0.0006771260780812273,0.02602164633687168,0.004789319146503931,0.04190939240918306,-0.04277877518531658
1079,1.6000000000000005,-0.04295649845362943,0.000351926587802755,0.018759706495645262,0.02617355394604182,0.04295649845362943,-0.0418725410930323
1080,0.6400000000000002,-0.04233383257268275,0.0014711424093539615,0.03835547430750872,0.01143805946318065,0.04233383257268275,-0.04314152562705875
1081,1.6000000000000005,-0.041980152543419316,9.735488246391668e-5,0.009866857780667393,0.010369268339120033,0.041980152543419316,-0.04232101249307966
1082,4.000000000000001,-0.04201315787881299,2.749452181941086e-5,0.005243521890810685,0.012019436398219643,0.04201315787881299,-0.0422402664032525
1083,1.6000000000000005,-0.042525435275855145,0.00013637050401701063,0.011677778214070116,0.008413476574600632,0.042525435275855145,-0.04251949816179433
1084,4.000000000000001,-0.0423634147636763,2.4164315306006183e-5,0.004915721239656108,0.007444444608275628,0.0423634147636763,-0.042305000302102505
1085,1.6000000000000005,-0.0420752038935118,2.4396447559767677e-5,0.004939276015750454,0.01579793933399133,0.0420752038935118,-0.04216989734169154
1086,0.6400000000000002,-0.04270268894803085,0.0003837665904646967,0.019589961471751207,0.010393473064693001,0.04270268894803085,-0.0424056640859025
1087,1.6000000000000005,-0.04237200272509898,0.00011261421578764279,0.010611984535780421,0.016271550602815252,0.04237200272509898,-0.042153734182969055
1088,0.6400000000000002,-0.042053780484531324,0.0005980798782189504,0.02445567169838012,0.010010523923333108,0.042053780484531324,-0.042664991528810585
1089,1.6000000000000005,-0.04201989208568314,3.7208240291647975e-5,0.006099855759905145,0.005449139741360044,0.04201989208568314,-0.04237480609590753
1090,4.000000000000001,-0.04222075297974864,3.36267963424679e-5,0.005798861641949039,0.01592072087532022,0.04222075297974864,-0.04218152273248657
1091,1.6000000000000005,-0.04249923657103959,0.00021097816658125106,0.014525087489624668,0.008268916735732608,0.04249923657103959,-0.04261581970048788
1092,4.000000000000001,-0.04247863826218949,1.3502444091841467e-5,0.003674567197894395,0.006047814136861499,0.04247863826218949,-0.042317163402791305
1093,1.6000000000000005,-0.04220722911146373,2.8159566592397565e-5,0.005306558827752461,0.00507641594532343,0.04220722911146373,-0.04233587738355762
1094,4.000000000000001,-0.04208749934124927,7.514513676417593e-6,0.002741261329464521,0.008401964455546378,0.04208749934124927,-0.04229581856375292
1095,1.6000000000000005,-0.04225091025310865,1.3939967634585214e-5,0.0037336266062081265,0.009968900211843339,0.04225091025310865,-0.04229457990688222
1096,0.6400000000000002,-0.04269799933523048,1.626982991246454e-5,0.0040335877221729715,0.008797185162300965,0.04269799933523048,-0.04227455095066542
1097,0.2560000000000001,-0.042878132155475736,0.00021700863971552259,0.014731213110790387,0.00775443553099749,0.042878132155475736,-0.042345336775737714
1098,0.6400000000000002,-0.04247339690039228,4.7166864984657037e-5,0.00686781369757924,0.009307873784170327,0.04247339690039228,-0.04230571203911687
1099,0.2560000000000001,-0.04159704291738192,0.00017549380072093398,0.013247407320715023,0.008221833354919876,0.04159704291738192,-0.04234730997353639
1100,0.6400000000000002,-0.04204564836427063,2.0049205661954295e-5,0.004477633935680126,0.00445760432734158,0.04204564836427063,-0.042316301133657856
1101,1.6000000000000005,-0.042350289680284814,1.0907208662549437e-5,0.003302606343866831,0.003736794465007947,0.042350289680284814,-0.042292206673026606
1102,4.000000000000001,-0.04236516581438993,4.513514639661982e-6,0.002124503386596967,0.00435316118643361,0.04236516581438993,-0.042299736532079676
1103,1.6000000000000005,-0.04231617565043673,7.516391683490718e-6,0.0027416038523993065,0.005845079601932615,0.04231617565043673,-0.04228881722256641
1104,0.6400000000000002,-0.04246204736658387,7.859530162571257e-6,0.002803485359792567,0.007229506458358665,0.04246204736658387,-0.042274110168272774
1105,0.2560000000000001,-0.045363173242574856,0.0021292306676793213,0.046143587503350035,0.00676376640669659,0.045363173242574856,-0.04278963568340567
1106,0.6400000000000002,-0.04416170185248495,0.00047539325728723487,0.021803514792052104,0.012434882037665719,0.04416170185248495,-0.04239197605485221
1107,1.6000000000000005,-0.0429013307220561,0.00013426121980288986,0.011587114386372901,0.014003072862633992,0.0429013307220561,-0.042274399853679805
1108,4.000000000000001,-0.04210329950202695,4.6806238731340684e-5,0.006841508512845737,0.011941377288142995,0.04210329950202695,-0.042095673029349426
1109,1.6000000000000005,-0.04148659623884435,0.00016264241478217603,0.012753133527967784,0.01982818683972586,0.04148659623884435,-0.04228773115498761
1110,0.6400000000000002,-0.04244180410404842,0.00116008962135759,0.03406008839327329,0.01517751081702817,0.04244180410404842,-0.04297475410035819
1111,1.6000000000000005,-0.0421271309111892,0.0001271477945063524,0.011275983083809251,0.005000703641958717,0.0421271309111892,-0.04254283773965295
1112,4.000000000000001,-0.041947160487750886,3.085010342650886e-5,0.005554286941319188,0.007764333068542732,0.041947160487750886,-0.04226274245107564
1113,1.6000000000000005,-0.042070218331704816,3.519725629630822e-5,0.005932727559589115,0.009675100863548577,0.042070218331704816,-0.04212427756119077
1114,0.6400000000000002,-0.0432780756005259,0.000971899140155563,0.031175296953767143,0.004895384648891483,0.0432780756005259,-0.04281462223118136
1115,1.6000000000000005,-0.04345459202898341,0.0001554673883532503,0.012468656236870528,0.008900306542488204,0.04345459202898341,-0.04235344502081731
1116,4.000000000000001,-0.04257327936826105,6.575889987360203e-5,0.008109186141259925,0.020713926348224717,0.04257327936826105,-0.04196409921623867
1117,1.6000000000000005,-0.04135725763988784,0.0002885809498034714,0.01698767052316095,0.024275176414743155,0.04135725763988784,-0.04267891729565679
1118,0.6400000000000002,-0.04113786056732161,0.00047795094607664757,0.021862089243177275,0.012482172711409757,0.04113786056732161,-0.04265468945894875
1119,1.6000000000000005,-0.04153140608265441,0.0001031949033724962,0.010158489226873069,0.008827934490570068,0.04153140608265441,-0.04240465044970205
1120,4.000000000000001,-0.04212885849864374,2.0376094236178515e-5,0.0045139887279631655,0.01114755153231364,0.04212885849864374,-0.042305311606673765
1121,1.6000000000000005,-0.0429412672045212,4.4331863660877196e-5,0.006658217754089844,0.007031459703405692,0.0429412672045212,-0.04231527837552098
1122,4.000000000000001,-0.04274266155501854,8.983781779730142e-6,0.0029972957444553486,0.008335523910152961,0.04274266155501854,-0.04227299800609027
1123,1.6000000000000005,-0.04202880823920781,2.180575305744673e-5,0.00466966305609374,0.0061676049011302305,0.04202880823920781,-0.04227612101718871
1124,0.6400000000000002,-0.041854019773092756,4.7948551938955676e-5,0.006924489290839843,0.004524392111771864,0.041854019773092756,-0.04230392626771005
1125,1.6000000000000005,-0.04199651639590858,8.089936419884996e-6,0.0028442813538546072,0.0012353225447344822,0.04199651639590858,-0.04229906968623547
1126,4.000000000000001,-0.04216576700393455,7.905435963826923e-6,0.0028116607127864706,0.010232486080387427,0.04216576700393455,-0.04225390064267875
1127,1.6000000000000005,-0.04246850323503447,3.3305005201669506e-5,0.00577104888228037,0.005244893356372441,0.04246850323503447,-0.042309538462221116
1128,4.000000000000001,-0.04241878341523223,3.8025630208426893e-6,0.00195001615912348,0.004274907754721871,0.04241878341523223,-0.04225740593012869
1129,1.6000000000000005,-0.04241855784310249,3.7220472804350366e-6,0.0019292608119264323,0.0015561793847205093,0.04241855784310249,-0.042236658888450594
1130,4.000000000000001,-0.0423641278542184,4.233851173519559e-6,0.0020576324194373392,0.005788640081716319,0.0423641278542184,-0.04223754138505266
1131,1.6000000000000005,-0.04217601662813594,9.295625090386772e-6,0.0030488727573296285,0.005993342939094439,0.04217601662813594,-0.04224244966852562
1132,0.6400000000000002,-0.042052969307259526,1.2693859750562186e-5,0.0035628443343152373,0.006000309697196016,0.042052969307259526,-0.04223010583391093
1133,0.2560000000000001,-0.04255674285059069,6.773454842063013e-5,0.008230100146452054,0.009912847358950103,0.04255674285059069,-0.04224348383836723
1134,0.6400000000000002,-0.04294877779913933,0.00135317812394026,0.03678556950680878,0.01021494608635843,0.04294877779913933,-0.04319572106350492
1135,1.6000000000000005,-0.042637966209361895,0.00022079943027519477,0.014859321326197734,0.008977957094811702,0.042637966209361895,-0.04248316475615392
1136,4.000000000000001,-0.04218033205425932,5.923515653417008e-5,0.007696437912058414,0.01233743797569305,0.04218033205425932,-0.04224958142518942
1137,1.6000000000000005,-0.04199584485982,6.607478523130415e-5,0.008128639814341889,0.012864375309613891,0.04199584485982,-0.04196572279496646
1138,0.6400000000000002,-0.040872400884885814,0.0006259413362324103,0.025018819641070406,0.017751234197678285,0.040872400884885814,-0.04246573896485695
1139,1.6000000000000005,-0.04189901688452574,0.00016128260468764743,0.012699708842632867,0.014208549922622297,0.04189901688452574,-0.04251100415344245
1140,4.000000000000001,-0.042257011480275934,2.8483910697219694e-5,0.005337032012010017,0.010656664205279309,0.042257011480275934,-0.04228855911359888
1141,1.6000000000000005,-0.042667814808532295,3.06429483910413e-5,0.005535607319079028,0.008994476467910023,0.042667814808532295,-0.042176588246265634
1142,0.6400000000000002,-0.04283760121563065,0.0003954100488016413,0.019884920135661628,0.010524747440602169,0.04283760121563065,-0.04245466635468901
1143,1.6000000000000005,-0.0425903163955861,6.236152424724226e-5,0.007896931318381987,0.007133760405757415,0.0425903163955861,-0.04237745436734404
1144,4.000000000000001,-0.042718124991019665,2.6258032370874442e-5,0.005124259202155414,0.016115110170991605,0.042718124991019665,-0.04222179902835291
1145,1.6000000000000005,-0.041837561333048875,9.923835013863648e-5,0.009961844715645617,0.011385510321253421,0.041837561333048875,-0.04235359515135048
1146,4.000000000000001,-0.04188392237563232,1.5011207284540964e-5,0.0038744299302659953,0.006804929733111644,0.04188392237563232,-0.04229806579880127
1147,1.6000000000000005,-0.0426329121534953,0.00013706215237089587,0.011707354627365479,0.008601775867020378,0.0426329121534953,-0.04250874177954898
1148,4.000000000000001,-0.04273144231883782,0.00012205746357032948,0.011047961964558418,0.01823871630120408,0.04273144231883782,-0.04181431959106045
1149,1.6000000000000005,-0.04250129561206512,0.0005946333902914204,0.024385105911015035,0.002938369345031161,0.04250129561206512,-0.043308337392228204
1150,4.000000000000001,-0.04219979050968031,4.2195833227094985e-5,0.006495831988829067,0.01365573113993589,0.04219979050968031,-0.04232337230447206
1151,1.6000000000000005,-0.041843381403233064,0.00013934758930369642,0.011804557988493107,0.0023483382307371175,0.041843381403233064,-0.04251425445030257
1152,4.000000000000001,-0.04198797375540093,2.009033997848613e-5,0.004482224891556216,0.007434603239267323,0.04198797375540093,-0.042319577286686845
1153,1.6000000000000005,-0.042406322315120974,3.102535529494734e-5,0.005570040870132583,0.011082915983630098,0.042406322315120974,-0.04228669528683513
1154,0.6400000000000002,-0.04301575384136232,0.0003277915639277385,0.018105014883389035,0.008864494164272804,0.04301575384136232,-0.0425198778729852
1155,1.6000000000000005,-0.04281968221275894,6.324295854111728e-5,0.00795254415524474,0.006583816432389029,0.04281968221275894,-0.04234077053701431
1156,4.000000000000001,-0.04244496052461831,1.7654610433101074e-5,0.004201738977268945,0.009656984447828502,0.04244496052461831,-0.0422835318949554
1157,1.6000000000000005,-0.04199382827155007,3.7088076333217966e-5,0.006089998056914138,0.005670166022000073,0.04199382827155007,-0.0423167839424759
1158,4.000000000000001,-0.04209927442896935,2.286549596052809e-5,0.004781787946001798,0.013512134803307967,0.04209927442896935,-0.04216326788051999
1159,1.6000000000000005,-0.04194038969285993,0.00014453848424709622,0.012022415907258251,0.009594267019785534,0.04194038969285993,-0.04245662142751921
1160,4.000000000000001,-0.04220595499712808,6.663471480933377e-6,0.0025813700782594843,0.006881321710416169,0.04220595499712808,-0.042304192744033214
1161,1.6000000000000005,-0.042310845016795905,7.241301052402008e-6,0.002690966564712763,0.00778787188490415,0.042310845016795905,-0.04227219935118792
1162,0.6400000000000002,-0.04268288875166582,0.00029417497757754123,0.01715152989029087,0.00831329015732469,0.04268288875166582,-0.042458190225792114
1163,1.6000000000000005,-0.04253866294026748,3.323838619930993e-5,0.005765274165146869,0.004578281533655402,0.04253866294026748,-0.04239003286417375
1164,4.000000000000001,-0.042426541971784984,1.810740605426393e-5,0.004255279785662034,0.009116033014990076,0.042426541971784984,-0.04227771266077683
1165,1.6000000000000005,-0.04240148032079199,3.4022958078126146e-5,0.0058329202015908075,0.00865555242867757,0.04240148032079199,-0.04225754187025293
1166,0.6400000000000002,-0.04179162770510342,5.5207859776650376e-5,0.007430199174763109,0.012199949954692492,0.04179162770510342,-0.04223706596535898
1167,0.2560000000000001,-0.041685263608009775,5.4475928116441864e-5,0.007380780996374426,0.014611232950363812,0.041685263608009775,-0.04218769609115872
1168,0.10240000000000005,-0.04131990653189049,0.0018853712935785558,0.04342086242324714,0.017405892243713496,0.04131990653189049,-0.04245748908502923
1169,0.2560000000000001,-0.040957940319190145,0.0030756380080105127,0.055458434958178475,0.007531727943809082,0.040957940319190145,-0.04314492327702264
1170,0.6400000000000002,-0.04241952606687764,0.00069777916913175,0.026415510010820348,0.0035701615078616625,0.04241952606687764,-0.042586078449958834
1171,1.6000000000000005,-0.04239457992061103,0.00032830203986282326,0.01811910703822965,0.01672398876599164,0.04239457992061103,-0.04176861201867801
1172,4.000000000000001,-0.042533547191884055,0.0001383041965698703,0.011760280463061682,0.024008671994355232,0.042533547191884055,-0.04167853048404296
1173,1.6000000000000005,-0.04181297196416276,0.0006412427295762634,0.025322770969549588,0.01335494759754763,0.04181297196416276,-0.04318132787324268
1174,4.000000000000001,-0.042035047838936274,6.266997417653713e-5,0.007916436962203207,0.009535368531905274,0.042035047838936274,-0.04234359811565288
1175,10.000000000000002,-0.04218724899233762,1.771785616121165e-5,0.0042092583861307025,0.017241398169544293,0.04218724899233762,-0.04208286552657229
1176,4.000000000000001,-0.04259532001704476,0.00011131747127920593,0.010550709515440463,0.006124468787878614,0.04259532001704476,-0.042630519438707354
1177,10.000000000000002,-0.042537616838681375,1.0451748670005194e-5,0.003232916434120312,0.013605227685469498,0.042537616838681375,-0.04226585809617261
1178,4.000000000000001,-0.04209348657782084,1.1633001386763205e-5,0.003410718602694043,0.010183723259669474,0.04209348657782084,-0.04215007503301352
1179,1.6000000000000005,-0.04186755881932542,0.000339787706066769,0.018433331388188326,0.003901006638923975,0.04186755881932542,-0.04279121797700245
1180,4.000000000000001,-0.042003579055928456,4.219035710893469e-5,0.006495410465007942,0.002982882172601543,0.042003579055928456,-0.04241498318143602
1181,10.000000000000002,-0.04212194378469907,1.577353634955295e-5,0.003971591160926934,0.019940171899567743,0.04212194378469907,-0.04215956558548406
1182,4.000000000000001,-0.04251861592861782,9.447263823601109e-5,0.009719703608444605,0.007481981525744694,0.04251861592861782,-0.042639882886125434
1183,10.000000000000002,-0.04246405300731925,1.1077663743938076e-5,0.0033283124468622347,0.0031608398246811466,0.04246405300731925,-0.0423098489280382
1184,25.000000000000004,-0.04236418988293397,3.3907581868366877e-6,0.0018414011477233003,0.019457851580251397,0.04236418988293397,-0.04222827882495104
1185,10.000000000000002,-0.042185064476854314,6.008827851316518e-6,0.0024512910580582873,0.016623133874275657,0.042185064476854314,-0.042194480731928025
1186,4.000000000000001,-0.042103955783770596,0.0001294656158129551,0.011378295822000546,0.010852517467500454,0.042103955783770596,-0.04273051876837382
1187,10.000000000000002,-0.04222273822948256,1.378600912837051e-5,0.003712951538650957,0.01236910125287227,0.04222273822948256,-0.042306430880332736
1188,4.000000000000001,-0.042363783466148816,3.674160577262017e-5,0.006061485442745876,0.010352307472275153,0.042363783466148816,-0.04244952886867458
1189,1.6000000000000005,-0.04227322863086668,3.9000424403350285e-5,0.006245031977768431,0.007212710876498047,0.04227322863086668,-0.04232327472261169
1190,4.000000000000001,-0.04231082434241123,2.1319469659876877e-5,0.0046173011229371725,0.012803009910535934,0.04231082434241123,-0.042220156538435014
1191,1.6000000000000005,-0.04248835983715365,0.0001718617046143454,0.013109603526207244,0.009808424777542091,0.04248835983715365,-0.042579813734439545
1192,4.000000000000001,-0.04230310405245316,2.536811832079241e-5,0.005036677309575471,0.008223592835206241,0.04230310405245316,-0.042347032755113014
1193,1.6000000000000005,-0.042266336503166586,7.333170018579446e-5,0.00856339302997325,0.00705590418886932,0.042266336503166586,-0.04244399840456472
1194,4.000000000000001,-0.04233991407036314,1.449944342752442e-5,0.0038078134706842483,0.0050233247059436196,0.04233991407036314,-0.04233824138103982
1195,1.6000000000000005,-0.04238433030668334,2.375348024781586e-5,0.004873754225216518,0.0063303187305051405,0.04238433030668334,-0.04232664339276795
1196,0.6400000000000002,-0.042206586841488807,4.892876111240955e-5,0.00699490965720141,0.007296798862089239,0.042206586841488807,-0.042340644745292144
1197,1.6000000000000005,-0.04223882298829608,9.227616257459013e-6,0.00303769917165262,0.001032362379925366,0.04223882298829608,-0.04232457119655889
1198,4.000000000000001,-0.04235731466919505,8.931547742968813e-6,0.0029885695144949887,0.01188804350684926,0.04235731466919505,-0.04227302230874148
1199,1.6000000000000005,-0.042134677882616586,2.6137263520133676e-5,0.005112461591066839,0.013006842778513375,0.042134677882616586,-0.04228236047518509
1200,0.6400000000000002,-0.04249685832916735,0.0007814301018341362,0.027954071292642442,0.0030910337420713067,0.04249685832916735,-0.04269772653716891
1201,1.6000000000000005,-0.04244555858028936,0.00011418046722018871,0.010685526061930161,0.006243596472899258,0.04244555858028936,-0.04241063745848017
1202,4.000000000000001,-0.042310310371566906,3.630722452083105e-5,0.0060255476531873055,0.011880919125412347,0.042310310371566906,-0.0422060361898448
1203,1.6000000000000005,-0.04219943972447686,0.00015463885327619367,0.0124353871381712,0.002266738459732167,0.04219943972447686,-0.04254857867896896
1204,4.000000000000001,-0.042317326770930475,2.2036633266239805e-5,0.00469431925482703,0.00821297976283047,0.042317326770930475,-0.042319245982110405
1205,1.6000000000000005,-0.04238135611620297,6.431813969617024e-5,0.008019859082064363,0.005188505869614284,0.04238135611620297,-0.042360942547296214
1206,4.000000000000001,-0.04232950824140458,1.0618292027271067e-5,0.003258572084099271,0.004705973594697749,0.04232950824140458,-0.042314017487436496
1207,1.6000000000000005,-0.04224971132519683,1.1779220199654958e-5,0.003432086857824982,0.005376085691728668,0.04224971132519683,-0.042273023401072425
1208,0.6400000000000002,-0.042284957857335936,2.898166606917682e-5,0.005383462275262716,0.0049044597267771965,0.042284957857335936,-0.04227800266435092
1209,1.6000000000000005,-0.0423057850562097,8.23897804266775e-6,0.0028703620055086695,0.0010484595789408476,0.0423057850562097,-0.04226744735635695
1210,4.000000000000001,-0.04230106261486976,5.6984817104658915e-6,0.002387149285333008,0.0066666329916656554,0.04230106261486976,-0.04223738160409458
1211,1.6000000000000005,-0.04223626515232979,0.0001475110713249055,0.012145413592171552,0.01040476087816873,0.04223626515232979,-0.04253411876743091
1212,4.000000000000001,-0.04223169039097313,2.7364424164631445e-5,0.005231101620560572,0.007869567987056528,0.04223169039097313,-0.0423181553040893
1213,1.6000000000000005,-0.04254562444996414,8.861193684307322e-5,0.00941339135716099,0.008793136170206753,0.04254562444996414,-0.04237016633259885
1214,4.000000000000001,-0.04240286855500411,1.5619039619627627e-5,0.00395209306818901,0.004821224000353516,0.04240286855500411,-0.042328280456198894
1215,10.000000000000002,-0.04219667698710906,9.308124629329812e-6,0.0030509219310447477,0.020726883288753387,0.04219667698710906,-0.042191441201840284
1216,4.000000000000001,-0.04244915308618111,1.7364935165635564e-5,0.00416712552794316,0.015637237504371893,0.04244915308618111,-0.04216394675303222
1217,1.6000000000000005,-0.042165981770978106,3.436351794268971e-5,0.005862040424859736,0.01243297272821727,0.042165981770978106,-0.042192521484985354
1218,0.6400000000000002,-0.041655752125986656,0.0022758636815160913,0.04770601305408042,0.004159717325385587,0.041655752125986656,-0.04369343788721586
1219,1.6000000000000005,-0.04262963613492446,0.000379388339032641,0.019477893598452607,0.010556603199098406,0.04262963613492446,-0.04250587353193088
1220,4.000000000000001,-0.042424039109132915,6.621718552577666e-5,0.008137394271250266,0.004807768742832767,0.042424039109132915,-0.04223559303849031
1221,10.000000000000002,-0.04228767353860176,1.6774437136838943e-5,0.004095660769257989,0.005641058879950002,0.04228767353860176,-0.04215309430880025
1222,4.000000000000001,-0.04221593884639538,6.280770792767964e-5,0.007925131413905995,0.004660229932577783,0.04221593884639538,-0.042401204089001214
1223,10.000000000000002,-0.04221770344907079,1.0865356687455e-5,0.003296264050020113,0.010054787028609076,0.04221770344907079,-0.04224444989997919
1224,4.000000000000001,-0.042191493163310154,1.1430460488074986e-5,0.0033808964030379554,0.011991134595826026,0.042191493163310154,-0.04209721286521243
1225,1.6000000000000005,-0.042530085414296655,0.0004899125285330809,0.022133967753954122,0.004621093951014862,0.042530085414296655,-0.042909597293312195
1226,4.000000000000001,-0.042327686912183346,0.0003027515700676633,0.01739975775887881,0.0484935513288001,0.042327686912183346,-0.040956813963560185
1227,1.6000000000000005,-0.042311773620527224,0.0015743072608558283,0.03967754101322092,0.00445308882707894,0.042311773620527224,-0.044948969776444886
1228,4.000000000000001,-0.04227828447240945,9.871048339616951e-5,0.009935314962102083,0.0064832366177438846,0.04227828447240945,-0.0424303865529526
1229,10.000000000000002,-0.04202438539209798,2.668086977572403e-5,0.005165352821998128,0.02846803524521583,0.04202438539209798,-0.042074193112531175
1230,4.000000000000001,-0.04233063652292306,0.00012409218829941023,0.011139667333426534,0.0069227815020908795,0.04233063652292306,-0.04258193328204129
1231,10.000000000000002,-0.04242133401975512,1.3606066503819085e-5,0.003688640197121303,0.013097487224112985,0.04242133401975512,-0.042287958288270006
1232,4.000000000000001,-0.042337666699090434,1.4613615348468505e-5,0.0038227758695048427,0.01120918802299964,0.042337666699090434,-0.042127866604960124
1233,1.6000000000000005,-0.04227610086424492,3.0955396292726923e-5,0.0055637573898155305,0.01579382116757072,0.04227610086424492,-0.04211113957883421
1234,0.6400000000000002,-0.042423658864815084,0.002976515923596247,0.05455745525220405,0.014316424315531078,0.042423658864815084,-0.04458568508556503
1235,1.6000000000000005,-0.04188665217929259,0.0005391757628453452,0.02322015854479347,0.014982939800033197,0.04188665217929259,-0.04243614732745823
1236,4.000000000000001,-0.04213226389996046,0.0001047407276648621,0.010234291751990565,0.016345962277558117,0.04213226389996046,-0.04209243951512733
1237,1.6000000000000005,-0.04265609769353696,0.00043857028277647866,0.02094206968703138,0.010525803060899234,0.04265609769353696,-0.042830997133031505
1238,4.000000000000001,-0.04253312773310405,4.4431627988946105e-5,0.006665705363196464,0.013921294763386865,0.04253312773310405,-0.04232779503862695
1239,1.6000000000000005,-0.042153076276165824,5.272181438670346e-5,0.007260978886259308,0.01109969997904747,0.042153076276165824,-0.0422017772699553
1240,0.6400000000000002,-0.04184916645336579,7.867397128583962e-5,0.008869834907473737,0.017031824834018224,0.04184916645336579,-0.04218378287086645
1241,0.2560000000000001,-0.04187440392456992,0.0038980865343071114,0.06243465811796451,0.007733157689199655,0.04187440392456992,-0.04361241788460489
1242,0.6400000000000002,-0.042574019079639557,0.0009104518015721138,0.03017369386687871,0.010328952455025839,0.042574019079639557,-0.0426939157143389
1243,1.6000000000000005,-0.04211657410180285,0.000203302230024897,0.014258409098665145,0.012890758985048597,0.04211657410180285,-0.04222702668934906
1244,4.000000000000001,-0.04202634249022244,4.923508166997589e-5,0.0070167714563021,0.002960630904141565,0.04202634249022244,-0.04219292800625681
1245,10.000000000000002,-0.04221375242934192,1.375347295590016e-5,0.0037085675072593945,0.00577476247938643,0.04221375242934192,-0.04211198928308426
1246,4.000000000000001,-0.042497440387873356,5.6140742034832744e-5,0.007492712595237638,0.004545061047857803,0.042497440387873356,-0.04236679311154561
1247,10.000000000000002,-0.04241981696999367,9.459188739595777e-6,0.003075579415264021,0.009038136654561971,0.04241981696999367,-0.042240572523735684
1248,4.000000000000001,-0.04210035082164776,1.0435676369971249e-5,0.0032304297500442953,0.008955339125189588,0.04210035082164776,-0.04213448934616934
1249,1.6000000000000005,-0.04219138147714618,0.0004104536291693307,0.02025965520855009,0.004997182472670606,0.04219138147714618,-0.04274132822345176
1250,4.000000000000001,-0.04221213218686409,5.409167252358423e-5,0.007354704108499826,0.012440284522432439,0.04221213218686409,-0.04237342783946568
1251,1.6000000000000005,-0.04232790688447739,6.465588942972424e-5,0.008040888597022362,0.013527176610778622,0.04232790688447739,-0.04222723538256946
1252,0.6400000000000002,-0.043278029950594425,0.0012569263941126607,0.035453157745293444,0.017737132320266715,0.043278029950594425,-0.04303585692590526
1253,1.6000000000000005,-0.04252825254800125,0.0001894196939053334,0.013762982740137887,0.010579174393593817,0.04252825254800125,-0.04265485724391974
1254,4.000000000000001,-0.04223707087556198,3.227642639468384e-5,0.00568123458366963,0.00883384495877219,0.04223707087556198,-0.0423324142462283
1255,1.6000000000000005,-0.04206269474174195,0.00010193760135284363,0.010096415272404539,0.006962723671248185,0.04206269474174195,-0.04245739820928376
1256,4.000000000000001,-0.042219169496350885,9.612282262440512e-5,0.00980422473347103,0.020898253185229625,0.042219169496350885,-0.04191007285415293
1257,1.6000000000000005,-0.042301791039100034,0.00046997668814657807,0.021678945734204376,0.003284332589154707,0.042301791039100034,-0.04311401388851872
1258,4.000000000000001,-0.04225260614596051,3.230516910939388e-5,0.005683763639472869,0.00965368051349245,0.04225260614596051,-0.04232263748055885
1259,1.6000000000000005,-0.042449247187278334,5.446533932899712e-5,0.007380063639901564,0.00503700820977951,0.042449247187278334,-0.0423320783806997
1260,4.000000000000001,-0.042415692457404106,9.807496186090306e-6,0.00313169222403644,0.004188211227432156,0.042415692457404106,-0.04227275557259422
1261,1.6000000000000005,-0.04241308660862159,1.0064525322033038e-5,0.003172463604524572,0.0061957692519875335,0.04241308660862159,-0.042217919676533364
1262,0.6400000000000002,-0.042039635828292725,0.0006853675874109236,0.026179526111274887,0.004913612019582117,0.042039635828292725,-0.042627208505865356
1263,1.6000000000000005,-0.04217800702728207,0.00011010091925312722,0.01049289851533537,0.0022976933200460083,0.04217800702728207,-0.04245236074420401
1264,4.000000000000001,-0.04218225433068656,1.7469635368911867e-5,0.004179669289418945,0.010175530896649302,0.04218225433068656,-0.042302064992512725
1265,1.6000000000000005,-0.04234125682113268,3.567609597274263e-5,0.005972947009035207,0.004081477399803271,0.04234125682113268,-0.04229858892034228
1266,4.000000000000001,-0.04239482956942184,1.1315618201140643e-5,0.003363869527960418,0.011186912826294157,0.04239482956942184,-0.04223530196426687
1267,1.6000000000000005,-0.04207851183561434,2.371032307474161e-5,0.004869324704180407,0.00696937169693068,0.04207851183561434,-0.04223282362017817
1268,0.6400000000000002,-0.04168838479618128,0.0002281623755740197,0.015105044706124497,0.012508846000979379,0.04168838479618128,-0.04233527440246245
1269,1.6000000000000005,-0.04205916937653362,0.00011216282568628436,0.010590695240931276,0.0037292306233561194,0.04205916937653362,-0.042504472254088904
1270,4.000000000000001,-0.04238000524713327,3.541650066944615e-5,0.005951176410546586,0.011951995176994284,0.04238000524713327,-0.04225377951485887
1271,1.6000000000000005,-0.04254404408858427,6.822516008085405e-5,0.008259852303815974,0.009946858805793143,0.04254404408858427,-0.042225207836095686
1272,4.000000000000001,-0.04235219960061759,1.8957827516943175e-5,0.004354058740639953,0.011238454754513062,0.04235219960061759,-0.04213758900674466
1273,1.6000000000000005,-0.0423884148541764,0.00028505415699888484,0.01688354693181752,0.002626627025991847,0.0423884148541764,-0.04280247176645352
1274,4.000000000000001,-0.04216401661614564,4.611986234248824e-5,0.00679116060349689,0.004658980541854908,0.04216401661614564,-0.042314888944020766
1275,10.000000000000002,-0.042205858416388166,1.4472149284297873e-5,0.003804227817086915,0.006000697243743443,0.042205858416388166,-0.04218937815067621
1276,4.000000000000001,-0.042538445985917404,2.3974245515950385e-5,0.004896350223988311,0.01752013782951021,0.042538445985917404,-0.042147462037325466
1277,1.6000000000000005,-0.042134195336050013,3.8642852502995877e-5,0.006216337547382372,0.01270423067787467,0.042134195336050013,-0.042159233661006594
1278,0.6400000000000002,-0.04261698720639785,0.0017791691568525248,0.042180198634578815,0.0063246871477941665,0.04261698720639785,-0.043680053396909675
1279,1.6000000000000005,-0.0426058892756937,0.00025073420504405933,0.015834588881434825,0.0026082534296386923,0.0426058892756937,-0.04269896677868395
1280,4.000000000000001,-0.042358971700781886,8.650584848554871e-5,0.009300852030085668,0.023396268855236314,0.042358971700781886,-0.04206286087618385
1281,1.6000000000000005,-0.04184011077986069,0.00015741451264186988,0.012546494037852561,0.027793787420127423,0.04184011077986069,-0.04194231173735044
1282,0.6400000000000002,-0.042943064272847414,0.0016212627746455233,0.04026490748338463,0.005082475979840452,0.042943064272847414,-0.04347600590455216
1283,1.6000000000000005,-0.04256984635418172,0.00019506274389823346,0.013966486455019153,0.003736468535862405,0.04256984635418172,-0.042625239360435885
1284,4.000000000000001,-0.042223215309387524,7.25054071469111e-5,0.00851501069564279,0.013814583040354614,0.042223215309387524,-0.04212390765462314
1285,1.6000000000000005,-0.04145704052104112,0.00023386633108430423,0.015292688811464917,0.013482704323544896,0.04145704052104112,-0.0423620145563484
1286,4.000000000000001,-0.041844708509405866,3.46241820224055e-5,0.005884231642483622,0.005241247067852181,0.041844708509405866,-0.04229862858756823
1287,10.000000000000002,-0.042212818597613826,1.900832284007361e-5,0.004359853534245573,0.025495639658667267,0.042212818597613826,-0.04201394289759386
1288,4.000000000000001,-0.04276813221558121,0.00012013493385112663,0.010960608279248312,0.017743464136030975,0.04276813221558121,-0.04264486089296331
1289,1.6000000000000005,-0.04289030452452426,0.00019435513876415872,0.013941131186677742,0.012331609592887911,0.04289030452452426,-0.04262607555282843
1290,4.000000000000001,-0.0425343218818156,3.988971724600738e-5,0.0063158306853499,0.012073255425674147,0.0425343218818156,-0.04238676414308347
1291,1.6000000000000005,-0.04204167038682341,0.00021683588029082517,0.014725348223075242,0.0031956091384272556,0.04204167038682341,-0.04259998326917498
1292,4.000000000000001,-0.04210367211433269,2.7711762257816603e-5,0.00526419625943188,0.009862419197891279,0.04210367211433269,-0.04236851205083934
1293,1.6000000000000005,-0.042262366335889076,4.561200421720881e-5,0.006753665983538778,0.008211723416555966,0.042262366335889076,-0.042321533419480965
1294,4.000000000000001,-0.04229657244334474,1.3170903539944215e-5,0.0036291739473252333,0.006379408595492086,0.04229657244334474,-0.04226349532492152
1295,1.6000000000000005,-0.04252999706195393,2.2149332998142293e-5,0.004706307788292462,0.0061441449351454,0.04252999706195393,-0.042245770993732557
1296,0.6400000000000002,-0.04277267577835639,0.0005584235864027731,0.023630987842296673,0.003110505601514992,0.04277267577835639,-0.042717310457506284
1297,1.6000000000000005,-0.04237739572066055,0.00013408492583168082,0.011579504558990459,0.012438316381315104,0.04237739572066055,-0.042357852180271174
1298,4.000000000000001,-0.042233461426202074,7.161321850633235e-5,0.008462459365121487,0.0253923970471746,0.042233461426202074,-0.04198095973634636
1299,1.6000000000000005,-0.04174946706975538,0.00032868400603937987,0.018129644399143077,0.01315194530018777,0.04174946706975538,-0.04273829934774003
1300,4.000000000000001,-0.04208798004226621,8.312116614612998e-5,0.009117081010176996,0.01791190055805975,0.04208798004226621,-0.0420641981614851
1301,1.6000000000000005,-0.042840787925700945,0.0003871783192160756,0.019676847288528608,0.013655968031178217,0.042840787925700945,-0.04279299588161096
1302,4.000000000000001,-0.04255405215593324,3.2235147383773255e-5,0.005677600495259705,0.0034384456233909734,0.04255405215593324,-0.04234785892185289
1303,10.000000000000002,-0.04236744046856298,8.129605294724045e-6,0.0028512462704445656,0.016529214981910262,0.04236744046856298,-0.04224231825025413
1304,4.000000000000001,-0.0421422230436195,2.4112390809243496e-5,0.004910436926511072,0.011546983728081823,0.0421422230436195,-0.04229363718827075
1305,1.6000000000000005,-0.04204121653644269,2.4724039710712595e-5,0.004972327393757635,0.01064749343990813,0.04204121653644269,-0.04217049588345827
1306,0.6400000000000002,-0.04189885563926174,0.0017126342686050852,0.04138398565393485,0.010647205528571266,0.04189885563926174,-0.043200487927976816
1307,1.6000000000000005,-0.042286232972519974,0.00018421470270493944,0.013572571705647365,0.002541946184337348,0.042286232972519974,-0.042531929789129896
1308,4.000000000000001,-0.042295324894223475,3.4563733736958115e-5,0.005879092934880185,0.009563095917829289,0.042295324894223475,-0.042317517870363835
1309,1.6000000000000005,-0.04244773258308901,0.00010915601708918517,0.010447775700558716,0.0031881072393282984,0.04244773258308901,-0.042424633918995085
1310,4.000000000000001,-0.04234554482193216,1.8332322104092232e-5,0.004281626105125508,0.0018388332276679886,0.04234554482193216,-0.04231984708847191
1311,10.000000000000002,-0.04238945043568636,9.109333845520737e-6,0.0030181672991271935,0.013879087105030037,0.04238945043568636,-0.04219218803949861
1312,4.000000000000001,-0.042095916929086465,1.10513428435504e-5,0.003324356004333832,0.011054015662448137,0.042095916929086465,-0.04208556435803355
1313,1.6000000000000005,-0.04233473872068943,0.00032576125447006485,0.01804885742838213,0.004519319209240573,0.04233473872068943,-0.04287623323909384
1314,4.000000000000001,-0.04236945932783262,5.8780401276328216e-5,0.007666837762489057,0.011475204170658016,0.04236945932783262,-0.04232756591493494
1315,1.6000000000000005,-0.04211433490320158,0.00015891005288609796,0.012605953073294297,0.011235956190077334,0.04211433490320158,-0.04245694567335926
1316,4.000000000000001,-0.042303885109245785,2.708831344896124e-5,0.0052046434507045,0.006342363986666189,0.042303885109245785,-0.0423581657127472
1317,10.000000000000002,-0.042294281771237445,1.8890734806910584e-5,0.004346347294787956,0.02465414827792976,0.042294281771237445,-0.04207722199141752
1318,4.000000000000001,-0.04231516184577969,0.00010528342890833302,0.01026077136029904,0.0024871966349456222,0.04231516184577969,-0.04262854725704324
1319,10.000000000000002,-0.042328171758843486,1.1982115798792658e-5,0.0034615192905417497,0.014887006162971157,0.042328171758843486,-0.04224011607438123
1320,4.000000000000001,-0.042042882231063915,2.458290056837612e-5,0.0049581146183177455,0.01360890373970855,0.042042882231063915,-0.042277042512739886
1321,1.6000000000000005,-0.04189438059153566,0.0003262131712357681,0.018061372351949562,0.005386844592678197,0.04189438059153566,-0.04282463600082449
1322,4.000000000000001,-0.04221752006631332,0.00011660349846981071,0.010798309982113438,0.03722965238429772,0.04221752006631332,-0.0419813214630591
1323,1.6000000000000005,-0.042761933725571216,0.0004811514601987713,0.02193516492299001,0.017750104766602433,0.042761933725571216,-0.04294140142176494
1324,4.000000000000001,-0.04255631232138703,3.902614230036056e-5,0.0062470907069099415,0.00774339179804844,0.04255631232138703,-0.04240421765299159
1325,10.000000000000002,-0.04230099184852319,7.878650967246676e-6,0.0028068934727286457,0.013886263215760695,0.04230099184852319,-0.042274298405708906
1326,4.000000000000001,-0.042069007327779386,1.6467213166023045e-5,0.004057981415189459,0.010633323863830956,0.042069007327779386,-0.04230166324402099
1327,1.6000000000000005,-0.04209439566615345,2.663186878082485e-5,0.005160607404252416,0.013154020581549311,0.04209439566615345,-0.04228546920612434
1328,0.6400000000000002,-0.04176304637001489,0.00119657864692708,0.03459159792387568,0.00564123154553079,0.04176304637001489,-0.04295389327369646
1329,1.6000000000000005,-0.042191278497972315,0.00015051909600750766,0.01226862241686114,0.0031920263927007644,0.042191278497972315,-0.04254603161475449
1330,4.000000000000001,-0.042288854793473094,2.71773855292771e-5,0.005213193409924199,0.008309028874701856,0.042288854793473094,-0.04232484662106462
1331,1.6000000000000005,-0.042760685542492835,4.1760962612209636e-5,0.006462272248382115,0.006517400683141159,0.042760685542492835,-0.0422702124768482
1332,4.000000000000001,-0.04250772053908154,1.4464316578332206e-5,0.003803198203924193,0.00911481064071819,0.04250772053908154,-0.04221438927948408
1333,1.6000000000000005,-0.042075493273211376,2.286430470642774e-5,0.004781663382801819,0.006573683384525515,0.042075493273211376,-0.04218732549921433
1334,0.6400000000000002,-0.04117004201534246,0.0005818629409532557,0.024121835356233898,0.013705900186128162,0.04117004201534246,-0.04277581495941518
1335,1.6000000000000005,-0.041796587089514725,0.00012750566444518462,0.011291840613699106,0.0037277292147834106,0.041796587089514725,-0.04249928233826252
1336,4.000000000000001,-0.04213304102461855,6.246628624287667e-5,0.00790356161757955,0.018508713838040754,0.04213304102461855,-0.042079496454645475
1337,1.6000000000000005,-0.042708593705265474,0.00022164956198828548,0.014887899851499723,0.0053343667266515715,0.042708593705265474,-0.04258234933788795
1338,4.000000000000001,-0.04269178279375672,3.9204387377206416e-5,0.006261340701256115,0.010492718489078658,0.04269178279375672,-0.04228262129874474
1339,1.6000000000000005,-0.04242138810872639,7.325892013432104e-5,0.008559142488259034,0.008128865266970025,0.04242138810872639,-0.04227583820214987
1340,4.000000000000001,-0.04237489678985107,1.756031235231656e-5,0.004190502637192412,0.010443233748633603,0.04237489678985107,-0.042216813878814825
1341,1.6000000000000005,-0.042333121474499635,2.0533308049071252e-5,0.004531369334877841,0.008206149603552895,0.042333121474499635,-0.04214227053256671
1342,0.6400000000000002,-0.0413312951344527,0.0014524312496694064,0.03811077603079484,0.01833257884068555,0.0413312951344527,-0.043120414007121625
1343,1.6000000000000005,-0.04169544232720438,0.00018816748826083654,0.013717415509520608,0.014510175080048184,0.04169544232720438,-0.042397318620222085
1344,4.000000000000001,-0.041870545880977994,3.710456251552293e-5,0.006091351452307027,0.018444214946350734,0.041870545880977994,-0.042224689072253616
1345,1.6000000000000005,-0.04294191028001217,0.00010916173376791048,0.010448049280507365,0.010949687192225091,0.04294191028001217,-0.04237832110891138
1346,4.000000000000001,-0.04269675291028308,1.7549824833261325e-5,0.004189251106494015,0.009642260913437877,0.04269675291028308,-0.04230104988460054
1347,1.6000000000000005,-0.04241606098639751,1.8489003491154887e-5,0.004299884125317203,0.008968532474142834,0.04241606098639751,-0.042215587103557654
1348,0.6400000000000002,-0.04188238819710351,0.0010162236207622874,0.031878262511659684,0.003072493489465577,0.04188238819710351,-0.04273486392092911
1349,1.6000000000000005,-0.04188976168208053,0.00011078789230827532,0.010525582753856212,0.0074978553579351775,0.04188976168208053,-0.04243199004517044
1350,4.000000000000001,-0.042008560380468934,2.6214057127360605e-5,0.00511996651623432,0.01269108213307472,0.042008560380468934,-0.04226596045290865
1351,1.6000000000000005,-0.04240686856450369,3.916147449382624e-5,0.006257912950323474,0.008040184778681294,0.04240686856450369,-0.042207323422512384
1352,0.6400000000000002,-0.043470357285409315,0.0004894870541547282,0.02212435432175882,0.01069848028883768,0.043470357285409315,-0.042524846684371786
1353,1.6000000000000005,-0.042859254016117086,8.255524067011422e-5,0.009085991452236472,0.0059796804471121835,0.042859254016117086,-0.042417904240674494
1354,4.000000000000001,-0.04255821861346145,2.405213731410409e-5,0.0049042978410883745,0.00990884251539665,0.04255821861346145,-0.042255539526588816
1355,1.6000000000000005,-0.04203264439466439,2.9085229703457596e-5,0.005393072380698928,0.012018023237034632,0.04203264439466439,-0.04216507698142589
1356,0.6400000000000002,-0.04159300655092548,0.0010309799080965036,0.03210887584604144,0.00687676231015216,0.04159300655092548,-0.04287034492770033
1357,1.6000000000000005,-0.04175499018240105,0.00013799028227247834,0.011746926503238128,0.0022804840721247933,0.04175499018240105,-0.0424061853699616
1358,4.000000000000001,-0.04197946227025176,5.2218986115988386e-5,0.007226270553749589,0.014793075371068998,0.04197946227025176,-0.04207617867981585
1359,1.6000000000000005,-0.04238989243931785,0.00032953449136018586,0.01815308489927224,0.01238962516805933,0.04238989243931785,-0.04269860898496855
1360,4.000000000000001,-0.042462595067308144,7.574489762644641e-5,0.00870315446412658,0.01651425799702002,0.042462595067308144,-0.04210465063181385
1361,1.6000000000000005,-0.042763772349250224,0.00025545254528504046,0.01598288288404318,0.021283377523453568,0.042763772349250224,-0.042439512850987765
1362,0.6400000000000002,-0.042304342333703095,0.0007020186733972903,0.026495634987621836,0.013895314688663606,0.042304342333703095,-0.04279542682352428
1363,1.6000000000000005,-0.042353325492767116,0.00010887365657902382,0.010434254002036935,0.006442748921749092,0.042353325492767116,-0.042454243994686336
1364,4.000000000000001,-0.04235975209271203,1.9968301531865658e-5,0.004468590553168376,0.009544426156533482,0.04235975209271203,-0.04230989333505618
1365,1.6000000000000005,-0.0422045679293816,4.041873295713431e-5,0.006357572882565666,0.004638435734681433,0.0422045679293816,-0.04232157784657915
1366,4.000000000000001,-0.04219535592705482,8.511865221245968e-6,0.0029175101064513845,0.0014684003520535045,0.04219535592705482,-0.04228061680076032
1367,10.000000000000002,-0.04222430885762153,6.516801889581032e-6,0.0025528027517967445,0.021800741571792882,0.04222430885762153,-0.04219082997695324
1368,4.000000000000001,-0.042360298633147754,4.329694481546474e-5,0.006580041399221189,0.012174773273981627,0.042360298633147754,-0.04243595851664057
1369,1.6000000000000005,-0.04231647748409836,4.4940282883729855e-5,0.006703751403783546,0.010773937037402264,0.04231647748409836,-0.04225546841770024
1370,0.6400000000000002,-0.0424136960764143,0.0014725507129348045,0.038373828489411954,0.005804756297572456,0.0424136960764143,-0.04303899697546981
1371,1.6000000000000005,-0.04283614132241002,0.000144671475710908,0.012027945614730223,0.00846248308995817,0.04283614132241002,-0.0424524127982434
1372,4.000000000000001,-0.042654504200092654,0.00010354425758188967,0.010175669883692654,0.02247371663693073,0.042654504200092654,-0.041834547099481104
1373,1.6000000000000005,-0.042044412911717684,0.00044973613829439596,0.021206983243601527,0.01766032658526369,0.042044412911717684,-0.042968315788458784
1374,4.000000000000001,-0.04200323835314934,3.6729084034269174e-5,0.0060604524611838325,0.013135829990971239,0.04200323835314934,-0.04231266917491948
1375,1.6000000000000005,-0.04187572191040715,6.892084976812374e-5,0.008301858211757399,0.011126057692491764,0.04187572191040715,-0.04231531598534403
1376,0.6400000000000002,-0.041850398596682194,0.0005920526039703952,0.024332131102112596,0.004252274837135833,0.041850398596682194,-0.042794008216937365
1377,1.6000000000000005,-0.04275689253490748,0.00013467932081962807,0.011605141999115222,0.009634206409077936,0.04275689253490748,-0.04234714973022935
1378,4.000000000000001,-0.043219288537242134,8.075470365545567e-5,0.008986362092385087,0.01759039834414063,0.043219288537242134,-0.04194937163431025
1379,1.6000000000000005,-0.04162209585625087,0.0004220262748248646,0.020543278093451023,0.00755953095838182,0.04162209585625087,-0.04303660344027827
1380,4.000000000000001,-0.04156142190827955,4.6583107945182684e-5,0.006825181898322028,0.011814432995137927,0.04156142190827955,-0.042283482357454175
1381,1.6000000000000005,-0.042128641633672075,0.0001595810434285536,0.012632539072908249,0.0031087322896127313,0.042128641633672075,-0.04249843749387106
1382,4.000000000000001,-0.042298384169319185,1.5162527171684769e-5,0.0038939089834875147,0.005700091701716507,0.042298384169319185,-0.04230711546124433
1383,1.6000000000000005,-0.04231449530592806,1.5869701612107246e-5,0.003983679406291029,0.008001294185069022,0.04231449530592806,-0.04222673653015527
1384,0.6400000000000002,-0.0432120871473453,0.0005605114412377949,0.023675122834692853,0.0036906335642088077,0.0432120871473453,-0.0426250114145169
1385,1.6000000000000005,-0.042764282390524815,8.493478247643886e-5,0.009216006861783409,0.005917304979165747,0.042764282390524815,-0.04238538207263814
1386,4.000000000000001,-0.042569716806247604,4.026409884729433e-5,0.006345399817765176,0.017048753189017444,0.042569716806247604,-0.04212305945514525
1387,1.6000000000000005,-0.04210191259229684,0.0001769407258005464,0.013301906848288572,0.016212752290510998,0.04210191259229684,-0.04251348202813142
1388,4.000000000000001,-0.04200814422768075,2.5251492335063772e-5,0.00502508630125531,0.0017833317803379657,0.04200814422768075,-0.042365532272927525
1389,10.000000000000002,-0.04216259657349118,8.342364209944507e-6,0.0028883151161091317,0.012799989546880622,0.04216259657349118,-0.04223917465037328
1390,4.000000000000001,-0.04227161488912716,2.0957083963637437e-5,0.004577890776726487,0.008165375146398427,0.04227161488912716,-0.0422761382291728
1391,1.6000000000000005,-0.04222835635255864,2.1079625670620815e-5,0.004591255348008953,0.00949784397985514,0.04222835635255864,-0.042176610954699684
1392,0.6400000000000002,-0.04261049220940144,0.00026049640531146043,0.016139901031650115,0.01692174801172722,0.04261049220940144,-0.04233249572570039
1393,1.6000000000000005,-0.042339967165420496,8.062568679038194e-5,0.008979180741603431,0.01300297096321168,0.042339967165420496,-0.04243979297133786
1394,0.6400000000000002,-0.04247093608968488,8.495974902042388e-5,0.009217361282949903,0.011688784238168864,0.04247093608968488,-0.04227044381020136
1395,0.2560000000000001,-0.04074747573869868,0.0041466365825552475,0.06439438315998723,0.0055884477303560914,0.04074747573869868,-0.043445284686751094
1396,0.6400000000000002,-0.042649588788840606,0.0007938297242207275,0.028174984014560284,0.005078217298310279,0.042649588788840606,-0.042764519202480394
1397,1.6000000000000005,-0.04294420117449308,0.00019366202665932328,0.013916250452594021,0.01063191262733359,0.04294420117449308,-0.042207118372554454
1398,4.000000000000001,-0.0425778180327378,4.653357223679466e-5,0.006821552040173457,0.015463408596106454,0.0425778180327378,-0.042220493153968496
1399,1.6000000000000005,-0.04206960959133429,0.0001813524345383394,0.013466715803726586,0.0033874154930475476,0.04206960959133429,-0.04252645794652946
1400,4.000000000000001,-0.04200392226536995,4.2278968558049746e-5,0.006502227968784987,0.014343731871198574,0.04200392226536995,-0.042250791539486125
1401,1.6000000000000005,-0.04236535804505159,7.126758852245307e-5,0.008442013297931547,0.009480049105516131,0.04236535804505159,-0.04217237000440464
1402,4.000000000000001,-0.042413684298076994,3.7110420096076966e-5,0.0060918322445777315,0.010767283260440305,0.042413684298076994,-0.0423094114345338
1403,1.6000000000000005,-0.04232667603947715,9.410250330760875e-5,0.009700644478982248,0.011902849565475626,0.04232667603947715,-0.04239854054221294
1404,4.000000000000001,-0.04250170543892872,1.4951881373678396e-5,0.003866766268302029,0.009095862737509121,0.04250170543892872,-0.04227880226520065
1405,1.6000000000000005,-0.04264680162548905,1.7074177589598645e-5,0.004132091188441833,0.010151537391137532,0.04264680162548905,-0.0422045722127657
1406,0.6400000000000002,-0.04179947024008469,0.0005769195442153398,0.02401914953147467,0.007687345811438879,0.04179947024008469,-0.0426640123878179
1407,1.6000000000000005,-0.0417325255850242,7.045714454351834e-5,0.008393875418632226,0.00927160158038066,0.0417325255850242,-0.042335703542954385
1408,4.000000000000001,-0.04204297626574379,1.9113711368234648e-5,0.004371923074372952,0.006168537897648825,0.04204297626574379,-0.042330742388130047
1409,1.6000000000000005,-0.04242858710533032,2.2617066936168736e-5,0.004755740419342579,0.008089741441683784,0.04242858710533032,-0.04226469778362326
1410,0.6400000000000002,-0.042939165285520636,5.030137753367732e-5,0.007092346405363836,0.006022754205027438,0.042939165285520636,-0.04227836071915036
1411,1.6000000000000005,-0.04263064390363039,1.2659804313076955e-5,0.0035580618759483307,0.0057949066956527245,0.04263064390363039,-0.042257742366244376
1412,0.6400000000000002,-0.042398776828695486,1.3428707957318077e-5,0.0036645201537606636,0.006456207697129238,0.042398776828695486,-0.04223303906895758
1413,0.2560000000000001,-0.039964883254538584,0.0022389768713030776,0.047317828260636366,0.01692515340491509,0.039964883254538584,-0.04265451841872709
1414,0.6400000000000002,-0.04173123328335609,0.0005147721333403195,0.022688590377992184,0.009599579327661558,0.04173123328335609,-0.04249445592753655
1415,1.6000000000000005,-0.04229879775265972,0.00010229650060327678,0.010114173253572275,0.008586380612507511,0.04229879775265972,-0.042377145477838836
1416,4.000000000000001,-0.04225783738996029,3.6991505662447914e-5,0.0060820642599735755,0.015525758138906443,0.04225783738996029,-0.04215739595810634
1417,1.6000000000000005,-0.042526162688679564,0.000213557319695905,0.01461360050418462,0.011712467041764874,0.042526162688679564,-0.04259324651460051
1418,4.000000000000001,-0.04255848679834431,4.3008871631199325e-5,0.006558114944951737,0.01555644162317136,0.04255848679834431,-0.04225019602438547
1419,1.6000000000000005,-0.042131376938319226,8.863833158300196e-5,0.009414793231027539,0.012143041761345369,0.042131376938319226,-0.042310964808270665
1420,0.6400000000000002,-0.0420035225465132,0.0006028867760647567,0.02455375278984369,0.009828217995476455,0.0420035225465132,-0.04264604160039935
1421,1.6000000000000005,-0.04218931607990166,0.0001254719666886937,0.011201426993409978,0.009448539048502336,0.04218931607990166,-0.04234755411280186
1422,4.000000000000001,-0.0422178805096673,2.2364238725078088e-5,0.0047290843431977495,0.012371281281585557,0.0422178805096673,-0.04225510484084182
1423,1.6000000000000005,-0.04230339866950019,2.8827589336753745e-5,0.005369133015371639,0.014204569348078292,0.04230339866950019,-0.04216512996029361
1424,0.6400000000000002,-0.042230798028169134,3.8373930234046524e-5,0.0061946695015994615,0.015214056933634885,0.042230798028169134,-0.04212510775538978
1425,0.2560000000000001,-0.04297299639724444,0.003278763891781384,0.0572604915433092,0.006296498713293247,0.04297299639724444,-0.04345987022537344
1426,0.6400000000000002,-0.04314881426220515,0.0005025747173478548,0.022418178278973848,0.00341962653676966,0.04314881426220515,-0.04266193761690024
1427,1.6000000000000005,-0.042687652461519295,9.850971827642246e-5,0.009925206208256957,0.0026082501792720346,0.042687652461519295,-0.042338088128487
1428,4.000000000000001,-0.042247463952950884,1.982333016684201e-5,0.004452339853025823,0.005847029791675196,0.042247463952950884,-0.042264708038775134
1429,1.6000000000000005,-0.0422103328667662,9.578859210199027e-5,0.009787164661023655,0.002371009473478277,0.0422103328667662,-0.0424346399598096
1430,4.000000000000001,-0.04229535108285651,2.4058080568885045e-5,0.004904903726770287,0.006639978915516224,0.04229535108285651,-0.04226783999725629
1431,1.6000000000000005,-0.04219502699860086,8.121812062513859e-5,0.009012109665618733,0.0072455393098149745,0.04219502699860086,-0.042413596434174826
1432,4.000000000000001,-0.042100086409647214,2.9685711981391844e-5,0.005448459597114752,0.018081770390321265,0.042100086409647214,-0.042208037218260455
1433,1.6000000000000005,-0.042302767290933845,0.00012906106186835503,0.011360504472441135,0.00553247342241975,0.042302767290933845,-0.042455421678335825
1434,4.000000000000001,-0.04251644995442641,1.738839856010298e-5,0.004169939874878651,0.010218631553018344,0.04251644995442641,-0.04228195173538662
1435,1.6000000000000005,-0.04217842427347634,5.310635818969743e-5,0.007287410938714615,0.005947374940442984,0.04217842427347634,-0.042379388500849643
1436,4.000000000000001,-0.04222142768149368,1.2808568489553948e-5,0.0035789060464831916,0.009679430120829873,0.04222142768149368,-0.04227661653495662
1437,1.6000000000000005,-0.042404172057151406,1.766087594508203e-5,0.0042024844967093015,0.006883164615300771,0.042404172057151406,-0.042246080391892864
1438,0.6400000000000002,-0.0421398141088444,3.588399377612225e-5,0.005990325014231052,0.008569999981269808,0.0421398141088444,-0.042255012303736905
1439,0.2560000000000001,-0.04199339240328655,0.003194067844953513,0.05651608483390824,0.006063950431587526,0.04199339240328655,-0.0431391251180812
1440,0.6400000000000002,-0.04231670097723565,0.0009068448483181146,0.03011386471906445,0.01397809294335784,0.04231670097723565,-0.04209683347791601
1441,1.6000000000000005,-0.04273298969455064,0.0007648584644730208,0.02765607463963425,0.03230773698992288,0.04273298969455064,-0.04037158621693891
1442,4.000000000000001,-0.04248565137553456,0.0002523225011036369,0.015884662448526782,0.007613521394689203,0.04248565137553456,-0.04281851710835129
1443,10.000000000000002,-0.04232105592017511,1.4554521896574077e-5,0.00381503891154128,0.01614229189236664,0.04232105592017511,-0.04220012222327613
1444,4.000000000000001,-0.04196022197233908,3.1416138376485555e-5,0.005605010113861129,0.01613346751095387,0.04196022197233908,-0.04223593378334087
1445,1.6000000000000005,-0.04191829002226058,7.990670388981532e-5,0.008939054977446738,0.009667694259491549,0.04191829002226058,-0.04231392415935293
1446,4.000000000000001,-0.04215191341975468,1.1204696207029605e-5,0.003347341662727246,0.01323894117160233,0.04215191341975468,-0.04225363776572181
1447,1.6000000000000005,-0.04239005096688278,0.00012785399129817986,0.011307253923839328,0.017096132055634865,0.04239005096688278,-0.04243369806085957
1448,0.6400000000000002,-0.043043199403409955,0.001950448845098922,0.04416388620919724,0.005084593848754925,0.043043199403409955,-0.04360440355827495
1449,1.6000000000000005,-0.042697317561758825,0.00020335126578559256,0.01426012853327741,0.002607336628604056,0.042697317561758825,-0.042599231816214965
1450,4.000000000000001,-0.04262574340005223,8.30896208384291e-5,0.009115350834632155,0.021293353080658328,0.04262574340005223,-0.04200774039974401
1451,1.6000000000000005,-0.04194005247009267,0.00030672730810764293,0.017513632064984207,0.011023306374438437,0.04194005247009267,-0.04272334677527463
1452,4.000000000000001,-0.042125860582795244,6.0399589977547314e-5,0.0077717173119940045,0.014435206582827742,0.042125860582795244,-0.042199951332743145
1453,1.6000000000000005,-0.04187158325740334,0.00024092931329548496,0.015521897863840135,0.004662389280811287,0.04187158325740334,-0.042603142804393535
1454,4.000000000000001,-0.041994782699758114,2.270880638470544e-5,0.004765375786305361,0.0071284518025432515,0.041994782699758114,-0.042293368856878615
1455,1.6000000000000005,-0.04227442362426982,4.075812099639741e-5,0.006384208721243174,0.007990501006559953,0.04227442362426982,-0.042345564434840374
1456,0.6400000000000002,-0.042645558831208165,7.510352761239028e-5,0.008666229146081372,0.005444129559699461,0.042645558831208165,-0.04232513656507894
1457,1.6000000000000005,-0.042626710831467435,2.1793521894885394e-5,0.004668353231588779,0.004924219933199078,0.042626710831467435,-0.0422913013942958
1458,4.000000000000001,-0.04240483420172575,1.5210923145304345e-5,0.0039001183501663566,0.007642344029725599,0.04240483420172575,-0.042210004450789256
1459,1.6000000000000005,-0.04235536760550155,8.806743488736132e-5,0.009384425122902378,0.009193517091536534,0.04235536760550155,-0.042445733839360095
1460,4.000000000000001,-0.042227914185238614,2.227507672380747e-5,0.004719647944900919,0.01154690327985718,0.042227914185238614,-0.04226876542051571
1461,1.6000000000000005,-0.04218624151567767,3.9387384829861514e-5,0.006275936968283024,0.009121932313342684,0.04218624151567767,-0.04224704886866733
1462,0.6400000000000002,-0.04217083476078494,8.672281908119763e-5,0.009312508742610534,0.00886554167033009,0.04217083476078494,-0.04226980872129822
1463,1.6000000000000005,-0.04204177345508009,1.4841109466082956e-5,0.0038524160556828433,0.009657195679586401,0.04204177345508009,-0.042270032480698876
1464,0.6400000000000002,-0.04227326452786449,5.785505671476603e-5,0.007606251160378944,0.0070557889402119225,0.04227326452786449,-0.042300372115021405
1465,1.6000000000000005,-0.042423760431230355,5.429523200586411e-5,0.007368529840196355,0.014941632644015638,0.042423760431230355,-0.04235704525193901
1466,0.6400000000000002,-0.042339563107056916,0.00015779046012122752,0.012561467275809283,0.007429763267081645,0.042339563107056916,-0.04239882413877415
1467,1.6000000000000005,-0.04226298784518607,3.125677951310874e-5,0.005590776288952075,0.004658460340698919,0.04226298784518607,-0.04229680737848239
1468,4.000000000000001,-0.04228481344156369,2.5998495020172887e-5,0.005098871936043588,0.012013088234431825,0.04228481344156369,-0.04215025337743401
1469,1.6000000000000005,-0.04186377633027508,3.2374344030103124e-5,0.005689845694753341,0.01834599101654987,0.04186377633027508,-0.04200501691042844
1470,0.6400000000000002,-0.043322731514710985,0.002559480330289765,0.05059130686481389,0.006507160907720211,0.043322731514710985,-0.044152119664026566
1471,1.6000000000000005,-0.04320468683047599,0.0003383265916081009,0.018393656287103467,0.008206550539293528,0.04320468683047599,-0.04233143816423489
1472,4.000000000000001,-0.04266746285959057,5.5037640809387035e-5,0.0074187357959012825,0.010285433457085498,0.04266746285959057,-0.04219717282279752
1473,1.6000000000000005,-0.041832513250123486,6.49642140620813e-5,0.008060038093091205,0.01609593293189212,0.041832513250123486,-0.04199693947051972
1474,0.6400000000000002,-0.04177767707779182,0.0012117701565597036,0.0348104891743811,0.00410698482839953,0.04177767707779182,-0.04325468695736927
1475,1.6000000000000005,-0.04153983324013074,0.00016685481472281878,0.012917229374862815,0.0033369425971802725,0.04153983324013074,-0.04255838611589544
1476,4.000000000000001,-0.04187466156876691,3.421281399470524e-5,0.005849172077713669,0.011666863901749685,0.04187466156876691,-0.04225704437540881
1477,1.6000000000000005,-0.04241825869550314,4.579219474513288e-5,0.0067669930356941315,0.011377887350320524,0.04241825869550314,-0.04218604723484684
1478,0.6400000000000002,-0.042238888292478904,6.255341540105326e-5,0.007909071715508292,0.012813535340221283,0.042238888292478904,-0.042108893972796824
1479,0.2560000000000001,-0.042515819563164116,0.00011650744237835143,0.010793861328475155,0.0069481493181832365,0.042515819563164116,-0.04210214947512247
1480,0.6400000000000002,-0.043333863380807434,0.0008225616007895762,0.028680334739845284,0.004769976632528204,0.043333863380807434,-0.04287633474331732
1481,1.6000000000000005,-0.04289553648800567,0.0001240657351368471,0.01113847992936411,0.003570821853421963,0.04289553648800567,-0.04248371722383216
1482,4.000000000000001,-0.042628472347989985,5.08535308351207e-5,0.007131166162355264,0.011374427357314141,0.042628472347989985,-0.042132507963176496
1483,1.6000000000000005,-0.0418541963095955,0.0001849766885708419,0.013600613536559367,0.004474655454518746,0.0418541963095955,-0.04254564348570096
1484,4.000000000000001,-0.0419629358606348,0.00017484310928939014,0.013222825314182673,0.02376304091128854,0.0419629358606348,-0.04154133183410379
1485,1.6000000000000005,-0.04186227541837315,0.0007717307097038363,0.02778004157131224,0.00497748748461936,0.04186227541837315,-0.043732670040104796
1486,4.000000000000001,-0.04216555178684034,4.951656176843599e-5,0.007036800534933187,0.008053594074089211,0.04216555178684034,-0.04238166859460731
1487,10.000000000000002,-0.042359553517961335,4.7332292614305657e-5,0.00687984684526521,0.040703287399417025,0.042359553517961335,-0.041713276005422587
1488,4.000000000000001,-0.042306718118455204,0.00019633002960324025,0.014011781814003537,0.03752571328831395,0.042306718118455204,-0.04253500158723493
1489,1.6000000000000005,-0.04214112420442302,0.0009220413056098876,0.03036513305766809,0.006461843460980913,0.04214112420442302,-0.04415289830882619
1490,4.000000000000001,-0.04208957331737921,0.00014015970152141035,0.011838906263731052,0.02469018856611253,0.04208957331737921,-0.04219998865683516
1491,1.6000000000000005,-0.04222638843942744,0.0004328070158682644,0.020804014417132678,0.004084844982145285,0.04222638843942744,-0.04294146131884775
1492,4.000000000000001,-0.04244953361832498,3.9314495245659014e-5,0.006270127211282002,0.003840129753562092,0.04244953361832498,-0.04233642200938471
1493,10.000000000000002,-0.04246936461227384,8.304636038002167e-6,0.0028817765419966493,0.008279051298528664,0.04246936461227384,-0.0422561725135076
1494,4.000000000000001,-0.04227477853367244,1.1138854373445795e-5,0.0033374922282225308,0.012266810681387779,0.04227477853367244,-0.04219318489179289
1495,1.6000000000000005,-0.04181371469751055,0.00011960911884064881,0.010936595395306933,0.014152189542126912,0.04181371469751055,-0.04241539867850409
1496,0.6400000000000002,-0.04198330934568563,0.0011971682718485317,0.03460011953517692,0.0048674228272938495,0.04198330934568563,-0.043084394595366275
1497,1.6000000000000005,-0.04219718007914022,0.00021800971179579783,0.014765151939475524,0.012996062086187015,0.04219718007914022,-0.042291607768012135
1498,4.000000000000001,-0.04207072539577778,4.853997286125346e-5,0.006967063431694408,0.010934774913307318,0.04207072539577778,-0.04233437338426627
1499,1.6000000000000005,-0.04240313052849268,5.0267061424345704e-5,0.007089926757332949,0.011405106684402257,0.04240313052849268,-0.042085718699823624
1500,0.6400000000000002,-0.04181870556736071,0.00017374516871929334,0.013181243064267245,0.012044559177539858,0.04181870556736071,-0.04215760067176853
1501,1.6000000000000005,-0.04208024651086807,4.182452048046353e-5,0.006467187988644178,0.016011875219400645,0.04208024651086807,-0.042134578647977546
1502,0.6400000000000002,-0.04291182586553707,0.0015161741942949223,0.038938081543585606,0.005663110649736136,0.04291182586553707,-0.04313728308373173
1503,1.6000000000000005,-0.04266378723597282,0.0001742123627126827,0.013198953091540355,0.007398676467675874,0.04266378723597282,-0.04245951583283997
1504,4.000000000000001,-0.042431455672117084,3.327215672255499e-5,0.00576820220888233,0.00468776052141807,0.042431455672117084,-0.04226185914991816
1505,10.000000000000002,-0.04234146828361389,1.4050064135959989e-5,0.003748341518053016,0.028198822440142764,0.04234146828361389,-0.04212129290505861
1506,4.000000000000001,-0.04212247855339718,2.380619581763629e-5,0.004879159335135131,0.015629676314467964,0.04212247855339718,-0.042081595168932055
1507,1.6000000000000005,-0.04190947081541312,0.0005988936899662732,0.0244723045495571,0.013604144953443403,0.04190947081541312,-0.04328794865531703
1508,4.000000000000001,-0.04216693958942269,7.024285330345224e-5,0.008381100960103765,0.004925345052483422,0.04216693958942269,-0.04239822161233896
1509,10.000000000000002,-0.042095691031835185,2.453752883063256e-5,0.004953537002045363,0.030403526523711897,0.042095691031835185,-0.042031182935474073
1510,4.000000000000001,-0.04234681310672032,7.213346998003318e-5,0.00849314252677024,0.016891323240311285,0.04234681310672032,-0.042474838087107274
1511,1.6000000000000005,-0.04263716303347455,8.209652147427044e-5,0.009060713077582274,0.03138362151860342,0.04263716303347455,-0.04216600261859449
1512,0.6400000000000002,-0.04290220031073538,0.0023105294904857913,0.04806796740539162,0.008368624230264831,0.04290220031073538,-0.043778729804520196
1513,1.6000000000000005,-0.042681380436852066,0.00028944458082644285,0.01701307088172041,0.012655584884629405,0.042681380436852066,-0.042570802332280964
1514,4.000000000000001,-0.04241736669036154,6.921395896060865e-5,0.008319492710532816,0.005051514801500097,0.04241736669036154,-0.04228795230850937
1515,10.000000000000002,-0.04226670457081754,2.108860813506364e-5,0.004592233458249225,0.008898687745552403,0.04226670457081754,-0.04205430417451602
1516,4.000000000000001,-0.042218991897491176,2.525360477203554e-5,0.005025296485983244,0.020160254231164704,0.042218991897491176,-0.04180934538844305
1517,1.6000000000000005,-0.04223362749684433,0.0011211676682662819,0.03348384189823925,0.007405119912755552,0.04223362749684433,-0.043668984894392734
1518,4.000000000000001,-0.0421531190798542,0.00011817305027774319,0.010870742857677354,0.0072811477594238675,0.0421531190798542,-0.042537592923177346
1519,10.000000000000002,-0.042167154512247285,4.461197296277538e-5,0.00667921948754309,0.03933683821899984,0.042167154512247285,-0.04180027254470603
1520,4.000000000000001,-0.04202970842342121,0.0001772294711626757,0.013312755956700915,0.007321676128123534,0.04202970842342121,-0.04285460764800307
1521,10.000000000000002,-0.04206853497317071,2.8400654531099448e-5,0.005329226447721981,0.03021235988990238,0.04206853497317071,-0.04220817463820488
1522,4.000000000000001,-0.042640181471495835,0.00010833089497831664,0.010408212861885398,0.00827647221363687,0.042640181471495835,-0.042631476482595326
1523,10.000000000000002,-0.042563645231641835,1.5237912900552065e-5,0.00390357693667642,0.006333272662807594,0.042563645231641835,-0.04229710042816224
1524,4.000000000000001,-0.04221752884503527,3.973162939486996e-5,0.006303303054341427,0.0049966509983553325,0.04221752884503527,-0.042419848110339366
1525,10.000000000000002,-0.04226000557667899,8.738420049353854e-6,0.0029560818746025715,0.013289028007712136,0.04226000557667899,-0.04227160873509332
1526,4.000000000000001,-0.04215613384640605,1.0583588122279935e-5,0.0032532427087876388,0.011441345194899628,0.04215613384640605,-0.042178599102259094
1527,1.6000000000000005,-0.042253499041142374,0.000358956211956827,0.018946139763994854,0.003089326901203525,0.042253499041142374,-0.042818740493928524
1528,4.000000000000001,-0.042361309669291365,5.64272442681088e-5,0.0075118069908716905,0.015578831350745774,0.042361309669291365,-0.042285154237250634
1529,1.6000000000000005,-0.042284181074452795,0.00023975493590991755,0.015484021955225896,0.0023833088038638503,0.042284181074452795,-0.04267427895736883
1530,4.000000000000001,-0.04234611835997203,2.7201251855626855e-5,0.005215481938960853,0.003954679065666461,0.04234611835997203,-0.04237885337080779
1531,10.000000000000002,-0.04235262329674046,1.5546799580874808e-5,0.0039429430100972555,0.024255070723747295,0.04235262329674046,-0.042148096108651015
1532,4.000000000000001,-0.04216131892410344,7.61967971386161e-5,0.00872907767972173,0.010081899628333446,0.04216131892410344,-0.042521448317236185
1533,10.000000000000002,-0.04227518817615552,1.3020609664376055e-5,0.003608408189822218,0.021455406943301378,0.04227518817615552,-0.042213102753563124
1534,4.000000000000001,-0.042115910773549814,5.174773313423155e-5,0.0071935897251811315,0.003733887083359322,0.042115910773549814,-0.04248545388171796
1535,10.000000000000002,-0.04231338771301973,9.839514029751766e-6,0.003136799966486828,0.02453878834768354,0.04231338771301973,-0.04225656789765253
1536,4.000000000000001,-0.04252379134716308,2.950332482452926e-5,0.0054316963118835404,0.014511807117066502,0.04252379134716308,-0.04233960186271233
1537,1.6000000000000005,-0.04251452848859723,0.00022390261687473911,0.014963375851549646,0.008772064598905087,0.04251452848859723,-0.042655471750783505
1538,4.000000000000001,-0.04232953215868815,3.0817559334272475e-5,0.005551356530999651,0.0037859681581642107,0.04232953215868815,-0.04237247546454448
1539,10.000000000000002,-0.04228909820934115,2.7927394447880756e-5,0.0052846375890765445,0.028203456612860427,0.04228909820934115,-0.04197818233461259
1540,4.000000000000001,-0.04218776376162228,2.964085210394063e-5,0.005444341292015098,0.02459555984742159,0.04218776376162228,-0.04160814050058383
1541,1.6000000000000005,-0.042088000320038246,0.001489308408359512,0.03859155877079225,0.005580887513797548,0.042088000320038246,-0.04484238733085774
1542,4.000000000000001,-0.04232912067550526,0.00011885510056587958,0.010902068637000942,0.01513782908138755,0.04232912067550526,-0.042448483565273226
1543,1.6000000000000005,-0.041987587765160296,0.00025449473241114206,0.015952891036145833,0.005920307605036762,0.041987587765160296,-0.042707489590977574
1544,4.000000000000001,-0.04229014175058191,3.2474323048450527e-5,0.00569862466288582,0.009349995491999701,0.04229014175058191,-0.042361643391073275
1545,1.6000000000000005,-0.04231392727923394,6.986321782297197e-5,0.008358421969664607,0.0077492343284297225,0.04231392727923394,-0.04235745543308726
1546,4.000000000000001,-0.042245294666502405,1.4857331436156142e-5,0.0038545209087714315,0.008718246981682653,0.042245294666502405,-0.04230341438215408
1547,1.6000000000000005,-0.04229211153895974,1.8373171753190868e-5,0.004286393793527476,0.007476475675332245,0.04229211153895974,-0.04224557906824886
1548,0.6400000000000002,-0.0425341595894512,2.567676813672454e-5,0.00506722489502139,0.006707449276701317,0.0425341595894512,-0.04222594251899661
1549,0.2560000000000001,-0.04227930589430717,6.660951157022973e-5,0.00816146503822872,0.007321370681993826,0.04227930589430717,-0.042230199057300445
1550,0.6400000000000002,-0.042182886109025285,1.6550972346783137e-5,0.004068288626287856,0.004297996719865587,0.042182886109025285,-0.04222221778159581
1551,1.6000000000000005,-0.0422622617152376,1.1098763864918324e-5,0.0033314807315844293,0.005271293043758812,0.0422622617152376,-0.042199580140943084
1552,0.6400000000000002,-0.04238825163100465,1.1409299660452824e-5,0.003377765483341439,0.006906478101648011,0.04238825163100465,-0.042174801483280455
1553,0.2560000000000001,-0.042178549118950366,7.835979556029145e-5,0.00885210684302282,0.01116651862693187,0.042178549118950366,-0.04218656574857551
1554,0.10240000000000005,-0.042416165268143256,0.0008592284390060665,0.02931259863959636,0.013341636744833412,0.042416165268143256,-0.04230360154516959
1555,0.2560000000000001,-0.04420797371511536,0.005601563097609306,0.07484359089200161,0.007640481594813391,0.04420797371511536,-0.04410390561145915
1556,0.6400000000000002,-0.04397549687639049,0.0014998397254593994,0.0387277642713777,0.017677577635909363,0.04397549687639049,-0.042300738179013225
1557,1.6000000000000005,-0.04275493920086169,0.0003863570315949057,0.019655966819134226,0.024046579366823452,0.04275493920086169,-0.042113441992062066
1558,4.000000000000001,-0.04215289403100421,7.942521318446617e-5,0.00891208242693402,0.009513400604121043,0.04215289403100421,-0.04220003104728553
1559,10.000000000000002,-0.04214359007908463,1.8427424509209386e-5,0.004292717613494904,0.005692270826940038,0.04214359007908463,-0.04206682798369254
1560,4.000000000000001,-0.042299019170678825,4.163877967606888e-5,0.006452811765119829,0.01915169829000666,0.042299019170678825,-0.04212711252174595
1561,1.6000000000000005,-0.042203095167974734,5.778330580175204e-5,0.007601533121795369,0.01939597274685108,0.042203095167974734,-0.04202365776323604
1562,0.6400000000000002,-0.04139900331992857,0.0030246269819954033,0.05499660882268472,0.010569154744044622,0.04139900331992857,-0.04474397436676726
1563,1.6000000000000005,-0.04212806406202615,0.00036469970020216915,0.019097112352451852,0.005055229976290167,0.04212806406202615,-0.04293070882817628
1564,4.000000000000001,-0.042207508554995145,7.080041225418633e-5,0.008414298084462323,0.005952509948971841,0.042207508554995145,-0.04230674246122958
1565,10.000000000000002,-0.042252027829416415,2.3714468926877943e-5,0.0048697503967737345,0.00731206353550184,0.042252027829416415,-0.04205302013432436
1566,4.000000000000001,-0.04206606111558833,5.582369526029641e-5,0.007471525631375189,0.016821679784532476,0.04206606111558833,-0.042142977065707646
1567,1.6000000000000005,-0.04293399247746951,0.0003836338121781176,0.019586572241668973,0.009232326176385473,0.04293399247746951,-0.04308116469888094
1568,4.000000000000001,-0.0427045945904467,6.626155677895226e-5,0.008140120194379949,0.004879174360611932,0.0427045945904467,-0.042528539271113254
1569,10.000000000000002,-0.04237540830629399,1.8138504186564455e-5,0.004258932282458182,0.02213743835138949,0.04237540830629399,-0.04218437576657487
1570,4.000000000000001,-0.04193255567753412,6.382592477771085e-5,0.007989112890534897,0.00649585009676659,0.04193255567753412,-0.042469335764744966
1571,10.000000000000002,-0.0419917187819667,1.443690062511224e-5,0.0037995921656293905,0.023932142425351414,0.0419917187819667,-0.04222735441402652
1572,4.000000000000001,-0.04224711378755775,5.124994324264238e-5,0.0071589065675312724,0.011236540611324453,0.04224711378755775,-0.042428719035622134
1573,1.6000000000000005,-0.04300837481889649,6.307739672534116e-5,0.007942127972108052,0.012783403498483469,0.04300837481889649,-0.04236081366642748
1574,0.6400000000000002,-0.04339075054933877,0.0007612981327860639,0.027591631571657085,0.015172086103819328,0.04339075054933877,-0.04281516263570652
1575,1.6000000000000005,-0.04301632189204631,0.00011200735481245405,0.010583352720780596,0.0024682139463962295,0.04301632189204631,-0.04250314911201087
1576,4.000000000000001,-0.04214586606799233,8.183908170763469e-5,0.009046495548422864,0.020861060325639336,0.04214586606799233,-0.042013911761636796
1577,1.6000000000000005,-0.042280620784877064,0.00033645431085551096,0.018342690938232344,0.003670714125746252,0.042280620784877064,-0.0428080731777058
1578,4.000000000000001,-0.04205830568769876,5.1219035995558834e-5,0.007156747585010864,0.01432241322793403,0.04205830568769876,-0.04224199392790687
1579,1.6000000000000005,-0.042469052108041465,0.00014470624813931572,0.012029391012820047,0.0035630881678688255,0.042469052108041465,-0.04257335131797936
1580,4.000000000000001,-0.04233340845692668,2.854772786683752e-5,0.005343007380383965,0.010104151014272192,0.04233340845692668,-0.04226458564854157
1581,1.6000000000000005,-0.042284842674231396,0.0001255274971003916,0.011203905439639858,0.003959644017743852,0.042284842674231396,-0.042508594574520234
1582,4.000000000000001,-0.042397440998820604,1.5477361315224445e-5,0.0039341277705769095,0.008448121206952939,0.042397440998820604,-0.04232056314458909
1583,1.6000000000000005,-0.042210240899580635,2.0417458169810784e-5,0.004518568154826348,0.007684382781904645,0.042210240899580635,-0.04228628792536551
1584,0.6400000000000002,-0.04252513601578691,8.778766325504684e-5,0.009369507097763833,0.007065908120994191,0.04252513601578691,-0.042330453726723456
1585,1.6000000000000005,-0.04244596453366564,6.351128965140636e-5,0.00796939706950321,0.015143230564370098,0.04244596453366564,-0.04218129514304716
1586,0.6400000000000002,-0.04199151051384918,0.0005010136901863743,0.02238333509972038,0.007492390156153829,0.04199151051384918,-0.04258346634323609
1587,1.6000000000000005,-0.04220805664232553,1.5142830367383348e-5,0.0038913789801795647,0.007147109282035732,0.04220805664232553,-0.04231325365197989
1588,0.6400000000000002,-0.042292221578730575,2.2433295227996577e-5,0.0047363799708212365,0.0011109557335814413,0.042292221578730575,-0.0422977689476597
1589,1.6000000000000005,-0.04239799401102848,1.0465576832647437e-5,0.003235054378622937,0.003480080561181532,0.04239799401102848,-0.04227775309871389
1590,4.000000000000001,-0.0424113399205956,7.831702878534423e-6,0.002798517978955008,0.008304101969546677,0.0424113399205956,-0.0422465822229488
1591,1.6000000000000005,-0.04224907867997355,1.3986774518428262e-5,0.003739889639872848,0.006664013698414748,0.04224907867997355,-0.04223136362731612
1592,0.6400000000000002,-0.04186750646802604,0.0004741680296188087,0.02177539964314797,0.010357712233869961,0.04186750646802604,-0.042536375823246625
1593,1.6000000000000005,-0.042259928430107466,7.987176847281976e-5,0.008937100674873242,0.00274640592845328,0.042259928430107466,-0.04246013671361404
1594,4.000000000000001,-0.042300465557790684,2.183997272268071e-5,0.0046733256598145085,0.0079663819841654,0.042300465557790684,-0.04232576918190415
1595,1.6000000000000005,-0.042298548509745695,4.721385382798225e-5,0.006871233792266295,0.008053109071575122,0.042298548509745695,-0.04232247259973901
1596,4.000000000000001,-0.042384305261619404,3.647640578135242e-5,0.006039569999706305,0.02694269908280387,0.042384305261619404,-0.04211480212076694
1597,1.6000000000000005,-0.04209959342502183,0.00036120690280175624,0.019005444030639123,0.011398741325971691,0.04209959342502183,-0.04276472961659655
1598,4.000000000000001,-0.04233592682369642,2.0263046063956793e-5,0.00450144932926683,0.015115654088533636,0.04233592682369642,-0.04230976556103797
1599,1.6000000000000005,-0.04187879877032772,4.661157996047868e-5,0.006827267386039504,0.01021808317692735,0.04187879877032772,-0.0423114307111675
1600,0.6400000000000002,-0.042396676065580174,0.0005150499544273152,0.0226947120366687,0.002680495585118994,0.042396676065580174,-0.04260285142930692
1601,1.6000000000000005,-0.04260867915670234,6.487713853791615e-5,0.008054634599900615,0.004976069090885102,0.04260867915670234,-0.04240794450645794
1602,4.000000000000001,-0.04248638641026296,3.057833781060912e-5,0.005529768332453821,0.010840353193268667,0.04248638641026296,-0.04220389235462328
1603,1.6000000000000005,-0.04261007281767776,4.957735423356337e-5,0.007041118819730525,0.012013998814935414,0.04261007281767776,-0.042136739435339465
1604,0.6400000000000002,-0.04167993196313184,0.0007848696550504277,0.02801552525030412,0.00694503969716936,0.04167993196313184,-0.04297162537855667
1605,1.6000000000000005,-0.041889259492292,0.00013613879245842557,0.011667852949811527,0.010820667525000825,0.041889259492292,-0.04239599495566334
1606,4.000000000000001,-0.042023471605439296,2.48269373665969e-5,0.004982663681867049,0.01042383286132313,0.042023471605439296,-0.042294152197310614
1607,1.6000000000000005,-0.042306235065687474,2.9480246767279773e-5,0.005429571508625683,0.008255796958878701,0.042306235065687474,-0.04218644198599748
1608,0.6400000000000002,-0.042396932896135796,0.00019091875863856464,0.013817335439170774,0.015277396233109076,0.042396932896135796,-0.04232883287428768
1609,1.6000000000000005,-0.042455896341722345,7.05897406835374e-5,0.0084017700922804,0.011975921698619212,0.042455896341722345,-0.042394874660248494
1610,0.6400000000000002,-0.04316411875236773,0.00031374894356300353,0.0177129597629251,0.0034380765068545874,0.04316411875236773,-0.042551246314622225
1611,1.6000000000000005,-0.04297844390610406,0.00010413438376334817,0.010204625606231135,0.01288944784086542,0.04297844390610406,-0.04226829262871612
1612,0.6400000000000002,-0.04227375939947492,0.0003899755863955803,0.01974779953300064,0.004915742023706184,0.04227375939947492,-0.04250804541203327
1613,1.6000000000000005,-0.0419894161316122,3.836173563463144e-5,0.006193685141709372,0.007300728803801463,0.0419894161316122,-0.04231738526569731
1614,4.000000000000001,-0.04215969730460032,1.8881723911710827e-5,0.004345310565622534,0.009955395146879169,0.04215969730460032,-0.042222626070321324
1615,1.6000000000000005,-0.0421502123302434,2.70379108276595e-5,0.005199799114163883,0.012131385546664493,0.0421502123302434,-0.04215143702917193
1616,0.6400000000000002,-0.04309677035260025,0.0007854846299053399,0.028026498709352546,0.010801268588647956,0.04309677035260025,-0.0427672173930601
1617,1.6000000000000005,-0.04260190336305071,9.865616021867256e-5,0.009932580743123741,0.003738454303093583,0.04260190336305071,-0.042438663953955603
1618,4.000000000000001,-0.04247199966849057,5.1487515926660515e-5,0.007175480187880147,0.024745008473092054,0.04247199966849057,-0.04210679114562922
1619,1.6000000000000005,-0.041969971864636385,0.0002150483795687108,0.014664527935419905,0.011943491022206912,0.041969971864636385,-0.04254082159112844
1620,4.000000000000001,-0.0419625260456566,2.9258197675287377e-5,0.005409084735450848,0.004989799023990775,0.0419625260456566,-0.04229922572367669
1621,10.000000000000002,-0.042010753509294195,2.029063202442847e-5,0.004504512406956881,0.03144144064156546,0.042010753509294195,-0.04200613053862164
1622,4.000000000000001,-0.042525007102606746,0.00014156134515208222,0.011897955503030015,0.011117141639541674,0.042525007102606746,-0.04273695879028625
1623,10.000000000000002,-0.04242822837274397,1.6144866999434136e-5,0.004018067570292234,0.016394038179363905,0.04242822837274397,-0.042241902674058855
1624,4.000000000000001,-0.042427972360708485,5.828198694849864e-5,0.007634264008304838,0.006155119234330924,0.042427972360708485,-0.04250562542744464
1625,10.000000000000002,-0.0423894248003314,9.87014000288999e-6,0.0031416778961074272,0.014770991478665778,0.0423894248003314,-0.042276441682705015
1626,4.000000000000001,-0.04229027397806334,3.228295531884241e-5,0.005681809158960059,0.01122123200785788,0.04229027397806334,-0.04240254545598965
1627,1.6000000000000005,-0.04246182237181877,3.224493612088026e-5,0.005678462478601075,0.011170745945138573,0.04246182237181877,-0.04223214353386221
1628,0.6400000000000002,-0.041761530854742476,0.0005495603817275185,0.023442704232394317,0.007983375674359534,0.041761530854742476,-0.04265027102257943
1629,1.6000000000000005,-0.04206649238442142,6.0291338229912085e-5,0.0077647497210091765,0.007658533011944734,0.04206649238442142,-0.04241837499424119
1630,4.000000000000001,-0.04228647413344413,1.8106209909007764e-5,0.004255139234973136,0.009691173035457712,0.04228647413344413,-0.042321821804503904
1631,1.6000000000000005,-0.04233105023079487,1.9142936577294347e-5,0.004375264172286554,0.01191616724438541,0.04233105023079487,-0.04222432124252327
1632,0.6400000000000002,-0.04243130010892357,2.142954832906419e-5,0.004629206014973215,0.007470208811420772,0.04243130010892357,-0.04218782432707451
1633,0.2560000000000001,-0.042523648085462544,0.0018079061090338173,0.04251947917171396,0.014226048063650706,0.042523648085462544,-0.042698316486360396
1634,0.6400000000000002,-0.042469267447276714,0.0003647849877641482,0.019099345218204423,0.005919199182440247,0.042469267447276714,-0.042666929861907794
1635,1.6000000000000005,-0.04231291600177037,4.3960223929710745e-5,0.006630250668693511,0.0012942114985596007,0.04231291600177037,-0.04241286147539777
1636,4.000000000000001,-0.04218776414727189,1.5777603262374538e-5,0.003972103128365947,0.005975752427128672,0.04218776414727189,-0.042314880651709394
1637,1.6000000000000005,-0.04215568742358035,3.6217783422648256e-5,0.006018121253568115,0.00530538578980719,0.04215568742358035,-0.04232290886361081
1638,4.000000000000001,-0.04226402240133118,9.010595198198292e-6,0.003001765346958068,0.006677291864483615,0.04226402240133118,-0.042289814877325416
1639,1.6000000000000005,-0.042399899603257185,1.890062048887929e-5,0.004347484386272053,0.0015304778566040194,0.042399899603257185,-0.04229462166599393
1640,4.000000000000001,-0.042298161882829616,5.934785749970933e-6,0.0024361415701824336,0.005949161770779035,0.042298161882829616,-0.042258925951739364
1641,1.6000000000000005,-0.042202811273297544,8.339140569619739e-6,0.002887757013604112,0.009017128381263773,0.042202811273297544,-0.04223580203360524
1642,0.6400000000000002,-0.04207677079632919,1.2183584432107349e-5,0.0034904991666103217,0.007130534282145782,0.04207677079632919,-0.042228118353939775
1643,0.2560000000000001,-0.04284538261232919,0.0034866293364778523,0.059047686969752274,0.027642050759096874,0.04284538261232919,-0.0428601764761373
1644,0.6400000000000002,-0.04352945010053404,0.0006738622153648728,0.025958856202939157,0.003514413268911858,0.04352945010053404,-0.042822877313876635
1645,1.6000000000000005,-0.042957330676881,8.205391339888375e-5,0.009058361518447128,0.004038775686797283,0.042957330676881,-0.04240418445593202
1646,4.000000000000001,-0.042560244968259595,3.0149764675229894e-5,0.005490880136665696,0.01384768100368415,0.042560244968259595,-0.042228601452479676
1647,1.6000000000000005,-0.04197863795731177,7.72303983569306e-5,0.00878808274636343,0.013096672331484756,0.04197863795731177,-0.04225097459614646
1648,0.6400000000000002,-0.04106766565263428,0.0005313271986792998,0.023050535756882092,0.005339437090003249,0.04106766565263428,-0.04260818247296421
1649,1.6000000000000005,-0.04165866182147832,0.00011311215936987911,0.01063542003730361,0.00739981911687536,0.04165866182147832,-0.0424295012151855
1650,4.000000000000001,-0.042015520192724656,4.970776958078604e-5,0.007050373719228367,0.012615520401347785,0.042015520192724656,-0.042110603501607655
1651,1.6000000000000005,-0.04257155944322672,0.0001280973813420076,0.011318011368699343,0.010211518125421693,0.04257155944322672,-0.042519194356804665
1652,4.000000000000001,-0.04246001707506449,4.9146592103622256e-5,0.007010463044879579,0.014915219596754565,0.04246001707506449,-0.04219346706592926
1653,1.6000000000000005,-0.04246436366820263,0.00019201507203440445,0.0138569503150731,0.003101104915990951,0.04246436366820263,-0.04262014537477143
1654,4.000000000000001,-0.04218826871555535,5.943551637081486e-5,0.007709443324314335,0.0279737579468415,0.04218826871555535,-0.04208104570978744
1655,1.6000000000000005,-0.04243720257334729,0.00025688286087852157,0.016027565656659203,0.0031238662081932854,0.04243720257334729,-0.04271775548853441
1656,4.000000000000001,-0.04232724812588805,1.7526217674216608e-5,0.00418643257132091,0.007273286425240226,0.04232724812588805,-0.042290069089706325
1657,1.6000000000000005,-0.042246154609823394,1.7874479061172312e-5,0.004227822023355797,0.011406258679474751,0.042246154609823394,-0.04220057409767938
1658,0.6400000000000002,-0.042283387701591395,0.0005504914958378678,0.023462555185611557,0.003998973379011434,0.042283387701591395,-0.04272287046648763
1659,1.6000000000000005,-0.04285804231256542,0.00036872375995959704,0.01920218112505965,0.027143281402588513,0.04285804231256542,-0.041793548749648725
1660,0.6400000000000002,-0.04296993446195348,0.0015135328054910946,0.038904148949579845,0.004701625026232224,0.04296993446195348,-0.04339128344809671
1661,1.6000000000000005,-0.04191839275656584,0.00015776958756820442,0.012560636431654426,0.009177309253152417,0.04191839275656584,-0.042453883841816316
1662,4.000000000000001,-0.0420022965496265,2.4216827410284178e-5,0.004921059582070123,0.011223074532677414,0.0420022965496265,-0.04226619727956928
1663,1.6000000000000005,-0.041817081495797964,4.454501967186708e-5,0.006674205546120608,0.012454791092228058,0.041817081495797964,-0.04226791828174
1664,0.6400000000000002,-0.04345629862169068,0.00044696649022441556,0.02114158201801406,0.00660842482805826,0.04345629862169068,-0.0426572982698107
1665,1.6000000000000005,-0.04303830170465186,0.00010622666229528073,0.010306631956913991,0.010625676867026302,0.04303830170465186,-0.04229201940346901
1666,4.000000000000001,-0.04264656273755829,1.7714472417212263e-5,0.004208856426300648,0.004676934216542234,0.04264656273755829,-0.04231934015115102
1667,10.000000000000002,-0.042326172397758446,6.33444234671375e-6,0.0025168318073947155,0.00912614555098842,0.042326172397758446,-0.04223067902692361
1668,4.000000000000001,-0.0421787486763973,1.2363660911388473e-5,0.003516199782633017,0.011661048066723426,0.0421787486763973,-0.04225164325861714
1669,1.6000000000000005,-0.041577051765166594,1.672176628297384e-5,0.004089225633658999,0.008509803025310738,0.041577051765166594,-0.04222309542586415
1670,0.6400000000000002,-0.040854547741382634,0.001174263591157069,0.034267529691488836,0.008150169489322843,0.040854547741382634,-0.043071033198947346
1671,1.6000000000000005,-0.041535538654067186,0.00025046380343027525,0.015826048256917306,0.017671808998310536,0.041535538654067186,-0.0423116908193379
1672,4.000000000000001,-0.04230371522372699,5.09274617364659e-5,0.00713634792708889,0.008898445615562129,0.04230371522372699,-0.04219983768513677
1673,10.000000000000002,-0.0424603605309773,1.9524790539938936e-5,0.004418686517500301,0.028265979522457393,0.0424603605309773,-0.04200773167434448
1674,4.000000000000001,-0.0422746606701774,0.0001312172036706068,0.011455007798801656,0.007938521584940792,0.0422746606701774,-0.042709823092702576
1675,10.000000000000002,-0.04239421604656759,7.301628524772265e-5,0.008544956714210005,0.07864238260459538,0.04239421604656759,-0.041533500483149785
1676,4.000000000000001,-0.04189390871181162,0.0004547938492785049,0.02132589621278564,0.00669844645369975,0.04189390871181162,-0.04365454623818591
1677,10.000000000000002,-0.04196112889999316,1.907656139652375e-5,0.004367672308738803,0.019333447041019716,0.04196112889999316,-0.04226891579374767
1678,4.000000000000001,-0.04232014680191773,6.135223259109493e-5,0.007832766598788383,0.01022112506942267,0.04232014680191773,-0.04253552068077969
1679,1.6000000000000005,-0.04284209628240485,0.0001272623503614394,0.01128106157954292,0.009732745763472935,0.04284209628240485,-0.04259613593397939
1680,4.000000000000001,-0.04272549736856633,3.2961266333102326e-5,0.00574119032371357,0.01155724398875502,0.04272549736856633,-0.042354294174096675
1681,1.6000000000000005,-0.042291648517745216,0.00011097657757540309,0.010534542115127886,0.009155806117944086,0.042291648517745216,-0.04250487138820724
1682,4.000000000000001,-0.042091913359260325,2.3238162308299437e-5,0.00482059771276337,0.008477211597238951,0.042091913359260325,-0.042332084420258285
1683,1.6000000000000005,-0.04217147693903119,5.3530298715265276e-5,0.007316440303540054,0.0013408590921506927,0.04217147693903119,-0.042348447287081606
1684,4.000000000000001,-0.04216310251690438,1.1613397205432247e-5,0.003407843483118356,0.001622345661969645,0.04216310251690438,-0.042287968825238706
1685,10.000000000000002,-0.042258948935064405,7.66212200896385e-6,0.0027680538305755275,0.003741474459572026,0.042258948935064405,-0.04218776035448109
1686,4.000000000000001,-0.04233432258378893,4.527429741338092e-5,0.006728617793676567,0.010981197365686628,0.04233432258378893,-0.042399754801384
1687,1.6000000000000005,-0.04246790752650159,5.763334025283093e-5,0.007591662548666855,0.009715288278333161,0.04246790752650159,-0.04227448717006423
1688,0.6400000000000002,-0.04300226596817248,0.001497330828823004,0.03869535926726878,0.007363950442178584,0.04300226596817248,-0.043143149759777996
1689,1.6000000000000005,-0.04303614991749723,0.0001762526412374346,0.013276017521735748,0.0027360710893362178,0.04303614991749723,-0.042509221650895074
1690,4.000000000000001,-0.0427015636842799,3.5186082693650265e-5,0.005931785792967432,0.01553108313298579,0.0427015636842799,-0.04230522901654303
1691,1.6000000000000005,-0.04167139617932118,6.597322563744494e-5,0.008122390389377067,0.014290226024315646,0.04167139617932118,-0.04228748362561063
1692,0.6400000000000002,-0.0409308148983101,0.0004099802434312356,0.020247968871747003,0.006154111151143404,0.0409308148983101,-0.04261333700780159
1693,1.6000000000000005,-0.04184341811568681,6.771415366247957e-5,0.008228861018541969,0.007227923609295664,0.04184341811568681,-0.04236876676974737
1694,4.000000000000001,-0.042195471594780494,2.8060719369939962e-5,0.005297236956181965,0.008090657632434347,0.042195471594780494,-0.04220744119907921
1695,1.6000000000000005,-0.042319982218982824,3.1220817936601996e-5,0.0055875592110153065,0.010443550940671726,0.042319982218982824,-0.04207097596390294
1696,0.6400000000000002,-0.042543870585591004,5.009574462006705e-5,0.007077834740940696,0.010574589856609449,0.042543870585591004,-0.04203038660119499
1697,0.2560000000000001,-0.04454620607886713,0.004572136874884572,0.06761757815009771,0.006420926718174191,0.04454620607886713,-0.04395935135823384
1698,0.6400000000000002,-0.04371021084256272,0.0007731325213340826,0.027805260677326558,0.0031723536439796827,0.04371021084256272,-0.04289788169488078
1699,1.6000000000000005,-0.043299221860103314,0.0005363592395980196,0.023159430899700875,0.02778369948280282,0.043299221860103314,-0.041575559022068144
1700,4.000000000000001,-0.042207270146340736,0.00010583595599745319,0.010287660375296864,0.01302758182904539,0.042207270146340736,-0.042318947631400754
1701,1.6000000000000005,-0.04130128828204985,0.00022124612780336818,0.014874344617608138,0.005717268397960292,0.04130128828204985,-0.0426436355508999
1702,4.000000000000001,-0.041661377079130105,3.024953566964042e-5,0.005499957787987142,0.009578283443724977,0.041661377079130105,-0.042302088677470255
1703,1.6000000000000005,-0.04226995210186013,3.354268162049643e-5,0.005791604408149475,0.013883144544268141,0.04226995210186013,-0.042231124112154184
1704,0.6400000000000002,-0.04376946200730073,0.000324679061615906,0.01801885294950558,0.00988116994446939,0.04376946200730073,-0.0424103778093073
1705,1.6000000000000005,-0.04320352819060249,5.516162882368695e-5,0.007427087506128291,0.005077542540805899,0.04320352819060249,-0.04241178631016824
1706,4.000000000000001,-0.04275772470080051,2.9220438803674394e-5,0.005405593288777319,0.01971256138876913,0.04275772470080051,-0.04221689238400613
1707,1.6000000000000005,-0.04216281801788313,3.100519734724257e-5,0.005568231078829485,0.009193589946702403,0.04216281801788313,-0.04206613136452761
1708,0.6400000000000002,-0.04059514706733759,0.0011842770268636733,0.03441332629757945,0.005809044431957181,0.04059514706733759,-0.04311736329496534
1709,1.6000000000000005,-0.04143048522740912,0.00017488352923423128,0.013224353641453758,0.007597267022525005,0.04143048522740912,-0.04241186423051478
1710,4.000000000000001,-0.04167432046210905,7.507568900128095e-5,0.008664622842413913,0.025349856695794586,0.04167432046210905,-0.04197604572514503
1711,1.6000000000000005,-0.04247543065652966,0.0003667449475516337,0.019150586088985205,0.008820256279996733,0.04247543065652966,-0.04285035833116022
1712,4.000000000000001,-0.04243698085992588,9.920646226241854e-5,0.009960244086487968,0.021876787885778168,0.04243698085992588,-0.0420011213759841
1713,1.6000000000000005,-0.04247875032735417,0.0004450353237697182,0.021095860346753297,0.007659632233295541,0.04247875032735417,-0.042887345823986796
1714,4.000000000000001,-0.04277835394514902,4.906434756454586e-5,0.007004594746632089,0.006700848436999602,0.04277835394514902,-0.04230695345370941
1715,10.000000000000002,-0.0424876600529277,1.4535395534884484e-5,0.0038125313814950405,0.019210280712926613,0.0424876600529277,-0.042150799512836505
1716,4.000000000000001,-0.04180767076666287,2.029165922111983e-5,0.004504626424146605,0.021836644488686607,0.04180767076666287,-0.042063304470216216
1717,1.6000000000000005,-0.042402302929456195,5.581864284031287e-5,0.00747118751205676,0.01590408958617094,0.042402302929456195,-0.04213094722851472
1718,0.6400000000000002,-0.04283906932924586,0.0028772982923874688,0.05364045387939469,0.028989443170862064,0.04283906932924586,-0.044338667860158956
1719,1.6000000000000005,-0.042889290517232725,0.000785010685851984,0.028018042148800906,0.03260435988478911,0.042889290517232725,-0.04206759771708242
1720,4.000000000000001,-0.04226889087801414,0.00017684636048987488,0.013298359315715411,0.012219618297487597,0.04226889087801414,-0.04204828546959261
1721,10.000000000000002,-0.042335727227649785,3.699233394639593e-5,0.0060821323519301956,0.05292714738556238,0.042335727227649785,-0.041804954343772724
1722,4.000000000000001,-0.04195479954443942,0.00013187408482572425,0.011483644231067255,0.046467736117279196,0.04195479954443942,-0.04268757288256171
1723,1.6000000000000005,-0.041356440815493674,0.0005834969686061826,0.02415568191142992,0.032079850790056076,0.041356440815493674,-0.04305621681596796
1724,0.6400000000000002,-0.04122127400633214,0.0017544666501625858,0.04188635398506996,0.027758982003266562,0.04122127400633214,-0.043804071936724046
1725,1.6000000000000005,-0.041736152997420395,0.00031358679201330805,0.017708381970505043,0.011590544176466686,0.041736152997420395,-0.04265464521030576
1726,4.000000000000001,-0.042097328727219614,6.209075068232458e-5,0.007879768440907675,0.008521853258449261,0.042097328727219614,-0.04230595746187186
1727,10.000000000000002,-0.04225333116119685,1.9657661740871692e-5,0.004433696171465935,0.020218781708508146,0.04225333116119685,-0.04209655552826814
1728,4.000000000000001,-0.04230048321564834,4.118697645413677e-5,0.006417708037464525,0.020610265461478556,0.04230048321564834,-0.04210259604879371
1729,1.6000000000000005,-0.04242183091548714,8.041516921406807e-5,0.008967450541489931,0.008804938033888782,0.04242183091548714,-0.042116411804777994
1730,4.000000000000001,-0.04256983604777024,9.156627180446469e-5,0.009569026690550335,0.0033275713828070422,0.04256983604777024,-0.04260706617316134
1731,10.000000000000002,-0.0423827239393408,2.4971932325912316e-5,0.004997192444354362,0.01625112024207512,0.0423827239393408,-0.04221650903298864
1732,4.000000000000001,-0.04210365452553648,3.3823134460503907e-5,0.005815766025254447,0.021960964931215392,0.04210365452553648,-0.04201340724806549
1733,1.6000000000000005,-0.04170065649579924,0.0006923442496093857,0.026312435265656915,0.008138479099256878,0.04170065649579924,-0.04330068222634565
1734,4.000000000000001,-0.04200307053313045,8.812905958468117e-5,0.009387707898346708,0.005733808563598142,0.04200307053313045,-0.042443742572938696
1735,10.000000000000002,-0.0422024922618584,2.219292142587892e-5,0.004710936364023496,0.014942610680835277,0.0422024922618584,-0.04211444748142834
1736,4.000000000000001,-0.0423286306233999,3.00505454578569e-5,0.005481837781060007,0.0164657390901555,0.0423286306233999,-0.041919608619992714
1737,1.6000000000000005,-0.041740379652645314,4.845563102982684e-5,0.006961007903301564,0.018695124857856713,0.041740379652645314,-0.041862155196520756
1738,0.6400000000000002,-0.04352223332761168,0.002716487498241834,0.05211993378969158,0.025728187555680637,0.04352223332761168,-0.04391523176212495
1739,1.6000000000000005,-0.043018217618836084,0.0004264626676531693,0.020650972559498725,0.007105026506213605,0.043018217618836084,-0.04322395925703607
1740,4.000000000000001,-0.04266680021504618,9.521168540404119e-5,0.009757647534321026,0.01992051332325163,0.04266680021504618,-0.042427476756014076
1741,1.6000000000000005,-0.04196967528594746,0.0001393297983753032,0.011803804402619657,0.014082124572757402,0.04196967528594746,-0.042203270424277545
1742,4.000000000000001,-0.04162014685830376,4.515273619823875e-5,0.006719578572964137,0.017575304969840975,0.04162014685830376,-0.04203577093364944
1743,1.6000000000000005,-0.04202602636406692,0.0002699953502799643,0.01643153523807086,0.007900985477225347,0.04202602636406692,-0.0427763469034369
1744,4.000000000000001,-0.04221424746336057,5.8140547108872864e-5,0.007624994892383395,0.011438132515841984,0.04221424746336057,-0.042312331598822084
1745,1.6000000000000005,-0.0425182120469563,0.0002407690259403924,0.015516733739430874,0.004671893061851444,0.0425182120469563,-0.04267150018835508
1746,4.000000000000001,-0.042549426788907566,4.130182203373674e-5,0.006426649362905739,0.010884402765192617,0.042549426788907566,-0.04232563039667076
1747,1.6000000000000005,-0.0421237142130612,9.633463509564294e-5,0.00981502089124842,0.004951266743537251,0.0421237142130612,-0.0424477580501993
1748,4.000000000000001,-0.04227804038972816,7.915655589907223e-5,0.008896997015795398,0.017691760239576568,0.04227804038972816,-0.041984009355048264
1749,1.6000000000000005,-0.04247251221132045,0.00035552573770872585,0.018855390150000234,0.004335022489261454,0.04247251221132045,-0.04292973690315286
1750,4.000000000000001,-0.04217754397306502,5.234852980039196e-5,0.0072352283861943124,0.01571666077443887,0.04217754397306502,-0.04221784944725929
1751,1.6000000000000005,-0.042343544520820564,0.00021164341187090912,0.014547969338395965,0.001917881014729083,0.042343544520820564,-0.04260580237613351
1752,4.000000000000001,-0.042356541038675484,2.4338934187955965e-5,0.0049334505356754075,0.009010492721266467,0.042356541038675484,-0.04227763308395544
1753,1.6000000000000005,-0.04217957384176434,5.4479452010126964e-5,0.007381019713435737,0.0019360999905069956,0.04217957384176434,-0.04233023118468148
1754,4.000000000000001,-0.04196564428578196,3.693501334096703e-5,0.006077418312159122,0.023326607723987484,0.04196564428578196,-0.042106798593472834
1755,1.6000000000000005,-0.04258079840504413,0.00031014048473555154,0.017610805908178977,0.006847695992426235,0.04258079840504413,-0.042672348560458
1756,4.000000000000001,-0.042649829196392944,4.467919024453336e-5,0.0066842494151949,0.038642978487822346,0.042649829196392944,-0.042120459288502145
1757,1.6000000000000005,-0.04209507357703373,0.00020346814782381203,0.014264226155800112,0.006302254491461296,0.04209507357703373,-0.04258283727661125
1758,4.000000000000001,-0.04207215865133877,2.285464767620463e-5,0.004780653477946779,0.013858299589811815,0.04207215865133877,-0.04226772563671522
1759,1.6000000000000005,-0.04241759543176286,7.352603556073849e-5,0.00857473239003635,0.010297465130012201,0.04241759543176286,-0.04239417669797046
1760,4.000000000000001,-0.04260814055325021,1.406608230568252e-5,0.003750477610342784,0.013199551786046489,0.04260814055325021,-0.04226568734454219
1761,1.6000000000000005,-0.042205727635909296,5.770269773915757e-5,0.007596229178951724,0.0025560627639783897,0.042205727635909296,-0.04237471653480272
1762,4.000000000000001,-0.04222218567677349,6.814055502922083e-6,0.0026103745905371673,0.001622649696213385,0.04222218567677349,-0.04229344244007834
1763,10.000000000000002,-0.042244026175909194,3.550598057739769e-6,0.001884303069503356,0.014668840284103491,0.042244026175909194,-0.04225721273025525
1764,4.000000000000001,-0.04232357237962708,6.030367785135892e-6,0.002455680717262709,0.002161887440096017,0.04232357237962708,-0.042248067152926116
1765,10.000000000000002,-0.0423458106563264,2.284239760027762e-6,0.0015113701598310594,0.0024112111227011634,0.0423458106563264,-0.04222393789144779
1766,4.000000000000001,-0.04247909763860145,2.351172372747963e-6,0.0015333533098239175,0.008022224433203986,0.04247909763860145,-0.04219207051450733
1767,1.6000000000000005,-0.04218971509529423,2.4944707027878353e-6,0.0015793893449013246,0.0025751024815431275,0.04218971509529423,-0.042180607475698816
1768,0.6400000000000002,-0.042362475971325995,6.165176835065024e-5,0.007851864004849437,0.018915057788404646,0.042362475971325995,-0.04222161297551093
1769,0.2560000000000001,-0.037759420524581554,0.009007257100330558,0.09490657037492482,0.006715081641402467,0.037759420524581554,-0.04577247219934731
1770,0.6400000000000002,-0.04077808963697557,0.002022366341167739,0.04497072760327254,0.007356689726567362,0.04077808963697557,-0.04371732648662495
1771,1.6000000000000005,-0.04318144250255303,0.0007336668838950951,0.027086285900711733,0.022217043273348204,0.04318144250255303,-0.041679429984810744
1772,4.000000000000001,-0.04260246390180037,0.0001592353835491577,0.01261885032596701,0.020926889748028445,0.04260246390180037,-0.04209461499868278
1773,1.6000000000000005,-0.042768896739818985,0.00024859450382872764,0.015766879964936868,0.016160456535103868,0.042768896739818985,-0.04184339599264816
1774,4.000000000000001,-0.04222524057813455,0.00013463561838205712,0.011603258955227068,0.006370957573711325,0.04222524057813455,-0.042461369229908216
1775,10.000000000000002,-0.041922542505843534,2.5583524511202485e-5,0.005058015867037438,0.02687179141159401,0.041922542505843534,-0.042000247365894354
1776,4.000000000000001,-0.04212516026327662,0.00012498273320660767,0.011179567666354888,0.004485561483737276,0.04212516026327662,-0.04260308939519229
1777,10.000000000000002,-0.04229755835029814,1.7644165463118693e-5,0.004200495859195518,0.024872638900608198,0.04229755835029814,-0.04214841391243321
1778,4.000000000000001,-0.04226799079225892,3.710956032564524e-5,0.006091761676694619,0.026622012611689214,0.04226799079225892,-0.04215220013502776
1779,1.6000000000000005,-0.04223711849977029,0.0006637165288713652,0.025762696459636462,0.021591140618245797,0.04223711849977029,-0.04321100887307674
1780,4.000000000000001,-0.042319605689499606,6.254930741002437e-5,0.00790881201003187,0.004441424305085268,0.042319605689499606,-0.04250746362351863
1781,10.000000000000002,-0.04237689399944833,2.9413165273186044e-5,0.005423390569854438,0.04627709193120982,0.04237689399944833,-0.04204212219493208
1782,4.000000000000001,-0.042116883393205365,0.0001381059684830077,0.011751849577109456,0.005454046201742424,0.042116883393205365,-0.042703986537918244
1783,10.000000000000002,-0.042193952022121124,1.3466317214387452e-5,0.0036696481049805652,0.003381324155254019,0.042193952022121124,-0.042261821105187634
1784,25.000000000000004,-0.0422015845811027,5.903419606724056e-6,0.002429695373235924,0.023457331540504518,0.0422015845811027,-0.04209444900800407
1785,10.000000000000002,-0.04231467229958371,1.4593907265276038e-5,0.0038201972809366845,0.017626508587698226,0.04231467229958371,-0.042153286300074436
1786,4.000000000000001,-0.042343467564110567,3.236572602546524e-5,0.00568908832990535,0.04149587798603532,0.042343467564110567,-0.042257826284637166
1787,1.6000000000000005,-0.04261011999096171,0.0013312368821111063,0.036486119033285885,0.021538496844806892,0.04261011999096171,-0.04452572121631973
1788,4.000000000000001,-0.04251061001829533,0.0001534701719635395,0.012388307873294863,0.010245785117192386,0.04251061001829533,-0.042691513428787346
1789,10.000000000000002,-0.04239871817766294,3.466836654441665e-5,0.005887984930722619,0.016630390644793786,0.04239871817766294,-0.042117628504272565
1790,4.000000000000001,-0.04221663394029565,4.4192870659291665e-5,0.006647771856742052,0.05224489910257891,0.04221663394029565,-0.04176299727814393
1791,1.6000000000000005,-0.04195253005361563,0.00039562905150816605,0.01989042612686229,0.026505408616001473,0.04195253005361563,-0.042626529867333236
1792,0.6400000000000002,-0.04183762256635035,0.0004374389037073858,0.020915040131622646,0.016253643317619356,0.04183762256635035,-0.042054290968237915
1793,1.6000000000000005,-0.0418321887615537,0.0006184873871780505,0.0248694066511055,0.01977574143159427,0.0418321887615537,-0.0433896692214654
1794,4.000000000000001,-0.04200643469292366,8.386459746267998e-5,0.00915776159673749,0.008427737070226317,0.04200643469292366,-0.04256365493219511
1795,10.000000000000002,-0.042092771978521716,1.6585427120800416e-5,0.004072520978558663,0.004937999353289919,0.042092771978521716,-0.0422078312184947
1796,25.000000000000004,-0.042224751989560695,8.668070838718132e-6,0.002944158765881713,0.032208781995088344,0.042224751989560695,-0.041977231292607164
1797,10.000000000000002,-0.04238192775628616,4.069428944540857e-5,0.0063792075875776745,0.013811291699084979,0.04238192775628616,-0.04255045819530554
1798,4.000000000000001,-0.042425319160146906,6.331121302606852e-5,0.007956834359597322,0.017060382789210984,0.042425319160146906,-0.04258879735591758
1799,1.6000000000000005,-0.043025896692971834,0.0006557939851617792,0.025608474869889836,0.008084472186199421,0.043025896692971834,-0.04337945293050234
1800,4.000000000000001,-0.04262558052795813,8.960802976124989e-5,0.009466151792637274,0.005475564898135491,0.04262558052795813,-0.04257668108421781
1801,10.000000000000002,-0.04243072844710786,3.370897892173103e-5,0.005805943413583277,0.02254366469191656,0.04243072844710786,-0.042011809684588244
1802,4.000000000000001,-0.04178977416300636,4.041408894149384e-5,0.006357207637122909,0.02233364501681802,0.04178977416300636,-0.04159208312962827
1803,1.6000000000000005,-0.04113319077601492,0.0008760620057038667,0.02959834464465651,0.03373091545383558,0.04113319077601492,-0.043713365320464395
1804,4.000000000000001,-0.04168212438947064,0.00010602121619850855,0.010296660439118527,0.011158829367134665,0.04168212438947064,-0.042791066752109135
1805,10.000000000000002,-0.041871517498694964,3.925794966765276e-5,0.006265616463497646,0.03986568516887834,0.041871517498694964,-0.04208407083522784
1806,4.000000000000001,-0.0429787563111599,0.00013118366557619086,0.01145354379989839,0.020069226552455445,0.0429787563111599,-0.04260578887479352
1807,1.6000000000000005,-0.04366684088047435,0.00029382116382306204,0.01714121243737041,0.004077923466099555,0.04366684088047435,-0.04285967974055556
1808,4.000000000000001,-0.04305445092616126,4.624775777241662e-5,0.006800570400519108,0.011767736487431573,0.04305445092616126,-0.04235116924158993
1809,1.6000000000000005,-0.042252129152632184,5.144004823173008e-5,0.007172171793238787,0.012300230638428038,0.042252129152632184,-0.04212188802522314
1810,0.6400000000000002,-0.040811204369165875,0.00016895900619861228,0.012998423219706776,0.017900623458989323,0.040811204369165875,-0.04220711071321003
1811,0.2560000000000001,-0.04112094800805981,0.005606476587257099,0.07487640874973304,0.006329942921673909,0.04112094800805981,-0.044322119546402416
1812,0.6400000000000002,-0.041647852402599946,0.0013248445780911621,0.036398414499688884,0.009644098156019364,0.041647852402599946,-0.0432097784395875
1813,1.6000000000000005,-0.042038795012805504,0.0002018157121418216,0.014206185699962591,0.0031410483048768716,0.042038795012805504,-0.04240113982421026
1814,4.000000000000001,-0.04233450697230589,4.6860100382536724e-5,0.0068454437681231975,0.007191064092796816,0.04233450697230589,-0.042181832965271046
1815,10.000000000000002,-0.042238822668801176,1.952360441479528e-5,0.004418552298524402,0.020453106668376905,0.042238822668801176,-0.04196623999320437
1816,4.000000000000001,-0.0424528603548429,2.4007735938283894e-5,0.004899768967847759,0.02417613184773494,0.0424528603548429,-0.04175011789923567
1817,1.6000000000000005,-0.04255582000550307,0.0009972043846890968,0.03157854310586695,0.00820854348774752,0.04255582000550307,-0.043979161271257075
1818,4.000000000000001,-0.04229677991028173,0.0001009040931787597,0.010045102945154902,0.006713527662322559,0.04229677991028173,-0.04252339212488635
1819,10.000000000000002,-0.04215335774603997,2.2112376460194487e-5,0.0047023798719578675,0.008899794037495126,0.04215335774603997,-0.042147744738464284
1820,4.000000000000001,-0.042036303782401044,4.945654105209342e-5,0.007032534468603294,0.018914332318898802,0.042036303782401044,-0.042187584337817684
1821,1.6000000000000005,-0.04206665522601876,0.00011457297334074065,0.01070387655668453,0.012853746977169945,0.04206665522601876,-0.042315820274856614
1822,4.000000000000001,-0.04209982629395402,1.5235109329838704e-5,0.0039032178173705225,0.0015592352381459953,0.04209982629395402,-0.04225186904524144
1823,10.000000000000002,-0.042141339013215734,1.476535260944772e-5,0.003842571093610074,0.027802393238055435,0.042141339013215734,-0.04204408710941211
1824,4.000000000000001,-0.042321910894161985,5.05857596710499e-5,0.00711236667158337,0.024619669177594915,0.042321910894161985,-0.04223755628830788
1825,1.6000000000000005,-0.04262144465463496,0.00011736064706088697,0.010833311915609508,0.012465482026282077,0.04262144465463496,-0.042311536616417005
1826,4.000000000000001,-0.04241679691388991,2.3251605230726313e-5,0.004821991832295687,0.009011732380232371,0.04241679691388991,-0.04229380825879957
1827,1.6000000000000005,-0.04312901986374488,0.0008236702498775843,0.0286996559191497,0.006779208916728326,0.04312901986374488,-0.04363437049132557
1828,4.000000000000001,-0.04282087463622929,8.075236711869879e-5,0.008986232086848124,0.004229089927306444,0.04282087463622929,-0.04254245453064118
1829,10.000000000000002,-0.04229740158512187,3.8719012282530766e-5,0.00622246030783088,0.03200635310475208,0.04229740158512187,-0.04190680646526817
1830,4.000000000000001,-0.04172199492169204,4.806978646214191e-5,0.006933237805105339,0.019006988597862994,0.04172199492169204,-0.04150037428734411
1831,1.6000000000000005,-0.04230230573424761,0.0015482532023675234,0.039347848764164015,0.011023672354753978,0.04230230573424761,-0.04506001523486188
1832,4.000000000000001,-0.04220234914688715,0.0001632925240538493,0.012778596325647403,0.0028977437708735143,0.04220234914688715,-0.042516016403388014
1833,10.000000000000002,-0.042100007627240164,3.6045502795310674e-5,0.0060037907021573194,0.010517247047382994,0.042100007627240164,-0.04200338778684577
1834,4.000000000000001,-0.042140181439016454,0.00011878344889075466,0.010898781991156382,0.00689977935280534,0.042140181439016454,-0.04253055616339856
1835,10.000000000000002,-0.042131218606933335,1.999136006990514e-5,0.004471169877102093,0.005657192808373429,0.042131218606933335,-0.042236269720311574
1836,4.000000000000001,-0.04229905941664553,4.033033614177666e-5,0.006350616989063083,0.002509416871729796,0.04229905941664553,-0.04229887396104747
1837,10.000000000000002,-0.04238913694862064,8.18366648121185e-6,0.002860710834952014,0.003030909798939484,0.04238913694862064,-0.042207727689111664
1838,25.000000000000004,-0.042373296439128565,5.761042409658626e-6,0.002400217158854304,0.0036369488667935368,0.042373296439128565,-0.04201274157137789
1839,10.000000000000002,-0.04223340710389338,1.739045390412469e-5,0.004170186315277135,0.01846171915544736,0.04223340710389338,-0.04205795876497687
1840,4.000000000000001,-0.042053780214499105,4.380436707886797e-5,0.0066184867665402165,0.01355024545144972,0.042053780214499105,-0.04220245349983934
1841,1.6000000000000005,-0.041163483656706454,0.001978974146861921,0.04448566226169867,0.037237151246496146,0.041163483656706454,-0.0453810551112004
1842,4.000000000000001,-0.04170870400328096,0.00020825942959677447,0.014431196402127387,0.009446052977297253,0.04170870400328096,-0.042972792043059996
1843,10.000000000000002,-0.04217181994693334,6.960260637142024e-5,0.008342817651814058,0.03843803809880283,0.04217181994693334,-0.04169589941722559
1844,4.000000000000001,-0.042678136467875744,0.00022989164152815048,0.015162177994211467,0.0088068976647692,0.042678136467875744,-0.04309923620359498
1845,10.000000000000002,-0.042467813669326664,2.4921964533403797e-5,0.004992190354283758,0.011257966731262494,0.042467813669326664,-0.042354374601098754
1846,4.000000000000001,-0.04210977209790107,2.594577320052012e-5,0.005093699362989547,0.022733639009251114,0.04210977209790107,-0.04200601576788925
1847,1.6000000000000005,-0.04146307920243285,0.00029163626752796816,0.01707736125775783,0.026344438467918813,0.04146307920243285,-0.042341197524247066
1848,0.6400000000000002,-0.04115570363396981,0.004967024789768097,0.07047712245663905,0.0069456250820885655,0.04115570363396981,-0.046035531635425606
1849,1.6000000000000005,-0.04503839774343046,0.0038479011413447995,0.06203145283922342,0.09496564406162378,0.04503839774343046,-0.03674953975648993
1850,0.6400000000000002,-0.037553051459692954,0.010428890743511082,0.10212194055887834,0.007517497018103711,0.037553051459692954,-0.05272120243068925
1851,1.6000000000000005,-0.03960069089610534,0.0012666934773335218,0.035590637495463914,0.011708822485042996,0.03960069089610534,-0.04387883396804649
1852,4.000000000000001,-0.0415633369008862,0.0001402828527434614,0.011844106245025895,0.012360310939610137,0.0415633369008862,-0.04221784674468774
1853,10.000000000000002,-0.042309004840537935,4.135849287049186e-5,0.006431056901512524,0.014397528079463557,0.042309004840537935,-0.041922309284632975
1854,4.000000000000001,-0.04293768736735946,0.0001370297850609636,0.011705972196317724,0.009270944220720593,0.04293768736735946,-0.04266818998033131
1855,10.000000000000002,-0.042685000998230874,2.0329274396215003e-5,0.0045087996624617295,0.015756315988866426,0.042685000998230874,-0.04208321765979712
1856,4.000000000000001,-0.04208883243802361,0.00011668690340657242,0.010802171235754988,0.004028271604161643,0.04208883243802361,-0.04268343130230172
1857,10.000000000000002,-0.04212408699456589,2.137605351089468e-5,0.004623424435512565,0.01692026707363229,0.04212408699456589,-0.04215683227378113
1858,4.000000000000001,-0.04220805915357446,0.00011664551040454058,0.010800255108308348,0.003626525979324091,0.04220805915357446,-0.042732360293707666
1859,10.000000000000002,-0.04228199541737778,9.954452998091387e-6,0.0031550678278115334,0.008980972442662542,0.04228199541737778,-0.04228871512508212
1860,4.000000000000001,-0.042276592078328186,1.4138709958858507e-5,0.0037601475980150708,0.009702959070786929,0.042276592078328186,-0.042213247405408216
1861,1.6000000000000005,-0.04230274993399722,0.00040825726586187226,0.020205377152180858,0.002445633650188612,0.04230274993399722,-0.04299689167628416
1862,4.000000000000001,-0.04220211863116951,3.849419310194406e-5,0.006204368872169358,0.004506096952992413,0.04220211863116951,-0.04241393777255517
1863,10.000000000000002,-0.04212408780763328,2.187282388461922e-5,0.004676839091161809,0.017815492927315057,0.04212408780763328,-0.04206857802216994
1864,4.000000000000001,-0.042387525881140434,5.25437806599056e-5,0.007248708896065947,0.02344587189197553,0.042387525881140434,-0.04222871066838599
1865,1.6000000000000005,-0.04317608930825727,0.0006161070495430403,0.024821503772798303,0.00303940164706734,0.04317608930825727,-0.04323749533677067
1866,4.000000000000001,-0.04254716098200439,4.6005398216017416e-5,0.006782727933215176,0.00594468113274575,0.04254716098200439,-0.042376242965718604
1867,10.000000000000002,-0.04231365021754254,1.0655583099911243e-5,0.003264289065005004,0.012040915967072303,0.04231365021754254,-0.04223556539700016
1868,4.000000000000001,-0.042125106188426506,3.196271909925985e-5,0.005653558091968265,0.0077891728637982365,0.042125106188426506,-0.04229387098968736
1869,1.6000000000000005,-0.04253354583275717,0.00012357311758866556,0.0111163446145154,0.007031754759472427,0.04253354583275717,-0.04243623275558287
1870,4.000000000000001,-0.04212995062032268,2.3394803265065425e-5,0.0048368174727878065,0.007819582486072686,0.04212995062032268,-0.042299737673194136
1871,1.6000000000000005,-0.04209285224594787,3.178767364044837e-5,0.005638055838713232,0.004444262032430894,0.04209285224594787,-0.04224650401538235
1872,4.000000000000001,-0.04213414680592962,1.2950615877380178e-5,0.0035986964136170444,0.009790849811879563,0.04213414680592962,-0.04219500759856675
1873,1.6000000000000005,-0.04200485177974437,0.0001298830435450599,0.01139662421706796,0.010157063101172554,0.04200485177974437,-0.04245571812494207
1874,4.000000000000001,-0.04216514099478252,3.0163087270866615e-5,0.005492093159339763,0.007639331208741353,0.04216514099478252,-0.042424213878830955
1875,1.6000000000000005,-0.04259955605231181,0.0001368293238518542,0.011697406714817357,0.006365019847961816,0.04259955605231181,-0.042559161998048746
1876,4.000000000000001,-0.042572798998400406,2.1211408525879413e-5,0.004605584493403569,0.005172931503801562,0.042572798998400406,-0.0423476661964291
1877,10.000000000000002,-0.042421739375000954,1.1244374714158702e-5,0.0033532632932948615,0.013295379663253525,0.042421739375000954,-0.042189708498527836
1878,4.000000000000001,-0.04184251490701034,2.0945325154811896e-5,0.004576606292310045,0.0166034273017556,0.04184251490701034,-0.04213925541653995
1879,1.6000000000000005,-0.041955680145437234,4.1949463320636456e-5,0.006476840535371892,0.011952473251696967,0.041955680145437234,-0.042217619585822534
1880,0.6400000000000002,-0.042897379575841554,0.0009741692512126639,0.031211684530199006,0.012350613480532555,0.042897379575841554,-0.04307859150873373
1881,1.6000000000000005,-0.0426019157682731,0.0002116343624832482,0.014547658316143125,0.011315284963395301,0.0426019157682731,-0.04251340030803555
1882,4.000000000000001,-0.042317842319880394,4.845677329042625e-5,0.006961089949887607,0.0060529427425326035,0.042317842319880394,-0.04241707534825815
1883,10.000000000000002,-0.04232025887089151,9.414635763106325e-6,0.003068327844788807,0.006346530594070815,0.04232025887089151,-0.0422859957047006
1884,4.000000000000001,-0.04214320857682809,1.4255078732430408e-5,0.003775589852252282,0.009145817611935017,0.04214320857682809,-0.04226262539209549
1885,1.6000000000000005,-0.04201917985551013,2.0113144144575852e-5,0.004484768014577326,0.00437562065072859,0.04201917985551013,-0.042215204022056925
1886,4.000000000000001,-0.042186592607066975,9.294463310740887e-6,0.0030486822252804384,0.0015710160195021347,0.042186592607066975,-0.04223080641252539
1887,10.000000000000002,-0.0422953593165529,4.513333872785499e-6,0.002124460842845897,0.007845700117933807,0.0422953593165529,-0.04216369080706163
1888,4.000000000000001,-0.04223838031501938,6.111215260687789e-6,0.002472087227564551,0.00575141482954832,0.04223838031501938,-0.04211250004482908
1889,1.6000000000000005,-0.042500734285288944,0.0007902803142558102,0.02811192476967399,0.004350244435326095,0.042500734285288944,-0.0436319965688992
1890,4.000000000000001,-0.04231083060865381,5.968171910977073e-5,0.007725394430692243,0.0016871950780780846,0.04231083060865381,-0.04247945850421167
1891,10.000000000000002,-0.04220437501996113,2.0795147714741057e-5,0.0045601697024059374,0.009310944246844133,0.04220437501996113,-0.042099031904468856
1892,4.000000000000001,-0.042263762638043496,7.126992718987723e-5,0.008442151810402206,0.021048045822438848,0.042263762638043496,-0.042184954501373384
1893,1.6000000000000005,-0.04318715274360416,0.000486532015572936,0.022057470742878386,0.003538673580790557,0.04318715274360416,-0.04329561514380739
1894,4.000000000000001,-0.042853385471851344,7.13262150179438e-5,0.008445484889450919,0.011342945429250491,0.042853385471851344,-0.04230699163913714
1895,1.6000000000000005,-0.041694927931266855,0.00023925408033562316,0.01546784019621431,0.012196442866563025,0.041694927931266855,-0.04259692656694393
1896,4.000000000000001,-0.04172978219620925,3.2747360474198766e-5,0.005722530950042889,0.00824241561404458,0.04172978219620925,-0.042293629867966025
1897,1.6000000000000005,-0.042100423782008095,0.00010035230320288839,0.010017599672720427,0.005451412386086756,0.042100423782008095,-0.04240901071416431
1898,4.000000000000001,-0.042086765565325944,1.8425850628201083e-5,0.004292534289694269,0.007301387469642195,0.042086765565325944,-0.04223025616767374
1899,1.6000000000000005,-0.04224261937286107,2.8385867185365898e-5,0.005327838885079568,0.006479343123549189,0.04224261937286107,-0.042179901031572126
1900,4.000000000000001,-0.04212538337095463,1.315000423908998e-5,0.0036262934573873056,0.0029090758980533657,0.04212538337095463,-0.042112155198769416
1901,10.000000000000002,-0.04203649125882504,9.322936974774142e-6,0.0030533484856423024,0.017099342310767346,0.04203649125882504,-0.04207543045363581
1902,4.000000000000001,-0.04334036929587715,8.6510663889537e-5,0.009301110895454209,0.01103728163463435,0.04334036929587715,-0.04282742312978552
1903,10.000000000000002,-0.042832273717984606,1.679190508121954e-5,0.00409779270842481,0.008657162762988958,0.042832273717984606,-0.04234104292936882
1904,4.000000000000001,-0.041997746050807035,3.836587070034469e-5,0.006194018945752805,0.00618236344482701,0.041997746050807035,-0.04241991648078389
1905,10.000000000000002,-0.04199593605257968,7.141318438960048e-6,0.00267232453847957,0.0013837904370100945,0.04199593605257968,-0.04227072429287885
1906,25.000000000000004,-0.04217185678873,3.051496971583139e-6,0.0017468534487996236,0.01677884810989631,0.04217185678873,-0.04219403202120291
1907,10.000000000000002,-0.04252225414322688,3.7948501409845287e-6,0.0019480375101585002,0.016929079173427414,0.04252225414322688,-0.042101516424291
1908,4.000000000000001,-0.04277755694186713,0.00015744012576183048,0.012547514724511403,0.005755784616970154,0.04277755694186713,-0.04291568593432262
1909,10.000000000000002,-0.042455560544245825,1.6556507544717665e-5,0.004068968855215982,0.00670442459884488,0.042455560544245825,-0.04237720347590258
1910,4.000000000000001,-0.04206160350819632,2.7215126532213326e-5,0.005216811912673614,0.00828330315163666,0.04206160350819632,-0.04235579829993079
1911,1.6000000000000005,-0.04172261402543024,0.0001649050047059189,0.012841534359488312,0.015191611560583003,0.04172261402543024,-0.0425916886509311
1912,4.000000000000001,-0.04192178422279281,2.3729994992958067e-5,0.004871344269599313,0.003557625404307798,0.04192178422279281,-0.04240402672264364
1913,10.000000000000002,-0.04211881327884739,7.112250397680037e-6,0.002666880274343045,0.0060962193980318895,0.04211881327884739,-0.042298405447677226
1914,4.000000000000001,-0.04238026033113745,1.1517463575123697e-5,0.00339373887845304,0.008123368525743085,0.04238026033113745,-0.042277765269325675
1915,1.6000000000000005,-0.042805594245003416,2.195931370933644e-5,0.004686076579542469,0.006909926460976516,0.042805594245003416,-0.04228157224277397
1916,0.6400000000000002,-0.043267511505881755,0.001552506248335465,0.03940185589963327,0.0051222697220373115,0.043267511505881755,-0.04347376996951645
1917,1.6000000000000005,-0.042999904584262526,0.00017940596502419407,0.013394251193112442,0.00751912363328401,0.042999904584262526,-0.0425122947550871
1918,4.000000000000001,-0.042527311636240225,6.433703094730168e-5,0.008021036775087226,0.011096844304357228,0.042527311636240225,-0.042078088487237424
1919,1.6000000000000005,-0.042328298816099355,0.00010680857334842218,0.010334823334166007,0.009332226972564054,0.042328298816099355,-0.04194853573347122
1920,4.000000000000001,-0.042293235451045796,5.646011524464357e-5,0.0075139946263384815,0.0078109432386035335,0.042293235451045796,-0.04239089693276723
1921,10.000000000000002,-0.04215773602825317,8.926324425267767e-6,0.0029876955041081023,0.008197775029122872,0.04215773602825317,-0.04222889896704965
1922,4.000000000000001,-0.04217966805613267,1.4807382431315622e-5,0.003848036178535179,0.009051840977215776,0.04217966805613267,-0.04218740449179399
1923,1.6000000000000005,-0.04223202479892146,0.0003793837537510154,0.019477775893335856,0.011160503295110676,0.04223202479892146,-0.04291001996703626
1924,4.000000000000001,-0.042337156287701634,3.609134283903985e-5,0.00600760708094661,0.007337945513757127,0.042337156287701634,-0.04233160695039615
1925,10.000000000000002,-0.04240633015123109,8.48846135704903e-6,0.0029134964144561823,0.0016967304807596825,0.04240633015123109,-0.04226596795669779
1926,25.000000000000004,-0.042327808228152485,8.471335958737715e-6,0.0029105559535486884,0.0403728717729764,0.042327808228152485,-0.04196904685139037
1927,10.000000000000002,-0.04205828953066879,2.0765637793890244e-5,0.004556932937172791,0.03179830416934268,0.04205828953066879,-0.041954109842289825
1928,4.000000000000001,-0.04237506471889503,0.0004762145755423702,0.021822341202134343,0.0038969922508089376,0.04237506471889503,-0.04410067713773629
1929,10.000000000000002,-0.042228840596184626,3.167743081621894e-5,0.00562827067723461,0.005458691641704484,0.042228840596184626,-0.04240203984934516
1930,25.000000000000004,-0.0422276073295077,1.0127467700557871e-5,0.0031823682534486593,0.03228046681320086,0.0422276073295077,-0.04205309206737846
1931,10.000000000000002,-0.04223353520967173,4.4526335254373023e-5,0.006672805650876776,0.013687521364690224,0.04223353520967173,-0.04250771258524047
1932,4.000000000000001,-0.042476093593163906,0.0001626677090681915,0.012754125178474277,0.006829814153542445,0.042476093593163906,-0.042880296366947956
1933,10.000000000000002,-0.042269083838813726,2.21852238890432e-5,0.004710119307304562,0.015958835762255073,0.042269083838813726,-0.04222720615471895
1934,4.000000000000001,-0.04258802214142889,8.18141775729052e-5,0.009045118991638817,0.009238873831403352,0.04258802214142889,-0.04254073002550675
1935,10.000000000000002,-0.04256468538993294,2.7306347610449867e-5,0.0052255475895306765,0.038158919662132175,0.04256468538993294,-0.04203634016490449
1936,4.000000000000001,-0.041929185486826615,0.00015080011069217077,0.012280069653392475,0.009421660153164155,0.041929185486826615,-0.04278920268414123
1937,10.000000000000002,-0.041961716338122144,9.026509664392319e-6,0.0030044150286523863,0.00456172139241386,0.041961716338122144,-0.04232121524721564
1938,4.000000000000001,-0.04225091604564075,1.0854546515957892e-5,0.0032946238808030715,0.008007116448664482,0.04225091604564075,-0.04224973716406075
1939,1.6000000000000005,-0.04249636961961941,1.9929474657132035e-5,0.004464244018546929,0.008796329214121846,0.04249636961961941,-0.0422447230163423
1940,0.6400000000000002,-0.042428980793163006,0.00011057720302529819,0.010515569553062648,0.010074703626500307,0.042428980793163006,-0.0422915582629238
1941,1.6000000000000005,-0.04252103183025556,1.8174355842624273e-5,0.0042631392004747245,0.0025177398669714193,0.04252103183025556,-0.04230155353318564
1942,4.000000000000001,-0.042392230261090805,6.908278773894852e-6,0.0026283604725940565,0.0015343199024471874,0.042392230261090805,-0.04229367386585646
1943,10.000000000000002,-0.04233840927127423,3.7984601272097915e-6,0.0019489638599034594,0.0027027078398052613,0.04233840927127423,-0.0422482601520926
1944,4.000000000000001,-0.04225434303488788,3.911439244252487e-6,0.001977735888396751,0.005092136529648849,0.04225434303488788,-0.04219515086449393
1945,1.6000000000000005,-0.042455491089862435,0.0009719540771688869,0.03117617803979325,0.009724544979391812,0.042455491089862435,-0.04390370454157597
1946,4.000000000000001,-0.04249598668671091,7.214896378159949e-5,0.008494054613763647,0.004123395189589036,0.04249598668671091,-0.04241640710392493
1947,10.000000000000002,-0.042363435254221884,1.3804140936427038e-5,0.0037153924337042835,0.014292983913415934,0.042363435254221884,-0.04224108907295758
1948,4.000000000000001,-0.04199115416541116,5.4066523743410526e-5,0.007352994202596009,0.006924577743582256,0.04199115416541116,-0.042421096582954405
1949,10.000000000000002,-0.0421003058135885,7.685939064983077e-6,0.0027723526227706095,0.01130482715307644,0.0421003058135885,-0.04225104635361154
1950,4.000000000000001,-0.04249037644924771,1.1055854248237718e-5,0.003325034473240498,0.008717855802059873,0.04249037644924771,-0.04219225311729439
1951,1.6000000000000005,-0.04290074457685722,1.267489154680043e-5,0.003560181392401296,0.006136814648840461,0.04290074457685722,-0.04214118278361144
1952,0.6400000000000002,-0.041199824108892696,0.0023472705732051286,0.04844863850723907,0.02064559772728961,0.041199824108892696,-0.0437041027019969
1953,1.6000000000000005,-0.04179543718595131,0.0003252688147470878,0.01803521041593604,0.004764215229596081,0.04179543718595131,-0.04275051330975028
1954,4.000000000000001,-0.04203672692669278,6.403341821257339e-5,0.00800208836570638,0.02030475033418669,0.04203672692669278,-0.04211635461202009
1955,1.6000000000000005,-0.04247123371875398,6.916962558648401e-5,0.008316827856008804,0.008875684880279615,0.04247123371875398,-0.04178697991323176
1956,4.000000000000001,-0.042334771026814176,8.131037595303906e-5,0.009017226622029584,0.007408780168040491,0.042334771026814176,-0.04247806692825029
1957,10.000000000000002,-0.042354287726106506,1.1060542793665137e-5,0.0033257394356240744,0.012864645147100324,0.042354287726106506,-0.04221378631078597
1958,4.000000000000001,-0.04238722121717157,7.327599522282926e-5,0.008560139906732206,0.004097617619395155,0.04238722121717157,-0.04252624623896316
1959,10.000000000000002,-0.04237075357685547,1.2759226614311867e-5,0.003572005965044273,0.011838614661605233,0.04237075357685547,-0.042209223768550755
1960,4.000000000000001,-0.042211778974456306,4.415985501953801e-5,0.006645288181827633,0.007089963408326484,0.042211778974456306,-0.04242401089398124
1961,10.000000000000002,-0.042165206485988184,1.1005540128545677e-5,0.003317459891022901,0.012371733957495681,0.042165206485988184,-0.04222764966160599
1962,4.000000000000001,-0.042396223644154046,5.835644809387593e-5,0.007639139224668964,0.006864785421954652,0.042396223644154046,-0.04245005420575379
1963,10.000000000000002,-0.042450865366265814,1.0029495636670328e-5,0.0031669378959288622,0.01452811970644452,0.042450865366265814,-0.04224633490209123
1964,4.000000000000001,-0.042206937924626355,4.1969094568203465e-5,0.006478355853779836,0.006127876510718223,0.042206937924626355,-0.04243895843807444
1965,10.000000000000002,-0.04223045248724206,4.760202221773788e-6,0.002181788766533962,0.0024100257108492468,0.04223045248724206,-0.04229138453660663
1966,25.000000000000004,-0.042240780583031476,2.201580559104477e-6,0.0014837724081221072,0.018865423619029452,0.042240780583031476,-0.0422322987387723
1967,10.000000000000002,-0.04238035333670744,9.269603672649584e-6,0.0030446023833416384,0.00837469076822229,0.04238035333670744,-0.04234109190722614
1968,4.000000000000001,-0.04252900282973733,1.2334628685742752e-5,0.0035120690035565574,0.0014430251792904483,0.04252900282973733,-0.04232036544311274
1969,10.000000000000002,-0.042392680624129084,2.811064054026764e-6,0.0016766228120918443,0.0034035963232467224,0.042392680624129084,-0.04227298174928987
1970,4.000000000000001,-0.042277750539686465,6.194026059039985e-6,0.0024887800342818537,0.0018818760387053475,0.042277750539686465,-0.04228239222332874
1971,10.000000000000002,-0.042305008901928946,2.1831796579102673e-6,0.0014775586817146274,0.0073423319449720985,0.042305008901928946,-0.04226081081107786
1972,4.000000000000001,-0.04238906077691744,8.85469815457884e-6,0.002975684485051942,0.008677645887954262,0.04238906077691744,-0.04229652704646807
1973,1.6000000000000005,-0.042352940016783754,1.4385030372404169e-5,0.0037927602577020564,0.0027890250337028683,0.042352940016783754,-0.04230647753495788
1974,4.000000000000001,-0.0423907344064255,2.5815213115071734e-6,0.0016067113342188052,0.0011268494596492736,0.0423907344064255,-0.0422874938922258
1975,10.000000000000002,-0.04230821008491539,1.6611185398390862e-6,0.0012888438772167426,0.0022289873214350214,0.04230821008491539,-0.04227178863088733
1976,4.000000000000001,-0.042148139832079434,1.7208859179216923e-6,0.0013118254144213293,0.0038502573005454537,0.042148139832079434,-0.042248690069903616
1977,1.6000000000000005,-0.04206661268644279,0.0001564134312813079,0.01250653554271957,0.0009447474878324843,0.04206661268644279,-0.04246714671279193
1978,4.000000000000001,-0.04223554563959655,9.931879900593464e-6,0.0031514885214122966,0.0019198524270389763,0.04223554563959655,-0.04233851952163007
1979,10.000000000000002,-0.042276019268193354,3.421631925426356e-6,0.001849765370371701,0.003471945726029857,0.042276019268193354,-0.04229389495498956
1980,4.000000000000001,-0.04246782083230781,3.586136806175502e-6,0.001893709799883684,0.004946325553126047,0.04246782083230781,-0.042246157565592614
1981,1.6000000000000005,-0.04301999957331697,0.0006338833520331173,0.02517704017618269,0.013496891578048972,0.04301999957331697,-0.043137743240315864
1982,4.000000000000001,-0.04275452937609666,0.00017656920289014914,0.013287934485470236,0.029023152901608607,0.04275452937609666,-0.041844247225273995
1983,1.6000000000000005,-0.04135937122164161,0.0009832228575844598,0.03135638463829113,0.004738677006392339,0.04135937122164161,-0.043867997093814455
1984,4.000000000000001,-0.04165156449856533,5.8043243094029444e-5,0.0076186116250947875,0.004004186824658238,0.04165156449856533,-0.04246706534708699
1985,10.000000000000002,-0.04218839744338386,5.2743523693129816e-5,0.007262473662129855,0.025021661235638752,0.04218839744338386,-0.04171823007409057
1986,4.000000000000001,-0.04217315623378304,0.000217679616939606,0.014753969531607621,0.020473298261863313,0.04217315623378304,-0.04298452253634983
1987,1.6000000000000005,-0.043201932496418495,0.00045498200487301973,0.02133030719124832,0.010011906544959153,0.043201932496418495,-0.043078156688929524
1988,4.000000000000001,-0.04276308478353387,0.00010245612184371345,0.01012206114601732,0.017504158673781314,0.04276308478353387,-0.04222560057054351
1989,1.6000000000000005,-0.04186069373107719,0.0005553805753344647,0.02356651385619996,0.008130630441918956,0.04186069373107719,-0.04311514892868322
1990,4.000000000000001,-0.04196446585290628,3.9294959276469864e-5,0.006268569157030164,0.001765498466101201,0.04196446585290628,-0.042409773672655575
1991,10.000000000000002,-0.042110610628095915,1.3295136401137434e-5,0.0036462496350548237,0.012276359592896845,0.042110610628095915,-0.04219264585473563
1992,4.000000000000001,-0.04257957766956649,1.6597066906046527e-5,0.004073949791792546,0.011962493784739231,0.04257957766956649,-0.0420367944565503
1993,1.6000000000000005,-0.04251082678588526,0.0005215741598243842,0.022837998157114913,0.003828882847695118,0.04251082678588526,-0.04307009776524074
1994,4.000000000000001,-0.04246957764275561,4.169813542601848e-5,0.006457409343228791,0.007272155437515009,0.04246957764275561,-0.042411459913312737
1995,10.000000000000002,-0.04235870980139343,8.252897742129923e-6,0.0028727857111399595,0.006774648588196073,0.04235870980139343,-0.04227964813171683
1996,4.000000000000001,-0.04211247384896901,1.3210993105779569e-5,0.00363469298645423,0.005806460457664145,0.04211247384896901,-0.04222300553417401
1997,1.6000000000000005,-0.04202149554821929,3.878552898011346e-5,0.006227802901514583,0.004963595199087355,0.04202149554821929,-0.042251268639046435
1998,4.000000000000001,-0.04221949277754611,8.355783293865934e-6,0.0028906371778322395,0.0020095804917470827,0.04221949277754611,-0.04221310124617437
1999,10.000000000000002,-0.04234195104658996,5.2656036422178276e-6,0.0022946903151008914,0.0030216690241706345,0.04234195104658996,-0.04215004483923677
2000,4.000000000000001,-0.04235537920487398,6.762290157022448e-5,0.008223314512422863,0.00444240316495886,0.04235537920487398,-0.04260580802747066
2001,10.000000000000002,-0.04227074879674291,2.7752287949999793e-5,0.005268044034553982,0.018498135646575143,0.04227074879674291,-0.042125373156384
2002,4.000000000000001,-0.04212942762633143,0.00011131859622745733,0.01055076282680344,0.004076859190269678,0.04212942762633143,-0.04272807486816012
2003,10.000000000000002,-0.04208743109626564,1.9402975581964824e-5,0.004404880881699848,0.02243125156403104,0.04208743109626564,-0.04219160560090481
2004,4.000000000000001,-0.04241760351375167,8.494737418750447e-5,0.00921668998000391,0.004710684995700743,0.04241760351375167,-0.042564930309977066
2005,10.000000000000002,-0.042402041250094134,8.268613826978276e-6,0.0028755197490155193,0.012103971629121465,0.042402041250094134,-0.042287254930564
2006,4.000000000000001,-0.042243197748772006,1.2277463247733279e-5,0.003503921124644971,0.011273178691104786,0.042243197748772006,-0.04222349347718705
2007,1.6000000000000005,-0.04267488882823392,0.00045044766517190327,0.021223752381987104,0.00252386801963009,0.04267488882823392,-0.04297630992582042
2008,4.000000000000001,-0.04237637556531946,5.56613591196369e-5,0.007460654067817171,0.01076439597935936,0.04237637556531946,-0.04227177894996968
2009,1.6000000000000005,-0.04240176520060379,6.229234452549054e-5,0.007892549938105588,0.010383965020874237,0.04240176520060379,-0.042001365904463926
2010,0.6400000000000002,-0.04257421631826227,0.0007200730474945741,0.026834176855170613,0.0164601133405099,0.04257421631826227,-0.04240849296914785
2011,1.6000000000000005,-0.04247900525663933,0.00010081607845662189,0.010040721012786975,0.005590130974162183,0.04247900525663933,-0.04234187151535763
2012,4.000000000000001,-0.042342315971457746,5.4651903586544044e-5,0.007392692580281155,0.005089521781722726,0.042342315971457746,-0.04249683398745208
2013,10.000000000000002,-0.04226242706706153,7.326994916928159e-6,0.002706842240864465,0.0024913370464497583,0.04226242706706153,-0.042310156100464444
2014,25.000000000000004,-0.04223777796553478,4.139830453586842e-6,0.00203465733075298,0.02604134753538143,0.04223777796553478,-0.04217110622521718
2015,10.000000000000002,-0.04219320511440056,1.4041094105474159e-5,0.003747144793769539,0.01809691876274299,0.04219320511440056,-0.042278969411012904
2016,4.000000000000001,-0.04231929783837337,0.00010127204099839319,0.010063401065166446,0.012286828837348081,0.04231929783837337,-0.04268157262937816
2017,10.000000000000002,-0.042431949383528005,2.2243014436047217e-5,0.004716250039602144,0.01869742025256898,0.042431949383528005,-0.042192594749529806
2018,4.000000000000001,-0.04228630822067666,7.481653275806496e-5,0.008649655065843085,0.007083816721614581,0.04228630822067666,-0.04259062631629666
2019,10.000000000000002,-0.04229254192032472,1.0398662593976367e-5,0.003224695736651191,0.009786088866188017,0.04229254192032472,-0.042297564334616684
2020,4.000000000000001,-0.04211648478970616,1.8832658866191967e-5,0.004339661146471227,0.008870306436217097,0.04211648478970616,-0.04225430744768895
2021,1.6000000000000005,-0.042116041000425146,3.184881924302197e-5,0.005643475812212007,0.010456411761467254,0.042116041000425146,-0.042264201037432794
2022,0.6400000000000002,-0.042131980108420966,5.871267194679279e-5,0.007662419457768727,0.006408498075421711,0.042131980108420966,-0.0422608873216969
2023,1.6000000000000005,-0.04276535629630955,0.0003812823017952892,0.01952645133646381,0.003564290632887901,0.04276535629630955,-0.04287087585115358
2024,4.000000000000001,-0.042423580199420816,5.647900981380073e-5,0.007515251813066594,0.014280844953715292,0.042423580199420816,-0.04221897881280645
2025,1.6000000000000005,-0.04235685611544863,0.00024202388005111858,0.015557116701083095,0.007818184325818586,0.04235685611544863,-0.04259505852188288
2026,4.000000000000001,-0.04222264988409343,3.7236933529245795e-5,0.0061022072669851025,0.007780467095960847,0.04222264988409343,-0.042326995700074845
2027,1.6000000000000005,-0.042117105181202666,6.221410479665933e-5,0.00788759182492726,0.008980001282533198,0.042117105181202666,-0.04230939399586598
2028,4.000000000000001,-0.042265637056209907,1.3687417545626282e-5,0.0036996510032199365,0.0077124811137628205,0.042265637056209907,-0.042257459943538044
2029,1.6000000000000005,-0.042255186654200805,3.359267755082587e-5,0.005795919042811577,0.006982955958648212,0.042255186654200805,-0.04230073333615053
2030,4.000000000000001,-0.042226098510279295,9.489834227590704e-6,0.0030805574540317703,0.00136322811288709,0.042226098510279295,-0.04223946754215594
2031,10.000000000000002,-0.04224183726672418,6.701494280739309e-6,0.002588724450523715,0.002968506533324212,0.04224183726672418,-0.042158619365612056
2032,25.000000000000004,-0.04227792588932855,4.331090730188817e-6,0.002081127273904414,0.01211454020556522,0.04227792588932855,-0.042074141451395104
2033,10.000000000000002,-0.04227883812932601,3.129197923987534e-5,0.005593923420987754,0.0048166523825155854,0.04227883812932601,-0.04242823106259646
2034,25.000000000000004,-0.0422745246599856,4.976566422059487e-6,0.002230821916258554,0.01449549118361501,0.0422745246599856,-0.042216385519300875
2035,10.000000000000002,-0.04230254518517487,7.617851415987646e-6,0.0027600455459987697,0.017392468734907744,0.04230254518517487,-0.04212272110585862
2036,4.000000000000001,-0.04257772472078147,0.0002949509459472689,0.017174135959263537,0.006939108540588862,0.04257772472078147,-0.04346225077043989
2037,10.000000000000002,-0.04256788271198303,1.7665254520407247e-5,0.004203005415224592,0.01928196380176907,0.04256788271198303,-0.042397656764062264
2038,4.000000000000001,-0.041996453183815806,2.019809075169529e-5,0.004494228604743565,0.009537176621722461,0.041996453183815806,-0.04219660330647024
2039,1.6000000000000005,-0.0414504001227156,0.0006583401021432115,0.025658139101330236,0.015064477086392136,0.0414504001227156,-0.043374900752109063
2040,4.000000000000001,-0.04197067398701532,7.402436370622445e-5,0.008603741262161738,0.004396844758309943,0.04197067398701532,-0.04250781121931712
2041,10.000000000000002,-0.042284482682019814,3.7913305622813835e-5,0.0061573781451859716,0.022245850608946315,0.042284482682019814,-0.04189268098165535
2042,4.000000000000001,-0.04275909946483751,0.00016269249907062064,0.01275509698397549,0.006999800268856162,0.04275909946483751,-0.04297287574670714
2043,10.000000000000002,-0.042436530016665835,2.6672683810305497e-5,0.005164560369509247,0.0221171732321186,0.042436530016665835,-0.04220688098538741
2044,4.000000000000001,-0.04218250659585865,8.049548210282742e-5,0.008971927446364433,0.005522786625832546,0.04218250659585865,-0.04258683482138435
2045,10.000000000000002,-0.04211203905206145,1.0930360935931776e-5,0.0033061096376151497,0.01345293061057227,0.04211203905206145,-0.04226324004642735
2046,4.000000000000001,-0.042035144951126195,1.287674376031147e-5,0.0035884180024505882,0.008724215057966786,0.042035144951126195,-0.04213196389777525
2047,1.6000000000000005,-0.04265522180806464,0.00047481322055652404,0.021790209282072627,0.009564773458545237,0.04265522180806464,-0.04301738411038794
2048,4.000000000000001,-0.04235261517403536,4.970781755510287e-5,0.007050377121481011,0.005665948053918159,0.04235261517403536,-0.042388012770928886
2049,10.000000000000002,-0.04227738825619937,1.0158364001201071e-5,0.0031872188505342822,0.006484096410628425,0.04227738825619937,-0.04228602743728544
2050,4.000000000000001,-0.042317695794056136,1.2020792308061072e-5,0.00346710142742624,0.014482605985322894,0.042317695794056136,-0.04216529239290549
2051,1.6000000000000005,-0.04209416949626238,0.00027321763907301095,0.016529296387717506,0.00895367900250671,0.04209416949626238,-0.04262800742217053
2052,4.000000000000001,-0.04221625684811716,3.612494001328937e-5,0.006010402649847127,0.007771449868785199,0.04221625684811716,-0.04235608530233499
2053,1.6000000000000005,-0.04214372265071007,6.163658006453077e-5,0.007850896768174371,0.01853235619192156,0.04214372265071007,-0.042287156736641976
2054,0.6400000000000002,-0.042998372738765944,0.0010616063185213708,0.032582300694109535,0.00809679265287492,0.042998372738765944,-0.042911672648102514
2055,1.6000000000000005,-0.042858426995968625,0.00012285030309683244,0.011083785594138513,0.006768865051851592,0.042858426995968625,-0.04234148271910718
2056,4.000000000000001,-0.04226330423319315,3.5102093393660715e-5,0.005924701966652898,0.020674443687464548,0.04226330423319315,-0.042233936608168265
2057,1.6000000000000005,-0.04223754793123698,9.419678719528621e-5,0.009705502933660173,0.009651246863215014,0.04223754793123698,-0.04237716811673221
2058,4.000000000000001,-0.0421318305029246,1.4557861364923517e-5,0.003815476558036167,0.004867503844261439,0.0421318305029246,-0.04231254854217881
2059,1.6000000000000005,-0.042466427842603176,1.6158930447571638e-5,0.004019817215691733,0.0014479178684484895,0.042466427842603176,-0.042252032252635324
2060,4.000000000000001,-0.04241033912454551,1.0532301085953377e-5,0.0032453506876689575,0.004563696614207874,0.04241033912454551,-0.04224115234597987
2061,1.6000000000000005,-0.04233325428267668,1.0530137820496317e-5,0.0032450173836970917,0.0012568913946208859,0.04233325428267668,-0.042183161039277585
2062,4.000000000000001,-0.04233962649941522,1.0327472497298186e-5,0.0032136385137874774,0.0018940837780440113,0.04233962649941522,-0.042125076283950305
2063,10.000000000000002,-0.04221807769603834,8.440196849029956e-6,0.002905201688184481,0.0035132211655199085,0.04221807769603834,-0.04210869607696032
2064,25.000000000000004,-0.0422941185031948,5.404522971366409e-6,0.002324762992514809,0.006843057198395922,0.0422941185031948,-0.04193425377193828
2065,10.000000000000002,-0.042139618188787274,4.777098383305979e-5,0.006911655650642601,0.009757593834764886,0.042139618188787274,-0.04265040487139092
2066,4.000000000000001,-0.04244329154704435,0.00015578811264136506,0.012481510831680797,0.006326273866480602,0.04244329154704435,-0.04298853712732152
2067,10.000000000000002,-0.04238711828138097,2.0508214863592295e-5,0.0045285996581274765,0.007195607051523431,0.04238711828138097,-0.042480118864475586
2068,4.000000000000001,-0.04227774551664758,2.061459665861145e-5,0.004540330016486847,0.009897487796245179,0.04227774551664758,-0.042300823839794284
2069,1.6000000000000005,-0.04216954655512995,2.2164860706373313e-5,0.004707957169131142,0.00964337807771374,0.04216954655512995,-0.04219275932453021
2070,0.6400000000000002,-0.04158888934991866,0.002983391815268652,0.0546204340450408,0.007684335936162073,0.04158888934991866,-0.044628916985725325
2071,1.6000000000000005,-0.041974248153824556,0.00034302463944399454,0.018520924367968098,0.002800821451899178,0.041974248153824556,-0.042904028807695595
2072,4.000000000000001,-0.042180816470958386,5.362795866191417e-5,0.007323111269256679,0.012237524605388175,0.042180816470958386,-0.04229049345574202
2073,1.6000000000000005,-0.042687389426838085,0.00010652707311673584,0.010321195333716723,0.010197970942615169,0.042687389426838085,-0.04238396536092869
2074,4.000000000000001,-0.04235551866251178,3.4683203320013576e-5,0.00588924471558226,0.02161323012250176,0.04235551866251178,-0.042155548973418625
2075,1.6000000000000005,-0.042346350545804275,0.0003025774224033075,0.017394752726132886,0.004934172802863592,0.042346350545804275,-0.042609219861031195
2076,4.000000000000001,-0.04225368981267289,4.070026331475945e-5,0.006379675800129616,0.012477663789482903,0.04225368981267289,-0.04225163036668816
2077,1.6000000000000005,-0.04199697575494511,0.00015093166568463665,0.012285424928940662,0.0017771972731189566,0.04199697575494511,-0.0424365386490186
2078,4.000000000000001,-0.04219046487391539,1.878824507581174e-5,0.004334540930226838,0.00286780598134121,0.04219046487391539,-0.0422918743686201
2079,10.000000000000002,-0.042253935612844684,7.818941966393585e-6,0.00279623710840007,0.0024010696115226316,0.042253935612844684,-0.04218545018024262
2080,25.000000000000004,-0.042265527821804684,7.0372536211501855e-6,0.002652782241562655,0.016706440099464395,0.042265527821804684,-0.04194671447750874
2081,10.000000000000002,-0.04224142928778102,3.557365163108286e-5,0.005964365149039993,0.003919384398692728,0.04224142928778102,-0.04246044439860569
2082,25.000000000000004,-0.04232843897832208,1.638998330208756e-5,0.004048454433742284,0.04208428377369782,0.04232843897832208,-0.04178272945646248
2083,10.000000000000002,-0.0422214468990201,9.652156856466088e-5,0.00982453910189485,0.007347433736617218,0.0422214468990201,-0.0430653032185929
2084,25.000000000000004,-0.04216626456250959,1.0934226812074751e-5,0.003306694242302235,0.013689160695847457,0.04216626456250959,-0.04212131160562179
2085,10.000000000000002,-0.04223033600786166,1.65409652841803e-5,0.004067058554309281,0.03229489700008275,0.04223033600786166,-0.041946204998637805
2086,4.000000000000001,-0.042560798880438865,0.0005483499967303285,0.02341687418786565,0.0126706726643974,0.042560798880438865,-0.04434216389108143
2087,10.000000000000002,-0.042388293863989804,4.2709259915374095e-5,0.006535232200570542,0.010472685918636745,0.042388293863989804,-0.04242969174356061
2088,4.000000000000001,-0.04205690399615214,4.2711082241389613e-5,0.006535371622286648,0.018720366404626317,0.04205690399615214,-0.04194766659714806
2089,1.6000000000000005,-0.04213202799591248,5.973511316466092e-5,0.007728849407554848,0.011287102064247998,0.04213202799591248,-0.041784299385136704
2090,0.6400000000000002,-0.041038953365982796,0.005444570493495086,0.07378733287966903,0.011069503618320008,0.041038953365982796,-0.04779052060245781
2091,1.6000000000000005,-0.042864159639896454,0.0009081630447873386,0.0301357436408551,0.01070666264701764,0.042864159639896454,-0.043599930637683026
2092,4.000000000000001,-0.04259471754149125,0.00018173465029743625,0.013480899461736084,0.008621767103798226,0.04259471754149125,-0.042195650938257764
2093,10.000000000000002,-0.04234279607887254,7.036656328396779e-5,0.008388478007598744,0.03324965244865809,0.04234279607887254,-0.04142620308554699
2094,4.000000000000001,-0.04152973081191301,0.0003193517745850627,0.01787041618387951,0.02356241371968582,0.04152973081191301,-0.04311573708455014
2095,1.6000000000000005,-0.04153523753817413,0.001006218375262323,0.031720945371510025,0.009902329891293185,0.04153523753817413,-0.043783419722107565
2096,4.000000000000001,-0.04190245043834686,9.079842216269158e-5,0.009528820607120882,0.004245435152632637,0.04190245043834686,-0.042524750236370874
2097,10.000000000000002,-0.042130001148352705,4.600619633095211e-5,0.006782786767321534,0.014970588519723686,0.042130001148352705,-0.04173732856383007
2098,4.000000000000001,-0.042493458536664884,0.00018386112806072582,0.013559540112434708,0.007050287577336219,0.042493458536664884,-0.04299105926665039
2099,10.000000000000002,-0.042413028031253984,5.436930599226699e-5,0.007373554501884894,0.04186214490000344,0.042413028031253984,-0.041755112889349966
2100,4.000000000000001,-0.04208958675363751,0.00025959512911532504,0.01611195609214862,0.012155210334756692,0.04208958675363751,-0.043152476436081465
2101,10.000000000000002,-0.04184781683645502,7.075207777123722e-5,0.008411425430403411,0.048614932851374304,0.04184781683645502,-0.04156935880177165
2102,4.000000000000001,-0.042034359932649916,0.00027365737610826943,0.016542592786751097,0.025551277383484925,0.042034359932649916,-0.04318020818806337
2103,1.6000000000000005,-0.04262551407522785,0.0005202430146778337,0.022808836328884332,0.025018722580640636,0.04262551407522785,-0.04304426571827509
2104,4.000000000000001,-0.04311961751850366,0.00014208077279622463,0.011919763957236092,0.030502226724524583,0.04311961751850366,-0.042047475021591924
2105,1.6000000000000005,-0.041976859594386455,0.0009615923513836623,0.031009552582771365,0.007283827245506282,0.041976859594386455,-0.043661604304674126
2106,4.000000000000001,-0.04179166868912402,6.58254609280369e-5,0.008113289155948831,0.004948252531136439,0.04179166868912402,-0.04244452105623411
2107,10.000000000000002,-0.04207396549458701,2.0864458909349525e-5,0.004567763009324096,0.015822546603599552,0.04207396549458701,-0.04205835460021568
2108,4.000000000000001,-0.04249618554976635,9.3403239344954e-5,0.009664535133411953,0.018971843867264002,0.04249618554976635,-0.04248599893213067
2109,1.6000000000000005,-0.0426208703599054,0.0004465368136475806,0.021131417691380307,0.013140832128069197,0.0426208703599054,-0.04308582337998133
2110,4.000000000000001,-0.04249440276267463,6.020989614545109e-5,0.007759503601742259,0.008458842839472807,0.04249440276267463,-0.0423082010052054
2111,10.000000000000002,-0.04222908460322975,1.4745547599177354e-5,0.0038399931769701563,0.005971264203418752,0.04222908460322975,-0.04223076916048012
2112,4.000000000000001,-0.042025650941477755,1.5681853349561882e-5,0.0039600319884518466,0.0020732610407266537,0.042025650941477755,-0.04205970941265077
2113,10.000000000000002,-0.042117510331664526,1.2301817405155074e-5,0.003507394674848423,0.02578548343266457,0.042117510331664526,-0.042053505654668824
2114,4.000000000000001,-0.042284264093349656,3.3983412666739806e-5,0.005829529369232117,0.0116507313877843,0.042284264093349656,-0.04214369923111739
2115,1.6000000000000005,-0.04301549992344798,0.0010535241441056893,0.032458036664371574,0.006662574091904142,0.04301549992344798,-0.04395487670143497
2116,4.000000000000001,-0.04277631530543942,8.784978461652847e-5,0.009372821593123836,0.0050720246760138305,0.04277631530543942,-0.04257002907075379
2117,10.000000000000002,-0.042738742768332935,5.136226726832734e-5,0.007166747328344103,0.04882670470770802,0.042738742768332935,-0.041746964085426774
2118,4.000000000000001,-0.04180450710466833,0.000226265705879726,0.015042131028538675,0.011306579463731018,0.04180450710466833,-0.043038260406056045
2119,10.000000000000002,-0.041654077696710944,5.6432494843260956e-5,0.0075121564708984165,0.030285210953771364,0.041654077696710944,-0.04174116954377384
2120,4.000000000000001,-0.042206003120304286,0.00028215784804673456,0.016797554823447802,0.010835689159640288,0.042206003120304286,-0.04329445882487389
2121,10.000000000000002,-0.04239859643798732,3.194573427067404e-5,0.005652055756154043,0.01817452617395509,0.04239859643798732,-0.042151633780229396
2122,4.000000000000001,-0.04242793684962245,3.9081910026655324e-5,0.0062515526092847785,0.010859333624962435,0.04242793684962245,-0.04182966640731574
2123,1.6000000000000005,-0.04201850360737242,0.0013333567553165957,0.036515157884316966,0.0037388022284302,0.04201850360737242,-0.04447509138025358
2124,4.000000000000001,-0.0423128403672365,9.674469840056875e-5,0.00983588828731644,0.007367119116333257,0.0423128403672365,-0.042416456590183574
2125,10.000000000000002,-0.04254420672834164,5.9435161859914885e-5,0.00770942033228925,0.034316288987293095,0.04254420672834164,-0.04148681991499401
2126,4.000000000000001,-0.04191847162973393,0.0003231929059567463,0.017977566741824276,0.013997422389249024,0.04191847162973393,-0.04366235737934765
2127,10.000000000000002,-0.04188823653838887,2.4011808736649763e-5,0.004900184561488451,0.0038768267807059264,0.04188823653838887,-0.04231156748917779
2128,25.000000000000004,-0.04215517776567475,1.1877705503115789e-5,0.003446404721316954,0.02224936473733855,0.04215517776567475,-0.041878806220426286
2129,10.000000000000002,-0.04225734892589021,5.632382773619992e-5,0.007504920235165722,0.012810134762045441,0.04225734892589021,-0.04269185748492962
2130,4.000000000000001,-0.042350499240088046,0.000223566280667356,0.014952132980526759,0.004082876389710836,0.042350499240088046,-0.04325415097732157
2131,10.000000000000002,-0.042353484300483225,2.4446950395157622e-5,0.004944385744979615,0.007208463441584831,0.042353484300483225,-0.04228147455736541
2132,4.000000000000001,-0.042480365441176365,8.49833627425628e-5,0.009218642131168929,0.011425452489180053,0.042480365441176365,-0.04254415308583576
2133,10.000000000000002,-0.042398830583131215,1.4350090639376189e-5,0.003788151348530862,0.01398341204711075,0.042398830583131215,-0.04228370604709549
2134,4.000000000000001,-0.04204394579444293,1.698237032592331e-5,0.004120967159044501,0.00262606783415056,0.04204394579444293,-0.04214831832561571
2135,10.000000000000002,-0.042184421152855804,9.5977532269869e-6,0.0030980240843135644,0.009915790705779349,0.042184421152855804,-0.0420244834091108
2136,4.000000000000001,-0.042367243250539297,0.0001497851828560489,0.012238675698622335,0.004259540458563421,0.042367243250539297,-0.04295579952166614
2137,10.000000000000002,-0.042283090205381416,1.4925350598375698e-5,0.0038633341297868214,0.013686679671272786,0.042283090205381416,-0.04230928851607815
2138,4.000000000000001,-0.042290689996604625,1.6215690505924943e-5,0.004026871056530733,0.0016632290005725477,0.042290689996604625,-0.04212355733313083
2139,10.000000000000002,-0.04236578620650852,1.2902976118895483e-5,0.0035920712853304403,0.0026611061715815254,0.04236578620650852,-0.041986026078967675
2140,25.000000000000004,-0.04227727506609587,8.080346632500339e-6,0.0028425950525005034,0.021705458375822703,0.04227727506609587,-0.0419210907368607
2141,10.000000000000002,-0.04220915861250856,1.7243644438430826e-5,0.004152546741269847,0.05246100242903119,0.04220915861250856,-0.04190135539271606
2142,4.000000000000001,-0.04204038831057781,0.0005502452622362232,0.02345730722474818,0.007058645761108172,0.04204038831057781,-0.04466829238162007
2143,10.000000000000002,-0.04224117571373038,4.094262267456614e-5,0.006398642252428724,0.012179128378559858,0.04224117571373038,-0.04244624278154384
2144,4.000000000000001,-0.042128675228572006,7.404823917447537e-5,0.008605128655312213,0.016030293151197306,0.042128675228572006,-0.042435837386972285
2145,1.6000000000000005,-0.04234055248017817,0.0003777460954224139,0.019435691277194488,0.008575075990350057,0.04234055248017817,-0.0428370642439697
2146,4.000000000000001,-0.04223014995819237,4.6445631171991015e-5,0.006815103166643262,0.0067569678217131186,0.04223014995819237,-0.04245711473598273
2147,10.000000000000002,-0.0422114198318697,1.4164410727337875e-5,0.0037635635675962583,0.01261602098365179,0.0422114198318697,-0.042233088842749865
2148,4.000000000000001,-0.042278414403830525,6.097834535128248e-5,0.007808863256024047,0.006575124567023777,0.042278414403830525,-0.04253538623590288
2149,10.000000000000002,-0.04232272869775359,9.580536560027833e-6,0.0030952441842329393,0.001957448358099907,0.04232272869775359,-0.04226615486067098
2150,25.000000000000004,-0.04234248372969892,4.353858468348977e-6,0.0020865901534199227,0.018052855045461575,0.04234248372969892,-0.042160708419166415
2151,10.000000000000002,-0.04222309756774931,8.68249567895809e-6,0.0029466074864084105,0.014388054521459375,0.04222309756774931,-0.04212942150651485
2152,4.000000000000001,-0.04212779824808346,0.00014978247604359565,0.012238565113753968,0.01086259821504385,0.04212779824808346,-0.04281773278289795
2153,10.000000000000002,-0.042172728876931534,2.5900347323296344e-5,0.0050892383834220565,0.015313084013587079,0.042172728876931534,-0.04225222760346509
2154,4.000000000000001,-0.04218605955511745,2.970651391360396e-5,0.005450368236514297,0.00178968888141363,0.04218605955511745,-0.04198081453056962
2155,10.000000000000002,-0.042302052868579666,2.8627227704036313e-5,0.005350441823255002,0.006612467636717247,0.042302052868579666,-0.04244316989815331
2156,25.000000000000004,-0.04226657842784508,4.065638254392241e-6,0.0020163427918863997,0.020567701588517028,0.04226657842784508,-0.04220429922126371
2157,10.000000000000002,-0.042099230300350086,5.54340540652559e-6,0.0023544437573502558,0.025188946898100733,0.042099230300350086,-0.04210743351744878
2158,4.000000000000001,-0.042780159716578135,0.0002626557386479108,0.01620665723238172,0.00751199184614453,0.042780159716578135,-0.043273324881299445
2159,10.000000000000002,-0.0425049193062785,3.010818714835161e-5,0.005487092777450697,0.00814470632812386,0.0425049193062785,-0.04231816545694047
2160,4.000000000000001,-0.04210482737639459,3.584034026922233e-5,0.005986680237763023,0.014999917220555823,0.04210482737639459,-0.04202434291015602
2161,1.6000000000000005,-0.04192232952333324,0.0008046891752373671,0.02836704382267153,0.015519853830462456,0.04192232952333324,-0.04347424339158504
2162,4.000000000000001,-0.042009818443937745,6.51576564913495e-5,0.008072029267250553,0.0038923124903256457,0.042009818443937745,-0.042459557094884935
2163,10.000000000000002,-0.042080423353397636,2.8488047529633372e-5,0.005337419557204902,0.021959637845493377,0.042080423353397636,-0.04197259144104103
2164,4.000000000000001,-0.04241834213538578,8.656244028019834e-5,0.009303893823566473,0.014972693600120424,0.04241834213538578,-0.04234022920131673
2165,1.6000000000000005,-0.04320902670778696,0.0005220443491267465,0.02284828985125028,0.009435474894493123,0.04320902670778696,-0.043240667362897105
2166,4.000000000000001,-0.04280393241632388,6.948419768768057e-5,0.008335718186675972,0.004577119957181545,0.04280393241632388,-0.04252510070162698
2167,10.000000000000002,-0.042380509735922604,1.5044503173165969e-5,0.0038787244260408563,0.008430756644533034,0.042380509735922604,-0.04224688133699727
2168,4.000000000000001,-0.041896826446246836,1.6394759390996438e-5,0.00404904425648775,0.0041205729814845545,0.041896826446246836,-0.04205766435026048
2169,10.000000000000002,-0.042071754592754584,1.3788836855288585e-5,0.0037133323114540377,0.004228584857122529,0.042071754592754584,-0.041870309496393546
2170,25.000000000000004,-0.04219845067278594,9.266386925276608e-6,0.003044074066982702,0.025136336541614703,0.04219845067278594,-0.04199158663235565
2171,10.000000000000002,-0.042255440722804655,2.7698609733381675e-5,0.005262946867809106,0.0239103158996331,0.042255440722804655,-0.042225615738698936
2172,4.000000000000001,-0.04266166135561749,0.0003201108942997873,0.017891643141416256,0.005921400145301986,0.04266166135561749,-0.043925206874334974
2173,10.000000000000002,-0.042287826446880755,5.384206339432107e-5,0.007337715134448943,0.01859546418591918,0.042287826446880755,-0.04235979868574092
2174,4.000000000000001,-0.041457292966344414,6.827952225951953e-5,0.008263142396178317,0.02157492067126302,0.041457292966344414,-0.04188830458933789
2175,1.6000000000000005,-0.04352472979135469,0.0011219371883678644,0.033495330844281336,0.007075847308932521,0.04352472979135469,-0.044164019963757496
2176,4.000000000000001,-0.04302914816784423,0.00011360454481582722,0.010658543278320318,0.006416838909077202,0.04302914816784423,-0.04260921063831845
2177,10.000000000000002,-0.04245243924540299,3.168819845843715e-5,0.005629227163513403,0.016088041339104204,0.04245243924540299,-0.04208563393991181
2178,4.000000000000001,-0.041830476774593756,6.882820908327147e-5,0.008296276820554596,0.029230711230597426,0.041830476774593756,-0.04216244004081973
2179,1.6000000000000005,-0.041479934199451625,0.0005759308206647492,0.02399855872057214,0.009299602195471107,0.041479934199451625,-0.043284930612106406
2180,4.000000000000001,-0.041627746075246594,7.334564812273313e-5,0.00856420738438375,0.0024659408290544356,0.041627746075246594,-0.04237885934282213
2181,10.000000000000002,-0.041968743067724995,2.2766471720337588e-5,0.004771422400116928,0.02168862405291274,0.041968743067724995,-0.042154845369395476
2182,4.000000000000001,-0.0427958802525287,7.954412798642029e-5,0.00891875148136892,0.00900914420037924,0.0427958802525287,-0.04251585535805278
2183,10.000000000000002,-0.04259344130157988,1.1541591017153342e-5,0.0033972917179944002,0.0046291034509549165,0.04259344130157988,-0.0422612810693376
2184,4.000000000000001,-0.04218343300910038,1.23734503313662e-5,0.0035175915526630148,0.0035963392194149936,0.04218343300910038,-0.042137388663070964
2185,10.000000000000002,-0.04223442449051029,9.188740677852114e-6,0.0030312935651058467,0.0029494224428588275,0.04223442449051029,-0.04201749756287383
2186,25.000000000000004,-0.04230344520807034,9.187858010916282e-6,0.003031147969155627,0.018047263150606407,0.04230344520807034,-0.04169610478734401
2187,10.000000000000002,-0.042171494031150135,6.167500863255063e-5,0.007853343786728723,0.032584179562814654,0.042171494031150135,-0.04245391878025675
2188,4.000000000000001,-0.04223491200469217,0.00039338547346640313,0.019833947500848215,0.021806668131210807,0.04223491200469217,-0.04411445799586984
2189,10.000000000000002,-0.042104534507631776,6.606037649341776e-5,0.008127753471496153,0.019422491318900628,0.042104534507631776,-0.04236885537844455
2190,4.000000000000001,-0.04210527919855057,0.0002148671654854871,0.014658347979410473,0.004310984489585906,0.04210527919855057,-0.04310177325124282
2191,10.000000000000002,-0.0422406970298015,2.4468760455560353e-5,0.004946590791197545,0.016807934886823327,0.0422406970298015,-0.04230066300301817
2192,4.000000000000001,-0.04230494010843405,0.0001161573932676529,0.01077763393642839,0.011996267234442139,0.04230494010843405,-0.0427054922192692
2193,10.000000000000002,-0.04234347885809726,1.703479843557957e-5,0.004127323398472619,0.0028307087571444265,0.04234347885809726,-0.042277929446450875
2194,25.000000000000004,-0.04225027122034034,7.5429746274512e-6,0.0027464476378498827,0.022167038093726374,0.04225027122034034,-0.042071272834558374
2195,10.000000000000002,-0.042305166915683694,3.5595291320842484e-5,0.005966178954812073,0.012092510924291441,0.042305166915683694,-0.04252620516174355
2196,4.000000000000001,-0.041933700935360724,3.978229802958473e-5,0.006307320986725246,0.021855126991996175,0.041933700935360724,-0.04226393039710911
2197,1.6000000000000005,-0.0433196187265687,0.000611922472411228,0.024737066770561703,0.012984656829167997,0.0433196187265687,-0.043229093437104175
2198,4.000000000000001,-0.042863628248735824,8.026138615681225e-5,0.008958871924344731,0.01569265199014025,0.042863628248735824,-0.04257202744387542
2199,1.6000000000000005,-0.04180009803801045,0.00011328132329750428,0.010643369922045568,0.007266586733743982,0.04180009803801045,-0.04243171799408494
2200,4.000000000000001,-0.041826778088376856,3.516422685554937e-5,0.005929943242186165,0.007572548619281488,0.041826778088376856,-0.04232760149298548
2201,1.6000000000000005,-0.04224983848975949,3.8023726003634955e-5,0.006166338135687578,0.0018007941370040096,0.04224983848975949,-0.04218648555395722
2202,4.000000000000001,-0.04216804682104362,2.5017509643673164e-5,0.005001750657887012,0.001630570930707625,0.04216804682104362,-0.04206567338742005
2203,10.000000000000002,-0.042283206157999575,1.7983785788496927e-5,0.0042407293934530795,0.010847536275204801,0.042283206157999575,-0.042255928000394086
2204,4.000000000000001,-0.04231306652843052,4.62560225758862e-5,0.0068011780285393356,0.017981063428905535,0.04231306652843052,-0.04236870097973694
2205,1.6000000000000005,-0.042452010197425706,0.0003117950197493364,0.017657718418565192,0.002502301020443236,0.042452010197425706,-0.04290298193976088
2206,4.000000000000001,-0.04252780814877991,6.48945904243419e-5,0.00805571787144646,0.007565798602457099,0.04252780814877991,-0.04226807590954923
2207,10.000000000000002,-0.04233464729245841,1.3903772013136597e-5,0.0037287762085081743,0.008968936540879578,0.04233464729245841,-0.04225241761558651
2208,4.000000000000001,-0.04195283044937965,1.4441068889848185e-5,0.0038001406407984673,0.0036789361816767555,0.04195283044937965,-0.04210294310026701
2209,10.000000000000002,-0.04205761434065117,1.0958461864905031e-5,0.0033103567579499693,0.0036188528207584955,0.04205761434065117,-0.04195979402641066
2210,25.000000000000004,-0.04216039390625021,8.810872521219379e-6,0.0029683113922261218,0.028172345394809943,0.04216039390625021,-0.0417290876948553
2211,10.000000000000002,-0.04262580777307283,8.496216791920251e-5,0.009217492496292173,0.02751222596923504,0.04262580777307283,-0.0426424830355046
2212,4.000000000000001,-0.042365386180588896,0.000473068812217836,0.021750145107971946,0.008286207597196941,0.042365386180588896,-0.04431498426859663
2213,10.000000000000002,-0.0422833167877601,3.914372551800307e-5,0.006256494666984307,0.009496020979986846,0.0422833167877601,-0.04247552281577975
2214,4.000000000000001,-0.042146493016392984,6.577148448736199e-5,0.008109962052153018,0.011558116824935826,0.042146493016392984,-0.042434743652219165
2215,1.6000000000000005,-0.04224264321524727,0.00014227583501077567,0.011927943452698611,0.008581425264305094,0.04224264321524727,-0.04246567685306471
2216,4.000000000000001,-0.0422108088843971,2.3941107589006734e-5,0.004892965112179601,0.009814900069352388,0.0422108088843971,-0.042355215266394186
2217,1.6000000000000005,-0.04230999050908535,3.191729976386228e-5,0.005649539783368401,0.0014011234687052695,0.04230999050908535,-0.04227352099868264
2218,4.000000000000001,-0.04206446045015473,2.0003963094179085e-5,0.004472579020451074,0.0030400307542810395,0.04206446045015473,-0.04216872422230451
2219,10.000000000000002,-0.04213153839993518,1.1114238546159485e-5,0.003333802415584866,0.002239323348508002,0.04213153839993518,-0.042240543214888425
2220,25.000000000000004,-0.04224596196589545,4.414945460089544e-6,0.0021011771605672722,0.006841936710572525,0.04224596196589545,-0.042116769621970036
2221,10.000000000000002,-0.04234248214478269,5.218920031692928e-6,0.002284495574890205,0.0032559829519546533,0.04234248214478269,-0.041996089373413176
2222,4.000000000000001,-0.04249814853395615,5.411707954031835e-6,0.00232630779434533,0.010674328243804949,0.04249814853395615,-0.041923164239622814
2223,1.6000000000000005,-0.042640373122833475,0.0020674466236819677,0.04546918323086492,0.01321333020865119,0.042640373122833475,-0.045956074984555256
2224,4.000000000000001,-0.0428188550551752,0.00021009942275230676,0.014494806751119752,0.0035027435990786903,0.0428188550551752,-0.04280773083291019
2225,10.000000000000002,-0.04234707687841473,4.0334006370545446e-5,0.006350905948803324,0.01207289720123667,0.04234707687841473,-0.0421414830367289
2226,4.000000000000001,-0.041861717779159056,6.685173885340367e-5,0.008176291265201092,0.021657948154995534,0.041861717779159056,-0.04202348390865672
2227,1.6000000000000005,-0.042036281604168405,0.0006554154255638944,0.025601082507657646,0.01055922515905198,0.042036281604168405,-0.04324552953718895
2228,4.000000000000001,-0.04206900116487234,8.803228573160587e-5,0.009382552197115979,0.0038244099649295846,0.04206900116487234,-0.04258919370825678
2229,10.000000000000002,-0.04216578234398031,1.8594878311197093e-5,0.004312177908110598,0.0037574502158931864,0.04216578234398031,-0.04221330558495201
2230,25.000000000000004,-0.04219971423300913,1.0259383191806287e-5,0.003203027191861831,0.00473020179634606,0.04219971423300913,-0.041895085387870575
2231,10.000000000000002,-0.042351751163448415,4.081994135735141e-5,0.0063890485486769785,0.010857475626284599,0.042351751163448415,-0.042531115548278535
2232,4.000000000000001,-0.04212232875708996,0.00019449809956526403,0.01394625754692864,0.0042973725186698855,0.04212232875708996,-0.04298712341038126
2233,10.000000000000002,-0.04230744722184917,3.4900614890597784e-5,0.005907674237007131,0.014728769815045102,0.04230744722184917,-0.04226189069687406
2234,4.000000000000001,-0.041974922123357905,5.9847434286159766e-5,0.007736112349634005,0.024322871433116754,0.041974922123357905,-0.042158252555372554
2235,1.6000000000000005,-0.043099713127773685,0.00087566215977231,0.029591589341775984,0.009870926009715182,0.043099713127773685,-0.04361496359656261
2236,4.000000000000001,-0.042828819482581694,8.734399083941318e-5,0.009345800706168155,0.011266129687815762,0.042828819482581694,-0.04253498306227814
2237,10.000000000000002,-0.04242069622858505,2.3774907217277714e-5,0.004875951929344435,0.020450765108777847,0.04242069622858505,-0.04213442891556556
2238,4.000000000000001,-0.041741891037311414,2.7776271806259757e-5,0.005270319896008188,0.006747876475846965,0.041741891037311414,-0.04186839447118983
2239,1.6000000000000005,-0.04220703668851699,0.000724812097635011,0.026922334550239343,0.005255688778274118,0.04220703668851699,-0.043712226119129734
2240,4.000000000000001,-0.04198339262915231,7.689543786440253e-5,0.008769004382733682,0.002723093600766126,0.04198339262915231,-0.04249908098255098
2241,10.000000000000002,-0.0420970442597806,1.5788966434691194e-5,0.003973533243184357,0.007033356347328637,0.0420970442597806,-0.042214597792984324
2242,4.000000000000001,-0.04220847976067816,2.2454699782897758e-5,0.004738639022219118,0.0026123967397565875,0.04220847976067816,-0.04213472640441643
2243,10.000000000000002,-0.04227053028173561,8.361148013481466e-6,0.00289156497652767,0.015130025605543156,0.04227053028173561,-0.042061357878668194
2244,4.000000000000001,-0.0420114344914846,1.555276728925661e-5,0.003943699695622958,0.012072223580791212,0.0420114344914846,-0.042028914787186684
2245,1.6000000000000005,-0.04211127182964037,2.258346465783152e-5,0.004752206293694701,0.0015362405230023707,0.04211127182964037,-0.04198557378850989
2246,4.000000000000001,-0.04227205137107419,1.0648499938377575e-5,0.003263203937601445,0.002419661028297721,0.04227205137107419,-0.04198614872192524
2247,10.000000000000002,-0.042257073404157415,6.077729071472652e-6,0.0024653050666139987,0.002126177056626911,0.042257073404157415,-0.041909187789873556
2248,25.000000000000004,-0.04222733320528462,5.2802282315930724e-6,0.0022978747206044703,0.005193649208067185,0.04222733320528462,-0.041737218229025305
2249,10.000000000000002,-0.042208196005761776,5.28403797874839e-6,0.0022987035430321132,0.0037793183420564216,0.042208196005761776,-0.04155267206239538
2250,4.000000000000001,-0.042200929347970824,0.0009373376458423321,0.03061597043770346,0.016183326604765798,0.042200929347970824,-0.046290264209152436
2251,10.000000000000002,-0.04230527846621466,8.509585826470799e-5,0.009224741636745606,0.015227440116469013,0.04230527846621466,-0.042688314425712436
2252,4.000000000000001,-0.042553651437999926,0.00013340212037329875,0.011549983565931976,0.030778972687712076,0.042553651437999926,-0.04210134460229559
2253,1.6000000000000005,-0.042754488207442605,0.0016210614709471658,0.04026240766455933,0.015719725564593168,0.042754488207442605,-0.0450679918365584
2254,4.000000000000001,-0.04253399085184894,0.0001380578857613036,0.01174980364777657,0.01565139598522994,0.04253399085184894,-0.042616677013280375
2255,1.6000000000000005,-0.0420838331467676,0.00018337492908762374,0.01354159994563507,0.021931495531102678,0.0420838331467676,-0.04232033760455498
2256,0.6400000000000002,-0.04110705229773183,0.0026100395603196815,0.05108854627330554,0.005176402173358574,0.04110705229773183,-0.04420124371325948
2257,1.6000000000000005,-0.041825786740654805,0.00033016687673941204,0.01817049467514333,0.004889608499676134,0.041825786740654805,-0.042722705272909715
2258,4.000000000000001,-0.04235528157475589,4.68552762002812e-5,0.006845091394589352,0.0044944651781007984,0.04235528157475589,-0.04228295608310857
2259,10.000000000000002,-0.04234466304159146,2.8523984510828955e-5,0.005340785008856746,0.017565792664913753,0.04234466304159146,-0.041869278261172475
2260,4.000000000000001,-0.04215177966336163,8.730852473032488e-5,0.009343903077960777,0.018396795342635684,0.04215177966336163,-0.04252775986735032
2261,1.6000000000000005,-0.041681926452494106,0.0002136426557773711,0.014616519961241496,0.03854343571654683,0.041681926452494106,-0.04261332620039569
2262,0.6400000000000002,-0.0419115860352839,0.002351945649355336,0.0484968622629891,0.025181354117020112,0.0419115860352839,-0.0435467412379359
2263,1.6000000000000005,-0.042334042841633855,0.0003323948471003563,0.018231698963628053,0.006354274937036833,0.042334042841633855,-0.04278244825896805
2264,4.000000000000001,-0.04238451943289673,5.454446976589839e-5,0.007385422788567923,0.013146011947607164,0.04238451943289673,-0.04227916701255881
2265,1.6000000000000005,-0.04278384128859736,6.867929937375763e-5,0.008287297471055183,0.010924947372262392,0.04278384128859736,-0.04213170599765403
2266,0.6400000000000002,-0.04274016583081843,0.0015949447597528414,0.03993675950490777,0.0033707518626662587,0.04274016583081843,-0.043397255199577905
2267,1.6000000000000005,-0.042348326675857716,0.0002218901972878731,0.014895979232258385,0.007665640892966637,0.042348326675857716,-0.042421939690857
2268,4.000000000000001,-0.0420084920482625,7.44775907560611e-5,0.008630040020536469,0.010403128398385579,0.0420084920482625,-0.042045301036211374
2269,10.000000000000002,-0.04206086350273002,1.888426896563478e-5,0.004345603406390737,0.00436956248518954,0.04206086350273002,-0.04218556521220587
2270,25.000000000000004,-0.042225981602198016,1.3983374700172331e-5,0.0037394350776784897,0.041034528366976394,0.042225981602198016,-0.041685047969810755
2271,10.000000000000002,-0.04217923389941961,7.070598888218653e-5,0.00840868532424579,0.029471744448594527,0.04217923389941961,-0.042388547049362346
2272,4.000000000000001,-0.04220080248612739,0.0004708500510388698,0.021699079497501036,0.008495131712905985,0.04220080248612739,-0.044111340694673463
2273,10.000000000000002,-0.04226904332003664,3.905209126653251e-5,0.0062491672458442424,0.018640406251585147,0.04226904332003664,-0.042352535185108106
2274,4.000000000000001,-0.0423292847049914,5.317398049979794e-5,0.007292049129003311,0.01348311503612327,0.0423292847049914,-0.042212386315170755
2275,1.6000000000000005,-0.042900614454620636,0.00014689455675719217,0.01212000646687914,0.020576725358566278,0.042900614454620636,-0.04221412670607132
2276,0.6400000000000002,-0.042682021040590906,0.00479842333699167,0.06927065278306298,0.011150235701235729,0.042682021040590906,-0.046082630802367186
2277,1.6000000000000005,-0.04367587336591595,0.0005917236597419017,0.02432537070101711,0.004213577126177176,0.04367587336591595,-0.043067169873245326
2278,4.000000000000001,-0.04308703927055585,0.00012250751905998753,0.011068311481883203,0.010173014270819,0.04308703927055585,-0.042252766941579145
2279,10.000000000000002,-0.042147325927652905,4.3637535305270355e-5,0.006605871275257364,0.018956517968183303,0.042147325927652905,-0.041827593283896285
2280,4.000000000000001,-0.0411596638870012,0.00016351109968881433,0.012787145877357242,0.01176507243646726,0.0411596638870012,-0.04254968259430989
2281,10.000000000000002,-0.041645391359257995,2.2224174473382996e-5,0.004714252270867883,0.024706433086782595,0.041645391359257995,-0.04201283652480316
2282,4.000000000000001,-0.042491897418005416,0.00015252659458295792,0.012350165771476832,0.014803969626044307,0.042491897418005416,-0.04278163981045479
2283,10.000000000000002,-0.04246696958326757,2.572970051977297e-5,0.005072445220973113,0.01725638146607166,0.04246696958326757,-0.04233183382078648
2284,4.000000000000001,-0.04225082565207848,2.6666429520753483e-5,0.005163954833337863,0.0025203689925705776,0.04225082565207848,-0.04206989078903427
2285,10.000000000000002,-0.042370480038346404,1.2091641090301678e-5,0.0034773037098162246,0.006537533636539905,0.042370480038346404,-0.042274586865982906
2286,4.000000000000001,-0.04256336931058043,0.0001124134430028743,0.010602520596672958,0.007848235620596283,0.04256336931058043,-0.04266404354604162
2287,10.000000000000002,-0.04251256696389617,1.7573690817299838e-5,0.004192098617315656,0.01674444166850732,0.04251256696389617,-0.042217901314484184
2288,4.000000000000001,-0.042151359826484394,7.96672205300644e-5,0.0089256495858881,0.009758789440868778,0.042151359826484394,-0.04255721188264484
2289,10.000000000000002,-0.04205952158681921,1.0570787767318175e-5,0.003251274791111661,0.009638321444893594,0.04205952158681921,-0.042273725644647694
2290,4.000000000000001,-0.041973348385412126,1.5968956600279207e-5,0.003996117690994499,0.016151608703087364,0.041973348385412126,-0.042227230471753766
2291,1.6000000000000005,-0.042639562752722765,3.0402342749124355e-5,0.005513831947849368,0.005928099610323392,0.042639562752722765,-0.04223580215865704
2292,4.000000000000001,-0.042574876418402546,6.666449134862617e-6,0.0025819467722752567,0.0044854817946363475,0.042574876418402546,-0.0422118974065092
2293,1.6000000000000005,-0.04229408809558581,0.000613590613275736,0.0247707612574934,0.004488761142037381,0.04229408809558581,-0.04321951581122738
2294,4.000000000000001,-0.04218985240924977,7.807602236272963e-5,0.008836063736909644,0.007516816081458721,0.04218985240924977,-0.04221711452119326
2295,10.000000000000002,-0.042302837934416464,1.5732509086874796e-5,0.003966422706529751,0.012178040131558087,0.042302837934416464,-0.04224102247197162
2296,4.000000000000001,-0.04221005720861158,3.25175067610586e-5,0.005702412363294907,0.012144944366116975,0.04221005720861158,-0.042279443033432736
2297,1.6000000000000005,-0.04220960050219057,0.0003414509234801968,0.018478390716731713,0.004588298288518949,0.04220960050219057,-0.04293342559326326
2298,4.000000000000001,-0.042777601736345615,8.375890796348323e-5,0.00915198928995676,0.012726852936765282,0.042777601736345615,-0.04217302036993734
2299,1.6000000000000005,-0.041970788507675244,0.00018724476969415537,0.013683741070853225,0.013918717348302705,0.041970788507675244,-0.042266368204265076
2300,4.000000000000001,-0.04190602156430155,5.5066186299825885e-5,0.007420659424864201,0.003959562086092752,0.04190602156430155,-0.042481741483834094
2301,10.000000000000002,-0.04209860706865396,1.4236960344800296e-5,0.0037731896778190593,0.013264695412656997,0.04209860706865396,-0.042213111654424956
2302,4.000000000000001,-0.04235317599583864,4.181200980660312e-5,0.006466220674134398,0.011804645226648834,0.04235317599583864,-0.04238375895198225
2303,1.6000000000000005,-0.043360532481940446,8.640286089657904e-5,0.009295313921357311,0.0074051309002248185,0.043360532481940446,-0.04237916080859605
2304,4.000000000000001,-0.04286161144445051,1.4600755919811778e-5,0.003821093550256494,0.007723872249240162,0.04286161144445051,-0.042296767340876736
2305,1.6000000000000005,-0.04176667915509491,3.6105323372963194e-5,0.006008770537552852,0.013041384143550008,0.04176667915509491,-0.04230254366492427
2306,0.6400000000000002,-0.04059670038831746,0.0007451123518626586,0.02729674617720322,0.005849759926806739,0.04059670038831746,-0.042900135487372905
2307,1.6000000000000005,-0.041799645972138866,0.00020701298004550172,0.01438794565063066,0.0105519631514685,0.041799645972138866,-0.042217491513174756
2308,4.000000000000001,-0.04219391843074412,5.400839853233172e-5,0.007349040653876648,0.00974289616342837,0.04219391843074412,-0.04225616339138482
2309,1.6000000000000005,-0.042850696143097305,6.0187890369202e-5,0.007758085483494108,0.006915188899964197,0.042850696143097305,-0.04204466693796715
2310,4.000000000000001,-0.04289239618940937,6.16488328397787e-5,0.007851677071796745,0.008951571621600053,0.04289239618940937,-0.04241945750469819
2311,10.000000000000002,-0.0424248858929591,9.333778600255855e-6,0.0030551233363410803,0.01070755177150894,0.0424248858929591,-0.04221951135626425
2312,4.000000000000001,-0.04196008344419301,2.924609564915595e-5,0.005407965943786624,0.003868789622413532,0.04196008344419301,-0.04234475985020132
2313,10.000000000000002,-0.042214650454194626,2.316983554542702e-5,0.004813505536033694,0.03975913075611875,0.042214650454194626,-0.042008566782021285
2314,4.000000000000001,-0.042174326784803935,0.00015671873744706614,0.012518735457188403,0.006500685830395961,0.042174326784803935,-0.04277387572617406
2315,10.000000000000002,-0.042445082003947934,2.8449581047480345e-5,0.005333814868129596,0.052052525186951006,0.042445082003947934,-0.041995719899382895
2316,4.000000000000001,-0.04207430547959067,0.0001481781407676804,0.01217284439922241,0.00657831327655362,0.04207430547959067,-0.04280652837481495
2317,10.000000000000002,-0.04206410878371043,5.957430991694816e-6,0.0024407849130340872,0.0022322769508643613,0.04206410878371043,-0.04229278485007529
2318,25.000000000000004,-0.04221646947741003,2.0396424778635795e-6,0.0014281605224426208,0.00792882627229105,0.04221646947741003,-0.04222949924680929
2319,10.000000000000002,-0.04252101733478142,5.103098384594893e-6,0.002259003847848625,0.013179518461065371,0.04252101733478142,-0.042246782672907296
2320,4.000000000000001,-0.04247541822611263,0.000116336832923596,0.010785955355164233,0.007687548337720424,0.04247541822611263,-0.04276865233033591
2321,10.000000000000002,-0.042322911649068956,1.546589757404977e-5,0.003932670539728667,0.011639317999384438,0.042322911649068956,-0.04232138119478943
2322,4.000000000000001,-0.04218244681902281,3.696374619090514e-5,0.0060797817552034825,0.0019774404951736126,0.04218244681902281,-0.04238549727718116
2323,10.000000000000002,-0.04214221829677185,1.1472834060566718e-5,0.0033871572240695763,0.017335688860982197,0.04214221829677185,-0.04222405436732791
2324,4.000000000000001,-0.04230295220226797,5.053298077568813e-5,0.007108655342305472,0.002265458360113542,0.04230295220226797,-0.04246307354710386
2325,10.000000000000002,-0.042290559698382135,5.676101681054609e-6,0.0023824570680401795,0.001744596069386853,0.042290559698382135,-0.04230939125823945
2326,25.000000000000004,-0.042307891340728244,2.6343558606473205e-6,0.0016230698877889764,0.0029206358505056134,0.042307891340728244,-0.042229345703229976
2327,10.000000000000002,-0.04229604060090398,9.72905203968839e-6,0.003119142837333422,0.010287371541583335,0.04229604060090398,-0.0422980111537685
2328,4.000000000000001,-0.042242582326486304,1.936797899912966e-5,0.004400906611043872,0.009932302909150679,0.042242582326486304,-0.04236200338793518
2329,1.6000000000000005,-0.0424295079535864,2.1589248090613407e-5,0.004646423150189123,0.0050601589496649885,0.0424295079535864,-0.0422746630716647
2330,4.000000000000001,-0.04243901608260121,9.627559257622225e-6,0.0031028308457958557,0.0020172762136381342,0.04243901608260121,-0.04231098629176478
2331,10.000000000000002,-0.0423546421131247,2.935381853026274e-6,0.0017132956116871,0.0028346296096036887,0.0423546421131247,-0.042280550709242755
2332,4.000000000000001,-0.042223732191150914,4.116726373317999e-6,0.0020289717527156455,0.004043854763787372,0.042223732191150914,-0.04225817723788473
2333,1.6000000000000005,-0.0421225831504121,5.976051172757114e-6,0.002444596321022576,0.013187113248359817,0.0421225831504121,-0.04223810424970354
2334,0.6400000000000002,-0.042726064205900756,0.00024214109162819396,0.015560883381999685,0.013827399558385692,0.042726064205900756,-0.04239033352036589
2335,1.6000000000000005,-0.04213942938578453,4.1029799854469966e-5,0.006405450792447785,0.006526637412601608,0.04213942938578453,-0.04239070078364339
2336,4.000000000000001,-0.0421963839142517,1.3545958735656082e-5,0.0036804834921048187,0.004488973051518626,0.0421963839142517,-0.04236808434703721
2337,10.000000000000002,-0.04227548859829089,5.792918715287021e-6,0.0024068482950296267,0.0026176056075295053,0.04227548859829089,-0.04229027603163846
2338,25.000000000000004,-0.0423194760926848,1.9368735369136726e-6,0.0013917160403306677,0.004904485930492493,0.0423194760926848,-0.04227527811372442
2339,10.000000000000002,-0.04233147958766487,4.2751540742858315e-6,0.0020676445715562025,0.001732150634875721,0.04233147958766487,-0.04228147734630439
2340,25.000000000000004,-0.04231644908096242,1.6135990417118542e-6,0.001270275183459023,0.004053635051955572,0.04231644908096242,-0.042232117084949915
2341,10.000000000000002,-0.04232894823868085,7.201796589645151e-6,0.0026836163268330947,0.0016960780749578736,0.04232894823868085,-0.04230615967274948
2342,25.000000000000004,-0.042314964889469585,1.1028632954115352e-6,0.0010501729835658195,0.0037402025584021654,0.042314964889469585,-0.04225216955883098
2343,10.000000000000002,-0.0423296359167694,1.8329670730982435e-6,0.0013538711434616824,0.01492284797212615,0.0423296359167694,-0.042232049858940156
2344,4.000000000000001,-0.04228680091897842,0.00012618824344859048,0.01123335406050172,0.0036789229480332394,0.04228680091897842,-0.04298850656928555
2345,10.000000000000002,-0.04223356709191039,1.967032551498421e-5,0.004435124069852411,0.0021919334894518606,0.04223356709191039,-0.04241965778354879
2346,25.000000000000004,-0.04219762983320538,1.3429093652057653e-5,0.003664572778927668,0.026664327254569936,0.04219762983320538,-0.04195086829212996
2347,10.000000000000002,-0.042220738990045074,6.255515371857853e-5,0.007909181608648175,0.007711292850601412,0.042220738990045074,-0.042787396571123695
2348,25.000000000000004,-0.042248831840368345,9.921065467538876e-6,0.003149772288204161,0.0205159808469811,0.042248831840368345,-0.042224632497149084
2349,10.000000000000002,-0.04233420937044305,1.6914056472950154e-5,0.0041126702363489046,0.015546187055702635,0.04233420937044305,-0.042324693753216305
2350,4.000000000000001,-0.04251313140540736,0.00011646193164347003,0.0107917529458133,0.020057034549714213,0.04251313140540736,-0.04283437215724705
2351,1.6000000000000005,-0.04258084901409751,0.0007899780479707194,0.02810654813332152,0.004995071664326139,0.04258084901409751,-0.043710052002308014
2352,4.000000000000001,-0.04234970203630592,8.464104623672841e-5,0.009200056860516049,0.009453646741943222,0.04234970203630592,-0.04245793905857168
2353,10.000000000000002,-0.042367014792999876,6.639839952302536e-5,0.008148521308987623,0.03181821803578219,0.042367014792999876,-0.04148279863128615
2354,4.000000000000001,-0.042076657362120844,0.0003081920824897224,0.017555400379647354,0.006340099919238555,0.042076657362120844,-0.04356228680817273
2355,10.000000000000002,-0.042058679451999564,3.1930395280043913e-5,0.005650698654152769,0.0037178372532731038,0.042058679451999564,-0.04232360037502371
2356,25.000000000000004,-0.042071643014637755,2.4175819540701346e-5,0.004916891247597545,0.04358178321211228,0.042071643014637755,-0.04146310912550735
2357,10.000000000000002,-0.04259063900113629,0.00012943793749620031,0.011377079480086282,0.028255281181637133,0.04259063900113629,-0.043414493528871945
2358,4.000000000000001,-0.04293343963218888,0.00012809879177131718,0.011318073677588301,0.026111036292606034,0.04293343963218888,-0.042623204912754446
2359,1.6000000000000005,-0.0421245870629348,0.0013980018141415674,0.03738986245149302,0.01026753926609462,0.0421245870629348,-0.04479993186255556
2360,4.000000000000001,-0.041831863801179446,0.00010807482215565711,0.01039590410477401,0.005293956839771418,0.041831863801179446,-0.0426713656407364
2361,10.000000000000002,-0.042155176991794885,4.945971952298037e-5,0.007032760448286318,0.04373563439351492,0.042155176991794885,-0.041805156055533865
2362,4.000000000000001,-0.04229550606628137,0.00017702600100385569,0.01330511183732988,0.007979911464847906,0.04229550606628137,-0.04304232054087635
2363,10.000000000000002,-0.042336897277343015,2.005152042333766e-5,0.004477892408637981,0.009816593882126941,0.042336897277343015,-0.042310909506827796
2364,4.000000000000001,-0.042229497243755056,6.220571902201759e-5,0.007887060226853704,0.00692986663056393,0.042229497243755056,-0.04252819429498909
2365,10.000000000000002,-0.042231370721720285,1.125345386143783e-5,0.0033546167980020953,0.002030160138122321,0.042231370721720285,-0.0422504758547289
2366,25.000000000000004,-0.04219316830853485,6.112648493104075e-6,0.0024723770936295447,0.024872885958901258,0.04219316830853485,-0.04205992208279185
2367,10.000000000000002,-0.04237986732975594,2.592164909957205e-5,0.005091330778840838,0.019711561628414875,0.04237986732975594,-0.0424365882448399
2368,4.000000000000001,-0.04227433738913069,0.0001291390554870363,0.011363936619281027,0.006993916834204883,0.04227433738913069,-0.04282169671785931
2369,10.000000000000002,-0.042236646820435195,1.2619608351383789e-5,0.003552408809721059,0.0019798230415343353,0.042236646820435195,-0.04235306797948731
2370,25.000000000000004,-0.042314804399440444,5.5530478495628376e-6,0.0023564905791372977,0.021401045386495857,0.042314804399440444,-0.042168173189880254
2371,10.000000000000002,-0.04208763259641983,5.961326922981159e-6,0.0024415828724377057,0.014681871461719197,0.04208763259641983,-0.04198282516330015
2372,4.000000000000001,-0.04258145475865635,0.00024905153445112455,0.015781366685148804,0.005770301369702074,0.04258145475865635,-0.04326999086980687
2373,10.000000000000002,-0.04246346510220663,2.880980105646098e-5,0.005367476227843117,0.022204887311032966,0.04246346510220663,-0.04227303565550895
2374,4.000000000000001,-0.04216249536035091,8.359448839252607e-5,0.009143002154244856,0.01255090663989187,0.04216249536035091,-0.04244089462746567
2375,1.6000000000000005,-0.042272265997830315,0.0004650625098062437,0.021565308015566196,0.01398904759764549,0.042272265997830315,-0.043031114190597415
2376,4.000000000000001,-0.042245248683181344,5.931802665431648e-5,0.007701819697598515,0.0059882289074161136,0.042245248683181344,-0.04237686049951048
2377,10.000000000000002,-0.04200937553667459,2.959551517857215e-5,0.005440176024594438,0.02588630325505001,0.04200937553667459,-0.041964395774886046
2378,4.000000000000001,-0.04250428188717441,0.0001296307999281569,0.01138555224519904,0.017227804481246115,0.04250428188717441,-0.04274563705368162
2379,1.6000000000000005,-0.04314988276315066,0.0002952156153489065,0.01718183969628708,0.004749603216350504,0.04314988276315066,-0.0428959514462881
2380,4.000000000000001,-0.04278903221866727,4.663104702125257e-5,0.006828692921874036,0.015138618785941263,0.04278903221866727,-0.042390081474343214
2381,1.6000000000000005,-0.04136654423077205,4.8949885227904646e-5,0.0069964194576872425,0.012123744470516905,0.04136654423077205,-0.04222661309910032
2382,0.6400000000000002,-0.04010618606723097,0.00043686128410412757,0.02090122685643423,0.011596358264980974,0.04010618606723097,-0.042592381421242526
2383,1.6000000000000005,-0.04086470828664428,9.97469760871891e-5,0.009987340791581567,0.010582859488313974,0.04086470828664428,-0.042345088983263134
2384,4.000000000000001,-0.04182726076922793,2.6309852579978813e-5,0.005129313070965625,0.007790520868708231,0.04182726076922793,-0.04230567416292166
2385,1.6000000000000005,-0.043512335365016974,3.1018059031524684e-5,0.0055693858756172285,0.008893438940258786,0.043512335365016974,-0.04226382831409836
2386,0.6400000000000002,-0.04454332683361607,0.00018677689961224612,0.013666634538621648,0.009368897973084656,0.04454332683361607,-0.042367179182894794
2387,1.6000000000000005,-0.043465458780070985,4.120884707558393e-5,0.006419411739060202,0.006688800798415574,0.043465458780070985,-0.042338396232179484
2388,4.000000000000001,-0.042567583052089034,1.6265030494323556e-5,0.004032992746624218,0.0119810939392914,0.042567583052089034,-0.04224709744414726
2389,1.6000000000000005,-0.04153998527696342,9.557375641055775e-5,0.009776183120756165,0.0033259788913669957,0.04153998527696342,-0.042413850094072135
2390,4.000000000000001,-0.041797131548983416,1.3407531987303451e-5,0.0036616296900838364,0.005906987570914679,0.041797131548983416,-0.04231902449092461
2391,1.6000000000000005,-0.042607609040495674,1.4745174473079781e-5,0.0038399445924491905,0.012204302994525544,0.042607609040495674,-0.0422592346362815
2392,0.6400000000000002,-0.04242745650506077,2.378997775814148e-5,0.004877497079255043,0.003250785768852943,0.04242745650506077,-0.04224639031650762
2393,1.6000000000000005,-0.04276253340473053,1.0771628691455e-5,0.003282015949299302,0.005581629465910271,0.04276253340473053,-0.04222535195718807
2394,0.6400000000000002,-0.04140488733689732,2.0272791168961184e-5,0.004502531639973359,0.001907700826997048,0.04140488733689732,-0.042218470138538015
2395,1.6000000000000005,-0.04215280045034139,9.069759911337507e-6,0.0030116042089453764,0.002643491289666372,0.04215280045034139,-0.04220286943602152
2396,4.000000000000001,-0.04230206632561217,8.128030223411804e-6,0.0028509700495466107,0.0017722194582116006,0.04230206632561217,-0.04215999877174357
2397,10.000000000000002,-0.04229986453148551,7.806704140996659e-6,0.002794047984734095,0.008367827722695693,0.04229986453148551,-0.04205251051764996
2398,4.000000000000001,-0.04172355650075059,3.6967796610517236e-5,0.006080114851753808,0.02522022798496238,0.04172355650075059,-0.04214207118884835
2399,1.6000000000000005,-0.04373710234536533,0.0008333633180640398,0.02886803280557994,0.009020678310922252,0.04373710234536533,-0.04374770757714143
2400,4.000000000000001,-0.04306663795453664,6.802537003448753e-5,0.00824774939207585,0.007234102123998851,0.04306663795453664,-0.0425448303981722
2401,10.000000000000002,-0.042378816525516526,5.7337446406114355e-5,0.007572149391428721,0.05210190923325097,0.042378816525516526,-0.041705081789485426
2402,4.000000000000001,-0.041093239488416256,0.00029158920651105064,0.017075983324864506,0.01402696525981913,0.041093239488416256,-0.04297209798569703
2403,10.000000000000002,-0.04147083789385951,3.2357961701866744e-5,0.005688405901644743,0.010072428732986855,0.04147083789385951,-0.04200944453873042
2404,4.000000000000001,-0.04296642462099068,0.00019583356459082374,0.01399405461582967,0.014011784099084577,0.04296642462099068,-0.04280861307943536
2405,10.000000000000002,-0.04282046147065507,2.2599105008831496e-5,0.004753851597266315,0.016425739506732297,0.04282046147065507,-0.042304764943544036
2406,4.000000000000001,-0.042421301549514144,0.00010104996570018331,0.010052361200244614,0.00940879625436628,0.042421301549514144,-0.042726391549562384
2407,10.000000000000002,-0.04242807217373176,2.7207739165286534e-5,0.0052161038299948104,0.023697154178683413,0.04242807217373176,-0.04227098567032118
2408,4.000000000000001,-0.04184086491573142,4.005868816068076e-5,0.0063291933262210245,0.014257171982900597,0.04184086491573142,-0.04221132731410984
2409,1.6000000000000005,-0.042405045878910676,0.00039997842790300605,0.019999460690303776,0.005037237521717782,0.042405045878910676,-0.04301081685092879
2410,4.000000000000001,-0.04236215891447493,6.315923374490037e-5,0.007947278386019982,0.009962986725586185,0.04236215891447493,-0.04241970937183058
2411,1.6000000000000005,-0.04178099496269909,7.162256314168725e-5,0.008463011470019833,0.009556553090425458,0.04178099496269909,-0.04219870477192017
2412,4.000000000000001,-0.04193782544718079,4.075347161745155e-5,0.006383844579675444,0.009058895745299634,0.04193782544718079,-0.04227925800339359
2413,1.6000000000000005,-0.04198602238769118,5.057589593451682e-5,0.007111673216235179,0.006794156180398814,0.04198602238769118,-0.04218228499144511
2414,4.000000000000001,-0.04227804498387166,3.309686061808214e-5,0.005752987103938452,0.009754214398946096,0.04227804498387166,-0.04226823082471152
2415,1.6000000000000005,-0.042908786167030546,0.00011185203218313525,0.010576012111525555,0.007838625249911555,0.042908786167030546,-0.042462923321378875
2416,4.000000000000001,-0.04275501361787411,1.8047412208767186e-5,0.004248224594906346,0.004102131670482942,0.04275501361787411,-0.04235770785120204
2417,10.000000000000002,-0.04250198620193623,1.015850571106503e-5,0.003187241081415874,0.015783238844804863,0.04250198620193623,-0.04221127139022984
2418,4.000000000000001,-0.04197392490628443,3.226623543974879e-5,0.005680337616704556,0.006463530082483562,0.04197392490628443,-0.042343028731246665
2419,10.000000000000002,-0.04193549184587322,8.524224616544963e-6,0.00291962747907074,0.018031707506555826,0.04193549184587322,-0.04221225890775282
2420,4.000000000000001,-0.04233820168272932,2.1887493212229215e-5,0.004678407123394587,0.014917394676003769,0.04233820168272932,-0.04225099146886852
2421,1.6000000000000005,-0.04275508197511849,2.8894907613396323e-5,0.00537539836787901,0.02147825665895908,0.04275508197511849,-0.04218151612645669
2422,0.6400000000000002,-0.04473254346186566,0.0026868857155623723,0.05183517835951153,0.01140807887321223,0.04473254346186566,-0.044109042447052806
2423,1.6000000000000005,-0.04365352263178732,0.00030288836272759613,0.01740368819324215,0.0051357045761345,0.04365352263178732,-0.042599445352669754
2424,4.000000000000001,-0.04265642122150912,5.33290625268318e-5,0.00730267502541581,0.018711790485739364,0.04265642122150912,-0.042301482752952944
2425,1.6000000000000005,-0.0408851395413593,5.8983957133764824e-5,0.007680101375227076,0.016291520122202897,0.0408851395413593,-0.042063735298143015
2426,0.6400000000000002,-0.040873675188889645,0.001478973037625439,0.03845741849923678,0.01600542438003567,0.040873675188889645,-0.0431980951646161
2427,1.6000000000000005,-0.04158449431713518,0.00014927037234789786,0.012217625479114093,0.0038642897511673925,0.04158449431713518,-0.04245560236036345
2428,4.000000000000001,-0.042018364292483026,6.947756833418235e-5,0.008335320529780624,0.01697854410460344,0.042018364292483026,-0.04198722344093232
2429,1.6000000000000005,-0.04278384625686649,0.00025102220333202195,0.015843680233204087,0.013004974413894012,0.04278384625686649,-0.04263332705189115
2430,4.000000000000001,-0.042558322891985974,3.445287659262432e-5,0.005869657280678687,0.007728336360746312,0.042558322891985974,-0.04229603123054456
2431,1.6000000000000005,-0.04205765509113987,3.705626026595509e-5,0.006087385339039668,0.005358354235460038,0.04205765509113987,-0.04213425318694616
2432,4.000000000000001,-0.04191059115798267,2.4949757575366325e-5,0.004994973230695669,0.017504063891735512,0.04191059115798267,-0.042098274488565804
2433,1.6000000000000005,-0.04283162847821108,0.0002653655132594197,0.016290043378070537,0.01712089192026946,0.04283162847821108,-0.0425713548117222
2434,4.000000000000001,-0.042266600781508123,7.113556531446253e-5,0.00843419025837469,0.01971533528301101,0.042266600781508123,-0.042159649499667926
2435,1.6000000000000005,-0.042402324508263235,0.000300371541753965,0.01733123024352181,0.002462707918093362,0.042402324508263235,-0.042777201650115386
2436,4.000000000000001,-0.042485717945440635,2.6764914975555527e-5,0.005173481900572914,0.010157448279686553,0.042485717945440635,-0.04232273137766442
2437,1.6000000000000005,-0.04236330861474737,0.0001280809051272597,0.01131728346942232,0.001967902567115725,0.04236330861474737,-0.04247625418140777
2438,4.000000000000001,-0.04230782407603696,2.1343840915658378e-5,0.004619939492640394,0.0021508990818672057,0.04230782407603696,-0.04230386906929749
2439,10.000000000000002,-0.04228132269040366,7.3728694571762555e-6,0.002715302829736723,0.01064598875575548,0.04228132269040366,-0.0422611475275019
2440,4.000000000000001,-0.042356575567908866,1.3507617223161258e-5,0.0036752710407752594,0.0021824181726258053,0.042356575567908866,-0.0422714621260737
2441,10.000000000000002,-0.042397945976136386,5.1881532500546855e-6,0.0022777517972893107,0.0023081654403245195,0.042397945976136386,-0.04219620065448305
2442,25.000000000000004,-0.042365831915864766,3.3420008745426702e-6,0.0018281140212094732,0.02503883678930224,0.042365831915864766,-0.04210931320176981
2443,10.000000000000002,-0.04217855142949098,1.6431599509276958e-5,0.004053590940052654,0.014932754376726752,0.04217855142949098,-0.0422473729313936
2444,4.000000000000001,-0.042022484590038385,2.7078490210433597e-5,0.00520369966566419,0.01134011711497241,0.042022484590038385,-0.042303215539972926
2445,1.6000000000000005,-0.04239713257376186,8.716076293613096e-5,0.009335992873611835,0.01647469796724831,0.04239713257376186,-0.042462179781502934
2446,0.6400000000000002,-0.0426058327900203,8.763516712594215e-5,0.00936136566564634,0.025699922658639657,0.0426058327900203,-0.042267050341419865
2447,0.2560000000000001,-0.043585046583842005,0.0008760808004493608,0.029598662139518415,0.018264312692844894,0.043585046583842005,-0.04253729824479794
2448,0.6400000000000002,-0.04165542547808328,0.004888527235322925,0.06991800365658994,0.017618538159915608,0.04165542547808328,-0.04689879694924521
2449,1.6000000000000005,-0.041937381127875775,0.0008365008557811825,0.028922324522437377,0.004316153733175498,0.041937381127875775,-0.0434572624202589
2450,4.000000000000001,-0.04211306524198706,0.00013081628138682762,0.011437494541499359,0.01086727597733849,0.04211306524198706,-0.04230125988552906
2451,10.000000000000002,-0.04211074316332453,3.1715729088234295e-5,0.005631671962058363,0.0046805498678897965,0.04211074316332453,-0.0419496656340958
2452,25.000000000000004,-0.042190385578752834,1.1267477538389273e-5,0.003356706352719772,0.009599830178966685,0.042190385578752834,-0.04187216268669335
2453,10.000000000000002,-0.042117746178969434,6.892968487855383e-5,0.008302390311142558,0.006607504744034881,0.042117746178969434,-0.04261527550045487
2454,25.000000000000004,-0.04215874320690684,8.619436579621482e-6,0.0029358876987414695,0.012219412627610235,0.04215874320690684,-0.042217833181443926
2455,10.000000000000002,-0.042340691685640426,9.076986984024888e-6,0.0030128038409469823,0.030165736797004586,0.042340691685640426,-0.0419349048155877
2456,4.000000000000001,-0.04280301926570008,0.0002530274418131304,0.015906836323201744,0.033152026626665845,0.04280301926570008,-0.043184931478821624
2457,1.6000000000000005,-0.042018956971624326,0.0012950190722452316,0.03598637342446765,0.004262669265778397,0.042018956971624326,-0.044605153949588
2458,4.000000000000001,-0.04223114631832131,0.0001248423972572718,0.011173289455539573,0.004425254415330707,0.04223114631832131,-0.0426974148224957
2459,10.000000000000002,-0.04216429319986607,4.222681493616046e-5,0.006498216288810373,0.021864566277949016,0.04216429319986607,-0.041907851549600764
2460,4.000000000000001,-0.042393728343088834,0.00015287852445631503,0.012364405543992603,0.014867741531014623,0.042393728343088834,-0.04291671832765739
2461,10.000000000000002,-0.04239780106467844,3.0089915423212235e-5,0.005485427551541651,0.015873488505177006,0.04239780106467844,-0.042218861392258666
2462,4.000000000000001,-0.04216895026223153,4.707959098027672e-5,0.006861456913824987,0.019705913505245837,0.04216895026223153,-0.0420443576732461
2463,1.6000000000000005,-0.04217956784538257,0.0009200453304302516,0.030332249017015728,0.004579037304896871,0.04217956784538257,-0.04349707067848528
2464,4.000000000000001,-0.04208205780587508,8.314669974273784e-5,0.00911848121908127,0.005439328966688787,0.04208205780587508,-0.04243996989884358
2465,10.000000000000002,-0.04222488494538185,1.568863998424195e-5,0.0039608887871590065,0.017715598446463147,0.04222488494538185,-0.042172167405990856
2466,4.000000000000001,-0.04241010357828021,1.9912042397835007e-5,0.004462291160136797,0.010132856717340245,0.04241010357828021,-0.04200530183849604
2467,1.6000000000000005,-0.042456836225604644,0.0007363187325300852,0.027135193615120665,0.00587805583569883,0.042456836225604644,-0.04343732588253722
2468,4.000000000000001,-0.042336561830944676,6.712582726306353e-5,0.008193035289992564,0.007361336199586736,0.042336561830944676,-0.04239451080973086
2469,10.000000000000002,-0.04226261304467003,3.29271179655098e-5,0.005738215573286682,0.029842958490881893,0.04226261304467003,-0.04189041987852993
2470,4.000000000000001,-0.042258728671347626,0.00014359791556138235,0.011983234770352383,0.007290678041259964,0.042258728671347626,-0.04289703032631603
2471,10.000000000000002,-0.042075763065446414,7.096451749598647e-5,0.008424044010805409,0.039188797057037185,0.042075763065446414,-0.04166020024554125
2472,4.000000000000001,-0.04222148823713055,0.000261701118194228,0.016177178931885125,0.014049003837232227,0.04222148823713055,-0.04339070105593049
2473,10.000000000000002,-0.04223697607289433,2.8295245735467178e-5,0.0053193275642196705,0.006548547193547832,0.04223697607289433,-0.042292885372057686
2474,25.000000000000004,-0.04220377538285157,1.1090092353029011e-5,0.0033301790271739163,0.025215954636298256,0.04220377538285157,-0.04192488483527108
2475,10.000000000000002,-0.04221864218028416,5.63191416157679e-5,0.007504608025457952,0.007247845347654935,0.04221864218028416,-0.042631118710994606
2476,25.000000000000004,-0.04225125251187431,5.559273860855718e-6,0.0023578112436867626,0.017242804430451862,0.04225125251187431,-0.042194770478051
2477,10.000000000000002,-0.04249248803832398,6.129431152649382e-6,0.0024757688003223125,0.03330079458984765,0.04249248803832398,-0.0420007694776015
2478,4.000000000000001,-0.042093986582111186,0.000289806042172389,0.017023690615503708,0.006732746919989431,0.042093986582111186,-0.04345699551797598
2479,10.000000000000002,-0.04215546717834099,1.9186924689540093e-5,0.004380288197087047,0.015864976342268088,0.04215546717834099,-0.042357890202038256
2480,4.000000000000001,-0.04261176823724198,2.2648347620396238e-5,0.004759028012146623,0.00794566342900548,0.04261176823724198,-0.042139013367647464
2481,1.6000000000000005,-0.04293106917622955,0.0009722193528739688,0.03118043221114757,0.005350629859253005,0.04293106917622955,-0.04383302755961054
2482,4.000000000000001,-0.04239102633905143,9.722185265603535e-5,0.009860114231388769,0.01067889665717034,0.04239102633905143,-0.042536467357726176
2483,10.000000000000002,-0.0422801255277037,2.0110044098348778e-5,0.00448442238179554,0.005259392856462803,0.0422801255277037,-0.04223996371693687
2484,25.000000000000004,-0.04221256456788333,8.21573911536091e-6,0.002866311063956756,0.017990615947720123,0.04221256456788333,-0.042038613114232355
2485,10.000000000000002,-0.042087836283989585,8.959476968769489e-6,0.002993238541908995,0.031479190611219815,0.042087836283989585,-0.041762802913586854
2486,4.000000000000001,-0.042683218517602484,0.00031845647791474814,0.01784534891546669,0.021680212541034503,0.042683218517602484,-0.043575327702507945
2487,10.000000000000002,-0.04243194146713758,2.7748791506332463e-5,0.0052677121700347735,0.006966297474855844,0.04243194146713758,-0.04245568470118108
2488,4.000000000000001,-0.0420826945454556,0.00012010038173075179,0.010959031970514175,0.006925956074912018,0.0420826945454556,-0.04272670117425388
2489,10.000000000000002,-0.04217995940054331,1.995019560604753e-5,0.00446656418358088,0.025565957355155728,0.04217995940054331,-0.042268546967513594
2490,4.000000000000001,-0.04207895541746399,2.1448073360324853e-5,0.004631206469196213,0.01581428800315214,0.04207895541746399,-0.042004053606636824
2491,1.6000000000000005,-0.04220793333148327,0.0007637414296386857,0.02763587215266936,0.00841056575162783,0.04220793333148327,-0.04342696276351297
2492,4.000000000000001,-0.042266015138592856,7.161562185136528e-5,0.008462601364318497,0.004237572879451629,0.042266015138592856,-0.04242840086914358
2493,10.000000000000002,-0.04218978481985797,1.7692584650710866e-5,0.004206255419100327,0.02391299946020978,0.04218978481985797,-0.04220062264970214
2494,4.000000000000001,-0.042317675680123054,7.474833183432775e-5,0.008645711759845326,0.006710306483750588,0.042317675680123054,-0.042527951767649244
2495,10.000000000000002,-0.04236168481779146,1.1888220592560928e-5,0.003447929899600763,0.009974670693227402,0.04236168481779146,-0.04225480622314292
2496,4.000000000000001,-0.042294728495908464,1.885218390789955e-5,0.0043419101681056865,0.014172663451686588,0.042294728495908464,-0.0422302246605528
2497,1.6000000000000005,-0.042183736385362776,3.3745012382594275e-5,0.005809045737691715,0.005741649985824776,0.042183736385362776,-0.04224339183504212
2498,4.000000000000001,-0.04224164332166546,7.768110246631978e-6,0.002787132979718043,0.0033794400616370453,0.04224164332166546,-0.04220455949106252
2499,10.000000000000002,-0.042172466059612314,7.773999079939427e-6,0.002788189211646051,0.019835964101956125,0.042172466059612314,-0.04209591121343101
2500,4.000000000000001,-0.04255135628807338,8.848588015385382e-5,0.009406693369822035,0.027374342966930386,0.04255135628807338,-0.042457839349658
2501,1.6000000000000005,-0.042031524555466604,9.408658765599523e-5,0.009699824104384329,0.023763157117227943,0.042031524555466604,-0.04231827234323932
2502,0.6400000000000002,-0.04125052629679049,0.0038568523409227007,0.06210356141899352,0.009565579745382465,0.04125052629679049,-0.04506608278428584
2503,1.6000000000000005,-0.04194177194728316,0.0005895206587069864,0.02428004651369075,0.01384320885443525,0.04194177194728316,-0.04258466390844328
2504,4.000000000000001,-0.04264548984462356,0.0002565879318411288,0.016018362333307633,0.0324816008798001,0.04264548984462356,-0.04099463888761344
2505,1.6000000000000005,-0.04304561915360871,0.0012738649431781645,0.035691244629154704,0.008645255199807104,0.04304561915360871,-0.044338050962039965
2506,4.000000000000001,-0.04249805312005084,8.145219428893306e-5,0.009025086940796364,0.011544933699005076,0.04249805312005084,-0.04232390955973561
2507,1.6000000000000005,-0.041362822727453105,0.00022966037978345584,0.015154549804710657,0.010355687665617275,0.041362822727453105,-0.042584187040310625
2508,4.000000000000001,-0.041738353592968735,4.055240482986205e-5,0.0063680770119292724,0.005484147357657302,0.041738353592968735,-0.04229134616693058
2509,10.000000000000002,-0.041952045266226944,1.9097538347402705e-5,0.004370073036849923,0.016037683706038097,0.041952045266226944,-0.041997623936711186
2510,4.000000000000001,-0.04271637264833493,0.00011581828247408275,0.010761890283499583,0.019558453924939566,0.04271637264833493,-0.042642722167650436
2511,1.6000000000000005,-0.04305105349894473,0.00040526374229877355,0.020131163461130943,0.0032442529425547617,0.04305105349894473,-0.042932654157262766
2512,4.000000000000001,-0.04270710925980326,4.587316176894677e-5,0.006772972890020067,0.0032220370190708465,0.04270710925980326,-0.04234749863074154
2513,10.000000000000002,-0.042440053250270705,2.0967208403174957e-5,0.0045789964406161045,0.01718947065737915,0.042440053250270705,-0.042047062348621565
2514,4.000000000000001,-0.04180513423037724,0.00011747285124807247,0.010838489343449689,0.006412387587554979,0.04180513423037724,-0.042668827026023176
2515,10.000000000000002,-0.0419255271219934,1.7356658893775303e-5,0.004166132366329148,0.0042477763966826225,0.0419255271219934,-0.042213213654599166
2516,25.000000000000004,-0.042157175627668075,4.8861642539632575e-6,0.0022104669764471166,0.011916375358206352,0.042157175627668075,-0.04216785007735239
2517,10.000000000000002,-0.04232006685575353,5.209334814970568e-6,0.0022823967260252034,0.020093275725442634,0.04232006685575353,-0.04200231336959603
2518,4.000000000000001,-0.042812609696054216,8.190998776313456e-5,0.009050413679116251,0.023946561002026776,0.042812609696054216,-0.042331547212337145
2519,1.6000000000000005,-0.0431114990358388,0.0014441814489487236,0.03800238741117094,0.007742626782548583,0.0431114990358388,-0.044758133919142754
2520,4.000000000000001,-0.04251300255731385,0.0001341833218101538,0.011583752492614549,0.007985208474133344,0.04251300255731385,-0.04249644228713369
2521,10.000000000000002,-0.04216988840972291,3.81793674648209e-5,0.006178945497803076,0.02849140699675704,0.04216988840972291,-0.04196152830905326
2522,4.000000000000001,-0.04247274786818738,8.565407965780858e-5,0.00925494892788764,0.012716527585982431,0.04247274786818738,-0.042673129776472
2523,1.6000000000000005,-0.04248472915024875,9.341829984592845e-5,0.009665314265243963,0.01824713350179542,0.04248472915024875,-0.04227595356959084
2524,0.6400000000000002,-0.042176677517173806,0.0023520069918451627,0.04849749469658368,0.008811728233740148,0.042176677517173806,-0.04418029889575514
2525,1.6000000000000005,-0.042284541067504525,0.0003087944478437734,0.017572548131781385,0.005155478754999491,0.042284541067504525,-0.042840791190840236
2526,4.000000000000001,-0.042275452024915484,8.784476728013936e-5,0.009372553935835172,0.01407571577934722,0.042275452024915484,-0.042139829089979576
2527,1.6000000000000005,-0.041977398398290185,0.0003608214307604052,0.01899530022822501,0.0032594292130179326,0.041977398398290185,-0.042752134882377175
2528,4.000000000000001,-0.04217158982906702,3.3423128847239595e-5,0.005781273981333145,0.00843583203129517,0.04217158982906702,-0.04229542750770136
2529,1.6000000000000005,-0.04237670835064554,3.657327225072489e-5,0.006047584001130112,0.010882985489629652,0.04237670835064554,-0.04212287462905994
2530,0.6400000000000002,-0.04296987901713436,0.001112119318987116,0.033348453022398444,0.004148856666643953,0.04296987901713436,-0.0430215017423152
2531,1.6000000000000005,-0.042773844454376896,0.00010443946807733855,0.010219563008139759,0.005118396845990754,0.042773844454376896,-0.042429846607988216
2532,4.000000000000001,-0.04237398553670054,2.313263009194539e-5,0.0048096392891718385,0.0027054953958159673,0.04237398553670054,-0.04228313820156146
2533,10.000000000000002,-0.0421857561147968,1.6164378075240697e-5,0.004020494755032109,0.00329566875152137,0.0421857561147968,-0.04205198390132367
2534,25.000000000000004,-0.04219548973169835,9.266723853024631e-6,0.0030441294080614627,0.03376070355377203,0.04219548973169835,-0.041877485001428655
2535,10.000000000000002,-0.042330250796782216,5.437880511479906e-5,0.007374198608309859,0.01461359396425965,0.042330250796782216,-0.0425875762911003
2536,4.000000000000001,-0.041902936753815644,0.00010573374814700742,0.010282691678106828,0.020778174503843127,0.041902936753815644,-0.04264675116629519
2537,1.6000000000000005,-0.042722426348598234,0.0012240334973369622,0.03498619009462108,0.004528885684301697,0.042722426348598234,-0.04448881805448084
2538,4.000000000000001,-0.04235799064946548,0.00014492041786049874,0.01203828965677844,0.012054587177638356,0.04235799064946548,-0.04239047929593035
2539,10.000000000000002,-0.04222329304062386,2.6951431959805896e-5,0.00519147685729272,0.003911391719492867,0.04222329304062386,-0.04223187210676807
2540,25.000000000000004,-0.042264314481778406,8.368539524596564e-6,0.002892842810212225,0.024366758961683176,0.042264314481778406,-0.04201706689707825
2541,10.000000000000002,-0.04222506941126763,2.9156456558608035e-5,0.005399671893606873,0.015733222051785893,0.04222506941126763,-0.04232521838338993
2542,4.000000000000001,-0.04217309764402909,3.3634194344178795e-5,0.005799499490833566,0.013974394631191366,0.04217309764402909,-0.04212379381058357
2543,1.6000000000000005,-0.04217421044922646,0.0016531793879315205,0.040659308748815695,0.013663171696615661,0.04217421044922646,-0.04486699943689823
2544,4.000000000000001,-0.042254563355010655,0.0001402400846605625,0.011842300648968615,0.003866837777665729,0.042254563355010655,-0.04259475444372595
2545,10.000000000000002,-0.04222980315735187,3.854488342616339e-5,0.006208452579037983,0.021208364272094035,0.04222980315735187,-0.04188459765600915
2546,4.000000000000001,-0.042372099669150703,0.00019882004167134102,0.014100356083139922,0.00812493766668548,0.042372099669150703,-0.04297056118470897
2547,10.000000000000002,-0.04225782623983965,1.8843943485112424e-5,0.00434096112457972,0.016560198954746808,0.04225782623983965,-0.04222139816945617
2548,4.000000000000001,-0.04215720851452067,2.0585672746981614e-5,0.004537143677136708,0.020579476343859232,0.04215720851452067,-0.04197244434543455
2549,1.6000000000000005,-0.0417403899995664,0.0007977510757588556,0.028244487528699395,0.003919630605328433,0.0417403899995664,-0.04352621712657112
2550,4.000000000000001,-0.04215969215437586,8.133664423627852e-5,0.009018683065518963,0.01578896797947135,0.04215969215437586,-0.042404734317492934
2551,1.6000000000000005,-0.04261783653811766,0.00023353824759467375,0.015281958238219137,0.008000525556870107,0.04261783653811766,-0.04263843861087868
2552,4.000000000000001,-0.04263665172405454,4.616955313888806e-5,0.006794818109330672,0.011857249826851077,0.04263665172405454,-0.04227979961086354
2553,1.6000000000000005,-0.042580073572979965,6.59387816357847e-5,0.008120269800676866,0.021728147541741287,0.042580073572979965,-0.04211787077694845
2554,0.6400000000000002,-0.04201145973257732,0.00016507334342846238,0.012848087150563013,0.008053667620312075,0.04201145973257732,-0.04215457013906942
2555,1.6000000000000005,-0.04185149682475076,0.0001740290120862146,0.01319200561272677,0.010936734902252266,0.04185149682475076,-0.04238588802221637
2556,4.000000000000001,-0.0420292125906432,1.9311524147396105e-5,0.0043944879277790835,0.0037172170251088673,0.0420292125906432,-0.04229234345646757
2557,10.000000000000002,-0.04222619806720668,9.953109108994457e-6,0.0031548548475317305,0.009927479188770554,0.04222619806720668,-0.04214080923226531
2558,4.000000000000001,-0.042249924468748326,7.668102367882837e-5,0.00875677016249875,0.0049527970272432095,0.042249924468748326,-0.04246167770143812
2559,10.000000000000002,-0.042462208192114596,1.2093939283071973e-5,0.003477634150262499,0.013301599835015826,0.042462208192114596,-0.04225164505021508
2560,4.000000000000001,-0.042394651595805945,1.5125449177744658e-5,0.003889145044575306,0.009375296899537177,0.042394651595805945,-0.042112674806451644
2561,1.6000000000000005,-0.042252081897425096,0.0005276148277937784,0.022969867822731988,0.005105772615230657,0.042252081897425096,-0.043078222705804144
2562,4.000000000000001,-0.04208974715808779,5.622915006871011e-5,0.0074986098757509785,0.0026625416625405663,0.04208974715808779,-0.04238825267743931
2563,10.000000000000002,-0.04217961346302007,1.1871249462375126e-5,0.0034454679598532223,0.01271426516496533,0.04217961346302007,-0.04220548443796493
2564,4.000000000000001,-0.04227928084519265,6.111510348860583e-5,0.007817614948857857,0.0101534091662492,0.04227928084519265,-0.042416355966889065
2565,1.6000000000000005,-0.042448069522391225,8.454075272221736e-5,0.009194604544090918,0.012309528563763937,0.042448069522391225,-0.04228561265994104
2566,0.6400000000000002,-0.04296584088347269,0.001672927507471293,0.040901436496427516,0.0031185837956569985,0.04296584088347269,-0.043345142174953256
2567,1.6000000000000005,-0.04267498069932785,0.00020706574191002748,0.014389779077874249,0.003453345010351228,0.04267498069932785,-0.04250702601736474
2568,4.000000000000001,-0.0423848151413763,7.778216930501725e-5,0.00881942000955943,0.017400449813556703,0.0423848151413763,-0.04195609915696097
2569,1.6000000000000005,-0.04218154551277342,0.00042173349608797255,0.02053615095600859,0.013687392423909372,0.04218154551277342,-0.042813699686658074
2570,4.000000000000001,-0.042274130256744764,6.321752022340129e-5,0.007950944612019461,0.015104691712296687,0.042274130256744764,-0.04211574493552299
2571,1.6000000000000005,-0.0420877330964785,0.0002981070463896683,0.017265776738672033,0.01144612325236822,0.0420877330964785,-0.04259416897916931
2572,4.000000000000001,-0.04222999492573239,3.0484745086651707e-5,0.005521299220894635,0.009052210656182795,0.04222999492573239,-0.04228906372608931
2573,1.6000000000000005,-0.04218616386814895,9.622176952127305e-5,0.009809269571240922,0.006902429066969849,0.04218616386814895,-0.04234847718127285
2574,4.000000000000001,-0.04254447800935408,6.343070916161597e-5,0.007964339844683675,0.02853074162946847,0.04254447800935408,-0.041949862447862245
2575,1.6000000000000005,-0.041792440914374875,0.00047785078150047576,0.021859798295054685,0.008171925111630453,0.041792440914374875,-0.0429710629527513
2576,4.000000000000001,-0.042046119496553014,1.6644695778661278e-5,0.004079791144000055,0.009279122078680174,0.042046119496553014,-0.042287933279112455
2577,1.6000000000000005,-0.042105422328702694,1.755071440065119e-5,0.0041893572777517065,0.0018605199576253973,0.042105422328702694,-0.04219965302833584
2578,4.000000000000001,-0.04237756166983148,1.8587222037530896e-5,0.004311290066503401,0.007124078126167623,0.04237756166983148,-0.04230766346069671
2579,1.6000000000000005,-0.04272535739902194,2.2529059197081723e-5,0.004746478610199536,0.008106512720511893,0.04272535739902194,-0.04225669920569325
2580,0.6400000000000002,-0.042534100514420095,4.221646106895648e-5,0.006497419570025972,0.000813927814403212,0.042534100514420095,-0.04226793600093381
2581,1.6000000000000005,-0.04249353270680752,9.575032001937188e-6,0.0030943548603767457,0.0008779910026863005,0.04249353270680752,-0.04224782056575963
2582,4.000000000000001,-0.042364599316545015,5.646424492724518e-6,0.002376220632164555,0.0016118091216548078,0.042364599316545015,-0.04222608110501554
2583,10.000000000000002,-0.04230393126911504,3.51484633420509e-6,0.0018747923442891188,0.007815310658987086,0.04230393126911504,-0.042225115823253466
2584,4.000000000000001,-0.04232095963001839,7.710161671487815e-6,0.00277671778751241,0.0010771214309679702,0.04232095963001839,-0.042238581236133416
2585,10.000000000000002,-0.04229036453443172,2.3954288935697453e-6,0.0015477173170736784,0.0023176487229674106,0.04229036453443172,-0.042198272457744414
2586,4.000000000000001,-0.042233900504513214,4.628313361534994e-6,0.002151351519751013,0.0016337713979998223,0.042233900504513214,-0.042193908252715115
2587,10.000000000000002,-0.042151679477312715,4.629116680165762e-6,0.002151538212573916,0.015431262470015259,0.042151679477312715,-0.04212919098844085
2588,4.000000000000001,-0.042415419782998516,2.2359368732068147e-5,0.004728569417071948,0.0024284238433454224,0.042415419782998516,-0.04224363015875259
2589,10.000000000000002,-0.042409097495090635,1.9018152597140684e-6,0.0013790631819151971,0.0015335449558626696,0.042409097495090635,-0.04214580814194274
2590,25.000000000000004,-0.042277193520219164,1.352473116385922e-6,0.0011629587767354103,0.010615718880238692,0.042277193520219164,-0.042104724482393885
2591,10.000000000000002,-0.042323403477166635,2.059826559794858e-6,0.0014352095874104443,0.0025320434102686956,0.042323403477166635,-0.042075718866971236
2592,4.000000000000001,-0.04228013644334419,0.0003543545431985689,0.018824307243523436,0.008256807525718713,0.04228013644334419,-0.04372167610611528
2593,10.000000000000002,-0.04218827242817577,3.8903684671939746e-5,0.006237281833614683,0.016337031124198122,0.04218827242817577,-0.042447920244847094
2594,4.000000000000001,-0.04207197621447429,8.406852615682362e-5,0.009168889036127748,0.02245065576819328,0.04207197621447429,-0.04251942262979803
2595,1.6000000000000005,-0.042278604986085606,0.0007281178403747277,0.026983658765533033,0.0034860087937136604,0.042278604986085606,-0.04359795100429778
2596,4.000000000000001,-0.04258821445496192,0.00011376961022538288,0.010666283805777103,0.016622467199452033,0.04258821445496192,-0.042212973910624174
2597,1.6000000000000005,-0.041806752414486996,0.0002793138872766031,0.016712686417108505,0.013726798641090197,0.041806752414486996,-0.04239015211871603
2598,4.000000000000001,-0.041961121473539816,6.395248265000154e-5,0.007997029614175599,0.003063784094735439,0.041961121473539816,-0.04246294013067841
2599,10.000000000000002,-0.04215910281497923,1.0092040809993603e-5,0.0031767972566711907,0.009695781286381811,0.04215910281497923,-0.04223430572652142
2600,4.000000000000001,-0.042309728808613604,1.0166284688266217e-5,0.003188461178729673,0.0024654181252138766,0.042309728808613604,-0.042094936214913316
2601,10.000000000000002,-0.042402919149861606,8.290499582334228e-6,0.002879322764528879,0.01843836094571446,0.042402919149861606,-0.0422489806901543
2602,4.000000000000001,-0.042364081477910175,1.1588461333939091e-5,0.003404182917226848,0.0019164321578746684,0.042364081477910175,-0.04218604595546667
2603,10.000000000000002,-0.042271509925839654,6.064558480494687e-6,0.0024626324290268507,0.002619194901517134,0.042271509925839654,-0.04209746861582754
2604,25.000000000000004,-0.042249766689876546,4.078855783255808e-6,0.0020196177319621177,0.013590009989205672,0.042249766689876546,-0.04210274248274294
2605,10.000000000000002,-0.042068356797231296,5.606077531745388e-6,0.002367715677978542,0.020885068653425504,0.042068356797231296,-0.04200816289854996
2606,4.000000000000001,-0.042515734453012856,0.0003417143517625448,0.018485517351768784,0.013447170805855689,0.042515734453012856,-0.04343021811130982
2607,10.000000000000002,-0.0423767043392044,2.9692996079588633e-5,0.005449128010937955,0.013826811284699142,0.0423767043392044,-0.042472449702599654
2608,4.000000000000001,-0.04242524304597895,0.00011640473716645335,0.010789102704416773,0.0029004791293327455,0.04242524304597895,-0.042808705808033316
2609,10.000000000000002,-0.042425872927418284,1.707952115004195e-5,0.004132737730614169,0.019433798765860173,0.042425872927418284,-0.042317049895948755
2610,4.000000000000001,-0.04193447456674749,3.2848843900302525e-5,0.00573139109643571,0.012057349900912801,0.04193447456674749,-0.04232944513584601
2611,1.6000000000000005,-0.042278550681466846,0.00014988521518142456,0.012242761746494316,0.0018579000647816987,0.042278550681466846,-0.042577864406381845
2612,4.000000000000001,-0.0422806377811178,2.8262612940561287e-5,0.005316259299597913,0.002228309397080109,0.0422806377811178,-0.042346153920394834
2613,10.000000000000002,-0.0422543593496088,1.3695974004866261e-5,0.003700807209902491,0.014915464810488359,0.0422543593496088,-0.04215012785357735
2614,4.000000000000001,-0.0422286762272718,5.5696218279967394e-5,0.007462989902175092,0.009529972930653574,0.0422286762272718,-0.042513012779332414
2615,1.6000000000000005,-0.042105808329592605,5.3226944324215797e-5,0.007295679839755566,0.0016059122457401875,0.042105808329592605,-0.04222883001870113
2616,4.000000000000001,-0.042248051667414986,4.538601784152245e-5,0.006736914563917406,0.010741931025249694,0.042248051667414986,-0.04197602531049746
2617,1.6000000000000005,-0.042397689078629335,0.0006634618201483377,0.025757752622236625,0.008527562714310294,0.042397689078629335,-0.043229667865871915
2618,4.000000000000001,-0.042404236930598006,5.2760242980399984e-5,0.007263624644789954,0.0028844888624812836,0.042404236930598006,-0.04236997372683875
2619,10.000000000000002,-0.04234092331719197,2.436522863677171e-5,0.004936114730916585,0.020589472638175472,0.04234092331719197,-0.04198261365944733
2620,4.000000000000001,-0.04223197365654527,0.00013472446608935626,0.011607086890747232,0.003928368235851655,0.04223197365654527,-0.04285069581385478
2621,10.000000000000002,-0.04228110669122073,3.7004985952718584e-5,0.006083172359280854,0.04547990586935182,0.04228110669122073,-0.041992373289056015
2622,4.000000000000001,-0.042076090132576904,0.00015414156003958177,0.012415375952406023,0.012117964374451456,0.042076090132576904,-0.04281034953166939
2623,10.000000000000002,-0.041881963259005395,2.6892915730496127e-5,0.005185837996938983,0.026007360229721617,0.041881963259005395,-0.04210029974491221
2624,4.000000000000001,-0.04257855785794108,0.0001256484739748785,0.01120930301021783,0.009943706712604763,0.04257855785794108,-0.04276852986295778
2625,10.000000000000002,-0.04260125178058824,7.276904847158093e-6,0.0026975738816866707,0.007159353848294884,0.04260125178058824,-0.042314932645049125
2626,4.000000000000001,-0.0424270652920255,7.211645749276316e-6,0.002685450753463246,0.00261907093083889,0.0424270652920255,-0.04221464319020711
2627,10.000000000000002,-0.042515279261489104,7.177246629948804e-6,0.002679038377841722,0.015872002482247245,0.042515279261489104,-0.04211382079993636
2628,4.000000000000001,-0.04204363806404466,7.932850844454006e-5,0.008906655289419259,0.004146605492692246,0.04204363806404466,-0.042612443223735155
2629,10.000000000000002,-0.04199736076634424,9.501228732978964e-6,0.0030824063218496947,0.01975823355445027,0.04199736076634424,-0.042274591432647474
2630,4.000000000000001,-0.04229714074258728,3.354196927355977e-5,0.00579154290958461,0.002146098104044648,0.04229714074258728,-0.04240526288181105
2631,10.000000000000002,-0.042292913019301326,5.198965577356888e-6,0.0022801240267487396,0.0024126021692750174,0.042292913019301326,-0.04227624075059083
2632,25.000000000000004,-0.04228875871539911,2.5848919766106e-6,0.0016077599250542973,0.0037784367737245025,0.04228875871539911,-0.04221189529373992
2633,10.000000000000002,-0.042404767829153665,1.4501834097629941e-5,0.0038081273741341613,0.009989298706741796,0.042404767829153665,-0.04237948751290067
2634,4.000000000000001,-0.04229156457523058,1.4833472426440346e-5,0.003851424726830364,0.0021245517232440178,0.04229156457523058,-0.042213656569939265
2635,10.000000000000002,-0.04233699858466722,7.939444926181628e-6,0.002817702064836101,0.0020428275421242714,0.04233699858466722,-0.04231907395862937
2636,25.000000000000004,-0.04229209682248081,2.744673265019232e-6,0.0016567055456595877,0.03054885825340589,0.04229209682248081,-0.042230056794410824
2637,10.000000000000002,-0.042251189636131,1.0779551459343945e-5,0.003283222724602147,0.007438571624535404,0.042251189636131,-0.04236380379693438
2638,4.000000000000001,-0.042299473728409684,9.26529828963521e-6,0.003043895249451796,0.0017400661128522967,0.042299473728409684,-0.04225731542603327
2639,10.000000000000002,-0.04235111217367509,4.1977604553518355e-6,0.002048843687388532,0.011598604890824198,0.04235111217367509,-0.0422900315912901
2640,4.000000000000001,-0.0423707615556454,5.105742163610808e-6,0.002259588936866794,0.0016168548702331972,0.0423707615556454,-0.04225223894911876
2641,10.000000000000002,-0.042309315383794996,2.553048257741797e-6,0.0015978261037239933,0.005298975957770947,0.042309315383794996,-0.042277928417020674
2642,4.000000000000001,-0.04221303977458095,2.555002921060961e-6,0.0015984376500386122,0.0019608049449196265,0.04221303977458095,-0.042242809699397074
2643,10.000000000000002,-0.04230986450817102,2.533619626866999e-6,0.0015917347853417663,0.008770702783440266,0.04230986450817102,-0.04220719102828219
2644,4.000000000000001,-0.04224152482658752,4.948927365701481e-5,0.007034861310432126,0.005808008650616115,0.04224152482658752,-0.0424378005032014
2645,10.000000000000002,-0.04226330627883093,3.1950922294618894e-6,0.0017874820920674673,0.0029010537418680277,0.04226330627883093,-0.04227784101478623
2646,4.000000000000001,-0.042359783911788955,7.988377118312934e-6,0.0028263717233076285,0.001474870242090967,0.042359783911788955,-0.042293585127586526
2647,10.000000000000002,-0.042324741582601404,2.6200150754280685e-6,0.001618646062432448,0.008955222227788943,0.042324741582601404,-0.04225484798691848
2648,4.000000000000001,-0.04234704681957933,3.2153443291988784e-6,0.0017931381232908074,0.014175274697867715,0.04234704681957933,-0.042218191123257885
2649,1.6000000000000005,-0.04219597048854679,0.000147207430090182,0.012132906910142432,0.006938843011667734,0.04219597048854679,-0.0424856639583439
2650,4.000000000000001,-0.0422490673258884,1.0146448575077915e-5,0.003185349050744347,0.0016123554883399006,0.0422490673258884,-0.042333036810387574
2651,10.000000000000002,-0.04231874813075586,5.669119261441402e-6,0.00238099123506186,0.0026392830252727133,0.04231874813075586,-0.04224259787360166
2652,25.000000000000004,-0.04231915583893624,1.6133188001510282e-6,0.001270164871247441,0.005384704031315635,0.04231915583893624,-0.04228358470785626
2653,10.000000000000002,-0.04230696508557877,2.8628446594485186e-6,0.0016919942846973565,0.00664618793955845,0.04230696508557877,-0.04228754048982604
2654,4.000000000000001,-0.042249665285901176,4.630036780422471e-6,0.0021517520257739904,0.019441017245787097,0.042249665285901176,-0.04225838697463589
2655,1.6000000000000005,-0.04224512543766267,3.486843128848228e-5,0.0059049497278539365,0.001208367301693791,0.04224512543766267,-0.042333113936384434
2656,4.000000000000001,-0.04242935424060704,4.630875514287172e-6,0.0021519469125160064,0.006605302175136106,0.04242935424060704,-0.042294844781464704
2657,1.6000000000000005,-0.042238429377754044,1.1649907805092342e-5,0.0034131961275456093,0.0020425477726751097,0.042238429377754044,-0.04230823015149933
2658,4.000000000000001,-0.04216426076830408,3.093172208652327e-6,0.0017587416548920218,0.013585273657114143,0.04216426076830408,-0.04228486484565694
2659,1.6000000000000005,-0.04252235231964426,1.5711448906355128e-5,0.003963767009595181,0.0013223369703860462,0.04252235231964426,-0.042311729835951724
2660,4.000000000000001,-0.04236658669661176,1.848416495381232e-6,0.001359564818381688,0.0015158131306867392,0.04236658669661176,-0.04228895863101009
2661,10.000000000000002,-0.042316485183266576,1.2311553722160352e-6,0.0011095744104006884,0.0026632452043668865,0.042316485183266576,-0.042273288004744454
2662,4.000000000000001,-0.04219698141467119,3.6990318321528745e-6,0.0019232867264536702,0.0016700073133706934,0.04219698141467119,-0.04227677357647356
2663,10.000000000000002,-0.04201026154981966,3.061768743339632e-6,0.0017497910570521361,0.04111383054511811,0.04201026154981966,-0.042235055649974845
2664,4.000000000000001,-0.04280293272144724,1.884633386629678e-5,0.0043412364444126725,0.006872634579927016,0.04280293272144724,-0.04233390072334105
2665,1.6000000000000005,-0.04297947166521898,1.0908139662532107e-5,0.003302747290140756,0.0011315354846369587,0.04297947166521898,-0.04229744294084646
2666,4.000000000000001,-0.04258886032402202,2.1338292800412638e-6,0.0014607632525639683,0.0035161456571344337,0.04258886032402202,-0.04229210118213762
2667,1.6000000000000005,-0.042359710205456036,2.1397207663344833e-6,0.0014627784406171986,0.0016244655302836638,0.042359710205456036,-0.04228098996523953
2668,4.000000000000001,-0.04215847052912604,2.206899096388997e-6,0.0014855635618811459,0.007541620451312674,0.04215847052912604,-0.042284854290962716
2669,1.6000000000000005,-0.04228797449126467,6.8363249547274494e-6,0.0026146366773851103,0.004318037634610963,0.04228797449126467,-0.0422919399850361
2670,0.6400000000000002,-0.03750396982815431,0.006971878709049521,0.08349777667129539,0.00887408609905409,0.03750396982815431,-0.04843154987442129
2671,1.6000000000000005,-0.04051037114991581,0.0012089080655319187,0.03476935526482938,0.007685531938797693,0.04051037114991581,-0.04394420399317164
2672,4.000000000000001,-0.04249943472724552,0.00022905519414992182,0.015134569506593896,0.01490548638418127,0.04249943472724552,-0.04202495025668373
2673,10.000000000000002,-0.042453534531176305,6.423977207050514e-5,0.008014971744835108,0.020639596180745973,0.042453534531176305,-0.041721914388404446
2674,4.000000000000001,-0.04255532224191998,0.00022252607687286446,0.0149173079633312,0.012480606798242727,0.04255532224191998,-0.042849836175865234
2675,10.000000000000002,-0.04224073854353235,2.5092240611806812e-5,0.005009215568510385,0.010800915564118834,0.04224073854353235,-0.04217859517331563
2676,4.000000000000001,-0.04200455536048623,0.00013473908387438534,0.011607716565904999,0.006375524205661154,0.04200455536048623,-0.04287057224136413
2677,10.000000000000002,-0.04196578377224183,2.2031480544431612e-5,0.004693770397498328,0.013844333403097904,0.04196578377224183,-0.042258068689795925
2678,4.000000000000001,-0.042255149562290435,6.463732814375534e-5,0.008039734332908976,0.0024153159914338763,0.042255149562290435,-0.04251061644309636
2679,10.000000000000002,-0.04239732784674856,8.692528406400067e-6,0.0029483094149698854,0.0030604289422237556,0.04239732784674856,-0.04228038089733694
2680,25.000000000000004,-0.042362789720164634,5.514676625811084e-6,0.0023483348623676062,0.018538989164236786,0.042362789720164634,-0.042076052234982925
2681,10.000000000000002,-0.042199184063884745,1.647392047863313e-5,0.004058807765666308,0.020809360209717326,0.042199184063884745,-0.04234627246929738
2682,4.000000000000001,-0.04195399240938362,0.00013272852476653218,0.011520786638356435,0.0040941113673777715,0.04195399240938362,-0.04284763817385308
2683,10.000000000000002,-0.04207522827467442,3.0520571244545955e-5,0.00552454262763407,0.02323882579274873,0.04207522827467442,-0.042193897455948794
2684,4.000000000000001,-0.04219993351121137,5.079893119846535e-5,0.007127336893852104,0.010330093734488621,0.04219993351121137,-0.042168412544303945
2685,1.6000000000000005,-0.04278970344044056,0.0005439665089541374,0.02332308960995814,0.005811411727444198,0.04278970344044056,-0.04326321843825674
2686,4.000000000000001,-0.04240532346243192,6.441448470696041e-5,0.008025863486688545,0.0027127905381995865,0.04240532346243192,-0.042429311225952775
2687,10.000000000000002,-0.04243102494237004,1.7684348596726377e-5,0.004205276280665323,0.018276043309477588,0.04243102494237004,-0.04208926814377438
2688,4.000000000000001,-0.04191226177301819,0.00010452708911354488,0.010223849036128461,0.0067184334211601105,0.04191226177301819,-0.0425893558252966
2689,10.000000000000002,-0.04208850171969831,1.1819101414248615e-5,0.0034378920015394046,0.011283077280046206,0.04208850171969831,-0.042244591555962906
2690,4.000000000000001,-0.04226664550157747,2.5772387117649355e-5,0.005076651171554862,0.012830218227946647,0.04226664550157747,-0.042276889070888966
2691,1.6000000000000005,-0.04261581404878242,9.13756933848009e-5,0.009559063415670015,0.010613127585025871,0.04261581404878242,-0.042401174533394294
2692,4.000000000000001,-0.042639171440400844,1.2347745750783228e-5,0.0035139359343595365,0.009555482241536089,0.042639171440400844,-0.0423564538322776
2693,1.6000000000000005,-0.04218139482305765,1.3450978482328953e-5,0.0036675575636012795,0.0014999842855578168,0.04218139482305765,-0.04231260658388441
2694,4.000000000000001,-0.04221397484087975,9.06628783740024e-6,0.0030110277045222017,0.0011946709380562053,0.04221397484087975,-0.04226492957982285
2695,10.000000000000002,-0.04222719936919443,5.910294491494373e-6,0.0024311097242811506,0.0019140855905393434,0.04222719936919443,-0.04222478741903169
2696,25.000000000000004,-0.042275860409278755,3.967641191268877e-6,0.0019918938704832838,0.031707540630539,0.042275860409278755,-0.042107237214300305
2697,10.000000000000002,-0.04230456812884188,3.893387398682748e-5,0.006239701434109446,0.012807942582956804,0.04230456812884188,-0.0426778426867103
2698,4.000000000000001,-0.04217630712052927,3.555250757617205e-5,0.005962592353680742,0.011979145671735239,0.04217630712052927,-0.04230741234484103
2699,1.6000000000000005,-0.04227351642464577,0.00031275153721259895,0.017684782645330955,0.009590134862920372,0.04227351642464577,-0.04281944354113266
2700,4.000000000000001,-0.042363685923008626,3.3893193497847664e-5,0.005821786108905725,0.0016510382045737627,0.042363685923008626,-0.0423968147924367
2701,10.000000000000002,-0.04234641431415894,1.0656111735411892e-5,0.0032643700365326067,0.014796973473324657,0.04234641431415894,-0.04226897264221123
2702,4.000000000000001,-0.04220006499394959,1.9975055688687586e-5,0.004469346226092535,0.00221380364049374,0.04220006499394959,-0.04227568098309896
2703,10.000000000000002,-0.04219560684986144,4.622348163424665e-6,0.0021499646888785556,0.0022940932795744444,0.04219560684986144,-0.0422320320852016
2704,25.000000000000004,-0.042236461151048815,3.6435004300996403e-6,0.0019087955443419394,0.003208583303391845,0.042236461151048815,-0.04210774071341424
2705,10.000000000000002,-0.04230026329699249,1.3989095866828071e-5,0.0037401999768499105,0.031553646412225335,0.04230026329699249,-0.04221467054130771
2706,4.000000000000001,-0.042189108980205337,3.2501348110450865e-5,0.005700995361377771,0.013958200306822233,0.042189108980205337,-0.04224488718238759
2707,1.6000000000000005,-0.04244534066395361,5.6886043958346976e-5,0.00754228373626629,0.006057544434300574,0.04244534066395361,-0.04233630375902572
2708,4.000000000000001,-0.04255089269462899,0.00015555419833648718,0.012472136879319725,0.015301944426268959,0.04255089269462899,-0.043111491539086395
2709,10.000000000000002,-0.04238683033860813,2.4173395396768275e-5,0.004916644729565913,0.014502108601635859,0.04238683033860813,-0.04244176795513747
2710,4.000000000000001,-0.0422062841536801,2.9746004957453647e-5,0.005453989820072425,0.011710774110417222,0.0422062841536801,-0.04226819431930205
2711,1.6000000000000005,-0.04201539673741072,7.536359029634284e-5,0.008681220553375132,0.0013236592413383352,0.04201539673741072,-0.042354327822606584
2712,4.000000000000001,-0.042290157734622906,1.5046438774818982e-5,0.003878973933248196,0.0018637906855652954,0.042290157734622906,-0.042303374512863715
2713,10.000000000000002,-0.04235647986627687,8.130989248798556e-6,0.0028514889529504678,0.002124423948598949,0.04235647986627687,-0.04219040144092721
2714,25.000000000000004,-0.04233550993602617,7.6209452584946535e-6,0.0027606059585704463,0.016722921788652558,0.04233550993602617,-0.041931371586831696
2715,10.000000000000002,-0.042406359260444934,6.074965804351238e-5,0.007794206697510169,0.007401408242132116,0.042406359260444934,-0.042895556424107924
2716,25.000000000000004,-0.04226533073405103,7.9771825656955e-6,0.002824390653874832,0.012356044466592093,0.04226533073405103,-0.04234415017192327
2717,10.000000000000002,-0.04204863192376443,9.761329851825994e-6,0.003124312700711309,0.01217708944646621,0.04204863192376443,-0.04217964057048461
2718,4.000000000000001,-0.04191000252149445,1.4277727725018731e-5,0.0037785880597147304,0.011174433935485268,0.04191000252149445,-0.04214836736642265
2719,1.6000000000000005,-0.0417461427105967,1.587153983808415e-5,0.00398391011922761,0.013954802139956148,0.0417461427105967,-0.04206848795020305
2720,0.6400000000000002,-0.041939041190184254,0.0027307263290292172,0.05225635204479181,0.004995392080152023,0.041939041190184254,-0.04510137439983225
2721,1.6000000000000005,-0.042627170739835414,0.00043318638567514737,0.020813130126800902,0.0023392612032275975,0.042627170739835414,-0.04310194523383372
2722,4.000000000000001,-0.042691860872429654,0.00011437575571359904,0.010694660149513823,0.013429803462975344,0.042691860872429654,-0.04210900689108115
2723,1.6000000000000005,-0.041967074772790734,0.0003526797372605876,0.018779769361219206,0.003336009554120154,0.041967074772790734,-0.04262996898373552
2724,4.000000000000001,-0.04194945638030228,5.8667201710551635e-5,0.007659451789165569,0.009645991942787304,0.04194945638030228,-0.042043957285432296
2725,1.6000000000000005,-0.04241565802627835,0.00034724781348831845,0.018634586485573496,0.002695010020431356,0.04241565802627835,-0.04270564621251031
2726,4.000000000000001,-0.04248762998379579,6.199759808333837e-5,0.00787385535067405,0.017177008265746828,0.04248762998379579,-0.04210507303805222
2727,1.6000000000000005,-0.042259352001317786,0.00033363807986772027,0.01826576250441575,0.007526588534309385,0.042259352001317786,-0.04282360911245701
2728,4.000000000000001,-0.042373169293756896,3.9137873125235335e-5,0.006256026944094418,0.011397807236373887,0.042373169293756896,-0.042284397110426586
2729,1.6000000000000005,-0.0417481613837726,0.0001301215662773895,0.011407084039200795,0.008683407400230346,0.0417481613837726,-0.04250155200681214
2730,4.000000000000001,-0.041984913077305216,2.3491014918590922e-5,0.0048467530284295405,0.008099631659700015,0.041984913077305216,-0.04226606853516925
2731,1.6000000000000005,-0.04218894143565186,2.812215856649816e-5,0.0053030329592128845,0.010646305889894854,0.04218894143565186,-0.04215498978982413
2732,0.6400000000000002,-0.04305832225623265,0.0006104691350282733,0.024707673606154692,0.010895730004789597,0.04305832225623265,-0.0425980653214647
2733,1.6000000000000005,-0.04287722465779709,7.170090680788447e-5,0.008467638797674619,0.0010242704007876295,0.04287722465779709,-0.042383981571768994
2734,4.000000000000001,-0.042567158232617766,1.5601234009727782e-5,0.0039498397448159564,0.00724561369117916,0.042567158232617766,-0.04228432599133427
2735,1.6000000000000005,-0.042137252839856136,1.6578113557007144e-5,0.0040716229635130935,0.0010937400870296113,0.042137252839856136,-0.04221927284623951
2736,4.000000000000001,-0.042269047599345994,1.3125260418790231e-5,0.003622880127576709,0.0013839617036248738,0.042269047599345994,-0.04214832290021403
2737,10.000000000000002,-0.04224431988534147,8.032317632478545e-6,0.002834134370928546,0.00696851477003443,0.04224431988534147,-0.042295842910356055
2738,4.000000000000001,-0.042377380101730755,1.3187186462065598e-5,0.0036314165916437624,0.006925736505570485,0.042377380101730755,-0.042299743116232864
2739,1.6000000000000005,-0.04218747959650979,1.4736166918408661e-5,0.0038387715376678334,0.010408156728439883,0.04218747959650979,-0.04223036321561729
2740,0.6400000000000002,-0.04145630804499373,0.001043719033883612,0.03230664070873993,0.010561338523643134,0.04145630804499373,-0.043035303032708326
2741,1.6000000000000005,-0.042088392026129934,0.00018965725392371737,0.013771610433196161,0.0059250224297399505,0.042088392026129934,-0.04246087075722971
2742,4.000000000000001,-0.042301577521040454,4.139414627175984e-5,0.006433828274966611,0.010994792930937103,0.042301577521040454,-0.04226141263153908
2743,1.6000000000000005,-0.04253849449622378,0.00014606558125735076,0.01208575944065373,0.0011722668684578997,0.04253849449622378,-0.04243827238012606
2744,4.000000000000001,-0.04249522254023941,2.0755459139825505e-5,0.004555815968608204,0.008770091369642812,0.04249522254023941,-0.04228083004132404
2745,1.6000000000000005,-0.041970335861471676,2.417780451505685e-5,0.004917093096033148,0.0015160578418230862,0.041970335861471676,-0.04218822971605979
2746,4.000000000000001,-0.042156555797666875,1.7617574689377257e-5,0.004197329471149157,0.0020646246564545137,0.042156555797666875,-0.042092322101002846
2747,10.000000000000002,-0.04217847278223677,1.1615962935792298e-5,0.0034082199071938267,0.012190851916378519,0.04217847278223677,-0.042124893972906106
2748,4.000000000000001,-0.04209988637791669,2.157247800951864e-5,0.004644618176935391,0.00970082544994107,0.04209988637791669,-0.042165048634330994
2749,1.6000000000000005,-0.04241024605304098,0.0006228666767524567,0.024957297064234676,0.008287393632038405,0.04241024605304098,-0.04335405710654557
2750,4.000000000000001,-0.042510862889703384,7.519622338743513e-5,0.008671575600053034,0.008669210532860223,0.042510862889703384,-0.04239951090954576
2751,10.000000000000002,-0.04240859050970804,4.5890943602307154e-5,0.00677428546802592,0.018254267587671884,0.04240859050970804,-0.041673006550762545
2752,4.000000000000001,-0.04190037610768751,0.0002319093572835797,0.015228570428099273,0.020571058468037376,0.04190037610768751,-0.04304302362687405
2753,1.6000000000000005,-0.04191460767710485,0.00043284670531485505,0.020804968284399164,0.0031395408847946045,0.04191460767710485,-0.043147356043638556
2754,4.000000000000001,-0.04219782394133059,6.261802848870105e-5,0.007913155406580934,0.008566295720724674,0.04219782394133059,-0.0423905349515698
2755,10.000000000000002,-0.042221956544255826,1.4050791892523924e-5,0.0037484385939380045,0.0038989879099547713,0.042221956544255826,-0.04220480199816534
2756,25.000000000000004,-0.04226898816057833,4.0036751074111836e-6,0.0020009185659119622,0.00944732236954377,0.04226898816057833,-0.04213524741745384
2757,10.000000000000002,-0.042296095172131815,1.972086591472643e-5,0.004440818158259402,0.00826254397806373,0.042296095172131815,-0.04243589578958182
2758,4.000000000000001,-0.042252804904846356,4.1921090128791346e-5,0.0064746498074252125,0.0010247537739170303,0.042252804904846356,-0.04248105420924408
2759,10.000000000000002,-0.04234822059703093,8.21764156477054e-6,0.002866642908485558,0.006934663754976554,0.04234822059703093,-0.04234539443929422
2760,4.000000000000001,-0.042296399731923034,8.966471033135326e-6,0.0029944066245477293,0.010288844798823166,0.042296399731923034,-0.04223043626224652
2761,1.6000000000000005,-0.042143606677698744,0.00016389043796162777,0.01280197008126592,0.007567113780879588,0.042143606677698744,-0.04253259884954352
2762,4.000000000000001,-0.042062069083475984,1.7947195336673987e-5,0.004236413027157998,0.0044645975646971136,0.042062069083475984,-0.04237758050489062
2763,10.000000000000002,-0.042262668653170715,5.844692074263964e-6,0.002417579796876199,0.011907059530828962,0.042262668653170715,-0.04228790573489467
2764,4.000000000000001,-0.04248143373626786,1.5515183533779913e-5,0.003938931775720406,0.0037537949336822075,0.04248143373626786,-0.0423082091727555
2765,10.000000000000002,-0.04234757244996417,2.4791264568182935e-6,0.0015745242001373918,0.006586123407367627,0.04234757244996417,-0.04228475543289138
2766,4.000000000000001,-0.04237029417725021,2.5396416014964628e-6,0.0015936253014734872,0.0014719838631270892,0.04237029417725021,-0.04225136086581995
2767,10.000000000000002,-0.042339978492039874,2.6393260380504053e-6,0.0016246002702358527,0.007768393525639232,0.042339978492039874,-0.04222738303948556
2768,4.000000000000001,-0.0421598585597303,6.299373137308312e-5,0.007936859036992098,0.0036710931619379737,0.0421598585597303,-0.04257728435196513
2769,10.000000000000002,-0.04215862124367044,9.98548015210361e-6,0.0031599810366683546,0.006842752864848827,0.04215862124367044,-0.04231267623334475
2770,4.000000000000001,-0.04248829048724678,1.2216124734199809e-5,0.0034951573261013313,0.0019827788361346577,0.04248829048724678,-0.042217201563959736
2771,10.000000000000002,-0.042399186007327984,7.381900007723458e-6,0.0027169652201902506,0.0018140566617362147,0.042399186007327984,-0.04212447208474275
2772,25.000000000000004,-0.0423536280791456,5.560627007276094e-6,0.0023580981759197587,0.027197083480477908,0.0423536280791456,-0.04200847828041059
2773,10.000000000000002,-0.042052527510378794,3.6771674595976306e-5,0.0060639652535264665,0.021211925013872108,0.042052527510378794,-0.042570516594398304
2774,4.000000000000001,-0.042045424072934746,0.00015707589771393402,0.01253299236870166,0.005633957138944394,0.042045424072934746,-0.043085779443787504
2775,10.000000000000002,-0.042012257679583005,2.869030522520394e-5,0.005356333188404539,0.017238651632138398,0.042012257679583005,-0.04225422565239793
2776,4.000000000000001,-0.042306722985274194,8.164349500224249e-5,0.009035679000619848,0.0094596891514364,0.042306722985274194,-0.04257112651168427
2777,10.000000000000002,-0.04247387339564285,4.196693372771422e-5,0.006478189077798997,0.025933828154561214,0.04247387339564285,-0.041831034893597886
2778,4.000000000000001,-0.04233760186846926,0.0002046660812134021,0.01430615536101164,0.006237346068561175,0.04233760186846926,-0.04315278490657309
2779,10.000000000000002,-0.04217674408839838,1.1272201892988367e-5,0.00335740999774951,0.004157549988290973,0.04217674408839838,-0.04230589962498688
2780,25.000000000000004,-0.04222292121077827,2.004782769639269e-6,0.0014159035170657882,0.009051315886033116,0.04222292121077827,-0.04225094483311934
2781,10.000000000000002,-0.042344237999602484,2.7681921369152008e-6,0.0016637884892362973,0.0018947948076075676,0.042344237999602484,-0.042211344098427035
2782,25.000000000000004,-0.042326870792031165,1.5596740924744163e-6,0.0012488691254388573,0.0019542386809730007,0.042326870792031165,-0.04215950209572736
2783,10.000000000000002,-0.042297685301626954,9.443924163718718e-6,0.0030730968360464525,0.01585020869077637,0.042297685301626954,-0.04226302137276971
2784,4.000000000000001,-0.042374908870255135,1.659190385414021e-5,0.004073316075894456,0.00559829925059313,0.042374908870255135,-0.042294111874972645
2785,1.6000000000000005,-0.04165804727415254,0.0009861026479235306,0.031402271381598026,0.005087132253267539,0.04165804727415254,-0.04419894433103376
2786,4.000000000000001,-0.04215738752822674,9.513711707084937e-5,0.009753825765864867,0.0036159897737079493,0.04215738752822674,-0.04259385842950243
2787,10.000000000000002,-0.04213514620840973,3.556516657880506e-5,0.0059636537943449615,0.017444902913293377,0.04213514620840973,-0.041899886415764274
2788,4.000000000000001,-0.04247250631906054,0.00014312506553651146,0.011963488853027426,0.006071378821450107,0.04247250631906054,-0.042801427207971615
2789,10.000000000000002,-0.04237786822485733,2.3035227151086757e-5,0.004799502802487645,0.013199107877613017,0.04237786822485733,-0.0421366218805812
2790,4.000000000000001,-0.042063152333077974,0.00011335578741855536,0.010646867493237405,0.002449679338315327,0.042063152333077974,-0.04264781290351429
2791,10.000000000000002,-0.04213451224989767,2.0438364908389455e-5,0.0045208809880806925,0.019302352753791028,0.04213451224989767,-0.0420851873828208
2792,4.000000000000001,-0.04227479964049867,9.987722011378512e-5,0.009993859120169,0.01300373196367516,0.04227479964049867,-0.04266814785710148
2793,1.6000000000000005,-0.04252439258925627,9.455870675049443e-5,0.00972413012821684,0.006615095055890849,0.04252439258925627,-0.04243248460641818
2794,4.000000000000001,-0.04226902807707408,2.1019782186216896e-5,0.004584733600354212,0.0015636722329057785,0.04226902807707408,-0.042367280333146524
2795,10.000000000000002,-0.04220516435740018,8.649264950333332e-6,0.002940963269123457,0.007535963853185943,0.04220516435740018,-0.04223289138417092
2796,4.000000000000001,-0.04246974465590934,1.0598615018975998e-5,0.0032555514155018345,0.00622374472709845,0.04246974465590934,-0.042132072183133924
2797,1.6000000000000005,-0.04248348212559713,0.0003664466724771558,0.019142796882304212,0.009303587058098882,0.04248348212559713,-0.04292035537277518
2798,4.000000000000001,-0.04243713251776018,5.032566821894263e-5,0.007094058656294197,0.010384535000590991,0.04243713251776018,-0.04229084910643558
2799,1.6000000000000005,-0.04174027603472197,5.499799548520504e-5,0.007416063341504376,0.0067157720606015655,0.04174027603472197,-0.04205649797513359
2800,4.000000000000001,-0.041676874091185895,4.3097385508444216e-5,0.006564859900138328,0.007790454807178898,0.041676874091185895,-0.04226511037735435
2801,10.000000000000002,-0.04203108641292288,8.138730079173673e-6,0.0028528459613469622,0.01479237310790899,0.04203108641292288,-0.0422110316808738
2802,4.000000000000001,-0.04263582811965276,5.519565880279765e-5,0.007429378089907503,0.020766875866205087,0.04263582811965276,-0.04250020886191224
2803,1.6000000000000005,-0.043687492658213416,0.00010285038371012038,0.010141517820825459,0.002370868120490989,0.043687492658213416,-0.04247842018208548
2804,4.000000000000001,-0.04309122786103725,1.716006757927847e-5,0.004142471192329341,0.002975727235186117,0.04309122786103725,-0.04233971895727298
2805,10.000000000000002,-0.042507435741950254,7.1696089574604e-6,0.0026776125480473083,0.01632777808978692,0.042507435741950254,-0.04224010946778913
2806,4.000000000000001,-0.04183166806685174,1.6351559816351377e-5,0.004043706198075149,0.012904752941960349,0.04183166806685174,-0.04225777476884698
2807,1.6000000000000005,-0.04149275717754827,0.00026038375344967227,0.01613641079824359,0.0026590971019990048,0.04149275717754827,-0.04281537460525168
2808,4.000000000000001,-0.04177790895298085,7.855299400815052e-5,0.008863012693669715,0.010418328452106733,0.04177790895298085,-0.042141968571996896
2809,10.000000000000002,-0.04197518510486001,1.99289982031112e-5,0.004464190654879247,0.015208195082704136,0.04197518510486001,-0.042194465512547276
2810,4.000000000000001,-0.042841100413885634,2.2528677883852098e-5,0.004746438442016508,0.017208137043933414,0.042841100413885634,-0.041957454245857326
2811,1.6000000000000005,-0.04331040591198638,0.0006539863385245143,0.0255731566007115,0.011808914587007963,0.04331040591198638,-0.04336970187534755
2812,4.000000000000001,-0.04266580775316312,5.080708184860159e-5,0.00712790865882845,0.009313548678363053,0.04266580775316312,-0.04243116521232812
2813,1.6000000000000005,-0.041804162472418784,5.9099944599278683e-5,0.007687648834284686,0.006712246175740641,0.041804162472418784,-0.04228544430342272
2814,4.000000000000001,-0.04196131814695012,1.8849620453262385e-5,0.004341614959120901,0.006270929400185677,0.04196131814695012,-0.04220923282564924
2815,1.6000000000000005,-0.041987522820701034,1.9266470444646192e-5,0.004389358773744315,0.004732078329755766,0.041987522820701034,-0.04210766967362457
2816,4.000000000000001,-0.04238918039584859,1.834691117620923e-5,0.0042833294498799915,0.008060837279402492,0.04238918039584859,-0.04201976940190906
2817,1.6000000000000005,-0.04237627800979859,0.0005157357490914554,0.022709816139534364,0.002631249239029576,0.04237627800979859,-0.043161484010029914
2818,4.000000000000001,-0.04234386038251569,6.697537620142757e-5,0.008183848495752323,0.01664250684730032,0.04234386038251569,-0.04226316497798981
2819,1.6000000000000005,-0.0419626638701961,0.00023833017564528069,0.015437945965875145,0.010636327481490836,0.0419626638701961,-0.04257571920318382
2820,4.000000000000001,-0.04217233940167908,2.135237431426589e-5,0.004620862940432868,0.0013567437670943237,0.04217233940167908,-0.04233289710656374
2821,10.000000000000002,-0.04231210692668985,7.077687635177063e-6,0.002660392383686486,0.003059777443939172,0.04231210692668985,-0.0422115289538691
2822,25.000000000000004,-0.04229375913634159,3.7224295358115137e-6,0.001929359877216149,0.016064961198492305,0.04229375913634159,-0.04213806360128433
2823,10.000000000000002,-0.04236249393820554,9.018483023648372e-6,0.0030030789239792505,0.021731611171577812,0.04236249393820554,-0.042180421450513025
2824,4.000000000000001,-0.042338918230574334,8.7957623203364e-5,0.009378572556810764,0.018700281964964465,0.042338918230574334,-0.04254267703415384
2825,1.6000000000000005,-0.04171378613655835,0.0007474629772362941,0.027339769151115634,0.0135882092603183,0.04171378613655835,-0.04361361976539454
2826,4.000000000000001,-0.042059478505352785,0.00012734832332937808,0.011284871436103208,0.018329507876912697,0.042059478505352785,-0.0421919270983042
2827,1.6000000000000005,-0.0426735799353889,0.00023986648550287256,0.015487623623489582,0.018473566288295117,0.0426735799353889,-0.0420676601488347
2828,4.000000000000001,-0.04242746231362694,7.659827702879965e-5,0.008752044162868447,0.010924299654524896,0.04242746231362694,-0.041797679257668224
2829,10.000000000000002,-0.04236335276920626,3.7012797269557194e-5,0.006083814368433442,0.01991641189337148,0.04236335276920626,-0.04220917477664941
2830,4.000000000000001,-0.042067849734802217,0.00012598063771991353,0.011224109662682093,0.004443946759936791,0.042067849734802217,-0.04281084411891477
2831,10.000000000000002,-0.04205944129257352,1.3684580514819068e-5,0.0036992675646429075,0.0056497537693204454,0.04205944129257352,-0.042315695860809084
2832,4.000000000000001,-0.04232352619457887,3.656901560334005e-5,0.006047232061310369,0.006667506711866813,0.04232352619457887,-0.0423776314749223
2833,10.000000000000002,-0.042245346734895196,6.782930087824495e-6,0.0026044058992070523,0.002008323932302816,0.042245346734895196,-0.04229033975370196
2834,25.000000000000004,-0.04226860615839267,2.960579713508238e-6,0.0017206335209765727,0.0027729638301472017,0.04226860615839267,-0.04218550805502345
2835,10.000000000000002,-0.042118429981656456,8.997792201401147e-6,0.00299963201099754,0.011928949097100556,0.042118429981656456,-0.042350667390805605
2836,4.000000000000001,-0.04231979147726257,5.114149493171426e-5,0.007151328193539593,0.010033387057466902,0.04231979147726257,-0.042522327877331345
2837,1.6000000000000005,-0.04254240851148344,0.00014156811596142054,0.011898240036300349,0.008591585719871734,0.04254240851148344,-0.04265601620108552
2838,4.000000000000001,-0.042755455515590846,3.058441253568423e-5,0.005530317580002457,0.005739248910897387,0.042755455515590846,-0.04243412979846099
2839,10.000000000000002,-0.04249183751385855,1.2964249909961105e-5,0.003600590216889601,0.007601045774618486,0.04249183751385855,-0.042219311715676465
2840,4.000000000000001,-0.042203482236153125,1.733313033192461e-5,0.004163307619180285,0.007193452055724254,0.042203482236153125,-0.042119773227217654
2841,1.6000000000000005,-0.04211974500983258,0.0003982153129925929,0.019955332946172383,0.0031538277927869313,0.04211974500983258,-0.042989501402417495
2842,4.000000000000001,-0.04212489418609225,4.7557960230564244e-5,0.006896227971185715,0.006493438488393287,0.04212489418609225,-0.04238404685301376
2843,10.000000000000002,-0.0419977772798518,2.3972740726361094e-5,0.004896196557161599,0.02217516845646459,0.0419977772798518,-0.04198603474936592
2844,4.000000000000001,-0.04242293419119044,2.8222501955641998e-5,0.005312485478158223,0.012052239920002395,0.04242293419119044,-0.04169996893993186
2845,1.6000000000000005,-0.0428161949291853,0.0011880368818927157,0.03446791090119498,0.005611133552619514,0.0428161949291853,-0.044334232793459515
2846,4.000000000000001,-0.0426730040464957,0.00016240578535001211,0.012743852845588422,0.013426457133380995,0.0426730040464957,-0.0421345816388076
2847,10.000000000000002,-0.042279663589157995,5.863119948181532e-5,0.007657101245367944,0.040689873743279696,0.042279663589157995,-0.04144663977795686
2848,4.000000000000001,-0.04207555093273752,0.00036443121757782806,0.019090081654561566,0.005981175965781056,0.04207555093273752,-0.04365855819906699
2849,10.000000000000002,-0.04194601867109246,4.587747436111912e-5,0.006773291250279964,0.02270658235967076,0.04194601867109246,-0.04197867518256517
2850,4.000000000000001,-0.042157635991243496,0.00019404630459149517,0.013930050415971049,0.002454453700528489,0.042157635991243496,-0.04293986988912357
2851,10.000000000000002,-0.04221352934949404,1.6490442001302237e-5,0.004060842523578357,0.012007701147801074,0.04221352934949404,-0.04222552272382984
2852,4.000000000000001,-0.04257669561940129,4.7262425385966925e-5,0.006874767296859358,0.01065294200440774,0.04257669561940129,-0.042339480465082124
2853,1.6000000000000005,-0.042101370199931466,0.00040514785131206947,0.020128284857683962,0.002953672886988198,0.042101370199931466,-0.04298735810309261
2854,4.000000000000001,-0.04222281884438456,3.561172051631692e-5,0.005967555656742291,0.0009542871322557602,0.04222281884438456,-0.04241090962200384
2855,10.000000000000002,-0.04223009627500002,1.9055177193098376e-5,0.004365223613183909,0.012871728340392316,0.04223009627500002,-0.04208128011107398
2856,4.000000000000001,-0.042384708408183855,3.369105091993995e-5,0.005804399272960118,0.01834675540966659,0.042384708408183855,-0.04207958634980875
2857,1.6000000000000005,-0.042402636069540915,0.0006980650844746375,0.026420921340381705,0.005373799890094308,0.042402636069540915,-0.04346425620248645
2858,4.000000000000001,-0.042491962560157796,8.135854264266527e-5,0.00901989704168874,0.013106019379891634,0.042491962560157796,-0.04224931509588063
2859,1.6000000000000005,-0.041922359862202434,0.00027658653469386123,0.01663089097715036,0.004445584057011817,0.041922359862202434,-0.042725900753041876
2860,4.000000000000001,-0.04201311582543157,3.4765028868891994e-5,0.005896187655501816,0.007740056078158182,0.04201311582543157,-0.042251765806549886
2861,1.6000000000000005,-0.04220981586815062,0.00016716476438804573,0.01292922133726721,0.0012904249211570476,0.04220981586815062,-0.04252374002753349
2862,4.000000000000001,-0.04212718713020779,3.4498359580133485e-5,0.005873530418762934,0.01320834625190905,0.04212718713020779,-0.0421894807746362
2863,1.6000000000000005,-0.04245960433710239,0.0001582952480752726,0.012581543946403104,0.003706350517941088,0.04245960433710239,-0.04247707926818188
2864,4.000000000000001,-0.0424122173056137,1.6846452008763122e-5,0.004104442959618653,0.007268213381331542,0.0424122173056137,-0.042276894597836956
2865,1.6000000000000005,-0.04238846619250152,2.0235286574503486e-5,0.0044983648778754584,0.0009812481297977703,0.04238846619250152,-0.04221869271476508
2866,4.000000000000001,-0.04223332849802365,1.1038943539439148e-5,0.0033224905627313897,0.01034828642367669,0.04223332849802365,-0.04217038391571707
2867,1.6000000000000005,-0.04235298995363714,0.00025436022867247155,0.015948674824964974,0.005134504856676394,0.04235298995363714,-0.042708773316077
2868,4.000000000000001,-0.04225900447943163,2.4300249199143808e-5,0.004929528293776577,0.001043522460228798,0.04225900447943163,-0.04231741205430827
2869,10.000000000000002,-0.042105271829989355,1.2457349213161809e-5,0.0035294970198545017,0.020004806661573137,0.042105271829989355,-0.04213253732338569
2870,4.000000000000001,-0.0424507265916363,9.052555348089834e-5,0.00951449176156553,0.0025471939568324155,0.0424507265916363,-0.04260368106813715
2871,10.000000000000002,-0.042431929573592014,1.1038788578773073e-5,0.0033224672426937596,0.008501983995736203,0.042431929573592014,-0.04222877771217117
2872,4.000000000000001,-0.04223417606826294,3.884463072426978e-5,0.006232546086814744,0.009626336205503912,0.04223417606826294,-0.04238465627505887
2873,1.6000000000000005,-0.0422675029866002,0.00019586611119260932,0.013995217439990324,0.0035041376331405288,0.0422675029866002,-0.04256864847289691
2874,4.000000000000001,-0.04223333309520788,6.562087319775623e-5,0.008100671157241,0.020455056322670608,0.04223333309520788,-0.042060918534994156
2875,1.6000000000000005,-0.041966789771913086,0.00022265380221271638,0.014921588461444592,0.01216814306786612,0.041966789771913086,-0.042428889004634235
2876,4.000000000000001,-0.04230566190058052,4.6703088937242875e-5,0.006833965827924725,0.003219747171749598,0.04230566190058052,-0.042451799097484644
2877,10.000000000000002,-0.04240872789966578,5.426968495810368e-6,0.0023295854772491967,0.008307854285169494,0.04240872789966578,-0.0422612196011589
2878,4.000000000000001,-0.04230586906508021,6.852503459769989e-6,0.0026177286833761037,0.0011853793219461436,0.04230586906508021,-0.04222681716582383
2879,10.000000000000002,-0.042346397868203677,4.377365489360276e-6,0.0020922154500338332,0.009096632532596157,0.042346397868203677,-0.0421667776048666
2880,4.000000000000001,-0.04218342242131246,7.817003451267057e-5,0.00884138193455472,0.008951879247979001,0.04218342242131246,-0.04255226963833681
2881,10.000000000000002,-0.042195179332385195,7.955378083717912e-6,0.0028205279796020303,0.009115911214235264,0.042195179332385195,-0.0423013371169411
2882,4.000000000000001,-0.042009038876061056,8.944650523136128e-6,0.002990760860238767,0.006605302665607961,0.042009038876061056,-0.04221329859649182
2883,1.6000000000000005,-0.04277570023304702,0.00022893596695460974,0.015130630091130037,0.015473075729152604,0.04277570023304702,-0.04261645859727904
2884,4.000000000000001,-0.04268131559930195,2.959363435701154e-5,0.005440003157812644,0.006403654022245737,0.04268131559930195,-0.04235594253548437
2885,10.000000000000002,-0.04244366521261624,9.03713047822106e-6,0.0030061820434266885,0.014126636614202147,0.04244366521261624,-0.042227732891839426
2886,4.000000000000001,-0.041937315308405346,4.962186150313705e-5,0.007044278636108672,0.005090738503146934,0.041937315308405346,-0.042485836498985824
2887,10.000000000000002,-0.04204229635051533,9.790237066053892e-6,0.0031289354525227734,0.009710478210239699,0.04204229635051533,-0.042241160411666256
2888,4.000000000000001,-0.042433007126249735,2.0334082132958894e-5,0.004509332781350129,0.006345901846598211,0.042433007126249735,-0.04236515174521703
2889,1.6000000000000005,-0.04249790360630996,3.233785377910076e-5,0.00568663817902113,0.006046920313055164,0.04249790360630996,-0.042344080428008815
2890,4.000000000000001,-0.042545832556362455,7.152252490808796e-6,0.0026743695501573444,0.006856743005125253,0.042545832556362455,-0.042319487560549394
2891,1.6000000000000005,-0.042296686381313287,1.1070972878368553e-5,0.003327307151191268,0.0014235472054769328,0.042296686381313287,-0.04230900985344219
2892,4.000000000000001,-0.04229768565218664,4.922117495427274e-6,0.002218584570267105,0.001321359196695765,0.04229768565218664,-0.0422858133682223
2893,10.000000000000002,-0.04237263862781057,4.922810100258623e-6,0.0022187406563766356,0.009194990374935439,0.04237263862781057,-0.04221703209763124
2894,4.000000000000001,-0.042189214323184385,5.393062353801808e-5,0.007343747240885819,0.007357934044883431,0.042189214323184385,-0.0424685771996207
2895,10.000000000000002,-0.042228032301452806,6.633832852150168e-6,0.0025756228085941015,0.0014678914800129866,0.042228032301452806,-0.04231192771589505
2896,25.000000000000004,-0.042268406399901176,1.2122009620195448e-6,0.0011009999827518368,0.0029241747525931335,0.042268406399901176,-0.042297893729571316
2897,10.000000000000002,-0.0423285819783173,1.2384746871648975e-6,0.001112867776137353,0.0052098682585046225,0.0423285819783173,-0.042255558236654917
2898,4.000000000000001,-0.04253477052247213,1.4906472642972133e-5,0.003860890136091952,0.010917663903742273,0.04253477052247213,-0.04233144444967037
2899,1.6000000000000005,-0.042220707510163304,2.8413051396760675e-5,0.005330389422618265,0.008096840293540323,0.042220707510163304,-0.0423537596645982
2900,0.6400000000000002,-0.04289686127712036,4.985421568603091e-5,0.00706075177909767,0.004666011395209108,0.04289686127712036,-0.042377671410991385
2901,1.6000000000000005,-0.042514289081467274,1.2154743920404478e-5,0.0034863654312771745,0.0012868943269754396,0.042514289081467274,-0.04235334390219245
2902,4.000000000000001,-0.04234086338686841,7.793232483696744e-6,0.002791636166067624,0.0012799511492437125,0.04234086338686841,-0.04231454205975482
2903,10.000000000000002,-0.04228666880052207,2.932895918982404e-6,0.0017125699749155957,0.006291670143053311,0.04228666880052207,-0.0423123102106278
2904,4.000000000000001,-0.04233012957850063,5.083326847194792e-6,0.0022546234380035153,0.004728171364628975,0.04233012957850063,-0.04232004027192706
2905,1.6000000000000005,-0.0425760958605612,5.2037210360453335e-6,0.002281166595416769,0.0011047029405207881,0.0425760958605612,-0.0422932441741932
2906,4.000000000000001,-0.042349558414505294,3.5759571454066453e-6,0.0018910201335275744,0.0016044548098758196,0.042349558414505294,-0.04230963041631335
2907,10.000000000000002,-0.04221770886239683,1.4222693671637874e-6,0.0011925893539537352,0.004210935382618229,0.04221770886239683,-0.042292408410986033
2908,4.000000000000001,-0.042249874266639224,6.751819385357953e-6,0.0025984263286377685,0.0076504987401655325,0.042249874266639224,-0.04232304826023551
2909,1.6000000000000005,-0.04206673397047742,3.4653028119648816e-5,0.005886682267597668,0.008066119611805875,0.04206673397047742,-0.04238554539688703
2910,0.6400000000000002,-0.042852403312308475,0.0001369973122981906,0.011704585097225386,0.004127320555197239,0.042852403312308475,-0.04245907083131703
2911,1.6000000000000005,-0.042454773539251464,6.551197246837113e-5,0.008093946655888655,0.02412033646585455,0.042454773539251464,-0.042285299760651034
2912,0.6400000000000002,-0.04217502736946485,0.000400487804506016,0.02001219139689644,0.0036933610038189335,0.04217502736946485,-0.042572433056309575
2913,1.6000000000000005,-0.04229044958920976,2.0525979113791794e-5,0.004530560573901622,0.0010430242768244722,0.04229044958920976,-0.042368050034899324
2914,4.000000000000001,-0.042420408541478195,1.1499645247562506e-5,0.003391112685765913,0.0011546561017347164,0.042420408541478195,-0.04230260650429903
2915,10.000000000000002,-0.04231424146004586,4.114234739756401e-6,0.002028357645918589,0.001460185746032301,0.04231424146004586,-0.042331314320286716
2916,25.000000000000004,-0.04232155877435614,3.270448336611762e-6,0.0018084380931101187,0.0028799852207790637,0.04232155877435614,-0.04221828064524661
2917,10.000000000000002,-0.04241865337185579,3.3925462752493283e-6,0.0018418866075981246,0.015168821651136984,0.04241865337185579,-0.042103950509171144
2918,4.000000000000001,-0.042545388407716565,0.00019775872925198053,0.014062671483469296,0.0074113742065671,0.042545388407716565,-0.04310759011734866
2919,10.000000000000002,-0.04214137141404029,1.5881956036351897e-5,0.003985217188103039,0.013378677851268256,0.04214137141404029,-0.04229049846814755
2920,4.000000000000001,-0.04189390158085373,1.8377208757174887e-5,0.004286864676797588,0.019413954181598508,0.04189390158085373,-0.04206843328256832
2921,1.6000000000000005,-0.04240558889489368,0.0006365378052957873,0.02522970085624852,0.002421519631258745,0.04240558889489368,-0.04345848851636455
2922,4.000000000000001,-0.04224933497573103,4.840858578905424e-5,0.006957627885210177,0.007172777128310549,0.04224933497573103,-0.04232573696849047
2923,10.000000000000002,-0.042029195047140186,2.2677338194538394e-5,0.004762072888410927,0.01817669345771216,0.042029195047140186,-0.04199382820289125
2924,4.000000000000001,-0.04249670142972561,0.00013385458052692504,0.011569554033190953,0.010216307237635794,0.04249670142972561,-0.04283710588269374
2925,10.000000000000002,-0.04236470242355656,2.302585510018203e-5,0.004798526346721671,0.013382306149352631,0.04236470242355656,-0.042127694920360725
2926,4.000000000000001,-0.04236504525943373,7.176461953916231e-5,0.00847140009320551,0.01497007875187067,0.04236504525943373,-0.042439314422700214
2927,1.6000000000000005,-0.04227841957060846,0.00010760183843287936,0.010373130599432331,0.01876319136236425,0.04227841957060846,-0.04240618349392562
2928,0.6400000000000002,-0.04325232518603136,0.0019371932763120655,0.04401355786927553,0.0032304357765078487,0.04325232518603136,-0.04383297475473211
2929,1.6000000000000005,-0.04269712088621599,0.00021809477103312317,0.014768032063654356,0.0014736423956009954,0.04269712088621599,-0.04251308622547344
2930,4.000000000000001,-0.04221987115690975,5.238544117300116e-5,0.007237778745789426,0.010734838270453372,0.04221987115690975,-0.042223364626007925
2931,1.6000000000000005,-0.04175886110335891,5.342871774594295e-5,0.007309495040421257,0.008800389375314036,0.04175886110335891,-0.04199842170753599
2932,4.000000000000001,-0.0421266633833683,6.110960076750143e-5,0.007817262997206979,0.0031205906254954717,0.0421266633833683,-0.04236312934032799
2933,10.000000000000002,-0.042250304973300956,8.36641392994012e-6,0.0028924753983292787,0.00817010946169685,0.042250304973300956,-0.042183038182814804
2934,4.000000000000001,-0.04261405071704014,1.7872663701125164e-5,0.004227607325796137,0.010695838387067497,0.04261405071704014,-0.042179215461088757
2935,1.6000000000000005,-0.04242393829699921,0.000437942153932939,0.020927067494824474,0.001840907192448958,0.04242393829699921,-0.04300075883309445
2936,4.000000000000001,-0.04235710947281052,3.865486213265532e-5,0.006217303445438007,0.006136329215426517,0.04235710947281052,-0.04237263971263624
2937,10.000000000000002,-0.042447467798136,1.3799751683997344e-5,0.003714801701840536,0.016698901180433434,0.042447467798136,-0.04215315529917211
2938,4.000000000000001,-0.04194307508406631,5.033594859454392e-5,0.007094783195739241,0.013537472120397513,0.04194307508406631,-0.042396395177147196
2939,1.6000000000000005,-0.041631205162012574,0.00023278289471871788,0.01525722434516573,0.0019025730547790765,0.041631205162012574,-0.042660100370957445
2940,4.000000000000001,-0.04206830638772999,6.526738372893815e-5,0.00807882316485131,0.012778627406470474,0.04206830638772999,-0.04210293935856489
2941,1.6000000000000005,-0.04246391940751767,0.0003735266649826667,0.01932683794578582,0.009709832362922848,0.04246391940751767,-0.0428397468265976
2942,4.000000000000001,-0.04227300400048633,2.5179390485372624e-5,0.005017906982534912,0.0017251019299421616,0.04227300400048633,-0.04231035974888937
2943,10.000000000000002,-0.04217111787424318,8.743206074181354e-6,0.0029568912854857133,0.01134495189028518,0.04217111787424318,-0.04218648889485815
2944,4.000000000000001,-0.042266429727850136,1.0945161822869233e-5,0.0033083472947786534,0.011472244543087911,0.042266429727850136,-0.0420800510694127
2945,1.6000000000000005,-0.0432083256059655,0.0004893006890032718,0.022120142156036696,0.01401598352025313,0.0432083256059655,-0.04293434570219768
2946,4.000000000000001,-0.042616665156615594,5.9213691753310805e-5,0.007695043323679913,0.013599120161679891,0.042616665156615594,-0.042317643581049745
2947,1.6000000000000005,-0.04219378643314574,7.739105357923583e-5,0.008797218513782401,0.006992815231449005,0.04219378643314574,-0.042131519550894364
2948,4.000000000000001,-0.04152312255761482,3.111327080684858e-5,0.005577927106627388,0.005424500779035368,0.04152312255761482,-0.04198986267264047
2949,10.000000000000002,-0.04194822215916797,1.8111161468585793e-5,0.004255721028049864,0.04337322464339798,0.04194822215916797,-0.04189028338162438
2950,4.000000000000001,-0.042436902809916896,0.00018974059422509595,0.013774635901725169,0.01560387852073476,0.042436902809916896,-0.04304797255321547
2951,10.000000000000002,-0.04251316879486657,2.0229601089752583e-5,0.004497732883326063,0.0024352040210259785,0.04251316879486657,-0.042337055030855095
2952,25.000000000000004,-0.0423689421015552,1.0155332083401427e-5,0.0031867431781367993,0.03524046962010699,0.0423689421015552,-0.04192204266997854
2953,10.000000000000002,-0.04228887183635729,6.449449713019095e-5,0.00803084660108702,0.00853482028454323,0.04228887183635729,-0.04285398051602024
2954,25.000000000000004,-0.04219432965001286,4.563081469625925e-6,0.0021361370437371113,0.004951787879553441,0.04219432965001286,-0.04223160585267943
2955,10.000000000000002,-0.042050061325809386,4.870871946141858e-6,0.002207005198485463,0.015526449372114146,0.042050061325809386,-0.04208750906547978
2956,4.000000000000001,-0.042430816856576625,7.63012099557098e-5,0.008735056379652613,0.016043647846843756,0.042430816856576625,-0.04248489204044486
2957,1.6000000000000005,-0.04379516659233981,0.0014992668273615005,0.03872036708712226,0.024129074193952302,0.04379516659233981,-0.04505080356946482
2958,4.000000000000001,-0.04280729901448838,0.00028540639093790416,0.016893974989264787,0.022637544285321144,0.04280729901448838,-0.041741570984232534
2959,1.6000000000000005,-0.04219878596846489,0.0011219246396001448,0.03349514352260854,0.00803445526531958,0.04219878596846489,-0.04408213172467905
2960,4.000000000000001,-0.04223617467465364,0.00019295985392106275,0.013890999025306378,0.028226410880185338,0.04223617467465364,-0.04161620274832647
2961,1.6000000000000005,-0.04138598898391357,0.000924199944488741,0.030400656974623772,0.004502343870674916,0.04138598898391357,-0.04373691154746637
2962,4.000000000000001,-0.041829420851757136,4.1285095429156455e-5,0.00642534788390142,0.008227153855014038,0.041829420851757136,-0.0423730517420411
2963,1.6000000000000005,-0.04233942902252006,4.324768086962052e-5,0.0065762968964015395,0.008741919068375825,0.04233942902252006,-0.042250716147879314
2964,0.6400000000000002,-0.043337868231532586,0.0006150602902898374,0.0248004090750503,0.008124129047314216,0.043337868231532586,-0.0425815494152059
2965,1.6000000000000005,-0.04268558815258278,9.715491738061666e-5,0.009856719402550559,0.007472419700214401,0.04268558815258278,-0.04233045574679389
2966,4.000000000000001,-0.04218550779952518,2.80544399432236e-5,0.00529664421527665,0.012513547218234276,0.04218550779952518,-0.04221179183906247
2967,1.6000000000000005,-0.04220288182617674,0.00014950131277391093,0.012227072943837005,0.0055650437984621146,0.04220288182617674,-0.0425048934551148
2968,4.000000000000001,-0.042534061951967024,6.55175689717382e-5,0.008094292370043115,0.018149341744115036,0.042534061951967024,-0.04199016745760794
2969,1.6000000000000005,-0.042325741871412595,0.00042700174742287434,0.02066402060158851,0.004913281044807545,0.042325741871412595,-0.04298970154539601
2970,4.000000000000001,-0.042150332386332,1.936874797930403e-5,0.004400993976285815,0.0021291593153341393,0.042150332386332,-0.04232831380888945
2971,10.000000000000002,-0.04212621876801221,1.6824533826715044e-5,0.004101772034952094,0.0163737030611318,0.04212621876801221,-0.04208549225547513
2972,4.000000000000001,-0.04262235455714525,0.00010239525893379633,0.010119054250956279,0.011640655259076229,0.04262235455714525,-0.04260198135733567
2973,10.000000000000002,-0.04253457622356182,7.4283742525417285e-6,0.00272550440332459,0.011860206352181046,0.04253457622356182,-0.0422795568386191
2974,4.000000000000001,-0.042000450933403405,7.902917821750743e-6,0.002811212873787886,0.0029948539979023437,0.042000450933403405,-0.042200042402739175
2975,10.000000000000002,-0.042094795828989374,5.752935977327388e-6,0.0023985278771211705,0.0024168006268557064,0.042094795828989374,-0.04224637016438008
2976,25.000000000000004,-0.04222838968860309,1.922780793277342e-6,0.0013866437153347438,0.007555036198638536,0.04222838968860309,-0.04218774100191482
2977,10.000000000000002,-0.042382139810507195,2.4270294351240865e-6,0.0015578926263141778,0.002319213636472168,0.042382139810507195,-0.042137088703658704
2978,4.000000000000001,-0.04259578629968478,0.00024266845976001522,0.015577819480274356,0.006815249933459403,0.04259578629968478,-0.04318008949781481
2979,10.000000000000002,-0.04247380557734346,1.6589388692062985e-5,0.00407300732776937,0.00872206496804865,0.04247380557734346,-0.042394494271843025
2980,4.000000000000001,-0.042280337648369234,3.0215659680509452e-5,0.005496877266276686,0.009161098287141001,0.042280337648369234,-0.04240880930884656
2981,1.6000000000000005,-0.041667781551762664,4.625002568257474e-5,0.006800737142587908,0.01042616045471799,0.041667781551762664,-0.042371178649270584
2982,0.6400000000000002,-0.040609609314588985,0.0017315086575482048,0.04161140057181691,0.003790427533725707,0.040609609314588985,-0.043582948946187174
2983,1.6000000000000005,-0.04150040661874764,0.00019097934664248403,0.013819527728634002,0.007765880162357571,0.04150040661874764,-0.04244931027227129
2984,4.000000000000001,-0.0421294288812938,3.19863745689305e-5,0.005655649791927582,0.0035560679320656464,0.0421294288812938,-0.04230156032199347
2985,10.000000000000002,-0.04238094150486143,8.638551128188032e-6,0.0029391412229064517,0.004348943800874319,0.04238094150486143,-0.0421917767142539
2986,4.000000000000001,-0.042405953055020394,4.36759330187346e-5,0.006608776968451469,0.00627658944662401,0.042405953055020394,-0.04237506229053517
2987,10.000000000000002,-0.04249781016930515,1.3261311295181998e-5,0.0036416083390697026,0.01831610029597185,0.04249781016930515,-0.042149541790070605
2988,4.000000000000001,-0.042423178941972166,5.991438165795195e-5,0.0077404380792014576,0.006665231807753683,0.042423178941972166,-0.04248537957970086
2989,10.000000000000002,-0.04233972256743285,1.7851678256299837e-5,0.004225124643877366,0.014893299766633648,0.04233972256743285,-0.04211558105338315
2990,4.000000000000001,-0.04196776337768424,9.714893503518239e-5,0.009856415932537669,0.0021052385609619116,0.04196776337768424,-0.04260101346964415
2991,10.000000000000002,-0.04195058532431641,1.5738377011077384e-5,0.003967162337373829,0.01917913161557332,0.04195058532431641,-0.042130552083241256
2992,4.000000000000001,-0.042419334335980385,8.398289780570131e-5,0.00916421834122809,0.009485338649282724,0.042419334335980385,-0.04258692099221053
2993,10.000000000000002,-0.042413836517327864,6.604101279043124e-6,0.0025698446021195764,0.00937901748020852,0.042413836517327864,-0.04228410341641468
2994,4.000000000000001,-0.042404481190006206,7.871484530582187e-6,0.002805616604346037,0.0010984307776936214,0.042404481190006206,-0.042208707080274244
2995,10.000000000000002,-0.04235785027374879,5.716717449285209e-6,0.0023909657984348518,0.0017712531803904285,0.04235785027374879,-0.04212690706078997
2996,25.000000000000004,-0.04225485352666045,4.2389234741182894e-6,0.0020588646080105144,0.011693929734388793,0.04225485352666045,-0.04216047149004923
2997,10.000000000000002,-0.04221037468893396,3.687742466485966e-5,0.00607267854120895,0.012618154445942407,0.04221037468893396,-0.042561854307469664
2998,4.000000000000001,-0.04197157125291389,2.535565254433034e-5,0.005035439657500657,0.012142362599430327,0.04197157125291389,-0.04235743287334049
2999,1.6000000000000005,-0.04229362598593703,4.93183071510001e-5,0.007022699420522005,0.012337326678037039,0.04229362598593703,-0.04235792273340859
3000,0.6400000000000002,-0.04279102157094801,0.003490735090929327,0.059082443169941164,0.0025515937969140235,0.04279102157094801,-0.04561905166059218
3001,1.6000000000000005,-0.043237139815665966,0.0004567497547006905,0.021371704534282953,0.0041444088778182795,0.043237139815665966,-0.04305515691823
3002,4.000000000000001,-0.04280016218368678,7.825662348345554e-5,0.008846277379974898,0.00710174436059706,0.04280016218368678,-0.042177426831588476
3003,10.000000000000002,-0.042576219022602495,4.998670874218857e-5,0.007070127915546407,0.013586818228504367,0.042576219022602495,-0.04139033930527319
3004,4.000000000000001,-0.04141075975172335,0.0003710667935507524,0.019263094080410666,0.0055920713093683605,0.04141075975172335,-0.043788881709899315
3005,10.000000000000002,-0.04185716491025796,2.7596408866054442e-5,0.005253228423175071,0.005602878740910914,0.04185716491025796,-0.0422571407750436
3006,25.000000000000004,-0.04203346555725453,1.0887448725003589e-5,0.00329961342053938,0.034342683919194525,0.04203346555725453,-0.041754541195954085
3007,10.000000000000002,-0.042610908121337485,3.860787917186525e-5,0.006213523893240071,0.03014317502399072,0.042610908121337485,-0.041971627648795244
3008,4.000000000000001,-0.042400210602657536,0.000531176266866432,0.023047261591487,0.006929416972127893,0.042400210602657536,-0.04462980286806498
3009,10.000000000000002,-0.042219101291807885,3.6793880062005596e-5,0.006065795913316372,0.010080038271803827,0.042219101291807885,-0.04232999046344592
3010,4.000000000000001,-0.041988889632785194,7.714395550276982e-5,0.008783163183202838,0.006483618505027149,0.041988889632785194,-0.0424343420897451
3011,10.000000000000002,-0.04214881701625206,1.3837738157638448e-5,0.0037199110416296847,0.014285340216536295,0.04214881701625206,-0.042176324364707
3012,4.000000000000001,-0.042386470221496136,5.247170088554237e-5,0.007243735285440957,0.009197775310400102,0.042386470221496136,-0.04232315512994679
3013,1.6000000000000005,-0.04247873541309524,0.0003100374015574911,0.017607878962484128,0.00775709213024512,0.04247873541309524,-0.04276213122382905
3014,4.000000000000001,-0.04235180680110022,3.920568468427257e-5,0.006261444296987123,0.0014698179691467412,0.04235180680110022,-0.04244626235976426
3015,10.000000000000002,-0.042265064205284,6.6410796148103266e-6,0.0025770292227311523,0.0016273015655844357,0.042265064205284,-0.04230544879317549
3016,25.000000000000004,-0.04228467648636887,2.9190007938896117e-6,0.001708508353473758,0.010520296894268566,0.04228467648636887,-0.04219479172175937
3017,10.000000000000002,-0.042183459975345255,3.4559919102362673e-6,0.0018590298303782721,0.009258510115977316,0.042183459975345255,-0.042105799743487556
3018,4.000000000000001,-0.04230053904849022,0.00016158817510791883,0.012711733756963243,0.0042980607122356995,0.04230053904849022,-0.043007102349626486
3019,10.000000000000002,-0.042438613041537884,2.2292519384473075e-5,0.004721495460600706,0.013317024157380243,0.042438613041537884,-0.042282946518023765
3020,4.000000000000001,-0.04187175234254931,2.360959371315823e-5,0.004858970437567843,0.012454141046478106,0.04187175234254931,-0.04198658343506606
3021,1.6000000000000005,-0.04222683403082377,0.000644199638756196,0.02538108821063817,0.007564242700834474,0.04222683403082377,-0.0432887574113389
3022,4.000000000000001,-0.04241795888034104,5.394684156007285e-5,0.007344851364055834,0.0019002368033256124,0.04241795888034104,-0.0424204156538264
3023,10.000000000000002,-0.04231285767276391,8.468532376498498e-6,0.002910074290546291,0.0015713124412187374,0.04231285767276391,-0.04226034205927843
3024,25.000000000000004,-0.042231466755861605,3.0361671289935256e-6,0.001742460079598246,0.0073183380467120316,0.042231466755861605,-0.042169024724093784
3025,10.000000000000002,-0.04220578377951583,3.977154315977978e-6,0.0019942804005399985,0.0015115963788085354,0.04220578377951583,-0.04209442974746582
3026,25.000000000000004,-0.042214271682293,2.475857071609105e-6,0.0015734856439157954,0.003425562619974695,0.042214271682293,-0.04201506087615384
3027,10.000000000000002,-0.042309587041597714,2.558703707255537e-6,0.001599594857223396,0.007903613623439778,0.042309587041597714,-0.04192855428974869
3028,4.000000000000001,-0.04253891602572319,0.00043348008460840554,0.020820184547894995,0.004747830393935511,0.04253891602572319,-0.0443844079125751
3029,10.000000000000002,-0.04242277077705016,4.255048212610844e-5,0.006523073058467799,0.011414807741003345,0.04242277077705016,-0.04243870938187433
3030,4.000000000000001,-0.04196036311388436,4.319553386847086e-5,0.006572330931143901,0.014856683292115406,0.04196036311388436,-0.04185823365735852
3031,1.6000000000000005,-0.04245114081355727,0.00033284130638644,0.01824393889450521,0.013850877552673977,0.04245114081355727,-0.042262386900776126
3032,4.000000000000001,-0.04218395007250145,9.725152297285957e-5,0.009861618679144897,0.01457049439535925,0.04218395007250145,-0.04244300805243916
3033,1.6000000000000005,-0.042094000935966436,0.0005967450117707869,0.024428364901703654,0.011705186848975858,0.042094000935966436,-0.043345291498829715
3034,4.000000000000001,-0.042060500311536776,0.0001313514111147472,0.011460864326687897,0.026505778392577846,0.042060500311536776,-0.042098706998958305
3035,1.6000000000000005,-0.042259184652496666,0.0005506987890469502,0.02346697230251381,0.0063112652532712355,0.042259184652496666,-0.04315514514698071
3036,4.000000000000001,-0.04227304937064265,3.367196475374393e-5,0.0058027549279410316,0.00398117896027154,0.04227304937064265,-0.04235775099392393
3037,10.000000000000002,-0.042070980100879535,1.9248361801477876e-5,0.004387295499676067,0.015669807140561005,0.042070980100879535,-0.04204178834538432
3038,4.000000000000001,-0.04277442023030269,9.637612334579702e-5,0.009817134171732453,0.007392551126710733,0.04277442023030269,-0.04246288808819103
3039,10.000000000000002,-0.04252955929834997,1.4153073138749117e-5,0.003762057035552374,0.010696117264467741,0.04252955929834997,-0.04229055766945157
3040,4.000000000000001,-0.04187593718656956,3.612372888229328e-5,0.006010301896102498,0.00449726023538088,0.04187593718656956,-0.042352631089050505
3041,10.000000000000002,-0.04211524920886073,1.4746593771768357e-5,0.0038401293951855786,0.021595042038454214,0.04211524920886073,-0.04212435201318492
3042,4.000000000000001,-0.04232275818408855,9.720894513482425e-5,0.009859459677630628,0.011973249639999618,0.04232275818408855,-0.04260775446369814
3043,10.000000000000002,-0.04225223304865824,8.73194516715769e-6,0.0029549864918739796,0.01589683646426385,0.04225223304865824,-0.042272713325304426
3044,4.000000000000001,-0.04186981873192196,1.9259550609518716e-5,0.00438857045169822,0.012452396106177164,0.04186981873192196,-0.04226561924323024
3045,1.6000000000000005,-0.042760260776114965,0.00029446786622105037,0.01716006603195484,0.011852631223475674,0.042760260776114965,-0.042722123859285234
3046,4.000000000000001,-0.042578229685718436,3.858446674759845e-5,0.006211639618297125,0.0065507342079172935,0.042578229685718436,-0.0423881622850591
3047,10.000000000000002,-0.042420337985913555,3.517297343749483e-5,0.005930680689220659,0.022452155942387444,0.042420337985913555,-0.04190056184712592
3048,4.000000000000001,-0.04216122877368965,0.00022697517403388596,0.015065695272170016,0.005331056838954786,0.04216122877368965,-0.04329588914510468
3049,10.000000000000002,-0.0421630442860917,2.8294579841881585e-5,0.005319264971956331,0.012157293904808303,0.0421630442860917,-0.04208627110665046
3050,4.000000000000001,-0.0419553133661249,3.940139110194147e-5,0.006277052740095584,0.021448894736290743,0.0419553133661249,-0.041890407592580566
3051,1.6000000000000005,-0.04281097420304842,0.0011176026612737075,0.03343056477646927,0.0028340962300717294,0.04281097420304842,-0.0442389617865611
3052,4.000000000000001,-0.04266260768210261,4.9695162743871294e-5,0.007049479608018687,0.005219369105269065,0.04266260768210261,-0.04238651491663491
3053,10.000000000000002,-0.04230696313377607,9.405856295857564e-6,0.003066896851193004,0.009073949604664499,0.04230696313377607,-0.04220871962036446
3054,4.000000000000001,-0.04212975511437355,1.2304848060864565e-5,0.003507826686263813,0.006845770020893101,0.04212975511437355,-0.04213512993260159
3055,1.6000000000000005,-0.04168004825222476,0.0005030440333757795,0.02242864314611518,0.0042743647548813555,0.04168004825222476,-0.04312022604134588
3056,4.000000000000001,-0.04212680439689048,4.178382425298937e-5,0.006464040861024114,0.006366998042635617,0.04212680439689048,-0.04234226794764892
3057,10.000000000000002,-0.04239448255658818,1.4520529099047591e-5,0.003810581202263979,0.015665137709189224,0.04239448255658818,-0.04211260700030627
3058,4.000000000000001,-0.04238797041514883,6.750395464536163e-5,0.0082160790311049,0.0086576494292965,0.04238797041514883,-0.042477253668273054
3059,10.000000000000002,-0.0423190460835388,1.0001392543619945e-5,0.003162497832982648,0.007547343737020266,0.0423190460835388,-0.0422689266950498
3060,4.000000000000001,-0.04221498583178752,1.666933252528919e-5,0.004082809391251224,0.006273957971917859,0.04221498583178752,-0.042265440629119494
3061,1.6000000000000005,-0.042162400711114885,0.0002878185094385636,0.016965214688843863,0.007926547780233663,0.042162400711114885,-0.04264598390876857
3062,4.000000000000001,-0.04213794914295197,3.631466344740103e-5,0.006026164903767655,0.005626328776802838,0.04213794914295197,-0.04234108847483752
3063,10.000000000000002,-0.042136887261163956,8.12952147763727e-6,0.0028512315720820133,0.010962799733553618,0.042136887261163956,-0.04225043474170663
3064,4.000000000000001,-0.042531249635286233,1.2563911488434973e-5,0.0035445608315325854,0.0040380713840954315,0.042531249635286233,-0.04220944573048289
3065,10.000000000000002,-0.04243971315690055,4.947421246061242e-6,0.002224279938780468,0.0014539300020439002,0.04243971315690055,-0.04214413550957787
3066,25.000000000000004,-0.04221160225208994,3.132319937511306e-6,0.0017698361329544906,0.007570728765892792,0.04221160225208994,-0.04216895933477864
3067,10.000000000000002,-0.04223172204709046,4.914892631196097e-6,0.002216955712502191,0.014936855066031204,0.04223172204709046,-0.04208869688496974
3068,4.000000000000001,-0.04207508365122591,0.0001911809194098231,0.013826818846351575,0.008481219022808767,0.04207508365122591,-0.0430792861290644
3069,10.000000000000002,-0.04212939722398839,2.3631936795635606e-5,0.0048612690519694145,0.01261149859652671,0.04212939722398839,-0.042328161052263676
3070,4.000000000000001,-0.042588759656723936,7.527501345688205e-5,0.008676117418343418,0.01034381767816825,0.042588759656723936,-0.04255072645090314
3071,10.000000000000002,-0.04244172844647356,9.270776073027497e-6,0.003044794914772996,0.009974550181890269,0.04244172844647356,-0.042303113911778906
3072,4.000000000000001,-0.042199584068641105,1.007469385497675e-5,0.0031740658239829793,0.0018067853645423076,0.042199584068641105,-0.042201688739641995
3073,10.000000000000002,-0.042222691430225,6.615524378396259e-6,0.002572066169132563,0.011365804162876282,0.042222691430225,-0.04219973167053273
3074,4.000000000000001,-0.04220403593885507,1.466648820269157e-5,0.0038296851310116306,0.007826707994723797,0.04220403593885507,-0.04220318757890109
3075,1.6000000000000005,-0.04211293773869256,2.5500399005764775e-5,0.005049791976484257,0.00585990225441668,0.04211293773869256,-0.0422343141862263
3076,4.000000000000001,-0.04218762945211201,5.717934849862508e-6,0.0023912203683187604,0.005994884704816496,0.04218762945211201,-0.04221518845917779
3077,1.6000000000000005,-0.04288931345718071,0.0005524743278805042,0.023504772449026264,0.015570779479091863,0.04288931345718071,-0.04321627956405109
3078,4.000000000000001,-0.042605942926490156,8.226175406492238e-5,0.00906982657303448,0.003460119734252594,0.042605942926490156,-0.04249382429592873
3079,10.000000000000002,-0.042408119738434266,1.5761941018200198e-5,0.003970131108439644,0.008910377849412433,0.042408119738434266,-0.042294814805648756
3080,4.000000000000001,-0.04226782516560598,1.8210152239084034e-5,0.004267335496429128,0.014771179984490273,0.04226782516560598,-0.04211090400083076
3081,1.6000000000000005,-0.04173737743685683,0.0004932586112799493,0.022209426180789752,0.00834907417400712,0.04173737743685683,-0.04306293365450075
3082,4.000000000000001,-0.04187310474312263,4.697315218721751e-5,0.006853696242701271,0.005411932224163369,0.04187310474312263,-0.04234353663181414
3083,10.000000000000002,-0.04206449674859571,2.7137689121162106e-5,0.0052093847161792635,0.02115274825408866,0.04206449674859571,-0.041914932014008005
3084,4.000000000000001,-0.04254530792203459,0.0001602328816561386,0.012658312749183383,0.010300211152315483,0.04254530792203459,-0.04287445457322831
3085,10.000000000000002,-0.042456298484458366,1.193031143490102e-5,0.0034540282909815635,0.0027762252871235717,0.042456298484458366,-0.0422452456552766
3086,25.000000000000004,-0.04233626540671441,9.945203474581579e-6,0.0031536016670755326,0.01663091188761361,0.04233626540671441,-0.04188489283186536
3087,10.000000000000002,-0.042258213721088095,6.820273702266571e-5,0.00825849484002174,0.01466617507907802,0.042258213721088095,-0.04273088722701472
3088,4.000000000000001,-0.04215841784926764,0.00026215389585449605,0.016191167217174184,0.004852360262466021,0.04215841784926764,-0.04336821110336099
3089,10.000000000000002,-0.042121400795779085,1.626276921821799e-5,0.004032712389722083,0.0018573762437893554,0.042121400795779085,-0.04235856966306132
3090,25.000000000000004,-0.04217757666332253,5.680303245607938e-6,0.0023833386762287766,0.011300699187412111,0.04217757666332253,-0.042117851575712656
3091,10.000000000000002,-0.0424319889895211,2.240910968241502e-5,0.004733826114509808,0.0050242086844406895,0.0424319889895211,-0.04248450398300304
3092,25.000000000000004,-0.04239419963052211,4.500153740613935e-6,0.0021213565802603615,0.011437306408152962,0.04239419963052211,-0.04221689162796951
3093,10.000000000000002,-0.04217273930819933,5.426626050025908e-6,0.0023295119767938323,0.012705659101522854,0.04217273930819933,-0.04208502457696007
3094,4.000000000000001,-0.042048506211216245,0.00021443898194097526,0.014643735245523093,0.010760125691511135,0.042048506211216245,-0.04301489842198709
3095,10.000000000000002,-0.04210692216833006,2.109489512823769e-5,0.004592917931798661,0.01704370600895931,0.04210692216833006,-0.04228277008110911
3096,4.000000000000001,-0.04250150568815691,3.8940823891205764e-5,0.006240258319268984,0.010912641555952708,0.04250150568815691,-0.042307664040162625
3097,1.6000000000000005,-0.04292818242357716,0.0005529308932715778,0.023514482628192734,0.0031884134510944805,0.04292818242357716,-0.04324581982744444
3098,4.000000000000001,-0.042346017300731356,6.134133428345966e-5,0.007832070880901147,0.007596075598781748,0.042346017300731356,-0.042422459848356395
3099,10.000000000000002,-0.04216212956035699,1.3408268687887612e-5,0.003661730286065266,0.010360483490047073,0.04216212956035699,-0.04219647516717831
3100,4.000000000000001,-0.042069767650102674,3.884355402484951e-5,0.0062324597090434135,0.01043757862822561,0.042069767650102674,-0.04222679462901273
3101,1.6000000000000005,-0.042527595992196514,0.0005088379399674279,0.02255743646710388,0.007133132016660605,0.042527595992196514,-0.043064868978444255
3102,4.000000000000001,-0.04262835135243998,3.287922219406135e-5,0.005734040651587792,0.007870498975925977,0.04262835135243998,-0.042326861381697944
3103,1.6000000000000005,-0.04198442884588376,3.41989790176106e-5,0.005847989314081431,0.0016913229125274144,0.04198442884588376,-0.042161295679905966
3104,4.000000000000001,-0.04218999387805304,3.394628683343557e-5,0.0058263442082866655,0.001080932662641579,0.04218999387805304,-0.04236977210982774
3105,10.000000000000002,-0.04226825149877099,6.6994280833755855e-6,0.002588325343417165,0.006021936820619325,0.04226825149877099,-0.04221452980759628
3106,4.000000000000001,-0.04224411373590877,7.830065547111285e-6,0.0027982254282154046,0.0011563619905999214,0.04224411373590877,-0.04214287480343948
3107,10.000000000000002,-0.04223145635572936,5.3522736020386155e-6,0.0023134981309779817,0.0012115877888066295,0.04223145635572936,-0.04207439027138994
3108,25.000000000000004,-0.04219202775297823,5.3522793766004084e-6,0.002313499378992873,0.012255619056316705,0.04219202775297823,-0.0418871870526694
3109,10.000000000000002,-0.04230662761032871,6.719295807559576e-5,0.008197131088106116,0.006974286111410253,0.04230662761032871,-0.042915247409385286
3110,25.000000000000004,-0.04231184577773564,9.626556153306506e-6,0.0031026691981754203,0.027688237125121525,0.04231184577773564,-0.042052220302254015
3111,10.000000000000002,-0.042238627255643105,4.835123690432121e-5,0.0069535053681090385,0.01710724322470894,0.042238627255643105,-0.042680808272841535
3112,4.000000000000001,-0.042147089565484235,0.0002493086963355497,0.015789512226017297,0.011287975553010874,0.042147089565484235,-0.043252096497670034
3113,10.000000000000002,-0.04214686478018589,3.2101801102725114e-5,0.005665845135787345,0.016066019599626176,0.04214686478018589,-0.042184261211090944
3114,4.000000000000001,-0.04252847850918613,0.00012999228699003704,0.011401416008112196,0.010321396956797024,0.04252847850918613,-0.04272863877510201
3115,10.000000000000002,-0.042440259222897174,1.167333981162263e-5,0.0034166269640718214,0.0015197475179171331,0.042440259222897174,-0.042274200560628486
3116,25.000000000000004,-0.042380892005246966,3.992195538624382e-6,0.00199804793201374,0.01303001901971975,0.042380892005246966,-0.04216103820915332
3117,10.000000000000002,-0.04210016444719543,5.910716416570515e-6,0.0024311964989631165,0.011757270744960649,0.04210016444719543,-0.04209337283740804
3118,4.000000000000001,-0.04200363816599366,0.00019763367189039676,0.014058224350549993,0.01316769766684274,0.04200363816599366,-0.043170148778764524
3119,10.000000000000002,-0.042048589521210426,1.755364531508136e-5,0.004189707067932239,0.009835513451566058,0.042048589521210426,-0.042330525007511596
3120,4.000000000000001,-0.042628551343657735,1.9470263237420395e-5,0.004412512123203787,0.011888918538239061,0.042628551343657735,-0.04209754138520517
3121,1.6000000000000005,-0.04302176845989058,0.00010045129094077003,0.01002253914638252,0.015047617465564544,0.04302176845989058,-0.04221108371226489
3122,0.6400000000000002,-0.04300613288639528,0.00398873210707146,0.06315640986528177,0.004683793499785695,0.04300613288639528,-0.04570659397846592
3123,1.6000000000000005,-0.04255238292539258,0.0003952014214817722,0.0198796735758355,0.0018776453556266514,0.04255238292539258,-0.04274482952757663
3124,4.000000000000001,-0.04205075510169456,6.796966449206353e-5,0.00824437168570556,0.010125368138259223,0.04205075510169456,-0.042143841789934654
3125,10.000000000000002,-0.042132974396282795,2.820514145825321e-5,0.005310851293178261,0.022083179191857073,0.042132974396282795,-0.04182742998052437
3126,4.000000000000001,-0.04204694231522125,0.0001466461274873867,0.012109753403244291,0.017162813642006444,0.04204694231522125,-0.042488261800806754
3127,1.6000000000000005,-0.04262507998834883,0.0008695160022570321,0.0294875567359697,0.004809694713820258,0.04262507998834883,-0.04385130811603334
3128,4.000000000000001,-0.04297164423640288,0.00017402815913111777,0.0131919732842027,0.017779701777324398,0.04297164423640288,-0.04187765010594542
3129,1.6000000000000005,-0.041983039664815765,0.0006505688029380093,0.02550625027200214,0.006394665745049518,0.041983039664815765,-0.043324289651159004
3130,4.000000000000001,-0.04213867371640949,0.00010605295832882524,0.010298201703638613,0.012799621396999417,0.04213867371640949,-0.04197859507072279
3131,10.000000000000002,-0.042253180029231376,2.8257388306406016e-5,0.005315767894331544,0.0025872863779052547,0.042253180029231376,-0.04219068295702189
3132,25.000000000000004,-0.0421731010573195,8.797465249027642e-6,0.0029660521318796203,0.0320877779879272,0.0421731010573195,-0.041832406679856764
3133,10.000000000000002,-0.04220734664761725,7.773691544842791e-5,0.00881685405620553,0.008166240038643482,0.04220734664761725,-0.042857086908395854
3134,25.000000000000004,-0.04223535102631658,5.400048440894102e-6,0.002323800430521972,0.010741627139496808,0.04223535102631658,-0.042248323153951765
3135,10.000000000000002,-0.042430559768360784,1.2712849862648544e-5,0.0035655083596380114,0.018366852206756587,0.042430559768360784,-0.042315481501206585
3136,4.000000000000001,-0.042113049734045435,1.5649909110281025e-5,0.0039559966013990745,0.014530122005003232,0.042113049734045435,-0.04225253489649287
3137,1.6000000000000005,-0.04166039304513114,0.0008244349323456975,0.02871297498250046,0.012264915506353578,0.04166039304513114,-0.04385114284642949
3138,4.000000000000001,-0.04206693612670834,9.277586141803982e-5,0.009632022706474473,0.00347617728981442,0.04206693612670834,-0.04245232027506665
3139,10.000000000000002,-0.04214538860727366,2.417158182584519e-5,0.004916460294342383,0.009317801417580202,0.04214538860727366,-0.04204801900186949
3140,4.000000000000001,-0.042185588318292104,8.14441719434195e-5,0.009024642482858782,0.011089005631942836,0.042185588318292104,-0.042356045369924634
3141,10.000000000000002,-0.042329338516055894,1.188473062645328e-5,0.003447423766590536,0.009191479168028692,0.042329338516055894,-0.04222830451546197
3142,4.000000000000001,-0.042636761539019165,5.403664145872266e-5,0.00735096194104708,0.015811131663213608,0.042636761539019165,-0.04240274476568047
3143,1.6000000000000005,-0.04235243886940772,0.00010528496451881126,0.010260846189219058,0.012300922093887452,0.04235243886940772,-0.042423259634914
3144,4.000000000000001,-0.04223865701527422,2.1913340075915702e-5,0.004681168665612862,0.0016741799338871126,0.04223865701527422,-0.042333859452909885
3145,10.000000000000002,-0.042229114819254544,6.440575229645203e-6,0.002537828841676523,0.0011251751284218122,0.042229114819254544,-0.042262309027205236
3146,25.000000000000004,-0.04225664824301972,5.994212514794225e-6,0.0024483080922943963,0.015472111990890575,0.04225664824301972,-0.0420537827963644
3147,10.000000000000002,-0.042288129838018024,4.421427710490721e-5,0.006649381708467879,0.007469143567334446,0.042288129838018024,-0.042673116915571956
3148,25.000000000000004,-0.0422589149325433,4.6790567422911005e-6,0.002163112743777148,0.01606169904945445,0.0422589149325433,-0.04222999979291089
3149,10.000000000000002,-0.04221676079109078,1.0280987409464498e-5,0.0032063978869542216,0.01192335718578683,0.04221676079109078,-0.04230044155167305
3150,4.000000000000001,-0.04232294091356025,0.00010821094213633769,0.010402448852858527,0.007521380272711228,0.04232294091356025,-0.04274627910314743
3151,10.000000000000002,-0.04235934867593747,1.470157149208961e-5,0.003834262835551263,0.003749239187340036,0.04235934867593747,-0.04233889218774967
3152,25.000000000000004,-0.0422817721063038,4.246715723044612e-6,0.002060756104696675,0.008832525792477217,0.0422817721063038,-0.042202106335653994
3153,10.000000000000002,-0.042313205484991234,1.1555099110597317e-5,0.0033992792045663615,0.010318555500840125,0.042313205484991234,-0.0423051704427102
3154,4.000000000000001,-0.04249880415366991,1.221608784453183e-5,0.0034951520488430586,0.012592677843544137,0.04249880415366991,-0.04215539546815781
3155,1.6000000000000005,-0.04133475639836609,0.0007315985769368145,0.02704807898792102,0.0030008272740251487,0.04133475639836609,-0.043638248835558655
3156,4.000000000000001,-0.041938874320386614,7.837147054138889e-5,0.008852766264924703,0.00712728100274132,0.041938874320386614,-0.0422726723746139
3157,10.000000000000002,-0.0421248690872906,2.9434170596516697e-5,0.005425326773247552,0.017392328213039345,0.0421248690872906,-0.04188636087182738
3158,4.000000000000001,-0.042453250100654025,0.00015380067805780093,0.012401640135796593,0.007386991723046425,0.042453250100654025,-0.042824756126333734
3159,10.000000000000002,-0.042447865424022874,1.7373952779241982e-5,0.004168207381985927,0.016062309527189875,0.042447865424022874,-0.042219432850720155
3160,4.000000000000001,-0.04229638294813523,2.7005443996946322e-5,0.00519667624515385,0.006600547607183904,0.04229638294813523,-0.04214480375867952
3161,1.6000000000000005,-0.04173391921631843,7.193790660716106e-5,0.008481621696772444,0.006951690039165195,0.04173391921631843,-0.042221581736020856
3162,4.000000000000001,-0.041968164197732034,0.00010842438115650458,0.010412702874686503,0.004240813699754473,0.041968164197732034,-0.04263025528980123
3163,10.000000000000002,-0.04220478183870865,1.110739169851538e-5,0.003332775374746306,0.007337453665997239,0.04220478183870865,-0.04225827221823449
3164,4.000000000000001,-0.042625151374416394,3.368024220225512e-5,0.005803468118483561,0.009467653584401577,0.042625151374416394,-0.04236647367506005
3165,1.6000000000000005,-0.0426548514215,4.800657309138915e-5,0.006928677586046933,0.009322124290466116,0.0426548514215,-0.04234911129386152
3166,0.6400000000000002,-0.04210097717152617,0.00010710684468339021,0.010349243676877562,0.0010819373309029921,0.04210097717152617,-0.04239380185295407
3167,1.6000000000000005,-0.04216836025352335,2.1342513675624663e-5,0.004619795847829714,0.0007116542863836409,0.04216836025352335,-0.04233908549535055
3168,4.000000000000001,-0.042230105986459994,1.2230605753473941e-5,0.0034972282958757412,0.0010163261294032716,0.042230105986459994,-0.04227617921214996
3169,10.000000000000002,-0.042233510098394336,5.504871648580875e-6,0.0023462462889860636,0.0022699799363952765,0.042233510098394336,-0.04227137990253028
3170,25.000000000000004,-0.042365871873891035,4.290159292137045e-6,0.0020712699708480896,0.026785729045745933,0.042365871873891035,-0.0421226313866278
3171,10.000000000000002,-0.04216047040249538,3.1114351559687246e-5,0.005578023983427038,0.004964642775386821,0.04216047040249538,-0.0425718798732372
3172,25.000000000000004,-0.042220719139280355,7.6091387618906645e-6,0.0027584667411246168,0.02458224090334936,0.042220719139280355,-0.04209725157782405
3173,10.000000000000002,-0.04233164248232737,3.510475621828763e-5,0.0059249266846339655,0.013313540908231667,0.04233164248232737,-0.04263087107006066
3174,4.000000000000001,-0.042442315728451765,5.3575261521720066e-5,0.007319512382783437,0.009758234223160873,0.042442315728451765,-0.04253354118264204
3175,1.6000000000000005,-0.0420007169591196,0.0003271209504747568,0.01808648529910543,0.004134748160595972,0.0420007169591196,-0.04284147355950751
3176,4.000000000000001,-0.042093302090173174,3.780370913989854e-5,0.00614847209800114,0.008630759422063832,0.042093302090173174,-0.04235470994700126
3177,1.6000000000000005,-0.04249562707555556,0.00011875936194891135,0.010897676906061738,0.0011989154906957272,0.04249562707555556,-0.04248788740843922
3178,4.000000000000001,-0.04248827666638586,2.2930179842511013e-5,0.0047885467359639515,0.001268740919685153,0.04248827666638586,-0.042296936927778785
3179,10.000000000000002,-0.04241272411007379,1.2110316189414358e-5,0.0034799879582283555,0.012188419181544887,0.04241272411007379,-0.04213981364892276
3180,4.000000000000001,-0.04213606847416141,2.422272116509324e-5,0.004921658375496337,0.01613119916750382,0.04213606847416141,-0.042128375615716834
3181,1.6000000000000005,-0.04196417436576028,0.0005591417797094521,0.023646178966366893,0.0019290963907535152,0.04196417436576028,-0.04325310234324244
3182,4.000000000000001,-0.0421684341207527,5.232975112773662e-5,0.007233930544851577,0.0033831649592026033,0.0421684341207527,-0.0423947331405104
3183,10.000000000000002,-0.0421579932298526,2.5525790268806697e-5,0.005052305440965213,0.018496710311153176,0.0421579932298526,-0.04196105804959788
3184,4.000000000000001,-0.04229206801805167,7.571635454912365e-5,0.008701514497437998,0.015202393706904604,0.04229206801805167,-0.042259216211721885
3185,1.6000000000000005,-0.04273233136682926,0.0006345800366819292,0.025190872090539645,0.0063844693228266814,0.04273233136682926,-0.0435107313657923
3186,4.000000000000001,-0.04243445610257896,9.103299076341215e-5,0.00954112104332673,0.00979228965305312,0.04243445610257896,-0.04233724549185705
3187,10.000000000000002,-0.042245332801166,1.7593511805445507e-5,0.004194462040052992,0.002944385038104882,0.042245332801166,-0.04221209196375328
3188,25.000000000000004,-0.04223260398863394,4.664334306710628e-6,0.0021597069955692203,0.007355142179867549,0.04223260398863394,-0.04211847124791888
3189,10.000000000000002,-0.0422025629880111,7.512963680294284e-6,0.0027409785990215765,0.002087523224762815,0.0422025629880111,-0.04209741361227476
3190,25.000000000000004,-0.04224166898508254,2.2782842197116876e-6,0.0015093986284980146,0.0031580147764455222,0.04224166898508254,-0.04205031335229582
3191,10.000000000000002,-0.04228897811209626,4.0904872622666644e-5,0.00639569172354849,0.005841722466467693,0.04228897811209626,-0.042698250411754846
3192,25.000000000000004,-0.04214937255223222,9.18781242794566e-6,0.003031140450052696,0.03527610762326437,0.04214937255223222,-0.042152312461338146
3193,10.000000000000002,-0.042023035798564166,2.6114083719551055e-5,0.005110194098031018,0.027557947703620658,0.042023035798564166,-0.0424174497039615
3194,4.000000000000001,-0.04274155125437596,0.0001624105560400374,0.012744040020340387,0.0095522251993862,0.04274155125437596,-0.04300291780845072
3195,10.000000000000002,-0.04262883121555864,1.8912774832099745e-5,0.004348882020945124,0.009408334183497036,0.04262883121555864,-0.04236560918011988
3196,4.000000000000001,-0.042151644755290776,5.1712715031697326e-5,0.007191155333581477,0.006843287635347757,0.042151644755290776,-0.04245941898114306
3197,10.000000000000002,-0.0420716138254065,1.1832780396321442e-5,0.0034398808694955474,0.0133794479074208,0.0420716138254065,-0.042249759819743916
3198,4.000000000000001,-0.0426768501722651,1.6199395549295397e-5,0.004024847270306713,0.011312220337918216,0.0426768501722651,-0.04215159056438234
3199,1.6000000000000005,-0.04223103614156033,0.0004934374180865636,0.022213451287149497,0.0027837934825255335,0.04223103614156033,-0.04314259407312634
3200,4.000000000000001,-0.0421570239158999,6.112568996780143e-5,0.00781829201090631,0.012747408739707991,0.0421570239158999,-0.04230016533976166
3201,1.6000000000000005,-0.042260156595264,0.00022102062841750097,0.014866762539890822,0.0009791962399727158,0.042260156595264,-0.0426363985341951
3202,4.000000000000001,-0.04223808300941831,3.255480676146949e-5,0.005705681971637526,0.0013943854878415763,0.04223808300941831,-0.042263838072393325
3203,10.000000000000002,-0.04228749743828852,9.024625656592917e-6,0.003004101472419485,0.0018019903123286025,0.04228749743828852,-0.042236588049799274
3204,25.000000000000004,-0.042268610219561034,4.412660160894238e-6,0.002100633276156083,0.009810425709328432,0.042268610219561034,-0.04210110284870705
3205,10.000000000000002,-0.04218083290143909,6.137252839593183e-6,0.0024773479447976585,0.016544334511320608,0.04218083290143909,-0.04200472207799595
3206,4.000000000000001,-0.04219342053372704,0.0002466575899070643,0.015705336351287236,0.006438894121864927,0.04219342053372704,-0.043260858806179144
3207,10.000000000000002,-0.04212375645284181,2.1579117928367197e-5,0.004645332919002382,0.002517271958781872,0.04212375645284181,-0.04237252839480098
3208,25.000000000000004,-0.04226711318069015,5.422086404120847e-6,0.0023285373959034557,0.014515918009330688,0.04226711318069015,-0.04217732991103184
3209,10.000000000000002,-0.042314178358833936,6.345926753884191e-6,0.002519112294814225,0.013771466765048732,0.042314178358833936,-0.04200643963545828
3210,4.000000000000001,-0.042686362689320224,0.00026064049843745507,0.016144364293382847,0.005688110978131893,0.042686362689320224,-0.04327286984702798
3211,10.000000000000002,-0.04241357755496982,2.4410930777914065e-5,0.004940741925856284,0.011828510248966842,0.04241357755496982,-0.04233564146327844
3212,4.000000000000001,-0.04207105132214249,2.779224676988424e-5,0.005271835237361297,0.01599916551418447,0.04207105132214249,-0.04208661126715316
3213,1.6000000000000005,-0.0423930492309317,0.0006082473540232659,0.02466267126698294,0.0037424961932999664,0.0423930492309317,-0.04334462961091336
3214,4.000000000000001,-0.04215782360469872,5.815499360951007e-5,0.007625942145696496,0.005098661057913471,0.04215782360469872,-0.04246417034139904
3215,10.000000000000002,-0.04216219121134759,1.210900081622615e-5,0.003479798962041651,0.002224439924002883,0.04216219121134759,-0.04222065181203069
3216,25.000000000000004,-0.04218988948720616,5.547040193076172e-6,0.0023552155300685692,0.01580308148924315,0.04218988948720616,-0.042052232821385725
3217,10.000000000000002,-0.0424931454813155,1.672042612037476e-5,0.004089061765292224,0.019979475604925596,0.0424931454813155,-0.04215722699439299
3218,4.000000000000001,-0.04229805187247513,7.577928003768647e-5,0.00870512952446352,0.017779604380274636,0.04229805187247513,-0.04244776851284094
3219,1.6000000000000005,-0.04156215343576231,0.001340056612871949,0.03660678370018253,0.002966852402273962,0.04156215343576231,-0.04480140643294408
3220,4.000000000000001,-0.04205018968161109,0.000121289293944343,0.011013141874340084,0.010286028939200238,0.04205018968161109,-0.04260273055050558
3221,10.000000000000002,-0.04224200725167455,1.7042445679156128e-5,0.004128249711337255,0.0049810391143960036,0.04224200725167455,-0.04219201909349734
3222,25.000000000000004,-0.04224689531927741,7.887139502187753e-6,0.0028084051527847175,0.021271327221941347,0.04224689531927741,-0.041917538652066724
3223,10.000000000000002,-0.0421940672656837,4.617117079317027e-5,0.006794937144166255,0.013042019291383265,0.0421940672656837,-0.04252105783106163
3224,4.000000000000001,-0.042553503095867036,0.00015638597167225564,0.012505437684153867,0.004252488532226421,0.042553503095867036,-0.04296696068562757
3225,10.000000000000002,-0.0423603393451589,1.863492132172324e-5,0.004316818425845965,0.0032498857140340893,0.0423603393451589,-0.04238066862161646
3226,25.000000000000004,-0.042366833283286026,8.067997949638896e-6,0.002840422142858152,0.01905803102680021,0.042366833283286026,-0.04204231900401938
3227,10.000000000000002,-0.04213219834230702,2.8888642669542073e-5,0.005374815594003396,0.005954017339406814,0.04213219834230702,-0.04254196114685848
3228,25.000000000000004,-0.042117587467068264,5.1778523947583155e-6,0.0022754894846512288,0.02080395308903965,0.042117587467068264,-0.04222223286365931
3229,10.000000000000002,-0.04228216560344328,1.2174295760695347e-5,0.0034891683480014757,0.012148530392820302,0.04228216560344328,-0.04223265555563147
3230,4.000000000000001,-0.042360458829924855,0.00016668970131001148,0.012910836584436017,0.0032878226339096207,0.042360458829924855,-0.042927629732513094
3231,10.000000000000002,-0.04209267080373485,2.730545611549393e-5,0.005225462287252098,0.01687286998712614,0.04209267080373485,-0.04214198254012137
3232,4.000000000000001,-0.04243622445001947,9.173139061744382e-5,0.009577650579210114,0.014691197049494828,0.04243622445001947,-0.042537010067472174
3233,1.6000000000000005,-0.042700652504950705,0.0004789193265912257,0.021884225519566043,0.0039991715020844636,0.042700652504950705,-0.04314494510181394
3234,4.000000000000001,-0.042411769372820866,7.79666908749081e-5,0.008829874907092857,0.01471651013253533,0.042411769372820866,-0.0421871437368341
3235,1.6000000000000005,-0.04205534454929741,0.000324660791264784,0.018018345963622298,0.00787787261118125,0.04205534454929741,-0.04275383998937363
3236,4.000000000000001,-0.042218890047141806,3.412924567492387e-5,0.005842024107697937,0.008760250458261409,0.042218890047141806,-0.0422541797356952
3237,1.6000000000000005,-0.04225407950892993,6.691414521223054e-5,0.008180106674868643,0.005760447673593704,0.04225407950892993,-0.04222774311463179
3238,4.000000000000001,-0.04222528371315657,1.7652482986553912e-5,0.004201485807015646,0.00659953488892723,0.04222528371315657,-0.0421708113620643
3239,1.6000000000000005,-0.04221309005441429,2.0279458100535953e-5,0.004503271932776873,0.0010162511793800858,0.04221309005441429,-0.04209022828710294
3240,4.000000000000001,-0.04221059323930079,1.469558290078143e-5,0.003833481824762109,0.0014925724151885875,0.04221059323930079,-0.04207484776706234
3241,10.000000000000002,-0.04236995001528339,9.337374318809312e-6,0.0030557117532269487,0.013518931782639954,0.04236995001528339,-0.04195443250397264
3242,4.000000000000001,-0.042863210928964814,0.0001004052217808759,0.01002024060493938,0.0243728865017433,0.042863210928964814,-0.04248321891966152
3243,1.6000000000000005,-0.041165079247771824,0.0011058508146512506,0.03325433527603958,0.010231940066896384,0.041165079247771824,-0.04424949247079109
3244,4.000000000000001,-0.04147335883675734,7.074764771142839e-5,0.008411162090426529,0.00868918896028821,0.04147335883675734,-0.04241608909451509
3245,10.000000000000002,-0.042110979810881216,2.0437677437698115e-5,0.00452080495461794,0.012133217063454122,0.042110979810881216,-0.04205784665520535
3246,4.000000000000001,-0.042655969217180977,9.85868457339066e-5,0.0099290908815413,0.019410320425750652,0.042655969217180977,-0.04255890344398573
3247,1.6000000000000005,-0.04295842854763232,0.0001159180552738182,0.010766524753782819,0.00657959410566087,0.04295842854763232,-0.04240093008951721
3248,4.000000000000001,-0.04259537698310226,2.6363722314564614e-5,0.005134561550372594,0.004803003850408891,0.04259537698310226,-0.04238425828521
3249,10.000000000000002,-0.04236194261310074,1.1541899299955803e-5,0.0033973370895387764,0.010175941554575702,0.04236194261310074,-0.042205885706988834
3250,4.000000000000001,-0.042338738085274386,1.532894785751686e-5,0.003915220026705633,0.016719725011920445,0.042338738085274386,-0.04207373517989634
3251,1.6000000000000005,-0.041949517085098954,8.443610636219951e-5,0.009188912142479083,0.007706939661204128,0.041949517085098954,-0.04221259809261889
3252,4.000000000000001,-0.04207954590545847,1.0317763820762188e-5,0.0032121276158898465,0.010230293484036293,0.04207954590545847,-0.042166111654610546
3253,1.6000000000000005,-0.042291151475178715,0.0006616585850392734,0.02572272507024233,0.004177491506366066,0.042291151475178715,-0.04354201098754834
3254,4.000000000000001,-0.04236304157999281,5.784147543912419e-5,0.007605358337325349,0.001634114346081084,0.04236304157999281,-0.04239458834946903
3255,10.000000000000002,-0.042257706992161685,3.191491449419842e-5,0.005649328676417971,0.01776604453640657,0.042257706992161685,-0.04187675529979727
3256,4.000000000000001,-0.0422771363705766,0.00017436320894481457,0.013204666180741358,0.0045912987425703565,0.0422771363705766,-0.04286057041227923
3257,10.000000000000002,-0.042157985500328565,2.310902019034828e-5,0.00480718422679517,0.01337816106894968,0.042157985500328565,-0.042155081063261206
3258,4.000000000000001,-0.042103408935153595,3.4830643501419635e-5,0.005901749189979157,0.01230096502810231,0.042103408935153595,-0.04206929255534598
3259,1.6000000000000005,-0.04250535169085217,0.0009420434742678701,0.03069272673236886,0.005838587889187333,0.04250535169085217,-0.04382209025938124
3260,4.000000000000001,-0.04232989093813275,6.519810619175075e-5,0.008074534425696058,0.005276616244389295,0.04232989093813275,-0.04239377766434143
3261,10.000000000000002,-0.0422577713907156,1.449801683670246e-5,0.003807626141929176,0.010950969814277442,0.0422577713907156,-0.04217927931686843
3262,4.000000000000001,-0.04212251252084814,6.204728262151588e-5,0.00787700975126449,0.008447501512960939,0.04212251252084814,-0.04240842089717526
3263,10.000000000000002,-0.042001016894073866,3.331941697708306e-5,0.005772297374276819,0.03132639166195234,0.042001016894073866,-0.041871372433355473
3264,4.000000000000001,-0.04261484780452757,0.00022169660279376037,0.014889479601173454,0.006095963329738032,0.04261484780452757,-0.04311086330689858
3265,10.000000000000002,-0.04248445207926101,1.2046058214763694e-5,0.00347074317902718,0.002965739978761013,0.04248445207926101,-0.04228572039148721
3266,25.000000000000004,-0.04235320617841384,6.047752451223612e-6,0.0024592178535509236,0.01842524172373729,0.04235320617841384,-0.04206602201689886
3267,10.000000000000002,-0.0422220661011703,3.824943634781707e-5,0.006184612869680452,0.018950085444823454,0.0422220661011703,-0.04260578952859855
3268,4.000000000000001,-0.04198798296061501,3.427391817801506e-5,0.00585439306657958,0.013934954508784578,0.04198798296061501,-0.04216931431295024
3269,1.6000000000000005,-0.041512177305663346,0.0001433938063763489,0.011974715294166658,0.01646571490338646,0.041512177305663346,-0.04249207312520101
3270,0.6400000000000002,-0.042280982020052864,0.0037090327190150317,0.060901828535890705,0.00701116943349239,0.042280982020052864,-0.04563202513711382
3271,1.6000000000000005,-0.042585313122646844,0.0004334490028467452,0.02081943810112908,0.0023889961198358934,0.042585313122646844,-0.04288425397289541
3272,4.000000000000001,-0.04237356366980835,7.29728747298548e-5,0.008542416211462352,0.003457516344103332,0.04237356366980835,-0.04223922033550197
3273,10.000000000000002,-0.04230297836936778,3.7111405935948854e-5,0.0060919131589303585,0.015360960638330118,0.04230297836936778,-0.04163462887299375
3274,4.000000000000001,-0.042443535839720756,0.00025618476338948835,0.016005772814503157,0.00599817622066329,0.042443535839720756,-0.04319462568722901
3275,10.000000000000002,-0.042382268550595424,2.2163749209514026e-5,0.004707839123155551,0.01029098580426411,0.042382268550595424,-0.042242649162035316
3276,4.000000000000001,-0.04200697512416902,2.373942002076719e-5,0.004872311568523424,0.013739180838138899,0.04200697512416902,-0.04200402696550938
3277,1.6000000000000005,-0.04158292792574056,0.0007872583404546196,0.02805812432174716,0.002412892939710827,0.04158292792574056,-0.04348122329046301
3278,4.000000000000001,-0.04188545915057599,5.820210534301659e-5,0.007629030432696975,0.0035784671853681034,0.04188545915057599,-0.0424243273434405
3279,10.000000000000002,-0.04215168132597217,1.552063866557179e-5,0.003939624178214439,0.012237969771491919,0.04215168132597217,-0.042113031087767094
3280,4.000000000000001,-0.04243576721606047,8.13587222392819e-5,0.009019906997263436,0.01082783047915411,0.04243576721606047,-0.04246417907665776
3281,10.000000000000002,-0.04243553442435379,8.827294093111618e-6,0.0029710762516488225,0.007949589168736726,0.04243553442435379,-0.04225385193170467
3282,4.000000000000001,-0.0423467306407074,1.0343274325758143e-5,0.0032160961312992717,0.010541324400448776,0.0423467306407074,-0.042167648958027194
3283,1.6000000000000005,-0.04229755008001186,1.895499261249067e-5,0.004353733181132104,0.000824253737806173,0.04229755008001186,-0.042159471410288966
3284,4.000000000000001,-0.04226709955037868,6.005570803902189e-6,0.0024506266145421234,0.0009710977421027992,0.04226709955037868,-0.04212278935199747
3285,10.000000000000002,-0.04228092973838782,5.192264631012978e-6,0.002278654127113849,0.0019473225546187821,0.04228092973838782,-0.04205356215677785
3286,25.000000000000004,-0.0423171184329192,4.036744020575027e-6,0.0020091650058108785,0.025131030005609557,0.0423171184329192,-0.04211060150483009
3287,10.000000000000002,-0.04216200489167034,4.8662900588777234e-5,0.006975879915019842,0.0067826994081315985,0.04216200489167034,-0.042684459247620495
3288,25.000000000000004,-0.042044812170388225,1.5200201908378104e-5,0.003898743632040725,0.028694013034708695,0.042044812170388225,-0.041879384915918395
3289,10.000000000000002,-0.04232809096964209,7.860684738787604e-5,0.008866050269870798,0.009700228871054269,0.04232809096964209,-0.043088336639632144
3290,25.000000000000004,-0.042323020485640725,1.5114011132111312e-5,0.0038876742574592477,0.03188844256092232,0.042323020485640725,-0.042001779304548875
3291,10.000000000000002,-0.04228768669952526,6.500589891742501e-5,0.00806262357532739,0.004722302004271318,0.04228768669952526,-0.0428427948740498
3292,25.000000000000004,-0.04215589142522829,8.760550616372207e-6,0.0029598227339440795,0.03139315157601132,0.04215589142522829,-0.04213232465829724
3293,10.000000000000002,-0.04226724352674581,2.9186758044083404e-5,0.0054024770285567535,0.010269305622165157,0.04226724352674581,-0.042571745962311634
3294,4.000000000000001,-0.04258417888807978,2.8920875963779056e-5,0.005377813306891478,0.018303478871742274,0.04258417888807978,-0.042182871143126834
3295,1.6000000000000005,-0.04215058743268466,0.0003461980620272317,0.01860639841633065,0.010631439179819815,0.04215058743268466,-0.042741370780706764
3296,4.000000000000001,-0.04228129906204239,5.614162460683392e-5,0.007492771490365493,0.008930522879840717,0.04228129906204239,-0.04257320372446204
3297,10.000000000000002,-0.04228669371970879,1.0435883254037263e-5,0.0032304617710224126,0.0018439843056603578,0.04228669371970879,-0.0422888722421727
3298,25.000000000000004,-0.04230731437372745,4.1141559503471e-6,0.0020283382238539755,0.014066419111247135,0.04230731437372745,-0.04217919297490678
3299,10.000000000000002,-0.04224455584307653,1.287230203027924e-5,0.003587799050989233,0.012568375125420075,0.04224455584307653,-0.0422599670811696
3300,4.000000000000001,-0.04229317678747575,2.9389778323236135e-5,0.0054212340221794645,0.008981832317974442,0.04229317678747575,-0.04234039358874518
3301,1.6000000000000005,-0.042256786863149494,0.0009527501679804769,0.03086665138916881,0.0018370561794880775,0.042256786863149494,-0.043987099344260816
3302,4.000000000000001,-0.04218205909919408,7.764851275192767e-5,0.00881183935123239,0.001418103444974486,0.04218205909919408,-0.0424715786927658
3303,10.000000000000002,-0.04209054072311922,1.5487410144547566e-5,0.00393540469895379,0.010176348173729671,0.04209054072311922,-0.04216836590186384
3304,4.000000000000001,-0.042387456993165505,1.6702631387103774e-5,0.004086885291649837,0.007497309637468005,0.042387456993165505,-0.04195962085360151
3305,1.6000000000000005,-0.042550368550076136,0.000628798463247166,0.02507585418778722,0.004823740910201818,0.042550368550076136,-0.043347860641273196
3306,4.000000000000001,-0.042604400848207546,5.50841183216861e-5,0.007421867576404614,0.008576575244196982,0.042604400848207546,-0.04234919050378329
3307,10.000000000000002,-0.04250605407327825,1.404431183848652e-5,0.003747574127150325,0.017520711519180835,0.04250605407327825,-0.04216179822419667
3308,4.000000000000001,-0.04192416137846899,6.189049399079008e-5,0.007867051162334594,0.005084360957363342,0.04192416137846899,-0.042471190563707954
3309,10.000000000000002,-0.04195699515935291,1.4186667440261763e-5,0.00376651927384711,0.01331932687232125,0.04195699515935291,-0.04216311845548489
3310,4.000000000000001,-0.04234949960175962,8.890099962332078e-5,0.009428732662628673,0.009418026851942065,0.04234949960175962,-0.042519879706453545
3311,10.000000000000002,-0.04238392908956819,8.113510553680542e-6,0.0028484224675564794,0.0016078286735638479,0.04238392908956819,-0.04227037863860645
3312,25.000000000000004,-0.042316419111319205,5.492992066233995e-6,0.002343713307176028,0.016009256118884308,0.042316419111319205,-0.04206627497729718
3313,10.000000000000002,-0.042236620618630996,3.79346905110573e-5,0.0061591144258779035,0.0053079907270114765,0.042236620618630996,-0.04262027148499248
3314,25.000000000000004,-0.04229449050164324,4.087983098400949e-6,0.002021876133298217,0.013287052641561744,0.04229449050164324,-0.04224386820356593
3315,10.000000000000002,-0.04202684041637466,4.753429057918365e-6,0.0021802360096829804,0.01815685938308986,0.04202684041637466,-0.042101489636339154
3316,4.000000000000001,-0.04226746746374472,0.00020792918072212442,0.014419749676125602,0.0019780631090769545,0.04226746746374472,-0.043125786554955886
3317,10.000000000000002,-0.04239685845907631,1.67603275045571e-5,0.004093937897007855,0.008765550449786415,0.04239685845907631,-0.04229811429032176
3318,4.000000000000001,-0.04233455802701648,2.979893898009395e-5,0.0054588404428132856,0.013329260537153814,0.04233455802701648,-0.04232145329821827
3319,1.6000000000000005,-0.0425899843640139,0.0002926889658338217,0.017108154951186925,0.010545896842258661,0.0425899843640139,-0.04278695853900356
3320,4.000000000000001,-0.04241495824207125,3.920911141494552e-5,0.006261717928407948,0.0014819069247663246,0.04241495824207125,-0.042396793305705754
3321,10.000000000000002,-0.04223410429042781,8.453707132923704e-6,0.002907525947076604,0.003245995009010596,0.04223410429042781,-0.042284781930682414
3322,25.000000000000004,-0.04222716824433408,4.326260466204602e-6,0.0020799664579518105,0.0033199584674125384,0.04222716824433408,-0.04213628389101904
3323,10.000000000000002,-0.04221225883335829,5.803762662143482e-6,0.002409099969312914,0.008471940190711598,0.04221225883335829,-0.04202656663115085
3324,4.000000000000001,-0.04257023636146966,0.00021113728407673544,0.014530563790739004,0.003306663286622371,0.04257023636146966,-0.04323933479807263
3325,10.000000000000002,-0.04232992334087973,2.934506620933929e-5,0.005417108657701015,0.008995491090523285,0.04232992334087973,-0.04228165496255273
3326,4.000000000000001,-0.042233476345386,9.33570259602148e-5,0.009662143962921211,0.0037991174423105526,0.042233476345386,-0.042618832881974496
3327,10.000000000000002,-0.04229881736735468,1.311741290689691e-5,0.0036217969168489982,0.008758733716075842,0.04229881736735468,-0.042265291186935165
3328,4.000000000000001,-0.04229512275257891,3.156045804433876e-5,0.005617869528953014,0.008582745731560735,0.04229512275257891,-0.0422888911975246
3329,1.6000000000000005,-0.04221391710221158,0.00010554588400403999,0.010273552647650178,0.006694821238657792,0.04221391710221158,-0.04241258307097528
3330,4.000000000000001,-0.04210372651050033,3.282329273348002e-5,0.005729161608252993,0.014261026070676294,0.04210372651050033,-0.04218210388204416
3331,1.6000000000000005,-0.04235012903372593,0.00018833663085654506,0.013723579374803976,0.005960553051374303,0.04235012903372593,-0.04256417190742853
3332,4.000000000000001,-0.042322843566438235,1.1817829502808424e-5,0.0034377070123569903,0.0008073387005166346,0.042322843566438235,-0.042337034801117064
3333,10.000000000000002,-0.0423037543836265,8.646403622801838e-6,0.002940476767941185,0.0018391692098273897,0.0423037543836265,-0.04220801919659207
3334,25.000000000000004,-0.042278579357017315,4.339396492798463e-6,0.002083121814200615,0.01382971339703758,0.042278579357017315,-0.04211381442613252
3335,10.000000000000002,-0.04230275828844734,2.5474215014769543e-5,0.005047198729470591,0.013819291585832337,0.04230275828844734,-0.042504046949471914
3336,4.000000000000001,-0.042337050345775284,3.518625611587131e-5,0.005931800410994229,0.005229488397233041,0.042337050345775284,-0.04242014482371964
3337,10.000000000000002,-0.04235917547152975,1.2482184049460556e-5,0.0035330134516387787,0.015338292193344302,0.04235917547152975,-0.042232213705449446
3338,4.000000000000001,-0.04213685489550524,0.00013134803642436506,0.011460717099045987,0.0020935477128560085,0.04213685489550524,-0.04274423786878249
3339,10.000000000000002,-0.042179866849969654,1.0225097887910872e-5,0.003197670697228042,0.0024414609437233598,0.042179866849969654,-0.04230974487815501
3340,25.000000000000004,-0.042268580469288886,1.0222740482800417e-5,0.0031973020631151537,0.02028036375166224,0.042268580469288886,-0.041952062612183406
3341,10.000000000000002,-0.04226206912873602,6.058748547728752e-5,0.007783796340943635,0.006522265001456104,0.04226206912873602,-0.042839001304489054
3342,25.000000000000004,-0.042297321898031204,3.5927574872943365e-6,0.0018954570655370531,0.0021190651582007947,0.042297321898031204,-0.0422831256307766
3343,62.50000000000001,-0.04223936215525346,2.417145322906342e-6,0.001554717119898775,0.03463170707484664,0.04223936215525346,-0.04206864726649432
3344,25.000000000000004,-0.042293682991279294,1.5042169008966166e-5,0.003878423521092838,0.015303605093050485,0.042293682991279294,-0.04252663581039178
3345,10.000000000000002,-0.04251537443415374,1.5618977971584315e-5,0.003952085268764367,0.021317472927157622,0.04251537443415374,-0.042035919713539247
3346,4.000000000000001,-0.04245524628091898,0.0004389506415916548,0.020951148932496635,0.009731234376592787,0.04245524628091898,-0.043979556866059956
3347,10.000000000000002,-0.04207115043526775,0.0001225630634818259,0.011070820361735886,0.031757086434009325,0.04207115043526775,-0.04118487085557342
3348,4.000000000000001,-0.042822373494126646,0.0003858532204845282,0.01964314690889747,0.05815445050434939,0.042822373494126646,-0.042379784664809024
3349,1.6000000000000005,-0.040697922683003,0.0031239652914855356,0.055892443956992395,0.00760138883517855,0.040697922683003,-0.04808533052887516
3350,4.000000000000001,-0.04105918354218047,0.00026575715326785754,0.016302059786047207,0.015633652321322897,0.04105918354218047,-0.042320143406613296
3351,10.000000000000002,-0.04183208507282656,5.3978652798292436e-5,0.007347016591671237,0.012786390394015922,0.04183208507282656,-0.04188319809526488
3352,4.000000000000001,-0.04343502905442714,0.00015595300364749422,0.012488114495290881,0.023242023818667676,0.04343502905442714,-0.04228387819316066
3353,1.6000000000000005,-0.043540680042169384,0.0012970532125609353,0.03601462498153959,0.004983358675089994,0.043540680042169384,-0.04474529177694962
3354,4.000000000000001,-0.04290839010208891,0.00010670250312985277,0.010329690369505408,0.0030661420464838385,0.04290839010208891,-0.04244055505417825
3355,10.000000000000002,-0.04240437695385845,4.436504771272146e-5,0.006660709249976421,0.016853180953655348,0.04240437695385845,-0.04168265059259932
3356,4.000000000000001,-0.041517234596533586,0.00023706094415897904,0.015396783565374264,0.0073593378798290365,0.041517234596533586,-0.04311653691010668
3357,10.000000000000002,-0.04175880976038036,2.1421858179230983e-5,0.004628375328258392,0.002850758014004845,0.04175880976038036,-0.04234452142786347
3358,25.000000000000004,-0.04205433560896408,4.307026878950849e-6,0.002075337774664849,0.013861791447035518,0.04205433560896408,-0.04213200706397122
3359,10.000000000000002,-0.04248659219425816,1.0375283716216568e-5,0.0032210687226783235,0.008321612982928203,0.04248659219425816,-0.04217314188590107
3360,4.000000000000001,-0.042991926651708534,0.00019040025472234065,0.013798559878564888,0.00526143869550873,0.042991926651708534,-0.04304814779825149
3361,10.000000000000002,-0.04272564684629405,1.967345531891069e-5,0.004435476898701051,0.012851666460540439,0.04272564684629405,-0.042323246015253876
3362,4.000000000000001,-0.04205004774837215,2.158344160443422e-5,0.004645798274186495,0.008167227091120083,0.04205004774837215,-0.04207695730134728
3363,1.6000000000000005,-0.04163313972912117,0.0005762563595648618,0.024005340230141746,0.0019859551924136833,0.04163313972912117,-0.04321775973508936
3364,4.000000000000001,-0.041769947847497324,5.5381419372575977e-5,0.007441869346647788,0.004468889030134014,0.041769947847497324,-0.04234215880535107
3365,10.000000000000002,-0.04203032456616492,1.2256179696947026e-5,0.0035008827025404645,0.007778169438102289,0.04203032456616492,-0.04222723301453824
3366,4.000000000000001,-0.042420053574291586,3.907042080496626e-5,0.006250633632278112,0.010789783953037327,0.042420053574291586,-0.04236606631451337
3367,1.6000000000000005,-0.043228343614677894,3.760759057297225e-5,0.006132502798447975,0.006450940298514262,0.043228343614677894,-0.04223071826025633
3368,4.000000000000001,-0.04311621705383558,1.739927803331838e-5,0.004171244182892963,0.012605255324890891,0.04311621705383558,-0.04222835464696511
3369,1.6000000000000005,-0.04182059239648905,0.00016642254416340802,0.01290048619872166,0.010149141825852278,0.04182059239648905,-0.042599772423035226
3370,4.000000000000001,-0.04182596722126619,3.935717890012855e-5,0.006273530019066503,0.008727018703688312,0.04182596722126619,-0.04224360093703175
3371,1.6000000000000005,-0.04233604375386496,0.00015238263746233488,0.01234433625037551,0.006032082920029467,0.04233604375386496,-0.04247765329953749
3372,4.000000000000001,-0.04221484696396852,3.707684188706242e-5,0.006089075618438518,0.014162358258895764,0.04221484696396852,-0.04220596935405157
3373,1.6000000000000005,-0.04264634776909863,0.0002073277769646162,0.014398881101134775,0.004650347884209067,0.04264634776909863,-0.04260099367986037
3374,4.000000000000001,-0.04241775483167697,1.837161123823698e-5,0.00428621175844556,0.0013619708944507018,0.04241775483167697,-0.04234098923520777
3375,10.000000000000002,-0.0423734457043639,6.409025508325325e-6,0.00253160532238446,0.011279568132697601,0.0423734457043639,-0.04224063114869262
3376,4.000000000000001,-0.042002448223868234,7.7553912093213e-6,0.002784850302856744,0.009325248469023188,0.042002448223868234,-0.04217334505401299
3377,1.6000000000000005,-0.0419316614070342,0.00035538309134514035,0.01885160712897286,0.007526716088990834,0.0419316614070342,-0.04285352771961307
3378,4.000000000000001,-0.04229234364896491,3.568419936445008e-5,0.005973625311688881,0.005575072930640668,0.04229234364896491,-0.04232122675960892
3379,10.000000000000002,-0.04229329960559435,1.4621271195473296e-5,0.0038237770849610594,0.01205364310329101,0.04229329960559435,-0.04211098541903371
3380,4.000000000000001,-0.04245987829728106,6.642526682430834e-5,0.008150169742054968,0.01047970774983038,0.04245987829728106,-0.04242715989264446
3381,1.6000000000000005,-0.04221325244001953,0.00027150345676936114,0.01647736194812025,0.0039739157010317775,0.04221325244001953,-0.04278472040342924
3382,4.000000000000001,-0.04216007356939713,3.956185717740156e-5,0.006289821712688012,0.004801345815925926,0.04216007356939713,-0.04232912734189832
3383,10.000000000000002,-0.04221118126538291,8.138453883442689e-6,0.002852797553883326,0.0015500557692778414,0.04221118126538291,-0.04226973939073937
3384,25.000000000000004,-0.042221001047035404,4.507214681765076e-6,0.0021230201793117926,0.014431844733629198,0.042221001047035404,-0.04209736083128519
3385,10.000000000000002,-0.04241046259309324,2.5825257526932794e-5,0.005081855716855093,0.011170392520277694,0.04241046259309324,-0.042508887872311024
3386,4.000000000000001,-0.04244161918883591,4.1946284608141357e-5,0.0064765951400517045,0.008934706279887263,0.04244161918883591,-0.04244580127436996
3387,1.6000000000000005,-0.042555004979141046,0.0005036913754768076,0.02244306965361039,0.002878051184388662,0.042555004979141046,-0.04315263846181304
3388,4.000000000000001,-0.04247368230417256,4.720656259101568e-5,0.00687070320935315,0.006686266379568086,0.04247368230417256,-0.04239752616828569
3389,10.000000000000002,-0.04233764727475673,9.1505244059778e-6,0.003024983372843196,0.002494479659331638,0.04233764727475673,-0.04226647758641112
3390,25.000000000000004,-0.04229161326091527,8.67599385710761e-6,0.002945504007314811,0.021214550677899548,0.04229161326091527,-0.04196243045759057
3391,10.000000000000002,-0.04222432773227428,4.9922214093411166e-5,0.007065565376770012,0.004717908404749125,0.04222432773227428,-0.0426398938769229
3392,25.000000000000004,-0.04217538788381748,5.1819770516524055e-6,0.002276395627225726,0.02003237428244417,0.04217538788381748,-0.04221248603215908
3393,10.000000000000002,-0.042310044964572344,3.0406399388258532e-5,0.005514199795823373,0.002811732844523863,0.042310044964572344,-0.04252058834234248
3394,25.000000000000004,-0.04203051873117085,3.030344745810013e-5,0.005504856715492251,0.052496107823399585,0.04203051873117085,-0.0414582804549631
3395,10.000000000000002,-0.042444709494265015,0.0001368775781811677,0.011699469140998137,0.007481519902738388,0.042444709494265015,-0.04388244145150725
3396,25.000000000000004,-0.042378512556633406,1.9009674218877035e-5,0.004360008511330802,0.024100275666477666,0.042378512556633406,-0.04210831812007379
3397,10.000000000000002,-0.04232439338423343,6.182087577152873e-5,0.007862625246794402,0.003403003983842857,0.04232439338423343,-0.04274473141522481
3398,25.000000000000004,-0.04236592748635479,7.321204909384689e-6,0.0027057725161928688,0.026824937725325827,0.04236592748635479,-0.04210712396391105
3399,10.000000000000002,-0.04207279790383679,4.2683684869799637e-5,0.006533275202362108,0.011048147947335185,0.04207279790383679,-0.04262307888535246
3400,4.000000000000001,-0.04202371478810605,3.9816693575085005e-5,0.006310047034300537,0.01763971587191619,0.04202371478810605,-0.04229046612900574
3401,1.6000000000000005,-0.04183467152359758,0.0008847407099680279,0.029744591272499073,0.003638841894872291,0.04183467152359758,-0.04374577526332529
3402,4.000000000000001,-0.042012916843380134,6.938294741582501e-5,0.00832964269436721,0.0057072781600746424,0.042012916843380134,-0.04250562224086027
3403,10.000000000000002,-0.04214505250541603,1.2313686933831273e-5,0.0035090863388966753,0.0089349858837124,0.04214505250541603,-0.042291308532328466
3404,4.000000000000001,-0.042369874315262575,1.4498376738446126e-5,0.0038076734022820455,0.007310479383628455,0.042369874315262575,-0.04223623443437505
3405,1.6000000000000005,-0.04306289240241669,6.092758029316206e-5,0.00780561210240184,0.008395175101386258,0.04306289240241669,-0.04231411294519266
3406,4.000000000000001,-0.04261439432934531,1.324986339939168e-5,0.0036400361810553037,0.007090172333613563,0.04261439432934531,-0.04228702957123234
3407,1.6000000000000005,-0.04199251105966722,1.4535256129792782e-5,0.0038125130989667146,0.0013843216416405985,0.04199251105966722,-0.042226053456417875
3408,4.000000000000001,-0.04199201259982301,1.0017960857608532e-5,0.00316511624709244,0.0043897286357913266,0.04199201259982301,-0.04222625123620975
3409,1.6000000000000005,-0.04224894842879941,0.0003380099731297919,0.018385047542222782,0.0036711625408714994,0.04224894842879941,-0.04282076639325643
3410,4.000000000000001,-0.04203217775657078,8.360592892433282e-5,0.009143627777000375,0.013024702314796518,0.04203217775657078,-0.042039278198567356
3411,1.6000000000000005,-0.04280769458718277,0.0003538506130401207,0.018810917389646915,0.0111529033795576,0.04280769458718277,-0.042880060910413895
3412,4.000000000000001,-0.0426333100400919,2.8045248919085075e-5,0.00529577651710163,0.0069330812700976975,0.0426333100400919,-0.04233405990167023
3413,1.6000000000000005,-0.042374492640391795,3.141400705067023e-5,0.005604819983788082,0.009843112227370018,0.042374492640391795,-0.042220809596731045
3414,0.6400000000000002,-0.04191923737715186,0.0008699746139067715,0.029495332069783033,0.0092084406613608,0.04191923737715186,-0.04282237224969558
3415,1.6000000000000005,-0.042222647503505406,7.63803650822555e-5,0.008739586093303017,0.0010871785846412086,0.042222647503505406,-0.04240418929880865
3416,4.000000000000001,-0.0426221323367852,7.125703547373755e-5,0.008441388243277143,0.019721666694712515,0.0426221323367852,-0.041994716853449195
3417,1.6000000000000005,-0.04181381248404322,0.0003524759273660376,0.018774342261875316,0.010674732542924286,0.04181381248404322,-0.04262116703383243
3418,4.000000000000001,-0.041720030811230414,2.7425207052309535e-5,0.005236908157711909,0.006571594930072398,0.041720030811230414,-0.04226803632954182
3419,1.6000000000000005,-0.04253985277407123,7.384872878371923e-5,0.008593528308193278,0.010236685401086654,0.04253985277407123,-0.04230387703768003
3420,4.000000000000001,-0.0423105979848624,1.817702621660997e-5,0.004263452382355169,0.008058540308069288,0.0423105979848624,-0.042236842961831944
3421,1.6000000000000005,-0.04279026852509038,0.00025735128054639613,0.016042171939809027,0.0034025518485144603,0.04279026852509038,-0.04273109246816963
3422,4.000000000000001,-0.04235834142303204,5.239386993052025e-5,0.0072383609975270125,0.014321468174537716,0.04235834142303204,-0.04220917510653531
3423,1.6000000000000005,-0.041705173286871185,0.00010592013657212278,0.010291750899245607,0.009318246352491953,0.041705173286871185,-0.042192660998358784
3424,4.000000000000001,-0.041991955177835966,3.975599667646569e-5,0.006305235655902616,0.004715116744948011,0.041991955177835966,-0.04239360566879428
3425,10.000000000000002,-0.04217883056873133,8.094899380996212e-6,0.0028451536656209295,0.006859717712032402,0.04217883056873133,-0.04222211030023795
3426,4.000000000000001,-0.0426282743067248,4.4020870107480724e-5,0.006634822537753419,0.002691014681053372,0.0426282743067248,-0.042440142436530305
3427,10.000000000000002,-0.042504474450435696,7.537342235604593e-6,0.0027454220505424287,0.0019364923606804694,0.042504474450435696,-0.04223795700866616
3428,25.000000000000004,-0.04234453322907471,4.852658891439903e-6,0.002202875142045028,0.019996949939100665,0.04234453322907471,-0.04209334345622335
3429,10.000000000000002,-0.042233103642065124,2.5785980152494837e-5,0.005077989774752883,0.009779742673260275,0.042233103642065124,-0.0424893440806555
3430,4.000000000000001,-0.04211015362357796,2.585754974424115e-5,0.005085031931486876,0.007591948492917582,0.04211015362357796,-0.042207660710768584
3431,1.6000000000000005,-0.04211272102791343,0.000986803854580296,0.031413434300953086,0.003420693571946976,0.04211272102791343,-0.04373155416084938
3432,4.000000000000001,-0.041975121190200984,7.207293553179164e-5,0.00848957805381349,0.0030538195677954367,0.041975121190200984,-0.04244122782651424
3433,10.000000000000002,-0.042030523053308844,1.8031737432035575e-5,0.004246379332094058,0.014411145337522819,0.042030523053308844,-0.04217418876725698
3434,4.000000000000001,-0.04265888275056518,8.729685083821756e-5,0.009343278377433564,0.0039047371713747205,0.04265888275056518,-0.04253866824635967
3435,10.000000000000002,-0.0424083207916997,1.9875850620184033e-5,0.004458234024833604,0.026089407661053988,0.0424083207916997,-0.04208901288002668
3436,4.000000000000001,-0.0423965862673234,0.00010559871284791846,0.010276123434832732,0.004985484644362522,0.0423965862673234,-0.042623163102424845
3437,10.000000000000002,-0.0423042715876562,8.565972247395633e-6,0.0029267682257732046,0.002016104396257876,0.0423042715876562,-0.04227182724487464
3438,25.000000000000004,-0.042240576169785445,5.087018417472292e-6,0.002255441956130171,0.019358189645939917,0.042240576169785445,-0.04208970995302161
3439,10.000000000000002,-0.04212400486263294,7.275069373438772e-6,0.002697233651992124,0.020034360072483756,0.04212400486263294,-0.041998702985413645
3440,4.000000000000001,-0.04198631988433165,1.5715798468320197e-5,0.003964315636818062,0.015370878220174928,0.04198631988433165,-0.042005837869622906
3441,1.6000000000000005,-0.043565911844715616,0.002370018857517799,0.04868283945619646,0.007148557394612183,0.043565911844715616,-0.04685433191379651
3442,4.000000000000001,-0.043351125799922015,0.00024629513603327514,0.015693792914183467,0.016646989325522138,0.043351125799922015,-0.04219590800547688
3443,10.000000000000002,-0.04259095886240684,6.048107728979833e-5,0.007776958100041322,0.023249798382393234,0.04259095886240684,-0.04171633015857934
3444,4.000000000000001,-0.041431580186457304,0.0002634800650389129,0.01623206903136236,0.0066425814749677785,0.041431580186457304,-0.043108060182067635
3445,10.000000000000002,-0.041588380391709444,2.5742388610363444e-5,0.005073695754611567,0.012553817257793209,0.041588380391709444,-0.04217394456354379
3446,4.000000000000001,-0.04251287718176239,2.80904533896536e-5,0.005300042772436238,0.0183195560352041,0.04251287718176239,-0.041862901672031896
3447,1.6000000000000005,-0.04303919873806405,0.0012060806404237895,0.03472867173422833,0.004004216713417137,0.04303919873806405,-0.04450775254973352
3448,4.000000000000001,-0.04259253158564002,9.022401336028583e-5,0.00949863218365075,0.0037971607455907254,0.04259253158564002,-0.0424963339528211
3449,10.000000000000002,-0.04230968602734474,1.984511948413822e-5,0.004454786132255759,0.013803623380054053,0.04230968602734474,-0.04213171535387893
3450,4.000000000000001,-0.04204819457898524,9.308435461768631e-5,0.009648023352878366,0.00516848810381631,0.04204819457898524,-0.04252025365082622
3451,10.000000000000002,-0.04201986658820096,1.4452909740930281e-5,0.0038016982706325186,0.01202536864957308,0.04201986658820096,-0.04218068608926733
3452,4.000000000000001,-0.04229090556470997,4.972188112928575e-5,0.007051374414203642,0.008580415044413313,0.04229090556470997,-0.04232079810163482
3453,10.000000000000002,-0.04233780793325377,8.345638940965822e-6,0.0028888819534494347,0.003869795222023647,0.04233780793325377,-0.04221556796367402
3454,4.000000000000001,-0.04229864255118786,8.651066915615006e-6,0.002941269609473944,0.005005269219514473,0.04229864255118786,-0.042118947875854705
3455,1.6000000000000005,-0.04241938569287416,0.0006645731428076966,0.025779316181925707,0.008526401967215604,0.04241938569287416,-0.043373964401440195
3456,4.000000000000001,-0.04227070703005651,5.441195633915097e-5,0.00737644605071785,0.00887715765266603,0.04227070703005651,-0.0424655772982498
3457,10.000000000000002,-0.04220819053294228,1.3842016766456932e-5,0.0037204860927648863,0.011099102741829282,0.04220819053294228,-0.04219560311566878
3458,4.000000000000001,-0.04245829331859901,5.956568112383431e-5,0.007717880610882389,0.005757466288794581,0.04245829331859901,-0.042440451388353666
3459,10.000000000000002,-0.04233782963190745,1.171125317810337e-5,0.0034221708283052395,0.01191044574270327,0.04233782963190745,-0.04219798251835244
3460,4.000000000000001,-0.0423497893317995,4.996709958913665e-5,0.0070687410186777,0.011918612712904243,0.0423497893317995,-0.042368201209726356
3461,1.6000000000000005,-0.04227628843437413,0.000353573573985778,0.018803552164040123,0.010454117628311149,0.04227628843437413,-0.04276056584760074
3462,4.000000000000001,-0.04199580342179781,5.7823138978947124e-5,0.007604152745634922,0.009758190661524243,0.04199580342179781,-0.042204538464280565
3463,1.6000000000000005,-0.04241645359223958,0.0002494273145776942,0.01579326801449574,0.00809680213609203,0.04241645359223958,-0.04262587850813339
3464,4.000000000000001,-0.042318817300716724,2.18761660149619e-5,0.004677196384049092,0.0011267216402095594,0.042318817300716724,-0.04232557353725029
3465,10.000000000000002,-0.042243901175423086,1.4023165083216516e-5,0.0037447516717689726,0.017480584287476165,0.042243901175423086,-0.04211231080065325
3466,4.000000000000001,-0.04213346802580071,6.99300570332294e-5,0.008362419328951964,0.008829068270754773,0.04213346802580071,-0.04239100932505216
3467,10.000000000000002,-0.04219201180045869,9.5395141734858e-6,0.0030886103952240075,0.011252278388060435,0.04219201180045869,-0.04226376066637179
3468,4.000000000000001,-0.042466404633022294,5.941302903169032e-5,0.007707984758138169,0.010143169044180769,0.042466404633022294,-0.0425126079536835
3469,1.6000000000000005,-0.04288275849879473,7.53941580553146e-5,0.008682980942931672,0.008070878132121276,0.04288275849879473,-0.04242165695474038
3470,4.000000000000001,-0.04251190141572096,1.994123391042439e-5,0.0044655608729950586,0.007349273202366858,0.04251190141572096,-0.04232375367541113
3471,1.6000000000000005,-0.042441806948240866,7.916014422113679e-5,0.00889719867267989,0.00934049726366659,0.042441806948240866,-0.0424097664848117
3472,4.000000000000001,-0.04231366483010244,1.5740186474885387e-5,0.0039673903859949785,0.005310354821416864,0.04231366483010244,-0.04232606591172042
3473,1.6000000000000005,-0.042222466864664125,4.445988075659502e-5,0.00666782428957115,0.007120817041773916,0.042222466864664125,-0.04235631680668994
3474,4.000000000000001,-0.04229051091863678,2.1306679825478147e-5,0.004615915924871049,0.013931178730509272,0.04229051091863678,-0.042231167086207444
3475,1.6000000000000005,-0.042338863261213,0.000164385767551582,0.01282130132052055,0.000711500312700076,0.042338863261213,-0.04252936608489975
3476,4.000000000000001,-0.04226989428178452,1.3956404768999071e-5,0.003735827186715021,0.009479802724291806,0.04226989428178452,-0.04231071737168634
3477,1.6000000000000005,-0.04199343734781989,1.565953449624843e-5,0.003957212970797558,0.008340501698119432,0.04199343734781989,-0.04225911469387207
3478,0.6400000000000002,-0.042442848764688,0.000708015956493113,0.026608569230477483,0.007658617897536844,0.042442848764688,-0.04264564983084055
3479,1.6000000000000005,-0.042508926140025785,9.525246712636392e-5,0.009759737041865621,0.009134634109633165,0.042508926140025785,-0.04229201592394182
3480,4.000000000000001,-0.04235517941321192,2.0383421830572464e-5,0.004514800309047174,0.0012791585368642062,0.04235517941321192,-0.04232233082626435
3481,10.000000000000002,-0.04236175316487261,1.131368122080004e-5,0.003363581606085995,0.022109534408159708,0.04236175316487261,-0.042142757420304745
3482,4.000000000000001,-0.04222003514410359,7.727967580676797e-5,0.008790885951186489,0.008722005245106032,0.04222003514410359,-0.04255179146192859
3483,10.000000000000002,-0.04220588550383923,5.2723035513342335e-6,0.002296149723196254,0.001785310666632816,0.04220588550383923,-0.04228598737567105
3484,25.000000000000004,-0.04225794853554004,4.478583102688022e-6,0.002116266311853974,0.02355106292486238,0.04225794853554004,-0.042128460395763935
3485,10.000000000000002,-0.04227107794920579,2.874407717481522e-5,0.00536135031263722,0.010075617148794652,0.04227107794920579,-0.042523605573268654
3486,4.000000000000001,-0.042482883761272676,8.356469379575647e-5,0.00914137264286696,0.003069813658007367,0.042482883761272676,-0.0426050440900085
3487,10.000000000000002,-0.04238080833225728,1.0751447633466245e-5,0.003278940016753317,0.0073988353793737385,0.04238080833225728,-0.04231598729148616
3488,4.000000000000001,-0.04215792594791023,1.2760864103626238e-5,0.003572235169137978,0.008155107566729797,0.04215792594791023,-0.04221890003941866
3489,1.6000000000000005,-0.04175607931169748,1.82556248450292e-5,0.004272660160254874,0.007267071503810681,0.04175607931169748,-0.04219561052364103
3490,0.6400000000000002,-0.04370012155914249,0.0024782940389466816,0.04978246718420735,0.0028365606957516613,0.04370012155914249,-0.04417770305393669
3491,1.6000000000000005,-0.04315442570592574,0.00028357027420834865,0.01683954495253208,0.009714809998357358,0.04315442570592574,-0.04245414668238013
3492,4.000000000000001,-0.04254652543479367,5.004531185712599e-5,0.00707427111843517,0.008851454455453892,0.04254652543479367,-0.04224668406470849
3493,1.6000000000000005,-0.041525442175514,0.00020796750225418685,0.014421078401221832,0.0022533724846013005,0.041525442175514,-0.042539980815354324
3494,4.000000000000001,-0.04162858385735116,4.166161785760273e-5,0.0064545811527629525,0.008559189241091477,0.04162858385735116,-0.04217338436267034
3495,1.6000000000000005,-0.04282691455722842,0.00016413697329485216,0.012811595267368235,0.009446385867849818,0.04282691455722842,-0.04236623877213444
3496,4.000000000000001,-0.04237329590662572,2.702941072623993e-5,0.005198981700894891,0.006876896312888634,0.04237329590662572,-0.04221912106711299
3497,1.6000000000000005,-0.04245385975685328,0.00021475556202522642,0.014654540662375823,0.008362555735456549,0.04245385975685328,-0.042536379273421486
3498,4.000000000000001,-0.04238311492008399,2.222391763525362e-5,0.004714225030188273,0.005426358246067923,0.04238311492008399,-0.042329168132402055
3499,10.000000000000002,-0.04227278460187253,7.2241850306286995e-6,0.0026877844092539674,0.008591801014363427,0.04227278460187253,-0.04220721956421691
3500,4.000000000000001,-0.042261387889057526,3.5013175259533325e-5,0.005917193190992949,0.005982370848118793,0.042261387889057526,-0.042378853864103234
3501,10.000000000000002,-0.04233633978936795,5.911635441760253e-6,0.0024313854983856946,0.009339204939196441,0.04233633978936795,-0.042248629361077504
3502,4.000000000000001,-0.04242322959595355,3.847208854800257e-5,0.0062025872463031565,0.005569627337822777,0.04242322959595355,-0.04239130012357776
3503,10.000000000000002,-0.04233167766403214,3.938510727699255e-6,0.0019845681463984185,0.001713804180438427,0.04233167766403214,-0.042289145622597175
3504,25.000000000000004,-0.042329350084898174,3.1720003760875302e-6,0.001781011054454051,0.01828681793275847,0.042329350084898174,-0.042178850822609124
3505,10.000000000000002,-0.04224568824621715,2.0469609802401984e-5,0.004524335288459729,0.00812659663069913,0.04224568824621715,-0.04243218917564928
3506,4.000000000000001,-0.04213758922827788,1.7925368858851925e-5,0.004233836187059193,0.010095129577221074,0.04213758922827788,-0.04230142749291643
3507,1.6000000000000005,-0.042078323211808905,2.0640939690544855e-5,0.004543230094387126,0.00876213316356716,0.042078323211808905,-0.04221043105799793
3508,0.6400000000000002,-0.04250701708133894,0.0030289251638345757,0.0550356717396506,0.005346401056827617,0.04250701708133894,-0.044338481757382496
3509,1.6000000000000005,-0.04264788436399693,0.0004298992712135385,0.02073401242436057,0.003314999963543851,0.04264788436399693,-0.04282231254725955
3510,4.000000000000001,-0.042426433726474914,7.532676052418268e-5,0.008679099061779551,0.004759299977123048,0.042426433726474914,-0.04220832041867271
3511,10.000000000000002,-0.04220894576002345,3.239300270419658e-5,0.0056914851053302936,0.016954506245662873,0.04220894576002345,-0.04174854415071791
3512,4.000000000000001,-0.042404277935998984,5.8743273916542616e-5,0.007664416084513067,0.016136598607187465,0.042404277935998984,-0.041632337851539046
3513,1.6000000000000005,-0.041122271064497784,0.0013994954100480204,0.0374098303932004,0.0038948677801296447,0.041122271064497784,-0.044855962230778125
3514,4.000000000000001,-0.041945327252993284,0.00012751911232130317,0.011292436066735254,0.013391604257527296,0.041945327252993284,-0.042605895198418314
3515,10.000000000000002,-0.04216898254930058,2.1192974800631186e-5,0.0046035828221757,0.009042589498622803,0.04216898254930058,-0.04220890375537896
3516,4.000000000000001,-0.04247630510008851,2.1943491472741793e-5,0.0046843880574459025,0.011260874941661442,0.04247630510008851,-0.04192228074411316
3517,1.6000000000000005,-0.04247896927299333,0.0007179521197740511,0.0267946285619721,0.0027155325698619507,0.04247896927299333,-0.04330373452102538
3518,4.000000000000001,-0.04220618324661438,0.0001205375841035492,0.01097896097559096,0.022274934271424518,0.04220618324661438,-0.042049963363652396
3519,1.6000000000000005,-0.04175718521981896,0.0001431454948678538,0.011964342642529668,0.02004241443931763,0.04175718521981896,-0.041519613880081636
3520,0.6400000000000002,-0.040994692673858406,0.0016638565948705272,0.04079039831713497,0.030035586558793056,0.040994692673858406,-0.042677195386793314
3521,1.6000000000000005,-0.04231922707444632,0.0007070851077920186,0.026591071956429634,0.0045886631815137855,0.04231922707444632,-0.04343377915944307
3522,4.000000000000001,-0.042583392436835586,6.456229298814271e-5,0.008035066458228128,0.009276316802025118,0.042583392436835586,-0.042201772986158716
3523,10.000000000000002,-0.04240167528621808,1.9575407687194552e-5,0.00442441043385382,0.0189779952205729,0.04240167528621808,-0.042092839280232386
3524,4.000000000000001,-0.042093796015001864,9.166577992106249e-5,0.009574224768672526,0.003868350615966932,0.042093796015001864,-0.04261367910666682
3525,10.000000000000002,-0.04211140257984709,1.2953376460525584e-5,0.003599079946392631,0.010997846546559685,0.04211140257984709,-0.0422054142294745
3526,4.000000000000001,-0.04225905980833927,5.5564776939698604e-5,0.007454178488586023,0.006234886597400914,0.04225905980833927,-0.04244905352502176
3527,10.000000000000002,-0.04225682489850408,8.553033864130624e-6,0.0029245570372503633,0.007354276707246042,0.04225682489850408,-0.042219000097125065
3528,4.000000000000001,-0.042441730660480306,2.0234593862289808e-5,0.004498287881215453,0.010850546309311461,0.042441730660480306,-0.04224327541859748
3529,1.6000000000000005,-0.0425565303005099,0.0005841984996171559,0.024170198584561854,0.01079458080330637,0.0425565303005099,-0.04311610666403222
3530,4.000000000000001,-0.04223761874651934,8.622668603479395e-5,0.009285832543977624,0.017317044047200175,0.04223761874651934,-0.042184010378778246
3531,1.6000000000000005,-0.04251305255983666,0.0003709121539032104,0.01925907977820359,0.0031311245493784432,0.04251305255983666,-0.04287059795427726
3532,4.000000000000001,-0.04247690496552695,3.576447580616262e-5,0.005980340776758681,0.008776507718004993,0.04247690496552695,-0.04232082644776309
3533,1.6000000000000005,-0.04197131206528831,5.4851513791316235e-5,0.007406180783056557,0.008594126862185573,0.04197131206528831,-0.042321899220309774
3534,4.000000000000001,-0.04199725304173632,1.3882599795888289e-5,0.0037259360965921423,0.007469768508123977,0.04199725304173632,-0.04228218865427756
3535,1.6000000000000005,-0.04246345890062244,2.3679485911981595e-5,0.004866157201733375,0.004774686768106018,0.04246345890062244,-0.04226320113522456
3536,4.000000000000001,-0.04248039168027463,9.320496773600689e-6,0.0030529488652122376,0.0060812141509256805,0.04248039168027463,-0.04221562927533115
3537,1.6000000000000005,-0.042108849392670525,1.2331263834900414e-5,0.003511589929775459,0.005600920010090596,0.042108849392670525,-0.04218112449552934
3538,0.6400000000000002,-0.04186685257093915,1.9539740242093493e-5,0.004420377839290833,0.007279700624356921,0.04186685257093915,-0.04217120772757003
3539,0.2560000000000001,-0.04294357138080077,0.006989760201524143,0.08360478575730065,0.004461146044343173,0.04294357138080077,-0.04514602678275822
3540,0.6400000000000002,-0.043068120205339414,0.0014751075898131298,0.03840712941386182,0.007686592046281497,0.043068120205339414,-0.04277502485730349
3541,1.6000000000000005,-0.042807803210274505,0.00026888994111557145,0.01639786391929057,0.002083657432471343,0.042807803210274505,-0.042217479872565127
3542,4.000000000000001,-0.04245504100493822,6.946276949705312e-5,0.008334432763964991,0.0026039743262845885,0.04245504100493822,-0.042037520723224225
3543,10.000000000000002,-0.04218906558106152,3.088839583109587e-5,0.005557732975872074,0.01760735598304788,0.04218906558106152,-0.04157962421038639
3544,4.000000000000001,-0.041688155231858245,0.000253302635948099,0.015915484156886307,0.009914471697370553,0.041688155231858245,-0.043140582457902525
3545,10.000000000000002,-0.04209857089539234,2.1695774342633452e-5,0.004657872297802233,0.012343713895382155,0.04209857089539234,-0.04223812584245119
3546,4.000000000000001,-0.04257241776327757,3.5338846165195034e-5,0.005944648531679146,0.011013889883499748,0.04257241776327757,-0.042180144774531095
3547,1.6000000000000005,-0.04279729446993581,0.0007270247678241511,0.0269633968153894,0.004234876501617706,0.04279729446993581,-0.0434660380469506
3548,4.000000000000001,-0.04247090204812028,8.037920784639161e-5,0.008965445211833688,0.01022879565985968,0.04247090204812028,-0.04229990140416421
3549,10.000000000000002,-0.04222714027114838,2.1226291359130422e-5,0.004607199947813251,0.012653078909043084,0.04222714027114838,-0.04213327956141523
3550,4.000000000000001,-0.04209670916492987,5.7046746061289606e-5,0.0075529296343398835,0.01095508023247056,0.04209670916492987,-0.04224510685218649
3551,1.6000000000000005,-0.04185245393796674,0.0005400608429166181,0.023239209171497598,0.0021333378966234278,0.04185245393796674,-0.04307778360768617
3552,4.000000000000001,-0.04204947924214846,5.387124549305301e-5,0.007339703365467368,0.00574585872203689,0.04204947924214846,-0.04232163452903583
3553,10.000000000000002,-0.04222735755851258,3.0044945506001752e-5,0.0054813269840433484,0.02322859953123677,0.04222735755851258,-0.04182551301225229
3554,4.000000000000001,-0.042576687484869834,0.00019629209781323026,0.014010428180938306,0.009241452773911378,0.042576687484869834,-0.043000740223394396
3555,10.000000000000002,-0.04237902138699538,1.59057138463139e-5,0.00398819681639634,0.0025710962751570986,0.04237902138699538,-0.042230472306994254
3556,25.000000000000004,-0.04222753226069028,8.013531901107177e-6,0.002830818238797252,0.02410602475304815,0.04222753226069028,-0.041901007654899215
3557,10.000000000000002,-0.04203593166319715,9.216349219799631e-6,0.0030358440704027654,0.020168117607952705,0.04203593166319715,-0.04165272933325358
3558,4.000000000000001,-0.04224793170704828,0.0006906935569493781,0.02628104938828315,0.011128189051075044,0.04224793170704828,-0.04503440835078605
3559,10.000000000000002,-0.04227403035548905,6.895400481736057e-5,0.00830385481673184,0.020625824797257303,0.04227403035548905,-0.04190825042070929
3560,4.000000000000001,-0.042236096591496755,0.0002539407914423883,0.01593551980458712,0.003243026468658267,0.042236096591496755,-0.04310317642260931
3561,10.000000000000002,-0.04219762885886534,2.8428622938827647e-5,0.005331849860867019,0.016030583404978854,0.04219762885886534,-0.04216970771425228
3562,4.000000000000001,-0.042129362455868166,0.00013217234619247546,0.011496623251741158,0.004123509293730194,0.042129362455868166,-0.04275387141644213
3563,10.000000000000002,-0.04234445354770803,2.6521231654189648e-5,0.0051498768581578385,0.01694544584674361,0.04234445354770803,-0.04204390703373344
3564,4.000000000000001,-0.0421746160680108,7.95590590958841e-5,0.008919588504851785,0.018076978014860516,0.0421746160680108,-0.042267688952291646
3565,1.6000000000000005,-0.04222025586752466,0.0007259243706408162,0.026942983699672466,0.0024414029195229782,0.04222025586752466,-0.04354883628590054
3566,4.000000000000001,-0.042085257301356024,7.514978574551078e-5,0.008668897608433888,0.0016038556125488495,0.042085257301356024,-0.04237702848949342
3567,10.000000000000002,-0.04217989997628122,2.4192614525841694e-5,0.004918598837661158,0.016018285598557464,0.04217989997628122,-0.041991824912259744
3568,4.000000000000001,-0.042303399866798375,0.0001251172819938192,0.011185583667999592,0.002029056130173417,0.042303399866798375,-0.042735136758592175
3569,10.000000000000002,-0.04227718930186617,1.3701535723408854e-5,0.0037015585532865552,0.008506371799792283,0.04227718930186617,-0.042232292599823536
3570,4.000000000000001,-0.04233711260968621,4.810329291954012e-5,0.006935653748533019,0.00929229648104387,0.04233711260968621,-0.04238429461602152
3571,1.6000000000000005,-0.04213200785927423,0.0002577122373037016,0.016053418243592285,0.010359496971628556,0.04213200785927423,-0.04260675561850088
3572,4.000000000000001,-0.042193991053585775,3.584945762435734e-5,0.00598744165936983,0.005350461341945822,0.042193991053585775,-0.04237432361382427
3573,10.000000000000002,-0.04222644353902565,2.870613408072499e-5,0.005357810567827589,0.021024041795686052,0.04222644353902565,-0.041950911089888146
3574,4.000000000000001,-0.042163626028490823,0.00014366604806514236,0.011986077259268037,0.013700614649525655,0.042163626028490823,-0.04259386308827177
3575,10.000000000000002,-0.04223124306151503,1.2667797972841016e-5,0.0035591850152585517,0.00433194256864959,0.04223124306151503,-0.04239343426854162
3576,25.000000000000004,-0.042231465526028085,5.688981111975062e-6,0.0023851585087735915,0.019614445994388885,0.042231465526028085,-0.04215118801989285
3577,10.000000000000002,-0.04246627397076756,7.993433688260766e-6,0.002827266115571855,0.02380243538404477,0.04246627397076756,-0.04200796387154641
3578,4.000000000000001,-0.042309462022646495,0.0002557449948754804,0.015992029104384485,0.0021639381104318215,0.042309462022646495,-0.0434010063929146
3579,10.000000000000002,-0.042377026652699615,2.8208228451528865e-5,0.0053111419159658,0.014865827393640684,0.042377026652699615,-0.04225075764817105
3580,4.000000000000001,-0.04208149473026978,3.030679232619184e-5,0.005505160517749854,0.019164701095792956,0.04208149473026978,-0.04187233327285056
3581,1.6000000000000005,-0.04208010628893272,0.001000609297282558,0.03163240897058835,0.00461156172561775,0.04208010628893272,-0.04399827750798744
3582,4.000000000000001,-0.042106965195019164,6.46058631664427e-5,0.00803777725285061,0.0028497345875477306,0.042106965195019164,-0.042390733026384624
3583,10.000000000000002,-0.04227144014413344,1.554601208467964e-5,0.003942843147359484,0.01741986850287016,0.04227144014413344,-0.042154321636407976
3584,4.000000000000001,-0.04230968698418883,2.2077261670916593e-5,0.004698644663189226,0.02803046489893607,0.04230968698418883,-0.0419367393821847
3585,1.6000000000000005,-0.042405887601739835,0.00011863295475995314,0.010891875630944063,0.014562655625547746,0.042405887601739835,-0.042118160043064276
3586,0.6400000000000002,-0.042342253236489415,0.003686480819604464,0.06071639662895406,0.0036838363342393044,0.042342253236489415,-0.045435743064268334
3587,1.6000000000000005,-0.0424104402997206,0.000452213361920688,0.02126530888373569,0.008860077108596912,0.0424104402997206,-0.04255000622536809
3588,4.000000000000001,-0.04226417895724656,8.195401643644243e-5,0.009052845764534068,0.006689855589634225,0.04226417895724656,-0.042137719427812095
3589,10.000000000000002,-0.04227706662144583,2.847074559207322e-5,0.0053357984962021585,0.015406833839978856,0.04227706662144583,-0.041761757292356906
3590,4.000000000000001,-0.04200738315283631,0.00017731032307231447,0.013315792243509752,0.013920488207148009,0.04200738315283631,-0.04274370272090064
3591,10.000000000000002,-0.04212391330351862,2.1279581604563857e-5,0.004612979688288672,0.01785876472060004,0.04212391330351862,-0.042047069963403814
3592,4.000000000000001,-0.04225381008143238,0.00016141636342483865,0.012704973963957528,0.0034703167901333335,0.04225381008143238,-0.04277586210627457
3593,10.000000000000002,-0.04226949924729342,1.2654392128357411e-5,0.0035573012422842982,0.0031596221016410146,0.04226949924729342,-0.042281436732978246
3594,25.000000000000004,-0.042235518185066025,5.008750285203364e-6,0.002238023745451188,0.014864776387904738,0.042235518185066025,-0.04208133549286959
3595,10.000000000000002,-0.042179588898973254,1.0868662195532236e-5,0.003296765414088821,0.014690089687188015,0.042179588898973254,-0.04205380055912365
3596,4.000000000000001,-0.04244939643735201,0.00027983737836247374,0.01672834057408187,0.005317829571764007,0.04244939643735201,-0.04333275206293063
3597,10.000000000000002,-0.04191176228652398,9.069150747744006e-5,0.009523208885530132,0.02858856972225489,0.04191176228652398,-0.04134884413022091
3598,4.000000000000001,-0.042394422881935644,0.00046274562991855664,0.02151152318917832,0.004315507097886358,0.042394422881935644,-0.0439587595576192
3599,10.000000000000002,-0.04229217330187952,2.7067668669370562e-5,0.005202659768750073,0.005660872152973453,0.04229217330187952,-0.04225655944912261
3600,25.000000000000004,-0.04227098019720155,9.685569947925431e-6,0.00311216483302627,0.021073676392001486,0.04227098019720155,-0.041840355112452286
3601,10.000000000000002,-0.04212060961092284,1.5022435750762116e-5,0.003875878706920808,0.020556486623670045,0.04212060961092284,-0.04165566589140005
3602,4.000000000000001,-0.041903005815336375,0.0005143816942778721,0.022679984441746695,0.0075927617696675085,0.041903005815336375,-0.044750992091048165
3603,10.000000000000002,-0.041925005252959134,4.5753241724913476e-5,0.006764114260190574,0.0056659975430188685,0.041925005252959134,-0.04240876072183259
3604,25.000000000000004,-0.042033328717027967,9.892698781594213e-6,0.0031452660907456166,0.005101416195832702,0.042033328717027967,-0.04204298527989845
3605,10.000000000000002,-0.04233388355660404,4.021018686194275e-5,0.006341150279085235,0.0049531934596430995,0.04233388355660404,-0.04250223863622649
3606,25.000000000000004,-0.04225227972055136,5.644265822744957e-6,0.0023757663653534954,0.014624545106623437,0.04225227972055136,-0.042155312614809023
3607,10.000000000000002,-0.04235987233612387,2.4366379854265477e-5,0.004936231341242576,0.0033522745257882547,0.04235987233612387,-0.042472317488331156
3608,25.000000000000004,-0.04238879317702034,7.086073566202149e-6,0.0026619679874487876,0.02070225744007964,0.04238879317702034,-0.04211620680264456
3609,10.000000000000002,-0.04239258466419056,1.629286818345199e-5,0.004036442515811663,0.01955507800109499,0.04239258466419056,-0.042173882787454216
3610,4.000000000000001,-0.04187634219004453,0.00027206245586689,0.0164943158653789,0.00802424229817741,0.04187634219004453,-0.04342024290358408
3611,10.000000000000002,-0.0421561140061795,5.316179486628941e-5,0.0072912135386566075,0.017716251957651818,0.0421561140061795,-0.04197631711049448
3612,4.000000000000001,-0.04215916880524914,0.00018675923009307889,0.013665988075989196,0.012486228751965544,0.04215916880524914,-0.04285059415127481
3613,10.000000000000002,-0.042199601532921,1.5844348105864263e-5,0.003980495962297194,0.002334046056664514,0.042199601532921,-0.04231855241692866
3614,25.000000000000004,-0.04223412615459496,4.457675500886923e-6,0.0021113207953522657,0.013096366730354244,0.04223412615459496,-0.042122554697200734
3615,10.000000000000002,-0.042247784584805353,2.427200238907923e-5,0.00492666239852897,0.010976289808352389,0.042247784584805353,-0.04238944608371093
3616,4.000000000000001,-0.04232352322474585,2.7297017902568045e-5,0.0052246548118098715,0.009921505459629115,0.04232352322474585,-0.04227659778613503
3617,1.6000000000000005,-0.04286546788483878,3.4386765809977755e-5,0.005864023005580534,0.010647973274244129,0.04286546788483878,-0.042181106514182415
3618,0.6400000000000002,-0.04094826192425675,0.002791178419199713,0.05283160435950922,0.008432365924654468,0.04094826192425675,-0.04461928867321116
3619,1.6000000000000005,-0.04195320994538924,0.0004276239316523139,0.02067906989330792,0.004222080685107438,0.04195320994538924,-0.042794099691145546
3620,4.000000000000001,-0.04221414609484463,9.411561012972433e-5,0.009701320019962455,0.008213676514964754,0.04221414609484463,-0.04207507859901873
3621,10.000000000000002,-0.04226551515130209,2.6737429828248587e-5,0.005170824869230111,0.003235506081893301,0.04226551515130209,-0.04212803213434655
3622,25.000000000000004,-0.042209237830419376,7.860455551947515e-6,0.0028036503975973027,0.015537806480145477,0.042209237830419376,-0.0418652677807387
3623,10.000000000000002,-0.04237954714923499,9.489677530657856e-6,0.0030805320207162035,0.024350134679605853,0.04237954714923499,-0.041590482017213805
3624,4.000000000000001,-0.04170414521880683,0.0004907095692562687,0.022151965358772768,0.0065262480061472035,0.04170414521880683,-0.044316400813426235
3625,10.000000000000002,-0.04187430164943061,4.560373208410158e-5,0.006753053537778416,0.004480581294060521,0.04187430164943061,-0.04243791762817747
3626,25.000000000000004,-0.04205452024959501,9.824656546584141e-6,0.0031344308170039646,0.00589336451239335,0.04205452024959501,-0.042063512144402015
3627,10.000000000000002,-0.04238393536483675,3.6033321790870804e-5,0.006002776173644225,0.006010415725236854,0.04238393536483675,-0.04246527915592721
3628,25.000000000000004,-0.04227687368934696,9.96123036631221e-6,0.0031561416898346325,0.027758961731962326,0.04227687368934696,-0.04194348960091374
3629,10.000000000000002,-0.04234217488976713,6.031316724123635e-5,0.007766155241896492,0.00307356718308308,0.04234217488976713,-0.042757847844505426
3630,25.000000000000004,-0.042242198071156215,5.057559495412244e-6,0.00224890184210255,0.004542873686864805,0.042242198071156215,-0.04223680667865841
3631,10.000000000000002,-0.04216191410946092,5.660226077137248e-6,0.0023791229638539593,0.012616873801404489,0.04216191410946092,-0.04208847807106468
3632,4.000000000000001,-0.0420050483983315,0.0002267174753843126,0.015057140345507595,0.003582699301031411,0.0420050483983315,-0.043095774080821554
3633,10.000000000000002,-0.04217053943068475,1.944440932487779e-5,0.004409581536254635,0.003194224331132016,0.04217053943068475,-0.04231807555689513
3634,25.000000000000004,-0.042243107460794765,6.048866240408284e-6,0.002459444295040708,0.01797800318146473,0.042243107460794765,-0.042088329863850305
3635,10.000000000000002,-0.042411876519751195,3.153343357202741e-5,0.005615463789574946,0.012836000877608564,0.042411876519751195,-0.04247306038744382
3636,4.000000000000001,-0.042196769504992834,0.00010111090245632449,0.010055391710735315,0.0032092469545997545,0.042196769504992834,-0.04269620800957953
3637,10.000000000000002,-0.042187482245549905,1.1450514602233754e-5,0.00338386090172657,0.004789564275056258,0.042187482245549905,-0.04236554373839507
3638,4.000000000000001,-0.042083017036387296,1.1119869045528233e-5,0.0033346467647305963,0.0060321920315904625,0.042083017036387296,-0.04224271959005583
3639,1.6000000000000005,-0.042311533654790304,1.4595577327291476e-5,0.0038204158578996968,0.006848210540111319,0.042311533654790304,-0.04221118434670552
3640,0.6400000000000002,-0.042112424852338216,3.3947406707427995e-5,0.005826440311839468,0.008039154946933262,0.042112424852338216,-0.042219821210351255
3641,0.2560000000000001,-0.04212149539918346,0.00465210951804972,0.06820637446785835,0.0027748056584477026,0.04212149539918346,-0.04444461716989932
3642,0.6400000000000002,-0.04434966625857342,0.0014573514809635142,0.03817527316160965,0.014300730017418982,0.04434966625857342,-0.04248439959609342
3643,1.6000000000000005,-0.04345853054777806,0.0003381576006029393,0.018389061982682513,0.0025948788071641056,0.04345853054777806,-0.04238725688815056
3644,4.000000000000001,-0.0427321863181196,9.522354679470781e-5,0.009758255315101558,0.011649897819230162,0.0427321863181196,-0.041931570634576865
3645,10.000000000000002,-0.04220794932776649,2.7748988944674225e-5,0.005267730910427584,0.010077865606536644,0.04220794932776649,-0.04210238158723277
3646,4.000000000000001,-0.04163145322734714,0.00011910412531226171,0.010913483646950762,0.002732421339071164,0.04163145322734714,-0.04263803838090412
3647,10.000000000000002,-0.0418759179318737,1.537334940637154e-5,0.00392088630367823,0.013530373162541187,0.0418759179318737,-0.04214850042323922
3648,4.000000000000001,-0.042489751986845986,6.597094398036158e-5,0.00812224993338432,0.010779842957785894,0.042489751986845986,-0.04241192644427493
3649,1.6000000000000005,-0.04306638675535824,0.00041818189945169704,0.020449496312909446,0.0027757139323659947,0.04306638675535824,-0.04286913662825322
3650,4.000000000000001,-0.04300418138703122,0.00011751083046594802,0.010840241254969744,0.01871172026532557,0.04300418138703122,-0.04185068321382728
3651,1.6000000000000005,-0.041613705767772645,0.0006902467346131095,0.026272547166445614,0.0030578412534168083,0.041613705767772645,-0.04331997073958824
3652,4.000000000000001,-0.041760467568988394,4.13197852869858e-5,0.006428046770752823,0.005453853732347169,0.041760467568988394,-0.04232845435950855
3653,10.000000000000002,-0.04198181505929486,8.740438156951437e-6,0.0029564232032899887,0.008654249734318902,0.04198181505929486,-0.04225080688958315
3654,4.000000000000001,-0.04243458093558527,1.4956012383188537e-5,0.003867300399915752,0.008833856691271846,0.04243458093558527,-0.042242478986614575
3655,1.6000000000000005,-0.04311121878486845,1.9652062163271066e-5,0.004433064646863507,0.0072102591775912465,0.04311121878486845,-0.042214608921587744
3656,0.6400000000000002,-0.04274914699516501,2.8331636370154882e-5,0.005322747069902428,0.007436687815350719,0.04274914699516501,-0.04221030364207079
3657,0.2560000000000001,-0.0406424423707409,0.004676665226703949,0.06838614791537793,0.0023317781609235415,0.0406424423707409,-0.04420302595800036
3658,0.6400000000000002,-0.04177601632558214,0.000908740917653631,0.03014532994766571,0.001893381884638954,0.04177601632558214,-0.042894166602189844
3659,1.6000000000000005,-0.04237673925481018,0.00018180409746896878,0.013483474977503714,0.0020298679673854824,0.04237673925481018,-0.04229823787447791
3660,4.000000000000001,-0.04230168709270155,5.112762565740391e-5,0.007150358428596703,0.0021319797827574634,0.04230168709270155,-0.04218870975280074
3661,10.000000000000002,-0.042121423924888435,3.366703574355151e-5,0.005802330199458793,0.013604392264669899,0.042121423924888435,-0.04165551802585186
3662,4.000000000000001,-0.042179975922432195,0.00027177035908963407,0.01648545901968259,0.011767544713109881,0.042179975922432195,-0.04307921126707382
3663,10.000000000000002,-0.042260267879377686,2.3013856979535476e-5,0.004797275995764208,0.004089339208246775,0.042260267879377686,-0.04226920521668286
3664,25.000000000000004,-0.042254712686613585,8.25374584304345e-6,0.002872933316845946,0.017989213318316433,0.042254712686613585,-0.041899386115934106
3665,10.000000000000002,-0.042245082431737246,6.247961016594903e-5,0.007904404478893335,0.004353809672667298,0.042245082431737246,-0.04273165570471933
3666,25.000000000000004,-0.042205092048237074,5.5125201390680985e-6,0.002347875665163745,0.0029409342362214366,0.042205092048237074,-0.04225679250832915
3667,10.000000000000002,-0.042316132298458375,2.014009403383144e-5,0.004487771611148615,0.0022813095228482625,0.042316132298458375,-0.042444815796107836
3668,25.000000000000004,-0.042325190934222316,2.5643436645465067e-6,0.001601356819870733,0.007692270141525925,0.042325190934222316,-0.04227047284898084
3669,10.000000000000002,-0.04223984312459416,2.9300347784851513e-6,0.001711734435736207,0.007312682836893768,0.04223984312459416,-0.04219097354900023
3670,4.000000000000001,-0.042187132927719244,7.770724762412386e-5,0.008815171446099269,0.010935140117186236,0.042187132927719244,-0.04253906649470153
3671,10.000000000000002,-0.04219812735106184,1.0580230185021252e-5,0.003252726577045979,0.005161954598312554,0.04219812735106184,-0.042367860933405235
3672,4.000000000000001,-0.042239887683606196,1.3391301011883689e-5,0.00365941265941458,0.005619893283768713,0.042239887683606196,-0.042318072747475254
3673,1.6000000000000005,-0.042267090800925396,1.4047666349828835e-5,0.0037480216581323054,0.006498034588600469,0.042267090800925396,-0.04224962415630706
3674,0.6400000000000002,-0.041746277733651936,0.0002256922327168585,0.015023056703509393,0.006916267190482205,0.041746277733651936,-0.04239412478560472
3675,1.6000000000000005,-0.04219116225496415,0.00016893587912591832,0.012997533578564755,0.0018307746041659808,0.04219116225496415,-0.042641521337265835
3676,4.000000000000001,-0.04230660286493028,3.8021131659224505e-5,0.00616612776864253,0.006153300332996715,0.04230660286493028,-0.042276108973163626
3677,10.000000000000002,-0.04228243823889615,2.409315174218001e-5,0.004908477538115053,0.016451911009713164,0.04228243823889615,-0.041938314955119585
3678,4.000000000000001,-0.042421800694148096,0.00015612916333212603,0.0124951655984275,0.0027225506629167616,0.042421800694148096,-0.0429418185171172
3679,10.000000000000002,-0.042360824242788545,1.4092852703045795e-5,0.0037540448456359434,0.004617047029347334,0.042360824242788545,-0.042314927657554825
3680,25.000000000000004,-0.04231754204858854,1.4149334843751845e-5,0.0037615601608577054,0.028749429100203807,0.04231754204858854,-0.041821800890142535
3681,10.000000000000002,-0.04205929590945113,8.825533563404768e-5,0.009394431096881156,0.01672315065402916,0.04205929590945113,-0.042916887749237194
3682,4.000000000000001,-0.04207742903111819,0.00018087966173702659,0.013449150967143858,0.0027828270566830145,0.04207742903111819,-0.04311363723629282
3683,10.000000000000002,-0.04223578659099077,2.7789539487591693e-5,0.005271578462623097,0.012278640812571155,0.04223578659099077,-0.04222044772631771
3684,4.000000000000001,-0.04218172726951194,3.094548113317747e-5,0.005562866269575197,0.019561970763694238,0.04218172726951194,-0.04183141829008393
3685,1.6000000000000005,-0.042311510378126166,0.0006598639262632884,0.025687816689304064,0.01054700897311102,0.042311510378126166,-0.04333518350917584
3686,4.000000000000001,-0.04233725473189363,7.594658321016677e-5,0.008714733685556133,0.0015855912333654061,0.04233725473189363,-0.04257759973276246
3687,10.000000000000002,-0.04232119392453975,1.0521915989162046e-5,0.0032437502969806485,0.002079370055895098,0.04232119392453975,-0.0422910702529334
3688,25.000000000000004,-0.04228656677207153,5.224270255963501e-6,0.0022856662608446363,0.01314715112908035,0.04228656677207153,-0.04208078957190893
3689,10.000000000000002,-0.04217571240505094,3.0353034047811878e-5,0.0055093587692046225,0.010885970027873202,0.04217571240505094,-0.04245718738508081
3690,4.000000000000001,-0.04223989775469927,8.025144171424328e-5,0.008958316901865175,0.006983728139534824,0.04223989775469927,-0.0426211585711033
3691,10.000000000000002,-0.042229209878504884,1.170907782124756e-5,0.0034218529806593913,0.01024702438125916,0.042229209878504884,-0.042305454051530564
3692,4.000000000000001,-0.0423517461446846,4.045624118224245e-5,0.006360522084093605,0.0049916618665552985,0.0423517461446846,-0.0424587207855859
3693,10.000000000000002,-0.04238136711543472,4.8101283433462805e-6,0.0021932004795153317,0.003436053889692578,0.04238136711543472,-0.04231578711269565
3694,4.000000000000001,-0.042315928627056965,5.065374607364707e-6,0.0022506387109806642,0.005512570191636278,0.042315928627056965,-0.04225644090542043
3695,1.6000000000000005,-0.042036702353373784,8.861978074991555e-5,0.00941380798348445,0.005486621975139531,0.042036702353373784,-0.04240943483223756
3696,4.000000000000001,-0.04205183936461154,2.098061334325147e-5,0.004580459948875382,0.00928816321748408,0.04205183936461154,-0.04226320020813314
3697,1.6000000000000005,-0.04241171523614499,2.483834361332133e-5,0.004983808143711125,0.01156065919338371,0.04241171523614499,-0.04218283185231369
3698,0.6400000000000002,-0.04267023335851747,0.0008727584550575628,0.029542485593760773,0.008484774761259518,0.04267023335851747,-0.04284787691907988
3699,1.6000000000000005,-0.04262035629652552,8.032760189784272e-5,0.008962566702560307,0.0012643134034318435,0.04262035629652552,-0.042446515521107855
3700,4.000000000000001,-0.0424240919621671,1.2762796828633103e-5,0.003572505679300329,0.003599548265095753,0.0424240919621671,-0.04232678214903791
3701,10.000000000000002,-0.04227977410218242,8.156652792215214e-6,0.002855985432773636,0.007878730306721794,0.04227977410218242,-0.04220422029923834
3702,4.000000000000001,-0.04229833253603475,3.237020237777418e-5,0.005689481731913214,0.0071344321518147236,0.04229833253603475,-0.042324613219644765
3703,1.6000000000000005,-0.04225349224288168,0.0002277267178160678,0.015090616879904805,0.0017281115476660976,0.04225349224288168,-0.04266602709865134
3704,4.000000000000001,-0.04219814484470752,2.4944883836571652e-5,0.0049944853425124445,0.0030170780564978167,0.04219814484470752,-0.04237530485334189
3705,10.000000000000002,-0.04229970579192446,1.9644868407340758e-5,0.004432253197566759,0.01068858052643207,0.04229970579192446,-0.04207591440885851
3706,4.000000000000001,-0.04248268722722718,2.280481975502815e-5,0.004775439221163656,0.0122949241642617,0.04248268722722718,-0.04182770719303526
3707,1.6000000000000005,-0.04162197490320147,0.0011082213911697302,0.03328995931463014,0.00629656721242581,0.04162197490320147,-0.04407084457174343
3708,4.000000000000001,-0.042019449625732376,9.60905627036694e-5,0.009802579390327292,0.002784401323129971,0.042019449625732376,-0.04236726596385297
3709,10.000000000000002,-0.04216154022000298,2.3042852774580305e-5,0.004800297154820762,0.003158379330651469,0.04216154022000298,-0.04208509925595554
3710,25.000000000000004,-0.042223435355132996,7.569156467193017e-6,0.0027512100005621194,0.012907804842182242,0.042223435355132996,-0.041912940661986496
3711,10.000000000000002,-0.04240038325279907,5.394414375105706e-5,0.007344667708688873,0.003820283874886374,0.04240038325279907,-0.042670776692914456
3712,25.000000000000004,-0.04230679453554615,5.405718299222533e-6,0.0023250200642623564,0.010052161014316639,0.04230679453554615,-0.04219775099856057
3713,10.000000000000002,-0.04223560765652943,1.721284978860963e-5,0.00414883716101387,0.01157735396188394,0.04223560765652943,-0.04231072833172459
3714,4.000000000000001,-0.04201200018057748,9.55823389823382e-5,0.009776622064002382,0.011543630527835023,0.04201200018057748,-0.04258996058512772
3715,10.000000000000002,-0.04206089614834416,1.3017699539178717e-5,0.0036080049250491217,0.0020031074509456216,0.04206089614834416,-0.04241239179489971
3716,25.000000000000004,-0.04219171016734886,5.0841380598713126e-6,0.0022548033306413473,0.015406688324012425,0.04219171016734886,-0.04217683998340468
3717,10.000000000000002,-0.042321556894810146,1.840276626420849e-5,0.0042898445501216576,0.014821614864112776,0.042321556894810146,-0.042330414551787016
3718,4.000000000000001,-0.042465545886645424,0.00011429266623521104,0.010690774819217316,0.0017671401044983864,0.042465545886645424,-0.04274469451650421
3719,10.000000000000002,-0.042330787967108464,3.3396442571275475e-5,0.005778965527780511,0.015192273941471943,0.042330787967108464,-0.041997811295122194
3720,4.000000000000001,-0.042297062081618195,0.00015996358822464662,0.012647671256980339,0.006056083618481634,0.042297062081618195,-0.04289857915367823
3721,10.000000000000002,-0.04214550352171646,2.4797802128999967e-5,0.004979739162747379,0.015925324079201195,0.04214550352171646,-0.042138219377717015
3722,4.000000000000001,-0.04230035154032803,0.00010483986878097017,0.010239134181217188,0.002150577633530088,0.04230035154032803,-0.04269102899811331
3723,10.000000000000002,-0.042345386311012166,9.296343130138303e-6,0.003048990510011191,0.006157960020672386,0.042345386311012166,-0.04227921750572621
3724,4.000000000000001,-0.042427277175806674,1.0756801647616053e-5,0.0032797563396716003,0.008342902890429233,0.042427277175806674,-0.04218723313880357
3725,1.6000000000000005,-0.042133892256184496,0.00033906435108778,0.018413700092262283,0.002698196169193514,0.042133892256184496,-0.04279270770133368
3726,4.000000000000001,-0.04219734388561041,2.638157347101839e-5,0.00513629958929757,0.0013294677023964912,0.04219734388561041,-0.04234866456788982
3727,10.000000000000002,-0.04228248449816191,4.175277059837129e-6,0.002043349470804524,0.0042256413092054195,0.04228248449816191,-0.04229922842452613
3728,4.000000000000001,-0.04232251584208353,4.5880142294395625e-6,0.002141965039266412,0.006877665248100457,0.04232251584208353,-0.04224083198073769
3729,1.6000000000000005,-0.04223914913851528,1.1822278613227117e-5,0.0034383540558277467,0.005725714871597465,0.04223914913851528,-0.042246190298691366
3730,0.6400000000000002,-0.042464424984170364,1.4355312061250115e-5,0.0037888404639480552,0.005570867138901909,0.042464424984170364,-0.04223551824464966
3731,0.2560000000000001,-0.042474475813289565,3.11420598001167e-5,0.00558050712750344,0.005351405520316286,0.042474475813289565,-0.04223973722683256
3732,0.6400000000000002,-0.04243491550834135,0.0010000759244671227,0.031623977050129586,0.0029478852881275573,0.04243491550834135,-0.04289599347147493
3733,1.6000000000000005,-0.04238431423391684,0.0001310054548632403,0.011445761436586047,0.0014035804601726781,0.04238431423391684,-0.042372221448312285
3734,4.000000000000001,-0.04224021545392397,3.959182989001405e-5,0.006292203897682755,0.008265859676208553,0.04224021545392397,-0.042150488354134194
3735,1.6000000000000005,-0.042349071212204256,0.00022012969828908403,0.014836768458430698,0.0017455450709323763,0.042349071212204256,-0.0425394787616689
3736,4.000000000000001,-0.04239694903310585,3.14821259115623e-5,0.005610893503851441,0.0060656998047105915,0.04239694903310585,-0.042259884775458556
3737,10.000000000000002,-0.042362669351272315,1.339064516201693e-5,0.003659323046960589,0.009819842872332002,0.042362669351272315,-0.04206551342982611
3738,4.000000000000001,-0.04215726578529099,0.0001203699328596937,0.01097132320459541,0.005241029747647978,0.04215726578529099,-0.042627097169659796
3739,10.000000000000002,-0.04219658096846518,1.2169263169424148e-5,0.0034884470999893558,0.0019659568899849174,0.04219658096846518,-0.04226345180786252
3740,25.000000000000004,-0.042240460831864876,6.829172061721194e-6,0.0026132684633847314,0.018404355609239836,0.042240460831864876,-0.041989709894995564
3741,10.000000000000002,-0.04236674758906348,2.6674914263560335e-5,0.0051647763033417365,0.02744013435409408,0.04236674758906348,-0.04225491767291246
3742,4.000000000000001,-0.042174991667790845,0.00027208256712837816,0.016494925496296678,0.003924573514300212,0.042174991667790845,-0.043373862261542745
3743,10.000000000000002,-0.041982540725683845,3.523191312205345e-5,0.005935647658179641,0.0179899813819422,0.041982540725683845,-0.04215679593429807
3744,4.000000000000001,-0.042151614673574166,7.424988081327328e-5,0.008616837053888932,0.013280129183782257,0.042151614673574166,-0.04221028983100938
3745,1.6000000000000005,-0.04299758780892327,0.0005970126216831633,0.024433841729927845,0.002981265957836257,0.04299758780892327,-0.04329321527855113
3746,4.000000000000001,-0.04260738068682301,6.733949647554641e-5,0.008206064615608777,0.005193930250276313,0.04260738068682301,-0.042410621347563626
3747,10.000000000000002,-0.0422752057461644,1.9803532965543755e-5,0.004450116062030714,0.013513646860685529,0.0422752057461644,-0.042059686985846584
3748,4.000000000000001,-0.04186814569092026,6.167731158243349e-5,0.007853490407610714,0.016858577317776697,0.04186814569092026,-0.04223417490842983
3749,1.6000000000000005,-0.04174738055365575,0.0001393674028665097,0.011805397192238375,0.011534959965432849,0.04174738055365575,-0.04238279991925278
3750,4.000000000000001,-0.042083567405789495,8.618362495179042e-5,0.009283513610255032,0.00167860095496272,0.042083567405789495,-0.04259300960589387
3751,10.000000000000002,-0.042167936902853705,7.045244387670706e-5,0.008393595408208991,0.021710431760110765,0.042167936902853705,-0.041516693484336474
3752,4.000000000000001,-0.04236618714593093,0.00025284107948479615,0.015900977312253362,0.019041425712567138,0.04236618714593093,-0.043323081311242184
3753,10.000000000000002,-0.042410267433632735,2.47650518739777e-5,0.004976449725856547,0.010831778965870254,0.042410267433632735,-0.04241000497872363
3754,4.000000000000001,-0.04216236050344803,5.1406353063241046e-5,0.0071698223871474705,0.008786015623992949,0.04216236050344803,-0.04244142485010743
3755,10.000000000000002,-0.04219454133497278,7.81364003180823e-6,0.0027952888995250976,0.005305554415905677,0.04219454133497278,-0.04232594852454602
3756,4.000000000000001,-0.042304340947936864,2.0802870658256945e-5,0.004561016406269215,0.005250050532974806,0.042304340947936864,-0.04236758532488596
3757,10.000000000000002,-0.042301590917594646,7.752242843252145e-6,0.002784284978814515,0.013184750268175977,0.042301590917594646,-0.042245278960817416
3758,4.000000000000001,-0.042442697956269496,1.557778996686106e-5,0.003946870908309652,0.0067865438801678465,0.042442697956269496,-0.04224206772023194
3759,1.6000000000000005,-0.04238257384794775,0.0003558199773605343,0.018863191070456087,0.002133135269175495,0.04238257384794775,-0.04284496114241338
3760,4.000000000000001,-0.04222434954329246,0.0001185547635991674,0.010888285613408908,0.0161183508352972,0.04222434954329246,-0.041903225035941724
3761,1.6000000000000005,-0.04228225126354663,0.0005629203702344099,0.023725942978824043,0.0023880757957299536,0.04228225126354663,-0.04307912410129428
3762,4.000000000000001,-0.04237356083352021,3.457465308751854e-5,0.005880021521008111,0.0021364244863952197,0.04237356083352021,-0.04232804833322204
3763,10.000000000000002,-0.04228417788326156,1.2602688328656335e-5,0.0035500265250637685,0.01081707582057746,0.04228417788326156,-0.04209846542236949
3764,4.000000000000001,-0.04245886539157596,1.748094671143442e-5,0.004181022208914277,0.0120073935709223,0.04245886539157596,-0.04200553611598895
3765,1.6000000000000005,-0.042260986600003575,2.289743454320034e-5,0.004785126387379997,0.009702377025456161,0.042260986600003575,-0.04195385830388544
3766,0.6400000000000002,-0.041409368041555615,0.0034691778025230874,0.05889972667613227,0.007996579736105281,0.041409368041555615,-0.0451265252648585
3767,1.6000000000000005,-0.041861162643127274,0.00043240612985825304,0.020794377361639204,0.007570519698195105,0.041861162643127274,-0.04273867479428673
3768,4.000000000000001,-0.042248042973366914,0.00010567719932382743,0.010279941601187599,0.002739780495540003,0.042248042973366914,-0.042080267340209324
3769,10.000000000000002,-0.04233075167316544,3.482811595148116e-5,0.005901535050432317,0.017130025535990478,0.04233075167316544,-0.041741038774625275
3770,4.000000000000001,-0.04203071294545565,0.00017573076746541075,0.013256348194937049,0.0040596611295688765,0.04203071294545565,-0.04281021411351137
3771,10.000000000000002,-0.04205879399591767,6.887713467860757e-5,0.008299224944451594,0.035723287359822296,0.04205879399591767,-0.04148218776981127
3772,4.000000000000001,-0.04209802850316568,0.0003881499500602082,0.019701521516375536,0.0034891806072986126,0.04209802850316568,-0.043642776570917974
3773,10.000000000000002,-0.04212524857512709,2.7011936621187356e-5,0.005197300897695587,0.003429764982286561,0.04212524857512709,-0.04226538127375259
3774,25.000000000000004,-0.042138143837851694,7.37275980475025e-6,0.0027152826380968612,0.020882948402278508,0.042138143837851694,-0.042012230772806955
3775,10.000000000000002,-0.04227828483033978,3.8566341391053e-5,0.006210180463646206,0.01570582618212175,0.04227828483033978,-0.04249953853665707
3776,4.000000000000001,-0.04242140795665673,6.634146858502954e-5,0.008145027230465809,0.01072350437009197,0.04242140795665673,-0.04250361866741368
3777,1.6000000000000005,-0.04257806343008662,0.000542694313505547,0.02329580034052376,0.0032180080008304486,0.04257806343008662,-0.043208833066495984
3778,4.000000000000001,-0.04239425306506012,6.108054269700512e-5,0.007815404192810831,0.002417989745978687,0.04239425306506012,-0.04248505289316124
3779,10.000000000000002,-0.04226456464921025,2.8832019441472132e-5,0.0053695455526023925,0.01758452203398976,0.04226456464921025,-0.041975469603968335
3780,4.000000000000001,-0.04215331866695388,0.00014082051944967094,0.011866782185987529,0.0028992158082311874,0.04215331866695388,-0.04273896717326222
3781,10.000000000000002,-0.04221713701022747,1.232280682411188e-5,0.0035103855663034906,0.00280746712174378,0.04221713701022747,-0.04227772010961533
3782,25.000000000000004,-0.042248448066384475,3.451694881151663e-6,0.0018578737527484646,0.015392507260316908,0.042248448066384475,-0.04215700486466786
3783,10.000000000000002,-0.04240447496616126,4.833812202739932e-6,0.0021985932326694566,0.010622618170378342,0.04240447496616126,-0.042098204598569715
3784,4.000000000000001,-0.042362144853364994,0.0001861699893985115,0.013644412387439464,0.013026599753141424,0.042362144853364994,-0.04294800084299244
3785,10.000000000000002,-0.04214124701100478,2.7843056212836324e-5,0.005276651988982818,0.01339853169724654,0.04214124701100478,-0.0422280133481436
3786,4.000000000000001,-0.042002886900694564,4.191299363371459e-5,0.006474024531442138,0.011206485947393348,0.042002886900694564,-0.0420849542397741
3787,1.6000000000000005,-0.04177497398918889,0.0006761186838460728,0.026002282281485847,0.011914266157388713,0.04177497398918889,-0.04336049868777819
3788,4.000000000000001,-0.04244985499377798,7.825757003359875e-5,0.008846330879726281,0.009954170394129876,0.04244985499377798,-0.04228312847406191
3789,10.000000000000002,-0.04260301151105425,5.099618406908006e-5,0.007141161254941668,0.02870387517777922,0.04260301151105425,-0.0415237470201112
3790,4.000000000000001,-0.0419999567284929,0.00032546601771464177,0.018040676753233006,0.004124050182888966,0.0419999567284929,-0.04357676884740934
3791,10.000000000000002,-0.04207938465184215,2.3556460383233814e-5,0.004853499807688655,0.004560163919977579,0.04207938465184215,-0.04231319364177665
3792,25.000000000000004,-0.04213356712359362,5.837220836972038e-6,0.0024160341133709264,0.017114008431786332,0.04213356712359362,-0.042104428885477364
3793,10.000000000000002,-0.04226769297332557,1.2343271094411995e-5,0.0035132991751930256,0.013921796158906917,0.04226769297332557,-0.04208493746335467
3794,4.000000000000001,-0.04241754284982178,4.4126848253752094e-5,0.006642804246231564,0.016877744828049285,0.04241754284982178,-0.04223454433529286
3795,1.6000000000000005,-0.04205549283725336,0.001090815650322501,0.03302749839637421,0.003737855511453297,0.04205549283725336,-0.044431393143303154
3796,4.000000000000001,-0.04216423298674571,0.00013430456235191137,0.011588984526347051,0.0030020503768209495,0.04216423298674571,-0.04250418999500358
3797,10.000000000000002,-0.04220055408273631,3.247542773025668e-5,0.005698721587361211,0.004393480040873512,0.04220055408273631,-0.041984014895552625
3798,25.000000000000004,-0.04225175837564798,1.7284221103950377e-5,0.004157429627059294,0.025697730738019915,0.04225175837564798,-0.04142497109495777
3799,10.000000000000002,-0.04214419978131367,0.00010162299186047877,0.010080822975356663,0.010150092244408672,0.04214419978131367,-0.042797409264067825
3800,25.000000000000004,-0.04203231307322092,1.9978530404295074e-5,0.004469734936693123,0.03924426667813534,0.04203231307322092,-0.04172313922100995
3801,10.000000000000002,-0.04194211344978063,0.00011289989152957331,0.01062543606303164,0.005907176013367835,0.04194211344978063,-0.04305376413937538
3802,25.000000000000004,-0.041986650783178536,1.6505771538410124e-5,0.004062729567471865,0.03728582393878807,0.041986650783178536,-0.041923546970667636
3803,10.000000000000002,-0.0422824262536101,9.072630395381378e-5,0.009525035640553466,0.005534538190630481,0.0422824262536101,-0.04299875100749132
3804,25.000000000000004,-0.0423016289646036,7.224821362756674e-6,0.0026879027814927896,0.006688263300340814,0.0423016289646036,-0.04224049518533123
3805,10.000000000000002,-0.04217712383804476,2.4478777626557597e-5,0.004947603220404563,0.004217385740811512,0.04217712383804476,-0.042449368944830895
3806,25.000000000000004,-0.04221351903924671,4.178644182114335e-6,0.002044173227031979,0.017943242852140263,0.04221351903924671,-0.04223362107488003
3807,10.000000000000002,-0.04221030828400818,7.719666395912599e-6,0.0027784287638722353,0.012082220683251224,0.04221030828400818,-0.04220730548550207
3808,4.000000000000001,-0.04230214659099028,1.0030057153924213e-5,0.003167026547713835,0.01467841844859557,0.04230214659099028,-0.0421678189396286
3809,1.6000000000000005,-0.04197727537515444,0.0009361406201356826,0.03059641515170826,0.0036913797266507824,0.04197727537515444,-0.044096061800431484
3810,4.000000000000001,-0.042242595740041786,0.00010891278714744566,0.010436128934976113,0.010921610616943977,0.042242595740041786,-0.042521991213690824
3811,10.000000000000002,-0.04219567545203016,3.716384521356773e-5,0.006096215646904868,0.018558961541838292,0.04219567545203016,-0.041908196800992226
3812,4.000000000000001,-0.04229342653238452,0.00018518507629625063,0.01360827234795992,0.004743795939985193,0.04229342653238452,-0.04272586756927666
3813,10.000000000000002,-0.042275979875425224,2.0744395048623232e-5,0.004554601524680642,0.0058388025990373125,0.042275979875425224,-0.042185045240662335
3814,4.000000000000001,-0.04225084726316154,3.537579863216876e-5,0.005947755764334036,0.012826967086001133,0.04225084726316154,-0.0421818162905146
3815,1.6000000000000005,-0.04222525234776523,0.00016860313259147174,0.012984726897069176,0.01328812834387024,0.04222525234776523,-0.04242059659765665
3816,4.000000000000001,-0.042053065568855824,3.2647637760938e-5,0.0057138111415182425,0.008820944238826548,0.042053065568855824,-0.04228198459529142
3817,1.6000000000000005,-0.042185678931379304,0.0004811824515145621,0.02193587134158482,0.002818575143958885,0.042185678931379304,-0.04308960225720278
3818,4.000000000000001,-0.04220468177301703,7.231375489440658e-5,0.008503749460938192,0.008462853962841011,0.04220468177301703,-0.042382351957105026
3819,10.000000000000002,-0.04243056981507317,6.0922632140102074e-5,0.007805295134721177,0.02899283768184601,0.04243056981507317,-0.04148078216954189
3820,4.000000000000001,-0.042169219574129446,0.00035826542993151544,0.018927900832673324,0.010085666813954593,0.042169219574129446,-0.04348766199949292
3821,10.000000000000002,-0.042185015359872714,4.9403582680954736e-5,0.007028768219322269,0.024968660805025432,0.042185015359872714,-0.041796230583912276
3822,4.000000000000001,-0.0418017442950654,0.000255510884971972,0.015984707847563933,0.003921794319462322,0.0418017442950654,-0.04311942523932491
3823,10.000000000000002,-0.041998925558240176,2.256203448205093e-5,0.004749950997857865,0.00576267612386896,0.041998925558240176,-0.04221868502970287
3824,25.000000000000004,-0.042114666706991044,1.3062375123845023e-5,0.0036141907979304333,0.0349161293775275,0.042114666706991044,-0.04172494714032515
3825,10.000000000000002,-0.04210384078067286,6.164264797244393e-5,0.007851283205466731,0.024049228376539483,0.04210384078067286,-0.042442573363860606
3826,4.000000000000001,-0.042191685074599965,0.00042111441028188734,0.020521072347269947,0.004782888187183819,0.042191685074599965,-0.043700011183725636
3827,10.000000000000002,-0.04242522368693382,4.735432907458169e-5,0.006881448181493608,0.0085468267828594,0.04242522368693382,-0.04227397708312378
3828,25.000000000000004,-0.042296767954896175,1.2546564272048263e-5,0.0035421129671494474,0.011246382117194953,0.042296767954896175,-0.04191318950550777
3829,10.000000000000002,-0.0420824433570414,1.6584625665921886e-5,0.004072422579487778,0.021168175901365962,0.0420824433570414,-0.04163976966112778
3830,4.000000000000001,-0.04197558895954107,0.0004747192263260375,0.021788052375695206,0.005760685257663514,0.04197558895954107,-0.044138627525630324
3831,10.000000000000002,-0.042189281435332224,5.6764303650566416e-5,0.007534208893478228,0.010615155010749994,0.042189281435332224,-0.0424082244228528
3832,4.000000000000001,-0.042147637316706996,0.00016475831028204844,0.012835821371538653,0.00468021089525123,0.042147637316706996,-0.04282370437809625
3833,10.000000000000002,-0.04212444906591556,1.814063679238166e-5,0.004259182643698396,0.0034186319498405848,0.04212444906591556,-0.04224869645729152
3834,25.000000000000004,-0.04219578976090061,7.19552319710084e-6,0.002682447240320085,0.017627617699928103,0.04219578976090061,-0.042005707249528304
3835,10.000000000000002,-0.04222385555640362,2.3232911766498267e-5,0.004820053087518671,0.016964672777465214,0.04222385555640362,-0.04212846657226556
3836,4.000000000000001,-0.042154889862768885,0.000294563549758122,0.01716285377663406,0.00508282681156984,0.042154889862768885,-0.04326297590581187
3837,10.000000000000002,-0.04218603293514212,3.409846223262564e-5,0.005839388857802299,0.00452717201357362,0.04218603293514212,-0.04239827050778591
3838,25.000000000000004,-0.04213857011957972,1.0473268881860949e-5,0.003236243019592464,0.01976604310119027,0.04213857011957972,-0.04200014563617036
3839,10.000000000000002,-0.042280497799662066,4.13090636560431e-5,0.006427212743953875,0.012925981673616116,0.042280497799662066,-0.04251430927361713
3840,4.000000000000001,-0.04225596724633577,0.00012781456268037904,0.011305510279522063,0.004025494842259329,0.04225596724633577,-0.04283171836937231
3841,10.000000000000002,-0.04228079353177729,1.9396317556874563e-5,0.004404125061448024,0.010465679847488302,0.04228079353177729,-0.04235501650359572
3842,4.000000000000001,-0.042343886920005465,2.85396629842549e-5,0.005342252613294779,0.010699239769042532,0.042343886920005465,-0.042290134445162005
3843,1.6000000000000005,-0.04262701870890316,5.4794487886343336e-5,0.007402329895806005,0.00824614375921314,0.04262701870890316,-0.042316920905316996
3844,4.000000000000001,-0.04244248082414804,1.4546143645838598e-5,0.003813940697734903,0.006871491830203026,0.04244248082414804,-0.0422413652846912
3845,1.6000000000000005,-0.04230943669443082,0.0002615915339949577,0.016173791577578762,0.0029779613333161562,0.04230943669443082,-0.04278301005788352
3846,4.000000000000001,-0.04227221352912033,4.3948052727978945e-5,0.006629332751339229,0.0021231008187818715,0.04227221352912033,-0.042396817540223806
3847,10.000000000000002,-0.04227139420907938,1.1008436264986187e-5,0.0033178963613992203,0.002644409649208296,0.04227139420907938,-0.04223793005281466
3848,25.000000000000004,-0.04227999751126092,5.81351074150266e-6,0.002411122299159182,0.018603719884563483,0.04227999751126092,-0.04206149731233278
3849,10.000000000000002,-0.04228435861281159,3.235914671599519e-5,0.0056885100611667365,0.004700440573844187,0.04228435861281159,-0.042478388209200045
3850,25.000000000000004,-0.042232744719196455,5.434076130874134e-6,0.0023311104930642253,0.009856672663200217,0.042232744719196455,-0.04224440644670061
3851,10.000000000000002,-0.042092438740245784,5.876160901659564e-6,0.0024240793926065137,0.014480365765488052,0.042092438740245784,-0.04208357800740883
3852,4.000000000000001,-0.04266103807178925,0.00014239563847346043,0.011932964362364467,0.012973633272378797,0.04266103807178925,-0.042804700187957144
3853,10.000000000000002,-0.04242107847229918,2.26316277693475e-5,0.004757271042241286,0.013555063536695415,0.04242107847229918,-0.042348974374889534
3854,4.000000000000001,-0.04199922140879693,5.890958450882985e-5,0.007675257944123432,0.009198889497073945,0.04199922140879693,-0.04253624459346962
3855,10.000000000000002,-0.04207965568666574,1.000113894257521e-5,0.003162457737674167,0.011198151195501261,0.04207965568666574,-0.04227854666362792
3856,4.000000000000001,-0.04224868818994411,2.676270920532864e-5,0.005173268715747196,0.0074059098567677735,0.04224868818994411,-0.042373069265946854
3857,1.6000000000000005,-0.04235481075617425,5.798622592154178e-5,0.007614868739613426,0.007088273196110189,0.04235481075617425,-0.0424054367262906
3858,4.000000000000001,-0.04243541455969562,1.2375934215983956e-5,0.0035179446010396406,0.005595167891193291,0.04243541455969562,-0.04233539369641265
3859,1.6000000000000005,-0.042387668811779376,8.222301832932307e-5,0.009067690903935968,0.00517066823626146,0.042387668811779376,-0.04243954878985807
3860,4.000000000000001,-0.04228697018635586,1.645908657893826e-5,0.004056979982565635,0.0039738742925103775,0.04228697018635586,-0.0423616626050311
3861,10.000000000000002,-0.042269620316867804,8.987495368954761e-6,0.002997915170406721,0.012577020983023214,0.042269620316867804,-0.042231125590957236
3862,4.000000000000001,-0.04228165374258881,5.3967204367521556e-5,0.007346237429291375,0.0015389726303200698,0.04228165374258881,-0.042493603307961064
3863,10.000000000000002,-0.04227455299815363,9.563746757739551e-6,0.0030925308014213134,0.009642284972647425,0.04227455299815363,-0.042262584269247325
3864,4.000000000000001,-0.04240855218663441,1.0677565177023267e-5,0.00326765438457363,0.009455650810062347,0.04240855218663441,-0.04215164540135696
3865,1.6000000000000005,-0.04238868720402965,8.079745194892226e-5,0.008988740287099315,0.01141614754708387,0.04238868720402965,-0.042339334138225763
3866,0.6400000000000002,-0.04207136190349706,0.00014229996420341348,0.011928954866349923,0.011096966078573713,0.04207136190349706,-0.04238519080727225
3867,1.6000000000000005,-0.04214267760649795,0.0002488784014833516,0.01577588037110296,0.0017472063859920073,0.04214267760649795,-0.042770644320940555
3868,4.000000000000001,-0.04222244582895968,3.465474471446242e-5,0.00588682806904214,0.001973064307198182,0.04222244582895968,-0.04234528933633817
3869,10.000000000000002,-0.042303131113506136,7.816096115205087e-6,0.002795728190508707,0.0033640862749034174,0.042303131113506136,-0.04226233669890476
3870,25.000000000000004,-0.04230283190733193,5.817968626763335e-6,0.002412046563970798,0.02209008148259935,0.04230283190733193,-0.04205988225904197
3871,10.000000000000002,-0.04223889278653994,4.462370862900708e-5,0.006680097950554848,0.008162322530371784,0.04223889278653994,-0.04254229136342261
3872,25.000000000000004,-0.04226718739275812,5.777831548431093e-6,0.0024037120352552828,0.018189428669399342,0.04226718739275812,-0.04223006730929591
3873,10.000000000000002,-0.042292749924581145,1.584724773747635e-5,0.003980860175574664,0.011130133775007295,0.042292749924581145,-0.042412622155751624
3874,4.000000000000001,-0.042235890553516314,1.7710197554661183e-5,0.004208348554321657,0.011300466763255235,0.042235890553516314,-0.042356244486638384
3875,1.6000000000000005,-0.04213196900701089,2.61097619096279e-5,0.005109771218912634,0.006898637941937632,0.04213196900701089,-0.04234747944935038
3876,0.6400000000000002,-0.04190428153275811,0.001177689400840545,0.034317479523422824,0.005405863894823111,0.04190428153275811,-0.04316991387844551
3877,1.6000000000000005,-0.0421749982831882,0.00018626624872458003,0.013647939358180781,0.0025244861420324984,0.0421749982831882,-0.04267205126926376
3878,4.000000000000001,-0.04233569954662037,4.80830432203752e-5,0.006934193768591645,0.00925876699765953,0.04233569954662037,-0.04231924267233164
3879,1.6000000000000005,-0.04232527925834475,0.00014182541140618274,0.011909047460069287,0.00543032349488785,0.04232527925834475,-0.04241270165456216
3880,4.000000000000001,-0.04239700482008109,4.1157056545504206e-5,0.006415376570826081,0.014411497854716676,0.04239700482008109,-0.04212719671751612
3881,1.6000000000000005,-0.042068397328391176,0.00017632352520571595,0.013278686878065766,0.00709080839447575,0.042068397328391176,-0.04243611066946867
3882,4.000000000000001,-0.04222327240961215,2.7895042632783737e-5,0.005281575771754462,0.007537295196364025,0.04222327240961215,-0.042190727477260784
3883,1.6000000000000005,-0.042108917651903485,0.00020969090926352643,0.014480708175483905,0.0015399816084830584,0.042108917651903485,-0.042500496731412256
3884,4.000000000000001,-0.04215676036943431,3.0430385693593913e-5,0.005516374325006772,0.009538882537013241,0.04215676036943431,-0.04227368486099967
3885,1.6000000000000005,-0.04250209696994278,4.1954452708432467e-5,0.00647722569534461,0.00848393031882894,0.04250209696994278,-0.042190403252013974
3886,0.6400000000000002,-0.042519664705495494,0.0008621425057920966,0.029362263294781903,0.0021831545955441267,0.042519664705495494,-0.042810149748339736
3887,1.6000000000000005,-0.042428798820872464,0.00012135566683175559,0.011016154811537263,0.002114346590192086,0.042428798820872464,-0.042420964049030986
3888,4.000000000000001,-0.042395097252139184,9.19820027874749e-5,0.009590724831183246,0.01746556427707556,0.042395097252139184,-0.04185615488834947
3889,1.6000000000000005,-0.041817056970145455,0.0005664389725439697,0.02379997841477949,0.010028478492412594,0.041817056970145455,-0.042973044299985524
3890,4.000000000000001,-0.04201165970073012,5.121097062931178e-5,0.0071561840829671075,0.003627869023974543,0.04201165970073012,-0.042301953924966745
3891,10.000000000000002,-0.04213514626261941,2.1005634308314423e-5,0.004583190407163379,0.022320690201136018,0.04213514626261941,-0.04195539730670687
3892,4.000000000000001,-0.04249771283378334,0.00012289967228749118,0.011086012461092185,0.007596233150588765,0.04249771283378334,-0.04263553685683174
3893,10.000000000000002,-0.0423913628789387,1.2253655877778449e-5,0.0035005222292935735,0.010565158451643127,0.0423913628789387,-0.042231395563335335
3894,4.000000000000001,-0.04233359572741139,1.3792457027793844e-5,0.0037138197355006133,0.010759378363501703,0.04233359572741139,-0.04208228652312908
3895,1.6000000000000005,-0.04201624436080216,0.0004826668954880206,0.02196968127870818,0.005553954483366139,0.04201624436080216,-0.04303329080290711
3896,4.000000000000001,-0.042207536326793284,6.602819567007488e-5,0.008125773542874234,0.008364628441655256,0.042207536326793284,-0.04233453224752323
3897,10.000000000000002,-0.04237472830645316,2.826393602279412e-5,0.005316383735472273,0.02162221767754676,0.04237472830645316,-0.04193918849169046
3898,4.000000000000001,-0.04214303636205163,0.00015289945783893141,0.012365252032972535,0.0034823477076655405,0.04214303636205163,-0.042821729599137937
3899,10.000000000000002,-0.04222851172026083,1.689651117543262e-5,0.004110536604317327,0.006923626802435661,0.04222851172026083,-0.04224076729089067
3900,4.000000000000001,-0.042319376501650324,3.950410289690288e-5,0.006285228945464348,0.011394512003461931,0.042319376501650324,-0.04237053368477237
3901,1.6000000000000005,-0.04248759938155003,0.00010413791475302796,0.010204798614035848,0.007629414369067478,0.04248759938155003,-0.04248663765944702
3902,4.000000000000001,-0.04229662978786821,2.0129719402429965e-5,0.00448661558442775,0.006488149209428939,0.04229662978786821,-0.04237863744851431
3903,1.6000000000000005,-0.042184824529909515,2.2004038927486778e-5,0.004690846291181025,0.007042121544794445,0.042184824529909515,-0.042285761417776735
3904,0.6400000000000002,-0.041823536688120375,0.0008520658532571157,0.029190167064563295,0.0053240820698492305,0.041823536688120375,-0.04286237973335916
3905,1.6000000000000005,-0.04212356656477553,0.00012780778823873233,0.011305210667596263,0.0021554255353175835,0.04212356656477553,-0.04247748837434673
3906,4.000000000000001,-0.04225008136290221,6.259045630840466e-5,0.007911413041195907,0.01373542614759716,0.04225008136290221,-0.04205795799223374
3907,1.6000000000000005,-0.04221338305223027,0.00031481990916490063,0.01774316513942483,0.00302483340350879,0.04221338305223027,-0.04274104984864786
3908,4.000000000000001,-0.04217061033754714,3.526241605422667e-5,0.005938216571852754,0.004409610741255108,0.04217061033754714,-0.0422862671718858
3909,10.000000000000002,-0.042155932250521194,3.225415147658598e-5,0.0056792738511702336,0.019858845677821195,0.042155932250521194,-0.041817817026832176
3910,4.000000000000001,-0.04215089250413887,0.00020221137830797424,0.014220104722117,0.004644135070525668,0.04215089250413887,-0.04286969457852923
3911,10.000000000000002,-0.042253211527613126,2.06794016865636e-5,0.004547461015397889,0.005277521456042596,0.042253211527613126,-0.04221540500956578
3912,25.000000000000004,-0.042248201716001466,4.600245874462602e-6,0.0021448183779664426,0.00896521690430231,0.042248201716001466,-0.042130291298592054
3913,10.000000000000002,-0.04218332343892544,1.2516501508040408e-5,0.0035378668019076707,0.010728961799392343,0.04218332343892544,-0.04223056379739378
3914,4.000000000000001,-0.04213200803792479,1.6552390144099563e-5,0.004068462872400283,0.01394059425551527,0.04213200803792479,-0.04218480588077261
3915,1.6000000000000005,-0.04169811315726612,0.00040451257736386147,0.020112498038877755,0.01742607202293851,0.04169811315726612,-0.04282632654638253
3916,4.000000000000001,-0.042328654662803986,7.733849115268399e-5,0.008794230560582546,0.013844253026442826,0.042328654662803986,-0.04271751713454784
3917,1.6000000000000005,-0.043376560603863745,0.00025933329492986655,0.01610382857987089,0.012204652391658584,0.043376560603863745,-0.04284148962166694
3918,4.000000000000001,-0.04287293511605489,5.4520564039029146e-5,0.007383804171226993,0.00506375766987969,0.04287293511605489,-0.0425436195357275
3919,10.000000000000002,-0.04246407120285284,1.804645696399085e-5,0.004248112164713974,0.008237209618656436,0.04246407120285284,-0.04224254629365893
3920,4.000000000000001,-0.04193528201283446,3.700584184577143e-5,0.00608324270810983,0.01036751353897444,0.04193528201283446,-0.0422621110644917
3921,1.6000000000000005,-0.04178889170083335,0.0002292915299773957,0.015142375308299412,0.004067729374840663,0.04178889170083335,-0.04261500067764632
3922,4.000000000000001,-0.04206604239177385,3.872997975884162e-5,0.00622334152677174,0.008146146931568333,0.04206604239177385,-0.04239119362298765
3923,1.6000000000000005,-0.042403765884900975,4.06939818822081e-5,0.006379183480838916,0.006069636756120733,0.042403765884900975,-0.042246202592774916
3924,4.000000000000001,-0.04229835834337586,3.59189866345573e-5,0.005993245083805375,0.015338004460465512,0.04229835834337586,-0.0420338228496525
3925,1.6000000000000005,-0.042408266987006144,0.0003977969356833911,0.01994484734670564,0.009353967453564286,0.042408266987006144,-0.04286038511888836
3926,4.000000000000001,-0.04239071264399708,3.9672836276379535e-5,0.006298637652411792,0.0021435412760086527,0.04239071264399708,-0.04234017380012671
3927,10.000000000000002,-0.04233994594584246,3.6027333722471945e-5,0.006002277378001782,0.01883829657247867,0.04233994594584246,-0.041811530951761516
3928,4.000000000000001,-0.04216560246317036,0.00022113573062005715,0.014870633161370673,0.005933290603740226,0.04216560246317036,-0.04303445848969872
3929,10.000000000000002,-0.04213547286284888,1.8844490932173458e-5,0.00434102418009546,0.006420799361188901,0.04213547286284888,-0.04225362078648488
3930,4.000000000000001,-0.04218959014739819,1.9354737551229585e-5,0.004399401953814812,0.014234663806113624,0.04218959014739819,-0.0420154458605862
3931,1.6000000000000005,-0.042147666097776065,0.0004912262942729774,0.022163625476735015,0.003377274210923646,0.042147666097776065,-0.04313567573871039
3932,4.000000000000001,-0.04237185213834818,0.00018225575362552205,0.013500213095559715,0.03527341063858724,0.04237185213834818,-0.04169068143282154
3933,1.6000000000000005,-0.04261805607670846,0.0007303814471534039,0.027025570246590615,0.00470289422587522,0.04261805607670846,-0.043388144499786147
3934,4.000000000000001,-0.04244800982782435,5.400331442496227e-5,0.007348694742943284,0.0035813794425087085,0.04244800982782435,-0.042343289032005085
3935,10.000000000000002,-0.042264299003663006,1.9132110419034185e-5,0.00437402679678968,0.01650185315190848,0.042264299003663006,-0.04203953069375935
3936,4.000000000000001,-0.04203605963504164,0.00011829457312180148,0.010876330866694038,0.003921731216463272,0.04203605963504164,-0.04264552597289409
3937,10.000000000000002,-0.04207918711601444,2.082542511465978e-5,0.004563488261698476,0.01744360109473116,0.04207918711601444,-0.04214673443058619
3938,4.000000000000001,-0.04245613808377399,3.904956615416409e-5,0.006248965206669348,0.015904445001381832,0.04245613808377399,-0.042192916581590134
3939,1.6000000000000005,-0.04250315436463414,0.0004366891255051944,0.02089710806559593,0.014088345342336502,0.04250315436463414,-0.04304704668139607
3940,4.000000000000001,-0.042459099051874206,6.771686470589166e-5,0.008229025744636582,0.011220205104325672,0.042459099051874206,-0.042298355846417654
3941,1.6000000000000005,-0.0420528304980161,9.15881538106358e-5,0.009570169999045775,0.01875815059593555,0.0420528304980161,-0.04210694809750027
3942,0.6400000000000002,-0.04242109291116789,0.0005226875140638792,0.02286236020326596,0.019891016262145747,0.04242109291116789,-0.04247413021904484
3943,1.6000000000000005,-0.04214225048595114,9.998087993036056e-5,0.009999043950816525,0.009385039219236344,0.04214225048595114,-0.04248216446086299
3944,4.000000000000001,-0.04221947626788127,3.999805192044332e-5,0.0063244013092500165,0.011876788986049809,0.04221947626788127,-0.042232178121852385
3945,1.6000000000000005,-0.04217975092879673,0.00023256654163324327,0.015250132511989634,0.002705660367566369,0.04217975092879673,-0.04266612220252379
3946,4.000000000000001,-0.04237222617231209,3.351740913547742e-5,0.00578942217630373,0.009881720877378037,0.04237222617231209,-0.04227279171353812
3947,1.6000000000000005,-0.042554038523762605,3.5650111702729354e-5,0.005970771449547316,0.00929858142551511,0.042554038523762605,-0.04210449212456313
3948,0.6400000000000002,-0.04094983074609477,0.0010753611787647044,0.03279270008347444,0.003939473910584893,0.04094983074609477,-0.04306174387752469
3949,1.6000000000000005,-0.04146680530966523,0.00010641423443219772,0.010315727528012637,0.0029909487699299733,0.04146680530966523,-0.04239448823087958
3950,4.000000000000001,-0.04194486436824997,2.0786049871308486e-5,0.004559172059849078,0.0063341591444531905,0.04194486436824997,-0.042304947348282856
3951,1.6000000000000005,-0.04271731791932195,3.5020872777582214e-5,0.005917843591848488,0.004881640990006601,0.04271731791932195,-0.042312465164929605
3952,4.000000000000001,-0.0425701444550594,9.809802196239332e-6,0.003132060375573774,0.004118743986119021,0.0425701444550594,-0.04226000248615552
3953,1.6000000000000005,-0.04221584529920588,2.2049740418873286e-5,0.004695715112618448,0.006349510765671646,0.04221584529920588,-0.04225858197586613
3954,0.6400000000000002,-0.04197900753079361,0.0005558150405138835,0.023575729904159563,0.0023889707325595757,0.04197900753079361,-0.04261253731226376
3955,1.6000000000000005,-0.04204478192734468,9.819980203399511e-5,0.009909581324859043,0.0062369424727940085,0.04204478192734468,-0.0423771953173898
3956,4.000000000000001,-0.04225724123451893,2.993361915411316e-5,0.0054711625048167924,0.008232669591663608,0.04225724123451893,-0.042260786261505125
3957,1.6000000000000005,-0.0425765537929595,3.7841801337848554e-5,0.00615156901431241,0.012618489646774082,0.0425765537929595,-0.042157323089836524
3958,0.6400000000000002,-0.04266927100272151,0.00045650821023295463,0.021366052752742015,0.00846248827633,0.04266927100272151,-0.04253660937440157
3959,1.6000000000000005,-0.04249327654556668,4.57106155630113e-5,0.006760962621033435,0.003993809519549496,0.04249327654556668,-0.042413404416983255
3960,4.000000000000001,-0.04233880439451829,1.4695258956850962e-5,0.0038334395726098204,0.005514768323133693,0.04233880439451829,-0.04231038662777895
3961,1.6000000000000005,-0.0422235204479243,1.5695995816000946e-5,0.003961817236572246,0.005337941343880635,0.0422235204479243,-0.04223766762453117
3962,0.6400000000000002,-0.041085324336359495,0.0004934658219323623,0.02221409061682162,0.006648528335800619,0.041085324336359495,-0.04259748105265269
3963,1.6000000000000005,-0.04189787058080973,7.337191765108745e-5,0.008565740928319479,0.004427693465331417,0.04189787058080973,-0.04237340432987937
3964,4.000000000000001,-0.04216904593577984,1.8716727006380927e-5,0.0043262832785638215,0.0061222566517325034,0.04216904593577984,-0.04226503095490466
3965,1.6000000000000005,-0.04250852792837933,2.0754166442030776e-5,0.004555674093043836,0.007122264362523093,0.04250852792837933,-0.04219149671169195
3966,0.6400000000000002,-0.04277356856628727,0.00018277015415038106,0.013519251242224218,0.006379401443068197,0.04277356856628727,-0.042350847386492634
3967,1.6000000000000005,-0.04266246839798082,3.026401820026832e-5,0.005501274234235948,0.005687109650733327,0.04266246839798082,-0.04231248015961035
3968,4.000000000000001,-0.042517840152530684,1.1748066862057047e-5,0.003427545311452067,0.007708395414066817,0.042517840152530684,-0.04225762492964385
3969,1.6000000000000005,-0.042137167961223014,1.967175510624558e-5,0.004435285233921893,0.0069179282698654705,0.042137167961223014,-0.04223421939516543
3970,0.6400000000000002,-0.0421463275555459,3.766234721127147e-5,0.00613696563549703,0.005725546471849182,0.0421463275555459,-0.0422525323852535
3971,1.6000000000000005,-0.04176301560924793,9.105910817797771e-5,0.009542489621580823,0.007515665483266522,0.04176301560924793,-0.04239679407521023
3972,4.000000000000001,-0.042087138922588474,1.0703609252206454e-5,0.0032716370905414393,0.003373451335398409,0.042087138922588474,-0.042342532221287865
3973,10.000000000000002,-0.042365147066661,6.6911103555957434e-6,0.0025867180665073925,0.012002731849849962,0.042365147066661,-0.042241524546028746
3974,4.000000000000001,-0.04257187347707538,7.343382860797953e-6,0.0027098676832638807,0.00912299719542324,0.04257187347707538,-0.04215575328933919
3975,1.6000000000000005,-0.04221339550260851,0.0002407670022577855,0.015516668529609876,0.011819998534151917,0.04221339550260851,-0.04269629106607328
3976,4.000000000000001,-0.04236264562304932,2.4606144513205762e-5,0.004960458095096235,0.005484157926013841,0.04236264562304932,-0.04237255391060192
3977,10.000000000000002,-0.042395618543007885,2.0373716749918243e-5,0.004513725373781422,0.01507010938571806,0.042395618543007885,-0.042074607080831224
3978,4.000000000000001,-0.042126616915693464,0.00012914373722830024,0.011364142608586899,0.003762113176198534,0.042126616915693464,-0.0427750105753872
3979,10.000000000000002,-0.042159505308661235,1.0938808984375289e-5,0.0033073870327458336,0.004155456155987449,0.042159505308661235,-0.04228028196786767
3980,4.000000000000001,-0.042319908991922686,1.1340680292126957e-5,0.0033675926553143206,0.01708444054287509,0.042319908991922686,-0.04214097855200444
3981,1.6000000000000005,-0.04243761656455337,1.3700973957460305e-5,0.00370148267015534,0.01043943024630774,0.04243761656455337,-0.04209233419115715
3982,0.6400000000000002,-0.04241435951648972,0.001747973240526033,0.04180876989969967,0.003599020277181488,0.04241435951648972,-0.043714036915180256
3983,1.6000000000000005,-0.04228104467621635,0.00021398794421550058,0.014628326774293108,0.004806191656105016,0.04228104467621635,-0.04248712000165491
3984,4.000000000000001,-0.04259088542064632,9.937746155269951e-5,0.009968824481988813,0.012145682315993677,0.04259088542064632,-0.041843687257942394
3985,10.000000000000002,-0.04244923192739285,2.924972633973745e-5,0.0054083016132365856,0.00860772137268517,0.04244923192739285,-0.04209544662717248
3986,4.000000000000001,-0.04228508266500825,3.058235271144822e-5,0.005530131346672357,0.021813581332639564,0.04228508266500825,-0.041704890474270735
3987,1.6000000000000005,-0.04096968042362791,0.0010326637499493963,0.03213508596455588,0.0054312581889998405,0.04096968042362791,-0.04407021048059418
3988,4.000000000000001,-0.04143504307155995,0.00010474693652636674,0.010234595083654591,0.014636460611241317,0.04143504307155995,-0.04243169484471201
3989,1.6000000000000005,-0.04225244436072258,0.00012133045226393968,0.01101501031610682,0.01379710932585569,0.04225244436072258,-0.04198817299295597
3990,0.6400000000000002,-0.044485707974056925,0.0020026914449884897,0.04475144070293704,0.005943975375696359,0.044485707974056925,-0.043559216225520246
3991,1.6000000000000005,-0.04331620814581924,0.0002358284352997167,0.015356706525154301,0.004673000464798761,0.04331620814581924,-0.04252212638981401
3992,4.000000000000001,-0.04268625848122434,0.00020303718589579842,0.014249111758134203,0.03880260524566121,0.04268625848122434,-0.04131533446776765
3993,1.6000000000000005,-0.04141427489025964,0.0009391243038149816,0.030645135075815566,0.008699860416036641,0.04141427489025964,-0.043932893893233765
3994,4.000000000000001,-0.041609385905599,8.490655445706948e-5,0.009214475267592262,0.003574139916909576,0.041609385905599,-0.04229687268286153
3995,10.000000000000002,-0.04196100186539663,1.5657836355052104e-5,0.003956998402204897,0.019288540994030635,0.04196100186539663,-0.042093462623997234
3996,4.000000000000001,-0.04256672081943461,6.894975616390923e-5,0.00830359898862591,0.005310348292429701,0.04256672081943461,-0.04246410591832505
3997,10.000000000000002,-0.04249942850415877,9.34620055936944e-6,0.003057155632179926,0.0031184443560921225,0.04249942850415877,-0.04224550880665502
3998,25.000000000000004,-0.04241028365554856,8.177295682845114e-6,0.0028595971189741246,0.02998965573904348,0.04241028365554856,-0.04195065113876808
3999,10.000000000000002,-0.042023080230018175,4.687227107851216e-5,0.006846332673666403,0.009633634912758053,0.042023080230018175,-0.04258896622226748
4000,4.000000000000001,-0.041607158507987775,7.611337075905941e-5,0.008724297722972285,0.007841777853448015,0.041607158507987775,-0.04260311212709306
4001,10.000000000000002,-0.041915214392439386,1.8161413595250084e-5,0.004261621005585795,0.020435621251596495,0.041915214392439386,-0.042239702107658726
4002,4.000000000000001,-0.0425521298091883,4.784460499828057e-5,0.006916979470714119,0.012938112532097102,0.0425521298091883,-0.04236081390868583
4003,1.6000000000000005,-0.042650765480269213,0.0003993083573629485,0.019982701453080575,0.0030910226705426628,0.042650765480269213,-0.042912981878472894
4004,4.000000000000001,-0.04261378605612398,6.345213515646401e-5,0.007965684851691286,0.006688505831469555,0.04261378605612398,-0.04249098353033046
4005,10.000000000000002,-0.04242263883906436,4.125132117224045e-5,0.006422719141628446,0.034209024170412855,0.04242263883906436,-0.041838706693021345
4006,4.000000000000001,-0.042078359210621245,0.00021228119154115323,0.01456987273592852,0.006231709453848743,0.042078359210621245,-0.04294529415646062
4007,10.000000000000002,-0.04209370202142562,2.090471748550238e-5,0.004572167700938186,0.005244128914873772,0.04209370202142562,-0.0422519654323721
4008,25.000000000000004,-0.04216449856630443,5.07125245694558e-6,0.002251944150494319,0.005989108126799064,0.04216449856630443,-0.04215560552580469
4009,10.000000000000002,-0.04229956763269186,5.194142018005655e-6,0.002279066040729328,0.019235436045544577,0.04229956763269186,-0.041983262196431115
4010,4.000000000000001,-0.042373733936905494,0.00017914126138762195,0.013384366305044925,0.007718162887985063,0.042373733936905494,-0.04288704708351193
4011,10.000000000000002,-0.042378619761458104,2.307069130639091e-5,0.004803195947115931,0.015137623789415218,0.042378619761458104,-0.042320349330984774
4012,4.000000000000001,-0.0421856470942338,4.684549691528589e-5,0.00684437702901337,0.010666307149925027,0.0421856470942338,-0.04239747595321544
4013,1.6000000000000005,-0.04220537211809251,6.768693038322439e-5,0.008227206718153154,0.013090521225494166,0.04220537211809251,-0.04246810777116501
4014,0.6400000000000002,-0.04204249468227351,0.0014855176338446426,0.03854241344083998,0.009581456979145789,0.04204249468227351,-0.043612358719392445
4015,1.6000000000000005,-0.04220024739146473,0.00021211681567389522,0.014564230692827383,0.0025860580293098913,0.04220024739146473,-0.04276195596796983
4016,4.000000000000001,-0.04237271622027547,4.874406368596699e-5,0.006981694900664665,0.0030278963992311863,0.04237271622027547,-0.04237371700278829
4017,10.000000000000002,-0.04242614000807976,1.537139783277282e-5,0.003920637426844367,0.017036704842682122,0.04242614000807976,-0.04215716058545154
4018,4.000000000000001,-0.04232337121556744,6.396707599484394e-5,0.007997941984963628,0.003933419191373019,0.04232337121556744,-0.04237842788800817
4019,10.000000000000002,-0.04221451482752056,1.3666040992383485e-5,0.0036967608784425703,0.01022658928405942,0.04221451482752056,-0.042190412109171696
4020,4.000000000000001,-0.04217966576706285,2.3231134946212226e-5,0.004819868768567483,0.010848071607657881,0.04217966576706285,-0.042132593126657104
4021,1.6000000000000005,-0.04194656066142874,0.00041287028479924655,0.020319209748394414,0.005697687028413017,0.04194656066142874,-0.042876513993151295
4022,4.000000000000001,-0.04204522160944756,4.881900594119184e-5,0.006987059892486384,0.0030066085369270805,0.04204522160944756,-0.042373265411251394
4023,10.000000000000002,-0.04216102696721683,1.3201318878866078e-5,0.00363336192511372,0.00961333544555715,0.04216102696721683,-0.04225706122368659
4024,4.000000000000001,-0.042606658955756375,1.918571617123431e-5,0.004380150245280898,0.012692310682844146,0.042606658955756375,-0.042211897787863835
4025,1.6000000000000005,-0.04230604098775834,0.00018380741503910448,0.013557559331941147,0.010657368597658454,0.04230604098775834,-0.042519330199213626
4026,4.000000000000001,-0.04232894369255663,2.5519194293840457e-5,0.005051652629965807,0.007649636332342142,0.04232894369255663,-0.04235372338127916
4027,1.6000000000000005,-0.04224824283276249,2.82310320907467e-5,0.00531328825594346,0.006142675355224905,0.04224824283276249,-0.0422361199356093
4028,4.000000000000001,-0.04231689546235573,1.8471956943521396e-5,0.004297901458098056,0.007537722230691495,0.04231689546235573,-0.04228356833855937
4029,1.6000000000000005,-0.042279355569439826,3.0145738538440094e-5,0.005490513504075925,0.009317306831736536,0.042279355569439826,-0.042266775204895586
4030,0.6400000000000002,-0.04232524108997847,6.835309771671573e-5,0.008267593223950712,0.007298484031880151,0.04232524108997847,-0.042271333573294476
4031,1.6000000000000005,-0.04193863029933063,0.00020137957065837153,0.01419082698993866,0.005747448886654481,0.04193863029933063,-0.0426070734579958
4032,4.000000000000001,-0.04206847612787057,8.014573465985271e-5,0.008952415018298287,0.01799570683343607,0.04206847612787057,-0.04202579019855902
4033,1.6000000000000005,-0.0426658770383578,0.00045318860484728737,0.021288226907079117,0.0031708566863897073,0.0426658770383578,-0.04296597214833993
4034,4.000000000000001,-0.042613913062777176,4.3496918450403464e-5,0.006595219363327005,0.011245148698291171,0.042613913062777176,-0.042306552883035115
4035,1.6000000000000005,-0.04199468493748949,0.00011677439801636172,0.010806220339062207,0.007033490697725366,0.04199468493748949,-0.042461191059614885
4036,4.000000000000001,-0.04213435155998419,1.8028892061872793e-5,0.004246044284021634,0.006430617965352461,0.04213435155998419,-0.04230788934428458
4037,1.6000000000000005,-0.04229138596377686,2.2456159832516952e-5,0.00473879307762187,0.005040943795255279,0.04229138596377686,-0.04224881902681707
4038,4.000000000000001,-0.04237987160744633,1.6792163911499694e-5,0.00409782428997385,0.0013943687919682009,0.04237987160744633,-0.042356659163429906
4039,10.000000000000002,-0.042368548688405,4.562089250254361e-6,0.00213590478492239,0.002030979598176781,0.042368548688405,-0.04226782931700882
4040,25.000000000000004,-0.042341551046623786,4.325433441177475e-6,0.0020797676411506826,0.02408665752515272,0.042341551046623786,-0.04211479693742527
4041,10.000000000000002,-0.04237415906653798,2.24655105911769e-5,0.004739779593101023,0.019827447829589912,0.04237415906653798,-0.04233181114129014
4042,4.000000000000001,-0.04197953372846127,0.0001054219921371051,0.01026752122652323,0.009188656425987141,0.04197953372846127,-0.04265257138162139
4043,10.000000000000002,-0.042062173354178646,1.0081468554601423e-5,0.003175132840465328,0.0026827315575571444,0.042062173354178646,-0.04235066993422149
4044,25.000000000000004,-0.04210985115813921,9.203385186551649e-6,0.0030337081577751753,0.03167894154402306,0.04210985115813921,-0.04201998603831388
4045,10.000000000000002,-0.04242202494488213,5.7688920186338647e-5,0.007595322256911727,0.009460425737967024,0.04242202494488213,-0.04281889887756376
4046,25.000000000000004,-0.04234522933931039,6.26132027108033e-6,0.0025022630299551506,0.025711101358452976,0.04234522933931039,-0.04221444825184705
4047,10.000000000000002,-0.04223271085495442,2.2103952001304775e-5,0.0047014840211687175,0.015696185135379157,0.04223271085495442,-0.04248932574120329
4048,4.000000000000001,-0.042430218942680224,1.9044924890590638e-5,0.004364049139341884,0.006064287097825799,0.042430218942680224,-0.04240049429705667
4049,1.6000000000000005,-0.04263332437956406,2.429798317973902e-5,0.004929298447014445,0.004504607133412917,0.04263332437956406,-0.042379740789852786
4050,4.000000000000001,-0.04248196620505788,8.19363054575517e-6,0.0028624518416481997,0.008234318514956528,0.04248196620505788,-0.04233828431180466
4051,1.6000000000000005,-0.042177560353097346,1.2636796295324285e-5,0.0035548271822022914,0.007689307582973525,0.042177560353097346,-0.042307522742772774
4052,0.6400000000000002,-0.04198791399551089,0.0006967238866791457,0.026395527777999545,0.011129099363442061,0.04198791399551089,-0.04272597694075999
4053,1.6000000000000005,-0.04208023338357576,0.00011866053283101845,0.010893141550123107,0.009969932151020348,0.04208023338357576,-0.04248355635721559
4054,4.000000000000001,-0.04212629185629629,2.8935788827661414e-5,0.005379199645640736,0.0023940949669600696,0.04212629185629629,-0.04238328486569465
4055,10.000000000000002,-0.042326900055498114,1.058738153052797e-5,0.003253825676112347,0.007379531196058278,0.042326900055498114,-0.04223465390325827
4056,4.000000000000001,-0.04232240369664654,1.9204515137437503e-5,0.004382295646968322,0.013437885791013779,0.04232240369664654,-0.042191540046850294
4057,1.6000000000000005,-0.04250920802514056,0.00028822109461959825,0.016977075561462236,0.003707319871846577,0.04250920802514056,-0.042801385039873824
4058,4.000000000000001,-0.04242443270369705,3.722419368380277e-5,0.006101163305780527,0.0021077325457618075,0.04242443270369705,-0.04239850734843642
4059,10.000000000000002,-0.04240759973791605,1.3276796331628653e-5,0.003643733844784585,0.010391377737523175,0.04240759973791605,-0.042167508391228084
4060,4.000000000000001,-0.04214826318511589,5.326316593734848e-5,0.0072981618190711885,0.002817998515817055,0.04214826318511589,-0.0424415939194897
4061,10.000000000000002,-0.04214340680481682,9.957947545270765e-6,0.00315562157827436,0.008834279159535992,0.04214340680481682,-0.04226565177891935
4062,4.000000000000001,-0.042371527837147406,1.547503415139782e-5,0.003933831993285659,0.013131916673279894,0.042371527837147406,-0.042209098220074466
4063,1.6000000000000005,-0.04238962798173217,4.3938568221291165e-5,0.006628617368749773,0.007481700605276505,0.04238962798173217,-0.04226999454183188
4064,4.000000000000001,-0.04237518700773507,7.009818426553252e-6,0.0026476061690805246,0.004501549707729711,0.04237518700773507,-0.042270999669029335
4065,1.6000000000000005,-0.042312079645239004,7.815710580763345e-6,0.0027956592390281304,0.009239770280404312,0.042312079645239004,-0.042243235044331834
4066,0.6400000000000002,-0.042253493020524106,0.0001360213463022645,0.011662818968939908,0.009172633464792175,0.042253493020524106,-0.0423322475970563
4067,1.6000000000000005,-0.04227484829636778,0.00020343407100603764,0.014263031620452843,0.0034982148742446696,0.04227484829636778,-0.04274432987002822
4068,4.000000000000001,-0.04229246537288699,3.7471480207096785e-5,0.006121395282702857,0.0020921077881269484,0.04229246537288699,-0.04236228031136749
4069,10.000000000000002,-0.04231035218039815,1.3449958829968456e-5,0.0036674185512385214,0.020594914847142286,0.04231035218039815,-0.042164894943858576
4070,4.000000000000001,-0.042194951417181034,2.043970481209051e-5,0.004521029176204298,0.021160815575785967,0.042194951417181034,-0.04206978796892605
4071,1.6000000000000005,-0.04177831846876767,0.00045450454707101647,0.02131911224866121,0.008903133351235078,0.04177831846876767,-0.04307878451057417
4072,4.000000000000001,-0.04190495361144071,5.912540191167496e-5,0.007689304384121815,0.006444877524727542,0.04190495361144071,-0.04243335719435939
4073,10.000000000000002,-0.04213634283631887,1.5410448351370675e-5,0.00392561439157881,0.006012484032119031,0.04213634283631887,-0.04220530550232017
4074,4.000000000000001,-0.042574431474869674,4.906722330578387e-5,0.007004800018971553,0.004356127078823859,0.042574431474869674,-0.04242332442613649
4075,10.000000000000002,-0.0425401169208732,7.2088084124806894e-6,0.0026849224220600286,0.0018606155811076042,0.0425401169208732,-0.04229772135549832
4076,25.000000000000004,-0.04242669097014769,3.6935257853246475e-6,0.0019218547773764405,0.016325203784506706,0.04242669097014769,-0.0421633181006466
4077,10.000000000000002,-0.04221781137318316,7.080724377447292e-6,0.002660963054506261,0.01579467652081735,0.04221781137318316,-0.04213108359932929
4078,4.000000000000001,-0.041881559809791864,0.00015948369968572538,0.012628685588204553,0.005301877320589025,0.041881559809791864,-0.04295797418097394
4079,10.000000000000002,-0.042013259054841344,4.762439607213576e-5,0.0069010431147860365,0.026264809568786348,0.042013259054841344,-0.04202206877858796
4080,4.000000000000001,-0.04211920027864943,0.0002091655710742887,0.014462557556472808,0.005740890156806928,0.04211920027864943,-0.0428429511957345
4081,10.000000000000002,-0.04227814985513162,4.111367586993595e-5,0.006411994687297857,0.031443583935840756,0.04227814985513162,-0.041981274959189276
4082,4.000000000000001,-0.04228626396206231,0.0001886039874507398,0.01373331669520294,0.004382059106959329,0.04228626396206231,-0.04294837905594919
4083,10.000000000000002,-0.042185735873696534,1.9822380983334074e-5,0.004452233257965498,0.016800744222836728,0.042185735873696534,-0.04220985155231865
4084,4.000000000000001,-0.04218430286176685,4.5124868187382944e-5,0.006717504610149735,0.018386738904914587,0.04218430286176685,-0.04228827157457461
4085,1.6000000000000005,-0.042346455754117655,0.00028380467434075844,0.016846503326825968,0.01078758578664238,0.042346455754117655,-0.04277160550188261
4086,4.000000000000001,-0.042359694211313914,3.2301973142676875e-5,0.0056834824837133854,0.0011919682009127058,0.042359694211313914,-0.04243268191306942
4087,10.000000000000002,-0.04233241124724502,7.671555182986454e-6,0.0027697572426092602,0.002259503755825103,0.04233241124724502,-0.042274144993846734
4088,25.000000000000004,-0.04232378748252779,2.882850406472334e-6,0.0016978958762163049,0.020011720022964256,0.04232378748252779,-0.042219878935195354
4089,10.000000000000002,-0.04236215909183509,3.384687984819575e-6,0.0018397521530955129,0.019844435504527157,0.04236215909183509,-0.04213566033130999
4090,4.000000000000001,-0.042026577388060676,6.120306164801234e-5,0.007823238565198709,0.010859922690054702,0.042026577388060676,-0.042476075521576964
4091,1.6000000000000005,-0.04203893865601085,0.00036722661212283214,0.019163157676198153,0.002751026366842068,0.04203893865601085,-0.04307296138070839
4092,4.000000000000001,-0.04208165533644262,6.572863226385833e-5,0.008107319671991374,0.003241852862145246,0.04208165533644262,-0.042511190632444684
4093,10.000000000000002,-0.0422617108159383,4.3314150914392534e-5,0.006581348715452824,0.025466608893455412,0.0422617108159383,-0.04183271744392067
4094,4.000000000000001,-0.04238950641737259,0.00013664646191974692,0.011689587756621144,0.02013003768358139,0.04238950641737259,-0.04265448984448875
4095,1.6000000000000005,-0.0423558025351424,0.00014292188843543325,0.01195499428838982,0.020684945563735832,0.0423558025351424,-0.04198639416194448
4096,0.6400000000000002,-0.04115434861431076,0.0029774898091680852,0.05456637984297735,0.004406108646054797,0.04115434861431076,-0.044697684627560144
4097,1.6000000000000005,-0.04224914253905688,0.00036542882911228257,0.01911619285088646,0.011114642182644897,0.04224914253905688,-0.042636988818861465
4098,4.000000000000001,-0.04252540304456542,8.796146000757322e-5,0.00937877710618891,0.005055709712904781,0.04252540304456542,-0.04224493731807141
4099,10.000000000000002,-0.042384375416396364,3.0045663999004354e-5,0.005481392523711867,0.015163723370238429,0.042384375416396364,-0.04185544032798063
4100,4.000000000000001,-0.042379216131569655,5.58648079005435e-5,0.007474276413174957,0.015220452052235803,0.042379216131569655,-0.04175743420595439
4101,1.6000000000000005,-0.04102686136332321,0.00118001526820543,0.034351350311238565,0.007593212709848412,0.04102686136332321,-0.04418202629062727
4102,4.000000000000001,-0.04183620902835512,0.00015248393571770614,0.012348438594320586,0.00903688264184182,0.04183620902835512,-0.04248752090549022
4103,10.000000000000002,-0.04210999033534503,5.6158890140676134e-5,0.007493923547827008,0.023779794302901124,0.04210999033534503,-0.04157916134913598
4104,4.000000000000001,-0.04217260605413855,0.00026146626579455154,0.016169918546317774,0.012272458435695984,0.04217260605413855,-0.04310971919459404
4105,10.000000000000002,-0.04222064774636831,3.410285139362672e-5,0.005839764669370395,0.005109347484316408,0.04222064774636831,-0.04218749561258751
4106,25.000000000000004,-0.04226362485272477,8.589720581132197e-6,0.002930822509319218,0.012562694274212487,0.04226362485272477,-0.04192076058076204
4107,10.000000000000002,-0.042306025707577216,4.543279634625139e-5,0.006740385474603911,0.006823353871194982,0.042306025707577216,-0.042509309161653734
4108,25.000000000000004,-0.04223474560330636,1.3159849843858774e-5,0.0036276507334442733,0.062191522833582556,0.04223474560330636,-0.04190761083811575
4109,10.000000000000002,-0.04214028848019003,5.236913106386595e-5,0.007236651923636092,0.007460472133431172,0.04214028848019003,-0.04272499660880704
4110,25.000000000000004,-0.04210039448985571,7.071109681954268e-6,0.002659155821300111,0.016091073582331396,0.04210039448985571,-0.04213641405565943
4111,10.000000000000002,-0.04225318995041364,1.330059241920809e-5,0.0036469977267895425,0.027351041798202844,0.04225318995041364,-0.04212248311200533
4112,4.000000000000001,-0.042696576635773996,2.351323747917961e-5,0.004849045006924519,0.020758886451969442,0.042696576635773996,-0.04209880592730462
4113,1.6000000000000005,-0.041545554458007235,0.0018272788055072606,0.04274668180698077,0.008513019012436597,0.041545554458007235,-0.045623485676616254
4114,4.000000000000001,-0.04187244542823308,0.0002385051198268507,0.015443610971105517,0.007862739263050152,0.04187244542823308,-0.04270335011301314
4115,10.000000000000002,-0.04206979625245764,4.546678505934112e-5,0.006742906276921037,0.007886338482501632,0.04206979625245764,-0.04187740595657788
4116,25.000000000000004,-0.042098216304651596,1.586695816862894e-5,0.003983335056033943,0.010979567983266986,0.042098216304651596,-0.04158694872418292
4117,10.000000000000002,-0.04215390640447154,3.597387844413795e-5,0.005997822808664653,0.030534904466301346,0.04215390640447154,-0.04175504034704504
4118,4.000000000000001,-0.042050280638879126,0.0006175296161839214,0.024850143182362578,0.026854989953883975,0.042050280638879126,-0.04439798648613009
4119,10.000000000000002,-0.042165073387223605,6.865970076075564e-5,0.008286114937698827,0.008110945204323648,0.042165073387223605,-0.042489221420938555
4120,25.000000000000004,-0.042097566460738686,1.7200400971940965e-5,0.004147336611843915,0.010452643148543939,0.042097566460738686,-0.0418477662646007
4121,10.000000000000002,-0.042086558417027506,4.1546673722904314e-5,0.006445670928840869,0.023892098674944365,0.042086558417027506,-0.042000860883731096
4122,4.000000000000001,-0.041794707414084746,0.00023069197296480385,0.015188547427743176,0.03640225207983526,0.041794707414084746,-0.0428645740233303
4123,1.6000000000000005,-0.0421638737194617,0.0017330454904914685,0.04162986296508155,0.0063617105558468525,0.0421638737194617,-0.045637970965341765
4124,4.000000000000001,-0.04236224049928194,0.0002322984218528573,0.015241339240790401,0.01208750436684997,0.04236224049928194,-0.042861562319710174
4125,10.000000000000002,-0.04232040116855917,5.291101208918307e-5,0.007273995606898802,0.007997587225539438,0.04232040116855917,-0.041906780891003
4126,25.000000000000004,-0.0422106444986248,2.1329457021156215e-5,0.0046183825113513734,0.019480676942401003,0.0422106444986248,-0.04149560506794028
4127,10.000000000000002,-0.04209493941534485,9.649691803316435e-5,0.009823284482960083,0.03255868106267421,0.04209493941534485,-0.042643106706291664
4128,4.000000000000001,-0.04161396893202012,0.0005001727999876302,0.022364543366400983,0.0072211111376504706,0.04161396893202012,-0.0441384590898271
4129,10.000000000000002,-0.04178064000324169,8.329193894205253e-5,0.009126441745940886,0.025964604571828708,0.04178064000324169,-0.04224499192516715
4130,4.000000000000001,-0.04205031016040567,0.0002584824210617234,0.01607738850254367,0.018162958600084537,0.04205031016040567,-0.04295629697609211
4131,10.000000000000002,-0.042047665339782846,3.1503889421089824e-5,0.005612832566636014,0.004235097877038545,0.042047665339782846,-0.04216040424945814
4132,25.000000000000004,-0.042102911764060134,1.2573840494337826e-5,0.0035459611524011124,0.042092789452504824,0.042102911764060134,-0.04174020875041278
4133,10.000000000000002,-0.042208944827035084,1.3945061067023093e-5,0.003734308646459622,0.03229722042198793,0.042208944827035084,-0.04135465432991684
4134,4.000000000000001,-0.04230730174197495,0.0005608466158821807,0.023682200402035718,0.008760312105477086,0.04230730174197495,-0.04461810039642843
4135,10.000000000000002,-0.04250913696968706,7.83822409213503e-5,0.008853374549930118,0.018816710685214996,0.04250913696968706,-0.04248590193495884
4136,4.000000000000001,-0.04221015404940466,0.0002505853436466124,0.015829887670056678,0.004832951702308279,0.04221015404940466,-0.04321440987759143
4137,10.000000000000002,-0.04214460344923984,3.4270768704870945e-5,0.005854124076654931,0.014860378969450805,0.04214460344923984,-0.04224811693883181
4138,4.000000000000001,-0.0421470011033953,4.481728831160061e-5,0.006694571555491853,0.015169849583795853,0.0421470011033953,-0.04206453954317038
4139,1.6000000000000005,-0.041936964578512086,0.0009243396097197116,0.03040295396371398,0.005543675220379103,0.041936964578512086,-0.0435088560567902
4140,4.000000000000001,-0.04217884289570164,0.00012249409554856253,0.011067705071448304,0.004867706108459529,0.04217884289570164,-0.042403317814869786
4141,10.000000000000002,-0.04212949618668663,4.244129416896325e-5,0.006514698317571064,0.02776349010694815,0.04212949618668663,-0.041741891668128285
4142,4.000000000000001,-0.04224944163166776,0.00022005587495757032,0.014834280399047684,0.0044362989242723765,0.04224944163166776,-0.043005342507234326
4143,10.000000000000002,-0.042047658869906655,2.9441983268384836e-5,0.005426046744028735,0.006241594818043354,0.042047658869906655,-0.04211212184398837
4144,25.000000000000004,-0.04219540340445022,1.3061433203445171e-5,0.003614060486965481,0.037968114613716554,0.04219540340445022,-0.041669661783119816
4145,10.000000000000002,-0.04214255857297743,0.00010398405540185506,0.010197257248979014,0.01026831685933173,0.04214255857297743,-0.042806126644862115
4146,25.000000000000004,-0.04217350426437653,1.7429420549608076e-5,0.0041748557519521645,0.04329690423685088,0.04217350426437653,-0.04180051710236773
4147,10.000000000000002,-0.04204855185710172,6.502799760171703e-5,0.008063993898913678,0.008795867944354562,0.04204855185710172,-0.04283645839064545
4148,25.000000000000004,-0.04198676075685922,3.271190714285038e-5,0.005719432414396587,0.06463774959876135,0.04198676075685922,-0.041439549071502026
4149,10.000000000000002,-0.04225516418725918,0.00014947096785730777,0.012225831990392629,0.010938765539312969,0.04225516418725918,-0.04360037725647296
4150,25.000000000000004,-0.04220782585066612,1.6724406217303777e-5,0.004089548412392715,0.02555379354971621,0.04220782585066612,-0.04201268587185895
4151,10.000000000000002,-0.04221045377921066,4.764784002909366e-5,0.006902741486474317,0.005884295545741353,0.04221045377921066,-0.042635791609198975
4152,25.000000000000004,-0.0422380290464602,4.9996045284331895e-6,0.002235979545620485,0.006471234813007491,0.0422380290464602,-0.042204315455654326
4153,10.000000000000002,-0.04229641170635359,1.583775680011985e-5,0.003979667925860127,0.006887022091189848,0.04229641170635359,-0.042344798135109905
4154,4.000000000000001,-0.04247678330121463,0.00013130359445189975,0.011458778052301203,0.00609357594437175,0.04247678330121463,-0.04265290254241453
4155,10.000000000000002,-0.04229045480318735,1.961273814848218e-5,0.00442862711779646,0.006137920625451899,0.04229045480318735,-0.04241124514621062
4156,4.000000000000001,-0.042208402046847365,7.64064537776634e-5,0.008741078524853977,0.00350333611478057,0.042208402046847365,-0.04256764078629895
4157,10.000000000000002,-0.0422464103723128,1.592880788620497e-5,0.003991091064634453,0.011370674703120346,0.0422464103723128,-0.0423571167123729
4158,4.000000000000001,-0.04219973671471194,3.7749510483900825e-5,0.006144063027337922,0.00999705708794909,0.04219973671471194,-0.04248691985798025
4159,1.6000000000000005,-0.04207046604273051,6.98211453335746e-5,0.008355904818364951,0.005729340939596892,0.04207046604273051,-0.04244567044042111
4160,4.000000000000001,-0.04217118673234128,3.4187310449579716e-5,0.0058469915725593204,0.0022761245451013348,0.04217118673234128,-0.042505608068416106
4161,10.000000000000002,-0.04220130183407578,1.0812220001223444e-5,0.003288194033390281,0.007798533728119407,0.04220130183407578,-0.04233046943803897
4162,4.000000000000001,-0.04241776509413455,1.350439312566282e-5,0.0036748323942273637,0.005018016385010822,0.04241776509413455,-0.04222054588410149
4163,1.6000000000000005,-0.04238533038920243,2.371583220186533e-5,0.00486989036856738,0.007456945480575217,0.04238533038920243,-0.04220973489518817
4164,0.6400000000000002,-0.042196081087184346,6.950434791364682e-5,0.008336926766719665,0.00718112842069268,0.042196081087184346,-0.0422854239645939
4165,1.6000000000000005,-0.04232488708668885,1.9118241576169464e-5,0.004372441146106997,0.005306843050129263,0.04232488708668885,-0.04227444026839874
4166,4.000000000000001,-0.0423107134395038,9.908705922702403e-6,0.003147809702428405,0.007562585644425502,0.0423107134395038,-0.04222887114348286
4167,1.6000000000000005,-0.042380173095171336,1.2147419906545049e-5,0.0034853148934558334,0.008918987334496352,0.042380173095171336,-0.042193760987373395
4168,0.6400000000000002,-0.04084921999214571,0.002110075869439427,0.045935562143500835,0.005989276714742657,0.04084921999214571,-0.04386152242151639
4169,1.6000000000000005,-0.041845930134357445,0.0005616325321886723,0.023698787567904656,0.03229640210712017,0.041845930134357445,-0.04184470020411354
4170,0.6400000000000002,-0.041487159710476514,0.002830747963386865,0.053204773877790934,0.004732531777038737,0.041487159710476514,-0.04432273936071595
4171,1.6000000000000005,-0.042229775370086986,0.0002915924511461903,0.01707607833040685,0.004109462195391463,0.042229775370086986,-0.04248005117728685
4172,4.000000000000001,-0.04231037077721082,7.797667810572804e-5,0.008830440425354108,0.002962305131418799,0.04231037077721082,-0.0421697878150943
4173,10.000000000000002,-0.04222733709680252,2.6332043698435463e-5,0.005131475781725512,0.006412779121875452,0.04222733709680252,-0.04189426005429271
4174,25.000000000000004,-0.04227198143592633,1.1712018273268763e-5,0.003422282611542881,0.022612711301658154,0.04227198143592633,-0.04165861172848981
4175,10.000000000000002,-0.04203221175097839,2.1534336757138083e-5,0.004640510398343923,0.023175363355048693,0.04203221175097839,-0.04154787110337482
4176,4.000000000000001,-0.04146109761263692,0.0005889424743565739,0.02426813701866243,0.010890738147351881,0.04146109761263692,-0.0442677556369867
4177,10.000000000000002,-0.041634509969620724,9.387270830491473e-5,0.009688792923007217,0.019493345197245375,0.041634509969620724,-0.04188200691402067
4178,4.000000000000001,-0.042586099374166124,0.00043241685349741784,0.020794635209529833,0.01002734516997095,0.042586099374166124,-0.04395541564479055
4179,10.000000000000002,-0.04254749786813507,5.111821989293087e-5,0.0071497006855483726,0.007092646163835435,0.04254749786813507,-0.0422270398057805
4180,25.000000000000004,-0.04238271889653175,1.5409878645505543e-5,0.003925541828271041,0.01752987189898356,0.04238271889653175,-0.041884672829670726
4181,10.000000000000002,-0.041863337037169414,5.933052942157041e-5,0.0077026313310173695,0.012156823554252762,0.041863337037169414,-0.04248787789062971
4182,4.000000000000001,-0.04137732172975658,0.00022190076636839092,0.01489633399089826,0.005056234743779435,0.04137732172975658,-0.04298636984444873
4183,10.000000000000002,-0.04177215325066561,3.2148519324218616e-5,0.005669966430607735,0.012171029897235681,0.04177215325066561,-0.04233768882113226
4184,4.000000000000001,-0.04226431119294975,8.971124215811739e-5,0.009471601879202768,0.004936439003871076,0.04226431119294975,-0.04259517060893875
4185,10.000000000000002,-0.04241989266636791,1.7517647647285246e-5,0.004185408898457264,0.013874593670048646,0.04241989266636791,-0.042223483577601674
4186,4.000000000000001,-0.04229005439930351,1.9397630159608127e-5,0.004404274078620463,0.0019983868749496813,0.04229005439930351,-0.042026067965917055
4187,10.000000000000002,-0.042246734845668786,1.4528555761164357e-5,0.0038116342638249484,0.0057015266617506674,0.042246734845668786,-0.04181933191047258
4188,4.000000000000001,-0.04237778571236428,0.0002756143525509743,0.01660163704430904,0.014087765195821228,0.04237778571236428,-0.04322873870611056
4189,10.000000000000002,-0.04221230284636315,7.629692577829902e-5,0.008734811147260085,0.028849085148425258,0.04221230284636315,-0.04154576137454423
4190,4.000000000000001,-0.0420142186944388,0.00038476528662761023,0.019615434907939468,0.005936493773399234,0.0420142186944388,-0.04358276686672642
4191,10.000000000000002,-0.04206447938093167,3.8669950659421e-5,0.006218516757187441,0.011821925491344656,0.04206447938093167,-0.042083098168079064
4192,4.000000000000001,-0.042217483587944415,0.0001598374119757818,0.01264268215118065,0.013363474753784896,0.042217483587944415,-0.04265618772775468
4193,10.000000000000002,-0.04219494915426583,2.3506661081482912e-5,0.004848366846834397,0.013689713545652257,0.04219494915426583,-0.04213531776052817
4194,4.000000000000001,-0.04233493076561928,6.902995245791948e-5,0.008308426593400189,0.00678084449358481,0.04233493076561928,-0.04230995607117902
4195,10.000000000000002,-0.04240664772563192,1.1904358600134792e-5,0.003450269351823824,0.016434244940515645,0.04240664772563192,-0.042124041442502015
4196,4.000000000000001,-0.04202602946253178,0.0001369958805123507,0.011704523933605788,0.0042917735087764615,0.04202602946253178,-0.04275190862374302
4197,10.000000000000002,-0.04203068869639262,1.8064021139876798e-5,0.004250178953864978,0.0031779694189341735,0.04203068869639262,-0.04229730790281318
4198,25.000000000000004,-0.042121277273180956,4.617884077763217e-6,0.0021489262615928023,0.00787682961327391,0.042121277273180956,-0.04215206758914228
4199,10.000000000000002,-0.042295262433241367,1.1570240620882922e-5,0.0034015056402838615,0.018915232817004562,0.042295262433241367,-0.042170875900167534
4200,4.000000000000001,-0.04266960374133537,0.00011155190872183608,0.010561813704181498,0.00581905026548979,0.04266960374133537,-0.04287825688539455
4201,10.000000000000002,-0.042459421208456555,1.8434033239195257e-5,0.00429348730511635,0.005364049943803283,0.042459421208456555,-0.04234269708733943
4202,25.000000000000004,-0.04233290110994436,1.0620393890648081e-5,0.003258894581088514,0.05830283499087779,0.04233290110994436,-0.04197797536208185
4203,10.000000000000002,-0.04208297756180737,1.568474457054188e-5,0.003960397021832771,0.03394419883169232,0.04208297756180737,-0.04177338364449241
4204,4.000000000000001,-0.042256481245356206,0.00038266929471789893,0.01956193484085608,0.009743142730013695,0.042256481245356206,-0.04432313035672716
4205,10.000000000000002,-0.0422524219756214,5.9355142745660795e-5,0.007704228887154171,0.011076510590492234,0.0422524219756214,-0.04234072862451607
4206,4.000000000000001,-0.041712705553497376,0.00011133575090333042,0.010551575754517921,0.014077319592172592,0.041712705553497376,-0.04213260573415912
4207,1.6000000000000005,-0.04194223112040003,0.0008021890405007479,0.0283229419464283,0.005270486099374012,0.04194223112040003,-0.04349314141066172
4208,4.000000000000001,-0.04215803170494983,0.00014932694920356994,0.012219940638299759,0.015661503410775136,0.04215803170494983,-0.04204518103746966
4209,1.6000000000000005,-0.042384329007793715,0.0007288805853467726,0.026997788526965917,0.011136944171332167,0.042384329007793715,-0.0429839834364595
4210,4.000000000000001,-0.042296932595982634,7.067016561987662e-5,0.008406554919815644,0.0042996906834248975,0.042296932595982634,-0.042279505634759844
4211,10.000000000000002,-0.04223075503378906,1.9889537568522542e-5,0.004459768779715215,0.0129149179326585,0.04223075503378906,-0.04205716593214173
4212,4.000000000000001,-0.042209693752478614,0.00010199479970294895,0.01009924748201315,0.01006761225225776,0.042209693752478614,-0.042531160640811784
4213,10.000000000000002,-0.042165285421898714,2.722960065627378e-5,0.005218198985883327,0.01858109449608711,0.042165285421898714,-0.04199233730161847
4214,4.000000000000001,-0.042244192534961617,4.997843893793222e-5,0.00706954305015057,0.01099618551229748,0.042244192534961617,-0.04203610323467692
4215,1.6000000000000005,-0.04204139058493142,0.0009025830964983939,0.03004302076187403,0.01213642713084369,0.04204139058493142,-0.043857837518374625
4216,4.000000000000001,-0.042290627670288745,0.00013573569644427844,0.01165056635723253,0.020141220026034506,0.042290627670288745,-0.042327372431817986
4217,1.6000000000000005,-0.04209528547431888,0.00027240747593376767,0.01650477130813292,0.001996500706518247,0.04209528547431888,-0.04278070937030567
4218,4.000000000000001,-0.04217431964290397,5.2744132009338006e-5,0.007262515542794935,0.009857170314744791,0.04217431964290397,-0.042259348612842064
4219,1.6000000000000005,-0.04262432493394054,0.00027432302535266597,0.01656269982076189,0.004172215730288473,0.04262432493394054,-0.04261226638518135
4220,4.000000000000001,-0.042561244397151275,3.96582301313282e-5,0.006297478077081984,0.0023684963845294164,0.042561244397151275,-0.0423324671548779
4221,10.000000000000002,-0.04240091263340482,1.7644748915868085e-5,0.004200565309082587,0.004710799020484885,0.04240091263340482,-0.042076784698043296
4222,25.000000000000004,-0.0422441056348358,6.818883861912071e-6,0.0026112992670148075,0.009667537979973091,0.0422441056348358,-0.04199047160963257
4223,10.000000000000002,-0.04211261355530914,9.18701655418863e-6,0.003031009164319473,0.005518940186840711,0.04211261355530914,-0.041890614413886265
4224,4.000000000000001,-0.04174593007978971,0.00028586411888805347,0.016907516638704025,0.005557598259762865,0.04174593007978971,-0.04327066569712479
4225,10.000000000000002,-0.042064853490295796,5.149487214328112e-5,0.007175992763602895,0.012629164059192888,0.042064853490295796,-0.04231605510490735
4226,4.000000000000001,-0.04242205282674129,9.574660025980661e-5,0.009785019175239598,0.01052651644462763,0.04242205282674129,-0.04243964004043345
4227,10.000000000000002,-0.04238201072300943,1.7637346164027833e-5,0.004199684055262709,0.02101503939015748,0.04238201072300943,-0.042151050445048036
4228,4.000000000000001,-0.04213699186849184,8.54098657734386e-5,0.009241745818482491,0.024878789623773868,0.04213699186849184,-0.04229057159144125
4229,1.6000000000000005,-0.04182494055267376,0.0006430609312358179,0.025358646084438694,0.021597000578799447,0.04182494055267376,-0.04335326033028559
4230,4.000000000000001,-0.042063704867825895,7.679589390099015e-5,0.008763326645800106,0.007243495111928829,0.042063704867825895,-0.0425328965800685
4231,10.000000000000002,-0.04210079874078283,2.8279492118884802e-5,0.005317846567820926,0.01766474046228748,0.04210079874078283,-0.04205936086618949
4232,4.000000000000001,-0.04237641326935595,0.00016977995333840865,0.013029963673717922,0.003954916895663015,0.04237641326935595,-0.04268706667095547
4233,10.000000000000002,-0.04210093129964068,0.00015313917363251033,0.012374941358750365,0.07568303930638724,0.04210093129964068,-0.04044655883620672
4234,4.000000000000001,-0.042346501860400045,0.0006353024324151175,0.025205206454522795,0.00947535456632092,0.042346501860400045,-0.04503649494007311
4235,10.000000000000002,-0.04226324784194457,6.475317324842943e-5,0.00804693564336322,0.010540562335951435,0.04226324784194457,-0.04232850885697853
4236,4.000000000000001,-0.04243019497156429,0.00011410561920076411,0.010682023179190547,0.005963922543771382,0.04243019497156429,-0.042723415603322
4237,10.000000000000002,-0.04227050393657641,2.1880301484328402e-5,0.004677638451647198,0.01925554411150766,0.04227050393657641,-0.04213435994971966
4238,4.000000000000001,-0.04200656563070997,0.00012361338762657245,0.011118155765529303,0.014608946546480442,0.04200656563070997,-0.04255177912780588
4239,1.6000000000000005,-0.04193760106654868,0.00024382201814338869,0.015614801252125776,0.010687533731636193,0.04193760106654868,-0.04261499906872051
4240,4.000000000000001,-0.04205606312906933,8.371324762062988e-5,0.009149494391529506,0.016719816416206224,0.04205606312906933,-0.04202011300699674
4241,1.6000000000000005,-0.0420840695578725,0.0006367458696902219,0.025233823921281172,0.002783466739232526,0.0420840695578725,-0.043105290013254784
4242,4.000000000000001,-0.042055480104358445,5.320585643477732e-5,0.007294234465300476,0.00941135143173037,0.042055480104358445,-0.042300378091488115
4243,1.6000000000000005,-0.042432839621631455,0.0001887674538054713,0.013739266858368801,0.010917080653210466,0.042432839621631455,-0.04245744346648687
4244,4.000000000000001,-0.04258501674172042,3.216730477858199e-5,0.005671622764128622,0.006775472659940613,0.04258501674172042,-0.04227730920556568
4245,10.000000000000002,-0.04242058602517049,1.6437830058115116e-5,0.004054359389362901,0.013967761270313373,0.04242058602517049,-0.04203591082594418
4246,4.000000000000001,-0.04207879756883694,0.00010608390337728682,0.010299704043189145,0.004857411511491291,0.04207879756883694,-0.04249189842758467
4247,10.000000000000002,-0.04208203952304663,2.4478665319005223e-5,0.004947591870698837,0.02199244959940859,0.04208203952304663,-0.042075634394113944
4248,4.000000000000001,-0.04217157285356449,9.682618449281337e-5,0.009840029699793256,0.012869785323766314,0.04217157285356449,-0.0426044485209389
4249,1.6000000000000005,-0.04238016649204739,0.00011121889900652103,0.010546037123323672,0.00970331545966813,0.04238016649204739,-0.04241413283551627
4250,4.000000000000001,-0.042123381143496466,4.126165229382018e-5,0.0064235233551237425,0.0036151852294535394,0.042123381143496466,-0.042433403891454634
4251,10.000000000000002,-0.04207848742756775,2.598429709317802e-5,0.005097479484331253,0.012788866724133917,0.04207848742756775,-0.0420276854784316
4252,4.000000000000001,-0.042174352809232554,3.895298059501815e-5,0.006241232297793294,0.019749861798718297,0.042174352809232554,-0.041784985921230804
4253,1.6000000000000005,-0.04291287696963309,0.0013438533689673939,0.03665860566043659,0.005762050948661027,0.04291287696963309,-0.04444599207540744
4254,4.000000000000001,-0.042904066212714045,0.00013615556813812227,0.01166857181227087,0.004463521341347566,0.042904066212714045,-0.04219500552586121
4255,10.000000000000002,-0.04231415950168471,4.167355677287042e-5,0.006455505926948749,0.02972050517960985,0.04231415950168471,-0.04184917454293312
4256,4.000000000000001,-0.041972471706791394,9.636175866841522e-5,0.00981640253190624,0.022158749488140186,0.041972471706791394,-0.04192407450574133
4257,1.6000000000000005,-0.04126402534523416,0.00010956429358253137,0.01046729638361938,0.02092595627472984,0.04126402534523416,-0.04146746413562448
4258,0.6400000000000002,-0.04152400077472666,0.006150466931214826,0.0784249126949774,0.01999848235384758,0.04152400077472666,-0.047218881811428276
4259,1.6000000000000005,-0.04263526499290294,0.0006891195095086976,0.026251085872944335,0.006937532604534927,0.04263526499290294,-0.043289930676396464
4260,4.000000000000001,-0.04266148263887935,0.00012546421905840378,0.011201081155781516,0.010656060066523249,0.04266148263887935,-0.04213937152790321
4261,10.000000000000002,-0.042400134768864096,3.4859027912501825e-5,0.0059041534458804355,0.009164218504472145,0.042400134768864096,-0.04193343550033186
4262,4.000000000000001,-0.04167346829794301,0.0001918412828745877,0.013850678065516783,0.009881536319544151,0.04167346829794301,-0.04267164095489666
4263,10.000000000000002,-0.04165068937283586,3.492557168428122e-5,0.005909786094629925,0.009201629700982405,0.04165068937283586,-0.041917556311871405
4264,4.000000000000001,-0.04232607641887875,0.00015653062463639447,0.01251121994996469,0.007893770334964328,0.04232607641887875,-0.04273249301562856
4265,10.000000000000002,-0.04246053301922781,1.9213916988514845e-5,0.004383368224153071,0.011615039668900911,0.04246053301922781,-0.04215115998205208
4266,4.000000000000001,-0.04233847101807138,0.00010839167913303098,0.010411132461602387,0.005564565948471123,0.04233847101807138,-0.04255792628341765
4267,10.000000000000002,-0.04218254198106158,1.545681344162587e-5,0.00393151541286892,0.0037796372222791363,0.04218254198106158,-0.04224209903434848
4268,25.000000000000004,-0.04215921930222448,7.126044445124491e-6,0.002669465198335519,0.009554215581378568,0.04215921930222448,-0.04196999226303649
4269,10.000000000000002,-0.04221752606715601,1.658745793098373e-5,0.004072770301770495,0.017340599943175404,0.04221752606715601,-0.04196105715899521
4270,4.000000000000001,-0.04272237589289784,0.00019837528066317275,0.01408457598450066,0.028760848806039314,0.04272237589289784,-0.04286310913852495
4271,1.6000000000000005,-0.04236416438068759,0.0013905467403652714,0.037290035403110995,0.005480621591781384,0.04236416438068759,-0.04456492947802964
4272,4.000000000000001,-0.04231594646572066,0.00018335378841109298,0.013540819340464335,0.00980045299637303,0.04231594646572066,-0.042657571305620985
4273,10.000000000000002,-0.042412476586457325,9.19291903643774e-5,0.009587971128678758,0.03762209359032897,0.042412476586457325,-0.04120910761975739
4274,4.000000000000001,-0.04199574996630854,0.0004876644729848367,0.022083126431391837,0.007158288705936664,0.04199574996630854,-0.043806706345879624
4275,10.000000000000002,-0.04197335143054189,5.6916247623134564e-5,0.007544285759641834,0.004423726651862876,0.04197335143054189,-0.04202222427022431
4276,25.000000000000004,-0.04208873996481833,1.529678295055003e-5,0.003911110194120083,0.01970865224231894,0.04208873996481833,-0.04170319373358171
4277,10.000000000000002,-0.0420223364074812,8.764128181623319e-5,0.009361692251737032,0.025765427352534145,0.0420223364074812,-0.042514886271437465
4278,4.000000000000001,-0.04213093601094168,0.0002668321414557869,0.01633499744278483,0.007369398043050964,0.04213093601094168,-0.04324651518485172
4279,10.000000000000002,-0.042287198802084876,3.82301612353366e-5,0.006183054361344124,0.007500801061083255,0.042287198802084876,-0.042250783003674505
4280,25.000000000000004,-0.04220705308421751,1.3504159531377449e-5,0.0036748006111049685,0.03326890670609709,0.04220705308421751,-0.04175748076480704
4281,10.000000000000002,-0.042020797608377784,7.100473424358261e-5,0.008426430694165984,0.020895334412893735,0.042020797608377784,-0.04272199010112773
4282,4.000000000000001,-0.04180712079759004,0.00012102870649658299,0.011001304763371616,0.017512380340284926,0.04180712079759004,-0.04247819943822986
4283,1.6000000000000005,-0.04243499339221541,0.0016619631375437175,0.04076718211433944,0.008239712209980606,0.04243499339221541,-0.04520610142240578
4284,4.000000000000001,-0.04242848276709223,0.0002239716807634517,0.014965683437900579,0.00570851504017551,0.04242848276709223,-0.0427113280564443
4285,10.000000000000002,-0.042346850285316165,4.9773626604400365e-5,0.00705504263661109,0.0055711803269284385,0.042346850285316165,-0.041834346844955066
4286,25.000000000000004,-0.0422982075474939,4.774224619476444e-5,0.006909576412108375,0.06483147124936361,0.0422982075474939,-0.040142172497085904
4287,10.000000000000002,-0.04175484598346963,0.00024911505404041993,0.015783379043804908,0.02443742361461865,0.04175484598346963,-0.04406491923771531
4288,4.000000000000001,-0.04141294295892082,0.0007947031706350782,0.02819048014197485,0.014970645156846549,0.04141294295892082,-0.04584821347527592
4289,10.000000000000002,-0.04161082305220455,0.00010996104020118979,0.010486230981682111,0.027602064656942742,0.04161082305220455,-0.04257894743543495
4290,4.000000000000001,-0.04188292098741441,0.0003219247796263893,0.017942262388739867,0.018146929702028376,0.04188292098741441,-0.043281586301295444
4291,10.000000000000002,-0.04202030988844445,4.32052042770213e-5,0.006573066580905848,0.012255827059477989,0.04202030988844445,-0.042211318148864516
4292,4.000000000000001,-0.04229917982853288,0.00018294417880990974,0.013525685890553193,0.004748704302065755,0.04229917982853288,-0.042791705630661314
4293,10.000000000000002,-0.042289324763578086,2.9596453854489512e-5,0.005440262296478867,0.003272633252585303,0.042289324763578086,-0.04222787408074399
4294,25.000000000000004,-0.04223513326844946,9.618584302151881e-6,0.0031013842558044757,0.009571311715772532,0.04223513326844946,-0.04191703432558305
4295,10.000000000000002,-0.04218117082331641,1.981044245054679e-5,0.004450892320709049,0.008498772623460524,0.04218117082331641,-0.0423017307066902
4296,4.000000000000001,-0.04182937074297323,0.00024743435827692824,0.01573004635329878,0.007626450368255266,0.04182937074297323,-0.043211298898259816
4297,10.000000000000002,-0.04196088815363346,3.767922124183104e-5,0.006138340267680754,0.004929293351784897,0.04196088815363346,-0.04228856513020554
4298,25.000000000000004,-0.04217334992019444,1.3938385339885817e-5,0.0037334147023717866,0.03432294757737779,0.04217334992019444,-0.04179760199865806
4299,10.000000000000002,-0.042308015561517656,5.377686485450034e-5,0.0073332710883002505,0.015897343735178746,0.042308015561517656,-0.04258586314674779
4300,4.000000000000001,-0.04231687359583976,0.0003049472426166857,0.01746273869175983,0.0033652011238190253,0.04231687359583976,-0.04328659780493487
4301,10.000000000000002,-0.04219081704347508,4.520923452073016e-5,0.006723781266573903,0.01896695345318198,0.04219081704347508,-0.042282050705497856
4302,4.000000000000001,-0.04225529721412574,0.00011074889502296929,0.010523730090750584,0.010534550284650957,0.04225529721412574,-0.04262221351764354
4303,10.000000000000002,-0.042305484306503646,1.9087503780658173e-5,0.004368924785420112,0.010101723160778094,0.042305484306503646,-0.04219354391696369
4304,4.000000000000001,-0.04203997040759339,5.060838165207203e-5,0.007113956821071662,0.007629052218912692,0.04203997040759339,-0.042382770986859934
4305,10.000000000000002,-0.042158850118579075,1.0833071120742108e-5,0.00329136310982883,0.0176344035668832,0.042158850118579075,-0.04221446230446323
4306,4.000000000000001,-0.04229836927333223,1.3104308183913925e-5,0.003619987318197942,0.009098895485896997,0.04229836927333223,-0.04209679097386086
4307,1.6000000000000005,-0.042453711164845344,0.0006450749590608076,0.025398325910595123,0.005904122840542901,0.042453711164845344,-0.04328418987459404
4308,4.000000000000001,-0.042399160679052986,8.498817694344577e-5,0.009218903239726826,0.003095999649313539,0.042399160679052986,-0.042484775078267784
4309,10.000000000000002,-0.04245692079094304,3.3489847000416125e-5,0.005787041299352902,0.027707202469526276,0.04245692079094304,-0.041946346911965714
4310,4.000000000000001,-0.04201674832411431,0.00017345587941354447,0.013170264971273146,0.006484667745882331,0.04201674832411431,-0.04277438671253194
4311,10.000000000000002,-0.042079130128384816,2.3696948750386432e-5,0.004867951186113767,0.0027647337252208553,0.042079130128384816,-0.042221385922971276
4312,25.000000000000004,-0.042152566788089915,9.932100081558967e-6,0.0031515234540708988,0.0284457345928019,0.042152566788089915,-0.041933935245555075
4313,10.000000000000002,-0.04225516749722439,3.207925214448737e-5,0.005663854883777247,0.020979077584517898,0.04225516749722439,-0.042202405921102845
4314,4.000000000000001,-0.04219018908888531,0.00026754872987267737,0.016356916881633817,0.00430351026466696,0.04219018908888531,-0.043227711952708914
4315,10.000000000000002,-0.04227427853722403,3.23637665748511e-5,0.005688916115997062,0.01091322064870214,0.04227427853722403,-0.042332752677020836
4316,4.000000000000001,-0.04230310538709644,9.908684355438831e-5,0.009954237467249227,0.010394344004615528,0.04230310538709644,-0.04265165484974065
4317,10.000000000000002,-0.0422388809811013,3.8153556560795144e-5,0.006176856527457566,0.02911927819065268,0.0422388809811013,-0.04194041806020166
4318,4.000000000000001,-0.04201578498222854,0.00019647684945884371,0.014017019992096884,0.0075703656355503345,0.04201578498222854,-0.04295379319828464
4319,10.000000000000002,-0.04230470607150004,2.37218793729392e-5,0.0048705112024241565,0.017502702464761943,0.04230470607150004,-0.04223665969995289
4320,4.000000000000001,-0.042207325829317854,8.43334221160581e-5,0.009183323043215789,0.014666871375579914,0.042207325829317854,-0.042484308351534564
4321,1.6000000000000005,-0.04273276712482441,0.0004476599712353144,0.021157976539246715,0.008441121676350553,0.04273276712482441,-0.04285800092560641
4322,4.000000000000001,-0.04248955667843515,5.9460011849605366e-5,0.007711031827816908,0.006280664612722621,0.04248955667843515,-0.04240153730687315
4323,10.000000000000002,-0.042365479053411925,1.5841234851214518e-5,0.003980104879423973,0.014831110851324065,0.042365479053411925,-0.042168805120147
4324,4.000000000000001,-0.04226252402843979,1.780107055947951e-5,0.004219131493504263,0.007837321157666945,0.04226252402843979,-0.04201213092464047
4325,1.6000000000000005,-0.04153583097928008,0.0007099147434732786,0.02664422533070306,0.005289807872235058,0.04153583097928008,-0.04333047709919948
4326,4.000000000000001,-0.04023390299543002,0.0006810346955003304,0.026096641460163612,0.13267494598129206,0.04023390299543002,-0.03936161562427656
4327,1.6000000000000005,-0.04335502376565487,0.0028347566493203327,0.05324243278927375,0.013802835486247694,0.04335502376565487,-0.047252504249706596
4328,4.000000000000001,-0.04375317415608523,0.00023550714560787114,0.015346242067941948,0.014758187528618452,0.04375317415608523,-0.042332161194973295
4329,10.000000000000002,-0.04291928105712845,5.461095395755162e-5,0.007389922459508734,0.024486771077369296,0.04291928105712845,-0.04171113171408139
4330,4.000000000000001,-0.04132239352789463,0.0002348756882920365,0.015325654579561568,0.022850480480545103,0.04132239352789463,-0.04270927250263071
4331,1.6000000000000005,-0.040114287729118805,0.0006603490965918498,0.025697258542339684,0.02319986476886492,0.040114287729118805,-0.04316410766997706
4332,4.000000000000001,-0.04087088923828005,0.00010652992579257819,0.010321333527823728,0.006829048122656261,0.04087088923828005,-0.04248224702681001
4333,10.000000000000002,-0.04173102525984862,7.042505935646938e-5,0.00839196397492681,0.029041090613251153,0.04173102525984862,-0.04136009088467078
4334,4.000000000000001,-0.04299717162713881,0.00037872807979856635,0.019460937279549676,0.022310283190091686,0.04299717162713881,-0.04355398103363855
4335,10.000000000000002,-0.042771868056022795,3.62141734641665e-5,0.006017821322053896,0.010574909585491675,0.042771868056022795,-0.04206325426473107
4336,4.000000000000001,-0.042015690539478276,7.219945475158416e-5,0.008497026229898562,0.026107526464210135,0.042015690539478276,-0.04188391500105634
4337,1.6000000000000005,-0.04143279077669757,0.0007213170668149701,0.02685734660786449,0.031827202570770756,0.04143279077669757,-0.042639198410974445
4338,4.000000000000001,-0.04173442247238006,0.00010902250904269969,0.010441384440901489,0.014772022394596252,0.04173442247238006,-0.04237337641443089
4339,1.6000000000000005,-0.04306198602384505,0.0009449458073547094,0.030739970841799923,0.008743268092470795,0.04306198602384505,-0.043689089502143744
4340,4.000000000000001,-0.04273668655601285,0.0001291438605130603,0.011364148032873398,0.006429953689272286,0.04273668655601285,-0.042583726766194686
4341,10.000000000000002,-0.04237935687927994,5.147994683361775e-5,0.007174952740863019,0.026160479342148286,0.04237935687927994,-0.04169641495755279
4342,4.000000000000001,-0.04177477925198512,0.00024105757873700356,0.015526029071755713,0.01155019914587272,0.04177477925198512,-0.042745812303883
4343,10.000000000000002,-0.04200081358913598,5.09321692744333e-5,0.007136677747694182,0.02094296960832088,0.04200081358913598,-0.04166791012507078
4344,4.000000000000001,-0.042112649374707434,0.0003021329287813349,0.017381971372123904,0.0037208827913014025,0.042112649374707434,-0.04306203484081645
4345,10.000000000000002,-0.0421512932940992,2.9755071013372177e-5,0.005454820896543916,0.006296735158601884,0.0421512932940992,-0.04210999474688758
4346,25.000000000000004,-0.042187822048447024,1.0589730308800018e-5,0.0032541865817435883,0.015781668774767128,0.042187822048447024,-0.04184097274253563
4347,10.000000000000002,-0.04216430080444636,6.191423321479076e-5,0.00786855979292213,0.010128186750863168,0.04216430080444636,-0.04236664140169346
4348,4.000000000000001,-0.04208304736728361,6.31398138003352e-5,0.007946056493653642,0.013349455753518367,0.04208304736728361,-0.041714482192680424
4349,1.6000000000000005,-0.042164941836119116,0.0026798181785993116,0.05176696029901033,0.008416704598841604,0.042164941836119116,-0.046636242354416144
4350,4.000000000000001,-0.042305150029733625,0.0004042419326860404,0.02010576864201019,0.04423857845740813,0.042305150029733625,-0.04207909635441628
4351,1.6000000000000005,-0.04215093161185588,0.001456177504239202,0.03815989392332219,0.006450906344256546,0.04215093161185588,-0.04435348764962737
4352,4.000000000000001,-0.042340141289645424,0.00014772792416939504,0.012154337668889861,0.0062174243232581,0.042340141289645424,-0.04224834454189512
4353,10.000000000000002,-0.042290791668437466,4.156457147021942e-5,0.006447059133451424,0.006400643683418618,0.042290791668437466,-0.04180972543953376
4354,25.000000000000004,-0.04216018784682479,2.023989013377086e-5,0.004498876541290154,0.014968355012164735,0.04216018784682479,-0.04143263747632703
4355,10.000000000000002,-0.041864126413929705,0.00013446288222241683,0.011595813133300175,0.028695590431156836,0.041864126413929705,-0.04239694036675712
4356,4.000000000000001,-0.0420101156683779,0.0006295879213249875,0.02509159064955802,0.0233570665358389,0.0420101156683779,-0.04427122356587602
4357,10.000000000000002,-0.041964271771186494,6.994060210762572e-5,0.008363049808988688,0.0117987362222296,0.041964271771186494,-0.0421045555194307
4358,4.000000000000001,-0.04219451944039573,0.0002800571043831098,0.016734906763502144,0.009669317992799171,0.04219451944039573,-0.043006136490156284
4359,10.000000000000002,-0.04208031051895038,3.942910931905612e-5,0.00627926025253422,0.005334884045025189,0.04208031051895038,-0.04206798546523936
4360,25.000000000000004,-0.04195670041147778,2.1817668970526677e-5,0.004670938767584807,0.03590569900224031,0.04195670041147778,-0.041288626405025126
4361,10.000000000000002,-0.04200802157431199,0.0001237832088164088,0.011125790255815934,0.01208166987752865,0.04200802157431199,-0.04287198257249091
4362,25.000000000000004,-0.042142198880149175,1.710529546801125e-5,0.0041358548654433286,0.010925883712125628,0.042142198880149175,-0.041773138533368934
4363,10.000000000000002,-0.04235874244354117,6.838812816013602e-5,0.008269711491952788,0.01028917732356879,0.04235874244354117,-0.042562943807323596
4364,25.000000000000004,-0.042124822637042536,1.6355534739163033e-5,0.004044197663216158,0.03549125072962465,0.042124822637042536,-0.04176500433373243
4365,10.000000000000002,-0.04204313387807808,5.385625351655701e-5,0.007338682001324012,0.018429403120326943,0.04204313387807808,-0.0425531348719352
4366,4.000000000000001,-0.042238758496590666,0.0007015121449644117,0.0264860745480415,0.02249634680833813,0.042238758496590666,-0.04481821815776125
4367,10.000000000000002,-0.04223693298958276,8.977121576519151e-5,0.009474767319844405,0.008363940776778753,0.04223693298958276,-0.04261828092358903
4368,25.000000000000004,-0.04215002007609741,2.622991816279965e-5,0.005121515221377327,0.015267864406417008,0.04215002007609741,-0.04159582529127462
4369,10.000000000000002,-0.04228466281427783,0.00013331137441987588,0.011546054495795344,0.03481046443615209,0.04228466281427783,-0.042626820496562065
4370,4.000000000000001,-0.04229868702072736,0.0005801793129358646,0.02408691165209572,0.024211632203995283,0.04229868702072736,-0.04406065731735024
4371,10.000000000000002,-0.042052892222678995,6.338778648896232e-5,0.007961644710043417,0.007502871438765997,0.042052892222678995,-0.042403762934034764
4372,25.000000000000004,-0.04203354968265079,1.8547444215906552e-5,0.0043066743800648025,0.011081089050931536,0.04203354968265079,-0.04179199228357774
4373,10.000000000000002,-0.04211995310777899,5.9933359165372625e-5,0.007741663849933852,0.025164954182688274,0.04211995310777899,-0.04219728317629344
4374,4.000000000000001,-0.042179206284575055,0.0005351638507889695,0.023133608684962437,0.0106676506184854,0.042179206284575055,-0.0439520083523446
4375,10.000000000000002,-0.04210956733262123,6.234596234641158e-5,0.00789594594373667,0.027448838589045243,0.04210956733262123,-0.04244364116241981
4376,4.000000000000001,-0.0417731665635434,9.028564494641966e-5,0.00950187586460798,0.0137975990855607,0.0417731665635434,-0.042253659855468466
4377,1.6000000000000005,-0.043171278325981104,0.0013232545957178187,0.036376566574070984,0.011310300262689053,0.043171278325981104,-0.04442851393344991
4378,4.000000000000001,-0.042729291313922405,0.00016316932160653847,0.012773774759503883,0.006612527480439727,0.042729291313922405,-0.04269764050535052
4379,10.000000000000002,-0.04241277507818148,3.32348435011389e-5,0.005764966912406254,0.010221565965656034,0.04241277507818148,-0.04206921540528997
4380,4.000000000000001,-0.042059852482151466,0.00011614783039669651,0.010777190283032796,0.008358223024366456,0.042059852482151466,-0.0425908448638377
4381,10.000000000000002,-0.04199459469515135,2.2170309285191424e-5,0.004708535789944834,0.01549875511821009,0.04199459469515135,-0.042151500137261336
4382,4.000000000000001,-0.04208189203272462,2.971466414138336e-5,0.005451115862039933,0.009403094668847756,0.04208189203272462,-0.041975047153830415
4383,1.6000000000000005,-0.04284461939539325,0.0009118931261554636,0.030197568215925327,0.010570600929820664,0.04284461939539325,-0.04364558136888531
4384,4.000000000000001,-0.0426034551136794,0.00010760970305139498,0.010373509678570458,0.0032951175955092333,0.0426034551136794,-0.04245398659651398
4385,10.000000000000002,-0.04234588575573518,2.2622056514104724e-5,0.004756264975177973,0.009408766014475229,0.04234588575573518,-0.04211103493340195
4386,4.000000000000001,-0.042212196209291036,0.00011862593413765851,0.010891553339063189,0.009284922646327076,0.042212196209291036,-0.04243799267252562
4387,10.000000000000002,-0.042140572889878936,1.716162072257399e-5,0.004142658653880861,0.005726353482115852,0.042140572889878936,-0.04224793303253197
4388,4.000000000000001,-0.04217243845298448,4.388190742564982e-5,0.006624342037187529,0.007343713140389065,0.04217243845298448,-0.04229660127160808
4389,10.000000000000002,-0.04224148926389275,1.113464284522716e-5,0.0033368612265461625,0.019353993694135374,0.04224148926389275,-0.04215446803097117
4390,4.000000000000001,-0.042202279793073116,5.96724348606922e-5,0.007724793515731809,0.013488522380421569,0.042202279793073116,-0.042334413661724926
4391,1.6000000000000005,-0.04203153679131825,0.000515416495528434,0.02270278607414592,0.0070503403942467225,0.04203153679131825,-0.04299103246848009
4392,4.000000000000001,-0.041896571576671725,0.0001013637870153541,0.01006795843333464,0.02469142797848684,0.041896571576671725,-0.04213154395113849
4393,1.6000000000000005,-0.042560818781354995,0.0005190958183204576,0.02278367438146134,0.0071190916674223345,0.042560818781354995,-0.043111861486586626
4394,4.000000000000001,-0.0424803013136343,4.233856600106106e-5,0.0065068092027553,0.009730018357632386,0.0424803013136343,-0.0423829861193601
4395,1.6000000000000005,-0.04218945109391425,4.6225606136915296e-5,0.006798941545337428,0.007241286539945135,0.04218945109391425,-0.04217906483837298
4396,4.000000000000001,-0.04225596174566427,4.345095924018652e-5,0.006591734160309146,0.0042976222042182075,0.04225596174566427,-0.042361283219458264
4397,10.000000000000002,-0.04227155189896689,7.935262763468777e-6,0.0028169598441349455,0.002133101079448209,0.04227155189896689,-0.042238021890552944
4398,25.000000000000004,-0.04224013208471398,4.802473831867793e-6,0.002191454729595798,0.012640788918095293,0.04224013208471398,-0.042070697666389024
4399,10.000000000000002,-0.04223158862825912,2.0030928607881036e-5,0.00447559254265634,0.006214869530403816,0.04223158862825912,-0.04227753799144138
4400,4.000000000000001,-0.04234769929135817,0.000111097875570561,0.010540297698384092,0.006143898685552804,0.04234769929135817,-0.04266481944144412
4401,10.000000000000002,-0.042354195643723204,1.611434947853826e-5,0.004014268236993918,0.0044056438630546875,0.042354195643723204,-0.04235803443027294
4402,25.000000000000004,-0.04227369392040422,5.02961184216032e-6,0.0022426796120178023,0.010463031865928353,0.04227369392040422,-0.042186221379922034
4403,10.000000000000002,-0.042229888299509286,5.736957622976512e-6,0.002395194694169247,0.009293805298662226,0.042229888299509286,-0.04204734130514709
4404,4.000000000000001,-0.04226098588623215,0.00015291538414230764,0.01236589601049223,0.007560420261554081,0.04226098588623215,-0.042879396584804545
4405,10.000000000000002,-0.04225978804080084,2.051619538037989e-5,0.004529480696545674,0.006662131175052318,0.04225978804080084,-0.04232954954150065
4406,4.000000000000001,-0.04222445242387888,9.229891393369771e-5,0.009607232376376545,0.004458680628422926,0.04222445242387888,-0.04257671506409139
4407,10.000000000000002,-0.042182307551680336,1.4969138964747202e-5,0.0038689971523312348,0.0045205171100193625,0.042182307551680336,-0.0422619830551595
4408,25.000000000000004,-0.0421424460009033,8.181916886072063e-6,0.002860405021333878,0.04373779493663887,0.0421424460009033,-0.04196071244873212
4409,10.000000000000002,-0.042236753535804826,1.6708118390210934e-5,0.004087556530521741,0.022433902680708485,0.042236753535804826,-0.04191695461428588
4410,4.000000000000001,-0.04279622179442927,0.0003244654739684085,0.01801292519188398,0.009825628952620994,0.04279622179442927,-0.04375741651879919
4411,10.000000000000002,-0.04253123398942101,4.339858791371761e-5,0.006587760462685146,0.010479544286039604,0.04253123398942101,-0.0422510130549517
4412,4.000000000000001,-0.0420512710771205,0.0001640933148310357,0.012809891288806307,0.006160229160315307,0.0420512710771205,-0.04276491811738163
4413,10.000000000000002,-0.04204501450909867,2.2963364994689607e-5,0.004792010537831653,0.005452465819248591,0.04204501450909867,-0.04230821119276728
4414,25.000000000000004,-0.04215641577148211,7.0688909693652e-6,0.0026587386049337757,0.009239132581231416,0.04215641577148211,-0.04209603265035549
4415,10.000000000000002,-0.0422851925331923,8.530644430552207e-6,0.0029207266956276833,0.01925974171586164,0.0422851925331923,-0.04190409658806942
4416,4.000000000000001,-0.042425028747448267,0.00035020515162880595,0.018713769038566388,0.017361912470015884,0.042425028747448267,-0.043179583471782794
4417,10.000000000000002,-0.042293363963330034,4.178880317453365e-5,0.006464425974093419,0.007690154550060145,0.042293363963330034,-0.04236555478378324
4418,25.000000000000004,-0.04226087610165281,9.157248671126053e-6,0.0030260946236239958,0.011228437593106695,0.04226087610165281,-0.042061494086216344
4419,10.000000000000002,-0.042166853250867865,2.206768900694687e-5,0.004697625890484136,0.02420139919879131,0.042166853250867865,-0.04205181181786606
4420,4.000000000000001,-0.04243096457025033,0.0003147428958309759,0.017740994781324296,0.005553195215316898,0.04243096457025033,-0.043557979203817924
4421,10.000000000000002,-0.04241150544651249,4.474623001503969e-5,0.0066892622922890155,0.004179097898234925,0.04241150544651249,-0.0423258783378583
4422,25.000000000000004,-0.04232861533567395,1.3121799039322194e-5,0.003622402385064668,0.015530600617622608,0.04232861533567395,-0.041991978078813094
4423,10.000000000000002,-0.04203151979747044,5.504244287652826e-5,0.007419059433413933,0.01660308891417272,0.04203151979747044,-0.04248370299844419
4424,4.000000000000001,-0.042061851991662076,0.0002359403543480135,0.015360350072443449,0.00588180087115456,0.042061851991662076,-0.04307919256839096
4425,10.000000000000002,-0.04209359191603886,2.4471176293886014e-5,0.004946834977426073,0.0036830585259080466,0.04209359191603886,-0.042341050544027724
4426,25.000000000000004,-0.04217610440201429,6.987392719309113e-6,0.0026433676852282797,0.008703148826927212,0.04217610440201429,-0.04210179839610961
4427,10.000000000000002,-0.04238285599916474,1.2097750511486686e-5,0.0034781820699162206,0.01701305678792511,0.04238285599916474,-0.04201613942101899
4428,4.000000000000001,-0.042867739548702294,0.00025610254270030957,0.016003204138556427,0.008190333082375488,0.042867739548702294,-0.04305945316632113
4429,10.000000000000002,-0.042348305053306265,7.967467828722165e-5,0.008926067347226417,0.042369918119596034,0.042348305053306265,-0.04168732751077294
4430,4.000000000000001,-0.04160712647183527,0.0004120790361945267,0.02029972995373403,0.010869502721953148,0.04160712647183527,-0.04372178432255357
4431,10.000000000000002,-0.04180976979978112,3.17414635645007e-5,0.005633956297709515,0.015206546430052804,0.04180976979978112,-0.04220898468924698
4432,4.000000000000001,-0.04241910581289494,0.00014739775777885416,0.012140747826178343,0.007468124795881215,0.04241910581289494,-0.04271628566238081
4433,10.000000000000002,-0.04252843161790915,4.7499839484694704e-5,0.006892012731031096,0.0290874853010686,0.04252843161790915,-0.04183456085993002
4434,4.000000000000001,-0.042057103641080826,0.000267185112622079,0.016345798011173363,0.009035699638360829,0.042057103641080826,-0.04338733351196074
4435,10.000000000000002,-0.04214801086889197,2.8618472858479785e-5,0.005349623618394081,0.012263016198383445,0.04214801086889197,-0.04227017997975847
4436,4.000000000000001,-0.04222502106839977,0.00010935693657056664,0.010457386698911284,0.004582903533309148,0.04222502106839977,-0.042578141208761175
4437,10.000000000000002,-0.042198453914085034,1.390711822834754e-5,0.003729224883048425,0.011412452753687151,0.042198453914085034,-0.04226101844492906
4438,4.000000000000001,-0.04241517298975597,2.7618474680369083e-5,0.0052553282181391,0.009967459746269797,0.04241517298975597,-0.04228136485892189
4439,1.6000000000000005,-0.04257021982772889,3.8363199889890025e-5,0.006193803346078242,0.010857759140684459,0.04257021982772889,-0.042243886089992806
4440,0.6400000000000002,-0.0429246179946244,4.4597080293869196e-5,0.006678104543496545,0.015448410482628884,0.0429246179946244,-0.04218664066997595
4441,0.2560000000000001,-0.04031621356980157,0.013155711792848995,0.1146983513083296,0.009128368612317415,0.04031621356980157,-0.04774237680524575
4442,0.6400000000000002,-0.04090753917485819,0.0029905239628294548,0.05468568334426713,0.0029890530687483705,0.04090753917485819,-0.04476926820042743
4443,1.6000000000000005,-0.04236630295057737,0.0004467600491858537,0.021136699108088134,0.005578193992880156,0.04236630295057737,-0.04263254440476921
4444,4.000000000000001,-0.04253187687282751,0.00010025354517138673,0.010012669233095975,0.0037446924272414596,0.04253187687282751,-0.042121142914604615
4445,10.000000000000002,-0.042554487293354606,7.26150961627517e-5,0.008521449182078814,0.028687637118333546,0.042554487293354606,-0.04104544694133873
4446,4.000000000000001,-0.04181753245137851,0.0004470936235510715,0.021144588516948528,0.010195308572472384,0.04181753245137851,-0.043545937066514974
4447,10.000000000000002,-0.04179047184974002,4.269043233213248e-5,0.0065337915739739115,0.004463163161537845,0.04179047184974002,-0.041996074238708395
4448,25.000000000000004,-0.04188666596861892,2.4864516399657798e-5,0.004986433234252495,0.042058440372947155,0.04188666596861892,-0.04105279924744331
4449,10.000000000000002,-0.04196430372149443,0.00018911689796057972,0.013751977965390278,0.01252345097286212,0.04196430372149443,-0.04293566539792727
4450,25.000000000000004,-0.04211149541223571,2.101897420362574e-5,0.004584645482872775,0.013302881142965826,0.04211149541223571,-0.04169856050663319
4451,10.000000000000002,-0.04237474269941279,0.00015592087297959853,0.012486827979098556,0.011262878088201604,0.04237474269941279,-0.042808363770439624
4452,25.000000000000004,-0.04224378851629237,2.008241880127769e-5,0.004481341183315291,0.01009236786268738,0.04224378851629237,-0.04181291980657381
4453,10.000000000000002,-0.042006302208903716,0.00010370704165644472,0.010183665433253624,0.02330423772474061,0.042006302208903716,-0.04254638120740566
4454,4.000000000000001,-0.042392237254044264,0.0007457285887890364,0.027308031580270235,0.009583323766309474,0.042392237254044264,-0.04502087616221093
4455,10.000000000000002,-0.04225253107914813,8.233516668143697e-5,0.009073872749903261,0.01269158807531019,0.04225253107914813,-0.042519629911031184
4456,4.000000000000001,-0.04238754420779995,0.0002851451547158312,0.0168862415805244,0.014273750383375057,0.04238754420779995,-0.043200677276484606
4457,10.000000000000002,-0.04210713213660357,3.4669821213119814e-5,0.005888108457995642,0.007711384672785865,0.04210713213660357,-0.04237079656837991
4458,4.000000000000001,-0.041813557423132586,0.000177728019157068,0.01333146725447233,0.009158553083599983,0.041813557423132586,-0.042684400788003535
4459,10.000000000000002,-0.04199610529058044,2.538763268312466e-5,0.005038614162954399,0.005089439362371559,0.04199610529058044,-0.04225046807200341
4460,25.000000000000004,-0.04213832247521587,2.3415464072167005e-5,0.004838952786726381,0.04047499496169095,0.04213832247521587,-0.04141602269892703
4461,10.000000000000002,-0.042291088019380786,0.00014282386399314942,0.011950893857496578,0.012812899869671894,0.042291088019380786,-0.043125117637454094
4462,25.000000000000004,-0.04225402044585211,1.4698104952209874e-5,0.0038338107611370015,0.012504763605302333,0.04225402044585211,-0.04201601724345254
4463,10.000000000000002,-0.042043343129851696,3.079315042155308e-5,0.005549157631708895,0.024225513232556638,0.042043343129851696,-0.04214529815533217
4464,4.000000000000001,-0.042484488335801256,0.000611926149622649,0.024737141096388825,0.030080221678276356,0.042484488335801256,-0.044193062260102355
4465,10.000000000000002,-0.042304022181780206,6.604929019237416e-5,0.008127071440092929,0.010155763218887358,0.042304022181780206,-0.04238123055518505
4466,25.000000000000004,-0.04205616603827038,2.4121274899006026e-5,0.004911341456161038,0.048146341741160045,0.04205616603827038,-0.041443927122672086
4467,10.000000000000002,-0.04209579789971018,0.00011674483181989678,0.010804852234986687,0.00932735188075463,0.04209579789971018,-0.04294818193868334
4468,25.000000000000004,-0.0421082225974968,1.7477382078278354e-5,0.0041805958999021125,0.010303540212481926,0.0421082225974968,-0.04181298231849483
4469,10.000000000000002,-0.04214745854746009,7.029096155587653e-5,0.00838397051258391,0.01593080669504876,0.04214745854746009,-0.04267967529077476
4470,4.000000000000001,-0.0425049808270268,8.882070255271287e-5,0.00942447359552314,0.024279063054700012,0.0425049808270268,-0.04224758114684748
4471,1.6000000000000005,-0.04218181999312618,0.003983349804529139,0.0631137845841076,0.013212442641654014,0.04218181999312618,-0.04911272858222208
4472,4.000000000000001,-0.042519501015707936,0.0004028335328103411,0.02007071331094989,0.00987930722945964,0.042519501015707936,-0.04292369674149361
4473,10.000000000000002,-0.04235028702111824,8.281729584146996e-5,0.009100400861581317,0.008741873061154683,0.04235028702111824,-0.041515739190591136
4474,25.000000000000004,-0.04209122435975316,3.31743258200453e-5,0.0057597157759776045,0.017694726302822605,0.04209122435975316,-0.04109485666166879
4475,10.000000000000002,-0.04162291245216788,0.0001733515078384176,0.013166301980374657,0.015992981037712906,0.04162291245216788,-0.042979474348252715
4476,25.000000000000004,-0.04173596021769399,1.762176146358413e-5,0.004197828184142859,0.013287786892714419,0.04173596021769399,-0.041658725850777664
4477,10.000000000000002,-0.04228731827797482,0.00014525953993398572,0.012052366569847837,0.017436965950610145,0.04228731827797482,-0.04257692861805454
4478,4.000000000000001,-0.04261190724675392,0.0007600727346350679,0.027569416653876955,0.0070760751533645765,0.04261190724675392,-0.04477844384795682
4479,10.000000000000002,-0.04228103585990157,7.189136314665921e-5,0.00847887746972789,0.01325358618312626,0.04228103585990157,-0.042253889726343176
4480,4.000000000000001,-0.04172108897748645,0.0003522397048892811,0.018768050108876017,0.010405653081155883,0.04172108897748645,-0.043304285058974094
4481,10.000000000000002,-0.04174204302271847,4.359957171896244e-5,0.006602997176961568,0.009137607427324454,0.04174204302271847,-0.042275523932018305
4482,4.000000000000001,-0.042332864395871056,0.00024334310939744388,0.015599458625139652,0.008002433327638182,0.042332864395871056,-0.04291714756760366
4483,10.000000000000002,-0.042496092692667374,3.1625258942629684e-5,0.005623633962361854,0.014244147758323347,0.042496092692667374,-0.042177644970734875
4484,4.000000000000001,-0.04214410400353306,0.00017517699496571296,0.013235444645561137,0.007260657563681531,0.04214410400353306,-0.04257701101361046
4485,10.000000000000002,-0.04213678942671163,2.1168895551668282e-5,0.00460096680619066,0.005119570523388691,0.04213678942671163,-0.042186700028150566
4486,25.000000000000004,-0.04214061567037476,9.528252122994695e-6,0.0030867866986552042,0.02813017263462825,0.04214061567037476,-0.041812495402547965
4487,10.000000000000002,-0.0421881984388812,4.948645028262172e-5,0.007034660637345751,0.011250350570082779,0.0421881984388812,-0.0423279988263349
4488,4.000000000000001,-0.042124371219095645,5.112832903237123e-5,0.007150407613022577,0.029230184308146508,0.042124371219095645,-0.04163521561478355
4489,1.6000000000000005,-0.04262050352235355,0.003229734366885601,0.05683075194721253,0.018143414731756097,0.04262050352235355,-0.047615817182629895
4490,4.000000000000001,-0.04256972420651003,0.00031761704860821865,0.01782181384170025,0.0054852243228533165,0.04256972420651003,-0.04288640128964693
4491,10.000000000000002,-0.042332025973198996,6.523131664800457e-5,0.008076590657449749,0.008122941938197143,0.042332025973198996,-0.04184529843557431
4492,25.000000000000004,-0.042142683690424815,3.027542750273924e-5,0.005502311105593652,0.0459470075220961,0.042142683690424815,-0.041029386200628966
4493,10.000000000000002,-0.041794846198008426,5.564108650832033e-5,0.007459295309097256,0.03883542069485021,0.041794846198008426,-0.04065319318907958
4494,4.000000000000001,-0.04124950553254161,0.0014302029567367838,0.03781802423100371,0.012940294591412717,0.04124950553254161,-0.04808047931252524
4495,10.000000000000002,-0.04143102950686412,0.00016095830962285757,0.01268693460308114,0.011084382629404536,0.04143102950686412,-0.042433244284478075
4496,25.000000000000004,-0.04191519885899121,4.837298623383543e-5,0.006955069103455079,0.02947333405054057,0.04191519885899121,-0.04104710892527471
4497,10.000000000000002,-0.042091186372357106,0.00019652935945807277,0.01401889294695101,0.017830742657462997,0.042091186372357106,-0.04306639477027171
4498,4.000000000000001,-0.043233990083325874,0.0009750192100336871,0.031225297597199726,0.013191906810561937,0.043233990083325874,-0.045613463362143246
4499,10.000000000000002,-0.04267522516660025,0.0001095294768774705,0.010465633133139652,0.016027466221234857,0.04267522516660025,-0.04227535030380869
4500,4.000000000000001,-0.041858035484086176,0.0003825772911518013,0.019559583102709558,0.01051673456022438,0.041858035484086176,-0.04318674847273685
4501,10.000000000000002,-0.04173666735128888,4.31902731043445e-5,0.006571930698382668,0.008115191291687685,0.04173666735128888,-0.04208913567093713
4502,25.000000000000004,-0.041918083703130646,1.4288033533147538e-5,0.0037799515252377957,0.01316597009337165,0.041918083703130646,-0.04166925005109127
4503,10.000000000000002,-0.042358501703774636,5.8340743006517925e-5,0.007638111219831636,0.015721610729590267,0.042358501703774636,-0.04221167634760172
4504,4.000000000000001,-0.04290019739706598,0.0005899543888138511,0.02428897669342723,0.014102736773247691,0.04290019739706598,-0.04418577885953804
4505,10.000000000000002,-0.04279562816948687,6.096714267892472e-5,0.007808145918137334,0.00844311102188991,0.04279562816948687,-0.04232798796816568
4506,25.000000000000004,-0.042323453900281256,1.802142989210048e-5,0.004245165472876232,0.026236311192125578,0.042323453900281256,-0.04172800596303418
4507,10.000000000000002,-0.04191191055808111,9.544966716948836e-5,0.009769834551797096,0.010793803638769701,0.04191191055808111,-0.04248060973198209
4508,25.000000000000004,-0.0419552647370717,1.3043849707746361e-5,0.00361162701669848,0.02727151213980533,0.0419552647370717,-0.04202388682911258
4509,10.000000000000002,-0.04206879798028731,2.7809479449918034e-5,0.005273469394043928,0.02332166115407921,0.04206879798028731,-0.04201097470231099
4510,4.000000000000001,-0.04228949719295236,7.646815537460099e-5,0.008744607216713681,0.01602841955311743,0.04228949719295236,-0.042216967863747505
4511,1.6000000000000005,-0.042853481331612556,0.004358676137855296,0.06602027065875522,0.01001139310904027,0.042853481331612556,-0.05013244378572429
4512,4.000000000000001,-0.04283299841596736,0.0005340310433542043,0.02310911169548073,0.006362198479819236,0.04283299841596736,-0.04329539881756306
4513,10.000000000000002,-0.042754215077407585,0.00019186152973614355,0.01385140894408015,0.041214359316019904,0.042754215077407585,-0.039692345004705754
4514,4.000000000000001,-0.041159099135437534,0.0011046753593841234,0.033236656862327824,0.015653838317286877,0.041159099135437534,-0.046234606360786065
4515,10.000000000000002,-0.04128007821546735,9.729209520543613e-5,0.0098636755423846,0.02313767246635345,0.04128007821546735,-0.041954397469658435
4516,4.000000000000001,-0.0417505508037031,0.0003361290399648427,0.018333822295550993,0.010015668630149287,0.0417505508037031,-0.04321166811314212
4517,10.000000000000002,-0.041901599694003346,6.492950992614764e-5,0.008057884953643086,0.03781085599053925,0.041901599694003346,-0.041724444225736255
4518,4.000000000000001,-0.04212443990728983,0.00030066679907253313,0.017339746222841127,0.025737346164348633,0.04212443990728983,-0.04288413126757735
4519,1.6000000000000005,-0.04336637031915705,0.0017146263450263256,0.0414080468632164,0.01885507737717396,0.04336637031915705,-0.04459112368982734
4520,4.000000000000001,-0.042910598278822425,0.0001778759217962596,0.013337013226215966,0.011566589759229083,0.042910598278822425,-0.04251015640750243
4521,10.000000000000002,-0.04226130045110989,3.9360240317732696e-5,0.006273774009137777,0.0148883730907214,0.04226130045110989,-0.041913971820629295
4522,4.000000000000001,-0.04168110766134202,0.0001944157359493699,0.013943304341129828,0.007857081188175751,0.04168110766134202,-0.042633955912763304
4523,10.000000000000002,-0.04178450086866913,2.2526648822551906e-5,0.0047462246915366225,0.008926629428392141,0.04178450086866913,-0.04209777903940656
4524,4.000000000000001,-0.04244240998605408,0.0001468034664305274,0.012116248034376293,0.009340782783395092,0.04244240998605408,-0.04254883262648075
4525,10.000000000000002,-0.042405531030538304,1.9499253421712947e-5,0.0044157958990099335,0.007092421085535371,0.042405531030538304,-0.042126888048637484
4526,4.000000000000001,-0.042289670337388674,2.2407490315391855e-5,0.004733655069329815,0.006818732122734723,0.042289670337388674,-0.041907092827936664
4527,1.6000000000000005,-0.041713515715745345,0.0016938526490412654,0.04115644116102928,0.018211367186881097,0.041713515715745345,-0.044364648783681015
4528,4.000000000000001,-0.04149853739566802,0.00032933845576766513,0.01814768458420151,0.03546686390535069,0.04149853739566802,-0.041317665079855605
4529,1.6000000000000005,-0.04256991201727812,0.0015555149666525163,0.03944001732571268,0.006418919088976327,0.04256991201727812,-0.04472888100889612
4530,4.000000000000001,-0.042551186295199835,0.0001306090865309085,0.01142843324917762,0.007594499799560763,0.042551186295199835,-0.04242004062086425
4531,10.000000000000002,-0.04211844901103615,5.652941015795771e-5,0.007518604269274831,0.04706032929406708,0.04211844901103615,-0.04148866175107238
4532,4.000000000000001,-0.04221007378205964,0.00035041226169631905,0.018719301848528408,0.0055815650840464965,0.04221007378205964,-0.04321471187312993
4533,10.000000000000002,-0.04229877623271892,2.7956819066634942e-5,0.005287420833131683,0.008379799644037969,0.04229877623271892,-0.042158843576866105
4534,4.000000000000001,-0.04258764269637591,6.252100261887162e-5,0.007907022361095965,0.017417068488005116,0.04258764269637591,-0.042204425552925307
4535,1.6000000000000005,-0.042174592138857186,0.0011239907719614289,0.03352597160354087,0.00922169964260808,0.042174592138857186,-0.043900040773067486
4536,4.000000000000001,-0.042116630414827036,0.00011435430896255902,0.010693657417486265,0.010156013627221913,0.042116630414827036,-0.04245449400237386
4537,10.000000000000002,-0.04244789311184876,0.0001006635562802289,0.010033122957495783,0.031469752609297345,0.04244789311184876,-0.041005372728585225
4538,4.000000000000001,-0.04184576870198436,0.00047842236556041375,0.021872868251795734,0.008668924570285053,0.04184576870198436,-0.04391791055186005
4539,10.000000000000002,-0.04188812802875556,4.995151594502658e-5,0.0070676386399579445,0.007653453484889842,0.04188812802875556,-0.04219595994424531
4540,25.000000000000004,-0.04197066343103477,1.4413020013046161e-5,0.0037964483419435807,0.017851893445916145,0.04197066343103477,-0.041795015807046754
4541,10.000000000000002,-0.04219597776860528,7.322864992302067e-5,0.008557374008597537,0.010685078905640917,0.04219597776860528,-0.04252254164590096
4542,25.000000000000004,-0.04231071335561713,9.518975653737877e-6,0.003085283723377459,0.02518675166687906,0.04231071335561713,-0.04205922664314394
4543,10.000000000000002,-0.04233423994773357,1.0012971114301202e-5,0.003164327908782717,0.0268396281109266,0.04233423994773357,-0.04173861219380996
4544,4.000000000000001,-0.04313346109597727,0.00044529468525971686,0.021102006664289463,0.02532125112080917,0.04313346109597727,-0.04365163000611177
4545,10.000000000000002,-0.04258317651192229,4.652415780712546e-5,0.006820861954850388,0.013352498566475792,0.04258317651192229,-0.04252010590445115
4546,4.000000000000001,-0.04188565312582493,5.5514857653281515e-5,0.007450829326543557,0.014484598385713279,0.04188565312582493,-0.04208702318595331
4547,1.6000000000000005,-0.04107322381447858,0.0028728965939412527,0.0535994085223079,0.01453609002787412,0.04107322381447858,-0.046696297631453935
4548,4.000000000000001,-0.04174350033565437,0.00032719602736425927,0.018088560676965407,0.012191471930888627,0.04174350033565437,-0.042714780175396434
4549,10.000000000000002,-0.04191891212148873,6.613839134947851e-5,0.008132551343181211,0.01211344211263236,0.04191891212148873,-0.04169639300496346
4550,4.000000000000001,-0.041916550239535874,0.00021044094357523268,0.01450658276697971,0.006319538968915813,0.041916550239535874,-0.0428371241756046
4551,10.000000000000002,-0.042310149511894234,2.7109900271889766e-5,0.0052067168419158115,0.020841780899861415,0.042310149511894234,-0.04206309758554892
4552,4.000000000000001,-0.042375481790034274,0.0001408458925618859,0.011867851219234504,0.005098480064890322,0.042375481790034274,-0.04272113214360833
4553,10.000000000000002,-0.042378997298949124,1.812286647616867e-5,0.004257096014440909,0.005664332074965982,0.042378997298949124,-0.042289548786287996
4554,4.000000000000001,-0.04224199073197522,5.297941205710908e-5,0.007278695766214513,0.010843272824762797,0.04224199073197522,-0.042353529435303516
4555,1.6000000000000005,-0.04253018048556867,0.0007075416566574633,0.026599655198093514,0.010857387932719596,0.04253018048556867,-0.043346931418100046
4556,4.000000000000001,-0.04254743544885686,7.35163531752492e-5,0.008574167783245741,0.0030190737990012464,0.04254743544885686,-0.0425100330887965
4557,10.000000000000002,-0.04233889957175689,2.1953802755508454e-5,0.004685488529012578,0.01892965763265036,0.04233889957175689,-0.04211188127569711
4558,4.000000000000001,-0.042204808690515246,7.224482339261651e-5,0.00849969548822877,0.012183133504206339,0.042204808690515246,-0.042459555611170624
4559,1.6000000000000005,-0.04143855118036901,8.922122673433094e-5,0.009445698848382313,0.010865885575019647,0.04143855118036901,-0.042302429516928856
4560,4.000000000000001,-0.041873858230517674,2.856397370744593e-5,0.005344527454082908,0.007794736056626603,0.041873858230517674,-0.042275389003260055
4561,1.6000000000000005,-0.04208285939903616,0.00011512075118907353,0.010729433870856073,0.00962194232433419,0.04208285939903616,-0.04237314241592416
4562,4.000000000000001,-0.04229777747596008,2.2811995893256576e-5,0.004776190521038349,0.003761857570952574,0.04229777747596008,-0.04224986871172786
4563,10.000000000000002,-0.04222674726215588,9.374281602131315e-6,0.0030617448623507667,0.01036751968934154,0.04222674726215588,-0.04213037753275669
4564,4.000000000000001,-0.04235135601395775,8.541327954686706e-5,0.009241930509740216,0.005803139598438901,0.04235135601395775,-0.04238455291672116
4565,10.000000000000002,-0.04222943171073516,1.7602475433654575e-5,0.004195530411480124,0.011353210397331248,0.04222943171073516,-0.04209628086716819
4566,4.000000000000001,-0.042309838251689526,0.000132378747089299,0.011505596337839208,0.004003445446646084,0.042309838251689526,-0.042578421429414995
4567,10.000000000000002,-0.04226427173199106,1.6536472466576322e-5,0.004066506174417583,0.007397325297257945,0.04226427173199106,-0.04216692535625112
4568,4.000000000000001,-0.04236489475909556,1.745958804869107e-5,0.004178467188897272,0.01630110641158012,0.04236489475909556,-0.04193546532562955
4569,1.6000000000000005,-0.04224662088253061,0.0012250306170031625,0.03500043738302655,0.007022161067761279,0.04224662088253061,-0.043977371291793514
4570,4.000000000000001,-0.04240473593360761,0.0001092693950288469,0.010453200229061285,0.004897782319051965,0.04240473593360761,-0.042549890743009536
4571,10.000000000000002,-0.042254576493176585,2.361027649741388e-5,0.004859040697237869,0.004887647304260389,0.042254576493176585,-0.0421284042980765
4572,25.000000000000004,-0.04220178416920387,1.0232328399530732e-5,0.0031988010878344296,0.008264813072218838,0.04220178416920387,-0.04189177286904176
4573,10.000000000000002,-0.04217153815748492,5.934702174433756e-5,0.007703701820835069,0.007202903091929683,0.04217153815748492,-0.042277488149006344
4574,25.000000000000004,-0.042308295055092426,2.3939645568658412e-5,0.004892815709656191,0.059325988430061975,0.042308295055092426,-0.04139318337207306
4575,10.000000000000002,-0.04220479342655921,0.00016691120997224543,0.012919412137254753,0.006410000511998853,0.04220479342655921,-0.04357950363547895
4576,25.000000000000004,-0.04217641767940754,1.2301948087765715e-5,0.003507413304383405,0.007917700424483589,0.04217641767940754,-0.042049604356747164
4577,10.000000000000002,-0.042116507186004744,1.690436094311812e-5,0.004111491328352538,0.025700723843641988,0.042116507186004744,-0.04181076602823343
4578,4.000000000000001,-0.04195282554579544,0.0006197814437856773,0.02489541009474793,0.014853311618605695,0.04195282554579544,-0.044939813102604795
4579,10.000000000000002,-0.04202992734752969,5.3445694520174973e-5,0.007310656230474455,0.011319942257977,0.04202992734752969,-0.04250557285278561
4580,4.000000000000001,-0.04255483211821089,0.0002325440436680835,0.015249394862357112,0.0059374499331481655,0.04255483211821089,-0.043212146936587925
4581,10.000000000000002,-0.04243432754343005,2.4262877111557415e-5,0.004925736199956045,0.005724626295358009,0.04243432754343005,-0.04237306628272842
4582,25.000000000000004,-0.04228559922474843,8.11514112767593e-6,0.0028487086772213004,0.008859234462115562,0.04228559922474843,-0.04210656252372291
4583,10.000000000000002,-0.04205557973804862,1.3314437644189788e-5,0.0036488954005547743,0.01913255031889442,0.04205557973804862,-0.04200020533467297
4584,4.000000000000001,-0.04219802901789682,2.3958563376220312e-5,0.004894748550867584,0.013345261681578029,0.04219802901789682,-0.04202979349665636
4585,1.6000000000000005,-0.042769084064172146,0.001817669361796349,0.042634133763879256,0.00782366038360635,0.042769084064172146,-0.045560341850621446
4586,4.000000000000001,-0.042594435732684975,0.00017349218197238318,0.013171643100706273,0.004316107214768268,0.042594435732684975,-0.04297498899834991
4587,10.000000000000002,-0.04233269799250773,4.1649037208638454e-5,0.006453606527255783,0.025222722753220444,0.04233269799250773,-0.04213272741460051
4588,4.000000000000001,-0.04210729196841644,0.0001617448292400539,0.012717894056802561,0.004092542003034223,0.04210729196841644,-0.042600749302437214
4589,10.000000000000002,-0.04213496587358908,2.4771859316278362e-5,0.00497713364460694,0.014502866827437124,0.04213496587358908,-0.04205965796695243
4590,4.000000000000001,-0.04210319388830924,7.813585994434696e-5,0.008839449074707482,0.02574419419125167,0.04210319388830924,-0.04230353003487586
4591,1.6000000000000005,-0.04132185450425903,0.001026152144488724,0.03203360960754695,0.00683688622995486,0.04132185450425903,-0.04392430710079048
4592,4.000000000000001,-0.041824181924130295,0.00010287889425775828,0.010142923358566714,0.0064517934109537935,0.041824181924130295,-0.042470792631135346
4593,10.000000000000002,-0.04207394332302713,2.7360736148321943e-5,0.005230749100111947,0.013213656233878698,0.04207394332302713,-0.04206395871243043
4594,4.000000000000001,-0.04260226638851822,3.2292785268513004e-5,0.005682674130065264,0.016577223217005815,0.04260226638851822,-0.041740929034535926
4595,1.6000000000000005,-0.04299339043791186,0.001138647424125778,0.03374385016748649,0.006873476655849145,0.04299339043791186,-0.0438840374119445
4596,4.000000000000001,-0.04266571506390466,0.00012404922363234096,0.011137738712698415,0.005223301023265892,0.04266571506390466,-0.042443981537075896
4597,10.000000000000002,-0.042421266318272276,4.0661518555169395e-5,0.006376638499646142,0.021613120492132952,0.042421266318272276,-0.04172202097885145
4598,4.000000000000001,-0.042039516837021514,0.0002065607283164184,0.014372220716243486,0.009238157421297381,0.042039516837021514,-0.043076677508146415
4599,10.000000000000002,-0.04202677737104356,2.1982279407026264e-5,0.004688526357719051,0.012993439045311667,0.04202677737104356,-0.042201498301972645
4600,4.000000000000001,-0.04203410603055603,0.0001206813202393218,0.010985505006112454,0.008610982005923638,0.04203410603055603,-0.04252472228384683
4601,10.000000000000002,-0.042120961375668134,1.695490708723497e-5,0.00411763367569712,0.02238199429707937,0.042120961375668134,-0.04217353510699977
4602,4.000000000000001,-0.04245486092290459,0.00013831896290607382,0.011760908251749684,0.014436774147052245,0.04245486092290459,-0.04257885115846858
4603,10.000000000000002,-0.04235800064798852,2.327116137132805e-5,0.004824019213407846,0.021693130548813697,0.04235800064798852,-0.04208850601944957
4604,4.000000000000001,-0.04225809314208194,0.00012069907394680024,0.010986313027890668,0.004271844320659879,0.04225809314208194,-0.042643505467334954
4605,10.000000000000002,-0.04224075766925442,1.4921574730048207e-5,0.0038628454188652447,0.0056608343067519745,0.04224075766925442,-0.04220353899124237
4606,4.000000000000001,-0.04236967553408675,3.980933828249708e-5,0.006309464183470501,0.010923146709847457,0.04236967553408675,-0.04229840776891271
4607,1.6000000000000005,-0.0425551157180899,4.268353271504411e-5,0.006533263557751525,0.010952063450687971,0.0425551157180899,-0.042097343899934046
4608,0.6400000000000002,-0.04350816352679532,0.00490663745872251,0.07004739437496951,0.00846799208024187,0.04350816352679532,-0.0457597901450281
4609,1.6000000000000005,-0.04274038989231665,0.0006268561757476722,0.025037095992699956,0.00536073877021108,0.04274038989231665,-0.04270152111163529
4610,4.000000000000001,-0.04236665345374673,0.00013151755367906413,0.01146811029241802,0.005753970075948691,0.04236665345374673,-0.0420281118530823
4611,10.000000000000002,-0.04201232816118607,4.6384338576457704e-5,0.006810604861277572,0.009875488911008907,0.04201232816118607,-0.04167534552800751
4612,4.000000000000001,-0.04207555535880548,0.0002454648123518978,0.015667316692781114,0.005703633946222481,0.04207555535880548,-0.042689685512029854
4613,10.000000000000002,-0.04212431927914661,5.3317704528558016e-5,0.007301897323884938,0.036189634878363366,0.04212431927914661,-0.04157936672805227
4614,4.000000000000001,-0.04249386605492351,0.000400949259932399,0.020023717435391438,0.007509321478764912,0.04249386605492351,-0.043282777854146234
4615,10.000000000000002,-0.04218205969727829,3.3788131079142375e-5,0.005812755893648242,0.021537281801121085,0.04218205969727829,-0.042124451240632
4616,4.000000000000001,-0.041528574984455405,4.092981463128806e-5,0.0063976413334359454,0.01953447739416075,0.041528574984455405,-0.0417467405373466
4617,1.6000000000000005,-0.04268005950131734,0.0016852452311501166,0.04105173846684348,0.009923600263321413,0.04268005950131734,-0.0448592991941854
4618,4.000000000000001,-0.04242662247476258,0.0002689403676954137,0.01639940144320559,0.0312846584564546,0.04242662247476258,-0.041883942741599144
4619,1.6000000000000005,-0.04227524351721712,0.0010420692538863942,0.032281097470290475,0.0065677621844829346,0.04227524351721712,-0.04393459880816661
4620,4.000000000000001,-0.04198178312635412,8.783258742578267e-5,0.009371904151546935,0.015056637876977204,0.04198178312635412,-0.042279635858760045
4621,1.6000000000000005,-0.041972995362026116,8.668580999296768e-5,0.009310521467295357,0.013459445314626223,0.041972995362026116,-0.04183291638537079
4622,0.6400000000000002,-0.043197324207218564,0.0038429769718348805,0.06199174922386753,0.0040015358262173355,0.043197324207218564,-0.04519855664810992
4623,1.6000000000000005,-0.04327702837158999,0.000497925628345631,0.02231424720544323,0.008821603397742846,0.04327702837158999,-0.04259150472506664
4624,4.000000000000001,-0.04267565657113895,8.37702232621344e-5,0.009152607457011056,0.00599321258486127,0.04267565657113895,-0.04215197555514601
4625,10.000000000000002,-0.04218714923447074,2.480355862620501e-5,0.0049803171210481174,0.01121108451940768,0.04218714923447074,-0.04191075208681637
4626,4.000000000000001,-0.041753852297724506,0.00016309788416905472,0.012770978199380606,0.008778214474334236,0.041753852297724506,-0.04254668072570768
4627,10.000000000000002,-0.04200408085030978,2.309354212511481e-5,0.004805574068216492,0.006116820239109683,0.04200408085030978,-0.042105154896585784
4628,4.000000000000001,-0.042532626311754695,0.00011882050438325716,0.01090048184179292,0.00626710847900981,0.042532626311754695,-0.04239906220369691
4629,10.000000000000002,-0.042412420826966064,1.2382464389387389e-5,0.003518872602039947,0.005302834259486446,0.042412420826966064,-0.04215041766595497
4630,4.000000000000001,-0.042115774441466136,2.9671311844074117e-5,0.005447137949792911,0.01032809471439215,0.042115774441466136,-0.04212958254846673
4631,1.6000000000000005,-0.0423051712780541,0.0011849024105894013,0.034422411458080636,0.004527254050522236,0.0423051712780541,-0.04401393987976996
4632,4.000000000000001,-0.04203115905831607,0.00016363936062155918,0.01279216012335521,0.02315835006303673,0.04203115905831607,-0.04200820789447951
4633,1.6000000000000005,-0.04236176237788356,0.0008772616544434317,0.02961860318184218,0.00616139828190142,0.04236176237788356,-0.043508454866476955
4634,4.000000000000001,-0.042252354538250804,8.040341658941148e-5,0.008966795224014624,0.003499082791633192,0.042252354538250804,-0.04235876041172302
4635,10.000000000000002,-0.04216900585920607,3.4026561152688555e-5,0.005833229050250689,0.023807613856439015,0.04216900585920607,-0.04180318364207304
4636,4.000000000000001,-0.042253913292850304,0.00019463333439530137,0.013951105131684061,0.00371808524808192,0.042253913292850304,-0.04269150023508495
4637,10.000000000000002,-0.04219372587895078,2.1215968314294286e-5,0.004606079495003781,0.008068166716353995,0.04219372587895078,-0.04208795717488805
4638,4.000000000000001,-0.04237558602780036,0.00017504667634130075,0.013230520637575105,0.013124350123140687,0.04237558602780036,-0.0427278157974101
4639,10.000000000000002,-0.04218498801668066,4.8772699806945614e-5,0.006983745399636618,0.037675496372071106,0.04218498801668066,-0.04170419002340876
4640,4.000000000000001,-0.04253009389622352,0.00028741549644249644,0.016953332900715906,0.007349484328553247,0.04253009389622352,-0.04333976952016866
4641,10.000000000000002,-0.042235451398417154,2.6337475776403777e-5,0.005132005044463984,0.00825200828109877,0.042235451398417154,-0.04219920517835999
4642,4.000000000000001,-0.0420676817848885,0.00010207124776769944,0.010103031612723948,0.006795054791331781,0.0420676817848885,-0.04253380512740499
4643,10.000000000000002,-0.042165826071687486,1.1514919498763405e-5,0.00339336403864416,0.01009634912000229,0.042165826071687486,-0.04224725241622605
4644,4.000000000000001,-0.042384484535617266,1.405074185045162e-5,0.003748431918876428,0.009258592618819513,0.042384484535617266,-0.04216770544146804
4645,1.6000000000000005,-0.04260485319356703,0.0006857210724991708,0.026186276415312865,0.004358513810879361,0.04260485319356703,-0.04317316729291922
4646,4.000000000000001,-0.04256173202962458,5.794708950342834e-5,0.0076122985689887615,0.002803564673605131,0.04256173202962458,-0.042435684824146426
4647,10.000000000000002,-0.04236579670533126,1.549331167389788e-5,0.003936154427089705,0.017628840995291908,0.04236579670533126,-0.042138114971017895
4648,4.000000000000001,-0.04196946468205306,2.4347077930552706e-5,0.004934275826355141,0.018652421565389536,0.04196946468205306,-0.04202289999741643
4649,1.6000000000000005,-0.041732670879947455,0.0004824055683437142,0.021963733023867192,0.022008921716506844,0.041732670879947455,-0.0428856302510244
4650,4.000000000000001,-0.04217749288452673,5.053218866666122e-5,0.0071085996276806325,0.01471748252727397,0.04217749288452673,-0.04246444210567388
4651,1.6000000000000005,-0.04263890993591427,0.0004149832480211936,0.020371137622165178,0.008554336639464642,0.04263890993591427,-0.04287649610848261
4652,4.000000000000001,-0.04240873278800113,8.412182358441994e-5,0.009171795003401458,0.0194697923155618,0.04240873278800113,-0.042078791647054185
4653,1.6000000000000005,-0.042139407104062845,0.0005328191985283715,0.0230828767385777,0.00507808288556491,0.042139407104062845,-0.04299738149234539
4654,4.000000000000001,-0.04220334105372074,5.369415994111682e-5,0.007327629899300102,0.01423388184862517,0.04220334105372074,-0.04222519865404294
4655,1.6000000000000005,-0.04242667299312428,0.0002652108996517824,0.01628529703910194,0.002714010002596335,0.04242667299312428,-0.04262207049183418
4656,4.000000000000001,-0.04234340831594312,3.8147772560747945e-5,0.006176388310392081,0.010387888580738134,0.04234340831594312,-0.042232842870526976
4657,1.6000000000000005,-0.04244377119986955,0.00023053210186189607,0.015183283632399682,0.002991982423095026,0.04244377119986955,-0.042588709312144764
4658,4.000000000000001,-0.04235977888350428,3.5412038478944686e-5,0.005950801498869265,0.015549086980587561,0.04235977888350428,-0.04224610672728456
4659,1.6000000000000005,-0.04210116473767307,0.00017390902664302067,0.013187457171229815,0.006135617613918304,0.04210116473767307,-0.042527489899863165
4660,4.000000000000001,-0.042128726486967846,2.346834629894248e-5,0.004844413927292184,0.0067262625409156215,0.042128726486967846,-0.04227154722071812
4661,1.6000000000000005,-0.04255192670535116,7.760573498580673e-5,0.008809411727567665,0.007110889160537895,0.04255192670535116,-0.042377742367082805
4662,4.000000000000001,-0.04227524288299341,3.84773118580592e-5,0.006203008290987462,0.014793598420597338,0.04227524288299341,-0.04213820637389528
4663,1.6000000000000005,-0.0423853337259201,0.0002066834178230863,0.014376488368968491,0.009790869454065782,0.0423853337259201,-0.04250966563261031
4664,4.000000000000001,-0.04229095239932222,2.7607163105913353e-5,0.005254251907352117,0.00885392289654554,0.04229095239932222,-0.04223701273459955
4665,1.6000000000000005,-0.042140613541574695,3.2214928338025295e-5,0.005675819618171925,0.00577449380220308,0.042140613541574695,-0.042106266368271646
4666,4.000000000000001,-0.04222657798103146,2.6497881653032604e-5,0.005147609314335403,0.0013809866288352515,0.04222657798103146,-0.042331143701084616
4667,10.000000000000002,-0.0423604561978039,6.5517028890330725e-6,0.002559629443695527,0.01240399440334121,0.0423604561978039,-0.04217192000685865
4668,4.000000000000001,-0.04238821115320188,2.4046057976624667e-5,0.0049036780049902,0.007256820025023365,0.04238821115320188,-0.04227582770790179
4669,1.6000000000000005,-0.04245599340726099,0.000347791694249759,0.018649174090285044,0.0035312757083778823,0.04245599340726099,-0.04278028463204546
4670,4.000000000000001,-0.0423387035327159,8.186436796219157e-5,0.009047893012309086,0.017492925951934128,0.0423387035327159,-0.04222605167338725
4671,1.6000000000000005,-0.041964087808067235,0.00031423578378006483,0.017726696922440593,0.007120647174357924,0.041964087808067235,-0.042746706337257974
4672,4.000000000000001,-0.0420943647015111,3.052464746009992e-5,0.005524911534142417,0.010447896230971494,0.0420943647015111,-0.04232358181612092
4673,1.6000000000000005,-0.04241625292402716,7.666613228160505e-5,0.008755919842118534,0.0065396382008904115,0.04241625292402716,-0.042343247794406895
4674,4.000000000000001,-0.04233298448273185,1.9882977550454833e-5,0.004459033252898529,0.0013803719031251858,0.04233298448273185,-0.0422636954924909
4675,10.000000000000002,-0.04231578445637847,8.684579180265603e-6,0.002946961007591652,0.001699504807949844,0.04231578445637847,-0.04216143962369792
4676,25.000000000000004,-0.04224142664041835,6.774733694577685e-6,0.0026028318606044617,0.024332927164360495,0.04224142664041835,-0.041942771040031857
4677,10.000000000000002,-0.042296707065805635,5.4222334889874536e-5,0.007363581661791668,0.018469673556097597,0.042296707065805635,-0.0425009773344774
4678,4.000000000000001,-0.04231573076334055,0.0001612941026322998,0.012700161519929571,0.004727005513939524,0.04231573076334055,-0.042844171554575115
4679,10.000000000000002,-0.042256155318534175,1.7874233652823572e-5,0.004227793000233523,0.01062313584645214,0.042256155318534175,-0.04235581939091524
4680,4.000000000000001,-0.04224934830280305,2.858334424024437e-5,0.0053463393308173365,0.011550869712247391,0.04224934830280305,-0.04227746974343516
4681,1.6000000000000005,-0.04233974355005478,0.0005234748977726484,0.02287957381099238,0.011339299892121959,0.04233974355005478,-0.04303080754432341
4682,4.000000000000001,-0.042464631244348024,7.701980759907591e-5,0.008776092957522495,0.016599597368066266,0.042464631244348024,-0.04237109087511147
4683,1.6000000000000005,-0.04202128383308956,0.00048415093107034076,0.022003429984217022,0.004176954075533408,0.04202128383308956,-0.04292453671394369
4684,4.000000000000001,-0.042133283910808596,6.294102159979257e-5,0.007933537773263109,0.008674829857342267,0.042133283910808596,-0.042350143260851444
4685,10.000000000000002,-0.04206313826649494,4.5637203457409025e-5,0.006755531323101761,0.0460634316108505,0.04206313826649494,-0.04168120504373624
4686,4.000000000000001,-0.0423253867321693,0.0001597224867746708,0.012638136206524712,0.02793497689896713,0.0423253867321693,-0.04219059965376518
4687,1.6000000000000005,-0.042654280782959506,0.0013570955266476363,0.036838777485791195,0.006103063521051978,0.042654280782959506,-0.04443347945401044
4688,4.000000000000001,-0.042433591612862705,0.00014117018867759273,0.011881506161997844,0.007871621865947849,0.042433591612862705,-0.042318379529843
4689,10.000000000000002,-0.04216878450583794,3.982851606505202e-5,0.006310983763649849,0.007218624458005258,0.04216878450583794,-0.04189114852086761
4690,25.000000000000004,-0.042137896621644216,2.270734965808027e-5,0.00476522293896941,0.055162731096143565,0.042137896621644216,-0.0411444668173411
4691,10.000000000000002,-0.04206141690151499,0.00012054063393999371,0.010979099869296832,0.023380284446355797,0.04206141690151499,-0.042869199563049756
4692,4.000000000000001,-0.04276620595971043,0.0005902904300051288,0.024295893274484243,0.01748552327524328,0.04276620595971043,-0.044404464142357214
4693,10.000000000000002,-0.04210194322844576,0.00012837672476859288,0.011330345306679443,0.07320022986900232,0.04210194322844576,-0.041420183279882256
4694,4.000000000000001,-0.04201856815112794,0.000615940036902582,0.024818139271560673,0.007623040923038983,0.04201856815112794,-0.04439182040350802
4695,10.000000000000002,-0.042005854641532385,5.444926020830727e-5,0.007378974197563458,0.010179281149059773,0.042005854641532385,-0.04211669422162092
4696,4.000000000000001,-0.04192984757808002,0.0002451137881659701,0.01565611025018571,0.0075893871444201975,0.04192984757808002,-0.04293141679918772
4697,10.000000000000002,-0.042139086323122354,2.569457679026267e-5,0.005068981829742801,0.012023787225932892,0.042139086323122354,-0.042147617440090275
4698,4.000000000000001,-0.04198390924823077,2.8970922335616088e-5,0.005382464336678515,0.012017912502902186,0.04198390924823077,-0.04190947355705292
4699,1.6000000000000005,-0.04283060697636081,0.0017338025266370486,0.04163895443736609,0.017358819052902128,0.04283060697636081,-0.04487132321101221
4700,4.000000000000001,-0.04266760071628729,0.00023236019561577467,0.015243365626257695,0.006773357412620782,0.04266760071628729,-0.04257479582646203
4701,10.000000000000002,-0.04236674436801384,5.439803384946819e-5,0.00737550227777527,0.01123813335763967,0.04236674436801384,-0.041765055306158004
4702,4.000000000000001,-0.04175682262854731,0.00032295300196053596,0.01797089318761135,0.008255146019393578,0.04175682262854731,-0.04309431821129826
4703,10.000000000000002,-0.04183403206797594,3.474124269534422e-5,0.005894170229586538,0.014834693111020245,0.04183403206797594,-0.04208073686913507
4704,4.000000000000001,-0.04211806834246232,3.675284606178803e-5,0.00606241256116639,0.020372593488626797,0.04211806834246232,-0.04170688674348999
4705,1.6000000000000005,-0.04316216923801437,0.001771718453445815,0.04209178605673339,0.010293097110566857,0.04316216923801437,-0.044975901722357374
4706,4.000000000000001,-0.04299143098567668,0.00018802666312015063,0.013712281470278774,0.008280616759020058,0.04299143098567668,-0.04247984825524682
4707,10.000000000000002,-0.04244063325866951,4.2255581888668124e-5,0.006500429361870501,0.013572252836675885,0.04244063325866951,-0.04197108930480439
4708,4.000000000000001,-0.04175243466459418,0.00016537085713840853,0.012859660070873124,0.008216894344143447,0.04175243466459418,-0.04253827404189625
4709,10.000000000000002,-0.041786743446778275,2.254476562838228e-5,0.004748132857069427,0.015375334828676703,0.041786743446778275,-0.042064423478709
4710,4.000000000000001,-0.04227761393127614,2.797252816287055e-5,0.005288906140486003,0.013891804436567675,0.04227761393127614,-0.0419175447687064
4711,1.6000000000000005,-0.04239303548900304,3.1938728292480676e-5,0.005651435949604372,0.015370002171149305,0.04239303548900304,-0.04177709807008157
4712,0.6400000000000002,-0.04418567351932748,0.005125627923550069,0.07159349079036494,0.029279808893194256,0.04418567351932748,-0.045944095961402906
4713,1.6000000000000005,-0.043237943588054474,0.0011702207501694427,0.034208489445888175,0.006492691172057228,0.043237943588054474,-0.04393385475911968
4714,4.000000000000001,-0.042511900351004425,0.00016658338620994373,0.01290671864611388,0.00895726248186162,0.042511900351004425,-0.04211674684084835
4715,10.000000000000002,-0.04226843882019333,4.6165383403064345e-5,0.006794511270361125,0.01176962895618922,0.04226843882019333,-0.041872177174461525
4716,4.000000000000001,-0.041827208414976544,0.00021147751362551105,0.014542266454219268,0.0075509490321796335,0.041827208414976544,-0.04270429424201797
4717,10.000000000000002,-0.041935127588035505,2.4437431044033186e-5,0.004943423008810109,0.0028757573863710637,0.041935127588035505,-0.04210040806246487
4718,25.000000000000004,-0.04214470685942546,2.0442891092116997e-5,0.004521381546841297,0.0312046438000202,0.04214470685942546,-0.04136692232661745
4719,10.000000000000002,-0.042154840220354005,0.00017122243299274198,0.013085199004705355,0.014851003901073849,0.042154840220354005,-0.04313266670422921
4720,25.000000000000004,-0.042134747734078735,1.544207610364033e-5,0.00392964070923034,0.014596500005218649,0.042134747734078735,-0.04178675727199088
4721,10.000000000000002,-0.04195311239528616,6.313943302476541e-5,0.007946032533583374,0.035819202476205333,0.04195311239528616,-0.04223993019983984
4722,4.000000000000001,-0.042574449532527814,0.0006383170601389542,0.02526493736661451,0.012607849061086734,0.042574449532527814,-0.044362370907234126
4723,10.000000000000002,-0.0421700246865953,0.00012030938084010837,0.010968563298814862,0.03744439844607974,0.0421700246865953,-0.04129344532358146
4724,4.000000000000001,-0.04230712123185902,0.0006239522391586875,0.024979035993382283,0.00689000735686323,0.04230712123185902,-0.04462456810380735
4725,10.000000000000002,-0.04214302650191208,5.489351760359683e-5,0.0074090159672926086,0.009454095256484945,0.04214302650191208,-0.04227005053983788
4726,4.000000000000001,-0.04213547164631085,0.0002864799577009679,0.016925718823759536,0.024804238717662925,0.04213547164631085,-0.04290560871364955
4727,1.6000000000000005,-0.04206343157966978,0.0014297367182257072,0.03781185949177463,0.012478163782746887,0.04206343157966978,-0.04395687938279553
4728,4.000000000000001,-0.042069770847392274,0.00012356078375088113,0.011115789839272833,0.003995888370882719,0.042069770847392274,-0.0424781939916067
4729,10.000000000000002,-0.04187862683479701,5.246757036920652e-5,0.00724345017027152,0.02692552686894328,0.04187862683479701,-0.04157509960535725
4730,4.000000000000001,-0.042649565713126704,0.00029711885896462027,0.017237136042992186,0.010210556370222949,0.042649565713126704,-0.04306001752616626
4731,10.000000000000002,-0.04244907669577921,3.249759387258156e-5,0.005700666090254854,0.014779490473964707,0.04244907669577921,-0.04216893291891959
4732,4.000000000000001,-0.04183297466792894,3.883175766129082e-5,0.006231513272174811,0.015498522012284067,0.04183297466792894,-0.04186958271651194
4733,1.6000000000000005,-0.0423414784160161,0.001327697916138381,0.03643758932940516,0.009944555411528949,0.0423414784160161,-0.04437194247528706
4734,4.000000000000001,-0.04242522621695081,0.00014115625063863748,0.011880919604081053,0.004695522105655152,0.04242522621695081,-0.04242251798282732
4735,10.000000000000002,-0.04222417896865523,3.373676069252456e-5,0.005808335449380016,0.012889605761311033,0.04222417896865523,-0.04198876037075318
4736,4.000000000000001,-0.04253760507761099,0.0001306625626370977,0.011430772617679772,0.02770724913906986,0.04253760507761099,-0.04241018595435685
4737,1.6000000000000005,-0.042383685809085074,0.00012221984418021826,0.01105530841633187,0.009961197129991568,0.042383685809085074,-0.0419269944350686
4738,4.000000000000001,-0.04203014465503033,9.681222351384351e-5,0.009839320277023384,0.004420815262843587,0.04203014465503033,-0.04253689691972994
4739,10.000000000000002,-0.04199855592140867,1.9454394451936043e-5,0.004410713598947005,0.018984071086643774,0.04199855592140867,-0.04206788798787571
4740,4.000000000000001,-0.042350289795182856,3.239742176951682e-5,0.005691873309334706,0.017752660445234283,0.042350289795182856,-0.04197317464347164
4741,1.6000000000000005,-0.041706279794525,0.001299492097686395,0.03604846872873236,0.013702443551062163,0.041706279794525,-0.04414794238478165
4742,4.000000000000001,-0.04246162732005992,0.0001573794627604462,0.012545097160263296,0.007399187701736059,0.04246162732005992,-0.042493605868425474
4743,10.000000000000002,-0.042440442769694366,3.5912560297786965e-5,0.005992708928171547,0.027627266999271878,0.042440442769694366,-0.041955177981670026
4744,4.000000000000001,-0.04226743788828957,0.00016164953427077268,0.012714147013102086,0.004946846811768004,0.04226743788828957,-0.042643442144474186
4745,10.000000000000002,-0.04209814789078305,1.979826615192769e-5,0.004449524261303414,0.006508256723305241,0.04209814789078305,-0.0421147139774587
4746,4.000000000000001,-0.04189325286752318,2.6392873891237004e-5,0.005137399526145207,0.0031433788373873674,0.04189325286752318,-0.04195735998220155
4747,10.000000000000002,-0.042080405741987244,2.108579725658269e-5,0.0045919274010575006,0.01509800689542281,0.042080405741987244,-0.04211701978128361
4748,4.000000000000001,-0.042329500386160436,5.67955000279573e-5,0.0075362789245062645,0.01757448570878973,0.042329500386160436,-0.04219798586355937
4749,1.6000000000000005,-0.04386258608427154,0.0016112382955419348,0.040140232878521455,0.006634536532355765,0.04386258608427154,-0.044542406319102903
4750,4.000000000000001,-0.043150084122721054,0.0001449649508979515,0.012040139156087504,0.011002145740444322,0.043150084122721054,-0.042624922814566736
4751,10.000000000000002,-0.04254343338588737,4.031364208096105e-5,0.006349302487751001,0.02771449530722837,0.04254343338588737,-0.04183489925997752
4752,4.000000000000001,-0.04131112860580033,0.0001490988896265312,0.012210605620792575,0.01153079255441199,0.04131112860580033,-0.04272509980827531
4753,10.000000000000002,-0.041562164330510895,2.0390693019962105e-5,0.00451560549870802,0.007661973834044347,0.041562164330510895,-0.042134291907794004
4754,4.000000000000001,-0.042181229428381525,0.00015654110391200617,0.012511638738071292,0.013002051080720825,0.042181229428381525,-0.042534664238046596
4755,10.000000000000002,-0.0422940028112734,2.297073013348208e-5,0.004792778957294201,0.01511753903903182,0.0422940028112734,-0.042108813131467505
4756,4.000000000000001,-0.04258372492850864,0.0001352912102737793,0.011631474982725935,0.006034136239762137,0.04258372492850864,-0.0425325489390273
4757,10.000000000000002,-0.042346691975162255,2.1693721121544664e-5,0.0046576518892618695,0.019719717789088688,0.042346691975162255,-0.042051232574712535
4758,4.000000000000001,-0.042332797727444846,5.2949107410097015e-5,0.007276613732368719,0.014215381416679333,0.042332797727444846,-0.042129748570081144
4759,1.6000000000000005,-0.04218301096977527,0.0014554039495549257,0.03814975687412602,0.006900281771449359,0.04218301096977527,-0.044251302276918286
4760,4.000000000000001,-0.04230962033382872,0.00012477757503461618,0.011170388311720241,0.010613341328150202,0.04230962033382872,-0.042438663522842694
4761,10.000000000000002,-0.04225420175765132,2.64050131544172e-5,0.005138580850236493,0.004689575602584829,0.04225420175765132,-0.04202299678598512
4762,25.000000000000004,-0.04225566550419905,2.1048802101955607e-5,0.004587897350852088,0.04473709417882511,0.04225566550419905,-0.04129485771521803
4763,10.000000000000002,-0.041821402730080656,0.0001141216040406524,0.010682771365177316,0.016340179204416088,0.041821402730080656,-0.04283864460368593
4764,4.000000000000001,-0.042411703854374844,0.0004966422784359809,0.022285472362864128,0.00935923944841693,0.042411703854374844,-0.044092760934019745
4765,10.000000000000002,-0.04233308489763925,6.095712970680075e-5,0.007807504704244549,0.020013695785236093,0.04233308489763925,-0.04221488469774988
4766,4.000000000000001,-0.042263985676429985,0.00014125152995922755,0.01188492868969888,0.03397907758854093,0.042263985676429985,-0.04221035779674947
4767,1.6000000000000005,-0.04251336429468348,0.001981392593307543,0.04451283627570302,0.019034685910000675,0.04251336429468348,-0.04540998223438781
4768,4.000000000000001,-0.0422138671026757,0.00021761510984106641,0.014751783276643757,0.00700095156114606,0.0422138671026757,-0.04254848724098847
4769,10.000000000000002,-0.042142727430259104,5.054617106195674e-5,0.007109583044170505,0.011385953463776697,0.042142727430259104,-0.04170835769938114
4770,4.000000000000001,-0.041838829662541016,0.00028188113210448257,0.016789316010620642,0.013141947080154344,0.041838829662541016,-0.042812118236046894
4771,10.000000000000002,-0.04203247285595696,2.998272053605782e-5,0.005475647955818363,0.015452593262826091,0.04203247285595696,-0.042063216383757
4772,4.000000000000001,-0.04244857675824714,9.076212265653185e-5,0.009526915694837015,0.016225717312878436,0.04244857675824714,-0.04222144651893412
4773,1.6000000000000005,-0.0424075660006013,0.0019476701651497683,0.04413241626230959,0.00597429694861835,0.0424075660006013,-0.04509477407380944
4774,4.000000000000001,-0.04240894887750017,0.00020227083300793918,0.01422219508402058,0.006235735096270448,0.04240894887750017,-0.042573393804868145
4775,10.000000000000002,-0.04217677725070108,4.2560009295330374e-5,0.006523803284536588,0.012453765695828362,0.04217677725070108,-0.04186317385638241
4776,4.000000000000001,-0.04174583647524461,4.4488261342861114e-5,0.006669952124480439,0.0308103200798813,0.04174583647524461,-0.041268061053558826
4777,1.6000000000000005,-0.04245312039389122,0.0017267417603790815,0.04155408235515593,0.01597948844655952,0.04245312039389122,-0.04499072117641002
4778,4.000000000000001,-0.042728787484877996,0.00019456903688884431,0.013948800553769644,0.00601569870586663,0.042728787484877996,-0.042548199003886664
4779,10.000000000000002,-0.042251963374069605,4.730274632842696e-5,0.006877699203107603,0.012814703311502054,0.042251963374069605,-0.041746670123242735
4780,4.000000000000001,-0.041834165055479926,0.00021174846753098796,0.014551579554501565,0.00484977695258232,0.041834165055479926,-0.04273497418795933
4781,10.000000000000002,-0.04190754842948428,3.421497748359387e-5,0.005849357014543895,0.020360902266127343,0.04190754842948428,-0.04190652528778701
4782,4.000000000000001,-0.04221591889330811,0.00017752957858120812,0.013324022612604952,0.020980194991464817,0.04221591889330811,-0.04263197836353456
4783,1.6000000000000005,-0.04309878727532072,0.001238857032928018,0.03519740093995603,0.025895998702755215,0.04309878727532072,-0.04413178097545308
4784,4.000000000000001,-0.04277871589221192,0.00011110631281442674,0.010540697928241125,0.013974759363802339,0.04277871589221192,-0.04245580071785686
4785,1.6000000000000005,-0.04189840014846586,0.0003350648205567075,0.018304775894741446,0.014441602106694332,0.04189840014846586,-0.04277288400593458
4786,4.000000000000001,-0.04194691514667454,5.357145651475241e-5,0.007319252456006174,0.0015434032871780527,0.04194691514667454,-0.042237624948271255
4787,10.000000000000002,-0.042185655224745,2.028064164637344e-5,0.004503403340405281,0.006267617207707231,0.042185655224745,-0.041949952086166614
4788,4.000000000000001,-0.042327526788435134,3.6667133595243476e-5,0.006055339263430537,0.009226072726701345,0.042327526788435134,-0.04184549995725415
4789,1.6000000000000005,-0.04248860384446686,0.0007793383579089404,0.02791663228093497,0.010331105638676664,0.04248860384446686,-0.04325112856019851
4790,4.000000000000001,-0.04241188539013109,9.807401752144271e-5,0.009903232680364665,0.011199465810428251,0.04241188539013109,-0.04235242283496959
4791,10.000000000000002,-0.042010448068858904,3.21854958411958e-5,0.005673226228628275,0.030564012728018244,0.042010448068858904,-0.04182664515046863
4792,4.000000000000001,-0.04250248052807792,0.00024047734632702905,0.015507332018339875,0.0068380692967490424,0.04250248052807792,-0.042957811391733804
4793,10.000000000000002,-0.04232990984288402,3.1754173640685714e-5,0.005635084173345214,0.006117757852013288,0.04232990984288402,-0.04209224983630591
4794,25.000000000000004,-0.04219308333877726,9.652644166126182e-6,0.003106870477848438,0.024389542738103637,0.04219308333877726,-0.04182783291058018
4795,10.000000000000002,-0.04205461814391989,1.1115519333696813e-5,0.0033339945011497565,0.021444040858098392,0.04205461814391989,-0.04152536059465527
4796,4.000000000000001,-0.042352986667048065,0.00047445638672288814,0.021782019803564777,0.02698150750918838,0.042352986667048065,-0.043828737127116664
4797,10.000000000000002,-0.04231834836284511,6.902153900570899e-5,0.008307920257543941,0.02079551613972592,0.04231834836284511,-0.04229827251576808
4798,4.000000000000001,-0.04175002153722594,0.00039250730092325555,0.019811797013982745,0.015550254663307644,0.04175002153722594,-0.04361159111027407
4799,10.000000000000002,-0.04167843838631484,0.00038934244341263385,0.01973176229870596,0.19054313754549956,0.04167843838631484,-0.03811659217526211
4800,4.000000000000001,-0.04210020141484629,0.001665851263154727,0.040814841211925926,0.02236655783015541,0.04210020141484629,-0.05009962261560805
4801,10.000000000000002,-0.042061496062145695,0.00013693937930817714,0.011702110036577897,0.025725316860767962,0.042061496062145695,-0.042306667743612185
4802,4.000000000000001,-0.04271878826331347,0.00030234899237888385,0.01738818542513519,0.006987698457221746,0.04271878826331347,-0.04332298276063563
4803,10.000000000000002,-0.04246420539772475,3.2002386049111925e-5,0.005657065144499569,0.009450583718416214,0.04246420539772475,-0.042201995067178776
4804,4.000000000000001,-0.04193310926291089,4.3914185442812405e-5,0.006626777908064553,0.01676725161822344,0.04193310926291089,-0.041957715442139214
4805,1.6000000000000005,-0.04222888187335407,0.0016094325470182669,0.04011773357280128,0.007466451145972735,0.04222888187335407,-0.044991558458614314
4806,4.000000000000001,-0.042161471390004215,0.00014772345064323838,0.01215415363747054,0.006042476362911887,0.042161471390004215,-0.042676354150040736
4807,10.000000000000002,-0.04217488877006932,5.9456128589474295e-5,0.007710780024710489,0.023797249659316132,0.04217488877006932,-0.041613307976809226
4808,4.000000000000001,-0.04193338969729993,8.423753990592197e-5,0.00917810110567115,0.02613601860388779,0.04193338969729993,-0.04121705159227847
4809,1.6000000000000005,-0.04276668477276079,0.0023811123656391304,0.04879664297509748,0.009235117784893044,0.04276668477276079,-0.046282479055725724
4810,4.000000000000001,-0.04314765784258625,0.00026943683434825223,0.016414531194897167,0.020413640092268683,0.04314765784258625,-0.042544555873027835
4811,10.000000000000002,-0.04240883619902242,8.72780215279815e-5,0.009342270683724676,0.023014071815266438,0.04240883619902242,-0.04145474039228352
4812,4.000000000000001,-0.041237745536873004,0.0004457195224612767,0.02111207053941599,0.011214769122698354,0.041237745536873004,-0.04296798513530028
4813,10.000000000000002,-0.04121427840092275,6.577052053648093e-5,0.008109902621886463,0.02679908255879905,0.04121427840092275,-0.0416641099016211
4814,4.000000000000001,-0.042661018246485015,0.0003203743149534104,0.01789900318323371,0.014373885272153695,0.042661018246485015,-0.0428698099793025
4815,10.000000000000002,-0.042538795647809324,3.931161069681811e-5,0.006269897183911241,0.022763607041574287,0.042538795647809324,-0.04181770769878543
4816,4.000000000000001,-0.042049488904888535,0.0003797944134706691,0.019488314792989903,0.008528416581735141,0.042049488904888535,-0.043087639683557964
4817,10.000000000000002,-0.04217443976443908,4.430144287560523e-5,0.0066559329079855685,0.009408152121518866,0.04217443976443908,-0.0421320917395345
4818,4.000000000000001,-0.042362353754454234,0.0002327384080101013,0.015255766385537677,0.0038847831852498217,0.042362353754454234,-0.04295342445613226
4819,10.000000000000002,-0.04224509111380813,2.601489023187075e-5,0.005100479411964207,0.005690167402926745,0.04224509111380813,-0.042112006945780586
4820,25.000000000000004,-0.04218051650753283,1.231103709365871e-5,0.0035087087501898344,0.037317422815310745,0.04218051650753283,-0.041654581733945935
4821,10.000000000000002,-0.04230981369429174,7.283589050894189e-5,0.008534394560186556,0.01126052148117629,0.04230981369429174,-0.04268900659265168
4822,4.000000000000001,-0.042684778264960026,7.104998809578556e-5,0.008429115499018005,0.029764928499436228,0.042684778264960026,-0.041715028782855226
4823,1.6000000000000005,-0.04091710826728199,0.0035023183637386797,0.05918038833717366,0.007856697080902522,0.04091710826728199,-0.047906338259747785
4824,4.000000000000001,-0.041391668907720995,0.0003503884860323094,0.018718666780310755,0.008292286098641318,0.041391668907720995,-0.04291883298181017
4825,10.000000000000002,-0.04201092338521708,5.9302515087261115e-5,0.007700812625123476,0.01627388165032407,0.04201092338521708,-0.04188756380943614
4826,4.000000000000001,-0.0425404171168313,0.00020959377808281115,0.014477353973803748,0.033570684231849356,0.0425404171168313,-0.04264573518356014
4827,1.6000000000000005,-0.04259295890552922,0.0011508109294871968,0.033923604311558594,0.00594180291544784,0.04259295890552922,-0.04395152090075178
4828,4.000000000000001,-0.04265704097123285,0.00011958188740237415,0.010935350355721308,0.0020160063610610173,0.04265704097123285,-0.04258360837533915
4829,10.000000000000002,-0.042334778602141306,5.2475039270724756e-5,0.007243965714353206,0.019643075089832353,0.042334778602141306,-0.04167967479170691
4830,4.000000000000001,-0.041787177443104985,0.0001599787544265119,0.012648270807763087,0.02584452796138091,0.041787177443104985,-0.042241360229844406
4831,1.6000000000000005,-0.042752230998423645,0.0014119737209083664,0.03757623878075567,0.018979245005673977,0.042752230998423645,-0.0445820481954422
4832,4.000000000000001,-0.04282319758859819,0.00015467393482616448,0.012436797611369435,0.006139841052428172,0.04282319758859819,-0.04244972892769624
4833,10.000000000000002,-0.04230590313697631,6.248305039513898e-5,0.007904622090596045,0.022428518302992025,0.04230590313697631,-0.041499703640020535
4834,4.000000000000001,-0.04113883161703962,0.0002490912205284133,0.015782624006432305,0.010410924134406443,0.04113883161703962,-0.04287167067586314
4835,10.000000000000002,-0.04144806517382993,3.522786958073581e-5,0.005935307033400699,0.013216171721645967,0.04144806517382993,-0.041921958361098334
4836,4.000000000000001,-0.0428396086619008,0.0002324268604484262,0.015245552152953536,0.014898832482652639,0.0428396086619008,-0.042792164160551545
4837,10.000000000000002,-0.042708563294881534,3.806893203306577e-5,0.006170002595871883,0.014433264757548886,0.042708563294881534,-0.04216667949735082
4838,4.000000000000001,-0.04240601038188257,0.0001155091664477294,0.010747519083385216,0.01517637161122417,0.04240601038188257,-0.04243697375439213
4839,1.6000000000000005,-0.04278560239039999,0.001134552654206539,0.03368312120642235,0.008624838483435116,0.04278560239039999,-0.044199167363171823
4840,4.000000000000001,-0.04232554763849246,0.00012091364179094301,0.010996073926222169,0.00684958759227085,0.04232554763849246,-0.04260636634758167
4841,10.000000000000002,-0.04201285264719112,3.377534194734193e-5,0.0058116556975909995,0.007170701131969245,0.04201285264719112,-0.04200372463607641
4842,25.000000000000004,-0.041886196638574555,2.2363467485207083e-5,0.004729002800295965,0.0351981522892929,0.041886196638574555,-0.04124544672411869
4843,10.000000000000002,-0.0426941928098487,0.00015060473781648674,0.012272112198659476,0.024131370288123982,0.0426941928098487,-0.04328564264404516
4844,4.000000000000001,-0.043243920259643374,0.00036729567913162974,0.019164959669449602,0.013604219622500822,0.043243920259643374,-0.04374200574050462
4845,10.000000000000002,-0.04259156097936473,4.202122443683455e-5,0.0064823779924372315,0.015231450999570139,0.04259156097936473,-0.04247527004150271
4846,4.000000000000001,-0.04159708257701186,6.238911998527645e-5,0.007898678369529706,0.016797128041679873,0.04159708257701186,-0.04221202030188472
4847,1.6000000000000005,-0.041563829384872394,0.00014551460795500352,0.012062943585833581,0.019515329170412304,0.041563829384872394,-0.042236286611457625
4848,0.6400000000000002,-0.03789710999695942,0.007337404134449482,0.08565864891795505,0.007389826530020933,0.03789710999695942,-0.04819388796325823
4849,1.6000000000000005,-0.04083300814826408,0.0010770045449860228,0.03281774740877293,0.014956590774834466,0.04083300814826408,-0.043354496886714666
4850,4.000000000000001,-0.04215843845914294,0.0002382554141256532,0.015435524420169636,0.010493371342333272,0.04215843845914294,-0.04207789445072461
4851,10.000000000000002,-0.042068438547168255,7.186306910370629e-5,0.008477208803828433,0.013103402546937317,0.042068438547168255,-0.041393021144821546
4852,4.000000000000001,-0.042740049086457184,0.00038089492931856064,0.01951652964331929,0.006067877836480683,0.042740049086457184,-0.04316489357093762
4853,10.000000000000002,-0.042337033845382906,4.334607779828199e-5,0.0065837738264829535,0.009119332053806866,0.042337033845382906,-0.04207290323008708
4854,4.000000000000001,-0.042025395124863904,0.0001741570350503562,0.013196857014090749,0.004753248078498265,0.042025395124863904,-0.04273850533629165
4855,10.000000000000002,-0.04203576553412022,2.4064910802952392e-5,0.004905599943223295,0.009298879026326565,0.04203576553412022,-0.04209575380613216
4856,4.000000000000001,-0.042259957449893415,0.0001628105471428835,0.012759723631132593,0.0046643305633630745,0.042259957449893415,-0.042533668722334335
4857,10.000000000000002,-0.04231411911120027,2.297148055643458e-5,0.004792857243485829,0.003836790017106686,0.04231411911120027,-0.042105859082615674
4858,25.000000000000004,-0.04226923764625199,1.0110446300890265e-5,0.0031796927997670256,0.02187636367490994,0.04226923764625199,-0.041761179413164894
4859,10.000000000000002,-0.041882250199676126,2.9831665913629705e-5,0.005461837228774738,0.017585494998357043,0.041882250199676126,-0.04175530443572143
4860,4.000000000000001,-0.04283937303087962,0.0008727230703194496,0.029541886708865595,0.014532727518437726,0.04283937303087962,-0.04511310419933352
4861,10.000000000000002,-0.04244762585888281,7.182116149009165e-5,0.00847473666199084,0.007682101125405811,0.04244762585888281,-0.042249626214458984
4862,25.000000000000004,-0.042188401167909076,2.1094169982988932e-5,0.004592838989447478,0.043859675629574366,0.042188401167909076,-0.04155764741393415
4863,10.000000000000002,-0.041851261836638,2.992345990769463e-5,0.005470233990214187,0.029971888328340326,0.041851261836638,-0.04110506754687439
4864,4.000000000000001,-0.04095609629203053,0.0006956356239528328,0.026374905193248237,0.03246112487048011,0.04095609629203053,-0.043811400483280805
4865,10.000000000000002,-0.04181459406593438,9.109013970071173e-5,0.00954411544883609,0.01977153293616805,0.04181459406593438,-0.04274286889753913
4866,4.000000000000001,-0.042983666320182,0.0005227155358765673,0.022862973032319468,0.010115823739160118,0.042983666320182,-0.04430288287377031
4867,10.000000000000002,-0.04276246257134217,8.596679907472453e-5,0.009271828248771896,0.04100937317301756,0.04276246257134217,-0.04186445355423204
4868,4.000000000000001,-0.041891515705964576,0.0004212490388119735,0.02052435233599281,0.00786045220288749,0.041891515705964576,-0.04363434814996727
4869,10.000000000000002,-0.041709987769864294,3.777295155219461e-5,0.006145970350741582,0.005263775875196945,0.041709987769864294,-0.04215181051073095
4870,25.000000000000004,-0.041932907209484775,1.0140894999073818e-5,0.0031844771939949293,0.026631875975914206,0.041932907209484775,-0.04191726056710409
4871,10.000000000000002,-0.04253868840916111,2.5314816086736124e-5,0.00503138311865993,0.027680251785390284,0.04253868840916111,-0.04217751030696842
4872,4.000000000000001,-0.04361078751370443,0.0003125345726621923,0.017678647365174528,0.02136153956157,0.04361078751370443,-0.04354241139770451
4873,10.000000000000002,-0.042826261070990995,4.879442264755575e-5,0.006985300469382527,0.01416962519348873,0.042826261070990995,-0.04231834842156432
4874,4.000000000000001,-0.041780442776532964,0.0002057908434366317,0.014345411929834281,0.008516278940322171,0.041780442776532964,-0.04272220473651483
4875,10.000000000000002,-0.0418295451808482,2.7179126232968897e-5,0.0052133603590169076,0.008106385411008044,0.0418295451808482,-0.04225575200274641
4876,4.000000000000001,-0.04227775742693096,0.00014310970233869262,0.011962846748942855,0.009649437179127354,0.04227775742693096,-0.04280861351607801
4877,10.000000000000002,-0.042187020500931975,3.099075423108839e-5,0.005566934006352903,0.020898924620216003,0.042187020500931975,-0.042155374120156096
4878,4.000000000000001,-0.04201422585633587,0.0001825877124330821,0.013512502078929798,0.009879428820787978,0.04201422585633587,-0.04272514222781225
4879,10.000000000000002,-0.04228247015275115,2.3815309303899646e-5,0.004880093165493836,0.005892776714808539,0.04228247015275115,-0.04223982548620193
4880,25.000000000000004,-0.04226336053521439,8.316640721751059e-6,0.002883858651486071,0.0033464664826894025,0.04226336053521439,-0.04196101010190711
4881,62.50000000000001,-0.042228439486181754,4.314023623030892e-6,0.0020770227786499817,0.015265608184984245,0.042228439486181754,-0.041787672499848424
4882,25.000000000000004,-0.04214330392248546,5.751404835148827e-6,0.0023982086721444458,0.027865971000684598,0.04214330392248546,-0.041555904509267966
4883,10.000000000000002,-0.042208422610826704,0.0002776876377738705,0.0166639622471329,0.012443614659342593,0.042208422610826704,-0.04409999371473425
4884,25.000000000000004,-0.04214427886807219,3.416744502808472e-5,0.0058452925528227175,0.009651698990503405,0.04214427886807219,-0.04197916953557984
4885,10.000000000000002,-0.04233765050100113,0.00011824239008097513,0.010873931675386559,0.008983190398942685,0.04233765050100113,-0.04315644696125469
4886,25.000000000000004,-0.04223066840365139,1.5138429236557949e-5,0.0038908134415001124,0.012237510744531738,0.04223066840365139,-0.042164868567282035
4887,10.000000000000002,-0.042127275802229074,7.857713427827107e-5,0.008864374443708425,0.016393558587975764,0.042127275802229074,-0.04274947167733726
4888,4.000000000000001,-0.04175590671789936,0.0005203288757105067,0.02281071843915721,0.012522938254179605,0.04175590671789936,-0.04417971286480291
4889,10.000000000000002,-0.04196610337470282,5.595889959532824e-5,0.00748056813319204,0.013540411356393594,0.04196610337470282,-0.04254638232954849
4890,4.000000000000001,-0.042904314731649,0.00028825078171508273,0.01697794986784573,0.010906378749498792,0.042904314731649,-0.04318122356734758
4891,10.000000000000002,-0.04258937692233031,3.4546278816956045e-5,0.005877608256506727,0.015512184061469805,0.04258937692233031,-0.0422879557085528
4892,4.000000000000001,-0.04221253562741918,0.00013685608090663765,0.011698550376291828,0.006281819765475896,0.04221253562741918,-0.042648467458689575
4893,10.000000000000002,-0.04215962860696564,1.9488126069145405e-5,0.004414535770513747,0.008757451418279718,0.04215962860696564,-0.04224420820590361
4894,4.000000000000001,-0.04217853561171665,2.0987960190043744e-5,0.004581261855651098,0.016017526740194188,0.04217853561171665,-0.04198768947860185
4895,1.6000000000000005,-0.042583831769218296,0.0018254969175393872,0.04272583431062976,0.006847782287825496,0.042583831769218296,-0.04439344516599908
4896,4.000000000000001,-0.04243841836935513,0.00026584009476239047,0.016304603483752386,0.04021709669462769,0.04243841836935513,-0.041815098344657964
4897,1.6000000000000005,-0.041720615532719565,0.0011971252627094552,0.034599498012391094,0.003956997818656293,0.041720615532719565,-0.04421023059039984
4898,4.000000000000001,-0.04169557414986032,8.270395093041931e-5,0.009094171261331035,0.0026514426175666857,0.04169557414986032,-0.04232769763125206
4899,10.000000000000002,-0.042007071227376826,2.3919410025178933e-5,0.004890747389221706,0.01947708505138248,0.042007071227376826,-0.042032343107765276
4900,4.000000000000001,-0.042278360801682416,0.00015138347611239733,0.012303799255205578,0.00566464956190231,0.042278360801682416,-0.04257160083504329
4901,10.000000000000002,-0.04227008143521696,2.5978520606963888e-5,0.005096912850634577,0.0258245851683192,0.04227008143521696,-0.042058371036318695
4902,4.000000000000001,-0.04222263210842385,0.00014749862544437376,0.012144901211799697,0.018135231200728116,0.04222263210842385,-0.042617568639629594
4903,1.6000000000000005,-0.04269089826120776,0.0009058183448384218,0.030096816191059507,0.00919785615480381,0.04269089826120776,-0.043415036967164554
4904,4.000000000000001,-0.042571558361220306,8.845129670316e-5,0.009404854953860798,0.003821978673173872,0.042571558361220306,-0.042351993970171684
4905,10.000000000000002,-0.04240957929537044,2.6785982727560944e-5,0.00517551762894891,0.02277579926793017,0.04240957929537044,-0.041916229570354416
4906,4.000000000000001,-0.04225409521781705,5.5947970568285475e-5,0.007479837603069032,0.037560217718395315,0.04225409521781705,-0.04184314161001948
4907,1.6000000000000005,-0.040898471076227315,0.001127135167073998,0.033572833765918506,0.014328076539560456,0.040898471076227315,-0.04438027088776182
4908,4.000000000000001,-0.04111100668986939,0.00015930965621365584,0.0126217929080482,0.015299541359111006,0.04111100668986939,-0.04223319264284564
4909,10.000000000000002,-0.04191387524148918,4.26952780327641e-5,0.006534162381879111,0.021918576407572495,0.04191387524148918,-0.04210615665787481
4910,4.000000000000001,-0.04305351681335994,8.676373810626172e-5,0.009314705476087889,0.02360664956072389,0.04305351681335994,-0.04213573305829684
4911,1.6000000000000005,-0.04277396433060414,0.00010140257523197509,0.010069884568949888,0.03094322068766092,0.04277396433060414,-0.04170532435679132
4912,0.6400000000000002,-0.04529844237291106,0.00555536807021801,0.07453434154950327,0.005263961224732449,0.04529844237291106,-0.046291045555293016
4913,1.6000000000000005,-0.04316413113179576,0.001443041502227709,0.03798738609364573,0.03308619650907512,0.04316413113179576,-0.04090044338802612
4914,4.000000000000001,-0.04202968660471005,0.00039649103054092174,0.019912082526469244,0.032816260077880764,0.04202968660471005,-0.042055393160465644
4915,1.6000000000000005,-0.0410875571435312,0.0012032385720550582,0.034687729416251194,0.005571294999816438,0.0410875571435312,-0.04367043812818669
4916,4.000000000000001,-0.04178134351655837,0.00015923728925586737,0.012618925836055435,0.029937224123841387,0.04178134351655837,-0.04189210400769719
4917,1.6000000000000005,-0.04227787731801731,0.0009468775219071349,0.030771375040890437,0.005337083371378111,0.04227787731801731,-0.04347505483263481
4918,4.000000000000001,-0.0422528872427814,8.297455032553377e-5,0.00910903673971808,0.021430096787879053,0.0422528872427814,-0.0422320208007246
4919,1.6000000000000005,-0.043540565544564494,0.0003416541736460736,0.01848388957027372,0.0044061173786991625,0.043540565544564494,-0.042794600524377654
4920,4.000000000000001,-0.04293617837317341,5.2258099062299433e-5,0.007228976349546278,0.016893299915587766,0.04293617837317341,-0.04217649000309152
4921,1.6000000000000005,-0.04192495400091413,0.00043552232870216475,0.02086917173014216,0.005915708359462159,0.04192495400091413,-0.04272092068943847
4922,4.000000000000001,-0.04179111606864686,5.080321163531153e-5,0.007127637170571432,0.001814911323168249,0.04179111606864686,-0.04225411554249318
4923,10.000000000000002,-0.04191902435460191,2.7449596094593005e-5,0.005239236212902889,0.02021012575162071,0.04191902435460191,-0.04184469876503392
4924,4.000000000000001,-0.04270339379483749,0.00019783347335413656,0.014065328768078497,0.009424056986381362,0.04270339379483749,-0.0429370944026784
4925,10.000000000000002,-0.04249649166286269,2.0609413416816963e-5,0.004539759180487106,0.006680709160239852,0.04249649166286269,-0.042189971188987443
4926,4.000000000000001,-0.04219852472974839,3.714752718266379e-5,0.006094877126133372,0.022043074482408873,0.04219852472974839,-0.04213280466186686
4927,1.6000000000000005,-0.042820600551307236,0.0006489767435154084,0.02547502195318796,0.010131984302493116,0.042820600551307236,-0.04322238684156493
4928,4.000000000000001,-0.042554280201443834,0.00015034629983532084,0.012261578195131361,0.034007861012222064,0.042554280201443834,-0.041857662927061924
4929,1.6000000000000005,-0.041971479243633904,0.0009177240376514656,0.030293960415427125,0.010928986769325013,0.041971479243633904,-0.0435023069802969
4930,4.000000000000001,-0.04194023439525322,8.45859475511008e-5,0.009197061897753043,0.009953934235611018,0.04194023439525322,-0.04214795120233951
4931,10.000000000000002,-0.042057864934572496,2.2106294097658798e-5,0.0047017330951106525,0.0031979633430304806,0.042057864934572496,-0.04215188944629976
4932,25.000000000000004,-0.04207645516165904,8.546308500476737e-6,0.0029234070021939705,0.02810059492754638,0.04207645516165904,-0.04185916198937121
4933,10.000000000000002,-0.04226004249147287,3.647824804332019e-5,0.006039722513768343,0.013317748355211484,0.04226004249147287,-0.04218284767613424
4934,4.000000000000001,-0.04270630805860938,9.322915153392371e-5,0.009655524404915754,0.02256169326797161,0.04270630805860938,-0.04226667705189309
4935,1.6000000000000005,-0.04349098727973247,0.0026687585014818667,0.051660028082472685,0.02236415582491533,0.04349098727973247,-0.04616605086120382
4936,4.000000000000001,-0.04285869736525289,0.00021436453267604006,0.014641193007266863,0.00721186326594509,0.04285869736525289,-0.042854079799410104
4937,10.000000000000002,-0.042239556778043016,4.021916916313155e-5,0.0063418584944108895,0.018438331076130982,0.042239556778043016,-0.042038648375433446
4938,4.000000000000001,-0.04206594900568273,0.0001823952641909003,0.013505379083568898,0.007843849013737966,0.04206594900568273,-0.04282074452815912
4939,10.000000000000002,-0.04197433752858241,2.462372731553273e-5,0.004962230074828527,0.004232669126341962,0.04197433752858241,-0.04214443989237744
4940,25.000000000000004,-0.041972186221319915,1.5073467726664158e-5,0.0038824564037042526,0.024457431194312085,0.041972186221319915,-0.0415859390450425
4941,10.000000000000002,-0.041955896126657254,2.50444160807063e-5,0.005004439637032932,0.04862316423515946,0.041955896126657254,-0.0413383125929511
4942,4.000000000000001,-0.04321457805955298,0.0008603074231156691,0.02933099764951184,0.01915624450214759,0.04321457805955298,-0.04563717981883333
4943,10.000000000000002,-0.04284406540437882,0.00010535361076486501,0.010264190701894866,0.012102997787778043,0.04284406540437882,-0.042376559610137164
4944,25.000000000000004,-0.04235752360371575,5.110829612587925e-5,0.007149006653086794,0.06727994501332654,0.04235752360371575,-0.040496491594683805
4945,10.000000000000002,-0.041887986070836394,0.00021386368861565626,0.014624079068975806,0.028320124199029427,0.041887986070836394,-0.044073125578950864
4946,4.000000000000001,-0.04136425501800135,0.0008464644941676108,0.029094062868008152,0.011916087889480977,0.04136425501800135,-0.04572033471094875
4947,10.000000000000002,-0.0415997650630103,8.142201053340178e-5,0.009023414571735125,0.01898277354007141,0.0415997650630103,-0.04260306074901857
4948,4.000000000000001,-0.04252330671741396,0.0003080722207905331,0.017551986234911793,0.013512250775774106,0.04252330671741396,-0.0431716359696813
4949,10.000000000000002,-0.04230295179913281,5.709604676875018e-5,0.007556192610617478,0.023617710312490648,0.04230295179913281,-0.042064188084273445
4950,4.000000000000001,-0.042600661678787725,0.000264251994285933,0.016255829547763258,0.005341945960837631,0.042600661678787725,-0.04294158963872073
4951,10.000000000000002,-0.04235328441021086,2.851842245989031e-5,0.005340264268731493,0.008926489927734083,0.04235328441021086,-0.04220895894606301
4952,4.000000000000001,-0.04200300766004089,0.00017516967144077438,0.013235167979318372,0.0162597944958467,0.04200300766004089,-0.04260562554886124
4953,10.000000000000002,-0.04179497102432291,4.2312418662906844e-5,0.006504799663548974,0.039744855559455707,0.04179497102432291,-0.041817125041229586
4954,4.000000000000001,-0.04237740705735023,0.0003149081483399532,0.017745651533261696,0.009646748769200651,0.04237740705735023,-0.043183374111486206
4955,10.000000000000002,-0.04234086107745893,2.9047168380784943e-5,0.005389542501992627,0.007513954818128242,0.04234086107745893,-0.0421592528325316
4956,4.000000000000001,-0.04242745999494976,0.00012800633126628833,0.011313988300607718,0.006092699946693307,0.04242745999494976,-0.04259916132007502
4957,10.000000000000002,-0.042271989589808746,2.010800805556262e-5,0.004484195363224334,0.016455239644697632,0.042271989589808746,-0.04206888344282335
4958,4.000000000000001,-0.042046434117787905,0.00015289183909941048,0.012364943958603714,0.0030990801359706437,0.042046434117787905,-0.042597384261773556
4959,10.000000000000002,-0.04213702752239788,1.7825660215157693e-5,0.004222044553904861,0.011596914141171425,0.04213702752239788,-0.04213712170251394
4960,4.000000000000001,-0.04213245005431401,3.698914410578757e-5,0.006081870115826839,0.017737730107439762,0.04213245005431401,-0.042109551871072355
4961,1.6000000000000005,-0.04280614357156331,0.0014951883091276579,0.03866766490399515,0.006647159107238117,0.04280614357156331,-0.04446052941999287
4962,4.000000000000001,-0.04277852443788493,0.0001266206798994085,0.011252585476209834,0.013332102804194786,0.04277852443788493,-0.04241784562797809
4963,10.000000000000002,-0.04238377175488142,2.506017619402177e-5,0.005006014002579474,0.010378413351603768,0.04238377175488142,-0.042180909534777364
4964,4.000000000000001,-0.04204006298334176,2.764777990457415e-5,0.005258115622975036,0.019329476889872056,0.04204006298334176,-0.04188359050095375
4965,1.6000000000000005,-0.04235290524864949,0.0009717921117857439,0.031173580349163357,0.007477670850384812,0.04235290524864949,-0.04358689060318676
4966,4.000000000000001,-0.04235532904297136,9.432592592606602e-5,0.009712153516397176,0.007685890066174499,0.04235532904297136,-0.04245778915784225
4967,10.000000000000002,-0.042038942876294574,2.915072010623108e-5,0.005399140682204075,0.01633601733514572,0.042038942876294574,-0.04198643075646702
4968,4.000000000000001,-0.041921536624937035,0.0001574551713486805,0.012548114254687057,0.013097176627597105,0.041921536624937035,-0.042740271638299646
4969,10.000000000000002,-0.04209446489199218,1.9371354400033606e-5,0.004401290083604307,0.011337869834711344,0.04209446489199218,-0.04219411838824295
4970,4.000000000000001,-0.04231233868265996,5.927380354235659e-5,0.007698948210136018,0.015737699719675556,0.04231233868265996,-0.042283053958863455
4971,1.6000000000000005,-0.04289077865035016,0.0006723400247532387,0.02592952033403701,0.00824791611256321,0.04289077865035016,-0.043263182635129814
4972,4.000000000000001,-0.043064022743120184,0.00010615508842874122,0.01030315914798666,0.015645657980154007,0.043064022743120184,-0.04207896061277098
4973,1.6000000000000005,-0.04230825363609495,0.0006159821801630396,0.024818988298539478,0.0048490700777596134,0.04230825363609495,-0.043223907629647104
4974,4.000000000000001,-0.04213212469346697,5.1832645239421275e-5,0.007199489234620833,0.007346935525871515,0.04213212469346697,-0.04227662548617111
4975,10.000000000000002,-0.04198934159653606,1.902058723752937e-5,0.004361259822290959,0.024343198379019066,0.04198934159653606,-0.04203979206841415
4976,4.000000000000001,-0.04246530797755883,8.432754732064254e-5,0.0091830031754673,0.018477150705504267,0.04246530797755883,-0.04240086615808611
4977,1.6000000000000005,-0.04223357026778017,7.902221193319519e-5,0.008889443848362797,0.013056681339163248,0.04223357026778017,-0.04218301843644829
4978,0.6400000000000002,-0.04366054701721565,0.003568610579777721,0.05973784880440307,0.017947116687369636,0.04366054701721565,-0.04467291991569361
4979,1.6000000000000005,-0.04279777780482308,0.0005660402699002411,0.02379160082676744,0.003711037244518918,0.04279777780482308,-0.04262827517869897
4980,4.000000000000001,-0.04243764376349198,9.979406763109697e-5,0.009989698075071987,0.014694562861878688,0.04243764376349198,-0.042179110577989135
4981,1.6000000000000005,-0.04135145317001458,0.0001881061118200813,0.013715178154879408,0.010237216600339485,0.04135145317001458,-0.04216582860625715
4982,4.000000000000001,-0.041653446235934685,3.4615986590597257e-5,0.005883535211979041,0.010798304074798242,0.041653446235934685,-0.04199569601285425
4983,1.6000000000000005,-0.042282946290797534,0.00031739640630950694,0.017815622534997393,0.01613930723589865,0.042282946290797534,-0.042370668199347566
4984,4.000000000000001,-0.042376215976345534,6.714190748850332e-5,0.008194016566281968,0.010400434551815628,0.042376215976345534,-0.04227645085668209
4985,1.6000000000000005,-0.04279745013308298,0.0001057736692325394,0.010284632673680641,0.015123155136552368,0.04279745013308298,-0.042183358620667126
4986,0.6400000000000002,-0.044106006178589355,0.003091428023708218,0.05560061172062964,0.006053015715095942,0.044106006178589355,-0.044325357925542284
4987,1.6000000000000005,-0.043033732634443045,0.0003456535217508941,0.018591759511969116,0.005613043575185495,0.043033732634443045,-0.04264873420521676
4988,4.000000000000001,-0.04239717976689647,6.29274741350335e-5,0.007932683917504435,0.009524730769782112,0.04239717976689647,-0.04213467155999519
4989,10.000000000000002,-0.04215795604156166,2.1150394310576465e-5,0.0045989557848033795,0.0058476927594902995,0.04215795604156166,-0.042052637523370774
4990,4.000000000000001,-0.04196379945084049,6.87059526651247e-5,0.008288905396077621,0.015720434432451233,0.04196379945084049,-0.042145458199951316
4991,1.6000000000000005,-0.04213646319217416,0.00043784930724057177,0.02092484903746194,0.009704104720944694,0.04213646319217416,-0.04305771404773642
4992,4.000000000000001,-0.042262089105796034,5.4948162523824954e-5,0.007412702781295427,0.0024246966423482267,0.042262089105796034,-0.042413949410697725
4993,10.000000000000002,-0.04236867029864365,5.264594075192151e-5,0.007255752252655924,0.06537141738879237,0.04236867029864365,-0.041668846385896664
4994,4.000000000000001,-0.04168862048152483,0.0002663642351800048,0.01632066895626539,0.0371416458228987,0.04168862048152483,-0.043103345589663125
4995,1.6000000000000005,-0.04321625089216304,0.0007070493355546372,0.026590399311680845,0.007986084642550708,0.04321625089216304,-0.04346107993177642
4996,4.000000000000001,-0.04287577028861674,7.617510409476595e-5,0.008727835017618398,0.014648197959070372,0.04287577028861674,-0.042443576183398564
4997,1.6000000000000005,-0.042126994644444575,0.00028813249716616086,0.016974466034787687,0.00624384316962039,0.042126994644444575,-0.04268633815738031
4998,4.000000000000001,-0.041599700213450184,0.00010074508663102889,0.010037185194616511,0.013684749778466945,0.041599700213450184,-0.04194955443849785
4999,1.6000000000000005,-0.041702852909111465,0.0006237738774916272,0.024975465511009542,0.004761720902462227,0.041702852909111465,-0.043035290297982996
5000,4.000000000000001,-0.042023884977124545,0.0001445686007433402,0.012023668356343675,0.029737841451262865,0.042023884977124545,-0.04168433661591986
5001,1.6000000000000005,-0.04335021511699386,0.0008354931670077471,0.0289048986680069,0.005021299772145832,0.04335021511699386,-0.0435378205657104
5002,4.000000000000001,-0.042780527613469184,8.047720215600936e-5,0.00897090865832494,0.020959633523635692,0.042780527613469184,-0.042300127511685943
5003,1.6000000000000005,-0.041758403275126595,0.0001385136368912647,0.011769181657671221,0.013538722649471372,0.041758403275126595,-0.04230104556713776
5004,4.000000000000001,-0.04177206734876973,2.699312445548006e-5,0.005195490781002316,0.0016854025858779522,0.04177206734876973,-0.042152271602046154
5005,10.000000000000002,-0.04209798352609953,9.86959184862767e-6,0.0031415906558028323,0.009429413397400265,0.04209798352609953,-0.042135563536434835
5006,4.000000000000001,-0.042319414329054054,1.1429948952722281e-5,0.0033808207513446025,0.002427581095210165,0.042319414329054054,-0.04201672422247915
5007,10.000000000000002,-0.042316951891069814,9.157932140617278e-6,0.0030262075508162485,0.0018081248918442303,0.042316951891069814,-0.04189148337791523
5008,25.000000000000004,-0.042210779403099474,7.490501854233816e-6,0.002736878121918076,0.024414003966268413,0.042210779403099474,-0.041768826130581124
5009,10.000000000000002,-0.04226659380563206,0.0001051396833993483,0.010253764352634026,0.01546712065015237,0.04226659380563206,-0.04285612014750559
5010,4.000000000000001,-0.042731161823354694,0.00043311862944078283,0.020811502335025763,0.005553649651214297,0.042731161823354694,-0.04368953587096771
5011,10.000000000000002,-0.042552806026754104,3.774641056628047e-5,0.0061438107528048475,0.015389706584475117,0.042552806026754104,-0.04229882538780506
5012,4.000000000000001,-0.041956014751797055,0.0001310151640223222,0.011446185566481184,0.023891338667517078,0.041956014751797055,-0.042557030216303
5013,1.6000000000000005,-0.04147016868553018,0.000965054529841103,0.03106532681046673,0.010937688559546297,0.04147016868553018,-0.04348840602439768
5014,4.000000000000001,-0.041868255246421716,9.59388489842145e-5,0.00979483787432005,0.006150348696089864,0.041868255246421716,-0.04245524570246618
5015,10.000000000000002,-0.04203741551675684,3.241978563493279e-5,0.005693837513920887,0.004814303460943505,0.04203741551675684,-0.04187083838856106
5016,25.000000000000004,-0.04214805186312561,1.1878968258261977e-5,0.003446587915353673,0.010619892519736536,0.04214805186312561,-0.041860098478819885
5017,10.000000000000002,-0.04246995321105145,6.654913565745454e-5,0.008157765359303645,0.009983040209778922,0.04246995321105145,-0.04261093957127935
5018,25.000000000000004,-0.042362067602108935,9.636814566249508e-6,0.0031043219173032795,0.006968335811207944,0.042362067602108935,-0.04200628564750903
5019,10.000000000000002,-0.042154605954684975,1.0275146700874092e-5,0.0032054869678215963,0.023616206932403756,0.042154605954684975,-0.041731448480264305
5020,4.000000000000001,-0.04183025038002072,0.0007059310534790983,0.026569363061223324,0.032407648163451215,0.04183025038002072,-0.04466562614009311
5021,10.000000000000002,-0.04214031583648804,5.166509889861198e-5,0.0071878438282013315,0.026193178292978198,0.04214031583648804,-0.04228281382376981
5022,4.000000000000001,-0.04248276521450676,0.00023955971992849532,0.015477716883587686,0.008188200819272868,0.04248276521450676,-0.04306863671957407
5023,10.000000000000002,-0.0423365123620737,4.401047619467627e-5,0.006634039206597763,0.03623802328356586,0.0423365123620737,-0.041945594874683655
5024,4.000000000000001,-0.042563429478633764,0.00013226388443131825,0.011500603655083427,0.028536545758849622,0.042563429478633764,-0.04229800133270748
5025,1.6000000000000005,-0.042711320033979615,0.0023518240322911938,0.04849560838149362,0.014283117083499294,0.042711320033979615,-0.04549942650844572
5026,4.000000000000001,-0.042294940764932815,0.00022749619232692746,0.015082976905336939,0.0054458223018154,0.042294940764932815,-0.04232579642656719
5027,10.000000000000002,-0.0420134706813994,4.8983246020840644e-5,0.006998803184891017,0.0094539266329512,0.0420134706813994,-0.04171089120157015
5028,4.000000000000001,-0.04177631107097162,0.00029660752101850455,0.017222297205033495,0.00691785822264553,0.04177631107097162,-0.04312086286243775
5029,10.000000000000002,-0.041990721096909475,2.7218164699803738e-5,0.00521710309461139,0.009117602086446481,0.041990721096909475,-0.0421615961796198
5030,4.000000000000001,-0.042515184267822276,6.74223392792009e-5,0.008211110721406751,0.014069693265560306,0.042515184267822276,-0.04222061215883962
5031,1.6000000000000005,-0.04358118804063842,0.0003183695375715218,0.01784291281073586,0.020359776786098748,0.04358118804063842,-0.04251204509915148
5032,4.000000000000001,-0.042632354174550156,0.00011256240443781593,0.010609543083366783,0.011957116398013216,0.042632354174550156,-0.04260333353735065
5033,10.000000000000002,-0.04231253891551735,4.774276284079306e-5,0.006909613798237429,0.05989701283225972,0.04231253891551735,-0.04179357056935934
5034,4.000000000000001,-0.04232065350734107,0.0001904350262923379,0.013799819792024022,0.014038336615921253,0.04232065350734107,-0.04296635031448864
5035,10.000000000000002,-0.042138750944082454,2.731797715514303e-5,0.005226660229548409,0.021603669847127367,0.042138750944082454,-0.042099564582361956
5036,4.000000000000001,-0.04210622955120471,0.00015855185209767998,0.012591737453492268,0.02041161782254272,0.04210622955120471,-0.04267309462108839
5037,1.6000000000000005,-0.04176941330789263,0.00069201525452975,0.026306182819439045,0.006172940217275089,0.04176941330789263,-0.043346199708474295
5038,4.000000000000001,-0.042139564222311764,8.4732515726344e-5,0.009205026655384764,0.004089627384185841,0.042139564222311764,-0.042457136191170454
5039,10.000000000000002,-0.042221144768369495,1.7023408096622003e-5,0.004125943297795306,0.013845586712541226,0.042221144768369495,-0.04221428354714833
5040,4.000000000000001,-0.04235837370902541,1.856312561571357e-5,0.004308494588103085,0.0020885889216116183,0.04235837370902541,-0.04202126174985621
5041,10.000000000000002,-0.04230078729403418,1.3428064820093667e-5,0.003664432400808298,0.0029546980181550456,0.04230078729403418,-0.04184554983970379
5042,25.000000000000004,-0.04230352594444039,1.1764391068924688e-5,0.003429925810994268,0.025984155851245205,0.04230352594444039,-0.04172604435038944
5043,10.000000000000002,-0.04216409336107551,7.179696190643442e-5,0.008473308793289338,0.02015779766235463,0.04216409336107551,-0.042786695729607346
5044,4.000000000000001,-0.04210328368156889,0.00033974295928432675,0.01843211760173873,0.0061802370102753785,0.04210328368156889,-0.04366194220616936
5045,10.000000000000002,-0.04225252780435344,4.658785193182808e-5,0.006825529425021042,0.0286284700060344,0.04225252780435344,-0.04218877687422012
5046,4.000000000000001,-0.04199288772339831,0.00013889128909490644,0.011785214851452919,0.016476687446320987,0.04199288772339831,-0.04234793109016011
5047,1.6000000000000005,-0.041719529652862006,0.0016144214239612019,0.04017986341391919,0.012751838214681621,0.041719529652862006,-0.04493589902700526
5048,4.000000000000001,-0.04197984818310606,0.00013822321325827877,0.011756836872997719,0.005823568221628271,0.04197984818310606,-0.04242569617909985
5049,10.000000000000002,-0.04198666377454215,3.722599309328604e-5,0.006101310768456729,0.005454742803271481,0.04198666377454215,-0.041905568738945874
5050,25.000000000000004,-0.04193518477100834,1.894137516519521e-5,0.0043521690184545,0.01566985580957272,0.04193518477100834,-0.0414454047670776
5051,10.000000000000002,-0.04174636715788515,2.2279713950801302e-5,0.004720139187651282,0.016824133981971426,0.04174636715788515,-0.04091832500101934
5052,4.000000000000001,-0.042976759360727965,0.00104262705818643,0.032289736112059354,0.014040365010193866,0.042976759360727965,-0.0458133745019064
5053,10.000000000000002,-0.04326955302521797,8.803649017382496e-5,0.00938277625086653,0.006934539514603317,0.04326955302521797,-0.04294010791763564
5054,25.000000000000004,-0.04254791177077047,2.205016566971839e-5,0.004695760393133192,0.046968481454899645,0.04254791177077047,-0.04193471203190985
5055,10.000000000000002,-0.041703944514585214,6.010411892862566e-5,0.00775268462718726,0.02157502204939935,0.041703944514585214,-0.042327696125046006
5056,4.000000000000001,-0.04096496396101542,0.00035431705838304654,0.01882331156792148,0.038687570176480925,0.04096496396101542,-0.04337062955309411
5057,1.6000000000000005,-0.04236400902782083,0.0031587853738093306,0.05620307263672806,0.00672666689503554,0.04236400902782083,-0.04724377302745643
5058,4.000000000000001,-0.041877378935751046,0.0002804220306383222,0.016745806359752348,0.008026428306755195,0.041877378935751046,-0.043013969401377444
5059,10.000000000000002,-0.041997914603682296,6.144258440186852e-5,0.007838532031054573,0.018145078427912603,0.041997914603682296,-0.04171128454032176
5060,4.000000000000001,-0.042570652285842295,0.0001694269500039421,0.013016410795758642,0.027234465524191363,0.042570652285842295,-0.04211703498330507
5061,1.6000000000000005,-0.04353457143035965,0.0014252776030119528,0.037752848939013234,0.006323005568225779,0.04353457143035965,-0.044708489785819476
5062,4.000000000000001,-0.04294987790813698,0.00014544813366199343,0.012060187961304477,0.006292330910983833,0.04294987790813698,-0.04279005829419897
5063,10.000000000000002,-0.04222964381154273,4.864213913781272e-5,0.006974391667938697,0.042288884467412094,0.04222964381154273,-0.041836178051438
5064,4.000000000000001,-0.04211012011458765,0.00018409054446797652,0.013567997069132073,0.007878395831070651,0.04211012011458765,-0.042861831655483684
5065,10.000000000000002,-0.04196338904059083,2.6115682852482522e-5,0.005110350560625222,0.004117755385867113,0.04196338904059083,-0.0421408153083292
5066,25.000000000000004,-0.04194417232467345,2.4589868331321053e-5,0.004958817231086567,0.029408793079366436,0.04194417232467345,-0.041278391280430385
5067,10.000000000000002,-0.042348006891037314,0.00012852117998855746,0.011336718219509448,0.017669334868958324,0.042348006891037314,-0.04323399054357532
5068,4.000000000000001,-0.042203125046051955,0.00012593981361354566,0.011222290925365714,0.0473967755847251,0.042203125046051955,-0.041716062547456495
5069,1.6000000000000005,-0.04403929064107509,0.003963202943901884,0.06295397480621763,0.00829060834124366,0.04403929064107509,-0.04932625090345387
5070,4.000000000000001,-0.04335117450532295,0.00035449480212509894,0.01882803234873732,0.014159905485926957,0.04335117450532295,-0.043002145287557345
5071,10.000000000000002,-0.042713324329273335,7.53035284127062e-5,0.008677760564379857,0.03208290329744888,0.042713324329273335,-0.04165562475827583
5072,4.000000000000001,-0.041518924144080746,0.0003354709995604091,0.018315867425825322,0.01091771582211124,0.041518924144080746,-0.04304204453161918
5073,10.000000000000002,-0.041628978937771614,3.134367741608827e-5,0.00559854243674979,0.0068499643624520806,0.041628978937771614,-0.04203496065946596
5074,25.000000000000004,-0.041958607858533385,1.3379654487173074e-5,0.0036578210026152282,0.028165758924526402,0.041958607858533385,-0.041596671161155924
5075,10.000000000000002,-0.04237590933572898,0.00010543391053095764,0.01026810160306946,0.017066903811819037,0.04237590933572898,-0.04251634784795147
5076,4.000000000000001,-0.04332050856511235,0.0004915454969233671,0.02217082535503284,0.023795570375668738,0.04332050856511235,-0.04365067811911671
5077,10.000000000000002,-0.04271880981271742,4.9652053274943015e-5,0.007046421309781514,0.016456867739859545,0.04271880981271742,-0.04233506158295142
5078,4.000000000000001,-0.04162157637706496,0.00019489193915360237,0.013960370308612961,0.010085940686076407,0.04162157637706496,-0.04290857971447394
5079,10.000000000000002,-0.04187236176205441,3.00216803882425e-5,0.0054792043572258285,0.015436223331754255,0.04187236176205441,-0.042194109500441314
5080,4.000000000000001,-0.04226986014328032,5.37246124565504e-5,0.007329707528718346,0.019097135955888512,0.04226986014328032,-0.04209154403278201
5081,1.6000000000000005,-0.04197434453674466,0.0019630420124075163,0.044306229950284826,0.030143475697210716,0.04197434453674466,-0.04488533183857567
5082,4.000000000000001,-0.04203969745062658,0.00022367729243656252,0.014955844758373313,0.010305147615092698,0.04203969745062658,-0.04266671937252571
5083,10.000000000000002,-0.042230729664432,3.879448069520572e-5,0.00622852154971031,0.008064932972069271,0.042230729664432,-0.042078545302733
5084,4.000000000000001,-0.04232361259088176,0.00014459235391324943,0.012024656082950957,0.0049424367394617615,0.04232361259088176,-0.04256387986247527
5085,10.000000000000002,-0.04214640056424197,1.9132742495898535e-5,0.004374099049621365,0.012344782199830229,0.04214640056424197,-0.042090757739334066
5086,4.000000000000001,-0.04205949508028426,2.0804288121540308e-5,0.004561171792592371,0.001781370306145948,0.04205949508028426,-0.04186166257195329
5087,10.000000000000002,-0.0423045914272749,2.6827608856637985e-5,0.005179537513778425,0.0077782883475030545,0.0423045914272749,-0.042152436761064165
5088,4.000000000000001,-0.04223974142155147,5.586027195479731e-5,0.007473972969900099,0.016032255965783802,0.04223974142155147,-0.04208356332448462
5089,1.6000000000000005,-0.04248495388373424,0.0016964077334808577,0.04118747058852798,0.006928894933582669,0.04248495388373424,-0.04495493476844304
5090,4.000000000000001,-0.04271553243049981,0.000248963569431094,0.015778579449085207,0.02499242177972511,0.04271553243049981,-0.04203023041878356
5091,1.6000000000000005,-0.04236301857301599,0.001169849012878221,0.034203055607331646,0.013532744974647147,0.04236301857301599,-0.04394890659624333
5092,4.000000000000001,-0.04208016748833768,0.00010443580191147093,0.010219383636573732,0.0038957020627419657,0.04208016748833768,-0.04233991158819857
5093,10.000000000000002,-0.042057588600428075,3.217291033440994e-5,0.005672116918259878,0.02397297279086022,0.042057588600428075,-0.04178654205761388
5094,4.000000000000001,-0.042283888282843775,9.723635003126819e-5,0.009860849356483861,0.01932242396168751,0.042283888282843775,-0.04207727524234754
5095,1.6000000000000005,-0.04263396111673622,0.0014798874467652373,0.03846930525451736,0.005522374914969723,0.04263396111673622,-0.044745623251534854
5096,4.000000000000001,-0.042429820488102,0.00044992113819927363,0.021211344563682746,0.06747601323433752,0.042429820488102,-0.04082509294228855
5097,1.6000000000000005,-0.042095231960390896,0.0019514971198739974,0.044175752623741425,0.012044573519673672,0.042095231960390896,-0.04528104998662423
5098,4.000000000000001,-0.04203955495328997,0.00013593704211408998,0.011659204180135536,0.007700128655841106,0.04203955495328997,-0.04228849769275158
5099,10.000000000000002,-0.04207997774743386,3.409130358450841e-5,0.005838775863527252,0.007386035843302039,0.04207997774743386,-0.04201747533710381
5100,4.000000000000001,-0.042019871849144484,0.00012338974302374285,0.011108093581877263,0.011761196587850575,0.042019871849144484,-0.04242308518634474
5101,10.000000000000002,-0.04211133304629075,1.709031970507636e-5,0.0041340439892526976,0.011500589390401713,0.04211133304629075,-0.0420843911967538
5102,4.000000000000001,-0.04288873054943036,0.00014975379615957918,0.012237393356412924,0.010996280090767578,0.04288873054943036,-0.04278744179830053
5103,10.000000000000002,-0.042699140167813336,2.0348453866065054e-5,0.0045109260541561814,0.0050146087630200875,0.042699140167813336,-0.042208721423666065
5104,25.000000000000004,-0.04239409795236925,1.0083595562845342e-5,0.0031754677707143152,0.029992684790218157,0.04239409795236925,-0.04187756651210404
5105,10.000000000000002,-0.0418372303745789,5.5140065154682435e-5,0.0074256356734411924,0.02261863268890581,0.0418372303745789,-0.04229571819048029
5106,4.000000000000001,-0.041038575801548446,6.186709387049822e-5,0.007865563798641406,0.022603956912465018,0.041038575801548446,-0.04185233894988704
5107,1.6000000000000005,-0.041721025243180214,0.0019292648470873913,0.04392339749026015,0.032007544007113066,0.041721025243180214,-0.04495528399565545
5108,4.000000000000001,-0.042106886583824735,0.00024258521441435955,0.015575147332027379,0.01898415537621244,0.042106886583824735,-0.04273583013307596
5109,10.000000000000002,-0.04217111108169219,5.470287898348327e-5,0.007396139464848081,0.024371300789660533,0.04217111108169219,-0.04179629521226561
5110,4.000000000000001,-0.042869237156809334,0.0003990295603507606,0.019975724275999623,0.009368136789175524,0.042869237156809334,-0.04331415058331411
5111,10.000000000000002,-0.04242044853853214,3.420840659249381e-5,0.005848795311215277,0.019693248651622912,0.04242044853853214,-0.04207589600541223
5112,4.000000000000001,-0.04225078656621821,0.00026361101427213834,0.016236102188399108,0.011168142555745383,0.04225078656621821,-0.04279486061900669
5113,10.000000000000002,-0.042161957270817646,3.163257831327961e-5,0.005624284693476994,0.02999105771079485,0.042161957270817646,-0.04204781960223421
5114,4.000000000000001,-0.042159305395349844,3.830776021144307e-5,0.006189326313213989,0.014607003580593263,0.042159305395349844,-0.041739269147963526
5115,1.6000000000000005,-0.04234687491909896,0.002258848583383443,0.0475273456378898,0.020143977148637145,0.04234687491909896,-0.04571178262849016
5116,4.000000000000001,-0.04252184122796116,0.00025799427179048606,0.016062200091845637,0.005791760444570215,0.04252184122796116,-0.04216634290477206
5117,10.000000000000002,-0.041934451293455154,7.091959383217201e-5,0.008421377193320105,0.015156530739071592,0.041934451293455154,-0.041736244504837317
5118,4.000000000000001,-0.0419159344738862,0.00033747137884931124,0.01837039408530234,0.010302390120996124,0.0419159344738862,-0.043200207915072106
5119,10.000000000000002,-0.041942137862507604,3.2998221362884984e-5,0.005744407833962086,0.008167186025276604,0.041942137862507604,-0.0420894298490741
5120,4.000000000000001,-0.04247916532859465,0.000179679140822261,0.013404444815890771,0.008681290621079111,0.04247916532859465,-0.04282577045226043
5121,10.000000000000002,-0.042502238986947084,1.9050238235978985e-5,0.004364657860128213,0.007498807344402807,0.042502238986947084,-0.042174992272064844
5122,4.000000000000001,-0.042490124073151364,0.0001240478075389177,0.011137675140661883,0.00280161942466862,0.042490124073151364,-0.04257620279946671
5123,10.000000000000002,-0.04229186710043735,1.5283419347640304e-5,0.003909401405284485,0.003791374091264834,0.04229186710043735,-0.0421609707017124
5124,25.000000000000004,-0.042356231482318325,1.3660530379831513e-5,0.0036960154734296652,0.047657430938217824,0.042356231482318325,-0.04168019850525817
5125,10.000000000000002,-0.04217754129569809,7.555060739747007e-5,0.008691985239142441,0.009152004006619852,0.04217754129569809,-0.04275154102745436
5126,25.000000000000004,-0.042150295074441735,8.260589231577571e-6,0.0028741240807553126,0.004141489137448673,0.042150295074441735,-0.04202060580333215
5127,10.000000000000002,-0.04218668898302319,1.0757535312521628e-5,0.0032798681852357465,0.03211453323090801,0.04218668898302319,-0.041818282891363634
5128,4.000000000000001,-0.04224058031894276,0.0007848694361459839,0.028015521343462163,0.007677410676740503,0.04224058031894276,-0.044743712625117324
5129,10.000000000000002,-0.04222959191676836,6.402707234472928e-5,0.008001691842649858,0.007023926821406373,0.04222959191676836,-0.04232583221919377
5130,25.000000000000004,-0.042089094659523034,2.933437415240568e-5,0.005416121689216896,0.06115877427347493,0.042089094659523034,-0.04119004498774308
5131,10.000000000000002,-0.04217743054106665,0.00017195664204804374,0.013113223937996474,0.019254924982656785,0.04217743054106665,-0.04339001981742601
5132,4.000000000000001,-0.04274598418787682,0.0004946423966742024,0.02224055747219935,0.018891331712059416,0.04274598418787682,-0.044038699284642074
5133,10.000000000000002,-0.042249108416103645,5.700929744497148e-5,0.007550450148499192,0.011749634067614258,0.042249108416103645,-0.04239982030194961
5134,4.000000000000001,-0.04185504880497348,0.0002638625005707565,0.016243845005747763,0.005807475793799727,0.04185504880497348,-0.04304623131235763
5135,10.000000000000002,-0.04196791826746185,3.376092525484759e-5,0.005810415239451272,0.01748151422672474,0.04196791826746185,-0.042106157257003736
5136,4.000000000000001,-0.04243648965190749,0.00022687856275555978,0.015062488597690615,0.007043374404111085,0.04243648965190749,-0.042884395777050485
5137,10.000000000000002,-0.042448729030468056,6.775706603389352e-5,0.008231468036376836,0.03464603455931703,0.042448729030468056,-0.04151450904262536
5138,4.000000000000001,-0.04176472683316792,0.0005204153282003568,0.022812613357534397,0.015167892804875373,0.04176472683316792,-0.04375504303689864
5139,10.000000000000002,-0.04200150390137892,4.166310723806361e-5,0.006454696525636477,0.008323017288871172,0.04200150390137892,-0.042144529301988115
5140,4.000000000000001,-0.04272531575943712,0.00012309268396281333,0.01109471423529301,0.021160368481161682,0.04272531575943712,-0.04233774579835424
5141,1.6000000000000005,-0.042039218224301,0.001674578674466367,0.04092161622500225,0.015272675883992856,0.042039218224301,-0.04436980160266691
5142,4.000000000000001,-0.04215349770592829,0.00015966335340508064,0.012635796508534023,0.026699657274930774,0.04215349770592829,-0.04233641477011731
5143,1.6000000000000005,-0.04168958581009517,0.0007390373505201206,0.02718524141000261,0.007153435901522911,0.04168958581009517,-0.04313067356682229
5144,4.000000000000001,-0.04200780661187949,7.453390617438619e-5,0.008633302159335454,0.00412089166817105,0.04200780661187949,-0.04237237753451233
5145,10.000000000000002,-0.04199282030286989,5.257096370177237e-5,0.007250583680075168,0.041050553322457106,0.04199282030286989,-0.04156918908890828
5146,4.000000000000001,-0.042380014807143124,0.0003563893604402457,0.018878277475454314,0.01619050671165659,0.042380014807143124,-0.0432060713448299
5147,10.000000000000002,-0.04219540567998712,3.247741612307078e-5,0.005698896044241444,0.015828699104822926,0.04219540567998712,-0.042078875400554966
5148,4.000000000000001,-0.04223373522630015,0.00022541817476457403,0.015013932688159157,0.00858098649109896,0.04223373522630015,-0.042555145297238944
5149,10.000000000000002,-0.042301741412599216,2.4555518433843867e-5,0.004955352503489925,0.01846103258938141,0.042301741412599216,-0.042086491165969186
5150,4.000000000000001,-0.042657162509764396,0.0001713999514011312,0.013091980423187747,0.016850621735276912,0.042657162509764396,-0.04261408319506328
5151,1.6000000000000005,-0.04253022096251916,0.00030927020716649777,0.01758607992608068,0.015022893331949509,0.04253022096251916,-0.042512728328926976
5152,4.000000000000001,-0.04235163181570965,8.250134662189613e-5,0.00908302519108563,0.0052143071727556705,0.04235163181570965,-0.04249732890469047
5153,10.000000000000002,-0.04221956212868707,1.744997668809115e-5,0.004177316924545126,0.010000935281441496,0.04221956212868707,-0.042109926402634626
5154,4.000000000000001,-0.04221995482116527,2.1131473616105808e-5,0.004596898260360545,0.011113564265219549,0.04221995482116527,-0.04195399250596768
5155,1.6000000000000005,-0.042663380386476435,0.0012720277216155971,0.03566549763588891,0.008158747273665966,0.042663380386476435,-0.044055105723670496
5156,4.000000000000001,-0.042471940368864924,0.0001343805798789599,0.01159226379440012,0.005505061092574194,0.042471940368864924,-0.04242191569864127
5157,10.000000000000002,-0.04209286846330886,3.590123222812589e-5,0.005991763699289708,0.014736633609233158,0.04209286846330886,-0.041962224809335785
5158,4.000000000000001,-0.042054396384594,0.00015942635815788665,0.012626415095263051,0.006573669847852919,0.042054396384594,-0.042368121442089235
5159,10.000000000000002,-0.04203608049612541,2.6630890192841852e-5,0.005160512590125311,0.019992752314221377,0.04203608049612541,-0.04200862299964227
5160,4.000000000000001,-0.04226292157774632,0.00018494148829474203,0.013599319405571075,0.01714171373156597,0.04226292157774632,-0.04267246519901213
5161,1.6000000000000005,-0.04232735257940756,0.0008268701632644204,0.028755350167654372,0.00826542930897852,0.04232735257940756,-0.043514282291747426
5162,4.000000000000001,-0.04244651395984025,8.260742084225428e-5,0.009088862461400452,0.007962672998331904,0.04244651395984025,-0.04233306701535597
5163,10.000000000000002,-0.04229830294094207,2.412723803144979e-5,0.00491194849641665,0.007058285888834919,0.04229830294094207,-0.04204347930695197
5164,4.000000000000001,-0.04203708597085932,0.00011483391308638458,0.010716058654486013,0.011680384930162959,0.04203708597085932,-0.0424135085876865
5165,10.000000000000002,-0.041979302528352046,2.710779677397816e-5,0.005206514839504269,0.035083184904570304,0.041979302528352046,-0.04189172593734644
5166,4.000000000000001,-0.04267222650778626,9.80044760481038e-5,0.009899721008599373,0.0321011066515485,0.04267222650778626,-0.04224329116576408
5167,1.6000000000000005,-0.043202904448882626,0.0012914372648902147,0.035936572803902916,0.024007525129851402,0.043202904448882626,-0.044067324324508245
5168,4.000000000000001,-0.04311486447132665,0.0001431176014490807,0.011963176896171046,0.013738625963335258,0.04311486447132665,-0.04258039508119135
5169,10.000000000000002,-0.04236449031632445,3.7166050958192354e-5,0.006096396555194909,0.014974603229486927,0.04236449031632445,-0.0418470785708417
5170,4.000000000000001,-0.04219672757008811,0.00022476729680611713,0.014992241220248463,0.006780692176299607,0.04219672757008811,-0.0428528580860354
5171,10.000000000000002,-0.042027455745221376,2.641753045274357e-5,0.0051397986782308475,0.014718504946576226,0.042027455745221376,-0.04213079548937116
5172,4.000000000000001,-0.04213597244837344,0.0001776193850308509,0.01332739228172004,0.008749919007019,0.04213597244837344,-0.04276503777218756
5173,10.000000000000002,-0.042104677106679776,3.1791844909628245e-5,0.005638425747460743,0.01961558329983828,0.042104677106679776,-0.042014495466822795
5174,4.000000000000001,-0.04215233274457112,0.00021270521110422548,0.01458441672142652,0.006987256094882971,0.04215233274457112,-0.04280945821302052
5175,10.000000000000002,-0.04232716194528666,2.7182999311522873e-5,0.005213731802799495,0.012863125556066562,0.04232716194528666,-0.04213650865367619
5176,4.000000000000001,-0.042448965624567146,0.00013918735101215408,0.011797768899760416,0.006668577466427283,0.042448965624567146,-0.04260293066770275
5177,10.000000000000002,-0.042340684851741334,2.5207709996443146e-5,0.005020728034502879,0.027143972116551538,0.042340684851741334,-0.04197181169351257
5178,4.000000000000001,-0.04228558018823948,0.0001276579647708645,0.011298582423068148,0.019224610249250738,0.04228558018823948,-0.04254594961147612
5179,1.6000000000000005,-0.04233578508908168,0.0010188716589007562,0.03191976909222177,0.014758095177037165,0.04233578508908168,-0.04354053962264206
5180,4.000000000000001,-0.042112371906294965,0.00012322679394683443,0.011100756458315552,0.005383334917089461,0.042112371906294965,-0.04254092499795665
5181,10.000000000000002,-0.042173656065213866,2.282688440744046e-5,0.004777748884929016,0.018310714124294997,0.042173656065213866,-0.042101174357013514
5182,4.000000000000001,-0.042353050029936154,0.00011694683962688599,0.010814196208081578,0.0034485210235379138,0.042353050029936154,-0.04246243393766916
5183,10.000000000000002,-0.04231115956746226,2.023014759924355e-5,0.004497793636800554,0.03075722416663075,0.04231115956746226,-0.042065313119216734
5184,4.000000000000001,-0.042134134814446667,0.00013273328129494969,0.011520993068956759,0.009121379959841264,0.042134134814446667,-0.042683310666384366
5185,10.000000000000002,-0.04204990537396496,1.6996536442920834e-5,0.0041226855862314836,0.011446418992292864,0.04204990537396496,-0.04218321127436858
5186,4.000000000000001,-0.0423661756368148,2.305253529731565e-5,0.004801305582580185,0.0072068961185512885,0.0423661756368148,-0.0420610930318182
5187,1.6000000000000005,-0.04149783344594339,0.0010798262460363713,0.03286070976160392,0.024648671055261664,0.04149783344594339,-0.04367342132798927
5188,4.000000000000001,-0.042221207199876334,0.0001223366190914392,0.01106058855086108,0.009326596070238282,0.042221207199876334,-0.04239043498963382
5189,10.000000000000002,-0.04223902904251274,4.289271526701895e-5,0.0065492530312256944,0.028304729556707105,0.04223902904251274,-0.04173848351404352
5190,4.000000000000001,-0.042482101339227314,0.0001887172647377154,0.013737440254200031,0.00960121729954614,0.042482101339227314,-0.04295645227170379
5191,10.000000000000002,-0.04229114087232777,2.166123085995502e-5,0.004654162745323268,0.010926430465862473,0.04229114087232777,-0.042196746183133314
5192,4.000000000000001,-0.04204597204817461,2.2879376786589056e-5,0.004783239152142516,0.01957362778552771,0.04204597204817461,-0.0418937764657278
5193,1.6000000000000005,-0.04288552897953519,0.0010281929709203418,0.032065448241375666,0.006913081908355565,0.04288552897953519,-0.04372416342633329
5194,4.000000000000001,-0.04301798784194469,0.00016310502123194738,0.012771257621391379,0.023450100225956085,0.04301798784194469,-0.04188059325202195
5195,1.6000000000000005,-0.04206126637666225,0.0004827466119331504,0.021971495441438445,0.02163982980546418,0.04206126637666225,-0.04238612719321788
5196,4.000000000000001,-0.04179514948007281,6.990862628698084e-5,0.008361137858388703,0.01295385445355473,0.04179514948007281,-0.04235802319672279
5197,1.6000000000000005,-0.041343456000336835,8.179980633958985e-5,0.009044324537498078,0.03170425127567152,0.041343456000336835,-0.04208763542263523
5198,0.6400000000000002,-0.04269433034525454,0.005141368798561892,0.07170333882436641,0.01017035663993892,0.04269433034525454,-0.04578467606580891
5199,1.6000000000000005,-0.04408085970327169,0.0012279917968476789,0.03504271389101704,0.0447128777320309,0.04408085970327169,-0.04133155091049896
5200,0.6400000000000002,-0.04121188538886094,0.005482513180967806,0.07404399490146252,0.006639824470651995,0.04121188538886094,-0.04591563160912231
5201,1.6000000000000005,-0.041417910652947185,0.0005224221537329978,0.022856556033947848,0.005153501102130808,0.041417910652947185,-0.04247018783668636
5202,4.000000000000001,-0.0416827640134403,0.00010945295998908625,0.010461976868120396,0.003932160480562919,0.0416827640134403,-0.042008611500918065
5203,10.000000000000002,-0.04188911861543709,3.719615610666525e-5,0.006098865149080216,0.00800683705418681,0.04188911861543709,-0.04176710155772799
5204,4.000000000000001,-0.04280300728985668,0.0002042998064500644,0.014293348328857883,0.007908109239153388,0.04280300728985668,-0.042726966867718055
5205,10.000000000000002,-0.04238077848921591,3.944859987237074e-5,0.006280812039248646,0.02213551336345162,0.04238077848921591,-0.04187919148836993
5206,4.000000000000001,-0.0421283790784586,0.0002142096170522346,0.01463590164807876,0.011088366731032508,0.0421283790784586,-0.04255627126274147
5207,10.000000000000002,-0.0421885748249297,2.4994172808376863e-5,0.004999417246877566,0.01776863436735486,0.0421885748249297,-0.042029327928498506
5208,4.000000000000001,-0.042064132929716946,3.0761423182293325e-5,0.005546298151226034,0.0136665109757918,0.042064132929716946,-0.041839439902129724
5209,1.6000000000000005,-0.04293218967785706,0.0015638340658290857,0.03954534189799205,0.020078432498619073,0.04293218967785706,-0.043943451541462134
5210,4.000000000000001,-0.04251200339203287,0.00015708444377478302,0.012533333306618117,0.00828080590060459,0.04251200339203287,-0.04255847827410904
5211,10.000000000000002,-0.042156749658167,5.2995458778287316e-5,0.007279797990211495,0.04855368803207073,0.042156749658167,-0.04150199150911872
5212,4.000000000000001,-0.04183442140254679,0.0004241288814668632,0.020594389562860638,0.010565761878062501,0.04183442140254679,-0.0434366161085506
5213,10.000000000000002,-0.041892683676190416,3.4102747868249296e-5,0.005839755805532394,0.01199122116334459,0.041892683676190416,-0.04198732752913596
5214,4.000000000000001,-0.04235103937727672,0.00016851187824282353,0.01298121251050238,0.0061742494556574,0.04235103937727672,-0.042588306370910316
5215,10.000000000000002,-0.04227152176946424,3.405997407405259e-5,0.0058360923633928715,0.029187454612152313,0.04227152176946424,-0.041955689437101124
5216,4.000000000000001,-0.04256336625678018,0.00023211559170607156,0.01523534022285264,0.011420482896806921,0.04256336625678018,-0.042765027111860796
5217,10.000000000000002,-0.041814821067691105,0.00010797115161944915,0.010390916784357824,0.05036100812321349,0.041814821067691105,-0.04087661162012347
5218,4.000000000000001,-0.042658078422528556,0.0006782267200175602,0.026042786333600333,0.010044109822330111,0.042658078422528556,-0.044718792084333735
5219,10.000000000000002,-0.04246639527443219,5.176282351117413e-5,0.007194638525400295,0.005501027364333738,0.04246639527443219,-0.04203185014310046
5220,25.000000000000004,-0.04223600805268647,1.648197990840627e-5,0.0040598004764281544,0.052685284309372894,0.04223600805268647,-0.04156322106952244
5221,10.000000000000002,-0.04217128495588784,0.00010820455466282425,0.010402141830547412,0.012622157790109036,0.04217128495588784,-0.042658549400587505
5222,25.000000000000004,-0.042123204652351615,1.4322361402854337e-5,0.0037844895828703685,0.010898163554903383,0.042123204652351615,-0.041748392329545574
5223,10.000000000000002,-0.04209259512229747,5.281123705004304e-5,0.007267134032756176,0.024334287844207426,0.04209259512229747,-0.04186755534955611
5224,4.000000000000001,-0.04190404535725201,0.001079354063764697,0.03285352437356907,0.039660274710977064,0.04190404535725201,-0.04487986931646427
5225,10.000000000000002,-0.04192485326766995,0.00014804261474227402,0.01216727638965574,0.040735243059359334,0.04192485326766995,-0.042070627149130985
5226,4.000000000000001,-0.0422412437266705,0.0006291462932147373,0.025082788784637513,0.010090542186127583,0.0422412437266705,-0.044284450122758834
5227,10.000000000000002,-0.04253423699707238,5.692978325923546e-5,0.007545182785011604,0.03310218512239198,0.04253423699707238,-0.042451033133656314
5228,4.000000000000001,-0.04240531959389907,0.00027607959194482463,0.01661564298920823,0.00554149887622068,0.04240531959389907,-0.04327273507819522
5229,10.000000000000002,-0.04228321221560289,4.1717767686891426e-5,0.006458929298799564,0.02343030188814186,0.04228321221560289,-0.04227837749146266
5230,4.000000000000001,-0.04195744204657572,0.00018145562918639945,0.013470546729305364,0.009479962737466985,0.04195744204657572,-0.042681638259943644
5231,10.000000000000002,-0.04202825560233725,3.465050310467439e-5,0.0058864677952635055,0.008851661171764478,0.04202825560233725,-0.04219917778285714
5232,4.000000000000001,-0.04236215990361892,6.08542603341603e-5,0.0078009140704253565,0.03267049344856964,0.04236215990361892,-0.041930618375364166
5233,1.6000000000000005,-0.0431174244642816,0.0021196560944195726,0.04603972300546098,0.021106640974920904,0.0431174244642816,-0.04535224209660021
5234,4.000000000000001,-0.04281609592555478,0.00018178796259667773,0.013482876643976157,0.00655296451567424,0.04281609592555478,-0.04244180226831187
5235,10.000000000000002,-0.04223532438446927,4.651863278121908e-5,0.006820456933462675,0.015441144973647266,0.04223532438446927,-0.041933089296472215
5236,4.000000000000001,-0.041380288172928575,0.00019657935009049476,0.014020675807196127,0.018968639925752505,0.041380288172928575,-0.04252603357294672
5237,1.6000000000000005,-0.043510985938095124,0.0007637340108458503,0.027635737928375467,0.014732569874277455,0.043510985938095124,-0.04339135399248444
5238,4.000000000000001,-0.04264874120887423,0.0001172389575060264,0.010827694006852354,0.017248876275520866,0.04264874120887423,-0.042266032019610066
5239,1.6000000000000005,-0.04172969647549469,0.0006446849723430735,0.02539064733997685,0.008903583880243704,0.04172969647549469,-0.043001786250151885
5240,4.000000000000001,-0.04164843671379401,9.16091499511055e-5,0.009571266893734888,0.008158650313971675,0.04164843671379401,-0.04231490166221578
5241,10.000000000000002,-0.04182885891847931,2.3202052940330084e-5,0.004816850936071209,0.008581394890264613,0.04182885891847931,-0.04194844026270952
5242,4.000000000000001,-0.04274226776977707,9.899095299478874e-5,0.009949419731561672,0.01397948212350095,0.04274226776977707,-0.042431301810054264
5243,1.6000000000000005,-0.04308293479164481,0.000671574000591452,0.025914744849051707,0.024967480124488996,0.04308293479164481,-0.04299775157350634
5244,4.000000000000001,-0.04269231112614053,9.8058814028834e-5,0.00990246504809959,0.020394508034020126,0.04269231112614053,-0.04231353222782429
5245,1.6000000000000005,-0.04245502735070765,0.0005556513654103165,0.023572258385872076,0.008700522372426835,0.04245502735070765,-0.04306074611255126
5246,4.000000000000001,-0.04179654852563369,0.00022675482936143518,0.015058380701836276,0.04064032351323481,0.04179654852563369,-0.04138031282547606
5247,1.6000000000000005,-0.04200981727121387,0.0010997339152920196,0.03316223628303766,0.005812129830528481,0.04200981727121387,-0.04384114392802352
5248,4.000000000000001,-0.04122350563254569,0.00033169493649977584,0.01821249396704844,0.03918603228004567,0.04122350563254569,-0.040861221521992536
5249,1.6000000000000005,-0.042831526707425904,0.0019383408159552413,0.04402659214560265,0.01725673744895739,0.042831526707425904,-0.04454312322407127
5250,4.000000000000001,-0.0426009917072817,0.00013238768278483795,0.011505984650817067,0.006996242397954056,0.0426009917072817,-0.04232333124289755
5251,10.000000000000002,-0.04215094943013048,2.4574446289860362e-5,0.004957261975108877,0.024826826996425754,0.04215094943013048,-0.041860432375407985
5252,4.000000000000001,-0.041561168160696875,0.00015662394380942728,0.012514948813695855,0.012352585200272838,0.041561168160696875,-0.04241940535853008
5253,10.000000000000002,-0.04179894338708498,2.3963379949652626e-5,0.004895240540530427,0.031711755091393075,0.04179894338708498,-0.04193018838434941
5254,4.000000000000001,-0.04294694798614575,0.0001610814946322845,0.012691788472563057,0.016412492100941888,0.04294694798614575,-0.04242886598589035
5255,1.6000000000000005,-0.0454516745000824,0.0009302433778088305,0.03049989143929582,0.01041734481112735,0.0454516745000824,-0.04375839823626679
5256,4.000000000000001,-0.04347060551301471,0.00014671451416257102,0.012112576693774576,0.03451168985699673,0.04347060551301471,-0.042306080753282446
5257,1.6000000000000005,-0.04174534397892028,0.000745858316951234,0.027310406751845238,0.0064530651779693155,0.04174534397892028,-0.043656371836490265
5258,4.000000000000001,-0.041846120300628835,7.23186311036811e-5,0.008504036165473492,0.004481204694962855,0.041846120300628835,-0.042575493719069823
5259,10.000000000000002,-0.041829492514113074,4.923339346997284e-5,0.007016651157779817,0.04401471164785233,0.041829492514113074,-0.041814459553010726
5260,4.000000000000001,-0.04287516394457593,0.00020097141669646185,0.014176438787525655,0.023887432065218036,0.04287516394457593,-0.04250212238244012
5261,1.6000000000000005,-0.0436424783762753,0.0008823005507980155,0.029703544414732993,0.006087159882114439,0.0436424783762753,-0.04339985753470208
5262,4.000000000000001,-0.04275915015647516,0.00012074894489427573,0.010988582478840285,0.02355483171737859,0.04275915015647516,-0.042412580286937264
5263,1.6000000000000005,-0.041633162053247,0.00038685429290127355,0.019668611870217827,0.01083745107724239,0.041633162053247,-0.042727051496549914
5264,4.000000000000001,-0.04168777671047078,5.663650050651553e-5,0.00752572259032417,0.0042452573759351134,0.04168777671047078,-0.04232534713873729
5265,10.000000000000002,-0.04176250531211665,2.0278152879844856e-5,0.004503127011293914,0.005653692973938998,0.04176250531211665,-0.042010833233582394
5266,4.000000000000001,-0.042427511947257884,0.00014540100828275415,0.012058234044948463,0.008203988634968209,0.042427511947257884,-0.04241300123986409
5267,10.000000000000002,-0.042250402691643,4.491162130031018e-5,0.0067016133356312185,0.05412530508768947,0.042250402691643,-0.041588545658518106
5268,4.000000000000001,-0.04267726215484763,0.0004562583844482278,0.02136020562747999,0.007146480017730509,0.04267726215484763,-0.04362464136802209
5269,10.000000000000002,-0.04250075920882967,4.227690771469304e-5,0.006502069494760345,0.023944569658890025,0.04250075920882967,-0.04211323459584893
5270,4.000000000000001,-0.04210050545055235,0.00017642193144500786,0.013282391781791707,0.0075151414922876355,0.04210050545055235,-0.042614568925813084
5271,10.000000000000002,-0.04207674204456499,2.21194072580981e-5,0.0047031273912257684,0.003676030549367251,0.04207674204456499,-0.042109388988650215
5272,25.000000000000004,-0.04212110027766814,8.003000861338713e-6,0.00282895755735902,0.0261977755139517,0.04212110027766814,-0.04186393527047059
5273,10.000000000000002,-0.04227842451040233,4.149492198537385e-5,0.006441655220933037,0.02006864213066589,0.04227842451040233,-0.042208829133567154
5274,4.000000000000001,-0.043176828726900214,0.0003450859205422576,0.01857648838026869,0.017043688652264556,0.043176828726900214,-0.0432480839554361
5275,10.000000000000002,-0.042650588831338994,3.4752030439482724e-5,0.00589508527838934,0.02804147120365953,0.042650588831338994,-0.042256147074709885
5276,4.000000000000001,-0.04194430934599992,0.00015186155190269812,0.012323211915028408,0.01634112504027876,0.04194430934599992,-0.04255935213134599
5277,1.6000000000000005,-0.04235878114508302,0.00019211576058479916,0.013860582981418897,0.01153108869417417,0.04235878114508302,-0.0422220402356259
5278,4.000000000000001,-0.042198603960290904,0.00015362193357745647,0.012394431555237072,0.010784851254157112,0.042198603960290904,-0.042668253182667044
5279,10.000000000000002,-0.04210209101984927,2.4910668718830636e-5,0.004991058877515936,0.0065330461220892205,0.04210209101984927,-0.04220825806372047
5280,4.000000000000001,-0.04253387662296343,0.00012468113466854836,0.011166070690648002,0.008049923578827054,0.04253387662296343,-0.04247063118477692
5281,10.000000000000002,-0.042301584790807284,2.2532213537922645e-5,0.0047468108807832915,0.022387328620276422,0.042301584790807284,-0.042093811554465746
5282,4.000000000000001,-0.04173138814206116,0.0001603546129918851,0.012663120191796533,0.007302028645042887,0.04173138814206116,-0.0425475224610879
5283,10.000000000000002,-0.04210008715640374,9.495613020313895e-5,0.009744543611844474,0.04978410774627502,0.04210008715640374,-0.041010327291920154
5284,4.000000000000001,-0.04238923752969961,0.0007818196798279806,0.027961038604243236,0.007222306783997934,0.04238923752969961,-0.0450231884178567
5285,10.000000000000002,-0.04238237448878171,7.673928686584136e-5,0.00876009628176776,0.04427806853633061,0.04238237448878171,-0.041748995544057976
5286,4.000000000000001,-0.04169122685715457,0.00034188032108951015,0.018490005978622888,0.007900420707666011,0.04169122685715457,-0.043323579362341345
5287,10.000000000000002,-0.041751444852758036,2.6386891222267766e-5,0.005136817226869939,0.009608706363059246,0.041751444852758036,-0.04206582157159772
5288,4.000000000000001,-0.04233115329373238,2.626842332322495e-5,0.005125272999872783,0.023388050342334054,0.04233115329373238,-0.04173459185231676
5289,1.6000000000000005,-0.043009726339680546,0.0019194867372132234,0.04381194742548228,0.010562898594493726,0.043009726339680546,-0.04520815520163338
5290,4.000000000000001,-0.04295860241449269,0.00020235383757379768,0.014225112919544704,0.01209076852001836,0.04295860241449269,-0.04235612080614609
5291,10.000000000000002,-0.042472696414941766,4.4825577143192936e-5,0.006695190597973514,0.018320681519885276,0.042472696414941766,-0.04206241100362499
5292,4.000000000000001,-0.04176785268419118,9.782836577059048e-5,0.009890822300020887,0.020323504926533755,0.04176785268419118,-0.04233360777676686
5293,1.6000000000000005,-0.040980600720897396,0.0009150135630468383,0.030249191113926308,0.01912099429136694,0.040980600720897396,-0.043742772086548476
5294,4.000000000000001,-0.04153652706553376,0.00010382259407828863,0.010189337273752824,0.011338407087363115,0.04153652706553376,-0.04253366856086979
5295,10.000000000000002,-0.04198837209102561,2.367480619683658e-5,0.004865676334985362,0.01991281660423331,0.04198837209102561,-0.04209897435254753
5296,4.000000000000001,-0.0428736627797972,7.263779168958703e-5,0.008522780748651641,0.01667944223956702,0.0428736627797972,-0.042345807680082156
5297,1.6000000000000005,-0.04370428086997407,0.0006903066753568346,0.026273687890298814,0.005685062139466957,0.04370428086997407,-0.04309881216354651
5298,4.000000000000001,-0.04303023963508019,8.154568164723671e-5,0.009030264760638899,0.007198340826056708,0.04303023963508019,-0.04234042773038322
5299,10.000000000000002,-0.04240375587051627,4.042659982830269e-5,0.006358191553287986,0.03246250443031687,0.04240375587051627,-0.041680654978854474
5300,4.000000000000001,-0.041794221051927816,0.00029045160253908265,0.017042640714956196,0.011721123746808015,0.041794221051927816,-0.04320466473325705
5301,10.000000000000002,-0.04202501567483549,5.402924323850893e-5,0.007350458709394192,0.018866876785089373,0.04202501567483549,-0.0418795715209321
5302,4.000000000000001,-0.041996784602853665,0.00023605692037653232,0.015364143984502759,0.008221329387833244,0.041996784602853665,-0.042949388533208246
5303,10.000000000000002,-0.04210562550365827,2.457010445719874e-5,0.00495682402927507,0.009505506771233475,0.04210562550365827,-0.04220010891078073
5304,4.000000000000001,-0.042385414260045474,2.841820592747097e-5,0.005330872904831907,0.015243315183032279,0.042385414260045474,-0.04205282737113024
5305,1.6000000000000005,-0.042075355671122375,0.00011475267461110816,0.01071226748224241,0.0134306791694406,0.042075355671122375,-0.04221427190997515
5306,0.6400000000000002,-0.04528725440363756,0.005692341145796702,0.07544760530193587,0.006650241727934613,0.04528725440363756,-0.04617286069811118
5307,1.6000000000000005,-0.04379102368148589,0.0007196093852631306,0.026825536066649825,0.013704032746734627,0.04379102368148589,-0.042691862865536466
5308,4.000000000000001,-0.042805637418659545,0.0001516527642514379,0.012314737685043799,0.01637217674042831,0.042805637418659545,-0.042079445980098405
5309,1.6000000000000005,-0.040811903027869266,0.00046598488784981864,0.02158668311366567,0.025805921495931108,0.040811903027869266,-0.0426364323837784
5310,4.000000000000001,-0.04125091441040378,6.816239139718935e-5,0.008256051804415313,0.011906223173330024,0.04125091441040378,-0.0421079019455128
5311,1.6000000000000005,-0.04226092703911386,0.0005467239765314967,0.023382129426797224,0.0056138063915941285,0.04226092703911386,-0.042943449158431304
5312,4.000000000000001,-0.04202199092309923,8.486560281021813e-5,0.009212252862911337,0.017171382342614963,0.04202199092309923,-0.04208820426531114
5313,1.6000000000000005,-0.04269969132122798,0.0004358480465778009,0.020876974076187403,0.011248175969876071,0.04269969132122798,-0.042615414605342024
5314,4.000000000000001,-0.0424642709973592,0.0001331601191691582,0.011539502552933475,0.04205789912733634,0.0424642709973592,-0.04161137684091314
5315,1.6000000000000005,-0.0423952046776916,0.0009833023826548598,0.03135765269682761,0.004272711059150221,0.0423952046776916,-0.043586078741831694
5316,4.000000000000001,-0.04183041165213676,0.00013826357982483546,0.011758553475017046,0.02226256677011629,0.04183041165213676,-0.04188955461820255
5317,1.6000000000000005,-0.04225150882909624,0.00032204556110278866,0.017945627910518725,0.011260931361836124,0.04225150882909624,-0.04236088602777402
5318,4.000000000000001,-0.04229401943438445,4.3158789871710555e-5,0.006569534981390277,0.013557697684820914,0.04229401943438445,-0.042194963015679904
5319,1.6000000000000005,-0.04271462510796729,0.0006582550535157564,0.025656481705716324,0.0051946748433536645,0.04271462510796729,-0.043119494207220485
5320,4.000000000000001,-0.04246055756079101,0.000180384052759203,0.01343071303986512,0.02896460471156848,0.04246055756079101,-0.041594397391029825
5321,1.6000000000000005,-0.04174388916147018,0.0010128118748113952,0.03182470541594054,0.012353166293267133,0.04174388916147018,-0.04381397931992684
5322,4.000000000000001,-0.042146379097118145,7.733009374691002e-5,0.008793753109276495,0.00669134369424563,0.042146379097118145,-0.042242162133749366
5323,10.000000000000002,-0.042119018901541724,1.787010382944388e-5,0.004227304558396979,0.008244036056684726,0.042119018901541724,-0.042096361116405585
5324,4.000000000000001,-0.04226672876647245,3.444704636923472e-5,0.005869160618796756,0.012477497397870454,0.04226672876647245,-0.042120696525506894
5325,1.6000000000000005,-0.04279892073470489,0.0006376137116163505,0.02525101407104971,0.021572301779077124,0.04279892073470489,-0.04299562364074841
5326,4.000000000000001,-0.04250108989738703,6.705737634700616e-5,0.008188856840060533,0.007804525389222176,0.04250108989738703,-0.042361609068498104
5327,10.000000000000002,-0.04240031485831227,1.4798615504848984e-5,0.003846896866936906,0.014706300056609478,0.04240031485831227,-0.042110168710062505
5328,4.000000000000001,-0.0419593541727322,7.06389435440709e-5,0.0084046977068822,0.014342109038996567,0.0419593541727322,-0.042406403317446544
5329,1.6000000000000005,-0.04207115669221334,0.0005534102499163026,0.023524673215930176,0.0038262491344832877,0.04207115669221334,-0.04315016679937174
5330,4.000000000000001,-0.04229618922808827,6.379832951838837e-5,0.007987385649784814,0.003305562584446215,0.04229618922808827,-0.04238438005203488
5331,10.000000000000002,-0.04210670901464932,4.26284814923583e-5,0.006529049049621109,0.03247346586393693,0.04210670901464932,-0.04172023208229878
5332,4.000000000000001,-0.04240284078659705,0.0002266622485656935,0.015055306325867086,0.012840114839703848,0.04240284078659705,-0.0429126786418603
5333,10.000000000000002,-0.04233282432835091,3.0632087415799054e-5,0.005534626221868922,0.005600083005341295,0.04233282432835091,-0.04214560116970761
5334,25.000000000000004,-0.04229016224101732,1.3535788457036665e-5,0.003679101582864581,0.030046883258835626,0.04229016224101732,-0.04173154651924618
5335,10.000000000000002,-0.04180304430295283,1.9417774496330243e-5,0.004406560392906268,0.025441127119103398,0.04180304430295283,-0.0414797931634082
5336,4.000000000000001,-0.04263429356853499,0.0006250341862749529,0.025000683716149705,0.011043055824921329,0.04263429356853499,-0.044821321504924974
5337,10.000000000000002,-0.04225442593334298,7.801147408366582e-5,0.008832410434511398,0.055624200825320554,0.04225442593334298,-0.042249287658599775
5338,4.000000000000001,-0.041980927263275486,0.00038952796750890326,0.01973646289254747,0.010761463339055342,0.041980927263275486,-0.043037744089969965
5339,10.000000000000002,-0.04218755524072217,4.733328565224997e-5,0.0068799190149485025,0.008605871192914007,0.04218755524072217,-0.042031005882658776
5340,4.000000000000001,-0.042416736495250996,0.00024660871683391476,0.015703780335763577,0.026702694075650225,0.042416736495250996,-0.042811645163317355
5341,1.6000000000000005,-0.04223253203244553,0.0016872416917398526,0.041076047664543536,0.00866582221910131,0.04223253203244553,-0.04431739827344049
5342,4.000000000000001,-0.0422073720421973,0.00018143037359533273,0.013469609259192812,0.016704855235320847,0.0422073720421973,-0.0425476313570586
5343,10.000000000000002,-0.04246346787630905,5.1938376704874464e-5,0.007206828477553387,0.05217663319294642,0.04246346787630905,-0.04166190513925686
5344,4.000000000000001,-0.0420654996477544,0.000287597926753671,0.01695871241438073,0.004957635229637638,0.0420654996477544,-0.04314194068155873
5345,10.000000000000002,-0.04193968752752835,4.774360346326893e-5,0.006909674627887259,0.023930151408017727,0.04193968752752835,-0.0419013311468814
5346,4.000000000000001,-0.04229912064854495,0.0002569202870720414,0.01602873317115365,0.014376505149569273,0.04229912064854495,-0.04313233089469534
5347,10.000000000000002,-0.04244806104751366,3.837784724725664e-5,0.006194985653514997,0.039548106912754455,0.04244806104751366,-0.04201538330851354
5348,4.000000000000001,-0.04216108859527267,0.00021973607710198823,0.01482349746524039,0.011841755068103981,0.04216108859527267,-0.04304469923522886
5349,10.000000000000002,-0.04208909257308772,1.7151891210242424e-5,0.004141484179644107,0.00781359047859571,0.04208909257308772,-0.04222824376062646
5350,4.000000000000001,-0.042375934750621194,7.545617003172088e-5,0.00868655110108269,0.015640574366839598,0.042375934750621194,-0.04241091473471847
5351,1.6000000000000005,-0.042113250925364616,8.37928362626486e-5,0.009153842704714157,0.009314938705410296,0.042113250925364616,-0.042209696963901804
5352,4.000000000000001,-0.041985774370374124,5.0168646019045724e-5,0.0070829828475752876,0.009311157967516278,0.041985774370374124,-0.042314307427761044
5353,1.6000000000000005,-0.042529425341165994,0.0007837094946956482,0.027994811924634325,0.010126105159035705,0.042529425341165994,-0.04307681546006323
5354,4.000000000000001,-0.04253421900412509,8.558441555208822e-5,0.009251184548590965,0.003946955708378841,0.04253421900412509,-0.04242759082731235
5355,10.000000000000002,-0.04251664767458986,1.9033262004491682e-5,0.004362712688739849,0.016846183867119443,0.04251664767458986,-0.042136689326458074
5356,4.000000000000001,-0.041828422790739846,8.417953456504545e-5,0.009174940575559357,0.0202604829923837,0.041828422790739846,-0.04239963402509165
5357,1.6000000000000005,-0.04154677624114516,0.00010544291424363064,0.010268540024932007,0.01056901458380992,0.04154677624114516,-0.0421905834967255
5358,4.000000000000001,-0.041798571890337435,3.321138387362087e-5,0.00576293188174395,0.02326847575081997,0.041798571890337435,-0.0421718289419767
5359,1.6000000000000005,-0.0426842516550266,0.0005018126887969141,0.02240117605834377,0.0052645383196859765,0.0426842516550266,-0.042883330147605155
5360,4.000000000000001,-0.0426378751631991,6.379400223854916e-5,0.007987114763076161,0.012710410000302218,0.0426378751631991,-0.04220774214449191
5361,1.6000000000000005,-0.042183513852146484,0.0004634246891905596,0.021527301019648507,0.005023273683176289,0.042183513852146484,-0.04282160584331009
5362,4.000000000000001,-0.042289321535662165,0.00010404328594265858,0.010200161074348707,0.021633854266733882,0.042289321535662165,-0.04194363521630033
5363,1.6000000000000005,-0.04243858456430989,0.0008415508767384914,0.029009496319972385,0.004925878137630044,0.04243858456430989,-0.04320560334978742
5364,4.000000000000001,-0.04250411037605234,0.0001318444597687117,0.01148235427813964,0.029829101175776352,0.04250411037605234,-0.041995751407434785
5365,1.6000000000000005,-0.04184575712012601,0.0006002682434341241,0.02450037231215322,0.006092328710454858,0.04184575712012601,-0.042999310212275835
5366,4.000000000000001,-0.04165641826261281,8.210905826557701e-5,0.009061404872621961,0.017666313347766922,0.04165641826261281,-0.042086672006379965
5367,1.6000000000000005,-0.04243521670437954,0.0004808454610778218,0.02192818873226473,0.006450218706747774,0.04243521670437954,-0.042869512084435
5368,4.000000000000001,-0.042644875260116226,3.669857674331534e-5,0.006057935023035105,0.013201038072656077,0.042644875260116226,-0.04227734326362959
5369,1.6000000000000005,-0.042043173657908495,3.942229835175736e-5,0.00627871789076061,0.016211714873064508,0.042043173657908495,-0.04210682557663873
5370,0.6400000000000002,-0.043417275083847386,0.00224823105546338,0.04741551492352877,0.015616887885481675,0.043417275083847386,-0.043448534175862405
5371,1.6000000000000005,-0.04328535440998058,0.00032968012801295484,0.01815709580337546,0.00752313234590822,0.04328535440998058,-0.04254923549701528
5372,4.000000000000001,-0.04245770243841046,6.27494172586784e-5,0.007921452976485967,0.009520234998549464,0.04245770243841046,-0.04219364048871602
5373,10.000000000000002,-0.04212187931437328,2.1606874509872513e-5,0.004648319536119748,0.011275726848851326,0.04212187931437328,-0.04206825395730441
5374,4.000000000000001,-0.042209087995529505,8.855999981349293e-5,0.009410632274905493,0.014246414682034428,0.042209087995529505,-0.042397223274351255
5375,1.6000000000000005,-0.04161204161997478,0.00047113972830801793,0.021705753345784107,0.013204335471028313,0.04161204161997478,-0.042767913991703994
5376,4.000000000000001,-0.04174534592184449,0.00010507568637499527,0.01025064321762275,0.02146651006311287,0.04174534592184449,-0.04203207535466634
5377,1.6000000000000005,-0.04299265841756765,0.0005759962466323411,0.023999921804713054,0.006526875689445362,0.04299265841756765,-0.043117538929256655
5378,4.000000000000001,-0.04249809845594022,5.299625219413014e-5,0.007279852484366022,0.012144241160702372,0.04249809845594022,-0.04226282186654082
5379,1.6000000000000005,-0.04194480803350947,0.00011541010611426562,0.010742909573959264,0.02033883185787806,0.04194480803350947,-0.04233030861776637
5380,0.6400000000000002,-0.04204758195111262,0.00012549328274416455,0.011202378441392014,0.02049929408052287,0.04204758195111262,-0.042279545207278765
5381,0.2560000000000001,-0.0406263786867492,0.008612300032580546,0.09280247859071732,0.008553066391338012,0.0406263786867492,-0.04491701968985512
5382,0.6400000000000002,-0.04199379479489129,0.0027715001581762166,0.05264503925514936,0.04188796246415169,0.04199379479489129,-0.04139484668363406
5383,1.6000000000000005,-0.04280822560466449,0.0006444528763509456,0.0253860764268712,0.005794616392916211,0.04280822560466449,-0.042790776554894036
5384,4.000000000000001,-0.0426673884181533,6.536348804814577e-5,0.008084768892686158,0.016980602033289327,0.0426673884181533,-0.04215329854882723
5385,1.6000000000000005,-0.04169497727096231,0.00020847581498396628,0.014438691595292362,0.01044104894089158,0.04169497727096231,-0.04250981059417666
5386,4.000000000000001,-0.041811265622964194,3.916538478770103e-5,0.006258225370478522,0.014942287093701611,0.041811265622964194,-0.04219546104546
5387,1.6000000000000005,-0.04228362045962799,0.00011399515247433898,0.010676851243430293,0.008096137332999276,0.04228362045962799,-0.04228506692248311
5388,4.000000000000001,-0.042330517659129936,2.4555219555761475e-5,0.004955322346302153,0.009847509270957837,0.042330517659129936,-0.042163727756045224
5389,1.6000000000000005,-0.0424894663194181,0.0003165516678661426,0.017791898939296575,0.005256115848946591,0.0424894663194181,-0.04261514584540848
5390,4.000000000000001,-0.04238615152572748,3.4242662235474386e-5,0.005851723014247546,0.005250419454210577,0.04238615152572748,-0.042258054291499016
5391,10.000000000000002,-0.04235623305624404,1.1270229288882252e-5,0.0033571162161715896,0.0030560053972769276,0.04235623305624404,-0.04208950824088456
5392,25.000000000000004,-0.04226849835921591,7.94450418778224e-6,0.0028185996856209005,0.03240615655231939,0.04226849835921591,-0.04185010282636208
5393,10.000000000000002,-0.04232474906583774,4.1024649725030896e-5,0.006405048768356951,0.03758684495375129,0.04232474906583774,-0.042326624237199
5394,4.000000000000001,-0.04221723996642319,0.00024725205139888016,0.015724250424070465,0.007090512039750653,0.04221723996642319,-0.04274817749072958
5395,10.000000000000002,-0.042271262031633665,3.505995718012686e-5,0.005921144921392049,0.013125999194185726,0.042271262031633665,-0.04214965974037592
5396,4.000000000000001,-0.042144890693137343,0.0001762870901165128,0.013277314868470688,0.006440867354995063,0.042144890693137343,-0.04269719144096495
5397,10.000000000000002,-0.042141317188350264,3.586383561692944e-5,0.0059886422181433955,0.04204425462836334,0.042141317188350264,-0.04191199722249537
5398,4.000000000000001,-0.042196899781765905,0.00024425504813326725,0.01562866111134499,0.015272666713328916,0.042196899781765905,-0.04318380975190839
5399,10.000000000000002,-0.04231090360571841,2.5035559585199257e-5,0.005003554694934318,0.00784779908382071,0.04231090360571841,-0.042224872041871066
5400,4.000000000000001,-0.04224789798073605,5.320983206407515e-5,0.007294506978821471,0.022728271693081187,0.04224789798073605,-0.04217963816884451
5401,1.6000000000000005,-0.042252128367728584,0.0015436720120831312,0.03928959165075569,0.008516472231848269,0.042252128367728584,-0.04415437605497157
5402,4.000000000000001,-0.04223719464690571,0.0001339736737724339,0.0115746997270959,0.006436759407212319,0.04223719464690571,-0.0425135791898262
5403,10.000000000000002,-0.04237217293150805,7.94026908262411e-5,0.00891081875173326,0.04102953781733911,0.04237217293150805,-0.041226424258803136
5404,4.000000000000001,-0.04163189003632621,0.00032385430715835544,0.01799595252156316,0.05263224695703327,0.04163189003632621,-0.0423931852599908
5405,1.6000000000000005,-0.04199036723420059,0.0023760893553188872,0.048745146992484154,0.013855662153896296,0.04199036723420059,-0.04585475024849482
5406,4.000000000000001,-0.04166988731411789,0.00023704116847237083,0.01539614135010363,0.028803932985594524,0.04166988731411789,-0.04228008603258856
5407,1.6000000000000005,-0.0419495428731832,0.0011729998655014766,0.03424908561555296,0.017339562363238734,0.0419495428731832,-0.04349607708694219
5408,4.000000000000001,-0.042341048916966995,0.000129362631237358,0.01137376943837697,0.008497969213702071,0.042341048916966995,-0.04232946116711624
5409,10.000000000000002,-0.04235847186539638,2.794199781775304e-5,0.005286019089802177,0.0061934073055073344,0.04235847186539638,-0.04196424244664865
5410,25.000000000000004,-0.04220825028820667,1.270326971200266e-5,0.0035641646583740574,0.03875612086817299,0.04220825028820667,-0.041633913741184206
5411,10.000000000000002,-0.04212067923982751,1.740003389830102e-5,0.004171334786168693,0.03598073177436194,0.04212067923982751,-0.04130605253493298
5412,4.000000000000001,-0.042363837064795004,0.0007169747382447921,0.026776383965068772,0.04231006042170907,0.042363837064795004,-0.04516358945141739
5413,1.6000000000000005,-0.04210554905087853,0.0031173475092176315,0.055833211525199156,0.021035570636731903,0.04210554905087853,-0.047800524658252214
5414,4.000000000000001,-0.042271855991409826,0.00039153765532393364,0.019787310462110148,0.004911060511129221,0.042271855991409826,-0.04254589486348643
5415,10.000000000000002,-0.042174585458013204,7.753526203041071e-5,0.008805410951818814,0.013577436249564038,0.042174585458013204,-0.04156359560815304
5416,4.000000000000001,-0.042323449709181324,0.00037321435011912745,0.01931875643304008,0.006172228867178541,0.042323449709181324,-0.04341140633866228
5417,10.000000000000002,-0.04221894210467618,4.582928140775513e-5,0.006769732742712605,0.02211194938427157,0.04221894210467618,-0.04197885310298606
5418,4.000000000000001,-0.04196839717092444,0.00022318575439881944,0.014939402745719772,0.011640604084209156,0.04196839717092444,-0.04250250104100406
5419,10.000000000000002,-0.04190000188910449,2.9758205491300918e-5,0.005455108201612587,0.006054402225285123,0.04190000188910449,-0.041940890384355445
5420,25.000000000000004,-0.04204913288956759,1.2822523499365825e-5,0.0035808551352108373,0.02655586982718204,0.04204913288956759,-0.0415523236824931
5421,10.000000000000002,-0.04214409360990325,2.7290432791116873e-5,0.0052240245779587285,0.028133561304488887,0.04214409360990325,-0.041437564382718776
5422,4.000000000000001,-0.04351649653310879,0.0006351694865092899,0.025202569045819315,0.04726890542652483,0.04351649653310879,-0.04434316776975519
5423,1.6000000000000005,-0.04276227908286078,0.004540450107246568,0.06738286211824612,0.019320565423094096,0.04276227908286078,-0.05056304338882476
5424,4.000000000000001,-0.04233807317314421,0.0005110297028085888,0.022605966088813562,0.017594911075599295,0.04233807317314421,-0.043172659411597716
5425,10.000000000000002,-0.04206155680893322,9.116013798728254e-5,0.009547781835970203,0.016791720816483856,0.04206155680893322,-0.041594274323841086
5426,4.000000000000001,-0.041685473931802296,0.00013341268643707902,0.011550440962884448,0.0419826241824298,0.041685473931802296,-0.04107441410718148
5427,1.6000000000000005,-0.04212227745228062,0.0028893868556061587,0.05375301717677026,0.010095941515263038,0.04212227745228062,-0.04763752760927957
5428,4.000000000000001,-0.04218035881003283,0.00030858562446628326,0.017566605376858765,0.004668865911712685,0.04218035881003283,-0.042769901767426004
5429,10.000000000000002,-0.04196292746968896,5.440153055647444e-5,0.007375739322703484,0.02765467760794775,0.04196292746968896,-0.04185766161152493
5430,4.000000000000001,-0.04223150376911559,0.0002247617261183792,0.014992055433408029,0.005873398482428963,0.04223150376911559,-0.04270396412268218
5431,10.000000000000002,-0.0420761535478149,3.438680173980915e-5,0.0058640260691617966,0.01984825523282166,0.0420761535478149,-0.04187901013871561
5432,4.000000000000001,-0.042336481199917404,0.00024187115829303932,0.015552207505464918,0.007608420383328017,0.042336481199917404,-0.04297290115518726
5433,10.000000000000002,-0.04223970484667958,3.232347803906353e-5,0.005685374045659927,0.029849415161191977,0.04223970484667958,-0.04196379159338845
5434,4.000000000000001,-0.04242160824785217,0.0002435805278677737,0.015607066600350423,0.014794726229259635,0.04242160824785217,-0.04279084797647156
5435,10.000000000000002,-0.04233322084293123,2.709408153274357e-5,0.005205197549828783,0.005562925740378675,0.04233322084293123,-0.04207952865547427
5436,25.000000000000004,-0.04225176633838037,9.733092550556896e-6,0.0031197904658096663,0.005705107732146838,0.04225176633838037,-0.04182257875385417
5437,10.000000000000002,-0.0422099771955843,1.0783016610664834e-5,0.0032837503879961454,0.014689349693642164,0.0422099771955843,-0.04151703813252573
5438,4.000000000000001,-0.04217387796722445,1.7742069235428545e-5,0.0042121335728379445,0.025925705168994923,0.04217387796722445,-0.04144036192090609
5439,1.6000000000000005,-0.04146014526471778,0.005666000504747904,0.07527284041902434,0.017468598531212718,0.04146014526471778,-0.05268345646710971
5440,4.000000000000001,-0.0422767623470786,0.0007167472789720809,0.026772136242221703,0.02849319828993232,0.0422767623470786,-0.04277522449262946
5441,10.000000000000002,-0.04184934226476966,0.0001598710920199327,0.012644014078603863,0.03840407367793916,0.04184934226476966,-0.04083118508399291
5442,4.000000000000001,-0.041646865048395376,0.000647082271447073,0.025437811844714022,0.010877051905043499,0.041646865048395376,-0.04427013898450641
5443,10.000000000000002,-0.04205313759884181,5.802141659089949e-5,0.007617179044167171,0.01663504859783381,0.04205313759884181,-0.04181799987469557
5444,4.000000000000001,-0.04255665258026107,6.20184891075325e-5,0.007875181845997748,0.027580086013899108,0.04255665258026107,-0.041052064696099934
5445,1.6000000000000005,-0.04299542312910492,0.003124884726484572,0.05590066839032045,0.010809329646245654,0.04299542312910492,-0.04701107871540459
5446,4.000000000000001,-0.04270707396168522,0.0003853301824444437,0.019629828894935475,0.011608864604899332,0.04270707396168522,-0.04288031651830526
5447,10.000000000000002,-0.04218828979792125,7.015756459394092e-5,0.008376011257987953,0.014240584114878822,0.04218828979792125,-0.04168453472572391
5448,4.000000000000001,-0.04136722889092513,0.00031459782696758687,0.01773690578899225,0.010516150327331884,0.04136722889092513,-0.042985828971472066
5449,10.000000000000002,-0.04152901364214722,3.674422445191502e-5,0.006061701448596344,0.013322633054454925,0.04152901364214722,-0.041894619419137705
5450,4.000000000000001,-0.0419185192385802,0.00010357875702696326,0.010177364935333864,0.016065142630138918,0.0419185192385802,-0.04193476946510643
5451,1.6000000000000005,-0.04529693746174545,0.0017910400712018613,0.0423206813650473,0.013262310124835874,0.04529693746174545,-0.0452227826004058
5452,4.000000000000001,-0.04399241214448031,0.0001918046092059532,0.013849354107898072,0.008547319476268163,0.04399241214448031,-0.042787081109723395
5453,10.000000000000002,-0.04254281010719817,4.535543564367135e-5,0.0067346444333514265,0.03007801102929464,0.04254281010719817,-0.04198762459072721
5454,4.000000000000001,-0.040936938374606546,0.00019834969388904898,0.014083667629174191,0.013398226452578557,0.040936938374606546,-0.042640488250987985
5455,10.000000000000002,-0.041297411948972275,2.486517838688318e-5,0.004986499612642438,0.014224987941011307,0.041297411948972275,-0.04199845902454097
5456,4.000000000000001,-0.04251941276229027,9.079505602451065e-5,0.009528643976165268,0.017043220635926497,0.04251941276229027,-0.042137613439936654
5457,1.6000000000000005,-0.043116554209767566,0.0001481465136170171,0.01217154524360063,0.02080378943683369,0.043116554209767566,-0.042085218459530074
5458,0.6400000000000002,-0.0472240538946463,0.006594145845540438,0.0812043462232191,0.012203685607186592,0.0472240538946463,-0.04796563388587602
5459,1.6000000000000005,-0.044539799718541224,0.0009130579964677693,0.030216849545704947,0.012940778036243588,0.044539799718541224,-0.04310355948634015
5460,4.000000000000001,-0.04247937745113643,0.00014281393146105107,0.011950478294237895,0.011600898007678596,0.04247937745113643,-0.0421221984936705
5461,10.000000000000002,-0.04200143974923359,4.5222197628319466e-5,0.006724745171998673,0.009054159434284654,0.04200143974923359,-0.041839129081499414
5462,4.000000000000001,-0.04195530683108955,0.00019569352859861387,0.013989050310818596,0.009051034421581434,0.04195530683108955,-0.0427842134419814
5463,10.000000000000002,-0.041981738719411806,5.8304858568801655e-5,0.0076357618198056474,0.057738840482121585,0.041981738719411806,-0.04159461616471146
5464,4.000000000000001,-0.04193118066415201,0.0003720378210671756,0.019288281962558915,0.009722522404720046,0.04193118066415201,-0.043291976747961605
5465,10.000000000000002,-0.04204459815933133,3.084832789452962e-5,0.005554127104642963,0.007340934519752018,0.04204459815933133,-0.04202939922537794
5466,4.000000000000001,-0.04243287985890932,0.00023854107301125288,0.015444774942071927,0.012798757056785449,0.04243287985890932,-0.04273598468484855
5467,10.000000000000002,-0.042445826674128606,2.8116588116793428e-5,0.0053025077196354395,0.019581905717671405,0.042445826674128606,-0.04204439695664556
5468,4.000000000000001,-0.04230756968953977,0.00010488348085168608,0.010241263635493722,0.007502293785687097,0.04230756968953977,-0.04257009548149297
5469,10.000000000000002,-0.042180911979279125,1.5021985451377175e-5,0.0038758206165117053,0.0028750991368709303,0.042180911979279125,-0.04215239579548714
5470,25.000000000000004,-0.04217626400331165,6.171100512560433e-6,0.002484169984634794,0.0038777433879690778,0.04217626400331165,-0.04194139460599187
5471,10.000000000000002,-0.04221821432819598,6.217236240800204e-6,0.0024934386378654286,0.011057164541234711,0.04221821432819598,-0.04172551679768649
5472,4.000000000000001,-0.042899853889715206,0.0006698704966570168,0.025881856514883485,0.0096335133872676,0.042899853889715206,-0.04418558877264149
5473,10.000000000000002,-0.04245330106114357,0.00011237206754759871,0.010600569208660388,0.04188736437530615,0.04245330106114357,-0.04156539603187198
5474,4.000000000000001,-0.041636784429520506,0.0006063860215893947,0.024624906529556505,0.008107883789382826,0.041636784429520506,-0.04419083328074984
5475,10.000000000000002,-0.041757691357191394,4.992572762929124e-5,0.007065814010380632,0.008059794394061204,0.041757691357191394,-0.042194330000653375
5476,25.000000000000004,-0.04197110001768469,1.2862961490865432e-5,0.003586497105932951,0.011798723828600675,0.04197110001768469,-0.04180443304608584
5477,10.000000000000002,-0.042382077810074824,3.3676532769278083e-5,0.00580314852207645,0.024896856323098335,0.042382077810074824,-0.04186772586155116
5478,4.000000000000001,-0.042782585608114966,5.629487497017822e-5,0.007502991068245931,0.03273515529391423,0.042782585608114966,-0.041795276054343876
5479,1.6000000000000005,-0.04357993083874353,0.004707464554086799,0.06861096526129623,0.008988333078990982,0.04357993083874353,-0.0499708857018385
5480,4.000000000000001,-0.04319352395959062,0.00047995661922432326,0.02190791225161182,0.008205224000965829,0.04319352395959062,-0.042980138229916094
5481,10.000000000000002,-0.04238480081655537,8.476865757096067e-5,0.009206989604151873,0.018761303359886197,0.04238480081655537,-0.04148833859801378
5482,4.000000000000001,-0.04122749372824527,0.00037937176926188497,0.019477468245690584,0.009195274558798148,0.04122749372824527,-0.043161377292024246
5483,10.000000000000002,-0.0415278961725568,5.2548268844578936e-5,0.007249018474564604,0.00934307714353505,0.0415278961725568,-0.0419766316814715
5484,4.000000000000001,-0.0424201651968535,0.0002636041386919327,0.01623589044961602,0.007505287896441764,0.0424201651968535,-0.04304499648297894
5485,10.000000000000002,-0.04232117563710788,3.938247830110017e-5,0.006275546056009802,0.003725217566829752,0.04232117563710788,-0.042098548704872514
5486,25.000000000000004,-0.04207770809057273,2.159087198158222e-5,0.004646597893252892,0.026456620514889374,0.04207770809057273,-0.04129902676133978
5487,10.000000000000002,-0.04222459904008946,0.00011758563506931478,0.01084369102609046,0.010727242910226262,0.04222459904008946,-0.042820369215848406
5488,25.000000000000004,-0.04214084130009952,2.514386860078399e-5,0.005014366221247107,0.01408007620275574,0.04214084130009952,-0.04167519341056948
5489,10.000000000000002,-0.04232688832130695,0.00017612576304703673,0.013271238188166043,0.03919274313491285,0.04232688832130695,-0.04322270041442988
5490,4.000000000000001,-0.04238291646519911,0.000613988403748597,0.024778789392312876,0.022804834399074256,0.04238291646519911,-0.04453101380994058
5491,10.000000000000002,-0.04223335763335202,5.669435059011992e-5,0.007529565099666774,0.015198708790760618,0.04223335763335202,-0.04229470938894045
5492,4.000000000000001,-0.042065475216858626,0.00023972064094232936,0.015482914484758008,0.01322806316529904,0.042065475216858626,-0.04298685143810167
5493,10.000000000000002,-0.04202372167323292,2.6021430450313157e-5,0.0051011205092913806,0.019558276937472564,0.04202372167323292,-0.04224544818688117
5494,4.000000000000001,-0.04231922043573614,3.1247350766639503e-5,0.005589932984091983,0.020155518751134437,0.04231922043573614,-0.041970044721802754
5495,1.6000000000000005,-0.042600359612615664,0.0018066816706504224,0.042505078174853675,0.035639908348030526,0.042600359612615664,-0.04477699395120971
5496,4.000000000000001,-0.04265380348274965,0.0002392967708016585,0.01546922010967775,0.005707005336299127,0.04265380348274965,-0.04238971952164033
5497,10.000000000000002,-0.04240908283279991,4.998667978947542e-5,0.007070125868007968,0.008171672627245758,0.04240908283279991,-0.04186048122184746
5498,25.000000000000004,-0.042080984980238566,3.496057572955182e-5,0.005912746885293824,0.07647892033452465,0.042080984980238566,-0.04061223227905555
5499,10.000000000000002,-0.04186079069265842,0.0002263543881545005,0.015045078536003077,0.007644870431037901,0.04186079069265842,-0.04357170068100219
5500,25.000000000000004,-0.041785773915339205,2.9562368607842585e-5,0.005437128709883792,0.015434577734503626,0.041785773915339205,-0.04170348921463968
5501,10.000000000000002,-0.042052745187285294,0.00010766189102334149,0.010376024817980221,0.04263818114084591,0.042052745187285294,-0.042374343344563595
5502,4.000000000000001,-0.042643388939388106,0.0008344547131819223,0.02888692979847326,0.016205827990243036,0.042643388939388106,-0.04529568783523617
5503,10.000000000000002,-0.042483665842022025,0.00012861118975148324,0.01134068735798158,0.0172380432360536,0.042483665842022025,-0.042263515905316996
5504,4.000000000000001,-0.042309595480106155,0.000548684477431456,0.023424014972490435,0.014823956396202674,0.042309595480106155,-0.043994746867906276
5505,10.000000000000002,-0.04207532567442086,5.9770808241565694e-5,0.007731158272960508,0.009529942163139009,0.04207532567442086,-0.041956542739946104
5506,25.000000000000004,-0.041945230530855575,2.4906786707597472e-5,0.004990669965805941,0.040689102863999724,0.041945230530855575,-0.0411433066137952
5507,10.000000000000002,-0.04186541166637577,0.00016744736299649678,0.012940145400902449,0.029909001031751904,0.04186541166637577,-0.04294689484475535
5508,4.000000000000001,-0.04264703310214503,0.0007798056496748421,0.027925000441805584,0.01611526371871797,0.04264703310214503,-0.04486341828105703
5509,10.000000000000002,-0.042488977459764175,8.261203797830098e-5,0.009089116457516703,0.006054686195374099,0.042488977459764175,-0.04222773580240817
5510,25.000000000000004,-0.042213099083010006,2.5301925116447468e-5,0.005030101899211135,0.030924538683677536,0.042213099083010006,-0.04136138230647157
5511,10.000000000000002,-0.04156864725043103,3.313219917727112e-5,0.005756057607188371,0.03066198961134919,0.04156864725043103,-0.04077180009969336
5512,4.000000000000001,-0.04185662855877396,0.001170066473542748,0.0342062344250686,0.00920725852748195,0.04185662855877396,-0.046724993032094285
5513,10.000000000000002,-0.04205421664251166,0.00010912297201720519,0.010446194140317572,0.007686931071399789,0.04205421664251166,-0.0425879475185671
5514,25.000000000000004,-0.041995477178461534,3.53043273740675e-5,0.005941744472296625,0.02282804519947477,0.041995477178461534,-0.04121407217757028
5515,10.000000000000002,-0.04203988311049611,0.00017139632170527295,0.013091841799581637,0.008187023680228335,0.04203988311049611,-0.042966775664452325
5516,25.000000000000004,-0.04207429221027644,8.357713730786147e-5,0.009142053232609262,0.09352792887958691,0.04207429221027644,-0.039568533619508794
5517,10.000000000000002,-0.041621059922844476,0.0005358611854523482,0.023148675673833875,0.04506942285137128,0.041621059922844476,-0.04594424324354345
5518,4.000000000000001,-0.041054666133930766,0.000824557517810445,0.02871510957336651,0.046629225613931735,0.041054666133930766,-0.0435972297874788
5519,1.6000000000000005,-0.04336047323844116,0.007294889619243523,0.08541012597604293,0.009469288352970237,0.04336047323844116,-0.05763878213295048
5520,4.000000000000001,-0.04302188216005718,0.0008526451958798002,0.02920008897040898,0.006662308531740438,0.04302188216005718,-0.04379405928692416
5521,10.000000000000002,-0.04254971715722566,0.00018223236218947714,0.013499346731952518,0.01708291311761243,0.04254971715722566,-0.04128564686543401
5522,4.000000000000001,-0.04135497087311896,0.0006281200495065825,0.02506232330624163,0.031403442825723195,0.04135497087311896,-0.043497909290169154
5523,1.6000000000000005,-0.04013419635817812,0.0029165743128093014,0.0540053174493892,0.005446212023354412,0.04013419635817812,-0.046597052064384456
5524,4.000000000000001,-0.040965050954770224,0.00033942485712602717,0.018423486562701076,0.020621630377458663,0.040965050954770224,-0.042566545613894634
5525,10.000000000000002,-0.04169329882701926,7.427973327197242e-5,0.008618569096548012,0.019894609083863042,0.04169329882701926,-0.04153860930899114
5526,4.000000000000001,-0.04237073545227997,0.00036946597814948163,0.019221497812331942,0.02180352668041674,0.04237073545227997,-0.04312132722062616
5527,10.000000000000002,-0.04237587958390206,4.74952962675961e-5,0.006891683122982085,0.007288790372937354,0.04237587958390206,-0.04192924524254727
5528,25.000000000000004,-0.042152742155914635,1.971609361022165e-5,0.004440280803082351,0.012486504897319497,0.042152742155914635,-0.04129693212639417
5529,10.000000000000002,-0.04167992952994179,4.5120231622650084e-5,0.006717159490636655,0.03499398500249189,0.04167992952994179,-0.04113931060135509
5530,4.000000000000001,-0.04340842945033262,0.001334742102920412,0.03653412244628865,0.014252067578491994,0.04340842945033262,-0.04645557497153484
5531,10.000000000000002,-0.04285076124898497,0.00012093506062188527,0.010997047813931031,0.009310496078395434,0.04285076124898497,-0.042503519546979646
5532,25.000000000000004,-0.04214077862914515,3.614015893070736e-5,0.006011668564608944,0.0639484981489896,0.04214077862914515,-0.04105782662475476
5533,10.000000000000002,-0.041264493554945096,0.0001897022672775994,0.013773244616923036,0.017353855870639482,0.041264493554945096,-0.04265971425700767
5534,4.000000000000001,-0.04198400984367459,0.0010793082551261205,0.03285282720141633,0.010315499872712986,0.04198400984367459,-0.046425703728316614
5535,10.000000000000002,-0.0419438846526201,0.0001186374863493791,0.010892083655085427,0.01275806575974177,0.0419438846526201,-0.04226953693077119
5536,25.000000000000004,-0.04180123055593526,4.10770642213948e-5,0.006409139117026155,0.06033971052683874,0.04180123055593526,-0.04097699645010383
5537,10.000000000000002,-0.04180481721718419,0.00019051493292321142,0.013802714693972755,0.007093761759244758,0.04180481721718419,-0.04274124150445487
5538,25.000000000000004,-0.04196806822597374,3.0114090590430777e-5,0.005487630690054751,0.017913891597166814,0.04196806822597374,-0.04154577081410405
5539,10.000000000000002,-0.04241255255300704,0.00020188314259400944,0.014208558779623268,0.01711903163049055,0.04241255255300704,-0.04302502358525644
5540,25.000000000000004,-0.04222188324825675,2.9247654877525183e-5,0.005408110102200692,0.013289842055316673,0.04222188324825675,-0.041576590005510505
5541,10.000000000000002,-0.04215859091837331,7.30716676108245e-5,0.008548196746146201,0.04465491393090711,0.04215859091837331,-0.04166820877404962
5542,4.000000000000001,-0.04253117456813732,0.002045957086563304,0.04523225714645804,0.014634972782387946,0.04253117456813732,-0.05056579580496359
5543,10.000000000000002,-0.04247419680222039,0.0001699157958699167,0.01303517532946591,0.011384667679673671,0.04247419680222039,-0.04250008102560337
5544,25.000000000000004,-0.042017097328111624,8.556890896938489e-5,0.009250346424290545,0.11546712541555296,0.042017097328111624,-0.03908914727438856
5545,10.000000000000002,-0.04149556795098042,0.0004972323725291656,0.02229870786680622,0.01805129744300878,0.04149556795098042,-0.046654991092769466
5546,25.000000000000004,-0.04165440360947597,4.279498628905152e-5,0.006541787698255846,0.01826618133902203,0.04165440360947597,-0.0420524997277855
5547,10.000000000000002,-0.0419111223780833,0.00015844942983228696,0.012587669753861792,0.008055451898466683,0.0419111223780833,-0.04306451344973914
5548,25.000000000000004,-0.04207963374178651,2.564885214158271e-5,0.005064469581464845,0.020679647593670518,0.04207963374178651,-0.04194146612950328
5549,10.000000000000002,-0.042318970156880964,4.803028268874384e-5,0.006930388350499836,0.027968956667689334,0.042318970156880964,-0.04184822930970559
5550,4.000000000000001,-0.04306839095672875,0.0010268497893452942,0.03204449702125615,0.013143320480804799,0.04306839095672875,-0.04685192472507186
5551,10.000000000000002,-0.0428154418960543,8.539581648591712e-5,0.00924098568800521,0.015217982392842968,0.0428154418960543,-0.04256474836127596
5552,4.000000000000001,-0.04197026401062671,0.00029536301724255085,0.017186128628709576,0.011360413232905556,0.04197026401062671,-0.0433449268859205
5553,10.000000000000002,-0.04206523620822845,3.463863337625122e-5,0.005885459487266158,0.00947131461878964,0.04206523620822845,-0.04235312352680243
5554,4.000000000000001,-0.04203670701603008,0.00012649408981881783,0.011246959136531875,0.0020905115277774335,0.04203670701603008,-0.0426589022434876
5555,10.000000000000002,-0.042089683988357426,3.6029795271969396e-5,0.006002482425794297,0.04123697714736815,0.042089683988357426,-0.04190874090310863
5556,4.000000000000001,-0.04215470405984135,0.0002390186292628278,0.015460227335418707,0.009547129944965533,0.04215470405984135,-0.04292928558322749
5557,10.000000000000002,-0.042148076762186154,2.4818244462319317e-5,0.0049817912905218455,0.009447085620552775,0.042148076762186154,-0.04211840897378991
5558,4.000000000000001,-0.042232343322925636,0.0001747192641370403,0.013218141478174619,0.008291153440660908,0.042232343322925636,-0.04261483632662174
5559,10.000000000000002,-0.04231545087284277,1.7362112397401384e-5,0.004166786819289101,0.003925962396554196,0.04231545087284277,-0.042179240365049914
5560,25.000000000000004,-0.042279128109681735,5.595296554630231e-6,0.0023654379202655545,0.006196525402752719,0.042279128109681735,-0.042003446877203456
5561,10.000000000000002,-0.04222808888918581,2.263306641337841e-5,0.004757422244596164,0.019288172579713908,0.04222808888918581,-0.04212636896798032
5562,4.000000000000001,-0.04207629921433007,0.0003243625550905252,0.018010068158963898,0.01136844038222014,0.04207629921433007,-0.04324911978009984
5563,10.000000000000002,-0.0421609755443788,3.201402970057083e-5,0.005658094175654098,0.007160629619377461,0.0421609755443788,-0.042380367476836545
5564,4.000000000000001,-0.0424544593526826,0.00014846363959682666,0.012184565630207204,0.013987362772642209,0.0424544593526826,-0.04264052103156409
5565,10.000000000000002,-0.0422628184863322,2.1494001288501916e-5,0.004636162344925155,0.010643956017908232,0.0422628184863322,-0.0423006320973619
5566,4.000000000000001,-0.04246677257752964,0.00014309616033527113,0.011962280733007027,0.01769092292860268,0.04246677257752964,-0.042624484712959564
5567,1.6000000000000005,-0.041813380883969034,0.0006413231185554458,0.025324358206190455,0.00525622820484331,0.041813380883969034,-0.04311988802307711
5568,4.000000000000001,-0.04199897537620542,8.54724988793754e-5,0.009245133794563246,0.012415823366042042,0.04199897537620542,-0.04232055143518542
5569,1.6000000000000005,-0.042794279411426515,0.00046551857510625764,0.02157587947468788,0.0038306653727184165,0.042794279411426515,-0.0428672873263737
5570,4.000000000000001,-0.04261824783556413,6.192762484392015e-5,0.007869410704996922,0.007240311837663681,0.04261824783556413,-0.042301545689540046
5571,10.000000000000002,-0.04226772178261168,2.0558753113207704e-5,0.0045341761228703615,0.020987436350395232,0.04226772178261168,-0.042005841094483465
5572,4.000000000000001,-0.042146316036346665,4.261387262553489e-5,0.0065279301945972805,0.007678804629680239,0.042146316036346665,-0.04203134691487235
5573,10.000000000000002,-0.04209276057851549,2.52159801474883e-5,0.005021551567741618,0.005731547002970656,0.04209276057851549,-0.04208123320496974
5574,25.000000000000004,-0.04187913406578843,1.7882717332676416e-5,0.004228796203729427,0.035862027748389404,0.04187913406578843,-0.041442149232697297
5575,10.000000000000002,-0.042400473149444444,4.281534453842832e-5,0.006543343528994051,0.04197371267255193,0.042400473149444444,-0.041349035650665486
5576,4.000000000000001,-0.04335135032581122,0.0012944248527619472,0.03597811630369143,0.018401429854951957,0.04335135032581122,-0.046619725253083964
5577,10.000000000000002,-0.04271097971744631,0.00010333744941719235,0.010165502910195459,0.035028943598984966,0.04271097971744631,-0.04210942654328412
5578,4.000000000000001,-0.0417519983907811,0.0004742131984740932,0.02177643677175155,0.008601973884337092,0.0417519983907811,-0.04378018957624806
5579,10.000000000000002,-0.041731450059027383,4.961085046772463e-5,0.007043497033982809,0.00748627623317848,0.041731450059027383,-0.042156769730492746
5580,25.000000000000004,-0.04185701984211706,1.8939380973587295e-5,0.00435193990923442,0.016250811357998232,0.04185701984211706,-0.04157891614041884
5581,10.000000000000002,-0.042397053804746364,0.00010136609561919848,0.010068073083723542,0.01959895805710065,0.042397053804746364,-0.0422467309366925
5582,4.000000000000001,-0.042716872955744466,0.0007230419724955966,0.02688943979512397,0.007318037612995026,0.042716872955744466,-0.04395955483000702
5583,10.000000000000002,-0.04253843468800627,7.41568527625842e-5,0.00861143732268802,0.01396110947218267,0.04253843468800627,-0.042253421537324386
5584,4.000000000000001,-0.04285030363883203,0.00032763256119027417,0.018100623226570797,0.011021839100521976,0.04285030363883203,-0.04317599920229335
5585,10.000000000000002,-0.04235801074881564,3.403558693805463e-5,0.00583400265152962,0.006881483796387817,0.04235801074881564,-0.042152860111628665
5586,25.000000000000004,-0.04214559273032539,1.2953651921064528e-5,0.0035991182143775896,0.01248370377352725,0.04214559273032539,-0.04178925636285562
5587,10.000000000000002,-0.04187693547428124,7.382244518940596e-5,0.008591998905342456,0.026077040370244574,0.04187693547428124,-0.04234508119949292
5588,4.000000000000001,-0.04209136788839466,0.0005330982657444561,0.023088920844085724,0.008248382184961175,0.04209136788839466,-0.04374910949527393
5589,10.000000000000002,-0.04201247508217422,5.538904806641307e-5,0.00744238188125368,0.009359772255669817,0.04201247508217422,-0.042191413519367726
5590,4.000000000000001,-0.041600642292805676,6.361251360363948e-5,0.007975745332170497,0.031497206411304775,0.041600642292805676,-0.04164690314364718
5591,1.6000000000000005,-0.04296771590559701,0.0025855247048216998,0.05084805507412943,0.01508150922746161,0.04296771590559701,-0.04635258228844764
5592,4.000000000000001,-0.042726468942540376,0.00035161782025936285,0.018751475148887965,0.004872891270917027,0.042726468942540376,-0.04238072698391501
5593,10.000000000000002,-0.04232865613623397,8.838224984818773e-5,0.00940118342806839,0.017029135596005662,0.04232865613623397,-0.04140908679151713
5594,4.000000000000001,-0.042300817169125295,0.0005063532693410605,0.02250229475722555,0.007944333641383559,0.042300817169125295,-0.04361443612879463
5595,10.000000000000002,-0.041954196717479776,4.2856626382142875e-5,0.006546497260531228,0.024357910593191093,0.041954196717479776,-0.04206080931932617
5596,4.000000000000001,-0.04178520945242811,0.00018850753817799916,0.013729804739252454,0.03949846180208249,0.04178520945242811,-0.042542627839736745
5597,1.6000000000000005,-0.04288487966822684,0.0015147640384608036,0.03891996966161206,0.012397624744109022,0.04288487966822684,-0.0445277843896131
5598,4.000000000000001,-0.04268329084787293,0.00015457116696763128,0.012432665320341865,0.003844528038402743,0.04268329084787293,-0.04246682710936512
5599,10.000000000000002,-0.04271648332014835,0.00015282759912116898,0.012362346020119683,0.06940047171867847,0.04271648332014835,-0.04030286942474686
5600,4.000000000000001,-0.04124607295963375,0.0007804330894518081,0.02793623255651714,0.017853689614047746,0.04124607295963375,-0.04515055007039673
5601,10.000000000000002,-0.04121883401838919,5.569653196209804e-5,0.007463010917994026,0.01215966516558956,0.04121883401838919,-0.04205901640794431
5602,4.000000000000001,-0.04099201169538232,5.8026761053624624e-5,0.00761752985249317,0.030270685756286535,0.04099201169538232,-0.04136960591103619
5603,1.6000000000000005,-0.04629672736261789,0.0026878468975686486,0.05184444905260976,0.006336307087913585,0.04629672736261789,-0.046794082396003855
5604,4.000000000000001,-0.04514624059689626,0.00031918009291727074,0.01786561202190596,0.007543671892236729,0.04514624059689626,-0.042606012556694835
5605,10.000000000000002,-0.04307380928592385,8.872736429237391e-5,0.009419520385474726,0.028524514974163723,0.04307380928592385,-0.04161452071203015
5606,4.000000000000001,-0.04217358604358067,0.00010078054889553198,0.010038951583483804,0.05349585494551122,0.04217358604358067,-0.040375546598545316
5607,1.6000000000000005,-0.03588920917980312,0.0034780240224689687,0.058974774458822384,0.036269094568343124,0.03588920917980312,-0.04838551537392025
5608,4.000000000000001,-0.03853898611826723,0.00035004993186896487,0.01870962137160891,0.01705983469600582,0.03853898611826723,-0.04256075329932496
5609,10.000000000000002,-0.04094122468593016,6.715595119934835e-5,0.008194873470612487,0.04293048462925193,0.04094122468593016,-0.04171300594470132
5610,4.000000000000001,-0.0443968015384901,0.0003149915044177445,0.017748000011768777,0.019872152989833535,0.0443968015384901,-0.043080902921562664
5611,10.000000000000002,-0.0435332444170127,3.728626639736187e-5,0.006106248144103044,0.022310430662690468,0.0435332444170127,-0.04203038725297162
5612,4.000000000000001,-0.04185032675752504,8.504698921863683e-5,0.009222092453377207,0.024263787398703142,0.04185032675752504,-0.042050775981287744
5613,1.6000000000000005,-0.04162372095007932,0.0015701824785803826,0.03962552811736877,0.005304123463271609,0.04162372095007932,-0.04484442334675661
5614,4.000000000000001,-0.04181891601707258,0.00012141116868521817,0.011018673635479825,0.00618392489191096,0.04181891601707258,-0.0424395481852794
5615,10.000000000000002,-0.04192443024692458,3.865720190479329e-5,0.006217491608743296,0.02759437229170972,0.04192443024692458,-0.04182765855823708
5616,4.000000000000001,-0.0423376075636318,0.00015761972000198228,0.0125546692509991,0.005566915138024592,0.0423376075636318,-0.042698148117459665
5617,10.000000000000002,-0.04222187611551521,0.0001290822881806814,0.011361438649250427,0.08281632796390875,0.04222187611551521,-0.04073837206754856
5618,4.000000000000001,-0.04208729079316831,0.0007845249290546589,0.028009372164592674,0.01218990795596431,0.04208729079316831,-0.04520325330423746
5619,10.000000000000002,-0.04209609597583129,4.2480529292566786e-5,0.0065177088990355184,0.016467541381842445,0.04209609597583129,-0.042023793484514654
5620,4.000000000000001,-0.04215990429682682,5.7785958830658876e-5,0.007601707625965292,0.02198471916545927,0.04215990429682682,-0.04185315423791149
5621,1.6000000000000005,-0.04337580503429529,0.0021941645984150503,0.046841910704144535,0.02178965618618716,0.04337580503429529,-0.04560827937212355
5622,4.000000000000001,-0.04269655911096492,0.00018675140713403653,0.013665701852961542,0.012003378485768365,0.04269655911096492,-0.04247894116223327
5623,10.000000000000002,-0.042326016578919996,3.425350921843338e-5,0.005852649760444698,0.009045574828946969,0.042326016578919996,-0.04197725309195548
5624,4.000000000000001,-0.04217980531328231,0.00016472307050019802,0.012834448585747579,0.004884710807283581,0.04217980531328231,-0.04259532101862827
5625,10.000000000000002,-0.042010074132439644,5.58924680339283e-5,0.007476126539453991,0.0385060601084681,0.042010074132439644,-0.04156199788073454
5626,4.000000000000001,-0.04243744507399537,0.0003642830231867754,0.019086199809987724,0.009692045817395715,0.04243744507399537,-0.04347627523430933
5627,10.000000000000002,-0.042173866907046706,6.807797952851241e-5,0.008250938099907937,0.06112735337923755,0.042173866907046706,-0.041578025457703366
5628,4.000000000000001,-0.04224375244851632,0.0002449685598122099,0.01565147149031713,0.03185134434079724,0.04224375244851632,-0.04254195635871277
5629,1.6000000000000005,-0.04170119280627822,0.002529415276593969,0.050293292560678195,0.008806213494408978,0.04170119280627822,-0.045761479692418235
5630,4.000000000000001,-0.04184608080584058,0.00018986725077211372,0.013779232590101442,0.005954385403145853,0.04184608080584058,-0.04248750401038467
5631,10.000000000000002,-0.04194552268380144,4.484253022550342e-5,0.006696456542493456,0.025167896169123887,0.04194552268380144,-0.04191466667155282
5632,4.000000000000001,-0.04221993875603236,0.00018840493121189056,0.013726067580042384,0.010837788081118056,0.04221993875603236,-0.04258371219824604
5633,10.000000000000002,-0.04220098227794275,2.9378983530622934e-5,0.0054202383278434295,0.00870244094479721,0.04220098227794275,-0.04194721056902957
5634,4.000000000000001,-0.042138728377786455,3.04273587620638e-5,0.005516099959397382,0.017250721233427947,0.042138728377786455,-0.04154569108312935
5635,1.6000000000000005,-0.04346165230989242,0.002669085761761149,0.051663195427317,0.024963487915598038,0.04346165230989242,-0.045580915312467135
5636,4.000000000000001,-0.04307692142886527,0.00031395423957451764,0.017718753894518588,0.0076430370217422045,0.04307692142886527,-0.04227062492936777
5637,10.000000000000002,-0.0422190791803576,6.834070225960061e-5,0.008266843548755511,0.014008895695676754,0.0422190791803576,-0.04157352930980739
5638,4.000000000000001,-0.041397218416525085,0.000301749143788215,0.017370928121094018,0.018938600032641247,0.041397218416525085,-0.042582368878957194
5639,10.000000000000002,-0.04156703573331174,4.353821039744794e-5,0.006598349066050381,0.027126138853740985,0.04156703573331174,-0.0417581898328876
5640,4.000000000000001,-0.042588129915576305,0.0003422661864321876,0.018500437465967867,0.009424700220006736,0.042588129915576305,-0.04293539049916152
5641,10.000000000000002,-0.04238349131039944,4.474417600766122e-5,0.006689108760340291,0.007879542204094217,0.04238349131039944,-0.04197306251951574
5642,25.000000000000004,-0.04210302844031869,1.7338021240195887e-5,0.00416389496027408,0.027220699485122752,0.04210302844031869,-0.04143941473425048
5643,10.000000000000002,-0.04221465091087551,9.292399491936544e-5,0.009639709275666224,0.0500913572616754,0.04221465091087551,-0.04208654408797746
5644,4.000000000000001,-0.042801404931618096,0.0009151779175362935,0.030251907667720616,0.019073140965484993,0.042801404931618096,-0.044781799396899934
5645,10.000000000000002,-0.04231610233850384,8.876312329611989e-5,0.009421418327201054,0.024376531387058926,0.04231610233850384,-0.042061891002656615
5646,4.000000000000001,-0.04213561498855627,0.0004940080173425245,0.022226291128807894,0.01253980494174856,0.04213561498855627,-0.04367414236462901
5647,10.000000000000002,-0.04209441205093466,5.073617869576007e-5,0.007122933292946107,0.007008813667163619,0.04209441205093466,-0.04193931756389794
5648,25.000000000000004,-0.04205473962227848,1.59188122765363e-5,0.003989838627881622,0.01222682534440541,0.04205473962227848,-0.04152807660814512
5649,10.000000000000002,-0.042171214073878235,2.8743685784989444e-5,0.005361313811463515,0.03819486266444109,0.042171214073878235,-0.04140511007164276
5650,4.000000000000001,-0.042213987352589154,0.0008865260915056328,0.029774588015716235,0.013297746807433408,0.042213987352589154,-0.04567468804374735
5651,10.000000000000002,-0.04206581126750173,0.00010898199831334133,0.010439444348878982,0.046033348747269665,0.04206581126750173,-0.04230844259466343
5652,4.000000000000001,-0.04212705964776712,0.00048491105706724885,0.02202069610769035,0.03895573735157191,0.04212705964776712,-0.0430732628934855
5653,1.6000000000000005,-0.04302485636079842,0.0034862067620094936,0.05904410861389554,0.03323976928776095,0.04302485636079842,-0.04752747295979512
5654,4.000000000000001,-0.043047264568789094,0.0003427301724326202,0.018512973084640408,0.015008608411121534,0.043047264568789094,-0.04259596773390725
5655,10.000000000000002,-0.042927453957562714,0.00022868719242606492,0.015122406965363183,0.0942713042775018,0.042927453957562714,-0.03907764700765427
5656,4.000000000000001,-0.041400649515322636,0.0013030171684895926,0.0360973291046525,0.017640782063222858,0.041400649515322636,-0.04661601455896015
5657,10.000000000000002,-0.04129223702892604,0.00010847651080207007,0.01041520574938729,0.03175412582720803,0.04129223702892604,-0.041857497689950784
5658,4.000000000000001,-0.04169284206386153,0.0005177137411341503,0.02275332373817395,0.011191830226098189,0.04169284206386153,-0.0436796299145234
5659,10.000000000000002,-0.04193810128813697,7.607664047508801e-5,0.008722192412179865,0.019455564678838366,0.04193810128813697,-0.041835442213740415
5660,4.000000000000001,-0.041676877643567416,0.0003217055865258328,0.017936153058162523,0.010112798670764455,0.041676877643567416,-0.04290486231018675
5661,10.000000000000002,-0.04202259896825421,3.798604110370579e-5,0.006163281682975864,0.009711749568882518,0.04202259896825421,-0.04198037147375081
5662,4.000000000000001,-0.042855042267029575,0.00025188600237000534,0.01587091687238029,0.009446308152439884,0.042855042267029575,-0.042852039129577704
5663,10.000000000000002,-0.04243908636048475,3.418333893230334e-5,0.005846651942120665,0.00976604500581843,0.04243908636048475,-0.04205277237843893
5664,4.000000000000001,-0.0418940240898145,4.2596131695891026e-5,0.006526571205149839,0.01761754769998851,0.0418940240898145,-0.041790445073352216
5665,1.6000000000000005,-0.041817808404799324,0.00010124365447714069,0.010061990582242695,0.022904810832792975,0.041817808404799324,-0.04182956448555458
5666,0.6400000000000002,-0.038908582159961895,0.011451246400337626,0.10701049668297791,0.012523943518258087,0.038908582159961895,-0.053750144681620135
5667,1.6000000000000005,-0.04143925156565379,0.0019967628454000278,0.04468515240435046,0.013109463090157961,0.04143925156565379,-0.04547686304375516
5668,4.000000000000001,-0.04272445733738262,0.00036562961301347756,0.019121443800442412,0.008415392591630953,0.04272445733738262,-0.041779960707420065
5669,10.000000000000002,-0.04274261407431779,0.00014465427153146021,0.012027230418157798,0.05258684146091193,0.04274261407431779,-0.040498896806315375
5670,4.000000000000001,-0.04116181390256207,0.0006851227540060979,0.026174849646294015,0.01954088814437084,0.04116181390256207,-0.043396809592506726
5671,10.000000000000002,-0.041538676185327646,0.0001059962983097741,0.010295450369448346,0.015710067202441436,0.041538676185327646,-0.041103159430507005
5672,4.000000000000001,-0.04195851442949544,0.0007923714475892459,0.028149093193018598,0.015442445164753231,0.04195851442949544,-0.04405164453927385
5673,10.000000000000002,-0.04151071927341125,0.0001861490618127083,0.013643645473725426,0.08050638770547454,0.04151071927341125,-0.04013821551913922
5674,4.000000000000001,-0.041656662795374846,0.0008096547593014293,0.028454433034264263,0.07348227789976698,0.041656662795374846,-0.0431139378198336
5675,1.6000000000000005,-0.04349826682293342,0.0045541111852159845,0.06748415506780821,0.029237415157210858,0.04349826682293342,-0.049634803659299884
5676,4.000000000000001,-0.04266302500827651,0.0005549725101308398,0.02355785453157481,0.009553821287948952,0.04266302500827651,-0.04219427548306767
5677,10.000000000000002,-0.041998767910643484,0.00013604981643711064,0.011664039456256594,0.01746583847738759,0.041998767910643484,-0.04119819924391054
5678,4.000000000000001,-0.04156012837099333,0.0005816136178653055,0.02411666680669834,0.013901049446581715,0.04156012837099333,-0.04341628993502057
5679,10.000000000000002,-0.041748270892534835,6.118308887431413e-5,0.007821961958122408,0.01256618262397262,0.041748270892534835,-0.041655738573981714
5680,4.000000000000001,-0.04229145117884327,0.0006220188213536813,0.024940305157589417,0.01583133188397723,0.04229145117884327,-0.04362936133312403
5681,10.000000000000002,-0.04207918733458994,7.220284209422058e-5,0.008497225552744883,0.01172473783816153,0.04207918733458994,-0.04185630238152918
5682,4.000000000000001,-0.04216802994949415,0.0004062936858383879,0.02015672805388781,0.021158110870951832,0.04216802994949415,-0.042770595448078756
5683,10.000000000000002,-0.04199623753021707,5.823690273034169e-5,0.007631310682336402,0.010661364345596773,0.04199623753021707,-0.041735097835477034
5684,4.000000000000001,-0.042065497551616725,0.00045701756717795623,0.02137796920144559,0.019928318471526128,0.042065497551616725,-0.04300165804465667
5685,10.000000000000002,-0.04205597172612768,5.825086805827634e-5,0.007632225629413503,0.0102583356062875,0.04205597172612768,-0.04170621823675113
5686,4.000000000000001,-0.042435316316465986,0.00048399099773747506,0.021999795402173065,0.010061378164547888,0.042435316316465986,-0.04291001972104314
5687,10.000000000000002,-0.04230244541101855,5.5879413921822136e-5,0.007475253435290481,0.014102879520744259,0.04230244541101855,-0.04188373119864355
5688,4.000000000000001,-0.04180513921335393,6.160379872609957e-5,0.007848808745669598,0.02268838476616592,0.04180513921335393,-0.041292730361719904
5689,1.6000000000000005,-0.04222550013164853,0.0040043224772026344,0.06327971615930839,0.010350644315784786,0.04222550013164853,-0.048921325461714286
5690,4.000000000000001,-0.04400614422313448,0.0007829538610995996,0.02798131271222992,0.05007307830500401,0.04400614422313448,-0.04132439304196427
5691,1.6000000000000005,-0.0423588171826058,0.0029826813372372087,0.05461392988274336,0.01576933991686827,0.0423588171826058,-0.04617089255400773
5692,4.000000000000001,-0.04160889697952461,0.0003297799746161968,0.018159845115424216,0.023185644833785737,0.04160889697952461,-0.042315193660943745
5693,1.6000000000000005,-0.04220976117920348,0.0003413777604943441,0.018476410920261113,0.029778998039022928,0.04220976117920348,-0.040795018451223
5694,0.6400000000000002,-0.039777031263077176,0.0069508656002477895,0.08337185136632021,0.04059108464780389,0.039777031263077176,-0.04638893031898387
5695,1.6000000000000005,-0.04042255605432186,0.0012850563551048565,0.03584768270202213,0.025991143707479455,0.04042255605432186,-0.04268620786467299
5696,4.000000000000001,-0.041471235580506034,0.0002579532307950984,0.016060922476467485,0.020125332913549173,0.041471235580506034,-0.04225932511135168
5697,1.6000000000000005,-0.04343752705001091,0.0010954858025472164,0.03309812385237593,0.014573467549090608,0.04343752705001091,-0.04324174896051909
5698,4.000000000000001,-0.04303718796270562,0.00011450418766858645,0.010700662954629795,0.007296453269464456,0.04303718796270562,-0.04209284818489568
5699,10.000000000000002,-0.042309869543835296,4.0601504031163425e-5,0.006371930949968261,0.032711249330448736,0.042309869543835296,-0.04161773309945395
5700,4.000000000000001,-0.0411102796874049,4.95193008341012e-5,0.0070369951566063476,0.019569525341864603,0.0411102796874049,-0.04117377167447982
5701,1.6000000000000005,-0.04212163896003185,0.002598683236360656,0.050977281570918,0.009496509598214898,0.04212163896003185,-0.04581292028896284
5702,4.000000000000001,-0.04248149970562925,0.0004248441354548335,0.020611747510942236,0.015032233098426535,0.04248149970562925,-0.041847453562227056
5703,10.000000000000002,-0.0420679008366964,0.00012274040245785673,0.011078826763599869,0.02473018587980599,0.0420679008366964,-0.04136468755724469
5704,4.000000000000001,-0.04159417725902995,0.0005962872238432495,0.024418993096424955,0.010256731840761242,0.04159417725902995,-0.043009669048674794
5705,10.000000000000002,-0.04186457352353547,7.26996654797666e-5,0.008526409882228664,0.009623628488062684,0.04186457352353547,-0.041706698800248694
5706,25.000000000000004,-0.041911322871597545,2.621670558303419e-5,0.0051202251496427565,0.012913100504277833,0.041911322871597545,-0.04100898190462133
5707,10.000000000000002,-0.0422592301827135,0.00013031099962255646,0.011415384339677594,0.016490385204345575,0.0422592301827135,-0.04219335621793408
5708,4.000000000000001,-0.04376074742583729,0.0010447632439523013,0.03232279758857982,0.01778445906834843,0.04376074742583729,-0.045849778745054574
5709,10.000000000000002,-0.04293163606286562,0.00012607681129164398,0.011228393085906993,0.020547795731999018,0.04293163606286562,-0.042299335976924396
5710,4.000000000000001,-0.04153501212556226,0.0005354284955108571,0.023139327896696937,0.0150975850314529,0.04153501212556226,-0.04314961914070624
5711,10.000000000000002,-0.04145964459458269,8.534886916576087e-5,0.009238445170360696,0.014289005789117116,0.04145964459458269,-0.042000867107542715
5712,4.000000000000001,-0.04179003296234103,0.0005381701670323474,0.023198494930325705,0.007892840997055608,0.04179003296234103,-0.04307661479373075
5713,10.000000000000002,-0.041951114814824185,6.377923626207132e-5,0.007986190347222593,0.009409195214033843,0.041951114814824185,-0.04192520111926173
5714,25.000000000000004,-0.04187462191496073,1.9028399660909356e-5,0.004362155391650939,0.043699286701010545,0.04187462191496073,-0.041344019843274314
5715,10.000000000000002,-0.04243422886687435,0.00013910636594975092,0.011794336180970548,0.05786800983234783,0.04243422886687435,-0.04206818862509054
5716,4.000000000000001,-0.04294860246737541,0.0010076740190043032,0.03174388159951935,0.013288643338236652,0.04294860246737541,-0.04536108721658138
5717,10.000000000000002,-0.04262903992489249,9.377648066928063e-5,0.009683825724850723,0.018783097507009128,0.04262903992489249,-0.04218053521919566
5718,4.000000000000001,-0.041933044162423855,0.0006553113720624325,0.02559905021797552,0.018290467374341195,0.041933044162423855,-0.043872725368744446
5719,10.000000000000002,-0.04198559941871152,7.196932817213029e-5,0.008483473826925518,0.04180876385541953,0.04198559941871152,-0.0419966993387296
5720,4.000000000000001,-0.04210370679984158,0.0005432861478167275,0.023308499475872047,0.024042065586907583,0.04210370679984158,-0.043335691014045746
5721,10.000000000000002,-0.042184130838091576,6.615280300191123e-5,0.008133437342348636,0.012673397079811221,0.042184130838091576,-0.04200683934993188
5722,4.000000000000001,-0.04228176089931158,0.0003651645914118517,0.019109280243165928,0.004795333914777839,0.04228176089931158,-0.04302012720319
5723,10.000000000000002,-0.041923726641008,0.0003046900286842674,0.017455372487697518,0.12780266237694454,0.041923726641008,-0.03851503016770685
5724,4.000000000000001,-0.04244726538304777,0.0018264674142610422,0.04273719006042679,0.011568429109456593,0.04244726538304777,-0.049485420432969184
5725,10.000000000000002,-0.04211716808875423,0.0001316903367700402,0.011475641017827292,0.015700925475161394,0.04211716808875423,-0.04189256400958756
5726,4.000000000000001,-0.04219961033016683,0.00047170192572978454,0.021718699908829363,0.02206934615038307,0.04219961033016683,-0.04357255891957724
5727,10.000000000000002,-0.041854195840703934,4.408368237659825e-5,0.006639554380875139,0.012038881314097161,0.041854195840703934,-0.041898285339925574
5728,4.000000000000001,-0.04219904017468752,0.0002583841567514663,0.01607433223345425,0.01406280683089661,0.04219904017468752,-0.04256999692981547
5729,10.000000000000002,-0.04219113935761681,4.521685772501928e-5,0.0067243481264000066,0.009523060966872606,0.04219113935761681,-0.04200169220465668
5730,4.000000000000001,-0.04242126313460067,6.71044860172885e-5,0.00819173278478299,0.027784278728889125,0.04242126313460067,-0.041815505316239766
5731,1.6000000000000005,-0.04354760196289969,0.003358721838516891,0.057954480745813705,0.01745694346757113,0.04354760196289969,-0.046883338552598935
5732,4.000000000000001,-0.04239204389298846,0.00039416762596046105,0.019853655229213108,0.014806275692392923,0.04239204389298846,-0.04261442213595573
5733,10.000000000000002,-0.042261547819062786,8.520814552742025e-5,0.009230825831279682,0.012502401602674905,0.042261547819062786,-0.041561886639420356
5734,4.000000000000001,-0.041488565438777804,0.00035899390296936903,0.018947134426328668,0.011174350661675195,0.041488565438777804,-0.04313833050231135
5735,10.000000000000002,-0.04175571919883301,3.8977924473701926e-5,0.0062432302915799865,0.00944217420140444,0.04175571919883301,-0.04200575370623749
5736,4.000000000000001,-0.04189355618153212,6.724336874745391e-5,0.008200205408857384,0.020929642698652266,0.04189355618153212,-0.04184793971792695
5737,1.6000000000000005,-0.043967089881625065,0.002075731431562661,0.04556019569276081,0.012412590045170067,0.043967089881625065,-0.04475311228676399
5738,4.000000000000001,-0.043513872744378256,0.0002922772111565603,0.017096116844376102,0.009486942231398688,0.043513872744378256,-0.042175461209046604
5739,10.000000000000002,-0.042626518283657745,7.422174115908955e-5,0.00861520406949769,0.032278337677039325,0.042626518283657745,-0.04152223800733789
5740,4.000000000000001,-0.04101170393097344,0.0004138159462459003,0.020342466572318616,0.013711959076181248,0.04101170393097344,-0.04306329909453682
5741,10.000000000000002,-0.041232491962744755,5.42216734874038e-5,0.007363536751276781,0.009511564653880675,0.041232491962744755,-0.04183161983619797
5742,4.000000000000001,-0.042443309020542545,0.00023064667569545666,0.015187056189250656,0.012293699374537814,0.042443309020542545,-0.04266774553334481
5743,10.000000000000002,-0.04232576864869705,3.357278737107803e-5,0.005794202910761585,0.0083064606662514,0.04232576864869705,-0.04190990372839846
5744,4.000000000000001,-0.041968175170466054,7.027777399715857e-5,0.008383184001151267,0.023656272892732408,0.041968175170466054,-0.041813619306765866
5745,1.6000000000000005,-0.04468656006145394,0.0030168421722944518,0.05492578786230064,0.02822267267820347,0.04468656006145394,-0.04614857242802586
5746,4.000000000000001,-0.04372278481803853,0.00037318217114565256,0.01931792357231109,0.015995359621490745,0.04372278481803853,-0.04280035495732361
5747,10.000000000000002,-0.042423999085120956,7.7765636575656e-5,0.008818482668557896,0.022706876620608645,0.042423999085120956,-0.04135042141805401
5748,4.000000000000001,-0.04094684025133183,0.00044497429675789755,0.02109441387566617,0.017715105053661275,0.04094684025133183,-0.04282939208932489
5749,10.000000000000002,-0.04136197526975283,6.776079155064379e-5,0.008231694330491372,0.01687740149268564,0.04136197526975283,-0.04151333691486889
5750,4.000000000000001,-0.04243776861730654,0.0005684897898456445,0.023843023924109218,0.03630372508829174,0.04243776861730654,-0.04313778878873892
5751,1.6000000000000005,-0.042962929738687664,0.002682564815183275,0.05179348236200454,0.026077877276133726,0.042962929738687664,-0.04548408016775721
5752,4.000000000000001,-0.04254711231162474,0.00026812456680365345,0.016374509666052705,0.009075084512338518,0.04254711231162474,-0.04228740500831499
5753,10.000000000000002,-0.042087816372287895,5.99185473473676e-5,0.007740707160677738,0.00854607484253679,0.042087816372287895,-0.0415411923870565
5754,25.000000000000004,-0.04182391593017575,2.7139457581418698e-5,0.005209554451334461,0.03043799227724074,0.04182391593017575,-0.04088170779853724
5755,10.000000000000002,-0.04197813445876134,0.00017305361980185182,0.013154984599073152,0.018837232155215308,0.04197813445876134,-0.042114330006822416
5756,4.000000000000001,-0.04310763877497496,0.001145153940096127,0.0338401232281463,0.024148685182535944,0.04310763877497496,-0.04545751507690544
5757,10.000000000000002,-0.04238398726589006,0.00011226261339457706,0.01059540529638093,0.02190044562408974,0.04238398726589006,-0.04211431798572723
5758,4.000000000000001,-0.04133563663897344,0.0006276193400383856,0.025052332027944737,0.021107339204971674,0.04133563663897344,-0.0437473557448126
5759,10.000000000000002,-0.04158054448468274,7.308435914498107e-5,0.008548939065461928,0.010679031586003638,0.04158054448468274,-0.0418625221521631
5760,25.000000000000004,-0.041860754685192327,2.472409038348201e-5,0.0049723324892329964,0.019221651699468528,0.041860754685192327,-0.04114476840044268
5761,10.000000000000002,-0.04228692958623987,0.00017543215437570961,0.013245080383890074,0.04202088968461171,0.04228692958623987,-0.04210756042649343
5762,4.000000000000001,-0.042627602757664564,0.0014662723076431813,0.0382919352820301,0.016589806380139998,0.042627602757664564,-0.04590267725061622
5763,10.000000000000002,-0.042627391471744824,0.00017400948898771762,0.013191265632520544,0.02401962125923529,0.042627391471744824,-0.04163351808836898
5764,4.000000000000001,-0.04231956343517762,0.0009622840912973136,0.031020704235998793,0.01095912323258067,0.04231956343517762,-0.04419989665753935
5765,10.000000000000002,-0.04216983106833772,0.00013700706556238405,0.01170500173269462,0.023273220153010202,0.04216983106833772,-0.04202679556939162
5766,4.000000000000001,-0.041406510946704604,0.0004182444676177226,0.02045102607738112,0.0370118229662135,0.041406510946704604,-0.04260626767253815
5767,1.6000000000000005,-0.04148252200006884,0.0040172836909925305,0.06338204549391357,0.01363418432731167,0.04148252200006884,-0.04878758947394067
5768,4.000000000000001,-0.042253434081677976,0.000462101384088126,0.021496543538162733,0.011610581180399102,0.042253434081677976,-0.04278282773906096
5769,10.000000000000002,-0.0423533396820009,0.00011512099215075574,0.010729445099852823,0.01443463162428126,0.0423533396820009,-0.04138028445251925
5770,4.000000000000001,-0.04126801002817394,0.0005818079809670597,0.024120696112821034,0.015617410168106647,0.04126801002817394,-0.04301622459180262
5771,10.000000000000002,-0.04146642873724073,0.00010194207085230947,0.010096636610887284,0.06541785620441735,0.04146642873724073,-0.04102550631133134
5772,4.000000000000001,-0.04271323955217345,0.0006605467304516153,0.02570110368158565,0.019749744349997485,0.04271323955217345,-0.04362556820042882
5773,10.000000000000002,-0.04259360525850981,0.00014175787742688053,0.01190621171602792,0.0710398444072394,0.04259360525850981,-0.04059510057318037
5774,4.000000000000001,-0.04171812191837987,0.0009029794944694618,0.030049617210032173,0.014830704692284103,0.04171812191837987,-0.045165151991098745
5775,10.000000000000002,-0.041600415008474285,7.757454080831863e-5,0.00880764104674564,0.03405347565219524,0.041600415008474285,-0.04182606229504553
5776,4.000000000000001,-0.041915156682270034,9.592331345467829e-5,0.009794044795419218,0.037787128352411825,0.041915156682270034,-0.04117995391964063
5777,1.6000000000000005,-0.04393054263117867,0.00417331807295981,0.06460122346333551,0.0187569323476632,0.04393054263117867,-0.0485395167622331
5778,4.000000000000001,-0.04366255475258822,0.0006095711206590115,0.02468949413534047,0.010237348614398862,0.04366255475258822,-0.04249275206128148
5779,10.000000000000002,-0.04238966699282804,0.00011011878421759487,0.01049374976915282,0.0292916552333665,0.04238966699282804,-0.04114140031365927
5780,4.000000000000001,-0.04047282865948437,0.0006472329898215285,0.02544077415924147,0.020460954402490357,0.04047282865948437,-0.043601745958824545
5781,10.000000000000002,-0.04091783974776193,9.134436561515966e-5,0.009557424632983494,0.013940393665905371,0.04091783974776193,-0.04171407661259846
5782,4.000000000000001,-0.041889329129138064,0.00019775817550128156,0.014062651794781863,0.03411380777998749,0.041889329129138064,-0.04171212094959679
5783,1.6000000000000005,-0.04420958285622277,0.003402518780293417,0.05833111331265174,0.016850028139895164,0.04420958285622277,-0.04654429109232457
5784,4.000000000000001,-0.04376445456121347,0.00045057813383622865,0.021226825806894178,0.014706521264580883,0.04376445456121347,-0.04244793123505801
5785,10.000000000000002,-0.04236236326825449,0.00021015064965262842,0.014496573721146263,0.09039059691841801,0.04236236326825449,-0.0389453769811059
5786,4.000000000000001,-0.040768099789108704,0.0013262925766459731,0.03641830002410839,0.03457245987494376,0.040768099789108704,-0.04710489595737934
5787,10.000000000000002,-0.04117420239581195,0.000106974648435854,0.010342854946089788,0.012954670653193421,0.04117420239581195,-0.04204494234096959
5788,4.000000000000001,-0.041863664596465115,0.00020847554834116486,0.014438682361668771,0.03645185037381227,0.041863664596465115,-0.041791247612531134
5789,1.6000000000000005,-0.043848069208455895,0.0019882388540000124,0.04458967205530909,0.013919533306281767,0.043848069208455895,-0.04528751564276175
5790,4.000000000000001,-0.04362794785617168,0.00030045836217724905,0.01733373480174567,0.013614482402488986,0.04362794785617168,-0.0425459261584223
5791,10.000000000000002,-0.04256292958047038,6.487346787200095e-5,0.008054406736191124,0.02555823284238493,0.04256292958047038,-0.0415586177287619
5792,4.000000000000001,-0.04129143121549321,0.00040226656062791055,0.02005658397205044,0.012768357753385957,0.04129143121549321,-0.04299101985760789
5793,10.000000000000002,-0.041448062128226645,6.624325048160622e-5,0.008138995667869976,0.009123866505811306,0.041448062128226645,-0.04168624937088932
5794,25.000000000000004,-0.04167568484748137,2.264532272224989e-5,0.004758710195236719,0.02605138299234168,0.04167568484748137,-0.04122147085988805
5795,10.000000000000002,-0.04236004378521875,0.000154491184920988,0.012429448295117045,0.024780603563238086,0.04236004378521875,-0.04204422675529172
5796,4.000000000000001,-0.04345992528529003,0.0010939954519163602,0.033075602064306556,0.03235332948476941,0.04345992528529003,-0.044798455619265036
5797,10.000000000000002,-0.04288564016633068,0.00012816706497314876,0.011321089389857708,0.018236048940777856,0.04288564016633068,-0.041770180504380756
5798,4.000000000000001,-0.04239772641900748,0.0005660573233727756,0.023791959216776907,0.04481552231048969,0.04239772641900748,-0.04344409082159869
5799,1.6000000000000005,-0.039945634353583594,0.003822925754896479,0.061829812832455505,0.01821029143679571,0.039945634353583594,-0.04814236463128354
5800,4.000000000000001,-0.04124210094644958,0.0005675737618002455,0.023823806618595726,0.02105416762652008,0.04124210094644958,-0.04228488104449161
5801,10.000000000000002,-0.04203851722897639,0.00015452454597577816,0.012430790239392593,0.023764304711278456,0.04203851722897639,-0.04037214522017976
5802,4.000000000000001,-0.04256135656792524,0.0007359211365777854,0.027127866421408547,0.013757223229342598,0.04256135656792524,-0.0438936531983032
5803,10.000000000000002,-0.042171884503278495,9.793502446239382e-5,0.009896212632234305,0.024073495058279527,0.042171884503278495,-0.04145672745881379
5804,4.000000000000001,-0.041393787387756106,0.0005198882771741166,0.022801058685379426,0.03509610784414313,0.041393787387756106,-0.04316365106339315
5805,1.6000000000000005,-0.040605681617138796,0.0036130485366410625,0.06010863945092305,0.01530183179575072,0.040605681617138796,-0.04690791226824482
5806,4.000000000000001,-0.04189276327942466,0.0005873108621027276,0.024234497356098138,0.014004927124820984,0.04189276327942466,-0.042323451277029016
5807,10.000000000000002,-0.04207797705802755,0.00022374532640607255,0.014958119079819913,0.0703137852800827,0.04207797705802755,-0.039005043175672854
5808,4.000000000000001,-0.04127415007688308,0.0014653309484148605,0.03827964143529639,0.02063924649336676,0.04127415007688308,-0.04584866385741572
5809,10.000000000000002,-0.04121483214240372,0.00018085497191517477,0.013448233040633062,0.015900152891681733,0.04121483214240372,-0.041143323294396704
5810,25.000000000000004,-0.04132536249414028,6.366026559307964e-5,0.00797873834594666,0.03277114505707481,0.04132536249414028,-0.03959593955274418
5811,10.000000000000002,-0.042020834588967736,0.0003801777934581394,0.01949814846230635,0.027211810155498027,0.042020834588967736,-0.0426541090144337
5812,4.000000000000001,-0.0434477483515379,0.0020355359542626027,0.045116914281260447,0.030559216183443337,0.0434477483515379,-0.04959972503110211
5813,10.000000000000002,-0.04237022645795634,0.0002388445059510193,0.015454594978549884,0.030337514776854535,0.04237022645795634,-0.0421256957020712
5814,4.000000000000001,-0.041611063104700675,0.0011024483536059468,0.03320313770724006,0.01791859007859075,0.041611063104700675,-0.044590764201360496
5815,10.000000000000002,-0.04156492940328447,0.00015710234859890842,0.012534047574463263,0.021910562017031406,0.04156492940328447,-0.04166261052971698
5816,4.000000000000001,-0.04236402851763771,0.0009211974327831948,0.03035123445237763,0.02338778860102927,0.04236402851763771,-0.04451095000694151
5817,10.000000000000002,-0.04226435566717977,0.00010162827700819132,0.010081085110651101,0.017758337492295415,0.04226435566717977,-0.04185636636895828
5818,4.000000000000001,-0.04213896707191402,0.0005614788962171081,0.023695545915152664,0.024521732819870263,0.04213896707191402,-0.04318909950167486
5819,10.000000000000002,-0.04200510016134223,9.333184883308565e-5,0.009660841000300421,0.018334845872854177,0.04200510016134223,-0.04169811419755631
5820,4.000000000000001,-0.04236106111100207,0.00043729893732327344,0.020911693793743094,0.013780683894478623,0.04236106111100207,-0.042912705202102566
5821,10.000000000000002,-0.04215775982861726,6.0755917737428367e-5,0.007794608247848532,0.01626267889225638,0.04215775982861726,-0.04148999944155457
5822,4.000000000000001,-0.04260039479936363,0.0005022139178558374,0.022410129804528965,0.0159136643305191,0.04260039479936363,-0.043125190601531006
5823,10.000000000000002,-0.04207417938369368,8.064019531333441e-5,0.008979988603185107,0.04489184029432533,0.04207417938369368,-0.041615844177361014
5824,4.000000000000001,-0.04178043893125714,0.0006181843294928537,0.024863312922715142,0.014315278878261263,0.04178043893125714,-0.04346286174010845
5825,10.000000000000002,-0.04170525439999185,8.809830260752452e-5,0.00938606960380779,0.012418680428333516,0.04170525439999185,-0.04169340555210846
5826,4.000000000000001,-0.04185952572150104,0.000829750542293443,0.02880539085472445,0.014025768290209456,0.04185952572150104,-0.04361868277779998
5827,10.000000000000002,-0.04228969072588608,0.0001015779161484762,0.010078587011504946,0.017532934106394164,0.04228969072588608,-0.04187475149983573
5828,4.000000000000001,-0.04230697410314638,0.0004857711506362688,0.022040216664912095,0.009087738571947333,0.04230697410314638,-0.0430508487051877
5829,10.000000000000002,-0.0422683683652089,6.865736508548944e-5,0.008285973997393996,0.016301158357217318,0.0422683683652089,-0.04160078186488544
5830,4.000000000000001,-0.04221061933609889,0.00047373203396719357,0.021765386143305466,0.01523107548127457,0.04221061933609889,-0.0425411030058348
5831,10.000000000000002,-0.04206950565460712,9.140747546482833e-5,0.009560725676685235,0.048140201120537865,0.04206950565460712,-0.041782988489786475
5832,4.000000000000001,-0.0420793552890095,0.0004717332203918764,0.021719420351194375,0.016063845434643106,0.0420793552890095,-0.04291620077020221
5833,10.000000000000002,-0.04210945267203311,7.13210016577719e-5,0.008445176236039832,0.015106043706491133,0.04210945267203311,-0.04185389136402376
5834,4.000000000000001,-0.04230108096415637,0.0004945726490072394,0.022238989388172283,0.01487573155283648,0.04230108096415637,-0.043342627717979414
5835,10.000000000000002,-0.042190579199026274,5.529547632966405e-5,0.007436092813411089,0.013047669874544482,0.042190579199026274,-0.04188107475649824
5836,4.000000000000001,-0.04233087221713138,0.00048756872318075727,0.022080958384561963,0.01448568443954993,0.04233087221713138,-0.042934282615304596
5837,10.000000000000002,-0.042395605014142024,6.925242797350926e-5,0.00832180437005757,0.01994696310606677,0.042395605014142024,-0.041795800807426634
5838,4.000000000000001,-0.04235886740955353,0.0005230836325888967,0.022871021677854635,0.013858517055316082,0.04235886740955353,-0.04297800237405176
5839,10.000000000000002,-0.042147190957271236,7.307310806925496e-5,0.008548281000836072,0.0223025881074765,0.042147190957271236,-0.041954818564408664
5840,4.000000000000001,-0.04188511196397241,0.00040796453099409263,0.02019813186891532,0.013782917820811631,0.04188511196397241,-0.04290853544061296
5841,10.000000000000002,-0.04197224082872159,5.453168919417597e-5,0.007384557481269678,0.011051885882258812,0.04197224082872159,-0.04183765648188478
5842,4.000000000000001,-0.04230693946666987,0.00023465371577798997,0.01531841100695467,0.037978642896998996,0.04230693946666987,-0.04240414143475342
5843,1.6000000000000005,-0.04182172483527849,0.0038288904793007013,0.06187802905151958,0.024753280568124664,0.04182172483527849,-0.047068430513076964
5844,4.000000000000001,-0.04236876761445592,0.0006222447322662265,0.02494483377908593,0.015208817867812465,0.04236876761445592,-0.04256285501107347
5845,10.000000000000002,-0.04202835699381938,0.00013061247496916345,0.011428581494182183,0.01949755196281823,0.04202835699381938,-0.041112180523951214
5846,4.000000000000001,-0.04212563553122953,0.0007787235877452196,0.02790561928617997,0.04294039188134669,0.04212563553122953,-0.043588956818583824
5847,1.6000000000000005,-0.04196121198535297,0.0021765686362682965,0.04665370978034112,0.03326781553492318,0.04196121198535297,-0.04486370087189413
5848,4.000000000000001,-0.04192012580852723,0.0003209640257354041,0.017915468895214663,0.018932207192718428,0.04192012580852723,-0.042217889800816075
5849,10.000000000000002,-0.04164218450868311,9.588259142874378e-5,0.009791965657044748,0.021902327181668093,0.04164218450868311,-0.041016810465257306
5850,4.000000000000001,-0.04216086912892599,0.0004814398386337844,0.021941737365892073,0.015187703259836555,0.04216086912892599,-0.042748608240691405
5851,10.000000000000002,-0.04172434349124014,7.656167135513612e-5,0.008749952648736799,0.027745153605079998,0.04172434349124014,-0.0412803682311485
5852,4.000000000000001,-0.041583226394631606,0.000557772867194419,0.023617215483507346,0.013111457181347524,0.041583226394631606,-0.042944054321519765
5853,10.000000000000002,-0.04167266292129491,7.941747495852591e-5,0.008911648273946067,0.01033124130721889,0.04167266292129491,-0.0412247563068128
5854,25.000000000000004,-0.04191374768165139,2.9619488754160806e-5,0.005442378960910459,0.028149674480033297,0.04191374768165139,-0.04053971398914276
5855,10.000000000000002,-0.04203502287980291,0.00017854453316892344,0.013362055723911775,0.0189883400562289,0.04203502287980291,-0.04156624852522489
5856,4.000000000000001,-0.042987315829591456,0.002113193104560028,0.04596948014237302,0.024256043369941842,0.042987315829591456,-0.0476472339525826
5857,10.000000000000002,-0.04249196599000617,0.0002405125072645687,0.015508465664422405,0.02663905684873722,0.04249196599000617,-0.04176051690399837
5858,4.000000000000001,-0.041219449265119466,0.0005520580822376054,0.023495916288529917,0.06772073213270745,0.041219449265119466,-0.04176308932386395
5859,1.6000000000000005,-0.040378980498874006,0.005946454776885471,0.07711325941033403,0.021597448523758195,0.040378980498874006,-0.05368056800089385
5860,4.000000000000001,-0.04141813887886032,0.0007981241750573105,0.028251091572845652,0.014056983080327745,0.04141813887886032,-0.04334897847493992
5861,10.000000000000002,-0.04170509964494283,0.00020005888544112176,0.014144217385246939,0.07549957367702516,0.04170509964494283,-0.04044068263550916
5862,4.000000000000001,-0.04261414627484922,0.001014889121363463,0.031857324453937796,0.015576612594481712,0.04261414627484922,-0.0443766497207399
5863,10.000000000000002,-0.042098975199288825,0.0001454472029776059,0.012060149376255914,0.018962265658616223,0.042098975199288825,-0.041239044531445085
5864,4.000000000000001,-0.042405952658332614,0.0007764125358480221,0.027864180157471385,0.05182077725856972,0.042405952658332614,-0.04327659151086202
5865,1.6000000000000005,-0.041589815910127705,0.003412952005095598,0.05842047590610332,0.012426581927727694,0.041589815910127705,-0.048274330627815124
5866,4.000000000000001,-0.04216706625429818,0.0003474763537959009,0.01864071763092561,0.008138902025025414,0.04216706625429818,-0.042772277759093764
5867,10.000000000000002,-0.041934055008826056,8.727852996628612e-5,0.009342297895394158,0.01150879993365354,0.041934055008826056,-0.041340519523338545
5868,25.000000000000004,-0.04179816662101155,4.999875245292805e-5,0.007070979596415765,0.08552508888702724,0.04179816662101155,-0.03997303098884062
5869,10.000000000000002,-0.0416592999675247,0.0002711595737800543,0.01646692362829361,0.023520955164384405,0.0416592999675247,-0.04210956767524571
5870,4.000000000000001,-0.04257885539387182,0.001872388683045959,0.043271106792477115,0.02877338750065005,0.04257885539387182,-0.04711214947106411
5871,10.000000000000002,-0.042591265894117256,0.00026442495430929443,0.016261148615927916,0.021064885573934062,0.042591265894117256,-0.04190964407860016
5872,4.000000000000001,-0.04148405644667913,0.0008680994650963927,0.029463527709634375,0.03434196429189115,0.04148405644667913,-0.04518313563869447
5873,10.000000000000002,-0.04138576659860455,0.0001316546272514365,0.011474085028943986,0.022163040652666763,0.04138576659860455,-0.041766767653923
5874,4.000000000000001,-0.04178725549886581,0.000849219684293455,0.029141374097551662,0.01823722900336106,0.04178725549886581,-0.043813581329645676
5875,10.000000000000002,-0.041740511351579496,0.00013568141792950954,0.011648236687563897,0.02037098616779188,0.041740511351579496,-0.0412567321047682
5876,4.000000000000001,-0.04142966440355755,0.00023694068063061287,0.015392877594219116,0.0577945398228878,0.04142966440355755,-0.04064534965011043
5877,1.6000000000000005,-0.043901061517108854,0.005719862095783131,0.07562976990433813,0.027791718971073107,0.043901061517108854,-0.051567892321514514
5878,4.000000000000001,-0.04407796932163291,0.0009154071776131178,0.03025569661424304,0.05234061949565303,0.04407796932163291,-0.04206913609889823
5879,1.6000000000000005,-0.0417597016768566,0.003703636118277366,0.060857506671546824,0.021071822120572112,0.0417597016768566,-0.0478468651500862
5880,4.000000000000001,-0.04171146215058911,0.0003940057278829011,0.019849577524040683,0.038890667356236766,0.04171146215058911,-0.04231959890129132
5881,1.6000000000000005,-0.04187436561387754,0.0011876678674786402,0.034462557471531916,0.037856917856746504,0.04187436561387754,-0.04324168049493076
5882,4.000000000000001,-0.041568333808508766,0.00020341745997217185,0.014262449297794957,0.015193740014308801,0.041568333808508766,-0.04245743866338133
5883,10.000000000000002,-0.04176656485521583,6.224716497939362e-5,0.007889687254853239,0.010831304541428395,0.04176656485521583,-0.041543761268817654
5884,4.000000000000001,-0.04170749828853713,0.00015439139418083539,0.012425433359880668,0.02836503032462261,0.04170749828853713,-0.0413844829901882
5885,1.6000000000000005,-0.044698079340311975,0.0021883416163651975,0.04677971372684101,0.018359794790374168,0.044698079340311975,-0.045335948985064954
5886,4.000000000000001,-0.04382718645233664,0.0003162110655800042,0.017782324526900418,0.013022448448044146,0.04382718645233664,-0.042324766764705604
5887,10.000000000000002,-0.04245512087117236,7.565007799809195e-5,0.008697705329458566,0.034892491890292324,0.04245512087117236,-0.04145535374051826
5888,4.000000000000001,-0.04064986177041527,0.0003438881111100295,0.018544220423356423,0.018259172497781584,0.04064986177041527,-0.0426987450921645
5889,10.000000000000002,-0.040762848962001774,5.2369855796268946e-5,0.007236701997199342,0.009562322614591482,0.040762848962001774,-0.0416122550805622
5890,4.000000000000001,-0.04229003642629688,0.0004349609170004341,0.02085571665036793,0.01848600739483366,0.04229003642629688,-0.04250371901075064
5891,10.000000000000002,-0.042480463921498485,7.11402137897684e-5,0.008434465827174144,0.014401248570119549,0.042480463921498485,-0.041656345066796045
5892,4.000000000000001,-0.0425991178140928,0.0006006915591554624,0.024509009754689445,0.014375448704854018,0.0425991178140928,-0.0434345943493188
5893,10.000000000000002,-0.0423944454059831,8.508341952640447e-5,0.009224067406865828,0.01344550579401157,0.0423944454059831,-0.04164928462425686
5894,4.000000000000001,-0.041913257659167924,0.0005239717859386287,0.022890430007726562,0.011357900777051476,0.041913257659167924,-0.043169959593465854
5895,10.000000000000002,-0.04188622078213391,6.912700605337887e-5,0.008314265214279543,0.012760564572538538,0.04188622078213391,-0.04182971438555594
5896,4.000000000000001,-0.04214774703683071,8.003148030738843e-5,0.008946031539592761,0.05786690155381842,0.04214774703683071,-0.04118550817355217
5897,1.6000000000000005,-0.043721308149115706,0.004255187190165019,0.06523179585267463,0.01463589395989262,0.043721308149115706,-0.04863753322704877
5898,4.000000000000001,-0.04315045491959704,0.0007639659663011862,0.027639934267309433,0.045923935562914325,0.04315045491959704,-0.041397313855441535
5899,1.6000000000000005,-0.04008398890379474,0.0027011861840978424,0.051972937035517267,0.027023310815862144,0.04008398890379474,-0.04600114249752413
5900,4.000000000000001,-0.040756452797255496,0.00029083994754897286,0.017054030243580924,0.011471362227457552,0.040756452797255496,-0.041967026717417054
5901,10.000000000000002,-0.04166932838349797,9.023628411628523e-5,0.009499278083953814,0.023420816009430565,0.04166932838349797,-0.041324702528055174
5902,4.000000000000001,-0.04299107711693433,0.000404468296577133,0.020111397181129236,0.01629577421458449,0.04299107711693433,-0.04301668619650411
5903,10.000000000000002,-0.04264306437886199,5.605024845048631e-5,0.007486671386570023,0.013523992760303954,0.04264306437886199,-0.04187805181836157
5904,4.000000000000001,-0.04210702917271305,0.000322274455214729,0.017952004211639686,0.02546872247638063,0.04210702917271305,-0.04260948315561226
5905,1.6000000000000005,-0.04148500063240176,0.0003157477683322063,0.017769292848400193,0.04884914519222612,0.04148500063240176,-0.04099329148199495
5906,0.6400000000000002,-0.040206052386307985,0.010169632307571832,0.1008445948356769,0.01290665724683933,0.040206052386307985,-0.05077323398818943
5907,1.6000000000000005,-0.04241501357200157,0.002169338217172375,0.04657615502778621,0.01772325538558401,0.04241501357200157,-0.0437503182081821
5908,4.000000000000001,-0.04288099308451526,0.0006368682835727237,0.02523624939591309,0.013673394756141532,0.04288099308451526,-0.040768269656534475
5909,10.000000000000002,-0.042002386867320426,0.0002628446585539581,0.016212484650847264,0.023799750392440183,0.042002386867320426,-0.03846028299527055
5910,4.000000000000001,-0.04047053437900552,0.0015196876531539262,0.03898317140964709,0.02409523596613637,0.04047053437900552,-0.0465289094059704
5911,10.000000000000002,-0.040983224076895974,0.0001847236005966639,0.013591306066624498,0.021610380456926842,0.040983224076895974,-0.04139046663126794
5912,4.000000000000001,-0.042856808459731215,0.0009279006742838546,0.03046146211664592,0.020106688559775168,0.042856808459731215,-0.04332490492573649
5913,10.000000000000002,-0.042126983949920184,0.00014938222880467062,0.012222202289467746,0.020231663391719692,0.042126983949920184,-0.04033534840226533
5914,4.000000000000001,-0.042260510683148934,0.0010837852704811367,0.03292089413246756,0.012767330084722979,0.042260510683148934,-0.044473820790861235
5915,10.000000000000002,-0.04182772337726387,0.0001451060753864989,0.012045998314232777,0.017328434943031486,0.04182772337726387,-0.041797120288509744
5916,4.000000000000001,-0.04075222316449885,0.0008340139892077758,0.028879300358695945,0.021701380854868297,0.04075222316449885,-0.043847498155820376
5917,10.000000000000002,-0.04116897737631242,0.00010953564195436568,0.010465927668122195,0.010839571315899122,0.04116897737631242,-0.04172657318572952
5918,25.000000000000004,-0.04143150204030027,3.530620416234686e-5,0.005941902402627198,0.023828295291596673,0.04143150204030027,-0.040592051250507064
5919,10.000000000000002,-0.04239170107768316,0.0001756851335013079,0.013254626871447869,0.02717533339505159,0.04239170107768316,-0.041960052967283334
5920,4.000000000000001,-0.046006129044608,0.0012468130416527056,0.03531023989797727,0.0401498062060878,0.046006129044608,-0.0468628818965469
5921,10.000000000000002,-0.044164519222596774,0.0001430749768155252,0.01196139527043251,0.04284171037793109,0.044164519222596774,-0.04228304912344733
5922,4.000000000000001,-0.04077938471857451,0.0009455013926385532,0.030749006368312997,0.03289418048482844,0.04077938471857451,-0.044590191341493605
5923,10.000000000000002,-0.04080215643008067,0.0001406932494285803,0.011861418525141935,0.0217027714724748,0.04080215643008067,-0.04179806744169027
5924,4.000000000000001,-0.04175403264641647,0.0007927233732507329,0.02815534360029607,0.012240995889422322,0.04175403264641647,-0.044235353765361037
5925,10.000000000000002,-0.041967746426102126,9.146528964363695e-5,0.009563748723363498,0.020503984627176477,0.041967746426102126,-0.04176516888050073
5926,4.000000000000001,-0.042867539407745105,0.0006566013174403177,0.025624233011747252,0.020376716061293387,0.042867539407745105,-0.04327322202546149
5927,10.000000000000002,-0.04234692172910431,9.83171956774119e-5,0.009915502794987851,0.01947276225196931,0.04234692172910431,-0.04172750936540521
5928,4.000000000000001,-0.04219911065160396,0.0004899531778184555,0.02213488599063604,0.015076466943262964,0.04219911065160396,-0.04330113896234148
5929,10.000000000000002,-0.0420483137392962,7.705981553833533e-5,0.008778372032349468,0.016345357242043633,0.0420483137392962,-0.041872849846009565
5930,4.000000000000001,-0.0424076802585522,0.0003959750956649485,0.01989912298733159,0.0381684715953022,0.0424076802585522,-0.04284164494130205
5931,1.6000000000000005,-0.04223094209808697,0.003014691535777883,0.054906206714522565,0.009855326472344664,0.04223094209808697,-0.04544136471531426
5932,4.000000000000001,-0.04265546569641194,0.0004785400445305681,0.02187555815357789,0.01219724699518178,0.04265546569641194,-0.04246656976114414
5933,10.000000000000002,-0.042487228928375496,0.00011967316090724872,0.010939522882980258,0.013996771930232275,0.042487228928375496,-0.04117379642225916
5934,4.000000000000001,-0.04111713089990343,0.0006987971640713297,0.026434771874773756,0.020466707226599948,0.04111713089990343,-0.04316471653669803
5935,10.000000000000002,-0.041704911345372575,0.00010594688583760415,0.01029305036602873,0.018059233042387948,0.041704911345372575,-0.041664689100332504
5936,4.000000000000001,-0.041852920483071196,0.00047443740484925793,0.021781584075756703,0.030766486738363845,0.041852920483071196,-0.0429189914652796
5937,1.6000000000000005,-0.04382512571826273,0.0027640075297232164,0.05257382932337359,0.014399637111845946,0.04382512571826273,-0.04639772458249188
5938,4.000000000000001,-0.04347908590883009,0.00031448072505740725,0.017733604401175957,0.011895604962957078,0.04347908590883009,-0.04267751606873176
5939,10.000000000000002,-0.04258395709685608,8.294564083540144e-5,0.009107449743775775,0.02253515213558137,0.04258395709685608,-0.04148545352477048
5940,4.000000000000001,-0.04059121052932068,0.00042968021996256725,0.02072872933786746,0.01783149535401694,0.04059121052932068,-0.04277025732271211
5941,10.000000000000002,-0.0410547666385342,6.437679729450671e-5,0.008023515270410266,0.0125137301055768,0.0410547666385342,-0.041788176632153146
5942,4.000000000000001,-0.04238659062439437,0.000280025169788763,0.016733952605071014,0.01502673263377032,0.04238659062439437,-0.04260497148687914
5943,10.000000000000002,-0.042268356130266894,7.074221268392342e-5,0.008410839000000144,0.04888348219239047,0.042268356130266894,-0.04163163132902226
5944,4.000000000000001,-0.042765968634398216,0.0004987832758163328,0.022333456423409538,0.012894342859765142,0.042765968634398216,-0.0433183953346785
5945,10.000000000000002,-0.04252795501892718,6.169836627464118e-5,0.00785483076040733,0.014348137864904442,0.04252795501892718,-0.041689804999920095
5946,4.000000000000001,-0.041746524189322114,0.00040660049353546067,0.020164337170744312,0.019868411228038,0.041746524189322114,-0.04285971060784997
5947,10.000000000000002,-0.04195239481995488,6.82665718811682e-5,0.00826235873592815,0.030771475133916076,0.04195239481995488,-0.041904349095043494
5948,4.000000000000001,-0.042445070416595995,0.0004126630867563367,0.020314110533231247,0.018532531737046287,0.042445070416595995,-0.04301832905893555
5949,10.000000000000002,-0.04238343514271561,5.403663292539315e-5,0.0073509613606244145,0.010182851779727163,0.04238343514271561,-0.04201390354903985
5950,4.000000000000001,-0.04178128187773031,0.00037122978770505965,0.01926732435251609,0.01219235212322486,0.04178128187773031,-0.04279674293272132
5951,10.000000000000002,-0.04198948179340001,4.233868443747524e-5,0.006506818303708445,0.012075289172974239,0.04198948179340001,-0.0419759120112613
5952,4.000000000000001,-0.042397124822573164,0.00022941274511970185,0.015146377293587462,0.013617682632513492,0.042397124822573164,-0.04256129804713513
5953,10.000000000000002,-0.04236450366429106,3.958015666629124e-5,0.0062912762350965995,0.007452332056550255,0.04236450366429106,-0.04188159027030844
5954,25.000000000000004,-0.042218695082051734,1.3466977700243264e-5,0.003669738096955049,0.024464565935045805,0.042218695082051734,-0.041564426190549376
5955,10.000000000000002,-0.04188031891496176,2.4461027582165625e-5,0.0049458090927739645,0.0365922925243195,0.04188031891496176,-0.04140472190931048
5956,4.000000000000001,-0.042335574703637885,0.0011653905755923438,0.03413781738178854,0.015333171004239319,0.042335574703637885,-0.045635414072836805
5957,10.000000000000002,-0.042225646463946366,0.00012086468996428792,0.010993847823409597,0.01678010151051519,0.042225646463946366,-0.0421198459944331
5958,4.000000000000001,-0.04212693742849267,0.00045160715457179213,0.02125105066983259,0.009276352223575146,0.04212693742849267,-0.043517850835858365
5959,10.000000000000002,-0.0420279899772612,7.750766520490058e-5,0.008803843774448782,0.03862341694503588,0.0420279899772612,-0.04191977021615778
5960,4.000000000000001,-0.0418750128053071,9.544115460674189e-5,0.009769398886663493,0.03780138704138196,0.0418750128053071,-0.04134877168224262
5961,1.6000000000000005,-0.042610178770226756,0.005201617172578502,0.0721222377119464,0.024423654685413437,0.042610178770226756,-0.048845687555103046
5962,4.000000000000001,-0.04277759962007225,0.000863128977951424,0.02937905679138498,0.02544187837621909,0.04277759962007225,-0.04228240476523739
5963,10.000000000000002,-0.04208933689811407,0.00023953632892462456,0.015476961230313415,0.02572277623357814,0.04208933689811407,-0.03962071319996603
5964,4.000000000000001,-0.04136533049217734,0.001282442447059997,0.035811205607463106,0.04104878710464927,0.04136533049217734,-0.04515530945416574
5965,10.000000000000002,-0.041555418692265846,0.0001369644915453379,0.011703182966412937,0.017934784728439943,0.041555418692265846,-0.04142584179259437
5966,4.000000000000001,-0.04194322887369626,0.0007493272462050352,0.027373842371962238,0.01981538622464143,0.04194322887369626,-0.04379667277515764
5967,10.000000000000002,-0.04184593642442276,8.547875686845952e-5,0.009245472236098031,0.010695821355486726,0.04184593642442276,-0.04181454088122971
5968,25.000000000000004,-0.041817222422101424,3.092195730925159e-5,0.005560751505799516,0.06431514124395257,0.041817222422101424,-0.040917698680340654
5969,10.000000000000002,-0.042230097840210604,0.00015303323211590442,0.01237066013258405,0.014455026047734838,0.042230097840210604,-0.04219482852090641
5970,25.000000000000004,-0.042109457243954616,3.035700222889025e-5,0.005509718888372641,0.05485972824608569,0.042109457243954616,-0.04098359998342696
5971,10.000000000000002,-0.04188927875489428,0.00024266090050576613,0.015577576849618368,0.027116428308802787,0.04188927875489428,-0.043078511829112875
5972,4.000000000000001,-0.04208141010016044,0.001490536521158417,0.03860746716839136,0.02418597197891303,0.04208141010016044,-0.046688466930546596
5973,10.000000000000002,-0.041959611334982876,0.00016074407537300134,0.012678488686472112,0.019982060378752352,0.041959611334982876,-0.042318805599362526
5974,4.000000000000001,-0.04229322134307534,0.0008825832470932673,0.02970830266261045,0.013045034585737195,0.04229322134307534,-0.04519362493982331
5975,10.000000000000002,-0.04237374773657174,0.00010725649097313006,0.01035647097099828,0.013439785652021712,0.04237374773657174,-0.04198675792933104
5976,4.000000000000001,-0.04241901166033253,0.0006937831748473227,0.026339764138035154,0.015653805172285273,0.04241901166033253,-0.043904275990560016
5977,10.000000000000002,-0.042108172037214696,0.00010117355276968882,0.010058506488027376,0.01607843083162544,0.042108172037214696,-0.0417946966230993
5978,4.000000000000001,-0.04141210074300797,0.000548190419432104,0.023413466625685827,0.012440165449633082,0.04141210074300797,-0.043542773781612545
5979,10.000000000000002,-0.041715122203692154,6.896517564203376e-5,0.008304527418344391,0.012351827355898176,0.041715122203692154,-0.04199795297868689
5980,4.000000000000001,-0.04269039998770835,0.0003605393082752708,0.018987872663236153,0.010412530671658973,0.04269039998770835,-0.04296044385779034
5981,10.000000000000002,-0.042704212163841106,5.3279303677291195e-5,0.007299267338390285,0.022257588113118804,0.042704212163841106,-0.04194866981415718
5982,4.000000000000001,-0.041957127223313476,0.00036226777400961795,0.019033333234344897,0.018399712452341743,0.041957127223313476,-0.043034649811801974
5983,10.000000000000002,-0.042090955813034354,4.741432907083944e-5,0.006885806348630452,0.022700761462307446,0.042090955813034354,-0.042065538233299615
5984,4.000000000000001,-0.041996701009446656,0.0002990783983605682,0.017293883264338526,0.010025948601009782,0.041996701009446656,-0.042817280332828
5985,10.000000000000002,-0.04210625985623738,4.800297327082695e-5,0.006928417804291752,0.024092361551779854,0.04210625985623738,-0.04194975212061938
5986,4.000000000000001,-0.043041099871250536,0.00035332598889728034,0.018796967545252622,0.012709344705430689,0.043041099871250536,-0.04289468218433865
5987,10.000000000000002,-0.04212894241484123,6.314068955248797e-5,0.00794611159954905,0.04509000997076041,0.04212894241484123,-0.04178627138412584
5988,4.000000000000001,-0.04184348271788621,0.00011889076121308777,0.010903704013457435,0.042007141299515466,0.04184348271788621,-0.041682730361472894
5989,1.6000000000000005,-0.04177552881513975,0.0037253481965899018,0.0610356305496216,0.018925755374142855,0.04177552881513975,-0.047831663202898264
5990,4.000000000000001,-0.042146256177504865,0.000463044239069025,0.02151846274874265,0.00782351245847621,0.042146256177504865,-0.042420292467984885
5991,10.000000000000002,-0.04197956180928519,9.001665081690368e-5,0.009487710515024353,0.02321306098048315,0.04197956180928519,-0.04131672640614437
5992,4.000000000000001,-0.04191033801891149,0.00029127658840278324,0.01706682713344174,0.01195178690335792,0.04191033801891149,-0.04294834208008914
5993,10.000000000000002,-0.041955405548081255,4.8814185039594375e-5,0.006986714896114938,0.012531529220087255,0.041955405548081255,-0.04193549461990462
5994,4.000000000000001,-0.04223456855343926,9.506439828045233e-5,0.00975009734722953,0.02747308374032078,0.04223456855343926,-0.04185965401656883
5995,1.6000000000000005,-0.04186896037936821,0.00020623114750420712,0.014360750241690269,0.02509509636626284,0.04186896037936821,-0.04187372516205418
5996,0.6400000000000002,-0.03940886888886427,0.010993029349757483,0.10484764827957507,0.017211105008408646,0.03940886888886427,-0.05120338937322444
5997,1.6000000000000005,-0.042970323263557056,0.0023002648358023945,0.047961076257757126,0.012613376603397793,0.042970323263557056,-0.04517603264804219
5998,4.000000000000001,-0.04325666547180425,0.0004895594105578862,0.02212598948200704,0.010110501131055756,0.04325666547180425,-0.04162729750032107
5999,10.000000000000002,-0.04280567071911474,0.00019706318529912702,0.014037919550244153,0.05429501638111425,0.04280567071911474,-0.03930088607599691
6000,4.000000000000001,-0.04241866815570534,0.0007431820206860692,0.02726136498207801,0.08265533613755804,0.04241866815570534,-0.04025090660819083
6001,1.6000000000000005,-0.03603837403209371,0.006282134765013986,0.07925991903234564,0.01918922308247471,0.03603837403209371,-0.05418726576518122
6002,4.000000000000001,-0.03970465050180073,0.0008012618845013704,0.028306569635004705,0.02677281381451854,0.03970465050180073,-0.04314351847435702
6003,10.000000000000002,-0.04136603742815363,0.00016106938246035116,0.01269131129790579,0.028254439191678263,0.04136603742815363,-0.04096124155398349
6004,4.000000000000001,-0.043034988050121376,0.0007680742254404,0.027714152078683555,0.013332124277404813,0.043034988050121376,-0.044132510558848245
6005,10.000000000000002,-0.042477448654761,7.988399488475224e-5,0.008937784674333581,0.01151894444192094,0.042477448654761,-0.04166027386666577
6006,4.000000000000001,-0.04241177200299988,0.0004697736589714098,0.021674262593486537,0.011719705298696152,0.04241177200299988,-0.04324558703452954
6007,10.000000000000002,-0.0420974892227303,6.595144825527576e-5,0.008121049701564187,0.010114504931926754,0.0420974892227303,-0.041838234647494296
6008,25.000000000000004,-0.041872495992280406,2.294255766171194e-5,0.004789839001648379,0.015048838597475947,0.041872495992280406,-0.041198897457799186
6009,10.000000000000002,-0.041629369157753705,4.2465260202709694e-5,0.006516537439676818,0.03724680956526679,0.041629369157753705,-0.04102415019740815
6010,4.000000000000001,-0.04290878631460248,0.0010289477908287544,0.03207721607042535,0.013735818635116304,0.04290878631460248,-0.04581949115821213
6011,10.000000000000002,-0.04278951650659313,0.00014769324470303652,0.012152910955941235,0.0498651942548204,0.04278951650659313,-0.04228972828614821
6012,4.000000000000001,-0.04252009861447539,0.0009511327012653802,0.030840439381847013,0.013011001618786261,0.04252009861447539,-0.044492634114715615
6013,10.000000000000002,-0.0420815651375813,0.00011518533602732702,0.010732443152764752,0.012749144894871271,0.0420815651375813,-0.04227543951370682
6014,25.000000000000004,-0.04186047915648977,2.9881233277329596e-5,0.0054663729544671205,0.02031413640555656,0.04186047915648977,-0.041079111664079834
6015,10.000000000000002,-0.04195897697730679,0.0002082762619023989,0.014431779581964205,0.02429725357475215,0.04195897697730679,-0.04270808137194271
6016,4.000000000000001,-0.043218517940458355,0.0006605276956982095,0.02570073336887898,0.04071539828312709,0.043218517940458355,-0.04324617798172816
6017,1.6000000000000005,-0.04285621215311248,0.005912882736972111,0.07689527122633817,0.012041168146618762,0.04285621215311248,-0.05186523210854037
6018,4.000000000000001,-0.04267703775524198,0.0008891026073253948,0.029817823651725403,0.011774656546226827,0.04267703775524198,-0.042601831461841266
6019,10.000000000000002,-0.04211389164378334,0.00020855775560454711,0.014441528852740873,0.020925475506237804,0.04211389164378334,-0.040594867449347184
6020,4.000000000000001,-0.04140779503225454,0.0009842636394394146,0.03137297626046044,0.012733262067972012,0.04140779503225454,-0.04473735783491249
6021,10.000000000000002,-0.04126951358785386,0.00012649327256491138,0.011246922804256789,0.00938942330113702,0.04126951358785386,-0.041650211323523374
6022,25.000000000000004,-0.04174178743923635,4.400841443600841e-5,0.0066338838123687705,0.02494777987223014,0.04174178743923635,-0.04043874317532075
6023,10.000000000000002,-0.042427008363286264,0.00026885498803987616,0.016396798103284562,0.017595159653109184,0.042427008363286264,-0.042311598624095746
6024,25.000000000000004,-0.04232993212279439,5.079075651041366e-5,0.007126763396550615,0.01960505256673246,0.04232993212279439,-0.04094608616049579
6025,10.000000000000002,-0.04180370289483298,0.0003329146098870031,0.01824594776620286,0.02884783448853853,0.04180370289483298,-0.04392578492913937
6026,4.000000000000001,-0.04154810024647281,0.0018808704795808288,0.0433690036729094,0.012695429227834343,0.04154810024647281,-0.0485736454590215
6027,10.000000000000002,-0.04135963929335668,0.00017003614560655804,0.013039790857469993,0.01396028556122664,0.04135963929335668,-0.04244191485512174
6028,25.000000000000004,-0.04167755395063137,4.129688138491616e-5,0.006426264963796323,0.02035285520809305,0.04167755395063137,-0.04089257021044509
6029,10.000000000000002,-0.042307713384480666,0.00025225528632533736,0.015882546594464548,0.0264494066431446,0.042307713384480666,-0.042780283544311015
6030,4.000000000000001,-0.043269233267730106,0.0012845311006506681,0.03584035575507961,0.01336874772298892,0.043269233267730106,-0.046213451659295426
6031,10.000000000000002,-0.042849501358773606,0.0001397416357468025,0.011821236642027031,0.05367310634041658,0.042849501358773606,-0.042041418804941416
6032,4.000000000000001,-0.04166830742735241,0.0010256605480983933,0.03202593555383501,0.04344832051081075,0.04166830742735241,-0.04471348777777008
6033,1.6000000000000005,-0.040330743776642,0.0030022133181373065,0.05479245676311025,0.049644388158933773,0.040330743776642,-0.046363174425149395
6034,4.000000000000001,-0.04117638169962592,0.00037309937759959135,0.019315780533014745,0.009155682826893356,0.04117638169962592,-0.043023042886106845
6035,10.000000000000002,-0.041699340669685524,8.037667122254837e-5,0.008965303744020521,0.015953668839191748,0.041699340669685524,-0.04145881407644096
6036,4.000000000000001,-0.04233286027112296,0.000586072125949221,0.024208926575732783,0.013111845143132189,0.04233286027112296,-0.043165452269884635
6037,10.000000000000002,-0.04215080343413963,6.990140724064017e-5,0.008360706144856437,0.015066455241702616,0.04215080343413963,-0.041677036238931216
6038,4.000000000000001,-0.04252738479610505,0.00041932274604687144,0.020477371560990717,0.010081147496725439,0.04252738479610505,-0.042900273641742294
6039,10.000000000000002,-0.04224161481949912,7.909435793858905e-5,0.00889350088202554,0.012742711224527508,0.04224161481949912,-0.04191932231846554
6040,4.000000000000001,-0.04302298803820431,0.0004605090839438793,0.02145947538836584,0.013104619239717414,0.04302298803820431,-0.04315877026826808
6041,10.000000000000002,-0.042337981531859185,7.689279535135649e-5,0.008768853707945896,0.01685440634074168,0.042337981531859185,-0.04187875008107255
6042,4.000000000000001,-0.04143675768318836,0.0004559021076603042,0.02135186426662328,0.028462065539961334,0.04143675768318836,-0.042822213947354706
6043,1.6000000000000005,-0.042628239052622266,0.0026611100104317765,0.051585947800072224,0.009993016129856947,0.042628239052622266,-0.04510657668719384
6044,4.000000000000001,-0.042328358148510124,0.00034594240135158555,0.018599526912036916,0.00776670380228086,0.042328358148510124,-0.04202641420506192
6045,10.000000000000002,-0.04173986291620111,7.984874589194107e-5,0.008935812547941069,0.018415367411248,0.04173986291620111,-0.041065455227614026
6046,4.000000000000001,-0.04175890639431824,0.0005231698522702438,0.022872906511203245,0.010006627341098294,0.04175890639431824,-0.043367186457211805
6047,10.000000000000002,-0.04180366751432356,6.867644703514571e-5,0.008287125378268733,0.013342747184006519,0.04180366751432356,-0.041853910194696746
6048,4.000000000000001,-0.0427199305087561,0.0003389088460119773,0.01840947707057366,0.01603527508962821,0.0427199305087561,-0.042699475429578
6049,10.000000000000002,-0.042313983239057974,5.5546784540177445e-5,0.007452971524175941,0.029297883890881286,0.042313983239057974,-0.041627235304320095
6050,4.000000000000001,-0.041863821921633806,0.0004640306411776245,0.021541370457276495,0.009443862486652263,0.041863821921633806,-0.042669625040238995
6051,10.000000000000002,-0.04180437237796427,6.756869666963119e-5,0.008220018045578197,0.012289835661219616,0.04180437237796427,-0.04142543389908056
6052,4.000000000000001,-0.042491144917730726,0.0004206176124816704,0.02050896419816638,0.037161685511741524,0.042491144917730726,-0.042604561513036585
6053,1.6000000000000005,-0.04481653465564934,0.004012499060091726,0.06334428987755507,0.019778540145633225,0.04481653465564934,-0.04809134534990702
6054,4.000000000000001,-0.04419992119606064,0.0005433071832251388,0.023308950710513306,0.029822124303566483,0.04419992119606064,-0.041924866193774835
6055,1.6000000000000005,-0.04073559976920272,0.002381523777814253,0.0488008583716952,0.017551752318592493,0.04073559976920272,-0.04503274868525077
6056,4.000000000000001,-0.040724126933580705,0.00032779210392750927,0.018105029796371762,0.01308180221905362,0.040724126933580705,-0.04231919073530557
6057,10.000000000000002,-0.041226841904838864,0.00019014563850331916,0.01378933060388789,0.0670142165180008,0.041226841904838864,-0.03928774463467228
6058,4.000000000000001,-0.04170292142947973,0.0011950840034210075,0.034569987032410175,0.012206441528463601,0.04170292142947973,-0.045674821696957975
6059,10.000000000000002,-0.041489416068147676,0.0001196784860143038,0.010939766268723651,0.01676772057276844,0.041489416068147676,-0.041608751316542306
6060,4.000000000000001,-0.041921998063166294,0.00043390708586051984,0.020830436525923306,0.025662431594601416,0.041921998063166294,-0.04294239962591408
6061,10.000000000000002,-0.04189301907421407,6.868459111632845e-5,0.00828761673319468,0.008648923113546017,0.04189301907421407,-0.04133112085823935
6062,25.000000000000004,-0.04184474647884698,3.219050257528602e-5,0.0056736674713351,0.023022681540097237,0.04184474647884698,-0.04049641206163559
6063,10.000000000000002,-0.04204395925189307,0.00027000300081557455,0.01643176803681133,0.02321562174138177,0.04204395925189307,-0.04169451643343542
6064,4.000000000000001,-0.04371089271205131,0.0020471381376897415,0.045245310670717485,0.031025762378142568,0.04371089271205131,-0.047248420882799375
6065,10.000000000000002,-0.043328560175070245,0.0002912024337842359,0.017064654516990255,0.025791799248232144,0.043328560175070245,-0.04136039775165083
6066,4.000000000000001,-0.042673570783328355,0.0011776289308610389,0.03431659847451433,0.035003507453692316,0.042673570783328355,-0.044828698252291944
6067,10.000000000000002,-0.042012038522181334,0.00015165880441313424,0.012314982923785734,0.022883095416432877,0.042012038522181334,-0.0412661723753135
6068,4.000000000000001,-0.04099670671254952,0.001093498888136995,0.033068094715858594,0.019641301839508112,0.04099670671254952,-0.04380083373168462
6069,10.000000000000002,-0.041410295105079986,0.0001412547282306025,0.011885063240496556,0.04150825567262048,0.041410295105079986,-0.04098088107292073
6070,4.000000000000001,-0.042093202070666774,0.0012400336200720323,0.03521411109302679,0.031155935432491944,0.042093202070666774,-0.044400229913995726
6071,10.000000000000002,-0.04185813969790253,0.00016169228776039544,0.012715828237295258,0.022178427697983456,0.04185813969790253,-0.04111989486310684
6072,4.000000000000001,-0.03982090073731295,0.0009697425954208547,0.031140690349137325,0.02116594210200348,0.03982090073731295,-0.044645065285520334
6073,10.000000000000002,-0.04058913633374296,0.0001556554730482646,0.01247619625720374,0.025141847127125753,0.04058913633374296,-0.04137951500993098
6074,4.000000000000001,-0.043512485219606746,0.000842919399159323,0.02903307422852983,0.03424939195884406,0.043512485219606746,-0.04388868164635979
6075,10.000000000000002,-0.04312724291279718,0.00012546000477880147,0.011200893034879025,0.016884703008542508,0.04312724291279718,-0.04152350842383031
6076,4.000000000000001,-0.04223294723212051,0.0008378665658436998,0.028945924857286903,0.026027132867854796,0.04223294723212051,-0.0439418688152954
6077,10.000000000000002,-0.04208795552806601,0.00010615833300034626,0.010303316601965906,0.04468443529478151,0.04208795552806601,-0.041916492421924106
6078,4.000000000000001,-0.04198353808340926,0.0005015902199934937,0.022396209947075727,0.013037105219184789,0.04198353808340926,-0.04305205180785327
6079,10.000000000000002,-0.0417648530687435,8.37267515278482e-5,0.009150232320976785,0.018505964700896688,0.0417648530687435,-0.0415643601111813
6080,4.000000000000001,-0.04109312956099358,9.329869348621381e-5,0.009659124882007366,0.03843870362808568,0.04109312956099358,-0.0407227353734281
6081,1.6000000000000005,-0.04276258952257729,0.004685196715826038,0.06844849681202676,0.020762831736567348,0.04276258952257729,-0.04982443867336494
6082,4.000000000000001,-0.04308616316144035,0.0007737034052100122,0.027815524535949564,0.030603448548125956,0.04308616316144035,-0.04276202572221905
6083,10.000000000000002,-0.04266468856407082,0.00021727350892445768,0.01474020043705165,0.027991753977101904,0.04266468856407082,-0.04040638039119512
6084,4.000000000000001,-0.040950986244498694,0.0009553046022675641,0.030908002236760046,0.033924945392684744,0.040950986244498694,-0.04410106980892386
6085,10.000000000000002,-0.04093056581823404,0.00010368677354469764,0.010182670256111491,0.03839645917294051,0.04093056581823404,-0.04164309219133175
6086,4.000000000000001,-0.04208667669538783,0.00041160273319319665,0.02028799480464239,0.02222556297329973,0.04208667669538783,-0.04277164499002946
6087,10.000000000000002,-0.04173410950801647,9.206616457284168e-5,0.009595111493507601,0.06189790981570332,0.04173410950801647,-0.04118547533034102
6088,4.000000000000001,-0.04248800152112775,0.0007135330828360606,0.026712040035086437,0.013277899653267613,0.04248800152112775,-0.04336577461664302
6089,10.000000000000002,-0.04210412614452822,0.00010242505670718205,0.01012052650345732,0.020095297837577866,0.04210412614452822,-0.041166088508332456
6090,4.000000000000001,-0.04168449650152254,0.0008616348252445201,0.02935361690225789,0.018781448941219633,0.04168449650152254,-0.04389274741539238
6091,10.000000000000002,-0.04149975412672284,0.00010174132796078666,0.010086690634731823,0.01959756512763697,0.04149975412672284,-0.04122993491385471
6092,4.000000000000001,-0.04280962201921696,0.0006698306618155558,0.025881086951972394,0.014941419859100268,0.04280962201921696,-0.04310224960339787
6093,10.000000000000002,-0.042416468722927377,8.994751782038082e-5,0.009484066523405497,0.03034547472773259,0.042416468722927377,-0.0412002660007297
6094,4.000000000000001,-0.042649314131525874,0.000941394693094357,0.030682155939476565,0.026645926234279776,0.042649314131525874,-0.0444685591208233
6095,10.000000000000002,-0.0421286280243286,0.0001489672080314002,0.01220521233045129,0.018422480131573646,0.0421286280243286,-0.04125564408798491
6096,4.000000000000001,-0.040873272864864016,0.0007549396104307655,0.027476164405367164,0.014971379133447241,0.040873272864864016,-0.043858144493237106
6097,10.000000000000002,-0.04158634216576741,0.00010121375468353881,0.010060504693281486,0.017907820870237283,0.04158634216576741,-0.041615175204390564
6098,4.000000000000001,-0.04304556758140532,0.0005041964409587939,0.022454318982298126,0.017887491914527213,0.04304556758140532,-0.04289630892668764
6099,10.000000000000002,-0.04254313641890925,7.917739546153445e-5,0.008898168095823682,0.018026282969960564,0.04254313641890925,-0.04157880738359804
6100,4.000000000000001,-0.041472924403811805,0.0005079407985880016,0.022537541981946515,0.018758634894627403,0.041472924403811805,-0.04256936049672493
6101,10.000000000000002,-0.04148761051452509,8.020706178262139e-5,0.008955839535332319,0.012218036973584787,0.04148761051452509,-0.04154922026991346
6102,4.000000000000001,-0.042619424318503685,0.0005437831858616437,0.023319159201430135,0.07163605843109004,0.042619424318503685,-0.04298198334141787
6103,1.6000000000000005,-0.04576823641060458,0.004599053202650312,0.06781631958939022,0.060613392261485724,0.04576823641060458,-0.048881189908455955
6104,4.000000000000001,-0.04339149152520798,0.0007591328680749554,0.027552365925178828,0.038858519419231845,0.04339149152520798,-0.04256555096035989
6105,1.6000000000000005,-0.04094379157396865,0.002806338697314773,0.05297488742144501,0.02523471836216286,0.04094379157396865,-0.045513683590802295
6106,4.000000000000001,-0.04117758139321859,0.0004484528467337207,0.021176705285141047,0.02537517251733948,0.04117758139321859,-0.04153053087289226
6107,10.000000000000002,-0.04176045792083967,0.0001513851534937721,0.01230386742019647,0.026508055689266074,0.04176045792083967,-0.040245223841604026
6108,4.000000000000001,-0.04228926328339399,0.0007223390069609312,0.026876365211109393,0.07317621501027591,0.04228926328339399,-0.04220840002340424
6109,1.6000000000000005,-0.04288277495056308,0.003762836191060265,0.06134196109565022,0.018205816363888797,0.04288277495056308,-0.04764527418720038
6110,4.000000000000001,-0.04214276389125984,0.0005739804624544517,0.023957889357254566,0.01759222363963439,0.04214276389125984,-0.042410478868320514
6111,10.000000000000002,-0.04151969630254191,0.00014875043022467108,0.012196328555129659,0.021471954397936577,0.04151969630254191,-0.04091081380130104
6112,4.000000000000001,-0.04019475669315743,0.0005079770918882411,0.02253834714188778,0.07520841078159127,0.04019475669315743,-0.04214061410389051
6113,1.6000000000000005,-0.04207799108644376,0.004077666098930448,0.06385660575798284,0.023059767775551254,0.04207799108644376,-0.04802608331892823
6114,4.000000000000001,-0.04302018403937338,0.0006184644075876851,0.02486894464161447,0.014372082048004144,0.04302018403937338,-0.041882634573725715
6115,10.000000000000002,-0.0421384038641631,0.0002045644628998053,0.014302603360920183,0.026394368429438694,0.0421384038641631,-0.03991360493458423
6116,4.000000000000001,-0.04113488852045452,0.0010667382799799544,0.032660959569185265,0.015585264049669846,0.04113488852045452,-0.04405594397503492
6117,10.000000000000002,-0.04112465965808017,0.00014954532450883257,0.012228872577177039,0.03199748210030783,0.04112465965808017,-0.04103149353557368
6118,4.000000000000001,-0.041007764514056015,0.00021028518514994388,0.01450121323027642,0.057887820108113504,0.041007764514056015,-0.04021003483326435
6119,1.6000000000000005,-0.045680548355103566,0.005476790659128063,0.0740053420985814,0.041075340224747056,0.045680548355103566,-0.049600255842007654
6120,4.000000000000001,-0.04493614667415476,0.0009723642541166169,0.031182755717168695,0.039221184506645794,0.04493614667415476,-0.042848180349554475
6121,1.6000000000000005,-0.04156013582506383,0.003489630317363817,0.05907309300657802,0.03024869110158283,0.04156013582506383,-0.04651840942650706
6122,4.000000000000001,-0.04203314825958882,0.0005390786947757987,0.023218068282606946,0.022735188114272414,0.04203314825958882,-0.04246975610999678
6123,10.000000000000002,-0.042730363006261214,0.0003966930860266635,0.019917155570679853,0.1595388017654351,0.042730363006261214,-0.03657101965663572
6124,4.000000000000001,-0.04004251996155976,0.002433054252959697,0.0493259997664487,0.026272540258409593,0.04004251996155976,-0.05014771350260117
6125,10.000000000000002,-0.040493120159236444,0.0002441536222671059,0.015625415907012073,0.04333451124454555,0.040493120159236444,-0.04085949404111619
6126,4.000000000000001,-0.04095462111510231,0.0013406650972400016,0.03661509384447897,0.020502469601686637,0.04095462111510231,-0.04545572958761778
6127,10.000000000000002,-0.041644889327428394,0.00015449800311093302,0.012429722567737906,0.04320957255799399,0.041644889327428394,-0.04136401713366157
6128,4.000000000000001,-0.0434813470071324,0.000849952866712798,0.029153951133813714,0.023070531796010593,0.0434813470071324,-0.04365478154722809
6129,10.000000000000002,-0.042305053527932866,0.00012237428121218826,0.011062290956767874,0.03276919561045393,0.042305053527932866,-0.041383846026679424
6130,4.000000000000001,-0.0413664079302678,0.0006052951050670116,0.02460274588469774,0.03183488675199811,0.0413664079302678,-0.043158414546126136
6131,1.6000000000000005,-0.04163941211098414,0.004000805865496568,0.06325192380866031,0.018241685431858744,0.04163941211098414,-0.04843296670669465
6132,4.000000000000001,-0.04138965005458351,0.0004946939191335096,0.02224171574167581,0.014445180923170044,0.04138965005458351,-0.042656655565935765
6133,10.000000000000002,-0.04172872969780953,0.0001393062981620828,0.0118028089098351,0.03803477654195223,0.04172872969780953,-0.04085932534839206
6134,4.000000000000001,-0.042660163451082256,0.0008251574912084818,0.028725554671902888,0.019765322220027675,0.042660163451082256,-0.043922638870057415
6135,10.000000000000002,-0.042427517829903436,0.0001620969175390748,0.012731728772600946,0.11673067893751592,0.042427517829903436,-0.0404646958025338
6136,4.000000000000001,-0.04131788662547218,0.0007784188605611526,0.02790015879096663,0.014235842225944489,0.04131788662547218,-0.04410425690060111
6137,10.000000000000002,-0.04146992410458753,8.910455844850427e-5,0.009439521092116076,0.012396715583959113,0.04146992410458753,-0.04152131483620767
6138,4.000000000000001,-0.04258140764300031,0.0005234554746183402,0.022879149342104926,0.02207697484181813,0.04258140764300031,-0.04303654795752007
6139,10.000000000000002,-0.042216284047348236,7.508712408782627e-5,0.008665282689435254,0.012299764005416186,0.042216284047348236,-0.04176051906526874
6140,4.000000000000001,-0.04187520764269523,0.00048708859689966023,0.022070083753798042,0.030875692254558152,0.04187520764269523,-0.042816771037821146
6141,1.6000000000000005,-0.04221210632996578,0.0029594416775034355,0.05440075070716796,0.014499856026579046,0.04221210632996578,-0.046436802340583415
6142,4.000000000000001,-0.04249573525135356,0.0004041699548164285,0.02010397858177402,0.006733298550732725,0.04249573525135356,-0.0430258177228132
6143,10.000000000000002,-0.042364509200042,8.517596948790147e-5,0.009229082808594875,0.020748584713346688,0.042364509200042,-0.04177309713679632
6144,4.000000000000001,-0.041977563809687674,0.000437714975266439,0.020921638924004952,0.013886111075770712,0.041977563809687674,-0.04290008691745077
6145,10.000000000000002,-0.041886507755888244,6.977382106085126e-5,0.008353072552112262,0.022099434250910262,0.041886507755888244,-0.04178254999801912
6146,4.000000000000001,-0.04208086920411289,0.0002745942494848081,0.01657088559748115,0.009872292846508259,0.04208086920411289,-0.04258966904805267
6147,10.000000000000002,-0.04213608123813134,3.886764654540719e-5,0.006234392235447429,0.011554827429644959,0.04213608123813134,-0.04183721650054462
6148,4.000000000000001,-0.042663822842399335,0.00037053399696010826,0.019249259647064566,0.009044311489956278,0.042663822842399335,-0.04258627284556345
6149,10.000000000000002,-0.04244517882369426,6.136116619195604e-5,0.007833336849131158,0.012704536980970332,0.04244517882369426,-0.04201030059392659
6150,4.000000000000001,-0.04193514883079564,0.00026611331245850634,0.016312979876727193,0.024136058674694497,0.04193514883079564,-0.042490877332132866
6151,1.6000000000000005,-0.04109467420773811,0.0018210448541742805,0.04267370213813515,0.016210916616069628,0.04109467420773811,-0.04436613886871586
6152,4.000000000000001,-0.041385550675783124,0.0003055079365500436,0.017478785328221284,0.008354541340751474,0.041385550675783124,-0.04206813190407378
6153,10.000000000000002,-0.041777924238201154,9.126596419755744e-5,0.009553322155017982,0.01677222415883393,0.041777924238201154,-0.041064232593918885
6154,4.000000000000001,-0.04248956003400045,0.0004919205707802891,0.022179282467660877,0.02686665259138442,0.04248956003400045,-0.042911297183333655
6155,10.000000000000002,-0.04241630942006018,8.328352581483161e-5,0.009125980813854016,0.0192440858697341,0.04241630942006018,-0.041776419244815094
6156,4.000000000000001,-0.042770123847607776,0.00043285155405564034,0.020805084812507743,0.018193778334599925,0.042770123847607776,-0.043239595259457385
6157,10.000000000000002,-0.04210336629211221,7.047114621466334e-5,0.008394709418119447,0.024935929387818436,0.04210336629211221,-0.04192849278912748
6158,4.000000000000001,-0.041692130665463636,0.0001759455902910473,0.013264448359846982,0.03564297345455619,0.041692130665463636,-0.04216482874837906
6159,1.6000000000000005,-0.04210980701240542,0.003301783536683319,0.05746114806269815,0.016829534386282295,0.04210980701240542,-0.04614726818677691
6160,4.000000000000001,-0.042528438249867545,0.0005089867636825628,0.02256073499872207,0.01431554663593624,0.042528438249867545,-0.04219494920324513
6161,10.000000000000002,-0.04208106478367366,0.00012090181157169385,0.010995535983829704,0.02027372411216321,0.04208106478367366,-0.0412340698114563
6162,4.000000000000001,-0.04179709663696318,0.0005358423485900233,0.02314826880330413,0.013889586198794166,0.04179709663696318,-0.04358842986508493
6163,10.000000000000002,-0.041621888044016064,7.203293828426677e-5,0.008487222059323462,0.011022513953535122,0.041621888044016064,-0.04181895058784235
6164,4.000000000000001,-0.042160507144891515,0.00036456299476836493,0.01909353279957287,0.015265843194063319,0.042160507144891515,-0.04264785890019287
6165,10.000000000000002,-0.04190486004429797,6.187177911595707e-5,0.007865861625782459,0.012474918607663303,0.04190486004429797,-0.04174934143593667
6166,4.000000000000001,-0.042365088374985656,0.00032241657831637933,0.017955962194111996,0.012558990712960558,0.042365088374985656,-0.04234202211636504
6167,10.000000000000002,-0.0424633323695498,5.220645220923046e-5,0.007225403255821121,0.014203835356851413,0.0424633323695498,-0.04175603702957818
6168,4.000000000000001,-0.043074808348614484,0.00023446030241258318,0.015312096604076895,0.03335708650733395,0.043074808348614484,-0.04227880061776682
6169,1.6000000000000005,-0.04175078826139343,0.0031674432836753066,0.05628004338729055,0.01829582795286481,0.04175078826139343,-0.04682080677807263
6170,4.000000000000001,-0.042093825235203,0.0003635287310765154,0.019066429426521248,0.008732027326815833,0.042093825235203,-0.04258107188161947
6171,10.000000000000002,-0.04198183119812986,7.625191115797806e-5,0.008732234030188269,0.03504942018877111,0.04198183119812986,-0.04163647398702954
6172,4.000000000000001,-0.04225937180544892,0.00043716505995828367,0.02090849253194222,0.011046580275364851,0.04225937180544892,-0.04314064183127311
6173,10.000000000000002,-0.04224112883134095,6.0638612057219636e-5,0.007787079815773024,0.01289178273505406,0.04224112883134095,-0.041738109428058584
6174,4.000000000000001,-0.04171301943369323,8.876821238961908e-5,0.009421688404400726,0.03161753816821981,0.04171301943369323,-0.04143720091282841
6175,1.6000000000000005,-0.04165776984196066,0.0029002016472327906,0.053853520286354456,0.017313741874252633,0.04165776984196066,-0.0460113310131215
6176,4.000000000000001,-0.04226893639582137,0.000468697045061564,0.021649412118151475,0.014365432310486414,0.04226893639582137,-0.04230645780171506
6177,10.000000000000002,-0.0422935506704802,0.00012476451520512083,0.011169803722766164,0.10431535095259085,0.0422935506704802,-0.04067213211345934
6178,4.000000000000001,-0.04056696816912841,0.0008901673648545663,0.029835672689828303,0.03437516728518232,0.04056696816912841,-0.04453459475895748
6179,10.000000000000002,-0.041225834975462006,0.00011949694995328834,0.01093146604775811,0.021016455416028538,0.041225834975462006,-0.0417225049012174
6180,4.000000000000001,-0.04301309859977049,0.0004770951406130307,0.02184250765395381,0.023488278091255203,0.04301309859977049,-0.04309196863059746
6181,10.000000000000002,-0.04260423344387572,6.409174410440152e-5,0.00800573195306972,0.019098659650176444,0.04260423344387572,-0.041565817865083496
6182,4.000000000000001,-0.041662743849479676,6.941159561749093e-5,0.008331362170587168,0.023301549824526112,0.041662743849479676,-0.04087926363227242
6183,1.6000000000000005,-0.04211169320486133,9.915732007190529e-5,0.009957776863934302,0.026568861349198364,0.04211169320486133,-0.04070624712513795
6184,0.6400000000000002,-0.03773683358715072,0.015139421142393382,0.12304235507496344,0.012100795455023544,0.03773683358715072,-0.0599709464436394
6185,1.6000000000000005,-0.04279343725867275,0.004032179301296543,0.06349944331485546,0.01880691774750995,0.04279343725867275,-0.04846109623504009
6186,4.000000000000001,-0.04365429187458619,0.000964201942365204,0.03105160128504171,0.014291502109825202,0.04365429187458619,-0.04039324700591068
6187,10.000000000000002,-0.04284615690987819,0.00043799334064538226,0.020928290437715696,0.027843616996692418,0.04284615690987819,-0.03625553531597992
6188,4.000000000000001,-0.039034496929462925,0.0024499368918988506,0.04949683719086352,0.04434469354903265,0.039034496929462925,-0.04625266471376762
6189,10.000000000000002,-0.03996677465595535,0.0004460411115295869,0.021119685403186924,0.029066277669644373,0.03996677465595535,-0.038356840453384604
6190,4.000000000000001,-0.04097930842235184,0.0022997772352081865,0.04795599269338699,0.03730018569374999,0.04097930842235184,-0.04711101928697344
6191,10.000000000000002,-0.0417438110981415,0.0003785614674268211,0.019456656121410513,0.02499795302383772,0.0417438110981415,-0.03843262807112139
6192,4.000000000000001,-0.04167589312912746,0.0020801656668140737,0.045608833210399866,0.019163483212754014,0.04167589312912746,-0.046557998738953055
6193,10.000000000000002,-0.04115729740642338,0.00036695592342418046,0.01915609363686084,0.027452842249423626,0.04115729740642338,-0.03882028604556963
6194,4.000000000000001,-0.04026354748293083,0.002069337284825756,0.04548996905720816,0.03214058295448873,0.04026354748293083,-0.045839392166126355
6195,10.000000000000002,-0.040708430673252985,0.0003420964421104893,0.018495849321144713,0.024842487521962678,0.040708430673252985,-0.03878085569219607
6196,4.000000000000001,-0.04089278174942499,0.001989827592331134,0.044607483591109845,0.02090869053836135,0.04089278174942499,-0.046761877760747264
6197,10.000000000000002,-0.040764533150031534,0.00031116611338746726,0.017639901172837313,0.024634067431217235,0.040764533150031534,-0.03950734799727826
6198,4.000000000000001,-0.041919055188334095,0.00194761905796493,0.04413183723758767,0.02138233189278502,0.041919055188334095,-0.046892403791492565
6199,10.000000000000002,-0.04192924445609467,0.00027926767565054846,0.01671130382856312,0.015326636913129603,0.04192924445609467,-0.04032014945004331
6200,25.000000000000004,-0.04154404814481126,8.677430966333698e-5,0.009315272924790608,0.09364738604279703,0.04154404814481126,-0.03765233628996718
6201,10.000000000000002,-0.04089707438951221,0.0006629026593298201,0.025746896110595933,0.04590744791392193,0.04089707438951221,-0.04235665268773914
6202,4.000000000000001,-0.03785948703107164,0.003223548355918917,0.05677630100595597,0.03756599834729915,0.03785948703107164,-0.05082152507421026
