iter,is_last,ub_relx,lb_relx,b_lower,n_states
0,false,0.8000193071675061,-Inf,-Inf,138
1,false,0.8000157143145231,-Inf,-Inf,139
2,false,0.800012384259189,-Inf,-Inf,140
3,false,0.8000116582392536,-Inf,-Inf,141
4,false,0.8000107442164426,-Inf,-Inf,142
5,false,0.8000106489625741,-Inf,-Inf,143
6,false,0.8000097770401129,-Inf,-Inf,144
7,false,0.8000094476810435,-Inf,-Inf,145
8,false,0.8000089835314742,-Inf,-Inf,146
9,false,0.8000089569505933,-Inf,-Inf,147
10,false,0.8000085519264848,-Inf,-Inf,148
11,false,0.8000085172333585,-Inf,-Inf,149
12,false,0.8000084810247758,-Inf,-Inf,150
13,false,0.8000084708111124,-Inf,-Inf,151
14,false,0.8000084633096733,-Inf,-Inf,152
15,false,0.8000084325581449,-Inf,-Inf,153
16,false,0.800008411587108,-Inf,-Inf,154
17,false,0.8000084068756717,-Inf,-Inf,155
18,false,0.8000083841181362,-Inf,-Inf,156
19,false,0.8000083643368443,-Inf,-Inf,157
20,false,0.800008358791878,-Inf,-Inf,158
21,false,0.8000083436352547,-Inf,-Inf,159
22,false,0.800008300098197,-Inf,-Inf,160
23,false,0.800008289590468,-Inf,-Inf,161
24,false,0.800008271488783,-Inf,-Inf,162
25,false,0.8000081773697787,-Inf,-Inf,163
26,false,0.800008141807367,-Inf,-Inf,164
27,false,0.8000080779716439,-Inf,-Inf,165
28,false,0.8000080767012103,-Inf,-Inf,166
29,false,0.8000080763305051,0.5686412192355464,-0.23136685709495863,167
30,false,0.800007782616484,0.5686412192355464,-Inf,168
31,false,0.800007777572073,0.5686412192355464,-Inf,169
32,false,0.8000077696534008,0.5686412192355464,-Inf,170
33,false,0.800007764992457,0.5686412192355464,-Inf,171
34,false,0.8000077647240829,0.5686412192355464,-Inf,172
35,false,0.8000077649457539,0.5686412192355464,-Inf,173
36,false,0.8000077649226529,0.5686412192355464,-Inf,174
37,false,0.800007764893691,0.5686412192355464,-Inf,175
38,false,0.8000077648617574,0.5686412192355464,-Inf,176
39,false,0.8000077648317399,0.5686412192355464,-Inf,177
40,false,0.8000077647961175,0.5686412192355464,-Inf,178
41,false,0.8000077647653865,0.5686412192355464,-Inf,179
42,false,0.8000077647190506,0.5686412192355464,-Inf,180
43,false,0.8000077646707768,0.5686412192355464,-Inf,181
44,false,0.8000077646004096,0.5686412192355464,-Inf,182
45,false,0.8000077644395756,0.5686412192355464,-Inf,183
46,false,0.8000077641891767,0.5686412192355464,-Inf,184
47,false,0.8000077637872096,0.5686412192355464,-0.24924902771901325,185
48,false,0.800007210551813,0.5686412192355464,-0.26233913766751227,186
49,false,0.8000069277192212,0.5686412192355464,-Inf,187
50,false,0.8000069276019617,0.5686412192355464,-Inf,188
51,false,0.8000069274728461,0.5686412192355464,-0.26245023475784,189
52,false,0.8000068272136449,0.5686412192355464,-Inf,190
53,false,0.8000067825556938,0.5686412192355464,-0.23895642722323318,191
54,false,0.8000063595917084,0.5686412192355464,-Inf,192
55,false,0.8000063259386434,0.5686412192355464,-Inf,193
56,false,0.8000062790245278,0.6027514568784015,-0.19725482214612633,194
57,false,0.8000057228842956,0.6027514568784015,-Inf,195
58,false,0.8000057053104443,0.6027514568784015,-Inf,196
59,false,0.8000057006957079,0.6027514568784015,-0.2891992433057259,197
60,false,0.800005300417378,0.6027514568784015,-Inf,198
61,false,0.8000052979281157,0.6027514568784015,-Inf,199
62,false,0.8000052957102326,0.6027514568784015,-0.26147250331958893,200
63,false,0.8000051681796665,0.6027514568784015,-0.22790192250286267,201
64,false,0.8000051308834264,0.6027514568784015,-0.241432644213306,202
65,false,0.8000045395227122,0.6113952324731171,-0.1886093070495951,203
66,false,0.8000043837174826,0.6113952324731171,-Inf,204
67,false,0.8000042026713428,0.6113952324731171,-Inf,205
68,false,0.800004199062794,0.6113952324731171,-Inf,206
69,false,0.8000041962929134,0.6113952324731171,-Inf,207
70,false,0.8000041870858515,0.6113952324731171,-Inf,208
71,false,0.8000041838369983,0.6113952324731171,-Inf,209
72,false,0.8000041820569728,0.6113952324731171,-Inf,210
73,false,0.8000041759667446,0.6113952324731171,-Inf,211
74,false,0.8000041706418992,0.6113952324731171,-Inf,212
75,false,0.8000041693769473,0.6113952324731171,-Inf,213
76,false,0.8000041682297149,0.6113952324731171,-Inf,214
77,false,0.8000041666681845,0.6113952324731171,-Inf,215
78,false,0.800004165587158,0.6113952324731171,-0.26459320755787696,216
79,false,0.8000041223521598,0.6113952324731171,-0.23228738748092082,217
80,false,0.8000040245268503,0.6113952324731171,-0.24459726896437028,218
81,false,0.8000039976838962,0.6113952324731171,-0.3195130612732008,219
82,false,0.8000039413526043,0.6113952324731171,-Inf,220
83,false,0.8000039370421812,0.6113952324731171,-0.2326519807437617,221
84,false,0.800003890040058,0.6113952324731171,-0.23529249155467735,222
85,false,0.8000038616150121,0.6113952324731171,-0.20443643250090338,223
86,false,0.8000038455603746,0.6113952324731171,-0.23173792676042226,224
87,false,0.8000038219095266,0.6113952324731171,-Inf,225
88,false,0.8000038187479127,0.6113952324731171,-0.20958916005711814,226
89,false,0.8000037930539583,0.6113952324731171,-Inf,227
90,false,0.8000037930215343,0.6113952324731171,-Inf,228
91,false,0.8000037930080157,0.6113952324731171,-0.22373496097987577,229
92,false,0.8000037324227764,0.6113952324731171,-Inf,230
93,false,0.8000037207833126,0.6113952324731171,-0.2379298928400353,231
94,false,0.8000036920070103,0.6113952324731171,-Inf,232
95,false,0.8000036900297053,0.6113952324731171,-Inf,233
96,false,0.8000036863857648,0.6113952324731171,-Inf,234
97,false,0.8000036786597261,0.6113952324731171,-Inf,235
98,false,0.8000036669194113,0.6113952324731171,-Inf,236
99,false,0.8000036668830419,0.6113952324731171,-Inf,237
100,false,0.8000036668488681,0.6113952324731171,-Inf,238
101,false,0.8000036668224937,0.6113952324731171,-Inf,239
102,false,0.8000036668021342,0.6113952324731171,-Inf,240
103,false,0.8000036667778196,0.6113952324731171,-Inf,241
104,false,0.800003666733098,0.6113952324731171,-Inf,242
105,false,0.8000036666975825,0.6113952324731171,-Inf,243
106,false,0.8000036666542462,0.6113952324731171,-Inf,244
107,false,0.8000036666548179,0.6113952324731171,-Inf,245
108,false,0.8000036666405037,0.6113952324731171,-Inf,246
109,false,0.8000036666294448,0.6113952324731171,-Inf,247
110,false,0.8000036666217067,0.6113952324731171,-Inf,248
111,false,0.800003666615657,0.6113952324731171,-Inf,249
112,false,0.8000036666128738,0.6113952324731171,-Inf,250
113,false,0.800003666601214,0.6113952324731171,-Inf,251
114,false,0.8000036665965508,0.6113952324731171,-Inf,252
115,false,0.8000036665951527,0.6113952324731171,-Inf,253
116,false,0.8000036665982657,0.6113952324731171,-Inf,254
117,false,0.8000036665742201,0.6113952324731171,-Inf,255
118,false,0.8000036665890244,0.6113952324731171,-0.22936587860504476,256
119,false,0.8000036273866199,0.6113952324731171,-0.22325163630614564,257
120,false,0.8000036242207372,0.6113952324731171,-0.2131403304787618,258
121,false,0.80000360568575,0.6113952324731171,-0.20777695201286017,259
122,false,0.8000035979642516,0.6656977314690411,-0.13430586649521048,260
123,false,0.8000031158226365,0.6656977314690411,-Inf,261
124,false,0.8000031095937061,0.6656977314690411,-Inf,262
125,false,0.8000031051438969,0.6656977314690411,-0.2816811681066467,263
126,false,0.8000029064639894,0.6656977314690411,-0.2309143223322937,264
127,false,0.8000028885207657,0.6656977314690411,-0.2288899999277082,265
128,false,0.8000027277576337,0.6656977314690411,-0.22436049559691795,266
0,false,0.8000007444824946,0.4926228395797859,-0.30737790490270867,174
1,false,0.8000007443621058,0.4962927291698829,-0.3037080151922229,175
2,false,0.8000007440356034,0.5024011819470805,-0.2975995620885229,176
3,false,0.8000007430878758,0.5056504747830295,-0.29435026830484634,177
4,false,0.8000007411355483,0.5056504747830295,-Inf,178
5,false,0.8000007408511716,0.5056504747830295,-Inf,179
6,false,0.800000739557514,0.5056504747830295,-0.3111414728277747,180
7,false,0.8000007364305726,0.5056504747830295,-Inf,181
8,false,0.800000734625783,0.5056504747830295,-Inf,182
9,false,0.8000007339008178,0.5056504747830295,-Inf,183
10,false,0.8000007332050518,0.5056504747830295,-Inf,184
11,false,0.8000007331893995,0.5056504747830295,-Inf,185
12,false,0.8000007331719522,0.5056504747830295,-Inf,186
13,false,0.8000007331585749,0.5056504747830295,-Inf,187
14,false,0.8000007330636761,0.5056504747830295,-Inf,188
15,false,0.800000732727417,0.5056504747830295,-Inf,189
16,false,0.8000007326450717,0.5056504747830295,-Inf,190
17,false,0.8000007326794326,0.5056504747830295,-Inf,191
18,false,0.8000007325823959,0.5056504747830295,-Inf,192
19,false,0.8000007323583972,0.5056504747830295,-Inf,193
20,false,0.8000007322843371,0.5056504747830295,-Inf,194
21,false,0.8000007321771979,0.5056504747830295,-0.31471164598004486,195
22,false,0.8000007159590117,0.5056504747830295,-Inf,196
23,false,0.80000071113576,0.5056504747830295,-Inf,197
24,false,0.8000007046645292,0.5056504747830295,-Inf,198
25,false,0.800000700073914,0.5056504747830295,-0.313718208034437,199
26,false,0.8000006760107321,0.5056504747830295,-0.3102312839296741,200
27,false,0.8000006594852213,0.5056504747830295,-0.32820796803235697,201
28,false,0.8000006585919509,0.5056504747830295,-0.318799390066308,202
29,false,0.8000006580492718,0.5056504747830295,-Inf,203
30,false,0.8000006483883072,0.5056504747830295,-Inf,204
31,false,0.8000006469175217,0.5056504747830295,-0.2956973451779178,205
32,false,0.8000006467476095,0.5063737296016342,-0.29362691714597533,206
33,false,0.8000006422369716,0.5063737296016342,-0.2954213236004448,207
34,false,0.8000006315660397,0.5063737296016342,-Inf,208
35,false,0.8000006313523695,0.5063737296016342,-0.30146906297533943,209
36,false,0.8000006274005329,0.5063737296016342,-0.30585594983973013,210
37,false,0.8000006234270044,0.5063737296016342,-0.3020828303801629,211
38,false,0.800000622363957,0.5063737296016342,-0.30345939176880965,212
39,false,0.8000006195844204,0.5063737296016342,-0.3008704301295686,213
40,false,0.8000006141745181,0.5063737296016342,-Inf,214
41,false,0.8000006136752722,0.5063737296016342,-0.30820938405779735,215
42,false,0.8000006123957739,0.5063737296016342,-0.31528782752502094,216
43,false,0.8000006122280983,0.5063737296016342,-0.3107906818457705,217
44,false,0.800000605762673,0.5063737296016342,-0.30687012499042454,218
45,false,0.8000006040589775,0.5063737296016342,-0.3000639758252342,219
46,false,0.8000006037291625,0.5063737296016342,-0.29913627249022534,220
47,false,0.8000006028490706,0.5063737296016342,-0.3070501220347455,221
48,false,0.8000006013982683,0.5063737296016342,-0.3068833612536325,222
49,false,0.800000600994194,0.5063737296016342,-0.30223455614728145,223
50,false,0.8000006009185351,0.5063737296016342,-0.3036724917241471,224
51,false,0.8000005989924494,0.5063737296016342,-0.3086516580287537,225
52,false,0.8000005988281149,0.5063737296016342,-0.30893612135988946,226
53,false,0.8000005982488643,0.5063737296016342,-0.30503949334245334,227
54,false,0.8000005968567311,0.5063737296016342,-0.31079136376916267,228
55,false,0.8000005966120419,0.5063737296016342,-0.30904147473896315,229
56,false,0.8000005961344056,0.5063737296016342,-Inf,230
57,false,0.8000005961229799,0.5063737296016342,-0.3072018379321433,231
58,false,0.800000595241079,0.5063737296016342,-0.3114846231855145,232
59,false,0.8000005931786276,0.5063737296016342,-0.30869468377808973,233
60,false,0.8000005936928867,0.5063737296016342,-Inf,234
61,false,0.8000005936931657,0.5063737296016342,-0.3123719526871167,235
62,false,0.8000005936237229,0.5063737296016342,-0.31065786052639544,236
63,false,0.8000005930938121,0.5063737296016342,-0.30784050952208664,237
64,false,0.800000592406937,0.5063737296016342,-0.3081370821046532,238
65,false,0.8000005921882344,0.5063737296016342,-0.3079772699911484,239
66,false,0.8000005914176039,0.5063737296016342,-0.30794168614761697,240
67,false,0.8000005911930584,0.5063737296016342,-0.3082490837997447,241
68,false,0.8000005909645324,0.5063737296016342,-0.308297346145184,242
69,false,0.8000005906231262,0.5063737296016342,-0.3080112922439932,243
70,false,0.8000005897195064,0.6509730147155626,-0.1490275750039438,244
71,false,0.8000005578559193,0.6509730147155626,-0.3303780445352519,245
72,false,0.8000005571592116,0.6509730147155626,-0.3325913813069806,246
73,false,0.8000005570809412,0.6509730147155626,-0.33218903179428466,247
74,false,0.8000005561362789,0.6509730147155626,-0.3321773828836595,248
75,false,0.8000005561806572,0.6509730147155626,-0.33306283827000244,249
76,false,0.8000005559257798,0.6509730147155626,-0.33323283674463317,250
77,false,0.8000005552680093,0.6509730147155626,-0.3336300019340086,251
78,false,0.800000555281722,0.6509730147155626,-0.33214428870526386,252
79,false,0.8000005507180917,0.6509730147155626,-Inf,253
80,false,0.8000005542407509,0.6509730147155626,-0.3313599521950668,254
81,false,0.800000554031757,0.6509730147155626,-0.33137360230298507,255
82,false,0.8000005539721051,0.6509730147155626,-0.3310610360669234,256
83,false,0.8000005538484838,0.6509730147155626,-0.33136354842238763,257
84,false,0.8000005536875322,0.6509730147155626,-0.3313560799208214,258
85,false,0.8000005535101254,0.6509730147155626,-0.331742110391015,259
86,false,0.8000005534584131,0.6509730147155626,-0.3313878260390205,260
87,false,0.8000005534201808,0.6509730147155626,-0.3316169650927071,261
88,false,0.8000005532638131,0.6509730147155626,-0.3311929350039947,262
89,false,0.800000553203383,0.6509730147155626,-0.33162409655823194,263
90,false,0.8000005532017068,0.6509730147155626,-0.3317575394252431,264
91,false,0.8000005531918244,0.6509730147155626,-0.331655102291183,265
92,false,0.8000005531784183,0.6509730147155626,-0.33163192819268467,266
93,false,0.8000005532303952,0.6509730147155626,-0.33166624315770377,267
94,false,0.8000005531875304,0.6509730147155626,-0.3316793367502061,268
95,false,0.8000005531826843,0.6509730147155626,-0.33153720852260804,269
96,false,0.8000005531809942,0.6509730147155626,-0.33149755290852784,270
97,false,0.8000005531670407,0.6509730147155626,-0.33157070408066885,271
98,false,0.8000005531723787,0.6509730147155626,-0.3315251871018056,272
99,false,0.8000005531650496,0.6509730147155626,-0.3316290363820949,273
100,false,0.8000005531567481,0.6509730147155626,-0.33158228995597494,274
101,false,0.8000005531256141,0.6509730147155626,-0.3314699455531296,275
102,false,0.8000005531166097,0.6509730147155626,-0.3314458620353389,276
103,false,0.8000005531145367,0.6509730147155626,-0.3314003509246185,277
104,false,0.800000553083289,0.6509730147155626,-0.3315152137287352,278
105,false,0.8000005530860025,0.6509730147155626,-0.33145710163928155,279
106,false,0.8000005530912144,0.6509730147155626,-0.33142876347523514,280
107,false,0.8000005530752281,0.6509730147155626,-0.33128353800913235,281
108,false,0.8000005530528895,0.6509730147155626,-0.3314922893641479,282
109,false,0.8000005530359433,0.6509730147155626,-0.3316097046163013,283
110,false,0.800000553046664,0.6509730147155626,-0.3315353648847105,284
111,false,0.800000553038638,0.6509730147155626,-0.33144400529756457,285
112,false,0.8000005530017963,0.6509730147155626,-0.3314119510030223,286
113,false,0.8000005530274262,0.6509730147155626,-0.33143824064256205,287
114,false,0.8000005530409329,0.6509730147155626,-0.1958496063180739,288
115,false,0.8000005405085832,0.6509730147155626,-0.343406971905629,289
116,false,0.8000005403882329,0.6509730147155626,-0.3443324970894396,290
117,false,0.800000540252484,0.6509730147155626,-0.34302770021963175,291
118,false,0.8000005402433517,0.6509730147155626,-0.3448784524691353,292
119,false,0.8000005402159784,0.6509730147155626,-0.34469501604820607,293
120,false,0.8000005402309452,0.6509730147155626,-0.3449054379240543,294
121,false,0.8000005402209447,0.6509730147155626,-0.34483201454254625,295
122,false,0.8000005402144932,0.6509730147155626,-0.17322307418238658,296
123,false,0.8000005234029908,0.6509730147155626,-0.16619098731669069,297
124,false,0.8000005080238474,0.6509730147155626,-Inf,298
125,false,0.8000005063957332,0.6509730147155626,-Inf,299
126,false,0.8000005052561202,0.6509730147155626,-Inf,300
127,false,0.8000005033875541,0.6639217212074047,-0.13607878218014946,301
128,false,0.8000004945619154,0.6639217212074047,-Inf,302
0,false,0.8000003899840544,0.5799008741549417,-0.2200995158291127,226
1,false,0.8000003823696211,0.5799008741549417,-0.3829498051677519,227
2,false,0.8000003607572665,0.5799008741549417,-0.3998567655893828,228
3,false,0.8000003607549157,0.5799008741549417,-0.3998111278767128,229
4,false,0.8000003607478506,0.5799008741549417,-0.39971128099321723,230
5,false,0.8000003607109565,0.5799008741549417,-0.39931244631411156,231
6,false,0.8000003603966573,0.5799008741549417,-0.3975009602626731,232
7,false,0.8000003473535618,0.5799008741549417,-0.3897472467889127,233
8,false,0.8000003464249361,0.5799008741549417,-0.37838299266936504,234
9,false,0.8000003440798272,0.5799008741549417,-0.38698601379427794,235
10,false,0.8000003439576919,0.5799008741549417,-0.3767992912233677,236
11,false,0.8000003418821925,0.5799008741549417,-0.3703792045215025,237
12,false,0.8000003409963635,0.5799008741549417,-0.36711603839002527,238
13,false,0.8000003362460512,0.5799008741549417,-0.38107899959003094,239
14,false,0.8000003345579867,0.5799008741549417,-0.3714903477609511,240
15,false,0.8000003328239096,0.5799008741549417,-0.39169848311249067,241
16,false,0.8000003325421954,0.5799008741549417,-0.377696669204471,242
17,false,0.8000003292678821,0.5799008741549417,-0.35753321601909915,243
18,false,0.8000003258454265,0.5799008741549417,-0.3929326906572843,244
19,false,0.8000003256149616,0.5799008741549417,-0.3781611172545579,245
20,false,0.8000003251386304,0.5799008741549417,-0.38278218436034267,246
21,false,0.800000322693841,0.5799008741549417,-0.3607622719882713,247
22,false,0.8000003215504053,0.5799008741549417,-0.3909423230511839,248
23,false,0.8000003200680529,0.5799008741549417,-0.3876361239844056,249
24,false,0.8000003199088812,0.5799008741549417,-0.38918757544790206,250
25,false,0.8000003190521822,0.5799008741549417,-0.3933151383252697,251
26,false,0.8000003184828386,0.5799008741549417,-0.38104204990107793,252
27,false,0.8000003175816711,0.5799008741549417,-0.3875313738171878,253
28,false,0.8000003171046229,0.5799008741549417,-0.3889317788039791,254
29,false,0.8000003168251612,0.5799008741549417,-0.38990868949321983,255
30,false,0.800000316328474,0.5799008741549417,-0.3872993050340329,256
31,false,0.8000003151459032,0.5799008741549417,-0.38873997568577273,257
32,false,0.8000003143834391,0.5799008741549417,-0.3885411443526789,258
33,false,0.8000003134020597,0.5799008741549417,-0.3899263210949243,259
34,false,0.8000003132036514,0.5799008741549417,-0.38871215995749536,260
35,false,0.8000003129158404,0.5799008741549417,-0.3913187685463821,261
36,false,0.8000003127308172,0.5799008741549417,-0.3902715225104342,262
37,false,0.8000003127474296,0.5799008741549417,-0.3890284992272177,263
38,false,0.800000311560005,0.5799008741549417,-0.38888140844501995,264
39,false,0.8000003116101915,0.5799008741549417,-0.39597257520209866,265
40,false,0.8000003114846557,0.5799008741549417,-0.3936591242624771,266
41,false,0.8000003111197669,0.5799008741549417,-0.39632394137435484,267
42,false,0.8000003111000256,0.5799008741549417,-0.3938814425794417,268
43,false,0.800000310980027,0.5799008741549417,-0.3976889435542356,269
44,false,0.8000003108129424,0.5799008741549417,-0.39730562954607507,270
45,false,0.800000310738645,0.5799008741549417,-0.3965658221672647,271
46,false,0.8000003106133103,0.5799008741549417,-0.39584444355575354,272
47,false,0.8000003105844993,0.5799008741549417,-0.39559203083300176,273
48,false,0.8000003104765052,0.5799008741549417,-0.3958181917010133,274
49,false,0.8000003104095244,0.5799008741549417,-0.39702942466971425,275
50,false,0.8000003104514755,0.5799008741549417,-0.3964154393180793,276
51,false,0.8000003103669429,0.5799008741549417,-0.39746586114495713,277
52,false,0.8000003102991928,0.5799008741549417,-0.3935742511411221,278
53,false,0.8000003102595465,0.5799008741549417,-0.398674679716381,279
54,false,0.8000003098286136,0.5799008741549417,-0.3926409797875829,280
55,false,0.8000003100662744,0.5799008741549417,-0.3947480080669817,281
56,false,0.8000003101613818,0.5799008741549417,-0.3968881145460757,282
57,false,0.8000003101423271,0.5799008741549417,-0.39783917569447846,283
58,false,0.8000003101212884,0.5799008741549417,-0.3968767755471093,284
59,false,0.8000003101363404,0.5799008741549417,-0.39895375760490737,285
60,false,0.8000003101277252,0.5799008741549417,-0.39705585322969805,286
61,false,0.8000003100819228,0.5799008741549417,-0.39922457928420646,287
62,false,0.8000003100719977,0.5799008741549417,-0.39907052122439934,288
63,false,0.8000003100668899,0.5799008741549417,-0.39759521530470693,289
64,false,0.8000003100577936,0.5799008741549417,-0.3974572580544985,290
65,false,0.8000003100524075,0.5799008741549417,-0.39670278969011497,291
66,false,0.800000310034223,0.5799008741549417,-0.3967817764452513,292
67,false,0.8000003100149754,0.5799008741549417,-0.3980397052850551,293
68,false,0.8000003099996806,0.5799008741549417,-0.39661436168290226,294
69,false,0.8000003100026114,0.5799008741549417,-0.39890117351485943,295
70,false,0.8000003100017107,0.5799008741549417,-0.3992183999999254,296
71,false,0.8000003099877689,0.5799008741549417,-0.399217234211498,297
72,false,0.8000003099972282,0.5799008741549417,-0.39910610607445024,298
73,false,0.8000003099986646,0.5799008741549417,-0.39917117924944817,299
74,false,0.8000003099863813,0.5799008741549417,-0.3988214923077424,300
75,false,0.80000030998869,0.5799008741549417,-0.39887270031999134,301
76,false,0.8000003099697319,0.5799008741549417,-0.39899534533443637,302
77,false,0.8000003099885762,0.5799008741549417,-0.2607521000949895,303
78,false,0.8000003099654279,0.5799008741549417,-0.3970512607675738,304
79,false,0.8000003099347346,0.5799008741549417,-0.39744614585216176,305
80,false,0.8000003097393312,0.5799008741549417,-0.3931882737886753,306
81,false,0.8000003099533011,0.5799008741549417,-0.39726318151859275,307
82,false,0.8000002946493632,0.5799008741549417,-0.3278285145195049,308
83,false,0.8000003097748847,0.5799008741549417,-0.39430747865340726,309
84,false,0.8000003099765325,0.5799008741549417,-0.3981421228058504,310
85,false,0.8000002958404145,0.5799008741549417,-0.33704874659996376,311
86,false,0.8000003098060042,0.5799008741549417,-0.3956486890748438,312
87,false,0.8000003097897307,0.5799008741549417,-0.3950624971463952,313
88,false,0.8000002885552538,0.5799008741549417,-Inf,314
89,false,0.8000003094281576,0.5799008741549417,-0.3977564470620312,315
90,false,0.8000002887489402,0.5799008741549417,-0.30504348606747217,316
91,false,0.8000002904383365,0.5799008741549417,-Inf,317
92,false,0.800000308825713,0.5799008741549417,-0.397574202453111,318
93,false,0.8000003088082909,0.5799008741549417,-0.39748342828881233,319
94,false,0.8000003084113191,0.5799008741549417,-0.3962781091087226,320
95,false,0.8000003087689868,0.5799008741549417,-0.39800518109273864,321
96,false,0.8000003087561067,0.5799008741549417,-0.398077303815409,322
97,false,0.8000003087485156,0.5799008741549417,-0.39814935554585307,323
98,false,0.800000308739323,0.5799008741549417,-0.39787947469691365,324
99,false,0.8000003087795099,0.5799008741549417,-0.39756713765257823,325
100,false,0.800000308615535,0.5799008741549417,-0.3971692753034456,326
101,false,0.8000003087196881,0.5799008741549417,-0.3981052192740515,327
102,false,0.800000308689886,0.5799008741549417,-0.39805869889324835,328
103,false,0.800000308704315,0.5799008741549417,-0.39802272344017514,329
104,false,0.800000308712201,0.5799008741549417,-0.3980485725925479,330
105,false,0.8000003086913111,0.5799008741549417,-0.24368947378387384,331
106,false,0.8000003052341884,0.5799008741549417,-0.3764635226425246,332
107,false,0.800000308096474,0.5799008741549417,-0.3946580492916002,333
108,false,0.8000003085951337,0.5799008741549417,-0.3977749146202618,334
109,false,0.8000003085083035,0.5799008741549417,-0.24339811695490943,335
110,false,0.8000003085273709,0.5799008741549417,-0.39891640538787376,336
111,false,0.8000003085522581,0.5799008741549417,-0.3980999312239379,337
112,false,0.800000308522017,0.5799008741549417,-0.3990203216426463,338
113,false,0.8000003085345014,0.5799008741549417,-0.3989602718016064,339
114,false,0.8000003085264545,0.5799008741549417,-0.3986861281418099,340
115,false,0.8000003085305796,0.5799008741549417,-0.39858505813490436,341
116,false,0.8000003085221261,0.5799008741549417,-0.39881185438223543,342
117,false,0.8000003085233445,0.5799008741549417,-0.39869384014514864,343
118,false,0.8000003085306595,0.5799008741549417,-0.39892208063393525,344
119,false,0.8000003084736377,0.6089979648094475,-0.19100234366419022,345
120,false,0.800000308272572,0.6089979648094475,-0.3981006886503634,346
121,false,0.8000003082847218,0.6089979648094475,-0.3988283502123365,347
122,false,0.800000308270989,0.6089979648094475,-0.39792508157462525,348
123,false,0.8000003082758598,0.6089979648094475,-0.3983549224909393,349
124,false,0.8000003082567789,0.6089979648094475,-0.3980380465229055,350
125,false,0.8000003080685694,0.6101098276150105,-0.18989048045355883,351
126,false,0.8000003030436633,0.6101098276150105,-0.3662878053310348,352
127,false,0.800000307933215,0.6101098276150105,-0.3990160477011357,353
128,false,0.8000003080848365,0.6101098276150105,-0.19608864150533578,354
0,false,0.8000002636874087,0.439389468254505,-0.36061079543290375,558
1,false,0.8000002634111631,0.4399462601789646,-0.36005400323219855,559
2,false,0.8000002629084733,0.6217483536362298,-0.17825190927224344,560
3,false,0.8000002625738312,0.6217483536362298,-0.3590617177949415,561
4,false,0.800000261878888,0.6217483536362298,-0.34945703377179815,562
5,false,0.8000002617215309,0.6217483536362298,-0.33636099099909367,563
6,false,0.8000002613406423,0.6217483536362298,-0.3493898397906279,564
7,false,0.8000002612620049,0.6217483536362298,-0.34535288463398583,565
8,false,0.8000002610823372,0.6217483536362298,-0.3419012452515445,566
9,false,0.8000002610215116,0.6217483536362298,-0.35725143889709854,567
10,false,0.8000002609936542,0.6217483536362298,-0.36124657592828635,568
11,false,0.8000002609206494,0.6217483536362298,-0.34362784890505443,569
12,false,0.800000260904904,0.6217483536362298,-0.34499609615902194,570
13,false,0.8000002608735965,0.6217483536362298,-0.3484739063369473,571
14,false,0.8000002609143438,0.6217483536362298,-0.35978582204908066,572
15,false,0.8000002608099732,0.6282034609082556,-0.1717967999017176,573
16,false,0.8000002606066249,0.6282034609082556,-0.3498907021989303,574
17,false,0.800000260690874,0.6282034609082556,-0.3572553820657818,575
18,false,0.8000002606728145,0.6282034609082556,-0.35747358498849535,576
19,false,0.800000260651571,0.6282034609082556,-0.3575456102011616,577
20,false,0.8000002606541178,0.6282034609082556,-0.35783724689393603,578
21,false,0.8000002606449852,0.6282034609082556,-0.35811375208639096,579
22,false,0.8000002605515003,0.6282034609082556,-0.348895315264227,580
23,false,0.800000260603826,0.6282034609082556,-0.35475943021263634,581
24,false,0.8000002606356195,0.6282034609082556,-0.35755862179807574,582
25,false,0.8000002604637431,0.6282034609082556,-0.3531246096805216,583
26,false,0.8000002605954037,0.6282034609082556,-0.35816336106963614,584
27,false,0.8000002605855684,0.6282034609082556,-0.182494000389548,585
28,false,0.8000002601050781,0.6282034609082556,-0.36114614844599024,586
29,false,0.8000002600750176,0.6282034609082556,-0.35652844633155356,587
30,false,0.8000002600840316,0.6282034609082556,-0.35769675585696403,588
31,false,0.8000002600722074,0.6282034609082556,-0.17718082941054758,589
32,false,0.8000002600332969,0.6282034609082556,-0.3488129402432061,590
33,false,0.8000002600384684,0.6282034609082556,-0.34818356463776134,591
34,false,0.8000002530905179,0.6282034609082556,-0.29272469477783425,592
35,false,0.8000002600377222,0.6290691556768715,-0.17093110436085068,593
36,false,0.8000002599486669,0.6290691556768715,-0.3531498122605612,594
37,false,0.8000002599507616,0.6290691556768715,-0.1724401461719436,595
38,false,0.8000002598646441,0.6290691556768715,-0.3490505739314489,596
39,false,0.8000002598886043,0.6290691556768715,-0.3458247005133882,597
40,false,0.8000002598835697,0.6290691556768715,-0.34706907663973274,598
41,false,0.800000259869311,0.6290691556768715,-0.3458479302015016,599
42,false,0.8000002598835907,0.6290691556768715,-0.3479872815056597,600
43,false,0.8000002598544779,0.6290691556768715,-0.17365337065347763,601
44,false,0.8000002598333571,0.6290691556768715,-0.3453251781814114,602
45,false,0.8000002597843082,0.6290691556768715,-0.171518455857259,603
46,false,0.8000002596723054,0.6290691556768715,-0.3436028217483815,604
47,false,0.8000002596871852,0.6290691556768715,-0.3444124723623402,605
48,false,0.8000002597012723,0.6290691556768715,-0.34388565357378,606
49,false,0.8000002596725081,0.6290691556768715,-0.34587423964336306,607
50,false,0.8000002596863153,0.6290691556768715,-0.3445234954463996,608
51,false,0.8000002596879867,0.6313264760647332,-0.16867378362325347,609
52,false,0.8000002596357019,0.6313264760647332,-0.3483456008788447,610
53,false,0.8000002501166864,0.6313264760647332,-0.30379665100857123,611
54,false,0.8000002595551345,0.6313264760647332,-0.3478848454262762,612
55,false,0.8000002596409836,0.6313264760647332,-0.3542095823362019,613
56,false,0.8000002559311298,0.6313264760647332,-0.3256781731498286,614
57,false,0.8000002596216298,0.6313264760647332,-0.17965163664000738,615
58,false,0.8000002596366368,0.6313264760647332,-0.34813746462030987,616
59,false,0.8000002596356408,0.6313264760647332,-0.17403070411866217,617
60,false,0.8000002596011409,0.6313264760647332,-0.17010926587284714,618
61,false,0.8000002595164336,0.6313264760647332,-0.34718263008878225,619
62,false,0.8000002594892126,0.6313264760647332,-0.17254399852466795,620
63,false,0.8000002595250566,0.6313264760647332,-0.34545981315787366,621
64,false,0.8000002595106992,0.6313264760647332,-0.16987709686947272,622
65,false,0.8000002594864039,0.6313264760647332,-0.3456914004811874,623
66,false,0.8000002593844648,0.6313264760647332,-0.34593557604783604,624
67,false,0.8000002594829636,0.6313264760647332,-0.3459054581026714,625
68,false,0.8000002594607635,0.6313264760647332,-0.17078880522982598,626
69,false,0.800000259440906,0.6313264760647332,-0.16909236330239474,627
70,false,0.8000002594309836,0.6313264760647332,-0.3461141775869505,628
71,false,0.8000002485686856,0.6313264760647332,-0.27353865194311566,629
72,false,0.8000002593919897,0.6313264760647332,-0.17096852517798822,630
73,false,0.8000002594200865,0.6313264760647332,-0.3449700147080449,631
74,false,0.8000002594189072,0.6313264760647332,-0.1691304551707251,632
75,false,0.8000002468529109,0.6313264760647332,-0.2641297677139012,633
76,false,0.8000002593954753,0.6313264760647332,-0.17040824179958292,634
77,false,0.8000002593899114,0.6313264760647332,-0.34709631946993325,635
78,false,0.8000002593904928,0.6313264760647332,-0.3469487066174394,636
79,false,0.8000002472202353,0.6313264760647332,-0.27924376524257755,637
80,false,0.8000002593797999,0.6313264760647332,-0.17076223304897975,638
81,false,0.8000002592940483,0.6313264760647332,-0.3445125207808852,639
82,false,0.8000002593887062,0.6313264760647332,-0.34418188076939404,640
83,false,0.8000002593786364,0.6313264760647332,-0.34460154486126193,641
84,false,0.8000002472982054,0.6313264760647332,-0.26805032008319574,642
85,false,0.8000002593866533,0.6313264760647332,-0.34465067696089946,643
86,false,0.8000002593877155,0.6313264760647332,-0.3444095857887557,644
87,false,0.8000002593689298,0.6313264760647332,-0.344966255790888,645
88,false,0.8000002593826041,0.6313264760647332,-0.34455313619896977,646
89,false,0.8000002593915987,0.6313264760647332,-0.34442065454116744,647
90,false,0.8000002593332098,0.6313264760647332,-0.16907292617298952,648
91,false,0.8000002491270037,0.6313264760647332,-0.28224681651287786,649
92,false,0.8000002532112319,0.6537261416430841,-0.14627411156814785,650
93,false,0.8000002593536668,0.6537261416430841,-0.34421380526350476,651
94,false,0.8000002593745773,0.6537261416430841,-0.1689811397544535,652
95,false,0.8000002593614319,0.6537261416430841,-0.3442924683593321,653
96,false,0.8000002593633369,0.6537261416430841,-0.1700753712692349,654
97,false,0.8000002513836172,0.6537261416430841,-0.2879484427506339,655
98,false,0.8000002593554704,0.6537261416430841,-0.16994981147286492,656
99,false,0.8000002593053949,0.6537261416430841,-0.1696981724020008,657
100,false,0.8000002593377171,0.6537261416430841,-0.16923273122470583,658
101,false,0.8000002593350283,0.6537261416430841,-0.17034288994625546,659
102,false,0.8000002593309524,0.6537261416430841,-0.1695303659059969,660
103,false,0.8000002592976899,0.6537261416430841,-0.3456262215475262,661
104,false,0.8000002592784526,0.6537261416430841,-0.1695534809274949,662
105,false,0.8000002593277662,0.6537261416430841,-0.34512900764561727,663
106,false,0.8000002593200108,0.6537261416430841,-0.3449676826881902,664
107,false,0.8000002593201204,0.6537261416430841,-0.16962974461673752,665
108,false,0.8000002592914699,0.6537261416430841,-0.17016377081996392,666
109,false,0.8000002593173833,0.6537261416430841,-0.16972272653351772,667
110,false,0.8000002593123239,0.6537261416430841,-0.16972899034630418,668
111,false,0.8000002592166617,0.6537261416430841,-0.17225337602140467,669
112,false,0.8000002593032557,0.6537261416430841,-0.1689067075401781,670
113,false,0.8000002593144196,0.6537261416430841,-0.3449521868754012,671
114,false,0.8000002592661947,0.6537261416430841,-0.17041081657136914,672
115,false,0.8000002592997277,0.6537261416430841,-0.17002230509771943,673
116,false,0.8000002593020316,0.6537261416430841,-0.16982777557090944,674
117,false,0.8000002593030773,0.6537261416430841,-0.16965412342911723,675
118,false,0.8000002592903778,0.6537261416430841,-0.34529116030904305,676
119,false,0.8000002593071112,0.6537261416430841,-0.3446799496785937,677
120,false,0.8000002593034874,0.6537261416430841,-0.16966978289431522,678
121,false,0.8000002592921687,0.6537261416430841,-0.16995864713560294,679
122,false,0.8000002593010573,0.6537261416430841,-0.1697442009418304,680
123,false,0.8000002592999133,0.6537261416430841,-0.16956622458012183,681
124,false,0.8000002592922858,0.6537261416430841,-0.17005449288829577,682
125,false,0.8000002593023482,0.6537261416430841,-0.1696720888955877,683
126,false,0.8000002592969673,0.6537261416430841,-0.16951242192893057,684
127,false,0.8000002592940233,0.6537261416430841,-0.16961413537461045,685
128,false,0.8000002592915944,0.6537261416430841,-0.345107153293919,686
0,false,0.8000002489546696,0.48281988561027633,-0.31718036334439326,635
1,false,0.8000002488539195,0.48281988561027633,-Inf,636
2,false,0.8000002486452752,0.6468645093801547,-0.15313573926512047,637
3,false,0.8000002486261933,0.6468645093801547,-0.3146449687514701,638
4,false,0.8000002485964225,0.6468645093801547,-0.313787969642644,639
5,false,0.8000002485933574,0.6468645093801547,-0.31145354277582443,640
6,false,0.800000248552825,0.6468645093801547,-0.31456308502520414,641
7,false,0.8000002485123877,0.6468645093801547,-0.1531608320356418,642
8,false,0.8000002485502339,0.6482332555876273,-0.15176699296260654,643
9,false,0.8000002485400188,0.6482332555876273,-0.15193909972401687,644
10,false,0.8000002485219043,0.6482332555876273,-0.310806344866207,645
11,false,0.8000002484939018,0.6482332555876273,-0.31114090983208514,646
12,false,0.8000002484921256,0.6482332555876273,-0.3124230671150271,647
13,false,0.8000002484406009,0.6482332555876273,-0.3113618425907603,648
14,false,0.8000002484771034,0.6482332555876273,-0.31203226612146095,649
15,false,0.8000002485028638,0.6482332555876273,-0.31262905452575085,650
16,false,0.8000002484823254,0.6482332555876273,-0.1528791947260566,651
17,false,0.8000002484413825,0.6482332555876273,-0.3124624371176648,652
18,false,0.8000002484238757,0.6482332555876273,-0.31268268342420497,653
19,false,0.8000002483728086,0.6482332555876273,-0.312502580669963,654
20,false,0.8000002484298807,0.6482332555876273,-0.31143826657038876,655
21,false,0.8000002483884382,0.6488529966903763,-0.15114725169806187,656
22,false,0.8000002484151607,0.6488529966903763,-0.31091660799631327,657
23,false,0.8000002484079773,0.6488529966903763,-0.31150339983707337,658
24,false,0.8000002483819376,0.6488529966903763,-0.31105905547833723,659
25,false,0.8000002483523412,0.6488529966903763,-0.1514286299981914,660
26,false,0.8000002483967202,0.6488529966903763,-0.1517830299917894,661
27,false,0.8000002484015621,0.6488529966903763,-0.3122174163050022,662
28,false,0.8000002483997838,0.6488529966903763,-0.3113982373597966,663
29,false,0.8000002483960369,0.6488529966903763,-0.31168043942742674,664
30,false,0.8000002483902504,0.6488529966903763,-0.15165734539085096,665
31,false,0.8000002483628912,0.6488529966903763,-0.1514302292041847,666
32,false,0.8000002483641024,0.6488529966903763,-0.311834954384537,667
33,false,0.8000002483809081,0.6488529966903763,-0.15237742832137324,668
34,false,0.8000002483831263,0.6488529966903763,-0.3119826953412017,669
35,false,0.8000002483579227,0.7083138385843746,-0.09168640977354814,670
36,false,0.8000002483914346,0.7083138385843746,-0.15216958173453965,671
37,false,0.8000002483362364,0.7083138385843746,-0.31169480228967616,672
38,false,0.8000002483827924,0.7083138385843746,-0.31162995760222323,673
39,false,0.8000002483851905,0.7083138385843746,-0.3111341298452004,674
40,false,0.800000248365859,0.7083138385843746,-0.15177433682929142,675
41,false,0.8000002483214869,0.7083138385843746,-0.3123432415074008,676
42,false,0.8000002483700401,0.7083138385843746,-0.1527868078209733,677
43,false,0.800000248339881,0.7083138385843746,-0.15190156051393233,678
44,false,0.8000002483303195,0.7083138385843746,-0.15186565464257162,679
45,false,0.8000002483789458,0.7083138385843746,-0.3111171539668267,680
46,false,0.80000024836655,0.7083138385843746,-0.15217281878475208,681
47,false,0.8000002483120554,0.7083138385843746,-0.1511034323201622,682
48,false,0.8000002483450703,0.7083138385843746,-0.1517303985576154,683
49,false,0.8000002483280554,0.7083138385843746,-0.31183119368464496,684
50,false,0.800000248330324,0.7083138385843746,-0.15264289737918935,685
51,false,0.8000002483542417,0.7083138385843746,-0.31140533226663486,686
52,false,0.8000002482789145,0.7083138385843746,-0.15231851699890386,687
53,false,0.8000002483480267,0.7083138385843746,-0.1517306131859848,688
54,false,0.8000002483443346,0.7083138385843746,-0.1507421986159354,689
55,false,0.8000002482792083,0.7083138385843746,-0.1518079524740933,690
56,false,0.8000002482832284,0.7083138385843746,-0.15111136689289595,691
57,false,0.8000002483437154,0.7083138385843746,-0.15157735423418128,692
58,false,0.8000002482804311,0.7291003777249139,-0.07089987055551727,693
59,false,0.800000248344785,0.7291003777249139,-0.15155376231881967,694
60,false,0.8000002483175412,0.7291003777249139,-0.09162994262988966,695
61,false,0.8000002483405013,0.7291003777249139,-0.09170493461717566,696
62,false,0.8000002483249136,0.7291003777249139,-0.0916232966165883,697
63,false,0.8000002482916917,0.7291003777249139,-0.31073472983614686,698
64,false,0.8000002480931315,0.7291003777249139,-0.09203917611387236,699
65,false,0.8000002483425914,0.7291003777249139,-0.09169003846250712,700
66,false,0.8000002483281348,0.7291003777249139,-0.15126079108371016,701
67,false,0.8000002484212113,0.7291003777249139,-0.31271578826195356,702
68,false,0.8000002482844984,0.7291003777249139,-0.07094299753872602,703
69,false,0.8000002483344777,0.7291003777249139,-0.09187272760152909,704
70,false,0.8000002482737815,0.7299429803897951,-0.07005726788398636,705
71,false,0.8000002482901138,0.7299429803897951,-0.07166052592745809,706
72,false,0.8000002482986366,0.7299429803897951,-0.09221855819982905,707
73,false,0.8000002482906721,0.7299429803897951,-0.09177721218569723,708
74,false,0.800000248327487,0.7299429803897951,-0.09189766497926832,709
75,false,0.8000002483239366,0.7299429803897951,-0.09187617974794782,710
76,false,0.8000002483279385,0.7299429803897951,-0.09196515538877237,711
77,false,0.8000002482861956,0.7299429803897951,-0.09222164631247853,712
78,false,0.8000002483271139,0.7299429803897951,-0.0919802160528892,713
79,false,0.8000002482886975,0.7299429803897951,-0.07149922063501302,714
80,false,0.8000002483315007,0.7299429803897951,-0.3118777670605254,715
81,false,0.8000002483310961,0.7299429803897951,-0.09206677951148379,716
82,false,0.800000248307902,0.7299429803897951,-0.0708819295066927,717
83,false,0.8000002483269486,0.7299429803897951,-0.09214042627921715,718
84,false,0.8000002483157622,0.7299429803897951,-0.0711014609263404,719
85,false,0.8000002483238052,0.7299429803897951,-0.09223129388419093,720
86,false,0.8000002482548043,0.7444930267089338,-0.05550722154587051,721
87,false,0.8000002462220681,0.7444930267089338,-0.2967209460180198,722
88,false,0.8000002461350472,0.7444930267089338,-0.294883287978133,723
89,false,0.8000002461793941,0.7444930267089338,-0.2959850098044825,724
90,false,0.8000002461838318,0.7444930267089338,-0.2961748571826549,725
91,false,0.8000002461670281,0.7444930267089338,-0.2948300252315865,726
92,false,0.8000002461287323,0.7444930267089338,-0.29571389970515694,727
93,false,0.8000002461642991,0.7444930267089338,-0.2952910805915615,728
94,false,0.8000002461412209,0.7444930267089338,-0.2969600388731265,729
95,false,0.8000002461379087,0.7444930267089338,-0.29577853460994885,730
96,false,0.8000002461608064,0.7444930267089338,-0.29636238455180997,731
97,false,0.8000002461479856,0.7444930267089338,-0.2960686552040509,732
98,false,0.8000002461452195,0.7444930267089338,-0.2964941592511906,733
99,false,0.8000002461208355,0.7444930267089338,-0.2954325872056591,734
100,false,0.8000002461277623,0.7444930267089338,-0.29509464696212184,735
101,false,0.8000002461469692,0.7444930267089338,-0.2956789342498761,736
102,false,0.8000002461373497,0.7444930267089338,-0.29557798654539724,737
103,false,0.8000002461263394,0.7444930267089338,-0.2953858108903087,738
104,false,0.8000002461434405,0.7444930267089338,-0.29571787357813784,739
105,false,0.8000002461189155,0.7444930267089338,-0.14726454880809425,740
106,false,0.8000002461199351,0.7444930267089338,-0.14639292877613053,741
107,false,0.800000246048902,0.7444930267089338,-0.14717973332713108,742
108,false,0.8000002461077826,0.7444930267089338,-0.29570739615496233,743
109,false,0.8000002460848371,0.7444930267089338,-0.14685939177872342,744
110,false,0.8000002460838924,0.7444930267089338,-0.14740257919927924,745
111,false,0.800000246038857,0.7444930267089338,-0.1473824456984636,746
112,false,0.8000002460906401,0.7444930267089338,-0.14718443786667956,747
113,false,0.8000002460834629,0.7444930267089338,-0.14722536136888287,748
114,false,0.8000002460476452,0.7444930267089338,-0.14731959713308573,749
115,false,0.8000002460767462,0.7444930267089338,-0.14687323341980707,750
116,false,0.8000002460338794,0.7444930267089338,-0.14729056695370757,751
117,false,0.8000002460528339,0.7444930267089338,-0.14724438025554765,752
118,false,0.8000002460687178,0.7444930267089338,-0.147215603164767,753
119,false,0.8000002460580762,0.7444930267089338,-0.14712500161519215,754
120,false,0.8000002460635236,0.7444930267089338,-0.14708545678556362,755
121,false,0.8000002460607339,0.7444930267089338,-0.14741194045560946,756
122,false,0.8000002460360862,0.7444930267089338,-0.2950252036641572,757
123,false,0.8000002460176207,0.7444930267089338,-0.2928983909722538,758
124,false,0.800000245998332,0.7444930267089338,-0.14721975231712725,759
125,false,0.8000002333599633,0.7444930267089338,-0.28980809937803287,760
126,false,0.8000002460230885,0.7444930267089338,-0.14704814168283786,761
127,false,0.8000002460457012,0.7444930267089338,-0.1471329839159835,762
128,false,0.8000002460419957,0.7444930267089338,-0.14717318345979968,763
0,false,0.8000002379427636,0.4935889154244898,-0.30641132251827385,817
1,false,0.8000002381761775,0.4935889154244898,-Inf,818
2,false,0.8000002381324928,0.4935889154244898,-0.3149219718249453,819
3,false,0.8000002381336622,0.4935889154244898,-0.3154154507042468,820
4,false,0.8000002381350427,0.6452725155555015,-0.15472772257954126,821
5,false,0.8000002381347142,0.6452725155555015,-Inf,822
6,false,0.8000002381092801,0.6452725155555015,-0.3151277916695068,823
7,false,0.800000228719937,0.6452725155555015,-0.2717391147230348,824
8,false,0.8000002312457756,0.6452725155555015,-0.3032479862591838,825
9,false,0.800000238093569,0.6452725155555015,-0.15474708592999842,826
10,false,0.8000002380771938,0.6452725155555015,-0.31581439316483517,827
11,false,0.8000002380496304,0.6452725155555015,-0.31466923546737646,828
12,false,0.8000002380694289,0.6458555041735721,-0.1541447338958568,829
13,false,0.8000002341107944,0.6458555041735721,-0.30016940273911097,830
14,false,0.8000002380233411,0.6458555041735721,-0.31324642301703953,831
15,false,0.8000002380220747,0.6458555041735721,-0.3131664452888394,832
16,false,0.800000237174463,0.6458555041735721,-0.3038073729999269,833
17,false,0.8000002380667119,0.6458555041735721,-0.15600955309527675,834
18,false,0.8000002379564055,0.6458555041735721,-0.3108886128826053,835
19,false,0.8000002381190997,0.6458555041735721,-Inf,836
20,false,0.8000002368404956,0.6458555041735721,-0.3146169924290277,837
21,false,0.8000002318409801,0.6458555041735721,-0.31351078739098237,838
22,false,0.8000002380115026,0.6458555041735721,-0.31410183135410974,839
23,false,0.8000002380329936,0.6458555041735721,-0.15431699040585845,840
24,false,0.8000002380337415,0.6466188688735025,-0.15338136916023903,841
25,false,0.8000002370442856,0.6466188688735025,-0.31398152275013413,842
26,false,0.8000002380013288,0.6466188688735025,-0.3142029109857106,843
27,false,0.8000002380228526,0.6466188688735025,-0.31443472456099053,844
28,false,0.8000002380097808,0.6466188688735025,-0.31449534266344853,845
29,false,0.80000023794169,0.6466188688735025,-0.3106080492849237,846
30,false,0.8000002380128766,0.6466188688735025,-0.31471467622940574,847
31,false,0.8000002380026308,0.6466188688735025,-0.15345539697821842,848
32,false,0.8000002367052939,0.650561040715067,-0.14943919599022681,849
33,false,0.8000002380220063,0.650561040715067,-0.3149647966377628,850
34,false,0.8000002379742095,0.650561040715067,-0.15096448086029057,851
35,false,0.8000002378988875,0.650561040715067,-0.3107400125934704,852
36,false,0.8000002379878475,0.650561040715067,-0.31357622918485006,853
37,false,0.8000002380195648,0.650561040715067,-0.31488096985976044,854
38,false,0.8000002377065258,0.654933000771134,-0.1450672369353918,855
39,false,0.8000002380053246,0.654933000771134,-0.3148552080192394,856
40,false,0.8000002380684048,0.654933000771134,-0.3149783749445997,857
41,false,0.800000238018709,0.654933000771134,-0.31479902003860327,858
42,false,0.8000002379462161,0.654933000771134,-0.1509189239383083,859
43,false,0.8000002377909989,0.654933000771134,-0.1452816950643292,860
44,false,0.8000002379129849,0.654933000771134,-0.319784851612511,861
45,false,0.8000002379350369,0.654933000771134,-0.1596070842383267,862
46,false,0.8000002379304895,0.654933000771134,-0.15891867247059344,863
47,false,0.8000002379250832,0.654933000771134,-0.15940355776285442,864
48,false,0.8000002379282687,0.654933000771134,-0.31816455037496705,865
49,false,0.8000002379306506,0.654933000771134,-0.1589664255028902,866
50,false,0.8000002379246957,0.654933000771134,-0.15883814042342737,867
51,false,0.8000002378993532,0.654933000771134,-0.15876611739892588,868
52,false,0.8000002379159895,0.654933000771134,-0.15892805476268557,869
53,false,0.8000002379102894,0.654933000771134,-0.1588555869225483,870
54,false,0.8000002378906937,0.654933000771134,-0.15903539280181267,871
55,false,0.8000002378971917,0.654933000771134,-0.15874950082530703,872
56,false,0.8000002379154253,0.654933000771134,-0.15855128413157693,873
57,false,0.8000002379040679,0.654933000771134,-0.15884966979724946,874
58,false,0.8000002379110794,0.654933000771134,-0.15890992988843056,875
59,false,0.8000002379094108,0.654933000771134,-0.15874109577241524,876
60,false,0.800000237863518,0.654933000771134,-0.3179693935117629,877
61,false,0.8000002378923903,0.654933000771134,-0.15882572701240505,878
62,false,0.8000002379052448,0.719178528938996,-0.08082170896624874,879
63,false,0.8000002378954318,0.719178528938996,-0.1588047856610122,880
64,false,0.8000002378950177,0.719178528938996,-0.15872941190082845,881
65,false,0.8000002378934238,0.7196064147643813,-0.08039382312904253,882
66,false,0.8000002378942765,0.7196064147643813,-0.15864826984193015,883
67,false,0.8000002379045591,0.7196064147643813,-0.3178833968131936,884
68,false,0.800000237887724,0.7196064147643813,-0.15899212829264509,885
69,false,0.8000002379047793,0.7196064147643813,-0.0807513119165183,886
70,false,0.800000237896969,0.7196064147643813,-0.1587158187122898,887
71,false,0.8000002378914051,0.7196064147643813,-0.1587291609008914,888
72,false,0.8000002378929224,0.7196064147643813,-0.15908547739130752,889
73,false,0.8000002378910205,0.7196064147643813,-0.15873183419675863,890
74,false,0.8000002378901337,0.7196064147643813,-0.15882320917619153,891
75,false,0.8000002378939314,0.7196064147643813,-0.08109012298071594,892
76,false,0.8000002378885374,0.7196064147643813,-0.15869916458993993,893
77,false,0.8000002378849834,0.7196064147643813,-0.08113919174891837,894
78,false,0.800000237887592,0.7196064147643813,-0.08075527884410205,895
79,false,0.8000002378881178,0.7196064147643813,-0.08082277461298915,896
80,false,0.8000002379003536,0.7196064147643813,-0.08084927442471501,897
81,false,0.8000002378878097,0.7196064147643813,-0.0807848420166637,898
82,false,0.8000002378780557,0.7259689488936328,-0.0740312889844229,899
83,false,0.8000002378863537,0.7259689488936328,-0.0808162149138455,900
84,false,0.8000002378974367,0.7610058787764231,-0.038994359121013566,901
85,false,0.800000237880377,0.7682777843457075,-0.031722453534669515,902
86,false,0.8000002355840949,0.7682777843457075,-0.363297861946306,903
87,false,0.800000235544079,0.7682777843457075,-0.36380547197477325,904
88,false,0.8000002355101108,0.7682777843457075,-0.36393432751742155,905
89,false,0.8000002355011598,0.7682777843457075,-0.3632551341473713,906
90,false,0.8000002355037784,0.7682777843457075,-0.36351326289112385,907
91,false,0.800000235428752,0.7682777843457075,-0.3630054137541605,908
92,false,0.8000002354701641,0.7682777843457075,-0.3632219815430174,909
93,false,0.8000002354660866,0.7682777843457075,-0.36270798736998316,910
94,false,0.8000002354408298,0.7682777843457075,-0.3632004215824438,911
95,false,0.8000002354659173,0.7682777843457075,-0.36361198462179184,912
96,false,0.8000002354542711,0.7682777843457075,-0.363392817664942,913
97,false,0.8000002354497895,0.7682777843457075,-0.36328792650681835,914
98,false,0.8000002354503951,0.7682777843457075,-0.3637913794288291,915
99,false,0.8000002354442529,0.7682777843457075,-0.36130048097058426,916
100,false,0.8000002354966247,0.7682777843457075,-0.36239979509800824,917
101,false,0.8000002354390544,0.7682777843457075,-0.363320809184646,918
102,false,0.8000002354567822,0.7682777843457075,-0.36360690845207017,919
103,false,0.8000002354558966,0.7682777843457075,-0.3637039652775381,920
104,false,0.8000002354506855,0.7682777843457075,-0.36423725998182244,921
105,false,0.800000235450332,0.7682777843457075,-0.3635822413579285,922
106,false,0.8000002354452124,0.7682777843457075,-0.36370667175875987,923
107,false,0.8000002354270966,0.7682777843457075,-0.3631445484173379,924
108,false,0.8000002354471598,0.7682777843457075,-0.36370656560827924,925
109,false,0.8000002354465728,0.7682777843457075,-0.36374667785828574,926
110,false,0.8000002354510706,0.7682777843457075,-0.36351344525043205,927
111,false,0.8000002354351172,0.7682777843457075,-0.36354490157564506,928
112,false,0.8000002354453594,0.7682777843457075,-0.19029926762543148,929
113,false,0.8000002355632735,0.7682777843457075,-0.35639172883085213,930
114,false,0.800000235437139,0.7682777843457075,-0.18720178143786415,931
115,false,0.8000002353977619,0.7682777843457075,-0.36284741594176095,932
116,false,0.8000002353799401,0.7682777843457075,-0.36273104590328403,933
117,false,0.8000002354197756,0.7682777843457075,-0.3625373080400177,934
118,false,0.8000002354165432,0.7682777843457075,-0.36266420673775634,935
119,false,0.8000002354184144,0.7682777843457075,-0.36252679784428804,936
120,false,0.8000002353974967,0.7682777843457075,-0.36244171697292593,937
121,false,0.8000002354184395,0.7682777843457075,-0.1890657836630968,938
122,false,0.80000023539335,0.7682777843457075,-0.3619528102534189,939
123,false,0.8000002353547508,0.7682777843457075,-0.36153458091429286,940
124,false,0.800000235386505,0.7682777843457075,-0.18823460089965616,941
125,false,0.800000235351684,0.7682777843457075,-0.3609832029679239,942
126,false,0.8000002353689041,0.7682777843457075,-0.36096592972821456,943
127,false,0.8000002353683805,0.7682777843457075,-0.1879765429267356,944
128,false,0.8000002353552307,0.7682777843457075,-0.18738093592717453,945
0,false,0.8000002346624598,0.6102194469319097,-0.18978078773055018,1149
1,false,0.8000002346459933,0.6108708411654741,-0.18912939348051927,1150
2,false,0.8000002346035934,0.6108708411654741,-0.3634021679067917,1151
3,false,0.800000234561149,0.6108708411654741,-0.36300898037743534,1152
4,false,0.8000002344589348,0.6108708411654741,-0.18958862743467597,1153
5,false,0.8000002345023811,0.6113190325423762,-0.18868120196000493,1154
6,false,0.8000002231278238,0.6113190325423762,-0.23340839073016062,1155
7,false,0.8000002344779444,0.6128763554086256,-0.18712387906931882,1156
8,false,0.8000002344596184,0.6128763554086256,-0.1879741361979419,1157
9,false,0.8000002344087189,0.6128763554086256,-0.18995031272216867,1158
10,false,0.8000002343489764,0.6128763554086256,-0.3610901974327334,1159
11,false,0.800000234382761,0.6152421328211402,-0.18475810156162087,1160
12,false,0.8000002343771689,0.6152421328211402,-0.18749846201623166,1161
13,false,0.8000002343879572,0.6152421328211402,-0.36315864856579594,1162
14,false,0.8000002343850234,0.6152421328211402,-0.187570902276609,1163
15,false,0.8000002344064434,0.6152421328211402,-0.18890622636519838,1164
16,false,0.8000002343753657,0.6152421328211402,-0.18767555522347534,1165
17,false,0.8000002267559987,0.6152421328211402,-0.2550321373474409,1166
18,false,0.8000002168556095,0.6152421328211402,-Inf,1167
19,false,0.8000002267380674,0.6152421328211402,-0.2833275540352035,1168
20,false,0.8000002343560425,0.6156382506065516,-0.18436198374949087,1169
21,false,0.8000002343362023,0.6156382506065516,-0.3629055169356221,1170
22,false,0.8000002343853516,0.6156382506065516,-0.18885658658961613,1171
23,false,0.8000002343638526,0.6156382506065516,-0.36210622530280173,1172
24,false,0.8000002342696502,0.6156382506065516,-0.1893512568406719,1173
25,false,0.800000210716913,0.624096468051301,-0.17590374266561193,1174
26,false,0.8000002343560937,0.624096468051301,-0.18842286519095253,1175
27,false,0.8000002342368305,0.624096468051301,-0.18943828367195148,1176
28,false,0.8000002819307207,0.624096468051301,-0.39448083902965575,1177
29,false,0.8000002343471222,0.624096468051301,-0.36257207539676795,1178
30,false,0.8000002343172288,0.624096468051301,-0.1890671369009902,1179
31,false,0.800000234339177,0.624096468051301,-0.3612770584351213,1180
32,false,0.800000234348755,0.624096468051301,-0.18998222107132057,1181
33,false,0.8000002343528326,0.624096468051301,-0.35856956929502826,1182
34,false,0.8000002343448777,0.624096468051301,-0.18645182465205223,1183
35,false,0.8000002342397374,0.624096468051301,-0.36244378071205857,1184
36,false,0.800000234339448,0.624096468051301,-0.18839817270389625,1185
37,false,0.8000002343105708,0.624096468051301,-0.3595586976714752,1186
38,false,0.8000002343178102,0.624096468051301,-0.3611302637629036,1187
39,false,0.8000002342775048,0.624096468051301,-0.18855723171438565,1188
40,false,0.8000002215490224,0.624096468051301,-Inf,1189
41,false,0.8000002343304189,0.624096468051301,-0.36288418153695645,1190
42,false,0.8000002343212698,0.624096468051301,-0.1882776765775468,1191
43,false,0.8000002343266097,0.624096468051301,-0.1884617775029307,1192
44,false,0.8000002343174966,0.624096468051301,-0.3619266148384639,1193
45,false,0.8000002343225998,0.624096468051301,-0.18857524777228907,1194
46,false,0.8000002343239756,0.624096468051301,-0.3622224966095493,1195
47,false,0.8000002343135768,0.624096468051301,-0.18842425365625914,1196
48,false,0.8000002343072287,0.624096468051301,-0.18769068739175132,1197
49,false,0.8000002342816158,0.624096468051301,-0.18619473502325246,1198
50,false,0.8000002343088519,0.624096468051301,-0.18769723607698996,1199
51,false,0.8000002248259023,0.624096468051301,-0.24744532053718848,1200
52,false,0.8000002343044611,0.624096468051301,-0.35926869556498336,1201
53,false,0.8000002343490583,0.624096468051301,-0.1888820010847838,1202
54,false,0.8000002265741083,0.624096468051301,-0.2535172507758292,1203
55,false,0.8000002343118089,0.6702119973427231,-0.1297882369690858,1204
56,false,0.8000002343075064,0.6702119973427231,-0.1869030158545213,1205
57,false,0.8000002342275848,0.6702119973427231,-0.18878028455507112,1206
58,false,0.8000002343078222,0.6702119973427231,-0.13070844329296138,1207
59,false,0.8000002343146234,0.6702119973427231,-0.18875839218023183,1208
60,false,0.8000002343385811,0.6702119973427231,-0.1303979298797806,1209
61,false,0.800000234315812,0.6702119973427231,-0.13042720235547978,1210
62,false,0.8000002343254697,0.6702119973427231,-0.18901297038616494,1211
63,false,0.80000023428683,0.6702119973427231,-0.3580023602818398,1212
64,false,0.8000002342935906,0.6702119973427231,-0.18705959156743213,1213
65,false,0.8000002343026498,0.6855087743035692,-0.11449145999908061,1214
66,false,0.8000002343092846,0.6855087743035692,-0.18810693335247952,1215
67,false,0.8000002343042627,0.7464471485681358,-0.05355308573612694,1216
68,false,0.8000002343073607,0.7464471485681358,-0.18827296772415458,1217
69,false,0.8000002343255895,0.7464471485681358,-0.18853679043705418,1218
70,false,0.8000002343350404,0.7464471485681358,-0.3631039083192986,1219
71,false,0.8000002343203577,0.7464471485681358,-0.18873834989472804,1220
72,false,0.8000002343279135,0.7464471485681358,-0.13125223900023175,1221
73,false,0.8000002343341204,0.7464471485681358,-0.18896971217043124,1222
74,false,0.8000002343222079,0.7464471485681358,-0.07243786673119545,1223
75,false,0.8000002343185731,0.7519219933586795,-0.04807824095989366,1224
76,false,0.8000002149144365,0.7519219933586795,-0.20087540344896415,1225
77,false,0.8000002339010559,0.7519219933586795,-0.17824598248417556,1226
78,false,0.8000002339066923,0.7519219933586795,-0.3477851820490316,1227
79,false,0.80000023390991,0.7519219933586795,-0.12279189562341064,1228
80,false,0.8000002183713768,0.7519219933586795,-Inf,1229
81,false,0.8000002249621971,0.7519219933586795,-Inf,1230
82,false,0.8000002336208165,0.7519219933586795,-0.17875610399266306,1231
83,false,0.8000002335766726,0.7519219933586795,-0.1791219230282285,1232
84,false,0.8000002335854852,0.7519219933586795,-0.3513742802238571,1233
85,false,0.8000002329597549,0.7519219933586795,-0.1780024321328374,1234
86,false,0.8000002335679612,0.7519219933586795,-0.17974527126624562,1235
87,false,0.8000002335134048,0.7519219933586795,-0.351698815463953,1236
88,false,0.8000002335761526,0.7519219933586795,-0.3516793123119597,1237
89,false,0.8000002335714296,0.7519219933586795,-0.18004539176282863,1238
90,false,0.8000002335653387,0.7519219933586795,-0.1797590923505228,1239
91,false,0.8000002335604373,0.7519219933586795,-0.3520768534224611,1240
92,false,0.8000002335579878,0.7519219933586795,-0.18008284585944823,1241
93,false,0.8000002169613786,0.7519219933586795,-0.20619906778683272,1242
94,false,0.8000002335598735,0.7519219933586795,-0.35174529614968497,1243
95,false,0.8000002335489038,0.7519219933586795,-0.3516486416164806,1244
96,false,0.8000002232257375,0.7519219933586795,-0.2431062906762761,1245
97,false,0.8000002335616797,0.7519219933586795,-0.18031815415866526,1246
98,false,0.8000002330942916,0.7519219933586795,-0.17223934648284134,1247
99,false,0.8000002335785772,0.7519219933586795,-0.35204196941379173,1248
100,false,0.8000002335521482,0.7519219933586795,-0.11118590165112685,1249
101,false,0.8000002335468228,0.7519219933586795,-0.3512921472594537,1250
102,false,0.8000002335514114,0.7519219933586795,-0.17884753391943742,1251
103,false,0.8000002335392199,0.7519219933586795,-0.11050325912788916,1252
104,false,0.8000002335143139,0.7519219933586795,-0.11096201319699284,1253
105,false,0.8000002222388528,0.7519219933586795,-0.26483343738423615,1254
106,false,0.8000002335251581,0.7519219933586795,-0.11061718525363307,1255
107,false,0.8000002334985219,0.7519219933586795,-0.35134481680826224,1256
108,false,0.8000002334911197,0.7519219933586795,-0.11034327110302877,1257
109,false,0.8000002140889139,0.7519219933586795,-0.19655305378419363,1258
110,false,0.8000002290478222,0.7519219933586795,-0.2884807948039646,1259
111,false,0.8000002334971749,0.7519219933586795,-0.1784687675454334,1260
112,false,0.8000002153329207,0.7519219933586795,-0.20922279804380284,1261
113,false,0.8000002268454676,0.7519219933586795,-0.25958199800241777,1262
114,false,0.8000002335039608,0.7519219933586795,-0.17929140964327628,1263
115,false,0.8000002237364212,0.7519219933586795,-Inf,1264
116,false,0.8000002335018715,0.7519219933586795,-0.1103992446471651,1265
117,false,0.8000002334957215,0.7519219933586795,-0.11053814444391785,1266
118,false,0.8000002201523132,0.7519219933586795,-0.1078299264867365,1267
119,false,0.8000002334922229,0.7519219933586795,-0.17966443621806105,1268
120,false,0.8000002334966382,0.7519219933586795,-0.11062427220311144,1269
121,false,0.8000002335114942,0.7519219933586795,-0.3511991847140685,1270
122,false,0.8000002334877673,0.7519219933586795,-0.11034221024215762,1271
123,false,0.800000233493424,0.7519219933586795,-0.11078421247108095,1272
124,false,0.8000002334947194,0.7519219933586795,-0.35140845423058237,1273
125,false,0.800000233488421,0.7519219933586795,-0.11044786932065398,1274
126,false,0.8000002334949811,0.7519219933586795,-0.11058729347423957,1275
127,false,0.8000002225293485,0.7519219933586795,-0.23480642590870016,1276
128,false,0.8000002335063392,0.7519219933586795,-0.11063987935104103,1277
0,false,0.8000002324368705,0.46691646971845846,-0.333083762718412,1320
1,false,0.8000002324407924,0.4670622671509856,-0.33293796528980685,1321
2,false,0.8000002323961999,0.4670622671509856,-0.3331032133589652,1322
3,false,0.8000002323879869,0.4675026801054821,-0.33249755228250477,1323
4,false,0.8000002323812545,0.4675026801054821,-0.3329141639853977,1324
5,false,0.8000002323811288,0.4675026801054821,-0.3330629417903869,1325
6,false,0.8000002323495996,0.4675026801054821,-0.33249839481257465,1326
7,false,0.8000002323698256,0.4675026801054821,-0.3327109330669498,1327
8,false,0.8000002323773685,0.4675026801054821,-0.3329460130035012,1328
9,false,0.8000002323702757,0.6341052562178562,-0.16589497615241955,1329
10,false,0.800000232342272,0.6341052562178562,-0.33201737075513926,1330
11,false,0.8000002323699146,0.6341052562178562,-0.16644316328268638,1331
12,false,0.800000232328019,0.6341052562178562,-0.16623295547506467,1332
13,false,0.8000002323340077,0.6341052562178562,-0.16619764604415166,1333
14,false,0.8000002323534897,0.6341052562178562,-0.16634105504873253,1334
15,false,0.8000002323352724,0.6341052562178562,-0.1663446409592404,1335
16,false,0.8000002323558888,0.6341052562178562,-0.33200499982754134,1336
17,false,0.8000002323558267,0.6341052562178562,-0.1660469492883081,1337
18,false,0.8000002323350984,0.6341052562178562,-0.16612739222237927,1338
19,false,0.8000002323234648,0.6341052562178562,-0.16603876571177578,1339
20,false,0.8000002323057889,0.6341052562178562,-0.16597086986474063,1340
21,false,0.8000002323055164,0.6341052562178562,-0.16617001684473343,1341
22,false,0.8000002323015287,0.6341052562178562,-0.16605304428455492,1342
23,false,0.8000002322846801,0.6341052562178562,-0.16590489286472532,1343
24,false,0.800000232308122,0.6343606749725015,-0.16563955733562052,1344
25,false,0.8000002322992479,0.6343606749725015,-0.16604213899347342,1345
26,false,0.8000002322834247,0.6343606749725015,-0.33131144384992567,1346
27,false,0.8000002322933523,0.6343606749725015,-0.33146888743585706,1347
28,false,0.8000002322740506,0.6343606749725015,-0.3312983574891928,1348
29,false,0.8000002322743114,0.634413168659538,-0.16558706361477338,1349
30,false,0.8000002322774024,0.634728465522912,-0.1652717667544904,1350
31,false,0.8000002322805531,0.634728465522912,-0.16564746352201498,1351
32,false,0.8000002322828317,0.634728465522912,-0.16566030653897523,1352
33,false,0.8000002322778028,0.6348319088253216,-0.16516832345248122,1353
34,false,0.8000002322751817,0.6348319088253216,-0.16574143237022032,1354
35,false,0.8000002322951348,0.6348319088253216,-0.1656675992300355,1355
36,false,0.8000002322745312,0.6348319088253216,-0.16594762749849812,1356
37,false,0.8000002322693206,0.6348319088253216,-0.16562874842732767,1357
38,false,0.8000002322713596,0.6348319088253216,-0.16565533846889868,1358
39,false,0.8000002322788894,0.6348319088253216,-0.1659373917467537,1359
40,false,0.8000002322701714,0.6348319088253216,-0.16559951310737808,1360
41,false,0.8000002322761371,0.698997361731498,-0.10100287054463919,1361
42,false,0.8000002322509441,0.6990580507571255,-0.10094218149381862,1362
43,false,0.8000002322435983,0.6990580507571255,-0.11113330585731285,1363
44,false,0.8000002322756797,0.6990580507571255,-0.11084589194225691,1364
45,false,0.8000002322533748,0.6990580507571255,-0.11104971616935733,1365
46,false,0.8000002322461908,0.6990580507571255,-0.11112781386176263,1366
47,false,0.800000232248797,0.6990580507571255,-0.1011659612103516,1367
48,false,0.8000002322695855,0.6990580507571255,-0.10103199517427364,1368
49,false,0.8000002322487695,0.6991450328118037,-0.10085519943696575,1369
50,false,0.80000023223933,0.6991450328118037,-0.11074714225267301,1370
51,false,0.8000002322499705,0.6991450328118037,-0.10100173556838532,1371
52,false,0.8000002322954294,0.6991450328118037,-0.11121154711618897,1372
53,false,0.8000002322479715,0.6991450328118037,-0.11055868977554939,1373
54,false,0.8000002322350995,0.6991450328118037,-0.10940799180015814,1374
55,false,0.8000002322391303,0.6991450328118037,-0.10113878224451267,1375
56,false,0.8000002322356125,0.6991450328118037,-0.1095171616304973,1376
57,false,0.8000002322482033,0.6991450328118037,-0.10095971285409544,1377
58,false,0.8000002322664966,0.6991450328118037,-0.10107838215430542,1378
59,false,0.8000002322265896,0.6991450328118037,-0.10947455613346713,1379
60,false,0.800000232222756,0.6991450328118037,-0.11074787190792357,1380
61,false,0.800000232236169,0.6991450328118037,-0.10098317125446643,1381
62,false,0.800000232247556,0.6991450328118037,-0.11050252167803343,1382
63,false,0.8000002322279277,0.6993025517335065,-0.10069768049442118,1383
64,false,0.8000002322257073,0.6993025517335065,-0.10961568502347108,1384
65,false,0.8000002322492169,0.6993025517335065,-0.10101510993930896,1385
66,false,0.8000002322248694,0.6993025517335065,-0.10089718383341884,1386
67,false,0.8000002322662082,0.6993025517335065,-0.10106399243799735,1387
68,false,0.8000002322375561,0.7515162788027969,-0.0484839534347592,1388
69,false,0.80000023224879,0.7515162788027969,-0.10093608881063776,1389
70,false,0.8000002322224153,0.7515162788027969,-0.10089521308154681,1390
71,false,0.8000002322353313,0.7515162788027969,-0.10953493227090594,1391
72,false,0.8000002322400216,0.7515162788027969,-0.10082148965449189,1392
73,false,0.8000002322331252,0.7515162788027969,-0.10093143432029827,1393
74,false,0.8000002322188895,0.7515162788027969,-0.10085388673590723,1394
75,false,0.8000002322293912,0.7515162788027969,-0.1009581408437642,1395
76,false,0.8000002322654652,0.7725508442142024,-0.027449388051262846,1396
77,false,0.8000002295565916,0.7725508442142024,-0.3272943690648782,1397
78,false,0.8000002295238634,0.7725508442142024,-0.3284068217651985,1398
79,false,0.8000002295241342,0.7725508442142024,-0.3290358117219291,1399
80,false,0.8000002295111831,0.7725508442142024,-0.3282987687391393,1400
81,false,0.8000002295273122,0.7725508442142024,-0.32924525488428674,1401
82,false,0.8000002294982257,0.7725508442142024,-0.32826995293637623,1402
83,false,0.8000002294686615,0.7725508442142024,-0.32948227770585153,1403
84,false,0.8000002294815718,0.7725508442142024,-0.3289526010307232,1404
85,false,0.8000002294778323,0.7725508442142024,-0.3292997046643559,1405
86,false,0.8000002294833585,0.7725508442142024,-0.329631692945679,1406
87,false,0.8000002294731835,0.7725508442142024,-0.3291910192127212,1407
88,false,0.8000002294675366,0.7725508442142024,-0.32909825448529784,1408
89,false,0.8000002294821495,0.7725508442142024,-0.16448728402757318,1409
90,false,0.8000002294736688,0.7725508442142024,-0.3289390441402915,1410
91,false,0.8000002294741161,0.7725508442142024,-0.3297035469786562,1411
92,false,0.8000002294739734,0.7725508442142024,-0.3294370201805422,1412
93,false,0.8000002294725154,0.7725508442142024,-0.3285577359407849,1413
94,false,0.8000002294718686,0.7725508442142024,-0.3289241681626929,1414
95,false,0.8000002294906102,0.7725508442142024,-0.3288491463967853,1415
96,false,0.8000002294811036,0.7725508442142024,-0.16486577203058828,1416
97,false,0.800000229470665,0.7725508442142024,-0.32889935366789763,1417
98,false,0.8000002294796174,0.7725508442142024,-0.16451134429067726,1418
99,false,0.8000002294823675,0.7725508442142024,-0.32972611477691366,1419
100,false,0.8000002294821605,0.7725508442142024,-0.3296945917397828,1420
101,false,0.8000002294729058,0.7725508442142024,-0.3293536520341917,1421
102,false,0.8000002294886832,0.7725508442142024,-0.16453230634012217,1422
103,false,0.8000002294460961,0.7725508442142024,-0.32916186749377424,1423
104,false,0.8000002294457073,0.7725508442142024,-0.16424606095885153,1424
105,false,0.8000002294481082,0.7725508442142024,-0.3285820319770958,1425
106,false,0.8000002294711464,0.7725508442142024,-0.16420661410194126,1426
107,false,0.8000002294615899,0.7725508442142024,-0.3286895212613216,1427
108,false,0.8000002294505675,0.7725508442142024,-0.3285014307599002,1428
109,false,0.8000002294506384,0.7725508442142024,-0.32898677923164776,1429
110,false,0.8000002294597348,0.7725508442142024,-0.32827729468058675,1430
111,false,0.8000002294564882,0.7725508442142024,-0.32898108170751306,1431
112,false,0.8000002294403732,0.7725508442142024,-0.16367912192746348,1432
113,false,0.8000002294413051,0.7725508442142024,-0.16378808464369166,1433
114,false,0.8000002294007428,0.7725508442142024,-0.16398290784179503,1434
115,false,0.8000002294648308,0.7725508442142024,-0.3289210677538686,1435
116,false,0.8000002294313315,0.7725508442142024,-0.1638462085492809,1436
117,false,0.800000229455627,0.7725508442142024,-0.10920115108580997,1437
118,false,0.8000002294372361,0.7725508442142024,-0.16403769616973163,1438
119,false,0.8000002294455376,0.7725508442142024,-0.16330873618992559,1439
120,false,0.8000002294174574,0.7725508442142024,-0.1093610651125132,1440
121,false,0.8000002294161097,0.7725508442142024,-0.16422968374584812,1441
122,false,0.8000002294000028,0.7725508442142024,-0.10927215545605917,1442
123,false,0.8000002294000184,0.7725508442142024,-0.1095341989810873,1443
124,false,0.8000002293994117,0.7725508442142024,-0.10941793374281539,1444
125,false,0.8000002294061839,0.7725508442142024,-0.10945315257401178,1445
126,false,0.8000002294011954,0.7725508442142024,-0.32918146906650286,1446
127,false,0.8000002294140629,0.7725508442142024,-0.10940712588427426,1447
128,false,0.8000002294003975,0.7725508442142024,-0.16377143649472725,1448
0,false,0.8000002278770622,0.47901745910094734,-0.3209827687761148,1379
1,false,0.8000002277935607,0.4796386190941178,-0.3203616086994429,1380
2,false,0.8000002277977303,0.4796386190941178,-0.32084935544662974,1381
3,false,0.800000227786668,0.47998409555969646,-0.32001613222697156,1382
4,false,0.800000227783257,0.47998409555969646,-0.3201314508836295,1383
5,false,0.8000002277710423,0.47998409555969646,-0.32031383171612604,1384
6,false,0.800000227777125,0.47998409555969646,-0.3206673834259531,1385
7,false,0.8000002277646877,0.47998409555969646,-0.3202130290372663,1386
8,false,0.8000002277770513,0.47998409555969646,-0.32059408050094645,1387
9,false,0.8000002277646976,0.47998409555969646,-0.32024490284391954,1388
10,false,0.8000002277553692,0.47998409555969646,-0.32006356326649177,1389
11,false,0.8000002277746926,0.47998409555969646,-0.3204467592211359,1390
12,false,0.8000002277665785,0.47998409555969646,-0.32026826891847093,1391
13,false,0.8000002277113684,0.47998409555969646,-0.32537805073875414,1392
14,false,0.8000002277108951,0.6425075760470477,-0.1574926516638474,1393
15,false,0.8000002277279908,0.6425075760470477,-0.32050785273750537,1394
16,false,0.8000002277557373,0.6425075760470477,-0.3208200306601503,1395
17,false,0.800000227750128,0.6425075760470477,-0.31992811127162085,1396
18,false,0.8000002277651549,0.6457025673334891,-0.15429766043166582,1397
19,false,0.8000002277481787,0.6457025673334891,-0.15518166948223833,1398
20,false,0.8000002277363659,0.6457025673334891,-0.319839519722558,1399
21,false,0.8000002277672241,0.6457025673334891,-0.3206327550770586,1400
22,false,0.8000002277687975,0.6457025673334891,-0.32001362451920873,1401
23,false,0.8000002277351763,0.6457025673334891,-0.3198060491273698,1402
24,false,0.800000227736304,0.6457025673334891,-0.1545751459200061,1403
25,false,0.8000002277383976,0.6457025673334891,-0.15474539413427346,1404
26,false,0.8000002277129133,0.6457025673334891,-0.15508451495540154,1405
27,false,0.8000002277069901,0.6457025673334891,-0.31993599578662896,1406
28,false,0.8000002277172004,0.6457025673334891,-0.1548551689427352,1407
29,false,0.8000002276987012,0.6457025673334891,-0.15495352434047593,1408
30,false,0.8000002277018164,0.6457025673334891,-0.3253359254673824,1409
31,false,0.8000002276931227,0.6457025673334891,-0.3204177369166865,1410
32,false,0.8000002276930153,0.6457025673334891,-0.15495141379332178,1411
33,false,0.8000002276926395,0.6457025673334891,-0.15523011014471566,1412
34,false,0.8000002276902913,0.6457025673334891,-0.1545809019740767,1413
35,false,0.8000002276799686,0.6457025673334891,-0.15494682298808538,1414
36,false,0.8000002276869054,0.6457025673334891,-0.32059071230945824,1415
37,false,0.8000002276941004,0.6457025673334891,-0.1550692289148642,1416
38,false,0.8000002276880982,0.6457025673334891,-0.3201902014905613,1417
39,false,0.8000002276856546,0.6457025673334891,-0.32036982313757,1418
40,false,0.8000002276874678,0.6457025673334891,-0.155219389389761,1419
41,false,0.8000002276914027,0.6457025673334891,-0.15481157306451188,1420
42,false,0.8000002276383237,0.6457025673334891,-0.1561986085853595,1421
43,false,0.8000002276850239,0.6457025673334891,-0.15460922709542413,1422
44,false,0.8000002276774492,0.6457025673334891,-0.15493345655878588,1423
45,false,0.8000002276753448,0.6457025673334891,-0.15455544891267092,1424
46,false,0.8000002276811208,0.6457025673334891,-0.32128736381742196,1425
47,false,0.8000002276636325,0.6457025673334891,-0.15444760119406087,1426
48,false,0.8000002276822352,0.6457025673334891,-0.15437742461657722,1427
49,false,0.800000227668897,0.6457025673334891,-0.1548221148343235,1428
50,false,0.800000227708378,0.6457025673334891,-0.154662527607063,1429
51,false,0.8000002276754634,0.6457025673334891,-0.154627080958478,1430
52,false,0.8000002276786622,0.6457025673334891,-0.15453234252329173,1431
53,false,0.8000002276746575,0.6457025673334891,-0.31992325485032536,1432
54,false,0.8000002276679851,0.6457025673334891,-0.15467514525014914,1433
55,false,0.8000002276774925,0.6457025673334891,-0.15454115024553206,1434
56,false,0.8000002276706045,0.6457025673334891,-0.1546050591971927,1435
57,false,0.8000002276732752,0.6457025673334891,-0.15488480435620122,1436
58,false,0.8000002276672844,0.6457025673334891,-0.3199336154322525,1437
59,false,0.8000002276354945,0.6457025673334891,-0.15658464648045223,1438
60,false,0.8000002276272038,0.6457025673334891,-0.15703808697042754,1439
61,false,0.8000002276730263,0.6457025673334891,-0.3201826721584841,1440
62,false,0.8000002276717229,0.6457025673334891,-0.15439445206495206,1441
63,false,0.8000002276658703,0.6457025673334891,-0.15467386498170177,1442
64,false,0.8000002276686531,0.6457025673334891,-0.15503152047285496,1443
65,false,0.8000002276711056,0.7420855664298203,-0.0579146612412853,1444
66,false,0.8000002253577394,0.7420855664298203,-0.16463397986133887,1445
67,false,0.8000002253505218,0.7420855664298203,-0.16391315457276934,1446
68,false,0.8000002253348543,0.7420855664298203,-0.16397282467910623,1447
69,false,0.8000002253240189,0.7420855664298203,-0.16376341617157697,1448
70,false,0.8000002252870181,0.7420855664298203,-0.16424980456665328,1449
71,false,0.8000002252828712,0.7420855664298203,-0.33682030518968925,1450
72,false,0.8000002252845109,0.7420855664298203,-0.33691386164694576,1451
73,false,0.8000002252868984,0.7420855664298203,-0.16382831614858195,1452
74,false,0.8000002252746116,0.7420855664298203,-0.3363807501526752,1453
75,false,0.8000002252800789,0.7420855664298203,-0.33639343221541124,1454
76,false,0.8000002252763799,0.7420855664298203,-0.16358413313222875,1455
77,false,0.8000002252712964,0.7420855664298203,-0.3367807176988969,1456
78,false,0.8000002252672924,0.7420855664298203,-0.16354507985335864,1457
79,false,0.8000002252835428,0.7420855664298203,-0.1640352379428941,1458
80,false,0.8000002252778146,0.7420855664298203,-0.33680419453398325,1459
81,false,0.8000002252670836,0.7420855664298203,-0.16371831542496063,1460
82,false,0.8000002252623207,0.7420855664298203,-0.16372886360807248,1461
83,false,0.8000002252536083,0.7420855664298203,-0.3369069535920081,1462
84,false,0.8000002252543823,0.7420855664298203,-0.16376465043611077,1463
85,false,0.8000002252665417,0.7420855664298203,-0.3366893369674303,1464
86,false,0.8000002252399708,0.7420855664298203,-0.33671622629499287,1465
87,false,0.8000002252516656,0.7420855664298203,-0.33656179873560277,1466
88,false,0.800000225260323,0.7420855664298203,-0.1635963195668454,1467
89,false,0.8000002252627411,0.7420855664298203,-0.16367007251587384,1468
90,false,0.800000225247098,0.7420855664298203,-0.16334719463924652,1469
91,false,0.8000002252510008,0.7420855664298203,-0.3364666001958502,1470
92,false,0.8000002252603488,0.7420855664298203,-0.16357656280891386,1471
93,false,0.8000002252564513,0.7420855664298203,-0.33654737086964065,1472
94,false,0.800000225246971,0.7420855664298203,-0.1632478348920985,1473
95,false,0.8000002252565844,0.7420855664298203,-0.16365301535425547,1474
96,false,0.8000002252551973,0.7420855664298203,-0.16372841229491564,1475
97,false,0.8000002252262045,0.7420855664298203,-0.1634829165078635,1476
98,false,0.8000002252514543,0.7420855664298203,-0.16374671867495316,1477
99,false,0.8000002252542167,0.7420855664298203,-0.3364401876890814,1478
100,false,0.8000002252452636,0.7420855664298203,-0.16388660827679868,1479
101,false,0.8000002252489966,0.7420855664298203,-0.16369309880606886,1480
102,false,0.8000002252418544,0.7420855664298203,-0.16361702546996493,1481
103,false,0.800000225245837,0.7420855664298203,-0.1637048472394872,1482
104,false,0.8000002252445766,0.7420855664298203,-0.06325025674616469,1483
105,false,0.8000002252508999,0.7420855664298203,-0.16389721439103777,1484
106,false,0.8000002252460693,0.7420855664298203,-0.16328920566689586,1485
107,false,0.8000002252456013,0.7420855664298203,-0.06317441694606729,1486
108,false,0.8000002252452559,0.777853861038188,-0.022146364207067948,1487
0,false,0.8000002168990321,0.4668376810268961,-0.333162535872136,1481
1,false,0.8000002168191055,0.4668376810268961,-0.3343674813981322,1482
2,false,0.8000002167560297,0.4668376810268961,-0.33351247558696057,1483
3,false,0.8000002167221257,0.6284816727774905,-0.17151854394463528,1484
4,false,0.8000002165928476,0.6284816727774905,-0.17272346963140894,1485
5,false,0.8000002165378023,0.6284816727774905,-0.17294519967456945,1486
6,false,0.8000002165429793,0.6284816727774905,-0.17390140257432207,1487
7,false,0.8000002165287526,0.6284816727774905,-0.17355556013366025,1488
8,false,0.8000002165098066,0.6284816727774905,-0.1723684764988156,1489
9,false,0.8000002165147693,0.6284816727774905,-0.1742536540564843,1490
10,false,0.8000002164735732,0.6298153153369358,-0.17018490113663742,1491
11,false,0.8000002165207302,0.6298153153369358,-0.17385246869179505,1492
12,false,0.80000021649974,0.6298153153369358,-0.1738376967632289,1493
13,false,0.8000002165003098,0.6298153153369358,-0.17456102877261237,1494
14,false,0.8000002164891091,0.6298153153369358,-0.1738701792322419,1495
15,false,0.8000002164843544,0.6298153153369358,-0.17406959063467609,1496
16,false,0.8000002164528828,0.6310326011085192,-0.16896761534436355,1497
17,false,0.8000002164837128,0.6310326011085192,-0.17590576989838635,1498
18,false,0.8000002164808028,0.6310326011085192,-0.33455091454470304,1499
19,false,0.8000002164270282,0.6310326011085192,-0.3346097915682337,1500
20,false,0.8000002164230362,0.6310326011085192,-0.3346625490540486,1501
21,false,0.8000002164096638,0.6310326011085192,-0.3344446850055399,1502
22,false,0.8000002164092735,0.6310326011085192,-0.33491016064292756,1503
23,false,0.8000002164090413,0.6310326011085192,-0.33468639327930194,1504
24,false,0.8000002164031903,0.6310326011085192,-0.3349327210493984,1505
25,false,0.800000216400273,0.6310326011085192,-0.334437062036856,1506
26,false,0.8000002164001536,0.6310326011085192,-0.33449294930564893,1507
27,false,0.800000216396425,0.6310326011085192,-0.33456455079904507,1508
28,false,0.800000216399406,0.6310326011085192,-0.3346009583440781,1509
29,false,0.800000216439017,0.6310326011085192,-0.334244375054167,1510
30,false,0.8000002163875303,0.6310326011085192,-0.3350041007701118,1511
31,false,0.800000216383642,0.6310326011085192,-0.33480174161854054,1512
32,false,0.8000002163841525,0.6310326011085192,-0.33431103313153226,1513
33,false,0.8000002163808129,0.6310326011085192,-0.33533610610180997,1514
34,false,0.8000002163844374,0.6310326011085192,-0.3345446982245592,1515
35,false,0.8000002163794055,0.6310326011085192,-0.3348570732133882,1516
36,false,0.8000002163779403,0.6310326011085192,-0.3345982937079394,1517
37,false,0.8000002163454636,0.6310326011085192,-0.33464804118747676,1518
38,false,0.8000002163763718,0.6310326011085192,-0.33484608496909196,1519
39,false,0.8000002163788013,0.6310326011085192,-0.33441269504900717,1520
40,false,0.800000216377745,0.6310326011085192,-0.33476081784583983,1521
41,false,0.8000002163792979,0.6310326011085192,-0.33482163967902895,1522
42,false,0.8000002163860096,0.6310326011085192,-0.17722309289768845,1523
43,false,0.800000216377174,0.6310326011085192,-0.3346311728869254,1524
44,false,0.8000002163776686,0.6310326011085192,-0.17737278935136847,1525
45,false,0.8000002163810273,0.6310326011085192,-0.33452474120361536,1526
46,false,0.8000002163751128,0.6310326011085192,-0.17649241586994924,1527
47,false,0.8000002164062535,0.6310326011085192,-0.17698008101184082,1528
48,false,0.8000002163581673,0.6310326011085192,-0.33442484383648724,1529
49,false,0.8000002163646271,0.6310326011085192,-0.17631799930390168,1530
50,false,0.8000002163633249,0.6310326011085192,-0.3349143009879366,1531
51,false,0.8000002163596399,0.6310326011085192,-0.17693289337303264,1532
52,false,0.8000002163696799,0.6310326011085192,-0.17670560292343784,1533
53,false,0.8000002164089668,0.6310326011085192,-0.17636785138938427,1534
54,false,0.8000002163681051,0.6310326011085192,-0.33483849859809695,1535
55,false,0.8000002163558385,0.6310326011085192,-0.33481690938292047,1536
56,false,0.8000002163606509,0.6310326011085192,-0.3348033471468305,1537
57,false,0.8000002163602326,0.6310326011085192,-0.33469726108961617,1538
58,false,0.8000002163223153,0.6310326011085192,-0.334226268975619,1539
59,false,0.8000002163628043,0.6310326011085192,-0.3346896445185555,1540
60,false,0.8000002162874212,0.6310326011085192,-0.3359509857988113,1541
61,false,0.8000002163659407,0.6310326011085192,-0.33477193184016835,1542
62,false,0.8000002163666231,0.6310326011085192,-0.33450126108201156,1543
63,false,0.8000002163582904,0.6310326011085192,-0.33474064084931543,1544
64,false,0.8000002163705325,0.6310326011085192,-0.1764248739993831,1545
65,false,0.8000002163561439,0.6310326011085192,-0.17542758697158434,1546
66,false,0.800000216367623,0.6310326011085192,-0.1766776580268159,1547
67,false,0.8000002163600124,0.6310326011085192,-0.17732128097108324,1548
68,false,0.8000002163572375,0.6310326011085192,-0.33454539524753624,1549
69,false,0.8000002163666587,0.761743636474038,-0.03825657989262077,1550
70,false,0.8000002162630023,0.761743636474038,-0.1656806706710955,1551
71,false,0.8000002162588657,0.761743636474038,-0.3340995610605395,1552
72,false,0.8000002162620652,0.761743636474038,-0.3340192713875673,1553
73,false,0.800000216261028,0.761743636474038,-0.33342999613690305,1554
74,false,0.8000002162630679,0.761743636474038,-0.33420098589072167,1555
75,false,0.8000002162653082,0.761743636474038,-0.33387403842415686,1556
76,false,0.8000002162870324,0.761743636474038,-0.333915949012986,1557
77,false,0.8000002162653704,0.761743636474038,-0.3339439505560411,1558
78,false,0.8000002162543914,0.761743636474038,-0.3342141710724583,1559
79,false,0.8000002162506236,0.761743636474038,-0.1688913775119888,1560
80,false,0.8000002162587267,0.761743636474038,-0.33419839450861155,1561
81,false,0.8000002162580541,0.761743636474038,-0.333943204539295,1562
82,false,0.8000002162569504,0.761743636474038,-0.3335952873832291,1563
83,false,0.8000002162617944,0.761743636474038,-0.16575708952501544,1564
84,false,0.8000002162597796,0.761743636474038,-0.33401782396200846,1565
85,false,0.8000002162552419,0.761743636474038,-0.16547627036520074,1566
86,false,0.8000002162531785,0.761743636474038,-0.3339172164224901,1567
87,false,0.8000002162546047,0.761743636474038,-0.3339148027064676,1568
88,false,0.8000002162557797,0.761743636474038,-0.3339328312467193,1569
89,false,0.8000002162540382,0.761743636474038,-0.33385857946180164,1570
90,false,0.8000002162436372,0.761743636474038,-0.16746895125925387,1571
91,false,0.8000002162537316,0.761743636474038,-0.1655284879751584,1572
92,false,0.8000002162554326,0.761743636474038,-0.1654616027070116,1573
93,false,0.8000002162436279,0.761743636474038,-0.33389769598698554,1574
94,false,0.8000002162531398,0.761743636474038,-0.16544742062547002,1575
95,false,0.8000002162603816,0.761743636474038,-0.16565163840525843,1576
96,false,0.8000002162507254,0.761743636474038,-0.07809650971062387,1577
97,false,0.8000002162536249,0.761743636474038,-0.16547371567034763,1578
98,false,0.8000002162543609,0.761743636474038,-0.16550144293316393,1579
99,false,0.8000002162529505,0.761743636474038,-0.3339124865597507,1580
100,false,0.800000216258211,0.761743636474038,-0.08176943230297018,1581
101,false,0.8000002162551416,0.761743636474038,-0.3338302802547516,1582
102,false,0.8000002162546951,0.761743636474038,-0.16544751186445084,1583
103,false,0.80000021625249,0.761743636474038,-0.3338549168321445,1584
104,false,0.8000002162512193,0.761743636474038,-0.165398542507746,1585
105,false,0.8000002162490679,0.7789203970092214,-0.021079819239846476,1586
106,false,0.8000002160642096,0.7789203970092214,-0.16891358921311694,1587
107,false,0.8000002160662556,0.7789203970092214,-0.16915040503384016,1588
108,false,0.8000002160555474,0.7789203970092214,-0.16911714671671074,1589
109,false,0.8000002160630565,0.7789203970092214,-0.1691004669427426,1590
110,false,0.8000002160499653,0.7789203970092214,-0.16918065602703913,1591
111,false,0.8000002151400547,0.7789203970092214,-0.08793755419954408,1592
112,false,0.8000002160548407,0.7789203970092214,-0.1693834923515427,1593
113,false,0.8000002160209551,0.7789203970092214,-0.33297981346805383,1594
114,false,0.8000002160603529,0.7789203970092214,-0.3306671896273603,1595
115,false,0.8000002160666051,0.7789203970092214,-0.33047685038783126,1596
116,false,0.8000002160283671,0.7789203970092214,-0.33055732034020147,1597
117,false,0.8000002160503547,0.7789203970092214,-0.33049435421751056,1598
118,false,0.8000002160519056,0.7789203970092214,-0.33041392059938596,1599
119,false,0.800000216051956,0.7789203970092214,-0.33039560143710567,1600
120,false,0.800000216048195,0.7789203970092214,-0.33037108786058594,1601
121,false,0.8000002160546021,0.7789203970092214,-0.3302230187014623,1602
122,false,0.8000002160574896,0.7789203970092214,-0.3301688993873994,1603
123,false,0.8000002159997915,0.7789203970092214,-0.3337986209010724,1604
124,false,0.8000002160545738,0.7789203970092214,-0.1697279042206561,1605
125,false,0.8000002160487808,0.7789203970092214,-0.3302459466852472,1606
126,false,0.800000216049389,0.7789203970092214,-0.3301387606357568,1607
127,false,0.8000002160346195,0.7789203970092214,-0.33064486908341323,1608
128,false,0.8000002159814995,0.7789203970092214,-0.3303170383269921,1609
0,false,0.8000002156149475,0.46079111690673247,-0.33920909870821503,1607
1,false,0.8000002156116838,0.4609683423562265,-0.33903187325545725,1608
2,false,0.8000002156089236,0.461037206738728,-0.33896300887019565,1609
3,false,0.8000002156149325,0.461037206738728,-0.33922527877893155,1610
4,false,0.8000002156033543,0.46120134800894375,-0.3387988675944106,1611
5,false,0.8000002156011398,0.46120134800894375,-0.33893054898985614,1612
6,false,0.8000002155987045,0.46120134800894375,-0.33893618072201004,1613
7,false,0.8000002156103323,0.46120134800894375,-0.3389498517562427,1614
8,false,0.8000002156014082,0.46120134800894375,-0.338960329309564,1615
9,false,0.8000002155990047,0.46120134800894375,-0.33914484471894135,1616
10,false,0.8000002156020176,0.4613379115136304,-0.3386623040883872,1617
11,false,0.8000002155897216,0.6241389527956019,-0.17586126279411962,1618
12,false,0.800000215593007,0.6246833245583356,-0.1753168910346714,1619
13,false,0.8000002155826349,0.6246833245583356,-0.33893722686898187,1620
14,false,0.8000002155792805,0.6246833245583356,-0.17623192819824174,1621
15,false,0.8000002155794134,0.6246833245583356,-0.17580926766613902,1622
16,false,0.800000215611349,0.6246833245583356,-0.17617064061188636,1623
17,false,0.8000002155790608,0.6246833245583356,-0.17597666664733258,1624
18,false,0.8000002155825945,0.6246833245583356,-0.17578620640353182,1625
19,false,0.8000002155754038,0.6246833245583356,-0.17545129706487794,1626
20,false,0.8000002155718916,0.6246833245583356,-0.175942540774069,1627
21,false,0.8000002155673599,0.6246833245583356,-0.17575950256937367,1628
22,false,0.8000002155637423,0.6246833245583356,-0.17566497775886547,1629
23,false,0.8000002155687245,0.6246833245583356,-0.17569566665888614,1630
24,false,0.8000002155659555,0.6246833245583356,-0.17577960464002296,1631
25,false,0.8000002155833055,0.6246833245583356,-0.17551180195106997,1632
26,false,0.8000002155631097,0.6246833245583356,-0.1756787980421649,1633
27,false,0.8000002155686609,0.6246833245583356,-0.17550253738582466,1634
28,false,0.800000215563526,0.6246833245583356,-0.175589713426616,1635
29,false,0.8000002155783486,0.6246833245583356,-0.17591316394726586,1636
30,false,0.8000002155710897,0.6246833245583356,-0.17585250303028188,1637
31,false,0.8000002155605563,0.6246833245583356,-0.17567841265767947,1638
32,false,0.8000002155593254,0.6246833245583356,-0.1756753428045743,1639
33,false,0.8000002155650118,0.6246833245583356,-0.1756989328314752,1640
34,false,0.8000002155548204,0.6246833245583356,-0.17567929936083726,1641
35,false,0.8000002155525309,0.7055758815289862,-0.09442433402354466,1642
36,false,0.8000002155554672,0.7055758815289862,-0.09472642607941328,1643
37,false,0.8000002155394286,0.7055758815289862,-0.1755634797197807,1644
38,false,0.800000215553781,0.7055758815289862,-0.17567044063819137,1645
39,false,0.8000002155599459,0.7055758815289862,-0.17550636924537666,1646
40,false,0.8000002155519562,0.7055758815289862,-0.09479546612102752,1647
41,false,0.8000002155547314,0.7055758815289862,-0.09463803562652018,1648
42,false,0.8000002155468517,0.7055758815289862,-0.10824033837783109,1649
43,false,0.800000215551495,0.7055758815289862,-0.09461373724009359,1650
44,false,0.800000215547776,0.7055758815289862,-0.175605351892398,1651
45,false,0.8000002155439273,0.7055758815289862,-0.09475156213884006,1652
46,false,0.8000002155374529,0.7055758815289862,-0.1737662140977504,1653
47,false,0.8000002155533735,0.7114787624549619,-0.08852145309841164,1654
48,false,0.8000002155053865,0.7114787624549619,-0.17122953392690776,1655
49,false,0.8000002155492483,0.7114787624549619,-0.09465392412895601,1656
50,false,0.800000215548953,0.7114787624549619,-0.09469954446093687,1657
51,false,0.8000002155487297,0.7114787624549619,-0.09469777810729785,1658
52,false,0.8000002155489576,0.7114787624549619,-0.09448943295109558,1659
53,false,0.8000002155493807,0.7114787624549619,-0.0944238140262732,1660
54,false,0.8000002155438088,0.714137717804259,-0.08586249773954979,1661
55,false,0.8000002155410605,0.714137717804259,-0.17572292651668064,1662
56,false,0.8000002154721481,0.714137717804259,-0.1701644324005498,1663
57,false,0.8000002155439403,0.714137717804259,-0.09469792012828926,1664
58,false,0.8000002155433218,0.714137717804259,-0.09464554555971583,1665
59,false,0.8000002155445156,0.714137717804259,-0.10830582751980367,1666
60,false,0.8000002155405596,0.714137717804259,-0.09448572498192509,1667
61,false,0.8000002155555472,0.7143137069544028,-0.08568650860114446,1668
62,false,0.8000002155407628,0.7143137069544028,-0.09456252818110045,1669
63,false,0.8000002155514239,0.7143137069544028,-0.08842765425620436,1670
64,false,0.800000215518437,0.7143137069544028,-0.17160880707602766,1671
65,false,0.800000215542838,0.7143137069544028,-0.17569628219637656,1672
66,false,0.8000002155388364,0.7143137069544028,-0.08580907899652179,1673
67,false,0.8000002155397785,0.7143137069544028,-0.09462305782917546,1674
68,false,0.8000002155414399,0.7143137069544028,-0.09458431264636624,1675
69,false,0.8000002155406086,0.7143137069544028,-0.08590391701339806,1676
70,false,0.8000002155424506,0.7143137069544028,-0.0946874925456982,1677
71,false,0.8000002155384448,0.7792388953969592,-0.020761320141485573,1678
0,false,0.8000002155418368,0.7140836994534513,-0.08591651608838546,1684
1,false,0.8000002155159864,0.7140836994534513,-0.09452154237626553,1685
2,false,0.800000215537556,0.7140836994534513,-0.09454401305474269,1686
3,false,0.8000002155388376,0.7140836994534513,-0.0945222167800045,1687
4,false,0.8000002155475402,0.7142745827130322,-0.08572563283450796,1688
5,false,0.8000002155461704,0.7142745827130322,-0.08591121587099748,1689
6,false,0.8000002155411988,0.7142745827130322,-0.09457630348074897,1690
7,false,0.8000002155232743,0.7142745827130322,-0.17331431076481285,1691
8,false,0.800000215541269,0.7142745827130322,-0.09450362168367865,1692
9,false,0.8000002155392503,0.7142745827130322,-0.09465905093937654,1693
10,false,0.8000002155365151,0.7142745827130322,-0.09468713441065435,1694
11,false,0.8000002155403328,0.7142745827130322,-0.0946065407112715,1695
12,false,0.8000002155465977,0.7142745827130322,-0.17586373494117757,1696
13,false,0.80000021554211,0.7142745827130322,-0.09461511718707738,1697
14,false,0.8000002155430408,0.7142745827130322,-0.10518358978601561,1698
15,false,0.8000002155387559,0.7142745827130322,-0.09464412406874789,1699
16,false,0.8000002155411777,0.7142745827130322,-0.09458259993867779,1700
17,false,0.8000002155392121,0.7142745827130322,-0.0945979042829248,1701
18,false,0.8000002155397277,0.7142745827130322,-0.1755600265835643,1702
19,false,0.8000002155437849,0.7142745827130322,-0.09459726710417615,1703
20,false,0.8000002155375138,0.7142745827130322,-0.10517255672689962,1704
21,false,0.8000002155303365,0.7142745827130322,-0.09446687176720925,1705
22,false,0.8000002155405649,0.7142745827130322,-0.09455618730699256,1706
23,false,0.8000002155380445,0.7142745827130322,-0.0946675022460649,1707
24,false,0.8000002155442263,0.7793875257650202,-0.02061268977920605,1708
0,false,0.8000002099099619,0.44683742598987364,-0.35316278392008826,1707
1,false,0.8000002098835105,0.44683742598987364,-0.35438820964840606,1708
2,false,0.8000002099453443,0.44683742598987364,-0.3534907425955428,1709
3,false,0.800000209884349,0.6220767325552257,-0.17792347732912328,1710
4,false,0.800000209813363,0.6220767325552257,-0.3548859827463673,1711
5,false,0.8000002098064029,0.6220767325552257,-0.17867041289376806,1712
6,false,0.8000002097499489,0.6228642753632216,-0.17713593438672726,1713
7,false,0.8000002096872042,0.6228642753632216,-0.3530047666063069,1714
8,false,0.8000002097298958,0.6228642753632216,-0.1779827383205833,1715
9,false,0.8000002097272022,0.6228642753632216,-0.17731288395485323,1716
10,false,0.8000002097131578,0.6228642753632216,-0.17791651266743558,1717
11,false,0.8000002097017138,0.6228702417056,-0.1771299679961138,1718
12,false,0.8000002096530818,0.6228702417056,-0.17741262400486058,1719
13,false,0.8000002096828237,0.6228702417056,-0.3533513114832401,1720
14,false,0.8000002096902652,0.6228702417056,-0.17825450294093081,1721
15,false,0.800000209675407,0.6228702417056,-0.3526394559513187,1722
16,false,0.8000002096549202,0.6228702417056,-0.3532769507041358,1723
17,false,0.8000002096697411,0.6228702417056,-0.35221130895091163,1724
18,false,0.8000002096802689,0.6228702417056,-0.17735198432972066,1725
19,false,0.8000002096733068,0.6228702417056,-0.17728301866968132,1726
20,false,0.800000209655771,0.6228702417056,-0.3520176997400708,1727
21,false,0.8000002096503459,0.6228702417056,-0.17844102451784616,1728
22,false,0.8000002096598111,0.6228702417056,-0.3530500768466238,1729
23,false,0.8000002096540656,0.6228702417056,-0.3532929488793168,1730
24,false,0.8000002096380748,0.6228702417056,-0.3529257599942917,1731
25,false,0.8000002096496747,0.6228702417056,-0.17801572847932134,1732
26,false,0.8000002096557061,0.6228702417056,-0.3527511809599568,1733
27,false,0.800000209652774,0.6228702417056,-0.1779844665360325,1734
28,false,0.8000002096444692,0.6228702417056,-0.3532378054024542,1735
29,false,0.8000002096368702,0.6228702417056,-0.17782283671572574,1736
30,false,0.8000002095896701,0.6228702417056,-0.35338755970459984,1737
31,false,0.8000002096468019,0.6228702417056,-0.35323898964727096,1738
32,false,0.8000002096409049,0.6228702417056,-0.35311769596622417,1739
33,false,0.8000002096416722,0.6228702417056,-0.17796456002001704,1740
34,false,0.800000209639276,0.6228702417056,-0.17758962852970916,1741
35,false,0.8000002096268071,0.6228702417056,-0.17721013419089882,1742
36,false,0.800000209637024,0.6228702417056,-0.17824150457365384,1743
37,false,0.8000002096268269,0.6228702417056,-0.17809616965885822,1744
38,false,0.8000002096384486,0.6228702417056,-0.177999489714319,1745
39,false,0.800000209624639,0.6228702417056,-0.1781574824809684,1746
40,false,0.8000002096119171,0.6228702417056,-0.17798861713180558,1747
41,false,0.8000002096366621,0.6228702417056,-0.17795838457194724,1748
42,false,0.8000002096230948,0.6228702417056,-0.17816295585949715,1749
43,false,0.8000002096330981,0.6228702417056,-0.1778580152304874,1750
44,false,0.800000209620218,0.6228702417056,-0.17811648326357188,1751
45,false,0.800000209642926,0.6228702417056,-0.17758058792353415,1752
46,false,0.8000002096393263,0.6228702417056,-0.17786183676741119,1753
47,false,0.8000002096400454,0.6228702417056,-0.17779131729467035,1754
48,false,0.8000002096583334,0.6228702417056,-0.1777216423865675,1755
49,false,0.8000002096336848,0.6228702417056,-0.17794886850147607,1756
50,false,0.8000002096334778,0.6228702417056,-0.1779206313931424,1757
51,false,0.8000002096182718,0.6228702417056,-0.17766745661789873,1758
52,false,0.8000002096389552,0.6228702417056,-0.1774672396783289,1759
53,false,0.8000002095711324,0.7126203677072929,-0.08737984186383951,1760
54,false,0.8000002096206781,0.7126203677072929,-0.17733731236248973,1761
55,false,0.8000002096058686,0.7126203677072929,-0.17774238621376226,1762
56,false,0.8000002097005114,0.7126203677072929,-0.17777916827932883,1763
57,false,0.8000002096332546,0.7126203677072929,-0.17757716290690628,1764
58,false,0.800000209641441,0.7126203677072929,-0.17762685589120897,1765
59,false,0.800000209621427,0.7126203677072929,-0.1774857866277092,1766
60,false,0.8000002096186984,0.7126203677072929,-0.17768917342133794,1767
61,false,0.8000002096306266,0.7126203677072929,-0.17758943008404104,1768
62,false,0.8000002096342814,0.7126203677072929,-0.177652675657075,1769
63,false,0.8000002096240408,0.7126203677072929,-0.17775988822705802,1770
64,false,0.8000002096141545,0.7368894619480724,-0.06311074766608216,1771
65,false,0.8000002096235176,0.7368894619480724,-0.17779054266401484,1772
66,false,0.8000002096229681,0.7368894619480724,-0.17777991059794251,1773
67,false,0.8000002096272243,0.7368894619480724,-0.17774952189203086,1774
68,false,0.800000209607751,0.7368894619480724,-0.17813568923987988,1775
69,false,0.8000002096125811,0.7368894619480724,-0.17796150046083903,1776
70,false,0.800000209644107,0.7368894619480724,-0.17780811341818636,1777
71,false,0.8000002096152583,0.7368894619480724,-0.17790935080334047,1778
72,false,0.8000002096223233,0.7368894619480724,-0.17769446047367066,1779
73,false,0.8000002096158182,0.7368894619480724,-0.17775656324083755,1780
74,false,0.8000002096160138,0.7368894619480724,-0.17770698114927364,1781
75,false,0.8000002096232797,0.7368894619480724,-0.1777879753656716,1782
76,false,0.8000002096185453,0.7368894619480724,-0.17793252966359352,1783
77,false,0.8000002096284335,0.7368894619480724,-0.17760181668269392,1784
78,false,0.8000002090988374,0.7368894619480724,-0.17699274325845116,1785
79,false,0.8000002096129453,0.7368894619480724,-0.17787274070950287,1786
80,false,0.8000002096247468,0.7368894619480724,-0.17757311315188196,1787
81,false,0.8000002096155714,0.7368894619480724,-0.1777432510060426,1788
82,false,0.8000002096095069,0.7368894619480724,-0.17763083218423537,1789
83,false,0.8000002096155572,0.7453021736217122,-0.05469803599384493,1790
84,false,0.8000002096191259,0.7453021736217122,-0.17770002605451918,1791
85,false,0.8000002096267508,0.7453021736217122,-0.17775999105703444,1792
86,false,0.8000002096185923,0.7453021736217122,-0.17768214441905128,1793
87,false,0.8000002096060029,0.7453021736217122,-0.17799336289847145,1794
88,false,0.8000002096269218,0.7453021736217122,-0.17770607295366603,1795
89,false,0.8000002096121817,0.7813172781663498,-0.018682931445831885,1796
0,false,0.8000001946229887,0.4916096715124812,-0.30839052311050746,1757
1,false,0.8000001796013905,0.4916096715124812,-0.32923102397698756,1758
2,false,0.8000001945294687,0.4925809516694728,-0.3074192428599959,1759
3,false,0.8000001944989429,0.4925809516694728,-0.30806690224678823,1760
4,false,0.8000001944391144,0.4929412569738409,-0.3070589374652735,1761
5,false,0.8000001944162144,0.4930512658442664,-0.306948928571948,1762
6,false,0.8000001943787585,0.4930512658442664,-0.3088655489358121,1763
7,false,0.8000001943705844,0.49368312524412833,-0.3063170691264561,1764
8,false,0.8000002217108824,0.5222411451841125,-0.2777590765267699,1765
9,false,0.8000001943659911,0.5222411451841125,-0.30843401394903575,1766
10,false,0.8000001719343293,0.5222411451841125,-0.34286006208755326,1767
11,false,0.8000001943857786,0.5222411451841125,-0.3071107153879187,1768
12,false,0.8000001943632802,0.5222411451841125,-0.3072686756841153,1769
13,false,0.8000001943633304,0.5222411451841125,-0.30700497591503373,1770
14,false,0.8000001943608126,0.5222411451841125,-0.30653003646207383,1771
15,false,0.8000001943582903,0.5222411451841125,-0.3077944040401221,1772
16,false,0.800000194370944,0.5222411451841125,-0.3068316993785875,1773
17,false,0.800000194370215,0.5222411451841125,-0.30689439842303035,1774
18,false,0.8000001943738031,0.5222411451841125,-0.3067971069451313,1775
19,false,0.8000001943750623,0.5222411451841125,-0.3065043035492721,1776
20,false,0.8000001943664372,0.5222411451841125,-0.3069788749290271,1777
21,false,0.8000001943615839,0.5222411451841125,-0.3065797833746243,1778
22,false,0.8000001943574275,0.5222411451841125,-0.30711517109685527,1779
23,false,0.8000001943534116,0.5222411451841125,-0.30729313769548733,1780
24,false,0.8000001943551576,0.5222411451841125,-0.3066639742356893,1781
25,false,0.8000001943617924,0.5222411451841125,-0.30668035771594193,1782
26,false,0.8000001943572362,0.5222411451841125,-0.3066830951767981,1783
27,false,0.8000001943623278,0.5222411451841125,-0.307482999524601,1784
28,false,0.8000001943675461,0.5222411451841125,-0.30671935552922747,1785
29,false,0.8000001943561428,0.5222411451841125,-0.30664410679106624,1786
30,false,0.8000001943549641,0.645383068365097,-0.1546171259898671,1787
31,false,0.8000001943434539,0.6461094316957485,-0.1538907626477054,1788
32,false,0.8000001943311803,0.6461094316957485,-0.3072754456178098,1789
33,false,0.8000001943227125,0.6461094316957485,-0.3070059358436519,1790
34,false,0.8000001943317412,0.6461094316957485,-0.30720598779193553,1791
35,false,0.8000001943210153,0.6461094316957485,-0.3069407701564415,1792
36,false,0.8000001943300352,0.6461094316957485,-0.3072122751263101,1793
37,false,0.8000001943345575,0.6461094316957485,-0.30686686520736633,1794
38,false,0.8000001943322456,0.6461094316957485,-0.30736852137280246,1795
39,false,0.8000001943276859,0.6461094316957485,-0.3073821020513043,1796
40,false,0.8000001943214954,0.6466677213997375,-0.1533324729217579,1797
41,false,0.8000001943217875,0.6466677213997375,-0.30664556597674475,1798
42,false,0.8000001943420789,0.6470676645171537,-0.15293252982492522,1799
43,false,0.8000001942981589,0.6470676645171537,-0.30582396205716567,1800
44,false,0.800000194304406,0.6470676645171537,-0.30606472358144815,1801
45,false,0.800000194302912,0.6470676645171537,-0.3053671689549546,1802
46,false,0.8000001943034911,0.6470676645171537,-0.15336965178054407,1803
47,false,0.8000001942714591,0.6470676645171537,-0.3068151696992051,1804
48,false,0.8000001942732666,0.6470676645171537,-0.15364321569160966,1805
49,false,0.800000194264968,0.6470676645171537,-0.3063485135413787,1806
50,false,0.8000001942682021,0.6474669950016149,-0.15253319926658726,1807
51,false,0.80000019424614,0.6474669950016149,-0.15425679469457954,1808
52,false,0.8000001942675194,0.6474669950016149,-0.3060839817475501,1809
53,false,0.8000001942648493,0.6474669950016149,-0.30607779950508085,1810
54,false,0.8000001942665351,0.6474669950016149,-0.15327178034501499,1811
55,false,0.8000001942577065,0.6478438639507507,-0.15215633030695586,1812
56,false,0.8000001942631051,0.6478438639507507,-0.15252724928017491,1813
57,false,0.8000001942588213,0.6478438639507507,-0.30687305199768894,1814
58,false,0.8000001942587498,0.6478438639507507,-0.15277176661071734,1815
59,false,0.8000001942780006,0.6478438639507507,-0.30601927552866615,1816
60,false,0.8000001942563334,0.6478438639507507,-0.305643291083567,1817
61,false,0.8000001942553783,0.6478438639507507,-0.3063430532262823,1818
62,false,0.800000194261113,0.6478438639507507,-0.3064290758160352,1819
63,false,0.8000001942522678,0.6478438639507507,-0.15334070850150616,1820
64,false,0.8000001942512576,0.6478438639507507,-0.3070173795691423,1821
65,false,0.8000001942612204,0.6478438639507507,-0.30688654448283353,1822
66,false,0.8000001942627089,0.6478438639507507,-0.15313715938060157,1823
67,false,0.8000001942536752,0.6478438639507507,-0.3062330787282172,1824
68,false,0.8000001942548851,0.6478438639507507,-0.1532906250665259,1825
69,false,0.800000194283879,0.6478438639507507,-0.30598580978935697,1826
70,false,0.800000194202376,0.6478438639507507,-0.30748514167883956,1827
71,false,0.8000001942450016,0.6478438639507507,-0.1540223515808189,1828
72,false,0.8000001942555841,0.6484297041585906,-0.15157049009699353,1829
73,false,0.8000001942481063,0.6484297041585906,-0.15217026039370762,1830
74,false,0.8000001942426461,0.6484297041585906,-0.3062962253399808,1831
75,false,0.8000001942406441,0.6484297041585906,-0.3062530322952988,1832
76,false,0.8000001942493249,0.6484297041585906,-0.15223374402698497,1833
77,false,0.8000001942469546,0.6484297041585906,-0.1525240938784489,1834
78,false,0.8000001942303437,0.6484297041585906,-0.15234124707007035,1835
79,false,0.8000001942475574,0.6484297041585906,-0.15270511772131612,1836
80,false,0.8000001942489796,0.6484297041585906,-0.15290978326845728,1837
81,false,0.8000001942371525,0.6484297041585906,-0.1526289350827702,1838
82,false,0.8000001941808307,0.6484297041585906,-0.3065161230249823,1839
83,false,0.8000001942369763,0.6484297041585906,-0.3064982312719369,1840
84,false,0.8000001942376672,0.6484297041585906,-0.3064280968925907,1841
85,false,0.8000001942411634,0.6484297041585906,-0.1522740773998943,1842
86,false,0.8000001940951084,0.6484297041585906,-0.3098692887330307,1843
87,false,0.8000001942480625,0.6484297041585906,-0.306679252286827,1844
88,false,0.8000001942306113,0.6484297041585906,-0.15252964644550993,1845
89,false,0.8000001942346365,0.6484297041585906,-0.15309864056691003,1846
90,false,0.8000001942232369,0.6484297041585906,-0.1530527801884224,1847
91,false,0.8000001941912314,0.6509401419438166,-0.1490600522474148,1848
92,false,0.8000001942183429,0.6509401419438166,-0.1514107085107933,1849
93,false,0.8000001942065388,0.6509401419438166,-0.15284009550288236,1850
94,false,0.8000001942300865,0.6509401419438166,-0.15249991598176427,1851
95,false,0.8000001942320091,0.6509401419438166,-0.15271459101309093,1852
96,false,0.8000001942349162,0.6509401419438166,-0.1531189203005513,1853
97,false,0.8000001942349342,0.6509401419438166,-0.3063106956240845,1854
98,false,0.8000001942475214,0.6509401419438166,-0.15358238915258338,1855
99,false,0.8000001941965008,0.6509401419438166,-0.15173083848478175,1856
100,false,0.8000001942368539,0.7662911256001534,-0.03370906863670042,1857
101,false,0.8000001931165447,0.7662911256001534,-0.3026771632905904,1858
102,false,0.8000001930878954,0.7662911256001534,-0.3021989755264115,1859
103,false,0.8000001930414334,0.7662911256001534,-0.3039974302626979,1860
104,false,0.8000001929998701,0.7662911256001534,-0.30425869798978056,1861
105,false,0.8000001929936177,0.7662911256001534,-0.30423603851790193,1862
106,false,0.8000001929885012,0.7662911256001534,-0.3032925357556737,1863
107,false,0.8000001929794773,0.7662911256001534,-0.30400359583100367,1864
108,false,0.8000001929687983,0.7662911256001534,-0.14444390110760885,1865
109,false,0.8000001929079665,0.7662911256001534,-0.30254585621393576,1866
110,false,0.8000001838177727,0.7662911256001534,-0.31072961826876433,1867
111,false,0.800000192898739,0.7662911256001534,-0.3033649095202122,1868
112,false,0.8000001832794984,0.7662911256001534,-0.18304627138825225,1869
113,false,0.800000192866662,0.7662911256001534,-0.30341943454765574,1870
114,false,0.8000001928903314,0.7662911256001534,-0.30216698948690957,1871
115,false,0.8000001928785334,0.7662911256001534,-0.14301963489803493,1872
116,false,0.8000002126477256,0.7662911256001534,-0.24009495545004678,1873
117,false,0.8000001928962804,0.7662911256001534,-0.30088733808466206,1874
118,false,0.8000001928719993,0.7662911256001534,-0.3020001254527115,1875
119,false,0.8000001928980502,0.7662911256001534,-0.3012136038844713,1876
120,false,0.8000001928840815,0.7662911256001534,-0.3011339232777983,1877
121,false,0.8000001928929833,0.7662911256001534,-0.3012975811911036,1878
122,false,0.8000001928630989,0.7662911256001534,-0.30331204062346995,1879
123,false,0.8000002352886639,0.7662911256001534,-0.16376922519511816,1880
124,false,0.8000001928827362,0.7662911256001534,-0.30110736427922397,1881
125,false,0.8000001929330147,0.7662911256001534,-0.3005894128425037,1882
126,false,0.8000001928822393,0.7662911256001534,-0.30089664660656323,1883
127,false,0.8000001928768046,0.7662911256001534,-0.300896697427963,1884
128,false,0.8000001928723035,0.7662911256001534,-0.30126634225247767,1885
0,false,0.8000001642461742,0.5094894670402448,-0.29051069720592937,1858
1,false,0.8000001636601145,0.5116477649051439,-0.28835239875497065,1859
2,false,0.8000001438981128,0.5116477649051439,-0.3412121066658644,1860
3,false,0.8000001393837509,0.5116477649051439,-0.3433522699381891,1861
4,false,0.8000001627382544,0.5150131861541496,-0.28498697658410477,1862
5,false,0.8000002235466659,0.5150131861541496,-0.30731675815967074,1863
6,false,0.8000001624901469,0.5150131861541496,-0.2868891896395701,1864
7,false,0.800000129597459,0.5150131861541496,-0.35620607942450255,1865
8,false,0.8000001624401658,0.5150131861541496,-0.28564301589726226,1866
9,false,0.8000001239273247,0.5150131861541496,-0.3616869118725865,1867
10,false,0.8000001624285871,0.5150131861541496,-0.2858412203654278,1868
11,false,0.8000001243168893,0.6123741426124636,-0.18762598170442568,1869
12,false,0.8000001622944528,0.6123741426124636,-0.28464257665006043,1870
13,false,0.8000001622386366,0.6123741426124636,-0.2885649864143722,1871
14,false,0.8000001621861356,0.6123741426124636,-0.2848836612676908,1872
15,false,0.8000001242576484,0.6296495653378273,-0.1703505589198211,1873
16,false,0.8000001301055568,0.6426449851483361,-0.1573551449572207,1874
17,false,0.8000001622417598,0.6426449851483361,-0.2855113417328906,1875
18,false,0.8000001621459351,0.6426449851483361,-0.2850734751955949,1876
19,false,0.8000001249157558,0.6426449851483361,-Inf,1877
20,false,0.8000001622193811,0.6426449851483361,-0.28507443733991167,1878
21,false,0.8000001621969026,0.6426449851483361,-0.28508738995814176,1879
22,false,0.8000001621872428,0.6426449851483361,-0.28529866872713505,1880
23,false,0.8000001621769901,0.6426449851483361,-0.28514393485507517,1881
24,false,0.8000001621701516,0.6426449851483361,-0.28556271530477895,1882
25,false,0.8000001621475701,0.6426449851483361,-0.28511381220364984,1883
26,false,0.8000001621383515,0.6426449851483361,-0.2855312801083394,1884
27,false,0.8000001621417621,0.6426449851483361,-0.2852933844829375,1885
28,false,0.8000001621321972,0.6426449851483361,-0.28516750967907756,1886
29,false,0.8000001621293481,0.6426449851483361,-0.28521862930199615,1887
30,false,0.8000001621498052,0.6426449851483361,-0.285300630392638,1888
31,false,0.8000001621299805,0.6426449851483361,-0.28529257366815597,1889
32,false,0.8000001621370311,0.6426449851483361,-0.2848938322775726,1890
33,false,0.8000001621175574,0.6426449851483361,-0.28532033544834445,1891
34,false,0.8000001621211008,0.6426449851483361,-0.2850466362909607,1892
35,false,0.800000162108822,0.6426449851483361,-0.28546622186731196,1893
36,false,0.8000001621114317,0.6426449851483361,-0.28499129383964406,1894
37,false,0.8000001621199212,0.6426449851483361,-0.2851014875507265,1895
38,false,0.8000001621073402,0.6426449851483361,-0.28491519940900956,1896
39,false,0.8000001621059922,0.6426449851483361,-0.2850396788870563,1897
40,false,0.8000001621022629,0.6426449851483361,-0.28489975632233355,1898
41,false,0.8000001621018511,0.6426449851483361,-0.28516402300979593,1899
42,false,0.8000001621023659,0.6426449851483361,-0.28503208291434146,1900
43,false,0.8000001621006352,0.6426449851483361,-0.2849660340964997,1901
44,false,0.8000001621087722,0.6426449851483361,-0.28491327322980775,1902
45,false,0.8000001621018409,0.6426449851483361,-0.2849350582049839,1903
46,false,0.800000162101131,0.6426449851483361,-0.28507481872300233,1904
47,false,0.800000162107279,0.6426449851483361,-0.28495420212225553,1905
48,false,0.8000001620976452,0.6426449851483361,-0.16860003415287228,1906
49,false,0.8000001617776177,0.6426449851483361,-0.2882366777543749,1907
50,false,0.8000001617331217,0.6426449851483361,-0.28881661844536044,1908
51,false,0.8000001617606273,0.6426449851483361,-0.2882302398481539,1909
52,false,0.8000001617629495,0.6426449851483361,-0.2892134227178025,1910
53,false,0.8000001617520011,0.6426449851483361,-0.1643806004290319,1911
54,false,0.8000001614061212,0.6426449851483361,-0.287565809301374,1912
55,false,0.8000001613555587,0.6426449851483361,-0.28892981197301526,1913
56,false,0.8000001614094215,0.6426449851483361,-0.28766880522796756,1914
57,false,0.8000001614099994,0.6426449851483361,-0.2877026780446015,1915
58,false,0.8000001614140428,0.6426449851483361,-0.2873596775563725,1916
59,false,0.8000001613903414,0.6426449851483361,-0.2881665065689918,1917
60,false,0.8000001614095072,0.6426449851483361,-0.28738275014694403,1918
61,false,0.8000001613971646,0.6426449851483361,-0.28762813433438406,1919
62,false,0.8000001613979854,0.6426449851483361,-0.28754468347343687,1920
63,false,0.8000001613994897,0.6426449851483361,-0.28759088427795965,1921
64,false,0.8000001613941795,0.6426449851483361,-0.287774030906368,1922
65,false,0.8000001613941266,0.6426449851483361,-0.28776059904904305,1923
66,false,0.8000001613574289,0.6426449851483361,-0.28879374147725534,1924
67,false,0.8000001613959624,0.6426449851483361,-0.2877415114085349,1925
68,false,0.8000001613923668,0.6426449851483361,-0.2877471950871875,1926
69,false,0.8000001613911256,0.6426449851483361,-0.2877953394680546,1927
70,false,0.8000001613895467,0.6426449851483361,-0.28778232993981345,1928
71,false,0.8000001613924849,0.6426449851483361,-0.2878062953562631,1929
72,false,0.8000001613901736,0.6426449851483361,-0.1677068892700152,1930
73,false,0.8000001612614236,0.6426449851483361,-0.2907937252313797,1931
74,false,0.8000001612620184,0.6426449851483361,-0.2908491898086424,1932
75,false,0.8000001612698867,0.6426449851483361,-0.16438428617749679,1933
76,false,0.800000160962452,0.6426449851483361,-0.16643353715764508,1934
77,false,0.8000001609342634,0.6426449851483361,-0.2904348895959893,1935
78,false,0.8000001609231514,0.6426449851483361,-0.16777449101368236,1936
79,false,0.8000001609355084,0.6426449851483361,-0.1669075243848338,1937
80,false,0.8000001609258693,0.6426449851483361,-0.16603913707877482,1938
81,false,0.8000001608316486,0.6426449851483361,-0.2912624445699825,1939
82,false,0.8000001608201525,0.6426449851483361,-0.29029818599204593,1940
83,false,0.8000001608193328,0.6426449851483361,-0.16365887417134128,1941
84,false,0.8000001607771569,0.6426449851483361,-0.29095415577868267,1942
85,false,0.8000001607762216,0.6426449851483361,-0.29120993835898634,1943
86,false,0.8000001607757047,0.6426449851483361,-0.2912060487283038,1944
87,false,0.8000001607644074,0.6426449851483361,-0.16474769582036508,1945
88,false,0.8000001607083369,0.6426449851483361,-0.2868193532730158,1946
89,false,0.8000001607198197,0.6426449851483361,-0.28749981188122864,1947
90,false,0.8000001607141005,0.6426449851483361,-0.2871203635707682,1948
91,false,0.8000001607128115,0.6426449851483361,-0.2878157687445069,1949
92,false,0.800000160711549,0.6426449851483361,-0.1647166534078579,1950
93,false,0.8000001606370889,0.6426449851483361,-0.2876513657830737,1951
94,false,0.8000001606297007,0.6426449851483361,-0.16171702889737016,1952
95,false,0.8000001606180341,0.6426449851483361,-0.2890090540285395,1953
96,false,0.8000001606262013,0.6426449851483361,-0.28883419794703613,1954
97,false,0.8000001606106076,0.6426449851483361,-0.2888072509543429,1955
98,false,0.8000001606205716,0.6426449851483361,-0.28881671518592245,1956
99,false,0.8000001606153133,0.6426449851483361,-0.2891865304762775,1957
100,false,0.8000001606131326,0.6426449851483361,-0.16373932286934856,1958
101,false,0.8000001605828015,0.6426449851483361,-0.28902473598673795,1959
102,false,0.8000001605846583,0.6426449851483361,-0.28931583902002667,1960
103,false,0.8000001605506352,0.6426449851483361,-0.16775808669873205,1961
104,false,0.8000001605683749,0.6426449851483361,-0.29066572354612075,1962
105,false,0.8000001605723381,0.6426449851483361,-0.290344953308873,1963
106,false,0.8000001605783035,0.6426449851483361,-0.2906230660019796,1964
107,false,0.8000001605713473,0.6426449851483361,-0.29054523486082007,1965
108,false,0.8000001605738122,0.6426449851483361,-0.166567999310558,1966
109,false,0.8000001605607935,0.6426449851483361,-0.16462243099865737,1967
110,false,0.8000001605562014,0.6426449851483361,-0.16594980534049542,1968
111,false,0.800000160550475,0.6426449851483361,-0.1656029043490257,1969
112,false,0.8000001605372884,0.6426449851483361,-0.16463818567356714,1970
113,false,0.8000001605177601,0.6426449851483361,-0.16483913192798805,1971
114,false,0.8000001605096179,0.6426449851483361,-0.16467080971544412,1972
115,false,0.8000001604779533,0.6426449851483361,-0.16600136610104965,1973
116,false,0.8000001604974047,0.6426449851483361,-0.29018285360083795,1974
117,false,0.8000001604835857,0.6426449851483361,-0.29013683242013644,1975
118,false,0.8000001604793759,0.6426449851483361,-0.2902584333774806,1976
119,false,0.8000001604811031,0.6426449851483361,-0.1644795248041362,1977
120,false,0.800000160465598,0.6426449851483361,-0.291047429045207,1978
121,false,0.8000001604670864,0.6426449851483361,-0.2910678402956606,1979
122,false,0.8000001604658006,0.6426449851483361,-0.2906166542392141,1980
123,false,0.8000001604688192,0.6426449851483361,-0.16392707974548593,1981
124,false,0.8000001604636905,0.6426449851483361,-0.16531881861772235,1982
125,false,0.8000001604633499,0.6426449851483361,-0.1652573556612842,1983
126,false,0.8000001604526021,0.6426449851483361,-0.29045471064283745,1984
127,false,0.8000001604469225,0.6426449851483361,-0.1645681692197446,1985
128,false,0.8000001604524145,0.6426449851483361,-0.16582911023787505,1986
0,false,0.800000157769876,0.5098979373177026,-0.2901022204521734,2138
1,false,0.8000001576685183,0.5098979373177026,-0.2906167796662774,2139
2,false,0.8000001575844211,0.5114450761838656,-0.2885550814005555,2140
3,false,0.8000001575699885,0.5114450761838656,-0.2894923341859664,2141
4,false,0.8000001575432182,0.5114450761838656,-0.2902265471563875,2142
5,false,0.8000001575217629,0.5114450761838656,-0.2912215176021026,2143
6,false,0.8000001575137523,0.5114450761838656,-0.29061989024647583,2144
7,false,0.8000001575057021,0.5114450761838656,-0.2904650985041205,2145
8,false,0.8000001574905868,0.5114450761838656,-0.2912657554147966,2146
9,false,0.800000157483317,0.5114450761838656,-0.29148685370038163,2147
10,false,0.8000001574684987,0.6295654563568598,-0.17043470111163894,2148
11,false,0.8000001573172488,0.6295654563568598,-0.2937416792628813,2149
12,false,0.8000001573180844,0.6295654563568598,-0.17174828070727965,2150
13,false,0.8000001572105803,0.6299791008738811,-0.17002105633669917,2151
14,false,0.8000001571883832,0.6299791008738811,-0.17200174070048846,2152
15,false,0.8000001571214181,0.6299791008738811,-0.2945533637134231,2153
16,false,0.8000001571248655,0.6299791008738811,-0.29457915155457404,2154
17,false,0.8000001571155952,0.6299791008738811,-0.17115932067009276,2155
18,false,0.8000001570409744,0.6299791008738811,-0.294614124991306,2156
19,false,0.8000001570403478,0.6677169693982947,-0.13228318764205305,2157
20,false,0.800000157035607,0.6677169693982947,-0.2938799732539684,2158
21,false,0.8000001570264618,0.6677169693982947,-0.294158089592811,2159
22,false,0.8000001570225543,0.6677169693982947,-0.2939671367348746,2160
23,false,0.8000001570214124,0.6677169693982947,-0.2940010745671673,2161
24,false,0.8000001570266239,0.6677169693982947,-0.17181614388977162,2162
25,false,0.8000001570017801,0.6677169693982947,-0.17191598380312156,2163
26,false,0.8000001569796695,0.6677169693982947,-0.29351843162293245,2164
27,false,0.8000001569766246,0.6677169693982947,-0.17022404933398805,2165
28,false,0.8000001569860301,0.6685154762793108,-0.13148468070671926,2166
29,false,0.8000001569683508,0.6685154762793108,-0.17200737408459754,2167
30,false,0.8000001569728853,0.6685154762793108,-0.17135332458915042,2168
31,false,0.8000001569385794,0.6685154762793108,-0.1718886125040947,2169
32,false,0.8000001569354708,0.6685154762793108,-0.17185406555863136,2170
33,false,0.8000001569157981,0.6685154762793108,-0.17233578882398815,2171
34,false,0.8000001569281439,0.6685154762793108,-0.17206219440189274,2172
35,false,0.8000001569094655,0.6685154762793108,-0.17168082927032957,2173
36,false,0.8000001569092906,0.6685154762793108,-0.1718317828932343,2174
37,false,0.8000001568948906,0.6685154762793108,-0.1719279189412739,2175
38,false,0.8000001568993609,0.6685154762793108,-0.1719760602396051,2176
39,false,0.8000001569069795,0.6685154762793108,-0.1717019720503633,2177
40,false,0.8000001568922214,0.6685154762793108,-0.17220310601869515,2178
41,false,0.800000156902811,0.6685154762793108,-0.17196493996430273,2179
42,false,0.8000001568962826,0.6685154762793108,-0.2941032324134937,2180
43,false,0.8000001568873192,0.6685154762793108,-0.17231421625577348,2181
44,false,0.8000001568903099,0.6685154762793108,-0.17175945607347642,2182
45,false,0.8000001568849674,0.6685154762793108,-0.17191259605380738,2183
46,false,0.8000001568856588,0.6685154762793108,-0.29402803545536293,2184
47,false,0.8000001568869101,0.6685154762793108,-0.29404392236531507,2185
48,false,0.8000001569159304,0.6685154762793108,-0.29428427901436904,2186
49,false,0.8000001568871821,0.6685154762793108,-0.1719898918194317,2187
50,false,0.8000001568983052,0.6685154762793108,-0.2943384679917783,2188
51,false,0.8000001568866774,0.6685154762793108,-0.17214370140340518,2189
52,false,0.8000001568959166,0.6685154762793108,-0.17177832284238115,2190
53,false,0.8000001569053425,0.6685154762793108,-0.29427073446787744,2191
54,false,0.8000001568981976,0.6685154762793108,-0.17186690438570684,2192
55,false,0.8000001568950765,0.6685154762793108,-0.17181208956389704,2193
56,false,0.8000001569044741,0.6685154762793108,-0.1717913234248527,2194
57,false,0.8000001568812738,0.6685154762793108,-0.17236742270773897,2195
58,false,0.8000001568981499,0.6685154762793108,-0.17196675488726043,2196
59,false,0.8000001568918819,0.6685154762793108,-0.172006701541502,2197
60,false,0.8000001568860662,0.6685154762793108,-0.1324621872457159,2198
61,false,0.8000001568954216,0.6685154762793108,-0.17175189052393613,2199
62,false,0.8000001568854441,0.6685154762793108,-0.1715176548000492,2200
63,false,0.800000156884411,0.6685154762793108,-0.2941905389829442,2201
64,false,0.8000001568918785,0.6685154762793108,-0.17204283159785094,2202
65,false,0.8000001568922214,0.6685154762793108,-0.17188117293504224,2203
66,false,0.8000001568991943,0.6685154762793108,-0.17181282897751737,2204
67,false,0.8000001568938795,0.6685154762793108,-0.1719561708204107,2205
68,false,0.8000001568911221,0.6685154762793108,-0.17213747539541058,2206
69,false,0.8000001568944431,0.6685154762793108,-0.29426991743729114,2207
70,false,0.8000001568718074,0.6685154762793108,-0.171544393725659,2208
71,false,0.8000001568882482,0.6685154762793108,-0.13214112559458513,2209
72,false,0.8000001568892952,0.6685154762793108,-0.17193145956477895,2210
73,false,0.8000001568845779,0.6881847109516769,-0.11181544593290105,2211
74,false,0.8000001568905447,0.6881847109516769,-0.17189302954700514,2212
75,false,0.8000001568879819,0.6881847109516769,-0.1320283377186947,2213
76,false,0.8000001568889096,0.6881847109516769,-0.13211507904774356,2214
77,false,0.8000001568806783,0.6881847109516769,-0.13228948556958842,2215
78,false,0.8000001568892415,0.6882234689520721,-0.11177668793716944,2216
79,false,0.8000001568794257,0.6884202482363518,-0.11157990864307388,2217
80,false,0.8000001568912473,0.6884202482363518,-0.11181268428220659,2218
81,false,0.8000001568844869,0.6884202482363518,-0.17180611410869662,2219
82,false,0.800000156887987,0.7616693623048718,-0.03833079458311517,2220
83,false,0.8000001568822881,0.7616693623048718,-0.17210417425578384,2221
84,false,0.8000001568846031,0.7616693623048718,-0.2946318567604702,2222
85,false,0.8000001569053309,0.7616693623048718,-0.2942265197655364,2223
86,false,0.8000001568831527,0.7616693623048718,-0.17262188989795346,2224
87,false,0.8000001568771513,0.7616693623048718,-0.17266493326220167,2225
88,false,0.800000156874367,0.7616693623048718,-0.1717062058181288,2226
89,false,0.8000001568872542,0.7616693623048718,-0.17213869276690252,2227
90,false,0.8000001568828299,0.7616693623048718,-0.17261961627223332,2228
91,false,0.8000001568819299,0.7616693623048718,-0.1723010661184312,2229
92,false,0.8000001568769716,0.7616693623048718,-0.17252574224313155,2230
93,false,0.800000156885503,0.7616693623048718,-0.1725064637762158,2231
94,false,0.8000001568707145,0.7616693623048718,-0.11260570177879337,2232
95,false,0.8000001568857069,0.7616693623048718,-0.11266863781812086,2233
96,false,0.8000001568765326,0.7616693623048718,-0.1728096487656643,2234
97,false,0.8000001568717917,0.7616693623048718,-0.1726911269730279,2235
98,false,0.8000001568837807,0.7616693623048718,-0.1725375526330294,2236
99,false,0.8000001568792579,0.7616693623048718,-0.1725825911565284,2237
100,false,0.8000001568796941,0.7616693623048718,-0.17265712810591827,2238
101,false,0.8000001568760101,0.7616693623048718,-0.17257541061944082,2239
102,false,0.8000001568799286,0.7616693623048718,-0.07912517369581096,2240
103,false,0.8000001568524504,0.7616693623048718,-0.17197266727306093,2241
104,false,0.8000001568767241,0.7616693623048718,-0.17290170185436393,2242
105,false,0.8000001568769652,0.7630687593232599,-0.036931397553705336,2243
106,false,0.8000001560662285,0.7630687593232599,-0.3014539247699451,2244
107,false,0.8000001560707927,0.7630687593232599,-0.30135634539804973,2245
108,false,0.8000001560557164,0.7630687593232599,-0.11691802977511512,2246
109,false,0.800000156038873,0.7630687593232599,-0.11680047181902165,2247
110,false,0.8000001560314907,0.7630687593232599,-0.30076562386829825,2248
111,false,0.8000001560252996,0.7630687593232599,-0.3003574048962033,2249
112,false,0.800000155996535,0.7630687593232599,-0.29988232895260303,2250
113,false,0.800000155996848,0.7630687593232599,-0.30007949193437655,2251
114,false,0.8000001559966695,0.7630687593232599,-0.29977101579886056,2252
115,false,0.8000001559874496,0.7630687593232599,-0.2996461199839623,2253
116,false,0.8000001558755989,0.7630687593232599,-0.29999595850278193,2254
117,false,0.8000001559779413,0.7630687593232599,-0.2999700781429203,2255
118,false,0.8000001559897295,0.7630687593232599,-0.2998933063442629,2256
119,false,0.8000001559756404,0.7630687593232599,-0.29963105331071116,2257
120,false,0.8000001559750736,0.7630687593232599,-0.2997249495048129,2258
121,false,0.8000001559836466,0.7630687593232599,-0.29954630500334434,2259
122,false,0.800000155970896,0.7630687593232599,-0.11659705297072154,2260
123,false,0.8000001559619985,0.7630687593232599,-0.299788912020996,2261
124,false,0.8000001559560218,0.7630687593232599,-0.11660690675561958,2262
125,false,0.800000155956062,0.7630687593232599,-0.2998624551853081,2263
126,false,0.8000001559583262,0.7630687593232599,-0.29972238868008805,2264
127,false,0.8000001559476075,0.7630687593232599,-0.29979821498174664,2265
128,false,0.8000001559441403,0.7630687593232599,-0.2998085716797574,2266
0,false,0.8000001466409818,0.475379253215217,-0.32462089342576483,2205
1,false,0.8000001464970617,0.475379253215217,-0.32601871446859254,2206
2,false,0.8000001463925889,0.4756164037359843,-0.3243837426566046,2207
3,false,0.8000001464096127,0.6354912819341814,-0.16450886447543134,2208
4,false,0.8000001461187743,0.6354912819341814,-0.3239238772366594,2209
5,false,0.8000001458216616,0.6354912819341814,-0.31991921487558694,2210
6,false,0.8000001128761272,0.7987918462937275,-0.0012082665823996974,2211
7,false,0.8000001457663866,0.7987918462937275,-0.3238720165739106,2212
8,false,0.800000145623696,0.7987918462937275,-0.3209646098901122,2213
9,false,0.8000001455789202,0.7987918462937275,-0.3233063887147746,2214
10,false,0.8000001575897523,0.7987918462937275,-0.32561268776485025,2215
11,false,0.8000001454858108,0.7987918462937275,-0.32539180797168177,2216
12,false,0.8000001454502341,0.7987918462937275,-0.3258163488904394,2217
13,false,0.8000001454674921,0.7987918462937275,-0.32648949679478817,2218
14,false,0.800000145452743,0.7987918462937275,-0.3243382416908248,2219
15,false,0.8000001454329038,0.7987918462937275,-0.32374227643039777,2220
16,false,0.8000001454235762,0.7987918462937275,-0.16253846941043026,2221
17,false,0.8000001452663852,0.7987918462937275,-0.3229051538619606,2222
18,false,0.8000001452550565,0.7987918462937275,-0.32214986321159683,2223
19,false,0.8000001452249148,0.7987918462937275,-0.1627797773563835,2224
20,false,0.8000001640587826,0.7987918462937275,-0.39994326949536296,2225
21,false,0.8000001411774329,0.7987918462937275,-0.2833342958564471,2226
22,false,0.8000001452109363,0.7987918462937275,-0.3217061965819078,2227
23,false,0.8000001451793665,0.7987918462937275,-0.32282792842454056,2228
24,false,0.8000001413516555,0.7987918462937275,-0.13380860384799576,2229
25,false,0.8000001451823822,0.7987918462937275,-0.32315912355994403,2230
26,false,0.8000001451911383,0.7987918462937275,-0.3234356183938839,2231
27,false,0.8000001399232369,0.7987918462937275,-0.266188044440948,2232
28,false,0.8000001451584249,0.7987918462937275,-0.32242372604538216,2233
29,false,0.8000001451832466,0.7987918462937275,-0.1607346153068967,2234
30,false,0.800000145168211,0.7987918462937275,-0.3231615930108362,2235
31,false,0.8000001451802327,0.7987918462937275,-0.1605990840644237,2236
32,false,0.8000001451855305,0.7987918462937275,-0.16204892989109954,2237
33,false,0.8000001450931672,0.7987918462937275,-0.3252048101080628,2238
34,false,0.8000001451006707,0.7987918462937275,-0.1617963788179383,2239
35,false,0.800000145001627,0.7987918462937275,-0.32496027733131055,2240
36,false,0.8000001449810852,0.7987918462937275,-0.32427129237438845,2241
37,false,0.8000001449893976,0.7987918462937275,-0.16095193633106475,2242
38,false,0.8000001448913906,0.7987918462937275,-0.16225023438846164,2243
39,false,0.8000001448484872,0.7987918462937275,-0.3251697926578043,2244
40,false,0.8000001448389803,0.7987918462937275,-0.3241861538244812,2245
41,false,0.8000001448363703,0.7987918462937275,-0.3253920586113994,2246
42,false,0.8000001594179476,0.7987918462937275,-0.34763454838406926,2247
43,false,0.8000001448392962,0.7987918462937275,-0.32474673964118606,2248
44,false,0.80000014098136,0.7987918462937275,-0.28312365024339115,2249
45,false,0.8000001422252758,0.7987918462937275,-0.29070248087790174,2250
46,false,0.8000001448302043,0.7987918462937275,-0.3241734134843209,2251
47,false,0.8000001448375607,0.7987918462937275,-0.3247342515983682,2252
48,false,0.8000001448185967,0.7987918462937275,-0.32445082859533236,2253
49,false,0.8000001448304428,0.7987918462937275,-0.32429731389523714,2254
50,false,0.8000001448330276,0.7987918462937275,-0.32435748222370964,2255
51,false,0.8000001448245135,0.7987918462937275,-0.32480493866014387,2256
52,false,0.8000001370124394,0.7987918462937275,-0.2539236844830156,2257
53,false,0.8000001448326142,0.7987918462937275,-0.3247648623987326,2258
54,false,0.8000001448269092,0.7987918462937275,-0.3247615942286959,2259
55,false,0.800000144824541,0.7987918462937275,-0.32460385838246636,2260
56,false,0.800000140182417,0.7987918462937275,-0.13289566855452484,2261
57,false,0.8000001448258618,0.7987918462937275,-0.3247242857939034,2262
58,false,0.8000001401497991,0.7987918462937275,-0.28258707544824957,2263
59,false,0.8000001448244043,0.7987918462937275,-0.32423099049983695,2264
60,false,0.800000138256527,0.7987918462937275,-0.12586933281257773,2265
61,false,0.8000001448220044,0.7987918462937275,-0.32458104405109073,2266
62,false,0.8000001448214301,0.7987918462937275,-0.3242067376659121,2267
63,false,0.8000001448252864,0.7987918462937275,-0.32465779669820316,2268
64,false,0.8000001448167644,0.7987918462937275,-0.3239237000881523,2269
65,false,0.8000001448215067,0.7987918462937275,-0.1580940422660344,2270
66,false,0.8000001448262373,0.7987918462937275,-0.32446095988696816,2271
67,false,0.8000001448125827,0.7987918462937275,-0.32427116931945016,2272
68,false,0.8000001412419319,0.7987918462937275,-0.2847405103766365,2273
69,false,0.8000001448215293,0.7987918462937275,-0.1586735483511057,2274
70,false,0.8000001448036793,0.7987918462937275,-0.15963535521987593,2275
71,false,0.8000001447712086,0.7987918462937275,-0.1595694716259809,2276
72,false,0.8000001447729899,0.7987918462937275,-0.32474359606207215,2277
73,false,0.8000001447715519,0.7987918462937275,-0.32469528185299,2278
74,false,0.800000134783894,0.7987918462937275,-0.24051702955903642,2279
75,false,0.8000001447708605,0.7987918462937275,-0.16006054496545097,2280
76,false,0.8000001447607619,0.7987918462937275,-0.3258797902441315,2281
77,false,0.8000001412728224,0.7987918462937275,-0.28774332647931944,2282
78,false,0.8000001447609462,0.7987918462937275,-0.15918017064318923,2283
79,false,0.8000001447580833,0.7987918462937275,-0.15899702561673856,2284
80,false,0.8000001447549359,0.7987918462937275,-0.32540926505410717,2285
81,false,0.8000001447546516,0.7987918462937275,-0.15871722168120173,2286
82,false,0.800000144762143,0.7987918462937275,-0.3259116650089987,2287
83,false,0.8000001447536689,0.7987918462937275,-0.159782331993639,2288
84,false,0.800000144756761,0.7987918462937275,-0.15960010679317782,2289
85,false,0.8000001447520718,0.7987918462937275,-0.15995071388975257,2290
86,false,0.800000144735997,0.7987918462937275,-0.15918011627721795,2291
87,false,0.8000001447396539,0.7987918462937275,-0.32516040661088225,2292
88,false,0.8000001447408316,0.7987918462937275,-0.32514113240996956,2293
89,false,0.800000157126632,0.7987918462937275,-0.3558529376883422,2294
90,false,0.8000001447437375,0.7987918462937275,-0.32531813092672723,2295
91,false,0.8000001447395154,0.7987918462937275,-0.32530108954598697,2296
92,false,0.8000001447311322,0.7987918462937275,-0.15879497647726992,2297
93,false,0.80000014474341,0.7987918462937275,-0.3252549951112307,2298
94,false,0.8000001447426615,0.7987918462937275,-0.15943916568437666,2299
95,false,0.8000001412138644,0.7987918462937275,-0.28824370151945333,2300
96,false,0.8000001447160986,0.7987918462937275,-0.15880592748237954,2301
97,false,0.8000001446886505,0.7987918462937275,-0.15606316594234315,2302
98,false,0.8000001446421434,0.7987918462937275,-0.3256425578253621,2303
99,false,0.8000001446407092,0.7987918462937275,-0.3242037928824697,2304
100,false,0.8000001625925484,0.7987918462937275,-0.1577213285247958,2305
101,false,0.8000001446420331,0.7987918462937275,-0.32582074684755885,2306
102,false,0.8000001446278251,0.7987918462937275,-0.32431030895098933,2307
103,false,0.8000001446424456,0.7987918462937275,-0.1590289785275787,2308
104,false,0.800000144640446,0.7987918462937275,-0.32469972650831824,2309
105,false,0.8000001360633177,0.7987918462937275,-0.24466491082963915,2310
106,false,0.8000001446390959,0.7987918462937275,-0.3253566884733165,2311
107,false,0.8000001368590476,0.7987918462937275,-0.11951038039871387,2312
108,false,0.8000001507367027,0.7987918462937275,-0.3945934832757265,2313
109,false,0.8000001446417542,0.7987918462937275,-0.15956223788565205,2314
110,false,0.800000144633469,0.7987918462937275,-0.16086844386120214,2315
111,false,0.8000001446391815,0.7987918462937275,-0.32574321517626553,2316
112,false,0.8000001446390292,0.7987918462937275,-0.15835719575087714,2317
113,false,0.8000001389652952,0.7987918462937275,-0.1414176959594956,2318
114,false,0.8000001446221942,0.7987918462937275,-0.16137877193271888,2319
115,false,0.800000141515957,0.7987918462937275,-0.2972738517759619,2320
116,false,0.8000001446379139,0.7987918462937275,-0.3245161768232181,2321
117,false,0.8000001446353361,0.7987918462937275,-0.32430033382251444,2322
118,false,0.8000001446247269,0.7987918462937275,-0.16157872124234685,2323
119,false,0.8000001446328746,0.7987918462937275,-0.1602420821668612,2324
120,false,0.8000001446299008,0.7987918462937275,-0.160535794879328,2325
121,false,0.8000001446337812,0.7987918462937275,-0.3249721311805329,2326
122,false,0.8000001446378008,0.7987918462937275,-0.3238614548971639,2327
123,false,0.8000001446296731,0.7987918462937275,-0.15987715909564548,2328
124,false,0.8000001560656287,0.7987918462937275,-0.34855523880712636,2329
125,false,0.8000001572866501,0.7987918462937275,-0.3419177218174012,2330
126,false,0.8000001446131906,0.7987918462937275,-0.1565739411911775,2331
127,false,0.8000001446056499,0.7987918462937275,-0.3252433920687602,2332
128,false,0.8000001445944256,0.7987918462937275,-0.16216598035438512,2333
0,false,0.8000001445542216,0.47093782447468524,-0.3290623200795364,2200
1,false,0.8000001445569551,0.6420319658446232,-0.15796817871233193,2201
2,false,0.8000001445439346,0.6420319658446232,-0.3268117744824829,2202
3,false,0.8000001445443343,0.6420319658446232,-0.32664139975002837,2203
4,false,0.8000001445426927,0.6420319658446232,-0.326426092940334,2204
5,false,0.8000001445240845,0.6420319658446232,-0.32653332011380176,2205
6,false,0.8000001369236243,0.6420319658446232,-0.2609600782858337,2206
7,false,0.8000001445443203,0.6420319658446232,-0.32646673880027977,2207
8,false,0.8000001445410745,0.6420319658446232,-0.32666190201806516,2208
9,false,0.8000001445434007,0.6420319658446232,-0.32654087715575264,2209
10,false,0.8000001445289606,0.6420319658446232,-0.3267803917030528,2210
11,false,0.8000001442227213,0.6420319658446232,-0.3239036713602272,2211
12,false,0.800000144539137,0.6420319658446232,-0.3266033386808964,2212
13,false,0.8000001438126736,0.7183234065774347,-0.08167673723523894,2213
14,false,0.8000001446503776,0.7183234065774347,-0.32451145502936607,2214
15,false,0.8000001445299394,0.7183234065774347,-0.32650262456185475,2215
16,false,0.8000001445264613,0.7183234065774347,-0.32564780199312443,2216
17,false,0.8000001445281164,0.7183234065774347,-0.325817045430721,2217
18,false,0.8000001445411064,0.7183234065774347,-0.3265729941751524,2218
19,false,0.8000001445413819,0.7183234065774347,-0.1582339311039357,2219
20,false,0.8000001445281626,0.7183234065774347,-0.3259976470089525,2220
21,false,0.8000001445110847,0.7183234065774347,-0.15877625487667468,2221
22,false,0.8000001445277614,0.7183234065774347,-0.3254238966324393,2222
23,false,0.8000001445095158,0.7183234065774347,-0.15740245848787027,2223
24,false,0.8000001445078193,0.7183234065774347,-0.3242922767466534,2224
25,false,0.800000144514606,0.7183234065774347,-0.3242880787324447,2225
26,false,0.800000144510043,0.7183234065774347,-0.3243214026533717,2226
27,false,0.8000001445053736,0.7183234065774347,-0.3243140977127712,2227
28,false,0.8000001444929294,0.7183234065774347,-0.1566194632364739,2228
29,false,0.8000001444833965,0.7183234065774347,-0.32473037772208424,2229
30,false,0.8000001444903975,0.7183234065774347,-0.15566643794406154,2230
31,false,0.800000144498755,0.7183234065774347,-0.32485325267698006,2231
32,false,0.8000001444982465,0.7183234065774347,-0.15556741494627824,2232
33,false,0.8000001431118575,0.7798783465956538,-0.020121796516203716,2233
34,false,0.8000001445057924,0.7798783465956538,-0.3245119500331466,2234
35,false,0.8000001445020325,0.7798783465956538,-0.32479079661515625,2235
36,false,0.8000001444924965,0.7798783465956538,-0.32461005653154307,2236
37,false,0.8000001444929132,0.7798783465956538,-0.3245455843032009,2237
38,false,0.8000001444990402,0.7798783465956538,-0.32452768925138975,2238
39,false,0.8000001444942698,0.7798783465956538,-0.3246548780036945,2239
40,false,0.8000001445074564,0.7798783465956538,-0.3246397584755261,2240
41,false,0.8000001444919435,0.7798783465956538,-0.324660951419174,2241
42,false,0.8000001444844591,0.7798783465956538,-0.32502719915853784,2242
43,false,0.8000001445035038,0.7798783465956538,-0.3246393536813159,2243
44,false,0.800000144501864,0.7798783465956538,-0.3246651149660327,2244
45,false,0.8000001444897682,0.7798783465956538,-0.32476504327702066,2245
46,false,0.8000001444913014,0.7798783465956538,-0.32461889383371034,2246
47,false,0.8000001444918422,0.7798783465956538,-0.32487390344594136,2247
48,false,0.8000001445002021,0.7798783465956538,-0.15543423205079,2248
49,false,0.8000001444905952,0.7798783465956538,-0.3245704233108071,2249
50,false,0.8000001444768203,0.7798783465956538,-0.16007963728086982,2250
51,false,0.80000014445218,0.7798783465956538,-0.32484404147370344,2251
52,false,0.8000001444912835,0.7798783465956538,-0.32455589854524786,2252
53,false,0.8000001444866667,0.7798783465956538,-0.3245360201334402,2253
54,false,0.8000001444882596,0.7798783465956538,-0.32458262242605795,2254
55,false,0.8000001444918654,0.7798783465956538,-0.3245341840770175,2255
56,false,0.8000001444877862,0.7798783465956538,-0.3246044174046656,2256
57,false,0.8000001444908207,0.7798783465956538,-0.3244962617772329,2257
58,false,0.8000001444914255,0.7798783465956538,-0.3245368341399084,2258
59,false,0.8000001444869596,0.7798783465956538,-0.32459568492857777,2259
60,false,0.8000001444933528,0.7798783465956538,-0.3245882823921459,2260
61,false,0.8000001444844321,0.7798783465956538,-0.3245771650942535,2261
62,false,0.8000001444934208,0.7798783465956538,-0.32440985792426574,2262
63,false,0.8000001444932051,0.7798783465956538,-0.15504773555096096,2263
64,false,0.800000144488737,0.7798783465956538,-0.32461766357942146,2264
65,false,0.8000001444916093,0.7798783465956538,-0.3243803284915774,2265
66,false,0.800000144487095,0.7798783465956538,-0.32452233643225536,2266
67,false,0.8000001444841783,0.7798783465956538,-0.1546757392188678,2267
68,false,0.8000001444876581,0.7798783465956538,-0.3248157592352892,2268
69,false,0.8000001444615136,0.7798783465956538,-0.16035426301885314,2269
70,false,0.8000001444887097,0.7798783465956538,-0.32495906267919333,2270
71,false,0.8000001444888728,0.7798783465956538,-0.15487863433422155,2271
72,false,0.8000001444890571,0.7798783465956538,-0.3248147773720914,2272
73,false,0.8000001444829724,0.7798783465956538,-0.32466317010400747,2273
74,false,0.8000001444706678,0.7798783465956538,-0.1550834199195139,2274
75,false,0.8000001444325315,0.7798783465956538,-0.3253992526841051,2275
76,false,0.8000001444825745,0.7798783465956538,-0.1555990332034013,2276
77,false,0.8000001444812441,0.7798783465956538,-0.3249271318884382,2277
78,false,0.8000001444795594,0.7798783465956538,-0.3249657487473587,2278
79,false,0.800000144476518,0.7798783465956538,-0.15566967942890364,2279
80,false,0.8000001444708371,0.7798783465956538,-0.15472948835307387,2280
81,false,0.8000001444798485,0.7798783465956538,-0.15501276272372255,2281
82,false,0.8000001444743632,0.7798783465956538,-0.1551354318639262,2282
83,false,0.8000001444727098,0.7798783465956538,-0.15511319694443393,2283
84,false,0.8000001444178737,0.7798783465956538,-0.040704159949340735,2284
85,false,0.8000001444675068,0.7798783465956538,-0.1556280593826126,2285
86,false,0.8000001444647364,0.7798783465956538,-0.32482130675323506,2286
87,false,0.8000001444739386,0.7798783465956538,-0.3248387530952687,2287
88,false,0.8000001444668396,0.7798783465956538,-0.3247440340153648,2288
89,false,0.8000001444718166,0.7798783465956538,-0.07175983638441163,2289
90,false,0.8000001444721714,0.7798783465956538,-0.1553071893423088,2290
91,false,0.8000001444713706,0.7798783465956538,-0.1547834365277161,2291
92,false,0.8000001444720551,0.7798783465956538,-0.3246290849653251,2292
93,false,0.8000001444678164,0.7798783465956538,-0.32471849590033025,2293
94,false,0.8000001444684468,0.7798783465956538,-0.3246092406366495,2294
95,false,0.8000001444740558,0.7798783465956538,-0.07043056484448473,2295
96,false,0.8000001444617533,0.7798783465956538,-0.15560610525668184,2296
97,false,0.800000144470268,0.7798783465956538,-0.1552490642838138,2297
98,false,0.8000001444692086,0.7798783465956538,-0.15528241650784835,2298
99,false,0.8000001444694073,0.7798783465956538,-0.1551392902152724,2299
100,false,0.8000001444716005,0.7798783465956538,-0.02121872290226179,2300
101,false,0.8000001444624115,0.7798783465956538,-0.15473799610400885,2301
102,false,0.8000001444622626,0.7798783465956538,-0.15491526754730467,2302
103,false,0.8000001444676904,0.7798783465956538,-0.15489512727949173,2303
104,false,0.8000001444676935,0.7798783465956538,-0.15521578087160526,2304
105,false,0.8000001444674278,0.7798783465956538,-0.02100188811413317,2305
106,false,0.8000001444678908,0.7798783465956538,-0.15519758799930883,2306
107,false,0.8000001444671069,0.788391146128756,-0.011608998338350829,2307
108,false,0.8000001442782754,0.788391146128756,-0.32226030558039653,2308
109,false,0.800000138431827,0.788391146128756,-0.2666038533442011,2309
110,false,0.8000001436597499,0.788391146128756,-0.07544835852640497,2310
111,false,0.8000001442836328,0.788391146128756,-0.3216974730564979,2311
112,false,0.8000001442516529,0.788391146128756,-0.32153481110861226,2312
113,false,0.800000144124209,0.788391146128756,-0.3207786156959276,2313
114,false,0.8000001356165787,0.788391146128756,-0.2415638817436092,2314
115,false,0.8000001442668538,0.788391146128756,-0.1595647005682248,2315
116,false,0.8000001385764415,0.788391146128756,-0.2648043672387145,2316
117,false,0.8000001442491995,0.788391146128756,-0.3201944761363327,2317
118,false,0.800000144242656,0.788391146128756,-0.32045037471210247,2318
119,false,0.8000001355262856,0.788391146128756,-0.2458391640047175,2319
120,false,0.8000001442530642,0.788391146128756,-0.3203489771890462,2320
121,false,0.8000001442484435,0.788391146128756,-0.32033411254356814,2321
122,false,0.8000001431938617,0.788391146128756,-0.01750116097155463,2322
123,false,0.8000001418798579,0.788391146128756,-0.3302787752918914,2323
124,false,0.8000001418491399,0.788391146128756,-0.3295370213984921,2324
125,false,0.8000001418275475,0.788391146128756,-0.3293085897977843,2325
126,false,0.8000001418271718,0.788391146128756,-0.3294482931812719,2326
127,false,0.8000001418179727,0.788391146128756,-0.32933196428002687,2327
128,false,0.8000001417813968,0.788391146128756,-0.16151065446721213,2328
0,false,0.8000001270190744,0.6861320298839364,-0.11386809713513801,2333
1,false,0.8000001266430156,0.6861320298839364,-0.3563386979921327,2334
2,false,0.8000001265632721,0.6861320298839364,-0.12431247177434812,2335
3,false,0.8000001264375302,0.6861320298839364,-0.35183470391485716,2336
4,false,0.8000001264168336,0.6861320298839364,-0.18305329837133044,2337
5,false,0.800000126245918,0.6861320298839364,-0.35283694802438254,2338
6,false,0.8000001261715612,0.6861320298839364,-0.17819919294452924,2339
7,false,0.8000001013920437,0.6861320298839364,-0.17222227092330766,2340
8,false,0.800000102997599,0.6973873895670472,-0.1026127134305519,2341
9,false,0.8000001260833274,0.6973873895670472,-0.357002153150882,2342
10,false,0.8000001038817638,0.7276562041017071,-0.07234389978005673,2343
11,false,0.8000001111827711,0.7276562041017071,-0.3865408467884442,2344
12,false,0.8000001260775538,0.7276562041017071,-0.3517220014868533,2345
13,false,0.8000001260632639,0.7276562041017071,-0.35351189042556386,2346
14,false,0.8000001260442803,0.7276562041017071,-0.3518775096535049,2347
15,false,0.8000001260363117,0.7276562041017071,-0.3528828043506086,2348
16,false,0.8000001259955322,0.7276562041017071,-0.35463938995044103,2349
17,false,0.8000001259966374,0.7276562041017071,-0.3535490038834533,2350
18,false,0.8000001259959582,0.7276562041017071,-0.35381775900042356,2351
19,false,0.8000001259756906,0.7276562041017071,-0.35325845045123627,2352
20,false,0.8000001259632252,0.7276562041017071,-0.3536014806028386,2353
21,false,0.8000001259494723,0.7276562041017071,-0.1831014378567999,2354
22,false,0.8000001259202805,0.7276562041017071,-0.3503886204847892,2355
23,false,0.8000001259209049,0.7276562041017071,-0.3504455716588754,2356
24,false,0.8000001259167747,0.7276562041017071,-0.350838399439327,2357
25,false,0.8000001259053641,0.7276562041017071,-0.17910743154967157,2358
26,false,0.8000001258547847,0.7276562041017071,-0.35177576522795767,2359
27,false,0.8000001258412313,0.7276562041017071,-0.1807128576290813,2360
28,false,0.8000001258113532,0.7276562041017071,-0.1800233930198406,2361
29,false,0.8000001257855486,0.7276562041017071,-0.35218267300247624,2362
30,false,0.8000001257836611,0.7276562041017071,-0.1808387707029805,2363
31,false,0.8000001257463994,0.7276562041017071,-0.35287321206088584,2364
32,false,0.800000125739611,0.7276562041017071,-0.3535283413381885,2365
33,false,0.8000001257080893,0.7276562041017071,-0.35353582910525844,2366
34,false,0.8000001257185849,0.7276562041017071,-0.35368543253794815,2367
35,false,0.800000125674643,0.7276562041017071,-0.35369616103524326,2368
36,false,0.8000001257165793,0.7276562041017071,-0.35441818473357106,2369
37,false,0.8000001257226278,0.7276562041017071,-0.35436443916393057,2370
38,false,0.8000001257176204,0.7276562041017071,-0.3540532472133581,2371
39,false,0.8000001257195208,0.7276562041017071,-0.35454136152343924,2372
40,false,0.800000125716734,0.7276562041017071,-0.35417845682491095,2373
41,false,0.8000001257169139,0.7276562041017071,-0.3549426881939359,2374
42,false,0.8000001257054643,0.7276562041017071,-0.354881964406278,2375
43,false,0.8000001257314411,0.7276562041017071,-0.1844879450475374,2376
44,false,0.8000001256779281,0.7276562041017071,-0.3538499867145352,2377
45,false,0.8000001256815182,0.7276562041017071,-0.3539015251981496,2378
46,false,0.8000001256898537,0.7276562041017071,-0.3539895286327437,2379
47,false,0.8000001256758339,0.7276562041017071,-0.35387221348970976,2380
48,false,0.8000001256766502,0.7276562041017071,-0.35386933836878565,2381
49,false,0.8000001256708356,0.7276562041017071,-0.35229786211333086,2382
50,false,0.8000001256740374,0.7276562041017071,-0.11514776401743287,2383
51,false,0.8000001256488404,0.7276562041017071,-0.3560737670675425,2384
52,false,0.8000001256399973,0.7276562041017071,-0.3555294779357333,2385
53,false,0.8000001256464986,0.7276562041017071,-0.35579468922679214,2386
54,false,0.8000001256491145,0.7276562041017071,-0.11554972147091924,2387
55,false,0.8000001256296614,0.7276562041017071,-0.3539509114244667,2388
56,false,0.8000001255867059,0.7276562041017071,-0.3529178534267861,2389
57,false,0.8000001256252232,0.7276562041017071,-0.1831606560796183,2390
58,false,0.8000001256112079,0.7276562041017071,-0.3548784155613356,2391
59,false,0.8000001255998455,0.7276562041017071,-0.18527212731673615,2392
60,false,0.8000001255799445,0.7276562041017071,-0.1156006651478293,2393
61,false,0.8000001255717374,0.7276562041017071,-0.3541624552467746,2394
62,false,0.8000001255694972,0.7276562041017071,-0.18393889029142074,2395
63,false,0.8000001255592839,0.7276562041017071,-0.18368729346035306,2396
64,false,0.800000125556393,0.7276562041017071,-0.3553572021394979,2397
65,false,0.8000001255313957,0.7276562041017071,-0.3546038508048492,2398
66,false,0.8000001255581359,0.7276562041017071,-0.11498533553094559,2399
67,false,0.8000001255431655,0.7276562041017071,-0.11549075055658631,2400
68,false,0.8000001255531984,0.7276562041017071,-0.35519000096443515,2401
69,false,0.8000001255529506,0.7276562041017071,-0.1848993338348448,2402
70,false,0.8000001255211765,0.7276562041017071,-0.3550140375690552,2403
71,false,0.8000001255526222,0.7276562041017071,-0.3546940060774981,2404
72,false,0.8000001255534718,0.7276562041017071,-0.3550383470088868,2405
73,false,0.8000001255369938,0.7276562041017071,-0.11405906009771971,2406
74,false,0.8000001255521427,0.7276562041017071,-0.115381947443981,2407
75,false,0.8000001255710157,0.7276562041017071,-0.35363354773072425,2408
76,false,0.8000001255470635,0.7276562041017071,-0.18325281028103346,2409
77,false,0.8000001255406837,0.7276562041017071,-0.18326309435857657,2410
78,false,0.8000001255272037,0.7276562041017071,-0.18467646729748677,2411
79,false,0.8000001255358613,0.7276562041017071,-0.18388850356652275,2412
80,false,0.8000001255313463,0.7276562041017071,-0.3545746961103761,2413
81,false,0.8000001255342337,0.7276562041017071,-0.35468731533474573,2414
82,false,0.8000001255350353,0.7276562041017071,-0.11462279609786097,2415
83,false,0.8000001255308762,0.7276562041017071,-0.3537144898376047,2416
84,false,0.8000001255468464,0.7276562041017071,-0.35454325423040456,2417
85,false,0.8000001255271667,0.7276562041017071,-0.11441827041753838,2418
86,false,0.8000001255238841,0.7276562041017071,-0.3549030389610354,2419
87,false,0.800000125583517,0.7276562041017071,-0.11445102437734045,2420
88,false,0.8000001255249658,0.7276562041017071,-0.11438861196044847,2421
89,false,0.8000001255220596,0.7276562041017071,-0.11434281885721098,2422
90,false,0.8000001255169726,0.7276562041017071,-0.11468844365527442,2423
91,false,0.8000001255252928,0.7276562041017071,-0.09342025533655585,2424
92,false,0.8000001255066148,0.7276562041017071,-0.18382382497749916,2425
93,false,0.8000001255161316,0.7276562041017071,-0.3546981307501733,2426
94,false,0.8000001255061875,0.7276562041017071,-0.09312572802210861,2427
95,false,0.8000001255142833,0.7276562041017071,-0.11462865819691481,2428
96,false,0.8000001255387024,0.7276562041017071,-0.1844239846244442,2429
97,false,0.8000001255123337,0.7276562041017071,-0.11483151314353424,2430
98,false,0.8000001255196239,0.7276562041017071,-0.1149823292075991,2431
99,false,0.800000125555991,0.7276562041017071,-0.1150099301156452,2432
100,false,0.800000125514422,0.7276562041017071,-0.1149109262286061,2433
101,false,0.8000001255130297,0.7276562041017071,-0.35472772393276486,2434
102,false,0.8000001255084651,0.7276562041017071,-0.3546553640771245,2435
103,false,0.8000001255129392,0.7276562041017071,-0.11474310025490297,2436
104,false,0.8000001254871277,0.7276562041017071,-0.08999870832578816,2437
105,false,0.8000001254247142,0.7276562041017071,-0.1765288157334608,2438
106,false,0.8000001653517783,0.7276562041017071,-0.35193430555587857,2439
107,false,0.8000001255002169,0.7276562041017071,-0.35200259320296545,2440
108,false,0.8000001254819259,0.7276562041017071,-0.09136212682257627,2441
109,false,0.8000001254575156,0.7276562041017071,-0.09278858167509851,2442
110,false,0.8000001254845951,0.7276562041017071,-0.09165933742390686,2443
111,false,0.8000001254535101,0.7276562041017071,-0.17758486203161494,2444
112,false,0.8000001254900029,0.7276562041017071,-0.0877999317918704,2445
113,false,0.8000001254456406,0.7276562041017071,-0.3512978689871882,2446
114,false,0.800000141077649,0.7276562041017071,-0.36092724056666103,2447
115,false,0.8000001561307777,0.7276562041017071,-0.34453867348274547,2448
116,false,0.8000001254928906,0.7276562041017071,-0.3529516786402054,2449
117,false,0.8000001254983943,0.7398087417592742,-0.06019138373912003,2450
118,false,0.8000001254480373,0.7398087417592742,-0.09013668577683465,2451
119,false,0.8000000975437016,0.7503179843586365,-0.0496821131850651,2452
120,false,0.8000001254966201,0.7781522668830105,-0.021847858613609605,2453
0,false,0.800000125500918,0.6157615810524445,-0.18423854444847354,2370
1,false,0.8000001255076395,0.7061719845813562,-0.09382814092628333,2371
2,false,0.8000001255224524,0.7061719845813562,-0.11516389348596301,2372
3,false,0.8000001255041906,0.7064127626255364,-0.09358736287865421,2373
4,false,0.8000001255051846,0.7064127626255364,-0.09393197347702231,2374
5,false,0.8000001255103044,0.7064127626255364,-0.0941702296524729,2375
6,false,0.8000001255061083,0.7064127626255364,-0.11488533546216295,2376
7,false,0.8000001255080593,0.7064127626255364,-0.11491139359165259,2377
8,false,0.8000001255040987,0.7064127626255364,-0.11481895245616702,2378
9,false,0.800000125511218,0.7064127626255364,-0.09391429805528817,2379
10,false,0.8000001255106314,0.7064127626255364,-0.11496465367289788,2380
11,false,0.800000125509942,0.7064127626255364,-0.11473124511554822,2381
12,false,0.8000001255064741,0.7064127626255364,-0.11474540247191145,2382
13,false,0.8000001255070354,0.7064127626255364,-0.1149562701667819,2383
14,false,0.800000125505567,0.7064127626255364,-0.11478718154672052,2384
15,false,0.8000001255060217,0.7064127626255364,-0.11497327224149556,2385
16,false,0.8000001254451209,0.7064127626255364,-0.35442473530576674,2386
17,false,0.8000001255097088,0.7454670330862195,-0.05453309242348925,2387
18,false,0.8000001255058599,0.7454670330862195,-0.05469090847944913,2388
19,false,0.8000001255062386,0.7454670330862195,-0.1147963771218583,2389
20,false,0.8000001255096421,0.7819491090867652,-0.018051016422876875,2390
0,false,0.8000001254845354,0.6834103762706257,-0.11658974921390963,2389
1,false,0.8000001254947916,0.6837965389925931,-0.11620358650219853,2390
2,false,0.8000001254815431,0.6837965389925931,-0.35486075933674033,2391
3,false,0.800000125462673,0.6837965389925931,-0.35410793416732916,2392
4,false,0.8000001254935161,0.6837965389925931,-0.3550814287093683,2393
5,false,0.8000001255003999,0.6856052206893614,-0.11439490481103853,2394
6,false,0.800000125488928,0.6856052206893614,-0.1161217213267105,2395
7,false,0.8000001254987789,0.6856052206893614,-0.3551576159708437,2396
8,false,0.8000001254892255,0.6856052206893614,-0.3552365313960917,2397
9,false,0.8000001254936019,0.6856052206893614,-0.11598180814139081,2398
10,false,0.8000001255063911,0.6856052206893614,-0.11504267127831225,2399
11,false,0.8000001255063312,0.7060462049847003,-0.09395392052163087,2400
12,false,0.8000001255030706,0.7060462049847003,-0.3549560046840211,2401
13,false,0.8000001254091906,0.7060462049847003,-0.1887566605796147,2402
14,false,0.8000001255022654,0.7084954339996037,-0.09150469150266172,2403
15,false,0.800000125486594,0.7084954339996037,-0.11597612132735402,2404
16,false,0.8000001254916213,0.7084954339996037,-0.11582129257711393,2405
17,false,0.8000001255051928,0.7084954339996037,-0.11501884336879054,2406
18,false,0.8000001254435954,0.7084954339996037,-0.11170542248403248,2407
19,false,0.8000001238176171,0.7084954339996037,-0.17865865930656755,2408
20,false,0.8000001253611403,0.7084954339996037,-0.18875679535932532,2409
21,false,0.8000001254976695,0.7819619165238492,-0.018038208973820358,2410
0,false,0.8000001125505491,0.43585793003471013,-0.364142182515839,2406
1,false,0.8000001124317223,0.4366250202055874,-0.3633750922261349,2407
2,false,0.8000001122172858,0.43962740808957546,-0.3603727041277104,2408
3,false,0.8000001120555771,0.4411085381605113,-0.35889157389506576,2409
4,false,0.8000001119990972,0.6128502508197493,-0.18714986117934784,2410
5,false,0.8000001087254462,0.6128502508197493,-0.2925303461429005,2411
6,false,0.8000001117668523,0.6128502508197493,-0.36026189424124033,2412
7,false,0.800000111620388,0.6222257640781175,-0.1777743475422705,2413
8,false,0.8000001116109491,0.6222257640781175,-0.36175857124513383,2414
9,false,0.8000001114003275,0.6222257640781175,-0.34761579677250565,2415
10,false,0.800000111535011,0.6222257640781175,-0.18602333931944925,2416
11,false,0.8000001115662803,0.6696550298762887,-0.1303450816899916,2417
12,false,0.8000001115066714,0.676049031031668,-0.12395108047500336,2418
13,false,0.8000001114767703,0.676049031031668,-0.1800507651393436,2419
14,false,0.8000001114000034,0.676049031031668,-0.3555975011688648,2420
15,false,0.800000111382719,0.676049031031668,-0.3590500500542742,2421
16,false,0.8000001114421469,0.676049031031668,-0.3591162582803613,2422
17,false,0.8000001114185183,0.676049031031668,-0.35923007945894275,2423
18,false,0.8000001114283264,0.676049031031668,-0.35596626322665337,2424
19,false,0.8000001113903957,0.676049031031668,-0.3559619352673986,2425
20,false,0.8000001114167853,0.676049031031668,-0.35754690264559363,2426
21,false,0.800000111374152,0.676049031031668,-0.18504447285483483,2427
22,false,0.8000001113968036,0.676049031031668,-0.35706410594605775,2428
23,false,0.8000001081888073,0.676049031031668,-0.1714844569442756,2429
24,false,0.8000001111297315,0.676049031031668,-0.3431407800867072,2430
25,false,0.8000001109722197,0.676049031031668,-0.16514166029763988,2431
26,false,0.8000001110296919,0.676049031031668,-0.3538867784725632,2432
27,false,0.800000110583701,0.676049031031668,-0.33446452619973005,2433
28,false,0.8000001109970882,0.676049031031668,-0.35385678611488114,2434
29,false,0.8000001110093349,0.676049031031668,-0.35475765801959863,2435
30,false,0.8000001109786846,0.676049031031668,-0.35233051832446705,2436
31,false,0.8000001107446387,0.676049031031668,-0.3413742965059191,2437
32,false,0.8000001109811403,0.676049031031668,-0.35447185195064823,2438
33,false,0.8000001106077255,0.676049031031668,-0.3311926553471549,2439
34,false,0.8000001105474348,0.676049031031668,-0.3277333136213967,2440
35,false,0.8000001104426018,0.676049031031668,-0.3371484368565031,2441
36,false,0.8000001089218917,0.676049031031668,-0.3042435703266034,2442
37,false,0.8000001110028726,0.676049031031668,-0.17845198271601748,2443
38,false,0.8000001106490704,0.676049031031668,-0.16408672363406718,2444
39,false,0.8000001109354445,0.6786537195073314,-0.1213463914281131,2445
40,false,0.8000001105114201,0.6786537195073314,-0.34071660958526845,2446
41,false,0.8000001108802769,0.6786537195073314,-0.3516993792637336,2447
42,false,0.8000001107788731,0.6786537195073314,-0.3508038032184788,2448
43,false,0.8000001108836982,0.6786537195073314,-0.35039961680972065,2449
44,false,0.8000001108677304,0.6786537195073314,-0.35035480499078153,2450
45,false,0.8000001108584274,0.6786537195073314,-0.17802927746161057,2451
46,false,0.8000001107810482,0.6786537195073314,-0.3525254035738481,2452
47,false,0.8000001108694089,0.6786537195073314,-0.17854001103197537,2453
48,false,0.8000001108332195,0.6786537195073314,-0.1778072607571013,2454
49,false,0.8000001108634502,0.6786537195073314,-0.3510489902402806,2455
50,false,0.8000001108729414,0.6786537195073314,-0.3520990956876621,2456
51,false,0.8000001107595691,0.6786537195073314,-0.17457688768098956,2457
52,false,0.8000001108663213,0.6786537195073314,-0.17838694172914482,2458
53,false,0.8000001108612889,0.6786537195073314,-0.1781979633038755,2459
54,false,0.8000001108202688,0.6786537195073314,-0.17755254455492797,2460
55,false,0.8000001108272445,0.6786537195073314,-0.35205614572221844,2461
56,false,0.8000001108670921,0.6786537195073314,-0.35167320792102014,2462
57,false,0.8000001108641159,0.6786537195073314,-0.17911724553277164,2463
58,false,0.8000001108517653,0.6786537195073314,-0.17814428856931774,2464
59,false,0.8000001108604611,0.6786537195073314,-0.17842508336074436,2465
60,false,0.8000001106604658,0.6786537195073314,-0.16929036528671904,2466
61,false,0.8000001108517296,0.6786537195073314,-0.35018969955570634,2467
62,false,0.8000001107839864,0.6786537195073314,-0.3474613373481139,2468
63,false,0.8000001108659608,0.6786537195073314,-0.17822092092663777,2469
64,false,0.8000001108666014,0.6786537195073314,-0.17904409361919682,2470
65,false,0.8000001108569529,0.6786537195073314,-0.17837550627949394,2471
66,false,0.8000001108463861,0.6786537195073314,-0.17800336653099258,2472
67,false,0.8000001108598555,0.6786537195073314,-0.17815210705247886,2473
68,false,0.8000001105893597,0.6786537195073314,-0.3395030763682083,2474
69,false,0.8000001108455692,0.7084399400623314,-0.09156017078323786,2475
70,false,0.8000001108123612,0.7084399400623314,-0.1837634912470799,2476
71,false,0.8000001104275271,0.7084399400623314,-0.16165745314741742,2477
72,false,0.8000001107435845,0.7084399400623314,-0.18216890104580397,2478
73,false,0.8000001107132594,0.7084399400623314,-0.17758769414645836,2479
74,false,0.8000001106957275,0.7084399400623314,-0.3499930486282253,2480
75,false,0.8000001106441903,0.7084399400623314,-0.17290637078038174,2481
76,false,0.8000001107363577,0.7084399400623314,-0.1778415342250712,2482
77,false,0.8000001106736703,0.7084399400623314,-0.174321687531526,2483
78,false,0.8000001107265277,0.7084399400623314,-0.34985424804659504,2484
79,false,0.8000001107385695,0.7084399400623314,-0.12075384778069909,2485
80,false,0.800000109892354,0.7084399400623314,-0.15686599265337842,2486
81,false,0.8000001091653774,0.7084399400623314,-0.3082392023149183,2487
82,false,0.8000001106780326,0.7084399400623314,-0.17707397524353163,2488
83,false,0.8000001106853989,0.7084399400623314,-0.12123372029261836,2489
84,false,0.8000001101483009,0.7084399400623314,-0.15798819081858173,2490
85,false,0.8000001104476485,0.7084399400623314,-0.34631593590327625,2491
86,false,0.8000001102671823,0.7084399400623314,-0.16055604226843556,2492
87,false,0.8000001105430341,0.7084399400623314,-0.35196083108260456,2493
88,false,0.8000001106410057,0.7084399400623314,-0.35315608623363043,2494
89,false,0.8000001106416121,0.7084399400623314,-0.35366811568872253,2495
90,false,0.8000001106396258,0.7084399400623314,-0.17874451395913715,2496
91,false,0.8000001105911337,0.7084399400623314,-0.17663538837853288,2497
92,false,0.8000001106224046,0.7084399400623314,-0.35212902840099003,2498
93,false,0.8000001106337922,0.7084399400623314,-0.17865183858393896,2499
94,false,0.8000001106297694,0.7084399400623314,-0.17815945902689934,2500
95,false,0.8000001106387723,0.7084399400623314,-0.17854846507644184,2501
96,false,0.8000001105632287,0.7084399400623314,-0.17447083049747103,2502
97,false,0.800000110450965,0.7084399400623314,-0.17077747548398292,2503
98,false,0.8000001105870851,0.7084399400623314,-0.1758450651865875,2504
99,false,0.800000110629131,0.7084399400623314,-0.1784259998466804,2505
100,false,0.800000110641945,0.7084399400623314,-0.3545007580194444,2506
101,false,0.8000001105656455,0.7084399400623314,-0.1760200865309678,2507
102,false,0.8000001106064077,0.7084399400623314,-0.17775283699520805,2508
103,false,0.8000001100799276,0.7084399400623314,-0.11084017893065246,2509
104,false,0.8000001106402782,0.7084399400623314,-0.35407337217105844,2510
105,false,0.8000001105928775,0.7084399400623314,-0.17706308707942153,2511
106,false,0.8000001106368555,0.7084399400623314,-0.3537566760293151,2512
107,false,0.8000001104460566,0.7084399400623314,-0.1700129086005825,2513
108,false,0.8000001101884198,0.7084399400623314,-0.15989528487224347,2514
109,false,0.8000001099019662,0.7084399400623314,-0.16278126008263694,2515
110,false,0.8000001100983275,0.7084399400623314,-0.16459932050961223,2516
111,false,0.8000001103799375,0.7084399400623314,-0.16943457118058147,2517
112,false,0.8000001105576868,0.7084399400623314,-0.17752816685484374,2518
113,false,0.8000001104765186,0.7084399400623314,-0.173501960960053,2519
114,false,0.8000001105361183,0.7084399400623314,-0.17662538084948376,2520
115,false,0.8000001104987646,0.7084399400623314,-0.17484106877427097,2521
116,false,0.8000001105625851,0.7084399400623314,-0.17800945509270805,2522
117,false,0.8000001105502067,0.7084399400623314,-0.3547971927698712,2523
118,false,0.8000001105612419,0.7084399400623314,-0.17771492006499512,2524
119,false,0.8000001105764414,0.7084399400623314,-0.17839438609585945,2525
120,false,0.8000001105747092,0.7084399400623314,-0.12091115214740678,2526
121,false,0.8000001080454553,0.7084399400623314,-0.3065391931194793,2527
122,false,0.8000001105362563,0.7116542632774499,-0.08834584725880645,2528
123,false,0.800000110546046,0.7116542632774499,-0.11879848677573601,2529
124,false,0.800000110557052,0.7116542632774499,-0.17900794460427494,2530
125,false,0.8000001105556562,0.7116542632774499,-0.17884699644812696,2531
126,false,0.8000001102398985,0.7116542632774499,-0.16792551448446635,2532
127,false,0.8000001105561528,0.7116542632774499,-0.1796122112396913,2533
128,false,0.8000001105525276,0.7116542632774499,-0.0902636767886843,2534
0,false,0.8000001104483223,0.45602603495995486,-0.34397407548836745,2519
1,false,0.800000110564965,0.6209463461331687,-0.17905376443179633,2520
2,false,0.8000001102759657,0.6819512199403919,-0.11804889033557386,2521
3,false,0.8000001105172371,0.6819512199403919,-0.17750360242701657,2522
4,false,0.8000001105692635,0.6819512199403919,-0.17923550921863118,2523
5,false,0.8000001105709931,0.6819512199403919,-0.17897835168582077,2524
6,false,0.8000001103963041,0.6819512199403919,-0.12834769943977076,2525
7,false,0.8000001046027793,0.6819512199403919,-0.13320111140368607,2526
8,false,0.8000001101538804,0.6819512199403919,-0.3257440460658939,2527
9,false,0.8000001105685407,0.6819512199403919,-0.17909231771765455,2528
10,false,0.8000001104173646,0.6838543850185443,-0.11614572539882029,2529
11,false,0.8000001105512641,0.6838543850185443,-0.1787713160702903,2530
12,false,0.8000001087778633,0.6838543850185443,-0.3592000867960402,2531
13,false,0.8000001103991339,0.6838543850185443,-0.12078293952679409,2532
14,false,0.8000001105707428,0.6838543850185443,-0.1207043145262181,2533
15,false,0.8000001105696494,0.6838543850185443,-0.12068604859153143,2534
16,false,0.800000110550412,0.6838543850185443,-0.17938452349996425,2535
17,false,0.8000001101305476,0.6838543850185443,-0.35460820088638406,2536
18,false,0.8000001103216161,0.6838543850185443,-0.3382752343391707,2537
19,false,0.8000001105561512,0.6838543850185443,-0.17887859731699063,2538
20,false,0.8000001101250074,0.6853071142278742,-0.11469299589713322,2539
21,false,0.8000001102209886,0.6853071142278742,-0.11544310083959042,2540
22,false,0.8000001105265946,0.6853071142278742,-0.3506273514847842,2541
23,false,0.8000001105568383,0.6853071142278742,-0.17887102382596776,2542
24,false,0.8000001105496273,0.6853071142278742,-0.17934765116463192,2543
25,false,0.8000001094152025,0.6853071142278742,-0.11562361892072026,2544
26,false,0.8000001105566625,0.6853071142278742,-0.17883157285972484,2545
27,false,0.8000001105629826,0.6853071142278742,-0.1211673858921617,2546
28,false,0.8000001105562915,0.6853071142278742,-0.1787031294912419,2547
29,false,0.8000001105617265,0.6853071142278742,-0.12039388993537381,2548
30,false,0.8000001105408402,0.6853071142278742,-0.1784077140339443,2549
31,false,0.8000001100134518,0.6853071142278742,-0.31881592355055877,2550
32,false,0.8000001048132206,0.6853071142278742,-0.2526235994160837,2551
33,false,0.8000001104734781,0.6853071142278742,-0.17659056667935313,2552
34,false,0.8000001105981555,0.6853071142278742,-0.3539428032108302,2553
35,false,0.8000001106148034,0.6853071142278742,-0.17915462979119556,2554
36,false,0.8000001105554444,0.6853071142278742,-0.12103438873679195,2555
37,false,0.8000001105509406,0.6853071142278742,-0.17848732608140438,2556
38,false,0.8000001079942293,0.6853071142278742,-0.27360711274636074,2557
39,false,0.8000001105552745,0.6853071142278742,-0.12074538939840473,2558
40,false,0.8000001105493519,0.6853071142278742,-0.17845256394065667,2559
41,false,0.8000001050943124,0.6853071142278742,-0.1270526611326146,2560
42,false,0.8000001105511555,0.7086666183950938,-0.09133349215606168,2561
43,false,0.8000001105974026,0.7086666183950938,-0.1810948504168226,2562
44,false,0.8000001100131464,0.7086666183950938,-0.11338093793682902,2563
45,false,0.8000001105388275,0.7086666183950938,-0.17959160389979056,2564
46,false,0.800000110591058,0.7086666183950938,-0.18085201216680447,2565
47,false,0.800000110558407,0.7086666183950938,-0.12055985867246821,2566
48,false,0.800000110549071,0.7086666183950938,-0.12038901511938083,2567
49,false,0.8000001106416839,0.7086666183950938,-0.18312106835157194,2568
50,false,0.8000001083359922,0.7086666183950938,-0.1476379418739865,2569
51,false,0.8000001096973413,0.7086666183950938,-0.15814100019268762,2570
52,false,0.8000001101311072,0.7086666183950938,-0.11817604901250311,2571
53,false,0.8000001103262133,0.7086666183950938,-0.11872582786648778,2572
54,false,0.8000001104329635,0.7086666183950938,-0.12072923664859081,2573
55,false,0.8000001103413811,0.7086666183950938,-0.11842055344879188,2574
56,false,0.8000001103421028,0.7086666183950938,-0.11642740877776236,2575
57,false,0.8000001097612807,0.7086666183950938,-0.3104911392641245,2576
58,false,0.8000001105303796,0.7086666183950938,-0.17937038794198168,2577
59,false,0.8000001103536115,0.7086666183950938,-0.1075977561410667,2578
60,false,0.8000001106292473,0.7086666183950938,-0.12291260438212614,2579
61,false,0.8000001105865758,0.7086666183950938,-0.1793827304102079,2580
62,false,0.8000001101978437,0.7086666183950938,-0.11213299825092415,2581
63,false,0.8000001103057959,0.7086666183950938,-0.10453584716751008,2582
64,false,0.8000001105189471,0.7086666183950938,-0.12226498501235372,2583
65,false,0.8000001103601829,0.7086666183950938,-0.17363452111672617,2584
66,false,0.8000001103125157,0.7086666183950938,-0.10487383818381468,2585
67,false,0.8000001082660502,0.7086666183950938,-0.14544538663842888,2586
68,false,0.8000001105487828,0.7086666183950938,-0.17917670146241926,2587
69,false,0.8000001103678194,0.7086666183950938,-0.1058648007135119,2588
70,false,0.8000001104622207,0.7086666183950938,-0.17652453555735959,2589
71,false,0.8000001105531731,0.7086666183950938,-0.12069493559357325,2590
72,false,0.8000001065612491,0.7086666183950938,-0.11682440080566225,2591
73,false,0.8000001105441403,0.7086666183950938,-0.1790542916187604,2592
74,false,0.8000001100306116,0.7648475319650812,-0.035152578065530404,2593
0,false,0.8000001105265941,0.6795074715502558,-0.12049263897633833,2723
1,false,0.8000001105302811,0.6795074715502558,-0.17870867315529715,2724
2,false,0.8000001105341836,0.6795074715502558,-0.17877549375362967,2725
3,false,0.8000001098631886,0.6907300614751404,-0.10927004838804821,2726
4,false,0.8000001103308853,0.6907300614751404,-0.17023323603298535,2727
5,false,0.8000000992519096,0.6907300614751404,-Inf,2728
6,false,0.8000001105002585,0.6907300614751404,-0.11902849134465132,2729
7,false,0.8000001033701758,0.6907300614751404,-Inf,2730
8,false,0.8000001245520982,0.6907300614751404,-0.3860712326436398,2731
9,false,0.8000001056560413,0.6907300614751404,-0.25781662401236005,2732
10,false,0.8000001105315959,0.6907300614751404,-0.12025863142973914,2733
11,false,0.8000000933422267,0.7306068663593926,-0.06939322698283401,2734
12,false,0.8000001105260445,0.7306068663593926,-0.12138856361576178,2735
13,false,0.800000110505918,0.7306068663593926,-0.1797434784725671,2736
14,false,0.80000011052243,0.7306068663593926,-0.1784177121971129,2737
15,false,0.8000001105141172,0.7306068663593926,-0.17796063207364676,2738
16,false,0.8000001105272198,0.7306068663593926,-0.1795095943223186,2739
17,false,0.8000001100586163,0.7306068663593926,-0.16339844623802968,2740
18,false,0.8000001105276098,0.7306068663593926,-0.12104684550603717,2741
19,false,0.8000001105252794,0.7306068663593926,-0.3568492816893435,2742
20,false,0.80000012173218,0.7306068663593926,-0.39437222564439317,2743
21,false,0.800000110540589,0.7306068663593926,-0.17932449550509133,2744
22,false,0.8000000955226687,0.7306068663593926,-0.0738799249483506,2745
23,false,0.8000001226044462,0.7306068663593926,-0.38118564610234423,2746
24,false,0.800000096485279,0.7306068663593926,-0.1515367991681852,2747
25,false,0.8000001105337189,0.7306068663593926,-0.35400829925333566,2748
26,false,0.8000001105301424,0.7306068663593926,-0.17939224905709183,2749
27,false,0.8000001304080306,0.7306068663593926,-0.3443325679899667,2750
28,false,0.8000001104896938,0.7306068663593926,-0.12099723289254416,2751
29,false,0.8000000953491141,0.7306068663593926,-0.07174873671890802,2752
30,false,0.8000001105314299,0.7306068663593926,-0.17944599104068215,2753
31,false,0.8000000918031834,0.7631976224807033,-0.0368024693224801,2754
32,false,0.8000001105185632,0.7631976224807033,-0.17817560134072685,2755
33,false,0.8000001105269001,0.7631976224807033,-0.17924344111543133,2756
34,false,0.8000000923189599,0.7641466547307181,-0.03585343758824178,2757
35,false,0.8000001104974572,0.7641466547307181,-0.11897154762219841,2758
36,false,0.8000001105321021,0.7641466547307181,-0.17925216091598295,2759
37,false,0.8000000932988913,0.7641466547307181,-0.06618844182433392,2760
38,false,0.8000000990178371,0.7641466547307181,-0.09519397293385978,2761
39,false,0.8000001104358786,0.7641466547307181,-0.1179522191252671,2762
40,false,0.8000001105261135,0.7641466547307181,-0.1787987682747979,2763
41,false,0.800000126597433,0.7641466547307181,-0.3977296958386431,2764
42,false,0.8000001263394467,0.7641466547307181,-0.3418301790302291,2765
43,false,0.8000001105451046,0.7641466547307181,-0.12135160120657107,2766
44,false,0.800000110544225,0.7641466547307181,-0.12113484949011277,2767
45,false,0.8000001105381194,0.7641466547307181,-0.17919574183002684,2768
46,false,0.8000001105386813,0.7641466547307181,-0.17885665410752072,2769
47,false,0.800000110543632,0.7641466547307181,-0.12094445296955059,2770
48,false,0.8000001105306884,0.7641466547307181,-0.12135963848914366,2771
49,false,0.8000001105421607,0.7641466547307181,-0.12092605657840239,2772
50,false,0.8000001105394595,0.7641466547307181,-0.12135103284969928,2773
51,false,0.8000001105386974,0.7641466547307181,-0.12129512984656587,2774
52,false,0.8000001105455974,0.7641466547307181,-0.12174768111040934,2775
53,false,0.8000001105363993,0.7641466547307181,-0.17885063392119338,2776
54,false,0.8000001105387825,0.7641466547307181,-0.12085430615859216,2777
55,false,0.8000001105287577,0.7641466547307181,-0.12168232709552729,2778
56,false,0.8000001105348494,0.7641466547307181,-0.12062687173603026,2779
57,false,0.8000001105372334,0.7641466547307181,-0.17903308524983186,2780
58,false,0.8000001105367641,0.7641466547307181,-0.12094736674035167,2781
59,false,0.8000001105409074,0.7844143611325194,-0.015585749408387972,2782
0,false,0.8000001105439525,0.6787368048382447,-0.12126330570570776,2672
1,false,0.8000001105367922,0.7845852996857345,-0.01541481085105767,2673
0,false,0.8000001105342417,0.6205644486626634,-0.17943566187157833,2669
1,false,0.8000001105354141,0.6209651177397268,-0.17903499279568724,2670
2,false,0.800000110536272,0.6209651177397268,-0.1791500406724178,2671
3,false,0.800000110539336,0.6793234664206335,-0.12067664411870249,2672
4,false,0.800000110536453,0.6793234664206335,-0.1209100869743992,2673
5,false,0.8000001105477712,0.6793234664206335,-0.12135922997913018,2674
6,false,0.8000001105370111,0.7843629478158681,-0.015637162721143016,2675
0,false,0.8000001105348906,0.6207795500299162,-0.17922056050497437,2677
1,false,0.8000001105348553,0.679109906844493,-0.1208902036903623,2678
2,false,0.8000001105448284,0.679109906844493,-0.18027619677560103,2679
3,false,0.8000001105415225,0.679109906844493,-0.17903580093941163,2680
4,false,0.8000001105409033,0.7844893812571248,-0.015510729283778502,2681
0,false,0.8000001034048037,0.5898904056503449,-0.21010969775445876,2680
1,false,0.8000001104599117,0.6804243468359172,-0.11957576362399447,2681
2,false,0.8000001104879051,0.6804243468359172,-0.17996440152679427,2682
3,false,0.8000001103425605,0.6805648095320115,-0.11943530081054898,2683
4,false,0.8000001105149506,0.6805648095320115,-0.17997779426729588,2684
5,false,0.8000001104691111,0.6805648095320115,-0.17713194561458268,2685
6,false,0.8000001105251011,0.6805648095320115,-0.17984879270427845,2686
7,false,0.8000001103366345,0.6805648095320115,-0.17310242589230884,2687
8,false,0.8000001105188863,0.6805648095320115,-0.17912610880770696,2688
9,false,0.8000000951590782,0.6826853348912371,-0.11731476026784116,2689
10,false,0.8000001231926452,0.6826853348912371,-Inf,2690
11,false,0.8000001105235567,0.6826853348912371,-0.17997108990354016,2691
12,false,0.8000001105234424,0.6826853348912371,-0.17843456666193092,2692
13,false,0.800000110426292,0.6908580614499714,-0.10914204897632063,2693
14,false,0.800000128768802,0.6908580614499714,-0.38213252224414357,2694
15,false,0.8000001105403276,0.6908580614499714,-0.12084189346918328,2695
16,false,0.8000001105386665,0.6908580614499714,-0.12125011369453165,2696
17,false,0.8000001105369188,0.6908580614499714,-0.11460165781793386,2697
18,false,0.8000001105413833,0.6908580614499714,-0.12156086271379807,2698
19,false,0.8000001105407832,0.7839269665731768,-0.016073143967606396,2699
20,false,0.8000001102901608,0.7839269665731768,-0.36933015065245445,2700
21,false,0.8000001102932582,0.7839269665731768,-0.3680443663387388,2701
22,false,0.8000001102915394,0.7839269665731768,-0.1204039861581333,2702
23,false,0.8000001102613681,0.7839269665731768,-0.36838373172702865,2703
24,false,0.8000001102884953,0.7839269665731768,-0.36794912866162877,2704
25,false,0.8000001102869514,0.7839269665731768,-0.36787761535441355,2705
26,false,0.8000001102944909,0.7839269665731768,-0.3680808716999064,2706
27,false,0.8000001102862512,0.7839269665731768,-0.12028302536293156,2707
28,false,0.8000001102852837,0.7839269665731768,-0.36737471257391024,2708
29,false,0.8000001102820737,0.7839269665731768,-0.3674040372893301,2709
30,false,0.8000001102793042,0.7839269665731768,-0.36716698022543837,2710
31,false,0.8000001102840074,0.7839269665731768,-0.36805411783132513,2711
32,false,0.8000001102839155,0.7839269665731768,-0.3672060485029261,2712
33,false,0.8000001102737007,0.7839269665731768,-0.36750643235125413,2713
34,false,0.8000001102812597,0.7839269665731768,-0.36717182648589863,2714
35,false,0.8000001102786491,0.7839269665731768,-0.12000033464771676,2715
36,false,0.8000001102900864,0.7839269665731768,-0.36769554553436967,2716
37,false,0.8000001102813271,0.7839269665731768,-0.12056687846649916,2717
38,false,0.8000001102724194,0.7839269665731768,-0.12051266406047778,2718
39,false,0.8000001102873191,0.7839269665731768,-0.12032236670271312,2719
40,false,0.8000001102780472,0.7839269665731768,-0.3677940625621071,2720
41,false,0.8000001102731248,0.7839269665731768,-0.3678060143495518,2721
42,false,0.8000001102819397,0.7839269665731768,-0.12042160167389715,2722
43,false,0.8000001102741188,0.7839269665731768,-0.11774605632883473,2723
44,false,0.8000001102842752,0.7839269665731768,-0.12030053546209196,2724
45,false,0.8000001102766121,0.7839269665731768,-0.12019178750033233,2725
46,false,0.8000001102779503,0.7839269665731768,-0.367948163280836,2726
47,false,0.8000001102740752,0.7839269665731768,-0.36760974052145956,2727
48,false,0.8000001102756823,0.7839269665731768,-0.36745289734509196,2728
49,false,0.8000001102708243,0.7839269665731768,-0.36760922772627075,2729
50,false,0.800000110271432,0.7839269665731768,-0.3677167071145494,2730
51,false,0.8000001102786433,0.7839269665731768,-0.3678238852523667,2731
52,false,0.8000001102726133,0.7839269665731768,-0.36766284574094704,2732
53,false,0.8000001102781895,0.7839269665731768,-0.36767540149338085,2733
54,false,0.8000001102681116,0.7839269665731768,-0.11774128353632674,2734
55,false,0.8000001102780941,0.7839269665731768,-0.3677398901082419,2735
56,false,0.8000001102738248,0.7839269665731768,-0.11762329939948613,2736
57,false,0.8000001102860268,0.7839269665731768,-0.11771049142366552,2737
58,false,0.8000001102731235,0.7839269665731768,-0.3675220509946423,2738
59,false,0.8000001102718772,0.7839269665731768,-0.36756059427351795,2739
60,false,0.8000001101710376,0.7839269665731768,-0.3688094837920479,2740
61,false,0.8000001102716441,0.7839269665731768,-0.3675653971646397,2741
62,false,0.8000001102682947,0.7839269665731768,-0.36791793290018715,2742
63,false,0.8000001102723997,0.7839269665731768,-0.11773280181212686,2743
64,false,0.8000001102710588,0.7839269665731768,-0.3677001341263313,2744
65,false,0.8000001102727763,0.7839269665731768,-0.3675996911685467,2745
66,false,0.8000001102708133,0.7839269665731768,-0.11775179267028191,2746
67,false,0.8000001102614884,0.7839269665731768,-0.1029205733311569,2747
68,false,0.8000001102716299,0.7839269665731768,-0.11782883502663433,2748
69,false,0.8000001102746165,0.7839269665731768,-0.3681131236429007,2749
70,false,0.8000001102710141,0.7839269665731768,-0.12014847742523371,2750
71,false,0.8000001102743048,0.7839269665731768,-0.3674964481924416,2751
72,false,0.8000001102657912,0.7839269665731768,-0.11752021610237695,2752
73,false,0.8000001102675142,0.7839269665731768,-0.367461790105532,2753
74,false,0.8000001102778022,0.7839269665731768,-0.09357809057476485,2754
75,false,0.8000001102702959,0.7839269665731768,-0.11762736865651235,2755
76,false,0.8000001102753139,0.7839269665731768,-0.1201029009255059,2756
77,false,0.800000110273731,0.7839269665731768,-0.10324986038091089,2757
78,false,0.8000001102717068,0.7839269665731768,-0.10313833358886637,2758
79,false,0.8000001102667065,0.7839269665731768,-0.367471293155806,2759
80,false,0.8000001102701646,0.7839269665731768,-0.10309780282451642,2760
81,false,0.8000001102708109,0.7839269665731768,-0.36735399549763376,2761
82,false,0.8000001102709382,0.7839269665731768,-0.11761889077871823,2762
83,false,0.8000001102724904,0.7839269665731768,-0.3675574633900712,2763
84,false,0.800000110266938,0.7839269665731768,-0.11761933875165831,2764
85,false,0.8000001102677601,0.7839269665731768,-0.3676769568887806,2765
86,false,0.8000001102713412,0.7839269665731768,-0.0934885520008375,2766
87,false,0.800000110271371,0.7839269665731768,-0.11763431410104719,2767
88,false,0.8000001102682033,0.7839269665731768,-0.11760161665424529,2768
89,false,0.8000001102703195,0.7839269665731768,-0.10327771395402674,2769
90,false,0.800000110269788,0.7839269665731768,-0.05167569483216139,2770
91,false,0.8000001102714616,0.7839269665731768,-0.06782773227670347,2771
92,false,0.8000001102612639,0.7839269665731768,-0.12032693895668534,2772
93,false,0.8000001102748854,0.7839269665731768,-0.028209008363692,2773
94,false,0.8000001102725708,0.7839269665731768,-0.06851750114565547,2774
95,false,0.8000001102702842,0.7839269665731768,-0.11750865316810577,2775
96,false,0.800000110265592,0.7839269665731768,-0.11753180208576441,2776
97,false,0.8000001102682396,0.7839269665731768,-0.02819354566727772,2777
0,false,0.8000001102706227,0.43259219649584313,-0.36740791377477955,2770
1,false,0.8000001102673462,0.43259219649584313,-0.3675232428285905,2771
2,false,0.8000001102687156,0.682436345444806,-0.11756376482390962,2772
3,false,0.8000001102795111,0.7252163563919637,-0.07478375388754743,2773
4,false,0.8000001102668404,0.7252163563919637,-0.11762391720717047,2774
5,false,0.8000001102682857,0.7252163563919637,-0.11759922301845926,2775
6,false,0.8000001102564882,0.7335848975684749,-0.06641521268801331,2776
7,false,0.800000110265712,0.7338074297985037,-0.06619268046720839,2777
8,false,0.8000001097784544,0.7338074297985037,-0.3461844246291072,2778
9,false,0.800000110268803,0.7717804195569293,-0.02821969071187369,2779
10,false,0.8000001098904369,0.7717804195569293,-0.3580042003643289,2780
11,false,0.8000001098944755,0.7717804195569293,-0.3583609086636347,2781
12,false,0.8000001098986148,0.7717804195569293,-0.3581176465768166,2782
13,false,0.8000001098974324,0.7717804195569293,-0.35817376062149064,2783
14,false,0.8000001098940227,0.7717804195569293,-0.12094284373141351,2784
15,false,0.800000109897882,0.7717804195569293,-0.3579888410112979,2785
16,false,0.8000001098852406,0.7717804195569293,-0.12121080644261562,2786
17,false,0.8000001098870849,0.7717804195569293,-0.12108780309581879,2787
18,false,0.8000001098857058,0.7717804195569293,-0.12105503381180349,2788
19,false,0.8000001098827069,0.7717804195569293,-0.12109298543565172,2789
20,false,0.8000001098903264,0.7717804195569293,-0.1211788477628657,2790
21,false,0.8000001098887743,0.7717804195569293,-0.12108892810642691,2791
22,false,0.8000001098820978,0.7717804195569293,-0.1210606428933848,2792
23,false,0.8000001098865751,0.7717804195569293,-0.1211585195512217,2793
24,false,0.8000001098839015,0.7717804195569293,-0.1210713903798315,2794
25,false,0.8000001098899682,0.7717804195569293,-0.1210567231233377,2795
26,false,0.8000001098889857,0.7717804195569293,-0.12095328835302477,2796
27,false,0.8000001098851622,0.7717804195569293,-0.12111670835668864,2797
28,false,0.8000001098842254,0.7717804195569293,-0.12104906532159565,2798
29,false,0.8000001099099165,0.7717804195569293,-0.11425310464978222,2799
30,false,0.8000001098858188,0.7717804195569293,-0.35820944949088385,2800
31,false,0.8000001098820813,0.7717804195569293,-0.12116099603060004,2801
32,false,0.800000109883354,0.7717804195569293,-0.12116048951715053,2802
33,false,0.8000001098816005,0.7717804195569293,-0.1212431024536329,2803
34,false,0.8000001098828107,0.7717804195569293,-0.12116537830046747,2804
35,false,0.8000001098896166,0.7717804195569293,-0.11806216335178554,2805
36,false,0.8000001098740883,0.7717804195569293,-0.11723810994947093,2806
37,false,0.8000001098674009,0.7717804195569293,-0.12108621426107169,2807
38,false,0.8000001098775298,0.7717804195569293,-0.12101595912966889,2808
39,false,0.8000001099402168,0.7717804195569293,-0.11795637031938777,2809
40,false,0.8000001098828842,0.7717804195569293,-0.12111854237797537,2810
41,false,0.8000001098867965,0.7717804195569293,-0.10576441661768388,2811
42,false,0.8000001098800338,0.7717804195569293,-0.1211967306579309,2812
43,false,0.800000109886325,0.7717804195569293,-0.1210324229963321,2813
44,false,0.8000001098870585,0.7717804195569293,-0.3587467021920712,2814
45,false,0.8000001098810647,0.7717804195569293,-0.12114625051619687,2815
46,false,0.800000109878869,0.7717804195569293,-0.12126792064830927,2816
47,false,0.8000001098818011,0.7717804195569293,-0.12118451246973527,2817
48,false,0.800000109883665,0.7717804195569293,-0.10581134022687899,2818
49,false,0.8000001098844508,0.7717804195569293,-0.1209467012209352,2819
50,false,0.8000001098816679,0.7717804195569293,-0.1057785261263634,2820
51,false,0.8000001098822335,0.7717804195569293,-0.09920410024014104,2821
52,false,0.8000001098864236,0.7717804195569293,-0.12109117482446696,2822
53,false,0.8000001098821828,0.7717804195569293,-0.03640464777502961,2823
0,false,0.800000105740289,0.6729557852669514,-0.12704432047333758,2818
1,false,0.8000000975617754,0.7575034224821031,-0.04249667507967225,2819
2,false,0.8000000971039349,0.7575034224821031,-0.06498684832680846,2820
3,false,0.8000001270669135,0.7575034224821031,-0.3741206052765277,2821
4,false,0.8000001091420395,0.7575034224821031,-0.3462572951370405,2822
5,false,0.8000001091345064,0.7575034224821031,-0.3455688620094707,2823
6,false,0.8000001091245283,0.7575034224821031,-0.3460859561665078,2824
7,false,0.8000001091246588,0.7575034224821031,-0.13136836993464207,2825
8,false,0.8000001090578829,0.7575034224821031,-0.35335926225809905,2826
9,false,0.8000001091237495,0.7575034224821031,-0.13113476795107004,2827
10,false,0.8000001091231287,0.7575034224821031,-0.3456292057849941,2828
11,false,0.8000001091178826,0.7575034224821031,-0.13034816367818047,2829
12,false,0.8000001091147428,0.7575034224821031,-0.3454623598006939,2830
13,false,0.8000001091152624,0.7575034224821031,-0.13030011223554017,2831
14,false,0.8000001091144062,0.7575034224821031,-0.13031361274937614,2832
15,false,0.8000001091191494,0.7575034224821031,-0.1301632230269817,2833
16,false,0.8000001091155249,0.7575034224821031,-0.34540692680708396,2834
17,false,0.8000001091149098,0.7575034224821031,-0.13068046000403022,2835
18,false,0.8000001091165877,0.7575034224821031,-0.11415443812133641,2836
19,false,0.8000001091022512,0.7575034224821031,-0.12925479656481786,2837
20,false,0.8000001091015325,0.7575034224821031,-0.12905581813348344,2838
21,false,0.800000109096333,0.7575034224821031,-0.34450051868404624,2839
22,false,0.8000001091029078,0.7575034224821031,-0.1292704981641396,2840
23,false,0.8000001091030514,0.7575034224821031,-0.1296198095812614,2841
24,false,0.8000001091036874,0.7575034224821031,-0.34428126394116393,2842
25,false,0.8000001091054229,0.7575034224821031,-0.13001776852805835,2843
26,false,0.8000001091006095,0.7575034224821031,-0.12891470169660801,2844
27,false,0.8000001091047105,0.7575034224821031,-0.34443443089207015,2845
28,false,0.8000001090846312,0.7575034224821031,-0.11323829668464125,2846
29,false,0.8000001090844477,0.7575034224821031,-0.12792520085537196,2847
30,false,0.800000109091475,0.7575034224821031,-0.12821521200351516,2848
31,false,0.8000001090852008,0.7575034224821031,-0.1282355538403428,2849
32,false,0.8000001090854219,0.7575034224821031,-0.128675156050568,2850
33,false,0.8000001090860038,0.7575034224821031,-0.11232990914505514,2851
34,false,0.8000001090773678,0.7575034224821031,-0.12734682652328522,2852
35,false,0.8000001090769433,0.7575034224821031,-0.34274633346344024,2853
36,false,0.8000001090190442,0.7575034224821031,-0.34571905542808273,2854
37,false,0.8000001090798474,0.7575034224821031,-0.34290089726954737,2855
38,false,0.8000001090738326,0.7575034224821031,-0.3430134157947211,2856
39,false,0.8000001090770599,0.7575034224821031,-0.11164405815808598,2857
40,false,0.8000001090760646,0.7575034224821031,-0.1269642429345551,2858
41,false,0.800000109077538,0.7575034224821031,-0.11168494283972297,2859
42,false,0.800000109073178,0.7575034224821031,-0.11152605879949917,2860
43,false,0.8000001090723241,0.7575034224821031,-0.34210808069512005,2861
44,false,0.8000001090705356,0.7575034224821031,-0.3416401617429769,2862
45,false,0.8000001090709086,0.7575034224821031,-0.11132462169343049,2863
46,false,0.8000001090671339,0.7575034224821031,-0.12619497199886243,2864
47,false,0.8000001090756277,0.7575034224821031,-0.3412113637721883,2865
48,false,0.8000001090647895,0.7575034224821031,-0.12623501096985446,2866
49,false,0.8000001090622862,0.7575034224821031,-0.11138617929913341,2867
50,false,0.8000001090616453,0.7575034224821031,-0.11168921968377121,2868
51,false,0.8000001090679418,0.7575034224821031,-0.11117469562570448,2869
52,false,0.800000109061195,0.7575034224821031,-0.11134812200960953,2870
53,false,0.8000001090596349,0.7575034224821031,-0.111305325704814,2871
54,false,0.8000001090628776,0.7575034224821031,-0.11115678302114385,2872
55,false,0.8000001090721645,0.7575034224821031,-0.1264481691781867,2873
56,false,0.8000001090610447,0.7575034224821031,-0.12660847549581178,2874
57,false,0.8000001090617226,0.7575034224821031,-0.11119155067926645,2875
58,false,0.8000001090563043,0.7575034224821031,-0.12657741138624323,2876
59,false,0.8000001090666634,0.7575034224821031,-0.11135270522901874,2877
60,false,0.8000001090617748,0.7575034224821031,-0.11133201855622932,2878
61,false,0.800000109055611,0.7575034224821031,-0.12652451070077952,2879
62,false,0.8000001090620925,0.7575034224821031,-0.34227368173928,2880
63,false,0.8000001090593739,0.7575034224821031,-0.111390401474729,2881
64,false,0.80000010905161,0.7575034224821031,-0.12762650292419142,2882
65,false,0.80000010905714,0.7575034224821031,-0.11119098730706523,2883
66,false,0.8000001090610076,0.7575034224821031,-0.13232289956844068,2884
67,false,0.8000001090689421,0.7575034224821031,-0.11125320773291203,2885
68,false,0.8000001090597103,0.7575034224821031,-0.11133865339244275,2886
69,false,0.800000109038529,0.7575034224821031,-0.111324215781606,2887
70,false,0.8000001090614224,0.7575034224821031,-0.11125462333206093,2888
71,false,0.800000109058784,0.7804621164428147,-0.019537992615969335,2889
0,false,0.8000001065678142,0.6433496149877954,-0.15665049158001876,2888
1,false,0.8000001065500378,0.6433496149877954,-0.35272530357476084,2889
2,false,0.8000001066051747,0.645380622756356,-0.15461948384881874,2890
3,false,0.8000001065799676,0.645380622756356,-0.351731513224111,2891
4,false,0.8000001064965402,0.645380622756356,-0.35105620577428387,2892
5,false,0.8000001065394898,0.645380622756356,-0.35231394641392816,2893
6,false,0.8000001065372089,0.645380622756356,-0.3515684472332922,2894
7,false,0.8000001063372618,0.6567688005631842,-0.1432313057740776,2895
8,false,0.8000001065215949,0.6567688005631842,-0.1576246040910445,2896
9,false,0.8000001065250073,0.6567688005631842,-0.35175382397333843,2897
10,false,0.8000001065282185,0.6567688005631842,-0.3528000888568754,2898
11,false,0.8000001065538366,0.6567688005631842,-0.3518663248427406,2899
12,false,0.8000001066274565,0.664693941213805,-0.13530616541365148,2900
13,false,0.8000001065225354,0.664693941213805,-0.1577780187441853,2901
14,false,0.800000106505055,0.664693941213805,-0.35200440659323035,2902
15,false,0.8000001065210223,0.664693941213805,-0.3541219232473385,2903
16,false,0.800000106510433,0.664693941213805,-0.35374449603905955,2904
17,false,0.8000001065048695,0.664693941213805,-0.1610785018310792,2905
18,false,0.8000001065104613,0.664693941213805,-0.3531116089107378,2906
19,false,0.8000001064910426,0.664693941213805,-0.3523014487001123,2907
20,false,0.8000001065132484,0.664693941213805,-0.16247646721104625,2908
21,false,0.8000001065054169,0.664693941213805,-0.3535158872052904,2909
22,false,0.8000001065104235,0.664693941213805,-0.16285822404618155,2910
23,false,0.8000001064870895,0.664693941213805,-0.16173103134804256,2911
24,false,0.8000001064564926,0.664693941213805,-0.16219180854280602,2912
25,false,0.8000001065100046,0.664693941213805,-0.3540501522002426,2913
26,false,0.8000001065136659,0.664693941213805,-0.1637599075830335,2914
27,false,0.8000001065168253,0.664693941213805,-0.16313085328511945,2915
28,false,0.8000001065043817,0.664693941213805,-0.16290732541032693,2916
29,false,0.8000001065098482,0.664693941213805,-0.1629082294972073,2917
30,false,0.8000001065065186,0.664693941213805,-0.1375741041684534,2918
31,false,0.8000001065032916,0.664693941213805,-0.15880999073122493,2919
32,false,0.8000001065010122,0.664693941213805,-0.15879153877855245,2920
33,false,0.8000001065079266,0.664693941213805,-0.1577128606614131,2921
34,false,0.8000001065433467,0.664693941213805,-0.35169998057804297,2922
35,false,0.8000001065015034,0.664693941213805,-0.15988364222037943,2923
36,false,0.8000001065014769,0.6648104818864381,-0.1351896246150388,2924
37,false,0.8000001065183883,0.6648104818864381,-0.16207273022231394,2925
38,false,0.8000001067283252,0.6743764757471535,-0.12562363098117169,2926
39,false,0.8000001064926359,0.6743764757471535,-0.1363061146871416,2927
40,false,0.8000001064917612,0.6743764757471535,-0.1609321316842076,2928
41,false,0.8000001064937643,0.6743764757471535,-0.1360591592923488,2929
42,false,0.800000106488872,0.6743764757471535,-0.13686993215146392,2930
43,false,0.8000001064815029,0.6743764757471535,-0.1608857555340507,2931
44,false,0.8000001064636916,0.6743764757471535,-0.13522491812030935,2932
45,false,0.8000001064667133,0.6743764757471535,-0.16039222331406,2933
46,false,0.8000001064693016,0.6743764757471535,-0.13688632275321722,2934
47,false,0.800000106464036,0.6743764757471535,-0.16133322550654283,2935
48,false,0.8000001064502362,0.6743764757471535,-0.16038862137376142,2936
49,false,0.8000001064573132,0.6743764757471535,-0.1357391298705588,2937
50,false,0.8000001064683339,0.6743764757471535,-0.16102561906490498,2938
51,false,0.8000001065497319,0.6743764757471535,-0.35325065227345853,2939
52,false,0.8000001064943327,0.6743764757471535,-0.15308744783395944,2940
53,false,0.8000001064574457,0.6743764757471535,-0.16090656033282313,2941
54,false,0.8000001064620221,0.6743764757471535,-0.16053344537463976,2942
55,false,0.8000001064677603,0.6743764757471535,-0.137104534063213,2943
56,false,0.800000106443677,0.6743764757471535,-0.1590970470790356,2944
57,false,0.8000001064612923,0.6743764757471535,-0.16077793986293654,2945
58,false,0.8000001064642512,0.6743764757471535,-0.13612951970203335,2946
59,false,0.8000001064649505,0.6743764757471535,-0.13658162983050404,2947
60,false,0.8000001064628197,0.6743764757471535,-0.13713938169214035,2948
61,false,0.8000001064606178,0.6743764757471535,-0.1605570108090293,2949
62,false,0.8000001064121586,0.6743764757471535,-0.1358834169601456,2950
63,false,0.8000001064448259,0.6743764757471535,-0.1612236480917275,2951
64,false,0.8000001064588039,0.6743764757471535,-0.13640637786461862,2952
65,false,0.8000001064500804,0.6743764757471535,-0.16063359515781406,2953
66,false,0.8000001064505023,0.6743764757471535,-0.13659237393604784,2954
67,false,0.8000001064563472,0.6743764757471535,-0.13672463377587407,2955
68,false,0.8000001064505615,0.6743764757471535,-0.13686731112878303,2956
69,false,0.8000001064490951,0.6743764757471535,-0.1606474231920335,2957
70,false,0.8000001064451251,0.6743764757471535,-0.1590141330234499,2958
71,false,0.800000106443163,0.6743764757471535,-0.13456344399415088,2959
72,false,0.8000001064537401,0.6743764757471535,-0.13655747820129294,2960
73,false,0.8000001064483337,0.6743764757471535,-0.13700551744981626,2961
74,false,0.8000001064529955,0.6743764757471535,-0.1607366571598523,2962
75,false,0.8000001064698845,0.6743764757471535,-0.16110209042400425,2963
76,false,0.8000001064477075,0.6743764757471535,-0.1605723580179056,2964
77,false,0.800000106464877,0.6743764757471535,-0.13626117232820256,2965
78,false,0.8000001065209117,0.6743764757471535,-0.16014705066349288,2966
79,false,0.8000001064441519,0.6743764757471535,-0.16054466215617103,2967
80,false,0.8000001064590059,0.6743764757471535,-0.161189747077639,2968
81,false,0.8000001064474499,0.6743764757471535,-0.1605925910373277,2969
82,false,0.80000010644935,0.6743764757471535,-0.13685541195676598,2970
83,false,0.8000001064452442,0.6743764757471535,-0.13667263560579435,2971
84,false,0.8000001064481885,0.6743764757471535,-0.16128887491153954,2972
85,false,0.8000001064537576,0.6743764757471535,-0.16128503717579779,2973
86,false,0.8000001064563137,0.6743764757471535,-0.13773089857254817,2974
87,false,0.8000001057305312,0.693517923753395,-0.1064821819771361,2975
88,false,0.8000001065956506,0.693517923753395,-0.3540870870517885,2976
89,false,0.8000001064569304,0.693517923753395,-0.13645417227803613,2977
90,false,0.8000001025064627,0.693517923753395,-0.11210469417363922,2978
91,false,0.8000001063004913,0.693517923753395,-0.1518421886189376,2979
92,false,0.8000001064536586,0.693517923753395,-0.1369371660261013,2980
93,false,0.8000001058160084,0.693517923753395,-0.10987104458053709,2981
94,false,0.8000001064330166,0.693517923753395,-0.16057021013924622,2982
95,false,0.8000001064508927,0.693517923753395,-0.13698117562831513,2983
96,false,0.8000001064475631,0.693517923753395,-0.13701658168079345,2984
97,false,0.8000001064511875,0.693517923753395,-0.13650517857615552,2985
98,false,0.8000001064556873,0.693517923753395,-0.16086852102525662,2986
99,false,0.8000001064436871,0.7025574007168176,-0.09744270572686953,2987
100,false,0.8000001064470027,0.7025574007168176,-0.16129259580770638,2988
101,false,0.8000001064388113,0.7025574007168176,-0.13678094002773256,2989
102,false,0.8000001064320117,0.7025574007168176,-0.1606793314114836,2990
103,false,0.8000001064494441,0.7443801279283758,-0.05561997852106826,2991
0,false,0.8000001018750156,0.6923260248391608,-0.10767407703585474,2981
1,false,0.8000001053367067,0.6923260248391608,-0.1389254501230689,2982
2,false,0.8000001023514919,0.6923260248391608,-0.11283394856970652,2983
3,false,0.8000001059279485,0.6923260248391608,-0.3340049381428195,2984
4,false,0.8000001046583813,0.6923260248391608,-Inf,2985
5,false,0.8000001063651281,0.6923260248391608,-0.1134996737172248,2986
6,false,0.8000001064427225,0.698065505608275,-0.1019346008344475,2987
7,false,0.8000001064376695,0.698065505608275,-0.13708357555212203,2988
8,false,0.8000001064446907,0.7444425659978158,-0.05555754044687489,2989
0,false,0.8000001064422176,0.6386998343126514,-0.1613002721295662,2970
1,false,0.8000001064587287,0.6633314779831438,-0.1366686284755848,2971
2,false,0.8000001064488038,0.7442945731732077,-0.05570553327559613,2972
0,false,0.8000001059028323,0.683516857965675,-0.11648324793715736,2971
1,false,0.8000001050854276,0.683516857965675,-0.15012415462019435,2972
2,false,0.8000001060751114,0.6877638803736495,-0.11223622570146186,2973
3,false,0.8000001063475112,0.6877638803736495,-0.15687618089298228,2974
4,false,0.8000001009168218,0.6940763640650234,-0.10592373685179846,2975
5,false,0.8000001042330838,0.6940763640650234,-0.1378384046391522,2976
6,false,0.800000106319517,0.6940763640650234,-0.12929599012651705,2977
7,false,0.8000001039952492,0.6940763640650234,-0.30295367050021993,2978
8,false,0.8000001061866093,0.6940763640650234,-0.1292444110132417,2979
9,false,0.8000001058910031,0.6943075026338532,-0.10569260325714991,2980
10,false,0.8000001043496563,0.6943075026338532,-0.29592274750018355,2981
11,false,0.8000001060337907,0.6943075026338532,-0.11084763102405781,2982
12,false,0.8000001057123689,0.6943075026338532,-0.16463458318436608,2983
13,false,0.8000001062843887,0.6943075026338532,-0.35367806615355457,2984
14,false,0.8000001025105461,0.6943075026338532,-0.16452342708839351,2985
15,false,0.8000001063151172,0.6943075026338532,-0.14186205298429622,2986
16,false,0.8000001058464548,0.6943075026338532,-0.335961575173493,2987
17,false,0.8000001058197076,0.6943075026338532,-0.32670671797308193,2988
18,false,0.8000001061658533,0.6943075026338532,-0.11462711500571854,2989
19,false,0.8000001061898259,0.6943075026338532,-0.12991906097844108,2990
20,false,0.8000001061988918,0.6943075026338532,-0.1308508116777659,2991
21,false,0.800000105987527,0.6943075026338532,-0.3410179621847833,2992
22,false,0.8000001059918186,0.6943075026338532,-0.12030284912075706,2993
23,false,0.8000001058233774,0.6943075026338532,-0.16797905894375376,2994
24,false,0.8000001061563848,0.6943075026338532,-0.11117016832867033,2995
25,false,0.8000001045420342,0.7358588564967756,-0.06414124804525856,2996
26,false,0.8000001062115357,0.7358588564967756,-0.13313010814957305,2997
27,false,0.8000001063646363,0.7358588564967756,-0.35120069291894684,2998
28,false,0.8000001047524244,0.7358588564967756,-0.1465959725335949,2999
29,false,0.8000001056144227,0.7637242966765209,-0.03627580893790183,3000
0,false,0.8000001061206191,0.6754163834828205,-0.1245837226377986,3006
1,false,0.8000001061912405,0.6754163834828205,-0.1312000257052066,3007
2,false,0.8000001056696285,0.6754163834828205,-0.16534817721067852,3008
3,false,0.8000001211746428,0.6754163834828205,-0.39984924501186103,3009
4,false,0.8000001059916528,0.6754163834828205,-0.1796416222838222,3010
5,false,0.800000103963104,0.6879704925527728,-0.11202961141033119,3011
6,false,0.8000001039098381,0.7136452552996739,-0.08635484861016418,3012
7,false,0.800000105664165,0.7136452552996739,-0.16532024248927835,3013
8,false,0.800000104851256,0.7136452552996739,-0.31994959236809606,3014
9,false,0.8000001043615657,0.7136452552996739,-0.0903516230756003,3015
10,false,0.8000001046741569,0.7160449686543358,-0.08395513601982119,3016
11,false,0.8000001061911152,0.7160449686543358,-0.1440168318858852,3017
12,false,0.8000001013176411,0.7160449686543358,-0.2580606196977253,3018
13,false,0.8000001033120889,0.7160449686543358,-0.3080193486403937,3019
14,false,0.800000105481944,0.7160449686543358,-0.17560207413161355,3020
15,false,0.8000001062815896,0.7160449686543358,-0.15191654374358865,3021
16,false,0.8000001037437635,0.7160449686543358,-0.30020764032532476,3022
17,false,0.8000001026027131,0.7160449686543358,-0.2921540948749498,3023
18,false,0.8000001052207503,0.7160449686543358,-0.17281629170956114,3024
19,false,0.8000001060857376,0.7160449686543358,-0.18416904604366557,3025
20,false,0.8000001061426052,0.7160449686543358,-0.35778922972908,3026
21,false,0.8000001047729914,0.7160449686543358,-0.3195339129082717,3027
22,false,0.8000000991783732,0.7193520465191344,-0.0806480526592388,3028
23,false,0.8000001011429111,0.7193520465191344,-0.2549780621029192,3029
24,false,0.8000001026281351,0.7193520465191344,-0.28050293127685844,3030
25,false,0.800000105950192,0.7193520465191344,-0.17930421601216306,3031
26,false,0.8000001054387165,0.7193520465191344,-0.16943264087029664,3032
27,false,0.8000001056351373,0.7879626089917138,-0.012037496643423573,3033
0,false,0.8000001063421007,0.642159463300089,-0.15784064304201173,3030
1,false,0.8000001000200833,0.6983341011605564,-0.10166599885952687,3031
2,false,0.8000001063771984,0.6983341011605564,-0.13520821705999242,3032
3,false,0.8000000982124161,0.7146933278199676,-0.0853067703924485,3033
4,false,0.8000001041053796,0.7146933278199676,-0.14122926271470748,3034
5,false,0.8000000967541696,0.7259408983577893,-0.07405919839638031,3035
6,false,0.8000001046187446,0.7259408983577893,-0.2988230949189479,3036
7,false,0.8000001026724972,0.7259408983577893,-0.12934059619954796,3037
8,false,0.8000000928713605,0.733599242490094,-0.06640085038126653,3038
9,false,0.8000001040594773,0.733599242490094,-0.13110221594594207,3039
10,false,0.8000001008553221,0.733599242490094,-0.25760577020382724,3040
11,false,0.8000001012781096,0.733599242490094,-0.234207256121714,3041
12,false,0.8000001059323605,0.733599242490094,-0.11995325627984044,3042
13,false,0.800000098766837,0.733599242490094,-0.19373985936811478,3043
14,false,0.8000000949444513,0.7390698130710756,-0.06093028187337579,3044
15,false,0.8000001062749882,0.7390698130710756,-0.15269298221411054,3045
16,false,0.8000000966941399,0.7390698130710756,-0.08964963442043006,3046
17,false,0.800000103554682,0.7390698130710756,-0.1338369387197158,3047
18,false,0.8000001060748128,0.7390698130710756,-0.1235165213552536,3048
19,false,0.8000001043533548,0.7390698130710756,-0.1559350454027889,3049
20,false,0.8000001002601891,0.7390698130710756,-0.22662548620401002,3050
21,false,0.8000001057645079,0.7390698130710756,-0.16744598593976812,3051
22,false,0.8000000954506438,0.7390698130710756,-0.08016751632864916,3052
23,false,0.8000000995083536,0.7390698130710756,-0.07293238612078545,3053
24,false,0.8000001035604534,0.7390698130710756,-0.144686900056886,3054
25,false,0.800000093531431,0.7390698130710756,-0.08214642430129104,3055
26,false,0.8000001001671118,0.7390698130710756,-0.22019440690457182,3056
27,false,0.800000105841515,0.7390698130710756,-0.16990300079132925,3057
28,false,0.8000000963155532,0.7390698130710756,-0.0896491957611647,3058
29,false,0.8000001039182564,0.7390698130710756,-0.2913671549918109,3059
30,false,0.800000105762474,0.7740060900883176,-0.02599401567415649,3060
0,false,0.8000001014891126,0.6610944656925049,-0.13890563579660775,3065
1,false,0.8000001063248225,0.6773864258074771,-0.12261368051734545,3066
2,false,0.800000106360572,0.6773864258074771,-0.13267235456418947,3067
3,false,0.8000001061637747,0.6827692559954419,-0.11723085016833279,3068
4,false,0.8000001063319901,0.6827692559954419,-0.1456278663825603,3069
5,false,0.8000001063150772,0.6827692559954419,-0.12207286311273002,3070
6,false,0.8000001063202133,0.6827692559954419,-0.12357927434853955,3071
7,false,0.8000001001470503,0.6827692559954419,-0.1272178022840652,3072
8,false,0.8000001063405493,0.6827692559954419,-0.1462014518838337,3073
9,false,0.8000001063517086,0.6827692559954419,-0.13002766440838154,3074
10,false,0.8000001056830434,0.6827692559954419,-0.14293382057959625,3075
11,false,0.8000001062632984,0.7414494568258931,-0.05855064943740529,3076
0,false,0.800000096495316,-Inf,-Inf,3078
1,false,0.8000001140256551,0.4000067187303786,-0.3999933952952765,3079
2,false,0.8000001028620664,0.531544915127102,-0.26845518773496435,3080
3,false,0.8000001061697202,0.6578185225279528,-0.14218158364176736,3081
4,false,0.8000001058942368,0.6841966909430359,-0.11580341495120083,3082
5,false,0.8000001059810529,0.6841966909430359,-0.12070403667695517,3083
6,false,0.8000001061257053,0.6841966909430359,-0.12683835190778436,3084
7,false,0.8000000999875594,0.6841966909430359,-0.24423194781225543,3085
8,false,0.8000001061841971,0.6841966909430359,-0.13101238548599414,3086
9,false,0.8000001062680473,0.7386193328315196,-0.0613807734365277,3087
0,false,0.8000001064157756,0.6458574776171638,-0.15414262879861174,3082
1,false,0.8000001064107123,0.6458574776171638,-0.15426740798350347,3083
2,false,0.8000001064142988,0.6458574776171638,-0.15428286002637326,3084
3,false,0.8000001064256105,0.6684838383978012,-0.13151626802780925,3085
4,false,0.8000001064142858,0.6684838383978012,-0.15429147484510852,3086
5,false,0.800000106412753,0.6684838383978012,-0.15430785079058973,3087
6,false,0.8000001064088733,0.6684838383978012,-0.1544265203202656,3088
7,false,0.8000001064176016,0.6684838383978012,-0.13164592943026554,3089
8,false,0.800000106414713,0.6684838383978012,-0.13164469993924777,3090
9,false,0.8000001064169849,0.6684838383978012,-0.13158142758280056,3091
10,false,0.8000001064161495,0.6684838383978012,-0.13153649254930366,3092
11,false,0.8000001064128766,0.6684838383978012,-0.1544292807112444,3093
12,false,0.8000001064157205,0.6849946626572565,-0.115005443758464,3094
13,false,0.8000001064162697,0.6849946626572565,-0.1542732723130238,3095
14,false,0.8000001064082909,0.6849946626572565,-0.1544089648067627,3096
15,false,0.8000001064135759,0.6849946626572565,-0.1315133824219198,3097
16,false,0.8000001064221292,0.6926957783670992,-0.10730432805502998,3098
17,false,0.8000001064021423,0.7479027359877848,-0.05209737041435747,3099
0,false,0.800000101279942,0.6569387534675601,-0.1430613478123819,3097
1,false,0.8000001012705472,0.6569387534675601,-0.14368947981132585,3098
2,false,0.800000101251305,0.6569387534675601,-0.1432500251820642,3099
3,false,0.800000101230953,0.6576807159799254,-0.1423193852510276,3100
4,false,0.8000001011993383,0.6576807159799254,-0.1824719342511022,3101
5,false,0.8000001008713062,0.6607507063214271,-0.13924939454987917,3102
6,false,0.8000001012488694,0.6607507063214271,-0.14256093590827612,3103
7,false,0.8000001012368954,0.6607507063214271,-0.14261523961177214,3104
8,false,0.8000001012212681,0.6607507063214271,-0.14223990570489553,3105
9,false,0.8000001011530015,0.6607507063214271,-0.14149522535460268,3106
10,false,0.8000001012612806,0.6607507063214271,-0.14351105832272315,3107
11,false,0.8000001011266635,0.6649433650246944,-0.1350567361019691,3108
12,false,0.8000001012154516,0.6649433650246944,-0.14194872744897413,3109
13,false,0.8000001012425545,0.6649433650246944,-0.1377160696269739,3110
14,false,0.8000001012531741,0.6747563810286706,-0.12524372022450347,3111
15,false,0.8000001011573356,0.6747563810286706,-0.13375809876017963,3112
16,false,0.8000001012456205,0.6747563810286706,-0.14158646348663984,3113
17,false,0.8000001001292862,0.6747563810286706,-0.1259523887308447,3114
18,false,0.8000001012933768,0.6784287524447528,-0.12157134884862408,3115
19,false,0.8000001013277221,0.6784287524447528,-0.13764552693968235,3116
20,false,0.8000001012358872,0.6784287524447528,-0.12365941316248696,3117
21,false,0.8000001012323995,0.6784287524447528,-0.13990074860620705,3118
22,false,0.8000001012356153,0.6811397722723918,-0.11886032896322352,3119
23,false,0.80000010126049,0.6811397722723918,-0.14082485172271775,3120
24,false,0.8000001013232987,0.6811397722723918,-0.12299002094375522,3121
25,false,0.8000001012277987,0.6811397722723918,-0.12353964950509322,3122
26,false,0.8000001012134083,0.6811397722723918,-0.13923627268061634,3123
27,false,0.8000001006810314,0.6811397722723918,-0.3512303207602302,3124
28,false,0.8000001012472375,0.6811397722723918,-0.14133070305604012,3125
29,false,0.8000001012220338,0.6811397722723918,-0.1231942598755057,3126
30,false,0.8000001012320024,0.6811397722723918,-0.1400008447946013,3127
31,false,0.8000001013850684,0.6811397722723918,-0.12190465352543656,3128
32,false,0.8000001012426262,0.6811397722723918,-0.13977872546417336,3129
33,false,0.8000001012144544,0.6811397722723918,-0.13992433998211828,3130
34,false,0.8000001012199454,0.6811397722723918,-0.13966986729822795,3131
35,false,0.8000001012226663,0.6811397722723918,-0.12323367212462599,3132
36,false,0.800000101233655,0.6811397722723918,-0.12330282782939139,3133
37,false,0.8000001011078938,0.6811397722723918,-0.18573645060803057,3134
38,false,0.8000001011938901,0.6811397722723918,-0.1391609526242895,3135
39,false,0.8000001012391778,0.6811397722723918,-0.12317179728924121,3136
40,false,0.8000001012178833,0.6811397722723918,-0.13992684289645263,3137
41,false,0.8000001012164164,0.6811397722723918,-0.12318008801500413,3138
42,false,0.8000001013082813,0.6811397722723918,-0.14169163504463433,3139
43,false,0.8000001012273409,0.6811397722723918,-0.12311871813808783,3140
44,false,0.8000001011280224,0.7548707588029384,-0.04512934232508403,3141
45,false,0.8000000996873305,0.7548707588029384,-0.13989058903885176,3142
46,false,0.8000000989829498,0.7548707588029384,-0.12777426243046974,3143
47,false,0.800000092250615,0.7548707588029384,-0.13885984156727094,3144
48,false,0.8000000923245236,0.7548707588029384,-0.062440218486426224,3145
49,false,0.8000000971832257,0.7548707588029384,-0.21480153932090418,3146
50,false,0.8000000982682796,0.7548707588029384,-0.11607712086056787,3147
51,false,0.8000000943544578,0.7548707588029384,-0.17858436308978787,3148
52,false,0.8000001124837937,0.7548707588029384,-0.33789958648373397,3149
53,false,0.8000001012070094,0.7548707588029384,-0.1230095859496646,3150
54,false,0.8000001012148218,0.7548707588029384,-0.14159188258529354,3151
55,false,0.8000001012142239,0.7548707588029384,-0.14146001485827453,3152
56,false,0.800000101215874,0.7548707588029384,-0.14162849998578553,3153
57,false,0.8000001012071736,0.7548707588029384,-0.14133508462814048,3154
58,false,0.8000001012122031,0.7548707588029384,-0.1422147086693477,3155
59,false,0.8000001012160903,0.7548707588029384,-0.1419829981525388,3156
60,false,0.8000001012172335,0.7548707588029384,-0.14162070060775256,3157
61,false,0.8000001012128283,0.7548707588029384,-0.14177438914125895,3158
62,false,0.800000101216735,0.7548707588029384,-0.1420610745321953,3159
63,false,0.8000001012177796,0.7548707588029384,-0.14189173175951553,3160
64,false,0.8000000995979305,0.7548707588029384,-0.13085846001249168,3161
65,false,0.8000001012124207,0.7548707588029384,-0.1413667796149336,3162
66,false,0.8000001012143322,0.7548707588029384,-0.14171217890456134,3163
67,false,0.8000001012141656,0.7548707588029384,-0.12355918220171602,3164
68,false,0.8000001012086436,0.7548707588029384,-0.122818601129009,3165
69,false,0.8000001012077752,0.7548707588029384,-0.14127780342572327,3166
70,false,0.800000101208224,0.7548707588029384,-0.14081716470672812,3167
71,false,0.8000000987891343,0.7548707588029384,-0.1729151003314221,3168
72,false,0.8000001012019854,0.7548707588029384,-0.14094766117028257,3169
73,false,0.8000001012042368,0.7548707588029384,-0.14104159978258113,3170
74,false,0.8000001012045921,0.7548707588029384,-0.12363618289174416,3171
75,false,0.80000010120446,0.7548707588029384,-0.14038600391118483,3172
76,false,0.8000001012037834,0.7548707588029384,-0.140988698473,3173
77,false,0.8000001012050153,0.7548707588029384,-0.12244501205129632,3174
78,false,0.8000001011998296,0.7548707588029384,-0.14034198829080002,3175
79,false,0.800000101203792,0.7548707588029384,-0.14082430436512106,3176
80,false,0.8000001012016322,0.7548707588029384,-0.1410993919186836,3177
81,false,0.8000001011778088,0.7548707588029384,-0.14024355192051452,3178
82,false,0.8000001011914355,0.7548707588029384,-0.12296865000704438,3179
83,false,0.8000001011996015,0.7548707588029384,-0.12275512469490535,3180
84,false,0.8000001011926791,0.7548707588029384,-0.12278323993171858,3181
85,false,0.8000001011891116,0.7548707588029384,-0.12297152496933683,3182
86,false,0.8000001011964648,0.7548707588029384,-0.12264304454618691,3183
87,false,0.8000001011989546,0.7548707588029384,-0.12279841462148977,3184
88,false,0.8000001012008451,0.7548707588029384,-0.14156607651801978,3185
89,false,0.800000101201427,0.7548707588029384,-0.12311999175523203,3186
90,false,0.8000001011978239,0.7548707588029384,-0.12283913012366754,3187
91,false,0.8000001011977215,0.7548707588029384,-0.12267706316292981,3188
92,false,0.8000001011938853,0.7548707588029384,-0.1231150354829127,3189
93,false,0.8000000990619534,0.7548707588029384,-0.11959365873831707,3190
94,false,0.8000001011965556,0.7548707588029384,-0.12276984058360829,3191
95,false,0.8000001011948357,0.7548707588029384,-0.12265156085315443,3192
96,false,0.8000001012211334,0.7548707588029384,-0.12211982704416158,3193
97,false,0.8000001011940856,0.7548707588029384,-0.12270492720751747,3194
98,false,0.8000001011947371,0.7548707588029384,-0.12301440378792317,3195
99,false,0.8000001011709045,0.7548707588029384,-0.12233484258543537,3196
100,false,0.8000001011993813,0.7548707588029384,-0.1225984668324811,3197
101,false,0.8000001011981427,0.7548707588029384,-0.12278303926793022,3198
102,false,0.8000001011955387,0.7548707588029384,-0.1409518097329968,3199
103,false,0.800000101198974,0.7548707588029384,-0.14195104164645356,3200
104,false,0.8000001012022139,0.7548707588029384,-0.12350593446944913,3201
105,false,0.8000001012875266,0.7548707588029384,-0.12405430573965492,3202
106,false,0.8000001012203897,0.7548707588029384,-0.14130013837503042,3203
107,false,0.8000001011959038,0.7548707588029384,-0.12275950546441372,3204
108,false,0.8000001011944077,0.7548707588029384,-0.14070062025298424,3205
109,false,0.8000001011964032,0.7548707588029384,-0.12285847098313885,3206
110,false,0.8000001012289077,0.7548707588029384,-0.36227958347556344,3207
111,false,0.8000001011950165,0.7548707588029384,-0.14048268037281242,3208
112,false,0.8000001011949952,0.7548707588029384,-0.14096562099016563,3209
113,false,0.8000001011957384,0.7548707588029384,-0.1164161388396795,3210
114,false,0.8000001011936237,0.7548707588029384,-0.12273136180235134,3211
115,false,0.8000001011676294,0.7548707588029384,-0.12189742142408033,3212
116,false,0.8000001011970753,0.7548707588029384,-0.11655928862897957,3213
117,false,0.800000101193484,0.7548707588029384,-0.14132893161299032,3214
118,false,0.8000001011946571,0.7548707588029384,-0.12296829652276531,3215
119,false,0.800000101196996,0.7548707588029384,-0.1408555288052552,3216
120,false,0.8000001011933557,0.7548707588029384,-0.12314056726562184,3217
121,false,0.8000001011929102,0.7548707588029384,-0.14101905851615137,3218
122,false,0.8000001011943141,0.7548707588029384,-0.11626721610480417,3219
123,false,0.8000001011926718,0.7548707588029384,-0.140774645636489,3220
124,false,0.8000001011964288,0.7548707588029384,-0.11614118726808265,3221
125,false,0.8000001011961676,0.7548707588029384,-0.14064360708951384,3222
126,false,0.8000001012058157,0.7548707588029384,-0.1229203982206768,3223
127,false,0.800000101189823,0.7548707588029384,-0.11607844174272641,3224
128,false,0.8000000999257635,0.7548707588029384,-0.1918558651290454,3225
0,false,0.8000000932510274,0.7278538947490786,-0.07214619850194881,3285
1,false,0.800000101195332,0.7278538947490786,-0.14102357110518304,3286
2,false,0.8000000992441959,0.7278538947490786,-0.1320273998340995,3287
3,false,0.8000001005371097,0.7278538947490786,-0.12870233430441858,3288
4,false,0.8000001003199931,0.7278538947490786,-0.149709847882307,3289
5,false,0.8000000971283597,0.7278538947490786,-0.09741880581960927,3290
6,false,0.8000000999429144,0.7278538947490786,-0.14158681556646902,3291
7,false,0.8000001002524156,0.7543320054003555,-0.04566809485206014,3292
0,false,0.8000001011919468,0.6838202645198042,-0.1161798366721426,3280
1,false,0.800000100999841,0.6838202645198042,-0.35566182862716245,3281
2,false,0.8000001011932963,0.6838202645198042,-0.14378031316974715,3282
3,false,0.8000001002976239,0.7553302520774469,-0.044669848220177055,3283
0,false,0.8000001011826052,0.6838744225119523,-0.11612567867065293,3354
1,false,0.8000001011881819,0.6839368711077005,-0.11606323008048136,3355
2,false,0.8000001011979633,0.6839368711077005,-0.11619142808259397,3356
3,false,0.8000001011898157,0.6839368711077005,-0.11615059934916727,3357
4,false,0.8000001012628102,0.6839368711077005,-0.14202703706895325,3358
5,false,0.8000001011923603,0.6839368711077005,-0.14079559581058387,3359
6,false,0.8000001011901486,0.6839368711077005,-0.14037893407785285,3360
7,false,0.8000001011916894,0.6839368711077005,-0.12260730826745148,3361
8,false,0.8000001011926904,0.6839368711077005,-0.12297216999367044,3362
9,false,0.8000001011917647,0.6839368711077005,-0.12252166075885018,3363
10,false,0.8000001011947191,0.7527680762360877,-0.047232024958631436,3364
0,false,0.8000000976564277,0.6574736285351208,-0.14252646912130684,3253
1,false,0.8000000937786043,0.6574736285351208,-0.1836428338713757,3254
2,false,0.8000000983771538,0.6574736285351208,-0.151846065273455,3255
3,false,0.8000000937924445,0.6574736285351208,-0.29138052911195056,3256
4,false,0.8000000981172917,0.7217581123789657,-0.07824198573832597,3257
5,false,0.8000000939817091,0.7217581123789657,-0.2755640670184275,3258
6,false,0.8000001112377879,0.7217581123789657,-0.35003280055406943,3259
7,false,0.8000000984200796,0.7217581123789657,-0.08732632233014592,3260
8,false,0.8000001102437128,0.7217581123789657,-0.3885117791666197,3261
9,false,0.8000000982684572,0.7217581123789657,-0.14847140888853172,3262
10,false,0.8000001142600406,0.7217581123789657,-0.36371932946142116,3263
11,false,0.8000001016838135,0.7217581123789657,-0.29737648532903704,3264
12,false,0.8000000908212276,0.7217581123789657,-0.1483829197463763,3265
13,false,0.8000000907055284,0.7332113534894029,-0.06678873721612544,3266
14,false,0.8000000982735429,0.7332113534894029,-0.14803204133453596,3267
15,false,0.8000001031975775,0.7332113534894029,-0.12539748263091066,3268
16,false,0.8000000983462159,0.7332113534894029,-0.1560518874098752,3269
17,false,0.8000000946596628,0.7332113534894029,-0.09233978191642356,3270
18,false,0.8000000893310784,0.7332113534894029,-0.1379577487132575,3271
19,false,0.8000000983648724,0.7332113534894029,-0.3180018768243994,3272
20,false,0.8000000854773301,0.7332113534894029,-0.10483225642256655,3273
21,false,0.8000000831463179,0.7332113534894029,-0.0698546119866682,3274
22,false,0.8000000977173514,0.7332113534894029,-0.13243342212386056,3275
23,false,0.8000000954008385,0.7332113534894029,-0.2156741362169653,3276
24,false,0.8000001066291385,0.7332113534894029,-0.22269222069958095,3277
25,false,0.8000000964303773,0.7332113534894029,-0.11059460911968355,3278
26,false,0.8000000827801529,0.7654505377473693,-0.034549545032783624,3279
27,false,0.80000008703978,0.7654505377473693,-0.03687342381724856,3280
28,false,0.8000001054112392,0.7654505377473693,-0.3120081465184565,3281
29,false,0.8000000940551195,0.7654505377473693,-0.0956837864240927,3282
30,false,0.8000001134723184,0.7654505377473693,-Inf,3283
31,false,0.8000001133964236,0.7654505377473693,-0.26197365027111663,3284
32,false,0.8000000898515394,0.7654505377473693,-0.06287627788061889,3285
33,false,0.8000000980496618,0.7654505377473693,-0.1431961263853665,3286
34,false,0.8000000979449389,0.7654505377473693,-0.1388033036290981,3287
35,false,0.8000000979263735,0.7654505377473693,-0.29534919833865825,3288
36,false,0.8000000983288373,0.7654505377473693,-0.3158449653749038,3289
37,false,0.8000000983442543,0.7654505377473693,-0.3170110792434879,3290
38,false,0.8000001068492812,0.7654505377473693,-Inf,3291
39,false,0.8000000978387984,0.7654505377473693,-0.2916804546641796,3292
40,false,0.800000098086721,0.7654505377473693,-0.1486970584679559,3293
41,false,0.8000000982792653,0.7654505377473693,-0.3128435797479868,3294
42,false,0.8000000969245038,0.7654505377473693,-0.25843783899758377,3295
43,false,0.8000000967382134,0.7654505377473693,-0.13218822122685225,3296
44,false,0.8000000980367038,0.7654505377473693,-0.3043702551717232,3297
45,false,0.8000000980910361,0.7654505377473693,-0.1485000592883683,3298
46,false,0.8000000979106923,0.7654505377473693,-0.07893461527658596,3299
47,false,0.8000000970182813,0.7654505377473693,-0.2609133296195463,3300
48,false,0.8000000904584571,0.7654505377473693,-0.06914613419733628,3301
49,false,0.8000000969661888,0.7654505377473693,-0.2599400619442723,3302
50,false,0.800000098254529,0.7654505377473693,-0.15098337086244762,3303
51,false,0.8000000814071385,0.7671749962731726,-0.03282508513396587,3304
52,false,0.8000001091745603,0.7671749962731726,-0.3294659551343961,3305
53,false,0.8000001151121283,0.7671749962731726,-0.3980673999314801,3306
54,false,0.8000000981903503,0.7671749962731726,-0.3109896813395805,3307
55,false,0.8000000983080715,0.7671749962731726,-0.31636227151189983,3308
56,false,0.8000001154098968,0.7671749962731726,-0.33293341780337793,3309
57,false,0.8000000981986203,0.7671749962731726,-0.14602879757312281,3310
58,false,0.8000000964410523,0.7671749962731726,-0.2437702899174441,3311
59,false,0.8000000877490387,0.7671749962731726,-0.11869410976958061,3312
60,false,0.8000000982862951,0.7671749962731726,-0.3142788839519997,3313
61,false,0.8000000975247764,0.7671749962731726,-0.2764969389860158,3314
62,false,0.800000098057531,0.7671749962731726,-0.14365650228883697,3315
63,false,0.8000000964005497,0.7671749962731726,-0.12121463044444714,3316
64,false,0.8000000921016112,0.7671749962731726,-0.16328335126386928,3317
65,false,0.800000098119493,0.7671749962731726,-0.14359224063429554,3318
66,false,0.8000000980346254,0.7671749962731726,-0.14274319345501874,3319
67,false,0.8000000982977367,0.7671749962731726,-0.31496774962086277,3320
68,false,0.8000000979420396,0.7671749962731726,-0.1407048596061382,3321
69,false,0.8000000902692104,0.7671749962731726,-0.07265406427846577,3322
70,false,0.8000000909158831,0.7671749962731726,-0.19447921191220008,3323
71,false,0.8000001178272079,0.7671749962731726,-0.17366792109690865,3324
72,false,0.800000097734551,0.7671749962731726,-0.1367944111516367,3325
73,false,0.8000001110624363,0.7671749962731726,-0.349499575243033,3326
74,false,0.8000000952124995,0.7671749962731726,-0.10388473637566964,3327
75,false,0.8000000930751978,0.7671749962731726,-0.07905556981639639,3328
76,false,0.800000097748037,0.7671749962731726,-0.28403560545136197,3329
77,false,0.8000000983254238,0.7671749962731726,-0.11366929343718413,3330
78,false,0.8000000983216932,0.7671749962731726,-0.31772865305301046,3331
79,false,0.8000000980431745,0.7671749962731726,-0.305374619046326,3332
80,false,0.800000087165756,0.7684305426780612,-0.03156954448769478,3333
81,false,0.8000000960580831,0.7684305426780612,-0.10865475440062022,3334
82,false,0.8000000929962011,0.7684305426780612,-0.0796487411132204,3335
83,false,0.8000000967166295,0.7684305426780612,-0.25242412831427685,3336
84,false,0.8000001179520433,0.7684305426780612,-0.39964366049966454,3337
85,false,0.8000000982790643,0.7684305426780612,-0.08735413203175635,3338
86,false,0.8000000971870745,0.7684305426780612,-0.12667494185856565,3339
87,false,0.8000000975235095,0.7684305426780612,-0.1288357779301068,3340
88,false,0.8000000881522824,0.7684305426780612,-0.05327631291340518,3341
89,false,0.80000009824914,0.7684305426780612,-0.15261179206995779,3342
90,false,0.800000098285725,0.7684305426780612,-0.08352319352906135,3343
91,false,0.8000000981444634,0.7684305426780612,-0.3070570509512018,3344
92,false,0.8000000968656859,0.7684305426780612,-0.25631392528746255,3345
93,false,0.8000000975819388,0.7684305426780612,-0.2771716841271288,3346
94,false,0.8000000979991986,0.7684305426780612,-0.13871415490687888,3347
95,false,0.8000000979603685,0.7684305426780612,-0.13964969938700478,3348
96,false,0.8000000979807449,0.7684305426780612,-0.29765634313318556,3349
97,false,0.8000000908912581,0.7684305426780612,-0.06567368055451883,3350
98,false,0.800000094761676,0.7684305426780612,-0.20372413727485472,3351
99,false,0.800000097010768,0.7684305426780612,-0.26062669673740924,3352
100,false,0.8000000968778412,0.7684305426780612,-0.12420801960767902,3353
101,false,0.8000000970263489,0.7684305426780612,-0.26575609408146217,3354
102,false,0.8000000983167581,0.7684305426780612,-0.31842403589907775,3355
103,false,0.8000000926209072,0.7684305426780612,-0.11438353733639106,3356
104,false,0.8000000975078824,0.7684305426780612,-0.2755164253145076,3357
105,false,0.8000001213489996,0.7684305426780612,-0.36623109503898954,3358
106,false,0.8000000974159731,0.7684305426780612,-0.2737434116423584,3359
107,false,0.800000098300874,0.7684305426780612,-0.3165609911433808,3360
108,false,0.8000000980882419,0.7684305426780612,-0.14710390445744015,3361
109,false,0.8000000982726899,0.7684305426780612,-0.10737498125461764,3362
110,false,0.800000097932757,0.7684305426780612,-0.1457952327218075,3363
111,false,0.800000109142916,0.7684305426780612,-0.3626000301508098,3364
112,false,0.8000000978979573,0.7684305426780612,-0.14382934030312966,3365
113,false,0.8000000982979565,0.7684305426780612,-0.3144866944650286,3366
114,false,0.8000000982719544,0.7684305426780612,-0.08333577063066233,3367
115,false,0.8000000979630881,0.7684305426780612,-0.298613699870804,3368
116,false,0.8000000982766302,0.7684305426780612,-0.3146121952233536,3369
117,false,0.800000098052708,0.7684305426780612,-0.14977452584148487,3370
118,false,0.8000000977828442,0.7684305426780612,-0.1419974194688971,3371
119,false,0.800000098155474,0.7684305426780612,-0.31078533756701615,3372
120,false,0.8000000978400187,0.7684305426780612,-0.14530314600047178,3373
121,false,0.8000000975978545,0.7684305426780612,-0.13986350398619296,3374
122,false,0.8000000982638495,0.7684305426780612,-0.31299739825604395,3375
123,false,0.8000000980260398,0.7684305426780612,-0.14692485183062953,3376
124,false,0.8000000982121542,0.7684305426780612,-0.1505907802150328,3377
125,false,0.8000001007838572,0.7684305426780612,-0.24383257572204386,3378
126,false,0.8000000967000055,0.7684305426780612,-0.11992268922534133,3379
127,false,0.8000000982906863,0.7684305426780612,-0.31439678788213854,3380
128,false,0.8000000977980133,0.7684305426780612,-0.1407301040604877,3381
0,false,0.8000000979560768,0.48321244202094693,-0.3167876559351299,3368
1,false,0.8000000979485555,0.4881508066108611,-0.31184929133769446,3369
2,false,0.8000000980442772,0.4881508066108611,-0.3239174448721802,3370
3,false,0.8000000979199398,0.649558803793803,-0.15044129412613672,3371
4,false,0.800000097895874,0.649558803793803,-0.3031275754907219,3372
5,false,0.8000000979390103,0.649558803793803,-0.15232757185426704,3373
6,false,0.8000000976460071,0.649558803793803,-0.29518790163724673,3374
7,false,0.80000009796414,0.649558803793803,-0.16296318364525764,3375
8,false,0.8000000971819596,0.649558803793803,-0.2671781879425139,3376
9,false,0.8000000979869212,0.649558803793803,-0.15223176673078187,3377
10,false,0.8000000980682385,0.649558803793803,-0.1595614400807276,3378
11,false,0.8000000980680255,0.649558803793803,-0.15788160385058858,3379
12,false,0.8000000951511861,0.649558803793803,-0.21375446100528628,3380
13,false,0.800000094925996,0.649558803793803,-0.20968986621845542,3381
14,false,0.8000000976789855,0.649558803793803,-0.32775267449073053,3382
15,false,0.8000000979083698,0.6503473437996157,-0.14965275410875412,3383
16,false,0.8000000981214187,0.6503473437996157,-0.159678877598184,3384
17,false,0.8000000979438873,0.6517211828033066,-0.14827891514058067,3385
18,false,0.8000000980614242,0.6517211828033066,-0.323785430638738,3386
19,false,0.8000000980546265,0.6517211828033066,-0.3234603915546377,3387
20,false,0.8000000978509083,0.6517211828033066,-0.30166901963213166,3388
21,false,0.8000000950376573,0.6901504266324878,-0.10984966840516952,3389
22,false,0.8000000971463646,0.6901504266324878,-0.16436889804549348,3390
23,false,0.8000000977898815,0.6901504266324878,-0.1659056433092826,3391
24,false,0.8000000973461641,0.6901504266324878,-0.15845371504539318,3392
25,false,0.8000000980639084,0.6901504266324878,-0.323225641321763,3393
26,false,0.8000000978920556,0.7239280359261118,-0.07607206196594385,3394
27,false,0.8000000980551811,0.7239280359261118,-0.3239309658170101,3395
28,false,0.8000000978794857,0.7241065731774879,-0.07589352470199773,3396
29,false,0.8000000980547693,0.7241065731774879,-0.15717266062605395,3397
30,false,0.8000000948982366,0.7241065731774879,-0.09171807500284213,3398
31,false,0.8000000973342939,0.7241065731774879,-0.272142961410051,3399
32,false,0.8000000979240062,0.7241065731774879,-0.14947230561830838,3400
33,false,0.8000000976766776,0.78857604796599,-0.011424049710687556,3401
34,false,0.8000000972695233,0.78857604796599,-0.16857790737109613,3402
35,false,0.8000000936744445,0.78857604796599,-0.19421319245933566,3403
36,false,0.8000000957455633,0.78857604796599,-0.26481464789599984,3404
37,false,0.8000001205655893,0.78857604796599,-0.3999647116208315,3405
38,false,0.8000000973710775,0.78857604796599,-0.16957422257023225,3406
39,false,0.80000009700591,0.78857604796599,-0.09705869894542773,3407
40,false,0.8000000968821738,0.78857604796599,-0.1098656172211494,3408
41,false,0.8000000969294575,0.78857604796599,-0.3102112881159209,3409
42,false,0.8000000900144948,0.78857604796599,-0.15706734416709223,3410
43,false,0.8000000972512715,0.78857604796599,-0.348519576578318,3411
44,false,0.8000000972145697,0.78857604796599,-0.1676179816715443,3412
45,false,0.800000096567494,0.78857604796599,-0.28478863009957467,3413
46,false,0.8000000973304453,0.78857604796599,-0.16962902358875986,3414
47,false,0.8000000972364487,0.78857604796599,-0.3483572341005996,3415
48,false,0.8000000955066155,0.78857604796599,-0.23960123951825385,3416
49,false,0.8000000968792841,0.78857604796599,-0.30649772823006016,3417
50,false,0.8000000973084761,0.78857604796599,-0.35126385802516313,3418
51,false,0.8000000972252289,0.78857604796599,-0.34795737553496847,3419
52,false,0.8000000970620395,0.78857604796599,-0.3459326685044629,3420
53,false,0.8000000972923539,0.78857604796599,-0.3503258217602408,3421
54,false,0.8000000913548204,0.78857604796599,-0.16432508391593192,3422
55,false,0.8000001187160651,0.78857604796599,-0.3426172718475486,3423
56,false,0.8000000972924137,0.78857604796599,-0.16788333219611085,3424
57,false,0.8000000971877723,0.78857604796599,-0.34509074263350625,3425
58,false,0.8000000972806719,0.78857604796599,-0.3430620224068902,3426
59,false,0.8000000972755578,0.78857604796599,-0.1681318215323514,3427
60,false,0.8000001086111529,0.78857604796599,-0.39993961101623743,3428
61,false,0.8000000966408323,0.78857604796599,-0.28953541438456476,3429
62,false,0.8000000972652874,0.78857604796599,-0.16587157355621474,3430
63,false,0.8000000972232304,0.78857604796599,-0.1674997939434396,3431
64,false,0.8000000970683518,0.78857604796599,-0.33729667222806525,3432
65,false,0.8000000970451585,0.78857604796599,-0.32401184399287364,3433
66,false,0.8000000968589065,0.78857604796599,-0.30601433609771167,3434
67,false,0.800000097267459,0.78857604796599,-0.3484885344438032,3435
68,false,0.8000000966818863,0.78857604796599,-0.15005228977610052,3436
69,false,0.8000000971209669,0.78857604796599,-0.34270827621290173,3437
70,false,0.8000000965390879,0.78857604796599,-0.10886409533700703,3438
71,false,0.800000097260067,0.78857604796599,-0.3468859351454676,3439
72,false,0.8000000972615235,0.78857604796599,-0.35009027211525,3440
73,false,0.8000000972570422,0.78857604796599,-0.3492550660328253,3441
74,false,0.8000000972070922,0.78857604796599,-0.16795032762518225,3442
75,false,0.8000000971189415,0.78857604796599,-0.34279636235431576,3443
76,false,0.800000097256323,0.78857604796599,-0.3473738243588399,3444
77,false,0.8000000956656084,0.78857604796599,-0.34634885682961736,3445
78,false,0.8000000972541508,0.78857604796599,-0.3482023139536955,3446
79,false,0.8000000972514867,0.78857604796599,-0.1685592562772914,3447
80,false,0.800000097275541,0.78857604796599,-0.35145678435473693,3448
81,false,0.800000097199435,0.78857604796599,-0.16591823552877738,3449
82,false,0.8000000967661408,0.78857604796599,-0.2994019898814898,3450
83,false,0.8000000965131211,0.78857604796599,-0.11449329819378973,3451
84,false,0.8000000964858828,0.78857604796599,-0.2919002869248485,3452
85,false,0.8000000965409502,0.78857604796599,-0.29649701678383467,3453
86,false,0.8000000964221812,0.78857604796599,-0.2854824432304398,3454
87,false,0.8000000965405645,0.78857604796599,-0.2976445688720524,3455
88,false,0.8000000965244423,0.78857604796599,-0.11303536467956021,3456
89,false,0.8000000965167291,0.78857604796599,-0.11342867298879145,3457
90,false,0.8000000965090156,0.78857604796599,-0.29423386845233723,3458
91,false,0.8000000963214027,0.78857604796599,-0.2792186311945073,3459
92,false,0.8000000965032514,0.78857604796599,-0.29251313468380713,3460
93,false,0.8000000965281991,0.78857604796599,-0.2956042779987339,3461
94,false,0.8000000964797612,0.78857604796599,-0.11561656063011772,3462
95,false,0.8000000965162463,0.78857604796599,-0.29545817543805886,3463
96,false,0.8000000964895981,0.78857604796599,-0.09759720914840952,3464
97,false,0.8000000965103077,0.78857604796599,-0.29567476594111,3465
98,false,0.8000000965110667,0.78857604796599,-0.09627612199643998,3466
99,false,0.8000000964896641,0.78857604796599,-0.1137080127680623,3467
100,false,0.8000000965178582,0.78857604796599,-0.08838703243792922,3468
101,false,0.8000000965198235,0.78857604796599,-0.09530399837604886,3469
102,false,0.8000000965087797,0.78857604796599,-0.2968969678068937,3470
103,false,0.8000000965030573,0.78857604796599,-0.2955571840027379,3471
104,false,0.8000000963353537,0.78857604796599,-0.2802692288591553,3472
105,false,0.8000000964859675,0.78857604796599,-0.2927591401944276,3473
106,false,0.8000000965134104,0.78857604796599,-0.08934866257842078,3474
107,false,0.8000000965057491,0.78857604796599,-0.296520690633288,3475
108,false,0.8000000964936058,0.78857604796599,-0.09557434924989172,3476
109,false,0.8000000965068677,0.78857604796599,-0.11107192728362736,3477
110,false,0.8000000964845142,0.78857604796599,-0.11395995331214381,3478
111,false,0.8000000964983691,0.78857604796599,-0.29529329167396823,3479
112,false,0.800000096434566,0.78857604796599,-0.1174305241641892,3480
113,false,0.8000000965263495,0.78857604796599,-0.2970414992848235,3481
114,false,0.8000000964758691,0.78857604796599,-0.29315617574053765,3482
115,false,0.8000000965220971,0.78857604796599,-0.2960511124022197,3483
116,false,0.8000000964449939,0.78857604796599,-0.28877779027748496,3484
117,false,0.8000000964655294,0.78857604796599,-0.09795798056541971,3485
118,false,0.8000000964321339,0.78857604796599,-0.11779116542266654,3486
119,false,0.8000000965014187,0.78857604796599,-0.11118514368204502,3487
120,false,0.8000000965027796,0.78857604796599,-0.0962882640393713,3488
121,false,0.8000000965161387,0.78857604796599,-0.08946408819732321,3489
122,false,0.8000000965151497,0.78857604796599,-0.08928211802313668,3490
123,false,0.8000000964812819,0.78857604796599,-0.09670677175902798,3491
124,false,0.8000000964893428,0.78857604796599,-0.09615740801109718,3492
125,false,0.8000000965076018,0.78857604796599,-0.29709316632326643,3493
126,false,0.8000000964963805,0.78857604796599,-0.09596067135310105,3494
127,false,0.8000000964892322,0.78857604796599,-0.09647891331967973,3495
128,false,0.800000096505491,0.78857604796599,-0.09012555913195841,3496
0,false,0.8000000964764613,0.6857115154905027,-0.11428858098595862,3432
1,false,0.8000000964878162,0.7041198796581252,-0.09588021682969106,3433
2,false,0.8000000963242757,0.7041198796581252,-0.12380449932073734,3434
3,false,0.8000000964713225,0.7041198796581252,-0.29421597348419026,3435
4,false,0.8000000964051074,0.7041198796581252,-0.09966814080641251,3436
5,false,0.8000000964911536,0.7041198796581252,-0.09619211745978973,3437
6,false,0.800000096374863,0.7041198796581252,-0.11728904426269182,3438
7,false,0.8000000964225144,0.7041198796581252,-0.0995894393775113,3439
8,false,0.8000000964986151,0.7041198796581252,-0.29799396364201514,3440
9,false,0.8000000964493541,0.7041198796581252,-0.2931312406408326,3441
10,false,0.8000000964341348,0.7041198796581252,-0.11690298346180017,3442
11,false,0.8000000964033136,0.7041198796581252,-0.2894445233227212,3443
12,false,0.8000000964819706,0.7041198796581252,-0.0963359322562618,3444
13,false,0.8000000963936487,0.7041198796581252,-0.10025805982818914,3445
14,false,0.8000000964523672,0.7041198796581252,-0.11489608481626212,3446
15,false,0.8000000958442538,0.7041198796581252,-0.3005718236941847,3447
16,false,0.8000000964479129,0.7041198796581252,-0.11547428041397301,3448
17,false,0.8000000964376679,0.7041198796581252,-0.2914978028013656,3449
18,false,0.8000000964200652,0.7041198796581252,-0.11813406453594288,3450
19,false,0.8000000941773728,0.7041198796581252,-0.31874106891979626,3451
20,false,0.8000000964130907,0.7041198796581252,-0.09953319458639265,3452
21,false,0.8000000963734997,0.7041198796581252,-0.2886021222097175,3453
22,false,0.8000000964889841,0.7041198796581252,-0.09621987762904183,3454
23,false,0.8000000964885293,0.71008941318151,-0.08991068330701935,3455
24,false,0.8000000964605155,0.71008941318151,-0.09773666862155328,3456
25,false,0.8000000960638964,0.71008941318151,-0.309638582813664,3457
26,false,0.8000000964959456,0.71008941318151,-0.11224700189881598,3458
27,false,0.8000000965037453,0.7103650618931032,-0.08963503461064204,3459
28,false,0.8000000964952402,0.7104629155778613,-0.08953718091737883,3460
29,false,0.8000000904322286,0.7104629155778613,-0.3853506639690498,3461
30,false,0.8000000964596958,0.7104629155778613,-0.09730070843379124,3462
31,false,0.8000000965053038,0.7104629155778613,-0.29807825745181193,3463
32,false,0.80000009378546,0.7104629155778613,-0.3437835366167642,3464
33,false,0.8000000964824187,0.7104629155778613,-0.30056104791680843,3465
34,false,0.8000000964946461,0.7104629155778613,-0.2962572304775122,3466
35,false,0.8000000964782363,0.7104629155778613,-0.11409104915277846,3467
36,false,0.8000000924224264,0.7104629155778613,-0.3593391605491509,3468
37,false,0.800000096437681,0.7104629155778613,-0.11429518766839697,3469
38,false,0.8000000955410512,0.7104629155778613,-0.306880388884569,3470
39,false,0.8000000964946051,0.7104629155778613,-0.2968297304437101,3471
40,false,0.8000000943219693,0.7104629155778613,-0.25550309251207126,3472
41,false,0.8000000955495468,0.7104629155778613,-0.2478015793351256,3473
42,false,0.8000000964996654,0.7105319207498697,-0.08946817574979571,3474
43,false,0.8000000964744078,0.7105319207498697,-0.2939932190237837,3475
44,false,0.8000000963425946,0.7132509128075153,-0.08674918353507932,3476
45,false,0.8000000964530414,0.7132509128075153,-0.11291224340167183,3477
46,false,0.8000000965080852,0.7132509128075153,-0.11092226651785209,3478
47,false,0.8000000961281017,0.7132509128075153,-0.2826330916161055,3479
48,false,0.800000095947602,0.7132509128075153,-0.26385826488544983,3480
49,false,0.8000000960306978,0.7132509128075153,-0.12115236485246461,3481
50,false,0.8000000963866124,0.7132509128075153,-0.11962899480204892,3482
51,false,0.800000096376304,0.7132509128075153,-0.28651063692909273,3483
52,false,0.8000000963574743,0.7132509128075153,-0.12135384282945783,3484
53,false,0.8000000962957711,0.7132509128075153,-0.125139414661673,3485
54,false,0.8000000964506832,0.7132509128075153,-0.29714559177263744,3486
55,false,0.8000000964998746,0.7132509128075153,-0.29675126337156255,3487
56,false,0.8000000964940184,0.7132509128075153,-0.29609663419540144,3488
57,false,0.8000000964672569,0.7132509128075153,-0.11376517959014176,3489
58,false,0.8000000962820788,0.7132509128075153,-0.2783359842139135,3490
59,false,0.8000000963779322,0.7132509128075153,-0.1122434842796265,3491
60,false,0.8000000964927215,0.7132509128075153,-0.09024693416663421,3492
61,false,0.8000000964796068,0.7132509128075153,-0.30118806077861054,3493
62,false,0.8000000964909212,0.7132509128075153,-0.11182339598785718,3494
63,false,0.800000096497959,0.7132509128075153,-0.2967693460829093,3495
64,false,0.8000000964809337,0.7132509128075153,-0.2943745568140881,3496
65,false,0.8000000964934602,0.7132509128075153,-0.11162603528157877,3497
66,false,0.8000000964500584,0.7132509128075153,-0.09422234134679808,3498
67,false,0.8000000951626439,0.7132509128075153,-0.2408303154882222,3499
68,false,0.8000000947890096,0.7132509128075153,-0.22894332191725053,3500
69,false,0.8000000959542207,0.7132509128075153,-0.26407121595968264,3501
70,false,0.8000000964983817,0.7132509128075153,-0.2964189670450623,3502
71,false,0.8000000964976528,0.7132509128075153,-0.2972624159986842,3503
72,false,0.8000000945361722,0.7133171474062354,-0.08668294712993674,3504
73,false,0.8000000964907318,0.7133171474062354,-0.11154823923141766,3505
74,false,0.8000000964801551,0.7133171474062354,-0.29437898070998136,3506
75,false,0.8000000964914986,0.7133171474062354,-0.09622335173207353,3507
76,false,0.800000096459348,0.7133171474062354,-0.29424575896965643,3508
77,false,0.8000000964926351,0.7133171474062354,-0.1118033956446558,3509
78,false,0.8000000964669618,0.7133171474062354,-0.09758586871736752,3510
79,false,0.8000000964896651,0.7133171474062354,-0.09611986574950093,3511
80,false,0.8000000964898064,0.7133171474062354,-0.29687416436192837,3512
81,false,0.800000096493942,0.7133171474062354,-0.29599169734232356,3513
82,false,0.8000000952028282,0.7133171474062354,-0.30928652523952205,3514
83,false,0.8000000964864193,0.7167947197607707,-0.08320537672564865,3515
84,false,0.80000009639552,0.7167947197607707,-0.10101464654320258,3516
85,false,0.8000000964590768,0.7167947197607707,-0.09791627113403534,3517
86,false,0.8000000964224647,0.7167947197607707,-0.11759771464080981,3518
87,false,0.8000000964846901,0.7167947197607707,-0.29604823586660567,3519
88,false,0.8000000964696545,0.7167947197607707,-0.09746678189062608,3520
89,false,0.8000000964774361,0.7167947197607707,-0.09766277095365616,3521
90,false,0.8000000964401537,0.7212560350747397,-0.07874406136541401,3522
91,false,0.8000000964938887,0.7212560350747397,-0.0900807317281036,3523
92,false,0.8000000964888436,0.7212560350747397,-0.09592544577591622,3524
93,false,0.8000000964934599,0.7212560350747397,-0.0960684294395251,3525
94,false,0.8000000964631214,0.7212560350747397,-0.29570539546198604,3526
95,false,0.8000000964818565,0.7212560350747397,-0.09708347756440316,3527
96,false,0.8000000964170237,0.7212560350747397,-0.0996399716838583,3528
97,false,0.8000000964509285,0.7212560350747397,-0.082158273305045,3529
98,false,0.8000000964453239,0.7212560350747397,-0.09724436761196587,3530
99,false,0.8000000964927952,0.7212560350747397,-0.0902492780486085,3531
100,false,0.8000000964914962,0.7212560350747397,-0.29855816701110494,3532
101,false,0.800000096421478,0.7212560350747397,-0.29064674364434695,3533
102,false,0.8000000964522246,0.7288014961109867,-0.07119860034123793,3534
103,false,0.8000000964339234,0.7288014961109867,-0.11690370661067517,3535
104,false,0.800000096380957,0.7288014961109867,-0.12058976785716324,3536
105,false,0.8000000964809821,0.7288014961109867,-0.0899747506071078,3537
106,false,0.8000000964210922,0.7288014961109867,-0.2907000850109357,3538
107,false,0.8000000963208606,0.7288014961109867,-0.2863110285970908,3539
108,false,0.8000000962763583,0.7288014961109867,-0.28153257621402794,3540
109,false,0.8000000963182808,0.7288014961109867,-0.12260746147194601,3541
110,false,0.8000000964477426,0.7679449750316152,-0.03205512141612743,3542
0,false,0.8000000964428111,0.6830195919668604,-0.11698050447595076,3388
1,false,0.8000000940864428,0.6830195919668604,-0.34210925854764773,3389
2,false,0.8000000964825462,0.6830195919668604,-0.3005166629157506,3390
3,false,0.8000000964866604,0.6830195919668604,-0.2970058175160276,3391
4,false,0.8000000964850523,0.6830195919668604,-0.29862464374432507,3392
5,false,0.8000000964937222,0.6880771968885321,-0.11192289960519008,3393
6,false,0.8000000964764467,0.7195752206819361,-0.08042487579451052,3394
7,false,0.8000000964443236,0.7791462029901989,-0.020853893454124695,3395
8,false,0.8000000958754147,0.7791462029901989,-0.3070439390511283,3396
9,false,0.8000000958174018,0.7791462029901989,-0.3069364005634467,3397
10,false,0.8000000956897307,0.7791462029901989,-0.30684549612563766,3398
11,false,0.8000000957422592,0.7791462029901989,-0.309716010126515,3399
12,false,0.8000000957114384,0.7791462029901989,-0.1266805502221846,3400
13,false,0.8000000956899167,0.7791462029901989,-0.12746706815392495,3401
14,false,0.8000000956893031,0.7791462029901989,-0.3058767909366319,3402
15,false,0.8000000957974267,0.7791462029901989,-0.30431218595694354,3403
16,false,0.8000000958393784,0.7791462029901989,-0.29995274079069223,3404
17,false,0.8000000956349014,0.7791462029901989,-0.3047927550175852,3405
18,false,0.800000095660765,0.7791462029901989,-0.30601904864119717,3406
19,false,0.8000000956900617,0.7791462029901989,-0.3054605165412673,3407
20,false,0.8000000956884885,0.7791462029901989,-0.12378678560640177,3408
21,false,0.800000095651836,0.7791462029901989,-0.30530741500614095,3409
22,false,0.8000000956247465,0.7791462029901989,-0.3062605661106751,3410
23,false,0.8000000956660956,0.7791462029901989,-0.3062380534581635,3411
24,false,0.8000000957012886,0.7791462029901989,-0.30459580065852665,3412
25,false,0.8000000958289513,0.7791462029901989,-0.30011515399399663,3413
26,false,0.8000000958088351,0.7791462029901989,-0.08781922566805411,3414
27,false,0.8000000956514417,0.7791462029901989,-0.3074979187334528,3415
28,false,0.8000000957942512,0.7791462029901989,-0.2983165285375644,3416
29,false,0.8000000956640325,0.7791462029901989,-0.1264783586170558,3417
30,false,0.8000000957338014,0.7791462029901989,-0.11959084538198594,3418
31,false,0.8000000956844019,0.7791462029901989,-0.12340105969698767,3419
32,false,0.8000000955992782,0.7791462029901989,-0.31036351445323296,3420
33,false,0.8000000957047513,0.7791462029901989,-0.3150729257657643,3421
34,false,0.8000000957393474,0.7791462029901989,-0.30735987721656954,3422
35,false,0.8000000955897288,0.7791462029901989,-0.3003783203119,3423
36,false,0.800000095789934,0.7791462029901989,-0.3038848166529546,3424
37,false,0.8000000958184521,0.7791462029901989,-0.30381753850872384,3425
38,false,0.800000095620063,0.7791462029901989,-0.3065211643937239,3426
39,false,0.8000000957593468,0.7791462029901989,-0.12094823292825763,3427
40,false,0.8000000956606523,0.7791462029901989,-0.307614252526337,3428
41,false,0.80000009581245,0.7791462029901989,-0.2998177309156984,3429
42,false,0.800000095808966,0.7791462029901989,-0.2997289075449444,3430
43,false,0.8000000957466784,0.7791462029901989,-0.30133547956618756,3431
44,false,0.8000000957103629,0.7791462029901989,-0.3013554521967145,3432
45,false,0.8000000956427127,0.7791462029901989,-0.3071103107280766,3433
46,false,0.800000095677995,0.7791462029901989,-0.30612753176544305,3434
47,false,0.8000000956083657,0.7791462029901989,-0.12863996022918955,3435
48,false,0.8000000957415263,0.7791462029901989,-0.30587202783452394,3436
49,false,0.8000000956462155,0.7791462029901989,-0.10609924623824274,3437
50,false,0.8000000956328785,0.7791462029901989,-0.3062357146861252,3438
51,false,0.8000000956179834,0.7791462029901989,-0.12758525140867238,3439
52,false,0.8000000956175715,0.7791462029901989,-0.12777397135123691,3440
53,false,0.8000000956883294,0.7791462029901989,-0.3040277424622577,3441
54,false,0.8000000956256371,0.7791462029901989,-0.12667429763666138,3442
55,false,0.8000000955875033,0.7791462029901989,-0.13026971346817273,3443
56,false,0.8000000949808282,0.7791462029901989,-0.14357760603864345,3444
57,false,0.800000095779233,0.7791462029901989,-0.3041476441324227,3445
58,false,0.8000000956903665,0.7791462029901989,-0.12364082233562834,3446
59,false,0.8000000956147031,0.7791462029901989,-0.12751337728880552,3447
60,false,0.80000009576676,0.7791462029901989,-0.3034193387183602,3448
61,false,0.8000000955906199,0.7791462029901989,-0.1295064738093492,3449
62,false,0.8000000958188818,0.7791462029901989,-0.29988505954683087,3450
63,false,0.8000000957093221,0.7791462029901989,-0.10182137592588258,3451
64,false,0.8000000935693738,0.7791462029901989,-0.33324217684124724,3452
65,false,0.8000000957766402,0.7791462029901989,-0.08835128334333342,3453
66,false,0.8000000956889526,0.7791462029901989,-0.10129045907910417,3454
67,false,0.8000000957260649,0.7791462029901989,-0.03511890599997125,3455
0,false,0.8000000957968637,0.5016667913213383,-0.2983333044755254,3457
1,false,0.8000000957720154,0.5019732963646337,-0.29802679940738164,3458
2,false,0.8000000957899869,0.5019732963646337,-0.29832620392831954,3459
3,false,0.8000000957759218,0.6431575559490879,-0.15684253982683394,3460
4,false,0.8000000957865455,0.6431575559490879,-0.29844091694373553,3461
5,false,0.8000000957896909,0.6431575559490879,-0.15782832244055967,3462
6,false,0.8000000957856079,0.6431575559490879,-0.2988648775061449,3463
7,false,0.8000000957813059,0.6431575559490879,-0.29840181763963003,3464
8,false,0.8000000957826797,0.6431575559490879,-0.29865973312057925,3465
9,false,0.8000000957770442,0.6431575559490879,-0.2981441816845839,3466
10,false,0.8000000956847051,0.6431575559490879,-0.298288135500268,3467
11,false,0.8000000957673423,0.6431575559490879,-0.29856387662065087,3468
12,false,0.8000000957804765,0.6431575559490879,-0.15802687712197205,3469
13,false,0.8000000957778933,0.6431575559490879,-0.15808976623793614,3470
14,false,0.8000000956319652,0.6431575559490879,-0.2987358751623662,3471
15,false,0.8000000957218218,0.6431575559490879,-0.15792541183595155,3472
16,false,0.8000000957692746,0.6431575559490879,-0.2973076699245947,3473
17,false,0.8000000958103478,0.6431575559490879,-0.15784775778640492,3474
18,false,0.8000000957729496,0.6431575559490879,-0.157766374385516,3475
19,false,0.8000000957732069,0.6431575559490879,-0.2972529735359032,3476
20,false,0.8000000957791925,0.6431575559490879,-0.1580999452685995,3477
21,false,0.800000095787569,0.6431575559490879,-0.1574810315790266,3478
22,false,0.8000000957724981,0.6431575559490879,-0.1578081265095067,3479
23,false,0.8000000957698759,0.6431575559490879,-0.29956703825082875,3480
24,false,0.8000000957687493,0.6431575559490879,-0.2993301736410129,3481
25,false,0.8000000957677462,0.6431575559490879,-0.2969958885306623,3482
26,false,0.8000000957434087,0.6431575559490879,-0.2986095184801426,3483
27,false,0.8000000957673169,0.6431575559490879,-0.15771590597217933,3484
28,false,0.8000000957721345,0.6431575559490879,-0.29672655016388383,3485
29,false,0.8000000957640694,0.6431575559490879,-0.2979173057014344,3486
30,false,0.8000000957634775,0.6431575559490879,-0.1577038164731156,3487
31,false,0.8000000957737573,0.6431575559490879,-0.1578577453338459,3488
32,false,0.8000000950437913,0.6431575559490879,-0.1615504349888175,3489
33,false,0.8000000957713543,0.6431575559490879,-0.2979241704307908,3490
34,false,0.8000000957096426,0.6431575559490879,-0.15757090594756185,3491
35,false,0.800000095772717,0.6431575559490879,-0.15795194171583316,3492
36,false,0.8000000957541411,0.6431575559490879,-0.15800210218130606,3493
37,false,0.8000000957724994,0.6431575559490879,-0.29883894081497464,3494
38,false,0.8000000957699542,0.6431575559490879,-0.1575112980427622,3495
39,false,0.8000000957351112,0.6431575559490879,-0.15766911943232043,3496
40,false,0.8000000957793448,0.6431575559490879,-0.29734555904146254,3497
41,false,0.8000000957764959,0.6431575559490879,-0.1576064948163699,3498
42,false,0.8000000955488251,0.6437704393009709,-0.15622965624785423,3499
43,false,0.8000000957430853,0.6437704393009709,-0.2996134853825999,3500
44,false,0.8000000957751546,0.6437704393009709,-0.29770909915767474,3501
45,false,0.8000000957679364,0.6437704393009709,-0.15774957473346962,3502
46,false,0.8000000957618301,0.6437704393009709,-0.29713200838112463,3503
47,false,0.8000000957657669,0.6437704393009709,-0.1574010621419909,3504
48,false,0.8000000957750852,0.6437704393009709,-0.29908960122982353,3505
49,false,0.8000000957713975,0.6437704393009709,-0.1574253112126408,3506
50,false,0.8000000957657438,0.6437704393009709,-0.2973986238013775,3507
51,false,0.8000000957634724,0.6437704393009709,-0.1579966766350186,3508
52,false,0.8000000957742124,0.6437704393009709,-0.15792913159204802,3509
53,false,0.8000000957680372,0.6437704393009709,-0.1571110116015464,3510
54,false,0.8000000957608036,0.6437704393009709,-0.15763455655256786,3511
55,false,0.8000000957396571,0.7126557283761064,-0.08734436736355078,3512
56,false,0.8000000957534921,0.7126557283761064,-0.15750843317572194,3513
57,false,0.8000000957749152,0.7126557283761064,-0.15754302861021952,3514
58,false,0.8000000957602028,0.7126557283761064,-0.08981533600965697,3515
59,false,0.8000000957608511,0.7126557283761064,-0.29637971737356983,3516
60,false,0.8000000957711809,0.7855932012238852,-0.014406894547295712,3517
61,false,0.8000000957058775,0.7855932012238852,-0.3013017761973802,3518
62,false,0.8000000953234934,0.7855932012238852,-0.26821448354833555,3519
63,false,0.8000000956122206,0.7855932012238852,-0.0849677485900151,3520
64,false,0.8000000955350038,0.7855932012238852,-0.2896164920632259,3521
65,false,0.8000000949983133,0.7855932012238852,-0.2594784268832713,3522
66,false,0.8000000954794515,0.7855932012238852,-0.2806073657842394,3523
67,false,0.8000000955883043,0.7855932012238852,-0.2915167109010812,3524
68,false,0.8000000954235356,0.7855932012238852,-0.31396495626971743,3525
69,false,0.80000009552404,0.7855932012238852,-0.2823825982390685,3526
70,false,0.800000095549419,0.7855932012238852,-0.1219048050934326,3527
71,false,0.8000000945446624,0.7855932012238852,-0.2502067805099315,3528
72,false,0.8000000954371852,0.7855932012238852,-0.14798254092922303,3529
73,false,0.8000000955202843,0.7855932012238852,-0.29669551825036955,3530
74,false,0.8000000955303005,0.7855932012238852,-0.28247226405104,3531
75,false,0.8000000950670556,0.7855932012238852,-0.13589394838813496,3532
76,false,0.8000000943225879,0.7855932012238852,-0.23432819000711735,3533
77,false,0.8000000954970172,0.7855932012238852,-0.2820712114857933,3534
78,false,0.80000009551797,0.7855932012238852,-0.27919301826877185,3535
79,false,0.8000000940819723,0.7855932012238852,-0.049862648872495585,3536
80,false,0.8000000956426989,0.7855932012238852,-0.29863068847749197,3537
81,false,0.8000000935275071,0.7855932012238852,-0.22640668825247956,3538
82,false,0.8000000951068472,0.7855932012238852,-0.13858354717480748,3539
83,false,0.8000000955324309,0.7855932012238852,-0.28059077700605184,3540
84,false,0.8000000954905951,0.7855932012238852,-0.2880084504269118,3541
85,false,0.8000000955744802,0.7855932012238852,-0.30127151064348845,3542
86,false,0.8000000955495934,0.7855932012238852,-0.15172100108633257,3543
87,false,0.8000000955500468,0.7855932012238852,-0.2878576590605417,3544
88,false,0.8000000956750579,0.7855932012238852,-0.30298921468457696,3545
89,false,0.8000000952620248,0.7855932012238852,-0.30307845451206106,3546
90,false,0.8000000955014653,0.7855932012238852,-0.2979959235379871,3547
91,false,0.8000000955391905,0.7855932012238852,-0.2830608687246169,3548
92,false,0.8000000936702557,0.7855932012238852,-0.2228745959006806,3549
93,false,0.8000000955205309,0.7855932012238852,-0.14972771652895744,3550
94,false,0.8000000955402864,0.7855932012238852,-0.28240466077429893,3551
95,false,0.8000000955844075,0.7855932012238852,-0.15334821397297227,3552
96,false,0.8000000953871216,0.7855932012238852,-0.28267739443129436,3553
97,false,0.800000095596295,0.7855932012238852,-0.28948493468753467,3554
98,false,0.8000000955977373,0.7855932012238852,-0.09642111023929512,3555
99,false,0.800000095594125,0.7855932012238852,-0.1533529420431351,3556
100,false,0.8000000956500195,0.7855932012238852,-0.2971181817063073,3557
101,false,0.8000000956530896,0.7855932012238852,-0.3000946049727248,3558
102,false,0.8000000955826326,0.7855932012238852,-0.15268254941364878,3559
103,false,0.8000000956793966,0.7855932012238852,-0.11792939389100088,3560
104,false,0.8000000955327465,0.7855932012238852,-0.1516947015313882,3561
105,false,0.8000000951676088,0.7855932012238852,-0.26021092494079334,3562
106,false,0.800000094647867,0.7855932012238852,-0.26459059489097403,3563
107,false,0.8000000949390592,0.7855932012238852,-0.13643149118259057,3564
108,false,0.8000000942141803,0.7855932012238852,-0.23242849368056895,3565
109,false,0.8000000956763671,0.7855932012238852,-0.10073725404952072,3566
110,false,0.8000000956682949,0.7855932012238852,-0.3078817618179315,3567
111,false,0.8000000956011014,0.7855932012238852,-0.2912656711243776,3568
112,false,0.8000000952031456,0.7855932012238852,-0.019618990714551532,3569
113,false,0.8000000934647176,0.7855932012238852,-0.11540906654049077,3570
114,false,0.8000000935608225,0.7855932012238852,-0.09750433268983649,3571
115,false,0.8000000935445687,0.7855932012238852,-0.2592597809025784,3572
116,false,0.8000000935243203,0.7855932012238852,-0.2621842322537231,3573
117,false,0.80000009324582,0.7855932012238852,-0.2957214953558588,3574
118,false,0.800000093525156,0.7855932012238852,-0.09589550127762603,3575
119,false,0.8000000934924177,0.7855932012238852,-0.26366562234368496,3576
120,false,0.8000000934854709,0.7855932012238852,-0.26216000449810617,3577
121,false,0.8000000934683705,0.7855932012238852,-0.26518979666720466,3578
122,false,0.8000000934611603,0.7855932012238852,-0.2631492686477306,3579
123,false,0.8000000934627539,0.7855932012238852,-0.2635832037091178,3580
124,false,0.8000000934654247,0.7855932012238852,-0.2621186310233171,3581
125,false,0.8000000934585692,0.7855932012238852,-0.2621738454235263,3582
126,false,0.8000000912406019,0.7855932012238852,-0.33537645127487004,3583
127,false,0.8000000934512563,0.7855932012238852,-0.2640521457104563,3584
128,false,0.800000093460019,0.7855932012238852,-0.2624420391673945,3585
0,false,0.8000000906598621,0.6695765133792668,-0.13042357728059528,3578
1,false,0.8000000919278504,0.7033677812281689,-0.09663231069968148,3579
2,false,0.8000000907396206,0.7131424706630553,-0.08685762007656539,3580
3,false,0.8000000901876395,0.7131424706630553,-0.14069219584949622,3581
4,false,0.8000000917617716,0.7131424706630553,-0.09703924003324405,3582
5,false,0.8000000897906028,0.7131424706630553,-0.2921010719607673,3583
6,false,0.800000091784125,0.7131424706630553,-0.2518978626423626,3584
7,false,0.8000000917791319,0.7131424706630553,-0.08715678486595668,3585
8,false,0.8000000914770533,0.734024839558098,-0.06597525191895526,3586
9,false,0.8000000902944563,0.734024839558098,-Inf,3587
10,false,0.8000000917849717,0.734024839558098,-0.10614188090511945,3588
11,false,0.8000000912883043,0.734024839558098,-0.09959157004515684,3589
12,false,0.8000000904338862,0.734024839558098,-0.2793082557420805,3590
13,false,0.8000000908579411,0.734024839558098,-0.08559523023079152,3591
14,false,0.8000000916721349,0.734024839558098,-0.09694637566235698,3592
15,false,0.800000090244133,0.734024839558098,-0.13146911437126318,3593
16,false,0.8000000901214155,0.734024839558098,-0.1332857071826048,3594
17,false,0.8000000916218635,0.734024839558098,-0.09408534783269173,3595
18,false,0.8000000916391798,0.734024839558098,-0.07876396641920591,3596
19,false,0.8000000905441004,0.734024839558098,-0.11004203812220437,3597
20,false,0.8000000916105321,0.734024839558098,-0.2476467398123845,3598
21,false,0.8000000915308145,0.734024839558098,-0.09570774859728415,3599
22,false,0.8000000912987609,0.734024839558098,-0.09544992639001859,3600
23,false,0.8000000915415042,0.734024839558098,-0.24993673178675158,3601
24,false,0.8000000890707335,0.734024839558098,-0.14491478909637334,3602
25,false,0.8000000916398694,0.734024839558098,-0.10741193440560803,3603
26,false,0.8000000912127017,0.734024839558098,-0.08590629657853954,3604
27,false,0.8000000914102996,0.734024839558098,-0.11081003395689137,3605
28,false,0.8000000886198619,0.734024839558098,-0.08167680800234656,3606
29,false,0.8000000904949146,0.734024839558098,-0.10564879786780945,3607
30,false,0.8000000909597293,0.734024839558098,-0.10490719620993871,3608
31,false,0.8000000915269528,0.734024839558098,-0.09466641689469302,3609
32,false,0.8000000894245376,0.734024839558098,-0.30666363014914627,3610
33,false,0.8000000899659643,0.734024839558098,-0.30615194003457513,3611
34,false,0.800000091507083,0.734024839558098,-0.09086445656376829,3612
35,false,0.8000000915121792,0.734024839558098,-0.09173908510186224,3613
36,false,0.8000000910390952,0.734024839558098,-0.09467647456908279,3614
37,false,0.8000000911072547,0.734024839558098,-0.08885218894692004,3615
38,false,0.8000000913602087,0.734024839558098,-0.10346804553916178,3616
39,false,0.8000000914868984,0.734024839558098,-0.09487698201525319,3617
40,false,0.8000000907752687,0.734024839558098,-0.09651105570229324,3618
41,false,0.800000090222605,0.734024839558098,-0.0972049745384409,3619
42,false,0.8000000888313227,0.734024839558098,-0.14634733857442472,3620
43,false,0.8000000916817971,0.734024839558098,-0.2636488349345223,3621
44,false,0.800000090482718,0.734024839558098,-0.28378677186721246,3622
45,false,0.800000091472705,0.734024839558098,-0.09827851615807126,3623
46,false,0.8000000897868309,0.734024839558098,-0.09691046113389867,3624
47,false,0.8000000906605212,0.734024839558098,-0.0843427350486341,3625
48,false,0.80000009061987,0.734024839558098,-0.08932143617437827,3626
49,false,0.8000000904211783,0.734024839558098,-0.08878019326529085,3627
50,false,0.8000000909173883,0.734024839558098,-0.09420659801990094,3628
51,false,0.8000000915493937,0.734024839558098,-0.2597448311012789,3629
52,false,0.8000000914692864,0.734024839558098,-0.2487292403954997,3630
53,false,0.8000000914442291,0.734024839558098,-0.2484569338125231,3631
54,false,0.8000000912310585,0.734024839558098,-0.25891366214214573,3632
55,false,0.8000000908224194,0.734024839558098,-0.09187697128560068,3633
56,false,0.8000000915420127,0.734024839558098,-0.10541359693292285,3634
57,false,0.8000000914367023,0.734024839558098,-0.09348563218078154,3635
58,false,0.8000000908735961,0.734024839558098,-0.0858176979831804,3636
59,false,0.8000000897238477,0.734024839558098,-0.14201305152329768,3637
60,false,0.8000000891418664,0.734024839558098,-0.14399556248907486,3638
61,false,0.8000000914276585,0.734024839558098,-0.09455617934248495,3639
62,false,0.8000000914396359,0.734024839558098,-0.0981715673207808,3640
63,false,0.8000000909779723,0.734024839558098,-0.08895230271975174,3641
64,false,0.800000090894035,0.734024839558098,-0.0782591028897297,3642
65,false,0.8000000914231588,0.734024839558098,-0.09422225629649417,3643
66,false,0.8000000914250722,0.734024839558098,-0.09944584206118168,3644
67,false,0.8000000914182916,0.734024839558098,-0.09678861805568895,3645
68,false,0.8000000902625408,0.7708491722650512,-0.02915091799748959,3646
0,false,0.8000000875445017,0.4964708959398525,-0.3035291916046492,3673
1,false,0.8000000913183241,0.7147731283691212,-0.08522696294920284,3674
2,false,0.8000000830234508,0.7147731283691212,-0.34448638131329407,3675
3,false,0.800000082551461,0.7147731283691212,-0.16930024715425196,3676
4,false,0.8000000824890376,0.7147731283691212,-0.35674964540218473,3677
5,false,0.8000000906544951,0.7147731283691212,-0.1215851154565063,3678
6,false,0.8000000879573371,0.7147731283691212,-0.11273806184182111,3679
7,false,0.8000000864121617,0.7147731283691212,-0.11916589567426272,3680
8,false,0.8000000846483915,0.7147731283691212,-0.34348514481444037,3681
9,false,0.8000000833893967,0.7147731283691212,-0.3572095953475313,3682
10,false,0.8000000805113818,0.7147731283691212,-0.19764338633713452,3683
11,false,0.8000000873876082,0.7147731283691212,-0.10280234181620485,3684
12,false,0.800000081869694,0.7147731283691212,-0.1808123703322484,3685
13,false,0.8000000888764353,0.7244402064074685,-0.07555988246896672,3686
14,false,0.8000000854378366,0.7244402064074685,-0.3275740847439834,3687
15,false,0.8000000817200598,0.7244402064074685,-0.1833470916853357,3688
16,false,0.8000000822662628,0.7244402064074685,-0.3596735077942967,3689
17,false,0.8000000843742886,0.7244402064074685,-0.14858909215061789,3690
18,false,0.8000000807981079,0.7244402064074685,-0.24731169068465164,3691
19,false,0.8000000838175456,0.7244402064074685,-0.14938830154986737,3692
20,false,0.8000000913934018,0.7244402064074685,-0.08979557470859223,3693
21,false,0.8000000865757603,0.7244402064074685,-0.11484019180855587,3694
22,false,0.8000000783005629,0.7244402064074685,-0.3836606601532699,3695
23,false,0.8000000824554658,0.7244402064074685,-0.23139653138196636,3696
24,false,0.8000000890701962,0.7244402064074685,-0.2791177880070974,3697
25,false,0.8000000895103027,0.7244402064074685,-0.2756231010874084,3698
26,false,0.8000000846766298,0.7244402064074685,-0.143623800171235,3699
27,false,0.8000000867443905,0.7244402064074685,-0.3175664367870448,3700
28,false,0.8000000812483002,0.7244402064074685,-0.15966064117123613,3701
29,false,0.8000000887004214,0.7244402064074685,-0.07935409604963228,3702
30,false,0.8000000883808307,0.7244402064074685,-0.08505128744798451,3703
31,false,0.8000000914099725,0.7244402064074685,-0.07990084942639275,3704
32,false,0.8000000878390672,0.7244402064074685,-0.11478151595980968,3705
33,false,0.8000000912301343,0.7244402064074685,-0.08364026937853941,3706
34,false,0.8000000913979559,0.7244402064074685,-0.07926786641666816,3707
35,false,0.8000000843286357,0.7244402064074685,-0.20465035956685151,3708
36,false,0.8000000840732482,0.7244402064074685,-0.12582007761211333,3709
37,false,0.8000000914159389,0.7244402064074685,-0.09960980143520892,3710
38,false,0.8000000902889184,0.7244402064074685,-0.1190802317368942,3711
39,false,0.8000000862976084,0.7244402064074685,-0.11901095784788329,3712
40,false,0.8000000853537054,0.7244402064074685,-0.13328288268784982,3713
41,false,0.8000000795601355,0.7244402064074685,-0.19216503069558577,3714
42,false,0.8000000841963326,0.7244402064074685,-0.1502173050503819,3715
43,false,0.8000000913877673,0.7244402064074685,-0.09718414212470472,3716
44,false,0.8000000867976943,0.7244402064074685,-0.10740746743990992,3717
45,false,0.8000000885168922,0.7244402064074685,-0.08253585125548113,3718
46,false,0.8000000814614998,0.7244402064074685,-0.15536532899767408,3719
47,false,0.8000000913962774,0.7244402064074685,-0.09994347396430947,3720
48,false,0.8000000847801858,0.7244402064074685,-Inf,3721
49,false,0.8000000913895225,0.7244402064074685,-0.09733443996918978,3722
50,false,0.8000000889325879,0.7244402064074685,-0.28401242088000034,3723
51,false,0.8000000859862093,0.7244402064074685,-0.1224080298123581,3724
52,false,0.8000000914013872,0.7244402064074685,-0.09516839601792415,3725
53,false,0.8000000908175133,0.7244402064074685,-0.12342346908029311,3726
54,false,0.8000000913661094,0.7244402064074685,-0.24559872601443566,3727
55,false,0.8000000869964736,0.7244402064074685,-0.10602845642955305,3728
56,false,0.8000000888337563,0.7244402064074685,-0.09739987147124085,3729
57,false,0.8000000913858125,0.7244402064074685,-0.09596513605492651,3730
58,false,0.8000000913791634,0.7244402064074685,-0.09096293131331601,3731
59,false,0.8000000913932517,0.7244402064074685,-0.25097481323012416,3732
60,false,0.8000000910212328,0.7244402064074685,-0.2562560010468007,3733
61,false,0.800000088677558,0.7244402064074685,-0.2907577569382771,3734
62,false,0.8000000826075209,0.7244402064074685,-0.16622136628429607,3735
63,false,0.8000000913689653,0.7244402064074685,-0.09090021900744838,3736
64,false,0.8000000869236925,0.7244402064074685,-0.32103714467828237,3737
65,false,0.8000000904229261,0.7244402064074685,-0.2723008127577552,3738
66,false,0.8000000913424996,0.7244402064074685,-0.09093855038328869,3739
67,false,0.8000000899438136,0.7244402064074685,-0.09745415517048783,3740
68,false,0.8000000910455232,0.7254038051117029,-0.07459628593382028,3741
69,false,0.8000000881385916,0.7254038051117029,-0.08820481570459227,3742
70,false,0.8000000860978347,0.7254038051117029,-0.11911285729641552,3743
71,false,0.8000000913579146,0.7254038051117029,-0.08493593585439219,3744
72,false,0.8000000877203597,0.7254038051117029,-0.11597350479612123,3745
73,false,0.8000000910966536,0.7254038051117029,-0.08357304977928237,3746
74,false,0.8000000866963797,0.7254038051117029,-0.33096093388576847,3747
75,false,0.8000000896047119,0.7898103152520768,-0.010189774352635128,3748
0,false,0.8000000878164774,0.6375950242906151,-0.16240506352586226,3752
1,false,0.8000000891387784,0.6375950242906151,-0.2898700094307711,3753
2,false,0.8000000891490916,0.6612907449732376,-0.138709344175854,3754
3,false,0.8000000889272268,0.6612907449732376,-0.28866858541162654,3755
4,false,0.8000000885469447,0.6612907449732376,-0.15277168033043287,3756
5,false,0.8000000891186951,0.6612907449732376,-0.2798048041393597,3757
6,false,0.8000000891001487,0.6612907449732376,-0.13900017792085773,3758
7,false,0.8000000890838755,0.6612907449732376,-0.14152548575951618,3759
8,false,0.8000000890779616,0.6612907449732376,-0.1396956391815627,3760
9,false,0.8000000890770367,0.6612907449732376,-0.1395937564886197,3761
10,false,0.8000000890687305,0.6612907449732376,-0.28696000928425813,3762
11,false,0.8000000890637825,0.6612907449732376,-0.27973104716780794,3763
12,false,0.8000000890914212,0.6612907449732376,-0.28228304267285276,3764
13,false,0.8000000890474688,0.6612907449732376,-0.2836913343436249,3765
14,false,0.8000000890301596,0.6642131283455538,-0.13578696068460583,3766
15,false,0.8000000890300074,0.6642131283455538,-0.2843923115684879,3767
16,false,0.800000089014848,0.6642131283455538,-0.28523694198892335,3768
17,false,0.8000000890268805,0.6642131283455538,-0.2850058552194271,3769
18,false,0.8000000887424508,0.6642131283455538,-0.14574649778691084,3770
19,false,0.8000000890135519,0.6642131283455538,-0.28362266940638026,3771
20,false,0.8000000890187605,0.6642131283455538,-0.28508748808113393,3772
21,false,0.8000000887972014,0.6642131283455538,-0.2986988222598118,3773
22,false,0.8000000890214396,0.6642131283455538,-0.28133870604517475,3774
23,false,0.8000000890155358,0.6642131283455538,-0.2827270524459201,3775
24,false,0.8000000889201985,0.6642131283455538,-0.14090739907918137,3776
25,false,0.800000089027574,0.6642131283455538,-0.2836675223750602,3777
26,false,0.8000000890176701,0.6642131283455538,-0.2844539632426403,3778
27,false,0.8000000890020923,0.6642131283455538,-0.2848343843594555,3779
28,false,0.8000000890219235,0.6642131283455538,-0.2841723739265172,3780
29,false,0.8000000889989023,0.6642131283455538,-0.2839220135669158,3781
30,false,0.8000000890028076,0.6642131283455538,-0.2847561919803824,3782
31,false,0.8000000890151906,0.6642131283455538,-0.2841174332569122,3783
32,false,0.8000000890162389,0.6642131283455538,-0.28499609419342553,3784
33,false,0.800000089006947,0.6642131283455538,-0.28279782894145666,3785
34,false,0.8000000890143136,0.6642131283455538,-0.13741907736623993,3786
35,false,0.800000089003238,0.6642131283455538,-0.28324341852094326,3787
36,false,0.8000000888793309,0.6642131283455538,-0.13863374992074085,3788
37,false,0.8000000890100503,0.6642131283455538,-0.2832484696434847,3789
38,false,0.8000000890084382,0.6642131283455538,-0.28352029452841854,3790
39,false,0.800000089016724,0.6642131283455538,-0.28345197210433404,3791
40,false,0.8000000890102658,0.6642131283455538,-0.2828269377610638,3792
41,false,0.800000089009404,0.6642131283455538,-0.2824984929486368,3793
42,false,0.8000000889909974,0.6642131283455538,-0.2829336089398533,3794
43,false,0.8000000890079151,0.6642131283455538,-0.28222389305025386,3795
44,false,0.8000000889959434,0.6642131283455538,-0.2824035996499049,3796
45,false,0.8000000890016861,0.6642131283455538,-0.2829884058216775,3797
46,false,0.8000000890510293,0.6642131283455538,-0.13582927593075156,3798
47,false,0.8000000890098198,0.6642131283455538,-0.13642114170005593,3799
48,false,0.8000000885806962,0.6642131283455538,-0.319541002059912,3800
49,false,0.8000000890099039,0.6642131283455538,-0.2811811974366978,3801
50,false,0.8000000890082719,0.6642131283455538,-0.2817451392017467,3802
51,false,0.8000000890217174,0.6642131283455538,-0.2815527904049522,3803
52,false,0.8000000889969332,0.6642131283455538,-0.28155388687797633,3804
53,false,0.8000000890061847,0.6642131283455538,-0.13842348942748517,3805
54,false,0.8000000890131287,0.6642131283455538,-0.2827070980437355,3806
55,false,0.8000000890021108,0.6642131283455538,-0.2822854943883115,3807
56,false,0.8000000890032628,0.6642131283455538,-0.2841792988392494,3808
57,false,0.800000088919429,0.7203361601195933,-0.07966392879983564,3809
58,false,0.8000000890052318,0.7203361601195933,-0.28213145949583607,3810
59,false,0.8000000890035651,0.7203361601195933,-0.1360083650039473,3811
60,false,0.8000000890081383,0.7203361601195933,-0.2839716029892889,3812
61,false,0.8000000890089196,0.7203361601195933,-0.28413294708717773,3813
62,false,0.8000000890180299,0.7203361601195933,-0.2839517760798761,3814
63,false,0.8000000890107126,0.7203361601195933,-0.2832580731565064,3815
64,false,0.800000089007327,0.7203361601195933,-0.13592702189949835,3816
65,false,0.8000000890057641,0.7203361601195933,-0.2841326053266,3817
66,false,0.800000089024392,0.7203361601195933,-0.2834206642785817,3818
67,false,0.8000000890050398,0.7203361601195933,-0.1368023826987601,3819
68,false,0.8000000890274611,0.7203361601195933,-0.13529820977563556,3820
69,false,0.8000000865744162,0.7203361601195933,-0.3426023180428005,3821
70,false,0.8000000890087671,0.7203361601195933,-0.2811535518459367,3822
71,false,0.8000000889037663,0.7203361601195933,-0.1363266678130325,3823
72,false,0.800000089003491,0.7203361601195933,-0.13581619589413774,3824
73,false,0.8000000890213332,0.7203361601195933,-0.2831530617037592,3825
74,false,0.8000000890050257,0.7203361601195933,-0.13629122750222777,3826
75,false,0.800000088997787,0.7203361601195933,-0.1368744463424889,3827
76,false,0.8000000890057369,0.7203361601195933,-0.1368810475438773,3828
77,false,0.800000089006859,0.7203361601195933,-0.13600842678773506,3829
78,false,0.8000000889776994,0.7203361601195933,-0.13646150234219545,3830
79,false,0.8000000890044497,0.7203361601195933,-0.13597383443506506,3831
80,false,0.8000000890003582,0.7203361601195933,-0.2835084783047934,3832
81,false,0.8000000890065634,0.7203361601195933,-0.2825464021914551,3833
82,false,0.8000000890102141,0.7203361601195933,-0.28268453078321265,3834
83,false,0.8000000890091389,0.7203361601195933,-0.28221376494921313,3835
84,false,0.8000000890009359,0.7203361601195933,-0.2830135351391502,3836
85,false,0.8000000890095315,0.7203361601195933,-0.28271158076167324,3837
86,false,0.8000000890063372,0.7203361601195933,-0.1362359572852847,3838
87,false,0.8000000890107057,0.7203361601195933,-0.13605190447193694,3839
88,false,0.8000000890037382,0.7203361601195933,-0.28334329761376165,3840
89,false,0.8000000889830158,0.7203361601195933,-0.13631763656004925,3841
90,false,0.8000000889919345,0.7203361601195933,-0.2824104187827229,3842
91,false,0.800000088998767,0.7203361601195933,-0.28322087168107735,3843
92,false,0.800000088958981,0.7203361601195933,-0.2861620737626335,3844
93,false,0.8000000890070289,0.7203361601195933,-0.13660335386316036,3845
94,false,0.8000000889457182,0.7203361601195933,-0.13649589077727575,3846
95,false,0.8000000889514279,0.7203361601195933,-0.28380223133186755,3847
96,false,0.8000000890024543,0.7203361601195933,-0.13615968502418263,3848
97,false,0.8000000889933525,0.7203361601195933,-0.13600000162651782,3849
98,false,0.8000000890019912,0.7203361601195933,-0.13574596075059286,3850
99,false,0.8000000889977481,0.7203361601195933,-0.1362082754771723,3851
100,false,0.8000000889982155,0.7203361601195933,-0.1359614802321667,3852
101,false,0.8000000889986127,0.7203361601195933,-0.13702077089016584,3853
102,false,0.8000000890011845,0.7203361601195933,-0.2829204113005972,3854
103,false,0.80000008899907,0.7203361601195933,-0.1358205007534472,3855
104,false,0.8000000890103851,0.7203361601195933,-0.1353864222186434,3856
105,false,0.8000000889966212,0.7958596911614757,-0.004140397835145526,3857
106,false,0.8000000889594652,0.7958596911614757,-0.2744150931869287,3858
107,false,0.8000000889703789,0.7958596911614757,-0.27337071329016793,3859
108,false,0.8000000889226134,0.7958596911614757,-0.2857931264586162,3860
109,false,0.8000000889580124,0.7958596911614757,-0.2749850781056654,3861
110,false,0.8000000889550429,0.7958596911614757,-0.2760746326208394,3862
111,false,0.8000000889875207,0.7958596911614757,-0.27362146497846085,3863
112,false,0.8000000889559209,0.7958596911614757,-0.27415996509030705,3864
113,false,0.8000000889302081,0.7958596911614757,-0.1315341095549193,3865
114,false,0.8000000888590169,0.7958596911614757,-0.2949622346999501,3866
115,false,0.8000000889102503,0.7958596911614757,-0.09244144135177002,3867
116,false,0.8000000887675401,0.7958596911614757,-0.30429332902611383,3868
117,false,0.8000000889318603,0.7958596911614757,-0.271479663453439,3869
118,false,0.8000000888463965,0.7958596911614757,-0.29484192809149556,3870
119,false,0.8000000885570386,0.7958596911614757,-0.31313416688983076,3871
120,false,0.8000000889625308,0.7958596911614757,-0.12958922034225506,3872
121,false,0.8000000888916311,0.7958596911614757,-0.29140043274009364,3873
122,false,0.8000000889391735,0.7958596911614757,-0.26896395643445425,3874
123,false,0.8000000889462705,0.7958596911614757,-0.12851301931145065,3875
124,false,0.8000000889554577,0.7958596911614757,-0.12880151711845922,3876
125,false,0.8000000889519749,0.7958596911614757,-0.1307546113004413,3877
126,false,0.8000000889453383,0.7958596911614757,-0.2793215074069242,3878
127,false,0.8000000889393034,0.7958596911614757,-0.27820132381454543,3879
128,false,0.800000088943337,0.7958596911614757,-0.2779340273920685,3880
0,false,0.8000000850180508,0.5161374742383275,-0.2838626107797233,3852
1,false,0.8000000889221528,0.6761655896480666,-0.12383449927408618,3853
2,false,0.8000000877117299,0.6761655896480666,-0.25556972228932195,3854
3,false,0.8000000886725068,0.6761655896480666,-0.2403189571873966,3855
4,false,0.8000000883688503,0.6761655896480666,-0.2518171963551308,3856
5,false,0.800000088881581,0.6801815912990345,-0.11981849758254648,3857
6,false,0.8000000876525261,0.6801815912990345,-0.2528662749046027,3858
7,false,0.8000000873400767,0.6801815912990345,-0.14372799001613557,3859
8,false,0.8000000851966849,0.6801815912990345,-0.17274220555735442,3860
9,false,0.8000000888349277,0.6801815912990345,-0.2422871488677032,3861
10,false,0.8000000866909608,0.6801815912990345,-0.2665909085644774,3862
11,false,0.8000000887973447,0.6821720920279193,-0.11782799676942546,3863
12,false,0.8000000887826673,0.6821720920279193,-0.2477515013995295,3864
13,false,0.8000000888054482,0.6821720920279193,-0.11972194144067605,3865
14,false,0.8000000879690526,0.6821720920279193,-0.25341218083747286,3866
15,false,0.800000086794181,0.6821720920279193,-0.25886234978027467,3867
16,false,0.800000088355011,0.6821720920279193,-0.2430467997590332,3868
17,false,0.8000000887624593,0.6821720920279193,-0.23758168740831154,3869
18,false,0.8000000888078892,0.6821720920279193,-0.2393158157934946,3870
19,false,0.8000000887933769,0.6821720920279193,-0.24065422224568866,3871
20,false,0.8000000886049727,0.6821720920279193,-0.2379113699905514,3872
21,false,0.8000000881047247,0.7078461824427916,-0.09215390566193304,3873
22,false,0.8000000888014615,0.7078461824427916,-0.24082387773042158,3874
23,false,0.800000088528458,0.7078461824427916,-0.2502996034049988,3875
24,false,0.8000000888007298,0.7078461824427916,-0.24133173526411744,3876
25,false,0.8000000887809554,0.7078461824427916,-0.23934084158871938,3877
26,false,0.8000000887873508,0.7078461824427916,-0.2381194843165786,3878
27,false,0.8000000887909099,0.7078461824427916,-0.24283250551254942,3879
28,false,0.8000000885363749,0.7078461824427916,-0.2485692362298657,3880
29,false,0.8000000853436378,0.7078461824427916,-0.2804597561717219,3881
30,false,0.8000000875388761,0.7078461824427916,-0.2527273369560844,3882
31,false,0.8000000886963935,0.7345463439372443,-0.06545374475914922,3883
32,false,0.8000000887756935,0.7345463439372443,-0.24118427680573762,3884
33,false,0.800000085987234,0.7345463439372443,-0.2590857696453388,3885
34,false,0.8000000888132694,0.7345463439372443,-0.11495300452760604,3886
35,false,0.8000000887931387,0.7345463439372443,-0.24133331200737818,3887
36,false,0.8000000871297575,0.7345463439372443,-0.09342515192655276,3888
37,false,0.800000088797761,0.7345463439372443,-0.24168328113013593,3889
38,false,0.8000000863527523,0.7345463439372443,-0.25807071332910403,3890
39,false,0.8000000884145437,0.7345463439372443,-0.24483293723606847,3891
40,false,0.800000088896994,0.7345463439372443,-0.11940613919357623,3892
41,false,0.800000087559851,0.7345463439372443,-0.10326832534833397,3893
42,false,0.8000000879451046,0.7345463439372443,-0.25310730745387877,3894
43,false,0.8000000869121658,0.7345463439372443,-0.25396121168432206,3895
44,false,0.800000088777244,0.7345463439372443,-0.1175721549923171,3896
45,false,0.8000000889094603,0.7345463439372443,-0.13303197123460486,3897
46,false,0.8000000874204561,0.7345463439372443,-0.14131785547326492,3898
47,false,0.8000000888061726,0.7345463439372443,-0.2428426909666711,3899
48,false,0.8000000878816308,0.7345463439372443,-0.24830125407089498,3900
49,false,0.8000000879824907,0.7345463439372443,-0.13268104890784782,3901
50,false,0.8000000875082448,0.7345463439372443,-0.1406839325466246,3902
51,false,0.8000000887859464,0.7345463439372443,-0.24343206871666578,3903
52,false,0.8000000881732199,0.7345463439372443,-0.2466276229584734,3904
53,false,0.8000000844804839,0.7345463439372443,-0.1815444992053723,3905
54,false,0.8000000845884496,0.7345463439372443,-0.29994199773038277,3906
55,false,0.8000000889606457,0.7345463439372443,-0.1316460897629208,3907
56,false,0.8000000869573483,0.7345463439372443,-0.2582176800502689,3908
57,false,0.8000000888286821,0.7345463439372443,-0.11808474928458457,3909
58,false,0.8000000889025998,0.7345463439372443,-0.12477357428762148,3910
59,false,0.8000000887570939,0.7345463439372443,-0.24855985369916933,3911
60,false,0.8000000884895873,0.7345463439372443,-0.2511727949812995,3912
61,false,0.8000000864140816,0.7345463439372443,-0.2697111070356798,3913
62,false,0.8000000866339502,0.7345463439372443,-0.07801930240754629,3914
63,false,0.8000000874228647,0.7345463439372443,-0.12693623645091057,3915
64,false,0.8000000887842049,0.7345463439372443,-0.24152597584434488,3916
65,false,0.8000000889263021,0.7345463439372443,-0.2792612947006805,3917
66,false,0.8000000867405681,0.7345463439372443,-0.26433970911727966,3918
67,false,0.8000000888933215,0.7345463439372443,-0.12152727890295922,3919
68,false,0.8000000883852936,0.7345463439372443,-0.25293212520924824,3920
69,false,0.8000000888947746,0.7345463439372443,-Inf,3921
70,false,0.8000000887872235,0.7345463439372443,-0.11571624912895917,3922
71,false,0.8000000866777968,0.7345463439372443,-0.14652838252679823,3923
72,false,0.8000000887783972,0.7399562279849305,-0.060043860793466686,3924
73,false,0.8000000875767878,0.757887418858741,-0.04211266871804675,3925
74,false,0.8000000876091237,0.757887418858741,-0.2771975355269324,3926
75,false,0.800000088747836,0.757887418858741,-0.09573246315089623,3927
76,false,0.8000000887626901,0.757887418858741,-0.30441645409633233,3928
77,false,0.8000000856655383,0.757887418858741,-0.08421014581813668,3929
78,false,0.800000088740838,0.757887418858741,-0.305060511127714,3930
79,false,0.8000000884545432,0.757887418858741,-0.13927304197347812,3931
80,false,0.8000000887431563,0.757887418858741,-0.3035223159677676,3932
81,false,0.8000000887367296,0.757887418858741,-0.09662715734163319,3933
82,false,0.8000000887317605,0.757887418858741,-0.09677073076283116,3934
83,false,0.8000000887370727,0.757887418858741,-0.3031822357542882,3935
84,false,0.8000000885441667,0.757887418858741,-0.1397395992394883,3936
85,false,0.8000000887391573,0.757887418858741,-0.30389740032715223,3937
86,false,0.8000000884853496,0.757887418858741,-0.13932611789838623,3938
87,false,0.8000000887224297,0.757887418858741,-0.09419562714728635,3939
88,false,0.800000088436637,0.757887418858741,-0.1393145790237692,3940
89,false,0.8000000886775438,0.757887418858741,-0.14401003264165535,3941
90,false,0.8000000883414573,0.757887418858741,-0.13922734007720372,3942
91,false,0.8000000813058891,0.757887418858741,-0.31970090474022733,3943
92,false,0.8000000886124186,0.757887418858741,-0.1421926420661831,3944
93,false,0.8000000837804178,0.757887418858741,-0.2914194538745378,3945
94,false,0.8000000879368214,0.757887418858741,-0.14182199639209814,3946
95,false,0.8000000838697083,0.757887418858741,-0.292966892770407,3947
96,false,0.8000000881914078,0.757887418858741,-0.1415896324757937,3948
97,false,0.8000000876002175,0.757887418858741,-0.07590887312364614,3949
98,false,0.8000000887287364,0.757887418858741,-0.3032886113401905,3950
99,false,0.8000000838913788,0.757887418858741,-0.13135171755981412,3951
100,false,0.8000000887283014,0.757887418858741,-0.30326279407010026,3952
101,false,0.8000000838153771,0.757887418858741,-0.12017501388223506,3953
102,false,0.8000000820270128,0.757887418858741,-0.31276854275361315,3954
103,false,0.8000000885582089,0.757887418858741,-0.30033198845022335,3955
104,false,0.8000000879658772,0.757887418858741,-0.29004002213673596,3956
105,false,0.8000000887379886,0.757887418858741,-0.30308244406119667,3957
106,false,0.8000000822688881,0.757887418858741,-0.31424252198384617,3958
107,false,0.800000088665928,0.757887418858741,-0.1442667394965731,3959
108,false,0.800000088003398,0.757887418858741,-0.28856341861765555,3960
109,false,0.8000000887237715,0.757887418858741,-0.3033439605966713,3961
110,false,0.8000000880826348,0.757887418858741,-0.2892735717690641,3962
111,false,0.8000000882763969,0.757887418858741,-0.1389371486082207,3963
112,false,0.8000000886980296,0.757887418858741,-0.30187952912667304,3964
113,false,0.8000000886204389,0.757887418858741,-0.14337230331134287,3965
114,false,0.8000000886265386,0.757887418858741,-0.3015941955561589,3966
115,false,0.8000000885121915,0.757887418858741,-0.2991919235763495,3967
116,false,0.8000000884607084,0.757887418858741,-0.13852935994555615,3968
117,false,0.8000000886707899,0.757887418858741,-0.14444870423655432,3969
118,false,0.8000000880316375,0.757887418858741,-0.14051856508222027,3970
119,false,0.800000084330562,0.757887418858741,-0.2782176492841849,3971
120,false,0.800000088708665,0.757887418858741,-0.09356807807060097,3972
121,false,0.8000000887248744,0.757887418858741,-0.302950430016217,3973
122,false,0.8000000886883295,0.757887418858741,-0.30171062258657144,3974
123,false,0.8000000886384278,0.757887418858741,-0.14361803652414873,3975
124,false,0.8000000878746575,0.757887418858741,-0.286087967904303,3976
125,false,0.8000000825690763,0.757887418858741,-0.3004353000805678,3977
126,false,0.8000000848888188,0.757887418858741,-0.2995483281305794,3978
127,false,0.8000000886632148,0.757887418858741,-0.3023335189650972,3979
128,false,0.8000000879493648,0.757887418858741,-0.14078964419671502,3980
0,false,0.8000000887359496,0.49710952825660154,-0.3028905604793481,3982
1,false,0.8000000886523808,0.6446762818483425,-0.15532380680403834,3983
2,false,0.8000000886536383,0.6446762818483425,-0.30242727142643666,3984
3,false,0.8000000886916301,0.6446762818483425,-0.3021518596297723,3985
4,false,0.8000000881837286,0.6446762818483425,-0.31124685923568657,3986
5,false,0.8000000886874815,0.698444816764551,-0.10155527192293057,3987
6,false,0.8000000887295111,0.698444816764551,-0.30292807073374695,3988
7,false,0.8000000880494398,0.698444816764551,-0.312048898230873,3989
8,false,0.8000000885685753,0.698444816764551,-0.3081510061499992,3990
9,false,0.8000000886155417,0.698444816764551,-0.3045403420888724,3991
10,false,0.8000000886662885,0.698444816764551,-0.302023178651996,3992
11,false,0.8000000886349818,0.698444816764551,-0.30324770951511315,3993
12,false,0.800000088022564,0.698444816764551,-0.31504479723713064,3994
13,false,0.8000000887323214,0.698444816764551,-0.3033401699543402,3995
14,false,0.8000000886274207,0.698444816764551,-0.14319492464919525,3996
15,false,0.8000000887237938,0.698444816764551,-0.30302896991626654,3997
16,false,0.8000000887316314,0.698444816764551,-0.30322870599092516,3998
17,false,0.800000088716022,0.698444816764551,-0.30285241357619264,3999
18,false,0.8000000886489046,0.698444816764551,-0.10517650482786056,4000
19,false,0.8000000886353144,0.7066882450285263,-0.09331184360678801,4001
20,false,0.8000000887182287,0.7066882450285263,-0.30305714088263697,4002
21,false,0.8000000886722164,0.7066882450285263,-0.10281538916628097,4003
22,false,0.8000000887159547,0.7066882450285263,-0.3021534028396145,4004
23,false,0.8000000887227514,0.7066882450285263,-0.3029095348241553,4005
24,false,0.800000088712036,0.7066882450285263,-0.3027513657353553,4006
25,false,0.8000000887098305,0.7066882450285263,-0.3028933216514273,4007
26,false,0.8000000887182936,0.7066882450285263,-0.303336274485274,4008
27,false,0.8000000886820329,0.7066882450285263,-0.3035968484530831,4009
28,false,0.800000088677542,0.7066882450285263,-0.10190302635333404,4010
29,false,0.8000000887231997,0.7066882450285263,-0.30307638643651197,4011
30,false,0.8000000887059491,0.7066882450285263,-0.3027421965636217,4012
31,false,0.8000000887290195,0.7066882450285263,-0.3032152071548925,4013
32,false,0.8000000887174623,0.7066882450285263,-0.303276860459242,4014
33,false,0.8000000887166357,0.7066882450285263,-0.3030444434236715,4015
34,false,0.800000088712107,0.7066882450285263,-0.3026125656509445,4016
35,false,0.8000000887026032,0.7066882450285263,-0.3031023668633205,4017
36,false,0.8000000887190631,0.7066882450285263,-0.30313744771778384,4018
37,false,0.8000000887079192,0.709291564249536,-0.09070852445838318,4019
38,false,0.8000000887090003,0.709291564249536,-0.3040879772219319,4020
39,false,0.8000000885697027,0.709291564249536,-0.10708313504157574,4021
40,false,0.8000000886949653,0.709291564249536,-0.09947829012661091,4022
41,false,0.8000000887114078,0.709291564249536,-0.3029873751484864,4023
42,false,0.8000000887195043,0.7097423664810623,-0.09025772223844208,4024
43,false,0.8000000886653106,0.7097423664810623,-0.10160600843798218,4025
44,false,0.8000000887204803,0.7097423664810623,-0.09608873477225588,4026
45,false,0.8000000887222799,0.7097423664810623,-0.3033540111718611,4027
46,false,0.800000088697727,0.7097423664810623,-0.09100033726759027,4028
47,false,0.8000000887075782,0.7097423664810623,-0.09715883267282066,4029
48,false,0.8000000886987868,0.7097423664810623,-0.09816461545526112,4030
49,false,0.8000000885762648,0.7097423664810623,-0.3065391841160684,4031
50,false,0.800000088654794,0.7097423664810623,-0.10195351850094758,4032
51,false,0.8000000886856118,0.7097423664810623,-0.0991192860649146,4033
52,false,0.8000000885635848,0.7097423664810623,-0.10644074803549342,4034
53,false,0.8000000886188284,0.7097423664810623,-0.09195633545751603,4035
54,false,0.8000000887146896,0.7097423664810623,-0.3033247540706177,4036
55,false,0.8000000887013485,0.7097423664810623,-0.09028109459789757,4037
56,false,0.8000000887132087,0.7097423664810623,-0.3030221943513531,4038
57,false,0.800000088711465,0.7098280891349084,-0.09017199957655664,4039
58,false,0.8000000886967362,0.7098280891349084,-0.09045132063275019,4040
59,false,0.8000000887183176,0.7098280891349084,-0.30335186000992564,4041
60,false,0.8000000887128375,0.7098280891349084,-0.3033337652466899,4042
61,false,0.8000000887145737,0.7108751653274847,-0.089124923387089,4043
62,false,0.8000000887105314,0.7108751653274847,-0.30344751514084256,4044
63,false,0.8000000887027905,0.7108751653274847,-0.09771782418112429,4045
64,false,0.800000088710789,0.7108751653274847,-0.3032010460617051,4046
65,false,0.8000000887100742,0.7108751653274847,-0.30309611475498405,4047
66,false,0.8000000887196752,0.7108751653274847,-0.3033345860388298,4048
67,false,0.8000000887192408,0.7108751653274847,-0.30337800658107816,4049
68,false,0.8000000887145293,0.7108751653274847,-0.30325239156656036,4050
69,false,0.8000000887082708,0.7108751653274847,-0.3029727057387448,4051
70,false,0.8000000887092458,0.7108751653274847,-0.3033710793100034,4052
71,false,0.8000000887070522,0.7108751653274847,-0.30329031153620506,4053
72,false,0.8000000887079084,0.7108751653274847,-0.3033075460585502,4054
73,false,0.8000000887114032,0.7108751653274847,-0.09646087112810808,4055
74,false,0.8000000887066299,0.7108751653274847,-0.08999679470021826,4056
75,false,0.8000000887063524,0.7108751653274847,-0.3034666702160483,4057
76,false,0.8000000887206437,0.7108751653274847,-0.30376079815560386,4058
77,false,0.8000000887055764,0.7108751653274847,-0.3030351475805098,4059
78,false,0.8000000887037078,0.7108751653274847,-0.09650529194853374,4060
79,false,0.80000008870739,0.7108751653274847,-0.09658737917483451,4061
80,false,0.8000000887093438,0.7108751653274847,-0.0898441925296739,4062
81,false,0.8000000887032985,0.7108751653274847,-0.30339649394592194,4063
82,false,0.8000000887092382,0.7108751653274847,-0.09677673467083214,4064
83,false,0.8000000885604917,0.7305340788392299,-0.06946600972126171,4065
84,false,0.80000008870873,0.7305340788392299,-0.08996891696267628,4066
85,false,0.8000000887051358,0.7305340788392299,-0.09002934945818308,4067
86,false,0.80000008869909,0.7305340788392299,-0.09019749099897267,4068
87,false,0.8000000887037985,0.7305340788392299,-0.3034982210901766,4069
88,false,0.800000088697626,0.7305340788392299,-0.30287948650982954,4070
89,false,0.8000000887057797,0.7305340788392299,-0.3028935398900379,4071
90,false,0.8000000886980076,0.7305340788392299,-0.30307982220253293,4072
91,false,0.8000000887053327,0.7305340788392299,-0.3031774444413189,4073
92,false,0.8000000886782596,0.7305340788392299,-0.09943512536025623,4074
93,false,0.8000000883406204,0.7305340788392299,-0.3207673035378041,4075
94,false,0.800000088687378,0.7305340788392299,-0.098242102058259,4076
95,false,0.8000000867928759,0.7305340788392299,-0.08396969940806887,4077
96,false,0.8000000886821568,0.7305340788392299,-0.09900456560590354,4078
97,false,0.8000000886626674,0.7305340788392299,-0.10090912410382435,4079
98,false,0.8000000886764564,0.7305340788392299,-0.09084824389177815,4080
99,false,0.800000088654315,0.7305340788392299,-0.10213920021142353,4081
100,false,0.8000000887099847,0.7305340788392299,-0.3032564843431559,4082
101,false,0.8000000886191172,0.7305340788392299,-0.30382965533248957,4083
102,false,0.8000000886576688,0.7305340788392299,-0.10111240338370142,4084
103,false,0.8000000886832004,0.7305340788392299,-0.09073788350094247,4085
104,false,0.8000000887104759,0.7305340788392299,-0.30328281322838446,4086
105,false,0.8000000886913137,0.7305340788392299,-0.09789500047807165,4087
106,false,0.8000000886855398,0.7305340788392299,-0.09069009931291938,4088
107,false,0.8000000887154414,0.7305340788392299,-0.30336237471662864,4089
108,false,0.8000000886127857,0.7305340788392299,-0.30295351464761067,4090
109,false,0.8000000884278954,0.7761745518818799,-0.02382553654601549,4091
0,false,0.8000000887107154,0.4966651059461282,-0.30333498276458715,4113
1,false,0.8000000887194012,0.49666646511589174,-0.30333362360350946,4114
2,false,0.80000008871059,0.49669844789058637,-0.30330164082000366,4115
3,false,0.8000000887134479,0.7102464622222466,-0.08975362649120122,4116
4,false,0.8000000887117641,0.7102464622222466,-0.30331541154601876,4117
5,false,0.8000000887098995,0.7102464622222466,-0.30333297582164476,4118
6,false,0.8000000887093676,0.7102464622222466,-0.3032899244464578,4119
7,false,0.8000000887106206,0.7102464622222466,-0.303322561237215,4120
8,false,0.8000000887107284,0.7102464622222466,-0.3033341622527913,4121
9,false,0.8000000887086977,0.7102464622222466,-0.08978004663025929,4122
10,false,0.8000000887083362,0.7102464622222466,-0.30325261501037704,4123
11,false,0.8000000887156403,0.7102464622222466,-0.3032298942141883,4124
12,false,0.8000000887163676,0.7102464622222466,-0.30324373119887776,4125
13,false,0.8000000887099435,0.7102464622222466,-0.08994946488117772,4126
14,false,0.8000000887108035,0.7102464622222466,-0.30329161100527474,4127
15,false,0.8000000887083638,0.7102464622222466,-0.3032074814519473,4128
16,false,0.8000000887080436,0.7102464622222466,-0.08992002340785721,4129
17,false,0.8000000887098435,0.7102464622222466,-0.08986143978307193,4130
18,false,0.8000000887108679,0.7102464622222466,-0.08983566756528572,4131
19,false,0.8000000887076175,0.7102464622222466,-0.3032377805418984,4132
20,false,0.8000000887075496,0.7102464622222466,-0.0961964709289842,4133
21,false,0.800000088708298,0.7102464622222466,-0.30322743764095006,4134
22,false,0.8000000887101218,0.7102464622222466,-0.08985485453254272,4135
23,false,0.8000000887077184,0.7102464622222466,-0.30317098958799055,4136
24,false,0.8000000887056132,0.7102464622222466,-0.08997802604305816,4137
25,false,0.8000000887089039,0.7102464622222466,-0.08983236707675213,4138
26,false,0.8000000887378098,0.7102464622222466,-0.08987913706687278,4139
27,false,0.8000000887165782,0.7432840889374592,-0.05671599977911901,4140
28,false,0.8000000887039369,0.7432840889374592,-0.08989297917323547,4141
29,false,0.8000000887088569,0.7466307887130397,-0.05336929999581719,4142
30,false,0.8000000887066824,0.7466307887130397,-0.303173960654914,4143
31,false,0.8000000887069793,0.7466307887130397,-0.08985888271143694,4144
32,false,0.8000000887088721,0.7466307887130397,-0.05343686292202254,4145
33,false,0.8000000887065467,0.7466307887130397,-0.30317948831517966,4146
34,false,0.8000000886979968,0.7777380359231147,-0.022262052774882024,4147
0,false,0.8000000773272827,0.7130882982881138,-0.08691177903916891,3208
1,false,0.8000000787771125,0.7130882982881138,-0.10517362171669531,3209
2,false,0.8000000781843419,0.7130882982881138,-0.09928630984709108,3210
3,false,0.8000000742491417,0.7488555760052786,-0.051144498243863024,3211
4,false,0.8000000886966037,0.7488555760052786,-0.08985955932874268,3212
5,false,0.8000000887013894,0.7488555760052786,-0.3030495194248104,3213
6,false,0.8000000833526026,0.7488555760052786,-0.17718067341140697,3214
7,false,0.8000001075456418,0.7488555760052786,-0.31380936411845095,3215
8,false,0.800000088701212,0.7488555760052786,-0.08997007971265514,3216
9,false,0.8000000886084737,0.7488555760052786,-0.2956786691164086,3217
10,false,0.8000000781551785,0.7488555760052786,-0.10737503121675751,3218
11,false,0.8000000886915033,0.7488555760052786,-0.08983313289080652,3219
12,false,0.8000000869448473,0.7488555760052786,-0.2510738197953901,3220
13,false,0.8000000886980642,0.7776357877647444,-0.02236430093331976,3221
0,false,0.8000000887119068,0.7717295530918405,-0.028270535620066206,1904
1,false,0.8000000886980565,0.7787701076788913,-0.02122998101916518,1905
0,false,0.8000000887003628,0.7770706115257379,-0.0229294771746249,1906
0,false,0.8000000865201597,0.4792879707786497,-0.32071211574151004,1905
1,false,0.8000000865165626,0.4792879707786497,-0.3212250724031963,1906
2,false,0.8000000864702255,0.4792879707786497,-0.323783146115181,1907
3,false,0.8000000864424038,0.4792879707786497,-0.32162586326426645,1908
4,false,0.8000000864323203,0.4792879707786497,-0.3213578627089775,1909
5,false,0.8000000864320734,0.4792879707786497,-0.32525906742879473,1910
6,false,0.8000000864270844,0.6959725740696676,-0.10402751235741681,1911
7,false,0.8000000863930037,0.6959725740696676,-0.10614040689246762,1912
8,false,0.8000000863748287,0.696717779237664,-0.10328230713716469,1913
9,false,0.800000086376961,0.696717779237664,-0.1050612710394454,1914
10,false,0.8000000863569597,0.696717779237664,-0.32735286380248324,1915
11,false,0.8000000863530475,0.696717779237664,-0.32785522687711915,1916
12,false,0.8000000863588175,0.696717779237664,-0.3256565226316471,1917
13,false,0.8000000863287094,0.696717779237664,-0.3267172071887441,1918
14,false,0.8000000863875945,0.696717779237664,-0.3272241804957607,1919
15,false,0.8000000862866287,0.696717779237664,-0.30638943937315194,1920
16,false,0.8000000863538407,0.696717779237664,-0.10464497331818678,1921
17,false,0.8000000863361882,0.696717779237664,-0.32315132803068286,1922
18,false,0.8000000863039536,0.696717779237664,-0.32408441132511223,1923
19,false,0.8000000863322477,0.696717779237664,-0.10657279729083158,1924
20,false,0.800000086297983,0.7115164656320361,-0.08848362066594695,1925
21,false,0.8000000863206106,0.7115164656320361,-0.32641252205797733,1926
22,false,0.8000000863409269,0.7115164656320361,-0.10442919515982707,1927
23,false,0.8000000863323886,0.7115164656320361,-0.32563941939825264,1928
24,false,0.8000000863221943,0.7115164656320361,-0.10493079164787777,1929
25,false,0.8000000863253232,0.7115164656320361,-0.32671412437441066,1930
26,false,0.8000000863182661,0.7115164656320361,-0.3268451108960323,1931
27,false,0.800000086314484,0.7115164656320361,-0.32609494661220473,1932
28,false,0.8000000863205049,0.7115164656320361,-0.1038051393328775,1933
29,false,0.8000000862978182,0.7115164656320361,-0.10548911930567084,1934
30,false,0.8000000863545044,0.7115164656320361,-0.1047903378331434,1935
31,false,0.8000000863175344,0.7115164656320361,-0.10401857716062213,1936
32,false,0.800000086315433,0.7115164656320361,-0.3273453522996414,1937
33,false,0.8000000863053248,0.7115164656320361,-0.32503359952895466,1938
34,false,0.8000000863120762,0.7115164656320361,-0.10471110660779659,1939
35,false,0.8000000863123021,0.7115164656320361,-0.324445044495027,1940
36,false,0.8000000863460575,0.7115164656320361,-0.3272883941005621,1941
37,false,0.8000000863050073,0.7115164656320361,-0.1043386477440752,1942
38,false,0.8000000863039399,0.7115164656320361,-0.10432523846823205,1943
39,false,0.8000000863018394,0.7115164656320361,-0.10375431789810319,1944
40,false,0.8000000863056949,0.7115164656320361,-0.3258354123482718,1945
41,false,0.8000000863037527,0.7115164656320361,-0.10484189480541106,1946
42,false,0.8000000863058184,0.7115164656320361,-0.10476276499712489,1947
43,false,0.800000086309264,0.7115164656320361,-0.10399466410457348,1948
44,false,0.8000000863044313,0.7115164656320361,-0.10395202972236683,1949
45,false,0.8000000862968788,0.7115164656320361,-0.32653813110614827,1950
46,false,0.8000000863007365,0.7115164656320361,-0.1045257785919338,1951
47,false,0.8000000863014334,0.7115164656320361,-0.3253804558649931,1952
48,false,0.8000000862981771,0.7115164656320361,-0.10457069716506595,1953
49,false,0.8000000863055203,0.7665567676599068,-0.03344331864561356,1954
50,false,0.8000000862584618,0.7665567676599068,-0.33167696333906593,1955
51,false,0.8000000863067013,0.7665567676599068,-0.32580785090175995,1956
52,false,0.8000000863113488,0.7665567676599068,-0.10527273277919336,1957
53,false,0.8000000863011656,0.7665567676599068,-0.10426149197569812,1958
54,false,0.800000086303355,0.7665567676599068,-0.10522347184349745,1959
55,false,0.800000086297145,0.7665567676599068,-0.10490479663645802,1960
56,false,0.8000000863059121,0.7665567676599068,-0.10373390862671283,1961
57,false,0.8000000863019514,0.7665567676599068,-0.10450824613678389,1962
58,false,0.8000000863075043,0.7665567676599068,-0.3277510357718254,1963
59,false,0.8000000862984109,0.7665567676599068,-0.32782592865991567,1964
60,false,0.8000000862987496,0.7665567676599068,-0.10385317225427204,1965
61,false,0.8000000863128222,0.7665567676599068,-0.10421315755986527,1966
62,false,0.8000000862929949,0.7665567676599068,-0.08812209472715538,1967
63,false,0.8000000862966871,0.7665567676599068,-0.10476876069720809,1968
64,false,0.8000000862971589,0.7665567676599068,-0.10431267552555523,1969
65,false,0.8000000863058819,0.7793572699011501,-0.020642816404731867,1970
0,false,0.8000000851587505,0.5319338157665419,-0.2680662693922087,1981
1,false,0.8000000846245305,0.7249680563915915,-0.07503202823293909,1982
2,false,0.8000000829845397,0.7333680398334192,-0.06663204315112048,1983
3,false,0.8000000817074243,0.7333680398334192,-0.08593513610014603,1984
4,false,0.8000000822953485,0.7451186276529971,-0.05488145464235139,1985
5,false,0.8000000849570928,0.7451186276529971,-0.2518623530556656,1986
6,false,0.8000000826980933,0.7451186276529971,-0.05676143468289285,1987
7,false,0.800000085066862,0.7451186276529971,-0.12183777820826502,1988
8,false,0.8000000851564427,0.7451186276529971,-0.08467888991732775,1989
9,false,0.8000000850218616,0.7451186276529971,-0.11867937629073466,1990
10,false,0.8000000849916467,0.7451186276529971,-0.11800621843772441,1991
11,false,0.8000000836332042,0.7451186276529971,-0.10264184522430009,1992
12,false,0.8000000831556241,0.7451186276529971,-0.0967854597783081,1993
13,false,0.8000000827621259,0.7451186276529971,-0.19037562181494683,1994
14,false,0.8000000849255277,0.7451186276529971,-0.2522731732738329,1995
15,false,0.8000000794663717,0.7451186276529971,-0.06661267394267212,1996
16,false,0.8000000850354021,0.7451186276529971,-0.12037935904174557,1997
17,false,0.8000000850422567,0.7451186276529971,-0.12136031192134833,1998
18,false,0.8000000795268574,0.7451186276529971,-0.07814572160689959,1999
19,false,0.8000000850978923,0.7451186276529971,-0.07978683758437333,2000
20,false,0.8000000849668768,0.7451186276529971,-0.2554155902867442,2001
21,false,0.8000000822542446,0.7451186276529971,-0.08455002100855324,2002
22,false,0.8000000850171451,0.7451186276529971,-0.12129178852742872,2003
23,false,0.8000000838584939,0.7451186276529971,-0.21737258476473875,2004
24,false,0.8000000814087594,0.7451186276529971,-0.07666899531328097,2005
25,false,0.80000008501698,0.7451186276529971,-Inf,2006
26,false,0.8000000842140408,0.7451186276529971,-0.22838823940868147,2007
27,false,0.8000000850562524,0.7451186276529971,-0.07812259017796874,2008
28,false,0.8000000850656415,0.7451186276529971,-0.12370493362144397,2009
29,false,0.8000000844000735,0.7451186276529971,-0.23323122595241375,2010
30,false,0.8000000850180917,0.7451186276529971,-0.12041159294845016,2011
31,false,0.8000000845920193,0.7451186276529971,-0.24020323077164407,2012
32,false,0.800000081136861,0.7451186276529971,-0.07243047619823173,2013
33,false,0.8000000848080197,0.7451186276529971,-0.24609368203992688,2014
34,false,0.8000000800140005,0.7451186276529971,-0.16038206315044212,2015
35,false,0.8000000808360224,0.7451186276529971,-0.15343587447870577,2016
36,false,0.8000000816188946,0.7451186276529971,-0.08255838015282779,2017
37,false,0.8000000850019416,0.7451186276529971,-Inf,2018
38,false,0.8000000819793072,0.7451186276529971,-0.08462022964589666,2019
39,false,0.8000000841161807,0.7471502479942677,-0.052849836121913074,2020
40,false,0.80000008169469,0.7962753826117721,-0.0037246990829178372,2021
0,false,0.800000084916774,0.668496242795912,-0.13150384212086197,2167
1,false,0.800000085245094,0.668496242795912,-0.2860731260751984,2168
2,false,0.80000008520831,0.668496242795912,-0.28182696262091766,2169
3,false,0.8000000852625466,0.668496242795912,-0.2812328569890644,2170
4,false,0.8000000852834217,0.668496242795912,-0.2835186962585159,2171
5,false,0.8000000851648761,0.668496242795912,-0.2702799381080505,2172
6,false,0.8000000851627077,0.668496242795912,-0.27110551856020637,2173
7,false,0.8000000851418992,0.7220728597480892,-0.07792722539381003,2174
8,false,0.8000000854999585,0.7220728597480892,-0.31378424349239337,2175
9,false,0.8000000855010249,0.7220728597480892,-0.31289943985269786,2176
10,false,0.8000000854928687,0.7220728597480892,-0.17803072846316814,2177
11,false,0.8000000851692861,0.7220728597480892,-0.07918938285481703,2178
12,false,0.8000000853757416,0.7220728597480892,-0.09909063555811137,2179
13,false,0.8000000855312803,0.7220728597480892,-0.31904901853773093,2180
14,false,0.8000000855279432,0.7220728597480892,-0.1785669875965905,2181
15,false,0.8000000855276064,0.7220728597480892,-0.31872954259459585,2182
16,false,0.8000000855244084,0.7220728597480892,-0.1783770480555621,2183
17,false,0.8000000855208931,0.7220728597480892,-0.17861466938300186,2184
18,false,0.8000000855295895,0.7220728597480892,-0.31887786878426433,2185
19,false,0.8000000855197488,0.7220728597480892,-0.17853116839289906,2186
20,false,0.8000000855224181,0.7220728597480892,-0.1788330931022526,2187
21,false,0.8000000855239023,0.7220728597480892,-0.1786296503150978,2188
22,false,0.8000000855240473,0.7220728597480892,-0.17842027306189023,2189
23,false,0.8000000855203725,0.7220728597480892,-0.17889328368357382,2190
24,false,0.8000000855218479,0.7220728597480892,-0.17873244484719697,2191
25,false,0.8000000855106579,0.7220728597480892,-0.31825442951644545,2192
26,false,0.8000000855205589,0.7220728597480892,-0.178879310086286,2193
27,false,0.8000000855166133,0.7220728597480892,-0.17865105698838424,2194
28,false,0.8000000855208268,0.7220728597480892,-0.17865601135433107,2195
29,false,0.8000000854949156,0.7220728597480892,-0.17870075892045978,2196
30,false,0.8000000855281444,0.7220728597480892,-0.17894630389043842,2197
31,false,0.8000000855188252,0.7220728597480892,-0.1788766080098293,2198
32,false,0.8000000855194724,0.7220728597480892,-0.1787897624565844,2199
33,false,0.8000000855240891,0.7220728597480892,-0.11140353267088754,2200
34,false,0.8000000855229925,0.7220728597480892,-0.11127987772446402,2201
35,false,0.8000000855189666,0.7220728597480892,-0.1784956956076975,2202
36,false,0.8000000855112429,0.7220728597480892,-0.11134321116152013,2203
37,false,0.8000000855210214,0.7220728597480892,-0.11129408401563101,2204
38,false,0.8000000855179312,0.7220728597480892,-0.17843887990647422,2205
39,false,0.8000000855043349,0.7220728597480892,-0.11131083905623107,2206
40,false,0.8000000855082148,0.7220728597480892,-0.11142773663146566,2207
41,false,0.8000000855151719,0.7220728597480892,-0.17859324770870566,2208
42,false,0.8000000855175036,0.7220728597480892,-0.1111123834102834,2209
43,false,0.8000000855149738,0.7220728597480892,-0.11102562828264673,2210
44,false,0.8000000855092283,0.7220728597480892,-0.17855183217327786,2211
45,false,0.8000000855177751,0.7220728597480892,-0.11145059740323537,2212
46,false,0.8000000855074462,0.7341495817425072,-0.06585050376493895,2213
47,false,0.8000000855125007,0.7341495817425072,-0.1112995637442461,2214
48,false,0.8000000855214177,0.7341495817425072,-0.11142187940755921,2215
49,false,0.8000000855053999,0.7341495817425072,-0.17845377457916722,2216
50,false,0.8000000855092562,0.7341495817425072,-0.17846591652112642,2217
51,false,0.8000000855131931,0.7341495817425072,-0.11118017520618262,2218
52,false,0.8000000855203975,0.7341495817425072,-0.17832220874265237,2219
53,false,0.8000000855189967,0.7341495817425072,-0.11121135743624155,2220
54,false,0.8000000855234317,0.7766234446030252,-0.023376640920406477,2221
55,false,0.8000000853996444,0.7766234446030252,-0.09619463234375258,2222
56,false,0.8000000852010645,0.7766234446030252,-0.29019117821552487,2223
57,false,0.8000000853304013,0.7766234446030252,-0.28853621944406627,2224
58,false,0.8000000853887078,0.7766234446030252,-0.07511807553959471,2225
59,false,0.8000000854056849,0.7766234446030252,-0.09281770546698564,2226
60,false,0.8000000852069508,0.7766234446030252,-0.2741414843968789,2227
61,false,0.800000084929713,0.7766234446030252,-0.2786834219917299,2228
62,false,0.8000000853283721,0.7766234446030252,-0.08326290769315736,2229
63,false,0.8000000854297243,0.7766234446030252,-0.09812947865603516,2230
64,false,0.8000000853657994,0.7766234446030252,-0.16836549970543824,2231
65,false,0.8000000832164168,0.7766234446030252,-0.22485168795525845,2232
66,false,0.8000000850370189,0.7766234446030252,-0.12335203208425194,2233
67,false,0.8000000850565993,0.7766234446030252,-0.124239152016837,2234
68,false,0.8000000851738398,0.7766234446030252,-0.08037181082965206,2235
69,false,0.8000000849200414,0.7766234446030252,-0.11783557923803245,2236
70,false,0.800000085031164,0.7766234446030252,-0.12052116105933286,2237
71,false,0.8000000849534408,0.7766234446030252,-0.11741475171068938,2238
72,false,0.8000000848576571,0.7766234446030252,-0.2543879093922323,2239
73,false,0.8000000830297581,0.7766234446030252,-0.056070661405539846,2240
74,false,0.8000000847722898,0.7766234446030252,-0.24806588286534104,2241
75,false,0.8000000851680522,0.7766234446030252,-0.2825182392646419,2242
76,false,0.8000000852238371,0.7766234446030252,-0.08512962694511983,2243
77,false,0.8000000821287222,0.7766234446030252,-0.09342336292127829,2244
78,false,0.8000000851470288,0.7766234446030252,-0.27876227201912007,2245
79,false,0.8000000850254005,0.7766234446030252,-0.12058813457642603,2246
80,false,0.8000000805005573,0.7766234446030252,-0.09113290238180782,2247
81,false,0.8000000847863835,0.7766234446030252,-0.2643646277969147,2248
82,false,0.8000000850623896,0.7766234446030252,-0.1270068311275676,2249
83,false,0.8000000850348391,0.7766234446030252,-0.12423922052512704,2250
84,false,0.8000000846200388,0.7766234446030252,-0.24745368369167098,2251
85,false,0.8000000853206772,0.7766234446030252,-0.08480014564090954,2252
86,false,0.8000000849605547,0.7766234446030252,-0.11830544339209104,2253
87,false,0.8000000854064164,0.7766234446030252,-0.16920315866416002,2254
88,false,0.8000000848531286,0.7766234446030252,-0.26681948894489116,2255
89,false,0.8000000850627936,0.7766234446030252,-0.13061931629604207,2256
90,false,0.8000000850800021,0.7766234446030252,-0.06352758144809645,2257
91,false,0.8000000854666384,0.7766234446030252,-0.3162888982042002,2258
92,false,0.8000000845685493,0.7766234446030252,-0.14147560853452246,2259
93,false,0.8000000849468515,0.7766234446030252,-0.256290130967045,2260
94,false,0.8000000848816069,0.7766234446030252,-0.12007082431369853,2261
95,false,0.8000000852610716,0.7766234446030252,-0.08561557680925724,2262
96,false,0.800000084605483,0.7766234446030252,-0.2467571287330207,2263
97,false,0.8000000847705871,0.7766234446030252,-0.25016678101819856,2264
98,false,0.8000000853571845,0.7766234446030252,-0.2975202129374912,2265
99,false,0.8000000849368766,0.7766234446030252,-0.25633245572550367,2266
100,false,0.8000000852761464,0.7766234446030252,-0.09264139546000116,2267
101,false,0.8000000852242277,0.7766234446030252,-0.0832792584405031,2268
102,false,0.8000000851370956,0.7766234446030252,-0.26881277183172037,2269
103,false,0.8000000853096628,0.7766234446030252,-0.28648107649117893,2270
104,false,0.8000000851866943,0.7766234446030252,-0.07831158348147149,2271
105,false,0.800000085091703,0.7766234446030252,-0.27342757286433905,2272
106,false,0.8000000849119298,0.7766234446030252,-0.25644694427625636,2273
107,false,0.8000000845867402,0.7766234446030252,-0.24890295848639354,2274
108,false,0.8000000850927409,0.7766234446030252,-0.0603941922773622,2275
109,false,0.8000000845501967,0.7766234446030252,-0.26437185843485644,2276
110,false,0.8000000848503005,0.7766234446030252,-0.25762506011638997,2277
111,false,0.800000085276739,0.7766234446030252,-0.08704775383730534,2278
112,false,0.800000085131283,0.7927528563182543,-0.007247228813028639,2279
0,false,0.8000000854489936,0.6208545942844382,-0.17914549116455536,2134
1,false,0.8000000847477946,0.6208545942844382,-0.3394148191279993,2135
2,false,0.8000000854717617,0.6208545942844382,-0.3149508614872904,2136
3,false,0.8000000848959097,0.6208545942844382,-0.3411215863703738,2137
4,false,0.8000000853626802,0.6821096618152964,-0.11789042354738377,2138
5,false,0.8000000853976967,0.6821096618152964,-0.323046810127686,2139
6,false,0.8000000853872083,0.6821096618152964,-0.18309097882245162,2140
7,false,0.8000000853915549,0.6821096618152964,-0.18334587522709633,2141
8,false,0.8000000851724305,0.6821096618152964,-0.3400442321774213,2142
9,false,0.8000000849744137,0.6821096618152964,-0.13521086279740913,2143
10,false,0.8000000854356103,0.6821096618152964,-0.17885161430739194,2144
11,false,0.8000000854485143,0.6821096618152964,-0.17703567894913097,2145
12,false,0.8000000851097828,0.6821096618152964,-0.15233973680733448,2146
13,false,0.8000000851502894,0.6821096618152964,-0.3405168085757061,2147
14,false,0.8000000852189365,0.6821096618152964,-0.33458179703650626,2148
15,false,0.8000000839418129,0.6821096618152964,-0.14069704812083095,2149
16,false,0.8000000842625894,0.6821096618152964,-0.339124390035638,2150
17,false,0.8000000849933071,0.6821096618152964,-0.34005669123879856,2151
18,false,0.800000085428775,0.6821096618152964,-0.3175891963994728,2152
19,false,0.8000000852914322,0.6821096618152964,-0.1227590814710312,2153
20,false,0.8000000852690781,0.6821096618152964,-0.33485247707938076,2154
21,false,0.8000000854555738,0.6821096618152964,-0.1755828376294679,2155
22,false,0.8000000841811177,0.6821096618152964,-0.34157849485272207,2156
23,false,0.8000000844538426,0.6821096618152964,-0.14514371710330243,2157
24,false,0.8000000853533337,0.6821096618152964,-0.3285615161526061,2158
25,false,0.8000000853544074,0.6821096618152964,-0.32794669655105246,2159
26,false,0.8000000853135552,0.6821096618152964,-0.12020899244435812,2160
27,false,0.8000000853132618,0.6821096618152964,-0.33234418564723844,2161
28,false,0.8000000853090744,0.6821096618152964,-0.12023484793851902,2162
29,false,0.8000000854754574,0.6821096618152964,-0.17627273430055412,2163
30,false,0.8000000853058165,0.6821096618152964,-0.3326617652301832,2164
31,false,0.8000000854349859,0.6821096618152964,-0.17811328459060027,2165
32,false,0.8000000854364836,0.6821096618152964,-0.18156250769776217,2166
33,false,0.800000085191555,0.6821096618152964,-0.1270724161313722,2167
34,false,0.8000000854384282,0.6821096618152964,-0.17749970080697963,2168
35,false,0.8000000852285256,0.6821096618152964,-0.34150614961897463,2169
36,false,0.80000008540562,0.6821096618152964,-0.31397460832870594,2170
37,false,0.8000000854270174,0.6821096618152964,-0.1772017961321517,2171
38,false,0.8000000853969234,0.6821096618152964,-0.17698835744809793,2172
39,false,0.8000000854072192,0.6821096618152964,-0.17842236171450965,2173
40,false,0.8000000853258904,0.6821096618152964,-0.1878433409700343,2174
41,false,0.8000000852993057,0.6821096618152964,-0.12174614061387723,2175
42,false,0.8000000848859907,0.6821096618152964,-0.33569343813779917,2176
43,false,0.8000000846106914,0.6821096618152964,-0.13683807979798646,2177
44,false,0.8000000851969336,0.6821096618152964,-0.3334258386811733,2178
45,false,0.8000000853253811,0.6821096618152964,-0.32794358123637835,2179
46,false,0.8000000854508145,0.6821096618152964,-0.31817828897921097,2180
47,false,0.8000000853982256,0.6821096618152964,-0.3235935460265643,2181
48,false,0.8000000852424419,0.6821096618152964,-0.3289895761470557,2182
49,false,0.8000000853112426,0.6821096618152964,-0.18469635189995381,2183
50,false,0.8000000853341572,0.6821096618152964,-0.12160378101173697,2184
51,false,0.8000000841401204,0.6821096618152964,-0.3259066187371592,2185
52,false,0.8000000850338469,0.6821096618152964,-0.3177533213682363,2186
53,false,0.8000000854570497,0.6821096618152964,-0.1752847606981882,2187
54,false,0.8000000853970397,0.6821096618152964,-0.3172783844300467,2188
55,false,0.8000000842054815,0.6821096618152964,-0.31541964915978227,2189
56,false,0.8000000847225409,0.6821096618152964,-0.19176299367346028,2190
57,false,0.8000000854168721,0.6821096618152964,-0.18097650224710704,2191
58,false,0.8000000842678278,0.6821096618152964,-0.31453418634772146,2192
59,false,0.8000000851227602,0.6821096618152964,-0.322974692455791,2193
60,false,0.8000000852989322,0.6821096618152964,-0.1819854600858024,2194
61,false,0.8000000854219912,0.68667149087308,-0.1133285945489112,2195
62,false,0.8000000853247158,0.68667149087308,-0.18169110243473519,2196
63,false,0.8000000854322749,0.68667149087308,-0.17659199614296794,2197
64,false,0.8000000854280306,0.68667149087308,-0.31554934838102355,2198
65,false,0.8000000833841642,0.68667149087308,-0.3646975396146613,2199
66,false,0.8000000853138133,0.68667149087308,-0.11879892668048198,2200
67,false,0.8000000847371165,0.68667149087308,-0.32453777442892084,2201
68,false,0.800000085146941,0.68667149087308,-0.3171691770424008,2202
69,false,0.8000000854373388,0.68667149087308,-0.17570331238984138,2203
70,false,0.8000000854210674,0.6875231157482221,-0.11247696967284526,2204
71,false,0.8000000853386671,0.6875231157482221,-0.11864521274020456,2205
72,false,0.8000000853253529,0.6875231157482221,-0.31662163648820674,2206
73,false,0.8000000850433375,0.6875231157482221,-0.3034455087555197,2207
74,false,0.8000000854283336,0.6875231157482221,-0.17873093107087223,2208
75,false,0.8000000847605329,0.6875231157482221,-0.14068794866612944,2209
76,false,0.8000000854238727,0.6875231157482221,-0.18086692714721575,2210
77,false,0.8000000853981435,0.6875231157482221,-0.3206023432337213,2211
78,false,0.8000000854382794,0.6875231157482221,-0.3141074695853552,2212
79,false,0.8000000854335568,0.6875231157482221,-0.1678395315190102,2213
80,false,0.8000000854408984,0.6875231157482221,-0.17625654110474964,2214
81,false,0.8000000854559203,0.6875231157482221,-0.3148207921231688,2215
82,false,0.8000000851453117,0.6875231157482221,-0.3446829305942227,2216
83,false,0.8000000852841932,0.6875231157482221,-0.12142437653339744,2217
84,false,0.8000000852509686,0.6875231157482221,-0.12324677746380464,2218
85,false,0.8000000854387709,0.6901020062073339,-0.10989807923143702,2219
86,false,0.8000000853232443,0.6901020062073339,-0.11054612818724996,2220
87,false,0.8000000854346029,0.6901020062073339,-0.17166104163011187,2221
88,false,0.800000085419716,0.6989051038463601,-0.10109498157335595,2222
89,false,0.8000000854359968,0.6989051038463601,-0.1730075630707023,2223
90,false,0.8000000854230022,0.6989051038463601,-0.1721892227092,2224
91,false,0.8000000854286319,0.6989051038463601,-0.17740847528982373,2225
92,false,0.8000000853865947,0.6989051038463601,-0.13860811977525,2226
93,false,0.8000000854379791,0.6989051038463601,-0.17525549626992298,2227
94,false,0.8000000852851743,0.6989051038463601,-0.12038719029429923,2228
95,false,0.8000000850802742,0.6989051038463601,-0.10902578327406531,2229
96,false,0.800000085425399,0.6989051038463601,-0.1717985194513647,2230
97,false,0.8000000853928931,0.6989051038463601,-0.11059900587514004,2231
98,false,0.8000000854390977,0.6989051038463601,-0.10667610361276736,2232
99,false,0.8000000854376921,0.6989051038463601,-0.10819630604093056,2233
100,false,0.8000000854441889,0.6989051038463601,-0.1722006779394143,2234
101,false,0.8000000854370233,0.6989051038463601,-0.17571194581353122,2235
102,false,0.8000000854326543,0.6989051038463601,-0.17356479804954184,2236
103,false,0.800000085441743,0.6989051038463601,-0.10910303599233406,2237
104,false,0.8000000854324704,0.6989051038463601,-0.1684432909249295,2238
105,false,0.8000000854310009,0.6989051038463601,-0.10816599345028044,2239
106,false,0.8000000854423102,0.6989051038463601,-0.17233465760781375,2240
107,false,0.8000000854359003,0.6989051038463601,-0.10643977648301461,2241
108,false,0.8000000854146053,0.6989051038463601,-0.17849587091126018,2242
109,false,0.8000000853828022,0.6989051038463601,-0.3183501589005717,2243
110,false,0.8000000853280833,0.6989051038463601,-0.11824826776351949,2244
111,false,0.8000000854435494,0.6989051038463601,-0.3155255926805635,2245
112,false,0.800000085292846,0.6989051038463601,-0.33310493685693576,2246
113,false,0.8000000854499058,0.6989051038463601,-0.17461043800718512,2247
114,false,0.8000000854410374,0.6989051038463601,-0.1766908245186536,2248
115,false,0.8000000852022987,0.6989051038463601,-0.34135022203219256,2249
116,false,0.8000000853590528,0.6989051038463601,-0.3253431676841355,2250
117,false,0.8000000853640066,0.6989051038463601,-0.11833952410134496,2251
118,false,0.8000000853319968,0.6989051038463601,-0.32849021793967975,2252
119,false,0.8000000852640174,0.6989051038463601,-0.33626148477345935,2253
120,false,0.8000000845632486,0.6989051038463601,-0.134050754475745,2254
121,false,0.8000000852743168,0.6989051038463601,-0.1210665756579945,2255
122,false,0.8000000853844437,0.6989051038463601,-0.32191414660487105,2256
123,false,0.8000000852873059,0.7469524031572727,-0.05304768213003319,2257
124,false,0.8000000852804793,0.7469524031572727,-0.056866560181440984,2258
125,false,0.8000000853052482,0.7469524031572727,-0.059613757257122146,2259
126,false,0.8000000852932674,0.7469524031572727,-0.09182583930935295,2260
127,false,0.8000000853068855,0.7469524031572727,-0.3347434438340188,2261
128,false,0.8000000855369469,0.7469524031572727,-0.3202017986755158,2262
0,false,0.8000000850306548,0.49956928953452695,-0.30043079549612783,2265
1,false,0.8000000850275029,0.4995807349460772,-0.3004193500814257,2266
2,false,0.8000000850273484,0.4995807349460772,-0.3012641928154324,2267
3,false,0.8000000850306079,0.49976737934073556,-0.30023270568987237,2268
4,false,0.8000000850283269,0.49976737934073556,-0.30068561060186083,2269
5,false,0.8000000850275777,0.49976737934073556,-0.30089761368025336,2270
6,false,0.800000085037344,0.49976737934073556,-0.300633180808594,2271
7,false,0.8000000850253199,0.49976737934073556,-0.30103846274177315,2272
8,false,0.8000000850206745,0.49976737934073556,-0.3008316916274623,2273
9,false,0.8000000850249793,0.49976737934073556,-0.3008715863802019,2274
10,false,0.8000000850252313,0.49976737934073556,-0.3009549831798154,2275
11,false,0.8000000850163681,0.4997947915171056,-0.3002052934992625,2276
12,false,0.8000000850225859,0.4997947915171056,-0.3008410136823143,2277
13,false,0.8000000850294157,0.4997947915171056,-0.30072966488545466,2278
14,false,0.8000000850251814,0.7301919255846621,-0.06980815944051932,2279
15,false,0.8000000850136222,0.7301919255846621,-0.30054534042953795,2280
16,false,0.8000000850149329,0.7302639417036103,-0.06973614331132261,2281
17,false,0.8000000850176753,0.7302639417036103,-0.30022637320007384,2282
18,false,0.8000000850078249,0.7302639417036103,-0.0699256629160171,2283
19,false,0.800000085008921,0.7302639417036103,-0.30016654585816743,2284
20,false,0.8000000850087619,0.7302639417036103,-0.30021893446155296,2285
21,false,0.8000000849941271,0.7302639417036103,-0.29999864603663584,2286
22,false,0.8000000850118902,0.7304000983481717,-0.06959998666371858,2287
23,false,0.8000000850113728,0.7304000983481717,-0.2997309124204196,2288
24,false,0.8000000850069903,0.7304000983481717,-0.3003405151471833,2289
25,false,0.8000000850061163,0.7304000983481717,-0.30058583361519076,2290
26,false,0.8000000850039232,0.7304000983481717,-0.300362982908476,2291
27,false,0.8000000850060732,0.7304000983481717,-0.30053981581301,2292
28,false,0.8000000850031443,0.7304000983481717,-0.30017396705696703,2293
29,false,0.8000000850041153,0.7304000983481717,-0.06986622654168662,2294
30,false,0.8000000850031896,0.7304000983481717,-0.3001842857097856,2295
31,false,0.8000000849347583,0.7304000983481717,-0.31150652633843173,2296
32,false,0.8000000850068618,0.7507971818215982,-0.04920290318526366,2297
33,false,0.8000000850006715,0.7507971818215982,-0.06973984970305447,2298
34,false,0.8000000850014297,0.7507971818215982,-0.06978788697261007,2299
35,false,0.8000000850007033,0.7507971818215982,-0.3007178947060932,2300
36,false,0.8000000850029698,0.7507971818215982,-0.2998313100375505,2301
37,false,0.8000000849985622,0.7507971818215982,-0.3004342882541281,2302
38,false,0.8000000849959553,0.7507971818215982,-0.3005658728845919,2303
39,false,0.8000000850018953,0.7507971818215982,-0.06986869414113905,2304
40,false,0.8000000849949013,0.7507971818215982,-0.07002332012920365,2305
41,false,0.8000000850010727,0.7507971818215982,-0.3008241249497242,2306
42,false,0.8000000849937446,0.7507971818215982,-0.06964069770462855,2307
43,false,0.8000000850028414,0.7507971818215982,-0.0699291395725693,2308
44,false,0.8000000850029051,0.7507971818215982,-0.06981164150745156,2309
45,false,0.8000000850063563,0.7507971818215982,-0.06990711841559694,2310
46,false,0.8000000850008026,0.7507971818215982,-0.06993858968712796,2311
47,false,0.8000000849982795,0.7507971818215982,-0.06970082215803408,2312
48,false,0.8000000849996787,0.7507971818215982,-0.06986223460377883,2313
49,false,0.80000008499884,0.7507971818215982,-0.06986219041248032,2314
50,false,0.8000000850028639,0.7507971818215982,-0.06974129506604321,2315
51,false,0.8000000850068193,0.7507971818215982,-0.06985454813145098,2316
52,false,0.8000000850261904,0.7799891927151107,-0.020010892311079664,2317
0,false,0.8000000847448294,0.6772439987898764,-0.12275608595495302,2320
1,false,0.8000000811370447,0.6772439987898764,-0.17495930049101494,2321
2,false,0.8000000845640944,0.6772439987898764,-0.24924739973009924,2322
3,false,0.8000000846906622,0.6772439987898764,-0.2596792384774823,2323
4,false,0.8000000846836862,0.6772439987898764,-0.26143463477864526,2324
5,false,0.800000084841765,0.6772439987898764,-0.27550013658179995,2325
6,false,0.8000000846313592,0.6772439987898764,-0.2547436822804757,2326
7,false,0.8000000848583393,0.6772439987898764,-0.27604879195728493,2327
8,false,0.8000000849725732,0.6772439987898764,-0.2921333503649608,2328
9,false,0.8000000793477239,0.7397496129858199,-0.06025046636190401,2329
10,false,0.8000000849628409,0.7397496129858199,-0.29273801920073705,2330
11,false,0.8000000819633303,0.7397496129858199,-0.22001050174802128,2331
12,false,0.8000000837907444,0.7945802774831539,-0.005419806307590536,2332
13,false,0.8000000819629847,0.7945802774831539,-0.052358146655811844,2333
14,false,0.8000000766073821,0.7945802774831539,-0.04754162136390938,2334
15,false,0.8000000843809842,0.7945802774831539,-0.2534726183357101,2335
16,false,0.8000000829624079,0.7945802774831539,-0.04890848761475497,2336
17,false,0.8000000842788901,0.7945802774831539,-0.24601396856292557,2337
18,false,0.8000000820694416,0.7945802774831539,-0.05455441135790329,2338
19,false,0.800000079229076,0.7945802774831539,-0.06276040580902231,2339
20,false,0.8000000849377019,0.7945802774831539,-0.3006446071962423,2340
21,false,0.8000000793041271,0.7945802774831539,-0.039683367671325964,2341
22,false,0.8000000774872739,0.7945802774831539,-0.059881059466297626,2342
23,false,0.8000000789265694,0.7945802774831539,-0.07030961307373584,2343
24,false,0.8000000788892618,0.7945802774831539,-0.07546466224321369,2344
25,false,0.8000000794491503,0.7945802774831539,-0.06546492527424885,2345
26,false,0.8000000838260837,0.7945802774831539,-0.22584782485210853,2346
27,false,0.8000000848172462,0.7945802774831539,-0.29826614051693723,2347
28,false,0.8000000847032988,0.7945802774831539,-0.1282695391372558,2348
29,false,0.8000000848565887,0.7945802774831539,-0.30033680661034984,2349
30,false,0.8000000823886086,0.7945802774831539,-0.05895464537057149,2350
31,false,0.8000000847381863,0.7945802774831539,-0.13137362841272182,2351
32,false,0.8000000848090479,0.7945802774831539,-0.29504094429087246,2352
33,false,0.800000080856109,0.7945802774831539,-0.05108036858199094,2353
34,false,0.8000000818965574,0.7945802774831539,-0.048011493628713264,2354
35,false,0.8000000839578693,0.7945802774831539,-0.22966151322753114,2355
36,false,0.800000081425514,0.7945802774831539,-0.05556583196093012,2356
37,false,0.8000000823522861,0.7945802774831539,-0.06489466492158269,2357
38,false,0.8000000845982904,0.7945802774831539,-0.30128461404663964,2358
39,false,0.8000000828320587,0.7945802774831539,-0.050849600859039445,2359
40,false,0.8000000811926267,0.7945802774831539,-0.07819732172644711,2360
41,false,0.8000000794773976,0.7945802774831539,-0.039033304169995064,2361
42,false,0.8000000848328738,0.7945802774831539,-0.30006049980809185,2362
43,false,0.8000000807340956,0.7945802774831539,-0.048028354485054825,2363
44,false,0.8000000810815115,0.7945802774831539,-0.04538479394305239,2364
45,false,0.8000000841723411,0.7945802774831539,-0.24693699993648888,2365
46,false,0.8000000766822383,0.7945802774831539,-0.05845429365217136,2366
47,false,0.8000000782226889,0.7945802774831539,-0.07152191661626184,2367
48,false,0.8000000800825222,0.7945802774831539,-0.04283135333985488,2368
49,false,0.8000000809036435,0.7945802774831539,-0.07609897146608724,2369
50,false,0.800000084930464,0.7945802774831539,-0.09234678379051586,2370
51,false,0.800000084737129,0.7945802774831539,-0.12898302588653487,2371
52,false,0.8000000790117487,0.7945802774831539,-0.07221260542514663,2372
53,false,0.8000000783062878,0.7945802774831539,-0.0288432474305651,2373
54,false,0.8000000847835792,0.7945802774831539,-0.13602645118266543,2374
55,false,0.8000000836316046,0.7945802774831539,-0.22187079728011483,2375
56,false,0.8000000835867521,0.7945802774831539,-0.2191483477441345,2376
57,false,0.8000000846493809,0.7945802774831539,-0.2688016036676981,2377
58,false,0.8000000848651804,0.7945802774831539,-0.3047704450899838,2378
59,false,0.8000000835521767,0.7945802774831539,-0.21820402693312047,2379
60,false,0.8000000846485931,0.7945802774831539,-0.12815205676661567,2380
61,false,0.8000000821474829,0.7945802774831539,-0.0891596214880015,2381
62,false,0.8000000833426416,0.7945802774831539,-0.21710313128697323,2382
63,false,0.8000000848765343,0.7945802774831539,-0.3032697421072508,2383
64,false,0.8000000837834934,0.7945802774831539,-0.10829713209488356,2384
65,false,0.8000000843493225,0.7945802774831539,-0.250008818771966,2385
66,false,0.8000000846122008,0.7945802774831539,-0.26624367589843556,2386
67,false,0.8000000842673486,0.7945802774831539,-0.24747689478203216,2387
68,false,0.8000000842811961,0.7945802774831539,-0.24815386519606175,2388
69,false,0.8000000839653316,0.7945802774831539,-0.23575574784567432,2389
70,false,0.8000000846230881,0.7945802774831539,-0.12471952822544474,2390
71,false,0.8000000835943433,0.7945802774831539,-0.22306562440254485,2391
72,false,0.8000000801100041,0.7945802774831539,-0.16808519071985228,2392
73,false,0.8000000842735838,0.7945802774831539,-0.11938972281750382,2393
74,false,0.8000000828769853,0.7945802774831539,-0.09505600813248005,2394
75,false,0.8000000816805852,0.7945802774831539,-0.08560175637634293,2395
76,false,0.8000000832402426,0.7945802774831539,-0.04778235843319523,2396
77,false,0.8000000810669011,0.7970978184416448,-0.00290226262525628,2397
0,false,0.8000000849673119,0.4936984740535832,-0.3063016109137287,2408
1,false,0.8000000849723463,0.7049520818785554,-0.09504800309379091,2409
2,false,0.8000000849258386,0.7049520818785554,-0.3016712465275435,2410
3,false,0.8000000849381297,0.705165609652143,-0.09483447528598665,2411
4,false,0.8000000848754233,0.705165609652143,-0.2906673225995159,2412
5,false,0.8000000849616797,0.7199574983434394,-0.08004258661824037,2413
6,false,0.8000000823006753,0.7199574983434394,-0.32537948821152785,2414
7,false,0.8000000849268791,0.7199574983434394,-0.3041979266673799,2415
8,false,0.8000000849326541,0.7199574983434394,-0.30432332404603357,2416
9,false,0.8000000849580802,0.7199574983434394,-0.3049788500563617,2417
10,false,0.8000000849170088,0.7199574983434394,-0.3031604229734586,2418
11,false,0.8000000847805915,0.7850796982791877,-0.014920386501403815,2419
0,false,0.800000084890552,0.49575037280874,-0.30424971208181195,2427
1,false,0.800000084894404,0.7287748890627688,-0.07122519583163522,2428
2,false,0.800000083972503,0.7287748890627688,-0.24243119950428527,2429
3,false,0.8000000838226784,0.7287748890627688,-0.12232030063735577,2430
4,false,0.8000000847893397,0.7287748890627688,-0.13196617238051755,2431
5,false,0.8000000805685926,0.7287748890627688,-0.18138623983507574,2432
6,false,0.8000000824051134,0.7287748890627688,-0.21040193195269996,2433
7,false,0.8000000796438483,0.7287748890627688,-0.15906353925763528,2434
8,false,0.8000000800378024,0.7287748890627688,-0.17019161585145604,2435
9,false,0.800000081758883,0.7287748890627688,-0.19521165486472802,2436
10,false,0.8000000808253106,0.7287748890627688,-0.1910853099725548,2437
11,false,0.8000000817466121,0.7287748890627688,-0.19716693854802136,2438
12,false,0.8000000793091053,0.7287748890627688,-0.16486160966606012,2439
13,false,0.8000000847861097,0.7287748890627688,-0.2814686952869263,2440
14,false,0.8000000794095468,0.7287748890627688,-0.14795086739812358,2441
15,false,0.800000082563381,0.7287748890627688,-0.2054590102189311,2442
16,false,0.8000000822062026,0.7287748890627688,-0.09019180507931901,2443
17,false,0.8000000847710373,0.7287748890627688,-0.13249407919459089,2444
18,false,0.8000000846133328,0.7287748890627688,-0.27051267304586624,2445
19,false,0.8000000780298866,0.7287748890627688,-0.13684374153755863,2446
20,false,0.8000000848361359,0.7287748890627688,-0.3003346647108186,2447
21,false,0.8000000805942092,0.7287748890627688,-0.16524859009759474,2448
22,false,0.8000000847814568,0.7287748890627688,-0.28669470632023897,2449
23,false,0.8000000843312145,0.7287748890627688,-0.13610505208448154,2450
24,false,0.8000000797318484,0.7287748890627688,-0.08793301303850998,2451
25,false,0.8000000831091012,0.7287748890627688,-0.22083942556254077,2452
26,false,0.8000000831143628,0.7287748890627688,-0.10252570846363274,2453
27,false,0.8000000820388885,0.7287748890627688,-0.19676608503325654,2454
28,false,0.8000000849288778,0.7287748890627688,-0.3038104598751452,2455
29,false,0.8000000784165952,0.7287748890627688,-0.14543760628552882,2456
30,false,0.8000000843779375,0.7287748890627688,-0.1191024169101732,2457
31,false,0.8000000822214199,0.7287748890627688,-0.10042170223138758,2458
32,false,0.8000000817092682,0.7459812303828128,-0.05401885132645534,2459
33,false,0.8000000797132947,0.7459812303828128,-0.19368601642414984,2460
34,false,0.8000000798601514,0.7459812303828128,-0.18125952763209263,2461
35,false,0.8000000827727485,0.7459812303828128,-0.23561722597754553,2462
36,false,0.8000000821136333,0.7459812303828128,-0.19665308509625024,2463
37,false,0.8000000822189066,0.7459812303828128,-0.22490049723861372,2464
38,false,0.800000080961952,0.7459812303828128,-0.07884550403859203,2465
39,false,0.8000000846257292,0.7459812303828128,-0.13394624662411092,2466
40,false,0.8000000793711877,0.7459812303828128,-0.1522115801543965,2467
41,false,0.800000083360541,0.7459812303828128,-0.23483902260947653,2468
42,false,0.8000000842579331,0.7459812303828128,-0.26236219505873115,2469
43,false,0.8000000842808325,0.7459812303828128,-0.26459096885966493,2470
44,false,0.8000000846941651,0.7459812303828128,-0.14309648862955004,2471
45,false,0.8000000839221755,0.7459812303828128,-0.26743218512636446,2472
46,false,0.8000000847841169,0.7459812303828128,-0.3060267132166148,2473
47,false,0.8000000837407861,0.7459812303828128,-0.26312229690170463,2474
48,false,0.8000000833573275,0.7459812303828128,-0.14509391905461322,2475
49,false,0.8000000811538375,0.7459812303828128,-0.08332261655447448,2476
50,false,0.8000000797041409,0.7990419062254005,-0.0009581734787403873,2477
0,false,0.8000000848276885,0.6912449922091336,-0.10875509261855487,2491
1,false,0.8000000848527431,0.6912449922091336,-0.11020964702771041,2492
2,false,0.8000000809853732,0.6912449922091336,-0.21430505219234874,2493
3,false,0.8000000848157933,0.6914773510158503,-0.10852273379994304,2494
4,false,0.8000000845886099,0.6914773510158503,-0.14097544545703333,2495
5,false,0.8000000848126656,0.6914773510158503,-0.3126852034822085,2496
6,false,0.8000000848054087,0.6914773510158503,-0.3131923703540822,2497
7,false,0.8000000848082383,0.6914773510158503,-0.31298181883793397,2498
8,false,0.8000000845165616,0.6914773510158503,-0.2804785480341516,2499
9,false,0.8000000848287956,0.6914773510158503,-0.3119522367420203,2500
10,false,0.8000000847713657,0.6914773510158503,-0.10908990371221494,2501
11,false,0.8000000848051272,0.6914773510158503,-0.3127895270095413,2502
12,false,0.8000000848001807,0.7030350290308094,-0.09696505576937131,2503
13,false,0.8000000848038072,0.7030350290308094,-0.10981535671344944,2504
14,false,0.8000000848020522,0.7030350290308094,-0.3129696119633004,2505
15,false,0.8000000848053288,0.7030350290308094,-0.10919184389384473,2506
16,false,0.8000000848072023,0.7030350290308094,-0.10964445142065271,2507
17,false,0.8000000847582871,0.7060964136547649,-0.09390367110352216,2508
18,false,0.8000000847837035,0.7060964136547649,-0.3122068771578439,2509
19,false,0.800000084675714,0.7084505416925351,-0.09154954298317897,2510
20,false,0.8000000848042772,0.7084505416925351,-0.09723018684524143,2511
21,false,0.8000000847877049,0.7084505416925351,-0.1097850277771465,2512
22,false,0.8000000847413323,0.7084505416925351,-0.3072949145470318,2513
23,false,0.8000000847733894,0.7084505416925351,-0.09731389201057239,2514
24,false,0.8000000835038527,0.7084505416925351,-0.2876703757621474,2515
25,false,0.8000000840598954,0.7084505416925351,-0.2719059358421705,2516
26,false,0.8000000847808173,0.7084505416925351,-0.3123842837106975,2517
27,false,0.8000000847162477,0.7084505416925351,-0.09994848363263054,2518
28,false,0.8000000847843964,0.7084505416925351,-0.09696086809383897,2519
29,false,0.8000000847336981,0.7084505416925351,-0.10877507701302158,2520
30,false,0.800000084651167,0.7084505416925351,-0.1426402072503079,2521
31,false,0.8000000847861708,0.7084505416925351,-0.31242776319026627,2522
32,false,0.8000000847755455,0.7084505416925351,-0.09717338641604245,2523
33,false,0.8000000842790677,0.7084505416925351,-0.2811704776499724,2524
34,false,0.8000000846189848,0.7088663265507347,-0.09113375806825008,2525
35,false,0.8000000847707107,0.7088663265507347,-0.3121569078110536,2526
36,false,0.8000000847768576,0.7088663265507347,-0.10970687450955352,2527
37,false,0.8000000843147693,0.7088663265507347,-0.14057684525097502,2528
38,false,0.8000000847820209,0.7088663265507347,-0.10930592735947187,2529
39,false,0.8000000847772402,0.7088663265507347,-0.0937834095008403,2530
40,false,0.8000000847721375,0.7088663265507347,-0.09710299143270462,2531
41,false,0.8000000847648251,0.7088663265507347,-0.10973103610404011,2532
42,false,0.8000000847465513,0.7088663265507347,-0.11003118648600974,2533
43,false,0.8000000847677573,0.7088663265507347,-0.10959870123613236,2534
44,false,0.8000000847718726,0.7088663265507347,-0.3121736444015479,2535
45,false,0.8000000824907876,0.7088663265507347,-0.25094394080213167,2536
46,false,0.8000000847742976,0.7088663265507347,-0.10949188580489944,2537
47,false,0.8000000847591417,0.7088663265507347,-0.10973251453941579,2538
48,false,0.8000000847673282,0.7088663265507347,-0.10940150653634717,2539
49,false,0.8000000847689698,0.7088663265507347,-0.10720514460105524,2540
50,false,0.800000084755598,0.7088663265507347,-0.3123347810716015,2541
51,false,0.8000000846049687,0.7179636006531959,-0.08203648395177288,2542
52,false,0.8000000847819916,0.7179636006531959,-0.09380527380120218,2543
53,false,0.8000000847607356,0.7179636006531959,-0.11028044400763393,2544
54,false,0.8000000847597855,0.7179636006531959,-0.10805386833803565,2545
55,false,0.8000000847595424,0.7179636006531959,-0.11014976736994486,2546
56,false,0.8000000847654488,0.7179636006531959,-0.3124278341619981,2547
57,false,0.8000000847678983,0.7179636006531959,-0.09402512462239765,2548
58,false,0.8000000847246198,0.7179636006531959,-0.09650706031004441,2549
59,false,0.8000000847604443,0.7179636006531959,-0.09692849060871789,2550
60,false,0.8000000847682818,0.7179636006531959,-0.09706895677853233,2551
61,false,0.8000000847708465,0.7179636006531959,-0.09383936989730868,2552
62,false,0.800000084768453,0.7179636006531959,-0.09380167229589254,2553
63,false,0.8000000847621807,0.7179636006531959,-0.09401028910156062,2554
64,false,0.8000000847672604,0.7179636006531959,-0.09357762903639744,2555
65,false,0.800000084766183,0.7179636006531959,-0.09399973516941595,2556
66,false,0.8000000847666817,0.7179636006531959,-0.09395295643388812,2557
67,false,0.8000000847401403,0.7179636006531959,-0.09793760807943686,2558
68,false,0.800000084284853,0.7179636006531959,-0.29694300797686024,2559
69,false,0.8000000847667715,0.7179636006531959,-0.10939791561596834,2560
70,false,0.8000000829031214,0.7179636006531959,-0.27106133097144025,2561
71,false,0.8000000847641641,0.7179636006531959,-0.10937503278329697,2562
72,false,0.8000000847602562,0.7179636006531959,-0.09378231365365275,2563
73,false,0.8000000847647374,0.7179636006531959,-0.09383678202498347,2564
74,false,0.800000084748016,0.7179636006531959,-0.10976799414767557,2565
75,false,0.8000000847617044,0.7179636006531959,-0.09404330872024769,2566
76,false,0.8000000838952428,0.7179636006531959,-0.1465145069133843,2567
77,false,0.800000084759295,0.7179636006531959,-0.09398848634497303,2568
78,false,0.8000000847573521,0.7179636006531959,-0.1096839288820769,2569
79,false,0.800000084682068,0.7179636006531959,-0.3127087319381062,2570
80,false,0.8000000847654396,0.7179636006531959,-0.0940560506785808,2571
81,false,0.8000000847633972,0.7179636006531959,-0.09400418260531385,2572
82,false,0.8000000847600045,0.7179636006531959,-0.09399478798961913,2573
83,false,0.8000000847372752,0.7179636006531959,-0.09402282022663888,2574
84,false,0.8000000847716376,0.7179636006531959,-0.10810543127121919,2575
85,false,0.8000000847066877,0.7179636006531959,-0.09397794515850466,2576
86,false,0.800000084756403,0.7179636006531959,-0.3119028384055931,2577
87,false,0.8000000847536557,0.7179636006531959,-0.10968837051445957,2578
88,false,0.8000000847618345,0.7723227648296104,-0.02767731993222411,2579
89,false,0.8000000845417208,0.7723227648296104,-0.14072521142869587,2580
90,false,0.8000000844955905,0.7723227648296104,-0.29872034713142004,2581
91,false,0.8000000843973641,0.7723227648296104,-0.29831442088044324,2582
92,false,0.8000000844902054,0.7723227648296104,-0.297499556764829,2583
93,false,0.8000000844836633,0.7723227648296104,-0.29838132347991053,2584
94,false,0.8000000844832551,0.7723227648296104,-0.29754700797059197,2585
95,false,0.8000000844898787,0.7723227648296104,-0.29718359936087324,2586
96,false,0.8000000844800458,0.7723227648296104,-0.29815523195994564,2587
97,false,0.800000084376242,0.7723227648296104,-0.2935791371266616,2588
98,false,0.8000000844522501,0.7723227648296104,-0.2995381288047463,2589
99,false,0.8000000844739719,0.7723227648296104,-0.2977577722676159,2590
100,false,0.8000000844760293,0.7723227648296104,-0.07496900149577823,2591
101,false,0.8000000844319014,0.7723227648296104,-0.29849382888724263,2592
102,false,0.8000000844870604,0.7723227648296104,-0.29846420742908275,2593
103,false,0.8000000844744553,0.7723227648296104,-0.2992184942755529,2594
104,false,0.8000000844890152,0.7723227648296104,-0.0749857381518848,2595
105,false,0.8000000844831784,0.7723227648296104,-0.29834151778170803,2596
106,false,0.8000000844669611,0.7723227648296104,-0.2989732986014725,2597
107,false,0.8000000844690272,0.7723227648296104,-0.2986971157964209,2598
108,false,0.8000000844662737,0.7723227648296104,-0.2981310427051834,2599
109,false,0.8000000844620591,0.7723227648296104,-0.2979979476743989,2600
110,false,0.8000000844664,0.7723227648296104,-0.2962454230139292,2601
111,false,0.8000000844275649,0.7723227648296104,-0.2963640720177877,2602
112,false,0.8000000844591008,0.7723227648296104,-0.29835061692399056,2603
113,false,0.8000000844690355,0.7723227648296104,-0.29861914433775283,2604
114,false,0.8000000844547209,0.7723227648296104,-0.29667457920265694,2605
115,false,0.8000000844696287,0.7723227648296104,-0.14717911212765278,2606
116,false,0.8000000844729185,0.7723227648296104,-0.2980424320767432,2607
117,false,0.8000000844891927,0.7723227648296104,-0.2981458023410133,2608
118,false,0.8000000844645127,0.7723227648296104,-0.2970563923438295,2609
119,false,0.8000000844696683,0.7723227648296104,-0.0722480694563361,2610
120,false,0.8000000844559932,0.7723227648296104,-0.07542090601414342,2611
121,false,0.8000000844592842,0.7723227648296104,-0.29960124608605176,2612
122,false,0.8000000845096303,0.7723227648296104,-0.07369533240192183,2613
123,false,0.8000000844663276,0.7723227648296104,-0.0753520249976588,2614
124,false,0.8000000843231393,0.7723227648296104,-0.2881038277927622,2615
125,false,0.8000000844549343,0.7723227648296104,-0.3002625847911775,2616
126,false,0.8000000844541418,0.7723227648296104,-0.29935507466546174,2617
127,false,0.8000000844699696,0.7723227648296104,-0.29872961779099383,2618
128,false,0.8000000841398911,0.7723227648296104,-0.14869375770144,2619
0,false,0.8000000844329538,0.5024231212898781,-0.2975769631430757,2603
1,false,0.8000000844568416,0.7238870908046121,-0.07611299365222945,2604
2,false,0.8000000844551453,0.7238870908046121,-0.3003465156806957,2605
3,false,0.8000000844592087,0.7238870908046121,-0.2994809539029851,2606
4,false,0.8000000844326364,0.7238870908046121,-0.30206108850072244,2607
5,false,0.8000000844519298,0.7238870908046121,-0.2997081924476369,2608
6,false,0.8000000844448311,0.7320132191828228,-0.06798686526200826,2609
7,false,0.8000000844601093,0.7320132191828228,-0.299921432413514,2610
8,false,0.8000000844460183,0.7320132191828228,-0.29932059830011315,2611
9,false,0.8000000836396806,0.7320132191828228,-0.3060120483029932,2612
10,false,0.8000000843985096,0.7320132191828228,-0.07730071445231634,2613
11,false,0.8000000844499373,0.7320132191828228,-0.29890434978239,2614
12,false,0.8000000844978801,0.7322024547992996,-0.0677976296985805,2615
13,false,0.8000000844433043,0.7322024547992996,-0.2998020008623772,2616
14,false,0.8000000845166403,0.7322024547992996,-0.07155659888791799,2617
15,false,0.800000084424471,0.7322024547992996,-0.29782553819126445,2618
16,false,0.800000084457325,0.7322024547992996,-0.07546277981220118,2619
17,false,0.8000000844617678,0.7322024547992996,-0.07604546546743829,2620
18,false,0.8000000844591955,0.7322024547992996,-0.2995474582168629,2621
19,false,0.8000000844508716,0.7647440000206679,-0.03525608443020367,2622
20,false,0.8000000845043195,0.7647440000206679,-0.14244270475167375,2623
21,false,0.8000000844465345,0.7647440000206679,-0.0752159888773275,2624
22,false,0.8000000844661047,0.7647440000206679,-0.07109970522641407,2625
23,false,0.8000000844709048,0.7647440000206679,-0.29986009136544745,2626
24,false,0.8000000844499602,0.7647440000206679,-0.07581454385115904,2627
25,false,0.8000000844763948,0.7647440000206679,-0.0740461647240318,2628
26,false,0.8000000844425997,0.7647440000206679,-0.2979852203242933,2629
27,false,0.8000000844467834,0.7647440000206679,-0.2992956047319054,2630
28,false,0.8000000844807716,0.7647440000206679,-0.07416021275924434,2631
29,false,0.80000008447155,0.7647440000206679,-0.07494623794471589,2632
30,false,0.8000000844530506,0.7895782401149872,-0.010421844338063369,2633
0,false,0.8000000842303506,0.5287420169037756,-0.271258067326575,2638
1,false,0.8000000822267411,0.7082959170579307,-0.09170416516881041,2639
2,false,0.8000000844289861,0.7082959170579307,-0.14120836833701544,2640
3,false,0.8000000844267153,0.7282589822888004,-0.07174110213791496,2641
4,false,0.8000000844128652,0.7282589822888004,-0.2908386558876801,2642
5,false,0.8000000827087108,0.7282589822888004,-0.2648941813041418,2643
6,false,0.8000000843455549,0.7282589822888004,-0.2798037940864275,2644
7,false,0.8000000843429068,0.7282589822888004,-0.13151045847383291,2645
8,false,0.8000000834210159,0.7282589822888004,-0.23708433322663525,2646
9,false,0.8000000844087878,0.7282589822888004,-0.14165014056616698,2647
10,false,0.8000000844166629,0.7300022067237124,-0.06999787769295052,2648
11,false,0.8000000841359167,0.7300022067237124,-0.12571158754041356,2649
12,false,0.8000000844398867,0.7300022067237124,-0.07635411563006023,2650
13,false,0.8000000842349575,0.7300022067237124,-0.07632556035759308,2651
14,false,0.8000000825744946,0.7300022067237124,-0.2388186100501477,2652
15,false,0.8000000837569117,0.7300022067237124,-0.26486596312609556,2653
16,false,0.80000008443091,0.7300022067237124,-0.07442731176028772,2654
17,false,0.8000000832837728,0.7300022067237124,-0.2444107815139629,2655
18,false,0.8000000843891907,0.7300022067237124,-0.07590443549962111,2656
19,false,0.8000000819864663,0.7370150252618843,-0.06298505672458199,2657
20,false,0.8000000839862678,0.7370150252618843,-0.13104880122070717,2658
21,false,0.8000000841269174,0.7370150252618843,-0.12291842116457219,2659
22,false,0.8000000844347065,0.7370150252618843,-0.2997749254125659,2660
23,false,0.8000000844238138,0.7370150252618843,-0.07765207365156823,2661
24,false,0.8000000844271583,0.7370150252618843,-0.2986718546631142,2662
25,false,0.8000000844055095,0.7370150252618843,-0.28998551378795456,2663
26,false,0.8000000829289996,0.7370150252618843,-0.2226329343175596,2664
27,false,0.8000000844044769,0.7370150252618843,-0.2932771166497504,2665
28,false,0.800000083962136,0.7370150252618843,-0.26012496160392296,2666
29,false,0.8000000843330762,0.7370150252618843,-0.2815707949714007,2667
30,false,0.8000000842714344,0.7370150252618843,-0.27444967210971927,2668
31,false,0.8000000841543028,0.7370150252618843,-0.26861984292493124,2669
32,false,0.8000000833670273,0.7370150252618843,-0.2386515303188902,2670
33,false,0.8000000843621768,0.7370150252618843,-0.13273691588815018,2671
34,false,0.8000000830382623,0.7370150252618843,-0.22951804621384964,2672
35,false,0.8000000843913263,0.7370150252618843,-0.2951267635384808,2673
36,false,0.8000000824794502,0.7506071183880599,-0.04939296409139027,2674
37,false,0.8000000840540666,0.7506071183880599,-0.2751179245426596,2675
38,false,0.8000000839219342,0.7506071183880599,-0.2594862920467568,2676
39,false,0.8000000810362428,0.7506071183880599,-0.06053229640537605,2677
40,false,0.8000000843154398,0.7506071183880599,-0.2774006140176253,2678
41,false,0.800000084362772,0.7506071183880599,-0.28319116230089536,2679
42,false,0.8000000833718509,0.7506071183880599,-0.23816616031282523,2680
43,false,0.8000000840687853,0.7506071183880599,-0.26490088114394506,2681
44,false,0.8000000835613646,0.7506071183880599,-0.24558164475931832,2682
45,false,0.8000000810052179,0.7506071183880599,-0.06378781368780362,2683
46,false,0.8000000833931666,0.7506071183880599,-0.24072757752660845,2684
47,false,0.8000000843615065,0.7506071183880599,-0.058166150184442045,2685
48,false,0.8000000843775551,0.7506071183880599,-0.13272182766424634,2686
49,false,0.800000080953458,0.7509035018105825,-0.04909657914287546,2687
50,false,0.8000000840562955,0.7509035018105825,-0.1274304521048948,2688
51,false,0.8000000841390209,0.7509035018105825,-0.2688604109929118,2689
52,false,0.8000000841250712,0.7509035018105825,-0.26715561450233505,2690
53,false,0.8000000834045161,0.7509035018105825,-0.2395281848529166,2691
54,false,0.8000000843894058,0.7509035018105825,-0.2939309398480534,2692
55,false,0.8000000820319413,0.7509035018105825,-0.05302504775410677,2693
56,false,0.8000000843905375,0.7509035018105825,-0.2951529351981943,2694
57,false,0.8000000787551474,0.7509035018105825,-0.08310413935519634,2695
58,false,0.8000000843771906,0.7509035018105825,-0.1321742842832887,2696
59,false,0.8000000838199567,0.7509035018105825,-0.2575996843678553,2697
60,false,0.8000000818958748,0.7509035018105825,-0.06365067131924751,2698
61,false,0.8000000844004089,0.7509035018105825,-0.29062033201097703,2699
62,false,0.8000000843885035,0.7509035018105825,-0.05973306731268013,2700
63,false,0.8000000843868091,0.7509035018105825,-0.2875076670419483,2701
64,false,0.8000000830601964,0.7509035018105825,-0.22780570552957458,2702
65,false,0.8000000841565745,0.7509035018105825,-0.12769423499653387,2703
66,false,0.8000000843322743,0.7509035018105825,-Inf,2704
67,false,0.8000000828381345,0.7509035018105825,-0.22153321302683893,2705
68,false,0.8000000837976969,0.7509035018105825,-0.11768874336060697,2706
69,false,0.8000000844167532,0.7509035018105825,-0.29684366019672925,2707
70,false,0.8000000842676509,0.7509035018105825,-0.12774082618899074,2708
71,false,0.8000000844138606,0.7509035018105825,-0.29309223596689327,2709
72,false,0.800000084332537,0.7509035018105825,-0.13083815951387057,2710
73,false,0.8000000821336688,0.7509035018105825,-0.21730205741538122,2711
74,false,0.8000000828709977,0.7509035018105825,-0.2577313181069001,2712
75,false,0.8000000840290473,0.7509035018105825,-0.26596175529424226,2713
76,false,0.8000000836414733,0.7509035018105825,-0.11692252113680524,2714
77,false,0.8000000841579916,0.7509035018105825,-0.12620050087189283,2715
78,false,0.8000000808790118,0.772385547187072,-0.02761453369193978,2716
79,false,0.8000000843750342,0.772385547187072,-0.059973920419093774,2717
80,false,0.8000000841391772,0.772385547187072,-0.12511438786429396,2718
81,false,0.8000000838202606,0.772385547187072,-0.2552540635369427,2719
82,false,0.8000000841670556,0.772385547187072,-0.2695987111601552,2720
83,false,0.8000000843573921,0.772385547187072,-0.2816620130564397,2721
84,false,0.800000084422501,0.772385547187072,-0.29506255068400444,2722
85,false,0.8000000841040478,0.772385547187072,-0.26631926193664035,2723
86,false,0.8000000839897388,0.772385547187072,-0.25981263748562144,2724
87,false,0.800000082978967,0.772385547187072,-0.11236370717905075,2725
88,false,0.8000000839555588,0.772385547187072,-0.12275312367595548,2726
89,false,0.800000083397406,0.772385547187072,-0.24153820637517787,2727
90,false,0.8000000823398119,0.772385547187072,-0.10840858094362749,2728
91,false,0.800000084336465,0.772385547187072,-0.13035973829765424,2729
92,false,0.800000082001442,0.772385547187072,-0.03785055895479239,2730
93,false,0.800000084165021,0.772385547187072,-0.26834414631734316,2731
94,false,0.800000084257299,0.772385547187072,-0.2731219961648592,2732
95,false,0.8000000811594459,0.772385547187072,-0.08325280644918442,2733
96,false,0.8000000843435155,0.772385547187072,-0.05975567796370507,2734
97,false,0.8000000810647809,0.772385547187072,-0.07254732858438628,2735
98,false,0.8000000823071732,0.772385547187072,-0.041156044782367784,2736
99,false,0.8000000838224656,0.772385547187072,-0.2557838431977215,2737
100,false,0.8000000827195464,0.772385547187072,-0.23012915277901858,2738
101,false,0.8000000836568528,0.772385547187072,-0.24898207482710788,2739
102,false,0.8000000841617878,0.772385547187072,-0.12428266493851847,2740
103,false,0.8000000835213433,0.772385547187072,-0.11360848814370261,2741
104,false,0.8000000839898485,0.772385547187072,-0.12272387425165032,2742
105,false,0.8000000815459565,0.772385547187072,-0.08606989157222245,2743
106,false,0.8000000844024824,0.772385547187072,-0.2954081506127576,2744
107,false,0.8000000842205777,0.772385547187072,-0.2714178123287986,2745
108,false,0.8000000823646242,0.772385547187072,-0.09421038324066489,2746
109,false,0.8000000840436419,0.772385547187072,-0.12167284464557804,2747
110,false,0.80000008416067,0.772385547187072,-0.12396720701175967,2748
111,false,0.8000000818098156,0.772385547187072,-0.1986315214229335,2749
112,false,0.8000000843665949,0.772385547187072,-0.2851205678172257,2750
113,false,0.8000000837358264,0.772385547187072,-0.11609560292946874,2751
114,false,0.800000084061659,0.772385547187072,-0.2633418996384984,2752
115,false,0.8000000844111216,0.772385547187072,-0.29476766551908684,2753
116,false,0.8000000834954827,0.772385547187072,-0.11178241724396099,2754
117,false,0.8000000840595345,0.7996737435438908,-0.00032634051564373046,2755
118,false,0.8000000814381916,0.7996737435438908,-0.07502882055995319,2756
119,false,0.800000084171662,0.7996737435438908,-0.2753183190035059,2757
120,false,0.8000000841460716,0.7996737435438908,-0.27009300230838595,2758
121,false,0.8000000842923791,0.7996737435438908,-0.14177667228597124,2759
122,false,0.8000000831475288,0.7996737435438908,-0.23311220257065712,2760
123,false,0.8000000830386877,0.7996737435438908,-0.11456068170517986,2761
124,false,0.8000000843055797,0.7996737435438908,-0.14248883247122435,2762
125,false,0.8000000837746847,0.7996737435438908,-0.25501049364983563,2763
126,false,0.8000000833066175,0.7996737435438908,-0.2386091209804594,2764
127,false,0.8000000842869843,0.7996737435438908,-0.2852649131841476,2765
128,false,0.8000000831353025,0.7996737435438908,-0.053280247342341935,2766
0,false,0.8000000822243005,0.5162164516350596,-0.28378363058924094,2768
1,false,0.8000000835226934,0.6758991270642136,-0.12410095645847974,2769
2,false,0.8000000748251356,0.6758991270642136,-0.29874513071418085,2770
3,false,0.8000000835405094,0.6758991270642136,-0.2551930952130168,2771
4,false,0.8000000736545685,0.6758991270642136,-0.3378617934736225,2772
5,false,0.8000000721297984,0.6758991270642136,-0.3452091750008517,2773
6,false,0.8000000835182087,0.6758991270642136,-0.2558903671972095,2774
7,false,0.8000000779651597,0.6758991270642136,-0.2895882029872271,2775
8,false,0.8000000725537292,0.6758991270642136,-0.35156796092486264,2776
9,false,0.8000000753990316,0.6758991270642136,-0.30719212468013757,2777
10,false,0.8000000835198556,0.6758991270642136,-0.25419485044149404,2778
11,false,0.8000000742919999,0.6758991270642136,-0.34602389670012457,2779
12,false,0.8000000764917131,0.6758991270642136,-0.14786342027020793,2780
13,false,0.8000000826857501,0.6758991270642136,-0.2752511945148548,2781
14,false,0.800000081410745,0.6925223562042561,-0.1074777252064889,2782
15,false,0.800000082126016,0.7139179490611562,-0.08608213306485979,2783
16,false,0.8000000751498284,0.7139179490611562,-0.2920478096820429,2784
17,false,0.8000000745659721,0.7139179490611562,-0.3273629803624168,2785
18,false,0.8000000834502754,0.7139179490611562,-0.258685584370295,2786
19,false,0.8000000831867143,0.7139179490611562,-0.12183244575655694,2787
20,false,0.8000000822069744,0.7139179490611562,-0.28246927335557803,2788
21,false,0.8000000827152816,0.7139179490611562,-0.1310503986652587,2789
22,false,0.8000000825635285,0.7139179490611562,-0.1343092329414517,2790
23,false,0.8000000826304278,0.7139179490611562,-0.1328702540704284,2791
24,false,0.8000000835404955,0.7139179490611562,-0.2535487789794648,2792
25,false,0.8000000834405802,0.7139179490611562,-0.25643957716877663,2793
26,false,0.8000000833318439,0.7139179490611562,-0.2600954028174933,2794
27,false,0.8000000774861489,0.7139179490611562,-0.27067714721874125,2795
28,false,0.8000000832650638,0.7139179490611562,-0.26170112544729185,2796
29,false,0.8000000827504965,0.7139179490611562,-0.26973702181829684,2797
30,false,0.8000000833846486,0.7139179490611562,-0.119685813160888,2798
31,false,0.8000000721876324,0.7139179490611562,-0.3475022634508671,2799
32,false,0.8000000834178419,0.7139179490611562,-0.25680158732828107,2800
33,false,0.8000000775747615,0.7139179490611562,-0.2738381446525038,2801
34,false,0.8000000716541491,0.7139179490611562,-0.3579376072446025,2802
35,false,0.8000000778614802,0.7139179490611562,-0.17989918277771122,2803
36,false,0.8000000825731752,0.7139179490611562,-0.13444832670342954,2804
37,false,0.800000076154334,0.7139179490611562,-0.31391876091043286,2805
38,false,0.8000000741758868,0.7139179490611562,-0.3252545543704203,2806
39,false,0.8000000829883923,0.7139179490611562,-0.12471385570307714,2807
40,false,0.8000000780889781,0.7139179490611562,-0.3002584027322758,2808
41,false,0.8000000835393831,0.7330162573368711,-0.06698382620251198,2809
42,false,0.8000000734946078,0.7330162573368711,-0.1486445101138285,2810
43,false,0.8000000745810212,0.7330162573368711,-0.3011819186496218,2811
44,false,0.800000073467804,0.7330162573368711,-0.3210405320674305,2812
45,false,0.8000000835342685,0.7330162573368711,-0.25439255157878404,2813
46,false,0.8000000835020719,0.7330162573368711,-0.25463996559534263,2814
47,false,0.8000000826794716,0.7330162573368711,-0.27451157249879676,2815
48,false,0.8000000795724361,0.7330162573368711,-0.309285598655038,2816
49,false,0.8000000742614285,0.7330162573368711,-0.3145603609317584,2817
50,false,0.8000000773249523,0.7330162573368711,-0.3071866793071134,2818
51,false,0.8000000828233482,0.7330162573368711,-0.1259103512912707,2819
52,false,0.8000000750776863,0.7330162573368711,-0.32504220126603334,2820
53,false,0.8000000834156852,0.7330162573368711,-0.25516430702643744,2821
54,false,0.8000000827574364,0.7330162573368711,-0.1305890178335649,2822
55,false,0.8000000820407687,0.7330162573368711,-0.2725773677305612,2823
56,false,0.8000000772753959,0.7330162573368711,-0.30093694234938606,2824
57,false,0.800000082734179,0.7330162573368711,-0.26916397732144803,2825
58,false,0.8000000831498822,0.7330162573368711,-0.12251713944057374,2826
59,false,0.8000000804362315,0.7330162573368711,-0.11627685886815842,2827
60,false,0.8000000834667602,0.7330162573368711,-0.2570769882777686,2828
61,false,0.8000000752457387,0.7330162573368711,-0.31186195463019406,2829
62,false,0.8000000820750794,0.7330162573368711,-0.09641202821932437,2830
63,false,0.800000080008045,0.7330162573368711,-0.30934844356628033,2831
64,false,0.8000000834411052,0.7330162573368711,-0.25734583763743535,2832
65,false,0.8000000827481495,0.7330162573368711,-0.13102475053183127,2833
66,false,0.8000000809745891,0.7330162573368711,-0.28882501846883923,2834
67,false,0.8000000835301191,0.7330162573368711,-0.12554642746650435,2835
68,false,0.800000082804759,0.7330162573368711,-0.27012912497754005,2836
69,false,0.8000000729233275,0.7330162573368711,-0.32130905522677866,2837
70,false,0.8000000704296131,0.7330162573368711,-0.35375897279377355,2838
71,false,0.8000000834652504,0.7330162573368711,-0.2553987424242713,2839
72,false,0.8000000834153295,0.7330162573368711,-0.25733977898316707,2840
73,false,0.8000000834995901,0.7330162573368711,-0.25548593986593515,2841
74,false,0.8000000834351164,0.7330162573368711,-0.12104988319790655,2842
75,false,0.8000000811482998,0.7330162573368711,-0.28670523788890956,2843
76,false,0.8000000751668315,0.7330162573368711,-0.3311010462766418,2844
77,false,0.8000000834258435,0.7330162573368711,-0.25759679562710946,2845
78,false,0.8000000834314527,0.7330162573368711,-0.2544050013474246,2846
79,false,0.8000000835201577,0.7330162573368711,-0.25525625563421883,2847
80,false,0.8000000807618382,0.7330162573368711,-0.26374109773276033,2848
81,false,0.8000001038392409,0.7330162573368711,-0.30001335380315397,2849
82,false,0.8000000812315302,0.7330162573368711,-0.2923055918884263,2850
83,false,0.8000000834812422,0.7330162573368711,-0.2556086483984631,2851
84,false,0.8000000794700605,0.7330162573368711,-0.31033264983092396,2852
85,false,0.8000000833938542,0.7330162573368711,-0.25932840970551896,2853
86,false,0.800000082389809,0.7330162573368711,-0.2750517048895881,2854
87,false,0.8000000775287222,0.7330162573368711,-0.14633722836006924,2855
88,false,0.8000000835297356,0.7330162573368711,-0.25231327704092044,2856
89,false,0.8000000773192321,0.7330162573368711,-0.2862622472650401,2857
90,false,0.8000000834569949,0.7330162573368711,-0.2585884051398546,2858
91,false,0.8000000830182024,0.7330162573368711,-0.12481220313002805,2859
92,false,0.8000000831781635,0.7330162573368711,-0.260986738514144,2860
93,false,0.8000000827508688,0.7330162573368711,-0.12426525402124056,2861
94,false,0.8000000831825386,0.7330162573368711,-0.1215459512188547,2862
95,false,0.8000000723124154,0.7466015804749975,-0.05339849183741796,2863
0,false,0.8000000835446209,0.6744036533678858,-0.12559643017673516,2889
1,false,0.8000000835406078,0.6744036533678858,-0.12644113998416207,2890
2,false,0.8000000835397287,0.6745179052939223,-0.12548217824580643,2891
3,false,0.8000000835398301,0.6745179052939223,-0.252633416533646,2892
4,false,0.8000000835300922,0.6745179052939223,-0.12561457850247015,2893
5,false,0.8000000835294336,0.6745179052939223,-0.2526074305584697,2894
6,false,0.8000000835564135,0.6745179052939223,-0.12554173933791035,2895
7,false,0.8000000835267301,0.6745179052939223,-0.2518340603094399,2896
8,false,0.8000000835224295,0.6745179052939223,-0.25270625986507556,2897
9,false,0.8000000835194362,0.6745725065837708,-0.12542757693566542,2898
10,false,0.8000000835238599,0.6745725065837708,-0.25124926226955524,2899
11,false,0.8000000835259167,0.6745725065837708,-0.2513463511841254,2900
12,false,0.8000000835234242,0.6745725065837708,-0.2514560636818125,2901
13,false,0.8000000835237794,0.6745725065837708,-0.25168732190628396,2902
14,false,0.8000000835830038,0.6745725065837708,-0.12606325010875896,2903
15,false,0.8000000835501028,0.7330692070921341,-0.06693087645796869,2904
16,false,0.800000083523518,0.7330692070921341,-0.2517714732475086,2905
17,false,0.8000000835201364,0.7330692070921341,-0.25158259657265836,2906
18,false,0.8000000835196389,0.7330692070921341,-0.1247424596361183,2907
19,false,0.8000000835319508,0.7330692070921341,-0.2522214668840056,2908
20,false,0.8000000835196366,0.7330692070921341,-0.2527584921932833,2909
21,false,0.800000083487941,0.7330692070921341,-0.12756221432930703,2910
22,false,0.8000000835213722,0.7330692070921341,-0.12485479815618838,2911
23,false,0.8000000835140854,0.7330692070921341,-0.12517355804685737,2912
24,false,0.8000000835196496,0.7348323684092231,-0.06516771511042652,2913
25,false,0.800000083517671,0.7348323684092231,-0.12572482332650536,2914
26,false,0.8000000835169377,0.7348323684092231,-0.2521077450136079,2915
27,false,0.8000000835232169,0.7348323684092231,-0.25212991824615416,2916
28,false,0.8000000835311613,0.7348323684092231,-0.25174472027878125,2917
29,false,0.8000000835095308,0.7348323684092231,-0.25174182683698065,2918
30,false,0.80000008352127,0.7348323684092231,-0.12527808543244245,2919
31,false,0.8000000835204503,0.7348323684092231,-0.2528093363247319,2920
32,false,0.8000000835157917,0.7348323684092231,-0.125398821956773,2921
33,false,0.8000000835396399,0.7348323684092231,-0.1263214991968623,2922
34,false,0.8000000835173579,0.7348323684092231,-0.2525090676819908,2923
35,false,0.8000000835277052,0.7348323684092231,-0.06556877792873461,2924
36,false,0.8000000835197052,0.7348323684092231,-0.25258749255136204,2925
37,false,0.8000000836222109,0.7348323684092231,-0.25695577765932553,2926
38,false,0.8000000835184828,0.7348323684092231,-0.12539188337215756,2927
39,false,0.8000000835142623,0.7348323684092231,-0.25242563388993167,2928
40,false,0.8000000835160141,0.7348323684092231,-0.25241817552032797,2929
41,false,0.800000083520712,0.7348323684092231,-0.12528923850416018,2930
42,false,0.8000000835187381,0.7947944156663421,-0.0052056678523959565,2931
0,false,0.8000000835106698,0.5475715285970282,-0.2524285549136416,2883
1,false,0.8000000835144645,0.6745196899394593,-0.12548039357500518,2884
2,false,0.8000000835168668,0.6750068694712421,-0.12499321404562469,2885
3,false,0.8000000835238343,0.6750068694712421,-0.12627358130560673,2886
4,false,0.8000000835321079,0.7420917715086478,-0.05790831202346014,2887
5,false,0.8000000835132678,0.7420917715086478,-0.125113293929766,2888
6,false,0.8000000835051184,0.7420917715086478,-0.2524184207386947,2889
7,false,0.8000000834593248,0.7420917715086478,-0.12605034186604325,2890
8,false,0.8000000835142165,0.7420917715086478,-0.25169517944672903,2891
9,false,0.8000000835017804,0.7420917715086478,-0.2528065843586629,2892
10,false,0.800000083524699,0.7420917715086478,-0.1253397431234584,2893
11,false,0.8000000835148552,0.7420917715086478,-0.25258298242950616,2894
12,false,0.8000000835033143,0.7420917715086478,-0.12484025776431062,2895
13,false,0.800000083507307,0.7420917715086478,-0.2525310736094972,2896
14,false,0.8000000835146779,0.7420917715086478,-0.2522209738582748,2897
15,false,0.800000083512713,0.7420917715086478,-0.12497870900156072,2898
16,false,0.8000000834681451,0.7420917715086478,-0.25872700952087246,2899
17,false,0.8000000834804327,0.7420917715086478,-0.12649997018462167,2900
18,false,0.8000000835078518,0.7420917715086478,-0.25326170864381536,2901
19,false,0.8000000835170662,0.7420917715086478,-0.12516141362575606,2902
20,false,0.8000000835092401,0.7420917715086478,-0.06445470590993252,2903
21,false,0.8000000835256027,0.7420917715086478,-0.2520494703959001,2904
22,false,0.8000000835307706,0.7953767906942549,-0.004623292836515636,2905
0,false,0.8000000834212255,0.5458698136159735,-0.254130269805252,2897
1,false,0.8000000834002551,0.5458698136159735,-0.2545867049428323,2898
2,false,0.8000000833762992,0.6825308310541347,-0.11746925232216454,2899
3,false,0.8000000792190437,0.6825308310541347,-0.1206547169368124,2900
4,false,0.8000000834318173,0.6825308310541347,-0.25403495247855434,2901
5,false,0.8000000833998787,0.6825308310541347,-0.11815135462239656,2902
6,false,0.8000000813247716,0.7095448133109205,-0.09045526801385118,2903
7,false,0.8000000799623718,0.7449626483006546,-0.05503743166171715,2904
8,false,0.800000082513457,0.7449626483006546,-0.25817584043716946,2905
9,false,0.8000000812522792,0.7449626483006546,-0.29008102880894493,2906
10,false,0.8000000764448181,0.7449626483006546,-0.1518122547024906,2907
11,false,0.800000076439899,0.7449626483006546,-0.32953163788305784,2908
12,false,0.8000000800738044,0.7449626483006546,-0.09563107289812378,2909
13,false,0.8000000824575836,0.7449626483006546,-0.2568305242032406,2910
14,false,0.8000000824998131,0.7449626483006546,-0.24847467839361037,2911
15,false,0.8000000756992776,0.7449626483006546,-0.15613472445133247,2912
16,false,0.8000000772001375,0.7449626483006546,-0.3258028419905863,2913
17,false,0.8000000788824863,0.7449626483006546,-0.106055149121831,2914
18,false,0.800000079172378,0.7449626483006546,-0.09574471323902789,2915
19,false,0.8000000819838768,0.7449626483006546,-0.27578396824354834,2916
20,false,0.80000008243963,0.7449626483006546,-0.2564258332574427,2917
21,false,0.8000000790393115,0.7449626483006546,-0.10193963694660868,2918
22,false,0.8000000808078969,0.7449626483006546,-0.14551583990198158,2919
23,false,0.800000082434265,0.7449626483006546,-0.2562848511305227,2920
24,false,0.8000000809877464,0.7449626483006546,-0.29295973053489266,2921
25,false,0.8000000779704924,0.7449626483006546,-0.3254935283640229,2922
26,false,0.8000000788973471,0.7449626483006546,-0.3242573879731178,2923
27,false,0.8000000794599209,0.7449626483006546,-0.0950785181099143,2924
28,false,0.800000082412349,0.7449626483006546,-0.25787740579483165,2925
29,false,0.8000000791178399,0.7449626483006546,-0.3236416445271749,2926
30,false,0.8000000815249411,0.7449626483006546,-0.1322682744897592,2927
31,false,0.8000000780652308,0.7449626483006546,-0.32930781325604574,2928
32,false,0.8000000803459808,0.7449626483006546,-0.3064707886437572,2929
33,false,0.8000000767940774,0.7449626483006546,-0.3249596210836855,2930
34,false,0.8000000782023865,0.7449626483006546,-0.3122085478158311,2931
35,false,0.800000082504809,0.7449626483006546,-0.2500025853996064,2932
36,false,0.8000000806047627,0.7449626483006546,-0.29756825614146676,2933
37,false,0.8000000823508444,0.7449626483006546,-0.26123344521668956,2934
38,false,0.8000000824544831,0.7449626483006546,-0.25094749531422833,2935
39,false,0.8000000797162481,0.7449626483006546,-0.09837617569712842,2936
40,false,0.8000000800954254,0.7449626483006546,-0.3032279270692255,2937
41,false,0.8000000813775214,0.7449626483006546,-0.13550489118948295,2938
42,false,0.8000000804535107,0.7449626483006546,-0.29494265744712644,2939
43,false,0.8000000789992189,0.7449626483006546,-0.10658818821265958,2940
44,false,0.8000000805654253,0.7449626483006546,-0.07495726574683204,2941
45,false,0.8000000783173995,0.7449626483006546,-0.13187883937249412,2942
46,false,0.8000000801922083,0.7449626483006546,-0.0921090906206945,2943
47,false,0.8000000790324432,0.7449626483006546,-0.3089562331369241,2944
48,false,0.8000000777335011,0.7449626483006546,-0.10455743608098689,2945
49,false,0.8000000763179693,0.7449626483006546,-0.19039222834781855,2946
50,false,0.8000000813781336,0.7449626483006546,-0.13483123605909397,2947
51,false,0.8000000805640276,0.7449626483006546,-0.07501646867865441,2948
52,false,0.8000000781284515,0.7449626483006546,-0.3211989023093212,2949
53,false,0.8000000754348091,0.7449626483006546,-0.3461452033460536,2950
54,false,0.8000000818403693,0.7449626483006546,-0.130526383323056,2951
55,false,0.8000000813159385,0.7449626483006546,-0.13773401826493603,2952
56,false,0.8000000792245853,0.7449626483006546,-0.09466560100586041,2953
57,false,0.8000000792192077,0.7449626483006546,-0.10281983443848053,2954
58,false,0.8000000770474092,0.7449626483006546,-0.14717910828126346,2955
59,false,0.8000000773303605,0.7449626483006546,-0.34087210804025103,2956
60,false,0.8000000824700992,0.7449626483006546,-0.2535269078000848,2957
61,false,0.8000000796470439,0.7449626483006546,-0.09987913016673089,2958
62,false,0.8000000782328929,0.7449626483006546,-0.3217052106690075,2959
63,false,0.8000000824347874,0.7449626483006546,-0.07199736898191,2960
64,false,0.8000000781179389,0.7449626483006546,-0.11758196944543531,2961
65,false,0.8000000808329137,0.7449626483006546,-0.1433185094125098,2962
66,false,0.8000000796125744,0.7449626483006546,-0.08951973586366102,2963
67,false,0.8000000787000304,0.7449626483006546,-0.10601534378410926,2964
68,false,0.8000000824558469,0.7449626483006546,-0.25137097543165865,2965
69,false,0.8000000824743123,0.7449626483006546,-0.07094860747787335,2966
70,false,0.8000000808492568,0.7449626483006546,-0.1445434403083229,2967
71,false,0.8000000824468692,0.7449626483006546,-0.25104452800397903,2968
72,false,0.8000000797181844,0.7449626483006546,-0.2990391230538666,2969
73,false,0.800000077347055,0.7449626483006546,-0.11138772568752642,2970
74,false,0.8000000791542874,0.7449626483006546,-0.3109096861672548,2971
75,false,0.8000000815789803,0.7449626483006546,-0.13077860660854346,2972
76,false,0.8000000791135942,0.7449626483006546,-0.08311547124775209,2973
77,false,0.8000000757171724,0.7449626483006546,-0.32639814746464557,2974
78,false,0.8000000812258989,0.7449626483006546,-0.28613466161359513,2975
79,false,0.800000080301258,0.7843295111476752,-0.01567056915358278,2976
0,false,0.8000000779214291,0.5473783230131851,-0.252621754908244,2984
1,false,0.8000000779153483,0.549638286149778,-0.2503617917655703,2985
2,false,0.8000000779535631,0.6968799606767285,-0.10312011727683457,2986
3,false,0.8000000778726248,0.6968799606767285,-0.2560112021252936,2987
4,false,0.8000000778759039,0.6968799606767285,-0.25388570889248874,2988
5,false,0.8000000778372042,0.6968799606767285,-0.2581546959424703,2989
6,false,0.8000000778859908,0.6968799606767285,-0.2539558659752039,2990
7,false,0.8000000775157765,0.6968799606767285,-0.27181562791747804,2991
8,false,0.8000000779514487,0.6968799606767285,-0.24390898965685093,2992
9,false,0.8000000779209823,0.6968799606767285,-0.10529618295179577,2993
10,false,0.8000000779591673,0.6968799606767285,-0.10370469606705657,2994
11,false,0.8000000779081892,0.6968799606767285,-0.25100211694279173,2995
12,false,0.8000000779093475,0.6968799606767285,-0.10649805756027941,2996
13,false,0.8000000779497655,0.6969635513967365,-0.10303652655302897,2997
14,false,0.8000000779433052,0.6969635513967365,-0.24418071462638546,2998
15,false,0.8000000779353955,0.6979616671361577,-0.10203841079923781,2999
16,false,0.8000000779070461,0.6979616671361577,-0.250641632161275,3000
17,false,0.8000000778862476,0.6979616671361577,-0.2529502569851325,3001
18,false,0.8000000778683887,0.6979616671361577,-0.254847171882567,3002
19,false,0.8000000779363337,0.6979616671361577,-0.10218268799773966,3003
20,false,0.8000000745962544,0.6979616671361577,-0.31457658236880665,3004
21,false,0.8000000778891644,0.6979616671361577,-0.10888702340866108,3005
22,false,0.8000000779357748,0.6979616671361577,-0.24349605703008048,3006
23,false,0.8000000778649912,0.6979616671361577,-0.25335806936731453,3007
24,false,0.8000000778648944,0.7069584345846557,-0.09304164328023867,3008
25,false,0.8000000778345648,0.7069584345846557,-0.09551829725947991,3009
26,false,0.8000000771869855,0.7069584345846557,-0.13959357042677367,3010
27,false,0.8000000771660527,0.7069584345846557,-0.13953282437250292,3011
28,false,0.800000077109585,0.7069584345846557,-0.13990016013736295,3012
29,false,0.8000000770651194,0.7069584345846557,-0.251959321716275,3013
30,false,0.8000000771479853,0.7069584345846557,-0.10383692283397228,3014
31,false,0.800000077065735,0.7069584345846557,-0.1393207208942553,3015
32,false,0.8000000769740465,0.7069584345846557,-0.25657198556032235,3016
33,false,0.8000000771432738,0.7069584345846557,-0.1052605176374315,3017
34,false,0.8000000771242083,0.7069584345846557,-0.10436427215567068,3018
35,false,0.8000000771196059,0.7069584345846557,-0.10438312111018733,3019
36,false,0.8000000771026233,0.7069584345846557,-0.10433270061376332,3020
37,false,0.8000000771003726,0.7122177000347221,-0.08778237706565051,3021
38,false,0.8000000770118573,0.7122636503924734,-0.08773642661938386,3022
39,false,0.8000000770475946,0.7122636503924734,-0.10482124225450862,3023
40,false,0.8000000770416529,0.7122636503924734,-0.13603883121246607,3024
41,false,0.8000000770507477,0.7122636503924734,-0.1047425337246849,3025
42,false,0.8000000770374269,0.7122636503924734,-0.10379195151555454,3026
43,false,0.8000000770212559,0.7133264319987208,-0.08667364502253505,3027
44,false,0.800000077034818,0.7133264319987208,-0.1042425986655392,3028
45,false,0.8000000770191158,0.7133264319987208,-0.08791436805204733,3029
46,false,0.800000077014097,0.7133264319987208,-0.10456772655300284,3030
47,false,0.8000000770180495,0.7133264319987208,-0.10328538374173246,3031
48,false,0.8000000768839038,0.7133264319987208,-0.2527077111678805,3032
49,false,0.8000000770196624,0.7133264319987208,-0.10401499823162808,3033
50,false,0.8000000769994741,0.7133264319987208,-0.10543951319014588,3034
51,false,0.800000077009908,0.7133264319987208,-0.10394443636142747,3035
52,false,0.8000000769966217,0.7133264319987208,-0.08722468348670742,3036
53,false,0.8000000769985091,0.7133264319987208,-0.08670646577266816,3037
54,false,0.80000007699337,0.7133264319987208,-0.10436461636188188,3038
55,false,0.8000000768624177,0.7133264319987208,-0.25339787077933107,3039
56,false,0.8000000769935347,0.7133264319987208,-0.1052111254009972,3040
57,false,0.8000000769720597,0.7133264319987208,-0.24446521180963532,3041
58,false,0.8000000769885115,0.7133264319987208,-0.10517136008079819,3042
59,false,0.8000000767872733,0.7133264319987208,-0.14079980487434174,3043
60,false,0.8000000767203893,0.7133264319987208,-0.26230824972603883,3044
61,false,0.8000000762761038,0.7133264319987208,-0.2831375560851602,3045
62,false,0.8000000769882162,0.7133264319987208,-0.08810352519192388,3046
63,false,0.8000000769629225,0.7133264319987208,-0.2432734876667353,3047
64,false,0.8000000769453287,0.7133264319987208,-0.10308532670429926,3048
65,false,0.800000076975578,0.7133264319987208,-0.10361289006864893,3049
66,false,0.800000076815931,0.7133264319987208,-0.2572176556555956,3050
67,false,0.8000000769651349,0.7133264319987208,-0.08737484019511055,3051
68,false,0.8000000769726632,0.7133264319987208,-0.23780345844228057,3052
69,false,0.8000000769690131,0.7133264319987208,-0.10422017986517806,3053
70,false,0.8000000769579758,0.7133264319987208,-0.1047475035886376,3054
71,false,0.800000076944105,0.7133264319987208,-0.10675945215394511,3055
72,false,0.8000000769564177,0.7133264319987208,-0.24135381129018585,3056
73,false,0.8000000769564994,0.7133264319987208,-0.24139004943905307,3057
74,false,0.8000000769412805,0.7133264319987208,-0.10770810178952783,3058
75,false,0.800000076941047,0.7133264319987208,-0.10613108349413558,3059
76,false,0.800000076834973,0.7133264319987208,-0.25452251721502217,3060
77,false,0.8000000769312617,0.7133264319987208,-0.10450446540932412,3061
78,false,0.800000076958983,0.7133264319987208,-0.23938727951840577,3062
79,false,0.8000000768314908,0.7133264319987208,-0.10254560776024957,3063
80,false,0.8000000768991637,0.7133264319987208,-0.10320597993335257,3064
81,false,0.8000000768699457,0.7133264319987208,-0.24828501428108496,3065
82,false,0.8000000769550025,0.7133264319987208,-0.24185605429891333,3066
83,false,0.8000000769711337,0.7133264319987208,-0.0880620438931008,3067
84,false,0.8000000768177149,0.7133264319987208,-0.2512104379204174,3068
85,false,0.8000000768206073,0.7133264319987208,-0.10358391918834164,3069
86,false,0.8000000769580984,0.7133264319987208,-0.1046713752059103,3070
87,false,0.8000000769625109,0.7133264319987208,-0.10456917375292729,3071
88,false,0.8000000767011306,0.7133264319987208,-0.25691948664360975,3072
89,false,0.8000000769605303,0.7133264319987208,-0.13693781940015282,3073
90,false,0.8000000769310578,0.7133264319987208,-0.08801161098423571,3074
91,false,0.8000000769368185,0.7133264319987208,-0.0882840853976049,3075
92,false,0.8000000769314911,0.7133264319987208,-0.10519825237793301,3076
93,false,0.8000000769301466,0.7133264319987208,-0.10499609888587735,3077
94,false,0.800000076933824,0.7133264319987208,-0.08872181340703023,3078
95,false,0.8000000758294381,0.7133264319987208,-0.15476363128391935,3079
96,false,0.8000000769070824,0.7133264319987208,-0.08871943196744192,3080
97,false,0.8000000769134931,0.7133264319987208,-0.08710923715056995,3081
98,false,0.8000000769147049,0.7133264319987208,-0.10406730494878302,3082
99,false,0.8000000769166181,0.7133264319987208,-0.23956839704690414,3083
100,false,0.8000000769138359,0.7133264319987208,-0.08720797634881228,3084
101,false,0.8000000769058889,0.7133264319987208,-0.24214572710982407,3085
102,false,0.800000076887959,0.7133264319987208,-0.10410522197150263,3086
103,false,0.8000000764948472,0.7133264319987208,-0.27068092555407486,3087
104,false,0.8000000744500974,0.7133264319987208,-0.3067921129822171,3088
105,false,0.8000000769218337,0.7133264319987208,-0.10385748458082866,3089
106,false,0.8000000769167657,0.7133264319987208,-0.1037679076007213,3090
107,false,0.800000076913238,0.7133264319987208,-0.24071607954496899,3091
108,false,0.8000000769105873,0.7133264319987208,-0.08731501747578219,3092
109,false,0.8000000769071955,0.7133264319987208,-0.2427325460104821,3093
110,false,0.8000000769134941,0.7133264319987208,-0.08798251448653338,3094
111,false,0.8000000769073776,0.7133264319987208,-0.08836009916476995,3095
112,false,0.8000000769034047,0.7133264319987208,-0.10555995704009857,3096
113,false,0.8000000769071006,0.7133264319987208,-0.0887481057153684,3097
114,false,0.8000000769005012,0.7133264319987208,-0.10633973640093031,3098
115,false,0.8000000769011639,0.7133264319987208,-0.08748767504795318,3099
116,false,0.8000000768919352,0.7274399079698507,-0.0725601689220845,3100
117,false,0.8000000769081236,0.7274399079698507,-0.10479546234570614,3101
118,false,0.8000000769059041,0.7274399079698507,-0.10484051106269443,3102
119,false,0.800000076914525,0.7274399079698507,-0.08755378387378521,3103
120,false,0.8000000765004599,0.7274399079698507,-0.26602905378636554,3104
121,false,0.8000000769002618,0.7274399079698507,-0.10571839100608504,3105
122,false,0.8000000769138581,0.7274399079698507,-0.10464448865664167,3106
123,false,0.8000000769064664,0.7274399079698507,-0.105061874738262,3107
124,false,0.8000000769050721,0.7274399079698507,-0.08809799636567761,3108
125,false,0.8000000768955448,0.7274399079698507,-0.10615645489403547,3109
126,false,0.8000000765120818,0.7274399079698507,-0.14385574882055718,3110
127,false,0.800000076899546,0.7274399079698507,-0.10580044226859864,3111
128,false,0.8000000768897788,0.7274399079698507,-0.24471144056725191,3112
0,false,0.8000000674301908,0.4684230557482334,-0.3315770116819574,3082
1,false,0.8000000705759929,0.4827007820907291,-0.3172992884852638,3083
2,false,0.8000000691888611,0.4827007820907291,-0.3193713135247307,3084
3,false,0.8000000717490308,0.5220951450639119,-0.2779049266851189,3085
4,false,0.8000000723742655,0.5220951450639119,-0.30146862989771617,3086
5,false,0.8000000714186831,0.6145577086752422,-0.18544236274344095,3087
6,false,0.8000000676134258,0.6145577086752422,-0.3283720224774198,3088
7,false,0.8000000726126602,0.6145577086752422,-0.30126816855771565,3089
8,false,0.8000000730894209,0.6145577086752422,-0.2935816577004545,3090
9,false,0.8000000691657033,0.6145577086752422,-0.20209759404373107,3091
10,false,0.8000000683650907,0.6145577086752422,-0.3142289746563618,3092
11,false,0.8000000713758312,0.6160173284919412,-0.18398274288388994,3093
12,false,0.8000000691111551,0.6160173284919412,-0.3173721699030087,3094
13,false,0.8000000681201085,0.6160173284919412,-0.2125555578341446,3095
14,false,0.8000000736536346,0.6160173284919412,-0.29044662930306875,3096
15,false,0.8000000729636847,0.6160173284919412,-0.29641456055320403,3097
16,false,0.800000072298426,0.6160173284919412,-0.3017272894587049,3098
17,false,0.8000000665914893,0.6160173284919412,-0.3220200528383204,3099
18,false,0.800000072454091,0.6160173284919412,-0.3001706343427393,3100
19,false,0.8000000748128351,0.7536261333299216,-0.04637394148291352,3101
20,false,0.8000000738511839,0.7536261333299216,-0.2889913203874872,3102
21,false,0.8000000692601988,0.7536261333299216,-0.31634691551494953,3103
22,false,0.8000000732327213,0.7536261333299216,-0.2945034305713248,3104
23,false,0.8000000742598522,0.7536261333299216,-0.2848477445682881,3105
24,false,0.8000000721614543,0.7536261333299216,-0.3056234798612135,3106
25,false,0.8000000751215638,0.7536261333299216,-0.1296079744301275,3107
26,false,0.8000000729304351,0.7536261333299216,-0.2940910978155762,3108
27,false,0.8000000711254518,0.7536261333299216,-0.18795520278961975,3109
28,false,0.8000000741735513,0.7536261333299216,-0.28425889707593543,3110
29,false,0.8000000768856214,0.7536261333299216,-0.08803664746121609,3111
30,false,0.8000000699564698,0.7536261333299216,-0.31082708560076333,3112
31,false,0.8000000739645725,0.7536261333299216,-0.28268272405871153,3113
32,false,0.8000000932604882,0.7536261333299216,-Inf,3114
33,false,0.8000000734697285,0.7536261333299216,-0.15277454127315493,3115
34,false,0.8000000665316864,0.7536261333299216,-0.34916927757917304,3116
35,false,0.8000000649275751,0.7536261333299216,-0.3571133374322437,3117
36,false,0.8000000640998134,0.7536261333299216,-0.3541112783983681,3118
37,false,0.8000000754415959,0.7714416401338529,-0.028558435307743046,3119
38,false,0.800000066880574,0.7714416401338529,-0.34681317736491935,3120
39,false,0.8000000953861482,0.7714416401338529,-0.36468637396757664,3121
40,false,0.8000000721132973,0.7714416401338529,-0.30143208351044354,3122
41,false,0.800000068723298,0.7714416401338529,-0.3181648015509161,3123
42,false,0.8000000669447007,0.7714416401338529,-0.32760072529149065,3124
43,false,0.8000000674912776,0.7714416401338529,-0.2140540881463342,3125
44,false,0.8000000718305509,0.7714416401338529,-0.17852923999567794,3126
45,false,0.800000074279819,0.7714416401338529,-0.044789701971318374,3127
46,false,0.8000000746256741,0.7714416401338529,-0.04531229752711119,3128
47,false,0.8000000737904363,0.7714416401338529,-0.14605956635216588,3129
48,false,0.8000000729019501,0.7714416401338529,-0.28734084372640756,3130
49,false,0.8000000924663295,0.7714416401338529,-0.20617319369472464,3131
50,false,0.8000000710558429,0.7714416401338529,-0.30287403627351905,3132
51,false,0.8000000722230676,0.7714416401338529,-0.17130603193020788,3133
52,false,0.80000007418978,0.7714416401338529,-0.2842471229625513,3134
53,false,0.8000000760243954,0.7714416401338529,-0.26087296132597926,3135
54,false,0.8000000726387778,0.7714416401338529,-0.2938374210470688,3136
55,false,0.8000000709366342,0.7714416401338529,-0.26971443212773827,3137
56,false,0.8000000677292753,0.7714416401338529,-0.28718815779837903,3138
57,false,0.8000000762879907,0.7714416401338529,-0.2545199753058741,3139
58,false,0.8000000766076545,0.7714416401338529,-0.251576831569584,3140
59,false,0.8000000694733786,0.7714416401338529,-0.18776156684091339,3141
60,false,0.8000000730429941,0.7714416401338529,-0.1300624970514248,3142
61,false,0.8000000736163629,0.7714416401338529,-0.2787849822266232,3143
62,false,0.8000000758581234,0.7714416401338529,-0.2547746508172467,3144
63,false,0.8000000709535787,0.7714416401338529,-0.2630535588300025,3145
64,false,0.800000065738256,0.7714416401338529,-0.34831167914344696,3146
65,false,0.8000000692944692,0.7714416401338529,-0.16066743455673282,3147
66,false,0.8000000939925636,0.7714416401338529,-0.364683520977366,3148
67,false,0.8000000758454616,0.7714416401338529,-0.2675417070513947,3149
68,false,0.8000000698644298,0.7714416401338529,-0.2809543060332256,3150
69,false,0.8000000687118556,0.7714416401338529,-0.20283670746255178,3151
70,false,0.800000074483586,0.7714416401338529,-0.27864825937466,3152
71,false,0.8000000748986966,0.7714416401338529,-0.12888208002011625,3153
72,false,0.8000000755335976,0.7714416401338529,-0.2741240300592549,3154
73,false,0.8000000727168657,0.7714416401338529,-0.16062278909155703,3155
74,false,0.8000000757534959,0.7714416401338529,-0.2744293083863344,3156
75,false,0.8000000723915022,0.7714416401338529,-0.30195977153233533,3157
76,false,0.8000000745253997,0.7714416401338529,-0.044346877009687535,3158
77,false,0.8000000725192965,0.7714416401338529,-0.29703418193670883,3159
78,false,0.8000000752012286,0.7714416401338529,-0.26175732732606105,3160
79,false,0.8000000722274774,0.7714416401338529,-0.3011677267487546,3161
80,false,0.8000000768556891,0.7714416401338529,-0.1044492525258135,3162
81,false,0.8000000705828332,0.7714416401338529,-0.31760367876152096,3163
82,false,0.8000000750190951,0.7714416401338529,-0.12893754094532217,3164
83,false,0.8000000733749952,0.7714416401338529,-0.2905506476619253,3165
84,false,0.8000000733546937,0.7714416401338529,-0.14999742407843808,3166
85,false,0.8000000749636307,0.7714416401338529,-0.12782250153799235,3167
86,false,0.8000000754848569,0.7714416401338529,-0.2747207920070218,3168
87,false,0.800000074821567,0.7714416401338529,-0.13132023272901305,3169
88,false,0.8000000756820626,0.7714416401338529,-0.2684528913732055,3170
89,false,0.8000000707916242,0.7714416401338529,-0.14068082170374607,3171
90,false,0.8000000753055878,0.7714416401338529,-0.12723114799816648,3172
91,false,0.8000000756443559,0.7714416401338529,-0.26902159568332773,3173
92,false,0.800000076728316,0.7714416401338529,-0.137558014103893,3174
93,false,0.800000076081328,0.7714416401338529,-0.26349887665762006,3175
94,false,0.8000000740847223,0.7714416401338529,-0.2807022936594322,3176
95,false,0.8000000751276348,0.7714416401338529,-0.11684001464130722,3177
96,false,0.800000074577933,0.7714416401338529,-0.11534313725658674,3178
97,false,0.8000000730064402,0.7714416401338529,-0.2561316675073494,3179
98,false,0.8000000744867529,0.7714416401338529,-0.13317488442997183,3180
99,false,0.8000000743806637,0.7714416401338529,-0.044504529498886725,3181
100,false,0.8000000746571955,0.7714416401338529,-0.04291905348547509,3182
101,false,0.8000000710508403,0.7714416401338529,-0.23618930380437986,3183
102,false,0.8000000750472488,0.7714416401338529,-0.26330416961210956,3184
103,false,0.8000000752702379,0.7714416401338529,-0.26364202103236956,3185
104,false,0.8000000744626722,0.7714416401338529,-0.25812207891352146,3186
105,false,0.8000000749432981,0.7714416401338529,-0.07447459735621831,3187
106,false,0.8000000754266654,0.7714416401338529,-0.25608366816852124,3188
107,false,0.8000000750971448,0.7714416401338529,-0.25323893968438504,3189
108,false,0.8000000756134352,0.7714416401338529,-0.2464709862726614,3190
109,false,0.8000000755966352,0.7714416401338529,-0.248839740441671,3191
110,false,0.800000075603578,0.7714416401338529,-0.24594770757845497,3192
111,false,0.8000000755974144,0.7714416401338529,-0.24714879913302223,3193
112,false,0.8000000755882234,0.7714416401338529,-0.24857240107907497,3194
113,false,0.80000007558852,0.7714416401338529,-0.2486496921767538,3195
114,false,0.8000000755813165,0.7714416401338529,-0.24833763468596903,3196
115,false,0.8000000755824733,0.7714416401338529,-0.24725074909753253,3197
116,false,0.8000000755883506,0.7714416401338529,-0.24836561502376142,3198
117,false,0.8000000755845387,0.7714416401338529,-0.2477116052324867,3199
118,false,0.8000000755813929,0.7714416401338529,-0.24787444428327332,3200
119,false,0.8000000755732332,0.7714416401338529,-0.09111604510443783,3201
120,false,0.8000000755643762,0.7714416401338529,-0.24921479350580178,3202
121,false,0.800000075567269,0.7714416401338529,-0.13045498273525913,3203
122,false,0.8000000755701793,0.7714416401338529,-0.2477902796782595,3204
123,false,0.8000000755694364,0.7714416401338529,-0.1306859816934185,3205
124,false,0.800000075562125,0.7714416401338529,-0.24918836183581505,3206
125,false,0.8000000755629099,0.7714416401338529,-0.2492499937722955,3207
126,false,0.8000000755742582,0.7714416401338529,-0.249153525312639,3208
127,false,0.8000000755621753,0.7714416401338529,-0.2488980622127731,3209
128,false,0.800000075565633,0.7714416401338529,-0.09170715990850686,3210
0,false,0.8000000754111982,0.5370710954229638,-0.2629289799882344,3169
1,false,0.8000000755421252,0.5455375909518002,-0.25446248459032494,3170
2,false,0.800000075518731,0.5455375909518002,-0.25802544553761353,3171
3,false,0.8000000753992577,0.5455375909518002,-0.2583278236519264,3172
4,false,0.8000000755070387,0.5549819210849479,-0.24501815442209074,3173
5,false,0.800000074749434,0.6726771097334359,-0.12732296501599816,3174
6,false,0.8000000749468218,0.6726771097334359,-0.2746530295201183,3175
7,false,0.8000000755534789,0.6726771097334359,-0.24717177805528667,3176
8,false,0.8000000742190353,0.6726771097334359,-0.2807578429487271,3177
9,false,0.8000000755255066,0.6726771097334359,-0.25671196688909714,3178
10,false,0.8000000750989329,0.6726771097334359,-0.2659396532648466,3179
11,false,0.8000000754419385,0.6726771097334359,-0.26257613581119976,3180
12,false,0.8000000755473119,0.6726771097334359,-0.2530973658045649,3181
13,false,0.8000000755579297,0.6726771097334359,-0.25152604047212224,3182
14,false,0.8000000750682582,0.6726771097334359,-0.2588653567111562,3183
15,false,0.8000000752970721,0.6726771097334359,-0.26025636929766227,3184
16,false,0.8000000752406072,0.6726771097334359,-0.2611872352251634,3185
17,false,0.8000000751356857,0.6726771097334359,-0.26068822481846465,3186
18,false,0.8000000754884176,0.6726771097334359,-0.2552936567124615,3187
19,false,0.8000000752622096,0.7180820387540923,-0.08191803650811735,3188
20,false,0.8000000751908657,0.7180820387540923,-0.25997900980250066,3189
21,false,0.8000000752372246,0.7180820387540923,-0.26137129541826476,3190
22,false,0.8000000755406051,0.7180820387540923,-0.2544675664168081,3191
23,false,0.8000000750655638,0.7180820387540923,-0.269872323605321,3192
24,false,0.8000000751932375,0.7180820387540923,-0.2657557600510898,3193
25,false,0.8000000754128713,0.7180820387540923,-0.08426525459376277,3194
26,false,0.8000000753018777,0.7211873798568152,-0.07881269544506242,3195
27,false,0.8000000753848089,0.7211873798568152,-0.26254584044691853,3196
28,false,0.8000000755027813,0.7211873798568152,-0.2525319247645502,3197
29,false,0.8000000755089285,0.7211873798568152,-0.25247192719526623,3198
30,false,0.8000000755326104,0.7211873798568152,-0.2521701826208276,3199
31,false,0.8000000755192687,0.7211873798568152,-0.2557202449007663,3200
32,false,0.8000000755539921,0.7211873798568152,-0.0912811842119362,3201
33,false,0.8000000755370021,0.7211873798568152,-0.24784107943218903,3202
34,false,0.8000000755386895,0.7211873798568152,-0.2405867605019475,3203
35,false,0.8000000755359709,0.7211873798568152,-0.08989234868503115,3204
36,false,0.800000075551552,0.7211873798568152,-0.24512490883271854,3205
37,false,0.8000000755216329,0.7211873798568152,-0.2361077108818933,3206
38,false,0.8000000755396791,0.7211873798568152,-0.2418391675277114,3207
39,false,0.8000000755439242,0.7211873798568152,-0.12875114319767567,3208
40,false,0.8000000755556216,0.7211873798568152,-0.24479162803554444,3209
41,false,0.8000000755385955,0.7211873798568152,-0.24365584755253689,3210
42,false,0.800000075554512,0.7211873798568152,-0.24502589864801005,3211
43,false,0.8000000754423475,0.7211873798568152,-0.2523928443223935,3212
44,false,0.8000000755344957,0.7211873798568152,-0.1295382961923769,3213
45,false,0.8000000755401586,0.7211873798568152,-0.24502301779220503,3214
46,false,0.8000000755372562,0.7211873798568152,-0.24431151178219523,3215
47,false,0.8000000755364184,0.7211873798568152,-0.08937475279580875,3216
48,false,0.8000000755320741,0.7211873798568152,-0.24694972152548045,3217
49,false,0.8000000755347559,0.7211873798568152,-0.09121036368582991,3218
50,false,0.8000000755228411,0.7211873798568152,-0.2441944698731342,3219
51,false,0.8000000755265818,0.7211873798568152,-0.24041016117809255,3220
52,false,0.8000000755445658,0.7211873798568152,-0.13005688759620093,3221
53,false,0.8000000755180098,0.7211873798568152,-0.12898334608884576,3222
54,false,0.8000000755414649,0.7211873798568152,-0.243311941234996,3223
55,false,0.8000000755281081,0.7211873798568152,-0.24044741854701324,3224
56,false,0.8000000755247221,0.7211873798568152,-0.2471956419440383,3225
57,false,0.8000000755277576,0.7211873798568152,-0.09226215982150565,3226
58,false,0.8000000755291117,0.7211873798568152,-0.24726054493037553,3227
59,false,0.8000000755270612,0.7211873798568152,-0.2464852422706183,3228
60,false,0.8000000755238973,0.7211873798568152,-0.24726514510435027,3229
61,false,0.8000000755257078,0.7211873798568152,-0.24757741448147563,3230
62,false,0.8000000755284116,0.7211873798568152,-0.24701614345462997,3231
63,false,0.8000000755376151,0.7211873798568152,-0.09170953117665126,3232
64,false,0.8000000755206476,0.7211873798568152,-0.24616229208006168,3233
65,false,0.8000000755235835,0.7211873798568152,-0.2467376660673496,3234
66,false,0.8000000755211921,0.7211873798568152,-0.24668215207525068,3235
67,false,0.8000000755212521,0.7211873798568152,-0.2471881234510448,3236
68,false,0.8000000755171177,0.7211873798568152,-0.24639034210747535,3237
69,false,0.800000075516829,0.7211873798568152,-0.24707649404813548,3238
70,false,0.800000075515685,0.7211873798568152,-0.24659024137563268,3239
71,false,0.8000000755170746,0.7211873798568152,-0.24685978112079032,3240
72,false,0.8000000755146521,0.7211873798568152,-0.24694550368017598,3241
73,false,0.8000000755202431,0.7211873798568152,-0.0913673266679611,3242
74,false,0.800000075514553,0.7211873798568152,-0.2483807945554325,3243
75,false,0.8000000755243112,0.7211873798568152,-0.0927210298088238,3244
76,false,0.8000000755172202,0.7211873798568152,-0.09167663258776049,3245
77,false,0.8000000755122045,0.7211873798568152,-0.09174372033471345,3246
78,false,0.8000000755168643,0.7211873798568152,-0.2484101554673479,3247
79,false,0.8000000755103925,0.7211873798568152,-0.24854240808764116,3248
80,false,0.8000000755118925,0.7211873798568152,-0.09157571777781393,3249
81,false,0.8000000754988132,0.7211873798568152,-0.2474763641232982,3250
82,false,0.8000000755103822,0.7211873798568152,-0.09179143752762187,3251
83,false,0.8000000755046626,0.7211873798568152,-0.24816406352086462,3252
84,false,0.8000000755100242,0.7211873798568152,-0.24815943712560462,3253
85,false,0.8000000755053325,0.7211873798568152,-0.24833401246223796,3254
86,false,0.8000000755132014,0.7211873798568152,-0.09199078931200755,3255
87,false,0.8000000755108785,0.7211873798568152,-0.09179750190134783,3256
88,false,0.8000000755034712,0.7211873798568152,-0.2486787947930561,3257
89,false,0.8000000755076506,0.7211873798568152,-0.09177239820212912,3258
90,false,0.8000000755100567,0.7211873798568152,-0.09157636722824969,3259
91,false,0.8000000755057545,0.7211873798568152,-0.24867481641006817,3260
92,false,0.8000000755020966,0.7211873798568152,-0.09159092086965037,3261
93,false,0.8000000755074528,0.7211873798568152,-0.2490254964272023,3262
94,false,0.8000000755037646,0.7211873798568152,-0.2482903188957063,3263
95,false,0.8000000755066026,0.7211873798568152,-0.24862674848529664,3264
96,false,0.8000000755098712,0.7543766471639768,-0.04562342834589439,3265
97,false,0.8000000746520229,0.7543766471639768,-0.24629666319220578,3266
98,false,0.8000000746376238,0.7543766471639768,-0.12046591900169101,3267
99,false,0.8000000746213588,0.7543766471639768,-0.1205116158007461,3268
100,false,0.8000000746867443,0.7543766471639768,-0.2373657996104651,3269
101,false,0.8000000746306356,0.7543766471639768,-0.1197771260805266,3270
102,false,0.8000000746174449,0.7543766471639768,-0.12057871468713943,3271
103,false,0.800000074625429,0.7543766471639768,-0.12007982903299175,3272
104,false,0.8000000745967033,0.7543766471639768,-0.12042430757992806,3273
105,false,0.8000000746160739,0.7543766471639768,-0.12017193384291702,3274
106,false,0.8000000746238329,0.7543766471639768,-0.11960093002170658,3275
107,false,0.8000000746171869,0.7543766471639768,-0.11953475427263749,3276
108,false,0.8000000746216852,0.7543766471639768,-0.11926736456272036,3277
109,false,0.8000000746166682,0.7543766471639768,-0.11980028425817035,3278
110,false,0.8000000746136735,0.7543766471639768,-0.11964335952541638,3279
111,false,0.8000000746161122,0.7543766471639768,-0.24096600828922055,3280
112,false,0.8000000746169552,0.7543766471639768,-0.12038344074035112,3281
113,false,0.8000000746169346,0.7543766471639768,-0.11962710726444803,3282
114,false,0.8000000746112558,0.7543766471639768,-0.12031522353447566,3283
115,false,0.8000000746134777,0.7543766471639768,-0.11981208629011986,3284
116,false,0.8000000746253002,0.7543766471639768,-0.12022396513506006,3285
117,false,0.8000000746142862,0.7543766471639768,-0.12033199235749203,3286
118,false,0.8000000746167857,0.7543766471639768,-0.08053883563552378,3287
119,false,0.8000000746113148,0.7543766471639768,-0.24328463787582666,3288
120,false,0.8000000746055924,0.7543766471639768,-0.24311813138070448,3289
121,false,0.8000000746082229,0.7543766471639768,-0.07850264962709375,3290
122,false,0.8000000745969399,0.7543766471639768,-0.0775271043518031,3291
123,false,0.800000074602253,0.7543766471639768,-0.24368303010411663,3292
124,false,0.8000000746030225,0.7543766471639768,-0.24282050731639027,3293
125,false,0.8000000745995358,0.7543766471639768,-0.24230983038985265,3294
126,false,0.8000000745942204,0.7543766471639768,-0.24456983314991088,3295
127,false,0.800000074592952,0.7543766471639768,-0.07973485490210908,3296
128,false,0.8000000745979653,0.7543766471639768,-0.07739265096073134,3297
0,false,0.8000000744003211,0.5332243024875267,-0.26677577191279433,3331
1,false,0.8000000743923122,0.5333810365033712,-0.26661903788894104,3332
2,false,0.8000000743870774,0.6720049269278806,-0.12799514745919682,3333
3,false,0.8000000743846217,0.7181949464718119,-0.0818051279128098,3334
4,false,0.8000000743697846,0.7181949464718119,-0.26303939977519075,3335
5,false,0.8000000743788497,0.7181949464718119,-0.12688270672591218,3336
6,false,0.8000000743698316,0.7181949464718119,-0.08237629259810386,3337
7,false,0.8000000744027376,0.7181949464718119,-0.08220000076994949,3338
8,false,0.8000000743745548,0.7181949464718119,-0.12704351095812794,3339
9,false,0.8000000743658738,0.718383481352384,-0.08161659301348989,3340
10,false,0.8000000743616376,0.718383481352384,-0.2582089656443066,3341
11,false,0.8000000743583661,0.718383481352384,-0.258913465451145,3342
12,false,0.8000000743295579,0.718383481352384,-0.26056787904436596,3343
13,false,0.8000000743395252,0.7193514569974793,-0.08064861734204598,3344
14,false,0.8000000743627506,0.7193514569974793,-0.2622730881849845,3345
15,false,0.8000000743759276,0.7193514569974793,-0.2625983121040707,3346
16,false,0.8000000743588837,0.7193514569974793,-0.2597530561703383,3347
17,false,0.80000007435257,0.7193514569974793,-0.26331014956500143,3348
18,false,0.8000000743582774,0.7193514569974793,-0.08248473453545291,3349
19,false,0.8000000743477091,0.7193514569974793,-0.2578639737831502,3350
20,false,0.8000000743575234,0.7193514569974793,-0.0821212382875397,3351
21,false,0.8000000743829295,0.7193514569974793,-0.2617395234619785,3352
22,false,0.8000000743539294,0.7193514569974793,-0.25985304045295066,3353
23,false,0.8000000743461101,0.7193514569974793,-0.259192426521473,3354
24,false,0.8000000743464937,0.7193514569974793,-0.259275345794566,3355
25,false,0.8000000743565652,0.7193514569974793,-0.2590348541422375,3356
26,false,0.8000000743467953,0.7193514569974793,-0.257676247498699,3357
27,false,0.8000000743446168,0.7193514569974793,-0.08157158549300636,3358
28,false,0.800000074351483,0.7193514569974793,-0.08078513318972025,3359
29,false,0.80000007436457,0.7193514569974793,-0.26422589049575695,3360
30,false,0.8000000743419415,0.7193514569974793,-0.08124805229619003,3361
31,false,0.8000000743509319,0.7193514569974793,-0.0808841255954924,3362
32,false,0.800000074339011,0.7193514569974793,-0.26023686442365135,3363
33,false,0.8000000743512645,0.7193514569974793,-0.08211924132266701,3364
34,false,0.800000074347344,0.7193514569974793,-0.2613121630466716,3365
35,false,0.8000000743427917,0.7447459562463228,-0.05525411809646896,3366
36,false,0.800000074222249,0.7447459562463228,-0.25574046056828614,3367
37,false,0.8000000743479959,0.7447459562463228,-0.25982405077005233,3368
38,false,0.8000000743489293,0.7447459562463228,-0.26331839497227116,3369
39,false,0.8000000743446931,0.7447459562463228,-0.08096481999481431,3370
40,false,0.8000000743537082,0.7447459562463228,-0.08144301818996758,3371
41,false,0.8000000743448239,0.7447459562463228,-0.2668463942408765,3372
42,false,0.8000000743459865,0.7447459562463228,-0.08157155828614837,3373
43,false,0.8000000744126946,0.7447459562463228,-0.07336514636878533,3374
44,false,0.8000000743391965,0.7447459562463228,-0.08228805737277878,3375
45,false,0.8000000743468898,0.7447459562463228,-0.08153279465031926,3376
46,false,0.8000000743420357,0.7447459562463228,-0.08168282173311481,3377
47,false,0.8000000743374627,0.7447459562463228,-0.26181206196243134,3378
48,false,0.80000007434718,0.7447459562463228,-0.08169860568609066,3379
49,false,0.8000000743351514,0.7447459562463228,-0.26143419453801153,3380
50,false,0.8000000743398693,0.7447459562463228,-0.08126182961042672,3381
51,false,0.8000000743534506,0.7664049486260753,-0.03359512572737522,3382
52,false,0.800000074343368,0.7664049486260753,-0.2610593283916818,3383
53,false,0.8000000743891377,0.7664049486260753,-0.03368459720083972,3384
54,false,0.8000000743209099,0.7664049486260753,-0.055276428188366755,3385
55,false,0.8000000743283672,0.7664049486260753,-0.08207067560315817,3386
56,false,0.8000000744164626,0.7664049486260753,-0.2619555933595663,3387
57,false,0.8000000743456257,0.7664049486260753,-0.12672814333707416,3388
58,false,0.8000000743449147,0.7664049486260753,-0.08184457799921097,3389
59,false,0.800000074383801,0.7921006682853668,-0.007899406098434203,3390
0,false,0.8000000721787184,0.4989975579880386,-0.3010025141906798,3403
1,false,0.8000000736291035,0.5277963898222571,-0.27220368380684645,3404
2,false,0.8000000738020122,0.7546522704339235,-0.045347803368088746,3405
3,false,0.8000000735272901,0.7546522704339235,-0.048546922570321116,3406
4,false,0.8000000734993399,0.7546522704339235,-0.045895532213310886,3407
5,false,0.8000000733444116,0.7546522704339235,-0.1415748939532725,3408
6,false,0.8000000743316039,0.7546522704339235,-0.08243624649941972,3409
7,false,0.8000000728673751,0.7546522704339235,-0.2659293781476443,3410
8,false,0.8000000730736905,0.7546522704339235,-0.08710768951503889,3411
9,false,0.8000000742626506,0.7546522704339235,-0.09213001155197442,3412
10,false,0.8000000737062105,0.7546522704339235,-0.27250749781243266,3413
11,false,0.8000000736365098,0.7546522704339235,-0.04926874758239763,3414
12,false,0.8000000726318273,0.7546522704339235,-0.1473857909020544,3415
13,false,0.8000000734633567,0.7546522704339235,-0.05085359718291815,3416
14,false,0.8000000709481854,0.7546522704339235,-0.061463482669193326,3417
15,false,0.8000000731043533,0.7546522704339235,-0.29066230045161023,3418
16,false,0.8000000737344909,0.7546522704339235,-0.27195651771103535,3419
17,false,0.8000000716838502,0.7546522704339235,-0.15151055997052454,3420
18,false,0.8000000734363637,0.7546522704339235,-0.046626104974519134,3421
19,false,0.800000073689814,0.7546522704339235,-0.04708314143109671,3422
20,false,0.8000000735637206,0.7546522704339235,-0.2727673800768029,3423
21,false,0.800000073716086,0.7546522704339235,-0.04664179356069209,3424
22,false,0.8000000711548002,0.7546522704339235,-0.1499161070648709,3425
23,false,0.8000000727762017,0.7546522704339235,-0.15981863468932533,3426
24,false,0.800000072944621,0.7546522704339235,-0.26883539387048017,3427
25,false,0.8000000737610735,0.7546522704339235,-0.04553549542909474,3428
26,false,0.8000000725142236,0.7546522704339235,-0.14936966704524335,3429
27,false,0.8000000737637367,0.7546522704339235,-0.2724695542607086,3430
28,false,0.8000000737164102,0.7546522704339235,-0.04652596892926231,3431
29,false,0.8000000739242499,0.7551519516675205,-0.044848122256729406,3432
30,false,0.8000000735498198,0.7551519516675205,-0.054187759097944266,3433
31,false,0.8000000737261873,0.7551519516675205,-0.12580619157321693,3434
32,false,0.8000000736618372,0.7551519516675205,-0.1267794967090271,3435
33,false,0.8000000727238359,0.7551519516675205,-0.29983537658389503,3436
34,false,0.8000000709077599,0.7551519516675205,-0.25286295895036126,3437
35,false,0.8000000732965482,0.7551519516675205,-0.2572782312239619,3438
36,false,0.8000000727464276,0.7551519516675205,-0.13509522847586597,3439
37,false,0.8000000743303255,0.7551519516675205,-0.26194964998850256,3440
38,false,0.8000000719528065,0.7551519516675205,-0.24859414424358584,3441
39,false,0.8000000738778306,0.7551519516675205,-0.12395100063422793,3442
40,false,0.8000000739381992,0.7551519516675205,-0.12940779320478213,3443
41,false,0.8000000738113691,0.7601568423573904,-0.03984323145397861,3444
42,false,0.8000000737202454,0.7601568423573904,-0.25879438063284543,3445
43,false,0.8000000735204409,0.7601568423573904,-0.12905804437085733,3446
44,false,0.8000000736269859,0.7601568423573904,-0.2604161690362472,3447
45,false,0.8000000726707541,0.7601568423573904,-0.13575807872245327,3448
46,false,0.8000000738468248,0.7601568423573904,-0.2620812107664351,3449
47,false,0.8000000709530439,0.7601568423573904,-0.24513985213451428,3450
48,false,0.8000000728910178,0.7601568423573904,-0.13418686472167007,3451
49,false,0.8000000737914172,0.7601568423573904,-0.12469217630506524,3452
50,false,0.8000000738455602,0.7601568423573904,-0.12284707805827089,3453
51,false,0.80000007260559,0.7601568423573904,-0.1361030934826415,3454
52,false,0.800000074055656,0.7601568423573904,-0.11965671877435946,3455
53,false,0.8000000721611804,0.7601568423573904,-0.13473195424510265,3456
54,false,0.8000000734306639,0.7601568423573904,-0.25234197038316963,3457
55,false,0.8000000740055377,0.7601568423573904,-0.11994077491569288,3458
56,false,0.8000000740484239,0.7601568423573904,-0.26164094871649446,3459
57,false,0.800000073981304,0.7601568423573904,-0.11947933751839424,3460
58,false,0.8000000735534064,0.7601568423573904,-0.27199410128210777,3461
59,false,0.8000000738112276,0.7601568423573904,-0.04150700451952072,3462
60,false,0.8000000739033606,0.7601568423573904,-0.13391050865219256,3463
61,false,0.800000074213909,0.7601568423573904,-0.2614717348017993,3464
62,false,0.8000000738506404,0.7604301983286528,-0.03956987552198765,3465
63,false,0.8000000715205838,0.7604301983286528,-0.2429764456408684,3466
64,false,0.8000000704784644,0.7604301983286528,-0.24115748449425722,3467
65,false,0.800000074073043,0.7604301983286528,-0.2605266935226018,3468
66,false,0.8000000740820008,0.7604301983286528,-0.11914267618329988,3469
67,false,0.8000000734510125,0.7604301983286528,-0.12563729409536606,3470
68,false,0.8000000741791367,0.7604301983286528,-0.2604821667653665,3471
69,false,0.8000000720095928,0.7604301983286528,-0.2484335026578064,3472
70,false,0.8000000706380752,0.7604301983286528,-0.13530799691764206,3473
71,false,0.8000000735850435,0.7604301983286528,-0.12430488718227295,3474
72,false,0.8000000710914417,0.7604301983286528,-0.13817254649578714,3475
73,false,0.8000000736737677,0.7612925031110779,-0.03870757056268981,3476
74,false,0.8000000740320131,0.7612925031110779,-0.04129636396280023,3477
75,false,0.8000000734356353,0.7612925031110779,-0.2579712398366879,3478
76,false,0.8000000740856948,0.7612925031110779,-0.11946089381237124,3479
77,false,0.8000000732146482,0.7612925031110779,-0.25229370227935755,3480
78,false,0.8000000739564426,0.7612925031110779,-0.12102461125577357,3481
79,false,0.8000000731380479,0.7612925031110779,-0.25819429522517345,3482
80,false,0.8000000741306383,0.7612925031110779,-0.26324372275955166,3483
81,false,0.8000000743230531,0.7612925031110779,-0.12965923330819584,3484
82,false,0.8000000743106574,0.7612925031110779,-0.0838830585244168,3485
83,false,0.8000000739409052,0.7612925031110779,-0.1211418983542134,3486
84,false,0.8000000743236407,0.7612925031110779,-0.2641160729758426,3487
85,false,0.8000000737879709,0.7618261644687798,-0.03817390931919107,3488
86,false,0.8000000738086146,0.7618261644687798,-0.12166720974686851,3489
87,false,0.8000000736932076,0.7618261644687798,-0.04096061647788252,3490
88,false,0.800000073513068,0.7618261644687798,-0.04261211122096442,3491
89,false,0.8000000740732655,0.7618261644687798,-0.12085449245425195,3492
90,false,0.8000000743243441,0.7618261644687798,-0.08230588011762507,3493
91,false,0.8000000738060997,0.7618261644687798,-0.12295021439795684,3494
92,false,0.8000000743057052,0.7618261644687798,-0.12490639140299042,3495
93,false,0.8000000743137957,0.7618261644687798,-0.2726094055736027,3496
94,false,0.8000000743349551,0.7618261644687798,-0.08227200848369998,3497
95,false,0.8000000741572272,0.7618261644687798,-0.07511079582270941,3498
96,false,0.8000000742917862,0.7618261644687798,-0.2639041153898173,3499
97,false,0.8000000737749545,0.7618261644687798,-0.12325769471110715,3500
98,false,0.8000000738099229,0.7618261644687798,-0.1230411081804551,3501
99,false,0.8000000738907393,0.7618261644687798,-0.12232125055713361,3502
100,false,0.8000000737721797,0.7618261644687798,-0.12374876566659365,3503
101,false,0.8000000717146851,0.7618261644687798,-0.24772578939633905,3504
102,false,0.8000000720900192,0.7859768474590885,-0.014023224630930753,3505
0,false,0.8000000702650307,0.46642620496722764,-0.3335738652978031,3506
1,false,0.8000000707230176,0.4710487084638269,-0.3289513622591907,3507
2,false,0.8000000666835315,0.4710487084638269,-0.3641620403706646,3508
3,false,0.8000000711341763,0.4710487084638269,-Inf,3509
4,false,0.8000000634688792,0.4710487084638269,-0.3787187848379987,3510
5,false,0.800000066376432,0.4710487084638269,-0.3535996449520163,3511
6,false,0.8000000714068589,0.4879294298318897,-0.3120706415749692,3512
7,false,0.8000000717629717,0.7336695879541405,-0.06633048380883122,3513
8,false,0.8000000713021773,0.7336695879541405,-0.31413906611874687,3514
9,false,0.8000000715232679,0.7336695879541405,-0.31122547588604876,3515
10,false,0.8000000717383191,0.7336695879541405,-0.06706563790368825,3516
11,false,0.800000065153635,0.7336695879541405,-0.12370309677319669,3517
12,false,0.8000000716664855,0.7336695879541405,-0.3049584867160491,3518
13,false,0.8000000676658734,0.7336695879541405,-0.34177535990542196,3519
14,false,0.800000063772562,0.7336695879541405,-0.3723015738701176,3520
15,false,0.8000000714135784,0.7336695879541405,-0.3095459024680099,3521
16,false,0.8000000717040959,0.7336695879541405,-0.1436533308961393,3522
17,false,0.8000000686126811,0.7336695879541405,-0.3390881386632028,3523
18,false,0.8000000715840493,0.7336695879541405,-0.30517384202483744,3524
19,false,0.8000000717118666,0.7336695879541405,-0.06658378791743491,3525
20,false,0.8000000656269913,0.7336695879541405,-0.3589233389865838,3526
21,false,0.8000000700968074,0.7336695879541405,-0.17607624186085535,3527
22,false,0.8000000795967849,0.7336695879541405,-0.399941832343114,3528
23,false,0.8000000717144962,0.7336695879541405,-0.06820069201426304,3529
24,false,0.8000000717038233,0.7336695879541405,-0.30256073042671994,3530
25,false,0.8000000661343782,0.7336695879541405,-0.16607094050997895,3531
26,false,0.8000000660542835,0.7336695879541405,-0.35881583645059706,3532
27,false,0.8000000707414161,0.7336695879541405,-0.322653394280755,3533
28,false,0.800000071471727,0.7336695879541405,-0.3108962857813863,3534
29,false,0.8000000711451051,0.7336695879541405,-0.3187949678433295,3535
30,false,0.8000000714639441,0.7336695879541405,-0.30957902669193565,3536
31,false,0.8000000716598887,0.7336695879541405,-0.143810258922781,3537
32,false,0.8000000715070767,0.7336695879541405,-0.3109283572005029,3538
33,false,0.8000000637677953,0.7336695879541405,-0.16303358653796285,3539
34,false,0.8000000651256183,0.7336695879541405,-0.3625213490457584,3540
35,false,0.800000071705709,0.7336695879541405,-0.06719331867045375,3541
36,false,0.8000000669010717,0.7336695879541405,-0.15889230643493157,3542
37,false,0.8000000717055248,0.7336695879541405,-0.3034137363158125,3543
38,false,0.8000000711953743,0.7336695879541405,-0.31476622024366385,3544
39,false,0.8000000671746095,0.7336695879541405,-0.35100472075254857,3545
40,false,0.8000000717071432,0.7336695879541405,-0.30263393874175604,3546
41,false,0.8000000717001696,0.7336695879541405,-0.06723584691771567,3547
42,false,0.8000000695938756,0.7336695879541405,-0.10910604524329193,3548
43,false,0.800000071499182,0.7336695879541405,-0.14519222539080712,3549
44,false,0.8000000716852994,0.7336695879541405,-0.30442754498254515,3550
45,false,0.800000068369833,0.7336695879541405,-0.11859047416956259,3551
46,false,0.8000000717059123,0.7345316130623115,-0.06546845864360074,3552
47,false,0.8000000713717472,0.7345316130623115,-0.31426339354884014,3553
48,false,0.8000000611978099,0.7345316130623115,-0.37646649873669097,3554
49,false,0.8000000604574655,0.7345316130623115,-0.3751787633466486,3555
50,false,0.8000000716593425,0.7345316130623115,-0.1431960650405042,3556
51,false,0.8000000714298638,0.7345316130623115,-0.14914179350142864,3557
52,false,0.8000000716937148,0.7345316130623115,-0.06697960678064285,3558
53,false,0.800000071696083,0.7345316130623115,-0.06708123533169563,3559
54,false,0.8000000704896515,0.7345316130623115,-0.16570061358096322,3560
55,false,0.8000000772815472,0.7345316130623115,-0.39997494585133436,3561
56,false,0.800000071701875,0.7345316130623115,-0.06805544325622381,3562
57,false,0.8000000717014234,0.7345316130623115,-0.06770702462020628,3563
58,false,0.8000000717029513,0.7345316130623115,-0.06769056313715383,3564
59,false,0.8000000716995066,0.7345316130623115,-0.06770251571982033,3565
60,false,0.8000000717007524,0.7345316130623115,-0.06773463128938728,3566
61,false,0.8000000717038345,0.7345316130623115,-0.06746569540156921,3567
62,false,0.8000000717039644,0.7345316130623115,-0.06809537032054214,3568
63,false,0.800000071706345,0.7345316130623115,-0.06758508264544194,3569
64,false,0.8000000717005953,0.7345316130623115,-0.06792735029747932,3570
65,false,0.8000000716997339,0.7345316130623115,-0.06786584518008132,3571
66,false,0.8000000716952361,0.7345316130623115,-0.06719971267596148,3572
67,false,0.8000000717002466,0.7345316130623115,-0.06750139205915906,3573
68,false,0.8000000716992629,0.7345316130623115,-0.06750960678734041,3574
69,false,0.8000000716996376,0.7345316130623115,-0.06749583886630284,3575
70,false,0.800000071693702,0.7345316130623115,-0.30355185033019694,3576
71,false,0.8000000716965244,0.7345316130623115,-0.06769894905460072,3577
72,false,0.8000000716979455,0.7345316130623115,-0.06616043757823331,3578
73,false,0.8000000716979252,0.7345316130623115,-0.06737927790828746,3579
74,false,0.8000000717015165,0.7345547543565225,-0.06544531734499404,3580
75,false,0.8000000716933867,0.7346577473771718,-0.0653423243162149,3581
76,false,0.8000000716957459,0.7346577473771718,-0.30389839071276387,3582
77,false,0.8000000716950851,0.7346577473771718,-0.3038886869626186,3583
78,false,0.8000000716873732,0.7346577473771718,-0.06576552292320004,3584
79,false,0.800000071698337,0.7346577473771718,-0.06559508517885404,3585
80,false,0.8000000717000086,0.7346577473771718,-0.06554862774442716,3586
81,false,0.8000000716960805,0.7346817746765892,-0.06531829701949121,3587
82,false,0.8000000716943267,0.7346817746765892,-0.06699809240502297,3588
83,false,0.800000071645994,0.7346817746765892,-0.0662561577309202,3589
84,false,0.8000000716514755,0.7346817746765892,-0.30041270361388617,3590
85,false,0.8000000716867428,0.734807807227098,-0.06519226445964477,3591
86,false,0.8000000717013082,0.734807807227098,-0.06675847315906913,3592
87,false,0.8000000716975622,0.734807807227098,-0.06522074761461927,3593
88,false,0.8000000717013469,0.734807807227098,-0.06690184075723937,3594
89,false,0.8000000717003191,0.734807807227098,-0.06536141048034705,3595
90,false,0.8000000716946234,0.734807807227098,-0.06544150425805051,3596
91,false,0.8000000716923756,0.734807807227098,-0.06528300915029017,3597
92,false,0.8000000716947651,0.734807807227098,-0.06539581356421231,3598
93,false,0.800000071690604,0.734807807227098,-0.06525200434339362,3599
94,false,0.8000000716902497,0.734807807227098,-0.0652967340781695,3600
95,false,0.8000000716869307,0.734807807227098,-0.06538867454246322,3601
96,false,0.8000000716913847,0.7348879138684254,-0.0651121578229592,3602
97,false,0.8000000716919025,0.7348879138684254,-0.06529858136164679,3603
98,false,0.8000000716609376,0.7748439759826782,-0.025156095678259383,3604
99,false,0.8000000716886337,0.7748439759826782,-0.0653874551899184,3605
100,false,0.8000000716877961,0.7748439759826782,-0.06529851756614957,3606
101,false,0.8000000716768174,0.7748439759826782,-0.06525612711460105,3607
102,false,0.8000000716876707,0.7748439759826782,-0.06528146743940677,3608
103,false,0.800000071689418,0.7748439759826782,-0.06534645582444609,3609
104,false,0.8000000716946861,0.7748439759826782,-0.06548674563602175,3610
105,false,0.8000000716866067,0.7748439759826782,-0.06516146615827212,3611
106,false,0.8000000716906807,0.7748439759826782,-0.06536829569957547,3612
107,false,0.8000000716926182,0.7748439759826782,-0.06535040973856665,3613
108,false,0.8000000716888572,0.7748439759826782,-0.06531456216491816,3614
109,false,0.8000000716880412,0.7748439759826782,-0.06527418924435857,3615
110,false,0.8000000716874931,0.7748439759826782,-0.0654974000598979,3616
111,false,0.8000000716891421,0.7748530148079571,-0.025147056881185015,3617
112,false,0.8000000716799258,0.7748530148079571,-0.0651437193989155,3618
113,false,0.800000071687445,0.7748530148079571,-0.06524302150913175,3619
114,false,0.8000000716916958,0.7748530148079571,-0.06512527651960809,3620
115,false,0.8000000716866221,0.7749548093797273,-0.025045262306894855,3621
116,false,0.8000000716908394,0.7749548093797273,-0.06535489988107734,3622
117,false,0.8000000716871768,0.7749548093797273,-0.06533744273866149,3623
118,false,0.8000000716818492,0.7779042917467822,-0.02209577993506695,3624
119,false,0.8000000716815888,0.7779042917467822,-0.06538508596999981,3625
120,false,0.8000000716977956,0.7779042917467822,-0.06628073766048315,3626
121,false,0.8000000716870231,0.7779042917467822,-0.06514627438955312,3627
122,false,0.8000000717035667,0.7779042917467822,-0.06528603495513863,3628
123,false,0.8000000716878053,0.7779042917467822,-0.06536014924855715,3629
124,false,0.8000000716842067,0.7779042917467822,-0.06575274485285709,3630
125,false,0.8000000716850343,0.7779042917467822,-0.06531807150535063,3631
126,false,0.8000000716876242,0.7779924740957037,-0.022007597591920502,3632
127,false,0.8000000716936377,0.7779924740957037,-0.06545764093422157,3633
128,false,0.8000000716890953,0.7818427955973102,-0.01815727609178508,3634
0,false,0.8000000710021749,0.5007876652026146,-0.2992124057995602,3624
1,false,0.8000000713244149,0.6520780879047978,-0.14792198341961704,3625
2,false,0.8000000716700322,0.7344444203965941,-0.0655556512734381,3626
3,false,0.8000000714923091,0.7344444203965941,-0.14273507617340186,3627
4,false,0.8000000716762999,0.734699293077193,-0.06530077859910699,3628
5,false,0.8000000716751263,0.734699293077193,-0.06552880167624386,3629
6,false,0.8000000704468233,0.734699293077193,-0.259893845310298,3630
7,false,0.8000000707654497,0.734699293077193,-0.28833094262914105,3631
8,false,0.8000000716696141,0.734699293077193,-0.06588074979697112,3632
9,false,0.8000000715214033,0.734699293077193,-0.2999581623022385,3633
10,false,0.8000000707002345,0.734699293077193,-0.26975403229683037,3634
11,false,0.8000000713711735,0.734699293077193,-0.29553639340378124,3635
12,false,0.800000070521121,0.734699293077193,-0.26545854583871464,3636
13,false,0.800000068620585,0.734699293077193,-0.1624600384457705,3637
14,false,0.8000000716811285,0.7747684356209149,-0.025231636060213614,3638
15,false,0.8000000714731701,0.7747684356209149,-0.29982199123901143,3639
16,false,0.8000000701438674,0.7747684356209149,-0.2644554786247939,3640
17,false,0.8000000709140622,0.7747684356209149,-0.2893010384008443,3641
18,false,0.8000000708893167,0.7747684356209149,-0.2888844012202554,3642
19,false,0.8000000707789807,0.7747684356209149,-0.2706496812860838,3643
20,false,0.8000000714682567,0.7747684356209149,-0.140704437847205,3644
21,false,0.8000000716789459,0.7747684356209149,-0.14414368765161045,3645
22,false,0.8000000713318552,0.7747684356209149,-0.29601838327004903,3646
23,false,0.8000000716691053,0.7747684356209149,-0.1439012570953534,3647
24,false,0.8000000710644857,0.7747684356209149,-0.15044333179136404,3648
25,false,0.8000000707342368,0.7747684356209149,-0.2689754946223687,3649
26,false,0.8000000716662341,0.7747684356209149,-0.14331060946630836,3650
27,false,0.8000000714132953,0.7747684356209149,-0.1443617878381248,3651
28,false,0.8000000716830388,0.7747684356209149,-0.06501510306612757,3652
29,false,0.8000000716757204,0.7920197992508684,-0.007980272424851997,3653
0,false,0.8000000716868226,0.7749426441916639,-0.025057427495158713,3647
1,false,0.8000000716898392,0.7749426441916639,-0.06530072341398951,3648
2,false,0.8000000716923062,0.7749426441916639,-0.06541840696982482,3649
3,false,0.8000000716860888,0.7749426441916639,-0.06529265124955674,3650
4,false,0.8000000716870163,0.7750073312086407,-0.02499274047837552,3651
5,false,0.8000000716847707,0.778493181170745,-0.021506890514025767,3652
6,false,0.8000000716871267,0.778493181170745,-0.022788980713196683,3653
7,false,0.8000000716906233,0.778493181170745,-0.024974526401913,3654
8,false,0.8000000716831788,0.778493181170745,-0.06529319092107433,3655
9,false,0.8000000716837621,0.778493181170745,-0.0652961333045683,3656
10,false,0.8000000716435165,0.7910684841124267,-0.008931587531089802,3657
0,false,0.8000000713181474,0.49808499455951316,-0.30191507675863427,3656
1,false,0.8000000716851983,0.73493176879738,-0.06506830288781829,3657
2,false,0.8000000716755846,0.7772476303761593,-0.02275244129942533,3658
3,false,0.800000070348851,0.7772476303761593,-0.31167308388633436,3659
4,false,0.8000000716802514,0.7772476303761593,-0.0650887686635051,3660
5,false,0.8000000713199734,0.7772476303761593,-0.14549488876225658,3661
6,false,0.8000000715227218,0.7772476303761593,-0.3003104738364255,3662
7,false,0.800000071687816,0.778462048593495,-0.021538023094320957,3663
8,false,0.8000000715047867,0.778462048593495,-0.06424976658985593,3664
9,false,0.8000000716893837,0.778462048593495,-0.0656622222501313,3665
10,false,0.8000000716537464,0.778462048593495,-0.1422164961738145,3666
11,false,0.8000000716904077,0.778462048593495,-0.0655198460292532,3667
12,false,0.800000071681676,0.778462048593495,-0.06480338960714427,3668
13,false,0.800000071646022,0.778462048593495,-0.14266316374661192,3669
14,false,0.8000000703949226,0.778462048593495,-0.1451907099835632,3670
15,false,0.8000000702976937,0.778462048593495,-0.14530106164196877,3671
16,false,0.8000000716797726,0.778462048593495,-0.06448395282372321,3672
17,false,0.8000000716771081,0.778462048593495,-0.06673945159606753,3673
18,false,0.800000071670638,0.778462048593495,-0.14369133327281214,3674
19,false,0.8000000701315044,0.7911460361773456,-0.008854033954158846,3675
0,false,0.8000000677246077,0.4502255378376323,-0.34977452988697544,3765
1,false,0.8000000715603572,0.6549611523404544,-0.14503891921990286,3766
2,false,0.8000000715128965,0.6549611523404544,-0.1457834177262649,3767
3,false,0.8000000716706924,0.6561737363938136,-0.14382633527687883,3768
4,false,0.8000000713766684,0.6561737363938136,-0.31093252280524775,3769
5,false,0.8000000714926265,0.6561737363938136,-0.14420297130119597,3770
6,false,0.8000000708026053,0.6561737363938136,-0.31061480972843514,3771
7,false,0.8000000715435747,0.65619458935159,-0.14380548219198463,3772
8,false,0.8000000712323551,0.65619458935159,-0.14952051831613067,3773
9,false,0.8000000714267228,0.65619458935159,-0.3065799435092078,3774
10,false,0.8000000710097694,0.65619458935159,-0.2971766385926352,3775
11,false,0.8000000681808901,0.65619458935159,-0.31114806016892566,3776
12,false,0.8000000716198605,0.6573937550714788,-0.14260631654838174,3777
13,false,0.8000000710151915,0.6573937550714788,-0.31036232776502826,3778
14,false,0.800000071489225,0.6573937550714788,-0.1431411068303894,3779
15,false,0.8000000716730303,0.7332506928769866,-0.0667493787960437,3780
16,false,0.8000000713843867,0.7332506928769866,-0.1473747510018193,3781
17,false,0.8000000696478937,0.7332506928769866,-0.30030490115320607,3782
18,false,0.8000000716660024,0.7348013951705739,-0.06519867649542854,3783
19,false,0.8000000711884501,0.7348013951705739,-0.30843044108443435,3784
20,false,0.8000000714793534,0.7348013951705739,-0.30156932956672533,3785
21,false,0.8000000716797846,0.7348013951705739,-0.06662481553479016,3786
22,false,0.800000071175414,0.7348013951705739,-0.2969745955748989,3787
23,false,0.8000000716840626,0.7349013546896846,-0.06509871699437797,3788
24,false,0.8000000712767587,0.7349013546896846,-0.31464448545736706,3789
25,false,0.8000000699628256,0.7349013546896846,-0.10927033685560683,3790
26,false,0.8000000705972355,0.7349013546896846,-0.1650274102289262,3791
27,false,0.8000000704459911,0.7349013546896846,-0.16424315720462934,3792
28,false,0.8000000714593564,0.7475406701572627,-0.0524594013020937,3793
29,false,0.8000000713887334,0.7475406701572627,-0.31026535858181836,3794
30,false,0.8000000709699295,0.7475406701572627,-0.15958277058151693,3795
31,false,0.8000000714230422,0.7475406701572627,-0.14621093517399164,3796
32,false,0.8000000712906641,0.7475406701572627,-0.1499571355489725,3797
33,false,0.8000000716762783,0.7475406701572627,-0.06507868474133305,3798
34,false,0.8000000707620749,0.7475406701572627,-Inf,3799
35,false,0.8000000714049023,0.7475406701572627,-0.06554654040571628,3800
36,false,0.800000071647413,0.7475406701572627,-0.14406748464140018,3801
37,false,0.800000071435738,0.7475406701572627,-0.310385338694519,3802
38,false,0.8000000707654471,0.7475406701572627,-0.3173388584158156,3803
39,false,0.8000000716804296,0.7475406701572627,-0.06647280471519568,3804
40,false,0.8000000683290744,0.7475406701572627,-0.3469084570688368,3805
41,false,0.8000000716817247,0.7475406701572627,-0.06639600460205242,3806
42,false,0.8000000714802613,0.7475406701572627,-0.14712212982291895,3807
43,false,0.8000000716834377,0.7475406701572627,-0.0662682361595699,3808
44,false,0.8000000693191179,0.7475406701572627,-0.3362988196110079,3809
45,false,0.8000000715940138,0.7475406701572627,-0.14415888527336085,3810
46,false,0.8000000716841522,0.7475406701572627,-0.0663910971200572,3811
47,false,0.8000000713229872,0.7475406701572627,-0.1488462318968471,3812
48,false,0.8000000713121799,0.7475406701572627,-0.1500859538370234,3813
49,false,0.8000000713208902,0.7475406701572627,-0.14853013517497005,3814
50,false,0.8000000711233355,0.7475406701572627,-0.3126001868815643,3815
51,false,0.8000000666991495,0.7475406701572627,-0.15802372848830182,3816
52,false,0.8000000716352957,0.7475406701572627,-0.14381742958410326,3817
53,false,0.8000000716800985,0.7475406701572627,-0.06628802480469731,3818
54,false,0.8000000705809769,0.7475406701572627,-0.32421119789097047,3819
55,false,0.800000071685489,0.7475406701572627,-0.06637768841890135,3820
56,false,0.8000000714395834,0.7475406701572627,-0.1476801492576979,3821
57,false,0.8000000716820594,0.7475406701572627,-0.06617902500673079,3822
58,false,0.8000000659529094,0.7475406701572627,-0.3621060217565586,3823
59,false,0.8000000711477465,0.7475406701572627,-0.3215854100089415,3824
60,false,0.8000000699372852,0.7475406701572627,-Inf,3825
61,false,0.8000000698836005,0.7475406701572627,-0.16909385628796825,3826
62,false,0.8000000711196013,0.7475406701572627,-0.15084856349674214,3827
63,false,0.8000000712005843,0.7475406701572627,-0.30974044571719084,3828
64,false,0.8000000704672439,0.7475406701572627,-0.1626527121607595,3829
65,false,0.8000000711997759,0.7475406701572627,-0.1493794882099655,3830
66,false,0.8000000706755805,0.7818538583493537,-0.018146212326226818,3831
0,false,0.8000000702883509,0.5668304227292547,-0.2331696475590962,3747
1,false,0.8000000713946794,0.5668304227292547,-0.2822088259166976,3748
2,false,0.8000000704831415,0.5668304227292547,-0.2423458432967004,3749
3,false,0.8000000706756347,0.7443003058986855,-0.05569976477694927,3750
4,false,0.8000000716799919,0.7912852378750096,-0.00871483380498228,3751
0,false,0.8000000715124603,0.6574962362184116,-0.14250383529404875,3675
1,false,0.800000071679382,0.7754216277110001,-0.024578443968381936,3676
2,false,0.8000000715987545,0.7754216277110001,-0.1423412005565623,3677
3,false,0.8000000711900341,0.7754216277110001,-0.3033569643234628,3678
4,false,0.8000000714391354,0.7754216277110001,-0.1460163559500799,3679
5,false,0.8000000709638899,0.7754216277110001,-0.30922944570885985,3680
6,false,0.8000000716302467,0.7754216277110001,-0.14401852121283554,3681
7,false,0.8000000713584494,0.7754216277110001,-0.06547373488412822,3682
8,false,0.8000000716421468,0.7754216277110001,-0.1436306789979801,3683
9,false,0.8000000716815079,0.7754216277110001,-0.06603622184336877,3684
10,false,0.8000000716805922,0.7754216277110001,-0.024951434795825955,3685
11,false,0.800000071651814,0.7754216277110001,-0.143855841105482,3686
12,false,0.8000000716767018,0.7754216277110001,-0.14422288968304087,3687
13,false,0.8000000716778454,0.7754216277110001,-0.06489159206590178,3688
14,false,0.800000070779846,0.7754216277110001,-0.3101375179691292,3689
15,false,0.8000000705921182,0.7754216277110001,-0.15691246790515678,3690
16,false,0.8000000716739176,0.7754216277110001,-0.14411492638200463,3691
17,false,0.8000000707224006,0.7754216277110001,-0.1547855083526548,3692
18,false,0.8000000709189062,0.7754216277110001,-0.1531714130889995,3693
19,false,0.8000000706687524,0.7754216277110001,-0.1582767367463519,3694
20,false,0.800000071678613,0.7754216277110001,-0.06541492839050733,3695
21,false,0.8000000716832782,0.7779715063762787,-0.022028565306999592,3696
22,false,0.8000000707420656,0.7779715063762787,-0.15741954391017277,3697
23,false,0.8000000713630333,0.7779715063762787,-0.14699830987398055,3698
24,false,0.8000000705907748,0.7779715063762787,-0.31162464174459004,3699
25,false,0.8000000707870611,0.7779715063762787,-0.050060689772573275,3700
26,false,0.8000000704343253,0.7779715063762787,-0.09938427375558256,3701
27,false,0.8000000711820859,0.7779715063762787,-0.09935265272496063,3702
28,false,0.8000000711788796,0.7779715063762787,-0.278798681801827,3703
29,false,0.8000000711623154,0.7779715063762787,-0.2811505993597767,3704
30,false,0.8000000711602173,0.7779715063762787,-0.10083174628982583,3705
31,false,0.8000000711542871,0.7779715063762787,-0.2809035305566179,3706
32,false,0.8000000665049315,0.7779715063762787,-0.2905354215780446,3707
33,false,0.8000000711582907,0.7779715063762787,-0.2797531808884125,3708
34,false,0.8000000711517026,0.7779715063762787,-0.2831219338845882,3709
35,false,0.800000070280745,0.7779715063762787,-0.27997687277110506,3710
36,false,0.8000000686335634,0.7779715063762787,-0.29112541724043617,3711
37,false,0.8000000711399275,0.7779715063762787,-0.2780311791990474,3712
38,false,0.800000071156087,0.7779715063762787,-0.10328983842381156,3713
39,false,0.8000000701113479,0.7779715063762787,-0.29460943556723573,3714
40,false,0.800000071127282,0.7779715063762787,-0.09866145669598991,3715
41,false,0.8000000711559785,0.7779715063762787,-0.10249023537719448,3716
42,false,0.8000000711264311,0.7779715063762787,-0.27818385145153746,3717
43,false,0.8000000703550796,0.7779715063762787,-0.10648554263397181,3718
44,false,0.8000000698920487,0.7831633028595191,-0.016836767032529676,3719
45,false,0.8000000710047495,0.7831633028595191,-0.09306440431927332,3720
46,false,0.8000000709868543,0.7831633028595191,-0.09490296735354986,3721
47,false,0.8000000709716534,0.7831633028595191,-0.09313699735197833,3722
48,false,0.8000000709723689,0.7831633028595191,-0.2706807291570541,3723
49,false,0.80000007097052,0.7831633028595191,-0.0968568489197752,3724
50,false,0.8000000673719619,0.7831633028595191,-0.14875764290608584,3725
51,false,0.8000000693907768,0.7841264122169557,-0.015873657173821165,3726
0,false,0.8000000695826641,0.7057115598728305,-0.0942885097098336,3757
1,false,0.8000000695496833,0.7057115598728305,-0.09429352808551772,3758
2,false,0.8000000695347004,0.7064432216558998,-0.09355684787880059,3759
3,false,0.8000000695195673,0.7072894473941309,-0.09271062212543635,3760
4,false,0.8000000695182493,0.7072894473941309,-0.3027506298818581,3761
5,false,0.8000000695053215,0.7072894473941309,-0.09332066525043747,3762
6,false,0.80000006949619,0.7072894473941309,-0.09485946852267779,3763
7,false,0.800000069494231,0.7072894473941309,-0.09360480392420245,3764
8,false,0.8000000694902955,0.7166976213725592,-0.08330244811773624,3765
9,false,0.8000000694993838,0.7166976213725592,-0.301314573014771,3766
10,false,0.8000000694912999,0.7166976213725592,-0.09335975691993381,3767
11,false,0.8000000694923681,0.7166976213725592,-0.30155902249410754,3768
12,false,0.8000000695114373,0.7166976213725592,-0.09418138894431505,3769
13,false,0.8000000694575299,0.7166976213725592,-0.30221490406338236,3770
14,false,0.8000000694908732,0.7166976213725592,-0.0937931910767077,3771
15,false,0.8000000695015853,0.7166976213725592,-0.30427755243102345,3772
16,false,0.8000000694952095,0.7166976213725592,-0.09375225656726893,3773
17,false,0.8000000695119969,0.7166976213725592,-0.08478156798682324,3774
18,false,0.8000000694876198,0.7166976213725592,-0.0937379296118962,3775
19,false,0.8000000694867361,0.7166976213725592,-0.09365137100672616,3776
20,false,0.8000000695178493,0.7166976213725592,-0.09382753173143699,3777
21,false,0.8000000694827276,0.7166976213725592,-0.08357861209707595,3778
22,false,0.8000000694909246,0.7274722527302453,-0.07252781676067932,3779
23,false,0.8000000694641544,0.7274722527302453,-0.2971481757998605,3780
24,false,0.8000000694616946,0.7274722527302453,-0.09219520161135653,3781
25,false,0.8000000694615998,0.7274722527302453,-0.09226031223842779,3782
26,false,0.800000069468978,0.7274722527302453,-0.09215324066672204,3783
27,false,0.8000000694632199,0.7274722527302453,-0.29883038896614755,3784
28,false,0.8000000694616335,0.7274722527302453,-0.08232590064902368,3785
29,false,0.800000069462909,0.7274722527302453,-0.29903052675217934,3786
30,false,0.800000069459446,0.7274722527302453,-0.092204592373748,3787
31,false,0.800000069460656,0.7274722527302453,-0.2997575733818746,3788
32,false,0.8000000694620084,0.7274722527302453,-0.29919288050031634,3789
33,false,0.800000069461311,0.7274722527302453,-0.2991416365638373,3790
34,false,0.8000000694557167,0.7274722527302453,-0.2994618134895526,3791
35,false,0.8000000694571858,0.7274722527302453,-0.2991774353992518,3792
36,false,0.8000000694607043,0.7286456229616547,-0.07135444649904965,3793
37,false,0.8000000694294508,0.7286456229616547,-0.08906522140008277,3794
38,false,0.8000000694314197,0.7286456229616547,-0.08914735389898365,3795
39,false,0.8000000694260998,0.7286456229616547,-0.08928200771864392,3796
40,false,0.8000000694325661,0.7286456229616547,-0.08039137522543516,3797
41,false,0.8000000694412563,0.7286456229616547,-0.08909050797697449,3798
42,false,0.8000000694347105,0.7286456229616547,-0.08924935294041081,3799
43,false,0.800000069435716,0.7297116344777538,-0.07028843495796222,3800
44,false,0.8000000694318339,0.7297116344777538,-0.29845743551867565,3801
45,false,0.8000000694325626,0.7297116344777538,-0.08862043354559712,3802
46,false,0.8000000694308146,0.7297116344777538,-0.3007761563308957,3803
47,false,0.8000000694356613,0.7297116344777538,-0.08920827237518913,3804
48,false,0.8000000694280027,0.7297116344777538,-0.2990924644776306,3805
49,false,0.8000000694339077,0.7297116344777538,-0.29919036916370734,3806
50,false,0.8000000694409214,0.7297116344777538,-0.2990055073483566,3807
51,false,0.800000069426611,0.7297116344777538,-0.2993001702557754,3808
52,false,0.8000000694315966,0.7297116344777538,-0.08905220828916527,3809
53,false,0.8000000694351742,0.7297116344777538,-0.29874956318312273,3810
54,false,0.800000069433807,0.7297116344777538,-0.08897337755361046,3811
55,false,0.8000000694303584,0.7297116344777538,-0.08919145429413189,3812
56,false,0.8000000694349555,0.7297116344777538,-0.08873150076192049,3813
57,false,0.8000000694331846,0.7297116344777538,-0.08857129277272091,3814
58,false,0.8000000694311432,0.7297116344777538,-0.08879328921805663,3815
59,false,0.8000000694298779,0.7297116344777538,-0.08869479903684785,3816
60,false,0.8000000694224676,0.7297116344777538,-0.07074583529458234,3817
61,false,0.8000000694219388,0.7297116344777538,-0.29694458363613085,3818
62,false,0.8000000694275509,0.730163071206946,-0.06983699822060485,3819
63,false,0.8000000693931556,0.7307684223471407,-0.06923164704601492,3820
64,false,0.8000000694039774,0.7307684223471407,-0.2983399064664639,3821
65,false,0.8000000694156296,0.7307684223471407,-0.08870346122342843,3822
66,false,0.8000000694136334,0.7307684223471407,-0.08842654073949419,3823
67,false,0.8000000694076354,0.7307684223471407,-0.2977260538088361,3824
68,false,0.8000000694064625,0.7307684223471407,-0.09171311930720549,3825
69,false,0.8000000694068701,0.7307684223471407,-0.29890872668834567,3826
70,false,0.8000000694088446,0.7307684223471407,-0.29838907592125985,3827
71,false,0.8000000694094893,0.7307684223471407,-0.08868993317744256,3828
72,false,0.8000000694153471,0.7307684223471407,-0.29783164226098724,3829
73,false,0.8000000694120698,0.7307684223471407,-0.06990377171692586,3830
74,false,0.8000000694041359,0.7307684223471407,-0.07058126395128461,3831
75,false,0.8000000693986056,0.7313131626243855,-0.06868690677422007,3832
76,false,0.8000000693908907,0.7313131626243855,-0.29895462682652896,3833
77,false,0.8000000694001272,0.7313131626243855,-0.29790325417414487,3834
78,false,0.8000000693928653,0.7313131626243855,-0.2983321156366615,3835
79,false,0.8000000694015844,0.7313131626243855,-0.2982939274131543,3836
80,false,0.8000000693976079,0.7313131626243855,-0.07056394718730397,3837
81,false,0.800000069397772,0.7313131626243855,-0.29687671585218145,3838
82,false,0.8000000693940134,0.7313131626243855,-0.08810099315511666,3839
83,false,0.8000000693986216,0.7313131626243855,-0.2976723150225782,3840
84,false,0.8000000693821772,0.7313131626243855,-0.06971773810761817,3841
85,false,0.8000000694172165,0.7313131626243855,-0.2986580459045616,3842
86,false,0.8000000693981565,0.7313131626243855,-0.06874200818475784,3843
87,false,0.8000000693922446,0.7313131626243855,-0.2980664101454653,3844
88,false,0.8000000694069916,0.7313131626243855,-0.08850348107777994,3845
89,false,0.8000000693822455,0.7313131626243855,-0.07046768898861622,3846
90,false,0.8000000693931318,0.7313131626243855,-0.09241325130034084,3847
91,false,0.8000000693919908,0.7313131626243855,-0.29868937426467557,3848
92,false,0.8000000693948276,0.7313131626243855,-0.2989482934926837,3849
93,false,0.8000000693902567,0.7313131626243855,-0.29906962826826455,3850
94,false,0.8000000693993878,0.7313131626243855,-0.07090658959295948,3851
95,false,0.8000000695280979,0.7313131626243855,-0.07740078913552761,3852
96,false,0.8000000693937857,0.7313131626243855,-0.298566867925391,3853
97,false,0.8000000694004653,0.7313131626243855,-0.08837491611391601,3854
98,false,0.8000000693995676,0.7313131626243855,-0.08846205570965693,3855
99,false,0.8000000693956907,0.7313131626243855,-0.29843229939146887,3856
100,false,0.8000000693890396,0.7313131626243855,-0.29819840303075906,3857
101,false,0.8000000693937566,0.7313131626243855,-0.07023944493049206,3858
102,false,0.8000000693937807,0.7313131626243855,-0.08196907388260277,3859
103,false,0.8000000693866005,0.7313131626243855,-0.29922597710399357,3860
104,false,0.8000000693923611,0.7313131626243855,-0.07080821012764416,3861
105,false,0.8000000693849361,0.7313131626243855,-0.30011632975493946,3862
106,false,0.8000000693984268,0.7313131626243855,-0.07088601373621306,3863
107,false,0.8000000693873398,0.7313131626243855,-0.07069430828249657,3864
108,false,0.8000000693888004,0.7313131626243855,-0.07058943173203347,3865
109,false,0.8000000693898036,0.7313131626243855,-0.08860285851519256,3866
110,false,0.8000000693860057,0.7313131626243855,-0.07068464631840687,3867
111,false,0.8000000693901059,0.7313131626243855,-0.08861409906813889,3868
112,false,0.8000000693875787,0.7313131626243855,-0.07051848101722002,3869
113,false,0.8000000693910951,0.7368973991146829,-0.06310267027641225,3870
114,false,0.8000000693896563,0.7368973991146829,-0.0705864314391329,3871
115,false,0.8000000693942758,0.7368973991146829,-0.07023553866920285,3872
116,false,0.8000000693762694,0.7368973991146829,-0.29859826118335975,3873
117,false,0.800000069370396,0.7368973991146829,-0.0705723217958355,3874
118,false,0.8000000693853753,0.7368973991146829,-0.07071080138742714,3875
119,false,0.8000000693914476,0.7368973991146829,-0.0705212317342856,3876
120,false,0.8000000693825665,0.7368973991146829,-0.0704458325495757,3877
121,false,0.8000000693922066,0.7368973991146829,-0.07098511777104444,3878
122,false,0.8000000693906719,0.7368973991146829,-0.07068339685666303,3879
123,false,0.8000000693876949,0.7368973991146829,-0.06319122629300733,3880
124,false,0.800000069385379,0.7368973991146829,-0.2986951928259223,3881
125,false,0.8000000693854105,0.7368973991146829,-0.06329072473386921,3882
126,false,0.8000000693812,0.7368973991146829,-0.0885247688605929,3883
127,false,0.8000000693791331,0.7368973991146829,-0.07054425615053361,3884
128,false,0.8000000693917297,0.7368973991146829,-0.07024607163156593,3885
0,false,0.8000000675494042,0.6763819959913929,-0.1236180715580113,3853
1,false,0.8000000675322823,0.7238302669251949,-0.07616980060708733,3854
2,false,0.8000000669302189,0.7238302669251949,-0.30186619373651546,3855
3,false,0.8000000674481456,0.7238302669251949,-0.2603316605087006,3856
4,false,0.8000000674395273,0.7238302669251949,-Inf,3857
5,false,0.8000000672958205,0.7238302669251949,-0.2559190282101761,3858
6,false,0.8000000667165065,0.7238302669251949,-0.3060187298981651,3859
7,false,0.8000000673794668,0.7238302669251949,-0.2619999796281596,3860
8,false,0.8000000673961364,0.7242357515665947,-0.07576431582954168,3861
9,false,0.8000000619322295,0.7242357515665947,-0.28102277832793776,3862
10,false,0.8000000674854116,0.7242357515665947,-0.07694785505561874,3863
11,false,0.8000000668467845,0.7242357515665947,-0.255781526644034,3864
12,false,0.8000000664396032,0.7298745367253374,-0.07012552971426578,3865
13,false,0.8000000674701704,0.7298745367253374,-0.07669603826532834,3866
14,false,0.8000000674324974,0.7298745367253374,-0.2715823085130534,3867
15,false,0.8000000674361492,0.7298745367253374,-0.2603329502030476,3868
16,false,0.800000066839017,0.7331059036984238,-0.06689416314059327,3869
17,false,0.8000000674807376,0.7331059036984238,-0.07673167754604626,3870
18,false,0.8000000675283678,0.7331059036984238,-0.25176599225014495,3871
19,false,0.8000000673491362,0.7331059036984238,-0.25302170659279966,3872
20,false,0.8000000673572977,0.7331059036984238,-0.26031394680460784,3873
21,false,0.8000000653498827,0.7331059036984238,-0.262652868977012,3874
22,false,0.8000000618219608,0.7331059036984238,-0.16899179300839073,3875
23,false,0.8000000674473254,0.7331059036984238,-0.07473059030267881,3876
24,false,0.800000067458332,0.7331059036984238,-0.07549009341817026,3877
25,false,0.8000000674446514,0.7331059036984238,-0.07479427208291956,3878
26,false,0.8000000621893977,0.7331059036984238,-0.2781107328065615,3879
27,false,0.80000006653387,0.7331059036984238,-0.09092719341847721,3880
28,false,0.8000000674137202,0.7331059036984238,-0.07730597344069667,3881
29,false,0.8000000623203685,0.7331059036984238,-0.12586615206094975,3882
30,false,0.8000000673569153,0.7331059036984238,-0.2593737629222149,3883
31,false,0.8000000613422539,0.7331059036984238,-0.17472153071016117,3884
32,false,0.800000067451818,0.7431735950370711,-0.05682647241474681,3885
33,false,0.8000000674400262,0.7431735950370711,-0.07529251465087494,3886
34,false,0.8000000676856313,0.7431735950370711,-0.2736856750185246,3887
35,false,0.8000000674434294,0.7431735950370711,-0.07499894554710917,3888
36,false,0.8000000624393452,0.7431735950370711,-0.08581688858133119,3889
37,false,0.8000000646934406,0.7431735950370711,-0.10363104672609669,3890
38,false,0.8000000626985996,0.7431735950370711,-0.28081570845724324,3891
39,false,0.8000000674363825,0.7431735950370711,-0.0749540651372157,3892
40,false,0.8000000674565707,0.7431735950370711,-0.07576636986394136,3893
41,false,0.8000000619950998,0.7431735950370711,-0.28555780161639044,3894
42,false,0.8000000642985254,0.7431735950370711,-0.26510099553915434,3895
43,false,0.8000000672902705,0.7431735950370711,-0.2533770697302741,3896
44,false,0.8000000674184233,0.7431735950370711,-0.07491232443273366,3897
45,false,0.8000000673611066,0.7431735950370711,-0.2584871794789768,3898
46,false,0.8000000674907612,0.7431735950370711,-0.07771954267184455,3899
47,false,0.8000000602677368,0.7431735950370711,-0.18144227458790718,3900
48,false,0.8000000674353215,0.7431735950370711,-0.07425550267382175,3901
49,false,0.8000000663789681,0.7431735950370711,-0.0687696230092606,3902
50,false,0.8000000674675252,0.7431735950370711,-0.2574172950965068,3903
51,false,0.8000000673308366,0.7431735950370711,-0.2544303345244554,3904
52,false,0.8000000673310664,0.7431735950370711,-0.25871886883567485,3905
53,false,0.8000000673481522,0.7431735950370711,-0.2602820608535412,3906
54,false,0.800000066683949,0.7867264866504841,-0.013273580033464905,3907
0,false,0.8000000673356598,0.6739316750159525,-0.12606839231970723,3918
1,false,0.8000000673291534,0.6771314971621634,-0.12286857016699004,3919
2,false,0.8000000674157056,0.7317306667234701,-0.06826940069223553,3920
3,false,0.8000000673150096,0.7317306667234701,-0.1245657352745898,3921
4,false,0.8000000672899679,0.7317306667234701,-0.13094183026824724,3922
5,false,0.8000000524571234,0.7317306667234701,-0.1991944091054889,3923
6,false,0.8000000673016758,0.7317306667234701,-0.12946680706947444,3924
7,false,0.8000000673984938,0.7317306667234701,-0.07497658059321655,3925
8,false,0.8000000736765942,0.7317306667234701,-0.3999401512414731,3926
9,false,0.8000000673147037,0.7317306667234701,-Inf,3927
10,false,0.8000000672821668,0.7317306667234701,-0.12875009047080055,3928
11,false,0.8000000672972726,0.7317306667234701,-0.12884387319598578,3929
12,false,0.8000000546483714,0.7317306667234701,-0.34410085872870944,3930
13,false,0.800000067362378,0.7317306667234701,-0.07371694250750471,3931
14,false,0.8000000673503997,0.7317306667234701,-0.24728886122353,3932
15,false,0.8000000673067864,0.7317306667234701,-0.2674203019648924,3933
16,false,0.8000000972866828,0.7817588432319917,-0.018241254054691014,3934
17,false,0.8000000903841993,0.7817588432319917,-0.07534341955168755,3935
18,false,0.8000000673136985,0.7817588432319917,-0.1221923675271096,3936
19,false,0.800000056451834,0.7817588432319917,-0.34116590841012784,3937
20,false,0.8000000619264007,0.7817588432319917,-0.30348206455331284,3938
21,false,0.8000000809405758,0.7817588432319917,-Inf,3939
22,false,0.8000000673109315,0.7817588432319917,-0.26427901136073206,3940
23,false,0.8000000672961689,0.7817588432319917,-0.2664757648146199,3941
24,false,0.8000000673051546,0.7817588432319917,-0.1226466538648725,3942
25,false,0.8000000772245577,0.7817588432319917,-0.39976865864441097,3943
26,false,0.8000000672764056,0.7817588432319917,-0.12869389114908003,3944
27,false,0.8000000909484305,0.7817588432319917,-0.2319888513660432,3945
28,false,0.8000000673050285,0.7817588432319917,-0.12200554376770256,3946
29,false,0.8000000806811486,0.7817588432319917,-0.3908037768991445,3947
30,false,0.8000000672832279,0.7817588432319917,-0.13186479340553414,3948
31,false,0.8000000509216613,0.7817588432319917,-0.24712890312991065,3949
32,false,0.8000000642679086,0.7817588432319917,-0.15501124012803935,3950
33,false,0.8000000581805322,0.7817588432319917,-0.3197931266632995,3951
34,false,0.8000000672886738,0.7817588432319917,-0.12451244383171822,3952
35,false,0.8000000672894926,0.7817588432319917,-0.1239252891786281,3953
36,false,0.8000000673083825,0.7817588432319917,-0.12090581732275862,3954
37,false,0.8000000672793328,0.7817588432319917,-0.12516168034487407,3955
38,false,0.8000000667946654,0.7817588432319917,-0.2682987100784977,3956
39,false,0.8000000672985854,0.7817588432319917,-0.2616866111204409,3957
40,false,0.8000000672936173,0.7817588432319917,-0.2646791469677614,3958
41,false,0.800000055551386,0.7817588432319917,-0.339998081890988,3959
42,false,0.8000000555183178,0.7817588432319917,-0.339167517273382,3960
43,false,0.8000000540581557,0.7817588432319917,-0.3421908095143932,3961
44,false,0.8000000563293057,0.7817588432319917,-0.21515656219028656,3962
45,false,0.8000000672789515,0.7817588432319917,-0.26826357290678515,3963
46,false,0.8000000672834204,0.7817588432319917,-0.267556348802379,3964
47,false,0.8000000914578711,0.799430021882469,-0.0005700695754020657,3965
48,false,0.800000067286342,0.799430021882469,-0.08013673159187562,3966
49,false,0.800000067397726,0.799430021882469,-0.07188455076439648,3967
50,false,0.800000067373862,0.799430021882469,-0.0734504357923782,3968
51,false,0.8000000673849236,0.799430021882469,-0.0734882062688994,3969
52,false,0.8000000674005713,0.799430021882469,-0.07360412240745318,3970
53,false,0.8000000674044462,0.799430021882469,-0.07227650522024653,3971
54,false,0.8000000674044513,0.799430021882469,-0.067457627149628,3972
55,false,0.8000000673963144,0.799430021882469,-0.11542267385697347,3973
56,false,0.8000000673848001,0.799430021882469,-0.07597928357215356,3974
57,false,0.8000000673885849,0.799430021882469,-0.04207697249192477,3975
58,false,0.800000067403455,0.799430021882469,-0.07520289336706643,3976
59,false,0.8000000673842746,0.799430021882469,-0.0760748071141023,3977
60,false,0.8000000672843596,0.799430021882469,-0.2600055331268515,3978
61,false,0.8000000673896907,0.799430021882469,-0.07511771097049103,3979
62,false,0.8000000672479793,0.799430021882469,-0.08532570940289808,3980
63,false,0.8000000673416809,0.799430021882469,-0.0696495265320084,3981
64,false,0.8000000677429415,0.799430021882469,-0.00557742268611594,3982
0,false,0.8000000671893626,0.5648730476326159,-0.23512701955674664,3980
1,false,0.8000000671836173,0.6921019254581096,-0.10789814172550771,3981
2,false,0.8000000671746799,0.6949302889111054,-0.10506977826357444,3982
3,false,0.8000000671698877,0.6949302889111054,-0.1071785329453091,3983
4,false,0.8000000671680183,0.6949302889111054,-0.22989431735830335,3984
5,false,0.8000000671600922,0.6949302889111054,-0.1054734672624188,3985
6,false,0.8000000671589191,0.6949302889111054,-0.10566184652817223,3986
7,false,0.800000067150933,0.6961380851701794,-0.10386198198075358,3987
8,false,0.8000000671487074,0.6961380851701794,-0.10503803318348248,3988
9,false,0.800000067151321,0.696300276811115,-0.10369979034020604,3989
10,false,0.8000000671473496,0.696300276811115,-0.10399319432552401,3990
11,false,0.800000067148979,0.6967606305645996,-0.1032394365843794,3991
12,false,0.8000000671442762,0.697232242025332,-0.10276782511894422,3992
13,false,0.800000067137952,0.6973314633594829,-0.10266860377846909,3993
14,false,0.8000000671354467,0.6973314633594829,-0.10303257314827519,3994
15,false,0.800000067140579,0.6973314633594829,-0.10286410776310184,3995
16,false,0.800000067132777,0.6978807936506577,-0.10211927348211935,3996
17,false,0.800000067128818,0.6978807936506577,-0.10262986649104155,3997
18,false,0.8000000671354274,0.6978807936506577,-0.10358005779119517,3998
19,false,0.8000000671372004,0.6978807936506577,-0.10276843892330112,3999
20,false,0.800000067139146,0.6982444658591636,-0.1017556012799824,4000
21,false,0.8000000671540197,0.6982444658591636,-0.10266560120925816,4001
22,false,0.8000000671338054,0.6982444658591636,-0.10319012958650675,4002
23,false,0.8000000671436596,0.6982444658591636,-0.10233049250657089,4003
24,false,0.8000000671326065,0.6982444658591636,-0.10259233975041138,4004
25,false,0.8000000671317619,0.6982444658591636,-0.10230052695195069,4005
26,false,0.8000000671344876,0.6982444658591636,-0.10293635421634406,4006
27,false,0.8000000671272472,0.6982444658591636,-0.1022536733484688,4007
28,false,0.8000000671376734,0.6982444658591636,-0.10321048472566263,4008
29,false,0.8000000671311873,0.6982444658591636,-0.10322023442085482,4009
30,false,0.8000000671346719,0.6982444658591636,-0.10260659056171495,4010
31,false,0.8000000671318042,0.6982444658591636,-0.10299152698826208,4011
32,false,0.8000000671358799,0.6982444658591636,-0.10496438430905553,4012
33,false,0.8000000671300864,0.6982444658591636,-0.10281040705797084,4013
34,false,0.8000000671277834,0.6982444658591636,-0.10289593491705085,4014
35,false,0.8000000671281586,0.6982444658591636,-0.10232191451965056,4015
36,false,0.8000000671243437,0.6982444658591636,-0.10311208148094442,4016
37,false,0.8000000671268797,0.6982444658591636,-0.10252491247426565,4017
38,false,0.8000000671304544,0.6982444658591636,-0.10291503915456346,4018
39,false,0.8000000671309854,0.6982444658591636,-0.10314603999813776,4019
40,false,0.8000000671213465,0.6982444658591636,-0.1028850059769626,4020
41,false,0.8000000671269747,0.6982444658591636,-0.10322614923890838,4021
42,false,0.8000000671312834,0.6982444658591636,-0.10309424654189037,4022
43,false,0.8000000671291473,0.6982444658591636,-0.10307592598092563,4023
44,false,0.8000000671192529,0.6982444658591636,-0.10666175987022741,4024
45,false,0.8000000671256692,0.6982444658591636,-0.1025716238797083,4025
46,false,0.8000000671283429,0.6982444658591636,-0.10366075605572,4026
47,false,0.8000000671283769,0.6982444658591636,-0.10389265376106493,4027
48,false,0.800000067131235,0.7393135812883983,-0.060686485842836646,4028
49,false,0.8000000671071648,0.7393135812883983,-0.10346860404623692,4029
50,false,0.8000000671330488,0.7393135812883983,-0.1029661668735663,4030
51,false,0.8000000671283093,0.7393135812883983,-0.10278494660316206,4031
52,false,0.8000000671158425,0.7393135812883983,-0.10258067814610305,4032
53,false,0.8000000671277855,0.7393135812883983,-0.10347893350513171,4033
54,false,0.8000000671314158,0.7393135812883983,-0.10292115359400211,4034
55,false,0.8000000671239771,0.7393135812883983,-0.10310069660676957,4035
56,false,0.8000000671099392,0.7393135812883983,-0.10289099154196757,4036
57,false,0.8000000671258221,0.7393135812883983,-0.1033872443490601,4037
58,false,0.8000000671250338,0.7393135812883983,-0.10251522266930924,4038
59,false,0.8000000671177165,0.7393135812883983,-0.10313553619240401,4039
60,false,0.8000000670906984,0.7393135812883983,-0.10570964179555897,4040
61,false,0.8000000671253433,0.7393135812883983,-0.10296624091719764,4041
62,false,0.8000000670677706,0.7393135812883983,-0.23048232833002258,4042
63,false,0.800000067108257,0.7393135812883983,-0.10253480550149696,4043
64,false,0.8000000671251729,0.7393135812883983,-0.10324749610764328,4044
65,false,0.8000000671253801,0.7393135812883983,-0.10359039622436605,4045
66,false,0.8000000671233091,0.7393135812883983,-0.1028755455395497,4046
67,false,0.800000067121152,0.7393135812883983,-0.10237279931556842,4047
68,false,0.8000000671294129,0.7393135812883983,-0.10294625549955294,4048
69,false,0.8000000671245711,0.7393135812883983,-0.10308321522437303,4049
70,false,0.800000067130103,0.7393135812883983,-0.1027261305214291,4050
71,false,0.800000067075725,0.7393135812883983,-0.24282878258147345,4051
72,false,0.8000000671194186,0.7393135812883983,-0.10292027368812329,4052
73,false,0.8000000671277715,0.7393135812883983,-0.10291596869818176,4053
74,false,0.8000000671174466,0.7393135812883983,-0.10316377871448656,4054
75,false,0.8000000671245575,0.7393135812883983,-0.10305291778611425,4055
76,false,0.8000000671274106,0.7393135812883983,-0.10376091315442304,4056
77,false,0.8000000671277413,0.7393135812883983,-0.1029359908655122,4057
78,false,0.8000000671248234,0.7815079270272742,-0.01849214009754918,4058
79,false,0.8000000671245244,0.7815079270272742,-0.10306482488710778,4059
80,false,0.8000000671254789,0.7815079270272742,-0.061153006091682505,4060
81,false,0.8000000670830135,0.7815079270272742,-0.2405035070144964,4061
82,false,0.80000006712133,0.7815079270272742,-0.10356567551235141,4062
83,false,0.8000000671267733,0.7815079270272742,-0.018932255807771914,4063
84,false,0.8000000671261959,0.7815079270272742,-0.1032357022622814,4064
85,false,0.8000000671191388,0.7815079270272742,-0.10272559671612447,4065
86,false,0.8000000671136942,0.7815079270272742,-0.10271250999400361,4066
87,false,0.8000000671282942,0.7932515093808223,-0.0067485577474718506,4067
88,false,0.8000000662215707,0.7932515093808223,-0.11538700896482279,4068
89,false,0.800000066154767,0.7932515093808223,-0.11117020780034248,4069
90,false,0.8000000662035607,0.7932515093808223,-0.11749712968522397,4070
91,false,0.8000000662207146,0.7932515093808223,-0.24040215499868556,4071
92,false,0.80000006618093,0.7932515093808223,-0.2404934324431759,4072
93,false,0.8000000661601008,0.7932515093808223,-0.23296329209409816,4073
94,false,0.8000000660921511,0.7932515093808223,-0.11365826393155365,4074
95,false,0.8000000662190393,0.7932515093808223,-0.11219586519520264,4075
96,false,0.8000000661058377,0.7932515093808223,-0.06954797096189258,4076
97,false,0.8000000661406971,0.7932515093808223,-0.11380416512409397,4077
98,false,0.8000000661235024,0.7932515093808223,-0.11049363256576372,4078
99,false,0.8000000661192314,0.7932515093808223,-0.11129476459178167,4079
100,false,0.8000000661094006,0.7932515093808223,-0.06624350590226091,4080
101,false,0.8000000661225778,0.7932515093808223,-0.10839685824069145,4081
102,false,0.8000000660983924,0.7932515093808223,-0.10691889842978275,4082
103,false,0.8000000660995255,0.7932515093808223,-0.10392274319011607,4083
104,false,0.8000000661458698,0.7932515093808223,-0.11523420245185667,4084
105,false,0.8000000661114416,0.7932515093808223,-0.11057175001515229,4085
106,false,0.8000000661073314,0.7932515093808223,-0.10612104324489657,4086
107,false,0.8000000661418208,0.7932515093808223,-0.06538460902411747,4087
108,false,0.8000000661275516,0.7932515093808223,-0.06331100702669257,4088
109,false,0.8000000660933064,0.7932515093808223,-0.11002616062521375,4089
110,false,0.8000000660912713,0.7932515093808223,-0.06537614526836621,4090
111,false,0.800000066128941,0.7932515093808223,-0.0663339553357809,4091
112,false,0.8000000660922334,0.7932515093808223,-0.07017214329545074,4092
113,false,0.8000000661060723,0.7932515093808223,-0.0662681885125942,4093
114,false,0.8000000660732164,0.7932515093808223,-0.11194111024288278,4094
115,false,0.8000000661186559,0.7932515093808223,-0.1144629838654746,4095
116,false,0.8000000660987299,0.7932515093808223,-0.06863350328231488,4096
117,false,0.8000000661234931,0.7932515093808223,-0.1097599893171709,4097
118,false,0.8000000660960284,0.7932515093808223,-0.07262459925206455,4098
119,false,0.8000000661179975,0.7932515093808223,-0.24687045145962672,4099
120,false,0.8000000660790703,0.7932515093808223,-0.11123810287936431,4100
121,false,0.8000000660891919,0.7932515093808223,-0.07173418513040974,4101
122,false,0.8000000661127602,0.7932515093808223,-0.1102520428336562,4102
123,false,0.8000000660544104,0.7932515093808223,-0.06926186711929017,4103
124,false,0.80000006605642,0.7932515093808223,-0.06989294070129781,4104
125,false,0.800000066089045,0.7932515093808223,-0.0679340134526808,4105
126,false,0.8000000660885758,0.7932515093808223,-0.11243387071810296,4106
127,false,0.8000000661241516,0.7932515093808223,-0.1118768809089572,4107
128,false,0.8000000660966105,0.7932515093808223,-0.11214937716277817,4108
0,false,0.8000000660301981,0.6898482575243576,-0.1101518085058405,4109
1,false,0.8000000660414945,0.6898482575243576,-0.11126327135860892,4110
2,false,0.800000066043688,0.733057886058449,-0.06694217998523899,4111
3,false,0.8000000660720462,0.733057886058449,-0.0681874408949188,4112
4,false,0.800000066177239,0.733057886058449,-0.06700095672837003,4113
5,false,0.8000000661184647,0.7333334816390582,-0.06666658447940654,4114
6,false,0.8000000660508775,0.7333334816390582,-0.06908152214485042,4115
7,false,0.8000000660411097,0.7333334816390582,-0.07093763278782439,4116
8,false,0.800000066059514,0.7333334816390582,-0.1116168763564439,4117
9,false,0.8000000660521122,0.7333334816390582,-0.07041771721266432,4118
10,false,0.8000000662951828,0.7333334816390582,-0.11494845708484369,4119
11,false,0.8000000660782045,0.7333334816390582,-0.1109068446165471,4120
12,false,0.8000000660647193,0.7333334816390582,-0.11081662591099417,4121
13,false,0.8000000662005525,0.7333334816390582,-0.11023191411646249,4122
14,false,0.8000000660603142,0.7333334816390582,-0.06909125229437985,4123
15,false,0.8000000660441128,0.7333334816390582,-0.11003172365416225,4124
16,false,0.8000000659836572,0.7333334816390582,-0.06885829070237315,4125
17,false,0.8000000660936999,0.7465585688993581,-0.05344149719434177,4126
18,false,0.8000000660473774,0.7465585688993581,-0.06756167657102385,4127
19,false,0.8000000660355931,0.7465585688993581,-0.06949799459657868,4128
20,false,0.8000000660730213,0.7465585688993581,-0.23197474200680546,4129
21,false,0.8000000660802037,0.7465585688993581,-0.06568087125059441,4130
22,false,0.8000000660518276,0.7465585688993581,-0.06957634410351932,4131
23,false,0.8000000660940123,0.7465585688993581,-0.06897294675744758,4132
24,false,0.8000000660637874,0.7465585688993581,-0.06942333913813958,4133
25,false,0.8000000660580209,0.7465585688993581,-0.06962148305184745,4134
26,false,0.8000000660543308,0.7465585688993581,-0.11163227965353595,4135
27,false,0.800000066052521,0.7465585688993581,-0.07244094539071355,4136
28,false,0.800000066089472,0.7941006766162237,-0.0058993894732483065,4137
0,false,0.8000000660717679,0.5387835801747819,-0.261216485896986,4136
1,false,0.800000066079578,0.6835053492108293,-0.11649471686874868,4137
2,false,0.8000000660806516,0.6835053492108293,-0.11985744585814961,4138
3,false,0.8000000657803905,0.6835053492108293,-0.27261915959779337,4139
4,false,0.8000000660738934,0.6835053492108293,-0.11737110710798959,4140
5,false,0.8000000620692334,0.6835053492108293,-0.34418638712756394,4141
6,false,0.8000000660835749,0.6835053492108293,-0.11858668499915792,4142
7,false,0.8000000634207446,0.6866971548430566,-0.11330290857768799,4143
8,false,0.8000000641036091,0.6963504234164144,-0.10364964068719473,4144
9,false,0.8000000659287367,0.6963504234164144,-0.26939834627938053,4145
10,false,0.8000000634453464,0.6963504234164144,-0.11127037235355297,4146
11,false,0.8000000660553593,0.6963504234164144,-0.26158486902012246,4147
12,false,0.8000000599403198,0.6963504234164144,-0.3714718025627206,4148
13,false,0.8000000647331156,0.6963504234164144,-0.1444542612486437,4149
14,false,0.8000000645915595,0.6963504234164144,-0.30053859330976307,4150
15,false,0.8000000595225603,0.6963504234164144,-0.37097263203948616,4151
16,false,0.8000000658239629,0.6963504234164144,-0.27733358715481304,4152
17,false,0.8000000596978586,0.6963504234164144,-0.35650599766256486,4153
18,false,0.800000066083298,0.6963504234164144,-0.11651703519409129,4154
19,false,0.8000000660750414,0.6963504234164144,-0.257753676569047,4155
20,false,0.8000000660348207,0.7320504708767933,-0.06794959515802734,4156
21,false,0.8000000660796989,0.7320504708767933,-0.2581123735912457,4157
22,false,0.8000000660732699,0.7320504708767933,-0.2566322728287572,4158
23,false,0.8000000589503751,0.7320504708767933,-0.14126866866350696,4159
24,false,0.8000000657029191,0.7320504708767933,-0.2662216883519617,4160
25,false,0.8000000582406532,0.7320504708767933,-0.15085032587356195,4161
26,false,0.800000063864933,0.7320504708767933,-0.26746579347389876,4162
27,false,0.8000000624437584,0.7320504708767933,-0.17653610052736712,4163
28,false,0.800000066082916,0.7320504708767933,-0.11836501142453815,4164
29,false,0.800000065546331,0.7320504708767933,-0.27726746301492244,4165
30,false,0.8000000567302774,0.7320504708767933,-0.16115715667334185,4166
31,false,0.800000066072893,0.7320504708767933,-0.25692340030771443,4167
32,false,0.8000000658908718,0.7320504708767933,-0.27062067510805854,4168
33,false,0.8000000660353949,0.7320504708767933,-0.12167043171370928,4169
34,false,0.8000000655501671,0.7320504708767933,-0.274462783999293,4170
35,false,0.8000000660834997,0.7320504708767933,-0.11776626720590366,4171
36,false,0.8000000660854232,0.7320504708767933,-0.11670256958518432,4172
37,false,0.8000000585274953,0.7320504708767933,-0.12481181632670713,4173
38,false,0.8000000618472775,0.7320504708767933,-0.184573459739361,4174
39,false,0.8000000598782044,0.7320504708767933,-Inf,4175
40,false,0.8000000660606593,0.7320504708767933,-0.07236975950975155,4176
41,false,0.800000066054204,0.7320504708767933,-0.0683913288142789,4177
42,false,0.8000000660511908,0.7320504708767933,-0.06855813758439155,4178
43,false,0.8000000660431406,0.7320504708767933,-0.07079145793129982,4179
44,false,0.8000000660762688,0.7320504708767933,-0.06899634677732458,4180
45,false,0.8000000660416703,0.7320504708767933,-0.06857062758423982,4181
46,false,0.8000000660799648,0.7918268926216189,-0.008173173458345895,4182
47,false,0.8000000660657501,0.7918268926216189,-0.06755578773189674,4183
48,false,0.800000066079617,0.7918268926216189,-0.11862143738020625,4184
49,false,0.8000000655339783,0.7918268926216189,-0.28971397507322405,4185
50,false,0.8000000660746179,0.7918268926216189,-0.11014809189163322,4186
51,false,0.8000000660453063,0.7918268926216189,-0.07079439495897055,4187
52,false,0.8000000660506953,0.7918268926216189,-0.06977093818294289,4188
53,false,0.8000000660767244,0.7918268926216189,-0.25510238798014506,4189
54,false,0.8000000660614585,0.7918268926216189,-0.06936838157307401,4190
55,false,0.8000000660776885,0.7918268926216189,-0.25223917858402833,4191
56,false,0.8000000660715961,0.7918268926216189,-0.1182123347266123,4192
57,false,0.8000000660630648,0.7918268926216189,-0.038795779025134314,4193
58,false,0.8000000620751767,0.7918268926216189,-0.11629024058248183,4194
59,false,0.800000066045286,0.7918268926216189,-0.06846482016044464,4195
60,false,0.8000000656612509,0.7918268926216189,-0.26929961358816845,4196
61,false,0.8000000660536178,0.7918268926216189,-0.03179806617906733,4197
62,false,0.8000000612275651,0.7918268926216189,-0.3999792550772673,4198
63,false,0.8000000660743949,0.7918268926216189,-0.07006996849095615,4199
64,false,0.8000000660619762,0.7918268926216189,-0.11093029042892932,4200
65,false,0.8000000660918518,0.7918268926216189,-0.1130495937792686,4201
66,false,0.8000000660641847,0.7918268926216189,-0.06851949505215926,4202
67,false,0.8000000660744969,0.7918268926216189,-0.07103232036202412,4203
68,false,0.8000000660627595,0.7918268926216189,-0.07094811414433033,4204
69,false,0.8000000660789025,0.7918268926216189,-0.06815031243083847,4205
70,false,0.800000066084671,0.7918268926216189,-0.019513582942999097,4206
71,false,0.8000000660559609,0.7918268926216189,-0.03643832714142159,4207
72,false,0.8000000661060817,0.7918268926216189,-0.06605002287885575,4208
73,false,0.8000000660450894,0.7918268926216189,-0.0682136979756025,4209
74,false,0.8000000660403174,0.7918268926216189,-0.06884197481149668,4210
75,false,0.8000000660532433,0.7947529921467137,-0.005247073906529565,4211
76,false,0.8000000660603961,0.7947529921467137,-0.06702480250324316,4212
77,false,0.8000000660052893,0.7947529921467137,-0.06494040228703513,4213
78,false,0.8000000660471286,0.7947529921467137,-0.005320195269155059,4214
0,false,0.8000000660835367,0.7349344673971534,-0.06506559868638329,4211
1,false,0.8000000660462864,0.7349344673971534,-0.09899799929037867,4212
2,false,0.8000000660904327,0.7647687614423477,-0.03523130464808499,4213
3,false,0.8000000660585478,0.7647687614423477,-0.09903096449671789,4214
4,false,0.8000000618306498,0.7647687614423477,-0.09101301279753427,4215
5,false,0.8000000650663437,0.7647687614423477,-0.3001231479207056,4216
6,false,0.8000000660400635,0.7647687614423477,-0.25851602432418197,4217
7,false,0.8000000659670793,0.7647687614423477,-0.12504784728252238,4218
8,false,0.8000000660737041,0.7647687614423477,-0.06524812437817795,4219
9,false,0.8000000659817779,0.7647687614423477,-0.2551970604253968,4220
10,false,0.8000000656758175,0.7647687614423477,-0.13359650285696123,4221
11,false,0.8000000660556272,0.7647687614423477,-0.1095935278267337,4222
12,false,0.8000000660779785,0.7647687614423477,-0.10834730450642804,4223
13,false,0.8000000660751261,0.7647687614423477,-0.10911852645163678,4224
14,false,0.8000000660836685,0.7647687614423477,-0.1035862512961524,4225
15,false,0.800000066086346,0.7647687614423477,-0.06099298385128604,4226
16,false,0.8000000633642481,0.7647687614423477,-0.07435838048513488,4227
17,false,0.8000000660295266,0.7647687614423477,-0.10324243423558421,4228
18,false,0.800000063441768,0.7647687614423477,-0.06516848833362088,4229
19,false,0.8000000635970755,0.7647687614423477,-0.24804214734623664,4230
20,false,0.8000000655882168,0.7647687614423477,-0.0758960615533667,4231
21,false,0.8000000659944275,0.7647687614423477,-0.07550074170616394,4232
22,false,0.8000000643881857,0.7647687614423477,-0.2649057381556569,4233
23,false,0.8000000660558816,0.7647687614423477,-0.24418136729026685,4234
24,false,0.8000000657445598,0.7647687614423477,-0.25513253338570197,4235
25,false,0.8000000660649668,0.7647687614423477,-0.10981222234836208,4236
26,false,0.8000000660728258,0.7974989565020706,-0.0025011095707552222,4237
0,false,0.8000000660438479,0.7307430120409494,-0.0692570540028985,4227
1,false,0.8000000659246167,0.7307430120409494,-0.1287399479566722,4228
2,false,0.8000000659194395,0.7307430120409494,-0.12824783369135595,4229
3,false,0.8000000659202493,0.7307430120409494,-0.26978103673066545,4230
4,false,0.8000000659518329,0.7307430120409494,-0.12665071354887547,4231
5,false,0.8000000659622392,0.7307430120409494,-0.12566799242806803,4232
6,false,0.8000000658662912,0.7307430120409494,-0.27656587567393254,4233
7,false,0.8000000658591984,0.7307430120409494,-0.13068236313874704,4234
8,false,0.8000000660314086,0.7313414902178836,-0.06865857581352497,4235
9,false,0.8000000656723762,0.7313414902178836,-0.11308112475730892,4236
10,false,0.8000000658358006,0.7313414902178836,-0.2780434396102389,4237
11,false,0.8000000654314868,0.7313414902178836,-0.29293739339062497,4238
12,false,0.8000000660485996,0.7313414902178836,-0.10954719000380342,4239
13,false,0.8000000660766001,0.7941920004043175,-0.005808065672282647,4240
14,false,0.8000000658871401,0.7941920004043175,-0.2751172399292956,4241
15,false,0.8000000655372873,0.7941920004043175,-0.24715418978138648,4242
16,false,0.800000066145646,0.7941920004043175,-0.11696152786237601,4243
17,false,0.8000000659792057,0.7941920004043175,-0.12509179896506295,4244
18,false,0.8000000660541986,0.7941920004043175,-0.11278199672113476,4245
19,false,0.8000000660662431,0.7941920004043175,-0.2557066401696221,4246
20,false,0.8000000655994018,0.7941920004043175,-0.08356528992579726,4247
21,false,0.8000000660729041,0.7941920004043175,-0.11852808247555546,4248
22,false,0.8000000660596419,0.7941920004043175,-0.11564964751137463,4249
23,false,0.8000000659544427,0.7941920004043175,-0.12591992661525564,4250
24,false,0.8000000652455892,0.7959034460736265,-0.00409661917196269,4251
0,false,0.8000000661007791,0.689035080791573,-0.11096498530920607,4296
1,false,0.8000000660873167,0.689035080791573,-0.11207225730595838,4297
2,false,0.8000000660737613,0.689035080791573,-0.11331726866714709,4298
3,false,0.8000000660910467,0.7494283344736543,-0.05057173161739237,4299
4,false,0.8000000661193799,0.7494283344736543,-0.11597201290238346,4300
5,false,0.8000000660854214,0.7494283344736543,-0.24545801136070222,4301
6,false,0.8000000660871754,0.7494283344736543,-0.2551158244294057,4302
7,false,0.8000000660153879,0.7494283344736543,-0.11898444841271294,4303
8,false,0.8000000660613377,0.7494283344736543,-0.11015203768345061,4304
9,false,0.8000000660605547,0.7494283344736543,-0.11561470237530669,4305
10,false,0.8000000660855435,0.7494283344736543,-0.0733761888554395,4306
11,false,0.8000000660868162,0.7494283344736543,-0.11243541013612712,4307
12,false,0.8000000659546005,0.7494283344736543,-0.11897978792560204,4308
13,false,0.8000000660913106,0.7494283344736543,-0.11897160993570888,4309
14,false,0.8000000660725046,0.7494283344736543,-0.05113431939165247,4310
15,false,0.800000066084722,0.7494283344736543,-0.11550434465018877,4311
16,false,0.8000000661100048,0.7494283344736543,-0.11385117808668044,4312
17,false,0.8000000660698332,0.7494283344736543,-0.11669945873620036,4313
18,false,0.8000000660999825,0.7494283344736543,-0.11894133224033643,4314
19,false,0.8000000660207293,0.7494283344736543,-0.11505378788479925,4315
20,false,0.8000000661176059,0.7494283344736543,-0.11484031012316853,4316
21,false,0.8000000660627188,0.7494283344736543,-0.11458900226286095,4317
22,false,0.8000000660773486,0.7494283344736543,-0.1173247733015137,4318
23,false,0.8000000660710713,0.7494283344736543,-0.11754431958302314,4319
24,false,0.800000066090771,0.7494283344736543,-0.11850721281751597,4320
25,false,0.8000000660889578,0.7494283344736543,-0.11909157273063253,4321
26,false,0.8000000660580794,0.7494283344736543,-0.07370142025258508,4322
27,false,0.8000000660827278,0.7943021949001415,-0.005697871182586245,4323
0,true,0.8000000660702543,0.7881596487351425,-0.011840417335111764,4548
1,true,0.8000000659921115,0.7881596487351425,-0.012246683492140864,4549
2,true,0.8000000660736839,0.7881596487351425,-0.012402933096706481,4550
3,true,0.8000000660766358,0.7891694223012156,-0.010830643775420201,4551
4,true,0.8000000660688862,0.7891694223012156,-0.019210826565414285,4552
5,true,0.8000000660702394,0.7891694223012156,-0.015198440979879657,4553
6,true,0.8000000660784684,0.7891694223012156,-0.010839337463674492,4554
7,true,0.8000000660686236,0.7891694223012156,-0.011684612075452017,4555
8,true,0.8000000660481335,0.7891694223012156,-0.012214812588442814,4556
9,true,0.8000000660840457,0.7891694223012156,-0.01903795493028504,4557
0,true,0.8000000660707212,0.7889958753888774,-0.011004190681843773,4288
1,true,0.80000006606805,0.7889958753888774,-0.0129687055891764,4289
2,true,0.800000065987343,0.7889958753888774,-0.021722182602258777,4290
3,true,0.8000000659911348,0.7889958753888774,-0.021215870325743347,4291
4,true,0.8000000660693698,0.7889958753888774,-0.011025440747319704,4292
5,true,0.8000000660670046,0.7889958753888774,-0.018454288258018425,4293
6,true,0.800000066066908,0.7889958753888774,-0.018611412346391187,4294
7,true,0.800000066039947,0.7889958753888774,-0.018688174946002944,4295
8,true,0.8000000660583875,0.7889958753888774,-0.018179404314189185,4296
9,true,0.8000000660642586,0.7889958753888774,-0.0141171196791261,4297
10,true,0.8000000660475591,0.7889958753888774,-0.01135086041590061,4298
11,true,0.8000000609553666,0.7889958753888774,-0.04336091643983142,4299
12,true,0.8000000660651801,0.7889958753888774,-0.01826865922596843,4300
0,true,0.8000000656355338,0.7721085814479969,-0.027891484187536952,4230
1,true,0.8000000654035143,0.7721085814479969,-0.030027449046386212,4231
2,true,0.8000000593202505,0.7721085814479969,-0.05699597943216195,4232
3,true,0.8000000866962708,0.7721085814479969,-0.04572425758359655,4233
4,true,0.8000000660719954,0.7877041224720043,-0.012295943599991088,4234
5,true,0.8000000657925946,0.7877041224720043,-0.025151917606472174,4235
6,true,0.8000000657412568,0.7877041224720043,-0.026057234068679103,4236
7,true,0.800000065877315,0.7877041224720043,-0.02437272173458105,4237
8,true,0.8000000660682616,0.7881563766664961,-0.0118436894017655,4238
9,true,0.8000000657639585,0.7881563766664961,-0.026999945954339077,4239
10,true,0.8000000654484437,0.7881563766664961,-0.03033453367912675,4240
11,true,0.8000000660699343,0.7882339117691448,-0.011766154300789533,4241
12,true,0.8000000660660802,0.789001565621365,-0.010998500444715176,4242
13,true,0.8000000660653228,0.789001565621365,-0.018226704621695067,4243
14,true,0.8000000660650209,0.789001565621365,-0.018493141541201408,4244
15,true,0.8000000660627624,0.789001565621365,-0.018321727813908728,4245
16,true,0.8000000660630641,0.789001565621365,-0.01851333305634506,4246
17,true,0.8000000660640327,0.789001565621365,-0.01926175265690555,4247
18,true,0.800000066066012,0.789001565621365,-0.01840420447962199,4248
19,true,0.8000000660658265,0.789001565621365,-0.018447163402882327,4249
20,true,0.8000000659760849,0.789001565621365,-0.021532094805150948,4250
21,true,0.8000000660296708,0.789001565621365,-0.015901289161591836,4251
22,true,0.8000000660581666,0.789001565621365,-0.018309509301009275,4252
23,true,0.8000000660091053,0.789001565621365,-0.02102627971507709,4253
24,true,0.8000000659674621,0.789001565621365,-0.022086714042322098,4254
25,true,0.800000064739933,0.789001565621365,-0.014261205442523517,4255
26,true,0.8000000648664144,0.789001565621365,-0.0169655611973889,4256
27,true,0.8000000648630875,0.789001565621365,-0.01669561405497999,4257
28,true,0.8000000648503696,0.789001565621365,-0.02058972727726449,4258
29,true,0.800000064829248,0.789001565621365,-0.015389103494618639,4259
30,true,0.8000000648329451,0.789001565621365,-0.020830687099249956,4260
31,true,0.8000000648374188,0.789001565621365,-0.01838080371525974,4261
32,true,0.8000000648286865,0.789001565621365,-0.01565705619055513,4262
33,true,0.8000000648027302,0.789001565621365,-0.017023589249456128,4263
34,true,0.8000000647396709,0.789001565621365,-0.02119114820840373,4264
35,true,0.8000000648205293,0.789001565621365,-0.01819933929307438,4265
36,true,0.8000000638705529,0.789001565621365,-0.02262328038660777,4266
0,true,0.8000000648214713,0.7846548840408897,-0.015345180780581669,4315
1,true,0.8000000644906922,0.7846548840408897,-0.02348430223594633,4316
2,true,0.8000000644591467,0.7846548840408897,-0.019905693376457645,4317
3,true,0.8000000646087849,0.7846548840408897,-0.020164789327426713,4318
4,true,0.8000000648435325,0.7846548840408897,-0.015416637698895674,4319
5,true,0.8000000647899292,0.7846548840408897,-0.017186873563004856,4320
6,true,0.8000000646305199,0.7846548840408897,-0.020213849546138807,4321
7,true,0.8000000647943187,0.7846548840408897,-0.016342027118631752,4322
8,true,0.8000000600806255,0.7846548840408897,-0.04027117439852024,4323
9,true,0.8000000575894285,0.7846548840408897,-0.05230580756090375,4324
10,true,0.8000000598353428,0.7846548840408897,-0.03976493046229801,4325
11,true,0.8000000622004299,0.7846548840408897,-0.025665086404266013,4326
12,true,0.8000000647082819,0.7846548840408897,-0.016261383768284232,4327
13,true,0.8000000553553196,0.7846548840408897,-0.06177853612096951,4328
14,true,0.8000000558828881,0.7846548840408897,-0.05501708166040076,4329
15,true,0.800000064020302,0.7846548840408897,-0.02786067101564882,4330
16,true,0.8000000641154608,0.7846548840408897,-0.02429739742530368,4331
17,true,0.8000000643535712,0.7846548840408897,-0.02057709902769389,4332
18,true,0.8000000553665717,0.7846548840408897,-0.059102495312601255,4333
19,true,0.8000000639881569,0.7846548840408897,-0.025931928064817034,4334
20,true,0.8000000646878251,0.7866478791683935,-0.013352185519431625,4335
21,true,0.8000000635962502,0.7866478791683935,-0.020985528349684812,4336
22,true,0.8000000646883817,0.7866478791683935,-0.016510756665686688,4337
23,true,0.8000000629152918,0.7866478791683935,-0.02258053929197812,4338
24,true,0.8000000646864119,0.7866478791683935,-0.014997497056769782,4339
25,true,0.8000000585004508,0.7866478791683935,-0.0397169583140673,4340
26,true,0.8000000884130347,0.7866478791683935,-0.05300941451366503,4341
27,true,0.8000000647126428,0.7866478791683935,-0.01557864121504815,4342
28,true,0.8000000646946774,0.7866478791683935,-0.014017613646186367,4343
