Starting ExactEntanglement.jl main script...
Loading benchmark data from: state_11.jl
Loaded data:
  T = Float64
  N = 5
  dims = (2, 2, 2, 2, 2)
  ρ size = (32, 32)
Parameters:
  algorithm = CP
  solver = MSK
  time_limit = -1.0
  log_level = 1
  maxrounds = 100
Root relaxation: 1140 vars, 13638 constraints, 64548 nonzeros, 1.3 MiB as CBF (measured in 23.18 s)
1106 pure states
LP relaxation created--
solve--
end solve-- RelaxOptimal OPTIMAL
 weights_sum: 1.000000000609541
itereffortlevel: 0
--separating...
--find a better primal bound 4.495392469116409 by Alternative descent Eigen
--found a cut state by heuristic 4.495392469116409 0.0 
iteration: 0,  #states: 1106, valueb: 0.0, activeness: 4.495392469116409, primalobj: 0.9999999999999999, dualobj: -Inf
solve--
end solve-- RelaxOptimal OPTIMAL
 weights_sum: 1.0000000001418519
itereffortlevel: 0
--separating...
--find a better primal bound 18.31348620053172 by Alternative descent Eigen
--found a cut state by heuristic 18.31348620053172 0.0 
iteration: 1,  #states: 1107, valueb: 0.0, activeness: 18.31348620053172, primalobj: 1.0000000000000009, dualobj: -Inf
solve--
end solve-- RelaxOptimal OPTIMAL
 weights_sum: 1.0000000007540728
itereffortlevel: 0
--separating...
--find a better primal bound 3.795980381922784 by Alternative descent Eigen
--found a cut state by heuristic 3.795980381922784 0.0 
iteration: 2,  #states: 1108, valueb: 0.0, activeness: 3.795980381922784, primalobj: 1.0000000000000002, dualobj: -Inf
solve--
end solve-- RelaxOptimal OPTIMAL
 weights_sum: 1.0000000007006735
itereffortlevel: 0
--separating...
--find a better primal bound 4.217209502154214 by Alternative descent Eigen
--found a cut state by heuristic 4.217209502154214 0.0 
iteration: 3,  #states: 1109, valueb: 0.0, activeness: 4.217209502154214, primalobj: 1.0000000000000002, dualobj: -Inf
solve--
end solve-- RelaxOptimal OPTIMAL
 weights_sum: 1.000000013765905
itereffortlevel: 0
--separating...
--find a better primal bound 4.613220246065652 by Alternative descent Eigen
--found a cut state by heuristic 4.613220246065652 0.0 
iteration: 4,  #states: 1110, valueb: 0.0, activeness: 4.613220246065652, primalobj: 1.0, dualobj: -Inf
solve--
end solve-- RelaxOptimal OPTIMAL
 weights_sum: 1.0000000010990726
itereffortlevel: 0
--separating...
--find a better primal bound 3.166046402473305 by Alternative descent Eigen
--found a cut state by heuristic 3.166046402473305 0.0 
iteration: 5,  #states: 1111, valueb: 0.0, activeness: 3.166046402473305, primalobj: 1.0, dualobj: -Inf
solve--
end solve-- RelaxOptimal OPTIMAL
 weights_sum: 1.0000000005719443
itereffortlevel: 0
--separating...
--find a better primal bound 4.295038694747721 by Alternative descent Eigen
--found a cut state by heuristic 4.295038694747721 0.0 
iteration: 6,  #states: 1112, valueb: 0.0, activeness: 4.295038694747721, primalobj: 1.0000000000000002, dualobj: -Inf
solve--
end solve-- RelaxOptimal OPTIMAL
 weights_sum: 1.0000000010009005
itereffortlevel: 0
--separating...
--find a better primal bound 2.6426112116105935 by Alternative descent Eigen
--found a cut state by heuristic 2.6426112116105935 0.0 
iteration: 7,  #states: 1113, valueb: 0.0, activeness: 2.6426112116105935, primalobj: 1.0, dualobj: -Inf
solve--
end solve-- RelaxOptimal OPTIMAL
 weights_sum: 1.0000000009294834
itereffortlevel: 0
--separating...
--find a better primal bound 3.7087028439908343 by Alternative descent Eigen
--found a cut state by heuristic 3.7087028439908343 0.0 
iteration: 8,  #states: 1114, valueb: 0.0, activeness: 3.7087028439908343, primalobj: 1.0, dualobj: -Inf
solve--
end solve-- RelaxOptimal OPTIMAL
 weights_sum: 1.000000000833158
itereffortlevel: 0
--separating...
--find a better primal bound 3.951465936239208 by Alternative descent Eigen
--found a cut state by heuristic 3.951465936239208 0.0 
iteration: 9,  #states: 1115, valueb: 0.0, activeness: 3.951465936239208, primalobj: 1.0, dualobj: -Inf
solve--
end solve-- RelaxOptimal OPTIMAL
 weights_sum: 1.0000000009394814
itereffortlevel: 0
--separating...
--find a better primal bound 2.573389090663638 by Alternative descent Eigen
--found a cut state by heuristic 2.573389090663638 0.0 
iteration: 10,  #states: 1116, valueb: 0.0, activeness: 2.573389090663638, primalobj: 1.0, dualobj: -Inf
solve--
end solve-- RelaxOptimal OPTIMAL
 weights_sum: 1.0000000012318668
itereffortlevel: 0
--separating...
--find a better primal bound 8.200666657619266 by Alternative descent Eigen
--found a cut state by heuristic 8.200666657619266 0.0 
iteration: 11,  #states: 1117, valueb: 0.0, activeness: 8.200666657619266, primalobj: 1.0, dualobj: -Inf
solve--
end solve-- RelaxOptimal OPTIMAL
 weights_sum: 1.0000000008777936
itereffortlevel: 0
--separating...
--find a better primal bound 3.599977878619469 by Alternative descent Eigen
--found a cut state by heuristic 3.599977878619469 0.0 
iteration: 12,  #states: 1118, valueb: 0.0, activeness: 3.599977878619469, primalobj: 1.0000000000000002, dualobj: -Inf
solve--
end solve-- RelaxOptimal OPTIMAL
 weights_sum: 1.0000003142532221
itereffortlevel: 0
--separating...
--find a better primal bound 2.683553115691351 by Alternative descent Eigen
--found a cut state by heuristic 2.683553115691351 0.0 
iteration: 13,  #states: 1119, valueb: 0.0, activeness: 2.683553115691351, primalobj: 0.9999999999999999, dualobj: -Inf
solve--
end solve-- RelaxOptimal OPTIMAL
 weights_sum: 1.000000053254075
itereffortlevel: 0
--separating...
--find a better primal bound 4.980106780408969 by Alternative descent Eigen
--found a cut state by heuristic 4.980106780408969 0.0 
iteration: 14,  #states: 1120, valueb: 0.0, activeness: 4.980106780408969, primalobj: 0.9999999999999998, dualobj: -Inf
solve--
end solve-- RelaxOptimal OPTIMAL
 weights_sum: 1.0000000012531622
itereffortlevel: 0
--separating...
--find a better primal bound 2.220291903684538 by Alternative descent Eigen
--found a cut state by heuristic 2.220291903684538 0.0 
iteration: 15,  #states: 1121, valueb: 0.0, activeness: 2.220291903684538, primalobj: 1.0000000000000002, dualobj: -Inf
solve--
end solve-- RelaxOptimal OPTIMAL
 weights_sum: 1.000000000092398
itereffortlevel: 0
--separating...
--find a better primal bound 3.729856222515016 by Alternative descent Eigen
--found a cut state by heuristic 3.729856222515016 0.0 
iteration: 16,  #states: 1122, valueb: 0.0, activeness: 3.729856222515016, primalobj: 1.0, dualobj: -Inf
solve--
end solve-- RelaxOptimal OPTIMAL
 weights_sum: 1.0000000008961878
itereffortlevel: 0
--separating...
--find a better primal bound 3.080263098557527 by Alternative descent Eigen
--found a cut state by heuristic 3.080263098557527 0.0 
iteration: 17,  #states: 1123, valueb: 0.0, activeness: 3.080263098557527, primalobj: 1.0, dualobj: -Inf
solve--
end solve-- RelaxOptimal OPTIMAL
 weights_sum: 1.0000000003327174
itereffortlevel: 0
--separating...
--find a better primal bound 3.399315951059089 by Alternative descent Eigen
--found a cut state by heuristic 3.399315951059089 0.0 
iteration: 18,  #states: 1124, valueb: 0.0, activeness: 3.399315951059089, primalobj: 0.9999999999999998, dualobj: -Inf
solve--
end solve-- RelaxOptimal OPTIMAL
 weights_sum: 1.0000000008918684
itereffortlevel: 0
--separating...
--find a better primal bound 3.106582674641561 by Alternative descent Eigen
--found a cut state by heuristic 3.106582674641561 0.0 
iteration: 19,  #states: 1125, valueb: 0.0, activeness: 3.106582674641561, primalobj: 0.9999999999999999, dualobj: -Inf
solve--
end solve-- RelaxOptimal OPTIMAL
 weights_sum: 1.0000000006800707
itereffortlevel: 0
--separating...
--find a better primal bound 3.2326675609201407 by Alternative descent Eigen
--found a cut state by heuristic 3.2326675609201407 0.0 
iteration: 20,  #states: 1126, valueb: 0.0, activeness: 3.2326675609201407, primalobj: 1.0000000000000004, dualobj: -Inf
solve--
end solve-- RelaxOptimal OPTIMAL
 weights_sum: 1.0000000000808507
itereffortlevel: 0
--separating...
--find a better primal bound 4.095929138779139 by Alternative descent Eigen
--found a cut state by heuristic 4.095929138779139 0.0 
iteration: 21,  #states: 1127, valueb: 0.0, activeness: 4.095929138779139, primalobj: 0.9999999999999998, dualobj: -Inf
solve--
end solve-- RelaxOptimal OPTIMAL
 weights_sum: 1.0000000004847067
itereffortlevel: 0
--separating...
--find a better primal bound 3.0816894351724056 by Alternative descent Eigen
--found a cut state by heuristic 3.0816894351724056 0.0 
iteration: 22,  #states: 1128, valueb: 0.0, activeness: 3.0816894351724056, primalobj: 1.0, dualobj: -Inf
solve--
end solve-- RelaxOptimal OPTIMAL
 weights_sum: 1.0000000004797007
itereffortlevel: 0
--separating...
--find a better primal bound 3.3650173245179285 by Alternative descent Eigen
--found a cut state by heuristic 3.3650173245179285 0.0 
iteration: 23,  #states: 1129, valueb: 0.0, activeness: 3.3650173245179285, primalobj: 0.9999999999999996, dualobj: -Inf
solve--
end solve-- RelaxOptimal OPTIMAL
 weights_sum: 1.000000139270328
itereffortlevel: 0
--separating...
--find a better primal bound 4.876569315472791 by Alternative descent Eigen
--found a cut state by heuristic 4.876569315472791 0.0 
iteration: 24,  #states: 1130, valueb: 0.0, activeness: 4.876569315472791, primalobj: 1.0000000000000002, dualobj: -Inf
solve--
end solve-- RelaxOptimal OPTIMAL
 weights_sum: 1.0000000006139822
itereffortlevel: 0
--separating...
--find a better primal bound 2.8421018837505208 by Alternative descent Eigen
--found a cut state by heuristic 2.8421018837505208 0.0 
iteration: 25,  #states: 1131, valueb: 0.0, activeness: 2.8421018837505208, primalobj: 1.0, dualobj: -Inf
solve--
end solve-- RelaxOptimal OPTIMAL
 weights_sum: 1.0000000015136266
itereffortlevel: 0
--separating...
--find a better primal bound 1.5065053742050503 by Alternative descent Eigen
--found a cut state by heuristic 1.5065053742050503 0.0 
iteration: 26,  #states: 1132, valueb: 0.0, activeness: 1.5065053742050503, primalobj: 1.0, dualobj: -Inf
solve--
end solve-- RelaxOptimal OPTIMAL
 weights_sum: 1.0000000007062986
itereffortlevel: 0
--separating...
--find a better primal bound 4.3132997827233215 by Alternative descent Eigen
--found a cut state by heuristic 4.3132997827233215 0.0 
iteration: 27,  #states: 1133, valueb: 0.0, activeness: 4.3132997827233215, primalobj: 1.0000000000000002, dualobj: -Inf
solve--
end solve-- RelaxOptimal OPTIMAL
 weights_sum: 1.0000000003440155
itereffortlevel: 0
--separating...
--find a better primal bound 5.301036143409016 by Alternative descent Eigen
--found a cut state by heuristic 5.301036143409016 0.0 
iteration: 28,  #states: 1134, valueb: 0.0, activeness: 5.301036143409016, primalobj: 0.9999999999999998, dualobj: -Inf
solve--
end solve-- RelaxOptimal OPTIMAL
 weights_sum: 1.000000000560241
itereffortlevel: 0
--separating...
--find a better primal bound 7.009023142515389 by Alternative descent Eigen
--found a cut state by heuristic 7.009023142515389 0.0 
iteration: 29,  #states: 1135, valueb: 0.0, activeness: 7.009023142515389, primalobj: 1.0, dualobj: -Inf
solve--
end solve-- RelaxOptimal OPTIMAL
 weights_sum: 1.0000000014723807
itereffortlevel: 0
--separating...
--find a better primal bound 29.140222816769235 by Alternative descent Eigen
--found a cut state by heuristic 29.140222816769235 0.0 
iteration: 30,  #states: 1136, valueb: 0.0, activeness: 29.140222816769235, primalobj: 0.9999999999999991, dualobj: -Inf
solve--
end solve-- RelaxOptimal OPTIMAL
 weights_sum: 1.0
itereffortlevel: 0
--separating...
--find a better primal bound 3.7147874546957134 by Alternative descent Eigen
--found a cut state by heuristic 3.7147874546957134 4.499706163230144e-11 
iteration: 31,  #states: 1137, valueb: 4.499706163230144e-11, activeness: 3.7147874546957134, primalobj: 0.9999999999913487, dualobj: -Inf
solve--
end solve-- RelaxOptimal OPTIMAL
 weights_sum: 0.9999999999999999
itereffortlevel: 0
--separating...
--find a better primal bound 1.7587859831100556 by Alternative descent Eigen
--found a cut state by heuristic 1.7587859831100556 2.2532680582498799e-10 
iteration: 32,  #states: 1138, valueb: 2.2532680582498799e-10, activeness: 1.7587859831100556, primalobj: 0.9999999999752021, dualobj: -Inf
solve--
end solve-- RelaxOptimal OPTIMAL
 weights_sum: 1.0
itereffortlevel: 0
--separating...
--find a better primal bound 1.9225860927634881 by Alternative descent Eigen
--found a cut state by heuristic 1.9225860927634881 1.6376902785275593e-10 
iteration: 33,  #states: 1139, valueb: 1.6376902785275593e-10, activeness: 1.9225860927634881, primalobj: 0.9999999999850337, dualobj: -Inf
solve--
end solve-- RelaxOptimal OPTIMAL
 weights_sum: 1.0
itereffortlevel: 0
--separating...
--find a better primal bound 1.3334246693053524 by Alternative descent Eigen
--found a cut state by heuristic 1.3334246693053524 1.865509587084535e-10 
iteration: 34,  #states: 1140, valueb: 1.865509587084535e-10, activeness: 1.3334246693053524, primalobj: 0.9999999999764416, dualobj: -Inf
solve--
end solve-- RelaxOptimal OPTIMAL
 weights_sum: 0.9999999999999999
itereffortlevel: 0
--separating...
--find a better primal bound 5.0442357491643985 by Alternative descent Eigen
--found a cut state by heuristic 5.0442357491643985 -8.036415977130673e-11 
iteration: 35,  #states: 1141, valueb: -8.036415977130673e-11, activeness: 5.0442357491643985, primalobj: 1.00000000033963, dualobj: -Inf
solve--
end solve-- RelaxOptimal OPTIMAL
 weights_sum: 1.0
itereffortlevel: 0
--separating...
--find a better primal bound 2.736950523302184 by Alternative descent Eigen
--found a cut state by heuristic 2.736950523302184 1.1299070012960044e-10 
iteration: 36,  #states: 1142, valueb: 1.1299070012960044e-10, activeness: 2.736950523302184, primalobj: 0.9999999999859046, dualobj: -Inf
solve--
end solve-- RelaxOptimal OPTIMAL
 weights_sum: 1.0
itereffortlevel: 0
--separating...
--find a better primal bound 1.4056841533151272 by Alternative descent Eigen
--found a cut state by heuristic 1.4056841533151272 -2.1977217268265292e-10 
iteration: 37,  #states: 1143, valueb: -2.1977217268265292e-10, activeness: 1.4056841533151272, primalobj: 1.0000000009783558, dualobj: -Inf
solve--
end solve-- RelaxOptimal OPTIMAL
 weights_sum: 1.0
itereffortlevel: 0
--separating...
--find a better primal bound 1.2839160302137589 by Alternative descent Eigen
--found a cut state by heuristic 1.2839160302137589 5.779118242982273e-11 
iteration: 38,  #states: 1144, valueb: 5.779118242982273e-11, activeness: 1.2839160302137589, primalobj: 0.9999999999953011, dualobj: -Inf
solve--
end solve-- RelaxOptimal OPTIMAL
 weights_sum: 0.9999999999999999
itereffortlevel: 0
--separating...
--find a better primal bound 1.3616069429719735 by Alternative descent Eigen
--found a cut state by heuristic 1.3616069429719735 1.2285431005842895e-10 
iteration: 39,  #states: 1145, valueb: 1.2285431005842895e-10, activeness: 1.3616069429719735, primalobj: 0.9999999999733277, dualobj: -Inf
solve--
end solve-- RelaxOptimal OPTIMAL
 weights_sum: 0.9999999999999999
itereffortlevel: 0
--separating...
--find a better primal bound 1.9852369347682535 by Alternative descent Eigen
--found a cut state by heuristic 1.9852369347682535 1.842981184330128e-10 
iteration: 40,  #states: 1146, valueb: 1.842981184330128e-10, activeness: 1.9852369347682535, primalobj: 0.9999999999765591, dualobj: -Inf
solve--
end solve-- RelaxOptimal OPTIMAL
 weights_sum: 1.0
itereffortlevel: 0
--separating...
--find a better primal bound 1.1387380648132017 by Alternative descent Eigen
--found a cut state by heuristic 1.1387380648132017 9.428729550592374e-10 
iteration: 41,  #states: 1147, valueb: 9.428729550592374e-10, activeness: 1.1387380648132017, primalobj: 0.9999999998479916, dualobj: -Inf
solve--
end solve-- RelaxOptimal OPTIMAL
 weights_sum: 0.9999999999999999
itereffortlevel: 0
--separating...
--find a better primal bound 1.744003518247135 by Alternative descent Eigen
--found a cut state by heuristic 1.744003518247135 2.5939528303098314e-11 
iteration: 42,  #states: 1148, valueb: 2.5939528303098314e-11, activeness: 1.744003518247135, primalobj: 0.9999999999221021, dualobj: -Inf
solve--
end solve-- RelaxOptimal OPTIMAL
 weights_sum: 1.0
itereffortlevel: 0
--separating...
--find a better primal bound 2.0654254152409735 by Alternative descent Eigen
--found a cut state by heuristic 2.0654254152409735 8.495243952744147e-10 
iteration: 43,  #states: 1149, valueb: 8.495243952744147e-10, activeness: 2.0654254152409735, primalobj: 0.9999999997056708, dualobj: -Inf
solve--
end solve-- RelaxOptimal OPTIMAL
 weights_sum: 1.0
itereffortlevel: 0
--separating...
--find a better primal bound 0.7877103918841537 by Alternative descent Eigen
--found a cut state by heuristic 0.7877103918841537 1.7698273402366738e-12 
iteration: 44,  #states: 1150, valueb: 1.7698273402366738e-12, activeness: 0.7877103918841537, primalobj: 1.000000000000113, dualobj: -Inf
solve--
end solve-- RelaxOptimal OPTIMAL
 weights_sum: 0.9999999999999999
itereffortlevel: 0
--separating...
--find a better primal bound 1.1327039111846178 by Alternative descent Eigen
--found a cut state by heuristic 1.1327039111846178 -4.4277470578890643e-10 
iteration: 45,  #states: 1151, valueb: -4.4277470578890643e-10, activeness: 1.1327039111846178, primalobj: 1.0000000000685736, dualobj: -Inf
solve--
end solve-- RelaxOptimal OPTIMAL
 weights_sum: 1.0
itereffortlevel: 0
--separating...
--find a better primal bound 2.222149455982817 by Alternative descent Eigen
--found a cut state by heuristic 2.222149455982817 -4.397543093559442e-12 
iteration: 46,  #states: 1152, valueb: -4.397543093559442e-12, activeness: 2.222149455982817, primalobj: 0.9999999999898377, dualobj: -Inf
solve--
end solve-- RelaxOptimal OPTIMAL
 weights_sum: 0.9999999999999999
itereffortlevel: 0
--separating...
--find a better primal bound 2.6726083823138467 by Alternative descent Eigen
--found a cut state by heuristic 2.6726083823138467 -4.4654413500211376e-10 
iteration: 47,  #states: 1153, valueb: -4.4654413500211376e-10, activeness: 2.6726083823138467, primalobj: 1.0000000005362735, dualobj: -Inf
solve--
end solve-- RelaxOptimal OPTIMAL
 weights_sum: 1.0
itereffortlevel: 0
--separating...
--find a better primal bound 5.2371104352758415 by Alternative descent Eigen
--found a cut state by heuristic 5.2371104352758415 1.9929169425836335e-11 
iteration: 48,  #states: 1154, valueb: 1.9929169425836335e-11, activeness: 5.2371104352758415, primalobj: 0.9999999999606526, dualobj: -Inf
solve--
end solve-- RelaxOptimal OPTIMAL
 weights_sum: 1.0
itereffortlevel: 0
--separating...
--find a better primal bound 3.2723936516533247 by Alternative descent Eigen
--found a cut state by heuristic 3.2723936516533247 -2.6222080062865416e-13 
iteration: 49,  #states: 1155, valueb: -2.6222080062865416e-13, activeness: 3.2723936516533247, primalobj: 0.9999999999990716, dualobj: -Inf
solve--
end solve-- RelaxOptimal OPTIMAL
 weights_sum: 1.0
itereffortlevel: 0
--separating...
--find a better primal bound 7.925266297539941 by Alternative descent Eigen
--found a cut state by heuristic 7.925266297539941 6.66213750832867e-11 
iteration: 50,  #states: 1156, valueb: 6.66213750832867e-11, activeness: 7.925266297539941, primalobj: 0.9999999998428201, dualobj: -Inf
solve--
end solve-- RelaxOptimal OPTIMAL
 weights_sum: 1.0
itereffortlevel: 0
--separating...
--find a better primal bound 3.400420429291319 by Alternative descent Eigen
--found a cut state by heuristic 3.400420429291319 -2.874074311876029e-10 
iteration: 51,  #states: 1157, valueb: -2.874074311876029e-10, activeness: 3.400420429291319, primalobj: 1.0000000001642944, dualobj: -Inf
solve--
end solve-- RelaxOptimal OPTIMAL
 weights_sum: 1.0
itereffortlevel: 0
--separating...
--find a better primal bound 3.1271885543225286 by Alternative descent Eigen
--found a cut state by heuristic 3.1271885543225286 -2.4029889189591813e-11 
iteration: 52,  #states: 1158, valueb: -2.4029889189591813e-11, activeness: 3.1271885543225286, primalobj: 0.9999999996397807, dualobj: -Inf
solve--
end solve-- RelaxOptimal OPTIMAL
 weights_sum: 1.0
itereffortlevel: 0
--separating...
--find a better primal bound 2.268738081184357 by Alternative descent Eigen
--found a cut state by heuristic 2.268738081184357 1.8969235071608637e-9 
iteration: 53,  #states: 1159, valueb: 1.8969235071608637e-9, activeness: 2.268738081184357, primalobj: 0.9999999989338306, dualobj: -Inf
solve--
end solve-- RelaxOptimal OPTIMAL
 weights_sum: 1.0
itereffortlevel: 0
--separating...
--find a better primal bound 2.896189238755547 by Alternative descent Eigen
--found a cut state by heuristic 2.896189238755547 8.298450815402703e-11 
iteration: 54,  #states: 1160, valueb: 8.298450815402703e-11, activeness: 2.896189238755547, primalobj: 0.9999999998565758, dualobj: -Inf
solve--
end solve-- RelaxOptimal OPTIMAL
 weights_sum: 1.0
itereffortlevel: 0
--separating...
--find a better primal bound 1.7003168630090038 by Alternative descent Eigen
--found a cut state by heuristic 1.7003168630090038 -1.6825429938194247e-12 
iteration: 55,  #states: 1161, valueb: -1.6825429938194247e-12, activeness: 1.7003168630090038, primalobj: 0.9999999999977425, dualobj: -Inf
solve--
end solve-- RelaxOptimal OPTIMAL
 weights_sum: 0.9999999999999999
itereffortlevel: 0
--separating...
--find a better primal bound 7.601434457565649 by Alternative descent Eigen
--found a cut state by heuristic 7.601434457565649 4.547473508864641e-13 
iteration: 56,  #states: 1162, valueb: 4.547473508864641e-13, activeness: 7.601434457565649, primalobj: 0.9999999999990858, dualobj: -Inf
solve--
end solve-- RelaxOptimal OPTIMAL
 weights_sum: 1.0
itereffortlevel: 0
--separating...
--find a better primal bound 1.132032936510073 by Alternative descent Eigen
--found a cut state by heuristic 1.132032936510073 1.8743938762222356e-9 
iteration: 57,  #states: 1163, valueb: 1.8743938762222356e-9, activeness: 1.132032936510073, primalobj: 0.9999999999762983, dualobj: -Inf
solve--
end solve-- RelaxOptimal OPTIMAL
 weights_sum: 1.0
itereffortlevel: 0
--separating...
--find a better primal bound 1.1714862927541105 by Alternative descent Eigen
--found a cut state by heuristic 1.1714862927541105 1.8424954478790667e-9 
iteration: 58,  #states: 1164, valueb: 1.8424954478790667e-9, activeness: 1.1714862927541105, primalobj: 1.0000000000061409, dualobj: -Inf
solve--
end solve-- RelaxOptimal OPTIMAL
 weights_sum: 1.0
itereffortlevel: 0
--separating...
--find a better primal bound 5.742264389868426 by Alternative descent Eigen
--found a cut state by heuristic 5.742264389868426 3.579193941227743e-9 
iteration: 59,  #states: 1165, valueb: 3.579193941227743e-9, activeness: 5.742264389868426, primalobj: 0.9999999989432478, dualobj: -Inf
solve--
end solve-- RelaxOptimal OPTIMAL
 weights_sum: 0.9999999999999999
itereffortlevel: 0
--separating...
--find a better primal bound 1.448926411198491 by Alternative descent Eigen
--found a cut state by heuristic 1.448926411198491 3.4223452127779552e-9 
iteration: 60,  #states: 1166, valueb: 3.4223452127779552e-9, activeness: 1.448926411198491, primalobj: 0.9999999999304503, dualobj: -Inf
solve--
end solve-- RelaxOptimal OPTIMAL
 weights_sum: 1.0
itereffortlevel: 0
--separating...
--find a better primal bound 5.9521938788712045 by Alternative descent Eigen
--found a cut state by heuristic 5.9521938788712045 6.930227502977004e-9 
iteration: 61,  #states: 1167, valueb: 6.930227502977004e-9, activeness: 5.9521938788712045, primalobj: 0.9999999985029208, dualobj: -Inf
solve--
end solve-- RelaxOptimal OPTIMAL
 weights_sum: 1.0
itereffortlevel: 0
--separating...
--find a better primal bound 1.624716630286533 by Alternative descent Eigen
--found a cut state by heuristic 1.624716630286533 3.6865320240941912e-9 
iteration: 62,  #states: 1168, valueb: 3.6865320240941912e-9, activeness: 1.624716630286533, primalobj: 0.9999999997691033, dualobj: -Inf
solve--
end solve-- RelaxOptimal OPTIMAL
 weights_sum: 1.0
itereffortlevel: 0
--separating...
--find a better primal bound 1.1355141712792047 by Alternative descent Eigen
--found a cut state by heuristic 1.1355141712792047 1.2659564993522388e-9 
iteration: 63,  #states: 1169, valueb: 1.2659564993522388e-9, activeness: 1.1355141712792047, primalobj: 0.9999999999867266, dualobj: -Inf
solve--
end solve-- RelaxOptimal OPTIMAL
 weights_sum: 1.0
itereffortlevel: 0
--separating...
--find a better primal bound 5.065427039364041 by Alternative descent Eigen
--found a cut state by heuristic 5.065427039364041 1.656241455094687e-8 
iteration: 64,  #states: 1170, valueb: 1.656241455094687e-8, activeness: 5.065427039364041, primalobj: 0.9999999980467866, dualobj: -Inf
solve--
end solve-- RelaxOptimal OPTIMAL
 weights_sum: 1.0
itereffortlevel: 0
--separating...
--find a better primal bound 3.931722611663017 by Alternative descent Eigen
--found a cut state by heuristic 3.931722611663017 4.128253294766182e-12 
iteration: 65,  #states: 1171, valueb: 4.128253294766182e-12, activeness: 3.931722611663017, primalobj: 0.9999999999973653, dualobj: -Inf
solve--
end solve-- RelaxOptimal OPTIMAL
 weights_sum: 1.0
itereffortlevel: 0
--separating...
--find a better primal bound 1.4086830917470512 by Alternative descent Eigen
--found a cut state by heuristic 1.4086830917470512 6.2924249144558075e-12 
iteration: 66,  #states: 1172, valueb: 6.2924249144558075e-12, activeness: 1.4086830917470512, primalobj: 1.0000000000859606, dualobj: -Inf
solve--
end solve-- RelaxOptimal OPTIMAL
 weights_sum: 1.0
itereffortlevel: 0
--separating...
--find a better primal bound 4.6790662233549405 by Alternative descent Eigen
--found a cut state by heuristic 4.6790662233549405 1.1556311463323254e-12 
iteration: 67,  #states: 1173, valueb: 1.1556311463323254e-12, activeness: 4.6790662233549405, primalobj: 0.9999999999992462, dualobj: -Inf
solve--
end solve-- RelaxOptimal OPTIMAL
 weights_sum: 1.0
itereffortlevel: 0
--separating...
--find a better primal bound 1.5318057668396166 by Alternative descent Eigen
--found a cut state by heuristic 1.5318057668396166 4.143817511348402e-10 
iteration: 68,  #states: 1174, valueb: 4.143817511348402e-10, activeness: 1.5318057668396166, primalobj: 1.0000000000743177, dualobj: -Inf
solve--
end solve-- RelaxOptimal OPTIMAL
 weights_sum: 1.0
itereffortlevel: 0
--separating...
--find a better primal bound 2.7090467599382704 by Alternative descent Eigen
--found a cut state by heuristic 2.7090467599382704 1.6766588117889114e-12 
iteration: 69,  #states: 1175, valueb: 1.6766588117889114e-12, activeness: 2.7090467599382704, primalobj: 0.9999999999919045, dualobj: -Inf
solve--
end solve-- RelaxOptimal OPTIMAL
 weights_sum: 1.0
itereffortlevel: 0
--separating...
--find a better primal bound 1.4513178781516585 by Alternative descent Eigen
--found a cut state by heuristic 1.4513178781516585 6.280915371137397e-11 
iteration: 70,  #states: 1176, valueb: 6.280915371137397e-11, activeness: 1.4513178781516585, primalobj: 1.0000000000474822, dualobj: -Inf
solve--
end solve-- RelaxOptimal OPTIMAL
 weights_sum: 0.9999999999999999
itereffortlevel: 0
--separating...
--find a better primal bound 1.6779987595270711 by Alternative descent Eigen
--found a cut state by heuristic 1.6779987595270711 1.0672344813444923e-9 
iteration: 71,  #states: 1177, valueb: 1.0672344813444923e-9, activeness: 1.6779987595270711, primalobj: 1.0000000000068143, dualobj: -Inf
solve--
end solve-- RelaxOptimal OPTIMAL
 weights_sum: 1.0
itereffortlevel: 0
--separating...
--find a better primal bound 2.3324518304349073 by Alternative descent Eigen
--found a cut state by heuristic 2.3324518304349073 -1.6502008093333131e-12 
iteration: 72,  #states: 1178, valueb: -1.6502008093333131e-12, activeness: 2.3324518304349073, primalobj: 0.999999999992154, dualobj: -Inf
solve--
end solve-- RelaxOptimal OPTIMAL
 weights_sum: 1.0
itereffortlevel: 0
--separating...
--find a better primal bound 2.607755917711227 by Alternative descent Eigen
--found a cut state by heuristic 2.607755917711227 2.4386104247042795e-11 
iteration: 73,  #states: 1179, valueb: 2.4386104247042795e-11, activeness: 2.607755917711227, primalobj: 0.999999999959811, dualobj: -Inf
solve--
end solve-- RelaxOptimal OPTIMAL
 weights_sum: 1.0
itereffortlevel: 0
--separating...
--find a better primal bound 2.3246554661520156 by Alternative descent Eigen
--found a cut state by heuristic 2.3246554661520156 1.5975221145936302e-11 
iteration: 74,  #states: 1180, valueb: 1.5975221145936302e-11, activeness: 2.3246554661520156, primalobj: 0.9999999999753953, dualobj: -Inf
solve--
end solve-- RelaxOptimal OPTIMAL
 weights_sum: 1.0
itereffortlevel: 0
--separating...
--find a better primal bound 1.1042274481401528 by Alternative descent Eigen
--found a cut state by heuristic 1.1042274481401528 1.0103371047773257e-9 
iteration: 75,  #states: 1181, valueb: 1.0103371047773257e-9, activeness: 1.1042274481401528, primalobj: 1.000000000035648, dualobj: -Inf
solve--
end solve-- RelaxOptimal OPTIMAL
 weights_sum: 0.9999999999999999
itereffortlevel: 0
--separating...
--find a better primal bound 1.625064797159892 by Alternative descent Eigen
--found a cut state by heuristic 1.625064797159892 1.9515376120660122e-10 
iteration: 76,  #states: 1182, valueb: 1.9515376120660122e-10, activeness: 1.625064797159892, primalobj: 1.0000000000237113, dualobj: -Inf
solve--
end solve-- RelaxOptimal OPTIMAL
 weights_sum: 1.0
itereffortlevel: 0
--separating...
--find a better primal bound 3.5732868863965574 by Alternative descent Eigen
--found a cut state by heuristic 3.5732868863965574 1.4607204334993185e-12 
iteration: 77,  #states: 1183, valueb: 1.4607204334993185e-12, activeness: 3.5732868863965574, primalobj: 0.9999999999981934, dualobj: -Inf
solve--
end solve-- RelaxOptimal OPTIMAL
 weights_sum: 1.0
itereffortlevel: 0
--separating...
--find a better primal bound 2.234682067108243 by Alternative descent Eigen
--found a cut state by heuristic 2.234682067108243 6.606382108031994e-12 
iteration: 78,  #states: 1184, valueb: 6.606382108031994e-12, activeness: 2.234682067108243, primalobj: 0.9999999999330227, dualobj: -Inf
solve--
end solve-- RelaxOptimal OPTIMAL
 weights_sum: 1.0
itereffortlevel: 0
--separating...
--find a better primal bound 4.506455404085343 by Alternative descent Eigen
--found a cut state by heuristic 4.506455404085343 1.8064091888980727e-12 
iteration: 79,  #states: 1185, valueb: 1.8064091888980727e-12, activeness: 4.506455404085343, primalobj: 0.9999999999874831, dualobj: -Inf
solve--
end solve-- RelaxOptimal OPTIMAL
 weights_sum: 0.9999999999999999
itereffortlevel: 0
--separating...
--find a better primal bound 1.451996488458753 by Alternative descent Eigen
--found a cut state by heuristic 1.451996488458753 2.091616203153679e-11 
iteration: 80,  #states: 1186, valueb: 2.091616203153679e-11, activeness: 1.451996488458753, primalobj: 1.0000000000219091, dualobj: -Inf
solve--
end solve-- RelaxOptimal OPTIMAL
 weights_sum: 1.0
itereffortlevel: 0
--separating...
--find a better primal bound 3.8178850168114327 by Alternative descent Eigen
--found a cut state by heuristic 3.8178850168114327 2.2389334830563712e-10 
iteration: 81,  #states: 1187, valueb: 2.2389334830563712e-10, activeness: 3.8178850168114327, primalobj: 0.9999999998741038, dualobj: -Inf
solve--
end solve-- RelaxOptimal OPTIMAL
 weights_sum: 1.0
itereffortlevel: 0
--separating...
--find a better primal bound 3.0216039771315564 by Alternative descent Eigen
--found a cut state by heuristic 3.0216039771315564 3.200062437258566e-10 
iteration: 82,  #states: 1188, valueb: 3.200062437258566e-10, activeness: 3.0216039771315564, primalobj: 0.9999999998562221, dualobj: -Inf
solve--
end solve-- RelaxOptimal OPTIMAL
 weights_sum: 1.0
itereffortlevel: 0
--separating...
--find a better primal bound 3.5217703651917107 by Alternative descent Eigen
--found a cut state by heuristic 3.5217703651917107 7.09681202692991e-11 
iteration: 83,  #states: 1189, valueb: 7.09681202692991e-11, activeness: 3.5217703651917107, primalobj: 0.9999999999422068, dualobj: -Inf
solve--
end solve-- RelaxOptimal OPTIMAL
 weights_sum: 1.0
itereffortlevel: 0
--separating...
--find a better primal bound 1.1690516366638428 by Alternative descent Eigen
--found a cut state by heuristic 1.1690516366638428 4.747574701424728e-8 
iteration: 84,  #states: 1190, valueb: 4.747574701424728e-8, activeness: 1.1690516366638428, primalobj: 0.9999999983440505, dualobj: -Inf
solve--
end solve-- RelaxOptimal OPTIMAL
 weights_sum: 0.9999999999999999
itereffortlevel: 0
--separating...
--find a better primal bound 4.540038978011005 by Alternative descent Eigen
--found a cut state by heuristic 4.540038978011005 9.976242054676732e-11 
iteration: 85,  #states: 1191, valueb: 9.976242054676732e-11, activeness: 4.540038978011005, primalobj: 0.9999999999183069, dualobj: -Inf
solve--
end solve-- RelaxOptimal OPTIMAL
 weights_sum: 1.0
itereffortlevel: 0
--separating...
--find a better primal bound 5.652880801393898 by Alternative descent Eigen
--found a cut state by heuristic 5.652880801393898 3.0957708618828406e-11 
iteration: 86,  #states: 1192, valueb: 3.0957708618828406e-11, activeness: 5.652880801393898, primalobj: 1.000000000023633, dualobj: -Inf
solve--
end solve-- RelaxOptimal OPTIMAL
 weights_sum: 1.0
itereffortlevel: 0
--separating...
--find a better primal bound 1.0235338382651054 by Alternative descent Eigen
--found a cut state by heuristic 1.0235338382651054 2.8619329128787285e-12 
iteration: 87,  #states: 1193, valueb: 2.8619329128787285e-12, activeness: 1.0235338382651054, primalobj: 0.9999999999979771, dualobj: -Inf
solve--
end solve-- RelaxOptimal OPTIMAL
 weights_sum: 1.0
itereffortlevel: 0
--separating...
--find a better primal bound 3.3339676509953 by Alternative descent Eigen
--found a cut state by heuristic 3.3339676509953 1.7546147867975037e-10 
iteration: 88,  #states: 1194, valueb: 1.7546147867975037e-10, activeness: 3.3339676509953, primalobj: 0.9999999998970762, dualobj: -Inf
solve--
end solve-- RelaxOptimal OPTIMAL
 weights_sum: 0.9999999999999999
itereffortlevel: 0
--separating...
--find a better primal bound 4.634711057093728 by Alternative descent Eigen
--found a cut state by heuristic 4.634711057093728 1.7765428017568752e-10 
iteration: 89,  #states: 1195, valueb: 1.7765428017568752e-10, activeness: 4.634711057093728, primalobj: 0.9999999993650539, dualobj: -Inf
solve--
end solve-- RelaxOptimal OPTIMAL
 weights_sum: 1.0
itereffortlevel: 0
--separating...
--find a better primal bound 1.9476117528078614 by Alternative descent Eigen
--found a cut state by heuristic 1.9476117528078614 8.402448736788415e-10 
iteration: 90,  #states: 1196, valueb: 8.402448736788415e-10, activeness: 1.9476117528078614, primalobj: 0.9999999997107907, dualobj: -Inf
solve--
end solve-- RelaxOptimal OPTIMAL
 weights_sum: 1.0
itereffortlevel: 0
--separating...
--find a better primal bound 4.772257607416998 by Alternative descent Eigen
--found a cut state by heuristic 4.772257607416998 9.137102959010449e-10 
iteration: 91,  #states: 1197, valueb: 9.137102959010449e-10, activeness: 4.772257607416998, primalobj: 0.9999999997199012, dualobj: -Inf
solve--
end solve-- RelaxOptimal OPTIMAL
 weights_sum: 1.0
itereffortlevel: 0
--separating...
--find a better primal bound 3.8652206861021448 by Alternative descent Eigen
--found a cut state by heuristic 3.8652206861021448 1.1181586767605722e-9 
iteration: 92,  #states: 1198, valueb: 1.1181586767605722e-9, activeness: 3.8652206861021448, primalobj: 0.9999999993028899, dualobj: -Inf
solve--
end solve-- RelaxOptimal OPTIMAL
 weights_sum: 1.0
itereffortlevel: 0
--separating...
--find a better primal bound 11.345745219692734 by Alternative descent Eigen
--found a cut state by heuristic 11.345745219692734 1.4892871172400568e-9 
iteration: 93,  #states: 1199, valueb: 1.4892871172400568e-9, activeness: 11.345745219692734, primalobj: 0.9999999995546204, dualobj: -Inf
solve--
end solve-- RelaxOptimal OPTIMAL
 weights_sum: 1.0
itereffortlevel: 0
--separating...
--find a better primal bound 2.3957388584092314 by Alternative descent Eigen
--found a cut state by heuristic 2.3957388584092314 4.534901898445298e-10 
iteration: 94,  #states: 1200, valueb: 4.534901898445298e-10, activeness: 2.3957388584092314, primalobj: 0.9999999998200388, dualobj: -Inf
solve--
end solve-- RelaxOptimal OPTIMAL
 weights_sum: 1.0
itereffortlevel: 0
--separating...
--find a better primal bound 2.3543255052838346 by Alternative descent Eigen
--found a cut state by heuristic 2.3543255052838346 -1.1649015085879455e-13 
iteration: 95,  #states: 1201, valueb: -1.1649015085879455e-13, activeness: 2.3543255052838346, primalobj: 0.9999999999993715, dualobj: -Inf
solve--
end solve-- RelaxOptimal OPTIMAL
 weights_sum: 0.9999999999999999
itereffortlevel: 0
--separating...
--find a better primal bound 3.172128378079093 by Alternative descent Eigen
--found a cut state by heuristic 3.172128378079093 7.238698529477006e-10 
iteration: 96,  #states: 1202, valueb: 7.238698529477006e-10, activeness: 3.172128378079093, primalobj: 0.9999999997457504, dualobj: -Inf
solve--
end solve-- RelaxOptimal OPTIMAL
 weights_sum: 1.0
itereffortlevel: 0
--separating...
--find a better primal bound 2.1375039916070366 by Alternative descent Eigen
--found a cut state by heuristic 2.1375039916070366 5.015154957987988e-13 
iteration: 97,  #states: 1203, valueb: 5.015154957987988e-13, activeness: 2.1375039916070366, primalobj: 0.9999999999992369, dualobj: -Inf
solve--
end solve-- RelaxOptimal OPTIMAL
 weights_sum: 1.0
itereffortlevel: 0
--separating...
--find a better primal bound 1.9245918426968145 by Alternative descent Eigen
--found a cut state by heuristic 1.9245918426968145 8.418821195732562e-13 
iteration: 98,  #states: 1204, valueb: 8.418821195732562e-13, activeness: 1.9245918426968145, primalobj: 0.9999999999986491, dualobj: -Inf
solve--
end solve-- RelaxOptimal OPTIMAL
 weights_sum: 0.9999999999999999
itereffortlevel: 0
--separating...
--find a better primal bound 1.4187554338672796 by Alternative descent Eigen
--found a cut state by heuristic 1.4187554338672796 6.259576190714711e-13 
iteration: 99,  #states: 1205, valueb: 6.259576190714711e-13, activeness: 1.4187554338672796, primalobj: 0.9999999999986985, dualobj: -Inf
solve--
end solve-- RelaxOptimal OPTIMAL
 weights_sum: 1.0
itereffortlevel: 0
--separating...
--find a better primal bound 1.6318390596793797 by Alternative descent Eigen
--found a cut state by heuristic 1.6318390596793797 1.7841992883127489e-9 
iteration: 100,  #states: 1206, valueb: 1.7841992883127489e-9, activeness: 1.6318390596793797, primalobj: 0.9999999988640662, dualobj: -Inf
solve--
end solve-- RelaxOptimal OPTIMAL
 weights_sum: 1.0
itereffortlevel: 0
--separating...
--find a better primal bound 4.638339912826707 by Alternative descent Eigen
--found a cut state by heuristic 4.638339912826707 7.886304942417155e-10 
iteration: 101,  #states: 1207, valueb: 7.886304942417155e-10, activeness: 4.638339912826707, primalobj: 0.9999999997455076, dualobj: -Inf
solve--
end solve-- RelaxOptimal OPTIMAL
 weights_sum: 0.9999999999999999
itereffortlevel: 0
--separating...
--find a better primal bound 1.9081620986328733 by Alternative descent Eigen
--found a cut state by heuristic 1.9081620986328733 4.4764664197671777e-10 
iteration: 102,  #states: 1208, valueb: 4.4764664197671777e-10, activeness: 1.9081620986328733, primalobj: 0.9999999997416577, dualobj: -Inf
solve--
end solve-- RelaxOptimal OPTIMAL
 weights_sum: 1.0
itereffortlevel: 0
--separating...
--find a better primal bound 3.869482755267978 by Alternative descent Eigen
--found a cut state by heuristic 3.869482755267978 8.293561393202253e-10 
iteration: 103,  #states: 1209, valueb: 8.293561393202253e-10, activeness: 3.869482755267978, primalobj: 0.9999999996904915, dualobj: -Inf
solve--
end solve-- RelaxOptimal OPTIMAL
 weights_sum: 1.0
itereffortlevel: 0
--separating...
--find a better primal bound 10.979598015422766 by Alternative descent Eigen
--found a cut state by heuristic 10.979598015422766 3.301214857032164e-10 
iteration: 104,  #states: 1210, valueb: 3.301214857032164e-10, activeness: 10.979598015422766, primalobj: 0.9999999997854413, dualobj: -Inf
solve--
end solve-- RelaxOptimal OPTIMAL
 weights_sum: 1.0
itereffortlevel: 0
--separating...
--find a better primal bound 3.226212046013193 by Alternative descent Eigen
--found a cut state by heuristic 3.226212046013193 2.03539721860789e-10 
iteration: 105,  #states: 1211, valueb: 2.03539721860789e-10, activeness: 3.226212046013193, primalobj: 0.999999999705033, dualobj: -Inf
solve--
end solve-- RelaxOptimal OPTIMAL
 weights_sum: 1.0
itereffortlevel: 0
--separating...
--find a better primal bound 2.4770589656519837 by Alternative descent Eigen
--found a cut state by heuristic 2.4770589656519837 2.6988718898612873e-10 
iteration: 106,  #states: 1212, valueb: 2.6988718898612873e-10, activeness: 2.4770589656519837, primalobj: 0.9999999989607283, dualobj: -Inf
solve--
end solve-- RelaxOptimal OPTIMAL
 weights_sum: 1.0
itereffortlevel: 0
--separating...
--find a better primal bound 2.5571816968561567 by Alternative descent Eigen
--found a cut state by heuristic 2.5571816968561567 2.555491374067742e-10 
iteration: 107,  #states: 1213, valueb: 2.555491374067742e-10, activeness: 2.5571816968561567, primalobj: 0.9999999990547155, dualobj: -Inf
solve--
end solve-- RelaxOptimal OPTIMAL
 weights_sum: 1.0
itereffortlevel: 0
--separating...
--find a better primal bound 2.3450253942445443 by Alternative descent Eigen
--found a cut state by heuristic 2.3450253942445443 1.4316136054404183e-9 
iteration: 108,  #states: 1214, valueb: 1.4316136054404183e-9, activeness: 2.3450253942445443, primalobj: 0.99999999908992, dualobj: -Inf
solve--
end solve-- RelaxOptimal OPTIMAL
 weights_sum: 0.9999999999999999
itereffortlevel: 0
--separating...
--find a better primal bound 1.6067993288395583 by Alternative descent Eigen
--found a cut state by heuristic 1.6067993288395583 2.8388871808893157e-10 
iteration: 109,  #states: 1215, valueb: 2.8388871808893157e-10, activeness: 1.6067993288395583, primalobj: 0.9999999978571328, dualobj: -Inf
solve--
end solve-- RelaxOptimal OPTIMAL
 weights_sum: 1.0
itereffortlevel: 0
--separating...
--find a better primal bound 1.6014948218010427 by Alternative descent Eigen
--found a cut state by heuristic 1.6014948218010427 2.5944113524190016e-10 
iteration: 110,  #states: 1216, valueb: 2.5944113524190016e-10, activeness: 1.6014948218010427, primalobj: 0.9999999997099123, dualobj: -Inf
solve--
end solve-- RelaxOptimal OPTIMAL
 weights_sum: 1.0
itereffortlevel: 0
--separating...
--find a better primal bound 1.721047480236252 by Alternative descent Eigen
--found a cut state by heuristic 1.721047480236252 2.4222819930419526e-12 
iteration: 111,  #states: 1217, valueb: 2.4222819930419526e-12, activeness: 1.721047480236252, primalobj: 0.9999999999935695, dualobj: -Inf
solve--
end solve-- RelaxOptimal OPTIMAL
 weights_sum: 1.0
itereffortlevel: 0
--separating...
--find a better primal bound 2.014900111939663 by Alternative descent Eigen
--found a cut state by heuristic 2.014900111939663 3.9091899162180255e-10 
iteration: 112,  #states: 1218, valueb: 3.9091899162180255e-10, activeness: 2.014900111939663, primalobj: 0.9999999996928289, dualobj: -Inf
solve--
end solve-- RelaxOptimal OPTIMAL
 weights_sum: 0.9999999999999999
itereffortlevel: 0
--separating...
--find a better primal bound 1.475631345547848 by Alternative descent Eigen
--found a cut state by heuristic 1.475631345547848 2.3633264095712647e-10 
iteration: 113,  #states: 1219, valueb: 2.3633264095712647e-10, activeness: 1.475631345547848, primalobj: 0.9999999995830722, dualobj: -Inf
solve--
end solve-- RelaxOptimal OPTIMAL
 weights_sum: 1.0
itereffortlevel: 0
--separating...
--find a better primal bound 3.5202734586809523 by Alternative descent Eigen
--found a cut state by heuristic 3.5202734586809523 9.307328519003732e-11 
iteration: 114,  #states: 1220, valueb: 9.307328519003732e-11, activeness: 3.5202734586809523, primalobj: 0.9999999996850345, dualobj: -Inf
solve--
end solve-- RelaxOptimal OPTIMAL
 weights_sum: 1.0
itereffortlevel: 0
--separating...
--find a better primal bound 2.532505121641634 by Alternative descent Eigen
--found a cut state by heuristic 2.532505121641634 1.6402434965812063e-12 
iteration: 115,  #states: 1221, valueb: 1.6402434965812063e-12, activeness: 2.532505121641634, primalobj: 0.9999999999946081, dualobj: -Inf
solve--
end solve-- RelaxOptimal OPTIMAL
 weights_sum: 1.0
itereffortlevel: 0
--separating...
--find a better primal bound 2.1278055156187534 by Alternative descent Eigen
--found a cut state by heuristic 2.1278055156187534 7.634052463095786e-9 
iteration: 116,  #states: 1222, valueb: 7.634052463095786e-9, activeness: 2.1278055156187534, primalobj: 0.9999999963662419, dualobj: -Inf
solve--
end solve-- RelaxOptimal OPTIMAL
 weights_sum: 1.0
itereffortlevel: 0
--separating...
--find a better primal bound 4.180873925748611 by Alternative descent Eigen
--found a cut state by heuristic 4.180873925748611 6.052625067809458e-11 
iteration: 117,  #states: 1223, valueb: 6.052625067809458e-11, activeness: 4.180873925748611, primalobj: 0.9999999998845905, dualobj: -Inf
solve--
end solve-- RelaxOptimal OPTIMAL
 weights_sum: 1.0
itereffortlevel: 0
--separating...
--find a better primal bound 2.7876805329112675 by Alternative descent Eigen
--found a cut state by heuristic 2.7876805329112675 5.5956135558421494e-11 
iteration: 118,  #states: 1224, valueb: 5.5956135558421494e-11, activeness: 2.7876805329112675, primalobj: 0.9999999998881762, dualobj: -Inf
solve--
end solve-- RelaxOptimal OPTIMAL
 weights_sum: 1.0
itereffortlevel: 0
--separating...
--find a better primal bound 2.0110609446827716 by Alternative descent Eigen
--found a cut state by heuristic 2.0110609446827716 1.0344447520793665e-10 
iteration: 119,  #states: 1225, valueb: 1.0344447520793665e-10, activeness: 2.0110609446827716, primalobj: 0.9999999998968269, dualobj: -Inf
solve--
end solve-- RelaxOptimal OPTIMAL
 weights_sum: 1.0
itereffortlevel: 0
--separating...
--find a better primal bound 3.126846059405076 by Alternative descent Eigen
--found a cut state by heuristic 3.126846059405076 3.411169818834381e-10 
iteration: 120,  #states: 1226, valueb: 3.411169818834381e-10, activeness: 3.126846059405076, primalobj: 0.9999999992537262, dualobj: -Inf
solve--
end solve-- RelaxOptimal OPTIMAL
 weights_sum: 1.0
itereffortlevel: 0
--separating...
--find a better primal bound 1.7957574726232042 by Alternative descent Eigen
--found a cut state by heuristic 1.7957574726232042 2.1872836875047597e-11 
iteration: 121,  #states: 1227, valueb: 2.1872836875047597e-11, activeness: 1.7957574726232042, primalobj: 0.9999999999964471, dualobj: -Inf
solve--
end solve-- RelaxOptimal OPTIMAL
 weights_sum: 1.0
itereffortlevel: 0
--separating...
--find a better primal bound 1.7415073812087414 by Alternative descent Eigen
--found a cut state by heuristic 1.7415073812087414 1.0009770790020411e-12 
iteration: 122,  #states: 1228, valueb: 1.0009770790020411e-12, activeness: 1.7415073812087414, primalobj: 0.9999999999951037, dualobj: -Inf
solve--
end solve-- RelaxOptimal OPTIMAL
 weights_sum: 1.0
itereffortlevel: 0
--separating...
--find a better primal bound 1.1788150475283778 by Alternative descent Eigen
--found a cut state by heuristic 1.1788150475283778 8.685163699340137e-12 
iteration: 123,  #states: 1229, valueb: 8.685163699340137e-12, activeness: 1.1788150475283778, primalobj: 0.9999999999982714, dualobj: -Inf
solve--
end solve-- RelaxOptimal OPTIMAL
 weights_sum: 0.9999999999999999
itereffortlevel: 0
--separating...
--find a better primal bound 1.833322069037258 by Alternative descent Eigen
--found a cut state by heuristic 1.833322069037258 5.715414252982498e-12 
iteration: 124,  #states: 1230, valueb: 5.715414252982498e-12, activeness: 1.833322069037258, primalobj: 0.9999999999986592, dualobj: -Inf
solve--
end solve-- RelaxOptimal OPTIMAL
 weights_sum: 1.0
itereffortlevel: 0
--separating...
--find a better primal bound 2.6419008621343365 by Alternative descent Eigen
--found a cut state by heuristic 2.6419008621343365 1.050503573019057e-10 
iteration: 125,  #states: 1231, valueb: 1.050503573019057e-10, activeness: 2.6419008621343365, primalobj: 0.9999999990904898, dualobj: -Inf
solve--
end solve-- RelaxOptimal OPTIMAL
 weights_sum: 0.9999999999999999
itereffortlevel: 0
--separating...
--find a better primal bound 1.9435953622711601 by Alternative descent Eigen
--found a cut state by heuristic 1.9435953622711601 3.756346483863027e-9 
iteration: 126,  #states: 1232, valueb: 3.756346483863027e-9, activeness: 1.9435953622711601, primalobj: 0.9999999969862126, dualobj: -Inf
solve--
end solve-- RelaxOptimal OPTIMAL
 weights_sum: 0.9999999999999999
itereffortlevel: 0
--separating...
--find a better primal bound 2.2960999646959337 by Alternative descent Eigen
--found a cut state by heuristic 2.2960999646959337 8.266003825863066e-9 
iteration: 127,  #states: 1233, valueb: 8.266003825863066e-9, activeness: 2.2960999646959337, primalobj: 0.9999999937413142, dualobj: -Inf
solve--
end solve-- RelaxOptimal OPTIMAL
 weights_sum: 1.0
itereffortlevel: 0
--separating...
--find a better primal bound 1.0822518878071465 by Alternative descent Eigen
--found a cut state by heuristic 1.0822518878071465 8.261539299891929e-9 
iteration: 128,  #states: 1234, valueb: 8.261539299891929e-9, activeness: 1.0822518878071465, primalobj: 0.9999999915938317, dualobj: -Inf
solve--
end solve-- RelaxOptimal OPTIMAL
 weights_sum: 1.0
itereffortlevel: 0
--separating...
--find a better primal bound 2.4550589317176863 by Alternative descent Eigen
--found a cut state by heuristic 2.4550589317176863 3.624821699743652e-9 
iteration: 129,  #states: 1235, valueb: 3.624821699743652e-9, activeness: 2.4550589317176863, primalobj: 0.9999999969947264, dualobj: -Inf
solve--
end solve-- RelaxOptimal OPTIMAL
 weights_sum: 1.0
itereffortlevel: 0
--separating...
--find a better primal bound 3.4269442448317697 by Alternative descent Eigen
--found a cut state by heuristic 3.4269442448317697 4.13983958225117e-10 
iteration: 130,  #states: 1236, valueb: 4.13983958225117e-10, activeness: 3.4269442448317697, primalobj: 0.9999999996350251, dualobj: -Inf
solve--
end solve-- RelaxOptimal OPTIMAL
 weights_sum: 1.0
itereffortlevel: 0
--separating...
--find a better primal bound 2.5577127149937535 by Alternative descent Eigen
--found a cut state by heuristic 2.5577127149937535 3.7214675785435247e-13 
iteration: 131,  #states: 1237, valueb: 3.7214675785435247e-13, activeness: 2.5577127149937535, primalobj: 0.9999999999830665, dualobj: -Inf
solve--
end solve-- RelaxOptimal OPTIMAL
 weights_sum: 1.0
itereffortlevel: 0
--separating...
--find a better primal bound 2.206299754922223 by Alternative descent Eigen
--found a cut state by heuristic 2.206299754922223 3.4372504842394846e-12 
iteration: 132,  #states: 1238, valueb: 3.4372504842394846e-12, activeness: 2.206299754922223, primalobj: 0.9999999999867557, dualobj: -Inf
solve--
end solve-- RelaxOptimal OPTIMAL
 weights_sum: 1.0
itereffortlevel: 0
--separating...
--find a better primal bound 1.4982431208493034 by Alternative descent Eigen
--found a cut state by heuristic 1.4982431208493034 4.360113346757455e-10 
iteration: 133,  #states: 1239, valueb: 4.360113346757455e-10, activeness: 1.4982431208493034, primalobj: 0.9999999997915088, dualobj: -Inf
solve--
end solve-- RelaxOptimal OPTIMAL
 weights_sum: 1.0
itereffortlevel: 0
--separating...
--find a better primal bound 3.1658685665744875 by Alternative descent Eigen
--found a cut state by heuristic 3.1658685665744875 1.3236687107509582e-8 
iteration: 134,  #states: 1240, valueb: 1.3236687107509582e-8, activeness: 3.1658685665744875, primalobj: 0.9999999980312859, dualobj: -Inf
solve--
end solve-- RelaxOptimal OPTIMAL
 weights_sum: 1.0
itereffortlevel: 0
--separating...
--find a better primal bound 2.293274107128468 by Alternative descent Eigen
--found a cut state by heuristic 2.293274107128468 2.133401094672749e-9 
iteration: 135,  #states: 1241, valueb: 2.133401094672749e-9, activeness: 2.293274107128468, primalobj: 0.9999999996215423, dualobj: -Inf
solve--
end solve-- RelaxOptimal OPTIMAL
 weights_sum: 1.0
itereffortlevel: 0
--separating...
--find a better primal bound 2.1261961894316803 by Alternative descent Eigen
--found a cut state by heuristic 2.1261961894316803 8.171874676943247e-9 
iteration: 136,  #states: 1242, valueb: 8.171874676943247e-9, activeness: 2.1261961894316803, primalobj: 0.9999999910446107, dualobj: -Inf
solve--
end solve-- RelaxOptimal OPTIMAL
 weights_sum: 1.0
itereffortlevel: 0
--separating...
--find a better primal bound 1.6521492785931975 by Alternative descent Eigen
--found a cut state by heuristic 1.6521492785931975 1.112010483694803e-11 
iteration: 137,  #states: 1243, valueb: 1.112010483694803e-11, activeness: 1.6521492785931975, primalobj: 0.9999999999686172, dualobj: -Inf
solve--
end solve-- RelaxOptimal OPTIMAL
 weights_sum: 1.0
itereffortlevel: 0
--separating...
--find a better primal bound 3.46760758623419 by Alternative descent Eigen
--found a cut state by heuristic 3.46760758623419 4.063060998760193e-11 
iteration: 138,  #states: 1244, valueb: 4.063060998760193e-11, activeness: 3.46760758623419, primalobj: 0.9999999999173559, dualobj: -Inf
solve--
end solve-- RelaxOptimal OPTIMAL
 weights_sum: 1.0
itereffortlevel: 0
--separating...
--find a better primal bound 2.2561139651055653 by Alternative descent Eigen
--found a cut state by heuristic 2.2561139651055653 3.4479252786212555e-11 
iteration: 139,  #states: 1245, valueb: 3.4479252786212555e-11, activeness: 2.2561139651055653, primalobj: 0.9999999998150286, dualobj: -Inf
solve--
end solve-- RelaxOptimal OPTIMAL
 weights_sum: 0.9999999999999999
itereffortlevel: 0
--separating...
--find a better primal bound 2.5509261884181327 by Alternative descent Eigen
--found a cut state by heuristic 2.5509261884181327 -2.703171020357331e-11 
iteration: 140,  #states: 1246, valueb: -2.703171020357331e-11, activeness: 2.5509261884181327, primalobj: 0.9999999996284934, dualobj: -Inf
solve--
end solve-- RelaxOptimal OPTIMAL
 weights_sum: 1.0
itereffortlevel: 0
--separating...
--find a better primal bound 1.9408297749898187 by Alternative descent Eigen
--found a cut state by heuristic 1.9408297749898187 -6.27939436559366e-11 
iteration: 141,  #states: 1247, valueb: -6.27939436559366e-11, activeness: 1.9408297749898187, primalobj: 0.9999999994392013, dualobj: -Inf
solve--
end solve-- RelaxOptimal OPTIMAL
 weights_sum: 1.0
itereffortlevel: 0
--separating...
--find a better primal bound 2.0720810964426724 by Alternative descent Eigen
--found a cut state by heuristic 2.0720810964426724 1.3130607712241726e-12 
iteration: 142,  #states: 1248, valueb: 1.3130607712241726e-12, activeness: 2.0720810964426724, primalobj: 0.9999999999994093, dualobj: -Inf
solve--
end solve-- RelaxOptimal OPTIMAL
 weights_sum: 1.0
itereffortlevel: 0
--separating...
--find a better primal bound 1.424230305947832 by Alternative descent Eigen
--found a cut state by heuristic 1.424230305947832 1.5486778526252465e-12 
iteration: 143,  #states: 1249, valueb: 1.5486778526252465e-12, activeness: 1.424230305947832, primalobj: 0.9999999999982053, dualobj: -Inf
solve--
end solve-- RelaxOptimal OPTIMAL
 weights_sum: 1.0
itereffortlevel: 0
--separating...
--find a better primal bound 2.236621658349154 by Alternative descent Eigen
--found a cut state by heuristic 2.236621658349154 3.967779993452325e-10 
iteration: 144,  #states: 1250, valueb: 3.967779993452325e-10, activeness: 2.236621658349154, primalobj: 0.9999999996649561, dualobj: -Inf
solve--
end solve-- RelaxOptimal OPTIMAL
 weights_sum: 1.0
itereffortlevel: 0
--separating...
--find a better primal bound 1.827223083501913 by Alternative descent Eigen
--found a cut state by heuristic 1.827223083501913 -8.5716282162418e-12 
iteration: 145,  #states: 1251, valueb: -8.5716282162418e-12, activeness: 1.827223083501913, primalobj: 0.9999999998055833, dualobj: -Inf
solve--
end solve-- RelaxOptimal OPTIMAL
 weights_sum: 1.0
itereffortlevel: 0
--separating...
--find a better primal bound 4.707950137407941 by Alternative descent Eigen
--found a cut state by heuristic 4.707950137407941 -1.8474555218972455e-11 
iteration: 146,  #states: 1252, valueb: -1.8474555218972455e-11, activeness: 4.707950137407941, primalobj: 0.9999999998566127, dualobj: -Inf
solve--
end solve-- RelaxOptimal OPTIMAL
 weights_sum: 1.0
itereffortlevel: 0
--separating...
--find a better primal bound 2.6017742739385215 by Alternative descent Eigen
--found a cut state by heuristic 2.6017742739385215 1.4531798181449673e-8 
iteration: 147,  #states: 1253, valueb: 1.4531798181449673e-8, activeness: 2.6017742739385215, primalobj: 0.9999999981004928, dualobj: -Inf
solve--
end solve-- RelaxOptimal OPTIMAL
 weights_sum: 1.0
itereffortlevel: 0
--separating...
--find a better primal bound 1.617855274855164 by Alternative descent Eigen
--found a cut state by heuristic 1.617855274855164 -2.347899652477281e-11 
iteration: 148,  #states: 1254, valueb: -2.347899652477281e-11, activeness: 1.617855274855164, primalobj: 0.9999999997994438, dualobj: -Inf
solve--
end solve-- RelaxOptimal OPTIMAL
 weights_sum: 0.9999999999999999
itereffortlevel: 0
--separating...
--find a better primal bound 4.299562026049782 by Alternative descent Eigen
--found a cut state by heuristic 4.299562026049782 3.3850448416528067e-9 
iteration: 149,  #states: 1255, valueb: 3.3850448416528067e-9, activeness: 4.299562026049782, primalobj: 0.9999999987112638, dualobj: -Inf
solve--
end solve-- RelaxOptimal OPTIMAL
 weights_sum: 1.0
itereffortlevel: 0
--separating...
--find a better primal bound 2.325340422176194 by Alternative descent Eigen
--found a cut state by heuristic 2.325340422176194 2.4710495524771225e-9 
iteration: 150,  #states: 1256, valueb: 2.4710495524771225e-9, activeness: 2.325340422176194, primalobj: 0.9999999968085184, dualobj: -Inf
solve--
end solve-- RelaxOptimal OPTIMAL
 weights_sum: 1.0
itereffortlevel: 0
--separating...
--find a better primal bound 3.158380760029514 by Alternative descent Eigen
--found a cut state by heuristic 3.158380760029514 1.4663155828431584e-9 
iteration: 151,  #states: 1257, valueb: 1.4663155828431584e-9, activeness: 3.158380760029514, primalobj: 0.9999999995434663, dualobj: -Inf
solve--
end solve-- RelaxOptimal OPTIMAL
 weights_sum: 1.0
itereffortlevel: 0
--separating...
--find a better primal bound 2.1002374683202585 by Alternative descent Eigen
--found a cut state by heuristic 2.1002374683202585 1.2933620840982485e-9 
iteration: 152,  #states: 1258, valueb: 1.2933620840982485e-9, activeness: 2.1002374683202585, primalobj: 0.9999999991736439, dualobj: -Inf
solve--
end solve-- RelaxOptimal OPTIMAL
 weights_sum: 1.0
itereffortlevel: 0
--separating...
--find a better primal bound 3.5747533484824427 by Alternative descent Eigen
--found a cut state by heuristic 3.5747533484824427 4.127864716707563e-12 
iteration: 153,  #states: 1259, valueb: 4.127864716707563e-12, activeness: 3.5747533484824427, primalobj: 0.9999999999934768, dualobj: -Inf
solve--
end solve-- RelaxOptimal OPTIMAL
 weights_sum: 1.0
itereffortlevel: 0
--separating...
--find a better primal bound 2.094659857670125 by Alternative descent Eigen
--found a cut state by heuristic 2.094659857670125 1.4682499438478658e-8 
iteration: 154,  #states: 1260, valueb: 1.4682499438478658e-8, activeness: 2.094659857670125, primalobj: 0.9999999969412176, dualobj: -Inf
solve--
end solve-- RelaxOptimal OPTIMAL
 weights_sum: 1.0
itereffortlevel: 0
--separating...
--find a better primal bound 1.7745708473201647 by Alternative descent Eigen
--found a cut state by heuristic 1.7745708473201647 9.515612915678151e-10 
iteration: 155,  #states: 1261, valueb: 9.515612915678151e-10, activeness: 1.7745708473201647, primalobj: 0.9999999982994298, dualobj: -Inf
solve--
end solve-- RelaxOptimal OPTIMAL
 weights_sum: 1.0
itereffortlevel: 0
--separating...
--find a better primal bound 2.1362562095786415 by Alternative descent Eigen
--found a cut state by heuristic 2.1362562095786415 2.019270287090258e-8 
iteration: 156,  #states: 1262, valueb: 2.019270287090258e-8, activeness: 2.1362562095786415, primalobj: 0.9999999952029633, dualobj: -Inf
solve--
end solve-- RelaxOptimal OPTIMAL
 weights_sum: 1.0
itereffortlevel: 0
--separating...
--find a better primal bound 3.6587797124700083 by Alternative descent Eigen
--found a cut state by heuristic 3.6587797124700083 1.638156277294911e-11 
iteration: 157,  #states: 1263, valueb: 1.638156277294911e-11, activeness: 3.6587797124700083, primalobj: 0.9999999999962846, dualobj: -Inf
solve--
end solve-- RelaxOptimal OPTIMAL
 weights_sum: 1.0
itereffortlevel: 0
--separating...
--find a better primal bound 2.1678173796864844 by Alternative descent Eigen
--found a cut state by heuristic 2.1678173796864844 8.491318759240585e-12 
iteration: 158,  #states: 1264, valueb: 8.491318759240585e-12, activeness: 2.1678173796864844, primalobj: 0.999999999996023, dualobj: -Inf
solve--
end solve-- RelaxOptimal OPTIMAL
 weights_sum: 1.0
itereffortlevel: 0
--separating...
--find a better primal bound 2.9761975222065606 by Alternative descent Eigen
--found a cut state by heuristic 2.9761975222065606 2.4067345338885104e-11 
iteration: 159,  #states: 1265, valueb: 2.4067345338885104e-11, activeness: 2.9761975222065606, primalobj: 0.9999999999456948, dualobj: -Inf
solve--
end solve-- RelaxOptimal OPTIMAL
 weights_sum: 1.0
itereffortlevel: 0
--separating...
--find a better primal bound 1.675947420508955 by Alternative descent Eigen
--found a cut state by heuristic 1.675947420508955 7.487647057935476e-9 
iteration: 160,  #states: 1266, valueb: 7.487647057935476e-9, activeness: 1.675947420508955, primalobj: 0.9999999935573874, dualobj: -Inf
solve--
end solve-- RelaxOptimal OPTIMAL
 weights_sum: 1.0
itereffortlevel: 0
--separating...
--find a better primal bound 2.342398451518845 by Alternative descent Eigen
--found a cut state by heuristic 2.342398451518845 4.176842725855945e-10 
iteration: 161,  #states: 1267, valueb: 4.176842725855945e-10, activeness: 2.342398451518845, primalobj: 0.9999999995814559, dualobj: -Inf
solve--
end solve-- RelaxOptimal OPTIMAL
 weights_sum: 1.0
itereffortlevel: 0
--separating...
--find a better primal bound 2.4105904804724183 by Alternative descent Eigen
--found a cut state by heuristic 2.4105904804724183 9.531664346695834e-11 
iteration: 162,  #states: 1268, valueb: 9.531664346695834e-11, activeness: 2.4105904804724183, primalobj: 0.999999999867327, dualobj: -Inf
solve--
end solve-- RelaxOptimal OPTIMAL
 weights_sum: 1.0
itereffortlevel: 0
--separating...
--find a better primal bound 3.6738940753467855 by Alternative descent Eigen
--found a cut state by heuristic 3.6738940753467855 3.313193358556177e-9 
iteration: 163,  #states: 1269, valueb: 3.313193358556177e-9, activeness: 3.6738940753467855, primalobj: 0.9999999989805199, dualobj: -Inf
solve--
end solve-- RelaxOptimal OPTIMAL
 weights_sum: 1.0
itereffortlevel: 0
--separating...
--find a better primal bound 4.4122868535448605 by Alternative descent Eigen
--found a cut state by heuristic 4.4122868535448605 9.932093134046305e-9 
iteration: 164,  #states: 1270, valueb: 9.932093134046305e-9, activeness: 4.4122868535448605, primalobj: 0.9999999961668911, dualobj: -Inf
solve--
end solve-- RelaxOptimal OPTIMAL
 weights_sum: 1.0
itereffortlevel: 0
--separating...
--find a better primal bound 1.8953598566622727 by Alternative descent Eigen
--found a cut state by heuristic 1.8953598566622727 1.2469525412228677e-9 
iteration: 165,  #states: 1271, valueb: 1.2469525412228677e-9, activeness: 1.8953598566622727, primalobj: 0.9999999954310614, dualobj: -Inf
solve--
end solve-- RelaxOptimal OPTIMAL
 weights_sum: 1.0
itereffortlevel: 0
--separating...
--find a better primal bound 2.0431532693139762 by Alternative descent Eigen
--found a cut state by heuristic 2.0431532693139762 5.716568551861201e-9 
iteration: 166,  #states: 1272, valueb: 5.716568551861201e-9, activeness: 2.0431532693139762, primalobj: 0.9999999971460436, dualobj: -Inf
solve--
end solve-- RelaxOptimal OPTIMAL
 weights_sum: 1.0
itereffortlevel: 0
--separating...
--find a better primal bound 3.4888079588233616 by Alternative descent Eigen
--found a cut state by heuristic 3.4888079588233616 -1.40567002482328e-10 
iteration: 167,  #states: 1273, valueb: -1.40567002482328e-10, activeness: 3.4888079588233616, primalobj: 0.9999999932504687, dualobj: -Inf
solve--
end solve-- RelaxOptimal OPTIMAL
 weights_sum: 1.0
itereffortlevel: 0
--separating...
--find a better primal bound 1.9972766143084049 by Alternative descent Eigen
--found a cut state by heuristic 1.9972766143084049 2.8344261021606698e-8 
iteration: 168,  #states: 1274, valueb: 2.8344261021606698e-8, activeness: 1.9972766143084049, primalobj: 0.9999999939906279, dualobj: -Inf
solve--
end solve-- RelaxOptimal OPTIMAL
 weights_sum: 1.0
itereffortlevel: 0
--separating...
--find a better primal bound 2.088796461860169 by Alternative descent Eigen
--found a cut state by heuristic 2.088796461860169 5.124399682365777e-9 
iteration: 169,  #states: 1275, valueb: 5.124399682365777e-9, activeness: 2.088796461860169, primalobj: 0.9999999965596301, dualobj: -Inf
solve--
end solve-- RelaxOptimal OPTIMAL
 weights_sum: 0.9999999999999999
itereffortlevel: 0
--separating...
--find a better primal bound 3.444438868323671 by Alternative descent Eigen
--found a cut state by heuristic 3.444438868323671 6.095918214654716e-11 
iteration: 170,  #states: 1276, valueb: 6.095918214654716e-11, activeness: 3.444438868323671, primalobj: 0.9999999999658822, dualobj: -Inf
solve--
end solve-- RelaxOptimal OPTIMAL
 weights_sum: 1.0
itereffortlevel: 0
--separating...
--find a better primal bound 2.2184181683709254 by Alternative descent Eigen
--found a cut state by heuristic 2.2184181683709254 1.7335095914283727e-8 
iteration: 171,  #states: 1277, valueb: 1.7335095914283727e-8, activeness: 2.2184181683709254, primalobj: 0.9999999937917439, dualobj: -Inf
solve--
end solve-- RelaxOptimal OPTIMAL
 weights_sum: 1.0
itereffortlevel: 0
--separating...
--find a better primal bound 1.712993668027016 by Alternative descent Eigen
--found a cut state by heuristic 1.712993668027016 7.738204743645838e-9 
iteration: 172,  #states: 1278, valueb: 7.738204743645838e-9, activeness: 1.712993668027016, primalobj: 0.9999999866745388, dualobj: -Inf
solve--
end solve-- RelaxOptimal OPTIMAL
 weights_sum: 1.0
itereffortlevel: 0
--separating...
--find a better primal bound 1.9426025817321189 by Alternative descent Eigen
--found a cut state by heuristic 1.9426025817321189 6.713791633750077e-9 
iteration: 173,  #states: 1279, valueb: 6.713791633750077e-9, activeness: 1.9426025817321189, primalobj: 0.9999999945320652, dualobj: -Inf
solve--
end solve-- RelaxOptimal OPTIMAL
 weights_sum: 1.0
itereffortlevel: 0
--separating...
--find a better primal bound 3.100074111622682 by Alternative descent Eigen
--found a cut state by heuristic 3.100074111622682 4.722316315763919e-9 
iteration: 174,  #states: 1280, valueb: 4.722316315763919e-9, activeness: 3.100074111622682, primalobj: 0.9999999959393372, dualobj: -Inf
solve--
end solve-- RelaxOptimal OPTIMAL
 weights_sum: 1.0
itereffortlevel: 0
--separating...
--find a better primal bound 1.550616437616424 by Alternative descent Eigen
--found a cut state by heuristic 1.550616437616424 1.1348772976926824e-8 
iteration: 175,  #states: 1281, valueb: 1.1348772976926824e-8, activeness: 1.550616437616424, primalobj: 0.9999999961605988, dualobj: -Inf
solve--
end solve-- RelaxOptimal OPTIMAL
 weights_sum: 1.0
itereffortlevel: 0
--separating...
--find a better primal bound 2.5650591915150054 by Alternative descent Eigen
--found a cut state by heuristic 2.5650591915150054 1.9146206842179936e-9 
iteration: 176,  #states: 1282, valueb: 1.9146206842179936e-9, activeness: 2.5650591915150054, primalobj: 0.9999999986527406, dualobj: -Inf
solve--
end solve-- RelaxOptimal OPTIMAL
 weights_sum: 0.9999999999999999
itereffortlevel: 0
--separating...
--find a better primal bound 2.331389310790375 by Alternative descent Eigen
--found a cut state by heuristic 2.331389310790375 9.269902932068641e-9 
iteration: 177,  #states: 1283, valueb: 9.269902932068641e-9, activeness: 2.331389310790375, primalobj: 0.9999999954784455, dualobj: -Inf
solve--
end solve-- RelaxOptimal OPTIMAL
 weights_sum: 1.0
itereffortlevel: 0
--separating...
--find a better primal bound 1.8435375167719386 by Alternative descent Eigen
--found a cut state by heuristic 1.8435375167719386 5.1276975443492745e-9 
iteration: 178,  #states: 1284, valueb: 5.1276975443492745e-9, activeness: 1.8435375167719386, primalobj: 0.9999999977001779, dualobj: -Inf
solve--
end solve-- RelaxOptimal OPTIMAL
 weights_sum: 0.9999999999999999
itereffortlevel: 0
--separating...
--find a better primal bound 3.4830376028511107 by Alternative descent Eigen
--found a cut state by heuristic 3.4830376028511107 5.430897002944857e-9 
iteration: 179,  #states: 1285, valueb: 5.430897002944857e-9, activeness: 3.4830376028511107, primalobj: 0.9999999953200536, dualobj: -Inf
solve--
end solve-- RelaxOptimal OPTIMAL
 weights_sum: 0.9999999999999999
itereffortlevel: 0
--separating...
--find a better primal bound 2.8836995733038275 by Alternative descent Eigen
--found a cut state by heuristic 2.8836995733038275 2.4525784181328447e-10 
iteration: 180,  #states: 1286, valueb: 2.4525784181328447e-10, activeness: 2.8836995733038275, primalobj: 0.9999999988850354, dualobj: -Inf
solve--
end solve-- RelaxOptimal OPTIMAL
 weights_sum: 1.0
itereffortlevel: 0
--separating...
--find a better primal bound 1.7545172301076004 by Alternative descent Eigen
--found a cut state by heuristic 1.7545172301076004 7.463717144329252e-13 
iteration: 181,  #states: 1287, valueb: 7.463717144329252e-13, activeness: 1.7545172301076004, primalobj: 0.9999999999989844, dualobj: -Inf
solve--
end solve-- RelaxOptimal OPTIMAL
 weights_sum: 1.0
itereffortlevel: 0
--separating...
--find a better primal bound 2.589694022424957 by Alternative descent Eigen
--found a cut state by heuristic 2.589694022424957 2.8228491863457883e-8 
iteration: 182,  #states: 1288, valueb: 2.8228491863457883e-8, activeness: 2.589694022424957, primalobj: 0.9999999903399333, dualobj: -Inf
solve--
end solve-- RelaxOptimal OPTIMAL
 weights_sum: 1.0
itereffortlevel: 0
--separating...
--find a better primal bound 3.645362042529807 by Alternative descent Eigen
--found a cut state by heuristic 3.645362042529807 5.3446136405455036e-12 
iteration: 183,  #states: 1289, valueb: 5.3446136405455036e-12, activeness: 3.645362042529807, primalobj: 0.9999999999655012, dualobj: -Inf
solve--
end solve-- RelaxOptimal OPTIMAL
 weights_sum: 1.0
itereffortlevel: 0
--separating...
--find a better primal bound 4.247750212512914 by Alternative descent Eigen
--found a cut state by heuristic 4.247750212512914 1.70174985214544e-12 
iteration: 184,  #states: 1290, valueb: 1.70174985214544e-12, activeness: 4.247750212512914, primalobj: 0.9999999999976839, dualobj: -Inf
solve--
end solve-- RelaxOptimal OPTIMAL
 weights_sum: 1.0
itereffortlevel: 0
--separating...
--find a better primal bound 3.003760367759908 by Alternative descent Eigen
--found a cut state by heuristic 3.003760367759908 4.884981308350689e-13 
iteration: 185,  #states: 1291, valueb: 4.884981308350689e-13, activeness: 3.003760367759908, primalobj: 0.9999999999853507, dualobj: -Inf
solve--
end solve-- RelaxOptimal OPTIMAL
 weights_sum: 1.0
itereffortlevel: 0
--separating...
--find a better primal bound 1.5647445786424552 by Alternative descent Eigen
--found a cut state by heuristic 1.5647445786424552 4.9157864168147825e-9 
iteration: 186,  #states: 1292, valueb: 4.9157864168147825e-9, activeness: 1.5647445786424552, primalobj: 0.9999999967397483, dualobj: -Inf
solve--
end solve-- RelaxOptimal OPTIMAL
 weights_sum: 1.0
itereffortlevel: 0
--separating...
--find a better primal bound 4.401082204503651 by Alternative descent Eigen
--found a cut state by heuristic 4.401082204503651 8.57566878620375e-9 
iteration: 187,  #states: 1293, valueb: 8.57566878620375e-9, activeness: 4.401082204503651, primalobj: 0.9999999922617303, dualobj: -Inf
solve--
end solve-- RelaxOptimal OPTIMAL
 weights_sum: 1.0
itereffortlevel: 0
--separating...
--find a better primal bound 3.058796079436834 by Alternative descent Eigen
--found a cut state by heuristic 3.058796079436834 1.3920023633762213e-8 
iteration: 188,  #states: 1294, valueb: 1.3920023633762213e-8, activeness: 3.058796079436834, primalobj: 0.9999999839815995, dualobj: -Inf
solve--
end solve-- RelaxOptimal OPTIMAL
 weights_sum: 1.0
itereffortlevel: 0
--separating...
--find a better primal bound 4.15145692188522 by Alternative descent Eigen
--found a cut state by heuristic 4.15145692188522 9.110256993238863e-11 
iteration: 189,  #states: 1295, valueb: 9.110256993238863e-11, activeness: 4.15145692188522, primalobj: 0.9999999996627381, dualobj: -Inf
solve--
end solve-- RelaxOptimal OPTIMAL
 weights_sum: 1.0
itereffortlevel: 0
--separating...
--find a better primal bound 3.7800498121908115 by Alternative descent Eigen
--found a cut state by heuristic 3.7800498121908115 3.260493652845753e-9 
iteration: 190,  #states: 1296, valueb: 3.260493652845753e-9, activeness: 3.7800498121908115, primalobj: 0.9999999910006327, dualobj: -Inf
solve--
end solve-- RelaxOptimal OPTIMAL
 weights_sum: 1.0
itereffortlevel: 0
--separating...
--find a better primal bound 5.320333384789742 by Alternative descent Eigen
--found a cut state by heuristic 5.320333384789742 3.990675345733052e-9 
iteration: 191,  #states: 1297, valueb: 3.990675345733052e-9, activeness: 5.320333384789742, primalobj: 0.9999999989603305, dualobj: -Inf
solve--
end solve-- RelaxOptimal OPTIMAL
 weights_sum: 1.0
itereffortlevel: 0
--separating...
--find a better primal bound 3.8582020497292997 by Alternative descent Eigen
--found a cut state by heuristic 3.8582020497292997 7.229866982871869e-10 
iteration: 192,  #states: 1298, valueb: 7.229866982871869e-10, activeness: 3.8582020497292997, primalobj: 0.99999999739191, dualobj: -Inf
solve--
end solve-- RelaxOptimal OPTIMAL
 weights_sum: 1.0
itereffortlevel: 0
--separating...
--find a better primal bound 4.10998505930107 by Alternative descent Eigen
--found a cut state by heuristic 4.10998505930107 2.9992559547054043e-9 
iteration: 193,  #states: 1299, valueb: 2.9992559547054043e-9, activeness: 4.10998505930107, primalobj: 0.9999999991390536, dualobj: -Inf
solve--
end solve-- RelaxOptimal OPTIMAL
 weights_sum: 1.0
itereffortlevel: 0
--separating...
--find a better primal bound 1.7552585723619767 by Alternative descent Eigen
--found a cut state by heuristic 1.7552585723619767 1.136189475836602e-10 
iteration: 194,  #states: 1300, valueb: 1.136189475836602e-10, activeness: 1.7552585723619767, primalobj: 0.9999999970914124, dualobj: -Inf
solve--
end solve-- RelaxOptimal OPTIMAL
 weights_sum: 1.0
itereffortlevel: 0
--separating...
--find a better primal bound 2.6301154658409125 by Alternative descent Eigen
--found a cut state by heuristic 2.6301154658409125 8.199940726427712e-12 
iteration: 195,  #states: 1301, valueb: 8.199940726427712e-12, activeness: 2.6301154658409125, primalobj: 0.9999999999972127, dualobj: -Inf
solve--
end solve-- RelaxOptimal OPTIMAL
 weights_sum: 1.0
itereffortlevel: 0
--separating...
--find a better primal bound 5.577040716033693 by Alternative descent Eigen
--found a cut state by heuristic 5.577040716033693 8.170311649458029e-10 
iteration: 196,  #states: 1302, valueb: 8.170311649458029e-10, activeness: 5.577040716033693, primalobj: 0.9999999992737498, dualobj: -Inf
solve--
end solve-- RelaxOptimal OPTIMAL
 weights_sum: 1.0
itereffortlevel: 0
--separating...
--find a better primal bound 3.853513725177976 by Alternative descent Eigen
--found a cut state by heuristic 3.853513725177976 3.722899211133779e-10 
iteration: 197,  #states: 1303, valueb: 3.722899211133779e-10, activeness: 3.853513725177976, primalobj: 0.9999999996901443, dualobj: -Inf
solve--
end solve-- RelaxOptimal OPTIMAL
 weights_sum: 1.0
itereffortlevel: 0
--separating...
--find a better primal bound 5.619020984081379 by Alternative descent Eigen
--found a cut state by heuristic 5.619020984081379 2.593527670402551e-9 
iteration: 198,  #states: 1304, valueb: 2.593527670402551e-9, activeness: 5.619020984081379, primalobj: 0.9999999995847934, dualobj: -Inf
solve--
end solve-- RelaxOptimal OPTIMAL
 weights_sum: 0.9999999999999999
itereffortlevel: 0
--separating...
--find a better primal bound 6.818249272570063 by Alternative descent Eigen
--found a cut state by heuristic 6.818249272570063 1.3036256518716982e-9 
iteration: 199,  #states: 1305, valueb: 1.3036256518716982e-9, activeness: 6.818249272570063, primalobj: 0.9999999987279472, dualobj: -Inf
solve--
end solve-- RelaxOptimal OPTIMAL
 weights_sum: 1.0
itereffortlevel: 0
--separating...
--find a better primal bound 3.7983787121920005 by Alternative descent Eigen
--found a cut state by heuristic 3.7983787121920005 9.476509854611237e-12 
iteration: 200,  #states: 1306, valueb: 9.476509854611237e-12, activeness: 3.7983787121920005, primalobj: 0.9999999999958769, dualobj: -Inf
solve--
end solve-- RelaxOptimal OPTIMAL
 weights_sum: 0.9999999999999999
itereffortlevel: 0
--separating...
--find a better primal bound 2.9976241947922384 by Alternative descent Eigen
--found a cut state by heuristic 2.9976241947922384 5.888174808843516e-10 
iteration: 201,  #states: 1307, valueb: 5.888174808843516e-10, activeness: 2.9976241947922384, primalobj: 0.9999999995973267, dualobj: -Inf
solve--
end solve-- RelaxOptimal OPTIMAL
 weights_sum: 1.0
itereffortlevel: 0
--separating...
--find a better primal bound 5.841349411533326 by Alternative descent Eigen
--found a cut state by heuristic 5.841349411533326 3.818271920863481e-9 
iteration: 202,  #states: 1308, valueb: 3.818271920863481e-9, activeness: 5.841349411533326, primalobj: 0.9999999981917371, dualobj: -Inf
solve--
end solve-- RelaxOptimal OPTIMAL
 weights_sum: 1.0
itereffortlevel: 0
--separating...
--find a better primal bound 4.136065156719784 by Alternative descent Eigen
--found a cut state by heuristic 4.136065156719784 1.6473930830596117e-8 
iteration: 203,  #states: 1309, valueb: 1.6473930830596117e-8, activeness: 4.136065156719784, primalobj: 0.9999999871313914, dualobj: -Inf
solve--
end solve-- RelaxOptimal OPTIMAL
 weights_sum: 1.0
itereffortlevel: 0
--separating...
--find a better primal bound 11.322634620205783 by Alternative descent Eigen
--found a cut state by heuristic 11.322634620205783 6.991689449620253e-10 
iteration: 204,  #states: 1310, valueb: 6.991689449620253e-10, activeness: 11.322634620205783, primalobj: 0.999999998938367, dualobj: -Inf
solve--
end solve-- RelaxOptimal OPTIMAL
 weights_sum: 1.0
itereffortlevel: 0
--separating...
--find a better primal bound 2.784313906470224 by Alternative descent Eigen
--found a cut state by heuristic 2.784313906470224 1.5744909792614337e-8 
iteration: 205,  #states: 1311, valueb: 1.5744909792614337e-8, activeness: 2.784313906470224, primalobj: 0.9999999845231531, dualobj: -Inf
solve--
end solve-- RelaxOptimal OPTIMAL
 weights_sum: 1.0
itereffortlevel: 0
--separating...
--find a better primal bound 4.034971873973966 by Alternative descent Eigen
--found a cut state by heuristic 4.034971873973966 4.1009130535840654e-9 
iteration: 206,  #states: 1312, valueb: 4.1009130535840654e-9, activeness: 4.034971873973966, primalobj: 0.9999999905412242, dualobj: -Inf
solve--
end solve-- RelaxOptimal OPTIMAL
 weights_sum: 1.0
itereffortlevel: 0
--separating...
--find a better primal bound 5.975963151499697 by Alternative descent Eigen
--found a cut state by heuristic 5.975963151499697 3.3582819684851994e-12 
iteration: 207,  #states: 1313, valueb: 3.3582819684851994e-12, activeness: 5.975963151499697, primalobj: 0.9999999999949402, dualobj: -Inf
solve--
end solve-- RelaxOptimal OPTIMAL
 weights_sum: 1.0
itereffortlevel: 0
--separating...
--find a better primal bound 4.60251099837004 by Alternative descent Eigen
--found a cut state by heuristic 4.60251099837004 3.107247792399903e-11 
iteration: 208,  #states: 1314, valueb: 3.107247792399903e-11, activeness: 4.60251099837004, primalobj: 0.9999999998579551, dualobj: -Inf
solve--
end solve-- RelaxOptimal OPTIMAL
 weights_sum: 1.0
itereffortlevel: 0
--separating...
--find a better primal bound 4.834621435266532 by Alternative descent Eigen
--found a cut state by heuristic 4.834621435266532 1.520763959206306e-9 
iteration: 209,  #states: 1315, valueb: 1.520763959206306e-9, activeness: 4.834621435266532, primalobj: 0.9999999949370015, dualobj: -Inf
solve--
end solve-- RelaxOptimal OPTIMAL
 weights_sum: 1.0
itereffortlevel: 0
--separating...
--find a better primal bound 25.259293524449404 by Alternative descent Eigen
--found a cut state by heuristic 25.259293524449404 -1.859401521642212e-12 
iteration: 210,  #states: 1316, valueb: -1.859401521642212e-12, activeness: 25.259293524449404, primalobj: 0.999999999931526, dualobj: -Inf
solve--
end solve-- RelaxOptimal OPTIMAL
 weights_sum: 1.0
itereffortlevel: 0
--separating...
--find a better primal bound 18.81300837348628 by Alternative descent Eigen
--found a cut state by heuristic 18.81300837348628 -1.471600619140645e-12 
iteration: 211,  #states: 1317, valueb: -1.471600619140645e-12, activeness: 18.81300837348628, primalobj: 0.9999999999894893, dualobj: -Inf
solve--
end solve-- RelaxOptimal OPTIMAL
 weights_sum: 1.0
itereffortlevel: 0
--separating...
--find a better primal bound 3.4127399962550253 by Alternative descent Eigen
--found a cut state by heuristic 3.4127399962550253 3.061460807085581e-12 
iteration: 212,  #states: 1318, valueb: 3.061460807085581e-12, activeness: 3.4127399962550253, primalobj: 0.9999999999892111, dualobj: -Inf
solve--
end solve-- RelaxOptimal OPTIMAL
 weights_sum: 1.0000000000000002
itereffortlevel: 0
--separating...
--find a better primal bound 4.491620117091035 by Alternative descent Eigen
--found a cut state by heuristic 4.491620117091035 1.0017708884646481e-11 
iteration: 213,  #states: 1319, valueb: 1.0017708884646481e-11, activeness: 4.491620117091035, primalobj: 0.9999999999637263, dualobj: -Inf
solve--
end solve-- RelaxOptimal OPTIMAL
 weights_sum: 1.0
itereffortlevel: 0
--separating...
--find a better primal bound 7.054099597724411 by Alternative descent Eigen
--found a cut state by heuristic 7.054099597724411 1.1127365695529079e-10 
iteration: 214,  #states: 1320, valueb: 1.1127365695529079e-10, activeness: 7.054099597724411, primalobj: 1.0000000000097382, dualobj: -Inf
solve--
end solve-- RelaxOptimal OPTIMAL
 weights_sum: 1.0
itereffortlevel: 0
--separating...
--find a better primal bound 5.743918214982173 by Alternative descent Eigen
--found a cut state by heuristic 5.743918214982173 1.949995720451625e-12 
iteration: 215,  #states: 1321, valueb: 1.949995720451625e-12, activeness: 5.743918214982173, primalobj: 0.9999999999936566, dualobj: -Inf
solve--
end solve-- RelaxOptimal OPTIMAL
 weights_sum: 1.0
itereffortlevel: 0
--separating...
--find a better primal bound 11.133511974923493 by Alternative descent Eigen
--found a cut state by heuristic 11.133511974923493 3.4889646727265244e-11 
iteration: 216,  #states: 1322, valueb: 3.4889646727265244e-11, activeness: 11.133511974923493, primalobj: 1.0000000000003764, dualobj: -Inf
solve--
end solve-- RelaxOptimal OPTIMAL
 weights_sum: 1.0
itereffortlevel: 0
--separating...
--find a better primal bound 7.104769629120655 by Alternative descent Eigen
--found a cut state by heuristic 7.104769629120655 3.5382607954659306e-10 
iteration: 217,  #states: 1323, valueb: 3.5382607954659306e-10, activeness: 7.104769629120655, primalobj: 0.9999999995557964, dualobj: -Inf
solve--
end solve-- RelaxOptimal OPTIMAL
 weights_sum: 0.9999999999999999
itereffortlevel: 0
--separating...
--find a better primal bound 35.9104741204622 by Alternative descent Eigen
--found a cut state by heuristic 35.9104741204622 1.0826095575566796e-10 
iteration: 218,  #states: 1324, valueb: 1.0826095575566796e-10, activeness: 35.9104741204622, primalobj: 1.0000000000116822, dualobj: -Inf
solve--
end solve-- RelaxOptimal OPTIMAL
 weights_sum: 1.0
itereffortlevel: 0
--separating...
--find a better primal bound 23.06035487409116 by Alternative descent Eigen
--found a cut state by heuristic 23.06035487409116 1.8877699403674342e-10 
iteration: 219,  #states: 1325, valueb: 1.8877699403674342e-10, activeness: 23.06035487409116, primalobj: 1.000000000015712, dualobj: -Inf
solve--
end solve-- RelaxOptimal OPTIMAL
 weights_sum: 1.0
itereffortlevel: 0
--separating...
--find a better primal bound 12.613190085018228 by Alternative descent Eigen
--found a cut state by heuristic 12.613190085018228 2.681188604469753e-11 
iteration: 220,  #states: 1326, valueb: 2.681188604469753e-11, activeness: 12.613190085018228, primalobj: 0.9999999999296751, dualobj: -Inf
solve--
end solve-- RelaxOptimal OPTIMAL
 weights_sum: 0.9999999999999999
itereffortlevel: 0
--separating...
--find a better primal bound 6.383333230676811 by Alternative descent Eigen
--found a cut state by heuristic 6.383333230676811 2.703903823064735e-9 
iteration: 221,  #states: 1327, valueb: 2.703903823064735e-9, activeness: 6.383333230676811, primalobj: 0.9999999860725857, dualobj: -Inf
solve--
end solve-- RelaxOptimal OPTIMAL
 weights_sum: 1.0
itereffortlevel: 0
--separating...
--find a better primal bound 7.361089655152654 by Alternative descent Eigen
--found a cut state by heuristic 7.361089655152654 1.3581025193332152e-11 
iteration: 222,  #states: 1328, valueb: 1.3581025193332152e-11, activeness: 7.361089655152654, primalobj: 0.9999999999167837, dualobj: -Inf
solve--
end solve-- RelaxOptimal OPTIMAL
 weights_sum: 1.0
itereffortlevel: 0
--separating...
--find a better primal bound 13.56404000831439 by Alternative descent Eigen
--found a cut state by heuristic 13.56404000831439 2.9230053932849387e-9 
iteration: 223,  #states: 1329, valueb: 2.9230053932849387e-9, activeness: 13.56404000831439, primalobj: 0.9999999978052293, dualobj: -Inf
solve--
end solve-- RelaxOptimal OPTIMAL
 weights_sum: 1.0
itereffortlevel: 0
--separating...
--find a better primal bound 6.8162424612848245 by Alternative descent Eigen
--found a cut state by heuristic 6.8162424612848245 2.7375324229694797e-12 
iteration: 224,  #states: 1330, valueb: 2.7375324229694797e-12, activeness: 6.8162424612848245, primalobj: 0.9999999999859359, dualobj: -Inf
solve--
end solve-- RelaxOptimal OPTIMAL
 weights_sum: 1.0
itereffortlevel: 0
--separating...
--find a better primal bound 5.977189688731029 by Alternative descent Eigen
--found a cut state by heuristic 5.977189688731029 1.4059170938551802e-8 
iteration: 225,  #states: 1331, valueb: 1.4059170938551802e-8, activeness: 5.977189688731029, primalobj: 0.9999999960939974, dualobj: -Inf
solve--
end solve-- RelaxOptimal OPTIMAL
 weights_sum: 1.0
itereffortlevel: 0
--separating...
--find a better primal bound 12.069644524108494 by Alternative descent Eigen
--found a cut state by heuristic 12.069644524108494 2.7514657219285255e-10 
iteration: 226,  #states: 1332, valueb: 2.7514657219285255e-10, activeness: 12.069644524108494, primalobj: 0.9999999923749763, dualobj: -Inf
solve--
end solve-- RelaxOptimal OPTIMAL
 weights_sum: 1.0
itereffortlevel: 0
--separating...
--find a better primal bound 10.945494734573142 by Alternative descent Eigen
--found a cut state by heuristic 10.945494734573142 1.5773129469209834e-9 
iteration: 227,  #states: 1333, valueb: 1.5773129469209834e-9, activeness: 10.945494734573142, primalobj: 0.9999999919618934, dualobj: -Inf
solve--
end solve-- RelaxOptimal OPTIMAL
 weights_sum: 1.0
itereffortlevel: 0
--separating...
--find a better primal bound 14.12878563084412 by Alternative descent Eigen
--found a cut state by heuristic 14.12878563084412 1.6615848696943658e-9 
iteration: 228,  #states: 1334, valueb: 1.6615848696943658e-9, activeness: 14.12878563084412, primalobj: 0.9999999964129538, dualobj: -Inf
solve--
end solve-- RelaxOptimal OPTIMAL
 weights_sum: 1.0
itereffortlevel: 0
--separating...
--find a better primal bound 15.773796018341578 by Alternative descent Eigen
--found a cut state by heuristic 15.773796018341578 3.2031229890705504e-9 
iteration: 229,  #states: 1335, valueb: 3.2031229890705504e-9, activeness: 15.773796018341578, primalobj: 0.9999999980142182, dualobj: -Inf
solve--
end solve-- RelaxOptimal OPTIMAL
 weights_sum: 1.0
itereffortlevel: 0
--separating...
--find a better primal bound 18.669087516244307 by Alternative descent Eigen
--found a cut state by heuristic 18.669087516244307 1.8507850807480963e-9 
iteration: 230,  #states: 1336, valueb: 1.8507850807480963e-9, activeness: 18.669087516244307, primalobj: 0.9999999972932594, dualobj: -Inf
solve--
end solve-- RelaxOptimal OPTIMAL
 weights_sum: 1.0
itereffortlevel: 0
--separating...
--find a better primal bound 48.022677840442554 by Alternative descent Eigen
--found a cut state by heuristic 48.022677840442554 2.6789148677153207e-10 
iteration: 231,  #states: 1337, valueb: 2.6789148677153207e-10, activeness: 48.022677840442554, primalobj: 0.9999999996507807, dualobj: -Inf
solve--
end solve-- RelaxOptimal OPTIMAL
 weights_sum: 1.0
itereffortlevel: 0
--separating...
--find a better primal bound 24.62005467971163 by Alternative descent Eigen
--found a cut state by heuristic 24.62005467971163 5.337330577503963e-10 
iteration: 232,  #states: 1338, valueb: 5.337330577503963e-10, activeness: 24.62005467971163, primalobj: 0.9999999990433053, dualobj: -Inf
solve--
end solve-- RelaxOptimal OPTIMAL
 weights_sum: 1.0
itereffortlevel: 0
--separating...
--find a better primal bound 32.52335796592075 by Alternative descent Eigen
--found a cut state by heuristic 32.52335796592075 6.788178907868314e-10 
iteration: 233,  #states: 1339, valueb: 6.788178907868314e-10, activeness: 32.52335796592075, primalobj: 0.9999999978879739, dualobj: -Inf
solve--
end solve-- RelaxOptimal OPTIMAL
 weights_sum: 0.9999999999999998
itereffortlevel: 0
--separating...
--find a better primal bound 2.1038101561698053 by Alternative descent Eigen
--found a cut state by heuristic 2.1038101561698053 0.09896083990186753 
iteration: 234,  #states: 1340, valueb: 0.09896083990186753, activeness: 2.1038101561698053, primalobj: 0.9965097855201414, dualobj: -Inf
solve--
end solve-- RelaxOptimal OPTIMAL
 weights_sum: 1.0000000000000016
itereffortlevel: 0
--separating...
--find a better primal bound 1.0226670000586975 by Alternative descent Eigen
--found a cut state by heuristic 1.0226670000586975 0.12040863553005447 
iteration: 235,  #states: 1341, valueb: 0.12040863553005447, activeness: 1.0226670000586975, primalobj: 0.9956749287858766, dualobj: -Inf
solve--
end solve-- RelaxOptimal OPTIMAL
 weights_sum: 0.9999999999999998
itereffortlevel: 0
--separating...
--find a better primal bound 0.8554251347573032 by Alternative descent Eigen
--found a cut state by heuristic 0.8554251347573032 0.10576846378889584 
iteration: 236,  #states: 1342, valueb: 0.10576846378889584, activeness: 0.8554251347573032, primalobj: 0.9952757311125875, dualobj: -Inf
solve--
end solve-- RelaxOptimal OPTIMAL
 weights_sum: 1.0000000000000007
itereffortlevel: 0
--separating...
--find a better primal bound 0.7456611764210341 by Alternative descent Eigen
--found a cut state by heuristic 0.7456611764210341 0.09129095456845034 
iteration: 237,  #states: 1343, valueb: 0.09129095456845034, activeness: 0.7456611764210341, primalobj: 0.9949878578810637, dualobj: -Inf
solve--
end solve-- RelaxOptimal OPTIMAL
 weights_sum: 1.0000000000000004
itereffortlevel: 0
--separating...
--find a better primal bound 0.607351849025028 by Alternative descent Eigen
--found a cut state by heuristic 0.607351849025028 0.10626357057735825 
iteration: 238,  #states: 1344, valueb: 0.10626357057735825, activeness: 0.607351849025028, primalobj: 0.994800585420927, dualobj: -Inf
solve--
end solve-- RelaxOptimal OPTIMAL
 weights_sum: 1.0000000000000004
itereffortlevel: 0
--separating...
--find a better primal bound 0.6066184414528865 by Alternative descent Eigen
--found a cut state by heuristic 0.6066184414528865 0.07860845866076702 
iteration: 239,  #states: 1345, valueb: 0.07860845866076702, activeness: 0.6066184414528865, primalobj: 0.9946800813861583, dualobj: -Inf
solve--
end solve-- RelaxOptimal OPTIMAL
 weights_sum: 1.0
itereffortlevel: 0
--separating...
--find a better primal bound 0.7795202223240888 by Alternative descent Eigen
--found a cut state by heuristic 0.7795202223240888 0.10422207043720788 
iteration: 240,  #states: 1346, valueb: 0.10422207043720788, activeness: 0.7795202223240888, primalobj: 0.9945383487787747, dualobj: -Inf
solve--
end solve-- RelaxOptimal OPTIMAL
 weights_sum: 1.0000000000000009
itereffortlevel: 0
--separating...
--find a better primal bound 0.6124545589065788 by Alternative descent Eigen
--found a cut state by heuristic 0.6124545589065788 0.08113304551095357 
iteration: 241,  #states: 1347, valueb: 0.08113304551095357, activeness: 0.6124545589065788, primalobj: 0.9943026820663301, dualobj: -Inf
solve--
end solve-- RelaxOptimal OPTIMAL
 weights_sum: 1.0
itereffortlevel: 0
--separating...
--find a better primal bound 0.6613150258376733 by Alternative descent Eigen
--found a cut state by heuristic 0.6613150258376733 0.09914800069957726 
iteration: 242,  #states: 1348, valueb: 0.09914800069957726, activeness: 0.6613150258376733, primalobj: 0.9940093166482867, dualobj: -Inf
solve--
end solve-- RelaxOptimal OPTIMAL
 weights_sum: 0.9999999999999991
itereffortlevel: 0
--separating...
--find a better primal bound 0.47919804438504887 by Alternative descent Eigen
--found a cut state by heuristic 0.47919804438504887 0.12659795850372027 
iteration: 243,  #states: 1349, valueb: 0.12659795850372027, activeness: 0.47919804438504887, primalobj: 0.9937685318100561, dualobj: -Inf
solve--
end solve-- RelaxOptimal OPTIMAL
 weights_sum: 0.9999999999999997
itereffortlevel: 0
--separating...
--find a better primal bound 0.5424143531031056 by Alternative descent Eigen
--found a cut state by heuristic 0.5424143531031056 0.14161211962976705 
iteration: 244,  #states: 1350, valueb: 0.14161211962976705, activeness: 0.5424143531031056, primalobj: 0.9936110361275293, dualobj: -Inf
solve--
end solve-- RelaxOptimal OPTIMAL
 weights_sum: 1.000000000000001
itereffortlevel: 0
--separating...
--find a better primal bound 0.7264065559817631 by Alternative descent Eigen
--found a cut state by heuristic 0.7264065559817631 0.12743614806941972 
iteration: 245,  #states: 1351, valueb: 0.12743614806941972, activeness: 0.7264065559817631, primalobj: 0.9935037004507901, dualobj: -Inf
solve--
end solve-- RelaxOptimal OPTIMAL
 weights_sum: 1.0000000000000002
itereffortlevel: 0
--separating...
--find a better primal bound 0.38361936381431555 by Alternative descent Eigen
--found a cut state by heuristic 0.38361936381431555 0.112242125079066 
iteration: 246,  #states: 1352, valueb: 0.112242125079066, activeness: 0.38361936381431555, primalobj: 0.9933167212692356, dualobj: -Inf
solve--
end solve-- RelaxOptimal OPTIMAL
 weights_sum: 0.9999999999999994
itereffortlevel: 0
--separating...
--find a better primal bound 0.4587111137976364 by Alternative descent Eigen
--found a cut state by heuristic 0.4587111137976364 0.09567476090687746 
iteration: 247,  #states: 1353, valueb: 0.09567476090687746, activeness: 0.4587111137976364, primalobj: 0.9932514205084031, dualobj: -Inf
solve--
end solve-- RelaxOptimal OPTIMAL
 weights_sum: 0.9999999999999989
itereffortlevel: 0
--separating...
--find a better primal bound 0.31022589027163944 by Alternative descent Eigen
--found a cut state by heuristic 0.31022589027163944 0.13765510311257567 
iteration: 248,  #states: 1354, valueb: 0.13765510311257567, activeness: 0.31022589027163944, primalobj: 0.9931446162881896, dualobj: -Inf
solve--
end solve-- RelaxOptimal OPTIMAL
 weights_sum: 0.9999999999999987
itereffortlevel: 0
--separating...
--find a better primal bound 0.6448699009777348 by Alternative descent Eigen
--found a cut state by heuristic 0.6448699009777348 0.12497651143668005 
iteration: 249,  #states: 1355, valueb: 0.12497651143668005, activeness: 0.6448699009777348, primalobj: 0.9930742312561565, dualobj: -Inf
solve--
end solve-- RelaxOptimal OPTIMAL
 weights_sum: 0.9999999999999999
itereffortlevel: 0
--separating...
--find a better primal bound 0.5682988456082226 by Alternative descent Eigen
--found a cut state by heuristic 0.5682988456082226 0.12118677375679439 
iteration: 250,  #states: 1356, valueb: 0.12118677375679439, activeness: 0.5682988456082226, primalobj: 0.9929412649776365, dualobj: -Inf
solve--
end solve-- RelaxOptimal OPTIMAL
 weights_sum: 1.0000001013927804
itereffortlevel: 0
--separating...
--find a better primal bound 0.5460862417047619 by Alternative descent Eigen
--found a cut state by heuristic 0.5460862417047619 0.12756114583436304 
iteration: 251,  #states: 1357, valueb: 0.12756114583436304, activeness: 0.5460862417047619, primalobj: 0.9928569888942506, dualobj: -Inf
solve--
end solve-- RelaxOptimal OPTIMAL
 weights_sum: 1.0000000000000009
itereffortlevel: 0
--separating...
--find a better primal bound 0.5449972233348898 by Alternative descent Eigen
--found a cut state by heuristic 0.5449972233348898 0.12775456078039277 
iteration: 252,  #states: 1358, valueb: 0.12775456078039277, activeness: 0.5449972233348898, primalobj: 0.9927237646197817, dualobj: -Inf
solve--
end solve-- RelaxOptimal OPTIMAL
 weights_sum: 1.0
itereffortlevel: 0
--separating...
--find a better primal bound 0.4613058683594716 by Alternative descent Eigen
--found a cut state by heuristic 0.4613058683594716 0.11349597987894829 
iteration: 253,  #states: 1359, valueb: 0.11349597987894829, activeness: 0.4613058683594716, primalobj: 0.992636858284585, dualobj: -Inf
solve--
end solve-- RelaxOptimal OPTIMAL
 weights_sum: 1.0
itereffortlevel: 0
--separating...
--find a better primal bound 0.5861301379473847 by Alternative descent Eigen
--found a cut state by heuristic 0.5861301379473847 0.1214481433121741 
iteration: 254,  #states: 1360, valueb: 0.1214481433121741, activeness: 0.5861301379473847, primalobj: 0.9925868013600427, dualobj: -Inf
solve--
end solve-- RelaxOptimal OPTIMAL
 weights_sum: 1.0
itereffortlevel: 0
--separating...
--find a better primal bound 0.4000946683479297 by Alternative descent Eigen
--found a cut state by heuristic 0.4000946683479297 0.0881331214011874 
iteration: 255,  #states: 1361, valueb: 0.0881331214011874, activeness: 0.4000946683479297, primalobj: 0.9924769428276612, dualobj: -Inf
solve--
end solve-- RelaxOptimal OPTIMAL
 weights_sum: 1.0000000000000004
itereffortlevel: 0
--separating...
--find a better primal bound 0.8563865787457876 by Alternative descent Eigen
--found a cut state by heuristic 0.8563865787457876 0.07933752823740237 
iteration: 256,  #states: 1362, valueb: 0.07933752823740237, activeness: 0.8563865787457876, primalobj: 0.9923874818681973, dualobj: -Inf
solve--
end solve-- RelaxOptimal OPTIMAL
 weights_sum: 0.999999999999999
itereffortlevel: 0
--separating...
--find a better primal bound 0.49854574020271847 by Alternative descent Eigen
--found a cut state by heuristic 0.49854574020271847 0.0791639163613515 
iteration: 257,  #states: 1363, valueb: 0.0791639163613515, activeness: 0.49854574020271847, primalobj: 0.9919768189232795, dualobj: -Inf
solve--
end solve-- RelaxOptimal OPTIMAL
 weights_sum: 0.9999999999999997
itereffortlevel: 0
--separating...
--find a better primal bound 0.4862183030195335 by Alternative descent Eigen
--found a cut state by heuristic 0.4862183030195335 0.09465137629009768 
iteration: 258,  #states: 1364, valueb: 0.09465137629009768, activeness: 0.4862183030195335, primalobj: 0.9918131589285424, dualobj: -Inf
solve--
end solve-- RelaxOptimal OPTIMAL
 weights_sum: 1.0000000000000004
itereffortlevel: 0
--separating...
--find a better primal bound 0.5532572734994291 by Alternative descent Eigen
--found a cut state by heuristic 0.5532572734994291 0.07837749526471433 
iteration: 259,  #states: 1365, valueb: 0.07837749526471433, activeness: 0.5532572734994291, primalobj: 0.9915947890403919, dualobj: -Inf
solve--
end solve-- RelaxOptimal OPTIMAL
 weights_sum: 1.0000000000000004
itereffortlevel: 0
--separating...
--find a better primal bound 0.35332437453432686 by Alternative descent Eigen
--found a cut state by heuristic 0.35332437453432686 0.06075480960816216 
iteration: 260,  #states: 1366, valueb: 0.06075480960816216, activeness: 0.35332437453432686, primalobj: 0.9914527677841944, dualobj: -Inf
solve--
end solve-- RelaxOptimal OPTIMAL
 weights_sum: 1.0000000000000007
itereffortlevel: 0
--separating...
--find a better primal bound 0.480593235927941 by Alternative descent Eigen
--found a cut state by heuristic 0.480593235927941 0.06705838815937265 
iteration: 261,  #states: 1367, valueb: 0.06705838815937265, activeness: 0.480593235927941, primalobj: 0.991286363841242, dualobj: -Inf
solve--
end solve-- RelaxOptimal OPTIMAL
 weights_sum: 1.000000083916766
itereffortlevel: 0
--separating...
--find a better primal bound 0.590863462735288 by Alternative descent Eigen
--found a cut state by heuristic 0.590863462735288 0.07303253716331053 
iteration: 262,  #states: 1368, valueb: 0.07303253716331053, activeness: 0.590863462735288, primalobj: 0.9911697068031511, dualobj: -Inf
solve--
end solve-- RelaxOptimal OPTIMAL
 weights_sum: 1.0
itereffortlevel: 0
--separating...
--find a better primal bound 0.44176035043641426 by Alternative descent Eigen
--found a cut state by heuristic 0.44176035043641426 0.0703932714120323 
iteration: 263,  #states: 1369, valueb: 0.0703932714120323, activeness: 0.44176035043641426, primalobj: 0.9910316142304377, dualobj: -Inf
solve--
end solve-- RelaxOptimal OPTIMAL
 weights_sum: 0.9999999999999983
itereffortlevel: 0
--separating...
--find a better primal bound 0.39340568743708515 by Alternative descent Eigen
--found a cut state by heuristic 0.39340568743708515 0.05121899650845527 
iteration: 264,  #states: 1370, valueb: 0.05121899650845527, activeness: 0.39340568743708515, primalobj: 0.9909220873563193, dualobj: -Inf
solve--
end solve-- RelaxOptimal OPTIMAL
 weights_sum: 1.0000000000000007
itereffortlevel: 0
--separating...
--find a better primal bound 0.4538427932863451 by Alternative descent Eigen
--found a cut state by heuristic 0.4538427932863451 0.06591778300392505 
iteration: 265,  #states: 1371, valueb: 0.06591778300392505, activeness: 0.4538427932863451, primalobj: 0.990773820240897, dualobj: -Inf
solve--
end solve-- RelaxOptimal OPTIMAL
 weights_sum: 1.0000000000000004
itereffortlevel: 0
--separating...
--find a better primal bound 0.38556388917907347 by Alternative descent Eigen
--found a cut state by heuristic 0.38556388917907347 0.05790142157388437 
iteration: 266,  #states: 1372, valueb: 0.05790142157388437, activeness: 0.38556388917907347, primalobj: 0.9904901335353297, dualobj: -Inf
solve--
end solve-- RelaxOptimal OPTIMAL
 weights_sum: 1.0000000000000004
itereffortlevel: 0
--separating...
--find a better primal bound 0.530959759334181 by Alternative descent Eigen
--found a cut state by heuristic 0.530959759334181 0.025097736992605552 
iteration: 267,  #states: 1373, valueb: 0.025097736992605552, activeness: 0.530959759334181, primalobj: 0.9903596182235596, dualobj: -Inf
solve--
end solve-- RelaxOptimal OPTIMAL
 weights_sum: 0.9999999999999996
itereffortlevel: 0
--separating...
--find a better primal bound 0.5502614051937218 by Alternative descent Eigen
--found a cut state by heuristic 0.5502614051937218 0.07977167366267988 
iteration: 268,  #states: 1374, valueb: 0.07977167366267988, activeness: 0.5502614051937218, primalobj: 0.9900705634584009, dualobj: -Inf
solve--
end solve-- RelaxOptimal OPTIMAL
 weights_sum: 0.9999999999999993
itereffortlevel: 0
--separating...
--find a better primal bound 0.6128487727918043 by Alternative descent Eigen
--found a cut state by heuristic 0.6128487727918043 0.07438277436285265 
iteration: 269,  #states: 1375, valueb: 0.07438277436285265, activeness: 0.6128487727918043, primalobj: 0.9899684764726017, dualobj: -Inf
solve--
end solve-- RelaxOptimal OPTIMAL
 weights_sum: 0.9999999999999996
itereffortlevel: 0
--separating...
--find a better primal bound 0.5112201981066451 by Alternative descent Eigen
--found a cut state by heuristic 0.5112201981066451 0.10299707868289498 
iteration: 270,  #states: 1376, valueb: 0.10299707868289498, activeness: 0.5112201981066451, primalobj: 0.9897666806209351, dualobj: -Inf
solve--
end solve-- RelaxOptimal OPTIMAL
 weights_sum: 0.9999999999999994
itereffortlevel: 0
--separating...
--find a better primal bound 0.558233151719401 by Alternative descent Eigen
--found a cut state by heuristic 0.558233151719401 0.0862260855745899 
iteration: 271,  #states: 1377, valueb: 0.0862260855745899, activeness: 0.558233151719401, primalobj: 0.9895944684121294, dualobj: -Inf
solve--
end solve-- RelaxOptimal OPTIMAL
 weights_sum: 1.0000000000000004
itereffortlevel: 0
--separating...
--find a better primal bound 0.5520681539348854 by Alternative descent Eigen
--found a cut state by heuristic 0.5520681539348854 0.12393312436848863 
iteration: 272,  #states: 1378, valueb: 0.12393312436848863, activeness: 0.5520681539348854, primalobj: 0.9894856187242219, dualobj: -Inf
solve--
end solve-- RelaxOptimal OPTIMAL
 weights_sum: 0.9999999999999989
itereffortlevel: 0
--separating...
--find a better primal bound 0.45804373949746824 by Alternative descent Eigen
--found a cut state by heuristic 0.45804373949746824 0.07197782431997383 
iteration: 273,  #states: 1379, valueb: 0.07197782431997383, activeness: 0.45804373949746824, primalobj: 0.9893347509705712, dualobj: -Inf
solve--
end solve-- RelaxOptimal OPTIMAL
 weights_sum: 1.0000000000000004
itereffortlevel: 0
--separating...
--find a better primal bound 0.4265131684843755 by Alternative descent Eigen
--found a cut state by heuristic 0.4265131684843755 0.0854793267156543 
iteration: 274,  #states: 1380, valueb: 0.0854793267156543, activeness: 0.4265131684843755, primalobj: 0.9892411885486787, dualobj: -Inf
solve--
end solve-- RelaxOptimal OPTIMAL
 weights_sum: 1.0000016168927712
itereffortlevel: 0
--separating...
--find a better primal bound 0.46377649206792726 by Alternative descent Eigen
--found a cut state by heuristic 0.46377649206792726 0.09774592582947757 
iteration: 275,  #states: 1381, valueb: 0.09774592582947757, activeness: 0.46377649206792726, primalobj: 0.9891602013933878, dualobj: -Inf
solve--
end solve-- RelaxOptimal OPTIMAL
 weights_sum: 1.0000000000000002
itereffortlevel: 0
--separating...
--find a better primal bound 0.39965643961176256 by Alternative descent Eigen
--found a cut state by heuristic 0.39965643961176256 0.06950588873014457 
iteration: 276,  #states: 1382, valueb: 0.06950588873014457, activeness: 0.39965643961176256, primalobj: 0.9890893212361349, dualobj: -Inf
solve--
end solve-- RelaxOptimal OPTIMAL
 weights_sum: 0.9999999999999989
itereffortlevel: 0
--separating...
--find a better primal bound 0.3799014946340395 by Alternative descent Eigen
--found a cut state by heuristic 0.3799014946340395 0.05267712533500826 
iteration: 277,  #states: 1383, valueb: 0.05267712533500826, activeness: 0.3799014946340395, primalobj: 0.9890271498311712, dualobj: -Inf
solve--
end solve-- RelaxOptimal OPTIMAL
 weights_sum: 1.0000000000000004
itereffortlevel: 0
--separating...
--find a better primal bound 0.3906129796450599 by Alternative descent Eigen
--found a cut state by heuristic 0.3906129796450599 0.060426454904235864 
iteration: 278,  #states: 1384, valueb: 0.060426454904235864, activeness: 0.3906129796450599, primalobj: 0.9889412752563975, dualobj: -Inf
solve--
end solve-- RelaxOptimal OPTIMAL
 weights_sum: 1.0000000000000004
itereffortlevel: 0
--separating...
--find a better primal bound 0.2672071362239228 by Alternative descent Eigen
--found a cut state by heuristic 0.2672071362239228 0.05222660245480182 
iteration: 279,  #states: 1385, valueb: 0.05222660245480182, activeness: 0.2672071362239228, primalobj: 0.9888846442271902, dualobj: -Inf
solve--
end solve-- RelaxOptimal OPTIMAL
 weights_sum: 1.0000000000000022
itereffortlevel: 0
--separating...
--find a better primal bound 0.4641594864879254 by Alternative descent Eigen
--found a cut state by heuristic 0.4641594864879254 0.050403397509192135 
iteration: 280,  #states: 1386, valueb: 0.050403397509192135, activeness: 0.4641594864879254, primalobj: 0.9888271875294713, dualobj: -Inf
solve--
end solve-- RelaxOptimal OPTIMAL
 weights_sum: 1.0000011827196542
itereffortlevel: 0
--separating...
--find a better primal bound 0.422628967293153 by Alternative descent Eigen
--found a cut state by heuristic 0.422628967293153 0.015528341033781262 
iteration: 281,  #states: 1387, valueb: 0.015528341033781262, activeness: 0.422628967293153, primalobj: 0.9886579834579323, dualobj: -Inf
solve--
end solve-- RelaxOptimal OPTIMAL
 weights_sum: 0.9999999999999991
itereffortlevel: 0
--separating...
--find a better primal bound 0.244900554620145 by Alternative descent Eigen
--found a cut state by heuristic 0.244900554620145 0.033100015794214614 
iteration: 282,  #states: 1388, valueb: 0.033100015794214614, activeness: 0.244900554620145, primalobj: 0.9885761864731244, dualobj: -Inf
solve--
end solve-- RelaxOptimal OPTIMAL
 weights_sum: 1.000000637940919
itereffortlevel: 0
--separating...
--find a better primal bound 0.3156498228152467 by Alternative descent Eigen
--found a cut state by heuristic 0.3156498228152467 0.01421474389576289 
iteration: 283,  #states: 1389, valueb: 0.01421474389576289, activeness: 0.3156498228152467, primalobj: 0.9885315889538929, dualobj: -Inf
solve--
end solve-- RelaxOptimal OPTIMAL
 weights_sum: 0.9999999999999984
itereffortlevel: 0
--separating...
--find a better primal bound 0.33361097939081863 by Alternative descent Eigen
--found a cut state by heuristic 0.33361097939081863 0.041871736548674265 
iteration: 284,  #states: 1390, valueb: 0.041871736548674265, activeness: 0.33361097939081863, primalobj: 0.9884682861679466, dualobj: -Inf
solve--
end solve-- RelaxOptimal OPTIMAL
 weights_sum: 1.0000000000000004
itereffortlevel: 0
--separating...
--find a better primal bound 0.3598290538733496 by Alternative descent Eigen
--found a cut state by heuristic 0.3598290538733496 0.047917021347470834 
iteration: 285,  #states: 1391, valueb: 0.047917021347470834, activeness: 0.3598290538733496, primalobj: 0.9884015380942663, dualobj: -Inf
solve--
end solve-- RelaxOptimal OPTIMAL
 weights_sum: 0.9999999999999992
itereffortlevel: 0
--separating...
--find a better primal bound 0.35941335273398145 by Alternative descent Eigen
--found a cut state by heuristic 0.35941335273398145 0.03526637581979322 
iteration: 286,  #states: 1392, valueb: 0.03526637581979322, activeness: 0.35941335273398145, primalobj: 0.9883256359693702, dualobj: -Inf
solve--
end solve-- RelaxOptimal OPTIMAL
 weights_sum: 0.9999999999999989
itereffortlevel: 0
--separating...
--find a better primal bound 0.5054310315190107 by Alternative descent Eigen
--found a cut state by heuristic 0.5054310315190107 0.059114323110933134 
iteration: 287,  #states: 1393, valueb: 0.059114323110933134, activeness: 0.5054310315190107, primalobj: 0.98823772643166, dualobj: -Inf
solve--
end solve-- RelaxOptimal OPTIMAL
 weights_sum: 0.9999999999999989
itereffortlevel: 0
--separating...
--find a better primal bound 0.47139290836463876 by Alternative descent Eigen
--found a cut state by heuristic 0.47139290836463876 0.0893305530292914 
iteration: 288,  #states: 1394, valueb: 0.0893305530292914, activeness: 0.47139290836463876, primalobj: 0.9880561356996357, dualobj: -Inf
solve--
end solve-- RelaxOptimal OPTIMAL
 weights_sum: 0.9999999999999998
itereffortlevel: 0
--separating...
--find a better primal bound 0.24191367300306493 by Alternative descent Eigen
--found a cut state by heuristic 0.24191367300306493 0.04775381425492095 
iteration: 289,  #states: 1395, valueb: 0.04775381425492095, activeness: 0.24191367300306493, primalobj: 0.9878877542767033, dualobj: -Inf
solve--
end solve-- RelaxOptimal OPTIMAL
 weights_sum: 0.9999999999999996
itereffortlevel: 0
--separating...
--find a better primal bound 0.4656548652789139 by Alternative descent Eigen
--found a cut state by heuristic 0.4656548652789139 0.05402974687978986 
iteration: 290,  #states: 1396, valueb: 0.05402974687978986, activeness: 0.4656548652789139, primalobj: 0.9878212172702272, dualobj: -Inf
solve--
end solve-- RelaxOptimal OPTIMAL
 weights_sum: 0.9999999999999996
itereffortlevel: 0
--separating...
--find a better primal bound 0.5122289863494528 by Alternative descent Eigen
--found a cut state by heuristic 0.5122289863494528 0.07875118156272501 
iteration: 291,  #states: 1397, valueb: 0.07875118156272501, activeness: 0.5122289863494528, primalobj: 0.9877585446775986, dualobj: -Inf
solve--
end solve-- RelaxOptimal OPTIMAL
 weights_sum: 0.9999999999999993
itereffortlevel: 0
--separating...
--find a better primal bound 0.5141165724379313 by Alternative descent Eigen
--found a cut state by heuristic 0.5141165724379313 0.0793433269760449 
iteration: 292,  #states: 1398, valueb: 0.0793433269760449, activeness: 0.5141165724379313, primalobj: 0.9876375283374141, dualobj: -Inf
solve--
end solve-- RelaxOptimal OPTIMAL
 weights_sum: 1.000000000000001
itereffortlevel: 0
--separating...
--find a better primal bound 0.41212975298678534 by Alternative descent Eigen
--found a cut state by heuristic 0.41212975298678534 0.08112379318690367 
iteration: 293,  #states: 1399, valueb: 0.08112379318690367, activeness: 0.41212975298678534, primalobj: 0.9874022992083544, dualobj: -Inf
solve--
end solve-- RelaxOptimal OPTIMAL
 weights_sum: 1.0000000000000004
itereffortlevel: 0
--separating...
--find a better primal bound 0.5671035155848771 by Alternative descent Eigen
--found a cut state by heuristic 0.5671035155848771 0.037087160568272916 
iteration: 294,  #states: 1400, valueb: 0.037087160568272916, activeness: 0.5671035155848771, primalobj: 0.987271267193997, dualobj: -Inf
solve--
end solve-- RelaxOptimal OPTIMAL
 weights_sum: 1.0000000000000007
itereffortlevel: 0
--separating...
--find a better primal bound 0.3690698696439718 by Alternative descent Eigen
--found a cut state by heuristic 0.3690698696439718 0.09389290909175303 
iteration: 295,  #states: 1401, valueb: 0.09389290909175303, activeness: 0.3690698696439718, primalobj: 0.9871205393857654, dualobj: -Inf
solve--
end solve-- RelaxOptimal OPTIMAL
 weights_sum: 1.0
itereffortlevel: 0
--separating...
--find a better primal bound 0.5490330616941429 by Alternative descent Eigen
--found a cut state by heuristic 0.5490330616941429 0.07045941976320708 
iteration: 296,  #states: 1402, valueb: 0.07045941976320708, activeness: 0.5490330616941429, primalobj: 0.9870587684360462, dualobj: -Inf
solve--
end solve-- RelaxOptimal OPTIMAL
 weights_sum: 1.0000000000000016
itereffortlevel: 0
--separating...
--find a better primal bound 0.39189911150997325 by Alternative descent Eigen
--found a cut state by heuristic 0.39189911150997325 0.09199865880868532 
iteration: 297,  #states: 1403, valueb: 0.09199865880868532, activeness: 0.39189911150997325, primalobj: 0.9869750776312196, dualobj: -Inf
solve--
end solve-- RelaxOptimal OPTIMAL
 weights_sum: 1.0000000000000009
itereffortlevel: 0
--separating...
--find a better primal bound 0.42749322758882635 by Alternative descent Eigen
--found a cut state by heuristic 0.42749322758882635 0.07654644047907971 
iteration: 298,  #states: 1404, valueb: 0.07654644047907971, activeness: 0.42749322758882635, primalobj: 0.9868495236690331, dualobj: -Inf
solve--
end solve-- RelaxOptimal OPTIMAL
 weights_sum: 0.9999999999999999
itereffortlevel: 0
--separating...
--find a better primal bound 0.3311595340221546 by Alternative descent Eigen
--found a cut state by heuristic 0.3311595340221546 0.061518667083428485 
iteration: 299,  #states: 1405, valueb: 0.061518667083428485, activeness: 0.3311595340221546, primalobj: 0.9866939085002231, dualobj: -Inf
solve--
end solve-- RelaxOptimal OPTIMAL
 weights_sum: 1.0000000000000004
itereffortlevel: 0
--separating...
--find a better primal bound 0.513642943184283 by Alternative descent Eigen
--found a cut state by heuristic 0.513642943184283 0.042093981104560224 
iteration: 300,  #states: 1406, valueb: 0.042093981104560224, activeness: 0.513642943184283, primalobj: 0.9866290790381362, dualobj: -Inf
solve--
end solve-- RelaxOptimal OPTIMAL
 weights_sum: 0.9999999999999993
itereffortlevel: 0
--separating...
--find a better primal bound 0.47370416385202263 by Alternative descent Eigen
--found a cut state by heuristic 0.47370416385202263 0.03399491443539277 
iteration: 301,  #states: 1407, valueb: 0.03399491443539277, activeness: 0.47370416385202263, primalobj: 0.9864735625772575, dualobj: -Inf
solve--
end solve-- RelaxOptimal OPTIMAL
 weights_sum: 0.9999999999999993
itereffortlevel: 0
--separating...
--find a better primal bound 0.34552392480667293 by Alternative descent Eigen
--found a cut state by heuristic 0.34552392480667293 0.07279543333449842 
iteration: 302,  #states: 1408, valueb: 0.07279543333449842, activeness: 0.34552392480667293, primalobj: 0.9863728865366577, dualobj: -Inf
solve--
end solve-- RelaxOptimal OPTIMAL
 weights_sum: 1.0
itereffortlevel: 0
--separating...
--find a better primal bound 0.5428180895719511 by Alternative descent Eigen
--found a cut state by heuristic 0.5428180895719511 0.06962332958087425 
iteration: 303,  #states: 1409, valueb: 0.06962332958087425, activeness: 0.5428180895719511, primalobj: 0.9863163367315679, dualobj: -Inf
solve--
end solve-- RelaxOptimal OPTIMAL
 weights_sum: 0.9999999999999991
itereffortlevel: 0
--separating...
--find a better primal bound 0.471285038199603 by Alternative descent Eigen
--found a cut state by heuristic 0.471285038199603 0.018144506237472588 
iteration: 304,  #states: 1410, valueb: 0.018144506237472588, activeness: 0.471285038199603, primalobj: 0.9861821418439782, dualobj: -Inf
solve--
end solve-- RelaxOptimal OPTIMAL
 weights_sum: 1.0000018235711459
itereffortlevel: 0
--separating...
--find a better primal bound 0.5681058835448733 by Alternative descent Eigen
--found a cut state by heuristic 0.5681058835448733 0.10698288931012065 
iteration: 305,  #states: 1411, valueb: 0.10698288931012065, activeness: 0.5681058835448733, primalobj: 0.9860277720912094, dualobj: -Inf
solve--
end solve-- RelaxOptimal OPTIMAL
 weights_sum: 0.9999999999999998
itereffortlevel: 0
--separating...
--find a better primal bound 0.4149108145028928 by Alternative descent Eigen
--found a cut state by heuristic 0.4149108145028928 0.07648551319286732 
iteration: 306,  #states: 1412, valueb: 0.07648551319286732, activeness: 0.4149108145028928, primalobj: 0.9858444793102099, dualobj: -Inf
solve--
end solve-- RelaxOptimal OPTIMAL
 weights_sum: 1.0000000000000002
itereffortlevel: 0
--separating...
--find a better primal bound 0.5509871064663627 by Alternative descent Eigen
--found a cut state by heuristic 0.5509871064663627 0.09543926300032979 
iteration: 307,  #states: 1413, valueb: 0.09543926300032979, activeness: 0.5509871064663627, primalobj: 0.9857343818712422, dualobj: -Inf
solve--
end solve-- RelaxOptimal OPTIMAL
 weights_sum: 1.0000000000000009
itereffortlevel: 0
--separating...
--find a better primal bound 0.48930777039579804 by Alternative descent Eigen
--found a cut state by heuristic 0.48930777039579804 0.05509636778232458 
iteration: 308,  #states: 1414, valueb: 0.05509636778232458, activeness: 0.48930777039579804, primalobj: 0.985502087230467, dualobj: -Inf
solve--
end solve-- RelaxOptimal OPTIMAL
 weights_sum: 1.0000000000000018
itereffortlevel: 0
--separating...
--find a better primal bound 0.28930547884870833 by Alternative descent Eigen
--found a cut state by heuristic 0.28930547884870833 0.07331905723036401 
iteration: 309,  #states: 1415, valueb: 0.07331905723036401, activeness: 0.28930547884870833, primalobj: 0.9853355924020439, dualobj: -Inf
solve--
end solve-- RelaxOptimal OPTIMAL
 weights_sum: 1.000000000000001
itereffortlevel: 0
--separating...
--find a better primal bound 0.26881588384793015 by Alternative descent Eigen
--found a cut state by heuristic 0.26881588384793015 0.06779802157376005 
iteration: 310,  #states: 1416, valueb: 0.06779802157376005, activeness: 0.26881588384793015, primalobj: 0.985301172927298, dualobj: -Inf
solve--
end solve-- RelaxOptimal OPTIMAL
 weights_sum: 1.0000000000000009
itereffortlevel: 0
--separating...
--find a better primal bound 0.4225264032379217 by Alternative descent Eigen
--found a cut state by heuristic 0.4225264032379217 0.07153891138794637 
iteration: 311,  #states: 1417, valueb: 0.07153891138794637, activeness: 0.4225264032379217, primalobj: 0.9852729306281518, dualobj: -Inf
solve--
end solve-- RelaxOptimal OPTIMAL
 weights_sum: 0.9999999999999994
itereffortlevel: 0
--separating...
--find a better primal bound 0.41920194935999844 by Alternative descent Eigen
--found a cut state by heuristic 0.41920194935999844 0.07819031062221929 
iteration: 312,  #states: 1418, valueb: 0.07819031062221929, activeness: 0.41920194935999844, primalobj: 0.9851125743633267, dualobj: -Inf
solve--
end solve-- RelaxOptimal OPTIMAL
 weights_sum: 0.9999999999999997
itereffortlevel: 0
--separating...
--find a better primal bound 0.2906068985355851 by Alternative descent Eigen
--found a cut state by heuristic 0.2906068985355851 0.06265979358039753 
iteration: 313,  #states: 1419, valueb: 0.06265979358039753, activeness: 0.2906068985355851, primalobj: 0.9850022609476385, dualobj: -Inf
solve--
end solve-- RelaxOptimal OPTIMAL
 weights_sum: 1.000000514460785
itereffortlevel: 0
--separating...
--find a better primal bound 0.46853586290058546 by Alternative descent Eigen
--found a cut state by heuristic 0.46853586290058546 0.08440541557671227 
iteration: 314,  #states: 1420, valueb: 0.08440541557671227, activeness: 0.46853586290058546, primalobj: 0.9849427561767533, dualobj: -Inf
solve--
end solve-- RelaxOptimal OPTIMAL
 weights_sum: 1.0000000680723906
itereffortlevel: 0
--separating...
--find a better primal bound 0.45498121309429806 by Alternative descent Eigen
--found a cut state by heuristic 0.45498121309429806 0.05722216127282742 
iteration: 315,  #states: 1421, valueb: 0.05722216127282742, activeness: 0.45498121309429806, primalobj: 0.9848000860696309, dualobj: -Inf
solve--
end solve-- RelaxOptimal OPTIMAL
 weights_sum: 1.0000000000000004
itereffortlevel: 0
--separating...
--find a better primal bound 0.4213751919866857 by Alternative descent Eigen
--found a cut state by heuristic 0.4213751919866857 0.07683835409085067 
iteration: 316,  #states: 1422, valueb: 0.07683835409085067, activeness: 0.4213751919866857, primalobj: 0.9846365507779329, dualobj: -Inf
solve--
end solve-- RelaxOptimal OPTIMAL
 weights_sum: 1.0
itereffortlevel: 0
--separating...
--find a better primal bound 0.2489777573846406 by Alternative descent Eigen
--found a cut state by heuristic 0.2489777573846406 -0.0 
iteration: 317,  #states: 1423, valueb: -0.0, activeness: 0.2489777573846406, primalobj: 0.9845581731991394, dualobj: -Inf
solve--
end solve-- RelaxOptimal OPTIMAL
 weights_sum: 0.9999999999999993
itereffortlevel: 0
--separating...
--find a better primal bound 0.3968366823906899 by Alternative descent Eigen
--found a cut state by heuristic 0.3968366823906899 0.07265981821868348 
iteration: 318,  #states: 1424, valueb: 0.07265981821868348, activeness: 0.3968366823906899, primalobj: 0.9844916153925586, dualobj: -Inf
solve--
end solve-- RelaxOptimal OPTIMAL
 weights_sum: 1.000000208059027
itereffortlevel: 0
--separating...
--find a better primal bound 0.45289328646410976 by Alternative descent Eigen
--found a cut state by heuristic 0.45289328646410976 0.0969867930485464 
iteration: 319,  #states: 1425, valueb: 0.0969867930485464, activeness: 0.45289328646410976, primalobj: 0.9843891270253684, dualobj: -Inf
solve--
end solve-- RelaxOptimal OPTIMAL
 weights_sum: 1.0000017133573194
itereffortlevel: 0
--separating...
--find a better primal bound 0.37735108507308157 by Alternative descent Eigen
--found a cut state by heuristic 0.37735108507308157 0.057128946109457096 
iteration: 320,  #states: 1426, valueb: 0.057128946109457096, activeness: 0.37735108507308157, primalobj: 0.9843042036949179, dualobj: -Inf
solve--
end solve-- RelaxOptimal OPTIMAL
 weights_sum: 0.9999999999999998
itereffortlevel: 0
--separating...
--find a better primal bound 0.4622227762540265 by Alternative descent Eigen
--found a cut state by heuristic 0.4622227762540265 0.05757318010212831 
iteration: 321,  #states: 1427, valueb: 0.05757318010212831, activeness: 0.4622227762540265, primalobj: 0.9842097451627309, dualobj: -Inf
solve--
end solve-- RelaxOptimal OPTIMAL
 weights_sum: 0.9999999999999998
itereffortlevel: 0
--separating...
--find a better primal bound 0.37585378352346155 by Alternative descent Eigen
--found a cut state by heuristic 0.37585378352346155 0.0667284243812699 
iteration: 322,  #states: 1428, valueb: 0.0667284243812699, activeness: 0.37585378352346155, primalobj: 0.984051299590696, dualobj: -Inf
solve--
end solve-- RelaxOptimal OPTIMAL
 weights_sum: 1.0
itereffortlevel: 0
--separating...
--find a better primal bound 0.33316429645170365 by Alternative descent Eigen
--found a cut state by heuristic 0.33316429645170365 0.07600788812762839 
iteration: 323,  #states: 1429, valueb: 0.07600788812762839, activeness: 0.33316429645170365, primalobj: 0.9840041375086677, dualobj: -Inf
solve--
end solve-- RelaxOptimal OPTIMAL
 weights_sum: 1.0000000000000002
itereffortlevel: 0
--separating...
--find a better primal bound 0.4634263431513984 by Alternative descent Eigen
--found a cut state by heuristic 0.4634263431513984 0.11335378038249437 
iteration: 324,  #states: 1430, valueb: 0.11335378038249437, activeness: 0.4634263431513984, primalobj: 0.9839321925248617, dualobj: -Inf
solve--
end solve-- RelaxOptimal OPTIMAL
 weights_sum: 1.0000000000000009
itereffortlevel: 0
--separating...
--find a better primal bound 0.3771466462330989 by Alternative descent Eigen
--found a cut state by heuristic 0.3771466462330989 0.08898578691662781 
iteration: 325,  #states: 1431, valueb: 0.08898578691662781, activeness: 0.3771466462330989, primalobj: 0.9838337355022228, dualobj: -Inf
solve--
end solve-- RelaxOptimal OPTIMAL
 weights_sum: 1.0000000000000022
itereffortlevel: 0
--separating...
--find a better primal bound 0.3913936722377742 by Alternative descent Eigen
--found a cut state by heuristic 0.3913936722377742 0.10131655249965721 
iteration: 326,  #states: 1432, valueb: 0.10131655249965721, activeness: 0.3913936722377742, primalobj: 0.983739251038868, dualobj: -Inf
solve--
end solve-- RelaxOptimal OPTIMAL
 weights_sum: 0.9999999999999998
itereffortlevel: 0
--separating...
--find a better primal bound 0.3708358078779581 by Alternative descent Eigen
--found a cut state by heuristic 0.3708358078779581 0.1067056191943201 
iteration: 327,  #states: 1433, valueb: 0.1067056191943201, activeness: 0.3708358078779581, primalobj: 0.9836756035511918, dualobj: -Inf
solve--
end solve-- RelaxOptimal OPTIMAL
 weights_sum: 0.9999999999999993
itereffortlevel: 0
--separating...
--find a better primal bound 0.4156118521982205 by Alternative descent Eigen
--found a cut state by heuristic 0.4156118521982205 0.07495573365186403 
iteration: 328,  #states: 1434, valueb: 0.07495573365186403, activeness: 0.4156118521982205, primalobj: 0.9836171535209717, dualobj: -Inf
solve--
end solve-- RelaxOptimal OPTIMAL
 weights_sum: 1.0000000000000004
itereffortlevel: 0
--separating...
--find a better primal bound 0.4188628074403358 by Alternative descent Eigen
--found a cut state by heuristic 0.4188628074403358 0.09967134903131061 
iteration: 329,  #states: 1435, valueb: 0.09967134903131061, activeness: 0.4188628074403358, primalobj: 0.983555931711484, dualobj: -Inf
solve--
end solve-- RelaxOptimal OPTIMAL
 weights_sum: 0.9999999999999991
itereffortlevel: 0
--separating...
--find a better primal bound 0.29728695999933386 by Alternative descent Eigen
--found a cut state by heuristic 0.29728695999933386 0.05329340959368395 
iteration: 330,  #states: 1436, valueb: 0.05329340959368395, activeness: 0.29728695999933386, primalobj: 0.9834842735500766, dualobj: -Inf
solve--
end solve-- RelaxOptimal OPTIMAL
 weights_sum: 0.9999999999999996
itereffortlevel: 0
--separating...
--find a better primal bound 0.3880762175714375 by Alternative descent Eigen
--found a cut state by heuristic 0.3880762175714375 0.043435996686109035 
iteration: 331,  #states: 1437, valueb: 0.043435996686109035, activeness: 0.3880762175714375, primalobj: 0.9834080350836419, dualobj: -Inf
solve--
end solve-- RelaxOptimal OPTIMAL
 weights_sum: 1.0000004834145704
itereffortlevel: 0
--separating...
--find a better primal bound 0.462637923479453 by Alternative descent Eigen
--found a cut state by heuristic 0.462637923479453 0.07878650546597009 
iteration: 332,  #states: 1438, valueb: 0.07878650546597009, activeness: 0.462637923479453, primalobj: 0.9833084695120309, dualobj: -Inf
solve--
end solve-- RelaxOptimal OPTIMAL
 weights_sum: 0.9999999999999998
itereffortlevel: 0
--separating...
--find a better primal bound 0.3440701729848461 by Alternative descent Eigen
--found a cut state by heuristic 0.3440701729848461 0.04371080998130593 
iteration: 333,  #states: 1439, valueb: 0.04371080998130593, activeness: 0.3440701729848461, primalobj: 0.9831554062231634, dualobj: -Inf
solve--
end solve-- RelaxOptimal OPTIMAL
 weights_sum: 0.9999999999999996
itereffortlevel: 0
--separating...
--find a better primal bound 0.32596649002565725 by Alternative descent Eigen
--found a cut state by heuristic 0.32596649002565725 0.07315403096403532 
iteration: 334,  #states: 1440, valueb: 0.07315403096403532, activeness: 0.32596649002565725, primalobj: 0.9830422815415663, dualobj: -Inf
solve--
end solve-- RelaxOptimal OPTIMAL
 weights_sum: 0.9999999999999998
itereffortlevel: 0
--separating...
--find a better primal bound 0.3040711062992726 by Alternative descent Eigen
--found a cut state by heuristic 0.3040711062992726 0.012826019334117589 
iteration: 335,  #states: 1441, valueb: 0.012826019334117589, activeness: 0.3040711062992726, primalobj: 0.982966042964377, dualobj: -Inf
solve--
end solve-- RelaxOptimal OPTIMAL
 weights_sum: 1.0000000000000009
itereffortlevel: 0
--separating...
--find a better primal bound 0.30646493089409965 by Alternative descent Eigen
--found a cut state by heuristic 0.30646493089409965 0.019770416806040577 
iteration: 336,  #states: 1442, valueb: 0.019770416806040577, activeness: 0.30646493089409965, primalobj: 0.9828798741263345, dualobj: -Inf
solve--
end solve-- RelaxOptimal OPTIMAL
 weights_sum: 1.0000000000000013
itereffortlevel: 0
--separating...
--find a better primal bound 0.4044250904323987 by Alternative descent Eigen
--found a cut state by heuristic 0.4044250904323987 0.0402814474925271 
iteration: 337,  #states: 1443, valueb: 0.0402814474925271, activeness: 0.4044250904323987, primalobj: 0.9827720398100426, dualobj: -Inf
solve--
end solve-- RelaxOptimal OPTIMAL
 weights_sum: 1.0
itereffortlevel: 0
--separating...
--find a better primal bound 0.25282928564230694 by Alternative descent Eigen
--found a cut state by heuristic 0.25282928564230694 0.02821122714973186 
iteration: 338,  #states: 1444, valueb: 0.02821122714973186, activeness: 0.25282928564230694, primalobj: 0.9826664547217131, dualobj: -Inf
solve--
end solve-- RelaxOptimal OPTIMAL
 weights_sum: 0.9999999999999991
itereffortlevel: 0
--separating...
--find a better primal bound 0.3115997339353215 by Alternative descent Eigen
--found a cut state by heuristic 0.3115997339353215 0.020558019776035108 
iteration: 339,  #states: 1445, valueb: 0.020558019776035108, activeness: 0.3115997339353215, primalobj: 0.98261853951032, dualobj: -Inf
solve--
end solve-- RelaxOptimal OPTIMAL
 weights_sum: 0.9999999999999988
itereffortlevel: 0
--separating...
--find a better primal bound 0.40308659850683715 by Alternative descent Eigen
--found a cut state by heuristic 0.40308659850683715 0.03137873335768321 
iteration: 340,  #states: 1446, valueb: 0.03137873335768321, activeness: 0.40308659850683715, primalobj: 0.9825823953631379, dualobj: -Inf
solve--
end solve-- RelaxOptimal OPTIMAL
 weights_sum: 1.0000000000000002
itereffortlevel: 0
--separating...
--find a better primal bound 0.3377180316009586 by Alternative descent Eigen
--found a cut state by heuristic 0.3377180316009586 0.01302165495707239 
iteration: 341,  #states: 1447, valueb: 0.01302165495707239, activeness: 0.3377180316009586, primalobj: 0.9824917567737047, dualobj: -Inf
solve--
end solve-- RelaxOptimal OPTIMAL
 weights_sum: 0.9999999999999997
itereffortlevel: 0
--separating...
--find a better primal bound 0.34214502447738654 by Alternative descent Eigen
--found a cut state by heuristic 0.34214502447738654 -0.0 
iteration: 342,  #states: 1448, valueb: -0.0, activeness: 0.34214502447738654, primalobj: 0.9823846228148816, dualobj: -Inf
solve--
end solve-- RelaxOptimal OPTIMAL
 weights_sum: 0.999999999999998
itereffortlevel: 0
--separating...
--find a better primal bound 0.29759645491878794 by Alternative descent Eigen
--found a cut state by heuristic 0.29759645491878794 0.04486776169468419 
iteration: 343,  #states: 1449, valueb: 0.04486776169468419, activeness: 0.29759645491878794, primalobj: 0.9822663253989589, dualobj: -Inf
solve--
end solve-- RelaxOptimal OPTIMAL
 weights_sum: 0.9999999999999994
itereffortlevel: 0
--separating...
--find a better primal bound 0.308655173195449 by Alternative descent Eigen
--found a cut state by heuristic 0.308655173195449 0.06103934488092473 
iteration: 344,  #states: 1450, valueb: 0.06103934488092473, activeness: 0.308655173195449, primalobj: 0.9821970193156545, dualobj: -Inf
solve--
end solve-- RelaxOptimal OPTIMAL
 weights_sum: 1.0000000000000004
itereffortlevel: 0
--separating...
--find a better primal bound 0.3774849324347897 by Alternative descent Eigen
--found a cut state by heuristic 0.3774849324347897 0.047816023440499636 
iteration: 345,  #states: 1451, valueb: 0.047816023440499636, activeness: 0.3774849324347897, primalobj: 0.9821394512874605, dualobj: -Inf
solve--
end solve-- RelaxOptimal OPTIMAL
 weights_sum: 1.0000004247661007
itereffortlevel: 0
--separating...
--find a better primal bound 0.3913624030521773 by Alternative descent Eigen
--found a cut state by heuristic 0.3913624030521773 0.06023946928600398 
iteration: 346,  #states: 1452, valueb: 0.06023946928600398, activeness: 0.3913624030521773, primalobj: 0.9820453012088685, dualobj: -Inf
solve--
end solve-- RelaxOptimal OPTIMAL
 weights_sum: 1.0000000000000002
itereffortlevel: 0
--separating...
--find a better primal bound 0.3084947035910047 by Alternative descent Eigen
--found a cut state by heuristic 0.3084947035910047 0.06443786829776406 
iteration: 347,  #states: 1453, valueb: 0.06443786829776406, activeness: 0.3084947035910047, primalobj: 0.9819290878995618, dualobj: -Inf
solve--
end solve-- RelaxOptimal OPTIMAL
 weights_sum: 0.9999999999999997
itereffortlevel: 0
--separating...
--find a better primal bound 0.40550553069168144 by Alternative descent Eigen
--found a cut state by heuristic 0.40550553069168144 0.04687521136794935 
iteration: 348,  #states: 1454, valueb: 0.04687521136794935, activeness: 0.40550553069168144, primalobj: 0.9818807859891447, dualobj: -Inf
solve--
end solve-- RelaxOptimal OPTIMAL
 weights_sum: 0.9999999999999998
itereffortlevel: 0
--separating...
--find a better primal bound 0.3171161655194027 by Alternative descent Eigen
--found a cut state by heuristic 0.3171161655194027 0.04249453072011059 
iteration: 349,  #states: 1455, valueb: 0.04249453072011059, activeness: 0.3171161655194027, primalobj: 0.9817660822534923, dualobj: -Inf
solve--
end solve-- RelaxOptimal OPTIMAL
 weights_sum: 1.0
itereffortlevel: 0
--separating...
--find a better primal bound 0.31507123809200166 by Alternative descent Eigen
--found a cut state by heuristic 0.31507123809200166 0.0718951092749746 
iteration: 350,  #states: 1456, valueb: 0.0718951092749746, activeness: 0.31507123809200166, primalobj: 0.9816489224443359, dualobj: -Inf
solve--
end solve-- RelaxOptimal OPTIMAL
 weights_sum: 1.0000002589735466
itereffortlevel: 0
--separating...
--find a better primal bound 0.3699359808945874 by Alternative descent Eigen
--found a cut state by heuristic 0.3699359808945874 0.08291425318088468 
iteration: 351,  #states: 1457, valueb: 0.08291425318088468, activeness: 0.3699359808945874, primalobj: 0.9815930625534128, dualobj: -Inf
solve--
end solve-- RelaxOptimal OPTIMAL
 weights_sum: 1.000000000000001
itereffortlevel: 0
--separating...
--find a better primal bound 0.33265356996159196 by Alternative descent Eigen
--found a cut state by heuristic 0.33265356996159196 0.07710636110620961 
iteration: 352,  #states: 1458, valueb: 0.07710636110620961, activeness: 0.33265356996159196, primalobj: 0.9815097669568986, dualobj: -Inf
solve--
end solve-- RelaxOptimal OPTIMAL
 weights_sum: 0.9999999999999984
itereffortlevel: 0
--separating...
--find a better primal bound 0.39073516289206567 by Alternative descent Eigen
--found a cut state by heuristic 0.39073516289206567 0.07777210634908362 
iteration: 353,  #states: 1459, valueb: 0.07777210634908362, activeness: 0.39073516289206567, primalobj: 0.9814583480677341, dualobj: -Inf
solve--
end solve-- RelaxOptimal OPTIMAL
 weights_sum: 1.0000000000000004
itereffortlevel: 0
--separating...
--find a better primal bound 0.46732203526807214 by Alternative descent Eigen
--found a cut state by heuristic 0.46732203526807214 0.09535310353980875 
iteration: 354,  #states: 1460, valueb: 0.09535310353980875, activeness: 0.46732203526807214, primalobj: 0.9813860653930557, dualobj: -Inf
solve--
end solve-- RelaxOptimal OPTIMAL
 weights_sum: 1.0000000000000004
itereffortlevel: 0
--separating...
--find a better primal bound 0.28590863033941794 by Alternative descent Eigen
--found a cut state by heuristic 0.28590863033941794 0.03354849595404918 
iteration: 355,  #states: 1461, valueb: 0.03354849595404918, activeness: 0.28590863033941794, primalobj: 0.9812976688710828, dualobj: -Inf
solve--
end solve-- RelaxOptimal OPTIMAL
 weights_sum: 1.0000000000000004
itereffortlevel: 0
--separating...
--find a better primal bound 0.2931463343023786 by Alternative descent Eigen
--found a cut state by heuristic 0.2931463343023786 0.05853293282075586 
iteration: 356,  #states: 1462, valueb: 0.05853293282075586, activeness: 0.2931463343023786, primalobj: 0.9812076660200548, dualobj: -Inf
solve--
end solve-- RelaxOptimal OPTIMAL
 weights_sum: 1.0
itereffortlevel: 0
--separating...
--find a better primal bound 0.39226047921731527 by Alternative descent Eigen
--found a cut state by heuristic 0.39226047921731527 0.050703386918616596 
iteration: 357,  #states: 1463, valueb: 0.050703386918616596, activeness: 0.39226047921731527, primalobj: 0.9811650794084256, dualobj: -Inf
solve--
end solve-- RelaxOptimal OPTIMAL
 weights_sum: 1.0000004913944467
itereffortlevel: 0
--separating...
--find a better primal bound 0.23629515306113102 by Alternative descent Eigen
--found a cut state by heuristic 0.23629515306113102 0.021947562808411498 
iteration: 358,  #states: 1464, valueb: 0.021947562808411498, activeness: 0.23629515306113102, primalobj: 0.9810773640682591, dualobj: -Inf
solve--
end solve-- RelaxOptimal OPTIMAL
 weights_sum: 1.0000000000000013
itereffortlevel: 0
--separating...
--find a better primal bound 0.3311277882257317 by Alternative descent Eigen
--found a cut state by heuristic 0.3311277882257317 0.03457498991979106 
iteration: 359,  #states: 1465, valueb: 0.03457498991979106, activeness: 0.3311277882257317, primalobj: 0.9810159854810636, dualobj: -Inf
solve--
end solve-- RelaxOptimal OPTIMAL
 weights_sum: 0.9999999999999998
itereffortlevel: 0
--separating...
--find a better primal bound 0.3706286141219248 by Alternative descent Eigen
--found a cut state by heuristic 0.3706286141219248 0.02855966018324183 
iteration: 360,  #states: 1466, valueb: 0.02855966018324183, activeness: 0.3706286141219248, primalobj: 0.9809242198663832, dualobj: -Inf
solve--
end solve-- RelaxOptimal OPTIMAL
 weights_sum: 1.0000001353591972
itereffortlevel: 0
--separating...
--find a better primal bound 0.2438009007647196 by Alternative descent Eigen
--found a cut state by heuristic 0.2438009007647196 0.01668295826196807 
iteration: 361,  #states: 1467, valueb: 0.01668295826196807, activeness: 0.2438009007647196, primalobj: 0.9808099077250756, dualobj: -Inf
solve--
end solve-- RelaxOptimal OPTIMAL
 weights_sum: 0.9999999999999992
itereffortlevel: 0
--separating...
--find a better primal bound 0.3336102332274639 by Alternative descent Eigen
--found a cut state by heuristic 0.3336102332274639 0.026242525127405478 
iteration: 362,  #states: 1468, valueb: 0.026242525127405478, activeness: 0.3336102332274639, primalobj: 0.9807708279593261, dualobj: -Inf
solve--
end solve-- RelaxOptimal OPTIMAL
 weights_sum: 1.0000000000000018
itereffortlevel: 0
--separating...
--find a better primal bound 0.2527231481301557 by Alternative descent Eigen
--found a cut state by heuristic 0.2527231481301557 0.0152625916738308 
iteration: 363,  #states: 1469, valueb: 0.0152625916738308, activeness: 0.2527231481301557, primalobj: 0.9807124968774065, dualobj: -Inf
solve--
end solve-- RelaxOptimal OPTIMAL
 weights_sum: 1.0000000000000009
itereffortlevel: 0
--separating...
--find a better primal bound 0.24361513527205167 by Alternative descent Eigen
--found a cut state by heuristic 0.24361513527205167 0.011464726471776928 
iteration: 364,  #states: 1470, valueb: 0.011464726471776928, activeness: 0.24361513527205167, primalobj: 0.9806551556501035, dualobj: -Inf
solve--
end solve-- RelaxOptimal OPTIMAL
 weights_sum: 1.0000000000000004
itereffortlevel: 0
--separating...
--find a better primal bound 0.1389377779450821 by Alternative descent Eigen
--found a cut state by heuristic 0.1389377779450821 0.01911194147643435 
iteration: 365,  #states: 1471, valueb: 0.01911194147643435, activeness: 0.1389377779450821, primalobj: 0.9805966437653766, dualobj: -Inf
solve--
end solve-- RelaxOptimal OPTIMAL
 weights_sum: 0.9999999999999998
itereffortlevel: 0
--separating...
--find a better primal bound 0.32029173574820174 by Alternative descent Eigen
--found a cut state by heuristic 0.32029173574820174 0.012501468410825325 
iteration: 366,  #states: 1472, valueb: 0.012501468410825325, activeness: 0.32029173574820174, primalobj: 0.980567233697219, dualobj: -Inf
solve--
end solve-- RelaxOptimal OPTIMAL
 weights_sum: 0.9999999999999999
itereffortlevel: 0
--separating...
--find a better primal bound 0.3523897812291261 by Alternative descent Eigen
--found a cut state by heuristic 0.3523897812291261 0.03793589431848866 
iteration: 367,  #states: 1473, valueb: 0.03793589431848866, activeness: 0.3523897812291261, primalobj: 0.9804154268781332, dualobj: -Inf
solve--
end solve-- RelaxOptimal OPTIMAL
 weights_sum: 0.9999999999999999
itereffortlevel: 0
--separating...
--find a better primal bound 0.3258441633620359 by Alternative descent Eigen
--found a cut state by heuristic 0.3258441633620359 0.006661428157778712 
iteration: 368,  #states: 1474, valueb: 0.006661428157778712, activeness: 0.3258441633620359, primalobj: 0.9802832144660101, dualobj: -Inf
solve--
end solve-- RelaxOptimal OPTIMAL
 weights_sum: 1.0
itereffortlevel: 0
--separating...
--find a better primal bound 0.4185689936358416 by Alternative descent Eigen
--found a cut state by heuristic 0.4185689936358416 -0.0 
iteration: 369,  #states: 1475, valueb: -0.0, activeness: 0.4185689936358416, primalobj: 0.9801797693528922, dualobj: -Inf
solve--
end solve-- RelaxOptimal OPTIMAL
 weights_sum: 1.0000000000000009
itereffortlevel: 0
--separating...
--find a better primal bound 0.34355553717125714 by Alternative descent Eigen
--found a cut state by heuristic 0.34355553717125714 0.08020029184007023 
iteration: 370,  #states: 1476, valueb: 0.08020029184007023, activeness: 0.34355553717125714, primalobj: 0.9800624053390086, dualobj: -Inf
solve--
end solve-- RelaxOptimal OPTIMAL
 weights_sum: 1.0
itereffortlevel: 0
--separating...
--find a better primal bound 0.42793507104594597 by Alternative descent Eigen
--found a cut state by heuristic 0.42793507104594597 0.07098671438608703 
iteration: 371,  #states: 1477, valueb: 0.07098671438608703, activeness: 0.42793507104594597, primalobj: 0.9800085690470735, dualobj: -Inf
solve--
end solve-- RelaxOptimal OPTIMAL
 weights_sum: 1.0000000000000002
itereffortlevel: 0
--separating...
--find a better primal bound 0.26919095455707026 by Alternative descent Eigen
--found a cut state by heuristic 0.26919095455707026 0.015290531419812476 
iteration: 372,  #states: 1478, valueb: 0.015290531419812476, activeness: 0.26919095455707026, primalobj: 0.9798492258227129, dualobj: -Inf
solve--
end solve-- RelaxOptimal OPTIMAL
 weights_sum: 1.0
itereffortlevel: 0
--separating...
--find a better primal bound 0.2488967853630095 by Alternative descent Eigen
--found a cut state by heuristic 0.2488967853630095 0.01920535862000787 
iteration: 373,  #states: 1479, valueb: 0.01920535862000787, activeness: 0.2488967853630095, primalobj: 0.9797728711491045, dualobj: -Inf
solve--
end solve-- RelaxOptimal OPTIMAL
 weights_sum: 1.0000000369955862
itereffortlevel: 0
--separating...
--find a better primal bound 0.27833516516997614 by Alternative descent Eigen
--found a cut state by heuristic 0.27833516516997614 0.03138730494831847 
iteration: 374,  #states: 1480, valueb: 0.03138730494831847, activeness: 0.27833516516997614, primalobj: 0.9797028194786245, dualobj: -Inf
solve--
end solve-- RelaxOptimal OPTIMAL
 weights_sum: 0.9999999999999991
itereffortlevel: 0
--separating...
--find a better primal bound 0.1868249077099013 by Alternative descent Eigen
--found a cut state by heuristic 0.1868249077099013 0.03770367076833614 
iteration: 375,  #states: 1481, valueb: 0.03770367076833614, activeness: 0.1868249077099013, primalobj: 0.9796142405320816, dualobj: -Inf
solve--
end solve-- RelaxOptimal OPTIMAL
 weights_sum: 1.000000000000001
itereffortlevel: 0
--separating...
--find a better primal bound 0.23053150784334564 by Alternative descent Eigen
--found a cut state by heuristic 0.23053150784334564 0.02643874682242084 
iteration: 376,  #states: 1482, valueb: 0.02643874682242084, activeness: 0.23053150784334564, primalobj: 0.9795884341040836, dualobj: -Inf
solve--
end solve-- RelaxOptimal OPTIMAL
 weights_sum: 0.9999999999999998
itereffortlevel: 0
--separating...
--find a better primal bound 0.3715134478601895 by Alternative descent Eigen
--found a cut state by heuristic 0.3715134478601895 0.023670219730354092 
iteration: 377,  #states: 1483, valueb: 0.023670219730354092, activeness: 0.3715134478601895, primalobj: 0.9794998692458913, dualobj: -Inf
solve--
end solve-- RelaxOptimal OPTIMAL
 weights_sum: 1.0000001545588133
itereffortlevel: 0
--separating...
--find a better primal bound 0.3115708456562081 by Alternative descent Eigen
--found a cut state by heuristic 0.3115708456562081 0.02473446406051141 
iteration: 378,  #states: 1484, valueb: 0.02473446406051141, activeness: 0.3115708456562081, primalobj: 0.9793171794737632, dualobj: -Inf
solve--
end solve-- RelaxOptimal OPTIMAL
 weights_sum: 1.0000000000000009
itereffortlevel: 0
--separating...
--find a better primal bound 0.3218298940622171 by Alternative descent Eigen
--found a cut state by heuristic 0.3218298940622171 0.034521842924729686 
iteration: 379,  #states: 1485, valueb: 0.034521842924729686, activeness: 0.3218298940622171, primalobj: 0.9791821231768627, dualobj: -Inf
solve--
end solve-- RelaxOptimal OPTIMAL
 weights_sum: 0.9999999999999996
itereffortlevel: 0
--separating...
--find a better primal bound 0.340400792758392 by Alternative descent Eigen
--found a cut state by heuristic 0.340400792758392 0.012144638629336688 
iteration: 380,  #states: 1486, valueb: 0.012144638629336688, activeness: 0.340400792758392, primalobj: 0.9790735102475404, dualobj: -Inf
solve--
end solve-- RelaxOptimal OPTIMAL
 weights_sum: 0.9999999999999998
itereffortlevel: 0
--separating...
--find a better primal bound 0.33451579410511545 by Alternative descent Eigen
--found a cut state by heuristic 0.33451579410511545 0.007778807432672466 
iteration: 381,  #states: 1487, valueb: 0.007778807432672466, activeness: 0.33451579410511545, primalobj: 0.9789587515357138, dualobj: -Inf
solve--
end solve-- RelaxOptimal OPTIMAL
 weights_sum: 1.0
itereffortlevel: 0
--separating...
--find a better primal bound 0.3299107242923821 by Alternative descent Eigen
--found a cut state by heuristic 0.3299107242923821 0.009569583196933604 
iteration: 382,  #states: 1488, valueb: 0.009569583196933604, activeness: 0.3299107242923821, primalobj: 0.9788968278925083, dualobj: -Inf
solve--
end solve-- RelaxOptimal OPTIMAL
 weights_sum: 1.000000000000002
itereffortlevel: 0
--separating...
--find a better primal bound 0.2731746766029006 by Alternative descent Eigen
--found a cut state by heuristic 0.2731746766029006 0.035634486421743605 
iteration: 383,  #states: 1489, valueb: 0.035634486421743605, activeness: 0.2731746766029006, primalobj: 0.9788132637886013, dualobj: -Inf
solve--
end solve-- RelaxOptimal OPTIMAL
 weights_sum: 1.0000000000000009
itereffortlevel: 0
--separating...
--find a better primal bound 0.2504805744762688 by Alternative descent Eigen
--found a cut state by heuristic 0.2504805744762688 0.031375622767602994 
iteration: 384,  #states: 1490, valueb: 0.031375622767602994, activeness: 0.2504805744762688, primalobj: 0.9787331107337716, dualobj: -Inf
solve--
end solve-- RelaxOptimal OPTIMAL
 weights_sum: 0.9999999999999989
itereffortlevel: 0
--separating...
--find a better primal bound 0.22176754389409228 by Alternative descent Eigen
--found a cut state by heuristic 0.22176754389409228 0.020525424179452544 
iteration: 385,  #states: 1491, valueb: 0.020525424179452544, activeness: 0.22176754389409228, primalobj: 0.9786339780496887, dualobj: -Inf
solve--
end solve-- RelaxOptimal OPTIMAL
 weights_sum: 1.0000000000000002
itereffortlevel: 0
--separating...
--find a better primal bound 0.24222241073322803 by Alternative descent Eigen
--found a cut state by heuristic 0.24222241073322803 0.03652192249354394 
iteration: 386,  #states: 1492, valueb: 0.03652192249354394, activeness: 0.24222241073322803, primalobj: 0.9785783728313318, dualobj: -Inf
solve--
end solve-- RelaxOptimal OPTIMAL
 weights_sum: 1.0000003256180918
itereffortlevel: 0
--separating...
--find a better primal bound 0.36412764867944747 by Alternative descent Eigen
--found a cut state by heuristic 0.36412764867944747 0.05201059838362723 
iteration: 387,  #states: 1493, valueb: 0.05201059838362723, activeness: 0.36412764867944747, primalobj: 0.9785168664173591, dualobj: -Inf
solve--
end solve-- RelaxOptimal OPTIMAL
 weights_sum: 1.0000000781677334
itereffortlevel: 0
--separating...
--find a better primal bound 0.29627894281905753 by Alternative descent Eigen
--found a cut state by heuristic 0.29627894281905753 0.02873211933147894 
iteration: 388,  #states: 1494, valueb: 0.02873211933147894, activeness: 0.29627894281905753, primalobj: 0.9784162967200727, dualobj: -Inf
solve--
end solve-- RelaxOptimal OPTIMAL
 weights_sum: 1.000000215242446
itereffortlevel: 0
--separating...
--find a better primal bound 0.3298761410361619 by Alternative descent Eigen
--found a cut state by heuristic 0.3298761410361619 0.04183524350359298 
iteration: 389,  #states: 1495, valueb: 0.04183524350359298, activeness: 0.3298761410361619, primalobj: 0.9783292022780861, dualobj: -Inf
solve--
end solve-- RelaxOptimal OPTIMAL
 weights_sum: 0.9999999999999989
itereffortlevel: 0
--separating...
--find a better primal bound 0.3285039498598935 by Alternative descent Eigen
--found a cut state by heuristic 0.3285039498598935 0.04229303205247684 
iteration: 390,  #states: 1496, valueb: 0.04229303205247684, activeness: 0.3285039498598935, primalobj: 0.9782796338693807, dualobj: -Inf
solve--
end solve-- RelaxOptimal OPTIMAL
 weights_sum: 0.9999999999999991
itereffortlevel: 0
--separating...
--find a better primal bound 0.35848707032915966 by Alternative descent Eigen
--found a cut state by heuristic 0.35848707032915966 0.06402207069676913 
iteration: 391,  #states: 1497, valueb: 0.06402207069676913, activeness: 0.35848707032915966, primalobj: 0.9781962217293408, dualobj: -Inf
solve--
end solve-- RelaxOptimal OPTIMAL
 weights_sum: 1.0000000000000009
itereffortlevel: 0
--separating...
--find a better primal bound 0.2714299686764519 by Alternative descent Eigen
--found a cut state by heuristic 0.2714299686764519 0.04454658964616272 
iteration: 392,  #states: 1498, valueb: 0.04454658964616272, activeness: 0.2714299686764519, primalobj: 0.9781329023455885, dualobj: -Inf
solve--
end solve-- RelaxOptimal OPTIMAL
 weights_sum: 1.0000000000000002
itereffortlevel: 0
--separating...
--find a better primal bound 0.21999505676620823 by Alternative descent Eigen
--found a cut state by heuristic 0.21999505676620823 0.021880415024719577 
iteration: 393,  #states: 1499, valueb: 0.021880415024719577, activeness: 0.21999505676620823, primalobj: 0.978060494989764, dualobj: -Inf
solve--
end solve-- RelaxOptimal OPTIMAL
 weights_sum: 1.0
itereffortlevel: 0
--separating...
--find a better primal bound 0.2853506173148693 by Alternative descent Eigen
--found a cut state by heuristic 0.2853506173148693 0.016788883025088908 
iteration: 394,  #states: 1500, valueb: 0.016788883025088908, activeness: 0.2853506173148693, primalobj: 0.9780024259395755, dualobj: -Inf
solve--
end solve-- RelaxOptimal OPTIMAL
 weights_sum: 0.9999999999999996
itereffortlevel: 0
--separating...
--find a better primal bound 0.20953632390605204 by Alternative descent Eigen
--found a cut state by heuristic 0.20953632390605204 0.017062070302269403 
iteration: 395,  #states: 1501, valueb: 0.017062070302269403, activeness: 0.20953632390605204, primalobj: 0.9778995356366145, dualobj: -Inf
solve--
end solve-- RelaxOptimal OPTIMAL
 weights_sum: 1.0000000000000004
itereffortlevel: 0
--separating...
--find a better primal bound 0.2752133781059082 by Alternative descent Eigen
--found a cut state by heuristic 0.2752133781059082 0.008772813666668822 
iteration: 396,  #states: 1502, valueb: 0.008772813666668822, activeness: 0.2752133781059082, primalobj: 0.9778244489016819, dualobj: -Inf
solve--
end solve-- RelaxOptimal OPTIMAL
 weights_sum: 1.0000000000000018
itereffortlevel: 0
--separating...
--find a better primal bound 0.18747144624397313 by Alternative descent Eigen
--found a cut state by heuristic 0.18747144624397313 0.025904730071599564 
iteration: 397,  #states: 1503, valueb: 0.025904730071599564, activeness: 0.18747144624397313, primalobj: 0.9777401428055362, dualobj: -Inf
solve--
end solve-- RelaxOptimal OPTIMAL
 weights_sum: 1.0000003286619767
itereffortlevel: 0
--separating...
--find a better primal bound 0.23258963071158434 by Alternative descent Eigen
--found a cut state by heuristic 0.23258963071158434 0.013232213758992984 
iteration: 398,  #states: 1504, valueb: 0.013232213758992984, activeness: 0.23258963071158434, primalobj: 0.9777108792548546, dualobj: -Inf
solve--
end solve-- RelaxOptimal OPTIMAL
 weights_sum: 0.9999999999999987
itereffortlevel: 0
--separating...
--find a better primal bound 0.25621666609190064 by Alternative descent Eigen
--found a cut state by heuristic 0.25621666609190064 0.008873250074322582 
iteration: 399,  #states: 1505, valueb: 0.008873250074322582, activeness: 0.25621666609190064, primalobj: 0.9776578874221056, dualobj: -Inf
solve--
end solve-- RelaxOptimal OPTIMAL
 weights_sum: 0.9999999999999998
itereffortlevel: 0
--separating...
--find a better primal bound 0.25266948979129683 by Alternative descent Eigen
--found a cut state by heuristic 0.25266948979129683 0.039728183308132964 
iteration: 400,  #states: 1506, valueb: 0.039728183308132964, activeness: 0.25266948979129683, primalobj: 0.9775717338342155, dualobj: -Inf
solve--
end solve-- RelaxOptimal OPTIMAL
 weights_sum: 0.9999999999999991
itereffortlevel: 0
--separating...
--find a better primal bound 0.29977700611524805 by Alternative descent Eigen
--found a cut state by heuristic 0.29977700611524805 0.036494337283192485 
iteration: 401,  #states: 1507, valueb: 0.036494337283192485, activeness: 0.29977700611524805, primalobj: 0.9774590877847233, dualobj: -Inf
solve--
end solve-- RelaxOptimal OPTIMAL
 weights_sum: 0.9999999999999989
itereffortlevel: 0
--separating...
--find a better primal bound 0.30878099315833285 by Alternative descent Eigen
--found a cut state by heuristic 0.30878099315833285 0.013704658036539807 
iteration: 402,  #states: 1508, valueb: 0.013704658036539807, activeness: 0.30878099315833285, primalobj: 0.9773580305531984, dualobj: -Inf
solve--
end solve-- RelaxOptimal OPTIMAL
 weights_sum: 1.0000000000000004
itereffortlevel: 0
--separating...
--find a better primal bound 0.22627633135173655 by Alternative descent Eigen
--found a cut state by heuristic 0.22627633135173655 0.03325569440663063 
iteration: 403,  #states: 1509, valueb: 0.03325569440663063, activeness: 0.22627633135173655, primalobj: 0.9771902833358191, dualobj: -Inf
solve--
end solve-- RelaxOptimal OPTIMAL
 weights_sum: 0.9999999999999986
itereffortlevel: 0
--separating...
--find a better primal bound 0.32236927524379155 by Alternative descent Eigen
--found a cut state by heuristic 0.32236927524379155 0.042286302375369546 
iteration: 404,  #states: 1510, valueb: 0.042286302375369546, activeness: 0.32236927524379155, primalobj: 0.9771049650868645, dualobj: -Inf
solve--
end solve-- RelaxOptimal OPTIMAL
 weights_sum: 1.0000000000000004
itereffortlevel: 0
--separating...
--find a better primal bound 0.2738042223898345 by Alternative descent Eigen
--found a cut state by heuristic 0.2738042223898345 0.039368143419350986 
iteration: 405,  #states: 1511, valueb: 0.039368143419350986, activeness: 0.2738042223898345, primalobj: 0.9769764827005747, dualobj: -Inf
solve--
end solve-- RelaxOptimal OPTIMAL
 weights_sum: 1.000000000000001
itereffortlevel: 0
--separating...
--find a better primal bound 0.23189024599032657 by Alternative descent Eigen
--found a cut state by heuristic 0.23189024599032657 0.03972949801223461 
iteration: 406,  #states: 1512, valueb: 0.03972949801223461, activeness: 0.23189024599032657, primalobj: 0.9768927911924181, dualobj: -Inf
solve--
end solve-- RelaxOptimal OPTIMAL
 weights_sum: 1.0000000000000007
itereffortlevel: 0
--separating...
--find a better primal bound 0.11341754836674517 by Alternative descent Eigen
--found a cut state by heuristic 0.11341754836674517 0.030911394018759884 
iteration: 407,  #states: 1513, valueb: 0.030911394018759884, activeness: 0.11341754836674517, primalobj: 0.9768318299307195, dualobj: -Inf
solve--
end solve-- RelaxOptimal OPTIMAL
 weights_sum: 0.9999999999999992
itereffortlevel: 0
--separating...
--find a better primal bound 0.2776184230468464 by Alternative descent Eigen
--found a cut state by heuristic 0.2776184230468464 0.03776609419230409 
iteration: 408,  #states: 1514, valueb: 0.03776609419230409, activeness: 0.2776184230468464, primalobj: 0.97681026522653, dualobj: -Inf
solve--
end solve-- RelaxOptimal OPTIMAL
 weights_sum: 1.0000000000000004
itereffortlevel: 0
--separating...
--find a better primal bound 0.26110723485380183 by Alternative descent Eigen
--found a cut state by heuristic 0.26110723485380183 0.03238657715183438 
iteration: 409,  #states: 1515, valueb: 0.03238657715183438, activeness: 0.26110723485380183, primalobj: 0.9767303925226122, dualobj: -Inf
solve--
end solve-- RelaxOptimal OPTIMAL
 weights_sum: 1.0000004822988628
itereffortlevel: 0
--separating...
--find a better primal bound 0.10689546021504431 by Alternative descent Eigen
--found a cut state by heuristic 0.10689546021504431 0.007660784078339358 
iteration: 410,  #states: 1516, valueb: 0.007660784078339358, activeness: 0.10689546021504431, primalobj: 0.9766637784450133, dualobj: -Inf
solve--
end solve-- RelaxOptimal OPTIMAL
 weights_sum: 1.0
itereffortlevel: 0
--separating...
--find a better primal bound 0.3321539116853769 by Alternative descent Eigen
--found a cut state by heuristic 0.3321539116853769 0.011283510781904718 
iteration: 411,  #states: 1517, valueb: 0.011283510781904718, activeness: 0.3321539116853769, primalobj: 0.9766479661196724, dualobj: -Inf
solve--
end solve-- RelaxOptimal OPTIMAL
 weights_sum: 1.000000752386642
itereffortlevel: 0
--separating...
--find a better primal bound 0.2259471382346187 by Alternative descent Eigen
--found a cut state by heuristic 0.2259471382346187 0.05578820907484307 
iteration: 412,  #states: 1518, valueb: 0.05578820907484307, activeness: 0.2259471382346187, primalobj: 0.9765586372192016, dualobj: -Inf
solve--
end solve-- RelaxOptimal OPTIMAL
 weights_sum: 0.9999999999999996
itereffortlevel: 0
--separating...
--find a better primal bound 0.41130121040791756 by Alternative descent Eigen
--found a cut state by heuristic 0.41130121040791756 0.04167030211312669 
iteration: 413,  #states: 1519, valueb: 0.04167030211312669, activeness: 0.41130121040791756, primalobj: 0.9765118275231085, dualobj: -Inf
solve--
end solve-- RelaxOptimal OPTIMAL
 weights_sum: 0.9999999999999993
itereffortlevel: 0
--separating...
--find a better primal bound 0.30722326036681025 by Alternative descent Eigen
--found a cut state by heuristic 0.30722326036681025 0.010869276191810185 
iteration: 414,  #states: 1520, valueb: 0.010869276191810185, activeness: 0.30722326036681025, primalobj: 0.9763657505859629, dualobj: -Inf
solve--
end solve-- RelaxOptimal OPTIMAL
 weights_sum: 0.9999999999999996
itereffortlevel: 0
--separating...
--find a better primal bound 0.28514396712445467 by Alternative descent Eigen
--found a cut state by heuristic 0.28514396712445467 0.04184558964222042 
iteration: 415,  #states: 1521, valueb: 0.04184558964222042, activeness: 0.28514396712445467, primalobj: 0.9762942563713227, dualobj: -Inf
solve--
end solve-- RelaxOptimal OPTIMAL
 weights_sum: 0.9999999999999991
itereffortlevel: 0
--separating...
--find a better primal bound 0.19679800059197472 by Alternative descent Eigen
--found a cut state by heuristic 0.19679800059197472 0.04317075283984461 
iteration: 416,  #states: 1522, valueb: 0.04317075283984461, activeness: 0.19679800059197472, primalobj: 0.976238264925916, dualobj: -Inf
solve--
end solve-- RelaxOptimal OPTIMAL
 weights_sum: 0.9999999999999999
itereffortlevel: 0
--separating...
--find a better primal bound 0.26127886162145025 by Alternative descent Eigen
--found a cut state by heuristic 0.26127886162145025 0.017021481644947836 
iteration: 417,  #states: 1523, valueb: 0.017021481644947836, activeness: 0.26127886162145025, primalobj: 0.9761811795630007, dualobj: -Inf
solve--
end solve-- RelaxOptimal OPTIMAL
 weights_sum: 0.9999999999999998
itereffortlevel: 0
--separating...
--find a better primal bound 0.12632480423015674 by Alternative descent Eigen
--found a cut state by heuristic 0.12632480423015674 -0.0 
iteration: 418,  #states: 1524, valueb: -0.0, activeness: 0.12632480423015674, primalobj: 0.9761299259478303, dualobj: -Inf
solve--
end solve-- RelaxOptimal OPTIMAL
 weights_sum: 0.9999999999999993
itereffortlevel: 0
--separating...
--find a better primal bound 0.17658246295799618 by Alternative descent Eigen
--found a cut state by heuristic 0.17658246295799618 0.04821899453574652 
iteration: 419,  #states: 1525, valueb: 0.04821899453574652, activeness: 0.17658246295799618, primalobj: 0.9761145686202406, dualobj: -Inf
solve--
end solve-- RelaxOptimal OPTIMAL
 weights_sum: 0.9999999999999996
itereffortlevel: 0
--separating...
--find a better primal bound 0.3200694673925378 by Alternative descent Eigen
--found a cut state by heuristic 0.3200694673925378 0.024715033574989376 
iteration: 420,  #states: 1526, valueb: 0.024715033574989376, activeness: 0.3200694673925378, primalobj: 0.9760897381815632, dualobj: -Inf
solve--
end solve-- RelaxOptimal OPTIMAL
 weights_sum: 1.0000000000000007
itereffortlevel: 0
--separating...
--find a better primal bound 0.2989100202129873 by Alternative descent Eigen
--found a cut state by heuristic 0.2989100202129873 0.010354594664983782 
iteration: 421,  #states: 1527, valueb: 0.010354594664983782, activeness: 0.2989100202129873, primalobj: 0.9759887463784951, dualobj: -Inf
solve--
end solve-- RelaxOptimal OPTIMAL
 weights_sum: 1.000000006813784
itereffortlevel: 0
--separating...
--find a better primal bound 0.2192409839726574 by Alternative descent Eigen
--found a cut state by heuristic 0.2192409839726574 0.013674887729154145 
iteration: 422,  #states: 1528, valueb: 0.013674887729154145, activeness: 0.2192409839726574, primalobj: 0.9759012515372966, dualobj: -Inf
solve--
end solve-- RelaxOptimal OPTIMAL
 weights_sum: 1.0000000000000004
itereffortlevel: 0
--separating...
--find a better primal bound 0.2391619131336407 by Alternative descent Eigen
--found a cut state by heuristic 0.2391619131336407 0.037824154787163666 
iteration: 423,  #states: 1529, valueb: 0.037824154787163666, activeness: 0.2391619131336407, primalobj: 0.975864772124049, dualobj: -Inf
solve--
end solve-- RelaxOptimal OPTIMAL
 weights_sum: 1.0000000880321918
itereffortlevel: 0
--separating...
--find a better primal bound 0.2490757455354655 by Alternative descent Eigen
--found a cut state by heuristic 0.2490757455354655 0.04406076252426579 
iteration: 424,  #states: 1530, valueb: 0.04406076252426579, activeness: 0.2490757455354655, primalobj: 0.975825562321446, dualobj: -Inf
solve--
end solve-- RelaxOptimal OPTIMAL
 weights_sum: 1.0000000000000002
itereffortlevel: 0
--separating...
--find a better primal bound 0.18745396787098964 by Alternative descent Eigen
--found a cut state by heuristic 0.18745396787098964 0.017808959971241854 
iteration: 425,  #states: 1531, valueb: 0.017808959971241854, activeness: 0.18745396787098964, primalobj: 0.9757695616884969, dualobj: -Inf
solve--
end solve-- RelaxOptimal OPTIMAL
 weights_sum: 1.0000000000000002
itereffortlevel: 0
--separating...
--find a better primal bound 0.3026858072989562 by Alternative descent Eigen
--found a cut state by heuristic 0.3026858072989562 0.023987935103888042 
iteration: 426,  #states: 1532, valueb: 0.023987935103888042, activeness: 0.3026858072989562, primalobj: 0.975729247304133, dualobj: -Inf
solve--
end solve-- RelaxOptimal OPTIMAL
 weights_sum: 1.0000000000000007
itereffortlevel: 0
--separating...
--find a better primal bound 0.23768786639985737 by Alternative descent Eigen
--found a cut state by heuristic 0.23768786639985737 0.01751016508169497 
iteration: 427,  #states: 1533, valueb: 0.01751016508169497, activeness: 0.23768786639985737, primalobj: 0.9756397002809638, dualobj: -Inf
solve--
end solve-- RelaxOptimal OPTIMAL
 weights_sum: 1.000000620934184
itereffortlevel: 0
--separating...
--find a better primal bound 0.2778203155851315 by Alternative descent Eigen
--found a cut state by heuristic 0.2778203155851315 0.009593668146004233 
iteration: 428,  #states: 1534, valueb: 0.009593668146004233, activeness: 0.2778203155851315, primalobj: 0.9755705413836391, dualobj: -Inf
solve--
end solve-- RelaxOptimal OPTIMAL
 weights_sum: 1.0000000000000002
itereffortlevel: 0
--separating...
--find a better primal bound 0.24558428718550582 by Alternative descent Eigen
--found a cut state by heuristic 0.24558428718550582 0.023069427455760873 
iteration: 429,  #states: 1535, valueb: 0.023069427455760873, activeness: 0.24558428718550582, primalobj: 0.9754884176670954, dualobj: -Inf
solve--
end solve-- RelaxOptimal OPTIMAL
 weights_sum: 0.9999999999999994
itereffortlevel: 0
--separating...
--find a better primal bound 0.14572647157322813 by Alternative descent Eigen
--found a cut state by heuristic 0.14572647157322813 0.01249729589566253 
iteration: 430,  #states: 1536, valueb: 0.01249729589566253, activeness: 0.14572647157322813, primalobj: 0.9754014236582802, dualobj: -Inf
solve--
end solve-- RelaxOptimal OPTIMAL
 weights_sum: 1.0000000000000016
itereffortlevel: 0
--separating...
--find a better primal bound 0.21687063557322783 by Alternative descent Eigen
--found a cut state by heuristic 0.21687063557322783 0.011871215313324607 
iteration: 431,  #states: 1537, valueb: 0.011871215313324607, activeness: 0.21687063557322783, primalobj: 0.975376810584552, dualobj: -Inf
solve--
end solve-- RelaxOptimal OPTIMAL
 weights_sum: 0.9999999999999991
itereffortlevel: 0
--separating...
--find a better primal bound 0.32384087386025384 by Alternative descent Eigen
--found a cut state by heuristic 0.32384087386025384 0.016407032125884236 
iteration: 432,  #states: 1538, valueb: 0.016407032125884236, activeness: 0.32384087386025384, primalobj: 0.9753143641487955, dualobj: -Inf
solve--
end solve-- RelaxOptimal OPTIMAL
 weights_sum: 0.9999999999999993
itereffortlevel: 0
--separating...
--find a better primal bound 0.28858418252911466 by Alternative descent Eigen
--found a cut state by heuristic 0.28858418252911466 0.045933249738580484 
iteration: 433,  #states: 1539, valueb: 0.045933249738580484, activeness: 0.28858418252911466, primalobj: 0.9752629857860948, dualobj: -Inf
solve--
end solve-- RelaxOptimal OPTIMAL
 weights_sum: 0.9999999999999987
itereffortlevel: 0
--separating...
--find a better primal bound 0.30471359331162956 by Alternative descent Eigen
--found a cut state by heuristic 0.30471359331162956 0.049820044512210435 
iteration: 434,  #states: 1540, valueb: 0.049820044512210435, activeness: 0.30471359331162956, primalobj: 0.9751626450583627, dualobj: -Inf
solve--
end solve-- RelaxOptimal OPTIMAL
 weights_sum: 0.9999999999999987
itereffortlevel: 0
--separating...
--find a better primal bound 0.16069439191584325 by Alternative descent Eigen
--found a cut state by heuristic 0.16069439191584325 0.022201168715131447 
iteration: 435,  #states: 1541, valueb: 0.022201168715131447, activeness: 0.16069439191584325, primalobj: 0.9751227847662363, dualobj: -Inf
solve--
end solve-- RelaxOptimal OPTIMAL
 weights_sum: 1.0000000000000004
itereffortlevel: 0
--separating...
--find a better primal bound 0.20812175600560942 by Alternative descent Eigen
--found a cut state by heuristic 0.20812175600560942 0.036203249682415915 
iteration: 436,  #states: 1542, valueb: 0.036203249682415915, activeness: 0.20812175600560942, primalobj: 0.9750962644438991, dualobj: -Inf
solve--
end solve-- RelaxOptimal OPTIMAL
 weights_sum: 1.0000000000000002
itereffortlevel: 0
--separating...
--find a better primal bound 0.15914259203774772 by Alternative descent Eigen
--found a cut state by heuristic 0.15914259203774772 0.01172183389629895 
iteration: 437,  #states: 1543, valueb: 0.01172183389629895, activeness: 0.15914259203774772, primalobj: 0.9750513399409431, dualobj: -Inf
solve--
end solve-- RelaxOptimal OPTIMAL
 weights_sum: 0.9999999999999998
itereffortlevel: 0
--separating...
--find a better primal bound 0.2559344469063102 by Alternative descent Eigen
--found a cut state by heuristic 0.2559344469063102 0.030021567076369805 
iteration: 438,  #states: 1544, valueb: 0.030021567076369805, activeness: 0.2559344469063102, primalobj: 0.9750228633192475, dualobj: -Inf
solve--
end solve-- RelaxOptimal OPTIMAL
 weights_sum: 1.0000000000000009
itereffortlevel: 0
--separating...
--find a better primal bound 0.2494167247948494 by Alternative descent Eigen
--found a cut state by heuristic 0.2494167247948494 0.029340274749200538 
iteration: 439,  #states: 1545, valueb: 0.029340274749200538, activeness: 0.2494167247948494, primalobj: 0.97496540167193, dualobj: -Inf
solve--
end solve-- RelaxOptimal OPTIMAL
 weights_sum: 1.0000000000000022
itereffortlevel: 0
--separating...
--find a better primal bound 0.3837501479458854 by Alternative descent Eigen
--found a cut state by heuristic 0.3837501479458854 0.02030170404904865 
iteration: 440,  #states: 1546, valueb: 0.02030170404904865, activeness: 0.3837501479458854, primalobj: 0.9749164045600348, dualobj: -Inf
solve--
end solve-- RelaxOptimal OPTIMAL
 weights_sum: 1.0000007224025074
itereffortlevel: 0
--separating...
--find a better primal bound 0.28416133590981274 by Alternative descent Eigen
--found a cut state by heuristic 0.28416133590981274 0.017828736970384444 
iteration: 441,  #states: 1547, valueb: 0.017828736970384444, activeness: 0.28416133590981274, primalobj: 0.9748144758736867, dualobj: -Inf
solve--
end solve-- RelaxOptimal OPTIMAL
 weights_sum: 1.0000000000000013
itereffortlevel: 0
--separating...
--find a better primal bound 0.2694206148924494 by Alternative descent Eigen
--found a cut state by heuristic 0.2694206148924494 0.01531789570768897 
iteration: 442,  #states: 1548, valueb: 0.01531789570768897, activeness: 0.2694206148924494, primalobj: 0.9747297519230138, dualobj: -Inf
solve--
end solve-- RelaxOptimal OPTIMAL
 weights_sum: 1.000000077218757
itereffortlevel: 0
--separating...
--find a better primal bound 0.22001650344185347 by Alternative descent Eigen
--found a cut state by heuristic 0.22001650344185347 0.006506907366766131 
iteration: 443,  #states: 1549, valueb: 0.006506907366766131, activeness: 0.22001650344185347, primalobj: 0.9746645348353007, dualobj: -Inf
solve--
end solve-- RelaxOptimal OPTIMAL
 weights_sum: 1.0000000000000002
itereffortlevel: 0
--separating...
--find a better primal bound 0.2229842003244426 by Alternative descent Eigen
--found a cut state by heuristic 0.2229842003244426 0.03835516803696707 
iteration: 444,  #states: 1550, valueb: 0.03835516803696707, activeness: 0.2229842003244426, primalobj: 0.9746083605673269, dualobj: -Inf
solve--
end solve-- RelaxOptimal OPTIMAL
 weights_sum: 1.0000000000000002
itereffortlevel: 0
--separating...
--find a better primal bound 0.29776792732016766 by Alternative descent Eigen
--found a cut state by heuristic 0.29776792732016766 0.03861721593132621 
iteration: 445,  #states: 1551, valueb: 0.03861721593132621, activeness: 0.29776792732016766, primalobj: 0.9745882620833403, dualobj: -Inf
solve--
end solve-- RelaxOptimal OPTIMAL
 weights_sum: 1.0000000000000004
itereffortlevel: 0
--separating...
--find a better primal bound 0.1701601610164556 by Alternative descent Eigen
--found a cut state by heuristic 0.1701601610164556 0.0021034577866078084 
iteration: 446,  #states: 1552, valueb: 0.0021034577866078084, activeness: 0.1701601610164556, primalobj: 0.9745024478305968, dualobj: -Inf
solve--
end solve-- RelaxOptimal OPTIMAL
 weights_sum: 1.0000002157455403
itereffortlevel: 0
--separating...
--find a better primal bound 0.2419140329381009 by Alternative descent Eigen
--found a cut state by heuristic 0.2419140329381009 0.005210935174775038 
iteration: 447,  #states: 1553, valueb: 0.005210935174775038, activeness: 0.2419140329381009, primalobj: 0.9744672836635181, dualobj: -Inf
solve--
end solve-- RelaxOptimal OPTIMAL
 weights_sum: 0.999999999999999
itereffortlevel: 0
--separating...
--find a better primal bound 0.1898955461035387 by Alternative descent Eigen
--found a cut state by heuristic 0.1898955461035387 0.004097599192590259 
iteration: 448,  #states: 1554, valueb: 0.004097599192590259, activeness: 0.1898955461035387, primalobj: 0.9744074444420943, dualobj: -Inf
solve--
end solve-- RelaxOptimal OPTIMAL
 weights_sum: 1.0000000000000009
itereffortlevel: 0
--separating...
--find a better primal bound 0.22731942092196467 by Alternative descent Eigen
--found a cut state by heuristic 0.22731942092196467 0.03658137708757514 
iteration: 449,  #states: 1555, valueb: 0.03658137708757514, activeness: 0.22731942092196467, primalobj: 0.9743682715101727, dualobj: -Inf
solve--
end solve-- RelaxOptimal OPTIMAL
 weights_sum: 1.0000000000000004
itereffortlevel: 0
--separating...
--find a better primal bound 0.2958452369840685 by Alternative descent Eigen
--found a cut state by heuristic 0.2958452369840685 0.05265435086914867 
iteration: 450,  #states: 1556, valueb: 0.05265435086914867, activeness: 0.2958452369840685, primalobj: 0.9743260758197221, dualobj: -Inf
solve--
end solve-- RelaxOptimal OPTIMAL
 weights_sum: 0.9999999999999989
itereffortlevel: 0
--separating...
--find a better primal bound 0.301477564519337 by Alternative descent Eigen
--found a cut state by heuristic 0.301477564519337 0.06058634946396739 
iteration: 451,  #states: 1557, valueb: 0.06058634946396739, activeness: 0.301477564519337, primalobj: 0.9742562991047734, dualobj: -Inf
solve--
end solve-- RelaxOptimal OPTIMAL
 weights_sum: 1.0
itereffortlevel: 0
--separating...
--find a better primal bound 0.20291865943658186 by Alternative descent Eigen
--found a cut state by heuristic 0.20291865943658186 0.03185507123549705 
iteration: 452,  #states: 1558, valueb: 0.03185507123549705, activeness: 0.20291865943658186, primalobj: 0.9742115205923574, dualobj: -Inf
solve--
end solve-- RelaxOptimal OPTIMAL
 weights_sum: 1.0000000000000002
itereffortlevel: 0
--separating...
--find a better primal bound 0.17554771472923675 by Alternative descent Eigen
--found a cut state by heuristic 0.17554771472923675 0.035474166771792666 
iteration: 453,  #states: 1559, valueb: 0.035474166771792666, activeness: 0.17554771472923675, primalobj: 0.974163639058457, dualobj: -Inf
solve--
end solve-- RelaxOptimal OPTIMAL
 weights_sum: 1.0000006352538706
itereffortlevel: 0
--separating...
--find a better primal bound 0.21792006334190228 by Alternative descent Eigen
--found a cut state by heuristic 0.21792006334190228 0.03927341616579129 
iteration: 454,  #states: 1560, valueb: 0.03927341616579129, activeness: 0.21792006334190228, primalobj: 0.974115641492853, dualobj: -Inf
solve--
end solve-- RelaxOptimal OPTIMAL
 weights_sum: 1.0000000000000004
itereffortlevel: 0
--separating...
--find a better primal bound 0.23229810480545168 by Alternative descent Eigen
--found a cut state by heuristic 0.23229810480545168 0.04275226220915821 
iteration: 455,  #states: 1561, valueb: 0.04275226220915821, activeness: 0.23229810480545168, primalobj: 0.9740780654477567, dualobj: -Inf
solve--
end solve-- RelaxOptimal OPTIMAL
 weights_sum: 1.0000000000000013
itereffortlevel: 0
--separating...
--find a better primal bound 0.19709725099961828 by Alternative descent Eigen
--found a cut state by heuristic 0.19709725099961828 0.047325000016183116 
iteration: 456,  #states: 1562, valueb: 0.047325000016183116, activeness: 0.19709725099961828, primalobj: 0.9740444484034081, dualobj: -Inf
solve--
end solve-- RelaxOptimal OPTIMAL
 weights_sum: 0.9999999999999996
itereffortlevel: 0
--separating...
--find a better primal bound 0.17917473127776512 by Alternative descent Eigen
--found a cut state by heuristic 0.17917473127776512 0.04882246943730494 
iteration: 457,  #states: 1563, valueb: 0.04882246943730494, activeness: 0.17917473127776512, primalobj: 0.9740230574702547, dualobj: -Inf
solve--
end solve-- RelaxOptimal OPTIMAL
 weights_sum: 0.9999999999999996
itereffortlevel: 0
--separating...
--find a better primal bound 0.23049479356129424 by Alternative descent Eigen
--found a cut state by heuristic 0.23049479356129424 0.04380037963566856 
iteration: 458,  #states: 1564, valueb: 0.04380037963566856, activeness: 0.23049479356129424, primalobj: 0.9739902284581148, dualobj: -Inf
solve--
end solve-- RelaxOptimal OPTIMAL
 weights_sum: 1.000000998365568
itereffortlevel: 0
--separating...
--find a better primal bound 0.23483313614692058 by Alternative descent Eigen
--found a cut state by heuristic 0.23483313614692058 0.05157286137528105 
iteration: 459,  #states: 1565, valueb: 0.05157286137528105, activeness: 0.23483313614692058, primalobj: 0.9739417268756996, dualobj: -Inf
solve--
end solve-- RelaxOptimal OPTIMAL
 weights_sum: 0.9999999999999988
itereffortlevel: 0
--separating...
--find a better primal bound 0.21823139889487034 by Alternative descent Eigen
--found a cut state by heuristic 0.21823139889487034 0.034197035572208004 
iteration: 460,  #states: 1566, valueb: 0.034197035572208004, activeness: 0.21823139889487034, primalobj: 0.9739092005446688, dualobj: -Inf
solve--
end solve-- RelaxOptimal OPTIMAL
 weights_sum: 0.9999999999999991
itereffortlevel: 0
--separating...
--find a better primal bound 0.28043946316876994 by Alternative descent Eigen
--found a cut state by heuristic 0.28043946316876994 0.049062543252906335 
iteration: 461,  #states: 1567, valueb: 0.049062543252906335, activeness: 0.28043946316876994, primalobj: 0.9738812630113673, dualobj: -Inf
solve--
end solve-- RelaxOptimal OPTIMAL
 weights_sum: 1.0000007307872498
itereffortlevel: 0
--separating...
--find a better primal bound 0.19864236591405637 by Alternative descent Eigen
--found a cut state by heuristic 0.19864236591405637 0.04383141144046516 
iteration: 462,  #states: 1568, valueb: 0.04383141144046516, activeness: 0.19864236591405637, primalobj: 0.9738446754316333, dualobj: -Inf
solve--
end solve-- RelaxOptimal OPTIMAL
 weights_sum: 0.9999999999999996
itereffortlevel: 0
--separating...
--find a better primal bound 0.19572901937147752 by Alternative descent Eigen
--found a cut state by heuristic 0.19572901937147752 0.056503492014842026 
iteration: 463,  #states: 1569, valueb: 0.056503492014842026, activeness: 0.19572901937147752, primalobj: 0.9737991083879112, dualobj: -Inf
solve--
end solve-- RelaxOptimal OPTIMAL
 weights_sum: 0.9999999999999998
itereffortlevel: 0
--separating...
--find a better primal bound 0.18675974423148056 by Alternative descent Eigen
--found a cut state by heuristic 0.18675974423148056 0.04124014203894915 
iteration: 464,  #states: 1570, valueb: 0.04124014203894915, activeness: 0.18675974423148056, primalobj: 0.9737738208050872, dualobj: -Inf
solve--
end solve-- RelaxOptimal OPTIMAL
 weights_sum: 0.9999999999999993
itereffortlevel: 0
--separating...
--find a better primal bound 0.16909537504076658 by Alternative descent Eigen
--found a cut state by heuristic 0.16909537504076658 0.04747779886258389 
iteration: 465,  #states: 1571, valueb: 0.04747779886258389, activeness: 0.16909537504076658, primalobj: 0.9737407133262498, dualobj: -Inf
solve--
end solve-- RelaxOptimal OPTIMAL
 weights_sum: 1.0000000000000007
itereffortlevel: 0
--separating...
--find a better primal bound 0.11203542538285448 by Alternative descent Eigen
--found a cut state by heuristic 0.11203542538285448 0.010629076159854783 
iteration: 466,  #states: 1572, valueb: 0.010629076159854783, activeness: 0.11203542538285448, primalobj: 0.9737306125387006, dualobj: -Inf
solve--
end solve-- RelaxOptimal OPTIMAL
 weights_sum: 1.0
itereffortlevel: 0
--separating...
--find a better primal bound 0.16362187117691923 by Alternative descent Eigen
--found a cut state by heuristic 0.16362187117691923 0.01810431277051379 
iteration: 467,  #states: 1573, valueb: 0.01810431277051379, activeness: 0.16362187117691923, primalobj: 0.9737139792131282, dualobj: -Inf
solve--
end solve-- RelaxOptimal OPTIMAL
 weights_sum: 1.0000000000000009
itereffortlevel: 0
--separating...
--find a better primal bound 0.18405347807773265 by Alternative descent Eigen
--found a cut state by heuristic 0.18405347807773265 0.046691352162370414 
iteration: 468,  #states: 1574, valueb: 0.046691352162370414, activeness: 0.18405347807773265, primalobj: 0.973691451835994, dualobj: -Inf
solve--
end solve-- RelaxOptimal OPTIMAL
 weights_sum: 1.0
itereffortlevel: 0
--separating...
--find a better primal bound 0.16934236581987233 by Alternative descent Eigen
--found a cut state by heuristic 0.16934236581987233 0.05964649419800134 
iteration: 469,  #states: 1575, valueb: 0.05964649419800134, activeness: 0.16934236581987233, primalobj: 0.9736712965538274, dualobj: -Inf
solve--
end solve-- RelaxOptimal OPTIMAL
 weights_sum: 0.9999999999999993
itereffortlevel: 0
--separating...
--find a better primal bound 0.19821540792811093 by Alternative descent Eigen
--found a cut state by heuristic 0.19821540792811093 0.054980753349090444 
iteration: 470,  #states: 1576, valueb: 0.054980753349090444, activeness: 0.19821540792811093, primalobj: 0.9736567455125744, dualobj: -Inf
solve--
end solve-- RelaxOptimal OPTIMAL
 weights_sum: 0.9999999999999987
itereffortlevel: 0
--separating...
--find a better primal bound 0.23726388892770267 by Alternative descent Eigen
--found a cut state by heuristic 0.23726388892770267 0.03517298155704872 
iteration: 471,  #states: 1577, valueb: 0.03517298155704872, activeness: 0.23726388892770267, primalobj: 0.9736234081785063, dualobj: -Inf
solve--
end solve-- RelaxOptimal OPTIMAL
 weights_sum: 1.0000014912297277
itereffortlevel: 0
--separating...
--find a better primal bound 0.1386699266428924 by Alternative descent Eigen
--found a cut state by heuristic 0.1386699266428924 0.027531270978191122 
iteration: 472,  #states: 1578, valueb: 0.027531270978191122, activeness: 0.1386699266428924, primalobj: 0.9735939534954164, dualobj: -Inf
solve--
end solve-- RelaxOptimal OPTIMAL
 weights_sum: 1.0000000000000009
itereffortlevel: 0
--separating...
--find a better primal bound 0.2223879299073252 by Alternative descent Eigen
--found a cut state by heuristic 0.2223879299073252 0.05661276955130767 
iteration: 473,  #states: 1579, valueb: 0.05661276955130767, activeness: 0.2223879299073252, primalobj: 0.9735769004148549, dualobj: -Inf
solve--
end solve-- RelaxOptimal OPTIMAL
 weights_sum: 1.0000000000000002
itereffortlevel: 0
--separating...
--find a better primal bound 0.26718142231469716 by Alternative descent Eigen
--found a cut state by heuristic 0.26718142231469716 0.05796776481166336 
iteration: 474,  #states: 1580, valueb: 0.05796776481166336, activeness: 0.26718142231469716, primalobj: 0.9735594757203075, dualobj: -Inf
solve--
end solve-- RelaxOptimal OPTIMAL
 weights_sum: 1.0000000000000009
itereffortlevel: 0
--separating...
--find a better primal bound 0.2241562410130556 by Alternative descent Eigen
--found a cut state by heuristic 0.2241562410130556 0.055832904091186755 
iteration: 475,  #states: 1581, valueb: 0.055832904091186755, activeness: 0.2241562410130556, primalobj: 0.973531899439873, dualobj: -Inf
solve--
end solve-- RelaxOptimal OPTIMAL
 weights_sum: 1.0000000000000009
itereffortlevel: 0
--separating...
--find a better primal bound 0.25166986285804227 by Alternative descent Eigen
--found a cut state by heuristic 0.25166986285804227 0.04707609766645168 
iteration: 476,  #states: 1582, valueb: 0.04707609766645168, activeness: 0.25166986285804227, primalobj: 0.9735161861638473, dualobj: -Inf
solve--
end solve-- RelaxOptimal OPTIMAL
 weights_sum: 1.0000000000000007
itereffortlevel: 0
--separating...
--find a better primal bound 0.2536261211916524 by Alternative descent Eigen
--found a cut state by heuristic 0.2536261211916524 0.06900711463758122 
iteration: 477,  #states: 1583, valueb: 0.06900711463758122, activeness: 0.2536261211916524, primalobj: 0.9734669097786091, dualobj: -Inf
solve--
end solve-- RelaxOptimal OPTIMAL
 weights_sum: 1.000000000000001
itereffortlevel: 0
--separating...
--find a better primal bound 0.22258463519806557 by Alternative descent Eigen
--found a cut state by heuristic 0.22258463519806557 0.07960847717280252 
iteration: 478,  #states: 1584, valueb: 0.07960847717280252, activeness: 0.22258463519806557, primalobj: 0.9734233808796823, dualobj: -Inf
solve--
end solve-- RelaxOptimal OPTIMAL
 weights_sum: 1.0000000000000004
itereffortlevel: 0
--separating...
--find a better primal bound 0.3685022380781136 by Alternative descent Eigen
--found a cut state by heuristic 0.3685022380781136 0.067935714383923 
iteration: 479,  #states: 1585, valueb: 0.067935714383923, activeness: 0.3685022380781136, primalobj: 0.9733999159807831, dualobj: -Inf
solve--
end solve-- RelaxOptimal OPTIMAL
 weights_sum: 0.9999999999999993
itereffortlevel: 0
--separating...
--find a better primal bound 0.37938037779112954 by Alternative descent Eigen
--found a cut state by heuristic 0.37938037779112954 0.10101305906062365 
iteration: 480,  #states: 1586, valueb: 0.10101305906062365, activeness: 0.37938037779112954, primalobj: 0.9733443516257597, dualobj: -Inf
solve--
end solve-- RelaxOptimal OPTIMAL
 weights_sum: 0.9999999999999996
itereffortlevel: 0
--separating...
--find a better primal bound 0.18498201133133876 by Alternative descent Eigen
--found a cut state by heuristic 0.18498201133133876 0.08914309354931654 
iteration: 481,  #states: 1587, valueb: 0.08914309354931654, activeness: 0.18498201133133876, primalobj: 0.9732745127383652, dualobj: -Inf
solve--
end solve-- RelaxOptimal OPTIMAL
 weights_sum: 1.0000000000000004
itereffortlevel: 0
--separating...
--find a better primal bound 0.32430585167743664 by Alternative descent Eigen
--found a cut state by heuristic 0.32430585167743664 0.08705335525841115 
iteration: 482,  #states: 1588, valueb: 0.08705335525841115, activeness: 0.32430585167743664, primalobj: 0.9732664987663222, dualobj: -Inf
solve--
end solve-- RelaxOptimal OPTIMAL
 weights_sum: 0.9999999999999982
itereffortlevel: 0
--separating...
--find a better primal bound 0.22532443609784925 by Alternative descent Eigen
--found a cut state by heuristic 0.22532443609784925 0.07790325912412678 
iteration: 483,  #states: 1589, valueb: 0.07790325912412678, activeness: 0.22532443609784925, primalobj: 0.9732085066787296, dualobj: -Inf
solve--
end solve-- RelaxOptimal OPTIMAL
 weights_sum: 0.9999999999999999
itereffortlevel: 0
--separating...
--find a better primal bound 0.175226560868511 by Alternative descent Eigen
--found a cut state by heuristic 0.175226560868511 0.09078897057185147 
iteration: 484,  #states: 1590, valueb: 0.09078897057185147, activeness: 0.175226560868511, primalobj: 0.9731791428911045, dualobj: -Inf
solve--
end solve-- RelaxOptimal OPTIMAL
 weights_sum: 0.9999999999999992
itereffortlevel: 0
--separating...
--find a better primal bound 0.27064305828695884 by Alternative descent Eigen
--found a cut state by heuristic 0.27064305828695884 0.08466777050109625 
iteration: 485,  #states: 1591, valueb: 0.08466777050109625, activeness: 0.27064305828695884, primalobj: 0.973171251236045, dualobj: -Inf
solve--
end solve-- RelaxOptimal OPTIMAL
 weights_sum: 1.0000000000000022
itereffortlevel: 0
--separating...
--find a better primal bound 0.27476012286935203 by Alternative descent Eigen
--found a cut state by heuristic 0.27476012286935203 0.07810782204467005 
iteration: 486,  #states: 1592, valueb: 0.07810782204467005, activeness: 0.27476012286935203, primalobj: 0.9731332559965606, dualobj: -Inf
solve--
end solve-- RelaxOptimal OPTIMAL
 weights_sum: 0.9999999999999984
itereffortlevel: 0
--separating...
--find a better primal bound 0.3032708312142083 by Alternative descent Eigen
--found a cut state by heuristic 0.3032708312142083 0.0827402770249263 
iteration: 487,  #states: 1593, valueb: 0.0827402770249263, activeness: 0.3032708312142083, primalobj: 0.9730845222249116, dualobj: -Inf
solve--
end solve-- RelaxOptimal OPTIMAL
 weights_sum: 1.0000000541307705
itereffortlevel: 0
--separating...
--find a better primal bound 0.2528811711905044 by Alternative descent Eigen
--found a cut state by heuristic 0.2528811711905044 0.05373154244888175 
iteration: 488,  #states: 1594, valueb: 0.05373154244888175, activeness: 0.2528811711905044, primalobj: 0.9730134050810655, dualobj: -Inf
solve--
end solve-- RelaxOptimal OPTIMAL
 weights_sum: 1.0
itereffortlevel: 0
--separating...
--find a better primal bound 0.23961689727275745 by Alternative descent Eigen
--found a cut state by heuristic 0.23961689727275745 0.05535151882418682 
iteration: 489,  #states: 1595, valueb: 0.05535151882418682, activeness: 0.23961689727275745, primalobj: 0.9729866948156203, dualobj: -Inf
solve--
end solve-- RelaxOptimal OPTIMAL
 weights_sum: 0.9999999999999996
itereffortlevel: 0
--separating...
--find a better primal bound 0.3014690583095933 by Alternative descent Eigen
--found a cut state by heuristic 0.3014690583095933 0.06219743087572961 
iteration: 490,  #states: 1596, valueb: 0.06219743087572961, activeness: 0.3014690583095933, primalobj: 0.9729566410786505, dualobj: -Inf
solve--
end solve-- RelaxOptimal OPTIMAL
 weights_sum: 0.9999999999999991
itereffortlevel: 0
--separating...
--find a better primal bound 0.25180499150135094 by Alternative descent Eigen
--found a cut state by heuristic 0.25180499150135094 0.06173745975863931 
iteration: 491,  #states: 1597, valueb: 0.06173745975863931, activeness: 0.25180499150135094, primalobj: 0.972902154206342, dualobj: -Inf
solve--
end solve-- RelaxOptimal OPTIMAL
 weights_sum: 0.9999999999999996
itereffortlevel: 0
--separating...
--find a better primal bound 0.251028786320717 by Alternative descent Eigen
--found a cut state by heuristic 0.251028786320717 0.06358180308288408 
iteration: 492,  #states: 1598, valueb: 0.06358180308288408, activeness: 0.251028786320717, primalobj: 0.9728236212292778, dualobj: -Inf
solve--
end solve-- RelaxOptimal OPTIMAL
 weights_sum: 0.9999999999999993
itereffortlevel: 0
--separating...
--find a better primal bound 0.19699687178032863 by Alternative descent Eigen
--found a cut state by heuristic 0.19699687178032863 0.08692789548641972 
iteration: 493,  #states: 1599, valueb: 0.08692789548641972, activeness: 0.19699687178032863, primalobj: 0.972788182527319, dualobj: -Inf
solve--
end solve-- RelaxOptimal OPTIMAL
 weights_sum: 1.0000011650567655
itereffortlevel: 0
--separating...
--find a better primal bound 0.27182569856795513 by Alternative descent Eigen
--found a cut state by heuristic 0.27182569856795513 0.07380393222685637 
iteration: 494,  #states: 1600, valueb: 0.07380393222685637, activeness: 0.27182569856795513, primalobj: 0.9727747784979442, dualobj: -Inf
solve--
end solve-- RelaxOptimal OPTIMAL
 weights_sum: 0.9999999999999986
itereffortlevel: 0
--separating...
--find a better primal bound 0.33509431382295146 by Alternative descent Eigen
--found a cut state by heuristic 0.33509431382295146 0.06028475211015272 
iteration: 495,  #states: 1601, valueb: 0.06028475211015272, activeness: 0.33509431382295146, primalobj: 0.9727333538505758, dualobj: -Inf
solve--
end solve-- RelaxOptimal OPTIMAL
 weights_sum: 0.9999999999999998
itereffortlevel: 0
--separating...
--find a better primal bound 0.2843918828972957 by Alternative descent Eigen
--found a cut state by heuristic 0.2843918828972957 0.05108415554128445 
iteration: 496,  #states: 1602, valueb: 0.05108415554128445, activeness: 0.2843918828972957, primalobj: 0.9726886661285961, dualobj: -Inf
solve--
end solve-- RelaxOptimal OPTIMAL
 weights_sum: 0.9999999999999993
itereffortlevel: 0
--separating...
--find a better primal bound 0.2594228003637099 by Alternative descent Eigen
--found a cut state by heuristic 0.2594228003637099 0.06994780099890763 
iteration: 497,  #states: 1603, valueb: 0.06994780099890763, activeness: 0.2594228003637099, primalobj: 0.9726436000229071, dualobj: -Inf
solve--
end solve-- RelaxOptimal OPTIMAL
 weights_sum: 0.9999999999999997
itereffortlevel: 0
--separating...
--find a better primal bound 0.08395169308849434 by Alternative descent Eigen
--found a cut state by heuristic 0.08395169308849434 -0.0 
iteration: 498,  #states: 1604, valueb: -0.0, activeness: 0.08395169308849434, primalobj: 0.9726249961140677, dualobj: -Inf
solve--
end solve-- RelaxOptimal OPTIMAL
 weights_sum: 0.9999999999999989
itereffortlevel: 0
--separating...
--find a better primal bound 0.31875442971629786 by Alternative descent Eigen
--found a cut state by heuristic 0.31875442971629786 0.05564344578142719 
iteration: 499,  #states: 1605, valueb: 0.05564344578142719, activeness: 0.31875442971629786, primalobj: 0.9726014171454384, dualobj: -Inf
solve--
end solve-- RelaxOptimal OPTIMAL
 weights_sum: 0.9999999999999998
itereffortlevel: 0
--separating...
--find a better primal bound 0.26348225654735313 by Alternative descent Eigen
--found a cut state by heuristic 0.26348225654735313 0.0751586663425438 
iteration: 500,  #states: 1606, valueb: 0.0751586663425438, activeness: 0.26348225654735313, primalobj: 0.9725394788583848, dualobj: -Inf
solve--
end solve-- RelaxOptimal OPTIMAL
 weights_sum: 0.9999999999999998
itereffortlevel: 0
--separating...
--find a better primal bound 0.2983753154947262 by Alternative descent Eigen
--found a cut state by heuristic 0.2983753154947262 0.06348525456625828 
iteration: 501,  #states: 1607, valueb: 0.06348525456625828, activeness: 0.2983753154947262, primalobj: 0.9724637685658295, dualobj: -Inf
solve--
end solve-- RelaxOptimal OPTIMAL
 weights_sum: 0.9999999999999993
itereffortlevel: 0
--separating...
--find a better primal bound 0.14385673814095123 by Alternative descent Eigen
--found a cut state by heuristic 0.14385673814095123 0.03417937305938309 
iteration: 502,  #states: 1608, valueb: 0.03417937305938309, activeness: 0.14385673814095123, primalobj: 0.9724135985754826, dualobj: -Inf
solve--
end solve-- RelaxOptimal OPTIMAL
 weights_sum: 0.9999999999999994
itereffortlevel: 0
--separating...
--find a better primal bound 0.15539177047724032 by Alternative descent Eigen
--found a cut state by heuristic 0.15539177047724032 0.04178389603100091 
iteration: 503,  #states: 1609, valueb: 0.04178389603100091, activeness: 0.15539177047724032, primalobj: 0.9723942019606135, dualobj: -Inf
solve--
end solve-- RelaxOptimal OPTIMAL
 weights_sum: 1.000000000000001
itereffortlevel: 0
--separating...
--find a better primal bound 0.17794135904613162 by Alternative descent Eigen
--found a cut state by heuristic 0.17794135904613162 0.03758195439134122 
iteration: 504,  #states: 1610, valueb: 0.03758195439134122, activeness: 0.17794135904613162, primalobj: 0.9723673278913026, dualobj: -Inf
solve--
end solve-- RelaxOptimal OPTIMAL
 weights_sum: 1.0000000000000004
itereffortlevel: 0
--separating...
--find a better primal bound 0.2563057016835556 by Alternative descent Eigen
--found a cut state by heuristic 0.2563057016835556 0.04942805481180121 
iteration: 505,  #states: 1611, valueb: 0.04942805481180121, activeness: 0.2563057016835556, primalobj: 0.972352536868729, dualobj: -Inf
solve--
end solve-- RelaxOptimal OPTIMAL
 weights_sum: 1.0000000000000002
itereffortlevel: 0
--separating...
--find a better primal bound 0.2056517529060416 by Alternative descent Eigen
--found a cut state by heuristic 0.2056517529060416 0.03816630121613072 
iteration: 506,  #states: 1612, valueb: 0.03816630121613072, activeness: 0.2056517529060416, primalobj: 0.972302593757957, dualobj: -Inf
solve--
end solve-- RelaxOptimal OPTIMAL
 weights_sum: 0.9999999999999988
itereffortlevel: 0
--separating...
--find a better primal bound 0.2210572909148106 by Alternative descent Eigen
--found a cut state by heuristic 0.2210572909148106 0.04700202844785448 
iteration: 507,  #states: 1613, valueb: 0.04700202844785448, activeness: 0.2210572909148106, primalobj: 0.9722710884712812, dualobj: -Inf
solve--
end solve-- RelaxOptimal OPTIMAL
 weights_sum: 0.9999999999999993
itereffortlevel: 0
--separating...
--find a better primal bound 0.18712060675484365 by Alternative descent Eigen
--found a cut state by heuristic 0.18712060675484365 0.014130753754978947 
iteration: 508,  #states: 1614, valueb: 0.014130753754978947, activeness: 0.18712060675484365, primalobj: 0.9722335443479919, dualobj: -Inf
solve--
end solve-- RelaxOptimal OPTIMAL
 weights_sum: 1.0
itereffortlevel: 0
--separating...
--find a better primal bound 0.2500922935777676 by Alternative descent Eigen
--found a cut state by heuristic 0.2500922935777676 0.03820741775729466 
iteration: 509,  #states: 1615, valueb: 0.03820741775729466, activeness: 0.2500922935777676, primalobj: 0.9721921306408687, dualobj: -Inf
solve--
end solve-- RelaxOptimal OPTIMAL
 weights_sum: 0.9999999999999994
itereffortlevel: 0
--separating...
--find a better primal bound 0.18488304035201888 by Alternative descent Eigen
--found a cut state by heuristic 0.18488304035201888 0.02156506748314279 
iteration: 510,  #states: 1616, valueb: 0.02156506748314279, activeness: 0.18488304035201888, primalobj: 0.9721601532883242, dualobj: -Inf
solve--
end solve-- RelaxOptimal OPTIMAL
 weights_sum: 1.0000000000000007
itereffortlevel: 0
--separating...
--find a better primal bound 0.1972975793441793 by Alternative descent Eigen
--found a cut state by heuristic 0.1972975793441793 0.04425518295701336 
iteration: 511,  #states: 1617, valueb: 0.04425518295701336, activeness: 0.1972975793441793, primalobj: 0.9721276145900823, dualobj: -Inf
solve--
end solve-- RelaxOptimal OPTIMAL
 weights_sum: 1.0
itereffortlevel: 0
--separating...
--find a better primal bound 0.1434662264243974 by Alternative descent Eigen
--found a cut state by heuristic 0.1434662264243974 0.029591115951001723 
iteration: 512,  #states: 1618, valueb: 0.029591115951001723, activeness: 0.1434662264243974, primalobj: 0.9721026216946103, dualobj: -Inf
solve--
end solve-- RelaxOptimal OPTIMAL
 weights_sum: 0.9999999999999991
itereffortlevel: 0
--separating...
--find a better primal bound 0.2340467939481876 by Alternative descent Eigen
--found a cut state by heuristic 0.2340467939481876 0.04176813414495363 
iteration: 513,  #states: 1619, valueb: 0.04176813414495363, activeness: 0.2340467939481876, primalobj: 0.9720875129164908, dualobj: -Inf
solve--
end solve-- RelaxOptimal OPTIMAL
 weights_sum: 1.0000000000000009
itereffortlevel: 0
--separating...
--find a better primal bound 0.15047108997955566 by Alternative descent Eigen
--found a cut state by heuristic 0.15047108997955566 0.03783730064320823 
iteration: 514,  #states: 1620, valueb: 0.03783730064320823, activeness: 0.15047108997955566, primalobj: 0.9720617757361087, dualobj: -Inf
solve--
end solve-- RelaxOptimal OPTIMAL
 weights_sum: 0.9999999999999991
itereffortlevel: 0
--separating...
--find a better primal bound 0.1865492244750706 by Alternative descent Eigen
--found a cut state by heuristic 0.1865492244750706 0.04053816127688774 
iteration: 515,  #states: 1621, valueb: 0.04053816127688774, activeness: 0.1865492244750706, primalobj: 0.9720288006321726, dualobj: -Inf
solve--
end solve-- RelaxOptimal OPTIMAL
 weights_sum: 0.9999999999999997
itereffortlevel: 0
--separating...
--find a better primal bound 0.1891707416116978 by Alternative descent Eigen
--found a cut state by heuristic 0.1891707416116978 0.046969310501291286 
iteration: 516,  #states: 1622, valueb: 0.046969310501291286, activeness: 0.1891707416116978, primalobj: 0.9719980765306879, dualobj: -Inf
solve--
end solve-- RelaxOptimal OPTIMAL
 weights_sum: 0.9999999999999987
itereffortlevel: 0
--separating...
--find a better primal bound 0.1267114412251131 by Alternative descent Eigen
--found a cut state by heuristic 0.1267114412251131 0.028361930962104834 
iteration: 517,  #states: 1623, valueb: 0.028361930962104834, activeness: 0.1267114412251131, primalobj: 0.9719704929810156, dualobj: -Inf
solve--
end solve-- RelaxOptimal OPTIMAL
 weights_sum: 0.9999999999999989
itereffortlevel: 0
--separating...
--find a better primal bound 0.24219011923829453 by Alternative descent Eigen
--found a cut state by heuristic 0.24219011923829453 0.03264492139685404 
iteration: 518,  #states: 1624, valueb: 0.03264492139685404, activeness: 0.24219011923829453, primalobj: 0.9719451086413131, dualobj: -Inf
solve--
end solve-- RelaxOptimal OPTIMAL
 weights_sum: 0.9999999999999998
itereffortlevel: 0
--separating...
--find a better primal bound 0.2163408614788526 by Alternative descent Eigen
--found a cut state by heuristic 0.2163408614788526 0.03447656675165085 
iteration: 519,  #states: 1625, valueb: 0.03447656675165085, activeness: 0.2163408614788526, primalobj: 0.9718843330146955, dualobj: -Inf
solve--
end solve-- RelaxOptimal OPTIMAL
 weights_sum: 1.000000092136947
itereffortlevel: 0
--separating...
--find a better primal bound 0.2592286136293793 by Alternative descent Eigen
--found a cut state by heuristic 0.2592286136293793 0.053639930651225756 
iteration: 520,  #states: 1626, valueb: 0.053639930651225756, activeness: 0.2592286136293793, primalobj: 0.9718373469292321, dualobj: -Inf
solve--
end solve-- RelaxOptimal OPTIMAL
 weights_sum: 1.0000000489342142
itereffortlevel: 0
--separating...
--find a better primal bound 0.21310503431853114 by Alternative descent Eigen
--found a cut state by heuristic 0.21310503431853114 0.039871276858496216 
iteration: 521,  #states: 1627, valueb: 0.039871276858496216, activeness: 0.21310503431853114, primalobj: 0.9717944804037073, dualobj: -Inf
solve--
end solve-- RelaxOptimal OPTIMAL
 weights_sum: 1.0000000000000002
itereffortlevel: 0
--separating...
--find a better primal bound 0.2970893069038358 by Alternative descent Eigen
--found a cut state by heuristic 0.2970893069038358 0.05179656171496891 
iteration: 522,  #states: 1628, valueb: 0.05179656171496891, activeness: 0.2970893069038358, primalobj: 0.9717412294112835, dualobj: -Inf
solve--
end solve-- RelaxOptimal OPTIMAL
 weights_sum: 1.0
itereffortlevel: 0
--separating...
--find a better primal bound 0.22485554668343272 by Alternative descent Eigen
--found a cut state by heuristic 0.22485554668343272 0.05661975518492955 
iteration: 523,  #states: 1629, valueb: 0.05661975518492955, activeness: 0.22485554668343272, primalobj: 0.9716916786988646, dualobj: -Inf
solve--
end solve-- RelaxOptimal OPTIMAL
 weights_sum: 1.0000000000000009
itereffortlevel: 0
--separating...
--find a better primal bound 0.1947045511276848 by Alternative descent Eigen
--found a cut state by heuristic 0.1947045511276848 0.05090810591245111 
iteration: 524,  #states: 1630, valueb: 0.05090810591245111, activeness: 0.1947045511276848, primalobj: 0.9716632914159375, dualobj: -Inf
solve--
end solve-- RelaxOptimal OPTIMAL
 weights_sum: 0.9999999999999992
itereffortlevel: 0
--separating...
--find a better primal bound 0.19770099015633263 by Alternative descent Eigen
--found a cut state by heuristic 0.19770099015633263 0.05177686934097046 
iteration: 525,  #states: 1631, valueb: 0.05177686934097046, activeness: 0.19770099015633263, primalobj: 0.9716356884280273, dualobj: -Inf
solve--
end solve-- RelaxOptimal OPTIMAL
 weights_sum: 1.0000000000000004
itereffortlevel: 0
--separating...
--find a better primal bound 0.22696479022825283 by Alternative descent Eigen
--found a cut state by heuristic 0.22696479022825283 0.039125776129282266 
iteration: 526,  #states: 1632, valueb: 0.039125776129282266, activeness: 0.22696479022825283, primalobj: 0.9716197724896847, dualobj: -Inf
solve--
end solve-- RelaxOptimal OPTIMAL
 weights_sum: 1.0000000000000007
itereffortlevel: 0
--separating...
--find a better primal bound 0.20116233613007403 by Alternative descent Eigen
--found a cut state by heuristic 0.20116233613007403 0.041067762088135465 
iteration: 527,  #states: 1633, valueb: 0.041067762088135465, activeness: 0.20116233613007403, primalobj: 0.9715796448708529, dualobj: -Inf
solve--
end solve-- RelaxOptimal OPTIMAL
 weights_sum: 1.000000000000001
itereffortlevel: 0
--separating...
--find a better primal bound 0.1135997849755725 by Alternative descent Eigen
--found a cut state by heuristic 0.1135997849755725 0.03657924127116261 
iteration: 528,  #states: 1634, valueb: 0.03657924127116261, activeness: 0.1135997849755725, primalobj: 0.9715456656019625, dualobj: -Inf
solve--
end solve-- RelaxOptimal OPTIMAL
 weights_sum: 1.0000000000000004
itereffortlevel: 0
--separating...
--find a better primal bound 0.25870971688023037 by Alternative descent Eigen
--found a cut state by heuristic 0.25870971688023037 0.05256900032315716 
iteration: 529,  #states: 1635, valueb: 0.05256900032315716, activeness: 0.25870971688023037, primalobj: 0.9715272733612393, dualobj: -Inf
solve--
end solve-- RelaxOptimal OPTIMAL
 weights_sum: 1.0000000000000004
itereffortlevel: 0
--separating...
--find a better primal bound 0.18644585882010573 by Alternative descent Eigen
--found a cut state by heuristic 0.18644585882010573 0.062150642182111866 
iteration: 530,  #states: 1636, valueb: 0.062150642182111866, activeness: 0.18644585882010573, primalobj: 0.9714882033750594, dualobj: -Inf
solve--
end solve-- RelaxOptimal OPTIMAL
 weights_sum: 1.0000001071616242
itereffortlevel: 0
--separating...
--find a better primal bound 0.20095490387600248 by Alternative descent Eigen
--found a cut state by heuristic 0.20095490387600248 0.056433612110229896 
iteration: 531,  #states: 1637, valueb: 0.056433612110229896, activeness: 0.20095490387600248, primalobj: 0.971464082921583, dualobj: -Inf
solve--
end solve-- RelaxOptimal OPTIMAL
 weights_sum: 0.9999999999999997
itereffortlevel: 0
--separating...
--find a better primal bound 0.19471862646374288 by Alternative descent Eigen
--found a cut state by heuristic 0.19471862646374288 0.0534105005666893 
iteration: 532,  #states: 1638, valueb: 0.0534105005666893, activeness: 0.19471862646374288, primalobj: 0.9714361077206777, dualobj: -Inf
solve--
end solve-- RelaxOptimal OPTIMAL
 weights_sum: 1.000000000000001
itereffortlevel: 0
--separating...
--find a better primal bound 0.21215042366101966 by Alternative descent Eigen
--found a cut state by heuristic 0.21215042366101966 0.042928468166872104 
iteration: 533,  #states: 1639, valueb: 0.042928468166872104, activeness: 0.21215042366101966, primalobj: 0.9714218009611671, dualobj: -Inf
solve--
end solve-- RelaxOptimal OPTIMAL
 weights_sum: 0.9999999999999998
itereffortlevel: 0
--separating...
--find a better primal bound 0.19263807171080682 by Alternative descent Eigen
--found a cut state by heuristic 0.19263807171080682 0.05112249124976771 
iteration: 534,  #states: 1640, valueb: 0.05112249124976771, activeness: 0.19263807171080682, primalobj: 0.9713927603715049, dualobj: -Inf
solve--
end solve-- RelaxOptimal OPTIMAL
 weights_sum: 1.0000000000000004
itereffortlevel: 0
--separating...
--find a better primal bound 0.18355469267654623 by Alternative descent Eigen
--found a cut state by heuristic 0.18355469267654623 0.041362805613297346 
iteration: 535,  #states: 1641, valueb: 0.041362805613297346, activeness: 0.18355469267654623, primalobj: 0.971376618331629, dualobj: -Inf
solve--
end solve-- RelaxOptimal OPTIMAL
 weights_sum: 1.0000001708218182
itereffortlevel: 0
--separating...
--find a better primal bound 0.24769736711864987 by Alternative descent Eigen
--found a cut state by heuristic 0.24769736711864987 0.058332890727512486 
iteration: 536,  #states: 1642, valueb: 0.058332890727512486, activeness: 0.24769736711864987, primalobj: 0.9713455792856875, dualobj: -Inf
solve--
end solve-- RelaxOptimal OPTIMAL
 weights_sum: 1.0000000000000002
itereffortlevel: 0
--separating...
--find a better primal bound 0.16336711370416632 by Alternative descent Eigen
--found a cut state by heuristic 0.16336711370416632 0.040150564303108684 
iteration: 537,  #states: 1643, valueb: 0.040150564303108684, activeness: 0.16336711370416632, primalobj: 0.9713083616702007, dualobj: -Inf
solve--
end solve-- RelaxOptimal OPTIMAL
 weights_sum: 1.0000000000000002
itereffortlevel: 0
--separating...
--find a better primal bound 0.1632851852468697 by Alternative descent Eigen
--found a cut state by heuristic 0.1632851852468697 0.040959848584610076 
iteration: 538,  #states: 1644, valueb: 0.040959848584610076, activeness: 0.1632851852468697, primalobj: 0.9712828472063226, dualobj: -Inf
solve--
end solve-- RelaxOptimal OPTIMAL
 weights_sum: 1.0000000000000013
itereffortlevel: 0
--separating...
--find a better primal bound 0.21027237233358123 by Alternative descent Eigen
--found a cut state by heuristic 0.21027237233358123 0.04221521055427638 
iteration: 539,  #states: 1645, valueb: 0.04221521055427638, activeness: 0.21027237233358123, primalobj: 0.971259007111765, dualobj: -Inf
solve--
end solve-- RelaxOptimal OPTIMAL
 weights_sum: 1.0000007084061326
itereffortlevel: 0
--separating...
--find a better primal bound 0.17675278587876755 by Alternative descent Eigen
--found a cut state by heuristic 0.17675278587876755 0.05392638770672089 
iteration: 540,  #states: 1646, valueb: 0.05392638770672089, activeness: 0.17675278587876755, primalobj: 0.9712358418329112, dualobj: -Inf
solve--
end solve-- RelaxOptimal OPTIMAL
 weights_sum: 1.0000000000000007
itereffortlevel: 0
--separating...
--find a better primal bound 0.28101224317791856 by Alternative descent Eigen
--found a cut state by heuristic 0.28101224317791856 0.05001310366923439 
iteration: 541,  #states: 1647, valueb: 0.05001310366923439, activeness: 0.28101224317791856, primalobj: 0.9712068300922465, dualobj: -Inf
solve--
end solve-- RelaxOptimal OPTIMAL
 weights_sum: 1.0000000000000004
itereffortlevel: 0
--separating...
--find a better primal bound 0.23341485614135404 by Alternative descent Eigen
--found a cut state by heuristic 0.23341485614135404 0.03924190512165291 
iteration: 542,  #states: 1648, valueb: 0.03924190512165291, activeness: 0.23341485614135404, primalobj: 0.971155902570406, dualobj: -Inf
solve--
end solve-- RelaxOptimal OPTIMAL
 weights_sum: 1.000000000000001
itereffortlevel: 0
--separating...
--find a better primal bound 0.2128410045830126 by Alternative descent Eigen
--found a cut state by heuristic 0.2128410045830126 0.03273884930662918 
iteration: 543,  #states: 1649, valueb: 0.03273884930662918, activeness: 0.2128410045830126, primalobj: 0.9711107454105765, dualobj: -Inf
solve--
end solve-- RelaxOptimal OPTIMAL
 weights_sum: 1.0
itereffortlevel: 0
--separating...
--find a better primal bound 0.20948597374615888 by Alternative descent Eigen
--found a cut state by heuristic 0.20948597374615888 0.03277712207401003 
iteration: 544,  #states: 1650, valueb: 0.03277712207401003, activeness: 0.20948597374615888, primalobj: 0.9710767657019745, dualobj: -Inf
solve--
end solve-- RelaxOptimal OPTIMAL
 weights_sum: 1.000000617554646
itereffortlevel: 0
--separating...
--find a better primal bound 0.16813237844407491 by Alternative descent Eigen
--found a cut state by heuristic 0.16813237844407491 0.026487636678324926 
iteration: 545,  #states: 1651, valueb: 0.026487636678324926, activeness: 0.16813237844407491, primalobj: 0.9710439352695712, dualobj: -Inf
solve--
end solve-- RelaxOptimal OPTIMAL
 weights_sum: 1.0000000000000009
itereffortlevel: 0
--separating...
--find a better primal bound 0.2679336318384274 by Alternative descent Eigen
--found a cut state by heuristic 0.2679336318384274 0.032878799366972356 
iteration: 546,  #states: 1652, valueb: 0.032878799366972356, activeness: 0.2679336318384274, primalobj: 0.9710167523328885, dualobj: -Inf
solve--
end solve-- RelaxOptimal OPTIMAL
 weights_sum: 1.0000000000000007
itereffortlevel: 0
--separating...
--find a better primal bound 0.20416015317474895 by Alternative descent Eigen
--found a cut state by heuristic 0.20416015317474895 0.021935138172108036 
iteration: 547,  #states: 1653, valueb: 0.021935138172108036, activeness: 0.20416015317474895, primalobj: 0.9709720081577706, dualobj: -Inf
solve--
end solve-- RelaxOptimal OPTIMAL
 weights_sum: 1.0000000000000013
itereffortlevel: 0
--separating...
--find a better primal bound 0.16953169778235794 by Alternative descent Eigen
--found a cut state by heuristic 0.16953169778235794 0.023676620709848883 
iteration: 548,  #states: 1654, valueb: 0.023676620709848883, activeness: 0.16953169778235794, primalobj: 0.9709311573019955, dualobj: -Inf
solve--
end solve-- RelaxOptimal OPTIMAL
 weights_sum: 1.0000000000000007
itereffortlevel: 0
--separating...
--find a better primal bound 0.1263446718188183 by Alternative descent Eigen
--found a cut state by heuristic 0.1263446718188183 0.01624658213486214 
iteration: 549,  #states: 1655, valueb: 0.01624658213486214, activeness: 0.1263446718188183, primalobj: 0.9709041063456885, dualobj: -Inf
solve--
end solve-- RelaxOptimal OPTIMAL
 weights_sum: 1.0000000000000004
itereffortlevel: 0
--separating...
--find a better primal bound 0.0952153474888706 by Alternative descent Eigen
--found a cut state by heuristic 0.0952153474888706 0.018356154156554647 
iteration: 550,  #states: 1656, valueb: 0.018356154156554647, activeness: 0.0952153474888706, primalobj: 0.9708733657921429, dualobj: -Inf
solve--
end solve-- RelaxOptimal OPTIMAL
 weights_sum: 0.9999999999999991
itereffortlevel: 0
--separating...
--find a better primal bound 0.22781282488863808 by Alternative descent Eigen
--found a cut state by heuristic 0.22781282488863808 0.01551753127015112 
iteration: 551,  #states: 1657, valueb: 0.01551753127015112, activeness: 0.22781282488863808, primalobj: 0.9708478480143227, dualobj: -Inf
solve--
end solve-- RelaxOptimal OPTIMAL
 weights_sum: 1.0
itereffortlevel: 0
--separating...
--find a better primal bound 0.2665606617086599 by Alternative descent Eigen
--found a cut state by heuristic 0.2665606617086599 0.03056534291614425 
iteration: 552,  #states: 1658, valueb: 0.03056534291614425, activeness: 0.2665606617086599, primalobj: 0.9707548369282548, dualobj: -Inf
solve--
end solve-- RelaxOptimal OPTIMAL
 weights_sum: 1.0000000718268693
itereffortlevel: 0
--separating...
--find a better primal bound 0.19163156941101708 by Alternative descent Eigen
--found a cut state by heuristic 0.19163156941101708 0.016381516866149852 
iteration: 553,  #states: 1659, valueb: 0.016381516866149852, activeness: 0.19163156941101708, primalobj: 0.9706934806074143, dualobj: -Inf
solve--
end solve-- RelaxOptimal OPTIMAL
 weights_sum: 0.9999999999999981
itereffortlevel: 0
--separating...
--find a better primal bound 0.18911422556278273 by Alternative descent Eigen
--found a cut state by heuristic 0.18911422556278273 0.030715652532793625 
iteration: 554,  #states: 1660, valueb: 0.030715652532793625, activeness: 0.18911422556278273, primalobj: 0.9706687079125076, dualobj: -Inf
solve--
end solve-- RelaxOptimal OPTIMAL
 weights_sum: 0.9999999999999991
itereffortlevel: 0
--separating...
--find a better primal bound 0.1942516918663958 by Alternative descent Eigen
--found a cut state by heuristic 0.1942516918663958 0.05641921254157074 
iteration: 555,  #states: 1661, valueb: 0.05641921254157074, activeness: 0.1942516918663958, primalobj: 0.970620417981385, dualobj: -Inf
solve--
end solve-- RelaxOptimal OPTIMAL
 weights_sum: 0.9999999999999992
itereffortlevel: 0
--separating...
--find a better primal bound 0.24445360803189248 by Alternative descent Eigen
--found a cut state by heuristic 0.24445360803189248 0.031806428836493116 
iteration: 556,  #states: 1662, valueb: 0.031806428836493116, activeness: 0.24445360803189248, primalobj: 0.9705855162563531, dualobj: -Inf
solve--
end solve-- RelaxOptimal OPTIMAL
 weights_sum: 1.0000000892506264
itereffortlevel: 0
--separating...
--find a better primal bound 0.2710570544032689 by Alternative descent Eigen
--found a cut state by heuristic 0.2710570544032689 0.04519562022716422 
iteration: 557,  #states: 1663, valueb: 0.04519562022716422, activeness: 0.2710570544032689, primalobj: 0.9705407070025879, dualobj: -Inf
solve--
end solve-- RelaxOptimal OPTIMAL
 weights_sum: 1.0000000000000004
itereffortlevel: 0
--separating...
--find a better primal bound 0.20335699019376213 by Alternative descent Eigen
--found a cut state by heuristic 0.20335699019376213 0.05337421512731566 
iteration: 558,  #states: 1664, valueb: 0.05337421512731566, activeness: 0.20335699019376213, primalobj: 0.970493310514613, dualobj: -Inf
solve--
end solve-- RelaxOptimal OPTIMAL
 weights_sum: 1.0000000000000002
itereffortlevel: 0
--separating...
--find a better primal bound 0.2899274969498581 by Alternative descent Eigen
--found a cut state by heuristic 0.2899274969498581 0.061156467464505225 
iteration: 559,  #states: 1665, valueb: 0.061156467464505225, activeness: 0.2899274969498581, primalobj: 0.9704362531986186, dualobj: -Inf
solve--
end solve-- RelaxOptimal OPTIMAL
 weights_sum: 1.0000000000000004
itereffortlevel: 0
--separating...
--find a better primal bound 0.25147026478536416 by Alternative descent Eigen
--found a cut state by heuristic 0.25147026478536416 0.06933186002673783 
iteration: 560,  #states: 1666, valueb: 0.06933186002673783, activeness: 0.25147026478536416, primalobj: 0.9703934233923239, dualobj: -Inf
solve--
end solve-- RelaxOptimal OPTIMAL
 weights_sum: 1.0000000000000007
itereffortlevel: 0
--separating...
--find a better primal bound 0.15007164619837848 by Alternative descent Eigen
--found a cut state by heuristic 0.15007164619837848 0.06105766449262062 
iteration: 561,  #states: 1667, valueb: 0.06105766449262062, activeness: 0.15007164619837848, primalobj: 0.9703521558075745, dualobj: -Inf
solve--
end solve-- RelaxOptimal OPTIMAL
 weights_sum: 1.0000001214674221
itereffortlevel: 0
--separating...
--find a better primal bound 0.24420149435376512 by Alternative descent Eigen
--found a cut state by heuristic 0.24420149435376512 0.06095462052884739 
iteration: 562,  #states: 1668, valueb: 0.06095462052884739, activeness: 0.24420149435376512, primalobj: 0.9703377313695716, dualobj: -Inf
solve--
end solve-- RelaxOptimal OPTIMAL
 weights_sum: 1.0
itereffortlevel: 0
--separating...
--find a better primal bound 0.17943443384317564 by Alternative descent Eigen
--found a cut state by heuristic 0.17943443384317564 0.044070073054523345 
iteration: 563,  #states: 1669, valueb: 0.044070073054523345, activeness: 0.17943443384317564, primalobj: 0.9703059925418016, dualobj: -Inf
solve--
end solve-- RelaxOptimal OPTIMAL
 weights_sum: 0.9999999999999989
itereffortlevel: 0
--separating...
--find a better primal bound 0.2274822892215292 by Alternative descent Eigen
--found a cut state by heuristic 0.2274822892215292 0.04397873449378574 
iteration: 564,  #states: 1670, valueb: 0.04397873449378574, activeness: 0.2274822892215292, primalobj: 0.9702731043151522, dualobj: -Inf
solve--
end solve-- RelaxOptimal OPTIMAL
 weights_sum: 1.0000000000000002
itereffortlevel: 0
--separating...
--find a better primal bound 0.14949862238253256 by Alternative descent Eigen
--found a cut state by heuristic 0.14949862238253256 0.04460424717853012 
iteration: 565,  #states: 1671, valueb: 0.04460424717853012, activeness: 0.14949862238253256, primalobj: 0.9702418158499323, dualobj: -Inf
solve--
end solve-- RelaxOptimal OPTIMAL
 weights_sum: 0.9999999999999991
itereffortlevel: 0
--separating...
--find a better primal bound 0.1881590424313242 by Alternative descent Eigen
--found a cut state by heuristic 0.1881590424313242 0.0356611138668101 
iteration: 566,  #states: 1672, valueb: 0.0356611138668101, activeness: 0.1881590424313242, primalobj: 0.9702162092532216, dualobj: -Inf
solve--
end solve-- RelaxOptimal OPTIMAL
 weights_sum: 1.0
itereffortlevel: 0
--separating...
--find a better primal bound 0.25239537672814016 by Alternative descent Eigen
--found a cut state by heuristic 0.25239537672814016 0.05535613372497467 
iteration: 567,  #states: 1673, valueb: 0.05535613372497467, activeness: 0.25239537672814016, primalobj: 0.9701833229434509, dualobj: -Inf
solve--
end solve-- RelaxOptimal OPTIMAL
 weights_sum: 0.9999999999999998
itereffortlevel: 0
--separating...
--find a better primal bound 0.21728028993386328 by Alternative descent Eigen
--found a cut state by heuristic 0.21728028993386328 0.039437228556065504 
iteration: 568,  #states: 1674, valueb: 0.039437228556065504, activeness: 0.21728028993386328, primalobj: 0.9701382105158448, dualobj: -Inf
solve--
end solve-- RelaxOptimal OPTIMAL
 weights_sum: 0.9999999999999996
itereffortlevel: 0
--separating...
--find a better primal bound 0.24270009449778185 by Alternative descent Eigen
--found a cut state by heuristic 0.24270009449778185 0.039132999104397104 
iteration: 569,  #states: 1675, valueb: 0.039132999104397104, activeness: 0.24270009449778185, primalobj: 0.9701026056604547, dualobj: -Inf
solve--
end solve-- RelaxOptimal OPTIMAL
 weights_sum: 0.9999999999999998
itereffortlevel: 0
--separating...
--find a better primal bound 0.19298297694714917 by Alternative descent Eigen
--found a cut state by heuristic 0.19298297694714917 0.03011920282860575 
iteration: 570,  #states: 1676, valueb: 0.03011920282860575, activeness: 0.19298297694714917, primalobj: 0.9700585898418093, dualobj: -Inf
solve--
end solve-- RelaxOptimal OPTIMAL
 weights_sum: 1.0000000000000002
itereffortlevel: 0
--separating...
--find a better primal bound 0.24198681186831864 by Alternative descent Eigen
--found a cut state by heuristic 0.24198681186831864 0.03584003702806086 
iteration: 571,  #states: 1677, valueb: 0.03584003702806086, activeness: 0.24198681186831864, primalobj: 0.970025315450014, dualobj: -Inf
solve--
end solve-- RelaxOptimal OPTIMAL
 weights_sum: 0.9999999999999998
itereffortlevel: 0
--separating...
--find a better primal bound 0.3022072697007176 by Alternative descent Eigen
--found a cut state by heuristic 0.3022072697007176 0.04044028656920043 
iteration: 572,  #states: 1678, valueb: 0.04044028656920043, activeness: 0.3022072697007176, primalobj: 0.9699696819649222, dualobj: -Inf
solve--
end solve-- RelaxOptimal OPTIMAL
 weights_sum: 1.0000000000000002
itereffortlevel: 0
--separating...
--find a better primal bound 0.20205160879582706 by Alternative descent Eigen
--found a cut state by heuristic 0.20205160879582706 0.05333731607414831 
iteration: 573,  #states: 1679, valueb: 0.05333731607414831, activeness: 0.20205160879582706, primalobj: 0.96989601050966, dualobj: -Inf
solve--
end solve-- RelaxOptimal OPTIMAL
 weights_sum: 0.9999999999999993
itereffortlevel: 0
--separating...
--find a better primal bound 0.24320996457407698 by Alternative descent Eigen
--found a cut state by heuristic 0.24320996457407698 0.06482724323541778 
iteration: 574,  #states: 1680, valueb: 0.06482724323541778, activeness: 0.24320996457407698, primalobj: 0.9698443259904066, dualobj: -Inf
solve--
end solve-- RelaxOptimal OPTIMAL
 weights_sum: 1.0000000000000002
itereffortlevel: 0
--separating...
--find a better primal bound 0.2362239826236715 by Alternative descent Eigen
--found a cut state by heuristic 0.2362239826236715 0.051918019023710904 
iteration: 575,  #states: 1681, valueb: 0.051918019023710904, activeness: 0.2362239826236715, primalobj: 0.9698048338418825, dualobj: -Inf
solve--
end solve-- RelaxOptimal OPTIMAL
 weights_sum: 0.9999999999999997
itereffortlevel: 0
--separating...
--find a better primal bound 0.1283206998493422 by Alternative descent Eigen
--found a cut state by heuristic 0.1283206998493422 0.04883883592373759 
iteration: 576,  #states: 1682, valueb: 0.04883883592373759, activeness: 0.1283206998493422, primalobj: 0.969758794145321, dualobj: -Inf
solve--
end solve-- RelaxOptimal OPTIMAL
 weights_sum: 1.0000000000000009
itereffortlevel: 0
--separating...
--find a better primal bound 0.2347614571824753 by Alternative descent Eigen
--found a cut state by heuristic 0.2347614571824753 0.05655283773015651 
iteration: 577,  #states: 1683, valueb: 0.05655283773015651, activeness: 0.2347614571824753, primalobj: 0.9697455300421101, dualobj: -Inf
solve--
end solve-- RelaxOptimal OPTIMAL
 weights_sum: 1.0
itereffortlevel: 0
--separating...
--find a better primal bound 0.1607418804945709 by Alternative descent Eigen
--found a cut state by heuristic 0.1607418804945709 0.03507081031742979 
iteration: 578,  #states: 1684, valueb: 0.03507081031742979, activeness: 0.1607418804945709, primalobj: 0.9697202609293385, dualobj: -Inf
solve--
end solve-- RelaxOptimal OPTIMAL
 weights_sum: 1.0000000000000007
itereffortlevel: 0
--separating...
--find a better primal bound 0.18559846082398146 by Alternative descent Eigen
--found a cut state by heuristic 0.18559846082398146 0.04916264176912888 
iteration: 579,  #states: 1685, valueb: 0.04916264176912888, activeness: 0.18559846082398146, primalobj: 0.9697003743409494, dualobj: -Inf
solve--
end solve-- RelaxOptimal OPTIMAL
 weights_sum: 1.0000000899320138
itereffortlevel: 0
--separating...
--find a better primal bound 0.18513840941733023 by Alternative descent Eigen
--found a cut state by heuristic 0.18513840941733023 0.038758898996150204 
iteration: 580,  #states: 1686, valueb: 0.038758898996150204, activeness: 0.18513840941733023, primalobj: 0.9696877456155122, dualobj: -Inf
solve--
end solve-- RelaxOptimal OPTIMAL
 weights_sum: 1.000000000000001
itereffortlevel: 0
--separating...
--find a better primal bound 0.2334541086977729 by Alternative descent Eigen
--found a cut state by heuristic 0.2334541086977729 0.010964470926668968 
iteration: 581,  #states: 1687, valueb: 0.010964470926668968, activeness: 0.2334541086977729, primalobj: 0.9696633374698783, dualobj: -Inf
solve--
end solve-- RelaxOptimal OPTIMAL
 weights_sum: 1.0000000980737727
itereffortlevel: 0
--separating...
--find a better primal bound 0.22992286065294487 by Alternative descent Eigen
--found a cut state by heuristic 0.22992286065294487 0.048019038256414855 
iteration: 582,  #states: 1688, valueb: 0.048019038256414855, activeness: 0.22992286065294487, primalobj: 0.9696256345871684, dualobj: -Inf
solve--
end solve-- RelaxOptimal OPTIMAL
 weights_sum: 1.0000000000000013
itereffortlevel: 0
--separating...
--find a better primal bound 0.26186604826428866 by Alternative descent Eigen
--found a cut state by heuristic 0.26186604826428866 0.026035149378259164 
iteration: 583,  #states: 1689, valueb: 0.026035149378259164, activeness: 0.26186604826428866, primalobj: 0.969574225862441, dualobj: -Inf
solve--
end solve-- RelaxOptimal OPTIMAL
 weights_sum: 0.9999999999999987
itereffortlevel: 0
--separating...
--find a better primal bound 0.17151745705203925 by Alternative descent Eigen
--found a cut state by heuristic 0.17151745705203925 0.04987960365968965 
iteration: 584,  #states: 1690, valueb: 0.04987960365968965, activeness: 0.17151745705203925, primalobj: 0.9695241759066973, dualobj: -Inf
solve--
end solve-- RelaxOptimal OPTIMAL
 weights_sum: 1.0000019362688204
itereffortlevel: 0
--separating...
--find a better primal bound 0.17875623363277177 by Alternative descent Eigen
--found a cut state by heuristic 0.17875623363277177 0.042326996612693596 
iteration: 585,  #states: 1691, valueb: 0.042326996612693596, activeness: 0.17875623363277177, primalobj: 0.9694858766940857, dualobj: -Inf
solve--
end solve-- RelaxOptimal OPTIMAL
 weights_sum: 1.0000000000000004
itereffortlevel: 0
--separating...
--find a better primal bound 0.195700175876503 by Alternative descent Eigen
--found a cut state by heuristic 0.195700175876503 0.04986536155861206 
iteration: 586,  #states: 1692, valueb: 0.04986536155861206, activeness: 0.195700175876503, primalobj: 0.9694603454777899, dualobj: -Inf
solve--
end solve-- RelaxOptimal OPTIMAL
 weights_sum: 0.9999999999999998
itereffortlevel: 0
--separating...
--find a better primal bound 0.14916057375509004 by Alternative descent Eigen
--found a cut state by heuristic 0.14916057375509004 0.03087904746900254 
iteration: 587,  #states: 1693, valueb: 0.03087904746900254, activeness: 0.14916057375509004, primalobj: 0.9694484250040796, dualobj: -Inf
solve--
end solve-- RelaxOptimal OPTIMAL
 weights_sum: 1.0
itereffortlevel: 0
--separating...
--find a better primal bound 0.20196039013962047 by Alternative descent Eigen
--found a cut state by heuristic 0.20196039013962047 0.05855210413651498 
iteration: 588,  #states: 1694, valueb: 0.05855210413651498, activeness: 0.20196039013962047, primalobj: 0.9694322195566206, dualobj: -Inf
solve--
end solve-- RelaxOptimal OPTIMAL
 weights_sum: 1.0000000000000002
itereffortlevel: 0
--separating...
--find a better primal bound 0.15400912718090004 by Alternative descent Eigen
--found a cut state by heuristic 0.15400912718090004 0.04555518223977523 
iteration: 589,  #states: 1695, valueb: 0.04555518223977523, activeness: 0.15400912718090004, primalobj: 0.9694157782957592, dualobj: -Inf
solve--
end solve-- RelaxOptimal OPTIMAL
 weights_sum: 0.9999999999999998
itereffortlevel: 0
--separating...
--find a better primal bound 0.10810984594383419 by Alternative descent Eigen
--found a cut state by heuristic 0.10810984594383419 0.03343050925244575 
iteration: 590,  #states: 1696, valueb: 0.03343050925244575, activeness: 0.10810984594383419, primalobj: 0.9694067018351535, dualobj: -Inf
solve--
end solve-- RelaxOptimal OPTIMAL
 weights_sum: 1.0000002675063615
itereffortlevel: 0
--separating...
--find a better primal bound 0.11769935653958194 by Alternative descent Eigen
--found a cut state by heuristic 0.11769935653958194 0.015623382329257491 
iteration: 591,  #states: 1697, valueb: 0.015623382329257491, activeness: 0.11769935653958194, primalobj: 0.9693969365045446, dualobj: -Inf
solve--
end solve-- RelaxOptimal OPTIMAL
 weights_sum: 0.9999999999999999
itereffortlevel: 0
--separating...
--find a better primal bound 0.1285563241930764 by Alternative descent Eigen
--found a cut state by heuristic 0.1285563241930764 0.030599499137706404 
iteration: 592,  #states: 1698, valueb: 0.030599499137706404, activeness: 0.1285563241930764, primalobj: 0.9693810629578428, dualobj: -Inf
solve--
end solve-- RelaxOptimal OPTIMAL
 weights_sum: 0.9999999999999991
itereffortlevel: 0
--separating...
--find a better primal bound 0.16339087292259813 by Alternative descent Eigen
--found a cut state by heuristic 0.16339087292259813 0.038635600432164276 
iteration: 593,  #states: 1699, valueb: 0.038635600432164276, activeness: 0.16339087292259813, primalobj: 0.9693653980066771, dualobj: -Inf
solve--
end solve-- RelaxOptimal OPTIMAL
 weights_sum: 1.0000000326653988
itereffortlevel: 0
--separating...
--find a better primal bound 0.15463403332927783 by Alternative descent Eigen
--found a cut state by heuristic 0.15463403332927783 0.03441866588336145 
iteration: 594,  #states: 1700, valueb: 0.03441866588336145, activeness: 0.15463403332927783, primalobj: 0.9693434334061521, dualobj: -Inf
solve--
end solve-- RelaxOptimal OPTIMAL
 weights_sum: 1.0000008270380543
itereffortlevel: 0
--separating...
--find a better primal bound 0.14588109956669382 by Alternative descent Eigen
--found a cut state by heuristic 0.14588109956669382 0.03711905405001414 
iteration: 595,  #states: 1701, valueb: 0.03711905405001414, activeness: 0.14588109956669382, primalobj: 0.9693214633022222, dualobj: -Inf
solve--
end solve-- RelaxOptimal OPTIMAL
 weights_sum: 0.9999999999999997
itereffortlevel: 0
--separating...
--find a better primal bound 0.18426514171377828 by Alternative descent Eigen
--found a cut state by heuristic 0.18426514171377828 0.03991840753536237 
iteration: 596,  #states: 1702, valueb: 0.03991840753536237, activeness: 0.18426514171377828, primalobj: 0.9693043835766852, dualobj: -Inf
solve--
end solve-- RelaxOptimal OPTIMAL
 weights_sum: 1.0000000037920236
itereffortlevel: 0
--separating...
--find a better primal bound 0.1947136196987359 by Alternative descent Eigen
--found a cut state by heuristic 0.1947136196987359 0.04251702379393146 
iteration: 597,  #states: 1703, valueb: 0.04251702379393146, activeness: 0.1947136196987359, primalobj: 0.9692930257469454, dualobj: -Inf
solve--
end solve-- RelaxOptimal OPTIMAL
 weights_sum: 1.0000000000000009
itereffortlevel: 0
--separating...
--find a better primal bound 0.1500709432546289 by Alternative descent Eigen
--found a cut state by heuristic 0.1500709432546289 0.034845814353517746 
iteration: 598,  #states: 1704, valueb: 0.034845814353517746, activeness: 0.1500709432546289, primalobj: 0.9692709779549944, dualobj: -Inf
solve--
end solve-- RelaxOptimal OPTIMAL
 weights_sum: 0.9999999999999991
itereffortlevel: 0
--separating...
--find a better primal bound 0.1247995766644572 by Alternative descent Eigen
--found a cut state by heuristic 0.1247995766644572 0.03446345056692415 
iteration: 599,  #states: 1705, valueb: 0.03446345056692415, activeness: 0.1247995766644572, primalobj: 0.9692568659754041, dualobj: -Inf
solve--
end solve-- RelaxOptimal OPTIMAL
 weights_sum: 1.0000000000000009
itereffortlevel: 0
--separating...
--find a better primal bound 0.2688881086690948 by Alternative descent Eigen
--found a cut state by heuristic 0.2688881086690948 0.0504592178456924 
iteration: 600,  #states: 1706, valueb: 0.0504592178456924, activeness: 0.2688881086690948, primalobj: 0.9692455150488697, dualobj: -Inf
solve--
end solve-- RelaxOptimal OPTIMAL
 weights_sum: 0.9999999999999989
itereffortlevel: 0
--separating...
--find a better primal bound 0.1988556591614521 by Alternative descent Eigen
--found a cut state by heuristic 0.1988556591614521 0.04381379293152983 
iteration: 601,  #states: 1707, valueb: 0.04381379293152983, activeness: 0.1988556591614521, primalobj: 0.969210164661729, dualobj: -Inf
solve--
end solve-- RelaxOptimal OPTIMAL
 weights_sum: 0.9999999999999989
itereffortlevel: 0
--separating...
--find a better primal bound 0.20602532724089082 by Alternative descent Eigen
--found a cut state by heuristic 0.20602532724089082 0.03338748132149342 
iteration: 602,  #states: 1708, valueb: 0.03338748132149342, activeness: 0.20602532724089082, primalobj: 0.9691925547223497, dualobj: -Inf
solve--
end solve-- RelaxOptimal OPTIMAL
 weights_sum: 0.9999999999999996
itereffortlevel: 0
--separating...
--find a better primal bound 0.1212686245474147 by Alternative descent Eigen
--found a cut state by heuristic 0.1212686245474147 0.03356089834407272 
iteration: 603,  #states: 1709, valueb: 0.03356089834407272, activeness: 0.1212686245474147, primalobj: 0.9691685798509121, dualobj: -Inf
solve--
end solve-- RelaxOptimal OPTIMAL
 weights_sum: 0.9999999999999996
itereffortlevel: 0
--separating...
--find a better primal bound 0.12015936088188943 by Alternative descent Eigen
--found a cut state by heuristic 0.12015936088188943 0.036149946211540655 
iteration: 604,  #states: 1710, valueb: 0.036149946211540655, activeness: 0.12015936088188943, primalobj: 0.9691508609710587, dualobj: -Inf
solve--
end solve-- RelaxOptimal OPTIMAL
 weights_sum: 1.0000003227038707
itereffortlevel: 0
--separating...
--find a better primal bound 0.19853165888416302 by Alternative descent Eigen
--found a cut state by heuristic 0.19853165888416302 0.05037475497696952 
iteration: 605,  #states: 1711, valueb: 0.05037475497696952, activeness: 0.19853165888416302, primalobj: 0.9691376933981983, dualobj: -Inf
solve--
end solve-- RelaxOptimal OPTIMAL
 weights_sum: 0.9999999999999997
itereffortlevel: 0
--separating...
--find a better primal bound 0.21343656255625387 by Alternative descent Eigen
--found a cut state by heuristic 0.21343656255625387 0.047955990110242645 
iteration: 606,  #states: 1712, valueb: 0.047955990110242645, activeness: 0.21343656255625387, primalobj: 0.9691139115896749, dualobj: -Inf
solve--
end solve-- RelaxOptimal OPTIMAL
 weights_sum: 1.0000001025735943
itereffortlevel: 0
--separating...
--find a better primal bound 0.14552639243981663 by Alternative descent Eigen
--found a cut state by heuristic 0.14552639243981663 0.030322951286630713 
iteration: 607,  #states: 1713, valueb: 0.030322951286630713, activeness: 0.14552639243981663, primalobj: 0.9690918413151193, dualobj: -Inf
solve--
end solve-- RelaxOptimal OPTIMAL
 weights_sum: 1.000000000000001
itereffortlevel: 0
--separating...
--find a better primal bound 0.12270922949150692 by Alternative descent Eigen
--found a cut state by heuristic 0.12270922949150692 0.036845457569574976 
iteration: 608,  #states: 1714, valueb: 0.036845457569574976, activeness: 0.12270922949150692, primalobj: 0.9690852079704813, dualobj: -Inf
solve--
end solve-- RelaxOptimal OPTIMAL
 weights_sum: 1.0000000000000002
itereffortlevel: 0
--separating...
--find a better primal bound 0.1922374820472486 by Alternative descent Eigen
--found a cut state by heuristic 0.1922374820472486 0.034071492699380264 
iteration: 609,  #states: 1715, valueb: 0.034071492699380264, activeness: 0.1922374820472486, primalobj: 0.9690738871987497, dualobj: -Inf
solve--
end solve-- RelaxOptimal OPTIMAL
 weights_sum: 1.0
itereffortlevel: 0
--separating...
--find a better primal bound 0.08636064994329364 by Alternative descent Eigen
--found a cut state by heuristic 0.08636064994329364 0.028163255981263353 
iteration: 610,  #states: 1716, valueb: 0.028163255981263353, activeness: 0.08636064994329364, primalobj: 0.9690484279814753, dualobj: -Inf
solve--
end solve-- RelaxOptimal OPTIMAL
 weights_sum: 1.0000000000000009
itereffortlevel: 0
--separating...
--find a better primal bound 0.24164631175000081 by Alternative descent Eigen
--found a cut state by heuristic 0.24164631175000081 0.030911466670946963 
iteration: 611,  #states: 1717, valueb: 0.030911466670946963, activeness: 0.24164631175000081, primalobj: 0.969038561174832, dualobj: -Inf
solve--
end solve-- RelaxOptimal OPTIMAL
 weights_sum: 0.9999999999999993
itereffortlevel: 0
--separating...
--find a better primal bound 0.15072358089891097 by Alternative descent Eigen
--found a cut state by heuristic 0.15072358089891097 0.035838077399214706 
iteration: 612,  #states: 1718, valueb: 0.035838077399214706, activeness: 0.15072358089891097, primalobj: 0.9690106041187161, dualobj: -Inf
solve--
end solve-- RelaxOptimal OPTIMAL
 weights_sum: 1.0
itereffortlevel: 0
--separating...
--find a better primal bound 0.13997084870655127 by Alternative descent Eigen
--found a cut state by heuristic 0.13997084870655127 -0.0 
iteration: 613,  #states: 1719, valueb: -0.0, activeness: 0.13997084870655127, primalobj: 0.9689965154437163, dualobj: -Inf
solve--
end solve-- RelaxOptimal OPTIMAL
 weights_sum: 1.0000000000000004
itereffortlevel: 0
--separating...
--find a better primal bound 0.20044020091952108 by Alternative descent Eigen
--found a cut state by heuristic 0.20044020091952108 0.028433170142569197 
iteration: 614,  #states: 1720, valueb: 0.028433170142569197, activeness: 0.20044020091952108, primalobj: 0.9689655125663917, dualobj: -Inf
solve--
end solve-- RelaxOptimal OPTIMAL
 weights_sum: 1.0
itereffortlevel: 0
--separating...
--find a better primal bound 0.10802618144599564 by Alternative descent Eigen
--found a cut state by heuristic 0.10802618144599564 0.022298498741236104 
iteration: 615,  #states: 1721, valueb: 0.022298498741236104, activeness: 0.10802618144599564, primalobj: 0.968941412554546, dualobj: -Inf
solve--
end solve-- RelaxOptimal OPTIMAL
 weights_sum: 1.0000000000000002
itereffortlevel: 0
--separating...
--find a better primal bound 0.1676845818953011 by Alternative descent Eigen
--found a cut state by heuristic 0.1676845818953011 0.01448954604977812 
iteration: 616,  #states: 1722, valueb: 0.01448954604977812, activeness: 0.1676845818953011, primalobj: 0.9689266873494253, dualobj: -Inf
solve--
end solve-- RelaxOptimal OPTIMAL
 weights_sum: 1.0000000000000004
itereffortlevel: 0
--separating...
--find a better primal bound 0.1168155033268668 by Alternative descent Eigen
--found a cut state by heuristic 0.1168155033268668 0.04185391985562989 
iteration: 617,  #states: 1723, valueb: 0.04185391985562989, activeness: 0.1168155033268668, primalobj: 0.9689052565640162, dualobj: -Inf
solve--
end solve-- RelaxOptimal OPTIMAL
 weights_sum: 1.0
itereffortlevel: 0
--separating...
--find a better primal bound 0.1397130914989674 by Alternative descent Eigen
--found a cut state by heuristic 0.1397130914989674 0.04287111030706745 
iteration: 618,  #states: 1724, valueb: 0.04287111030706745, activeness: 0.1397130914989674, primalobj: 0.9688915719529354, dualobj: -Inf
solve--
end solve-- RelaxOptimal OPTIMAL
 weights_sum: 0.9999999999999992
itereffortlevel: 0
--separating...
--find a better primal bound 0.16651821504422856 by Alternative descent Eigen
--found a cut state by heuristic 0.16651821504422856 0.03311786810598212 
iteration: 619,  #states: 1725, valueb: 0.03311786810598212, activeness: 0.16651821504422856, primalobj: 0.9688653536015077, dualobj: -Inf
solve--
end solve-- RelaxOptimal OPTIMAL
 weights_sum: 1.0000000489117866
itereffortlevel: 0
--separating...
--find a better primal bound 0.16913963187800124 by Alternative descent Eigen
--found a cut state by heuristic 0.16913963187800124 0.021152950230890952 
iteration: 620,  #states: 1726, valueb: 0.021152950230890952, activeness: 0.16913963187800124, primalobj: 0.9688324358910352, dualobj: -Inf
solve--
end solve-- RelaxOptimal OPTIMAL
 weights_sum: 1.0000000317378215
itereffortlevel: 0
--separating...
--find a better primal bound 0.12360978402362588 by Alternative descent Eigen
--found a cut state by heuristic 0.12360978402362588 0.030082010954331686 
iteration: 621,  #states: 1727, valueb: 0.030082010954331686, activeness: 0.12360978402362588, primalobj: 0.9688000931040985, dualobj: -Inf
solve--
end solve-- RelaxOptimal OPTIMAL
 weights_sum: 1.0000000000000002
itereffortlevel: 0
--separating...
--find a better primal bound 0.13733053396601025 by Alternative descent Eigen
--found a cut state by heuristic 0.13733053396601025 0.03289784098813056 
iteration: 622,  #states: 1728, valueb: 0.03289784098813056, activeness: 0.13733053396601025, primalobj: 0.9687791943302224, dualobj: -Inf
solve--
end solve-- RelaxOptimal OPTIMAL
 weights_sum: 1.0000000000000004
itereffortlevel: 0
--separating...
--find a better primal bound 0.1921687251575604 by Alternative descent Eigen
--found a cut state by heuristic 0.1921687251575604 0.05379366506562365 
iteration: 623,  #states: 1729, valueb: 0.05379366506562365, activeness: 0.1921687251575604, primalobj: 0.9687570522313742, dualobj: -Inf
solve--
end solve-- RelaxOptimal OPTIMAL
 weights_sum: 0.9999999999999998
itereffortlevel: 0
--separating...
--find a better primal bound 0.1551768923272238 by Alternative descent Eigen
--found a cut state by heuristic 0.1551768923272238 0.04916130812706389 
iteration: 624,  #states: 1730, valueb: 0.04916130812706389, activeness: 0.1551768923272238, primalobj: 0.9687253633466879, dualobj: -Inf
solve--
end solve-- RelaxOptimal OPTIMAL
 weights_sum: 1.000000138774645
itereffortlevel: 0
--separating...
--find a better primal bound 0.15168156378694314 by Alternative descent Eigen
--found a cut state by heuristic 0.15168156378694314 0.05711048661663577 
iteration: 625,  #states: 1731, valueb: 0.05711048661663577, activeness: 0.15168156378694314, primalobj: 0.9687023171842656, dualobj: -Inf
solve--
end solve-- RelaxOptimal OPTIMAL
 weights_sum: 0.9999999999999984
itereffortlevel: 0
--separating...
--find a better primal bound 0.26168592887293957 by Alternative descent Eigen
--found a cut state by heuristic 0.26168592887293957 0.042212155005093996 
iteration: 626,  #states: 1732, valueb: 0.042212155005093996, activeness: 0.26168592887293957, primalobj: 0.9686903964367266, dualobj: -Inf
solve--
end solve-- RelaxOptimal OPTIMAL
 weights_sum: 1.0000000000000002
itereffortlevel: 0
--separating...
--find a better primal bound 0.11283908054967579 by Alternative descent Eigen
--found a cut state by heuristic 0.11283908054967579 0.045214905044785314 
iteration: 627,  #states: 1733, valueb: 0.045214905044785314, activeness: 0.11283908054967579, primalobj: 0.9686326805485683, dualobj: -Inf
solve--
end solve-- RelaxOptimal OPTIMAL
 weights_sum: 1.0000000000000007
itereffortlevel: 0
--separating...
--find a better primal bound 0.17608069545672245 by Alternative descent Eigen
--found a cut state by heuristic 0.17608069545672245 0.04777145439068391 
iteration: 628,  #states: 1734, valueb: 0.04777145439068391, activeness: 0.17608069545672245, primalobj: 0.9686170916983305, dualobj: -Inf
solve--
end solve-- RelaxOptimal OPTIMAL
 weights_sum: 1.0000009510537362
itereffortlevel: 0
--separating...
--find a better primal bound 0.2451357940812276 by Alternative descent Eigen
--found a cut state by heuristic 0.2451357940812276 0.05303171759690909 
iteration: 629,  #states: 1735, valueb: 0.05303171759690909, activeness: 0.2451357940812276, primalobj: 0.968588358936464, dualobj: -Inf
solve--
end solve-- RelaxOptimal OPTIMAL
 weights_sum: 1.0000000000000009
itereffortlevel: 0
--separating...
--find a better primal bound 0.18492806933582645 by Alternative descent Eigen
--found a cut state by heuristic 0.18492806933582645 0.049872668448965506 
iteration: 630,  #states: 1736, valueb: 0.049872668448965506, activeness: 0.18492806933582645, primalobj: 0.9685285302791711, dualobj: -Inf
solve--
end solve-- RelaxOptimal OPTIMAL
 weights_sum: 0.9999999999999994
itereffortlevel: 0
--separating...
--find a better primal bound 0.17373438505707958 by Alternative descent Eigen
--found a cut state by heuristic 0.17373438505707958 0.06280345859284445 
iteration: 631,  #states: 1737, valueb: 0.06280345859284445, activeness: 0.17373438505707958, primalobj: 0.9684880724276566, dualobj: -Inf
solve--
end solve-- RelaxOptimal OPTIMAL
 weights_sum: 1.0000001948797155
itereffortlevel: 0
--separating...
--find a better primal bound 0.22403653767422185 by Alternative descent Eigen
--found a cut state by heuristic 0.22403653767422185 0.0599836742034993 
iteration: 632,  #states: 1738, valueb: 0.0599836742034993, activeness: 0.22403653767422185, primalobj: 0.9684614839151746, dualobj: -Inf
solve--
end solve-- RelaxOptimal OPTIMAL
 weights_sum: 0.9999999999999998
itereffortlevel: 0
--separating...
--find a better primal bound 0.22412030950742357 by Alternative descent Eigen
--found a cut state by heuristic 0.22412030950742357 0.06191779560075519 
iteration: 633,  #states: 1739, valueb: 0.06191779560075519, activeness: 0.22412030950742357, primalobj: 0.9684038294927033, dualobj: -Inf
solve--
end solve-- RelaxOptimal OPTIMAL
 weights_sum: 1.0000000000000004
itereffortlevel: 0
--separating...
--find a better primal bound 0.18364238082676992 by Alternative descent Eigen
--found a cut state by heuristic 0.18364238082676992 0.05945892298611756 
iteration: 634,  #states: 1740, valueb: 0.05945892298611756, activeness: 0.18364238082676992, primalobj: 0.968371257764892, dualobj: -Inf
solve--
end solve-- RelaxOptimal OPTIMAL
 weights_sum: 1.0000000000000004
itereffortlevel: 0
--separating...
--find a better primal bound 0.1754598799566245 by Alternative descent Eigen
--found a cut state by heuristic 0.1754598799566245 0.04180928014169464 
iteration: 635,  #states: 1741, valueb: 0.04180928014169464, activeness: 0.1754598799566245, primalobj: 0.9683392867793219, dualobj: -Inf
solve--
end solve-- RelaxOptimal OPTIMAL
 weights_sum: 1.0000000000000009
itereffortlevel: 0
--separating...
--find a better primal bound 0.12997535436309204 by Alternative descent Eigen
--found a cut state by heuristic 0.12997535436309204 0.045104778522628515 
iteration: 636,  #states: 1742, valueb: 0.045104778522628515, activeness: 0.12997535436309204, primalobj: 0.9683203519238598, dualobj: -Inf
solve--
end solve-- RelaxOptimal OPTIMAL
 weights_sum: 1.0
itereffortlevel: 0
--separating...
--find a better primal bound 0.15354219283310958 by Alternative descent Eigen
--found a cut state by heuristic 0.15354219283310958 0.053942378582709796 
iteration: 637,  #states: 1743, valueb: 0.053942378582709796, activeness: 0.15354219283310958, primalobj: 0.9683108644853637, dualobj: -Inf
solve--
end solve-- RelaxOptimal OPTIMAL
 weights_sum: 1.0
itereffortlevel: 0
--separating...
--find a better primal bound 0.18529559709789434 by Alternative descent Eigen
--found a cut state by heuristic 0.18529559709789434 0.037704602290532276 
iteration: 638,  #states: 1744, valueb: 0.037704602290532276, activeness: 0.18529559709789434, primalobj: 0.9682944475666091, dualobj: -Inf
solve--
end solve-- RelaxOptimal OPTIMAL
 weights_sum: 1.0000000346331959
itereffortlevel: 0
--separating...
--find a better primal bound 0.16086416621274535 by Alternative descent Eigen
--found a cut state by heuristic 0.16086416621274535 0.05065485070975373 
iteration: 639,  #states: 1745, valueb: 0.05065485070975373, activeness: 0.16086416621274535, primalobj: 0.9682589067079516, dualobj: -Inf
solve--
end solve-- RelaxOptimal OPTIMAL
 weights_sum: 1.0000000000000013
itereffortlevel: 0
--separating...
--find a better primal bound 0.117332660321749 by Alternative descent Eigen
--found a cut state by heuristic 0.117332660321749 0.05533491575131693 
iteration: 640,  #states: 1746, valueb: 0.05533491575131693, activeness: 0.117332660321749, primalobj: 0.968239028192477, dualobj: -Inf
solve--
end solve-- RelaxOptimal OPTIMAL
 weights_sum: 0.9999999999999993
itereffortlevel: 0
--separating...
--find a better primal bound 0.17829091778433762 by Alternative descent Eigen
--found a cut state by heuristic 0.17829091778433762 0.04737986422206694 
iteration: 641,  #states: 1747, valueb: 0.04737986422206694, activeness: 0.17829091778433762, primalobj: 0.9682278921288376, dualobj: -Inf
solve--
end solve-- RelaxOptimal OPTIMAL
 weights_sum: 0.9999999999999993
itereffortlevel: 0
--separating...
--find a better primal bound 0.23579133592867102 by Alternative descent Eigen
--found a cut state by heuristic 0.23579133592867102 0.056553682744344365 
iteration: 642,  #states: 1748, valueb: 0.056553682744344365, activeness: 0.23579133592867102, primalobj: 0.9682031370511832, dualobj: -Inf
solve--
end solve-- RelaxOptimal OPTIMAL
 weights_sum: 1.0000000000000007
itereffortlevel: 0
--separating...
--find a better primal bound 0.19615078737114788 by Alternative descent Eigen
--found a cut state by heuristic 0.19615078737114788 0.052974101381875825 
iteration: 643,  #states: 1749, valueb: 0.052974101381875825, activeness: 0.19615078737114788, primalobj: 0.9681728110261525, dualobj: -Inf
solve--
end solve-- RelaxOptimal OPTIMAL
 weights_sum: 1.0000000000000002
itereffortlevel: 0
--separating...
--find a better primal bound 0.2385285685265645 by Alternative descent Eigen
--found a cut state by heuristic 0.2385285685265645 0.0465025917583274 
iteration: 644,  #states: 1750, valueb: 0.0465025917583274, activeness: 0.2385285685265645, primalobj: 0.9681273675263662, dualobj: -Inf
solve--
end solve-- RelaxOptimal OPTIMAL
 weights_sum: 1.0000000000000009
itereffortlevel: 0
--separating...
--find a better primal bound 0.18314963879899165 by Alternative descent Eigen
--found a cut state by heuristic 0.18314963879899165 0.0563431694556349 
iteration: 645,  #states: 1751, valueb: 0.0563431694556349, activeness: 0.18314963879899165, primalobj: 0.9680808969691448, dualobj: -Inf
solve--
end solve-- RelaxOptimal OPTIMAL
 weights_sum: 0.9999999999999993
itereffortlevel: 0
--separating...
--find a better primal bound 0.17904236749554794 by Alternative descent Eigen
--found a cut state by heuristic 0.17904236749554794 0.06254716840337037 
iteration: 646,  #states: 1752, valueb: 0.06254716840337037, activeness: 0.17904236749554794, primalobj: 0.9680618300207, dualobj: -Inf
solve--
end solve-- RelaxOptimal OPTIMAL
 weights_sum: 1.0000000000000004
itereffortlevel: 0
--separating...
--find a better primal bound 0.14977610516103906 by Alternative descent Eigen
--found a cut state by heuristic 0.14977610516103906 0.05028818216740111 
iteration: 647,  #states: 1753, valueb: 0.05028818216740111, activeness: 0.14977610516103906, primalobj: 0.968038681477887, dualobj: -Inf
solve--
end solve-- RelaxOptimal OPTIMAL
 weights_sum: 1.0000000000000007
itereffortlevel: 0
--separating...
--find a better primal bound 0.18649346115624135 by Alternative descent Eigen
--found a cut state by heuristic 0.18649346115624135 0.048602649483154646 
iteration: 648,  #states: 1754, valueb: 0.048602649483154646, activeness: 0.18649346115624135, primalobj: 0.968023438146558, dualobj: -Inf
solve--
end solve-- RelaxOptimal OPTIMAL
 weights_sum: 0.9999999999999996
itereffortlevel: 0
--separating...
--find a better primal bound 0.17870607541168318 by Alternative descent Eigen
--found a cut state by heuristic 0.17870607541168318 -0.0 
iteration: 649,  #states: 1755, valueb: -0.0, activeness: 0.17870607541168318, primalobj: 0.968006836939181, dualobj: -Inf
solve--
end solve-- RelaxOptimal OPTIMAL
 weights_sum: 1.0000000000000004
itereffortlevel: 0
--separating...
--find a better primal bound 0.17747392774338733 by Alternative descent Eigen
--found a cut state by heuristic 0.17747392774338733 0.049875680980607746 
iteration: 650,  #states: 1756, valueb: 0.049875680980607746, activeness: 0.17747392774338733, primalobj: 0.9679730561695091, dualobj: -Inf
solve--
end solve-- RelaxOptimal OPTIMAL
 weights_sum: 1.0000000000000009
itereffortlevel: 0
--separating...
--find a better primal bound 0.15691757186942862 by Alternative descent Eigen
--found a cut state by heuristic 0.15691757186942862 0.06426297579739927 
iteration: 651,  #states: 1757, valueb: 0.06426297579739927, activeness: 0.15691757186942862, primalobj: 0.9679473842864739, dualobj: -Inf
solve--
end solve-- RelaxOptimal OPTIMAL
 weights_sum: 0.9999999999999993
itereffortlevel: 0
--separating...
--find a better primal bound 0.13754097134364054 by Alternative descent Eigen
--found a cut state by heuristic 0.13754097134364054 0.07548415315468734 
iteration: 652,  #states: 1758, valueb: 0.07548415315468734, activeness: 0.13754097134364054, primalobj: 0.9679255207721817, dualobj: -Inf
solve--
end solve-- RelaxOptimal OPTIMAL
 weights_sum: 0.9999999999999998
itereffortlevel: 0
--separating...
--find a better primal bound 0.11777014139287939 by Alternative descent Eigen
--found a cut state by heuristic 0.11777014139287939 -0.0 
iteration: 653,  #states: 1759, valueb: -0.0, activeness: 0.11777014139287939, primalobj: 0.9679184919718451, dualobj: -Inf
solve--
end solve-- RelaxOptimal OPTIMAL
 weights_sum: 1.0000000000000009
itereffortlevel: 0
--separating...
--find a better primal bound 0.2318876138411955 by Alternative descent Eigen
--found a cut state by heuristic 0.2318876138411955 0.05627035353205265 
iteration: 654,  #states: 1760, valueb: 0.05627035353205265, activeness: 0.2318876138411955, primalobj: 0.967905652870816, dualobj: -Inf
solve--
end solve-- RelaxOptimal OPTIMAL
 weights_sum: 0.9999999999999988
itereffortlevel: 0
--separating...
--find a better primal bound 0.1598237768941579 by Alternative descent Eigen
--found a cut state by heuristic 0.1598237768941579 0.05921375528808025 
iteration: 655,  #states: 1761, valueb: 0.05921375528808025, activeness: 0.1598237768941579, primalobj: 0.9678799307459244, dualobj: -Inf
solve--
end solve-- RelaxOptimal OPTIMAL
 weights_sum: 1.0000000000000007
itereffortlevel: 0
--separating...
--find a better primal bound 0.16119105745439802 by Alternative descent Eigen
--found a cut state by heuristic 0.16119105745439802 0.055023805722245356 
iteration: 656,  #states: 1762, valueb: 0.055023805722245356, activeness: 0.16119105745439802, primalobj: 0.9678660207989619, dualobj: -Inf
solve--
end solve-- RelaxOptimal OPTIMAL
 weights_sum: 1.0000000000000013
itereffortlevel: 0
--separating...
--find a better primal bound 0.2649917859365723 by Alternative descent Eigen
--found a cut state by heuristic 0.2649917859365723 0.07224363864153688 
iteration: 657,  #states: 1763, valueb: 0.07224363864153688, activeness: 0.2649917859365723, primalobj: 0.9678486014576257, dualobj: -Inf
solve--
end solve-- RelaxOptimal OPTIMAL
 weights_sum: 1.0000004771340045
itereffortlevel: 0
--separating...
--find a better primal bound 0.1608995110930872 by Alternative descent Eigen
--found a cut state by heuristic 0.1608995110930872 0.06765602709539345 
iteration: 658,  #states: 1764, valueb: 0.06765602709539345, activeness: 0.1608995110930872, primalobj: 0.9678052107472676, dualobj: -Inf
solve--
end solve-- RelaxOptimal OPTIMAL
 weights_sum: 1.0000000000000009
itereffortlevel: 0
--separating...
--find a better primal bound 0.14798922255497837 by Alternative descent Eigen
--found a cut state by heuristic 0.14798922255497837 0.024241247760225706 
iteration: 659,  #states: 1765, valueb: 0.024241247760225706, activeness: 0.14798922255497837, primalobj: 0.9677934877769097, dualobj: -Inf
solve--
end solve-- RelaxOptimal OPTIMAL
 weights_sum: 0.9999999999999998
itereffortlevel: 0
--separating...
--find a better primal bound 0.20934986672497155 by Alternative descent Eigen
--found a cut state by heuristic 0.20934986672497155 0.055140055174024434 
iteration: 660,  #states: 1766, valueb: 0.055140055174024434, activeness: 0.20934986672497155, primalobj: 0.9677788000026063, dualobj: -Inf
solve--
end solve-- RelaxOptimal OPTIMAL
 weights_sum: 1.0000000000000009
itereffortlevel: 0
--separating...
--find a better primal bound 0.151293973191586 by Alternative descent Eigen
--found a cut state by heuristic 0.151293973191586 0.05237161540479468 
iteration: 661,  #states: 1767, valueb: 0.05237161540479468, activeness: 0.151293973191586, primalobj: 0.9677603207239681, dualobj: -Inf
solve--
end solve-- RelaxOptimal OPTIMAL
 weights_sum: 0.9999999999999993
itereffortlevel: 0
--separating...
--find a better primal bound 0.22936013721053022 by Alternative descent Eigen
--found a cut state by heuristic 0.22936013721053022 0.04713960722356631 
iteration: 662,  #states: 1768, valueb: 0.04713960722356631, activeness: 0.22936013721053022, primalobj: 0.9677385810375896, dualobj: -Inf
solve--
end solve-- RelaxOptimal OPTIMAL
 weights_sum: 1.0000000000000004
itereffortlevel: 0
--separating...
--find a better primal bound 0.16179011326026838 by Alternative descent Eigen
--found a cut state by heuristic 0.16179011326026838 0.0407955915697841 
iteration: 663,  #states: 1769, valueb: 0.0407955915697841, activeness: 0.16179011326026838, primalobj: 0.9676854347629223, dualobj: -Inf
solve--
end solve-- RelaxOptimal OPTIMAL
 weights_sum: 0.9999999999999998
itereffortlevel: 0
--separating...
--find a better primal bound 0.1857919008644327 by Alternative descent Eigen
--found a cut state by heuristic 0.1857919008644327 0.05207364114241475 
iteration: 664,  #states: 1770, valueb: 0.05207364114241475, activeness: 0.1857919008644327, primalobj: 0.9676761360435774, dualobj: -Inf
solve--
end solve-- RelaxOptimal OPTIMAL
 weights_sum: 0.9999999999999989
itereffortlevel: 0
--separating...
--find a better primal bound 0.20810635978121683 by Alternative descent Eigen
--found a cut state by heuristic 0.20810635978121683 0.060450524929821656 
iteration: 665,  #states: 1771, valueb: 0.060450524929821656, activeness: 0.20810635978121683, primalobj: 0.9676497592988721, dualobj: -Inf
solve--
end solve-- RelaxOptimal OPTIMAL
 weights_sum: 1.0000000000000002
itereffortlevel: 0
--separating...
--find a better primal bound 0.13211375192474034 by Alternative descent Eigen
--found a cut state by heuristic 0.13211375192474034 0.04617306428779766 
iteration: 666,  #states: 1772, valueb: 0.04617306428779766, activeness: 0.13211375192474034, primalobj: 0.9676395970377916, dualobj: -Inf
solve--
end solve-- RelaxOptimal OPTIMAL
 weights_sum: 1.0000000000000002
itereffortlevel: 0
--separating...
--find a better primal bound 0.19608538180008572 by Alternative descent Eigen
--found a cut state by heuristic 0.19608538180008572 0.05539529459125112 
iteration: 667,  #states: 1773, valueb: 0.05539529459125112, activeness: 0.19608538180008572, primalobj: 0.9676254829700357, dualobj: -Inf
solve--
end solve-- RelaxOptimal OPTIMAL
 weights_sum: 1.0000000000000004
itereffortlevel: 0
--separating...
--find a better primal bound 0.16959228480381727 by Alternative descent Eigen
--found a cut state by heuristic 0.16959228480381727 0.061882067873585855 
iteration: 668,  #states: 1774, valueb: 0.061882067873585855, activeness: 0.16959228480381727, primalobj: 0.9676102096184455, dualobj: -Inf
solve--
end solve-- RelaxOptimal OPTIMAL
 weights_sum: 0.9999999999999996
itereffortlevel: 0
--separating...
--find a better primal bound 0.20077057379439756 by Alternative descent Eigen
--found a cut state by heuristic 0.20077057379439756 0.04254124386456404 
iteration: 669,  #states: 1775, valueb: 0.04254124386456404, activeness: 0.20077057379439756, primalobj: 0.9675974623482646, dualobj: -Inf
solve--
end solve-- RelaxOptimal OPTIMAL
 weights_sum: 0.9999999999999994
itereffortlevel: 0
--separating...
--find a better primal bound 0.1812255469927422 by Alternative descent Eigen
--found a cut state by heuristic 0.1812255469927422 0.0637650355363618 
iteration: 670,  #states: 1776, valueb: 0.0637650355363618, activeness: 0.1812255469927422, primalobj: 0.9675643160575407, dualobj: -Inf
solve--
end solve-- RelaxOptimal OPTIMAL
 weights_sum: 0.9999999999999993
itereffortlevel: 0
--separating...
--find a better primal bound 0.21672678569046028 by Alternative descent Eigen
--found a cut state by heuristic 0.21672678569046028 0.07861061837349184 
iteration: 671,  #states: 1777, valueb: 0.07861061837349184, activeness: 0.21672678569046028, primalobj: 0.9675313119361462, dualobj: -Inf
solve--
end solve-- RelaxOptimal OPTIMAL
 weights_sum: 1.0000002954044378
itereffortlevel: 0
--separating...
--find a better primal bound 0.13728460965966865 by Alternative descent Eigen
--found a cut state by heuristic 0.13728460965966865 0.06527454104115948 
iteration: 672,  #states: 1778, valueb: 0.06527454104115948, activeness: 0.13728460965966865, primalobj: 0.9675120069595953, dualobj: -Inf
solve--
end solve-- RelaxOptimal OPTIMAL
 weights_sum: 0.9999999999999993
itereffortlevel: 0
--separating...
--find a better primal bound 0.18718791412246938 by Alternative descent Eigen
--found a cut state by heuristic 0.18718791412246938 0.0539455052044203 
iteration: 673,  #states: 1779, valueb: 0.0539455052044203, activeness: 0.18718791412246938, primalobj: 0.9674930653200433, dualobj: -Inf
solve--
end solve-- RelaxOptimal OPTIMAL
 weights_sum: 1.0000000000000004
itereffortlevel: 0
--separating...
--find a better primal bound 0.1855282633151527 by Alternative descent Eigen
--found a cut state by heuristic 0.1855282633151527 0.06111427311413778 
iteration: 674,  #states: 1780, valueb: 0.06111427311413778, activeness: 0.1855282633151527, primalobj: 0.9674784391842222, dualobj: -Inf
solve--
end solve-- RelaxOptimal OPTIMAL
 weights_sum: 1.0000000000000009
itereffortlevel: 0
--separating...
--find a better primal bound 0.14001739497632992 by Alternative descent Eigen
--found a cut state by heuristic 0.14001739497632992 0.01651390300575422 
iteration: 675,  #states: 1781, valueb: 0.01651390300575422, activeness: 0.14001739497632992, primalobj: 0.9674560203564855, dualobj: -Inf
solve--
end solve-- RelaxOptimal OPTIMAL
 weights_sum: 0.9999999999999996
itereffortlevel: 0
--separating...
--find a better primal bound 0.17590165334479121 by Alternative descent Eigen
--found a cut state by heuristic 0.17590165334479121 0.051532172981305295 
iteration: 676,  #states: 1782, valueb: 0.051532172981305295, activeness: 0.17590165334479121, primalobj: 0.9674396897499155, dualobj: -Inf
solve--
end solve-- RelaxOptimal OPTIMAL
 weights_sum: 0.9999999999999986
itereffortlevel: 0
--separating...
--find a better primal bound 0.1816130635685535 by Alternative descent Eigen
--found a cut state by heuristic 0.1816130635685535 0.05037642526833345 
iteration: 677,  #states: 1783, valueb: 0.05037642526833345, activeness: 0.1816130635685535, primalobj: 0.9674161047812857, dualobj: -Inf
solve--
end solve-- RelaxOptimal OPTIMAL
 weights_sum: 1.0000000000000004
itereffortlevel: 0
--separating...
--find a better primal bound 0.16500973012022757 by Alternative descent Eigen
--found a cut state by heuristic 0.16500973012022757 0.04876581155878321 
iteration: 678,  #states: 1784, valueb: 0.04876581155878321, activeness: 0.16500973012022757, primalobj: 0.9674018235514705, dualobj: -Inf
solve--
end solve-- RelaxOptimal OPTIMAL
 weights_sum: 0.9999999999999992
itereffortlevel: 0
--separating...
--find a better primal bound 0.11979204951490396 by Alternative descent Eigen
--found a cut state by heuristic 0.11979204951490396 0.02218826563916447 
iteration: 679,  #states: 1785, valueb: 0.02218826563916447, activeness: 0.11979204951490396, primalobj: 0.967387822894459, dualobj: -Inf
solve--
end solve-- RelaxOptimal OPTIMAL
 weights_sum: 0.9999999999999993
itereffortlevel: 0
--separating...
--find a better primal bound 0.16176634460198008 by Alternative descent Eigen
--found a cut state by heuristic 0.16176634460198008 0.025315068519272583 
iteration: 680,  #states: 1786, valueb: 0.025315068519272583, activeness: 0.16176634460198008, primalobj: 0.9673764530242508, dualobj: -Inf
solve--
end solve-- RelaxOptimal OPTIMAL
 weights_sum: 0.9999999999999987
itereffortlevel: 0
--separating...
--find a better primal bound 0.1390311608397663 by Alternative descent Eigen
--found a cut state by heuristic 0.1390311608397663 0.028471416251456057 
iteration: 681,  #states: 1787, valueb: 0.028471416251456057, activeness: 0.1390311608397663, primalobj: 0.9673607189963891, dualobj: -Inf
solve--
end solve-- RelaxOptimal OPTIMAL
 weights_sum: 1.0000007823126928
itereffortlevel: 0
--separating...
--find a better primal bound 0.1773391143746562 by Alternative descent Eigen
--found a cut state by heuristic 0.1773391143746562 0.047475658978087844 
iteration: 682,  #states: 1788, valueb: 0.047475658978087844, activeness: 0.1773391143746562, primalobj: 0.9673456740049682, dualobj: -Inf
solve--
end solve-- RelaxOptimal OPTIMAL
 weights_sum: 1.0000006001766533
itereffortlevel: 0
--separating...
--find a better primal bound 0.1300840037011583 by Alternative descent Eigen
--found a cut state by heuristic 0.1300840037011583 0.04195721004747552 
iteration: 683,  #states: 1789, valueb: 0.04195721004747552, activeness: 0.1300840037011583, primalobj: 0.9673260804581065, dualobj: -Inf
solve--
end solve-- RelaxOptimal OPTIMAL
 weights_sum: 0.9999999999999987
itereffortlevel: 0
--separating...
--find a better primal bound 0.14165146763560255 by Alternative descent Eigen
--found a cut state by heuristic 0.14165146763560255 0.052615315064360124 
iteration: 684,  #states: 1790, valueb: 0.052615315064360124, activeness: 0.14165146763560255, primalobj: 0.967306928999035, dualobj: -Inf
solve--
end solve-- RelaxOptimal OPTIMAL
 weights_sum: 1.000000742501095
itereffortlevel: 0
--separating...
--find a better primal bound 0.1967576535423381 by Alternative descent Eigen
--found a cut state by heuristic 0.1967576535423381 0.05074873915119425 
iteration: 685,  #states: 1791, valueb: 0.05074873915119425, activeness: 0.1967576535423381, primalobj: 0.9672873936185479, dualobj: -Inf
solve--
end solve-- RelaxOptimal OPTIMAL
 weights_sum: 0.9999999999999993
itereffortlevel: 0
--separating...
--find a better primal bound 0.12227112040462954 by Alternative descent Eigen
--found a cut state by heuristic 0.12227112040462954 0.04703805123220801 
iteration: 686,  #states: 1792, valueb: 0.04703805123220801, activeness: 0.12227112040462954, primalobj: 0.9672636264770537, dualobj: -Inf
solve--
end solve-- RelaxOptimal OPTIMAL
 weights_sum: 1.0
itereffortlevel: 0
--separating...
--find a better primal bound 0.13356039008183712 by Alternative descent Eigen
--found a cut state by heuristic 0.13356039008183712 0.037732063196756434 
iteration: 687,  #states: 1793, valueb: 0.037732063196756434, activeness: 0.13356039008183712, primalobj: 0.9672415107044019, dualobj: -Inf
solve--
end solve-- RelaxOptimal OPTIMAL
 weights_sum: 0.9999999999999993
itereffortlevel: 0
--separating...
--find a better primal bound 0.17195337486665516 by Alternative descent Eigen
--found a cut state by heuristic 0.17195337486665516 0.04232938676649062 
iteration: 688,  #states: 1794, valueb: 0.04232938676649062, activeness: 0.17195337486665516, primalobj: 0.9672278163156984, dualobj: -Inf
solve--
end solve-- RelaxOptimal OPTIMAL
 weights_sum: 1.0000000859085434
itereffortlevel: 0
--separating...
--find a better primal bound 0.12447346585950773 by Alternative descent Eigen
--found a cut state by heuristic 0.12447346585950773 0.049828420288893345 
iteration: 689,  #states: 1795, valueb: 0.049828420288893345, activeness: 0.12447346585950773, primalobj: 0.9672088706933522, dualobj: -Inf
solve--
end solve-- RelaxOptimal OPTIMAL
 weights_sum: 0.9999999999999998
itereffortlevel: 0
--separating...
--find a better primal bound 0.1033521834202748 by Alternative descent Eigen
--found a cut state by heuristic 0.1033521834202748 0.04944523107764393 
iteration: 690,  #states: 1796, valueb: 0.04944523107764393, activeness: 0.1033521834202748, primalobj: 0.9671985059272138, dualobj: -Inf
solve--
end solve-- RelaxOptimal OPTIMAL
 weights_sum: 1.000000000000001
itereffortlevel: 0
--separating...
--find a better primal bound 0.14275338969378643 by Alternative descent Eigen
--found a cut state by heuristic 0.14275338969378643 0.061905522587672616 
iteration: 691,  #states: 1797, valueb: 0.061905522587672616, activeness: 0.14275338969378643, primalobj: 0.9671921620064585, dualobj: -Inf
solve--
end solve-- RelaxOptimal OPTIMAL
 weights_sum: 1.0000000000000013
itereffortlevel: 0
--separating...
--find a better primal bound 0.19859308812422513 by Alternative descent Eigen
--found a cut state by heuristic 0.19859308812422513 0.06075955024861335 
iteration: 692,  #states: 1798, valueb: 0.06075955024861335, activeness: 0.19859308812422513, primalobj: 0.9671860252241223, dualobj: -Inf
solve--
end solve-- RelaxOptimal OPTIMAL
 weights_sum: 1.000000731615612
itereffortlevel: 0
--separating...
--find a better primal bound 0.21595174201689327 by Alternative descent Eigen
--found a cut state by heuristic 0.21595174201689327 0.08454817087884356 
iteration: 693,  #states: 1799, valueb: 0.08454817087884356, activeness: 0.21595174201689327, primalobj: 0.9671687651398152, dualobj: -Inf
solve--
end solve-- RelaxOptimal OPTIMAL
 weights_sum: 1.0000000243348373
itereffortlevel: 0
--separating...
--find a better primal bound 0.09157351547547127 by Alternative descent Eigen
--found a cut state by heuristic 0.09157351547547127 -0.0 
iteration: 694,  #states: 1800, valueb: -0.0, activeness: 0.09157351547547127, primalobj: 0.9671479766004234, dualobj: -Inf
solve--
end solve-- RelaxOptimal OPTIMAL
 weights_sum: 0.9999999999999987
itereffortlevel: 0
--separating...
--find a better primal bound 0.1671713302027673 by Alternative descent Eigen
--found a cut state by heuristic 0.1671713302027673 0.0680966837712941 
iteration: 695,  #states: 1801, valueb: 0.0680966837712941, activeness: 0.1671713302027673, primalobj: 0.9671329607442497, dualobj: -Inf
solve--
end solve-- RelaxOptimal OPTIMAL
 weights_sum: 0.9999999999999998
itereffortlevel: 0
--separating...
--find a better primal bound 0.1638659104433985 by Alternative descent Eigen
--found a cut state by heuristic 0.1638659104433985 0.05702950605041639 
iteration: 696,  #states: 1802, valueb: 0.05702950605041639, activeness: 0.1638659104433985, primalobj: 0.9671224561977145, dualobj: -Inf
solve--
end solve-- RelaxOptimal OPTIMAL
 weights_sum: 1.0
itereffortlevel: 0
--separating...
--find a better primal bound 0.09867159705644746 by Alternative descent Eigen
--found a cut state by heuristic 0.09867159705644746 0.03235273003706803 
iteration: 697,  #states: 1803, valueb: 0.03235273003706803, activeness: 0.09867159705644746, primalobj: 0.9670908725936995, dualobj: -Inf
solve--
end solve-- RelaxOptimal OPTIMAL
 weights_sum: 0.9999999999999996
itereffortlevel: 0
--separating...
--find a better primal bound 0.14178568851755477 by Alternative descent Eigen
--found a cut state by heuristic 0.14178568851755477 0.031144316707474723 
iteration: 698,  #states: 1804, valueb: 0.031144316707474723, activeness: 0.14178568851755477, primalobj: 0.9670799874471683, dualobj: -Inf
solve--
end solve-- RelaxOptimal OPTIMAL
 weights_sum: 1.0000015397434492
itereffortlevel: 0
--separating...
--find a better primal bound 0.07038626380138939 by Alternative descent Eigen
--found a cut state by heuristic 0.07038626380138939 0.015792253640791752 
iteration: 699,  #states: 1805, valueb: 0.015792253640791752, activeness: 0.07038626380138939, primalobj: 0.9670616279092012, dualobj: -Inf
solve--
end solve-- RelaxOptimal OPTIMAL
 weights_sum: 1.000000050077307
itereffortlevel: 0
--separating...
--find a better primal bound 0.09457112455931488 by Alternative descent Eigen
--found a cut state by heuristic 0.09457112455931488 0.009801030982040647 
iteration: 700,  #states: 1806, valueb: 0.009801030982040647, activeness: 0.09457112455931488, primalobj: 0.9670515348961135, dualobj: -Inf
solve--
end solve-- RelaxOptimal OPTIMAL
 weights_sum: 1.0000000000000016
itereffortlevel: 0
--separating...
--find a better primal bound 0.1372747553438946 by Alternative descent Eigen
--found a cut state by heuristic 0.1372747553438946 0.013191334823834777 
iteration: 701,  #states: 1807, valueb: 0.013191334823834777, activeness: 0.1372747553438946, primalobj: 0.9670368398605234, dualobj: -Inf
solve--
end solve-- RelaxOptimal OPTIMAL
 weights_sum: 1.0000002113966229
itereffortlevel: 0
--separating...
--find a better primal bound 0.15997127885411103 by Alternative descent Eigen
--found a cut state by heuristic 0.15997127885411103 0.023626294627657467 
iteration: 702,  #states: 1808, valueb: 0.023626294627657467, activeness: 0.15997127885411103, primalobj: 0.9670218357800534, dualobj: -Inf
solve--
end solve-- RelaxOptimal OPTIMAL
 weights_sum: 0.9999999999999981
itereffortlevel: 0
--separating...
--find a better primal bound 0.10365638865573085 by Alternative descent Eigen
--found a cut state by heuristic 0.10365638865573085 0.01672342597987453 
iteration: 703,  #states: 1809, valueb: 0.01672342597987453, activeness: 0.10365638865573085, primalobj: 0.9670017358462155, dualobj: -Inf
solve--
end solve-- RelaxOptimal OPTIMAL
 weights_sum: 1.0000000000000007
itereffortlevel: 0
--separating...
--find a better primal bound 0.08504758217515901 by Alternative descent Eigen
--found a cut state by heuristic 0.08504758217515901 0.013003749354098357 
iteration: 704,  #states: 1810, valueb: 0.013003749354098357, activeness: 0.08504758217515901, primalobj: 0.9669696116239689, dualobj: -Inf
solve--
end solve-- RelaxOptimal OPTIMAL
 weights_sum: 1.0000000000000007
itereffortlevel: 0
--separating...
--find a better primal bound 0.0670341351397469 by Alternative descent Eigen
--found a cut state by heuristic 0.0670341351397469 0.02140103534387435 
iteration: 705,  #states: 1811, valueb: 0.02140103534387435, activeness: 0.0670341351397469, primalobj: 0.9669583720513903, dualobj: -Inf
solve--
end solve-- RelaxOptimal OPTIMAL
 weights_sum: 1.000000000000001
itereffortlevel: 0
--separating...
--find a better primal bound 0.20416724794195917 by Alternative descent Eigen
--found a cut state by heuristic 0.20416724794195917 0.015587129520711951 
iteration: 706,  #states: 1812, valueb: 0.015587129520711951, activeness: 0.20416724794195917, primalobj: 0.9669519677542364, dualobj: -Inf
solve--
end solve-- RelaxOptimal OPTIMAL
 weights_sum: 1.0000000000000009
itereffortlevel: 0
--separating...
--find a better primal bound 0.16659355362565845 by Alternative descent Eigen
--found a cut state by heuristic 0.16659355362565845 0.028150011699742905 
iteration: 707,  #states: 1813, valueb: 0.028150011699742905, activeness: 0.16659355362565845, primalobj: 0.9669246331979471, dualobj: -Inf
solve--
end solve-- RelaxOptimal OPTIMAL
 weights_sum: 1.0000000000000007
itereffortlevel: 0
--separating...
--find a better primal bound 0.17443850776840877 by Alternative descent Eigen
--found a cut state by heuristic 0.17443850776840877 0.0735177842677918 
iteration: 708,  #states: 1814, valueb: 0.0735177842677918, activeness: 0.17443850776840877, primalobj: 0.9668968312512858, dualobj: -Inf
solve--
end solve-- RelaxOptimal OPTIMAL
 weights_sum: 1.0000000496213208
itereffortlevel: 0
--separating...
--find a better primal bound 0.12880816012254073 by Alternative descent Eigen
--found a cut state by heuristic 0.12880816012254073 0.029473289538757292 
iteration: 709,  #states: 1815, valueb: 0.029473289538757292, activeness: 0.12880816012254073, primalobj: 0.9668833411043561, dualobj: -Inf
solve--
end solve-- RelaxOptimal OPTIMAL
 weights_sum: 0.9999999999999971
itereffortlevel: 0
--separating...
--find a better primal bound 0.19776147258428842 by Alternative descent Eigen
--found a cut state by heuristic 0.19776147258428842 0.02602397322929213 
iteration: 710,  #states: 1816, valueb: 0.02602397322929213, activeness: 0.19776147258428842, primalobj: 0.9668635639164409, dualobj: -Inf
solve--
end solve-- RelaxOptimal OPTIMAL
 weights_sum: 1.000000000000001
itereffortlevel: 0
--separating...
--find a better primal bound 0.1077233661597988 by Alternative descent Eigen
--found a cut state by heuristic 0.1077233661597988 0.03465316900216053 
iteration: 711,  #states: 1817, valueb: 0.03465316900216053, activeness: 0.1077233661597988, primalobj: 0.966830216617225, dualobj: -Inf
solve--
end solve-- RelaxOptimal OPTIMAL
 weights_sum: 0.9999999999999998
itereffortlevel: 0
--separating...
--find a better primal bound 0.1246319891027056 by Alternative descent Eigen
--found a cut state by heuristic 0.1246319891027056 0.028255589802615354 
iteration: 712,  #states: 1818, valueb: 0.028255589802615354, activeness: 0.1246319891027056, primalobj: 0.9668172309344321, dualobj: -Inf
solve--
end solve-- RelaxOptimal OPTIMAL
 weights_sum: 1.0000000000000002
itereffortlevel: 0
--separating...
--find a better primal bound 0.19103850136507833 by Alternative descent Eigen
--found a cut state by heuristic 0.19103850136507833 0.042702329736686195 
iteration: 713,  #states: 1819, valueb: 0.042702329736686195, activeness: 0.19103850136507833, primalobj: 0.9667945371171148, dualobj: -Inf
solve--
end solve-- RelaxOptimal OPTIMAL
 weights_sum: 0.9999999999999994
itereffortlevel: 0
--separating...
--find a better primal bound 0.1084319815472235 by Alternative descent Eigen
--found a cut state by heuristic 0.1084319815472235 0.03783071756651856 
iteration: 714,  #states: 1820, valueb: 0.03783071756651856, activeness: 0.1084319815472235, primalobj: 0.9667751198079995, dualobj: -Inf
solve--
end solve-- RelaxOptimal OPTIMAL
 weights_sum: 1.0000000000000002
itereffortlevel: 0
--separating...
--find a better primal bound 0.16783384841088694 by Alternative descent Eigen
--found a cut state by heuristic 0.16783384841088694 0.047411665154868304 
iteration: 715,  #states: 1821, valueb: 0.047411665154868304, activeness: 0.16783384841088694, primalobj: 0.9667625343971202, dualobj: -Inf
solve--
end solve-- RelaxOptimal OPTIMAL
 weights_sum: 0.999999999999999
itereffortlevel: 0
--separating...
--find a better primal bound 0.181967459361734 by Alternative descent Eigen
--found a cut state by heuristic 0.181967459361734 0.047569771517234 
iteration: 716,  #states: 1822, valueb: 0.047569771517234, activeness: 0.181967459361734, primalobj: 0.9667283750318652, dualobj: -Inf
solve--
end solve-- RelaxOptimal OPTIMAL
 weights_sum: 1.0000000000000004
itereffortlevel: 0
--separating...
--find a better primal bound 0.18529634838916811 by Alternative descent Eigen
--found a cut state by heuristic 0.18529634838916811 0.0475914333578789 
iteration: 717,  #states: 1823, valueb: 0.0475914333578789, activeness: 0.18529634838916811, primalobj: 0.9666935900986896, dualobj: -Inf
solve--
end solve-- RelaxOptimal OPTIMAL
 weights_sum: 1.0000000000000004
itereffortlevel: 0
--separating...
--find a better primal bound 0.1535821558143429 by Alternative descent Eigen
--found a cut state by heuristic 0.1535821558143429 0.03640252292801542 
iteration: 718,  #states: 1824, valueb: 0.03640252292801542, activeness: 0.1535821558143429, primalobj: 0.9666601226679826, dualobj: -Inf
solve--
end solve-- RelaxOptimal OPTIMAL
 weights_sum: 1.0000000000000009
itereffortlevel: 0
--separating...
--find a better primal bound 0.10990128178834407 by Alternative descent Eigen
--found a cut state by heuristic 0.10990128178834407 0.033265420466655024 
iteration: 719,  #states: 1825, valueb: 0.033265420466655024, activeness: 0.10990128178834407, primalobj: 0.966617388755616, dualobj: -Inf
solve--
end solve-- RelaxOptimal OPTIMAL
 weights_sum: 1.0000000000000018
itereffortlevel: 0
--separating...
--find a better primal bound 0.10369606403739506 by Alternative descent Eigen
--found a cut state by heuristic 0.10369606403739506 0.0344611161230155 
iteration: 720,  #states: 1826, valueb: 0.0344611161230155, activeness: 0.10369606403739506, primalobj: 0.9665965712233334, dualobj: -Inf
solve--
end solve-- RelaxOptimal OPTIMAL
 weights_sum: 1.0
itereffortlevel: 0
--separating...
--find a better primal bound 0.10798071460552408 by Alternative descent Eigen
--found a cut state by heuristic 0.10798071460552408 0.018768178563144645 
iteration: 721,  #states: 1827, valueb: 0.018768178563144645, activeness: 0.10798071460552408, primalobj: 0.9665780543410003, dualobj: -Inf
solve--
end solve-- RelaxOptimal OPTIMAL
 weights_sum: 0.9999999999999997
itereffortlevel: 0
--separating...
--find a better primal bound 0.16407640607175794 by Alternative descent Eigen
--found a cut state by heuristic 0.16407640607175794 -0.0 
iteration: 722,  #states: 1828, valueb: -0.0, activeness: 0.16407640607175794, primalobj: 0.9665579249413463, dualobj: -Inf
solve--
end solve-- RelaxOptimal OPTIMAL
 weights_sum: 1.0000000000000004
itereffortlevel: 0
--separating...
--find a better primal bound 0.13309418298503722 by Alternative descent Eigen
--found a cut state by heuristic 0.13309418298503722 0.009479748422438221 
iteration: 723,  #states: 1829, valueb: 0.009479748422438221, activeness: 0.13309418298503722, primalobj: 0.966532189178599, dualobj: -Inf
solve--
end solve-- RelaxOptimal OPTIMAL
 weights_sum: 0.9999999999999976
itereffortlevel: 0
--separating...
--find a better primal bound 0.1170604105517392 by Alternative descent Eigen
--found a cut state by heuristic 0.1170604105517392 0.03317215275901789 
iteration: 724,  #states: 1830, valueb: 0.03317215275901789, activeness: 0.1170604105517392, primalobj: 0.9664971558223724, dualobj: -Inf
solve--
end solve-- RelaxOptimal OPTIMAL
 weights_sum: 0.9999999999999982
itereffortlevel: 0
--separating...
--find a better primal bound 0.14186170572444662 by Alternative descent Eigen
--found a cut state by heuristic 0.14186170572444662 0.03394324105300502 
iteration: 725,  #states: 1831, valueb: 0.03394324105300502, activeness: 0.14186170572444662, primalobj: 0.9664835466136574, dualobj: -Inf
solve--
end solve-- RelaxOptimal OPTIMAL
 weights_sum: 0.9999999999999999
itereffortlevel: 0
--separating...
--find a better primal bound 0.13207687658544404 by Alternative descent Eigen
--found a cut state by heuristic 0.13207687658544404 0.021337529692477535 
iteration: 726,  #states: 1832, valueb: 0.021337529692477535, activeness: 0.13207687658544404, primalobj: 0.9664556456485599, dualobj: -Inf
solve--
end solve-- RelaxOptimal OPTIMAL
 weights_sum: 0.9999999999999999
itereffortlevel: 0
--separating...
--find a better primal bound 0.1407805098003007 by Alternative descent Eigen
--found a cut state by heuristic 0.1407805098003007 0.029213085889635417 
iteration: 727,  #states: 1833, valueb: 0.029213085889635417, activeness: 0.1407805098003007, primalobj: 0.9664356434982897, dualobj: -Inf
solve--
end solve-- RelaxOptimal OPTIMAL
 weights_sum: 0.9999999999999996
itereffortlevel: 0
--separating...
--find a better primal bound 0.0952238633063455 by Alternative descent Eigen
--found a cut state by heuristic 0.0952238633063455 0.026202941083023495 
iteration: 728,  #states: 1834, valueb: 0.026202941083023495, activeness: 0.0952238633063455, primalobj: 0.9664069062442271, dualobj: -Inf
solve--
end solve-- RelaxOptimal OPTIMAL
 weights_sum: 1.0000000000000002
itereffortlevel: 0
--separating...
--find a better primal bound 0.1783774444129868 by Alternative descent Eigen
--found a cut state by heuristic 0.1783774444129868 0.020841839175250332 
iteration: 729,  #states: 1835, valueb: 0.020841839175250332, activeness: 0.1783774444129868, primalobj: 0.9663941452141289, dualobj: -Inf
solve--
end solve-- RelaxOptimal OPTIMAL
 weights_sum: 0.9999999999999996
itereffortlevel: 0
--separating...
--find a better primal bound 0.12326679211128716 by Alternative descent Eigen
--found a cut state by heuristic 0.12326679211128716 0.018847756755456975 
iteration: 730,  #states: 1836, valueb: 0.018847756755456975, activeness: 0.12326679211128716, primalobj: 0.9663707804083939, dualobj: -Inf
solve--
end solve-- RelaxOptimal OPTIMAL
 weights_sum: 1.0000000000000007
itereffortlevel: 0
--separating...
--find a better primal bound 0.1802755648923076 by Alternative descent Eigen
--found a cut state by heuristic 0.1802755648923076 0.04475729810784667 
iteration: 731,  #states: 1837, valueb: 0.04475729810784667, activeness: 0.1802755648923076, primalobj: 0.9663611864015262, dualobj: -Inf
solve--
end solve-- RelaxOptimal OPTIMAL
 weights_sum: 1.000001177303079
itereffortlevel: 0
--separating...
--find a better primal bound 0.141988628245002 by Alternative descent Eigen
--found a cut state by heuristic 0.141988628245002 0.05223910903741236 
iteration: 732,  #states: 1838, valueb: 0.05223910903741236, activeness: 0.141988628245002, primalobj: 0.9663281858078066, dualobj: -Inf
solve--
end solve-- RelaxOptimal OPTIMAL
 weights_sum: 1.0000000000000018
itereffortlevel: 0
--separating...
--find a better primal bound 0.10772546754316928 by Alternative descent Eigen
--found a cut state by heuristic 0.10772546754316928 0.024453025036729623 
iteration: 733,  #states: 1839, valueb: 0.024453025036729623, activeness: 0.10772546754316928, primalobj: 0.9663145229483522, dualobj: -Inf
solve--
end solve-- RelaxOptimal OPTIMAL
 weights_sum: 1.0000000000000002
itereffortlevel: 0
--separating...
--find a better primal bound 0.0679640752689885 by Alternative descent Eigen
--found a cut state by heuristic 0.0679640752689885 0.019433898312062634 
iteration: 734,  #states: 1840, valueb: 0.019433898312062634, activeness: 0.0679640752689885, primalobj: 0.9663026241773377, dualobj: -Inf
solve--
end solve-- RelaxOptimal OPTIMAL
 weights_sum: 1.0000000000000009
itereffortlevel: 0
--separating...
--find a better primal bound 0.15487656699920238 by Alternative descent Eigen
--found a cut state by heuristic 0.15487656699920238 0.02034365779645504 
iteration: 735,  #states: 1841, valueb: 0.02034365779645504, activeness: 0.15487656699920238, primalobj: 0.9662842202848427, dualobj: -Inf
solve--
end solve-- RelaxOptimal OPTIMAL
 weights_sum: 1.0000005988367227
itereffortlevel: 0
--separating...
--find a better primal bound 0.16989454381812832 by Alternative descent Eigen
--found a cut state by heuristic 0.16989454381812832 0.02987582823367186 
iteration: 736,  #states: 1842, valueb: 0.02987582823367186, activeness: 0.16989454381812832, primalobj: 0.9662576485179722, dualobj: -Inf
solve--
end solve-- RelaxOptimal OPTIMAL
 weights_sum: 1.0000000000000009
itereffortlevel: 0
--separating...
--find a better primal bound 0.15593085422136077 by Alternative descent Eigen
--found a cut state by heuristic 0.15593085422136077 0.018752390839050254 
iteration: 737,  #states: 1843, valueb: 0.018752390839050254, activeness: 0.15593085422136077, primalobj: 0.9662357224137025, dualobj: -Inf
solve--
end solve-- RelaxOptimal OPTIMAL
 weights_sum: 1.0000001136015058
itereffortlevel: 0
--separating...
--find a better primal bound 0.10192169567494781 by Alternative descent Eigen
--found a cut state by heuristic 0.10192169567494781 0.008805507546177154 
iteration: 738,  #states: 1844, valueb: 0.008805507546177154, activeness: 0.10192169567494781, primalobj: 0.9662205200287248, dualobj: -Inf
solve--
end solve-- RelaxOptimal OPTIMAL
 weights_sum: 0.9999999999999998
itereffortlevel: 0
--separating...
--find a better primal bound 0.1150696878672917 by Alternative descent Eigen
--found a cut state by heuristic 0.1150696878672917 0.004556434428456018 
iteration: 739,  #states: 1845, valueb: 0.004556434428456018, activeness: 0.1150696878672917, primalobj: 0.9662105042549145, dualobj: -Inf
solve--
end solve-- RelaxOptimal OPTIMAL
 weights_sum: 0.9999999999999996
itereffortlevel: 0
--separating...
--find a better primal bound 0.10752473309993554 by Alternative descent Eigen
--found a cut state by heuristic 0.10752473309993554 0.006222718406176418 
iteration: 740,  #states: 1846, valueb: 0.006222718406176418, activeness: 0.10752473309993554, primalobj: 0.9661958682535857, dualobj: -Inf
solve--
end solve-- RelaxOptimal OPTIMAL
 weights_sum: 0.9999999999999998
itereffortlevel: 0
--separating...
--find a better primal bound 0.08354034533320041 by Alternative descent Eigen
--found a cut state by heuristic 0.08354034533320041 -0.0 
iteration: 741,  #states: 1847, valueb: -0.0, activeness: 0.08354034533320041, primalobj: 0.9661672288027499, dualobj: -Inf
solve--
end solve-- RelaxOptimal OPTIMAL
 weights_sum: 1.0
itereffortlevel: 0
--separating...
--find a better primal bound 0.12625907718031365 by Alternative descent Eigen
--found a cut state by heuristic 0.12625907718031365 -0.0 
iteration: 742,  #states: 1848, valueb: -0.0, activeness: 0.12625907718031365, primalobj: 0.966153448231648, dualobj: -Inf
solve--
end solve-- RelaxOptimal OPTIMAL
 weights_sum: 0.9999999999999989
itereffortlevel: 0
--separating...
--find a better primal bound 0.16821643405942083 by Alternative descent Eigen
--found a cut state by heuristic 0.16821643405942083 0.026705750474694506 
iteration: 743,  #states: 1849, valueb: 0.026705750474694506, activeness: 0.16821643405942083, primalobj: 0.9661150089275218, dualobj: -Inf
solve--
end solve-- RelaxOptimal OPTIMAL
 weights_sum: 0.9999999999999998
itereffortlevel: 0
--separating...
--find a better primal bound 0.10185833480568574 by Alternative descent Eigen
--found a cut state by heuristic 0.10185833480568574 0.03420128547511116 
iteration: 744,  #states: 1850, valueb: 0.03420128547511116, activeness: 0.10185833480568574, primalobj: 0.9661008634480264, dualobj: -Inf
solve--
end solve-- RelaxOptimal OPTIMAL
 weights_sum: 1.0000000000000004
itereffortlevel: 0
--separating...
--find a better primal bound 0.15707346953170492 by Alternative descent Eigen
--found a cut state by heuristic 0.15707346953170492 0.022793853198060317 
iteration: 745,  #states: 1851, valueb: 0.022793853198060317, activeness: 0.15707346953170492, primalobj: 0.9660890653709562, dualobj: -Inf
solve--
end solve-- RelaxOptimal OPTIMAL
 weights_sum: 1.0000016326705503
itereffortlevel: 0
--separating...
--find a better primal bound 0.14363289106849542 by Alternative descent Eigen
--found a cut state by heuristic 0.14363289106849542 0.035409733287985024 
iteration: 746,  #states: 1852, valueb: 0.035409733287985024, activeness: 0.14363289106849542, primalobj: 0.9660726040750496, dualobj: -Inf
solve--
end solve-- RelaxOptimal OPTIMAL
 weights_sum: 1.000000000000001
itereffortlevel: 0
--separating...
--find a better primal bound 0.09185873251254031 by Alternative descent Eigen
--found a cut state by heuristic 0.09185873251254031 0.034334590169025965 
iteration: 747,  #states: 1853, valueb: 0.034334590169025965, activeness: 0.09185873251254031, primalobj: 0.9660642895633766, dualobj: -Inf
solve--
end solve-- RelaxOptimal OPTIMAL
 weights_sum: 0.9999999999999998
itereffortlevel: 0
--separating...
--find a better primal bound 0.2038115722451008 by Alternative descent Eigen
--found a cut state by heuristic 0.2038115722451008 0.025420925582799275 
iteration: 748,  #states: 1854, valueb: 0.025420925582799275, activeness: 0.2038115722451008, primalobj: 0.9660542271761977, dualobj: -Inf
solve--
end solve-- RelaxOptimal OPTIMAL
 weights_sum: 1.0000000000000004
itereffortlevel: 0
--separating...
--find a better primal bound 0.1350294591172999 by Alternative descent Eigen
--found a cut state by heuristic 0.1350294591172999 0.025909081719478352 
iteration: 749,  #states: 1855, valueb: 0.025909081719478352, activeness: 0.1350294591172999, primalobj: 0.9660241864638852, dualobj: -Inf
solve--
end solve-- RelaxOptimal OPTIMAL
 weights_sum: 1.000000102613949
itereffortlevel: 0
--separating...
--find a better primal bound 0.11738634116740326 by Alternative descent Eigen
--found a cut state by heuristic 0.11738634116740326 0.018405797620299147 
iteration: 750,  #states: 1856, valueb: 0.018405797620299147, activeness: 0.11738634116740326, primalobj: 0.9660028348251217, dualobj: -Inf
solve--
end solve-- RelaxOptimal OPTIMAL
 weights_sum: 1.0000001132060778
itereffortlevel: 0
--separating...
--find a better primal bound 0.11428047607378106 by Alternative descent Eigen
--found a cut state by heuristic 0.11428047607378106 0.023215849067425666 
iteration: 751,  #states: 1857, valueb: 0.023215849067425666, activeness: 0.11428047607378106, primalobj: 0.9659804594671372, dualobj: -Inf
solve--
end solve-- RelaxOptimal OPTIMAL
 weights_sum: 0.9999999999999984
itereffortlevel: 0
--separating...
--find a better primal bound 0.19138038545946834 by Alternative descent Eigen
--found a cut state by heuristic 0.19138038545946834 0.01742950786449722 
iteration: 752,  #states: 1858, valueb: 0.01742950786449722, activeness: 0.19138038545946834, primalobj: 0.9659649016507865, dualobj: -Inf
solve--
end solve-- RelaxOptimal OPTIMAL
 weights_sum: 1.0000000309355737
itereffortlevel: 0
--separating...
--find a better primal bound 0.14356135146976318 by Alternative descent Eigen
--found a cut state by heuristic 0.14356135146976318 0.022456161217301276 
iteration: 753,  #states: 1859, valueb: 0.022456161217301276, activeness: 0.14356135146976318, primalobj: 0.9659246494024327, dualobj: -Inf
solve--
end solve-- RelaxOptimal OPTIMAL
 weights_sum: 1.0000000000000013
itereffortlevel: 0
--separating...
--find a better primal bound 0.0981707443324619 by Alternative descent Eigen
--found a cut state by heuristic 0.0981707443324619 0.02566093372292895 
iteration: 754,  #states: 1860, valueb: 0.02566093372292895, activeness: 0.0981707443324619, primalobj: 0.9658950938217807, dualobj: -Inf
solve--
end solve-- RelaxOptimal OPTIMAL
 weights_sum: 0.9999999999999997
itereffortlevel: 0
--separating...
--find a better primal bound 0.14097859390371104 by Alternative descent Eigen
--found a cut state by heuristic 0.14097859390371104 0.039813754318366826 
iteration: 755,  #states: 1861, valueb: 0.039813754318366826, activeness: 0.14097859390371104, primalobj: 0.9658814228132321, dualobj: -Inf
solve--
end solve-- RelaxOptimal OPTIMAL
 weights_sum: 0.9999999999999999
itereffortlevel: 0
--separating...
--find a better primal bound 0.12726443973451593 by Alternative descent Eigen
--found a cut state by heuristic 0.12726443973451593 0.03528585228526796 
iteration: 756,  #states: 1862, valueb: 0.03528585228526796, activeness: 0.12726443973451593, primalobj: 0.9658732563473724, dualobj: -Inf
solve--
end solve-- RelaxOptimal OPTIMAL
 weights_sum: 1.0000000000000004
itereffortlevel: 0
--separating...
--find a better primal bound 0.11273252601941572 by Alternative descent Eigen
--found a cut state by heuristic 0.11273252601941572 0.029116152084517833 
iteration: 757,  #states: 1863, valueb: 0.029116152084517833, activeness: 0.11273252601941572, primalobj: 0.9658582728346375, dualobj: -Inf
solve--
end solve-- RelaxOptimal OPTIMAL
 weights_sum: 1.0000000000000002
itereffortlevel: 0
--separating...
--find a better primal bound 0.2005750380763243 by Alternative descent Eigen
--found a cut state by heuristic 0.2005750380763243 0.03946690760063608 
iteration: 758,  #states: 1864, valueb: 0.03946690760063608, activeness: 0.2005750380763243, primalobj: 0.9658512888302512, dualobj: -Inf
solve--
end solve-- RelaxOptimal OPTIMAL
 weights_sum: 1.0
itereffortlevel: 0
--separating...
--find a better primal bound 0.09874756967556086 by Alternative descent Eigen
--found a cut state by heuristic 0.09874756967556086 0.02608950572149778 
iteration: 759,  #states: 1865, valueb: 0.02608950572149778, activeness: 0.09874756967556086, primalobj: 0.9658267799391815, dualobj: -Inf
solve--
end solve-- RelaxOptimal OPTIMAL
 weights_sum: 0.9999999999999998
itereffortlevel: 0
--separating...
--find a better primal bound 0.12562978183647933 by Alternative descent Eigen
--found a cut state by heuristic 0.12562978183647933 0.040030966155555264 
iteration: 760,  #states: 1866, valueb: 0.040030966155555264, activeness: 0.12562978183647933, primalobj: 0.9658183286547877, dualobj: -Inf
solve--
end solve-- RelaxOptimal OPTIMAL
 weights_sum: 1.0000000000000002
itereffortlevel: 0
--separating...
--find a better primal bound 0.17235065913800654 by Alternative descent Eigen
--found a cut state by heuristic 0.17235065913800654 0.04166927773769222 
iteration: 761,  #states: 1867, valueb: 0.04166927773769222, activeness: 0.17235065913800654, primalobj: 0.9658076397515905, dualobj: -Inf
solve--
end solve-- RelaxOptimal OPTIMAL
 weights_sum: 0.9999999999999993
itereffortlevel: 0
--separating...
--find a better primal bound 0.1629904137209655 by Alternative descent Eigen
--found a cut state by heuristic 0.1629904137209655 0.03517054865159006 
iteration: 762,  #states: 1868, valueb: 0.03517054865159006, activeness: 0.1629904137209655, primalobj: 0.9657828236817991, dualobj: -Inf
solve--
end solve-- RelaxOptimal OPTIMAL
 weights_sum: 1.000000000000001
itereffortlevel: 0
--separating...
--find a better primal bound 0.15417233331277153 by Alternative descent Eigen
--found a cut state by heuristic 0.15417233331277153 0.035749164355303634 
iteration: 763,  #states: 1869, valueb: 0.035749164355303634, activeness: 0.15417233331277153, primalobj: 0.9657583695171506, dualobj: -Inf
solve--
end solve-- RelaxOptimal OPTIMAL
 weights_sum: 1.0000000993462748
itereffortlevel: 0
--separating...
--find a better primal bound 0.1328858435646415 by Alternative descent Eigen
--found a cut state by heuristic 0.1328858435646415 0.03466795929017787 
iteration: 764,  #states: 1870, valueb: 0.03466795929017787, activeness: 0.1328858435646415, primalobj: 0.9657439990402069, dualobj: -Inf
solve--
end solve-- RelaxOptimal OPTIMAL
 weights_sum: 1.0000000000000004
itereffortlevel: 0
--separating...
--find a better primal bound 0.15749206955642367 by Alternative descent Eigen
--found a cut state by heuristic 0.15749206955642367 0.03558654605602961 
iteration: 765,  #states: 1871, valueb: 0.03558654605602961, activeness: 0.15749206955642367, primalobj: 0.9657272540724509, dualobj: -Inf
solve--
end solve-- RelaxOptimal OPTIMAL
 weights_sum: 0.9999999999999999
itereffortlevel: 0
--separating...
--find a better primal bound 0.0676539192859701 by Alternative descent Eigen
--found a cut state by heuristic 0.0676539192859701 -0.0 
iteration: 766,  #states: 1872, valueb: -0.0, activeness: 0.0676539192859701, primalobj: 0.9657018311629386, dualobj: -Inf
solve--
end solve-- RelaxOptimal OPTIMAL
 weights_sum: 1.0000000000000004
itereffortlevel: 0
--separating...
--find a better primal bound 0.1330793146496735 by Alternative descent Eigen
--found a cut state by heuristic 0.1330793146496735 0.046828698033728244 
iteration: 767,  #states: 1873, valueb: 0.046828698033728244, activeness: 0.1330793146496735, primalobj: 0.965692041899716, dualobj: -Inf
solve--
end solve-- RelaxOptimal OPTIMAL
 weights_sum: 1.0000000000000007
itereffortlevel: 0
--separating...
--find a better primal bound 0.12749023493633488 by Alternative descent Eigen
--found a cut state by heuristic 0.12749023493633488 0.05083808787554789 
iteration: 768,  #states: 1874, valueb: 0.05083808787554789, activeness: 0.12749023493633488, primalobj: 0.9656758235091967, dualobj: -Inf
solve--
end solve-- RelaxOptimal OPTIMAL
 weights_sum: 1.0000002082468473
itereffortlevel: 0
--separating...
--find a better primal bound 0.1618170195023087 by Alternative descent Eigen
--found a cut state by heuristic 0.1618170195023087 0.043341952709365215 
iteration: 769,  #states: 1875, valueb: 0.043341952709365215, activeness: 0.1618170195023087, primalobj: 0.9656557733157834, dualobj: -Inf
solve--
end solve-- RelaxOptimal OPTIMAL
 weights_sum: 1.0000000000000004
itereffortlevel: 0
--separating...
--find a better primal bound 0.28265914482582655 by Alternative descent Eigen
--found a cut state by heuristic 0.28265914482582655 0.05634938995921885 
iteration: 770,  #states: 1876, valueb: 0.05634938995921885, activeness: 0.28265914482582655, primalobj: 0.9656485388202556, dualobj: -Inf
solve--
end solve-- RelaxOptimal OPTIMAL
 weights_sum: 1.0
itereffortlevel: 0
--separating...
--find a better primal bound 0.1887684293994333 by Alternative descent Eigen
--found a cut state by heuristic 0.1887684293994333 0.03267246859819144 
iteration: 771,  #states: 1877, valueb: 0.03267246859819144, activeness: 0.1887684293994333, primalobj: 0.9656032055982714, dualobj: -Inf
solve--
end solve-- RelaxOptimal OPTIMAL
 weights_sum: 0.9999999999999998
itereffortlevel: 0
--separating...
--find a better primal bound 0.12498076576038822 by Alternative descent Eigen
--found a cut state by heuristic 0.12498076576038822 0.03435032023187191 
iteration: 772,  #states: 1878, valueb: 0.03435032023187191, activeness: 0.12498076576038822, primalobj: 0.9655800515110646, dualobj: -Inf
solve--
end solve-- RelaxOptimal OPTIMAL
 weights_sum: 0.9999999999999993
itereffortlevel: 0
--separating...
--find a better primal bound 0.19516229219168613 by Alternative descent Eigen
--found a cut state by heuristic 0.19516229219168613 0.029629430188095957 
iteration: 773,  #states: 1879, valueb: 0.029629430188095957, activeness: 0.19516229219168613, primalobj: 0.9655657281709095, dualobj: -Inf
solve--
end solve-- RelaxOptimal OPTIMAL
 weights_sum: 0.9999999999999998
itereffortlevel: 0
--separating...
--find a better primal bound 0.13534687781707408 by Alternative descent Eigen
--found a cut state by heuristic 0.13534687781707408 0.03311797152739306 
iteration: 774,  #states: 1880, valueb: 0.03311797152739306, activeness: 0.13534687781707408, primalobj: 0.9655400702297505, dualobj: -Inf
solve--
end solve-- RelaxOptimal OPTIMAL
 weights_sum: 0.9999999999999993
itereffortlevel: 0
--separating...
--find a better primal bound 0.1374945287767619 by Alternative descent Eigen
--found a cut state by heuristic 0.1374945287767619 0.026870906675779516 
iteration: 775,  #states: 1881, valueb: 0.026870906675779516, activeness: 0.1374945287767619, primalobj: 0.965529477179923, dualobj: -Inf
solve--
end solve-- RelaxOptimal OPTIMAL
 weights_sum: 1.0000000000000007
itereffortlevel: 0
--separating...
--find a better primal bound 0.16673521652735845 by Alternative descent Eigen
--found a cut state by heuristic 0.16673521652735845 0.023339813136844523 
iteration: 776,  #states: 1882, valueb: 0.023339813136844523, activeness: 0.16673521652735845, primalobj: 0.9655202652211803, dualobj: -Inf
solve--
end solve-- RelaxOptimal OPTIMAL
 weights_sum: 1.0000000000000004
itereffortlevel: 0
--separating...
--find a better primal bound 0.10916095899986968 by Alternative descent Eigen
--found a cut state by heuristic 0.10916095899986968 0.02542565768552503 
iteration: 777,  #states: 1883, valueb: 0.02542565768552503, activeness: 0.10916095899986968, primalobj: 0.9655081296034657, dualobj: -Inf
solve--
end solve-- RelaxOptimal OPTIMAL
 weights_sum: 1.0000000000000004
itereffortlevel: 0
--separating...
--find a better primal bound 0.17341658968387494 by Alternative descent Eigen
--found a cut state by heuristic 0.17341658968387494 0.028590503323683458 
iteration: 778,  #states: 1884, valueb: 0.028590503323683458, activeness: 0.17341658968387494, primalobj: 0.9654982513070802, dualobj: -Inf
solve--
end solve-- RelaxOptimal OPTIMAL
 weights_sum: 0.9999999999999994
itereffortlevel: 0
--separating...
--find a better primal bound 0.13179981118277634 by Alternative descent Eigen
--found a cut state by heuristic 0.13179981118277634 0.021865976623342886 
iteration: 779,  #states: 1885, valueb: 0.021865976623342886, activeness: 0.13179981118277634, primalobj: 0.9654758217600556, dualobj: -Inf
solve--
end solve-- RelaxOptimal OPTIMAL
 weights_sum: 0.9999999999999989
itereffortlevel: 0
--separating...
--find a better primal bound 0.1259699490310675 by Alternative descent Eigen
--found a cut state by heuristic 0.1259699490310675 0.03288005766414792 
iteration: 780,  #states: 1886, valueb: 0.03288005766414792, activeness: 0.1259699490310675, primalobj: 0.9654534824257985, dualobj: -Inf
solve--
end solve-- RelaxOptimal OPTIMAL
 weights_sum: 1.0000000000000002
itereffortlevel: 0
--separating...
--find a better primal bound 0.09813175138068415 by Alternative descent Eigen
--found a cut state by heuristic 0.09813175138068415 0.03233750019977499 
iteration: 781,  #states: 1887, valueb: 0.03233750019977499, activeness: 0.09813175138068415, primalobj: 0.9654403777253624, dualobj: -Inf
solve--
end solve-- RelaxOptimal OPTIMAL
 weights_sum: 0.9999999999999991
itereffortlevel: 0
--separating...
--find a better primal bound 0.1314290557927354 by Alternative descent Eigen
--found a cut state by heuristic 0.1314290557927354 0.024763825611415914 
iteration: 782,  #states: 1888, valueb: 0.024763825611415914, activeness: 0.1314290557927354, primalobj: 0.9654302072042102, dualobj: -Inf
solve--
end solve-- RelaxOptimal OPTIMAL
 weights_sum: 1.0000002032461457
itereffortlevel: 0
--separating...
--find a better primal bound 0.14465232753388735 by Alternative descent Eigen
--found a cut state by heuristic 0.14465232753388735 0.020526518091264292 
iteration: 783,  #states: 1889, valueb: 0.020526518091264292, activeness: 0.14465232753388735, primalobj: 0.9654172413772908, dualobj: -Inf
solve--
end solve-- RelaxOptimal OPTIMAL
 weights_sum: 1.0000000000000002
itereffortlevel: 0
--separating...
--find a better primal bound 0.12640792067903175 by Alternative descent Eigen
--found a cut state by heuristic 0.12640792067903175 0.026643021144015844 
iteration: 784,  #states: 1890, valueb: 0.026643021144015844, activeness: 0.12640792067903175, primalobj: 0.9654008998833987, dualobj: -Inf
solve--
end solve-- RelaxOptimal OPTIMAL
 weights_sum: 1.0000000000000013
itereffortlevel: 0
--separating...
--find a better primal bound 0.1359134227925143 by Alternative descent Eigen
--found a cut state by heuristic 0.1359134227925143 0.02508109537413536 
iteration: 785,  #states: 1891, valueb: 0.02508109537413536, activeness: 0.1359134227925143, primalobj: 0.9653799806006236, dualobj: -Inf
solve--
end solve-- RelaxOptimal OPTIMAL
 weights_sum: 1.0
itereffortlevel: 0
--separating...
--find a better primal bound 0.13693921113981938 by Alternative descent Eigen
--found a cut state by heuristic 0.13693921113981938 0.02363651706880022 
iteration: 786,  #states: 1892, valueb: 0.02363651706880022, activeness: 0.13693921113981938, primalobj: 0.9653624510907844, dualobj: -Inf
solve--
end solve-- RelaxOptimal OPTIMAL
 weights_sum: 1.0
itereffortlevel: 0
--separating...
--find a better primal bound 0.147873370999632 by Alternative descent Eigen
--found a cut state by heuristic 0.147873370999632 0.03547608703626537 
iteration: 787,  #states: 1893, valueb: 0.03547608703626537, activeness: 0.147873370999632, primalobj: 0.9653402236016816, dualobj: -Inf
solve--
end solve-- RelaxOptimal OPTIMAL
 weights_sum: 1.0
itereffortlevel: 0
--separating...
--find a better primal bound 0.1379582220301092 by Alternative descent Eigen
--found a cut state by heuristic 0.1379582220301092 0.02947043048131963 
iteration: 788,  #states: 1894, valueb: 0.02947043048131963, activeness: 0.1379582220301092, primalobj: 0.9653208461787469, dualobj: -Inf
solve--
end solve-- RelaxOptimal OPTIMAL
 weights_sum: 1.0000000000000002
itereffortlevel: 0
--separating...
--find a better primal bound 0.13955472897096635 by Alternative descent Eigen
--found a cut state by heuristic 0.13955472897096635 0.02134741212987147 
iteration: 789,  #states: 1895, valueb: 0.02134741212987147, activeness: 0.13955472897096635, primalobj: 0.965293230379612, dualobj: -Inf
solve--
end solve-- RelaxOptimal OPTIMAL
 weights_sum: 0.9999999999999991
itereffortlevel: 0
--separating...
--find a better primal bound 0.1511531060133492 by Alternative descent Eigen
--found a cut state by heuristic 0.1511531060133492 0.04031775147582706 
iteration: 790,  #states: 1896, valueb: 0.04031775147582706, activeness: 0.1511531060133492, primalobj: 0.9652697365937811, dualobj: -Inf
solve--
end solve-- RelaxOptimal OPTIMAL
 weights_sum: 1.0
itereffortlevel: 0
--separating...
--find a better primal bound 0.12998149228812061 by Alternative descent Eigen
--found a cut state by heuristic 0.12998149228812061 0.04523943615543441 
iteration: 791,  #states: 1897, valueb: 0.04523943615543441, activeness: 0.12998149228812061, primalobj: 0.9652552731837531, dualobj: -Inf
solve--
end solve-- RelaxOptimal OPTIMAL
 weights_sum: 0.9999999999999991
itereffortlevel: 0
--separating...
--find a better primal bound 0.17518664382715143 by Alternative descent Eigen
--found a cut state by heuristic 0.17518664382715143 0.04386646830574259 
iteration: 792,  #states: 1898, valueb: 0.04386646830574259, activeness: 0.17518664382715143, primalobj: 0.9652435286056671, dualobj: -Inf
solve--
end solve-- RelaxOptimal OPTIMAL
 weights_sum: 1.0000001319924925
itereffortlevel: 0
--separating...
--find a better primal bound 0.16727454617215437 by Alternative descent Eigen
--found a cut state by heuristic 0.16727454617215437 0.02382411715651565 
iteration: 793,  #states: 1899, valueb: 0.02382411715651565, activeness: 0.16727454617215437, primalobj: 0.9652155072681565, dualobj: -Inf
solve--
end solve-- RelaxOptimal OPTIMAL
 weights_sum: 1.0
itereffortlevel: 0
--separating...
--find a better primal bound 0.12920958040225294 by Alternative descent Eigen
--found a cut state by heuristic 0.12920958040225294 0.03362975855866926 
iteration: 794,  #states: 1900, valueb: 0.03362975855866926, activeness: 0.12920958040225294, primalobj: 0.9651995746079909, dualobj: -Inf
solve--
end solve-- RelaxOptimal OPTIMAL
 weights_sum: 1.0000000000000007
itereffortlevel: 0
--separating...
--find a better primal bound 0.10935976476601629 by Alternative descent Eigen
--found a cut state by heuristic 0.10935976476601629 0.032779809481556954 
iteration: 795,  #states: 1901, valueb: 0.032779809481556954, activeness: 0.10935976476601629, primalobj: 0.965179993226891, dualobj: -Inf
solve--
end solve-- RelaxOptimal OPTIMAL
 weights_sum: 0.9999999999999996
itereffortlevel: 0
--separating...
--find a better primal bound 0.1534964196893887 by Alternative descent Eigen
--found a cut state by heuristic 0.1534964196893887 0.03768650514356579 
iteration: 796,  #states: 1902, valueb: 0.03768650514356579, activeness: 0.1534964196893887, primalobj: 0.9651701320145675, dualobj: -Inf
solve--
end solve-- RelaxOptimal OPTIMAL
 weights_sum: 1.0000000000000002
itereffortlevel: 0
--separating...
--find a better primal bound 0.12897673870235432 by Alternative descent Eigen
--found a cut state by heuristic 0.12897673870235432 0.02289131765455022 
iteration: 797,  #states: 1903, valueb: 0.02289131765455022, activeness: 0.12897673870235432, primalobj: 0.9651604621501373, dualobj: -Inf
solve--
end solve-- RelaxOptimal OPTIMAL
 weights_sum: 1.0000002322882464
itereffortlevel: 0
--separating...
--find a better primal bound 0.10321931641867577 by Alternative descent Eigen
--found a cut state by heuristic 0.10321931641867577 0.019346146577865087 
iteration: 798,  #states: 1904, valueb: 0.019346146577865087, activeness: 0.10321931641867577, primalobj: 0.9651246587902316, dualobj: -Inf
solve--
end solve-- RelaxOptimal OPTIMAL
 weights_sum: 1.0000000032297338
itereffortlevel: 0
--separating...
--find a better primal bound 0.10747860308320259 by Alternative descent Eigen
--found a cut state by heuristic 0.10747860308320259 0.02102721498996413 
iteration: 799,  #states: 1905, valueb: 0.02102721498996413, activeness: 0.10747860308320259, primalobj: 0.9651154015144965, dualobj: -Inf
solve--
end solve-- RelaxOptimal OPTIMAL
 weights_sum: 0.9999999999999992
itereffortlevel: 0
--separating...
--find a better primal bound 0.14096511224553837 by Alternative descent Eigen
--found a cut state by heuristic 0.14096511224553837 0.04004380528463607 
iteration: 800,  #states: 1906, valueb: 0.04004380528463607, activeness: 0.14096511224553837, primalobj: 0.9651046968662819, dualobj: -Inf
solve--
end solve-- RelaxOptimal OPTIMAL
 weights_sum: 1.0
itereffortlevel: 0
--separating...
--find a better primal bound 0.13982984177448687 by Alternative descent Eigen
--found a cut state by heuristic 0.13982984177448687 0.025866180435971026 
iteration: 801,  #states: 1907, valueb: 0.025866180435971026, activeness: 0.13982984177448687, primalobj: 0.965084898828542, dualobj: -Inf
solve--
end solve-- RelaxOptimal OPTIMAL
 weights_sum: 0.9999999999999998
itereffortlevel: 0
--separating...
--find a better primal bound 0.11679326750989247 by Alternative descent Eigen
--found a cut state by heuristic 0.11679326750989247 0.03276815878226767 
iteration: 802,  #states: 1908, valueb: 0.03276815878226767, activeness: 0.11679326750989247, primalobj: 0.9650643668291912, dualobj: -Inf
solve--
end solve-- RelaxOptimal OPTIMAL
 weights_sum: 0.9999999999999999
itereffortlevel: 0
--separating...
--find a better primal bound 0.13967583954248988 by Alternative descent Eigen
--found a cut state by heuristic 0.13967583954248988 0.050503770046296345 
iteration: 803,  #states: 1909, valueb: 0.050503770046296345, activeness: 0.13967583954248988, primalobj: 0.9650559547696717, dualobj: -Inf
solve--
end solve-- RelaxOptimal OPTIMAL
 weights_sum: 1.000000510778497
itereffortlevel: 0
--separating...
--find a better primal bound 0.11564621856435134 by Alternative descent Eigen
--found a cut state by heuristic 0.11564621856435134 0.03850402445721456 
iteration: 804,  #states: 1910, valueb: 0.03850402445721456, activeness: 0.11564621856435134, primalobj: 0.9650482728837206, dualobj: -Inf
solve--
end solve-- RelaxOptimal OPTIMAL
 weights_sum: 1.0000000000000007
itereffortlevel: 0
--separating...
--find a better primal bound 0.14893222759598035 by Alternative descent Eigen
--found a cut state by heuristic 0.14893222759598035 0.04868654318999279 
iteration: 805,  #states: 1911, valueb: 0.04868654318999279, activeness: 0.14893222759598035, primalobj: 0.9650342023921092, dualobj: -Inf
solve--
end solve-- RelaxOptimal OPTIMAL
 weights_sum: 1.0000000000000004
itereffortlevel: 0
--separating...
--find a better primal bound 0.11774378336519326 by Alternative descent Eigen
--found a cut state by heuristic 0.11774378336519326 0.04520691866589792 
iteration: 806,  #states: 1912, valueb: 0.04520691866589792, activeness: 0.11774378336519326, primalobj: 0.9650233744394389, dualobj: -Inf
solve--
end solve-- RelaxOptimal OPTIMAL
 weights_sum: 1.0000000000000009
itereffortlevel: 0
--separating...
--find a better primal bound 0.1366199215480955 by Alternative descent Eigen
--found a cut state by heuristic 0.1366199215480955 0.04795376649464825 
iteration: 807,  #states: 1913, valueb: 0.04795376649464825, activeness: 0.1366199215480955, primalobj: 0.9650170472621227, dualobj: -Inf
solve--
end solve-- RelaxOptimal OPTIMAL
 weights_sum: 1.000000000000002
itereffortlevel: 0
--separating...
--find a better primal bound 0.13004922367248029 by Alternative descent Eigen
--found a cut state by heuristic 0.13004922367248029 0.06185066331323246 
iteration: 808,  #states: 1914, valueb: 0.06185066331323246, activeness: 0.13004922367248029, primalobj: 0.9650020007729049, dualobj: -Inf
solve--
end solve-- RelaxOptimal OPTIMAL
 weights_sum: 0.9999999999999986
itereffortlevel: 0
--separating...
--find a better primal bound 0.11258257249070891 by Alternative descent Eigen
--found a cut state by heuristic 0.11258257249070891 0.033510506307932904 
iteration: 809,  #states: 1915, valueb: 0.033510506307932904, activeness: 0.11258257249070891, primalobj: 0.9649871072903331, dualobj: -Inf
solve--
end solve-- RelaxOptimal OPTIMAL
 weights_sum: 1.0000002777732322
itereffortlevel: 0
--separating...
--find a better primal bound 0.11682632514177911 by Alternative descent Eigen
--found a cut state by heuristic 0.11682632514177911 0.034748656793427375 
iteration: 810,  #states: 1916, valueb: 0.034748656793427375, activeness: 0.11682632514177911, primalobj: 0.964961566070804, dualobj: -Inf
solve--
end solve-- RelaxOptimal OPTIMAL
 weights_sum: 1.0000000000000007
itereffortlevel: 0
--separating...
--find a better primal bound 0.11926877356428459 by Alternative descent Eigen
--found a cut state by heuristic 0.11926877356428459 0.039600825039305634 
iteration: 811,  #states: 1917, valueb: 0.039600825039305634, activeness: 0.11926877356428459, primalobj: 0.9649482922401413, dualobj: -Inf
solve--
end solve-- RelaxOptimal OPTIMAL
 weights_sum: 1.0000000000000004
itereffortlevel: 0
--separating...
--find a better primal bound 0.10307210704547431 by Alternative descent Eigen
--found a cut state by heuristic 0.10307210704547431 0.035866655556173466 
iteration: 812,  #states: 1918, valueb: 0.035866655556173466, activeness: 0.10307210704547431, primalobj: 0.9649306321734625, dualobj: -Inf
solve--
end solve-- RelaxOptimal OPTIMAL
 weights_sum: 1.0
itereffortlevel: 0
--separating...
--find a better primal bound 0.10308293744615704 by Alternative descent Eigen
--found a cut state by heuristic 0.10308293744615704 0.02492165319425424 
iteration: 813,  #states: 1919, valueb: 0.02492165319425424, activeness: 0.10308293744615704, primalobj: 0.9649155616743607, dualobj: -Inf
solve--
end solve-- RelaxOptimal OPTIMAL
 weights_sum: 1.0000003771549792
itereffortlevel: 0
--separating...
--find a better primal bound 0.09604400173944877 by Alternative descent Eigen
--found a cut state by heuristic 0.09604400173944877 0.029657373345884187 
iteration: 814,  #states: 1920, valueb: 0.029657373345884187, activeness: 0.09604400173944877, primalobj: 0.9649050857834757, dualobj: -Inf
solve--
end solve-- RelaxOptimal OPTIMAL
 weights_sum: 1.0
itereffortlevel: 0
--separating...
--find a better primal bound 0.12407103336363158 by Alternative descent Eigen
--found a cut state by heuristic 0.12407103336363158 0.02948327649613089 
iteration: 815,  #states: 1921, valueb: 0.02948327649613089, activeness: 0.12407103336363158, primalobj: 0.9648924036349187, dualobj: -Inf
solve--
end solve-- RelaxOptimal OPTIMAL
 weights_sum: 0.9999999999999992
itereffortlevel: 0
--separating...
--find a better primal bound 0.07466619167825876 by Alternative descent Eigen
--found a cut state by heuristic 0.07466619167825876 0.030131234598014617 
iteration: 816,  #states: 1922, valueb: 0.030131234598014617, activeness: 0.07466619167825876, primalobj: 0.9648732909783476, dualobj: -Inf
solve--
end solve-- RelaxOptimal OPTIMAL
 weights_sum: 1.0000003943549456
itereffortlevel: 0
--separating...
--find a better primal bound 0.12034209130770732 by Alternative descent Eigen
--found a cut state by heuristic 0.12034209130770732 0.031853403161743545 
iteration: 817,  #states: 1923, valueb: 0.031853403161743545, activeness: 0.12034209130770732, primalobj: 0.9648704691274046, dualobj: -Inf
solve--
end solve-- RelaxOptimal OPTIMAL
 weights_sum: 1.0000000000000013
itereffortlevel: 0
--separating...
--find a better primal bound 0.06078480485379175 by Alternative descent Eigen
--found a cut state by heuristic 0.06078480485379175 0.028080933530015825 
iteration: 818,  #states: 1924, valueb: 0.028080933530015825, activeness: 0.06078480485379175, primalobj: 0.9648574585254537, dualobj: -Inf
solve--
end solve-- RelaxOptimal OPTIMAL
 weights_sum: 1.0000000000000007
itereffortlevel: 0
--separating...
--find a better primal bound 0.131400744206086 by Alternative descent Eigen
--found a cut state by heuristic 0.131400744206086 0.02301308531161704 
iteration: 819,  #states: 1925, valueb: 0.02301308531161704, activeness: 0.131400744206086, primalobj: 0.9648532823736861, dualobj: -Inf
solve--
end solve-- RelaxOptimal OPTIMAL
 weights_sum: 1.0
itereffortlevel: 0
--separating...
--find a better primal bound 0.13099939667249477 by Alternative descent Eigen
--found a cut state by heuristic 0.13099939667249477 0.0285089331269572 
iteration: 820,  #states: 1926, valueb: 0.0285089331269572, activeness: 0.13099939667249477, primalobj: 0.9648202825349352, dualobj: -Inf
solve--
end solve-- RelaxOptimal OPTIMAL
 weights_sum: 1.0000006262420518
itereffortlevel: 0
--separating...
--find a better primal bound 0.12046788792930949 by Alternative descent Eigen
--found a cut state by heuristic 0.12046788792930949 0.027241131096174688 
iteration: 821,  #states: 1927, valueb: 0.027241131096174688, activeness: 0.12046788792930949, primalobj: 0.9647962123084849, dualobj: -Inf
solve--
end solve-- RelaxOptimal OPTIMAL
 weights_sum: 1.000000014554372
itereffortlevel: 0
--separating...
--find a better primal bound 0.11038829740079104 by Alternative descent Eigen
--found a cut state by heuristic 0.11038829740079104 0.04419528199305154 
iteration: 822,  #states: 1928, valueb: 0.04419528199305154, activeness: 0.11038829740079104, primalobj: 0.9647831839768797, dualobj: -Inf
solve--
end solve-- RelaxOptimal OPTIMAL
 weights_sum: 1.0000003266034376
itereffortlevel: 0
--separating...
--find a better primal bound 0.10971795009627161 by Alternative descent Eigen
--found a cut state by heuristic 0.10971795009627161 0.048290503401205165 
iteration: 823,  #states: 1929, valueb: 0.048290503401205165, activeness: 0.10971795009627161, primalobj: 0.9647692376010693, dualobj: -Inf
solve--
end solve-- RelaxOptimal OPTIMAL
 weights_sum: 1.0000000000000004
itereffortlevel: 0
--separating...
--find a better primal bound 0.14181602696561402 by Alternative descent Eigen
--found a cut state by heuristic 0.14181602696561402 0.042017314997696925 
iteration: 824,  #states: 1930, valueb: 0.042017314997696925, activeness: 0.14181602696561402, primalobj: 0.9647597121590469, dualobj: -Inf
solve--
end solve-- RelaxOptimal OPTIMAL
 weights_sum: 1.0
itereffortlevel: 0
--separating...
--find a better primal bound 0.11789996621974758 by Alternative descent Eigen
--found a cut state by heuristic 0.11789996621974758 0.048175869848859014 
iteration: 825,  #states: 1931, valueb: 0.048175869848859014, activeness: 0.11789996621974758, primalobj: 0.9647388736756927, dualobj: -Inf
solve--
end solve-- RelaxOptimal OPTIMAL
 weights_sum: 0.9999999999999991
itereffortlevel: 0
--separating...
--find a better primal bound 0.1358387518767261 by Alternative descent Eigen
--found a cut state by heuristic 0.1358387518767261 0.04589415386108773 
iteration: 826,  #states: 1932, valueb: 0.04589415386108773, activeness: 0.1358387518767261, primalobj: 0.9647255860385938, dualobj: -Inf
solve--
end solve-- RelaxOptimal OPTIMAL
 weights_sum: 1.0000000000000004
itereffortlevel: 0
--separating...
--find a better primal bound 0.15689607152527363 by Alternative descent Eigen
--found a cut state by heuristic 0.15689607152527363 0.048576515783430085 
iteration: 827,  #states: 1933, valueb: 0.048576515783430085, activeness: 0.15689607152527363, primalobj: 0.9647130410756913, dualobj: -Inf
solve--
end solve-- RelaxOptimal OPTIMAL
 weights_sum: 1.0000006639284282
itereffortlevel: 0
--separating...
--find a better primal bound 0.18541409142207235 by Alternative descent Eigen
--found a cut state by heuristic 0.18541409142207235 0.06522686000420133 
iteration: 828,  #states: 1934, valueb: 0.06522686000420133, activeness: 0.18541409142207235, primalobj: 0.9646995363456129, dualobj: -Inf
solve--
end solve-- RelaxOptimal OPTIMAL
 weights_sum: 1.0000001924920527
itereffortlevel: 0
--separating...
--find a better primal bound 0.1290282352828645 by Alternative descent Eigen
--found a cut state by heuristic 0.1290282352828645 0.05837666926389058 
iteration: 829,  #states: 1935, valueb: 0.05837666926389058, activeness: 0.1290282352828645, primalobj: 0.9646845507709199, dualobj: -Inf
solve--
end solve-- RelaxOptimal OPTIMAL
 weights_sum: 1.000000179770465
itereffortlevel: 0
--separating...
--find a better primal bound 0.20809227639224437 by Alternative descent Eigen
--found a cut state by heuristic 0.20809227639224437 0.061436964583755194 
iteration: 830,  #states: 1936, valueb: 0.061436964583755194, activeness: 0.20809227639224437, primalobj: 0.9646748834197278, dualobj: -Inf
solve--
end solve-- RelaxOptimal OPTIMAL
 weights_sum: 1.0000010664634955
itereffortlevel: 0
--separating...
--find a better primal bound 0.16594399687121358 by Alternative descent Eigen
--found a cut state by heuristic 0.16594399687121358 0.06273722083729219 
iteration: 831,  #states: 1937, valueb: 0.06273722083729219, activeness: 0.16594399687121358, primalobj: 0.9646437313396088, dualobj: -Inf
solve--
end solve-- RelaxOptimal OPTIMAL
 weights_sum: 0.9999999999999993
itereffortlevel: 0
--separating...
--find a better primal bound 0.14406154813711325 by Alternative descent Eigen
--found a cut state by heuristic 0.14406154813711325 0.07033176156401161 
iteration: 832,  #states: 1938, valueb: 0.07033176156401161, activeness: 0.14406154813711325, primalobj: 0.9646361078487633, dualobj: -Inf
solve--
end solve-- RelaxOptimal OPTIMAL
 weights_sum: 1.0000000000000002
itereffortlevel: 0
--separating...
--find a better primal bound 0.15138624344116614 by Alternative descent Eigen
--found a cut state by heuristic 0.15138624344116614 0.07012005152005234 
iteration: 833,  #states: 1939, valueb: 0.07012005152005234, activeness: 0.15138624344116614, primalobj: 0.9646264568238094, dualobj: -Inf
solve--
end solve-- RelaxOptimal OPTIMAL
 weights_sum: 0.9999999999999999
itereffortlevel: 0
--separating...
--find a better primal bound 0.1676946118888489 by Alternative descent Eigen
--found a cut state by heuristic 0.1676946118888489 0.0559602711686874 
iteration: 834,  #states: 1940, valueb: 0.0559602711686874, activeness: 0.1676946118888489, primalobj: 0.964614283631377, dualobj: -Inf
solve--
end solve-- RelaxOptimal OPTIMAL
 weights_sum: 1.0000000000000004
itereffortlevel: 0
--separating...
--find a better primal bound 0.11642274858401 by Alternative descent Eigen
--found a cut state by heuristic 0.11642274858401 0.06811489732086874 
iteration: 835,  #states: 1941, valueb: 0.06811489732086874, activeness: 0.11642274858401, primalobj: 0.9646033124225207, dualobj: -Inf
solve--
end solve-- RelaxOptimal OPTIMAL
 weights_sum: 0.9999999999999993
itereffortlevel: 0
--separating...
--find a better primal bound 0.13693251140282836 by Alternative descent Eigen
--found a cut state by heuristic 0.13693251140282836 0.0646944879183412 
iteration: 836,  #states: 1942, valueb: 0.0646944879183412, activeness: 0.13693251140282836, primalobj: 0.9645957330421755, dualobj: -Inf
solve--
end solve-- RelaxOptimal OPTIMAL
 weights_sum: 1.0000000000000002
itereffortlevel: 0
--separating...
--find a better primal bound 0.13823374219923465 by Alternative descent Eigen
--found a cut state by heuristic 0.13823374219923465 -0.0 
iteration: 837,  #states: 1943, valueb: -0.0, activeness: 0.13823374219923465, primalobj: 0.9645880348468288, dualobj: -Inf
solve--
end solve-- RelaxOptimal OPTIMAL
 weights_sum: 1.0000014426035482
itereffortlevel: 0
--separating...
--find a better primal bound 0.17286360187620148 by Alternative descent Eigen
--found a cut state by heuristic 0.17286360187620148 0.052087227102821425 
iteration: 838,  #states: 1944, valueb: 0.052087227102821425, activeness: 0.17286360187620148, primalobj: 0.9645618846891784, dualobj: -Inf
solve--
end solve-- RelaxOptimal OPTIMAL
 weights_sum: 1.0000000000000009
itereffortlevel: 0
--separating...
--find a better primal bound 0.12310680164409196 by Alternative descent Eigen
--found a cut state by heuristic 0.12310680164409196 0.04490864333521441 
iteration: 839,  #states: 1945, valueb: 0.04490864333521441, activeness: 0.12310680164409196, primalobj: 0.9645373534623218, dualobj: -Inf
solve--
end solve-- RelaxOptimal OPTIMAL
 weights_sum: 0.9999999999999993
itereffortlevel: 0
--separating...
--find a better primal bound 0.14567251708770534 by Alternative descent Eigen
--found a cut state by heuristic 0.14567251708770534 0.05312974387768407 
iteration: 840,  #states: 1946, valueb: 0.05312974387768407, activeness: 0.14567251708770534, primalobj: 0.9645131210769644, dualobj: -Inf
solve--
end solve-- RelaxOptimal OPTIMAL
 weights_sum: 0.999999999999999
itereffortlevel: 0
--separating...
--find a better primal bound 0.16630792631210115 by Alternative descent Eigen
--found a cut state by heuristic 0.16630792631210115 0.057484441351114635 
iteration: 841,  #states: 1947, valueb: 0.057484441351114635, activeness: 0.16630792631210115, primalobj: 0.9644950418727143, dualobj: -Inf
solve--
end solve-- RelaxOptimal OPTIMAL
 weights_sum: 1.0000000000000013
itereffortlevel: 0
--separating...
--find a better primal bound 0.13750643242467145 by Alternative descent Eigen
--found a cut state by heuristic 0.13750643242467145 0.06410309992470045 
iteration: 842,  #states: 1948, valueb: 0.06410309992470045, activeness: 0.13750643242467145, primalobj: 0.9644757670288655, dualobj: -Inf
solve--
end solve-- RelaxOptimal OPTIMAL
 weights_sum: 1.0000000000000002
itereffortlevel: 0
--separating...
--find a better primal bound 0.11533174347569003 by Alternative descent Eigen
--found a cut state by heuristic 0.11533174347569003 0.049426161463426516 
iteration: 843,  #states: 1949, valueb: 0.049426161463426516, activeness: 0.11533174347569003, primalobj: 0.9644636827919832, dualobj: -Inf
solve--
end solve-- RelaxOptimal OPTIMAL
 weights_sum: 1.0000000000000009
itereffortlevel: 0
--separating...
--find a better primal bound 0.15799940398128845 by Alternative descent Eigen
--found a cut state by heuristic 0.15799940398128845 0.0450641667055172 
iteration: 844,  #states: 1950, valueb: 0.0450641667055172, activeness: 0.15799940398128845, primalobj: 0.9644427399591048, dualobj: -Inf
solve--
end solve-- RelaxOptimal OPTIMAL
 weights_sum: 1.0000000000000007
itereffortlevel: 0
--separating...
--find a better primal bound 0.14522766664946604 by Alternative descent Eigen
--found a cut state by heuristic 0.14522766664946604 0.06213700353110777 
iteration: 845,  #states: 1951, valueb: 0.06213700353110777, activeness: 0.14522766664946604, primalobj: 0.9644234721780627, dualobj: -Inf
solve--
end solve-- RelaxOptimal OPTIMAL
 weights_sum: 1.0000000000000009
itereffortlevel: 0
--separating...
--find a better primal bound 0.17945841283650235 by Alternative descent Eigen
--found a cut state by heuristic 0.17945841283650235 0.053687801148910114 
iteration: 846,  #states: 1952, valueb: 0.053687801148910114, activeness: 0.17945841283650235, primalobj: 0.9644097081586073, dualobj: -Inf
solve--
end solve-- RelaxOptimal OPTIMAL
 weights_sum: 0.9999999999999993
itereffortlevel: 0
--separating...
--find a better primal bound 0.13913318666265848 by Alternative descent Eigen
--found a cut state by heuristic 0.13913318666265848 0.07314730512972685 
iteration: 847,  #states: 1953, valueb: 0.07314730512972685, activeness: 0.13913318666265848, primalobj: 0.9643859259506739, dualobj: -Inf
solve--
end solve-- RelaxOptimal OPTIMAL
 weights_sum: 1.0000000192221048
itereffortlevel: 0
--separating...
--find a better primal bound 0.1560325149386857 by Alternative descent Eigen
--found a cut state by heuristic 0.1560325149386857 0.05357157467511291 
iteration: 848,  #states: 1954, valueb: 0.05357157467511291, activeness: 0.1560325149386857, primalobj: 0.9643658723571986, dualobj: -Inf
solve--
end solve-- RelaxOptimal OPTIMAL
 weights_sum: 0.9999999999999993
itereffortlevel: 0
--separating...
--find a better primal bound 0.1358204407794645 by Alternative descent Eigen
--found a cut state by heuristic 0.1358204407794645 0.030038476640540636 
iteration: 849,  #states: 1955, valueb: 0.030038476640540636, activeness: 0.1358204407794645, primalobj: 0.9643414259376349, dualobj: -Inf
solve--
end solve-- RelaxOptimal OPTIMAL
 weights_sum: 0.9999999999999983
itereffortlevel: 0
--separating...
--find a better primal bound 0.15507442451940398 by Alternative descent Eigen
--found a cut state by heuristic 0.15507442451940398 0.0395492099221388 
iteration: 850,  #states: 1956, valueb: 0.0395492099221388, activeness: 0.15507442451940398, primalobj: 0.9643355840255392, dualobj: -Inf
solve--
end solve-- RelaxOptimal OPTIMAL
 weights_sum: 1.0000000000000004
itereffortlevel: 0
--separating...
--find a better primal bound 0.13911760596502187 by Alternative descent Eigen
--found a cut state by heuristic 0.13911760596502187 0.039492804331155054 
iteration: 851,  #states: 1957, valueb: 0.039492804331155054, activeness: 0.13911760596502187, primalobj: 0.9643070935942841, dualobj: -Inf
solve--
end solve-- RelaxOptimal OPTIMAL
 weights_sum: 1.000000020561931
itereffortlevel: 0
--separating...
--find a better primal bound 0.14501917989828883 by Alternative descent Eigen
--found a cut state by heuristic 0.14501917989828883 0.03703682278982386 
iteration: 852,  #states: 1958, valueb: 0.03703682278982386, activeness: 0.14501917989828883, primalobj: 0.9642928560637909, dualobj: -Inf
solve--
end solve-- RelaxOptimal OPTIMAL
 weights_sum: 0.9999999999999998
itereffortlevel: 0
--separating...
--find a better primal bound 0.09009368925899046 by Alternative descent Eigen
--found a cut state by heuristic 0.09009368925899046 0.04214039953003583 
iteration: 853,  #states: 1959, valueb: 0.04214039953003583, activeness: 0.09009368925899046, primalobj: 0.964265529402468, dualobj: -Inf
solve--
end solve-- RelaxOptimal OPTIMAL
 weights_sum: 0.9999999999999997
itereffortlevel: 0
--separating...
--find a better primal bound 0.12720664471371923 by Alternative descent Eigen
--found a cut state by heuristic 0.12720664471371923 0.060036692717485816 
iteration: 854,  #states: 1960, valueb: 0.060036692717485816, activeness: 0.12720664471371923, primalobj: 0.9642577624680966, dualobj: -Inf
solve--
end solve-- RelaxOptimal OPTIMAL
 weights_sum: 0.9999999999999991
itereffortlevel: 0
--separating...
--find a better primal bound 0.1459482808314694 by Alternative descent Eigen
--found a cut state by heuristic 0.1459482808314694 0.03956723429259412 
iteration: 855,  #states: 1961, valueb: 0.03956723429259412, activeness: 0.1459482808314694, primalobj: 0.9642522408991254, dualobj: -Inf
solve--
end solve-- RelaxOptimal OPTIMAL
 weights_sum: 0.9999999999999996
itereffortlevel: 0
--separating...
--find a better primal bound 0.07154903520111981 by Alternative descent Eigen
--found a cut state by heuristic 0.07154903520111981 -0.0 
iteration: 856,  #states: 1962, valueb: -0.0, activeness: 0.07154903520111981, primalobj: 0.964233722739132, dualobj: -Inf
solve--
end solve-- RelaxOptimal OPTIMAL
 weights_sum: 0.9999999999999993
itereffortlevel: 0
--separating...
--find a better primal bound 0.08780581214930153 by Alternative descent Eigen
--found a cut state by heuristic 0.08780581214930153 0.02703058813075454 
iteration: 857,  #states: 1963, valueb: 0.02703058813075454, activeness: 0.08780581214930153, primalobj: 0.9642230488674202, dualobj: -Inf
solve--
end solve-- RelaxOptimal OPTIMAL
 weights_sum: 1.0000000000000007
itereffortlevel: 0
--separating...
--find a better primal bound 0.1325498832995758 by Alternative descent Eigen
--found a cut state by heuristic 0.1325498832995758 0.04097420206911191 
iteration: 858,  #states: 1964, valueb: 0.04097420206911191, activeness: 0.1325498832995758, primalobj: 0.9642159454660675, dualobj: -Inf
solve--
end solve-- RelaxOptimal OPTIMAL
 weights_sum: 0.9999999999999998
itereffortlevel: 0
--separating...
--find a better primal bound 0.12155069764186047 by Alternative descent Eigen
--found a cut state by heuristic 0.12155069764186047 0.037498807308605275 
iteration: 859,  #states: 1965, valueb: 0.037498807308605275, activeness: 0.12155069764186047, primalobj: 0.9642059910544272, dualobj: -Inf
solve--
end solve-- RelaxOptimal OPTIMAL
 weights_sum: 1.0000000000000009
itereffortlevel: 0
--separating...
--find a better primal bound 0.1559613114456615 by Alternative descent Eigen
--found a cut state by heuristic 0.1559613114456615 0.02425555071182062 
iteration: 860,  #states: 1966, valueb: 0.02425555071182062, activeness: 0.1559613114456615, primalobj: 0.9641950894004977, dualobj: -Inf
solve--
end solve-- RelaxOptimal OPTIMAL
 weights_sum: 1.0000000000000002
itereffortlevel: 0
--separating...
--find a better primal bound 0.12399482333025427 by Alternative descent Eigen
--found a cut state by heuristic 0.12399482333025427 0.03312858064159171 
iteration: 861,  #states: 1967, valueb: 0.03312858064159171, activeness: 0.12399482333025427, primalobj: 0.9641699024968906, dualobj: -Inf
solve--
end solve-- RelaxOptimal OPTIMAL
 weights_sum: 1.0
itereffortlevel: 0
--separating...
--find a better primal bound 0.19954044759535455 by Alternative descent Eigen
--found a cut state by heuristic 0.19954044759535455 0.0913099055989664 
iteration: 862,  #states: 1968, valueb: 0.0913099055989664, activeness: 0.19954044759535455, primalobj: 0.9641469628937925, dualobj: -Inf
solve--
end solve-- RelaxOptimal OPTIMAL
 weights_sum: 1.0000000000000007
itereffortlevel: 0
--separating...
--find a better primal bound 0.16772136358427497 by Alternative descent Eigen
--found a cut state by heuristic 0.16772136358427497 0.05138539191743639 
iteration: 863,  #states: 1969, valueb: 0.05138539191743639, activeness: 0.16772136358427497, primalobj: 0.9641249059020573, dualobj: -Inf
solve--
end solve-- RelaxOptimal OPTIMAL
 weights_sum: 1.0000000000000016
itereffortlevel: 0
--separating...
--find a better primal bound 0.12326417257370721 by Alternative descent Eigen
--found a cut state by heuristic 0.12326417257370721 0.04064757576273065 
iteration: 864,  #states: 1970, valueb: 0.04064757576273065, activeness: 0.12326417257370721, primalobj: 0.9640972990078511, dualobj: -Inf
solve--
end solve-- RelaxOptimal OPTIMAL
 weights_sum: 1.000001899014125
itereffortlevel: 0
--separating...
--find a better primal bound 0.13686163711946753 by Alternative descent Eigen
--found a cut state by heuristic 0.13686163711946753 -0.0 
iteration: 865,  #states: 1971, valueb: -0.0, activeness: 0.13686163711946753, primalobj: 0.964076165058517, dualobj: -Inf
solve--
end solve-- RelaxOptimal OPTIMAL
 weights_sum: 1.0000000000000022
itereffortlevel: 0
--separating...
--find a better primal bound 0.11167227218809068 by Alternative descent Eigen
--found a cut state by heuristic 0.11167227218809068 0.03210252412154118 
iteration: 866,  #states: 1972, valueb: 0.03210252412154118, activeness: 0.11167227218809068, primalobj: 0.9640497609218645, dualobj: -Inf
solve--
end solve-- RelaxOptimal OPTIMAL
 weights_sum: 1.0000000780370946
itereffortlevel: 0
--separating...
--find a better primal bound 0.13226456949053705 by Alternative descent Eigen
--found a cut state by heuristic 0.13226456949053705 0.047035615786641984 
iteration: 867,  #states: 1973, valueb: 0.047035615786641984, activeness: 0.13226456949053705, primalobj: 0.9640360592394053, dualobj: -Inf
solve--
end solve-- RelaxOptimal OPTIMAL
 weights_sum: 1.0000000000000013
itereffortlevel: 0
--separating...
--find a better primal bound 0.16166153144452355 by Alternative descent Eigen
--found a cut state by heuristic 0.16166153144452355 0.044247002362284266 
iteration: 868,  #states: 1974, valueb: 0.044247002362284266, activeness: 0.16166153144452355, primalobj: 0.9640254288782439, dualobj: -Inf
solve--
end solve-- RelaxOptimal OPTIMAL
 weights_sum: 0.9999999999999999
itereffortlevel: 0
--separating...
--find a better primal bound 0.11673933454850488 by Alternative descent Eigen
--found a cut state by heuristic 0.11673933454850488 0.03550429525323448 
iteration: 869,  #states: 1975, valueb: 0.03550429525323448, activeness: 0.11673933454850488, primalobj: 0.9639911186508474, dualobj: -Inf
solve--
end solve-- RelaxOptimal OPTIMAL
 weights_sum: 1.0000004552246948
itereffortlevel: 0
--separating...
--find a better primal bound 0.14397944268005747 by Alternative descent Eigen
--found a cut state by heuristic 0.14397944268005747 0.035072649178094426 
iteration: 870,  #states: 1976, valueb: 0.035072649178094426, activeness: 0.14397944268005747, primalobj: 0.9639705738552485, dualobj: -Inf
solve--
end solve-- RelaxOptimal OPTIMAL
 weights_sum: 0.9999999999999987
itereffortlevel: 0
--separating...
--find a better primal bound 0.1349406794457617 by Alternative descent Eigen
--found a cut state by heuristic 0.1349406794457617 0.04578240083268683 
iteration: 871,  #states: 1977, valueb: 0.04578240083268683, activeness: 0.1349406794457617, primalobj: 0.9639473354819029, dualobj: -Inf
solve--
end solve-- RelaxOptimal OPTIMAL
 weights_sum: 0.9999999999999993
itereffortlevel: 0
--separating...
--find a better primal bound 0.12860520535338393 by Alternative descent Eigen
--found a cut state by heuristic 0.12860520535338393 0.037066978227564835 
iteration: 872,  #states: 1978, valueb: 0.037066978227564835, activeness: 0.12860520535338393, primalobj: 0.963935332373568, dualobj: -Inf
solve--
end solve-- RelaxOptimal OPTIMAL
 weights_sum: 0.9999999999999993
itereffortlevel: 0
--separating...
--find a better primal bound 0.08714177330758963 by Alternative descent Eigen
--found a cut state by heuristic 0.08714177330758963 0.039486395226379783 
iteration: 873,  #states: 1979, valueb: 0.039486395226379783, activeness: 0.08714177330758963, primalobj: 0.9639196544321281, dualobj: -Inf
solve--
end solve-- RelaxOptimal OPTIMAL
 weights_sum: 0.9999999999999998
itereffortlevel: 0
--separating...
--find a better primal bound 0.08715491164504582 by Alternative descent Eigen
--found a cut state by heuristic 0.08715491164504582 0.04246183427177208 
iteration: 874,  #states: 1980, valueb: 0.04246183427177208, activeness: 0.08715491164504582, primalobj: 0.9639089583098517, dualobj: -Inf
solve--
end solve-- RelaxOptimal OPTIMAL
 weights_sum: 0.9999999999999998
itereffortlevel: 0
--separating...
--find a better primal bound 0.11719642096335078 by Alternative descent Eigen
--found a cut state by heuristic 0.11719642096335078 0.03532675076616364 
iteration: 875,  #states: 1981, valueb: 0.03532675076616364, activeness: 0.11719642096335078, primalobj: 0.9638999972849083, dualobj: -Inf
solve--
end solve-- RelaxOptimal OPTIMAL
 weights_sum: 0.9999999999999998
itereffortlevel: 0
--separating...
--find a better primal bound 0.20224555523116503 by Alternative descent Eigen
--found a cut state by heuristic 0.20224555523116503 0.04010234496112216 
iteration: 876,  #states: 1982, valueb: 0.04010234496112216, activeness: 0.20224555523116503, primalobj: 0.9638904208402684, dualobj: -Inf
solve--
end solve-- RelaxOptimal OPTIMAL
 weights_sum: 1.0000000289300157
itereffortlevel: 0
--separating...
--find a better primal bound 0.11615327506473373 by Alternative descent Eigen
--found a cut state by heuristic 0.11615327506473373 0.045829664515850244 
iteration: 877,  #states: 1983, valueb: 0.045829664515850244, activeness: 0.11615327506473373, primalobj: 0.9638615527258965, dualobj: -Inf
solve--
end solve-- RelaxOptimal OPTIMAL
 weights_sum: 1.000000618265094
itereffortlevel: 0
--separating...
--find a better primal bound 0.18053316899550909 by Alternative descent Eigen
--found a cut state by heuristic 0.18053316899550909 0.06482617309910833 
iteration: 878,  #states: 1984, valueb: 0.06482617309910833, activeness: 0.18053316899550909, primalobj: 0.9638485591619579, dualobj: -Inf
solve--
end solve-- RelaxOptimal OPTIMAL
 weights_sum: 1.0000000998795218
itereffortlevel: 0
--separating...
--find a better primal bound 0.13479549851151823 by Alternative descent Eigen
--found a cut state by heuristic 0.13479549851151823 0.04934037558537864 
iteration: 879,  #states: 1985, valueb: 0.04934037558537864, activeness: 0.13479549851151823, primalobj: 0.9638352530848335, dualobj: -Inf
solve--
end solve-- RelaxOptimal OPTIMAL
 weights_sum: 0.9999999999999994
itereffortlevel: 0
--separating...
--find a better primal bound 0.11378832035268874 by Alternative descent Eigen
--found a cut state by heuristic 0.11378832035268874 0.04396876052162629 
iteration: 880,  #states: 1986, valueb: 0.04396876052162629, activeness: 0.11378832035268874, primalobj: 0.9638216203439087, dualobj: -Inf
solve--
end solve-- RelaxOptimal OPTIMAL
 weights_sum: 0.9999999999999997
itereffortlevel: 0
--separating...
--find a better primal bound 0.15436931170362175 by Alternative descent Eigen
--found a cut state by heuristic 0.15436931170362175 0.04672470717773121 
iteration: 881,  #states: 1987, valueb: 0.04672470717773121, activeness: 0.15436931170362175, primalobj: 0.9638137223856127, dualobj: -Inf
solve--
end solve-- RelaxOptimal OPTIMAL
 weights_sum: 1.0000000000000009
itereffortlevel: 0
--separating...
--find a better primal bound 0.09415158457961484 by Alternative descent Eigen
--found a cut state by heuristic 0.09415158457961484 0.04760158079821182 
iteration: 882,  #states: 1988, valueb: 0.04760158079821182, activeness: 0.09415158457961484, primalobj: 0.9638023844047892, dualobj: -Inf
solve--
end solve-- RelaxOptimal OPTIMAL
 weights_sum: 0.9999999999999998
itereffortlevel: 0
--separating...
--find a better primal bound 0.129821787942761 by Alternative descent Eigen
--found a cut state by heuristic 0.129821787942761 0.05028978379394125 
iteration: 883,  #states: 1989, valueb: 0.05028978379394125, activeness: 0.129821787942761, primalobj: 0.9637973218668919, dualobj: -Inf
solve--
end solve-- RelaxOptimal OPTIMAL
 weights_sum: 0.9999999999999999
itereffortlevel: 0
--separating...
--find a better primal bound 0.17851506342115936 by Alternative descent Eigen
--found a cut state by heuristic 0.17851506342115936 0.04971051981661135 
iteration: 884,  #states: 1990, valueb: 0.04971051981661135, activeness: 0.17851506342115936, primalobj: 0.9637873505824568, dualobj: -Inf
solve--
end solve-- RelaxOptimal OPTIMAL
 weights_sum: 0.9999999999999988
itereffortlevel: 0
--separating...
--find a better primal bound 0.16333012823373547 by Alternative descent Eigen
--found a cut state by heuristic 0.16333012823373547 0.06748002879494068 
iteration: 885,  #states: 1991, valueb: 0.06748002879494068, activeness: 0.16333012823373547, primalobj: 0.9637752108998434, dualobj: -Inf
solve--
end solve-- RelaxOptimal OPTIMAL
 weights_sum: 0.9999999999999996
itereffortlevel: 0
--separating...
--find a better primal bound 0.13226253518064776 by Alternative descent Eigen
--found a cut state by heuristic 0.13226253518064776 0.06687143719974566 
iteration: 886,  #states: 1992, valueb: 0.06687143719974566, activeness: 0.13226253518064776, primalobj: 0.963763632644971, dualobj: -Inf
solve--
end solve-- RelaxOptimal OPTIMAL
 weights_sum: 0.9999999999999998
itereffortlevel: 0
--separating...
--find a better primal bound 0.1398439721285898 by Alternative descent Eigen
--found a cut state by heuristic 0.1398439721285898 0.05648948676527336 
iteration: 887,  #states: 1993, valueb: 0.05648948676527336, activeness: 0.1398439721285898, primalobj: 0.9637574389070609, dualobj: -Inf
solve--
end solve-- RelaxOptimal OPTIMAL
 weights_sum: 0.9999999999999991
itereffortlevel: 0
--separating...
--find a better primal bound 0.12239032388307013 by Alternative descent Eigen
--found a cut state by heuristic 0.12239032388307013 0.048357108423475355 
iteration: 888,  #states: 1994, valueb: 0.048357108423475355, activeness: 0.12239032388307013, primalobj: 0.9637525803250642, dualobj: -Inf
solve--
end solve-- RelaxOptimal OPTIMAL
 weights_sum: 1.0000000000000004
itereffortlevel: 0
--separating...
--find a better primal bound 0.16641852702343735 by Alternative descent Eigen
--found a cut state by heuristic 0.16641852702343735 0.06256791949796964 
iteration: 889,  #states: 1995, valueb: 0.06256791949796964, activeness: 0.16641852702343735, primalobj: 0.9637347488874717, dualobj: -Inf
solve--
end solve-- RelaxOptimal OPTIMAL
 weights_sum: 0.9999999999999997
itereffortlevel: 0
--separating...
--find a better primal bound 0.13683862390305856 by Alternative descent Eigen
--found a cut state by heuristic 0.13683862390305856 0.07205732265778536 
iteration: 890,  #states: 1996, valueb: 0.07205732265778536, activeness: 0.13683862390305856, primalobj: 0.9637227506671584, dualobj: -Inf
solve--
end solve-- RelaxOptimal OPTIMAL
 weights_sum: 1.000000000000001
itereffortlevel: 0
--separating...
--find a better primal bound 0.13952596349890714 by Alternative descent Eigen
--found a cut state by heuristic 0.13952596349890714 0.05200555796463876 
iteration: 891,  #states: 1997, valueb: 0.05200555796463876, activeness: 0.13952596349890714, primalobj: 0.9637115245081725, dualobj: -Inf
solve--
end solve-- RelaxOptimal OPTIMAL
 weights_sum: 1.0
itereffortlevel: 0
--separating...
--find a better primal bound 0.1778876645365131 by Alternative descent Eigen
--found a cut state by heuristic 0.1778876645365131 0.06923857528901503 
iteration: 892,  #states: 1998, valueb: 0.06923857528901503, activeness: 0.1778876645365131, primalobj: 0.9637023203440033, dualobj: -Inf
solve--
end solve-- RelaxOptimal OPTIMAL
 weights_sum: 0.9999999999999998
itereffortlevel: 0
--separating...
--find a better primal bound 0.132747657157507 by Alternative descent Eigen
--found a cut state by heuristic 0.132747657157507 0.05765684351626229 
iteration: 893,  #states: 1999, valueb: 0.05765684351626229, activeness: 0.132747657157507, primalobj: 0.9636875091148553, dualobj: -Inf
solve--
end solve-- RelaxOptimal OPTIMAL
 weights_sum: 1.0
itereffortlevel: 0
--separating...
--find a better primal bound 0.16444873706787239 by Alternative descent Eigen
--found a cut state by heuristic 0.16444873706787239 0.06987049073563412 
iteration: 894,  #states: 2000, valueb: 0.06987049073563412, activeness: 0.16444873706787239, primalobj: 0.9636704503453928, dualobj: -Inf
solve--
end solve-- RelaxOptimal OPTIMAL
 weights_sum: 1.0000000982111108
itereffortlevel: 0
--separating...
--find a better primal bound 0.16060400602947172 by Alternative descent Eigen
--found a cut state by heuristic 0.16060400602947172 0.062298631924075594 
iteration: 895,  #states: 2001, valueb: 0.062298631924075594, activeness: 0.16060400602947172, primalobj: 0.9636509195237202, dualobj: -Inf
solve--
end solve-- RelaxOptimal OPTIMAL
 weights_sum: 0.9999999999999994
itereffortlevel: 0
--separating...
--find a better primal bound 0.1709448816145555 by Alternative descent Eigen
--found a cut state by heuristic 0.1709448816145555 0.07105044582040147 
iteration: 896,  #states: 2002, valueb: 0.07105044582040147, activeness: 0.1709448816145555, primalobj: 0.9636360881384584, dualobj: -Inf
solve--
end solve-- RelaxOptimal OPTIMAL
 weights_sum: 1.0000000000000009
itereffortlevel: 0
--separating...
--find a better primal bound 0.1304461362624852 by Alternative descent Eigen
--found a cut state by heuristic 0.1304461362624852 0.07853027220485977 
iteration: 897,  #states: 2003, valueb: 0.07853027220485977, activeness: 0.1304461362624852, primalobj: 0.963617164942516, dualobj: -Inf
solve--
end solve-- RelaxOptimal OPTIMAL
 weights_sum: 0.9999999999999996
itereffortlevel: 0
--separating...
--find a better primal bound 0.13511645737915381 by Alternative descent Eigen
--found a cut state by heuristic 0.13511645737915381 0.06471317644649265 
iteration: 898,  #states: 2004, valueb: 0.06471317644649265, activeness: 0.13511645737915381, primalobj: 0.9636102372548518, dualobj: -Inf
solve--
end solve-- RelaxOptimal OPTIMAL
 weights_sum: 0.9999999999999999
itereffortlevel: 0
--separating...
--find a better primal bound 0.11087962272889801 by Alternative descent Eigen
--found a cut state by heuristic 0.11087962272889801 0.05744648913747793 
iteration: 899,  #states: 2005, valueb: 0.05744648913747793, activeness: 0.11087962272889801, primalobj: 0.9636033131723538, dualobj: -Inf
solve--
end solve-- RelaxOptimal OPTIMAL
 weights_sum: 0.9999999999999994
itereffortlevel: 0
--separating...
--find a better primal bound 0.14857140515625158 by Alternative descent Eigen
--found a cut state by heuristic 0.14857140515625158 0.06283235200449314 
iteration: 900,  #states: 2006, valueb: 0.06283235200449314, activeness: 0.14857140515625158, primalobj: 0.9635996182278592, dualobj: -Inf
solve--
end solve-- RelaxOptimal OPTIMAL
 weights_sum: 0.9999999999999999
itereffortlevel: 0
--separating...
--find a better primal bound 0.13225759926638392 by Alternative descent Eigen
--found a cut state by heuristic 0.13225759926638392 0.0653566380741008 
iteration: 901,  #states: 2007, valueb: 0.0653566380741008, activeness: 0.13225759926638392, primalobj: 0.9635906105888868, dualobj: -Inf
solve--
end solve-- RelaxOptimal OPTIMAL
 weights_sum: 1.0000000000000009
itereffortlevel: 0
--separating...
--find a better primal bound 0.15824059317082345 by Alternative descent Eigen
--found a cut state by heuristic 0.15824059317082345 0.08007902858031896 
iteration: 902,  #states: 2008, valueb: 0.08007902858031896, activeness: 0.15824059317082345, primalobj: 0.9635828935139703, dualobj: -Inf
solve--
end solve-- RelaxOptimal OPTIMAL
 weights_sum: 0.9999999999999996
itereffortlevel: 0
--separating...
--find a better primal bound 0.09216649353478451 by Alternative descent Eigen
--found a cut state by heuristic 0.09216649353478451 0.06490859278501308 
iteration: 903,  #states: 2009, valueb: 0.06490859278501308, activeness: 0.09216649353478451, primalobj: 0.9635610313363752, dualobj: -Inf
solve--
end solve-- RelaxOptimal OPTIMAL
 weights_sum: 1.0000006814344427
itereffortlevel: 0
--separating...
--find a better primal bound 0.22838768175052265 by Alternative descent Eigen
--found a cut state by heuristic 0.22838768175052265 0.05648712902417734 
iteration: 904,  #states: 2010, valueb: 0.05648712902417734, activeness: 0.22838768175052265, primalobj: 0.96355549338762, dualobj: -Inf
solve--
end solve-- RelaxOptimal OPTIMAL
 weights_sum: 0.999999999999999
itereffortlevel: 0
--separating...
--find a better primal bound 0.1924696250234834 by Alternative descent Eigen
--found a cut state by heuristic 0.1924696250234834 0.06736903390093997 
iteration: 905,  #states: 2011, valueb: 0.06736903390093997, activeness: 0.1924696250234834, primalobj: 0.9635258146394028, dualobj: -Inf
solve--
end solve-- RelaxOptimal OPTIMAL
 weights_sum: 1.0000000000000009
itereffortlevel: 0
--separating...
--find a better primal bound 0.18040243349711144 by Alternative descent Eigen
--found a cut state by heuristic 0.18040243349711144 0.05890472154105466 
iteration: 906,  #states: 2012, valueb: 0.05890472154105466, activeness: 0.18040243349711144, primalobj: 0.9635182228841299, dualobj: -Inf
solve--
end solve-- RelaxOptimal OPTIMAL
 weights_sum: 1.0000001691524978
itereffortlevel: 0
--separating...
--find a better primal bound 0.07212512417280074 by Alternative descent Eigen
--found a cut state by heuristic 0.07212512417280074 0.03591071619563722 
iteration: 907,  #states: 2013, valueb: 0.03591071619563722, activeness: 0.07212512417280074, primalobj: 0.9635043054709926, dualobj: -Inf
solve--
end solve-- RelaxOptimal OPTIMAL
 weights_sum: 1.0000000000000013
itereffortlevel: 0
--separating...
--find a better primal bound 0.1201523202896208 by Alternative descent Eigen
--found a cut state by heuristic 0.1201523202896208 0.04146645359604745 
iteration: 908,  #states: 2014, valueb: 0.04146645359604745, activeness: 0.1201523202896208, primalobj: 0.9634965366809929, dualobj: -Inf
solve--
end solve-- RelaxOptimal OPTIMAL
 weights_sum: 1.0000000000000004
itereffortlevel: 0
--separating...
--find a better primal bound 0.15908184475394915 by Alternative descent Eigen
--found a cut state by heuristic 0.15908184475394915 0.049800908967538325 
iteration: 909,  #states: 2015, valueb: 0.049800908967538325, activeness: 0.15908184475394915, primalobj: 0.9634883258784419, dualobj: -Inf
solve--
end solve-- RelaxOptimal OPTIMAL
 weights_sum: 0.9999999999999991
itereffortlevel: 0
--separating...
--find a better primal bound 0.1128957049554551 by Alternative descent Eigen
--found a cut state by heuristic 0.1128957049554551 0.04097062021318415 
iteration: 910,  #states: 2016, valueb: 0.04097062021318415, activeness: 0.1128957049554551, primalobj: 0.9634691059821687, dualobj: -Inf
solve--
end solve-- RelaxOptimal OPTIMAL
 weights_sum: 1.0000000000000002
itereffortlevel: 0
--separating...
--find a better primal bound 0.08490972062468907 by Alternative descent Eigen
--found a cut state by heuristic 0.08490972062468907 0.03283407971211294 
iteration: 911,  #states: 2017, valueb: 0.03283407971211294, activeness: 0.08490972062468907, primalobj: 0.9634557548277325, dualobj: -Inf
solve--
end solve-- RelaxOptimal OPTIMAL
 weights_sum: 1.000000000000002
itereffortlevel: 0
--separating...
--find a better primal bound 0.1582535783504255 by Alternative descent Eigen
--found a cut state by heuristic 0.1582535783504255 0.04519454527443253 
iteration: 912,  #states: 2018, valueb: 0.04519454527443253, activeness: 0.1582535783504255, primalobj: 0.9634479673922621, dualobj: -Inf
solve--
end solve-- RelaxOptimal OPTIMAL
 weights_sum: 1.0000000000000004
itereffortlevel: 0
--separating...
--find a better primal bound 0.11094720070658894 by Alternative descent Eigen
--found a cut state by heuristic 0.11094720070658894 0.04538067462671099 
iteration: 913,  #states: 2019, valueb: 0.04538067462671099, activeness: 0.11094720070658894, primalobj: 0.96343491552221, dualobj: -Inf
solve--
end solve-- RelaxOptimal OPTIMAL
 weights_sum: 1.0000000000000007
itereffortlevel: 0
--separating...
--find a better primal bound 0.11194090878985655 by Alternative descent Eigen
--found a cut state by heuristic 0.11194090878985655 0.041727963715095594 
iteration: 914,  #states: 2020, valueb: 0.041727963715095594, activeness: 0.11194090878985655, primalobj: 0.963428021128746, dualobj: -Inf
solve--
end solve-- RelaxOptimal OPTIMAL
 weights_sum: 1.0000000126267552
itereffortlevel: 0
--separating...
--find a better primal bound 0.08622742325201095 by Alternative descent Eigen
--found a cut state by heuristic 0.08622742325201095 -0.0 
iteration: 915,  #states: 2021, valueb: -0.0, activeness: 0.08622742325201095, primalobj: 0.9634062940079574, dualobj: -Inf
solve--
end solve-- RelaxOptimal OPTIMAL
 weights_sum: 0.9999999999999991
itereffortlevel: 0
--separating...
--find a better primal bound 0.09712081003236447 by Alternative descent Eigen
--found a cut state by heuristic 0.09712081003236447 0.03555262357196562 
iteration: 916,  #states: 2022, valueb: 0.03555262357196562, activeness: 0.09712081003236447, primalobj: 0.9633897256249909, dualobj: -Inf
solve--
end solve-- RelaxOptimal OPTIMAL
 weights_sum: 0.9999999999999994
itereffortlevel: 0
--separating...
--find a better primal bound 0.1383045976214649 by Alternative descent Eigen
--found a cut state by heuristic 0.1383045976214649 0.040099461100830694 
iteration: 917,  #states: 2023, valueb: 0.040099461100830694, activeness: 0.1383045976214649, primalobj: 0.9633823497183587, dualobj: -Inf
solve--
end solve-- RelaxOptimal OPTIMAL
 weights_sum: 0.9999999999999998
itereffortlevel: 0
--separating...
--find a better primal bound 0.13351323343101423 by Alternative descent Eigen
--found a cut state by heuristic 0.13351323343101423 0.03241182864222014 
iteration: 918,  #states: 2024, valueb: 0.03241182864222014, activeness: 0.13351323343101423, primalobj: 0.9633741337451471, dualobj: -Inf
solve--
end solve-- RelaxOptimal OPTIMAL
 weights_sum: 1.0
itereffortlevel: 0
--separating...
--find a better primal bound 0.16150693841898983 by Alternative descent Eigen
--found a cut state by heuristic 0.16150693841898983 0.07108459646607217 
iteration: 919,  #states: 2025, valueb: 0.07108459646607217, activeness: 0.16150693841898983, primalobj: 0.9633626989141632, dualobj: -Inf
solve--
end solve-- RelaxOptimal OPTIMAL
 weights_sum: 1.0000000743553876
itereffortlevel: 0
--separating...
--find a better primal bound 0.10460387658309783 by Alternative descent Eigen
--found a cut state by heuristic 0.10460387658309783 0.03245463781292097 
iteration: 920,  #states: 2026, valueb: 0.03245463781292097, activeness: 0.10460387658309783, primalobj: 0.9633392173949742, dualobj: -Inf
solve--
end solve-- RelaxOptimal OPTIMAL
 weights_sum: 1.0000012968256922
itereffortlevel: 0
--separating...
--find a better primal bound 0.10598693782277394 by Alternative descent Eigen
--found a cut state by heuristic 0.10598693782277394 0.05659438409687543 
iteration: 921,  #states: 2027, valueb: 0.05659438409687543, activeness: 0.10598693782277394, primalobj: 0.963322024546517, dualobj: -Inf
solve--
end solve-- RelaxOptimal OPTIMAL
 weights_sum: 1.0000001730750734
itereffortlevel: 0
--separating...
--find a better primal bound 0.13310276867385934 by Alternative descent Eigen
--found a cut state by heuristic 0.13310276867385934 0.04609055479335037 
iteration: 922,  #states: 2028, valueb: 0.04609055479335037, activeness: 0.13310276867385934, primalobj: 0.9633140347374116, dualobj: -Inf
solve--
end solve-- RelaxOptimal OPTIMAL
 weights_sum: 1.0000000000000004
itereffortlevel: 0
--separating...
--find a better primal bound 0.11990928347170983 by Alternative descent Eigen
--found a cut state by heuristic 0.11990928347170983 0.05229431636572732 
iteration: 923,  #states: 2029, valueb: 0.05229431636572732, activeness: 0.11990928347170983, primalobj: 0.9633009402430763, dualobj: -Inf
solve--
end solve-- RelaxOptimal OPTIMAL
 weights_sum: 1.0000000000000004
itereffortlevel: 0
--separating...
--find a better primal bound 0.09272134776372287 by Alternative descent Eigen
--found a cut state by heuristic 0.09272134776372287 0.03787814751344696 
iteration: 924,  #states: 2030, valueb: 0.03787814751344696, activeness: 0.09272134776372287, primalobj: 0.9632837675864043, dualobj: -Inf
solve--
end solve-- RelaxOptimal OPTIMAL
 weights_sum: 1.0000000000000013
itereffortlevel: 0
--separating...
--find a better primal bound 0.16986189541143423 by Alternative descent Eigen
--found a cut state by heuristic 0.16986189541143423 0.038978614620157455 
iteration: 925,  #states: 2031, valueb: 0.038978614620157455, activeness: 0.16986189541143423, primalobj: 0.9632764031585846, dualobj: -Inf
solve--
end solve-- RelaxOptimal OPTIMAL
 weights_sum: 1.0000000000000009
itereffortlevel: 0
--separating...
--find a better primal bound 0.10667944350546488 by Alternative descent Eigen
--found a cut state by heuristic 0.10667944350546488 0.040554146518193154 
iteration: 926,  #states: 2032, valueb: 0.040554146518193154, activeness: 0.10667944350546488, primalobj: 0.9632569422195404, dualobj: -Inf
solve--
end solve-- RelaxOptimal OPTIMAL
 weights_sum: 0.9999999999999999
itereffortlevel: 0
--separating...
--find a better primal bound 0.1361288784696162 by Alternative descent Eigen
--found a cut state by heuristic 0.1361288784696162 0.04939089412733546 
iteration: 927,  #states: 2033, valueb: 0.04939089412733546, activeness: 0.1361288784696162, primalobj: 0.9632545892248882, dualobj: -Inf
solve--
end solve-- RelaxOptimal OPTIMAL
 weights_sum: 0.9999999999999996
itereffortlevel: 0
--separating...
--find a better primal bound 0.13175775067197162 by Alternative descent Eigen
--found a cut state by heuristic 0.13175775067197162 0.044225835928988946 
iteration: 928,  #states: 2034, valueb: 0.044225835928988946, activeness: 0.13175775067197162, primalobj: 0.9632419937394536, dualobj: -Inf
solve--
end solve-- RelaxOptimal OPTIMAL
 weights_sum: 1.0000000000000009
itereffortlevel: 0
--separating...
--find a better primal bound 0.1255126226126247 by Alternative descent Eigen
--found a cut state by heuristic 0.1255126226126247 0.04476793285913968 
iteration: 929,  #states: 2035, valueb: 0.04476793285913968, activeness: 0.1255126226126247, primalobj: 0.9632342994316241, dualobj: -Inf
solve--
end solve-- RelaxOptimal OPTIMAL
 weights_sum: 0.9999999999999996
itereffortlevel: 0
--separating...
--find a better primal bound 0.1472442410868357 by Alternative descent Eigen
--found a cut state by heuristic 0.1472442410868357 0.05515640004823589 
iteration: 930,  #states: 2036, valueb: 0.05515640004823589, activeness: 0.1472442410868357, primalobj: 0.9632241299250337, dualobj: -Inf
solve--
end solve-- RelaxOptimal OPTIMAL
 weights_sum: 0.9999999999999987
itereffortlevel: 0
--separating...
--find a better primal bound 0.14956486465726063 by Alternative descent Eigen
--found a cut state by heuristic 0.14956486465726063 0.051893997395852154 
iteration: 931,  #states: 2037, valueb: 0.051893997395852154, activeness: 0.14956486465726063, primalobj: 0.963199275749343, dualobj: -Inf
solve--
end solve-- RelaxOptimal OPTIMAL
 weights_sum: 1.000000096772188
itereffortlevel: 0
--separating...
--find a better primal bound 0.12928427289396802 by Alternative descent Eigen
--found a cut state by heuristic 0.12928427289396802 -0.0 
iteration: 932,  #states: 2038, valueb: -0.0, activeness: 0.12928427289396802, primalobj: 0.9631882716622937, dualobj: -Inf
solve--
end solve-- RelaxOptimal OPTIMAL
 weights_sum: 0.9999999999999998
itereffortlevel: 0
--separating...
--find a better primal bound 0.13255173980522653 by Alternative descent Eigen
--found a cut state by heuristic 0.13255173980522653 0.050832120087645864 
iteration: 933,  #states: 2039, valueb: 0.050832120087645864, activeness: 0.13255173980522653, primalobj: 0.9631668729293723, dualobj: -Inf
solve--
end solve-- RelaxOptimal OPTIMAL
 weights_sum: 1.0000000421042043
itereffortlevel: 0
--separating...
--find a better primal bound 0.13449245972830082 by Alternative descent Eigen
--found a cut state by heuristic 0.13449245972830082 0.039495274357552616 
iteration: 934,  #states: 2040, valueb: 0.039495274357552616, activeness: 0.13449245972830082, primalobj: 0.9631482118968806, dualobj: -Inf
solve--
end solve-- RelaxOptimal OPTIMAL
 weights_sum: 0.9999999999999983
itereffortlevel: 0
--separating...
--find a better primal bound 0.16442706501663895 by Alternative descent Eigen
--found a cut state by heuristic 0.16442706501663895 0.04137017268211005 
iteration: 935,  #states: 2041, valueb: 0.04137017268211005, activeness: 0.16442706501663895, primalobj: 0.963132591100128, dualobj: -Inf
solve--
end solve-- RelaxOptimal OPTIMAL
 weights_sum: 0.9999999999999984
itereffortlevel: 0
--separating...
--find a better primal bound 0.12426524164523271 by Alternative descent Eigen
--found a cut state by heuristic 0.12426524164523271 0.045089414436928564 
iteration: 936,  #states: 2042, valueb: 0.045089414436928564, activeness: 0.12426524164523271, primalobj: 0.9631107456302561, dualobj: -Inf
solve--
end solve-- RelaxOptimal OPTIMAL
 weights_sum: 1.0000000000000002
itereffortlevel: 0
--separating...
--find a better primal bound 0.14939968102646667 by Alternative descent Eigen
--found a cut state by heuristic 0.14939968102646667 0.04057668917612253 
iteration: 937,  #states: 2043, valueb: 0.04057668917612253, activeness: 0.14939968102646667, primalobj: 0.9631008695450123, dualobj: -Inf
solve--
end solve-- RelaxOptimal OPTIMAL
 weights_sum: 0.9999999999999993
itereffortlevel: 0
--separating...
--find a better primal bound 0.13317213585978144 by Alternative descent Eigen
--found a cut state by heuristic 0.13317213585978144 0.034645593675473346 
iteration: 938,  #states: 2044, valueb: 0.034645593675473346, activeness: 0.13317213585978144, primalobj: 0.9630768606139921, dualobj: -Inf
solve--
end solve-- RelaxOptimal OPTIMAL
 weights_sum: 1.0000008546028016
itereffortlevel: 0
--separating...
--find a better primal bound 0.1267316498555931 by Alternative descent Eigen
--found a cut state by heuristic 0.1267316498555931 0.037674521314544684 
iteration: 939,  #states: 2045, valueb: 0.037674521314544684, activeness: 0.1267316498555931, primalobj: 0.9630601106893474, dualobj: -Inf
solve--
end solve-- RelaxOptimal OPTIMAL
 weights_sum: 1.0000000000000004
itereffortlevel: 0
--separating...
--find a better primal bound 0.09261379088908424 by Alternative descent Eigen
--found a cut state by heuristic 0.09261379088908424 0.03855594854990552 
iteration: 940,  #states: 2046, valueb: 0.03855594854990552, activeness: 0.09261379088908424, primalobj: 0.9630436400442237, dualobj: -Inf
solve--
end solve-- RelaxOptimal OPTIMAL
 weights_sum: 1.0000005350861765
itereffortlevel: 0
--separating...
--find a better primal bound 0.08274207303280598 by Alternative descent Eigen
--found a cut state by heuristic 0.08274207303280598 0.032859610113915756 
iteration: 941,  #states: 2047, valueb: 0.032859610113915756, activeness: 0.08274207303280598, primalobj: 0.9630348018439616, dualobj: -Inf
solve--
end solve-- RelaxOptimal OPTIMAL
 weights_sum: 1.0000000000000004
itereffortlevel: 0
--separating...
--find a better primal bound 0.0977831689003647 by Alternative descent Eigen
--found a cut state by heuristic 0.0977831689003647 0.030003051125293084 
iteration: 942,  #states: 2048, valueb: 0.030003051125293084, activeness: 0.0977831689003647, primalobj: 0.9630272596193672, dualobj: -Inf
solve--
end solve-- RelaxOptimal OPTIMAL
 weights_sum: 0.9999999999999991
itereffortlevel: 0
--separating...
--find a better primal bound 0.05534651845749387 by Alternative descent Eigen
--found a cut state by heuristic 0.05534651845749387 0.02098523205270533 
iteration: 943,  #states: 2049, valueb: 0.02098523205270533, activeness: 0.05534651845749387, primalobj: 0.9630157365601567, dualobj: -Inf
solve--
end solve-- RelaxOptimal OPTIMAL
 weights_sum: 1.0
itereffortlevel: 0
--separating...
--find a better primal bound 0.12083736463112704 by Alternative descent Eigen
--found a cut state by heuristic 0.12083736463112704 0.026879657901996416 
iteration: 944,  #states: 2050, valueb: 0.026879657901996416, activeness: 0.12083736463112704, primalobj: 0.963011551484739, dualobj: -Inf
solve--
end solve-- RelaxOptimal OPTIMAL
 weights_sum: 1.0000000000000002
itereffortlevel: 0
--separating...
--find a better primal bound 0.10964438806387286 by Alternative descent Eigen
--found a cut state by heuristic 0.10964438806387286 0.02632868631704298 
iteration: 945,  #states: 2051, valueb: 0.02632868631704298, activeness: 0.10964438806387286, primalobj: 0.962995710199491, dualobj: -Inf
solve--
end solve-- RelaxOptimal OPTIMAL
 weights_sum: 1.0000000000000016
itereffortlevel: 0
--separating...
--find a better primal bound 0.10781547981519395 by Alternative descent Eigen
--found a cut state by heuristic 0.10781547981519395 0.03066073342494947 
iteration: 946,  #states: 2052, valueb: 0.03066073342494947, activeness: 0.10781547981519395, primalobj: 0.9629836503819185, dualobj: -Inf
solve--
end solve-- RelaxOptimal OPTIMAL
 weights_sum: 0.9999999999999988
itereffortlevel: 0
--separating...
--find a better primal bound 0.10049485484700493 by Alternative descent Eigen
--found a cut state by heuristic 0.10049485484700493 0.026124274635649952 
iteration: 947,  #states: 2053, valueb: 0.026124274635649952, activeness: 0.10049485484700493, primalobj: 0.9629704680785919, dualobj: -Inf
solve--
end solve-- RelaxOptimal OPTIMAL
 weights_sum: 1.0
itereffortlevel: 0
--separating...
--find a better primal bound 0.09463549864503518 by Alternative descent Eigen
--found a cut state by heuristic 0.09463549864503518 0.037086658840167985 
iteration: 948,  #states: 2054, valueb: 0.037086658840167985, activeness: 0.09463549864503518, primalobj: 0.9629526675548176, dualobj: -Inf
solve--
end solve-- RelaxOptimal OPTIMAL
 weights_sum: 1.0
itereffortlevel: 0
--separating...
--find a better primal bound 0.1316115671183436 by Alternative descent Eigen
--found a cut state by heuristic 0.1316115671183436 0.04366965676475262 
iteration: 949,  #states: 2055, valueb: 0.04366965676475262, activeness: 0.1316115671183436, primalobj: 0.9629438908762035, dualobj: -Inf
solve--
end solve-- RelaxOptimal OPTIMAL
 weights_sum: 1.0000000000000002
itereffortlevel: 0
--separating...
--find a better primal bound 0.12144535192089373 by Alternative descent Eigen
--found a cut state by heuristic 0.12144535192089373 0.043144549946656834 
iteration: 950,  #states: 2056, valueb: 0.043144549946656834, activeness: 0.12144535192089373, primalobj: 0.9629257975882793, dualobj: -Inf
solve--
end solve-- RelaxOptimal OPTIMAL
 weights_sum: 0.9999999999999982
itereffortlevel: 0
--separating...
--find a better primal bound 0.10856263734446878 by Alternative descent Eigen
--found a cut state by heuristic 0.10856263734446878 0.04289756646787085 
iteration: 951,  #states: 2057, valueb: 0.04289756646787085, activeness: 0.10856263734446878, primalobj: 0.9629094166933959, dualobj: -Inf
solve--
end solve-- RelaxOptimal OPTIMAL
 weights_sum: 1.0000000000000004
itereffortlevel: 0
--separating...
--find a better primal bound 0.09966692333236755 by Alternative descent Eigen
--found a cut state by heuristic 0.09966692333236755 0.03615628980758393 
iteration: 952,  #states: 2058, valueb: 0.03615628980758393, activeness: 0.09966692333236755, primalobj: 0.9628902285334447, dualobj: -Inf
solve--
end solve-- RelaxOptimal OPTIMAL
 weights_sum: 0.9999999999999992
itereffortlevel: 0
--separating...
--find a better primal bound 0.09975861436169695 by Alternative descent Eigen
--found a cut state by heuristic 0.09975861436169695 0.03526943120609753 
iteration: 953,  #states: 2059, valueb: 0.03526943120609753, activeness: 0.09975861436169695, primalobj: 0.9628807473403023, dualobj: -Inf
solve--
end solve-- RelaxOptimal OPTIMAL
 weights_sum: 0.9999999999999996
itereffortlevel: 0
--separating...
--find a better primal bound 0.11551080308923581 by Alternative descent Eigen
--found a cut state by heuristic 0.11551080308923581 0.03296585010375981 
iteration: 954,  #states: 2060, valueb: 0.03296585010375981, activeness: 0.11551080308923581, primalobj: 0.9628605372182486, dualobj: -Inf
solve--
end solve-- RelaxOptimal OPTIMAL
 weights_sum: 1.0000000000000016
itereffortlevel: 0
--separating...
--find a better primal bound 0.11408387002602349 by Alternative descent Eigen
--found a cut state by heuristic 0.11408387002602349 0.0394865271937479 
iteration: 955,  #states: 2061, valueb: 0.0394865271937479, activeness: 0.11408387002602349, primalobj: 0.9628501547945474, dualobj: -Inf
solve--
end solve-- RelaxOptimal OPTIMAL
 weights_sum: 0.9999999999999989
itereffortlevel: 0
--separating...
--find a better primal bound 0.09416288451540675 by Alternative descent Eigen
--found a cut state by heuristic 0.09416288451540675 0.04159573461501039 
iteration: 956,  #states: 2062, valueb: 0.04159573461501039, activeness: 0.09416288451540675, primalobj: 0.9628404896631182, dualobj: -Inf
solve--
end solve-- RelaxOptimal OPTIMAL
 weights_sum: 1.0000000000000004
itereffortlevel: 0
--separating...
--find a better primal bound 0.1538438736303927 by Alternative descent Eigen
--found a cut state by heuristic 0.1538438736303927 0.04399972853006679 
iteration: 957,  #states: 2063, valueb: 0.04399972853006679, activeness: 0.1538438736303927, primalobj: 0.9628331673180003, dualobj: -Inf
solve--
end solve-- RelaxOptimal OPTIMAL
 weights_sum: 1.0
itereffortlevel: 0
--separating...
--find a better primal bound 0.09839218314350211 by Alternative descent Eigen
--found a cut state by heuristic 0.09839218314350211 0.032168242464346554 
iteration: 958,  #states: 2064, valueb: 0.032168242464346554, activeness: 0.09839218314350211, primalobj: 0.962805340085882, dualobj: -Inf
solve--
end solve-- RelaxOptimal OPTIMAL
 weights_sum: 0.9999999999999998
itereffortlevel: 0
--separating...
--find a better primal bound 0.12000086450160209 by Alternative descent Eigen
--found a cut state by heuristic 0.12000086450160209 0.03679014159787751 
iteration: 959,  #states: 2065, valueb: 0.03679014159787751, activeness: 0.12000086450160209, primalobj: 0.9627980143339213, dualobj: -Inf
solve--
end solve-- RelaxOptimal OPTIMAL
 weights_sum: 0.9999999999999997
itereffortlevel: 0
--separating...
--find a better primal bound 0.08220681238518471 by Alternative descent Eigen
--found a cut state by heuristic 0.08220681238518471 0.03361961828115424 
iteration: 960,  #states: 2066, valueb: 0.03361961828115424, activeness: 0.08220681238518471, primalobj: 0.9627872197262689, dualobj: -Inf
solve--
end solve-- RelaxOptimal OPTIMAL
 weights_sum: 1.0000000000000004
itereffortlevel: 0
--separating...
--find a better primal bound 0.11573592995421385 by Alternative descent Eigen
--found a cut state by heuristic 0.11573592995421385 0.035202732765411304 
iteration: 961,  #states: 2067, valueb: 0.035202732765411304, activeness: 0.11573592995421385, primalobj: 0.9627789226844561, dualobj: -Inf
solve--
end solve-- RelaxOptimal OPTIMAL
 weights_sum: 0.9999999999999991
itereffortlevel: 0
--separating...
--find a better primal bound 0.1140969430866274 by Alternative descent Eigen
--found a cut state by heuristic 0.1140969430866274 0.03967040059828672 
iteration: 962,  #states: 2068, valueb: 0.03967040059828672, activeness: 0.1140969430866274, primalobj: 0.9627684105281169, dualobj: -Inf
solve--
end solve-- RelaxOptimal OPTIMAL
 weights_sum: 1.0000000000000004
itereffortlevel: 0
--separating...
--find a better primal bound 0.10411262572923946 by Alternative descent Eigen
--found a cut state by heuristic 0.10411262572923946 0.03068682832300612 
iteration: 963,  #states: 2069, valueb: 0.03068682832300612, activeness: 0.10411262572923946, primalobj: 0.9627609630616896, dualobj: -Inf
solve--
end solve-- RelaxOptimal OPTIMAL
 weights_sum: 1.0000000000000002
itereffortlevel: 0
--separating...
--find a better primal bound 0.08733084577571022 by Alternative descent Eigen
--found a cut state by heuristic 0.08733084577571022 0.03376329018956426 
iteration: 964,  #states: 2070, valueb: 0.03376329018956426, activeness: 0.08733084577571022, primalobj: 0.9627485061803209, dualobj: -Inf
solve--
end solve-- RelaxOptimal OPTIMAL
 weights_sum: 1.0000014370991501
itereffortlevel: 0
--separating...
--find a better primal bound 0.14599321199150334 by Alternative descent Eigen
--found a cut state by heuristic 0.14599321199150334 0.03367999833824506 
iteration: 965,  #states: 2071, valueb: 0.03367999833824506, activeness: 0.14599321199150334, primalobj: 0.9627437232007041, dualobj: -Inf
solve--
end solve-- RelaxOptimal OPTIMAL
 weights_sum: 1.0000000000000009
itereffortlevel: 0
--separating...
--find a better primal bound 0.13473495069189956 by Alternative descent Eigen
--found a cut state by heuristic 0.13473495069189956 0.03407991611459067 
iteration: 966,  #states: 2072, valueb: 0.03407991611459067, activeness: 0.13473495069189956, primalobj: 0.9627303857389451, dualobj: -Inf
solve--
end solve-- RelaxOptimal OPTIMAL
 weights_sum: 0.9999999999999989
itereffortlevel: 0
--separating...
--find a better primal bound 0.08798219480913927 by Alternative descent Eigen
--found a cut state by heuristic 0.08798219480913927 0.02409373554015962 
iteration: 967,  #states: 2073, valueb: 0.02409373554015962, activeness: 0.08798219480913927, primalobj: 0.96271488181446, dualobj: -Inf
solve--
end solve-- RelaxOptimal OPTIMAL
 weights_sum: 1.0000000000000009
itereffortlevel: 0
--separating...
--find a better primal bound 0.12411731757176528 by Alternative descent Eigen
--found a cut state by heuristic 0.12411731757176528 0.03686645058810936 
iteration: 968,  #states: 2074, valueb: 0.03686645058810936, activeness: 0.12411731757176528, primalobj: 0.9627065296054536, dualobj: -Inf
solve--
end solve-- RelaxOptimal OPTIMAL
 weights_sum: 1.0000000000000009
itereffortlevel: 0
--separating...
--find a better primal bound 0.09235309575811346 by Alternative descent Eigen
--found a cut state by heuristic 0.09235309575811346 0.025467767697541055 
iteration: 969,  #states: 2075, valueb: 0.025467767697541055, activeness: 0.09235309575811346, primalobj: 0.9626934206630546, dualobj: -Inf
solve--
end solve-- RelaxOptimal OPTIMAL
 weights_sum: 1.0000000000000007
itereffortlevel: 0
--separating...
--find a better primal bound 0.1078831866918129 by Alternative descent Eigen
--found a cut state by heuristic 0.1078831866918129 0.03013814551291329 
iteration: 970,  #states: 2076, valueb: 0.03013814551291329, activeness: 0.1078831866918129, primalobj: 0.9626812631778887, dualobj: -Inf
solve--
end solve-- RelaxOptimal OPTIMAL
 weights_sum: 1.0000000000000002
itereffortlevel: 0
--separating...
--find a better primal bound 0.11273032769288688 by Alternative descent Eigen
--found a cut state by heuristic 0.11273032769288688 0.02571188007934558 
iteration: 971,  #states: 2077, valueb: 0.02571188007934558, activeness: 0.11273032769288688, primalobj: 0.9626618518476002, dualobj: -Inf
solve--
end solve-- RelaxOptimal OPTIMAL
 weights_sum: 1.0000002522720082
itereffortlevel: 0
--separating...
--find a better primal bound 0.07325651700236241 by Alternative descent Eigen
--found a cut state by heuristic 0.07325651700236241 0.02321757162250508 
iteration: 972,  #states: 2078, valueb: 0.02321757162250508, activeness: 0.07325651700236241, primalobj: 0.9626444123476547, dualobj: -Inf
solve--
end solve-- RelaxOptimal OPTIMAL
 weights_sum: 0.9999999999999998
itereffortlevel: 0
--separating...
--find a better primal bound 0.07946933982977009 by Alternative descent Eigen
--found a cut state by heuristic 0.07946933982977009 0.0187572428612698 
iteration: 973,  #states: 2079, valueb: 0.0187572428612698, activeness: 0.07946933982977009, primalobj: 0.9626363932360973, dualobj: -Inf
solve--
end solve-- RelaxOptimal OPTIMAL
 weights_sum: 0.999999999999999
itereffortlevel: 0
--separating...
--find a better primal bound 0.10697308860452104 by Alternative descent Eigen
--found a cut state by heuristic 0.10697308860452104 0.032946383543086 
iteration: 974,  #states: 2080, valueb: 0.032946383543086, activeness: 0.10697308860452104, primalobj: 0.9626305063006597, dualobj: -Inf
solve--
end solve-- RelaxOptimal OPTIMAL
 weights_sum: 1.000001170711208
itereffortlevel: 0
--separating...
--find a better primal bound 0.11437672805749705 by Alternative descent Eigen
--found a cut state by heuristic 0.11437672805749705 0.028387285808396223 
iteration: 975,  #states: 2081, valueb: 0.028387285808396223, activeness: 0.11437672805749705, primalobj: 0.9626170601729426, dualobj: -Inf
solve--
end solve-- RelaxOptimal OPTIMAL
 weights_sum: 1.0000000000000004
itereffortlevel: 0
--separating...
--find a better primal bound 0.08177496430012686 by Alternative descent Eigen
--found a cut state by heuristic 0.08177496430012686 0.04258490464938809 
iteration: 976,  #states: 2082, valueb: 0.04258490464938809, activeness: 0.08177496430012686, primalobj: 0.9626034244737648, dualobj: -Inf
solve--
end solve-- RelaxOptimal OPTIMAL
 weights_sum: 0.999999999999999
itereffortlevel: 0
--separating...
--find a better primal bound 0.07069276832152563 by Alternative descent Eigen
--found a cut state by heuristic 0.07069276832152563 0.04766576255098324 
iteration: 977,  #states: 2083, valueb: 0.04766576255098324, activeness: 0.07069276832152563, primalobj: 0.9625960364739325, dualobj: -Inf
solve--
end solve-- RelaxOptimal OPTIMAL
 weights_sum: 0.9999999999999993
itereffortlevel: 0
--separating...
--find a better primal bound 0.12195771176000549 by Alternative descent Eigen
--found a cut state by heuristic 0.12195771176000549 0.05026925277138969 
iteration: 978,  #states: 2084, valueb: 0.05026925277138969, activeness: 0.12195771176000549, primalobj: 0.9625926318242993, dualobj: -Inf
solve--
end solve-- RelaxOptimal OPTIMAL
 weights_sum: 1.0000000000000004
itereffortlevel: 0
--separating...
--find a better primal bound 0.1607795359020921 by Alternative descent Eigen
--found a cut state by heuristic 0.1607795359020921 0.05441553778112401 
iteration: 979,  #states: 2085, valueb: 0.05441553778112401, activeness: 0.1607795359020921, primalobj: 0.9625746506358963, dualobj: -Inf
solve--
end solve-- RelaxOptimal OPTIMAL
 weights_sum: 0.9999999999999998
itereffortlevel: 0
--separating...
--find a better primal bound 0.0709499157523831 by Alternative descent Eigen
--found a cut state by heuristic 0.0709499157523831 -0.0 
iteration: 980,  #states: 2086, valueb: -0.0, activeness: 0.0709499157523831, primalobj: 0.962548239052309, dualobj: -Inf
solve--
end solve-- RelaxOptimal OPTIMAL
 weights_sum: 0.9999999999999993
itereffortlevel: 0
--separating...
--find a better primal bound 0.12306636690746067 by Alternative descent Eigen
--found a cut state by heuristic 0.12306636690746067 0.054030535015416874 
iteration: 981,  #states: 2087, valueb: 0.054030535015416874, activeness: 0.12306636690746067, primalobj: 0.9625362307664944, dualobj: -Inf
solve--
end solve-- RelaxOptimal OPTIMAL
 weights_sum: 0.9999999999999996
itereffortlevel: 0
--separating...
--find a better primal bound 0.12370701114857854 by Alternative descent Eigen
--found a cut state by heuristic 0.12370701114857854 0.0450755329763326 
iteration: 982,  #states: 2088, valueb: 0.0450755329763326, activeness: 0.12370701114857854, primalobj: 0.9625241541092053, dualobj: -Inf
solve--
end solve-- RelaxOptimal OPTIMAL
 weights_sum: 0.9999999999999999
itereffortlevel: 0
--separating...
--find a better primal bound 0.13094821398233125 by Alternative descent Eigen
--found a cut state by heuristic 0.13094821398233125 0.035663813339429265 
iteration: 983,  #states: 2089, valueb: 0.035663813339429265, activeness: 0.13094821398233125, primalobj: 0.962502723815722, dualobj: -Inf
solve--
end solve-- RelaxOptimal OPTIMAL
 weights_sum: 0.9999999999999996
itereffortlevel: 0
--separating...
--find a better primal bound 0.1248781657108353 by Alternative descent Eigen
--found a cut state by heuristic 0.1248781657108353 0.03745954298567008 
iteration: 984,  #states: 2090, valueb: 0.03745954298567008, activeness: 0.1248781657108353, primalobj: 0.9624836974828332, dualobj: -Inf
solve--
end solve-- RelaxOptimal OPTIMAL
 weights_sum: 1.000000315134345
itereffortlevel: 0
--separating...
--find a better primal bound 0.09096394247430836 by Alternative descent Eigen
--found a cut state by heuristic 0.09096394247430836 0.0334162699385605 
iteration: 985,  #states: 2091, valueb: 0.0334162699385605, activeness: 0.09096394247430836, primalobj: 0.9624663834831597, dualobj: -Inf
solve--
end solve-- RelaxOptimal OPTIMAL
 weights_sum: 0.9999999999999994
itereffortlevel: 0
--separating...
--find a better primal bound 0.1322401952893673 by Alternative descent Eigen
--found a cut state by heuristic 0.1322401952893673 0.03743886532536071 
iteration: 986,  #states: 2092, valueb: 0.03743886532536071, activeness: 0.1322401952893673, primalobj: 0.9624572628299796, dualobj: -Inf
solve--
end solve-- RelaxOptimal OPTIMAL
 weights_sum: 0.9999999999999987
itereffortlevel: 0
--separating...
--find a better primal bound 0.1399162225327746 by Alternative descent Eigen
--found a cut state by heuristic 0.1399162225327746 0.04358798150053919 
iteration: 987,  #states: 2093, valueb: 0.04358798150053919, activeness: 0.1399162225327746, primalobj: 0.9624269428161762, dualobj: -Inf
solve--
end solve-- RelaxOptimal OPTIMAL
 weights_sum: 0.9999999999999998
itereffortlevel: 0
--separating...
--find a better primal bound 0.06735810613513996 by Alternative descent Eigen
--found a cut state by heuristic 0.06735810613513996 -0.0 
iteration: 988,  #states: 2094, valueb: -0.0, activeness: 0.06735810613513996, primalobj: 0.9623988253193116, dualobj: -Inf
solve--
end solve-- RelaxOptimal OPTIMAL
 weights_sum: 1.0000004426009796
itereffortlevel: 0
--separating...
--find a better primal bound 0.08433904626043345 by Alternative descent Eigen
--found a cut state by heuristic 0.08433904626043345 0.03446432206573083 
iteration: 989,  #states: 2095, valueb: 0.03446432206573083, activeness: 0.08433904626043345, primalobj: 0.9623809581052207, dualobj: -Inf
solve--
end solve-- RelaxOptimal OPTIMAL
 weights_sum: 1.0000018636982784
itereffortlevel: 0
--separating...
--find a better primal bound 0.06495278185572415 by Alternative descent Eigen
--found a cut state by heuristic 0.06495278185572415 0.046621709444086355 
iteration: 990,  #states: 2096, valueb: 0.046621709444086355, activeness: 0.06495278185572415, primalobj: 0.962372120588358, dualobj: -Inf
solve--
end solve-- RelaxOptimal OPTIMAL
 weights_sum: 0.9999999999999996
itereffortlevel: 0
--separating...
--find a better primal bound 0.1200865491270813 by Alternative descent Eigen
--found a cut state by heuristic 0.1200865491270813 0.03877212238059655 
iteration: 991,  #states: 2097, valueb: 0.03877212238059655, activeness: 0.1200865491270813, primalobj: 0.962369527478206, dualobj: -Inf
solve--
end solve-- RelaxOptimal OPTIMAL
 weights_sum: 0.9999999999999991
itereffortlevel: 0
--separating...
--find a better primal bound 0.15609785185669406 by Alternative descent Eigen
--found a cut state by heuristic 0.15609785185669406 0.04044093565608816 
iteration: 992,  #states: 2098, valueb: 0.04044093565608816, activeness: 0.15609785185669406, primalobj: 0.9623436595759643, dualobj: -Inf
solve--
end solve-- RelaxOptimal OPTIMAL
 weights_sum: 1.0
itereffortlevel: 0
--separating...
--find a better primal bound 0.08458414614093605 by Alternative descent Eigen
--found a cut state by heuristic 0.08458414614093605 0.03702419995598166 
iteration: 993,  #states: 2099, valueb: 0.03702419995598166, activeness: 0.08458414614093605, primalobj: 0.9623212292996167, dualobj: -Inf
solve--
end solve-- RelaxOptimal OPTIMAL
 weights_sum: 1.0
itereffortlevel: 0
--separating...
--find a better primal bound 0.11088812427030631 by Alternative descent Eigen
--found a cut state by heuristic 0.11088812427030631 0.03561343040517718 
iteration: 994,  #states: 2100, valueb: 0.03561343040517718, activeness: 0.11088812427030631, primalobj: 0.9623118454034777, dualobj: -Inf
solve--
end solve-- RelaxOptimal OPTIMAL
 weights_sum: 0.9999999999999992
itereffortlevel: 0
--separating...
--find a better primal bound 0.1311498080031493 by Alternative descent Eigen
--found a cut state by heuristic 0.1311498080031493 0.03401855991651573 
iteration: 995,  #states: 2101, valueb: 0.03401855991651573, activeness: 0.1311498080031493, primalobj: 0.962292465175799, dualobj: -Inf
solve--
end solve-- RelaxOptimal OPTIMAL
 weights_sum: 1.000000000000001
itereffortlevel: 0
--separating...
--find a better primal bound 0.0529717402011537 by Alternative descent Eigen
--found a cut state by heuristic 0.0529717402011537 0.02533971749196319 
iteration: 996,  #states: 2102, valueb: 0.02533971749196319, activeness: 0.0529717402011537, primalobj: 0.962273882678141, dualobj: -Inf
solve--
end solve-- RelaxOptimal OPTIMAL
 weights_sum: 1.0000000000000004
itereffortlevel: 0
--separating...
--find a better primal bound 0.08899953090667072 by Alternative descent Eigen
--found a cut state by heuristic 0.08899953090667072 0.02600078871741357 
iteration: 997,  #states: 2103, valueb: 0.02600078871741357, activeness: 0.08899953090667072, primalobj: 0.9622707991456279, dualobj: -Inf
solve--
end solve-- RelaxOptimal OPTIMAL
 weights_sum: 1.000000178443721
itereffortlevel: 0
--separating...
--find a better primal bound 0.07937928453655356 by Alternative descent Eigen
--found a cut state by heuristic 0.07937928453655356 0.033243899301813 
iteration: 998,  #states: 2104, valueb: 0.033243899301813, activeness: 0.07937928453655356, primalobj: 0.9622595402075557, dualobj: -Inf
solve--
end solve-- RelaxOptimal OPTIMAL
 weights_sum: 1.0000000089051482
itereffortlevel: 0
--separating...
--find a better primal bound 0.08076891092321092 by Alternative descent Eigen
--found a cut state by heuristic 0.08076891092321092 0.027092900069670377 
iteration: 999,  #states: 2105, valueb: 0.027092900069670377, activeness: 0.08076891092321092, primalobj: 0.9622536673743687, dualobj: -Inf
solve--
end solve-- RelaxOptimal OPTIMAL
 weights_sum: 1.0
itereffortlevel: 0
--separating...
--find a better primal bound 0.08907987482487423 by Alternative descent Eigen
--found a cut state by heuristic 0.08907987482487423 0.017761178942238415 
iteration: 1000,  #states: 2106, valueb: 0.017761178942238415, activeness: 0.08907987482487423, primalobj: 0.9622440576132689, dualobj: -Inf
solve--
end solve-- RelaxOptimal OPTIMAL
 weights_sum: 0.9999999999999996
itereffortlevel: 0
--separating...
--find a better primal bound 0.06781907410789056 by Alternative descent Eigen
--found a cut state by heuristic 0.06781907410789056 0.01916930338340614 
iteration: 1001,  #states: 2107, valueb: 0.01916930338340614, activeness: 0.06781907410789056, primalobj: 0.9622317317846029, dualobj: -Inf
solve--
end solve-- RelaxOptimal OPTIMAL
 weights_sum: 0.9999999999999998
itereffortlevel: 0
--separating...
--find a better primal bound 0.05739208241084791 by Alternative descent Eigen
--found a cut state by heuristic 0.05739208241084791 0.021777079873535613 
iteration: 1002,  #states: 2108, valueb: 0.021777079873535613, activeness: 0.05739208241084791, primalobj: 0.9622192216102581, dualobj: -Inf
solve--
end solve-- RelaxOptimal OPTIMAL
 weights_sum: 0.9999999999999993
itereffortlevel: 0
--separating...
--find a better primal bound 0.05985942486836908 by Alternative descent Eigen
--found a cut state by heuristic 0.05985942486836908 0.019463808620127337 
iteration: 1003,  #states: 2109, valueb: 0.019463808620127337, activeness: 0.05985942486836908, primalobj: 0.962213594609522, dualobj: -Inf
solve--
end solve-- RelaxOptimal OPTIMAL
 weights_sum: 1.0000000000000004
itereffortlevel: 0
--separating...
--find a better primal bound 0.0888265274806557 by Alternative descent Eigen
--found a cut state by heuristic 0.0888265274806557 0.014895815058613815 
iteration: 1004,  #states: 2110, valueb: 0.014895815058613815, activeness: 0.0888265274806557, primalobj: 0.9622083514708706, dualobj: -Inf
solve--
end solve-- RelaxOptimal OPTIMAL
 weights_sum: 1.000000309766949
itereffortlevel: 0
--separating...
--find a better primal bound 0.07779308197428729 by Alternative descent Eigen
--found a cut state by heuristic 0.07779308197428729 0.019304424731710863 
iteration: 1005,  #states: 2111, valueb: 0.019304424731710863, activeness: 0.07779308197428729, primalobj: 0.9621961428372026, dualobj: -Inf
solve--
end solve-- RelaxOptimal OPTIMAL
 weights_sum: 1.0000000000000002
itereffortlevel: 0
--separating...
--find a better primal bound 0.1164207137046878 by Alternative descent Eigen
--found a cut state by heuristic 0.1164207137046878 0.01893221303088466 
iteration: 1006,  #states: 2112, valueb: 0.01893221303088466, activeness: 0.1164207137046878, primalobj: 0.9621837469841557, dualobj: -Inf
solve--
end solve-- RelaxOptimal OPTIMAL
 weights_sum: 0.9999999999999998
itereffortlevel: 0
--separating...
--find a better primal bound 0.0569259273439214 by Alternative descent Eigen
--found a cut state by heuristic 0.0569259273439214 -0.0 
iteration: 1007,  #states: 2113, valueb: -0.0, activeness: 0.0569259273439214, primalobj: 0.9621734935597266, dualobj: -Inf
solve--
end solve-- RelaxOptimal OPTIMAL
 weights_sum: 0.9999999999999997
itereffortlevel: 0
--separating...
--find a better primal bound 0.08486829918821434 by Alternative descent Eigen
--found a cut state by heuristic 0.08486829918821434 0.015048651170558657 
iteration: 1008,  #states: 2114, valueb: 0.015048651170558657, activeness: 0.08486829918821434, primalobj: 0.9621679997923063, dualobj: -Inf
solve--
end solve-- RelaxOptimal OPTIMAL
 weights_sum: 1.0
itereffortlevel: 0
--separating...
--find a better primal bound 0.06431759681130747 by Alternative descent Eigen
--found a cut state by heuristic 0.06431759681130747 0.01002580499139652 
iteration: 1009,  #states: 2115, valueb: 0.01002580499139652, activeness: 0.06431759681130747, primalobj: 0.9621500351620075, dualobj: -Inf
solve--
end solve-- RelaxOptimal OPTIMAL
 weights_sum: 1.0000000000000009
itereffortlevel: 0
--separating...
--find a better primal bound 0.12309155757035845 by Alternative descent Eigen
--found a cut state by heuristic 0.12309155757035845 0.017936729135713377 
iteration: 1010,  #states: 2116, valueb: 0.017936729135713377, activeness: 0.12309155757035845, primalobj: 0.9621405797058213, dualobj: -Inf
solve--
end solve-- RelaxOptimal OPTIMAL
 weights_sum: 0.9999999999999998
itereffortlevel: 0
--separating...
--find a better primal bound 0.079600989901119 by Alternative descent Eigen
--found a cut state by heuristic 0.079600989901119 0.027267096197317858 
iteration: 1011,  #states: 2117, valueb: 0.027267096197317858, activeness: 0.079600989901119, primalobj: 0.9621276128157756, dualobj: -Inf
solve--
end solve-- RelaxOptimal OPTIMAL
 weights_sum: 1.0000000000000004
itereffortlevel: 0
--separating...
--find a better primal bound 0.10739238363628989 by Alternative descent Eigen
--found a cut state by heuristic 0.10739238363628989 0.04044288464334123 
iteration: 1012,  #states: 2118, valueb: 0.04044288464334123, activeness: 0.10739238363628989, primalobj: 0.9621173873727116, dualobj: -Inf
solve--
end solve-- RelaxOptimal OPTIMAL
 weights_sum: 1.0000000000000002
itereffortlevel: 0
--separating...
--find a better primal bound 0.14545474818396148 by Alternative descent Eigen
--found a cut state by heuristic 0.14545474818396148 0.03915941147151196 
iteration: 1013,  #states: 2119, valueb: 0.03915941147151196, activeness: 0.14545474818396148, primalobj: 0.9621108658221851, dualobj: -Inf
solve--
end solve-- RelaxOptimal OPTIMAL
 weights_sum: 1.0000002021036627
itereffortlevel: 0
--separating...
--find a better primal bound 0.09435780500795576 by Alternative descent Eigen
--found a cut state by heuristic 0.09435780500795576 0.038761411842249655 
iteration: 1014,  #states: 2120, valueb: 0.038761411842249655, activeness: 0.09435780500795576, primalobj: 0.9620983605729192, dualobj: -Inf
solve--
end solve-- RelaxOptimal OPTIMAL
 weights_sum: 1.0000000000000002
itereffortlevel: 0
--separating...
--find a better primal bound 0.09436661393573789 by Alternative descent Eigen
--found a cut state by heuristic 0.09436661393573789 0.03423560909154242 
iteration: 1015,  #states: 2121, valueb: 0.03423560909154242, activeness: 0.09436661393573789, primalobj: 0.9620961350391823, dualobj: -Inf
solve--
end solve-- RelaxOptimal OPTIMAL
 weights_sum: 0.9999999999999998
itereffortlevel: 0
--separating...
--find a better primal bound 0.09194481970114084 by Alternative descent Eigen
--found a cut state by heuristic 0.09194481970114084 -0.0 
iteration: 1016,  #states: 2122, valueb: -0.0, activeness: 0.09194481970114084, primalobj: 0.9620905237602473, dualobj: -Inf
solve--
end solve-- RelaxOptimal OPTIMAL
 weights_sum: 0.9999999999999997
itereffortlevel: 0
--separating...
--find a better primal bound 0.0920047037821199 by Alternative descent Eigen
--found a cut state by heuristic 0.0920047037821199 -0.0 
iteration: 1017,  #states: 2123, valueb: -0.0, activeness: 0.0920047037821199, primalobj: 0.9620780600377737, dualobj: -Inf
solve--
end solve-- RelaxOptimal OPTIMAL
 weights_sum: 1.0000000000000004
itereffortlevel: 0
--separating...
--find a better primal bound 0.1060602086422553 by Alternative descent Eigen
--found a cut state by heuristic 0.1060602086422553 0.028847756530225227 
iteration: 1018,  #states: 2124, valueb: 0.028847756530225227, activeness: 0.1060602086422553, primalobj: 0.9620593598316405, dualobj: -Inf
solve--
end solve-- RelaxOptimal OPTIMAL
 weights_sum: 1.0
itereffortlevel: 0
--separating...
--find a better primal bound 0.13127969471016449 by Alternative descent Eigen
--found a cut state by heuristic 0.13127969471016449 0.07196222747213736 
iteration: 1019,  #states: 2125, valueb: 0.07196222747213736, activeness: 0.13127969471016449, primalobj: 0.9620481953078361, dualobj: -Inf
solve--
end solve-- RelaxOptimal OPTIMAL
 weights_sum: 1.0000000000000009
itereffortlevel: 0
--separating...
--find a better primal bound 0.16246960039940891 by Alternative descent Eigen
--found a cut state by heuristic 0.16246960039940891 0.0625839944141869 
iteration: 1020,  #states: 2126, valueb: 0.0625839944141869, activeness: 0.16246960039940891, primalobj: 0.9620421284203654, dualobj: -Inf
solve--
end solve-- RelaxOptimal OPTIMAL
 weights_sum: 1.0000003549105647
itereffortlevel: 0
--separating...
--find a better primal bound 0.07399941510446331 by Alternative descent Eigen
--found a cut state by heuristic 0.07399941510446331 0.03879269081438991 
iteration: 1021,  #states: 2127, valueb: 0.03879269081438991, activeness: 0.07399941510446331, primalobj: 0.9620198589861262, dualobj: -Inf
solve--
end solve-- RelaxOptimal OPTIMAL
 weights_sum: 0.9999999999999994
itereffortlevel: 0
--separating...
--find a better primal bound 0.12716398701390533 by Alternative descent Eigen
--found a cut state by heuristic 0.12716398701390533 0.03688253631981121 
iteration: 1022,  #states: 2128, valueb: 0.03688253631981121, activeness: 0.12716398701390533, primalobj: 0.9620125213338364, dualobj: -Inf
solve--
end solve-- RelaxOptimal OPTIMAL
 weights_sum: 1.0000011813835874
itereffortlevel: 0
--separating...
--find a better primal bound 0.11902825092003583 by Alternative descent Eigen
--found a cut state by heuristic 0.11902825092003583 0.0335589581048088 
iteration: 1023,  #states: 2129, valueb: 0.0335589581048088, activeness: 0.11902825092003583, primalobj: 0.9619932056103795, dualobj: -Inf
solve--
end solve-- RelaxOptimal OPTIMAL
 weights_sum: 1.0000000000000004
itereffortlevel: 0
--separating...
--find a better primal bound 0.09728806702333434 by Alternative descent Eigen
--found a cut state by heuristic 0.09728806702333434 0.023963341519263492 
iteration: 1024,  #states: 2130, valueb: 0.023963341519263492, activeness: 0.09728806702333434, primalobj: 0.9619818259587467, dualobj: -Inf
solve--
end solve-- RelaxOptimal OPTIMAL
 weights_sum: 1.0000006433815636
itereffortlevel: 0
--separating...
--find a better primal bound 0.09526974630863669 by Alternative descent Eigen
--found a cut state by heuristic 0.09526974630863669 0.02710262296693639 
iteration: 1025,  #states: 2131, valueb: 0.02710262296693639, activeness: 0.09526974630863669, primalobj: 0.9619721067926479, dualobj: -Inf
solve--
end solve-- RelaxOptimal OPTIMAL
 weights_sum: 0.999999999999999
itereffortlevel: 0
--separating...
--find a better primal bound 0.07639152646916475 by Alternative descent Eigen
--found a cut state by heuristic 0.07639152646916475 0.025571997988647177 
iteration: 1026,  #states: 2132, valueb: 0.025571997988647177, activeness: 0.07639152646916475, primalobj: 0.9619598725088929, dualobj: -Inf
solve--
end solve-- RelaxOptimal OPTIMAL
 weights_sum: 0.9999999999999998
itereffortlevel: 0
--separating...
--find a better primal bound 0.0512069017579567 by Alternative descent Eigen
--found a cut state by heuristic 0.0512069017579567 0.022123477231673808 
iteration: 1027,  #states: 2133, valueb: 0.022123477231673808, activeness: 0.0512069017579567, primalobj: 0.9619497137815747, dualobj: -Inf
solve--
end solve-- RelaxOptimal OPTIMAL
 weights_sum: 0.9999999999999988
itereffortlevel: 0
--separating...
--find a better primal bound 0.0625107060362963 by Alternative descent Eigen
--found a cut state by heuristic 0.0625107060362963 0.01806162371340571 
iteration: 1028,  #states: 2134, valueb: 0.01806162371340571, activeness: 0.0625107060362963, primalobj: 0.9619454042067012, dualobj: -Inf
solve--
end solve-- RelaxOptimal OPTIMAL
 weights_sum: 1.0000000051913582
itereffortlevel: 0
--separating...
--find a better primal bound 0.07621455828838425 by Alternative descent Eigen
--found a cut state by heuristic 0.07621455828838425 0.014415745065663867 
iteration: 1029,  #states: 2135, valueb: 0.014415745065663867, activeness: 0.07621455828838425, primalobj: 0.961938546460642, dualobj: -Inf
solve--
end solve-- RelaxOptimal OPTIMAL
 weights_sum: 0.9999999999999996
itereffortlevel: 0
--separating...
--find a better primal bound 0.14256217754065575 by Alternative descent Eigen
--found a cut state by heuristic 0.14256217754065575 0.04105803594703301 
iteration: 1030,  #states: 2136, valueb: 0.04105803594703301, activeness: 0.14256217754065575, primalobj: 0.9619287581178083, dualobj: -Inf
solve--
end solve-- RelaxOptimal OPTIMAL
 weights_sum: 0.9999999999999996
itereffortlevel: 0
--separating...
--find a better primal bound 0.09851180587356437 by Alternative descent Eigen
--found a cut state by heuristic 0.09851180587356437 0.032913837113948394 
iteration: 1031,  #states: 2137, valueb: 0.032913837113948394, activeness: 0.09851180587356437, primalobj: 0.9619103517651684, dualobj: -Inf
solve--
end solve-- RelaxOptimal OPTIMAL
 weights_sum: 0.9999999999999991
itereffortlevel: 0
--separating...
--find a better primal bound 0.11873977037920541 by Alternative descent Eigen
--found a cut state by heuristic 0.11873977037920541 0.053541633468524245 
iteration: 1032,  #states: 2138, valueb: 0.053541633468524245, activeness: 0.11873977037920541, primalobj: 0.9619048973760033, dualobj: -Inf
solve--
end solve-- RelaxOptimal OPTIMAL
 weights_sum: 1.0000000000000002
itereffortlevel: 0
--separating...
--find a better primal bound 0.11398999787361823 by Alternative descent Eigen
--found a cut state by heuristic 0.11398999787361823 0.07423957119995832 
iteration: 1033,  #states: 2139, valueb: 0.07423957119995832, activeness: 0.11398999787361823, primalobj: 0.9618959360445861, dualobj: -Inf
solve--
end solve-- RelaxOptimal OPTIMAL
 weights_sum: 1.0000005795970537
itereffortlevel: 0
--separating...
--find a better primal bound 0.08287262492448075 by Alternative descent Eigen
--found a cut state by heuristic 0.08287262492448075 0.04132715770734629 
iteration: 1034,  #states: 2140, valueb: 0.04132715770734629, activeness: 0.08287262492448075, primalobj: 0.9618909708240018, dualobj: -Inf
solve--
end solve-- RelaxOptimal OPTIMAL
 weights_sum: 1.0000000000000009
itereffortlevel: 0
--separating...
--find a better primal bound 0.07244320115366283 by Alternative descent Eigen
--found a cut state by heuristic 0.07244320115366283 0.05044222290549492 
iteration: 1035,  #states: 2141, valueb: 0.05044222290549492, activeness: 0.07244320115366283, primalobj: 0.9618846391257351, dualobj: -Inf
solve--
end solve-- RelaxOptimal OPTIMAL
 weights_sum: 1.0
itereffortlevel: 0
--separating...
--find a better primal bound 0.0712690032112166 by Alternative descent Eigen
--found a cut state by heuristic 0.0712690032112166 -0.0 
iteration: 1036,  #states: 2142, valueb: -0.0, activeness: 0.0712690032112166, primalobj: 0.9618823072256952, dualobj: -Inf
solve--
end solve-- RelaxOptimal OPTIMAL
 weights_sum: 0.9999999999999997
itereffortlevel: 0
--separating...
--find a better primal bound 0.12213822402974799 by Alternative descent Eigen
--found a cut state by heuristic 0.12213822402974799 0.04385305546822414 
iteration: 1037,  #states: 2143, valueb: 0.04385305546822414, activeness: 0.12213822402974799, primalobj: 0.9618757773552875, dualobj: -Inf
solve--
end solve-- RelaxOptimal OPTIMAL
 weights_sum: 0.9999999999999991
itereffortlevel: 0
--separating...
--find a better primal bound 0.14445361878632884 by Alternative descent Eigen
--found a cut state by heuristic 0.14445361878632884 0.052445114295334855 
iteration: 1038,  #states: 2144, valueb: 0.052445114295334855, activeness: 0.14445361878632884, primalobj: 0.9618647548309962, dualobj: -Inf
solve--
end solve-- RelaxOptimal OPTIMAL
 weights_sum: 1.0000000000000007
itereffortlevel: 0
--separating...
--find a better primal bound 0.11501817087241575 by Alternative descent Eigen
--found a cut state by heuristic 0.11501817087241575 0.03926772967606529 
iteration: 1039,  #states: 2145, valueb: 0.03926772967606529, activeness: 0.11501817087241575, primalobj: 0.9618536397066966, dualobj: -Inf
solve--
end solve-- RelaxOptimal OPTIMAL
 weights_sum: 1.0000000326424976
itereffortlevel: 0
--separating...
--find a better primal bound 0.09057175552615085 by Alternative descent Eigen
--found a cut state by heuristic 0.09057175552615085 0.03296325045893251 
iteration: 1040,  #states: 2146, valueb: 0.03296325045893251, activeness: 0.09057175552615085, primalobj: 0.9618445762121424, dualobj: -Inf
solve--
end solve-- RelaxOptimal OPTIMAL
 weights_sum: 1.0000032666203973
itereffortlevel: 0
--separating...
--find a better primal bound 0.08425333213738498 by Alternative descent Eigen
--found a cut state by heuristic 0.08425333213738498 0.03480087786919928 
iteration: 1041,  #states: 2147, valueb: 0.03480087786919928, activeness: 0.08425333213738498, primalobj: 0.9618339540534177, dualobj: -Inf
solve--
end solve-- RelaxOptimal OPTIMAL
 weights_sum: 1.0000000000000002
itereffortlevel: 0
--separating...
--find a better primal bound 0.08793371933613313 by Alternative descent Eigen
--found a cut state by heuristic 0.08793371933613313 0.03679253292244118 
iteration: 1042,  #states: 2148, valueb: 0.03679253292244118, activeness: 0.08793371933613313, primalobj: 0.961825361192272, dualobj: -Inf
solve--
end solve-- RelaxOptimal OPTIMAL
 weights_sum: 1.0
itereffortlevel: 0
--separating...
--find a better primal bound 0.05155535288882337 by Alternative descent Eigen
--found a cut state by heuristic 0.05155535288882337 -0.0 
iteration: 1043,  #states: 2149, valueb: -0.0, activeness: 0.05155535288882337, primalobj: 0.9618199217660006, dualobj: -Inf
solve--
end solve-- RelaxOptimal OPTIMAL
 weights_sum: 1.0000000141731702
itereffortlevel: 0
--separating...
--find a better primal bound 0.12651814341456927 by Alternative descent Eigen
--found a cut state by heuristic 0.12651814341456927 0.04242641746624909 
iteration: 1044,  #states: 2150, valueb: 0.04242641746624909, activeness: 0.12651814341456927, primalobj: 0.9618104450671451, dualobj: -Inf
solve--
end solve-- RelaxOptimal OPTIMAL
 weights_sum: 1.0000000000000004
itereffortlevel: 0
--separating...
--find a better primal bound 0.1105932385766985 by Alternative descent Eigen
--found a cut state by heuristic 0.1105932385766985 0.03740933800902147 
iteration: 1045,  #states: 2151, valueb: 0.03740933800902147, activeness: 0.1105932385766985, primalobj: 0.961790133105237, dualobj: -Inf
solve--
end solve-- RelaxOptimal OPTIMAL
 weights_sum: 0.9999999999999997
itereffortlevel: 0
--separating...
--find a better primal bound 0.14441737133681537 by Alternative descent Eigen
--found a cut state by heuristic 0.14441737133681537 0.04042805373951817 
iteration: 1046,  #states: 2152, valueb: 0.04042805373951817, activeness: 0.14441737133681537, primalobj: 0.9617782886389421, dualobj: -Inf
solve--
end solve-- RelaxOptimal OPTIMAL
 weights_sum: 0.9999999999999996
itereffortlevel: 0
--separating...
--find a better primal bound 0.10490599640478507 by Alternative descent Eigen
--found a cut state by heuristic 0.10490599640478507 0.03243105432299162 
iteration: 1047,  #states: 2153, valueb: 0.03243105432299162, activeness: 0.10490599640478507, primalobj: 0.9617630981945754, dualobj: -Inf
solve--
end solve-- RelaxOptimal OPTIMAL
 weights_sum: 1.0000000000000009
itereffortlevel: 0
--separating...
--find a better primal bound 0.09304265381605555 by Alternative descent Eigen
--found a cut state by heuristic 0.09304265381605555 0.05381069834699734 
iteration: 1048,  #states: 2154, valueb: 0.05381069834699734, activeness: 0.09304265381605555, primalobj: 0.9617535224075524, dualobj: -Inf
solve--
end solve-- RelaxOptimal OPTIMAL
 weights_sum: 0.9999999999999992
itereffortlevel: 0
--separating...
--find a better primal bound 0.11004044943235239 by Alternative descent Eigen
--found a cut state by heuristic 0.11004044943235239 0.04638208640966003 
iteration: 1049,  #states: 2155, valueb: 0.04638208640966003, activeness: 0.11004044943235239, primalobj: 0.9617457214146596, dualobj: -Inf
solve--
end solve-- RelaxOptimal OPTIMAL
 weights_sum: 1.0
itereffortlevel: 0
--separating...
--find a better primal bound 0.08971461906500844 by Alternative descent Eigen
--found a cut state by heuristic 0.08971461906500844 0.03937737317232229 
iteration: 1050,  #states: 2156, valueb: 0.03937737317232229, activeness: 0.08971461906500844, primalobj: 0.9617366463038949, dualobj: -Inf
solve--
end solve-- RelaxOptimal OPTIMAL
 weights_sum: 0.9999999999999998
itereffortlevel: 0
--separating...
--find a better primal bound 0.0699101353923711 by Alternative descent Eigen
--found a cut state by heuristic 0.0699101353923711 0.032945170255205394 
iteration: 1051,  #states: 2157, valueb: 0.032945170255205394, activeness: 0.0699101353923711, primalobj: 0.9617265434200855, dualobj: -Inf
solve--
end solve-- RelaxOptimal OPTIMAL
 weights_sum: 1.000000000000001
itereffortlevel: 0
--separating...
--find a better primal bound 0.10739988802305422 by Alternative descent Eigen
--found a cut state by heuristic 0.10739988802305422 0.03954660666096438 
iteration: 1052,  #states: 2158, valueb: 0.03954660666096438, activeness: 0.10739988802305422, primalobj: 0.9617229575980653, dualobj: -Inf
solve--
end solve-- RelaxOptimal OPTIMAL
 weights_sum: 1.0000003968168976
itereffortlevel: 0
--separating...
--find a better primal bound 0.11555761727145877 by Alternative descent Eigen
--found a cut state by heuristic 0.11555761727145877 0.03601457922277199 
iteration: 1053,  #states: 2159, valueb: 0.03601457922277199, activeness: 0.11555761727145877, primalobj: 0.9617094710021334, dualobj: -Inf
solve--
end solve-- RelaxOptimal OPTIMAL
 weights_sum: 1.0000000000000004
itereffortlevel: 0
--separating...
--find a better primal bound 0.13383478130948734 by Alternative descent Eigen
--found a cut state by heuristic 0.13383478130948734 0.054313319265132914 
iteration: 1054,  #states: 2160, valueb: 0.054313319265132914, activeness: 0.13383478130948734, primalobj: 0.9616932336179642, dualobj: -Inf
solve--
end solve-- RelaxOptimal OPTIMAL
 weights_sum: 1.0000010936495949
itereffortlevel: 0
--separating...
--find a better primal bound 0.11125696500514594 by Alternative descent Eigen
--found a cut state by heuristic 0.11125696500514594 0.036337978288114865 
iteration: 1055,  #states: 2161, valueb: 0.036337978288114865, activeness: 0.11125696500514594, primalobj: 0.961678078089804, dualobj: -Inf
solve--
end solve-- RelaxOptimal OPTIMAL
 weights_sum: 1.0000000000000022
itereffortlevel: 0
--separating...
--find a better primal bound 0.11087510892519309 by Alternative descent Eigen
--found a cut state by heuristic 0.11087510892519309 0.03439576023174447 
iteration: 1056,  #states: 2162, valueb: 0.03439576023174447, activeness: 0.11087510892519309, primalobj: 0.9616674717304888, dualobj: -Inf
solve--
end solve-- RelaxOptimal OPTIMAL
 weights_sum: 1.0000000000000009
itereffortlevel: 0
--separating...
--find a better primal bound 0.09379471701543476 by Alternative descent Eigen
--found a cut state by heuristic 0.09379471701543476 0.04373646614631985 
iteration: 1057,  #states: 2163, valueb: 0.04373646614631985, activeness: 0.09379471701543476, primalobj: 0.9616574762952323, dualobj: -Inf
solve--
end solve-- RelaxOptimal OPTIMAL
 weights_sum: 1.0000000000000004
itereffortlevel: 0
--separating...
--find a better primal bound 0.10076166685438223 by Alternative descent Eigen
--found a cut state by heuristic 0.10076166685438223 0.034583377434906346 
iteration: 1058,  #states: 2164, valueb: 0.034583377434906346, activeness: 0.10076166685438223, primalobj: 0.9616500194619954, dualobj: -Inf
solve--
end solve-- RelaxOptimal OPTIMAL
 weights_sum: 0.9999999999999998
itereffortlevel: 0
--separating...
--find a better primal bound 0.051165018333893954 by Alternative descent Eigen
--found a cut state by heuristic 0.051165018333893954 -0.0 
iteration: 1059,  #states: 2165, valueb: -0.0, activeness: 0.051165018333893954, primalobj: 0.9616382942345125, dualobj: -Inf
solve--
end solve-- RelaxOptimal OPTIMAL
 weights_sum: 1.0000000000000002
itereffortlevel: 0
--separating...
--find a better primal bound 0.11334240376892976 by Alternative descent Eigen
--found a cut state by heuristic 0.11334240376892976 0.026726771729237875 
iteration: 1060,  #states: 2166, valueb: 0.026726771729237875, activeness: 0.11334240376892976, primalobj: 0.961629154593251, dualobj: -Inf
solve--
end solve-- RelaxOptimal OPTIMAL
 weights_sum: 1.00000051253039
itereffortlevel: 0
--separating...
--find a better primal bound 0.04730658047331926 by Alternative descent Eigen
--found a cut state by heuristic 0.04730658047331926 -0.0 
iteration: 1061,  #states: 2167, valueb: -0.0, activeness: 0.04730658047331926, primalobj: 0.9616159649266409, dualobj: -Inf
solve--
end solve-- RelaxOptimal OPTIMAL
 weights_sum: 0.9999999999999987
itereffortlevel: 0
--separating...
--find a better primal bound 0.07832250232421333 by Alternative descent Eigen
--found a cut state by heuristic 0.07832250232421333 0.015366654825486095 
iteration: 1062,  #states: 2168, valueb: 0.015366654825486095, activeness: 0.07832250232421333, primalobj: 0.9616094884313411, dualobj: -Inf
solve--
end solve-- RelaxOptimal OPTIMAL
 weights_sum: 1.0000000000000009
itereffortlevel: 0
--separating...
--find a better primal bound 0.10321507264324661 by Alternative descent Eigen
--found a cut state by heuristic 0.10321507264324661 0.018152777195849845 
iteration: 1063,  #states: 2169, valueb: 0.018152777195849845, activeness: 0.10321507264324661, primalobj: 0.9616050623704704, dualobj: -Inf
solve--
end solve-- RelaxOptimal OPTIMAL
 weights_sum: 1.0000000000000013
itereffortlevel: 0
--separating...
--find a better primal bound 0.07844269164175996 by Alternative descent Eigen
--found a cut state by heuristic 0.07844269164175996 0.011244003764802862 
iteration: 1064,  #states: 2170, valueb: 0.011244003764802862, activeness: 0.07844269164175996, primalobj: 0.9615884794912983, dualobj: -Inf
solve--
end solve-- RelaxOptimal OPTIMAL
 weights_sum: 0.9999999999999996
itereffortlevel: 0
--separating...
--find a better primal bound 0.04141917479192518 by Alternative descent Eigen
--found a cut state by heuristic 0.04141917479192518 0.008615348982210594 
iteration: 1065,  #states: 2171, valueb: 0.008615348982210594, activeness: 0.04141917479192518, primalobj: 0.9615813969305473, dualobj: -Inf
solve--
end solve-- RelaxOptimal OPTIMAL
 weights_sum: 0.9999999999999999
itereffortlevel: 0
--separating...
--find a better primal bound 0.10174049773566295 by Alternative descent Eigen
--found a cut state by heuristic 0.10174049773566295 0.07064299567065077 
iteration: 1066,  #states: 2172, valueb: 0.07064299567065077, activeness: 0.10174049773566295, primalobj: 0.9615779083015041, dualobj: -Inf
solve--
end solve-- RelaxOptimal OPTIMAL
 weights_sum: 0.9999999999999994
itereffortlevel: 0
--separating...
--find a better primal bound 0.0959184596605827 by Alternative descent Eigen
--found a cut state by heuristic 0.0959184596605827 0.0075224161856642935 
iteration: 1067,  #states: 2173, valueb: 0.0075224161856642935, activeness: 0.0959184596605827, primalobj: 0.9615732264162034, dualobj: -Inf
solve--
end solve-- RelaxOptimal OPTIMAL
 weights_sum: 0.9999999999999991
itereffortlevel: 0
--separating...
--find a better primal bound 0.09289213866041116 by Alternative descent Eigen
--found a cut state by heuristic 0.09289213866041116 0.010934547740750873 
iteration: 1068,  #states: 2174, valueb: 0.010934547740750873, activeness: 0.09289213866041116, primalobj: 0.9615564407366297, dualobj: -Inf
solve--
end solve-- RelaxOptimal OPTIMAL
 weights_sum: 1.0000000000000018
itereffortlevel: 0
--separating...
--find a better primal bound 0.07676473261595865 by Alternative descent Eigen
--found a cut state by heuristic 0.07676473261595865 0.013285223690361031 
iteration: 1069,  #states: 2175, valueb: 0.013285223690361031, activeness: 0.07676473261595865, primalobj: 0.9615468342892539, dualobj: -Inf
solve--
end solve-- RelaxOptimal OPTIMAL
 weights_sum: 1.0000002651724533
itereffortlevel: 0
--separating...
--find a better primal bound 0.08730203728390286 by Alternative descent Eigen
--found a cut state by heuristic 0.08730203728390286 0.016018657621995554 
iteration: 1070,  #states: 2176, valueb: 0.016018657621995554, activeness: 0.08730203728390286, primalobj: 0.961535886429242, dualobj: -Inf
solve--
end solve-- RelaxOptimal OPTIMAL
 weights_sum: 1.0000000000000002
itereffortlevel: 0
--separating...
--find a better primal bound 0.12796833127573948 by Alternative descent Eigen
--found a cut state by heuristic 0.12796833127573948 0.02279034875663631 
iteration: 1071,  #states: 2177, valueb: 0.02279034875663631, activeness: 0.12796833127573948, primalobj: 0.9615208116479481, dualobj: -Inf
solve--
end solve-- RelaxOptimal OPTIMAL
 weights_sum: 1.0000000000000004
itereffortlevel: 0
--separating...
--find a better primal bound 0.10739327989584443 by Alternative descent Eigen
--found a cut state by heuristic 0.10739327989584443 0.026964053400224123 
iteration: 1072,  #states: 2178, valueb: 0.026964053400224123, activeness: 0.10739327989584443, primalobj: 0.9615044019253016, dualobj: -Inf
solve--
end solve-- RelaxOptimal OPTIMAL
 weights_sum: 1.0000000000000007
itereffortlevel: 0
--separating...
--find a better primal bound 0.05435527731330026 by Alternative descent Eigen
--found a cut state by heuristic 0.05435527731330026 0.02296329462852693 
iteration: 1073,  #states: 2179, valueb: 0.02296329462852693, activeness: 0.05435527731330026, primalobj: 0.961485556392417, dualobj: -Inf
solve--
end solve-- RelaxOptimal OPTIMAL
 weights_sum: 1.0000000000000002
itereffortlevel: 0
--separating...
--find a better primal bound 0.09696435123503078 by Alternative descent Eigen
--found a cut state by heuristic 0.09696435123503078 0.02039007366648582 
iteration: 1074,  #states: 2180, valueb: 0.02039007366648582, activeness: 0.09696435123503078, primalobj: 0.9614830549909863, dualobj: -Inf
solve--
end solve-- RelaxOptimal OPTIMAL
 weights_sum: 0.9999999999999994
itereffortlevel: 0
--separating...
--find a better primal bound 0.05099298326536346 by Alternative descent Eigen
--found a cut state by heuristic 0.05099298326536346 0.02687035828490622 
iteration: 1075,  #states: 2181, valueb: 0.02687035828490622, activeness: 0.05099298326536346, primalobj: 0.9614647102166936, dualobj: -Inf
solve--
end solve-- RelaxOptimal OPTIMAL
 weights_sum: 1.0000000026324132
itereffortlevel: 0
--separating...
--find a better primal bound 0.11420153978702306 by Alternative descent Eigen
--found a cut state by heuristic 0.11420153978702306 0.024152582473354944 
iteration: 1076,  #states: 2182, valueb: 0.024152582473354944, activeness: 0.11420153978702306, primalobj: 0.9614595569310893, dualobj: -Inf
solve--
end solve-- RelaxOptimal OPTIMAL
 weights_sum: 1.0000000000000009
itereffortlevel: 0
--separating...
--find a better primal bound 0.07343372099954171 by Alternative descent Eigen
--found a cut state by heuristic 0.07343372099954171 0.014464256756600506 
iteration: 1077,  #states: 2183, valueb: 0.014464256756600506, activeness: 0.07343372099954171, primalobj: 0.9614431834658258, dualobj: -Inf
solve--
end solve-- RelaxOptimal OPTIMAL
 weights_sum: 0.9999999999999993
itereffortlevel: 0
--separating...
--find a better primal bound 0.14444764404954674 by Alternative descent Eigen
--found a cut state by heuristic 0.14444764404954674 0.01855107472081033 
iteration: 1078,  #states: 2184, valueb: 0.01855107472081033, activeness: 0.14444764404954674, primalobj: 0.9614289184483535, dualobj: -Inf
solve--
end solve-- RelaxOptimal OPTIMAL
 weights_sum: 1.0000002124818512
itereffortlevel: 0
--separating...
--find a better primal bound 0.10639039558583663 by Alternative descent Eigen
--found a cut state by heuristic 0.10639039558583663 0.0211404985614922 
iteration: 1079,  #states: 2185, valueb: 0.0211404985614922, activeness: 0.10639039558583663, primalobj: 0.961405487864949, dualobj: -Inf
solve--
end solve-- RelaxOptimal OPTIMAL
 weights_sum: 0.9999999999999992
itereffortlevel: 0
--separating...
--find a better primal bound 0.09455816397402243 by Alternative descent Eigen
--found a cut state by heuristic 0.09455816397402243 0.03398064564343384 
iteration: 1080,  #states: 2186, valueb: 0.03398064564343384, activeness: 0.09455816397402243, primalobj: 0.9613890401221437, dualobj: -Inf
solve--
end solve-- RelaxOptimal OPTIMAL
 weights_sum: 1.0000000000000002
itereffortlevel: 0
--separating...
--find a better primal bound 0.10085185742316735 by Alternative descent Eigen
--found a cut state by heuristic 0.10085185742316735 0.024450294363040456 
iteration: 1081,  #states: 2187, valueb: 0.024450294363040456, activeness: 0.10085185742316735, primalobj: 0.9613792523302924, dualobj: -Inf
solve--
end solve-- RelaxOptimal OPTIMAL
 weights_sum: 0.9999999999999991
itereffortlevel: 0
--separating...
--find a better primal bound 0.08687324316209906 by Alternative descent Eigen
--found a cut state by heuristic 0.08687324316209906 0.07209088951366993 
iteration: 1082,  #states: 2188, valueb: 0.07209088951366993, activeness: 0.08687324316209906, primalobj: 0.9613615096816165, dualobj: -Inf
solve--
end solve-- RelaxOptimal OPTIMAL
 weights_sum: 0.9999999999999991
itereffortlevel: 0
--separating...
--find a better primal bound 0.12860015534035185 by Alternative descent Eigen
--found a cut state by heuristic 0.12860015534035185 0.03868270386752685 
iteration: 1083,  #states: 2189, valueb: 0.03868270386752685, activeness: 0.12860015534035185, primalobj: 0.9613587960957546, dualobj: -Inf
solve--
end solve-- RelaxOptimal OPTIMAL
 weights_sum: 1.0000000000000018
itereffortlevel: 0
--separating...
--find a better primal bound 0.05264918700270159 by Alternative descent Eigen
--found a cut state by heuristic 0.05264918700270159 0.029753701600021755 
iteration: 1084,  #states: 2190, valueb: 0.029753701600021755, activeness: 0.05264918700270159, primalobj: 0.9613443555329152, dualobj: -Inf
solve--
end solve-- RelaxOptimal OPTIMAL
 weights_sum: 1.0000000000000002
itereffortlevel: 0
--separating...
--find a better primal bound 0.12189410292731744 by Alternative descent Eigen
--found a cut state by heuristic 0.12189410292731744 0.035367396748171076 
iteration: 1085,  #states: 2191, valueb: 0.035367396748171076, activeness: 0.12189410292731744, primalobj: 0.9613426846076778, dualobj: -Inf
solve--
end solve-- RelaxOptimal OPTIMAL
 weights_sum: 0.9999999999999973
itereffortlevel: 0
--separating...
--find a better primal bound 0.12301379191967499 by Alternative descent Eigen
--found a cut state by heuristic 0.12301379191967499 0.02731703020992956 
iteration: 1086,  #states: 2192, valueb: 0.02731703020992956, activeness: 0.12301379191967499, primalobj: 0.9613351876632161, dualobj: -Inf
solve--
end solve-- RelaxOptimal OPTIMAL
 weights_sum: 0.9999999999999991
itereffortlevel: 0
--separating...
--find a better primal bound 0.09195578132798021 by Alternative descent Eigen
--found a cut state by heuristic 0.09195578132798021 0.027526597767285332 
iteration: 1087,  #states: 2193, valueb: 0.027526597767285332, activeness: 0.09195578132798021, primalobj: 0.9613264886232129, dualobj: -Inf
solve--
end solve-- RelaxOptimal OPTIMAL
 weights_sum: 0.9999999999999994
itereffortlevel: 0
--separating...
--find a better primal bound 0.1017472924109317 by Alternative descent Eigen
--found a cut state by heuristic 0.1017472924109317 0.018173944270248016 
iteration: 1088,  #states: 2194, valueb: 0.018173944270248016, activeness: 0.1017472924109317, primalobj: 0.9613146675224253, dualobj: -Inf
solve--
end solve-- RelaxOptimal OPTIMAL
 weights_sum: 1.000000519521401
itereffortlevel: 0
--separating...
--find a better primal bound 0.09190002220595406 by Alternative descent Eigen
--found a cut state by heuristic 0.09190002220595406 0.01618674247678252 
iteration: 1089,  #states: 2195, valueb: 0.01618674247678252, activeness: 0.09190002220595406, primalobj: 0.9612997244833533, dualobj: -Inf
solve--
end solve-- RelaxOptimal OPTIMAL
 weights_sum: 0.9999999999999994
itereffortlevel: 0
--separating...
--find a better primal bound 0.06932387802194487 by Alternative descent Eigen
--found a cut state by heuristic 0.06932387802194487 0.021751720131456265 
iteration: 1090,  #states: 2196, valueb: 0.021751720131456265, activeness: 0.06932387802194487, primalobj: 0.9612909068293222, dualobj: -Inf
solve--
end solve-- RelaxOptimal OPTIMAL
 weights_sum: 1.0
itereffortlevel: 0
--separating...
--find a better primal bound 0.04889586292249258 by Alternative descent Eigen
--found a cut state by heuristic 0.04889586292249258 -0.0 
iteration: 1091,  #states: 2197, valueb: -0.0, activeness: 0.04889586292249258, primalobj: 0.9612812867177329, dualobj: -Inf
solve--
end solve-- RelaxOptimal OPTIMAL
 weights_sum: 0.9999999999999993
itereffortlevel: 0
--separating...
--find a better primal bound 0.10078872231356781 by Alternative descent Eigen
--found a cut state by heuristic 0.10078872231356781 0.018988472541359998 
iteration: 1092,  #states: 2198, valueb: 0.018988472541359998, activeness: 0.10078872231356781, primalobj: 0.961270614437713, dualobj: -Inf
solve--
end solve-- RelaxOptimal OPTIMAL
 weights_sum: 0.9999999999999998
itereffortlevel: 0
--separating...
--find a better primal bound 0.05451110852122369 by Alternative descent Eigen
--found a cut state by heuristic 0.05451110852122369 0.018534371358240917 
iteration: 1093,  #states: 2199, valueb: 0.018534371358240917, activeness: 0.05451110852122369, primalobj: 0.9612544920313648, dualobj: -Inf
solve--
end solve-- RelaxOptimal OPTIMAL
 weights_sum: 1.0000000000000004
itereffortlevel: 0
--separating...
--find a better primal bound 0.09884433584496166 by Alternative descent Eigen
--found a cut state by heuristic 0.09884433584496166 0.014820014104939366 
iteration: 1094,  #states: 2200, valueb: 0.014820014104939366, activeness: 0.09884433584496166, primalobj: 0.9612470730857587, dualobj: -Inf
solve--
end solve-- RelaxOptimal OPTIMAL
 weights_sum: 1.0000000000000009
itereffortlevel: 0
--separating...
--find a better primal bound 0.1158859543585777 by Alternative descent Eigen
--found a cut state by heuristic 0.1158859543585777 0.03354302393155472 
iteration: 1095,  #states: 2201, valueb: 0.03354302393155472, activeness: 0.1158859543585777, primalobj: 0.9612251710602359, dualobj: -Inf
solve--
end solve-- RelaxOptimal OPTIMAL
 weights_sum: 1.0000000989557096
itereffortlevel: 0
--separating...
--find a better primal bound 0.1016530435094744 by Alternative descent Eigen
--found a cut state by heuristic 0.1016530435094744 0.03273665738136217 
iteration: 1096,  #states: 2202, valueb: 0.03273665738136217, activeness: 0.1016530435094744, primalobj: 0.9612126278405689, dualobj: -Inf
solve--
end solve-- RelaxOptimal OPTIMAL
 weights_sum: 0.9999999999999993
itereffortlevel: 0
--separating...
--find a better primal bound 0.12773634398531464 by Alternative descent Eigen
--found a cut state by heuristic 0.12773634398531464 0.025866684876873162 
iteration: 1097,  #states: 2203, valueb: 0.025866684876873162, activeness: 0.12773634398531464, primalobj: 0.9611963865526783, dualobj: -Inf
solve--
end solve-- RelaxOptimal OPTIMAL
 weights_sum: 1.0000000000000009
itereffortlevel: 0
--separating...
--find a better primal bound 0.09739778772765265 by Alternative descent Eigen
--found a cut state by heuristic 0.09739778772765265 0.023614804325382092 
iteration: 1098,  #states: 2204, valueb: 0.023614804325382092, activeness: 0.09739778772765265, primalobj: 0.9611723740852502, dualobj: -Inf
solve--
end solve-- RelaxOptimal OPTIMAL
 weights_sum: 0.9999999999999981
itereffortlevel: 0
--separating...
--find a better primal bound 0.06859927446763314 by Alternative descent Eigen
--found a cut state by heuristic 0.06859927446763314 0.020139420620893023 
iteration: 1099,  #states: 2205, valueb: 0.020139420620893023, activeness: 0.06859927446763314, primalobj: 0.9611492279329507, dualobj: -Inf
solve--
end solve-- RelaxOptimal OPTIMAL
 weights_sum: 0.9999999999999999
itereffortlevel: 0
--separating...
--find a better primal bound 0.07254521009174539 by Alternative descent Eigen
--found a cut state by heuristic 0.07254521009174539 -0.0 
iteration: 1100,  #states: 2206, valueb: -0.0, activeness: 0.07254521009174539, primalobj: 0.9611450610153947, dualobj: -Inf
solve--
end solve-- RelaxOptimal OPTIMAL
 weights_sum: 1.000000000000001
itereffortlevel: 0
--separating...
--find a better primal bound 0.08909411727263103 by Alternative descent Eigen
--found a cut state by heuristic 0.08909411727263103 0.03145172621013037 
iteration: 1101,  #states: 2207, valueb: 0.03145172621013037, activeness: 0.08909411727263103, primalobj: 0.9611311567035966, dualobj: -Inf
solve--
end solve-- RelaxOptimal OPTIMAL
 weights_sum: 0.9999999999999998
itereffortlevel: 0
--separating...
--find a better primal bound 0.10009087536998627 by Alternative descent Eigen
--found a cut state by heuristic 0.10009087536998627 0.03502616722681262 
iteration: 1102,  #states: 2208, valueb: 0.03502616722681262, activeness: 0.10009087536998627, primalobj: 0.9611225969826009, dualobj: -Inf
solve--
end solve-- RelaxOptimal OPTIMAL
 weights_sum: 0.9999999999999998
itereffortlevel: 0
--separating...
--find a better primal bound 0.08094314414128319 by Alternative descent Eigen
--found a cut state by heuristic 0.08094314414128319 0.0397992328464421 
iteration: 1103,  #states: 2209, valueb: 0.0397992328464421, activeness: 0.08094314414128319, primalobj: 0.9611109452059917, dualobj: -Inf
solve--
end solve-- RelaxOptimal OPTIMAL
 weights_sum: 1.0000000000000004
itereffortlevel: 0
--separating...
--find a better primal bound 0.06926769020095 by Alternative descent Eigen
--found a cut state by heuristic 0.06926769020095 0.03902145755583428 
iteration: 1104,  #states: 2210, valueb: 0.03902145755583428, activeness: 0.06926769020095, primalobj: 0.9611050864089994, dualobj: -Inf
solve--
end solve-- RelaxOptimal OPTIMAL
 weights_sum: 1.0000000000000004
itereffortlevel: 0
--separating...
--find a better primal bound 0.10462065193677272 by Alternative descent Eigen
--found a cut state by heuristic 0.10462065193677272 0.03713077797265191 
iteration: 1105,  #states: 2211, valueb: 0.03713077797265191, activeness: 0.10462065193677272, primalobj: 0.9611017018676262, dualobj: -Inf
solve--
end solve-- RelaxOptimal OPTIMAL
 weights_sum: 1.0000000000000013
itereffortlevel: 0
--separating...
--find a better primal bound 0.1285376241013652 by Alternative descent Eigen
--found a cut state by heuristic 0.1285376241013652 0.04197554696822726 
iteration: 1106,  #states: 2212, valueb: 0.04197554696822726, activeness: 0.1285376241013652, primalobj: 0.9610944122877396, dualobj: -Inf
solve--
end solve-- RelaxOptimal OPTIMAL
 weights_sum: 0.9999999999999989
itereffortlevel: 0
--separating...
--find a better primal bound 0.09143360277499508 by Alternative descent Eigen
--found a cut state by heuristic 0.09143360277499508 0.03528264002425394 
iteration: 1107,  #states: 2213, valueb: 0.03528264002425394, activeness: 0.09143360277499508, primalobj: 0.961082640830058, dualobj: -Inf
solve--
end solve-- RelaxOptimal OPTIMAL
 weights_sum: 0.9999999999999993
itereffortlevel: 0
--separating...
--find a better primal bound 0.07364210563770704 by Alternative descent Eigen
--found a cut state by heuristic 0.07364210563770704 -0.0 
iteration: 1108,  #states: 2214, valueb: -0.0, activeness: 0.07364210563770704, primalobj: 0.9610777258088855, dualobj: -Inf
solve--
end solve-- RelaxOptimal OPTIMAL
 weights_sum: 0.9999999999999991
itereffortlevel: 0
--separating...
--find a better primal bound 0.10638852241511008 by Alternative descent Eigen
--found a cut state by heuristic 0.10638852241511008 0.03591562370963256 
iteration: 1109,  #states: 2215, valueb: 0.03591562370963256, activeness: 0.10638852241511008, primalobj: 0.961066804026213, dualobj: -Inf
solve--
end solve-- RelaxOptimal OPTIMAL
 weights_sum: 1.000001866666252
itereffortlevel: 0
--separating...
--find a better primal bound 0.0895157503104368 by Alternative descent Eigen
--found a cut state by heuristic 0.0895157503104368 0.030951890252374374 
iteration: 1110,  #states: 2216, valueb: 0.030951890252374374, activeness: 0.0895157503104368, primalobj: 0.9610408951470784, dualobj: -Inf
solve--
end solve-- RelaxOptimal OPTIMAL
 weights_sum: 1.0000002145075615
itereffortlevel: 0
--separating...
--find a better primal bound 0.0980674022178285 by Alternative descent Eigen
--found a cut state by heuristic 0.0980674022178285 0.03306847031196871 
iteration: 1111,  #states: 2217, valueb: 0.03306847031196871, activeness: 0.0980674022178285, primalobj: 0.9610332054171171, dualobj: -Inf
solve--
end solve-- RelaxOptimal OPTIMAL
 weights_sum: 1.0000000000000016
itereffortlevel: 0
--separating...
--find a better primal bound 0.10461773501568031 by Alternative descent Eigen
--found a cut state by heuristic 0.10461773501568031 0.029355186474646078 
iteration: 1112,  #states: 2218, valueb: 0.029355186474646078, activeness: 0.10461773501568031, primalobj: 0.9610214965753676, dualobj: -Inf
solve--
end solve-- RelaxOptimal OPTIMAL
 weights_sum: 1.0000004172580081
itereffortlevel: 0
--separating...
--find a better primal bound 0.0980015852947447 by Alternative descent Eigen
--found a cut state by heuristic 0.0980015852947447 0.04113967555984376 
iteration: 1113,  #states: 2219, valueb: 0.04113967555984376, activeness: 0.0980015852947447, primalobj: 0.9610090515412968, dualobj: -Inf
solve--
end solve-- RelaxOptimal OPTIMAL
 weights_sum: 1.0000000000000009
itereffortlevel: 0
--separating...
--find a better primal bound 0.10512801397780028 by Alternative descent Eigen
--found a cut state by heuristic 0.10512801397780028 0.029424470250312543 
iteration: 1114,  #states: 2220, valueb: 0.029424470250312543, activeness: 0.10512801397780028, primalobj: 0.9610028644209335, dualobj: -Inf
solve--
end solve-- RelaxOptimal OPTIMAL
 weights_sum: 0.9999999999999996
itereffortlevel: 0
--separating...
--find a better primal bound 0.1122161685778407 by Alternative descent Eigen
--found a cut state by heuristic 0.1122161685778407 0.04020884286597296 
iteration: 1115,  #states: 2221, valueb: 0.04020884286597296, activeness: 0.1122161685778407, primalobj: 0.9609893921138879, dualobj: -Inf
solve--
end solve-- RelaxOptimal OPTIMAL
 weights_sum: 0.9999999999999999
itereffortlevel: 0
--separating...
--find a better primal bound 0.03897422602617462 by Alternative descent Eigen
--found a cut state by heuristic 0.03897422602617462 -0.0 
iteration: 1116,  #states: 2222, valueb: -0.0, activeness: 0.03897422602617462, primalobj: 0.9609774367870034, dualobj: -Inf
solve--
end solve-- RelaxOptimal OPTIMAL
 weights_sum: 0.9999999999999996
itereffortlevel: 0
--separating...
--find a better primal bound 0.11563297735870592 by Alternative descent Eigen
--found a cut state by heuristic 0.11563297735870592 0.040422439686296024 
iteration: 1117,  #states: 2223, valueb: 0.040422439686296024, activeness: 0.11563297735870592, primalobj: 0.9609743842214591, dualobj: -Inf
solve--
end solve-- RelaxOptimal OPTIMAL
 weights_sum: 1.0000005459055814
itereffortlevel: 0
--separating...
--find a better primal bound 0.04747123491530843 by Alternative descent Eigen
--found a cut state by heuristic 0.04747123491530843 -0.0 
iteration: 1118,  #states: 2224, valueb: -0.0, activeness: 0.04747123491530843, primalobj: 0.9609708935376455, dualobj: -Inf
solve--
end solve-- RelaxOptimal OPTIMAL
 weights_sum: 0.9999999999999996
itereffortlevel: 0
--separating...
--find a better primal bound 0.07152118098937855 by Alternative descent Eigen
--found a cut state by heuristic 0.07152118098937855 -0.0 
iteration: 1119,  #states: 2225, valueb: -0.0, activeness: 0.07152118098937855, primalobj: 0.9609662152986004, dualobj: -Inf
solve--
end solve-- RelaxOptimal OPTIMAL
 weights_sum: 1.0
itereffortlevel: 0
--separating...
--find a better primal bound 0.09302691629681739 by Alternative descent Eigen
--found a cut state by heuristic 0.09302691629681739 0.041898937478517334 
iteration: 1120,  #states: 2226, valueb: 0.041898937478517334, activeness: 0.09302691629681739, primalobj: 0.9609591213189235, dualobj: -Inf
solve--
end solve-- RelaxOptimal OPTIMAL
 weights_sum: 1.0000000000000013
itereffortlevel: 0
--separating...
--find a better primal bound 0.08357057400639208 by Alternative descent Eigen
--found a cut state by heuristic 0.08357057400639208 0.04218659509392801 
iteration: 1121,  #states: 2227, valueb: 0.04218659509392801, activeness: 0.08357057400639208, primalobj: 0.9609483944389132, dualobj: -Inf
solve--
end solve-- RelaxOptimal OPTIMAL
 weights_sum: 1.0000000000000016
itereffortlevel: 0
--separating...
--find a better primal bound 0.10598119054606958 by Alternative descent Eigen
--found a cut state by heuristic 0.10598119054606958 0.0484018364795126 
iteration: 1122,  #states: 2228, valueb: 0.0484018364795126, activeness: 0.10598119054606958, primalobj: 0.9609426217277774, dualobj: -Inf
solve--
end solve-- RelaxOptimal OPTIMAL
 weights_sum: 0.9999999999999991
itereffortlevel: 0
--separating...
--find a better primal bound 0.11900017922801229 by Alternative descent Eigen
--found a cut state by heuristic 0.11900017922801229 0.041109744521680286 
iteration: 1123,  #states: 2229, valueb: 0.041109744521680286, activeness: 0.11900017922801229, primalobj: 0.9609372653722426, dualobj: -Inf
solve--
end solve-- RelaxOptimal OPTIMAL
 weights_sum: 1.0000000000000002
itereffortlevel: 0
--separating...
--find a better primal bound 0.09950068009261734 by Alternative descent Eigen
--found a cut state by heuristic 0.09950068009261734 0.032877176845181516 
iteration: 1124,  #states: 2230, valueb: 0.032877176845181516, activeness: 0.09950068009261734, primalobj: 0.9609324815136921, dualobj: -Inf
solve--
end solve-- RelaxOptimal OPTIMAL
 weights_sum: 1.0
itereffortlevel: 0
--separating...
--find a better primal bound 0.08889358281996348 by Alternative descent Eigen
--found a cut state by heuristic 0.08889358281996348 0.03216252609479931 
iteration: 1125,  #states: 2231, valueb: 0.03216252609479931, activeness: 0.08889358281996348, primalobj: 0.9609216799648341, dualobj: -Inf
solve--
end solve-- RelaxOptimal OPTIMAL
 weights_sum: 0.9999999999999999
itereffortlevel: 0
--separating...
--find a better primal bound 0.06194747633580918 by Alternative descent Eigen
--found a cut state by heuristic 0.06194747633580918 0.028583581127996666 
iteration: 1126,  #states: 2232, valueb: 0.028583581127996666, activeness: 0.06194747633580918, primalobj: 0.960917641656327, dualobj: -Inf
solve--
end solve-- RelaxOptimal OPTIMAL
 weights_sum: 0.9999999999999988
itereffortlevel: 0
--separating...
--find a better primal bound 0.04837262536187066 by Alternative descent Eigen
--found a cut state by heuristic 0.04837262536187066 0.0332121142558309 
iteration: 1127,  #states: 2233, valueb: 0.0332121142558309, activeness: 0.04837262536187066, primalobj: 0.9609136601562275, dualobj: -Inf
solve--
end solve-- RelaxOptimal OPTIMAL
 weights_sum: 0.9999999999999997
itereffortlevel: 0
--separating...
--find a better primal bound 0.078812288630384 by Alternative descent Eigen
--found a cut state by heuristic 0.078812288630384 0.029582469734473534 
iteration: 1128,  #states: 2234, valueb: 0.029582469734473534, activeness: 0.078812288630384, primalobj: 0.9609120741858335, dualobj: -Inf
solve--
end solve-- RelaxOptimal OPTIMAL
 weights_sum: 0.999999999999999
itereffortlevel: 0
--separating...
--find a better primal bound 0.10246352897499818 by Alternative descent Eigen
--found a cut state by heuristic 0.10246352897499818 0.031231713931572952 
iteration: 1129,  #states: 2235, valueb: 0.031231713931572952, activeness: 0.10246352897499818, primalobj: 0.9609065435586646, dualobj: -Inf
solve--
end solve-- RelaxOptimal OPTIMAL
 weights_sum: 0.9999999999999998
itereffortlevel: 0
--separating...
--find a better primal bound 0.07752659224555869 by Alternative descent Eigen
--found a cut state by heuristic 0.07752659224555869 0.03532122576485202 
iteration: 1130,  #states: 2236, valueb: 0.03532122576485202, activeness: 0.07752659224555869, primalobj: 0.960894849974443, dualobj: -Inf
solve--
end solve-- RelaxOptimal OPTIMAL
 weights_sum: 1.0000000000000002
itereffortlevel: 0
--separating...
--find a better primal bound 0.11334811675823334 by Alternative descent Eigen
--found a cut state by heuristic 0.11334811675823334 0.033980134951321975 
iteration: 1131,  #states: 2237, valueb: 0.033980134951321975, activeness: 0.11334811675823334, primalobj: 0.9608871556629595, dualobj: -Inf
solve--
end solve-- RelaxOptimal OPTIMAL
 weights_sum: 1.0000017406890593
itereffortlevel: 0
--separating...
--find a better primal bound 0.10252347453911527 by Alternative descent Eigen
--found a cut state by heuristic 0.10252347453911527 0.03571744122477746 
iteration: 1132,  #states: 2238, valueb: 0.03571744122477746, activeness: 0.10252347453911527, primalobj: 0.9608783691881055, dualobj: -Inf
solve--
end solve-- RelaxOptimal OPTIMAL
 weights_sum: 1.0000000000000007
itereffortlevel: 0
--separating...
--find a better primal bound 0.10156211956687859 by Alternative descent Eigen
--found a cut state by heuristic 0.10156211956687859 0.03183346053194399 
iteration: 1133,  #states: 2239, valueb: 0.03183346053194399, activeness: 0.10156211956687859, primalobj: 0.960865268912497, dualobj: -Inf
solve--
end solve-- RelaxOptimal OPTIMAL
 weights_sum: 1.0000000000000002
itereffortlevel: 0
--separating...
--find a better primal bound 0.12781282815697703 by Alternative descent Eigen
--found a cut state by heuristic 0.12781282815697703 0.03424422269161465 
iteration: 1134,  #states: 2240, valueb: 0.03424422269161465, activeness: 0.12781282815697703, primalobj: 0.9608543261017025, dualobj: -Inf
solve--
end solve-- RelaxOptimal OPTIMAL
 weights_sum: 1.0000003300363747
itereffortlevel: 0
--separating...
--find a better primal bound 0.08994449417221481 by Alternative descent Eigen
--found a cut state by heuristic 0.08994449417221481 0.034478748554189545 
iteration: 1135,  #states: 2241, valueb: 0.034478748554189545, activeness: 0.08994449417221481, primalobj: 0.960839530224833, dualobj: -Inf
solve--
end solve-- RelaxOptimal OPTIMAL
 weights_sum: 1.0000000000000004
itereffortlevel: 0
--separating...
--find a better primal bound 0.0971906995704924 by Alternative descent Eigen
--found a cut state by heuristic 0.0971906995704924 0.03589187580581482 
iteration: 1136,  #states: 2242, valueb: 0.03589187580581482, activeness: 0.0971906995704924, primalobj: 0.9608322327666208, dualobj: -Inf
solve--
end solve-- RelaxOptimal OPTIMAL
 weights_sum: 1.0000001436146972
itereffortlevel: 0
--separating...
--find a better primal bound 0.11446830788853575 by Alternative descent Eigen
--found a cut state by heuristic 0.11446830788853575 0.04203277566213953 
iteration: 1137,  #states: 2243, valueb: 0.04203277566213953, activeness: 0.11446830788853575, primalobj: 0.9608224797043619, dualobj: -Inf
solve--
end solve-- RelaxOptimal OPTIMAL
 weights_sum: 0.9999999999999994
itereffortlevel: 0
--separating...
--find a better primal bound 0.10935880150547883 by Alternative descent Eigen
--found a cut state by heuristic 0.10935880150547883 0.05270608958957206 
iteration: 1138,  #states: 2244, valueb: 0.05270608958957206, activeness: 0.10935880150547883, primalobj: 0.9608136501063723, dualobj: -Inf
solve--
end solve-- RelaxOptimal OPTIMAL
 weights_sum: 0.9999999999999997
itereffortlevel: 0
--separating...
--find a better primal bound 0.10307967688947568 by Alternative descent Eigen
--found a cut state by heuristic 0.10307967688947568 0.0497253755709341 
iteration: 1139,  #states: 2245, valueb: 0.0497253755709341, activeness: 0.10307967688947568, primalobj: 0.9608080479966646, dualobj: -Inf
solve--
end solve-- RelaxOptimal OPTIMAL
 weights_sum: 0.9999999999999999
itereffortlevel: 0
--separating...
--find a better primal bound 0.0830114209141169 by Alternative descent Eigen
--found a cut state by heuristic 0.0830114209141169 0.047206949982644686 
iteration: 1140,  #states: 2246, valueb: 0.047206949982644686, activeness: 0.0830114209141169, primalobj: 0.960797701005122, dualobj: -Inf
solve--
end solve-- RelaxOptimal OPTIMAL
 weights_sum: 1.0000015347704225
itereffortlevel: 0
--separating...
--find a better primal bound 0.11771199148326969 by Alternative descent Eigen
--found a cut state by heuristic 0.11771199148326969 0.04101938951354608 
iteration: 1141,  #states: 2247, valueb: 0.04101938951354608, activeness: 0.11771199148326969, primalobj: 0.9607915918578731, dualobj: -Inf
solve--
end solve-- RelaxOptimal OPTIMAL
 weights_sum: 1.0
itereffortlevel: 0
--separating...
--find a better primal bound 0.12283965331542415 by Alternative descent Eigen
--found a cut state by heuristic 0.12283965331542415 0.05801990455573893 
iteration: 1142,  #states: 2248, valueb: 0.05801990455573893, activeness: 0.12283965331542415, primalobj: 0.9607835981841402, dualobj: -Inf
solve--
end solve-- RelaxOptimal OPTIMAL
 weights_sum: 1.0000000013709323
itereffortlevel: 0
--separating...
--find a better primal bound 0.1048679319883084 by Alternative descent Eigen
--found a cut state by heuristic 0.1048679319883084 0.05402811155783341 
iteration: 1143,  #states: 2249, valueb: 0.05402811155783341, activeness: 0.1048679319883084, primalobj: 0.9607779203993514, dualobj: -Inf
solve--
end solve-- RelaxOptimal OPTIMAL
 weights_sum: 0.9999999999999993
itereffortlevel: 0
--separating...
--find a better primal bound 0.11092541641541445 by Alternative descent Eigen
--found a cut state by heuristic 0.11092541641541445 0.05298260152398761 
iteration: 1144,  #states: 2250, valueb: 0.05298260152398761, activeness: 0.11092541641541445, primalobj: 0.9607741360572153, dualobj: -Inf
solve--
end solve-- RelaxOptimal OPTIMAL
 weights_sum: 0.9999999999999998
itereffortlevel: 0
--separating...
--find a better primal bound 0.12459557827081098 by Alternative descent Eigen
--found a cut state by heuristic 0.12459557827081098 0.058518249947572966 
iteration: 1145,  #states: 2251, valueb: 0.058518249947572966, activeness: 0.12459557827081098, primalobj: 0.9607655091445497, dualobj: -Inf
solve--
end solve-- RelaxOptimal OPTIMAL
 weights_sum: 1.0000002117803284
itereffortlevel: 0
--separating...
--find a better primal bound 0.10742950680155633 by Alternative descent Eigen
--found a cut state by heuristic 0.10742950680155633 0.06696568962759847 
iteration: 1146,  #states: 2252, valueb: 0.06696568962759847, activeness: 0.10742950680155633, primalobj: 0.9607594231348561, dualobj: -Inf
solve--
end solve-- RelaxOptimal OPTIMAL
 weights_sum: 0.9999999999999998
itereffortlevel: 0
--separating...
--find a better primal bound 0.1057422855112021 by Alternative descent Eigen
--found a cut state by heuristic 0.1057422855112021 0.06158614137409838 
iteration: 1147,  #states: 2253, valueb: 0.06158614137409838, activeness: 0.1057422855112021, primalobj: 0.960756229435612, dualobj: -Inf
solve--
end solve-- RelaxOptimal OPTIMAL
 weights_sum: 1.0000002442879412
itereffortlevel: 0
--separating...
--find a better primal bound 0.12547740931654375 by Alternative descent Eigen
--found a cut state by heuristic 0.12547740931654375 0.05720607307314475 
iteration: 1148,  #states: 2254, valueb: 0.05720607307314475, activeness: 0.12547740931654375, primalobj: 0.9607527447020802, dualobj: -Inf
solve--
end solve-- RelaxOptimal OPTIMAL
 weights_sum: 0.9999999999999988
itereffortlevel: 0
--separating...
--find a better primal bound 0.10789024440742687 by Alternative descent Eigen
--found a cut state by heuristic 0.10789024440742687 0.06205520688543787 
iteration: 1149,  #states: 2255, valueb: 0.06205520688543787, activeness: 0.10789024440742687, primalobj: 0.960744930917454, dualobj: -Inf
solve--
end solve-- RelaxOptimal OPTIMAL
 weights_sum: 1.0000000000000002
itereffortlevel: 0
--separating...
--find a better primal bound 0.11179201081973582 by Alternative descent Eigen
--found a cut state by heuristic 0.11179201081973582 0.06157550142973056 
iteration: 1150,  #states: 2256, valueb: 0.06157550142973056, activeness: 0.11179201081973582, primalobj: 0.9607392567237545, dualobj: -Inf
solve--
end solve-- RelaxOptimal OPTIMAL
 weights_sum: 1.0000010066098843
itereffortlevel: 0
--separating...
--find a better primal bound 0.12577450275613844 by Alternative descent Eigen
--found a cut state by heuristic 0.12577450275613844 0.05518820533094558 
iteration: 1151,  #states: 2257, valueb: 0.05518820533094558, activeness: 0.12577450275613844, primalobj: 0.9607327608090224, dualobj: -Inf
solve--
end solve-- RelaxOptimal OPTIMAL
 weights_sum: 0.9999999999999997
itereffortlevel: 0
--separating...
--find a better primal bound 0.13138747466473122 by Alternative descent Eigen
--found a cut state by heuristic 0.13138747466473122 0.058149267961018734 
iteration: 1152,  #states: 2258, valueb: 0.058149267961018734, activeness: 0.13138747466473122, primalobj: 0.960717839235989, dualobj: -Inf
solve--
end solve-- RelaxOptimal OPTIMAL
 weights_sum: 1.0000000927011952
itereffortlevel: 0
--separating...
--find a better primal bound 0.10923736588721919 by Alternative descent Eigen
--found a cut state by heuristic 0.10923736588721919 0.05544107617517237 
iteration: 1153,  #states: 2259, valueb: 0.05544107617517237, activeness: 0.10923736588721919, primalobj: 0.9607102148337581, dualobj: -Inf
solve--
end solve-- RelaxOptimal OPTIMAL
 weights_sum: 0.9999999999999988
itereffortlevel: 0
--separating...
--find a better primal bound 0.08823180431540423 by Alternative descent Eigen
--found a cut state by heuristic 0.08823180431540423 0.050518916888138365 
iteration: 1154,  #states: 2260, valueb: 0.050518916888138365, activeness: 0.08823180431540423, primalobj: 0.960703978610183, dualobj: -Inf
solve--
end solve-- RelaxOptimal OPTIMAL
 weights_sum: 1.0000000000000024
itereffortlevel: 0
--separating...
--find a better primal bound 0.06686888709797767 by Alternative descent Eigen
--found a cut state by heuristic 0.06686888709797767 0.04777386814862278 
iteration: 1155,  #states: 2261, valueb: 0.04777386814862278, activeness: 0.06686888709797767, primalobj: 0.9607000347750136, dualobj: -Inf
solve--
end solve-- RelaxOptimal OPTIMAL
 weights_sum: 1.0000000000000009
itereffortlevel: 0
--separating...
--find a better primal bound 0.1339951275299439 by Alternative descent Eigen
--found a cut state by heuristic 0.1339951275299439 0.04328043619311728 
iteration: 1156,  #states: 2262, valueb: 0.04328043619311728, activeness: 0.1339951275299439, primalobj: 0.960697996936978, dualobj: -Inf
solve--
end solve-- RelaxOptimal OPTIMAL
 weights_sum: 0.9999999999999998
itereffortlevel: 0
--separating...
--find a better primal bound 0.05418523388089287 by Alternative descent Eigen
--found a cut state by heuristic 0.05418523388089287 -0.0 
iteration: 1157,  #states: 2263, valueb: -0.0, activeness: 0.05418523388089287, primalobj: 0.9606882786322167, dualobj: -Inf
solve--
end solve-- RelaxOptimal OPTIMAL
 weights_sum: 1.0000003958390677
itereffortlevel: 0
--separating...
--find a better primal bound 0.07672656061643604 by Alternative descent Eigen
--found a cut state by heuristic 0.07672656061643604 0.04265699634671802 
iteration: 1158,  #states: 2264, valueb: 0.04265699634671802, activeness: 0.07672656061643604, primalobj: 0.960684365854449, dualobj: -Inf
solve--
end solve-- RelaxOptimal OPTIMAL
 weights_sum: 0.9999999999999994
itereffortlevel: 0
--separating...
--find a better primal bound 0.0534197095390293 by Alternative descent Eigen
--found a cut state by heuristic 0.0534197095390293 -0.0 
iteration: 1159,  #states: 2265, valueb: -0.0, activeness: 0.0534197095390293, primalobj: 0.9606772322371699, dualobj: -Inf
solve--
end solve-- RelaxOptimal OPTIMAL
 weights_sum: 1.0000000319566498
itereffortlevel: 0
--separating...
--find a better primal bound 0.06430320391850863 by Alternative descent Eigen
--found a cut state by heuristic 0.06430320391850863 0.04682725766236476 
iteration: 1160,  #states: 2266, valueb: 0.04682725766236476, activeness: 0.06430320391850863, primalobj: 0.9606715344234018, dualobj: -Inf
solve--
end solve-- RelaxOptimal OPTIMAL
 weights_sum: 0.9999999999999993
itereffortlevel: 0
--separating...
--find a better primal bound 0.11522047436858698 by Alternative descent Eigen
--found a cut state by heuristic 0.11522047436858698 0.04868688984953891 
iteration: 1161,  #states: 2267, valueb: 0.04868688984953891, activeness: 0.11522047436858698, primalobj: 0.9606709289831994, dualobj: -Inf
solve--
end solve-- RelaxOptimal OPTIMAL
 weights_sum: 0.9999999999999993
itereffortlevel: 0
--separating...
--find a better primal bound 0.0922410374265466 by Alternative descent Eigen
--found a cut state by heuristic 0.0922410374265466 0.04811811501366777 
iteration: 1162,  #states: 2268, valueb: 0.04811811501366777, activeness: 0.0922410374265466, primalobj: 0.9606630761816511, dualobj: -Inf
solve--
end solve-- RelaxOptimal OPTIMAL
 weights_sum: 1.000000007994315
itereffortlevel: 0
--separating...
--find a better primal bound 0.11341138841030779 by Alternative descent Eigen
--found a cut state by heuristic 0.11341138841030779 0.04153208925444512 
iteration: 1163,  #states: 2269, valueb: 0.04153208925444512, activeness: 0.11341138841030779, primalobj: 0.960653698106292, dualobj: -Inf
solve--
end solve-- RelaxOptimal OPTIMAL
 weights_sum: 1.0
itereffortlevel: 0
--separating...
--find a better primal bound 0.1035943672956258 by Alternative descent Eigen
--found a cut state by heuristic 0.1035943672956258 0.05133781770805998 
iteration: 1164,  #states: 2270, valueb: 0.05133781770805998, activeness: 0.1035943672956258, primalobj: 0.9606442243294937, dualobj: -Inf
solve--
end solve-- RelaxOptimal OPTIMAL
 weights_sum: 1.0000000000000004
itereffortlevel: 0
--separating...
--find a better primal bound 0.1344359712307424 by Alternative descent Eigen
--found a cut state by heuristic 0.1344359712307424 0.04648628307508265 
iteration: 1165,  #states: 2271, valueb: 0.04648628307508265, activeness: 0.1344359712307424, primalobj: 0.9606374276906283, dualobj: -Inf
solve--
end solve-- RelaxOptimal OPTIMAL
 weights_sum: 0.9999999999999992
itereffortlevel: 0
--separating...
--find a better primal bound 0.06294792760504897 by Alternative descent Eigen
--found a cut state by heuristic 0.06294792760504897 -0.0 
iteration: 1166,  #states: 2272, valueb: -0.0, activeness: 0.06294792760504897, primalobj: 0.9606191222769561, dualobj: -Inf
solve--
end solve-- RelaxOptimal OPTIMAL
 weights_sum: 0.9999999999999996
itereffortlevel: 0
--separating...
--find a better primal bound 0.10966488107251345 by Alternative descent Eigen
--found a cut state by heuristic 0.10966488107251345 0.04453405547248511 
iteration: 1167,  #states: 2273, valueb: 0.04453405547248511, activeness: 0.10966488107251345, primalobj: 0.9606132375274328, dualobj: -Inf
solve--
end solve-- RelaxOptimal OPTIMAL
 weights_sum: 0.9999999999999994
itereffortlevel: 0
--separating...
--find a better primal bound 0.09092229356205216 by Alternative descent Eigen
--found a cut state by heuristic 0.09092229356205216 0.049797731023534964 
iteration: 1168,  #states: 2274, valueb: 0.049797731023534964, activeness: 0.09092229356205216, primalobj: 0.9606014930708752, dualobj: -Inf
solve--
end solve-- RelaxOptimal OPTIMAL
 weights_sum: 1.0000000000000009
itereffortlevel: 0
--separating...
--find a better primal bound 0.11208453734857277 by Alternative descent Eigen
--found a cut state by heuristic 0.11208453734857277 0.054135424110971 
iteration: 1169,  #states: 2275, valueb: 0.054135424110971, activeness: 0.11208453734857277, primalobj: 0.9605977179637886, dualobj: -Inf
solve--
end solve-- RelaxOptimal OPTIMAL
 weights_sum: 1.0000000000000002
itereffortlevel: 0
--separating...
--find a better primal bound 0.11180425069373993 by Alternative descent Eigen
--found a cut state by heuristic 0.11180425069373993 0.05827861344379976 
iteration: 1170,  #states: 2276, valueb: 0.05827861344379976, activeness: 0.11180425069373993, primalobj: 0.9605923189444416, dualobj: -Inf
solve--
end solve-- RelaxOptimal OPTIMAL
 weights_sum: 0.9999999999999998
itereffortlevel: 0
--separating...
--find a better primal bound 0.07108176511703422 by Alternative descent Eigen
--found a cut state by heuristic 0.07108176511703422 -0.0 
iteration: 1171,  #states: 2277, valueb: -0.0, activeness: 0.07108176511703422, primalobj: 0.9605862736151464, dualobj: -Inf
solve--
end solve-- RelaxOptimal OPTIMAL
 weights_sum: 0.9999999999999997
itereffortlevel: 0
--separating...
--find a better primal bound 0.1163417703527097 by Alternative descent Eigen
--found a cut state by heuristic 0.1163417703527097 0.05748438949433196 
iteration: 1172,  #states: 2278, valueb: 0.05748438949433196, activeness: 0.1163417703527097, primalobj: 0.9605736488409262, dualobj: -Inf
solve--
end solve-- RelaxOptimal OPTIMAL
 weights_sum: 1.0000000000000007
itereffortlevel: 0
--separating...
--find a better primal bound 0.10228050787123162 by Alternative descent Eigen
--found a cut state by heuristic 0.10228050787123162 0.05051244260803456 
iteration: 1173,  #states: 2279, valueb: 0.05051244260803456, activeness: 0.10228050787123162, primalobj: 0.9605642810214825, dualobj: -Inf
solve--
end solve-- RelaxOptimal OPTIMAL
 weights_sum: 0.9999999999999998
itereffortlevel: 0
--separating...
--find a better primal bound 0.13238605257519626 by Alternative descent Eigen
--found a cut state by heuristic 0.13238605257519626 0.04791279946547411 
iteration: 1174,  #states: 2280, valueb: 0.04791279946547411, activeness: 0.13238605257519626, primalobj: 0.9605589281544151, dualobj: -Inf
solve--
end solve-- RelaxOptimal OPTIMAL
 weights_sum: 1.0000000000000004
itereffortlevel: 0
--separating...
--find a better primal bound 0.09869338026796927 by Alternative descent Eigen
--found a cut state by heuristic 0.09869338026796927 0.045189092821295004 
iteration: 1175,  #states: 2281, valueb: 0.045189092821295004, activeness: 0.09869338026796927, primalobj: 0.9605513146794026, dualobj: -Inf
solve--
end solve-- RelaxOptimal OPTIMAL
 weights_sum: 1.0000004029866405
itereffortlevel: 0
--separating...
--find a better primal bound 0.057607868830159274 by Alternative descent Eigen
--found a cut state by heuristic 0.057607868830159274 -0.0 
iteration: 1176,  #states: 2282, valueb: -0.0, activeness: 0.057607868830159274, primalobj: 0.9605466760913085, dualobj: -Inf
solve--
end solve-- RelaxOptimal OPTIMAL
 weights_sum: 0.999999999999999
itereffortlevel: 0
--separating...
--find a better primal bound 0.07309295302543753 by Alternative descent Eigen
--found a cut state by heuristic 0.07309295302543753 0.043984868402163264 
iteration: 1177,  #states: 2283, valueb: 0.043984868402163264, activeness: 0.07309295302543753, primalobj: 0.9605416483008552, dualobj: -Inf
solve--
end solve-- RelaxOptimal OPTIMAL
 weights_sum: 1.0000000000000018
itereffortlevel: 0
--separating...
--find a better primal bound 0.09706742597683767 by Alternative descent Eigen
--found a cut state by heuristic 0.09706742597683767 0.04147701843133613 
iteration: 1178,  #states: 2284, valueb: 0.04147701843133613, activeness: 0.09706742597683767, primalobj: 0.960539971162026, dualobj: -Inf
solve--
end solve-- RelaxOptimal OPTIMAL
 weights_sum: 1.000000043078687
itereffortlevel: 0
--separating...
--find a better primal bound 0.08173758664753641 by Alternative descent Eigen
--found a cut state by heuristic 0.08173758664753641 -0.0 
iteration: 1179,  #states: 2285, valueb: -0.0, activeness: 0.08173758664753641, primalobj: 0.9605295840524858, dualobj: -Inf
solve--
end solve-- RelaxOptimal OPTIMAL
 weights_sum: 0.9999999999999996
itereffortlevel: 0
--separating...
--find a better primal bound 0.05875448625447205 by Alternative descent Eigen
--found a cut state by heuristic 0.05875448625447205 0.044748196848378725 
iteration: 1180,  #states: 2286, valueb: 0.044748196848378725, activeness: 0.05875448625447205, primalobj: 0.9605165317883231, dualobj: -Inf
solve--
end solve-- RelaxOptimal OPTIMAL
 weights_sum: 1.0000000000000009
itereffortlevel: 0
--separating...
--find a better primal bound 0.10009669541521608 by Alternative descent Eigen
--found a cut state by heuristic 0.10009669541521608 0.033254508254733084 
iteration: 1181,  #states: 2287, valueb: 0.033254508254733084, activeness: 0.10009669541521608, primalobj: 0.9605138661063675, dualobj: -Inf
solve--
end solve-- RelaxOptimal OPTIMAL
 weights_sum: 1.0
itereffortlevel: 0
--separating...
--find a better primal bound 0.08763266315935639 by Alternative descent Eigen
--found a cut state by heuristic 0.08763266315935639 0.03508000660379762 
iteration: 1182,  #states: 2288, valueb: 0.03508000660379762, activeness: 0.08763266315935639, primalobj: 0.9605068797627649, dualobj: -Inf
solve--
end solve-- RelaxOptimal OPTIMAL
 weights_sum: 0.9999999999999994
itereffortlevel: 0
--separating...
--find a better primal bound 0.027617009258489596 by Alternative descent Eigen
--found a cut state by heuristic 0.027617009258489596 -0.0 
iteration: 1183,  #states: 2289, valueb: -0.0, activeness: 0.027617009258489596, primalobj: 0.9605002803546797, dualobj: -Inf
solve--
end solve-- RelaxOptimal OPTIMAL
 weights_sum: 0.9999999999999982
itereffortlevel: 0
--separating...
--find a better primal bound 0.10508329721126543 by Alternative descent Eigen
--found a cut state by heuristic 0.10508329721126543 0.0389086168490852 
iteration: 1184,  #states: 2290, valueb: 0.0389086168490852, activeness: 0.10508329721126543, primalobj: 0.9604980028587491, dualobj: -Inf
solve--
end solve-- RelaxOptimal OPTIMAL
 weights_sum: 1.0000000000000004
itereffortlevel: 0
--separating...
--find a better primal bound 0.09996564274226978 by Alternative descent Eigen
--found a cut state by heuristic 0.09996564274226978 0.05287970111802401 
iteration: 1185,  #states: 2291, valueb: 0.05287970111802401, activeness: 0.09996564274226978, primalobj: 0.9604918463412914, dualobj: -Inf
solve--
end solve-- RelaxOptimal OPTIMAL
 weights_sum: 0.9999999999999998
itereffortlevel: 0
--separating...
--find a better primal bound 0.07106124586764896 by Alternative descent Eigen
--found a cut state by heuristic 0.07106124586764896 0.049396822562827694 
iteration: 1186,  #states: 2292, valueb: 0.049396822562827694, activeness: 0.07106124586764896, primalobj: 0.9604858613758434, dualobj: -Inf
solve--
end solve-- RelaxOptimal OPTIMAL
 weights_sum: 1.0000000987341013
itereffortlevel: 0
--separating...
--find a better primal bound 0.12400050659163302 by Alternative descent Eigen
--found a cut state by heuristic 0.12400050659163302 0.05107727483831891 
iteration: 1187,  #states: 2293, valueb: 0.05107727483831891, activeness: 0.12400050659163302, primalobj: 0.9604839181871563, dualobj: -Inf
solve--
end solve-- RelaxOptimal OPTIMAL
 weights_sum: 1.0000000000000002
itereffortlevel: 0
--separating...
--find a better primal bound 0.1311661650178101 by Alternative descent Eigen
--found a cut state by heuristic 0.1311661650178101 0.06372443231508323 
iteration: 1188,  #states: 2294, valueb: 0.06372443231508323, activeness: 0.1311661650178101, primalobj: 0.9604672654004125, dualobj: -Inf
solve--
end solve-- RelaxOptimal OPTIMAL
 weights_sum: 1.0000002896290963
itereffortlevel: 0
--separating...
--find a better primal bound 0.11133617046193572 by Alternative descent Eigen
--found a cut state by heuristic 0.11133617046193572 0.061509242820907445 
iteration: 1189,  #states: 2295, valueb: 0.061509242820907445, activeness: 0.11133617046193572, primalobj: 0.9604557732074508, dualobj: -Inf
solve--
end solve-- RelaxOptimal OPTIMAL
 weights_sum: 0.9999999999999994
itereffortlevel: 0
--separating...
--find a better primal bound 0.1660160858967902 by Alternative descent Eigen
--found a cut state by heuristic 0.1660160858967902 0.05903571492907453 
iteration: 1190,  #states: 2296, valueb: 0.05903571492907453, activeness: 0.1660160858967902, primalobj: 0.9604516544689352, dualobj: -Inf
solve--
end solve-- RelaxOptimal OPTIMAL
 weights_sum: 1.0
itereffortlevel: 0
--separating...
--find a better primal bound 0.08666751658523514 by Alternative descent Eigen
--found a cut state by heuristic 0.08666751658523514 0.047972660594895904 
iteration: 1191,  #states: 2297, valueb: 0.047972660594895904, activeness: 0.08666751658523514, primalobj: 0.9604400156302753, dualobj: -Inf
solve--
end solve-- RelaxOptimal OPTIMAL
 weights_sum: 1.0000000000000004
itereffortlevel: 0
--separating...
--find a better primal bound 0.09672242375511755 by Alternative descent Eigen
--found a cut state by heuristic 0.09672242375511755 0.04618195721701221 
iteration: 1192,  #states: 2298, valueb: 0.04618195721701221, activeness: 0.09672242375511755, primalobj: 0.9604346184968889, dualobj: -Inf
solve--
end solve-- RelaxOptimal OPTIMAL
 weights_sum: 1.0
itereffortlevel: 0
--separating...
--find a better primal bound 0.053417623859693474 by Alternative descent Eigen
--found a cut state by heuristic 0.053417623859693474 -0.0 
iteration: 1193,  #states: 2299, valueb: -0.0, activeness: 0.053417623859693474, primalobj: 0.9604291617508839, dualobj: -Inf
solve--
end solve-- RelaxOptimal OPTIMAL
 weights_sum: 1.000001972411753
itereffortlevel: 0
--separating...
--find a better primal bound 0.10940257539215448 by Alternative descent Eigen
--found a cut state by heuristic 0.10940257539215448 0.04477371985915969 
iteration: 1194,  #states: 2300, valueb: 0.04477371985915969, activeness: 0.10940257539215448, primalobj: 0.9604249128061841, dualobj: -Inf
solve--
end solve-- RelaxOptimal OPTIMAL
 weights_sum: 1.0000000000000002
itereffortlevel: 0
--separating...
--find a better primal bound 0.13351515552633467 by Alternative descent Eigen
--found a cut state by heuristic 0.13351515552633467 0.08960216589139482 
iteration: 1195,  #states: 2301, valueb: 0.08960216589139482, activeness: 0.13351515552633467, primalobj: 0.960422668793731, dualobj: -Inf
solve--
end solve-- RelaxOptimal OPTIMAL
 weights_sum: 1.0000007011506449
itereffortlevel: 0
--separating...
--find a better primal bound 0.09178178331896215 by Alternative descent Eigen
--found a cut state by heuristic 0.09178178331896215 0.046266956763020464 
iteration: 1196,  #states: 2302, valueb: 0.046266956763020464, activeness: 0.09178178331896215, primalobj: 0.9604207663903357, dualobj: -Inf
solve--
end solve-- RelaxOptimal OPTIMAL
 weights_sum: 0.9999999999999996
itereffortlevel: 0
--separating...
--find a better primal bound 0.09436230824149111 by Alternative descent Eigen
--found a cut state by heuristic 0.09436230824149111 0.042364617023944395 
iteration: 1197,  #states: 2303, valueb: 0.042364617023944395, activeness: 0.09436230824149111, primalobj: 0.9604152161257402, dualobj: -Inf
solve--
end solve-- RelaxOptimal OPTIMAL
 weights_sum: 1.0
itereffortlevel: 0
--separating...
--find a better primal bound 0.10542011583513036 by Alternative descent Eigen
--found a cut state by heuristic 0.10542011583513036 0.0550878565836529 
iteration: 1198,  #states: 2304, valueb: 0.0550878565836529, activeness: 0.10542011583513036, primalobj: 0.9604119411523537, dualobj: -Inf
solve--
end solve-- RelaxOptimal OPTIMAL
 weights_sum: 1.00000127885586
itereffortlevel: 0
--separating...
--find a better primal bound 0.07441277121239219 by Alternative descent Eigen
--found a cut state by heuristic 0.07441277121239219 0.051065795244959994 
iteration: 1199,  #states: 2305, valueb: 0.051065795244959994, activeness: 0.07441277121239219, primalobj: 0.9604083231963749, dualobj: -Inf
solve--
end solve-- RelaxOptimal OPTIMAL
 weights_sum: 1.0000000000000009
itereffortlevel: 0
--separating...
--find a better primal bound 0.09852167258666017 by Alternative descent Eigen
--found a cut state by heuristic 0.09852167258666017 0.053167163177339605 
iteration: 1200,  #states: 2306, valueb: 0.053167163177339605, activeness: 0.09852167258666017, primalobj: 0.9604058401478802, dualobj: -Inf
solve--
end solve-- RelaxOptimal OPTIMAL
 weights_sum: 0.9999999999999999
itereffortlevel: 0
--separating...
--find a better primal bound 0.11039078372030639 by Alternative descent Eigen
--found a cut state by heuristic 0.11039078372030639 0.029870669681960588 
iteration: 1201,  #states: 2307, valueb: 0.029870669681960588, activeness: 0.11039078372030639, primalobj: 0.9604025454070105, dualobj: -Inf
solve--
end solve-- RelaxOptimal OPTIMAL
 weights_sum: 0.9999999999999997
itereffortlevel: 0
--separating...
--find a better primal bound 0.1213889883054227 by Alternative descent Eigen
--found a cut state by heuristic 0.1213889883054227 0.05271382391082539 
iteration: 1202,  #states: 2308, valueb: 0.05271382391082539, activeness: 0.1213889883054227, primalobj: 0.9603950920096753, dualobj: -Inf
solve--
end solve-- RelaxOptimal OPTIMAL
 weights_sum: 0.9999999999999996
itereffortlevel: 0
--separating...
--find a better primal bound 0.12153005423095944 by Alternative descent Eigen
--found a cut state by heuristic 0.12153005423095944 0.0550385216680479 
iteration: 1203,  #states: 2309, valueb: 0.0550385216680479, activeness: 0.12153005423095944, primalobj: 0.9603888698337277, dualobj: -Inf
solve--
end solve-- RelaxOptimal OPTIMAL
 weights_sum: 0.9999999999999997
itereffortlevel: 0
--separating...
--find a better primal bound 0.11205813759388768 by Alternative descent Eigen
--found a cut state by heuristic 0.11205813759388768 0.05892962879329647 
iteration: 1204,  #states: 2310, valueb: 0.05892962879329647, activeness: 0.11205813759388768, primalobj: 0.9603806940865958, dualobj: -Inf
solve--
end solve-- RelaxOptimal OPTIMAL
 weights_sum: 0.9999999999999999
itereffortlevel: 0
--separating...
--find a better primal bound 0.06820069674568288 by Alternative descent Eigen
--found a cut state by heuristic 0.06820069674568288 -0.0 
iteration: 1205,  #states: 2311, valueb: -0.0, activeness: 0.06820069674568288, primalobj: 0.9603729311032803, dualobj: -Inf
solve--
end solve-- RelaxOptimal OPTIMAL
 weights_sum: 1.0
itereffortlevel: 0
--separating...
--find a better primal bound 0.09697541850040434 by Alternative descent Eigen
--found a cut state by heuristic 0.09697541850040434 0.057268394151459914 
iteration: 1206,  #states: 2312, valueb: 0.057268394151459914, activeness: 0.09697541850040434, primalobj: 0.9603662530771607, dualobj: -Inf
solve--
end solve-- RelaxOptimal OPTIMAL
 weights_sum: 0.9999999999999998
itereffortlevel: 0
--separating...
--find a better primal bound 0.10065680146303953 by Alternative descent Eigen
--found a cut state by heuristic 0.10065680146303953 0.06812528331921949 
iteration: 1207,  #states: 2313, valueb: 0.06812528331921949, activeness: 0.10065680146303953, primalobj: 0.9603607003397232, dualobj: -Inf
solve--
end solve-- RelaxOptimal OPTIMAL
 weights_sum: 1.0
itereffortlevel: 0
--separating...
--find a better primal bound 0.09661566849189133 by Alternative descent Eigen
--found a cut state by heuristic 0.09661566849189133 0.0589843514616252 
iteration: 1208,  #states: 2314, valueb: 0.0589843514616252, activeness: 0.09661566849189133, primalobj: 0.9603589621485027, dualobj: -Inf
solve--
end solve-- RelaxOptimal OPTIMAL
 weights_sum: 0.9999999999999999
itereffortlevel: 0
--separating...
--find a better primal bound 0.12352160888166003 by Alternative descent Eigen
--found a cut state by heuristic 0.12352160888166003 0.0600267916521974 
iteration: 1209,  #states: 2315, valueb: 0.0600267916521974, activeness: 0.12352160888166003, primalobj: 0.9603527943292874, dualobj: -Inf
solve--
end solve-- RelaxOptimal OPTIMAL
 weights_sum: 1.000000007158016
itereffortlevel: 0
--separating...
--find a better primal bound 0.09148153495076573 by Alternative descent Eigen
--found a cut state by heuristic 0.09148153495076573 0.056447949511200995 
iteration: 1210,  #states: 2316, valueb: 0.056447949511200995, activeness: 0.09148153495076573, primalobj: 0.9603458168591952, dualobj: -Inf
solve--
end solve-- RelaxOptimal OPTIMAL
 weights_sum: 1.0000000291939788
itereffortlevel: 0
--separating...
--find a better primal bound 0.09034846864291174 by Alternative descent Eigen
--found a cut state by heuristic 0.09034846864291174 0.06766044083284618 
iteration: 1211,  #states: 2317, valueb: 0.06766044083284618, activeness: 0.09034846864291174, primalobj: 0.960344297120455, dualobj: -Inf
solve--
end solve-- RelaxOptimal OPTIMAL
 weights_sum: 0.9999999999999996
itereffortlevel: 0
--separating...
--find a better primal bound 0.1180913665173309 by Alternative descent Eigen
--found a cut state by heuristic 0.1180913665173309 0.06593787497495199 
iteration: 1212,  #states: 2318, valueb: 0.06593787497495199, activeness: 0.1180913665173309, primalobj: 0.9603422611029038, dualobj: -Inf
solve--
end solve-- RelaxOptimal OPTIMAL
 weights_sum: 0.9999999999999999
itereffortlevel: 0
--separating...
--find a better primal bound 0.12104296395527642 by Alternative descent Eigen
--found a cut state by heuristic 0.12104296395527642 0.06706673092478134 
iteration: 1213,  #states: 2319, valueb: 0.06706673092478134, activeness: 0.12104296395527642, primalobj: 0.960336068010104, dualobj: -Inf
solve--
end solve-- RelaxOptimal OPTIMAL
 weights_sum: 1.0
itereffortlevel: 0
--separating...
--find a better primal bound 0.0929727927126037 by Alternative descent Eigen
--found a cut state by heuristic 0.0929727927126037 0.05752049731446306 
iteration: 1214,  #states: 2320, valueb: 0.05752049731446306, activeness: 0.0929727927126037, primalobj: 0.9603298474548514, dualobj: -Inf
solve--
end solve-- RelaxOptimal OPTIMAL
 weights_sum: 1.0000035898319015
itereffortlevel: 0
--separating...
--find a better primal bound 0.13678832136211444 by Alternative descent Eigen
--found a cut state by heuristic 0.13678832136211444 0.06528687044117706 
iteration: 1215,  #states: 2321, valueb: 0.06528687044117706, activeness: 0.13678832136211444, primalobj: 0.9603234040689999, dualobj: -Inf
solve--
end solve-- RelaxOptimal OPTIMAL
 weights_sum: 0.9999999999999997
itereffortlevel: 0
--separating...
--find a better primal bound 0.11553809217489835 by Alternative descent Eigen
--found a cut state by heuristic 0.11553809217489835 0.07111277051803874 
iteration: 1216,  #states: 2322, valueb: 0.07111277051803874, activeness: 0.11553809217489835, primalobj: 0.9603192225802669, dualobj: -Inf
solve--
end solve-- RelaxOptimal OPTIMAL
 weights_sum: 0.9999999999999997
itereffortlevel: 0
--separating...
--find a better primal bound 0.018743926933270736 by Alternative descent Eigen
--found a cut state by heuristic 0.018743926933270736 -0.0 
iteration: 1217,  #states: 2323, valueb: -0.0, activeness: 0.018743926933270736, primalobj: 0.960315016082422, dualobj: -Inf
solve--
end solve-- RelaxOptimal OPTIMAL
 weights_sum: 1.0000000000000004
itereffortlevel: 0
--separating...
--find a better primal bound 0.09629711451218215 by Alternative descent Eigen
--found a cut state by heuristic 0.09629711451218215 0.057303769262649795 
iteration: 1218,  #states: 2324, valueb: 0.057303769262649795, activeness: 0.09629711451218215, primalobj: 0.9603129100551445, dualobj: -Inf
solve--
end solve-- RelaxOptimal OPTIMAL
 weights_sum: 0.9999999999999998
itereffortlevel: 0
--separating...
--find a better primal bound 0.11088245757218446 by Alternative descent Eigen
--found a cut state by heuristic 0.11088245757218446 0.061767182118841295 
iteration: 1219,  #states: 2325, valueb: 0.061767182118841295, activeness: 0.11088245757218446, primalobj: 0.96030953749287, dualobj: -Inf
solve--
end solve-- RelaxOptimal OPTIMAL
 weights_sum: 1.0000013857943877
itereffortlevel: 0
--separating...
--find a better primal bound 0.08311381608054305 by Alternative descent Eigen
--found a cut state by heuristic 0.08311381608054305 0.058072068591018655 
iteration: 1220,  #states: 2326, valueb: 0.058072068591018655, activeness: 0.08311381608054305, primalobj: 0.9603061472366166, dualobj: -Inf
solve--
end solve-- RelaxOptimal OPTIMAL
 weights_sum: 1.0000000724478846
itereffortlevel: 0
--separating...
--find a better primal bound 0.07790776699860363 by Alternative descent Eigen
--found a cut state by heuristic 0.07790776699860363 0.05916026231263232 
iteration: 1221,  #states: 2327, valueb: 0.05916026231263232, activeness: 0.07790776699860363, primalobj: 0.9603048523931417, dualobj: -Inf
solve--
end solve-- RelaxOptimal OPTIMAL
 weights_sum: 1.0000000000000004
itereffortlevel: 0
--separating...
--find a better primal bound 0.10402646487978295 by Alternative descent Eigen
--found a cut state by heuristic 0.10402646487978295 0.06235281924414034 
iteration: 1222,  #states: 2328, valueb: 0.06235281924414034, activeness: 0.10402646487978295, primalobj: 0.9603038333598668, dualobj: -Inf
solve--
end solve-- RelaxOptimal OPTIMAL
 weights_sum: 1.0
itereffortlevel: 0
--separating...
--find a better primal bound 0.09983839731705252 by Alternative descent Eigen
--found a cut state by heuristic 0.09983839731705252 0.05090317932803236 
iteration: 1223,  #states: 2329, valueb: 0.05090317932803236, activeness: 0.09983839731705252, primalobj: 0.9603003038124476, dualobj: -Inf
solve--
end solve-- RelaxOptimal OPTIMAL
 weights_sum: 1.0000000000000004
itereffortlevel: 0
--separating...
--find a better primal bound 0.08015847943405148 by Alternative descent Eigen
--found a cut state by heuristic 0.08015847943405148 0.05251604930110845 
iteration: 1224,  #states: 2330, valueb: 0.05251604930110845, activeness: 0.08015847943405148, primalobj: 0.9602975783989232, dualobj: -Inf
solve--
end solve-- RelaxOptimal OPTIMAL
 weights_sum: 1.0000000000000009
itereffortlevel: 0
--separating...
--find a better primal bound 0.09770618671607387 by Alternative descent Eigen
--found a cut state by heuristic 0.09770618671607387 0.05934140869390886 
iteration: 1225,  #states: 2331, valueb: 0.05934140869390886, activeness: 0.09770618671607387, primalobj: 0.9602946365898064, dualobj: -Inf
solve--
end solve-- RelaxOptimal OPTIMAL
 weights_sum: 1.000000073619638
itereffortlevel: 0
--separating...
--find a better primal bound 0.07397054815242048 by Alternative descent Eigen
--found a cut state by heuristic 0.07397054815242048 0.05659197880581859 
iteration: 1226,  #states: 2332, valueb: 0.05659197880581859, activeness: 0.07397054815242048, primalobj: 0.9602900878155806, dualobj: -Inf
solve--
end solve-- RelaxOptimal OPTIMAL
 weights_sum: 1.0000000000000004
itereffortlevel: 0
--separating...
--find a better primal bound 0.09552606326314052 by Alternative descent Eigen
--found a cut state by heuristic 0.09552606326314052 0.050504360235966266 
iteration: 1227,  #states: 2333, valueb: 0.050504360235966266, activeness: 0.09552606326314052, primalobj: 0.9602877958222162, dualobj: -Inf
solve--
end solve-- RelaxOptimal OPTIMAL
 weights_sum: 1.0000000014072181
itereffortlevel: 0
--separating...
--find a better primal bound 0.11084771829527604 by Alternative descent Eigen
--found a cut state by heuristic 0.11084771829527604 0.04620579703259336 
iteration: 1228,  #states: 2334, valueb: 0.04620579703259336, activeness: 0.11084771829527604, primalobj: 0.9602847298415829, dualobj: -Inf
solve--
end solve-- RelaxOptimal OPTIMAL
 weights_sum: 0.9999999999999998
itereffortlevel: 0
--separating...
--find a better primal bound 0.056744068108194205 by Alternative descent Eigen
--found a cut state by heuristic 0.056744068108194205 -0.0 
iteration: 1229,  #states: 2335, valueb: -0.0, activeness: 0.056744068108194205, primalobj: 0.960277116308099, dualobj: -Inf
solve--
end solve-- RelaxOptimal OPTIMAL
 weights_sum: 1.000000000000001
itereffortlevel: 0
--separating...
--find a better primal bound 0.0990015884476225 by Alternative descent Eigen
--found a cut state by heuristic 0.0990015884476225 0.05042060331972666 
iteration: 1230,  #states: 2336, valueb: 0.05042060331972666, activeness: 0.0990015884476225, primalobj: 0.9602720357200427, dualobj: -Inf
solve--
end solve-- RelaxOptimal OPTIMAL
 weights_sum: 1.0000000000000002
itereffortlevel: 0
--separating...
--find a better primal bound 0.1326043881248608 by Alternative descent Eigen
--found a cut state by heuristic 0.1326043881248608 0.04999051749768613 
iteration: 1231,  #states: 2337, valueb: 0.04999051749768613, activeness: 0.1326043881248608, primalobj: 0.9602667244189392, dualobj: -Inf
solve--
end solve-- RelaxOptimal OPTIMAL
 weights_sum: 0.9999999999999997
itereffortlevel: 0
--separating...
--find a better primal bound 0.07898437804537264 by Alternative descent Eigen
--found a cut state by heuristic 0.07898437804537264 0.04125309642049202 
iteration: 1232,  #states: 2338, valueb: 0.04125309642049202, activeness: 0.07898437804537264, primalobj: 0.9602577248450466, dualobj: -Inf
solve--
end solve-- RelaxOptimal OPTIMAL
 weights_sum: 1.0000000000000004
itereffortlevel: 0
--separating...
--find a better primal bound 0.10494760513177426 by Alternative descent Eigen
--found a cut state by heuristic 0.10494760513177426 0.04293831323500525 
iteration: 1233,  #states: 2339, valueb: 0.04293831323500525, activeness: 0.10494760513177426, primalobj: 0.9602532227479902, dualobj: -Inf
solve--
end solve-- RelaxOptimal OPTIMAL
 weights_sum: 1.0000000881781501
itereffortlevel: 0
--separating...
--find a better primal bound 0.13683617143550492 by Alternative descent Eigen
--found a cut state by heuristic 0.13683617143550492 0.061305210529094475 
iteration: 1234,  #states: 2340, valueb: 0.061305210529094475, activeness: 0.13683617143550492, primalobj: 0.9602402100428604, dualobj: -Inf
solve--
end solve-- RelaxOptimal OPTIMAL
 weights_sum: 1.000002087991429
itereffortlevel: 0
--separating...
--find a better primal bound 0.10879004439915868 by Alternative descent Eigen
--found a cut state by heuristic 0.10879004439915868 0.04005861553010805 
iteration: 1235,  #states: 2341, valueb: 0.04005861553010805, activeness: 0.10879004439915868, primalobj: 0.9602226014659132, dualobj: -Inf
solve--
end solve-- RelaxOptimal OPTIMAL
 weights_sum: 1.0000001824504026
itereffortlevel: 0
--separating...
--find a better primal bound 0.10110655054556314 by Alternative descent Eigen
--found a cut state by heuristic 0.10110655054556314 0.0515185470258174 
iteration: 1236,  #states: 2342, valueb: 0.0515185470258174, activeness: 0.10110655054556314, primalobj: 0.9602117996000438, dualobj: -Inf
solve--
end solve-- RelaxOptimal OPTIMAL
 weights_sum: 1.0000000173507566
itereffortlevel: 0
--separating...
--find a better primal bound 0.06930965290583924 by Alternative descent Eigen
--found a cut state by heuristic 0.06930965290583924 0.039075623672564855 
iteration: 1237,  #states: 2343, valueb: 0.039075623672564855, activeness: 0.06930965290583924, primalobj: 0.9602019940085396, dualobj: -Inf
solve--
end solve-- RelaxOptimal OPTIMAL
 weights_sum: 1.0
itereffortlevel: 0
--separating...
--find a better primal bound 0.12151899301075514 by Alternative descent Eigen
--found a cut state by heuristic 0.12151899301075514 0.05858589650313353 
iteration: 1238,  #states: 2344, valueb: 0.05858589650313353, activeness: 0.12151899301075514, primalobj: 0.9601950050372166, dualobj: -Inf
solve--
end solve-- RelaxOptimal OPTIMAL
 weights_sum: 0.9999999999999998
itereffortlevel: 0
--separating...
--find a better primal bound 0.0811777266608763 by Alternative descent Eigen
--found a cut state by heuristic 0.0811777266608763 0.04718286291690205 
iteration: 1239,  #states: 2345, valueb: 0.04718286291690205, activeness: 0.0811777266608763, primalobj: 0.9601889936856789, dualobj: -Inf
solve--
end solve-- RelaxOptimal OPTIMAL
 weights_sum: 1.0000000000000013
itereffortlevel: 0
--separating...
--find a better primal bound 0.08846575937074348 by Alternative descent Eigen
--found a cut state by heuristic 0.08846575937074348 0.04874015030308131 
iteration: 1240,  #states: 2346, valueb: 0.04874015030308131, activeness: 0.08846575937074348, primalobj: 0.960186936237799, dualobj: -Inf
solve--
end solve-- RelaxOptimal OPTIMAL
 weights_sum: 0.9999999999999998
itereffortlevel: 0
--separating...
--find a better primal bound 0.09732732374239475 by Alternative descent Eigen
--found a cut state by heuristic 0.09732732374239475 0.039089307078468805 
iteration: 1241,  #states: 2347, valueb: 0.039089307078468805, activeness: 0.09732732374239475, primalobj: 0.9601840311436969, dualobj: -Inf
solve--
end solve-- RelaxOptimal OPTIMAL
 weights_sum: 1.0000000000000004
itereffortlevel: 0
--separating...
--find a better primal bound 0.0893675368377457 by Alternative descent Eigen
--found a cut state by heuristic 0.0893675368377457 0.033769585832328294 
iteration: 1242,  #states: 2348, valueb: 0.033769585832328294, activeness: 0.0893675368377457, primalobj: 0.9601796602295724, dualobj: -Inf
solve--
end solve-- RelaxOptimal OPTIMAL
 weights_sum: 1.0000000000000009
itereffortlevel: 0
--separating...
--find a better primal bound 0.07040932166505387 by Alternative descent Eigen
--found a cut state by heuristic 0.07040932166505387 0.02530662545793806 
iteration: 1243,  #states: 2349, valueb: 0.02530662545793806, activeness: 0.07040932166505387, primalobj: 0.9601709950260844, dualobj: -Inf
solve--
end solve-- RelaxOptimal OPTIMAL
 weights_sum: 0.9999999999999992
itereffortlevel: 0
--separating...
--find a better primal bound 0.08766271812417248 by Alternative descent Eigen
--found a cut state by heuristic 0.08766271812417248 0.03729126256518968 
iteration: 1244,  #states: 2350, valueb: 0.03729126256518968, activeness: 0.08766271812417248, primalobj: 0.9601661016303356, dualobj: -Inf
solve--
end solve-- RelaxOptimal OPTIMAL
 weights_sum: 1.000000000000001
itereffortlevel: 0
--separating...
--find a better primal bound 0.03887830481324299 by Alternative descent Eigen
--found a cut state by heuristic 0.03887830481324299 0.033715401555389546 
iteration: 1245,  #states: 2351, valueb: 0.033715401555389546, activeness: 0.03887830481324299, primalobj: 0.9601497281896907, dualobj: -Inf
solve--
end solve-- RelaxOptimal OPTIMAL
 weights_sum: 1.0
itereffortlevel: 0
--separating...
--find a better primal bound 0.10199981600364025 by Alternative descent Eigen
--found a cut state by heuristic 0.10199981600364025 0.03353873593216382 
iteration: 1246,  #states: 2352, valueb: 0.03353873593216382, activeness: 0.10199981600364025, primalobj: 0.960149352423047, dualobj: -Inf
solve--
end solve-- RelaxOptimal OPTIMAL
 weights_sum: 1.0
itereffortlevel: 0
--separating...
--find a better primal bound 0.09929629912880696 by Alternative descent Eigen
--found a cut state by heuristic 0.09929629912880696 0.04765243857930093 
iteration: 1247,  #states: 2353, valueb: 0.04765243857930093, activeness: 0.09929629912880696, primalobj: 0.960139065986866, dualobj: -Inf
solve--
end solve-- RelaxOptimal OPTIMAL
 weights_sum: 1.0000000000000004
itereffortlevel: 0
--separating...
--find a better primal bound 0.09239755566372643 by Alternative descent Eigen
--found a cut state by heuristic 0.09239755566372643 0.04044512098752118 
iteration: 1248,  #states: 2354, valueb: 0.04044512098752118, activeness: 0.09239755566372643, primalobj: 0.9601342808043568, dualobj: -Inf
solve--
end solve-- RelaxOptimal OPTIMAL
 weights_sum: 1.0000000000000009
itereffortlevel: 0
--separating...
--find a better primal bound 0.1178416339892326 by Alternative descent Eigen
--found a cut state by heuristic 0.1178416339892326 0.05260135686822583 
iteration: 1249,  #states: 2355, valueb: 0.05260135686822583, activeness: 0.1178416339892326, primalobj: 0.9601248621699414, dualobj: -Inf
solve--
end solve-- RelaxOptimal OPTIMAL
 weights_sum: 1.0000000000000013
itereffortlevel: 0
--separating...
--find a better primal bound 0.08686116647098927 by Alternative descent Eigen
--found a cut state by heuristic 0.08686116647098927 0.0462476569057527 
iteration: 1250,  #states: 2356, valueb: 0.0462476569057527, activeness: 0.08686116647098927, primalobj: 0.9601206000682994, dualobj: -Inf
solve--
end solve-- RelaxOptimal OPTIMAL
 weights_sum: 1.0000000000000004
itereffortlevel: 0
--separating...
--find a better primal bound 0.1038509326584898 by Alternative descent Eigen
--found a cut state by heuristic 0.1038509326584898 0.03368649427028042 
iteration: 1251,  #states: 2357, valueb: 0.03368649427028042, activeness: 0.1038509326584898, primalobj: 0.960114865378686, dualobj: -Inf
solve--
end solve-- RelaxOptimal OPTIMAL
 weights_sum: 1.0000002071573404
itereffortlevel: 0
--separating...
--find a better primal bound 0.06752087932635312 by Alternative descent Eigen
--found a cut state by heuristic 0.06752087932635312 0.04812321150742999 
iteration: 1252,  #states: 2358, valueb: 0.04812321150742999, activeness: 0.06752087932635312, primalobj: 0.9601091725534472, dualobj: -Inf
solve--
end solve-- RelaxOptimal OPTIMAL
 weights_sum: 1.0000001599368114
itereffortlevel: 0
--separating...
--find a better primal bound 0.07975868959398885 by Alternative descent Eigen
--found a cut state by heuristic 0.07975868959398885 0.0485108218136848 
iteration: 1253,  #states: 2359, valueb: 0.0485108218136848, activeness: 0.07975868959398885, primalobj: 0.9601072344712356, dualobj: -Inf
solve--
end solve-- RelaxOptimal OPTIMAL
 weights_sum: 0.9999999999999998
itereffortlevel: 0
--separating...
--find a better primal bound 0.05748078962563502 by Alternative descent Eigen
--found a cut state by heuristic 0.05748078962563502 0.042202824038112596 
iteration: 1254,  #states: 2360, valueb: 0.042202824038112596, activeness: 0.05748078962563502, primalobj: 0.9601003990377583, dualobj: -Inf
solve--
end solve-- RelaxOptimal OPTIMAL
 weights_sum: 0.9999999999999999
itereffortlevel: 0
--separating...
--find a better primal bound 0.13435811129718864 by Alternative descent Eigen
--found a cut state by heuristic 0.13435811129718864 0.04194116884989287 
iteration: 1255,  #states: 2361, valueb: 0.04194116884989287, activeness: 0.13435811129718864, primalobj: 0.960099554263482, dualobj: -Inf
solve--
end solve-- RelaxOptimal OPTIMAL
 weights_sum: 0.9999999999999982
itereffortlevel: 0
--separating...
--find a better primal bound 0.09541986470418284 by Alternative descent Eigen
--found a cut state by heuristic 0.09541986470418284 0.032009305772028915 
iteration: 1256,  #states: 2362, valueb: 0.032009305772028915, activeness: 0.09541986470418284, primalobj: 0.960083342608695, dualobj: -Inf
solve--
end solve-- RelaxOptimal OPTIMAL
 weights_sum: 0.9999999999999998
itereffortlevel: 0
--separating...
--find a better primal bound 0.09801841227688475 by Alternative descent Eigen
--found a cut state by heuristic 0.09801841227688475 0.04152583873200841 
iteration: 1257,  #states: 2363, valueb: 0.04152583873200841, activeness: 0.09801841227688475, primalobj: 0.9600710453118065, dualobj: -Inf
solve--
end solve-- RelaxOptimal OPTIMAL
 weights_sum: 1.0000000000000002
itereffortlevel: 0
--separating...
--find a better primal bound 0.08910167764977252 by Alternative descent Eigen
--found a cut state by heuristic 0.08910167764977252 0.028578951168829577 
iteration: 1258,  #states: 2364, valueb: 0.028578951168829577, activeness: 0.08910167764977252, primalobj: 0.9600585389645597, dualobj: -Inf
solve--
end solve-- RelaxOptimal OPTIMAL
 weights_sum: 1.000000000000001
itereffortlevel: 0
--separating...
--find a better primal bound 0.07957754404856868 by Alternative descent Eigen
--found a cut state by heuristic 0.07957754404856868 0.039680309745577166 
iteration: 1259,  #states: 2365, valueb: 0.039680309745577166, activeness: 0.07957754404856868, primalobj: 0.9600424844131017, dualobj: -Inf
solve--
end solve-- RelaxOptimal OPTIMAL
 weights_sum: 0.9999999999999998
itereffortlevel: 0
--separating...
--find a better primal bound 0.10471985898016255 by Alternative descent Eigen
--found a cut state by heuristic 0.10471985898016255 0.03933786120254223 
iteration: 1260,  #states: 2366, valueb: 0.03933786120254223, activeness: 0.10471985898016255, primalobj: 0.9600339462537855, dualobj: -Inf
solve--
end solve-- RelaxOptimal OPTIMAL
 weights_sum: 1.0000001716945084
itereffortlevel: 0
--separating...
--find a better primal bound 0.07707014616014399 by Alternative descent Eigen
--found a cut state by heuristic 0.07707014616014399 0.0322687408992182 
iteration: 1261,  #states: 2367, valueb: 0.0322687408992182, activeness: 0.07707014616014399, primalobj: 0.9600240297165215, dualobj: -Inf
solve--
end solve-- RelaxOptimal OPTIMAL
 weights_sum: 0.9999999999999991
itereffortlevel: 0
--separating...
--find a better primal bound 0.07086688559460701 by Alternative descent Eigen
--found a cut state by heuristic 0.07086688559460701 0.03169197602658362 
iteration: 1262,  #states: 2368, valueb: 0.03169197602658362, activeness: 0.07086688559460701, primalobj: 0.9600190015638008, dualobj: -Inf
solve--
end solve-- RelaxOptimal OPTIMAL
 weights_sum: 1.0000009969386314
itereffortlevel: 0
--separating...
--find a better primal bound 0.09525779076279471 by Alternative descent Eigen
--found a cut state by heuristic 0.09525779076279471 0.03464096755524952 
iteration: 1263,  #states: 2369, valueb: 0.03464096755524952, activeness: 0.09525779076279471, primalobj: 0.960013164454984, dualobj: -Inf
solve--
end solve-- RelaxOptimal OPTIMAL
 weights_sum: 1.0000008958060511
itereffortlevel: 0
--separating...
--find a better primal bound 0.08116420211380088 by Alternative descent Eigen
--found a cut state by heuristic 0.08116420211380088 0.030000646178195905 
iteration: 1264,  #states: 2370, valueb: 0.030000646178195905, activeness: 0.08116420211380088, primalobj: 0.9600028162271499, dualobj: -Inf
solve--
end solve-- RelaxOptimal OPTIMAL
 weights_sum: 0.9999999999999999
itereffortlevel: 0
--separating...
--find a better primal bound 0.09912047141140862 by Alternative descent Eigen
--found a cut state by heuristic 0.09912047141140862 0.029956590820999603 
iteration: 1265,  #states: 2371, valueb: 0.029956590820999603, activeness: 0.09912047141140862, primalobj: 0.9599964814022675, dualobj: -Inf
solve--
end solve-- RelaxOptimal OPTIMAL
 weights_sum: 1.0000004177589428
itereffortlevel: 0
--separating...
--find a better primal bound 0.0601245518412042 by Alternative descent Eigen
--found a cut state by heuristic 0.0601245518412042 -0.0 
iteration: 1266,  #states: 2372, valueb: -0.0, activeness: 0.0601245518412042, primalobj: 0.9599856970736929, dualobj: -Inf
solve--
end solve-- RelaxOptimal OPTIMAL
 weights_sum: 0.9999999999999996
itereffortlevel: 0
--separating...
--find a better primal bound 0.058590764831809666 by Alternative descent Eigen
--found a cut state by heuristic 0.058590764831809666 -0.0 
iteration: 1267,  #states: 2373, valueb: -0.0, activeness: 0.058590764831809666, primalobj: 0.9599778704680726, dualobj: -Inf
solve--
end solve-- RelaxOptimal OPTIMAL
 weights_sum: 0.9999999999999988
itereffortlevel: 0
--separating...
--find a better primal bound 0.07680105975942385 by Alternative descent Eigen
--found a cut state by heuristic 0.07680105975942385 0.03330711040220425 
iteration: 1268,  #states: 2374, valueb: 0.03330711040220425, activeness: 0.07680105975942385, primalobj: 0.9599690802370651, dualobj: -Inf
solve--
end solve-- RelaxOptimal OPTIMAL
 weights_sum: 1.0000000000000002
itereffortlevel: 0
--separating...
--find a better primal bound 0.10382637961385802 by Alternative descent Eigen
--found a cut state by heuristic 0.10382637961385802 0.03657209692302968 
iteration: 1269,  #states: 2375, valueb: 0.03657209692302968, activeness: 0.10382637961385802, primalobj: 0.9599618900436466, dualobj: -Inf
solve--
end solve-- RelaxOptimal OPTIMAL
 weights_sum: 1.0000000000000009
itereffortlevel: 0
--separating...
--find a better primal bound 0.0931398772024148 by Alternative descent Eigen
--found a cut state by heuristic 0.0931398772024148 0.03664560398050431 
iteration: 1270,  #states: 2376, valueb: 0.03664560398050431, activeness: 0.0931398772024148, primalobj: 0.9599561660449323, dualobj: -Inf
solve--
end solve-- RelaxOptimal OPTIMAL
 weights_sum: 1.0000000000000004
itereffortlevel: 0
--separating...
--find a better primal bound 0.0632313262668706 by Alternative descent Eigen
--found a cut state by heuristic 0.0632313262668706 0.0477612542617818 
iteration: 1271,  #states: 2377, valueb: 0.0477612542617818, activeness: 0.0632313262668706, primalobj: 0.9599472877863433, dualobj: -Inf
solve--
end solve-- RelaxOptimal OPTIMAL
 weights_sum: 1.0000023115300642
itereffortlevel: 0
--separating...
--find a better primal bound 0.1095294928014289 by Alternative descent Eigen
--found a cut state by heuristic 0.1095294928014289 0.05139921214339488 
iteration: 1272,  #states: 2378, valueb: 0.05139921214339488, activeness: 0.1095294928014289, primalobj: 0.9599456960034198, dualobj: -Inf
solve--
end solve-- RelaxOptimal OPTIMAL
 weights_sum: 1.0000000000000013
itereffortlevel: 0
--separating...
--find a better primal bound 0.12193917736918079 by Alternative descent Eigen
--found a cut state by heuristic 0.12193917736918079 0.05438465870700551 
iteration: 1273,  #states: 2379, valueb: 0.05438465870700551, activeness: 0.12193917736918079, primalobj: 0.959935360720731, dualobj: -Inf
solve--
end solve-- RelaxOptimal OPTIMAL
 weights_sum: 1.0000000000000002
itereffortlevel: 0
--separating...
--find a better primal bound 0.13526110825798587 by Alternative descent Eigen
--found a cut state by heuristic 0.13526110825798587 0.06133068287108623 
iteration: 1274,  #states: 2380, valueb: 0.06133068287108623, activeness: 0.13526110825798587, primalobj: 0.9599283877344067, dualobj: -Inf
solve--
end solve-- RelaxOptimal OPTIMAL
 weights_sum: 1.0
itereffortlevel: 0
--separating...
--find a better primal bound 0.10495666645317805 by Alternative descent Eigen
--found a cut state by heuristic 0.10495666645317805 0.05228029669825493 
iteration: 1275,  #states: 2381, valueb: 0.05228029669825493, activeness: 0.10495666645317805, primalobj: 0.9599203743482578, dualobj: -Inf
solve--
end solve-- RelaxOptimal OPTIMAL
 weights_sum: 0.9999999999999991
itereffortlevel: 0
--separating...
--find a better primal bound 0.10675857431620933 by Alternative descent Eigen
--found a cut state by heuristic 0.10675857431620933 0.06173368520041717 
iteration: 1276,  #states: 2382, valueb: 0.06173368520041717, activeness: 0.10675857431620933, primalobj: 0.9599150765823575, dualobj: -Inf
solve--
end solve-- RelaxOptimal OPTIMAL
 weights_sum: 1.0000000000000004
itereffortlevel: 0
--separating...
--find a better primal bound 0.08715843464992168 by Alternative descent Eigen
--found a cut state by heuristic 0.08715843464992168 0.06030450281153421 
iteration: 1277,  #states: 2383, valueb: 0.06030450281153421, activeness: 0.08715843464992168, primalobj: 0.9599094067237454, dualobj: -Inf
solve--
end solve-- RelaxOptimal OPTIMAL
 weights_sum: 1.0000007011608874
itereffortlevel: 0
--separating...
--find a better primal bound 0.08095094337099365 by Alternative descent Eigen
--found a cut state by heuristic 0.08095094337099365 0.05698660959623385 
iteration: 1278,  #states: 2384, valueb: 0.05698660959623385, activeness: 0.08095094337099365, primalobj: 0.9599060262857328, dualobj: -Inf
solve--
end solve-- RelaxOptimal OPTIMAL
 weights_sum: 1.0000000000000013
itereffortlevel: 0
--separating...
--find a better primal bound 0.08548977356105905 by Alternative descent Eigen
--found a cut state by heuristic 0.08548977356105905 0.06520438462596606 
iteration: 1279,  #states: 2385, valueb: 0.06520438462596606, activeness: 0.08548977356105905, primalobj: 0.9599039306099624, dualobj: -Inf
solve--
end solve-- RelaxOptimal OPTIMAL
 weights_sum: 0.9999999999999996
itereffortlevel: 0
--separating...
--find a better primal bound 0.11235041351440324 by Alternative descent Eigen
--found a cut state by heuristic 0.11235041351440324 0.06257936389327504 
iteration: 1280,  #states: 2386, valueb: 0.06257936389327504, activeness: 0.11235041351440324, primalobj: 0.9599025606348599, dualobj: -Inf
solve--
end solve-- RelaxOptimal OPTIMAL
 weights_sum: 0.9999999999999996
itereffortlevel: 0
--separating...
--find a better primal bound 0.07223366383980881 by Alternative descent Eigen
--found a cut state by heuristic 0.07223366383980881 -0.0 
iteration: 1281,  #states: 2387, valueb: -0.0, activeness: 0.07223366383980881, primalobj: 0.9598969608464963, dualobj: -Inf
solve--
end solve-- RelaxOptimal OPTIMAL
 weights_sum: 1.0000000000000004
itereffortlevel: 0
--separating...
--find a better primal bound 0.11295236266461883 by Alternative descent Eigen
--found a cut state by heuristic 0.11295236266461883 0.0602293377607306 
iteration: 1282,  #states: 2388, valueb: 0.0602293377607306, activeness: 0.11295236266461883, primalobj: 0.9598898210685769, dualobj: -Inf
solve--
end solve-- RelaxOptimal OPTIMAL
 weights_sum: 0.9999999999999989
itereffortlevel: 0
--separating...
--find a better primal bound 0.11052362524532042 by Alternative descent Eigen
--found a cut state by heuristic 0.11052362524532042 0.05429140295592494 
iteration: 1283,  #states: 2389, valueb: 0.05429140295592494, activeness: 0.11052362524532042, primalobj: 0.959886045150597, dualobj: -Inf
solve--
end solve-- RelaxOptimal OPTIMAL
 weights_sum: 0.9999999999999993
itereffortlevel: 0
--separating...
--find a better primal bound 0.10031222639366899 by Alternative descent Eigen
--found a cut state by heuristic 0.10031222639366899 0.052731198702227706 
iteration: 1284,  #states: 2390, valueb: 0.052731198702227706, activeness: 0.10031222639366899, primalobj: 0.9598828809241309, dualobj: -Inf
solve--
end solve-- RelaxOptimal OPTIMAL
 weights_sum: 1.0
itereffortlevel: 0
--separating...
--find a better primal bound 0.10441880302400366 by Alternative descent Eigen
--found a cut state by heuristic 0.10441880302400366 0.059153611095506375 
iteration: 1285,  #states: 2391, valueb: 0.059153611095506375, activeness: 0.10441880302400366, primalobj: 0.959878502083729, dualobj: -Inf
solve--
end solve-- RelaxOptimal OPTIMAL
 weights_sum: 0.9999999999999998
itereffortlevel: 0
--separating...
--find a better primal bound 0.09688966290048528 by Alternative descent Eigen
--found a cut state by heuristic 0.09688966290048528 0.05837227205891257 
iteration: 1286,  #states: 2392, valueb: 0.05837227205891257, activeness: 0.09688966290048528, primalobj: 0.959874766138118, dualobj: -Inf
solve--
end solve-- RelaxOptimal OPTIMAL
 weights_sum: 1.0000006790716056
itereffortlevel: 0
--separating...
--find a better primal bound 0.04614522548321835 by Alternative descent Eigen
--found a cut state by heuristic 0.04614522548321835 -0.0 
iteration: 1287,  #states: 2393, valueb: -0.0, activeness: 0.04614522548321835, primalobj: 0.9598719705927765, dualobj: -Inf
solve--
end solve-- RelaxOptimal OPTIMAL
 weights_sum: 1.0000012970813619
itereffortlevel: 0
--separating...
--find a better primal bound 0.07305352343248404 by Alternative descent Eigen
--found a cut state by heuristic 0.07305352343248404 -0.0 
iteration: 1288,  #states: 2394, valueb: -0.0, activeness: 0.07305352343248404, primalobj: 0.9598640583621612, dualobj: -Inf
solve--
end solve-- RelaxOptimal OPTIMAL
 weights_sum: 1.0000002179161844
itereffortlevel: 0
--separating...
--find a better primal bound 0.08271408779641054 by Alternative descent Eigen
--found a cut state by heuristic 0.08271408779641054 0.047456051990033984 
iteration: 1289,  #states: 2395, valueb: 0.047456051990033984, activeness: 0.08271408779641054, primalobj: 0.9598583458038668, dualobj: -Inf
solve--
end solve-- RelaxOptimal OPTIMAL
 weights_sum: 1.0000000000000004
itereffortlevel: 0
--separating...
--find a better primal bound 0.09003886396275139 by Alternative descent Eigen
--found a cut state by heuristic 0.09003886396275139 0.05768998325723296 
iteration: 1290,  #states: 2396, valueb: 0.05768998325723296, activeness: 0.09003886396275139, primalobj: 0.9598550063551181, dualobj: -Inf
solve--
end solve-- RelaxOptimal OPTIMAL
 weights_sum: 1.0000010364235767
itereffortlevel: 0
--separating...
--find a better primal bound 0.08082546112285187 by Alternative descent Eigen
--found a cut state by heuristic 0.08082546112285187 0.056641010619326304 
iteration: 1291,  #states: 2397, valueb: 0.056641010619326304, activeness: 0.08082546112285187, primalobj: 0.9598524512901543, dualobj: -Inf
solve--
end solve-- RelaxOptimal OPTIMAL
 weights_sum: 1.0000001169841422
itereffortlevel: 0
--separating...
--find a better primal bound 0.09441557761490017 by Alternative descent Eigen
--found a cut state by heuristic 0.09441557761490017 0.05019096468057019 
iteration: 1292,  #states: 2398, valueb: 0.05019096468057019, activeness: 0.09441557761490017, primalobj: 0.9598506101848283, dualobj: -Inf
solve--
end solve-- RelaxOptimal OPTIMAL
 weights_sum: 1.0000001944052213
itereffortlevel: 0
--separating...
--find a better primal bound 0.105968566344641 by Alternative descent Eigen
--found a cut state by heuristic 0.105968566344641 0.04815128983703855 
iteration: 1293,  #states: 2399, valueb: 0.04815128983703855, activeness: 0.105968566344641, primalobj: 0.9598458048260267, dualobj: -Inf
solve--
end solve-- RelaxOptimal OPTIMAL
 weights_sum: 0.9999999999999998
itereffortlevel: 0
--separating...
--find a better primal bound 0.09181355352756475 by Alternative descent Eigen
--found a cut state by heuristic 0.09181355352756475 0.04744591492851815 
iteration: 1294,  #states: 2400, valueb: 0.04744591492851815, activeness: 0.09181355352756475, primalobj: 0.9598412022747997, dualobj: -Inf
solve--
end solve-- RelaxOptimal OPTIMAL
 weights_sum: 1.0
itereffortlevel: 0
--separating...
--find a better primal bound 0.09136200419374439 by Alternative descent Eigen
--found a cut state by heuristic 0.09136200419374439 0.05870245812714708 
iteration: 1295,  #states: 2401, valueb: 0.05870245812714708, activeness: 0.09136200419374439, primalobj: 0.9598356197010405, dualobj: -Inf
solve--
end solve-- RelaxOptimal OPTIMAL
 weights_sum: 1.0000001492791342
itereffortlevel: 0
--separating...
--find a better primal bound 0.12151522815426546 by Alternative descent Eigen
--found a cut state by heuristic 0.12151522815426546 0.06035327249574994 
iteration: 1296,  #states: 2402, valueb: 0.06035327249574994, activeness: 0.12151522815426546, primalobj: 0.9598346570178588, dualobj: -Inf
solve--
end solve-- RelaxOptimal OPTIMAL
 weights_sum: 1.000001632241868
itereffortlevel: 0
--separating...
--find a better primal bound 0.024096375062937245 by Alternative descent Eigen
--found a cut state by heuristic 0.024096375062937245 -0.0 
iteration: 1297,  #states: 2403, valueb: -0.0, activeness: 0.024096375062937245, primalobj: 0.959827786113022, dualobj: -Inf
solve--
end solve-- RelaxOptimal OPTIMAL
 weights_sum: 1.0000001211665488
itereffortlevel: 0
--separating...
--find a better primal bound 0.06932806516516925 by Alternative descent Eigen
--found a cut state by heuristic 0.06932806516516925 0.0506650380457829 
iteration: 1298,  #states: 2404, valueb: 0.0506650380457829, activeness: 0.06932806516516925, primalobj: 0.9598265302684025, dualobj: -Inf
solve--
end solve-- RelaxOptimal OPTIMAL
 weights_sum: 1.0000000000000004
itereffortlevel: 0
--separating...
--find a better primal bound 0.0868707089161032 by Alternative descent Eigen
--found a cut state by heuristic 0.0868707089161032 0.044125590692464134 
iteration: 1299,  #states: 2405, valueb: 0.044125590692464134, activeness: 0.0868707089161032, primalobj: 0.9598243436653328, dualobj: -Inf
solve--
end solve-- RelaxOptimal OPTIMAL
 weights_sum: 0.9999999999999993
itereffortlevel: 0
--separating...
--find a better primal bound 0.09916925261635855 by Alternative descent Eigen
--found a cut state by heuristic 0.09916925261635855 0.052678811989477936 
iteration: 1300,  #states: 2406, valueb: 0.052678811989477936, activeness: 0.09916925261635855, primalobj: 0.9598205464595406, dualobj: -Inf
solve--
end solve-- RelaxOptimal OPTIMAL
 weights_sum: 1.0000000000000004
itereffortlevel: 0
--separating...
--find a better primal bound 0.10119221268117101 by Alternative descent Eigen
--found a cut state by heuristic 0.10119221268117101 0.04637679397171302 
iteration: 1301,  #states: 2407, valueb: 0.04637679397171302, activeness: 0.10119221268117101, primalobj: 0.959816353327064, dualobj: -Inf
solve--
end solve-- RelaxOptimal OPTIMAL
 weights_sum: 1.0000000000000004
itereffortlevel: 0
--separating...
--find a better primal bound 0.07843905635175089 by Alternative descent Eigen
--found a cut state by heuristic 0.07843905635175089 0.04130708406891498 
iteration: 1302,  #states: 2408, valueb: 0.04130708406891498, activeness: 0.07843905635175089, primalobj: 0.9598114599817937, dualobj: -Inf
solve--
end solve-- RelaxOptimal OPTIMAL
 weights_sum: 1.0000000000000004
itereffortlevel: 0
--separating...
--find a better primal bound 0.0864138891680616 by Alternative descent Eigen
--found a cut state by heuristic 0.0864138891680616 0.045658803375889526 
iteration: 1303,  #states: 2409, valueb: 0.045658803375889526, activeness: 0.0864138891680616, primalobj: 0.959806032599891, dualobj: -Inf
solve--
end solve-- RelaxOptimal OPTIMAL
 weights_sum: 1.0000001873144397
itereffortlevel: 0
--separating...
--find a better primal bound 0.09745865330878681 by Alternative descent Eigen
--found a cut state by heuristic 0.09745865330878681 0.04704520748222849 
iteration: 1304,  #states: 2410, valueb: 0.04704520748222849, activeness: 0.09745865330878681, primalobj: 0.9598013068946272, dualobj: -Inf
solve--
end solve-- RelaxOptimal OPTIMAL
 weights_sum: 1.0
itereffortlevel: 0
--separating...
--find a better primal bound 0.10378555696036351 by Alternative descent Eigen
--found a cut state by heuristic 0.10378555696036351 0.05074894707587264 
iteration: 1305,  #states: 2411, valueb: 0.05074894707587264, activeness: 0.10378555696036351, primalobj: 0.9597946946773215, dualobj: -Inf
solve--
end solve-- RelaxOptimal OPTIMAL
 weights_sum: 0.9999999999999998
itereffortlevel: 0
--separating...
--find a better primal bound 0.12549820491734015 by Alternative descent Eigen
--found a cut state by heuristic 0.12549820491734015 0.05016666881676019 
iteration: 1306,  #states: 2412, valueb: 0.05016666881676019, activeness: 0.12549820491734015, primalobj: 0.9597873901976699, dualobj: -Inf
solve--
end solve-- RelaxOptimal OPTIMAL
 weights_sum: 1.000000000000001
itereffortlevel: 0
--separating...
--find a better primal bound 0.1040066873344282 by Alternative descent Eigen
--found a cut state by heuristic 0.1040066873344282 0.053631577249610846 
iteration: 1307,  #states: 2413, valueb: 0.053631577249610846, activeness: 0.1040066873344282, primalobj: 0.9597782259655387, dualobj: -Inf
solve--
end solve-- RelaxOptimal OPTIMAL
 weights_sum: 1.0000000000000013
itereffortlevel: 0
--separating...
--find a better primal bound 0.09532821372301109 by Alternative descent Eigen
--found a cut state by heuristic 0.09532821372301109 0.058689541415595806 
iteration: 1308,  #states: 2414, valueb: 0.058689541415595806, activeness: 0.09532821372301109, primalobj: 0.9597748711812385, dualobj: -Inf
solve--
end solve-- RelaxOptimal OPTIMAL
 weights_sum: 1.000000013711747
itereffortlevel: 0
--separating...
--find a better primal bound 0.08564480373807049 by Alternative descent Eigen
--found a cut state by heuristic 0.08564480373807049 0.05344186874206619 
iteration: 1309,  #states: 2415, valueb: 0.05344186874206619, activeness: 0.08564480373807049, primalobj: 0.9597721676437035, dualobj: -Inf
solve--
end solve-- RelaxOptimal OPTIMAL
 weights_sum: 1.0000000000000009
itereffortlevel: 0
--separating...
--find a better primal bound 0.10105128126239465 by Alternative descent Eigen
--found a cut state by heuristic 0.10105128126239465 0.056102887716463656 
iteration: 1310,  #states: 2416, valueb: 0.056102887716463656, activeness: 0.10105128126239465, primalobj: 0.9597698712730016, dualobj: -Inf
solve--
end solve-- RelaxOptimal OPTIMAL
 weights_sum: 1.0000000000000013
itereffortlevel: 0
--separating...
--find a better primal bound 0.12127497610999811 by Alternative descent Eigen
--found a cut state by heuristic 0.12127497610999811 0.047350389054477034 
iteration: 1311,  #states: 2417, valueb: 0.047350389054477034, activeness: 0.12127497610999811, primalobj: 0.9597647123856423, dualobj: -Inf
solve--
end solve-- RelaxOptimal OPTIMAL
 weights_sum: 1.0000000000000002
itereffortlevel: 0
--separating...
--find a better primal bound 0.088370449909515 by Alternative descent Eigen
--found a cut state by heuristic 0.088370449909515 0.05395568060828766 
iteration: 1312,  #states: 2418, valueb: 0.05395568060828766, activeness: 0.088370449909515, primalobj: 0.9597576751022993, dualobj: -Inf
solve--
end solve-- RelaxOptimal OPTIMAL
 weights_sum: 0.9999999999999994
itereffortlevel: 0
--separating...
--find a better primal bound 0.10065284268806614 by Alternative descent Eigen
--found a cut state by heuristic 0.10065284268806614 0.07006345098650915 
iteration: 1313,  #states: 2419, valueb: 0.07006345098650915, activeness: 0.10065284268806614, primalobj: 0.9597549754862882, dualobj: -Inf
solve--
end solve-- RelaxOptimal OPTIMAL
 weights_sum: 1.0000013075100749
itereffortlevel: 0
--separating...
--find a better primal bound 0.11956270896934307 by Alternative descent Eigen
--found a cut state by heuristic 0.11956270896934307 0.06611038330970519 
iteration: 1314,  #states: 2420, valueb: 0.06611038330970519, activeness: 0.11956270896934307, primalobj: 0.9597539884776136, dualobj: -Inf
solve--
end solve-- RelaxOptimal OPTIMAL
 weights_sum: 1.0000000000000007
itereffortlevel: 0
--separating...
--find a better primal bound 0.07598581962299036 by Alternative descent Eigen
--found a cut state by heuristic 0.07598581962299036 0.07106399542075853 
iteration: 1315,  #states: 2421, valueb: 0.07106399542075853, activeness: 0.07598581962299036, primalobj: 0.9597504271131223, dualobj: -Inf
solve--
end solve-- RelaxOptimal OPTIMAL
 weights_sum: 0.9999999999999996
itereffortlevel: 0
--separating...
--find a better primal bound 0.11831901460582722 by Alternative descent Eigen
--found a cut state by heuristic 0.11831901460582722 0.06691812149566032 
iteration: 1316,  #states: 2422, valueb: 0.06691812149566032, activeness: 0.11831901460582722, primalobj: 0.9597500402559276, dualobj: -Inf
solve--
end solve-- RelaxOptimal OPTIMAL
 weights_sum: 1.0
itereffortlevel: 0
--separating...
--find a better primal bound 0.11726506668788572 by Alternative descent Eigen
--found a cut state by heuristic 0.11726506668788572 0.07254292246400795 
iteration: 1317,  #states: 2423, valueb: 0.07254292246400795, activeness: 0.11726506668788572, primalobj: 0.9597445138093748, dualobj: -Inf
solve--
end solve-- RelaxOptimal OPTIMAL
 weights_sum: 0.9999999999999991
itereffortlevel: 0
--separating...
--find a better primal bound 0.11466649952514857 by Alternative descent Eigen
--found a cut state by heuristic 0.11466649952514857 0.0773158834428849 
iteration: 1318,  #states: 2424, valueb: 0.0773158834428849, activeness: 0.11466649952514857, primalobj: 0.9597374095743032, dualobj: -Inf
solve--
end solve-- RelaxOptimal OPTIMAL
 weights_sum: 1.0000011989558601
itereffortlevel: 0
--separating...
--find a better primal bound 0.12173925907118717 by Alternative descent Eigen
--found a cut state by heuristic 0.12173925907118717 0.07932367147751196 
iteration: 1319,  #states: 2425, valueb: 0.07932367147751196, activeness: 0.12173925907118717, primalobj: 0.9597316466487646, dualobj: -Inf
solve--
end solve-- RelaxOptimal OPTIMAL
 weights_sum: 0.9999999999999993
itereffortlevel: 0
--separating...
--find a better primal bound 0.15618094713552913 by Alternative descent Eigen
--found a cut state by heuristic 0.15618094713552913 0.07983335837889215 
iteration: 1320,  #states: 2426, valueb: 0.07983335837889215, activeness: 0.15618094713552913, primalobj: 0.9597246826291885, dualobj: -Inf
solve--
end solve-- RelaxOptimal OPTIMAL
 weights_sum: 1.0000000727464178
itereffortlevel: 0
--separating...
--find a better primal bound 0.09189659573186491 by Alternative descent Eigen
--found a cut state by heuristic 0.09189659573186491 0.06462868952324709 
iteration: 1321,  #states: 2427, valueb: 0.06462868952324709, activeness: 0.09189659573186491, primalobj: 0.9597043014952176, dualobj: -Inf
solve--
end solve-- RelaxOptimal OPTIMAL
 weights_sum: 1.0000001094019872
itereffortlevel: 0
--separating...
--find a better primal bound 0.12927632237357706 by Alternative descent Eigen
--found a cut state by heuristic 0.12927632237357706 0.0703312622620656 
iteration: 1322,  #states: 2428, valueb: 0.0703312622620656, activeness: 0.12927632237357706, primalobj: 0.9597009440427289, dualobj: -Inf
solve--
end solve-- RelaxOptimal OPTIMAL
 weights_sum: 1.0000005115934831
itereffortlevel: 0
--separating...
--find a better primal bound 0.09858614190023864 by Alternative descent Eigen
--found a cut state by heuristic 0.09858614190023864 0.05485562040818104 
iteration: 1323,  #states: 2429, valueb: 0.05485562040818104, activeness: 0.09858614190023864, primalobj: 0.9596938281972494, dualobj: -Inf
solve--
end solve-- RelaxOptimal OPTIMAL
 weights_sum: 1.0000000000000002
itereffortlevel: 0
--separating...
--find a better primal bound 0.09329920335667427 by Alternative descent Eigen
--found a cut state by heuristic 0.09329920335667427 0.05931434809880008 
iteration: 1324,  #states: 2430, valueb: 0.05931434809880008, activeness: 0.09329920335667427, primalobj: 0.9596897570692433, dualobj: -Inf
solve--
end solve-- RelaxOptimal OPTIMAL
 weights_sum: 1.0000000000000004
itereffortlevel: 0
--separating...
--find a better primal bound 0.08108078483006867 by Alternative descent Eigen
--found a cut state by heuristic 0.08108078483006867 0.05977105846208808 
iteration: 1325,  #states: 2431, valueb: 0.05977105846208808, activeness: 0.08108078483006867, primalobj: 0.9596830669408304, dualobj: -Inf
solve--
end solve-- RelaxOptimal OPTIMAL
 weights_sum: 1.0
itereffortlevel: 0
--separating...
--find a better primal bound 0.07413873413402848 by Alternative descent Eigen
--found a cut state by heuristic 0.07413873413402848 0.061697081283031745 
iteration: 1326,  #states: 2432, valueb: 0.061697081283031745, activeness: 0.07413873413402848, primalobj: 0.9596800778325798, dualobj: -Inf
solve--
end solve-- RelaxOptimal OPTIMAL
 weights_sum: 0.9999999999999998
itereffortlevel: 0
--separating...
--find a better primal bound 0.06279977830451604 by Alternative descent Eigen
--found a cut state by heuristic 0.06279977830451604 -0.0 
iteration: 1327,  #states: 2433, valueb: -0.0, activeness: 0.06279977830451604, primalobj: 0.9596781319337259, dualobj: -Inf
solve--
end solve-- RelaxOptimal OPTIMAL
 weights_sum: 1.0000000000000007
itereffortlevel: 0
--separating...
--find a better primal bound 0.09176970624284855 by Alternative descent Eigen
--found a cut state by heuristic 0.09176970624284855 0.06146155656665889 
iteration: 1328,  #states: 2434, valueb: 0.06146155656665889, activeness: 0.09176970624284855, primalobj: 0.9596692728198388, dualobj: -Inf
solve--
end solve-- RelaxOptimal OPTIMAL
 weights_sum: 1.0000000000000002
itereffortlevel: 0
--separating...
--find a better primal bound 0.13147118693855608 by Alternative descent Eigen
--found a cut state by heuristic 0.13147118693855608 0.06813777809108237 
iteration: 1329,  #states: 2435, valueb: 0.06813777809108237, activeness: 0.13147118693855608, primalobj: 0.9596659149311, dualobj: -Inf
solve--
end solve-- RelaxOptimal OPTIMAL
 weights_sum: 1.0000000000000004
itereffortlevel: 0
--separating...
--find a better primal bound 0.08882247521608524 by Alternative descent Eigen
--found a cut state by heuristic 0.08882247521608524 0.062470718767086264 
iteration: 1330,  #states: 2436, valueb: 0.062470718767086264, activeness: 0.08882247521608524, primalobj: 0.9596610305148616, dualobj: -Inf
solve--
end solve-- RelaxOptimal OPTIMAL
 weights_sum: 1.0000009789668147
itereffortlevel: 0
--separating...
--find a better primal bound 0.10015463333528501 by Alternative descent Eigen
--found a cut state by heuristic 0.10015463333528501 0.06293042644394643 
iteration: 1331,  #states: 2437, valueb: 0.06293042644394643, activeness: 0.10015463333528501, primalobj: 0.9596564329623317, dualobj: -Inf
solve--
end solve-- RelaxOptimal OPTIMAL
 weights_sum: 0.9999999999999989
itereffortlevel: 0
--separating...
--find a better primal bound 0.0778407756916955 by Alternative descent Eigen
--found a cut state by heuristic 0.0778407756916955 0.06239396058895786 
iteration: 1332,  #states: 2438, valueb: 0.06239396058895786, activeness: 0.0778407756916955, primalobj: 0.9596507308617641, dualobj: -Inf
solve--
end solve-- RelaxOptimal OPTIMAL
 weights_sum: 1.0000000000000007
itereffortlevel: 0
--separating...
--find a better primal bound 0.10676335668150042 by Alternative descent Eigen
--found a cut state by heuristic 0.10676335668150042 0.06278145184911203 
iteration: 1333,  #states: 2439, valueb: 0.06278145184911203, activeness: 0.10676335668150042, primalobj: 0.9596479277091959, dualobj: -Inf
solve--
end solve-- RelaxOptimal OPTIMAL
 weights_sum: 1.000000000000001
itereffortlevel: 0
--separating...
--find a better primal bound 0.09498773122358724 by Alternative descent Eigen
--found a cut state by heuristic 0.09498773122358724 0.06164730404343943 
iteration: 1334,  #states: 2440, valueb: 0.06164730404343943, activeness: 0.09498773122358724, primalobj: 0.9596424247938201, dualobj: -Inf
solve--
end solve-- RelaxOptimal OPTIMAL
 weights_sum: 1.0000001713291482
itereffortlevel: 0
--separating...
--find a better primal bound 0.11412448731805208 by Alternative descent Eigen
--found a cut state by heuristic 0.11412448731805208 0.06253744760020213 
iteration: 1335,  #states: 2441, valueb: 0.06253744760020213, activeness: 0.11412448731805208, primalobj: 0.9596380235275923, dualobj: -Inf
solve--
end solve-- RelaxOptimal OPTIMAL
 weights_sum: 1.0000000000000013
itereffortlevel: 0
--separating...
--find a better primal bound 0.09716907408817768 by Alternative descent Eigen
--found a cut state by heuristic 0.09716907408817768 0.05842538213580449 
iteration: 1336,  #states: 2442, valueb: 0.05842538213580449, activeness: 0.09716907408817768, primalobj: 0.9596285032151519, dualobj: -Inf
solve--
end solve-- RelaxOptimal OPTIMAL
 weights_sum: 1.0000000000000018
itereffortlevel: 0
--separating...
--find a better primal bound 0.09871701278001796 by Alternative descent Eigen
--found a cut state by heuristic 0.09871701278001796 0.05587566317992641 
iteration: 1337,  #states: 2443, valueb: 0.05587566317992641, activeness: 0.09871701278001796, primalobj: 0.9596194435251821, dualobj: -Inf
solve--
end solve-- RelaxOptimal OPTIMAL
 weights_sum: 1.0000000000000004
itereffortlevel: 0
--separating...
--find a better primal bound 0.12079526047578013 by Alternative descent Eigen
--found a cut state by heuristic 0.12079526047578013 0.05677025117349518 
iteration: 1338,  #states: 2444, valueb: 0.05677025117349518, activeness: 0.12079526047578013, primalobj: 0.9596130682951304, dualobj: -Inf
solve--
end solve-- RelaxOptimal OPTIMAL
 weights_sum: 0.9999999999999998
itereffortlevel: 0
--separating...
--find a better primal bound 0.112168900122281 by Alternative descent Eigen
--found a cut state by heuristic 0.112168900122281 0.056547557866647766 
iteration: 1339,  #states: 2445, valueb: 0.056547557866647766, activeness: 0.112168900122281, primalobj: 0.959605103292516, dualobj: -Inf
solve--
end solve-- RelaxOptimal OPTIMAL
 weights_sum: 0.9999999999999998
itereffortlevel: 0
--separating...
--find a better primal bound 0.07705747357734255 by Alternative descent Eigen
--found a cut state by heuristic 0.07705747357734255 0.060201521651088934 
iteration: 1340,  #states: 2446, valueb: 0.060201521651088934, activeness: 0.07705747357734255, primalobj: 0.9595995498486196, dualobj: -Inf
solve--
end solve-- RelaxOptimal OPTIMAL
 weights_sum: 0.9999999999999998
itereffortlevel: 0
--separating...
--find a better primal bound 0.09733062240118548 by Alternative descent Eigen
--found a cut state by heuristic 0.09733062240118548 0.05710751798358976 
iteration: 1341,  #states: 2447, valueb: 0.05710751798358976, activeness: 0.09733062240118548, primalobj: 0.9595959449055679, dualobj: -Inf
solve--
end solve-- RelaxOptimal OPTIMAL
 weights_sum: 0.9999999999999998
itereffortlevel: 0
--separating...
--find a better primal bound 0.0748782121839575 by Alternative descent Eigen
--found a cut state by heuristic 0.0748782121839575 0.05447166025941111 
iteration: 1342,  #states: 2448, valueb: 0.05447166025941111, activeness: 0.0748782121839575, primalobj: 0.9595929047449584, dualobj: -Inf
solve--
end solve-- RelaxOptimal OPTIMAL
 weights_sum: 0.9999999999999989
itereffortlevel: 0
--separating...
--find a better primal bound 0.10729698481983549 by Alternative descent Eigen
--found a cut state by heuristic 0.10729698481983549 0.05085319423855672 
iteration: 1343,  #states: 2449, valueb: 0.05085319423855672, activeness: 0.10729698481983549, primalobj: 0.959591198958746, dualobj: -Inf
solve--
end solve-- RelaxOptimal OPTIMAL
 weights_sum: 0.9999999999999999
itereffortlevel: 0
--separating...
--find a better primal bound 0.1122353673268382 by Alternative descent Eigen
--found a cut state by heuristic 0.1122353673268382 0.056163214685059276 
iteration: 1344,  #states: 2450, valueb: 0.056163214685059276, activeness: 0.1122353673268382, primalobj: 0.9595875485659068, dualobj: -Inf
solve--
end solve-- RelaxOptimal OPTIMAL
 weights_sum: 1.0000000000000002
itereffortlevel: 0
--separating...
--find a better primal bound 0.08319807238318255 by Alternative descent Eigen
--found a cut state by heuristic 0.08319807238318255 0.05612801921432918 
iteration: 1345,  #states: 2451, valueb: 0.05612801921432918, activeness: 0.08319807238318255, primalobj: 0.9595807981118794, dualobj: -Inf
solve--
end solve-- RelaxOptimal OPTIMAL
 weights_sum: 1.0000000000000007
itereffortlevel: 0
--separating...
--find a better primal bound 0.09477073768821194 by Alternative descent Eigen
--found a cut state by heuristic 0.09477073768821194 0.047441442325825485 
iteration: 1346,  #states: 2452, valueb: 0.047441442325825485, activeness: 0.09477073768821194, primalobj: 0.9595785606311192, dualobj: -Inf
solve--
end solve-- RelaxOptimal OPTIMAL
 weights_sum: 1.0
itereffortlevel: 0
--separating...
--find a better primal bound 0.09668775215722522 by Alternative descent Eigen
--found a cut state by heuristic 0.09668775215722522 0.05706046807906487 
iteration: 1347,  #states: 2453, valueb: 0.05706046807906487, activeness: 0.09668775215722522, primalobj: 0.9595715137092616, dualobj: -Inf
solve--
end solve-- RelaxOptimal OPTIMAL
 weights_sum: 1.0
itereffortlevel: 0
--separating...
--find a better primal bound 0.10450064944601348 by Alternative descent Eigen
--found a cut state by heuristic 0.10450064944601348 0.06459051234971182 
iteration: 1348,  #states: 2454, valueb: 0.06459051234971182, activeness: 0.10450064944601348, primalobj: 0.9595657840044309, dualobj: -Inf
solve--
end solve-- RelaxOptimal OPTIMAL
 weights_sum: 1.0000000000000013
itereffortlevel: 0
--separating...
--find a better primal bound 0.10292053338973699 by Alternative descent Eigen
--found a cut state by heuristic 0.10292053338973699 0.07438588893358429 
iteration: 1349,  #states: 2455, valueb: 0.07438588893358429, activeness: 0.10292053338973699, primalobj: 0.9595625363979392, dualobj: -Inf
solve--
end solve-- RelaxOptimal OPTIMAL
 weights_sum: 1.0000018164366833
itereffortlevel: 0
--separating...
--find a better primal bound 0.1192394982472904 by Alternative descent Eigen
--found a cut state by heuristic 0.1192394982472904 0.0670799052009982 
iteration: 1350,  #states: 2456, valueb: 0.0670799052009982, activeness: 0.1192394982472904, primalobj: 0.9595584026965585, dualobj: -Inf
solve--
end solve-- RelaxOptimal OPTIMAL
 weights_sum: 0.9999999999999996
itereffortlevel: 0
--separating...
--find a better primal bound 0.12736668354502506 by Alternative descent Eigen
--found a cut state by heuristic 0.12736668354502506 0.0720771580356124 
iteration: 1351,  #states: 2457, valueb: 0.0720771580356124, activeness: 0.12736668354502506, primalobj: 0.959551212199148, dualobj: -Inf
solve--
end solve-- RelaxOptimal OPTIMAL
 weights_sum: 1.0
itereffortlevel: 0
--separating...
--find a better primal bound 0.11252039951203424 by Alternative descent Eigen
--found a cut state by heuristic 0.11252039951203424 0.07362288342276219 
iteration: 1352,  #states: 2458, valueb: 0.07362288342276219, activeness: 0.11252039951203424, primalobj: 0.9595454739847126, dualobj: -Inf
solve--
end solve-- RelaxOptimal OPTIMAL
 weights_sum: 0.9999999999999998
itereffortlevel: 0
--separating...
--find a better primal bound 0.1263982531242949 by Alternative descent Eigen
--found a cut state by heuristic 0.1263982531242949 0.0797037983820278 
iteration: 1353,  #states: 2459, valueb: 0.0797037983820278, activeness: 0.1263982531242949, primalobj: 0.9595395445531597, dualobj: -Inf
solve--
end solve-- RelaxOptimal OPTIMAL
 weights_sum: 0.9999999999999987
itereffortlevel: 0
--separating...
--find a better primal bound 0.12971770015075784 by Alternative descent Eigen
--found a cut state by heuristic 0.12971770015075784 0.08750069412946644 
iteration: 1354,  #states: 2460, valueb: 0.08750069412946644, activeness: 0.12971770015075784, primalobj: 0.9595325185816025, dualobj: -Inf
solve--
end solve-- RelaxOptimal OPTIMAL
 weights_sum: 0.9999999999999996
itereffortlevel: 0
--separating...
--find a better primal bound 0.030645667739527274 by Alternative descent Eigen
--found a cut state by heuristic 0.030645667739527274 -0.0 
iteration: 1355,  #states: 2461, valueb: -0.0, activeness: 0.030645667739527274, primalobj: 0.9595277338863302, dualobj: -Inf
solve--
end solve-- RelaxOptimal OPTIMAL
 weights_sum: 0.9999999999999996
itereffortlevel: 0
--separating...
--find a better primal bound 0.11147469322739338 by Alternative descent Eigen
--found a cut state by heuristic 0.11147469322739338 0.07692228202527213 
iteration: 1356,  #states: 2462, valueb: 0.07692228202527213, activeness: 0.11147469322739338, primalobj: 0.9595230419843801, dualobj: -Inf
solve--
end solve-- RelaxOptimal OPTIMAL
 weights_sum: 0.9999999999999993
itereffortlevel: 0
--separating...
--find a better primal bound 0.10537888848761733 by Alternative descent Eigen
--found a cut state by heuristic 0.10537888848761733 0.07966874967336604 
iteration: 1357,  #states: 2463, valueb: 0.07966874967336604, activeness: 0.10537888848761733, primalobj: 0.9595182547116573, dualobj: -Inf
solve--
end solve-- RelaxOptimal OPTIMAL
 weights_sum: 0.9999999999999987
itereffortlevel: 0
--separating...
--find a better primal bound 0.13091081263063153 by Alternative descent Eigen
--found a cut state by heuristic 0.13091081263063153 0.07231505330176077 
iteration: 1358,  #states: 2464, valueb: 0.07231505330176077, activeness: 0.13091081263063153, primalobj: 0.9595147714230697, dualobj: -Inf
solve--
end solve-- RelaxOptimal OPTIMAL
 weights_sum: 1.0000013973771567
itereffortlevel: 0
--separating...
--find a better primal bound 0.039714508141269006 by Alternative descent Eigen
--found a cut state by heuristic 0.039714508141269006 -0.0 
iteration: 1359,  #states: 2465, valueb: -0.0, activeness: 0.039714508141269006, primalobj: 0.9595088866749213, dualobj: -Inf
solve--
end solve-- RelaxOptimal OPTIMAL
 weights_sum: 1.0
itereffortlevel: 0
--separating...
--find a better primal bound 0.13716891154510819 by Alternative descent Eigen
--found a cut state by heuristic 0.13716891154510819 0.0723536052956603 
iteration: 1360,  #states: 2466, valueb: 0.0723536052956603, activeness: 0.13716891154510819, primalobj: 0.9595058782025563, dualobj: -Inf
solve--
end solve-- RelaxOptimal OPTIMAL
 weights_sum: 1.0
itereffortlevel: 0
--separating...
--find a better primal bound 0.11708271397785093 by Alternative descent Eigen
--found a cut state by heuristic 0.11708271397785093 0.07555693724913173 
iteration: 1361,  #states: 2467, valueb: 0.07555693724913173, activeness: 0.11708271397785093, primalobj: 0.9594906482662015, dualobj: -Inf
solve--
end solve-- RelaxOptimal OPTIMAL
 weights_sum: 1.0000012555736257
itereffortlevel: 0
--separating...
--find a better primal bound 0.11579765741970025 by Alternative descent Eigen
--found a cut state by heuristic 0.11579765741970025 0.07541716733336265 
iteration: 1362,  #states: 2468, valueb: 0.07541716733336265, activeness: 0.11579765741970025, primalobj: 0.9594863393618159, dualobj: -Inf
solve--
end solve-- RelaxOptimal OPTIMAL
 weights_sum: 1.0000000386252181
itereffortlevel: 0
--separating...
--find a better primal bound 0.1033317199251505 by Alternative descent Eigen
--found a cut state by heuristic 0.1033317199251505 0.0437062683630826 
iteration: 1363,  #states: 2469, valueb: 0.0437062683630826, activeness: 0.1033317199251505, primalobj: 0.9594827153030185, dualobj: -Inf
solve--
end solve-- RelaxOptimal OPTIMAL
 weights_sum: 1.0000000000000002
itereffortlevel: 0
--separating...
--find a better primal bound 0.13757130192688766 by Alternative descent Eigen
--found a cut state by heuristic 0.13757130192688766 0.07273166790049179 
iteration: 1364,  #states: 2470, valueb: 0.07273166790049179, activeness: 0.13757130192688766, primalobj: 0.9594764675244523, dualobj: -Inf
solve--
end solve-- RelaxOptimal OPTIMAL
 weights_sum: 1.0
itereffortlevel: 0
--separating...
--find a better primal bound 0.05544862649415204 by Alternative descent Eigen
--found a cut state by heuristic 0.05544862649415204 -0.0 
iteration: 1365,  #states: 2471, valueb: -0.0, activeness: 0.05544862649415204, primalobj: 0.9594683103233661, dualobj: -Inf
solve--
end solve-- RelaxOptimal OPTIMAL
 weights_sum: 1.0000000000000007
itereffortlevel: 0
--separating...
--find a better primal bound 0.1119460671838773 by Alternative descent Eigen
--found a cut state by heuristic 0.1119460671838773 0.06881636371588773 
iteration: 1366,  #states: 2472, valueb: 0.06881636371588773, activeness: 0.1119460671838773, primalobj: 0.9594627337623318, dualobj: -Inf
solve--
end solve-- RelaxOptimal OPTIMAL
 weights_sum: 0.9999999999999997
itereffortlevel: 0
--separating...
--find a better primal bound 0.033992607264410536 by Alternative descent Eigen
--found a cut state by heuristic 0.033992607264410536 -0.0 
iteration: 1367,  #states: 2473, valueb: -0.0, activeness: 0.033992607264410536, primalobj: 0.9594588175434788, dualobj: -Inf
solve--
end solve-- RelaxOptimal OPTIMAL
 weights_sum: 0.9999999999999993
itereffortlevel: 0
--separating...
--find a better primal bound 0.10915458384792132 by Alternative descent Eigen
--found a cut state by heuristic 0.10915458384792132 0.07327974072855614 
iteration: 1368,  #states: 2474, valueb: 0.07327974072855614, activeness: 0.10915458384792132, primalobj: 0.9594535099138553, dualobj: -Inf
solve--
end solve-- RelaxOptimal OPTIMAL
 weights_sum: 0.999999999999999
itereffortlevel: 0
--separating...
--find a better primal bound 0.0995896785092518 by Alternative descent Eigen
--found a cut state by heuristic 0.0995896785092518 0.07298656268529163 
iteration: 1369,  #states: 2475, valueb: 0.07298656268529163, activeness: 0.0995896785092518, primalobj: 0.9594508261528578, dualobj: -Inf
solve--
end solve-- RelaxOptimal OPTIMAL
 weights_sum: 1.0000013059674768
itereffortlevel: 0
--separating...
--find a better primal bound 0.09320053859722033 by Alternative descent Eigen
--found a cut state by heuristic 0.09320053859722033 0.07017490751849054 
iteration: 1370,  #states: 2476, valueb: 0.07017490751849054, activeness: 0.09320053859722033, primalobj: 0.9594476415681952, dualobj: -Inf
solve--
end solve-- RelaxOptimal OPTIMAL
 weights_sum: 1.000002679039659
itereffortlevel: 0
--separating...
--find a better primal bound 0.09149312017230854 by Alternative descent Eigen
--found a cut state by heuristic 0.09149312017230854 0.07562752401518681 
iteration: 1371,  #states: 2477, valueb: 0.07562752401518681, activeness: 0.09149312017230854, primalobj: 0.9594445793650266, dualobj: -Inf
solve--
end solve-- RelaxOptimal OPTIMAL
 weights_sum: 0.9999999999999988
itereffortlevel: 0
--separating...
--find a better primal bound 0.09159179558778674 by Alternative descent Eigen
--found a cut state by heuristic 0.09159179558778674 0.0642625556360661 
iteration: 1372,  #states: 2478, valueb: 0.0642625556360661, activeness: 0.09159179558778674, primalobj: 0.9594426869763646, dualobj: -Inf
solve--
end solve-- RelaxOptimal OPTIMAL
 weights_sum: 1.0000000758935954
itereffortlevel: 0
--separating...
--find a better primal bound 0.12709620800513538 by Alternative descent Eigen
--found a cut state by heuristic 0.12709620800513538 0.06572918632396915 
iteration: 1373,  #states: 2479, valueb: 0.06572918632396915, activeness: 0.12709620800513538, primalobj: 0.9594385337095701, dualobj: -Inf
solve--
end solve-- RelaxOptimal OPTIMAL
 weights_sum: 1.0000000000000013
itereffortlevel: 0
--separating...
--find a better primal bound 0.09066208254020819 by Alternative descent Eigen
--found a cut state by heuristic 0.09066208254020819 0.0642418795848595 
iteration: 1374,  #states: 2480, valueb: 0.0642418795848595, activeness: 0.09066208254020819, primalobj: 0.9594338631123576, dualobj: -Inf
solve--
end solve-- RelaxOptimal OPTIMAL
 weights_sum: 0.9999999999999996
itereffortlevel: 0
--separating...
--find a better primal bound 0.1025436086021288 by Alternative descent Eigen
--found a cut state by heuristic 0.1025436086021288 0.060646670847601225 
iteration: 1375,  #states: 2481, valueb: 0.060646670847601225, activeness: 0.1025436086021288, primalobj: 0.9594329806571925, dualobj: -Inf
solve--
end solve-- RelaxOptimal OPTIMAL
 weights_sum: 1.0000000000000004
itereffortlevel: 0
--separating...
--find a better primal bound 0.13391734903543415 by Alternative descent Eigen
--found a cut state by heuristic 0.13391734903543415 0.07072629687601144 
iteration: 1376,  #states: 2482, valueb: 0.07072629687601144, activeness: 0.13391734903543415, primalobj: 0.9594289537169443, dualobj: -Inf
solve--
end solve-- RelaxOptimal OPTIMAL
 weights_sum: 0.9999999999999998
itereffortlevel: 0
--separating...
--find a better primal bound 0.14764516279994688 by Alternative descent Eigen
--found a cut state by heuristic 0.14764516279994688 0.06741700203711865 
iteration: 1377,  #states: 2483, valueb: 0.06741700203711865, activeness: 0.14764516279994688, primalobj: 0.9594233516961406, dualobj: -Inf
solve--
end solve-- RelaxOptimal OPTIMAL
 weights_sum: 1.0000000000000007
itereffortlevel: 0
--separating...
--find a better primal bound 0.10482383567665568 by Alternative descent Eigen
--found a cut state by heuristic 0.10482383567665568 0.058510707753799455 
iteration: 1378,  #states: 2484, valueb: 0.058510707753799455, activeness: 0.10482383567665568, primalobj: 0.9594152340765536, dualobj: -Inf
solve--
end solve-- RelaxOptimal OPTIMAL
 weights_sum: 1.000000000000001
itereffortlevel: 0
--separating...
--find a better primal bound 0.07034984345985959 by Alternative descent Eigen
--found a cut state by heuristic 0.07034984345985959 0.05313503821936126 
iteration: 1379,  #states: 2485, valueb: 0.05313503821936126, activeness: 0.07034984345985959, primalobj: 0.9594115704912869, dualobj: -Inf
solve--
end solve-- RelaxOptimal OPTIMAL
 weights_sum: 0.9999999999999998
itereffortlevel: 0
--separating...
--find a better primal bound 0.0425091530408266 by Alternative descent Eigen
--found a cut state by heuristic 0.0425091530408266 -0.0 
iteration: 1380,  #states: 2486, valueb: -0.0, activeness: 0.0425091530408266, primalobj: 0.9594093249700006, dualobj: -Inf
solve--
end solve-- RelaxOptimal OPTIMAL
 weights_sum: 0.9999999999999984
itereffortlevel: 0
--separating...
--find a better primal bound 0.08930845135924811 by Alternative descent Eigen
--found a cut state by heuristic 0.08930845135924811 0.05364838449518655 
iteration: 1381,  #states: 2487, valueb: 0.05364838449518655, activeness: 0.08930845135924811, primalobj: 0.9594062032637114, dualobj: -Inf
solve--
end solve-- RelaxOptimal OPTIMAL
 weights_sum: 0.9999999999999997
itereffortlevel: 0
--separating...
--find a better primal bound 0.12747410220210154 by Alternative descent Eigen
--found a cut state by heuristic 0.12747410220210154 0.06218937607901661 
iteration: 1382,  #states: 2488, valueb: 0.06218937607901661, activeness: 0.12747410220210154, primalobj: 0.9594029573403009, dualobj: -Inf
solve--
end solve-- RelaxOptimal OPTIMAL
 weights_sum: 0.9999999999999993
itereffortlevel: 0
--separating...
--find a better primal bound 0.06959846963942709 by Alternative descent Eigen
--found a cut state by heuristic 0.06959846963942709 -0.0 
iteration: 1383,  #states: 2489, valueb: -0.0, activeness: 0.06959846963942709, primalobj: 0.9593928052309955, dualobj: -Inf
solve--
end solve-- RelaxOptimal OPTIMAL
 weights_sum: 1.0000000000000009
itereffortlevel: 0
--separating...
--find a better primal bound 0.09873947934272491 by Alternative descent Eigen
--found a cut state by heuristic 0.09873947934272491 0.06385631790284861 
iteration: 1384,  #states: 2490, valueb: 0.06385631790284861, activeness: 0.09873947934272491, primalobj: 0.9593869806881734, dualobj: -Inf
solve--
end solve-- RelaxOptimal OPTIMAL
 weights_sum: 0.9999999999999993
itereffortlevel: 0
--separating...
--find a better primal bound 0.10842650150640287 by Alternative descent Eigen
--found a cut state by heuristic 0.10842650150640287 0.07402043300005305 
iteration: 1385,  #states: 2491, valueb: 0.07402043300005305, activeness: 0.10842650150640287, primalobj: 0.9593844114717096, dualobj: -Inf
solve--
end solve-- RelaxOptimal OPTIMAL
 weights_sum: 1.0000000000000004
itereffortlevel: 0
--separating...
--find a better primal bound 0.1271923344143951 by Alternative descent Eigen
--found a cut state by heuristic 0.1271923344143951 0.062059427496326855 
iteration: 1386,  #states: 2492, valueb: 0.062059427496326855, activeness: 0.1271923344143951, primalobj: 0.9593795246365205, dualobj: -Inf
solve--
end solve-- RelaxOptimal OPTIMAL
 weights_sum: 1.0000000000000004
itereffortlevel: 0
--separating...
--find a better primal bound 0.08404549547641557 by Alternative descent Eigen
--found a cut state by heuristic 0.08404549547641557 0.06294621324613339 
iteration: 1387,  #states: 2493, valueb: 0.06294621324613339, activeness: 0.08404549547641557, primalobj: 0.9593699898952348, dualobj: -Inf
solve--
end solve-- RelaxOptimal OPTIMAL
 weights_sum: 0.9999999999999994
itereffortlevel: 0
--separating...
--find a better primal bound 0.12064658850447532 by Alternative descent Eigen
--found a cut state by heuristic 0.12064658850447532 0.06102657629749794 
iteration: 1388,  #states: 2494, valueb: 0.06102657629749794, activeness: 0.12064658850447532, primalobj: 0.9593687358855663, dualobj: -Inf
solve--
end solve-- RelaxOptimal OPTIMAL
 weights_sum: 1.0000000000000004
itereffortlevel: 0
--separating...
--find a better primal bound 0.10208993832060954 by Alternative descent Eigen
--found a cut state by heuristic 0.10208993832060954 0.05747396446852522 
iteration: 1389,  #states: 2495, valueb: 0.05747396446852522, activeness: 0.10208993832060954, primalobj: 0.9593567052954574, dualobj: -Inf
solve--
end solve-- RelaxOptimal OPTIMAL
 weights_sum: 1.0000000000000007
itereffortlevel: 0
--separating...
--find a better primal bound 0.08384112904604109 by Alternative descent Eigen
--found a cut state by heuristic 0.08384112904604109 0.053751907321918764 
iteration: 1390,  #states: 2496, valueb: 0.053751907321918764, activeness: 0.08384112904604109, primalobj: 0.9593511313882483, dualobj: -Inf
solve--
end solve-- RelaxOptimal OPTIMAL
 weights_sum: 0.999999999999998
itereffortlevel: 0
--separating...
--find a better primal bound 0.11216130059310157 by Alternative descent Eigen
--found a cut state by heuristic 0.11216130059310157 0.051437549263327026 
iteration: 1391,  #states: 2497, valueb: 0.051437549263327026, activeness: 0.11216130059310157, primalobj: 0.9593459740820236, dualobj: -Inf
solve--
end solve-- RelaxOptimal OPTIMAL
 weights_sum: 0.999999999999999
itereffortlevel: 0
--separating...
--find a better primal bound 0.08723873956951214 by Alternative descent Eigen
--found a cut state by heuristic 0.08723873956951214 0.06214788159422596 
iteration: 1392,  #states: 2498, valueb: 0.06214788159422596, activeness: 0.08723873956951214, primalobj: 0.9593374209230796, dualobj: -Inf
solve--
end solve-- RelaxOptimal OPTIMAL
 weights_sum: 1.0000001335969908
itereffortlevel: 0
--separating...
--find a better primal bound 0.10951039249097508 by Alternative descent Eigen
--found a cut state by heuristic 0.10951039249097508 0.06678309058381363 
iteration: 1393,  #states: 2499, valueb: 0.06678309058381363, activeness: 0.10951039249097508, primalobj: 0.9593352021765085, dualobj: -Inf
solve--
end solve-- RelaxOptimal OPTIMAL
 weights_sum: 1.0000000000000013
itereffortlevel: 0
--separating...
--find a better primal bound 0.10090804612364232 by Alternative descent Eigen
--found a cut state by heuristic 0.10090804612364232 0.04851969546930386 
iteration: 1394,  #states: 2500, valueb: 0.04851969546930386, activeness: 0.10090804612364232, primalobj: 0.9593302629080032, dualobj: -Inf
solve--
end solve-- RelaxOptimal OPTIMAL
 weights_sum: 0.9999999999999989
itereffortlevel: 0
--separating...
--find a better primal bound 0.11485954945153805 by Alternative descent Eigen
--found a cut state by heuristic 0.11485954945153805 0.06564943448078599 
iteration: 1395,  #states: 2501, valueb: 0.06564943448078599, activeness: 0.11485954945153805, primalobj: 0.9593238732907492, dualobj: -Inf
solve--
end solve-- RelaxOptimal OPTIMAL
 weights_sum: 1.0000007419406738
itereffortlevel: 0
--separating...
--find a better primal bound 0.09205203941023812 by Alternative descent Eigen
--found a cut state by heuristic 0.09205203941023812 0.05154004250547 
iteration: 1396,  #states: 2502, valueb: 0.05154004250547, activeness: 0.09205203941023812, primalobj: 0.9593193874373719, dualobj: -Inf
solve--
end solve-- RelaxOptimal OPTIMAL
 weights_sum: 1.0000000000000009
itereffortlevel: 0
--separating...
--find a better primal bound 0.10334334547738697 by Alternative descent Eigen
--found a cut state by heuristic 0.10334334547738697 0.05713944153057912 
iteration: 1397,  #states: 2503, valueb: 0.05713944153057912, activeness: 0.10334334547738697, primalobj: 0.959313614926993, dualobj: -Inf
solve--
end solve-- RelaxOptimal OPTIMAL
 weights_sum: 0.9999999999999998
itereffortlevel: 0
--separating...
--find a better primal bound 0.03925865597739592 by Alternative descent Eigen
--found a cut state by heuristic 0.03925865597739592 -0.0 
iteration: 1398,  #states: 2504, valueb: -0.0, activeness: 0.03925865597739592, primalobj: 0.9593096680399547, dualobj: -Inf
solve--
end solve-- RelaxOptimal OPTIMAL
 weights_sum: 1.0
itereffortlevel: 0
--separating...
--find a better primal bound 0.09117320384569555 by Alternative descent Eigen
--found a cut state by heuristic 0.09117320384569555 0.04658891721004155 
iteration: 1399,  #states: 2505, valueb: 0.04658891721004155, activeness: 0.09117320384569555, primalobj: 0.959306565244734, dualobj: -Inf
solve--
end solve-- RelaxOptimal OPTIMAL
 weights_sum: 1.0000000000000009
itereffortlevel: 0
--separating...
--find a better primal bound 0.07797938397060007 by Alternative descent Eigen
--found a cut state by heuristic 0.07797938397060007 0.04979739713478262 
iteration: 1400,  #states: 2506, valueb: 0.04979739713478262, activeness: 0.07797938397060007, primalobj: 0.9593031503935412, dualobj: -Inf
solve--
end solve-- RelaxOptimal OPTIMAL
 weights_sum: 1.0000000000000009
itereffortlevel: 0
--separating...
--find a better primal bound 0.06466578573612877 by Alternative descent Eigen
--found a cut state by heuristic 0.06466578573612877 0.057034712861053855 
iteration: 1401,  #states: 2507, valueb: 0.057034712861053855, activeness: 0.06466578573612877, primalobj: 0.9593002857003967, dualobj: -Inf
solve--
end solve-- RelaxOptimal OPTIMAL
 weights_sum: 1.0000000000000009
itereffortlevel: 0
--separating...
--find a better primal bound 0.10870139183670458 by Alternative descent Eigen
--found a cut state by heuristic 0.10870139183670458 0.0574031512303695 
iteration: 1402,  #states: 2508, valueb: 0.0574031512303695, activeness: 0.10870139183670458, primalobj: 0.959299600947624, dualobj: -Inf
solve--
end solve-- RelaxOptimal OPTIMAL
 weights_sum: 1.0000000000000009
itereffortlevel: 0
--separating...
--find a better primal bound 0.08448862294223292 by Alternative descent Eigen
--found a cut state by heuristic 0.08448862294223292 0.05344436045183713 
iteration: 1403,  #states: 2509, valueb: 0.05344436045183713, activeness: 0.08448862294223292, primalobj: 0.9592920916129979, dualobj: -Inf
solve--
end solve-- RelaxOptimal OPTIMAL
 weights_sum: 1.0000000000000002
itereffortlevel: 0
--separating...
--find a better primal bound 0.09560291036989572 by Alternative descent Eigen
--found a cut state by heuristic 0.09560291036989572 0.05106393095095632 
iteration: 1404,  #states: 2510, valueb: 0.05106393095095632, activeness: 0.09560291036989572, primalobj: 0.9592889348449452, dualobj: -Inf
solve--
end solve-- RelaxOptimal OPTIMAL
 weights_sum: 0.9999999999999993
itereffortlevel: 0
--separating...
--find a better primal bound 0.08549335079603415 by Alternative descent Eigen
--found a cut state by heuristic 0.08549335079603415 0.05593957867813079 
iteration: 1405,  #states: 2511, valueb: 0.05593957867813079, activeness: 0.08549335079603415, primalobj: 0.9592849769061813, dualobj: -Inf
solve--
end solve-- RelaxOptimal OPTIMAL
 weights_sum: 0.9999999999999991
itereffortlevel: 0
--separating...
--find a better primal bound 0.09517923509522366 by Alternative descent Eigen
--found a cut state by heuristic 0.09517923509522366 0.05014797306824176 
iteration: 1406,  #states: 2512, valueb: 0.05014797306824176, activeness: 0.09517923509522366, primalobj: 0.9592802635874621, dualobj: -Inf
solve--
end solve-- RelaxOptimal OPTIMAL
 weights_sum: 0.9999999999999996
itereffortlevel: 0
--separating...
--find a better primal bound 0.08210660405179865 by Alternative descent Eigen
--found a cut state by heuristic 0.08210660405179865 0.06224526171297978 
iteration: 1407,  #states: 2513, valueb: 0.06224526171297978, activeness: 0.08210660405179865, primalobj: 0.9592715106847711, dualobj: -Inf
solve--
end solve-- RelaxOptimal OPTIMAL
 weights_sum: 0.9999999999999992
itereffortlevel: 0
--separating...
--find a better primal bound 0.0998867599221168 by Alternative descent Eigen
--found a cut state by heuristic 0.0998867599221168 0.06678499351466599 
iteration: 1408,  #states: 2514, valueb: 0.06678499351466599, activeness: 0.0998867599221168, primalobj: 0.9592674235443194, dualobj: -Inf
solve--
end solve-- RelaxOptimal OPTIMAL
 weights_sum: 1.0
itereffortlevel: 0
--separating...
--find a better primal bound 0.11196237212417126 by Alternative descent Eigen
--found a cut state by heuristic 0.11196237212417126 0.062930106119953 
iteration: 1409,  #states: 2515, valueb: 0.062930106119953, activeness: 0.11196237212417126, primalobj: 0.9592632215920217, dualobj: -Inf
solve--
end solve-- RelaxOptimal OPTIMAL
 weights_sum: 0.9999999999999996
itereffortlevel: 0
--separating...
--find a better primal bound 0.13320017837961357 by Alternative descent Eigen
--found a cut state by heuristic 0.13320017837961357 0.06486140648333848 
iteration: 1410,  #states: 2516, valueb: 0.06486140648333848, activeness: 0.13320017837961357, primalobj: 0.9592590985814409, dualobj: -Inf
solve--
end solve-- RelaxOptimal OPTIMAL
 weights_sum: 0.9999999999999988
itereffortlevel: 0
--separating...
--find a better primal bound 0.08612509579354848 by Alternative descent Eigen
--found a cut state by heuristic 0.08612509579354848 0.06167290354091974 
iteration: 1411,  #states: 2517, valueb: 0.06167290354091974, activeness: 0.08612509579354848, primalobj: 0.959252540726532, dualobj: -Inf
solve--
end solve-- RelaxOptimal OPTIMAL
 weights_sum: 1.000000000000001
itereffortlevel: 0
--separating...
--find a better primal bound 0.10055953428679193 by Alternative descent Eigen
--found a cut state by heuristic 0.10055953428679193 0.060847328174204865 
iteration: 1412,  #states: 2518, valueb: 0.060847328174204865, activeness: 0.10055953428679193, primalobj: 0.959250040782657, dualobj: -Inf
solve--
end solve-- RelaxOptimal OPTIMAL
 weights_sum: 0.9999999999999996
itereffortlevel: 0
--separating...
--find a better primal bound 0.05346039712957736 by Alternative descent Eigen
--found a cut state by heuristic 0.05346039712957736 -0.0 
iteration: 1413,  #states: 2519, valueb: -0.0, activeness: 0.05346039712957736, primalobj: 0.9592452493720608, dualobj: -Inf
solve--
end solve-- RelaxOptimal OPTIMAL
 weights_sum: 0.9999999999999987
itereffortlevel: 0
--separating...
--find a better primal bound 0.08594768125089068 by Alternative descent Eigen
--found a cut state by heuristic 0.08594768125089068 0.06030221505635408 
iteration: 1414,  #states: 2520, valueb: 0.06030221505635408, activeness: 0.08594768125089068, primalobj: 0.9592408295644141, dualobj: -Inf
solve--
end solve-- RelaxOptimal OPTIMAL
 weights_sum: 0.9999999999999998
itereffortlevel: 0
--separating...
--find a better primal bound 0.08789655471821442 by Alternative descent Eigen
--found a cut state by heuristic 0.08789655471821442 0.05549666191127023 
iteration: 1415,  #states: 2521, valueb: 0.05549666191127023, activeness: 0.08789655471821442, primalobj: 0.9592385679998701, dualobj: -Inf
solve--
end solve-- RelaxOptimal OPTIMAL
 weights_sum: 0.9999999999999996
itereffortlevel: 0
--separating...
--find a better primal bound 0.1044953301140128 by Alternative descent Eigen
--found a cut state by heuristic 0.1044953301140128 0.05339150607695051 
iteration: 1416,  #states: 2522, valueb: 0.05339150607695051, activeness: 0.1044953301140128, primalobj: 0.9592352703036964, dualobj: -Inf
solve--
end solve-- RelaxOptimal OPTIMAL
 weights_sum: 1.0000003346021586
itereffortlevel: 0
--separating...
--find a better primal bound 0.06845941811911144 by Alternative descent Eigen
--found a cut state by heuristic 0.06845941811911144 0.051399721606412686 
iteration: 1417,  #states: 2523, valueb: 0.051399721606412686, activeness: 0.06845941811911144, primalobj: 0.959231319660338, dualobj: -Inf
solve--
end solve-- RelaxOptimal OPTIMAL
 weights_sum: 0.9999999999999997
itereffortlevel: 0
--separating...
--find a better primal bound 0.02966305949677498 by Alternative descent Eigen
--found a cut state by heuristic 0.02966305949677498 -0.0 
iteration: 1418,  #states: 2524, valueb: -0.0, activeness: 0.02966305949677498, primalobj: 0.9592295551589235, dualobj: -Inf
solve--
end solve-- RelaxOptimal OPTIMAL
 weights_sum: 0.9999999999999991
itereffortlevel: 0
--separating...
--find a better primal bound 0.08589805796773371 by Alternative descent Eigen
--found a cut state by heuristic 0.08589805796773371 0.051509305991970455 
iteration: 1419,  #states: 2525, valueb: 0.051509305991970455, activeness: 0.08589805796773371, primalobj: 0.9592270571185927, dualobj: -Inf
solve--
end solve-- RelaxOptimal OPTIMAL
 weights_sum: 1.0000019098960782
itereffortlevel: 0
--separating...
--find a better primal bound 0.09388216143078207 by Alternative descent Eigen
--found a cut state by heuristic 0.09388216143078207 0.04771189262533263 
iteration: 1420,  #states: 2526, valueb: 0.04771189262533263, activeness: 0.09388216143078207, primalobj: 0.9592246902605005, dualobj: -Inf
solve--
end solve-- RelaxOptimal OPTIMAL
 weights_sum: 0.9999999999999991
itereffortlevel: 0
--separating...
--find a better primal bound 0.08336012862555872 by Alternative descent Eigen
--found a cut state by heuristic 0.08336012862555872 0.0527528716703062 
iteration: 1421,  #states: 2527, valueb: 0.0527528716703062, activeness: 0.08336012862555872, primalobj: 0.9592088069133194, dualobj: -Inf
solve--
end solve-- RelaxOptimal OPTIMAL
 weights_sum: 0.9999999999999999
itereffortlevel: 0
--separating...
--find a better primal bound 0.08212205490314828 by Alternative descent Eigen
--found a cut state by heuristic 0.08212205490314828 0.061275671448679486 
iteration: 1422,  #states: 2528, valueb: 0.061275671448679486, activeness: 0.08212205490314828, primalobj: 0.9592006563153987, dualobj: -Inf
solve--
end solve-- RelaxOptimal OPTIMAL
 weights_sum: 1.0
itereffortlevel: 0
--separating...
--find a better primal bound 0.09104617605155085 by Alternative descent Eigen
--found a cut state by heuristic 0.09104617605155085 0.06307741905777885 
iteration: 1423,  #states: 2529, valueb: 0.06307741905777885, activeness: 0.09104617605155085, primalobj: 0.9591976225067609, dualobj: -Inf
solve--
end solve-- RelaxOptimal OPTIMAL
 weights_sum: 0.9999999999999996
itereffortlevel: 0
--separating...
--find a better primal bound 0.0836846415752219 by Alternative descent Eigen
--found a cut state by heuristic 0.0836846415752219 0.059475559396910786 
iteration: 1424,  #states: 2530, valueb: 0.059475559396910786, activeness: 0.0836846415752219, primalobj: 0.9591938751094932, dualobj: -Inf
solve--
end solve-- RelaxOptimal OPTIMAL
 weights_sum: 0.9999999999999996
itereffortlevel: 0
--separating...
--find a better primal bound 0.0995072079412204 by Alternative descent Eigen
--found a cut state by heuristic 0.0995072079412204 0.059184553078276775 
iteration: 1425,  #states: 2531, valueb: 0.059184553078276775, activeness: 0.0995072079412204, primalobj: 0.9591904925065052, dualobj: -Inf
solve--
end solve-- RelaxOptimal OPTIMAL
 weights_sum: 0.9999999999999996
itereffortlevel: 0
--separating...
--find a better primal bound 0.09630272275270368 by Alternative descent Eigen
--found a cut state by heuristic 0.09630272275270368 0.05921060163401412 
iteration: 1426,  #states: 2532, valueb: 0.05921060163401412, activeness: 0.09630272275270368, primalobj: 0.9591794469275017, dualobj: -Inf
solve--
end solve-- RelaxOptimal OPTIMAL
 weights_sum: 1.0000001031423824
itereffortlevel: 0
--separating...
--find a better primal bound 0.08794674086570581 by Alternative descent Eigen
--found a cut state by heuristic 0.08794674086570581 0.051372472912650936 
iteration: 1427,  #states: 2533, valueb: 0.051372472912650936, activeness: 0.08794674086570581, primalobj: 0.9591723512362503, dualobj: -Inf
solve--
end solve-- RelaxOptimal OPTIMAL
 weights_sum: 0.9999999999999986
itereffortlevel: 0
--separating...
--find a better primal bound 0.09356987787634968 by Alternative descent Eigen
--found a cut state by heuristic 0.09356987787634968 0.05125673037745687 
iteration: 1428,  #states: 2534, valueb: 0.05125673037745687, activeness: 0.09356987787634968, primalobj: 0.9591673476401217, dualobj: -Inf
solve--
end solve-- RelaxOptimal OPTIMAL
 weights_sum: 1.0000000000000004
itereffortlevel: 0
--separating...
--find a better primal bound 0.08886919000695251 by Alternative descent Eigen
--found a cut state by heuristic 0.08886919000695251 0.060607857235666036 
iteration: 1429,  #states: 2535, valueb: 0.060607857235666036, activeness: 0.08886919000695251, primalobj: 0.9591603621092882, dualobj: -Inf
solve--
end solve-- RelaxOptimal OPTIMAL
 weights_sum: 0.9999999999999996
itereffortlevel: 0
--separating...
--find a better primal bound 0.11701701341439974 by Alternative descent Eigen
--found a cut state by heuristic 0.11701701341439974 0.056244351993401734 
iteration: 1430,  #states: 2536, valueb: 0.056244351993401734, activeness: 0.11701701341439974, primalobj: 0.959155727563644, dualobj: -Inf
solve--
end solve-- RelaxOptimal OPTIMAL
 weights_sum: 1.0000005775380794
itereffortlevel: 0
--separating...
--find a better primal bound 0.07168343060871465 by Alternative descent Eigen
--found a cut state by heuristic 0.07168343060871465 0.054877001942948894 
iteration: 1431,  #states: 2537, valueb: 0.054877001942948894, activeness: 0.07168343060871465, primalobj: 0.9591454925633207, dualobj: -Inf
solve--
end solve-- RelaxOptimal OPTIMAL
 weights_sum: 1.0
itereffortlevel: 0
--separating...
--find a better primal bound 0.05460912099642183 by Alternative descent Eigen
--found a cut state by heuristic 0.05460912099642183 0.05236939562908016 
iteration: 1432,  #states: 2538, valueb: 0.05236939562908016, activeness: 0.05460912099642183, primalobj: 0.9591427378242412, dualobj: -Inf
solve--
end solve-- RelaxOptimal OPTIMAL
 weights_sum: 0.9999999999999994
itereffortlevel: 0
--separating...
--find a better primal bound 0.11460596173374207 by Alternative descent Eigen
--found a cut state by heuristic 0.11460596173374207 0.05133696256523118 
iteration: 1433,  #states: 2539, valueb: 0.05133696256523118, activeness: 0.11460596173374207, primalobj: 0.9591426603033799, dualobj: -Inf
solve--
end solve-- RelaxOptimal OPTIMAL
 weights_sum: 1.0000000358104324
itereffortlevel: 0
--separating...
--find a better primal bound 0.09061442974534491 by Alternative descent Eigen
--found a cut state by heuristic 0.09061442974534491 0.05293162547990882 
iteration: 1434,  #states: 2540, valueb: 0.05293162547990882, activeness: 0.09061442974534491, primalobj: 0.9591274887669203, dualobj: -Inf
solve--
end solve-- RelaxOptimal OPTIMAL
 weights_sum: 1.0
itereffortlevel: 0
--separating...
--find a better primal bound 0.08106110081118008 by Alternative descent Eigen
--found a cut state by heuristic 0.08106110081118008 0.05342427762980168 
iteration: 1435,  #states: 2541, valueb: 0.05342427762980168, activeness: 0.08106110081118008, primalobj: 0.9591203680757631, dualobj: -Inf
solve--
end solve-- RelaxOptimal OPTIMAL
 weights_sum: 1.0000001871872368
itereffortlevel: 0
--separating...
--find a better primal bound 0.08984948153860431 by Alternative descent Eigen
--found a cut state by heuristic 0.08984948153860431 0.05578470307851855 
iteration: 1436,  #states: 2542, valueb: 0.05578470307851855, activeness: 0.08984948153860431, primalobj: 0.9591182923713227, dualobj: -Inf
solve--
end solve-- RelaxOptimal OPTIMAL
 weights_sum: 1.0000000000000009
itereffortlevel: 0
--separating...
--find a better primal bound 0.07950722336631547 by Alternative descent Eigen
--found a cut state by heuristic 0.07950722336631547 0.05460310039473679 
iteration: 1437,  #states: 2543, valueb: 0.05460310039473679, activeness: 0.07950722336631547, primalobj: 0.9591149163950679, dualobj: -Inf
solve--
end solve-- RelaxOptimal OPTIMAL
 weights_sum: 1.0000000000000013
itereffortlevel: 0
--separating...
--find a better primal bound 0.07464638645804855 by Alternative descent Eigen
--found a cut state by heuristic 0.07464638645804855 0.0562714600551706 
iteration: 1438,  #states: 2544, valueb: 0.0562714600551706, activeness: 0.07464638645804855, primalobj: 0.9591114510180214, dualobj: -Inf
solve--
end solve-- RelaxOptimal OPTIMAL
 weights_sum: 0.9999999999999997
itereffortlevel: 0
--separating...
--find a better primal bound 0.08971630036025391 by Alternative descent Eigen
--found a cut state by heuristic 0.08971630036025391 0.05376547075934951 
iteration: 1439,  #states: 2545, valueb: 0.05376547075934951, activeness: 0.08971630036025391, primalobj: 0.9591088933882966, dualobj: -Inf
solve--
end solve-- RelaxOptimal OPTIMAL
 weights_sum: 0.9999999999999994
itereffortlevel: 0
--separating...
--find a better primal bound 0.08378480253269638 by Alternative descent Eigen
--found a cut state by heuristic 0.08378480253269638 0.06966514861089614 
iteration: 1440,  #states: 2546, valueb: 0.06966514861089614, activeness: 0.08378480253269638, primalobj: 0.9591020402483019, dualobj: -Inf
solve--
end solve-- RelaxOptimal OPTIMAL
 weights_sum: 1.0
itereffortlevel: 0
--separating...
--find a better primal bound 0.10761412723468972 by Alternative descent Eigen
--found a cut state by heuristic 0.10761412723468972 0.06548817898808558 
iteration: 1441,  #states: 2547, valueb: 0.06548817898808558, activeness: 0.10761412723468972, primalobj: 0.9591007778338629, dualobj: -Inf
solve--
end solve-- RelaxOptimal OPTIMAL
 weights_sum: 1.0000000000000002
itereffortlevel: 0
--separating...
--find a better primal bound 0.09642965447282845 by Alternative descent Eigen
--found a cut state by heuristic 0.09642965447282845 0.06180767883353694 
iteration: 1442,  #states: 2548, valueb: 0.06180767883353694, activeness: 0.09642965447282845, primalobj: 0.9590918658876769, dualobj: -Inf
solve--
end solve-- RelaxOptimal OPTIMAL
 weights_sum: 0.9999999999999994
itereffortlevel: 0
--separating...
--find a better primal bound 0.11928662301135452 by Alternative descent Eigen
--found a cut state by heuristic 0.11928662301135452 0.06634696538951106 
iteration: 1443,  #states: 2549, valueb: 0.06634696538951106, activeness: 0.11928662301135452, primalobj: 0.9590882731480743, dualobj: -Inf
solve--
end solve-- RelaxOptimal OPTIMAL
 weights_sum: 0.9999999999999996
itereffortlevel: 0
--separating...
--find a better primal bound 0.10327847604344806 by Alternative descent Eigen
--found a cut state by heuristic 0.10327847604344806 0.06206667779359653 
iteration: 1444,  #states: 2550, valueb: 0.06206667779359653, activeness: 0.10327847604344806, primalobj: 0.9590832202390173, dualobj: -Inf
solve--
end solve-- RelaxOptimal OPTIMAL
 weights_sum: 1.0000011619330265
itereffortlevel: 0
--separating...
--find a better primal bound 0.12150942962373484 by Alternative descent Eigen
--found a cut state by heuristic 0.12150942962373484 0.06840450907827435 
iteration: 1445,  #states: 2551, valueb: 0.06840450907827435, activeness: 0.12150942962373484, primalobj: 0.9590769341155143, dualobj: -Inf
solve--
end solve-- RelaxOptimal OPTIMAL
 weights_sum: 0.9999999999999999
itereffortlevel: 0
--separating...
--find a better primal bound 0.041803242805515964 by Alternative descent Eigen
--found a cut state by heuristic 0.041803242805515964 -0.0 
iteration: 1446,  #states: 2552, valueb: -0.0, activeness: 0.041803242805515964, primalobj: 0.9590705588139293, dualobj: -Inf
solve--
end solve-- RelaxOptimal OPTIMAL
 weights_sum: 1.000001336903916
itereffortlevel: 0
--separating...
--find a better primal bound 0.11639938511718859 by Alternative descent Eigen
--found a cut state by heuristic 0.11639938511718859 0.06417794159822408 
iteration: 1447,  #states: 2553, valueb: 0.06417794159822408, activeness: 0.11639938511718859, primalobj: 0.9590660992027406, dualobj: -Inf
solve--
end solve-- RelaxOptimal OPTIMAL
 weights_sum: 0.9999999999999992
itereffortlevel: 0
--separating...
--find a better primal bound 0.09334019778725629 by Alternative descent Eigen
--found a cut state by heuristic 0.09334019778725629 0.060685265529256356 
iteration: 1448,  #states: 2554, valueb: 0.060685265529256356, activeness: 0.09334019778725629, primalobj: 0.9590595415531161, dualobj: -Inf
solve--
end solve-- RelaxOptimal OPTIMAL
 weights_sum: 0.9999999999999996
itereffortlevel: 0
--separating...
--find a better primal bound 0.09867374432729509 by Alternative descent Eigen
--found a cut state by heuristic 0.09867374432729509 0.06210396847995581 
iteration: 1449,  #states: 2555, valueb: 0.06210396847995581, activeness: 0.09867374432729509, primalobj: 0.959054146595923, dualobj: -Inf
solve--
end solve-- RelaxOptimal OPTIMAL
 weights_sum: 1.0000000000000009
itereffortlevel: 0
--separating...
--find a better primal bound 0.07464196023282263 by Alternative descent Eigen
--found a cut state by heuristic 0.07464196023282263 0.05876977708420886 
iteration: 1450,  #states: 2556, valueb: 0.05876977708420886, activeness: 0.07464196023282263, primalobj: 0.9590485051748991, dualobj: -Inf
solve--
end solve-- RelaxOptimal OPTIMAL
 weights_sum: 1.0000000986182644
itereffortlevel: 0
--separating...
--find a better primal bound 0.06743764496450122 by Alternative descent Eigen
--found a cut state by heuristic 0.06743764496450122 0.06370507412844845 
iteration: 1451,  #states: 2557, valueb: 0.06370507412844845, activeness: 0.06743764496450122, primalobj: 0.9590462709764754, dualobj: -Inf
solve--
end solve-- RelaxOptimal OPTIMAL
 weights_sum: 1.0000000000000004
itereffortlevel: 0
--separating...
--find a better primal bound 0.11764131987154487 by Alternative descent Eigen
--found a cut state by heuristic 0.11764131987154487 0.06242321111984803 
iteration: 1452,  #states: 2558, valueb: 0.06242321111984803, activeness: 0.11764131987154487, primalobj: 0.9590461099905829, dualobj: -Inf
solve--
end solve-- RelaxOptimal OPTIMAL
 weights_sum: 1.0000000000000016
itereffortlevel: 0
--separating...
--find a better primal bound 0.09599931787621915 by Alternative descent Eigen
--found a cut state by heuristic 0.09599931787621915 0.07262726295587933 
iteration: 1453,  #states: 2559, valueb: 0.07262726295587933, activeness: 0.09599931787621915, primalobj: 0.9590408525485778, dualobj: -Inf
solve--
end solve-- RelaxOptimal OPTIMAL
 weights_sum: 1.0000011764631067
itereffortlevel: 0
--separating...
--find a better primal bound 0.10340911488505167 by Alternative descent Eigen
--found a cut state by heuristic 0.10340911488505167 0.07282490792457076 
iteration: 1454,  #states: 2560, valueb: 0.07282490792457076, activeness: 0.10340911488505167, primalobj: 0.9590371369554604, dualobj: -Inf
solve--
end solve-- RelaxOptimal OPTIMAL
 weights_sum: 0.9999999999999991
itereffortlevel: 0
--separating...
--find a better primal bound 0.132432693946184 by Alternative descent Eigen
--found a cut state by heuristic 0.132432693946184 0.07485742584896868 
iteration: 1455,  #states: 2561, valueb: 0.07485742584896868, activeness: 0.132432693946184, primalobj: 0.9590281950182298, dualobj: -Inf
solve--
end solve-- RelaxOptimal OPTIMAL
 weights_sum: 1.0
itereffortlevel: 0
--separating...
--find a better primal bound 0.12865887621520775 by Alternative descent Eigen
--found a cut state by heuristic 0.12865887621520775 0.06686117562415703 
iteration: 1456,  #states: 2562, valueb: 0.06686117562415703, activeness: 0.12865887621520775, primalobj: 0.9590187445910021, dualobj: -Inf
solve--
end solve-- RelaxOptimal OPTIMAL
 weights_sum: 0.9999999999999992
itereffortlevel: 0
--separating...
--find a better primal bound 0.10011338329435011 by Alternative descent Eigen
--found a cut state by heuristic 0.10011338329435011 0.05692128905938018 
iteration: 1457,  #states: 2563, valueb: 0.05692128905938018, activeness: 0.10011338329435011, primalobj: 0.9590085716777785, dualobj: -Inf
solve--
end solve-- RelaxOptimal OPTIMAL
 weights_sum: 1.0000000000000007
itereffortlevel: 0
--separating...
--find a better primal bound 0.09094281410001138 by Alternative descent Eigen
--found a cut state by heuristic 0.09094281410001138 0.05406080732744523 
iteration: 1458,  #states: 2564, valueb: 0.05406080732744523, activeness: 0.09094281410001138, primalobj: 0.9590013294161388, dualobj: -Inf
solve--
end solve-- RelaxOptimal OPTIMAL
 weights_sum: 1.0000000922061152
itereffortlevel: 0
--separating...
--find a better primal bound 0.05361832462341947 by Alternative descent Eigen
--found a cut state by heuristic 0.05361832462341947 -0.0 
iteration: 1459,  #states: 2565, valueb: -0.0, activeness: 0.05361832462341947, primalobj: 0.9589977854385555, dualobj: -Inf
solve--
end solve-- RelaxOptimal OPTIMAL
 weights_sum: 0.9999999999999993
itereffortlevel: 0
--separating...
--find a better primal bound 0.0777474686665472 by Alternative descent Eigen
--found a cut state by heuristic 0.0777474686665472 0.055893389813367195 
iteration: 1460,  #states: 2566, valueb: 0.055893389813367195, activeness: 0.0777474686665472, primalobj: 0.9589888565455709, dualobj: -Inf
solve--
end solve-- RelaxOptimal OPTIMAL
 weights_sum: 1.0000006015793073
itereffortlevel: 0
--separating...
--find a better primal bound 0.11577461540987424 by Alternative descent Eigen
--found a cut state by heuristic 0.11577461540987424 0.06114283989112445 
iteration: 1461,  #states: 2567, valueb: 0.06114283989112445, activeness: 0.11577461540987424, primalobj: 0.9589870384145393, dualobj: -Inf
solve--
end solve-- RelaxOptimal OPTIMAL
 weights_sum: 0.9999999999999996
itereffortlevel: 0
--separating...
--find a better primal bound 0.10095872749107594 by Alternative descent Eigen
--found a cut state by heuristic 0.10095872749107594 0.055784668996616264 
iteration: 1462,  #states: 2568, valueb: 0.055784668996616264, activeness: 0.10095872749107594, primalobj: 0.9589798624285055, dualobj: -Inf
solve--
end solve-- RelaxOptimal OPTIMAL
 weights_sum: 1.0000000000000007
itereffortlevel: 0
--separating...
--find a better primal bound 0.129152448412057 by Alternative descent Eigen
--found a cut state by heuristic 0.129152448412057 0.05207547451305283 
iteration: 1463,  #states: 2569, valueb: 0.05207547451305283, activeness: 0.129152448412057, primalobj: 0.9589770345295607, dualobj: -Inf
solve--
end solve-- RelaxOptimal OPTIMAL
 weights_sum: 1.0000000000000009
itereffortlevel: 0
--separating...
--find a better primal bound 0.07720493525617682 by Alternative descent Eigen
--found a cut state by heuristic 0.07720493525617682 0.04551947057321734 
iteration: 1464,  #states: 2570, valueb: 0.04551947057321734, activeness: 0.07720493525617682, primalobj: 0.9589614670664441, dualobj: -Inf
solve--
end solve-- RelaxOptimal OPTIMAL
 weights_sum: 1.0000000000000004
itereffortlevel: 0
--separating...
--find a better primal bound 0.08360970851595058 by Alternative descent Eigen
--found a cut state by heuristic 0.08360970851595058 0.041645670555980945 
iteration: 1465,  #states: 2571, valueb: 0.041645670555980945, activeness: 0.08360970851595058, primalobj: 0.9589556841760437, dualobj: -Inf
solve--
end solve-- RelaxOptimal OPTIMAL
 weights_sum: 1.0
itereffortlevel: 0
--separating...
--find a better primal bound 0.08438672811808602 by Alternative descent Eigen
--found a cut state by heuristic 0.08438672811808602 0.049201481136269126 
iteration: 1466,  #states: 2572, valueb: 0.049201481136269126, activeness: 0.08438672811808602, primalobj: 0.9589529625833395, dualobj: -Inf
solve--
end solve-- RelaxOptimal OPTIMAL
 weights_sum: 0.9999999999999999
itereffortlevel: 0
--separating...
--find a better primal bound 0.05209153073335516 by Alternative descent Eigen
--found a cut state by heuristic 0.05209153073335516 -0.0 
iteration: 1467,  #states: 2573, valueb: -0.0, activeness: 0.05209153073335516, primalobj: 0.9589466343641608, dualobj: -Inf
solve--
end solve-- RelaxOptimal OPTIMAL
 weights_sum: 0.9999999999999998
itereffortlevel: 0
--separating...
--find a better primal bound 0.050653697675882486 by Alternative descent Eigen
--found a cut state by heuristic 0.050653697675882486 -0.0 
iteration: 1468,  #states: 2574, valueb: -0.0, activeness: 0.050653697675882486, primalobj: 0.9589380456191273, dualobj: -Inf
solve--
end solve-- RelaxOptimal OPTIMAL
 weights_sum: 1.0000000499843629
itereffortlevel: 0
--separating...
--find a better primal bound 0.08091604288100199 by Alternative descent Eigen
--found a cut state by heuristic 0.08091604288100199 0.05327984761604104 
iteration: 1469,  #states: 2575, valueb: 0.05327984761604104, activeness: 0.08091604288100199, primalobj: 0.9589303394826618, dualobj: -Inf
solve--
end solve-- RelaxOptimal OPTIMAL
 weights_sum: 1.000000000000001
itereffortlevel: 0
--separating...
--find a better primal bound 0.0888774957966122 by Alternative descent Eigen
--found a cut state by heuristic 0.0888774957966122 0.05411496191385068 
iteration: 1470,  #states: 2576, valueb: 0.05411496191385068, activeness: 0.0888774957966122, primalobj: 0.9589230475630726, dualobj: -Inf
solve--
end solve-- RelaxOptimal OPTIMAL
 weights_sum: 1.0000007532772646
itereffortlevel: 0
--separating...
--find a better primal bound 0.10470929867239637 by Alternative descent Eigen
--found a cut state by heuristic 0.10470929867239637 0.05412846060601417 
iteration: 1471,  #states: 2577, valueb: 0.05412846060601417, activeness: 0.10470929867239637, primalobj: 0.9589170462972731, dualobj: -Inf
solve--
end solve-- RelaxOptimal OPTIMAL
 weights_sum: 0.9999999999999996
itereffortlevel: 0
--separating...
--find a better primal bound 0.13749481949859588 by Alternative descent Eigen
--found a cut state by heuristic 0.13749481949859588 0.05923710395111702 
iteration: 1472,  #states: 2578, valueb: 0.05923710395111702, activeness: 0.13749481949859588, primalobj: 0.958913174602812, dualobj: -Inf
solve--
end solve-- RelaxOptimal OPTIMAL
 weights_sum: 0.9999999999999996
itereffortlevel: 0
--separating...
--find a better primal bound 0.10737503862832455 by Alternative descent Eigen
--found a cut state by heuristic 0.10737503862832455 0.06118328812218965 
iteration: 1473,  #states: 2579, valueb: 0.06118328812218965, activeness: 0.10737503862832455, primalobj: 0.9589063627122507, dualobj: -Inf
solve--
end solve-- RelaxOptimal OPTIMAL
 weights_sum: 1.000000000000002
itereffortlevel: 0
--separating...
--find a better primal bound 0.09783460539856431 by Alternative descent Eigen
--found a cut state by heuristic 0.09783460539856431 0.05774042282812469 
iteration: 1474,  #states: 2580, valueb: 0.05774042282812469, activeness: 0.09783460539856431, primalobj: 0.9588978204684874, dualobj: -Inf
solve--
end solve-- RelaxOptimal OPTIMAL
 weights_sum: 1.0000000000000002
itereffortlevel: 0
--separating...
--find a better primal bound 0.14105456894818127 by Alternative descent Eigen
--found a cut state by heuristic 0.14105456894818127 0.06813883469173573 
iteration: 1475,  #states: 2581, valueb: 0.06813883469173573, activeness: 0.14105456894818127, primalobj: 0.9588944847297918, dualobj: -Inf
solve--
end solve-- RelaxOptimal OPTIMAL
 weights_sum: 0.9999999999999998
itereffortlevel: 0
--separating...
--find a better primal bound 0.03944638318448761 by Alternative descent Eigen
--found a cut state by heuristic 0.03944638318448761 -0.0 
iteration: 1476,  #states: 2582, valueb: -0.0, activeness: 0.03944638318448761, primalobj: 0.9588839803830334, dualobj: -Inf
solve--
end solve-- RelaxOptimal OPTIMAL
 weights_sum: 1.00000194317575
itereffortlevel: 0
--separating...
--find a better primal bound 0.10635051613907431 by Alternative descent Eigen
--found a cut state by heuristic 0.10635051613907431 0.05655963715474439 
iteration: 1477,  #states: 2583, valueb: 0.05655963715474439, activeness: 0.10635051613907431, primalobj: 0.9588761608280865, dualobj: -Inf
solve--
end solve-- RelaxOptimal OPTIMAL
 weights_sum: 1.000000000000001
itereffortlevel: 0
--separating...
--find a better primal bound 0.09640366346028084 by Alternative descent Eigen
--found a cut state by heuristic 0.09640366346028084 0.059646843554745185 
iteration: 1478,  #states: 2584, valueb: 0.059646843554745185, activeness: 0.09640366346028084, primalobj: 0.9588695022644843, dualobj: -Inf
solve--
end solve-- RelaxOptimal OPTIMAL
 weights_sum: 0.9999999999999998
itereffortlevel: 0
--separating...
--find a better primal bound 0.09895754805819068 by Alternative descent Eigen
--found a cut state by heuristic 0.09895754805819068 0.0681700358318782 
iteration: 1479,  #states: 2585, valueb: 0.0681700358318782, activeness: 0.09895754805819068, primalobj: 0.9588657465702536, dualobj: -Inf
solve--
end solve-- RelaxOptimal OPTIMAL
 weights_sum: 0.9999999999999999
itereffortlevel: 0
--separating...
--find a better primal bound 0.12550404805288545 by Alternative descent Eigen
--found a cut state by heuristic 0.12550404805288545 0.0691886389736998 
iteration: 1480,  #states: 2586, valueb: 0.0691886389736998, activeness: 0.12550404805288545, primalobj: 0.9588625532513978, dualobj: -Inf
solve--
end solve-- RelaxOptimal OPTIMAL
 weights_sum: 1.0000002716899328
itereffortlevel: 0
--separating...
--find a better primal bound 0.062098836284495716 by Alternative descent Eigen
--found a cut state by heuristic 0.062098836284495716 -0.0 
iteration: 1481,  #states: 2587, valueb: -0.0, activeness: 0.062098836284495716, primalobj: 0.9588537887573264, dualobj: -Inf
solve--
end solve-- RelaxOptimal OPTIMAL
 weights_sum: 1.0000000363930819
itereffortlevel: 0
--separating...
--find a better primal bound 0.08904241730122728 by Alternative descent Eigen
--found a cut state by heuristic 0.08904241730122728 0.06253868970958588 
iteration: 1482,  #states: 2588, valueb: 0.06253868970958588, activeness: 0.08904241730122728, primalobj: 0.9588456416785938, dualobj: -Inf
solve--
end solve-- RelaxOptimal OPTIMAL
 weights_sum: 1.0000000243972857
itereffortlevel: 0
--separating...
--find a better primal bound 0.08239037844043044 by Alternative descent Eigen
--found a cut state by heuristic 0.08239037844043044 0.06452443421975165 
iteration: 1483,  #states: 2589, valueb: 0.06452443421975165, activeness: 0.08239037844043044, primalobj: 0.9588404619801656, dualobj: -Inf
solve--
end solve-- RelaxOptimal OPTIMAL
 weights_sum: 1.0000002015219602
itereffortlevel: 0
--separating...
--find a better primal bound 0.11372148509548027 by Alternative descent Eigen
--found a cut state by heuristic 0.11372148509548027 0.07019500154369498 
iteration: 1484,  #states: 2590, valueb: 0.07019500154369498, activeness: 0.11372148509548027, primalobj: 0.9588386283317387, dualobj: -Inf
solve--
end solve-- RelaxOptimal OPTIMAL
 weights_sum: 1.000000000000001
itereffortlevel: 0
--separating...
--find a better primal bound 0.09821974595534538 by Alternative descent Eigen
--found a cut state by heuristic 0.09821974595534538 0.07162312918729023 
iteration: 1485,  #states: 2591, valueb: 0.07162312918729023, activeness: 0.09821974595534538, primalobj: 0.958834228922011, dualobj: -Inf
solve--
end solve-- RelaxOptimal OPTIMAL
 weights_sum: 0.9999999999999989
itereffortlevel: 0
--separating...
--find a better primal bound 0.10778491325251177 by Alternative descent Eigen
--found a cut state by heuristic 0.10778491325251177 0.06648204233021932 
iteration: 1486,  #states: 2592, valueb: 0.06648204233021932, activeness: 0.10778491325251177, primalobj: 0.9588301625560474, dualobj: -Inf
solve--
end solve-- RelaxOptimal OPTIMAL
 weights_sum: 1.000000037841299
itereffortlevel: 0
--separating...
--find a better primal bound 0.08551583157891722 by Alternative descent Eigen
--found a cut state by heuristic 0.08551583157891722 0.06548154688753664 
iteration: 1487,  #states: 2593, valueb: 0.06548154688753664, activeness: 0.08551583157891722, primalobj: 0.9588272326694839, dualobj: -Inf
solve--
end solve-- RelaxOptimal OPTIMAL
 weights_sum: 1.0000001178389986
itereffortlevel: 0
--separating...
--find a better primal bound 0.10734400732249037 by Alternative descent Eigen
--found a cut state by heuristic 0.10734400732249037 0.07248336602473908 
iteration: 1488,  #states: 2594, valueb: 0.07248336602473908, activeness: 0.10734400732249037, primalobj: 0.9588251204075449, dualobj: -Inf
solve--
end solve-- RelaxOptimal OPTIMAL
 weights_sum: 0.9999999999999984
itereffortlevel: 0
--separating...
--find a better primal bound 0.09721290404611818 by Alternative descent Eigen
--found a cut state by heuristic 0.09721290404611818 0.07546049711517677 
iteration: 1489,  #states: 2595, valueb: 0.07546049711517677, activeness: 0.09721290404611818, primalobj: 0.9588199968035478, dualobj: -Inf
solve--
end solve-- RelaxOptimal OPTIMAL
 weights_sum: 1.0000000000000016
itereffortlevel: 0
--separating...
--find a better primal bound 0.11839429025874568 by Alternative descent Eigen
--found a cut state by heuristic 0.11839429025874568 0.07192224565010139 
iteration: 1490,  #states: 2596, valueb: 0.07192224565010139, activeness: 0.11839429025874568, primalobj: 0.9588180843327372, dualobj: -Inf
solve--
end solve-- RelaxOptimal OPTIMAL
 weights_sum: 0.9999999999999989
itereffortlevel: 0
--separating...
--find a better primal bound 0.09344787213513382 by Alternative descent Eigen
--found a cut state by heuristic 0.09344787213513382 0.05363194866824399 
iteration: 1491,  #states: 2597, valueb: 0.05363194866824399, activeness: 0.09344787213513382, primalobj: 0.9588141702151962, dualobj: -Inf
solve--
end solve-- RelaxOptimal OPTIMAL
 weights_sum: 0.9999999999999991
itereffortlevel: 0
--separating...
--find a better primal bound 0.11100413440207386 by Alternative descent Eigen
--found a cut state by heuristic 0.11100413440207386 0.06365832897793347 
iteration: 1492,  #states: 2598, valueb: 0.06365832897793347, activeness: 0.11100413440207386, primalobj: 0.9588119636765826, dualobj: -Inf
solve--
end solve-- RelaxOptimal OPTIMAL
 weights_sum: 0.9999999999999998
itereffortlevel: 0
--separating...
--find a better primal bound 0.09395926469313416 by Alternative descent Eigen
--found a cut state by heuristic 0.09395926469313416 0.0599186589774951 
iteration: 1493,  #states: 2599, valueb: 0.0599186589774951, activeness: 0.09395926469313416, primalobj: 0.9588045773242053, dualobj: -Inf
solve--
end solve-- RelaxOptimal OPTIMAL
 weights_sum: 0.9999999999999998
itereffortlevel: 0
--separating...
--find a better primal bound 0.029137410381583254 by Alternative descent Eigen
--found a cut state by heuristic 0.029137410381583254 -0.0 
iteration: 1494,  #states: 2600, valueb: -0.0, activeness: 0.029137410381583254, primalobj: 0.9587998430045637, dualobj: -Inf
solve--
end solve-- RelaxOptimal OPTIMAL
 weights_sum: 1.000000079424618
itereffortlevel: 0
--separating...
--find a better primal bound 0.0972062037591569 by Alternative descent Eigen
--found a cut state by heuristic 0.0972062037591569 0.06477445818176154 
iteration: 1495,  #states: 2601, valueb: 0.06477445818176154, activeness: 0.0972062037591569, primalobj: 0.9587963609796203, dualobj: -Inf
solve--
end solve-- RelaxOptimal OPTIMAL
 weights_sum: 1.0000007556814303
itereffortlevel: 0
--separating...
--find a better primal bound 0.10574514199969322 by Alternative descent Eigen
--found a cut state by heuristic 0.10574514199969322 0.068222424599613 
iteration: 1496,  #states: 2602, valueb: 0.068222424599613, activeness: 0.10574514199969322, primalobj: 0.9587915359391678, dualobj: -Inf
solve--
end solve-- RelaxOptimal OPTIMAL
 weights_sum: 1.000000000000001
itereffortlevel: 0
--separating...
--find a better primal bound 0.10520189955217661 by Alternative descent Eigen
--found a cut state by heuristic 0.10520189955217661 0.06501539858361195 
iteration: 1497,  #states: 2603, valueb: 0.06501539858361195, activeness: 0.10520189955217661, primalobj: 0.9587884941400602, dualobj: -Inf
solve--
end solve-- RelaxOptimal OPTIMAL
 weights_sum: 1.0000000460091214
itereffortlevel: 0
--separating...
--find a better primal bound 0.0991006161104329 by Alternative descent Eigen
--found a cut state by heuristic 0.0991006161104329 0.0632968092694722 
iteration: 1498,  #states: 2604, valueb: 0.0632968092694722, activeness: 0.0991006161104329, primalobj: 0.9587838412000288, dualobj: -Inf
solve--
end solve-- RelaxOptimal OPTIMAL
 weights_sum: 0.9999999999999991
itereffortlevel: 0
--separating...
--find a better primal bound 0.09818826318715657 by Alternative descent Eigen
--found a cut state by heuristic 0.09818826318715657 0.0768451544292783 
iteration: 1499,  #states: 2605, valueb: 0.0768451544292783, activeness: 0.09818826318715657, primalobj: 0.9587815585646183, dualobj: -Inf
solve--
end solve-- RelaxOptimal OPTIMAL
 weights_sum: 1.0000018687165704
itereffortlevel: 0
--separating...
--find a better primal bound 0.08121908670991729 by Alternative descent Eigen
--found a cut state by heuristic 0.08121908670991729 0.06935524039840008 
iteration: 1500,  #states: 2606, valueb: 0.06935524039840008, activeness: 0.08121908670991729, primalobj: 0.9587773415022027, dualobj: -Inf
solve--
end solve-- RelaxOptimal OPTIMAL
 weights_sum: 1.000002501093018
itereffortlevel: 0
--separating...
--find a better primal bound 0.08010529682455456 by Alternative descent Eigen
--found a cut state by heuristic 0.08010529682455456 0.07210737506671243 
iteration: 1501,  #states: 2607, valueb: 0.07210737506671243, activeness: 0.08010529682455456, primalobj: 0.9587753443820368, dualobj: -Inf
solve--
end solve-- RelaxOptimal OPTIMAL
 weights_sum: 1.0000010844315783
itereffortlevel: 0
--separating...
--find a better primal bound 0.04097915475759266 by Alternative descent Eigen
--found a cut state by heuristic 0.04097915475759266 -0.0 
iteration: 1502,  #states: 2608, valueb: -0.0, activeness: 0.04097915475759266, primalobj: 0.9587742403799415, dualobj: -Inf
solve--
end solve-- RelaxOptimal OPTIMAL
 weights_sum: 1.0000000000000004
itereffortlevel: 0
--separating...
--find a better primal bound 0.1024931124111298 by Alternative descent Eigen
--found a cut state by heuristic 0.1024931124111298 0.06761579293289072 
iteration: 1503,  #states: 2609, valueb: 0.06761579293289072, activeness: 0.1024931124111298, primalobj: 0.9587721570909699, dualobj: -Inf
solve--
end solve-- RelaxOptimal OPTIMAL
 weights_sum: 1.0000000000000016
itereffortlevel: 0
--separating...
--find a better primal bound 0.12148146052929448 by Alternative descent Eigen
--found a cut state by heuristic 0.12148146052929448 0.07198663222945978 
iteration: 1504,  #states: 2610, valueb: 0.07198663222945978, activeness: 0.12148146052929448, primalobj: 0.9587686229709577, dualobj: -Inf
solve--
end solve-- RelaxOptimal OPTIMAL
 weights_sum: 1.0000000000000004
itereffortlevel: 0
--separating...
--find a better primal bound 0.09782104365703477 by Alternative descent Eigen
--found a cut state by heuristic 0.09782104365703477 0.06595722009327742 
iteration: 1505,  #states: 2611, valueb: 0.06595722009327742, activeness: 0.09782104365703477, primalobj: 0.9587636928585056, dualobj: -Inf
solve--
end solve-- RelaxOptimal OPTIMAL
 weights_sum: 1.0000004556008675
itereffortlevel: 0
--separating...
--find a better primal bound 0.04365305906071068 by Alternative descent Eigen
--found a cut state by heuristic 0.04365305906071068 -0.0 
iteration: 1506,  #states: 2612, valueb: -0.0, activeness: 0.04365305906071068, primalobj: 0.9587600317154914, dualobj: -Inf
solve--
end solve-- RelaxOptimal OPTIMAL
 weights_sum: 0.9999999999999998
itereffortlevel: 0
--separating...
--find a better primal bound 0.09405196729052535 by Alternative descent Eigen
--found a cut state by heuristic 0.09405196729052535 0.057302458173833705 
iteration: 1507,  #states: 2613, valueb: 0.057302458173833705, activeness: 0.09405196729052535, primalobj: 0.9587534212936595, dualobj: -Inf
solve--
end solve-- RelaxOptimal OPTIMAL
 weights_sum: 1.0000011025808395
itereffortlevel: 0
--separating...
--find a better primal bound 0.1185187827467986 by Alternative descent Eigen
--found a cut state by heuristic 0.1185187827467986 0.07431571907707507 
iteration: 1508,  #states: 2614, valueb: 0.07431571907707507, activeness: 0.1185187827467986, primalobj: 0.958749738604787, dualobj: -Inf
solve--
end solve-- RelaxOptimal OPTIMAL
 weights_sum: 1.0000013503512528
itereffortlevel: 0
--separating...
--find a better primal bound 0.08802325646523067 by Alternative descent Eigen
--found a cut state by heuristic 0.08802325646523067 0.05470830212754849 
iteration: 1509,  #states: 2615, valueb: 0.05470830212754849, activeness: 0.08802325646523067, primalobj: 0.9587443402391267, dualobj: -Inf
solve--
end solve-- RelaxOptimal OPTIMAL
 weights_sum: 0.9999999999999996
itereffortlevel: 0
--separating...
--find a better primal bound 0.03567641531857106 by Alternative descent Eigen
--found a cut state by heuristic 0.03567641531857106 -0.0 
iteration: 1510,  #states: 2616, valueb: -0.0, activeness: 0.03567641531857106, primalobj: 0.9587407869845357, dualobj: -Inf
solve--
end solve-- RelaxOptimal OPTIMAL
 weights_sum: 1.0000000000000018
itereffortlevel: 0
--separating...
--find a better primal bound 0.06540835662034955 by Alternative descent Eigen
--found a cut state by heuristic 0.06540835662034955 0.05872357302344213 
iteration: 1511,  #states: 2617, valueb: 0.05872357302344213, activeness: 0.06540835662034955, primalobj: 0.9587378455409621, dualobj: -Inf
solve--
end solve-- RelaxOptimal OPTIMAL
 weights_sum: 1.0000001999187833
itereffortlevel: 0
--separating...
--find a better primal bound 0.09406434546459898 by Alternative descent Eigen
--found a cut state by heuristic 0.09406434546459898 0.05660427211201606 
iteration: 1512,  #states: 2618, valueb: 0.05660427211201606, activeness: 0.09406434546459898, primalobj: 0.9587367032862747, dualobj: -Inf
solve--
end solve-- RelaxOptimal OPTIMAL
 weights_sum: 0.9999999999999998
itereffortlevel: 0
--separating...
--find a better primal bound 0.04892375687759293 by Alternative descent Eigen
--found a cut state by heuristic 0.04892375687759293 -0.0 
iteration: 1513,  #states: 2619, valueb: -0.0, activeness: 0.04892375687759293, primalobj: 0.9587335714828318, dualobj: -Inf
solve--
end solve-- RelaxOptimal OPTIMAL
 weights_sum: 0.999999999999999
itereffortlevel: 0
--separating...
--find a better primal bound 0.09057690589849038 by Alternative descent Eigen
--found a cut state by heuristic 0.09057690589849038 0.05203692408430464 
iteration: 1514,  #states: 2620, valueb: 0.05203692408430464, activeness: 0.09057690589849038, primalobj: 0.9587271270016678, dualobj: -Inf
solve--
end solve-- RelaxOptimal OPTIMAL
 weights_sum: 0.9999999999999997
itereffortlevel: 0
--separating...
--find a better primal bound 0.025047003197587545 by Alternative descent Eigen
--found a cut state by heuristic 0.025047003197587545 -0.0 
iteration: 1515,  #states: 2621, valueb: -0.0, activeness: 0.025047003197587545, primalobj: 0.9587207813743298, dualobj: -Inf
solve--
end solve-- RelaxOptimal OPTIMAL
 weights_sum: 0.9999999999999996
itereffortlevel: 0
--separating...
--find a better primal bound 0.09142264605029457 by Alternative descent Eigen
--found a cut state by heuristic 0.09142264605029457 0.050992211658231174 
iteration: 1516,  #states: 2622, valueb: 0.050992211658231174, activeness: 0.09142264605029457, primalobj: 0.9587168621246286, dualobj: -Inf
solve--
end solve-- RelaxOptimal OPTIMAL
 weights_sum: 1.0000003310503132
itereffortlevel: 0
--separating...
--find a better primal bound 0.07217753982573068 by Alternative descent Eigen
--found a cut state by heuristic 0.07217753982573068 0.04988109520443442 
iteration: 1517,  #states: 2623, valueb: 0.04988109520443442, activeness: 0.07217753982573068, primalobj: 0.9587108139577305, dualobj: -Inf
solve--
end solve-- RelaxOptimal OPTIMAL
 weights_sum: 1.0000000000000004
itereffortlevel: 0
--separating...
--find a better primal bound 0.0878814907502558 by Alternative descent Eigen
--found a cut state by heuristic 0.0878814907502558 0.04873503231749615 
iteration: 1518,  #states: 2624, valueb: 0.04873503231749615, activeness: 0.0878814907502558, primalobj: 0.9587052033854142, dualobj: -Inf
solve--
end solve-- RelaxOptimal OPTIMAL
 weights_sum: 1.0
itereffortlevel: 0
--separating...
--find a better primal bound 0.07890870204340464 by Alternative descent Eigen
--found a cut state by heuristic 0.07890870204340464 0.05207749395593974 
iteration: 1519,  #states: 2625, valueb: 0.05207749395593974, activeness: 0.07890870204340464, primalobj: 0.9586987212054483, dualobj: -Inf
solve--
end solve-- RelaxOptimal OPTIMAL
 weights_sum: 1.0000000000000007
itereffortlevel: 0
--separating...
--find a better primal bound 0.0703904677874762 by Alternative descent Eigen
--found a cut state by heuristic 0.0703904677874762 0.04625016153771675 
iteration: 1520,  #states: 2626, valueb: 0.04625016153771675, activeness: 0.0703904677874762, primalobj: 0.9586914784402423, dualobj: -Inf
solve--
end solve-- RelaxOptimal OPTIMAL
 weights_sum: 1.0000000000000002
itereffortlevel: 0
--separating...
--find a better primal bound 0.07765951557101589 by Alternative descent Eigen
--found a cut state by heuristic 0.07765951557101589 0.05900338633273899 
iteration: 1521,  #states: 2627, valueb: 0.05900338633273899, activeness: 0.07765951557101589, primalobj: 0.9586879656542867, dualobj: -Inf
solve--
end solve-- RelaxOptimal OPTIMAL
 weights_sum: 1.0000000000000018
itereffortlevel: 0
--separating...
--find a better primal bound 0.08240678042200254 by Alternative descent Eigen
--found a cut state by heuristic 0.08240678042200254 0.043347104446803335 
iteration: 1522,  #states: 2628, valueb: 0.043347104446803335, activeness: 0.08240678042200254, primalobj: 0.9586858996026377, dualobj: -Inf
solve--
end solve-- RelaxOptimal OPTIMAL
 weights_sum: 1.0000025155406538
itereffortlevel: 0
--separating...
--find a better primal bound 0.03541502099162915 by Alternative descent Eigen
--found a cut state by heuristic 0.03541502099162915 -0.0 
iteration: 1523,  #states: 2629, valueb: -0.0, activeness: 0.03541502099162915, primalobj: 0.9586798192228818, dualobj: -Inf
solve--
end solve-- RelaxOptimal OPTIMAL
 weights_sum: 1.0000000000000007
itereffortlevel: 0
--separating...
--find a better primal bound 0.10871419569424953 by Alternative descent Eigen
--found a cut state by heuristic 0.10871419569424953 0.053184316367871264 
iteration: 1524,  #states: 2630, valueb: 0.053184316367871264, activeness: 0.10871419569424953, primalobj: 0.9586734202887155, dualobj: -Inf
solve--
end solve-- RelaxOptimal OPTIMAL
 weights_sum: 0.9999999999999993
itereffortlevel: 0
--separating...
--find a better primal bound 0.11063927726905963 by Alternative descent Eigen
--found a cut state by heuristic 0.11063927726905963 0.06736876252779975 
iteration: 1525,  #states: 2631, valueb: 0.06736876252779975, activeness: 0.11063927726905963, primalobj: 0.9586689573561052, dualobj: -Inf
solve--
end solve-- RelaxOptimal OPTIMAL
 weights_sum: 1.0000000561750078
itereffortlevel: 0
--separating...
--find a better primal bound 0.10483799776094485 by Alternative descent Eigen
--found a cut state by heuristic 0.10483799776094485 0.06331975553059331 
iteration: 1526,  #states: 2632, valueb: 0.06331975553059331, activeness: 0.10483799776094485, primalobj: 0.9586601399246593, dualobj: -Inf
solve--
end solve-- RelaxOptimal OPTIMAL
 weights_sum: 1.0
itereffortlevel: 0
--separating...
--find a better primal bound 0.10036125104228735 by Alternative descent Eigen
--found a cut state by heuristic 0.10036125104228735 0.06331900955988842 
iteration: 1527,  #states: 2633, valueb: 0.06331900955988842, activeness: 0.10036125104228735, primalobj: 0.9586546010315595, dualobj: -Inf
solve--
end solve-- RelaxOptimal OPTIMAL
 weights_sum: 1.0000000000000004
itereffortlevel: 0
--separating...
--find a better primal bound 0.09167376089525017 by Alternative descent Eigen
--found a cut state by heuristic 0.09167376089525017 0.062315408752797286 
iteration: 1528,  #states: 2634, valueb: 0.062315408752797286, activeness: 0.09167376089525017, primalobj: 0.9586493099659104, dualobj: -Inf
solve--
end solve-- RelaxOptimal OPTIMAL
 weights_sum: 1.0000000000000004
itereffortlevel: 0
--separating...
--find a better primal bound 0.09297403949504043 by Alternative descent Eigen
--found a cut state by heuristic 0.09297403949504043 0.05547556255895069 
iteration: 1529,  #states: 2635, valueb: 0.05547556255895069, activeness: 0.09297403949504043, primalobj: 0.9586440446856522, dualobj: -Inf
solve--
end solve-- RelaxOptimal OPTIMAL
 weights_sum: 1.0000007365915842
itereffortlevel: 0
--separating...
--find a better primal bound 0.1231500711898558 by Alternative descent Eigen
--found a cut state by heuristic 0.1231500711898558 0.05854764526902058 
iteration: 1530,  #states: 2636, valueb: 0.05854764526902058, activeness: 0.1231500711898558, primalobj: 0.9586409660487167, dualobj: -Inf
solve--
end solve-- RelaxOptimal OPTIMAL
 weights_sum: 0.9999999999999991
itereffortlevel: 0
--separating...
--find a better primal bound 0.08381905498731829 by Alternative descent Eigen
--found a cut state by heuristic 0.08381905498731829 0.06468195704792366 
iteration: 1531,  #states: 2637, valueb: 0.06468195704792366, activeness: 0.08381905498731829, primalobj: 0.9586342100552059, dualobj: -Inf
solve--
end solve-- RelaxOptimal OPTIMAL
 weights_sum: 1.0000000109416398
itereffortlevel: 0
--separating...
--find a better primal bound 0.11434024941193688 by Alternative descent Eigen
--found a cut state by heuristic 0.11434024941193688 0.06548688624690041 
iteration: 1532,  #states: 2638, valueb: 0.06548688624690041, activeness: 0.11434024941193688, primalobj: 0.9586334638352046, dualobj: -Inf
solve--
end solve-- RelaxOptimal OPTIMAL
 weights_sum: 0.9999999999999994
itereffortlevel: 0
--separating...
--find a better primal bound 0.02686445523373029 by Alternative descent Eigen
--found a cut state by heuristic 0.02686445523373029 -0.0 
iteration: 1533,  #states: 2639, valueb: -0.0, activeness: 0.02686445523373029, primalobj: 0.9586300918440795, dualobj: -Inf
solve--
end solve-- RelaxOptimal OPTIMAL
 weights_sum: 1.0000004713673618
itereffortlevel: 0
--separating...
--find a better primal bound 0.0759217739469187 by Alternative descent Eigen
--found a cut state by heuristic 0.0759217739469187 0.05831952648474836 
iteration: 1534,  #states: 2640, valueb: 0.05831952648474836, activeness: 0.0759217739469187, primalobj: 0.9586287597381362, dualobj: -Inf
solve--
end solve-- RelaxOptimal OPTIMAL
 weights_sum: 1.000000639212903
itereffortlevel: 0
--separating...
--find a better primal bound 0.09426254856551006 by Alternative descent Eigen
--found a cut state by heuristic 0.09426254856551006 0.050628997809892134 
iteration: 1535,  #states: 2641, valueb: 0.050628997809892134, activeness: 0.09426254856551006, primalobj: 0.9586271545298355, dualobj: -Inf
solve--
end solve-- RelaxOptimal OPTIMAL
 weights_sum: 0.9999999999999987
itereffortlevel: 0
--separating...
--find a better primal bound 0.0822212704124348 by Alternative descent Eigen
--found a cut state by heuristic 0.0822212704124348 0.05074117115443949 
iteration: 1536,  #states: 2642, valueb: 0.05074117115443949, activeness: 0.0822212704124348, primalobj: 0.9586220311271018, dualobj: -Inf
solve--
end solve-- RelaxOptimal OPTIMAL
 weights_sum: 1.0000008486214602
itereffortlevel: 0
--separating...
--find a better primal bound 0.09658850505750252 by Alternative descent Eigen
--found a cut state by heuristic 0.09658850505750252 0.05540207311472322 
iteration: 1537,  #states: 2643, valueb: 0.05540207311472322, activeness: 0.09658850505750252, primalobj: 0.9586194333096766, dualobj: -Inf
solve--
end solve-- RelaxOptimal OPTIMAL
 weights_sum: 1.0000000000000002
itereffortlevel: 0
--separating...
--find a better primal bound 0.10607874248500118 by Alternative descent Eigen
--found a cut state by heuristic 0.10607874248500118 0.06800201298817983 
iteration: 1538,  #states: 2644, valueb: 0.06800201298817983, activeness: 0.10607874248500118, primalobj: 0.958611698870107, dualobj: -Inf
solve--
end solve-- RelaxOptimal OPTIMAL
 weights_sum: 1.0000002634542926
itereffortlevel: 0
--separating...
--find a better primal bound 0.046104700825148566 by Alternative descent Eigen
--found a cut state by heuristic 0.046104700825148566 -0.0 
iteration: 1539,  #states: 2645, valueb: -0.0, activeness: 0.046104700825148566, primalobj: 0.9586080682679853, dualobj: -Inf
solve--
end solve-- RelaxOptimal OPTIMAL
 weights_sum: 1.0000000000000002
itereffortlevel: 0
--separating...
--find a better primal bound 0.11301174497508046 by Alternative descent Eigen
--found a cut state by heuristic 0.11301174497508046 0.06674641310626898 
iteration: 1540,  #states: 2646, valueb: 0.06674641310626898, activeness: 0.11301174497508046, primalobj: 0.9586033413792405, dualobj: -Inf
solve--
end solve-- RelaxOptimal OPTIMAL
 weights_sum: 1.0000000000000007
itereffortlevel: 0
--separating...
--find a better primal bound 0.11298280538920358 by Alternative descent Eigen
--found a cut state by heuristic 0.11298280538920358 0.07356721411362514 
iteration: 1541,  #states: 2647, valueb: 0.07356721411362514, activeness: 0.11298280538920358, primalobj: 0.9585969551292974, dualobj: -Inf
solve--
end solve-- RelaxOptimal OPTIMAL
 weights_sum: 0.9999999999999997
itereffortlevel: 0
--separating...
--find a better primal bound 0.03594463212880006 by Alternative descent Eigen
--found a cut state by heuristic 0.03594463212880006 -0.0 
iteration: 1542,  #states: 2648, valueb: -0.0, activeness: 0.03594463212880006, primalobj: 0.9585934926806574, dualobj: -Inf
solve--
end solve-- RelaxOptimal OPTIMAL
 weights_sum: 1.0
itereffortlevel: 0
--separating...
--find a better primal bound 0.11722000923869008 by Alternative descent Eigen
--found a cut state by heuristic 0.11722000923869008 0.07668435868734948 
iteration: 1543,  #states: 2649, valueb: 0.07668435868734948, activeness: 0.11722000923869008, primalobj: 0.9585887868724957, dualobj: -Inf
solve--
end solve-- RelaxOptimal OPTIMAL
 weights_sum: 0.9999999999999997
itereffortlevel: 0
--separating...
--find a better primal bound 0.04114056826783446 by Alternative descent Eigen
--found a cut state by heuristic 0.04114056826783446 -0.0 
iteration: 1544,  #states: 2650, valueb: -0.0, activeness: 0.04114056826783446, primalobj: 0.9585836323000594, dualobj: -Inf
solve--
end solve-- RelaxOptimal OPTIMAL
 weights_sum: 0.9999999999999999
itereffortlevel: 0
--separating...
--find a better primal bound 0.1069101331043818 by Alternative descent Eigen
--found a cut state by heuristic 0.1069101331043818 0.0707462362304506 
iteration: 1545,  #states: 2651, valueb: 0.0707462362304506, activeness: 0.1069101331043818, primalobj: 0.9585762622359439, dualobj: -Inf
solve--
end solve-- RelaxOptimal OPTIMAL
 weights_sum: 0.9999999999999997
itereffortlevel: 0
--separating...
--find a better primal bound 0.03667162966980034 by Alternative descent Eigen
--found a cut state by heuristic 0.03667162966980034 -0.0 
iteration: 1546,  #states: 2652, valueb: -0.0, activeness: 0.03667162966980034, primalobj: 0.9585703575498125, dualobj: -Inf
solve--
end solve-- RelaxOptimal OPTIMAL
 weights_sum: 1.000000772879499
itereffortlevel: 0
--separating...
--find a better primal bound 0.02821141627603132 by Alternative descent Eigen
--found a cut state by heuristic 0.02821141627603132 -0.0 
iteration: 1547,  #states: 2653, valueb: -0.0, activeness: 0.02821141627603132, primalobj: 0.9585654168147495, dualobj: -Inf
solve--
end solve-- RelaxOptimal OPTIMAL
 weights_sum: 0.9999999999999999
itereffortlevel: 0
--separating...
--find a better primal bound 0.08847156200151564 by Alternative descent Eigen
--found a cut state by heuristic 0.08847156200151564 0.06967740675195704 
iteration: 1548,  #states: 2654, valueb: 0.06967740675195704, activeness: 0.08847156200151564, primalobj: 0.9585623589958419, dualobj: -Inf
solve--
end solve-- RelaxOptimal OPTIMAL
 weights_sum: 1.000003871106296
itereffortlevel: 0
--separating...
--find a better primal bound 0.02337662106527296 by Alternative descent Eigen
--found a cut state by heuristic 0.02337662106527296 -0.0 
iteration: 1549,  #states: 2655, valueb: -0.0, activeness: 0.02337662106527296, primalobj: 0.9585583196561046, dualobj: -Inf
solve--
end solve-- RelaxOptimal OPTIMAL
 weights_sum: 0.9999999999999997
itereffortlevel: 0
--separating...
--find a better primal bound 0.053421988091591696 by Alternative descent Eigen
--found a cut state by heuristic 0.053421988091591696 -0.0 
iteration: 1550,  #states: 2656, valueb: -0.0, activeness: 0.053421988091591696, primalobj: 0.9585560420291257, dualobj: -Inf
solve--
end solve-- RelaxOptimal OPTIMAL
 weights_sum: 0.9999999999999994
itereffortlevel: 0
--separating...
--find a better primal bound 0.11145624679632293 by Alternative descent Eigen
--found a cut state by heuristic 0.11145624679632293 0.06841410957368528 
iteration: 1551,  #states: 2657, valueb: 0.06841410957368528, activeness: 0.11145624679632293, primalobj: 0.9585472939893253, dualobj: -Inf
solve--
end solve-- RelaxOptimal OPTIMAL
 weights_sum: 1.0000000000000002
itereffortlevel: 0
--separating...
--find a better primal bound 0.08882449459749511 by Alternative descent Eigen
--found a cut state by heuristic 0.08882449459749511 0.0650889993506269 
iteration: 1552,  #states: 2658, valueb: 0.0650889993506269, activeness: 0.08882449459749511, primalobj: 0.9585421168260129, dualobj: -Inf
solve--
end solve-- RelaxOptimal OPTIMAL
 weights_sum: 1.0000008208827351
itereffortlevel: 0
--separating...
--find a better primal bound 0.11148104388561803 by Alternative descent Eigen
--found a cut state by heuristic 0.11148104388561803 0.07999963570058707 
iteration: 1553,  #states: 2659, valueb: 0.07999963570058707, activeness: 0.11148104388561803, primalobj: 0.9585393452147766, dualobj: -Inf
solve--
end solve-- RelaxOptimal OPTIMAL
 weights_sum: 1.000000505284653
itereffortlevel: 0
--separating...
--find a better primal bound 0.10943997347512735 by Alternative descent Eigen
--found a cut state by heuristic 0.10943997347512735 0.0710563921596317 
iteration: 1554,  #states: 2660, valueb: 0.0710563921596317, activeness: 0.10943997347512735, primalobj: 0.9585357925311171, dualobj: -Inf
solve--
end solve-- RelaxOptimal OPTIMAL
 weights_sum: 1.0000000000000007
itereffortlevel: 0
--separating...
--find a better primal bound 0.10889654707083919 by Alternative descent Eigen
--found a cut state by heuristic 0.10889654707083919 0.06259199719929974 
iteration: 1555,  #states: 2661, valueb: 0.06259199719929974, activeness: 0.10889654707083919, primalobj: 0.95853351669104, dualobj: -Inf
solve--
end solve-- RelaxOptimal OPTIMAL
 weights_sum: 1.0000013392709817
itereffortlevel: 0
--separating...
--find a better primal bound 0.09418329604725378 by Alternative descent Eigen
--found a cut state by heuristic 0.09418329604725378 0.055710867662311335 
iteration: 1556,  #states: 2662, valueb: 0.055710867662311335, activeness: 0.09418329604725378, primalobj: 0.9585293680335412, dualobj: -Inf
solve--
end solve-- RelaxOptimal OPTIMAL
 weights_sum: 0.9999999999999987
itereffortlevel: 0
--separating...
--find a better primal bound 0.08883940665800315 by Alternative descent Eigen
--found a cut state by heuristic 0.08883940665800315 0.052331089757197385 
iteration: 1557,  #states: 2663, valueb: 0.052331089757197385, activeness: 0.08883940665800315, primalobj: 0.9585255832244901, dualobj: -Inf
solve--
end solve-- RelaxOptimal OPTIMAL
 weights_sum: 0.9999999999999998
itereffortlevel: 0
--separating...
--find a better primal bound 0.06830297853763795 by Alternative descent Eigen
--found a cut state by heuristic 0.06830297853763795 0.05477836893100591 
iteration: 1558,  #states: 2664, valueb: 0.05477836893100591, activeness: 0.06830297853763795, primalobj: 0.9585190424051472, dualobj: -Inf
solve--
end solve-- RelaxOptimal OPTIMAL
 weights_sum: 1.0000000000000009
itereffortlevel: 0
--separating...
--find a better primal bound 0.08106571952037146 by Alternative descent Eigen
--found a cut state by heuristic 0.08106571952037146 0.05396499500561114 
iteration: 1559,  #states: 2665, valueb: 0.05396499500561114, activeness: 0.08106571952037146, primalobj: 0.9585182931310539, dualobj: -Inf
solve--
end solve-- RelaxOptimal OPTIMAL
 weights_sum: 1.0000000000000004
itereffortlevel: 0
--separating...
--find a better primal bound 0.08005307613729774 by Alternative descent Eigen
--found a cut state by heuristic 0.08005307613729774 0.05628811533056322 
iteration: 1560,  #states: 2666, valueb: 0.05628811533056322, activeness: 0.08005307613729774, primalobj: 0.9585147521071646, dualobj: -Inf
solve--
end solve-- RelaxOptimal OPTIMAL
 weights_sum: 1.0000006666514318
itereffortlevel: 0
--separating...
--find a better primal bound 0.10628905227754892 by Alternative descent Eigen
--found a cut state by heuristic 0.10628905227754892 0.05321851447297063 
iteration: 1561,  #states: 2667, valueb: 0.05321851447297063, activeness: 0.10628905227754892, primalobj: 0.9585121035847552, dualobj: -Inf
solve--
end solve-- RelaxOptimal OPTIMAL
 weights_sum: 1.0
itereffortlevel: 0
--separating...
--find a better primal bound 0.07331130425762329 by Alternative descent Eigen
--found a cut state by heuristic 0.07331130425762329 0.06299704644191033 
iteration: 1562,  #states: 2668, valueb: 0.06299704644191033, activeness: 0.07331130425762329, primalobj: 0.9585052753491767, dualobj: -Inf
solve--
end solve-- RelaxOptimal OPTIMAL
 weights_sum: 1.0000000348699205
itereffortlevel: 0
--separating...
--find a better primal bound 0.08525377353943082 by Alternative descent Eigen
--found a cut state by heuristic 0.08525377353943082 0.06705653077868774 
iteration: 1563,  #states: 2669, valueb: 0.06705653077868774, activeness: 0.08525377353943082, primalobj: 0.9585036772374127, dualobj: -Inf
solve--
end solve-- RelaxOptimal OPTIMAL
 weights_sum: 0.9999999999999998
itereffortlevel: 0
--separating...
--find a better primal bound 0.03190080123998895 by Alternative descent Eigen
--found a cut state by heuristic 0.03190080123998895 -0.0 
iteration: 1564,  #states: 2670, valueb: -0.0, activeness: 0.03190080123998895, primalobj: 0.9585018976058778, dualobj: -Inf
solve--
end solve-- RelaxOptimal OPTIMAL
 weights_sum: 1.0000000000000007
itereffortlevel: 0
--separating...
--find a better primal bound 0.0761696835210232 by Alternative descent Eigen
--found a cut state by heuristic 0.0761696835210232 0.06544865021066276 
iteration: 1565,  #states: 2671, valueb: 0.06544865021066276, activeness: 0.0761696835210232, primalobj: 0.9584995262959147, dualobj: -Inf
solve--
end solve-- RelaxOptimal OPTIMAL
 weights_sum: 1.0000000000000009
itereffortlevel: 0
--separating...
--find a better primal bound 0.086235558685674 by Alternative descent Eigen
--found a cut state by heuristic 0.086235558685674 0.06542953121462078 
iteration: 1566,  #states: 2672, valueb: 0.06542953121462078, activeness: 0.086235558685674, primalobj: 0.9584981433535662, dualobj: -Inf
solve--
end solve-- RelaxOptimal OPTIMAL
 weights_sum: 1.0000000000000004
itereffortlevel: 0
--separating...
--find a better primal bound 0.1127140854193629 by Alternative descent Eigen
--found a cut state by heuristic 0.1127140854193629 0.06230518370219251 
iteration: 1567,  #states: 2673, valueb: 0.06230518370219251, activeness: 0.1127140854193629, primalobj: 0.9584946011077349, dualobj: -Inf
solve--
end solve-- RelaxOptimal OPTIMAL
 weights_sum: 1.0000000000000016
itereffortlevel: 0
--separating...
--find a better primal bound 0.10096212531328004 by Alternative descent Eigen
--found a cut state by heuristic 0.10096212531328004 0.06318568903229677 
iteration: 1568,  #states: 2674, valueb: 0.06318568903229677, activeness: 0.10096212531328004, primalobj: 0.9584857709096557, dualobj: -Inf
solve--
end solve-- RelaxOptimal OPTIMAL
 weights_sum: 0.9999999999999997
itereffortlevel: 0
--separating...
--find a better primal bound 0.054654588981406044 by Alternative descent Eigen
--found a cut state by heuristic 0.054654588981406044 -0.0 
iteration: 1569,  #states: 2675, valueb: -0.0, activeness: 0.054654588981406044, primalobj: 0.9584783397912855, dualobj: -Inf
solve--
end solve-- RelaxOptimal OPTIMAL
 weights_sum: 0.9999999999999986
itereffortlevel: 0
--separating...
--find a better primal bound 0.09842727278734194 by Alternative descent Eigen
--found a cut state by heuristic 0.09842727278734194 0.05270335428060774 
iteration: 1570,  #states: 2676, valueb: 0.05270335428060774, activeness: 0.09842727278734194, primalobj: 0.9584692162517832, dualobj: -Inf
solve--
end solve-- RelaxOptimal OPTIMAL
 weights_sum: 1.0000000000000009
itereffortlevel: 0
--separating...
--find a better primal bound 0.1618452866572733 by Alternative descent Eigen
--found a cut state by heuristic 0.1618452866572733 0.10599644587810048 
iteration: 1571,  #states: 2677, valueb: 0.10599644587810048, activeness: 0.1618452866572733, primalobj: 0.9584639040662033, dualobj: -Inf
solve--
end solve-- RelaxOptimal OPTIMAL
 weights_sum: 0.9999999999999999
itereffortlevel: 0
--separating...
--find a better primal bound 0.10298067169301152 by Alternative descent Eigen
--found a cut state by heuristic 0.10298067169301152 0.0635822522886893 
iteration: 1572,  #states: 2678, valueb: 0.0635822522886893, activeness: 0.10298067169301152, primalobj: 0.9584555787186543, dualobj: -Inf
solve--
end solve-- RelaxOptimal OPTIMAL
 weights_sum: 1.0000000000000009
itereffortlevel: 0
--separating...
--find a better primal bound 0.08913277349060575 by Alternative descent Eigen
--found a cut state by heuristic 0.08913277349060575 0.07103095132762699 
iteration: 1573,  #states: 2679, valueb: 0.07103095132762699, activeness: 0.08913277349060575, primalobj: 0.9584529332097618, dualobj: -Inf
solve--
end solve-- RelaxOptimal OPTIMAL
 weights_sum: 1.0000000000000016
itereffortlevel: 0
--separating...
--find a better primal bound 0.10814818050891967 by Alternative descent Eigen
--found a cut state by heuristic 0.10814818050891967 0.06664079270712706 
iteration: 1574,  #states: 2680, valueb: 0.06664079270712706, activeness: 0.10814818050891967, primalobj: 0.9584501197504539, dualobj: -Inf
solve--
end solve-- RelaxOptimal OPTIMAL
 weights_sum: 0.9999999999999998
itereffortlevel: 0
--separating...
--find a better primal bound 0.1004458395849269 by Alternative descent Eigen
--found a cut state by heuristic 0.1004458395849269 0.061725175683316105 
iteration: 1575,  #states: 2681, valueb: 0.061725175683316105, activeness: 0.1004458395849269, primalobj: 0.9584460492110126, dualobj: -Inf
solve--
end solve-- RelaxOptimal OPTIMAL
 weights_sum: 0.9999999999999992
itereffortlevel: 0
--separating...
--find a better primal bound 0.07649418067323771 by Alternative descent Eigen
--found a cut state by heuristic 0.07649418067323771 0.0574557801538847 
iteration: 1576,  #states: 2682, valueb: 0.0574557801538847, activeness: 0.07649418067323771, primalobj: 0.9584383877718823, dualobj: -Inf
solve--
end solve-- RelaxOptimal OPTIMAL
 weights_sum: 0.9999999999999996
itereffortlevel: 0
--separating...
--find a better primal bound 0.03382716282757186 by Alternative descent Eigen
--found a cut state by heuristic 0.03382716282757186 -0.0 
iteration: 1577,  #states: 2683, valueb: -0.0, activeness: 0.03382716282757186, primalobj: 0.9584361900186567, dualobj: -Inf
solve--
end solve-- RelaxOptimal OPTIMAL
 weights_sum: 0.9999999999999999
itereffortlevel: 0
--separating...
--find a better primal bound 0.07442843500529231 by Alternative descent Eigen
--found a cut state by heuristic 0.07442843500529231 0.062062333977869866 
iteration: 1578,  #states: 2684, valueb: 0.062062333977869866, activeness: 0.07442843500529231, primalobj: 0.958432427992163, dualobj: -Inf
solve--
end solve-- RelaxOptimal OPTIMAL
 weights_sum: 0.9999999999999989
itereffortlevel: 0
--separating...
--find a better primal bound 0.09678263101683354 by Alternative descent Eigen
--found a cut state by heuristic 0.09678263101683354 0.0652490833230586 
iteration: 1579,  #states: 2685, valueb: 0.0652490833230586, activeness: 0.09678263101683354, primalobj: 0.9584316741809382, dualobj: -Inf
solve--
end solve-- RelaxOptimal OPTIMAL
 weights_sum: 1.0000000000000002
itereffortlevel: 0
--separating...
--find a better primal bound 0.09552871417083743 by Alternative descent Eigen
--found a cut state by heuristic 0.09552871417083743 0.055378119807198756 
iteration: 1580,  #states: 2686, valueb: 0.055378119807198756, activeness: 0.09552871417083743, primalobj: 0.9584277390644602, dualobj: -Inf
solve--
end solve-- RelaxOptimal OPTIMAL
 weights_sum: 1.0000000560034406
itereffortlevel: 0
--separating...
--find a better primal bound 0.09241834916335427 by Alternative descent Eigen
--found a cut state by heuristic 0.09241834916335427 0.06375492126242119 
iteration: 1581,  #states: 2687, valueb: 0.06375492126242119, activeness: 0.09241834916335427, primalobj: 0.9584252285611835, dualobj: -Inf
solve--
end solve-- RelaxOptimal OPTIMAL
 weights_sum: 1.0000000000000013
itereffortlevel: 0
--separating...
--find a better primal bound 0.11198425302719585 by Alternative descent Eigen
--found a cut state by heuristic 0.11198425302719585 0.06704304685371754 
iteration: 1582,  #states: 2688, valueb: 0.06704304685371754, activeness: 0.11198425302719585, primalobj: 0.958423817074719, dualobj: -Inf
solve--
end solve-- RelaxOptimal OPTIMAL
 weights_sum: 1.0000000000000004
itereffortlevel: 0
--separating...
--find a better primal bound 0.11690018259149026 by Alternative descent Eigen
--found a cut state by heuristic 0.11690018259149026 0.06642006097790812 
iteration: 1583,  #states: 2689, valueb: 0.06642006097790812, activeness: 0.11690018259149026, primalobj: 0.9584146480017365, dualobj: -Inf
solve--
end solve-- RelaxOptimal OPTIMAL
 weights_sum: 1.0000000000000004
itereffortlevel: 0
--separating...
--find a better primal bound 0.09507960826549186 by Alternative descent Eigen
--found a cut state by heuristic 0.09507960826549186 0.06668457845172429 
iteration: 1584,  #states: 2690, valueb: 0.06668457845172429, activeness: 0.09507960826549186, primalobj: 0.958407210153633, dualobj: -Inf
solve--
end solve-- RelaxOptimal OPTIMAL
 weights_sum: 0.9999999999999997
itereffortlevel: 0
--separating...
--find a better primal bound 0.06868199307284699 by Alternative descent Eigen
--found a cut state by heuristic 0.06868199307284699 0.05993207829713146 
iteration: 1585,  #states: 2691, valueb: 0.05993207829713146, activeness: 0.06868199307284699, primalobj: 0.9584050622064526, dualobj: -Inf
solve--
end solve-- RelaxOptimal OPTIMAL
 weights_sum: 1.0
itereffortlevel: 0
--separating...
--find a better primal bound 0.05566198200636866 by Alternative descent Eigen
--found a cut state by heuristic 0.05566198200636866 0.054614356209414315 
iteration: 1586,  #states: 2692, valueb: 0.054614356209414315, activeness: 0.05566198200636866, primalobj: 0.9584041687774554, dualobj: -Inf
solve--
end solve-- RelaxOptimal OPTIMAL
 weights_sum: 1.0000000000000004
itereffortlevel: 0
--separating...
--find a better primal bound 0.09411029263920423 by Alternative descent Eigen
--found a cut state by heuristic 0.09411029263920423 0.05687688962673333 
iteration: 1587,  #states: 2693, valueb: 0.05687688962673333, activeness: 0.09411029263920423, primalobj: 0.9584041004083822, dualobj: -Inf
solve--
end solve-- RelaxOptimal OPTIMAL
 weights_sum: 0.9999999999999997
itereffortlevel: 0
--separating...
--find a better primal bound 0.024576341154689638 by Alternative descent Eigen
--found a cut state by heuristic 0.024576341154689638 -0.0 
iteration: 1588,  #states: 2694, valueb: -0.0, activeness: 0.024576341154689638, primalobj: 0.958395031961945, dualobj: -Inf
solve--
end solve-- RelaxOptimal OPTIMAL
 weights_sum: 1.0000000000000016
itereffortlevel: 0
--separating...
--find a better primal bound 0.08580178671380045 by Alternative descent Eigen
--found a cut state by heuristic 0.08580178671380045 0.05465413747799922 
iteration: 1589,  #states: 2695, valueb: 0.05465413747799922, activeness: 0.08580178671380045, primalobj: 0.9583908247556521, dualobj: -Inf
solve--
end solve-- RelaxOptimal OPTIMAL
 weights_sum: 0.9999999999999987
itereffortlevel: 0
--separating...
--find a better primal bound 0.08070164560926933 by Alternative descent Eigen
--found a cut state by heuristic 0.08070164560926933 0.06036621376307702 
iteration: 1590,  #states: 2696, valueb: 0.06036621376307702, activeness: 0.08070164560926933, primalobj: 0.9583842347309761, dualobj: -Inf
solve--
end solve-- RelaxOptimal OPTIMAL
 weights_sum: 0.9999999999999993
itereffortlevel: 0
--separating...
--find a better primal bound 0.07092198065384367 by Alternative descent Eigen
--found a cut state by heuristic 0.07092198065384367 0.05786051367746352 
iteration: 1591,  #states: 2697, valueb: 0.05786051367746352, activeness: 0.07092198065384367, primalobj: 0.9583821393240466, dualobj: -Inf
solve--
end solve-- RelaxOptimal OPTIMAL
 weights_sum: 1.0000000000000004
itereffortlevel: 0
--separating...
--find a better primal bound 0.09310348749503694 by Alternative descent Eigen
--found a cut state by heuristic 0.09310348749503694 0.05763544114721603 
iteration: 1592,  #states: 2698, valueb: 0.05763544114721603, activeness: 0.09310348749503694, primalobj: 0.9583812367680811, dualobj: -Inf
solve--
end solve-- RelaxOptimal OPTIMAL
 weights_sum: 1.0000000000000009
itereffortlevel: 0
--separating...
--find a better primal bound 0.09347888572605169 by Alternative descent Eigen
--found a cut state by heuristic 0.09347888572605169 0.05508576504796932 
iteration: 1593,  #states: 2699, valueb: 0.05508576504796932, activeness: 0.09347888572605169, primalobj: 0.9583779327832214, dualobj: -Inf
solve--
end solve-- RelaxOptimal OPTIMAL
 weights_sum: 1.0000000000000009
itereffortlevel: 0
--separating...
--find a better primal bound 0.0862440643511289 by Alternative descent Eigen
--found a cut state by heuristic 0.0862440643511289 0.053180609504022355 
iteration: 1594,  #states: 2700, valueb: 0.053180609504022355, activeness: 0.0862440643511289, primalobj: 0.9583750550038699, dualobj: -Inf
solve--
end solve-- RelaxOptimal OPTIMAL
 weights_sum: 1.0
itereffortlevel: 0
--separating...
--find a better primal bound 0.08707397482356201 by Alternative descent Eigen
--found a cut state by heuristic 0.08707397482356201 0.05546440113753473 
iteration: 1595,  #states: 2701, valueb: 0.05546440113753473, activeness: 0.08707397482356201, primalobj: 0.9583704221499292, dualobj: -Inf
solve--
end solve-- RelaxOptimal OPTIMAL
 weights_sum: 0.9999999999999999
itereffortlevel: 0
--separating...
--find a better primal bound 0.08176171229031112 by Alternative descent Eigen
--found a cut state by heuristic 0.08176171229031112 0.05348255869196704 
iteration: 1596,  #states: 2702, valueb: 0.05348255869196704, activeness: 0.08176171229031112, primalobj: 0.958365652158466, dualobj: -Inf
solve--
end solve-- RelaxOptimal OPTIMAL
 weights_sum: 0.9999999999999997
itereffortlevel: 0
--separating...
--find a better primal bound 0.04433552051611324 by Alternative descent Eigen
--found a cut state by heuristic 0.04433552051611324 -0.0 
iteration: 1597,  #states: 2703, valueb: -0.0, activeness: 0.04433552051611324, primalobj: 0.9583639178132095, dualobj: -Inf
solve--
end solve-- RelaxOptimal OPTIMAL
 weights_sum: 0.9999999999999992
itereffortlevel: 0
--separating...
--find a better primal bound 0.09232414242615489 by Alternative descent Eigen
--found a cut state by heuristic 0.09232414242615489 0.057870099449528534 
iteration: 1598,  #states: 2704, valueb: 0.057870099449528534, activeness: 0.09232414242615489, primalobj: 0.9583604263419742, dualobj: -Inf
solve--
end solve-- RelaxOptimal OPTIMAL
 weights_sum: 1.0000000192890077
itereffortlevel: 0
--separating...
--find a better primal bound 0.10045514821972237 by Alternative descent Eigen
--found a cut state by heuristic 0.10045514821972237 0.05680768937650247 
iteration: 1599,  #states: 2705, valueb: 0.05680768937650247, activeness: 0.10045514821972237, primalobj: 0.9583567679158366, dualobj: -Inf
solve--
end solve-- RelaxOptimal OPTIMAL
 weights_sum: 1.0000000000000009
itereffortlevel: 0
--separating...
--find a better primal bound 0.09713145021748716 by Alternative descent Eigen
--found a cut state by heuristic 0.09713145021748716 0.06339024978108325 
iteration: 1600,  #states: 2706, valueb: 0.06339024978108325, activeness: 0.09713145021748716, primalobj: 0.9583523760069448, dualobj: -Inf
solve--
end solve-- RelaxOptimal OPTIMAL
 weights_sum: 1.0000001072472027
itereffortlevel: 0
--separating...
--find a better primal bound 0.0684824614132953 by Alternative descent Eigen
--found a cut state by heuristic 0.0684824614132953 0.050724315740326126 
iteration: 1601,  #states: 2707, valueb: 0.050724315740326126, activeness: 0.0684824614132953, primalobj: 0.9583486447244278, dualobj: -Inf
solve--
end solve-- RelaxOptimal OPTIMAL
 weights_sum: 1.0
itereffortlevel: 0
--separating...
--find a better primal bound 0.07412988257440928 by Alternative descent Eigen
--found a cut state by heuristic 0.07412988257440928 0.06268920799736813 
iteration: 1602,  #states: 2708, valueb: 0.06268920799736813, activeness: 0.07412988257440928, primalobj: 0.9583436177438892, dualobj: -Inf
solve--
end solve-- RelaxOptimal OPTIMAL
 weights_sum: 0.9999999999999998
itereffortlevel: 0
--separating...
--find a better primal bound 0.09700319312236008 by Alternative descent Eigen
--found a cut state by heuristic 0.09700319312236008 0.06119559129768676 
iteration: 1603,  #states: 2709, valueb: 0.06119559129768676, activeness: 0.09700319312236008, primalobj: 0.9583419932971335, dualobj: -Inf
solve--
end solve-- RelaxOptimal OPTIMAL
 weights_sum: 1.000000000000001
itereffortlevel: 0
--separating...
--find a better primal bound 0.06453045788074979 by Alternative descent Eigen
--found a cut state by heuristic 0.06453045788074979 0.05488634349221249 
iteration: 1604,  #states: 2710, valueb: 0.05488634349221249, activeness: 0.06453045788074979, primalobj: 0.9583370539705945, dualobj: -Inf
solve--
end solve-- RelaxOptimal OPTIMAL
 weights_sum: 0.9999999999999997
itereffortlevel: 0
--separating...
--find a better primal bound 0.02515115047319734 by Alternative descent Eigen
--found a cut state by heuristic 0.02515115047319734 -0.0 
iteration: 1605,  #states: 2711, valueb: -0.0, activeness: 0.02515115047319734, primalobj: 0.9583359895144179, dualobj: -Inf
solve--
end solve-- RelaxOptimal OPTIMAL
 weights_sum: 1.0
itereffortlevel: 0
--separating...
--find a better primal bound 0.05449749647262854 by Alternative descent Eigen
--found a cut state by heuristic 0.05449749647262854 0.0475045499524179 
iteration: 1606,  #states: 2712, valueb: 0.0475045499524179, activeness: 0.05449749647262854, primalobj: 0.9583323878202609, dualobj: -Inf
solve--
end solve-- RelaxOptimal OPTIMAL
 weights_sum: 1.0
itereffortlevel: 0
--separating...
--find a better primal bound 0.05641381774837284 by Alternative descent Eigen
--found a cut state by heuristic 0.05641381774837284 0.05267653446449918 
iteration: 1607,  #states: 2713, valueb: 0.05267653446449918, activeness: 0.05641381774837284, primalobj: 0.9583316305029237, dualobj: -Inf
solve--
end solve-- RelaxOptimal OPTIMAL
 weights_sum: 1.0000000000000007
itereffortlevel: 0
--separating...
--find a better primal bound 0.0943677984570331 by Alternative descent Eigen
--found a cut state by heuristic 0.0943677984570331 0.06366425975483393 
iteration: 1608,  #states: 2714, valueb: 0.06366425975483393, activeness: 0.0943677984570331, primalobj: 0.9583308936011763, dualobj: -Inf
solve--
end solve-- RelaxOptimal OPTIMAL
 weights_sum: 1.00000059918926
itereffortlevel: 0
--separating...
--find a better primal bound 0.054737203539358154 by Alternative descent Eigen
--found a cut state by heuristic 0.054737203539358154 0.05244482068980778 
iteration: 1609,  #states: 2715, valueb: 0.05244482068980778, activeness: 0.054737203539358154, primalobj: 0.9583287134446659, dualobj: -Inf
solve--
end solve-- RelaxOptimal OPTIMAL
 weights_sum: 0.9999999999999998
itereffortlevel: 0
--separating...
--find a better primal bound 0.09344407772096573 by Alternative descent Eigen
--found a cut state by heuristic 0.09344407772096573 0.05233909780144086 
iteration: 1610,  #states: 2716, valueb: 0.05233909780144086, activeness: 0.09344407772096573, primalobj: 0.9583285186282775, dualobj: -Inf
solve--
end solve-- RelaxOptimal OPTIMAL
 weights_sum: 0.9999999999999993
itereffortlevel: 0
--separating...
--find a better primal bound 0.06883816042461477 by Alternative descent Eigen
--found a cut state by heuristic 0.06883816042461477 0.05615739894401961 
iteration: 1611,  #states: 2717, valueb: 0.05615739894401961, activeness: 0.06883816042461477, primalobj: 0.9583254184582527, dualobj: -Inf
solve--
end solve-- RelaxOptimal OPTIMAL
 weights_sum: 1.0
itereffortlevel: 0
--separating...
--find a better primal bound 0.05577335171114558 by Alternative descent Eigen
--found a cut state by heuristic 0.05577335171114558 0.05523383972602604 
iteration: 1612,  #states: 2718, valueb: 0.05523383972602604, activeness: 0.05577335171114558, primalobj: 0.9583244533321671, dualobj: -Inf
solve--
end solve-- RelaxOptimal OPTIMAL
 weights_sum: 0.9999999999999993
itereffortlevel: 0
--separating...
--find a better primal bound 0.05437345599759755 by Alternative descent Eigen
--found a cut state by heuristic 0.05437345599759755 0.053637547438326695 
iteration: 1613,  #states: 2719, valueb: 0.053637547438326695, activeness: 0.05437345599759755, primalobj: 0.9583244275903638, dualobj: -Inf
solve--
end solve-- RelaxOptimal OPTIMAL
 weights_sum: 1.0000000000000004
itereffortlevel: 0
--separating...
--find a better primal bound 0.09512462593784426 by Alternative descent Eigen
--found a cut state by heuristic 0.09512462593784426 0.06290358677889148 
iteration: 1614,  #states: 2720, valueb: 0.06290358677889148, activeness: 0.09512462593784426, primalobj: 0.9583243709666778, dualobj: -Inf
solve--
end solve-- RelaxOptimal OPTIMAL
 weights_sum: 0.9999999999999993
itereffortlevel: 0
--separating...
--find a better primal bound 0.022577224608852163 by Alternative descent Eigen
--found a cut state by heuristic 0.022577224608852163 -0.0 
iteration: 1615,  #states: 2721, valueb: -0.0, activeness: 0.022577224608852163, primalobj: 0.9583214136517184, dualobj: -Inf
solve--
end solve-- RelaxOptimal OPTIMAL
 weights_sum: 1.0000000971873373
itereffortlevel: 0
--separating...
--find a better primal bound 0.07441290071755904 by Alternative descent Eigen
--found a cut state by heuristic 0.07441290071755904 0.04637342857130331 
iteration: 1616,  #states: 2722, valueb: 0.04637342857130331, activeness: 0.07441290071755904, primalobj: 0.9583186243314596, dualobj: -Inf
solve--
end solve-- RelaxOptimal OPTIMAL
 weights_sum: 1.0000010242569068
itereffortlevel: 0
--separating...
--find a better primal bound 0.09893111864018476 by Alternative descent Eigen
--found a cut state by heuristic 0.09893111864018476 0.06489018266100831 
iteration: 1617,  #states: 2723, valueb: 0.06489018266100831, activeness: 0.09893111864018476, primalobj: 0.9583143884086303, dualobj: -Inf
solve--
end solve-- RelaxOptimal OPTIMAL
 weights_sum: 1.0000000730382739
itereffortlevel: 0
--separating...
--find a better primal bound 0.09752327456428202 by Alternative descent Eigen
--found a cut state by heuristic 0.09752327456428202 0.05416982982468969 
iteration: 1618,  #states: 2724, valueb: 0.05416982982468969, activeness: 0.09752327456428202, primalobj: 0.9583097512288679, dualobj: -Inf
solve--
end solve-- RelaxOptimal OPTIMAL
 weights_sum: 0.9999999999999997
itereffortlevel: 0
--separating...
--find a better primal bound 0.008360392414308467 by Alternative descent Eigen
--found a cut state by heuristic 0.008360392414308467 -0.0 
iteration: 1619,  #states: 2725, valueb: -0.0, activeness: 0.008360392414308467, primalobj: 0.9583050300944761, dualobj: -Inf
solve--
end solve-- RelaxOptimal OPTIMAL
 weights_sum: 1.0000000000000007
itereffortlevel: 0
--separating...
--find a better primal bound 0.09418925666055633 by Alternative descent Eigen
--found a cut state by heuristic 0.09418925666055633 0.05239230609662813 
iteration: 1620,  #states: 2726, valueb: 0.05239230609662813, activeness: 0.09418925666055633, primalobj: 0.958303929917431, dualobj: -Inf
solve--
end solve-- RelaxOptimal OPTIMAL
 weights_sum: 0.9999999999999999
itereffortlevel: 0
--separating...
--find a better primal bound 0.09501920959356906 by Alternative descent Eigen
--found a cut state by heuristic 0.09501920959356906 0.06001881975788398 
iteration: 1621,  #states: 2727, valueb: 0.06001881975788398, activeness: 0.09501920959356906, primalobj: 0.958299739731816, dualobj: -Inf
solve--
end solve-- RelaxOptimal OPTIMAL
 weights_sum: 1.0000000000000007
itereffortlevel: 0
--separating...
--find a better primal bound 0.08407356437267884 by Alternative descent Eigen
--found a cut state by heuristic 0.08407356437267884 0.056297661416034143 
iteration: 1622,  #states: 2728, valueb: 0.056297661416034143, activeness: 0.08407356437267884, primalobj: 0.9582961216615421, dualobj: -Inf
solve--
end solve-- RelaxOptimal OPTIMAL
 weights_sum: 1.0000015525456298
itereffortlevel: 0
--separating...
--find a better primal bound 0.06565284094469086 by Alternative descent Eigen
--found a cut state by heuristic 0.06565284094469086 0.05740364346048267 
iteration: 1623,  #states: 2729, valueb: 0.05740364346048267, activeness: 0.06565284094469086, primalobj: 0.9582936585293166, dualobj: -Inf
solve--
end solve-- RelaxOptimal OPTIMAL
 weights_sum: 1.0000000000000004
itereffortlevel: 0
--separating...
--find a better primal bound 0.0740686946451822 by Alternative descent Eigen
--found a cut state by heuristic 0.0740686946451822 0.05579578461275764 
iteration: 1624,  #states: 2730, valueb: 0.05579578461275764, activeness: 0.0740686946451822, primalobj: 0.9582928380867918, dualobj: -Inf
solve--
end solve-- RelaxOptimal OPTIMAL
 weights_sum: 1.0000000000000004
itereffortlevel: 0
--separating...
--find a better primal bound 0.08569157824269384 by Alternative descent Eigen
--found a cut state by heuristic 0.08569157824269384 0.0525900452336511 
iteration: 1625,  #states: 2731, valueb: 0.0525900452336511, activeness: 0.08569157824269384, primalobj: 0.9582914053062592, dualobj: -Inf
solve--
end solve-- RelaxOptimal OPTIMAL
 weights_sum: 0.9999999999999993
itereffortlevel: 0
--separating...
--find a better primal bound 0.09822000226395572 by Alternative descent Eigen
--found a cut state by heuristic 0.09822000226395572 0.05300387775656187 
iteration: 1626,  #states: 2732, valueb: 0.05300387775656187, activeness: 0.09822000226395572, primalobj: 0.958288394150431, dualobj: -Inf
solve--
end solve-- RelaxOptimal OPTIMAL
 weights_sum: 0.9999999999999998
itereffortlevel: 0
--separating...
--find a better primal bound 0.08528301700756297 by Alternative descent Eigen
--found a cut state by heuristic 0.08528301700756297 0.05650504235664595 
iteration: 1627,  #states: 2733, valueb: 0.05650504235664595, activeness: 0.08528301700756297, primalobj: 0.9582808853423707, dualobj: -Inf
solve--
end solve-- RelaxOptimal OPTIMAL
 weights_sum: 1.0000000000000004
itereffortlevel: 0
--separating...
--find a better primal bound 0.0781125992641496 by Alternative descent Eigen
--found a cut state by heuristic 0.0781125992641496 0.060418426774617846 
iteration: 1628,  #states: 2734, valueb: 0.060418426774617846, activeness: 0.0781125992641496, primalobj: 0.9582776986216681, dualobj: -Inf
solve--
end solve-- RelaxOptimal OPTIMAL
 weights_sum: 1.000000024907477
itereffortlevel: 0
--separating...
--find a better primal bound 0.11721463284474638 by Alternative descent Eigen
--found a cut state by heuristic 0.11721463284474638 0.054152786659231046 
iteration: 1629,  #states: 2735, valueb: 0.054152786659231046, activeness: 0.11721463284474638, primalobj: 0.9582760919013165, dualobj: -Inf
solve--
end solve-- RelaxOptimal OPTIMAL
 weights_sum: 0.9999999999999991
itereffortlevel: 0
--separating...
--find a better primal bound 0.11646332721652151 by Alternative descent Eigen
--found a cut state by heuristic 0.11646332721652151 0.07003703619298113 
iteration: 1630,  #states: 2736, valueb: 0.07003703619298113, activeness: 0.11646332721652151, primalobj: 0.958263617686127, dualobj: -Inf
solve--
end solve-- RelaxOptimal OPTIMAL
 weights_sum: 1.000000000000001
itereffortlevel: 0
--separating...
--find a better primal bound 0.0972240754542644 by Alternative descent Eigen
--found a cut state by heuristic 0.0972240754542644 0.06175414224807743 
iteration: 1631,  #states: 2737, valueb: 0.06175414224807743, activeness: 0.0972240754542644, primalobj: 0.9582557529937938, dualobj: -Inf
solve--
end solve-- RelaxOptimal OPTIMAL
 weights_sum: 1.0000000462292613
itereffortlevel: 0
--separating...
--find a better primal bound 0.07840418779786801 by Alternative descent Eigen
--found a cut state by heuristic 0.07840418779786801 0.06782650257238027 
iteration: 1632,  #states: 2738, valueb: 0.06782650257238027, activeness: 0.07840418779786801, primalobj: 0.9582493219929274, dualobj: -Inf
solve--
end solve-- RelaxOptimal OPTIMAL
 weights_sum: 1.0000000000000004
itereffortlevel: 0
--separating...
--find a better primal bound 0.10421975753830576 by Alternative descent Eigen
--found a cut state by heuristic 0.10421975753830576 0.06927161832118243 
iteration: 1633,  #states: 2739, valueb: 0.06927161832118243, activeness: 0.10421975753830576, primalobj: 0.9582466804954091, dualobj: -Inf
solve--
end solve-- RelaxOptimal OPTIMAL
 weights_sum: 1.0000000000000009
itereffortlevel: 0
--separating...
--find a better primal bound 0.11077320713280873 by Alternative descent Eigen
--found a cut state by heuristic 0.11077320713280873 0.06863769852142367 
iteration: 1634,  #states: 2740, valueb: 0.06863769852142367, activeness: 0.11077320713280873, primalobj: 0.9582425849256334, dualobj: -Inf
solve--
end solve-- RelaxOptimal OPTIMAL
 weights_sum: 0.9999999999999996
itereffortlevel: 0
--separating...
--find a better primal bound 0.11377721572945773 by Alternative descent Eigen
--found a cut state by heuristic 0.11377721572945773 0.07286467102822874 
iteration: 1635,  #states: 2741, valueb: 0.07286467102822874, activeness: 0.11377721572945773, primalobj: 0.9582379404691335, dualobj: -Inf
solve--
end solve-- RelaxOptimal OPTIMAL
 weights_sum: 1.000000000000001
itereffortlevel: 0
--separating...
--find a better primal bound 0.10805144041346301 by Alternative descent Eigen
--found a cut state by heuristic 0.10805144041346301 0.0703734926129301 
iteration: 1636,  #states: 2742, valueb: 0.0703734926129301, activeness: 0.10805144041346301, primalobj: 0.9582317359080029, dualobj: -Inf
solve--
end solve-- RelaxOptimal OPTIMAL
 weights_sum: 1.000000545085708
itereffortlevel: 0
--separating...
--find a better primal bound 0.10956020192790863 by Alternative descent Eigen
--found a cut state by heuristic 0.10956020192790863 0.07604370701820488 
iteration: 1637,  #states: 2743, valueb: 0.07604370701820488, activeness: 0.10956020192790863, primalobj: 0.9582261296808305, dualobj: -Inf
solve--
end solve-- RelaxOptimal OPTIMAL
 weights_sum: 1.0000000000000009
itereffortlevel: 0
--separating...
--find a better primal bound 0.08964989211361157 by Alternative descent Eigen
--found a cut state by heuristic 0.08964989211361157 0.07373034738068851 
iteration: 1638,  #states: 2744, valueb: 0.07373034738068851, activeness: 0.08964989211361157, primalobj: 0.9582228811092005, dualobj: -Inf
solve--
end solve-- RelaxOptimal OPTIMAL
 weights_sum: 0.9999999999999993
itereffortlevel: 0
--separating...
--find a better primal bound 0.13470912812708208 by Alternative descent Eigen
--found a cut state by heuristic 0.13470912812708208 0.06922030560764883 
iteration: 1639,  #states: 2745, valueb: 0.06922030560764883, activeness: 0.13470912812708208, primalobj: 0.9582206340556327, dualobj: -Inf
solve--
end solve-- RelaxOptimal OPTIMAL
 weights_sum: 0.9999999999999999
itereffortlevel: 0
--separating...
--find a better primal bound 0.09872786785097251 by Alternative descent Eigen
--found a cut state by heuristic 0.09872786785097251 0.07236866728177498 
iteration: 1640,  #states: 2746, valueb: 0.07236866728177498, activeness: 0.09872786785097251, primalobj: 0.9582152056818816, dualobj: -Inf
solve--
end solve-- RelaxOptimal OPTIMAL
 weights_sum: 0.9999999999999996
itereffortlevel: 0
--separating...
--find a better primal bound 0.0785006736591751 by Alternative descent Eigen
--found a cut state by heuristic 0.0785006736591751 0.06882857899174663 
iteration: 1641,  #states: 2747, valueb: 0.06882857899174663, activeness: 0.0785006736591751, primalobj: 0.9582138126900552, dualobj: -Inf
solve--
end solve-- RelaxOptimal OPTIMAL
 weights_sum: 1.0000000000000007
itereffortlevel: 0
--separating...
--find a better primal bound 0.10939213794284007 by Alternative descent Eigen
--found a cut state by heuristic 0.10939213794284007 0.07619082302134259 
iteration: 1642,  #states: 2748, valueb: 0.07619082302134259, activeness: 0.10939213794284007, primalobj: 0.958213259912613, dualobj: -Inf
solve--
end solve-- RelaxOptimal OPTIMAL
 weights_sum: 1.000000000000001
itereffortlevel: 0
--separating...
--find a better primal bound 0.12668666132278047 by Alternative descent Eigen
--found a cut state by heuristic 0.12668666132278047 0.0785642708999905 
iteration: 1643,  #states: 2749, valueb: 0.0785642708999905, activeness: 0.12668666132278047, primalobj: 0.9582103439552365, dualobj: -Inf
solve--
end solve-- RelaxOptimal OPTIMAL
 weights_sum: 1.0000001897359956
itereffortlevel: 0
--separating...
--find a better primal bound 0.10356212463569837 by Alternative descent Eigen
--found a cut state by heuristic 0.10356212463569837 0.07574764308910469 
iteration: 1644,  #states: 2750, valueb: 0.07574764308910469, activeness: 0.10356212463569837, primalobj: 0.958206600607977, dualobj: -Inf
solve--
end solve-- RelaxOptimal OPTIMAL
 weights_sum: 0.9999999999999993
itereffortlevel: 0
--separating...
--find a better primal bound 0.1052693078598663 by Alternative descent Eigen
--found a cut state by heuristic 0.1052693078598663 0.07462239897172952 
iteration: 1645,  #states: 2751, valueb: 0.07462239897172952, activeness: 0.1052693078598663, primalobj: 0.9582034368590446, dualobj: -Inf
solve--
end solve-- RelaxOptimal OPTIMAL
 weights_sum: 1.0000000016209363
itereffortlevel: 0
--separating...
--find a better primal bound 0.01493232867178828 by Alternative descent Eigen
--found a cut state by heuristic 0.01493232867178828 -0.0 
iteration: 1646,  #states: 2752, valueb: -0.0, activeness: 0.01493232867178828, primalobj: 0.9582011382460351, dualobj: -Inf
solve--
end solve-- RelaxOptimal OPTIMAL
 weights_sum: 0.9999999999999994
itereffortlevel: 0
--separating...
--find a better primal bound 0.08997605510770007 by Alternative descent Eigen
--found a cut state by heuristic 0.08997605510770007 0.07727596279379664 
iteration: 1647,  #states: 2753, valueb: 0.07727596279379664, activeness: 0.08997605510770007, primalobj: 0.95820014467695, dualobj: -Inf
solve--
end solve-- RelaxOptimal OPTIMAL
 weights_sum: 0.9999999999999993
itereffortlevel: 0
--separating...
--find a better primal bound 0.1063419634911864 by Alternative descent Eigen
--found a cut state by heuristic 0.1063419634911864 0.07764489358647501 
iteration: 1648,  #states: 2754, valueb: 0.07764489358647501, activeness: 0.1063419634911864, primalobj: 0.958199660152148, dualobj: -Inf
solve--
end solve-- RelaxOptimal OPTIMAL
 weights_sum: 1.0000020570679986
itereffortlevel: 0
--separating...
--find a better primal bound 0.11931732067122816 by Alternative descent Eigen
--found a cut state by heuristic 0.11931732067122816 0.07636104067346906 
iteration: 1649,  #states: 2755, valueb: 0.07636104067346906, activeness: 0.11931732067122816, primalobj: 0.9581945895302499, dualobj: -Inf
solve--
end solve-- RelaxOptimal OPTIMAL
 weights_sum: 0.999999999999999
itereffortlevel: 0
--separating...
--find a better primal bound 0.10641254940728784 by Alternative descent Eigen
--found a cut state by heuristic 0.10641254940728784 0.06959823544489235 
iteration: 1650,  #states: 2756, valueb: 0.06959823544489235, activeness: 0.10641254940728784, primalobj: 0.9581899513584502, dualobj: -Inf
solve--
end solve-- RelaxOptimal OPTIMAL
 weights_sum: 0.9999999999999997
itereffortlevel: 0
--separating...
--find a better primal bound 0.04388237670075585 by Alternative descent Eigen
--found a cut state by heuristic 0.04388237670075585 -0.0 
iteration: 1651,  #states: 2757, valueb: -0.0, activeness: 0.04388237670075585, primalobj: 0.9581863217893032, dualobj: -Inf
solve--
end solve-- RelaxOptimal OPTIMAL
 weights_sum: 0.9999999999999991
itereffortlevel: 0
--separating...
--find a better primal bound 0.07644384739368433 by Alternative descent Eigen
--found a cut state by heuristic 0.07644384739368433 0.054800837164192366 
iteration: 1652,  #states: 2758, valueb: 0.054800837164192366, activeness: 0.07644384739368433, primalobj: 0.958183449993998, dualobj: -Inf
solve--
end solve-- RelaxOptimal OPTIMAL
 weights_sum: 0.9999999999999999
itereffortlevel: 0
--separating...
--find a better primal bound 0.09764000995957306 by Alternative descent Eigen
--found a cut state by heuristic 0.09764000995957306 0.0641250182118429 
iteration: 1653,  #states: 2759, valueb: 0.0641250182118429, activeness: 0.09764000995957306, primalobj: 0.9581816782898018, dualobj: -Inf
solve--
end solve-- RelaxOptimal OPTIMAL
 weights_sum: 0.9999999999999993
itereffortlevel: 0
--separating...
--find a better primal bound 0.08840986221813583 by Alternative descent Eigen
--found a cut state by heuristic 0.08840986221813583 0.06676199129995306 
iteration: 1654,  #states: 2760, valueb: 0.06676199129995306, activeness: 0.08840986221813583, primalobj: 0.9581775989682209, dualobj: -Inf
solve--
end solve-- RelaxOptimal OPTIMAL
 weights_sum: 0.9999999999999996
itereffortlevel: 0
--separating...
--find a better primal bound 0.006944419767519113 by Alternative descent Eigen
--found a cut state by heuristic 0.006944419767519113 -0.0 
iteration: 1655,  #states: 2761, valueb: -0.0, activeness: 0.006944419767519113, primalobj: 0.9581761412738948, dualobj: -Inf
solve--
end solve-- RelaxOptimal OPTIMAL
 weights_sum: 1.0000003545426437
itereffortlevel: 0
--separating...
--find a better primal bound 0.07990585886593427 by Alternative descent Eigen
--found a cut state by heuristic 0.07990585886593427 0.06199206123751556 
iteration: 1656,  #states: 2762, valueb: 0.06199206123751556, activeness: 0.07990585886593427, primalobj: 0.958175449230987, dualobj: -Inf
solve--
end solve-- RelaxOptimal OPTIMAL
 weights_sum: 0.9999999999999996
itereffortlevel: 0
--separating...
--find a better primal bound 0.08411423029275657 by Alternative descent Eigen
--found a cut state by heuristic 0.08411423029275657 0.06491874782642493 
iteration: 1657,  #states: 2763, valueb: 0.06491874782642493, activeness: 0.08411423029275657, primalobj: 0.9581737483775004, dualobj: -Inf
solve--
end solve-- RelaxOptimal OPTIMAL
 weights_sum: 0.9999999999999991
itereffortlevel: 0
--separating...
--find a better primal bound 0.08157355418517027 by Alternative descent Eigen
--found a cut state by heuristic 0.08157355418517027 0.07525763436823342 
iteration: 1658,  #states: 2764, valueb: 0.07525763436823342, activeness: 0.08157355418517027, primalobj: 0.9581721912973071, dualobj: -Inf
solve--
end solve-- RelaxOptimal OPTIMAL
 weights_sum: 1.0000000000000004
itereffortlevel: 0
--separating...
--find a better primal bound 0.07316297056432468 by Alternative descent Eigen
--found a cut state by heuristic 0.07316297056432468 0.06875625602190008 
iteration: 1659,  #states: 2765, valueb: 0.06875625602190008, activeness: 0.07316297056432468, primalobj: 0.9581719291791666, dualobj: -Inf
solve--
end solve-- RelaxOptimal OPTIMAL
 weights_sum: 1.0000000714652653
itereffortlevel: 0
--separating...
--find a better primal bound 0.09982769792784343 by Alternative descent Eigen
--found a cut state by heuristic 0.09982769792784343 0.06782819186370474 
iteration: 1660,  #states: 2766, valueb: 0.06782819186370474, activeness: 0.09982769792784343, primalobj: 0.9581712496457043, dualobj: -Inf
solve--
end solve-- RelaxOptimal OPTIMAL
 weights_sum: 1.0
itereffortlevel: 0
--separating...
--find a better primal bound 0.10803423511937144 by Alternative descent Eigen
--found a cut state by heuristic 0.10803423511937144 0.0670046062566477 
iteration: 1661,  #states: 2767, valueb: 0.0670046062566477, activeness: 0.10803423511937144, primalobj: 0.9581688843043344, dualobj: -Inf
solve--
end solve-- RelaxOptimal OPTIMAL
 weights_sum: 1.0000000000000018
itereffortlevel: 0
--separating...
--find a better primal bound 0.10894119956890679 by Alternative descent Eigen
--found a cut state by heuristic 0.10894119956890679 0.06931932755517253 
iteration: 1662,  #states: 2768, valueb: 0.06931932755517253, activeness: 0.10894119956890679, primalobj: 0.9581645093630815, dualobj: -Inf
solve--
end solve-- RelaxOptimal OPTIMAL
 weights_sum: 0.9999999999999996
itereffortlevel: 0
--separating...
--find a better primal bound 0.10459663317351221 by Alternative descent Eigen
--found a cut state by heuristic 0.10459663317351221 0.07848437634595792 
iteration: 1663,  #states: 2769, valueb: 0.07848437634595792, activeness: 0.10459663317351221, primalobj: 0.9581620865757194, dualobj: -Inf
solve--
end solve-- RelaxOptimal OPTIMAL
 weights_sum: 0.9999999999999998
itereffortlevel: 0
--separating...
--find a better primal bound 0.1138004378489901 by Alternative descent Eigen
--found a cut state by heuristic 0.1138004378489901 0.06978582345412808 
iteration: 1664,  #states: 2770, valueb: 0.06978582345412808, activeness: 0.1138004378489901, primalobj: 0.9581587313902725, dualobj: -Inf
solve--
end solve-- RelaxOptimal OPTIMAL
 weights_sum: 1.0000000000000004
itereffortlevel: 0
--separating...
--find a better primal bound 0.09888776898857889 by Alternative descent Eigen
--found a cut state by heuristic 0.09888776898857889 0.07366898697407975 
iteration: 1665,  #states: 2771, valueb: 0.07366898697407975, activeness: 0.09888776898857889, primalobj: 0.9581551763645448, dualobj: -Inf
solve--
end solve-- RelaxOptimal OPTIMAL
 weights_sum: 0.9999999999999999
itereffortlevel: 0
--separating...
--find a better primal bound 0.04471762789421381 by Alternative descent Eigen
--found a cut state by heuristic 0.04471762789421381 -0.0 
iteration: 1666,  #states: 2772, valueb: -0.0, activeness: 0.04471762789421381, primalobj: 0.9581512107319843, dualobj: -Inf
solve--
end solve-- RelaxOptimal OPTIMAL
 weights_sum: 1.0000000000000009
itereffortlevel: 0
--separating...
--find a better primal bound 0.08914163407864102 by Alternative descent Eigen
--found a cut state by heuristic 0.08914163407864102 0.0683350042056482 
iteration: 1667,  #states: 2773, valueb: 0.0683350042056482, activeness: 0.08914163407864102, primalobj: 0.9581445661462074, dualobj: -Inf
solve--
end solve-- RelaxOptimal OPTIMAL
 weights_sum: 0.9999999999999996
itereffortlevel: 0
--separating...
--find a better primal bound 0.10673628315251588 by Alternative descent Eigen
--found a cut state by heuristic 0.10673628315251588 0.07258396122416864 
iteration: 1668,  #states: 2774, valueb: 0.07258396122416864, activeness: 0.10673628315251588, primalobj: 0.9581424343865258, dualobj: -Inf
solve--
end solve-- RelaxOptimal OPTIMAL
 weights_sum: 0.9999999999999997
itereffortlevel: 0
--separating...
--find a better primal bound 0.10642098099821931 by Alternative descent Eigen
--found a cut state by heuristic 0.10642098099821931 0.07438136185310582 
iteration: 1669,  #states: 2775, valueb: 0.07438136185310582, activeness: 0.10642098099821931, primalobj: 0.958138607875543, dualobj: -Inf
solve--
end solve-- RelaxOptimal OPTIMAL
 weights_sum: 1.0
itereffortlevel: 0
--separating...
--find a better primal bound 0.09591408354136237 by Alternative descent Eigen
--found a cut state by heuristic 0.09591408354136237 0.07331534307090652 
iteration: 1670,  #states: 2776, valueb: 0.07331534307090652, activeness: 0.09591408354136237, primalobj: 0.9581342341521442, dualobj: -Inf
solve--
end solve-- RelaxOptimal OPTIMAL
 weights_sum: 0.9999999999999998
itereffortlevel: 0
--separating...
--find a better primal bound 0.006598746458254361 by Alternative descent Eigen
--found a cut state by heuristic 0.006598746458254361 -0.0 
iteration: 1671,  #states: 2777, valueb: -0.0, activeness: 0.006598746458254361, primalobj: 0.9581310667782987, dualobj: -Inf
solve--
end solve-- RelaxOptimal OPTIMAL
 weights_sum: 1.0000000000000004
itereffortlevel: 0
--separating...
--find a better primal bound 0.09729176608457965 by Alternative descent Eigen
--found a cut state by heuristic 0.09729176608457965 0.07290738574276173 
iteration: 1672,  #states: 2778, valueb: 0.07290738574276173, activeness: 0.09729176608457965, primalobj: 0.9581303999807157, dualobj: -Inf
solve--
end solve-- RelaxOptimal OPTIMAL
 weights_sum: 1.000000000000001
itereffortlevel: 0
--separating...
--find a better primal bound 0.0996925013581294 by Alternative descent Eigen
--found a cut state by heuristic 0.0996925013581294 0.07278969238806515 
iteration: 1673,  #states: 2779, valueb: 0.07278969238806515, activeness: 0.0996925013581294, primalobj: 0.9581262502434041, dualobj: -Inf
solve--
end solve-- RelaxOptimal OPTIMAL
 weights_sum: 1.0000003087305558
itereffortlevel: 0
--separating...
--find a better primal bound 0.10592441633987452 by Alternative descent Eigen
--found a cut state by heuristic 0.10592441633987452 0.07096274522546477 
iteration: 1674,  #states: 2780, valueb: 0.07096274522546477, activeness: 0.10592441633987452, primalobj: 0.95812319965375, dualobj: -Inf
solve--
end solve-- RelaxOptimal OPTIMAL
 weights_sum: 1.0
itereffortlevel: 0
--separating...
--find a better primal bound 0.11939173365689248 by Alternative descent Eigen
--found a cut state by heuristic 0.11939173365689248 0.07462458169224782 
iteration: 1675,  #states: 2781, valueb: 0.07462458169224782, activeness: 0.11939173365689248, primalobj: 0.9581213853515753, dualobj: -Inf
solve--
end solve-- RelaxOptimal OPTIMAL
 weights_sum: 0.9999999999999997
itereffortlevel: 0
--separating...
--find a better primal bound 0.07340611158603853 by Alternative descent Eigen
--found a cut state by heuristic 0.07340611158603853 0.06953032965257944 
iteration: 1676,  #states: 2782, valueb: 0.06953032965257944, activeness: 0.07340611158603853, primalobj: 0.9581107464899747, dualobj: -Inf
solve--
end solve-- RelaxOptimal OPTIMAL
 weights_sum: 1.0000000000000009
itereffortlevel: 0
--separating...
--find a better primal bound 0.07660379865595326 by Alternative descent Eigen
--found a cut state by heuristic 0.07660379865595326 0.06480397521981969 
iteration: 1677,  #states: 2783, valueb: 0.06480397521981969, activeness: 0.07660379865595326, primalobj: 0.9581103445815798, dualobj: -Inf
solve--
end solve-- RelaxOptimal OPTIMAL
 weights_sum: 1.0000000000000009
itereffortlevel: 0
--separating...
--find a better primal bound 0.07678756006868087 by Alternative descent Eigen
--found a cut state by heuristic 0.07678756006868087 0.06956074925413455 
iteration: 1678,  #states: 2784, valueb: 0.06956074925413455, activeness: 0.07678756006868087, primalobj: 0.9581083268051496, dualobj: -Inf
solve--
end solve-- RelaxOptimal OPTIMAL
 weights_sum: 1.0000000160004605
itereffortlevel: 0
--separating...
--find a better primal bound 0.07137052333184025 by Alternative descent Eigen
--found a cut state by heuristic 0.07137052333184025 0.07088175601512023 
iteration: 1679,  #states: 2785, valueb: 0.07088175601512023, activeness: 0.07137052333184025, primalobj: 0.95810759985657, dualobj: -Inf
solve--
end solve-- RelaxOptimal OPTIMAL
 weights_sum: 1.0000000000000004
itereffortlevel: 0
--separating...
--find a better primal bound 0.07570083726986765 by Alternative descent Eigen
--found a cut state by heuristic 0.07570083726986765 0.07102074322754531 
iteration: 1680,  #states: 2786, valueb: 0.07102074322754531, activeness: 0.07570083726986765, primalobj: 0.9581075767217011, dualobj: -Inf
solve--
end solve-- RelaxOptimal OPTIMAL
 weights_sum: 1.0000007232373282
itereffortlevel: 0
--separating...
--find a better primal bound 0.07085885603982695 by Alternative descent Eigen
--found a cut state by heuristic 0.07085885603982695 0.06828098213446619 
iteration: 1681,  #states: 2787, valueb: 0.06828098213446619, activeness: 0.07085885603982695, primalobj: 0.9581071373922677, dualobj: -Inf
solve--
end solve-- RelaxOptimal OPTIMAL
 weights_sum: 1.0000000282915853
itereffortlevel: 0
--separating...
--find a better primal bound 0.027409224720121673 by Alternative descent Eigen
--found a cut state by heuristic 0.027409224720121673 -0.0 
iteration: 1682,  #states: 2788, valueb: -0.0, activeness: 0.027409224720121673, primalobj: 0.9581070422503917, dualobj: -Inf
solve--
end solve-- RelaxOptimal OPTIMAL
 weights_sum: 1.0000000000000013
itereffortlevel: 0
--separating...
--find a better primal bound 0.09583088386294308 by Alternative descent Eigen
--found a cut state by heuristic 0.09583088386294308 0.07107258496115217 
iteration: 1683,  #states: 2789, valueb: 0.07107258496115217, activeness: 0.09583088386294308, primalobj: 0.9581060129008063, dualobj: -Inf
solve--
end solve-- RelaxOptimal OPTIMAL
 weights_sum: 1.0000000000000024
itereffortlevel: 0
--separating...
--find a better primal bound 0.0907465801719437 by Alternative descent Eigen
--found a cut state by heuristic 0.0907465801719437 0.0638355147096682 
iteration: 1684,  #states: 2790, valueb: 0.0638355147096682, activeness: 0.0907465801719437, primalobj: 0.9581016294021394, dualobj: -Inf
solve--
end solve-- RelaxOptimal OPTIMAL
 weights_sum: 0.9999999999999999
itereffortlevel: 0
--separating...
--find a better primal bound 0.07594479090908048 by Alternative descent Eigen
--found a cut state by heuristic 0.07594479090908048 0.05969950918704371 
iteration: 1685,  #states: 2791, valueb: 0.05969950918704371, activeness: 0.07594479090908048, primalobj: 0.9580996406512139, dualobj: -Inf
solve--
end solve-- RelaxOptimal OPTIMAL
 weights_sum: 1.0
itereffortlevel: 0
--separating...
--find a better primal bound 0.09406923499403248 by Alternative descent Eigen
--found a cut state by heuristic 0.09406923499403248 0.06157380703579833 
iteration: 1686,  #states: 2792, valueb: 0.06157380703579833, activeness: 0.09406923499403248, primalobj: 0.9580977169719925, dualobj: -Inf
solve--
end solve-- RelaxOptimal OPTIMAL
 weights_sum: 1.0000006511453448
itereffortlevel: 0
--separating...
--find a better primal bound 0.04078793603042822 by Alternative descent Eigen
--found a cut state by heuristic 0.04078793603042822 -0.0 
iteration: 1687,  #states: 2793, valueb: -0.0, activeness: 0.04078793603042822, primalobj: 0.9580935283222366, dualobj: -Inf
solve--
end solve-- RelaxOptimal OPTIMAL
 weights_sum: 1.0000000000000013
itereffortlevel: 0
--separating...
--find a better primal bound 0.10432090858588229 by Alternative descent Eigen
--found a cut state by heuristic 0.10432090858588229 0.07004960022281186 
iteration: 1688,  #states: 2794, valueb: 0.07004960022281186, activeness: 0.10432090858588229, primalobj: 0.9580883039723512, dualobj: -Inf
solve--
end solve-- RelaxOptimal OPTIMAL
 weights_sum: 1.000000000000001
itereffortlevel: 0
--separating...
--find a better primal bound 0.10427732346906063 by Alternative descent Eigen
--found a cut state by heuristic 0.10427732346906063 0.07206368199332755 
iteration: 1689,  #states: 2795, valueb: 0.07206368199332755, activeness: 0.10427732346906063, primalobj: 0.9580837663414066, dualobj: -Inf
solve--
end solve-- RelaxOptimal OPTIMAL
 weights_sum: 1.0000000000000009
itereffortlevel: 0
--separating...
--find a better primal bound 0.0741478712980719 by Alternative descent Eigen
--found a cut state by heuristic 0.0741478712980719 0.05668994727896928 
iteration: 1690,  #states: 2796, valueb: 0.05668994727896928, activeness: 0.0741478712980719, primalobj: 0.9580786833975331, dualobj: -Inf
solve--
end solve-- RelaxOptimal OPTIMAL
 weights_sum: 0.9999999999999996
itereffortlevel: 0
--separating...
--find a better primal bound 0.09406228350518483 by Alternative descent Eigen
--found a cut state by heuristic 0.09406228350518483 0.06004143961060787 
iteration: 1691,  #states: 2797, valueb: 0.06004143961060787, activeness: 0.09406228350518483, primalobj: 0.958076790576319, dualobj: -Inf
solve--
end solve-- RelaxOptimal OPTIMAL
 weights_sum: 1.0000001424704699
itereffortlevel: 0
--separating...
--find a better primal bound 0.0760088716244201 by Alternative descent Eigen
--found a cut state by heuristic 0.0760088716244201 0.06467602470376373 
iteration: 1692,  #states: 2798, valueb: 0.06467602470376373, activeness: 0.0760088716244201, primalobj: 0.9580723395126491, dualobj: -Inf
solve--
end solve-- RelaxOptimal OPTIMAL
 weights_sum: 1.0000000000000002
itereffortlevel: 0
--separating...
--find a better primal bound 0.08600499190610132 by Alternative descent Eigen
--found a cut state by heuristic 0.08600499190610132 0.0648584317499934 
iteration: 1693,  #states: 2799, valueb: 0.0648584317499934, activeness: 0.08600499190610132, primalobj: 0.9580715630347285, dualobj: -Inf
solve--
end solve-- RelaxOptimal OPTIMAL
 weights_sum: 1.00000072121453
itereffortlevel: 0
--separating...
--find a better primal bound 0.07734646928532035 by Alternative descent Eigen
--found a cut state by heuristic 0.07734646928532035 0.06100717697845376 
iteration: 1694,  #states: 2800, valueb: 0.06100717697845376, activeness: 0.07734646928532035, primalobj: 0.9580685324437703, dualobj: -Inf
solve--
end solve-- RelaxOptimal OPTIMAL
 weights_sum: 1.0000000000000004
itereffortlevel: 0
--separating...
--find a better primal bound 0.07957960662539139 by Alternative descent Eigen
--found a cut state by heuristic 0.07957960662539139 0.05486353372836836 
iteration: 1695,  #states: 2801, valueb: 0.05486353372836836, activeness: 0.07957960662539139, primalobj: 0.9580663023073954, dualobj: -Inf
solve--
end solve-- RelaxOptimal OPTIMAL
 weights_sum: 1.000002089484896
itereffortlevel: 0
--separating...
--find a better primal bound 0.03235513731135412 by Alternative descent Eigen
--found a cut state by heuristic 0.03235513731135412 -0.0 
iteration: 1696,  #states: 2802, valueb: -0.0, activeness: 0.03235513731135412, primalobj: 0.9580652637639413, dualobj: -Inf
solve--
end solve-- RelaxOptimal OPTIMAL
 weights_sum: 1.000001153371513
itereffortlevel: 0
--separating...
--find a better primal bound 0.0241101271487509 by Alternative descent Eigen
--found a cut state by heuristic 0.0241101271487509 -0.0 
iteration: 1697,  #states: 2803, valueb: -0.0, activeness: 0.0241101271487509, primalobj: 0.9580629731535438, dualobj: -Inf
solve--
end solve-- RelaxOptimal OPTIMAL
 weights_sum: 0.9999999999999998
itereffortlevel: 0
--separating...
--find a better primal bound 0.10535553524262568 by Alternative descent Eigen
--found a cut state by heuristic 0.10535553524262568 0.06158916468398756 
iteration: 1698,  #states: 2804, valueb: 0.06158916468398756, activeness: 0.10535553524262568, primalobj: 0.9580601641808433, dualobj: -Inf
solve--
end solve-- RelaxOptimal OPTIMAL
 weights_sum: 1.0000018048250707
itereffortlevel: 0
--separating...
--find a better primal bound 0.11091089630424172 by Alternative descent Eigen
--found a cut state by heuristic 0.11091089630424172 0.057907987765758444 
iteration: 1699,  #states: 2805, valueb: 0.057907987765758444, activeness: 0.11091089630424172, primalobj: 0.9580572928430691, dualobj: -Inf
solve--
end solve-- RelaxOptimal OPTIMAL
 weights_sum: 0.9999999999999991
itereffortlevel: 0
--separating...
--find a better primal bound 0.07913916205531005 by Alternative descent Eigen
--found a cut state by heuristic 0.07913916205531005 0.051912468406616265 
iteration: 1700,  #states: 2806, valueb: 0.051912468406616265, activeness: 0.07913916205531005, primalobj: 0.9580525809547284, dualobj: -Inf
solve--
end solve-- RelaxOptimal OPTIMAL
 weights_sum: 0.9999999999999999
itereffortlevel: 0
--separating...
--find a better primal bound 0.06689444928987101 by Alternative descent Eigen
--found a cut state by heuristic 0.06689444928987101 0.059732200230737276 
iteration: 1701,  #states: 2807, valueb: 0.059732200230737276, activeness: 0.06689444928987101, primalobj: 0.9580503824701637, dualobj: -Inf
solve--
end solve-- RelaxOptimal OPTIMAL
 weights_sum: 1.0000001894082262
itereffortlevel: 0
--separating...
--find a better primal bound 0.07873208087055017 by Alternative descent Eigen
--found a cut state by heuristic 0.07873208087055017 0.05907335341219582 
iteration: 1702,  #states: 2808, valueb: 0.05907335341219582, activeness: 0.07873208087055017, primalobj: 0.9580496139448094, dualobj: -Inf
solve--
end solve-- RelaxOptimal OPTIMAL
 weights_sum: 1.0000007930292454
itereffortlevel: 0
--separating...
--find a better primal bound 0.017550591539758516 by Alternative descent Eigen
--found a cut state by heuristic 0.017550591539758516 -0.0 
iteration: 1703,  #states: 2809, valueb: -0.0, activeness: 0.017550591539758516, primalobj: 0.9580473326901775, dualobj: -Inf
solve--
end solve-- RelaxOptimal OPTIMAL
 weights_sum: 0.9999999999999994
itereffortlevel: 0
--separating...
--find a better primal bound 0.008674417981703125 by Alternative descent Eigen
--found a cut state by heuristic 0.008674417981703125 -0.0 
iteration: 1704,  #states: 2810, valueb: -0.0, activeness: 0.008674417981703125, primalobj: 0.9580461736071515, dualobj: -Inf
solve--
end solve-- RelaxOptimal OPTIMAL
 weights_sum: 0.9999999999999986
itereffortlevel: 0
--separating...
--find a better primal bound 0.0752291761620369 by Alternative descent Eigen
--found a cut state by heuristic 0.0752291761620369 0.06082924773233629 
iteration: 1705,  #states: 2811, valueb: 0.06082924773233629, activeness: 0.0752291761620369, primalobj: 0.9580457762921991, dualobj: -Inf
solve--
end solve-- RelaxOptimal OPTIMAL
 weights_sum: 0.9999999999999998
itereffortlevel: 0
--separating...
--find a better primal bound 0.006323497905009335 by Alternative descent Eigen
--found a cut state by heuristic 0.006323497905009335 -0.0 
iteration: 1706,  #states: 2812, valueb: -0.0, activeness: 0.006323497905009335, primalobj: 0.9580446874126511, dualobj: -Inf
solve--
end solve-- RelaxOptimal OPTIMAL
 weights_sum: 0.9999999999999997
itereffortlevel: 0
--separating...
--find a better primal bound 0.09097385001805512 by Alternative descent Eigen
--found a cut state by heuristic 0.09097385001805512 0.05919185494366279 
iteration: 1707,  #states: 2813, valueb: 0.05919185494366279, activeness: 0.09097385001805512, primalobj: 0.958044440412012, dualobj: -Inf
solve--
end solve-- RelaxOptimal OPTIMAL
 weights_sum: 1.0000000000000002
itereffortlevel: 0
--separating...
--find a better primal bound 0.07541402452231877 by Alternative descent Eigen
--found a cut state by heuristic 0.07541402452231877 0.05544499818381021 
iteration: 1708,  #states: 2814, valueb: 0.05544499818381021, activeness: 0.07541402452231877, primalobj: 0.958041863095583, dualobj: -Inf
solve--
end solve-- RelaxOptimal OPTIMAL
 weights_sum: 1.0000015705582221
itereffortlevel: 0
--separating...
--find a better primal bound 0.09149264318397582 by Alternative descent Eigen
--found a cut state by heuristic 0.09149264318397582 0.051922347165325206 
iteration: 1709,  #states: 2815, valueb: 0.051922347165325206, activeness: 0.09149264318397582, primalobj: 0.958037499926164, dualobj: -Inf
solve--
end solve-- RelaxOptimal OPTIMAL
 weights_sum: 1.0000014624850113
itereffortlevel: 0
--separating...
--find a better primal bound 0.08058297553046703 by Alternative descent Eigen
--found a cut state by heuristic 0.08058297553046703 0.055686734843872904 
iteration: 1710,  #states: 2816, valueb: 0.055686734843872904, activeness: 0.08058297553046703, primalobj: 0.9580336765605364, dualobj: -Inf
solve--
end solve-- RelaxOptimal OPTIMAL
 weights_sum: 1.0000000000000004
itereffortlevel: 0
--separating...
--find a better primal bound 0.06632202196460987 by Alternative descent Eigen
--found a cut state by heuristic 0.06632202196460987 0.051811835537417854 
iteration: 1711,  #states: 2817, valueb: 0.051811835537417854, activeness: 0.06632202196460987, primalobj: 0.9580273487016369, dualobj: -Inf
solve--
end solve-- RelaxOptimal OPTIMAL
 weights_sum: 1.0000000000000009
itereffortlevel: 0
--separating...
--find a better primal bound 0.07754211778191898 by Alternative descent Eigen
--found a cut state by heuristic 0.07754211778191898 0.05182985042860129 
iteration: 1712,  #states: 2818, valueb: 0.05182985042860129, activeness: 0.07754211778191898, primalobj: 0.9580240783589367, dualobj: -Inf
solve--
end solve-- RelaxOptimal OPTIMAL
 weights_sum: 0.9999999999999986
itereffortlevel: 0
--separating...
--find a better primal bound 0.09454222725157123 by Alternative descent Eigen
--found a cut state by heuristic 0.09454222725157123 0.051560643916406065 
iteration: 1713,  #states: 2819, valueb: 0.051560643916406065, activeness: 0.09454222725157123, primalobj: 0.9580213280035984, dualobj: -Inf
solve--
end solve-- RelaxOptimal OPTIMAL
 weights_sum: 1.0000000000000009
itereffortlevel: 0
--separating...
--find a better primal bound 0.08299146350739323 by Alternative descent Eigen
--found a cut state by heuristic 0.08299146350739323 0.05262745412437146 
iteration: 1714,  #states: 2820, valueb: 0.05262745412437146, activeness: 0.08299146350739323, primalobj: 0.9580183553970589, dualobj: -Inf
solve--
end solve-- RelaxOptimal OPTIMAL
 weights_sum: 1.0000000000000004
itereffortlevel: 0
--separating...
--find a better primal bound 0.11153223656711228 by Alternative descent Eigen
--found a cut state by heuristic 0.11153223656711228 0.05967543652045276 
iteration: 1715,  #states: 2821, valueb: 0.05967543652045276, activeness: 0.11153223656711228, primalobj: 0.9580139744377238, dualobj: -Inf
solve--
end solve-- RelaxOptimal OPTIMAL
 weights_sum: 1.0
itereffortlevel: 0
--separating...
--find a better primal bound 0.06049444953083102 by Alternative descent Eigen
--found a cut state by heuristic 0.06049444953083102 0.04817908955778787 
iteration: 1716,  #states: 2822, valueb: 0.04817908955778787, activeness: 0.06049444953083102, primalobj: 0.9580030278104821, dualobj: -Inf
solve--
end solve-- RelaxOptimal OPTIMAL
 weights_sum: 1.0000000000000004
itereffortlevel: 0
--separating...
--find a better primal bound 0.07672278493032464 by Alternative descent Eigen
--found a cut state by heuristic 0.07672278493032464 0.04730892087030848 
iteration: 1717,  #states: 2823, valueb: 0.04730892087030848, activeness: 0.07672278493032464, primalobj: 0.9580013724496992, dualobj: -Inf
solve--
end solve-- RelaxOptimal OPTIMAL
 weights_sum: 0.9999999999999997
itereffortlevel: 0
--separating...
--find a better primal bound 0.07136927239673424 by Alternative descent Eigen
--found a cut state by heuristic 0.07136927239673424 0.048398919426236975 
iteration: 1718,  #states: 2824, valueb: 0.048398919426236975, activeness: 0.07136927239673424, primalobj: 0.9579953217272382, dualobj: -Inf
solve--
end solve-- RelaxOptimal OPTIMAL
 weights_sum: 1.0000011863900828
itereffortlevel: 0
--separating...
--find a better primal bound 0.0891115869632026 by Alternative descent Eigen
--found a cut state by heuristic 0.0891115869632026 0.049638502069174716 
iteration: 1719,  #states: 2825, valueb: 0.049638502069174716, activeness: 0.0891115869632026, primalobj: 0.9579920624590812, dualobj: -Inf
solve--
end solve-- RelaxOptimal OPTIMAL
 weights_sum: 0.9999999999999997
itereffortlevel: 0
--separating...
--find a better primal bound 0.09357245557045377 by Alternative descent Eigen
--found a cut state by heuristic 0.09357245557045377 0.05229670596879499 
iteration: 1720,  #states: 2826, valueb: 0.05229670596879499, activeness: 0.09357245557045377, primalobj: 0.9579845290302018, dualobj: -Inf
solve--
end solve-- RelaxOptimal OPTIMAL
 weights_sum: 1.0000000000000004
itereffortlevel: 0
--separating...
--find a better primal bound 0.08729762779793979 by Alternative descent Eigen
--found a cut state by heuristic 0.08729762779793979 0.056748587789088575 
iteration: 1721,  #states: 2827, valueb: 0.056748587789088575, activeness: 0.08729762779793979, primalobj: 0.9579814369021589, dualobj: -Inf
solve--
end solve-- RelaxOptimal OPTIMAL
 weights_sum: 0.9999999999999994
itereffortlevel: 0
--separating...
--find a better primal bound 0.078000264538096 by Alternative descent Eigen
--found a cut state by heuristic 0.078000264538096 0.05698236370271309 
iteration: 1722,  #states: 2828, valueb: 0.05698236370271309, activeness: 0.078000264538096, primalobj: 0.9579783500843518, dualobj: -Inf
solve--
end solve-- RelaxOptimal OPTIMAL
 weights_sum: 0.9999999999999989
itereffortlevel: 0
--separating...
--find a better primal bound 0.07444144115455559 by Alternative descent Eigen
--found a cut state by heuristic 0.07444144115455559 0.055891688046353104 
iteration: 1723,  #states: 2829, valueb: 0.055891688046353104, activeness: 0.07444144115455559, primalobj: 0.9579755388690512, dualobj: -Inf
solve--
end solve-- RelaxOptimal OPTIMAL
 weights_sum: 0.9999999999999997
itereffortlevel: 0
--separating...
--find a better primal bound 0.08585779678384046 by Alternative descent Eigen
--found a cut state by heuristic 0.08585779678384046 0.06577405129391783 
iteration: 1724,  #states: 2830, valueb: 0.06577405129391783, activeness: 0.08585779678384046, primalobj: 0.9579739711632277, dualobj: -Inf
solve--
end solve-- RelaxOptimal OPTIMAL
 weights_sum: 1.0000000000000002
itereffortlevel: 0
--separating...
--find a better primal bound 0.06897971491431842 by Alternative descent Eigen
--found a cut state by heuristic 0.06897971491431842 0.05402935279061502 
iteration: 1725,  #states: 2831, valueb: 0.05402935279061502, activeness: 0.06897971491431842, primalobj: 0.9579693937884942, dualobj: -Inf
solve--
end solve-- RelaxOptimal OPTIMAL
 weights_sum: 1.0000011606602257
itereffortlevel: 0
--separating...
--find a better primal bound 0.09301713756593877 by Alternative descent Eigen
--found a cut state by heuristic 0.09301713756593877 0.05602067579724883 
iteration: 1726,  #states: 2832, valueb: 0.05602067579724883, activeness: 0.09301713756593877, primalobj: 0.9579680261160028, dualobj: -Inf
solve--
end solve-- RelaxOptimal OPTIMAL
 weights_sum: 0.9999999999999999
itereffortlevel: 0
--separating...
--find a better primal bound 0.06378330219290548 by Alternative descent Eigen
--found a cut state by heuristic 0.06378330219290548 0.054799627929694214 
iteration: 1727,  #states: 2833, valueb: 0.054799627929694214, activeness: 0.06378330219290548, primalobj: 0.9579647451694968, dualobj: -Inf
solve--
end solve-- RelaxOptimal OPTIMAL
 weights_sum: 1.000000458346388
itereffortlevel: 0
--separating...
--find a better primal bound 0.03229521950169832 by Alternative descent Eigen
--found a cut state by heuristic 0.03229521950169832 -0.0 
iteration: 1728,  #states: 2834, valueb: -0.0, activeness: 0.03229521950169832, primalobj: 0.9579636614315223, dualobj: -Inf
solve--
end solve-- RelaxOptimal OPTIMAL
 weights_sum: 0.9999999999999984
itereffortlevel: 0
--separating...
--find a better primal bound 0.06033585006232069 by Alternative descent Eigen
--found a cut state by heuristic 0.06033585006232069 0.05445286348542869 
iteration: 1729,  #states: 2835, valueb: 0.05445286348542869, activeness: 0.06033585006232069, primalobj: 0.9579596949911295, dualobj: -Inf
solve--
end solve-- RelaxOptimal OPTIMAL
 weights_sum: 1.0000000000000004
itereffortlevel: 0
--separating...
--find a better primal bound 0.08732508072878162 by Alternative descent Eigen
--found a cut state by heuristic 0.08732508072878162 0.05521290602640508 
iteration: 1730,  #states: 2836, valueb: 0.05521290602640508, activeness: 0.08732508072878162, primalobj: 0.957959229455623, dualobj: -Inf
solve--
end solve-- RelaxOptimal OPTIMAL
 weights_sum: 1.0
itereffortlevel: 0
--separating...
--find a better primal bound 0.08230710736582467 by Alternative descent Eigen
--found a cut state by heuristic 0.08230710736582467 0.04869286034465609 
iteration: 1731,  #states: 2837, valueb: 0.04869286034465609, activeness: 0.08230710736582467, primalobj: 0.9579556251868229, dualobj: -Inf
solve--
end solve-- RelaxOptimal OPTIMAL
 weights_sum: 0.9999999999999994
itereffortlevel: 0
--separating...
--find a better primal bound 0.0717598984527776 by Alternative descent Eigen
--found a cut state by heuristic 0.0717598984527776 0.05849088252252769 
iteration: 1732,  #states: 2838, valueb: 0.05849088252252769, activeness: 0.0717598984527776, primalobj: 0.9579507585865907, dualobj: -Inf
solve--
end solve-- RelaxOptimal OPTIMAL
 weights_sum: 1.0000000000000009
itereffortlevel: 0
--separating...
--find a better primal bound 0.06331791330583622 by Alternative descent Eigen
--found a cut state by heuristic 0.06331791330583622 0.05842031824461233 
iteration: 1733,  #states: 2839, valueb: 0.05842031824461233, activeness: 0.06331791330583622, primalobj: 0.9579490343548467, dualobj: -Inf
solve--
end solve-- RelaxOptimal OPTIMAL
 weights_sum: 1.0000000242615457
itereffortlevel: 0
--separating...
--find a better primal bound 0.08616152989172222 by Alternative descent Eigen
--found a cut state by heuristic 0.08616152989172222 0.0581416266489718 
iteration: 1734,  #states: 2840, valueb: 0.0581416266489718, activeness: 0.08616152989172222, primalobj: 0.9579481184946379, dualobj: -Inf
solve--
end solve-- RelaxOptimal OPTIMAL
 weights_sum: 0.9999999999999993
itereffortlevel: 0
--separating...
--find a better primal bound 0.11914967009796487 by Alternative descent Eigen
--found a cut state by heuristic 0.11914967009796487 0.07397812669952766 
iteration: 1735,  #states: 2841, valueb: 0.07397812669952766, activeness: 0.11914967009796487, primalobj: 0.9579423788692984, dualobj: -Inf
solve--
end solve-- RelaxOptimal OPTIMAL
 weights_sum: 1.0000012965028233
itereffortlevel: 0
--separating...
--find a better primal bound 0.08168124010402342 by Alternative descent Eigen
--found a cut state by heuristic 0.08168124010402342 0.07025879538710558 
iteration: 1736,  #states: 2842, valueb: 0.07025879538710558, activeness: 0.08168124010402342, primalobj: 0.9579385916836336, dualobj: -Inf
solve--
end solve-- RelaxOptimal OPTIMAL
 weights_sum: 1.0000000000000004
itereffortlevel: 0
--separating...
--find a better primal bound 0.09186986486203283 by Alternative descent Eigen
--found a cut state by heuristic 0.09186986486203283 0.0655002370710456 
iteration: 1737,  #states: 2843, valueb: 0.0655002370710456, activeness: 0.09186986486203283, primalobj: 0.9579368406553637, dualobj: -Inf
solve--
end solve-- RelaxOptimal OPTIMAL
 weights_sum: 1.0000000000000004
itereffortlevel: 0
--separating...
--find a better primal bound 0.06883621274982002 by Alternative descent Eigen
--found a cut state by heuristic 0.06883621274982002 0.05524059026519754 
iteration: 1738,  #states: 2844, valueb: 0.05524059026519754, activeness: 0.06883621274982002, primalobj: 0.9579347308244028, dualobj: -Inf
solve--
end solve-- RelaxOptimal OPTIMAL
 weights_sum: 1.0000001261833749
itereffortlevel: 0
--separating...
--find a better primal bound 0.07390072128826995 by Alternative descent Eigen
--found a cut state by heuristic 0.07390072128826995 0.07228324648648593 
iteration: 1739,  #states: 2845, valueb: 0.07228324648648593, activeness: 0.07390072128826995, primalobj: 0.9579322793401741, dualobj: -Inf
solve--
end solve-- RelaxOptimal OPTIMAL
 weights_sum: 0.9999999999999987
itereffortlevel: 0
--separating...
--find a better primal bound 0.07587039891429764 by Alternative descent Eigen
--found a cut state by heuristic 0.07587039891429764 0.07238621121816867 
iteration: 1740,  #states: 2846, valueb: 0.07238621121816867, activeness: 0.07587039891429764, primalobj: 0.9579321670336197, dualobj: -Inf
solve--
end solve-- RelaxOptimal OPTIMAL
 weights_sum: 1.0
itereffortlevel: 0
--separating...
--find a better primal bound 0.08715002105204199 by Alternative descent Eigen
--found a cut state by heuristic 0.08715002105204199 0.06957543325690133 
iteration: 1741,  #states: 2847, valueb: 0.06957543325690133, activeness: 0.08715002105204199, primalobj: 0.9579319814989632, dualobj: -Inf
solve--
end solve-- RelaxOptimal OPTIMAL
 weights_sum: 0.9999999999999998
itereffortlevel: 0
--separating...
--find a better primal bound 0.08580226258079415 by Alternative descent Eigen
--found a cut state by heuristic 0.08580226258079415 0.07195474834473772 
iteration: 1742,  #states: 2848, valueb: 0.07195474834473772, activeness: 0.08580226258079415, primalobj: 0.9579292807299183, dualobj: -Inf
solve--
end solve-- RelaxOptimal OPTIMAL
 weights_sum: 1.0000008865910133
itereffortlevel: 0
--separating...
--find a better primal bound 0.04110821216650747 by Alternative descent Eigen
--found a cut state by heuristic 0.04110821216650747 -0.0 
iteration: 1743,  #states: 2849, valueb: -0.0, activeness: 0.04110821216650747, primalobj: 0.957927598649734, dualobj: -Inf
solve--
end solve-- RelaxOptimal OPTIMAL
 weights_sum: 1.0000000000000007
itereffortlevel: 0
--separating...
--find a better primal bound 0.08542978636247056 by Alternative descent Eigen
--found a cut state by heuristic 0.08542978636247056 0.06817021236583301 
iteration: 1744,  #states: 2850, valueb: 0.06817021236583301, activeness: 0.08542978636247056, primalobj: 0.9579223426017045, dualobj: -Inf
solve--
end solve-- RelaxOptimal OPTIMAL
 weights_sum: 1.0
itereffortlevel: 0
--separating...
--find a better primal bound 0.0942674873575935 by Alternative descent Eigen
--found a cut state by heuristic 0.0942674873575935 0.07013462952107574 
iteration: 1745,  #states: 2851, valueb: 0.07013462952107574, activeness: 0.0942674873575935, primalobj: 0.957918364431213, dualobj: -Inf
solve--
end solve-- RelaxOptimal OPTIMAL
 weights_sum: 1.0000000000000002
itereffortlevel: 0
--separating...
--find a better primal bound 0.09156802409194244 by Alternative descent Eigen
--found a cut state by heuristic 0.09156802409194244 0.06301541589880331 
iteration: 1746,  #states: 2852, valueb: 0.06301541589880331, activeness: 0.09156802409194244, primalobj: 0.9579141028325268, dualobj: -Inf
solve--
end solve-- RelaxOptimal OPTIMAL
 weights_sum: 1.000001050134782
itereffortlevel: 0
--separating...
--find a better primal bound 0.10439728739499143 by Alternative descent Eigen
--found a cut state by heuristic 0.10439728739499143 0.06567274586390238 
iteration: 1747,  #states: 2853, valueb: 0.06567274586390238, activeness: 0.10439728739499143, primalobj: 0.9579120869609116, dualobj: -Inf
solve--
end solve-- RelaxOptimal OPTIMAL
 weights_sum: 1.0
itereffortlevel: 0
--separating...
--find a better primal bound 0.07310969481714759 by Alternative descent Eigen
--found a cut state by heuristic 0.07310969481714759 0.06471523516023928 
iteration: 1748,  #states: 2854, valueb: 0.06471523516023928, activeness: 0.07310969481714759, primalobj: 0.957907772272264, dualobj: -Inf
solve--
end solve-- RelaxOptimal OPTIMAL
 weights_sum: 1.0000008062037402
itereffortlevel: 0
--separating...
--find a better primal bound 0.07239761468224706 by Alternative descent Eigen
--found a cut state by heuristic 0.07239761468224706 0.06884680204926637 
iteration: 1749,  #states: 2855, valueb: 0.06884680204926637, activeness: 0.07239761468224706, primalobj: 0.9579067650361499, dualobj: -Inf
solve--
end solve-- RelaxOptimal OPTIMAL
 weights_sum: 0.9999999999999996
itereffortlevel: 0
--separating...
--find a better primal bound 0.11192044825739414 by Alternative descent Eigen
--found a cut state by heuristic 0.11192044825739414 0.071444236108419 
iteration: 1750,  #states: 2856, valueb: 0.071444236108419, activeness: 0.11192044825739414, primalobj: 0.957906581660685, dualobj: -Inf
solve--
end solve-- RelaxOptimal OPTIMAL
 weights_sum: 0.9999999999999992
itereffortlevel: 0
--separating...
--find a better primal bound 0.10722200069988634 by Alternative descent Eigen
--found a cut state by heuristic 0.10722200069988634 0.06665363614471113 
iteration: 1751,  #states: 2857, valueb: 0.06665363614471113, activeness: 0.10722200069988634, primalobj: 0.9579036114541764, dualobj: -Inf
solve--
end solve-- RelaxOptimal OPTIMAL
 weights_sum: 0.9999999999999996
itereffortlevel: 0
--separating...
--find a better primal bound 0.03450473545003176 by Alternative descent Eigen
--found a cut state by heuristic 0.03450473545003176 -0.0 
iteration: 1752,  #states: 2858, valueb: -0.0, activeness: 0.03450473545003176, primalobj: 0.9578927931072566, dualobj: -Inf
solve--
end solve-- RelaxOptimal OPTIMAL
 weights_sum: 1.0000000000000009
itereffortlevel: 0
--separating...
--find a better primal bound 0.08228600130141632 by Alternative descent Eigen
--found a cut state by heuristic 0.08228600130141632 0.06707332765658425 
iteration: 1753,  #states: 2859, valueb: 0.06707332765658425, activeness: 0.08228600130141632, primalobj: 0.9578858775597383, dualobj: -Inf
solve--
end solve-- RelaxOptimal OPTIMAL
 weights_sum: 0.9999999999999984
itereffortlevel: 0
--separating...
--find a better primal bound 0.09296359298345366 by Alternative descent Eigen
--found a cut state by heuristic 0.09296359298345366 0.07036251802619466 
iteration: 1754,  #states: 2860, valueb: 0.07036251802619466, activeness: 0.09296359298345366, primalobj: 0.9578829343070778, dualobj: -Inf
solve--
end solve-- RelaxOptimal OPTIMAL
 weights_sum: 0.9999999999999999
itereffortlevel: 0
--separating...
--find a better primal bound 0.07904125649789925 by Alternative descent Eigen
--found a cut state by heuristic 0.07904125649789925 0.06599077718612625 
iteration: 1755,  #states: 2861, valueb: 0.06599077718612625, activeness: 0.07904125649789925, primalobj: 0.9578787915373889, dualobj: -Inf
solve--
end solve-- RelaxOptimal OPTIMAL
 weights_sum: 1.0000000000000016
itereffortlevel: 0
--separating...
--find a better primal bound 0.07653708933698809 by Alternative descent Eigen
--found a cut state by heuristic 0.07653708933698809 0.07159281195124959 
iteration: 1756,  #states: 2862, valueb: 0.07159281195124959, activeness: 0.07653708933698809, primalobj: 0.9578763379589306, dualobj: -Inf
solve--
end solve-- RelaxOptimal OPTIMAL
 weights_sum: 1.0000000000000007
itereffortlevel: 0
--separating...
--find a better primal bound 0.10527356273175928 by Alternative descent Eigen
--found a cut state by heuristic 0.10527356273175928 0.06857150172811832 
iteration: 1757,  #states: 2863, valueb: 0.06857150172811832, activeness: 0.10527356273175928, primalobj: 0.9578759397537678, dualobj: -Inf
solve--
end solve-- RelaxOptimal OPTIMAL
 weights_sum: 0.9999999999999991
itereffortlevel: 0
--separating...
--find a better primal bound 0.06745147294736363 by Alternative descent Eigen
--found a cut state by heuristic 0.06745147294736363 0.05860304090079504 
iteration: 1758,  #states: 2864, valueb: 0.05860304090079504, activeness: 0.06745147294736363, primalobj: 0.9578710673224002, dualobj: -Inf
solve--
end solve-- RelaxOptimal OPTIMAL
 weights_sum: 1.0000000000000002
itereffortlevel: 0
--separating...
--find a better primal bound 0.0684230803759377 by Alternative descent Eigen
--found a cut state by heuristic 0.0684230803759377 0.06410626683093308 
iteration: 1759,  #states: 2865, valueb: 0.06410626683093308, activeness: 0.0684230803759377, primalobj: 0.9578694035771447, dualobj: -Inf
solve--
end solve-- RelaxOptimal OPTIMAL
 weights_sum: 1.000000141832715
itereffortlevel: 0
--separating...
--find a better primal bound 0.09347383681205607 by Alternative descent Eigen
--found a cut state by heuristic 0.09347383681205607 0.06053030312437039 
iteration: 1760,  #states: 2866, valueb: 0.06053030312437039, activeness: 0.09347383681205607, primalobj: 0.9578691619052158, dualobj: -Inf
solve--
end solve-- RelaxOptimal OPTIMAL
 weights_sum: 1.0000000000000009
itereffortlevel: 0
--separating...
--find a better primal bound 0.08630206993688802 by Alternative descent Eigen
--found a cut state by heuristic 0.08630206993688802 0.06253441661517817 
iteration: 1761,  #states: 2867, valueb: 0.06253441661517817, activeness: 0.08630206993688802, primalobj: 0.9578654995012728, dualobj: -Inf
solve--
end solve-- RelaxOptimal OPTIMAL
 weights_sum: 0.9999999999999997
itereffortlevel: 0
--separating...
--find a better primal bound 0.04767913135543439 by Alternative descent Eigen
--found a cut state by heuristic 0.04767913135543439 -0.0 
iteration: 1762,  #states: 2868, valueb: -0.0, activeness: 0.04767913135543439, primalobj: 0.9578631797501322, dualobj: -Inf
solve--
end solve-- RelaxOptimal OPTIMAL
 weights_sum: 1.0000000000000004
itereffortlevel: 0
--separating...
--find a better primal bound 0.09921073051238627 by Alternative descent Eigen
--found a cut state by heuristic 0.09921073051238627 0.07346268360855748 
iteration: 1763,  #states: 2869, valueb: 0.07346268360855748, activeness: 0.09921073051238627, primalobj: 0.9578578808498408, dualobj: -Inf
solve--
end solve-- RelaxOptimal OPTIMAL
 weights_sum: 1.000000261251396
itereffortlevel: 0
--separating...
--find a better primal bound 0.09973519361659429 by Alternative descent Eigen
--found a cut state by heuristic 0.09973519361659429 0.07705098282618644 
iteration: 1764,  #states: 2870, valueb: 0.07705098282618644, activeness: 0.09973519361659429, primalobj: 0.9578543108911104, dualobj: -Inf
solve--
end solve-- RelaxOptimal OPTIMAL
 weights_sum: 0.9999999999999999
itereffortlevel: 0
--separating...
--find a better primal bound 0.10797227244788088 by Alternative descent Eigen
--found a cut state by heuristic 0.10797227244788088 0.07787910291826336 
iteration: 1765,  #states: 2871, valueb: 0.07787910291826336, activeness: 0.10797227244788088, primalobj: 0.9578512267104596, dualobj: -Inf
solve--
end solve-- RelaxOptimal OPTIMAL
 weights_sum: 0.9999999999999998
itereffortlevel: 0
--separating...
--find a better primal bound 0.09999751322086574 by Alternative descent Eigen
--found a cut state by heuristic 0.09999751322086574 0.07448451589740326 
iteration: 1766,  #states: 2872, valueb: 0.07448451589740326, activeness: 0.09999751322086574, primalobj: 0.9578481392518022, dualobj: -Inf
solve--
end solve-- RelaxOptimal OPTIMAL
 weights_sum: 1.0000000000000004
itereffortlevel: 0
--separating...
--find a better primal bound 0.12409794923964453 by Alternative descent Eigen
--found a cut state by heuristic 0.12409794923964453 0.08039501051721985 
iteration: 1767,  #states: 2873, valueb: 0.08039501051721985, activeness: 0.12409794923964453, primalobj: 0.9578431043846043, dualobj: -Inf
solve--
end solve-- RelaxOptimal OPTIMAL
 weights_sum: 1.0000000000000013
itereffortlevel: 0
--separating...
--find a better primal bound 0.11287180926643157 by Alternative descent Eigen
--found a cut state by heuristic 0.11287180926643157 0.0755614937505237 
iteration: 1768,  #states: 2874, valueb: 0.0755614937505237, activeness: 0.11287180926643157, primalobj: 0.9578366174571356, dualobj: -Inf
solve--
end solve-- RelaxOptimal OPTIMAL
 weights_sum: 0.9999999999999993
itereffortlevel: 0
--separating...
--find a better primal bound 0.10989381043964626 by Alternative descent Eigen
--found a cut state by heuristic 0.10989381043964626 0.07721340175112262 
iteration: 1769,  #states: 2875, valueb: 0.07721340175112262, activeness: 0.10989381043964626, primalobj: 0.9578279014987892, dualobj: -Inf
solve--
end solve-- RelaxOptimal OPTIMAL
 weights_sum: 1.0000006388329188
itereffortlevel: 0
--separating...
--find a better primal bound 0.10346397597391979 by Alternative descent Eigen
--found a cut state by heuristic 0.10346397597391979 0.08100130373878772 
iteration: 1770,  #states: 2876, valueb: 0.08100130373878772, activeness: 0.10346397597391979, primalobj: 0.9578197014598476, dualobj: -Inf
solve--
end solve-- RelaxOptimal OPTIMAL
 weights_sum: 1.0000000000000002
itereffortlevel: 0
--separating...
--find a better primal bound 0.09860367486130757 by Alternative descent Eigen
--found a cut state by heuristic 0.09860367486130757 0.07744812332481812 
iteration: 1771,  #states: 2877, valueb: 0.07744812332481812, activeness: 0.09860367486130757, primalobj: 0.9578149973735031, dualobj: -Inf
solve--
end solve-- RelaxOptimal OPTIMAL
 weights_sum: 0.9999999999999996
itereffortlevel: 0
--separating...
--find a better primal bound 0.06927350024260415 by Alternative descent Eigen
--found a cut state by heuristic 0.06927350024260415 0.04980465054472534 
iteration: 1772,  #states: 2878, valueb: 0.04980465054472534, activeness: 0.06927350024260415, primalobj: 0.9578126492535592, dualobj: -Inf
solve--
end solve-- RelaxOptimal OPTIMAL
 weights_sum: 1.0000000000000002
itereffortlevel: 0
--separating...
--find a better primal bound 0.09837061552626697 by Alternative descent Eigen
--found a cut state by heuristic 0.09837061552626697 0.07866503086400195 
iteration: 1773,  #states: 2879, valueb: 0.07866503086400195, activeness: 0.09837061552626697, primalobj: 0.9578119275600365, dualobj: -Inf
solve--
end solve-- RelaxOptimal OPTIMAL
 weights_sum: 0.9999999999999997
itereffortlevel: 0
--separating...
--find a better primal bound 0.11939190263263193 by Alternative descent Eigen
--found a cut state by heuristic 0.11939190263263193 0.08175951790370138 
iteration: 1774,  #states: 2880, valueb: 0.08175951790370138, activeness: 0.11939190263263193, primalobj: 0.9578093008023226, dualobj: -Inf
solve--
end solve-- RelaxOptimal OPTIMAL
 weights_sum: 0.9999999999999997
itereffortlevel: 0
--separating...
--find a better primal bound 0.09963458996539418 by Alternative descent Eigen
--found a cut state by heuristic 0.09963458996539418 0.06570521653038174 
iteration: 1775,  #states: 2881, valueb: 0.06570521653038174, activeness: 0.09963458996539418, primalobj: 0.9578004966529994, dualobj: -Inf
solve--
end solve-- RelaxOptimal OPTIMAL
 weights_sum: 1.0000006097987966
itereffortlevel: 0
--separating...
--find a better primal bound 0.07503014719319163 by Alternative descent Eigen
--found a cut state by heuristic 0.07503014719319163 0.06488996267219549 
iteration: 1776,  #states: 2882, valueb: 0.06488996267219549, activeness: 0.07503014719319163, primalobj: 0.9577974204728535, dualobj: -Inf
solve--
end solve-- RelaxOptimal OPTIMAL
 weights_sum: 0.9999999999999998
itereffortlevel: 0
--separating...
--find a better primal bound 0.10017051657146493 by Alternative descent Eigen
--found a cut state by heuristic 0.10017051657146493 0.06807504608713348 
iteration: 1777,  #states: 2883, valueb: 0.06807504608713348, activeness: 0.10017051657146493, primalobj: 0.9577959259367016, dualobj: -Inf
solve--
end solve-- RelaxOptimal OPTIMAL
 weights_sum: 0.9999999999999997
itereffortlevel: 0
--separating...
--find a better primal bound 0.10467839047637661 by Alternative descent Eigen
--found a cut state by heuristic 0.10467839047637661 0.0661123230307739 
iteration: 1778,  #states: 2884, valueb: 0.0661123230307739, activeness: 0.10467839047637661, primalobj: 0.9577906376096066, dualobj: -Inf
solve--
end solve-- RelaxOptimal OPTIMAL
 weights_sum: 1.0
itereffortlevel: 0
--separating...
--find a better primal bound 0.08078286111015509 by Alternative descent Eigen
--found a cut state by heuristic 0.08078286111015509 0.06977686965802904 
iteration: 1779,  #states: 2885, valueb: 0.06977686965802904, activeness: 0.08078286111015509, primalobj: 0.9577865878824443, dualobj: -Inf
solve--
end solve-- RelaxOptimal OPTIMAL
 weights_sum: 1.0000000000000004
itereffortlevel: 0
--separating...
--find a better primal bound 0.0943582690176852 by Alternative descent Eigen
--found a cut state by heuristic 0.0943582690176852 0.06834919012054864 
iteration: 1780,  #states: 2886, valueb: 0.06834919012054864, activeness: 0.0943582690176852, primalobj: 0.95778599697098, dualobj: -Inf
solve--
end solve-- RelaxOptimal OPTIMAL
 weights_sum: 0.9999999999999984
itereffortlevel: 0
--separating...
--find a better primal bound 0.10849718813178685 by Alternative descent Eigen
--found a cut state by heuristic 0.10849718813178685 0.07028076152257083 
iteration: 1781,  #states: 2887, valueb: 0.07028076152257083, activeness: 0.10849718813178685, primalobj: 0.9577808457112059, dualobj: -Inf
solve--
end solve-- RelaxOptimal OPTIMAL
 weights_sum: 1.0000000000000009
itereffortlevel: 0
--separating...
--find a better primal bound 0.10765651507202711 by Alternative descent Eigen
--found a cut state by heuristic 0.10765651507202711 0.07168779786271912 
iteration: 1782,  #states: 2888, valueb: 0.07168779786271912, activeness: 0.10765651507202711, primalobj: 0.957776436217751, dualobj: -Inf
solve--
end solve-- RelaxOptimal OPTIMAL
 weights_sum: 1.0
itereffortlevel: 0
--separating...
--find a better primal bound 0.08569651447573447 by Alternative descent Eigen
--found a cut state by heuristic 0.08569651447573447 0.07264013102816416 
iteration: 1783,  #states: 2889, valueb: 0.07264013102816416, activeness: 0.08569651447573447, primalobj: 0.9577708365654934, dualobj: -Inf
solve--
end solve-- RelaxOptimal OPTIMAL
 weights_sum: 1.0000000000000002
itereffortlevel: 0
--separating...
--find a better primal bound 0.12508805269597598 by Alternative descent Eigen
--found a cut state by heuristic 0.12508805269597598 0.07749327294110347 
iteration: 1784,  #states: 2890, valueb: 0.07749327294110347, activeness: 0.12508805269597598, primalobj: 0.9577693262776581, dualobj: -Inf
solve--
end solve-- RelaxOptimal OPTIMAL
 weights_sum: 1.000000000000002
itereffortlevel: 0
--separating...
--find a better primal bound 0.10222798900117251 by Alternative descent Eigen
--found a cut state by heuristic 0.10222798900117251 0.07066117683487856 
iteration: 1785,  #states: 2891, valueb: 0.07066117683487856, activeness: 0.10222798900117251, primalobj: 0.9577616574648038, dualobj: -Inf
solve--
end solve-- RelaxOptimal OPTIMAL
 weights_sum: 0.9999999999999994
itereffortlevel: 0
--separating...
--find a better primal bound 0.07993891335191539 by Alternative descent Eigen
--found a cut state by heuristic 0.07993891335191539 0.06783732370956921 
iteration: 1786,  #states: 2892, valueb: 0.06783732370956921, activeness: 0.07993891335191539, primalobj: 0.9577547676517526, dualobj: -Inf
solve--
end solve-- RelaxOptimal OPTIMAL
 weights_sum: 1.0000007313204207
itereffortlevel: 0
--separating...
--find a better primal bound 0.08730506453161394 by Alternative descent Eigen
--found a cut state by heuristic 0.08730506453161394 0.06987180531866416 
iteration: 1787,  #states: 2893, valueb: 0.06987180531866416, activeness: 0.08730506453161394, primalobj: 0.9577528790989706, dualobj: -Inf
solve--
end solve-- RelaxOptimal OPTIMAL
 weights_sum: 0.9999999999999998
itereffortlevel: 0
--separating...
--find a better primal bound 0.04504684824295316 by Alternative descent Eigen
--found a cut state by heuristic 0.04504684824295316 -0.0 
iteration: 1788,  #states: 2894, valueb: -0.0, activeness: 0.04504684824295316, primalobj: 0.9577502228589763, dualobj: -Inf
solve--
end solve-- RelaxOptimal OPTIMAL
 weights_sum: 1.0000000000000004
itereffortlevel: 0
--separating...
--find a better primal bound 0.07807864762071363 by Alternative descent Eigen
--found a cut state by heuristic 0.07807864762071363 0.06357738789341578 
iteration: 1789,  #states: 2895, valueb: 0.06357738789341578, activeness: 0.07807864762071363, primalobj: 0.957747564883574, dualobj: -Inf
solve--
end solve-- RelaxOptimal OPTIMAL
 weights_sum: 1.0
itereffortlevel: 0
--separating...
--find a better primal bound 0.11507906100335442 by Alternative descent Eigen
--found a cut state by heuristic 0.11507906100335442 0.06234625733716242 
iteration: 1790,  #states: 2896, valueb: 0.06234625733716242, activeness: 0.11507906100335442, primalobj: 0.9577458500167576, dualobj: -Inf
solve--
end solve-- RelaxOptimal OPTIMAL
 weights_sum: 0.9999999999999998
itereffortlevel: 0
--separating...
--find a better primal bound 0.08157321747051491 by Alternative descent Eigen
--found a cut state by heuristic 0.08157321747051491 0.062152902313976 
iteration: 1791,  #states: 2897, valueb: 0.062152902313976, activeness: 0.08157321747051491, primalobj: 0.957736422488049, dualobj: -Inf
solve--
end solve-- RelaxOptimal OPTIMAL
 weights_sum: 1.000000000000001
itereffortlevel: 0
--separating...
--find a better primal bound 0.0683833608412937 by Alternative descent Eigen
--found a cut state by heuristic 0.0683833608412937 0.06217332160349518 
iteration: 1792,  #states: 2898, valueb: 0.06217332160349518, activeness: 0.0683833608412937, primalobj: 0.9577343434304793, dualobj: -Inf
solve--
end solve-- RelaxOptimal OPTIMAL
 weights_sum: 1.0000000000000007
itereffortlevel: 0
--separating...
--find a better primal bound 0.07657771310233273 by Alternative descent Eigen
--found a cut state by heuristic 0.07657771310233273 0.06456314366960068 
iteration: 1793,  #states: 2899, valueb: 0.06456314366960068, activeness: 0.07657771310233273, primalobj: 0.957733912195474, dualobj: -Inf
solve--
end solve-- RelaxOptimal OPTIMAL
 weights_sum: 1.0
itereffortlevel: 0
--separating...
--find a better primal bound 0.08072657544786041 by Alternative descent Eigen
--found a cut state by heuristic 0.08072657544786041 0.0661267979106743 
iteration: 1794,  #states: 2900, valueb: 0.0661267979106743, activeness: 0.08072657544786041, primalobj: 0.9577300578260267, dualobj: -Inf
solve--
end solve-- RelaxOptimal OPTIMAL
 weights_sum: 1.0000002255580345
itereffortlevel: 0
--separating...
--find a better primal bound 0.07677693456756335 by Alternative descent Eigen
--found a cut state by heuristic 0.07677693456756335 0.07030515750750728 
iteration: 1795,  #states: 2901, valueb: 0.07030515750750728, activeness: 0.07677693456756335, primalobj: 0.9577286359977113, dualobj: -Inf
solve--
end solve-- RelaxOptimal OPTIMAL
 weights_sum: 1.0000003136752356
itereffortlevel: 0
--separating...
--find a better primal bound 0.09490831296209551 by Alternative descent Eigen
--found a cut state by heuristic 0.09490831296209551 0.07087647856127297 
iteration: 1796,  #states: 2902, valueb: 0.07087647856127297, activeness: 0.09490831296209551, primalobj: 0.9577280904952836, dualobj: -Inf
solve--
end solve-- RelaxOptimal OPTIMAL
 weights_sum: 0.9999999999999994
itereffortlevel: 0
--separating...
--find a better primal bound 0.08953137077480293 by Alternative descent Eigen
--found a cut state by heuristic 0.08953137077480293 0.06891390100572856 
iteration: 1797,  #states: 2903, valueb: 0.06891390100572856, activeness: 0.08953137077480293, primalobj: 0.9577250817605564, dualobj: -Inf
solve--
end solve-- RelaxOptimal OPTIMAL
 weights_sum: 1.0000006180518826
itereffortlevel: 0
--separating...
--find a better primal bound 0.08145803540247776 by Alternative descent Eigen
--found a cut state by heuristic 0.08145803540247776 0.07215680209591847 
iteration: 1798,  #states: 2904, valueb: 0.07215680209591847, activeness: 0.08145803540247776, primalobj: 0.9577218450124769, dualobj: -Inf
solve--
end solve-- RelaxOptimal OPTIMAL
 weights_sum: 1.0
itereffortlevel: 0
--separating...
--find a better primal bound 0.07529360665931953 by Alternative descent Eigen
--found a cut state by heuristic 0.07529360665931953 0.07251373681822208 
iteration: 1799,  #states: 2905, valueb: 0.07251373681822208, activeness: 0.07529360665931953, primalobj: 0.9577212977696349, dualobj: -Inf
solve--
end solve-- RelaxOptimal OPTIMAL
 weights_sum: 0.9999999999999991
itereffortlevel: 0
--separating...
--find a better primal bound 0.07426114805685842 by Alternative descent Eigen
--found a cut state by heuristic 0.07426114805685842 0.07085386720100785 
iteration: 1800,  #states: 2906, valueb: 0.07085386720100785, activeness: 0.07426114805685842, primalobj: 0.9577209575479246, dualobj: -Inf
solve--
end solve-- RelaxOptimal OPTIMAL
 weights_sum: 1.0000000000000004
itereffortlevel: 0
--separating...
--find a better primal bound 0.09740379275388777 by Alternative descent Eigen
--found a cut state by heuristic 0.09740379275388777 0.07050598924089034 
iteration: 1801,  #states: 2907, valueb: 0.07050598924089034, activeness: 0.09740379275388777, primalobj: 0.9577206054579277, dualobj: -Inf
solve--
end solve-- RelaxOptimal OPTIMAL
 weights_sum: 1.0000000000000007
itereffortlevel: 0
--separating...
--find a better primal bound 0.06119814711313611 by Alternative descent Eigen
--find a better primal bound 0.11904649802798828 by Alternative descent Eigen
--early stop, find a state
iteration: 1802,  #states: 2908, valueb: 0.06376823679320147, activeness: 0.11904649802798828, primalobj: 0.9577177250034858, dualobj: 0.5391163518796348
solve--
end solve-- RelaxOptimal OPTIMAL
 weights_sum: 1.0000003519324658
itereffortlevel: 0
--separating...
--find a better primal bound 0.10510044315601501 by Alternative descent Eigen
--found a cut state by heuristic 0.10510044315601501 0.06567176812496853 
iteration: 1803,  #states: 2909, valueb: 0.06567176812496853, activeness: 0.10510044315601501, primalobj: 0.9577093825124936, dualobj: 0.5391163518796348
Time limit is almost reached
solve--
end solve-- RelaxOptimal OPTIMAL
entering gap-closing phase: time limit 10800.0 -> 10811.29301905632 s
 weights_sum: 1.0000000000000002
itereffortlevel: 2
--separating...
--find a better primal bound 0.10265097185654204 by Alternative descent Eigen
--find a better primal bound 0.108047511395097 by Alternative descent Eigen
--node number: 1, dual bound: 0.4951189098564277, branchnode bound: 0.4951189098564277,
         primal out bound: 0.108047511395097, primal bound: 0.108047511395097, cutoff bound: 0.07055789557201166,  gap: 0.3870713984613307,
         rel_gap: 0.7817746217238438, nleaves: 1,
         Zdepth: 1, bbounddistance: 0.41199504101092316, branchscore: 0.7212931145117121, maxdepth: 0, focusdepth: 0
--node number: 3, dual bound: 0.4790612502904316, branchnode bound: 0.4790612502904316,
         primal out bound: 0.108047511395097, primal bound: 0.108047511395097, cutoff bound: 0.07055789557201166,  gap: 0.3710137388953346,
         rel_gap: 0.7744599227560296, nleaves: 2,
         Zdepth: 1, bbounddistance: 0.25061437756641997, branchscore: 0.5697546759399033, maxdepth: 1, focusdepth: 1
--find a better primal bound 0.1476988581790204 by Alternative descent Eigen
--node number: 5, dual bound: 0.47231813682503, branchnode bound: 0.47231813682503,
         primal out bound: 0.1476988581790204, primal bound: 0.1476988581790204, cutoff bound: 0.07055789557201166,  gap: 0.3246192786460096,
         rel_gap: 0.687289463047371, nleaves: 3,
         Zdepth: 1, bbounddistance: 0.12082380273741167, branchscore: 0.6143772208892418, maxdepth: 2, focusdepth: 2
--node number: 7, dual bound: 0.4664776849409721, branchnode bound: 0.4664776849409721,
         primal out bound: 0.1476988581790204, primal bound: 0.1476988581790204, cutoff bound: 0.07055789557201166,  gap: 0.3187788267619517,
         rel_gap: 0.6833742257194786, nleaves: 4,
         Zdepth: 1, bbounddistance: 0.03954419452238467, branchscore: 0.5794852572775592, maxdepth: 3, focusdepth: 2
--node number: 9, dual bound: 0.463653291341708, branchnode bound: 0.463653291341708,
         primal out bound: 0.1476988581790204, primal bound: 0.1476988581790204, cutoff bound: 0.07055789557201166,  gap: 0.3159544331626876,
         rel_gap: 0.68144546596097, nleaves: 5,
         Zdepth: 1, bbounddistance: 0.11262513444963912, branchscore: 0.5736505908908819, maxdepth: 3, focusdepth: 3
--find a better primal bound 0.14783397885655605 by Alternative descent Eigen
--node number: 11, dual bound: 0.46239423101483634, branchnode bound: 0.46239423101483634,
         primal out bound: 0.14783397885655605, primal bound: 0.14783397885655605, cutoff bound: 0.07055789557201166,  gap: 0.3145602521582803,
         rel_gap: 0.6802858493020155, nleaves: 6,
         Zdepth: 1, bbounddistance: 0.025946591220799342, branchscore: 0.5850209924099781, maxdepth: 4, focusdepth: 3
--node number: 13, dual bound: 0.46033465012625874, branchnode bound: 0.46033465012625874,
         primal out bound: 0.14783397885655605, primal bound: 0.14783397885655605, cutoff bound: 0.07055789557201166,  gap: 0.3125006712697027,
         rel_gap: 0.6788554178660922, nleaves: 7,
         Zdepth: 1, bbounddistance: 0.10648202264610834, branchscore: 0.5634168061521457, maxdepth: 4, focusdepth: 4
--max node number reached: 15, terminated
--find a better primal bound 0.14783860871649174 by Alternative descent Eigen
--node number: 15, dual bound: 0.4588730005954891, branchnode bound: 0.4588730005954891,
         primal out bound: 0.14783860871649174, primal bound: 0.14783860871649174, cutoff bound: 0.07055789557201166,  gap: 0.31103439187899734,
         rel_gap: 0.6778223854429472, nleaves: 8,
         Zdepth: 1, bbounddistance: 0.01873550362130616, branchscore: 0.5769037118993839, maxdepth: 5, focusdepth: 4
iteration: 1804,  #states: 2910, valueb: 0.07055789557201166, activeness: 0.14783860871649174, primalobj: 0.9577011151733104, dualobj: 0.5693860101498329
solve--
end solve-- RelaxOptimal OPTIMAL
 weights_sum: 0.999999999999999
itereffortlevel: 2
--separating...
--find a better primal bound 0.06198789921028938 by Alternative descent Eigen
--find a better primal bound 0.09622162333290014 by Alternative descent Eigen
--node number: 1, dual bound: 0.49345241591996525, branchnode bound: 0.49345241591996525,
         primal out bound: 0.09622162333290014, primal bound: 0.09622162333290014, cutoff bound: 0.05873929766679462,  gap: 0.3972307925870651,
         rel_gap: 0.8050032379444128, nleaves: 1,
         Zdepth: 1, bbounddistance: 0.4108366803475017, branchscore: 0.6938458573001324, maxdepth: 0, focusdepth: 0
--find a better primal bound 0.11061561288931532 by Alternative descent Eigen
--node number: 3, dual bound: 0.477234567853219, branchnode bound: 0.477234567853219,
         primal out bound: 0.11061561288931532, primal bound: 0.11061561288931532, cutoff bound: 0.05873929766679462,  gap: 0.3666189549639037,
         rel_gap: 0.7682154220577397, nleaves: 2,
         Zdepth: 1, bbounddistance: 0.23519606661383408, branchscore: 0.5555874405816902, maxdepth: 1, focusdepth: 1
--node number: 5, dual bound: 0.47557780070131445, branchnode bound: 0.47557780070131445,
         primal out bound: 0.11061561288931532, primal bound: 0.11061561288931532, cutoff bound: 0.05873929766679462,  gap: 0.36496218781199913,
         rel_gap: 0.7674079556989516, nleaves: 3,
         Zdepth: 1, bbounddistance: 0.1077185246630753, branchscore: 0.5133333655581472, maxdepth: 2, focusdepth: 2
--find a better primal bound 0.11490826228063698 by Alternative descent Eigen
--node number: 7, dual bound: 0.4745215176693344, branchnode bound: 0.4745215176693344,
         primal out bound: 0.11490826228063698, primal bound: 0.11490826228063698, cutoff bound: 0.05873929766679462,  gap: 0.35961325538869743,
         rel_gap: 0.7578439375204273, nleaves: 4,
         Zdepth: 1, bbounddistance: 0.24780029753091098, branchscore: 0.5250065900735693, maxdepth: 3, focusdepth: 2
--node number: 9, dual bound: 0.4722473264159077, branchnode bound: 0.4722473264159077,
         primal out bound: 0.11490826228063698, primal bound: 0.11490826228063698, cutoff bound: 0.05873929766679462,  gap: 0.3573390641352707,
         rel_gap: 0.7566777917987885, nleaves: 5,
         Zdepth: 1, bbounddistance: 0.10447308872076688, branchscore: 0.5189371098017458, maxdepth: 3, focusdepth: 3
--node number: 11, dual bound: 0.46947563828931826, branchnode bound: 0.46947563828931826,
         primal out bound: 0.11490826228063698, primal bound: 0.11490826228063698, cutoff bound: 0.05873929766679462,  gap: 0.35456737600868127,
         rel_gap: 0.7552412672586349, nleaves: 6,
         Zdepth: 1, bbounddistance: 0.09550177494858053, branchscore: 0.5467833542182026, maxdepth: 4, focusdepth: 3
--find a better primal bound 0.11491925057883974 by Alternative descent Eigen
--node number: 13, dual bound: 0.4514540115741452, branchnode bound: 0.4514540115741452,
         primal out bound: 0.11491925057883974, primal bound: 0.11491925057883974, cutoff bound: 0.05873929766679462,  gap: 0.3365347609953055,
         rel_gap: 0.7454463851630526, nleaves: 7,
         Zdepth: 1, bbounddistance: 0.06649032873914351, branchscore: 0.5208393520512996, maxdepth: 4, focusdepth: 3
--max node number reached: 15, terminated
--node number: 15, dual bound: 0.4502489368160483, branchnode bound: 0.4502489368160483,
         primal out bound: 0.11491925057883974, primal bound: 0.11491925057883974, cutoff bound: 0.05873929766679462,  gap: 0.33532968623720855,
         rel_gap: 0.7447650817534509, nleaves: 8,
         Zdepth: 1, bbounddistance: 0.2944533803643339, branchscore: 0.5151956447001612, maxdepth: 4, focusdepth: 4
iteration: 1805,  #states: 2911, valueb: 0.05873929766679462, activeness: 0.11491925057883974, primalobj: 0.9576758118829891, dualobj: 0.5693860101498329
solve--
end solve-- RelaxOptimal OPTIMAL
 weights_sum: 0.9999999999999989
itereffortlevel: 2
--separating...
--find a better primal bound 0.10721323500027227 by Alternative descent Eigen
--node number: 1, dual bound: 0.495789428944905, branchnode bound: 0.495789428944905,
         primal out bound: 0.10721323500027227, primal bound: 0.10721323500027227, cutoff bound: 0.05629759277062363,  gap: 0.3885761939446327,
         rel_gap: 0.7837524788932391, nleaves: 1,
         Zdepth: 1, bbounddistance: 0.41415158080952463, branchscore: 0.6840089903180594, maxdepth: 0, focusdepth: 0
--node number: 3, dual bound: 0.47886737545520286, branchnode bound: 0.47886737545520286,
         primal out bound: 0.10721323500027227, primal bound: 0.10721323500027227, cutoff bound: 0.05629759277062363,  gap: 0.3716541404549306,
         rel_gap: 0.7761107970691108, nleaves: 2,
         Zdepth: 1, bbounddistance: 0.23387277490392325, branchscore: 0.5258895784394544, maxdepth: 1, focusdepth: 1
--node number: 5, dual bound: 0.47653632090802656, branchnode bound: 0.47653632090802656,
         primal out bound: 0.10721323500027227, primal bound: 0.10721323500027227, cutoff bound: 0.05629759277062363,  gap: 0.3693230859077543,
         rel_gap: 0.7750156067936639, nleaves: 3,
         Zdepth: 1, bbounddistance: 0.10899820893727535, branchscore: 0.5091744494673105, maxdepth: 2, focusdepth: 2
--find a better primal bound 0.11347220813677208 by Alternative descent Eigen
--node number: 7, dual bound: 0.4761238224684666, branchnode bound: 0.4761238224684666,
         primal out bound: 0.11347220813677208, primal bound: 0.11347220813677208, cutoff bound: 0.05629759277062363,  gap: 0.36265161433169446,
         rel_gap: 0.7616750038918977, nleaves: 4,
         Zdepth: 1, bbounddistance: 0.10359536278040371, branchscore: 0.5130125429599686, maxdepth: 3, focusdepth: 2
--node number: 9, dual bound: 0.45081546941763534, branchnode bound: 0.45081546941763534,
         primal out bound: 0.11347220813677208, primal bound: 0.11347220813677208, cutoff bound: 0.05629759277062363,  gap: 0.3373432612808632,
         rel_gap: 0.748295664557927, nleaves: 5,
         Zdepth: 1, bbounddistance: 0.0704466671555756, branchscore: 0.5277056690241716, maxdepth: 3, focusdepth: 3
--node number: 11, dual bound: 0.4496902853884976, branchnode bound: 0.4496902853884976,
         primal out bound: 0.11347220813677208, primal bound: 0.11347220813677208, cutoff bound: 0.05629759277062363,  gap: 0.3362180772517255,
         rel_gap: 0.7476658673230157, nleaves: 6,
         Zdepth: 1, bbounddistance: 0.026664684051499965, branchscore: 0.4996479463809889, maxdepth: 4, focusdepth: 4
--node number: 13, dual bound: 0.4489659131178447, branchnode bound: 0.4489659131178447,
         primal out bound: 0.11347220813677208, primal bound: 0.11347220813677208, cutoff bound: 0.05629759277062363,  gap: 0.33549370498107256,
         rel_gap: 0.7472587454384585, nleaves: 7,
         Zdepth: 1, bbounddistance: 0.2482704285068379, branchscore: 0.4849318690669277, maxdepth: 5, focusdepth: 4
--max node number reached: 15, terminated
--node number: 15, dual bound: 0.44828780019081566, branchnode bound: 0.44828780019081566,
         primal out bound: 0.11347220813677208, primal bound: 0.11347220813677208, cutoff bound: 0.05629759277062363,  gap: 0.33481559205404354,
         rel_gap: 0.7468764305241584, nleaves: 8,
         Zdepth: 1, bbounddistance: 0.2807432559439329, branchscore: 0.5046338488801827, maxdepth: 5, focusdepth: 5
iteration: 1806,  #states: 2912, valueb: 0.05629759277062363, activeness: 0.11347220813677208, primalobj: 0.9576696158233811, dualobj: 0.5693860101498329
solve--
end solve-- RelaxOptimal OPTIMAL
 weights_sum: 1.0000000000000002
itereffortlevel: 2
--separating...
--find a better primal bound 0.0722337157969253 by Alternative descent Eigen
--find a better primal bound 0.10598103029632634 by Alternative descent Eigen
--node number: 1, dual bound: 0.5068084523316244, branchnode bound: 0.5068084523316244,
         primal out bound: 0.10598103029632634, primal bound: 0.10598103029632634, cutoff bound: 0.06778003388080436,  gap: 0.4008274220352981,
         rel_gap: 0.7908854325361985, nleaves: 1,
         Zdepth: 1, bbounddistance: 0.4155990290012742, branchscore: 0.6523156391255643, maxdepth: 0, focusdepth: 0
--find a better primal bound 0.10612754946620578 by Alternative descent Eigen
--node number: 3, dual bound: 0.48891565473718807, branchnode bound: 0.48891565473718807,
         primal out bound: 0.10612754946620578, primal bound: 0.10612754946620578, cutoff bound: 0.06778003388080436,  gap: 0.3827881052709823,
         rel_gap: 0.782932805611934, nleaves: 2,
         Zdepth: 1, bbounddistance: 0.10934764882583886, branchscore: 0.5108477829526963, maxdepth: 1, focusdepth: 1
--find a better primal bound 0.12389044166542329 by Alternative descent Eigen
--node number: 5, dual bound: 0.46134685393342034, branchnode bound: 0.46134685393342034,
         primal out bound: 0.12389044166542329, primal bound: 0.12389044166542329, cutoff bound: 0.06778003388080436,  gap: 0.33745641226799705,
         rel_gap: 0.7314592250729802, nleaves: 3,
         Zdepth: 1, bbounddistance: 0.2434834481159323, branchscore: 0.5485274578783318, maxdepth: 2, focusdepth: 2
--find a better primal bound 0.12389964943521851 by Alternative descent Eigen
--node number: 7, dual bound: 0.45765229379986205, branchnode bound: 0.45765229379986205,
         primal out bound: 0.12389964943521851, primal bound: 0.12389964943521851, cutoff bound: 0.06778003388080436,  gap: 0.3337526443646435,
         rel_gap: 0.7292712150386345, nleaves: 4,
         Zdepth: 1, bbounddistance: 0.31086608386289427, branchscore: 0.4758599463144007, maxdepth: 3, focusdepth: 3
--node number: 9, dual bound: 0.4568241434178596, branchnode bound: 0.4568241434178596,
         primal out bound: 0.12389964943521851, primal bound: 0.12389964943521851, cutoff bound: 0.06778003388080436,  gap: 0.33292449398264107,
         rel_gap: 0.7287804262965873, nleaves: 5,
         Zdepth: 1, bbounddistance: 0.2595303172287403, branchscore: 0.5036991295938987, maxdepth: 4, focusdepth: 4
--node number: 11, dual bound: 0.4558398200693582, branchnode bound: 0.4558398200693582,
         primal out bound: 0.12389964943521851, primal bound: 0.12389964943521851, cutoff bound: 0.06778003388080436,  gap: 0.33194017063413966,
         rel_gap: 0.7281947649585185, nleaves: 6,
         Zdepth: 1, bbounddistance: 0.31455398240691357, branchscore: 0.46652978077552915, maxdepth: 5, focusdepth: 4
--node number: 13, dual bound: 0.45331271727281, branchnode bound: 0.45331271727281,
         primal out bound: 0.12389964943521851, primal bound: 0.12389964943521851, cutoff bound: 0.06778003388080436,  gap: 0.32941306783759144,
         rel_gap: 0.7266795200879971, nleaves: 7,
         Zdepth: 1, bbounddistance: 0.06604020420053366, branchscore: 0.5206958793454349, maxdepth: 5, focusdepth: 5
--max node number reached: 15, terminated
--node number: 15, dual bound: 0.4531706048582266, branchnode bound: 0.4531706048582266,
         primal out bound: 0.12389964943521851, primal bound: 0.12389964943521851, cutoff bound: 0.06778003388080436,  gap: 0.32927095542300805,
         rel_gap: 0.7265938079236621, nleaves: 8,
         Zdepth: 1, bbounddistance: 0.06597680025047864, branchscore: 0.5508185273831268, maxdepth: 6, focusdepth: 5
iteration: 1807,  #states: 2913, valueb: 0.06778003388080436, activeness: 0.12389964943521851, primalobj: 0.957656623806876, dualobj: 0.5722660528294538
solve--
end solve-- RelaxOptimal OPTIMAL
 weights_sum: 1.0
itereffortlevel: 2
--separating...
--find a better primal bound 0.08977234785303975 by Alternative descent Eigen
--find a better primal bound 0.09580640423019793 by Alternative descent Eigen
--node number: 1, dual bound: 0.493511415137473, branchnode bound: 0.493511415137473,
         primal out bound: 0.09580640423019793, primal bound: 0.09580640423019793, cutoff bound: 0.05950318018965829,  gap: 0.39770501090727506,
         rel_gap: 0.805867906412033, nleaves: 1,
         Zdepth: 1, bbounddistance: 0.42002152732683545, branchscore: 0.6839819607793286, maxdepth: 0, focusdepth: 0
--find a better primal bound 0.09587975624066267 by Alternative descent Eigen
--node number: 3, dual bound: 0.4761753576686764, branchnode bound: 0.4761753576686764,
         primal out bound: 0.09587975624066267, primal bound: 0.09587975624066267, cutoff bound: 0.05950318018965829,  gap: 0.3802956014280138,
         rel_gap: 0.79864611913123, nleaves: 2,
         Zdepth: 1, bbounddistance: 0.10832191391763302, branchscore: 0.5478058964646618, maxdepth: 1, focusdepth: 1
--find a better primal bound 0.09686322738750668 by Alternative descent Eigen
--node number: 5, dual bound: 0.4497609961935798, branchnode bound: 0.4497609961935798,
         primal out bound: 0.09686322738750668, primal bound: 0.09686322738750668, cutoff bound: 0.05950318018965829,  gap: 0.3528977688060731,
         rel_gap: 0.7846339984852395, nleaves: 3,
         Zdepth: 1, bbounddistance: 0.27659934285291843, branchscore: 0.5495574061474328, maxdepth: 2, focusdepth: 2
--node number: 7, dual bound: 0.44830023666917107, branchnode bound: 0.44830023666917107,
         primal out bound: 0.09686322738750668, primal bound: 0.09686322738750668, cutoff bound: 0.05950318018965829,  gap: 0.3514370092816644,
         rel_gap: 0.7839322412426292, nleaves: 4,
         Zdepth: 1, bbounddistance: 0.254996845775818, branchscore: 0.4897787107563668, maxdepth: 3, focusdepth: 3
--find a better primal bound 0.10770110567204962 by Alternative descent Eigen
--node number: 9, dual bound: 0.4478799967937168, branchnode bound: 0.4478799967937168,
         primal out bound: 0.10770110567204962, primal bound: 0.10770110567204962, cutoff bound: 0.05950318018965829,  gap: 0.3401788911216672,
         rel_gap: 0.7595313332967307, nleaves: 5,
         Zdepth: 1, bbounddistance: 0.2992140169152009, branchscore: 0.4849009263282183, maxdepth: 4, focusdepth: 3
--find a better primal bound 0.1133915492876224 by Alternative descent Eigen
--node number: 11, dual bound: 0.4468585187772473, branchnode bound: 0.4468585187772473,
         primal out bound: 0.1133915492876224, primal bound: 0.1133915492876224, cutoff bound: 0.05950318018965829,  gap: 0.3334669694896249,
         rel_gap: 0.7462473142553057, nleaves: 6,
         Zdepth: 1, bbounddistance: 0.060342252963073884, branchscore: 0.5525197122287913, maxdepth: 4, focusdepth: 4
--node number: 13, dual bound: 0.44669261772889535, branchnode bound: 0.44669261772889535,
         primal out bound: 0.1133915492876224, primal bound: 0.1133915492876224, cutoff bound: 0.05950318018965829,  gap: 0.33330106844127294,
         rel_gap: 0.746153070842909, nleaves: 7,
         Zdepth: 1, bbounddistance: 0.0328488655491308, branchscore: 0.5116734703596666, maxdepth: 5, focusdepth: 4
--max node number reached: 15, terminated
--node number: 15, dual bound: 0.4462925393819497, branchnode bound: 0.4462925393819497,
         primal out bound: 0.1133915492876224, primal bound: 0.1133915492876224, cutoff bound: 0.05950318018965829,  gap: 0.3329009900943273,
         rel_gap: 0.7459255101045309, nleaves: 8,
         Zdepth: 1, bbounddistance: 0.046085338359994454, branchscore: 0.4934725180169043, maxdepth: 5, focusdepth: 4
iteration: 1808,  #states: 2914, valueb: 0.05950318018965829, activeness: 0.1133915492876224, primalobj: 0.9576413138104299, dualobj: 0.5722660528294538
solve--
end solve-- RelaxOptimal OPTIMAL
 weights_sum: 0.9999999999999997
itereffortlevel: 2
--separating...
--find a better primal bound 0.020196884589286524 by Alternative descent Eigen
--find a better primal bound 0.038836628011479996 by Alternative descent Eigen
--node number: 1, dual bound: 0.4455270731005432, branchnode bound: 0.4455270731005432,
         primal out bound: 0.038836628011479996, primal bound: 0.038836628011479996, cutoff bound: -0.0,  gap: 0.40669044508906316,
         rel_gap: 0.912829925819759, nleaves: 1,
         Zdepth: 1, bbounddistance: 0.40818033097752665, branchscore: 0.6952813881136379, maxdepth: 0, focusdepth: 0
--find a better primal bound 0.03886215757798789 by Alternative descent Eigen
--find a better primal bound 0.03887303327731392 by Alternative descent Eigen
--node number: 3, dual bound: 0.42823362778909774, branchnode bound: 0.42823362778909774,
         primal out bound: 0.03887303327731392, primal bound: 0.03887303327731392, cutoff bound: -0.0,  gap: 0.38936059451178384,
         rel_gap: 0.9092247064341743, nleaves: 2,
         Zdepth: 1, bbounddistance: 0.27769967300312537, branchscore: 0.6188072793679348, maxdepth: 1, focusdepth: 1
--find a better primal bound 0.04581141368659374 by Alternative descent Eigen
--node number: 5, dual bound: 0.4209505636195474, branchnode bound: 0.4209505636195474,
         primal out bound: 0.04581141368659374, primal bound: 0.04581141368659374, cutoff bound: -0.0,  gap: 0.37513914993295366,
         rel_gap: 0.8911715112276276, nleaves: 3,
         Zdepth: 1, bbounddistance: 0.2537090803088744, branchscore: 0.6832431971137247, maxdepth: 2, focusdepth: 2
--node number: 7, dual bound: 0.4174512057423544, branchnode bound: 0.4174512057423544,
         primal out bound: 0.04581141368659374, primal bound: 0.04581141368659374, cutoff bound: -0.0,  gap: 0.37163979205576064,
         rel_gap: 0.8902592373517589, nleaves: 4,
         Zdepth: 1, bbounddistance: 0.1123241860291549, branchscore: 0.6357342114467629, maxdepth: 3, focusdepth: 3
--find a better primal bound 0.04621264481792326 by Alternative descent Eigen
--node number: 9, dual bound: 0.41633496778508705, branchnode bound: 0.41633496778508705,
         primal out bound: 0.04621264481792326, primal bound: 0.04621264481792326, cutoff bound: -0.0,  gap: 0.3701223229671638,
         rel_gap: 0.8890012888809803, nleaves: 5,
         Zdepth: 1, bbounddistance: 0.10482658839651315, branchscore: 0.6286058207458393, maxdepth: 4, focusdepth: 3
--find a better primal bound 0.0464416716700272 by Alternative descent Eigen
--node number: 11, dual bound: 0.4112688240852479, branchnode bound: 0.4112688240852479,
         primal out bound: 0.0464416716700272, primal bound: 0.0464416716700272, cutoff bound: -0.0,  gap: 0.3648271524152207,
         rel_gap: 0.8870770917943424, nleaves: 6,
         Zdepth: 1, bbounddistance: 0.095029475678437, branchscore: 0.5992657486647859, maxdepth: 4, focusdepth: 2
--node number: 13, dual bound: 0.3963909034906917, branchnode bound: 0.3963909034906917,
         primal out bound: 0.0464416716700272, primal bound: 0.0464416716700272, cutoff bound: -0.0,  gap: 0.3499492318206645,
         rel_gap: 0.8828387047708379, nleaves: 7,
         Zdepth: 1, bbounddistance: 0.06703093440224128, branchscore: 0.5797971784246968, maxdepth: 4, focusdepth: 4
--max node number reached: 15, terminated
--node number: 15, dual bound: 0.39437122161620913, branchnode bound: 0.39437122161620913,
         primal out bound: 0.0464416716700272, primal bound: 0.0464416716700272, cutoff bound: -0.0,  gap: 0.3479295499461819,
         rel_gap: 0.882238690034987, nleaves: 8,
         Zdepth: 1, bbounddistance: 0.0826820372478704, branchscore: 0.5270672756330625, maxdepth: 5, focusdepth: 5
iteration: 1809,  #states: 2915, valueb: -0.0, activeness: 0.0464416716700272, primalobj: 0.95763125270636, dualobj: 0.5722660528294538
solve--
end solve-- RelaxOptimal OPTIMAL
 weights_sum: 1.0000010124796042
itereffortlevel: 2
--separating...
--find a better primal bound 0.005646278821514557 by Alternative descent Eigen
--find a better primal bound 0.03623736040185506 by Alternative descent Eigen
--node number: 1, dual bound: 0.44433523275797365, branchnode bound: 0.44433523275797365,
         primal out bound: 0.03623736040185506, primal bound: 0.03623736040185506, cutoff bound: -0.0,  gap: 0.4080978723561186,
         rel_gap: 0.918445899108808, nleaves: 1,
         Zdepth: 1, bbounddistance: 0.40964534696890753, branchscore: 0.7341661794544988, maxdepth: 0, focusdepth: 0
--find a better primal bound 0.03727497745125413 by Alternative descent Eigen
--node number: 3, dual bound: 0.42783158278858824, branchnode bound: 0.42783158278858824,
         primal out bound: 0.03727497745125413, primal bound: 0.03727497745125413, cutoff bound: -0.0,  gap: 0.3905566053373341,
         rel_gap: 0.912874647522987, nleaves: 2,
         Zdepth: 1, bbounddistance: 0.28289217536227457, branchscore: 0.6047681709839378, maxdepth: 1, focusdepth: 1
--find a better primal bound 0.04212657091633917 by Alternative descent Eigen
--node number: 5, dual bound: 0.42109929940259044, branchnode bound: 0.42109929940259044,
         primal out bound: 0.04212657091633917, primal bound: 0.04212657091633917, cutoff bound: -0.0,  gap: 0.3789727284862513,
         rel_gap: 0.8999604820618231, nleaves: 3,
         Zdepth: 1, bbounddistance: 0.11072418260548361, branchscore: 0.624020200894397, maxdepth: 2, focusdepth: 2
--node number: 7, dual bound: 0.41030740411988215, branchnode bound: 0.41030740411988215,
         primal out bound: 0.04212657091633917, primal bound: 0.04212657091633917, cutoff bound: -0.0,  gap: 0.368180833203543,
         rel_gap: 0.8973292451139128, nleaves: 4,
         Zdepth: 1, bbounddistance: 0.09461138177108319, branchscore: 0.5695991131346355, maxdepth: 3, focusdepth: 2
--find a better primal bound 0.0435525645885813 by Alternative descent Eigen
--node number: 9, dual bound: 0.398445483003331, branchnode bound: 0.398445483003331,
         primal out bound: 0.0435525645885813, primal bound: 0.0435525645885813, cutoff bound: -0.0,  gap: 0.3548929184147497,
         rel_gap: 0.8906937926355731, nleaves: 5,
         Zdepth: 1, bbounddistance: 0.29972961437121337, branchscore: 0.5528266621534654, maxdepth: 3, focusdepth: 3
--node number: 11, dual bound: 0.39572681800232234, branchnode bound: 0.39572681800232234,
         primal out bound: 0.0435525645885813, primal bound: 0.0435525645885813, cutoff bound: -0.0,  gap: 0.35217425341374103,
         rel_gap: 0.8899428529801442, nleaves: 6,
         Zdepth: 1, bbounddistance: 0.0849342219337964, branchscore: 0.48446901649249546, maxdepth: 4, focusdepth: 4
--find a better primal bound 0.06372061724255884 by Alternative descent Eigen
--node number: 13, dual bound: 0.39569342068957475, branchnode bound: 0.39569342068957475,
         primal out bound: 0.06372061724255884, primal bound: 0.06372061724255884, cutoff bound: -0.0,  gap: 0.3319728034470159,
         rel_gap: 0.8389646784333362, nleaves: 7,
         Zdepth: 1, bbounddistance: 0.23859988727798634, branchscore: 0.5361364577207717, maxdepth: 5, focusdepth: 4
--max node number reached: 15, terminated
--node number: 15, dual bound: 0.3929149532476084, branchnode bound: 0.3929149532476084,
         primal out bound: 0.06372061724255884, primal bound: 0.06372061724255884, cutoff bound: -0.0,  gap: 0.32919433600504955,
         rel_gap: 0.837825929718681, nleaves: 8,
         Zdepth: 1, bbounddistance: 0.0803586778941637, branchscore: 0.4958032092890138, maxdepth: 5, focusdepth: 3
iteration: 1810,  #states: 2916, valueb: -0.0, activeness: 0.06372061724255884, primalobj: 0.9576219404464202, dualobj: 0.5722660528294538
solve--
end solve-- RelaxOptimal OPTIMAL
 weights_sum: 1.0000000000000016
itereffortlevel: 2
--separating...
--find a better primal bound 0.11751743582779794 by Alternative descent Eigen
--find a better primal bound 0.12473263452582016 by Alternative descent Eigen
--node number: 1, dual bound: 0.5170029760830781, branchnode bound: 0.5170029760830781,
         primal out bound: 0.12473263452582016, primal bound: 0.12473263452582016, cutoff bound: 0.07883694482315054,  gap: 0.39227034155725793,
         rel_gap: 0.7587390396263857, nleaves: 1,
         Zdepth: 1, bbounddistance: 0.4129868864877119, branchscore: 0.7513485451213353, maxdepth: 0, focusdepth: 0
--node number: 3, dual bound: 0.5003888166166417, branchnode bound: 0.5003888166166417,
         primal out bound: 0.12473263452582016, primal bound: 0.12473263452582016, cutoff bound: 0.07883694482315054,  gap: 0.3756561820908215,
         rel_gap: 0.7507285726943406, nleaves: 2,
         Zdepth: 1, bbounddistance: 0.27651664788006936, branchscore: 0.5912944920801624, maxdepth: 1, focusdepth: 1
--node number: 5, dual bound: 0.4938312152944595, branchnode bound: 0.4938312152944595,
         primal out bound: 0.12473263452582016, primal bound: 0.12473263452582016, cutoff bound: 0.07883694482315054,  gap: 0.36909858076863933,
         rel_gap: 0.7474184890247467, nleaves: 3,
         Zdepth: 1, bbounddistance: 0.11664068392325833, branchscore: 0.5985186288366385, maxdepth: 2, focusdepth: 2
--node number: 7, dual bound: 0.48358926387188544, branchnode bound: 0.48358926387188544,
         primal out bound: 0.12473263452582016, primal bound: 0.12473263452582016, cutoff bound: 0.07883694482315054,  gap: 0.35885662934606527,
         rel_gap: 0.742069057681014, nleaves: 4,
         Zdepth: 1, bbounddistance: 0.09675061601128165, branchscore: 0.5657646458827649, maxdepth: 3, focusdepth: 2
--find a better primal bound 0.1254120398881737 by Alternative descent Eigen
--node number: 9, dual bound: 0.4710031480172617, branchnode bound: 0.4710031480172617,
         primal out bound: 0.1254120398881737, primal bound: 0.1254120398881737, cutoff bound: 0.07883694482315054,  gap: 0.345591108129088,
         rel_gap: 0.7337341790259595, nleaves: 5,
         Zdepth: 1, bbounddistance: 0.3033714976945404, branchscore: 0.5298866653395484, maxdepth: 3, focusdepth: 3
--node number: 11, dual bound: 0.4688416813732962, branchnode bound: 0.4688416813732962,
         primal out bound: 0.1254120398881737, primal bound: 0.1254120398881737, cutoff bound: 0.07883694482315054,  gap: 0.34342964148512245,
         rel_gap: 0.7325066331115738, nleaves: 6,
         Zdepth: 1, bbounddistance: 0.25354806011316267, branchscore: 0.5070744712129635, maxdepth: 4, focusdepth: 4
--find a better primal bound 0.12910014856566926 by Alternative descent Eigen
--node number: 13, dual bound: 0.4686974885667804, branchnode bound: 0.4686974885667804,
         primal out bound: 0.12910014856566926, primal bound: 0.12910014856566926, cutoff bound: 0.07883694482315054,  gap: 0.33959734000111114,
         rel_gap: 0.7245554932234826, nleaves: 7,
         Zdepth: 1, bbounddistance: 0.06450825369513236, branchscore: 0.4720752827644682, maxdepth: 5, focusdepth: 4
--max node number reached: 15, terminated
--node number: 15, dual bound: 0.46629706391479225, branchnode bound: 0.46629706391479225,
         primal out bound: 0.12910014856566926, primal bound: 0.12910014856566926, cutoff bound: 0.07883694482315054,  gap: 0.337196915349123,
         rel_gap: 0.7231375478073778, nleaves: 8,
         Zdepth: 1, bbounddistance: 0.051769937729364446, branchscore: 0.5223126585834985, maxdepth: 5, focusdepth: 3
iteration: 1811,  #states: 2917, valueb: 0.07883694482315054, activeness: 0.12910014856566926, primalobj: 0.957617375444664, dualobj: 0.5722660528294538
solve--
end solve-- RelaxOptimal OPTIMAL
 weights_sum: 0.9999999999999998
Results saved to /scratch/opt/lxu/TensorOpt4Entanglement_Debug/ab/20260917-180904/state_11_CP/current/state_11.jl_CP
Processing complete!
